"Bureau of Justice Statistics",,,,,,,,,
"filename:  cj99at1.csv",,,,,,,,,
"Appendix table 1.  Jails and inmates, percent of capacity occupied, and inmates per 100,000 population, June 30, 1999 ",,,,,,,,,
"report title:  Census of Jails, 1999  NCJ  186633",,,,,,,,,
"data source:  1999 Census of Jails",,,,,,,,,
"author:  James Stephan",,,,,,,,,
"refer questions to:  askbjs@ojp.usdoj.gov   (202) 307-0765",,,,,,,,,
"date of version:  08/30/01",,,,,,,,,
,,,,,,,,,
"Appendix table 1.  Jails and inmates, percent of capacity occupied, and inmates  ",,,,,,,,,
"per 100,000 population, June 30, 1999",,,,,,,,,
,,,,,,,,,
,,"Number of ","Persons under","Confined ",,,"Percent of  ",,"Under jail super- "
,"Number of ","jail "," jail supervision, ","inmates,  "," Average daily "," Rated  ","rated capacity ",,"vision per 100,000 "
"Region and jurisdiction","jails ","jurisdictions","June 30, 1999","June 30, 1999","population/a ","capacity/b","occupied/c",,"U.S. residentsd"
,,,,,,,,,
"      U.S. total",3376,3084,699182,617152,619046,660361,93,"%",256
,,,,,,,,,
"      Federal",11,1,11209,11209,11068,8040,139,,4
"      State",3365,3083,687973,605943,607978,652321,93,,252
,,,,,,,,,
"  Northeast",227,187,95045,90716,91352,97794,93,"%",202
"    Maine",15,15,1291,1113,1132,1220,91,,104
"    Massachusetts",21,14,11125,10774,11140,9978,108,,180
"    New Hampshire",10,10,1705,1592,1513,1812,88,,142
"    New Jersey",24,21,18349,16830,16543,15349,110,,225
"    New York",81,60,34265,33411,34397,39904,84,,188
"    Pennsylvania",76,67,28310,26996,26627,29531,91,,236
,,,,,,,,,
"  Midwest",977,948,109976,97652,96518,108261,90,"%",174
"    Illinois",93,91,19366,16880,17176,19069,89,,160
"    Indiana",93,92,14270,12787,12014,12553,102,,240
"    Iowa",94,94,3162,2998,2958,3125,96,,110
"    Kansas",97,96,4524,4378,4545,5565,79,,170
"    Michigan",93,83,18679,15629,15770,16661,94,,190
"    Minnesota",78,76,6445,5002,5510,5970,84,,135
"    Missouri",129,126,7490,6940,6941,8924,78,,137
"    Nebraska",65,63,2368,2189,1528,2728,80,,142
"    North Dakota",23,23,668,588,585,918,64,,105
"    Ohio",108,103,18703,16638,16526,17219,97,,167
"    South Dakota",31,30,1100,1064,1200,1623,66,,149
"    Wisconsin",73,71,13201,12559,11765,13906,90,,252
,,,,,,,,,
"  South",1623,1507,321328,284742,285849,308234,92,"%",335
"    Alabama",155,150,11803,11418,11121,11600,98,,269
"    Arkansas",87,86,5398,4832,4864,6122,79,,211
"    Dist. of Col.",1,1,1660,1653,1660,1378,120,,322
"    Florida",108,70,57685,51080,50863,55493,92,,381
"    Georgia",204,201,34861,32835,34039,36213,91,,447
"    Kentucky",82,81,15680,10373,10512,9915,105,,396
"    Louisiana",107,91,26976,25631,25569,27544,93,,615
"    Maryland",29,25,21363,10945,11370,11821,93,,413
"    Mississippi",102,93,9018,8886,8878,9778,91,,325
"    North Carolina",104,97,14315,13279,13413,15456,86,,187
"    Oklahoma",102,100,7100,6743,6700,7663,88,,211
"    South Carolina",52,51,9427,8780,8792,9115,96,,243
"    Tennessee",108,103,20557,19629,20536,21572,91,,374
"    Texas",271,253,61182,57930,56683,66521,87,,304
"    Virginia",82,76,21482,18235,18371,15514,118,,314
"    West Virginia",29,29,2821,2493,2478,2529,99,,156
,,,,,,,,,
"  West",538,441,161624,132833,134259,138032,96,"%",269
"    Alaska",15,15,68,68,67,160,43,,11
"    Arizona",28,17,10737,10320,10620,12629,82,,224
"    California",145,77,94136,77142,77851,75088,103,,284
"    Colorado",61,57,16094,9004,8879,9151,98,,397
"    Idaho",41,39,3102,2809,2586,3203,88,,248
"    Montana",42,42,1550,1521,1432,1791,85,,176
"    Nevada",21,20,5681,4898,5194,5436,90,,313
"    New Mexico",34,34,5439,5217,5518,6258,83,,311
"    Oregon",41,34,7528,6283,6320,7210,87,,227
"    Utah",26,26,4514,4024,4159,5904,68,,211
"    Washington",62,58,11691,10542,10656,10004,105,,203
"    Wyoming",22,22,1084,1005,977,1198,84,,225
,,,,,,,,,
"Note:  Five States -- Connecticut, Delaware, Hawaii, Rhode Island, ",,,,,"b/Rated capacity is the number of beds or inmates assigned ",,,,
"and Vermont had integrated jail/prison systems and were excluded from ",,,,,"by a rating official to facilities within each jurisdiction. ",,,,
"the report.  Except for 15 locally operated jails, Alaska has an integrated",,,,,"c/The number of inmates divided by rated capacity times 100.  ",,,,
"jail/prison system. ",,,,,"d/Based on estimates of the U.S. resident population for  ",,,,
"a/The average daily population is the sum of the number of inmates ",,,,,"July 1, 1999.",,,,
"in a jail each day for a year, divided by 365.  ",,,,,,,,,
