"Bureau of Justice Statistics",,,,,,,,,,,,
"filename:  cj99at3.csv",,,,,,,,,,,,
"Appendix table 3.  Jails under court order or consent decree to limit population  or for specific conditions of confinement, June 30, 1999",,,,,,,,,,,,
"report title:  Census of Jails, 1999  NCJ  186633",,,,,,,,,,,,
"data source:  1999 Census of Jails",,,,,,,,,,,,
"author:  James Stephan",,,,,,,,,,,,
"refer questions to:  askbjs@ojp.usdoj.gov   (202) 307-0765",,,,,,,,,,,,
"date of version:  08/30/01",,,,,,,,,,,,
,,,,,,,,,,,,
"Appendix table 3.  Jails under court order or consent decree to limit population  or for specific conditions of confinement, June 30, 1999",,,,,,,,,,,,
,,,,,,,,,,,,
,"Number of jail jurisdicitons  -",,,,,,,,,,,"Number of inmates "
,,,,,"                                   Under court order or consent decree for                                           Recreational     Medical        Staffing        Visiting          Other  Crowding   facilities           services        p",,,,,,,"in facilities under"
"  Region and","  Reporting data ","Under any court order "," Ordered  to limit ","Under court order for",,"Recreational","Medical","Staffing","Visiting","Other ",,"court order or "
"   jurisdiction",,"or consent decree","population","specific conditions","Crowding","facilities","services","patterns","policies","conditions *",,"consent decree"
"      U.S. total",2849,412,325,264,175,109,102,99,88,794,,186277
,,,,,,,,,,,,
"      Federal",11,0,0,0,0,0,0,0,0,0,,0
"      State",2838,412,325,264,175,109,102,99,88,794,,186277
,,,,,,,,,,,,
"  Northeast",180,23,15,21,16,5,6,5,6,49,,36789
"    Maine",15,2,2,2,2,0,0,0,0,1,,111
"    Massachusetts",14,5,4,5,5,1,0,1,0,2,,5158
"    New Hampshire",10,0,0,0,0,0,0,0,0,0,,0
"    New Jersey",20,3,1,3,2,0,1,0,0,1,,2642
"    New York",57,7,7,5,5,2,3,2,4,24,,19026
"    Pennsylvania",64,6,1,6,2,2,2,2,2,21,,9852
,,,,,,,,,,,,
"  Midwest",872,104,84,57,37,26,20,18,13,146,,16525
"    Illinois",84,13,9,5,3,0,0,1,0,2,,1624
"    Indiana",83,10,9,6,5,2,2,1,0,7,,1531
"    Iowa",91,14,12,7,4,5,1,4,1,17,,400
"    Kansas",89,5,5,1,1,0,0,0,0,0,,65
"    Michigan",78,9,7,5,4,1,1,1,1,7,,3910
"    Minnesota",72,11,11,4,3,3,4,3,4,37,,416
"    Missouri",104,10,7,7,4,3,2,1,2,21,,2433
"    Nebraska",57,5,5,0,0,0,0,0,0,0,,27
"    North Dakota",22,1,1,0,0,0,0,0,0,0,,20
"    Ohio",94,20,14,18,12,9,8,5,3,38,,5014
"    South Dakota",29,1,1,0,0,0,0,0,0,0,,240
"    Wisconsin",69,5,3,4,1,3,2,2,2,17,,845
,,,,,,,,,,,,
"  South",1381,213,169,126,82,57,59,61,55,493,,59774
"    Alabama",136,14,10,10,5,3,3,3,3,27,,1943
"    Arkansas",83,10,9,5,5,2,2,2,1,12,,609
"    Dist. of Col.",1,1,1,1,1,0,1,0,0,3,,1653
"    Florida",68,12,10,9,7,3,3,3,3,30,,17026
"    Georgia",182,24,16,18,12,11,10,9,8,75,,3104
"    Kentucky",72,11,7,9,4,6,5,5,6,48,,2320
"    Louisiana",83,36,33,16,11,11,12,11,11,108,,10793
"    Maryland",25,0,0,0,0,0,0,0,0,0,,0
"    Mississippi",77,13,12,10,9,4,4,6,3,32,,3364
"    North Carolina",89,9,6,5,4,0,1,1,1,5,,738
"    Oklahoma",89,18,13,7,3,2,4,5,4,31,,1851
"    South Carolina",47,5,5,4,2,0,2,1,1,10,,256
"    Tennessee",94,14,11,9,5,5,2,3,4,12,,5741
"    Texas",236,38,32,16,10,6,8,9,6,67,,9315
"    Virginia",76,4,1,3,1,2,1,1,2,22,,724
"    West Virginia",23,4,3,4,3,2,1,2,2,11,,337
,,,,,,,,,,,,
"  West",405,72,57,60,40,21,17,15,14,106,,73189
"    Alaska",8,1,0,1,1,0,0,0,0,1,,2
"    Arizona",14,4,2,4,3,3,3,3,2,17,,7057
"    California",75,23,22,23,19,9,8,5,6,46,,54880
"    Colorado",54,6,3,6,3,2,1,2,2,12,,2431
"    Idaho",38,8,8,4,4,1,0,1,0,2,,224
"    Montana",35,1,1,1,1,0,0,0,0,0,,33
"    Nevada",20,0,0,0,0,0,0,0,0,0,,0
"    New Mexico",31,6,4,4,1,0,1,1,1,9,,1529
"    Oregon",31,13,10,8,5,3,1,0,1,9,,2150
"    Utah",23,1,1,1,1,0,0,0,0,0,,262
"    Washington",54,4,2,4,1,1,3,2,1,6,,4450
"    Wyoming",22,5,4,4,1,2,0,1,1,4,,171
,,,,,,,,,,,,
"Note:  A  total of 245 of the 3,084 jail jurisdictions were unable to provide data on court orders.   Detail may sum to more than total because a jail may report more than one type of court order or consent decree.",,,,,,,,,,,,
"*  Includes policies of food services or nutrition, library services, grievance policies, fire hazards, disciplinary policies,  administrative segregation, religious policies, search policies,",,,,,,,,,,,,
"education or training programs, and counseling programs.",,,,,,,,,,,,
