"Bureau of Justice Statistics",,
"filename:  cj99at15.csv",,
"Appendix table 15.  Number of jail inmates  per employee and per correctional officer,  June 30, 1999",,
"report title:  Census of Jails, 1999  NCJ  186633",,
"data source:  1999 Census of Jails",,
"author:  James Stephan",,
"refer questions to:  askbjs@ojp.usdoj.gov   (202) 307-0765",,
"date of version:  08/30/01",,
,,
"Appendix table 15.  Number of jail inmates  per employee and per correctional officer,  June 30, 1999",,
,,
,"Number of inmates",
,"per employee",
"Region and  jurisdiction","Total  staff","Correctional officers "
,,
"U.S. total",2.9,4.4
,,
"Federal",3.6,6.7
"State",2.9,4.3
,,
"  Northeast",2.2,2.9
"    Maine",1.4,1.8
"    Massachusetts",2.3,3.6
"    New Hampshire",2.9,3.8
"    New Jersey",3,3.7
"    New York",1.5,2
"    Pennsylvania",3.2,4.5
,,
"  Midwest",2.5,4.2
"    Illinois",2.7,8.1
"    Indiana",2.7,5.9
"    Iowa",1.8,2.5
"    Kansas",2.1,3.1
"    Michigan",3.2,4.9
"    Minnesota",1.8,2.8
"    Missouri",2.1,3.2
"    Nebraska",1.8,2.6
"    North Dakota",1.7,2.2
"    Ohio",2.3,3.3
"    South Dakota",2.2,3.1
"    Wisconsin",3.5,4.8
,,
"  South",3.3,4.6
"    Alabama",3.7,5.6
"    Arkansas",2.6,3.5
"    Dist. of Col.",2.4,2.8
"    Florida",3.3,4.6
"    Georgia",3.9,5.3
"    Kentucky",3.7,4.9
"    Louisiana",3.8,6
"    Maryland",2.6,3.6
"    Mississippi",3.8,5.9
"    North Carolina",2.9,4.3
"    Oklahoma",3.3,4.6
"    South Carolina",3.4,4.4
"    Tennessee",3.1,4.4
"    Texas",3.5,4.5
"    Virginia",2.4,3.3
"    West Virginia",3.1,4.3
,,
"  West",3.3,5.7
"    Alaska",0.6,1.8
"    Arizona",3.3,4.7
"    California",3.8,7.2
"    Colorado",2.4,3.2
"    Idaho",3.3,5.7
"    Montana",2,3.2
"    Nevada",2.5,4.2
"    New Mexico",2.9,5.9
"    Oregon",2.6,3.8
"    Utah",3.1,7.3
"    Washington",3.6,5.1
"    Wyoming",2.4,3.4
,,
" Note:  Inmate-to-staff ratios were calculated by dividing  the number of ",,
"confined inmates by the number of  employees on June 30, 1999. ",,
