"Bureau of Justice Statistics",,,
"filename:  cj99t13.csv",,,
"Table 13.  Total jail staff and correctional officers, by gender and race/Hispanic origin, midyear 1999 ",,,
"report title:  Census of Jails, 1999  NCJ  186633",,,
"data source:  1999 Census of Jails",,,
"author:  James Stephan",,,
"refer questions to:  askbjs@ojp.usdoj.gov   (202) 307-0765",,,
"date of version:  08/30/01",,,
,,,
"Table 13.  Total jail staff and  ",,,
"correctional officers, by gender and ",,,
"race/Hispanic origin, midyear 1999",,,
,,,
,"Estimated ",,
"Characteristic","number"," Percent",
,,,
"Total staff",,,
,,,
"      Total",207600,100,"%"
"     ",,,
"Gender",,,
"    Male",136900,66,"%"
"    Female",70700,34,
,,,
"Race/Hispanic origin",,,
"    White, non-Hispanic",125200,66,"%"
"    Black, non-Hispanic",46200,24,
"    Hispanic",14800,8,
"    Other",3500,2,
"    Not reported",17900,,
,,,
"Correctional officers",,,
,,,
"      Total",149600,100,"%"
"     ",,,
"Gender",,,
"    Male",107400,72,"%"
"    Female",42200,28,
,,,
"Race/Hispanic origin",,,
"    White, non-Hispanic",89000,65,"%"
"    Black, non-Hispanic",35400,26,
"    Hispanic",11200,8,
"    Other",1700,1,
"    Not reported",12300,,
,,,
"Note:  Estimates were obtained by summing ",,,
"the item values from jail jurisdictions and then ",,,
"multiplying by a nonresponse adjustment ",,,
"factor.  All estimates were rounded to the ",,,
"nearest 100. See Methodology. ",,,
