"Bureau of Justice Statistics",,,,
"filename:  cj99t8.csv",,,,
"Table 8.  Percent of rated capacity occupied by size of jail facility, midyear 1983, 1988, 1993, and 1999",,,,
"report title:  Census of Jails, 1999  NCJ  186633",,,,
"data source:  1999 Census of Jails",,,,
"author:  James Stephan",,,,
"refer questions to:  askbjs@ojp.usdoj.gov   (202) 307-0765",,,,
"date of version:  08/30/01",,,,
,,,,
"Table 8.  Percent of rated capacity occupied by size  ",,,,
"of jail facility, midyear 1983, 1988, 1993, and 1999",,,,
,,,,
,"Percent of capacity occupied/a",,,
"Size of facility","1983/b","1988/b","1993/b",1999
,,,,
"        Total",85%,101%,97%,93%
"     ",,,,
"Fewer than 50 inmates",52,64,67,71
"50-99",79,88,85,85
"100-499",95,101,94,93
"500-999",99,116,103,93
"1,000 or more inmates",121,126,111,97
,,,,
"a/Based on the average population of the year ending June 30.    ",,,,
"b/May include some persons under supervision who were not confined in ",,,,
"a jail facility, such as those on electronic monitoring, under house arrest, ",,,,
"or in other community supervision programs.",,,,
