"Bureau of Justice Statistics",,,,,,,,,,,,
"filename:  cj99at25.csv",,,,,,,,,,,,
"Appendix table 25.  Number of jail inmates who tested positive for HIV,  by symptom level, June 30, 1999",,,,,,,,,,,,
"report title:  Census of Jails, 1999  NCJ  186633",,,,,,,,,,,,
"data source:  1999 Census of Jails",,,,,,,,,,,,
"author:  James Stephan",,,,,,,,,,,,
"refer questions to:  askbjs@ojp.usdoj.gov   (202) 307-0765",,,,,,,,,,,,
"date of version:  08/30/01",,,,,,,,,,,,
,,,,,,,,,,,,
"Appendix table 25.  Number of jail inmates who tested positive for HIV,  by symptom level, June 30, 1999",,,,,,,,,,,,
,,,,,,,,,,,,
,"Inmates known to be HIV positive ",,,,,,,,,,,
,,,,,"Asymptomatic /b",,,"Symptomatic /c",,,"Confirmed AIDS",
"Region and jurisdiction","Total /a","Male","Female",,"Male","Female",,"Male","Female",,"Male","Female"
,,,,,,,,,,,,
"      U.S. total /a",8693,7022,1671,,3089,812,,1226,325,,2575,533
,,,,,,,,,,,,
"      Federal",76,70,6,,44,3,,1,1,,25,2
"      State",8617,6952,1665,,3045,809,,1225,324,,2550,531
,,,,,,,,,,,,
"  Northeast",3105,2470,635,,1138,347,,425,103,,907,185
"    Maine",25,18,7,,7,2,,1,2,,10,3
"    Massachusetts",426,405,21,,114,4,,176,10,,115,7
"    New Hampshire",11,11,0,,2,0,,6,0,,3,0
"    New Jersey",366,271,95,,126,31,,65,37,,80,27
"    New York",1359,982,377,,648,256,,138,42,,196,79
"    Pennsylvania",918,783,135,,241,54,,39,12,,503,69
,,,,,,,,,,,,
"  Midwest",614,493,121,,214,47,,95,32,,182,41
"    Illinois",250,181,69,,75,27,,51,21,,55,21
"    Indiana",34,30,4,,19,4,,3,0,,8,0
"    Iowa",17,16,1,,6,1,,5,0,,5,0
"    Kansas",27,26,1,,17,1,,3,0,,6,0
"    Michigan",55,48,7,,19,1,,2,1,,27,5
"    Minnesota",13,12,1,,3,1,,1,0,,8,0
"    Missouri",61,50,11,,27,5,,3,1,,20,5
"    Nebraska",8,6,2,,3,1,,0,0,,3,1
"    North Dakota",0,0,0,,0,0,,0,0,,0,0
"    Ohio",86,73,13,,26,4,,6,3,,41,6
"    South Dakota",6,4,2,,4,1,,0,0,,0,1
"    Wisconsin",57,47,10,,15,1,,21,6,,9,2
,,,,,,,,,,,,
"  South",3822,3042,780,,1315,371,,573,144,,1024,265
"    Alabama",86,66,20,,16,4,,3,1,,47,15
"    Arkansas",32,26,6,,8,1,,5,0,,13,5
"    Dist. of Col.",126,105,21,,9,2,,0,0,,96,19
"    Florida",936,730,206,,241,78,,97,33,,262,95
"    Georgia",549,438,111,,185,49,,176,39,,77,23
"    Kentucky",40,34,6,,10,1,,12,3,,12,2
"    Louisiana",311,265,46,,126,21,,62,10,,77,15
"    Maryland",383,277,106,,149,68,,82,27,,46,11
"    Mississippi",108,99,9,,71,6,,12,2,,16,1
"    North Carolina",156,134,22,,67,12,,35,5,,32,5
"    Oklahoma",42,32,10,,11,2,,11,3,,10,5
"    South Carolina",83,71,12,,28,4,,20,2,,23,6
"    Tennessee",301,229,72,,118,39,,16,9,,95,24
"    Texas",333,281,52,,105,21,,29,5,,147,26
"    Virginia",324,245,79,,164,61,,13,5,,68,13
"    West Virginia",12,10,2,,7,2,,0,0,,3,0
,,,,,,,,,,,,
"  West",1076,947,129,,378,44,,132,45,,437,40
"    Alaska",2,2,0,,1,0,,1,0,,0,0
"    Arizona",16,13,3,,6,2,,0,0,,7,1
"    California",693,612,81,,194,28,,48,24,,370,29
"    Colorado",38,33,5,,15,2,,13,3,,5,0
"    Idaho",34,31,3,,15,1,,9,2,,7,0
"    Montana",11,11,0,,7,0,,0,0,,4,0
"    Nevada",20,15,5,,12,4,,1,0,,2,1
"    New Mexico",37,32,5,,13,0,,7,2,,12,3
"    Oregon",30,28,2,,6,2,,12,0,,10,0
"    Utah",6,4,2,,2,0,,1,2,,1,0
"    Washington",168,151,17,,95,1,,40,12,,16,4
"    Wyoming",21,15,6,,12,4,,0,0,,3,2
,,,,,,,,,,,,
" a /The total number of HIV-positive cases may not be equal to the number  of HIV/confirmed AIDS cases because some jail jurisdictions were unable ",,,,,,,,,,,,
"  to determined the types of infection. ",,,,,,,,,,,,
" b /Asymptomatic HIV-infection is defined as testing positive for the HIV antibody but having no HIV-related symptoms.",,,,,,,,,,,,
"c / Symptomatic  HIV-infectionis defined as displaying symptoms associated with HIV infection but without a confirmed AIDS diagnsis.",,,,,,,,,,,,
