"Bureau of Justice Statistics",,,,,,,,
"filename:  cj99at9.csv",,,,,,,,
"Appendix table 9.  Confined jail inmates, by gender, race, and Hispanic origin, June 30, 1999",,,,,,,,
"report title:  Census of Jails, 1999  NCJ  186633",,,,,,,,
"data source:  1999 Census of Jails",,,,,,,,
"author:  James Stephan",,,,,,,,
"refer questions to:  askbjs@ojp.usdoj.gov   (202) 307-0765",,,,,,,,
"date of version:  08/30/01",,,,,,,,
,,,,,,,,
"Appendix table 9.  Confined jail inmates, by gender, race, and Hispanic origin, June 30, 1999",,,,,,,,
,,,,,,,,
,,"Gender /a",,,"Race and Hispanic origina",,,
"Region and jurisdiction","Total","Male","Female",,"Whiteb","Black /b","Hispanic","Other /c"
,,,,,,,,
" National estimate /d",617200,548300,68900,,257500,255100,93600,11000
,,,,,,,,
"      U.S. total",617152,548276,68876,,222314,220167,80795,9494
,,,,,,,,
"      Federal",11209,10455,754,,7080,3559,"/",570
"      State",605943,537821,68122,,215234,216608,80795,8924
,,,,,,,,
"  Northeast",90716,82023,8693,,29029,40140,15978,841
"    Maine",1113,1013,100,,1009,43,37,24
"    Massachusetts",10774,10291,483,,4761,2973,2879,158
"    New Hampshire",1592,1488,104,,1030,156,207,47
"    New Jersey",16830,15053,1777,,3920,9554,3182,78
"    New York",33411,30118,3293,,6912,15144,7114,202
"    Pennsylvania",26996,24060,2936,,11397,12270,2559,332
,,,,,,,,
"  Midwest",97652,86858,10794,,42457,26167,3298,1814
"    Illinois",16880,15167,1713,,3118,2487,415,119
"    Indiana",12787,11692,1095,,6962,3113,327,18
"    Iowa",2998,2668,330,,1525,431,192,55
"    Kansas",4378,3950,428,,2216,910,269,34
"    Michigan",15629,13910,1719,,7125,5763,539,105
"    Minnesota",5002,4505,497,,2576,1201,322,416
"    Missouri",6940,6028,912,,2881,1459,119,33
"    Nebraska",2189,1966,223,,1110,520,354,102
"    North Dakota",588,537,51,,354,16,28,179
"    Ohio",16638,14478,2160,,7882,6726,306,24
"    South Dakota",1064,879,185,,435,22,48,288
"    Wisconsin",12559,11078,1481,,6273,3519,379,441
,,,,,,,,
"  South",284742,252569,32173,,95291,127765,21215,1197
"    Alabama",11418,10227,1191,,3825,5959,179,39
"    Arkansas",4832,4210,622,,2582,1894,248,22
"    Dist. of Col.",1653,1586,67,,57,1525,71,0
"    Florida",51080,44803,6277,,19659,21073,3843,27
"    Georgia",32835,29458,3377,,8059,16749,604,62
"    Kentucky",10373,9331,1042,,6073,2832,165,3
"    Louisiana",25631,22937,2694,,4859,15367,408,221
"    Maryland",10945,9729,1216,,3491,7044,292,48
"    Mississippi",8886,8201,685,,1572,4057,85,20
"    North Carolina",13279,12063,1216,,3028,5740,473,52
"    Oklahoma",6743,5805,938,,3514,2143,245,442
"    South Carolina",8780,7974,806,,2103,5117,108,11
"    Tennessee",19629,16978,2651,,8126,9945,276,16
"    Texas",57930,51057,6873,,20364,17578,13680,133
"    Virginia",18235,16001,2234,,6186,10257,510,97
"    West Virginia",2493,2209,284,,1793,485,28,4
,,,,,,,,
"  West",132833,116371,16462,,48457,22536,40304,5072
"    Alaska",68,65,3,,11,0,3,32
"    Arizona",10320,9018,1302,,4204,1060,2928,399
"    California",77142,67441,9701,,22392,16561,29664,2661
"    Colorado",9004,8028,976,,3162,885,2060,149
"    Idaho",2809,2469,340,,1441,22,376,94
"    Montana",1521,1385,136,,852,29,39,173
"    Nevada",4898,4250,648,,2599,1235,818,183
"    New Mexico",5217,4654,563,,942,356,2058,361
"    Oregon",6283,5449,834,,3782,663,490,134
"    Utah",4024,3516,508,,1655,94,463,97
"    Washington",10542,9206,1336,,6762,1602,1290,715
"    Wyoming",1005,890,115,,655,29,115,74
,,,,,,,,
" Note:  Detail may not sum to total because some jail jurisdictions could not report  on gender or race/Hispanic origin of inmates.  ",,,,,,,,
"The Federal system did not report Hispanic origin. ",,,,,,,,
" /Not reported.",,,,,,,,
"a /Data on race/Hispanic origin were reported for 86% of the confined population.",,,,,,,,
"b/ Excludes Hispanic inmates.",,,,,,,,
"c/ Includes American Indians, Alaska Native, Asians, Native Hawaiians, and other Pacific Islanders.",,,,,,,,
"d/ National estimates were obtained by summing the item values from jail jurisdictions and then multiplying by a nonresponse",,,,,,,,
"adjustment factor. All estimates for inmates were rounded to the nearest 100.  (See Methodology)",,,,,,,,
