"Bureau of Justice Statistics",,,,,,,,,,,,,
"filename:  cj99at32.csv",,,,,,,,,,,,,
"Appendix table 32.  Jails providing counseling or special programs for inmates, June 30, 1999 ",,,,,,,,,,,,,
"report title:  Census of Jails, 1999  NCJ  186633",,,,,,,,,,,,,
"data source:  1999 Census of Jails",,,,,,,,,,,,,
"author:  James Stephan",,,,,,,,,,,,,
"refer questions to:  askbjs@ojp.usdoj.gov   (202) 307-0765",,,,,,,,,,,,,
"date of version:  08/30/01",,,,,,,,,,,,,
,,,,,,,,,,,,,
"Appendix table 32.  Jails providing counseling or special programs for inmates, June 30, 1999 ",,,,,,,,,,,,,
,,,,,,,,,,,,,
,"Jail jurisdictions providing programs in ",,,,,,,,,,,,
,,,,,,"Domestic",,,,,,,"Counseling or"
,"Religious","Alcohol","Drug","Psychological","Life  skills"," violence ","Pretrial","Job- seeking","Parenting","Sex  offender ","Other","No  counseling","program data"
" Region and  jurisdiction","counseling"," counseling /a","counseling /b","counseling /c"," training /d","counseling","services","training","training","treatment","counseling","provided","not reported"
,,,,,,,,,,,,,
"      U.S. total",1961,1725,1529,1307,602,489,469,412,342,253,114,482,284
,,,,,,,,,,,,,
"      Federal",1,1,1,1,1,1,1,1,1,1,1,0,0
"      State",1960,1724,1528,1306,601,488,468,411,341,252,113,482,284
,,,,,,,,,,,,,
"  Northeast",163,173,167,153,119,67,59,86,76,58,11,0,8
"    Maine",15,15,14,12,10,5,6,7,4,2,1,0,0
"    Massachusetts",13,13,13,13,12,12,6,10,7,7,1,0,0
"    New Hampshire",9,9,9,6,6,1,1,4,3,2,0,0,1
"    New Jersey",21,21,21,18,12,5,3,12,8,4,2,0,0
"    New York",50,51,46,47,38,21,23,27,24,9,3,0,5
"    Pennsylvania",55,64,64,57,41,23,20,26,30,34,4,0,2
,,,,,,,,,,,,,
"  Midwest",592,573,501,413,165,158,126,139,90,95,30,143,85
"    Illinois",61,61,49,54,11,14,15,9,9,11,3,10,7
"    Indiana",63,58,48,37,14,4,4,8,5,1,3,6,9
"    Iowa",50,45,42,37,2,21,30,8,2,5,4,14,7
"    Kansas",47,34,33,27,7,9,12,4,5,1,1,32,7
"    Michigan",59,69,61,57,29,17,15,22,17,20,2,4,5
"    Minnesota",63,65,56,33,34,30,11,25,18,21,5,2,4
"    Missouri",49,33,31,23,7,6,11,4,3,3,3,45,25
"    Nebraska",40,46,37,22,5,6,7,8,5,3,1,5,6
"    North Dakota",11,13,10,8,3,4,1,4,3,4,1,5,1
"    Ohio",75,75,70,60,32,23,11,17,13,8,5,10,10
"    South Dakota",15,15,13,10,2,4,2,3,2,0,0,10,1
"    Wisconsin",59,59,51,45,19,20,7,27,8,18,2,0,3
,,,,,,,,,,,,,
"  South",911,682,619,564,192,161,229,111,100,65,49,285,150
"    Alabama",74,50,47,40,5,22,10,2,0,5,5,46,18
"    Arkansas",43,11,11,21,0,2,6,1,1,2,1,25,7
"    Dist. of Col.",0,0,0,1,0,0,0,0,0,0,1,0,0
"    Florida",58,48,47,45,25,21,18,16,20,5,4,3,2
"    Georgia",114,82,77,82,28,31,32,8,9,13,5,41,20
"    Kentucky",56,57,40,31,12,13,43,7,4,4,0,7,9
"    Louisiana",55,46,44,23,6,5,12,6,4,2,4,16,8
"    Maryland",23,24,24,20,11,4,12,7,10,3,1,1,0
"    Mississippi",47,28,21,18,8,2,1,3,0,1,2,23,20
"    North Carolina",48,28,29,33,6,8,17,2,3,4,4,22,10
"    Oklahoma",43,21,18,22,4,4,5,3,1,2,4,35,12
"    South Carolina",31,28,24,22,8,4,4,8,7,0,1,9,6
"    Tennessee",60,43,41,40,12,6,10,9,4,5,7,19,13
"    Texas",176,131,113,97,27,16,36,13,14,10,8,36,18
"    Virginia",67,66,68,57,34,14,22,23,22,7,1,1,0
"    West Virginia",16,19,15,12,6,9,1,3,1,2,1,1,7
,,,,,,,,,,,,,
"  West",294,296,241,176,125,102,54,75,75,34,23,54,41
"    Alaska",3,4,3,2,1,1,3,0,1,1,1,3,7
"    Arizona",13,12,9,10,5,4,6,3,3,1,0,0,4
"    California",61,64,62,42,37,27,9,25,35,5,6,8,2
"    Colorado",38,40,27,25,16,21,8,7,13,6,2,8,3
"    Idaho",23,25,21,9,5,6,2,1,1,4,1,7,2
"    Montana",21,19,13,8,2,5,3,1,1,2,1,6,9
"    Nevada",15,13,11,7,5,7,4,3,2,0,0,5,0
"    New Mexico",23,25,19,17,9,9,3,6,5,3,2,1,3
"    Oregon",22,24,20,15,14,7,4,10,6,4,3,3,3
"    Utah",21,21,17,8,14,5,3,6,2,4,1,0,3
"    Washington",36,32,24,17,14,5,7,10,5,1,4,10,5
"    Wyoming",18,17,15,16,3,5,2,3,1,3,2,3,0
,,,,,,,,,,,,,
" Note.  The number of jail jurisdictions providing counseling or special programs  was greater than the total because some facilities provided more than one type of program. ",,,,,,,,,,,,,
"a /Alcohol dependency, counseling, or awareness. ",,,,,,,,,,,,,
"b /Drug dependency, counseling, or awareness.",,,,,,,,,,,,,
"c / Psychological or psychiatric counseling.",,,,,,,,,,,,,
"d / Includes community adjustment, personal finance, anger management, and conflict resolution counseling.",,,,,,,,,,,,,
