"Bureau of Justice Statistics",,,,
"filename:  cj99t6.csv",,,,
"Table 6.  Conviction status of adult jail inmates, by gender, Census of Jails, 1983, 1988, 1993, and 1999",,,,
"report title:  Census of Jails, 1999  NCJ  186633",,,,
"data source:  1999 Census of Jails",,,,
"author:  James Stephan",,,,
"refer questions to:  askbjs@ojp.usdoj.gov   (202) 307-0765",,,,
"date of version:  08/30/01",,,,
,,,,
"Table 6.  Conviction status of adult jail inmates,  ",,,,
"by gender, Census of Jails, 1983, 1988, 1993, and 1999",,,,
,,,,
,"1983/a",1988,"1993/b","1999/b"
,,,,
"      Total",221815,341893,455500,596500
,,,,
"Convicted",107660,166224,226600,275500
"   Male",100557,151810,203900,244600
"   Female",7103,14414,22700,30900
,,,,
"Unconvicted",113984,175669,228900,321000
"   Male",105459,159784,207600,284400
"   Female",8525,15885,21300,36600
,,,,
"Note:  The number of convicted inmates may be undercounted ",,,,
"because some jail records do not distinguish between inmates  ",,,,
"who are unconvicted and those who are convicted but waiting ",,,,
"to be sentenced.  In the 1996 Survey of Inmates in Local Jails,  ",,,,
"64% were reported as convicted. ",,,,
"a/Detail does not sum to total because of missing data. ",,,,
"b/Data on conviction status by gender were reported for 89%  ",,,,
"of all adult inmates in 1993 and 86% in 1999.  Totals were  ",,,,
"estimated using the distributions from jails with known data,",,,,
"and estimates were rounded to the nearest 100.",,,,
