"Bureau of Justice Statistics",,,,,,
"filename:  cj99at23.csv",,,,,,
"Appendix table 23.  Jail inmates who were suspected of having tuberculosis,  who had a TB-positive skin test, or who had confirmed TB disease, June 30, 1999",,,,,,
"report title:  Census of Jails, 1999  NCJ  186633",,,,,,
"data source:  1999 Census of Jails",,,,,,
"author:  James Stephan",,,,,,
"refer questions to:  askbjs@ojp.usdoj.gov   (202) 307-0765",,,,,,
"date of version:  08/30/01",,,,,,
,,,,,,
"Appendix table 23.  Jail inmates who were suspected of having tuberculosis,  who had a TB-positive skin test, or who had confirmed TB disease, June 30, 1999",,,,,,
,,,,,,
,,,"Confined persons under jail supervision who ",,,
,"Number of inmates",,,"Were ","Had positive","Had con-"
,"in jurisdictions ",,,"suspected to","skin test","firmed TB"
" Region and  jurisdiction","reporting on TB",,"      Total ","have TB","for TB","disease"
,,,,,,
"      U.S. total",391580,,14669,4294,9791,584
,,,,,,
"      Federal",11209,,5,5,0,0
"      State",380371,,14664,4289,9791,584
,,,,,,
"  Northeast",64257,,1724,255,1436,33
"    Maine",236,,7,3,4,0
"    Massachusetts",9519,,210,14,194,2
"    New Hampshire",1053,,40,3,37,0
"    New Jersey",7360,,226,7,218,1
"    New York",25720,,521,78,421,22
"    Pennsylvania",20369,,720,150,562,8
,,,,,,
"  Midwest",44931,,1440,431,934,75
"    Illinois",12630,,343,110,192,41
"    Indiana",5505,,124,74,48,2
"    Iowa",827,,32,15,15,2
"    Kansas",1559,,39,4,31,4
"    Michigan",7454,,112,29,77,6
"    Minnesota",1815,,117,24,91,2
"    Missouri",2687,,103,26,73,4
"    Nebraska",1380,,145,92,47,6
"    North Dakota",203,,8,2,6,0
"    Ohio",4428,,156,21,132,3
"    South Dakota",434,,36,22,11,3
"    Wisconsin",6009,,225,12,211,2
,,,,,,
"  South",179741,,7141,2284,4420,437
"    Alabama",3288,,118,45,64,9
"    Arkansas",880,,20,8,11,1
"    Dist. of Col.",1653,,48,4,44,0
"    Florida",40011,,2319,1373,614,332
"    Georgia",21170,,719,124,583,12
"    Kentucky",3424,,149,70,77,2
"    Louisiana",15218,,618,41,567,10
"    Maryland",8609,,313,11,300,2
"    Mississippi",4653,,259,32,206,21
"    North Carolina",3034,,137,88,42,7
"    Oklahoma",3724,,59,18,34,7
"    South Carolina",4822,,123,31,80,12
"    Tennessee",13392,,364,41,314,9
"    Texas",42089,,1374,295,1068,11
"    Virginia",12733,,492,103,387,2
"    West Virginia",1041,,29,0,29,0
,,,,,,
"  West",91442,,4359,1319,3001,39
"    Alaska",8180,,0,0,0,0
"    Arizona",61109,,114,51,61,2
"    California",4427,,2774,1083,1673,18
"    Colorado",1674,,87,11,75,1
"    Idaho",442,,42,13,26,3
"    Montana",3234,,4,2,2,0
"    Nevada",2222,,69,3,65,1
"    New Mexico",3980,,132,38,92,2
"    Oregon",729,,726,74,647,5
"    Utah",5237,,21,4,11,6
"    Washington",208,,370,35,335,0
"    Wyoming",208,,20,5,14,1
,,,,,,
" Note:  Persons tested prior to June 30, 1999, whose results were pending  at the time of the census ",,,,,,
" were counted as suspected of having TB. ",,,,,,
