"Bureau of Justice Statistics",,,,,,,,,
"filename:  cj99at34.csv",,,,,,,,,
"Appendix table 34.  Jail functions, June 30, 1999 ",,,,,,,,,
"report title:  Census of Jails, 1999  NCJ  186633",,,,,,,,,
"data source:  1999 Census of Jails",,,,,,,,,
"author:  James Stephan",,,,,,,,,
"refer questions to:  askbjs@ojp.usdoj.gov   (202) 307-0765",,,,,,,,,
"date of version:  08/30/01",,,,,,,,,
,,,,,,,,,
"Appendix table 34.  Jail functions, June 30, 1999 ",,,,,,,,,
,,,,,,,,,
,"Jail functions   -",,,,,,,,
,"General",,"Reception, ",,"Alcohol or",,"Work",,
,"population","Boot","diagnosis or ",," drug ","Youthful","release or","Return to","Other"
" Region and  jurisdiction","confinement","camp"," classification","      Hospital"," treatment","offender"," prerelease","custody","function"
,,,,,,,,,
"      U.S. total",2678,22,392,162,156,198,1039,1425,64
,,,,,,,,,
"      Federal",1,0,1,1,1,0,0,1,1
"      State",2677,22,391,161,155,198,1039,1424,63
,,,,,,,,,
"  Northeast",164,2,53,23,22,37,83,122,4
"    Maine",15,0,4,1,2,1,7,8,0
"    Massachusetts",10,1,5,1,2,2,4,5,1
"    New Hampshire",10,0,4,0,0,0,9,8,0
"    New Jersey",18,1,9,6,3,1,12,15,0
"    New York",53,0,13,9,4,22,5,39,2
"    Pennsylvania",58,0,18,6,11,11,46,47,1
,,,,,,,,,
"  Midwest",849,2,104,37,48,55,452,451,11
"    Illinois",84,0,15,8,6,10,54,35,1
"    Indiana",84,0,8,2,7,3,45,35,1
"    Iowa",91,0,7,1,1,6,53,55,0
"    Kansas",88,0,2,2,2,2,34,41,1
"    Michigan",72,1,21,3,9,9,44,53,0
"    Minnesota",70,0,7,1,2,6,53,41,0
"    Missouri",98,0,2,3,1,1,26,57,2
"    Nebraska",57,0,7,0,0,1,26,17,0
"    North Dakota",22,0,0,0,1,3,12,11,1
"    Ohio",88,1,19,11,16,1,34,40,3
"    South Dakota",28,0,2,1,1,8,19,13,1
"    Wisconsin",67,0,14,5,2,5,52,53,1
,,,,,,,,,
"  South",1308,11,164,79,61,70,351,655,32
"    Alabama",131,1,4,1,4,7,23,34,1
"    Arkansas",82,0,4,2,0,6,22,46,1
"    Dist. of Col.",1,0,0,0,0,1,0,1,0
"    Florida",52,0,10,11,2,7,14,24,2
"    Georgia",176,1,12,6,2,3,24,92,5
"    Kentucky",71,0,3,3,4,9,48,44,2
"    Louisiana",72,2,8,5,6,2,9,38,3
"    Maryland",19,1,10,5,4,2,15,11,0
"    Mississippi",69,0,5,3,4,3,5,31,4
"    North Carolina",85,0,7,2,0,11,18,37,3
"    Oklahoma",88,0,9,5,2,9,9,29,2
"    South Carolina",46,0,7,4,5,1,8,20,2
"    Tennessee",91,1,12,5,2,2,28,53,2
"    Texas",228,4,52,14,16,2,72,134,4
"    Virginia",73,1,19,11,9,5,46,48,0
"    West Virginia",24,0,2,2,1,0,10,13,1
,,,,,,,,,
"  West",356,7,70,22,24,36,153,196,16
"    Alaska",8,0,1,1,0,1,1,4,1
"    Arizona",11,1,4,1,0,0,9,6,0
"    California",42,0,12,1,1,1,15,23,5
"    Colorado",51,1,6,3,3,3,33,28,1
"    Idaho",37,1,9,3,0,2,20,22,0
"    Montana",34,0,4,1,3,8,9,20,0
"    Nevada",19,2,6,1,2,0,3,12,2
"    New Mexico",31,0,5,3,3,4,16,15,3
"    Oregon",27,0,2,1,2,1,4,18,0
"    Utah",23,0,6,4,2,1,15,16,1
"    Washington",51,0,8,1,4,4,18,18,0
"    Wyoming",22,2,7,2,4,11,10,14,3
,,,,,,,,,
" Note:  The number of jail jurisdictions providing data on facility functions was greater than the total because some facilities had more than one function.",,,,,,,,,
" A total of 2,702  jail jurisdictions reported multiple functions.  Of these, 2,654 indicated that general adult population",,,,,,,,,
"confinement was the function that applied to the largest number of inmates; 2 indicated that the primary function was a boot camp; 1, reception diagnosis,",,,,,,,,,
"or classification; 5, alcohol or drug treatment; 1, youthful offender confinement; 24 work/prerelease confinement; 9 return-to-custody",,,,,,,,,
"confinement; and 6 with some other function.  373 jurisdictions reported no information on facility functions.",,,,,,,,,
