"Bureau of Justice Statistics",,,,,,,,,,
"filename:  cj99tat31.csv",,,,,,,,,,
"Appendix table 31.  Jails providing educational programs for inmates and number  of inmates participating in educational programs, June 30, 1999 ",,,,,,,,,,
"report title:  Census of Jails, 1999  NCJ  186633",,,,,,,,,,
"data source:  1999 Census of Jails",,,,,,,,,,
"author:  James Stephan",,,,,,,,,,
"refer questions to:  askbjs@ojp.usdoj.gov   (202) 307-0765",,,,,,,,,,
"date of version:  08/30/01",,,,,,,,,,
,,,,,,,,,,
"Appendix table 31.  Jails providing educational programs for inmates and number  of inmates participating in educational programs, June 30, 1999 ",,,,,,,,,,
,,,,,,,,,,
,,,,,,,,,"Number of confined inmates  -",
,"Jail jurisdictions providing educational programs in  -",,,,,,,,"Participating ","In jursidictions"
,"Basic adult ","Secondary ","Special","Vocational","College","Study","No education",,"in educational","reporting"
"Region and  jurisdiction","education","education","education"," training"," courses*"," release","assignments",," programs","data"
,,,,,,,,,,
"      U.S. total",697,1546,304,183,95,261,1118,,47519,582934
,,,,,,,,,,
"      Federal*",1,1,1,1,1,1,0,,1707,11209
"      State",696,1545,303,182,94,260,1118,,45812,571725
,,,,,,,,,,
"  Northeast",124,168,81,38,16,37,4,,9420,89164
"    Maine",12,13,9,4,0,4,0,,239,1113
"    Massachusetts",13,13,10,10,4,3,0,,1614,10774
"    New Hampshire",4,9,8,2,0,1,0,,171,1592
"    New Jersey",13,18,3,5,2,3,3,,544,16830
"    New York",31,52,16,8,6,5,0,,3500,32296
"    Pennsylvania",51,63,35,9,4,21,1,,3352,26559
,,,,,,,,,,
"  Midwest",200,491,83,32,27,125,322,,5410,84637
"    Illinois",15,57,6,1,3,6,21,,233,7624
"    Indiana",16,66,16,2,6,2,15,,649,12159
"    Iowa",6,35,4,0,1,6,53,,322,2888
"    Kansas",8,22,2,1,0,0,68,,90,3918
"    Michigan",30,56,7,6,5,25,14,,1066,14985
"    Minnesota",37,61,15,6,3,24,5,,821,4887
"    Missouri",15,20,3,2,0,6,73,,325,6177
"    Nebraska",16,48,1,0,3,8,5,,169,2137
"    North Dakota",4,9,3,2,3,5,11,,66,583
"    Ohio",26,63,11,6,1,7,27,,904,15883
"    South Dakota",2,6,2,0,0,4,18,,42,1034
"    Wisconsin",25,48,13,6,2,32,12,,723,12362
,,,,,,,,,,
"  South",262,660,87,72,30,53,639,,16665,268425
"    Alabama",15,34,2,2,0,3,95,,373,10413
"    Arkansas",9,32,2,0,0,0,45,,484,4768
"    Dist. of Col.",0,0,0,1,0,0,0,,29,1653
"    Florida",25,50,13,9,2,4,12,,3385,50260
"    Georgia",18,65,5,8,2,0,113,,1326,31504
"    Kentucky",16,60,7,2,2,10,8,,699,9247
"    Louisiana",19,54,6,13,4,1,24,,948,20900
"    Maryland",19,22,5,5,1,8,0,,537,10945
"    Mississippi",12,32,2,1,0,0,42,,467,7866
"    North Carolina",7,17,3,4,1,2,66,,534,11521
"    Oklahoma",1,15,2,1,1,1,73,,127,6251
"    South Carolina",12,15,1,2,1,0,27,,146,7788
"    Tennessee",21,45,7,3,1,0,38,,1225,18943
"    Texas",43,136,16,14,9,7,86,,4648,55905
"    Virginia",38,69,13,6,6,16,3,,1579,18235
"    West Virginia",7,14,3,1,0,1,7,,158,2226
,,,,,,,,,,
"  West",110,226,52,40,21,45,153,,14317,129499
"    Alaska",0,1,0,0,0,0,7,,1,46
"    Arizona",8,9,7,1,0,3,2,,3494,10170
"    California",33,54,19,26,5,13,15,,8195,77001
"    Colorado",7,28,2,1,2,8,23,,401,8877
"    Idaho",6,19,0,0,3,6,17,,70,2557
"    Montana",5,15,3,0,0,2,18,,56,1093
"    Nevada",4,9,2,3,0,0,9,,482,4898
"    New Mexico",5,11,4,2,0,2,17,,489,4732
"    Oregon",9,21,4,0,1,3,10,,171,6187
"    Utah",16,19,4,5,5,3,3,,400,2488
"    Washington",15,23,3,2,2,2,28,,530,10445
"    Wyoming",2,17,4,0,3,3,4,,28,1005
,,,,,,,,,,
" Note.  The number of jail jurisdictions providing educational programs was greater than the total  because some facilities provided more than one type of program.",,,,,,,,,,
"*College courses in the Federal system are by correspondence only.   ",,,,,,,,,,
