"Bureau of Justice Statistics",,,
"filename:  cj99at11.csv",,,
"Appendix table 11.  Average daily fees charged by jails  to house an inmate for other correctional authorities,  June 30, 1999",,,
"report title:  Census of Jails, 1999  NCJ  186633",,,
"data source:  1999 Census of Jails",,,
"author:  James Stephan",,,
"refer questions to:  askbjs@ojp.usdoj.gov   (202) 307-0765",,,
"date of version:  08/30/01",,,
,,,
"Appendix table 11.  Average daily fees charged by jails  to house an inmate for other correctional authorities,  June 30, 1999",,,
,,,
,"Average daily fees charged by jail jurisdictions to  house an inmate for ",,
" Region and jurisdiction","Federal authority","State authority","Other local authority"
,,,
"      U.S. total",$48,$36,$38
,,,
"      Federal","/","/","/"
"      State",$48,$36,$38
,,,
"  Northeast",$66,$53,$63
"    Maine",75,72,69
"    Massachusetts",69,81,65
"    New Hampshire",57,40,45
"    New Jersey",67,58,"/"
"    New York",78,52,78
"    Pennsylvania",54,47,48
,,,
"  Midwest",$49,$43,$43
"    Illinois",45,40,39
"    Indiana",38,35,36
"    Iowa",53,52,52
"    Kansas",38,39,34
"    Michigan",41,35,34
"    Minnesota",57,56,54
"    Missouri",43,29,31
"    Nebraska",48,43,43
"    North Dakota",42,39,35
"    Ohio",64,61,56
"    South Dakota",44,46,42
"    Wisconsin",55,53,44
,,,
"  South",$39,$25,$25
"    Alabama",26,4,11
"    Arkansas",32,25,26
"    Dist. of Col.",70,"   /","       /"
"    Florida",49,47,36
"    Georgia",34,22,27
"    Kentucky",33,25,28
"    Louisiana",35,22,8
"    Maryland",51,49,42
"    Mississippi",29,21,20
"    North Carolina",43,26,27
"    Oklahoma",36,24,21
"    South Carolina",36,35,30
"    Tennessee",39,31,21
"    Texas",40,39,35
"    Virginia",51,17,24
"    West Virginia",43,33,36
,,,
"  West",$54,$48,$48
"    Alaska",105,100,79
"    Arizona",54,42,47
"    California",58,53,53
"    Colorado",49,46,44
"    Idaho",42,39,43
"    Montana",45,47,42
"    Nevada",59,50,38
"    New Mexico",75,73,71
"    Oregon",69,64,63
"    Utah",45,41,35
"    Washington",54,47,50
"    Wyoming",45,41,43
,,,
" /Not reported. ",,,
