"Bureau of Justice Statistics",,,,,,,
"Filename:  sfcis702.csv",,,,,,,
"Table #:  7.2",,,,,,,
"Report title:  State and Federal Corrections Information Systems, NCJ 170016",,,,,,,
"Data source:  1998 Inventory of State and Federal Corrections Information Systems",,,,,,,
"Contact:  Laura Maruschak  (202) 307-5986  email maruscha@ojp.usdoj.gov",,,,,,,
"Date of version:  August  14, 1998",,,,,,,
,,,,,,,
"Table 7.2.  Availability ratings for all core data elements",,,,,,,
,,,,,,,
,,"Number of data elements",,,,,
,,"In electronic format for--",,,,,
,"Percent","More than","Less than",,,,
,"of full","75% of","75% of","In paper","Not",,
"Department","capacity","offenders","offenders","format","collected","Missing","Unknown"
"Data about released offenders are within the scope of the information system",,,,,,,
"Colorado",100,100,0,0,0,0,0
"North Carolina",99,99,0,0,1,0,0
"Arizona",98,98,0,1,1,0,0
"Iowa",96,94,0,6,0,0,0
"Missouri",95,95,0,0,5,0,0
"Alabama",92,91,1,2,6,0,0
"Florida",91,91,0,1,7,1,0
"Texas",90,89,0,3,8,0,0
"Utah",85,80,2,11,1,6,0
"Tennessee",83,82,2,0,16,0,0
"Illinois",82,79,4,2,15,0,0
"Ohio",79,56,34,0,5,4,1
"Indiana",77,72,0,16,12,0,0
"South Carolina",77,67,15,0,18,0,0
"South Dakota",76,75,1,0,15,9,0
"Kentucky",74,66,1,22,11,0,0
"Oklahoma",74,67,4,13,16,0,0
"New York",74,73,1,1,24,1,0
"Montana",74,73,0,2,24,1,0
"Louisiana",73,70,4,0,25,0,1
"Wisconsin",73,71,3,0,26,0,0
"Washington",73,68,7,0,25,0,0
"Oregon",70,69,2,0,29,0,0
"California",69,64,0,16,19,1,0
"Virginia",69,58,4,24,10,4,0
"Massachusetts",68,56,11,14,19,0,0
"North Dakota",68,66,0,6,28,0,0
"Kansas",64,58,9,1,32,0,0
"Wyoming",62,49,1,37,12,1,0
"Arkansas",60,54,9,0,36,1,0
"Mississippi",60,47,4,30,6,13,0
"Michigan",57,56,1,0,42,1,0
"Delaware",54,42,0,37,15,6,0
"Minnesota",53,51,3,1,45,0,0
"Idaho",52,45,9,3,43,0,0
"Nebraska",50,48,0,5,47,0,0
"Vermont",45,35,6,19,39,1,0
"New Mexico",43,39,5,1,54,1,0
"District of Columbia",33,32,2,0,66,0,0
"Alaska",24,14,13,0,64,5,4
"Data about released offenders are outside the scope of the information system",,,,,,,
"Federal Bureau of Prisons",94,72,0,3,3,0,0
"Georgia",86,62,6,4,6,0,0
"Rhode Island",85,65,0,3,9,1,0
"New Hampshire",80,56,1,17,4,0,0
"New Jersey",78,55,2,13,8,0,0
"Pennsylvania",73,51,3,12,12,0,0
"Maine",73,51,4,9,13,1,0
"Nevada",69,47,9,2,12,8,0
"Connecticut",68,50,5,0,23,0,0
"West Virginia",65,47,5,0,26,0,0
"Maryland",62,41,3,17,17,0,0
"Hawaii",60,41,9,0,28,0,0
