"Bureau of Justice Statistics",,,,
"Filename:  sfcis705.csv",,,,
"Table #:  7.5",,,,
"Report title:  State and Federal Corrections Information Systems, NCJ 170016",,,,
"Data source:  1998 Inventory of State and Federal Corrections Information Systems",,,,
"Contact:  Laura Maruschak  (202) 307-5986  email maruscha@ojp.usdoj.gov",,,,
"Date of version:  August  14, 1998",,,,
,,,,
"Table 7.5.  High-availability data elements in and out of core dimensions of the committing",,,,
"offenders stage",,,,
,,,,
"High-availability data elements in the core",,,"High-availability data elements not in the core",
"Collected by 26 or more ","Collected by fewer",,"Collected by 26 or more","Collected by fewer         "
"departments","than 26 departments",,"departments","than 26 departments"
,,,,
"Conviction offenses",,,"Criminal incident",
"Number of offenses","Charges in indictment",,,"Date of incident"
"Type of offense",,,,"Location of incident"
"Title/section penal code",,,,"Number of victims"
"Written description",,,,"Sex of victim"
"Charges on commitment",,,,"Race of victim"
"Severity of offense",,,,"Age of victim"
,,,,"If victim knew offender"
"Sentences imposed",,,,"Relationship to victim"
"Co. of sentencing court ","Reason for mandatory ",,,"Weapon involved "
"Sentencing judge","Monetary sanctions",,,"Type of weapon"
"Date of sentencing","Amount of sanctions",,,"Victim injury information"
"No. of sentences ",,,,"Extent of prop. damage"
"Concurrent/consecutive",,,,"Amount of restitution"
"Tot length of sentences",,,,"Address of victim"
"Length of each sentence",,,,
"Mandatory minimum",,,"Criminal history",
"Split or mixed",,,"Criminal justice status","Record of prior offenses"
"Length of supervision",,,,"Severity level of priors"
,,,,"Number of prior arrests"
"Current commitments",,,,"Number prior convictions"
"Type of commitment",,,,"Date of prior arrests"
"Date of commitment "," ",,,"Date of prior convictions"
"Release authority/agency",,,,"Habitual offender"
,,,,
"Expected time to be served",,,"Needs assessment",
"Expected date of release ",,,"Type of need","Psychological history"
"Expected parole date ",,,"Medical condition","Prior programs"
"Date sentence expiration",,,,"Tested for drug use"
,,,,"Results of drug tests"
"Risk assessment",,,,
"History of violence","Weapon used",,,
"History of escape/AWOL ","Gang membership ",,,
,,,,
"Classification decisions",,,,
"Security level ","Psychological index ",,,
"Agency making decision ","Medical  index or score",,,
"Initial classification date",,,,
"Classification index",,,,
"Risk assessment index ",,,,
"Reason for class change ",,,,
"Date of class change",,,,
,,,,
"Confinement characteristics",,,,
"Type of facility ",,,,
"Type of housing unit ",,,,
"Special unit ",,,,
