"Bureau of Justice Statistics",,,,
"Filename:  sfcis703.csv",,,,
"Table #:  7.3",,,,
"Report title:  State and Federal Corrections Information Systems, NCJ 170016",,,,
"Data source:  1998 Inventory of State and Federal Corrections Information Systems",,,,
"Contact:  Laura Maruschak  (202) 307-5986  email maruscha@ojp.usdoj.gov",,,,
"Date of version:  August  14, 1998",,,,
,,,,
"Table 7.3.  Percent of full availability for core data elements for each stage",,,,
"of corrections processing",,,,
,,,,
,"Stage of corrections processing",,,
,"Profiling","Committing","Managing","Supervising"
"Department","offenders","offenders","offenders","offenders"
"Data about released offenders are within the scope of the information system",,,,
"Alabama",79,94,92,95
"Alaska",52,25,19,14
"Arizona",100,98,96,100
"Arkansas",52,67,60,52
"California",82,74,48,79
"Colorado",100,100,100,100
"Delaware",73,55,59,39
"District of Columbia",73,46,24,0
"Florida",82,98,80,95
"Idaho",73,54,43,48
"Illinois",91,79,73,95
"Indiana",85,77,75,77
"Iowa",100,95,92,100
"Kansas",82,76,47,53
"Kentucky",48,80,65,85
"Louisiana",67,82,57,77
"Massachusetts",94,71,81,35
"Michigan",45,55,67,55
"Minnesota",58,62,45,44
"Mississippi",48,74,49,50
"Missouri",100,98,88,95
"Montana",100,74,39,100
"Nebraska",73,47,48,45
"New Mexico",64,43,27,50
"New York",79,67,60,100
"North Carolina",100,100,96,100
"North Dakota",91,67,60,68
"Ohio",61,82,100,59
"Oklahoma",76,71,80,71
"Oregon",70,83,56,64
"South Carolina",97,84,91,38
"South Dakota",79,83,80,55
"Tennessee",82,91,56,100
"Texas",82,89,92,94
"Utah",88,93,57,100
"Vermont",61,58,33,27
"Virginia",82,75,65,55
"Washington",91,81,76,44
"Wisconsin",64,75,77,68
"Wyoming",94,65,68,33
"Data about released offenders are outside the scope of the information system",,,,
"Federal Bureau of Prisons",100,94,89,"N/A"
"Connecticut",64,82,48,"N/A"
"Georgia",76,87,89,"N/A"
"Hawaii",82,69,36,"N/A"
"Maine",85,67,76,"N/A"
"Maryland",48,68,59,"N/A"
"Nevada",82,71,59,"N/A"
"New Hampshire",94,77,79,"N/A"
"New Jersey",88,80,69,"N/A"
"Pennsylvania",100,72,63,"N/A"
"Rhode Island",100,78,89,"N/A"
"West Virginia",97,58,61,"N/A"
