"Bureau of Justice Statistics",,,,
"Filename:  sfcis707.csv",,,,
"Table #:  7.7",,,,
"Report title:  State and Federal Corrections Information Systems, NCJ 170016",,,,
"Data source:  1998 Inventory of State and Federal Corrections Information Systems",,,,
"Contact:  Laura Maruschak  (202) 307-5986  email maruscha@ojp.usdoj.gov",,,,
"Date of version:  August  14, 1998",,,,
,,,,
,,,,
"Table 7.7.  High-availability data elements in and out of core dimensions of the supervising",,,,
"offenders stage",,,,
,,,,
"High-availability data elements in the core",,,"High-availability data elements not in the core",
"Collected by 19 or  ","Collected by fewer  ",,"Collected by 19 or     ","Collected by fewer  "
"more departments","than 19 departments",,"more departments","than 19 departments"
,,,,
"Behavior on supervision",,,"Employment and residence information",
"Type of supervision","Type technical violation",,"Address of offender","Offender had job"
"Supervision terminated",,,,"Type employment"
"Length of supervision",,,,"Date employment began"
"Date supervision compltd",,,,"Employer notified "
"Type crime committed",,,,"Residence status "
"Administrative closure",,,,"Living arrangements "
"Absconded on release",,,,
"Date of tech violation",,,"Information about new crimes committed on release",
"Date of admin closure",,,"Offender under supervsn","Date of incident"
"Date offender absconded",,,"Type of offense","Location of incident"
,,,,"Number of victims"
"Responses to violations of conditions of supervision",,,,"If victim impact statement"
"If offender arrested ","If offender adjudicated",,,"Extent of prop damage"
"If offender convicted ","Date offender arrested",,,"Restitution due victim"
"If offender sentenced","Date adjudicated",,,
"Date sentenced",,,"Information about victims of new crimes",
"Change of release status",,,,"Sex of victim"
"Date convicted ",,,,"Race of victim"
"Date returned to prison",,,,"Age of victim"
,,,,"If victim was a child"
,,,,"If victim knew offender"
,,,,"Relationship to offender"
,,,,"Address of victim"
,,,,
"Note:  Forty departments collect data elements on offenders while they are under supervision; 38 collect ",,,,
"detailed data elements about criminal incidents committed by offenders while on release.",,,,
