Bureau of Justice Statistics,,,,,,,,,,
Filename: svraca0708at19.csv,,,,,,,,,,
"Appendix Table 19: Allegations of inmate-on-inmate sexual victimization reported by federal and state prison authorities, by year and type of victimization, 2007�2008",,,,,,,,,,
"Report title: Sexual Victimization Reported by Adult Correctional Authorities, 2007-2008 NCJ 231172",,,,,,,,,,
"Data source: Survey of Sexual Violence, 2007-2008",,,,,,,,,,
Author(s): Paul Guerino and Allen J. Beck,,,,,,,,,,
Refer questions to: askbjs@usdoj.gov 202-307-0765,,,,,,,,,,
Date of version: 01/26/2011,,,,,,,,,,
 ,,,,,,,,,,
"Appendix Table 19. Allegations of inmate-on-inmate sexual victimization reported by federal and state prison authorities, by year and type of victimization, 2007�2008",,,,,,,,,,
,,,2008,,,,2007,,,
,,,Reported inmate-on-inmate nonconsensual sexual acts,,Reported inmate-on-inmate abusive sexual contacts,,Reported inmate-on-inmate nonconsensual sexual acts,,Reported inmate-on-inmate abusive sexual contacts,
Jurisdiction,,"Prisoners in custody, 6/30/2008/a",Allegations,Substantiated,Allegations,Substantiated,Allegations,Substantiated,Allegations,Substantiated
,Total,"1,405,074","1,577",136,"1,105",193,"1,683",168,907,154
Federal,,"165,690",74,1,30,2,19,0,9,0
State,,,,,,,,,,
,Alabama/b,"24,861",47,1,4,0,11,0,/,/
,"Alaska/b,c","3,796",0,0,/,/,0,0,/,/
,Arizona,"31,345",58,1,19,1,63,0,26,1
,Arkansas,"13,235",5,2,11,5,13,5,10,4
,California,"169,532",113,4,31,7,117,6,12,2
,Colorado,"17,720",31,7,13,2,50,13,34,6
,Connecticut,"20,590",27,2,22,0,22,2,16,0
,Delaware,"7,200",1,0,0,0,4,0,2,0
,Florida,"89,102",148,0,31,0,171,0,31,0
,"Georgia/b,c","48,870",68,0,/,/,70,1,/,/
,Hawaii/c,"3,398",6,1,/,/,1,1,0,0
,Idaho,"5,387",2,2,3,2,1,1,5,5
,Illinois,"45,548",17,2,2,0,29,2,7,1
,Indiana,"23,762",25,2,13,0,19,1,11,1
,Iowa,"8,740",26,7,58,16,31,10,58,16
,Kansas,"8,653",31,1,21,3,28,1,18,2
,Kentucky,"12,846",15,5,7,1,10,3,6,0
,Louisiana,"20,929",39,8,14,1,21,1,4,0
,Maine,"2,163",1,1,4,4,1,0,5,4
,Maryland/c,"22,956",21,1,/,/,17,1,0,0
,Massachusetts,"11,346",23,12,32,16,18,8,21,5
,Michigand,"50,482",22,7,30,18,21,3,29,22
,Minnesota,"7,820",23,1,2,0,17,0,9,2
,"Mississippi/b,e","12,899",5,0,0,0,7,0,/,/
,Missouri,"30,004",45,2,11,2,37,3,14,5
,Montana,"1,629",36,4,8,6,18,6,5,1
,Nebraska,"4,478",5,0,9,4,5,1,10,2
,Nevada,"13,006",16,1,15,3,34,0,10,0
,New Hampshire/b,"2,890",7,0,2,0,29,0,/,/
,New Jersey,"22,605",5,0,8,1,13,1,2,0
,New Mexico,"3,446",4,0,1,0,0,0,0,0
,New York,"62,019",23,1,18,3,37,6,24,7
,North Carolina,"39,326",58,5,35,7,38,13,47,3
,North Dakota,"1,425",0,0,3,1,3,1,3,3
,Ohio,"48,230",64,16,22,9,67,12,25,15
,Oklahoma,"18,034",28,0,9,2,46,3,1,0
,Oregon,"13,499",17,0,7,2,20,4,2,0
,Pennsylvania,"44,957",33,8,23,4,42,6,9,2
,Rhode Island,"3,890",6,2,8,7,3,0,7,4
,South Carolina/f,"24,492",2,2,1,1,0,0,0,0
,South Dakota,"3,320",5,0,4,1,5,1,7,2
,Tennessee,"14,357",20,0,9,4,35,3,6,1
,Texas,"140,054",210,2,416,4,261,3,327,3
,Utah,"5,153",15,3,24,3,8,3,27,0
,Vermont,"1,579",20,7,39,29,20,6,27,17
,Virginia,"32,195",38,2,15,4,25,3,1,1
,Washington,"17,055",45,10,17,4,110,22,14,6
,West Virginia,"4,959",2,1,7,4,2,2,0,0
,Wisconsin,"22,378",36,0,43,10,51,5,23,9
,Wyoming,"1,224",9,2,4,0,13,5,3,2
/Not reported.,,,,,,,,,,
"a/Excludes inmates in privately-operated facilities and facilities operated and administered by local governments. Counts were based on National Prisoners  Statistics (NPS-1A), 2008.",,,,,,,,,,
b/Allegations of abusive sexual contacts could not be counted separately from allegations of nonconsensual sexual acts in 2007.,,,,,,,,,,
c/Allegations of abusive sexual contacts could not be counted separately from allegations of nonconsensual sexual acts in 2008.,,,,,,,,,,
d/Counts of nonconsensual sexual acts limited to completed acts only in 2008.,,,,,,,,,,
e/Counts of nonconsensual sexual acts limited to completed acts only in 2007.,,,,,,,,,,
f/Counts of nonconsensual sexual acts limited to substantiated incidents only in 2007 and 2008.,,,,,,,,,,
,,,,,,,,,,
,,,,,,,,,,
,,,,,,,,,,
,,,,,,,,,,
,,,,,,,,,,
,,,,,,,,,,
,,,,,,,,,,
