Bureau of Justice Statistics,,,,,,,,,,,,
Filename: svraca0708at23.csv,,,,,,,,,,,,
"Appendix Table 23: Allegations of staff-on-inmate sexual victimization reported by local jail authorities, by year and type of victimization, 2007-2008",,,,,,,,,,,,
"Report title: Sexual Victimization Reported by Adult Correctional Authorities, 2007-2008 NCJ 231172",,,,,,,,,,,,
"Data source: Survey of Sexual Violence, 2007-2008",,,,,,,,,,,,
Author(s): Paul Guerino and Allen J. Beck,,,,,,,,,,,,
Refer questions to: askbjs@usdoj.gov 202-307-0765,,,,,,,,,,,,
Date of version: 01/26/2011,,,,,,,,,,,,
 ,,,,,,,,,,,,
"Appendix Table 23. Allegations of staff-on-inmate sexual victimization reported by local jail authorities, by year and type of victimization, 2007-2008",,,,,,,,,,,,
,,2008,,,,,,2007,,,,
,,,Reported staff-on-inmate sexual misconduct,,Reported staff-on-inmate sexual harassment,,,,Reported staff-on-inmate sexual misconduct,,Reported staff-on-inmate sexual harassment,
Jurisdiction and facility,,Average daily population,Allegations,Substantiated,Allegations,Substantiated,,Average daily population,Allegations,Substantiated,Allegations,Substantiated
,Total,/,239,38,87,9,,/,256,73,79,15
Alabama,,,,,,,,,,,,
,"Calhoun Co.a,b",343,0,0,/,/,,400,1,1,/,/
,Cullman Co.c,~,~,~,~,~,,"5,109",1,1,0,0
,"Jefferson Co.a,b","1,099",0,0,/,/,,"1,212",2,0,/,/
,Lee Co. Det. Ctr.,338,0,0,0,0,,321,1,1,0,0
,Morgan Co. & Annex,~,~,~,~,~,,270,1,1,0,0
Arizona,,,,,,,,,,,,
,"Maricopa Co.a,b","9,249",3,2,/,/,,"9,241",0,0,/,/
,Pima Co. Adult Det. Ctr.,"1,921",1,0,1,1,,"1,891",1,0,0,0
,Pinal Co.,"1,229",1,1,0,0,,904,0,0,0,0
Arkansas,,,,,,,,,,,,
,Faulkner Co. Det. Ctr.,373,1,0,0,0,,325,0,0,0,0
,Pulaski Co. Reg. Jail,"1,129",1,1,0,0,,932,0,0,0,0
California,,,,,,,,,,,,
,Contra Costa Co.,"1,612",0,0,0,0,,"1,600",1,1,0,0
,Fresno Co.,"2,961",2,2,1,0,,"2,861",0,0,0,0
,Humboldt Co.a,~,~,~,~,~,,371,1,0,/,/
,Imperial Co.,502,0,0,0,0,,489,3,1,0,0
,Kern Co.,"2,260",1,0,0,0,,"2,392",0,0,0,0
,Los Angeles Co.-Custody Support Svs.b,"19,569",1,0,/,/,,"19,374",2,1,0,0
,Riverside Co.,"3,481",1,0,0,0,,"3,521",1,1,0,0
,San Bernardino Co. West Valley Det. Ctr.,"5,500",4,2,0,0,,"5,814",0,0,0,0
,San Diego Co.,"5,184",4,0,0,0,,"5,072",0,0,1,0
,San Francisco City & Co.,"2,086",2,0,0,0,,"2,011",0,0,1,0
,"San Joaquin Co.a,b","1,500",2,1,/,/,,"1,566",0,0,/,/
,Santa Clara Co.a,"4,610",3,2,0,0,,"4,640",0,0,/,/
Colorado,,,,,,,,,,,,
,Arapahoe Co.,"1,171",0,0,0,0,,"1,352",0,0,1,0
,Bent Co.a,~,~,~,~,~,,22,2,1,/,/
,El Paso Co.,"1,538",0,0,0,0,,"1,522",1,0,0,0
,Jefferson Co.,"1,182",0,0,2,0,,"1,302",0,0,0,0
,Larimer Co. Det. Ctr.,463,1,0,0,0,,537,0,0,1,0
,Weld Co.,690,2,1,0,0,,~,~,~,~,~
District of Columbia,,,,,,,,,,,,
,D.C. Dept. of Corr.,"1,911",0,0,0,0,,"1,949",4,0,1,0
Florida,,,,,,,,,,,,
,"Alachua Co.a,b",910,1,0,/,/,,"1,079",1,1,/,/
,Brevard Co. Det. Ctr.,"1,812",1,0,0,0,,"1,797",0,0,0,0
,Broward Co.,"5,364",6,0,6,0,,"5,305",5,1,2,0
,Collier Co.,"1,138",4,1,0,0,,"1,224",1,1,0,0
,Highlands Co.,459,1,0,0,0,,~,~,~,~,~
,Lee Co.,"2,218",0,0,0,0,,"2,199",1,0,0,0
,Manatee Co.,"1,294",0,0,0,0,,"1,423",2,0,0,0
,Marion Co.,"1,832",0,0,0,0,,"2,007",1,0,0,0
,Miami-Dade Co. Corr. & Rehab.,"7,013",6,0,4,1,,"6,975",0,0,4,0
,Palm Beach Co.,"2,980",0,0,0,0,,"2,555",1,1,0,0
,Polk Co.,"2,374",1,1,0,0,,"2,466",2,2,2,2
,Volusia Co.,"1,383",1,0,0,0,,"1,533",0,0,0,0
Georgia,,,,,,,,,,,,
,Cherokee Co.,549,1,0,0,0,,~,~,~,~,~
,Clayton Co.,"1,751",0,0,0,0,,"1,721",1,1,3,3
,"Fulton Co.a,b","2,846",0,0,/,/,,"2,834",1,0,/,/
,Gwinnett Co.,"2,691",1,0,1,0,,"2,478",2,0,0,0
Georgia (continued),,,,,,,,,,,,
,Muscogee Co.,565,3,0,1,1,,~,~,~,~,~
,Spalding Co.,~,~,~,~,~,,459,1,0,0,0
,Walton Co.,419,0,0,0,0,,371,1,1,0,0
Idaho,,,,,,,,,,,,
,Ada Co.,980,0,0,0,0,,920,0,0,2,0
Illinois,,,,,,,,,,,,
,Cook Co. - Dept. of Corr.,"9,355",2,1,0,0,,"9,600",1,1,0,0
,Du Page Co.,841,1,0,0,0,,820,0,0,0,0
,Edgar Co.,~,~,~,~,~,,4,1,0,0,0
,Peoria Co.,499,0,0,0,0,,445,1,0,0,0
,Winnebago Co.e,758,1,0,0,0,,665,0,0,0,0
Indiana,,,,,,,,,,,,
,"Porter Co.a,b",467,1,1,/,/,,467,0,0,/,/
,Vigo Co.,290,2,1,0,0,,~,~,~,~,~
,Wells Co.,91,1,0,0,0,,93,0,0,0,0
Iowa,,,,,,,,,,,,
,Polk Co.,648,0,0,2,0,,~,~,~,~,~
Kansas,,,,,,,,,,,,
,Allen Co.,~,~,~,~,~,,53,2,2,0,0
,Sedgwick Co.,"1,553",0,0,1,0,,"1,522",4,1,0,0
,Shawnee Co. Adult Det. Division,~,~,~,~,~,,475,2,0,1,1
Kentucky,,,,,,,,,,,,
,Daviess Co. Det. Ctr.,~,~,~,~,~,,614,1,0,0,0
,Franklin Co. Reg. Jail,~,~,~,~,~,,319,2,0,0,0
,"Henderson Co. Det. Ctr.d,e",547,2,1,/,/,,496,0,0,2,0
,Lexington-Fayette Co. Det. Div.d,"1,237",5,0,/,/,,"1,252",3,3,0,0
,Louisville Metropolitan Dept. of Corr.b,"1,902",3,1,/,/,,"1,810",1,1,4,0
Louisiana,,,,,,,,,,,,
,Beauregard Parish Jail,~,~,~,~,~,,168,2,2,0,0
,Caddo Parish Corr. Ctr.,"1,400",0,0,0,0,,"1,450",3,0,0,0
,Claiborne Det. Ctr.,525,3,1,0,0,,~,~,~,~,~
,Lafayette Parish Jail,~,~,~,~,~,,"1,090",1,1,1,1
,West Baton Rouge Parish,~,~,~,~,~,,250,1,0,0,0
Maine,,,,,,,,,,,,
,Cumberland Co.,402,1,0,0,0,,462,1,0,0,0
,Two Bridges Reg. Jail,~,~,~,~,~,,"9,464",1,1,0,0
Maryland,,,,,,,,,,,,
,Anne Arundel Co.a,"1,128",0,0,0,0,,"1,123",4,0,/,/
,Baltimore Co. Bureau of Corr.,"1,360",0,0,1,0,,"1,356",0,0,0,0
,Caroline Co.,~,~,~,~,~,,100,1,0,0,0
,Carroll Co. Det. Ctr.,271,0,0,0,0,,283,3,0,0,0
,Montgomery Co.,~,~,~,~,~,,998,2,1,1,0
,Wicomico Co. Det. Ctr.a,492,1,1,0,0,,628,1,0,/,/
Massachusetts,,,,,,,,,,,,
,Barnstable Co. Jail & House of Corr.,416,1,0,0,0,,440,0,0,2,0
,Bristol Co.,"1,483",4,0,1,0,,"1,472",1,0,0,0
,Essex Co. Corr. Fac.,"1,624",2,0,0,0,,"1,631",0,0,0,0
,Hampden Co.,"1,911",0,0,0,0,,"2,138",1,0,1,0
,Middlesex Co. Jail & House of Corr.,"1,294",0,0,0,0,,"1,326",1,0,1,0
,Suffolk Co.,711,1,0,0,0,,698,0,0,0,0
,Suffolk Co. House of Corr.,"1,733",1,1,0,0,,"1,685",1,0,0,0
,Worcester Co. Jail & House of Corr.b,"1,282",1,0,/,/,,"1,415",0,0,0,0
Michigan,,,,,,,,,,,,
,Berrien Co.,363,1,0,0,0,,388,0,0,0,0
,Macomb Co.,"1,361",0,0,0,0,,"1,398",1,1,0,0
,Oakland Co.,"1,814",1,0,0,0,,"1,961",0,0,0,0
Minnesota,,,,,,,,,,,,
,"Sherburne Co.b,c",566,0,0,/,/,,581,1,0,1,0
Mississippi,,,,,,,,,,,,
Missouri,,,,,,,,,,,,
,Bates Co. Sheriff & Jail,~,~,~,~,~,,104,1,0,0,0
,Kansas City Corr. Inst.,148,8,0,0,0,,~,~,~,~,~
,Pulaski Co.,~,~,~,~,~,,30,1,0,0,0
,St. Clair Co.,~,~,~,~,~,,118,1,1,0,0
,St. Louis City,"1,672",1,0,18,0,,"1,200",0,0,0,0
,St. Louis Co. - Dept. of Justice Services,"1,186",2,1,0,0,,~,~,~,~,~
Montana,,,,,,,,,,,,
,Gallatin Co. Det. Ctr.,81,5,0,0,0,,~,~,~,~,~
Nebraska,,,,,,,,,,,,
,Sarpy Co.,~,~,~,~,~,,153,1,0,0,0
Nevada,,,,,,,,,,,,
,Clark Co. Det. Ctr.,"3,061",3,0,0,0,,"3,745",4,0,0,0
,Washoe Co. Det. Ctr.,"1,048",3,0,0,0,,"1,200",0,0,0,0
,Las Vegas City Det. Ctr.,820,0,0,0,0,,100,1,0,0,0
New Hampshire,,,,,,,,,,,,
,Carroll Co. House of Corr. & Jail,~,~,~,~,~,,88,0,0,2,0
,Strafford Co.,~,~,~,~,~,,405,1,1,0,0
New Jersey,,,,,,,,,,,,
,Atlantic Co. Jail - Dept. of Public Safetya,914,1,0,0,0,,909,2,0,/,/
,Essex Co. Corr. Fac.,"2,332",1,0,0,0,,"3,028",0,0,0,0
,Hudson Co. Corr. Fac.,"1,885",1,0,0,0,,"1,946",1,0,0,0
,Hunterdon Co.b,102,1,0,/,/,,~,~,~,~,~
,Mercer Co. Corr. Ctr.b,995,3,3,/,/,,~,~,~,~,~
,Middlesex Co. Adult Corr. Ctr.a,"1,204",1,0,0,0,,980,0,0,/,/
,Monmouth Co. Corr. Inst.,977,1,0,1,0,,"1,209",0,0,0,0
,Morris Co. Corr. Fac.,327,1,0,0,0,,308,0,0,0,0
,Passaic Co.a,"1,509",1,0,0,0,,"1,912",0,0,/,/
,Union Co.,"8,085",0,0,1,0,,"1,070",0,0,0,0
New Mexico,,,,,,,,,,,,
,Bernalillo Co./City Det. Ctr.,"5,483",1,0,0,0,,"2,613",5,3,0,0
,Gallup-Mckinley Adult Det. Ctr.,328,3,0,0,0,,~,~,~,~,~
New York,,,,,,,,,,,,
,Nassau Co. Corr. Ctr.,"1,607",1,0,0,0,,"1,716",2,0,1,0
,New York City,"13,546",28,0,11,0,,"14,064",18,0,10,0
,Ontario Co.c,~,~,~,~,~,,214,1,0,0,0
,Rensselaer Co.,~,~,~,~,~,,282,1,0,0,0
,Suffolk Co.,"1,695",1,0,1,0,,"1,752",0,0,0,0
,Westchester Co.,"1,478",2,0,0,0,,"1,465",1,0,0,0
North Carolina,,,,,,,,,,,,
,Durham Co.a,~,~,~,~,~,,618,1,0,/,/
,Mecklenburg Co.b,"2,578",1,0,/,/,,"2,585",4,0,2,1
North Dakota,,,,,,,,,,,,
,Cass Co.,198,0,0,0,0,,175,2,0,0,0
Ohio,,,,,,,,,,,,
,Cuyahoga Co. Corr. Ctr.,"1,941",0,0,2,1,,"1,978",1,0,0,0
,Franklin Co.a,"2,202",0,0,1,1,,"2,314",0,0,/,/
,Highland Co.,~,~,~,~,~,,71,1,0,6,0
,Lake Co. Adult Det. Ctr.,318,1,1,0,0,,~,~,~,~,~
Oregon,,,,,,,,,,,,
,Clackamas Co.,~,~,~,~,~,,336,1,0,0,0
,Deschutes Co. Corr. Fac.,201,0,0,0,0,,210,1,0,0,0
,Lane Co.,330,2,0,0,0,,558,2,0,1,0
,Multnomah Co. Det. Fac.,"1,502",12,1,4,1,,"1,592",14,0,5,1
Pennsylvania,,,,,,,,,,,,
,Clinton Co. Prisonb,318,0,0,/,/,,298,1,0,0,0
,Dauphin Co. Prison,~,~,~,~,~,,979,2,0,0,0
,Franklin Co. Prison,358,0,0,2,0,,343,0,0,0,0
,Lackawanna Co. Prison,"1,013",0,0,0,0,,"1,072",1,0,0,0
,Lancaster Co. Prison,"1,160",0,0,0,0,,"1,197",3,1,0,0
,Montgomery Co Prison Corr. Fac.,"1,742",0,0,0,0,,"1,614",1,0,0,0
,Northampton Co. Dept. of Corr.,779,0,0,1,1,,906,0,0,0,0
,Philadelphia Prison Systemb,"9,287",2,0,/,/,,"10,200",21,12,0,0
South Carolina,,,,,,,,,,,,
,Dillon Co. Det. Ctr.,~,~,~,~,~,,160,1,1,0,0
,Dorchester Co.,295,1,1,0,0,,~,~,~,~,~
,Orangeburg-Calhoun Reg. Det. Ctr.,~,~,~,~,~,,336,1,0,1,0
,Richland Co. Det. Ctr.,"1,153",0,0,0,0,,"1,100",0,0,6,0
,Spartanburg Co. Det. Fac.,~,~,~,~,~,,919,0,0,1,1
,York Co Moss Justice Ctr.b,425,1,0,/,/,,~,~,~,~,~
,Davidson Co. Sheriffs Office,"2,470",3,2,0,0,,"2,470",9,7,1,1
,Knox Co.,979,2,0,2,0,,~,~,~,~,~
,Sequatchie Co.,~,~,~,~,~,,90,2,0,0,0
,Sevier Co.,366,1,0,1,0,,305,0,0,0,0
,Shelby Co. Justice Ctr.,"2,678",2,1,1,0,,"2,733",1,0,1,0
Texas,,,,,,,,,,,,
,Bexar Co. Adult Det. Ctr.a,"4,211",4,0,0,0,,"3,176",3,0,/,/
,Burnet Co.,~,~,~,~,~,,89,1,0,0,0
,Chambers Co.,~,~,~,~,~,,114,1,0,0,0
,Dallas Co.,"6,157",0,0,0,0,,"7,180",1,0,0,0
,Grayson Co.a,~,~,~,~,~,,382,1,0,/,/
,Harris Co.,"10,891",6,1,1,1,,"9,657",3,0,0,0
,Hunt Co. Criminal Justice Ctr.b,384,2,0,/,/,,~,~,~,~,~
,Travis Co.,"2,431",1,0,0,0,,"2,623",4,0,1,0
Utah,,,,,,,,,,,,
,Davis Co.,~,~,~,~,~,,736,1,1,0,0
,Salt Lake Co.,"2,125",1,0,7,0,,"1,880",9,7,2,2
,Utah Co.b,646,1,1,/,/,,685,0,0,0,0
Virginia,,,,,,,,,,,,
,Arlington Co.,~,~,~,~,~,,623,2,0,0,0
,Blue Ridge Reg. Jail Authority,"1,267",2,0,0,0,,~,~,~,~,~
,Chesapeake City,"1,133",3,1,2,0,,"1,109",2,0,1,1
,Fairfax Co. Adult Det. Ctr.,"1,325",0,0,0,0,,"1,311",1,0,0,0
,Hampton Roads Reg. Jail,"1,233",2,0,0,0,,"1,240",0,0,0,0
,Henrico Co.,"1,214",0,0,0,0,,"1,135",1,1,0,0
,New River Valley Reg. Jail,~,~,~,~,~,,650,4,0,0,0
,Northwestern Reg. Adult Det. Ctr.,672,3,0,0,0,,~,~,~,~,~
Virginia (continued),,,,,,,,,,,,
,Pamunkey Reg. Jail,~,~,~,~,~,,455,1,0,0,0
,Prince William-Manassas Reg Adult Corr. Ctr.a,~,~,~,~,~,,722,2,2,/,/
,Richmond City,"1,527",0,0,0,0,,"1,564",1,0,0,0
,Riverside Reg. Jail,"1,192",1,1,1,0,,"1,146",3,2,0,0
,Roanoke Cityb,716,1,1,/,/,,~,~,~,~,~
,Southwest Virginia Reg.,"1,102",0,0,0,0,,"1,379",1,1,0,0
,Virginia Beach Municipal Corr. Ctr.,"1,461",1,0,0,0,,"1,609",1,0,0,0
Washington,,,,,,,,,,,,
,Clark Co.,~,~,~,~,~,,769,5,1,1,1
,King Co.,"2,476",10,0,7,0,,"2,727",6,0,1,0
,Kitsap Co. Corr. Ctr.,371,0,0,1,0,,435,0,0,0,0
,Pierce Co.b,"1,334",4,0,/,/,,"1,471",3,0,0,0
,Snohomish Co.,"1,225",3,0,0,0,,"1,284",0,0,0,0
West Virginia,,,,,,,,,,,,
,Kanawha Co. South Central Reg. Jailb,454,2,1,/,/,,453,0,0,2,0
,Raleigh Co. Southern Reg. Jailb,467,1,0,/,/,,524,0,0,0,0
Wisconsin,,,,,,,,,,,,
,Dunn Co.,113,1,0,0,0,,~,~,~,~,~
,Marathon Co. Adult Det. Fac.a,~,~,~,~,~,,300,1,0,/,/
,Milwaukee Co.,890,0,0,0,0,,947,1,1,0,0
,Milwaukee Co. House of Corr.,"1,841",2,0,0,0,,"2,247",0,0,2,0
,Winnebago Co.,319,0,0,1,1,,~,~,~,~,~
~Not applicable.,,,,,,,,,,,,
/Not reported.,,,,,,,,,,,,
a/Allegations of staff sexual harassment could not be counted separately from allegations of staff sexual misconduct in 2007.,,,,,,,,,,,,
b/Allegations of staff sexual harassment could not be counted separately from allegations of staff sexual misconduct in 2008.,,,,,,,,,,,,
c/Counts of staff sexual misconduct in 2007 are based on substantiated allegations only.,,,,,,,,,,,,
d/Jurisdiction did not record allegations of staff sexual harassment in 2008.,,,,,,,,,,,,
e/Counts of staff sexual misconduct in 2008 are based on substantiated allegations only.,,,,,,,,,,,,
,,,,,,,,,,,,
,,,,,,,,,,,,
