Bureau of Justice Statistics,,,,,,,,,,,,
Filename: svraca0708at15.csv,,,,,,,,,,,,
"Appendix Table 15: National estimates of the type and position of staff involved in staff sexual misconduct and harassment, by type of facility and incident, 2007�2008",,,,,,,,,,,,
"Report title: Sexual Victimization Reported by Adult Correctional Authorities, 2007-2008 NCJ 231172",,,,,,,,,,,,
"Data source: Survey of Sexual Violence, 2007-2008",,,,,,,,,,,,
Author(s): Paul Guerino and Allen J. Beck,,,,,,,,,,,,
Refer questions to: askbjs@usdoj.gov 202-307-0765,,,,,,,,,,,,
Date of version: 01/26/2011,,,,,,,,,,,,
 ,,,,,,,,,,,,
"Appendix Table 15: National estimates of the type and position of staff involved in staff sexual misconduct and harassment, by type of facility and incident, 2007�2008",,,,,,,,,,,,
,,,,Facility type,,,,,Incident type,,,
Characteristic,,Total percent/a,,Federal and state prisons*,,Local jails,,,Staff sexual misconduct*,,Staff sexual harassment,
Type of staff involved,,,,,,,,,,,,
,Full/part-time employee,86,%,83,%,93,%**,,86,%,87,%
,Contract employee/vendor,13,,16,,5,**,,13,,9,**
,Volunteer/intern,1,,1,,1,,,^,,3,
,Other,2,,1,,1,,,2,,2,
Position of staff involved,,,,,,,,,,,,
,Administrator,2,%,1,%,5,%,,2,%,4,%
,Correctional officer,65,,55,,82,**,,66,,61,
,Clerical,2,,3,,2,,,3,,0,**
,Maintenance or other facility support,13,,17,,6,**,,13,,18,**
,Medical or other health care,10,,12,,4,**,,10,,7,**
,Education staff,3,,4,,0,**,,2,,4,**
,Other program staff,3,,5,,1,**,,3,,5,**
,Other,4,,5,,3,**,,3,,9,**
*Comparison group.,,,,,,,,,,,,
**Difference with comparison group is significant at the 95% confidence level.,,,,,,,,,,,,
^Less than 0.5.,,,,,,,,,,,,
Note: Detail sums to more than 100% because multiple responses were allowed for each item.,,,,,,,,,,,,
"a/Includes private prisons and jails, jails in Indian country, and facilities operated by the U.S. military and Immigration Customs Enforcement (ICE).",,,,,,,,,,,,
,,,,,,,,,,,,
