Bureau of Justice Statistics,,,,,,,,,,
Filename: svraca0708at22.csv,,,,,,,,,,
"Appendix Table 22: Local jail authorities with no reported allegations of inmate-on-inmate sexual victimization, 2007�2008",,,,,,,,,,
"Report title: Sexual Victimization Reported by Adult Correctional Authorities, 2007-2008 NCJ 231172",,,,,,,,,,
"Data source: Survey of Sexual Violence, 2007-2008",,,,,,,,,,
Author(s): Paul Guerino and Allen J. Beck,,,,,,,,,,
Refer questions to: askbjs@usdoj.gov 202-307-0765,,,,,,,,,,
Date of version: 01/26/2011,,,,,,,,,,
,,,,,,,,,,
"Appendix Table 22. Local jail authorities with no reported allegations of inmate-on-inmate sexual victimization, 2007�2008",,,,,,,,,,
Jurisdiction and facility,,"Average daily population, 2008","Average daily population, 2007",,,,,,,
Alabama,,,,,,,,,,
,Albertville City,~,37,,,,,,,
,Baldwin Co.,593,628,,,,,,,
,Bibb Co.,76,~,,,,,,,
,Brighton Citya,~,5,,,,,,,
,Cullman Co.,~,"5,109",,,,,,,
,De Kalb Co.b,177,~,,,,,,,
,Gardendale City,19,~,,,,,,,
,Geneva Co.,58,~,,,,,,,
,Lee Co. Det. Ctr.,338,321,,,,,,,
,Madison Co. Det. Fac.,~,967,,,,,,,
,Mobile Co.,53,51,,,,,,,
,Montgomery Co. Det. Fac.a,~,688,,,,,,,
,Opp City,5,~,,,,,,,
,Pickens Co.a,~,91,,,,,,,
,Saraland City,~,4,,,,,,,
,Shelby Co.c,459,~,,,,,,,
,Talledega Co.b,286,~,,,,,,,
Alaska,,,,,,,,,,
,Kotzebue Reg. Jail,15,~,,,,,,,
,Petersburg City,~,1,,,,,,,
,Sitka City,~,5,,,,,,,
Arizona,,,,,,,,,,
,Apache Co.,122,~,,,,,,,
,Mohave Co.,460,525,,,,,,,
,Navajo Co. Det. Ctr.c,349,377,,,,,,,
,Pinal Co.d,"1,229",904,,,,,,,
Arkansas,,,,,,,,,,
,Ashley Co.,40,~,,,,,,,
,Benton Co. Det. Fac.a,~,493,,,,,,,
,Crawford Co.a,~,73,,,,,,,
,Jackson Co. Det. Ctr.a,~,35,,,,,,,
,Madison Co.,~,2,,,,,,,
,Mississippi Co. Det. Ctr.,157,~,,,,,,,
,Montgomery Co.,5,~,,,,,,,
,Pulaski Co. Reg. Jail,"1,129",932,,,,,,,
,St. Francis Co.g,~,"2,796",,,,,,,
,Washington Co. Det. Ctr.b,549,~,,,,,,,
,Yell Co.,14,~,,,,,,,
California,,,,,,,,,,
,Butte Co.,472,~,,,,,,,
,Humboldt Co.,~,371,,,,,,,
,Imperial Co.,502,489,,,,,,,
,Kings Co.b,357,~,,,,,,,
,Lake Co. Hill Road Corr. Fac.,~,260,,,,,,,
,Marin Co.,309,290,,,,,,,
,Mendocino Co.,~,308,,,,,,,
,Merced Co.,769,~,,,,,,,
,Monterey Co.,"1,118","1,120",,,,,,,
,Placer Co.,~,595,,,,,,,
,San Bernardino Co. West Valley Det. Ctr.,"5,500","5,814",,,,,,,
,Santa Barbara Co.,~,950,,,,,,,
,Sierra Co.,2,~,,,,,,,
,Siskiyou Co.a,~,83,,,,,,,
,Tuolumne Co.b,141,~,,,,,,,
,Yolo Co.,~,428,,,,,,,
,Yuba Co.,360,~,,,,,,,
Colorado,,,,,,,,,,
,"Adams Co. Det. Fac.a,b","1,286","1,300",,,,,,,
,Bent Co.,~,22,,,,,,,
,Garfield Co.,130,~,,,,,,,
,Jackson Co.,~,"1,194",,,,,,,
,Lincoln Co.b,120,~,,,,,,,
,Logan Co.,~,120,,,,,,,
District of Columbia,,,,,,,,,,
,D.C. Dept. of Corr.,"1,911","1,949",,,,,,,
Florida,,,,,,,,,,
,Bradford Co.,125,~,,,,,,,
,Clay Co.,~,398,,,,,,,
,Columbia Co. Det. Ctr.b,295,~,,,,,,,
,Dixie Co.,~,91,,,,,,,
,Highlands Co.,459,~,,,,,,,
,Indian River Co.,~,544,,,,,,,
,Jackson Co. Corr. Fac.a,~,226,,,,,,,
,Lafayette Co.,~,32,,,,,,,
,Lake Co.a,~,"1,033",,,,,,,
,Lee Co.,"2,218","2,199",,,,,,,
,Martin Co.,611,601,,,,,,,
,Osceola Co.,"1,160",~,,,,,,,
,Santa Rosa Co.,~,520,,,,,,,
,St. Johns Co.,530,~,,,,,,,
,Sumter Co. Det. Ctr.,249,275,,,,,,,
Georgia,,,,,,,,,,
,Augusta-Richmond Co.,"1,112","1,239",,,,,,,
,Bibb Co. Law Enforcement Ctr.,~,751,,,,,,,
,Chattooga Co.,~,58,,,,,,,
,Cherokee Co.,549,~,,,,,,,
,Clarke Co.,365,~,,,,,,,
,Clayton Co.,"1,751","1,721",,,,,,,
,Clinch Co.,26,~,,,,,,,
,"Coweta Co.a,b",341,330,,,,,,,
,Dawson Co.,189,~,,,,,,,
,Decatur Co. Corr. Inst.b,260,~,,,,,,,
,"Dekalb Co.a,b","3,015","3,252",,,,,,,
,Dodge Co.,68,~,,,,,,,
,Early Co.,~,39,,,,,,,
,Effingham Co. Prison,~,242,,,,,,,
,"Evans Co.a,e,g",~,18,,,,,,,
,Floyd Co. Prison,739,339,,,,,,,
,Forsyth Co.,313,~,,,,,,,
,Glynn Co. Det. Ctr.,532,~,,,,,,,
,Gordon City,0,~,,,,,,,
,Gwinnett Co Dept. of Corr.,682,~,,,,,,,
,Hall Co. Det. Ctr.a,~,624,,,,,,,
,Houston Co.a,~,405,,,,,,,
,Jackson Co.,146,~,,,,,,,
,Jeff Davis Co.,44,~,,,,,,,
,Jones Co.,126,~,,,,,,,
,Lamar Co.,90,~,,,,,,,
,Lee Co.,72,~,,,,,,,
,Liberty Co. Jail,~,247,,,,,,,
,Lowndes Co.,702,~,,,,,,,
,Madison Co.,~,69,,,,,,,
,McDuffie Co.,~,153,,,,,,,
,Mitchell Co. Corr. Inst.,~,140,,,,,,,
,Monroe Co.,~,134,,,,,,,
,"Muscogee Co. Prisona,c",568,565,,,,,,,
,Newton Co.,626,~,,,,,,,
,Pike Co.,~,3,,,,,,,
,Spalding Co.,~,459,,,,,,,
,Spalding Co. Corr. Inst.a,~,378,,,,,,,
,Thomas Co.a,~,210,,,,,,,
,Troup Co.,465,~,,,,,,,
,Troup Co. Corr. Inst.,~,351,,,,,,,
Idaho,,,,,,,,,,
,Bonneville Co.,238,288,,,,,,,
,Idaho Co.b,10,~,,,,,,,
,Power Co.,~,10,,,,,,,
Illinois,,,,,,,,,,
,Adams Co.,~,101,,,,,,,
,De Kalb Co.,~,102,,,,,,,
,Du Page Co.b,841,820,,,,,,,
,"Edgar Co.e,g",~,4,,,,,,,
,Kankakee Co.,~,506,,,,,,,
,Lawrence Co.,~,19,,,,,,,
,McDonough Co.b,34,~,,,,,,,
,Macon Co.,251,~,,,,,,,
,Monroe Co.,10,~,,,,,,,
,Peoria Co.,499,445,,,,,,,
,Rock Island Co.a,~,266,,,,,,,
,Saline Co. Law Enforcement & Det. Ctr.,81,~,,,,,,,
,Sangamon Co.,340,~,,,,,,,
,Stephenson Co.b,134,~,,,,,,,
,Vermilion Co.,~,260,,,,,,,
Indiana,,,,,,,,,,
,Adams Co.,65,~,,,,,,,
,Allen Co.,~,700,,,,,,,
,Bartholomew Co.a,154,192,,,,,,,
,Delaware Co. Justice Ctr.a,318,317,,,,,,,
,Grant Co. Security Complex,251,~,,,,,,,
,Greene Co.,~,64,,,,,,,
,Hancock Co.,~,148,,,,,,,
,Harrison Co.b,170,~,,,,,,,
,Howard Co.,341,~,,,,,,,
,Jay Co.,~,40,,,,,,,
,Johnson Co.,~,290,,,,,,,
,Knox Co.,~,153,,,,,,,
,Marion Co.d,~,"1,361",,,,,,,
,"Porter Co.a,b",467,467,,,,,,,
,Wells Co.,91,93,,,,,,,
Iowa,,,,,,,,,,
,Black Hawk Co.,183,257,,,,,,,
,Buena Vista Co.,24,~,,,,,,,
,Carroll Co.,~,12,,,,,,,
,Clinton Co.,9,~,,,,,,,
,Decatur Co.,5,~,,,,,,,
,Delaware Co.,~,7,,,,,,,
,Emmet Co.,8,~,,,,,,,
,Howard Co.,~,7,,,,,,,
,Marshall Co.,~,146,,,,,,,
,Polk Co.,648,~,,,,,,,
,Scott Co. Jail & Annex,"8,829",295,,,,,,,
,Sioux Co.,~,37,,,,,,,
Kansas,,,,,,,,,,
,Allen Co.,~,53,,,,,,,
,Ford Co.,91,~,,,,,,,
,Johnson Co.b,715,863,,,,,,,
,"Lane Co.b,c",2,~,,,,,,,
,Linn Co.,8,~,,,,,,,
,Montgomery Co.,~,144,,,,,,,
,Pratt Co.,~,15,,,,,,,
,Smith Co.,7,~,,,,,,,
Kentucky,,,,,,,,,,
,Boone Co.b,448,~,,,,,,,
,Boyd Co.,~,227,,,,,,,
,Breckinridge Co.,191,~,,,,,,,
,Casey Co./State Jail,308,~,,,,,,,
,Christian Co.b,632,686,,,,,,,
,Clay Co. Det. Ctr.,235,~,,,,,,,
,Crittenden Co.,~,12,,,,,,,
,Graves Co.,~,101,,,,,,,
,Grayson Co. Jail & Annex,580,~,,,,,,,
,Hardin Co. Det. Ctr.a,~,545,,,,,,,
,Laurel Co.,~,292,,,,,,,
,Pike Co.,300,~,,,,,,,
,Three Forks Reg. Jail,205,~,,,,,,,
,Webster Co.,109,108,,,,,,,
Louisiana,,,,,,,,,,
,Ascension Parish Jail,258,~,,,,,,,
,Bayou Dorcheat Corr. Ctr.,~,524,,,,,,,
,Beauregard Parish Jaila,~,168,,,,,,,
,Caddo Parish Corr. Ctr.,"1,400","1,450",,,,,,,
,"Calvasieu Parish Corr. Ctr.a,b","1,249","1,197",,,,,,,
,"Caldwell Parish Jails - (3 Facilities)a,b",318,318,,,,,,,
,Catahoula Parish Jail & Det. Faca,~,22,,,,,,,
,Claiborne Det. Ctr.,525,~,,,,,,,
,De Soto Parish Jailc,110,~,,,,,,,
,East Carroll Det. Ctr.,688,"1,125",,,,,,,
,"Evangeline Parish Jaild,h",~,72,,,,,,,
,Iberia Parish Jailb,485,~,,,,,,,
,La Salle Parish Jail,~,23,,,,,,,
,"Morehouse Parish Jaila,e",160,535,,,,,,,
,Morgan City,59,~,,,,,,,
,Ouachita Parish Corr. Fac.,900,~,,,,,,,
,Pointe Coupee Parish Det. Ctr.,174,~,,,,,,,
,Rapides Parish,272,~,,,,,,,
,St. Charles Parish Jailb,532,~,,,,,,,
,St. Tammany Parish,~,746,,,,,,,
,Union Parish Det. Ctr.,360,347,,,,,,,
,West Baton Rouge Parish,~,250,,,,,,,
Maine,,,,,,,,,,
,Hancock Co.,44,~,,,,,,,
,Two Bridges Reg. Jaila,~,"9,464",,,,,,,
Maryland,,,,,,,,,,
,Carroll Co. Det. Ctr.,271,283,,,,,,,
,Charles Co. Det. Ctr.,377,~,,,,,,,
,Harford Co. Det. Ctr.,461,400,,,,,,,
,Prince Georges Co. Corr. Ctr.,"1,385","1,486",,,,,,,
,Wicomico Co. Det. Ctr.a,492,628,,,,,,,
,Worcester Co.,253,~,,,,,,,
Massachusetts,,,,,,,,,,
,Plymouth Co. House of Corr. & Jaila,"1,516","1,596",,,,,,,
Michigan,,,,,,,,,,
,Antrim Co.,40,~,,,,,,,
,Bay Co. Law Enforcement Ctr.,~,219,,,,,,,
,Benzie Co.,~,31,,,,,,,
,Calhoun Co.,497,~,,,,,,,
,Cass Co.,~,126,,,,,,,
,Emmet Co.,86,~,,,,,,,
,"Ingham Co.b,f",672,685,,,,,,,
,Kalamazoo Co.b,324,365,,,,,,,
,Mecosta Co.a,~,86,,,,,,,
,Monroe Co.,328,~,,,,,,,
,Saginaw Co.a,~,516,,,,,,,
,St. Clair Co.,428,408,,,,,,,
Minnesota,,,,,,,,,,
,Anoka Co.,228,~,,,,,,,
,Beltrami Co.,~,121,,,,,,,
,Dakota Co.,~,335,,,,,,,
,Hennepin Co. Adult Det. Ctr.,728,~,,,,,,,
,Hennepin Co. Workhouse,~,582,,,,,,,
,Itasca Co.b,83,~,,,,,,,
,Koochiching Co. Law Enforcement Ctr.b,14,~,,,,,,,
,Lyon Co. Law Enforcement Ctr.,~,30,,,,,,,
,Marshall Co. Law Enforcement Ctr.,~,10,,,,,,,
,Olmsted Co.,~,280,,,,,,,
,Otter Tail Co. Det. Ctr.,58,~,,,,,,,
,Ramsey Co. Corr. Fac.,398,~,,,,,,,
,Sherburne Co.b,566,581,,,,,,,
Mississippi,,,,,,,,,,
,Calhoun Co.,~,47,,,,,,,
,Carroll/Montgomery Region Corr. Ctr.,337,~,,,,,,,
,Clarke Co.b,44,~,,,,,,,
,Clay Co.e,~,10,,,,,,,
,"Hinds Co.a,b","1,042",931,,,,,,,
,Holmes-Humphrey Reg. Corr. Fac.,379,~,,,,,,,
,Jackson Co.b,412,~,,,,,,,
,Jefferson/Franklin Corr. Fac.,296,~,,,,,,,
,Lafayette Co.a,~,130,,,,,,,
,Lauderdale Co.a,~,270,,,,,,,
,Leake Co. Corr. Fac.,361,373,,,,,,,
,Leflore Co.,125,~,,,,,,,
,"Rankin Co.a,i",416,58,,,,,,,
,Walthall Co.,~,22,,,,,,,
,Webster Co.,12,~,,,,,,,
,Winston/Choctaw Reg. Corr. Fac.a,~,350,,,,,,,
Missouri,,,,,,,,,,
,Arnold Municipal Citya,~,7,,,,,,,
,Bates Co. Sheriff & Jaila,~,104,,,,,,,
,Belton Cityb,10,~,,,,,,,
,Clay Co. Det. Ctr.,322,~,,,,,,,
,Douglas Co.,~,19,,,,,,,
,Jackson Co. Det. Ctr.g,~,784,,,,,,,
,Kansas City Corr. Inst.,148,~,,,,,,,
,Lincoln Co.a,~,147,,,,,,,
,Marion Co.,6,~,,,,,,,
,Montgomery Co.,~,76,,,,,,,
,Ozark Co.,16,~,,,,,,,
,Pulaski Co.,~,30,,,,,,,
,St. Charles Co.,~,329,,,,,,,
,St. Clair Co.,~,118,,,,,,,
,St. Louis Cityb,"1,672","1,200",,,,,,,
,Stoddard Co.,65,~,,,,,,,
Montana,,,,,,,,,,
,Fallon Co.a,~,1,,,,,,,
,Flathead Co. Det. Ctr.d,~,92,,,,,,,
,Gallatin Co. Det. Ctr.,81,~,,,,,,,
,Pondera Co.,6,~,,,,,,,
,Sanders Co.,~,20,,,,,,,
Nebraska,,,,,,,,,,
,Box Butte Co.b,16,~,,,,,,,
,Hamilton Co.,~,6,,,,,,,
,Harlan Co.,~,3,,,,,,,
,Morrill Co.,~,13,,,,,,,
,Sarpy Co.,~,153,,,,,,,
,Thayer Co.,3,~,,,,,,,
Nevada,,,,,,,,,,
,Las Vegas City Det. Ctr.b,820,100,,,,,,,
New Hampshire,,,,,,,,,,
,Carroll Co. House of Corr. & Jail,~,88,,,,,,,
,Rockingham Co. Jail & House of Corr.,332,~,,,,,,,
New Jersey,,,,,,,,,,
,Bergen Co. Jail & Annex,~,970,,,,,,,
,Burlington Co.,~,703,,,,,,,
,Gloucester Co.,373,~,,,,,,,
,Hunterdon Co.b,102,~,,,,,,,
,Morris Co. Corr. Fac.,327,308,,,,,,,
,Somerset Co. Jail & Annex,~,324,,,,,,,
New Mexico,,,,,,,,,,
,Catron Co.,~,4,,,,,,,
,Curry Co.,37,~,,,,,,,
,Dona Ana Co. Det. Ctr.,852,~,,,,,,,
,Lea Co.,~,299,,,,,,,
,Luna Co.,~,392,,,,,,,
,Gallup-McKinley Adult Det. Ctr.,328,~,,,,,,,
,Roosevelt Co.i,79,~,,,,,,,
,Sandoval Co.,396,~,,,,,,,
,San Juan Co. Det. Ctr.,~,606,,,,,,,
New York,,,,,,,,,,
,Chenango Co.b,79,~,,,,,,,
,Jefferson Co.,142,~,,,,,,,
,Madison Co.,3,~,,,,,,,
,Monroe Co.a,"1,343","1,450",,,,,,,
,Montgomery Co.,~,126,,,,,,,
,Nassau Co. Corr. Ctr.f,"1,607","1,716",,,,,,,
,Niagara Co.i,489,~,,,,,,,
,Oneida Co. Corr. Fac.,~,468,,,,,,,
,Onondaga Co. Dept. of Corr.,474,~,,,,,,,
,Ontario Co.g,~,214,,,,,,,
,Rensselaer Co.,~,282,,,,,,,
,Rockland Co. Corr. Ctr.,~,262,,,,,,,
,St. Lawrence Co.,~,112,,,,,,,
,Suffolk Co.,"1,695","1,752",,,,,,,
,Tioga Co.,~,83,,,,,,,
,Westchester Co.,"1,478","1,465",,,,,,,
North Carolina,,,,,,,,,,
,Buncombe Co.,409,475,,,,,,,
,Cabarrus Co.,~,217,,,,,,,
,Duplin Co.,~,16,,,,,,,
,Durham Co.a,~,618,,,,,,,
,"Edgecombe Co.b,h",282,260,,,,,,,
,Forsyth Co.,891,~,,,,,,,
,Guilford Co.,~,926,,,,,,,
,Lee Co.a,~,161,,,,,,,
,McDowell Co.b,104,~,,,,,,,
,Moore Co.j,129,~,,,,,,,
,Pamlico Co.,~,87,,,,,,,
,Richmond Co.b,86,87,,,,,,,
,Robeson Co.b,377,~,,,,,,,
,Rowan Co.,274,~,,,,,,,
,Vance Co.,~,153,,,,,,,
,Wake Co.,"1,331","1,211",,,,,,,
,Wilson Co.,220,~,,,,,,,
North Dakota,,,,,,,,,,
,Cass Co.,198,175,,,,,,,
,Pembina Co.,7,~,,,,,,,
Ohio,,,,,,,,,,
,Clermont Co.,304,~,,,,,,,
,Clinton Co.,19,~,,,,,,,
,Crawford Co.,111,112,,,,,,,
,Delaware Co.b,163,~,,,,,,,
,Fayette Co.b,52,~,,,,,,,
,Greene Co.,~,381,,,,,,,
,Highland Co.,~,71,,,,,,,
,Lake Co. Adult Det. Ctr.,318,~,,,,,,,
,Mahoning Co.,561,527,,,,,,,
,Miami Co.a,~,104,,,,,,,
,Niles City,2,~,,,,,,,
,Noble Co.,~,20,,,,,,,
,Richland Co.,~,152,,,,,,,
,Summit Co. Jail & Glenwood Annex,658,~,,,,,,,
Oklahoma,,,,,,,,,,
,Carter Co.,~,185,,,,,,,
,Comanche Co.a,291,298,,,,,,,
,Grady Co.,334,~,,,,,,,
,Latimer Co.,100,~,,,,,,,
,Midwest City,~,48,,,,,,,
,Muldrow City,~,6,,,,,,,
,Muskogee Co./City Det. Ctr.,~,287,,,,,,,
,Roger Mills Co.h,~,17,,,,,,,
,Rogers Co.b,192,~,,,,,,,
,Stephens Co.a,~,108,,,,,,,
,Washington Co.,102,91,,,,,,,
,"Woodward Co.b,c",31,~,,,,,,,
Oregon,,,,,,,,,,
,Clackamas Co.a,~,336,,,,,,,
,Grant Co.,24,~,,,,,,,
,Lake Co.,~,15,,,,,,,
,Lane Co.,330,558,,,,,,,
,Polk Co.,~,115,,,,,,,
,Tillamook Co.b,73,~,,,,,,,
Pennsylvania,,,,,,,,,,
,Adams Co.,~,312,,,,,,,
,Blair Co. Prisoni,304,~,,,,,,,
,Centre Co. Prison,~,212,,,,,,,
,Clearfield Co. Prison,135,~,,,,,,,
,Clinton Co. Prisonb,318,298,,,,,,,
,Erie Co.,632,~,,,,,,,
,Greene Co. Prison,~,105,,,,,,,
,Lackawanna Co. Prisona,"1,013","1,072",,,,,,,
,"Lebanon Co. Corr. Fac.a,b",518,538,,,,,,,
,Lycoming Co. Prison,~,336,,,,,,,
,Monroe Co. Corr. Fac.,344,~,,,,,,,
,Washington Co.b,413,~,,,,,,,
South Carolina,,,,,,,,,,
,Abbeville Co. Det. Ctr.b,61,~,,,,,,,
,Aiken Co. Det. Ctr.,422,~,,,,,,,
,Anderson Co.,428,~,,,,,,,
,Beaufort Co. Det. Ctr.b,300,~,,,,,,,
,Berkeley Co. Det. Ctr.,~,362,,,,,,,
,Dillon Co. Det. Ctr.,~,160,,,,,,,
,Dorchester Co.,295,~,,,,,,,
,Fairfield Co. Det. Ctr.,6,~,,,,,,,
,Florence Co. Det. Ctr.,~,426,,,,,,,
,Greenville Co. Det. Ctr.a,"1,367","1,418",,,,,,,
,Horry Co. Det. Ctr.b,656,~,,,,,,,
,Orangeburg-Calhoun Reg. Det. Ctr.,~,336,,,,,,,
,Pickens Co.,~,96,,,,,,,
,Richland Co. Det. Ctr.,"1,153","1,100",,,,,,,
,Spartanburg Co. Det. Fac.a,~,919,,,,,,,
,York Co. Moss Justice Ctr.b,425,~,,,,,,,
South Dakota,,,,,,,,,,
,Bon Homme Co.,~,6,,,,,,,
,Hughes Co.,48,~,,,,,,,
,Meade Co.,~,45,,,,,,,
,Pennington Co. Jail,420,~,,,,,,,
,"Winner Citya,g",~,63,,,,,,,
Tennessee,,,,,,,,,,
,Carroll Co.b,76,74,,,,,,,
,Greene Co.,366,~,,,,,,,
,Knox Co.,979,~,,,,,,,
,Lawrence Co.,130,~,,,,,,,
,Lincoln Co.f,125,~,,,,,,,
,"Loudon Co.b,f",91,~,,,,,,,
,Madison Co. Penal Farm,~,80,,,,,,,
,Marion Co.,~,101,,,,,,,
,Monroe Co.,~,165,,,,,,,
,Putnam Co.,~,208,,,,,,,
,Sequatchie Co.,~,90,,,,,,,
,Sevier Co.b,366,305,,,,,,,
,Sullivan Co.,675,584,,,,,,,
,Sumner Co.a,~,616,,,,,,,
,Warren Co.b,212,~,,,,,,,
,"Washington Co.I,j",519,~,,,,,,,
,"Williamson Co.a,b",311,341,,,,,,,
,Wilson Co.,~,250,,,,,,,
Texas,,,,,,,,,,
,Angelina Co.,258,~,,,,,,,
,Bandera Co. Law Enforcement Ctr.,~,12,,,,,,,
,Bell Co. Law Enforcement Ctr.,672,~,,,,,,,
,Bowie Co.,~,895,,,,,,,
,"Brazos Co.c,f",553,~,,,,,,,
,Burnet Co.,~,89,,,,,,,
,Caldwell Co.g,~,168,,,,,,,
,Cameron Co.a,100,971,,,,,,,
,Chambers Co.g,~,114,,,,,,,
,Denton Co. Det. Ctr.a,"1,121","1,065",,,,,,,
,Edwards Co.,9,~,,,,,,,
,Fayette Co. Justice Ctr.,21,37,,,,,,,
,Grayson Co.,~,382,,,,,,,
,Guadalupe Co. Det. Ctr.a,378,460,,,,,,,
,Harrison Co.,133,~,,,,,,,
,Hays Co.,315,~,,,,,,,
,"Hidalgo Co. Adult Det. Ctr.b,g","1,132","1,185",,,,,,,
,"Hunt Co. Criminal Justice Ctr.b,f",384,~,,,,,,,
,Jasper Co. Law Enforcement Ctr.a,~,62,,,,,,,
,"Jefferson Co. Det. Ctr.a,b",924,"1,176",,,,,,,
,Lipscomb Co.,~,2,,,,,,,
,Lubbock Co.a,724,"1,000",,,,,,,
,McLennan Co.,869,860,,,,,,,
,Maverick Co.,~,230,,,,,,,
,Midland Co.,~,280,,,,,,,
,Mills Co.,7,~,,,,,,,
,Montgomery Co.,815,"1,112",,,,,,,
,Parker Co.b,310,~,,,,,,,
,Randall Co.,~,272,,,,,,,
,"Rusk Co.a,b",89,88,,,,,,,
,San Patricio Co.,192,~,,,,,,,
,Shelby Co.,~,51,,,,,,,
,Sherman Co.,~,2,,,,,,,
,"Tarrant Co.a,b","3,333","3,377",,,,,,,
,Tom Green Co.a,~,415,,,,,,,
,Upton Co.,38,~,,,,,,,
,Victoria Co.b,450,~,,,,,,,
,Walker Co.,~,130,,,,,,,
,Wichita Co.i,435,435,,,,,,,
,Zavala Co.,9,~,,,,,,,
Utah,,,,,,,,,,
,Cache Co.a,~,306,,,,,,,
,Tooele Co.,~,119,,,,,,,
Virginia,,,,,,,,,,
,Accomack Co.,~,113,,,,,,,
,Alexandria City Det. Ctr.b,540,~,,,,,,,
,Botetourt Co.b,91,~,,,,,,,
,Central Virginia Reg. Jail,372,395,,,,,,,
,Danville City,~,208,,,,,,,
,"Danville City Prison Farma,b,c,e,f,g",149,164,,,,,,,
,Middle River Reg. Jail,651,~,,,,,,,
,Newport News City,629,~,,,,,,,
,Pamunkey Reg. Jail,~,455,,,,,,,
,Patrick Co.,27,~,,,,,,,
,Peumansend Creek Reg. Jaila,275,288,,,,,,,
,Rappahannock Co.,~,16,,,,,,,
,Rappahannock Reg. Jail & Annexb,"1,017","1,003",,,,,,,
,Roanoke Co.,286,~,,,,,,,
,Rockingham Reg. Jail,~,295,,,,,,,
,Southwest Virginia Reg.,"1,102","1,379",,,,,,,
,Virginia Peninsula Reg. Jail,~,489,,,,,,,
Washington,,,,,,,,,,
,Asotin Co.a,~,47,,,,,,,
,Buckley Cityb,22,~,,,,,,,
,Kent Cityd,~,139,,,,,,,
,Kirkland City,~,7,,,,,,,
,Skagit Co.,237,~,,,,,,,
,Spokane Co. Geiger Corr. Ctr.,510,562,,,,,,,
West Virginia,,,,,,,,,,
,Marshall Co. Northern Reg Jail & Corr. Complex,~,314,,,,,,,
,North Central Reg. Jail,517,~,,,,,,,
,"Western Reg. Jaile,g",~,461,,,,,,,
Wisconsin,,,,,,,,,,
,Adams Co.,~,64,,,,,,,
,Barron Co. Justice Ctr.,~,123,,,,,,,
,Burnett Co. Law Enforcement Ctr.b,30,~,,,,,,,
,Dodge Co.,462,463,,,,,,,
,Dunn Co.c,113,~,,,,,,,
,Eau Claire Co.,~,274,,,,,,,
,Marathon Co. Adult Det. Fac.d,~,300,,,,,,,
,Milwaukee Co.,890,947,,,,,,,
,Racine Co.b,788,~,,,,,,,
,Richland Co.a,~,27,,,,,,,
,Rock Co.,~,521,,,,,,,
,Shawano Co.,510,~,,,,,,,
,Waukesha Co.,655,~,,,,,,,
,Winnebago Co.,319,~,,,,,,,
Wyoming,,,,,,,,,,
,Fremont Co.,~,166,,,,,,,
,Laramie Co.,222,~,,,,,,,
,Natrona Co. Det. Ctr.a,~,297,,,,,,,
,Platte Co.,97,~,,,,,,,
,Sheridan Co.,90,~,,,,,,,
,Sweetwater Co.a,~,119,,,,,,,
~Not applicable. Facility not sampled in survey year.,,,,,,,,,,
a/Allegations of abusive sexual contacts could not be counted separately from allegations of nonconsensual sexual acts in 2007.,,,,,,,,,,
b/Allegations of abusive sexual contacts could not be counted separately from allegations of nonconsensual sexual acts in 2008.,,,,,,,,,,
c/Counts of nonconsensual sexual acts in 2008 are based on substantiated allegations only.,,,,,,,,,,
d/Jurisdiction did not record allegations of abusive sexual contacts in 2007.,,,,,,,,,,
e/Counts of nonconsensual sexual acts in 2007 are based on completed acts only.,,,,,,,,,,
f/Counts of nonconsensual sexual acts in 2008 are based on completed acts only.,,,,,,,,,,
g/Counts of nonconsensual sexual acts in 2007 are based on substantiated allegations only.,,,,,,,,,,
h/Jurisdiction did not record allegations of nonconsensual sexual acts in 2007.,,,,,,,,,,
i/Jurisdiction did not record allegations of abusive sexual contacts in 2008.,,,,,,,,,,
j/Jurisdiction did not record allegations of nonconsensual sexual acts in 2008.,,,,,,,,,,
,,,,,,,,,,
