Bureau of Justice Statistics,,,,,,,,,,
Filename: svraca0708at20.csv,,,,,,,,,,
"Appendix Table 20: Allegations of staff-on-inmate sexual victimization reported by federal and state prison authorities, by year and type of victimization, 2007�2008",,,,,,,,,,
"Report title: Sexual Victimization Reported by Adult Correctional Authorities, 2007-2008 NCJ 231172",,,,,,,,,,
"Data source: Survey of Sexual Violence, 2007-2008",,,,,,,,,,
Author(s): Paul Guerino and Allen J. Beck,,,,,,,,,,
Refer questions to: askbjs@usdoj.gov 202-307-0765,,,,,,,,,,
Date of version: 01/26/2011,,,,,,,,,,
 ,,,,,,,,,,
"Appendix Table 20. Allegations of staff-on-inmate sexual victimization reported by federal and state prison authorities, by year and type of victimization, 2007�2008",,,,,,,,,,
,,2008,,,,2007,,,,
,,Reported allegations of staff sexual misconduct with inmates,,Reported allegations of staff sexual harassment of inmates,,Reported allegations of staff sexual misconduct with inmates,,Reported allegations of staff sexual harassment of inmates,,
Jurisdiction,,Allegations,Substantiated,Allegations,Substantiated,Allegations,Substantiated,Allegations,Substantiated,
,Total,"1,818",233,"1,062",48,"1,643",221,"1,016",41,
Federal,,161,10,103,8,182,8,99,6,
State,,,,,,,,,,
,Alabama,23,2,4,0,5,1,3,1,
,"Alaska/a,b",0,0,/,/,0,0,/,/,
,Arizona,61,7,3,3,50,7,0,0,
,Arkansas,20,6,17,0,8,4,27,3,
,California,28,1,0,0,17,1,14,0,
,Colorado,14,1,2,2,32,13,5,0,
,Connecticut,1,0,2,0,2,0,1,0,
,Delaware,8,1,0,0,0,0,1,0,
,Florida,150,1,210,1,130,2,191,2,
,Georgia,78,3,29,0,85,3,0,0,
,Hawaii,0,0,1,0,3,0,1,0,
,Idaho,5,5,0,0,3,1,0,0,
,Illinois,26,4,0,0,29,8,0,0,
,Indiana,37,6,7,1,14,5,4,0,
,Iowa,49,8,19,4,53,11,23,4,
,Kansas,37,7,16,3,22,5,8,2,
,Kentucky,8,4,0,0,15,9,0,0,
,Louisiana,47,2,117,0,55,4,37,0,
,Maine,6,6,0,0,1,0,0,0,
,Maryland/b,19,0,/,/,27,1,0,0,
,Massachusetts,28,5,8,0,68,4,6,0,
,Michigan,34,1,321,7,20,2,429,6,
,Minnesota,12,1,1,0,7,0,0,0,
,Mississippi/a,1,1,0,0,5,0,/,/,
,Missouri,55,11,11,1,69,10,11,1,
,Montana,18,2,5,0,9,2,0,0,
,Nebraska,14,0,12,0,18,1,10,1,
,Nevada,20,3,10,1,8,0,4,0,
,New Hampshire,1,0,1,0,4,0,0,0,
,New Jersey,8,2,2,0,2,1,1,0,
,New Mexico,3,0,0,0,1,0,0,0,
,New York,224,13,39,5,161,8,51,3,
,North Carolina,101,19,38,0,58,11,16,1,
,North Dakota,2,0,0,0,0,0,0,0,
,Ohio,50,7,4,0,67,15,9,0,
,Oklahoma,29,12,5,0,24,6,3,1,
,Oregon,17,1,4,1,17,3,1,1,
,Pennsylvania,46,5,33,0,30,9,15,2,
,"Rhode Island/a,b",7,1,/,/,5,1,/,/,
,South Carolina,5,5,0,0,2,2,0,0,
,South Dakota,4,1,0,0,4,0,0,0,
,Tennessee,18,9,1,0,13,7,8,1,
,Texas/c,129,4,/,/,123,8,/,/,
,Utah,5,1,0,0,5,0,1,0,
,Vermont,23,8,12,5,24,6,9,4,
,Virginia,30,7,1,0,33,10,2,0,
,Washington,93,21,9,1,51,13,6,0,
,West Virginia,13,12,2,2,12,11,0,0,
,Wisconsin,48,6,12,2,66,4,19,1,
,Wyoming,2,1,1,1,4,4,1,1,
/Not reported.,,,,,,,,,,
a/Allegations of staff sexual harassment could not be counted separately from allegations of staff sexual misconduct in 2007.,,,,,,,,,,
b/Allegations of staff sexual harassment could not be counted separately from allegations of staff sexual misconduct in 2008.,,,,,,,,,,
c/Jurisdiction did not record allegations of staff sexual harassment in 2007 and 2008.,,,,,,,,,,
,,,,,,,,,,
