Bureau of Justice Statistics,,,,,,,,,
Filename: svraca0708at06.csv,,,,,,,,,
"Appendix Table 6: Standard errors for appendix table 5: National estimates of the sanctions imposed on perpetrators of substantiated incidents of inmate-on-inmate sexual victimization, by type of facility and incident, 2007�2008",,,,,,,,,
"Report title: Sexual Victimization Reported by Adult Correctional Authorities, 2007-2008 NCJ 231172",,,,,,,,,
"Data source: Survey of Sexual Violence, 2007-2008",,,,,,,,,
Author(s): Paul Guerino and Allen J. Beck,,,,,,,,,
Refer questions to: askbjs@usdoj.gov 202-307-0765,,,,,,,,,
Date of version: 01/26/2011,,,,,,,,,
 ,,,,,,,,,
"Appendix Table 6. Standard errors for appendix table 5: National estimates of the sanctions imposed on perpetrators of substantiated incidents of inmate-on-inmate sexual victimization, by type of facility and incident, 2007�2008",,,,,,,,,
,,,,,,Incident type,,,
Sanction,,Total percent,,Local jails,,Nonconsensual sexual acts,,Abusive sexual contacts,
Solitary/disciplinary,,1.9,%,4.4,%,3.4,%,1,%
Legal action,,1.5,,4.5,,2.6,,2,
,Arrested,1.2,,4.3,,1.1,,2.2,
,Referred for prosecution,1.4,,4.3,,2.5,,1,
Confined to own cell/room,,0.6,,1.8,,0.8,,0.9,
Placed in higher custody within same facility,,1.6,,2,,3.1,,1.9,
Loss of privileges,,1.3,,4.3,,2.2,,1.1,
Transferred to another facility,,1.9,,3.9,,2.9,,1.9,
Loss of good time/increase in bad time,,0.6,,1.1,,1.2,,0.4,
Other,,0.4,,1.1,,0.9,,0.4,
Note: All facilities operated by the Federal Bureau of Prisons and state prison systems were included in the survey and therefore do not have standard errors.,,,,,,,,,
