﻿Bureau of Justice Statistics,,
Filename: hivp20stat03.csv,,
"Appendix Table 3. AIDS-related deaths among federal prisoners, 1999–2019",,
"Report title: HIV in Prisons, 2020 – Statistical Tables NCJ 302601",,
"Data source: Federal Bureau of Prisons, 1999–2019",,
"Author: Laura M. Maruschak, BJS Statistician",,
Refer questions to: askbjs@usdoj.gov 202-307-0765,,
Date of version: 5/26/22,,
,,
"Appendix Table 3. AIDS-related deaths among federal prisoners, 1999–2019",,
Year,Number*,Federal prison population
1999,16,"121,854"
2000,21,"124,540"
2001,22,"137,116"
2002,17,"143,484"
2003,14,"151,863"
2004,18,"158,891"
2005,27,"159,318"
2006,12,"163,118"
2007,10,"165,975"
2008,13,"165,252"
2009,7,"171,000"
2010,7,"173,138"
2011,4,"176,228"
2012,6,"176,469"
2013,3,"173,830"
2014,0,"169,544"
2015,1,"160,688"
2016,1,"154,152"
2017,6,"154,578"
2018,0,"151,466"
2019,0,"146,982"
*Includes federal prisoners in facilities operated by the Federal Bureau of Prisons who died of illness and were identified as HIV-positive or having AIDS at the time of death. ,,
"Source: Federal Bureau of Prisons, 1999–2019.",,
