﻿Bureau of Justice Statistics,,,,,,,,,,,,,,,,,
Filename: hivp20stat04.csv,,,,,,,,,,,,,,,,,
"Appendix Table 4. Persons living with HIV in the custody of state and federal correctional authorities, by jurisdiction, 2016–2020",,,,,,,,,,,,,,,,,
"Report title: HIV in Prisons, 2020 – Statistical Tables NCJ 302601",,,,,,,,,,,,,,,,,
"Data source: Bureau of Justice Statistics, National Prisoner Statistics, 2016–2020",,,,,,,,,,,,,,,,,
"Author: Laura M. Maruschak, BJS Statistician",,,,,,,,,,,,,,,,,
Refer questions to: askbjs@usdoj.gov 202-307-0765,,,,,,,,,,,,,,,,,
Date of version: 5/26/22,,,,,,,,,,,,,,,,,
,,,,,,,,,,,,,,,,,
"Appendix Table 4. Persons living with HIV in the custody of state and federal correctional authorities, by jurisdiction, 2016–2020",,,,,,,,,,,,,,,,,
,,Number living with HIV,,,,,,Percent of prison population living with HIV/a,,,,,,,,,
Jurisdiction,,2016,2017,2018,2019,2020,,2016,,2017,,2018,,2019,,2020,
,"U.S. total/b,c","15,750","15,090","14,920","14,180","11,940",,1.2,%,1.2,%,1.2,%,1.2,%,1.2,%
Federal/d,,"1,492","1,508","1,554","1,477","1,144",,1,%,1,%,1,%,1,%,0.9,%
"State/b,c",,"14,260","13,580","13,360","12,710","10,790",,1.2,%,1.2,%,1.2,%,1.2,%,1.2,%
,Alabama,207,189,185,195,179,,0.9,,0.9,,0.9,,0.9,,1,
,Alaska/d ,/,/,/,/,/,,/,,/,,/,,/,,/,
,Arizona,195,209,167,217,265,,0.6,,0.6,,0.5,,0.6,,0.9,
,Arkansas,130,132,146,138,117,,0.8,,0.8,,0.9,,0.9,,0.8,
,California,988,"1,039",/,953,720,,0.8,,0.9,,/,,0.8,,0.8,
,Colorado,150,147,147,141,93,,0.8,,0.7,,0.7,,0.7,,0.6,
,Connecticut/e,191,190,154,114,70,,1.3,,1.4,,1.2,,1,,0.8,
,Delaware/e,60,79,64,59,40,,0.9,,1.3,,1.1,,1.2,,0.9,
,Florida,"2,551","2,226","2,335","2,271","1,930",,3,,2.6,,2.7,,2.8,,2.8,
,Georgia,768,766,767,767,632,,1.9,,1.9,,1.9,,1.8,,1.7,
,Hawaii/e,23,22,16,19,18,,0.6,,0.6,,0.5,,0.5,,0.6,
,Idaho,18,30,33,23,31,,0.3,,0.4,,0.5,,0.3,,0.5,
,Illinois,344,346,297,346,205,,0.8,,0.9,,0.8,,0.9,,0.7,
,Indiana,/,149,196,229,205,,/,,0.7,,0.9,,1,,1.1,
,Iowa,38,53,70,34,38,,0.4,,0.6,,0.7,,0.4,,0.5,
,Kansas,40,32,44,38,7,,0.4,,0.3,,0.4,,0.4,,0.1,
,Kentucky,67,85,77,75,58,,0.6,,0.7,,0.7,,0.7,,0.7,
,Louisiana,591,554,617,431,431,,3.9,,3.7,,4.1,,2.9,,3.1,
,Maine,7,9,9,11,8,,0.3,,0.4,,0.4,,0.5,,0.5,
,Maryland,408,287,320,280,211,,2,,1.5,,1.7,,1.5,,1.4,
,Massachusetts,150,137,137,110,92,,1.7,,1.6,,1.6,,1.4,,1.4,
,Michigan,287,257,345,354,208,,0.7,,0.6,,0.9,,0.9,,0.6,
,Minnesota,90,61,60,58,43,,0.9,,0.7,,0.7,,0.7,,0.6,
,Mississippi,245,223,234,234,205,,2.3,,2.1,,2.3,,2.3,,2.6,
,Missouri,278,241,241,207,56,,0.9,,0.7,,0.8,,0.8,,0.2,
,Montana,5,9,11,11,10,,0.3,,0.5,,0.6,,0.6,,0.6,
,Nebraska,27,27,19,18,30,,0.5,,0.5,,0.4,,0.3,,0.6,
,Nevada,129,130,102,113,118,,0.9,,1,,0.8,,0.9,,1.1,
,New Hampshire,16,23,/,/,/,,0.6,,0.9,,/,,/,,/,
,New Jersey,188,132,76,92,65,,1.1,,0.8,,0.5,,0.6,,0.6,
,New Mexico,/,/,30,28,29,,/,,/,,0.5,,0.4,,0.5,
,New York,961,950,755,679,495,,1.9,,1.9,,1.6,,1.6,,1.4,
,North Carolina,442,416,445,353,416,,1.2,,1.1,,1.3,,1,,1.4,
,North Dakota,5,7,12,8,7,,0.4,,0.5,,0.9,,0.5,,0.6,
,Ohio,407,395,390,420,380,,0.9,,0.9,,0.9,,1,,1,
,Oklahoma,158,153,115,89,94,,0.8,,0.8,,0.6,,0.5,,0.5,
,Oregon,69,74,73,/,/,,0.5,,0.5,,0.5,,/,,/,
,Pennsylvania,594,594,547,529,569,,1.2,,1.3,,1.2,,1.2,,1.5,
,Rhode Island/e,21,25,22,32,18,,0.7,,0.9,,0.9,,1.2,,0.9,
,South Carolina,317,289,268,256,229,,1.6,,1.5,,1.4,,1.4,,1.5,
,South Dakota,8,24,14,13,13,,0.2,,0.6,,0.4,,0.3,,0.4,
,Tennessee,218,196,219,205,202,,1.5,,1.4,,1.8,,1.8,,1.9,
,Texas,"1,986","2,033","2,014","1,904","1,608",,1.4,,1.5,,1.5,,1.4,,1.4,
,Utah,24,25,30,45,55,,0.5,,0.5,,0.6,,0.9,,1.4,
,Vermont/e,5,12,7,/,7,,0.3,,0.9,,0.5,,/,,0.6,
,Virginia,347,336,320,276,276,,1.2,,1.2,,1.1,,1,,1.2,
,Washington,84,74,60,68,64,,0.5,,0.4,,0.3,,0.4,,0.4,
,West Virginia,28,23,26,30,21,,0.5,,0.4,,0.4,,0.5,,0.5,
,Wisconsin,136,107,99,104,105,,0.6,,0.5,,0.4,,0.4,,0.5,
,Wyoming,7,8,8,9,14,,0.3,,0.4,,0.4,,0.5,,0.8,
/Not reported.,,,,,,,,,,,,,,,,,
a/Yearend custody counts were used to calculate rates for all jurisdictions except New Mexico and Colorado. Custody counts exclude prisoners held in private facilities and local jails. See Methodology. See appendix table 12 for denominators used to calculate percentages. ,,,,,,,,,,,,,,,,,
b/Includes estimates of prisoners living with HIV in states that did not report data. See Methodology.,,,,,,,,,,,,,,,,,
c/Estimates were rounded to the nearest 10 after unrounded counts were added.,,,,,,,,,,,,,,,,,
"d/As of December 31, 2001, persons sentenced for felony offenses from the District of Columbia were the responsibility of the Federal Bureau of Prisons; therefore, specific counts for the District of Columbia are not included in this table.",,,,,,,,,,,,,,,,,
e/Prisons and jails form one integrated system. Data include total prison and jail populations.,,,,,,,,,,,,,,,,,
"Source: Bureau of Justice Statistics, National Prisoner Statistics, 2016–2020.",,,,,,,,,,,,,,,,,
