﻿Bureau of Justice Statistics,,,,,,,,,,,
Filename: hivp20stat06.csv,,,,,,,,,,,
"Appendix Table 6. HIV testing and consent practices for state and federal prisoners during the intake process, by jurisdiction, 2016",,,,,,,,,,,
"Report title: HIV in Prisons, 2020 – Statistical Tables NCJ 302601",,,,,,,,,,,
"Data source: Bureau of Justice Statistics, National Prisoner Statistics, 2016",,,,,,,,,,,
"Author: Laura M. Maruschak, BJS Statistician",,,,,,,,,,,
Refer questions to: askbjs@usdoj.gov 202-307-0765,,,,,,,,,,,
Date of version: 5/26/22,,,,,,,,,,,
,,,,,,,,,,,
"Appendix Table 6. HIV testing and consent practices for state and federal prisoners during the intake process, by jurisdiction, 2016",,,,,,,,,,,
,,HIV testing,,,,,,,Consent,,
Jurisdiction,,Mandatory,Opt-out ,Opt-in,On assessment,On prisoner request,Other,Do not test,General for medical services,For HIV test,None
Federal,,,*,,,,,,,*,
State,,,,,,,,,,,
,Alabama,*,,,,,,,,,*
,Arizona,,,*,,,,,*,,
,Arkansas,*,,,,,,,,,*
,California,,*,,,,,,,*,
,Colorado,*,,,,,,,,,*
,Connecticut,,,,,,,*,,,
,Delaware,,,*,,,,,*,,
,Florida,,,*,,,,,,*,
,Georgia,*,,,,,,,,,*
,Hawaii,,,*,,,,,,*,
,Idaho,,*,,,,,,,*,
,Illinois,,*,,,,,,,*,
,Indiana,*,,,,,,,,,*
,Iowa,*,,,,,,,,,*
,Kansas,,,,*,,,,*,,
,Kentucky,,,,*,,,,,*,
,Louisiana,,*,,,,,,*,,
,Maine/a,,,,,,*,,,*,
,Maryland,,*,,,,,,*,,
,Massachusetts/b,,,,,,*,,,*,
,Michigan,*,,,,,,,,,*
,Minnesota,,*,,,,,,*,,
,Mississippi,*,,,,,,,,,*
,Missouri/c,,,,,,*,,,,*
,Montana,,,*,,,,,,*,
,Nebraska,,*,,,,,,*,,
,Nevada,*,,,,,,,,,*
,New Hampshire,,,*,,,,,,*,
,New Jersey,,*,,,,,,*,,
,New York,,,*,,,,,,*,
,North Carolina,*,,,,,,,,,*
,North Dakota,*,,,,,,,,,*
,Ohio,*,,,,,,,,,*
,Oklahoma,*,,,,,,,,,*
,Oregon,,,*,,,,,,*,
,Pennsylvania,,,*,,,,,,*,
,Rhode Island,,,,*,,,,,,*
,South Carolina,*,,,,,,,,,*
,South Dakota,,,,*,,,,,*,
,Tennessee,,*,,,,,,,,*
,Texas,*,,,,,,,,,*
,Utah,*,,,,,,,,,*
,Vermont,,*,,,,,,*,,
,Virginia,,*,,,,,,*,,
,Washington,,*,,,,,,,*,
,West Virginia/a,,,,,,*,,,*,
,Wisconsin,,*,,,,,,,*,
,Wyoming,*,,,,,,,,,*
"Note: Alaska and New Mexico did not report data on testing practices during the intake process. As of December 31, 2001, persons sentenced for felony offenses from the District of Columbia were the responsibility of the Federal Bureau of Prisons; therefore, specific testing practices for the District of Columbia are not included in this table.",,,,,,,,,,,
a/Tested on request or upon clinical indication.,,,,,,,,,,,
b/Tested based on intake risk assessment and on request after being informed that HIV testing is available.,,,,,,,,,,,
"c/Tested on entry, unless previously known to be HIV-positive.",,,,,,,,,,,
"Source: Bureau of Justice Statistics, National Prisoner Statistics, 2016.",,,,,,,,,,,
