﻿Bureau of Justice Statistics,,,,,,
Filename: hivp20stat11.csv,,,,,,
"Appendix Table 11. HIV testing practices for state and federal prisoners during discharge planning, by jurisdiction, 2020",,,,,,
"Report title: HIV in Prisons, 2020 – Statistical Tables NCJ 302601",,,,,,
"Data source: Bureau of Justice Statistics, National Prisoner Statistics, 2020",,,,,,
"Author: Laura M. Maruschak, BJS Statistician",,,,,,
Refer questions to: askbjs@usdoj.gov 202-307-0765,,,,,,
Date of version: 5/26/22,,,,,,
,,,,,,
"Appendix Table 11. HIV testing practices for state and federal prisoners during discharge planning, by jurisdiction, 2020",,,,,,
Jurisdiction,,Offered to all prisoners,Offered to some prisoners,On prisoner request,Other,Do not test
Federal,,,,*,,
State,,,,,,
,Alabama,*,,,,
,Arizona,,,*,,
,Arkansas,,,,,*
,California,,,*,,
,Colorado,,,*,,
,Connecticut,,,*,,
,Delaware,,,*,,
,Florida,*,,,,
,Georgia/a,,,,*,
,Hawaii,,,*,,
,Idaho,,,*,,
,Illinois,*,,,,
,Indiana,,,,,*
,Iowa,,,,,*
,Kansas,,,*,,
,Kentucky,,,*,,
,Louisiana,*,,,,
,Maine,,,*,,
,Maryland,,,*,,
,Massachusetts,,,*,,
,Michigan,,,*,,
,Minnesota,,,*,,
,Mississippi,,,,,*
,Missouria,,,,*,
,Montana,,,*,,
,Nebraska,,,*,,
,Nevada/a,,,,*,
,New Jersey,,,*,,
,New Mexico,,,*,,
,New York,*,,,,
,North Carolina/b,,,,*,
,North Dakota,,,*,,
,Ohio,,,*,,
,Oklahoma,,,*,,
,Pennsylvania,,,*,,
,Rhode Island,,,*,,
,South Carolina,,,*,,
,South Dakota,,,*,,
,Tennessee,,,*,,
,Texas/a,,,,*,
,Utah,,,*,,
,Vermont,,*,,,
,Virginia,*,,,,
,Washington,,,*,,
,West Virginia,*,,,,
,Wisconsin,,,*,,
,Wyoming,,,*,,
"Note: Alaska, New Hampshire, and Oregon did not report data on testing practices during discharge planning. As of December 31, 2001, persons sentenced for felony offenses from the District of Columbia were the responsibility of the Federal Bureau of Prisons; therefore, specific testing practices for the District of Columbia are not included in this table.",,,,,,
a/Mandatory testing on release.,,,,,,
b/Tested between 90 and 120 days of scheduled release.,,,,,,
"Source: Bureau of Justice Statistics, National Prisoner Statistics, 2020.",,,,,,
