﻿Bureau of Justice Statistics,,,,,,
Filename: hivp20stt05.csv,,,,,,
"Table 5. Number of jurisdictions that tested prisoners for HIV during discharge planning and percent of all prison releases, by HIV testing practices, 2016 and 2020",,,,,,
"Report title: HIV in Prisons, 2020 – Statistical Tables NCJ 302601",,,,,,
"Data source: Bureau of Justice Statistics, National Prisoner Statistics, 2016 and 2020",,,,,,
"Author: Laura M. Maruschak, BJS Statistician",,,,,,
Refer questions to: askbjs@usdoj.gov 202-307-0765,,,,,,
Date of version: 5/26/22,,,,,,
,,,,,,
"Table 5. Number of jurisdictions that tested prisoners for HIV during discharge planning and percent of all prison releases, by HIV testing practices, 2016 and 2020",,,,,,
,2016,,,2020,,
HIV testing,Number of jurisdictions/a,Percent of releases/b,,Number of jurisdictions/a,Percent of releases/b,
Offered to all prisoners,10,23.5,%,7,19.4,%
Offered to some prisoners,2,3.4,,1,0.2,
On prisoner request,25,45.9,,31,51.5,
Other/c,8,22.5,,5,21.8,
Do not test,4,4.4,,4,5.6,
"a/Jurisdictions refer to the 50 state prison systems and the Federal Bureau of Prisons. In 2016, two jurisdictions representing 0.9% of releases did not report data on HIV testing practices during the intake process; three jurisdictions representing 1.5% of releases in 2020 did not report data. See appendix tables 10 and 11 for jurisdiction-level data.",,,,,,
"b/Based on prisoners sentenced to more than 1 year in the custody of state and federal correctional authorities. Excludes transfers, escapes, absences without leave, and deaths. There were 621,985 prison releases in 2016 and 543,510 in 2020.",,,,,,
c/See appendix tables 10 and 11 for details on other testing practices.,,,,,,
"Source: Bureau of Justice Statistics, National Prisoner Statistics, 2016 and 2020.",,,,,,
