﻿Bureau of Justice Statistics,,,,,,,,,,
Filename: hivp20stat07.csv,,,,,,,,,,
"Appendix Table 7. HIV testing and consent practices for state and federal prisoners during the intake process, by jurisdiction, 2020",,,,,,,,,,
"Report title: HIV in Prisons, 2020 – Statistical Tables NCJ 302601",,,,,,,,,,
"Data source: Bureau of Justice Statistics, National Prisoner Statistics, 2020",,,,,,,,,,
"Author: Laura M. Maruschak, BJS Statistician",,,,,,,,,,
Refer questions to: askbjs@usdoj.gov 202-307-0765,,,,,,,,,,
Date of version: 5/26/22,,,,,,,,,,
,,,,,,,,,,
"Appendix Table 7. HIV testing and consent practices for state and federal prisoners during the intake process, by jurisdiction, 2020",,,,,,,,,,
,,HIV testing,,,,,,Consent,,
Jurisdiction,,Mandatory,Opt-out ,Opt-in,On assessment,On prisoner request,Other,General for medical services,For HIV test,None
Federal,,,*,,,,,,*,
State,,,,,,,,,,
,Alabama,*,,,,,,,,*
,Arizona/a,,,,,,*,,*,
,Arkansas,*,,,,,,,,*
,California,,*,,,,,,*,
,Colorado,*,,,,,,,,*
,Connecticut,,*,,,,,*,,
,Delaware,,*,,,,,*,,
,Florida,,,*,,,,,*,
,Georgia,*,,,,,,,,*
,Hawaii,,,*,,,,*,,
,Idaho,,*,,,,,*,,
,Illinois,,*,,,,,,*,
,Indiana,,*,,,,,,*,
,Iowa,,*,,,,,*,,
,Kansas,,,*,,,,,*,
,Kentucky,,,,,*,,,*,
,Louisiana,,*,,,,,*,,
,Maine,,*,,,,,,*,
,Maryland,,*,,,,,*,,
,Massachusetts/b,,,,,,*,,*,
,Michigan,,*,,,,,,*,
,Minnesota,,*,,,,,*,,
,Mississippi,*,,,,,,,,*
,Missouri,*,,,,,,,,*
,Montana,,*,,,,,,*,
,Nebraska,*,,,,,,,,*
,Nevada,*,,,,,,,,*
,New Jersey,,*,,,,,*,,
,New Mexico,,*,,,,,*,,
,New York,,,*,,,,,*,
,North Carolina,*,,,,,,,,*
,North Dakota,*,,,,,,,,*
,Ohio,*,,,,,,,,*
,Oklahoma,*,,,,,,,,*
,Pennsylvania,,*,,,,,*,,
,Rhode Island/c,,,,,,*,*,,
,South Carolina,*,,,,,,,,*
,South Dakota,,,*,,,,,*,
,Tennessee,,*,,,,,*,,
,Texas,*,,,,,,,,*
,Utah,*,,,,,,,,*
,Vermont,,*,,,,,,*,
,Virginia,,,*,,,,,*,
,Washington,,*,,,,,,*,
,West Virginia/d,,,,,,*,,*,
,Wisconsin,,*,,,,,,*,
,Wyoming,*,,,,,,,,*
"Note: Alaska, New Hampshire, and Oregon did not report data on testing practices during the intake process. As of December 31, 2001, persons sentenced for felony offenses from the District of Columbia were the responsibility of the Federal Bureau of Prisons; therefore, specific testing practices for the District of Columbia are not included in this table.",,,,,,,,,,
a/Tested all pregnant prisoners.,,,,,,,,,,
"b/Tested based on high-risk behavior, medical history, and clinical evaluation; and on request after being informed that HIV testing is available.",,,,,,,,,,
c/Tested when sentenced or requested.,,,,,,,,,,
d/Tested on request or based on clinical evaluation assessment.,,,,,,,,,,
"Source: Bureau of Justice Statistics, National Prisoner Statistics, 2020.",,,,,,,,,,
