﻿Bureau of Justice Statistics,,,,,,
Filename: hivp20stt03.csv,,,,,,
"Table 3. Number of jurisdictions that tested prisoners for HIV during the intake process and percent of all prison admissions, by HIV testing practices, 2016 and 2020",,,,,,
"Report title: HIV in Prisons, 2020 – Statistical Tables NCJ 302601",,,,,,
"Data source: Bureau of Justice Statistics, National Prisoner Statistics, 2016 and 2020",,,,,,
"Author: Laura M. Maruschak, BJS Statistician",,,,,,
Refer questions to: askbjs@usdoj.gov 202-307-0765,,,,,,
Date of version: 5/26/22,,,,,,
,,,,,,
"Table 3. Number of jurisdictions that tested prisoners for HIV during the intake process and percent of all prison admissions, by HIV testing practices, 2016 and 2020",,,,,,
,2016,,,2020,,
HIV testing,Number of jurisdictions/a,Percent of admissions/b,,Number of jurisdictions/a,Percent of admissions/b,
Mandatory,17,37.8,%,16,40.7,%
Opt-out,14,35.3,,21,38.4,
Opt-in,9,16.1,,6,11.5,
On assessment,4,5,,0,0,
On prisoner request ,0,0,,1,3.6,
Other/c,4,4.1,,4,4.1,
Do not test ,1,0.8,,0,0,
"a/Jurisdictions refer to the 50 state prison systems and the Federal Bureau of Prisons. In 2016, two jurisdictions representing 0.9% of admissions did not report data on HIV testing practices during the intake process; three jurisdictions representing 1.8% of admissions in 2020 did not report data. See appendix tables 6 and 7 for jurisdiction-level data.",,,,,,
"b/Based on prisoners sentenced to more than 1 year in the custody of state and federal correctional authorities. There were 610,561 prison admissions in 2016 and 348,915 in 2020. See Prisoners in 2020 – Statistical Tables (NCJ 302776, BJS, December 2021) for details on the 2020 decline in admissions.",,,,,,
c/See appendix tables 6 and 7 for details on other testing practices.,,,,,,
"Source: Bureau of Justice Statistics, National Prisoner Statistics, 2016 and 2020.",,,,,,
