Bureau of Justice Statistics,,,,,,,,,,,,,
Filename: fphtc15t02.csv,,,,,,,,,,,,,
"Table 2. Suspects referred to U.S. attorneys for a human-trafficking offense, by agency of referral, 2015",,,,,,,,,,,,,
"Report title: Federal Prosecution of Human-Trafficking Cases, 2015  NCJ 251390",,,,,,,,,,,,,
"Data source: Bureau of Justice Statistics based on data from the Executive Office for U.S. Attorneys, National Legal Information Office Network database, fiscal year 2015.",,,,,,,,,,,,,
"Author(s): Mark Motivans, BJS Statistian, and Howard N. Snyder, former BJS Statistician",,,,,,,,,,,,,
Refer questions to: askbjs@usdoj.gov or 202-307-0765 ,,,,,,,,,,,,,
Date of version: 6/25/18,,,,,,,,,,,,,
,,,,,,,,,,,,,
"Table 2. Suspects referred to U.S. attorneys for a human-trafficking offense, by agency of referral, 2015",,,,,,,,,,,,,
,,Total,,,"Peonage, slavery, forced labor, and sex trafficking",,,Production of child pornography,,,Transportation for illegal sex activity,,
Agency of referral,,Number,Percent,,Number,Percent,,Number,Percent,,Number,Percent,
,All agencies,"1,923",100,%,742,100,%,621,100,%,560,100,%
Department of Homeland Security (DHS),,579,30.1,%,201,27.1,%,210,33.8,%,168,30,%
,Citizen and Immigration Services,23,1.2,,4,0.5,,7,1.1,,12,2.1,
,Immigration and Customs Enforcement,360,18.7,,117,15.8,,140,22.5,,103,18.4,
,U.S. Secret Service,16,0.8,,3,0.4,,8,1.3,,5,0.9,
,Office of Inspector General,15,0.8,,11,1.5,,1,0.2,,3,0.5,
,Other DHS,165,8.6,,66,8.9,,54,8.7,,45,8,
Department of Justice (DOJ),,"1,028",53.5,%,421,56.7,%,316,50.9,%,291,52,%
,Federal Bureau of Investigation,995,51.7,,402,54.2,,313,50.4,,280,50,
,Other DOJ,33,1.7,,19,2.6,,3,0.5,,11,2,
Federal and state task forces,,153,8,%,75,10.1,%,34,5.5,%,44,7.9,%
"State, county, and municipal authorities",,107,5.6,%,25,3.4,%,46,7.4,%,36,6.4,%
Other agencies*,,56,2.9,%,20,2.7,%,15,2.4,%,21,3.8,%
"*Includes referrals from the Department of State, Department of Labor, U.S. Postal Service, branches of the military, and other agencies.",,,,,,,,,,,,,
"Source: Bureau of Justice Statistics based on data from the Executive Office for U.S. Attorneys, National Legal Information Office Network database, fiscal year 2015.",,,,,,,,,,,,,
