"Bureau of Justice Statistics",,,,,,,,,,,,,
"filename:  crc00t02.csv",,,,,,,,,,,,,
"table #:  2 Jurisdiction of civil rights-related complaints filed in U.S. district courts, 1990-2000",,,,,,,,,,,,,
"report title: Civil rights complaints in U.S. district courts, 1990-98, NCJ 173427, tables updated through 2000",,,,,,,,,,,,,
"data source:  Administrative Office of the U.S. Courts, Civil Master File, annual",,,,,,,,,,,,,
"author:  Marika F. X. Litras",,,,,,,,,,,,,
"refer questions to : askbjs@ojp.usdoj.gov (202) 307-0765",,,,,,,,,,,,,
"date of version:  05/21/2002",,,,,,,,,,,,,
,,,,,,,,,,,,,
"Table 2.  Jurisdiction of civil rights related complaints filed in U.S. district courts,1990-2000",,,,,,,,,,,,,
,,,,,,,,,,,,,
,,,,,,"Jurisdiction",,,,,,,
,,,,,,,,,,,,,
,,"Total",,,,"Cases involving the",,,,,"Private cases",,
,,"cases",,"Total",,"U.S. government as --",,,,,"Federal",,"Diversity of"
"Year",,"filed",,"percent",,"Plaintiff",,"Defendant",,,"question",,"citizenship"
,,,,,,,,,,,,,
1990,,18914,,100,"%",4.0,"%",9.2,"%",,86.8,"%"," --"
1991,,19892,,100,,4.1,,7.7,,,85.4,," --"
1992,,24233,,100,,2.6,,7.3,,,90.0,," --"
1993,,27655,,100,,2.7,,7.1,,,90.2,," --"
1994,,32622,,100,,2.2,,7.0,,,90.8,," --"
1995,,36600,,100,,1.8,,6.4,,,91.7,," --"
1996,,42007,,100,,1.2,,5.8,,,93.1,," --"
1997,,43278,,100,,1.3,,5.4,,,93.3,," --"
1998,,42354,,100,,1.6,,5.6,,,91.7,,1.1
1999,,41304,,100,,1.7,,5.8,,,89.9,,2.5
2000,,40908,,100,,1.5,,5.8,,,89.6,,3.1
,,,,,,,,,,,,,
"Note: Does not include prisoner petitions. ",,,,,,,,,,,,,
"Total percent may not sum to 100 due to rounding.",,,,,,,,,,,,,
"Source: Annual Report of the Director.  Washington, D.C.: Administrative Office of ",,,,,,,,,,,,,
"the United States Courts (table C-2).",,,,,,,,,,,,,
