"Bureau of Justice Statistics",,,,
"filename:  crc00f2.csv",,,,
"table #:  figure 2  Percent of employment and housing civil rights trials disposed of by a jury",,,,
"report title: Civil rights complaints in U.S. district courts, 1990-98, NCJ 173427, tables updated through 2000",,,,
"data source:  Administrative Office of the U.S. Courts, Civil Master File, annual",,,,
"author:  Marika F. X. Litras",,,,
"refer questions to : askbjs@ojp.usdoj.gov (202) 307-0765",,,,
"date of version:  05/15/2002",,,,
,,,,
"Percent of employment and housing civil rights trials disposed of by a jury",,,,
,,,,
"Year","Employment",,"Housing",
1990,35.3,"%",35.3,"%"
1991,33.8,,40.0,
1992,33.5,,53.3,
1993,39.3,,58.8,
1994,50.7,,57.6,
1995,59.0,,57.7,
1996,68.6,,64.7,
1997,75.1,,65.0,
1998,78.0,,65.1,
1999,78.7,,54.1,
2000,81.2,,50.0,
