"Bureau of Justice Statistics",,,,,,,,,,
"filename:  crc00t06.csv",,,,,,,,,,
"table #:  6 Civil rights complaints disposed of by trial verdict in U.S. district courts, 1990-2000",,,,,,,,,,
"report title: Civil rights complaints in U.S. district courts, 1990-98, NCJ 173427, tables updated through 2000",,,,,,,,,,
"data source:  Administrative Office of the U.S. Courts, Civil Master File, annual",,,,,,,,,,
"author:  Marika F. X. Litras",,,,,,,,,,
"refer questions to : askbjs@ojp.usdoj.gov (202) 307-0765",,,,,,,,,,
"date of version:  05/15/2002",,,,,,,,,,
,,,,,,,,,,
"Table 6.  Civil rights complaints disposed of by trial verdict in U.S. district courts, 1990-2000",,,,,,,,,,
,,,,,,,,,,
,,,,,,,,,,
,,"Number",,,"Percent of trial cases disposed of by--",,,,,
,,"of cases ",,,,,,,,
,,"disposed",,,"Jury",,"Court",,"Directed",
"Year",,"of by trial*",,,"trial",,"trial",,"verdict",
,,,,,,,,,,
1990,,1386,,,47.7,"%",44.2,"%",8.1,"%"
1991,,1360,,,47.7,,45.4,,7.3,
1992,,1842,,,49.9,,45.2,,4.9,
1993,,1553,,,54.8,,39.3,,5.9,
1994,,1793,,,61.1,,33.6,,4.9,
1995,,1801,,,64.6,,30.5,,4.9,
1996,,1981,,,71.3,,23.9,,4.8,
1997,,1977,,,74.2,,20.0,,5.8,
"     1998",,1959,,,77.0,,17.4,,5.6,
"     1999",,1801,,,78.2,,17.4,,4.3,
"     2000",,1652,,,79.6,,16.9,,3.5,
,,,,,,,,,,
"*In some cases, the parties may have settled before the completion of the trial.",,,,,,,,,,
"Source: Administrative Office of the U.S. Courts, Civil Master File, annual.",,,,,,,,,,
