"Bureau of Justice Statistics",,,,,,,,,,,
"filename:  crc00p10.csv",,,,,,,,,,,
"table #:  Box  Criminal civil rights prosecutions",,,,,,,,,,,
"report title: Civil rights complaints in U.S. district courts, 1990-98, NCJ 173427, tables updated through 2000",,,,,,,,,,,
"data source:  Compendium of Federal Justice Statistics, Bureau of Justice Statistics, annual",,,,,,,,,,,
"author:  Marika F. X. Litras",,,,,,,,,,,
"refer questions to : askbjs@ojp.usdoj.gov (202) 307-0765",,,,,,,,,,,
"date of version:  05/15/2002",,,,,,,,,,,
,,,,,,,,,,,
"Criminal civil rights prosecutions",,,,,,,,,,,
,,,,,,,,,,,
,,,,,,,,,,,
,,"All",,"Suspects in civil rights criminal matters concluded",,,,,,,
,,"suspects",,,,,,,,,
,,"in criminal",,,,"Prosecuted",,,,"Disposed",
,,"matters",,,,"in U.S.",,,,"by U.S.",
"Year",,"concluded",,"Number",,"district courts",,"Declined",,"magistrates",
,,,,,,,,,,,
" 1994",,94980,,1916,,4.6,"%",95.4,"%",0.1,"%"
" 1995",,102309,,1904,,5.0,,94.9,,0.1,
" 1996",,98454,,1559,,6.2,,93.6,,0.2,
" 1997",,99459,,1684,,6.9,,93.0,,0.1,
" 1998",,106022,,2153,,5.5,,94.3,,0.1,
" 1999",,113933,,1705,,7.0,,92.8,,0.2,
" 2000",,117450,,1712,,7.2,,92.3,,0.4,
,,,,,,,,,,,
"Note: These data are not directly comparable to data in 1993 or prior",,,,,,,,,,,
"which included appeals cases handled by U.S. attorneys.",,,,,,,,,,,
"Source: Compendium of Federal Justice Statistics, Bureau of Justice Statistics.",,,,,,,,,,,
