"Bureau of Justice Statistics",,,,,,
"filename:  crc00p5b.csv",,,,,,
"table #:  Page 5 box2- Civil rights prisoner petitions filed in Federal courts by Federal and State inmates",,,,,,
"report title: Civil rights complaints in U.S. district courts, 1990-98, NCJ 173427, tables updated through 2000",,,,,,
"data source:  Administrative Office of the U.S. Courts, Civil Master File, annual",,,,,,
"author:  Marika F. X. Litras",,,,,,
"refer questions to : askbjs@ojp.usdoj.gov (202) 307-0765",,,,,,
"date of version:  05/15/2002",,,,,,
,,,,,,
"Civil rights prisoner petitions filed in Federal courts by Federal and State inmates",,,,,,
,,,,,,
,,,,"Federal",,"State"
"Year",,"Total*",,"inmates",,"inmates"
,,,,,,
1990,,25992,,1149,,24843
1991,,26042,,999,,25043
1992,,30555,,910,,29645
1993,,33933,,915,,33018
1994,,39065,,1140,,37925
1995,,41679,,1110,,40569
1996,,41215,,1219,,39996
1997,,28635,,974,,27658
1998,,26462,,983,,25478
1999,,25694,,962,,24732
2000,,25505,,1041,,24463
,,,,,,
"*Includes prison condition cases.",,,,,,
"Souce: Prisoner Petitions in Federal Courts,",,,,,,
"1990-1996, BJS Report, NCJ 164615 and",,,,,,
"Annual Report of the Director, annual. Washington,",,,,,,
"D.C.: Administrative Office of the United States",,,,,,
"Courts (table C-2).",,,,,,
