"Bureau of Justice Statistics",,,,,
"filename:  crc00t01.csv",,,,,
"table #:  1 Civil rights related complaints filed in U.S. district courts, 1990-00",,,,,
"report title: Civil rights complaints in U.S. district courts, 1990-98, NCJ 173427, tables updated through 2000",,,,,
"data source:  Administrative Office of the U.S. Courts, Civil Master File, annual",,,,,
"author:  Marika F. X. Litras",,,,,
"refer questions to : askbjs@ojp.usdoj.gov (202) 307-0765",,,,,
"date of version:  05/21/2002",,,,,
,,,,,
"Table 1.  Civil rights related complaints filed in U.S.",,,,,
"district courts, 1990-2000",,,,,
,,,,,
,,,,,
,"Number of",,"Civil rights related",,
,"all civil",,"complaints filed*",,
"Year","cases filed",,"Percent",,"Number"
,,,,,
"  1990",217879,,8.7,"%",18914
"  1991",210890,,9.4,,19892
"  1992",230509,,10.5,,24233
"  1993",229850,,12.0,,27655
"  1994",236391,,13.8,,32622
"  1995",248335,,14.7,,36600
"  1996",269132,,15.6,,42007
"  1997",272027,,15.9,,43278
"  1998",256787,,16.5,,42354
"  1999",260271,,15.9,,41304
"  2000",259517,,15.8,,40908
,,,,,
"* Does not include prisoner petitions.",,,,,
"Source: Annual Report of the Director, annual",,,,,
"Washington, D.C.: Administrative Office of",,,,,
"the United States Courts (table C-2).",,,,,
