"Bureau of Justice Statistics",,,,,,,
"filename:  crc00p5a.csv",,,,,,,
"table #:  Page 5 box1- Civil rights related class action suits",,,,,,,
"report title: Civil rights complaints in U.S. district courts, 1990-98, NCJ 173427, tables updated through 2000",,,,,,,
"data source:  Administrative Office of the U.S. Courts, Civil Master File, annual",,,,,,,
"author:  Marika F. X. Litras",,,,,,,
"refer questions to : askbjs@ojp.usdoj.gov (202) 307-0765",,,,,,,
"date of version:  05/15/2002",,,,,,,
,,,,,,,
"Civil rights-related class action suits",,,,,,,
,,,,,,,
"Year",,"Total","Employment","Housing","Welfare","Voting","Other"
,,,,,,,
1996,,213,68,16,3,7,119
1997,,217,70,16,12,4,15
1998,,265,85,14,14,5,147
1999,,211,74,11,4,2,120
2000,,273,79,16,9,3,166
,,,,,,,
"Note: Numbers to not include prisoner petitions.",,,,,,,
