"Bureau of Justice Statistics",,,,,,,,,,,
"filename:  cpu97301.csv",,,,,,,,,,,
"table:  3.1",,,,,,,,,,,
"report title:  Correctional Populations in the United States, 1997  NCJ 177613",,,,,,,,,,,
"data source:  Annual Probation Data Survey:  j:/groups/bjs_corr/thomas/p&p97.dat/prob97c.wk4 ""DATA""",,,,,,,,,,,
"author:  Tom Bonczar  bonczar@ojp.usdoj.gov (202)616-3615 and Lauren Glaze",,,,,,,,,,,
"date of version:  '04/09/99",,,,,,,,,,,
"Raw numbers and formulas location:  A10..G80",,,,,,,,,,,
"Paper version location:  I10..L60",,,,,,,,,,,
,,,,,,,,,,,
"Table 3.1.  Characteristics of adults on probation, 1997",,,,,,,,"Table 3.1.  Characteristics of adults on probation, 1997",,,
,,,,,,,,,"Number of adults",,
,,"Number of adults",,,,,,,"on probation","Percent of those",
,,"on probation",,"Percent of those",,,,,"from State or","persons with a",
,,"from State or",,"persons with a",,,,"Characteristic","Federal courts","known status",
"Characteristic",,"Federal courts",,"known status",,,,"      Total number of adults on probation",3266837,100,"%"
,,,,,,,,"Status of probation",1831690,100,"%"
"      Total number of adults on probation",,3266837,,100,"%",,,"   Execution of sentence suspended",427631,23," "
,,,,,,,,"   Imposition of sentence suspended",116146,6," "
"Status of probation",,1831690,,100,"%",,,"   Direct imposition of probation",1000805,55," "
" ",,,,,,,,"   Split sentence (incarceraton with probation)",163759,9," "
"   Execution of sentence suspended",,427631,,23," ",,,"   Other",123349,7," "
"   Imposition of sentence suspended",,116146,,6," ",,,"Status of supervision",3062894,100,"%"
"   Direct imposition of probation",,1000805,,55," ",,,"   Active supervision",2411938,79," "
"   Split sentence (incarceraton with probation)",,163759,,9," ",,,"   Inactive supervision",241177,8," "
"   Other",,123349,,7," ",,,"   Absconded from supervision",299920,10,
,,,,,,,,"   Supervised out of State",59573,2," "
"Status of supervision",,3062894,,100,"%",,,"   Other",50286,2," "
,,,,,,,,"Adults entering probation",963280,100,"%"
"   Active supervision",,2411938,,79," ",,,"   Probation without incarceration",741931,77," "
"   Inactive supervision",,241177,,8," ",,,"   Probation with incarceration",161013,17," "
"   Absconded from supervision",,299920,,10,,,,"   Probation of other types",60336,6," "
"   Supervised out of State",,59573,,2," ",,,"Aduts leaving probation",1161223,100,"%"
"   Other",,50286,,2," ",,,"   Successful completions",722747,62," "
,,,,,,,,"   Returned to incarceration",217455,19," "
"Adults entering probation",,963280,,100,"%",,,"      With new sentence",60238,5," "
,,,,,,,,"      With the same sentence",157217,14," "
"   Probation without incarceration",,741931,,77," ",,,"   Other unsuccessful",136952,12," "
"   Probation with incarceration",,161013,,17," ",,,"   Death",6911,1," "
"   Probation of other types",,60336,,6," ",,,"   Other",77158,7," "
,,,,,,,,"Sex of adults on probation",2560046,100,"%"
"Aduts leaving probation",,1161223,,100,"%",,,"   Male",2023069,79," "
,,,,,,,,"   Female",536977,21," "
"   Successful completions",,722747,,62," ",,,"Race of adults on probation",2258217,100,"%"
"   Returned to incarceration",,217455,,19," ",,,"   White",1448241,64," "
"      With new sentence",,60238,,5," ",,,"   Black",777974,34," "
"      With the same sentence",,157217,,14," ",,,"   American Indian/Alaska Native",21257,1," "
"   Other unsuccessful",,136952,,12," ",,,"   Asian/Pacific Islander",10745,"-- ",
"   Death",,6911,,1," ",,,"Hispanic origin of adults on probation",1900912,100,"%"
"   Other",,77158,,7," ",,,"   Hispanic",305326,16," "
,,,,,,,,"   Non-Hispanic",1595586,84," "
"Gender of adults on probation",,2560046,,100,"%",,,"Type of offense of adults on probation",2752775,100,"%"
,,,,,,,,"   Felony",1483754,54," "
"   Male",,2023069,,79," ",,,"   Misdemeanor",790358,29," "
"   Female",,536977,,21," ",,,"   Driving while intoxicated",382970,14," "
,,,,,,,,"   Other infractions",95693,3," "
"Race of adults on probation",,2258217,,100,"%",,,"Note: Detail may not sum to total because of rounding.  See the detailed tables, the questionnaire,",,,
,,,,,,,,"and the Explanatory notes for definitions, limitations, and exceptions.",,,
"   White",,1448241,,64," ",,,"For every characteristic there were persons of unknown status or type; their numbers are in the detailed tables.",,,
"   Black",,777974,,34," ",,,"Jurisdictions failed to report data for 44% of ""status of probation,"" 6% of ""status of supervision,""",,,
"   American Indian/Alaska Native",,21257,,1," ",,,"44% of ""adults entering probation,"" 29% of ""adults leaving probation,"" 22% of ""sex of adults on probation,""",,,
"   Asian/Pacific Islander",,10745,,"-- ",,,,"30% of ""race of adults on probation,"" 42% of ""Hispanic origin of adults on probation,""",,,
,,,,,,,,"and 16% of ""type of offense of adults on probation.""",,,
"Hispanic origin of adults on probation",,1900912,,100,"%",,,"-- Less than 0.5%.",,,
,,,,,,,,,,,
"   Hispanic",,305326,,16," ",,,,,,
"   Non-Hispanic",,1595586,,84," ",,,,,,
,,,,,,,,,,,
"Type of offense of adults on probation",,2752775,,100,"%",,,,,,
,,,,,,,,,,,
"   Felony",,1483754,,54," ",,,,,,
"   Misdemeanor",,790358,,29," ",,,,,,
"   Driving while intoxicated",,382970,,14," ",,,,,,
"   Other infractions",,95693,,3," ",,,,,,
,,,,,,,,,,,
,,,,,,,,,,,
"Note: Detail may not sum to total because of rounding.  See the detailed tables, the questionnaire,",,,,,,,,,,,
"and the Explanatory notes for definitions, limitations, and exceptions.",,,,,,,,,,,
"For every characteristic there were persons of unknown status or type; their numbers are in the detailed tables.",,,,,,,,,,,
"Jurisdictions failed to report data for 44% of ""status of probation,"" 6% of ""status of supervision,""",,,,,,,,,,,
"44% of ""adults entering probation,"" 29% of ""adults leaving probation,"" 22% of ""gender of adults on probation,""",,,,,,,,,,,
"30% of ""race of adults on probation,"" 42% of ""Hispanic origin of adults on probation,""",,,,,,,,,,,
"and 16% of ""type of offense of adults on probation.""",,,,,,,,,,,
"-- Less than 0.5%.",,,,,,,,,,,
