Bureau of Justice Statistics,,,,,,,
Filename: aullea07btt01.csv,,,,,,,
"Box text table 1. Functions performed by multi-craft units, by type of aircraft used, 2007",,,,,,,
"Report title: Aviation Units in Large Law Enforcement Agencies, 2007 NCJ 226672",,,,,,,
"Data source: Census of Law Enforcement Aviation Units, 2007",,,,,,,
Author: Lynn Langton,,,,,,,
Refer questions to: askbjs@usdoj.gov 202-307-0765,,,,,,,
Date of version: 07/09/2009,,,,,,,

"Box text table 1. Functions performed by multi-craft units, by type of aircraft used, 2007",,,,,,,
,Units performing function,,,Percent of units performing the function with --,,,
Functions served,Number,Percent ,,Planes,,Helicopters,
Photographic ,74,99,%,76,%,100,%
Surveillance,72,96,,86,,100,
Drug location / interdiction ,72,96,,74,,95,
Fugitive searches,72,96,,42,,99,
Routine patrol / patrol support ,70,93,,51,,94
Search and rescue ,70,93,,46,,100
Pilot training,69,92,,91,,100
Personnel transport,64,85,,97,,84
SWAT operations,62,83,,26,,100
VIP flights ,51,68,,77,,90
Traffic enforcement,46,61,,59,,65
Firefighting / fire support ,42,56,,24,,100
Speed enforcement ,36,48,,81,,47
Prisoner transport,33,44,,88,,34
Medical support / evacuation ,28,38,,25,,96
Cargo / load operations,29,39,,31,,100
Note: Based on 75 multicraft aviation units. Includes multicraft units which ,,,,,,
reported serving in the listed function. Percentages will not sum to 100% ,,,,,,
because units may use both planes and helicopters for the functions. ,,,,,,
