Bureau of Justice Statistics,,,,,,,,,,
Filename: aullea07at03.csv,,,,,,,,,,
"Appendix table 3. Number of aircraft operated by aviation units, by type of agency, 2007.",,,,,,,,,,
"Report title: Aviation Units in Large Law Enforcement Agencies, 2007 NCJ 226672",,,,,,,,,,
"Data source: Census of Law Enforcement Aviation Units, 2007",,,,,,,,,,
Author: Lynn Langton,,,,,,,,,,
Refer questions to: askbjs@usdoj.gov 202-307-0765,,,,,,,,,,
Date of version: 07/09/2009,,,,,,,,,,

"Appendix table 3. Number of aircraft operated by aviation units, by type of agency, 2007.",,,,,,,,,,
,,,Aircraft operated-,,Percent of aviation units operating-,,,,,
Type of agency and aircraft,,Number of units operating aircraft,Total number,Median per unit*,1 aircraft,,2-5 aircraft,,6 or more aircraft,
All agencies,,201,899,3,16,%,60,%,24,%
,Planes,100,295,2,50,,38,,12,
,Helicopters,176,604,3,19,,66,,15,
State police,,44,384,6,2,,36,,62,
,Planes,39,204,4,13,,55,,32
,Helicopters,34,180,4,15,,47,,38
Municipal police,,68,237,3,15,,66,,19
,Planes,19,27,1,74,,26,,0
,Helicopters,65,210,3,19,,68,,14
County police,,13,35,3,15,,85,,0
,Planes,2,5,3,33,,67,,0
,Helicopters,12,30,3,17,,83,,0
Sheriff's offices,,76,243,2,25,,65,,11
,Planes,40,59,1,73,,28,,0
,Helicopters,65,184,2,22,,72,,6
"*Medians for planes are calculated from only aviation units which operated a plane in 2007, and medians for ",,,,,,,,,
helicopters are based only on the units which operated a helicopter. ,,,,,,,,,
