Bureau of Justice Statistics,,
Filename: aullea07f03.csv,,
Figure 3. Functions performed by aviation units operating helicopters,,
"Report title: Aviation Units in Large Law Enforcement Agencies, 2007 NCJ 226672",,
"Data source: Census of Law Enforcement Aviation Units, 2007",,
Author: Lynn Langton,,
Refer questions to: askbjs@usdoj.gov 202-307-0765,,
Date of version: 07/09/2009,,

Figure 3. Functions performed by aviation units operating helicopters,,
Function,Percent of units,
Prisoner transport,11,%
Speed enforcement,27,
Medical support / evacuation,29,
Cargo / load operations,30,
Traffic enforcement,47,
Firefighting / fire support,54
VIP flights,55
Personnel transport,60
SWAT operations,74
Drug location / interdiction,89
Search and rescue,90
Pilot training,90
Fugitive searches,91
Routine patrol / patrol support,93
Surveillance,97
Photographic,99
Note: Based on 176 units operating at least one helicopter in 2007.,
