Bureau of Justice Statistics,
Filename: aullea07f05.csv,
"Figure 5. Median number of personnel employed by or assigned to aviation units, by type of agency, 2007",
"Report title: Aviation Units in Large Law Enforcement Agencies, 2007 NCJ 226672",
"Data source: Census of Law Enforcement Aviation Units, 2007",
Author: Lynn Langton,
Refer questions to: askbjs@usdoj.gov 202-307-0765,
Date of version: 07/09/2009,

"Figure 5. Median number of personnel employed by or assigned to aviation units, by type of agency, 2007 ",
Type of agency,Median number of personnel per unit
All agencies,9.5
State police,12
Municipal police,9.75
County police,13
Sheriffs' offices,8.5
