Bureau of Justice Statistics,,
Filename: aullea07tt06.csv,,
"Text table 6. Percent of aviation units or agencies paying for pilot training, by type of training, 2007.",,
"Report title: Aviation Units in Large Law Enforcement Agencies, 2007 NCJ 226672",,
"Data source: Census of Law Enforcement Aviation Units, 2007",,
Author: Lynn Langton,,
Refer questions to: askbjs@usdoj.gov 202-307-0765,,
Date of version: 07/09/2009,,

"Text table 6. Percent of aviation units or agencies paying for pilot training, by type of training, 2007.",,
Type of pilot training,Paying for pilot training,
Initial,42,%
Advanced,73,
Recurrent,93,
Note: Data are available for 199 units (or 99%).,,
