Bureau of Justice Statistics,,
Filename: aullea07f01.csv,,
"Figure 1. Select operations performed by aviation units, 2007",,
"Report title: Aviation Units in Large Law Enforcement Agencies, 2007 NCJ 226672",,
"Data source: Census of Law Enforcement Aviation Units, 2007",,
Author: Lynn Langton,,
Refer questions to: askbjs@usdoj.gov 202-307-0765,,
Date of version: 07/09/2009,,

"Figure 1. Select operations performed by aviation units, 2007",,
Activity,Percent of units (N=201),
Prisoner transport,22,%
Emergency medical response,26,
SWAT member insertion,36,
Firefighting,57,
Counterterrorism missions,79,
Counternarcotics missions,89
Vehicle pursuit,92
