Bureau of Justice Statistics,,,,,,,,,,,
Filename: aullea07t12.csv,,,,,,,,,,,
"Table12. Pilot and pilot candidate qualifications, by type of law enforcement agency, 2007.",,,,,,,,,,,
"Report title: Aviation Units in Large Law Enforcement Agencies, 2007 NCJ 226672",,,,,,,,,,,
"Data source: Census of Law Enforcement Aviation Units, 2007",,,,,,,,,,,
Author: Lynn Langton,,,,,,,,,,,
Refer questions to: askbjs@usdoj.gov 202-307-0765,,,,,,,,,,,
Date of version: 07/09/2009,,,,,,,,,,,

"Table12. Pilot and pilot candidate qualifications, by type of law enforcement agency, 2007.",,,,,,,,,,,
,,Percent of aviation units with requirements for pilots-,,,,,,,,,
Qualification,,All agencies,,State police,,Municipal police,,County police ,,Sheriffs' offices ,
Sworn officer designation mandatory,,,,,,,,,,,
,Plane pilots/a,69,%,74,%,74,%,100,%,60,%
,Helicopter pilots/b,73,,79,,80,,83,,60,
Minimum law enforcement experience-/c,,52,%,64,%,68,%,62,%,30,%
,Under 1 year,7,,16,,3,,0,,7,
,2-4,36,,39,,50,,54,,18,
,Over 5,10,,9,,15,,8,,5,
Law enforcement experience within the same agency,,42,%,58,%,55,%,54,%,19,%
Prior held pilot ratings,,63,%,82,%,44,%,62,%,70,%
Note: Includes agencies operating at least one plane or helicopter in 2007.,,,,,,,,,,,
a/Based on 100 units operating planes in 2007.,,,,,,,,,,,
b/Based on 176 units operating helicopters in 2007.,,,,,,,,,,,
c/Data available for 199 aviation units ( or 99%). ,,,,,,,,,,,
