Bureau of Justice Statistics,,,,,
Filename: aullea07t01.csv,,,,,
"Table 1.Law enforcement agencies with 100 or more sworn personnel and aviation units, by agency type and size, 2007 ",,,,,
"Report title: Aviation Units in Large Law Enforcement Agencies, 2007 NCJ 226672",,,,,
"Data source: Census of Law Enforcement Aviation Units, 2007",,,,,
Author: Lynn Langton,,,,,
Refer questions to: askbjs@usdoj.gov 202-307-0765,,,,,
Date of version: 07/09/2009,,,,,

"Table 1.Law enforcement agencies with 100 or more sworn personnel and aviation units, by agency type and size, 2007 ",,,,,
,,,Agencies with aviation units,,
Agency type and size,,All agencies,Number,Percent of agencies,
All agencies,,941,201,21,%
,State police,49,44,90,
,Municipal police,519,68,13,
,County police,34,13,38,
,Sheriffs' offices,337,76,23,
,Tribal police,2,0,0,
 Full-time sworn personnel*,,,,,
,100-249,543,32,6,%
,250-499,208,48,23,
,500-999,101,55,54,
,"1,000 or more",89,66,74,
Note: Includes the 941 agencies reporting 100 or more full-time sworn ,,,,,
officers in the 2003 LEMAS and the 201 law enforcement agencies with ,,,,,
100 or more full-time sworn officers that operated at least one plane or ,,,,,
helicopter in 2007. See Methodology for details on survey sample.,,,,,
*Agency personnel data based on the 2003 LEMAS survey.,,,,,
