Bureau of Justice Statistics,,,,,,,
Filename: aullea07t11.csv,,,,,,,
"Table 11. Law enforcement aviation unit personnel, by position title, 2007",,,,,,,
"Report title: Aviation Units in Large Law Enforcement Agencies, 2007 NCJ 226672",,,,,,,
"Data source: Census of Law Enforcement Aviation Units, 2007",,,,,,,
Author: Lynn Langton,,,,,,,
Refer questions to: askbjs@usdoj.gov 202-307-0765,,,,,,,
Date of version: 07/09/2009,,,,,,,

"Table 11. Law enforcement aviation unit personnel, by position title, 2007",,,,,,,
,,,,Sworn personnel,,Non-sworn personnel*,
Position title,,Number of units,Median number of employees per unit,Full-time,Part-time,Full-time,Part-time
,All personnel,201,10.0,"2,032",547,522,317
Pilot,,200,4.5,"1,336",111,149,139
Observer or tactical flight officer,,130,3.5,374,392,4,29
Paramedic or emergency medical technician,,19,6.0,110,25,37,29
Airframe and powerplant mechanic,,130,2.0,70,8,241,40
Administrator,,80,1.0,124,10,72,13
Other,,15,2.0,18,1,19,43
Note: Data available for 200 units (or 99.5%). Includes units operating at least one plane ,,,,,,,
or helicopter and reporting at least one part-time employee assigned to the position ,,,,,,,
within the unit.,,,,,,,
*Includes non-sworn employees and contractors.,,,,,,,
