"Bureau of Justice Statistics",,,,,,,,,,,,,
"filename:  cv9732.csv",,,,,,,,,,,,,
"Table 32: Percent distribution of victimizations",,,,,,,,,,,,,
"by perceived drug or alcohol use by offender",,,,,,,,,,,,,
"data source: National Criminal Victimization Survey, 1997   NCJ 174446",,,,,,,,,,,,,
"produced by:  Cathy Maston ",,,,,,,,,,,,,
"authors:  Patsy Klaus and Cathy Maston",,,,,,,,,,,,,
"refer questions to:  askbjs@ojp.usdoj.gov     202-307-0765",,,,,,,,,,,,,
"date of version: 07/15/00",,,,,,,,,,,,,
,,,,,,,,,,,,,
,,,,,,,,,,,,,
"Table 32. Personal crimes of violence, 1997:",,,,,,,,,,,,,
,,,,,,,,,,,,,
"Percent distribution of victimizations",,,,,,,,,,,,,
"by perceived drug or alcohol use by offender",,,,,,,,,,,,,
,,,,,,,,,,,,,
,,,,,,,,,,,,,
,,,,,,,,,,,,,
,,,,,,,,,"Percent of victimizations",,,,
,,"Crimes",,"Rape/",,,,,,,,,
"Perceived drug or",,"of",,"Sexual",,,,,,"Assault",,,
"alcohol use by offender",,"violence",,"assault/a",,"Robbery",,"     Total",,"Aggravated",,"   Simple",
,,,,,,,,,,,,,
,,,,,,,,,,,,,
"Total victimizations",,100.0,"%",100.0,"%",100.0,"%",100.0,"%",100.0,"%",100.0,"%"
,,,,,,,,,,,,,
"Total (Perceived to be",,31.2,,42.3,,21.1,,32.0,,39.1,,29.6,
"under the influence",,,,,,,,,,,,,
"of drugs or alcohol)",,,,,,,,,,,,,
,,,,,,,,,,,,,
"  Under the influence of alcohol",,18.5,,28.5,,10.0,,19.1,,20.4,,18.7,
"  Under the influence of drugs",,5.9,,6.5,"*",6.4,,5.8,,7.7,,5.1,
"  Under the influence of both",,5.2,,7.3,"*",3.9,,5.3,,8.0,,4.4,
"    drugs and alcohol",,,,,,,,,,,,,
"  Under the influence of one,",,1.4,,0.0,"*",0.8,"*",1.6,,2.7,,1.2,
"    not sure which",,,,,,,,,,,,,
"  Not available whether",,0.2,"*",0.0,"*",0.0,"*",0.2,"*",0.2,"*",0.2,"*"
"    drugs or alcohol",,,,,,,,,,,,,
,,,,,,,,,,,,,
"Not on alcohol or drugs",,26.5,,24.6,,14.4,,28.2,,19.9,,31.0,
"Don't know or not ascertained",,42.3,,33.1,,64.6,,39.8,,41.0,,39.4,
,,,,,,,,,,,,,
,,,,,,,,,,,,,
"Note: Detail may not add to total shown because of rounding.",,,,,,,,,,,,,
"* Estimate is based on about 10 or fewer sample cases.",,,,,,,,,,,,,
"a/Includes verbal threats of rape and threats of sexual assault.",,,,,,,,,,,,,
