"Bureau of Justice Statistics",,,,,,,,,,,,,,
"filename:  cv9730.csv",,,,,,,,,,,,,,
"Table 30: Percent of victimizations involving strangers,",,,,,,,,,,,,,,
"by gender and race of victims and type of crime",,,,,,,,,,,,,,
"data source: National Criminal Victimization Survey, 1997   NCJ 174446",,,,,,,,,,,,,,
"produced by:  Cathy Maston ",,,,,,,,,,,,,,
"authors:  Patsy Klaus and Cathy Maston",,,,,,,,,,,,,,
"refer questions to:  askbjs@ojp.usdoj.gov     202-307-0765",,,,,,,,,,,,,,
"date of version: 07/15/00",,,,,,,,,,,,,,
,,,,,,,,,,,,,,
,,,,,,,,,,,,,,
"Table 30. Personal crimes of violence, 1997:",,,,,,,,,,,,,,
,,,,,,,,,,,,,,
"Percent of victimizations involving strangers,",,,,,,,,,,,,,,
"by gender and race of victims and type of crime",,,,,,,,,,,,,,
,,,,,,,,,,,,,,
,,,,,,,,,,"Percent of victimizations involving strangers",,,,
,,,"Crimes",,"Rape/",,,,,,,,,
,,,"of",,"Sexual",,,,,,"Assault",,,
"Gender and race",,,"violence",,"assault/a",,"Robbery",,"     Total",,"Aggravated",,"   Simple",
,,,,,,,,,,,,,,
,,,,,,,,,,,,,,
"Both gender",,,,,,,,,,,,,,
,"White",,49.4,"%",34.6,"%",72.7,"%",47.3,"%",59.6,"%",43.3,"%"
,"Black",,51.0,,17.4,"*",76.5,,47.6,,46.0,,48.3,
,,,,,,,,,,,,,,
"Male",,,,,,,,,,,,,,
,"White",,59.7,,34.6,"*",81.8,,56.9,,64.3,,54.1,
,"Black",,61.1,,0.0,"*",80.4,,56.5,,59.7,,55.1,
,,,,,,,,,,,,,,
"Female",,,,,,,,,,,,,,
,"White",,35.9,,34.6,,53.6,,34.5,,51.4,,30.0,
,"Black",,38.6,,18.6,"*",66.0,,37.4,,29.3,,40.8,
,,,,,,,,,,,,,,
,,,,,,,,,,,,,,
"Note: Excludes data on persons of ""Other"" races.",,,,,,,,,,,,,,
"* Estimate is based on about 10 or fewer sample cases.",,,,,,,,,,,,,,
"a/Includes verbal threats of rape and threats of sexual assault.",,,,,,,,,,,,,,
