"Bureau of Justice Statistics",,,,,,,,,,,,,,,,,
"filename:  cv9734.csv",,,,,,,,,,,,,,,,,
"Table 34: Percent distribution of victimizations,",,,,,,,,,,,,,,,,,
"by type of crime and relationship to offender",,,,,,,,,,,,,,,,,
"data source: National Criminal Victimization Survey, 1997   NCJ 174446",,,,,,,,,,,,,,,,,
"produced by:  Cathy Maston ",,,,,,,,,,,,,,,,,
"authors:  Patsy Klaus and Cathy Maston",,,,,,,,,,,,,,,,,
"refer questions to:  askbjs@ojp.usdoj.gov     202-307-0765",,,,,,,,,,,,,,,,,
"date of version: 07/15/00",,,,,,,,,,,,,,,,,
,,,,,,,,,,,,,,,,,
,,,,,,,,,,,,,,,,,
"Table 34. Family violence, 1997:",,,,,,,,,,,,,,,,,
,,,,,,,,,,,,,,,,,
"Percent distribution of victimizations,",,,,,,,,,,,,,,,,,
"by type of crime and relationship to offender",,,,,,,,,,,,,,,,,
,,,,,,,,,,,,,,,,,
,,,,,,,,,"Percent of victimizations",,,,,,,,
,,"Total",,,,,,,,"Related",,,,,,,
,,"number of",,"Total",,,,,,"Ex-",,,,"  Own",,"Other",
"Type of crime",,"victimizations",,"crimes",,"Total",," Spouse",,"spouse",,"Parent",,"  child",,"relatives",
,,,,,,,,,,,,,,,,,
,,,,,,,,,,,,,,,,,
"Crimes of violence",,8614070,,100,"%",8.6,"%",3.0,"%",1.3,"%",0.5,"%",0.7,"%",3.1,"%"
,,,,,,,,,,,,,,,,,
"   Completed violence",,2679080,,100,,10.9,,4.8,,1.5,,1.3,,0.6,"*",2.8,
"   Attempted/threatened violence",,5934990,,100,,7.6,,2.2,,1.2,,0.2,"*",0.7,,3.2,
"   Rape/Sexual assault/b",,311110,,100,,10.3,,3.2,"*",0.6,"*",2.2,"*",0.0,"*",4.2,"*"
"   Robbery",,943940,,100,,5.5,,2.6,"*",0.8,"*",0.4,"*",0.2,"*",1.4,"*"
"      Completed/property taken",,606660,,100,,4.5,"*",2.0,"*",0.4,"*",0.7,"*",0.0,"*",1.5,"*"
"      Attempted to take property",,337280,,100,,7.1,"*",3.7,"*",1.5,"*",0.0,"*",0.6,"*",1.3,"*"
"   Assault",,7359030,,100,,9.0,,3.0,,1.4,,0.5,,0.8,,3.3,
"      Aggravated",,1883110,,100,,7.1,,2.9,,1.2,"*",0.2,"*",0.3,"*",2.6,
"      Simple",,5475920,,100,,9.6,,3.1,,1.5,,0.6,,0.9,,3.5,
,,,,,,,,,,,,,,,,,
,,,,,,,"Percent of victimizations",,,,,,,,,,
,,,,"Casual",,"Don't know",,,,"Don't know",,,,,,,
,,"   Well-",,"acquaint-",,"relation-",,,,"number of",,,,,,,
"Type of crime",,"   known/a",,"ances",,"ship",,"Strangers",,"offenders",,,,,,,
,,,,,,,,,,,,,,,,,
,,,,,,,,,,,,,,,,,
"Crimes of violence",,25.8,"%",15.4,"%",2.3,"%",46.5,"%",1.4,"%",,,,,,
,,,,,,,,,,,,,,,,,
"   Completed violence",,30.6,,13.6,,2.4,,40.4,,2.1,,,,,,,
"   Attempted/threatened violence",,23.7,,16.2,,2.2,,49.2,,1.1,,,,,,,
"   Rape/Sexual assault/b",,38.3,,19.7,,0.7,"*",30.4,,0.7,"*",,,,,,
"   Robbery",,11.6,,8.6,,4.9,,66.1,,3.3,,,,,,,
"      Completed/property taken",,11.8,,10.3,,4.1,"*",65.6,,3.8,"*",,,,,,
"      Attempted to take property",,11.2,,5.7,"*",6.5,"*",67.2,,2.3,"*",,,,,,
"   Assault",,27.1,,16.1,,2.0,,44.6,,1.2,,,,,,,
"      Aggravated",,23.2,,11.8,,2.9,,52.6,,2.5,,,,,,,
"      Simple",,28.5,,17.6,,1.7,,41.8,,0.7,,,,,,,
,,,,,,,,,,,,,,,,,
,,,,,,,,,,,,,,,,,
"Note: Detail may not add to total shown because of rounding.",,,,,,,,,,,,,,,,,
"* Estimate is based on about 10 or fewer sample cases.",,,,,,,,,,,,,,,,,
"a/Includes data on offenders well known to the victim whose relationship",,,,,,,,,,,,,,,,,
"to the victim could not be ascertained.",,,,,,,,,,,,,,,,,
"b/Includes verbal threats of rape and threats of sexual assault.",,,,,,,,,,,,,,,,,
