"Bureau of Justice Statistics",,,,,,,,,,,,,
"filename:  cv9744.csv",,,,,,,,,,,,,
"Table 44: Percent distribution of multiple-offender victimizations,",,,,,,,,,,,,,
"by type of crime and perceived gender of offenders",,,,,,,,,,,,,
"data source: National Criminal Victimization Survey, 1997   NCJ 174446",,,,,,,,,,,,,
"produced by:  Cathy Maston ",,,,,,,,,,,,,
"authors:  Patsy Klaus and Cathy Maston",,,,,,,,,,,,,
"refer questions to:  askbjs@ojp.usdoj.gov     202-307-0765",,,,,,,,,,,,,
"date of version: 07/15/00",,,,,,,,,,,,,
,,,,,,,,,,,,,
,,,,,,,,,,,,,
"Table 44. Personal crimes of violence, 1997:",,,,,,,,,,,,,
,,,,,,,,,,,,,
"Percent distribution of multiple-offender victimizations,",,,,,,,,,,,,,
"by type of crime and perceived gender of offenders",,,,,,,,,,,,,
,,,,,,,,,,,,,
"       ",,,,,,"Percent of all multiple-offender victimizations",,,,,,,
"                                                                                                                                         ",,"Number of",,,,,"Perceived gender of offenders",,,,,,
,,"multiple-",,,,,,,,,,"Not known",
"                                                                                                                ",,"offender",,,," All",,"All",,"Male and",,"and not",
"Type of crime",,"victimizations",,"Total",," male",,"female",,"female",,"available",
,,,,,,,,,,,,,
,,,,,,,,,,,,,
"Crimes of violence",,1757460,,100,"%",73.0,"%",8.5,"%",16.8,"%",1.7,"%"
,,,,,,,,,,,,,
"   Completed violence",,632760,,100,,77.7,,5.9,,14.0,,2.3,"*"
"   Attempted/threatened violence",,1124690,,100,,70.4,,9.9,,18.4,,1.3,"*"
"   Rape/Sexual assault/a",,20870,"*",100,"*",100.0,"*",0.0,"*",0.0,"*",0.0,"*"
"   Robbery",,348240,,100,,86.9,,0.0,"*",8.8,,4.3,"*"
"      Completed/property taken",,238300,,100,,85.7,,0.0,"*",10.2,"*",4.2,"*"
"         With injury",,102550,,100,,83.0,,0.0,"*",9.6,"*",7.4,"*"
"         Without injury",,135740,,100,,87.7,,0.0,"*",10.6,"*",1.7,"*"
"      Attempted to take property",,109930,,100,,89.6,,0.0,"*",5.7,"*",4.6,"*"
"         With injury",,22570,"*",100,"*",91.6,"*",0.0,"*",8.4,"*",0.0,"*"
"         Without injury",,87360,,100,,89.1,,0.0,"*",5.0,"*",5.8,"*"
"   Assault",,1388330,,100,,69.1,,10.7,,19.1,,1.0,"*"
"      Aggravated",,494940,,100,,73.8,,5.9,,19.9,,0.5,"*"
"      Simple",,893390,,100,,66.6,,13.4,,18.7,,1.3,"*"
,,,,,,,,,,,,,
,,,,,,,,,,,,,
"Note: Detail may not add to total shown because of rounding.",,,,,,,,,,,,,
"* Estimate is based on about 10 or fewer sample cases.",,,,,,,,,,,,,
"a/Includes verbal threats of rape and threats of sexual assault.",,,,,,,,,,,,,
