"Bureau of Justice Statistics",,,,,,,,,,,,,,,,,
"filename:  cv9745.csv",,,,,,,,,,,,,,,,,
"Table 45: Percent distribution of multiple-offender victimizations,",,,,,,,,,,,,,,,,,
"by type of crime and perceived age of offenders",,,,,,,,,,,,,,,,,
"data source: National Criminal Victimization Survey, 1997   NCJ 174446",,,,,,,,,,,,,,,,,
"produced by:  Cathy Maston ",,,,,,,,,,,,,,,,,
"authors:  Patsy Klaus and Cathy Maston",,,,,,,,,,,,,,,,,
"refer questions to:  askbjs@ojp.usdoj.gov     202-307-0765",,,,,,,,,,,,,,,,,
"date of version: 07/15/00",,,,,,,,,,,,,,,,,
,,,,,,,,,,,,,,,,,
,,,,,,,,,,,,,,,,,
"Table 45. Personal crimes of violence, 1997:",,,,,,,,,,,,,,,,,
,,,,,,,,,,,,,,,,,
"Percent distribution of multiple-offender victimizations,",,,,,,,,,,,,,,,,,
"by type of crime and perceived age of offenders",,,,,,,,,,,,,,,,,
,,,,,,,,,,,,,,,,,
,,,,,,,,,,,,,"Percent of all multiple-offender victimizations",,,,
,,"Number of",,,,,,,,,,"Perceived age of offenders",,,,,
"       ",,"multiple-",,,,,,,,,,,,,,"Not known",
"                                                                                                                                         ",,"offender",,,,"All",,"All",,"All",,"All 30",," Mixed",,"and not",
"Type of crime",,"victimizations",,"Total",,"under 12",,"12-20",,"21-29",,"and over",," ages",,"available",
,,,,,,,,,,,,,,,,,
,,,,,,,,,,,,,,,,,
"Crimes of violence",,1757460,,100,"%",0.4,"%*",46.4,"%",10.6,"%",7.9,"%",27.6,"%",7.1,"%"
,,,,,,,,,,,,,,,,,
"   Completed violence",,632760,,100,,0.0,"*",44.8,,13.9,,6.9,,26.5,,7.9,
"   Attempted/threatened violence",,1124690,,100,,0.6,"*",47.3,,8.7,,8.5,,28.3,,6.6,
"   Rape/Sexual assault/a",,20870,"*",100,"*",0.0,"*",24.4,"*",0.0,"*",0.0,"*",64.2,"*",11.4,"*"
"   Robbery",,348240,,100,,0.0,"*",42.1,,14.7,,6.8,"*",26.4,,10.1,
"      Completed/property taken",,238300,,100,,0.0,"*",42.6,,12.5,,8.0,"*",26.5,,10.3,"*"
"         With injury",,102550,,100,,0.0,"*",50.2,,12.2,"*",7.5,"*",21.5,"*",8.6,"*"
"         Without injury",,135740,,100,,0.0,"*",37.0,,12.8,"*",8.3,"*",30.4,,11.6,"*"
"      Attempted to take property",,109930,,100,,0.0,"*",41.0,,19.3,"*",4.2,"*",26.0,,9.5,"*"
"         With injury",,22570,"*",100,"*",0.0,"*",12.2,"*",46.3,"*",0.0,"*",41.5,"*",0.0,"*"
"         Without injury",,87360,,100,,0.0,"*",48.5,,12.4,"*",5.3,"*",22.0,"*",11.9,"*"
"   Assault",,1388330,,100,,0.5,"*",47.8,,9.7,,8.3,,27.4,,6.3,
"      Aggravated",,494940,,100,,0.4,"*",46.3,,7.3,,12.8,,24.8,,8.3,
"      Simple",,893390,,100,,0.5,"*",48.6,,11.0,,5.8,,28.8,,5.2,
,,,,,,,,,,,,,,,,,
,,,,,,,,,,,,,,,,,
"Note: Detail may not add to total shown because of rounding.",,,,,,,,,,,,,,,,,
"* Estimate is based on about 10 or fewer sample cases.",,,,,,,,,,,,,,,,,
"a/Includes verbal threats of rape and threats of sexual assault.",,,,,,,,,,,,,,,,,
