"Bureau of Justice Statistics",,,,,,,,,,,,,,,,,
"filename:  cv9749.csv",,,,,,,,,,,,,,,,,
"Table 49: Percent distribution of multiple-offender victimizations,",,,,,,,,,,,,,,,,,
"by type of crime and detailed victim-offender relationship",,,,,,,,,,,,,,,,,
"data source: National Criminal Victimization Survey, 1997   NCJ 174446",,,,,,,,,,,,,,,,,
"produced by:  Cathy Maston ",,,,,,,,,,,,,,,,,
"authors:  Patsy Klaus and Cathy Maston",,,,,,,,,,,,,,,,,
"refer questions to:  askbjs@ojp.usdoj.gov     202-307-0765",,,,,,,,,,,,,,,,,
"date of version: 07/15/00",,,,,,,,,,,,,,,,,
,,,,,,,,,,,,,,,,,
,,,,,,,,,,,,,,,,,
"Table 49. Personal crimes of violence, 1997:",,,,,,,,,,,,,,,,,
,,,,,,,,,,,,,,,,,
"Percent distribution of multiple-offender victimizations,",,,,,,,,,,,,,,,,,
"by type of crime and detailed victim-offender relationship",,,,,,,,,,,,,,,,,
,,,,,,,,,,,,,,,,,
,,"Number of",,,,,,,,,,,"Percent of multiple-offender victimizations",,,,
,,"multiple-",,,,,,,,,"Some or all related",,,,,,
,,"offender",,,,,,"Spouses and",,,,"Own",,"Brothers",,"Other",
"Type of crime",,"victimizations",,"Total",,"Total",,"ex-spouses",,"Parents",,"children",,"and sisters",,"relatives",
,,,,,,,,,,,,,,,,,
,,,,,,,,,,,,,,,,,
"Crimes of violence",,1757460,,100,"%",2.2,"%",0.4,"%*",0.0,"%*",0.0,"%*",0.3,"%*",1.5,"%"
,,,,,,,,,,,,,,,,,
"   Completed violence",,632770,,100,,0.8,"*",0.4,"*",0.0,"*",0.0,"*",0.0,"*",0.4,"*"
"   Attempted/threatened violence",,1124700,,100,,3.0,,0.5,"*",0.0,"*",0.0,"*",0.4,"*",2.1,"*"
"   Rape/Sexual assault/b",,20880,"*",100,"*",0.0,"*",0.0,"*",0.0,"*",0.0,"*",0.0,"*",0.0,"*"
"   Robbery",,348240,,100,,0.0,"*",0.0,"*",0.0,"*",0.0,"*",0.0,"*",0.0,"*"
"      Completed/property taken",,238300,,100,,0.0,"*",0.0,"*",0.0,"*",0.0,"*",0.0,"*",0.0,"*"
"      Attempted to take property",,109940,,100,,0.0,"*",0.0,"*",0.0,"*",0.0,"*",0.0,"*",0.0,"*"
"   Assault",,1388340,,100,,2.8,,0.6,"*",0.0,"*",0.0,"*",0.3,"*",1.9,"*"
"      Aggravated",,494940,,100,,0.6,"*",0.6,"*",0.0,"*",0.0,"*",0.0,"*",0.0,"*"
"      Simple",,893400,,100,,4.0,,0.5,"*",0.0,"*",0.0,"*",0.5,"*",2.9,"*"
,,,,,,,,,,,,,,,,,
,,,,,,,,,,,,,,,,,
,,,,,,,,,,,,,,,,,
,,,,,,,,,,,,,,,,,
,,,,"Some or",,,,,,,,,,,,,
,,"Some or all",,"all casual",,,,,,,,,,,,,
,,"well known,",,"acquaint-",,"Don't",,,,,,,,,,,
"Type of crime",,"not related/a",,"ances",,"know",,"Stranger",,,,,,,,,
,,,,,,,,,,,,,,,,,
,,,,,,,,,,,,,,,,,
"Crimes of violence",,10.1,"%",14.9,"%",1.1,"%",71.7,"%",,,,,,,,
,,,,,,,,,,,,,,,,,
"   Completed violence",,8.4,,13.3,,1.2,"*",76.4,,,,,,,,,
"   Attempted/threatened violence",,11.0,,15.9,,1.1,"*",69.1,,,,,,,,,
"   Rape/Sexual assault/b",,0.0,"*",13.3,"*",0.0,"*",86.7,"*",,,,,,,,
"   Robbery",,5.7,"*",3.9,"*",2.3,"*",88.1,,,,,,,,,
"      Completed/property taken",,4.1,"*",4.7,"*",2.1,"*",89.0,,,,,,,,,
"      Attempted to take property",,9.1,"*",2.0,"*",2.9,"*",86.0,,,,,,,,,
"   Assault",,11.3,,17.7,,0.9,"*",67.4,,,,,,,,,
"      Aggravated",,10.0,,14.7,,0.5,"*",74.3,,,,,,,,,
"      Simple",,12.0,,19.4,,1.1,"*",63.5,,,,,,,,,
,,,,,,,,,,,,,,,,,
,,,,,,,,,,,,,,,,,
"Note: Detail may not add to total shown because of rounding.",,,,,,,,,,,,,,,,,
"* Estimate is based on about 10 or fewer sample cases.",,,,,,,,,,,,,,,,,
"a/Includes data on offenders well known to the victim whose relationship to the victim",,,,,,,,,,,,,,,,,
"was not ascertained.",,,,,,,,,,,,,,,,,
"b/Includes verbal threats of rape and threats of sexual assault.",,,,,,,,,,,,,,,,,
