Bureau of Justice Statistics,,,,
Filename: slleta13f13.csv,,,,
"Figure 13. Primary reason for involuntary failure of recruits to complete basic training programs in state and local law enforcement training academies, by sex, 2011-13",,,,
"Report title: State and Local Law Enforcement Training Academies, 2013 NCJ 249784",,,,
"Data Source: Bureau of Justice Statistics, Census of State and Local Law Enforcement Training Academies, 2013",,,,
"Author: Brian A. Reaves, Ph.D., BJS Statistician",,,,
Refer questions to: askbjs@usdoj.gov   202-307-0765,,,,
Date of version: 7/7/2021,,,,
,,,,
"Figure 13. Primary reason for involuntary failure of recruits to complete basic training programs in state and local law enforcement training academies, by sex, 2011-13",,,,
,Percent,,,
Primary reason for failure,Male,,Female,
Academic,37.6,%,24.9,%
Physical standards,19.2,,24,
Injury/illness,14.7,,14.4,
Disciplinary,9,,4.2,
Firearms performance,5.8,,17.2,
Withdrawn by sponsoring agency,3.7,,4.2,
Driving performance,1.9,,4.4,
Other reasons,8.1,,6.6,
Note: See appendix table 19 for standard errors.,,,,
"Source: Bureau of Justice Statistics, Census of Law Enforcement Training Academies, 2013.",,,,
