Bureau of Justice Statistics,,,,,,
Filename: slleta13at15.csv,,,,,,
"Appendix table 15. Standard errors for table 16: Primary reason for failure of recruits to complete basic training programs in state and local law enforcement training academies, 2011�13",,,,,,
"Report title: State and Local Law Enforcement Training Academies, 2013 NCJ 249784",,,,,,
"Data Source: Bureau of Justice Statistics, Census of State and Local Law Enforcement Training Academies, 2013",,,,,,
"Author: Brian A. Reaves, Ph.D., BJS Statistician",,,,,,
Refer questions to: askbjs@usdoj.gov   202-307-0765,,,,,,
Date of version: 7/7/2021,,,,,,
,,,,,,
"Appendix table 15. Standard errors for table 16: Primary reason for failure of recruits to complete basic training programs in state and local law enforcement training academies, 2011�13",,,,,,
,Standard error,,,,,
Primary reason for failure,Total,,Male,,Female,
Voluntary withdrawal,1.15,%,1.25,%,1.18,%
Academic,1.84,,1.98,,1.76,
Physical standards,0.69,,0.73,,1.11,
Injury/illness,0.57,,0.58,,0.77,
Firearms performance,0.32,,0.25,,0.88,
Disciplinary,0.2,,0.22,,0.21,
Withdrawn by sponsoring agency,0.2,,0.2,,0.3,
Driving performance,0.12,,0.12,,0.23,
Other,0.34,,0.37,,0.35,
No information,1.56,,1.72,,1.71,
"Source: Bureau of Justice Statistics, Census of Law Enforcement Training Academies, 2013.",,,,,,
