Bureau of Justice Statistics,,
Filename: slleta13t19.csv,,
Table 18. Item response rates for the 2013 Census of Law Enforcement Training Academies,,
"Report title: State and Local Law Enforcement Training Academies, 2013 NCJ 249784",,
"Data Source: Bureau of Justice Statistics, Census of State and Local Law Enforcement Training Academies, 2013",,
"Author: Brian A. Reaves, Ph.D., BJS Statistician",,
Refer questions to: askbjs@usdoj.gov   202-307-0765,,
Date of version: 7/7/2021,,
,,
Table 18. Item response rates for the 2013 Census of Law Enforcement Training Academies,,
Survey item,Response rate,
Type of operating agency,100,%
Types of training provided,100,
Types of positions trained for ,100,
Types of agencies served,96,
State certification,99,
"Commission on Accreditation for Law Enforcement Agencies, Inc., certification",98,
College credit awarded,99,
Types of degrees awarded,95,
Length of basic training program,99,
Field training requirements,99,
Number and type of instructors,98,
Education requirement for full-time (FT) instructors,96,
Law enforcement requirement for FT instructors ,93,
Certification requirements for FT instructors,99,
Sharing of FT instructors with other academies,94,
Instructor performance evaluation,99,
Refresher training for instructors,99,
Funding sources,99,
Satellite locations,99,
Types of facilities,97,
Operating budget,79,
Equipment budget,77,
Class structure,100,
Number of recruit classes,97,
Number of recruits started,100,
Number of recruits completed,91,
Size range of recruit classes,94,
Number of recycled recruits,92,
"Number of recruits started, by sex",81,
"Number of recruits completed, by sex",82,
"Number of recruits started, by race/Hispanic origin",56,
"Number of recruits completed, by race/Hispanic origin",57,
"Reasons for recruit failures, by sex",79,
Formal rules of behavior,97,
Content development methods,97,
Stress level of training environment,97,
Hours of instruction by subject,94,
Training delivery methods,93,
Types of tests,100,
Number of tests,97,
Terrorism-related topics covered,96,
Types of reality-based training,96,
Types of weapons training,96,
Special conditions used for firearms training,96,
Types of control/defensive tactics training,96,
Training on use of force by other officers,95,
Community policing topics covered,96,
Training or orientation for families,96,
Types of patrol training,96,
Types of specialized training,96,
Note: Item response rates are based on the 591 academies that responded to the survey. ,,
"Source: Bureau of Justice Statistics, Census of Law Enforcement Training Academies, 2013. ",,
