Bureau of Justice Statistics,,,,,,,,,,,,
Filename: slleta13at06.csv,,,,,,,,,,,,
"Appendix table 6. Instructors in state and local law enforcement training academies, by type of academy, 2013",,,,,,,,,,,,
"Report title: State and Local Law Enforcement Training Academies, 2013 NCJ 249784",,,,,,,,,,,,
"Data Source: Bureau of Justice Statistics, Census of State and Local Law Enforcement Training Academies, 2013",,,,,,,,,,,,
"Author: Brian A. Reaves, Ph.D., BJS Statistician",,,,,,,,,,,,
Refer questions to: askbjs@usdoj.gov   202-307-0765,,,,,,,,,,,,
Date of version: 7/7/2021,,,,,,,,,,,,
 ,,,,,,,,,,,,
"Appendix table 6. Instructors in state and local law enforcement training academies, by type of academy, 2013",,,,,,,,,,,,
,,Full-time-equivalent instructors*,,,,Full-time  instructors,,,,Part-time instructors,,
Type of academy,,Number,Percent,,,Number,Percent,,,Number,Percent,
,All types,"24,173",100,%,,"13,651",100,%,,"21,043",100,%
State Peace Officer Standards and Training,,"2,092",9,,,"1,320",10,,,"1,543",7,
State police/highway patrol,,"1,753",7,,,"1,287",9,,,933,4,
Sheriff�s office,,"1,931",8,,,"1,477",11,,,909,4,
County police,,655,3,,,467,3,,,376,2,
Municipal police ,,"5,060",21,,,"4,094",30,,,"1,931",9,
4-year college/university,,"1,080",4,,,561,4,,,"1,037",5,
2-year college,,"7,734",32,,,"2,322",17,,,"10,823",51,
Technical school,,"1,100",5,,,291,2,,,"1,618",8,
Special jurisdiction ,,562,2,,,485,4,,,155,1,
Multiagency/regional,,"2,206",9,,,"1,348",10,,,"1,716",8,
Note: Details may not sum to totals due to rounding. ,,,,,,,,,,,,
*Calculated by weighting the number of part-time instructors by 0.5 and adding it to the number of full-time instructors. ,,,,,,,,,,,,
"Source: Bureau of Justice Statistics, Census of Law Enforcement Training Academies, 2013.",,,,,,,,,,,,
