Bureau of Justice Statistics,,,,,,,,,,,
Filename: slleta13at03.csv,,,,,,,,,,,
"Appendix table 3. Special types of firearms training used in state and local law enforcement training academies, by type of academy, 2013",,,,,,,,,,,
"Report title: State and Local Law Enforcement Training Academies, 2013 NCJ 249784",,,,,,,,,,,
"Data Source: Bureau of Justice Statistics, Census of State and Local Law Enforcement Training Academies, 2013",,,,,,,,,,,
"Author: Brian A. Reaves, Ph.D., BJS Statistician",,,,,,,,,,,
Refer questions to: askbjs@usdoj.gov   202-307-0765,,,,,,,,,,,
Date of version: 7/7/2021,,,,,,,,,,,
,,,,,,,,,,,
"Appendix table 3. Special types of firearms training used in state and local law enforcement training academies, by type of academy, 2013",,,,,,,,,,,
Type of academy,,Night-time or reduced light conditions,,Simulated stressful conditions,,Non-lethal live fire,,Computerized firearms training systems,,Training with off-duty weapons,
,All types,97,%,87,%,72,%,56,%,23,%
State Peace Officer Standards and Training,,100,,86,,86,,82,,11,
State police/highway patrol,,97,,97,,85,,61,,36,
Sheriff�s office,,98,,88,,75,,46,,30,
County police,,100,,100,,90,,57,,43,
Municipal police ,,98,,95,,88,,56,,40,
4-year college/university,,88,,79,,74,,59,,18,
2-year college,,95,,82,,53,,51,,11,
Technical school,,97,,72,,81,,69,,6,
Special jurisdiction ,,100,,100,,85,,31,,54,
Multiagency/regional,,100,,88,,64,,69,,14,
"Source: Bureau of Justice Statistics, Census of Law Enforcement Training Academies, 2013.",,,,,,,,,,,
