Bureau of Justice Statistics,,,,,,,,,,,,,,,,,,
Filename: slleta13at07.csv,,,,,,,,,,,,,,,,,,
"Appendix table 7. Certification requirements for instructors in state and local law enforcement training academies, by type of academy, 2013",,,,,,,,,,,,,,,,,,
"Report title: State and Local Law Enforcement Training Academies, 2013 NCJ 249784",,,,,,,,,,,,,,,,,,
"Data Source: Bureau of Justice Statistics, Census of State and Local Law Enforcement Training Academies, 2013",,,,,,,,,,,,,,,,,,
"Author: Brian A. Reaves, Ph.D., BJS Statistician",,,,,,,,,,,,,,,,,,
Refer questions to: askbjs@usdoj.gov   202-307-0765,,,,,,,,,,,,,,,,,,
Date of version: 7/7/2021,,,,,,,,,,,,,,,,,,
,,,,,,,,,,,,,,,,,,
"Appendix table 7. Certification requirements for instructors in state and local law enforcement training academies, by type of academy, 2013",,,,,,,,,,,,,,,,,,
,,Full-time instructors,,Part-time instructors,,,,,,,Percent of academies requiring certification for:,,,,,,,
Type of academy,,Any type*,,State or POST certification,,Qualified subject-matter expert,,Academy certification,,,Any type*,,State or POST certification,,Qualified subject-matter expert,,Academy certification,
,All types,91,%,79,%,59,%,32,%,,89,%,73,%,60,%,26,%
State Peace Officer Standards and Training,,93,,76,,76,,48,,,83,,52,,76,,45,
State police/highway patrol,,100,,79,,62,,26,,,76,,62,,44,,9,
Sheriff�s office,,90,,76,,68,,41,,,85,,64,,59,,25,
County police,,95,,86,,38,,19,,,71,,67,,24,,10,
Municipal police ,,98,,89,,53,,28,,,78,,62,,49,,18,
4-year college/university,,91,,74,,71,,24,,,91,,76,,68,,21,
2-year college,,85,,74,,60,,32,,,97,,83,,72,,32,
Technical school,,82,,76,,50,,38,,,100,,88,,62,,41,
Special jurisdiction ,,100,,88,,56,,38,,,75,,56,,56,,31,
Multiagency/regional,,98,,86,,53,,33,,,95,,81,,53,,30,
*Includes other certifications.,,,,,,,,,,,,,,,,,,
"Source: Bureau of Justice Statistics, Census of Law Enforcement Training Academies, 2013.",,,,,,,,,,,,,,,,,,
