Bureau of Justice Statistics,,
Filename: slleta13f07.csv,,
"Figure 7. Community policing topics covered in basic training programs in state and local law enforcement training academies, 2013 ",,
"Report title: State and Local Law Enforcement Training Academies, 2013 NCJ 249784",,
"Data Source: Bureau of Justice Statistics, Census of State and Local Law Enforcement Training Academies, 2013",,
"Author: Brian A. Reaves, Ph.D., BJS Statistician",,
Refer questions to: askbjs@usdoj.gov   202-307-0765,,
Date of version: 7/7/2021,,
,,
"Figure 7. Community policing topics covered in basic training programs in state and local law enforcement training academies, 2013 ",,
,Percent of recruits trained,
Any community policing topic,94.5,%
Identifying community problems,77.4,
History of community-oriented policing,75.2,
Interacting with youth,61.8,
Using problem-solving models,61.4,
Environmental causes of crime,56.7,
Prioritizing crime/disorder problems,51.4,
Assessing response effectiveness,35.5,
Organizing/mobilizing the community,30.2,
Creating private-sector partnerships,28.8,
Creating problem-solving teams,28,
Using crime mapping to analyze problems,23.5,
Analyzing crime/calls for service data,23.2,
Applying research methods to study crime,20.3,
"Source: Bureau of Justice Statistics, Census of Law Enforcement Training Academies, 2013.",,
