Bureau of Justice Statistics,,,,,
Filename: slleta13t08.csv,,,,,
"Table 8. Community policing topics in basic training programs in state and local law enforcement training academies, 2013",,,,,
"Report title: State and Local Law Enforcement Training Academies, 2013 NCJ 249784",,,,,
"Data Source: Bureau of Justice Statistics, Census of State and Local Law Enforcement Training Academies, 2013",,,,,
"Author: Brian A. Reaves, Ph.D., BJS Statistician",,,,,
Refer questions to: askbjs@usdoj.gov   202-307-0765,,,,,
Date of version: 7/7/2021,,,,,
,,,,,
"Table 8. Community policing topics in basic training programs in state and local law enforcement training academies, 2013",,,,,
Topic,,Percent of academics with training,,Average number of hours required per recruit*,
,Total ,97,%,41, hrs.
Cultural diversity/human relations,,95,,12,
Mediation/conflict management,,81,,9,
Community partnership building/collaboration,,82,,8,
Problem-solving approaches,,80,,12,
*Excludes academies that did not provide this type of instruction.,,,,,
"Source: Bureau of Justice Statistics, Census of Law Enforcement Training Academies, 2013.",,,,,
