Bureau of Justice Statistics,,
Filename: slleta13f11.csv,,
"Figure 11. Average number of full-time-equivalent instructors in state and local law enforcement training academies, by type of academy, 2013",,
"Report title: State and Local Law Enforcement Training Academies, 2013 NCJ 249784",,
"Data Source: Bureau of Justice Statistics, Census of State and Local Law Enforcement Training Academies, 2013",,
"Author: Brian A. Reaves, Ph.D., BJS Statistician",,
Refer questions to: askbjs@usdoj.gov   202-307-0765,,
Date of version: 7/7/2021,,
,,
"Figure 11. Average number of full-time-equivalent instructors in state and local law enforcement training academies, by type of academy, 2013",,
,Number of instructors,
Primary operating agency,Full time,Full-time equivalent
All types,21,16.2
State Peace Officer Standards and Training,44,25.7
Multiagency/regional,29.5,18.8
State police/highway patrol,31.4,11.4
Municipal police ,31.8,7.5
Two-year college,10.7,25
Special jurisdiction ,28.5,4.6
County police,21.2,8.5
Sheriff�s office,22.4,6.9
4-year college/university,13.8,12.8
Technical school,7,19.4
Note: Calculated by weighting the number of part-time instructors by 0.5 and adding it to the number of full-time instructors. ,,
"Source: Bureau of Justice Statistics, Census of Law Enforcement Training Academies, 2013.",,
