Bureau of Justice Statistics,,,
Filename: slleta13f12.csv,,,
"Figure 12. Completion rates for recruits in basic training programs in state and local law enforcement training academies, by sex and race/Hispanic origin, 2005-06 and 2011-13",,,
"Report title: State and Local Law Enforcement Training Academies, 2013 NCJ 249784",,,
"Data Source: Bureau of Justice Statistics, Census of State and Local Law Enforcement Training Academies, 2013",,,
"Author: Brian A. Reaves, Ph.D., BJS Statistician",,,
Refer questions to: askbjs@usdoj.gov   202-307-0765,,,
Date of version: 7/7/2021,,,
,,,
"Figure 12. Completion rates for recruits in basic training programs in state and local law enforcement training academies, by sex and race/Hispanic origin, 2005-06 and 2011-13",,,
,,Completion rates,
,,2011-13,2005-06
Sex,,,
,Male,88,87.5
,Female,80.6,79.6
Race/ethnicity,,,
,White/a,87,87.4
,"Black/African American/a,b",78.8,81.5
,Hispanic/Latino,86.9,81.7
,Other race/a,86.7,77.5
Note: See appendix table 18 for standard errors.,,,
a/Excludes persons of Hispanic or Latino origin. ,,,
"b/Includes American Indian and Alaska Native; Asian, Native Hawaiian, and Other Pacific Islander; and persons of two or more races.",,,
"Source: Bureau of Justice Statistics, Census of Law Enforcement Training Academies, 2006 and 2013.",,,
