Bureau of Justice Statistics,,,
Filename: slleta13f02.csv,,,
"Figure 2. Recruits entering basic training programs in state and local law enforcement training academies, by sex and race/Hispanic origin, 2005 and 2011�13 ",,,
"Report title: State and Local Law Enforcement Training Academies, 2013 NCJ 249784",,,
"Data Source: Bureau of Justice Statistics, Census of State and Local Law Enforcement Training Academies, 2013",,,
"Author: Brian A. Reaves, Ph.D., BJS Statistician",,,
Refer questions to: askbjs@usdoj.gov   202-307-0765,,,
Date of version: 7/7/2021,,,
,,,
"Figure 2. Recruits entering basic training programs in state and local law enforcement training academies, by sex and race/Hispanic origin, 2005 and 2011�13 ",,,
,,Percent,
,,2011-13,2005
Sex,,,
,Male,85.2,83.5
,Female,14.8,16.5
Race/Hispanic Origin,,,
,White/a,70.8,70.1
,Black/African American/a,12.7,13.3
,Hispanic/Latino,13,12.7
,"Other race/a,b",3.5,3.9
Note: See appendix table 17 for standard errors.,,,
a/Excludes persons of Hispanic or Latino origin. ,,,
"b/Includes American Indian and Alaska Native; Asian, Native Hawaiian, and Other Pacific Islander; and persons of two or more races.",,,
"Source: Bureau of Justice Statistics, Census of Law Enforcement Training Academies, 2006 and 2013.",,,
