Bureau of Justice Statistics,,,,,,,
Filename: slleta13at02.csv,,,,,,,
"Appendix table 2. Facilities and resources of state and local law enforcement training academies, 2013",,,,,,,
"Report title: State and Local Law Enforcement Training Academies, 2013 NCJ 249784",,,,,,,
"Data Source: Bureau of Justice Statistics, Census of State and Local Law Enforcement Training Academies, 2013",,,,,,,
"Author: Brian A. Reaves, Ph.D., BJS Statistician",,,,,,,
Refer questions to: askbjs@usdoj.gov   202-307-0765,,,,,,,
Date of version: 7/7/2021,,,,,,,
,,,,,,,
"Appendix table 2. Facilities and resources of state and local law enforcement training academies, 2013",,,,,,,
Type of facility/resource,,Total with access,,Part of academy,,Not part of academy,
Educational,,,,,,,
,Computer lab,88,%,57,%,31,%
,Resource center/library,82,,43,,38,
,Internet/online classes,70,,41,,29,
,Media lab/video production facility,52,,20,,32,
,Subscription to a down-link information service,52,,20,,32,
,Mobile data terminals,48,,25,,23,
,Video conferencing classes,34,,5,,29,
,Electronic tablets,28,,12,,16,
Weapons/self-defense,,,,,,,
,Defensive tactics room,98,%,89,%,9,%
,Outdoor firearms range,95,,68,,26,
,Scenario training facility,85,,65,,20,
,Firearms training simulator,81,,66,,15,
,Indoor firearms range,39,,25,,14,
Physical fitness/agility,,,,,,,
,Fitness facilities,96,%,80,%,16,%
,Obstacle course,72,,52,,20,
,Swimming pool,39,,9,,30,
Driving-related,,,,,,,
,Vehicle operation range,95,%,60,%,35,%
,Driving simulator,39,,22,,17,
Other,,,,,,,
,Dormitory/residential facilities,28,%,17,%,11,%
"Source: Bureau of Justice Statistics, Census of Law Enforcement Training Academies, 2013.",,,,,,,
