"Bureau of Justice Statistics",,,,,,,,,,,,,
"filename:  NCRP9608.csv",,,,,,,,,,,,,
"data source:  National Corrections Reporting Program, 1996",,,,,,,,,,,,,
"produced by: Todd Minton",,,,,,,,,,,,,
"author:  Paula M. Ditton (202) 305-9014 dittonp@ojp.usdoj.gov",,,,,,,,,,,,,
"date of version 02/19/99",,,,,,,,,,,,,
,,,,,,,,,,,,,
"NCRP9608 -  State prison releases, 1996:  Time served in prison, ",,,,,,,,,,,,,
"by offense and release type",,,,,,,,,,,,,
"  ",,,,,,,,,,,,,
,"First releases from State prison",,,,,,,"Subsequent releases from State prison",,,,,
"Most serious","Percent",,"Time served in prison",,,,,"Percent",,"Time served in prison",,,
"offense","of releases",,"Median",,"    Mean",,,"of releases",,"Median",,"    Mean",
,,,,,,,,,,,,,
"         All offenses",100.0,"%",16,"mos.",25,"mos.",,100.0,"%",7,"mos.",14,"mos."
,,,,,,,,,,,,,
"Violent offenses",24.3,"%",27,"mos.",39,"mos.",,24.9,"%",8,"mos.",19,"mos."
"   Homicide",2.1,,48,,64,,,1.8,,11,,32,
"      Murder/nonnegligent manslaughter",1.1,,68,,84,,,1.2,,10,,31,
"         Murder",0.8,,77,,94,,,0.7,,13,,42,
"         Nonnegligent manslaughter",0.3,,59,,62,,,0.5,,7,,14,
"      Negligent manslaughter",1.0,,32,,41,,,0.5,,10,,23,
"      Unspecified homicide",0.0,"*",35,,69,,,0.1,,107,,105,
"   Kidnaping",0.5,,32,,43,,,0.5,,8,,19,
"   Rape",1.5,,47,,60,,,1.5,,8,,23,
"   Other sexual assault",3.3,,31,,39,,,2.3,,7,,16,
"   Robbery",8.6,,30,,40,,,11.4,,9,,20,
"   Assault",7.4,,19,,27,,,6.8,,7,,13,
"   Other violent",0.9,,16,,22,,,0.7,,6,,12,
,,,,,,,,,,,,,
"Property offenses",32.0,"%",14,"mos.",22,"mos.",,35.2,"%",7,"mos.",13,"mos."
"   Burglary",13.1,,17,,26,,,16.0,,7,,15,
"   Larceny/theft",8.4,,12,,18,,,9.7,,6,,11,
"   Motor vehicle theft",2.6,,12,,19,,,4.0,,6,,9,
"   Arson",0.6,,20,,29,,,0.4,,8,,17,
"   Fraud",4.4,,12,,18,,,2.9,,8,,14,
"   Stolen property",2.1,,12,,18,,,1.8,,8,,14,
"   Other property",0.8,,11,,17,,,0.4,,10,,21,
,,,,,,,,,,,,,
"Drug offenses",32.7,"%",14,"mos.",20,"mos.",,30.4,"%",6,"mos.",10,"mos."
"   Possession",9.2,,11,,17,,,6.4,,7,,11,
"   Trafficking",18.6,,16,,21,,,16.6,,6,,11,
"   Other/unspecified drug",4.8,,12,,17,,,7.4,,5,,9,
,,,,,,,,,,,,,
"Public-order offenses",10.4,"%",12,"mos.",17,"mos.",,8.0,"%",7,"mos.",12,"mos."
"   Weapons",2.7,,13,,18,,,3.1,,8,,11,
"   Driving while intoxicated",3.1,,10,,13,,,2.4,,6,,8,
"   Other public-order",4.6,,12,,19,,,2.5,,8,,16,
,,,,,,,,,,,,,
"Other offenses",0.6,"%",13,"mos.",19,"mos.",,1.5,"%",5,"mos.",8,"mos."
,,,,,,,,,,,,,
"         Number of releases",255220,," ",," ",,,128253,," ",," ",
,,,,,,,,,,,,,
,,,,,,,,,,,,,
"Note:  Data are based on release type with a total sentence of more than a year for whom ",,,,,,,,,,,,,
"the most serious offense and time served were reported.  All data exclude persons ",,,,,,,,,,,,,
"released from prison by escape, death, transfer, appeal, or detainer.",,,,,,,,,,,,,
"* Less than 0.05%.",,,,,,,,,,,,,
