Bureau of Justice Statistics,,,,,
filename: cnh05tt03.csv,,,,,
"Text table 3.  Percent of households by region in the United States, 2000 and 2005",,,,,
"report title: Crime and the Nation's Households, 2005, NCJ 217198",,,,,
data source: National Crime Victimization Survey,,,,,
"author:  Patsy Klaus, BJS Statistician",,,,,
refer questions to:  askbjs@usdoj.gov (202) 307-0765,,,,,
date of version:  03/28/07,,,,,

"Text table 3.  Percent of households by region in the United States,  2000 and 2005",,,,,
,,Percent of households,,,
Type of crime,,2005,,2000,
Northeast,,,,,
Any NCVS crime*,,10.4,%,13.6,%
,Violent ,2.5,,3.5,
,Property ,8.6,,10.9,
Midwest,,,,,
Any NCVS crime*,,14.2,%,16.3,%
,Violent ,3.1,,4.1,
,Property ,12.1,,13.8,
South,,,,,
Any NCVS crime*,,13.1,%,15.1,%
,Violent ,2.4,,3.4,
,Property ,11.4,,12.8,
West ,,,,,
Any NCVS crime*,,18,%,20.6,%
,Violent ,3.4,,5.2,
,Property ,15.9,,17.3,
*Excludes vandalism,,,,,
