Bureau of Justice Statistics,,,,,,,
Filename: jim09stt11.csv,,,,,,,
"Table 11: Estimated standard errors by confinement status, Annual Survey of Jails, 2009",,,,,,,
Report title: Jail Inmates at Midyear 2009-Statistical Tables NCJ 230122,,,,,,,
Data source: Annual Survey of Jails,,,,,,,
Authors: Todd D. Minton,,,,,,,
Refer questions to: askbjs@usdoj.gov   202-307-0765,,,,,,,
"Date of version: June 3, 2010",,,,,,,
,,,,,,,
"Table 11. Estimated standard errors by confinement status, Annual Survey of Jails, 2009",,,,,,,
,,,,,,,
Characteristics,,Survey estimates,,Standard error,,Relative standard error*,
,Total,"837,833",,"4,794",,0.57,%
Held in jail,,"767,620",,"4,453",,0.58,%
Supervised outside a jail facility,,"70,213",,"1,539",,2.19,
,Excluding weekenders,"59,001",,"1,492",,2.53,
,Weekender programs,"11,212",,351,,3.13,
Average daily population,,"767,992",,"4,347",,0.57,
Rated capacity,,"849,544",,"6,622",,0.78,
Admissions,,"245,385",,"3,424",,1.4,
*Calculated by dividing the standard error by the survey estimates and multiplying by 100.,,,,,,,
