Bureau of Justice Statistics,,,,,,,,,,,
Filename: jim09stt04.csv,,,,,,,,,,,
"Table 4: Average daily jail population, admissions, and turnover rate, by size of jurisdiction, week ending June 30, 2008 and 2009",,,,,,,,,,,
Report title: Jail Inmates at Midyear 2009-Statistical Tables NCJ 230122,,,,,,,,,,,
Data source: Annual Survey of Jails,,,,,,,,,,,
Authors: Todd D. Minton,,,,,,,,,,,
Refer questions to: askbjs@usdoj.gov   202-307-0765,,,,,,,,,,,
"Date of version: June 3, 2010",,,,,,,,,,,
,,,,,,,,,,,
"Table 4. Average daily jail population, admissions, and turnover rate, by size of jurisdiction, week ending June 30, 2008 and 2009",,,,,,,,,,,
,,,,,,,,,,,
,,Average daily population/a,,,Estimated number of admissions during the last week in June,,,Weekly turnover rate/b,,,
Jurisdiction size/c,,2008,2009,,2008,2009,,2008,,2009,
,Total,"776,573","767,992",,"260,075","245,385",,66.5,%,63.7,%
Fewer than 50 inmates,,"21,860","22,012",,"12,729","14,627",,112.7,%,137.8,%
50 to 99,,"40,414","37,992",,"21,564","17,889",,100.6,,90.8,
100 to 249,,"88,378","85,650",,"37,791","36,860",,84.1,,84.2,
250 to 499,,"104,290","108,025",,"42,627","37,314",,80.8,,68.5,
500 to 999,,"115,212","123,243",,"34,010","36,977",,57.6,,59.2,
"1,000 or more ",,"406,419","391,070",,"111,354","101,718",,55.7,,52.5,
Note: See Methodology for greater detail on estimation procedures.,,,,,,,,,,,
"a/Average daily population is the sum of all inmates in jail each day for a year, divided by the number of days in the year.",,,,,,,,,,,
"b/Turnover rate was calculated by adding weekly admissions and releases, dividing by the average daily population and multiplying by 100.",,,,,,,,,,,
c/Based on the average daily population. ,,,,,,,,,,,
