Bureau of Justice Statistics,,,,,,,,
Filename: pptmcspi16stt01.csv,,,,,,,,
"Table 1. Estimated number and percent of all parents in state or federal prison with a minor child and number of minor children, 2016",,,,,,,,
"Report title: Parents in Prison and Their Minor Children: Survey of Prison Inmates, 2016   NCJ 252645",,,,,,,,
"Data source: Bureau of Justice Statistics, Survey of Prison Inmates, 2016",,,,,,,,
"Authors: Laura M. Maruschak, BJS Statistician, and Jennifer Bronson, Ph.D., and Mariel Alper, Ph.D., former BJS Statisticians",,,,,,,,
Refer questions to: askbjs@usdoj.gov 202-307-0765,,,,,,,,
Date of version: 3/30/2021,,,,,,,,
,,,,,,,,
"Table 1. Estimated number and percent of all parents in state or federal prison with a minor child and number of minor children, 2016",,,,,,,,
,,Number,Standard error,Percent,,,Standard error,
Parents in prison with a minor child/a,,"684,500","8,800",48.1,%,,0.62,
,Fathers,"626,800","8,700",47.4,,,0.65,%
,Mothers,"57,700","1,300",57.7,,,1.26,
Minor children reported by parents in prison/b,,"1,473,700","24,200",~,,,~,
Note: Numbers are rounded to the nearest 100. Parental status was unknown for 1.3% of state and federal prisoners. Adjustments were made for item non-response and counts represent estimates for the total number of prisoners in 2016. See appendix table 1 for prisoner estimates.,,,,,,,,
~Not applicable.,,,,,,,,
a/Includes prisoners who reported having a biological or adopted child age 17 or younger at the time of the interview. ,,,,,,,,
b/Includes biological or adopted children age 17 or younger at the time of the interview.,,,,,,,,
"Source: Bureau of Justice Statistics, Survey of Prison Inmates, 2016.",,,,,,,,
