"Bureau of Justice Statistics",,,,,,,,
"Filename:vvr9805.csv",,,,,,,,
"Table 5.  Annual average violent victimization rates, by marital status, 1993-98",,,,,,,,
"Title of Report:  Violent victimization and race, 1993-98,  NCJ 176354",,,,,,,,
"Data source:  National Crime Victimization Survey",,,,,,,,
"Author:  Callie Rennison, Ph.D.",,,,,,,,
"Refer questions to:   (202) 307-0765 or askbjs@ojp.usdoj.gov",,,,,,,,
"Date version:  3/12/01",,,,,,,,
,,,,,,,," "
"Table 5.  Annual average violent victimization rates, by marital status, 1993-98",,,,,,,,
,,,,,,,,
,"Average annual victimization rates (per 1,000 persons age 12 or older)",,,,,,,
,"Crimes of",,"Serious",,"Simple ",,,
,"violence",,"violent crime",,"assault",,,
"Never married",,,,,,,,
"  White",87.9,,60.0,,57.9,,,
"  Black",84.6,,41.0,,43.7,,,
"  American Indian",164.8,,64.5,,100.4,,,
"  Asian",40.9,,20.0,,20.9,,,
,,,,,,,,
"Married",,,,,,,,
"  White",22.5,,7.2,,15.3,,,
"  Black",24.7,,11.1,,13.5,,,
"  American Indian",62.0,,22.0,,40.0,,,
"  Asian",14.2,,6.6,,7.6,,,
,,,,,,,,
"Widowed",,,,,,,,
"  White",8.2,,3.4,,4.8,,,
"  Black",13.7,,7.0,,6.8,,,
"  American Indian",31.2,"*",7.7,"*",23.6,"*",,
"  Asian",5.6,"*",2.8,"*",2.9,"*",,
,,,,,,,,
"Divorced/separated",,,,,,,,
"  White",75.0,,28.2,,46.8,,,
"  Black",59.9,,29.8,,30.1,,,
"  American Indian",172.5,,65.4,,107.1,,,
"  Asian",54.8,,32.6,,22.2,,,
,,,,,,,,
"Note:  Serious violent crimes include rape and sexual assault, robbery, and aggravated assault.",,,,,,,,
"*  Based on 10 or fewer sample cases.",,,,,,,,
