"Bureau of Justice Statistics",,,,,,,,
"Filename:vvr9814.csv",,,,,,,,
"Table 14.  Race of victim, by perceived race of offender, 1993-98. ",,,,,,,,
"Title of Report:  Violent victimization and race, 1993-98,  NCJ 176354",,,,,,,,
"Data source:  National Crime Victimization Survey",,,,,,,,
"Author:  Callie Rennison, Ph.D.",,,,,,,,
"Refer questions to:   (202) 307-0765 or askbjs@ojp.usdoj.gov",,,,,,,,
"Date version:  3/12/01",,,,,,,,
,,,,,,,,
"Table 14.  Race of victim, by perceived race of offender, 1993-98. ",,,,,,,,
,,,,,,,,
,,,"Percent of victims of violence",,,,,
,"White",,"Black",,"American Indian",,"Asian",
,,,,,,,,
"Race of offender",,,,,,,,
"  Total",100,"%",100,"%",100,"%",100,"%"
"White",66,,12,,58,,35,
"Black",17,,76,,10,,26,
"Other",9,,6,,25,,30,
"Mixed races",3,,3,,4,,3,
"Unknown ",4,,4,,2," ",6,
,,,,,,,,
"Average annual victimizations",8298140,,1480970,,134460,,178880,
,,,,,,,,
"Note:  Percentages may not total to 100% because of rounding.",,,,,,,,
