"Bureau of Justice Statistics",,,,,,,,
"Filename:vvr9809.csv",,,,,,,,
"Table 9.  Location and time of violent victimization, by race, 1993-1998 ",,,,,,,,
"Title of Report:  Violent victimization and race, 1993-98,  NCJ 176354",,,,,,,,
"Data source:  National Crime Victimization Survey",,,,,,,,
"Author:  Callie Rennison, Ph.D.",,,,,,,,
"Refer questions to:   (202) 307-0765 or askbjs@ojp.usdoj.gov",,,,,,,,
"Date version:  3/12/01",,,,,,,,
,,,,,,,,
"Table 9.  Location and time of violent victimization, by race, 1993-1998 ",,,,,,,,
,,,,,,,,
,,,"Percent of victims of violence",,,,,
,"White",,"Black",,"American Indian",,"Asian",
"Location of occurrence",,,,,,,,
"  Victim's home",14,"%",18,"%",15,"%",11,"%"
"  Near victim's home",11,,14,,12,,10,
"  Friend/neighbor's home",9,,10,,14,,5,
"  Commercial place",14,,8,,14,,17,
"  Parking lot or garage",8,,6,,7,,11,
"  School",14,,11,,6,,12,
"  Open area ",20,,26,,23,,27,
"  Other",10,,7,,9,,8,
,,,,,,,,
"Time of occurrence",,,,,,,,
"  Daytime (6 a.m. to 6 p.m.)",51,"%",51,"%",41,"%",52,"%"
"  Nighttime (6 p.m. to 6 a.m.)",44,,44,,52,,43,
"  Don't know",5,,8,,7,,5,
,,,,,,,,
"Average annual victimizations",8298140,,1480970,,134460,,178880,
