"Bureau of Justice Statistics",,,,,,,,,,,,,,,,,,,,,,,,,,,,,,,,,,,,
"Filename:vvr9813.csv",,,,,,,,,,,,,,,,,,,,,,,,,,,,,,,,,,,,
"Table 13.  Victim-offender relationship, by gender and race of victim, 1993-98 ",,,,,,,,,,,,,,,,,,,,,,,,,,,,,,,,,,,,
"Title of Report:  Violent victimization and race, 1993-98,  NCJ 176354",,,,,,,,,,,,,,,,,,,,,,,,,,,,,,,,,,,,
"Data source:  National Crime Victimization Survey",,,,,,,,,,,,,,,,,,,,,,,,,,,,,,,,,,,,
"Author:  Callie Rennison, Ph.D.",,,,,,,,,,,,,,,,,,,,,,,,,,,,,,,,,,,,
"Refer questions to:   (202) 307-0765 or askbjs@ojp.usdoj.gov",,,,,,,,,,,,,,,,,,,,,,,,,,,,,,,,,,,,
"Date version:  3/12/01",,,,,,,,,,,,,,,,,,,,,,,,,,,,,,,,,,,,
,,,,,,,,,,,,,,,,,,,,,,,,,,,,,,,,,,,,
"Table 13.  Victim-offender relationship, by gender and race of victim, 1993-98 ",,,,,,,,,,,,,,,,,,,,,,,,,,,,,,,,,,,,
,,,,,,,,,,,,,,,,,,,,,,,,,,,,,,,,,,,,
,,,"Percent of victims of violence",,,,,,,,,,,,,,,,,,,,,,,,,,,,,,,,,
,"White",,"Black",,"American Indian",,"Asian",,,,,,,,,,,,,,,,,,,,,,,,,"THE FOLLOWING ARE ADDED TO CREATE THE ""OTHER"" ABOVE.",,,,
"Relationship with victim",,,,,,,,,,,,,,,,,,,,,,,,,,,,,,,,"Child offender",807,0,0,0
"Male",,,,,,,,,,,,,,,,,,,,,,,,,,,,,,,,"Not clear a crime occurred",6507,2,1084,2
"Nonstranger",40,"%",41,"%",42,"%",27,"%",,,,,,,,,,,,,,,,,,,,,,,,"Police inefficient",12940,3,2645,5
"  Intimate",2,,3,,3,,1,"*",,,,,,,,,,,,,,,,,,,,,,,,"Police biased",8300,2,3065,6
"  Other relative",3,,3,,9,,1,"*",,,,,,,,,,,,,,,,,,,,,,,,"Offender was police officer",393,0,0,0
"  Friend/acquaintance",34,,35,,30,,25,,,,,,,,,,,,,,,,,,,,,,,,,"Advised not to report incident",1422,0,1185,2
"Stranger",58,,57,,58,,71,,,,,,,,,,,,,,,,,,,,,,,,,"Reported of other official",10725,3,408,1
"Relationship unknown ",2,,2,,1,"*",2,"*",,,,,,,,,,,,,,,,,,,,,,,,"Too inconvenient",9944,3,2883,5
,,,,,,,,,,,,,,,,,,,,,,,,,,,,,,,,"Other reason",88530,24,13680,26
"Female",,,,,,,,,,,,,,,,,,,,,,,,,,,,,,,,"Don't know why I did not report ",5753,2,1342,3
"Nonstranger",66,"%",65,"%",76,"%",53,"%",,,,,,,,,,,,,,,,,,,,,,,,,,,,
"  Intimate",22,,22,,24,,11,,,,,,,,,,,,,,,,,,,,,,,,,,,,,
"  Other relative",7,,7,,5,"*",6,"*",,,,,,,,,,,,,,,,,,,,,,,,,,,,
"  Friend/acquaintance",37,,36,,47,,36,,,,,,,,,,,,,,,,,,,,,,,,,,,,,
"Stranger",33,,34,,24,,45,,,,,,,,,,,,,,,,,,,,,,,,,,,,,
"Relationship unknown ",1,,1,,0,"*",2,"*",,,,,,,,,,,,,,,,,,,,,,,,,,,,
,,,,,,,,,,,,,,,,,,,,,,,,,,,,,,,,,,,,
"Average annual victimizations of males",4779650,,749560,,77820,,116540,,,,,,,,,,,,,,,,,,,,,,,,,,,,,
"Average annual victimizations of females",3518490,,731420,,56640,,62340,,,,,,,,,,,,,,,,,,,,,,,,,,,,,
,,,,,,,,,,,,,,,,,,,,,,,,,,,,,,,,,,,,
"Note:  Percentages may not total to 100% because of rounding.",,,,,,,,,,,,,,,,,,,,,,,,,,,,,,,,,,,,
"Multiple offender victimizations are classified by the most intimate relationship between the victim and one of the offenders.",,,,,,,,,,,,,,,,,,,,,,,,,,,,,,,,,,,,
"* Based on 10 or fewer sample cases.",,,,,,,,,,,,,,,,,,,,,,,,,,,,,,,,,,,,
