"Bureau of Justice Statistics",,,,,,,,,,
"Filename:vvr9807.csv",,,,,,,,,,
"Table 7.  Annual average violent victimization rates, by annual household income, 1993-98",,,,,,,,,,
"Title of Report:  Violent victimization and race, 1993-98,  NCJ 176354",,,,,,,,,,
"Data source:  National Crime Victimization Survey",,,,,,,,,,
"Author:  Callie Rennison, Ph.D.",,,,,,,,,,
"Refer questions to:   (202) 307-0765 or askbjs@ojp.usdoj.gov",,,,,,,,,,
"Date version:  3/12/01",,,,,,,,,,
,,,,,,,,,,
"Table 7.  Annual average violent victimization rates, by annual household income, 1993-98",,,,,,,,,,
,,,,,,,,,,
,"Average annual victimization rates (per 1,000 persons age 12 or older)",,,,,,,,,
,"Crimes of",,"Serious",,"Simple ",,,,,
,"violence",,"violent crime",,"assault",,,,,
"Less than $7,500",,,,,,,,,,
"  White",82.5,,33.1,,49.4,,,,,
"  Black",75.6,,40.8,,34.7,,,,,
"  American Indian",169.2,,71.6,,97.6,,,,,
"  Asian",32.9,,17.6,,15.3,,,,,
,,,,,,,,,,
"$7,500-$14,999",,,,,,,,,,
"  White",54.1,,20.6,,33.6,,,,,
"  Black",64.6,,31.0,,33.6,,,,,
"  American Indian",172.9,,76.7,,96.2,,,,,
"  Asian",33.3,,22.4,,10.9,,,,,
,,,,,,,,,,
"$15,000-$24,999",,,,,,,,,," "
"  White",47.3,,17.5,,29.8,,,,,
"  Black",60.0,,29.4,,30.6,,,,,
"  American Indian",75.5,,24.0,,51.5,,,,,
"  Asian",24.9,,13.9,,11.1,,,,,
,,,,,,,,,,
"$25,000-$34,999",,,,,,,,,,
"  White",47.5,,15.8,,31.7,,,,,
"  Black",52.5,,20.6,,31.9,,,,,
"  American Indian",110.7,,41.3,,69.4,,,,,
"  Asian",28.8,,12.9,,15.9,,,,,
,,,,,,,,,,
"$65,000-$49,999",,,,,,,,,,
"  White",44.4,,14.1,,30.3,,,,,
"  Black",46.0,,19.4,,26.6,,,,,
"  American Indian",121.2,,34.4,,86.8,,,,,
"  Asian",18.9,,9.1,,9.8,,,,,
,,,,,,,,,,
"$50,000-$74,999",,,,,,,,,,
"  White",42.5,,12.5,,29.9,,,,,
"  Black",43.8,,19.1,,24.7,,,,,
"  American Indian",50.8,"*",27.0,"*",23.8,"*",,,,
"  Asian",23.5,,10.7,,12.9,,,,,
,,,,,,,,,,
"$75,000 or more ",,,,,,,,,,
"  White",35.4,,10.4,,25.0,,,,,
"  Black",59.1,,20.7,,38.4,,,,,
"  American Indian",47.2,"*",24.2,"*",23.0,"*",,,,
"  Asian",19.7,,6.7,,13.0,,,,,
,,,,,,,,,,
"Note:  Serious violent crimes include rape and sexual assault, robbery, and aggravated assault.",,,,,,,,,,
"*  Based on 10 or fewer sample cases.",,,,,,,,,,
