Bureau of Justice Statistics,,,,,,,,,,,,
Filename: pvchc9310at01.csv,,,,,,,,,,,,
"Appendix table 1. Population distributions of households, by type of household and household composition, 2010",,,,,,,,,,,,
"Report title: Prevalence of Violent Crime among Households with Children, 1993-2010 NCJ 238799",,,,,,,,,,,,
"Data source: Bureau of Justice Statistics, National Crime Victimization Survey, 1993�2010",,,,,,,,,,,,
Author: Jennifer L. Truman and Erica L. Smith,,,,,,,,,,,,
Refer questions to askbjs@usdoj.gov or 202-307-0765,,,,,,,,,,,,
"Date of version: September 12, 2012",,,,,,,,,,,,
,,,,,,,,,,,,
,,,,,,,,,,,,
,,,,,,,,,,,,
,,,,,,,,,,,,
 ,,,,,,,,,,,,
"Appendix table 1. Population distributions of households, by type of household and household composition, 2010",,,,,,,,,,,,
,,All households,,,,Households with children,,,,Households without children,,
Household composition,,Number,Percent,,,Number,Percent,,,Number,Percent,
,Total,"122,885,160",100,%,,"37,970,260",100,%,,"84,914,890",100,%
Number of children,,,,,,,,,,,,
,1,"16,480,240",43.4,%,,"16,480,240",43.4,%,,~,~,%
,2,"13,832,690",36.4,,,"13,832,690",36.4,,,~,~,
,3 or 4,"6,991,840",18.4,,,"6,991,840",18.4,,,~,~,
,5 or more,"665,490",1.8,,,"665,490",1.8,,,~,~,
Number of persons in household,,,,,,,,,,,,
,1,"35,569,150",28.9,%,,~,~,%,,"35,565,840",41.9,%
,2,"42,818,300",34.8,,,"3,175,790",8.4,,,"39,642,510",46.7,
,3 or 4,"33,862,350",27.6,,,"24,763,570",65.2,,,"9,098,780",10.7,
,5 or more,"10,635,360",8.7,,,"10,027,590",26.4,,,"607,770",0.7,
Family structure,,,,,,,,,,,,
,Nonmarried,"63,271,770",51.5,%,,"12,648,360",33.3,%,,"50,615,060",59.6,%
,Married,"59,613,390",48.5,,,"25,321,890",66.7,,,"34,299,830",40.4,
Note: Detail may not sum to total due to rounding or missing data.,,,,,,,,,,,,
~Not applicable. ,,,,,,,,,,,,
"Source: Bureau of Justice Statistics, National Crime Victimization Survey, 2010.",,,,,,,,,,,,
