Bureau of Justice Statistics,,,,,,,,,,
Filename: imhprpspi16stt03.csv,,,,,,,,,,
"Table 3. Prevalence of state and federal prisoners reporting a history of a mental health problem, by specific mental disorders, 2016",,,,,,,,,,
"Report title: Indicators of Mental Health Problems Reported by Prisoners: Survey of Prison Inmates, 2016 NCJ 252643",,,,,,,,,,
"Data source: Bureau of Justice Statistics, Survey of Prison Inmates, 2016",,,,,,,,,,
"Authors: Laura M. Maruschak, BJS Statistician, and Jennifer Bronson, Ph.D., and Mariel Alper, Ph.D., former BJS Statisticians",,,,,,,,,,
Refer questions to: askbjs@usdoj.gov 202-307-0765,,,,,,,,,,
Date of version: 6/2/2021,,,,,,,,,,
,,,,,,,,,,
"Table 3. Prevalence of state and federal prisoners reporting a history of a mental health problem, by specific mental disorders, 2016",,,,,,,,,,
,,State prisoners,,,,,Federal prisoners,,,
History of a mental health problem,,Percent,,Standard error,,,Percent,,Standard error,
Ever told by mental health professional they had a mental disorder,,42.9,%,0.86,%,,23.2,%,1.55,%
,Major depressive disorder,27.1,,0.67,,,13.7,,1.04,
,Bipolar disorder,23.3,,0.62,,,9.4,,0.86,
,Anxiety disorder/a,22.2,,0.64,,,10.4,,0.76,
,Post-traumatic stress disorder,14.1,,0.5,,,6.9,,0.7,
,Personality disorder/b,11.4,,0.41,,,4.8,,0.63,
,Schizophrenia/other psychotic disorder,8.8,,0.4,,,3.2,,0.43,
Note: Based on prisoners� self-report of ever being told by a mental health professional they had a specific disorder. Details may not sum to totals because prisoners could report more than one disorder. See appendix table 1 for prisoner estimates.,,,,,,,,,,
a/Includes panic disorder and obsessive compulsive disorder. Excludes post-traumatic stress disorder.,,,,,,,,,,
b/Includes antisocial and borderline personality disorders.,,,,,,,,,,
"Source: Bureau of Justice Statistics, Survey of Prison Inmates, 2016. ",,,,,,,,,,
