Bureau of Justice Statistics,,,,,,,,,,,
Filename: rprts05p0510t10,,,,,,,,,,,
"Table 10. Recidivism of prisoners released in 30 states in 2005, by type of post-release arrest charge and most serious commitment offense",,,,,,,,,,,
Report title: Recidivism of Prisoners Released in 30 States in 2005: Patterns from 2005 to 2010,,,,,,,,,,,
"Data source: Bureau of Justice Statistics, Recidivism of State Prisoners Released in 2005 data collection",,,,,,,,,,,
"Authors: Matthew R. Durose, Alexia D. Cooper, Ph.D., and Howard N. Snyder, Ph.D",,,,,,,,,,,
Refer questions to: askbjs@usdoj.gov 202-307-0765,,,,,,,,,,,
Date of release: 04/22/14,,,,,,,,,,,
,,,,,,,,,,,
"Table 10. Recidivism of prisoners released in 30 states in 2005, by type of post-release arrest charge and most serious commitment offense",,,,,,,,,,,
,,Percent of released prisoners arrested within 5 years for�,,,,,,,,,
Most serious commitment offense ,,Any offense,,Violent offense,,Property offense,,Drug offense,,Public order offense*,
,All released prisoners,76.6,%,28.6,%,38.4,%,38.8,%,58,%
Violent,,71.3,,33.1,,29.7,,28.2,,55.3,
Property,,82.1,,28.5,,54,,38.5,,61.9,
Drug,,76.9,,24.8,,33.1,,51.2,,56.1,
Public order*,,73.6,,29.2,,32.7,,30,,59.6,
"Note: Prisoners were tracked for 5 years following release. Inmates could have been in prison for more than one offense; the most serious one is reported in this table. The numerator for each percent is the number of persons arrested for a charge during the 5-year follow-up period, and the denominator is the number released for each type of commitment offense. Detail may not sum to total because a person may be arrested more than once and each arrest may involve more than one charge. When information on the arrest charge was missing in the criminal history records, the court disposition data were used to describe the charge. See appendix table 11 for standard errors.",,,,,,,,,,,
*Includes 0.8% of cases in which the prisoner�s most serious offense was unspecified.,,,,,,,,,,,
"Source: Bureau of Justice Statistics, Recidivism of State Prisoners Released in 2005 data collection.",,,,,,,,,,,
