Bureau of Justice Statistics,,,,,
Filename: rprts05p0510at03,,,,,
Appendix table 3. Standard errors for table 3: First arrest charge of prisoners arrested for a new crime within 3 years following release in 11 states in 1994 and 2005 ,,,,,
Report title: Recidivism of Prisoners Released in 30 States in 2005: Patterns from 2005 to 2010,,,,,
"Data source: Bureau of Justice Statistics, Recidivism of State Prisoners Released in 1994 and 2005 data collections",,,,,
"Authors: Matthew R. Durose, Alexia D. Cooper, Ph.D., and Howard N. Snyder, Ph.D",,,,,
Refer questions to: askbjs@usdoj.gov 202-307-0765,,,,,
Date of release: 04/22/14,,,,,
,,,,,
Appendix table 3. Standard errors for table 3: First arrest charge of prisoners arrested for a new crime within 3 years following release in 11 states in 1994 and 2005 ,,,,,
Most serious arrest charge,1994,,,2005,
Violent,0.47,%,,0.35,%
Property,0.55,,,0.43,
Drug,0.57,,,0.45,
Public order,0.47,,,0.51,
Estimated number of prisoners with a post-release arrest,"1,053.17",,,978.74,
,,,,,
"Source: Bureau of Justice Statistics, Recidivism of State Prisoners Released in 1994 and 2005 data collections.",,,,,
