Bureau of Justice Statistics,,,,,,,
Filename: hc0309at02.csv,,,,,,,
"Appendix table 2. Standard errors for number, percent, and rate of hate crime victimizations, 2003-2009 ",,,,,,,
"Report title: Hate Crime, 2003-2009",,,,,,,
"Data source: BJS National Crime Victimization Survey, 2003-2009; FBI Hate Crime Statistics Reporting Program, 2003-2009",,,,,,,
"Authors: Lynn Langton, Michael Planty, Ph.D.",,,,,,,
Refer questions to: askbjs@usdoj.gov 202-307-0765,,,,,,,
Date of release: 06/16/11,,,,,,,
,,,,,,,
"Appendix table 2. Standard errors for number, percent, and rate of hate crime victimizations, 2003-2009 ",,,,,,,
,Hate crime victimizations,,,,,,
,Total ,,,Violent,,,
Year,Number,Percent of total victimizations,,Number,Rate ,Percent of total victimizations,
2003,"30,928",0.12,%,"27,966",0.11,0.49,%
2004,"24,962",0.1,,"21,605",0.09,0.4,
2005,"31,641",0.13,,"30,380",0.13,0.56,
2006,"33,839",0.13,,"31,892",0.13,0.49,
2007,"31,004",0.13,,"28,590",0.12,0.54,
2008,"29,892",0.14,,"27,713",0.11,0.55,
2009,"26,354",0.13,,"24,864",0.1,0.55,
