Bureau of Justice Statistics,,,,,
Filename: hc0309at16.csv,,,,,
"Appendix table 16. Standard errors for hate crime victimizations recorded by the NCVS and UCR, 2003-2009",,,,,
"Report title: Hate Crime, 2003-2009",,,,,
"Data source: BJS National Crime Victimization Survey, 2003-2009; FBI Hate Crime Statistics Reporting Program, 2003-2009",,,,,
"Authors: Lynn Langton, Michael Planty, Ph.D.",,,,,
Refer questions to: askbjs@usdoj.gov 202-307-0765,,,,,
Date of release: 06/16/11,,,,,
,,,,,
"Appendix table 16. Standard errors for hate crime victimizations recorded by the NCVS and UCR, 2003-2009",,,,,
,,National Crime Victimization Survey,,,
Hate crime offense,,Total,Not reported to police,Reported to police,Uniform Crime Reporting Program
Violent crime,,2.5,3.4,3.6,~
,Homicide,~,~,~,~
,Forcible rape,0.7,0.9,1.1,~
,Robbery,1.7,2.5,2.3,~
,Aggravated assault,2.6,2.8,4.5,~
,Simple assault,3.5,4.6,5.3,~
,Intimidation,~,~,~,~
,Other violent,~,~,~,~
Property crime,,2.3,3.1,3.2,~
,Burglary,1.5,1.3,2.5,~
,Larceny-theft,2,2.8,2.2,~
,Motor vehicle theft,~,~,~,~
,Vandalism,~,~,~,~
,Other property,~,~,~,~
Other,,~,~,~,~
~Not applicable.,,,,,
