Bureau of Justice Statistics,,,,,,,,,,,,
Filename: hc0309at08.csv,,,,,,,,,,,,
"Appendix table 8. Standard errors for hate and nonhate crime victimizations reported to police, 2003-2009",,,,,,,,,,,,
"Report title: Hate Crime, 2003-2009",,,,,,,,,,,,
"Data source: BJS National Crime Victimization Survey, 2003-2009; FBI Hate Crime Statistics Reporting Program, 2003-2009",,,,,,,,,,,,
"Authors: Lynn Langton, Michael Planty, Ph.D.",,,,,,,,,,,,
Refer questions to: askbjs@usdoj.gov 202-307-0765,,,,,,,,,,,,
Date of release: 06/16/11,,,,,,,,,,,,
,,,,,,,,,,,,
"Appendix table 8. Standard errors for hate and nonhate crime victimizations reported to police, 2003-2009",,,,,,,,,,,,
,,,,,Violent,,,,Violent with injury,,,
Reporting to police,,,Total,,Hate,,Nonhate,,Hate,,Nonhate,
Reported by�,,,3.6,%,3.9,%,0.9,%,7.9,%,1.5,%
,,Victim,3.2,,3.4,,0.8,,6.3,,1.3,
,,Someone else,2.4,,2.7,,0.6,,6.4,,1.3,
,,Other,1.7,,1.9,,0.3,,5.1,,0.6,
Complaint signed,,,2.3,,2.5,,0.6,,6.2,,1.3,
Arrest made,,,1.9,,2.1,,0.6,,5.3,,1.2,
Not reported,,,3.6,,3.9,,0.9,,7.9,,1.4,
Don�t know if reported,,,0.7,,0.7,,0.1,,2.2,,0.3,
,Average annual victimizations,,"36,779",,"34,386",,"224,852",,"16,056",,"108,142",
