Bureau of Justice Statistics,
Filename: hc0309at18.csv,
"Appendix table 18. Standard errors for figure 2: victims� perceptions of hate crime motivation, 2003-2009",
"Report title: Hate Crime, 2003-2009",
"Data source: BJS National Crime Victimization Survey, 2003-2009; FBI Hate Crime Statistics Reporting Program, 2003-2009",
"Authors: Lynn Langton, Michael Planty, Ph.D.",
Refer questions to: askbjs@usdoj.gov 202-307-0765,
Date of release: 06/16/11,
,
"Appendix table 18. Standard errors for figure 2: victims� perceptions of hate crime motivation, 2003-2009",
Motivation for hate crime,Percent of hate crime victimizations
Race,3.6
Religion,2.3
Ethnicity,3.3
Disability,2.1
Sexual orientation,2.5
Association,3.1
Perceived characteristics,2.4
