Bureau of Justice Statistics,,
Filename: hc0309f02.csv,,
"Figure 2. Victims' account of suspected hate crime motivation, 2003-2009",,
"Report title: Hate Crime, 2003-2009",,
"Data source: BJS National Crime Victimization Survey, 2003-2009; FBI Hate Crime Statistics Reporting Program, 2003-2009",,
"Authors: Lynn Langton, Michael Planty, Ph.D.",,
Refer questions to: askbjs@usdoj.gov 202-307-0765,,
Date of release: 06/16/11,,
,,
"Figure 2. Victims' account of suspected hate crime motivation, 2003-2009",,
,Percent of hate crime victimizations,
Race,58,%
Ethnicity,30,
Association,25,
Sexual orientation,15,
Perceived characteristics,13,
Religion,12,
Disability,10,
Note: Details will not sum to 100% because victims may have reported more than one type of bias motivating  the hate crime. See appendix table 18 for standard errors. ,,
"Source: National Crime Victimization Survey, January 2003 - December 2009. ",,
