Bureau of Justice Statistics,,,,,,
Filename: hc0309t08.csv,,,,,,
"Table 8. Most important reason why victimization was not reported to police, 2003-2009",,,,,,
"Report title: Hate Crime, 2003-2009",,,,,,
"Data source: BJS National Crime Victimization Survey, 2003-2009; FBI Hate Crime Statistics Reporting Program, 2003-2009",,,,,,
"Authors: Lynn Langton, Michael Planty, Ph.D.",,,,,,
Refer questions to: askbjs@usdoj.gov 202-307-0765,,,,,,
Date of release: 06/16/11,,,,,,
,,,,,,
"Table 8. Most important reason why victimization was not reported to police, 2003-2009",,,,,,
,,,Violent/b,,,
Most important reason victim did not report to police/a,Total hate,,Hate,,Nonhate,
Handled another way,32,%,33,%,35,%
Not important enough,19,,19,,23,
Police could not do anything,4, !,2, !,3,
Police would not help,15,,15, ,10,
Other/c,31,,31,,29,
"Note: In the NCVS, crime is classified as hate crime if the victim perceived that the offender was motivated by bias because the offender used hate language, left behind hate symbols, or the police investigators confirmed that the incident was a hate crime. Does not include victims who reported offense to the police or did not know whether the offense was reported to the police.  See appendix table 9 for standard errors.",,,,,,
"! Interpret data with caution; estimate based on 10 or fewer sample cases, or coefficient of variation is greater than 50%. See Methodology for standard error computations.",,,,,,
a/Victims were asked to cite the most important reason why the incident was not reported to the police. ,,,,,,
"b/Includes rape/sexual assault, robbery, aggravated assault, and simple assault.",,,,,,
c/Includes victims who could not select one reason as most important.,,,,,,
