Bureau of Justice Statistics,,,,,,,
Filename: hc0309t01.csv,,,,,,,
"Table 1. Hate crime victimizations, 2003-2009 ",,,,,,,
"Report title: Hate Crime, 2003-2009",,,,,,,
"Data source: BJS National Crime Victimization Survey, 2003-2009; FBI Hate Crime Statistics Reporting Program, 2003-2009",,,,,,,
"Authors: Lynn Langton, Michael Planty, Ph.D.",,,,,,,
Refer questions to: askbjs@usdoj.gov 202-307-0765,,,,,,,
Date of release: 06/16/11,,,,,,,
,,,,,,,
"Table 1. Hate crime victimizations, 2003-2009 ",,,,,,,
,Total hate crimes/a ,,Violent hate crimes/b,,,,
Year,Number,Percent of total  victimizationsc,,Number,Rate/d,Percent of total  victimizations/c,
2003,"239,400",1,%,"199,900",0.8,3.5,%
2004,"151,100",0.6,,"115,800",0.5,2.1,
2005,"197,400",0.8,,"183,400",0.8,3.4,
2006/e,"220,600",0.9,,"197,200",0.8,3.1,
2007,"223,500",1,,"193,800",0.8,3.6,
2008,"183,000",0.8,,"159,400",0.6,3.1,
2009,"148,400",0.7,,"133,500",0.5,3,
"Note: In the NCVS, crime is classified as hate crime if the victim perceived that the offender was motivated by bias because the offender used hate language, left behind hate symbols, or the police investigators confirmed that the incident was a hate crime. See appendix table 2 for standard errors.",,,,,,,
"a/includes rape/sexual assault, robbery, aggravated assault, simple assault, larceny, burglary, motor vehicle theft, and other theft. ",,,,,,,
"b/Includes rape/sexual assault, robbery, aggravated assault, and simple assault. ",,,,,,,
c/See appendix table 1 for number of total victimizations.,,,,,,,
"d/Rates calculated per 1,000 persons age 12 or older. See appendix table 1 for base population numbers. ",,,,,,,
"e/Due to methodological changes in the 2006 NCVS, use caution when comparing 2006 criminal victimization estimates to other years. See Criminal Victimization, 2006, http://www.bjs.gov, for more information. ",,,,,,,
"Source: National Crime Victimization Survey, January 2003 - December 2009. ",,,,,,,
