Bureau of Justice Statistics,,,,,
Filename: hc0309at05.csv,,,,,
"Appendix Table 5. Standard error for hate and nonhate crime victimizations, 2003-2009",,,,,
"Report title: Hate Crime, 2003-2009",,,,,
"Data source: BJS National Crime Victimization Survey, 2003-2009; FBI Hate Crime Statistics Reporting Program, 2003-2009",,,,,
"Authors: Lynn Langton, Michael Planty, Ph.D.",,,,,
Refer questions to: askbjs@usdoj.gov 202-307-0765,,,,,
Date of release: 06/16/11,,,,,
,,,,,
"Appendix Table 5. Standard error for hate and nonhate crime victimizations, 2003-2009",,,,,
Type of crime,,Hate,,Nonhate,
,Total,~,,~,
Violent crime,,2.5,%,0.4,%
,Rape/sexual assault,0.7,,0.1,
,Robbery,1.7,,0.1,
,Aggravated assault,2.6,,0.2,
,Simple assault,3.5,,0.3,
Personal larceny,,0.6,,0.1,%
Property crime,,2.2,%,0.4,%
,Burglary,1.4,,0.3,
,Motor vehicle theft,~,,0.1,
,Theft,1.8,,0.5,
~ Not applicable.,,,,,
