Bureau of Justice Statistics,,,,,
Filename: hc0309t05.csv,,,,,
"Table 5. Presence of weapons and injuries sustained in violent hate and nonhate crime victimizations, 2003-2009",,,,,
"Report title: Hate Crime, 2003-2009",,,,,
"Data source: BJS National Crime Victimization Survey, 2003-2009; FBI Hate Crime Statistics Reporting Program, 2003-2009",,,,,
"Authors: Lynn Langton, Michael Planty, Ph.D.",,,,,
Refer questions to: askbjs@usdoj.gov 202-307-0765,,,,,
Date of release: 06/16/11,,,,,
,,,,,
"Table 5. Presence of weapons and injuries sustained in violent hate and nonhate crime victimizations, 2003-2009",,,,,
Weapon/injury,,Hate,,Nonhate,
Weapon,,,,,
,Yes,20,%,24,%
,No,69,,69,
,Don�t know,12,,7,
Injury ,,,,,
,None,77,%,73,%
,Minor,20,,22,
,Serious*,3,,4,
,Rape without other injuries,--,,1,
Annual average violent victimizations,,"169,000",,"5,253,800",
"Note: In the NCVS, crime is classified as hate crime if the victim perceived that the offender was motivated by bias because the offender used hate language, left behind hate symbols, or the police investigators confirmed that the incident was a hate crime. See appendix table 6 for standard errors.",,,,,
--Less than 0.5%.,,,,,
"*Serious injury includes broken bones, lost teeth, internal injuries, loss of consciousness, and any unspecified injury requiring two or more days of hospitalization. ",,,,,
"Source: National Crime Victimization Survey, January 2003 - December 2009.",,,,,
