Bureau of Justice Statistics,,,,,,
Filename: hc0309at09.csv,,,,,,
"Appendix table 9. Standard errors for most important reason why victimization was not reported to the police, 2003-2009",,,,,,
"Report title: Hate Crime, 2003-2009",,,,,,
"Data source: BJS National Crime Victimization Survey, 2003-2009; FBI Hate Crime Statistics Reporting Program, 2003-2009",,,,,,
"Authors: Lynn Langton, Michael Planty, Ph.D.",,,,,,
Refer questions to: askbjs@usdoj.gov 202-307-0765,,,,,,
Date of release: 06/16/11,,,,,,
,,,,,,
"Appendix table 9. Standard errors for most important reason why victimization was not reported to the police, 2003-2009",,,,,,
,,,Violent ,,,
Most important reason victim did not report to police,Total hate,,Hate,,Nonhate,
Handled another way,4.5,%,4.9,%,1.1,%
Not important enough,3.8,,4.1,,0.9,
Police could not do anything,1.9,,1.4,,0.3,
Police would not help,3.4,,3.7,,0.6,
Other,4.5,,4.8,,1,
