Bureau of Justice Statistics,,,,,,
Filename: hc0309at03.csv,,,,,,
"Appendix table 3. Standard errors for annual average of hate crime incidents and victimizations, 2003-2009",,,,,,
"Report title: Hate Crime, 2003-2009",,,,,,
"Data source: BJS National Crime Victimization Survey, 2003-2009; FBI Hate Crime Statistics Reporting Program, 2003-2009",,,,,,
"Authors: Lynn Langton, Michael Planty, Ph.D.",,,,,,
Refer questions to: askbjs@usdoj.gov 202-307-0765,,,,,,
Date of release: 06/16/11,,,,,,
,,,,,,
"Appendix table 3. Standard errors for annual average of hate crime incidents and victimizations, 2003-2009",,,,,,
Annual hate crimes,,,Incidents ,,Victimizations,
Number,,,,,,
,Total hate crimes,,"35,219",,"36,779",
,,Violent,"32,705",,"34,386",
,,Property,"10,624",,"10,624",
Percent ,,,,,,
,Total crime,,0.1,%,0.1,%
,,Violent,0.3,,0.3,
,,Property,0,,0,
"Rate per 1,000 persons or households",,,,,,
,,Violent,0.1,,0.1,
,,Property,0,,0,
