Bureau of Justice Statistics,,,,,,,,,
Filename: hc0309at01.csv,,,,,,,,,
"Appendix table 1. Population and total criminal victimization counts, 2003-2009",,,,,,,,,
"Report title: Hate Crime, 2003-2009",,,,,,,,,
"Data source: BJS National Crime Victimization Survey, 2003-2009; FBI Hate Crime Statistics Reporting Program, 2003-2009",,,,,,,,,
"Authors: Lynn Langton, Michael Planty, Ph.D.",,,,,,,,,
Refer questions to: askbjs@usdoj.gov 202-307-0765,,,,,,,,,
Date of release: 06/16/11,,,,,,,,,
,,,,,,,,,
"Appendix table 1. Population and total criminal victimization counts, 2003-2009",,,,,,,,,
,,U.S. resident population,,,Total criminal victimizations,,,,
Year,,Persons age 12 or older ,Households,Total/a,Violent/b,Property/c,Total/a,Violent/b,Property/c
,Total,"1,729,441,100","827,843,000","162,262,300","35,282,500","125,547,700","164,949,300","37,959,400","125,547,700"
2003,,"239,306,000","114,136,900","24,444,000","5,233,300","18,999,300","24,953,500","5,738,500","18,999,300"
2004,,"241,703,700","115,775,600","24,108,100","4,991,800","18,869,700","24,537,500","5,419,700","18,869,700"
2005,,"244,505,300","117,099,800","23,484,200","4,929,100","18,288,700","23,974,200","5,419,100","18,288,700"
2006,,"247,233,100","117,858,400","25,392,900","5,980,400","19,223,100","25,821,600","6,409,100","19,223,100"
2007,,"250,344,900","119,503,500","23,035,500","5,074,800","17,749,600","23,347,500","5,385,200","17,749,600"
2008,,"252,242,500","121,141,100","21,561,200","4,784,800","16,630,800","21,848,300","5,071,900","16,630,800"
2009,,"254,105,600","122,327,700","20,236,400","4,288,200","15,786,500","20,466,700","4,515,800","15,786,500"
"a/Includes violent crimes, household property crimes, and personal larceny. ",,,,,,,,,
"b/Includes rape/sexual assault, robbery, aggravated assault, and simple assault.   ",,,,,,,,,
"c/Includes burglary, motor vehicle theft, and other theft.",,,,,,,,,
