Bureau of Justice Statistics,,,,,
Filename: hc0309at06.csv,,,,,
"Appendix table 6. Standard errors for presense of weapons and injury sustained in hate and nonhate crime victimizations, 2003-2009",,,,,
"Report title: Hate Crime, 2003-2009",,,,,
"Data source: BJS National Crime Victimization Survey, 2003-2009; FBI Hate Crime Statistics Reporting Program, 2003-2009",,,,,
"Authors: Lynn Langton, Michael Planty, Ph.D.",,,,,
Refer questions to: askbjs@usdoj.gov 202-307-0765,,,,,
Date of release: 06/16/11,,,,,
,,,,,
"Appendix table 6. Standard errors for presense of weapons and injury sustained in hate and nonhate crime victimizations, 2003-2009",,,,,
Weapon/injury,,Hate,,Nonhate,
Weapon,,,,,
,Yes,3.1,%,0.7,%
,No,3.6,,0.8,
,Don�t know,2.5,,0.4,
Injury,,,,,
,None,3.3,%,0.8,%
,Minor,3.1,,0.7,
,Serious,1.3,,0.3,
,Rape without other injuries,~,,0.1,
Annual average violent crime   victimizations,,"34,148",,"223,390",
~Not applicable.,,,,,
