Bureau of Justice Statistics,,,,,,
Filename: hc0309t03.csv,,,,,,
"Table 3. Victims� evidence that a hate crime occurred, 2003-2009",,,,,,
"Report title: Hate Crime, 2003-2009",,,,,,
"Data source: BJS National Crime Victimization Survey, 2003-2009; FBI Hate Crime Statistics Reporting Program, 2003-2009",,,,,,
"Authors: Lynn Langton, Michael Planty, Ph.D.",,,,,,
Refer questions to: askbjs@usdoj.gov 202-307-0765,,,,,,
Date of release: 06/16/11,,,,,,
,,,,,,
"Table 3. Victims� evidence that a hate crime occurred, 2003-2009",,,,,,
Type of hate crime ,Hate language,,Hate symbols,,Confirmed by police investigators,
Total*,98,%,9,%,7,%
Violent,99,,8,,7,
"Note: In the NCVS, crime is classified as hate crime if the victim perceived that the offender was motivated by bias because the offender used hate language, left behind hate symbols, or the police investigators confirmed that the incident was a hate crime. Detail does not sum to 100% due to victims reporting multiple types of evidence that the crime was motivated by hate. See appendix table 4 for standard errors.",,,,,,
"*Includes rape/sexual assault, robbery, aggravated assault, simple assault, larceny, burglary, motor vehicle theft, and other theft.",,,,,,
"Source: National Crime Victimization Survey, January 2003 - December 2009. ",,,,,,
