Bureau of Justice Statistics,,,,
Filename: hc0309at15.csv,,,,
"Appendix table 15. Standard errors for perceived hate crime motivation as reported to the NCVS and UCR, 2003-2009",,,,
"Report title: Hate Crime, 2003-2009",,,,
"Data source: BJS National Crime Victimization Survey, 2003-2009; FBI Hate Crime Statistics Reporting Program, 2003-2009",,,,
"Authors: Lynn Langton, Michael Planty, Ph.D.",,,,
Refer questions to: askbjs@usdoj.gov 202-307-0765,,,,
Date of release: 06/16/11,,,,
,,,,
"Appendix table 15. Standard errors for perceived hate crime motivation as reported to the NCVS and UCR, 2003-2009",,,,
,National Crime Victimization Survey,,,
Motivation for hate crime,Total,Not reported to police,Reported to police,Uniform Crime Reporting Program
Race,3.6,4.8,5.3,~
Religion,2.3,3.1,3.4,~
Ethnicity,3.3,4.2,5.1,~
Disability,2.1,3.1,2.8,~
Sexual orientation,2.5,3.4,3.7,~
~Not applicable.,,,,
