Bureau of Justice Statistics,,,,
Filename: hc0309at07.csv,,,,
"Appendix table 7. Standard errors for hate and nonhate crime victimizations, by location, 2003-2009",,,,
"Report title: Hate Crime, 2003-2009",,,,
"Data source: BJS National Crime Victimization Survey, 2003-2009; FBI Hate Crime Statistics Reporting Program, 2003-2009",,,,
"Authors: Lynn Langton, Michael Planty, Ph.D.",,,,
Refer questions to: askbjs@usdoj.gov 202-307-0765,,,,
Date of release: 06/16/11,,,,
,,,,
"Appendix table 7. Standard errors for hate and nonhate crime victimizations, by location, 2003-2009",,,,
Location of occurance,Hate,,Nonhate,
At or near victim�s home,3.4,%,0.5,%
At or near a friend or relative�s house,1.7,,0.2,
Commercial place,2.3,,0.2,
"Parking lot, on street, or public transportation",3.1,,0.3,
School,2.7,,0.2,
Other,1.9,,0.2,
Annual average victimizations,"36,779",,"540,128",
