Bureau of Justice Statistics,,,,,,,,,
Filename: bcft15t05.csv,,,,,,,,,
"Table 5. Percent of reasons for denial of firearm transfer and permit applications, by checking agencies, 2015",,,,,,,,,
"Report title: Background Checks for Firearm Transfers, 2015 - Statistical Tables",,,,,,,,,
"Data source: Bureau of Justice Statistics, Firearm Inquiry Statistics program, 2015; and FBI, National Instant Criminal Background Check Operations Report, 2015.",,,,,,,,,
"Author(s): Jennifer C. Karberg, Ronald J. Frandsen, and Joseph M. Durso, Regional Justice Information Service, Trent D. Buskirk, Ph.D., University of Massachusetts � Boston, Allina D. Lee, Bureau of Justice Statistics

",,,,,,,,,
Refer questions to: askbjs@usdoj.gov or 202-307-0765 ,,,,,,,,,
Date of version: 11/16/2017,,,,,,,,,
,,,,,,,,,
"Table 5. Percent of reasons for denial of firearm transfer and permit applications, by checking agencies, 2015",,,,,,,,,
,,,,,,,,,
Reason for denial,,All agencies,,FBI/a,,State,,Local,
,Total,100,%,100,%,100,%,100,%
Under indictment/information,,3.7,,5.3,,1.6,,3.1,
Felony conviction,,35.8,,42.8,,28.6,,16.4,
Felony arrest with no disposition,,4.8,,~,,11.9,,3.2,
Fugitive from justice/warrant,,13.4,,18.7,,6.8,,3.9,
Misdemeanor domestic violence,,7.5,,7.3,,6.8,,14.4,
Protection/restraining order,,3.7,,2.8,,5.1,,4,
Drug user/addict,,7.7,,9.6,,5.2,,5,
Mental health commitment/adjudication,,5.9,,4.4,,8,,6,
Illegal/unlawful alien,,2,,2,,2.2,,0.6,
State law prohibition,,13,,6.8,,20.1,,25,
Local law prohibition,,0.2,,/,,0,,2.8,
Other prohibitions/b,,2.3,,0.2,,3.5,,15.7,
"Note: Includes transfer and permit denials. Reasons for denial were based on 18 U.S.C. � 922 and state laws. Totals were based on the 26 state agency reporters   and 415 local agencies that reported counts on reasons for denial. Detail may not sum to total due to rounding. For more information on reporting agencies and sample design, see Methodology. See appendix table 4 for counts.",,,,,,,,,
"~Not applicable. This is a not a federal disqualifier, but a disqualifier that is used in certain states.",,,,,,,,,
/Not reported. This does not apply to the FBI or state agency reporters.,,,,,,,,,
"a/In 2008, the FBI began a new classification system and reclassified all denials from 1999 to 2008. Therefore, totals are not comparable to those in editions of this report prior to 2008. ",,,,,,,,,
"b/Includes juveniles, persons dishonorably discharged from the U.S. Armed Forces, persons who have renounced U.S. citizenship, and other unspecified persons.",,,,,,,,,
"Source: Bureau of Justice Statistics, Firearm Inquiry Statistics program, 2015; and FBI, National Instant Criminal Background Check Operations Report, 2015.",,,,,,,,,
