Bureau of Justice Statistics,,,,,
Filename: bcft15t03.csv,,,,,
"Table 3. Firearm applications received and denied by state agency reporters, by type of check, 2015",,,,,
"Report title: Background Checks for Firearm Transfers, 2015 - Statistical Tables",,,,,
"Data source: Bureau of Justice Statistics, Firearm Inquiry Statistics program, 2015.",,,,,
"Author(s): Jennifer C. Karberg, Ronald J. Frandsen, and Joseph M. Durso, Regional Justice Information Service, Trent D. Buskirk, Ph.D., University of Massachusetts � Boston, Allina D. Lee, Bureau of Justice Statistics

",,,,,
Refer questions to: askbjs@usdoj.gov or 202-307-0765 ,,,,,
Date of version: 11/16/2017,,,,,
,,,,,
"Table 3. Firearm applications received and denied by state agency reporters, by type of check, 2015",,,,,
,,,,,
Type of check and jurisdiction,,Applications,Denials,Percent denied,
Instant check,,"4,463,147","66,206",1.5,%
,Colorado,"350,553","7,714",2.2,
,Connecticut,"119,785",161,0.1,
,Florida,"885,086","12,632",1.4,
,Illinois,"418,375","1,994",0.5,
,Nevada,"102,304","2,162",2.1,
,New Hampshire,"50,000",450,0.9,
,New Jersey,"93,225",556,0.6,
,Oregon,"262,838","1,913",0.7,
,Pennsylvania,"989,298","12,064",1.2,
,Tennessee,"510,233","19,880",3.9,
,Utah,"102,641","2,469",2.4,
,Virginia,"444,627","3,048",0.7,
,Wisconsin,"134,182","1,163",0.9,
Other approval,,"934,128","10,164",1.1,%
,California,"880,603","9,669",1.1,
,Maryland,"37,572",390,1,
,Rhode Island/a,"15,953",105,0.7,
Purchase permit,,"422,639","12,604",3,%
,Connecticut,"46,304",73,0.2,
,District of Columbia,"1,654",9,0.5,
,Hawaiia,"19,752",212,1.1,
,Illinois,"163,172","8,730",5.4,
,Maryland,"19,699",310,1.6,
,Massachusetts/a,"52,593","1,283",2.4,
,Michigan/a,"46,977","1,118",2.4,
,New Jersey/a,"72,488",869,1.2,
Exempt carry,,"840,984","9,520",1.1,%
,Alaska,"1,250",5,0.4,
,Arizona,"44,819",325,0.7,
,Arkansas,"43,446","1,716",3.9,
,Kansas,"18,750",98,0.5,
,Kentucky,"39,521",707,1.8,
,Louisiana,"16,169",200,1.2,
,"Michigan/a,c","121,682","2,449",2,
,"Minnesota/a,b","47,872",426,0.9,
,Mississippi,"7,000",200,2.9,
,Nebraska,"11,951",135,1.1,
,North Dakota,"7,200",350,4.9,
,South Carolina,"63,932",871,1.4,
,Texas,"284,169","1,081",0.4,
,Utah,"126,524",911,0.7,
,Wyoming,"6,699",46,0.7,
"Note: Applications include transfers and permits. Types of firearms included in a jurisdiction�s checks or permits are described in Jurisdiction notes. For more information on reporting agencies and sample design, see Methodology. ",,,,,
a/Totals for local agencies were compiled by a state agency. ,,,,,
b/Permits are only exempt under state law. Other carry permits listed have a federal exemption. ,,,,,
"c/Reported 2015 fiscal year data, which were used to produce the 2015 calendar year estimates.",,,,,
"Source: Bureau of Justice Statistics, Firearm Inquiry Statistics program, 2015.",,,,,
