Bureau of Justice Statistics,,,,,,,,,,
Filename:bcft15at09.csv,,,,,,,,,,
"Appendix Table 9. Forums for appeals of firearm transfer and permit denials, 2015",,,,,,,,,,
"Report title: Background Checks for Firearm Transfers, 2015 - Statistical Tables",,,,,,,,,,
"Data source: Bureau of Justice Statistics, Firearm Inquiry Statistics program, 2015.",,,,,,,,,,
"Author(s): Jennifer C. Karberg, Ronald J. Frandsen, and Joseph M. Durso, Regional Justice Information Service, Trent D. Buskirk, Ph.D., University of Massachusetts � Boston, Allina D. Lee, Bureau of Justice Statistics

",,,,,,,,,,
Refer questions to: askbjs@usdoj.gov or 202-307-0765 ,,,,,,,,,,
Date of version: 11/16/2017,,,,,,,,,,
,,,,,,,,,,
"Appendix Table 9. Forums for appeals of firearm transfer and permit denials, 2015",,,,,,,,,,
,,,,,,,,,,
Jurisdiction,,Denying agency,Other agency,Court system,,,Jurisdiction,Denying agency,Other agency,Court system
Federal,,,,,,Minnesota,,,,
,Instant check,X,~,X,,,Purchase permit,~,~,X
Alaska,,,,,,,Exempt carry,X,~,X
,Exempt carry,X,~,~,,Mississippi,,,,
Arizona,,,,,,,Exempt carry,X,~,X
,Exempt carry,X,~,X,,Montana,,,,
Arkansas,,,,,,,Exempt carry,~,~,X
,Exempt carry,X,~,X,,Nebraska,,,,
California,,,,,,,Purchase permit ,~,~,X
,Other approval,X,~,~,,,Exempt carry,X,~,X
Colorado,,,,,,Nevada,,,,
,Instant check,X,~,~,,,Instant check,X,~,...
Connecticut,,,,,,, Exempt carry,~,~,X
,Instant check,X,~,~,,New Hampshire,,,,
,Purchase permit,~,X,~,,,Instant check,X,~,X
District of Columbia,,,,,,New Jersey,,,,
,Purchase permit,X,~,X,,,Instant check ,X,~,...
Florida,,,,,,,Purchase permit,~,~,X
,Instant check,X,~,~,,North Carolina  ,,,,
Georgia,,,,,,,Purchase permit,~,~,X
,Exempt carry,~,~,X,,,Exempt carry,~,~,X
Idaho,,,,,,North Dakota,,,,
,Exempt carry,~,~,X,,,Exempt carry,X,~,X
Illinois,,,,,,Oregon,,,,
,Instant check,X,~,X,,,Instant check,X,~,~
,Purchase permit,X,~,X,,Pennsylvania,,,,
Iowa,,,,,,,Instant check,X,X,X
,Purchase permit,~,~,X,,South Carolina,,,,
,Exempt carry,~,~,X,,,Exempt carry,X,~,~
Kansas,,,,,,Tennessee,,,,
,Exempt carry,X,X,X,,,Instant check,X,~,~
Kentucky,,,,,,Texas,,,,
,Exempt carry,X,~,X,,,Exempt carry,~,~,X
Louisiana,,,,,,Utah,,,,
,Exempt carry,,,,,,Instant check ,X,~,~
Maryland,,,,,,,Exempt carry,~,X,~
,Other approval,X,~,X,,Virginia,,,,
,Purchase permit,X,~,X,,,Instant check,X,~,X
Massachusetts,,,,,,Washington,,,,
,Purchase permit,~,~,X,,,Other approval,~,~,X
Michigan,,,,,,Wisconsin,,,,
,Purchase permit,~,~,X,,,Instant check,X,~,X
,Exempt carry,~,~,X,,Wyoming,,,,
,,,,,,,Exempt carry,X,~,X
"X Indicates statute or regulation provides a specific procedure to appeal a denial of a firearm transfer or permit. In addition, some denying agencies may reconsider a decision even if not required to do so by law.",,,,,,,,,,
...Not available.,,,,,,,,,,
~Not applicable.,,,,,,,,,,
"Source: Bureau of Justice Statistics, Firearm Inquiry Statistics program, 2015.",,,,,,,,,,
