"Bureau of Justice Statistics",,,,,,,,,,,
"Filename:  ipv04.csv",,,,,,,,,,,
"Table 4.  Households with children under 12, by gender of victims of intimate partner violence 1993-98 ",,,,,,,,,,,
"Title of Report:  Intimate partner victimization, NCJ 178247",,,,,,,,,,,
"Data source:  National Crime Victimization Survey",,,,,,,,,,,
"Author:  Callie Rennison, Ph.D. and Sarah Welchans",,,,,,,,,,,
"Refer questions to:   (202) 307-0765 or askbjs@ojp.usdoj.gov",,,,,,,,,,,
"Date version:  05/17/00 ",,,,,,,,,,,
" ",,,,,,,,,,,
"Table 4.  Households with children under 12, by gender of victims of intimate partner violence 1993-98 ",,,,,,,,,,,
,,,,,,,,,,,
,"Total average annual",,,,"Female average annual",,,,"Male average annual",,
,"Number","Percent",,,"Number","Percent",,,"Number","Percent",
"  Total intimate partner victims",1082110,100,"%",,937490,100,"%",,144620,100,"%"
,,,,,,,,,,,
"Children present",459590,43,"%",,424140,45,"%",,35450,25,"%"
"Children not present",462090,43,,,364720,39,,,97370,67,
"Unknown",160430,15,,,148630,16,,,11800,8,
,,,,,,,,,,,
"Note:  The difference in male and female percentages is significant at the 95%-confidence level ",,,,,,,,,,,
"for each category shown.  The difference in having children as household members and not having them",,,,,,,,,,,
"is significant at the 95%-confidence level for both women and men.",,,,,,,,,,,
