"Bureau of Justice Statistics",,,,,,,,,,,,,,
"Filename:  ipv07.csv",,,,,,,,,,,,,,
"Table 7.  Percent of reporting intimate partner violence to police, by gender, 1993-98 ",,,,,,,,,,,,,,
"Title of Report:  Intimate partner victimization, NCJ 178247",,,,,,,,,,,,,,
"Data source:  National Crime Victimization Survey",,,,,,,,,,,,,,
"Author:  Callie Rennison, Ph.D. and Sarah Welchans",,,,,,,,,,,,,,
"Refer questions to:   (202) 307-0765 or askbjs@ojp.usdoj.gov",,,,,,,,,,,,,,
"Date version:  05/17/00 ",,,,,,,,,,,,,,
" ",,,,,,,,,,,,,,
"Table 7.  Percent of reporting intimate partner violence to police, by gender, 1993-98 ",,,,,,,,,,,,,,
,,,,,,,,,,,,,,
"Victims",1993,,1994,,1995,,1996,,1997,,1998,,"1993-98",
,,,,,,,,,,,,,,
"  Female total",100,"%",100,"%",100,"%",100,"%",100,"%",100,"%",100,"%"
,,,,,,,,,,,,,,
"Reported",48,"%",50,"%",52,"%",53,"%",58,"%",59,"%",53,"%"
"Not reported",52,,50,,47,,46,"+",42,"*",41,"*",47,"*"
"Don't know",0,,0,,1,,1,,0,,0,,0,
,,,,,,,,,,,,,,
"  Male total",100,"%",100,"%",100,"%",100,"%",100,"%",100,"%",100,"%"
,,,,,,,,,,,,,,
"Reported",47,"%",48,"%",49,"%",46,"%",38,"%",49,"%",46,"%"
"Not reported",53,,50,,51,,52,,60,"+",51,,53,
"Don't know",0,,2,,0,,2,,2,,0,,1,
,,,,,,,,,,,,,,
"*  The difference in percent of within gender reporting and not reporting is significant at the 95%-",,,,,,,,,,,,,,
"confidence level.",,,,,,,,,,,,,,
"+  The difference in percent of within gender reporting and not reporting is significant at the 90%-",,,,,,,,,,,,,,
"confidence level.",,,,,,,,,,,,,,
