"Bureau of Justice Statistics",,,,,
"Filename:  ipv02.csv",,,,,
"Table 2. Violence by intimate partners, by gender, 1993-98",,,,,
"Title of Report:  Intimate partner victimization, NCJ 178247",,,,,
"Data source:  National Crime Victimization Survey",,,,,
"Author:  Callie Rennison, Ph.D. and Sarah Welchans",,,,,
"Refer questions to:   (202) 307-0765 or askbjs@ojp.usdoj.gov",,,,,
"Date version:  05/17/00 ",,,,,
,,,,,
"Table 2. Violence by intimate partners, by gender, 1993-98",,,,,
,,,,,
,,"Violent victimization by intimate partners",,,
,,"Female victims",,,"Male victims"
,,"Rate per",,,"Rate per"
,"Number",1000,,"Number",1000
1993,1072090,9.8,,163570,1.6
1994,1003180,9.1,,176180,1.7
1995,953700,8.6,,115490,1.1
1996,879290,7.8,,150730,1.4
1997,848480,7.5,,107850,1.0
1998,876340,7.7,,157330,1.5
,,,,,
"Note:  See appendix table 9 for the populations used to calculate the rates.",,,,,
,,,,,
"The difference in male and female intimate victimizations rates of intimate partner ",,,,,
"victimization for every year is significant at the 95%-confidence level.  The rates for ",,,,,
"males in 1993 and 1998 were not significantly different.  Male intimate partner ",,,,,
"victimization rates fell significantly between 1994 and 1995, fell slightly between ",,,,,
"1996 and 1997, and increased signficantly between 1997 and 1998.  Rates of intimate",,,,,
"partner violence against females declined from 1994 to 1998 and slightly between",,,,,
"1994 and 1998.",,,,,
