"Bureau of Justice Statistics",,,,,,,,,
"filename:  cpu9627.csv",,,,,,,,,
"table: 2.7",,,,,,,,,
"report title:  Correctional Populations in the United States, 1996 chapter 2 NCJ 170013",,,,,,,,,
"data sources:  Annual survey of jails 1996",,,,,,,,,
"authors:  Darrell Gilliard",,,,,,,,,
"refer questions to:  askbjs@ojp.usdoj.gov (202) 307-0765",,,,,,,,,
"date of version:  3/26/99",,,,,,,,,
,,,,,,,,,
"Table 2.7.  Jail capacity and occupancy, midyear 1990-96 ",,,,,,,,,
,,,,,"Census",,,,
,"Annual Survey of Jails",,,,"of Jails",,"Annual Survey of Jails",,
,1990,1991,1992,,1993,,1994,1995,1996
,,,,,,,,,
"Number of inmates held/a",405320,426479,444584,,459804,,486474,507044,518492
,,,,,,,,,
"Rated capacity of jails/b",389171,421237,449197,,475224,,504324,545763,562020
,,,,,,,,,
"Percent of rated",,,,,,,,,
"capacity occupied/c",104%,101%,99%,,97%,,96%,93%,92%
,,,,,,,,,
"Amount of capacity added/d",21402,32066,27960,,26027,,29100,41439,16257
,,,,,,,,,
"Note:  Data for 1-day counts are for June 30, 1992, 1993, 1994, and 1995; ",,,,,,,,,
"June 29 in 1990; and June 28 in 1991 and 1996.",,,,,,,,,
"a/Population counts for 1990-93 could include persons supervised outside of jail facilities.",,,,,,,,,
"Population counts for 1994 through 1996 are for custody only.",,,,,,,,,
"b/Rated capacity is the number of beds or inmates assigned to facilities within each jurisdiction",,,,,,,,,
"c/Percent of rated capacity occupied is based on the 1-day count of inmates.  This count for 1990-93 ",,,,,,,,,
"may include some inmates not in physical custody but under the jurisdiction of a local jail, such as ",,,,,,,,,
"inmates on electronic monitoring, under house arrest, or in day reporting or other community",,,,,,,,,
"service supervision programs.",,,,,,,,,
"d/The amount of bedspace added during the 12 months before the survey or census",,,,,,,,,
"in each year. ",,,,,,,,,
