"Bureau of Justice Statistics",,,
"filename:  cpu9629.csv",,,
"table:  9.9",,,
"report title:  Correctional Populations in the United States, 1996 chapter 2 NCJ 170013",,,
"data sources:  Annual survey of jails 1996",,,
"authors:  Darrell Gilliard",,,
"refer questions to:  askbjs@ojp.usdoj.gov (202) 307-0765",,,
"date of version:  3/26/99",,,
,,,
"Table 2.9.  Standard error estimates  for the Annual Survey of Jails, 1996",,,
,,,
,,"Stand-","Relative "
,,"dard","standard"
"Characteristic","Estimate","error","error (percent)"
,,,
"Total number  under supervision",591469,4740,0.80%
"Held in jail",518492,3065,0.59
"Supervised outside",,,
"a/jail facility",72977,3511,4.81
,,,
"Average daily population",515432,2924,0.57%
,,,
"Rated capacity",562020,3932,0.70%
,,,
"Sex",,,
"Male",527445,4279,0.81%
"Female",64024,757,1.18
,,,
"Race/Hispanic origina",,,
"White non-Hispanic",244414,4228,1.73%
"Black non-Hispanic",241252,2222,0.92
"Hispanic",91662,1268,1.38
"Other/b",9749,654,6.71
,,,
"a/Excludes persons of unknown race and Hispanic origin. ",,,
"b/Includes American Indians, Alaska Natives, Asians, ",,,
"and Pacific Islanders. ",,,
