Bureau of Justice Statistics,,,,,,,,,,,,,,,,
Filename: cp10stt04.csv,,,,,,,,,,,,,,,,
"Table 4. Prisoners under sentence of death, by region, jurisdiction, and race, 2009 and 2010",,,,,,,,,,,,,,,,
"Report title: Capital Punishment, 2010 - Statistical Tables NCJ 236510",,,,,,,,,,,,,,,,
Data source: National Prisoner Statistics (NPS-8),,,,,,,,,,,,,,,,
Authors: Tracy L. Snell,,,,,,,,,,,,,,,,
Refer questions to: askbjs@usdoj.gov (202) 307-0765,,,,,,,,,,,,,,,,
Date of version: 12/16/11,,,,,,,,,,,,,,,,
,,,,,,,,,,,,,,,,
"Table 4. Prisoners under sentence of death, by region, jurisdiction, and race, 2009 and 2010",,,,,,,,,,,,,,,,
,,,,,,,,,,,,,,,,
Region and jurisdiction,,"Prisoners under sentence of death, 12/31/09",,,"Received under sentence of death, 2010  ",,,"Removed from death row (excluding executions), 2010/a  ",,,"Executed, 2010  ",,,"Prisoners under sentence of death, 12/31/10",,
,,Total/b,White/c,Black/c,Total/b,White/c,Black/c,Total/b,White/c,Black/c,Total/b,White/c,Black/c,Total/b,White/c,Black/c
U.S. total,,"3,173","1,779","1,318",104,45,42,73,41,31,46,33,13,"3,158","1,750","1,316"
,Federal/d,56,26,29,3,3,0,1,0,1,0,0,0,58,29,28
,State,"3,117","1,753","1,289",101,42,42,72,41,30,46,33,13,"3,100","1,721","1,288"
Northeast,,229,84,136,3,1,2,6,3,3,0,0,0,226,82,135
,Connecticut,10,4,6,1,1,0,1,1,0,0,0,0,10,4,6
,New Hampshire,1,0,1,0,0,0,0,0,0,0,0,0,1,0,1
,New York,0,0,0,0,0,0,0,0,0,0,0,0,0,0,0
,Pennsylvania,218,80,129,2,0,2,5,2,3,0,0,0,215,78,128
Midwest,,265,142,120,9,3,5,10,3,7,8,3,5,256,139,113
,Illinois,14,10,4,1,1,0,0,0,0,0,0,0,15,11,4
,Indiana,13,10,3,0,0,0,0,0,0,0,0,0,13,10,3
,Kansas,9,5,4,0,0,0,1,0,1,0,0,0,8,5,3
,Missouri,51,29,22,0,0,0,2,1,1,0,0,0,49,28,21
,Nebraska,11,8,2,1,0,0,0,0,0,0,0,0,12,8,2
,Ohio,165,78,85,7,2,5,7,2,5,8,3,5,157,75,80
,South Dakota,2,2,0,0,0,0,0,0,0,0,0,0,2,2,0
South,,"1,661",912,726,45,21,22,41,22,18,35,27,8,"1,630",884,722
,Alabama,202,103,98,7,4,3,3,1,2,5,4,1,201,102,98
,Arkansas,42,18,24,1,0,0,1,1,0,0,0,0,42,17,24
,Delaware,17,9,8,0,0,0,0,0,0,0,0,0,17,9,8
,Florida,390,256,134,14,6,8,11,8,3,1,1,0,392,253,139
,Georgia,104,54,49,0,0,0,2,0,1,2,2,0,100,52,48
,Kentucky,35,29,6,2,1,1,3,1,2,0,0,0,34,29,5
,Louisiana,83,29,53,2,1,1,0,0,0,1,1,0,84,29,54
,Maryland,5,1,4,0,0,0,0,0,0,0,0,0,5,1,4
,Mississippi,60,28,31,4,2,2,1,1,0,3,3,0,60,26,33
,North Carolina,159,65,86,4,3,1,5,2,3,0,0,0,158,66,84
,Oklahoma,77,42,31,0,0,0,3,3,0,3,2,1,71,37,30
,South Carolina,55,25,30,2,0,2,1,1,0,0,0,0,56,24,32
,Tennessee,89,49,38,1,1,0,4,1,3,0,0,0,86,49,35
,Texas,330,198,127,8,3,4,6,3,3,17,12,5,315,186,123
,Virginia,13,6,7,0,0,0,1,0,1,3,2,1,9,4,5
West,,962,615,307,44,17,13,15,13,2,3,3,0,988,616,318
,Arizona,130,108,17,9,2,3,5,5,0,1,1,0,133,104,20
,California,683,401,250,24,8,7,8,6,2,0,0,0,699,403,255
,Colorado,2,0,2,1,0,1,0,0,0,0,0,0,3,0,3
,Idaho,15,15,0,2,2,0,1,1,0,0,0,0,16,16,0
,Montana,2,2,0,0,0,0,0,0,0,0,0,0,2,2,0
,Nevada,78,46,31,4,3,1,1,1,0,0,0,0,81,48,32
,New Mexico,2,2,0,0,0,0,0,0,0,0,0,0,2,2,0
,Oregon,31,27,3,3,1,1,0,0,0,0,0,0,34,28,4
,Utah,10,8,1,0,0,0,0,0,0,1,1,0,9,7,1
,Washington,8,5,3,1,1,0,0,0,0,1,1,0,8,5,3
,Wyoming,1,1,0,0,0,0,0,0,0,0,0,0,1,1,0
"Note: Some figures shown for yearend 2009 are revised from those reported in Capital Punishment, 2009 - Statistical Tables, BJS Web, NCJ 231676. The revised figures include 11 inmates who were either reported late to the National Prisoner Statistics program or were not in custody of state correctional authorities on December 31, 2009 (3 in Georgia, 2 in Arkansas, and 1 each in Alabama, Florida, Texas, Idaho, Nevada, and the Federal Bureau of Prisons) and exclude 11 inmates who were relieved of a death sentence before December 31, 2009 (3 in Nevada; 2 each in Illinois, Oklahoma, and Texas; and 1 each in Indiana, Florida, North Carolina, Arizona, and California). Data for December 31, 2009, also include 3 inmates who were erroneously reported as being removed from under sentence of death (1 each in Alabama, Florida, and North Carolina).",,,,,,,,,,,,,,,,
"a/Includes 15 deaths from natural causes (5 in Florida; 2 each in Pennsylvania, Texas, and California; and 1 each in Oklahoma, South Carolina, Tennessee, and Arizona), 4 deaths from suicide (1 each in Georgia, Texas, Arizona, and California), and 1 death from a drug overdose (California). ",,,,,,,,,,,,,,,,
"b/Includes American Indians, Alaska Natives, Asians, Native Hawaiians, other Pacific Islanders, and Hispanic inmates for whom no other race was identified.",,,,,,,,,,,,,,,,
"c/The reporting of race and Hispanic origin differs from that presented in other tables in this document. In this table, counts of white and black inmates include persons of Hispanic/Latino origin.",,,,,,,,,,,,,,,,
d/Excludes persons held under Armed Forces jurisdiction with a military death sentence for murder.,,,,,,,,,,,,,,,,
"Source: BJS, National Prisoner Statistics Program.",,,,,,,,,,,,,,,,
