Bureau of Justice Statistics,,,,,,,,,,
Filename: cp10stt14.csv,,,,,,,,,,
"Table 14. Prisoners sentenced to death and the outcome of sentence, by year of sentencing, 1973�2010",,,,,,,,,,
"Report title: Capital Punishment, 2010 - Statistical Tables NCJ 236510",,,,,,,,,,
Data source: National Prisoner Statistics (NPS-8),,,,,,,,,,
Authors: Tracy L. Snell,,,,,,,,,,
Refer questions to: askbjs@usdoj.gov (202) 307-0765,,,,,,,,,,
Date of version: 12/16/11,,,,,,,,,,
,,,,,,,,,,
"Table 14. Prisoners sentenced to death and the outcome of sentence, by year of sentencing, 1973�2010",,,,,,,,,,
,,Number ,Number of prisoners removed from under sentence of death,,,,,,,
,,sentenced ,,,Appeal or higher courts overturned,,,,,
Year of sentence,,to death,Execution,Other death,Death penalty statute,Conviction,Sentence,Sentence commuted,Other or unknown reasons,"Number under sentence of death, 12/31/2010"
,"Total, 1973-2010","8,221","1,234",436,522,850,"1,618",369,34,"3,158"
1973,,42,2,0,14,9,8,9,0,0
1974,,149,11,4,65,15,30,22,1,1
1975,,298,6,5,171,24,67,21,2,2
1976,,232,14,6,136,17,42,15,0,2
1977,,137,19,5,40,26,33,7,0,7
1978,,185,36,7,21,36,65,8,0,12
,,,,,,,,,,
1979,,151,28,15,2,28,59,6,1,12
1980,,173,45,15,4,30,52,12,0,15
1981,,223,57,15,0,42,81,12,1,15
1982,,267,67,23,0,40,82,12,1,42
1983,,252,68,24,1,29,70,15,2,43
1984,,285,69,21,2,46,73,13,8,53
,,,,,,,,,,
1985,,261,50,14,1,43,88,13,4,48
1986,,301,74,25,1,50,67,14,5,65
1987,,287,56,27,7,45,75,8,7,62
1988,,289,59,18,1,35,73,14,0,89
1989,,256,44,19,0,33,60,13,1,86
1990,,251,47,19,2,36,53,17,1,76
,,,,,,,,,,
1991,,268,42,13,2,37,61,11,0,102
1992,,286,45,19,0,28,54,21,0,119
1993,,287,64,21,3,21,42,15,0,121
1994,,313,69,12,10,34,52,15,0,121
1995,,312,59,20,6,19,42,13,0,153
1996,,315,41,17,4,21,61,15,0,156
,,,,,,,,,,
1997,,266,30,10,3,19,39,11,0,154
1998,,294,40,10,4,22,42,9,0,167
1999,,277,27,13,8,21,35,10,0,163
2000,,224,23,10,4,11,31,9,0,136
2001,,158,13,9,3,5,24,2,0,102
2002,,165,13,4,3,2,16,5,0,122
2003,,151,12,7,1,5,11,0,0,115
,,,,,,,,,,
2004,,139,2,0,1,5,12,1,0,118
2005,,139,1,4,0,3,8,0,0,123
2006,,125,1,2,0,5,5,1,0,111
2007,,120,0,2,2,7,1,0,0,108
2008,,121,0,1,0,1,3,0,0,116
2009,,118,0,0,0,0,1,0,0,117
2010,,104,0,0,0,0,0,0,0,104
"Note: In 1972, the U.S. Supreme Court invalidated capital punishment statutes in several states (Furman v. Georgia, 408 U.S. 238 (1972)), effecting a moratorium on executions. Executions resumed in 1977 when the Supreme Court found that revisions to several state statutes had effectively addressed the issues previously held unconstitutional (Gregg v. Georgia, 428 U.S. 153 (1976) and its companion cases). Some inmates executed since 1977 or currently under sentence of death were sentenced prior to 1977. For those persons sentenced to death more than once, the numbers are based on the most recent death sentence.",,,,,,,,,,
"Source: BJS, National Prisoner Statistics Program.",,,,,,,,,,
