Bureau of Justice Statistics,,,,,,,,
Filename: cp10stt07.csv,,,,,,,,
"Table 7. Inmates removed from under sentence of death, by method of removal, 2010",,,,,,,,
"Report title: Capital Punishment, 2010 - Statistical Tables NCJ 236510",,,,,,,,
Data source: National Prisoner Statistics (NPS-8),,,,,,,,
Authors: Tracy L. Snell,,,,,,,,
Refer questions to: askbjs@usdoj.gov (202) 307-0765,,,,,,,,
Date of version: 12/16/11,,,,,,,,
,,,,,,,,
"Table 7. Inmates removed from under sentence of death, by method of removal, 2010",,,,,,,,
,,,,,Appeals or higher courts overturned,,,
Region and jurisdiction,,Total,Execution,Other death,Capital statute ,Conviction,Sentence,Sentence commuted
U.S. total,,119,46,20,2,8,38,5
,Federal,1,0,0,0,0,1,0
,State,118,46,20,2,8,37,5
Northeast,,6,0,2,0,1,3,0
,Connecticut,1,0,0,0,0,1,0
,Pennsylvania,5,0,2,0,1,2,0
Midwest,,18,8,0,0,0,7,3
,Kansas,1,0,0,0,0,1,0
,Missouri,2,0,0,0,0,2,0
,Ohio,15,8,0,0,0,4,3
South,,76,35,12,0,7,20,2
,Alabama,8,5,0,0,0,3,0
,Arkansas,1,0,0,0,0,1,0
,Florida,12,1,5,0,4,2,0
,Georgia,4,2,1,0,0,1,0
,Kentucky,3,0,0,0,0,3,0
,Louisiana,1,1,0,0,0,0,0
,Mississippi,4,3,0,0,0,1,0
,North Carolina,5,0,0,0,1,4,0
,Oklahoma,6,3,1,0,1,0,1
,South Carolina,1,0,1,0,0,0,0
,Tennessee,4,0,1,0,1,1,1
,Texas,23,17,3,0,0,3,0
,Virginia,4,3,0,0,0,1,0
West,,18,3,6,2,0,7,0
,Arizona,6,1,2,0,0,3,0
,California,8,0,4,0,0,4,0
,Idaho,1,0,0,1,0,0,0
,Nevada,1,0,0,1,0,0,0
,Utah,1,1,0,0,0,0,0
,Washington,1,1,0,0,0,0,0
"Source: BJS, National Prisoner Statistics Program.",,,,,,,,
