Bureau of Justice Statistics,,,,,
Filename: fjs09f9.csv,,,,,
"Figure 8. Offenders in the custody of the Federal Bureau of Prisons, by commitment offense, 2000 and 2009",,,,,
"Report Title: Federal Justice Statistics, 2009 NCJ 234184",,,,,
Data Source: Federal Justice Statistics Program,,,,,
Refer questions to: askbjs@usdoj.gov or (202) 307-0765,,,,,
Author: Mark Motivans,,,,,
Date of version: 12/12/11,,,,,
,,,,,
"Figure 8. Offenders in the custody of the Federal Bureau of Prisons, by commitment offense, 2000 and 2009",,,,,
,,,,,
Commitment offense,,2009,,2000,
,Violent,6.5,%,10.3,%
,Property,5.9,,7.7,
,Drug,52.9,,57.2,
,Public order,7.5,,5.9,
,Weapons,15.2,,8.3,
,Immigration,12.0,,10.7,
Total,,"185,273",,"129,278",
Note: Percentages are based on non-missing data. Excludes D.C. Superior Court offenders.,,,,,
"Source: Federal Bureau of Prisons, SENTRY data base, fiscal year.",,,,,
