Bureau of Justice Statistics,,,,,,,,,,,,,,,,,,,
Filename: fjs09t06.csv,,,,,,,,,,,,,,,,,,,
"Table 6.  Characteristics of cases terminated in U.S. district court, by type of counsel, 2009 ",,,,,,,,,,,,,,,,,,,
"Report Title: Federal Justice Statistics, 2009 NCJ 234184",,,,,,,,,,,,,,,,,,,
Data Source: Federal Justice Statistics Program,,,,,,,,,,,,,,,,,,,
Refer questions to: askbjs@usdoj.gov or (202) 307-0765,,,,,,,,,,,,,,,,,,,
Author: Mark Motivans,,,,,,,,,,,,,,,,,,,
Date of version: 12/12/11,,,,,,,,,,,,,,,,,,,
,,,,,,,,,,,,,,,,,,,
"Table 6. Characteristics of cases terminated in U.S. district court, by type of counsel, 2009 ",,,,,,,,,,,,,,,,,,,
,,,,,,,,,,,,,,,,,,,
,,,,,,Type of counsel at case termination,,,,,,,,,,,,,
Most serious offense at termination,,,,Total cases ,,Assigned counsel*,,Private,,Public defender,,Self/waived,,,,,,,
All offenses,,,,100,%,100,%,100,%,100,%,100,%,,,,,,
,Felonies,,,88.4,%,94,%,91.4,%,90.7,%,4,%,,,,,,
,,Violent,,3.1,%,3.1,%,1.6,%,3.9,%,4.3,%,,,,,,
,,Property,,14.7,%,12.6,%,23.2,%,11.6,%,27,%,,,,,,
,,,Fraud,12.9,,11.1,,21,,9.6,,25.6,,,,,,,
,,,Other,1.8,,1.5,,2.2,,2,,1.4,,,,,,,
,,Drug,,33.1,%,44.2,%,41.7,%,17.9,%,33.3,%,,,,,,
,,Public order,,8.5,%,6.2,%,18.2,%,5.3,%,19.2,%,,,,,,
,,,Regulatory,1.1,,0.5,,3,,0.6,,6.4,,,,,,,
,,,Other,7.4,,5.8,,15.2,,4.7,,12.8,,,,,,,
,,Weapons,,10.4,%,9.8,%,8.1,%,12.3,%,9.2,%,,,,,,
,,Immigration,,30.3,%,24.1,%,7.3,%,49,%,7.1,%,,,,,,
,Misdemeanors,,,11.6,%,6,%,8.6,%,9.3,%,96,%,,,,,,
,,,,,,,,,,,,,,,,,,,
Southwest U.S. border district ,,,,100,%,100,%,100,%,100,%,100,%,,,,,,
,Yes,,,32.9,%,35.3,%,17.8,%,42.7,%,0.4,%,,,,,,
,No,,,67.1,,64.7,,82.2,,57.3,,99.6,,,,,,,
,,,,,,,,,,,,,,,,,,,
District population,,,,100,%,100,%,100,%,100,%,100,%,,,,,,
,Small,,,5.2,%,5.7,%,4.9,%,5.2,%,0.7,%,,,,,,
,Medium,,,42.8,,47.4,,40.6,,38.6,,54.8,,,,,,,
,Large,,,52,,46.9,,54.5,,56.3,,44.5,,,,,,,
,,,,,,,,,,,,,,,,,,,
Total cases terminated,,,,"95,891",,"33,470",,"19,126",,"37,564",,"3,502",,,,,,,
"Note: District populations are divided into small (17 districts with fewer than 1 million U.S. residents), medium (54 districts with between 1 and 5 million), and large (23 districts with more than 5 million). See Methodology.",,,,,,,,,,,,,,,,,,,
*Criminal Justice Act-appointed attorney.,,,,,,,,,,,,,,,,,,,
"Source: Administrative Office of the U.S. Courts, criminal master file, fiscal year 2009. ",,,,,,,,,,,,,,,,,,,
