Bureau of Justice Statistics,,
Filename: fjs09f03.csv,,
"Figure 3.  Number of suspects arrested and booked by the U.S. Marshals Service by federal judicial district, 1995-2009",,
"Report Title: Federal Justice Statistics, 2009 NCJ 234184",,
Data Source: Federal Justice Statistics Program,,
Refer questions to: askbjs@usdoj.gov or ( 202) 307-0765,,
Author: Mark Motivans,,
Date of version: 12/12/11,,
,,
"Figure 3.  Number of suspects arrested and booked by the U.S. Marshals Service by federal judicial district, 1995-2009",,
,,
Fiscal year,Border district,Non-border district
1995,"19,406","63,918"
1996,"21,569","63,626"
1997,"25,604","66,143"
1998,"33,762","70,357"
1999,"37,672","71,668"
2000,"40,359","75,230"
2001,"41,175","77,721"
2002,"42,056","82,018"
2003,"44,003","82,875"
2004,"56,530","84,225"
2005,"55,536","84,664"
2006,"64,545","82,400"
2007,"73,102","81,265"
2008,"93,428","82,128"
2009,"102,146","81,840"
"Data source:  U.S. Marshals Service, Prisoner Tracking System, fiscal year.",,
