Bureau of Justice Statistics,,,,,,,,
Filename: fjs09f09.csv,,,,,,,,
"Figure 9. Number of federal offenders in confinement and under supervision in the community at year-end, 2005 and 2009",,,,,,,,
"Report Title: Federal Justice Statistics, 2009 NCJ 234184",,,,,,,,
Data Source: Federal Justice Statistics Program,,,,,,,,
Refer questions to: askbjs@usdoj.gov or (202) 307-0765,,,,,,,,
Author: Mark Motivans,,,,,,,,
Date of version: 12/12/11,,,,,,,,
,,,,,,,,
"Figure 9. Number of federal offenders in confinement and under supervision in the community at year-end, 2005 and 2009",,,,,,,,
,,,,,,,,
,,,2009,2005,,,,
,,,Number,Number,,,,
All persons under federal supervision at fiscal year-end,,,"393,810","356,999",,,,
In secure confinement,,,,,,,,
,Federal pretrial detention,,"59,207","52,624",,,,
,Federal Bureau of Prisons (post-sentencing),,"185,273","163,169",,,,
In the community,,,,,,,,
,Federal pretrial release supervision,,"25,962","29,399",,,,
,Federal post-sentencing supervision,,,,,,,
,,Supervised release,"98,465","82,989",,,,
,,Probation,"22,748","26,022",,,,
,,Parole,"2,158","2,796",,,,
"Sources: Administrative Office of the U.S. Courts, Federal Probation and Supervision Information System; U.S. Marshals Service, Prisoner Tracking System; Federal Bureau of Prisons, SENTRY data base; fiscal year.",,,,,,,,
