Bureau of Justice Statistics,,
Filename: fjs09at03.csv,,
"Appendix table 3. Confidence intervals for defendants detained at any time prior to case termination, by district population, 2009",,
"Report Title: Federal Justice Statistics, 2009 NCJ 234184",,
Data Source: Federal Justice Statistics Program,,
Refer questions to: askbjs@usdoj.gov or (202) 307-0765,,
Author: Mark Motivans,,
Date of version: 12/12/11,,
,,
"Appendix table 3. Confidence intervals for defendants detained at any time prior to case termination, by district population, 2009",,
,,
District population,95% confidence interval around the estimate,
Small,3.7,%
Medium,1.1,
Large,0.8,
