Bureau of Justice Statistics,,
Filename: fjs09m02.csv,,
"Map 3. Percent of growth in defendants under post-conviction federal supervision by federal judicial district, 2000-2009",,
"Report Title: Federal Justice Statistics, 2009 NCJ 234184",,
Data Source: Federal Justice Statistics Program,,
Refer questions to: askbjs@usdoj.gov or ( 202) 307-0765,,
Author: Mark Motivans,,
Date of version: 12/12/11,,
,,
"Map 3. Percent of growth in defendants under post-conviction federal supervision by federal judicial district, 2000-2009",,
Federal judicial district,Percent of growth (2000-2009),
Alabama middle,0.4,%
Alabama Northern,1.5,
Alabama Southern,1,
Alaska,0.3,
Arizona,3.5,
Arkansas Eastern,0.7,
Arkansas Western,0.3,
California Central,2.6,
California Eastern,-0.2,
California Northern,0.3,
California Southern,0.6,
Colorado,0.4,
Connecticut,1.3,
Delaware,-0.1,
District of Columbia,3.4,
Florida Middle,1.2,
Florida Northern,0.3,
Florida Southern,2,
Georgia Middle,0.4,
Georgia Northern,-0.4,
Georgia Southern,0.7,
Guam,-0.2,
Hawaii,1.4,
Idaho,0.7,
Illinois Central,0.8,
Illinois Nothern,2.6,
Illinois Southern,0.8,
Indiana Northern,0.9,
Indiana Southern,0.8,
Iowa Northern,1.7,
Iowa Southern,1.2,
Kansas,1.6,
Kentucky Eastern,0.8,
Kentucky Western,0.3,
Louisiana Eastern,0,
Louisiana Middle,0.7,
Louisiana Western,0.9,
Maine,0.5,
Maryland,-0.1,
Massachusetts,0.6,
Michigan Eastern,-0.2,
Michigan Western,0.3,
Minnesota,1.3,
Mississippi Northern,0.4,
Mississippi Southern,1.9,
Missouri Eastern,3.8,
Missouri Western,2.7,
Montana,0.4,
Nebraska,3.2,
Nevada,0.7,
New Hampshire,0.4,
New Jersey,0.9,
New Mexico,1.6,
New York Eastern,-1.8,
New York Northern,-0.4,
New York Southern,1.1,
New York Western,1.2,
North Carolina Eastern,1,
North Carolina Middle,0.6,
North Carolina Western,0.5,
North Dakota,0.2,
Northern Mariana Islands,0,
Ohio Northern,1.3,
Ohio Southern,1.4,
Oklahoma Eastern,0,
Oklahoma Northern,-0.2,
Oklahoma Western,0.7,
Oregon,0.6,
Pennsylvania Eastern,0.2,
Pennsylvania Middle,1.2,
Pennsylvania Western,0.7,
Puerto Rico,2,
Rhode Island,0.1,
South Carolina,2,
South Dakota,0.8,
Tennessee Eastern,1.5,
Tennessee Middle,0.5,
Tennessee Western,1.7,
Texas Eastern,2.7,
Texas Northern,-1.6,
Texas Southern,6.3,
Texas Western,9.3,
Utah,2.3,
Vermont,-0.1,
Virgin Islands,-0.2,
Virginia Eastern,3.7,
Virginia Western,1.3,
Washington Eastern,0.5,
Washington Western,0.9,
West  Virginia Southern,0.8,
West Virginia Northern,1.8,
Wisconsin Eastern,1,
Wisconsin Western,0.2,
Wyoming,0.6,
"The map shows the percent distribution of the net increase in offenders under federal supervision between 2000 and 2009 (23,162) by Federal judicial district. Percentages shown are rounded. ",,
"Source: Administrative Office of the U.S. Courts, Federal Probation and Supervision Information System, fiscal year.  ",,
