Bureau of Justice Statistics,,,,,,,,,,,,,,
Filename: fjs09t09.csv,,,,,,,,,,,,,,
"Table 9.  Disposition and case processing time of defendants in cases terminated in U.S. district court, 2009",,,,,,,,,,,,,,
"Report Title: Federal Justice Statistics, 2009 NCJ 234184",,,,,,,,,,,,,,
Data Source: Federal Justice Statistics Program,,,,,,,,,,,,,,
Refer questions to: askbjs@usdoj.gov or (202) 307-0765,,,,,,,,,,,,,,
Author: Mark Motivans,,,,,,,,,,,,,,
Date of version: 12/12/11,,,,,,,,,,,,,,
,,,,,,,,,,,,,,
"Table 9.  Disposition and case processing time of defendants in cases terminated in U.S. district court, 2009",,,,,,,,,,,,,,
,,,,,,,,,,,,,,
Most serious offense ,,,,,,,,,,,,,,
at termination,,,,,,,Percent convicted,,,,Percent not convicted,,,
,,,,Total cases terminated,,,Guilty plea,,Bench/jury trial,,Bench/jury trial,,Dismissed,
,,,,Number,Percent,,,,,,,,,
All offenses,,,,"95,891",100,%,87.9,%,2.8,%,0.5,%,8.8,%
,Felonies,,,"84,767",100,%,90.2,,3,,0.5,,6.3,
,,Violent,,"2,591",100,%,84.3,,7,,1.5,,7.2,
,,Property,,"12,411",100,%,86.4,,3.3,,0.7,,9.6,
,,,Fraud,"10,863",100,%,86.5,,3.4,,0.7,,9.4,
,,,Other,"1,548",100,%,86.2,,2.5,,0.6,,10.7,
,,Drug,,"27,955",100,%,89.3,,3.2,,0.4,,7.1,
,,Public order,,"7,166",100,%,84.5,,5.7,,1.2,,8.7,
,,,Regulatory,904,100,%,82.5,,5.6,,2.4,,9.4,
,,,Other,"6,262",100,%,84.8,,5.7,,1,,8.6,
,,Weapons,,"8,794",100,%,86.9,,5.3,,1,,6.9,
,,Immigration,,"25,587",100,%,96.4,,0.5,,0.1,,3,
,Misdemeanors,,,"11,124",100,%,70.7,,1.2,,0.6,,27.5,
Southwest U.S. ,,,,,,,,,,,,,,
  border  district,,,,,,,,,,,,,,
,Yes,,,"31,513",100,%,94.9,%,0.8,%,0.2,%,4.1,%
,No,,,"64,378",100,%,84.5,,3.7,,0.7,,11.1,
District population,,,,,,,,,,,,,,
,Small,,,"4,904",100,%,87.6,%,3.2,%,0.8,%,8.3,%
,Medium,,,"40,922",100,%,86.7,,2.5,,0.4,,10.3,
,Large,,,"49,793",100,%,89.1,,3,,0.5,,7.4,
Median months from,,,,,,,,,,,,,,
  filing to disposition,,,,6.5,,,6.3, mo.,15, mo.,8.1, mo.,7, mo.
"Note: Percentages are based on available data. Offense missing in 272 records. District populations are divided into small (17 districts with fewer than 1 million U.S. residents), medium (54 districts with between 1 and 5 million), and large (23 districts with more than 5 million). To improve comparability, percentages for district population have been adjusted for differences in the offense distribution of the three district populations. See appendix table 4 for confidence intervals and Methodology for calculation details.",,,,,,,,,,,,,,
"Source: Administrative Office of the U.S. Courts, criminal master file, fiscal year 2009.",,,,,,,,,,,,,,
