Bureau of Justice Statistics,,,,,,,,,,,,,
Filename:cv16reat11.csv,,,,,,,,,,,,,
"Appendix table 11. Standard errors for table 9: Number of victims and prevalence rate, by type of crime, 2015 and 2016",,,,,,,,,,,,,
"Report title: Criminal Victimization, 2016: Revised    NCJ 252121",,,,,,,,,,,,,
"Data source: Bureau of Justice Statistics, National Crime Victimization Survey, 2015-2016 Public-Use File and 2016 revised Public-Use File",,,,,,,,,,,,,
"Author(s): Rachel E. Morgan, Ph.D., and Grace Kena, BJS Statisticians",,,,,,,,,,,,,
Refer questions to: askbjs@usdoj.gov or 202-307-0765 ,,,,,,,,,,,,,
Date of version: 10/24/2018,,,,,,,,,,,,,
,,,,,,,,,,,,,
"Appendix table 11. Standard errors for table 9: Number of victims and prevalence rate, by type of crime, 2015 and 2016",,,,,,,,,,,,,
,,,Number of victims,,,,,Prevalence rate,,,,,
Type of crime,,,2015,Original 2016,Revised 2016,,,2015,,Original 2016,,Revised 2016,
Violent crime,,,"114,796","122,001","98,610",,,0.041,%,0.041,%,0.036,%
,Rape or sexual assault,,"27,828","21,108","22,990",,,0.01,,0.008,,0.008,
,Robbery,,"36,761","36,301","28,206",,,0.014,,0.013,,0.01,
,Assault,,"103,323","110,135","92,481",,,0.037,,0.038,,0.034,
,,Aggravated assault,"42,526","48,323","50,020",,,0.016,,0.017,,0.018,
,,Simple assault,"88,692","94,766","78,887",,,0.032,,0.033,,0.029,
,Domestic violence,,"42,869","45,445","35,899",,,0.016,,0.016,,0.013,
,,Intimate partner violence,"35,432","25,199","25,976",,,0.013,,0.009,,0.01,
,Stranger violence,,"67,100","64,622","65,338",,,0.025,,0.023,,0.024,
,Violent crime involving injury,,"55,136","50,207","48,732",,,0.02,,0.018,,0.018,
Serious violent crime,,,"60,663","65,413","59,666",,,0.023,%,0.023,%,0.022,%
,Serious domestic violence,,"27,102","24,984","20,952",,,0.01,,0.009,,0.008,
,,Serious intimate partner violence,"20,437","21,071","17,610",,,0.008,,0.008,,0.007,
,Serious stranger violence,,"38,517","41,679","42,521",,,0.014,,0.015,,0.016,
,Serious violent crime involving a weapon,,"41,979","55,285","50,710",,,0.016,,0.02,,0.019,
,Serious violent crime involving injury,,"36,972","40,026","40,753",,,0.014,,0.015,,0.015,
Property crime,,,"243,226","221,150","188,207",,,0.166,%,0.146,%,0.141,%
,Household burglary,,"88,850","75,840","64,413",,,0.065,,0.056,,0.048,
,Motor vehicle theft,,"37,158","38,186","37,809",,,0.028,,0.029,,0.028,
,Other theft,,"206,731","187,580","160,814",,,0.144,,0.124,,0.12,
"Source: Bureau of Justice Statistics, National Crime Victimization Survey, 2015�2016 Public-Use Files and 2016 revised Public-Use File.",,,,,,,,,,,,,
