Bureau of Justice Statistics,,,,,,,,,,,
Filename:cv16reat03.csv,,,,,,,,,,,
"Appendix table 3. Standard errors for table 1: Violent victimization, by type of crime, 2015 and 2016",,,,,,,,,,,
"Report title: Criminal Victimization, 2016: Revised    NCJ 252121",,,,,,,,,,,
"Data source: Bureau of Justice Statistics, National Crime Victimization Survey, 2015-2016 Public-Use File and 2016 revised Public-Use File",,,,,,,,,,,
"Author(s): Rachel E. Morgan, Ph.D., and Grace Kena, BJS Statisticians",,,,,,,,,,,
Refer questions to: askbjs@usdoj.gov or 202-307-0765 ,,,,,,,,,,,
Date of version: 10/24/2018,,,,,,,,,,,
,,,,,,,,,,,
"Appendix table 3. Standard errors for table 1: Violent victimization, by type of crime, 2015 and 2016",,,,,,,,,,,
,,,2015,,,Original 2016,,,Revised 2016,,
Type of crime,,,Number,"Rate per 1,000 ",,Number,"Rate per 1,000 ",,Number,,"Rate per 1,000 "
Violent crime,,,"312,236",1.16,,"258,919",0.95,,"259,442",,0.95
,Rape or sexual assault,,"64,514",0.24,,"41,162",0.15,,"41,819",,0.15
,Robbery,,"77,405",0.29,,"53,841",0.2,,"54,278",,0.2
,Assault,,"269,261",1,,"233,961",0.86,,"234,929",,0.86
,,Aggravated assault,"96,202",0.36,,"87,571",0.32,,"90,320",,0.33
,,Simple assault,"231,742",0.86,,"198,788",0.73,,"198,811",,0.73
,Domestic violence,,"134,994",0.5,,"109,468",0.4,,"108,702",,0.4
,,Intimate partner violence,"109,654",0.41,,"71,779",0.26,,"73,566",,0.27
,Stranger violence,,"191,191",0.71,,"177,138",0.65,,"171,101",,0.63
,Violent crime involving injury,,"152,053",0.56,,"126,288",0.46,,"118,979",,0.44
Serious violent crime,,,"161,399",0.6,,"125,986",0.46,,"127,938",,0.47
,Serious domestic violence,,"75,243",0.28,,"54,970",0.2,,"52,613",,0.19
,,Serious intimate partner violence,"60,700",0.23,,"42,377",0.16,,"43,186",,0.16
,Serious stranger violence,,"98,768",0.37,,"86,719",0.32,,"87,999",,0.32
,Serious violent crime involving a weapon,,"125,014",0.46,,"119,959",0.44,,"117,825",,0.43
,Serious violent crime involving injury,,"95,608",0.35,,"83,508",0.31,,"79,298",,0.29
"Source: Bureau of Justice Statistics, National Crime Victimization Survey, 2015�2016 Public-Use Files and 2016 revised Public-Use File.",,,,,,,,,,,
