Bureau of Justice Statistics,,,,,,
Filename:cv16reat08.csv,,,,,,
"Appendix table 8. Standard errors for table 6: Violent victimization, by type of crime and sex of victim, 2015 and 2016",,,,,,
"Report title: Criminal Victimization, 2016: Revised    NCJ 252121",,,,,,
"Data source: Bureau of Justice Statistics, National Crime Victimization Survey, 2015 Public-Use File and 2016 revised Public-Use File",,,,,,
"Author(s): Rachel E. Morgan, Ph.D., and Grace Kena, BJS Statisticians",,,,,,
Refer questions to: askbjs@usdoj.gov or 202-307-0765 ,,,,,,
Date of version: 10/24/2018,,,,,,
,,,,,,
"Appendix table 8. Standard errors for table 6: Violent victimization, by type of crime and sex of victim, 2015 and 2016",,,,,,
,,"Rate per 1,000 males",,,"Rate per 1,000 females",
Type of crime,,2015,2016,,2015,2016
,Violent crime,1.57,1.47,,1.87,1.45
Rape or sexual assault,,0.16,0.11,,0.47,0.3
Robbery,,0.41,0.33,,0.4,0.25
Total assault,,1.39,1.35,,1.57,1.29
,Aggravated assault,0.48,0.53,,0.54,0.45
,Simple assault,1.19,1.12,,1.35,1.1
"Source: Bureau of Justice Statistics, National Crime Victimization Survey, 2015 Public-Use File and 2016 revised Public-Use File.",,,,,,
