Bureau of Justice Statistics,,,,,,,,,,,,,,,
Filename:cv16reat20.csv,,,,,,,,,,,,,,,
"Appendix table 20. Standard errors for appendix table 19: Percent of victimizations reported to police, by type of crime and household location, 2015 and 2016",,,,,,,,,,,,,,,
"Report title: Criminal Victimization, 2016: Revised    NCJ 252121",,,,,,,,,,,,,,,
"Data source: Bureau of Justice Statistics, National Crime Victimization Survey, 2015 Public-Use File and 2016 revised Public-Use File",,,,,,,,,,,,,,,
"Author(s): Rachel E. Morgan, Ph.D., and Grace Kena, BJS Statisticians",,,,,,,,,,,,,,,
Refer questions to: askbjs@usdoj.gov or 202-307-0765 ,,,,,,,,,,,,,,,
Date of version: 10/24/2018,,,,,,,,,,,,,,,
,,,,,,,,,,,,,,,
"Appendix table 20. Standard errors for appendix table 19: Percent of victimizations reported to police, by type of crime and household location, 2015 and 2016",,,,,,,,,,,,,,,
,,Violent crime,,,,,Serious violent crime,,,,,Property crime,,,
Household location,,2015,,2016,,,2015,,2016,,,2015,,2016,
,Total,2.42,%,1.88,%,,3.54,%,2.89,%,,1,%,0.95,%
Region,,,,,,,,,,,,,,,
,Northeast,5.11,%,4.28,%,,8.07,%,6.97,%,,2.19,%,2.31,%
,Midwest,4.44,,3.3,,,6.35,,5.17,,,2.28,,1.77,
,South,4.03,,3.5,,,5.86,,4.85,,,1.5,,1.51,
,West,4.22,,3.22,,,5.91,,5.04,,,1.57,,1.54,
Location of residence,,,,,,,,,,,,,,,
,Urban,3.77,%,2.8,%,,5.2,%,4.06,%,,1.38,%,1.35,%
,Suburban,3.47,,2.97,,,4.99,,4.51,,,1.35,,1.37,
,Rural,5.73,,4.77,,,9.3,,8.18,,,2.25,,2.15,
"Source: Bureau of Justice Statistics, National Crime Victimization Survey, 2015 Public-Use File and 2016 revised Public-Use File.",,,,,,,,,,,,,,,
