Bureau of Justice Statistics,,
Filename:cv16reat05.csv,,
"Appendix table 5. Standard errors for table 3: Rate of crime reported to police in the Uniform Crime Reporting Program and National Crime Victimization Survey, 2016",,
"Report title: Criminal Victimization, 2016: Revised    NCJ 252121",,
"Data source: Bureau of Justice Statistics, National Crime Victimization Survey, 2016 revised Public-Use File",,
"Author(s): Rachel E. Morgan, Ph.D., and Grace Kena, BJS Statisticians",,
Refer questions to: askbjs@usdoj.gov or 202-307-0765 ,,
Date of version: 10/24/2018,,
,,
"Appendix table 5. Standard errors for table 3: Rate of crime reported to police in the Uniform Crime Reporting Program and National Crime Victimization Survey, 2016",,
Type of crime,,
,,"NCVS rate per 1,000 persons age 12 or older"
Serious violent crime,,0.37
,Rape,0.07
,Robbery,0.16
,Aggravated assault,0.28
,,"NCVS rate per 1,000 households "
Property crime,,1.43
,Burglary,0.7
,Motor vehicle theft,0.35
"Source: Bureau of Justice Statistics, National Crime Victimization Survey, 2016 revised Public-Use File. ",,
