Bureau of Justice Statistics,,,,,,,,,,,,,,,
Filename: warp16at02.csv,,,,,,,,,,,,,,,
"Appendix table 2. Percentages and standard errors for figure 2: Percent of prisoners in the United States with a work assignment, by requirement status and prison population, 2016",,,,,,,,,,,,,,,
"Report title: Work Assignments Reported by Prisoners, 2016   NCJ 306021",,,,,,,,,,,,,,,
"Data Source: Bureau of Justice Statistics, Survey of Prison Inmates, 2016",,,,,,,,,,,,,,,
"Authors: Lauren G. Beatty and Tracy L. Snell, BJS Statisticians",,,,,,,,,,,,,,,
Refer questions to: askbjs@usdoj.gov 202-307-0765,,,,,,,,,,,,,,,
Date of version: 4/20/2023,,,,,,,,,,,,,,,
,,,,,,,,,,,,,,,
"Appendix table 2. Percentages and standard errors for figure 2: Percent of prisoners in the United States with a work assignment, by requirement status and prison population, 2016",,,,,,,,,,,,,,,
,,All prisoners*,,,,,Federal prisoners,,,,,State prisoners,,,
Required to have a work assignment,,Percent,,Standard error,,,Percent,,Standard error,,,Percent,,Standard error,
Yes,,73.2,%,1.37,%,,83.3,%,2.7,%,,71.3,%,1.55,%
No,,26.8,,1.37,,,16.7,,2.7,,,28.7,,1.55,
Estimated number of prisoners who had a work assignment,,"859,300",,"27,000",,,"136,400",,"7,100",,,"722,900",,"26,000",
Note: Percentages exclude missing data and are based on the number of respondents who had a prison work assignment. Counts and standard errors of counts are rounded to the nearest 100.,,,,,,,,,,,,,,,
*Includes state prisoners and sentenced federal prisoners.,,,,,,,,,,,,,,,
"Source: Bureau of Justice Statistics, Survey of Prison Inmates, 2016.",,,,,,,,,,,,,,,
