Bureau of Justice Statistics,,,,,,,
Filename: warp16f03.csv,,,,,,,
"Figure 3. Reasons prisoners in the United States chose to have a work assignment that was not a requirement, by importance of reason and prison population, 2016",,,,,,,
"Report title: Work Assignments Reported by Prisoners, 2016   NCJ 306021",,,,,,,
"Data Source: Bureau of Justice Statistics, Survey of Prison Inmates, 2016",,,,,,,
"Authors: Lauren G. Beatty and Tracy L. Snell, BJS Statisticians",,,,,,,
Refer questions to: askbjs@usdoj.gov 202-307-0765,,,,,,,
Date of version: 4/20/2023,,,,,,,
,,,,,,,
"Figure 3. Reasons prisoners in the United States chose to have a work assignment that was not a requirement, by importance of reason and prison population, 2016",,,,,,,
,Importance of reason,Very important,,Somewhat important,,Not important,
All prisoners*,,,,,,,
,Learn new job skills,69.7,%,15,%,15.3,%
,Earn spending money,54.9,,16.6,,28.5,
,Break up boredom/try it,50.7,,25.1,,24.2,
,Get out of prison early,43.8,,15,,41.2,
,Spend time with/make friends,13.6,,23.2,,63.2,
Federal prisoners,,,,,,,
,Learn new job skills,70.7,%,13.5,%,15.8,%
,Earn spending money,62.8,,14.1,,23,
,Break up boredom/try it,43,,27.2,,29.8,
,Get out of prison early,33.5,,14.2,,52.3,
,Spend time with/make friends,12.5,,20.8,,66.7,
State prisoners,,,,,,,
,Learn new job skills,69.6,%,15.1,%,15.3,%
,Earn spending money,54,,16.9,,29.1,
,Break up boredom/try it,51.6,,24.9,,23.5,
,Get out of prison early,44.9,,15.1,,40,
,Spend time with/make friends,13.8,,23.4,,62.8,
"Note: Percentages exclude missing data and are based on the number of respondents who had a prison work assignment that was not a requirement. See Questions on prison work assignments in the Survey of Prison Inmates, 2016 for more information on the questions asked to measure work assignments in prison. See appendix table 3 for percentages, the estimated number of prisoners for each prison population, and standard errors.",,,,,,,
*Includes state prisoners and sentenced federal prisoners. ,,,,,,,
"Source: Bureau of Justice Statistics, Survey of Prison Inmates, 2016.",,,,,,,
