"Bureau of Justice Statistics",,,,,
"filename: sco98.csv",,,,,
"table#:  40 Trial Juries: Exemptions, Excusals and Fees",,,,,
"report title: State Court Organization, 1998 NCJ 178932",,,,,
"author:  David  B. Rottman, Carol R. Flango, Milissa T. Cantrell, Randall Hansen",,,,,
"refer questions to: askbjs@ojp.usdoj.gov (202) 307-0765",,,,,
"date of version: 05/19/2000",,,,,
,,,,,
"Table 40. Trial Juries: Exemptions, Excusals and Fees",,,,,
,,,,,
,,,,,
,"Age at which may be exempt","Exemptions:  Judicial Officers (JO), Public Officials (PO), Elected Legislators (EL), Physicians (DR), Attorneys (AT)","Excusals: Undue Hardship (UH), Extreme Inconvenience (EI), Public Necessity (PN), Physical or Mental Disability (PMD)","Employer Pays?","Jury fees (Per day)"
,,,,,
"Alabama","N/S","No exemptions.","UH, EI, PN","Yes","$10"
,,,,,
"Alaska","70 and request in writing","Health exemption if expected to last more than 2 years or a JO.","UH, EI, PN, all excusals for current year only unless for disability or old age.","No","$25"
,,,,,
"Arizona","N/S","No exemptions.","UH, PN. and where absence from employment  would tend materially and adversely to affect the public safety, health, welfare and interest ","No","$12"
,,,,,
"Arkansas","N/S","No exemptions.","Excusals where state of health or that of family reasonably requires absence, or where personal and public interests materially injured by attendance","No","$20"
,,,,,
"California","N/S","No exemptions.","Excused only for undue hardship upon themselves or the public as defined by the Judicial Council.","No","$5 /1"
,,,,,
"Colorado","N/S","No exemptions.","UH, EI","Yes","$0 for 3 days, then $50 /2"
,,,,,
"Connecticut",70,"JO and EL disqualified while General Assembly in session.  Specified State Officials.","PMD, UH.  A person shall be capable if able to perform a sedentary job requiring close attention for six hours per day, with short breaks, for at least 3 consecutive business days.","Yes, first 5 days only","$0 for 5 days, then $50 /3"
,,,,,
"Delaware","N/S","No exemptions.","UH, EI, PN","No","$20"
,,,,,
"District of Columbia","N/S","No exemptions.","UH,EI, PMD","Yes, up to 5 days","$30 /4"
,,,,,
"Florida",70,"JO, PO, Governor, Lieutenant Governor, cabinet officer, clerk of court.","UH, EI, PN, PMD, expectant mothers and persons responsible for care of disabled person.  Also police, attorneys, physicians, the physical infirm.","No","$15 for first 3 days, $30 after"
,,,,,
"Georgia","70/5","Permanently mentally or physically disabled.","Work necessary for the public health, safety, or good order, or other good cause6.","Yes /7","$5-$35"
,,,,,
"Hawaii","N/S","JO, PO, EL, DR, AT, police, active military, clergy, dentists, fire fighters, any person who has served as juror in Hawaii within one year preceding the time of filling out the juror qualification form.","Excused only for serious personal hardship or other good cause.","No","$30"
,,,,,
"Idaho","70 and request in writing","No exemptions.","UH, EI, PN","No","$10 FOR HALF DAY"
,,,,,
"Illinois","N/S","No exemptions.","UH on occupation, health, family situation, active duty in military, or other personal affairs.","No","$4 - $15.50, varies among counties"
,,,,,
"Indiana",65,"JO,PO,EL and active military, dentists.","UH, EI, PN","No","$7.50 IF NOT SELECTED -$17.50 IF SELECTED"
,,,,,
"Iowa","N/S","No exemptions.","Automatic excuse for care of disabled person.  Discretionary for UH, EI, PN or it would threaten economic, physical or emotional well being.","No","$10"
,,,,,
"Kansas","N/S","National guard when active or in training.  Kansas State Guard, observers of the Sabbath shall be exempt from Saturday Jury services.","PMD, UH, PN","No","$10"
,,,,,
"Kentucky","None","No exemptions.","UH, EI, PN","No","$12.50"
,,,,,
"Louisiana","N/S","No exemptions. /8","UH or EI","No","~ /9"
,,,,,
"Maine","N/S","Governor, JO, AT, physicians and dentists providing active patient care, sheriffs, active military.","UH, EI, PN, PMD","No","$10"
,,,,,
"Maryland","70 and request in writing","No exemptions except military.","UH, EI, PN","No","$10-20 varies among counties"
,,,,,
"Massachusetts",70,"No exemptions.","PMD or care of permanently disabled person requires physician's letter.  A person shall be capable if able to perform a sedentary job requiring close attention for six hours per day, with short breaks, for at least 3 consecutive business d","Yes, first 3 days","Employer pays first 3 days, then state pays $50/day /10"
,,,,,
"Michigan",70,"No exemptions.","Material injury to public or individual interests, health of juror or family member.","No","$15 MINIMUM"
,,,,,
"Minnesota",70,"JO and EL and ELs staff while legislature is in session.","Continuing hardship to them or members of the public, must be in writing.  Ability to receive or evaluate information is so impaired they are unable to perform duties of juror","No","Rate set by Supreme Court"
,,,,,
"Mississippi",65,"No exemptions.","Illness, serious financial loss, emergency.  Illness requires a physician's statement.","No","$25"
,,,,,
"Missouri","N/S","JO, AT, active military.","Absence from work would affect public health, safety, interest or welfare, extreme hardship, has served within preceding year, practicing dentist, pharmacist, physician, performing clergy, police officer.","No","$6"
,,,,,
"Montana","N/S","No exemptions.","Chronic incapacity; UH for person or public served, must be by affidavit.","No","$25"
,,,,,
"Nebraska",65,"JO, court clerks, jailers, sheriffs, husband and wife not allowed on same panel, national guard, volunteer firefighters, and parties to a pending suit.","PMD, requires physician's certificate.  UH, EI, PN.","No","$35"
,,,,,
"Nevada","70, 65 if lives +65 miles from court","JO, PO, county clerk, recorder, assessor, sheriff, police, locomotive operator, correctional officer, physician, optometrist or dentist, legislators and legislative employee during session, and AT.","PMD, illness or death of immediate family member, UH, EI, PN.  PMD requires physician's certificate.  Sickness or physical disability.","No","$15 for first 5 days, then $30"
,,,,,
"New Hampshire",70,"JO, PO, EL while in session, AT, DR, firemen and police.","UH, EI, PN, PMD if unfit to act as juror.","No","$10 FOR HALF DAY"
,,,,,
"New Jersey",75,"School teachers (full-time while school is in session), hospital employees, caretakers of children (where jury services would interfere), firemen, first aid, police (excused from grand jury only).","PMD, medical inability (physician-certified), severe financial hardship, personal obligation of care for another, technical health care worker that cant be replaced, school employees while school in session, volunteer firefighters/rescue s","Employer pays salary minus jury fees","$5"
,,,,,
"New Mexico","N/S","No exemptions.","May be excused at the discretion of judge upon satisfactory evidence.","No","State minimum wage"
,,,,,
"New York","N/S","No exemptions.","UH, EI to applicant or person under care or supervision, or the public, mental or physical condition incapacitating person from service.","Partial /11","$40"
,,,,,
"North Carolina",65,"No exemptions.","Compelling personal hardship, contrary to public health, safety and welfare.","No","$12 for first 5 days, then $30"
,,,,,
"North Dakota","N/S","No exemptions.","UH, EI, PN","No","$25"
,,,,,
"Ohio","N/S","N/S","Necessarily absent from county, material injury to interest of public or juror, physical inability, spouse or near relative ill or recently deceased.","No","Varies among counties"
,,,,,
"Oklahoma",70,"JO, sheriffs, jailers, police, AT, EL.","Substantial hardship.","No","$20"
,,,,,
"Oregon",70,"No exemptions.","UH, EI to person, person's family, employer or public served.","No","$10"
,,,,,
"Pennsylvania","N/S","No exemptions except active military.","UH, EI","No","$9 first 3 days, then $25"
,,,,,
"Puerto Rico","N/S","PO, JO, EL, DR, AT, military, public employees, clergy, school employees, hospital/medical employees, morticians, employees of prisons, employees of ships/shippers, carrier employees, police, news employees, public transportation employees","Material injury/destruction of property would result, serious illness or death of family member, housewives.","No","$20 MINIMUM PER DAY"
,,,,,
"Rhode Island","N/S","EL, JO, AT, sheriffs, marshals, police, firemen, active military, P.O., parole officers.","PMD, UH, serious illness of juror/family.","No","$15"
,,,,,
"South Carolina",65,"Any person employed within the walls of any courthouse.","Good and sufficient cause, woman with children under 7, school employees, students during school term.","No","$2-12"
,,,,,
"South Dakota","N/S","JO, AT, clergy if conflicts with religious beliefs.","N/S","No","$40"
,,,,,
"Tennessee",65,"EL, AT, teachers, firemen, national guard, pharmacists, PO, JO, sole proprietors of businesses, nurses, certified public accountants, persons not fully possessed of sight or hearing.","Material injury to persons health, family, public.  UH, care for children, grandchildren, or wards, relation to 6th degree of any party, aged 70.","No","$10 MINIMUM; may be supplemented by local body"
,,,,,
"Texas",65,"Officer or an employee of the senate, house of representatives, or any department commission, board, office, or other agency in the legislative branch of state government.","PMD with physician's affidavit, consanguinity or affinity within third degree, student, persons caring for children under 10, primary caretaker of invalid.","No","$6 - $50, varies among counties"
,,,,,
"Utah","None","No exemptions.","PMD, UH, EI, PN","No","Day 1= $18.50; subsequent days=$49"
,,,,,
"Vermont","N/S","No exemptions.","UH on prospective juror or his employer.","No","$30"
,,,,,
"Virginia",70,"President and Vice President of U.S., EL, PO, AT, sheriffs, police, correctional employees.","Person whose spouse is summoned to serve on same jury; persons caring for children under 16 or invalids, mariners and sole operators of business, commercial, or agricultural enterprises.","No","$30"
,,,,,
"Washington","N/S","No exemptions.","UH, EI, PN","No","$10 - $25,  varies among counties"
,,,,,
"West Virginia",65,"No exemptions.","UH, EI, PN, person age 65 or older must be excused upon request.","No","$15"
,,,,,
"Wisconsin","N/S","No exemptions.","Cannot fulfill responsibilities of a juror.","No","$16 MINIMUM PER DAY"
,,,,,
"Wyoming",73,"EL, elected PO, police, firemen.","Material injury or destruction to property threatened, health or family sickness, care of young children.","No","$30 for first 5 days, then $50 at discretion of the court."
,,,,,
"Federal Courts","N/S","Active military, firemen, police, PO, JO, EL.","Varies, District Court may formulate a plan.","No","$40 /12"
,,,,,
"FOOTNOTES:",,,,,
,,,,,
" California:",,,,,
"1/ Minimum unless county stipulates higher fee.",,,,,
,,,,,
"Colorado:",,,,,
"2/ Fees include expenses to unemployed jurors.",,,,,
,,,,,
"Connecticut:",,,,,
"3/ Employer pays full-time employed jurors regular wages for first five days.  Part-time employed jurors and unemployed jurors are reimbursed for out-of-pocket expenses.",,,,,
,,,,,
"District of Columbia:",,,,,
"4/ For second day and thereafter.",,,,,
,,,,,
"Georgia:",,,,,
"5/ A person 70 years or older can request to have name removed from jury list.",,,,,
"6/ If state legislator during term of General Assembly.",,,,,
"7/ By opinion of the Attorney Journal.",,,,,
,,,,,
"Louisiana:",,,,,
"8/ All exemptions were eliminated in 1994.",,,,,
"9/ $12 for civil cases, criminal cases not less than $12, nor more than $25, for each day of attendance in court.  Orleans Parish civil cases are $16.",,,,,
,,,,,
"Massachusetts:",,,,,
"10/ Fees include expenses to unemployed jurors.  Such expenses may be paid from first day of service.",,,,,
,,,,,
"New York:",,,,,
"11/ Employers with more than ten employees pay $40 for the first three days; thereafter, the state pays.  If the employer pay the entire salary then state pays nothing.  Jurors who work for employers with ten or fewer employees (who do not",,,,,
,,,,,
"Federal Courts:",,,,,
"12/ A juror required to attend for more than thirty days may be paid, at the discretion of the trial judge, an additional fee not to exceed $10 per day.",,,,,
