"Bureau of Justice Statistics",,,,,,,,,
"filename: sco9841.csv",,,,,,,,,
"table#:  41 Trial Juries: Who Conducts Voir Dire and the Allocation of Peremptory Challenges",,,,,,,,,
"report title: State Court Organization, 1998 NCJ 178932",,,,,,,,,
"author:  David  B. Rottman, Carol R. Flango, Milissa T. Cantrell, Randall Hansen",,,,,,,,,
"refer questions to: askbjs@ojp.usdoj.gov (202) 307-0765",,,,,,,,,
"date of version: 05/19/2000",,,,,,,,,
,,,,,,,,,
"Table 41. Trial Juries: Who Conducts Voir Dire and the Allocation of Peremptory Challenges",,,,,,,,,
,,,,,,,,,
,,,,,,,,,
"Court type:",,,,,,,,,
"G=general jurisdiction",,,,,,,,,
"L=limited jurisdiction",,"Number of Peremptory Challenges",,,,,,,
,,"Criminal                                                ",,,,,,,"Civil"
,,"Who conducts voir dire?","Capital: State","Capital: Defense","Felony: State","Felony: Defense","Misdemeanor: State","Misdemeanor: Defense","Civil Cases"
"Alabama",,,,,,,,,
"G","Circuit","Attorneys or parties and Judge",12,12,6,6,3,3,6
,,,,,,,,,
"Alaska",,,,,,,,,
"G","Superior","Attorneys and/or Judge","~","~",10,10,3,3,3
"L","District","Attorneys and/or Judge","~","~","~","~",3,3,3
,,,,,,,,,
"Arizona",,,,,,,,,
"G","Superior","Judge",10,10,6,6,6,6,4
"L","Justice of the Peace","Judge","~","~","~","~",2,2,3
"L","Municipal","Judge","~","~","~","~",2,2,"~"
,,,,,,,,,
"Arkansas",,,,,,,,,
"G","Circuit","Attorneys and Judge",10,12,6,8,3,3,3
"G","Chancery & Probate","Attorneys and Judge","~","~","~","~","~","~",3
,,,,,,,,,
"California",,,,,,,,,
"G","Superior","Judge /1",20,20,"20/10 /2","20/10 /2","10/6 /3","10/6 /3",6
"L","Municipal","Judge /1","~","~","~","~","10/6 /3","10/6 /3","~"
,,,,,,,,,
"Colorado",,,,,,,,,
"G","District","Attorneys and Judge",10,10,5,5,3,3,4
"G","Probate","Attorneys and Judge","~","~","~","~","~","~",4
"G","Water","Attorneys and Judge","~","~","~","~","~","~",4
"L","County","Attorneys and Judge","~","~","~","~",3,3,1
,,,,,,,,,
"Connecticut",,,,,,,,,
"G","Superior","Attorneys",25,25,"15/6 /4","15/6 /4",3,3,3
,,,,,,,,,
"Delaware",,,,,,,,,
"G","Superior","Judge",12,20,6,6,6,6,3
"L","Common Pleas","Judge","~","~","~","~",6,6,3
"L","Justice of the Peace","Magistrates","~","~","~","~",6,6,3
,,,,,,,,,
"District of Columbia",,,,,,,,,
"G","Superior","Attorneys and/or Judge","~","~",10,10,3,3,3
,,,,,,,,,
"Florida",,,,,,,,,
"G","Circuit","Attorneys and Judge",10,10,"6/10 /5","6/10 /5",3,3,3
"L","County","Attorneys and Judge","~","~","~","~",3,3,3
,,,,,,,,,
"Georgia",,,,,,,,,
"G","Superior","Attorneys and Judge",10,20,6,12,2,4,"3/6 /6"
"L","State","Attorneys and Judge","~","~","~","~",2,4,"3/6 /6"
"L","Civil","Attorneys and Judge","~","~","~","~","~","~",3
"L","Municipal","No juries","~","~","~","~","~","~","~"
,,,,,,,,,
"Hawaii",,,,,,,,,
"G","Circuit","Attorneys and Judge","~","~","3/12 /7","3/12 /7",3,3,3
,,,,,,,,,
"Idaho",,,,,,,,,
"G","District","Attorneys and Judge",10,10,6,6,4,4,4
,,,,,,,,,
"Illinois",,,,,,,,,
"G","Circuit","Judge /8",20,20,10,10,5,5,5
,,,,,,,,,
"Indiana",,,,,,,,,
"G","Superior","Attorneys and Judge",20,20,10,10,5,5,3
"G","Circuit","Attorneys and Judge",20,20,10,10,5,5,3
"L","County","Attorneys and Judge","~","~",10,10,5,5,3
,,,,,,,,,
"Iowa",,,,,,,,,
"G","District","Attorneys and Judge",10,"~","10/6 /9","10/6 /9",4,4,4
,,,,,,,,,
"Kansas",,,,,,,,,
"G","District","Attorneys and Judge",12,12,"12/8/6 /10,11","12/8/6 /10,11",3,3,3
,,,,,,,,,
"Kentucky",,,,,,,,,
"G","Circuit","Attorneys and Judge",8,8,8,8,"~","~",3
"L","District","Attorneys and Judge","~","~","~","~",3,3,3
,,,,,,,,,
"Louisiana",,,,,,,,,
"G","District","Attorneys and Judge",12,12,"12/6 /12","12/6 /12",6,6,"6/3 /13"
,,,,,,,,,
"Maine",,,,,,,,,
"G","Superior","Attorneys and Judge","~","~","8/10 /14","8/10 /14",4,4,3
,,,,,,,,,
"Maryland",,,,,,,,,
"G","Circuit","Attorneys and Judge",10,20,5,10,4,4,4
,,,,,,,,,
"Massachusetts",,,,,,,,,
"G","Superior","Judge /15",12,12,4,4,4,4,4
"L","District","Judge /15","~","~",2,2,2,2,2
"L","Boston Municipal","Judge /15","~","~",2,2,2,2,"~"
,,,,,,,,,
"Michigan",,,,,,,,,
"G","Circuit","Attorneys and Judge",12,"~","5/12 /16","5/12 /16","~","~",3
"L","District","Attorneys and Judge","~","~","~","~",3,3,3
"L","Municipal","Attorneys and Judge","~","~","~","~",3,3,3
"L","Probate","Attorneys and Judge","~","~",5,5,5,5,"~"
,,,,,,,,,
"Minnesota",,,,,,,,,
"G","District","Attorneys and Judge",9,"~","9/3 /17","15/5 /17",3,5,2
,,,,,,,,,
"Mississippi",,,,,,,,,
"G","Circuit","Attorneys and Judge",12,12,6,6,6,6,4
"G","Chancery","Attorneys and Judge","~","~","~","~","~","~",4
"L","County","Attorneys and Judge","~","~","~","~","4/2 /18","4/2 /18","4/2 /18"
"L","Justice","Judge","~","~","~","~",2,2,2
,,,,,,,,,
"Missouri",,,,,,,,,
"G","Circuit","Attorneys and Judge",9,9,6,6,2,2,3
,,,,,,,,,
"Montana",,,,,,,,,
"G","District","Attorneys and Judge",8,8,"6/3 /19","6/3 /19","6/3 /19","6/3 /19",4
"L","Justice of the Peace","Attorneys and Judge","~","~","~","~","6/3","6/3","4/2 /20"
"L","Municipal","Attorneys and Judge","~","~","~","~","6/3","6/3","4/2 /20"
"L","City","Attorneys and Judge","~","~","~","~","6/3","6/3","4/2 /20"
,,,,,,,,,
"Nebraska",,,,,,,,,
"G","District","Attorneys and Judge",12,12,6,6,3,3,3
"L","County","Attorneys and Judge","~","~","~","~",3,3,3
,,,,,,,,,
"Nevada",,,,,,,,,
"G","District","Attorneys and Judge",8,8,4,4,4,4,4
"L","Justice","Attorneys and Judge","~","~","~","~",4,4,4
,,,,,,,,,
"New Hampshire",,,,,,,,,
"G","Superior","Judge /21",10,20,"15/3 /22","15/3 /22",3,3,3
,,,,,,,,,
"New Jersey",,,,,,,,,
"G","Superior","Judge /23","12 /24","20 /24",12,20,10,10,6
,,,,,,,,,
"New Mexico",,,,,,,,,
"G","District","Attorneys and Judge",8,12,3,5,3,5,"5/3 /26"
"L","Magistrate","Attorneys and Judge","~","~","~","~","2/1 /25","2/1 /25",1
"L","Bernalillo City Metropolitan","Attorneys and Judge","~","~","~","~","2/1 /25","2/1 /25",1
,,,,,,,,,
"New York",,,,,,,,,
"G","Supreme","Criminal: Attorneys and Judge",20,20,"20/15/10","20/15/10",10,10,3
,,"Civil: Attorneys",,,,,,,
"G","County","Criminal: Attorneys and Judge",20,20,"20/15/10 /27","20/15/10 /27",10,10,3
,,"Civil: Attorneys",,,,,,,
"L","District","Criminal: Attorneys and Judge","~","~","~","~",10,10,3
,,"Civil: Attorneys",,,,,,,
"L","City","Criminal: Attorneys and Judge","~","~","~","~",10,10,3
,,"Civil: Attorneys",,,,,,,
"L","N.Y.C. Civil","Attorneys and Judge","~","~","~","~","~","~",3
"L","N.Y.C. Criminal","Attorneys and Judge","~","~","~","~",10,10,"~"
"L","Town and Village","Criminal: Attorneys and Judge","~","~","~","~",10,10,3
,,"Civil: Attorneys",,,,,,,
,,,,,,,,,
"North Carolina",,,,,,,,,
"G","Superior","Attorneys",14,14,6,6,6,6,8
"L","District","Attorneys","~","~","~","~","~","~",8
,,,,,,,,,
"North Dakota",,,,,,,,,
"G","District","Attorneys and Judge","~","~","6/4 /28","6/4 /28","6/4 /28","6/4 /28","4/4 /29"
,,,,,,,,,
"Ohio",,,,,,,,,
"G","Common Pleas","Attorneys and Judge",6,6,4,4,3,3,3
"L","Municipal","Attorneys and Judge","~","~","~","~",3,3,3
"L","County","Attorneys and Judge","~","~","~","~",3,3,3
"L","Claims","Attorneys and Judge","~","~","~","~","~","~",3
,,,,,,,,,
"Oklahoma",,,,,,,,,
"G","District","Attorneys and Judge",9,9,5,5,3,3,3
,,,,,,,,,
"Oregon",,,,,,,,,
"G","Circuit","Attorneys and Judge",12,12,6,6,6,6,3
"L","Justice","Attorneys and Judge","~","~","~","~",2,2,3
"L","Municipal","Attorneys and Judge","~","~","~","~",6,6,3
,,,,,,,,,
"Pennsylvania",,,,,,,,,
"G","Common Pleas","Attorneys and/or Judge",20,20,7,7,5,5,"4 /30"
,,,,,,,,,
"Puerto Rico",,,,,,,,,
"G","Superior","Attorneys and Judge","~","~","10/5 /31","10/5 /31",5,5,"No jury"
,,,,,,,,,
"Rhode Island",,,,,,,,,
"G","Superior","Attorneys and Judge","~","~",6,6,3,3,"~ /32"
"L","Family","Attorneys","~","~",6,6,"~","~","~ /32"
,,,,,,,,,
"South Carolina",,,,,,,,,
"G","Circuit","Attorneys and Judge",5,10,5,10,5,5,4
"L","Magistrate","Attorneys and Judge","~","~","~","~",6,6,6
"L","Municipal","Attorneys and Judge","~","~","~","~",6,6,"~"
,,,,,,,,,
"South Dakota",,,,,,,,,
"G","Circuit","Attorneys and Judge",20,20,"20/10 /33","20/10 /33",3,3,3
,,,,,,,,,
"Tennessee",,,,,,,,,
"G","Circuit","Attorneys and Judge",15,15,8,8,3,3,4
"G","Criminal","Attorneys and Judge",15,15,8,8,3,3,"~"
"G","Chancery","Attorneys and Judge","~","~","~","~","~","~",4
,,,,,,,,,
"Texas",,,,,,,,,
"G","District","Attorneys",15,15,10,10,5,5,6
"L","County","Attorneys","~","~","~","~",3,3,3
"L","Justice of the Peace","Attorneys","~","~","~","~",3,3,3
"L","Municipal","Attorneys","~","~","~","~",3,3,3
,,,,,,,,,
"Utah",,,,,,,,,
"G","District","Attorneys and Judge",10,10,4,4,3,3,3
"L","Justice","Attorneys and Judge","~","~","~","~",3,3,"~"
,,,,,,,,,
"Vermont",,,,,,,,,
"G","Superior","Attorneys and Judge","~","~",6,6,6,6,6
"G","District","Attorneys and Judge","~","~",6,6,6,6,6
,,,,,,,,,
"Virginia",,,,,,,,,
"G","Circuit","Attorneys and Judge",4,4,4,4,3,3,3
,,,,,,,,,
"Washington",,,,,,,,,
"G","Superior","Attorneys and Judge",12,12,6,6,3,3,3
"L","District","Attorneys and Judge","~","~","~","~",3,3,3
"L","Municipal","Attorneys and Judge","~","~","~","~",3,3,3
,,,,,,,,,
"West Virginia",,,,,,,,,
"G","Circuit","Attorneys and Judge","~","~",2,6,4,4,4
"L","Magistrate","Attorneys and Judge","~","~","~","~",4,4,4
,,,,,,,,,
"Wisconsin",,,,,,,,,
"G","Circuit","Attorneys and Judge","~","~","6/4 /34","6/4 /34",4,4,3
,,,,,,,,,
"Wyoming",,,,,,,,,
"G","District","Attorneys",12,12,8,8,4,4,3
"L","Municipal","Attorneys","~","~","~","~",4,4,"~"
"L","County","Attorneys","~","~","~","~",4,4,3
"L","Justice of the Peace","Attorneys","~","~","~","~",4,4,3
,,,,,,,,,
"Federal",,,,,,,,,
"G","District","Attorneys and Judge",20,20,6,10,3,3,3
,,,,,,,,,
"NOTE:  States with no death penalty statute are AK, DC, HI, IA, ME, MA, MI, MN, ND, RI, VT, WI, WV",,,,,,,,,
,,,,,,,,,
"FOOTNOTES:",,,,,,,,,
,,,,,,,,,
" California:",,,,,,,,,
"1/ Judge alone, with discretionary supplementing by attorneys (Code Cv. Pro. �223, Court Rule 228).",,,,,,,,,
"2/ Twenty challenges for either capital or life punishments.",,,,,,,,,
"3/ Six for a penalty of 90 days or less, 10 for other misdemeanors.",,,,,,,,,
,,,,,,,,,
"Connecticut:",,,,,,,,,
"4/ Fifteen peremptory challenges if offense is punishable for life, 6 for other.",,,,,,,,,
,,,,,,,,,
"Florida:",,,,,,,,,
"5/ Ten challenges allowed for each side when the defendant faces life imprisonment; six for all other cases.",,,,,,,,,
,,,,,,,,,
"Georgia:",,,,,,,,,
"6/ Six challenges are allowed for each side when a party requests a jury of twelve (minimum of $10,000 at stake); three challenges for all other cases.",,,,,,,,,
,,,,,,,,,
"Hawaii:",,,,,,,,,
"7/ Twelve challenges allowed for each side when the defendant faces life imprisonment; three for all other cases.",,,,,,,,,
,,,,,,,,,
"Illinois:",,,,,,,,,
"8/ May permit attorneys to participate.",,,,,,,,,
,,,,,,,,,
"Iowa:",,,,,,,,,
"9/ Ten if Class A felony.",,,,,,,,,
,,,,,,,,,
"Kansas:",,,,,,,,,
"10/ Twelve for Class A felony, 8 for B felony, 6 for C, D, E.",,,,,,,,,
"11/ After July 1, 1993 12 for off-grid or any severity level 1, 8 for severity level 2-6 person felonies, or greater non-person felony or severity level 2 or 3 drug felony, 6 for any other felony.",,,,,,,,,
,,,,,,,,,
"Louisiana:",,,,,,,,,
"12/ Louisianas criminal statutes provide that some felonies are punishable �with or without hard labor:.  For those punishable without hard labor, the state and the defense have six peremptory challenges each.",,,,,,,,,
"13/ I f a trial is by a jury of twelve, each side is allowed six peremptory challenges.  If a trial is by a jury of six, each side is allowed three peremptory challenges.",,,,,,,,,
,,,,,,,,,
"Maine:",,,,,,,,,
"14/ Ten if charged with murder.",,,,,,,,,
,,,,,,,,,
"Massachusetts:",,,,,,,,,
"15/ May permit attorneys to participate.",,,,,,,,,
,,,,,,,,,
"Michigan:",,,,,,,,,
"16/ Twelve challenges if tried for life imprisonment, otherwise 5.",,,,,,,,,
,,,,,,,,,
"Minnesota:",,,,,,,,,
"17/ Nine for state, 15 for defense if life imprisonment possible.",,,,,,,,,
,,,,,,,,,
"Mississippi:",,,,,,,,,
"18/ Four for 12-person jury, 2 for 6-person.",,,,,,,,,
,,,,,,,,,
"Montana:",,,,,,,,,
"19/ Six challenges for 12-person jury, 3 for 6-person jury.",,,,,,,,,
"20/ Two for 6-person jury, not to exceed total of 4 challenges if jury less than 12-person.",,,,,,,,,
,,,,,,,,,
"New Hampshire:",,,,,,,,,
"21/ Counsel is allowed to propose voir dire questions, especially in murder cases.",,,,,,,,,
"22/ If offense is first degree murder, then 15 per side.",,,,,,,,,
,,,,,,,,,
"New Jersey:",,,,,,,,,
"23/ May permit attorneys to participate.",,,,,,,,,
"24/ May be increased by trial judge.",,,,,,,,,
,,,,,,,,,
"New Mexico:",,,,,,,,,
"25/ One for petty misdemeanors, 2 for others.",,,,,,,,,
"26/ Five for 12-person jury, 3 for 6-person.",,,,,,,,,
,,,,,,,,,
"New York:",,,,,,,,,
"27/ Twenty for Class A felony; fifteen for Class B or C felony, ten for all other.",,,,,,,,,
,,,,,,,,,
"North Dakota:",,,,,,,,,
"28/ Six challenges for 12-person jury, 4 for 6-person jury.",,,,,,,,,
"29/ Four challenges for 9-person jury, 4 for 6-person jury.",,,,,,,,,
,,,,,,,,,
"Pennsylvania:",,,,,,,,,
"30/ May be varied to achieve a fair distribution of challenges.",,,,,,,,,
,,,,,,,,,
"Puerto Rico:",,,,,,,,,
"31/ Ten if punishable by life imprisonment, 5 for all other felonies.",,,,,,,,,
,,,,,,,,,
"Rhode Island:",,,,,,,,,
"32/ Peremptory challenges not to exceed 1/3 of qualified jurors (qualified jurors are jurors who are not subject to challenge for cause).",,,,,,,,,
,,,,,,,,,
"South Dakota:",,,,,,,,,
"33/ Twenty peremptory challenges when life imprisonment is a potential penalty, 10 challenges for all else.",,,,,,,,,
,,,,,,,,,
"Wisconsin:",,,,,,,,,
"34/ Six per side for life sentence, otherwise 4.",,,,,,,,,
