Bureau of Justice Statistics,,,,,,,,,,,,
Filename: fvs0504.csv,,,,,,,,,,,,
"Table 5.4: Victim injury in police-recorded family violence compared to nonfamily violence in 18 States and the District of Columbia in 2000, by relationship",,,,,,,,,,,,
Report title:  Family Violence Statistics: Including Statistics on Strangers and Acquaintances NCJ 207846,,,,,,,,,,,,
"Data source:  National Incident-Based Reporting System, 2000",,,,,,,,,,,,
"Authors:  Matthew R. Durose, Caroline Wolf Harlow, Ph.D., Patrick A. Langan, Ph.D., Mark Motivans, Ph.D., Ramona R. Rantala, Erica L. Schmitt",,,,,,,,,,,,
Refer questions to:  askbjs@usdoj.gov   202-307-0765,,,,,,,,,,,,
Date of version:  6/12/05,,,,,,,,,,,,

"Table 5.4: Victim injury in police-recorded family violence compared to nonfamily violence in 18 States and the District of Columbia in 2000, by relationship",,,,,,,,,,,,

,,Percent of crimes in which the victim was the offender's�,,,,,,,,,,
,,Family member,,,,,,,Nonfamily member,,,
 Victim injury,All violent crimes, Total, Spouse,Son or daughter, Parent, Sibling,Other family,, Total,Boyfriend  or girlfriend,Friend or acquaintance, Stranger

All offenses,100,100,100,100,100,100,100,,100,100,100,100

Major injuries,9.3,7.4,3.1,15.7,3.4,10.5,16.9,,10.4,5.5,12.5,10.3
Victim died,0.2,0.2,0.1,0.3,0.2,0.2,0.2,,0.2,0.1,0.2,0.3
Rape or sexual assault,5.3,4.5,0.6,12.8,1.2,6.9,13.6,,5.8,2.3,7.9,3.9
Severe lacerations,2.1,1.3,1.2,0.9,1.2,2.1,1.7,,2.4,1.7,2.5,3.3
Broken bones/loss  of teeth,0.5,0.4,0.3,0.4,0.3,0.4,0.4,,0.6,0.4,0.6,0.8
Internal injury,0.3,0.3,0.3,0.4,0.2,0.2,0.3,,0.4,0.3,0.3,0.5
Unconsciousness,0.1,0.1,0.1,0.1,0,0,0.1,,0.1,0.1,0.1,0.2
Other major injuries,0.8,0.6,0.5,0.8,0.3,0.7,0.6,,0.9,0.6,0.9,1.3

Minor injuries,37.9,42.1,45.8,38.8,36.7,41.3,35,,35.8,48.2,32.9,28.2

No injuries,52.8,50.7,51,45.4,60,48.2,48.3,,53.8,46.4,54.5,61.6

 Total offenses,"634,096","207,571","110,279","27,783","23,652","21,164","24,693",,"426,525","106,009","242,233","78,283"

"Note:  Data identifying the victim's relationship to the offender were reported for 84.7% (634,096) of 748,252 violent crimes.  Victim injury was reported for all 634,096 crimes with recorded relationships. Victims sustaining more than one injury are counted  under the most serious injury. Detail may not add to total because of rounding. "
"Source:  FBI, 2000 National Incident-Based Reporting System. "
