Bureau of Justice Statistics,,,,,,,,,,,,
Filename: fvs0509.csv,,,,,,,,,,,,
"Table 5.9: Arrestee demographic characteristics in police-recorded family violence compared to nonfamily violence in 18 States and the District of Columbia in 2000, by relationship",,,,,,,,,,,,
Report title:  Family Violence Statistics: Including Statistics on Strangers and Acquaintances NCJ 207846,,,,,,,,,,,,
"Data source:  National Incident-Based Reporting System, 2000",,,,,,,,,,,,
"Authors:  Matthew R. Durose, Caroline Wolf Harlow, Ph.D., Patrick A. Langan, Ph.D., Mark Motivans, Ph.D., Ramona R. Rantala, Erica L. Schmitt",,,,,,,,,,,,
Refer questions to:  askbjs@usdoj.gov   202-307-0765,,,,,,,,,,,,
Date of version:  6/12/05,,,,,,,,,,,,

"Table 5.9: Arrestee demographic characteristics in police-recorded family violence compared to nonfamily violence in 18 States and the District of Columbia in 2000, by relationship",,,,,,,,,,,,

,,Percent of arrests for crimes in which the victim was the offender's �,,,,,,,,,,
,,Family member,,,,,,,Nonfamily member,,,
 Arrestee characteristic,All violent crimes, Total, Spouse,Son or daughter, Parent, Sibling,Other family,, Total,Boyfriend  or girlfriend,Friend or acquaintance, Stranger

All arrests,100,100,100,100,100,100,100,,100,100,100,100

Gender,,,,,,,,,,,,
Male,78.3,77.1,80.7,71.9,69.7,74.4,74.4,,79,81.1,75.9,84
Female,21.7,22.9,19.3,28.1,30.3,25.6,25.6,,21,18.9,24.1,16

Race/Hispanic origin,,,,,,,,,,,,
White,62.4,68.9,69.4,72.2,74.5,64,59.7,,58.1,57.4,59.4,55.7
Black,30.6,24.3,23.2,21.7,20.7,29.9,33.2,,34.8,35.2,33.8,36.7
Hispanic,5.9,5.6,6.1,4.9,3.9,5,6.2,,6,6.5,5.6,6.4
Other,1.1,1.2,1.3,1.3,0.8,1.1,0.9,,1.1,0.9,1.2,1.2
American Indian/ Alaska Native,0.5,0.4,0.4,0.5,0.3,0.5,0.5,,0.6,0.5,0.7,0.5
Asian/Pacific Islander,0.6,0.7,0.8,0.8,0.6,0.6,0.4,,0.5,0.4,0.5,0.6

Age,,,,,,,,,,,,
Under 18,14.7,11.3,0.4,2.5,51,31.8,15.7,,17,1.9,28,13.8
Under 13,2.1,1.1,0,0.2,4.3,4,2,,2.7,0,5.1,0.9
13 - 17,12.6,10.1,0.3,2.4,46.7,27.8,13.7,,14.3,1.9,22.9,12.8
18 - 24,23.6,16.8,14.5,7.5,22.4,28.8,22.6,,28.1,30,25.3,32.8
25 - 34,27.2,28.8,36,22.4,12.4,18.2,25.3,,26.2,34.3,21.2,25.3
35 - 54,31.8,39.6,45.5,61.9,13.4,20.2,30.9,,26.5,32.4,23,25.7
55 or older,2.7,3.4,3.6,5.6,0.8,1,5.6,,2.2,1.4,2.6,2.4

Total arrests,"252,196","101,454","58,113","11,583","12,360","9,872","9,526",,"150,742","48,849","75,261","26,632"

"Note:  Data identifying the victim's relationship to the offender were reported for 92.4% (252,196) of 273,023 arrests. Of these 252,196 arrests with recorded relationships, arrestee gender was reported for 100%; race for 99.2%; age for 99.8%. In 95% of arrests, the gender, race, and age of at least one arrestee matched that of the offender with the closest relationship to the victim. Detail may not add to total because of rounding.        ",,,,,,,,,,,,
"Source:  FBI, 2000 National Incident-Based Reporting System. ",,,,,,,,,,,,
