Bureau of Justice Statistics,,,
Filename: fvs05t1.csv,,,
"Text Table 1: Percent of family violence offenders arrested by police in 18 States and the District of Columbia in 2000, by gender",,,
Report title:  Family Violence Statistics: Including Statistics on Strangers and Acquaintances NCJ 207846,,,
"Data source:  National Incident-Based Reporting System, 2000",,,
"Authors:  Matthew R. Durose, Caroline Wolf Harlow, Ph.D., Patrick A. Langan, Ph.D., Mark Motivans, Ph.D., Ramona R. Rantala, Erica L. Schmitt",,,
Refer questions to:  askbjs@usdoj.gov   202-307-0765,,,
Date of version:  6/12/05,,,

"Text Table 1: Percent of family violence offenders arrested by police in 18 States and the District of Columbia in 2000, by gender",,,

,Family violence offenders,,
Gender,Number suspected,Number arrested,Percent arrested

Male,"156,300","78,150",50
Female,"51,270","23,330",45.5

"Source:  FBI, 2000 National Incident-Based Reporting System. "
