Bureau of Justice Statistics,,,,,,,,,,,,
Filename: fvs0514.csv,,,,,,,,,,,,
"Table 5.14: Weapon possession at time of arrest in police-recorded family violence compared to nonfamily violence in 18 States and the District of Columbia in 2000, by relationship",,,,,,,,,,,,
Report title:  Family Violence Statistics: Including Statistics on Strangers and Acquaintances NCJ 207846,,,,,,,,,,,,
"Data source:  National Incident-Based Reporting System, 2000",,,,,,,,,,,,
"Authors:  Matthew R. Durose, Caroline Wolf Harlow, Ph.D., Patrick A. Langan, Ph.D., Mark Motivans, Ph.D., Ramona R. Rantala, Erica L. Schmitt",,,,,,,,,,,,
Refer questions to:  askbjs@usdoj.gov   202-307-0765,,,,,,,,,,,,
Date of version:  6/12/05,,,,,,,,,,,,

"Table 5.14: Weapon possession at time of arrest in police-recorded family violence compared to nonfamily violence in 18 States and the District of Columbia in 2000, by relationship",,,,,,,,,,,,

,,Percent of arrests for crimes in which the victim was the offender's �,,,,,,,,,,
,,Family member,,,,,,,Nonfamily member,,,
Weapon possession at time of arrest,All violent crimes, Total, Spouse,Son or daughter, Parent, Sibling,Other family,, Total,Boyfriend  or girlfriend,Friend or acquaintance, Stranger

All arrests,100,100,100,100,100,100,100,,100,100,100,100

Armed,3.9,3,2.5,3.1,3.6,4.4,4.5,,4.6,2.4,5.1,7.1
Firearm,1.7,1.1,1.1,1.4,0.9,1.2,1.7,,2,0.8,2.1,4
Handgun,0.8,0.5,0.5,0.5,0.2,0.4,0.9,,1.1,0.4,1.1,2.4
Rifle,0.2,0.1,0.1,0.1,0.1,0.2,0.1,,0.2,0.1,0.2,0.2
Shotgun,0.2,0.2,0.2,0.1,0.2,0.2,0.3,,0.2,0.1,0.3,0.3
Other firearm,0.5,0.3,0.3,0.6,0.4,0.4,0.4,,0.6,0.2,0.6,1.1
Knife,1.7,1.5,1.1,1.2,2.1,2.5,2.2,,1.9,1.4,2.1,2.3
Blunt object,0.6,0.4,0.3,0.5,0.6,0.8,0.6,,0.7,0.3,0.8,0.8

Unarmed,96.1,97,97.5,96.9,96.4,95.6,95.5,,95.4,97.6,94.9,92.9

Total arrests,"252,196","101,454","58,113","11,583","12,360","9,872","9,526",,"150,742","48,849","75,261","26,632"

"Note:  Data identifying the victim's relationship to the offender were reported for 92.4% (252,196) of 273,023 arrests for violent crimes.  Weapon at time of arrest was reported for all 252,196 arrests with recorded relationships. Detail may not add to total because of rounding. ",,,,,,,,,,,,
"Source:  FBI, 2000 National Incident-Based Reporting System. ",,,,,,,,,,,,
