"Bureau of Justice Statistics",,,,
"filename:  cv9887.csv",,,,
"Table 87: Percent of victimizations resulting in",,,,
"loss of time from work, by type of crime",,,,
"data source: National Criminal Victimization Survey, 1998    NCJ 181585",,,,
"produced by:  Cathy Maston ",,,,
"authors:  Patsy Klaus and Cathy Maston",,,,
"refer questions to:  askbjs@ojp.usdoj.gov     202-307-0765",,,,
"date of version: 03/30/00",,,,
,,,,
,,,,
"Table 87. Selected personal and property crimes, 1998:",,,,
,,,,
"Percent of victimizations resulting in",,,,
"loss of time from work, by type of crime",,,,
,,,,
,,,"Percent of all",
"Type of crime         ",,,"victimizations",
"All personal crimes/a",,,7.0,"%"
,,,,
"Crimes of violence",,,7.0,
"   Completed violence",,,14.0,
"   Attempted/threatened violence",,,3.8,
"   Rape/Sexual assault/b",,,9.1,
"   Robbery",,,12.0,
"      Completed/property taken",,,14.4,
"         With injury",,,28.9,
"         Without injury",,,8.8,
"      Attempted to take property",,,6.8,"*"
"         With injury",,,16.0,"*"
"         Without injury",,,3.7,"*"
"   Assault",,,6.3,
"      Aggravated",,,11.3,
"      Simple",,,4.7,
,,,,
"All property crimes                         ",,,5.5,"%"
,,,,
"   Household burglary                                ",,,6.6,
"      Completed                            ",,,7.4,
"         Forcible entry                     ",,,12.9,
"         Unlawful entry without force       ",,,3.8,
"      Attempted forcible entry             ",,,2.8,"*"
"   Motor vehicle theft                     ",,,22.1,
"      Completed                            ",,,26.1,
"      Attempted                            ",,,11.9,
"   Theft",,,4.2,
"      Completed",,,4.2,
"         Less than $50",,,1.9,
"         $50 - $249",,,3.1,
"         $250 or more",,,10.2,
"         Amount not available",,,2.8,
"      Attempted",,,5.8,
,,,,
"Note: Detail may not add to total shown because of rounding.",,,,
"* Estimate is based on about 10 or fewer sample cases.",,,,
"a/Includes data on purse snatching/pocket picking, not shown separately.",,,,
"b/Includes verbal threats of rape and threats of sexual assault.",,,,
