"Bureau of Justice Statistics",,,,,,,,,,,,,,,,,,
"filename:  cv9860.csv",,,,,,,,,,,,,,,,,,
"Table 60: Percent distribution of incidents, by type of crime,",,,,,,,,,,,,,,,,,,
"type of offender and time of occurrence",,,,,,,,,,,,,,,,,,
"data source: National Criminal Victimization Survey, 1998    NCJ 181585",,,,,,,,,,,,,,,,,,
"produced by:  Cathy Maston",,,,,,,,,,,,,,,,,,
"authors:  Patsy Klaus and Cathy Maston",,,,,,,,,,,,,,,,,,
"refer questions to:  askbjs@ojp.usdoj.gov     202-307-0765",,,,,,,,,,,,,,,,,,
"date of version: 03/28/00",,,,,,,,,,,,,,,,,,
,,,,,,,,,,,,,,,,,,
,,,,,,,,,,,,,,,,,,
"Table 60. Personal robbery and assault",,,,,,,,,,,,,,,,,,
"by armed or unarmed offenders, 1998:",,,,,,,,,,,,,,,,,,
,,,,,,,,,,,,,,,,,,
"Percent distribution of incidents, by type of crime,",,,,,,,,,,,,,,,,,,
"type of offender and time of occurrence",,,,,,,,,,,,,,,,,,
,,,,,,,,,,,,,,,,,,
,,,,,,,,,,,"Percent of incidents",,,,,,,
,,,,,,,"Daytime",,,,,"Nighttime",,,,,"Not known",
"Type of crime",,,"  Number of",,,,"6 a.m. -",,,,"6 p.m.-",,"Midnight -",,"  Not",,"and not",
"and offender",,,"  incidents",,"Total",,"6 p.m.",,"  Total",,"midnight",,"6 a.m.",,"  known",,"available",
,,,,,,,,,,,,,,,,,,
,,,,,,,,,,,,,,,,,,
"Robbery",,,,,,,,,,,,,,,,,,
,"By armed offenders",,304430,,100,"%",42.1,"%",56.5,"%",35.5,"%",20.3,"%",0.7,"%*",1.4,"%*"
,"By unarmed offenders",,419550,,100,"%",62.9,,36.5,,26.8,,9.7,,0.0,"*",0.7,"*"
,,,,,,,,,,,,,,,,,,
"Assault",,,,,,,,,,,,,,,,,,
,"By armed offenders",,1342280,,100,"%",50.5,,49.3,,36.9,,12.2,,0.2,"*",0.2,"*"
,"By unarmed offenders",,4390220,,100,"%",57.4,,41.1,,29.5,,10.9,,0.7,,1.5,
,,,,,,,,,,,,,,,,,,
,,,,,,,,,,,,,,,,,,
"Note: Detail may not add to total shown because of rounding.",,,,,,,,,,,,,,,,,,
"Excludes data in which the presence of a weapon was not ascertained.",,,,,,,,,,,,,,,,,,
"* Estimate is based on about 10 or fewer sample cases.",,,,,,,,,,,,,,,,,,
