"Bureau of Justice Statistics",,,,,,,,,,,,,,
"filename:  cv9870.csv",,,,,,,,,,,,,,
"Table 70: Percent distribution of self-protective measures employed",,,,,,,,,,,,,,
"by victims, by type of measure and type of crime",,,,,,,,,,,,,,
"data source: National Criminal Victimization Survey, 1998    NCJ 181585",,,,,,,,,,,,,,
"produced by:  Cathy Maston ",,,,,,,,,,,,,,
"authors:  Patsy Klaus and Cathy Maston",,,,,,,,,,,,,,
"refer questions to:  askbjs@ojp.usdoj.gov     202-307-0765",,,,,,,,,,,,,,
"date of version: 03/29/00",,,,,,,,,,,,,,
,,,,,,,,,,,,,,
,,,,,,,,,,,,,,
"Table 70. Personal crimes of violence, 1998:",,,,,,,,,,,,,,
,,,,,,,,,,,,,,
"Percent distribution of self-protective measures employed",,,,,,,,,,,,,,
"by victims, by type of measure and type of crime",,,,,,,,,,,,,,
,,,,,,,,,,,,,,
,,,,,,,,"                                                Percent of self-protective measures",,,,,,
,,,"  Crimes",,"  Completed",,"  Attempted/",,"Rape/",,,,,
,,,"  of",,"  violence",,"  threatened",,"Sexual",,,,,
"Self-protective measure",,,"  violence",,,,"  violence",,"assault/a",,,,,
,,,,,,,,,,,,,,
,,,,,,,,,,,,,,
"Total number of self-protective measures",,,100.0,"%",100.0,"%",100.0,"%",100.0,"%",,,,
,"Attacked offender with weapon",,1.0,,0.8,"*",1.1,,0.0,"*",,,,
,"Attacked offender without weapon",,11.4,,16.4,,8.7,,7.6,,,,,
,"Threatened offender with weapon",,1.1,,0.5,"*",1.5,,1.2,"*",,,,
,"Threatened offender without weapon",,2.2,,1.5,,2.6,,0.8,"*",,,,
,"Resisted or captured offender",,20.4,,31.1,,14.6,,27.6,,,,,
,"Scared or warned offender",,8.8,,7.7,,9.4,,12.4,,,,,
,"Persuaded or appeased offender",,11.0,,9.3,,11.8,,12.0,,,,,
,"Ran away or hid",,13.3,,7.7,,16.4,,8.0,,,,,
,"Got help or gave alarm",,10.4,,7.8,,11.8,,3.6,"*",,,,
,"Screamed from pain or fear",,2.3,,5.0,,0.8,,5.5,"*",,,,
,"Took other measures",,18.1,,12.2,,21.3,,21.3,,,,,
,,,,,,,,,,,,,,
,,,,,,,,,,,,,,
,,,,,,,,,,,,,,
,,,,,,,,,,,,,,
,,,,,,,,,,,"                                             Percent of self-protective measures",,,
,,,,,,"Robbery",,,,,,,,
,,,,,"         With",,"         Without",,,,,"Assault",,
"Self-protective measure",,,"Total",,"         injury",,"         injury",,"Total",,"Aggravated",,"Simple",
,,,,,,,,,,,,,,
,,,,,,,,,,,,,,
"Total number of self-protective measures",,,100.0,"%",100.0,"%",100.0,"%",100.0,"%",100.0,"%",100.0,"%"
,"Attacked offender with weapon",,1.5,"*",0.9,"*",1.8,"*",1.0,,2.0,,0.6,
,"Attacked offender without weapon",,13.1,,21.7,,8.8,,11.4,,9.4,,12.1,
,"Threatened offender with weapon",,1.1,"*",1.0,"*",1.1,"*",1.1,,2.7,,0.6,"*"
,"Threatened offender without weapon",,2.4,"*",4.8,"*",1.2,"*",2.2,,0.9,"*",2.7,
,"Resisted or captured offender",,17.8,,22.9,,15.1,,20.3,,22.2,,19.7,
,"Scared or warned offender",,9.8,,10.3,,9.5,,8.4,,8.9,,8.3,
,"Persuaded or appeased offender",,13.3,,7.7,"*",16.2,,10.6,,7.6,,11.6,
,"Ran away or hid",,11.7,,6.9,"*",14.1,,13.9,,17.9,,12.5,
,"Got help or gave alarm",,10.2,,10.9,,9.9,,10.8,,11.7,,10.5,
,"Screamed from pain or fear",,4.4,,9.3,"*",1.9,"*",1.8,,2.1,,1.8,
,"Took other measures",,14.7,,3.7,"*",20.3,,18.3,,14.6,,19.6,
,,,,,,,,,,,,,,
,,,,,,,,,,,,,,
,,,,,,,,,,,,,,
"Note: Detail may not add to total shown because of rounding.",,,,,,,,,,,,,,
"Some respondents may have cited more than one self-protective measure employed.",,,,,,,,,,,,,,
"* Estimate is based on about 10 or fewer sample cases.",,,,,,,,,,,,,,
"a/Includes verbal threats of rape and threats of sexual assault.",,,,,,,,,,,,,,
