"Bureau of Justice Statistics",,,,,,,,,,,,
"filename:  cv9865.csv",,,,,,,,,,,,
"Table 65: Percent distribution of incidents,",,,,,,,,,,,,
"by distance from home and type of crime",,,,,,,,,,,,
"data source: National Criminal Victimization Survey, 1998    NCJ 181585",,,,,,,,,,,,
"produced by:  Cathy Maston",,,,,,,,,,,,
"authors:  Patsy Klaus and Cathy Maston",,,,,,,,,,,,
"refer questions to:  askbjs@ojp.usdoj.gov     202-307-0765",,,,,,,,,,,,
"date of version: 03/28/00",,,,,,,,,,,,
,,,,,,,,,,,,
,,,,,,,,,,,,
"Table 65. Selected personal and property crimes, 1998:",,,,,,,,,,,,
,,,,,,,,,,,,
"Percent distribution of incidents,",,,,,,,,,,,,
"by distance from home and type of crime",,,,,,,,,,,,
"       ",,,,,,,,,,,,
,,,,,,,"                     Percent of incidents",,,,,
,,,,,,"Inside",,"Near",,,"One mile",
,,"    Number of",,,,"home or",,"respondent's",,,"from home",
"Type of crime",,"    incidents",,"  Total",,"lodging",,"home",,,"or less",
,,,,,,,,,,,,
,,,,,,,,,,,,
"Crimes of violence",,7433670,,100,"%",18,"%",13.5,"%",,17.7,"%"
,,,,,,,,,,,,
"   Rape/Sexual assault/a",,328130,,100,"%",44.0,,5.1,"*",,12.7,
"   Robbery",,833050,,100,"%",23.2,,12.8,,,17.1,
"   Assault",,6272490,,100,"%",15.9,,14.0,,,18.1,
"      Aggravated",,1457800,,100,"%",16.9,,17.3,,,19.7,
"      Simple",,4814690,,100,"%",15.6,,13,,,17.6,
,,,,,,,,,,,,
"Purse snatching/Pocket picking",,295620,,100,"%",1.5,"*",4.7,"*",,27.8,
,,,,,,,,,,,,
"Property crimes",,,,,,,,,,,,
,,,,,,,,,,,,
"   Motor vehicle theft",,1137940,,100,"%",1.9,"*",59.1,,,5.4,
"   Theft",,17702790,,100,"%",10.2,,41,,,8.9,
,,,,,,,,,,,,
,,,,,,,,,,,,
,,,,,,,,,,,,
,,,,,,,,,,,,
,,,,,,"                  Percent of incidents",,,,,,
,,"       Five miles",,"Fifty miles",,"More than",,"Don't know",,,,
,,"       from home",,"from home",,"50 miles",,"or not",,,,
"Type of crime",,"       or less",,"or less",,"from home",,"available",,,,
,,,,,,,,,,,,
,,,,,,,,,,,,
"Crimes of violence",,23.9,"%",22.5,"%",3.6,"%",0.9,"%",,,
,,,,,,,,,,,,
"   Rape/Sexual assault/a",,20.6,,12.7,,3.4,"*",1.7,"*",,,
"   Robbery",,19.3,,21.7,,4.9,,1.0,"*",,,
"   Assault",,24.6,,23.1,,3.4,,0.9,,,,
"      Aggravated",,20.5,,20.9,,3.7,,1.0,"*",,,
"      Simple",,25.9,,23.7,,3.4,,0.8,,,,
,,,,,,,,,,,,
"Purse snatching/Pocket picking",,25.6,,21.8,,12.9,,5.7,"*",,,
,,,,,,,,,,,,
"Property crimes",,,,,,,,,,,,
,,,,,,,,,,,,
"   Motor vehicle theft",,12.1,,17.4,,3.5,,0.7,"*",,,
"   Theft",,17.1,,16.1,,4.2,,2.5,,,,
,,,,,,,,,,,,
,,,,,,,,,,,,
"Note: Detail may not add to total shown because of rounding.",,,,,,,,,,,,
"* Estimate is based on about 10 or fewer sample cases.",,,,,,,,,,,,
"a/Includes verbal threats of rape and threats of sexual assault.",,,,,,,,,,,,
