"Bureau of Justice Statistics",,,,,,,,
"filename:  cv9879.csv",,,,,,,,
"Table 79: Percent of victimizations in which victims ",,,,,,,,
"received hospital care, by selected ",,,,,,,,
"characteristics of victims and type of crime",,,,,,,,
"data source: National Criminal Victimization Survey, 1998    NCJ 181585",,,,,,,,
"produced by:  Cathy Maston",,,,,,,,
"authors:  Patsy Klaus and Cathy Maston",,,,,,,,
"refer questions to:  askbjs@ojp.usdoj.gov     202-307-0765",,,,,,,,
"date of version: 03/29/00",,,,,,,,
,,,,,,,,
,,,,,,,,
"Table 79. Personal crimes of violence, 1998:",,,,,,,,
,,,,,,,,
"Percent of victimizations in which victims ",,,,,,,,
"received hospital care, by selected ",,,,,,,,
"characteristics of victims and type of crime",,,,,,,,
,,,,,,,,
,,,,,,"                                                                         Percent of victimizations",,
,,,"Crimes of",,,,,
"Characteristic",,,"violence/a",,"Robbery",,"Assault",
"Gender",,,,,,,,
"                                                                                      ","Both gender",,5.3,"%",8.2,"%",5.1,"%"
,"Male",,6.1,,8.3,,5.9,
,"Female",,4.2,,7.9,,3.9,
,,,,,,,,
"Age",,,,,,,,
,"12-19",,4.9,,5.4,"*",5.0,
,"20-34",,5.3,,11.2,,4.9,
,"35-49",,5.8,,6.4,"*",5.7,
,"50-64",,4.5,"*",7.1,"*",4.3,"*"
,"65 and over",,7.1,"*",25.7,"*",2.8,"*"
,,,,,,,,
"Race/b",,,,,,,,
,"White",,4.7,,8.4,,4.4,
,"Black",,7.8,,5.7,"*",8.7,
,,,,,,,,
"Victim-offender relationship",,,,,,,,
,"Strangers",,5.3,,8.2,,4.8,
,"Nonstrangers",,5.3,,8.1,"*",5.3,
,,,,,,,,
"* Estimate is based on about 10 or fewer sample cases.",,,,,,,,
"a/Includes data on rape and sexual assault, not shown separately.",,,,,,,,
"b/Excludes data on persons of ""Other"" races.",,,,,,,,
