"Bureau of Justice Statistics",,,,,,,,,,,,,,,,
"filename:  cv9890.csv",,,,,,,,,,,,,,,,
"Table 90: Percent distribution of victimizations resulting in loss of time",,,,,,,,,,,,,,,,
"from work, by race of victims, type of crime and number of days lost",,,,,,,,,,,,,,,,
"data source: National Criminal Victimization Survey, 1998    NCJ 181585",,,,,,,,,,,,,,,,
"produced by:  Cathy Maston",,,,,,,,,,,,,,,,
"authors:  Patsy Klaus and Cathy Maston",,,,,,,,,,,,,,,,
"refer questions to:  askbjs@ojp.usdoj.gov     202-307-0765",,,,,,,,,,,,,,,,
"date of version: 03/30/00",,,,,,,,,,,,,,,,
,,,,,,,,,,,,,,,,
,,,,,,,,,,,,,,,,
"Table 90. Selected personal and property crimes, 1998:",,,,,,,,,,,,,,,,
,,,,,,,,,,,,,,,,
"Percent distribution of victimizations resulting in loss of time",,,,,,,,,,,,,,,,
"from work, by race of victims, type of crime and number of days lost",,,,,,,,,,,,,,,,
,,,,,,,,,,,,,,,,
,,,,,,,,,,"                                  Percent of victimizations",,,,,,
,,,,,,,,,,,,,,,"Not known",
,,,"Number of",,,,"Less than",,"1-5",,"6-10",,"11 days",,"and not",
"Race and type of crime",,,"victimizations",," Total",,"1 day",,"days",,"days",,"or more",,"available",
,,,,,,,,,,,,,,,,
,,,,,,,,,,,,,,,,
"White",,,,,,,,,,,,,,,,
,"All personal crimes/a",,449370,,100,"%",20.6,"%",52.0,"%",11.7,"%",10.6,"%",5.2,"%*"
,,,,,,,,,,,,,,,,
,"Crimes of violence",,437200,,100,"%",20.6,,51.3,,12.0,,10.9,,5.3,"*"
,,,,,,,,,,,,,,,,
,"All property crimes",,1037190,,100,"%",51.8,"%",38.5,"%",1.6,"%",1.7,"%",6.5,"%"
,,,,,,,,,,,,,,,,
,"Household burglary",,210870,,100,"%",38.5,,51.8,,2.8,"*",2.1,"*",4.8,"*"
,"Motor vehicle theft",,177410,,100,"%",36.9,,51.0,,2.4,"*",3.7,"*",6.0,"*"
,"Theft",,648910,,100,"%",60.2,,30.7,,1.0,"*",1.0,"*",7.2,
,,,,,,,,,,,,,,,,
"Black",,,,,,,,,,,,,,,,
,"All personal crimes/a",,118300,,100,"%",6.5,"%*",70.0,"%",0.0,"%",20.0,"%",3.4,"%*"
,,,,,,,,,,,,,,,,
,"Crimes of violence",,115630,,100,"%",6.7,"*",69.3,,0.0,"*",20.5,"*",3.5,"*"
"                                                                                                                       ",,,,,,,,,,,,,,,,
"                           crimes                                                  ","All property crimes",,176990,,100,"%",38.9,"%",50.3,"%",6.1,"%",0.0,"%",4.8,"%*"
,,,,,,,,,,,,," ",,,
"                                                                                   ","Household burglary",,37560,,100,"%",32.4,"*",48.2,"*",19.3,"*",0.0,"*",0.0,"*"
"                                                                                   ","Motor vehicle theft",,65490,,100,"%",24.2,"*",62.9,,0.0,"*",0.0,"*",12.9,"*"
"                                                                                   ","Theft",,73940,,100,"%",55.1,,40.0,,4.8,"*",0.0,"*",0.0,"*"
,,,,,,,,,,,,,,,,
,,,,,,,,,,,,,,,,
"Note: Detail may not add to total shown because of rounding.",,,,,,,,,,,,,,,,
"Excludes data on persons of ""Other"" races.",,,,,,,,,,,,,,,,
"* Estimate is based on about 10 or fewer sample cases.",,,,,,,,,,,,,,,,
"a/Includes data on rape, sexual assault, robbery, assault, and purse snatching/pocket picking, not shown separately.",,,,,,,,,,,,,,,,
