"Bureau of Justice Statistics",,,,
"filename:  cv9878.csv",,,,
"Table 78: Percent of victimizations in which injured ",,,,
"victims had health insurance coverage or",,,,
"were eligible for public medical services,",,,,
"by selected characteristics of victims",,,,
"data source: National Criminal Victimization Survey, 1998    NCJ 181585",,,,
"produced by:  Cathy Maston",,,,
"authors:  Patsy Klaus and Cathy Maston",,,,
"refer questions to:  askbjs@ojp.usdoj.gov     202-307-0765",,,,
"date of version: 03/29/00",,,,
,,,,
,,,,
"Table 78. Personal crimes of violence, 1998:",,,,
,,,,
"Percent of victimizations in which injured",,,,
"victims had health insurance coverage or",,,,
"were eligible for public medical services,",,,,
"by selected characteristics of victims",,,,
,,,,
,,,"Percent of",
"Characteristic",,,"victimizations",
,,,,
,,,,
"Race",,,,
,"All races/a",,67.3,"%"
,"White",,70.7,
,"Black",,56.9,
,,,,
"Annual family income/b",,,,
,"Less than $7,500",,62.0,
,"$7,500-$14,999",,57.6,
,"$15,000-$24,999",,57.7,
,"$25,000-$34,999",,66.3,
,"$35,000-$49,999",,80.3,
,"$50,000-$74,999",,83.7,
,"$75,000 or more",,90.3,
,,,,
"Gender",,,,
,"Male",,71.7,
,"Female",,61.6,
,,,,
"Age",,,,
,"12-15",,64.5,
,"16-19",,65.0,
,"20-24",,68.0,
,"25-34",,64.3,
,"35-49",,66.6,
,"50-64",,79.6,
,"65 and over",,100.0,"*"
,,,,
"Note: Data includes only those victimizations",,,,
"in which the victim received medical attention.",,,,
"* Estimate is based on about 10 or fewer sample cases.",,,,
"a/Includes data on persons of ""Other"" races,",,,,
"not shown separately.",,,,
"b/Excludes data on persons whose family",,,,
"income level was not ascertained.",,,,
