Bureau of Justice Statistics,,,,,,,,,,,,,,,,,,,,,,,,,,
Filename: vit21at09.csv,,,,,,,,,,,,,,,,,,,,,,,,,,
"Appendix table 9. Estimates and standard errors for figure 3: Length of time that victims spent resolving financial or credit problems associated with identity theft, by type of theft, 2021",,,,,,,,,,,,,,,,,,,,,,,,,,
"Report title: Victims of Identity Theft, 2021   NCJ 306474",,,,,,,,,,,,,,,,,,,,,,,,,,
"Data source: Bureau of Justice Statistics, National Crime Victimization Survey, Identity Theft Supplement, 2021",,,,,,,,,,,,,,,,,,,,,,,,,,
"Authors: Erika Harrell, PhD, and Alexandra Thompson, BJS Statisticians",,,,,,,,,,,,,,,,,,,,,,,,,,
Refer questions to: askbjs@usdoj.gov 202-307-0765,,,,,,,,,,,,,,,,,,,,,,,,,,
Date of version: 10/12/2023,,,,,,,,,,,,,,,,,,,,,,,,,,
,,,,,,,,,,,,,,,,,,,,,,,,,,
"Appendix table 9. Estimates and standard errors for figure 3: Length of time that victims spent resolving financial or credit problems associated with identity theft, by type of theft, 2021",,,,,,,,,,,,,,,,,,,,,,,,,,
,,,Total identity theft,,,,,Misused only one type of existing account,,,,,Opened new account only,,,,,Other misuse of personal information/a,,,,,Multiple types of identity theft,,,
,,,Estimate,,Standard error,,,Estimate,,Standard error,,,Estimate,,Standard error,,,Estimate,,Standard error,,,Estimate,,Standard error,
Problems not resolved,,,8.6,%,0.4,%,,6.9,%,0.41,%,,16.4,%,2.73,%,,14.1,%,1.77,%,,13.1,%,1.21,%
Problems resolved,,,85.7,%,0.54,%,,89,%,0.55,%,,70.9,%,3.4,%,,71.2,%,2.35,%,,78.3,%,1.53,%
,Time to resolve,,,,,,,,,,,,,,,,,,,,,,,,,
,,1 day or less,55.8,,0.81,,,58.3,,0.89,,,47.9,,4.4,,,45.5,,3.02,,,46.8,,2.06,
,,2 to 7 days,18.6,,0.61,,,18.7,,0.68,,,15.6,,3.17,,,18.7,,2.34,,,18.2,,1.57,
,,8 days to less than 1 month,15,,0.55,,,14.1,,0.6,,,16.9,,3.28,,,16.2,,2.21,,,19.4,,1.61,
,,1 month to less than 3 months,7,,0.39,,,6,,0.4,,,11.7,,2.8,,,11.6,,1.91,,,10.1,,1.21,
,,3 months to less than 6 months,1.9,,0.2,,,1.4,,0.19,,,4.9, !,1.88,,,3.3,,1.06,,,3.3,,0.71,
,,6 months or more,1,,0.15,,,0.9,,0.15,,,0.8, !,0.77,,,2.3,,0.88,,,1.6,,0.5,
,,Time unknown,0.7,,0.12,,,0.6,,0.12,,,2.1, !,1.25,,,2.4,,0.9,,,0.5, !,0.28,
Resolution unknown,,,5.7,%,0.32,%,,4.1,%,0.31,%,,12.7,%,2.45,%,,14.7,%,1.8,%,,8.7,%,1,%
Note: Estimates are based on the most recent incident of identity theft that occurred in the past year.,,,,,,,,,,,,,,,,,,,,,,,,,,
"! Interpret with caution. Estimate is based on 10 or fewer sample cases, or coefficient of variation is greater than 50%.",,,,,,,,,,,,,,,,,,,,,,,,,,
"a/Includes misuse of personal information for fraudulent purposes other than opening a new account or the misuse of an existing account, such as filing a fraudulent income tax return, getting medical treatment, applying for a job, concealing the offender�s identity from police or another government authority (e.g., a Department of Motor Vehicles), applying for government benefits, or carrying out some other fraud.",,,,,,,,,,,,,,,,,,,,,,,,,,
"Source: Bureau of Justice Statistics, National Crime Victimization Survey, Identity Theft Supplement, 2021.",,,,,,,,,,,,,,,,,,,,,,,,,,
