Bureau of Justice Statistics,,,,,,,
Filename: vit21at18.csv,,,,,,,
"Appendix table 18. Standard errors for table 12: Actions that persons age 16 or older took in the past 12 months to reduce the risk of identity theft, 2021",,,,,,,
"Report title: Victims of Identity Theft, 2021   NCJ 306474",,,,,,,
"Data source: Bureau of Justice Statistics, National Crime Victimization Survey, Identity Theft Supplement, 2021",,,,,,,
"Authors: Erika Harrell, PhD, and Alexandra Thompson, BJS Statisticians",,,,,,,
Refer questions to: askbjs@usdoj.gov 202-307-0765,,,,,,,
Date of version: 10/12/2023,,,,,,,
,,,,,,,
"Appendix table 18. Standard errors for table 12: Actions that persons age 16 or older took in the past 12 months to reduce the risk of identity theft, 2021",,,,,,,
Type of action,,Total,,Nonvictims,,Victims,
Any action,,0.19,%,0.2,%,0.25,%
,Checked bank or credit statements,0.23,,0.25,,0.39,
,Shredded or destroyed documents with personal information,0.27,,0.28,,0.65,
,Checked credit reports,0.3,,0.31,,0.73,
,Changed passwords on financial accounts,0.3,,0.31,,0.7,
,Used identity theft security program on computer,0.25,,0.25,,0.73,
,Purchased identity theft insurance or credit-monitoring service,0.12,,0.12,,0.44,
,Purchased identity theft protection,0.16,,0.16,,0.53,
No action,,0.15,%,0.16,%,0.18,%
"Source: Bureau of Justice Statistics, National Crime Victimization Survey, Identity Theft Supplement, 2021.",,,,,,,
