Bureau of Justice Statistics,,,,,,
Filename: vit21at02.csv,,,,,,
"Appendix table 2. Standard errors for table 1: Victims of identity theft, by type of most recent incident of theft, 2021",,,,,,
"Report title: Victims of Identity Theft, 2021   NCJ 306474",,,,,,
"Data source: Bureau of Justice Statistics, National Crime Victimization Survey, Identity Theft Supplement, 2021",,,,,,
"Authors: Erika Harrell, PhD, and Alexandra Thompson, BJS Statisticians",,,,,,
Refer questions to: askbjs@usdoj.gov 202-307-0765,,,,,,
Date of version: 10/12/2023,,,,,,
,,,,,,
"Appendix table 2. Standard errors for table 1: Victims of identity theft, by type of most recent incident of theft, 2021",,,,,,
Type of identity theft,,Number of victims,Percent of all persons age 16 or older,,Percent of all victims,
,Total,"387,427",0.15,%,~    ,
Misused only one type of existing account,,"334,160",0.13,%,0.66,%
,Credit card,"202,136",0.08,,0.69,
,Bank,"175,771",0.07,,0.63,
,Email/social media,"142,201",0.05,,0.53,
,Other,"80,780",0.03,,0.32,
Opened new account only,,"58,976",0.02,%,0.24,%
Other misuse of personal information,,"89,143",0.03,%,0.36,%
Multiple types of identity theft,,"131,708",0.05,%,0.5,%
,Existing accounts only,"102,619",0.04,,0.4,
,Other,"76,315",0.03,,0.31,
~Not applicable.,,,,,,
"Source: Bureau of Justice Statistics, National Crime Victimization Survey, Identity Theft Supplement, 2021.",,,,,,
