Bureau of Justice Statistics,,
Filename: vit21at14.csv,,
"Appendix table 14. Standard errors for table 9: Victims of identity theft, by type of organization contacted about the theft, 2021",,
"Report title: Victims of Identity Theft, 2021   NCJ 306474",,
"Data source: Bureau of Justice Statistics, National Crime Victimization Survey, Identity Theft Supplement, 2021",,
"Authors: Erika Harrell, PhD, and Alexandra Thompson, BJS Statisticians",,
Refer questions to: askbjs@usdoj.gov 202-307-0765,,
Date of version: 10/12/2023,,
,,
"Appendix table 14. Standard errors for table 9: Victims of identity theft, by type of organization contacted about the theft, 2021",,
Type of organization contacted,Percent,
Credit card company or bank,0.72,%
Business associated with misuse,0.74,
Credit bureau,0.36,
Credit-monitoring services,0.33,
Document-issuing agency,0.23,
Consumer agency,0.21,
Federal Trade Commission,0.15,
Victim services agency,0.12,
Attorney,0.08,
Other,0.12,
Number of victims,"387,427",
"Source: Bureau of Justice Statistics, National Crime Victimization Survey, Identity Theft Supplement, 2021.",,
