Bureau of Justice Statistics,,,,,,
Filename: vit21at04.csv,,,,,,
"Appendix table 4. Standard errors for table 3: Ways that victims discovered identity theft, by type of theft, 2021",,,,,,
"Report title: Victims of Identity Theft, 2021   NCJ 306474",,,,,,
"Data source: Bureau of Justice Statistics, National Crime Victimization Survey, Identity Theft Supplement, 2021",,,,,,
"Authors: Erika Harrell, PhD, and Alexandra Thompson, BJS Statisticians",,,,,,
Refer questions to: askbjs@usdoj.gov 202-307-0765,,,,,,
Date of version: 10/12/2023,,,,,,
,,,,,,
"Appendix table 4. Standard errors for table 3: Ways that victims discovered identity theft, by type of theft, 2021",,,,,,
Ways victims discovered identity theft,Any identity theft,,Misused at least one existing account,,Other identity theft,
Contacted by financial institution about suspicious activity,0.64,%,0.69,%,0.85,%
Noticed fraudulent charges on account,0.58,,0.63,,0.49,
Notified by company or agency,0.45,,0.38,,2.14,
Noticed money missing from account,0.41,,0.45,,0.4,
Notified by family or friends,0.38,,0.41,,0.8,
Contacted financial institution to report a theft,0.34,,0.37,,0.36,
Received a bill or contacted about an unpaid bill,0.24,,0.24,,0.96,
"Credit card declined, check bounced, or account closed due to insufficient funds",0.19,,0.2,,0.24,
Discovered through credit report or credit monitoring service,0.17,,0.16,,0.89,
"Problems with applying for a loan, applying for government benefits, or filing income taxes",0.13,,0.09,,0.95,
Received merchandise or card that victim did not order or did not receive product the victim ordered,0.13,,0.1,,0.86,
Notified by police,0.08,,0.07,,0.55,
Another way,0.48,,0.49,,1.63,
Do not know,0.06,,0.07,,0.15,
Number of victims,"387,427",,"366,050",,"109,904",
"Source: Bureau of Justice Statistics, National Crime Victimization Survey, Identity Theft Supplement, 2021.",,,,,,
