Bureau of Justice Statistics,,,,,,
Filename: vit21at10.csv,,,,,,
"Appendix table 10. Standard errors for table 7: Number of hours that victims spent resolving financial or credit problems associated with identity theft, 2021",,,,,,
"Report title: Victims of Identity Theft, 2021   NCJ 306474",,,,,,
"Data source: Bureau of Justice Statistics, National Crime Victimization Survey, Identity Theft Supplement, 2021",,,,,,
"Authors: Erika Harrell, PhD, and Alexandra Thompson, BJS Statisticians",,,,,,
Refer questions to: askbjs@usdoj.gov 202-307-0765,,,,,,
Date of version: 10/12/2023,,,,,,
,,,,,,
"Appendix table 10. Standard errors for table 7: Number of hours that victims spent resolving financial or credit problems associated with identity theft, 2021",,,,,,
,,Problems resolved,,,Problems not resolved,
Type of identity theft,,Mean,,,Mean,
,Total,0.17, hrs.,,0.59, hrs.
Misused only one type of existing account,,0.2, hrs.,,0.75, hrs.
,Credit card,0.14,,,0.92,
,Bank,0.5,,,2.34,
,Email/social media,0.51,,,0.77,
,Other,0.34,,,1.76,
Opened new account only,,0.92, hrs.,,3.77, hrs.
Other misuse of personal information,,0.69, hrs.,,1.88, hrs.
Multiple types of identity theft,,0.53, hrs.,,1.79, hrs.
,Existing accounts only,0.57,,,2.42,
,Other,1.08,,,2.74,
Note: Standard errors were calculated using direct estimation.,,,,,,
"Source: Bureau of Justice Statistics, National Crime Victimization Survey, Identity Theft Supplement, 2021.",,,,,,
