"Bureau of Justice Statistics",,,,,,,,,
"filename:'CFJ941_5.csv",,,,,,,,,
"Compendium of Federal Justice Statistics, 1994",,,,,,,,,
"table # 1.5",,,,,,,,,
"contents:  Federal case processing data",,,,,,,,,
"data source: Federal Justice Statistics database maintained by the Urban Institute",,,,,,,,,
"refer questions to: scalia@ojp.usdoj.gov (202) 616-3276",,,,,,,,,
"coordinator: John Scalia and Steve Smith (202) 616-3485",,,,,,,,,
"date of version 2/20/98",,,,,,,,,
,,,,,,,,,
"Table 1.5.  Mean and median processing times from receipt to filing or declination, by offense, 1993",,,,,,,,,
,,,,,,,,,
,,"Number of months from receipt of matter to decision",,,,,,,
,,,"Disposed by U.S. magistrate",,,,"Concluded by U.S. attorney",,
,,,,,,,,"Prosecuted",
"Most serious offense",,"All",," ","Not",,,"in U.S.",
"investigated",,"suspects","Total","Convicted","convicted",,"Total","district court","Declined"
,,,,,,,,,
"Mean number of months",,,,,,,,,
," All offenses/a",10.0,6.8,1.8,11.2,,10.3,5.7,16.9
"Violent offenses",,6.1,6.7,2.8,8.0,,6.1,2.6,12.1
"Property offenses",,13.5,8.9,3.2,14.7,,13.8,8.9,18.4
,"Fraudulent offenses\b",14.0,9.0,3.1,15.4,,14.3,9.4,18.6
,"Other offenses\c",9.9,8.5,4.1,11.2,,10.0,5.6,15.8
"Drug offenses",,7.0,6.0,1.8,9.1,,7.0,3.9,16.0
"Public-order offenses",,9.6,6.5,1.4,11.2,,10.4,5.5,16.3
,"Regulatory offenses      ",13.4,12.5,8.0,15.0,,13.5,7.7,15.5
,"Other offenses",8.8,6.2,1.2,11.0,,9.6,5.2,16.7
,,,,,,,,,
"Median number of months",,,,,,,,,
,"   All offenses\a",3.3,1.0,0.1,2.4,,3.9,0.9,12.7
"Violent offenses",,1.4,1.8,1.9,1.7,,1.3,0.7,8.3
"Property offenses",,8.2,1.9,1.0,4.4,,8.7,3.3,14.5
,"Fraudulent offenses\b",8.8,1.9,0.9,5.2,,9.3,3.7,14.7
,"Other offenses",4.5,1.9,1.7,1.9,,4.8,1.4,12.6
"Drug offenses",,1.0,0.9,0.9,1.0,,1.0,0.7,12.5
"Public-order offenses",,2.7,0.9,"--",2.7,,3.8,0.9,11.2
,"Regulatory offenses",8.5,5.1,5.0,5.1,,8.7,2.2,11.1
,"Other offenses",1.9,0.8,"--",2.7,,2.7,0.9,11.2
,,,,,,,,,
"Number of suspects\d",,92612,9467,4435,5032,,83145,48967,34178
"With unknown or indeter-",,,,,,,,,
,"minable offense\e",588,50,24,26,,538,244,294
"With unknown or indeter-",,,,,,,,,
,"minable processing times\f",2368,287,186,101,,2081,1835,246
"(SEE PRINTED REPORT FOR FOOTNOTES)",,,,,,,,,
