"Bureau of Justice Statistics",,,,,,,,
"filename:'CFJ941_6.csv",,,,,,,,
"Compendium of Federal Justice Statistics, 1994",,,,,,,,
"table # 1.6",,,,,,,,
"contents:  Federal case processing data",,,,,,,,
"refer questions to: scalia@ojp.usdoj.gov (202) 616-3276",,,,,,,,
"coordinator: John Scalia and Steve Smith (202) 616-3485",,,,,,,,
"date of version 2/20/98",,,,,,,,
,,,,,,,,
"Table 1.6.",,," Appellants in appeals filed by U.S.  attorneys, by nature of the offense underlying",,,,,
,,," the appeal, 1994",,,,,
,,,,,,,,
,,,,"Appeals filed",,,"Appeals concluded",
"Nature of underlying offense",,,,"Number","Percent",,"Number ","Percent"
,," All offenses\b",,9459,100.0,,9547,100.0
"Violent offenses",,,,704,7.5,,725,7.6
,"Murder/manslaughter\c",,,44,0.5,,58,0.6
,"Assault",,,82,0.9,,78,0.8
,"Robbery",,,487,5.2,,483,5.1
,"Rape",,,31,0.3,,38,0.4
,"Other sex offenses\c",,,26,0.3,,20,0.2
,"Kidnaping",,,28,0.3,,41,0.4
,"Threats against the President",,,6,0.1,,7,0.1
"Property offenses",,,,1805,19.2,,1738,18.3
,"Fraudulent",,,1473,15.7,,1484,15.6
,,"Embezzlement",,124,1.3,,141,1.5
,,"Fraud\c",,1274,13.5,,1247,13.1
,,"Forgery",,62,0.7,,83,0.9
,,"Counterfeiting",,13,0.1,,13,0.1
,"Other",,,332,3.5,,254,2.7
,,"Burglary",,6,0.1,,5,0.1
,,"Larceny\c",,96,1.0,,71,0.7
,,"Motor vehicle theft",,111,1.2,,54,0.6
,,"Arson and explosives",,95,1.0,,103,1.1
,,"Transportation of stolen property",,11,0.1,,8,0.1
,,"Other property offenses\c",,13,0.1,,13,0.1
"Drug offenses",,,,4625,49.2,,4840,50.9
"Public-order offenses",,,,2269,24.1,,2199,23.1
,"Regulatory",,,142,1.5,,146,1.5
,,"Agriculture",,13,0.1,,13,0.1
,,"Antitrust",,1,"--",,4,"--"
,,"Food and drug",,18,0.2,,14,0.1
,,"Transportation",,17,0.2,,16,0.2
,,"Civil rights",,17,0.2,,21,0.2
,,"Communications",,8,0.1,,7,0.1
,,"Custom laws",,13,0.1,,11,0.1
,,"Postal laws",,1,"--",,3,"--"
,,"Other regulatory offenses",,54,0.6,,57,0.6
,"Other",,,2127,22.6,,2053,21.6
,,"Weapons",,1042,11.1,,1089,11.5
,,"Immigration offenses",,210,2.2,,182,1.9
,,"Tax law violations\c",,146,1.6,,143,1.5
,,"Bribery",,36,0.4,,24,0.3
,,"Perjury, contempt and intimidation",,72,0.8,,69,0.7
,,"National defense",,20,0.2,,14,0.1
,,"Escape",,93,1.0,,90,0.9
,,"Racketeering and extortion",,377,4.0,,327,3.4
,,"Gambling",,10,0.1,,20,0.2
,,"Liquor offenses",,"...","--",,1,"--"
,,"Obscene material\c",,3,"--",,5,0.1
,,"Migratory birds",,4,"--",,4,"--"
,,"Conspiracy, aiding and abetting,",,,,,,
,,"   traffic, and jurisdictional",,101,1.1,,70,0.7
,,"All other offenses",,13,0.1,,15,0.2
"Missing offense",,,,56,,,45,
"--Less than .05%",,,,,,,,
"(SEE PRINTED REPORT FOR FOOTNOTES)",,,,,,,,
