Bureau of Justice Statistics,,,
Filename: htirle22stf02.csv,,,
"Figure 2. Number of human trafficking incidents and victimizations, 2022",,,
"Report title: Human Trafficking Incidents Reported by Law Enforcement, 2022 � Statistical Tables   NCJ 309499",,,
"Data Source: Bureau of Justice Statistics and Federal Bureau of Investigation, National Incident-Based Reporting System Estimation Program, 2022",,,
"Authors: Lizabeth Remrey, PhD, and Andrea Gardner, BJS Statisticians",,,
Refer questions to: askbjs@usdoj.gov 202-307-0765,,,
Date of version: 12/30/24,,,
,,,
"Figure 2. Number of human trafficking incidents and victimizations, 2022",,,
,Sex trafficking,,Labor trafficking
,Number,,Number
Incidents,"2,400",,560
Victimizations,"2,770",,800
Note: Counts were rounded to the nearest 10. See appendix table 2 for estimates and confidence intervals.,,,
"Source: Bureau of Justice Statistics and Federal Bureau of Investigation, National Incident-Based Reporting System Estimation Program, 2022.",,,
