"Bureau of Justice Statistics",,,,,,,,,,,,,,,,,,,,
"filename:  ncrp9811.csv",,,,,,,,,,,,,,,,,,,,
"data source:  National Corrections Reporting Program, 1998",,,,,,,,,,,,,,,,,,,,
"refer questions to:  askbjs@ojp.usdoj.gov 202-307-0765",,,,,,,,,,,,,,,,,,,,
"contact:  Timothy Hughes",,,,,,,,,,,,,,,,,,,,
"date of version 10/23/00",,,,,,,,,,,,,,,,,,,,
,,,,,,,,,,,,,,,,,,,,
"NCRP9811 -  First releases from State prison, 1998:  Sentence length and ",,,,,,,,,,,,,,,,,,,,
"time served in prison, by offense and race",,,,,,,,,,,,,,,,,,,,
,,,,,,,,,,,,,,,,,,,,
,"First releases from State prison",,,,,,,,,,,,,,,,,,,
,,,,,,,,,,,,,,,,,,,,
,,,,"White",," ",,,,,,,,,"Black",," ",,,
"Most serious","Maximum sentence length\a",,,,,"Time served in prison",,,,,,"Maximum sentence length\a",,,,,"Time served in prison",,,
"offense","Median\b",,"    Mean\c",,,"Median",,"  Mean",,,,"Median\b",,"    Mean\c",,,"Median",,"    Mean",
,,,,,,,,,,,,,,,,,,,,
"         All offenses",36,"mos.",59,"mos.",,16,"mos.",25,"mos.",,,48,"mos.",71,"mos.",,19,"mos.",30,"mos."
,,,,,,,,,,,,,,,,,,,,
"Violent offenses",60,"mos.",80,"mos.",,27,"mos.",40,"mos.",,,60,"mos.",95,"mos.",,33,"mos.",46,"mos."
"   Homicide",120,,132,,,51,,67,,,,144,,163,,,64,,79,
"      Murder/nonnegligent manslaughter",180,,184,,,80,,94,,,,180,,203,,,85,,99,
"         Murder",240,,210,,,92,,104,,,,240,,220,,,91,,106,
"         Nonnegligent manslaughter",132,,127,,,64,,68,,,,132,,151,,,69,,76,
"      Negligent manslaughter",72,,90,,,35,,43,,,,96,,111,,,43,,50,
"      Unspecified homicide",48,,85,,,20,,34,,,,84,,108,,,28,,39,
"   Kidnaping",60,,96,,,32,,49,,,,72,,105,,,37,,53,
"   Rape",86,,112,,,50,,62,,,,96,,130,,,56,,76,
"   Other sexual assault",60,,78,,,32,,42,,,,60,,80,,,31,,43,
"   Robbery",60,,91,,,29,,42,,,,72,,104,,,37,,48,
"   Assault",36,,56,,,18,,27,,,,48,,67,,,24,,33,
"   Other violent",36,,44,,,15,,20,,,,36,,53,,,17,,24,
,,,,,,,,,,,,,,,,,,,,
"Property offenses",36,"mos.",58,"mos.",,14,"mos.",23,"mos.",,,36,"mos.",63,"mos.",,16,"mos.",27,"mos."
"   Burglary",48,,71,,,18,,28,,,,60,,80,,,22,,34,
"   Larceny/theft",36,,48,,,12,,20,,,,36,,50,,,13,,22,
"   Motor vehicle theft",30,,41,,,12,,19,,,,37,,57,,,15,,25,
"   Arson",60,,82,,,23,,33,,,,60,,84,,,23,,35,
"   Fraud",36,,52,,,12,,19,,,,36,,53,,,12,,21,
"   Stolen property",25,,39,,,12,,17,,,,36,,48,,,14,,21,
"   Other property",36,,44,,,10,,16,,,,36,,46,,,11,,18,
,,,,,,,,,,,,,,,,,,,,
"Drug offenses",36,"mos.",50,"mos.",,13,"mos.",19,"mos.",,,48,"mos.",66,"mos.",,16,"mos.",24,"mos."
"   Possession",32,,46,,,10,,16,,,,37,,58,,,13,,21,
"   Trafficking",36,,55,,,16,,21,,,,60,,75,,,18,,25,
"   Other/unspecified drug",24,,45,,,11,,17,,,,36,,50,,,15,,21,
,,,,,,,,,,,,,,,,,,,,
"Public-order offenses",32,"mos.",40,"mos.",,12,"mos.",17,"mos.",,,36,"mos.",44,"mos.",,14,"mos.",20,"mos."
"   Weapons",30,,37,,,12,,17,,,,36,,44,,,14,,20,
"   Driving while intoxicated",36,,40,,,12,,15,,,,24,,33,,,9,,12,
"   Other public-order",30,,42,,,13,,20,,,,36,,47,,,15,,23,
,,,,,,,,,,,,,,,,,,,,
"Other offenses",36,"mos.",58,"mos.",,15,"mos.",23,"mos.",,,48,"mos.",62,"mos.",,18,"mos.",25,"mos."
,,,,,,,,,,,,,,,,,,,,
"         Number of releases",,,102821,,,,,102821,,,,,,108588,,,,,108588,
,,,,,,,,,,,,,,,,,,,,
"Note: Data are on all first releases with a total",,,,,,,,,,,,,,,,,,,,
"sentence of more than a year for whom the most serious",,,,,,,,,,,,,,,,,,,,
"offense, maximum sentence length, time served in prison,",,,,,,,,,,,,,,,,,,,,
"and race were reported. ",,,,,,,,,,,,,,,,,,,,
"a\Sentence length refers to the maximum",,,,,,,,,,,,,,,,,,,,
"sentence that an offender may be required",,,,,,,,,,,,,,,,,,,,
"to serve for the most serious offense.",,,,,,,,,,,,,,,,,,,,
"b\Includes sentences of life without parole, ",,,,,,,,,,,,,,,,,,,,
"life plus additional years, life, and death.",,,,,,,,,,,,,,,,,,,,
"c\Excludes sentences of life without parole,",,,,,,,,,,,,,,,,,,,,
"life plus additional years, life, and death.",,,,,,,,,,,,,,,,,,,,
