Bureau of Justice Statistics,,,,,,,,,,,,,,,,,,,,
Filename: cp12stt04.csv,,,,,,,,,,,,,,,,,,,,
"Table 4. Prisoners under sentence of death, by region, jurisdiction, and race, 2011 and 2012",,,,,,,,,,,,,,,,,,,,
"Report title: Capital Punishment, 2012 - Statistical Tables NCJ 245789",,,,,,,,,,,,,,,,,,,,
Data source: National Prisoner Statistics (NPS-8),,,,,,,,,,,,,,,,,,,,
Authors: Tracy L. Snell,,,,,,,,,,,,,,,,,,,,
Refer questions to: askbjs@usdoj.gov (202) 307-0765,,,,,,,,,,,,,,,,,,,,
Date of version: 5/5/14,,,,,,,,,,,,,,,,,,,,
 ,,,,,,,,,,,,,,,,,,,,
"Table 4. Prisoners under sentence of death, by region, jurisdiction, and race, 2011 and 2012",,,,,,,,,,,,,,,,,,,,
,,,,,,,,,,,,,,,,,,,,
,,,,,,,,,,,,,,,,,,,,
,,Prisoners under sentence ,,,,Received under ,,,,,,,,,,,,Prisoners under sentence ,,
,,"of death, 12/31/11",,,,"sentence of death, 2012  ",,,,"Removed from death row (excluding executions), 2012/a ",,,,"Executed, 2012  ",,,,"of death, 12/31/12",,
Region and jurisdiction,,Total/b,"White/c,d",Blackc,,Total/b,White/c,Black/c,,Tota/lb,White/c,Black/c,,Tota/lb,White/c,Black/c,,Total/b,White/c,Black/c
U.S. total,,"3,065","1,721","1,274",,79,38,40,,68,34,32,,43,32,11,,"3,033","1,693","1,271"
,Federal/e,56,28,27,,1,0,1,,1,1,0,,0,0,0,,56,27,28
,State,"3,009","1,693","1,247",,78,38,39,,67,33,32,,43,32,11,,"2,977","1,666","1,243"
Northeast,,209,86,120,,7,4,3,,5,3,2,,0,0,0,,211,87,121
,Connecticut,10,4,6,,1,1,0,,1,1,0,,0,0,0,,10,4,6
,New Hampshire,1,0,1,,0,0,0,,0,0,0,,0,0,0,,1,0,1
,New York,0,0,0,,0,0,0,,0,0,0,,0,0,0,,0,0,0
,Pennsylvania/d,198,82,113,,6,3,3,,4,2,2,,0,0,0,,200,83,114
Midwest,,225,122,99,,7,3,4,,6,3,3,,5,5,0,,221,117,100
,Indiana,12,9,3,,0,0,0,,0,0,0,,0,0,0,,12,9,3
,Kansas,9,6,3,,0,0,0,,0,0,0,,0,0,0,,9,6,3
,Missouri,46,26,20,,1,1,0,,0,0,0,,0,0,0,,47,27,20
,Nebraska,11,7,2,,0,0,0,,0,0,0,,0,0,0,,11,7,2
,Ohio,143,70,71,,5,1,4,,6,3,3,,3,3,0,,139,65,72
,South Dakota,4,4,0,,1,1,0,,0,0,0,,2,2,0,,3,3,0
South,,"1,587",854,711,,45,22,23,,45,19,24,,31,20,11,,"1,556",837,699
,Alabama,195,99,95,,5,2,3,,9,3,6,,0,0,0,,191,98,92
,Arkansas,38,14,24,,1,1,0,,1,0,1,,0,0,0,,38,15,23
,Delaware,18,7,11,,2,0,2,,2,0,2,,1,0,1,,17,7,10
,Florida/d,393,248,144,,20,13,7,,7,5,2,,3,3,0,,403,253,149
,Georgia,95,49,46,,2,1,1,,2,0,2,,0,0,0,,95,50,45
,Kentucky,34,29,5,,0,0,0,,0,0,0,,0,0,0,,34,29,5
,Louisiana,87,30,56,,2,0,2,,4,2,2,,0,0,0,,85,28,56
,Maryland,5,1,4,,0,0,0,,0,0,0,,0,0,0,,5,1,4
,Mississippi,56,24,31,,2,2,0,,3,2,1,,6,4,2,,49,20,28
,North Carolina,158,67,83,,0,0,0,,6,1,4,,0,0,0,,152,66,79
,Oklahoma,63,33,26,,1,1,0,,3,1,1,,6,5,1,,55,28,24
,South Carolina,52,22,30,,0,0,0,,2,1,1,,0,0,0,,50,21,29
,Tennessee,86,49,35,,1,0,1,,4,3,1,,0,0,0,,83,46,35
,Texas,298,177,117,,9,2,7,,2,1,1,,15,8,7,,290,170,116
,Virginia,9,5,4,,0,0,0,,0,0,0,,0,0,0,,9,5,4
West,,988,631,317,,19,9,9,,11,8,3,,7,7,0,,989,625,323
,Arizonad,130,108,17,,4,4,0,,3,3,0,,6,6,0,,125,103,17
,"California/d,f",706,418,257,,13,5,7,,7,4,3,,0,0,0,,712,419,261
,Colorado,3,0,3,,0,0,0,,0,0,0,,0,0,0,,3,0,3
,Idaho,13,13,0,,0,0,0,,0,0,0,,1,1,0,,12,12,0
,Montana,2,2,0,,0,0,0,,0,0,0,,0,0,0,,2,2,0
,Nevada,80,47,32,,1,0,1,,0,0,0,,0,0,0,,81,47,33
,New Mexico,2,2,0,,0,0,0,,0,0,0,,0,0,0,,2,2,0
,Oregon,35,29,4,,0,0,0,,0,0,0,,0,0,0,,35,29,4
,Utah,8,6,1,,0,0,0,,0,0,0,,0,0,0,,8,6,1
,Washington,8,5,3,,1,0,1,,1,1,0,,0,0,0,,8,4,4
,Wyoming,1,1,0,,0,0,0,,0,0,0,,0,0,0,,1,1,0
"Note: Some figures shown for yearend 2011 are revised from those reported in Capital Punishment, 2011 - Statistical Tables, BJS web, NCJ 242185. The revised figures include 3 inmates who were either reported late to the National Prisoner Statistics program or were not in custody of state correctional authorities on December 31, 2011 (1 each in Pennsylvania, Ohio, and Nevada) and exclude 21 inmates who were relieved of a death sentence before December 31, 2011, 10 in Pennsylvania; 3 in Texas; 2 in Nevada; and 1 each in Alabama, Arkansas, Georgia, Mississippi, Tennessee, and Nevada). ",,,,,,,,,,,,,,,,,,,,
"a/Includes 15 deaths from natural causes (2 each in Ohio, Florida, Oklahoma, Texas, and California; and 1 each in Pennsylvania, Georgia, North Carolina, Tennessee, and Arizona) and 2 deaths from suicide (in California). ",,,,,,,,,,,,,,,,,,,,
"b/Includes American Indians and Alaska Natives, Asians, Native Hawaiians, and other Pacific Islanders, and Hispanic inmates for whom no other race was identified.",,,,,,,,,,,,,,,,,,,,
"c/Counts of white and black inmates include persons of Hispanic or Latino origin, which may differ from other tables in this report.",,,,,,,,,,,,,,,,,,,,
d/The race reported for 18 inmates has been revised from Hispanic to white (7 in Arizona; 5 each in Pennsylvania and California; and 1 in Florida). The Hispanic or Latino origin reported for these inmates remains unchanged.,,,,,,,,,,,,,,,,,,,,
e/Excludes persons held under Armed Forces jurisdiction with a military death sentence for murder.,,,,,,,,,,,,,,,,,,,,
f/One inmate whose death sentence in Oregon was vacated in 2011 is now being reported in California where he is under a separate sentence of death.,,,,,,,,,,,,,,,,,,,,
"Source: Bureau of Justice Statistics, National Prisoner Statistics Program (NPS-8), 2012.",,,,,,,,,,,,,,,,,,,,
