Bureau of Justice Statistics,,,,,,
Filename: cp12stt07.csv,,,,,,
"Table 7. Hispanics under sentence of death, by region and jurisdiction, 2011 and 2012",,,,,,
"Report title: Capital Punishment, 2012 - Statistical Tables NCJ 245789",,,,,,
Data source: National Prisoner Statistics (NPS-8),,,,,,
Authors: Tracy L. Snell,,,,,,
Refer questions to: askbjs@usdoj.gov (202) 307-0765,,,,,,
Date of version: 5/5/14,,,,,,
 ,,,,,,
"Table 7. Hispanics under sentence of death, by region and jurisdiction, 2011 and 2012",,,,,,
,,,,,,
,,Under sentence,Received under ,,,
Region and jurisdiction,,"of death, 12/31/11","sentence  of death, 2012","Removed from death row (excluding executions), 2012 ","Executed, 2012","Under sentence of death, 12/31/12"
U.S. total,,388,7,4,7,384
,Federal,8,0,0,0,8
,State,380,7,4,7,376
Northeast,,20,0,1,0,19
,Connecticut,1,0,1,0,0
,Pennsylvania,19,0,0,0,19
Midwest,,9,0,0,0,9
,Nebraska,5,0,0,0,5
,Ohio,4,0,0,0,4
South,,140,3,1,6,136
,Alabama,2,0,0,0,2
,Delaware,3,0,0,0,3
,Florida,33,1,0,1,33
,Georgia,2,1,0,0,3
,Louisiana,2,0,0,0,2
,North Carolina,4,0,0,0,4
,Oklahoma,2,0,0,1,1
,South Carolina,1,0,0,0,1
,Tennessee,1,0,0,0,1
,Texas,90,1,1,4,86
West,,211,4,2,1,212
,Arizona,27,0,1,1,25
,California,168,4,1,0,171
,Idaho,1,0,0,0,1
,Nevada,8,0,0,0,8
,New Mexico,1,0,0,0,1
,Oregon,3,0,0,0,3
,Utah,3,0,0,0,3
"Note: The counts of Hispanics under sentence of death at yearend 2011 has been revised from those reported in Capital Punishment, 2011 - Statistical Tables, BJS web, NCJ 242185.",,,,,,
"Source: Bureau of Justice Statistics, National Prisoner Statistics Program (NPS-8), 2012.",,,,,,
