Bureau of Justice Statistics,,,,,,
Filename: cp12stt02.csv,,,,,,
"Table 2. Method of execution, by state, 2012",,,,,,
"Report title: Capital Punishment, 2012 - Statistical Tables NCJ 245789",,,,,,
Data source: National Prisoner Statistics (NPS-8),,,,,,
Authors: Tracy L. Snell,,,,,,
Refer questions to: askbjs@usdoj.gov (202) 307-0765,,,,,,
Date of version: 5/5/14,,,,,,
 ,,,,,,
"Table 2. Method of execution, by state, 2012",,,,,,
Jurisdiction,,Lethal injection,Electrocution,Lethal gas,Hanging,Firing squad
,Total,36,8,3,3,2
Alabama,,X,X,,,
Arizona/a,,X,,X,,
Arkansas/b,,X,X,,,
California,,X,,,,
Colorado,,X,,,,
Connecticut/c,,X,,,,
Delaware/d,,X,,,X,
Florida,,X,X,,,
Georgia,,X,,,,
Idaho,,X,,,,
Indiana,,X,,,,
Kansas,,X,,,,
Kentucky/e,,X,X,,,
Louisiana,,X,,,,
Maryland,,X,,,,
Mississippi,,X,,,,
Missouri,,X,,X,,
Montana,,X,,,,
Nebraska,,X,,,,
Nevada,,X,,,,
New Hampshire/f,,X,,,X,
New Mexico/g,,X,,,,
New York,,X,,,,
North Carolina,,X,,,,
Ohio,,X,,,,
Oklahoma/h,,X,X,,,X
Oregon,,X,,,,
Pennsylvania,,X,,,,
South Carolina,,X,X,,,
South Dakota,,X,,,,
Tennessee/i,,X,X,,,
Texas,,X,,,,
Utah/j,,X,,,,X
Virginia,,X,X,,,
Washington,,X,,,X,
Wyoming/k,,X,,X,,
"Note: The method of execution of federal prisoners is lethal injection, pursuant to 28 CFR, Part 26. For offenses prosecuted under the Violent Crime Control and Law Enforcement Act of 1994, the execution method is that of the state in which the conviction took place (18 U.S.C. 3596).",,,,,,
"a/Authorizes lethal injection for persons sentenced after November 15, 1992; inmates sentenced before that date may select lethal injection or gas.",,,,,,
"b/Authorizes lethal injection for those whose offense occurred on or after July 4, 1983; inmates whose offense occurred before that date may select lethal injection or electrocution.",,,,,,
"c/Authorizes lethal injection for inmates whose capital offense occurred prior to April 25, 2012.",,,,,,
d/Authorizes hanging if lethal injection is held to be unconstitutional by a court of competent jurisdiction.,,,,,,
"e/Authorizes lethal injection for persons sentenced on or after March 31, 1998; inmates sentenced before that date may select lethal injection or electrocution.",,,,,,
f/Authorizes hanging only if lethal injection cannot be given.,,,,,,
"g/Authorizes lethal injection for those whose capital offense occurred prior to July 1, 2009.",,,,,,
"h/Authorizes electrocution if lethal injection is held to be unconstitutional, and firing squad if both lethal injection and electrocution are held to be unconstitutional.",,,,,,
"i/Authorizes lethal injection for those whose capital offense occurred after December 31, 1998; inmates whose offense occurred before that date may select electrocution by written waiver.",,,,,,
"j/Authorizes firing squad if lethal injection is held unconstitutional. Inmates who selected execution by firing squad prior to May 3, 2004, may still be entitled to execution by that method.",,,,,,
k/Authorizes lethal gas if lethal injection is held to be unconstitutional.,,,,,,
"Source: Bureau of Justice Statistics, National Prisoner Statistics Program (NPS-8), 2012.",,,,,,
