Bureau of Justice Statistics,,,,,,,
Filename: cp12stt09.csv,,,,,,,
"Table 9. Inmates removed from under sentence of death, by method of removal, 2012",,,,,,,
"Report title: Capital Punishment, 2012 - Statistical Tables NCJ 245789",,,,,,,
Data source: National Prisoner Statistics (NPS-8),,,,,,,
Authors: Tracy L. Snell,,,,,,,
Refer questions to: askbjs@usdoj.gov (202) 307-0765,,,,,,,
Date of version: 5/5/14,,,,,,,
 ,,,,,,,
"Table 9. Inmates removed from under sentence of death, by method of removal, 2012",,,,,,,
Region and jurisdiction,,,,,Appeals or higher courts overturned,,
,,Total,Execution,Other death,Conviction,Sentence,Sentence commuted
U.S. total,,111,43,17,11,36,4
,Federal,1,0,0,0,1,0
,State,110,43,17,11,35,4
Northeast,,5,0,1,0,4,0
,Connecticut,1,0,0,0,1,0
,Pennsylvania,4,0,1,0,3,0
Midwest,,11,5,2,1,1,2
,Ohio,9,3,2,1,1,2
,South Dakota,2,2,0,0,0,0
South,,76,31,9,9,25,2
,Alabama,9,0,0,4,5,0
,Arkansas,1,0,0,1,0,0
,Delaware,3,1,0,1,0,1
,Florida,10,3,2,0,5,0
,Georgia,2,0,1,0,0,1
,Louisiana,4,0,0,2,2,0
,Mississippi,9,6,0,0,3,0
,North Carolina,6,0,1,0,5,0
,Oklahoma,9,6,2,0,1,0
,South Carolina,2,0,0,0,2,0
,Tennessee,4,0,1,1,2,0
,Texas,17,15,2,0,0,0
West,,18,7,5,1,5,0
,Arizona,9,6,1,0,2,0
,California,7,0,4,0,3,0
,Idaho,1,1,0,0,0,0
,Washington,1,0,0,1,0,0
"Source: Bureau of Justice Statistics, National Prisoner Statistics Program (NPS-8), 2012.",,,,,,,
