Bureau of Justice Statistics,,,,,,,
Filename: cp12stt13.csv,,,,,,,
"Table 13. Executions, by jurisdiction and method, 1977�2012",,,,,,,
"Report title: Capital Punishment, 2012 - Statistical Tables NCJ 245789",,,,,,,
Data source: National Prisoner Statistics (NPS-8),,,,,,,
Authors: Tracy L. Snell,,,,,,,
Refer questions to: askbjs@usdoj.gov (202) 307-0765,,,,,,,
Date of version: 5/5/14,,,,,,,
 ,,,,,,,
"Table 13. Executions, by jurisdiction and method, 1977�2012",,,,,,,
Jurisdiction,,Number executed,Lethal injection,Electrocution,Lethal gas,Hanging,Firing squad
,U.S. total,"1,320","1,146",157,11,3,3
Federal,,3,3,0,0,0,0
Alabama,,55,31,24,0,0,0
Arizona,,34,32,0,2,0,0
Arkansas,,27,26,1,0,0,0
California,,13,11,0,2,0,0
Colorado,,1,1,0,0,0,0
Connecticut,,1,1,0,0,0,0
Delaware,,16,15,0,0,1,0
Florida,,74,30,44,0,0,0
Georgia,,52,29,23,0,0,0
Idaho,,3,3,0,0,0,0
Illinois,,12,12,0,0,0,0
Indiana,,20,17,3,0,0,0
Kentucky,,3,2,1,0,0,0
Louisiana,,28,8,20,0,0,0
Maryland,,5,5,0,0,0,0
Mississippi,,21,17,0,4,0,0
Missouri,,68,68,0,0,0,0
Montana,,3,3,0,0,0,0
Nebraska,,3,0,3,0,0,0
Nevada,,12,11,0,1,0,0
New Mexico,,1,1,0,0,0,0
North Carolina,,43,41,0,2,0,0
Ohio,,49,49,0,0,0,0
Oklahoma,,102,102,0,0,0,0
Oregon,,2,2,0,0,0,0
Pennsylvania,,3,3,0,0,0,0
South Carolina,,43,36,7,0,0,0
South Dakota,,3,3,0,0,0,0
Tennessee,,6,5,1,0,0,0
Texas,,492,492,0,0,0,0
Utah,,7,4,0,0,0,3
Virginia,,109,79,30,0,0,0
Washington,,5,3,0,0,2,0
Wyoming,,1,1,0,0,0,0
"Note: In 1972, the U.S. Supreme Court invalidated capital punishment statutes in several states (Furman v. Georgia, 408 U.S. 238 (1972)), effecting a moratorium on executions. Executions resumed in 1977 when the Supreme Court found that revisions to several state statutes had effectively addressed the issues previously held unconstitutional (Gregg v. Georgia, 428 U.S. 153 (1976) and its companion cases).",,,,,,,
"Source: Bureau of Justice Statistics, National Prisoner Statistics Program (NPS-8), 2012.",,,,,,,
