Bureau of Justice Statistics,,,,
Filename: cp12stt10.csv,,,,
"Table 10. Average time between sentencing and execution, 1977�2012",,,,
"Report title: Capital Punishment, 2012 - Statistical Tables NCJ 245789",,,,
Data source: National Prisoner Statistics (NPS-8),,,,
Authors: Tracy L. Snell,,,,
Refer questions to: askbjs@usdoj.gov (202) 307-0765,,,,
Date of version: 5/5/14,,,,
 ,,,,
"Table 10. Average time between sentencing and execution, 1977�2012",,,,
,,,Average elapsed time from sentence ,
,Number of inmates executed,,to execution for all inmates,
Year,Total,"1,320",136, mo.
1977,,1,:,
1979,,2,:,
1981,,1,:,
1982,,2,:,
1983,,5,:,
1984,,21,74,
1985,,18,71,
1986,,18,87,
1987,,25,86,
1988,,11,80,
1989,,16,95,
1990,,23,95,
1991,,14,116,
1992,,31,114,
1993,,38,113,
1994,,31,122,
1995,,56,134,
1996,,45,125,
1997,,74,133,
1998,,68,130,
1999,,98,143,
2000,,85,137,
2001,,66,142,
2002,,71,127,
2003,,65,131,
2004,,59,132,
2005,,60,147,
2006,,53,145,
2007,,42,153,
2008,,37,139,
2009,,52,169,
2010,,46,178,
2011,,43,198,
2012,,43,190,
"Note: In 1972, the U.S. Supreme Court invalidated capital punishment statutes in several states (Furman v. Georgia, 408 U.S. 238 (1972)), effecting a moratorium on executions. Executions resumed in 1977 when the Supreme Court found that revisions to several state statutes had effectively addressed the issues previously held unconstitutional (Gregg v. Georgia, 428 U.S. 153 (1976) and its companion cases). Average time was calculated from the most recent sentencing date.",,,,
: Not calculated. A reliable average could not be generated from fewer than 10 cases.,,,,
"Source: Bureau of Justice Statistics, National Prison Statistics Program (NPS-8), 2012.",,,,
