Bureau of Justice Statistics,,,,,,
Filename: cp12stt11.csv,,,,,,
"Table 11. Number of inmates executed, by race and Hispanic origin, 1977�2012",,,,,,
"Report title: Capital Punishment, 2012 - Statistical Tables NCJ 245789",,,,,,
Data source: National Prisoner Statistics (NPS-8),,,,,,
Authors: Tracy L. Snell,,,,,,
Refer questions to: askbjs@usdoj.gov (202) 307-0765,,,,,,
Date of version: 5/5/14,,,,,,
 ,,,,,,
"Table 11. Number of inmates executed, by race and Hispanic origin, 1977�2012",,,,,,
,,,,,,All other 
Year,,All executions,White/a,Black/a,Hispanic,"races/a,b"
,Total,"1,320",747,451,108,14
1977,,1,1,0,0,0
1979,,2,2,0,0,0
1981,,1,1,0,0,0
1982,,2,1,1,0,0
1983,,5,4,1,0,0
1984,,21,13,8,0,0
1985,,18,9,7,2,0
1986,,18,9,7,2,0
1987,,25,11,11,3,0
1988,,11,6,5,0,0
1989,,16,6,8,2,0
1990,,23,16,7,0,0
1991,,14,6,7,1,0
1992,,31,17,11,2,1
1993,,38,19,14,4,1
1994,,31,19,11,1,0
1995,,56,31,22,2,1
1996,,45,29,14,2,0
1997,,74,41,26,5,2
1998,,68,40,18,8,2
1999,,98,53,33,9,3
2000,,85,43,35,6,1
2001,,66,45,17,3,1
2002,,71,47,18,6,0
2003,,65,41,20,3,1
2004,,59,36,19,3,1
2005,,60,38,19,3,0
2006,,53,25,20,8,0
2007,,42,22,14,6,0
2008,,37,17,17,3,0
2009,,52,24,21,7,0
2010,,46,28,13,5,0
2011,,43,22,16,5,0
2012,,43,25,11,7,0
"Note: In 1972, the U.S. Supreme Court invalidated capital punishment statutes in several states (Furman v. Georgia, 408 U.S. 238 (1972)), effecting a moratorium on executions. Executions resumed in 1977 when the Supreme Court found that revisions to several state statutes had effectively addressed the issues previously held unconstitutional (Gregg v. Georgia, 428 U.S. 153 (1976) and its companion cases).",,,,,,
a/Excludes persons of Hispanic or Latino origin.,,,,,,
"b/Includes American Indians and Alaska Natives, Asians, Native Hawaiians, and other Pacific Islanders.",,,,,,
"Source: Bureau of Justice Statistics, National Prisoner Statistics Program (NPS-8), 2012.",,,,,,
