Bureau of Justice Statistics,
Filename: cp12stf05.csv,
"Figure 5. Advance count of executions, January 1, 2013�December 21, 2013",
"Report title: Capital Punishment, 2012 - Statistical Tables NCJ 245789",
Data source: National Prisoner Statistics (NPS-8),
Authors: Tracy L. Snell,
Refer questions to: askbjs@usdoj.gov (202) 307-0765,
Date of version: 5/5/14,
,
"Figure 5. Advance count of executions, January 1, 2013�December 21, 2013",
,
,Number of executions
Virginia,1
Georgia,1
Alabama,1
Arizona,2
Missouri,2
Ohio,3
Oklahoma,6
Florida,7
Texas,16
Total,39
"Source: Bureau of Justice Statistics, National Prisoner Statistics Program ",
"(NPS-8), 2012.",
