Bureau of Justice Statistics,,,,,,,,,
Filename: bcft18at01.csv,,,,,,,,,
"Appendix Table 1. Firearm applications and denials by state and local agencies, by jurisdiction and type of permit or check, 2018",,,,,,,,,
"Report title: Background Checks for Firearm Transfers, 2018�NCJ 301318",,,,,,,,,
"Data Source: Bureau of Justice Statistics, Firearm Inquiry Statistics program, 2018",,,,,,,,,
"Author: Connor Brooks, BJS Statistician",,,,,,,,,
Refer questions to: askbjs@usdoj.gov 202-307-0765,,,,,,,,,
Date of version: 10/26/2021,,,,,,,,,
,,,,,,,,,
"Appendix Table 1. Firearm applications and denials by state and local agencies, by jurisdiction and type of permit or check, 2018",,,,,,,,,
 ,,Applications,,Denials,,Percent denied,,,
Jurisdiction,,Number,Standard error,Number,Standard error,Number,,Standard error,
Alabama/a,,,,,,,,,
,Exempt carry permit,"324,236","14,281","6,520",606,2,%,0.14,%
Alaska,,,,,,,,,
,Exempt carry permit,"2,711",~,3,~,0.1,%,~,
Arizona,,,,,,,,,
,Exempt carry permit,"80,863",~,698,~,0.9,%,~,
Arkansas,,,,,,,,,
,Exempt carry permit,"55,939",~,"1,655",~,3,%,~,
California,,,,,,,,,
,Other approval,"798,920",~,"6,061",~,0.8,%,~,
Colorado,,,,,,,,,
,Instant check,"347,095",~,"6,279",~,1.8,%,~,
Connecticut,,"189,514",~,100,~,0.1,%,~,
,Instant check,"127,239",~,94,~,0.1,,~,
,Purchase permit,"62,275",~,6,~,0,,~,
District of Columbia,,,,,,,,,
,Purchase permit,"3,788",~,13,~,0.3,%,~,
Florida,,,,,,,,,
,Instant check,"933,268",~,"10,750",~,1.2,%,~,
Georgia,,,,,,,,,
,Exempt carry permit/a,"209,694","9,042","3,684",549,1.8,%,0.29,%
Hawaii,,,,,,,,,
,Purchase permit,"18,070",~,301,~,1.7,%,~,
Idaho,,,,,,,,,
,Exempt carry permit/a,"25,729",881,152,6,0.6,%,0.02,%
Illinois,,"660,363",~,"12,800",~,1.9,%,~,
,Instant check,"404,010",~,"2,600",~,0.6,,~,
,Purchase permit,"256,353",~,"10,200",~,4,,~,
Iowa,,"80,240","1,272",815,18,1,%,0.01,%
,Exempt carry permit/a,"70,627","1,057",543,15,0.8,,0.02,
,Purchase permit/a,"9,613",275,272,14,2.8,,0.12,
Kansas,,,,,,,,,
,Exempt carry permit,"20,303",~,67,~,0.3,%,~,
Kentucky,,,,,,,,,
,Exempt carry permit,"35,031",~,767,~,2.2,%,~,
Louisiana,,,,,,,,,
,Exempt carry permit,"12,566",~,852,~,6.8,%,~,
Maryland,,"67,182",~,841,~,1.3,%,~,
,Purchase permit,"13,638",~,634,~,4.6,,~,
,Other approval,"53,544",~,207,~,0.4,,~,
Massachusetts,,,,,,,,,
,Purchase permit,"98,948",~,"1,674",~,1.7,%,~,
Michigan,,"174,997",~,"2,895",~,1.7,%,~,
,Exempt carry permit,"141,250",~,"1,981",~,1.4,,~,
,Purchase permit,"33,747",~,914,~,2.7,,~,
Minnesota/b,,"117,945",~,"1,934",~,1.6,%,~,
,Exempt carry permit/c,"69,169",~,519,~,0.8,,~,
,Purchase permit/a,"48,776","2,459","1,415",104,2.9,,0.18,%
Mississippi,,,,,,,,,
,Exempt carry permit,792,~,9,~,1.1,%,~,
Montana,,,,,,,,,
,Exempt carry permit/a,"15,672",947,164,8,1,%,0.04,%
Nebraska/b,,"53,610",~,"1,000",~,1.9,%,~,
,Exempt carry permit,"21,332",~,183,~,0.9,,~,
,Purchase permit/a,"32,278","1,855",817,50,2.5,,0.08,%
Nevada/b,,"126,292",~,"1,741",~,1.4,%,~,
,Instant check,"98,308",~,"1,532",~,1.6,,~,
,Exempt carry permit/a,"27,984",423,209,5,0.7,,0.02,%
New Hampshire,,,,,,,,,
,Instant check,"52,266",~,564,~,1.1,%,~,
New Jersey,,"219,252",~,"2,068",~,0.9,%,~,
,Instant check,"92,153",~,566,~,0.6,,~,
,Purchase permit,"127,099",~,"1,502",~,1.2,,~,
New York,,,,,,,,,
,Purchase permit/a,"40,655","2,528","2,289",218,5.6,%,0.54,%
North Carolina,,"294,978","17,777","15,298","2,605",5.2,%,0.6,%
,Exempt carry permit/a,"151,807","6,133",939,51,0.6,,0.03,
,Purchase permit/a,"143,171","12,102","14,359","2,580",10,,1.04,
North Dakota,,,,,,,,,
,Exempt carry permit,"8,000",~,500,~,6.3,%,~,
Ohio,,,,,,,,,
,Exempt carry permit,"169,805",~,"1,436",~,0.8,%,~,
Oregon,,,,,,,,,
,Instant check,"283,784",~,"1,020",~,0.4,%,~,
Pennsylvania,,,,,,,,,
,Instant check,"1,016,286",~,"11,160",~,1.1,%,~,
Rhode Island,,,,,,,,,
,Other approval,"16,502",~,180,~,1.1,%,~,
South Carolina,,,,,,,,,
,Exempt carry permit,"89,991",~,"2,010",~,2.2,%,~,
South Dakota,,,,,,,,,
,Exempt carry permit/a,"2,122",211,20,4,0.9,%,0.18,%
Tennessee,,,,,,,,,
,Instant check,"486,299",~,"20,459",~,4.2,%,~,
Texas,,,,,,,,,
,Exempt carry permit,"345,305",~,"1,963",~,0.6,%,~,
Utah,,"261,444",~,"2,574",~,1,%,~,
,Instant check,"101,102",~,"1,327",~,1.3,,~,
,Exempt carry permit,"160,342",~,"1,247",~,0.8,,~,
Virginia,,,,,,,,,
,Instant check,"446,333",~,"3,457",~,0.8,%,~,
Washington,,,,,,,,,
,Other approval/a,"174,102","15,563","2,987",991,1.7,%,0.6,%
West Virginia,,,,,,,,,
,Exempt carry permit/a,"30,194","1,086",118,7,0.4,%,0.02,%
Wisconsin,,,,,,,,,
,Instant check,"132,255",~,"1,155",~,0.9,%,~,
Wyoming,,,,,,,,,
,Exempt carry permit,"5,923",~,59,~,1,%,~,
"Note: For information on sample design and agencies that reported data, see Methodology.",,,,,,,,,
~Not applicable. No sampling error was present because complete counts were reported.,,,,,,,,,
a/Totals were estimated. See Methodology.,,,,,,,,,
b/Standard errors are not applicable because a portion of the estimate came from a state agency reporter that provided complete counts. ,,,,,,,,,
c/The state�s concealed carry permits are exempt only under state law.,,,,,,,,,
"Source: Bureau of Justice Statistics, Firearm Inquiry Statistics program, 2018.",,,,,,,,,
