Bureau of Justice Statistics,,,,,,,,,,,,,,,,,,
Filename: cv11f04.csv,,,,,,,,,,,,,,,,,,
"Figure 4.  Change in violent victimization rates, 1993-2011",,,,,,,,,,,,,,,,,,
"Report title: Criminal Victimization, 2011 NCJ 239437",,,,,,,,,,,,,,,,,,
"Data source: Bureau of Justice Statistics, National Crime Victimization Survey, 1993�2011",,,,,,,,,,,,,,,,,,
Author: Jennifer L. Truman and Michael Planty,,,,,,,,,,,,,,,,,,
Refer questions to askbjs@usdoj.gov or 202-307-0765,,,,,,,,,,,,,,,,,,
"Date of version: October 12, 2012",,,,,,,,,,,,,,,,,,
,,,,,,,,,,,,,,,,,,
,,,,,,,,,,,,,,,,,,
Figure 4.,,,,,,,,,,,,,,,,,,
" Change in violent victimization rates, 1993-2011",,,,,,,,,,,,,,,,,,
,1994,1995,1996,1997,1998,1999,2000,2001,2002,2003,2004,2005,2006*,2007,2008,2009,2010,2011
"Rate per 1,000 persons age 12 or older",79.8,80.0,70.7,64.7,61.1,54.1,47.2,37.5,32.6,32.1,32.1,27.8,28.4,34.1,27.2,25.3,22.3,19.3
"Absolute raw rate point change per 1,000 persons age 12 or older",0.3,9.4,6.0,3.7,6.9,6.9,9.7,4.9,0.6,0.0,4.3,0.6,5.7,6.9,1.9,3.0,3.0,3.3
Absolute percent change,0.3,11.7,8.4,5.6,11.4,12.8,20.6,13.0,1.7,0.1,13.3,2.1,20.0,20.2,6.9,12.0,13.6,16.9
Note: Circle size indicates size of the absolute percent change.,,,,,,,,,,,,,,,,,,
"*Due to methodological changes in the 2006 NCVS, use caution when comparing 2006 criminal victimization estimates to other years. See Criminal Victimization, 2007, NCJ 224390, BJS website, December 2008, for more information.",,,,,,,,,,,,,,,,,,
"Source: Bureau of Justice Statistics, National Crime Victimization Survey, 1993�2011.",,,,,,,,,,,,,,,,,,
