"Filename: cf972_06.csv",,,,,,,,
"Table #:  2.6.",,,,,,,,
"Report title:  Compendium of Federal Justice Statistics, 1997, NCJ-176328",,,,,,,,
"Data source:  Federal justice statistics database maintained by The Urban Institute",,,,,,,,
"Contact:  John Scalia  (202) 616-3276",,,,,,,,
"Date of version:  May 11, 1999",,,,,,,,
,,,,,,,,
"Table 2.6.  Pretrial detention hearing outcomes, by defendant characteristics,",,,,,,,,
,,,"October 1, 1996 - September 30, 1997",,,,,
,,,,,,,,
,,,,,"Defendants with pretrial detention hearings",,,
,,,,,,,,"Of defen-"
,,,,,,,,"dants with"
,,,,,,,"Percent of","hearings"
,,,,,"Number of defendants",,"defendants","held, percent"
,,,,"All","Hearings","Ordered","with hearings","ordered"
"Defendant characteristic",,,,"defendants","held","detained","held","detained"
,,," All defendants\a",56041,26152,18940,46.7,72.4
"Sex",,,,,,,,
,"Male",,,47089,23625,17444,50.2,73.8
,"Female",,,8892,2513,1487,28.3,59.2
"Race",,,,,,,,
,"White",,,37663,16970,12423,45.1,73.2
,"Black",,,15288,7725,5573,50.5,72.1
,"Other",,,3090,1457,944,47.2,64.8
"Ethnicity",,,,,,,,
,"Hispanic",,,20325,12162,9579,59.8,78.8
,"Non-Hispanic",,,34877,13774,9201,39.5,66.8
"Age",,,,,,,,
,"16-18 years",,,1010,503,342,49.8,68.0
,"19-20 years",,,2572,1225,855,47.6,69.8
,"21-30 years",,,19401,9749,6933,50.2,71.1
,"31-40 years",,,15018,6980,4950,46.5,70.9
,"Over 40 years",,,12733,4412,2934,34.7,66.5
"Education",,,,,,,,
,"Less than high school graduate",,,16889,9678,6942,57.3,71.7
,"High school graduate",,,14343,6122,4029,42.7,65.8
,"Some college",,,9092,3171,1972,34.9,62.2
,"College graduate",,,3932,988,591,25.1,59.8
"Marital status",,,,,,,,
,"Never married",,,17111,8672,6107,50.7,70.4
,"Divorced/separated",,,8625,3595,2394,41.7,66.6
,"Married",,,15954,6150,4075,38.5,66.3
,"Common law",,,4076,2272,1578,55.7,69.5
,"Other",,,10275,5463,4786,53.2,87.6
"Employment status at arrest",,,,,,,,
,"Unemployed",,,20495,10878,7774,53.1,71.5
,"Employed",,,25957,9987,6521,38.5,65.3
"Criminal record",,,,,,,,
,"No convictions\b",,,20386,7722,5470,37.9,70.8
,"Misdemeanor only",,,8576,3530,2239,41.2,63.4
,"Felony",,,,,,,
,,"Nonviolent",,11573,6351,4837,54.9,76.2
,,"Violent",,7747,5118,4127,66.1,80.6
"Number of prior convictions",,,,,,,,
,"1",,,8888,4177,2910,47.0,69.7
,"2 to 4",,,11527,6282,4667,54.5,74.3
,"5 or more",,,7481,4540,3626,60.7,79.9
"Criminal justice status",,,,,,,,
,"Not under supervision",,,39032,16095,11216,41.2,69.7
,"Pretrial release",,,2599,1357,949,52.2,69.9
,"Probation",,,2953,1549,1152,52.5,74.4
,"Parole",,,1711,1122,965,65.6,86.0
"Court appearance history",,,,,,,,
,"No prior arrests",,,21253,8104,5750,38.1,71.0
,"Failure to appear",,,,,,,
,,"None",,27841,13772,9842,49.5,71.5
,,"1",,3676,2188,1670,59.5,76.3
,,"More than 1",,3271,2088,1678,63.8,80.4
"Drug abuse",,,,,,,,
,"No known abuse",,,30758,12705,8595,41.3,67.7
,"Drug history",,,12202,6448,4463,52.8,69.2
,,,,,,,,
"(SEE PRINTED REPORT FOR FOOTNOTES)",,,,,,,,
