"Filename: cf972_07.csv",,,,,,,,,
"Table #:  2.7.",,,,,,,,,
"Report title:  Compendium of Federal Justice Statistics, 1997, NCJ-176328",,,,,,,,,
"Data source:  Federal justice statistics database maintained by The Urban Institute",,,,,,,,,
"Contact:  John Scalia  (202) 616-3276",,,,,,,"                       ",,
"Date of version:  May 11, 1999",,,,,,,,,
,,,,,,,,,
"Table 2.7.  Behavior of defendants released prior to trial, by offense, October 1, 1996 - ",,,,,,,,,
,"September 30, 1997",,,,,,,,
,,,,,,,,,
,,"Percent of released defendants who had--",,,,,,,
,,,"Violations while on release",,,,,,
,,,,,,,"Technical",,
,,,"At least ",,,,"violations",,"Number of"
"Most serious offense",,"No","one","Failed to ","New offense charged",,"of bail","Release","released"
"charged",,"violation","violation","appear","Felony","Misdemeanor","conditions","revoked","defendants"
," All offenses*",83.5,16.5,2.6,1.7,1.4,14.3,6.2,28600
"Violent offenses",,82.0,18.0,1.7,1.5,1.5,16.7,8.4,1435
"Property offenses",,89.2,10.8,1.8,1.2,1.1,9.1,4.1,10930
,"Fraudulent offenses",90.2,9.8,1.5,1.2,0.9,8.4,3.5,8390
,"Other property offenses",86.1,13.9,2.8,1.3,1.5,11.4,5.9,2540
"Drug offenses",,73.6,26.4,3.9,2.5,2.0,23.3,10.0,9670
"Public-order offenses",,88.8,11.2,2.2,1.3,1.0,9.2,3.6,6415
,"Regulatory offenses",91.1,8.9,1.3,1.2,1.1,7.7,2.1,1309
,"Other offenses",88.2,11.8,2.4,1.3,0.9,9.6,4.0,5106
,,,,,,,,,
"(SEE PRINTED REPORT FOR FOOTNOTES)",,,,,,,,,
