Bureau of Justice Statistics,,,,,,,,
Filename: ppus13at05.csv,,,,,,,,
"Appendix table 5. Adults entering parole, by type of entry, 2013",,,,,,,,
"Report title: Probation and Parole in the United States, 2013   NCJ 248029",,,,,,,,
Data source: Annual Probation Survey and Annual Parole Survey,,,,,,,,
Authors:  Erinn J. Herberman and Thomas P. Bonczar,,,,,,,,
Refer questions to: askbjs@usdoj.gov or 202-307-0765,,,,,,,,
Date of version: 10/20/14,,,,,,,,
,,,,,,,,
"Appendix table 5. Adults entering parole, by type of entry, 2013",,,,,,,,
,,,,,,,,
,,,,,,,,Unknown or 
Jurisdiction,,Total reported,Discretionary/a,Mandatory/b,Reinstatement/c,Term of supervised released,Other/e,not reported
,U.S. total,"430,018","183,899","109,768","13,060","85,972","4,782","32,537"
Federal,,"49,212",361,862,69,"47,920",0,0
State,,"380,806","183,538","108,906","12,991","38,052","4,782","32,537"
,Alabama,"2,428",..,..,..,..,..,"2,428"
,Alaska/f,"1,103",..,..,..,..,..,"1,103"
,Arizona,"11,929",146,117,144,"10,576",946,0
,Arkansas,"9,238","5,912","1,224","2,102",0,0,0
,California,"24,559",..,..,..,..,..,"24,559"
,Colorado,"8,716","3,668","2,793","2,047",0,208,0
,Connecticut,"2,367","1,344",..,..,"1,023",0,0
,Delaware,579,..,..,..,..,..,579
,District of Columbia,"1,467",253,0,0,"1,214",0,0
,Florida,"6,252",38,"5,569",0,640,5,0
,Georgia,"14,565","14,565",0,..,0,0,0
,Hawaii,802,791,0,11,0,0,0
,Idahof,"1,897","1,408",~,489,~,~,0
,Illinois,"28,236",13,"26,729",257,~,778,459
,Indiana,"9,574",0,"9,574",0,0,~,0
,Iowa,"3,675","3,675",0,0,0,0,0
,Kansas,"3,600",0,9,106,"3,433",52,0
,Kentucky,"10,267","6,724","3,543",0,0,0,0
,Louisiana,"16,058",616,"15,105",307,14,16,0
,Maine,1,0,0,1,0,0,0
,Maryland/f,"3,403",..,..,..,..,..,"3,403"
,Massachusetts,"2,785","2,444",0,229,112,0,0
,Michigan,"10,539","9,174",629,736,~,0,0
,Minnesota,"5,918",0,"5,918",0,0,~,0
,Mississippi,"3,106","2,596",0,510,0,0,0
,Missouri,"13,863","10,869",834,"1,222",~,938,0
,Montana,608,608,0,0,0,0,0
,Nebraska,"1,764","1,723",0,41,0,0,0
,Nevada,"4,085","2,814","1,125",146,~,0,0
,New Hampshire,"1,496",773,0,586,~,133,4
,New Jersey,"6,266","4,226","2,040",~,0,0,0
,New Mexico,"1,038",..,955,83,..,..,0
,New York,"21,570","5,624","7,036",~,"8,174",736,0
,North Carolina,"7,723",33,441,~,"7,249",~,0
,North Dakota,"1,051","1,051",0,0,0,0,0
,Ohio,"8,450",91,"8,138",221,0,0,0
,Oklahoma,908,908,..,..,..,..,0
,Oregon,"8,930","1,354","7,520",6,9,41,0
,Pennsylvania/f,"57,654","54,749",0,"2,905",0,0,0
,Rhode Island,408,408,~,~,~,~,0
,South Carolina,"2,105",773,"1,332",0,0,0,0
,South Dakota,"1,570",472,942,~,~,154,2
,Tennessee,"5,229","4,990",7,221,0,11,0
,Texas,"35,076","33,737",509,369,0,461,0
,Utah,"1,929","1,764",0,33,0,132,0
,Vermont/f,568,320,~,180,~,68,0
,Virginia,534,156,378,0,0,0,0
,Washington,"5,870",193,"5,677",0,0,0,0
,West Virginia,"1,917","1,917",0,0,0,0,0
,Wisconsin,"6,592",119,762,0,"5,608",103,0
,Wyoming,538,499,0,39,0,0,0
Note: Detail may not sum to total due to rounding. Counts based on most recent data and may differ from previously published statistics. See Methodology.,,,,,,,,
~Not applicable.,,,,,,,,
..Not known.,,,,,,,,
a/Includes offenders entering due to a parole board decision.,,,,,,,,
"b/Includes offenders whose release from prison was not decided by a parole board, offenders entering due to determinate sentencing, good-time provisions, and emergency releases.",,,,,,,,
"c/Includes offenders returned to parole after serving time in a prison due to a parole violation. Depending on the reporting jurisdiction, reinstatement entries may include only parolees who were originally released from prison through a discretionary release, only those originally released through a mandatory release, or a combination of both types. May also include those originally released through a term of supervised release. ",,,,,,,,
d/Includes offenders sentenced by a judge to a fixed period of incarceration based on a determinate statute immediately followed by a period of supervised release in the community.,,,,,,,,
"e/Includes parolees who were transferred from another state, placed on supervised release from jail, released to a drug transition program, released from a boot camp operated by the Department of Corrections, and released from prison through a conditional medical or mental health release to parole. Also includes absconders who were returned to parole supervision, on pretrial supervision, under supervision due to a suspended sentence, and others.",,,,,,,,
f/Some or all detailed data were estimated for type of sentence. ,,,,,,,,
"Source: Bureau of Justice Statistics, Annual Parole Survey, 2013.",,,,,,,,
