"filename:  cv9704.wk1",,,,,
"table #: 4",,,,,
"report title:  Criminal Victimization 1997,NCJ-173385",,,,,
"data sources: BJS,  National Crime Victimization Survey",,,,,
"author:  Michael  R.  Rand",,,,,
"refer questions to :  askbjs@ojp.usdoj.gov (202) 307--0765",,,,,
"date of version:  12/10/98",,,,,
,,,,,
"Table 4.  Household property crime victimization, by race, Hispanic origin,",,,,,
"household income, region, and home ownership of households victimized, 1997",,,,,
,,,,,
"Characteristic","Number of","Victimizations per 1,000 households",,,
"of household or","households,",,,"Motor vehicle",
"head of household",1997,"Total","Burglary","theft","Theft"
,,,,,
"Race",,,,,
"   White",87680170,242.3,42.3,11.9,188.1
"   Black",12821410,291.9,62.5,24.1,205.3
"   Other",3487090,237.4,36.2,23.3,177.9
,,,,,
"Hispanic origan",,,,,
"   Hispanic",8257860,329.4,60.9,29.6,238.9
"   Non-Hispanic",95028300,240.9,43.2,12.5,185.2
,,,,,
"Household income",,,,,
"   Less than $7,500",8343820,258.8,79.5,10.0,169.3
"   $7,500 - $14,999",12648520,236.3,53.9,9.1,173.3
"   $15,000 - $24,999",15237980,242.5,47.2,14.1,181.2
"   $25,000 - $34,999",13430070,260.2,42.4,15.8,202.0
"   $35,000 - $49,999",14967560,271.6,39.8,17.2,214.6
"   $50,000 - $74,999",13033070,270.9,35.0,11.7,224.2
"   $75,000 or more",10728660,292.8,42.4,16.3,234.1
,,,,,
"Region",,,,,
"   Northwest",20039640,195.6,28.5,11.2,155.9
"   Midwest",25474750,219.9,41.8,8.7,169.4
"   South",37234080,253.8,48.7,15.3,189.8
"   West",21240200,322.2,55.7,19.7,246.8
,,,,,
"Residence",,,,,
"   Urban",31912480,309.9,56.5,20.1,233.3
"   Suburban",50284550,235.4,38.9,12.7,183.8
"   Rural",21791640,187.7,40.1,7.1,140.5
,,,,,
"Home ownership",,,,,
"   Owned",67512040,211.7,35.8,11.1,164.8
"   Rented",36476630,316.1,60.9,18.7,236.5
