Bureau of Justice Statistics,
filename:  uhrusf01.csv,
"Figure 1: Number of unidentified human remains reported to the National Death Index, 1980-2004",
data source:  Centers for Disease Control and Prevention's National Death Index,
author:  Kristen Hughes,
refer questions to:  askbjs@usdoj.gov (202) 307-0765,
date of version:11/16/07,

"Figure 1: Number of unidentified human remains reported to the National Death Index, 1980-2004",

Year,Unidentified Persons
1980,301
1981,358
1982,289
1983,297
1984,271
1985,349
1986,428
1987,688
1988,424
1989,683
1990,613
1991,628
1992,438
1993,532
1994,475
1995,380
1996,428
1997,388
1998,425
1999,335
2000,354
2001,328
2002,302
2003,330
2004,284

"Source: Centers for Disease Control and Prevention, National Center for Health Statistics. National Death Index 1980-2004. <http://0-www.cdc.gov.mill1.sjlibrary.org/nchs/ndi.htm>.",
