"Bureau of Justice Statistics",,,,,,,,,,,,,
"filename:  NCRP9508.csv",,,,,,,,,,,,,
"data source:  National Corrections Reporting Program, 1995",,,,,,,,,,,,,
"produced by:  Lauren Glaze",,,,,,,,,,,,,
"author:  Doris James Wilson (202) 616-3625 email wilsond@ojp.usdoj.gov",,,,,,,,,,,,,
"date of version:  02/19/99",,,,,,,,,,,,,
,,,,,,,,,,,,,
,,,,,,,,,,,,,
"NCRP9508 -  State prison releases, 1995:  Time served in prison, ",,,,,,,,,,,,,
"by offense and release type",,,,,,,,,,,,,
"  ",,,,,,,,,,,,,
,"First releases from State prison",,,,,,,"Subsequent releases from State prison",,,,,
"Most serious","Percent",,"Time served in prison",,,,,"Percent",,"Time served in prison",,,
"offense","of releases",,"Median",,"    Mean",,,"of releases",,"Median",,"    Mean",
,,,,,,,,,,,,,
"         All offenses",100.0,"%",15,"mos.",23,"mos.",,100.0,"%",7,"mos.",13,"mos."
,,,,,,,,,,,,,
"Violent offenses",24.8,"%",26,"mos.",37,"mos.",,24.9,"%",8,"mos.",19,"mos."
"   Homicide",2.3,,46,,61,,,1.8,,11,,30,
"      Murder/nonnegligent manslaughter",1.3,,65,,79,,,1.2,,11,,31,
"         Murder",0.9,,73,,88,,,0.7,,13,,41,
"         Nonnegligent manslaughter",0.4,,53,,60,,,0.5,,8,,15,
"      Negligent manslaughter",1.1,,30,,41,,,0.5,,9,,20,
"      Unspecified homicide",0.0,"*",42,,55,,,0.1,,76,,86,
"   Kidnapping",0.5,,30,,43,,,0.5,,7,,19,
"   Rape",1.5,,45,,59,,,1.5,,8,,23,
"   Other sexual assault",3.3,,28,,36,,,2.2,,7,,18,
"   Robbery",9.1,,28,,38,,,11.7,,9,,19,
"   Assault",7.1,,18,,26,,,6.6,,8,,14,
"   Other violent",0.9,,14,,20,,,0.6,,6,,11,
,,,,,,,,,,,,,
"Property offenses",31.8,"%",13,"mos.",20,"mos.",,36.4,"%",7,"mos.",13,"mos."
"   Burglary",13.3,,16,,25,,,17.3,,7,,14,
"   Larceny/theft",8.5,,11,,16,,,10.0,,6,,10,
"   Motor vehicle theft",2.6,,12,,17,,,4.1,,6,,9,
"   Arson",0.6,,19,,27,,,0.4,,8,,15,
"   Fraud",4.1,,11,,16,,,2.8,,7,,13,
"   Stolen property",1.9,,12,,17,,,1.3,,9,,15,
"   Other property",0.8,,10,,16,,,0.4,,9,,18,
,,,,,,,,,,,,,
"Drug offenses",32.2,"%",13,"mos.",18,"mos.",,29.0,"%",6,"mos.",10,"mos."
"   Possession",8.6,,10,,16,,,5.6,,7,,11,
"   Trafficking",18.8,,15,,20,,,16.2,,6,,10,
"   Other/unspecified drug",4.8,,11,,16,,,7.2,,5,,9,
,,,,,,,,,,,,,
"Public-order offenses",10.4,"%",11,"mos.",16,"mos.",,7.7,"%",7,"mos.",12,"mos."
"   Weapons",2.8,,12,,17,,,2.9,,8,,11,
"   Driving while intoxicated",2.8,,9,,12,,,2.3,,5,,8,
"   Other public-order",4.8,,12,,18,,,2.4,,9,,17,
,,,,,,,,,,,,,
"Other offenses",0.8,"%",12,"mos.",18,"mos.",,2.1,"%",4,"mos.",8,"mos."
,,,,,,,,,,,,,
"         Number of releases",234360,," ",," ",,,116468,," ",," ",
,,,,,,,,,,,,,
,,,,,,,,,,,,,
"Note:  Data are based on release type with a total sentence of more than a year for whom ",,,,,,,,,,,,,
"the most serious offense and time served were reported.  All data exclude persons ",,,,,,,,,,,,,
"released from prison by escape, death, transfer, appeal, or detainer.",,,,,,,,,,,,,
"* Less than 0.05%.",,,,,,,,,,,,,
