Bureau of Justice Statistics,,,
Filename: jim07tt01.csv,,,
"Table 1: Population at midyear 2007, as a percent of capacity",,,
Report title: Jail Inmates at Midyear 2007 NCJ 221945,,,
Data source: Annual Survey of Jails,,,
Authors: William J. Sabol and Todd D. Minton,,,
Refer questions to: askbjs@usdoj.gov   202-307-0765,,,
"Date of version: May 29, 2008",,,

"Text table 1. Population at midyear 2007, as a percent of capacity",,,
Jurisdiction size*,,"Population at midyear 2007, as a percent of capacity",
,Total,96,%
Fewer than 50 inmates,,64.5,
50 to 99,,84.6,
100 to 249,,92.4,
250 to 499,,97.8,
500 to 999,,99.3
"1,000 or more",,99.5
*Based on the average daily population.,,
