Bureau of Justice Statistics,,,,,,
Filename: jim07at04.csv,,,,,,
"Appendix table 4: Characteristics of inmates in local jails, midyear 2000 and 2005-2007",,,,,,
Report title: Jail Inmates at Midyear 2007 NCJ 221945,,,,,,
Data source: Annual Survey of Jails,,,,,,
Authors: William J. Sabol and Todd D. Minton,,,,,,
Refer questions to: askbjs@usdoj.gov   202-307-0765,,,,,,
"Date of version: May 29, 2008",,,,,,

"Appendix table 4. Characteristics of inmates in local jails, midyear 2000 and 2005-2007",,,,,,
,,,Number of inmates,,,
Characteristic,,,2000,2005,2006,2007
Average daily population/a,,,"618,319","733,442","755,896","773,800"
Number of inmates at midyear,,,"621,149","747,529","766,010","780,581"
Jail incarceration rate/b,,,226,252,256,259
Gender,,,,,,
,,Male,"550,162","652,958","666,985","680,009"
,,Female,"70,987","94,571","99,025","100,572"
Age,,,,,,
,Adults,,"613,534","740,770","759,906","773,744"
,,Male,"543,120","646,807","661,329","673,697"
,,Female,"70,414","93,963","98,577","100,047"
,Juveniles/c,,"7,615","6,759","6,104","6,837"
,,Held as adults/d,"6,126","5,750","4,836","5,652"
,,Held as juveniles,"1,489","1,009","1,268","1,185"
Race/e,,,,,,
,White/f,,"260,500","331,000","336,600","338,400"
,Black/African American/f ,,"256,300","290,500","296,000","301,900"
,Hispanic/Latino,,"94,100","111,900","119,200","125,600"
,"Other/f,g",,"10,200","13,000","13,500","13,900"
,Two or more races/f,,...,"1,000",700,800
Conviction status/e ,,,,,,
,Convicted,,"270,000","284,400","290,100","296,900"
,,Male,"234,200","248,100","251,600","256,500"
,,Female,"41,300","36,300","38,500","40,400"
,Unconvicted,,"343,600","463,100","475,900","483,700"
,,Male,"300,300","405,300","415,900","423,800"
,,Female,"49,600","57,900","60,000","59,900"
...Not collected.,,,,,,
a/Average daily population is the sum of the number of inmates in jail each on each day for a year divided by the total number of days in a year. ,,,,,,
"b/Number of inmates per 100,000 resident population.",,,,,,
c/Juveniles are persons under the age of 18 at midyear.,,,,,,
d/Includes juveniles who were tried or awaiting trial as adults.,,,,,,
e/Estimates based on reported data adjusted for nonresponse.,,,,,,
f/Excludes persons of Hispanic or Latino origin.,,,,,,
"g/Includes American Indians, Alaska Natives, Asians, Native Hawaiians, and other Pacific Islanders.",,,,,,
