Bureau of Justice Statistics,,,,,,,
Filename: jim07t01.csv,,,,,,,
"Table 1: Number of jail jurisdictions, midyear 1999 and 2005",,,,,,,
Report title: Jail Inmates at Midyear 2007 NCJ 221945,,,,,,,
Data source: Annual Survey of Jails,,,,,,,
Authors: William J. Sabol and Todd D. Minton,,,,,,,
Refer questions to: askbjs@usdoj.gov   202-307-0765,,,,,,,
"Date of version: May 29, 2008",,,,,,,

"Table 1: Number of jail jurisdictions, midyear 1999 and 2005",,,,,,,
,Number of jail jurisdictions,,,Percent of jail jurisdictions,,,
Jurisdiction size*,1999,2005,Difference,1999,,2005,
Total,"2,999","2,876",-123,100,%,100,%
Fewer than 50 inmates,"1,518","1,147",-371,50.6,%,39.9,
50-99,547,559,12,18.2,,19.4,
100-249,471,564,93,15.7,,19.6,
250-499,212,286,74,7.1,,9.9
500-999,128,161,33,4.3,,5.6
"1,000 or more",123,159,36,4.1,,5.5
*Based on average daily population,,,,,,
