Bureau of Justice Statistics,,,,,
Filename: jim07at03.csv,,,,,
"Appendix table 3: Rated capacity of local jails and percent of capacity occupied, 1995-2007",,,,,
Report title: Jail Inmates at Midyear 2007 NCJ 221945,,,,,
Data source: Annual Survey of Jails,,,,,
Authors: William J. Sabol and Todd D. Minton,,,,,
Refer questions to: askbjs@usdoj.gov   202-307-0765,,,,,
"Date of version: May 29, 2008",,,,,

"Appendix table 3. Rated capacity of local jails and percent of capacity occupied, 1995-2007",,,,,
Year,Rated capacity/a,,Amount of capacity added/b,Percent of capacity occupied/c,
1995,"545,763",,,93,%
1996,"562,971",,"17,208",92,
1997,"586,564",,"23,593",97,
1998,"612,780",,"26,216",97,
1999,"652,321",,"39,541",93,
2000,"677,787",,"25,466",92
2001,"699,309",,"21,522",90
2002,"713,899",,"14,590",93
2003,"736,471",,"22,572",94
2004,"755,603",,"19,132",94
2005,"789,001",,"33,398",95
2006/d,"798,000",,"8,999",96
2007,"813,502",,"15,502",96
"Average annual increase,",,,,
1995-2007,3.4,%,"22,312",
2000-2007,2.6,,"19,388",
"Note: Capacity data for 1995-1998, 2000-2004, and 2006-2007 were survey estimates subject to sampling error. ",,,,
a/Rated capacity is the number of beds or inmates assigned by a rating official to facilities within each jurisdiction. ,,,,
b/The number of beds added during the 12 months ending midyear of each year. ,,,,
c/The number of inmates divided by the rated capacity and multiplied by 100. ,,,,
d/Based on revised data for 2006.,,,,
