Bureau of Justice Statistics,,,,,,,,,,
Filename: jim07at01.csv,,,,,,,,,,
"Appendix table 1: Number of jail jurisdictions, midyear 1999-2007",,,,,,,,,,
Report title: Jail Inmates at Midyear 2007 NCJ 221945,,,,,,,,,,
Data source: Annual Survey of Jails,,,,,,,,,,
Authors: William J. Sabol and Todd D. Minton,,,,,,,,,,
Refer questions to: askbjs@usdoj.gov   202-307-0765,,,,,,,,,,
"Date of version: May 29, 2008",,,,,,,,,,

"Appendix table 1. Number of jail jurisdictions, midyear 1999-2007",,,,,,,,,,
,,"Number of jail jurisdictions, midyear",,,,,,,,
Jurisdiction size*,,1999,2000,2001,2002,2003,2004,2005,2006,2007
,Total,"2,999","3,001","3,002","3,001","3,003","3,003","2,876","2,861","2,860"
Fewer than 50 inmates,,"1,518","1,512","1,479","1,387","1,369","1,331","1,147","1,130","1,097"
50 to 99,,547,499,509,535,546,526,559,548,583
100 to 249,,471,512,523,554,547,566,564,561,558
250 to 499,,212,224,231,255,259,294,286,281,272
500 to 999,,128,131,137,141,144,135,161,180,177
1000 or more,,123,123,123,129,138,151,159,161,173
*Based on the average daily population.,,,,,,,,,,
