"Bureau of Justice Statistics",,,,,,,,,,,,,,,,
"Filename: cjusea16.csv",,,,,,,,,,,,,,,,
"Table #:  Appendix tables 16 & 17",,,,,,,,,,,,,,,,
"Report title: Crime and Justice in the United States and in England and Wales, 1981-96",,,,,,,,,,,,,,,,
"Data sources:  Victim survey, police, courts, and corrections data",,,,,,,,,,,,,,,,
"Author: Patrick Langan (202) 616-3490 and David Farrington",,,,,,,,,,,,,,,,
"Patrick Langan's e-mail: langanp@ojp.usdoj.gov",,,,,,,,,,,,,,,,
"Date of version: 12/98",,,,,,,,,,,,,,,,
,,,,,,,,,,,,,,,,
"U.S. murder","    1981","    1982","    1983","    1984","    1985","    1986","    1987","    1988","    1989","    1990","    1991","    1992","    1993","    1994","    1995","    1996"
,,,,,,,,,,,,,,,,
"Number of police-recorded offenses",22520,21010,19310,18690,18980,20610,20100,20680,21500,23440,24700,23760,24530,23330,21600,19650
,,,,,,,,,,,,,,,,
"Population (in thousands)",229146,231534,233981,236158,238740,241077,243400,245807,248239,248710,252177,255082,257908,260341,262755,265284
,,,,,,,,,,,,,,,,
"Police-recorded crime rate per 1,000 population",0.0983,0.0907,0.0825,0.0791,0.0795,0.0855,0.0826,0.0841,0.0866,0.0942,0.0979,0.0931,0.0951,0.0896,0.0822,0.0741
,,,,,,,,,,,,,,,,
"Number of offenders per offense",1.15,1.15,1.15,1.15,1.15,1.15,1.15,1.15,1.15,1.15,1.15,1.15,1.15,1.15,1.15,1.15
,,,,,,,,,,,,,,,,
"Offender population",25898,24162,22207,21494,21827,23702,23115,23782,24725,26956,28405,27324,28210,26830,24840,22598
,,,,,,,,,,,,,,,,
"Number of offenders convicted",8797,,8150,,,10699,,10164,,12270,,13522,,13068,,
,,,,,,,,,,,,,,,,
"Population ages 10 or older (in thousands)",196239,,200354,,,205878,,209661,,211919,,217291,,221890,,226557
,,,,,,,,,,,,,,,,
"Number convicted per 1,000 population ages 10 or older",0.0448,,0.0407,,,0.0520,,0.0485,,0.0579,,0.0622,,0.0589,,
,,,,,,,,,,,,,,,,
"Number of offenders per conviction",2.9,,2.7,,,2.2,,2.3,,2.2,,2.0,,2.1,,
,,,,,,,,,,,,,,,,
"Probability of an offender being convicted",0.340,,0.367,,,0.451,,0.427,,0.455,,0.495,,0.487,,
,,,,,,,,,,,,,,,,
"Number of convictions per 1,000 offenders",340,,367,,,451,,427,,455,,495,,487,,
,,,,,,,,,,,,,,,,
"Number of offenders sentenced to incarceration",8272,,7688,,,10024,,9522,,11501,,12974,,12513,,
,,,,,,,,,,,,,,,,
"Number incarcerated per 1,000 population ages 10 or older",0.042,,0.038,,,0.049,,0.045,,0.054,,0.060,,0.056,,
,,,,,,,,,,,,,,,,
"Percent of convicted offenders who were incarcerated",94.0%,,94.3%,,,93.7%,,93.7%,,93.7%,,96.0%,,95.8%,,
,,,,,,,,,,,,,,,,
"Probability of an offender being incarcerated",0.319,,0.346,,,0.423,,0.400,,0.427,,0.475,,0.466,,
,,,,,,,,,,,,,,,,
"Number incarcerated per 1,000 offenders",319.4,,346.2,,,422.9,,400.4,,426.7,,474.8,,466.4,,
,,,,,,,,,,,,,,,,
"Incarceration sentence length (in months)",254.6,,249.2,,,239.5,,252.5,,245.2,,252.3,,266.4,,
,,,,,,,,,,,,,,,,
"Time served before being released (in months)",94.0,,105.7,,,108.9,,112.3,,112.8,,122.2,,126.9,,
,,,,,,,,,,,,,,,,
"Percent of incarceration sentence served",36.9%,,42.4%,,,45.4%,,44.5%,,46.0%,,48.4%,,47.6%,,
,,,,,,,,,,,,,,,,
"Number of days served per offender",914.0,,1114.1,,,1401.4,,1368.4,,1464.9,,1765.7,,1801.6,,
,,,,,,,,,,,,,,,,
"Number of months served per offender",30.0,,36.6,,,46.0,,45.0,,48.1,,58.0,,59.2,,
,,,,,,,,,,,,,,,,
"Number of persons arrested",21590,,20310,,,19190,,21890,,22990,,22510,,22100,,
,,,,,,,,,,,,,,,,
"Bureau of Justice Statistics",,,,,,,,,,,,,,,,
"Filename: cjusea15.csv",,,,,,,,,,,,,,,,
"Table #: Appendix table 15",,,,,,,,,,,,,,,,
"Report title: Crime and Justice in the United States and England, 1981-96",,,,,,,,,,,,,,,,
"Data sources:  Victim survey, police, courts, and corrections data",,,,,,,,,,,,,,,,
"Author: Patrick Langan (202) 616-3490 and David Farrington",,,,,,,,,,,,,,,,
