"Bureau of Justice Statistics",,,,,
"filename:  cds99apc.csv",,,,,
"appendix C.  Of the U.S. population, the percent and number of",,,,,
"licensed drivers, 1999:  Combined categories of race/ethnicity and gender",,,,,
"report title:  Characteristics of Drivers Stopped by Police, 1999; NCJ 191548",,,,,
"data source:  Police Public Contact Survey, 1999",,,,,
"authors:  Erica Schmitt, Matt Durose, Patrick Langan",,,,,
"refer questions to:  askbjs@ojp.usdoj.gov  (202) 307-0765",,,,,
"date of version:  February 5, 2002",,,,,
,,,,,
"Appendix C.  Of the U.S. population, the percent and number of",,,,,
"licensed drivers, 1999:  Combined categories of race/ethnicity and gender",,,,,
,,,,,
,"U.S.",,"Percent",,"Number"
"Race/ethnicity","population",,"with driver's",,"with driver's"
"and gender","age 16 or older",,"license",,"license"
,,,,,
"Total",209350577,,89,"%",186322014
,,,,,
"White",,,,,
"   Male",75176222,,95,"%",71417411
"   Female",80006295,,90,,72005666
,,,,,
"Black",,,,,
"   Male",11026484,,81,"%",8931452
"   Female",13479458,,69,,9300826
,,,,,
"Hispanic",,,,,
"   Male",10618994,,87,"%",9238525
"   Female",10657868,,74,,7886822
,,,,,
"Other race",,,,,
"   Male",4046444,,92,"%",3722728
"   Female",4338812,,81,,3514438
,,,,,
"Note: Detail may not add to total due to rounding.",,,,,
"Sources:  Data on licensed drivers in the U.S. are estimated from the U.S. ",,,,,
"Department of Transportation's 1995 Nationwide Personal Transportation ",,,,,
"Survey; all other data are from the BJS 1999 Police-Public Contact Survey.",,,,,
