"Bureau of Justice Statistics",,,,,
"filename:  cds99apd.csv",,,,,
"appendix D.  Of the U.S. population, the percent and number ",,,,,
"of licensed drivers, 1999:  combined categories of age and gender",,,,,
"report title:  Characteristics of Drivers Stopped by Police, 1999; NCJ 191548",,,,,
"data source:  Police Public Contact Survey, 1999",,,,,
"authors:  Erica Schmitt, Matt Durose, Patrick Langan",,,,,
"refer questions to:  askbjs@ojp.usdoj.gov  (202) 307-0765",,,,,
"date of version:  February 5, 2002",,,,,
,,,,,
"Appendix D.  Of the U.S. population, the percent and number ",,,,,
"of licensed drivers, 1999:  combined categories of age and gender",,,,,
,,,,,
,"U.S.",,"Percent",,"Number"
"Gender","population",,"with driver's",,"with driver's"
"and age","age 16 or older",,"license",,"license"
,,,,,
"Total",209350577,,89,"%",186322014
,,,,,
"Male",,,,,
"  16-24",17230528,,81,"%",13956728
"  25 or older",83637616,,95,,79455735
,,,,,
"Female",,,,,
"  16-24",17050468,,78,"%",13299365
"  25 or older",91431965,,87,,79545810
,,,,,
"Note: Detail may not add to total due to rounding.",,,,,
"Sources:  Data on licensed drivers in the U.S. are estimated from the U.S. ",,,,,
"Department of Transportation's 1995 Nationwide Personal Transportation ",,,,,
"Survey; all other data are from the BJS 1999 Police-Public Contact Survey.",,,,,
