"Bureau of Justice Statistics",,,,,
"filename:  cdsp9910.csv",,,,,
"table # 10. Of drivers stopped, percent not given a reason for ",,,,,
"the traffic stop, 1999:  Gender, age, and race/ethnicity",,,,,
"report title:  Characteristics of Drivers Stopped by Police, 1999; NCJ 191548",,,,,
"data source:  Police Public Contact Survey, 1999",,,,,
"authors:  Erica Schmitt, Matt Durose, Patrick Langan",,,,,
"refer questions to:  askbjs@ojp.usdoj.gov  (202) 307-0765",,,,,
"date of version:  February 5, 2002",,,,,
,,,,,
"Table 10. Of drivers stopped, percent not given a reason for ",,,,,
"the traffic stop, 1999:  Gender, age, and race/ethnicity",,,,,
,,,,,
"Gender,","Drivers age 16 or","Drivers not given a reason",,,
"age, and","older stopped by","for the traffic stop",,,
"race/ethnicity","police in 1999","Number",,"Percent",
,,,,,
"Total",19277002,308432,,1.6,"%"
,,,,,
"Gender",,,,,
"   Male",11721808,187549,,1.6,"%"
"   Female",7555194,120883,,1.6,
,,,,,
"Age",,,,,
"   16-24",5113805,61366,,1.2,"%"
"   25 or older",14163197,240774,,1.7,
,,,,,
"Race/ethnicity",,,,,
"   White",14846114,222692,,1.5,"%"
"   Black",2231801,44636,,2.0,
"   Hispanic",1615088,19381,"*",1.2,"*"
"   Other race",583999,13432,"*",2.3,"*"
,,,,,
"Note: Detail may not add to total due to rounding.",,,,,
"* Estimates based on 10 or fewer sample cases.",,,,,
