"Bureau of Justice Statistics",,,,,,,
"filename:  cdsp9918.csv",,,,,,,
"table # 18.  Of drivers stopped, percent who experienced a search,",,,,,,,
"comparing arrested and nonarrested drivers, 1999:  Combined",,,,,,,
"categories of race/ethnicity and gender",,,,,,,
"report title:  Characteristics of Drivers Stopped by Police, 1999; NCJ 191548",,,,,,,
"data source:  Police Public Contact Survey, 1999",,,,,,,
"authors:  Erica Schmitt, Matt Durose, Patrick Langan",,,,,,,
"refer questions to:  askbjs@ojp.usdoj.gov  (202) 307-0765",,,,,,,
"date of version:  February 5, 2002",,,,,,,
,,,,,,,
"Table # 18.  Of drivers stopped, percent who experienced a search,",,,,,,,
"comparing arrested and nonarrested drivers, 1999:  Combined",,,,,,,
"categories of race/ethnicity and gender",,,,,,,
,,,,,,,
,"Arrested drivers",,,,"Nonarrested drivers",,
"Gender and",,,"Driver or",,,"Driver or",
"race/ethnicity","Number",,"vehicle search",,"Number","vehicle search",
,,,,,,,
"Total",578310,,82.7,"%",18698692,4.3,"%"
,,,,,,,
"Male",,,,,,,
"   White",321447,,86.7,"%",8607635,5.1,"%"
"   Black",100905,,90.0,,1226791,9.9,
"   Hispanic",52540,,89.5,,1042051,10.6,
"   Other race",10372,"*",100.0,"*",360068,5.2,"*"
,,,,,,,
"Female",,,,,,,
"   White",65087,,48.7,"%",5851946,1.1,"%"
"   Black",15370,"*",72.1,"*",888735,2.5,"*"
"   Hispanic",15615,"*",73.6,"*",504882,3.2,"*"
"   Other race",1922,"*",0.0,"*",211637,4.4,"*"
,,,,,,,
"Note: Detail may not add to total due to rounding.",,,,,,,
"* Estimates based on 10 or fewer sample cases.",,,,,,,
