"Bureau of Justice Statistics",,,,,
"filename:  cdsp9916.csv",,,,,
"table # 16.  Of the total number of persons searched, percent of searches ",,,,,
"in connection with an arrest, 1999: Combined categories of race/ethnicity ",,,,,
"and gender",,,,,
"report title:  Characteristics of Drivers Stopped by Police, 1999; NCJ 191548",,,,,
"data source:  Police Public Contact Survey, 1999",,,,,
"authors:  Erica Schmitt, Matt Durose, Patrick Langan",,,,,
"refer questions to:  askbjs@ojp.usdoj.gov  (202) 307-0765",,,,,
"date of version:  February 5, 2002",,,,,
,,,,,
"Table 16.  Of the total number of persons searched, percent of searches ",,,,,
"in connection with an arrest, 1999:  Combined categories of race/ethnicity",,,,,
"and gender",,,,,
,,,,,
,,"Drivers who were searched and ",,,
"Race/ethnicity","Total number","arrested",,,
"and gender","of searches","Number",,"Percent",
,,,,,
"Total",1272282,469472,,36.9,"%"
,,,,,
"White",801690,299030,,37.3,"%"
"  Male",705397,268051,,38.0,
"  Female",100590,32792,,32.6,
,,,,,
"Black",245498,101882,,41.5,"%"
"  Male",211104,90141,,42.7,
"  Female",33452,11374,"*",34.0,"*"
,,,,,
"Hispanic",182505,56212,,30.8,"%"
"  Male",155432,44764,,28.8,
"  Female",27586,11614,"*",42.1,"*"
,,,,,
"Other race",37960,10173,"*",26.8,"%*"
"  Male",28524,10155,"*",35.6,"*"
"  Female",9397,0,"*",0.0,"*"
,,,,,
"Note: Zero represents no cases in sample.",,,,,
"* Estimates based on 10 or fewer sample cases.",,,,,
