"Bureau of Justice Statistics",,,,,,
"filename:  cdsp9908.csv",,,,,,
"table # 8. Driver opinion on being stopped, 1999: Gender, age, and race/ethnicity",,,,,,
"report title:  Characteristics of Drivers Stopped by Police, 1999; NCJ 191548",,,,,,
"data source:  Police Public Contact Survey, 1999",,,,,,
"authors:  Erica Schmitt, Matt Durose, Patrick Langan",,,,,,
"refer questions to:  askbjs@ojp.usdoj.gov  (202) 307-0765",,,,,,
"date of version:  February 5, 2002",,,,,,
,,,,,,
"Table 8. Driver opinion on being stopped, 1999: Gender, age, and race/ethnicity",,,,,,
,,,,,,
,"Percent of stopped drivers who felt they had",,,,,
,"been stopped in 1999 for a legitimate reason",,,,,
,,,,,,
"Gender, age, and","All drivers ",,"Drivers stopped",,"Drivers stopped",
"race/ethnicity","stopped",,"one time",,"two or more times",
,,,,,,
"Total",84.3,"%",85.1,"%",81.3,"%"
,,,,,,
"Gender",,,,,,
"   Male",82.3,"%",83.7,"%",78.2,"%"
"   Female",87.3,,87.2,,87.7,
,,,,,,
"Age",,,,,,
"   16-24",83.5,"%",86.2,"%",78.2,"%"
"   25 or older",84.6,,84.8,,83.5,
,,,,,,
"Race/ethnicity",,,,,,
"   White",86.0,"%",86.5,"%",84.4,"%"
"   Black",74.0,,75.1,,70.2,
"   Hispanic",81.6,,84.9,,70.0,
"   Other race",84.6,,85.0,,84.4,
