"Bureau of Justice Statistics",,,,,,
"filename:  cdsp9901.csv",,,,,,
"table # 1. Characteristics of stopped drivers compared to characteristics",,,,,,
"of licensed drivers, 1999:  Gender, age, and race/ethnicity",,,,,,
"report title:  Characteristics of Drivers Stopped by Police, 1999; NCJ 191548",,,,,,
"data source:  Police Public Contact Survey, 1999",,,,,,
"authors:  Erica Schmitt, Matt Durose, Patrick Langan",,,,,,
"refer questions to:  askbjs@ojp.usdoj.gov  (202) 307-0765",,,,,,
"date of version:  February 5, 2002",,,,,,
,,,,,,
"Table 1.  Characteristics of stopped drivers compared to characteristics",,,,,,
"of licensed drivers, 1999:  Gender, age, and race/ethnicity",,,,,,
,,,,,,
"Gender,","Drivers age 16 or older",,,"Licensed drivers in the",,
"age, and","stopped by police in 1999",,,"United States",,
"race/ethnicity","Number","Percent",,"Number","Percent",
,,,,,,
"Total",19277002,100.0,"%",186322014,100.0,"%"
,,,,,,
"Gender",,,,,,
"   Male",11721808,60.8,"%",93807374,50.4,"%"
"   Female",7555194,39.2,,92210068,49.6,
,,,,,,
"Age",,,,,,
"   16-19",2031789,10.5,"%",11177552,6.0,"%"
"   20-24",3082015,16.0,,16115497,8.7,
"   25-29",2477904,12.8,,16924648,9.1,
"   30-34",2249807,11.7,,18658151,10.0,
"   35-39",2275797,11.8,,21493378,11.6,
"   40-44",2171066,11.3,,21032615,11.3,
"   45-49",1593418,8.3,,18586382,10.0,
"   50-54",1220709,6.3,,15475569,8.3,
"   55-59",872848,4.5,,11829563,6.4,
"   60-64",495099,2.6,,9219126,5.0,
"   65-69",352208,1.8,,7946495,4.3,
"   70-74",242294,1.3,,7153913,3.9,
"   75 or older",212046,1.1,,9715425,5.2,
,,,,,,
"Age",,,,,,
"   16-24",5113805,26.5,"%",27081987,14.5,"%"
"   25 or older",14163197,73.5,,159313319,85.5,
,,,,,,
"Race/ethnicity",,,,,,
"   White",14846114,77.0,"%",142767917,76.7,"%"
"   Black",2231801,11.6,,18134397,9.8,
"   Hispanic",1615088,8.4,,18298101,9.9,
"   Other race",583999,3.0,,6708204,3.6,
,,,,,,
"Note: Detail may not add to total due to rounding.",,,,,,
"Sources:  Data on licensed drivers in the U.S. are estimated from the U.S. ",,,,,,
"Department of Transportation's 1995 Nationwide Personal Transportation ",,,,,,
"Survey; all other data are from the BJS 1999 Police-Public Contact Survey.",,,,,,
