"Bureau of Justice Statistics",,,,,,,,
"filename:  cdsp9905.csv",,,,,,,,
"table # 5. Of all licensed drivers, percent stopped at least once and more than once, 1999:",,,,,,,,
"Combined categories of gender, age, and race/ethnicity",,,,,,,,
"report title:  Characteristics of Drivers Stopped by Police, 1999; NCJ 191548",,,,,,,,
"data source:  Police Public Contact Survey, 1999",,,,,,,,
"authors:  Erica Schmitt, Matt Durose, Patrick Langan",,,,,,,,
"refer questions to:  askbjs@ojp.usdoj.gov  (202) 307-0765",,,,,,,,
"date of version:  February 5, 2002",,,,,,,,
,,,,,,,,
"Table 5. Of all licensed drivers, percent stopped at least once and more than once, 1999:",,,,,,,,
"Combined categories of gender, age, and race/ethnicity",,,,,,,,
,,,,,,,,
"Gender,","Number","Drivers stopped",,,"Drivers stopped",,,
"age, and","with driver's","at least once in 1999",,,"more than once in 1999",,,
"race/ethnicity","license","Number","Percent",,"Number",,"Percent",
,,,,,,,,
"Total",186322014,19277002,10.3,"%",3990339,,2.1,"%"
,,,,,,,,
"Males age 16-24",13956728,3188375,22.8,"%",1087236,,7.8,"%"
"   White",9752869,2370955,24.3,,756335,,7.8,
"   Black",1522862,302620,19.9,,156455,,10.3,
"   Hispanic",1994316,389739,19.5,,142644,,7.2,
"   Other race",709722,125062,17.6,,33642,"*",4.7,"*"
,,,,,,,,
"Males age 25 or older",79455735,8533433,10.7,"%",1621352,,2.0,"%"
"   White",61407387,6558127,10.7,,1219812,,2.0,
"   Black",7440523,1025076,13.8,,239868,,3.2,
"   Hispanic",7070674,704852,10.0,,130398,,1.8,
"   Other race",2990658,245378,8.2,,29200,,1.0,
,,,,,,,,
"Females age 16-24",13299365,1925429,14.5,"%",542971,,4.1,"%"
"  White",9307657,1453078,15.6,,433017,,4.7,
"  Black",1564859,226148,14.5,,50657,,3.2,
"  Hispanic",1757112,193881,11.0,,52736,,3.0,
"  Other race",632085,52322,8.3,,7011,"*",1.1,"*"
,,,,,,,,
"Females age 25 or older",79545810,5629764,7.1,"%",737499,,0.9,"%"
"   White",62841061,4463955,7.1,,580314,,0.9,
"   Black",7749022,677957,8.7,,100338,,1.3,
"   Hispanic",6045510,326616,5.4,,40174,,0.7,
"   Other race",2840768,161237,5.7,,17252,"*",0.6,"*"
,,,,,,,,
"Note: Detail may not add to total due to rounding.",,,,,,,,
"*Estimate are based on 10 or fewer sample cases.",,,,,,,,
"Sources:  Data on licensed drivers in the U.S. are estimated from the U.S. ",,,,,,,,
"Department of Transportation's 1995 Nationwide Personal Transportation ",,,,,,,,
"Survey; all other data are from the BJS 1999 Police-Public Contact Survey.",,,,,,,,
