Bureau of Justice Statistics,,,,,,,,,,,,,,,,,,,
Filename: rsorsp9yfu0514at05.csv,,,,,,,,,,,,,,,,,,,
"Appendix table 5. Standard errors for table 3: Cumulative percent of prisoners released in 30 states in 2005 who were arrested following release, by year following release and most serious commitment offense",,,,,,,,,,,,,,,,,,,
Report title: Recidivism of Sex Offenders Released from State Prison: A 9-Year Follow-Up (2005-14)   NCJ 251773,,,,,,,,,,,,,,,,,,,
"Data source: Bureau of Justice Statistics, Recidivism of State Prisoners Released in 2005 data collection, 2005�2014",,,,,,,,,,,,,,,,,,,
"Authors: Mariel Alper, Ph.D., and Matthew R. Durose, BJS Statisticians",,,,,,,,,,,,,,,,,,,
Refer questions to: askbjs@usdoj.gov or 202-307-0765 ,,,,,,,,,,,,,,,,,,,
Date of version: 05/30/2019,,,,,,,,,,,,,,,,,,,
,,,,,,,,,,,,,,,,,,,
"Appendix table 5. Standard errors for table 3: Cumulative percent of prisoners released in 30 states in 2005 who were arrested following release, by year following release and most serious commitment offense",,,,,,,,,,,,,,,,,,,
,,,,,,Most serious commitment offense,,,,,,,,,,,,,
,All prisoners,,,,,Rape/sexual assault,,,,,Assault,,,,,Offense other than rape/sexual assault,,,
Year after release,Year of first arrest,,Cumulative arrest percentage,,,Year of first arrest,,Cumulative arrest percentage,,,Year of first arrest,,Cumulative arrest percentage,,,Year of first arrest,,Cumulative arrest percentage,
1,0.29,%,0.29,%,,1.36,%,1.36,%,,1.1,%,1.1,%,,0.29,%,0.29,%
2,0.21,,0.27,,,0.9,,1.38,,,0.78,,1.02,,,0.22,,0.27,
3,0.15,,0.25,,,0.64,,1.37,,,0.57,,0.95,,,0.15,,0.25,
4,0.11,,0.23,,,0.47,,1.35,,,0.45,,0.88,,,0.12,,0.23,
5,0.09,,0.22,,,0.57,,1.31,,,0.38,,0.82,,,0.09,,0.22,
6,0.07,,0.21,,,0.49,,1.28,,,0.24,,0.8,,,0.07,,0.21,
7,0.06,,0.21,,,0.32,,1.26,,,0.17,,0.78,,,0.06,,0.21,
8,0.05,,0.2,,,0.26,,1.25,,,0.17,,0.77,,,0.06,,0.2,
9,0.05,,0.2,,,0.28,,1.24,,,0.12,,0.76,,,0.05,,0.2,
"Source: Bureau of Justice Statistics, Recidivism of State Prisoners Released in 2005 data collection, 2005�2014.",,,,,,,,,,,,,,,,,,,
