Bureau of Justice Statistics,,,,,,,,,,,,,,,,,,,
Filename: rsorsp9yfu0514at11.csv,,,,,,,,,,,,,,,,,,,
"Appendix table 11. Standard errors for table 9: Types of offenses for which prisoners were arrested within 9 years following release in 30 states in 2005, by most serious commitment offense",,,,,,,,,,,,,,,,,,,
Report title: Recidivism of Sex Offenders Released from State Prison: A 9-Year Follow-Up (2005-14)   NCJ 251773,,,,,,,,,,,,,,,,,,,
"Data source: Bureau of Justice Statistics, Recidivism of State Prisoners Released in 2005 data collection, 2005�2014",,,,,,,,,,,,,,,,,,,
"Authors: Mariel Alper, Ph.D., and Matthew R. Durose, BJS Statisticians",,,,,,,,,,,,,,,,,,,
Refer questions to: askbjs@usdoj.gov or 202-307-0765 ,,,,,,,,,,,,,,,,,,,
Date of version: 05/30/2019,,,,,,,,,,,,,,,,,,,
 ,,,,,,,,,,,,,,,,,,,
"Appendix table 11. Standard errors for table 9: Types of offenses for which prisoners were arrested within 9 years following release in 30 states in 2005, by most serious commitment offense",,,,,,,,,,,,,,,,,,,
,,,,Most serious commitment offense,,,,,,,,,,,,,,,
,,,,Violent,,,,,,,,,,,,,,,
Post-release arrest offense,,,Number of post-release arrest offenses,Homicide,,Rape/sexual assault,,Robbery,,Assault,,Other violent,,Property,,Drug ,,Public order,
,Any offense,,"24,074",0.01,%,0.17,%,0.25,%,0.39,%,0.16,%,0.57,%,0.55,%,0.34,%
Violent,,,,,,,,,,,,,,,,,,,
,Total,,"4,212",0.02,%,0.24,%,0.34,%,0.57,%,0.28,%,0.65,%,0.6,%,0.44,%
,,Homicide,335,0.29,,0.32,,1.08,,1.87,,2.04,,3.25,,2.75,,2.28,
,,Rape/sexual assault,504,0.06,,1.53,,1.38,,1.2,,0.66,,1.86,,1.8,,1.25,
,,Robbery,"1,086",0.03,,0.37,,0.91,,0.86,,0.3,,1.38,,1.27,,0.81,
,,Assault,"3,082",0.02,,0.21,,0.32,,0.64,,0.34,,0.68,,0.63,,0.47,
Property,,,"7,651",0.01,%,0.18,%,0.3,%,0.34,%,0.15,%,0.65,%,0.55,%,0.33,%
Drug,,,"8,728",0.01,%,0.16,%,0.3,%,0.42,%,0.13,%,0.73,%,0.77,%,0.45,%
Public order,,,"12,873",0.01,%,0.26,%,0.3,%,0.54,%,0.22,%,0.68,%,0.68,%,0.44,%
Percent of all released prisoners,,,,--,,0.13,,0.15,,0.19,,0.09,,0.28,,0.28,,0.18,
--Less than 0.005%.,,,,,,,,,,,,,,,,,,,
"Source: Bureau of Justice Statistics, Recidivism of State Prisoners Released in 2005 data collection, 2005�2014.",,,,,,,,,,,,,,,,,,,
