Bureau of Justice Statistics,,,,,,,,,,,,,,,,,,,,,,
Filename: rsorsp9yfu0514t08.csv,,,,,,,,,,,,,,,,,,,,,,
"Table 8. Annual arrest percentage of prisoners released in 30 states in 2005 after serving a sentence for rape/sexual assault or assault, by types of post-release arrest offenses",,,,,,,,,,,,,,,,,,,,,,
Report title: Recidivism of Sex Offenders Released from State Prison: A 9-Year Follow-Up (2005-14)   NCJ 251773,,,,,,,,,,,,,,,,,,,,,,
"Data source: Bureau of Justice Statistics, Recidivism of State Prisoners Released in 2005 data collection, 2005�2014",,,,,,,,,,,,,,,,,,,,,,
"Authors: Mariel Alper, Ph.D., and Matthew R. Durose, BJS Statisticians",,,,,,,,,,,,,,,,,,,,,,
Refer questions to: askbjs@usdoj.gov or 202-307-0765 ,,,,,,,,,,,,,,,,,,,,,,
Date of version: 05/30/2019,,,,,,,,,,,,,,,,,,,,,,
 ,,,,,,,,,,,,,,,,,,,,,,
"Table 8. Annual arrest percentage of prisoners released in 30 states in 2005 after serving a sentence for rape/sexual assault or assault, by types of post-release arrest offenses",,,,,,,,,,,,,,,,,,,,,,
Most serious commitment offense and type of post-release arrest offense,,,Total arrested within 9 years,,Year 1,,Year 2,,Year 3,,Year 4,,Year 5,,Year 6,,Year 7,,Year 8,,Year 9,
Commitment offense: Rape or sexual assault,,,,,,,,,,,,,,,,,,,,,,
,Post-release arrest offense,,,,,,,,,,,,,,,,,,,,,
,,Violent,28.1,%,6.6,%,6.4,%,5.3,%,5.4,%,5.3,%,3.7,%,4.1,%,3,%,2.6,%
,,Property,24.2,,5.7,,5.7,,4.7,,4,,4.7,,3.8,,4.2,,4.5,,3.1,
,,Drug ,18.5,,4.2,,4.5,,3.8,,1.9,,3.3,,3,,3.1,,3.1,,3.3,
,,Public order ,58.9,,23.4,,20.9,,19.5,,15.3,,14.7,,14.7,,13.9,,13.4,,13,
Commitment offense: Assault,,,,,,,,,,,,,,,,,,,,,,
,Post-release arrest offense,,,,,,,,,,,,,,,,,,,,,
,,Violent,50.7,%,12.9,%,13.1,%,10.4,%,11.1,%,11.6,%,8.1,%,8.6,%,8.6,%,7.5,%
,,Property,44.3,,12.5,,10.7,,11.1,,8.8,,7.9,,8,,8.7,,8.9,,8.3,
,,Drug ,43.2,,11.5,,12.1,,7.8,,9.2,,8.7,,8.1,,8.7,,9,,8,
,,Public order,69.6,,30.9,,25.1,,23.2,,22.4,,20,,19.3,,19.2,,19.6,,16.3,
"Note: Persons could have been in prison for more than one offense, the most serious of which is reported. See appendix table 10 for standard errors.",,,,,,,,,,,,,,,,,,,,,,
"Source: Bureau of Justice Statistics, Recidivism of State Prisoners Released in 2005 data collection, 2005�2014.",,,,,,,,,,,,,,,,,,,,,,
