Bureau of Justice Statistics,
Filename: rsorsp9yfu0514f01.csv,
Figure 1. Annual arrest percentage of prisoners released in 30 states in 2005 after serving a sentence for rape/sexual assault,
Report title: Recidivism of Sex Offenders Released from State Prison: A 9-Year Follow-Up (2005-14)   NCJ 251773,
"Data source: Bureau of Justice Statistics, Recidivism of State Prisoners Released in 2005 data collection, 2005�2014",
"Authors: Mariel Alper, Ph.D., and Matthew R. Durose, BJS Statisticians",
Refer questions to: askbjs@usdoj.gov or 202-307-0765 ,
Date of version: 05/30/2019,
 ,
Figure 1. Annual arrest percentage of prisoners released in 30 states in 2005 after serving a sentence for rape/sexual assault,
Percent of released prisoners arrested,
Year after release,Annual arrest percentage
1st,29
2nd,26.6
3rd,24.2
4th,19.3
5th,20.2
6th,19.5
7th,17.6
8th,17.3
9th,16.1
"Note: The denominator is the 20,195 prisoners released in 30 states in 2005 after serving a sentence for rape/sexual assault. See table 7 for estimates and appendix table 9 for standard errors.",
"Source: Bureau of Justice Statistics, Recidivism of State Prisoners Released in 2005 data collection, 2005�2014.",
