Bureau of Justice Statistics,,,,,,,,,,,,,,,,,,,,,,
Filename: rsorsp9yfu0514t09.csv,,,,,,,,,,,,,,,,,,,,,,
"Table 9. Types of offenses for which prisoners were arrested within 9 years following release in 30 states in 2005, by most serious commitment offense",,,,,,,,,,,,,,,,,,,,,,
Report title: Recidivism of Sex Offenders Released from State Prison: A 9-Year Follow-Up (2005-14)   NCJ 251773,,,,,,,,,,,,,,,,,,,,,,
"Data source: Bureau of Justice Statistics, Recidivism of State Prisoners Released in 2005 data collection, 2005�2014",,,,,,,,,,,,,,,,,,,,,,
"Authors: Mariel Alper, Ph.D., and Matthew R. Durose, BJS Statisticians",,,,,,,,,,,,,,,,,,,,,,
Refer questions to: askbjs@usdoj.gov or 202-307-0765 ,,,,,,,,,,,,,,,,,,,,,,
Date of version: 05/30/2019,,,,,,,,,,,,,,,,,,,,,,
 ,,,,,,,,,,,,,,,,,,,,,,
"Table 9. Types of offenses for which prisoners were arrested within 9 years following release in 30 states in 2005, by most serious commitment offense",,,,,,,,,,,,,,,,,,,,,,
,,,,,Most serious commitment offense,,,,,,,,,,,,,,,,,
,,,,,,,Violent,,,,,,,,,,,,,,,
Post-release arrest offense,,,Number of post-release arrest offenses,,Total,,Homicide,,Rape/sexual assault,,Robbery,,Assault,,Other violent,,Property,,Drug ,,Public order,
,Any offense,,"2,900,000",,100,%,0.9,%,2.8,%,6.6,%,9.8,%,1.9,%,35.1,%,31.8,%,11.2,%
Violent,,,,,,,,,,,,,,,,,,,,,,
,Total*,,"347,000",,100,%,1.3,%,3.3,%,8.8,%,14.2,%,2.8,%,30,%,26.5,%,13.2,%
,,Homicide,"5,000",,100,%,4.5,,1.2,,8.2,,10.6,,5.4,,27.6,,28.1,,14.5,
,,Rape/sexual assault,"12,000",,100,%,1.4,,15.6,,10.4,,10.1,,3,,27.7,,19.9,,11.9,
,,Robbery,"40,000",,100,%,1,,2.2,,16.3,,9.4,,1.8,,35.1,,23.8,,10.4,
,,Assault,"232,000",,100,%,1.3,,2.7,,7.5,,15.5,,2.6,,29.9,,27.1,,13.6,
Property,,,"688,000",,100,%,0.7,%,1.8,%,7,%,7.4,%,1.5,%,47,%,24.6,%,10,%
Drug,,,"673,000",,100,%,0.8,%,1.5,%,5.7,%,7.7,%,1.1,%,29.4,%,44.6,%,9.2,%
Public order,,,"1,193,000",,100,%,1,%,3.9,%,6.1,%,11.1,%,2.3,%,33,%,30.3,%,12.3,%
Percent of all released prisoners,,,,,100,%,1.9,%,5,%,7.2,%,9.6,%,2.1,%,29.7,%,31.9,%,12.7,%
"Note: An arrest may involve charges for more than one type of offense. Each unique offense category included in an arrest is counted once. There were an estimated 1,990,000 post-release arrests of the 401,288 prisoners released in 30 states in 2005, and these included approximately 2,900,000 different offenses. Persons could have been in prison for more than one offense, the most serious of which is reported. Number of post-release arrest offenses for each sub-category was rounded to the nearest 1,000. See appendix table 11 for standard errors.",,,,,,,,,,,,,,,,,,,,,,
"*Includes other miscellaneous violent offenses, not shown separately.",,,,,,,,,,,,,,,,,,,,,,
"Source: Bureau of Justice Statistics, Recidivism of State Prisoners Released in 2005 data collection, 2005�2014.",,,,,,,,,,,,,,,,,,,,,,
