Bureau of Justice Statistics,,,,,,,,,,,,
Filename: rsorsp9yfu0514at01.csv,,,,,,,,,,,,
"Appendix table 1. Most serious commitment offense of prisoners released in 30 states in 2005, by sex of offender",,,,,,,,,,,,
Report title: Recidivism of Sex Offenders Released from State Prison: A 9-Year Follow-Up (2005-14)   NCJ 251773,,,,,,,,,,,,
"Data source: Bureau of Justice Statistics, Recidivism of State Prisoners Released in 2005 data collection, 2005�2014",,,,,,,,,,,,
"Authors: Mariel Alper, Ph.D., and Matthew R. Durose, BJS Statisticians",,,,,,,,,,,,
Refer questions to: askbjs@usdoj.gov or 202-307-0765 ,,,,,,,,,,,,
Date of version: 05/30/2019,,,,,,,,,,,,
,,,,,,,,,,,,
"Appendix table 1. Most serious commitment offense of prisoners released in 30 states in 2005, by sex of offender",,,,,,,,,,,,
,,All prisoners,,,,Male,,,,Female,,
Most serious commitment offense,,Number,Percent,,,Number,Percent,,,Number,Percent,
,Total,"401,288",100,%,,"358,398",100,%,,"42,890",100,%
Violent ,,"103,197",25.7,%,,"96,879",27,%,,"6,317",14.7,%
,Homicide,"7,569",1.9,,,"6,869",1.9,,,700,1.6,
,Rape/sexual assault,"20,195",5,,,"19,871",5.5,,,324,0.8,
,Robbery,"28,717",7.2,,,"27,046",7.5,,,"1,671",3.9,
,Assault,"38,468",9.6,,,"35,771",10,,,"2,697",6.3,
,Other violent,"8,247",2.1,,,"7,323",2,,,924,2.2,
Property,,"119,323",29.7,%,,"103,013",28.7,%,,"16,310",38,%
Drug ,,"127,890",31.9,%,,"111,565",31.1,%,,"16,325",38.1,%
Public order,,"50,879",12.7,%,,"46,940",13.1,%,,"3,939",9.2,%
"Note: Persons could have been in prison for more than one offense, the most serious of which is reported. See appendix table 2 for standard errors.",,,,,,,,,,,,
"Source: Bureau of Justice Statistics, Recidivism of State Prisoners Released in 2005 data collection, 2005�2014.",,,,,,,,,,,,
