Bureau of Justice Statistics,,,,,,,,,,,,,,,,,,,,,
Filename: rsorsp9yfu0514at04.csv,,,,,,,,,,,,,,,,,,,,,
"Appendix table 4. Standard errors for table 2: Percent of prisoners released in 30 states in 2005 who were arrested within 9 years following release, by most serious commitment offense and types of post-release arrest charges",,,,,,,,,,,,,,,,,,,,,
Report title: Recidivism of Sex Offenders Released from State Prison: A 9-Year Follow-Up (2005-14)   NCJ 251773,,,,,,,,,,,,,,,,,,,,,
"Data source: Bureau of Justice Statistics, Recidivism of State Prisoners Released in 2005 data collection, 2005�2014",,,,,,,,,,,,,,,,,,,,,
"Authors: Mariel Alper, Ph.D., and Matthew R. Durose, BJS Statisticians",,,,,,,,,,,,,,,,,,,,,
Refer questions to: askbjs@usdoj.gov or 202-307-0765 ,,,,,,,,,,,,,,,,,,,,,
Date of version: 05/30/2019,,,,,,,,,,,,,,,,,,,,,
,,,,,,,,,,,,,,,,,,,,,
"Appendix table 4. Standard errors for table 2: Percent of prisoners released in 30 states in 2005 who were arrested within 9 years following release, by most serious commitment offense and types of post-release arrest charges",,,,,,,,,,,,,,,,,,,,,
,,Post-release arrest offense,,,,,,,,,,,,,,,,,,,
 ,,,,,Violent,,,,,,,,,,,,,,,,
Most serious commitment offense,,Any offense,,,Total violent,,Homicide,,Rape/sexual assault,,Robbery,,Assault,,,Property,,Drug ,,Public order,
,All prisoners,0.2,%,,0.29,%,0.07,%,0.1,%,0.18,%,0.28,%,,0.3,%,0.3,%,0.24,%
Violent,,0.45,%,,0.59,%,0.13,%,0.24,%,0.36,%,0.57,%,,0.59,%,0.59,%,0.52,%
,Homicide,0.06,,,0.06,,0.02,,0.02,,0.02,,0.05,,,0.05,,0.05,,0.06,
,Rape/sexual assault,1.24,,,1.25,,0.06,,0.72,,0.61,,1.07,,,1.21,,1.12,,1.3,
,Robbery,0.74,,,1.07,,0.18,,0.44,,0.8,,1.01,,,1.07,,1.08,,0.93,
,Assault,0.76,,,1.09,,0.25,,0.36,,0.62,,1.08,,,1.09,,1.09,,0.91,
Property,,0.33,%,,0.56,%,0.12,%,0.18,%,0.36,%,0.53,%,,0.54,%,0.56,%,0.45,%
Drug ,,0.35,%,,0.51,%,0.12,%,0.14,%,0.28,%,0.48,%,,0.53,%,0.51,%,0.45,%
Public order,,0.56,%,,0.76,%,0.2,%,0.19,%,0.46,%,0.72,%,,0.77,%,0.77,%,0.66,%
Rape/sexual assault,,1.24,%,,1.25,%,0.06,%,0.72,%,0.61,%,1.07,%,,1.21,%,1.12,%,1.3,%
Offense other than rape/sexual assault,,0.2,%,,0.3,%,0.07,%,0.09,%,0.18,%,0.29,%,,0.31,%,0.3,%,0.24,%
"Source: Bureau of Justice Statistics, Recidivism of State Prisoners Released in 2005 data collection, 2005�2014.",,,,,,,,,,,,,,,,,,,,,
