"Bureau of Justice Statistics",,,,,,,,,,,
"filename:  NCRP9607.csv",,,,,,,,,,,
"data source:  National Corrections Reporting Program, 1996",,,,,,,,,,,
"produced by: Todd Minton",,,,,,,,,,,
"author:  Paula M. Ditton (202) 305-9014 dittonp@ojp.usdoj.gov",,,,,,,,,,,
"date of version 02/19/99",,,,,,,,,,,
,,,,,,,,,,,
"NCRP9607 -  New court commitments to State prison, 1996:  Sentence ",,,,,,,,,,,
"length and minimum time to be served, by offense",,,,,,,,,,,
,,,,,,,,,,,
,,,"     New court commitments to State prison",,,,,,,,
"    ",,,,,,,,,,,
"Most serious",,,"Maximum sentence length\1",,,,,"Minimum time to be served\2",,,
"offense","    All",,"    Median\3",,"    Mean\4",,,"Median",,"Mean",
,,,,,,,,,,,
"         All offenses",100.0,"%",48,"mos.",77,"mos.",,24,"mos.",43,"mos."
,,,,,,,,,,,
"Violent offenses",29.6,"%",84,"mos.",121,"mos.",,39,"mos.",71,"mos."
"   Homicide",4.2,,300,,235,,,144,,166,
"      Murder/nonnegligent manslaughter",3.1,,503,,302,,,240,,215,
"         Murder",2.8,,600,,316,,,240,,230,
"         Nonnegligent manslaughter",0.2,,240,,217,,,84,,85,
"      Negligent manslaughter",1.1,,96,,128,,,39,,57,
"      Unspecified homicide",0.1,,"    Life",,190,,,"Life",,89,
"   Kidnaping",0.6,,120,,148,,,58,,98,
"   Rape",2.4,,120,,151,,,52,,75,
"   Other sexual assault",3.9,,72,,111,,,39,,66,
"   Robbery",9.5,,84,,119,,,38,,61,
"   Assault",7.6,,60,,84,,,29,,46,
"   Other violent",1.3,,48,,66,,,21,,38,
,,,,,,,,,,,
"Property offenses",29.8,"%",36,"mos.",60,"mos.",,24,"mos.",30,"mos."
"   Burglary",11.9,,56,,78,,,27,,37,
"   Larceny/theft",7.5,,36,,44,,,21,,26,
"   Motor vehicle theft",1.8,,36,,48,,,21,,30,
"   Arson",0.7,,61,,101,,,35,,45,
"   Fraud",4.6,,36,,49,,,18,,23,
"   Stolen property",2.0,,36,,44,,,18,,21,
"   Other property",1.3,,36,,44,,,18,,27,
,,,,,,,,,,,
"Drug offenses",31.1,"%",48,"mos.",64,"mos.",,24,"mos.",32,"mos."
"   Possession",8.3,,48,,54,,,24,,30,
"   Trafficking",17.9,,48,,71,,,26,,35,
"   Other/unspecified drug",4.9,,36,,54,,,18,,26,
,,,,,,,,,,,
"Public-order offenses",8.6,"%",36,"mos.",47,"mos.",,18,"mos.",26,"mos."
"   Weapons",2.7,,36,,52,,,24,,34,
"   Driving while intoxicated",1.9,,36,,46,,,12,,18,
"   Other public-order",3.9,,30,,44,,,18,,24,
,,,,,,,,,,,
"Other offenses",0.9,"%",40,"mos.",65,"mos.",,24,"mos.",43,"mos."
,,,,,,,,,,,
"         Number of admissions",123720,," ",," ",,," ",," ",
,,,,,,,,,,,
,,,,,,,,,,,
"Note:  Data are based on new court commitments with",,,,"1\Maximum sentence length is the sentence length that ",,,,,,,
"a total sentence of more than a year for whom sentence",,,,"an offender may be required to serve for the most ",,,,,,,
"length and minimum time to be served were reported.",,,,"serious offense.",,,,,,,
"Data on minimum time to be served and maximum",,,,"2\Minimum time to be served is the jurisdiction's estimate",,,,,,,
"sentence length were reported for 44.7% of the 276,663",,,,"of the shortest time that each admitted prisoner must",,,,,,,
"new court commitments with a total sentence length of ",,,,"serve before becoming eligible for release.",,,,,,,
"more than a year for whom the most serious offense",,,,"3\Includes sentences of life without parole, life plus",,,,,,,
"was reported.",,,,"additional years, life, and death.",,,,,,,
,,,,"4\Excludes sentences of life without parole, life plus",,,,,,,
,,,,"additional years, life, and death.",,,,,,,
