"Bureau of Justice Statistics",,,,,,,,,,,,,,,,,,,,
"filename:  NCRP9611.csv",,,,,,,,,,,,,,,,,,,,
"data source:  National Corrections Reporting Program, 1996",,,,,,,,,,,,,,,,,,,,
"produced by: Todd Minton",,,,,,,,,,,,,,,,,,,,
"author:  Paula M. Ditton (202) 305-9014 dittonp@ojp.usdoj.gov",,,,,,,,,,,,,,,,,,,,
"date of version 02/19/99",,,,,,,,,,,,,,,,,,,,
,,,,,,,,,,,,,,,,,,,,
"NCRP9611 -  First releases from State prison, 1996:  Sentence length and ",,,,,,,,,,,,,,,,,,,,
"time served in prison, by offense and race",,,,,,,,,,,,,,,,,,,,
,,,,,,,,,,,,,,,,,,,,
,"First releases from State prison",,,,,,,,,,,,,,,,,,,
,,,,,,,,,,,,,,,,,,,,
,,,,"White",," ",,,,,,,,,"Black",," ",,,
"Most serious","Maximum sentence length\1",,,,,"Time served in prison",,,,,,"Maximum sentence length",,,,,"Time served in prison",,,
"offense","Median\2",,"    Mean\3",,,"Median",,"  Mean",,,,"Median",,"    Mean",,,"Median",,"    Mean",
,,,,,,,,,,,,,,,,,,,,
"         All offenses",36,"mos.",57,"mos.",,14,"mos.",23,"mos.",,,48,"mos.",66,"mos.",,16,"mos.",25,"mos."
,,,,,,,,,,,,,,,,,,,,
"Violent offenses",60,"mos.",78,"mos.",,24,"mos.",36,"mos.",,,60,"mos.",92,"mos.",,29,"mos.",41,"mos."
"   Homicide",96,,123,,,43,,58,,,,125,,156,,,55,,70,
"      Murder/nonnegligent manslaughter",132,,170,,,68,,83,,,,180,,192,,,70,,87,
"         Murder",186,,205,,,82,,96,,,,192,,210,,,76,,94,
"         Nonnegligent manslaughter",84,,107,,,56,,55,,,,132,,145,,,63,,66,
"      Negligent manslaughter",72,,85,,,28,,37,,,,96,,111,,,37,,47,
"      Unspecified homicide",90,,101,,,31,,59,,,,"- -",,"- -",,,"- -",,"- -",
"   Kidnaping",60,,85,,,30,,42,,,,72,,99,,,34,,45,
"   Rape",82,,107,,,45,,55,,,,96,,127,,,54,,71,
"   Other sexual assault",60,,81,,,31,,39,,,,60,,83,,,31,,40,
"   Robbery",60,,86,,,26,,37,,,,72,,98,,,31,,41,
"   Assault",36,,54,,,16,,24,,,,48,,64,,,20,,29,
"   Other violent",36,,47,,,14,,20,,,,48,,59,,,19,,24,
,,,,,,,,,,,,,,,,,,,,
"Property offenses",36,"mos.",55,"mos.",,13,"mos.",20,"mos.",,,42,"mos.",57,"mos.",,14,"mos.",22,"mos."
"   Burglary",48,,67,,,16,,24,,,,60,,72,,,19,,29,
"   Larceny/theft",36,,46,,,11,,17,,,,36,,47,,,12,,19,
"   Motor vehicle theft",30,,39,,,11,,17,,,,36,,50,,,13,,20,
"   Arson",60,,81,,,19,,29,,,,60,,82,,,24,,31,
"   Fraud",36,,51,,,12,,18,,,,36,,50,,,12,,17,
"   Stolen property",24,,37,,,11,,15,,,,36,,46,,,13,,19,
"   Other property",36,,42,,,11,,17,,,,36,,44,,,11,,17,
,,,,,,,,,,,,,,,,,,,,
"Drug offenses",36,"mos.",49,"mos.",,12,"mos.",18,"mos.",,,48,"mos.",61,"mos.",,14,"mos.",20,"mos."
"   Possession",36,,46,,,10,,15,,,,48,,56,,,11,,18,
"   Trafficking",36,,52,,,15,,19,,,,48,,68,,,16,,21,
"   Other/unspecified drug",24,,42,,,10,,15,,,,36,,46,,,13,,18,
,,,,,,,,,,,,,,,,,,,,
"Public-order offenses",24,"mos.",38,"mos.",,11,"mos.",15,"mos.",,,36,"mos.",41,"mos.",,12,"mos.",18,"mos."
"   Weapons",24,,37,,,12,,17,,,,36,,44,,,13,,18,
"   Driving while intoxicated",24,,35,,,10,,13,,,,24,,30,,,8,,10,
"   Other public-order",27,,42,,,12,,18,,,,33,,42,,,12,,19,
,,,,,,,,,,,,,,,,,,,,
"Other offenses",36,"mos.",48,"mos.",,12,"mos.",18,"mos.",,,48,"mos.",56,"mos.",,14,"mos.",20,"mos."
,,,,,,,,,,,,,,,,,,,,
"         Number of releases",," ",99391,,," "," ",99391,,," ",," ",110277,,," "," ",110277,
,,,,,,,,,,,,,,,,,,,,
"--No statistic was calculated because there were ",,,,,,,,,,,,,,,,,,,,
"fewer than 10 cases. ",,,,,,,,,,,,,,,,,,,,
"Note: Data are on all first releases with a total",,,,,,,,,,,,,,,,,,,,
"sentence of more than a year for whom the most serious",,,,,,,,,,,,,,,,,,,,
"offense, maximum sentence length, time served in prison,",,,,,,,,,,,,,,,,,,,,
"and race were reported. ",,,,,,,,,,,,,,,,,,,,
"1\Sentence length refers to the maximum",,,,,,,,,,,,,,,,,,,,
"sentence that an offender may be required",,,,,,,,,,,,,,,,,,,,
"to serve for the most serious offense.",,,,,,,,,,,,,,,,,,,,
"2\Includes sentences of life without parole, ",,,,,,,,,,,,,,,,,,,,
"life plus additional years, life, and death.",,,,,,,,,,,,,,,,,,,,
"3\Excludes sentences of life without parole,",,,,,,,,,,,,,,,,,,,,
"life plus additional years, life, and death.",,,,,,,,,,,,,,,,,,,,
