"Bureau of Justice Statistics",,,,,,,,,,,,,,,,,
"filename:  NCRP9606.csv",,,,,,,,,,,,,,,,,
"data source:  National Corrections Reporting Program, 1996",,,,,,,,,,,,,,,,,
"produced by: Todd Minton",,,,,,,,,,,,,,,,,
"author:  Paula M. Ditton (202) 305-9014 dittonp@ojp.usdoj.gov",,,,,,,,,,,,,,,,,
"date of version 02/19/99",,,,,,,,,,,,,,,,,
,,,,,,,,,,,,,,,,,
"NCRP9606 -  State prison admissions, 1996:  Sentence length,",,,,,,,,,,,,,,,,,
"by offense and admission type",,,,,,,,,,,,,,,,,
,,,,,,,,,,,,,,,,,
,,,,,,,,,,,,,,,,,
," ",,,"  New court commitments ",,,,,," ",,,"  Parole revocations",,,,
"Most serious",,,,"Maximum sentence length\1",,,,,,,,,"Maximum sentence length",,,,
"offense","      All",,,"Median\2",,,"Mean\3",,,"All",,,"Median",,,"Mean",
,,,,,,,,,,,,,,,,,
"         All offenses",100.0,"%",,48,"mos.",,68,"mos.",,100.0,"%",,36,"mos.",,62,"mos."
,,,,,,,,,,,,,,,,,
"Violent offenses",29.7,"%",,72,"mos.",,105,"mos.",,24.5,"%",,60,"mos.",,86,"mos."
"   Homicide",3.9,,,240,,,203,,,1.9,,,132,,,147,
"      Murder/nonnegligent manslaughter",2.8,,,480,,,263,,,1.4,,,180,,,168,
"         Murder",2.4,,,1188,,,295,,,1.0,,,240,,,202,
"         Nonnegligent manslaughter",0.3,,,132,,,140,,,0.4,,,72,,,114,
"      Negligent manslaughter",1.1,,,84,,,119,,,0.5,,,72,,,97,
"      Unspecified homicide",0.1,,,300,,,191," ",,0.0,"*",,180,,,156," "
"   Kidnaping",0.6,,,84,,,128,,,0.5,,,60,,,90,
"   Rape",1.9,,,120,,,143,,,1.4,,,96,,,117,
"   Other sexual assault",4.2,,,72,,,109,,,2.4,,,72,,,84,
"   Robbery",9.2,,,72,,,101,,,10.9,,,60,,,94,
"   Assault",8.7,,,48,,,72,,,6.7,,,36,,,57,
"   Other violent",1.1,,,44,,,60,,,0.7,,,36,,,46,
,,,,,,,,,,,,,,,,,
"Property offenses",29.0,"%",,36,"mos.",,54,"mos.",,35.1,"%",,36,"mos.",,58,"mos."
"   Burglary",12.0,,,48,,,67,,,15.7,,,48,,,70,
"   Larceny/theft",7.5,,,36,,,43,,,9.7,,,24,,,46,
"   Motor vehicle theft",2.1,,,36,,,41,,,3.7,,,32,,,41,
"   Arson",0.6,,,60,,,87,,,0.4,,,60,,,88,
"   Fraud",4.0,,,36,,,47,,,3.1,,,36,,,59,
"   Stolen property",2.0,,,32,,,40,,,2.0,,,36,,,48,
"   Other property",0.8,,,36,,,45,,,0.5,,,36,,,53,
,,,,,,,,,,,,,,,,,
"Drug offenses",30.3,"%",,36,"mos.",,57,"mos.",,31.0,"%",,36,"mos.",,53,"mos."
"   Possession",8.0,,,36,,,51,,,7.0,,,36,,,55,
"   Trafficking",17.3,,,48,,,62,,,16.1,,,48,,,61,
"   Other/unspecified drug",5.0,,,36,,,49,,,7.9,,,24,,,35,
,,,,,,,,,,,,,,,,,
"Public-order offenses",10.3,"%",,36,"mos.",,44,"mos.",,8.1,"%",,32,"mos.",,43,"mos."
"   Weapons",2.8,,,36,,,46,,,3.2,,,32,,,42,
"   Driving while intoxicated",3.2,,,36,,,40,,,2.4,,,24,,,36,
"   Other public-order",4.3,,,36,,,46,,,2.5,,,36,,,53,
,,,,,,,,,,,,,,,,,
"Other offenses",0.6,"%",,36,"mos.",,63,"mos.",,1.3,"%",,24,"mos.",,34,"mos."
,,,,,,,,,,,,,,,,,
"         Number of admissions",272139,,," ",,," ",,,152719,,," ",,," ",
,,,,,,,,,,,,,,,,,
,,,,,,,,,,,,,,,,,
"Note:  Data on maximum sentence length were ",,,,"*Less than 0.05%",,,,,,,,,,,,,
"reported for 98.4% of the 272,154 new court ",,,,"1\Maximum sentence length is the sentence length",,,,,,,,,,,,,
"commitments with a total sentence of more",,,,"that an offender may be required to serve",,,,,,,,,,,,,
"than a year for whom the most serious",,,,"for the most serious offense.",,,,,,,,,,,,,
"offense was reported.  Data on maximum",,,,"2\Includes sentences of life without parole,",,,,,,,,,,,,,
"sentence length were reported for 99.9% of the",,,,"life plus additional years, life, and death.",,,,,,,,,,,,,
"152,729 parole violators with a total sentence of ",,,,"3\Excludes sentences of life without parole,",,,,,,,,,,,,,
"more than a year for whom the most serious",,,,"life plus additional years, life, and death.",,,,,,,,,,,,,
"offense was reported.",,,,,,,,,,,,,,,,,
"Detail may not add to total because of rounding.",,,,,,,,,,,,,,,,,
