"Filename: cf971_03.csv",,,,
"Table #:  1.3.",,,,
"Report title:  Compendium of Federal Justice Statistics, 1997, NCJ-176328",,,,
"Data source:  Federal justice statistics database maintained by The Urban Institute",,,,
"Contact:  John Scalia  (202) 616-3276",,,,
"Date of version:  May 11, 1999",,,,
,,,,
"Table 1.3.  Basis for declination of prosecution by ",,,,
,"U.S. attorneys, October 1, 1996 - September 30, 1997",,,
,,,,
,,,"Suspects in criminal matters",
,,,"declined by U.S. attorneys",
"Basis for declination",,,"Number","Percent\a"
," Total declinations\b",,29069,100
"No crime",,,6471,23.0
,"No true bill returned",,15,0.1
,"No Federal offense",,2453,8.7
,"Lack of criminal intent",,4003,14.2
"Referred or handled in other prosecution",,,6312,22.4
,"Removed",,1214,4.3
,"Prosecuted on other charges",,1481,5.3
,"Prosecuted by other authorities",,3608,12.8
,"Complaint combined with other indicators",,9,"--"
"Alternative resolution",,,1669,5.9
,"Restitution",,119,0.4
,"Civil or administrative alternative",,780,2.8
,"Pretrial diversion",,770,2.7
"Suspect-related reasons",,,787,2.8
,"Suspect serving sentence",,115,0.4
,"No known suspect",,378,1.3
,"Suspect a fugitive",,77,0.3
,"Suspect deceased",,189,0.7
,"Suspect deported",,28,0.1
"Case-related reasons",,,7856,27.9
,"Stale case",,343,1.2
,"Weak evidence",,6676,23.7
,"Statute of limitations exceeded",,155,0.5
,"Jurisdiction or venue problems",,279,1.0
,"Witness problems",,403,1.4
"All other reasons",,,5096,18.1
,"Minimal Federal interest",,1030,3.7
,"Petite policy",,66,0.2
,"Lack of resources",,787,2.8
,"Court policy",,1,"--"
,"DOJ policy",,455,1.6
,"U.S. attorney policy",,821,2.9
,"Agency request",,1559,5.5
,"Juvenile suspect",,69,0.2
,"Offender's health, age, prior record, or other personal circumstances",,110,0.4
,"Suspect's cooperation",,194,0.7
,"Motion hearings",,4,"--"
"Unknown or indeterminable reason",,,878,
,,,,
"--Less than .05%.",,,,
"(SEE PRINTED REPORT FOR FOOTNOTES)",,,,
