"Filename: cf971_01.csv",,,,
"Table #:  1.1.",,,,
"Report title:  Compendium of Federal Justice Statistics, 1997, NCJ-176328",,,,
"Data source:  Federal justice statistics database maintained by The Urban Institute",,,,
"Contact:  John Scalia  (202) 616-3276",,,,
"Date of version:  May 11, 1999",,,,
,,,,
"Table 1.1.  Suspects in matters received by U.S. attorneys,",,,,
,,"by offense, October 1, 1996 - September 30, 1997",,
,,,,
,,,"Suspects in criminal matters",
,,,"received by U.S. attorneys",
"Most serious offense investigated\a",,,"Number","Percent\b"
,," All offenses\c",110034,100
"Violent offenses",,,7354,6.8
,"Murder/manslaughter\d",,641,0.6
,"Negligent manslaughter",,1,"--"
,"Assault",,1252,1.2
,"Robbery",,3396,3.1
,"Rape",,762,0.7
,"Other sex offenses\d",,836,0.8
,"Kidnaping",,331,0.3
,"Threats against the President",,135,0.1
"Property offenses",,,29916,27.6
,"Fraudulent",,25854,23.9
,,"Embezzlement",4133,3.8
,,"Fraud\c",19331,17.8
,,"Forgery",1849,1.7
,,"Counterfeiting",541,0.5
,"Other",,4062,3.7
,,"Burglary",65,0.1
,,"Larceny\d",1742,1.6
,,"Motor vehicle theft",792,0.7
,,"Arson and explosives",831,0.8
,,"Transportation of stolen property",181,0.2
,,"Other property offenses\d",451,0.4
"Drug offenses",,,34027,31.4
"Public-order offenses",,,37093,34.2
,"Regulatory",,5423,5.0
,,"Agriculture",395,0.4
,,"Antitrust",34,"--"
,,"Food and drug",244,0.2
,,"Transportation",282,0.3
,,"Civil rights",1783,1.6
,,"Communications",123,0.1
,,"Custom laws",391,0.4
,,"Postal laws",212,0.2
,,"Other regulatory offenses",1959,1.8
,"Other",,31670,29.2
,,"Weapons",4870,4.5
,,"Immigration offenses",9366,8.6
,,"Tax law violations\d",1403,1.3
,,"Bribery",403,0.4
,,"Perjury, contempt and intimidation",745,0.7
,,"National defense",358,0.3
,,"Escape",3438,3.2
,,"Racketeering and extortion",3483,3.2
,,"Gambling",242,0.2
,,"Liquor offenses",13,"--"
,,"Obscene material\d",12,"--"
,,"Migratory birds",182,0.2
,,"Conspiracy, aiding and abetting, traffic, and jurisdictional offenses",4582,4.2
,,"All other offenses\d",2573,2.4
"Unknown or indeterminable offense",,,1644,
"--Less than .05%",,,,
"(SEE PRINTED REPORT FOR FOOTNOTES)",,,,
