"Filename: cf971_NT.csv",,,
"Table #:  Chapter notes for Chapter 1",,,
"Report title:  Compendium of Federal Justice Statistics, 1997, NCJ-176328",,,
"Data source:  Federal justice statistics database maintained by The Urban Institute",,,
"Contact:  John Scalia  (202) 616-3276",,,
"Date of version:  May 11, 1999",,,
,,,
"Chapter 1 notes:  Number of appellants in appeals filed and and concluded by",,,
,"U.S. attorneys, by offense category, October 1, 1996 - September 30, 1997",,
,,,
,,"Number of appellants in appeals--",
"Most serious offense",,"filed and handled","concluded"
"investigated",,"by U.S. attorneys","by U.S. attorneys"
,,,
," All offenses",11698,9209
"Violent offenses",,1045,719
"Property offenses",,2206,1807
,"Fraudulent offenses",1839,1543
,"Other offenses",367,264
"Drug offenses",,5517,4408
"Public-order offenses",,2930,2275
,"Regulatory offenses      ",200,132
,"Other offenses",2730,2143
"Unknown or indeterminable offense",,118,92
