"Bureau of Justice Statistics",,,
"filename:  cslle0005.csv",,,
"Table 5. Local police departments, by size of agency, June 2000",,,
"title: Census of State and local law enforcement agencies, NCJ 194066",,,
"data source:  Law Enforcement Management and Administrative Statistics (LEMAS) program",,,
"authors:  Brian A. Reaves, Ph.D., and Matthew J. Hickman",,,
"refer questions to: askbjs@ojp.usdoj.gov (202)307-0765",,,
"date of version: 10/07/02",,,
,,,
"Table 5. Local police departments, by size of agency, June 2000",,,
,,,
,"Agencies",,
"Number of full-time sworn personnel","Number","Percent",
,,,
"All sizes",12666,100,"%"
,,,
"1,000 or more ",47,0.4,
500-999,37,0.3,
250-499,100,0.8,
100-249,383,3.0,
50-99,756,6.0,
25-49,1479,11.7,
10-24,2740,21.6,
5-9,2665,21.0,
2-4,2894,22.8,
1,1366,10.8,
0,199,1.6,
