"Bureau of Justice Statistics",,,
"filename:  cslle00t3.csv",,,
"Text table 3. Types of general purpose local police, 2000",,,
"title: Census of State and local law enforcement agencies, NCJ 194066",,,
"data source:  Law Enforcement Management and Administrative Statistics (LEMAS) program",,,
"authors:  Brian A. Reaves, Ph.D., and Matthew J. Hickman",,,
"refer questions to: askbjs@ojp.usdoj.gov (202)307-0765",,,
"date of version: 10/07/02",,,
,,,
"Text table 3. Types of general purpose local police, 2000",,,
,,,
,,,
,,"Number",
"Types of general purpose local police, 2000",,"Agencies","Full-time officers"
,,,
"Municipal",,12409,412921
"County",,52,25202
"Tribal",,171,2303
"Regional",,34,494
