"Bureau of Justice Statistics",,,
"filename:  cslle0007.csv",,,
"Table 7. Fifty largest local police departments, by number of full-time sworn personnel, June 2000",,,
"title: Census of State and local law enforcement agencies, NCJ 194066",,,
"data source:  Law Enforcement Management and Administrative Statistics (LEMAS) program",,,
"authors:  Brian A. Reaves, Ph.D., and Matthew J. Hickman",,,
"refer questions to: askbjs@ojp.usdoj.gov (202)307-0765",,,
"date of version: 10/07/02",,,
,,,
"Table 7. Fifty largest local police departments, by number of full-time sworn personnel, June 2000",,,
,,,
,,,
"City or county ","Full- time sworn, 2000 ","Percent change, 1996-2000",
,,,
"New York (NY) ",40435,9.8,"%"
"Chicago (IL) ",13466,1.7,
"Los Angeles (CA)",9341,3.8,
"Philadelphia (PA) ",7024,9.8,
"Houston (TX)",5343,0.8,
,,,
"Detroit (MI)",4154,6.4,"%"
"Washington (DC)",3612,0.7,
"Nassau Co. (NY)",3038,1.0,
"Baltimore (MD)",3034,3.4,
"Miami-Dade Co. (FL)",3008,6.5,
,,,
"Dallas (TX)",2862,-0.1,"%"
"Phoenix (AZ)",2626,7.9,
"Suffolk Co. (NY)",2564,-6.6,
"San Francisco (CA)",2227,11.4,
"Las Vegas-Clark Co. (NV)",2168,27.8,
,,,
"Boston (MA)",2164,3.0,"%"
"San Diego (CA)",2022,1.8,
"Milwaukee (WI)",1998,-5.1,
"Memphis (TN)",1904,34.1,
"San Antonio (TX)",1882,0.5,
,,,
"Cleveland (OH)",1822,5.4,"%"
"Honolulu Co. (HI)",1792.0,-9.5,
"Baltimore Co. (MD)",1754,14.3,
"Columbus (OH)",1744,0.8,
"New Orleans (LA)",1664.0,24.0,
,,,
"Jacksonville-Duval Co. (FL)",1530,9.8,"%"
"Denver (CO)",1489,4.3,
"St. Louis (MO)",1489,-8.7,
"Atlanta (GA)",1474,0.0,
"Newark (NJ)",1466,20.0,
,,,
"Charlotte-Mecklenberg Co. (NC) 1,442",,12.1,"%"
"Prince Georges Co. (MD)",1431,16.3,
"San Jose (CA)",1408,9.9,
"Seattle (WA)",1261,1.9,
"Kansas City (MO)",1253,6.8,
,,,
"Nashville-Davidson Co. (TN)",1249,10.6,"%"
"Fort Worth (TX)",1196,2.0,
"Fairfax Co. (VA)",1163,9.0,
"Austin (TX)",1144,20.9,
"Miami (FL)",1110,9.7,
,,,
"El Paso (TX) ",1057,8.0,"%"
"Indianapolis (IN)",1045,5.4,
"Pittsburgh (PA)",1036,-10.2,
"Cincinnati (OH)",1030,7.5,
"Montgomery Co. (MD)",1019,8.5,
,,,
"Oklahoma City (OK)",1011,0.2,"%"
"Portland (OR)",1007,2.4,
"Tampa (FL)",939,5.6,
"Buffalo (NY)",928,3.3,
"Tucson (AZ)",928,11.4,
