"Bureau of Justice Statistics",,
"filename:  cslle00h1.csv",,
"Highlights figure 1. As of June 2000, State and local law enforcement agencies had more than 1 million full-time employees, including about 708,000 sworn personnel",,
"title: Census of State and local law enforcement agencies, NCJ 194066",,
"data source:  Law Enforcement Management and Administrative Statistics (LEMAS) program",,
"authors:  Brian A. Reaves, Ph.D., and Matthew J. Hickman",,
"refer questions to: askbjs@ojp.usdoj.gov (202)307-0765",,
"date of version: 10/07/02",,
,,
"Highlights figure 1. As of June 2000, State and local law enforcement agencies had more than 1 million full-time employees, including about 708,000 sworn personnel",,
,,
,"Number of full-time  employees, 2000",
"Type of agency","Sworn","Nonsworn"
,,
"Local police",440920,124995
"Sheriff",164711,129112
"Primary State",56348,30680
"Other",46043,26687
