"Bureau of Justice Statistics",,,
"filename:  cslle00f7.csv",,,
"Figure 7. Full-time employees in the 49 primary State law enforcement agencies, 1992, 1996, and 2000",,,
"title: Census of State and local law enforcement agencies, NCJ 194066",,,
"data source:  Law Enforcement Management and Administrative Statistics (LEMAS) program",,,
"authors:  Brian A. Reaves, Ph.D., and Matthew J. Hickman",,,
"refer questions to: askbjs@ojp.usdoj.gov (202)307-0765",,,
"date of version: 10/07/02",,,
,,,
"Figure 7. Full-time employees in the 49 primary State law enforcement agencies, 1992, 1996, and 2000",,,
,,,
,"Number of full-time  sworn personnel",,
"Type of employee",2000,1996,1992
,,,
" Total ",87028,83742,78570
"Sworn ",56348,54587,52980
"Nonsworn",30680,29155,25590
