"Bureau of Justice Statistics",,,,,,,,,,,,
"filename:  cslle0001.csv",,,,,,,,,,,,
"Table 1. Employment by State and local law enforcement agencies, by type of agency and employee, June 2000",,,,,,,,,,,,
"title: Census of State and local law enforcement agencies, NCJ 194066",,,,,,,,,,,,
"data source:  Law Enforcement Management and Administrative Statistics (LEMAS) program",,,,,,,,,,,,
"authors:  Brian A. Reaves, Ph.D., and Matthew J. Hickman",,,,,,,,,,,,
"refer questions to: askbjs@ojp.usdoj.gov (202)307-0765",,,,,,,,,,,,
"date of version: 10/07/02",,,,,,,,,,,,
,,,,,,,,,,,,
"Table 1. Employment by State and local law enforcement agencies, by type of agency and employee, June 2000",,,,,,,,,,,,
,,,,,,,,,,,,
,"State and local law enforcement employees",,,,,,,,,,,
"Type of  agency","Full-time",,,,,,"Part-time",,,,,
,"Total",,"Sworn",,"Nonsworn",,"Total",,"Sworn",,"Nonsworn",
"Number of employees",,,,,,,,,,,,
,,,,,,,,,,,,
"Total",1019496,,708022,,311474,,99731,,42803,,56928,
,,,,,,,,,,,,
"Local police",565915,,440920,,124995,,62110,,27323,,34787,
"Sheriff",293823,,164711,,129112,,22737,,10300,,12437,
"Primary State  ",87028,,56348,,30680,,817,,95,,722,
"Special jurisdiction",69650,,43413,,26237,,13583,,4667,,8916,
"Texas constable",3080,,2630,,450,,484,,418,,66,
,,,,,,,,,,,,
"Percent of employees",,,,,,,,,,,,
,,,,,,,,,,,,
"Total",100,"%",69.4,"%",31.6,"%",100,"%",42.1,"%",57.8,"%"
,,,,,,,,,,,,
"Local police",100,"%",77.9,"%",22.1,"%",100,"%",44.0,"%",56.0,"%"
"Sheriff",100,,56.1,,43.9,,100,,45.3,,54.7,
"Primary State  ",100,,64.7,,35.3,,100,,11.6,,88.4,
"Special jurisdiction",100,,62.3,,37.7,,100,,34.4,,65.6,
"Texas constable",100,,85.4,,14.6,,100,,86.4,,13.6,
