"Bureau of Justice Statistics",,
"filename:  cslle00f4.csv",,
"Figure 4. Selected areas of duty for full-time sworn personnel in local police departments, 2000",,
"title: Census of State and local law enforcement agencies, NCJ 194066",,
"data source:  Law Enforcement Management and Administrative Statistics (LEMAS) program",,
"authors:  Brian A. Reaves, Ph.D., and Matthew J. Hickman",,
"refer questions to: askbjs@ojp.usdoj.gov (202)307-0765",,
"date of version: 10/07/02",,
,,
"Figure 4. Selected areas of duty for full-time sworn personnel in local police departments, 2000",,
,,
"Duty area ","Percent of full-time sworn personnel",
,,
"Patrol",65.1,"%"
"Investigations",16.3,
"Court operations",1.4,
"Jail operations",0.8,
