"Bureau of Justice Statistics",,,,,,,,
"filename:  cslle0013.csv",,,,,,,,
"Table 13. Primary State law enforcement agency employees, by State, June 2000",,,,,,,,
"title: Census of State and local law enforcement agencies, NCJ 194066",,,,,,,,
"data source:  Law Enforcement Management and Administrative Statistics (LEMAS) program",,,,,,,,
"authors:  Brian A. Reaves, Ph.D., and Matthew J. Hickman",,,,,,,,
"refer questions to: askbjs@ojp.usdoj.gov (202)307-0765",,,,,,,,
"date of version: 10/07/02",,,,,,,,
,,,,,,,,
"Table 13. Primary State law enforcement agency employees, by State, June 2000",,,,,,,,
,,,,,,,,
,,,,"Full-time employees",,,,
,"Total",,,"Sworn personnel",,,"Responding to calls",
,"Number ","Per 100,000 residents",,"Number ","Per 100,000 residents",,"Number ","Per 100,000 residents"
,,,,,,,,
"U.S. total",87028,31,,56348,20,,39240,14
,,,,,,,,
"Alabama",1201,27,,628,14,,461,10
"Alaska",409,65,,232,37,,155,25
"Arizona",1872,36,,1050,20,,735,14
"Arkansas",913,34,,559,21,,330,12
"California",9706,29,,6678,20,,6460,19
"Colorado ",909,21,,654,15,,500,12
"Connecticut",1692,50,,1135,33,,585,17
"Delaware",827,106,,580,74,,280,36
"District of Columbia",0,0,,0,0,,0,0
"Florida",2138,13,,1658,10,,1539,10
,,,,,,,,
"Georgia",1785,22,,786,10,,650,8
"Hawaii",0,0,,0,0,,0,0
"Idaho",510,39,,292,23,,191,15
"Illinois",3792,31,,2089,17,,915,7
"Indiana",1941,32,,1278,21,,570,9
"Iowa",599,20,,455,16,,452,15
"Kansas",694,26,,457,17,,454,17
"Kentucky",1670,41,,937,23,,481,12
"Louisiana",1438,32,,934,21,,542,12
"Maine",495,39,,325,25,,225,18
,,,,,,,,
"Maryland",2328,44,,1575,30,,893,17
"Massachusetts",2590,41,,2221,35,,1543,24
"Michigan",3189,32,,2102,21,,1310,13
"Minnesota",791,16,,548,11,,469,10
"Mississippi",1031,36,,532,19,,332,12
"Missouri",2170,39,,1080,19,,650,12
"Montana",280,31,,205,23,,175,19
"Nebraska",640,37,,462,27,,205,12
"Nevada",597,30,,414,21,,389,19
"New Hampshire",389,31,,315,25,,214,17
,,,,,,,,
"New Jersey",3682,44,,2569,31,,1238,15
"New Mexico",649,36,,525,29,,350,19
"New York",4948,26,,4112,22,,2400,13
"North Carolina",1810,22,,1416,18,,1133,14
"North Dakota",193,30,,126,20,,90,14
"Ohio",2552,22,,1382,12,,1151,10
"Oklahoma",1420,41,,782,23,,555,16
"Oregon",1409,41,,826,24,,377,11
"Pennsylvania",5694,46,,4152,34,,2854,23
"Rhode Island",268,26,,221,21,,185,18
,,,,,,,,
"South Carolina",1220,30,,977,24,,791,20
"South Dakota",233,31,,153,20,,111,15
"Tennessee",1715,30,,899,16,,800,14
"Texas",7025,34,,3119,15,,2130,10
"Utah",441,20,,397,18,,256,11
"Vermont",513,84,,304,50,,239,39
"Virginia",2511,35,,1883,27,,1226,17
"Washington",2145,36,,987,17,,689,12
"West Virginia",1044,58,,681,38,,502,28
"Wisconsin",665,12,,508,9,,340,6
"Wyoming",295,60,,148,30,,118,24
