"Bureau of Justice Statistics",,
"filename:  cslle0014.csv",,
"Table 14. State and local law enforcement agencies with special jurisdictions, by type of jurisdiction and number of full-time sworn personnel, June 2000",,
"title: Census of State and local law enforcement agencies, NCJ 194066",,
"data source:  Law Enforcement Management and Administrative Statistics (LEMAS) program",,
"authors:  Brian A. Reaves, Ph.D., and Matthew J. Hickman",,
"refer questions to: askbjs@ojp.usdoj.gov (202)307-0765",,
"date of version: 10/07/02",,
,,
"Table 14. State and local law enforcement agencies with special jurisdictions, by type of jurisdiction and number of full-time sworn personnel, June 2000",,
,,
" Type of  special jurisdiction","  Agencies","Full-time sworn personnel"
,,
"Total",1376,43413
,,
"Government buildings/facilities",,
"Four year college/university",467,9308
"Public school district",162,3219
"Two year college/university",222,2011
"State Capitol/government buildings",21,1121
"Medical school/facility",42,978
"Public housing",14,673
"Other",6,274
,,
"Conservation laws/parks and recreation",,
"Fish and wildlife ",66,7935
"Parks and recreational areas",80,3218
"Waterways and boating",13,477
"Environmental laws",3,377
"Forest resources",5,283
"Sanitation laws",2,169
"Water resources",5,118
,,
"Criminal investigations",,
"County/city",62,1838
"State bureau",8,692
"Arson",31,490
,,
"Transportation systems/facilties",,
"Mass transit system/railroad",21,2627
"Airports",87,2462
"Transportation centers; multiple types",5,1697
"Port facilities",17,940
"Commercial vehicle enforcement",3,440
"Roadways, bridges, tunnels",5,234
,,
"Special enforcement",,
"Alcohol enforcement",17,1287
"Agricultural ",3,272
"Gaming/racing laws",6,204
"Drug enforcement",2,65
"Business regulation",1,4
