"Bureau of Justice Statistics",,,,,,,,,,,,
"filename:  bcft0204.csv",,,,,,,,,,,,
"Table 4. Reasons for rejection of firearm transfer applications, 1998-2002",,,,,,,,,,,,
"title: Background Checks for Firearm Transfers, NCJ 200116",,,,,,,,,,,,
"data source:  Firearm Inquiry Statistics Program",,,,,,,,,,,,
"authors:  Michael Bowling, Ph.D. (REJIS), Gene Lauver (REJIS), Matthew J. Hickman (BJS), and Devon B. Adams (BJS)",,,,,,,,,,,,
"refer questions to: askbjs@ojp.usdoj.gov (202)307-0765",,,,,,,,,,,,
"date of version: 08/07/03",,,,,,,,,,,,
,,,,,,,,,,,,
"Table 4. Reasons for rejection of firearm transfer applications, 1998-2002",,,,,,,,,,,,
,,,,,,,,,,,,
,"FBI",,"State and local agencies",,,,,,,,,
"Reason for  rejection",2002,,"2002",," 2001",," 2000",," 1999",," 1998",
,,,,,,,,,,,,
"Total",100,"%",100,"%",100,"%",100,"%",100,"%",100,"%"
,,,,,,,,,,,,
"Felony indictment/conviction",42.5,,51.8,,57.7,,57.6,,72.5,,63.3,
"Domestic violence",,,,,,,,,,,,
"Misdemeanor conviction",12.5,,10.4,,10.6,,8.9,,9.0,,9.9,
"Restraining order",5.3,,3.5,,3.7,,3.3,,2.1,,3.4,
"State law prohibition","--",,9.9,,7.0,,4.7,,3.5,,6.6,
"Fugitive",3.9,,8.0,,5.8,,4.3,,5.0,,6.1,
"Mental illness or disability",0.4,,1.4,,1.2,,1.0,,0.5,,0.7,
"Drug addiction",6.6,,1.3,,1.0,,0.7,,1.0,,0.9,
"Local law prohibition","--",,0.9,,0.5,,0.2,,0.2,,0.3,
"Other*",28.7,,12.8,,12.5,,19.4,,6.2,,8.8,
,,,,,,,,,,,,
"--Not available or not applicable.   ",,,,,,,,,,,,
"*Includes illegal aliens, juveniles, persons dishonorably discharged from the Armed Services, persons who have",,,,,,,,,,,,
"renounced their U. S. citizenship, and other unspecified persons.",,,,,,,,,,,,
