"Bureau of Justice Statistics",,,,,,,,,
"filename:  bcft0206.csv",,,,,,,,,
"Table 6. Appeals of denied applications, 2002",,,,,,,,,
"title: Background Checks for Firearm Transfers, NCJ 200116",,,,,,,,,
"data source:  Firearm Inquiry Statistics Program",,,,,,,,,
"authors:  Michael Bowling, Ph.D. (REJIS), Gene Lauver (REJIS), Matthew J. Hickman (BJS), and Devon B. Adams (BJS)",,,,,,,,,
"refer questions to: askbjs@ojp.usdoj.gov (202)307-0765",,,,,,,,,
"date of version: 08/07/03",,,,,,,,,
,,,,,,,,,
"Table 6. Appeals of denied applications, 2002",,,,,,,,,
,,,,,,,,,
,"Appeal forums",,,,"Statewide agencies",,,,
" State","     Denying        agency","Other agency or official/a","  Court",,"Number of appeals",,"Percent appealed (appeals/denials)",,"Number of denials reversed/b"
,,,,,,,,,
"California","#","--","--",,"--",,"--",,"--"
"Colorado","#","--","--",,2115,,39.8,,995
"Connecticut/c","#","#","--",,"--",,"--",,"--"
"Delaware","#","--","#",,"--",,"--",,"--"
"Florida","#","--","--",,1593,,25.2,,578
"Georgia","#","--","#",,"--",,"--",,"--"
"Illinois","#","--","#",,"--",,"--",,"--"
"Indiana","#","--","#",,"--",,"--",,"--"
"Iowa/d","--","--","#",,"--",,"--",,"--"
"Maryland","#","--","#",,8,,"--",,0
"Massachusetts/d","--","--","#",,"--",,"--",,"--"
"Michigan/d","--","--","#",,"--",,"--",,"--"
"Minnesota/d","--","--","#",,"--",,"--",,"--"
"Missouri/d","--","--","#",,"--",,"--",,"--"
"Nebraska/d","--","--","#",,"--",,"--",,"--"
"Nevada","#","#","--",,36,,3.5,,6
"New Hampshire","#","--","#",,"--",,"--",,"--"
"New Jersey/c","#","--","#",,"--",,"--",,38
"North Carolina/d","--","--","#",,"--",,"--",,"--"
"Oregon","#","--","--",,1347,,50.4,,109
"Pennsylvania","#","#","#",,4805,,43.2,,2093
"Tennessee","#","--","--",,3530,,52.3,,2477
"Utah","#","#","--",,"--",,"--",,"--"
"Virginia","#","--","#",,20,,0.8,,18
"Washington/d","--","--","#",,"--",,"--",,"--"
"Wisconsin","#","--","#",,"--",,"--",,"--"
,,,,,,,,,
"Note: Includes States that provide a specific appeal procedure.  #State has type of appeal forum.  --Not available or not applicable.   ",,,,,,,,,
"a/An agency apart from the one that denied the application.",,,,,,,,,
"b/The number of appeals reversed may include appeals from prior years.",,,,,,,,,
"c/Data are from the instant check unit only. ",,,,,,,,,
"d/Although not required by law, a local agency may reconsider its decision to deny an application.",,,,,,,,,
