"Bureau of Justice Statistics",,,,,,,,,,,,,,,,,,,,
"filename:  bcft0205.csv",,,,,,,,,,,,,,,,,,,,
"Table 5. Trends in applications, rejections, and reasons for rejection since the beginning of the Brady Act, among all agencies conducting such checks, 1994-2002",,,,,,,,,,,,,,,,,,,,
"title: Background Checks for Firearm Transfers, NCJ 200116",,,,,,,,,,,,,,,,,,,,
"data source:  Firearm Inquiry Statistics Program",,,,,,,,,,,,,,,,,,,,
"authors:  Michael Bowling, Ph.D. (REJIS), Gene Lauver (REJIS), Matthew J. Hickman (BJS), and Devon B. Adams (BJS)",,,,,,,,,,,,,,,,,,,,
"refer questions to: askbjs@ojp.usdoj.gov (202)307-0765",,,,,,,,,,,,,,,,,,,,
"date of version: 08/07/03",,,,,,,,,,,,,,,,,,,,
,,,,,,,,,,,,,,,,,,,,
"Table 5. Trends in applications, rejections, and reasons for rejection since the beginning of the Brady Act, among all agencies conducting such checks, 1994-2002",,,,,,,,,,,,,,,,,,,,
,,,,,,,,,,,,,,,,,,,,
,"2002",," 2001",," 2000",," 1999",," 1998",," 1997",," 1996",," 1995",," 1994",,"Percent change, 1994-2002",
,,,,,,,,,,,,,,,,,,,,
"Inquiries",7806000,,7958000,,7699000,,8621000,,3277000,,2574000,,2593000,,2706000,,2483000,,214.4,"%"
"Rejections",136000,,151000,,153000,,204000,,90000,,69000,,70000,,41000,,62000,,119.4,
"Felons rejected",65000,,87000,,88000,,147000,,57000,,43000,,47000,,30000,,44000,,47.7,
"All other",71000,,64000,,65000,,57000,,33000,,26000,,23000,,11000,,18000,,294.4,
"Percent felony",48,"%",58,"%",58,"%",72,"%",63,"%",62,"%",68,"%",72,"%",71,"%",,
"Felons per 1,000 inquiries",8.3,,10.9,,11.4,,17.0,,17.3,,16.0,,18.1,,10.9,,17.7,,-53.1,
,,,,,,,,,,,,,,,,,,,,
"Note:  Counts are rounded.  See notes on table 1.",,,,,,,,,,,,,,,,,,,,
