"Bureau of Justice Statistics",,,,,,
"filename:  bcft0207.csv",,,,,,
"Table 7. Notification procedures of State points of contact (POC's) regarding denied persons subject to arrest, 2002",,,,,,
"title: Background Checks for Firearm Transfers, NCJ 200116",,,,,,
"data source:  Firearm Inquiry Statistics Program",,,,,,
"authors:  Michael Bowling, Ph.D. (REJIS), Gene Lauver (REJIS), Matthew J. Hickman (BJS), and Devon B. Adams (BJS)",,,,,,
"refer questions to: askbjs@ojp.usdoj.gov (202)307-0765",,,,,,
"date of version: 08/07/03",,,,,,
,,,,,,
"Table 7. Notification procedures of State points of contact (POC's) regarding denied persons subject to arrest, 2002",,,,,,
,,,,,,
,"Notice of outstanding warrant",,,"Notice of false application or  illegal attempt to buy",,
" State","Agency with jurisdiction/a","Special State unit/b",,"Agency with jurisdiction/a","Special State unit/b","Alcohol, Tobacco, and Firearms (ATF)"
,,,,,,
"California","#","--",,"#","--","--"
"Colorado","#","--",,"#","--","#"
"Connecticut","#","--",,"--","#","--"
"Delaware/c","#","--",,"#","--","--"
"Florida","#","--",,"#","#","#"
"Georgia","#","--",,"#","--","#"
"Illinois","#","--",,"--","#","#"
"Indiana","#","--",,"--","--","#"
"Maryland","--","#",,"--","#","--"
"Nevada","#","--",,"--","--","#"
"New Hampshire","#","--",,"#","--","#"
"New Jersey","#","#",,"--","#","--"
"Oregon","#","--",,"#","--","--"
"Pennsylvania","#","--",,"#","--","#"
"Tennessee","#","--",,"--","--","#"
"Utah","#","--",,"#","--","#"
"Virginia","--","#",,"--","#","#"
"Wisconsin","#","#",,"#","#","#"
,,,,,,
"Totals",16,4,,10,7,12
,,,,,,
"--Not applicable or not available.  #State has type of notification procedure.",,,,,,
"a/May include Federal, State, or local agencies that issued a warrant or have jurisdiction over the site of the transaction or the denied person's residence.",,,,,,
"b/Includes units within the same agency as the checking unit.",,,,,,
"c/Delaware is not a POC, but conducts a statewide check.",,,,,,
