"Bureau of Justice Statistics",,,,
"filename:  bcft02t2.csv",,,,
"Text table 2. Local rejection rates by population served and by type of permit, 2002",,,,
"title: Background Checks for Firearm Transfers, NCJ 200116",,,,
"data source:  Firearm Inquiry Statistics Program",,,,
"authors:  Michael Bowling, Ph.D. (REJIS), Gene Lauver (REJIS), Matthew J. Hickman (BJS), and Devon B. Adams (BJS)",,,,
"refer questions to: askbjs@ojp.usdoj.gov (202)307-0765",,,,
"date of version: 08/07/03",,,,
,,,,
"Text table 2. Local rejection rates by population served and by type of permit, 2002",,,,
,,,,
,"Local rejection rates  by population served and  by type of permit, 2002",,,
"Population served","   Purchase permits",,"Exempt carry permits",
,,,,
"Over 100,000",3.10,"%",1.35,"%"
"10,000 to 100,000",1.24,"%",1.32,"%"
"Under 10,000",0.97,"%",1.30,"%"
