Bureau of Justice Statistics,,,,,,,
filename: hcrvp14.csv,,,,,,,
Table 14. Characteristics of offenders reported by hate crime victims  to NCVS and NIBRS,,,,,,,
report title: Hate Crime Reported by Victims and Police NCJ 209911,,,,,,,
"source data: BJS, National Crime Victimization Survey, Collection Quarters July 2000 thru December 2003",,,,,,,
author:  Caroline Wolf Harlow,,,,,,,
refer questions to: askbjs@usdoj.gov    202-307-0765,,,,,,,
date of version: 11/13/05,,,,,,,

Table 14. Characteristics of offenders reported by hate crime victims  to NCVS and NIBRS,,,,,,,

,Percent of hate crime victimizations ,,,,,,
,National Crime Victimization Survey,,,,,,
Characteristics of offenders,Total,,Not reported to police,,Reported to police,,National Incident-based Reporting System

Number of offenders,,,,,,,
One,67.5,%,73.2,%,60.4,%,68.3,%
Two or three,16.3,,15,,18.1,,25.7,
Four or more,16.2,,11.8,,21.5,,6,
Gender,,,,,,,,
Male,72.2,%,74.2,%,69.4,%,76.4,%
Female,21.2,,23.4,,18.9,,16.5,
Both male and female,6.6,,2.4,*,11.7,,7.2,
Race,,,,,,,,
White ,43.9,%,45.3,%,42.6,%,68.1,%
Black,37.6,,33.8,,42.5,,20.7,
Other,13.2,,14.7,,10.3,*,1.5,
More than one racial group,5.4,,6.2,*,4.5,*,9.7,
Age,,,,,,,,
17 or younger,21,%,29.3,%,11.5,%,24.7,%
18-20,6.2,,7.3,*,5,*,9.7,
21-29,21.1,,17.3,,24.6,,15.9,
30 or older,37.8,,35.6,,40.8,,36,
More than one age group,14,,10.5,*,18.2,,13.6,
Victim-offender relationship/a,,,,,,,,
Stranger,51.3,%,49,%,54.8,%,35.8,%
Use of weapons,,,,,,,,
Weapon/b,23.9,%,19.3,%,30.1,%,19.4,%
Other weapon/c,/,,/,,/,,12.6,
No weapon,69.8,,75.8,,61.8,,64.4,
Unknown,6.3,,4.9,*,8.2,*,3.6,

"Note: The NCVS total includes cases without data on reporting to police. It also includes property crimes for which the victim provided information about the offender, unlike the figures in table 9. For NIBRS, of 1,725 of hate crime victimization in 2002, the missing data for offender characteristics were as follows: 416 cases missing number of offenders, 566 cases missing gender, 599 missing race, 637 age, 913 victim-offender relationship, and 946 use of weapons.     ",,,,,,,,
"a/For the National Incident-Based Reporting System, victim-offender relationship is only collected for crimes against persons.",,,,,,,,
"b/Includes firearms, knives, and sharp and blunt objects.",,,,,,,,
"c/Includes motor vehicles, personal weapons (hands, feet, teeth, and others), poison, explosives, incendiary devices, drugs and other items.",,,,,,,,
/Not available.,,,,,,,,
*Estimate is based on 10 or fewer sample cases.,,,,,,,,
"Sources: BJS, National Crime Victimization Survey, July 2000 through  December 2003; and FBI, National Incident-Based Reporting System, 2002."
