Bureau of Justice Statistics,,,,
filename: hcrvptt3.csv,,,,
"Text table 3:  Motivation for hate crimes, by age",,,,
report title: Hate Crime Reported by Victims and Police NCJ 209911,,,,
"source data: BJS, National Crime Victimization Survey, Collection Quarters July 2000 thru December 2003",,,,
author:  Caroline Wolf Harlow,,,,
refer questions to: askbjs@usdoj.gov    202-307-0765,,,,
date of version: 11/13/05,,,,

"Text table 3:  Motivation for hate crimes, by age",,,,

,    Age of victims,,,
Motivation for hate crimes,20 or younger,,21 or older,
Race,51.7,%,57.7,%
Association,37.4,,27.9,
Ethnicity,22.4,,30,
Sexual orientation,16,*,18.6
Perceived characteristics,9.5,*,14.7
Religion,11.8,*,12.7
Disability,8.5,*,11.3

Notes: Detail does not add to 100% because some respondents included more than one motivation.,,,
*Estimate is based on 10 or fewer cases.,,,
