Bureau of Justice Statistics,,,,,,
filename: hcrvptt2.csv,,,,,,
"Text table 2:  Motivation for hat crimes, by race",,,,,,
report title: Hate Crime Reported by Victims and Police NCJ 209911,,,,,,
"source data: BJS, National Crime Victimization Survey, Collection Quarters July 2000 thru December 2003",,,,,,
author:  Caroline Wolf Harlow,,,,,,
refer questions to: askbjs@usdoj.gov    202-307-0765,,,,,,
date of version: 11/13/05,,,,,,


"Text table 2:  Motivation for hate crimes, by race",,,,,,

,Race/Ethnicity of victims,,,,,
Motivation for hate crimes   ,White,,Black ,,Other/a,
Race,54.7,%,50.9,%*,86.8,%
Association,32.8,,25.4,*,0,*
Ethnicity,24.3,,35.7,*,65.8,*
Sexual orientation,19.6,,11.7,*,6.2,*
Perceived characteristics,14.6,,0,*,16.9,*
Religion,14.5,,0,*,5.3,*
Disability,11.7,,7.6,*,0,*
,Race/Ethnicity of victims,,,,,
,Hispanic,,Non-Hispanic,,,
Race,55.1,%,56.4,%,,
Association,20.2,*,31.4,,,
Ethnicity,77.5,,22.3,,,
Sexual orientation,3.5,*,19.6,,,
Perceived characteristics,7,*,13.5,,,
Religion,0,*,13.4,,,
Disability,3.1,*,11.4,,,

Notes: Detail does not add to 100% because some respondents included more than one motivation.,,,,,,
*Estimate is based on 10 or fewer cases.
a/Includes American Indians and Asians. Persons of more than one race are excluded.
