Bureau of Justice Statistics,,,,,,
filename: hcrvpbt1.csv,,,,,,
Box table 1.  Almost all bias crime victims cited offenders' remarks as evidence for classifying the offense as a hate crime,,,,,,
report title: Hate Crime Reported by Victims and Police NCJ 209911,,,,,,
"source data: BJS, National Crime Victimization Survey, Collection Quarters July 2000 thru December 2003",,,,,,
author:  Caroline Wolf Harlow,,,,,,
refer questions to: askbjs@usdoj.gov    202-307-0765,,,,,,
date of version: 11/13/05,,,,,,

Box table 1.  Almost all bias crime victims cited offenders' remarks as evidence for classifying the offense as a hate crime,,,,,,

,Percent of victims identifying offenders' motivation,,,,,
Evidence , Race ,,Association,,Ethnicity,

"Negative comments, hurtful words, or abusive language",98.7,    %,100,    %,97.4,    %
Confirmation by police investigators,6.8,*,15.5,,9.9,*
Hate symbols,7.2,*,15.8,,8.8,*

*Estimate is based on 10 or fewer sample cases.,,,,,,
