Bureau of Justice Statistics,,,,
filename: hcrvp02.csv,,,,
Table 2.  Motivation and evidence in hate crime,,,,
report title: Hate Crime Reported by Victims and Police NCJ 209911,,,,
"source data: BJS, National Crime Victimization Survey, Collection Quarters July 2000 thru December 2003",,,,
author:  Caroline Wolf Harlow,,,,
refer questions to: askbjs@usdoj.gov    202-307-0765,,,,
date of version: 11/13/05,,,,

Table 2.  Motivation and evidence in hate crime ,,,,

,,Percent of hate crime,,
Motivation,Incidents,,Victimizations,
  Race,55.4,%,56,%
  Association,30.7,,30.6,
  Ethnicity,28.7,,27.9,
  Sexual orientation,18,,17.9,
  Perceived characteristic,13.7,,13.2,
  Religion,12.9,,12.4,
  Disability,11.2,,10.5,

Evidence of motivation,,,,
"  Negative comments, hurtful words, abusive language",98.5,%,98.5,%
  Confirmation by police investigation,7.9,,8.4,
  Hate symbols,7.6,,7.8,

Note: Detail adds to more than 100% because some respondents included more than one motivation or evidence of motivation.,,,,
"Source:  BJS, National Crime Victimization Survey Collection Quarters, July 2000 through December 2003",,,,
