Bureau of Justice Statistics,,,,
filename: hcrvptt9.csv,,,,
"Text table 9.  Hate crime victims and offenders, by age ",,,,
report title: Hate Crime Reported by Victims and Police NCJ 209911,,,,
"source data: BJS, National Crime Victimization Survey, Collection Quarters July 2000 thru December 2003",,,,
author:  Caroline Wolf Harlow,,,,
refer questions to: askbjs@usdoj.gov    202-307-0765,,,,
date of version: 11/13/05,,,,

"Text table 9.  Hate crime victims and offenders, by age ",,,,

, Age of victim,,,
Age of offender,20 or younger,,21 or older,
20 or younger,60.7,%,11.8,%
21 or older,39.3,,88.2,

*Estimate is based on 10 or fewer sample cases.
"Source: BJS, National Crime Victimization Survey, July 2000 through December 2003."
