Bureau of Justice Statistics,,,,,,
filename: hcrvptt4.csv,,,,,,
Text table 4:  Gender of offenders committing hate crimes,,,,,,
report title: Hate Crime Reported by Victims and Police NCJ 209911,,,,,,
"source data: BJS, National Crime Victimization Survey, Collection Quarters July 2000 thru December 2003",,,,,,
author:  Caroline Wolf Harlow,,,,,,
refer questions to: askbjs@usdoj.gov    202-307-0765,,,,,,
date of version: 11/13/05,,,,,,

Text table 4:  Gender of offenders committing hate crimes,,,,,,

,Gender of offenders committing hate crimes,,,,,
Motivation,Male,,Female,,Both,
Race,55.5,%,68.8,%,35.9,*
Association,26.4,,22.6,,51.5,*
Ethnicity,25.8,,37.1,,14.1,*
Sexual orientation,19.4,,7.3,*,38.3,*
Perceived characteristics,12.5,,8.3,*,7.6,*
Religion,10.8,,14.8,*,6.2,*
Disability,7.4,,8.4,*,37,*

Notes: Detail does not add to 100% because some victims reported multiple motivations.,,,,,,
*Estimate is based on 10 or fewer cases.,,,,,,
