Bureau of Justice Statistics,,,,,,
filename: hcrvptt8.csv,,,,,,
"Text table 8.  Hate crime victims and offenders, by race",,,,,,
report title: Hate Crime Reported by Victims and Police NCJ 209911,,,,,,
"source data: BJS, National Crime Victimization Survey, Collection Quarters July 2000 thru December 2003",,,,,,
author:  Caroline Wolf Harlow,,,,,,
refer questions to: askbjs@usdoj.gov    202-307-0765,,,,,,
date of version: 11/13/05,,,,,,

"Text table 8.  Hate crime victims and offenders, by race",,,,,,

,,,    Race of victim          ,,,
Race of offender,White,,Black,,Other,
White,43.2,%,85.2,%*,51.7,%*
Black,43.3,,14.8,*,25.1,*
Other,13.4,,0,*,23.2,*

*Estimate is based on 10 or fewer sample cases.
"Source: BJS, National Crime Victimization Survey, July 2000 through December 2003.      "
