Bureau of Justice Statistics,,,,,,
filename: hcrvptt5.csv,,,,,,
Text table 5: Race of offenders committing hate crimes,,,,,,
report title: Hate Crime Reported by Victims and Police NCJ 209911,,,,,,
"source data: BJS, National Crime Victimization Survey, Collection Quarters July 2000 thru December 2003",,,,,,
author:  Caroline Wolf Harlow,,,,,,
refer questions to: askbjs@usdoj.gov    202-307-0765,,,,,,
date of version: 11/13/05,,,,,,

Text table 5: Race of offenders committing hate crimes,,,,,,

,Race of offenders committing hate crimes,,,,,
,White,,Black,,Other/a,
Race,30.5,%,89.1,%,59.3,%
Association,28.6,,24.2,,21.1,*
Ethnicity,30.2,,19.1,,52.1,
Sexual orientation,27.8,,8.3,*,12.4,*
Perceived characteristics,16.2,,8.8,*,5.3,*
Religion,17,,1.9,*,14.3,*
Disability,13.5,,2,*,3,*

Notes: Detail does not add to 100% because some victims reported multiple motivations.,,,,,,
*Estimate is based on 10 or fewer cases.,,,,,,
a/Includes American Indians and Asians.            ,,,,,,
