Bureau of Justice Statistics,,,,,,
filename: hcrvp05.csv,,,,,,
Table 5. Contacts with police for crimes of hate and other violent victimizations,,,,,,
report title: Hate Crime Reported by Victims and Police NCJ 209911,,,,,,
"source data: BJS, National Crime Victimization Survey, Collection Quarters July 2000 thru December 2003",,,,,,
author:  Caroline Wolf Harlow,,,,,,
refer questions to: askbjs@usdoj.gov    202-307-0765,,,,,,
date of version: 11/13/05,,,,,,

Table 5. Contacts with police for crimes of hate and other violent victimizations,,,,,,

,,,Percent of victimizations by crimes of  --,,,
,,,Violence,,,
Of crimes reported to police,Hate,,Hate,,Other than hate,
First contact with police,,,,,,
Police were at scene,8.6,%*,10.2,%*,6.1,%
Police came within 10 minutes,32,,32.2,,43.6,
Police came to scene after 10 minutes,27.6,,24.4,,26.6,
Police came but victim didn't know when,5.6,*,6.6,*,3.3,
Respondent went to police,7.3,*,7,*,6,
Police didn't come to scene,12.8,,12.9,,10.6,
Police found out another way,6.1,*,6.6,*,3.8,

Type of police contact,,,,,,
Any,85,%,85.2,%,85.7,%
Took report,51.3,,51.8,,64,
Searched/looked around,17.1,,12.1,,13.1,
Took evidence,5.9,*,5.6,*,5.9,
Questioned witnesses/suspects,32.3,,35.2,,33.1,
Did or promised surveillance/investigation,13.8,,13.5,,13.8,
Made arrest,19.3,,22.9,,32.8,
Recovered property,0,*,0,*,0.7,*
Stayed in touch with victim,8.6,*,9.3,*,7.5,
Other,34.9,,37.6,,25.8,
None,15,,14.8,,14.3,

Victim or other household member signed complaint,37.6,%,42.1,%,35.3,%

Note: Other than hate crimes are those described by victims as not having attributes that define hate crimes. Excluded from analysis were those crimes in which the victims did not know or did not answer whether they were targeted as hate victims (5.2% of all victimizations).,,,,,,
The detail for type of police contact adds to more than 100% because respondents could report more than one type of contact.,,,,,,
* Estimate is based on 10 or fewer sample cases.,,,,,,
"Source:  BJS, National Crime Victimization Survey Collection Quarters, July 2000 through December 2003",,,,,,
