Bureau of Justice Statistics,,,,,,,,,
Filename: bcft1920at08.csv,,,,,,,,,
"Appendix table 8. State involvement in the National Instant Criminal Background Check System process, by point of contact status, December 31, 2020",,,,,,,,,
"Report title: Background Checks for Firearm Transfers, 2019�2020   NCJ 306971",,,,,,,,,
"Data source: Bureau of Justice Statistics, Firearm Inquiry Statistics program, 2019 and 2020",,,,,,,,,
"Author: Connor Brooks, BJS Statistician",,,,,,,,,
Refer questions to: askbjs@usdoj.gov 202-307-0765,,,,,,,,,
Date of version: 11/7/2023,,,,,,,,,
 ,,,,,,,,,
"Appendix table 8. State involvement in the National Instant Criminal Background Check System process, by point of contact status, December 31, 2020",,,,,,,,,
State,,Non-POC/a,Full POC/b,Partial POC/c,,State,Non-POC/a,Full POC/b,Partial POC/c
,Total,31,13,7,,Missouri,X,,
Alabama,,X,,,,Montana,X,,
Alaska,,X,,,,Nebraska,,,X
Arizona,,X,,,,Nevada,,X,
Arkansas,,X,,,,New Hampshire,,,X
California,,,X,,,New Jersey,,X,
Colorado,,,X,,,New Mexico,X,,
Connecticut,,,X,,,New York,X,,
Delaware,,X,,,,North Carolina,,,X
District of Columbia,,X,,,,North Dakota,X,,
Florida,,,X,,,Ohio,X,,
Georgia,,X,,,,Oklahoma,X,,
Hawaii,,,X,,,Oregon,,X,
Idaho,,X,,,,Pennsylvania,,X,
Illinois,,,X,,,Rhode Island,X,,
Indiana,,X,,,,South Carolina,X,,
Iowa,,,,X,,South Dakota,X,,
Kansas,,X,,,,Tennessee,,X,
Kentucky,,X,,,,Texas,X,,
Louisiana,,X,,,,Utah,,X,
Maine,,X,,,,Vermont,X,,
Maryland,,,,X,,Virginia,,X,
Massachusetts,,X,,,,Washington,,,X
Michigan,,X,,,,West Virginia,X,,
Minnesota,,X,,,,Wisconsin,,,X
Mississippi,,X,,,,Wyoming,X,,
"Note: The FBI also conducts all National Instant Criminal Background Check System (NICS) transfer checks for American Samoa, Guam, the Northern Mariana Islands, Puerto Rico, and the U.S. Virgin Islands, which are all non-POC. POC denotes point of contact.",,,,,,,,,
a/The FBI conducts NICS checks on all firearm transfer applicants.,,,,,,,,,
b/A state or local agency conducts NICS checks on all firearm transfer or purchase permit applicants.,,,,,,,,,
"c/A state or local agency conducts NICS checks on handgun applicants, while the FBI conducts NICS checks on long gun applicants.",,,,,,,,,
"Source: Bureau of Justice Statistics, Firearm Inquiry Statistics program, 2019 and 2020.",,,,,,,,,
