Bureau of Justice Statistics,,,,,,,
Filename: bcft1920t07.csv,,,,,,,
"Table 7. Percent change in applications, denials, reasons for denial, and rates of denial, 1999 and 2020",,,,,,,
"Report title: Background Checks for Firearm Transfers, 2019�2020   NCJ 306971",,,,,,,
"Data source: Bureau of Justice Statistics, Firearm Inquiry Statistics program, 1999, 2019, and 2020; and Federal Bureau of Investigation, National Instant Criminal Background Check System Transaction Statistics, 1999, 2019, and 2020",,,,,,,
"Author: Connor Brooks, BJS Statistician",,,,,,,
Refer questions to: askbjs@usdoj.gov 202-307-0765,,,,,,,
Date of version: 11/7/2023,,,,,,,
 ,,,,,,,
"Table 7. Percent change in applications, denials, reasons for denial, and rates of denial, 1999 and 2020",,,,,,,
,,1999,,2020,,"Percent change, 1999�2020",
Number of applications,,"8,621,000",,"24,991,000",,189.9,%
Number of denials/a,,"204,000",,"398,000",,95.1,%
,For felony reasons,"148,000",,"201,000",,35.8,
,For nonfelony reasons,"56,000",,"197,000",,251.8,
Percent of applications denied,,2.4,%,1.6,%,-32.7,%
,For felony reasons,1.7,,0.8,,-53.2,
,For nonfelony reasons,0.6,,0.8,,21.4,
Percent of denials,,,,,,,
,For felony reasons/b,72.5,%,50.5,%,-30.4,%
,For nonfelony reasons,27.5,,49.5,,80.3,
"Note: Applications are for firearm transfers and permits. Totals are rounded to the nearest 1,000 and may not sum to totals in other tables in this report. Estimates are based on data reported by the FBI and by state agencies that reported reasons for denial to the Firearm Inquiry Statistics program. For information on sample design and agencies that reported data, see Methodology. See tables 5 and 6 for felony and nonfelony reasons for denial.  ",,,,,,,
a/The FBI began a new classification system for federal prohibitions on firearm transfers in 2008 and reclassified all its denials from 1999 to 2008. FBI counts of denials should not be compared to counts in Bureau of Justice Statistics reports in the Background Check for Firearm Transfers series that were published before 2008.,,,,,,,
b/Some checking agencies did not report reasons for denial. The percentage of denials for felony reasons is estimated by dividing the reported number of denials for felony reasons by the total number of denials. The total number of felony denials is estimated by multiplying the percentage of denials for felony reasons by the total number of denials.,,,,,,,
"Source: Bureau of Justice Statistics, Firearm Inquiry Statistics program, 1999, 2019, and 2020; and Federal Bureau of Investigation, National Instant Criminal Background Check System Transaction Statistics, 1999, 2019, and 2020.",,,,,,,
