Bureau of Justice Statistics,,,,,,,,,,
Filename: bcft1920t03.csv,,,,,,,,,,
"Table 3. Firearm applications and denials reported by state agencies, by type of permit or check and jurisdiction, 2019 and 2020",,,,,,,,,,
"Report title: Background Checks for Firearm Transfers, 2019�2020   NCJ 306971",,,,,,,,,,
"Data source: Bureau of Justice Statistics, Firearm Inquiry Statistics program, 2019 and 2020",,,,,,,,,,
"Author: Connor Brooks, BJS Statistician",,,,,,,,,,
Refer questions to: askbjs@usdoj.gov 202-307-0765,,,,,,,,,,
Date of version: 11/7/2023,,,,,,,,,,
 ,,,,,,,,,,
"Table 3. Firearm applications and denials reported by state agencies, by type of permit or check and jurisdiction, 2019 and 2020",,,,,,,,,,
,,2019,,,,,2020,,,
Type of permit/check and jurisdiction,,Applications,Denials,Percent denied,,,Applications,Denials,Percent denied,
,All permit/check types and jurisdictions,"7,347,844","106,926",1.5,%,,"10,517,829","162,306",1.5,%
Instant check,,"4,671,558","66,906",1.4,%,,"6,848,138","120,543",1.8,%
,Colorado,"342,439","7,069",2.1,,,"501,324","14,227",2.8,
,Connecticut,"126,458",100,0.1,,,"169,113",200,0.1,
,Florida,"942,052","12,500",1.3,,,"1,526,556","20,323",1.3,
,Illinois,"553,933","3,200",0.6,,,"385,770","2,200",0.6,
,Nevada,"101,783","1,637",1.6,,,"184,822","3,151",1.7,
,New Hampshire,"52,000",500,1,,,"93,000",900,1,
,New Jersey,"89,776",398,0.4,,,"178,396",350,0.2,
,Oregon,"276,912","2,258",0.8,,,"418,061","3,363",0.8,
,Pennsylvania,"982,036","12,436",1.3,,,"1,445,910","23,220",1.6,
,Tennessee,"484,778","20,212",4.2,,,"740,694","37,512",5.1,
,Utah,"95,722","1,330",1.4,,,"180,252","2,136",1.2,
,Virginia,"484,550","3,781",0.8,,,"781,910","9,767",1.2,
,Wisconsin,"139,119","1,485",1.1,,,"242,330","3,194",1.3,
Exempt carry permit,,"1,097,888","11,990",1.1,%,,"1,520,543","17,711",1.2,%
,Alaska,"2,325",6,0.3,,,"2,617",0,0,
,Arizona,"65,000",600,0.9,,,"83,000",800,1,
,Arkansas,"34,990","1,135",3.2,,,"51,442","2,328",4.5,
,Kansas,"21,278",52,0.2,,,"17,048",43,0.3,
,Kentucky,"14,500",378,2.6,,,"15,824",441,2.8,
,Louisiana,"11,456",856,7.5,,,"13,764",925,6.7,
,Michigan/a,"141,393","1,936",1.4,,,"182,721","2,367",1.3,
,"Minnesota/a,b","53,310",656,1.2,,,"101,897","1,472",1.4,
,Mississippi,"19,455",1,<0.1,,,"23,465",8,<0.1,
,Nebraska,"13,325",178,1.3,,,"22,212",299,1.3,
,North Dakota,"4,300",150,3.5,,,"6,000",200,3.3,
,Ohio/a,"133,912","1,310",1,,,"171,182","1,777",1,
,South Carolina,"85,803","1,706",2,,,"104,468","2,733",2.6,
,Texas,"353,580","1,755",0.5,,,"567,981","2,422",0.4,
,Utah,"140,845","1,238",0.9,,,"153,291","1,866",1.2,
,Wyoming,"2,416",33,1.4,,,"3,631",30,0.8,
Purchase permit,,"730,022","26,902",3.7,%,,"794,000","21,806",2.7,%
,Connecticut,"14,255",10,0.1,,,"17,096",20,0.1,
,District of Columbia,"6,000",10,0.2,,,"13,000",10,0.1,
,Hawaii/a,"16,098",256,1.6,,,"26,122",741,2.8,
,Illinois,"483,041","20,500",4.2,,,"309,176","13,100",4.2,
,Maryland,"20,083",769,3.8,,,"67,752","2,118",3.1,
,Massachusetts/a,"105,506","1,573",1.5,,,"108,962","2,100",1.9,
,Michigan/a,"30,625",906,3,,,"33,155","1,065",3.2,
,New Jersey/a,"54,414","2,878",5.3,,,"218,737","2,652",1.2,
Other approval,,"848,376","1,128",0.1,%,,"1,355,148","2,246",0.2,%
,California,"781,000",700,0.1,,,"1,221,000","1,100",0.1,
,Maryland,"53,726",245,0.5,,,"104,440",594,0.6,
,Rhode Island/a,"13,650",183,1.3,,,"29,708",552,1.9,
"Note: Counts are from state agencies that reported data on firearm transfers or permits from their own background checks, unless otherwise noted. For information on sample design and agencies that reported data, see Methodology.",,,,,,,,,,
a/Counts are from a state agency that compiled data on firearm transfers or permits from local checking agencies in the jurisdiction.,,,,,,,,,,
b/The state�s concealed carry permits are exempt only under state law.,,,,,,,,,,
"Source: Bureau of Justice Statistics, Firearm Inquiry Statistics program, 2019 and 2020.",,,,,,,,,,
