"Bureau of Justice Statistics",,,,,,,,,
"Filename: cf962_07.csv",,,,,,,,,
"Table #:  2.7.",,,,,,,,,
"Report title:  Compendium of Federal Justice Statistics, 1996",,,,,,,,,
"Data source:  Federal justice statistics database maintained by The Urban Institute",,,,,,,,,
"refer questions to:  John Scalia  (202) 616-3276   askbjs@ojp.usdoj.gov/bjs",,,,,,,"                       ",,
"Date of version:  November 3, 1998",,,,,,,,,
,,,,,,,,,
"Table 2.7.  Behavior of defendants released prior to trial, by offense, October 1, 1995 - ",,,,,,,,,
,"September 30, 1996",,,,,,,,
,,,,,,,,,
,,"Percent of released defendants who had--",,,,,,,
,,,"Violations while on release",,,,,,
,,,,,,,"Technical",,
,,,"At least ",,,,"violations",,"Number of"
"Most serious offense",,"No","one","Failed to ","New offense charged",,"of bail","Release","released"
"charged",,"violation","violation","appear","Felony","Misdemeanor","conditions","revoked","defendants"
," All offenses*",83.7,16.3,2.4,1.8,1.5,13.3,6.2,26801
"Violent offenses",,79.5,20.5,2.4,2.2,3.3,16.2,10.4,1197
"Property offenses",,89.7,10.3,1.8,1.4,1.0,7.9,3.5,10214
,"Fraudulent offenses",90.6,9.4,1.6,1.4,0.9,7.2,3.1,7805
,"Other property offenses",86.5,13.5,2.5,1.2,1.2,10.4,4.9,2409
"Drug offenses",,74.0,26.0,3.4,2.6,2.1,21.9,10.3,9130
"Public-order offenses",,88.8,11.2,1.9,1.2,1.0,9.1,3.8,6132
,"Regulatory offenses",92.6,7.4,1.2,0.7,0.5,6.3,1.4,1213
,"Other offenses",87.9,12.1,2.1,1.4,1.1,9.8,4.5,4919
,,,,,,,,,
"(SEE PRINTED REPORT FOR FOOTNOTES)",,,,,,,,,
