Bureau of Justice Statistics,,,
Filename: ppus09f01.csv,,,
"Figure 1. Total adults under community supervision and on probation or parole, 2000-2009",,,
"Report title: Probation and Parole in the United States, 2009 NCJ 231674",,,
Data source(s): Annual Probation Survey and Annual Parole Survey,,,
"Author(s): Lauren E. Glaze, Thomas P. Bonczar, and Fan Zhang",,,
Refer questions to: askbjs@usdoj.gov or 202-307-0765 ,,,
Date of version: 12/21/2010,,,
,,,
"Figure 1.Total adults under community supervision and on probation or parole, 2000-2009",,,
Year,Community supervision/a,Probation,Parole/b
2000,"4,550,100","3,826,209","723,898"
2001,"4,664,100","3,931,731","732,333"
2002,"4,775,000","4,024,067","750,934"
2003,"4,889,900","4,120,012","769,925"
2004,"4,915,600","4,143,792","771,852"
2005,"4,947,400","4,166,757","780,616"
2006,"5,015,200","4,215,361","799,875"
2007,"5,052,100","4,234,471","821,177"
2008,"5,065,000","4,244,046","824,834"
2009,"5,018,900","4,203,967","819,308"
Note: Populations are based on data reported by jurisdictions annually. Data represent January 1 counts from the next reporting year because some probation and parole agencies update their counts. The reporting methods for some probation and parole agencies changed over time. See Methodology for more details. ,,,
"a/Estimates were rounded to the nearest 100. The 2007-2009 estimates were adjusted to account for offenders with dual community supervision statuses. For these reasons, details do not sum to totals. See Methodology for more details.",,,
b/These parole counts reflect the true size of the population in each year and are not the estimates of the parole population presented in figure 1. The parole population was represented as 5 times its size in the figure to illustrate the change in the population on the scale of the community supervision and probation populations.,,,
