Bureau of Justice Statistics,,
Filename: ppus09f02.csv,,
"Figure 2. Estimated percent of the at-risk probation population incarcerated, 2000-2009",,
"Report title: Probation and Parole in the United States, 2009 NCJ 231674",,
Data source(s): Annual Probation Survey ,,
"Author(s): Lauren E. Glaze, Thomas P. Bonczar, and Fan Zhang",,
Refer questions to: askbjs@usdoj.gov or 202-307-0765 ,,
Date of version: 12/21/2010,,
,,
"Figure 2. Estimated percent of the at-risk probation population incarcerated, 2000-2009",,
Year,Percent incarcerated,
2000,5.5,%
2001,4.5,
2002,4.6,
2003,5.7,
2004,5.5,
2005,5.3,
2006,6.1,
2007,5.6,
2008,6,
2009,5.8,
"Note: See Methodology for a discussion about the at-risk measure of incarceration, including the method of estimation. ",,
