Bureau of Justice Statistics,,,,,,
Filename: ppus09at19.csv,,,,,,
"Appendix Table 19. Adults on parole, by maximum sentence to incarceration, 2009",,,,,,
"Report title: Probation and Parole in the United States, 2009 NCJ 231674",,,,,,
Data source(s): Annual Parole Survey,,,,,,
"Author(s): Lauren E. Glaze, Thomas P. Bonczar, and Fan Zhang",,,,,,
Refer questions to: askbjs@usdoj.gov or 202-307-0765 ,,,,,,
Date of version: 12/21/2010,,,,,,
,,,,,,
"Appendix Table 19. Adults on parole, by maximum sentence to incarceration, 2009",,,,,,
Region and jurisdiction,,,"Parole population, 12/31/2009",One year or less,More than one year,Unknown or not reported
U.S. total,,,"819,308","33,579","658,800","126,929"
,Federal ,,"102,242","12,220","89,957",65
,State,,"717,066","21,359","568,843","126,864"
,,Alabama,"8,429","2,009","6,420",0
,,Alaska ,"1,939",102,"1,837",0
,,Arizona/a,"8,209","1,289","6,920",0
,,Arkansas ,"21,166",**,**,"21,166"
,,California/a,"106,035",0,"106,035",0
,,Colorado ,"11,655",**,**,"11,655"
,,Connecticut/b,"2,873",0,"2,873",0
,,Delaware ,519,**,**,519
,,District of Columbia,"6,319",0,"6,319",0
,,Florida ,"4,323",219,"4,104",0
,,Georgia,"24,029",~,"24,029",0
,,Hawaii ,"1,831",0,"1,831",0
,,Idaho ,"3,447",0,"3,447",0
,,Illinois/a,"33,162","3,595","29,545",22
,,Indiana ,"10,527","1,334","9,193",0
,,Iowa ,"3,265",**,**,"3,265"
,,Kansas/b,"5,010",**,"5,010",0
,,Kentucky,"12,537",611,"11,926",0
,,Louisiana ,"25,683",142,"24,795",746
,,Maine ,31,0,31,0
,,Maryland/b ,"13,742",**,"13,742",0
,,Massachusetts,"3,365",**,**,"3,365"
,,Michigan/a,"24,374",13,"22,574","1,787"
,,Minnesota ,"5,435",0,"5,435",0
,,Mississippi ,"5,426",0,"5,426",0
,,Missouri,"19,673",0,"19,673",0
,,Montana/b,"1,007",0,"1,007",0
,,Nebraska ,823,0,823,0
,,Nevada,"4,186",**,**,"4,186"
,,New Hampshire,"1,820",0,"1,820",0
,,New Jersey ,"15,356",569,"14,787",0
,,New Mexico,"3,157",**,**,"3,157"
,,New York ,"49,950",0,"49,950",0
,,North Carolina,"3,544",319,"3,225",0
,,North Dakota ,357,194,163,0
,,Ohio,"14,575",0,"14,575",0
,,Oklahoma/a,"2,970",185,"2,785",0
,,Oregon ,"22,394",**,**,"22,394"
,,Pennsylvania/c,"75,112","8,824","16,550","49,738"
,,Rhode Island ,585,22,563,0
,,South Carolina ,"1,612",**,**,"1,612"
,,South Dakota,"2,748",**,**,"2,748"
,,Tennessee ,"11,627","1,689","9,938",0
,,Texas/a,"104,943",0,"104,943",0
,,Utah ,"3,204",6,"3,198",0
,,Vermont/a,"1,087",17,986,84
,,Virginia/a,"4,605",0,"4,605",0
,,Washington,"6,563",0,"6,563",0
,,West Virginia ,"1,889",0,"1,889",0
,,Wisconsin ,"19,334",220,"18,694",420
,,Wyoming ,614,**,614,0
Northeast,,,"150,179","9,432","87,560","53,187"
Midwest,,,"139,283","5,356","125,685","8,242"
South,,,"253,363","5,174","224,146","24,043"
West,,,"174,241","1,397","131,452","41,392"
**Not known.,,,,,,
~Not applicable.,,,,,,
a/Some or all detailed data are estimated for maximum sentence to incarceration.,,,,,,
b/See Explanatory notes for more detail.,,,,,,
c/Detailed data represent state parolees only. Detailed data are not available for county parolees.,,,,,,
