"Bureau of Justice Statistics",,,,,,,,,,,,,,,,,,,,
"filename:  NCRP9311.csv",,,,,,,,,,,,,,,,,,,,
"data source:  National Corrections Reporting Program, 1993",,,,,,,,,,,,,,,,,,,,
"produced by:  Todd Minton",,,,,,,,,,,,,,,,,,,,
"author:  Doris James Wilson (202) 616-3625 email:  wilsond@ojp.usdoj.gov",,,,,,,,,,,,,,,,,,,,
"date of version:02/19/99",,,,,,,,,,,,,,,,,,,,
,,,,,,,,,,,,,,,,,,,,
"NCRP9311 -  First releases from State prison, 1993:  Sentence length,",,,,,,,,,,,,,,,,,,,,
"time served in prison, by offense and race",,,,,,,,,,,,,,,,,,,,
,,,,,,,,,,,,,,,,,,,,
,,,,"   White",,,,,,,,,,,"Black",," ",,,
"Most serious","Maximum sentence length\1",,,,,"Time served in prison",,,,,,"Maximum sentence length",,,,,"Time served in prison",,,
"offense","Median\2",,"    Mean\3",,,"Median",,"  Mean",,,,"Median",,"    Mean",,,"Median",," Mean",
,,,,,,,,,,,,,,,,,,,,
"         All offenses",36,"mos.",61,"mos.",,12,"mos.",20,"mos.",,,48,"mos.",68,"mos.",,12,"mos.",21,"mos."
,,,,,,,,,,,,,,,,,,,,
"Violent offenses",60,"mos.",85,"mos.",,23,"mos.",35,"mos.",,,60,"mos.",94,"mos.",,24,"mos.",37,"mos."
"  Homicide",105,,131,,,38,,55,,,,121,,154,,,49,,65,
"     Murder/nonnegligent manslaughter",180,,187,,,65,,80,,,,180,,194,,,68,,84,
"         Murder",240,,226,,,81,,93,,,,240,,221,,,82,,95,
"         Nonnegligent manslaughter",72,,106,,,42,,46,,,,120,,121,,,46,,50,
"      Negligent manslaughter",72,,89,,,24,,34,,,,96,,108,,,28,,40,
"      Unspecified homicide",144,,"--",,,45,,61,,,,84,,102,,,33,,54,
"   Kidnaping",60,,93,,,27,,42,,,,62,,95,,,27,,41,
"   Rape",96,,111,,,42,,53,,,,96,,128,,,47,,64,
"   Other sexual assault",60,,77,,,25,,32,,,,62,,85,,,24,,33,
"   Robbery",60,,97,,,24,,37,,,,72,,103,,,26,,39,
"   Assault",36,,58,,,15,,22,,,,48,,63,,,16,,23,
"   Other violent",36,,52,,,13,,19,,,,48,,58,,,17,,23,
,,,,,,,,,,,,,,,,,,,,
"Property offenses",46,"mos.",59,"mos.",,11,"mos.",17,"mos.",,,48,"mos.",61,"mos.",,11,"mos.",17,"mos."
"   Burglary",48,,70,,,12,,20,,,,54,,76,,,14,,22,
"   Larceny/theft",36,,49,,,9,,13,,,,36,,50,,,9,,14,
"   Motor vehicle theft",36,,43,,,11,,14,,,,36,,53,,,10,,14,
"   Arson",60,,85,,,16,,25,,,,60,,87,,,17,,26,
"   Fraud",36,,54,,,9,,14,,,,36,,52,,,8,,13,
"   Stolen property",48,,53,,,9,,13,,,,48,,53,,,9,,14,
"   Other property",36,,47,,,8,,13,,,,36,,46,,,8,,14,
,,,,,,,,,,,,,,,,,,,,
"Drug offenses",36,"mos.",53,"mos.",,12,"mos.",16,"mos.",,,48,"mos.",64,"mos.",,11,"mos.",15,"mos."
"   Possession",36,,54,,,9,,14,,,,48,,61,,,9,,14,
"   Trafficking",36,,55,,,14,,17,,,,48,,69,,,12,,16,
"   Other/unspecified drug",36,,46,,,9,,14,,,,48,,49,,,10,,14,
,,,,,,,,,,,,,,,,,,,,
"Public-order offenses",24,"mos.",38,"mos.",,8,"mos.",13,"mos.",,,24,"mos.",40,"mos.",,9,"mos.",14,"mos."
"   Weapons",36,,41,,,10,,15,,,,36,,42,,,10,,14,
"   Driving while intoxicated",24,,31,,,8,,10,,,,24,,32,,,4,,7,
"   Other public-order",30,,44,,,9,,16,,,,24,,40,,,9,,15,
,,,,,,,,,,,,,,,,,,,,
"Other offenses",24,"mos.",40,"mos.",,11,"mos.",14,"mos.",,,36,"mos.",49,"mos.",,10,"mos.",16,"mos."
,,,,,,,,,,,,,,,,,,,,
"         Number of releases",," ",98373,,," "," ",98373,,," ",," ",110215,,," "," ",110215,
" ",,,,,,,,,,,,,,,,,,,,
"Note: Data are on all first releases with a total",,,,,,,,,,,,,,,,,,,,
"sentence of more than a year for whom the most serious",,,,,,,,,,,,,,,,,,,,
"offense, maximum sentence length, time served in prison,",,,,,,,,,,,,,,,,,,,,
"and race were reported. ",,,,,,,,,,,,,,,,,,,,
"1\Sentence length refers to the maximum",,,,,,,,,,,,,,,,,,,,
"sentence that an offender may be required",,,,,,,,,,,,,,,,,,,,
"to serve for the most serious offense.",,,,,,,,,,,,,,,,,,,,
"2\Includes sentences of life without parole, ",,,,,,,,,,,,,,,,,,,,
"life plus additional years, life, and death.",,,,,,,,,,,,,,,,,,,,
"3\Excludes sentences of life without parole,",,,,,,,,,,,,,,,,,,,,
"life plus additional years, life, and death.",,,,,,,,,,,,,,,,,,,,
