"Bureau of Justice Statistics",,,,,,,,,,,,,,,
"filename:  NCRP9306.csv",,,,,,,,,,,,,,,
"data source:  National Corrections Reporting Program, 1993",,,,,,,,,,,,,,,
"produced by:  Todd Minton",,,,,,,,,,,,,,,
"author:  Doris James Wilson (202) 616-3625 email:  wilsond@ojp.usdoj.gov",,,,,,,,,,,,,,,
"date of version: 02/19/99",,,,,,,,,,,,,,,
,,,,,,,,,,,,,,,
"NCRP9306: State prison admissions, 1993:  Sentence length,",,,,,,,,,,,,,,,
"by offense and admission type",,,,,,,,,,,,,,,
,,,,,,,,,,,,,,,
,,,,,,,,,,,,,,,
,,,"       New court commitments  ",,,,,,,"        Parole revocations",,,,,
"Most serious",,,,,"Maximum sentence length\1",,,,,,,"Maximum sentence length",,,
"offense",,,"All",,"Median\2",,"Mean\3",,,"All",,"Median",,"Mean",
,,,,,,,,,,,,,,,
"         All offenses",,,100.0,"%",48,"mos.",71,"mos.",,100.0,"%",48,"mos.",69,"mos."
,,,,,,,,,,,,,,,
"Violent offenses",,,29.3,"%",72,"mos.",107,"mos.",,24.2,"%",60,"mos.",96,"mos."
"   Homicide",,,4.2,,240,,188,,,2.0,,180,,178,
"      Murder/nonnegligent manslaughter",,,2.9,,453,,237,,,1.5,,216,,203,
"         Murder",,,2.4,,"Life",,268,,,1.1,,240,,242,
"         Nonnegligent manslaughter",,,0.5,,132,,158,,,0.4,,118,,123,
"      Negligent manslaughter",,,1.3,,96,,123,,,0.5,,84,,115,
"      Unspecified homicide",,,0.1,,360,,216," ",,0.0,,282,,216," "
"   Kidnaping",,,0.6,,108,,133,,,0.4,,84,,106,
"   Rape",,,2.1,,120,,141,,,1.4,,96,,139,
"   Other sexual assault",,,4.0,,72,,108,,,1.7,,72,,90,
"   Robbery",,,9.9,,72,,102,,,12.5,,70,,99,
"   Assault",,,7.7,,48,,76,,,5.8,,48,,64,
"   Other violent",,,0.8,,48,,58,,,0.5,,36,,47,
,,,,,,,,,,,,,,,
"Property offenses",,,30.5,"%",48,"mos.",58,"mos.",,38.6,"%",48,"mos.",66,"mos."
"   Burglary",,,12.9,,48,,69,,,18.9,,50,,77,
"   Larceny/theft",,,8.0,,36,,46,,,10.5,,36,,51,
"   Motor vehicle theft",,,2.4,,36,,44,,,3.7,,36,,50,
"   Arson",,,0.6,,60,,89,,,0.5,,60,,93,
"   Fraud",,,3.8,,36,,52,,,3.3,,51,,69,
"   Stolen property",,,1.9,,48,,52,,,1.3,,60,,69,
"   Other property",,,0.9,,36,,48,,,0.5,,48,,61,
,,,,,,,,,,,,,,,
"Drug offenses",,,29.9,"%",48,"mos.",62,"mos.",,27.7,"%",36,"mos.",57,"mos."
"   Possession",,,6.5,,48,,60,,,6.0,,48,,66,
"   Trafficking",,,18.5,,48,,65,,,15.5,,48,,64,
"   Other/unspecified drug",,,4.8,,48,,54,,,6.1,,24,,32,
,,,,,,,,,,,,,,,
"Public-order offenses",,,9.3,"%",30,"mos.",42,"mos.",,7.1,"%",27,"mos.",44,"mos."
"   Weapons",,,2.5,,36,,49,,,2.8,,24,,40,
"   Driving while intoxicated",,,2.7,,24,,32,,,1.9,,24,,33,
"   Other public-order",,,4.1,,31,,45,,,2.4,,36,,57,
,,,,,,,,,,,,,,,
"Other offenses",,,1.1,"%",24,"mos.",45,"mos.",,2.4,"%",24,"mos.",36,"mos."
,,,,,,,,,,,,,,,
"         Number of admissions",,,272325,," ",," ",,,131953,," ",," ",
,,,,,,,,,,,,,,,
,,,,,,,,,,,,,,,
"Note:  Data on maximum sentence length were ",,,,"       1\Maximum sentence length is the sentence length",,,,,,,,,,,
"reported for 98.9% of the 272,325 new court ",,,,"       that an offender may be required to serve",,,,,,,,,,,
"commitments with a total sentence of more",,,,"       for the most serious offense.",,,,,,,,,,,
"than a year for whom the most serious",,,,"       2\Includes sentences of life without parole,",,,,,,,,,,,
"offense was reported.  Data on maximum",,,,"       life plus additional years, life, and death.",,,,,,,,,,,
"sentence length were reported for 99.9% of the",,,,"       3\Excludes sentences of life without parole,",,,,,,,,,,,
"131,953 parole violators with a total sentence of ",,,,,,,,,,,,,,,
"more than a year for whom the most serious",,,,,,,,,,,,,,,
"offense was reported.",,,,,,,,,,,,,,,
"Detail may not add to total because of rounding.",,,,,,,,,,,,,,,
