Bureau of Justice Statistics,,
Filename: fjs10f12,,
"Figure 12. Median days from case filing to case termination for guilty pleas, by offense and U.S.-Mexico border district, 2010 ",,
"Report title: Federal Justice Statistics, 2010 NCJ 239913",,
Data Source: Federal Justice Statistics Program,,
Author: Mark Motivans,,
Refer questions to: askbjs@usdoj.gov 202-307-0765,,
Date of release: 12/30/13,,
,,
"Figure 12. Median days from case filing to case termination for guilty pleas, by offense and U.S.-Mexico border district, 2010 ",,
,Median days from case filing to guilty plea,
All offenses,188,days
Felonies,203,days
Violent,261,days
Property,235,days
Drug,301,days
Public order,300,days
Sex offense,271,days
Weapons,268,days
Immigration,120,days
Misdemeanors,39,days
Border district,,
Non SW border district,247,days
SW border district,126,days
"Note: U.S.-Mexico border districts include Arizona, California Southern, New Mexico, Texas Western, and Texas Southern. Offense types are the most serious offense at termination. Median days from case filing to disposition for guilty pleas is the midpoint or the number of days for which half of the defendants were processed more slowly than the median days and half were processed more quickly.",,
"Source: Bureau of Justice Statistics, based on data from Administrative Office of the U.S. Courts, criminal master file, fiscal year 2010.",,
