Bureau of Justice Statistics,,,,,,
Filename: fjs10t09,,,,,,
"Table 9. Defendants detained at any time prior to case termination, 2010",,,,,,
"Report title: Federal Justice Statistics, 2010 NCJ 239913",,,,,,
Data Source: Federal Justice Statistics Program,,,,,,
Author: Mark Motivans,,,,,,
Refer questions to: askbjs@usdoj.gov 202-307-0765,,,,,,
Date of release: 12/30/13,,,,,,
,,,,,,
"Table 9. Defendants detained at any time prior to case termination, 2010",,,,,,
,,,Number of total defendants ,Defendants detained ,,
,,,,Number,Percent,
,Total,,"100,622","76,589",76.1,%
Offense type ,,,,,,
,Violent,,"2,387","2,054",86.1,%
,Property,,"15,257","6,279",41.2,
,,Fraud,"12,829","5,477",42.7,
,,Other,"2,428",802,33,
,Drug offenses,,"27,555","23,232",84.3,
,Public order,,"5,448","2,332",42.8,
,,Regulatory,"1,325",552,41.7,
,,Other,"4,123","1,780",43.2,
,Sex offenses,,"2,802","2,014",71.9,
,Weapons,,"7,176","6,142",85.6,
,Immigration,,"39,001","34,127",87.5,
Number of prior convictions ,,,,,,
,None,,"40,094","26,769",66.8,%
,1,,"15,787","12,292",77.9,
,2�4,,"24,561","20,022",81.5,
,5 or more,,"20,167","17,496",86.8,
Type of prior convictions ,,,,,,
,Misdemeanor only,,"18,727","14,117",75.4,%
,Felony other,,"10,105","8,005",79.2,
,Felony drug,,"15,018","12,890",85.8,
,Felony violent,,"16,665","14,798",88.8,
U.S.-Mexico border district,,,,,,
,Yes,,"46,781","38,930",83.2,%
,No,,"53,841","37,659",69.9,
"Note: Detained defendants included defendants who were detained at any time prior to case termination. There were 996 records missing offense type and 13 records missing prior conviction information. Prior felony convictions were classified where prior violent felonies were counted first, followed by prior drug felonies and prior other felonies. The database does not contain additional details about prior felonies for other offenses.",,,,,,
"Source: Bureau of Justice Statistics, based on data from Administrative Office of the U.S. Courts, Probation and Pretrial Services Automated Case Processing System (PACTS), fiscal year 2010.",,,,,,
