Bureau of Justice Statistics,,,,,,,,,,,,,,
Filename: fjs10t15,,,,,,,,,,,,,,
"Table 15. Offenders returning to federal prison within 3 years of release from a U.S. district court commitment, 2008",,,,,,,,,,,,,,
"Report title: Federal Justice Statistics, 2010 NCJ 239913",,,,,,,,,,,,,,
Data Source: Federal Justice Statistics Program,,,,,,,,,,,,,,
Author: Mark Motivans,,,,,,,,,,,,,,
Refer questions to: askbjs@usdoj.gov 202-307-0765,,,,,,,,,,,,,,
Date of release: 12/30/13,,,,,,,,,,,,,,
,,,,,,,,,,,,,,
"Table 15. Offenders returning to federal prison within 3 years of release from a U.S. district court commitment, 2008",,,,,,,,,,,,,,
,,,,,,,,,,,,,,
,,,,,,,Percent of offenders returned to federal ,,,,,,,
,,,,,,,prison within 3 years of release,,,,,,,
,,,Number ,,Percent ,,,,Reason,,,,,
Characteristic,,,released,Number returned,returning,,Total,,New offense,,Supervision violation,,Other,
,Total,,"59,391","8,470",14.3,%,100,%,39.3,%,59,%,1.7,%
Sex,,,,,,,,,,,,,,
,Male,,"53,472","7,970",14.9,%,100,%,40.6,%,57.6,%,1.7,%
,Female,,"5,876",499,8.5,%,100,%,19,%,80,%,1,%
Race/Hispanic origin,,,,,,,,,,,,,,
,White*,,"14,227","1,843",13,%,100,%,16.2,%,83.1,%,0.7,%
,Black/African American*,,"14,004","2,608",18.6,%,100,%,13.6,%,81.6,%,4.9,%
 ,Hispanic/Latino,,"29,390","3,644",12.4,%,100,%,72,%,27.9,%,0.1,%
,American Indian/Alaska Native*,,817,316,38.7,%,100,%,13.3,%,86.7,%,0,%
,Asian/Native Hawaiian/Other Pacific Islander*,,910,58,6.4,%,100,%,22.4,%,77.6,%,0,%
Age at first release,,,,,,,,,,,,,,
,17 or younger,,14,6,--,,--,,--,,--,,--,
,18 to 24,,"6,093","1,201",19.7,%,100,%,44.4,%,54.6,%,1,%
,25 to 44,,"40,387","6,164",15.3,%,100,%,39.4,%,58.7,%,1.9,%
,45 to 64,,"12,007","1,070",8.9,%,100,%,33.7,%,64.9,%,1.4,%
,65 or over,,845,28,3.3,%,100,%,35.7,%,64.3,%,0,%
Citizenship ,,,,,,,,,,,,,,
,U.S. citizen,,"32,140","5,632",17.5,%,100,%,13.5,%,84,%,2.6,%
,Non-U.S. citizen,,"27,143","2,828",10.4,%,100,%,90.8,%,9.2,%,--,%
,,Mexico,"21,605","2,586",12,%,100,%,91.9,%,8.1,%,--,%
,,Other,"5,538",242,4.4,%,100,%,79.8,%,20.2,%,--,%
Original offense of conviction,,,,,,,,,,,,,,
,Violent,,"1,750",473,27,%,100,%,19.5,%,79.7,%,0.9,%
,Property,,"5,709",745,13,%,100,%,15.9,%,84,%,0.1,%
,Drug,,"22,463","2,479",11,%,100,%,20.8,%,74.1,%,5.1,%
,Public order,,"2,814",280,10,%,100,%,17.5,%,81.1,%,1.4,%
,Sex offense,,720,100,13.9,%,100,%,12,%,88,%,--,
,Weapons,,"5,620","1,519",27,%,100,%,14.3,%,85.1,%,0.6,%
,Immigration,,"19,720","2,790",14.1,%,100,%,83,%,17,%,--,
District of commitment,,,,,,,,,,,,,,
,U.S.-Mexico border district,,"24,000","3,591",15,%,100,%,65,%,34.8,%,0.2,%
,Non-U.S.-Mexico border district,,"35,391","4,879",13.8,%,100,%,20.5,%,76.8,%,2.8,%
"Note: Describes offenders returning to federal prison following a release from a U.S. district court commitment. Offenders released following incarceration for supervision violations or CBP/ICE detentions are excluded. Data were missing for the following: sex (43), race/Hispanic origin (43), age at rease (45), citizenship (108), and original offense of conviction (595).",,,,,,,,,,,,,,
* Excludes persons of Hispanic or Latino origin. ,,,,,,,,,,,,,,
-- Less than 0.05%.,,,,,,,,,,,,,,
"Source: Bureau of Justice Statistics, based on data from Bureau of Prisons, SENTRY data file, fiscal year 2008.",,,,,,,,,,,,,,
