Bureau of Justice Statistics,
Filename: iscs10f20_1.csv,
Figure 20.1. Percentage of public schools that used selected safety and security measures: 2007-08,
Report title: Indicators of School Crime and Safety: 2010  NCJ# 230812,
Data source: School Survey on Crime and Safety (SSOCS),
"Author: Simone Robers & Jijun Zhang, American Institutes for Research; Jennifer Truman, Bureau of Justice Statistics",
Refer questions to:  askbjs@usdoj.gov  202-307-0765,
Date of version 5/12/09,
,
Figure 20.1. Percentage of public schools that used selected safety and security measures: 2007-08,
Requre visitors to sign-in or check in,99
Prohibited all tobacco use on school grounds,91
Controlled access to buildings during school hours,90
Controlled access to grounds during school hours,43
Performed drug testing on athletes,6
Performed drug testing on students in extracurricular activities/a,4
Required students to wear badges or picture IDs ,8
Required  faculty and staff to wear badges or picture IDs,58
Random metal detector checks/2,5
Daily metal detector checks,1
Random dog sniffs to check for drugs/b,22
Random sweeps for contraband/b/c,11
Electronic notification system for school-wide emergency ,43
"Structured, anonymous threat reporting system",31
Used security cameras to monitor schools,55
Required students to wear uniforms,18
a/ Excludes athletes.,
2/ One or more checks or sweeps.,
"3/ For example, drugs or weapons. Does not include dog sniffs.",
"NOTE:  Responses were provided by the principal or the person most knowledgeable about crime and safety issues at the school. Respondents were instructed to respond only for those times that were during normal school hours or when school activities or events were in session, unless the survey specified otherwise.",
"SOURCE: U.S. Department of Education, National Center for Education Statistics, 2007-08 School Survey on Crime and Safety (SSOCS), 2008.",
