Bureau of Justice Statistics,,,,
Filename: iscs10f8_2.csv,,,,
"Figure 8.2. Percentage of students ages 12-18 who reported that gangs were present at school during the previous 6 months, by sex: Various years 2001-07",,,,
Report title: Indicators of School Crime and Safety: 2010  NCJ# 230812,,,,
Data source: School Crime Supplement (SCS) to the National Crime Victimization Survey,,,,
"Author: Simone Robers & Jijun Zhang, American Institutes for Research; Jennifer Truman, Bureau of Justice Statistics",,,,
Refer questions to:  askbjs@usdoj.gov  202-307-0765,,,,
Date of version 5/12/09,,,,
,,,,
"Figure 8.2. Percentage of students ages 12-18 who reported that gangs were present at school during the previous 6 months, by sex: Various years 2001-07",,,,
,2001,2003,2005,2007/a
Total,20.1,20.9,24.2,23.2
Male,21.4,22.3,25.3,25.1
Female,18.8,19.5,22.9,21.3
"a/ In 2007, the reference period was the school year, whereas in prior survey years the reference period was the previous 6 months. Cognitive testing showed that estimates from 2007 are comparable to previous years.",,,,
"NOTE: All gangs, whether or not they are involved in violent or illegal activity, are included.  ""At school"" includes the school building, on school property, on a school bus, or going to and from school.  In 2005 and 2007, the unit response rate for this survey did not meet NCES statistical standards; therefore, interpret the data with caution.  For more information, please see appendix A. ",,,,
"SOURCE: U.S. Department of Justice, Bureau of Justice Statistics, School Crime Supplement (SCS) to the National Crime Victimization Survey, various years, 2001-2007.",,,,
