Bureau of Justice Statistics,,,,
Filename:  iscs10f7_1.csv,,,,
"Figure 7.1. Percentage of public schools reporting selected discipline problems that occurred at school, by school level: 2007-08",,,,
Report title: Indicators of School Crime and Safety: 2010  NCJ# 230812,,,,
Data source:  National Crime Victimization Survey (NCVS),,,,
"Author: Simone Robers & Jijun Zhang, American Institutes for Research; Jennifer Truman, Bureau of Justice Statistics",,,,
Refer questions to:  askbjs@usdoj.gov  202-307-0765,,,,
Date of version 5/12/09,,,,
,,,,
"Figure 7.1. Percentage of public schools reporting selected discipline problems that occurred at school, by school level: 2007-08",,,,
,Primary School,Middle School,High school,Combuined school
Student racial/ethnic tensions/1,3,6,5,4!
Student bullying/1,21,44,22,25
Student sexual harassment of other students/1,1!,6,6,
Student verbal abuse of teachers/1,4,10,12,3!
Widespread disorder in classrooms/1,8,18,17,4!
Student acts of disrespect for teachers/1,3,7,5,
Undesirable gang activities/2,10,35,43,14
Undesirable cult or extremist group activities/2,1!,3,8,6!
! Interpret data with caution.,,,,
 --Reporting standards not met.,,,,
1/Includes schools that reported the activity happens either once a week or daily.,,,,
2/Includes schools that reported the activity has happened at all at their school during the school year.,,,,
"NOTE: Primary schools are defined as schools in which the lowest grade is not higher than grade 3 and the highest grade is not higher than grade8. Middle schools are defined as schools in which the lowest grade is not lower than grade 4 and the highest grade is not higher than grade 9. High schools are defined as schools in which the lowest grade in not lowerthan grade 9. Combined schools include all other combinations of grades, including K-12 schools. Responses were provided by the principal or the person most knowledgeable about crime and safety issues at the school. ""At school"" was defined for respondents to include activities that happen in school buildings, on school grounds, on school buses, and at places that hold school-sponsored events or activities. Respondents were instructed to respond only for those times that were during normal school hours or when school activities or events were in session, unless the survey specified otherwise. ",,,,
"SOURCE: U.S. Department of Education, National Center for Education Statistics, 20007-08 School Survey on Crime and Safety (SSOCS:2008).",,,,
