Bureau of Justice Statistics,,,,,
Filename: iscs10f6_1.csv,,,,,
"Figure 6.1. Percentage of public schools recording and reporting incidents of crime, and the rate of crime per 1,000 students, by type of crime: School year 2007-08",,,,,
Report title: Indicators of School Crime and Safety: 2010  NCJ# 230812,,,,,
Data source:  National Crime Victimization Survey (NCVS),,,,,
"Author: Simone Robers & Jijun Zhang, American Institutes for Research; Jennifer Truman, Bureau of Justice Statistics",,,,,
Refer questions to:  askbjs@usdoj.gov  202-307-0765,,,,,
Date of version 5/12/09,,,,,
,,,,,
"Figure 6.1. Percentage of public schools recording and reporting incidents of crime, and the rate of crime per 1,000 students, by type of crime: School year 2007-08",,,,,
Percent of public schools,,,,,
,Total,Violent /a,Serious violent /b,Theft/c,Other/d
Recored,85,75,17,47,67
Reproted to police,62,38,13,31,49
"Rate per 1,000 students",,,,,
,Total,Violent /a,Serious violent /b,Theft/c,Other/d
Experienced various types  of crime,44,28,1,6,9
Reported to police,15,6,1,3,6
"a/ Violent incidents include rape, sexual battery other than rape, physical attack or fight with or without a weapon, threat of physical attack with or without a weapon, and robbery with or without a weapon.  Serious violent incidents also included violent incidents.",,,,,
"b/ Serious violent incidents include rape, sexual battery other than rape, physical attack or fight with a weapon, threat of physical attack with a weapon, and robbery with or without a weapon.",,,,,
"c/ Theft/larceny (taking things over $10 without personal confrontation) was defined for respondents as ""the unlawful taking of another person's property without personal confrontation, threat, violence, or bodily harm.  Included are pocket picking, stealing purse or backpack (if left unattended or no force was used to take it form owner), theft from a building, theft from a motor vehicle or motor vehicle parts or accessories, theft of bicycles, theft from vending machines, and all other types of theft.",,,,,
"d/ Other incidents include possession of a firearm or explosive device, possession of a knife or sharp object, distribution of illegal drugs, possession or use of alcohol or illegal drugs, or vandalism.",,,,,
"NOTE: Responses were provided by the principal or the person most knowledgeable about crime and safety issues at the school. ""At school"" was defined for respondents to include activities that happen in school buildings, on school grounds, on school buses, and at places that hold school-sponsored events or activities.  Respondents were instructed to include incidents that occurred before, during, or after normal school hours or when school acitivities or events were in session.",,,,,
"SOURCE: U.S. Department of Education, National Center for Education Statistics, 2007-08 School Survey on Crime and Safety (SSOCS), 2008.",,,,,
