Bureau of Justice Statistics,,,
Filename: iscs10f11_4.csv,,,
Figure 11.4. Percentage of students ages 12-18 who reported being bullied at school and being cyber-bullied anywhere by the frequency of bullying at school during the school year and percentage of students who notified an adult: 2007,,,
Report title: Indicators of School Crime and Safety: 2010  NCJ# 230812,,,
Data source: School Crime Supplement (SCS) to the National Crime Victimization Survey,,,
"Author: Simone Robers & Jijun Zhang, American Institutes for Research; Jennifer Truman, Bureau of Justice Statistics",,,
Refer questions to:  askbjs@usdoj.gov  202-307-0765,,,
Date of version 5/12/09,,,
,,,
Figure 11.4. Percentage of students ages 12-18 who reported being bullied at school and being cyber-bullied anywhere by the frequency of bullying at school during the school year and percentage of students who notified an adult: 2007,,,
,,Bullying at school,Cyber-bullying anywhere
Once or twice in the past year,,63,73
Once or twice a month,,21,21
Once or twice a week,,10,5
Almost every day,,7,�
Adult notified/a,,36,30
� Reporting standards not met.,,,
a/ Teacher or other adult at school notified.,,,
"NOTE:  ""At school"" includes the school building, on school property, on a school bus, or going to and from school.  In 2007, the unit response rate for this survey did not meet NCES statistical standards, therefore, interpret the data with caution.  For more information, please see appendix A.",,,
"SOURCE: U.S. Department of Justice, Bureau of Justice Statistics, School Crime Supplement (SCS) to the National Crime Victimization Survey, 2007.",,,
