"Bureau of Justice Statistics",,,,
"Filename:  ppus0306.csv",,,,
"Table 6:  Change in the number of adults on parole, 1995-2003",,,,
"Report Title:  Probation and Parole in the United States, 2003 NCJ 205336",,,,
"Data source:  Annual Probation Survey (CJ-8) and Annual Parole Survey (CJ-7)",,,,
"Refer questions to:  askbjs@usdoj.gov  202-307-0765",,,,
"Authors:  Lauren Glaze & Seri Palla",,,,
"Date of version:  07/25/04",,,,
,,,,
"Table 6.  Change in the number of adults on parole, 1995-2003",,,,
,,"Annual increase",,
"Year","Number",,"Percent change",
"1995","-10,950",,-1.6,"%"
"1996",312,,0.0,
"1997",15054,,2.2,
"1998",1598,,0.2,
"1999",18072,,2.6,
"2000",9441,,1.3,
"2001",8435,,1.2,
"2002",18601,,3.1,"%"
"2003",,,,
,,,,
"Total increase, 1995-2003",,,,
,95167,,14.0,"%"
"Average annual increase, 1995-2003",,,,
,11896,,1.7,"%"
