Bureau of Justice Statistics,,
filename:  csllea04tt04.csv,,
"Text table 4.  Ten largest transit system law enforcement agencies, 2004",,
"title: Census of State and Local Law Enforcement Agencies, 2004, NCJ 212749",,
data source: 2004 Census of State and Local Law Enforcement Agencies,,
"author:  Brian A. Reaves, Ph.D.",,
refer questions to: askbjs@usdoj.gov (202)307-0765,,
date of version: 6/13/2007,,

"Text table 4.  Ten largest transit system law enforcement agencies, 2004",,
Transit system law enforcement agency,,Full-time sworn personnel
New York Metropolitan Transit Authority Police,646,
Washington Metropolitan Area Transit Authority Police,365,
Metro Atlanta Rapid Transit Authority Police,297,
Southeastern Pennsylvania Transit Authority Police,248,
Massachusetts Bay Transportation Authority Police,238,
New Jersey Transit Police,208
Dallas Area Rapid Transit Authority Police,197
Bay Area (CA) Rapid Transit Police,189
Houston Metropolitan Transit Authority Police,175
Maryland Transit Administration Police,153
