Bureau of Justice Statistics,,,,,,,,,
filename:  csllea04at05.csv,,,,,,,,,
"Appendix table 5. Sheriffs' offices and employees, by State, September 2004",,,,,,,,,
"title: Census of State and Local Law Enforcement Agencies, 2004, NCJ 212749",,,,,,,,,
data source: 2004 Census of State and Local Law Enforcement Agencies,,,,,,,,,
"author:  Brian A. Reaves, Ph.D.",,,,,,,,,
refer questions to: askbjs@usdoj.gov (202)307-0765,,,,,,,,,
date of version: 6/13/2007,,,,,,,,,

"Appendix table 5. Sheriffs' offices and employees, by State, September 2004",,,,,,,,,
,,,,Full-time employees,,,,,
,,,,Total,,,,Sworn personnel,
,,Number of agencies,, Number,"Per 100,000 residents",,, Number,"Per 100,000 residents"
,U.S. total,"3,067",,"326,531",111,,,"175,018",60
Alabama,,67,,"4,881",108,,,"2,423",53
Alaska,,0,,0,0,,,0,0
Arizona,,15,,"6,114",106,,,"2,028",35
Arkansas,,75,,"3,252",118,,,"1,454",53
California,,58,,"45,691",127,,,"25,768",72
Colorado ,,62,,"6,016",131,,,"3,391",74
Connecticut,,0,,0,0,,,0,0
Delaware,,2,,30,4,,,15,2
District of Columbia,,0,,0,0,,,0,0
Florida,,65,,"38,888",224,,,"18,802",108
Georgia,,159,,"15,357",174,,,"8,860",100
Hawaii,,0,,0,0,,,0,0
Idaho,,44,,"2,498",179,,,"1,155",83
Illinois,,102,,"13,315",105,,,"8,881",70
Indiana,,92,,"7,128",114,,,"2,735",44
Iowa,,99,,"3,131",106,,,"1,516",51
Kansas,,104,,"3,758",137,,,"1,975",72
Kentucky,,119,,"1,948",47,,,"1,543",37
Louisiana,,65,,"14,271",316,,,"9,643",214
Maine,,16,,"1,099",83,,,375,28
Maryland,,24,,"3,549",64,,,"1,924",35
Massachusetts,,12,,"4,703",73,,,"1,914",30
Michigan,,83,,"8,718",86,,,"4,911",49
Minnesota,,87,,"5,521",108,,,"2,458",48
Mississippi,,82,,"3,886",134,,,"1,626",56
Missouri,,113,,"4,205",73,,,"2,546",44
Montana,,55,,"1,523",164,,,679,73
Nebraska,,93,,"1,760",101,,,993,57
Nevada,,16,,"1,542",66,,,"1,012",43
New Hampshire,,10,,234,18,,,147,11
New Jersey,,21,,"5,230",60,,,"3,631",42
New Mexico,,33,,"1,296",68,,,"1,090",57
New York,,57,,"12,643",66,,,"4,216",22
North Carolina,,100,,"12,096",142,,,"6,869",80
North Dakota,,53,,655,103,,,433,68
Ohio,,88,,"10,750",94,,,"5,745",50
Oklahoma,,77,,"2,700",77,,,"1,201",34
Oregon,,36,,"4,212",117,,,"1,945",54
Pennsylvania,,66,,"1,966",16,,,"1,578",13
Rhode Island,,4,,448,41,,,437,40
South Carolina,,46,,"6,425",153,,,"4,027",96
South Dakota,,66,,841,109,,,387,50
Tennessee,,94,,"9,545",162,,,"4,665",79
Texas,,253,,"26,383",117,,,"11,836",53
Utah,,29,,"3,351",140,,,"1,325",55
Vermont,,14,,187,30,,,132,21
Virginia,,122,,"9,811",132,,,"8,169",110
Washington,,39,,"4,941",80,,,"2,939",47
West Virginia,,55,,"1,436",79,,,914,50
Wisconsin,,72,,"7,412",135,,,"4,108",75
Wyoming,,23,,"1,185",234,,,597,118
,,,,,,,,,
Note: Excludes agencies with less than one full-time officer or the equivalent in part-time officers.,,,,,,,,,
