Bureau of Justice Statistics,,,,,,,
filename:  csllea04tt02.csv,,,,,,,
"Text table 2. Five largest sheriffs' offices, 2004",,,,,,,
"title: Census of State and Local Law Enforcement Agencies, 2004, NCJ 212749",,,,,,,
data source: 2004 Census of State and Local Law Enforcement Agencies,,,,,,,
"author:  Brian A. Reaves, Ph.D.",,,,,,,
refer questions to: askbjs@usdoj.gov (202)307-0765,,,,,,,
date of version: 6/13/2007,,,,,,,

"Text table 2. Five largest sheriffs' offices, 2004",,,,,,,
Five largest sheriffs� offices,Full-time sworn personnel,,,,,,
Los Angeles County (CA) ,"8,239",,,,,,
Cook County (IL),"5,555",,,,,,
Broward County (FL),"3,190",,,,,,
Harris County (TX),"2,545",,,,,,
Orange County (CA),"2,119",,,,,,
