Bureau of Justice Statistics,,,,,,,,,
filename:  csllea04at06.csv,,,,,,,,,
"Appendix table 6. Fifty largest sheriffs� offices, by number of full-time sworn personnel, September 2004",,,,,,,,,
"title: Census of State and Local Law Enforcement Agencies, 2004, NCJ 212749",,,,,,,,,
data source: 2004 Census of State and Local Law Enforcement Agencies,,,,,,,,,
"author:  Brian A. Reaves, Ph.D.",,,,,,,,,
refer questions to: askbjs@usdoj.gov (202)307-0765,,,,,,,,,
date of version: 6/13/2007,,,,,,,,,

"Appendix table 6. Fifty largest sheriffs� offices, by number of full-time sworn personnel, September 2004",,,,,,,,,
,,Percent of officers by primary duty area,,,,,,,
County or equivalent,Full-time sworn,Law enforcement,,Jail operations,,Court operations,,Other,
Los Angeles Co. (CA) ,"8,239",54,%,27,%,13,%,6,%
Cook Co. (IL),"5,555",10,,61,,30,,0,
Broward Co. (FL),"3,190",50,,44,,6,,0,
Harris Co. (TX),"2,545",45,,47,,7,,1,
Orange Co. (CA) ,"2,119",50,,36,,14,,0,
Sacramento Co. (CA),"1,565",43,%,32,%,13,%,12,%
San Bernardino Co. (CA),"1,542",48,,32,,8,,12,
Riverside Co. (CA),"1,490",73,,16,,9,,3,
Orange Co. (FL),"1,304",48,,0,,12,,40,
San Diego Co. (CA),"1,261",71,,5,,19,,4,
Palm Beach Co. (FL),"1,153",87,%,0,%,13,%,0,%
Hillsborough Co. (FL),"1,151",79,,7,,1,,13,
Alameda Co. (CA),923,33,,48,,14,,6,
Pinellas Co. (FL),920,86,,0,,14,,0,
Wayne Co. (MI),900,23,,58,,19,,0,
E. Baton Rouge Par. (LA),890,29,%,29,%,29,%,13,%
Oakland Co. (MI),840,50,,45,,6,,0,
Erie Co. (NY),811,21,,66,,13,,1,
San Francisco Co. (CA),795,0,,66,,9,,26,
Contra Costa Co. (CA),759,49,,34,,9,,7,
Maricopa Co. (AZ),731,84,%,1,%,15,%,0,%
Ventura Co. (CA),729,49,,31,,12,,8,
King Co. (WA),700,97,,0,,1,,3,
Manatee Co. (FL),687,52,,38,,5,,5,
Passaic Co. (NJ),667,26,,58,,16,,0,
Jefferson Parish (LA) ,662,85,%,3,%,0,%,12,%
Calcasieu Parish (LA),642,44,,40,,9,,7,
Fulton Co. (GA),635,31,,35,,31,,2,
Travis Co. (TX),617,40,,46,,11,,3,
Milwaukee Co. (WI) ,605,30,,51,,16,,3,
Collier Co. (FL),598,66,%,0,%,5,%,28,%
St. Tammany Parish (LA),588,32,,35,,10,,22,
Lee Co. (FL),545,82,,14,,5,,0,
Jefferson Co. (AL),538,46,,39,,10,,4,
Polk Co. (FL),529,100,,0,,0,,0,
Hamilton Co. (OH),517,45,%,40,%,14,%,0,%
Fairfax Co. (VA),516,0,,76,,19,,5,
Kern Co. (CA),509,52,,4,,17,,26,
Richmond Co. (GA),501,73,,4,,6,,17,
Shelby Co. (TN),482,73,,0,,22,,5,
Dallas Co. (TX),476,67,%,0,%,33,%,0,%
Rapides Parish (LA),470,49,,40,,1,,9,
Knox Co. (TN),468,71,,18,,6,,5,
Fresno Co. (CA),464,74,,9,,17,,0,
Brevard Co. (FL),460,50,,0,,50,,0,
Jefferson Co. (CO),457,40,%,47,%,5,%,7,%
Pima Co. (AZ),455,77,,1,,2,,20,
Tarrant Co. (TX),452,12,,44,,33,,11,
Franklin Co. (OH),449,47,,42,,11,,0,
Bexar Co. (TX),444,75,,0,,25,,0,

Note: Detail may not add to 100% because of rounding.,,,,,,,,,
