Bureau of Justice Statistics,,,,,,,
filename:  csllea04tt01.csv,,,,,,,
"Text table 1. Types of local police departments, 2004",,,,,,,
"title: Census of State and Local Law Enforcement Agencies, 2004, NCJ 212749",,,,,,,
data source: 2004 Census of State and Local Law Enforcement Agencies,,,,,,,
"author:  Brian A. Reaves, Ph.D.",,,,,,,
refer questions to: askbjs@usdoj.gov (202)307-0765,,,,,,,
date of version: 6/13/2007,,,,,,,

"Text table 1. Types of local police departments, 2004",,,,,,,
,,,Number of full-time employees,,,,
"Type of local police departments, 2004",Number of agencies,,Total,,Sworn,,Nonsworn
Municipal,"12,493",,"531,556",,"416,117",,"115,439"
County,56,,"36,771",,"27,578",,"9,193"
Tribal,154,,"3,948",,"2,490",,"1,458"
Regional/joint,63,,877,,789,,88
