Bureau of Justice Statistics,,,,,,,,,,
filename:  csllea04at01.csv,,,,,,,,,,
"Appendix table 1. State and local law enforcement agencies and employees, by State, September 2004",,,,,,,,,,
"title: Census of State and Local Law Enforcement Agencies, 2004, NCJ 212749",,,,,,,,,,
data source: 2004 Census of State and Local Law Enforcement Agencies,,,,,,,,,,
"author:  Brian A. Reaves, Ph.D.",,,,,,,,,,
refer questions to: askbjs@usdoj.gov (202)307-0765,,,,,,,,,,
date of version: 6/13/2007,,,,,,,,,,

"Appendix table 1. State and local law enforcement agencies and employees, by State, September 2004",,,,,,,,,,
,,,,Full-time employees,,,,,,
,,,,Total,,,,Sworn personnel,,
,,Number of agencies,, Number,"Per 100,000 residents",,, Number,"Per 100,000 residents",
,U.S. total,"17,876",,"1,076,897",367,,,"731,903",249,
Alabama,,414,,"16,609",367,,,"10,920",241,
Alaska,,64,,"2,278",348,,,"1,409",215,
Arizona,,138,,"21,847",380,,,"12,659",220,
Arkansas,,355,,"9,680",352,,,"6,333",230,
California,,517,,"120,206",335,,,"75,622",211,
Colorado ,,248,,"16,655",362,,,"11,086",241,
Connecticut,,118,,"9,840",281,,,"8,008",229,
Delaware,,49,,"2,798",272,,,"1,982",239,
District of Columbia,,5,,"5,289",954,,,"4,423",799,
Florida,,384,,"76,794",441,,,"45,267",262,
Georgia,,560,,"34,718",393,,,"23,499",266,
Hawaii,,7,,"4,003",317,,,"3,002",238,
Idaho,,121,,"4,912",353,,,"2,964",213,
Illinois,,898,,"52,121",410,,,"39,714",312,
Indiana,,495,,"19,204",308,,,"12,083",194,
Iowa,,407,,"7,999",271,,,"5,424",184,
Kansas,,365,,"10,950",400,,,"7,141",261,
Kentucky,,390,,"10,149",245,,,"7,655",185,
Louisiana,,356,,"25,047",555,,,"17,996",399
Maine,,138,,"4,030",306,,,"2,571",195
Maryland,,140,,"21,044",379,,,"15,144",272
Massachusetts,,367,,"24,291",379,,,"18,174",283
Michigan,,568,,"28,417",281,,,"20,762",205
Minnesota,,457,,"14,209",279,,,"9,018",177
Mississippi,,341,,"11,589",399,,,"7,013",242
Missouri,,583,,"20,080",349,,,"14,073",245
Montana,,124,,"3,257",351,,,"1,912",206
Nebraska,,245,,"5,510",315,,,"3,786",217
Nevada,,70,,"9,433",398,,,"5,976",256
New Hampshire,,215,,"3,706",285,,,"2,805",216
New Jersey,,546,,"41,748",480,,,"31,812",366
New Mexico,,144,,"7,203",378,,,"4,894",257
New York,,543,,"94,960",494,,,"66,037",344
North Carolina,,497,,"29,425",345,,,"20,973",246
North Dakota,,121,,"1,769",279,,,"1,307",206
Ohio,,823,,"39,366",344,,,"25,856",226
Oklahoma,,464,,"12,435",353,,,"8,007",227
Oregon,,180,,"10,318",287,,,"6,338",176
Pennsylvania,,"1,149",,"32,485",262,,,"26,629",215
Rhode Island,,51,,"3,767",349,,,"3,071",284
South Carolina,,268,,"14,976",357,,,"10,762",256
South Dakota,,167,,"2,576",334,,,"1,621",210
Tennessee,,370,,"23,712",402,,,"15,248",258
Texas,,"1,775",,"86,084",383,,,"54,780",244
Utah,,134,,"7,919",331,,,"4,573",191
Vermont,,68,,"1,619",261,,,"1,156",186
Virginia,,334,,"27,683",371,,,"21,655",290
Washington,,261,,"16,187",261,,,"10,822",174
West Virginia,,229,,"4,352",240,,,"3,207",177
Wisconsin,,526,,"18,614",338,,,"13,072",237
Wyoming,,87,,"3,034",599,,,"1,662",328
,,,,,,,,,
Note: Excludes agencies with less than one full-time officer or the equivalent in part-time officers.,,,,,,,,,
