Bureau of Justice Statistics,,,
filename:  csllea04f04.csv,,,
"Figure 4. Full-time employees in sheriffs' offices, 1992-2004",,,
"title: Census of State and Local Law Enforcement Agencies, 2004, NCJ 212749",,,
data source: 2004 Census of State and Local Law Enforcement Agencies,,,
"author:  Brian A. Reaves, Ph.D.",,,
refer questions to: askbjs@usdoj.gov (202)307-0765,,,
date of version: 6/13/2007,,,

"Figure 4. Full-time employees in sheriffs' offices, 1992-2004",,,
,Total,Sworn,Nonsworn
1992,225404,136592,88812
1996,257712,152922,104790
2000,293823,164711,129112
2004,326531,175018,151513
