Bureau of Justice Statistics,,,,,,,,,
filename:  csllea04at03.csv,,,,,,,,,
"Appendix table 3. Local police departments and employees, by State, September 2004",,,,,,,,,
"title: Census of State and Local Law Enforcement Agencies, 2004, NCJ 212749",,,,,,,,,
data source: 2004 Census of State and Local Law Enforcement Agencies,,,,,,,,,
"author:  Brian A. Reaves, Ph.D.",,,,,,,,,
refer questions to: askbjs@usdoj.gov (202)307-0765,,,,,,,,,
date of version: 6/13/2007,,,,,,,,,

"Appendix table 3. Local police departments and employees, by State, September 2004",,,,,,,,,
,,,,,,Full-time employees,,,
,,,,Total,,,,Sworn personnel,
,,Number of agencies,, Number,"Per 100,000 residents",,, Number,"Per 100,000 residents"
,U.S. total,"12,766",,"573,152",195,,,"446,974",152
Alabama,,317,,"9,519",210,,,"7,140",158
Alaska,,56,,"1,305",199,,,818,125
Arizona,,96,,"12,448",217,,,"8,962",156
Arkansas,,255,,"4,758",173,,,"3,674",133
California,,338,,"53,361",149,,,"38,264",107
Colorado ,,166,,"8,616",187,,,"6,375",139
Connecticut,,106,,"7,862",224,,,"6,614",189
Delaware,,36,,"1,509",182,,,"1,083",130
District of Columbia,,1,,"4,415",798,,,"3,800",687
Florida,,280,,"30,504",175,,,"21,832",125
Georgia,,356,,"14,820",168,,,"12,138",137
Hawaii,,4,,"3,559",282,,,"2,618",207
Idaho,,74,,"1,791",129,,,"1,387",100
Illinois,,726,,"33,539",264,,,"27,548",217
Indiana,,376,,"9,309",149,,,"7,424",119
Iowa,,299,,"3,886",132,,,"3,191",108
Kansas,,238,,"5,292",193,,,"4,089",149
Kentucky,,252,,"5,860",141,,,"4,691",113
Louisiana,,260,,"8,032",178,,,"6,434",142
Maine,,113,,2.053,156,,,"1,574",119
Maryland,,81,,"11,840",213,,,"9,902",178
Massachusetts,,324,,"15,591",249,,,"13,330",208
Michigan,,455,,"15,744",156,,,"13,126",130
Minnesota,,355,,"6,810",134,,,"5,489",108
Mississippi,,225,,"4,932",170,,,"3,829",132
Missouri,,440,,"12,536",218,,,"9,588",167
Montana,,59,,"1,038",112,,,811,87
Nebraska,,144,,"2,718",156,,,"2,160",124
Nevada,,37,,"5,811",249,,,"3,908",167
New Hampshire,,196,,"2,885",222,,,"2,240",172
New Jersey,,481,,"26,139",300,,,"21,543",248
New Mexico,,90,,"3,963",208,,,"2,752",145
New York,,422,,"72,495",377,,,"54,039",281
North Carolina,,358,,"13,559",159,,,"11,056",129
North Dakota,,59,,750,118,,,624,98
Ohio,,688,,"20,401",178,,,"16,667",145
Oklahoma,,353,,"6,947",197,,,"5,253",149
Oregon,,135,,"4,805",134,,,"3,647",101
Pennsylvania,,994,,"21,574",174,,,"18,951",153
Rhode Island,,39,,"2,803",259,,,"2,221",206
South Carolina,,192,,"5,965",142,,,"4,752",113
South Dakota,,93,,"1,269",165,,,915,119
Tennessee,,254,,"10,905",185,,,"8,680",147
Texas,,784,,"41,221",183,,,"32,408",144
Utah,,91,,"3,161",132,,,"2,446",102
Vermont,,49,,786,126,,,616,99
Virginia,,172,,"13,276",178,,,"10,302",138
Washington,,204,,"8,155",131,,,"6,174",100
West Virginia,,158,,"1,635",90,,,"1,399",77
Wisconsin,,430,,"9,660",175,,,"7,782",141
Wyoming,,55,,980,193,,,708,140

Note: Excludes agencies with less than one full-time officer or the equivalent in part-time officers.,,,,,,,,,
