"Bureau of Justice Statistics",,,,,,,,,,,,,,,,
"filename: cpu98511a.csv",,,,,,,,,,,,,,,,
"table: 5.11a",,,,,,,,,,,,,,,,
"report title: Correctional Populations in the United States, 1998 chapter 5 NCJ 192929",,,,,,,,,,,,,,,,
"data source: National Prisoner Statistics 1, 1998",,,,,,,,,,,,,,,,
"author: Paige Harrison",,,,,,,,,,,,,,,,
"refer questions to: askbjs@ojp.usdoj.gov (202) 307-0765",,,,,,,,,,,,,,,,
"date of version: 02-20-02",,,,,,,,,,,,,,,,
,,,,,,,,,,,,,,,,
"Table 5.11a.  Sentenced male prisoners admitted to State or Federal jurisdiction, by type of admission, 1998",,,,,,,,,,,,,,,,
,,,,,,,,,,,,,,,,
,,"Number",,,,,,,,,"Number of sentenced male prisoners admitted during 1998",,,,,
,,"of male",,,,,,"Parole or other",,"Escapees",,"Returns",,"Transfers",,
"Region and",,"prisoners",,,,"New court",,"conditional release",,"and AWOLs",,"from appeal",,"from other",,"Other"
"jurisdiction",,"1/1/98",,"    Total",,"commitments",,"violators returned",,"returned",,"or bond",,"jurisdictions",,"admissions"
,,,,,,,,,,,,,,,,
"     U.S. total",,1121397,,553241,,341573,,190453,,6345,,752,,4106,,10012
,,,,,,,,,,,,,,,,
"    Federal",,88448,,35224,,30981,,3358,,"/",,"/",,685,,200
"    State ",,1032949,,518017,,310592,,187095,,6345,,752,,3421,,9812
,,,,,,,,,,,,,,,,
"  Northeast",,153936,,60120,,37846,,19289,,1305,,141,,1005,,534
"    Connecticut/a",,11128,,1766,,874,,775,,112,,5,,0,,0
"    Maine",,1484,,732,,431,,279,,8,,9,,5,,0
"    Massachusetts/b,c",,10406,,2936,,1920,,632,,13,,"/",,371,,0
"    New Hampshire",,2059,,930,,580,,338,,12,,"/",,0,,0
"    New Jersey/b,d",,26957,,15350,,9084,,6229,,0,,37,,"/",,0
"    New York/d",,65539,,26702,,17962,,7137,,995,,77,,516,,15
"    Pennsylvania",,33540,,10021,,6152,,3529,,70,,13,,101,,156
"    Rhode Island/a,b",,2025,,924,,648,,256,,9,,0,,10,,1
"    Vermont/a",,798,,759,,195,,114,,86,,"/",,2,,362
,,,,,,,,,,,,,,,,
"  Midwest",,204451,,101512,,71053,,23167,,2942,,75,,109,,4166
"    Illinois/b,e",,38358,,24727,,17559,,6389,,769,,10,,"/",,0
"    Indiana/d",,16673,,9519,,8543,,957,,17,,"/",,2,,0
"    Iowa/e",,6410,,4210,,2942,,574,,503,,36,,92,,63
"    Kansas/d",,7435,,4018,,2514,,1468,,8,,"/",,"/",,28
"    Michigan/e",,42715,,13343,,7401,,4171,,944,,0,,10,,817
"    Minnesota",,5050,,3963,,2730,,1233,,"/",,"/",,"/",,0
"    Missouri",,22001,,12003,,6807,,3549,,671,,14,,0,,962
"    Nebraska",,3118,,1612,,1309,,284,,19,,"/",,0,,0
"    North Dakota",,660,,690,,546,,143,,1,,0,,0,,0
"    Ohio/b",,45174,,18260,,15495,,2743,,6,,15,,1,,0
"    South Dakota/b",,2073,,1139,,914,,184,,4,,0,,4,,33
"    Wisconsin",,14784,,8028,,4293,,1472,,"/",,"...",,0,,2263
,,,,,,,,,,,,,,,,
"  South",,449593,,191616,,130685,,53477,,1353,,481,,2003,,3617
"    Alabama/f",,20403,,6996,,6014,,655,,179,,54,,34,,60
"    Arkansas/b",,9335,,5606,,3333,,1571,,14,,14,,1,,673
"    Delaware/a",,3105,,1657,,950,,487,,28,,0,,2,,190
"    District of Columbia/a,b",,9470,,7306,,2961,,2184,,308,,0,,1849,,4
"    Florida/e",,61162,,23557,,20164,,2272,,157,,15,,45,,904
"    Georgia/e",,33693,,13894,,10100,,3733,,50,,1,,10,,0
"    Kentucky",,13548,,7120,,5445,,1562,,84,,"...",,0,,29
"    Louisiana",,27397,,15339,,6666,,7897,,95,,392,,33,,256
"    Maryland/b,c,d",,20098,,10135,,6882,,3141,,101,,"/",,4,,7
"    Mississippi/d,g",,12792,,6004,,4823,,406,,41,,"/",,0,,734
"    North Carolina/b",,26191,,10492,,8846,,1519,,103,,0,,0,,24
"    Oklahoma/b,d",,18489,,6160,,5301,,759,,100,,0,,0,,0
"    South Carolina",,19100,,8123,,5884,,1996,,44,,5,,"/",,194
"    Tennessee/b",,15861,,7830,,4323,,3437,,47,,"/",,23,,0
"    Texas/b",,130051,,51054,,30156,,20356,,0,,0,,"/",,542
"    Virginia",,25936,,9015,,7678,,1337,,"/",,"/",,"/",,0
"    West Virginia/b",,2962,,1328,,1159,,165,,2,,0,,2,,0
,,,,,,,,,,,,,,,,
"  West",,224969,,164769,,71008,,91162,,745,,55,,304,,1495
"    Alaska/a,b,c",,2415,,2304,,1380,,887,,35,,0,,2,,0
"    Arizona/e",,20938,,9241,,7014,,2171,,7,,1,,48,,0
"    California/b",,142428,,121235,,41191,,79653,,192,,"/",,199,,0
"    Colorado/b,h",,12512,,6177,,4109,,1786,,262,,3,,17,,0
"    Hawaii/a,c,d",,3080,,2879,,1657,,1152,,26,,"/",,"/",,44
"    Idaho",,3665,,2242,,1211,,"/",,"/",,"/",,"/",,1031
"    Montana/b",,2350,,1132,,577,,522,,32,,"/",,1,,0
"    Nevada/b,d",,8329,,4254,,3177,,724,,"/",,"/",,"/",,353
"    New Mexico",,4289,,2194,,1530,,619,,10,,1,,34,,0
"    Oregon/i",,7190,,3403,,2060,,1205,,45,,28,,"/",,65
"    Utah",,4070,,2734,,1218,,1501,,7,,8,,0,,0
"    Washington/b",,12290,,6293,,5497,,656,,127,,11,,0,,2
"    Wyoming/d",,1413,,681,,387,,286,,2,,3,,3,,0
,,,,,,,,,,,,,,,,
" Note:  See the questionnaire for category ",,,,"incorrect.  See Explanatory Notes.",,,,,"release violators returned.  See Explanatory Notes.",,,,,,,
" definitions and the Explanatory Notes for",,,,"c/Some or all data for the admission categories",,,,,"g/Other admissions may include returns from",,,,,,,
"State-by-State variations from definitions.",,,,"are estimated.",,,,,"appeal/bond. See Explanatory Notes.",,,,,,,
"...Not applicable.",,,,"d/New court commitments may include a",,,,,"h/Escape and AWOL data are estimated.",,,,,,,
"/Not reported.",,,,"small number of other admissions.  See",,,,,"i/Oregon's transfers may be included in any other",,,,,,,
"a/Figures include both jail and prison inmates;",,,,"Explanatory Notes.",,,,,"admission category.",,,,,,,
"jails and prisons are combined in one system.",,,,"e/Data are for custody rather than jurisdiction",,,,,,,,,,,,
"b/Data by sentence length may be slightly",,,,"f/Other admissions may include other conditional",,,,,,,,,,,,
