"Bureau of Justice Statistics",,,,,,,,,,,,,,,,,,
"filename: cpu98512b.csv",,,,,,,,,,,,,,,,,,
"table: 5.12b",,,,,,,,,,,,,,,,,,
"report title: Correctional Populations in the United States, 1998 chapter 5 NCJ 192929",,,,,,,,,,,,,,,,,,
"data source: National Prisoner Statistics 1, 1998",,,,,,,,,,,,,,,,,,
"author: Paige Harrison",,,,,,,,,,,,,,,,,,
"refer questions to: askbjs@ojp.usdoj.gov (202) 307-0765",,,,,,,,,,,,,,,,,,
"date of version: 02-20-02",,,,,,,,,,,,,,,,,,
,,,,,,,,,,,,,,,,,,
"Table 5.12b.  Sentenced female prisoners released from State or Federal jurisdiction, by type of release, 1998",,,,,,,,,,,,,,,,,,
,,,,,,,,,,,,,,,,,,
,,,,,,,,"Number of sentenced female prisoners released during 1998",,,,,,,,,,"Number"
,,,,,,,,,,"Out on",,"Transfers",,,,,,"of female"
"Region and",,,,"Conditional",,"Unconditional",,"Escapees",,"appeal",,"to other",,,,"Other",,"prisoners"
"jurisdiction",,"  Total",,"releases",,"releases",,"and AWOLs",,"or bond",,"jurisdictions",,"Deaths",,"releases",,"12/31/98"
,,,,,,,,,,,,,,,,,,
"      U.S. total",,57345,,41251,,13049,,695,,95,,425,,139,,1691,,78512
,,,,,,,,,,,,,,,,,,
"    Federal",,3067,,98,,2464,,"/",,"/",,4,,11,,490,,7326
"    State ",,54278,,41153,,10585,,695,,95,,421,,128,,1201,,71186
,,,,,,,,,,,,,,,,,,
"  Northeast",,4754,,3720,,687,,129,,17,,88,,23,,90,,8151
"    Connecticut/a",,230,,123,,16,,13,,0,,2,,4,,72,,729
"    Maine",,25,,13,,12,,0,,0,,0,,0,,0,,96
"    Massachusetts/b,c,d",,305,,95,,184,,3,,0,,23,,0,,0,,427
"    New Hampshire",,63,,55,,7,,1,,0,,0,,0,,0,,116
"    New Jersey/c",,1202,,874,,309,,0,,8,,0,,3,,8,,1653
"    New York",,2236,,1961,,89,,108,,9,,55,,12,,2,,3502
"    Pennsylvania",,567,,481,,68,,3,,0,,8,,4,,3,,1515
"    Rhode Island/a,c",,51,,50,,0,,1,,0,,0,,0,,0,,91
"    Vermont/a",,75,,68,,2,,0,,0,,0,,0,,5,,22
,,,,,,,,,,,,,,,,,,
"  Midwest",,10513,,8132,,1749,,327,,30,,101,,17,,157,,13620
"    Illinois/c,e",,2419,,2259,,42,,113,,1,,"/",,4,,0,,2646
"    Indiana",,920,,849,,69,,2,,"/",,0,,0,,0,,1184
"    Iowa/e",,625,,468,,48,,0,,7,,100,,0,,2,,491
"    Kansas",,452,,432,,20,,0,,0,,"/",,0,,0,,523
"    Michigan/e",,1096,,876,,69,,133,,15,,0,,2,,1,,2052
"    Minnesota",,315,,286,,29,,"/",,"/",,"/",,0,,0,,285
"    Missouri",,1440,,1289,,68,,76,,1,,0,,4,,2,,1880
"    Nebraska",,159,,90,,67,,2,,"/",,0,,0,,0,,231
"    North Dakota",,65,,54,,10,,0,,1,,0,,0,,0,,65
"    Ohio/c",,2307,,1021,,1274,,0,,5,,0,,7,,0,,2912
"    South Dakota/c",,164,,119,,43,,1,,0,,1,,0,,0,,203
"    Wisconsin",,551,,389,,10,,"/",,"...",,0,,0,,152,,1148
,,,,,,,,,,,,,,,,,,
"  South",,21590,,13674,,7175,,107,,20,,224,,61,,329,,31837
"    Alabama",,689,,418,,200,,38,,14,,8,,2,,9,,1395
"    Arkansas/c",,509,,461,,41,,0,,4,,2,,0,,1,,690
"    Delaware/a,b",,195,,24,,115,,0,,0,,1,,0,,55,,195
"    District of Columbia/a,b,c,f",,443,,189,,115,,1,,"/",,138,,"/",,"/",,359
"    Florida/e",,1858,,482,,1311,,11,,0,,4,,14,,36,,3521
"    Georgia/e",,1369,,1048,,264,,1,,"/",,52,,4,,0,,2409
"    Kentucky",,875,,514,,341,,7,,"/",,1,,1,,11,,1046
"    Louisiana",,1428,,1348,,66,,2,,"/",,8,,3,,1,,2180
"    Maryland/b,c,d",,904,,809,,87,,3,,"/",,2,,3,,0,,1029
"    Mississippi/g",,448,,236,,199,,9,,"/",,0,,3,,1,,1102
"    North Carolina/c",,922,,531,,381,,8,,0,,0,,2,,0,,1365
"    Oklahoma/c",,1099,,567,,509,,20,,0,,0,,3,,0,,2091
"    South Carolina",,691,,343,,337,,5,,2,,0,,2,,2,,1264
"    Tennessee/c",,852,,683,,157,,2,,"/",,8,,2,,0,,886
"    Texas/c",,8254,,5601,,2421,,0,,"/",,"/",,19,,213,,10332
"    Virginia/h",,963,,372,,588,,0,,"/",,"/",,3,,0,,1762
"    West Virginia/c",,91,,48,,43,,0,,0,,0,,0,,0,,211
,,,,,,,,,,,,,,,,,,
"  West",,17421,,15627,,974,,132,,28,,8,,27,,625,,17578
"    Alaska/a,c,d",,341,,223,,106,,5,,1,,5,,1,,0,,158
"    Arizona/e",,768,,636,,92,,7,,0,,0,,4,,29,,1581
"    California/c,d",,12656,,12086,,159,,35,,"/",,3,,14,,359,,10905
"    Colorado/c,I",,583,,429,,83,,57,,1,,0,,1,,12,,1070
"    Hawaii/a,d",,611,,364,,31,,2,,22,,0,,1,,191,,359
"    Idaho",,341,,327,,8,,5,,0,,0,,1,,0,,321
"    Montana/c",,100,,74,,20,,3,,3,,0,,0,,0,,248
"    Nevada/c",,471,,289,,181,,"/",,0,,"/",,1,,0,,743
"    New Mexico",,229,,154,,48,,0,,0,,0,,0,,27,,284
"    Oregon/j",,202,,196,,0,,3,,0,,"/",,1,,2,,482
"    Utah",,274,,254,,20,,0,,0,,0,,0,,0,,278
"    Washington/c",,764,,547,,196,,12,,1,,0,,3,,5,,1018
"    Wyoming",,81,,48,,30,,3,,0,,0,,0,,0,,131
,,,,,,,,,,,,,,,,,,
"Note:  See the questionnaire for category definitions and the Explanatory Notes for State-by-State variations from definitions.",,,,,,,,,,,,,,,,,,
"...Not applicable.",,,,,,,,,,,,,,,,,,
"/Not reported.",,,,,,,,,,,,,,,,,,
"a/Figures include both jail and prison inmates; jails and prisons are combined in one system.",,,,,,,,,,,,,,,,,,
"b/Unconditional releases may include some releases to probation or appeal/bond.  See Explanatory Notes.",,,,,,,,,,,,,,,,,,
"c/Data for inmates by sentence length may be slightly incorrect.  See Explanatory Notes.",,,,,,,,,,,,,,,,,,
"d/Some or all data for release categories are estimated.",,,,,,,,,,,,,,,,,,
"e/Data are for custody rather than jurisdiction counts.",,,,,,,,,,,,,,,,,,
"f/The District of Columbia was unable to report deaths by sex; therefore, all deaths are reported under males.",,,,,,,,,,,,,,,,,,
"g/Other releases may include some releases to appeal/bond.  See Explanatory Notes.",,,,,,,,,,,,,,,,,,
"h/Virginia's transfers may be included in the conditional releases category.",,,,,,,,,,,,,,,,,,
"i/Escape and AWOL data are estimated.",,,,,,,,,,,,,,,,,,
"j/Oregon's transfers may be included in any other release category.",,,,,,,,,,,,,,,,,,
