"Bureau of Justice Statistics",,,,,,,,,,,,,,,,,,
"filename: cpu98515.csv",,,,,,,,,,,,,,,,,,
"table: 5.15",,,,,,,,,,,,,,,,,,
"report title: Correctional Populations in the United States, 1998 chapter 5 NCJ 192929",,,,,,,,,,,,,,,,,,
"data source: National Prisoner Statistics 1, 1998",,,,,,,,,,,,,,,,,,
"author: Paige Harrison",,,,,,,,,,,,,,,,,,
"refer questions to: askbjs@ojp.usdoj.gov (202) 307-0765",,,,,,,,,,,,,,,,,,
"date of version: 02-20-02",,,,,,,,,,,,,,,,,,
,,,,,,,,,,,,,,,,,,
"Table 5.15.  Sentenced female prisoners released conditionally or unconditionally from State or Federal jurisdiction, ",,,,,,,,,,,,,,,,,,
"by type of release, 1998",,,,,,,,,,,,,,,,,,
,,,,,,,,,,,,,,,,,,
,,,,,"Conditional release",,,,,,,,,"  Unconditional release",,,,
,,,,,,,,"Supervised",,,,,,"Expiration",,,,
"Region and",,,,,,,,"mandatory",,,,,,"of ",,,,
"jurisdiction",,"    Total",,"   Parole",,"Probation",,"release",,"   Other",,"   Total",,"sentence",,"Commutation",,"    Other"
,,,,,,,,,,,,,,,,,,
"      U.S. total",,41251,,14094,,5114,,19858,,2185,,13049,,12409,,71,,569
,,,,,,,,,,,,,,,,,,
"    Federal",,98,,57,,11,,30,,"/",,2464,,2436,,28,,"/"
"    State ",,41153,,14037,,5103,,19828,,2185,,10585,,9973,,43,,569
,,,,,,,,,,,,,,,,,,
"  Northeast",,3720,,3187,,40,,236,,257,,687,,672,,0,,15
"    Connecticut/a",,123,,4,,"...",,"...",,119,,16,,16,,0,,0
"    Maine",,13,,0,,12,,0,,1,,12,,12,,0,,0
"    Massachusetts/b,c,d,e",,95,,95,,"/",,"/",,0,,184,,172,,0,,12
"    New Hampshire",,55,,48,,6,,"/",,1,,7,,6,,0,,1
"    New Jersey/d",,874,,783,,"...",,"...",,91,,309,,309,,0,,0
"    New York",,1961,,1725,,0,,236,,0,,89,,89,,0,,0
"    Pennsylvania",,481,,481,,"...",,"...",,0,,68,,66,,0,,2
"    Rhode Island/a,d",,50,,26,,21,,"...",,3,,0,,0,,0,,0
"    Vermont/a",,68,,25,,1,,"...",,42,,2,,2,,0,,0
,,,,,,,,,,,,,,,,,,
"  Midwest",,8132,,2904,,1497,,3255,,476,,1749,,1652,,1,,96
"    Illinois/d,f",,2259,,1,,"...",,2258,,0,,42,,36,,1,,5
"    Indiana",,849,,0,,461,,388,,0,,69,,0,,0,,69
"    Iowa/f",,468,,235,,138,,"...",,95,,48,,31,,0,,17
"    Kansas",,432,,422,,6,,"...",,4,,20,,20,,0,,0
"    Michigan/f",,876,,876,,"...",,"...",,0,,69,,69,,0,,0
"    Minnesota/g",,286,,0,,"...",,186,,100,,29,,27,,"/",,2
"    Missouri",,1289,,507,,505,,0,,277,,68,,68,,0,,0
"    Nebraska",,90,,90,,"...",,"...",,0,,67,,67,,0,,0
"    North Dakota",,54,,42,,12,,"...",,0,,10,,10,,0,,0
"    Ohio/d",,1021,,343,,375,,303,,0,,1274,,1274,,0,,0
"    South Dakota/d,h",,119,,111,,0,,8,,"...",,43,,43,,"/",,"..."
"    Wisconsin",,389,,277,,"...",,112,,0,,10,,7,,0,,3
,,,,,,,,,,,,,,,,,,
"  South",,13674,,6352,,2879,,3605,,838,,7175,,6718,,42,,415
"    Alabama",,418,,283,,131,,"/",,4,,200,,198,,0,,2
"    Arkansas/d",,461,,423,,"...",,"...",,38,,41,,41,,0,,0
"    Delaware/a,b,c",,24,,1,,"/",,23,,0,,115,,18,,0,,97
"    District of Columbia/a,b,c,d",,189,,127,,"/",,1,,61,,115,,115,,0,,"/"
"    Florida/f",,482,,6,,273,,"...",,203,,1311,,1237,,23,,51
"    Georgia/f",,1048,,764,,5,,"...",,279,,264,,247,,17,,0
"    Kentucky",,514,,328,,186,,"...",,"/",,341,,341,,0,,"/"
"    Louisiana",,1348,,125,,3,,1220,,0,,66,,60,,0,,6
"    Maryland/c,d,e",,809,,473,,"...",,336,,0,,87,,24,,0,,63
"    Mississippi",,236,,119,,117,,"...",,0,,199,,124,,0,,75
"    North Carolina/d,i",,531,,531,,0,,"/",,0,,381,,380,,1,,0
"    Oklahoma/d",,567,,80,,447,,0,,40,,509,,423,,0,,86
"    South Carolina",,343,,193,,148,,0,,2,,337,,332,,0,,5
"    Tennessee/d,i",,683,,263,,209,,"/",,211,,157,,156,,1,,0
"    Texas/d",,5601,,2387,,1359,,1855,,0,,2421,,2421,,"...",,"..."
"    Virginia/g,j",,372,,202,,"...",,170,,0,,588,,558,,"/",,30
"    West Virginia/d",,48,,47,,1,,"...",,0,,43,,43,,0,,0
,,,,,,,,,,,,,,,,,,
"  West",,15627,,1594,,687,,12732,,614,,974,,931,,0,,43
"    Alaska/a,d,e",,223,,9,,155,,25,,34,,106,,103,,0,,3
"    Arizona/f",,636,,67,,2,,1,,566,,92,,91,,0,,1
"    California/d,k",,12086,,"/",,"...",,12086,,"...",,159,,159,,"/",,"/"
"    Colorado/d",,429,,328,,26,,75,,0,,83,,83,,0,,0
"    Hawaii/a,e",,364,,125,,239,,"/",,0,,31,,31,,0,,0
"    Idaho",,327,,89,,238,,"...",,"/",,8,,8,,"/",,"/"
"    Montana/d",,74,,57,,17,,0,,0,,20,,20,,0,,0
"    Nevada/d",,289,,289,,"...",,"...",,0,,181,,162,,0,,19
"    New Mexico",,154,,154,,0,,"...",,0,,48,,48,,0,,0
"    Oregon/l",,196,,182,,"...",,"...",,14,,0,,0,,0,,0
"    Utah",,254,,254,,0,,0,,0,,20,,1,,0,,19
"    Washington/d",,547,,2,,"...",,545,,0,,196,,195,,0,,1
"    Wyoming",,48,,38,,10,,0,,0,,30,,30,,0,,0
,,,,,,,,,,,,,,,,,,
"Note:  See the questionnaire for category definitions  and the Explanatory Notes for State-by-State variations from definitions.",,,,,,,,,,,,,,,,,,
"...Not applicable.",,,,,,,,,,,,,,,,,,
"/Not reported.",,,,,,,,,,,,,,,,,,
"a/Figures include both jail and prison inmates; jails and prisons are combined in one system.",,,,,,,,,,,,,,,,,,
"b/Expirations of sentence may include releases to probation.  See Explanatory Notes.",,,,,,,,,,,,,,,,,,
"c/Unconditional releases may include some releases to probation or appeal/bond.  See Explanatory Notes.",,,,,,,,,,,,,,,,,,
"d/Data for inmates by sentence length may be slightly incorrect.  See Explanatory Notes.",,,,,,,,,,,,,,,,,,
"e/Some or all data for release categories are estimated.",,,,,,,,,,,,,,,,,,
"f/Data are for custody rather than jurisdiction counts.",,,,,,,,,,,,,,,,,,
"g/Other unconditional releases may include some commutations.  See Explanatory Notes.",,,,,,,,,,,,,,,,,,
"h/Expirations of sentence may include commutations and pardons.  See Explanatory Notes.",,,,,,,,,,,,,,,,,,
"i/Paroles may include supervised mandatory releases.  See Explanatory Notes.",,,,,,,,,,,,,,,,,,
"j/Virginia's transfers may be included in the conditional releases category.",,,,,,,,,,,,,,,,,,
"k/Supervised mandatory release includes some releases to parole.",,,,,,,,,,,,,,,,,,
"l/Oregon's transfers may be included in any other release category.",,,,,,,,,,,,,,,,,,
