"Bureau of Justice Statistics",,,,,,,,,,,,,,,,,
"filename:  ncrp0116.csv",,,,,,,,,,,,,,,,,
"NCRP0116 -  Unsuccessful first State parole discharges, 2001: Sentence length and time served by offense",,,,,,,,,,,,,,,,,
"data source:  National Corrections Reporting Program, 2001",,,,,,,,,,,,,,,,,
"author:  Timothy Hughes ",,,,,,,,,,,,,,,,,
"refer questions to:  askbjs@usdoj.gov      202-307-0765",,,,,,,,,,,,,,,,,
"date of version 05/07/04",,,,,,,,,,,,,,,,,
,,,,,,,"Unsuccessful State parole discharges",,,,,,,,,,
,,"Maximum sentence length",,,,"Time served in prison",,,,"Time served on parole",,,,,,,
"Most serious offense","Number","Median\1",,"    Mean\2",,"Median",,"  Mean",,"Median",,"    Mean",,"Mean time under correctional supervision\3",,"Mean percent of total time served on parole",
,,,,,,,,,,,,,,,,,
"         All offenses",28110,60,"mos.",91,"mos.",21,"mos.",31,"mos.",13,"mos.",20,"mos.",50,"mos.",40.5,"%"
,,,,,,,,,,,,,,,,,
"Violent offenses",6774,96,"mos.",124,"mos.",37,"mos.",49,"mos.",14,"mos.",22,"mos.",71,"mos.",33.0,"%"
"   Homicide",534,180,,210,,68,,79,,21,,31,,111,,31.1,
"      Murder/nonnegligent manslaughter",354,240,,265,,85,,92,,25,,36,,128,,30.5,
"         Murder",242,240,,306,,86,,92,,25,,37,,130,,32.0,
"         Nonnegligent manslaughter",112,186,,195,,84,,92,,24,,32,,124,,27.2,
"      Negligent manslaughter",173,108,,115,,40,,54,,16,,24,,78,,32.6,
"      Unspecified homicide",7," - - ",,"- - ",," - - ",," - - ",,"- - ",," - - ",,"- - ",,"- - ",
"   Kidnapping",110,120,,147,,39,,54,,14,,22,,76,,32.6,
"   Rape",498,144,,171,,70,,82,,16,,27,,109,,26.5,
"   Other sexual assault",719,84,,120,,35,,44,,13,,19,,63,,32.5,
"   Robbery",3005,120,,131,,40,,51,,15,,23,,73,,32.6,
"   Assault",1599,60,,86,,26,,34,,13,,18,,52,,36.0,
"   Other violent",309,36,,48,,18,,22,,9,,12,,34,,36.1,
,,,,,,,,,,,,,,,,,
"Property offenses",8585,60,"mos.",85,"mos.",18,"mos.",27,"mos.",12,"mos.",19,"mos.",45,"mos.",41.5,"%"
"   Burglary",4300,72,,104,,23,,32,,14,,21,,53,,40.0,
"   Larceny/theft",1654,48,,69,,15,,22,,10,,17,,39,,42.4,
"   Motor vehicle theft",473,48,,59,,14,,21,,10,,14,,35,,42.1,
"   Arson",140,84,,115,,30,,42,,14,,18,,59,,35.2,
"   Fraud",1141,60,,74,,14,,20,,12,,18,,38,,46.3,
"   Stolen property",509,48,,56,,13,,18,,10,,14,,33,,42.7,
"   Other property",368,36,,42,,13,,17,,9,,12,,29,,40.8,
,,,,,,,,,,,,,,,,,
"Drug offenses",9912,60,"mos.",83,"mos.",18,"mos.",24,"mos.",14,"mos.",20,"mos.",44,"mos.",44.2,"%"
"   Possession",2548,48,,73,,15,,22,,12,,19,,40,,44.0,
"   Trafficking",5137,60,,83,,19,,24,,13,,19,,44,,42.8,
"   Other/unspecified drug",2227,60,,95,,18,,25,,17,,23,,48,,47.7,
,,,,,,,,,,,,,,,,,
"Public-order offenses",2503,48,"mos.",61,"mos.",17,"mos.",23,"mos.",11,"mos.",16,"mos.",39,"mos.",41.8,"%"
"   Weapons",627,60,,71,,21,,28,,12,,18,,47,,39.0,
"   Driving while intoxicated",704,60,,65,,15,,18,,13,,16,,35,,47.2,
"   Other public-order",1172,36,,54,,16,,23,,10,,15,,38,,40.0,
,,,,,,,,,,,,,,,,,
"Other offenses",336,48,"mos.",56,"mos.",9,"mos.",15,"mos.",13,"mos.",16,"mos.",31,"mos.",52.1,"%"
" ",,,,,,,,,,,,,,,,,
,,,,,,,,,,,,,,,,,
" - -No statistic was calculated because there were fewer than 10 cases.",,,,,,,,,,,,,,,,,
"1\Includes sentences of life without parole, life plus additional years, life, and death.",,,,,,,,,,,,,,,,,
"2\Excludes sentences of life without parole, life plus additional years, life, and death.",,,,,,,,,,,,,,,,,
"3\Excludes time served in jail.  ",,,,,,,,,,,,,,,,,
,,,,,,,,,,,,,,,,,
"In 2001, 37 States submitted a total of 530,160 admissions to prison, 37 States submitted a total of 517,314 releases from prison, and 29 States submitted a total of 320,270 discharges from parole.",,,,,,,,,,,,,,,,,
