"Bureau of Justice Statistics",,,,,,,,,,,,,,,,,,,,
"filename:  ncrp0111.csv",,,,,,,,,,,,,,,,,,,,
"NCRP0111 -  First releases from State prison, 2001:  Sentence length and time served in prison, by offense and race",,,,,,,,,,,,,,,,,,,,
"data source:  National Corrections Reporting Program, 2001",,,,,,,,,,,,,,,,,,,,
"author:  Timothy Hughes ",,,,,,,,,,,,,,,,,,,,
"refer questions to:  askbjs@usdoj.gov      202-307-0765",,,,,,,,,,,,,,,,,,,,
"date of version 05/07/04",,,,,,,,,,,,,,,,,,,,
,,,,,,,,,,,,,,,,,,,,
,,,,,,,,,,,,,,,,,,,,
,,,,,,,,"First releases from State prison",,,,,,,,,,,,
,,,,"White",,,,,,,,,,"Black",,,,,,
,"Maximum sentence length\1",,,,"Time served in prison",,,,,,"Maximum sentence length\1",,,,"Time served in prison",,,,,
"Most serious offense","Median\2",,"    Mean\3",,"Median",,"  Mean",,"Percent of maximum sentence served in prison",,"Median\2",,"    Mean\3",,"Median",,"    Mean",,"Percent of maximum sentence served in prison",
,,,,,,,,,,,,,,,,,,,,
"         All offenses",46,"mos.",64,"mos.",16,"mos.",28,"mos.",43.8,"%",48,"mos.",72,"mos.",19,"mos.",33,"mos.",45.8,"%"
,,,,,,,,,,,,,,,,,,,,
"Violent offenses",60,"mos.",85,"mos.",30,"mos.",46,"mos.",54.1,"%",60,"mos.",98,"mos.",37,"mos.",54,"mos.",55.1,"%"
"   Homicide",120,,148,,62,,82,,55.4,,180,,177,,89,,99,,55.9,
"      Murder/nonnegligent manslaughter",237,,209,,103,,116,,55.5,,216,,207,,107,,118,,57.0,
"         Murder",240,,221,,111,,124,,56.1,,240,,214,,108,,123,,57.5,
"         Nonnegligent manslaughter",132,,172,,80,,86,,50.0,,180,,186,,104,,104,,55.9,
"      Negligent manslaughter",72,,96,,36,,48,,50.0,,120,,125,,55,,61,,48.8,
"      Unspecified homicide",84,,99,,29,,44,,44.4,,120,,114,,48,,59,,51.8,
"   Kidnapping",60,,93,,38,,56,,60.2,,60,,106,,39,,62,,58.5,
"   Rape",96,,125,,66,,77,,61.6,,96,,142,,80,,95,,66.9,
"   Other sexual assault",60,,81,,34,,45,,55.6,,60,,77,,30,,44,,57.1,
"   Robbery",69,,103,,36,,51,,49.5,,72,,109,,43,,57,,52.3,
"   Assault",36,,56,,19,,29,,51.8,,48,,67,,24,,36,,53.7,
"   Other violent",36,,49,,16,,23,,46.9,,36,,53,,17,,26,,49.1,
,,,,,,,,,,,,,,,,,,,,
"Property offenses",36,"mos.",59,"mos.",14,"mos.",24,"mos.",40.7,"%",36,"mos.",63,"mos.",16,"mos.",27,"mos.",42.9,"%"
"   Burglary",48,,73,,18,,29,,39.7,,48,,82,,22,,37,,45.1,
"   Larceny/theft",36,,49,,12,,20,,40.8,,32,,46,,13,,21,,45.7,
"   Motor vehicle theft",36,,46,,13,,22,,47.8,,36,,63,,14,,27,,42.9,
"   Arson",60,,80,,23,,34,,42.5,,54,,85,,25,,37,,43.5,
"   Fraud",36,,51,,12,,19,,37.3,,36,,50,,12,,19,,38.0,
"   Stolen property",36,,46,,13,,20,,43.5,,36,,52,,14,,23,,44.2,
"   Other property",36,,42,,11,,16,,38.1,,36,,43,,12,,18,,41.9,
,,,,,,,,,,,,,,,,,,,,
"Drug offenses",41,"mos.",60,"mos.",13,"mos.",20,"mos.",33.3,"%",48,"mos.",66,"mos.",17,"mos.",25,"mos.",37.9,"%"
"   Possession",36,,52,,11,,17,,32.7,,36,,63,,13,,22,,34.9,
"   Trafficking",48,,64,,16,,23,,35.9,,48,,71,,19,,28,,39.4,
"   Other/unspecified drug",48,,65,,14,,19,,29.2,,36,,54,,15,,21,,38.9,
,,,,,,,,,,,,,,,,,,,,
"Public-order offenses",36,"mos.",44,"mos.",13,"mos.",19,"mos.",43.2,"%",36,"mos.",45,"mos.",14,"mos.",22,"mos.",48.9,"%"
"   Weapons",36,,48,,16,,23,,47.9,,36,,47,,17,,24,,51.1,
"   Driving while intoxicated",36,,43,,13,,16,,37.2,,24,,37,,11,,13,,35.1,
"   Other public-order",32,,45,,13,,20,,44.4,,36,,47,,13,,23,,48.9,
,,,,,,,,,,,,,,,,,,,,
"Other offenses",60,"mos.",78,"mos.",15,"mos.",24,"mos.",30.8,"%",60,"mos.",74,"mos.",16,"mos.",27,"mos.",36.5,"%"
,,,,,,,,,,,,,,,,,,,,
"         Number of releases",103100," ",102508,,103100," ",103100,,," ",111847," ",111249,,111847," ",111847,,,
,,,,,,,,,,,,,,,,,,,,
,,,,,,,,,,,,,,,,,,,,
"Note: Data are based on all first releases with a total sentence of more than a year for whom the most serious offense, maximum sentence length, time served in prison, and race were reported.",,,,,,,,,,,,,,,,,,,,
"1\Sentence length refers to the maximum sentence that an offender may be required to serve for the most serious offense.",,,,,,,,,,,,,,,,,,,,
"2\Includes sentences of life without parole, life plus additional years, life, and death.",,,,,,,,,,,,,,,,,,,,
"3\Excludes sentences of life without parole, life plus additional years, life, and death.",,,,,,,,,,,,,,,,,,,,
,,,,,,,,,,,,,,,,,,,,
"In 2001, 37 States submitted a total of 530,160 admissions to prison, 37 States submitted a total of 517,314 releases from prison, and 29 States submitted a total of 320,270 discharges from parole.",,,,,,,,,,,,,,,,,,,,
