﻿Bureau of Justice Statistics,,
Filename: tleus18t15.csv,,
"Table 15. Number of calls for service received and arrests made by Bureau of Indian Affairs law enforcement agencies, 2018",,
"Report title: Tribal Law Enforcement in the United States, 2018  NCJ 306022",,
"Data Source: Bureau of Justice Statistics, Census of Tribal Law Enforcement Agencies, 2019",,
"Authors: Steven W. Perry and Michael B. Field, BJS Statisticians",,
Refer questions to: askbjs@usdoj.gov 202-307-0765,,
Date of version: 7/31/2023,,
,,
"Table 15. Number of calls for service received and arrests made by Bureau of Indian Affairs law enforcement agencies, 2018",,
,,All agencies
Calls for service/a,,
,Total,"87,851"
,Mean,"4,183"
,Median,"4,229"
,Per full-time sworn officer,619
Arrests of any persons/a,,
,Total,"12,923"
,Mean,615
,Median,368
,Per full-time sworn officer,91
Arrests of juveniles/b,,
,Total,831
,Mean,44
,Median,22
,Per full-time sworn officer,6
a/Excludes two agencies that did not have counts of calls for service and total arrests.,,
b/Includes arrests of persons age 17 or younger. Excludes four agencies that did not have counts of juvenile arrests.,,
"Source: Bureau of Justice Statistics, Census of Tribal Law Enforcement Agencies, 2019.",,
