﻿Bureau of Justice Statistics,,
Filename: tleus18t16.csv,,
"Table 16. Percent of Bureau of Indian Affairs law enforcement agencies, by type of arrests made, 2018",,
"Report title: Tribal Law Enforcement in the United States, 2018  NCJ 306022",,
"Data Source: Bureau of Justice Statistics, Census of Tribal Law Enforcement Agencies, 2019",,
"Authors: Steven W. Perry and Michael B. Field, BJS Statisticians",,
Refer questions to: askbjs@usdoj.gov 202-307-0765,,
Date of version: 7/31/2023,,
,,
"Table 16. Percent of Bureau of Indian Affairs law enforcement agencies, by type of arrests made, 2018",,
Type of arrests made,Percent,
Domestic violence,100,%
Violation of protection orders,87,
Methamphetamine sales/distribution,78.3,
Opioid sales/distribution,47.8,
Neglect/abuse/financial exploitation of the elderly,52.2,
Sex trafficking,8.7,
Labor trafficking,0,
Note: Agencies could report multiple types of arrests. ,,
"Source: Bureau of Justice Statistics, Census of Tribal Law Enforcement Agencies, 2019.",,
