Bureau of Justice Statistics,,,
Filename: tleus18at15.csv,,,
"Appendix table 15. Standard errors for table 11: Percent of tribally operated law enforcement agencies, by technological resources, 2018",,,
"Report title: Tribal Law Enforcement in the United States, 2018� NCJ 306022",,,
"Data Source: Bureau of Justice Statistics, Census of Tribal Law Enforcement Agencies, 2019",,,
"Authors: Steven W. Perry and Michael B. Field, BJS Statisticians",,,
Refer questions to: askbjs@usdoj.gov 202-307-0765,,,
Date of version: 7/31/2023,,,
,,,
"Appendix table 15. Standard errors for table 11: Percent of tribally operated law enforcement agencies, by technological resources, 2018",,,
Technological resource,,Percent,
In-office technology,,,
,Computer in office,0,%
,Case/record management system,0.75,
,AMBER Alert system,1.04,
,Electronic fingerprinting machine,1.01,
,Tablet not in patrol vehicle,0.95,
Mobile technology for field use,,,
,Land mobile radio system/radio management system,0.64,%
,Cellphone for personal use,0.9,
,Professional camera for evidence collection ,0.97,
,Laptop/tablet in patrol vehicle,0.92,
,Body-worn camera,1,
,GPS equipment,1.03,
,Mobile hot spot/internet access throughout jurisdiction,0.99,
,Dashboard camera,1.04,
,Satellite phone,0.73,
,Mobile fingerprint scanner,0.43,
IT staff,,,
,Access to IT department/specialist not on staff,0.94,%
,IT department/specialist on staff,1.04,
,Outside contracted IT services,1,
"Source: Bureau of Justice Statistics, Census of Tribal Law Enforcement Agencies, 2019.",,,
