﻿Bureau of Justice Statistics,,,,,,,,,,,,,
Filename: tleus18t12.csv,,,,,,,,,,,,,
"Table 12. Percent of tribally operated law enforcement agencies, by size of agency and criminal justice data sharing, 2018",,,,,,,,,,,,,
"Report title: Tribal Law Enforcement in the United States, 2018  NCJ 306022",,,,,,,,,,,,,
"Data Source: Bureau of Justice Statistics, Census of Tribal Law Enforcement Agencies, 2019",,,,,,,,,,,,,
"Authors: Steven W. Perry and Michael B. Field, BJS Statisticians",,,,,,,,,,,,,
Refer questions to: askbjs@usdoj.gov 202-307-0765,,,,,,,,,,,,,
Date of version: 7/31/2023,,,,,,,,,,,,,
,,,,,,,,,,,,,
"Table 12. Percent of tribally operated law enforcement agencies, by size of agency and criminal justice data sharing, 2018",,,,,,,,,,,,,
Criminal justice data shared with—,,All agency sizes,,50 or more FTE sworn officers*,,25–49,,10–24,,5–9,,4 or fewer,
"DOI Incident Management, Analysis and Reporting System/a",,73.2,%,88.6,%,90.1,%,80.4,%,70.8,% †,45.8,% †
FBI Uniform Crime Reporting Program/b,,37.4,%,65.6,%,34.5,% †,36.9,% †,43.7,% †,26.1,% †
State Uniform Crime Reporting Program/c,,34.5,%,44.2,%,44.4,%,34.8,%,40.1,%,17.6,% †
FBI Criminal Justice Information ,,,,,,,,,,,,,
Services Division,,,,,,,,,,,,,
,National Crime Information Center/d,66,%,76.9,%,90.1,% †,73.1,%,57.2,% †,41.9,% †
,National Instant Criminal Background Check System/e,34.7,,44.2,,47.8,,38.3,,36,,13.2, †
,Next Generation Identification/f,15.7,,44.2,,20.7, †,23.5, †,3.7, †,4.7, †
,National Data Exchange/g,13.1,,21.4,,20.6,,15.6,,9.5, †,5.1, †
"Note: Agency size is based on the number of full-time-equivalent (FTE) sworn officers (the number of full-time sworn officers plus half the number of part-time sworn officers). Percentages include tribally operated agencies that employed at least one full-time sworn officer with general arrest powers, the authority to issue citations, or both in 2018. Agencies could report data sharing with multiple programs. See appendix table 16 for standard errors.",,,,,,,,,,,,,
*Comparison group.,,,,,,,,,,,,,
†Difference with comparison group is significant at the 95% confidence level.,,,,,,,,,,,,,
a/Data were shared with the Bureau of Indian Affairs via the U.S. Department of the Interior (DOI) system. See https://www.doi.gov/ocl/law-enforcement-system.,,,,,,,,,,,,,
b/See https://www.fbi.gov/how-we-can-help-you/more-fbi-services-and-information/ucr.,,,,,,,,,,,,,
c/See https://ucr.fbi.gov/state-ucr-program-contacts-1.,,,,,,,,,,,,,
d/See https://www.fbi.gov/services/cjis/ncic.,,,,,,,,,,,,,
e/See https://www.fbi.gov/services/cjis/nics.,,,,,,,,,,,,,
f/See https://www.fbi.gov/services/cjis/fingerprints-and-other-biometrics/ngi.,,,,,,,,,,,,,
g/See https://le.fbi.gov/informational-tools/national-data-exchange-n-dex.,,,,,,,,,,,,,
"Source: Bureau of Justice Statistics, Census of Tribal Law Enforcement Agencies, 2019.",,,,,,,,,,,,,
