Bureau of Justice Statistics,,
Filename: tleus18f04.csv,,
"Figure 4. Percent of tribally operated law enforcement agencies, by type of arrests made, 2018",,
"Report title: Tribal Law Enforcement in the United States, 2018� NCJ 306022",,
"Data Source: Bureau of Justice Statistics, Census of Tribal Law Enforcement Agencies, 2019  ",,
"Authors: Steven W. Perry and Michael B. Field, BJS Statisticians",,
Refer questions to: askbjs@usdoj.gov 202-307-0765,,
Date of version: 7/31/2023,,
,,
"Figure 4. Percent of tribally operated law enforcement agencies, by type of arrests made, 2018",,
Type of arrests made,Percent,
Domestic violence,79.6,%
Violation of protection orders,65.6,
Methamphetamine sales/distribution,58.2,
Opioid sales/distribution,51.9,
Neglect/abuse/financial exploitation of the elderly,31.2,
Sex trafficking,9.5,
Labor trafficking,2.9,
"Note: Percentages include tribally operated agencies that employed at least one full-time sworn officer with general arrest powers, the authority to issue citations, or both in 2018. Agencies could report multiple types of arrests. See appendix table 12 for standard errors.",,
"Source: Bureau of Justice Statistics, Census of Tribal Law Enforcement Agencies, 2019.",,
