﻿Bureau of Justice Statistics,,,,,,,,,,,,,
Filename: tleus18at05.csv,,,,,,,,,,,,,
"Appendix table 5. Standard errors for table 2: Percent of tribally operated law enforcement agencies, by size of agency and source of funding, 2018",,,,,,,,,,,,,
"Report title: Tribal Law Enforcement in the United States, 2018  NCJ 306022",,,,,,,,,,,,,
"Data Source: Bureau of Justice Statistics, Census of Tribal Law Enforcement Agencies, 2019",,,,,,,,,,,,,
"Authors: Steven W. Perry and Michael B. Field, BJS Statisticians",,,,,,,,,,,,,
Refer questions to: askbjs@usdoj.gov 202-307-0765,,,,,,,,,,,,,
Date of version: 7/31/2023,,,,,,,,,,,,,
,,,,,,,,,,,,,
"Appendix table 5. Standard errors for table 2: Percent of tribally operated law enforcement agencies, by size of agency and source of funding, 2018",,,,,,,,,,,,,
Source of funding,,All agency sizes,,50 or more FTE sworn officers,,25–49,,10–24,,5–9,,4 or fewer,
Tribal,,,,,,,,,,,,,
,Tribal council/government,0.78,%,0,%,2.14,%,1.13,%,1.37,%,2.26,%
,"Tribal business enterprise (e.g., construction or gaming)",0.89,,3.98,,2.97,,1.42,,1.6,,1.92,
Federal,,,,,,,,,,,,,
,P.L. 93–638 contract,1.01,%,5.26,%,2.97,%,1.57,%,1.72,%,2.43,%
,Justice Department Coordinated Tribal Assistance Solicitation,1.02,,3.98,,3.02,,1.58,,1.59,,2.49,
,Self-governance compact,0.88,,5.88,,2.66,,1.47,,1.35,,2.17,
,Other federal grant,1.02,,5.73,,2.97,,1.59,,1.75,,2.55,
State,,,,,,,,,,,,,
,State grant,0.81,%,5.75,%,2.76,%,1.33,%,1.42,%,1.06,%
,Other state funding,0.37,,0,,0.44,,0.8,,0.83,,0,
Private,,0.33,%,0,%,1.31,%,0,%,0.83,%,0.93,%
"Source: Bureau of Justice Statistics, Census of Tribal Law Enforcement Agencies, 2019.",,,,,,,,,,,,,
