﻿Bureau of Justice Statistics,,,,,,,,,,,,,
Filename: tleus18t03.csv,,,,,,,,,,,,,
"Table 3. Percent of tribally operated law enforcement agencies, by size of agency and arrest or citation authority, 2018",,,,,,,,,,,,,
"Report title: Tribal Law Enforcement in the United States, 2018  NCJ 306022",,,,,,,,,,,,,
"Data Source: Bureau of Justice Statistics, Census of Tribal Law Enforcement Agencies, 2019",,,,,,,,,,,,,
"Authors: Steven W. Perry and Michael B. Field, BJS Statisticians",,,,,,,,,,,,,
Refer questions to: askbjs@usdoj.gov 202-307-0765,,,,,,,,,,,,,
Date of version: 7/31/2023,,,,,,,,,,,,,
,,,,,,,,,,,,,
"Table 3. Percent of tribally operated law enforcement agencies, by size of agency and arrest or citation authority, 2018",,,,,,,,,,,,,
Arrest or citation authority,,All agency sizes,,50 or more FTE sworn officers*,,25–49,,10–24,,5–9,,4 or fewer,
American Indian/Alaska Native offender in—,,,,,,,,,,,,,
,Crime against American Indian/Alaska Native victim,98.2,%,100,%,100,%,98.9,% †,96.1,% †,97.8,% †
,Crime against victim of other race/ethnicity,95.9,,100,,96.9, †,97.6, †,92.4, †,95.2, †
,Other crime/a,96.6,,100,,100,,97.6, †,95.8, †,92.6, †
Offender of other race/ethnicity in—,,,,,,,,,,,,,
,Crime against American Indian/Alaska Native victim,79.2,%,100,%,79.4,% †,78.9,% †,74.8,% †,80.2,% †
,Crime against victim of other race/ethnicity,73.4,,77.2,,72.7,,76.7,,68.7,,72.4,
,Other crime/a,78.4,,88.6,,82.5,,83.6,,68.7, †,74.9, †
"Note: Agency size is based on the number of full-time-equivalent (FTE) sworn officers (the number of full-time sworn officers plus half the number of part-time sworn officers). Percentages include tribally operated agencies that employed at least one full-time sworn officer with general arrest powers, the authority to issue citations, or both in 2018. Agencies could report multiple types of jurisdiction. See appendix table 6 for standard errors.",,,,,,,,,,,,,
*Comparison group.,,,,,,,,,,,,,
†Difference with comparison group is significant at the 95% confidence level.,,,,,,,,,,,,,
"a/Includes crimes with no direct or identifiable victims (i.e., societal crimes such as gambling, prostitution or drug violations).",,,,,,,,,,,,,
"Source: Bureau of Justice Statistics, Census of Tribal Law Enforcement Agencies, 2019.",,,,,,,,,,,,,
