Bureau of Justice Statistics,,
Filename: tleus18at12.csv,,
"Appendix table 12. Standard errors for figure 4: Percent of tribally operated law enforcement agencies, by type of arrests made, 2018",,
"Report title: Tribal Law Enforcement in the United States, 2018� NCJ 306022",,
"Data Source: Bureau of Justice Statistics, Census of Tribal Law Enforcement Agencies, 2019",,
"Authors: Steven W. Perry and Michael B. Field, BJS Statisticians",,
Refer questions to: askbjs@usdoj.gov 202-307-0765,,
Date of version: 7/31/2023,,
,,
"Appendix table 12. Standard errors for figure 4: Percent of tribally operated law enforcement agencies, by type of arrests made, 2018",,
Type of arrests made,Percent,
Domestic violence,0.85,%
Violation of protection orders,0.99,
Methamphetamine sales/distribution,1,
Opioid sales/distribution,1.03,
Neglect/abuse/financial exploitation of the elderly,0.86,
Sex trafficking,0.62,
Labor trafficking,0.37,
"Source: Bureau of Justice Statistics, Census of Tribal Law Enforcement Agencies, 2019.",,
