﻿Bureau of Justice Statistics,,,,,,,,,,,
Filename: tleus18t01.csv,,,,,,,,,,,
"Table 1. Number of tribally operated law enforcement agencies and full-time sworn officers, by size of agency, 2008 and 2018",,,,,,,,,,,
"Report title: Tribal Law Enforcement in the United States, 2018  NCJ 306022",,,,,,,,,,,
"Data Source: Bureau of Justice Statistics, Census of State and Local Law Enforcement Agencies, 2008; and Census of Tribal Law Enforcement Agencies, 2019  ",,,,,,,,,,,
"Authors: Steven W. Perry and Michael B. Field, BJS Statisticians",,,,,,,,,,,
Refer questions to: askbjs@usdoj.gov 202-307-0765,,,,,,,,,,,
Date of version: 7/31/2023,,,,,,,,,,,
,,,,,,,,,,,
"Table 1. Number of tribally operated law enforcement agencies and full-time sworn officers, by size of agency, 2008 and 2018",,,,,,,,,,,
,,Number of agencies/b,,,,,Number of full-time sworn officers,,,,
Size of agency/a,,2008*,2018,,"Percent change, 2008–2018",,2008*,2018,,"Percent change, 2008–2018",
,All agency sizes,178,234, †,31.5,%,"2,999","3,834", †,27.8,%
50 or more FTE sworn officers,,6,10, †,66.7,,871,927,,6.4,
25–49,,19,32, †,68.4,,607,"1,054", †,73.6,
10–24,,69,90, †,30.4,,"1,062","1,353", †,27.4,
5–9,,51,55, †,7.8,,361,366,,1.4,
4 or fewer,,33,46, †,39.4,,98,134, †,36.7,
Note: Percentages may not sum to totals due to rounding. See appendix table 4 for standard errors.,,,,,,,,,,,
*Comparison year.,,,,,,,,,,,
†Difference with comparison year is significant at the 95% confidence level.,,,,,,,,,,,
a/Based on the number of full-time-equivalent (FTE) sworn officers (the number of full-time sworn officers plus half the number of part-time sworn officers).,,,,,,,,,,,
"b/Includes tribally operated agencies that employed at least one full-time sworn officer with general arrest powers, the authority to issue citations, or both in 2018.",,,,,,,,,,,
"Source: Bureau of Justice Statistics, Census of State and Local Law Enforcement Agencies, 2008; and Census of Tribal Law Enforcement Agencies, 2019.",,,,,,,,,,,
