﻿Bureau of Justice Statistics,,,,,,,,,,,,,
Filename: tleus18t05.csv,,,,,,,,,,,,,
"Table 5. Percent of tribally operated law enforcement agencies, by size of agency and officer duties, 2018",,,,,,,,,,,,,
"Report title: Tribal Law Enforcement in the United States, 2018  NCJ 306022",,,,,,,,,,,,,
"Data Source: Bureau of Justice Statistics, Census of Tribal Law Enforcement Agencies, 2019",,,,,,,,,,,,,
"Authors: Steven W. Perry and Michael B. Field, BJS Statisticians",,,,,,,,,,,,,
Refer questions to: askbjs@usdoj.gov 202-307-0765,,,,,,,,,,,,,
Date of version: 7/31/2023,,,,,,,,,,,,,
,,,,,,,,,,,,,
"Table 5. Percent of tribally operated law enforcement agencies, by size of agency and officer duties, 2018",,,,,,,,,,,,,
Officer duty,,All agency sizes,,50 or more FTE sworn officers*,,25–49,,10–24,,5–9,,4 or fewer,
Law enforcement,,,,,,,,,,,,,
,Execute arrest/search warrants,82.6,%,100,%,96.9,% †,87.7,% †,80.3,% †,60.8,% †
,Prisoner transport,79.8,,100,,93.7, †,89, †,78.2, †,48.6, †
,Sex Offender Registration and Notification Act registration,52.4,,100,,79.8, †,62.2, †,41.5, †,15.5, †
,Temporary hold for other authorities,42.1,,66.9,,44.8, †,50, †,33, †,30.1, †
,Booking and release of arrested persons/inmates,37,,54.2,,44.9,,49.2,,31.1, †,10.3, †
Court-related,,,,,,,,,,,,,
,Providing evidence/testimony in court,92,%,100,%,100,%,96.5,% †,88.1,% †,80.4,% †
,Process server/a,84.7,,100,,93.7, †,89.1, †,86.4, †,63.3, †
,Court security/bailiffs,70.9,,55.8,,58.6,,75, †,84.2, †,58.2,
Special,,,,,,,,,,,,,
,Support for social services/b,80.3,%,100,%,82.9,% †,90.3,% †,76.3,% †,58.7,% †
,Crisis intervention/c,66.4,,90,,69.1, †,79.1, †,54.4, †,48.3, †
,Probation officer/probationary functions,30.3,,32.8,,23.9,,36.2,,32.1,,20.4, †
,Jail/detention/corrections services or operations,18.7,,22.8,,34.6, †,21.3,,13.5,,7.5, †
"Note: Agency size is based on the number of full-time-equivalent (FTE) sworn officers (the number of full-time sworn officers plus half the number of part-time sworn officers). Percentages include tribally operated agencies that employed at least one full-time sworn officer with general arrest powers, the authority to issue citations, or both in 2018. Agencies could report multiple duties. See appendix table 8 for standard errors.",,,,,,,,,,,,,
*Comparison group.,,,,,,,,,,,,,
†Difference with comparison group is significant at the 95% confidence level.,,,,,,,,,,,,,
"a/Includes serving eviction notices, protection orders, child support orders, and other legal documents.",,,,,,,,,,,,,
b/Includes assisting with children in need of care.,,,,,,,,,,,,,
c/Includes assisting with psychological evaluations or holds.,,,,,,,,,,,,,
"Source: Bureau of Justice Statistics, Census of Tribal Law Enforcement Agencies, 2019.",,,,,,,,,,,,,
