"Bureau of Justice Statistics",,,
"Filename:   cnh00p6.csv",,,
"Violence committed by strangers and household burglaries",,,
"Title of Report:   Crime and the Nation's Households, 2000  NCJ 194107",,,
"Data source:  National Crime Victimization Survey",,,
"Author:  Patsy Klaus",,,
"Refer questions to:  askbjs@ojp.usdoj.gov or (202) 307-0765",,,
"Date of version:  05/07/02",,,
,,,
"Violence committed by strangers and household burglaries",,,
,,,
"Characteristic of household",,"Percent of households that experienced stranger violent or burglary, 2000",
,,,
"White",,4.3,"%"
"Black ",,5.8,
"Other",,4.4,
,,,
"Hispanic",,6.1,"%"
"Non-Hispanic",,4.3,
,,,
"Urban",,5.7,"%"
"Suburban",,4.2,
"Rural",,3.3,
,,,
"Northeast",,3.5,"%"
"Midwest",,4.3,
"South",,4.3,
"West",,5.8,
,,,
"Size",,,
" 1 person",,3.5,"%"
" 2-3 persons",,4.3,
" 4-5 persons",,5.6,
"  6 or more",,8.4,
