"Bureau of Justice Statistics",,,,
"Filename:  chn00p4b1.csv",,,,
"Vandalism as measured by NCVS",,,,
"Title of Report:   Crime and the Nation's Households, 2000  NCJ 194107",,,,
"Data source:  National Crime Victimization Survey",,,,
"Author:  Patsy Klaus",,,,
"Refer questions to:  askbjs@ojp.usdoj.gov or  (202) 307-0765",,,,
"Date of version:  08/06/02",,,,
,,,,
"Vandalism as measured by NCVS",,,,
,,,,
"Chart comparing vandalism to other property crimes, 2000",,,,
,,,,
,,,"Percent of households, 2000",
"         Household burglary",,,2.7,"%"
"         Motor vehicle theft",,,0.8,"%"
"         Property theft",,,10.9,"%"
"         Vandalism",,,5.6,"%"
