"Bureau of Justice Statistics",,,,,,
"Filename:   cnh00p4b7.csv",,,,,,
"Type of damage to property from vandalism, 2000",,,,,,
"Title of Report:  Crime and the Nation's Households, 2000  NCJ  194107",,,,,,
"Data source:  National Crime Victimization Survey",,,,,,
"Author:  Patsy Klaus",,,,,,
"Refer questions to:  askbjs@ojp.usdoj.gov or (202) 307-0765",,,,,,
"Date of version:  08/06/02",,,,,,
,,,,,,
"Type of damage to property from vandalism, 2000",,,,,,
,,,,,,
,,,,,,
,,,"                      Vandalism damage",,,
"Types of damage",,,"Number",,"Percent of all types of damage",
,,,,,,
"Total",,,7290800,"*",100,"%"
"Defaced, marred, graffiti",,,2565200,,35.2,
"Broken glass",,,1283300,,17.6,
"Other breaking/tearing",,,1217600,,16.7,
"Damaged with vehicle",,,371700,,5.1,
"Burned",,,78500,,1.1,
"Injured/killed animals",,,29000,,0.4,
"Other damage",,,1745400,,23.9,
,,,,,,
"Note:  Percentages are based upon total types of damage.  More than one type of damage may have occurred in a vandalism, and multiple vandalisms  may have occurred to the same household.",,,,,,
"*These numbers differ since they are not total households but totals types of property damaged and total types of damage.",,,,,,
