"Bureau of Justice Statistics",,,,,,,,,,,
"Filename:   cnh0003.csv",,,,,,,,,,,
"Table 3. Race and Hispanic origin of household head, by the type of crime that households experienced, 2000",,,,,,,,,,,
"Title of Report:   Crime and the Nation's Households, 2000  NCJ 194107",,,,,,,,,,,
"Data source:  National Crime Victimization Survey",,,,,,,,,,,
"Author:  Patsy Klaus",,,,,,,,,,,
"Refer questions to:  askbjs@ojp.usdoj.gov or (202) 307-0765",,,,,,,,,,,
"Date of version:  08/06/02",,,,,,,,,,,
,,,,,,,,,,,
"Table 3. Race and Hispanic origin of household head, by the type of crime that households experienced, 2000",,,,,,,,,,,
,,,,,,,,,,,
,,"                                                           Percent of households",,,,,,,,,
,,"Race of household head",,,,,,"Ethnicity of household head",,,
"Type of victimization",,"White",,"Black ",,"Other",,"Hispanic",,"Non-Hispanic",
,,,,,,,,,,,
"  Any NCVS crime/a",,"16.0","%","18.2","%","15.7","%","20.9","%","15.8","%"
,,,,,,,,,,,
"     Violent crime/b",,3.9,"%",4.4,"%",3.8,"%",5.2,"%",3.9,"%"
"        Rape",,0.1,,0.2,,0.2,,0.0,,0.1,
"        Sexual assault",,0.1,,0.0,,0.0,,0.1,,0.1,
"        Robbery",,0.5,,1.0,,0.5,,1.1,,0.5,
"        Assault",,3.4,,3.4,,3.1,,4.0,,3.4,
"           Aggravated",,0.9,,1.0,,1.0,,1.2,,0.9,
"           Simple",,2.7,,2.6,,2.3,,3.0,,2.6,
,,,,,,,,,,,
"     Purse snatching/pocket picking",,"0.2","%","0.3","%","0.3","%","0.5","%","0.2","%"
,,,,,,,,,,,
"     Property crimes",,"13.4","%","15.4","%","13.5","%","17.4","%","13.2","%"
"         Household burglary",,2.5,,4.0,,2.8,,3.8,,2.6,
"         Motor vehicle theft",,0.7,,1.2,,1.1,,1.8,,0.7,
"        Theft",,10.8,,11.4,,10.4,,13.1,,10.7,
,,,,,,,,,,,
"Note: Detail does not add to total or crime subtotals because of overlap in households experiencing various crimes.",,,,,,,,,,,
"*Less than .05%.",,,,,,,,,,,
"a/Excludes murder and vandalism.",,,,,,,,,,,
"b/Excludes murder.",,,,,,,,,,,
