"Bureau of Justice Statistics",,,,,,,,,,,,,,,,
"Filename:   cnh0004.csv",,,,,,,,,,,,,,,,
"Table 4.  Place of residence and region of households experiencing crime, by type of crime, 2000",,,,,,,,,,,,,,,,
"Title of Report:   Crime and the Nation's Households, 2000  NCJ 194107",,,,,,,,,,,,,,,,
"Data source:  National Crime Victimization Survey",,,,,,,,,,,,,,,,
"Author:  Patsy Klaus",,,,,,,,,,,,,,,,
"Refer questions to:  askbjs@ojp.usdoj.gov or (202) 307-0765",,,,,,,,,,,,,,,,
"Date of version:  08/06/02",,,,,,,,,,,,,,,,
,,,,,,,,,,,,,,,,
,,,,,,,,,,,,,,,,
"Table 4. Place of residence and region of households experiencing crime, by type of crime, 2000",,,,,,,,,,,,,,,,
,,,,,,,,,,,,,,,,
,,,,,,,"                                Percent of households",,,,,,,,,
,,,,,"               Place of residence",,,,,,"                 Region",,,,,
"Type of victimization",,,"Urban",,"Suburban",,"Rural",,"Northeast",,"Midwest",,"South",,"West",
,,,,,,,,,,,,,,,,
"  Any NCVS crime/a",,,"19.7","%","15.3","%","13.1","%","13.6","%","16.3","%","15.1","%","20.6","%"
,,,,,,,,,,,,,,,,
"     Violent crime/b",,,"4.7","%","3.9","%","3.1","%","3.5","%","4.1","%","3.4","%","5.2","%"
"        Rape",,,0.1,,0.1,,0.1,,0.1,,0.1,,0.1,,0.1,
"        Sexual assault",,,0.1,,0.1,,0.1,,0.1,,"                    *",,0.1,,0.1,
"        Robbery",,,0.9,,0.4,,0.2,,0.5,,0.5,,0.5,,0.7,
"        Assault",,,3.8,,3.4,,2.8,,2.8,,3.7,,2.9,,4.5,
"           Aggravated",,,1.0,,0.9,,0.8,,0.6,,0.9,,0.9,,1.3,
"           Simple",,,2.9,,2.7,,2.2,,2.3,,3.0,,2.2,,3.4,
,,,,,,,,,,,,,,,,
"Purse snatching/pocket picking",,,"0.4","%","0.2","%","0.1","%","0.4","%","0.2","%","0.1","%","0.2","%"
,,,,,,,,,,,,,,,,
"     Property crimes",,,"16.5","%","12.9","%","11.0","%","10.9","%","13.8","%","12.8","%",17.3%,"%"
"         Household burglary",,,3.4,,2.5,,2.2,,1.9,,2.7,,2.8,,3.3,
"         Motor vehicle theft",,,1.2,,0.8,,0.3,,0.7,,0.8,,0.7,,1.1,
"        Theft",,,13.0,,10.4,,9.0,,9.0,,11.0,,10.1,,14.0,
,,,,,,,,,,,,,,,,
"*Less than .05%.",,,,,,,,,,,,,,,,
"a/Murder and vandalism are not included.",,,,,,,,,,,,,,,,
"b/Excludes murder.",,,,,,,,,,,,,,,,
