"Bureau of Justice Statistics",,,
"Filename:   cnh00p3.csv",,,
"Intimate partner violence",,,
"Title of Report:   Crime and the Nation's Households, 2000  NCJ 194107",,,
"Data source:   National Crime Victimization Survey",,,
"Author:  Patsy Klaus",,,
"Refer questions to:  askbjs@ojp.usdoj.gov or  (202) 307-0765",,,
"Date of version:  08/06/02",,,
,,,
"Intimate partner violence",,,
,,,
"Characteristic of household",,"Percent of households that experienced intimate partner violence, 2000",
,,,
"White ",,0.4,"%"
"Black",,0.5,
"Other",,0.5,
,,,
"Hispanic",,0.5,"%"
"Non-Hispanic",,0.4,
,,,
"Urban",,0.5,"%"
"Suburban",,0.4,
"Rural",,0.4,
,,,
"Northeast",,0.3,"%"
"Midwest",,0.7,
"South",,0.4,
"West",,0.5,
,,,
"Size",,,
" 1 person",,0.4,"%"
" 2-3 persons",,0.4,
" 4-5 persons",,0.5,
" 6 or more",,1.0,
