"Bureau of Justice Statistics",,,,,,,,,,
"Filename:   cnh0005.csv",,,,,,,,,,
"Table 5: Size of household, by the type of crime that households experienced, 2000",,,,,,,,,,
"Title of Report:  Crime and the Nation's Households, 2000,  NCJ 194107",,,,,,,,,,
"Data source:  National Crime Victimization Survey",,,,,,,,,,
"Author:  Patsy Klaus",,,,,,,,,,
"Refer questions to:  askbjs@ojp.usdoj.gov or (202) 307-0765",,,,,,,,,,
"Date of version:  08/06/02",,,,,,,,,,
,,,,,,,,,,
"Table 5: Size of household, by the type of crime that households experienced, 2000",,,,,,,,,,
,,,,,,,,,,
,,,"                                    Percent of households",,,,,,,
,,,"                          Number of persons in household",,,,,,,
"Type of victimization",,," 1",," 2-3",," 4-5",,"6 or more ",
,,,,,,,,,,
"  Any NCVS crime/a",,,"10.4","%","15.7","%","23.6","%","30.1","%"
,,,,,,,,,,
"     Violent crime/b",,,"2.5","%","3.7","%","5.8","%","9.4","%"
"        Rape",,,0.1,,0.1,,0.1,,0.2,
"        Sexual assault",,,0.1,,0.1,,0.1,,0.2,
"        Robbery",,,0.3,,0.5,,0.8,,1.5,
"        Assault",,,2.1,,3.2,,5.0,,7.9,
"           Aggravated",,,0.6,,0.9,,1.2,,2.7,
"           Simple",,,1.6,,2.5,,4.1,,6.1,
,,,,,,,,,,
"Purse snatching/pocket picking",,,"0.1","%","0.2","%","0.2","%","0.7","%"
,,,,,,,,,,
"     Property crimes",,,"8.5","%","13.1","%","20.3","%","25.2","%"
"         Household burglary",,,2.3,,2.7,,3.1,,4.3,
"         Motor vehicle theft",,,0.5,,0.8,,1.1,,1.4,
"         Theft",,,6.2,,10.3,,17.2,,21.0,
,,,,,,,,,,
"a/Murder and vandalism are not included.",,,,,,,,,,
"b/Excludes murder.",,,,,,,,,,
