Bureau of Justice Statistics,
Filename: cbjtsc05f01.csv,
Figure 1. Median compensatory and punitive final awards for plaintiff winners in select trial cases,
"Report title: Civil Bench and Jury Trials in State Courts, 2005 NCJ 223851",
"Data source: Civil Justice Survey of State Courts, 2005",
"Authors: Lynn Langton, M.A. and Thomas H. Cohen, Ph.D.",
Refer questions to: askbjs@usdoj.gov 202-307-0765,
Date of version: 10/28/2008,

Figure 1. Median compensatory and punitive final awards for plaintiff winners in select trial cases,
Case type,Median final award for plaintiff winners
Automobile,"$15,000 "
Buyer plaintiff ,"$17,000 "
Seller plaintiff ,"$27,000 "
All trials,"$28,000 "
Intentional tort,"$38,000 "
Fraud,"$75,000 "
Mortgage foreclosure,"$78,000 "
Premises liability,"$98,000 "
Employment discrimination,"$175,000 "
Medical malpractice,"$400,000 "
Asbestos,"$682,000 "
