Bureau of Justice Statistics,,,,,
Filename: cbjtsc05t09.csv,,,,,
"Table 9. Case processing time and days in trial, by case and trial type, 2005",,,,,
"Report title: Civil Bench and Jury Trials in State Courts, 2005  NCJ 223851",,,,,
"Data source: Civil Justice Survey of State Courts, 2005",,,,,
"Authors: Lynn Langton, M.A. and Thomas H. Cohen, Ph.D.",,,,,
Refer questions to: askbjs@usdoj.gov 202-307-0765,,,,,
Date of version: 10/28/2008,,,,,

"Table 9. Case processing time and days in trial, by case and trial type, 2005",,,,,
,,Mean days in trial,,Mean months from filing to disposition*,
Case type,,Jury ,Bench ,Jury ,Bench 
,All cases,3.9,1.7,26.1,20.3
Tort cases,,3.7,1.5,26,20.6
Contract cases,,4.8,1.7,26.2,20.6
Real property cases,,2.9,1.6,30.4,18.8
Note: Data on the number of days in trial were available for 94% of jury trials and 96% of bench trials. Data on the number of months from complaint filing to case disposition were available for 99.9% of jury trials and 99.5% of bench trials.
*Disposition refers to the date the verdict was rendered for jury trials and the date the decision was announced for bench trials.
