Bureau of Justice Statistics,,,,,
filename: vvneha0710f06c.csv,,,,,
"Figure 6c. Service and organizational structures, by type of metropolitan area, 2006 (c) Civic and social organization employees*",,,,,
"figure title: Service and organizational structures, by type of metropolitan area, 2006 (c) Civic and social organization employees*",,,,,
"data source: Bureau of Justice Statistics, Census of State and Local Law Enforcement Agencies, 2004 and 2008; and U.S. Census Bureau, County Business Patterns, 2006",,,,,
"author: Min Xie, Ph.D., and Michael Planty, Ph.D., ",,,,,
refer questions to: askbjs@usdoj.gov (202) 307-0765,,,,,
date of version: 08/05/14,,,,,
,,,,,
"Figure 6c. Service and organizational structures, by type of metropolitan area, 2006",,,,,
(c) Civic and social organization employees*,,,,,
,,,,,
"Per 1,000 residents",,,,,
,minimum,25th percentile,median,75th percentile,maximum
Established--slow growth,0.481976,0.617474,0.690373,1.12248,1.30281
Established--fast growth,0.137171,0.372286,0.541818,0.767485,1.41466
New Hispanic areas,0.106396,0.729666,1.02431,1.85545,4.72668
Small Hispanic areas,0.497431,0.773987,1.49683,1.85162,3.51831
*The North American Indiustry classification system (NAICS) defines civic and social organization (NAICS code 8134) as establishments primarly engaged in promoting the civic and social interests of their members.,,,,,
"Sources: Bureau of Justice Statistics, Census of State and Local Law Enforcement Agencies, 2004 and 2008; and U.S. Census Bureau, County Business Patterns, 2006.",,,,,
