Bureau of Justice Statistics,,,,,
filename: vvneha0710f07c.csv,,,,,
"Figure 7c. Service and organizational structures, by type of county, 2006 (c) Civic and social organization employees*",,,,,
"figure title: Service and organizational structures, by type of county, 2006 (c) Civic and social organization employees*",,,,,
"data source: Bureau of Justice Statistics, Census of State and Local Law Enforcement Agencies, 2004 and 2008; and U.S. Census Bureau, County Business Patterns, 2006",,,,,
"author: Min Xie, Ph.D., and Michael Planty, Ph.D., ",,,,,
refer questions to: askbjs@usdoj.gov (202) 307-0765,,,,,
date of version: 08/05/14,,,,,
,,,,,
"Figure 7c. Service and organizational structures, by type of county, 2006",,,,,
(c) Civic and social organization employees*,,,,,
,,,,,
"Per 1,000 residents",,,,,
,Minimum,25th percentile,Median,75th percentile,Maximum
Established--slow growth,0,0.310277,0.580079,0.91226,4.67313
Established--fast growth,0.067221,0.366471,0.493032,0.767485,1.55613
New Hispanic areas,0,0.2582,0.703021,1.38014,7.37113
Small Hispanic areas,0,0.134807,0.864537,1.75499,7.37235
*The North American Indiustry classification system (NAICS) defines civic and social organization (NAICS code 8134) as establishments primarly engaged in promoting the civic and social interests of their members.,,,,,
"Sources: Bureau of Justice Statistics, Census of State and Local Law Enforcement Agencies, 2004 and 2008; and U.S. Census Bureau, County Business Patterns, 2006.",,,,,
