Bureau of Justice Statistics,,
Filename: suficspi16f01.csv,,
"Figure 1. Percent of all state and federal inmates who had possessed or used a firearm during their offense, 2016",,
"Report title: Source and Use of Firearms Involved in Crimes: Survey of Prison Inmates, 2016   NCJ 251776",,
"Data source: Bureau of Justice Statistics, Survey of Prison Inmates, 2016",,
"Authors: Mariel Alper, Ph.D., and Lauren Glaze, BJS Statisticians",,
Refer questions to: askbjs@usdoj.gov (202) 307-0765,,
Date of version: 01/09/19,,
,,
"Figure 1. Percent of all state and federal inmates who had possessed or used a firearm during their offense, 2016",,
,,
Possessed/a,,Percent
,Any gun,20.8
,Handgun,18.4
,Gun they obtained from retail source,1.9
Used/b,,
,Any gun,12.8
,Handgun,11.3
,Gun they obtained from retail source,1.3
Note: See appendix table 1 for standard errors.,,
a/Includes prisoners who carried or possessed a firearm during the offense.,,
"b/Includes prisoners who showed, pointed, or discharged a firearm during the offense.",,
"Source: Bureau of Justice Statistics, Survey of Prison Inmates, 2016.",,
