Bureau of Justice Statistics,,,,,,,,,,,,,,
Filename: suficspi16at04.csv,,,,,,,,,,,,,,
"Appendix table 4. Standard errors for table 3: Firearm possession and use among state and federal prisoners during the offense for which they were serving time, by type of firearm, 2016",,,,,,,,,,,,,,
"Report title: Source and Use of Firearms Involved in Crimes: Survey of Prison Inmates, 2016   NCJ 251776",,,,,,,,,,,,,,
"Data source: Bureau of Justice Statistics, Survey of Prison Inmates, 2016",,,,,,,,,,,,,,
"Authors: Mariel Alper, Ph.D., and Lauren Glaze, BJS Statisticians",,,,,,,,,,,,,,
Refer questions to: askbjs@usdoj.gov (202) 307-0765,,,,,,,,,,,,,,
Date of version: 01/09/19,,,,,,,,,,,,,,
,,,,,,,,,,,,,,
"Appendix table 4. Standard errors for table 3: Firearm possession and use among state and federal prisoners during the offense for which they were serving time, by type of firearm, 2016",,,,,,,,,,,,,,
,,Percent of prisoners who possessed a firearm,,,,,,,Percent of prisoners who used a firearm,,,,,
Type of firearm,,All prisoners,,State,,Federal,,,All prisoners,,State,,Federal,
Firearm,,0.64,,0.69,%,1.76,%,,0.51,,0.57,%,0.71,%
,Handgun,0.59,,0.64,,1.63,,,0.46,,0.51,,0.67,
,Rifle,0.1,,0.1,,0.28,,,0.07,,0.08,,0.13,
,Shotgun,0.11,,0.12,,0.22,,,0.09,,0.1,,0.09,
No firearm,,0.64,,0.69,,1.76,,,0.51,,0.57,,0.71,
,Estimated number of prisoners (with valid data),"32,100",,"31,000",,"8,300",,,"32,100",,"31,000",,"8,300",
"Source: Bureau of Justice Statistics, Survey of Prison Inmates, 2016.",,,,,,,,,,,,,,
