Bureau of Justice Statistics,,,,,
Filename:  cf04t1_06.csv,,,,,
"Table 1.6.  Warrants initiated, by warrant type, October 1, 2003 - September 30, 2004",,,,,
"Report title:  Compendium of Federal Justice Statistics, 2004  NCJ # 213476",,,,,
Data source:  Federal justice statistics database maintained by The Urban Institute,,,,,
Author:  Urban Institute under the supervision of BJS,,,,,
Refer questions to:  askbjs@usdoj.gov  202-307-0765,,,,,
"Date of version:  November 13, 2006",,,,,


"Table 1.6.  Warrants initiated, by warrant type, October 1, 2003 - September 30, 2004",,,,,

Warrant type,,,Number,Percent,
,All warrants initiated during FY 2004,,"129,283",100,%
Federal,,,"90,226",69.8,%
,Felony,,"76,040",58.8,%
,,Escape,816,0.6,%
,,Bond violation,"6,131",4.7,%
,,Parole violation,"3,145",2.4,%
,,Probation violation,"15,834",12.2,%
,,DEA related,"11,870",9.2,%
,,Federal agency without arrest power,"2,009",1.6,%
,,Other Federal agency with arrest power,"34,924",27,%
,,Other,"1,311",1,%
,Nonfelony,,"14,186",11,%
,,Traffic,"8,386",6.5,%
,,Misdemeanor,"5,800",4.5,%
State or local,,,"39,057",30.2,%

Note: Analysis based on the cohort of all warrants initiated during FY 2004.,,,,,
"Source: U.S. Marshals Service Warrant Information Network, fiscal year.",,,,,
