Bureau of Justice Statistics,,,,,,,
Filename:  cf04t4_04.csv,,,,,,,
"Table 4.4.  Dispositions by U.S. magistrates,  October 1, 2003 - September 30, 2004",,,,,,,
"Report title:  Compendium of Federal Justice Statistics, 2004  NCJ # 213476",,,,,,,
Data source:  Federal justice statistics database maintained by The Urban Institute,,,,,,,
Author:  Urban Institute under the supervision of BJS,,,,,,,
Refer questions to:  askbjs@usdoj.gov  202-307-0765,,,,,,,
"Date of version:  November 13, 2006",,,,,,,


"Table 4.4.  Dispositions by U.S. magistrates,  October 1, 2003 - September 30, 2004",,,,,,,

,,,Defendants in criminal cases concluded by U.S. magistrates,,,,
Most serious offense charged,,,Total,Convicted,Not convicted,Percent convicted,
,All offenses,,"10,054","7,256","2,798",72.2,%
Violent offenses/a,,,370,235,135,63.5,%
,Assault,,357,225,132,63,%
,Robbery,,3,0,3,^,
,Sexual abuse/b,,9,9,0,^,%
,Threats against the President,,1,1,0,^,%
Property offenses,,,"2,202","1,532",670,69.6,%
,Fraudulent,,770,646,124,83.9,%
,,Embezzlement,130,111,19,85.4,%
,,Fraud/b,617,515,102,83.5,%
,,Forgery,16,14,2,87.5,%
,,Counterfeiting,7,6,1,^,%
,Other,,"1,432",886,546,61.9,%
,,Burglary,10,10,0,^,%
,,Larceny/b,"1,248",801,447,64.2,%
,,Motor vehicle theft,3,3,0,^,%
,,Arson and explosives,8,7,1,^,%
,,Transportation of stolen property,1,1,0,^,
,,Other property offenses/b,162,64,98,39.5,%
Drug offenses,,,"1,907","1,431",476,75,%
,Trafficking,,139,76,63,54.7,%
,Possession,,"1,768","1,355",413,76.6,%
Public-order offenses,,,"5,122","3,670","1,452",71.7,%
,Regulatory,,339,287,52,84.7,%
,,Food and drug,20,20,0,100,%
,,Transportation,78,74,4,94.9,%
,,Civil rights,4,4,0,^,%
,,Communications,4,4,0,^,%
,,Customs laws,6,6,0,^,%
,,Postal laws,71,68,3,95.8,%
,,Other regulatory offenses,156,111,45,71.2,%
,Other,,"4,783","3,383","1,400",70.7,%
,,Tax law violations/b,33,33,0,100,%
,,Bribery,7,7,0,^,%
,,"Perjury, contempt, and intimidation",11,11,0,100,%
,,National defense,7,6,1,^,%
,,Escape,27,22,5,81.5,%
,,Liquor offenses,24,24,0,100,%
,,Nonviolent sex offenses,5,5,0,^,%
,,Traffic offenses,"3,980","2,767","1,213",69.5,%
,,Wildlife,183,168,15,91.8,%
,,Environmental,4,4,0,^,%
,,All other felonies/b,502,336,166,66.9,%
Weapon offenses,,,100,50,50,50,%
Immigration offenses,,,353,338,15,95.8,%

"Note:  Data in this table are not directly comparable to data in the 1993 and prior compendia; see Chapter notes, item 1, p. 66.",,,,,,,
^ Too few cases to obtain statistically reliable data.,,,,,,,
a/May include some nonviolent offenses.,,,,,,,
"b/In this table ""Sexual abuse"" includes only violent sex offenses; ""Fraud"" excludes tax fraud; ""Larceny"" excludes transportation of stolen property;  ""Other property offenses"" excludes fraudulent property offenses and includes destruction of property and trespassing; ""Tax law violations"" includes tax fraud; and ""All other offenses"" includes offenses with unclassifiable offense type.",,,,,,,
