Bureau of Justice Statistics,,,,,
Filename:  cf04t2_01.csv,,,,,
"Table 2.1.  Suspects in matters received by U.S. attorneys, by offense, October 1, 2003 - September 30, 2004",,,,,
"Report title:  Compendium of Federal Justice Statistics, 2004  NCJ # 213476",,,,,
Data source:  Federal justice statistics database maintained by The Urban Institute,,,,,
Author:  Urban Institute under the supervision of BJS,,,,,
Refer questions to:  askbjs@usdoj.gov  202-307-0765,,,,,
"Date of version:  Novembr 13, 2006",,,,,


"Table 2.1.  Suspects in matters received by U.S. attorneys, by offense, October 1, 2003 - September 30, 2004",,,,,

,,,Suspects in criminal matters received by U.S. attorneys,,
Most serious offense investigated/a,,,Number,Percent/b,
,All offenses/c,,"141,212",100,%
Violent offenses,,,"5,714",4.1,%
,Murder/d,,701,0.5,%
,Assault,,"1,469",1.1,%
,Robbery,,"2,421",1.7,%
,Sexual abuse/d,,665,0.5,%
,Kidnapping,,244,0.2,%
,Threats against the President,,214,0.2,%
Property offenses,,,"24,956",17.9,%
,Fraudulent,,"22,182",15.9,%
,,Embezzlement,"3,380",2.4,%
,,Fraud/d,"17,342",12.4,%
,,Forgery,969,0.7,%
,,Counterfeiting,491,0.4,%
,Other,,"2,774",2,%
,,Burglary,45,--,%
,,Larceny/d,"1,314",0.9,%
,,Motor vehicle theft,360,0.3,%
,,Arson and explosives,694,0.5,%
,,Transportation of stolen property,51,--,%
,,Other property offenses/d,310,0.2,%
Drug offenses,,,"37,501",26.8,%
Public-order offenses,,,"21,277",15.2,%
,Regulatory,,"4,959",3.5,%
,,Agriculture,9,--,%
,,Antitrust,32,--,%
,,Food and drug,115,0.1,%
,,Transportation,315,0.2,%
,,Civil rights,"1,374",1,%
,,Communications,62,--,%
,,Custom laws,190,0.1,%
,,Postal laws,169,0.1,%
,,Other regulatory offenses,"2,693",1.9,%
,Other,,"16,318",11.7,%
,,Tax law violations/d,947,0.7,%
,,Bribery,282,0.2,%
,,"Perjury, contempt, and intimidation",587,0.4,%
,,National defense,721,0.5,%
,,Escape,"2,293",1.6,%
,,Racketeering and extortion,"3,419",2.4,%
,,Gambling,81,0.1,%
,,Liquor offenses,27,--,%
,,Nonviolent sex offenses,"3,011",2.2,%
,,Obscene material/d,43,--,%
,,Traffic offenses,212,0.2,%
,,Wildlife,515,0.4,%
,,Environmental,8,--,%
,,"Conspiracy, aiding and abetting, and jurisdictional offenses","2,779",2,%
,,All other offenses/d,"1,393",1,%
Weapon offenses,,,"14,398",10.3,%
Immigration offenses,,,"35,858",25.7,%

"Note:  The data in this table are not directly comparable to data in the 1993 or prior compendia; see Chapter notes, items 1 and 2, p. 37.",,,,,
--Less than .05%,,,,,
"a/See Chapter notes, item 3, p. 37, and ""Offense classifications"" in Methodology, p. 105.",,,,,
b/Percentage distribution based on the suspects for whom the offense category could be determined.,,,,,
"c/Includes 1,508 suspects for whom an offense category could not be determined; see Chapter notes, item 4, p. 37.",,,,,
"d/In this table, ""Murder"" includes nonnegligent manslaughter; ""Sexual abuse"" includes only violent sex offenses; ""Fraud"" excludes tax fraud; ""Larceny"" excludes transportation of stolen property; ""Other property offenses"" excludes fraudulent property offenses and includes destruction of property and trespassing; ""Tax law violations"" includes tax fraud; ""Obscene material"" denotes the mail or transport thereof; and ""All other offenses"" includes offenses with unclassifiable offense type.",,,,,
"Source: Executive Office for U.S. Attorneys, National LIONS system file.",,,,,
