Bureau of Justice Statistics,,,,,,,,,
Filename:  cf04t6_01.csv,,,,,,,,,
"Table 6.1.  Criminal appeals filed, by type of criminal case and offense, October 1, 2003 - September 30, 2004",,,,,,,,,
"Report title:  Compendium of Federal Justice Statistics, 2004  NCJ # 213476",,,,,,,,,
Data source:  Federal justice statistics database maintained by The Urban Institute,,,,,,,,,
Author:  Urban Institute under the supervision of BJS,,,,,,,,,
Refer questions to:  askbjs@usdoj.gov  202-307-0765,,,,,,,,,
"Date of version:  November 13, 2006",,,,,,,,,


"Table 6.1.  Criminal appeals filed, by type of criminal case and offense, October 1, 2003 - September 30, 2004",,,,,,,,,

,,,Number of criminal appeals filed,,,,,,
,,,,,Guidelines-based appeals,,,,
Offense of conviction,,,Total,Preguideline,Total,Conviction only,Sentence only,Sentence and conviction,Other
,All offenses\a,,"12,517","1,683","10,834","1,202","3,271","6,334",27
Violent offenses,,,673,108,565,77,154,333,1
,Murder\b,,110,39,71,13,13,45,0
,Assault,,82,10,72,10,19,43,0
,Robbery,,277,35,242,29,77,135,1
,Sexual abuse\b,,144,14,130,18,39,73,0
,Kidnapping,,55,10,45,5,5,35,0
,Threats against the President,,5,0,5,2,1,2,0
Property offenses,,,"1,873",301,"1,572",167,508,894,3
,Fraudulent,,"1,524",241,"1,283",132,425,723,3
,,Embezzlement,65,6,59,10,15,34,0
,,Fraud\b,"1,302",206,"1,096",110,365,618,3
,,Forgery,7,2,5,1,1,3,0
,,Counterfeiting,150,27,123,11,44,68,0
,Other,,349,60,289,35,83,171,0
,,Burglary,10,3,7,0,3,4,0
,,Larceny\b,199,35,164,16,50,98,0
,,Motor vehicle theft,48,4,44,4,12,28,0
,,Arson and explosives,42,7,35,7,9,19,0
,,Transportation of stolen property,40,8,32,5,8,19,0
,,Other property offenses\b,10,3,7,3,1,3,0
Drug offenses,,,"4,678",577,"4,101",430,"1,318","2,339",14
Public-order offenses,,,955,168,787,99,219,466,3
,Regulatory,,142,20,122,15,27,80,0
,,Agriculture,2,0,2,0,0,2,0
,,Food and drug,5,0,5,0,1,4,0
,,Transportation,29,2,27,5,4,18,0
,,Civil rights,30,3,27,3,4,20,0
,,Communications,4,2,2,0,0,2,0
,,Custom laws,3,0,3,0,1,2,0
,,Postal laws,5,1,4,1,0,3,0
,,Other regulatory offenses,64,12,52,6,17,29,0
,Other,,813,148,665,84,192,386,3
,,Tax law violations\b,117,26,91,9,25,56,1
,,Bribery,32,2,30,2,7,21,0
,,"Perjury, contempt, and intimidation",76,16,60,8,9,43,0
,,National defense,14,3,11,1,3,7,0
,,Escape,54,8,46,6,14,26,0
,,Racketeering and extortion,210,53,157,18,38,100,1
,,Gambling,6,0,6,0,6,0,0
,,Nonviolent sex offenses,206,17,189,20,72,96,1
,,Obscene material\b,7,1,6,1,0,5,0
,,Traffic offenses,10,4,6,4,0,2,0
,,Wildlife,10,2,8,3,1,4,0
,,Environmental,5,2,3,0,0,3,0
,,All other offenses\b,66,14,52,12,17,23,0
Weapon offenses,,,"2,024",232,"1,792",271,453,"1,066",2
Immigration offenses,,,"1,856",56,"1,800",133,543,"1,123",1


"Note:  For further information, see Chapter notes, p. 88."
"a/Total includes 458 filed for which an offense category could not be determined, of which 241 preguideline appeals and 217 are guidelines-based appeals. "
"b/In this table ""Murder"" includes nonnegligent manslaughter; ""Sexual abuse"" includes only violent sex offenses; ""Fraud"" excludes tax fraud; ""Larceny"" excludes transportation of stolen property; ""Other property offenses"" excludes fraudulent property offenses and includes destruction of property and trespassing; ""Tax law violations"" includes tax fraud; ""Obscene material"" denotes the mail or transport thereof; and ""All other offenses"" includes offenses with unclassifiable offense type."
