Bureau of Justice Statistics,,,,,,,,,,,,,,,,
Filename:  cf04t3_05.csv,,,,,,,,,,,,,,,,
"Table 3.5. Form of pretrial detention for cases terminated, by defendant characteristics, October 1, 2003 - September 30, 2004",,,,,,,,,,,,,,,,
"Report title:  Compendium of Federal Justice Statistics, 2004  NCJ # 213476",,,,,,,,,,,,,,,,
Data source:  Federal justice statistics database maintained by The Urban Institute,,,,,,,,,,,,,,,,
Author:  Urban Institute under the supervision of BJS,,,,,,,,,,,,,,,,
Refer questions to:  askbjs@usdoj.gov  202-307-0765,,,,,,,,,,,,,,,,
"Date of version:  November 13, 2006",,,,,,,,,,,,,,,,


"Table 3.5. Form of pretrial detention for cases terminated, by defendant characteristics, October 1, 2003 - September 30, 2004",,,,,,,,,,,,,,,,

,,,,,"Of defendants detained at any time prior to case disposition, percent detained by--",,,,,,,,,,,
,,,,,,,Held on bail for--,,,,,,,,Number of defendants,
Defendant characteristic,,,Percent detained,,Temporary detention/a,,Part of pretrial period,,All of pretrial period,,Court,,Other detentions,,Detained,All defendants
,All defendants/b,,77.1,%,2.7,%,18.2,%,11.1,%,57.4,%,10.5,%,"60,294","78,219"
Male/Female,,,,,,,,,,,,,,,,
,Male,,81.2,%,2.8,%,16.2,%,11.4,%,58.9,%,10.7,%,"54,097","66,654"
,Female,,53.7,%,1.6,%,36.5,%,8.6,%,44.5,%,8.9,%,"6,161","11,481"
Race,,,,,,,,,,,,,,,,
,White,,79.3,%,3,%,16.3,%,13.8,%,57.6,%,9.2,%,"43,913","55,408"
,Black or African American,,71.8,%,1.9,%,22.2,%,4.1,%,57.3,%,14.4,%,"13,039","18,155"
,American Indian or Alaska Native,,79,%,0.1,%,30.5,%,0.7,%,59.5,%,9.3,%,"1,189","1,505"
,Asian/Native Hawaiian or Other Pacific Islander,,68.2,%,3.2,%,31.5,%,2.6,%,53.8,%,8.9,%,"1,173","1,721"
Ethnicity,,,,,,,,,,,,,,,,
,Hispanic or Latino,,94.2,%,4.1,%,10,%,16.9,%,60.7,%,8.3,%,"33,511","35,591"
,Not Hispanic or Latino,,63.1,%,1,%,28.8,%,3.8,%,53.3,%,13.2,%,"26,301","41,708"
Age,,,,,,,,,,,,,,,,
,16-18 years,,77.4,%,1.7,%,23.6,%,11,%,57.6,%,6,%,981,"1,267"
,19-20 years,,77.6,%,2.4,%,23.5,%,10.5,%,54.8,%,8.8,%,"3,095","3,990"
,21-30 years,,81.6,%,2.7,%,16.9,%,10.8,%,59.2,%,10.5,%,"24,917","30,522"
,31-40 years,,80.4,%,3.1,%,16.4,%,12.3,%,57.4,%,10.9,%,"18,803","23,396"
,Over 40 years,,65.7,%,2.4,%,22.1,%,10.2,%,54.6,%,10.6,%,"12,309","18,725"
Education,,,,,,,,,,,,,,,,
,Less than high school graduate,,86.2,%,5.3,%,17.7,%,12.6,%,54.4,%,10.1,%,"20,720","24,034"
,High school graduate,,68.2,%,1.9,%,29.2,%,5.8,%,52.6,%,10.5,%,"12,766","18,717"
,Some college,,55.9,%,1.8,%,37.4,%,4.8,%,46.8,%,9.2,%,"5,667","10,137"
,College graduate,,44.2,%,1.3,%,42.9,%,6.2,%,41.2,%,8.4,%,"1,864","4,220"
Marital status,,,,,,,,,,,,,,,,
,Never married,,76.4,%,2.9,%,23.3,%,7.4,%,55.3,%,11.1,%,"17,612","23,060"
,Divorced/separated,,69.5,%,2.8,%,27.1,%,8.7,%,49.9,%,11.4,%,"7,744","11,146"
,Married,,67.2,%,3.8,%,25.1,%,11.3,%,50.2,%,9.6,%,"12,798","19,049"
,Common law,,82.2,%,5.3,%,21.5,%,11.1,%,52.4,%,9.6,%,"4,658","5,668"
,Other,,90.6,%,1,%,3.3,%,15.9,%,69.4,%,10.4,%,"17,482","19,296"
Employment status at arrest,,,,,,,,,,,,,,,,
,Unemployed,,80.4,%,3.9,%,20.6,%,9.3,%,53.1,%,13.2,%,"22,467","27,936"
,Employed,,64.2,%,3.1,%,29.8,%,9.4,%,48.7,%,8.9,%,"19,425","30,264"
Criminal record,,,,,,,,,,,,,,,,
,No conviction or arrest/c,,58.2,%,2.5,%,28.3,%,11.2,%,47.8,%,10.2,%,"11,254","19,333"
,Misdemeanor conviction only,,71.1,%,1.4,%,26.7,%,11,%,53.2,%,7.7,%,"9,394","13,204"
,Felony conviction,,,,,,,,,,,,,,,
,,Nonviolent,88.2,%,3.7,%,12.2,%,13.3,%,60.3,%,10.6,%,"16,615","18,836"
,,Violent,91.8,%,3.2,%,11,%,9.2,%,63.1,%,13.5,%,"13,351","14,548"
Number of prior convictions,,,,,,,,,,,,,,,,
,1,,77.6,%,2.6,%,18.9,%,13.5,%,56.7,%,8.3,%,"9,939","12,815"
,2 to 4,,85,%,3.2,%,15.7,%,11.4,%,59.5,%,10.1,%,"15,976","18,787"
,5 or more,,89.7,%,3,%,11.9,%,9.8,%,61.7,%,13.6,%,"13,445","14,986"
Criminal justice status,,,,,,,,,,,,,,,,
,Not under supervision,,66.4,%,2.3,%,26.2,%,11.5,%,50.9,%,9,%,"29,263","44,085"
,Pretrial release,,75.3,%,3.4,%,27.8,%,3.5,%,56.6,%,8.7,%,"2,173","2,886"
,Probation,,85,%,5,%,16.7,%,18.4,%,51.2,%,8.8,%,"3,610","4,248"
,Parole,,95.3,%,5.1,%,8.3,%,13.5,%,61.6,%,11.4,%,"1,559","1,636"
Court appearance history,,,,,,,,,,,,,,,,
,No prior arrests,,63.6,%,2.6,%,23,%,10.6,%,53.3,%,10.5,%,"14,313","22,509"
,Failure to appear,,,,,,,,,,,,,,,
,,None,81.1,%,3.3,%,17.2,%,12.7,%,57.2,%,9.6,%,"35,015","43,172"
,,1,86.4,%,1.3,%,15.8,%,8.4,%,61.3,%,13.2,%,"5,084","5,881"
,,More than 1,88.4,%,0.9,%,14.8,%,5.6,%,65.3,%,13.5,%,"5,882","6,657"
Drug abuse,,,,,,,,,,,,,,,,
,No known abuse,,66.1,%,3.8,%,25.2,%,11.8,%,48.8,%,10.3,%,"23,092","34,957"
,Drug history,,78.9,%,2.1,%,26.8,%,6.3,%,53.8,%,10.9,%,"15,566","19,723"

Note: Detained defendants include defendants who were also released prior to trial. Total also includes defendants for whom release status data were unavailable.,,,,,,,,,,,,,,,,
"a/Held under 18 U.S.C. � 3142 pending deportation, action on prior pretrial release, or probation or parole review.",,,,,,,,,,,,,,,,
b/Includes defendants for whom these characteristics could not be determined.,,,,,,,,,,,,,,,,
c/Includes only defendants whose PSA records explicitly show no prior arrest or conviction.,,,,,,,,,,,,,,,,
