Bureau of Justice Statistics,,,,,,,,,,,,
Filename:  cf04t1_02.csv,,,,,,,,,,,,
"Table 1.2.  Suspects arrested for Federal offenses and booked by USMS, by Federal law enforcement agency, October 1, 2003 - September 30, 2004",,,,,,,,,,,,
"Report title:  Compendium of Federal Justice Statistics, 2004  NCJ # 213476",,,,,,,,,,,,
Data source:  Federal justice statistics database maintained by The Urban Institute,,,,,,,,,,,,
Author:  Urban Institute under the supervision of BJS,,,,,,,,,,,,
Refer questions to:  askbjs@usdoj.gov  202-307-0765,,,,,,,,,,,,
"Date of version:  November 13, 2006",,,,,,,,,,,,


"Table 1.2. Suspects arrested for Federal offenses and booked by USMS, by Federal law enforcement agency, October 1, 2003 - September 30, 2004",,,,,,,,,,,,

,,Most serious offense at arrest,,,,,,,,,,
,,,,Property,,,Public-order,,,,,
Arresting agency/a,,All offenses/b,Violent,Fraudulent,Other,Drug,Regulatory,Other,Weapon,Immigration,Supervision violations,Material witness
,All agencies,"140,755","4,587","12,709","2,900","32,980",335,"8,283","9,936","39,135","23,399","5,385"
Department of Agriculture,,127,3,39,9,29,4,33,3,0,6,0
Department of Defense,,534,40,22,51,56,1,328,5,19,8,0
Department of Homeland Security,,"52,528",120,"2,508",79,"6,062",6,704,194,"37,681",98,"4,997"
,Customs and Border Protection/c,"40,803",50,361,33,"5,265",4,453,74,"30,715",57,"3,741"
,Immigration and Customs Enforcement/c,"10,104",29,715,7,780,1,203,112,"6,962",20,"1,254"
,Secret Service/c,"1,621",41,"1,432",39,17,1,48,8,4,21,2
Department of the Interior,,971,127,11,59,111,66,441,60,1,84,2
,Bureau of Indian Affairs,225,95,6,31,25,1,10,10,0,45,2
,Park Police,746,32,5,28,86,65,431,50,1,39,0
Department of Justice,,"67,030","3,355","5,657","1,205","21,909",125,"4,117","8,426","1,207","19,968",309
,"Bureau of Alcohol, Tobacco, Firearms and Explosives/c","6,152",99,118,50,"1,028",1,60,"4,761",4,14,7
,Drug Enforcement Administration,"12,362",36,63,9,"11,910",5,85,138,22,27,20
,Federal Bureau of Investigation,"9,772","2,041","2,872",414,"2,476",51,"1,240",353,30,99,46
,Marshals Service,"38,703","1,177","2,600",732,"6,489",68,"2,729","3,171","1,151","19,822",236
,Other DOJ,41,2,4,0,6,0,3,3,0,6,0
Department of State,,404,1,332,6,4,0,17,1,40,1,0
Department of the Treasury,,605,4,236,4,17,0,303,2,1,3,5
,Internal Revenue Service,605,4,236,4,17,0,303,2,1,3,5
Federal judiciary,,655,12,309,135,29,2,74,9,10,63,0
U.S. Postal Service,,"1,222",26,606,384,71,1,115,5,0,3,1
Other,,"16,679",899,"2,989",968,"4,692",130,"2,151","1,231",176,"3,165",71
,"Self-report, subpoena","6,558",140,"2,176",464,768,57,"1,021",367,21,"1,478",2
,State and local,"6,527",592,147,238,"2,780",8,449,721,48,"1,452",5
,Task force,660,0,0,3,612,0,11,10,6,6,0
,Other,"2,934",167,666,263,532,65,670,133,101,229,64

"Notes: The Homeland Security Act of 2002 that established DHS and reorganized several Federal agencies took effect in March 2003. Components of the former Immigration and Naturalization Service, the Customs Service, and the Secret Service were moved to DHS, whereas the Bureau of Alcohol, Tobacco, Firearms and Explosives (formerly Bureau of Alcohol, Tobacco and Firearms) was moved to the Department of Justice.",,,,,,,,,,,,
"a/This table displays data by the arresting Federal agency. The arresting agency may be different from the Federal agency that initiated the investigation involving the arrestee. Statistics describing agencies initiating investigations are shown in table 2.3 of chapter 2, ""Prosecution.""",,,,,,,,,,,,
"b/Includes 1,106 suspects for whom an offense category could not be determined.",,,,,,,,,,,,
"c/Components of the former Immigration and Naturalization Service, the Customs Service, and Secret Service were moved to DHS, whereas the Bureau of Alcohol, Tobacco, Firearms and Explosives (formerly Bureau of Alcohol, Tobacco and Firearms) was moved to the Department of Justice. ",,,,,,,,,,,,
"Source: U.S. Marshals Service Prisoner Tracking System file, fiscal year.",,,,,,,,,,,,
