"Bureau of Justice Statistics",,,,,,,
"filename:'CFJ943_5.csv",,,,,,,
"Compendium of Federal Justice Statistics, 1994",,,,,,,
"table # 3.5",,,,,,,
"contents:  Federal case processing data",,,,,,,
"data source: Federal Justice Statistics database maintained by the Urban Institute",,,,,,,
"refer questions to: Scalia@ojp.usdoj.gov (202) 616-3276",,,,,,,
"coordinator: John Scalia and Steve Smith (202) 616-3485",,,,,,,
"date of version 2/20/98",,,,,,,
,,,,,,,
"Table 3.5.  Dispositions by U.S. magistrates, 1994",,,,,,,
,,,,,,,
,,,,"Number of defendants in criminal cases concluded by U.S.",,,
,,,,"magistrates",,,
,,,,,,"Not","Percent"
"Most serious offense charged",,,,"Total","Convicted","convicted","convicted"
,,,"   All offenses\a",12976,9133,3843,70.4
,"Violent offenses",,,109,70,39,64.2
,,,"Murder/manslaughter\c",1,1,0,"--"
,,,"Assault",94,58,36,61.7
,,,"Robbery",2,1,1,"--"
,,,"Rape",2,1,1,"--"
,,,"Other sex offenses\c",9,8,1,"--"
,,,"Threats against the President",1,1,0,"--"
,"Property offenses",,,3061,2367,694,77.3
,,"Fraudulent",,1103,1014,89,91.9
,,,"Embezzlement",321,294,27,91.6
,,,"Fraud\c",662,621,41,93.8
,,,"Forgery",115,95,20,82.6
,,,"Counterfeiting",5,4,1,"--"
,,"Other",,1958,1353,605,69.1
,,,"Burglary",7,4,3,"--"
,,,"Larceny\c",1821,1264,557,69.4
,,,"Motor vehicle theft",5,1,4,"--"
,,,"Arson and explosives",5,5,0,"--"
,,,"Transportation of stolen property",1,1,0,"--"
,,,"Other property offenses\c",119,78,41,65.5
,"Drug offenses",,,1356,1168,188,86.1
,,"Possession",,1213,1036,177,85.4
,,"Trafficking",,139,131,8,"--"
,,"Other drug offenses",,4,1,3,"--"
,"Public order offenses",,,8450,5528,2922,65.4
,,"Regulatory",,391,333,58,85.2
,,,"Agriculture",94,78,16,83.0
,,,"Fair labor standards",12,12,0,100.0
,,,"Food and drug",24,24,0,100.0
,,,"Other regulatory offenses",261,219,42,83.9
,,"Other",,8059,5195,2864,64.5
,,,"Weapons",154,95,59,61.7
,,,"Immigration offenses",289,279,10,"--"
,,,"Tax law violations\c",136,136,0,"--"
,,,"Bribery",10,10,0,"--"
,,,"National defense",39,34,5,"--"
,,,"Escape",26,20,6,"--"
,,,"Racketeering and extortion",9,6,3,"--"
,,,"Obscene material\c",1,1,0,"--"
,,,"Conspiracy, aiding and abetting",,,,
,,,"   traffic, and jurisdictional offenses\c",7024,4359,2665,62.1
,,,"Migratory birds",9,9,0,"--"
,,,"All other felonies\c",362,246,116,68.0
,,,,,,,
"(SEE PRINTED REPORT FOR FOOTNOTES).",,,,,,,
