"Bureau of Justice Statistics",,,,,,,,,,,,,,,
"filename:'CFJ943_2.csv",,,,,,,,,,,,,,,
"Compendium of Federal Justice Statistics, 1994",,,,,,,,,,,,,,,
"table # 3.2",,,,,,,,,,,,,,,
"contents:  Federal case processing data",,,,,,,,,,,,,,,
"data source: Federal Justice Statistics database maintained by the Urban Institute",,,,,,,,,,,,,,,
"refer questions to: Scalia@ojp.usdoj.gov (202) 616-3276",,,,,,,,,,,,,,,
"coordinator: John Scalia and Steve Smith (202) 616-3485",,,,,,,,,,,,,,,
"date of version 2/20/98",,,,,,,,,,,,,,,
,,,,,,,,,,,,,,,
"Table 3.2.  Disposition of cases terminating during 1994, by offense",,,,,,,,,,,,,,,
,,,,,,,,,,,,,,,
,,,,,,"Number of defendants in cases terminating during 1994 who were:",,,,,,,,,
,,,,"Total of all","Percent of all","Convicted",,,,,,"Not convicted",,,
,,,,"defendants","defendants",,"Guilty","Nolo","Trial",,,,,"Trial",
"Most serious offense charged",,,,"convicted","convicted","Total","plea","contendere","Jury","Non-jury",,"Total","Dismissed\a","Jury","Non-jury"
,,," All offenses\c",61404,82.6,50701,45958,391,3857,495,,10703,9366,782,555
"Felonies",,,,47292,86.2,40765,36736,97,3799,133,,6527,5659,756,112
,"Violent offenses",,,3227,87.9,2836,2508,12,299,17,,391,316,63,12
,,,"Murder\d",264,79.9,211,156,1,51,3,,53,36,16,1
,,,"Negligent manslaughter",27,88.9,24,20,0,4,0,,3,3,0,0
,,,"Assault",444,74.1,329,269,7,50,3,,115,98,11,6
,,,"Robbery",2033,94.0,1912,1750,4,150,8,,121,105,16,0
,,,"Rape",230,79.6,183,166,0,15,2,,47,33,14,0
,,,"Other sex offense\d",97,77.3,75,68,0,7,0,,22,22,0,0
,,,"Kidnaping",108,77.8,84,62,0,21,1,,24,15,4,5
,,,"Threats against the President",24,75.0,18,17,0,1,0,,6,4,2,0
,"Property offenses",,,13182,87.3,11504,10722,42,713,27,,1678,1493,161,24
,,"Fraudulent",,10193,87.7,8936,8378,35,501,22,,1257,1118,116,23
,,,"Embezzlement",1261,89.6,1130,1072,10,44,4,,131,118,12,1
,,,"Fraud\d",7545,87.3,6590,6134,21,418,17,,955,845,92,18
,,,"Forgery",611,85.6,523,505,1,16,1,,88,78,6,4
,,,"Counterfeiting",776,89.3,693,667,3,23,0,,83,77,6,0
,,"Other",,2989,85.9,2568,2344,7,212,5,,421,375,45,1
,,,"Burglary",157,84.7,133,128,0,5,0,,24,23,1,0
,,,"Larceny\d",1716,87.2,1496,1405,1,87,3,,220,195,25,0
,,,"Motor vehicle theft",463,88.3,409,358,0,50,1,,54,47,6,1
,,,"Arson and explosives",227,85.5,194,165,2,27,0,,33,26,7,0
,,,"Transportation of stolen property",372,77.2,287,246,4,37,0,,85,79,6,0
,,,"Other property offenses\d",54,90.7,49,42,0,6,1,,5,5,0,0
,"Drug offenses",,,20219,85.9,17367,15323,12,1990,42,,2852,2482,331,39
,,,"Trafficking",20056,86.0,17239,15206,11,1980,42,,2817,2448,330,39
,,,"Possession and other drug offenses",163,78.5,128,117,1,10,0,,35,34,1,0
,"Public-order offenses",,,10664,84.9,9058,8183,31,797,47,,1606,1368,201,37
,,"Regulatory",,1383,81.3,1125,1019,10,95,1,,258,208,41,9
,,,"Agriculture",76,73.7,56,46,0,10,0,,20,15,5,0
,,,"Antitrust",98,82.7,81,71,5,5,0,,17,9,8,0
,,,"Food and drug",67,91.0,61,56,0,5,0,,6,3,3,0
,,,"Transportation",69,95.7,66,57,0,9,0,,3,0,3,0
,,,"Civil rights",84,73.8,62,49,0,13,0,,22,14,7,1
,,,"Communications",58,91.4,53,45,0,8,0,,5,2,0,3
,,,"Custom laws",92,87.0,80,75,0,5,0,,12,11,1,0
,,,"Postal laws",36,77.8,28,27,0,1,0,,8,8,0,0
,,,"Other regulatory offenses",803,79.5,638,593,5,39,1,,165,146,14,5
,,"Other",,9281,85.5,7933,7164,21,702,46,,1348,1160,160,28
,,,"Weapons",3673,85.2,3131,2710,3,397,21,,542,448,85,9
,,,"Immigration offenses",2371,92.2,2185,2129,5,38,13,,186,181,3,2
,,,"Tax law violations\d",741,92.2,683,631,4,47,1,,58,47,8,3
,,,"Bribery",298,87.2,260,235,3,22,0,,38,28,7,3
,,,"Perjury, contempt, and intimidation",350,71.4,250,202,1,42,5,,100,77,23,0
,,,"National defense",67,61.2,41,40,0,1,0,,26,26,0,0
,,,"Escape",592,75.8,449,421,2,26,0,,143,135,7,1
,,,"Racketeering and extortion",854,83.1,710,581,1,123,5,,144,113,23,8
,,,"Gambling",227,67.4,153,146,2,5,0,,74,69,3,2
,,,"Obscene material\d",51,51.0,26,26,0,0,0,,25,25,0,0
,,,"Migratory birds",7,85.7,6,6,0,0,0,,1,1,0,0
,,,"All other felonies\d",50,78.0,39,37,0,1,1,,11,10,1,0
"Misdemeanors\d",,,,14111,70.4,9935,9221,294,58,362,,4176,3707,26,443
,"Fraudulent property offense",,,1241,90.9,1128,1110,10,6,2,,113,106,5,2
,"Larceny",,,1926,69.4,1337,1246,50,8,33,,589,549,4,36
,"Drug possession\d",,,1365,83.9,1145,1120,5,10,10,,220,212,0,8
,"Immigration",,,420,96.4,405,405,0,0,0,,15,15,0,0
,"Traffic offenses",,,7182,61.4,4411,4003,180,10,218,,2771,2407,4,360
,"Other misdemeanors",,,1977,76.3,1509,1337,49,24,99,,468,418,13,37
"Unknown or indeterminable offense",,,,1,100.0,1,1,0,0,0,,0,0,0,0
,,,,,,,,,,,,,,,
"a\Includes nolle prosequi, deferred prosecution, Narcotics Addicts ",,,,,,,"c\Includes 4 felony defendants for whom offense category could not be determined.",,,,,,,,
"   Rehabilitation Act (NARA) Titles I and II, and all dismissals.",,,,,,,"d\See data note 1.",,,,,,,,
"b\Includes mistrials.",,,,,,,"See also data note 6.",,,,,,,,
