"Bureau of Justice Statistics",,,,,
"filename:'CFJ943_1.csv",,,,,
"Compendium of Federal Justice Statistics, 1994",,,,,
"Table #3.1",,,,,
"contents:  Federal case processing data",,,,,
"data source: Federal Justice Statistics database maintained by the Urban Institute",,,,,
"refer questions to: Scalia@ojp.usdoj.gov (202) 616-3276",,,,,
"coordinator: John Scalia and Steve Smith (202) 616-3485",,,,,
"date of version 2/20/98",,,,,
,,,,,
"Table 3.1.  Defendants in cases filed during 1994, by offense",,,,,
,,,,,
,,,,"Defendants in cases filed during 1994",
"Most serious offense charged",,,,"Number","Percent"
,,," All offenses\c",62327,100.0
"Felonies",,,,47341,76.0
,"Violent offenses",,,3222,5.2
,,,"Murder\d",473,0.8
,,,"Negligent manslaughter",10,"--"
,,,"Assault",481,0.8
,,,"Robbery",1733,2.8
,,,"Rape",260,0.4
,,,"Other sex offense\d",99,0.2
,,,"Kidnaping",134,0.2
,,,"Threats against the President",32,0.1
,"Property offenses",,,13155,21.1
,,"Fraudulent",,10301,16.5
,,,"Embezzlement",1202,1.9
,,,"Fraud\d",7708,12.4
,,,"Forgery",514,0.8
,,,"Counterfeiting",877,1.4
,,"Other",,2854,4.6
,,,"Burglary",147,0.2
,,,"Larceny\d",1561,2.5
,,,"Motor vehicle theft",502,0.8
,,,"Arson and explosives",201,0.3
,,,"Transportation of stolen property",375,0.6
,,,"Other property offenses\d",68,0.1
,"Drug offenses",,,20275,32.5
,,,"Trafficking",20052,32.2
,,,"Possession and other drug offenses",223,0.4
,"Public-order offenses",,,10689,17.1
,,"Regulatory",,1256,2.0
,,,"Agriculture",65,0.1
,,,"Antitrust",89,0.1
,,,"Food and drug",38,0.1
,,,"Transportation",67,0.1
,,,"Civil rights",92,0.1
,,,"Communications",49,0.1
,,,"Custom laws",117,0.2
,,,"Postal laws",32,0.1
,,,"Other regulatory offenses",707,1.1
,,"Other",,9433,15.1
,,,"Weapons",3557,5.7
,,,"Immigration offenses",2453,3.9
,,,"Tax law violations\d",787,1.3
,,,"Bribery",367,0.6
,,,"Perjury, contempt, and intimidation",314,0.5
,,,"National defense",88,0.1
,,,"Escape",714,1.1
,,,"Racketeering and extortion",936,1.5
,,,"Gambling",138,0.2
,,,"Obscene material\d",27,"--"
,,,"Migratory birds",8,"--"
,,,"All other felonies\d",44,0.1
"Misdemeanors\d",,,,14980,24.0
,"Fraudulent property offense",,,1290,2.1
,"Larceny",,,2064,3.3
,"Drug possession\d",,,1596,2.6
,"Immigration",,,472,0.8
,"Traffic offenses",,,7356,11.8
,"Other misdemeanors",,,2202,3.5
"Unknown or indeterminable offense",,,,6,"NA"
,,,,,
"--Too few cases to obtain statistically reliable estimates.",,,,,
"(SEE PRINTED REPORT FOR FOOTNOTES)",,,,,
