Bureau of Justice Statistics,,
Filename:  pdasc05t09.csv,,
"Table 9. Ratio of punitive to compensatory damages by median awards in tort trials concluded in state courts, 2005 ",,
"Report title: Punitive Damage Awards in State Courts, 2005,  NCJ  233094",,
Data source:  2005 Civil Justice Survey of State Courts,,
Refer questions to:  askbjs@usdoj.gov   202-307-0765,,
Authors:  Thomas H. Cohen and Kyle Harbacek,,
Date of version:  03/11/2011,,
,,
"Table 9. Ratio of punitive to compensatory damages by median awards in tort trials concluded in state courts, 2005 ",,
,,
,Median damage award,
Ratio of punitive to compensatory damages,Compensatory damages,Punitive Damages
Greater than 3:1 ratio (n = 150),"$21,650 ","$387,477 "
> 1:1 to 3:1 ratio (n = 200),"$100,000 ","$100,000 "
1:1 ratio or less (n = 280),"$76,000 ","$25,578 "
All civil trials (n = 630),"$58,023 ","$76,000 "
Note: The number of trials with punitive and compensatory awards (632) will not equal the total number with punitive damages (700). There were 68 trials with punitive damages in which no compensatory damages were awarded. Detail may not sum to total due to rounding.,,
