Bureau of Justice Statistics,,
Filename:  pdasc05at01.csv,,
"Appendix table 1. Civil Justice Survey of State Courts, Sampling Framework",,
"Report title: Punitive Damage Awards in State Courts, 2005,  NCJ  233094",,
Data source:  2005 Civil Justice Survey of State Courts,,
Refer questions to:  askbjs@usdoj.gov   202-307-0765,,
Authors:  Thomas H. Cohen and Kyle Harbacek,,
Date of version:  03/11/2011,,
,,
"Appendix table 1. Civil Justice Survey of State Courts, Sampling Framework",,
,,
Sampling frame,,
,75 most populous counties,Outside the 75 most populous counties
PSUs,75,"2,518"
Counties sampled,46,110
Cases meeting study criteria,"7,682","1,190"
Weighted cases,"10,813","16,135"
Weights,1.41,13.56
