"Bureau of Justice Statistics",,
"Filename:  ppf00f2.csv",,
"Figure 2. Number of prisoner petitions filed in U.S. district court per 1,000 inmates, by State of jurisdiction, 2000",,
"Report Title:  Prisoner petitions filed in U.S. district courts, 2000 with trends, 1980-2000 (NCJ 189430)",,
"Data source:  Federal Judicial Center Integrated Database (ICPSR 8429)",,
"Refer questions to:  askbjs@ojp.usdoj.gov  202-307-0765",,
"Author:  John Scalia, BJS",,
"Date of version:  08/01/01",,
,,
,,
"Figure 2. Number of prisoner petitions filed in U.S. district court per 1,000 inmates, by State of jurisdiction, 2000",,
,,
,,
,,
"Region and jurisdiction",,"Total"
"U.S. Total",,42.2
,,
"   Federal",,81.7
"   State",,37.6
,,
"Northeast",,38.2
"   Connecticut",,19.0
"   Maine",,39.3
"   Massachusetts",,21.3
"   New Hampshire",,47.9
"   New Jersey",,26.6
"   New York",,42.9
"   Pennsylvania",,55.1
"   Rhode Island",,9.7
"   Vermont",,30.6
,,
"Midwest",,28.7
"   Illinois",,25.3
"   Indiana",,54.8
"   Iowa",,42.1
"   Kansas",,35.5
"   Michigan",,24.3
"   Minnesota",,32.5
"   Missouri",,31.3
"   Nebraska",,30.3
"   North Dakota",,8.4
"   Ohio",,19.2
"   South Dakota",,45.5
"   Wisconsin",,28.3
,,
"South",,40.3
"   Alabama",,51.2
"   Arkansas",,65.4
"   Delaware",,43.1
"   Dist. of Col.",,37.7
"   Florida",,38.3
"   Georgia",,37.3
"   Kentucky",,37.3
"   Louisiana",,41.7
"   Maryland",,30.3
"   Mississippi",,48.3
"   North Carolina",,21.8
"   Oklahoma",,43.5
"   South Carolina",,40.9
"   Tennessee",,45.5
"   Texas",,35.5
"   Virginia",,67.8
"   West Virginia",,51.1
,,
"West",,39.0
"   Alaska",,5.5
"   Arizona",,36.9
"   California",,42.3
"   Colorado",,33.7
"   Hawaii",,11.5
"   Idaho",,22.2
"   Montana",,23.5
"   Nevada",,47.6
"   New Mexico",,76.6
"   Oregon",,38.6
"   Utah",,5.9
"   Washington",,36.1
"   Wyoming",,19.6
,,
"Excludes transfers, remands, and statistical closures;  detail for States does not include petitions by  Federal inmates or the Federal prison population",,
"Data Source: Federal Judicial Center, Integrated Database (ICPSR 8429), 2000.",,
