"Bureau of Justice Statistics",,,
"Filename:  ppf00f1c.csv",,,
"Figure 1c.  Number of habeas corpus petitions filed per 1,000 inmates, by jurisdiction, 1980-2000",,,
"Report Title:  Prisoner petitions filed in U.S. district courts, 2000 with trends, 1980-2000 (NCJ 189430)",,,
"Data source:  Federal Judicial Center Integrated Database (ICPSR 8429)",,,
"Refer questions to:  askbjs@ojp.usdoj.gov  202-307-0765",,,
"Author:  John Scalia, BJS",,,
"Date of version:  08/09/01",,,
,,,
,,,
"Figure 1c.  Number of habeas corpus petitions filed per 1,000 inmates, by jurisdiction, 1980-2000",,,
,,,
,,,
"Year","Total","Federal","State"
1980,29.6,112.3,23.0
1981,28.8,102.3,22.8
1982,26.9,104.9,20.9
1983,26.9,101.0,21.0
1984,25.3,97.2,19.5
1985,26.8,122.6,18.4
1986,22.5,72.8,18.1
1987,22.2,71.9,17.7
1988,22.0,78.9,17.1
1989,20.9,73.4,16.1
1990,20.4,75.3,15.3
1991,19.1,76.0,13.7
1992,19.0,68.4,14.1
1993,19.0,76.4,13.2
1994,17.0,63.9,12.4
1995,18.6,73.1,13.3
1996,22.1,108.3,13.7
1997,27.0,120.2,17.7
1998,21.1,70.0,16.0
1999,21.9,69.1,16.7
2000,22.8,70.2,17.3
,,,
"Data Source:  Administrative Office of the U.S. Courts, Report of the Proceedings of the Judicial Conference of the United States, annual (table C-2);  Bureau of Justice Statistics, National Prisoner Statistics.",,,
