"Bureau of Justice Statistics",,,
"Filename:  ppf00f1a.csv",,,
"Figure 1a.  Total number of prisoner petitions filed per 1,000 inmates, by jurisdiction, 1980-2000",,,
"Report Title:  Prisoner petitions filed in U.S. district courts, 2000 with trends, 1980-2000 (NCJ 189430)",,,
"Data source:  Federal Judicial Center Integrated Database (ICPSR 8429)",,,
"Refer questions to:  askbjs@ojp.usdoj.gov  202-307-0765",,,
"Author:  John Scalia, BJS",,,
"Date of version:  08/01/01",,,
,,,
,,,
,,,
"Figure 1a.  Total number of prisoner petitions filed per 1,000 inmates, by jurisdiction, 1980-2000",,,
,,,
,,,
"Year","Total","Federal","State"
1980,70.4,150.3,64.1
1981,74.8,144.1,69.1
1982,70.7,145.9,64.9
1983,70.4,136.4,65.2
1984,67.3,132.1,62.1
1985,66.6,155.7,58.8
1986,61.9,99.8,58.6
1987,63.7,93.3,61.1
1988,61.9,102.7,58.3
1989,58.2,94.3,55.0
1990,55.1,100.9,50.8
1991,51.4,95.2,47.3
1992,54.9,87.2,51.6
1993,55.1,94.4,51.1
1994,54.9,81.0,52.3
1995,56.5,89.3,53.2
1996,57.7,123.8,51.3
1997,50.8,132.4,42.6
1998,42.1,80.8,38.1
1999,41.5,80.3,37.2
2000,42.2,81.7,37.5
,,,
"Data Source:  Administrative Office of the U.S. Courts, Report of the Proceedings of the Judicial Conference of the United States, annual (table C-2);  Bureau of Justice Statistics, National Prisoner Statistics data series.",,,
