"Bureau of Justice Statistics",,,,,,,
"filename: sco9809.csv",,,,,,,
"table#:  9 Judicial Nominating Commissions",,,,,,,
"report title: State Court Organization, 1998 NCJ 178932",,,,,,,
"author:  David  B. Rottman, Carol R. Flango, Milissa T. Cantrell, Randall Hansen",,,,,,,
"refer questions to: askbjs@ojp.usdoj.gov (202) 307-0765",,,,,,,
"date of version: 05/19/2000",,,,,,,
,,,,,,,
"Table 9. Judicial Nominating Commissions",,,,,,,
,,,,,,,
,,,,,,,
,"Name of Commission","Offices Encompassed","Authorization","Year Established","Interim","Full","Retention"
"Alabama","Judicial Commission","Jefferson County Circuit Court, Madison County Circuit and District Court, Tuscaloosa County Circuit and District Court, Mobile County Circuit and District Court","Jefferson County Authorization: 2 Constitutional Amendments; Madison County Authorization: Constitutional Amendments and Local Act; Mobile County Authorization: Constitutional Amendment; Tuscaloosa County Authorization: Local Act","Jefferson County, 1950; Madison County, 1973; Mobile County, 1982; Tuscaloosa County, 1990","Yes","No","No"
,,,,,,,
"Alaska","Judicial Council","Supreme Court, Court of Appeals, Superior Court, and District Court","Constitutional and Statutory",1959,"~","Yes","No"
,,,,,,,
"Arizona","Commission on Appellate Court Appointments, Maricopa County Commission on Trial Court Appointments; Pima County Commission on Trial Court Appointments","Arizona Supreme Court, Court of Appelas,Superior Court in Maricopa County,Superior Court in Pima County","Constitutional",1974,"Yes","Yes","No"
,,,,,,,
"Colorado","Appellate Court Nominating Commission, Judicial District Nominating Commission","Appellate Court Nominating Committee:  Supreme Court and Court of Appeals; Judicial District Nominating Committee: District and County Courts (except Denver County Court)","Constitutional",1966,"~","Yes","No"
,,,,,,,
"Connecticut","Judicial Selection Commission","Supreme, Appellate, and Superior Courts","Constitutional",1986,"Yes","Yes","Yes"
,,,,,,,
"Delaware","Judicial Nominating Committee Magistrates Screening Committee","Judicial Nominating Committee: All, including Chief Magistrate (not JOP); Magistrate Screening Committee:  Justices of the Peace (except Chief Magistrate)","Executive order",1979,"Yes","Yes","Yes"
,,,,,,,
"District of Columbia","Judicial Nomination Commission","Court of Appeals and Superior Court","Statutory",1973,"~","Yes","Yes"
,,,,,,,
"Florida","Supreme Court Nominating Committee; District Courts of Appeal Nominating Committee; Circuit Judicial Nominating Committee","Appellate Court Nominating Committee, Supreme Court and District Court of Appeal  Circuit, County Court Nominating Committee Circuit Judicial","Appellate:  Constitutional; Circuit  Constitutional","Appellate:  1973;  Circuit:  1973","Appellate:  Yes;  Circuit:  Yes","Appellate:  Yes;  Circuit:  No","Appellate:  No;  Circuit:  No"
,,,,,,,
"Georgia","Judicial Nominating Commission","Supreme Court, Court of Appeals, Superior, State Court: All where Governor appoints or fills vacancies","Executive Order",1973,"Yes","No /1","No"
,,,,,,,
"Hawaii","Judicial Selection Commission","Supreme Court, Intermediate Court of Appeals, Circuit, Family, and District Courts","Constitutional",1978,"~","Yes","Yes"
,,,,,,,
"Idaho","Judicial Council","Supreme Court, Court of Appeals, and District Court Judges","Statutory",1967,"Yes","No /2","No"
,,,,,,,
"Indiana","Judicial Nominating Commission","Supreme Court, Court of Appeals, and Tax Court","Constitutional",1970,"~","Yes","No"
,,,,,,,
"Iowa","Judicial Nominating Commission and District Judicial Nominating Commission","JNC: Supreme Court and Court of Appeals DJNC: District Court","JNC: Constitutional, DJNC: Constitutional and statutory",1962,"Yes","Yes","No"
,,,,,,,
"Kansas","Appellate:  Supreme Court and Court of Appeals Nominating Commissions; Trial Court: District Judicial Nominating Commission","Appellate:  Supreme Court and Court of Appeals; DJNC: District Court","Both:  Constitutional and Statutory, Statutory (IAC) and Trial Courts","Appellate:  1959 (Supreme Ct), 1976 (Court of Appeals); Trial Court:  1975","Appellate:  Yes; Trial Court:  Yes","Appellate:  Yes; Trial Court:  Yes","Both:  No"
,,,,,,,
"Kentucky","Judicial Nominating Commission","Supreme Court, Court of Appeals, Circuit Court, and District Court","Constitutional","Ratified: Nov. 1975 Effective:  1/76","Yes","No","No"
,,,,,,,
"Maryland","Appellate Judicial Nominating Commission and Trial Courts Judicial Nominating Commission","Appellate Court Nominating Commission: Judges of the Court of Appeals and Court of Special Appeals; Trial Courts Judicial Nominating Commission: Judges of the Circuit Courts and the District Court","Executive order","1970 /3","Yes","Appellate: Yes; Trial: Yes","Appellate: No; Trial: Circuit:  Yes District:  No"
,,,,,,,
"Massachusetts","Judicial Nominating Commission","Justices of the Supreme Judicial Court, Appeals Court, and Trial Court of the Commonwealth; some clerk-magistrates","Executive order","Temporarily 1972 Permanently 1975","~","Yes","~"
,,,,,,,
"Minnesota","Judicial Nominating Committee","District Court","Statutory","~","Yes","No /4","No"
,,,,,,,
"Missouri","Appellate Judicial Commission; and Circuit Judicial Commission","Appellate:  Supreme Court and Court of Appeals; Circuit:  Circuit Court","Constitutional","Appellate: 1940; Circuit: varies","~","Yes ","No"
,,,,,,,
"Montana","Judicial Nominating Committee","Supreme Court, District Court, Workers' Compensation Court, and Water Court","Statutory (from earlier survey)",1973,"Yes","Yes, Workers' Compensation Court and Water Court only","Yes, Workers' Compensation Court and Water Court only"
,,,,,,,
"Nebraska","Judicial Nominating Commission","All Nebraska courts","Constitutional",1962,"~","Yes","No"
,,,,,,,
"Nevada","Commission on Judicial Selection","Supreme Court and District Court","Constitutional",1976,"Yes","No","No"
,,,,,,,
"New Mexico","Appellate Judges Nominating Commission; District Judges Nominating Committee; Metropolitan Court Judges Nominating Committee","Supreme Court, Court of Appeals, District Courts, and Metropolitan Court","Constitutional",1988,"Yes","Yes","No"
,,,,,,,
"New York","Court of Appeals Nominating Commission","Court of Appeals","Constitutional and Statutory",1978,"No","Yes","No"
,"State Judicial Screening Committee","Court of Claims","Executive Order",1983,"Yes","Yes","Yes"
,"Departmental Judicial Screening Committee","Appellate Divisions of Supreme Court and Supreme Court","Executive Order",1983,"Supreme Court only","Appellate Division only","Yes"
,"County Judicial Screening Committee","County, Surrogates', and Family (outside NYC) Courts","Executive Order",1983,"County, Surrogates', Family (outside NYC)","No","Yes"
,"Mayor's Committee on the Judiciary","Criminal, Civil, and Family Courts","Executive Order (mayor)","~","Yes","Yes (Criminal, Family only)","No"
,,,,,,,
"North Dakota","Judicial Nominating Committee","Supreme and District Courts","Constitutional: Supreme Court and District Courts",1981,"Yes","No","No"
,,,,,,,
"Oklahoma","Judicial Nominating Committee","Supreme Court, Court of Appeals, Court of Criminal Appeals, District Court, and Workers' Compensation Court","Constitutional: Supreme Court and Court of Criminal Appeals; Statutory: Court of Appeals, District Court, and Workers' Compensation Court",1967,"Yes","No","No"
,,,,,,,
"Pennsylvania","Office of General Counsel for Governor Judicial Advisory Commission","Office of General Counsel Appellate Court Judges Judicial Advisory Commission Trial Court Judges","Executive Order 1995-1(DATED 2/27/95)","When need arises","Yes","No","No"
,,,,,,,
"Rhode Island","Judicial Nominating Commission","~","~","~","~","~","~"
,,,,,,,
"South Carolina","Judicial Merit Selection Commission","Supreme Court of Appeals, Circuit and Family","~","~","~","~","~"
,,,,,,,
"South Dakota","Judicial Qualifications Committee","Supreme and Circuit Courts","Constitutional",1980,"Yes","No","No"
,,,,,,,
"Tennessee","Judicial Section","Supreme Court, Court of Appeals, Court of Criminal Appeals","Statutory",1971,"Yes","No","No"
,,,,,,,
"Utah","Appellate Court Nominating Commission, Trial Court Nominating Commission /5","Supreme Court, Court of Appeals, District Court, and Juvenile Court","Constitutional (statutory for composition)",1984,"Yes","Yes","No"
,,,,,,,
"Vermont","Judicial Nominating Commission","Supreme, Superior, District, and Environmental Courts and Family Court magistrates","Constitutional and Statutory",1967,"Yes","Yes","No"
,,,,,,,
"Wisconsin","Governor's Advisory Committee on Judicial Selection","Supreme Court, Court of Appeals, and Circuit Court","Executive Order","~","Yes","No","No"
,,,,,,,
"Wyoming","Judicial Nominating Committee","Supreme, District, and County Court","Constitutional",1972,"Yes","Yes","No"
,,,,,,,
"Note:  Only those states with Judicial Nominating Commissions appear on this table.",,,,,,,
,,,,,,,
"FOOTNOTES:",,,,,,,
,,,,,,,
" Georgia:",,,,,,,
"1/ Frequently the governor makes an initial appointment for a new judgeship, dependent upon the legislation.",,,,,,,
,,,,,,,
"Idaho:",,,,,,,
"2/ If a new position is created, applicants are screened by the judicial council.",,,,,,,
,,,,,,,
"Maryland:",,,,,,,
"3/ The first nominating commissions were established in 1970; however, additional commissions have been instituted since that time and the commissions restructured.",,,,,,,
,,,,,,,
"Minnesota:",,,,,,,
"4/ If a new position is created, applicants are screened by the judicial council.",,,,,,,
,,,,,,,
"Utah:",,,,,,,
"5/ There is a trial court nominating commission for each of eight judicial districts.",,,,,,,
" ",,,,,,,
