"Bureau of Justice Statistics",,,,,
"filename: sco9805.csv",,,,,
"table#:  5 Terms of Appellate Court Judges",,,,,
"report title: State Court Organization, 1998 NCJ 178932",,,,,
"author:  David  B. Rottman, Carol R. Flango, Milissa T. Cantrell, Randall Hansen",,,,,
"refer questions to: askbjs@ojp.usdoj.gov (202) 307-0765",,,,,
"date of version: 05/19/2000",,,,,
,,,,,
,,,,,
"Table 5. Terms of Appellate Court Judges",,,,,
,,,,,
,,"Selection of","Term of office for","Chief justices/judges -- can ",
,"Length of term ","chief justice/judge ","chief justice/judge","they succed themselves?",
,,,,,
"Alabama",,,,,
"Supreme Court","6 years","Popular election","6 years","Yes",
"Court of Criminal Appeals","6 years","Court selection","Indefinite","Yes",
"Court of Civil Appeals","6 years","Seniority","Indefinite","Yes",
,,,,,
"Alaska",,,,,
"Supreme Court","10 years","Court selection","3 years","No",
"Court of Appeals","8 years","Supreme court, chief justice appointment","2 years","Yes",
,,,,,
"Arizona",,,,,
"Supreme Court","6 years","Court selection","5 years","Yes",
"Court of Appeals","6 years","Court selection","1 year","Yes",
,,,,,
"Arkansas",,,,,
"Supreme Court","8 years","Popular election","8 years","Yes",
"Court of Appeals","8 years","Supreme court, chief justice appoints","4 years","Yes",
,,,,,
"California",,,,,
"Supreme Court","12 years","Gubernatorial appointment","12 years","Yes",
"Courts of Appeal","12 years","Gubernatorial appointment","12 years","Yes",
,,,,,
"Colorado",,,,,
"Supreme Court","10 years","Court selection","Indefinite","Yes",
"Court of Appeals","8 years","Supreme court, chief justice appoints","At pleasure","Yes",
,,,,,
"Connecticut",,,,,
"Supreme Court","8 years","Legislative appointment /1","8 years","Yes",
"Appellate Court","8 years","Supreme courts chief justice appoints","Indefinite","Yes",
,,,,,
"Delaware",,,,,
"Supreme Court","12 years","Gubernatorial appointment","12 years","Yes",
,,,,,
"District of Columbia",,,,,
"Court of Appeals","15 years","Judicial nominating commission appointment","4 years","Yes",
,,,,,
"Florida",,,,,
"Supreme Court","6 years","Court selection","2 years","Yes",
"District Courts of Appeal","6 years","Court selection","2 years","Yes",
,,,,,
"Georgia",,,,,
"Supreme Court","6 years","Court selection","4 years","No",
"Court of Appeals","6 years","Rotate by seniority","2 years","Yes",
,,,,,
"Hawaii",,,,,
"Supreme Court","10 years","Judicial Selection Commission nominates, governor appoints with consent of senate","10 years","Yes",
"Intermediate Court of Appeals","10 years","Judicial Selection Commission nominates, governor appoints with consent of senate","10 years","Yes",
,,,,,
"Idaho",,,,,
"Supreme Court","6 years","Court selection","4 years","Yes",
"Court of Appeals","6 years","Supreme court, Chief Justice appointment","2 years","Yes",
,,,,,
"Illinois",,,,,
"Supreme Court","10 years","Court selection","3 years","Yes",
"Appellate Court","10 years","Court selection","1 year","Yes",
,,,,,
"Indiana",,,,,
"Supreme Court","Initial=2 yrs",,,,
,"Retention=10 yrs","Judicial nominating commission appointment","5 years","Yes",
"Court of Appeals","Initial=2 yrs",,,,
,"Retention=10 yrs","Chief judge by full court selection","3 years","Yes",
"Tax Court","Initial=2 yrs",,,,
,"Retention=10 yrs","~","~","~",
,,,,,
"Iowa",,,,,
"Supreme Court","8 years","Court selection","8 years or duration of term","Yes",
"Court of Appeals","6 years","Court selection","2 years","Yes",
,,,,,
"Kansas",,,,,
"Supreme Court","6 years","Rotation by seniority","Indefinite","Yes",
"Court of Appeals","4 years","Supreme court appointment","Indefinite","Yes",
,,,,,
"Kentucky",,,,,
"Supreme Court","8 years","Court selection","4 years","Yes",
"Court of Appeals","8 years","Court selection","4 years","Yes",
,,,,,
"Louisiana",,,,,
"Supreme Court","10 years","Seniority","Duration of service","Yes",
"Courts of Appeal","10 years","Seniority","Duration of service","Yes",
,,,,,
"Maine",,,,,
"Supreme Judicial Court","7 years","Gubernatorial appointment","7 years","Yes",
,,,,,
"Maryland",,,,,
"Court of Appeals","10 years","Gubernatorial appointment","Indefinite","Yes",
"Court of Special Appeals","10 years","Gubernatorial appointment","Indefinite","Yes",
,,,,,
"Massachusetts",,,,,
"Supreme Judicial Court","Until age 70","/2","To age 70","~",
"Appeals Court","Until age 70","/2","To age 70","~",
,,,,,
"Michigan",,,,,
"Supreme Court","8 years","Court selection","2 years","Yes",
"Court of Appeals","6 years","Appointed by supreme court","2 years","Yes",
,,,,,
"Minnesota",,,,,
"Supreme Court","6 years","Popular election","6 years","Yes",
"Court of Appeals","6 years","Gubernatorial appointment","3 years","Yes",
,,,,,
"Mississippi",,,,,
"Supreme Court","8 years","Seniority","Duration of service","Yes",
"Court of Appeals","8 years","Appointment by Supreme Court Chief Justice","4 years","Yes",
,,,,,
"Missouri",,,,,
"Supreme Court","12 years","Court selection","2 years","Yes /3",
"Court of Appeals","12 years","Court selection","2 years4","Yes",
,,,,,
"Montana",,,,,
"Supreme Court","8 years","Popular election","8 years","Yes",
,,,,,
"Nebraska",,,,,
"Supreme Court","More than 3 years for first election; every 6 years thereafter","Gubernatorial appointment from judicial nominating commission","Duration of service","Yes",
"Court of Appeals","More than 3 years for first election; every 6 years thereafter","IAC by majority vote; upon ratification of selection by Supreme Court","2 years as presiding","Yes",
,,,,,
"Nevada",,,,,
"Supreme Court","6 years","Rotation","2 years","/5",
"New Hampshire",,,,,
"Supreme Court","Until age 70","Gubernatorial appointment with approval of elected executive council","Until age 70","~",
,,,,,
"New Jersey",,,,,
"Supreme Court","7 years, followed by tenure","Gubernatorial appointment with consent of senate","Duration of service","Yes",
"Superior Court, Appellate Division","Annual assignment by Chief Justice /6","Designation by Chief Justice","At the pleasure of the Chief Justice","~",
,,,,,
"New Mexico",,,,,
"Supreme Court","8 years","Court selection","2 years","Yes",
"Court of Appeals","8 years","Court selection","2 years","Yes",
,,,,,
"New York",,,,,
"Court of Appeals","14 years","Gubernatorial appointment from judicial nominating commission","14 years","Yes",
"Supreme Court, Appellate Divisions","5 years or duration","Gubernatorial appointment from judicial screening commission","Duration of service","Yes",
,,,,,
"North Carolina",,,,,
"Supreme Court","8 years","Popular election","8 years","-- ",
"Court of Appeals","8 years","Supreme court, chief justice appointment","At the pleasure of the chief justice of the Supreme court","~",
,,,,,
"North Dakota",,,,,
"Supreme Court","10 years","Selection by the judges of the supreme and district courts","5 years or until term expires, whichever occurs first","Yes",
,,,,,
"Ohio",,,,,
"Supreme Court","6 years","Popular election","6 years","Yes",
"Courts of Appeals","6 years","Selected by Judges of District","Calendar year","Yes",
,,,,,
"Oklahoma",,,,,
"Supreme Court","6 years","Court selection","2 years","Yes",
"Criminal Appeals","6 years","Court selection","2 years","Yes",
"Court of Civil Appeals","6 years","Court selection","1 year","Yes",
,,,,,
"Oregon",,,,,
"Supreme Court","6 years","Court selection","6 years","Yes",
,,,,,
"Pennsylvania",,,,,
"Supreme Court","10 years","Rotation by seniority","Duration of term","~",
"Superior Court","10 years","Court selection","5 years","No",
"Commonwealth Court","10 years","Court selection","5 years","No",
,,,,,
"Rhode Island",,,,,
"Supreme Court","Life","Gubernatorial appointment from the judicial nominating commission","Life","~",
,,,,,
"South Carolina",,,,,
"Supreme Court","10 years","Legislative election","10 years","Yes",
"Court of Appeals","6 years","Legislative election","6 years","Yes",
,,,,,
"South Dakota",,,,,
"Supreme Court","8 years","Court selection","4 years","Yes",
,,,,,
"Tennessee",,,,,
"Supreme Court","8 years","Court selection","4 years","Yes",
"Courts of Appeal","8 years","Court selection","1 term","Yes",
"Court of Criminal Appeals","8 years","Court selection","1 term","Yes",
,,,,,
"Texas",,,,,
"Supreme Court","6 years","Partisan election","6 years","Yes",
"Court of Criminal Appeals","6 years","Partisan election","6 years","Yes",
"Courts of Appeals","6 years","Partisan election","6 years","Yes",
,,,,,
"Utah",,,,,
"Supreme Court","Initial=3 yrs;",,,,
,"Retention=10 yrs","Court selection","4 years","Yes",
"Court of Appeals","Initial=3 yrs;",,,,
,"Retention=6 yrs","Court selection","2 years","Yes /7",
,,,,,
"Vermont",,,,,
"Supreme Court","6 years","Gubernatorial appointment from judicial nominating commission with consent of senate","6 years","Yes",
,,,,,
"Virginia",,,,,
"Supreme Court","12 years","Seniority","Indefinite","~",
"Court of Appeals","8 years","Court selection","4 years","Yes",
,,,,,
"Washington",,,,,
"Supreme Court","6 years","Court selection","4 years","Yes",
"Courts of Appeals","6 years","Presiding chief judge by court selection; however, position rotates among the 3 divisions; chief judge by division judges","1 year for presiding judge and 2 years for chief judge","Not the presiding judge",
,,,,,
"West Virginia",,,,,
"Supreme Court","12 years","Rotation by seniority","1 year","No",
,,,,,
"Wisconsin",,,,,
"Supreme Court","10 years","Seniority","Until declined","~",
"Court of Appeals","6 years","Supreme court appointment","3 years","Yes",
,,,,,
"Wyoming",,,,,
"Supreme Court","8 years","Court selection","At the pleasure of the court","~",
,,,,,
"Federal",,,,,
"U.S. Supreme Court","Life","Nominated and appointed by the President with advice and consent of Senate","Life","~",
"U.S. Courts of Appeals","Life","Seniority /8","7 years or until age 70","No",
"U.S. Court of Veterans ","Appeals","15 years","Nominated and appointed by president with advice and consent of Senate","15 years","Yes"
,,,,,
,,,,,
"FOOTNOTES:",,,,,
" ",,,,,
"Connecticut:",,,,,
"/ 1Governor nominates from candidates submitted by Judicial Selection Commission.",,,,,
,,,,,
"Massachusetts:",,,,,
"2/ Chief Justice, in the appellate courts, is a separate judicial office from that of an Associate Justice.  Chief Justices are appointed, until age 70, by the Governor with the advice and consent of the Executive (Governors) Council.",,,,,
,,,,,
"Missouri:",,,,,
"3/ Selection is typically rotated among the judges.",,,,,
"4/ Two years in western and southern districts; one year in eastern district.",,,,,
,,,,,
"Nevada:",,,,,
"5/ Not immediately; later, as part of rotation.",,,,,
,,,,,
,,,,,
"New Jersey:",,,,,
"6/ All Superior Court judges, including Appellate Division judges, are subject to gubernatorial reappointment and consent by the senate after an initial 7-year term.",,,,,
,,,,,
"Utah:",,,,,
"7/ Presiding judge can serve no more than two successive terms.",,,,,
,,,,,
"Federal:",,,,,
"8/ The chief judge is the active circuit judge who is senior of those judges who (1) are 64 years or under, (2) have served for one or more years as a circuit judge, and (3) have not served previously as chief judge.  Per 28 U.S.C. � 45(a)",,,,,
