"Bureau of Justice Statistics",,,,,,,,,,,,,,,,
"filename:  cv9851.csv",,,,,,,,,,,,,,,,
"Table 51: Victimization rates by type of crime and",,,,,,,,,,,,,,,,
"number of years lived at current residence",,,,,,,,,,,,,,,,
"data source: National Criminal Victimization Survey, 1998    NCJ 181585",,,,,,,,,,,,,,,,
"produced by:  Cathy Maston ",,,,,,,,,,,,,,,,
"authors:  Patsy Klaus and Cathy Maston",,,,,,,,,,,,,,,,
"refer questions to:  askbjs@ojp.usdoj.gov     202-307-0765",,,,,,,,,,,,,,,,
"date of version: 03/27/00",,,,,,,,,,,,,,,,
,,,,,,,,,,,,,,,,
,,,,,,,,,,,,,,,,
"Table 51. Property crimes, 1998:",,,,,,,,,,,,,,,,
,,,,,,,,,,,,,,,,
"Victimization rates by type of crime and",,,,,,,,,,,,,,,,
"number of years lived at current residence",,,,,,,,,,,,,,,,
,,,,,,,,,,,,,,,,
,,,,,,,,,,,"Rate per 1,000 households",,,,,
,,,,"Less than",,"6 months",,,,,,,,,,"5 years"
"Type of crime",,"Total",,"6 months/a",,"to 1 year",,"1 year",,"2 years",,"3 years",,"4 years",,"or more"
,,,,,,,,,,,,,,,,
,,,,,,,,,,,,,,,,
"Property crimes",,232.6,,474.3,,372.7,,281.8,,250.6,,214.1,,223.0,,173.2
"                                                                                           ",,,,,,,,,,,,,,,,
"  Household burglary",,41.1,,90.6,,71.2,,39.9,,36.0,,38.5,,36.1,,31.7
"    Completed",,34.2,,78.6,,58.9,,31.4,,28.3,,32.5,,29.8,,26.4
"      Forcible entry",,13.2,,29.8,,17.7,,14.0,,12.4,,15.9,,10.7,,10.0
"      Unlawful entry without force",,21.0,,48.7,,41.2,,17.3,,15.9,,16.7,,19.1,,16.4
"    Attempted forcible entry",,6.9,,12.1,,12.3,,8.5,,7.7,,5.9,,6.4,,5.3
"  Motor vehicle theft",,11.6,,24.7,,21.5,,14.8,,12.0,,11.7,,9.9,,8.1
"    Completed",,8.3,,19.1,,14.0,,11.7,,8.7,,9.3,,7.1,,5.5
"    Attempted",,3.2,,5.5,,7.5,,3.1,"*",3.3,,2.4,"*",2.8,"*",2.5
"  Theft",,180.0,,359.0,,280.0,,227.2,,202.6,,163.9,,176.9,,133.5
"    Completed",,173.6,,347.9,,271.9,,216.1,,193.8,,157.9,,172.3,,128.8
"       Less than $50",,62.8,,98.0,,89.0,,74.9,,72.8,,68.7,,66.3,,50.0
"       $50 - $249",,61.9,,121.8,,109.5,,71.3,,71.3,,53.8,,61.7,,45.4
"       $250 or more",,37.5,,112.7,,58.6,,51.1,,37.8,,23.4,,33.1,,23.9
"       Amount not available",,11.5,,15.4,,14.8,,18.8,,11.9,,11.9,,11.2,,9.4
"     Attempted",,6.4,,11.0,,8.1,,11.1,,8.8,,6.1,,4.6,"*",4.7
,,,,,,,,,,,,,,,,
"Note: Detail may not add to total shown because of rounding.",,,,,,,,,,,,,,,,
"* Estimate is based on about 10 or fewer sample cases.",,,,,,,,,,,,,,,,
"Excludes data on persons whose mobility was not ascertained.",,,,,,,,,,,,,,,,
"a/These numbers are unbounded estimates.  For more information, refer to Appendix III.",,,,,,,,,,,,,,,,
