Bureau of Justice Statistics,,,,,
Filename: jim11stt05.csv,,,,,
"Table 5: Percent of jail capacity occupied at midyear, by size of jurisdiction, 2010 and 2011",,,,,
Report title: Jail Inmates at Midyear 2011-Statistical Tables NCJ 237961,,,,,
Data source: Annual Survey of Jails,,,,,
Author: Todd D. Minton,,,,,
Refer questions to: askbjs@usdoj.gov   202-307-0765,,,,,
"Date of version: April 26, 2012",,,,,
,,,,,
"Table 5. Percent of jail capacity occupied at midyear, by size of jurisdiction, 2010 and 2011",,,,,
,,Percent of capacity occupied/a,,,
Jurisdiction size/b,,2010,,2011,
,Total,86.4,%,83.8,%
Fewer than 50 inmates,,68.6,%,65.9,%
50 to 99,,73.3,,72.8,
100 to 249,,77.2,,74.3,
250 to 499,,89.2,,86.4,
500 to 999,,89.9,,86.6,
"1,000 or more",,90.6,,88.3,
a/Number of inmates held on the last weekday in June divided by the rated capacity multiplied by 100.,,,,,
"b/Based on the average daily population during the 12 months ending midyear 2006. Average daily population is the sum of all inmates in jail each day for a year, divided by the number of days in the year. Calculations based on jurisdiction size may not be comparable to those in previous reports. See Methodology.",,,,,
"Source: Bureau of Justice Statistics, Annual Survey of Jails.",,,,,
