Bureau of Justice Statistics,,,
Filename: jim11stf02.csv,,,
"Figure 2: Annual counts of the midyear custody population, average daily population, and rated capacity in local jails, 2000�2011",,,
Report title: Jail Inmates at Midyear 2011-Statistical Tables NCJ 237961,,,
Data source: Annual Survey of Jails,,,
Author: Todd D. Minton,,,
Refer questions to: askbjs@usdoj.gov   202-307-0765,,,
"Date of version: April 26, 2012",,,
,,,
"Figure 2. Annual counts of the midyear custody population, average daily population, and rated capacity in local jails, 2000�2011",,,
Year,Rated capacity/a,Number of inmates/b,Average daily population/c
2000,"677,787","621,149","618,319"
2001,"699,309","631,240","625,966"
2002,"713,899","665,475","652,082"
2003,"736,471","691,301","680,760"
2004,"755,603","713,990","706,242"
2005,"786,954","747,529","733,442"
2006,"794,984","765,819","755,320"
2007,"810,543","780,174","773,138"
2008,"828,714","785,533","776,573"
2009,"849,895","767,434","768,135"
2010,"866,782","748,728","748,553"
2011,"877,302","735,601","726,657"
a/Number of beds or inmates assigned by a rating official to facilities within each jurisdiction.,,,
b/Midyear count is the number of inmates held on the last weekday in June.,,,
"c/Sum of all inmates in jail each day for a year, divided by the number of days in the year.",,,
"Source: Bureau of Justice Statistics, Annual Survey of Jails and the 2005 Census of Jail Inmates.",,,
