Bureau of Justice Statistics,,,,,,,,
Filename: mcpofc22m02.csv,,,,,,,,
"Map 2. Rates of sentences imposed for methamphetamine per 100 drug sentences, by state or territory, FY 2022",,,,,,,,
"Report title: Methamphetamine, Cocaine, and Other Psychostimulant Offenses in Federal Courts, 2022� NCJ 309288",,,,,,,,
"Data Source: Bureau of Justice Statistics, based on data from the U.S. Sentencing Commission, Monitoring File, fiscal year 2022",,,,,,,,
"Author: Mark Motivans, PhD, BJS Statistician",,,,,,,,
Refer questions to: askbjs@usdoj.gov 202-307-0765,,,,,,,,
Date of version: 11/13/2024,,,,,,,,
,,,,,,,,
"Map 2. Rates of sentences imposed for methamphetamine per 100 drug sentences, by state or territory, FY 2022",,,,,,,,
State,Methamphetamine rate per 100 drug sentences,,,,,,,
Alabama,55,,,,,,,
Alaska,53,,,,,,,
Arizona,48,,,,,,,
Arkansas,74,,,,,,,
California,70,,,,,,,
Colorado,54,,,,,,,
Connecticut,2,,,,,,,
Delaware,36,,,,,,,
District of Columbia,7,,,,,,,
Florida,25,,,,,,,
Georgia,65,,,,,,,
Guam,100,,,,,,,
Hawaii,81,,,,,,,
Idaho,87,,,,,,,
Illinois,42,,,,,,,
Indiana,66,,,,,,,
Iowa,69,,,,,,,
Kansas,65,,,,,,,
Kentucky,65,,,,,,,
Louisiana,50,,,,,,,
Maine,26,,,,,,,
Maryland,3,,,,,,,
Massachusetts,3,,,,,,,
Michigan,40,,,,,,,
Minnesota,72,,,,,,,
Mississippi,70,,,,,,,
Missouri,60,,,,,,,
Montana,82,,,,,,,
Nebraska,83,,,,,,,
Nevada,77,,,,,,,
New Hampshire,21,,,,,,,
New Jersey,11,,,,,,,
New Mexico,62,,,,,,,
New York,8,,,,,,,
North Carolina,47,,,,,,,
North Dakota,46,,,,,,,
Ohio,24,,,,,,,
Oklahoma,75,,,,,,,
Oregon,64,,,,,,,
Pennsylvania,18,,,,,,,
Puerto Rico,1,,,,,,,
Rhode Island,17,,,,,,,
South Carolina,30,,,,,,,
South Dakota,79,,,,,,,
Tennessee,61,,,,,,,
Texas,53,,,,,,,
U.S. Virgin Islands,0,,,,,,,
Utah,66,,,,,,,
Vermont,10,,,,,,,
Virginia,39,,,,,,,
Washington,50,,,,,,,
West Virginia,45,,,,,,,
Wisconsin,33,,,,,,,
Wyoming,88,,,,,,,
"Note: Includes cases where persons were sentenced under U.S. Sentencing Guidelines Chapter Two, Part D (Drug Guidelines). The primary drug is the drug that results in the greatest penalty (when multiple drugs are involved). Methamphetamine includes powder methamphetamine, methamphetamine mixture, and crystal methamphetamine. Rates are computed based on fewer than 25 persons sentenced for a drug offense in Guam (12), Delaware (22), and the U.S. Virgin Islands (24). See appendix table 8 for counts and rates.",,,,,,,,
"Source: Bureau of Justice Statistics, based on data from the U.S. Sentencing Commission, Monitoring File, fiscal year 2022.",,,,,,,,
