Bureau of Justice Statistics,,,,
Filename: mcpofc22at08.csv,,,,
"Appendix table 8. Counts and rates for map 2: Rates of sentences imposed for methamphetamine per 100 drug sentences, by state or territory, FY 2022",,,,
"Report title: Methamphetamine, Cocaine, and Other Psychostimulant Offenses in Federal Courts, 2022� NCJ 309288",,,,
"Data Source: Bureau of Justice Statistics, based on data from the U.S. Sentencing Commission, Monitoring File, fiscal year 2022",,,,
"Author: Mark Motivans, PhD, BJS Statistician",,,,
Refer questions to: askbjs@usdoj.gov 202-307-0765,,,,
Date of version: 11/13/2024,,,,
,,,,
"Appendix table 8. Counts and rates for map 2: Rates of sentences imposed for methamphetamine per 100 drug sentences, by state or territory, FY 2022",,,,
State,,Total number of drug sentences,Sentences imposed for methamphetamine,Methamphetamine rate per 100 drug sentences
,Total,"20,036","9,704",48
Alabama,,328,182,55
Alaska,,64,34,53
Arizona,,509,243,48
Arkansas,,308,228,74
California,,"2,512","1,767",70
Colorado,,163,88,54
Connecticut,,171,4,2
Delaware,,22,8,36
District of Columbia,,54,4,7
Florida,,"1,004",254,25
Georgia,,578,377,65
Guam,,12,12,100
Hawaii,,93,75,81
Idaho,,164,143,87
Illinois,,378,160,42
Indiana,,268,177,66
Iowa,,316,217,69
Kansas,,162,106,65
Kentucky,,366,237,65
Louisiana,,268,133,50
Maine,,97,25,26
Maryland,,179,5,3
Massachusetts,,179,6,3
Michigan,,244,97,40
Minnesota,,106,76,72
Mississippi,,157,110,70
Missouri,,645,390,60
Montana,,141,115,82
Nebraska,,203,168,83
Nevada,,96,74,77
New Hampshire,,116,24,21
New Jersey,,212,23,11
New Mexico,,274,170,62
New York,,969,81,8
North Carolina,,591,275,47
North Dakota,,167,77,46
Ohio,,770,181,24
Oklahoma,,297,223,75
Oregon,,150,96,64
Pennsylvania,,610,110,18
Puerto Rico,,396,2,1
Rhode Island,,30,5,17
South Carolina,,277,83,30
South Dakota,,185,146,79
Tennessee,,622,380,61
Texas,,"3,003","1,589",53
U.S. Virgin Islands,,24,0,0
Utah,,279,184,66
Vermont,,70,7,10
Virginia,,381,149,39
Washington,,226,112,50
West Virginia,,329,148,45
Wisconsin,,209,68,33
Wyoming,,58,51,88
"Note: Includes cases where persons were sentenced under U.S. Sentencing Guidelines Chapter Two, Part D (Drug Guidelines). The primary drug is the drug that results in the greatest penalty (when multiple drugs are involved). Methamphetamine includes powder methamphetamine, methamphetamine mixture, and crystal methamphetamine. Rates are computed based on fewer than 25 persons sentenced for a drug offense in Guam (12), Delaware (22), and the U.S. Virgin Islands (24).",,,,
"Source: Bureau of Justice Statistics, based on data from the U.S. Sentencing Commission, Monitoring File, fiscal year 2022.",,,,
