Bureau of Justice Statistics,,,,,,,,,,,,,,,,,,,,,,,,,,,,,,
Filename: mcpofc22t04.csv,,,,,,,,,,,,,,,,,,,,,,,,,,,,,,
"Table 4. Sentencing characteristics of persons sentenced for a psychostimulant offense, FY 2022",,,,,,,,,,,,,,,,,,,,,,,,,,,,,,
"Report title: Methamphetamine, Cocaine, and Other Psychostimulant Offenses in Federal Courts, 2022� NCJ 309288",,,,,,,,,,,,,,,,,,,,,,,,,,,,,,
"Data Source: Bureau of Justice Statistics, based on data from the U.S. Sentencing Commission, Monitoring File, fiscal year 2022",,,,,,,,,,,,,,,,,,,,,,,,,,,,,,
"Author: Mark Motivans, PhD, BJS Statistician",,,,,,,,,,,,,,,,,,,,,,,,,,,,,,
Refer questions to: askbjs@usdoj.gov 202-307-0765,,,,,,,,,,,,,,,,,,,,,,,,,,,,,,
Date of version: 11/13/2024,,,,,,,,,,,,,,,,,,,,,,,,,,,,,,
,,,,,,,,,,,,,,,,,,,,,,,,,,,,,,
"Table 4. Sentencing characteristics of persons sentenced for a psychostimulant offense, FY 2022",,,,,,,,,,,,,,,,,,,,,,,,,,,,,,
,,All persons,,,,Psychostimulant type,,,,,,,,,,,,,,,,,,,,,,,,
Defendant characteristic,,Number,Percent,,,Methamphetamine,,Other amphetamines/a,,Powder cocaine,,Crack cocaine,,MDA and MDMA/b,,,,,,,,,,,,,,,,
,Total,"14,420",100,%,,"9,704",,51,,"3,476",,"1,117",,72,,,,,,,,,,,,,,,,
Type of counsel,,,,,,,,,,,,,,,,,,,,,,,,,,,,,,
,Panel-appointed attorney,"7,016",54.3,%,,55.8,%,35.0,%,48.7,%,60.9,%,27.0,%,,,,,,,,,,,,,,,
,Private counsel,"2,784",21.5,,,17.6,,32.5,,33.6,,15.3,,50.8,,,,,,,,,,,,,,,,
,Public defender,"3,131",24.2,,,26.6,,32.5,,17.7,,23.8,,22.2,,,,,,,,,,,,,,,,
Disposition,,,,,,,,,,,,,,,,,,,,,,,,,,,,,,
,Guilty plea,"13,931",97.9,%,,98.0,%,96.1,%,97.8,%,97.0,%,100.0,%,,,,,,,,,,,,,,,
,Trial,301,2.1,,,1.1,,3.9,,2.2,,3.0,,0.0,,,,,,,,,,,,,,,,
Aggravating role enhancement,,,,,,,,,,,,,,,,,,,,,,,,,,,,,,
,No role enhancement,"13,371",93.9,%,,95.0,%,92.2,%,91.7,%,91.9,%,91.6,%,,,,,,,,,,,,,,,
,Leadership/supervisory role enhancement,861,6.1,,,5.0,,7.8,,8.3,,8.1,,8.4,,,,,,,,,,,,,,,,
Weapon enhancement,,,,,,,,,,,,,,,,,,,,,,,,,,,,,,
,No weapon enhancement,"10,338",72.6,%,,71.4,%,68.6,%,80.0,%,60.7,%,71.8,%,,,,,,,,,,,,,,,
,Weapon enhancement,"3,894",27.4,,,28.6,,31.4,,20.0,,39.3,,28.2,,,,,,,,,,,,,,,,
Criminal history,,,,,,,,,,,,,,,,,,,,,,,,,,,,,,
,"No criminal history, first offense","2,091",14.7,%,,10.4,%,21.6,%,30.4,%,2.3,%,18.3,%,,,,,,,,,,,,,,,
,Prior criminal history,"12,141",85.3,,,89.6,,78.4,,69.6,,97.7,,81.7,,,,,,,,,,,,,,,,
Acceptance of responsibility ,,,,,,,,,,,,,,,,,,,,,,,,,,,,,,
,Did not accept responsibility,554,3.9,%,,3.8,%,5.9,%,3.7,%,5.6,%,1.4,%,,,,,,,,,,,,,,,
,Accepted responsibility ,"13,678",96.1,,,96.2,,94.1,,96.3,,94.4,,98.6,,,,,,,,,,,,,,,,
Career offender status,,,,,,,,,,,,,,,,,,,,,,,,,,,,,,
,No career offender status,"13,433",94.4,%,,94.2,%,96.1,%,96.9,%,87.9,%,98.6,%,,,,,,,,,,,,,,,
,Career offender status,799,5.6,,,5.8,,3.9,,3.1,,12.1,,1.4,,,,,,,,,,,,,,,,
"Note: Includes cases where persons were sentenced under U.S. Sentencing Guidelines Chapter Two, Part D (Drug Guidelines). Psychostimulants are the primary drug type. The primary drug is the drug that results in the greatest penalty (when multiple drugs are involved). Complete guideline application information was missing for 63 persons sentenced. Details may not sum to totals due to rounding and missing data.",,,,,,,,,,,,,,,,,,,,,,,,,,,,,,
"a/Includes amphetamines, methcathinone, dextroamphetamine, khat, Ritalin, ephedrine, pseudoephedrine, bath salts, and synthetic cathinones.",,,,,,,,,,,,,,,,,,,,,,,,,,,,,,
"b/Includes methylenedioxyamphetamine (MDA) and methylenedioxymethamphetamine (MDMA), also known as ecstasy. This includes synthetic psychoactive substances belonging to the amphetamine and phenethylamine classes of drugs.",,,,,,,,,,,,,,,,,,,,,,,,,,,,,,
"Source: Bureau of Justice Statistics, based on data from the U.S. Sentencing Commission, Monitoring File, fiscal year 2022.",,,,,,,,,,,,,,,,,,,,,,,,,,,,,,
