Bureau of Justice Statistics,,,
Filename: fhcp0519stat3a.csv,,,
"Appendix table 3a. Number of hate crime suspects referred to U.S. attorneys and hate crime defendants convicted in U.S. district court, by federal judicial district, fiscal years 2005-19",,,
"Report title: Federal Hate Crime Prosecutions, 2005-19 - Supplemental Tables   NCJ 301556",,,
"Data source: Bureau of Justice Statistics, based on data from the Executive Office for U.S. Attorneys, Legal Information Office Network System, fiscal years 2005-19; and from the Administrative Office of the U.S. Courts, Criminal Master File, fiscal years 2005-19",,,
"Author: Mark Motivans, Ph.D., BJS Statistician",,,
Refer questions to: askbjs@ojp.usdoj.gov (202) 307-0765,,,
Date of version: 8/26/2021,,,
,,,
"Appendix table 3a. Number of hate crime suspects referred to U.S. attorneys and hate crime defendants convicted in U.S. district court, by federal judicial district, fiscal years 2005-19",,,
Federal judicial district,,Suspects referred to U.S. attorneys,Defendants convicted in U.S. district court
,Total,"1,864",284
Alabama Middle,,5,1
Alabama Northern ,,21,1
Alabama Southern ,,9,2
Alaska ,,6,2
Arizona,,35,0
Arkansas Eastern ,,19,8
Arkansas Western,,12,7
California Central,,91,12
California Eastern,,54,13
California Northern,,40,1
California Southern,,15,0
Colorado,,11,0
Connecticut,,9,7
Delaware,,4,2
District of Columbia,,12,2
Florida Middle,,41,4
Florida Northern,,8,0
Florida Southern,,18,3
Georgia Middle,,8,0
Georgia Northern,,23,0
Georgia Southern,,11,2
Guam,,2,0
Hawaii,,10,0
Idaho,,47,4
Illinois Central,,7,1
Illinois Northern,,36,1
Illinois Southern,,13,2
Indiana Northern,,10,2
Indiana Southern,,21,5
Iowa Northern,,8,3
Iowa Southern,,4,5
Kansas,,21,5
Kentucky Eastern,,10,1
Kentucky Western,,10,0
Louisiana Eastern,,14,2
Louisiana Middle,,5,0
Louisiana Western,,38,8
Maine,,22,0
Maryland,,6,1
Massachusetts,,52,4
Michigan Eastern,,91,9
Michigan Western,,11,0
Minnesota,,8,2
Mississippi Northern,,61,2
Mississippi Southern,,36,9
Missouri Eastern,,11,1
Missouri Western,,36,9
Montana,,7,0
Nebraska,,11,2
Nevada,,12,1
New Hampshire,,5,0
New Jersey,,9,1
New Mexico,,23,2
New York Eastern,,22,6
New York Northern,,18,22
New York Southern,,16,0
New York Western,,11,2
North Carolina Eastern,,22,1
North Carolina Middle,,11,1
North Carolina Western,,15,2
North Dakota,,4,2
Northern Mariana Islands,,0,0
Ohio Northern,,59,6
Ohio Southern,,31,3
Oklahoma Eastern,,7,0
Oklahoma Northern,,7,0
Oklahoma Western,,10,0
Oregon,,56,11
Pennsylvania Eastern,,26,3
Pennsylvania Middle,,9,3
Pennsylvania Western,,37,6
Puerto Rico,,1,6
Rhode Island,,9,4
South Carolina,,30,4
South Dakota,,8,0
Tennessee Eastern,,22,3
Tennessee Middle,,19,7
Tennessee Western,,7,3
Texas Eastern,,12,4
Texas Northern,,27,3
Texas Southern,,40,8
Texas Western,,20,4
U.S. Virgin Islands,,1,0
Utah,,41,11
Vermont,,2,0
Virginia Eastern,,41,2
Virginia Western,,18,1
Washington Eastern,,11,0
Washington Western,,31,4
West Virginia Northern,,0,0
West Virginia Southern,,34,0
Wisconsin Eastern,,8,2
Wisconsin Western,,11,0
Wyoming,,1,1
"Source: Bureau of Justice Statistics, based on data from the Executive Office for U.S. Attorneys, Legal Information Office Network System, fiscal years 2005-19; and from the Administrative Office of the U.S. Courts, Criminal Master File, fiscal years 2005-19.",,,
