Bureau of Justice Statistics,,,,,,,,
Filename: ffus17at19.csv,,,,,,,,
"Appendix table 19. Standard errors for appendix table 5: Prevalence of relationship and trust fraud, by type of falsified relationship and mode of contact, 2017",,,,,,,,
"Report title: Financial Fraud in the United States, 2017� NCJ 255817",,,,,,,,
"Data source: Bureau of Justice Statistics, National Crime Victimization Survey, Supplemental Fraud Survey, 2017",,,,,,,,
"Author: Rachel E. Morgan, Ph.D., BJS Statistician",,,,,,,,
Refer questions to: askbjs@usdoj.gov 202-307-0765,,,,,,,,
Date of version: 4/15/2021,,,,,,,,
,,,,,,,,
"Appendix table 19. Standard errors for appendix table 5: Prevalence of relationship and trust fraud, by type of falsified relationship and mode of contact, 2017",,,,,,,,
Type of falsified relationship and mode of contact,,,Number of victims,Percent of victims,,,Percent of all persons,
,Total financial fraud,,"144,867",~,,,0.059,%
Relationship and trust fraud,,,"32,300",1.03,%,,0.013,%
,Falsified relationship,,,,,,,
,,Romantic,"18,235",0.59,,,0.007,
,,Family member,"17,432",0.57,,,0.007,
,Mode of contact,,,,,,,
,,Text message/phone call,"15,328",0.51,,,0.005,
,,Mutual friend,"13,536",0.44,,,0.005,
,,Social media site,"13,264",0.44,,,0.005,
,,Dating app/website,"8,599",0.3,,,~,
,,Another website/email,"8,742",0.3,,,~,
,,Other,"16,531",0.53,,,0.007,
~Not applicable.,,,,,,,,
"Source: Bureau of Justice Statistics, National Crime Victimization Survey, Supplemental Fraud Survey, 2017.",,,,,,,,
