Bureau of Justice Statistics,,,,,,,
Filename: ffus17at16.csv,,,,,,,
"Appendix table 16. Standard errors for appendix table 2: Prevalence of charity fraud, by type of fraud scheme, 2017",,,,,,,
"Report title: Financial Fraud in the United States, 2017� NCJ 255817",,,,,,,
"Data source: Bureau of Justice Statistics, National Crime Victimization Survey, Supplemental Fraud Survey, 2017",,,,,,,
"Author: Rachel E. Morgan, Ph.D., BJS Statistician",,,,,,,
Refer questions to: askbjs@usdoj.gov 202-307-0765,,,,,,,
Date of version: 4/15/2021,,,,,,,
,,,,,,,
"Appendix table 16. Standard errors for appendix table 2: Prevalence of charity fraud, by type of fraud scheme, 2017",,,,,,,
Type of fraud scheme,,Number of victims,Percent of victims,,,Percent of all persons,
,Total financial fraud,"144,867",~,,,0.059,%
Charity fraud,,"48,071",1.49,%,,0.02,%
,Bogus charitable organization,"43,732",1.37,,,0.018,
,Crowdfunding under false pretenses,"19,342",0.62,,,0.007,
~Not applicable.,,,,,,,
"Source: Bureau of Justice Statistics, National Crime Victimization Survey, Supplemental Fraud Survey, 2017.",,,,,,,
