Bureau of Justice Statistics,,,,
Filename: ffus17at11.csv,,,,
"Appendix table 11. Standard errors for table 5: Victims age 18 or older who reported personal financial fraud to police, by type of fraud, 2017",,,,
"Report title: Financial Fraud in the United States, 2017� NCJ 255817",,,,
"Data source: Bureau of Justice Statistics, National Crime Victimization Survey, Supplemental Fraud Survey, 2017",,,,
"Author: Rachel E. Morgan, Ph.D., BJS Statistician",,,,
Refer questions to: askbjs@usdoj.gov 202-307-0765,,,,
Date of version: 4/15/2021,,,,
,,,,
"Appendix table 11. Standard errors for table 5: Victims age 18 or older who reported personal financial fraud to police, by type of fraud, 2017",,,,
Type of fraud,,Number of victims,Percent of victims who reported to police,
,Total financial fraud,"144,867",1.64,%
Relationship and trust,,"32,300",10.01,
Phantom debt,,"44,748",6.97,
Prize and grant,,"42,174",6,
Employment,,"31,802",7,
Products and services,,"116,730",1.75,
Charity,,"48,071",3.98,
"Source: Bureau of Justice Statistics, National Crime Victimization Survey, Supplemental Fraud Survey, 2017.",,,,
