Bureau of Justice Statistics,,,,,,,
Filename: ffus17at20.csv,,,,,,,
"Appendix table 20. Standard errors for appendix table 6: Prevalence of employment fraud, by type of fraud scheme, 2017",,,,,,,
"Report title: Financial Fraud in the United States, 2017� NCJ 255817",,,,,,,
"Data source: Bureau of Justice Statistics, National Crime Victimization Survey, Supplemental Fraud Survey, 2017",,,,,,,
"Author: Rachel E. Morgan, Ph.D., BJS Statistician",,,,,,,
Refer questions to: askbjs@usdoj.gov 202-307-0765,,,,,,,
Date of version: 4/15/2021,,,,,,,
,,,,,,,
"Appendix table 20. Standard errors for appendix table 6: Prevalence of employment fraud, by type of fraud scheme, 2017",,,,,,,
Type of fraud scheme,,Number of victims,Percent of victims,,,Percent of all persons,
,Total financial fraud,"144,867",~,,,0.059,%
Employment fraud,,"31,802",1.02,%,,0.013,%
,Business opportunities,"22,711",0.73,,,0.009,
,Work-at-home,"18,226",0.59,,,0.007,
~Not applicable.,,,,,,,
"Source: Bureau of Justice Statistics, National Crime Victimization Survey, Supplemental Fraud Survey, 2017.",,,,,,,
