Bureau of Justice Statistics,,,,,,,,,
Filename: ffus17at07.csv,,,,,,,,,
"Appendix table 7. Prevalence of consumer investment fraud, by type of fraud scheme, 2017",,,,,,,,,
"Report title: Financial Fraud in the United States, 2017� NCJ 255817",,,,,,,,,
"Data source: Bureau of Justice Statistics, National Crime Victimization Survey, Supplemental Fraud Survey, 2017",,,,,,,,,
"Author: Rachel E. Morgan, Ph.D., BJS Statistician",,,,,,,,,
Refer questions to: askbjs@usdoj.gov 202-307-0765,,,,,,,,,
Date of version: 4/15/2021,,,,,,,,,
,,,,,,,,,
"Appendix table 7. Prevalence of consumer investment fraud, by type of fraud scheme, 2017",,,,,,,,,
Type of fraud scheme,,Number of victims,,,Percent of victims,,,Percent of all persons,
,Total financial fraud,"3,039,200",,,100,%,,1.25,%
Investment fraud,,"36,010", !,,1.2,% !,,0.01,% !
,Other*,"36,010", !,,1.2, !,,0.01, !
Note: Some categories are not presented because there were zero sample cases. See appendix table 21 for standard errors.,,,,,,,,,
"! Interpret with caution. Estimate is based on 10 or fewer sample cases, or coefficient of variation is greater than 50%.",,,,,,,,,
*Includes other scams in which the victim invested money with a person or company but the investment was made up or the money was never�invested.,,,,,,,,,
"Source: Bureau of Justice Statistics, National Crime Victimization Survey, Supplemental Fraud Survey, 2017.",,,,,,,,,
