Bureau of Justice Statistics,,,,,,,,,,,,,,,,,,,,
Filename: ffus17at09.csv,,,,,,,,,,,,,,,,,,,,
"Appendix table 9. Standard errors for table 3: Victims age 18 or older who reported personal financial fraud in the Supplemental Fraud Survey screener, by fraud definition and type of fraud, 2017",,,,,,,,,,,,,,,,,,,,
"Report title: Financial Fraud in the United States, 2017� NCJ 255817",,,,,,,,,,,,,,,,,,,,
"Data source: Bureau of Justice Statistics, National Crime Victimization Survey, Supplemental Fraud Survey, 2017",,,,,,,,,,,,,,,,,,,,
"Author: Rachel E. Morgan, Ph.D., BJS Statistician",,,,,,,,,,,,,,,,,,,,
Refer questions to: askbjs@usdoj.gov 202-307-0765,,,,,,,,,,,,,,,,,,,,
Date of version: 4/15/2021,,,,,,,,,,,,,,,,,,,,
,,,,,,,,,,,,,,,,,,,,
"Appendix table 9. Standard errors for table 3: Victims age 18 or older who reported personal financial fraud in the Supplemental Fraud Survey screener, by fraud definition and type of fraud, 2017",,,,,,,,,,,,,,,,,,,,
,,Fraud 1 definition,,,,Fraud 2 definition,,,,Fraud 3 definition,,,,Fraud 4 definition,,,,Fraud 5 definition,,
Type of fraud,,Number of victims,Percent of victims,,,Number of victims,Percent of victims,,,Number of victims,Percent of victims,,,Number of victims,Percent of victims,,,Number of victims,Percent of victims,
,Total financial fraud,"164,503",0.067,%,,"144,867",0.059,%,,"126,633",0.052,%,,"126,084",0.052,%,,"114,501",0.047,%
Products and services,,"134,779",0.055,,,"116,730",0.048,,,"116,730",0.048,,,"93,113",0.038,,,"75,288",0.031,
Charity,,"48,071",0.02,,,"48,071",0.02,,,"48,071",0.02,,,"48,071",0.02,,,"48,071",0.02,
Phantom debt,,"44,748",0.018,,,"44,748",0.018,,,"44,748",0.018,,,"44,748",0.018,,,"44,748",0.018,
Prize and grant,,"52,405",0.021,,,"42,174",0.017,,,"42,173",0.017,,,"42,174",0.017,,,"42,174",0.017,
Relationship and trust,,"32,300",0.013,,,"32,300",0.013,,,"32,300",0.013,,,"32,300",0.013,,,"32,300",0.013,
Employment,,"37,523",0.015,,,"31,802",0.013,,,"31,802",0.013,,,"27,172",0.011,,,"25,564",0.01,
Investment,,"23,280",0.01,,,"15,512",0.006,,,"15,512",0.006,,,"15,512",0.006,,,"15,512",0.006,
"Source: Bureau of Justice Statistics, National Crime Victimization Survey Supplemental Fraud Survey, 2017.",,,,,,,,,,,,,,,,,,,,
