Bureau of Justice Statistics,,,,,,,
Filename: ffus17at17.csv,,,,,,,
"Appendix table 17. Standard errors for appendix table 3: Prevalence of phantom debt fraud, by type of fraud scheme, 2017",,,,,,,
"Report title: Financial Fraud in the United States, 2017� NCJ 255817",,,,,,,
"Data source: Bureau of Justice Statistics, National Crime Victimization Survey, Supplemental Fraud Survey, 2017",,,,,,,
"Author: Rachel E. Morgan, Ph.D., BJS Statistician",,,,,,,
Refer questions to: askbjs@usdoj.gov 202-307-0765,,,,,,,
Date of version: 4/15/2021,,,,,,,
,,,,,,,
"Appendix table 17. Standard errors for appendix table 3: Prevalence of phantom debt fraud, by type of fraud scheme, 2017",,,,,,,
Type of fraud scheme,,Number of victims,Percent of victims,,,Percent of all persons,
,Total financial fraud,"144,867",~,,,0.059,%
Phantom debt fraud,,"44,748",1.4,%,,0.018,%
,Unpaid taxes,"25,235",0.81,,,0.01,
,Loan debt,"18,506",0.61,,,0.007,
,Unpaid credit card,"16,524",0.53,,,0.007,
,Medical billing,"12,547",0.42,,,0.005,
,Unpaid fine,"10,162",0.33,,,0.005,
,Other,"21,737",0.7,,,0.009,
~Not applicable.,,,,,,,
"Source: Bureau of Justice Statistics, National Crime Victimization Survey, Supplemental Fraud Survey, 2017.",,,,,,,
