Bureau of Justice Statistics,,,,,,,,
Filename: ffus17at15.csv,,,,,,,,
"Appendix table 15. Standard errors for appendix table 1: Prevalence of consumer products and services fraud, by type of product or service purchased, 2017",,,,,,,,
"Report title: Financial Fraud in the United States, 2017� NCJ 255817",,,,,,,,
"Data source: Bureau of Justice Statistics, National Crime Victimization Survey, Supplemental Fraud Survey, 2017",,,,,,,,
"Author: Rachel E. Morgan, Ph.D., BJS Statistician",,,,,,,,
Refer questions to: askbjs@usdoj.gov 202-307-0765,,,,,,,,
Date of version: 4/15/2021,,,,,,,,
,,,,,,,,
"Appendix table 15. Standard errors for appendix table 1: Prevalence of consumer products and services fraud, by type of product or service purchased, 2017",,,,,,,,
Type of product or service purchased,,,Number of victims,Percent of victims,,,Percent of all persons,
,Total financial fraud,,"144,867",~,,,0.059,%
Products and services fraud,,,"116,730",2.26,%,,0.048,%
,Product purchased,,"93,698",2.34,,,0.038,
,,Clothing/accessories,"46,505",1.44,,,0.019,
,,Electronics/software,"36,141",1.15,,,0.015,
,,Weight loss/health supplements,"30,002",0.96,,,0.012,
,,Automotive parts,"21,715",0.7,,,0.009,
,,Collectibles/memorabilia,"19,056",0.62,,,0.007,
,,Other products,"58,823",1.76,,,0.024,
,Service purchased,,"61,683",1.83,,,0.025,
,,Home/automotive repair,"26,669",0.86,,,0.01,
,,Computer repair,"25,472",0.83,,,0.01,
,,Vacation rental,"20,495",0.67,,,0.009,
,,Internet/phone,"14,175",0.47,,,0.005,
,,Business growth,"13,008",0.42,,,0.005,
,,Online gaming,"12,871",0.42,,,0.005,
,,Identity theft protection,"10,497",0.33,,,0.005,
,,Credit-report repair,"10,319",0.33,,,0.005,
,,Insurance,"9,308",0.3,,,0.005,
,,Other services,"33,765",1.08,,,0.014,
~Not applicable.,,,,,,,,
"Source: Bureau of Justice Statistics, National Crime Victimization Survey, Supplemental Fraud Survey, 2017.",,,,,,,,
