"Bureau of Justice Statistics",,
"filename: cnscjausac3.csv",,
"table#:  Table C3: Australia, homicide 1990 to 2000",,
"report title: Cross-National Studies in Crime and Justice: Australia",,
"author: Carlos Carcach",,
"Refer questions to:  askbjs@usdoj.gov  202-307-0765",,
"date of version: 09/24/04",,
,,
,,
"Table C3: Australia, homicide 1990 to 2000",,
,,
"Year","Number","Rate per 100,000"
,,
"1990",354,2.1
"1991",335,1.9
"1992",316,1.8
"1993",333,1.9
"1994",350,2.0
"1995",309,1.7
"1996",344,1.9
"1997",343,1.9
"1998",297,1.6
"1999",345,1.9
"2000",316,1.7
,,
"Source: Australian Institute of Criminology, National Homicide Monitoring Program.",,
