"Bureau of Justice Statistics",,,,,,,,,,
"filename: cnscjneta01.csv",,,,,,,,,,
"table#: Appendix table 1.  Homicide in the Netherlands, 1980-99",,,,,,,,,,
"report title: Cross-National Studies in Crime and Justice: Netherlands",,,,,,,,,,
"author: Catrien C.J.H. Bijleveld, Paul R. Smit",,,,,,,,,,
"Refer questions to:  askbjs@usdoj.gov  202-307-0765",,,,,,,,,,
"date of version: 09/24/04",,,,,,,,,,
,,,,,,,,,,
"Appendix table 1.  Homicide in the Netherlands, 1980-99",,,,,,,,,,
,,,,,,,,,,
"Moord en doodslag",,,,,,,,,,
,1980,1981,1982,1983,1984,1985,1986,1987,1988,1989
,,,,,,,,,,
"Number of police recorded offenses",185,185,185,185,172,151,174,164,261,254
"Population (in thousands)",14091,14209,14286,14340,14395,14454,14529,14615,14715,14805
"Police-recorded crime rate per 1,000 population",0.01,0.01,0.01,0.01,0.01,0.01,0.01,0.01,0.01,0.01
"Number of offenders per offense",1.3,1.3,1.3,1.3,1.3,1.3,1.3,1.3,1.3,1.3
"Offender population",241,241,241,241,224,196,226,213,339,330
"Number of offenders convicted",,,,,,,,,,
"Population ages 12 or older (in 1,000's)",11638,11802,11950,12076,12195,12300,12394,12482,12572,12652
"Number of police recorded offenses",230,217,267,265,235,273,244,276,225,231
"Population (in thousands)",14893,15010,15129,15239,15342,15424,15494,15560,15638,15760
"Police-recorded crime rate per 1,000 population",0.01,0.01,0.01,0.01,0.01,0.01,0.01,0.01,0.01,0.01
"Number of offenders per offense",1.3,1.3,1.3,1.3,1.3,1.3,1.3,1.3,1.3,1.3
"Offender population",299,282,347,345,306,355,317,359,293,300
"Number of offenders convicted",,192,170,115,125,162,179,174,185,181
"Population age 12 or older (in thousands)",12720,12813,12904,12996,13077,13134,13185,13242,13317,13400
"Number convicted per 1,000 persons age 12 or older",,0.01,0.01,0.01,0.01,0.01,0.01,0.01,0.01,0.01
"Number of offenders per conviction",,1.47,2.04,2.99,2.44,2.2,1.78,2.06,1.58,1.66
"Probability of an offender being convicted",,0.68,0.49,0.33,0.41,0.46,0.56,0.48,0.63,0.6
"Number of convictions per 1,000 offenders",,679,491,334,410,455,563,484,632,603
"Number of offenders sentenced to incarceration",,,,,,149,159,163,171,170
"Number incarcerated per 1,000 persons age 12 or older",,,,,,0.01,0.01,0.01,0.01,0.01
"Percent of convicted offenders incarcerated",,,,,,92%,89%,94%,93%,94%
"Probability of an offender being incarcerated",,,,,,0.42,0.5,0.46,0.59,0.57
"Number incarcerated per 1000 offenders",,,,,,419,501,455,586,565
"Incarceration sentence length (in months)",,,,,,109.7,107,103.7,98.2,100.4
"Time served before being released (in months)",,,,,,73.1,71.3,69.2,65.5,66.9
"Percent of incarceration sentence served",,,,,,67%,67%,67%,67%,67%
"Number of days served per offender",,,,,,918,1073,944,1151,1134
"Number of days served per conviction",,,,,,2018,1907,1949,1819,1882
"Number of months served per offender",,,,,,30.6,35.8,31.5,38.4,37.8
