"Bureau of Justice Statistics",,,,,,,
"filename: cnscjcana27.csv",,,,,,,
"table#: Appendix table 27. Custodial sentences for motor vehicle theft in Canada, 1991-99",,,,,,,
"report title: Cross-National Studies in Crime and Justice: Canada",,,,,,,
"author: Brandon C. Welsh, Mark H. Irving",,,,,,,
"Refer questions to:  askbjs@usdoj.gov  202-307-0765",,,,,,,
"date of version: 09/24/04",,,,,,,
,,,,,,,
"Appendix table 27. Custodial sentences for motor vehicle theft in Canada, 1991-99",,,,,,,
,,,,,,,
,"Sentenced to custody",,,,"Custody rate per 1,000 (age 12 or older)",,
"Year","Youths ","Adults","Total ",,"Youths ","Adults","Total"
,,,,,,,
1991,196,"**","**",,0.0862,"**","**"
1992,192,"**","**",,0.0833,"**","**"
1993,212,"**","**",,0.0910,"**","**"
1994,219,212,431,,0.0928,0.0097,0.0178
1995,212,205,417,,0.0888,0.0092,0.0170
1996,187,135,322,,0.0773,0.0060,0.0129
1997,275,176,451,,0.1127,0.0077,0.0179
1998,364,221,585,,0.1486,0.0096,0.0229
1999,357,212,569,,0.1457,0.0091,0.0221
,,,,,,,
"Note: Includes thefts of all motor vehicles operated on land or water.",,,,,,,
"**Not available.  Sources: De Souza (2002b); Grimes (2002); Statistics Canada (2000). ",,,,,,,
