"Bureau of Justice Statistics",,,
"filename: cnscjcana10.csv",,,
"table#: Appendix table 10. Robbery (victim survey) in Canada ",,,
"report title: Cross-National Studies in Crime and Justice: Canada",,,
"author: Brandon C. Welsh, Mark H. Irving",,,
"Refer questions to:  askbjs@usdoj.gov  202-307-0765",,,
"date of version: 09/24/04",,,
,,,
"Appendix table 10. Robbery (victim survey) in Canada ",,,
,,,
" Year"," Incidents/a","Rate per 1,000 population (age 15+)",
,,,
1981,49400,"9.2","*"
1987,265000,13.1,
1992,196000,9.1,
1998,228000,9.4,
,,,
"*Rate per 1,000 population (age 16+). ",,,
" Sources: Table 2; Gartner and Doob (1994, p. 6, table 2); Besserer and Trainor (2000, p.19, table 3); Canadian Centre for Justice Statistics (2000); Statistics Canada (no year). ",,,
