"Bureau of Justice Statistics",,,,,,,,,,,,,,,,,
"filename: cnscjcana29.csv",,,,,,,,,,,,,,,,,
"table#: Appendix table 29. Average length of custodial sentences for homicide, aggravated sexual assault, serious assault, robbery, motor vehicle theft, and residential burglary, 1991-99",,,,,,,,,,,,,,,,,
"report title: Cross-National Studies in Crime and Justice: Canada",,,,,,,,,,,,,,,,,
"author: Brandon C. Welsh, Mark H. Irving",,,,,,,,,,,,,,,,,
"Refer questions to:  askbjs@usdoj.gov  202-307-0765",,,,,,,,,,,,,,,,,
"date of version: 09/24/04",,,,,,,,,,,,,,,,,
,,,,,,,,,,,,,,,,,
"Appendix table 29. Average length of custodial sentences for homicide, aggravated sexual assault, serious assault, robbery, motor vehicle theft, and residential burglary, 1991-99",,,,,,,,,,,,,,,,,
,,,,,,,,,,,,,,,,,
,"Average sentence length in months",,,,,,,,,,,,,,,,
," Homicide",,,"Aggravated sexual assault",,," Serious assault",,," Robbery",,," Motor vehicle theft",,," Residential burglary",
"Year/a"," Youths"," Adults",,"Male  youths","Male  adults",," Youths"," Adults",," Youths"," Adults",," Youths"," Adults",," Youths"," Adults"
,,,,,,,,,,,,,,,,,
1991,18.54,"**",,11.18,"**",,4.74,"**",,6.41,"**",,2.78,"**",,4.38,"**"
1992,17.25,"**",,0.00,"**",,4.46,"**",,6.02,"**",,2.52,"**",,4.31,"**"
1993,21.25,"**",,20.72,"**",,4.69,"**",,6.64,"**",,2.89,"**",,4.34,"**"
1994,18.67,90.86,,0.00,82.24,,4.61,5.33,,6.58,27.70,,2.14,1.35,,4.28,8.26
1995,18.85,125.79,,4.44,47.60,,4.38,5.46,,5.94,24.57,,2.48,1.61,,4.05,8.36
1996,17.32,109.38,,17.76,58.49,,4.24,5.07,,5.38,25.16,,2.60,2.01,,3.91,7.99
1997,13.31,127.37,,0.00,98.29,,3.82,5.20,,4.80,23.85,,2.50,1.64,,3.82,8.36
1998,11.50,114.67,,35.53,67.14,,3.98,5.13,,4.97,24.54,,2.47,1.97,,3.83,8.82
1999,22.20,120.76,,10.86,105.63,,3.62,5.00,,5.00,24.21,,2.43,1.58,,3.75,9.05
,,,,,,,,,,,,,,,,,
"...Not applicable.",,,,,,,,,,,,,,,,,
" **Not available.",,,,,,,,,,,,,,,,,
"a\The YCS reports data per fiscal year. Here, data are presented as per calendar year (that is, 1994 instead of 1994-95) so as to be comparable with the ACCS.                             ",,,,,,,,,,,,,,,,,
"b\Does not include ""unknowns.""",,,,,,,,,,,,,,,,,
"Sources: De Souza (2002b); Grimes (2002); Statistics Canada (2000).",,,,,,,,,,,,,,,,,
