"Bureau of Justice Statistics",,,,,,,
"filename: cnscjcana19.csv",,,,,,,
"table#: Appendix table 19. Conviction rates per 1,000  age 12 or older for serious assault  in Canada, 1991-99",,,,,,,
"report title: Cross-National Studies in Crime and Justice: Canada",,,,,,,
"author: Brandon C. Welsh, Mark H. Irving",,,,,,,
"Refer questions to:  askbjs@usdoj.gov  202-307-0765",,,,,,,
"date of version: 09/24/04",,,,,,,
,,,,,,,
"Appendix table 19. Conviction rates per 1,000  age 12 or older for serious assault  in Canada, 1991-99",,,,,,,
,,,,,,,
,"Convicted cases",,,,"Conviction rate per 1,000 (age 12 or older)  ",,
"Year","Youth","Adults","Total",,"Youth ","Adults","Population "
,,,,,,,
1991,3225,"**","**",,1.418,"**","**"
1992,3417,"**","**",,1.482,"**","**"
1993,3549,"**","**",,1.523,"**","**"
1994,3408,7385,10793,,1.445,0.337,0.445
1995,3071,9363,12434,,1.287,0.422,0.506
1996,3263,10662,13925,,1.350,0.475,0.560
1997,3681,11310,14991,,1.509,0.497,0.594
1998,3759,11641,15400,,1.535,0.505,0.604
1999,3630,11164,14794,,1.482,0.478,0.573
,,,,,,,
"**Not available.",,,,,,,
"Sources: Sources:  De Souza (2002b); Grimes (2002); Statistics Canada (2000).",,,,,,,
