"Bureau of Justice Statistics",,,
"filename: cnscjausad4.csv",,,
"table#: Table D4.  Serious assault: Recorded crime, 1983, 1993, 1998",,,
"report title: Cross-National Studies in Crime and Justice: Australia",,,
"author: Carlos Carcach",,,
"Refer questions to:  askbjs@usdoj.gov  202-307-0765",,,
"date of version: 09/24/04",,,
,,,
"Table D4.  Serious assault: Recorded crime, 1983, 1993, 1998",,,
,,,
,"1983","1993","1998"
"",,,
"Total serious assaults (1,000's)/a",8.1,25.9,36.5
"Serious assaults on victims 15 and older (1,000's)/b",7.4,23.9,33.7
,,,
"a\Annual reports from Australian police services.",,,
"b\Estimated as 92% of total incidents of assault. Derived from recorded crime statistics (Australian Bureau of Statistics 1994a, 1997a, 1998a, 1999a).",,,
