"Bureau of Justice Statistics",,
"filename: cnscjeng08.csv",,
"table#: Table 8. Correlations with year for 1981-1993 and 1993-1999",,
"report title: Cross-National Studies in Crime and Justice",,
"author: David P. Farrington, Darrick Jolliffe",,
"Refer questions to:  askbjs@usdoj.gov  202-307-0765",,
"date of version: 09/24/04",,
,,
"Table 8. Correlations with year for 1981-1993 and 1993-1999",,
,,
,"1981-93","1993-99"
,,
"Burglary",,
"Survey crime rate",0.97,-0.94
"Recorded crime rate",0.85,-0.99
"Conviction rate/offender",-0.98,0.92
"Custody rate/offender",-0.99,0.98
"Probability (custody/conviction)",-0.12,0.98
"Average time served",0.83,0.82
"Days served/conviction",0.76,0.94
"Days served/offender",-1.00,0.92
,,
"Motor vehicle theft",,
"Survey crime rate",0.98,-0.98
"Recorded crime rate",0.89,-0.98
"Conviction rate/offender",-0.99,0.92
"Custody rate/offender",-0.97,0.97
"Probability (custody/conviction)",-0.69,0.70
"Average time served",-0.96,0.97
"Days served/conviction",-0.88,0.96
"Days served/offender",-0.97,1.00
