"Bureau of Justice Statistics",,,
"filename: cnscjausad2.csv",,,
"table#: Table D2. Rape: Recorded crime, 1983, 1993, 1998",,,
"report title: Cross-National Studies in Crime and Justice: Australia",,,
"author: Carlos Carcach",,,
"Refer questions to:  askbjs@usdoj.gov  202-307-0765",,,
"date of version: 09/24/04",,,
,,,
,,,
"Table D2. Rape: Recorded crime, 1983, 1993, 1998 ",,,
,,,
,"1983","1993","1998"
"",,,
"Total incidents of rape (1,000's)/a",1.7,6.0,7.6
"Rapes on women 18 and older (1,000's)/b",1.4,4.8,6.1
,,,
"a\Annual reports from Australian police services.",,,
"b\Estimated as 80% of total incidents of sexual assault. Derived from recorded crime statistics (Australian Bureau of Statistics 1994a, 1997a, 1998a, 1999a).",,,
