"Bureau of Justice Statistics",,,,,,,,,,
"filename: cnscjneta04.csv",,,,,,,,,,
"table#: Appendix table 4.  Assault in the Netherlands, 1980-99 ",,,,,,,,,,
"report title: Cross-National Studies in Crime and Justice: Netherlands",,,,,,,,,,
"author: Catrien C.J.H. Bijleveld, Paul R. Smit",,,,,,,,,,
"Refer questions to:  askbjs@usdoj.gov  202-307-0765",,,,,,,,,,
"date of version: 09/24/04",,,,,,,,,,
,,,,,,,,,,
"Appendix table 4.  Assault in the Netherlands, 1980-99 ",,,,,,,,,,
,,,,,,,,,,
"Mishandeling",,,,,,,,,,
,1980,1981,1982,1983,1984,1985,1986,1987,1988,1989
,,,,,,,,,,
"Victim survey offenses",140233,128142,115323,116599,162148,134275,105669,99199,92541,93312
"Population ages 15 or older (in 1,000's)",10907,11074,11212,11336,11465,11604,11741,11870,11996,12096
"Survey crime rate per 1000 persons age 15 or older",12.9,11.6,10.3,10.3,14.1,11.6,9,8.4,7.7,7.7
"Number of offenders per offense",1.14,1.14,1.14,1.14,1.14,1.14,1.1,1.08,1.05,1.04
"Percent of offenses reported to police",39%,39%,39%,39%,39%,39%,39%,39%,39%,40%
"Number of offenses reported to police",54691,49975,44976,45474,63238,52367,41211,38688,36091,37633
"Number of comparable offenses recorded by police",10592,11424,11969,12413,13191,14141,14090,14706,16512,17723
"Probability of an offense being recorded by police",7.60%,8.90%,10.40%,10.60%,8.10%,10.50%,13.30%,14.80%,17.80%,19.00%
"Percent of reported offenses recorded by police",19.40%,22.90%,26.60%,27.30%,20.90%,27.00%,34.20%,38.00%,45.80%,47.10%
"Number of police recorded offenses",13684,14658,15251,15702,16562,17614,17436,18107,20255,21692
"Population (in 1,000's)",14091,14209,14286,14340,14395,14454,14529,14615,14715,14805
"Police-recorded crime rate per 1,000 persons",0.97,1.03,1.07,1.09,1.15,1.22,1.2,1.24,1.38,1.47
"Number of offenders convicted",3648,3739,3666,3903,3837,4123,4260,4491,4718,5089
"Population ages 12 or older (in 1,000's)",11638,11802,11950,12076,12195,12300,12394,12482,12572,12652
"Number convicted per 1,000 persons age 12 or older",0.31,0.32,0.31,0.32,0.31,0.34,0.34,0.36,0.38,0.4
"Offender population",205656,186641,166802,167432,231103,189859,143228,132463,118956,118395
"Number of offenders per conviction",56.38,49.92,45.5,42.9,60.23,46.05,33.62,29.5,25.21,23.26
"Probability of an offender being convicted",0.018,0.02,0.022,0.023,0.017,0.022,0.03,0.034,0.04,0.043
"Number of convictions per 1,000 offenders",17.7,20,22,23.3,16.6,21.7,29.7,33.9,39.7,43
"Number of offenders sentenced to incarceration",514,369,362,378,360,347,330,324,334,328
"Number incarcerated per 1,000 persons age 12 or older",0.044,0.031,0.03,0.031,0.03,0.028,0.027,0.026,0.027,0.026
"Percent of convicted offenders who were incarcerated",14.09%,9.87%,9.87%,9.68%,9.38%,8.42%,7.75%,7.21%,7.08%,6.45%
"Probability of an offender being incarcerated",0.0025,0.002,0.0022,0.0023,0.0016,0.0018,0.0023,0.0024,0.0028,0.0028
"Number incarcerated per 1,000 offenders",2.5,1.98,2.17,2.26,1.56,1.83,2.3,2.45,2.81,2.77
"Incarceration sentence length (in months)",,,3.9,4.4,4.5,5,4.6,4.6,4.7,5
"Time served before being released (in months)",,,3.9,4.4,4.5,5,4.6,4.6,4.7,5
"Percent of incarceration sentence served",,,100%,100%,100%,100%,100%,100%,100%,100%
"Number of days served per offender",,,0.25,0.3,0.21,0.28,0.32,0.34,0.39,0.41
"Number of days served per conviction",,,11.57,12.76,12.72,12.7,10.6,9.92,9.93,9.58
"Number of months served per offender",,,0.008,0.01,0.007,0.009,0.011,0.011,0.013,0.014
"Victim survey offenses",93945,102559,111276,112032,106471,100688,113814,127060,134096,141240
"Population ages 15 or older (in 1,000's)",12178,12272,12364,12448,12526,12586,12646,12706,12771,12840
"Survey crime rate per 1000 persons age 15 or older",7.7,8.4,9,9,8.5,8,9,10,10.5,11
"Number of offenders per offense",1.04,1.08,1.08,1.05,1.11,1.28,1.32,1.38,1.32,1.32
"Percent of offenses reported to police",42%,43%,43%,43%,42%,42%,42%,42%,42%,42%
"Number of offenses reported to police",39147,44100,47570,47614,44984,42289,47802,53365,56320,59321
"Number of comparable offenses recorded by police",18370,18141,19525,20048,22719,22771,24473,30703,31033,34463
"Probability of an offense being recorded by police",19.60%,17.70%,17.50%,17.90%,21.30%,22.60%,21.50%,24.20%,23.10%,24.40%
"Percent of reported offenses recorded by police",46.90%,41.10%,41.00%,42.10%,50.50%,53.80%,51.20%,57.50%,55.10%,58.10%
"Number of police recorded offenses",22466,22189,23891,24543,27826,27906,29985,37600,38000,42300
"Population (in 1,000's)",14893,15010,15129,15239,15342,15424,15494,15560,15638,15760
"Police-recorded crime rate per 1,000 persons",1.51,1.48,1.58,1.61,1.81,1.81,1.94,2.42,2.43,2.68
"Number of offenders convicted",5189,5579,5969,6359,6749,7336,7673,8232,8681,10301
"Population ages 12 or older (in 1,000's)",12720,12813,12904,12996,13077,13134,13185,13242,13317,13400
"Number convicted per 1,000 persons age 12 or older",0.41,0.44,0.46,0.49,0.52,0.56,0.58,0.62,0.65,0.77
"Offender population",119653,134913,146502,143730,145054,157449,183815,214864,217260,228537
"Number of offenders per conviction",23.06,24.18,24.54,22.6,21.49,21.46,23.96,26.1,25.03,22.19
"Probability of an offender being convicted",0.043,0.041,0.041,0.044,0.047,0.047,0.042,0.038,0.04,0.045
"Number of convictions per 1,000 offenders",43.4,41.4,40.7,44.2,46.5,46.6,41.7,38.3,40,45.1
"Number of offenders sentenced to incarceration",304,743,713,645,730,816,1035,1109,1271,1532
"Number incarcerated per 1,000 persons age 12 or older",0.024,0.058,0.055,0.05,0.056,0.062,0.078,0.084,0.095,0.114
"Percent of convicted offenders who were incarcerated",5.86%,13.32%,11.94%,10.14%,10.82%,11.12%,13.48%,13.47%,14.64%,14.87%
"Probability of an offender being incarcerated",0.0025,0.0055,0.0049,0.0045,0.005,0.0052,0.0056,0.0052,0.0059,0.0067
"Number incarcerated per 1,000 offenders",2.54,5.51,4.87,4.49,5.03,5.18,5.63,5.16,5.85,6.7
"Incarceration sentence length (in months)",5.2,4.4,4.8,5.3,6,6.2,5,5.3,5,4.7
"Time served before being released (in months)",5.1,4.4,4.8,5.3,5.9,6.1,5,5.3,5,4.7
"Percent of incarceration sentence served",100%,100%,100%,100%,99%,98%,100%,100%,100%,100%
"Number of days served per offender",0.39,0.73,0.7,0.71,0.89,0.95,0.85,0.82,0.88,0.94
"Number of days served per conviction",9.05,17.77,17.07,16.11,19.22,20.49,20.36,21.32,21.92,20.82
"Number of months served per offender",0.01,0.02,0.023,0.024,0.03,0.032,0.028,0.027,0.029,0.031
