"Bureau of Justice Statistics",,,,,
"filename: cnscjcana12.csv",,,,,
"table#: Appendix table 12. Residential burglary (victim survey)  in Canada ",,,,,
"report title: Cross-National Studies in Crime and Justice: Canada",,,,,
"author: Brandon C. Welsh, Mark H. Irving",,,,,
"Refer questions to:  askbjs@usdoj.gov  202-307-0765",,,,,
"date of version: 09/24/04",,,,,
,,,,,
"Appendix table 12. Residential burglary (victim survey)  in Canada ",,,,,
,,,,,
,,"Rate per 1,000",,,
"Year","Incidents","Population (age 15+)",,"Households",
,,,,,
1981,227400,"40.7","a","86.3","b"
1987,532000,26.3,,55.2,
1992,546000,25.2,,51.1,
1998,587000,24.2,,51.6,
,,,,,
"a\Rate per 1,000 population (age 16+).",,,,,
"b\This was calculated in the same way as the estimated 1981 national rates, following the procedures in tables 1 and 2.",,,,,
"Sources: Table 2; Gartner and Doob (1994, p. 11, table 6); Besserer and Trainor (2000,  p. 22, table 6); Canadian Centre for Justice Statistics (2000); Statistics Canada (no year).",,,,,
