"Bureau of Justice Statistics",,,,,
"filename: cnscjswi05.csv",,,,,
"table#: Table 5. Rape",,,,,
"report title: Cross-National Studies in Crime and Justice: Switzerland",,,,,
"author: Martin Killias, Philippe Lamon, Marcelo F. Aebi",,,,,
"Refer questions to:  askbjs@usdoj.gov  202-307-0765",,,,,
"date of version: 09/24/04",,,,,
,,,,,
"Table 5. Rape",,,,,
,,,,,
,"1985","1988","1995","1997","1999"
,,,,,
"Recorded offenses",793,885,654,804,837
"Female population",3305419,3362201,3593738,3625649,3651527
"Recorded/ 1,000 households",0.240,0.263,0.182,0.222,0.229
"Offenders/offense",1.1,1.1,1.1,1.1,1.1
"Offender population",860,959,709,871,907
,,,,,
"Persons convicted",79,115,104,114,102
"Male population age 10+",2803925,2852092,3048500,3075570,3097522
"Convicted/1,000 male population",0.02800,0.04049,0.03409,0.03717,0.03281
"Offenders/conviction",10.95,8.30,6.82,7.62,8.92
"Probability conviction/offender",0.091,0.120,0.147,0.131,0.112
"Convictions/1,000 offenders",91.3,120.5,146.6,131.2,112.1
,,,,,
"Number sent to custody",31,48,57,63,54
"Custody/1,000 male population",0.011,0.017,0.019,0.02,0.017
"Probability custody/conviction",0.395,0.416,0.548,0.551,0.531
"Probability custody/offender",0.0361,0.0501,0.0804,0.0723,0.0596
"Custody/1,000 offenders",36.06,50.07,80.40,72.29,59.55
,,,,,
"Sentence length",46.26,40.47,44.84,47.21,49.68
"Time served",16.64,22.26,28.11,24.76,33.86
"Proportion served",0.36,0.55,0.63,0.52,0.68
"Days/conviction",199.76,281.41,468.93,414.96,547.34
"Days/offender",18.25,33.9,68.75,54.44,61.34
"Months/offender",0.60,1.11,2.26,1.79,2.02
