"Bureau of Justice Statistics",,,,,,
"filename: cnscjswi09.csv",,,,,,
"table#: Table 9: Correlations with recorded crime rates",,,,,,
"report title: Cross-National Studies in Crime and Justice: Switzerland",,,,,,
"author: Martin Killias, Philippe Lamon, Marcelo F. Aebi",,,,,,
"Refer questions to:  askbjs@usdoj.gov  202-307-0765",,,,,,
"date of version: 09/24/04",,,,,,
,,,,,,
"Table 9: Correlations with recorded crime rates",,,,,,
,,,,,,
,"Burglary","Motor vehicle theft","Robbery","Assault","Rape","Homicide"
,,,,,,
"Consumption/population age +15",-0.92,0.98,-0.83,-0.97,0.48,0.77
"Percent population age 15-24",-0.88,0.98,-0.73,-0.90,0.65,0.74
"Percent population male age 15-20",-0.76,0.91,-0.70,-0.75,0.68,0.77
"Percent male unemployed",0.84,-0.78,0.45,0.64,-0.74,-0.35
"Number vehicles/population",0.82,-0.96,0.88,0.95,-0.41,-0.88
"Police strength/population",0.26,0.82,-0.38,-0.61,-0.37,1.00
,,,,,,
"Conviction rate/population",-0.67,0.96,-0.77,0.98,0.24,-0.20
"Conviction rate/offender",-0.83,-0.82,-0.77,-0.35,-0.66,-0.55
"Custody rate/population",-0.67,0.97,-0.86,0.74,-0.42,-0.11
"Probability (custody/conviction)",0.21,0.76,-0.89,-0.35,-0.75,0.49
"Custody rate/offender",-0.83,-0.78,-0.77,-0.40,-0.79,-0.52
"Sentence length",-0.46,0.69,-0.70,-0.30,-0.35,0.28
"Time served",0.20,-0.73,0.77,0.90,-0.43,-0.76
"Percent served",0.45,-0.93,0.76,0.85,-0.38,-0.72
"Days served/conviction",0.23,-0.43,-0.53,0.80,-0.58,-0.72
"Days served/offender",-0.85,-0.81,-0.64,0.28,-0.74,-0.71
,,,,,,
"Conviction rate/offense A",-0.38,-0.96,-0.54,-0.02,0.33,-0.91
"Conviction rate/offense B",-0.77,-0.83,-0.11,-0.32,-0.49,-0.07
"Custody rate/offense A",-0.32,-0.92,-0.88,-0.04,0.05,-0.94
"Custody rate/offense B",-0.79,-0.83,-0.34,-0.41,-0.25,-0.23
"Days served/offense A",-0.87,-0.88,-0.35,0.29,0.14,-0.90
"Days served/offense B",-0.46,-0.89,-0.12,0.32,-0.26,-0.57
