"Bureau of Justice Statistics",,,,,,,
"filename: cnscjcana21.csv",,,,,,,
"table#: Appendix table 21. Conviction rates per 1,000 age 12 or older for motor vehicle theft  in Canada, 1991-99",,,,,,,
"report title: Cross-National Studies in Crime and Justice: Canada",,,,,,,
"author: Brandon C. Welsh, Mark H. Irving",,,,,,,
"Refer questions to:  askbjs@usdoj.gov  202-307-0765",,,,,,,
"date of version: 09/24/04",,,,,,,
,,,,,,,
"Appendix table 21. Conviction rates per 1,000 age 12 or older for motor vehicle theft  in Canada, 1991-99",,,,,,,
,,,,,,,
,"Convicted cases",,,,"Conviction rate per 1,000 (age 12 or older)  ",,
"Year","Youth","Adults","Total",,"Youth ","Adults","Population "
,,,,,,,
1991,1140,"**","**",,0.5013,"**","**"
1992,1115,"**","**",,0.4837,"**","**"
1993,1159,"**","**",,0.4972,"**","**"
1994,1065,734,1661,,0.4514,0.0335,0.0685
1995,999,715,1590,,0.4186,0.0322,0.0647
1996,828,535,1269,,0.3425,0.0238,0.0510
1997,1067,561,1628,,0.4374,0.0246,0.0646
1998,1268,654,1922,,0.5176,0.0284,0.0753
1999,1210,701,1911,,0.4940,0.0300,0.0740
,,,,,,,
"**Not available. ",,,,,,,
"Sources: De Souza (2002b); Grimes (2002); Statistics Canada (2000).",,,,,,,
