"Bureau of Justice Statistics",,,,,,,,,,,,
"filename:  cnscjnet02.csv",,,,,,,,,,,,
"table#: Table 2. Correlations between violent offenses and selected criminal justice measures, 1980-99",,,,,,,,,,,,
"report title: Cross-National Studies in Crime and Justice: Netherlands",,,,,,,,,,,,
"author: Catrien C.J.H. Bijleveld, Paul R. Smit",,,,,,,,,,,,
"Refer questions to:  askbjs@usdoj.gov  202-307-0765",,,,,,,,,,,,
"date of version: 09/24/04",,,,,,,,,,,,
,,,,,,,,,,,,
"Table 2. Correlations between violent offenses and selected criminal justice measures, 1980-99",,,,,,,,,,,,
,,,,,,,,,,,,
,"Assault",,,"Robbery",,,"Rape",,,"Homicide",,
"Measure","Correlation","Growth",,"Correlation","Growth",,"Correlation","Growth",,"Correlation","Growth",
"Survey crime rate",0.87,3.0,"%",0.23,0.8,"%","--","--",,"--","--",
"Recorded crime rate",0.94,5.1,,0.93,6.0,,0.93,2.7,"%",0.61,1.7,"%"
"Percent reported","--","--",,0.78,1.8,,"--","--",,"--","--",
"Percent recorded",0.86,3.1,,0.22,1.7,,"--","--",,"--","--",
"Conviction rate/population",0.95,4.8,,0.96,8.2,,0.65,1.7,,0.20,1.5,
"Conviction rate/offender",0.09,0.1,,0.36,3.7,,-0.52,-1.1,,0.24,2.3,
"Custody rate/population",0.81,6.9,,0.93,8.0,,0.06,0.1,,0.91,2.9,
"Probability of custody if convicted",0.47,2.1,,-0.10,-0.2,,-0.66,-1.6,,0.57,0.8,
"Custody rate/offender",0.86,7.9,,0.43,4.4,,-0.85,-2.7,,0.84,7.9,
"Sentence length",0.58,1.3,,0.78,2.5,,0.96,5.9,,-0.93,-2.6,
"Time served",0.59,1.2,,0.79,2.0,,0.96,4.0,,-0.93,-2.6,
"Days served/conviction",0.83,4.8,,0.58,1.5,,0.72,2.0,,-0.77,-1.9,
"Days served/offender",0.87,8.5,,0.40,5.3,,0.54,1.2,,0.75,5.0,
,,,,,,,,,,,,
"Note: Italicized numbers for assault and robbery indicate that they come from 1988-99, rather than 1980-99. ",,,,,,,,,,,,
"--Not available.",,,,,,,,,,,,
