"Bureau of Justice Statistics",,,
"filename: cnscjcana05.csv",,,
"table#: Appendix table 5. Motor vehicle theft (police-reported) in Canada, 1981-99",,,
"report title: Cross-National Studies in Crime and Justice: Canada",,,
"author: Brandon C. Welsh, Mark H. Irving",,,
"Refer questions to:  askbjs@usdoj.gov  202-307-0765",,,
"date of version: 09/24/04",,,
,,,
"Appendix table 5. Motor vehicle theft (police-reported) in Canada, 1981-99   ",,,
,,"Rate per 1,000 ",
" Year"," Incidents"," Population","Registered  vehicles"
1981,96229,3.9,6.9
1982,86997,3.5,6.1
1983,75988,3.0,5.2
1984,76613,3.0,5.3
1985,82250,3.2,5.6
1986,85585,3.3,5.6
1987,87061,3.3,5.5
1988,89454,3.3,5.5
1989,100208,3.7,6.0
1990,114082,4.1,6.7
1991,139345,5.0,8.5
1992,146801,5.2,8.9
1993,156685,5.5,9.4
1994,159469,5.5,9.4
1995,161696,5.5,9.5
1996,180123,6.1,10.5
1997,177286,5.9,10.1
1998,165799,5.5,9.2
1999,161405,5.3,9.8
,,,
" Sources: Canadian Centre for Justice  Statistics (1999b); Statistics Canada (2000); Tremblay (2000).",,,
