"Bureau of Justice Statistics",,,,,,,,,,
"filename: cnscjneta06.csv",,,,,,,,,,
"table#: Appendix table 6.  Motor vehicle theft in the Netherlands, 1980-99 ",,,,,,,,,,
"report title: Cross-National Studies in Crime and Justice: Netherlands",,,,,,,,,,
"author: Catrien C.J.H. Bijleveld, Paul R. Smit",,,,,,,,,,
"Refer questions to:  askbjs@usdoj.gov  202-307-0765",,,,,,,,,,
"date of version: 09/24/04",,,,,,,,,,
,,,,,,,,,,
"Appendix table 6.  Motor vehicle theft in the Netherlands, 1980-99 ",,,,,,,,,,
,,,,,,,,,,
"Diefstal motorvoertuigen",,,,,,,,,,
,1980,1981,1982,1983,1984,1985,1986,1987,1988,1989
"Victim survey offenses",58898,62568,66151,61781,57325,75426,93928,74188,53982,70157
"Number of households (in 1,000's)",5006,5103,5239,5367,5494,5613,5711,5814,5837,5938
"Population age 15 or older (in 1,000's)",10907,11074,11212,11336,11465,11604,11741,11870,11996,12096
"Survey crime rate per 1,000 persons age 15 or older",5.4,5.7,5.9,5.5,5,6.5,8,6.3,4.5,5.8
"Calculated survey crime rate per 1,000 households",11.8,12.3,12.6,11.5,10.4,13.4,16.4,12.8,9.2,11.8
"Number of offenders per offense",1.14,1.14,1.14,1.14,1.14,1.14,1.14,1.14,1.14,1.14
"Percent of offenses reported to police",92%,92%,92%,92%,92%,92%,92%,92%,92%,91%
"Number of offenses reported to police",54186,57563,60859,56839,52739,69392,86414,68253,49663,64074
"Number of comparable offenses recorded by police",12929,15334,17354,17837,20193,21242,21495,22660,23506,22339
"Probability of an offense being recorded by police",22.00%,24.50%,26.20%,28.90%,35.20%,28.20%,22.90%,30.50%,43.50%,31.80%
"Percent of reported offenses recorded by police",23.90%,26.60%,28.50%,31.40%,38.30%,30.60%,24.90%,33.20%,47.30%,34.90%
"Number of police recorded offenses",14366,17038,19282,19819,22437,23602,23883,25178,26118,24821
"Population (in 1,000's)",14091,14209,14286,14340,14395,14454,14529,14615,14715,14805
"Police-recorded crime rate per 1,000 persons",1.02,1.2,1.35,1.38,1.56,1.63,1.64,1.72,1.77,1.68
"Number of offenders convicted",6087,6806,7526,8116,9680,9865,9883,9603,9867,9584
"Population ages 12 or older (in 1,000's)",11638,11802,11950,12076,12195,12300,12394,12482,12572,12652
"Number convicted per 1,000 persons age 12 or older",0.52,0.58,0.63,0.67,0.79,0.8,0.8,0.77,0.78,0.76
"Offender population",74590,79238,83775,78241,72598,95521,118953,93953,68364,88848
"Number of offenders per conviction",12.25,11.64,11.13,9.64,7.5,9.68,12.04,9.78,6.93,9.27
"Probability of an offender being convicted",0.08,0.09,0.09,0.1,0.13,0.1,0.08,0.1,0.14,0.11
"Number of convictions per 1,000 offenders",82,86,90,104,133,103,83,102,144,108
"Number of offenders sentenced to incarceration",2653,2967,3280,3538,4219,4300,4308,4186,4301,4178
"Number incarcerated per 1,000 persons age 12 or older",0.23,0.25,0.27,0.29,0.35,0.35,0.35,0.34,0.34,0.33
"Percent of convicted offenders who were incarcerated",44%,44%,44%,44%,44%,44%,44%,44%,44%,44%
"Probability of an offender being incarcerated",0.04,0.04,0.04,0.05,0.06,0.05,0.04,0.04,0.06,0.05
"Number incarcerated per 1,000 offenders",36,37,39,45,58,45,36,45,63,47
"Incarceration sentence length (in months)",8.5,8.5,8.5,8.5,8.5,8.5,8.5,8.5,8.5,8.5
"Time served before being released (in months)",8.1,8.1,8.1,8.1,8.1,8.1,8.1,8.1,8.1,8.1
"Percent of incarceration sentence served",95%,95%,95%,95%,95%,95%,95%,95%,95%,95%
"Number of days served per offender",9,9,10,11,14,11,9,11,15,11
"Number of days served per conviction",106,106,106,106,106,106,106,106,106,106
"Number of months served per offender",0.3,0.3,0.3,0.4,0.5,0.4,0.3,0.4,0.5,0.4
"Victim survey offenses",86464,86518,86548,60165,54279,65028,50584,52942,44699,53500
"Number of households (in 1,000's)",6061,6164,6266,6368,6445,6469,6518,6581,6656,6745
"Population age 15 or older (in 1,000's)",12178,12272,12364,12448,12526,12586,12646,12706,12771,12840
"Survey crime rate per 1,000 persons age 15 or older",7.1,7.1,7,4.8,4.3,5.2,4,4.2,3.5,4.2
"Calculated survey crime rate per 1,000 households",14.3,14,13.8,9.4,8.4,10.1,7.8,8,6.7,7.9
"Number of offenders per offense",1.14,1.14,1.14,1.14,1.14,1.14,1.14,1.14,1.14,1.14
"Percent of offenses reported to police",91%,90%,90%,90%,90%,90%,91%,92%,93%,94%
"Number of offenses reported to police",78397,77866,77893,54149,48851,58525,46031,48706,41570,50290
"Number of comparable offenses recorded by police",24542,29813,35522,39640,41441,30951,28126,28745,28423,29243
"Probability of an offense being recorded by police",28.40%,34.50%,41.00%,65.90%,76.30%,47.60%,55.60%,54.30%,63.60%,54.70%
"Percent of reported offenses recorded by police",31.30%,38.30%,45.60%,73.20%,84.80%,52.90%,61.10%,59.00%,68.40%,58.10%
"Number of police recorded offenses",27269,33126,39469,44044,46045,32802,29849,30520,30076,30607
"Population (in 1,000's)",14893,15010,15129,15239,15342,15424,15494,15560,15638,15760
"Police-recorded crime rate per 1,000 persons",1.83,2.21,2.61,2.89,3,2.13,1.93,1.96,1.92,1.94
"Number of offenders convicted",8977,9061,8703,8913,9124,8828,7473,6545,5917,5274
"Population ages 12 or older (in 1,000's)",12720,12813,12904,12996,13077,13134,13185,13242,13317,13400
"Number convicted per 1,000 persons age 12 or older",0.71,0.71,0.67,0.69,0.7,0.67,0.57,0.49,0.44,0.39
"Offender population",109500,109568,109607,76195,68741,78550,61187,64068,53909,63823
"Number of offenders per conviction",12.2,12.09,12.59,8.55,7.53,8.9,8.19,9.79,9.11,12.1
"Probability of an offender being convicted",0.08,0.08,0.08,0.12,0.13,0.11,0.12,0.1,0.11,0.08
"Number of convictions per 1,000 offenders",82,83,79,117,133,112,122,102,110,83
"Number of offenders sentenced to incarceration",3913,3950,3794,3885,3977,3848,3257,2853,2579,2299
"Number incarcerated per 1,000 persons age 12 or older",0.31,0.31,0.29,0.3,0.3,0.29,0.25,0.22,0.19,0.17
"Percent of convicted offenders who were incarcerated",44%,44%,44%,44%,44%,44%,44%,44%,44%,44%
"Probability of an offender being incarcerated",0.04,0.04,0.03,0.05,0.06,0.05,0.05,0.04,0.05,0.04
"Number incarcerated per 1,000 offenders",36,36,35,51,58,49,53,45,48,36
"Incarceration sentence length (in months)",8.5,8.5,8.5,8.5,8.5,8.5,8.5,8.5,8.5,8.5
"Time served before being released (in months)",8.1,8.1,8.1,8.1,8.1,8.1,8.1,8.1,8.1,8.1
"Percent of incarceration sentence served",95%,95%,95%,95%,95%,95%,95%,95%,95%,95%
"Number of days served per offender",9,9,8,12,14,12,13,11,12,9
"Number of days served per conviction",106,106,106,106,106,106,106,106,106,106
"Number of months served per offender",0.3,0.3,0.3,0.4,0.5,0.4,0.4,0.4,0.4,0.3
