"Bureau of Justice Statistics",,,,,
"filename: cnscjswi02.csv",,,,,
"table#: Table 2. Vehicle theft",,,,,
"report title: Cross-National Studies in Crime and Justice: Switzerland",,,,,
"author: Martin Killias, Philippe Lamon, Marcelo F. Aebi",,,,,
"Refer questions to:  askbjs@usdoj.gov  202-307-0765",,,,,
"date of version: 09/24/04",,,,,
,,,,,
"Table 2. Vehicle theft",,,,,
,,,,,
,1985,1988,1995,1997,1999
,,,,,
"Survey offenses",527667,189020,181124,78055,50527
"Households",2659550,2779700,3060050,3140150,3220250
"Survey/ 1,000 households",198.4,68,59.19,24.86,15.69
"Offenders/offense",1.3,1.3,1.3,1.3,1.3
"Probability reported/offense",0.915,0.898,0.878,0.905,0.882
,,,,,
"Reported offenses",482816,169740,159027,70640,44565
"Comparable recorded",104228,102953,86615,84434,78599
"Probability recorded/offense",0.198,0.545,0.478,1.082,1.556
"Probability recorded/reported",0.216,0.607,0.545,1.195,1.764
,,,,,
"Recorded offenses",104228,102953,86615,84434,78599
"Population",6455896,6566799,7019019,7081346,7131888
"Recorded/1,000 population",16.145,15.678,12.34,11.923,11.021
,,,,,
"Persons convicted",2808,3011,2507,2613,2306
"Population age 10+",5745747,5844451,6246927,6302398,6347380
"Convicted/1,000 population",0.489,0.515,0.401,0.415,0.363
"Offender population (N)",675414,241945,231839,99911,64675
"Offender population (M)",675414,241945,231839,99911,64675
"Offenders/conviction",240.53,80.36,92.47,38.24,28.05
"Probability conviction/offender",0.00,0.01,0.01,0.03,0.04
"Convictions/1,000 offenders",4.16,12.44,10.81,26.15,35.66
,,,,,
"Number sent to custody",685,715,516,534,522
"Custody/1,000 population",0.119,0.122,0.083,0.085,0.082
"Probabilty custody/conviction",0.244,0.237,0.206,0.204,0.226
"Probability custody/offender",0.001,0.003,0.0022,0.0053,0.0081
"Custody/1,000 offenders",1.01,2.96,2.23,5.34,8.07
,,,,,
"Sentence length",11.2,9.5,9.5,8.3,9.4
"Time served",8.5,8.1,11.3,8.9,10.5
"Proportion served",0.759,0.851,1.194,1.071,1.123
"Days/conviction",62.94,58.18,70.8,55.18,72.44
"Days/offender",0.26,0.72,0.77,1.44,2.58
