"Bureau of Justice Statistics",,,,,,,
"filename: cnscjnet05.csv",,,,,,,
"table#: Table 5.  Correlations between recorded rates for specific crime and selected measures, 1980-99",,,,,,,
"report title: Cross-National Studies in Crime and Justice: Netherlands",,,,,,,
"author: Catrien C.J.H. Bijleveld, Paul R. Smit",,,,,,,
"Refer questions to:  askbjs@usdoj.gov  202-307-0765",,,,,,,
"date of version: 09/24/04",,,,,,,
,,,,,,,
"Table 5.  Correlations between recorded rates for specific crime and selected measures, 1980-99",,,,,,,
,,,,,,,
,"Correlations for data, 1980-99",,,,,,
,"Burglary","Motor vehicle theft","Robbery","Assault","Rape","Homicide",
"Percent population age 15-24",-0.47,-0.40,-0.61,-0.60,-0.51,-0.52,
"Percent male population age 15-20",-0.71,-0.72,-0.90,-0.91,-0.86,-0.64,
"Percent males unemployed",0.36,0.19,-0.35,-0.73,-0.66,0.53,
"Consumer expenditure/population (prices 1980)",0.75,0.72,0.42,0.40,0.37,0.34," "
"GDP/population (1980 prices)",0.62,0.54,0.84,0.98,0.87,0.55,
"GDP change",0.58,0.26,0.61,0.67,0.65,0.41,
"Alcohol consumption/population",-0.90,-0.71,-0.77,-0.49,-0.73,-0.52,
"Number vehicles/population",0.70,0.63,0.90,0.96,0.91,0.60,
"Police strength/population",0.28,0.05,0.34,0.69,0.51,-0.03,
,,,,,,,
"Percent reported",0.14,0.06,0.89,0.98,0.50,-0.37,
"Percent recorded",-0.70,0.28,0.85,0.69,-0.66,-0.71,
"Conviction rate/population",0.14,0.06,0.81,0.91,0.03,-0.75,
"Conviction rate/offender",-0.08,0.00,-0.28,0.58,-0.53,0.06,
"Custody rate/population",-0.70,0.28,0.78,0.87,-0.85,-0.97,
"Probability of custody if convicted","--","--",0.87,0.42,0.90,0.75,
"Custody rate/offender","--","--",0.88,0.43,0.90,0.75,
"Sentence length",-0.06,-0.05,0.45,0.82,0.73,0.91,
"Time served",-0.70,0.28,0.75,0.85,0.42,-0.99,
"Days served/conviction",-0.71,0.32,0.90,0.69,-0.43,-0.24,
"Days served/offender",-0.70,-0.02,0.78,0.68,-0.53,0.17,
,,,,,,,
"Conviction rate/offense (lagged)",-0.71,0.32,0.90,0.69,-0.43,-0.24,
"Custody rate/offense (lagged)",-0.71,0.32,0.85,0.89,-0.76,0.26,
"Days served/offense (lagged)",-0.71,0.32,0.86,0.87,0.54,0.31,
,,,,,,,
"--Not available.",,,,,,,
