"Bureau of Justice Statistics",,,,,,,
"filename: cnscjcana20.csv",,,,,,,
"table#: Appendix table 20. Conviction rates per 1,000 age 12 or older for robbery in Canada, 1991-99",,,,,,,
"report title: Cross-National Studies in Crime and Justice: Canada",,,,,,,
"author: Brandon C. Welsh, Mark H. Irving",,,,,,,
"Refer questions to:  askbjs@usdoj.gov  202-307-0765",,,,,,,
"date of version: 09/24/04",,,,,,,
,,,,,,,
"Appendix table 20. Conviction rates per 1,000 age 12 or older for robbery in Canada, 1991-99",,,,,,,
,,,,,,,
,"Convicted cases",,,,"Conviction rate per 1,000 (age 12 or older)  ",,
"Year","Youth","Adults","Total",,"Youth ","Adults","Population "
,,,,,,,
1991,1319,"**","**",,0.5800,"**","**"
1992,1509,"**","**",,0.6550,"**","**"
1993,1365,"**","**",,0.5860,"**","**"
1994,1331,1664,2948,,0.5640,0.0760,0.1215
1995,1390,2153,3505,,0.5820,0.0970,0.1426
1996,1601,2383,3907,,0.6620,0.1061,0.1570
1997,1979,2311,0,,0.8112,0.1015,0.1701
1998,2054,2634,4688,,0.8385,0.1142,0.1838
1999,1892,2479,4371,,0.7720,0.1060,0.1690
,,,,,,,
"**Not available.",,,,,,,
"Sources: De Souza (2002b); Grimes (2002); Statistics Canada (2000).",,,,,,,
