"Bureau of Justice Statistics",,,,,,,
"filename: cnscjcana23.csv",,,,,,,
"table#: Appendix table 23. Custodial sentences for homicide in Canada, 1991-99",,,,,,,
"report title: Cross-National Studies in Crime and Justice: Canada",,,,,,,
"author: Brandon C. Welsh, Mark H. Irving",,,,,,,
"Refer questions to:  askbjs@usdoj.gov  202-307-0765",,,,,,,
"date of version: 09/24/04",,,,,,,
,,,,,,,
"Appendix table 23. Custodial sentences for homicide in Canada, 1991-99",,,,,,,
,,,,,,,
,"Sentenced to custody",,,,"Custody rate per 1,000  (age 12 or older)",,
"Year","Youths ","Adults ","Total ",,"Youths ","Adult","Total"
,,,,,,,
1991,25,"**","**",,0.0110,"**","**"
1992,18,"**","**",,0.0078,"**","**"
1993,18,"**","**",,0.0077,"**","**"
1994,23,57,80,,0.0097,0.0026,0.0033
1995,10,64,74,,0.0042,0.0029,0.0030
1996,21,67,88,,0.0087,0.0030,0.0035
1997,14,64,78,,0.0057,0.0028,0.0031
1998,15,120,135,,0.0061,0.0052,0.0053
1999,21,89,110,,0.0086,0.0038,0.0043
,,,,,,,
"**Not available.",,,,,,,
"Sources: De Souza (2002b); Grimes (2002); Statistics Canada (2000). ",,,,,,,
