"Bureau of Justice Statistics",,,,,,,,
"filename: cnscjint02.csv",,,,,,,,
"table#: Table 2. Correlation with survey crime rate",,,,,,,,
"report title: Cross-National Studies in Crime and Justice: Introduction",,,,,,,,
"authors: David P. Farrington, Patrick A. Langan, Michael Tonry, Darrick Jolliffe",,,,,,,,
"Refer questions to:  askbjs@usdoj.gov  202-307-0765",,,,,,,,
"date of version: 09/24/04",,,,,,,,
,,,,,,,,
"Table 2. Correlation with survey crime rate",,,,,,,,
,,,,,,,,
,"England and Wales","United States","Australia","Canada","Netherlands","Scotland","Sweden","Switzerland"
,,,,,,,,
" Burglary"," "," "," "," "," "," "," "," "
"Recorded rate",0.91,0.98,-0.1,0.76,0.49,0.74,0.26,0.96
"Convictions/1,000 offenders",-0.89,-0.86,-0.45,,-0.1,-0.35,-0.37,-0.85
"Probability custody/conviction",0.12,-0.48,0.2,,,-0.43,0.1,0.03
"Average time served",0.1,-0.01,0.4,,,0,-0.01,0.13
" "," "," "," "," "," "," "," "," "
"Robbery"," "," "," "," "," "," "," "," "
"Recorded rate",0.94,0.81,0.27,-0.81,-0.34,-0.01,,0.2
"Convictions/1,000 offenders",-0.1,-0.66,-0.17,,-0.71,-0.83,,-0.93
"Probability custody/conviction",-0.56,0.17,-0.23,,0.22,0.55,,-0.39
"Average time served",0.79,-0.18,0.15,,-0.63,-0.12,,0.34
