"Bureau of Justice Statistics",,,,,,,,,
"filename: cnscjaus01.csv",,,,,,,,,
"table#:  Table 1. Burglary",,,,,,,,,
"report title: Cross-National Studies in Crime and Justice: Australia",,,,,,,,,
"author: Carlos Carcach",,,,,,,,,
"Refer questions to:  askbjs@usdoj.gov  202-307-0765",,,,,,,,,
"date of version: 09/24/04",,,,,,,,,
,,,,,,,,,
"Table 1. Burglary",,,,,,,,,
,,,,,,,,,
,1983,1985,1987,1989,1991,1993,1995,1998,2000
,,,,,,,,,
"Number survey offenses (1,000's)",610.6,583.1,604.0,585.2,619.5,634.1,766.4,806.0,794.2
"Number of households (1,000's)",5170.5,5377.2,5584.0,5790.6,5897.1,6295.5,6533.8,7031.2,7272.5
"Offenses per 1,000 households",118.1,108.4,108.2,101.1,105.1,100.7,117.3,114.6,109.2
"Average offenders/offense",1.00,1.00,1.00,1.00,1.00,1.13,1.13,1.22,1.22
"Comparable recorded (1)",158.4,158.7,172.4,175.2,194.5,208.9,211.6,247.3,247.9
"Total population 15 years and older (1,000's)",11642.5,12062.8,12576.5,13089.5,13498.5,13829.6,14183.6,14810.6,15235.0
"Comparable recorded per 1,000 population",13.6,13.2,13.7,13.4,14.4,15.1,14.9,16.7,16.3
"Probability (reported/police)",0.69,0.69,0.69,0.69,0.69,0.59,0.59,0.60,0.60
"Probability (recorded/reported)",0.37,0.39,0.41,0.43,0.45,0.55,0.46,0.52,0.52
"Probability(recorded/offense)",0.26,0.27,0.29,0.30,0.31,0.33,0.28,0.31,0.31
,,,,,,,,,
"Total offenses recorded (1,000's)",246.5,274.7,287.7,323.1,357.3,381.8,385.2,434.4,436.9
"Total population (1,000's)",15393.5,15788.3,16263.9,16814.4,17284.0,17667.1,18071.8,18730.4,19157.1
"Recorded offenses per 1,000 population",16.0,17.4,17.7,19.2,20.7,21.6,21.3,23.2,22.8
"offender population",950.2,1009.3,1007.9,1079.2,1138.0,1311.5,1578.6,1728.9,1709.5
"Probability (cleared/recorded)",0.10,0.10,0.10,0.10,0.08,0.08,0.09,0.08,0.08
"Probability (cleared/offense)",0.03,0.03,0.03,0.03,0.03,0.03,0.02,0.03,0.03
,,,,,,,,,
"Persons convicted (adults and juveniles)",20191.7,21381.2,22627.7,26459.4,24016.4,25278.5,26783.4,24688.3,24829.8
"Population 10 years and older (1,000's)",13013.9,13413.6,13849.1,14329.7,14740.1,15095.3,15479.6,16123.2,16561.7
"Persons convicted per 1,000 population 10 years and older",1.6,1.6,1.6,1.8,1.6,1.7,1.7,1.5,1.5
"Probability (convicted/offender)",0.02,0.02,0.02,0.02,0.02,0.02,0.02,0.01,0.01
"Adults convicted",9600.7,10166.3,10758.9,12580.8,11419.2,13286.2,14077.2,13898.2,13977.9
"Population 18 years and older (1,000's)",10882.8,11266.0,11722.5,12253.9,12711.3,13073.0,13428.9,14017.6,14428.8
"Adult persons convicted per  1,000 population 18 years and older",0.9,0.9,0.9,1.0,0.9,1.0,1.0,1.0,1.0
"Probability (convicted/cleared)",0.81,0.81,0.81,0.81,0.81,0.80,0.80,0.69,0.69
"Ratio (offender:conviction)",47.1,47.2,44.5,40.8,47.4,51.9,58.9,70.0,68.8
,,,,,,,,,
"Persons to prison (adults and juveniles)",5437.4,5757.7,6093.3,7125.2,6467.3,6112.1,6475.9,8130.9,8177.5
"Imprisonment per 1,000 population 10 Years and older",0.4,0.4,0.4,0.5,0.4,0.4,0.4,0.5,0.5
"Number adults to prison",1826.5,1934.0,2046.8,2393.4,2172.4,2579.8,2733.4,3837.4,3859.4
"Imprisonment per 1,000 population 18 Years and older",0.2,0.2,0.2,0.2,0.2,0.2,0.2,0.3,0.3
"Probability (prison/conviction) (adults)",0.19,0.19,0.19,0.19,0.19,0.19,0.19,0.28,0.28
"Probability (prison/conviction) (juveniles)",0.34,0.34,0.34,0.34,0.34,0.29,0.29,0.40,0.40
"Imprisonment sentences per 1,000 adult offenders",4.0,4.0,4.3,4.7,4.0,3.7,3.3,3.9,4.0
"Imprisonment sentences per 1,000 juvenile offenders",7.2,7.2,7.7,8.4,7.2,5.7,5.0,5.7,5.8
"Ratio (offender:prison) (adult)",247.4,248.1,234.1,214.4,249.1,267.2,303.5,253.6,249.4
"Ratio (offender:prison) (juvenile)",138.0,138.5,130.6,119.6,139.0,176.1,200.1,176.0,173.0
,,,,,,,,,
"Average sentence length (months)",24.3,28.6,21.6,30.7,30.9,18.2,31.0,34.3,36.0
"Average time served (months)",13.3,13.2,12.6,12.8,14.9,11.9,16.3,20.2,21.4
"Percent sentence served",54.7,46.3,58.2,41.8,48.2,65.2,52.6,58.9,59.4
"Average days served/conviction ",36.1,36.1,34.8,35.3,39.2,37.4,48.4,89.7,94.4
"Average days served/offender",0.48,0.48,0.49,0.54,0.50,0.45,0.48,0.74,0.79
