"Bureau of Justice Statistics",,,,
"filename: cnscjcana14.csv",,,,
"table#: Appendix table 14. Probability of police recording of serious assault in Canada",,,,
"report title: Cross-National Studies in Crime and Justice: Canada",,,,
"author: Brandon C. Welsh, Mark H. Irving",,,,
"Refer questions to:  askbjs@usdoj.gov  202-307-0765",,,,
"date of version: 09/24/04",,,,
,,,,
"Appendix table 14. Probability of police recording of serious assault in Canada",,,,
,,,,
,"Total sexual assaults",,,
"Year","Reported to police by victims/a",,"Recorded  by police/c","Probability of police recording a reported sexual assault"
,,,,
1981,"97,138","/b",37764,0.39
1987,483350,,156179,0.32
1992,462720,,216755,0.47
1998,460000,,223260,0.49
,,,,
"a\Ages 15 years and older. ",,,,
"b\Ages 16 years and older.",,,,
"c\Is not limited to serious assault, as reported in ""Crime Rates from Police Records,"" but includes all categories of sexual assault (levels 1, 2, and 3). ",,,,
"This coverage of police-reported assaults is very similar to the types of assaults included in the victim surveys.",,,,
"Sources: Solicitor General (1983, p. 3, table 2; 1984, p. 13); Gartner and Doob (1994, p. 13, table 7); Canadian Centre for Justice Statistics (1999b); Besserer and Trainor (2000, p. 23,  table 7).",,,,
