"Bureau of Justice Statistics",,,,,,,
"filename: cnscjcana28.csv",,,,,,,
"table#: Appendix table 28.   Custodial sentences for residential burglary in Canada, 1991-99",,,,,,,
"report title: Cross-National Studies in Crime and Justice: Canada",,,,,,,
"author: Brandon C. Welsh, Mark H. Irving",,,,,,,
"Refer questions to:  askbjs@usdoj.gov  202-307-0765",,,,,,,
"date of version: 09/24/04",,,,,,,
,,,,,,,
"Appendix table 28.   Custodial sentences for residential burglary in Canada, 1991-99",,,,,,,
,,,,,,,
,"Sentenced to custody",,,,"Custody rate per 1,000 (age 12 or older) ",,
"Year","Youths ","Adults","Total ",,"Youths ","Adults","Total"
,,,,,,,
1991,4884,"**","**",,2.1478,"**","**"
1992,4931,"**","**",,2.1391,"**","**"
1993,4549,"**","**",,1.9516,"**","**"
1994,4275,5956,10231,,1.8122,0.2719,0.4216
1995,3721,6526,10247,,1.5593,0.2941,0.4170
1996,3890,6610,10500,,1.6090,0.2942,0.4220
1997,3822,6172,9994,,1.5667,0.2710,0.3963
1998,3415,6017,9432,,1.3941,0.2609,0.3697
1999,2853,5155,8008,,1.1647,0.2207,0.3104
,,,,,,,
"**Not available.",,,,,,,
"Sources: De Souza (2002b); Grimes (2002); Statistics Canada (2000). ",,,,,,,
