Bureau of Justice Statistics,,,,,,,,,,,,,,,
Filename: fl04t06.csv,,,,,,,,,,,,,,,
"Table 6. Female and minority representation among personnel with arrest and firearm authority in offices of inspector general with at least 100 but fewer than 500 full-time investigators, September 2004         ",,,,,,,,,,,,,,,
"Report title: Federal Law Enforcement Officers, 2004",,,,,,,,,,,,,,,
Data source: 2004 Census of Federal Law Enforcement Officers,,,,,,,,,,,,,,,
Refer questions to: askbjs@usdoj.gov  202-307-0765,,,,,,,,,,,,,,,
Author:  Brian A. Reaves,,,,,,,,,,,,,,,
Date of version:  07/19/06,,,,,,,,,,,,,,,

"Table 6. Female and minority representation among personnel with arrest and firearm authority in offices of inspector general with at least 100 but fewer than 500 full-time investigators, September 2004         ",,,,,,,,,,,,,,,
,,Percent of full-time Federal officers with arrest and firearm authority,,,,,,,,,,,,,
,,,,Racial/ethnic minority,,,,,,,,,,,
Agency   ,Number of officers,Female,,Total minority,,American Indian,,Asian or Pacific Islander,,Black or African American,,"Hispanic or Latino, any race",,Other race ,
Health and Human Services,378,31.5,%,19.8,%,0.8,%,4.2,,8.7,%,6.1,%,0.0,%
"Treasury, Tax Administration",332,25.3,,24.7,,1.2,,2.1,,13.6,,7.8,,0.0,
Defense,326,18.4,,20.2,,0.6,,4.0,,8.6,,7.1,,0.0,
Social Security Administration,281,23.5,,22.4,,0.0,,2.1,,11.4,,8.9,,0.0
Housing and Urban Development,218,29.4,,30.3,,0.5,,4.1,,11.9,,13.8,,0.0
Agriculture,170,30.6,,24.7,,0.6,,3.5,,10.6,,10.0,,0.0
Labor,142,26.8,,22.5,,0.0,,0.0,,10.6,,9.2,,2.8
Homeland Security,138,14.5,,29.7,,1.4,,1.4,,6.5,,19.6,,0.7
Justice,128,19.5,,27.3,,0.0,,4.6,,9.4,,13.3,,0.0
Veterans Affairs,116,16.4,,12.9,,0.0,,0.0,,5.2,,7.8,,0.0
Transportation,108,23.1,,25.9,,0.0,,1.9,,13.0,,11.1,,0.0
Education,100,24.0,,24.0,,1.0,,3.0,,10.0,,9.0,,1.0
Note: Table includes employees in U.S. Territories. ,,,,,,,,,,,,,,
