Bureau of Justice Statistics,
Filename: fl04f01.csv,
"Figure 1. Primary function of full-time Federal officers with arrest and firearm authority, September 2004",
"Report title: Federal Law Enforcement Officers, 2004",
Data source: 2004 Census of Federal Law Enforcement Officers,
Refer questions to: askbjs@usdoj.gov  202-307-0765,
Author:  Brian A. Reaves,
Date of version:  07/19/06,

"Figure 1. Primary function of full-time Federal officers with arrest and firearm authority, September 2004",
Criminal investigation,0.379
Police response and patrol,0.211
Inspections,0.16
Corrections and detention,0.156
Court operations,0.049
Security and protection,0.043
