﻿Bureau of Justice Statistics,,,,,,,,,
Filename: lpdp20t05.csv,,,,,,,,,
"Table 5. Sex of full-time sworn officers in local police departments, by size of population served, 2016 and 2020",,,,,,,,,
"Report title: Local Police Departments Personnel, 2020  NCJ 305187",,,,,,,,,
"Data Source: Bureau of Justice Statistics, Law Enforcement Management and Administrative Statistics survey, 2016 and 2020",,,,,,,,,
"Author: Sean E. Goodison, Ph.D., BJS Statistician",,,,,,,,,
Refer questions to: askbjs@usdoj.gov 202-307-0765,,,,,,,,,
Date of version: 11/17/2020,,,,,,,,,
,,,,,,,,,
"Table 5. Sex of full-time sworn officers in local police departments, by size of population served, 2016 and 2020",,,,,,,,,
,,2016,,,,2020*,,,
Size of population served,,Male,,Female,,Male,,Female,
,All sizes,87.7,%,12.3,%,86.5,%,13.5,%
1 million or more residents,,82.4,,17.6,,81.2,,18.8,
"500,000–999,999",,85.4,,14.6,,84.2,,15.8,
"250,000–499,999",,84.8,,15.2,,83.7,,16.3,
"100,000–249,999",,88,,12, †,86.8,,13.2,
"50,000–99,999",,89.5,,10.5, ‡,88,,12,
"25,000–49,999",,90.4,,9.6, ‡,88.5,,11.5,
"10,000–24,999",,91,,9,,90.3,,9.7,
"9,999 or fewer",,92.7,,7.3, †,91.5,,8.5,
Note: See appendix table 6 for standard errors. ,,,,,,,,,
*Comparison year.,,,,,,,,,
†Difference with comparison year is significant at the 95% confidence level.,,,,,,,,,
‡Difference with comparison year is significant at the 90% confidence level.,,,,,,,,,
"Source: Bureau of Justice Statistics, Law Enforcement Management and Administrative Statistics survey, 2016 and 2020.",,,,,,,,,
