﻿Bureau of Justice Statistics,,,,,,,,,,,,,,,,,,,,,
Filename: lpdp20t06.csv,,,,,,,,,,,,,,,,,,,,,
"Table 6. Race or Hispanic origin of full-time sworn officers in local police departments, by size of population served, 2016 and 2020",,,,,,,,,,,,,,,,,,,,,
"Report title: Local Police Departments Personnel, 2020  NCJ 305187",,,,,,,,,,,,,,,,,,,,,
"Data Source: Bureau of Justice Statistics, Law Enforcement Management and Administrative Statistics survey, 2016 and 2020",,,,,,,,,,,,,,,,,,,,,
"Author: Sean E. Goodison, Ph.D., BJS Statistician",,,,,,,,,,,,,,,,,,,,,
Refer questions to: askbjs@usdoj.gov 202-307-0765,,,,,,,,,,,,,,,,,,,,,
Date of version: 11/17/2020,,,,,,,,,,,,,,,,,,,,,
,,,,,,,,,,,,,,,,,,,,,
"Table 6. Race or Hispanic origin of full-time sworn officers in local police departments, by size of population served, 2016 and 2020",,,,,,,,,,,,,,,,,,,,,
,,2016,,,,,,,,,,2020*,,,,,,,,,
Size of population served,,White/a,,Black/a,,Hispanic,,"Other/a,b",,Unknown,,White/a,,Black/a,,Hispanic,,"Other/a,b",,Unknown,
,All sizes,71.5,%,11.4,%,12.5,%,3.6,%,1.1,%,68.6,%,11.6,%,14.2,%,4.1,%,1.4,%
1 million or more residents,,51.1,,16.3,,26.5,,5.7,,0.4,,47.1,,15.7,,30,,6.7,,0.5,
"500,000–999,999",,59,,22.4,,10.7,,6.7,,1.2,,56.8,,23.6,,11.3,,8,,0.3,
"250,000–499,999",,68,,14.8,,12.6, †,4,,0.6,,63.7,,14.3,,15.6,,4.1,,2.3,
"100,000–249,999",,73.1, ‡,11.6,,9.9, †,3.3,,2,,68.3,,11.8,,13.3,,3.8,,2.8,
"50,000–99,999",,74.8,,7.5,,12.9,,2.6,,2.2, !,74.2,,7.6,,12,,2.4,,3.7,
"25,000–49,999",,86.8,,6.1,,5.2, †,1.3, †,0.6,,81.8,,6.9,,8,,2.1,,1.2, !
"10,000–24,999",,85.4,,6,,6,,1.8,,1.1, !,84.1,,6.1,,6.8,,1.8,,1.2, !
"9,999 or fewer",,87.3,,4.6,,5.4,,1.7,,0.9,,85.7,,6.2,,5.3,,2.2,,0.7,
Note: Details may not sum to 100% due to rounding. See appendix table 8 for standard errors.,,,,,,,,,,,,,,,,,,,,,
*Comparison year.,,,,,,,,,,,,,,,,,,,,,
†Difference with comparison year is significant at the 95% confidence level.,,,,,,,,,,,,,,,,,,,,,
‡Difference with comparison year is significant at the 90% confidence level.,,,,,,,,,,,,,,,,,,,,,
"! Interpret with caution. Estimate is based on 10 or fewer sample cases, or coefficient of variation is greater than 50%. ",,,,,,,,,,,,,,,,,,,,,
"a/Excludes persons of Hispanic origin (e.g., “white” refers to non-Hispanic white persons and “black” refers to non-Hispanic black persons).",,,,,,,,,,,,,,,,,,,,,
"b/Includes Asians, Native Hawaiians or Other Pacific Islanders, American Indians or Alaska Natives, and persons of two or more races.",,,,,,,,,,,,,,,,,,,,,
"Source: Bureau of Justice Statistics, Law Enforcement Management and Administrative Statistics survey, 2016 and 2020.",,,,,,,,,,,,,,,,,,,,,
