﻿Bureau of Justice Statistics,,,,,,,,,,
Filename: lpdp20t12.csv,,,,,,,,,,
"Table 12. Full-time personnel in local police departments who were bilingual or multilingual, by size of population served, 2020",,,,,,,,,,
"Report title: Local Police Departments Personnel, 2020  NCJ 305187",,,,,,,,,,
"Data Source: Bureau of Justice Statistics, Law Enforcement Management and Administrative Statistics survey, 2020",,,,,,,,,,
"Author: Sean E. Goodison, Ph.D., BJS Statistician",,,,,,,,,,
Refer questions to: askbjs@usdoj.gov 202-307-0765,,,,,,,,,,
Date of version: 11/17/2020,,,,,,,,,,
,,,,,,,,,,
"Table 12. Full-time personnel in local police departments who were bilingual or multilingual, by size of population served, 2020",,,,,,,,,,
,,,,,Bilingual/multilingual staff who were—,,,,,
,,Departments with bilingual/multilingual staff,,,Sworn officers,,,Civilian personnel,,
Size of population served,,Number,Percent,,Number,Percent,,Number,Percent,
,All sizes,"5,108",43.3,%,"48,823",10.3,%,"11,418",9.1,%
1 million or more residents,,14,92.3,,"15,850",15.6,,"2,754",9,
"500,000–999,999",,27,77.4,,"3,105",6,,529,3.8,
"250,000–499,999",,45,75.5,,"2,953",7.5,,920,8,
"100,000–249,999",,204,89.6,,"6,016",10.8,,"1,983",11.6,
"50,000–99,999",,425,92,,"5,685",10.8,,"1,735",11.6,
"25,000–49,999",,808,85.3,,"5,785",10.5,,"1,675",11.9,
"10,000–24,999",,"1,240",68,,"4,350",7.9,,"1,106",8.7,
"9,999 or fewer",,"2,345",28.5,,"5,078",8.1,,715,7,
Note: Details may not sum to totals due to rounding. See appendix table 16 for standard errors.,,,,,,,,,,
"Source: Bureau of Justice Statistics, Law Enforcement Management and Administrative Statistics survey, 2020.",,,,,,,,,,
