﻿Bureau of Justice Statistics,,,,
Filename: lpdp20f04.csv,,,,
"Figure 4. Percent of local police departments that reported adopting practices or policies to address the COVID-19 pandemic, by size of population served, 2020",,,,
"Report title: Local Police Departments Personnel, 2020  NCJ 305187",,,,
"Data Source: Bureau of Justice Statistics, Law Enforcement Management and Administrative Statistics survey, 2020",,,,
"Author: Sean E. Goodison, Ph.D., BJS Statistician",,,,
Refer questions to: askbjs@usdoj.gov 202-307-0765,,,,
Date of version: 11/17/2020,,,,
,,,,
"Figure 4. Percent of local police departments that reported adopting practices or policies to address the COVID-19 pandemic, by size of population served, 2020",,,,
Practice/policy adopted,"Departments serving 100,000 or more residents*",,"Departments serving fewer than 100,000 residents ",
Increased cleaning/disinfecting in station/common areas,100,%,96.2,% †
Procedures for officers exposed to COVID-19,100,,93.8, †
Officers wearing PPE during routine patrol,99.4,,88.7, †
Increased cleaning/disinfecting in patrol cars,98.8,,94.7, †
Officers/staff wearing PPE in station/common areas,98.8,,82, †
Officer self-screening for COVID-19 before coming to work,96,,85.6, †
Procedures for intake of persons with COVID-19 symptoms,91.2,,81.6, †
Providing PPE to persons taken into custody,85.3,,77.8, †
Routine COVID-19 testing of officers,31.8,,23.8, †
Note: See appendix table 13 for standard errors. PPE denotes personal protective equipment.,,,,
*Comparison group.,,,,
†Difference with comparison group is significant at the 95% confidence level.,,,,
"Source: Bureau of Justice Statistics, Law Enforcement Management and Administrative Statistics survey, 2020",,,,
