﻿Bureau of Justice Statistics,,,,,,,,,,,,,,,
Filename: lpdp20t07.csv,,,,,,,,,,,,,,,
"Table 7. Race or Hispanic origin of full-time sworn officers in local police departments, 1997–2020",,,,,,,,,,,,,,,
"Report title: Local Police Departments Personnel, 2020  NCJ 305187",,,,,,,,,,,,,,,
"Data Source: Bureau of Justice Statistics, Law Enforcement Management and Administrative Statistics survey, 1997–2020",,,,,,,,,,,,,,,
"Author: Sean E. Goodison, Ph.D., BJS Statistician",,,,,,,,,,,,,,,
Refer questions to: askbjs@usdoj.gov 202-307-0765,,,,,,,,,,,,,,,
Date of version: 11/17/2020,,,,,,,,,,,,,,,
,,,,,,,,,,,,,,,
"Table 7. Race or Hispanic origin of full-time sworn officers in local police departments, 1997–2020",,,,,,,,,,,,,,,
,White/a,,,Black/a,,,Hispanic,,,"Other/a,b",,,Unknown,,
Year,Number,Percent,,Number,Percent,,Number,Percent,,Number,Percent,,Number,Percent,
1997,"329,568",78.5,% †,"48,928",11.6,%,"32,666",7.8,% †,"8,835",2.1,% †, ~ , ~ ,
2000,"341,179",77.4, †,"51,363",11.7,,"36,442",8.3, †,"11,786",2.7, †, ~ , ~ ,
2003,"345,147",76.4, †,"52,792",11.7,,"41,068",9.1, †,"12,729",2.8, †, ~ , ~ ,
2007,"343,765",74.6, †,"54,935",11.9,,"47,393",10.3, †,"14,080",3.1, †,624,0.1,%
2013,"340,809",71.4,,"57,012",11.9,,"54,591",11.4, ‡,"16,552",3.5,,"8,353",1.8,
2016,"331,096",71.5,,"52,617",11.4,,"57,959",12.5,,"16,528",3.6,,"4,891",1.1,
2020*,"320,926",68.6,,"54,344",11.6,,"66,468",14.2,,"19,236",4.1,,"6,728",1.4,
"Note: Prior to 2007, respondents to the Law Enforcement Management and Administrative Statistics survey did not have the option to indicate “unknown” race for full-time sworn officers. Details may not sum to 100% due to rounding. See appendix table 9 for standard errors.",,,,,,,,,,,,,,,
*Comparison year.,,,,,,,,,,,,,,,
†Difference with comparison year is significant at the 95% confidence level.,,,,,,,,,,,,,,,
‡Difference with comparison year is significant at the 90% confidence level.,,,,,,,,,,,,,,,
~Not applicable.,,,,,,,,,,,,,,,
"a/Excludes persons of Hispanic origin (e.g., “white” refers to non-Hispanic white persons and “black” refers to non-Hispanic black persons).",,,,,,,,,,,,,,,
"b/Includes Asians, Native Hawaiians or Other Pacific Islanders, American Indians or Alaska Natives, and persons of two or more races.",,,,,,,,,,,,,,,
"Source: Bureau of Justice Statistics, Law Enforcement Management and Administrative Statistics survey, 1997–2020.",,,,,,,,,,,,,,,
