﻿Bureau of Justice Statistics,,,,,,,,,,
Filename: lpdp20t04.csv,,,,,,,,,,
"Table 4. Local police departments and full-time personnel, by size of population served, 2020",,,,,,,,,,
"Report title: Local Police Departments Personnel, 2020  NCJ 305187",,,,,,,,,,
"Data Source: Bureau of Justice Statistics, Law Enforcement Management and Administrative Statistics survey, 2020",,,,,,,,,,
"Author: Sean E. Goodison, Ph.D., BJS Statistician",,,,,,,,,,
Refer questions to: askbjs@usdoj.gov 202-307-0765,,,,,,,,,,
Date of version: 11/17/2020,,,,,,,,,,
,,,,,,,,,,
"Table 4. Local police departments and full-time personnel, by size of population served, 2020",,,,,,,,,,
,,Departments,,,Full-time sworn officers,,,Full-time civilian personnel/a,,
Size of population served,,Number,Percent,,Number,Percent,,Number,Percent,
,All sizes,"11,788",100,%,"473,102",100,%,"125,518",100,%
1 million or more residents,,15,0.1,,"101,372",21.4,,"30,710",24.5,
"500,000–999,999",,35,0.3,,"51,572",10.9,,"14,038",11.2,
"250,000–499,999",,60,0.5,,"39,193",8.3,,"11,534",9.2,
"100,000–249,999",,228,1.9,,"55,868",11.8,,"17,121",13.6,
"50,000–99,999",,461,3.9,,"52,697",11.1,,"14,967",11.9,
"25,000–49,999",,948,8,,"55,292",11.7,,"14,098",11.2,
"10,000–24,999",,"1,824",15.5,,"54,729",11.6,,"12,783",10.2,
"2,500–9,999",,"3,982",33.8,,"46,994",9.9,,"8,347",6.7,
"2,499 or fewer",,"4,236",35.9,,"15,386",3.3,,"1,920",1.5,
Note: Details may not sum to totals due to rounding. See appendix table 4 for standard errors. ,,,,,,,,,,
a/Includes officers or deputies with limited or no arrest powers and nonsworn personnel. ,,,,,,,,,,
"Source: Bureau of Justice Statistics, Law Enforcement Management and Administrative Statistics survey, 2020.",,,,,,,,,,
