﻿Bureau of Justice Statistics,,,,,,,,,,
Filename: lpdp20at03.csv,,,,,,,,,,
"Appendix Table 3. Standard errors for table 3: Local police departments and full-time personnel, by size of agency, 2020",,,,,,,,,,
"Report title: Local Police Departments Personnel, 2020  NCJ 305187",,,,,,,,,,
"Data Source: Bureau of Justice Statistics, Law Enforcement Management and Administrative Statistics survey, 2020",,,,,,,,,,
"Author: Sean E. Goodison, Ph.D., BJS Statistician",,,,,,,,,,
Refer questions to: askbjs@usdoj.gov 202-307-0765,,,,,,,,,,
Date of version: 11/17/2020,,,,,,,,,,
,,,,,,,,,,
"Appendix Table 3. Standard errors for table 3: Local police departments and full-time personnel, by size of agency, 2020",,,,,,,,,,
,,Departments,,,Full-time sworn officers,,,Full-time civilian personnel,,
Size of agency,,Number,Percent,,Number,Percent,,Number,Percent,
,All sizes,~,~,,"15,841",~,,"6,280",~,
"1,000 or more FTE sworn officers",,2,0.02,%,"15,942",3.37,%,"6,221",4.96,%
500–999,,3,0.02,,"1,874",0.4,,587,0.47,
250–499,,3,0.03,,"1,224",0.26,,392,0.31,
100–249,,16,0.13,,"1,829",0.39,,498,0.4,
50–99,,29,0.24,,"1,891",0.4,,838,0.67,
25–49,,43,0.36,,"1,560",0.33,,685,0.55,
10–24,,62,0.52,,"1,120",0.24,,444,0.35,
5–9,,72,0.61,,476,0.1,,222,0.18,
2–4,,66,0.56,,196,0.04,,81,0.06,
1,,43,0.37,,43,0.01,,54,0.04,
~Not applicable. ,,,,,,,,,,
"Source: Bureau of Justice Statistics, Law Enforcement Management and Administrative Statistics survey, 2020.",,,,,,,,,,
