﻿Bureau of Justice Statistics,,,,,,,,,,,,
Filename: lpdp20t13.csv,,,,,,,,,,,,
"Table 13. Local police departments with personnel designated to address specific crime-related issues, by size of population served, 2020",,,,,,,,,,,,
"Report title: Local Police Departments Personnel, 2020  NCJ 305187",,,,,,,,,,,,
"Data Source: Bureau of Justice Statistics, Law Enforcement Management and Administrative Statistics survey, 2020",,,,,,,,,,,,
"Author: Sean E. Goodison, Ph.D., BJS Statistician",,,,,,,,,,,,
Refer questions to: askbjs@usdoj.gov 202-307-0765,,,,,,,,,,,,
Date of version: 11/17/2020,,,,,,,,,,,,
,,,,,,,,,,,,
"Table 13. Local police departments with personnel designated to address specific crime-related issues, by size of population served, 2020",,,,,,,,,,,,
,"Departments serving 100,000 or more residents with—",,,,,,"Departments serving fewer than 100,000 residents with—",,,,,
Specific problem/task,Any designated personnel,,Personnel assigned full time to specialized unit,,Other designated personnel*,,Any designated personnel,,Personnel assigned full time to specialized unit,,Other designated personnel*,
Traffic enforcement,97.6,%,91.6,%,6,%,35.3,%,11.3,%,24.1,%
Sexual assault,94.3,,75.2,,19.1,,39.9,,7.5,,32.5,
Child abuse/endangerment,92.3,,69.8,,22.5,,39.8,,7.4,,32.4,
Domestic violence,89.3,,68.8,,20.5,,29.5,,5.5,,24,
Gangs,87.2,,64.4,,22.8,,13.8,,3.7,,10.2,
Missing children,83.6,,50.3,,33.2,,23.6,,4.2,,19.4,
Firearms ,82.9,,52.7,,30.2,,41.2,,7.6,,33.6,
Cybercrimes,78.9,,43.3,,35.6,,23.2,,3.8,,19.3,
Impaired driving (DUI/DWI),79.9,,51.3,,28.5,,26.6,,5,,21.6,
Terrorism/homeland security,79.2,,44.3,,34.9,,14.6,,2,,12.6,
Juvenile crimes,76.2,,54.4,,21.8,,34.9,,7.8,,27.1,
School safety,75.8,,57.7,,18.1,,48,,16.6,,31.4,
Human trafficking,73.5,,38.3,,35.2,,12.9,,1.2,,11.7,
Methamphetamine labs,62.4,,32.9,,29.5,,15,,4.1,,10.8,
Parking enforcement,55.6,,39.4,,16.2,,24.9,,7.7,,17.2,
Bias/hate crimes,55.6,,16.2,,39.4,,17.8,,1.4,,16.4,
Note: Details may not sum to totals due to rounding. See appendix table 17 for standard errors. ,,,,,,,,,,,,
*Includes departments that did not have a specialized unit with full-time personnel but had designated personnel to address this problem or task.,,,,,,,,,,,,
"Source: Bureau of Justice Statistics, Law Enforcement Management and Administrative Statistics survey, 2020.",,,,,,,,,,,,
