﻿Bureau of Justice Statistics,,,,,,,,,,,,
Filename: lpdp20t14.csv,,,,,,,,,,,,
"Table 14. Local police departments with personnel designated to address specific functional areas, by size of population ",,,,,,,,,,,,
"Report title: Local Police Departments Personnel, 2020  NCJ 305187",,,,,,,,,,,,
"Data Source: Bureau of Justice Statistics, Law Enforcement Management and Administrative Statistics survey, 2020",,,,,,,,,,,,
"Author: Sean E. Goodison, Ph.D., BJS Statistician",,,,,,,,,,,,
Refer questions to: askbjs@usdoj.gov 202-307-0765,,,,,,,,,,,,
Date of version: 11/17/2020,,,,,,,,,,,,
,,,,,,,,,,,,
"Table 14. Local police departments with personnel designated to address specific functional areas, by size of population served, 2020",,,,,,,,,,,,
,"Departments serving 100,000 or more residents with—",,,,,,"Departments serving fewer than 100,000 residents with—",,,,,
Specific functional area,Any designated personnel,,Personnel assigned full time to specialized unit,,Other designated personnel*,,Any designated personnel,,Personnel assigned full time to specialized unit,,Other designated personnel*,
"Special operations (e.g., SWAT)",97.6,%,63.1,%,34.6,%,32.6,%,8.6,%,24,%
Internal affairs,97.3,,91.9,,5.4,,58.4,,10.8,,47.6,
Public relations,96.6,,76.8,,19.8,,45.5,,9.3,,36.2,
Crime analysis,94.9,,84.5,,10.4,,27.7,,6.1,,21.6,
Community policing,90.9,,75.2,,15.8,,39.2,,11.3,,27.9,
Agency standards/accreditation,90.6,,63.8,,26.8,,45.7,,9.2,,36.4,
Mental health/crisis intervention,78.9,,48,,30.9,,27.8,,5.5,,22.3,
Opioids,76.8,,44,,32.9,,24.1,,6.9,,17.2,
Research/planning,75.4,,46.1,,29.3,,39,,4.9,,34.2,
Victim assistance,69.5,,47.6,,21.8,,24.2,,6.4,,17.8,
Homelessness,64.1,,35.6,,28.5,,10.5,,2.2,,8.2,
Bomb/explosive disposal,54.7,,33.6,,21.1,,4.4,,0.7,,3.7,
Note: Details may not sum to totals due to rounding. See appendix table 18 for standard errors. ,,,,,,,,,,,,
*Includes departments that did not have a specialized unit with full-time personnel but had designated personnel to address this functional area.,,,,,,,,,,,,
"Source: Bureau of Justice Statistics, Law Enforcement Management and Administrative Statistics survey, 2020.",,,,,,,,,,,,
