﻿Bureau of Justice Statistics,,,,,,
Filename: lpdp20t01.csv,,,,,,
"Table 1. Full-time personnel in local police departments, 1997-2020",,,,,,
"Report title: Local Police Departments Personnel, 2020  NCJ 305187",,,,,,
"Data Source: Bureau of Justice Statistics, Law Enforcement Management and Administrative Statistics survey, 1997–2020",,,,,,
"Author: Sean E. Goodison, Ph.D., BJS Statistician",,,,,,
Refer questions to: askbjs@usdoj.gov 202-307-0765,,,,,,
Date of version: 11/17/2020,,,,,,
,,,,,,
"Table 1. Full-time personnel in local police departments, 1997-2020",,,,,,
Year,Total,,Sworn,,Civilian/a,
1997,"531,313", †,"419,996", †,"111,317", †
2000,"565,644",,"440,770", ‡,"124,874",
2003,"580,749",,"451,737",,"129,013",
2007,"601,027",,"463,147",,"137,880", ‡
2013,"604,959",,"477,317",,"127,642",
2016,"599,548",,"468,274",,"131,274",
2020*,"598,620",,"473,102",,"125,518",
Note: Details may not sum to totals due to rounding. See appendix table 1 for standard errors.,,,,,,
*Comparison year.,,,,,,
†Difference with comparison year is significant at the 95% confidence level.,,,,,,
‡Difference with comparison year is significant at the 90% confidence level.,,,,,,
a/Includes officers or deputies with limited or no arrest powers and nonsworn personnel. ,,,,,,
"Source: Bureau of Justice Statistics, Law Enforcement Management and Administrative Statistics survey, 1997–2020.",,,,,,
