﻿Bureau of Justice Statistics,,,
Filename: lpdp20at01.csv,,,
"Appendix Table 1. Standard errors for figure 1 and table 1: Full-time personnel in local police departments, 1997–2020",,,
"Report title: Local Police Departments Personnel, 2020  NCJ 305187",,,
"Data Source: Bureau of Justice Statistics, Law Enforcement Management and Administrative Statistics survey, 1997–2020",,,
"Author: Sean E. Goodison, Ph.D., BJS Statistician",,,
Refer questions to: askbjs@usdoj.gov 202-307-0765,,,
Date of version: 11/17/2020,,,
,,,
"Appendix Table 1. Standard errors for figure 1 and table 1: Full-time personnel in local police departments, 1997–2020",,,
Year,Total,Sworn,Civilian
1997,"11,358","9,094","2,376"
2000,"7,026","5,356","1,854"
2003,"10,612","7,894","2,903"
2007,"13,225","9,384","4,048"
2013,"22,539","16,460","6,385"
2016,"21,923","15,833","6,343"
2020,"21,818","15,841","6,280"
"Source: Bureau of Justice Statistics, Law Enforcement Management and Administrative Statistics survey, 1997–2020.",,,
