"Bureau of Justice Statistics",,,,,,,,,,,,,,,
"filename:  scs9618.csv",,,,,,,,,,,,,,,
"table #:  Table 1.8.  Mean sentence lengths for felony sentences imposed, by the number and category of the conviction offense, 1996",,,,,,,,,,,,,,,
"report title:  State Court Sentencing of Convicted Felons, 1996; NCJ 175708",,,,,,,,,,,,,,,
"data source:  National Judicial Reporting Program, 1996",,,,,,,,,,,,,,,
"authors:  David J. Levin, Patrick A. Langan, & Jodi M. Brown",,,,,,,,,,,,,,,
"refer questions to:  askbjs@ojp.usdoj.gov  (202) 307-0765",,,,,,,,,,,,,,,
"date of version:  May 14, 1999",,,,,,,,,,,,,,,
,,,,,,,,,,,,,,,
"Table 1.8.  Mean sentence lengths for felony sentences imposed, by the number and category of the conviction offense, 1996",,,,,,,,,,,,,,,
,,,,,,,,,,,,,,,
"One conviction offense",,,,,,,,,,,,,,,
,,,,,,,,"Mean maximum sentence length (in months) for felons sentenced to --",,,,,,,
,,,,"Incarceration",,,,,,,,,,,
,"Incarceration",,,"Prison",,,"Jail",,,"Probation",,,"Total",,
"Most serious conviction offense","# of felons","Mean",,"# of felons","Mean",,"# of felons","Mean",,"# of felons","Mean",,"# of felons","Mean",
"All offenses",,33,"mo",,56,"mo",,6,"mo",,40,"mo",,,"mo"
"Violent Offenses",87699,65,"mo",58745,93,"mo",28954,7,"mo",26826,45,"mo",114526,61,"mo"
"Murder/a",6352,223,,6098,231,,254,8,,424,70,,6776,214,
"Sexual assault/b",15118,77,,11411,97,,3706,8,,4590,61,,19707,73,
"Robbery",23819,75,,19077,89,,4741,10,,4028,51,,27846,72,
"Aggravated assault",34546,38,,18327,65,,16218,6,,14726,39,,49271,38,
"Other violent/c",7866,31,,3831,58,,4035,6,,3059,42,,10925,34,
"Property Offenses",131283,27,"mo",67842,46,"mo",63441,6,"mo",83050,38,"mo",214333,31,"mo"
"Burglary",41188,39,,25027,59,,16160,7,,17034,45,,58221,41,
"Larceny/d",64786,21,,30712,38,,34074,6,,38694,37,,103481,26,
"Fraud/e",25309,22,,12103,40,,13206,5,,27321,36,,52631,29,
"Drug Offenses",191024,26,"mo",89506,48,"mo",101518,6,"mo",75613,41,"mo",266637,30,"mo"
"Possession",82511,19,,33520,40,,48991,5,,34768,37,,117279,24,
"Trafficking",108513,31,,55987,53,,52527,6,,40845,45,,149358,35,
"Weapons offenses",16469,26,"mo",9355,41,"mo",7114,5,"mo",8297,34,"mo",24767,28,"mo"
"Other offenses/f",81525,24,"mo",38967,42,"mo",42558,6,"mo",49647,40,"mo",131172,29,"mo"
,,,,,,,,,,,,,,,
"Two or more conviction offenses",,,,,,,,,,,,,,,
,,,,,,,,"Mean maximum sentence length (in months) for felons sentenced to --",,,,,,,
,,,,"Incarceration",,,,,,,,,,,
,"Incarceration",,,"Prison",,,"Jail",,,"Probation",,,"Total",,
"Most serious conviction offense","# of felons","Mean",,"# of felons","Mean",,"# of felons","Mean",,"# of felons","Mean",,"# of felons","Mean",
"All offenses",,51,"mo",,75,"mo",,6,"mo",,46,"mo",,,"mo"
"Violent Offenses",40880,100,"mo",33284,123,"mo",7597,7,"mo",8550,57,"mo",49431,94,"mo"
"Murder/a",4070,292,,4009,297,,61,7,,161,83,,4230,285,
"Sexual assault/b",7932,131,,6856,151,,1076,8,,1633,88,,9565,126,
"Robbery",12148,105,,10851,116,,1297,9,,1179,56,,13327,102,
"Aggravated assault",14501,54,,10108,75,,4393,6,,4851,49,,19352,53,
"Other violent/c",2229,43,,1459,62,,770,7,,727,50,,2956,44,
"Property Offenses",51273,36,"mo",31760,54,"mo",19513,6,"mo",29192,45,"mo",80465,39,"mo"
"Burglary",23509,45,,16159,62,,7350,6,,9840,47,,33349,45,
"Larceny/d",13000,29,,7437,46,,5563,7,,6030,42,,19031,33,
"Fraud/e",14764,28,,8164,46,,6600,5,,13322,45,,28086,35,
"Drug Offenses",54517,35,"mo",30807,58,"mo",23710,6,"mo",21062,43,"mo",75579,37,"mo"
"Possession",12221,25,,5318,50,,6904,6,,5526,38,,17747,28,
"Trafficking",42296,39,,25490,60,,16806,6,,15536,45,,57831,40,
"Weapons offenses",5485,38,"mo",3678,54,"mo",1806,6,"mo",2405,38,"mo",7890,38,"mo"
"Other offenses/f",12430,27,"mo",7216,43,"mo",5214,5,"mo",6252,43,"mo",18682,32,"mo"
,,,,,,,,,,,,,,,
"Note:  For persons receiving a combination of sentences, the sentence designation came from the most severe penalty imposed -- prison being the most sever, followed by jail, then probation.  Prison includes death sentences.",,,,,,,,,,,,,,,
"Means exclude sentences to death or life imprisonment.",,,,,,,,,,,,,,,
"Sentence length data were available for 997,906 cases.  The number of convictions pertains to current, not past, convictions.",,,,,,,,,,,,,,,
"a/ Includes nonnegligent manslaughter.",,,,,,,,,,,,,,,
"b/ Includes rape.",,,,,,,,,,,,,,,
"c/ Includes offenses such as negligent manslaughter and kidnaping.",,,,,,,,,,,,,,,
"d/ Includes motor vehicle theft.",,,,,,,,,,,,,,,
"e/ Includes forgery and embezzlement.",,,,,,,,,,,,,,,
"f/ Composed of nonviolent offenses such as receiving stolen property and vandalism.",,,,,,,,,,,,,,,
