Bureau of Justice Statistics,,,,,,,,
filename:  hivp0306.csv,,,,,,,,
"Table #: 6 Deaths of State prisoners, 2003",,,,,,,,
"report title: HIV in Prisons, 2003   NCJ 210344",,,,,,,,
data source:  National Prisoners Statistics (NPS-1) and Deaths in Custody Reporting Program (DCRP),,,,,,,,
author:  Laura M. Maruschak,,,,,,,,
refer questions to: askbjs@usdoj.gov (202) 307-0765,,,,,,,,
date of version: 8/9/05,,,,,,,,

"Table 6. Deaths of State prisoners, 2003",,,,,,,,
,Prisoner deaths reported,,,,Total deaths/b,,,
,In NPS-1,,In the DCRP/a,,All causes,,AIDS-related,
Jurisdiction,Total,AIDS-related,Total,AIDS-related,Number,"Rate per 100,000 inmates",Number,"Rate per 100,000 inmates"
Total,"3,230",213,"3,168",210,"3,344",258,268,21
Northeast,500,50,492,36,500,284,63,36
Connecticut,36,8,36,0,36,175,8,39
Maine,3,0,2,0,3,149,0,0
Massachusetts,30,0,30,0,30,285,0,0
New Hampshire,6,0,6,0,6,242,0,0
New Jersey,63,10,60,7,63,223,10,35
New York,200,15,198,27,200,303,27,41
Pennsylvania,147,17,147,1,147,363,17,42
Rhode Island,9,0,8,0,9,252,0,0
Vermont,6,0,5,1,6,302,1,50
Midwest,567,24,538,20,567,229,29,12
Illinois,81,12,80,11,81,188,12,28
Indiana,60,1,56,2,60,266,2,9
Iowa,13,--,13,0,13,155,0,0
Kansas,32,1,32,1,32,355,1,11
Michigan,132,1,127,3,132,267,3,6
Minnesota,14,0,13,0,14,184,0,0
Missouri,68,1,66,1,68,222,1,3
Nebraska,7,0,7,1,7,171,1,24
North Dakota,1,0,1,0,1,86,0,0
Ohio,106,8,91,0,106,231,8,17
South Dakota,12,--,11,0,12,392,0,0
Wisconsin,41,0,41,1,41,183,1,4
South,"1,591",120,"1,533",139,"1,661",284,157,27
Alabama,100,8,92,4,100,352,8,28
Arkansas,39,1,39,3,39,315,3,24
Delaware,7,0,19,6,19,276,6,87
Florida,224,42,221,38,224,279,42,52
Georgia,139,18,126,11,139,296,18,38
Kentucky,77,4,45,1,77,470,4,24
Louisiana,87,--,70,12,87,241,12,33
Maryland,67,7,67,13,67,277,13,54
Mississippi,2, --,58,4,58,282,4,19
North Carolina,76,3,74,4,76,228,4,12
Oklahoma,96,2,71,2,96,417,2,9
South Carolina,61,3,63,3,63,260,3,12
Tennessee,98,6,97,6,98,386,6,24
Texas,407,23,383,27,407,243,27,16
Virginia,96,3,93,5,96,276,5,14
West Virginia,15,0,15,0,15,319,0,0
West,572,19,605,15,616,216,19,7
Alaska,5,0,4,0,5,113,0,0
Arizona,86,3,84,1,86,280,3,10
California,313,13,333,13,333,204,13,8
Colorado,51,2,47,0,51,267,2,10
Hawaii,8,0,8,0,8,142,0,0
Idaho,13,--,12,0,13,223,0,0
Montana,13,0,12,0,13,378,0,0
Nevada,--,--,24,0,24,228,0,0
New Mexico,11,0,11,0,11,179,0,0
Oregon,25,0,25,0,25,201,0,0
Utah,11,0,10,0,11,196,0,0
Washington,34,1,33,1,34,209,1,6
Wyoming,2,0,2,0,2,111,0,0
 --Not reported.,,,,,,,,
a/The 2003 AIDS-related death counts are based on individual reports submitted to the DCRP.,,,,,,,,
b/Data from the NPS-1 and DCRP were combined to provide the number of total deaths in each State. The most complete data for each State were used to calculate a total for each State.,,,,,,,,
