Bureau of Justice Statistics,,,,
filename:  hivp0305.csv,,,,
"Table #: 5  Inmate deaths in Federal prisons, by cause, 2002 and 2003",,,,
"report title: HIV in Prisons, 2003   NCJ 210344",,,,
data source:  National Prisoner Statistics (NPS-1) ,,,,
author:  Laura M. Maruschak,,,,
refer questions to: askbjs@usdoj.gov (202) 307-0765,,,,
date of version: 8/9/05,,,,

"Table 5.  Inmate deaths in Federal prisons, by cause, 2002 and 2003",,,,
,Deaths of Federal inmates,,,
,Number,,"Rate per 100,000 inmates*",
   Cause of death,2003,2002,2003,2002
  Total,347,335,204,207
Natural causes other than AIDS,315,289,185,179
AIDS,14,17,8,11
Suicide,6,17,4,11
Accident,4,5,2,3
Execution,1,0,1,0
By another person,5,3,3,2
Other/unspecified,2,4,1,2
*Detail may not add to total due to rounding.,,,,
