Bureau of Justice Statistics,,,
filename:  hivp03t04.csv,,,
Text table #: 4 Number of confirmed AIDS cases in State and Federal Prisons,,,
"report title: HIV in Prisons, 2003   NCJ 210344",,,
data source:  National Prisoner Statistics (NPS-1) ,,,
author:  Laura M. Maruschak,,,
refer questions to: askbjs@usdoj.gov (202) 307-0765,,,
date of version: 8/9/05,,,

Text table 4. Number of confirmed AIDS cases in State and Federal Prisons,,,
,Number of confirmed AIDS cases,,
Yearend,Estimated/a,Reported/b,Comparable/c
1998,6809,6282,5864
1999,7039,6642,5788
2000,6295,5696,5093
2001,6286,5754,5214
2002,5643,4898,4571
2003,5944,5227,4956
"a/In States not reporting confirmed AIDS, estimates were made by applying the percent breakdown by type of HIV infection from the most recent year when data were provided.",,,
"b/Excludes 7 States in 1998, 5 in 1999, 8 in 2000, 7 in 2001, 12 in 2002, and 13 in 2003.",,,
c/The Federal system and 33 States reported in all 6 years.,,,
