Bureau of Justice Statistics,,,
filename:  hivp03ht03.csv,,,
Highlights table #: 3 AIDS-related deaths in State Prisons,,,
"report title: HIV in Prisons, 2003   NCJ 210344",,,
data source:  National Prisoner Statistics (NPS-1) and Deaths in Custody Reporting Program (DCRP),,,
author:  Laura M. Maruschak,,,
refer questions to: askbjs@usdoj.gov (202) 307-0765,,,
date of version: 8/9/05,,,

Highlights table 3. AIDS-related deaths in State Prisons,,,
,AIDS-related deaths in State Prisons,,
,Number,,
Year,Reported in NPS-1,Total*,"Rate per 100,000 inmates"
1995,1010,--,100
1996,907,--,90
1997,538,--,48
1998,350,--,30
1999,242,--,20
2000,185,--,15
2001,256,311,25
2002,215,283,22
2003,213,268,21
*Total number of deaths for 2001-03 are based on a combination of NPS-1 and DCRP data.,,,
