Bureau of Justice Statistics,,
filename:  hivp03ht02.csv,,
Highlights table #: 2  Number and percent of HIV-positive inmates by jurisdiction,,
"report title: HIV in Prisons, 2003   NCJ 210344",,
data source:  National Prisoner Statistics NPS-1 ,,
author:  Laura M. Maruschak,,
refer questions to: askbjs@usdoj.gov (202) 307-0765,,
date of version: 8/9/05,,

Highlights table 2.  Number and percent of HIV-positive inmates by jurisdiction,,
,HIV-positive prison inmates,
Jurisdiction,Number,Percent of custody population
New York,5000,7.6
Florida,3112,3.9
Texas,2460,1.8
Federal system,1631,1.1
California,1196,0.7
Georgia,1095,2.3
