Bureau of Justice Statistics,,,,,,,,,,,,,,,,,,,,,,,
filename:  ncrp0610.csv,,,,,,,,,,,,,,,,,,,,,,,
"Table 10. First releases from state prison, 2006:  Sentence length, time served in prison, by offense, and sex",,,,,,,,,,,,,,,,,,,,,,,
"data source:  National Corrections Reporting Program, 2006",,,,,,,,,,,,,,,,,,,,,,,
author:  Tom Bonczar ,,,,,,,,,,,,,,,,,,,,,,,
refer questions to:  askbjs@usdoj.gov      202-307-0765,,,,,,,,,,,,,,,,,,,,,,,
date of version 5/25/10,,,,,,,,,,,,,,,,,,,,,,,
,,,,,,,,,,,,,,,,,,,,,,,
"Table 10. First releases from state prison, 2006:  Sentence length, time served in prison, by offense, and sex",,,,,,,,,,,,,,,,,,,,,,,
,,,,,,,,,,,,,,,,,,,,,,,
,,,,First releases from State prison,,,,,,,,,,,,,,,,,,,
,,,,Male,,,,,,,,,,Female,,,,,,,,,
,,,,Maximum sentence length,,,,Time served in prison,,,,,,Maximum sentence length,,,,Time served in prison,,,,,
Most serious offense,,,,Median\1,,Mean\2,,Median,,Mean,,Percent of maximum sentence served in prison,,Median\1,,Mean\2,,Median,,Mean,,Percent of maximum sentence served in prison,
,All offenses,,,40,mos.,61,mos.,16,mos.,29,mos.,47.5,%,36,mos.,48,mos.,11,mos.,18,mos.,37.5,%
Violent offenses,,,,60,mos.,80,mos.,30,mos.,49,mos.,61.3,%,48,mos.,65,mos.,21,mos.,34,mos.,52.3,%
,Homicide,,,120,,162,,91,,105,,64.8,,120,,135,,59,,79,,58.5,
,,Murder/nonnegligent manslaughter,,216,,210,,127,,138,,65.7,,180,,190,,102,,113,,59.5,
,,,Murder,240,,226,,134,,146,,64.6,,240,,220,,109,,124,,56.4,
,,,Nonnegligent manslaughter,132,,170,,107,,110,,64.7,,120,,126,,84,,85,,67.5,
,,Negligent manslaughter,,72,,98,,40,,55,,56.1,,60,,87,,33,,45,,51.7,
,,Unspecified homicide,,90,,127,,54,,67,,52.8,,0,,0,,0,,0,,0,
,Kidnapping,,,48,,79,,30,,54,,68.4,,60,,68,,28,,42,,61.8,
,Rape,,,96,,127,,68,,86,,67.7,,60,,88,,35,,49,,55.7,
,Other sexual assault,,,60,,75,,35,,48,,64,,60,,75,,29,,41,,54.7,
,Robbery,,,60,,93,,39,,55,,59.1,,54,,69,,25,,35,,50.7,
,Assault,,,36,,56,,19,,31,,55.4,,36,,48,,17,,24,,50,
,Other violent,,,36,,48,,16,,24,,50,,36,,49,,14,,21,,42.9,
Property offenses,,,,36,mos.,51,mos.,13,mos.,22,mos.,43.1,%,24,mos.,41,mos.,11,mos.,14,mos.,34.1,%
,Burglary,,,48,,62,,16,,27,,43.5,,36,,46,,11,,16,,34.8,
,Larceny ,,,32,,43,,12,,19,,44.2,,24,,39,,11,,14,,35.9,
,Motor vehicle theft,,,24,,33,,11,,16,,48.5,,24,,26,,9,,11,,42.3,
,Arson,,,60,,77,,23,,35,,45.5,,48,,65,,17,,26,,40,
,Fraud,,,36,,45,,12,,17,,37.8,,30,,42,,11,,14,,33.3,
,Stolen property,,,36,,47,,12,,18,,38.3,,24,,36,,9,,12,,33.3,
,Other property,,,36,,42,,11,,15,,35.7,,36,,38,,11,,14,,36.8,
Drug offenses,,,,48,mos.,59,mos.,14,mos.,22,mos.,37.3,%,36,mos.,51,mos.,11,mos.,15,mos.,29.4,%
,Possession,,,36,,48,,11,,17,,35.4,,36,,42,,9,,12,,28.6,
,Trafficking,,,48,,67,,17,,25,,37.3,,45,,62,,12,,17,,27.4,
,Other/unspecified drug,,,48,,58,,13,,21,,36.2,,36,,46,,11,,15,,32.6,
Public-order offenses,,,,36,mos.,44,mos.,13,mos.,20,mos.,45.5,%,30,mos.,38,mos.,11,mos.,15,mos.,39.5,%
,Weapons,,,36,,43,,16,,23,,53.5,,30,,38,,12,,16,,42.1,
,Driving while intoxicated,,,36,,43,,11,,15,,34.9,,36,,40,,11,,13,,32.5,
,Other public-order,,,36,,44,,13,,21,,47.7,,24,,37,,11,,15,,40.5,
Other offenses,Other offenses,,,60,mos.,74,mos.,18,mos.,28,mos.,37.8,%,48,mos.,63,mos.,15,mos.,22,mos.,34.9,%
,Number of releases,,,"237,610", ,"235,917",,"237,610", ,"237,610",,,,"32,448", ,"32,330",,"32,448", ,"32,448",,,
,,,,,,,,,,,,,,,,,,,,,,,
"Note:  Data are based on all first releases with a total sentence of more than a year for whom the most serious offense, sentence length, time served in prison, and gender were reported.",,,,,,,,,,,,,,,,,,,,,,,
"1\Includes sentences of life without parole, life plus additional years, life, and death.",,,,,,,,,,,,,,,,,,,,,,,
"2\Excludes sentences of life without parole, life plus additional years, life, and death.",,,,,,,,,,,,,,,,,,,,,,,
