"Bureau of Justice Statistics",,,,,,,,,,,,,
"filename: tssp09.csv",,,,,,,,,,,,,
"table #: 9",,,,,,,,,,,,,
"report title: Truth in Sentencing in State Prisons",,,,,,,,,,,,,
"data sources:  National Prisoners Statistics data collection 1990, 1993 - 1997",,,,,,,,,,,,,
"authors: Doris Wilson (202)616-3625 and Paula Ditton (202)305-9014",,,,,,,,,,,,,
"refer questions to: askbjs@ojp.usdoj.gov/bjs (202)307-0765",,,,,,,,,,,,,
"date of version: 1/10/99",,,,,,,,,,,,,
,,,,,,,,,,,,,
,,,,,,,,,,,,,
"Table 9.  Type of release from State prison, 1990, 1993 - 1997",,,,,,,,,,,,,
,,,,,,,,,,,,,
,,1990,,1993,,1994,,1995,,1996,,1997,
,,,,,,,,,,,,,
"Conditional releases",,86.0,"%",86.0,"%",85.9,"%",84.1,"%",81.4,"%",81.4,"%"
"   Parole",,40.5,,39.9,,36.1,,33.4,,31.5,,29.3,
"   Mandatory",,29.6,,32.5,,36.8,,40.2,,39.4,,41.2,
"   Other",,15.9,,13.7,,13.0,,10.5,,10.5,,10.9,
,,,,,,,,,,,,,
"Unconditional",,14.0,"%",14.0,"%",14.1,"%",15.9,"%",18.6,"%",18.6,"%"
"   Expiration of sentence",,13.0,,12.2,,12.9,,15.0,,17.4,,17.5,
"   Other",,1.0,,1.8,,1.2,,0.9,,1.2,,1.1,
,,,,,,,,,,,,,
,,,,,,,,,,,,,
"Note: Data were obtained from the National Prisoners Statistics data collection.",,,,,,,,,,,,,
"1997 Preliminary numbers",,,,,,,,,,,,,
