"Bureau of Justice Statistics",,,,,,,,,,,
"filename: tssp12.csv",,,,,,,,,,,
"table #: 12",,,,,,,,,,,
"report title: Truth in Sentencing in State Prisons",,,,,,,,,,,
"data sources:  National Corrections Reporting Program, 1990-1996",,,,,,,,,,,
"authors: Doris Wilson (202)616-3625 and Paula Ditton (202)305-9014",,,,,,,,,,,
"refer questions to: askbjs@ojp.usdoj.gov/bjs (202)307-0765",,,,,,,,,,,
"date of version: 1/10/99",,,,,,,,,,,
,,,,,,,,,,,
"Table 12.  Mean sentence of  first releases from State prison, 1990-1996",,,,,,,,,,,
,,,,,,,,,,,
,,,,"Mean Maximum sentence length",,,,,,,
,,"All offenders",,"Violent",,"Property",,"Drug",,"Public-order",
"Year",,,,,,,,,,,
1990,,65,"mo.",94,"mo.",61,"mo.",54,"mo.",37,"mo."
1991,,66,,92,,63,,59,,38,
1992,,60,,89,,53,,53,,35,
1993,,66,,90,,61,,61,,39,
1994,,64,,85,,60,,60,,42,
1995,,61,,84,,56,,57,,39,
1996,,62,,84,,56,,57,,40,
,,,,,,,,,,,
"Note: Includes only offenders with a sentence of more than 1 year released for the first time on the current sentence.",,,,,,,,,,,
"Excludes persons released from prison by escape, death, transfer, appeal or detainer.",,,,,,,,,,,
