"Bureau of Justice Statistics",,,
"filename: tssp0e.csv",,,
"table #: figure 1",,,
"report title: Truth in Sentencing in State Prisons",,,
"data sources: National Prisoners Statistics data collection, 1990-1997",,,
"authors: Doris Wilson (202)616-3625 and Paula Ditton (202)305-9014",,,
"refer questions to: askbjs@ojp.usdoj.gov/bjs (202)307-0765",,,
"date of version: 1/10/99",,,
,,,
"Figure 1.  State prison population and admissions, 1990-97",,,
,,,
,,,
,"Year-end",,"Number of"
,"population",,"Admissions"
,,,
1990,684544,,460739
1991,728605,,466285
1992,778495,,480676
1993,828566,,475100
1994,904647,,498919
1995,989004,,521970
1996,1032440,,512618
1997,1075052,,540748
,,,
"Source: Correctional Populations in the United States, 1996, BJS report, NCJ 170013, January 1999.",,,
"1997 Preliminary numbers",,,
