Bureau of Justice Statistics,,,,,,,,
filename:  bcft05t02.csv,,,,,,,,
"Table 2. Number of applictions and rejections, by type of agency and type of check, 1999 - 2005",,,,,,,,
"title: Background Checks for Firearm Transfers, NCJ 214256 ",,,,,,,,
data source:  Firearm Inquiry Statistics Program,,,,,,,,
"authors:  Michael Bowling, Ph.D. (REJIS), Gene Lauver (REJIS), Matthew J. Hickman, Ph.D. (BJS), and Devon B. Adams (BJS)",,,,,,,,
refer questions to: askbjs@usdoj.gov (202)307-0765,,,,,,,,
date of version: 10/24/06,,,,,,,,

"Table 2. Number of applictions and rejections, by type of agency and type of check, 1999 - 2005",,,,,,,,
,2005,,,,1999-2005,,,
Type of checks conducted,Applications,Rejections,Rate of rejection,,Applications,Rejections,Rate of rejection,
National total (FIST and FBI),"8,277,873","131,916",1.6,%,"57,169,631","1,047,765",1.8,%
FBI total,"4,952,639","66,705",1.4,%,"31,946,547","474,597",1.5,%
State and local total (FIST)*,"3,325,234","65,211",2,%,"25,223,084","573,168",2.3,%
State agencies,,,,,,,,
Total,"2,803,044","54,323",1.9,%,"21,453,631","493,910",2.3,%
Instant checks,"1,968,548","40,054",2,,"15,108,311","386,087",2.6,
Purchase permits,"302,792","6,778",2.2,,"2,240,675","49,441",2.2,
Exempt carry permits,"154,830","3,573",2.3,,"1,244,893","28,381",2.3,
Other approvals,"376,874","3,918",1,,"2,859,752","30,001",1.1,
Local agencies,,,,,,,,
Total,"568,103","10,888",1.9,%,"4,202,090","79,258",1.9,%
Purchase permits,"320,724","8,197",2.6,,"2,715,454","57,422",2.1,
Exempt carry permits,"177,687","2,245",1.3,,"1,131,293","18,807",1.7,
Other approvals,"69,692",446,0.6,,"355,343","3,029",0.9,
"Note:  Agencies that conduct checks for exempt carry permits in Alaska, Arizona, Arkansas, Indiana, Mississippi, North Dakota, South Carolina, Texas, and Wyoming request that the FBI conduct the background check, but the State agency makes the ",,,,,,,,
"decision to approve or reject the application.  Applications in these States is included in the FBI checks, but rejections are included in the State and local checks.  Totals for the 7-year period include December 1998.",,,,,,,,
"* State and local total applications were adjusted by (45,913) in 2005 and by (432,637) between 1999 and 2005.",,,,,,,,
