Bureau of Justice Statistics,,,,,
filename:  bcft05tt07.csv,,,,,
"Text table 7. Number of agencies, sample, and response rate in FIST program survey, 2005",,,,,
"title: Background Checks for Firearm Transfers, NCJ 214256",,,,,
data source:  Firearm Inquiry Statistics Program,,,,,
"authors:  Michael Bowling, Ph.D. (REJIS), Gene Lauver (REJIS), Matthew J. Hickman, Ph.D. (BJS), and Devon B. Adams (BJS)",,,,,
refer questions to: askbjs@usdoj.gov (202)307-0765,,,,,
date of version: 10/24/06,,,,,

"Text table 7. Number of agencies, sample, and response rate in FIST program survey, 2005",,,,,
  ,Number of agencies,,,,
Population served,Total,Sample,Responses,Response rate,
Total,2950,799,682,85.4,%
Statewide,27,27,27,100,
"Under 10,000","1,660",321,281,87.5,
"10,000 to 100,000","1,150",405,338,83.5,
"Over 100,000",113,46,36,78.3
