Bureau of Justice Statistics,,,,
filename:  bcft05tt01.csv,,,,
"Text table 1. Statewide reporting on exempt carry permit applications, 2005",,,,
"title: Background Checks for Firearm Transfers, NCJ 214256",,,,
data source:  Firearm Inquiry Statistics Program,,,,
"authors:  Michael Bowling, Ph.D. (REJIS), Gene Lauver (REJIS), Matthew J. Hickman, Ph.D. (BJS), and Devon B. Adams (BJS)",,,,
refer questions to: askbjs@usdoj.gov (202)307-0765,,,,
date of version: 10/24/06,,,,

"Text table 1. Statewide reporting on exempt carry permit applications, 2005",,,,
,Applications,Rejections,Rejection rate,
Total/a,"155,000","3,600",2.3,%
Alaska,"1,487",28,1.9,
Arkansas,"4,736",183,3.9,
Arizona,"19,754","1,473",7.5,
Indiana/b,"70,904","1,008",1.4,
Minnesota/b,"7,393",157,2.1
North Dakota,"2,250",4,0.2
South Carolina,"5,847",137,2.3
Texas,"26,682",353,1.3
Utah,"10,597",162,1.5
Wyoming ,"1,165",25,2.1
a/Detail do not sum to total because some States provided partial data.  See Methodology for state-specific information.,,,
b/State exempt only.,,,
