Bureau of Justice Statistics,,,,,,,,
filename:  bcft05t09.csv,,,,,,,,
"Table 9. Number of arrests reported by type of agency, 2005 and 1999-2005",,,,,,,,
"title: Background Checks for Firearm Transfers, NCJ 214256",,,,,,,,
data source:  Firearm Inquiry Statistics Program,,,,,,,,
"authors:  Michael Bowling, Ph.D. (REJIS), Gene Lauver (REJIS), Matthew J. Hickman, Ph.D. (BJS), and Devon B. Adams (BJS)",,,,,,,,
refer questions to: askbjs@usdoj.gov (202)307-0765,,,,,,,,
date of version: 10/24/06,,,,,,,,

"Table 9. Number of arrests reported by type of agency, 2005 and 1999-2005",,,,,,,,
  ,Number of arrests,,,,,,,
Type of agency,2005,2004,2003,2002,2001,2000,1999,1999-2005
Total,"1,428","1,509","1,473","1,742","1,964","1,327",301,"9,744"
State,"1,398","1,497","1,430","1,697","1,901","1,294",295,"9,512"
Local,30,12,43,45,63,33,6,232
