﻿Bureau of Justice Statistics,,,,,,,,,,,,,,
Filename: ji22stat07.csv,,,,,,,,,,,,,,
"Appendix Table 7. Standard errors for table 6: Percent of confined inmates in local jails, by conviction status and offense severity, 2012 and 2017–2022",,,,,,,,,,,,,,
Report title: Jail Inmates in 2022 – Statistical Tables  NCJ 307086,,,,,,,,,,,,,,
"Data source: Bureau of Justice Statistics, Annual Survey of Jails, 2012, 2017, 2018, and 2020–2022; and Census of Jails, 2019",,,,,,,,,,,,,,
"Author: Zhen Zeng, PhD, BJS Statistician",,,,,,,,,,,,,,
Refer questions to: askbjs@usdoj.gov 202-307-0765,,,,,,,,,,,,,,
Date of version: 12/14/2023,,,,,,,,,,,,,,
,,,,,,,,,,,,,,
"Appendix Table 7. Standard errors for table 6: Percent of confined inmates in local jails, by conviction status and offense severity, 2012 and 2017–2022",,,,,,,,,,,,,,
Conviction status and offense severity,,2012,,2017,,2018,,2019,2020,,2021,,2022,
Conviction status,,,,,,,,,,,,,,
,Convicted,0.47,%,0.43,%,0.46,%,~,0.44,%,0.45,%,0.44,%
,Unconvicted,0.47,,0.43,,0.46,,~,0.44,,0.45,,0.44,
Most serious type of offense,,,,,,,,,,,,,,
,Felony ,…,,0.44,%,0.47,%,~,0.41,%,0.39,%,0.39,%
,Misdemeanor ,…,,0.41,,0.44,,~,0.32,,0.33,,0.34,
,Other,…,,0.23,,0.26,,~,0.29,,0.22,,0.2,
…Not collected. The Annual Survey of Jails began collecting inmate counts by offense severity in 2015.,,,,,,,,,,,,,,
~Not applicable. Data represent a complete enumeration based on the 2019 Census of Jails.,,,,,,,,,,,,,,
"Source: Bureau of Justice Statistics, Annual Survey of Jails, 2012, 2017, 2018, and 2020–2022; and Census of Jails, 2019.",,,,,,,,,,,,,,
