﻿Bureau of Justice Statistics,,,,,,
Filename: ji22stf01.csv,,,,,,
"Figure 1. Estimated average time in jail, by sex, 2015–2022 ",,,,,,
Report title: Jail Inmates in 2022 – Statistical Tables  NCJ 307086,,,,,,
"Data source: Bureau of Justice Statistics, Annual Survey of Jails, 2015–2018 and 2020–2022; and Census of Jails, 2019",,,,,,
"Author: Zhen Zeng, PhD, BJS Statistician",,,,,,
Refer questions to: askbjs@usdoj.gov 202-307-0765,,,,,,
Date of version: 12/14/2023,,,,,,
,,,,,,
"Figure 1. Estimated average time in jail, by sex, 2015–2022 ",,,,,,
Year,Total,,Male,,Female,
2015,24.6,days,27.2,days,15.7,days
2016,25.2,,27.8,,16.3,
2017,25.7,,28.4,,17,
2018,25.2,,28,,16.3,
2019,26.2,,28.9,,17.4,
2020,27.8,,31,,17.5,
2021,32.8,,36.9,,19.2,
2022,32.5,,36.5,,19.4,
"Note: Estimated average time in jail is calculated as the sum of the confined population each day for a 12-month period, divided by the number of admissions during the period. The 2015 and 2016 jail times were calculated for the calendar year ending on December 31. The 2017–2022 jail times were for the 12-month period ending on June 30. See appendix table 2 for estimates and standard errors.",,,,,,
"Source: Bureau of Justice Statistics, Annual Survey of Jails, 2015–2018 and 2020–2022; and Census of Jails, 2019.",,,,,,
