﻿Bureau of Justice Statistics,,,,,,,
Filename: ji22stat12.csv,,,,,,,
"Appendix Table 12. Standard errors for table 11: Percent of jail capacity occupied at midyear, by size of jurisdiction, 2022",,,,,,,
Report title: Jail Inmates in 2022 – Statistical Tables  NCJ 307086,,,,,,,
"Data source: Bureau of Justice Statistics, Annual Survey of Jails, 2022",,,,,,,
"Author: Zhen Zeng, PhD, BJS Statistician",,,,,,,
Refer questions to: askbjs@usdoj.gov 202-307-0765,,,,,,,
Date of version: 12/14/2023,,,,,,,
,,,,,,,
"Appendix Table 12. Standard errors for table 11: Percent of jail capacity occupied at midyear, by size of jurisdiction, 2022",,,,,,,
Jail jurisdiction size (ADP),,Midyear population,Rated capacity,Percent of capacity occupied,,Percent of jail jurisdictions operating at more than 100% of rated capacity,
,Total,"5,950","9,165",0.48,%,1.75,%
"2,500 or more inmates",,"5,164","7,079",0.68,,1.65,
"1,000–2,499",,"2,101","2,984",0.5,,0.76,
500–999,,"3,235","4,541",0.61,,1.29,
250–499,,"3,387","4,833",0.96,,1.78,
100–249,,"4,493","6,705",1.79,,3.18,
50–99,,"3,593","5,671",3.01,,5.25,
Fewer than 50,,"1,780","3,798",3.37,,3.31,
"Source: Bureau of Justice Statistics, Annual Survey of Jails, 2022.",,,,,,,
