﻿Bureau of Justice Statistics,,,,,,,,,,,,,,,,
Filename: ji22stt16.csv,,,,,,,,,,,,,,,,
"Table 16. Number of staff employed in local jails, by job function and sex, 2017–2022",,,,,,,,,,,,,,,,
Report title: Jail Inmates in 2022 – Statistical Tables  NCJ 307086,,,,,,,,,,,,,,,,
"Data source: Bureau of Justice Statistics, Annual Survey of Jails, 2017, 2018, and 2020–2022; and Census of Jails, 2019",,,,,,,,,,,,,,,,
"Author: Zhen Zeng, PhD, BJS Statistician",,,,,,,,,,,,,,,,
Refer questions to: askbjs@usdoj.gov 202-307-0765,,,,,,,,,,,,,,,,
Date of version: 12/14/2023,,,,,,,,,,,,,,,,
,,,,,,,,,,,,,,,,
"Table 16. Number of staff employed in local jails, by job function and sex, 2017–2022",,,,,,,,,,,,,,,,
Job function and sex,,2017,,2018,,2019,,2020,,2021,,2022*,Average annual percent change 2017–2022,,Percent change 2021–2022,
,Total,"225,700", †,"221,600",,"237,500", †,"233,200", †,"220,900", †,"212,300",-1.2,%,-3.9,%
Correctional officers/a,,"179,500", †,"174,500", †,"184,100", †,"184,900", †,"174,800", †,"165,200",-1.7,%,-5.5,%
,Male,"123,200", †,"119,900", †,"127,300", †,"125,800", †,"117,600", †,"109,600",-2.3,,-6.7,
,Female,"56,300",,"54,600",,"56,800",,"59,100", †,"57,200",,"55,600",-0.3,,-2.9,
,Inmate-to-correctional-officer ratio/b,4.2,,4.2, †,4,,3, †,3.6, †,4,,,,
All other staff/c,,"46,200",,"47,100",,"53,400", †,"48,400",,"46,100",,"47,100",0.4,%,2.2,%
,Male,"20,300",,"20,600",,"25,400", †,"20,100",,"20,100",,"20,700",0.4,,3.1,
,Female,"25,900",,"26,500",,"28,000", †,"28,300", †,"26,000",,"26,400",0.4,,1.5,
"Note: Data are based on staff employed in local jails on the last weekday in June. Data are rounded to the nearest 100 for the number of staff. Details may not sum to totals due to rounding. See table 16 in Jail Inmates in 2020 (NCJ 303308, BJS, December 2021) for counts of staff employed in 2013, 2015, and 2016. Results may differ from previous reports in the series due to data updates from jail authorities. See appendix table 17 for standard errors.",,,,,,,,,,,,,,,,
*Comparison year.,,,,,,,,,,,,,,,,
†Difference with comparison year is significant at the 95% confidence level.,,,,,,,,,,,,,,,,
"a/Includes deputies, monitors, and other custody staff who spend more than 50% of their time with the incarcerated population.",,,,,,,,,,,,,,,,
b/The number of inmates held on the last weekday in June per correctional officer.,,,,,,,,,,,,,,,,
"c/Includes administrators, clerical and maintenance staff, educational staff, professional and technical staff, and other unspecified staff who spend more than 50% of their time in the facility.",,,,,,,,,,,,,,,,
"Source: Bureau of Justice Statistics, Annual Survey of Jails, 2017, 2018, and 2020–2022; and Census of Jails, 2019.",,,,,,,,,,,,,,,,
