﻿Bureau of Justice Statistics,,,,,,,,,,,,
Filename: ji22stt07.csv,,,,,,,,,,,,
"Table 7. Confined inmates in local jails, by probation or parole violation status, midyears 2019–2022",,,,,,,,,,,,
Report title: Jail Inmates in 2022 – Statistical Tables  NCJ 307086,,,,,,,,,,,,
"Data source: Bureau of Justice Statistics, Annual Survey of Jails, 2020–2022; and Census of Jails, 2019",,,,,,,,,,,,
"Author: Zhen Zeng, PhD, BJS Statistician",,,,,,,,,,,,
Refer questions to: askbjs@usdoj.gov 202-307-0765,,,,,,,,,,,,
Date of version: 12/14/2023,,,,,,,,,,,,
,,,,,,,,,,,,
"Table 7. Confined inmates in local jails, by probation or parole violation status, midyears 2019–2022",,,,,,,,,,,,
,,Number of inmates,,,,,,,,,,
Violation status,,2019,,2020,,2021,,2022*,Average annual percent change 2019–2022,,Percent change 2021–2022,
,Total inmate population,"734,500", †,"549,100", †,"636,300", †,"663,100",-3.4,%,4.2,%
Inmates who violated probation,,"97,500", †,"72,900", †,"87,300",,"91,600",-2.1,,5,
Inmates who violated parole,,"28,900", †,"25,900", †,"34,400",,"32,200",3.5,,-6.5,
Note: Data are based on the inmate population confined on the last weekday in June. Persons who violate probation and parole are not mutually exclusive and may have dual statuses. See appendix table 8 for standard errors.,,,,,,,,,,,,
*Comparison year.,,,,,,,,,,,,
†Difference with comparison year is significant at the 95% confidence level.,,,,,,,,,,,,
"Source: Bureau of Justice Statistics, Annual Survey of Jails, 2020–2022; and Census of Jails, 2019.",,,,,,,,,,,,
