﻿Bureau of Justice Statistics,,,,
Filename: ji22stat01.csv,,,,
"Appendix Table 1. Standard errors for table 1: Inmates confined at midyear, average daily population, annual admissions, and incarceration rates, 2012–2022",,,,
Report title: Jail Inmates in 2022 – Statistical Tables  NCJ 307086,,,,
"Data source: Bureau of Justice Statistics, Annual Survey of Jails, 2012–2018 and 2020–2022, and Census of Jails, 2019; and U.S. Census Bureau, Population Estimates by Age, Sex, Race, and Hispanic Origin for the United States: January 1, 2012 to January 1, 2023",,,,
"Author: Zhen Zeng, PhD, BJS Statistician",,,,
Refer questions to: askbjs@usdoj.gov 202-307-0765,,,,
Date of version: 12/14/2023,,,,
,,,,
"Appendix Table 1. Standard errors for table 1: Inmates confined at midyear, average daily population, annual admissions, and incarceration rates, 2012–2022",,,,
Year,Confined inmates,Average daily population,Annual admissions,"Jail incarceration rate per 100,000 U.S. residents"
2012,"7,684","7,769","189,063",2.4
2013,"8,042","7,943","688,183",2.5
2014,"8,382","8,430","205,287",2.6
2015,"7,188","7,112","141,792",2.2
2016,"5,943","5,788","138,605",1.8
2017,"6,614","7,431","152,636",2
2018,"7,122","6,967","155,281",2.2
2019,~,~,~,~
2020,"5,116","5,945","105,523",1.5
2021,"5,433","5,162","88,577",1.6
2022,"5,950","5,721","93,841",1.8
~Not applicable. Data represent a complete enumeration based on the 2019 Census of Jails.,,,,
"Source: Bureau of Justice Statistics, Annual Survey of Jails, 2012–2018 and 2020–2022, and Census of Jails, 2019; and U.S. Census Bureau, Population Estimates by Age, Sex, Race, and Hispanic Origin for the United States: January 1, 2012 to January 1, 2023.",,,,
