﻿Bureau of Justice Statistics,,,,,,,,,
Filename: ji22stat10.csv,,,,,,,,,
"Appendix Table 10. Standard errors for table 9: Average daily jail population, by size of jurisdiction, 2022",,,,,,,,,
Report title: Jail Inmates in 2022 – Statistical Tables  NCJ 307086,,,,,,,,,
"Data source: Bureau of Justice Statistics, Annual Survey of Jails, 2022",,,,,,,,,
"Author: Zhen Zeng, PhD, BJS Statistician",,,,,,,,,
Refer questions to: askbjs@usdoj.gov 202-307-0765,,,,,,,,,
Date of version: 12/14/2023,,,,,,,,,
,,,,,,,,,
"Appendix Table 10. Standard errors for table 9: Average daily jail population, by size of jurisdiction, 2022",,,,,,,,,
,,Jail jurisdictions,,,Total ADP,,,,
Jail jurisdiction size (ADP),,Number,Percent,,Number,Percent,,Mean ADP,Median ADP
,Total,~,:,,"5,721",:,,2.1,:
"2,500 or more inmates",,1,0.04,%,"5,127",0.68,%,96.7,:
"1,000–2,499",,1,0.05,,"1,982",0.37,,7.2,:
500–999,,5,0.19,,"3,151",0.49,,3.9,:
250–499,,10,0.36,,"3,334",0.51,,3.5,:
100–249,,30,1.07,,"4,447",0.66,,2.9,:
50–99,,48,1.72,,"3,399",0.52,,1.7,:
Fewer than 50,,43,1.54,,"1,730",0.27,,1.3,:
:Not calculated.,,,,,,,,,
~Not applicable. ,,,,,,,,,
"Source: Bureau of Justice Statistics, Annual Survey of Jails, 2022.",,,,,,,,,
