﻿Bureau of Justice Statistics,,,,,,,,,,,,
Filename: ji22stat18.csv,,,,,,,,,,,,
"Appendix Table 18. Standard errors for table 17: Percent of staff employed in local jails, by job function and sex, 2017–2022",,,,,,,,,,,,
Report title: Jail Inmates in 2022 – Statistical Tables  NCJ 307086,,,,,,,,,,,,
"Data source: Bureau of Justice Statistics, Annual Survey of Jails, 2017, 2018, and 2020–2022; and Census of Jails, 2019",,,,,,,,,,,,
"Author: Zhen Zeng, PhD, BJS Statistician",,,,,,,,,,,,
Refer questions to: askbjs@usdoj.gov 202-307-0765,,,,,,,,,,,,
Date of version: 12/14/2023,,,,,,,,,,,,
,,,,,,,,,,,,
"Appendix Table 18. Standard errors for table 17: Percent of staff employed in local jails, by job function and sex, 2017–2022",,,,,,,,,,,,
Job function and sex,,2017,,2018,,2019,2020,,2021,,2022,
,Total,:,,:,,:,:,,:,,:,
Correctional officers,,0.33,%,0.32,%,~,0.31,%,0.39,%,0.36,%
,Male,0.29,,0.28,,~,0.31,,0.35,,0.36,
,Female,0.32,,0.33,,~,0.31,,0.33,,0.32,
All other staff,,0.33,%,0.32,%,~,0.31,%,0.39,%,0.36,%
,Male,0.19,,0.17,,~,0.19,,0.25,,0.29,
,Female,0.21,,0.22,,~,0.19,,0.22,,0.18,
:Not calculated for percentage totals. ,,,,,,,,,,,,
~Not applicable. Data represent a complete enumeration based on the 2019 Census of Jails.,,,,,,,,,,,,
"Source: Bureau of Justice Statistics, Annual Survey of Jails, 2017, 2018, and 2020–2022; and Census of Jails, 2019.",,,,,,,,,,,,
