﻿Bureau of Justice Statistics,,,,,,,
Filename: ji22stat17.csv,,,,,,,
"Appendix Table 17. Standard errors for table 16: Number of staff employed in local jails, by job function and sex, 2017–2022",,,,,,,
Report title: Jail Inmates in 2022 – Statistical Tables  NCJ 307086,,,,,,,
"Data source: Bureau of Justice Statistics, Annual Survey of Jails, 2017, 2018, and 2020–2022; and Census of Jails, 2019",,,,,,,
"Author: Zhen Zeng, PhD, BJS Statistician",,,,,,,
Refer questions to: askbjs@usdoj.gov 202-307-0765,,,,,,,
Date of version: 12/14/2023,,,,,,,
,,,,,,,
"Appendix Table 17. Standard errors for table 16: Number of staff employed in local jails, by job function and sex, 2017–2022",,,,,,,
Job function and sex,,2017,2018,2019,2020,2021,2022
,Total,"3,903","4,172",~,"3,679","3,135","2,989"
Correctional officers,,"3,408","3,629",~,"3,084","2,559","2,461"
,Male,"2,142","2,225",~,"2,121","1,849","1,789"
,Female,"1,445","1,558",~,"1,238","1,033",986
,Inmate-to-correctional-officer ratio,0.06,0.07,~,0.04,0.05,0.05
All other staff,,915,883,~,981,"1,119","1,009"
,Male,534,506,~,552,665,715
,Female,498,504,~,547,598,444
~Not applicable. Data represent a complete enumeration based on the 2019 Census of Jails.,,,,,,,
"Source: Bureau of Justice Statistics, Annual Survey of Jails, 2017, 2018, and 2020–2022; and Census of Jails, 2019.",,,,,,,
