﻿Bureau of Justice Statistics,,,,,,,,,,,,,
Filename: ji22stt17.csv,,,,,,,,,,,,,
"Table 17. Percent of staff employed in local jails, by job function and sex, 2017–2022",,,,,,,,,,,,,
Report title: Jail Inmates in 2022 – Statistical Tables  NCJ 307086,,,,,,,,,,,,,
"Data source: Bureau of Justice Statistics, Annual Survey of Jails, 2017, 2018, and 2020–2022; and Census of Jails, 2019",,,,,,,,,,,,,
"Author: Zhen Zeng, PhD, BJS Statistician",,,,,,,,,,,,,
Refer questions to: askbjs@usdoj.gov 202-307-0765,,,,,,,,,,,,,
Date of version: 12/14/2023,,,,,,,,,,,,,
,,,,,,,,,,,,,
"Table 17. Percent of staff employed in local jails, by job function and sex, 2017–2022",,,,,,,,,,,,,
Job function and sex,,2017,,2018,,2019,,2020,,2021,,2022*,
,Total,100,%,100,%,100,%,100,%,100,%,100,%
Correctional officers/a,,79.5,% †,78.7,%,77.5,%,79.3,% †,79.1,% †,77.8,%
,Male,54.6, †,54.1, †,53.6, †,53.9, †,53.2, †,51.6,
,Female,25, †,24.6, †,23.9, †,25.3,,25.9,,26.2,
All other staff/b,,20.5,% †,21.3,%,22.5,%,20.7,% †,20.9,% †,22.2,%
,Male,9, †,9.3,,10.7, †,8.6, †,9.1,,9.8,
,Female,11.5, †,12,,11.8, †,12.1,,11.8, †,12.4,
Note: Data are based on staff employed in local jails on the last weekday in June. Details may not sum to totals due to rounding. Results may differ from previous reports in the series due to data updates from jail authorities. See appendix table 18 for standard errors.,,,,,,,,,,,,,
*Comparison year.,,,,,,,,,,,,,
†Difference with comparison year is significant at the 95% confidence level.,,,,,,,,,,,,,
"a/Includes deputies, monitors, and other custody staff who spend more than 50% of their time with the incarcerated population.",,,,,,,,,,,,,
"b/Includes administrators, clerical and maintenance staff, educational staff, professional and technical staff, and other unspecified staff who spend more than 50% of their time in the facility.",,,,,,,,,,,,,
"Source: Bureau of Justice Statistics, Annual Survey of Jails, 2017, 2018, and 2020–2022; and Census of Jails, 2019.",,,,,,,,,,,,,
