﻿Bureau of Justice Statistics,,,,,,,,,,,,,,,,,,
Filename: ji22stt05.csv,,,,,,,,,,,,,,,,,,
"Table 5. Number of confined inmates in local jails, by conviction status and offense severity, 2012 and 2017–2022",,,,,,,,,,,,,,,,,,
Report title: Jail Inmates in 2022 – Statistical Tables  NCJ 307086,,,,,,,,,,,,,,,,,,
"Data source: Bureau of Justice Statistics, Annual Survey of Jails, 2012, 2017, 2018, and 2020–2022; and Census of Jails, 2019",,,,,,,,,,,,,,,,,,
"Author: Zhen Zeng, PhD, BJS Statistician",,,,,,,,,,,,,,,,,,
Refer questions to: askbjs@usdoj.gov 202-307-0765,,,,,,,,,,,,,,,,,,
Date of version: 12/14/2023,,,,,,,,,,,,,,,,,,
,,,,,,,,,,,,,,,,,,
"Table 5. Number of confined inmates in local jails, by conviction status and offense severity, 2012 and 2017–2022",,,,,,,,,,,,,,,,,,
Demographic characteristic,,2012,,2017,,2018,,2019,,2020,,2021,,2022*,Average annual percent change 2012–2022,,Percent change 2021–2022,
,Total,"744,500", †,"745,200", †,"738,400", †,"734,500", †,"549,100", †,"636,300", †,"663,100",-1.2,%,4.2,%
Conviction status,,,,,,,,,,,,,,,,,,
,Convicted/a,"293,100", †,"263,200", †,"248,500", †,"253,700", †,"168,400", †,"185,000", †,"197,000",-4,%,6.5,%
,Unconvicted/b,"451,400",,"482,000", †,"490,000", †,"480,700",,"380,700", †,"451,400", †,"466,100",0.3,,3.3,
Most serious type of offense,,,,,,,,,,,,,,,,,,
,Felony ,…,,"516,800",,"504,900",,"513,900",,"421,200", †,"485,700", †,"505,700",…,,4.1,%
,Misdemeanor ,…,,"194,700", †,"192,000", †,"170,300", †,"94,000", †,"114,000", †,"122,800",…,,7.8,
,Other/c,…,,"33,600",,"41,600", †,"50,300", †,"33,800",,"36,600",,"34,500",…,,-5.8,
"Note: Data are based on the inmate population confined on the last weekday in June. Data are adjusted for nonresponse and rounded to the nearest 100. Details may not sum to totals due to rounding. See table 3 in Jail Inmates in 2017 (NCJ 251774, BJS, April 2019) for conviction status data from 2013 to 2016. Results may differ from previous reports in the series due to data updates from jail authorities. See appendix table 6 for standard errors.",,,,,,,,,,,,,,,,,,
*Comparison year.,,,,,,,,,,,,,,,,,,
†Difference with comparison year is significant at the 95% confidence level.,,,,,,,,,,,,,,,,,,
…Not collected. The Annual Survey of Jails began collecting inmate counts by offense severity in 2015.,,,,,,,,,,,,,,,,,,
a/Sentenced or awaiting sentencing on a conviction.,,,,,,,,,,,,,,,,,,
b/Awaiting court action on a current charge or held in jail for other reasons.,,,,,,,,,,,,,,,,,,
c/Includes civil infractions and unknown offenses.,,,,,,,,,,,,,,,,,,
"Source: Bureau of Justice Statistics, Annual Survey of Jails, 2012, 2017, 2018, and 2020–2022; and Census of Jails, 2019.",,,,,,,,,,,,,,,,,,
