﻿Bureau of Justice Statistics,,,
Filename: ji22stt15.csv,,,
"Table 15. Number of persons serving weekend-only sentences, 2012–2022",,,
Report title: Jail Inmates in 2022 – Statistical Tables  NCJ 307086,,,
"Data source: Bureau of Justice Statistics, Annual Survey of Jails, 2012–2018 and 2020–2022; and Census of Jails, 2019",,,
"Author: Zhen Zeng, PhD, BJS Statistician",,,
Refer questions to: askbjs@usdoj.gov 202-307-0765,,,
Date of version: 12/14/2023,,,
,,,
"Table 15. Number of persons serving weekend-only sentences, 2012–2022",,,
Year,,Number,
2012,,"10,400", †
2013,,"11,000", †
2014,,"9,700", †
2015,,"7,800", †
2016,,"5,500", †
2017,,"6,800", †
2018,,"5,900", †
2019,,"4,500", †
2020,,"2,200",
2021,,"2,100",
2022*,,"1,300",
Average annual percent change,,,
,2012–2022,-21.1,%
Percent change,,,
,2021–2022,-39.3,%
"Note: Includes persons who serve their sentences of confinement on weekends only (i.e., Friday to Sunday) on the weekend before the last weekday in June. In 2015 and 2016, the number of weekenders was collected for the weekend before December 31. Data are rounded to the nearest 100. See appendix table 16 for standard errors.",,,
*Comparison year.,,,
†Difference with comparison year is significant at the 95% confidence level.,,,
"Source: Bureau of Justice Statistics, Annual Survey of Jails, 2012–2018 and 2020–2022; and Census of Jails, 2019.",,,
