﻿Bureau of Justice Statistics,,,,,,,,
Filename: ji22stat06.csv,,,,,,,,
"Appendix Table 6. Standard errors for table 5: Number of confined inmates in local jails, by conviction status and offense severity, 2012 and 2017–2022",,,,,,,,
Report title: Jail Inmates in 2022 – Statistical Tables  NCJ 307086,,,,,,,,
"Data source: Bureau of Justice Statistics, Annual Survey of Jails, 2012, 2017, 2018, and 2020–2022; and Census of Jails, 2019",,,,,,,,
"Author: Zhen Zeng, PhD, BJS Statistician",,,,,,,,
Refer questions to: askbjs@usdoj.gov 202-307-0765,,,,,,,,
Date of version: 12/14/2023,,,,,,,,
,,,,,,,,
"Appendix Table 6. Standard errors for table 5: Number of confined inmates in local jails, by conviction status and offense severity, 2012 and 2017–2022",,,,,,,,
Conviction status and offense severity,,2012,2017,2018,2019,2020,2021,2022
,Total,"7,684","6,614","7,122",~,"5,116","5,433","5,950"
Conviction status,,,,,,,,
,Convicted,"4,418","3,568","3,888",~,"2,798","3,268","3,471"
,Unconvicted,"6,972","5,792","6,160",~,"4,394","4,837","5,026"
Most serious type of offense,,,,,,,,
,Felony ,…,"5,810","6,443",~,"5,019","5,232","5,882"
,Misdemeanor ,…,"3,388","3,461",~,"1,751","2,174","2,274"
,Other,…,"1,774","1,963",~,"1,613","1,425","1,299"
…Not collected. The Annual Survey of Jails began collecting inmate counts by offense severity in 2015.,,,,,,,,
~Not applicable. Data represent a complete enumeration based on the 2019 Census of Jails.,,,,,,,,
"Source: Bureau of Justice Statistics, Annual Survey of Jails, 2012, 2017, 2018, and 2020–2022; and Census of Jails, 2019.",,,,,,,,
