Bureau of Justice Statistics,,,,,,,
Filename:  fjs08st105.csv,,,,,,,
"Table 1.5  Warrants cleared, by warrant type, October 1, 2006 - September 30, 2007",,,,,,,
"Report title: Federal Justice Statistics, 2008 - Statistical Tables NCJ # ",,,,,,,
Data source:  Federal Justice Statistics Program  ,,,,,,,
Author:  Urban Institute under the supervision of BJS,,,,,,,
Refer questions to:  askbjs@usdoj.gov  202-307-0765,,,,,,,
Date of version: 9/10/10,,,,,,,
,,,,,,,
,,,,,,,
"Table 1.5.  Warrants cleared, by warrant type, October 1, 2006 - September 30, 2007",,,,,,,
,,,,,,,
Warrant type,,,Number,Percent,,Median days from initiation to clearance,
,All warrants cleared during FY 2005 *,,"167,742",100,%,19,days
Federal,,,"82,459",49.2,%,15,days
,Felony,,"71,293",42.5,%,11,
,,Escape,731,0.4,,20,
,,Bond violation,"5,365",3.2,,14,
,,Parole violation,"2,808",1.7,,37,
,,Probation violation,"16,470",9.8,,15,
,,DEA related,"10,912",6.5,,9,
,,Federal agency without arrest power,861,0.5,,15,
,,Other federal agency with arrest power,"32,540",19.4,,8,
,,Other,"1,606",1,,21,
,Nonfelony,,"11,166",6.7,%,273,
,,Traffic,"5,886",3.5,,298,
,,Misdemeanor,"5,280",3.1,,257,
State or local,,,"85,283",50.8,%,22,days
,,,,,,,
Note: Analysis based on the cohort of all warrants cleared during FY 2007.,,,,,,,
* Includes four records with missing or indeterminable warrant type.,,,,,,,
"Source: U.S. Marshals Service Warrant Information Network, fiscal year.",,,,,,,
