Bureau of Justice Statistics,,,,,,,,,,
Filename:  fjs08st104.csv,,,,,,,,,,
"Table 1.4.  Characteristics of suspects arrested by Drug Enforcement Administration agents, by type of drug, October 1, 2007 - September 30, 2008",,,,,,,,,,
"Report title: Federal Justice Statistics, 2008 - Statistical Tables NCJ # ",,,,,,,,,,
Data source:  Federal Justice Statistics Program  ,,,,,,,,,,
Author:  Urban Institute under the supervision of BJS,,,,,,,,,,
Refer questions to:  askbjs@usdoj.gov  202-307-0765,,,,,,,,,,
Date of version: 9/10/10,,,,,,,,,,
,,,,,,,,,,
"Table 1.4.  Characteristics of suspects arrested by Drug Enforcement Administration agents, by type of drug, October 1, 2007 - September 30, 2008",,,,,,,,,,
,,,,,,,,,,
,,,,,Type of drug,,,,,
Arrestee characteristic,,Total arrested,Percent arrested,,Cocaine powder,Crack cocaine,Marijuana,Methamphetamine,Opiates,Other or nondrug
,All arrestees*,"27,235",100,%,"8,305","3,254","5,949","4,531","2,427","2,769"
Male/Female,,,,,,,,,,
,Male,"23,060",84.7,%,"7,357","2,780","5,210","3,644","2,047","2,022"
,Female,"4,174",15.3,,947,474,739,887,380,747
Race,,,,,,,,,,
,White,"17,932",66.7,%,"5,325",577,"4,486","4,101","1,574","1,869"
,Black/African American,"8,116",30.2,,"2,774","2,621","1,146",160,783,632
,American Indian/Alaska Native,173,0.6,,31,11,69,35,13,14
,Asian/Native Hawaiian/Other Pacific Islander,662,2.5,,58,21,180,162,16,225
Hispanic origin,,,,,,,,,,
,Hispanic/Latino,"11,830",44.5,%,"4,522",318,"2,945","2,290","1,306",449
,Non-Hispanic/Latino,"14,780",55.5,,"3,630","2,827","2,893","2,179","1,057","2,194"
Age,,,,,,,,,,
,Under 19 years,403,1.5,%,95,65,125,44,42,32
,19-20 ,"1,291",4.8,,318,178,381,167,103,144
,21-30 ,"10,890",40.1,,"3,260","1,510","2,371","1,763",942,"1,044"
,31-40 ,"8,550",31.5,,"2,880",950,"1,694","1,508",767,751
,Over 40 ,"6,042",22.2,,"1,730",547,"1,368","1,043",559,795
,,,,,,,,,,
Citizenship,,,,,,,,,,
,U.S. citizen,"19,401",74.3,%,"5,520","3,050","3,929","2,971","1,596","2,335"
,Non-U.S. citizen,"6,728",25.7,,"2,454",106,"1,781","1,358",706,323
,,,,,,,,,,
* Summing arrestees on a characteristic may not yield the total number of arrestees because some arrestees lack information on that characteristic.,,,,,,,,,,
"Source: Drug Enforcement Administration Defendant Statistical System, fiscal year.",,,,,,,,,,
