Bureau of Justice Statistics,,,,,,,
Filename:  fjs08st106.csv,,,,,,,
"Table 1.6.  Time from warrant inititation to clearance, by warrant characteristics, October 1, 2006 - September 30, 2007",,,,,,,
"Report title: Federal Justice Statistics, 2008 - Statistical Tables NCJ # ",,,,,,,
Data source:  Federal Justice Statistics Program  ,,,,,,,
Author:  Urban Institute under the supervision of BJS,,,,,,,
Refer questions to:  askbjs@usdoj.gov  202-307-0765,,,,,,,
Date of version: 9/10/10,,,,,,,
,,,,,,,
"Table 1.6.  Time from warrant initiation to clearance, by warrant characteristics, October 1, 2006 - September 30, 2007",,,,,,,
,,,,,,,
,,,All warrant types,,,,
,,,Number,Percent,,Median days,
,All warrants cleared during FY 2005,,"167,742",100,%,19,days
By warrant execution type,,,,,,,
,Warrants cleared by arrest,,"138,638",82.7,%,13,days
,,"Alcohol, Tobacco, Firearms and Explosives","3,470",2.1,,9,
,,Customs and Border Protection,"1,244",0.7,,3,
,,Drug Enforcement Administration,"5,421",3.2,,5,
,,Federal Bureau of Investigation,"5,248",3.1,,5,
,,Immigration and Naturalization Service,"2,036",1.2,,3,
,,Marshals Service,"97,788",58.3,,14,
,,Self-surrender,"7,214",4.3,,20,
,,Other federal,"6,699",4,,7,
,,State/local,"9,518",5.7,,32,
,Warrants cleared by other means,,"28,952",17.3,%,129,days
,,Detainer,"11,309",6.7,,47,
,,Dismissed,"17,613",10.5,,258,
,,Other,30,--,,"11,852",
By offense,,,,,,,
,Violent offenses,,"20,850",12.5,%,14,days
,Property offenses,,"20,257",12.1,%,14,days
,,Fraudulent,"10,072",6,,12,
,,Other,"10,185",6.1,,20,
,Drug offenses,,"33,074",19.8,%,11,days
,Public-order offenses,,"25,134",15,%,50,days
,,Regulatory,533,0.3,,133,
,,Other,"24,601",14.7,,49,
,Weapon offenses,,"8,907",5.3,%,14,days
,Immigration offenses,,"4,850",2.9,%,3,days
,Supervision violations,,"53,317",31.9,%,27,days
,Material witness,,682,0.4,%,3,days
,,,,,,,
Note: Analysis based on the cohort of all warrants cleared during FY 2007. Summing warrants on a characteristic may not yield the total because some warrants were missing data on some characteristics.,,,,,,,
--Less than .05%.,,,,,,,
"Source: U.S. Marshals Service Warrant Information Network, fiscal year.",,,,,,,
