Bureau of Justice Statistics,,,,,,,,,,,,,,
Filename:  fjs08st708.csv,,,,,,,,,,,,,,
"Table 7.8. Characteristics of offenders terminating federal parole, October 1, 2007 - September 30, 2008",,,,,,,,,,,,,,
"Report title: Federal Justice Statistics, 2008 - Statistical Tables NCJ # ",,,,,,,,,,,,,,
Data source:  Federal Justice Statistics Program  ,,,,,,,,,,,,,,
Author:  Urban Institute under the supervision of BJS,,,,,,,,,,,,,,
Refer questions to:  askbjs@usdoj.gov  202-307-0765,,,,,,,,,,,,,,
Date of version: 9/10/10,,,,,,,,,,,,,,
,,,,,,,,,,,,,,
,,,,,,,,,,,,,,
"Table 7.8. Characteristics of offenders terminating federal parole, October 1, 2007 - September 30, 2008",,,,,,,,,,,,,,
,,,,,,,,,,,,,,
,,,Percent terminating with--,,,,,,,,,,,
,,,,,Technical violations/a,,,,,,,,,
Offender characteristic,,Number of parole terminations,No violation,,Drug use,,Fugitive status,,Other,,New crime/b,,Administrative case closures,
,All offenders/c,994,52.5,%,3.9,%,1.2,%,4.4,%,3.4,%,34.5,%
Gender,,,,,,,,,,,,,,
,Male,972,51.9,%,4,%,1.2,%,4.5,%,3.5,%,34.9,%
,Female,22,81.8,,0,,0,,0,,0,,18.2,
Race,,,,,,,,,,,,,,
,White,457,65.6,%,2.6,%,1.3,%,4.2,%,2.4,%,23.9,%
,Black/African American,492,41.3,,4.9,,1.2,,4.9,,4.3,,43.5,
,American Indian/Alaska Native,25,40,,4,,0,,4,,8,,44,
,Asian/Native Hawaiian/Other Pacific Islander,8,^,,^,,^,,^,,^,,^,
,Other Pacific Islander,4,^,,^,,^,,^,,^,,^,
Hispanic origin,,,,,,,,,,,,,,
,Hispanic/Latino,93,69.9,%,4.3,%,0,%,1.1,%,1.1,%,23.7,%
,Non-Hispanic/Latino,885,51,,3.8,,1.4,,4.9,,3.6,,35.4,
Age,,,,,,,,,,,,,,
,Under 19 years,0,^,%,^,%,^,%,^,%,^,%,^,%
,19-20 ,2,^,,^,,^,,^,,^,,^,
,21-30 ,152,74.3,,1.3,%,1.3,%,2.6,,1.3,%,19.1,%
,31-40 ,137,54.7,,2.9,,1.5,,8,,2.2,,30.7,
,Over 40 ,703,47.4,,4.7,,1.1,,4.1,,4.1,,38.5,
,,,,,,,,,,,,,,
^ Too few cases to obtain statistically reliable data.,,,,,,,,,,,,,,
a/Violation of supervision conditions other than charges for new offenses.,,,,,,,,,,,,,,
b/Includes felonies and misdemeanors.,,,,,,,,,,,,,,
c/Total includes offenders whose characteristics could not be determined.,,,,,,,,,,,,,,
Source: Administrative Office of the U.S. Courts Federal Probation and Supervision Information System (FPSIS).,,,,,,,,,,,,,,
