Filename:  fjs08st705.csv,,,,,,,,,,,,,,,,
"Table 7.5.  Outcomes of federal supervised release, by offense, October 1, 2007 - September 30, 2008",,,,,,,,,,,,,,,,
"Report title: Federal Justice Statistics, 2008 - Statistical Tables NCJ # ",,,,,,,,,,,,,,,,
Data source:  Federal Justice Statistics Program  ,,,,,,,,,,,,,,,,
Author:  Urban Institute under the supervision of BJS,,,,,,,,,,,,,,,,
Refer questions to:  askbjs@usdoj.gov  202-307-0765,,,,,,,,,,,,,,,,
Date of version: 9/10/10,,,,,,,,,,,,,,,,
,,,,,,,,,,,,,,,,
"Table 7.5.  Outcomes of federal supervised release, by offense, October 1, 2007 - September 30, 2008",,,,,,,,,,,,,,,,
,,,,,,,,,,,,,,,,
,,,,,Percent terminating supervised release with-- ,,,,,,,,,,,
,,,,,,,Technical violations/a,,,,,,,,,
Most serious offense of conviction,,,,Number of supervised release terminations,No violation,,Drug use,,Fugitive status,,Other,,New crime/b,,Administrative case closures,
,All offenses,,,"38,720",55.3,%,5.8,%,1.9,%,7.3,%,8,%,21.8,%
Felonies,,,,"38,112",55.2,%,5.8,%,1.9,%,7.2,%,8,%,21.8,%
,Violent offenses,,,"2,655",40.3,%,6.3,%,3.8,%,12.5,%,10.2,%,26.8,%
,,Murder/c,,172,29.7,,4.1,,3.5,,16.3,,11.6,,34.9,
,,Negligent manslaughter,,5,^,,^,,^,,^,,^,,^,
,,Assault,,390,35.6,,3.1,,4.4,,19.5,,12.3,,25.1,
,,Robbery,,"1,719",42.4,,8,,3.4,,9.8,,9.5,,26.9,
,,Sexual abuse/c,,312,39.4,,2.6,,5.8,,17.9,,10.3,,24,
,,Kidnapping,,29,48.3,,6.9,,0,,6.9,,10.3,,27.6,
,,Threats against the President,,28,42.9,,3.6,,7.1,,3.6,,17.9,,25,
,Property offenses,,,"7,539",62.8,%,4,%,2.1,%,7.5,%,6,%,17.5,%
,,Fraudulent,,"6,274",65.6,%,3.7,%,1.7,%,7.3,%,5.5,%,16.2,%
,,,Embezzlement,449,86.6,,1.1,,0.2,,4.2,,2.2,,5.6,
,,,Fraud/c,"5,035",66.4,,3,,1.5,,7.2,,5.3,,16.6,
,,,Forgery,47,55.3,,6.4,,2.1,,10.6,,4.3,,21.3,
,,,Counterfeiting,743,48,,9.8,,4.2,,9.6,,8.5,,19.9,
,,Other,,"1,265",49.2,%,5.9,%,3.8,%,8.7,%,8.9,%,23.6,%
,,,Burglary,85,30.6,,9.4,,3.5,,14.1,,11.8,,30.6,
,,,Larceny/c,808,49.4,,5.8,,3.5,,8.4,,8.9,,24,
,,,Motor vehicle theft,115,44.3,,7.8,,3.5,,10.4,,12.2,,21.7,
,,,Arson and explosives,136,52.9,,5.1,,5.9,,8.8,,7.4,,19.9,
,,,Transportation of stolen property,97,67,,1,,2.1,,5.2,,5.2,,19.6,
,,,Other property offenses/c,24,37.5,,12.5,,12.5,,4.2,,4.2,,29.2,
,Drug offenses,,,"17,087",59.8,%,6.1,%,1.4,%,5.8,%,7.3,%,19.7,%
,,Trafficking,,"15,390",59.9,,6.2,,1.4,,5.8,,7.4,,19.4,
,,Possession and other drug offenses,,"1,697",58.8,,5.5,,1.1,,5.1,,7,,22.5,
,Public-order offenses,,,"2,610",71.9,%,2.5,%,0.9,%,6.6,%,4.2,%,14,%
,,Regulatory,,520,77.3,%,3.3,%,0.8,%,3.1,%,3.3,%,12.3,%
,,,Agriculture,1,^,,^,,^,,^,,^,,^,
,,,Antitrust,4,^,,^,,^,,^,,^,,^,
,,,Food and drug,10,^,,^,,^,,^,,^,,^,
,,,Transportation,36,69.4,,2.8,,0,,5.6,,2.8,,19.4,
,,,Civil rights,47,80.9,,4.3,,0,,6.4,,4.3,,4.3,
,,,Communications,17,70.6,,0,,0,,0,,23.5,,5.9,
,,,Custom laws,29,65.5,,3.4,,3.4,,3.4,,0,,24.1,
,,,Postal laws,14,64.3,,14.3,,0,,7.1,,7.1,,7.1,
,,,Other regulatory offenses,362,79,,2.8,,0.8,,2.5,,2.5,,12.4,
,,Other,,"2,090",70.6,%,2.2,%,0.9,%,7.4,%,4.4,%,14.4,%
,,,Tax law violations/c,245,94.7,,0,,0,,0.8,,0.4,,4.1,
,,,Bribery,65,86.2,,0,,0,,1.5,,3.1,,9.2,
,,,"Perjury, contempt, and intimidation",127,66.9,,7.1,,0.8,,3.1,,6.3,,15.7,
,,,National defense,25,72,,4,,0,,4,,0,,20,
,,,Escape,177,37.3,,4,,5.1,,12.4,,8.5,,32.8,
,,,Racketeering and extortion,721,73,,2.6,,0.6,,5.8,,4.9,,13.2,
,,,Gambling,9,^,,^,,^,,^,,^,,^,
,,,Nonviolent sex offenses,561,67.2,,1.2,,0.4,,13.5,,3.6,,14.1,
,,,Obscene material/c,26,73.1,,0,,0,,0,,7.7,,19.2,
,,,Wildlife,16,50,,6.3,,0,,6.3,,6.3,,31.3,
,,,Environmental,8,^,,^,,^,,^,,^,,^,
,,,All other offenses,110,68.2,,2.7,,2.7,,5.5,,8.2,,12.7,
,Weapon offenses,,,"5,690",40.5,%,9,%,2.3,%,9.5,%,11,%,27.7,%
,Immigration offenses,,,"2,504",33.3,%,4.4,%,2.9,%,6.3,%,13.4,%,39.7,%
Misdemeanors/d,,,,608,62.3,%,6.4,%,1.2,%,7.9,%,5.8,%,16.4,%
,Fraudulent property offense,,,58,70.7,,1.7,,1.7,,3.4,,0,,22.4,
,Larceny,,,75,48,,12,,1.3,,14.7,,4,,20,
,Drug possession/c,,,158,52.5,,13.3,,2.5,,7,,8.9,,15.8,
,Immigration misdemeanors,,,40,92.5,,0,,0,,5,,0,,2.5,
,Traffic offenses,,,106,56.6,,3.8,,0.9,,11.3,,6.6,,20.8,
,Other misdemeanors,,,171,71.3,,2.3,,0,,5.8,,6.4,,14,
,,,,,,,,,,,,,,,,
Note: Offenses for 27 felony offenders could not be determined.,,,,,,,,,,,,,,,,
^ Too few cases to obtain statistically reliable data.,,,,,,,,,,,,,,,,
a/Supervision terminated with incarceration or removal to inactive status for violation of supervision conditions other than charges for new offenses.,,,,,,,,,,,,,,,,
"b/Supervision terminated with incarceration or removal to inactive status after arrest for a ""major"" or ""minor"" offense.",,,,,,,,,,,,,,,,
"c/In this table, ""Murder"" includes nonnegligent manslaughter; ""Sexual abuse"" includes only violent sex offenses; ""Fraud"" excludes tax fraud; ""Larceny"" excludes transportation of stolen property; ""Other property offenses"" exclude fraudulent property offenses and include destruction of property and trespassing; ""Tax law violations"" include tax fraud; ""Obscene material"" denotes the mail or transport thereof; ""Misdemeanors"" include misdemeanors, petty offenses, and unknown offense levels; and ""Drug possession"" also includes other drug misdemeanors.",,,,,,,,,,,,,,,,
Source: Administrative Office of the U.S. Courts Federal Probation and Supervision Information System.,,,,,,,,,,,,,,,,
