Bureau of Justice Statistics,,,
Filename:  fjs08stm701.csv,,,
"Map 7.1. Defendants under federal supervision, by federal judicial district, October 1, 2007 - September 30, 2008",,,
"Report title: Federal Justice Statistics, 2008 - Statistical Tables NCJ # ",,,
Data source:  Federal Justice Statistics Program  ,,,
Author:  Urban Institute under the supervision of BJS,,,
Refer questions to:  askbjs@usdoj.gov  202-307-0765,,,
Date of version: 9/10/10,,,
,,,
,,,
,,,
"Map 7.1. Defendants under federal supervision, by federal judicial district, October 1, 2007 - September 30, 2008",,,
,,,
Federal judicial district,Number,Percent,
Alabama Middle,552,0.5,%
Alabama Northern,1150,1,
Alabama Southern,956,0.8,
Alaska,337,0.3,
Arizona,3043,2.5,
Arkansas Eastern,763,0.6,
Arkansas Western,330,0.3,
California Central,3720,3.1,
California Eastern,1494,1.2,
California Northern,1491,1.2,
California Southern,2616,2.2,
Colorado,1060,0.9,
Connecticut,913,0.8,
Delaware,222,0.2,
District of Columbia,2341,2,
Florida Middle,3005,2.5,
Florida Northern,996,0.8,
Florida Southern,3544,3,
Georgia Middle,958,0.8,
Georgia Northern,1450,1.2,
Georgia Southern,778,0.6,
Guam,244,0.2,
Hawaii,921,0.8,
Idaho,429,0.4,
Illinois Central,688,0.6,
Illinois Nothern,2432,2,
Illinois Southern,789,0.7,
Indiana Northern,767,0.6,
Indiana Southern,678,0.6,
Iowa Northern,711,0.6,
Iowa Southern,623,0.5,
Kansas,1077,0.9,
Kentucky Eastern,930,0.8,
Kentucky Western,663,0.6,
Louisiana Eastern,1007,0.8,
Louisiana Middle,420,0.3,
Louisiana Western,899,0.7,
Maine,455,0.4,
Maryland,1845,1.5,
Massachusetts,1198,1,
Michigan Eastern,1771,1.5,
Michigan Western,702,0.6,
Minnesota,1133,0.9,
Mississippi Northern,508,0.4,
Mississippi Southern,1096,0.9,
Missouri Eastern,2124,1.8,
Missouri Western,1740,1.4,
Montana,699,0.6,
Nebraska,1315,1.1,
Nevada,1152,1,
New Hampshire,316,0.3,
New Jersey,2436,2,
New Mexico,1473,1.2,
New York Eastern,2523,2.1,
New York Northern,766,0.6,
New York Southern,3414,2.8,
New York Western,1152,1,
North Carolina Eastern,1452,1.2,
North Carolina Middle,910,0.8,
North Carolina Western,1287,1.1,
North Dakota,314,0.3,
Ohio Northern,2013,1.7,
Ohio Southern,1495,1.2,
Oklahoma Eastern,179,0.1,
Oklahoma Northern,446,0.4,
Oklahoma Western,722,0.6,
Oregon,1040,0.9,
Pennsylvania Eastern,2435,2,
Pennsylvania Middle,760,0.6,
Pennsylvania Western,965,0.8,
Puerto Rico,1511,1.3,
Rhode Island,257,0.2,
South Carolina,2361,2,
South Dakota,825,0.7,
Tennessee Eastern,1217,1,
Tennessee Middle,630,0.5,
Tennessee Western,1113,0.9,
Texas Eastern,1516,1.3,
Texas Northern,1922,1.6,
Texas Southern,5199,4.3,
Texas Western,5483,4.6,
Utah,1022,0.9,
Vermont,282,0.2,
Virgin Islands,199,0.2,
Virginia Eastern,3624,3,
Virginia Western,1100,0.9,
Washington Eastern,449,0.4,
Washington Western,1449,1.2,
West  Virginia Southern,741,0.6,
West Virginia Northern,741,0.6,
Wisconsin Eastern,816,0.7,
Wisconsin Western,348,0.3,
Wyoming,412,0.3,
"Note: There were 120,050 defendants under Federal supervision on September 30, 2008.",,,
"Source: Administrative Office for the U.S. Courts, Federal supervision data file, fiscal year.",,,
