Bureau of Justice Statistics,,,,,,,,,,,,,
Filename:  fjs08st702.csv,,,,,,,,,,,,,
"Table 7.2. Characteristics of federal offenders under supervision, October 1, 2007 - September 30, 2008",,,,,,,,,,,,,
"Report title: Federal Justice Statistics, 2008 - Statistical Tables NCJ # ",,,,,,,,,,,,,
Data source:  Federal Justice Statistics Program  ,,,,,,,,,,,,,
Author:  Urban Institute under the supervision of BJS,,,,,,,,,,,,,
Refer questions to:  askbjs@usdoj.gov  202-307-0765,,,,,,,,,,,,,
Date of version: 9/10/10,,,,,,,,,,,,,
,,,,,,,,,,,,,
"Table 7.2. Characteristics of federal offenders under supervision, October 1, 2007 - September 30, 2008",,,,,,,,,,,,,
,,,,,,,,,,,,,
,,,,,Type of supervision,,,,,,,,
,,Total offenders under supervision,,,Probation,,,Supervised release,,,Parole,,
Offender characteristic,,Number,Percent,,Number,Percent,,Number,Percent,,Number,Percent,
,All offenders*,"120,053",100,%,"23,054",100,%,"94,703",100,%,"2,296",100,%
Gender,,,,,,,,,,,,,
,Male,"96,616",80.7,%,"14,516",64,%,"79,862",84.4,%,"2,238",97.5,%
,Female,"23,039",19.3,,"8,172",36,,"14,809",15.6,,58,2.5,
Race,,,,,,,,,,,,,
,White,"68,861",57.7,%,"14,453",64,%,"53,510",56.6,%,898,39.4,%
,Black/African American,"43,986",36.8,,"6,330",28,,"36,320",38.4,,"1,336",58.6,
,American Indian/Alaska Native,"2,707",2.3,,696,3.1,,"1,987",2.1,,24,1.1,
,Asian/Native Hawaiian/Other Pacific Islander,"3,340",2.8,,911,4,,"2,410",2.5,,19,0.8,
,Other,495,0.4,,189,0.8,,305,0.3,,1,--,
Hispanic origin,,,,,,,,,,,,,
,Hispanic/Latino,"24,466",20.6,%,"3,618",16.1,%,"20,613",21.9,%,235,10.4,%
,Non-Hispanic/Latino,"94,431",79.4,,"18,811",83.9,,"73,591",78.1,,"2,029",89.6,
Age,,,,,,,,,,,,,
,Under 19 years,251,0.2,%,221,1,%,30,--,%,0,0,%
,19-20 ,"1,379",1.2,,735,3.2,,640,0.7,,4,0.2,
,21-30 ,"30,359",25.3,,"6,151",26.9,,"24,002",25.3,,206,9,
,31-40 ,"40,076",33.4,,"5,802",25.4,,"33,885",35.8,,389,16.9,
,Over 40 ,"47,797",39.9,,"9,960",43.6,,"36,141",38.2,,"1,696",73.9,
,,,,,,,,,,,,,
*Total includes offenders whose characteristics could not be determined.,,,,,,,,,,,,,
Source: Administrative Office of the U.S. Courts Federal Probation and Supervision Information System (FPSIS).,,,,,,,,,,,,,
