"Bureau of Justice Statistics",,
"filename:sd97t53.csv",,
"Table 53.  Use of Automated Fingerprint Identification Systems (AFIS),  in sheriffs' departments, by size of population served, 1997",,
"title: Sheriffs' Departments, 1997, NCJ 173428",,
"data source:  1997 Law Enforcement Management and Administrative Statistics",,
"authors:  Andrew L. Goldberg and Brian A. Reaves, Ph.D.  ",,
"refer questions to: askbjs@ojp.usdoj.gov (202)307-0765",,
"date of version: 11/1/99",,
,,
"Table 53.  Use of Automated Fingerprint Identification Systems (AFIS),  in sheriffs' departments, by size of population served, 1997",,
,,
,"Percent of agencies  with AFIS ownership or remote access ",
,"Exclusive   ","Remote "
"Population","or shared ","access"
"served","ownership","terminal"
,,
"  All sizes",15%,9%
,,
"1,000,000 or more",68%,50%
"500,000-999,999",59%,53%
"250,000-499,999",54%,47%
"100,000-249,999",30%,20%
"50,000-99,999",16%,14%
"25,000-49,999",11%,3%
"10,000-24,999",10%,6%
"Under 10,000",7%,1%
