"Bureau of Justice Statistics",,
"filename:sd97f03.csv",,
"Figure 3. Median number of training hours required of new deputy recruits in sheriffs' departments, 1993 and 1997",,
"title: Sheriffs' Departments, 1997, NCJ 173428",,
"data source:  1997 Law Enforcement Management and Administrative Statistics",,
"authors:  Andrew L. Goldberg and Brian A. Reaves, Ph.D.  ",,
"refer questions to: askbjs@ojp.usdoj.gov (202)307-0765",,
"date of version: 11/1/99",,
,,
,,
"Figure 3. Median number of training hours required of new deputy recruits in sheriffs' departments, 1993 and 1997",,
,,
"Size of ","Median number of training hours",
"agency",,
,1993,1997
"Under 25,000",400,440
"25,000-99,999",520,520
"100,000-499,999",600,680
"500,000 or more",820,870
