"Bureau of Justice Statistics",
"filename:sd97f08.csv",
"Figure 8.  Groups that sheriffs' departments regularly met with to address crime-related problems, 1997",
"title: Sheriffs' Departments, 1997, NCJ 173428",
"data source:  1997 Law Enforcement Management and Administrative Statistics",
"authors:  Andrew L. Goldberg and Brian A. Reaves, Ph.D.  ",
"refer questions to: askbjs@ojp.usdoj.gov (202)307-0765",
"date of version: 11/1/99",
,
,
,
"Figure 8.  Groups that sheriffs' departments regularly met with to address crime-related problems, 1997",
,
,
"Types of groups","Percent of sheriffs' departments"
,
"Tenants' associations",11%
"Advocacy groups",22%
"Religious groups",28%
"Youth service organizations",33%
"Business groups",44%
"Neighborhood associations",53%
"School groups",64%
