"Bureau of Justice Statistics",,
"filename:sd97t44.csv",,
"Table 44.  Number of cars per officer in sheriffs' departments, by size of population served, 1997",,
"title: Sheriffs' Departments, 1997, NCJ 173428",,
"data source:  1997 Law Enforcement Management and Administrative Statistics",,
"authors:  Andrew L. Goldberg and Brian A. Reaves, Ph.D.  ",,
"refer questions to: askbjs@ojp.usdoj.gov (202)307-0765",,
"date of version: 1/4/00",,
,,
"Table 44.  Number of cars per officer in sheriffs' departments, by size of population served, 1997",,
,,
,"Number of ","Percent of cars"
"Population","cars per","that were"
"served","100 officer*","unmarked"
,,
"  All sizes",54,35%
,,
"1,000,000 or more",30,47%
"500,000-999,999",51,42%
"250,000-499,999",47,41%
"100,000-249,999",59,34%
"50,000-99,999",67,32%
"25,000-49,999",67,29%
"10,000-24,999",74,24%
"Under 10,000",88,19%
"*Part-time officers are included with a weight of .5 assigned.",,
