"Bureau of Justice Statistics",,,
"filename:sd97t13.csv",,,
"Table 13.  Police membership  organizations authorized by sheriffs' departments, by size of population served, 1997",,,
"title: Sheriffs' Departments, 1997, NCJ 173428",,,
"data source:  1997 Law Enforcement Management and Administrative Statistics",,,
"authors:  Andrew L. Goldberg and Brian A. Reaves, Ph.D.  ",,,
"refer questions to: askbjs@ojp.usdoj.gov (202)307-0765",,,
"date of version: 1/4/00",,,
,,,
"Table 13.  Officer membership  organizations authorized by sheriffs' departments, by size of population served, 1997",,,
,,,
,"Percent of agencies  authorizing membership in:",,
"Population","Police ","Non- police ","Police "
"served","union","union","association"
,,,
"  All sizes",39%,30%,74%
"  ",,,
"1,000,000 or more",72%,50%,79%
"500,000-999,999",55%,49%,91%
"250,000-499,999",68%,39%,76%
"100,000-249,999",50%,38%,88%
"50,000-99,999",44%,33%,91%
"25,000-49,999",41%,34%,76%
"10,000-24,999",34%,25%,69%
"Under 10,000",27%,24%,61%
