"Bureau of Justice Statistics",,,,,,
"filename:sd97t36.csv",,,,,,
"Table 36.  Community-related written policy directives in sheriffs'  departments, by size of population served, 1997",,,,,,
"title: Sheriffs' Departments, 1997, NCJ 173428",,,,,,
"data source:  1997 Law Enforcement Management and Administrative Statistics",,,,,,
"authors:  Andrew L. Goldberg and Brian A. Reaves, Ph.D.  ",,,,,,
"refer questions to: askbjs@ojp.usdoj.gov (202)307-0765",,,,,,
"date of version: 11/1/99",,,,,,
,,,,,,
"Table 36.  Community-related written policy directives in sheriffs'  departments, by size of population served, 1997",,,,,,
,,,,,,
,"Agencies with a written policy directive pertaining to:",,,,,
"Population","Citizen","Discretionary  ","Domestic ","Home-less     ",,"Mentally ill  "
"served","complaints","arrest powers","disputes","persons","Juveniles","persons"
,,,,,,
"  All sizes",72%,61%,85%,22%,83%,67%
,,,,,,
"1,000,000 or more",89%,60%,78%,22%,85%,79%
"500,000-999,999",84%,76%,93%,18%,98%,79%
"250,000-499,999",93%,71%,90%,25%,93%,78%
"100,000-249,999",79%,66%,73%,19%,81%,67%
"50,000-99,999",77%,61%,95%,21%,89%,73%
"25,000-49,999",75%,64%,88%,22%,85%,66%
"10,000-24,999",70%,60%,87%,25%,83%,70%
"Under 10,000",62%,53%,77%,22%,78%,58%
,,,," ",,
