"Bureau of Justice Statistics",,,
"filename:sd97f07.csv",,,
"Figure 7. Community policing plans of sheriffs' departments, 1997",,,
"title: Sheriffs' Departments, 1997, NCJ 173428",,,
"data source:  1997 Law Enforcement Management and Administrative Statistics",,,
"authors:  Andrew L. Goldberg and Brian A. Reaves, Ph.D.  ",,,
"refer questions to: askbjs@ojp.usdoj.gov (202)307-0765",,,
"date of version: 11/1/99",,,
,,,
,,,
"Figure 7. Community policing plans of sheriffs' departments, 1997",,,
,,,
,,,
"Population","Percent of sheriffs' departments",,
"served",,,
,"No plan","Informal plan","Formal plan"
"Under 25,000",47%,45%,8%
"25,000-99,999",37%,46%,17%
"100,000-499,999",38%,40%,22%
"500,000 or more",31%,35%,34%
