"Bureau of Justice Statistics",,,,
"filename:sd97f01.csv",,,,
"Figure 1.  Employment by State and local law enforcement agencies, 1987, 1990, 1993, and 1997",,,,
"title: Sheriffs' Departments, 1997, NCJ 173428",,,,
"data source:  1997 Law Enforcement Management and Administrative Statistics",,,,
"authors:  Andrew L. Goldberg and Brian A. Reaves, Ph.D.  ",,,,
"refer questions to: askbjs@ojp.usdoj.gov (202)307-0765",,,,
"date of version: 11/1/99",,,,
,,,,
,,,,
"Figure 1.  Employment by State and local law enforcement agencies, 1987, 1990, 1993, and 1997",,,,
,,,,
,"             All employees",,"             Sworn officers",
,"Sheriffs' ","All State ","Sheriffs' ","All State "
,"departments","and local*","departments","and local*"
,,,,
1987,189291,573444,128767,430151
1990,204035,594457,141460,458223
1993,224298,609458,155862,471349
1997,263427,676848,174673,520705
,,,,
"*Includes local police, sheriffs' departments, special police, and State police.",,,,
