"Bureau of Justice Statistics",,,,
"filename:sd97t11.csv",,,,
"Table 11.  Sheriffs' departments authorizing special pay for  full-time sworn personnel, by size of population served, 1997",,,,
"title: Sheriffs' Departments, 1997, NCJ 173428",,,,
"data source:  1997 Law Enforcement Management and Administrative Statistics",,,,
"authors:  Andrew L. Goldberg and Brian A. Reaves, Ph.D.  ",,,,
"refer questions to: askbjs@ojp.usdoj.gov (202)307-0765",,,,
"date of version: 11/1/99",,,,
,,,,
"Table 11.  Sheriffs' departments authorizing special pay for  full-time sworn personnel, by size of population served, 1997",,,,
,,,,
,"Percent of agencies authorizing pay for:",,,
"Population ","Education   ","Hazardous       ",,"Shift     "
"served","incentive","duty"," Merit","differential "
,,,,
"  All sizes",17%,5%,19%,17%
,,,,
"1,000,000 or more",57%," 36%",29%,50%
"500,000-999,999",54%,31%,54%,37%
"250,000-499,999",54%,15%,39%,43%
"100,000-249,999",33%,11%,36%,31%
"50,000-99,999",30%,6%,23%,21%
"25,000-49,999",15%,2%,15%,21%
"10,000-24,999",10%,4%,16%,12%
"Under 10,000",6%,1%,10%,6%
