"Bureau of Justice Statistics",,,,
"filename:sd97t37.csv",,,,
"Table 37.  Community policing activities in sheriffs' departments, by size of population served, 1997",,,,
"title: Sheriffs' Departments, 1997, NCJ 173428",,,,
"data source:  1997 Law Enforcement Management and Administrative Statistics",,,,
"authors:  Andrew L. Goldberg and Brian A. Reaves, Ph.D.  ",,,,
"refer questions to: askbjs@ojp.usdoj.gov (202)307-0765",,,,
"date of version: 1/4/00",,,,
,,,,
"Table 37.  Community policing activities in sheriffs' departments, by size of population served, 1997",,,,
,,,,
,"Activities in year ending June 30, 1997",,,
,"Community ","Problem-",,
"Population","group ","solving ","Citizen ","Community "
"serve","meetings","partnership","training","substation"
,,,,
"  All sizes",82%,29%,23%,20%
,,,,
"1,000,000 or more",89%,57%,61%,60%
"500,000-999,999",79%,53%,44%,44%
"250,000-499,999",84%,48%,39%,50%
"100,000-249,999",86%,40%,31%,40%
"50,000-99,999",90%,32%,24%,27%
"25,000-49,999",89%,35%,28%,14%
"10,000-24,999",82%,23%,21%,16%
"Under 10,000",69%,20%,11%,8%
