"Bureau of Justice Statistics",,,,
"filename:sd97b01.csv",,,,
"Box table 1.  Twenty-five largest sheriffs' departments by number and function of full-time sworn personnel",,,,
"title: Sheriffs' Departments, 1997, NCJ 173428",,,,
"data source:  1997 Law Enforcement Management and Administrative Statistics",,,,
"authors:  Andrew L. Goldberg and Brian A. Reaves, Ph.D.  ",,,,
"refer questions to: askbjs@ojp.usdoj.gov (202)307-0765",,,,
"date of version: 1/4/00",,,,
,,,,
"Box table 1.  Twenty-five largest sheriffs' departments by number and function of full-time sworn personnel",,,,
,,,,
,,"Percent of officers by area of duty",,
,"Full-time","Filed","Jail","Court"
"County or equivalent","sworn personnel","operations","operations","operations"
,,,,
"Los Angeles Co. (CA)",8021,49.0%,28.0%,18.0%
"Cook Co. (IL)",5600,11.0%,53.0%,36.0%
"Harris Co. (TX)",2474,23.0%,60.0%,9.0%
"Broward Co. (FL)",1906,47.0%,52.0%,0.0%
"San Diego Co. (CA)",1861,46.0%,42.0%,0.0%
,,,,
"Hillsborough Co. (FL)",1743,47.0%,39.0%,4.0%
"Palm Beach Co. (FL)",1615,50.0%,40.0%,8.0%
"Pinellas Co. (FL)",1425,41.0%,43.0%,12.0%
"Bexar Co. (TX)",1315,19.0%,68.0%,9.0%
"Orange Co. (CA)",1303,49.0%,44.0%,0.0%
,,,,
"San Bernardino Co. (CA)",1246,62.0%,28.0%,0.0%
"Riverside Co. (CA)",1179,71.0%,16.0%,10.0%
"Sacramento Co. (CA)",1173,54.0%,32.0%,9.0%
"Fulton Co. (GA)",1125,5.0%,53.0%,5.0%
"Orange Co. (FL)",1117,86.0%,0.0%,8.0%
,,,,
"Nassau Co. (NY)",1018,5.0%,93.0%,0.0%
"Hamilton Co. (OH)",951,21.0%,48.0%,5.0%
"Suffolk Co. (NY)",847,23.0%,74.0%,0.0%
"Travis Co. (TX)",818,26.0%,69.0%,0.0%
"Polk Co. (FL)",813,51.0%,41.0%,5.0%
,,,,
"Alameda Co. (CA)",800,25.0%,53.0%,15.0%
"Orleans Par. (LA)*",800,4.0%,80.0%,15.0%
"Wayne Co. (MI)",764,15.0%,60.0%,18.0%
"Monroe Co. (NY)",757,34.0%,50.0%,12.0%
"Hampden Co. (MA)",747,0.0%,54.0%,0.0%
"Ventura Co. (CA)",713,56.0%,27.0%,10.0%
,,,,
"Note:  The table excludes agencies from Clark County (NV) (1,709 full-time sworn) and Duval County (FL) (1,438 full-time sworn) ",,,,
"because they are consolidated police-sheriff departments that serve as the police departments for metropolitan Las Vegas and Jacksonville, respectively.  ",,,,
"They are classified as local police in the LEMAS survey.",,,,
"*Data are for 1996.",,,,
