"Bureau of Justice Statistics",,,,,
"filename:sd97t24.csv",,,,,
"Table 24.  Traffic and vehicle-related functions of sheriffs' departments,   by size of population served, 1997",,,,,
"title: Sheriffs' Departments, 1997, NCJ 173428",,,,,
"data source:  1997 Law Enforcement Management and Administrative Statistics",,,,,
"authors:  Andrew L. Goldberg and Brian A. Reaves, Ph.D.  ",,,,,
"refer questions to: askbjs@ojp.usdoj.gov (202)307-0765",,,,,
"date of version: 11/1/99",,,,,
,,,,,
"Table 24.  Traffic and vehicle-related functions of sheriffs' departments,   by size of population served, 1997",,,,,
,,,,,
,"  Percent of agencies with primary responsibility for:",,,,
"Population","Enforcement of ","Accident ","Traffic  direction ","Parking ","School  crossing "
"served","traffic laws","investigation","and control","enforcement","services"
"  All sizes",84%,73%,69%,32%,12%
,,,,,
"1,000,000  or more",64%,64%,54%,36%,14%
"500,000-999,999",68%,53%,57%,44%,15%
"250,000-499,999",67%,55%,58%,42%,17%
"100,000-249,999",70%,59%,64%,33%,15%
"50,000-99,999",86%,72%,70%,26%,15%
"25,000-49,999",87%,72%,66%,30%,13%
"10,000-24,999",83%,73%,72%,24%,8%
"Under 10,000",92%,85%,76%,41%,12%
