"Bureau of Justice Statistics",,,,,,,
"filename:sd97t01.csv",,,,,,,
"Table 1.  Employment by State and local law enforcement agencies  in the United States, 1997",,,,,,,
"title: Sheriffs' Departments, 1997, NCJ 173428",,,,,,,
"data source:  1997 Law Enforcement Management and Administrative Statistics",,,,,,,
"authors:  Andrew L. Goldberg and Brian A. Reaves, Ph.D.  ",,,,,,,
"refer questions to: askbjs@ojp.usdoj.gov (202)307-0765",,,,,,,
"date of version: 1/4/00",,,,,,,
,,,,,,,
"Table 1.  Employment by State and local law enforcement agencies  in the United States, 1997",,,,,,,
,,,,,,,
,,,"Number of employees",,,,
"Type of ","Number of",,"Full-time",,,"Part-time",
"agency","agencies","Total","Sworn","Civilian","Total","Sworn","Civilian"
,,,,,,,
"Total",18760,940275,695378,244897,99191,46884,52307
,,,,,,,
"Local police",13540,531496,420152,111380,62373,31079,31329
"Sheriff",3088,263427,174673,88754,20025,10633,9392
"State police",49,82261,54206,28055,895,70,825
"Special police*",1332,61022,44509,16513,15234,4502,10732
"Texas constable",751,2068,1838,230,664,600,64
,,,,,,,
"Note:  Data are for the pay period that included June 30, 1997.",,,,,,,
"Consolidated police-sheriff agencies are included under local police category.",,,,,,,
"Table excludes agencies created since June 30, 1996.  ",,,,,,,
"Detail may not add to total because of rounding.",,,,,,,
"*State and local agencies with a limited jurisdictional area or limited enforcement responsibilities.",,,,,,,
