"Bureau of Justice Statistics",
"filename:sd97f10.csv",
"Figure 10. Methods by which citizens could routinely access crime statistics from sheriffs' departments, 1997",
"title: Sheriffs' Departments, 1997, NCJ 173428",
"data source:  1997 Law Enforcement Management and Administrative Statistics",
"authors:  Andrew L. Goldberg and Brian A. Reaves, Ph.D.  ",
"refer questions to: askbjs@ojp.usdoj.gov (202)307-0765",
"date of version: 11/1/99",
,
,
"Figure 10. Methods by which citizens could routinely access crime statistics from sheriffs' departments, 1997",
,
,
"Method of",
"access","Percent of sheriffs' departments"
,
"Internet",5%
"Newsletter",14%
"Television",14%
"Radio",25%
"Telephone",51%
"Newspaper",54%
"In-person",83%
