"Bureau of Justice Statistics",
"filename:sd97t30.csv",
"Table 30.  Sheriff's departments  with a formally written community policing plan, by size of population served, 1997",
"title: Sheriffs' Departments, 1997, NCJ 173428",
"data source:  1997 Law Enforcement Management and Administrative Statistics",
"authors:  Andrew L. Goldberg and Brian A. Reaves, Ph.D.  ",
"refer questions to: askbjs@ojp.usdoj.gov (202)307-0765",
"date of version: 11/1/99",
,
"Table 30.  Sheriff's departments  with a formally written community policing plan, by size of population served, 1997",
,
"Population",
"served","Percent of agencies with a formally written community  policing plan"
,
"  All sizes",14%
,
"1,000,000 or more",32%
"500,000-999,999",35%
"250,000-499,999",34%
"100,000-249,999",17%
"50,000-99,999",19%
"25,000-49,999",16%
"10,000-24,999",9%
"Under 10,000",7%
