"Bureau of Justice Statistics",,,,
"filename:sd97h01.csv",,,,
"Highlights figure 1.  Minority sheriffs' officers, 1987, 1990, 1993 and 1997",,,,
"title: Sheriffs' Departments, 1997, NCJ 173428",,,,
"data source:  1997 Law Enforcement Management and Administrative Statistics",,,,
"authors:  Andrew L. Goldberg and Brian A. Reaves, Ph.D.  ",,,,
"refer questions to: askbjs@ojp.usdoj.gov (202)307-0765",,,,
"date of version: 11/1/99",,,,
,,,,
,,,,
,,,,
"Highlights figure 1.  Minority sheriffs' officers, 1987, 1990, 1993 and 1997",,,,
,,,,
,"Percent of sheriffs' officers",,,
,,,,
,1987,1990,1993,1997
"All minorities",13%,16%,17%,19%
"Black",8%,10%,10%,12%
"Hispanic",4%,5%,6%,6%
