"Bureau of Justice Statistics",,,,,,,,
"filename:sd97t50.csv",,,,,,,,
"Table 50.  Selected functions of computers in sheriffs' departments,  by size of population served, 1997",,,,,,,,
"title: Sheriffs' Departments, 1997, NCJ 173428",,,,,,,,
"data source:  1997 Law Enforcement Management and Administrative Statistics",,,,,,,,
"authors:  Andrew L. Goldberg and Brian A. Reaves, Ph.D.  ",,,,,,,,
"refer questions to: askbjs@ojp.usdoj.gov (202)307-0765",,,,,,,,
"date of version: 1/4/00",,,,,,,,
,,,,,,,,
"Table 50.  Selected functions of computers in sheriffs' departments,  by size of population served, 1997",,,,,,,,
,,,,,,,,
,"Percent of agencies using computers for:",,,,,,,
"Population ","Record-  ","Crime      ","Criminal  ","Crime  ",,"Fleet      ","Internet  ","Resource "
"served","keeping","analysis","investigations","mapping","Dispatch","management","access","allocation"
,,,,,,,,
"  All sizes",82%,43%,65%,15%,46%,30%,31%,25%
,,,,,,,,
"1,000,000 or more",85%,68%,79%,53%,78%,50%,79%,54%
"500,000-999,999",81%,55%,68%,35%,60%,59%,55%,55%
"250,000-499,999",93%,51%,86%,23%,71%,58%,62%,56%
"100,000-249,999",85%,57%,76%,26%,64%,45%,54%,44%
"50,000-99,999",91%,53%,80%,22%,52%,42%,42%,32%
"25,000-49,999",89%,52%,72%,16%,52%,32%,28%,24%
"10,000-24,999",80%,36%,58%,12%,40%,23%,24%,18%
"Under 10,000",71%,31%,52%,7%,30%,14%,15%,12%
