"Bureau of Justice Statistics",,,,
"filename:sd97t10.csv",,,,
"Table 10.  Average base starting salary for selected positions in sheriffs' departments, by size of population served, 1997",,,,
"title: Sheriffs' Departments, 1997, NCJ 173428",,,,
"data source:  1997 Law Enforcement Management and Administrative Statistics",,,,
"authors:  Andrew L. Goldberg and Brian A. Reaves, Ph.D.  ",,,,
"refer questions to: askbjs@ojp.usdoj.gov (202)307-0765",,,,
"date of version: 11/1/99",,,,
,,,,
"Table 10.  Average base starting salary for selected positions in sheriffs' departments, by size of population served, 1997",,,,
,,,,
," Average base starting salary, 1997",,,
"Population ","Entry-level ","Deputy  after ",,
"served","deputy","1 year","Sergeant","Sheriff"
,,,,
"  All sizes",$21500,$23000,$27700,$44400
,,,,
"1,000,000 or more",$30200,$32700,$43700,$98900
"500,000-999,999",$27200,$29900,$38900,$78100
"250,000-499,999",$25800,$28200,$37700,$73100
"100,000-249,999",$24000,$25600,$31800,$60600
"50,000-99,999",$22600,$24300,$28700,$51000
"25,000-49,999",$21400,$22900,$27300,$44400
"10,000-24,999",$20100,$21700,$25200,$38600
"Under 10,000",$19400,$20700,$24000,$31300
"Note:  Salary figures have been rounded to the nearest $100. ",,,,
" Computation of average salary excludes departments with no full-time employee in that position.",,,,
