"Bureau of Justice Statistics",,,,,,,,,,,,,,,
"filename:sd97t05.csv",,,,,,,,,,,,,,,
"Table 5.  Gender and race of full-time sworn personnel in sheriffs' departments, by size of population served, 1997",,,,,,,,,,,,,,,
"title: Sheriffs' Departments, 1997, NCJ 173428",,,,,,,,,,,,,,,
"data source:  1997 Law Enforcement Management and Administrative Statistics",,,,,,,,,,,,,,,
"authors:  Andrew L. Goldberg and Brian A. Reaves, Ph.D.  ",,,,,,,,,,,,,,,
"refer questions to: askbjs@ojp.usdoj.gov (202)307-0765",,,,,,,,,,,,,,,
"date of version: 1/4/00",,,,,,,,,,,,,,,
,,,,,,,,,,,,,,,
"Table 5.  Gender and race of full-time sworn personnel in sheriffs' departments, by size of population served, 1997",,,,,,,,,,,,,,,
,,,,,,,,,,,,,,,
,"Percent of full-time sworn employees who are:",,,,,,,,,,,,,,
"Population ","Total",,,"White",,,"Black",,,"Hispanic",,,"Other*",,
"served","Total  ","Male  ","Female","Total  ","Male  ","Female","Total  ","Male  ","Female","Total ","Male ","Female","Total ","Male ","Female"
,,,,,,,,,,,,,,,
"  All sizes",100%,84.4%,15.6%,81.0%,70.2%,10.8%,11.8%,8.0%,3.7%,5.9%,5.0%,0.9%,1.3%,1.1%,0.2%
,,,,,,,,,,,,,,,
"1,000,000 or more",100%,82.8%,17.2%,67.1%,57.9%,9.3%,16.9%,11.4%,5.5%,13.5%,11.4%,2.1%,2.5%,2.2%,0.3%
"500,000-999,999",100%,80.2%,19.8%,74.8%,62.8%,12.0%,17.2%,10.6%,6.6%,6.2%,5.1%,1.0%,1.9%,1.6%,0.2%
"250,000-499,999",100%,84.6%,15.4%,83.7%,71.8%,11.9%,9.8%,7.3%,2.5%,5.6%,4.7%,0.8%,1.0%,0.8%,0.2%
"100,000-249,999",100%,84.4%,15.6%,84.2%,73.0%,11.2%,11.5%,7.9%,3.6%,3.5%,2.8%,0.7%,0.8%,0.7%,0.1%
"50,000-99,999",100%,86.9%,13.1%,92.0%,80.4%,11.6%,5.8%,4.5%,1.3%,1.8%,1.7%,0.2%,0.4%,0.3%,0.1%
"25,000-49,999",100%,86.9%,13.1%,88.0%,78.0%,10.1%,8.6%,6.0%,2.6%,2.3%,2.0%,0.3%,1.1%,1.0%,0.1%
"10,000-24,999",100%,88.3%,11.7%,88.6%,79.4%,9.1%,8.3%,6.1%,2.2%,2.6%,2.3%,0.3%,0.5%,0.4%,0.1%
"Under 10,000",100%,88.1%,11.9%,93.3%,82.1%,11.2%,2.2%,2.0%,0.2%,3.7%,3.3%,0.4%,0.9%,0.7%,0.2%
"*Includes Asians, Pacific Islanders, American Indians, and Alaska Natives.",,,,,,,,,,,,,,,
"Note: Detail may not add to total because of rounding.",,,,,,,,,,,,,,,
