"Bureau of Justice Statistics",,,
"filename:sd97t47.csv",,,
"Table 47.  Off-land vehicles operated by sheriffs' departments, by size of population served, 1997",,,
"title: Sheriffs' Departments, 1997, NCJ 173428",,,
"data source:  1997 Law Enforcement Management and Administrative Statistics",,,
"authors:  Andrew L. Goldberg and Brian A. Reaves, Ph.D.  ",,,
"refer questions to: askbjs@ojp.usdoj.gov (202)307-0765",,,
"date of version: 11/1/99",,,
,,,
"Table 47.  Off-land vehicles operated by sheriffs' departments, by size of population served, 1997",,,
,,,
,"Percent of  agencies operating",,
"Population",,"Fixed-wing","Heli-"
"served","Boats","aircraft","copters"
,,,
"  All sizes",31%,4%,4%
,,,
"1,000,000 or more",57%,29%,39%
"500,000-999,999",48%,15%,26%
"250,000-499,999",56%,17%,19%
"100,000-249,999",52%,12%,9%
"50,000-99,999",50%,6%,3%
"25,000-49,999",26%,3%,3%
"10,000-24,999",27%,2%,1%
"Under 10,000",15%,"--","--"
"--Less than .5%",,,
