"Bureau of Justice Statistics",,,,,,
"filename:sd97t32.csv",,,,,,
"Table 32. Sheriffs' departments operating a full-time community policing unit,  by size of population served, 1997",,,,,,
"title: Sheriffs' Departments, 1997, NCJ 173428",,,,,,
"data source:  1997 Law Enforcement Management and Administrative Statistics",,,,,,
"authors:  Andrew L. Goldberg and Brian A. Reaves, Ph.D.  ",,,,,,
"refer questions to: askbjs@ojp.usdoj.gov (202)307-0765",,,,,,
"date of version: 1/4/00",,,,,,
,,,,,,
"Table 32. Sheriffs' departments operating a full-time community policing unit,  by size of population served, 1997",,,,,,
,,,,,,
,,,"Agency has no community policing unit",,,
,,"Agency has",,,,
,,"community",,"Has related","Has  community ","No designated "
"Population",,"policing",,"designated ","policing ","personnel, policies "
"served","Total","unit","Total","personnel ","policies","or procedures"
,,,,,,
"  All sizes",100%,15%,85%,21%,17%,47%
,,,,,,
"1,000,000 or more",100%,55%,46%,8%,8%,30%
"500,000-999,999",100%,40%,59%,20%,7%,32%
"250,000-499,999",100%,39%,61%,25%,6%,30%
"100,000-249,999",100%,30%,69%,13%,13%,43%
"50,000-99,999",100%,17%,83%,25%,13%,45%
"25,000-49,999",100%,19%,82%,23%,17%,42%
"10,000-24,999",100%,11%,89%,25%,17%,47%
"Under 10,000",100%,4%,97%,15%,24%,58%
"Note: Detail may not add to total because of rounding.",,,,,,
