"Bureau of Justice Statistics",
"filename:sd97f09.csv",
"Figure 9. Uses of citizen survey information by sheriffs' departments",
"title: Sheriffs' Departments, 1997, NCJ 173428",
"data source:  1997 Law Enforcement Management and Administrative Statistics",
"authors:  Andrew L. Goldberg and Brian A. Reaves, Ph.D.  ",
"refer questions to: askbjs@ojp.usdoj.gov (202)307-0765",
"date of version: 11/1/99",
,
"Figure 9. Uses of citizen survey information by sheriffs' departments",
,
,
"Use of survey information","Percent of sheriffs' departments"
,
"Redistrict beats/reporting areas",19%
"Formulate agency policy/procedures",39%
"Allocate resources to neighborhoods",41%
"Prioritize crime/disorder problems",59%
"Provide information to patrol officers",74%
