"Bureau of Justice Statistics",,,
"filename:sd97t31.csv",,,
"Table 31.  Community policing training for new deputy recruits and in-service officers in sheriffs' departments, by size of population served, 1997",,,
"title: Sheriffs' Departments, 1997, NCJ 173428",,,
"data source:  1997 Law Enforcement Management and Administrative Statistics",,,
"authors:  Andrew L. Goldberg and Brian A. Reaves, Ph.D.  ",,,
"refer questions to: askbjs@ojp.usdoj.gov (202)307-0765",,,
"date of version: 1/4/00",,,
,,,
"Table 31.  Community policing training for new deputy recruits and in-service officers in sheriffs' departments, by size of population served, 1997",,,
,,,
"Population","Percentage of agencies that trained personnel  for 8 or more hours in community policing* ",,
"served","Total","All","Some"
,,,
"New deputy recruits",,,
"All sizes",48%,30%,18%
,,,
"1,000,000 or more",50%,28%,22%
"500,000-999,999",57%,44%,13%
"250,000-499,999",55%,33%,22%
"100,000-249,999",57%,44%,13%
"50,000-99,999",55%,33%,22%
"25,000-49,999",51%,33%,18%
"10,000-24,999",44%,23%,21%
"Under 10,000",37%,25%,12%
,,,
"In-service sworn personnel",,,
"All sizes",55%,17%,38%
,,,
"1,000,000 or more",75%,18%,57%
"500,000-999,999",65%,16%,49%
"250,000-499,999",62%,22%,40%
"100,000-249,999",60%,17%,43%
"50,000-99,999",65%,14%,51%
"25,000-49,999",60%,18%,42%
"10,000-24,999",52%,16%,36%
"Under 10,000",46%,18%,28%
"*During 3-year period ending June 30, 1997.",,,
