Bureau of Justice Statistics,,,,
Filename: dofp12t11.csv,,,,
"Table 11. Most serious offense of offenders in federal prison with a drug charge, fiscal yearend 2012",,,,
Report title: Drug Offenders in Federal Prison: Estimates of Characteristics Based on Linked Data    NCJ 248648,,,,
"Data source:  Bureau Of Justice Statistics, based on data from U.S. Sentencing Commission, fiscal years 1994-2012; and Federal Bureau of Prisons, SENTRY data base, fiscal yearend 2012",,,,
"Author: Sam Taxy, Julie Samuels and William Adams",,,,
Refer questions to: askbjs@usdoj.gov   202-307-0765,,,,
Date of version: 10/ /2015,,,,
 ,,,,
"Table 11. Most serious offense of offenders in federal prison with a drug charge, fiscal yearend 2012",,,,
Most serious offense/a,,Number/b,Percent/c,
,Total,"102,012",100,%
Violent offense,,201,0.2,%
Property offense,,196,0.2,%
,Fraudulent,131,0.1,
,Other ,65,0.1,
Drug offense,,"94,194",92.4,%
Public order offense,,"1,061",1,%
,Regulatory ,80,0.1,
,Other ,981,1,
Sex offense,,22,--,
Weapon offense,,"5,894",5.8,%
Immigration offense,,409,0.4,%
--Less than 0.05%.,,,,
"a/Based on the most serious instant offense, as determined by the Federal Bureau of Prisons (BOP) based on length of sentence imposed.  See Methodology and Dataset composition and definition of drug offender text box.",,,,
"b/Includes only new district court commitments in the BOP whose sentencing year was 1994 or later. Old law offenders, D.C. Superior Court commitments, state boarders, and other nondistrict court commitments are excluded.",,,,
c/Percentages are based on records not missing offense type. There were 35 records missing offense type.,,,,
"Source: Bureau of Justice Statistics, based on data from U.S. Sentencing Commission, fiscal years 1994�2012; and Federal Bureau of Prisons, SENTRY data base, fiscal yearend 2012.",,,,
