Bureau of Justice Statistics,,,,
Filename: cv19t05.csv,,,,
"Table 5. Rates of crime reported to police in the Uniform Crime Reporting program and in the National Crime Victimization Survey, 2018 and 2019",,,,
"Report title: Criminal Victimization, 2019  NCJ 255113",,,,
"Data Source: Bureau of Justice Statistics, National Crime Victimization Survey, 2018 and 2019; and Federal Bureau of Investigation, Crime in the United States, 2018, https://ucr.fbi.gov/crime-in-the-u.s/2018/crime-in-the-u.s.-2018/topic-pages/tables/table-1",,,,
"Authors: Rachel E. Morgan, Ph.D., and Jennifer L. Truman, Ph.D., BJS Statisticians",,,,
Refer questions to: askbjs@usdoj.gov 202-307-0765,,,,
Date of version: 9/14/2020,,,,
,,,,
"Table 5. Rates of crime reported to police in the Uniform Crime Reporting program and in the National Crime Victimization Survey, 2018 and 2019",,,,
,,,"Rate per 1,000 persons age 12 or older",
Type of crime,,"2018 UCR rate per 1,000 residents/a",2018 NCVS ,2019 NCVS
Violent crime excluding  simple assault,,3.69,4.29,3.38
,Murder,0.05,~,~
,Rape/sexual assault/b,0.43,0.66,0.56
,Robbery,0.86,1.3,0.9
,Aggravated assault,2.47,2.32,1.92
,,,"Rate per 1,000 households",
,,"2018 UCR rate per 1,000 residents/a",2018 NCVS,2019 NCVS
Property crime,,21.99,36.89,33
,Burglary/c,3.76,7.11,6.03
,Motor-vehicle theft,2.29,3.36,3.12
"Note: National Crime Victimization Survey (NCVS) and Uniform Crime Reporting (UCR) program crime rates are calculated differently. UCR crime rates are normally reported per 100,000 persons but were recalculated for this report to align with the reporting of NCVS crime rates. See appendix table 9 for standard errors.",,,,
~Not applicable.,,,,
"a/Includes crimes against populations not included in the NCVS: persons age 11 or younger, persons who are homeless, persons who are institutionalized, and crimes against commercial establishments.",,,,
b/The NCVS estimate includes sexual assault; the UCR does not. The UCR estimate is based on its revised definition of rape. See Methodology for details on the measurement of rape or sexual assault in the NCVS.,,,,
"c/The UCR defines burglary as forcible entry, unlawful entry where no force is used, or attempted forcible entry of a structure to commit a felony or theft. The NCVS defines burglary as the unlawful or forcible entry or attempted entry of places, including a permanent residence, other residence (e.g., a hotel room or vacation residence), or other structure (e.g., a garage or shed), where there was a completed or attempted theft. NCVS estimates differ from those previously published in the Criminal Victimization, 2018 report because a coding error that affected the generation of those earlier estimates has been corrected.",,,,
"Source: Bureau of Justice Statistics, National Crime Victimization Survey, 2018 and 2019; and Federal Bureau of Investigation, Crime in the United States, 2018, https://ucr.fbi.gov/crime-in-the-u.s/2018/crime-in-the-u.s.-2018/topic-pages/tables/table-1.",,,,
