Bureau of Justice Statistics,,,,,,
Filename: cv19t25.csv,,,,,,
"Table 25. Firearm violence, 2018 and 2019",,,,,,
"Report title: Criminal Victimization, 2019  NCJ 255113",,,,,,
"Data Source: Bureau of Justice Statistics, National Crime Victimization Survey, 2018 and 2019",,,,,,
"Authors: Rachel E. Morgan, Ph.D., and Jennifer L. Truman, Ph.D., BJS Statisticians",,,,,,
Refer questions to: askbjs@usdoj.gov 202-307-0765,,,,,,
Date of version: 9/14/2020,,,,,,
,,,,,,
"Table 25. Firearm violence, 2018 and 2019",,,,,,
,,,2018,,2019*,
Total violent incidents/a,,,"5,954,090",,"5,440,680",
,Firearm incidents,,"427,730",,"440,830",
Total violent victimizations/b,,,"6,385,520",,"5,813,410",
,Firearm victimizations,,"470,840",,"481,950",
Rate of firearm victimization/c,,,1.7,,1.7,
Firearm victimizations reported to police,,,,,,
,Number,,"310,310",,"290,790",
,Percent of all firearm victimizations,,65.9,%,60.3,%
"Note: Includes violent crimes in which the offender possessed, showed, or used a firearm. See appendix table 28 for standard errors.",,,,,,
*Comparison year.,,,,,,
a/An incident is a specific criminal act involving one or more victims. ,,,,,,
b/Each victimization represents one person involved in an incident. Statistically significant differences for the total violent victimization numbers are presented using the Balanced Repeated Replication method. Generalized variance function parameters were used to calculate statistically significant differences for the rest of the table.,,,,,,
"c/Rate is per 1,000 persons age 12 or older. See appendix table 34 for population numbers.",,,,,,
"Source: Bureau of Justice Statistics, National Crime Victimization Survey, 2018 and 2019.",,,,,,
