Bureau of Justice Statistics,,,,,,,,,,,,,,,,,
Filename: cv19at29.csv,,,,,,,,,,,,,,,,,
"Appendix table 29. Standard errors for table 26: Percent and number of violent incidents excluding simple assault, by total population and victim and offender demographic characteristics, 2019",,,,,,,,,,,,,,,,,
"Report title: Criminal Victimization, 2019  NCJ 255113",,,,,,,,,,,,,,,,,
"Data Source: Bureau of Justice Statistics, National Crime Victimization Survey, 2019",,,,,,,,,,,,,,,,,
"Authors: Rachel E. Morgan, Ph.D., and Jennifer L. Truman, Ph.D., BJS Statisticians",,,,,,,,,,,,,,,,,
Refer questions to: askbjs@usdoj.gov 202-307-0765,,,,,,,,,,,,,,,,,
Date of version: 9/14/2020,,,,,,,,,,,,,,,,,
,,,,,,,,,,,,,,,,,
"Appendix table 29. Standard errors for table 26: Percent and number of violent incidents excluding simple assault, by total population and victim and offender demographic characteristics, 2019",,,,,,,,,,,,,,,,,
,,,,,Percent of violent incidents,,,,,,,,,,,,
,,,,,Offender,,,,,,,Victim ,,,,,
,,Number of violent incidents,,,,,95% confidence interval,,,,,,,95% confidence interval,,,
Demographic characteristic,,Offender,Victim ,,Standard error,,Lower bound,,Upper bound,,,Standard error,,Lower bound,,Upper bound,
,Total,"149,288","149,288",,~,,~,,~,,,~,,~,,~,
Sex,,,,,,,,,,,,,,,,,
,Male,"143,543","105,593",,2.65,%,78.94,%,89.33,%,,3.37,%,43.3,%,56.53,%
,Female,"40,946","105,828",,2.02,,8.91,,16.84,,,3.38,,43.47,,56.7,
,Both male and female offenders,"16,345",~,,0.9,,1.23,,4.74,,,~,,~,,~,
Race/ethnicity,,,,,,,,,,,,,,,,,
,White,"92,614","113,960",,3.53,%,40.75,%,54.58,%,,3.39,%,49.22,%,62.5,%
,Black,"59,782","41,021",,2.86,,19.16,,30.38,,,1.9,,8.3,,15.76,
,Hispanic,"56,893","63,002",,2.77,,17.56,,28.41,,,2.64,,17.96,,28.29,
,Asian,"5,780","12,472",,0.35,,0,,1.24,,,0.65,,0.51,,3.04,
,Other,"15,671","29,537",,0.93,,1.19,,4.83,,,1.44,,4.4,,10.03,
,Multiple offenders of various races,"8,338",~,,0.51,,0.04,,2.03,,,~,,~,,~,
Age,,,,,,,,,,,,,,,,,
,11 or younger,"6,871",~,,0.43,%,0,%,1.59,%,,~,,~,,~,
, 12-17,"39,773","42,873",,2.15,,9.32,,17.75,,,1.97,%,9.01,%,16.74,%
,18-29,"74,527","79,103",,3.29,,28.65,,41.56,,,3.03,,26.58,,38.46,
,30 or older,"90,182","112,212",,3.54,,39.7,,53.57,,,3.39,,47.96,,61.24,
,Multiple offenders of various ages,"18,361",~,,1.09,,1.83,,6.12,,,~,,~,,~,
~Not applicable. ,,,,,,,,,,,,,,,,,
"Source: Bureau of Justice Statistics, National Crime Victimization Survey, 2019.",,,,,,,,,,,,,,,,,
