Bureau of Justice Statistics,,,,,
Filename: cv19at35.csv,,,,,
"Appendix table 35. Household population size, 2015-2019",,,,,
"Report title: Criminal Victimization, 2019  NCJ 255113",,,,,
"Data Source: Bureau of Justice Statistics, National Crime Victimization Survey, 2015-2019",,,,,
"Authors: Rachel E. Morgan, Ph.D., and Jennifer L. Truman, Ph.D., BJS Statisticians",,,,,
Refer questions to: askbjs@usdoj.gov 202-307-0765,,,,,
Date of version: 9/14/2020,,,,,
,,,,,
"Appendix table 35. Household population size, 2015-2019",,,,,
,2015,2016,2017,2018,2019
Total ,"131,962,260","133,365,270","123,085,790","124,824,660","126,433,890"
"Note: The 8% decline in the household population from 2016 to 2017 is due to an adjustment that modified the household weights, not to a decline in number of households. See Methodology for details.",,,,,
"Source: Bureau of Justice Statistics, National Crime Victimization Survey, 2015-2019.",,,,,
