Bureau of Justice Statistics,,,,,,,,,
Filename: cv19at10.csv,,,,,,,,,
"Appendix table 10. Standard errors for table 6: Percent and rate of victimizations reported to police, by type of crime, 2018 and 2019",,,,,,,,,
"Report title: Criminal Victimization, 2019  NCJ 255113",,,,,,,,,
"Data Source: Bureau of Justice Statistics, National Crime Victimization Survey, 2018 and 2019",,,,,,,,,
"Authors: Rachel E. Morgan, Ph.D., and Jennifer L. Truman, Ph.D., BJS Statisticians",,,,,,,,,
Refer questions to: askbjs@usdoj.gov 202-307-0765,,,,,,,,,
Date of version: 9/14/2020,,,,,,,,,
,,,,,,,,,
"Appendix table 10. Standard errors for table 6: Percent and rate of victimizations reported to police, by type of crime, 2018 and 2019",,,,,,,,,
,,,Percent of victimizations reported to police ,,,,,"Rate of victimizations reported to police per 1,000",
Type of crime,,,2018,,2019,,,2018,2019
Violent crime,,,2.26,%,2.26,%,,0.82,0.72
,Rape/sexual assault,,3.73,,5.12,,,0.13,0.12
,Robbery,,4.96,,5.22,,,0.2,0.16
,Assault,,2.42,,2.39,,,0.7,0.63
,,Aggravated assault,4.06,,4.17,,,0.3,0.26
,,Simple assault,2.52,,2.52,,,0.55,0.51
Violent crime excluding simple assault,,,3.14,%,3.26,%,,0.46,0.38
Selected characteristics of violent crime,,,,,,,,,
,Domestic violence,,3.75,%,3.98,%,,0.3,0.29
,,Intimate partner violence,4.33,,4.76,,,0.21,0.22
,Stranger violence,,3.03,,3.04,,,0.44,0.37
,Violent crime involving injury,,3.69,,3.85,,,0.35,0.29
,Violent crime involving a weapon,,3.77,,4.04,,,0.35,0.28
Property crime,,,0.81,%,0.86,%,,1.11,1.11
,Burglary/trespassing,,1.76,,2,,,0.53,0.51
,,Burglary/a,2.07,,2.38,,,0.44,0.42
,,Trespassing/a,3.1,,3.33,,,0.27,0.25
,Motor-vehicle theft,,3.07,,3.22,,,0.3,0.29
,Other theft,,0.86,,0.89,,,0.87,0.87
"a/Standard errors differ from those previously published in the Criminal Victimization, 2018 report because a coding error that affected the generation of those earlier estimates has been corrected.",,,,,,,,,
"Source: Bureau of Justice Statistics, National Crime Victimization Survey, 2018 and 2019.",,,,,,,,,
