Bureau of Justice Statistics,,,,,,,,,,,,,,,,,
Filename: cv19at16.csv,,,,,,,,,,,,,,,,,
"Appendix table 16. Standard errors for table 13: Percent and number of violent incidents, by total population and victim and offender demographic characteristics, 2019",,,,,,,,,,,,,,,,,
"Report title: Criminal Victimization, 2019  NCJ 255113",,,,,,,,,,,,,,,,,
"Data Source: Bureau of Justice Statistics, National Crime Victimization Survey, 2019.",,,,,,,,,,,,,,,,,
"Authors: Rachel E. Morgan, Ph.D., and Jennifer L. Truman, Ph.D., BJS Statisticians",,,,,,,,,,,,,,,,,
Refer questions to: askbjs@usdoj.gov 202-307-0765,,,,,,,,,,,,,,,,,
Date of version: 9/14/2020,,,,,,,,,,,,,,,,,
,,,,,,,,,,,,,,,,,
"Appendix table 16. Standard errors for table 13: Percent and number of violent incidents, by total population and victim and offender demographic characteristics, 2019",,,,,,,,,,,,,,,,,
,,,,,Percent of violent incidents,,,,,,,,,,,,
,,,,,Offender,,,,,,,Victim ,,,,,
,,Number of violent incidents,,,,,95% confidence interval,,,,,,,95% confidence interval,,,
Demographic characteristic,,Offender,Victim ,,Standard error,,Lower bound,,Upper bound,,,Standard error,,Lower bound,,Upper bound,
,Total,"305,087","305,087",,~,,~,,~,,,~,,~,,~,
Sex,,,,,,,,,,,,,,,,,
,Male,"275,778","216,194",,2.22,%,70.68,%,79.36,%,,2.39,%,44.36,%,53.74,%
,Female,"116,923","221,906",,1.82,,17.83,,24.96,,,2.4,,46.24,,55.66,
,Both male and female offenders,"35,760",~,,0.66,,2.29,,4.89,,,~,,~,,~,
Race/ethnicity,,,,,,,,,,,,,,,,,
,White,"194,634","254,209",,2.53,%,45.2,%,55.12,%,,2.38,%,57.45,%,66.79,%
,Black,"120,912","76,823",,2.02,,21.02,,28.95,,,1.23,,8.3,,13.12,
,Hispanic,"99,372","105,019",,1.76,,15.26,,22.16,,,1.58,,13.93,,20.14,
,Asian,"14,867","27,907",,0.32,,0.35,,1.6,,,0.49,,1.3,,3.23,
,Other,"38,991","62,544",,0.8,,3,,6.12,,,1.03,,5.85,,9.89,
,Multiple offenders of various races,"11,207",~,,0.24,,0.13,,1.08,,,~,,~,,~,
Age,,,,,,,,,,,,,,,,,
,11 or younger,"23,555",~,,0.49,%,1.07,%,2.98,%,,~,,~,,~,
, 12-17,"88,861","95,106",,1.59,,12.45,,18.69,,,1.47,%,11.84,%,17.58,%
,18-29,"135,533","153,467",,2.15,,24.81,,33.22,,,2.06,,25.69,,33.78,
,30 or older,"196,642","235,462",,2.52,,45.07,,54.93,,,2.41,,50.83,,60.28,
,Multiple offenders of various ages,"32,576",~,,0.66,,2.09,,4.68,,,~,,~,,~,
~Not applicable. ,,,,,,,,,,,,,,,,,
"Source: Bureau of Justice Statistics, National Crime Victimization Survey, 2019.",,,,,,,,,,,,,,,,,
