Bureau of Justice Statistics,,,,,,,,,,,
Filename: cv19at01.csv,,,,,,,,,,,
"Appendix table 1. Estimates and standard errors for figure 1: Percent of U.S. residents age 12 or older who were victims of violent crime excluding simple assault, 1993-2019",,,,,,,,,,,
"Report title: Criminal Victimization, 2019  NCJ 255113",,,,,,,,,,,
"Data Source: Bureau of Justice Statistics, National Crime Victimization Survey, 1993-2019",,,,,,,,,,,
"Authors: Rachel E. Morgan, Ph.D., and Jennifer L. Truman, Ph.D., BJS Statisticians",,,,,,,,,,,
Refer questions to: askbjs@usdoj.gov 202-307-0765,,,,,,,,,,,
Date of version: 9/14/2020,,,,,,,,,,,
,,,,,,,,,,,
"Appendix table 1. Estimates and standard errors for figure 1: Percent of U.S. residents age 12 or older who were victims of violent crime excluding simple assault, 1993-2019",,,,,,,,,,,
,,,,Percent of persons,,,,,,,
,Number of persons,,,,,,,95% confidence interval,,,
Year,Estimate,Standard error,,Estimate,,Standard error,,Lower bound,,Upper bound,
1993,"2,654,090","50,781",,1.26,%,0.023,%,1.213,%,1.305,%
1994,"2,965,900","90,291",,1.39,,0.04,,1.315,,1.472,
1995,"2,514,400","83,061",,1.17,,0.036,,1.101,,1.242,
1996,"2,278,270","82,498",,1.05,,0.035,,0.981,,1.121,
1997,"2,306,400","100,289",,1.05,,0.04,,0.972,,1.132,
1998,"2,022,980","104,805",,0.91,,0.043,,0.83,,1.002,
1999,"1,821,830","70,205",,0.81,,0.032,,0.751,,0.876,
2000,"1,622,850","82,634",,0.72,,0.035,,0.65,,0.787,
2001,"1,448,910","76,785",,0.63,,0.032,,0.571,,0.699,
2002,"1,222,940","61,350",,0.53,,0.025,,0.481,,0.58,
2003,"1,277,400","67,957",,0.53,,0.025,,0.486,,0.586,
2004,"1,276,560","77,171",,0.53,,0.031,,0.471,,0.592,
2005,"1,238,410","70,482",,0.51,,0.027,,0.455,,0.563,
2006,--,--,,--,,--,,--,,--,
2007,"1,210,660","69,266",,0.48,,0.028,,0.431,,0.542,
2008,"1,210,980","64,122",,0.48,,0.026,,0.431,,0.534,
2009,"1,107,630","63,144",,0.44,,0.024,,0.391,,0.486,
2010,"1,094,280","74,952",,0.43,,0.029,,0.374,,0.488,
2011,"1,205,460","60,858",,0.47,,0.022,,0.427,,0.513,
2012,"1,271,770","74,512",,0.49,,0.027,,0.434,,0.542,
2013,"1,145,350","56,413",,0.43,,0.021,,0.394,,0.476,
2014,"1,235,290","66,223",,0.46,,0.025,,0.417,,0.515,
2015,"1,099,400","60,817",,0.41,,0.023,,0.365,,0.455,
2016,"1,123,190","78,887",,0.41,,0.029,,0.356,,0.469,
2017,"1,225,800","57,738",,0.45,,0.021,,0.41,,0.493,
2018,"1,367,270","65,626",,0.5,,0.023,,0.453,,0.545,
2019,"1,216,400","59,953",,0.44,,0.021,,0.399,,0.483,
"--Estimates for 2006 should not be compared to other years and are excluded from this table. See Criminal Victimization, 2007 (NCJ 224390, BJS, December 2008) for more information on changes to the 2006 National Crime Victimization Survey.",,,,,,,,,,,
"Source: Bureau of Justice Statistics, National Crime Victimization Survey, 1993-2019.",,,,,,,,,,,
