Bureau of Justice Statistics,,,,,,,,
Filename: cv19t31.csv,,,,,,,,
"Table 31. Population and number of households, by old and new definition of location of residence, 2019",,,,,,,,
"Report title: Criminal Victimization, 2019  NCJ 255113",,,,,,,,
"Data Source: Bureau of Justice Statistics, National Crime Victimization Survey, 2019; and 2010 Census of Population and Housing and 2013 OMB Metropolitan Statistical Area designations",,,,,,,,
"Authors: Rachel E. Morgan, Ph.D., and Jennifer L. Truman, Ph.D., BJS Statisticians",,,,,,,,
Refer questions to: askbjs@usdoj.gov 202-307-0765,,,,,,,,
Date of version: 9/14/2020,,,,,,,,
,,,,,,,,
"Table 31. Population and number of households, by old and new definition of location of residence, 2019",,,,,,,,
,,Old definition,,,,New definition,,
Location of residence,,Number,Percent,,,Number,Percent,
Total U.S. resident population age 12 or older,,"276,900,000",100,%,,"276,900,000",100,%
,Urban,"92,450,000",33,,,"33,910,000",12,
,Suburban,"146,700,000",53,,,"190,800,000",69,
,Rural,"37,720,000",14,,,"52,160,000",19,
Number of households,,"126,400,000",100,%,,"126,400,000",100,%
,Urban,"43,770,000",35,,,"15,900,000",13,
,Suburban,"65,000,000",51,,,"87,410,000",69,
,Rural,"17,660,000",14,,,"23,130,000",18,
Note: Details may not sum to totals due to rounding.,,,,,,,,
"Source: Bureau of Justice Statistics, National Crime Victimization Survey, 2019; and 2010 Census of Population and Housing and 2013 OMB Metropolitan Statistical Area designations.",,,,,,,,
