Bureau of Justice Statistics,,,,,,
Filename: cv19t03.csv,,,,,,
"Table 3. Number and rate of violent victimizations, by selected characteristics of violent crime, 2018 and 2019",,,,,,
"Report title: Criminal Victimization, 2019  NCJ 255113",,,,,,
"Data Source: Bureau of Justice Statistics, National Crime Victimization Survey, 2018 and 2019",,,,,,
"Authors: Rachel E. Morgan, Ph.D., and Jennifer L. Truman, Ph.D., BJS Statisticians",,,,,,
Refer questions to: askbjs@usdoj.gov 202-307-0765,,,,,,
Date of version: 9/14/2020,,,,,,
,,,,,,
"Table 3. Number and rate of violent victimizations, by selected characteristics of violent crime, 2018 and 2019",,,,,,
,,2018,,,2019*,
Selected characteristics of violent crime,,Number,"Rate per 1,000/a",,Number,"Rate per 1,000/a"
Domestic violence/b,,"1,333,050",4.8,,"1,164,540",4.2
,Intimate partner violence/c,"847,230",3.1,,"695,060",2.5
Stranger violence/d,,"2,493,750",9.1,,"2,254,740",8.1
Violent crime involving injury,,"1,449,530",5.3,,"1,265,680",4.6
Violent crime involving a weapon,,"1,329,700",4.8,,"1,119,060",4
"Note: Details may not sum to totals due to rounding. Violent-crime categories include rape or sexual assault, robbery, aggravated assault, and simple assault. They also include threatened, attempted, and completed occurrences of those crimes. Other violent-crime categories in this table, including domestic violence and violent crime involving injury, are not mutually exclusive from these categories or from each other. See appendix table 7 for standard errors.",,,,,,
*Comparison year.,,,,,,
"a/Rate is per 1,000 persons age 12 or older. See appendix table 34 for population numbers.",,,,,,
b/Includes the subset of violent victimizations that were committed by intimate partners or family members.,,,,,,
"c/Includes the subset of domestic-violence victimizations that were committed by intimate partners, which include current or former spouses, boyfriends, or girlfriends.",,,,,,
d/Includes the subset of violent victimizations that were committed by someone unknown to the victim.,,,,,,
"Source: Bureau of Justice Statistics, National Crime Victimization Survey, 2018 and 2019.",,,,,,
