Bureau of Justice Statistics,,,,,,,,,,,,,,,,,,,,,
Filename: cv19f05.csv,,,,,,,,,,,,,,,,,,,,,
"Figure 5. Location-of-residence classification, by source of classification",,,,,,,,,,,,,,,,,,,,,
"Report title: Criminal Victimization, 2019  NCJ 255113",,,,,,,,,,,,,,,,,,,,,
"Data Source: Housing and Urban Development, American Housing Survey, 2017; Bureau of Justice Statistics, National Crime Victimization Survey, 2019; and U.S. Census Bureau, National Crime Victimization Survey, 2019 internal data file",,,,,,,,,,,,,,,,,,,,,
"Authors: Rachel E. Morgan, Ph.D., and Jennifer L. Truman, Ph.D., BJS Statisticians",,,,,,,,,,,,,,,,,,,,,
Refer questions to: askbjs@usdoj.gov 202-307-0765,,,,,,,,,,,,,,,,,,,,,
Date of version: 9/14/2020,,,,,,,,,,,,,,,,,,,,,
,,,,,,,,,,,,,,,,,,,,,
"Figure 5. Location-of-residence classification, by source of classification",,,,,,,,,,,,,,,,,,,,,
,,AHS Respondent Classification,,,,,,,NCVS New Definition,,,,,,,NCVS Old Definition,,,,,
Location of Residence�,,Urban,,Suburban,,Rural,,,Urban,,Suburban,,Rural,,,Urban,,Suburban,,Rural,
,Biggest principal city of MSA,58,%,40,%,2,%,,43,%,56,%,1,%,,100,%,0,%,0,%
,Other principal city of MSA,31,,67,,2,,,11,,88,,1,,,100,,0,,0,
,In MSA but not principal city,14,,64,,22,,,2,,79,,19,,,0,,100,,0,
,In micropolitan area,20,,29,,52,,,0,,52,,48,,,0,,0,,100,
,Outside of metro/micro area,13,,17,,70,,,0,,25,,75,,,0,,0,,100,
"Source: Housing and Urban Development, American Housing Survey, 2017; Bureau of Justice Statistics, National Crime Victimization Survey, 2019; and U.S. Census Bureau, National Crime Victimization Survey, 2019 internal data file.",,,,,,,,,,,,,,,,,,,,,
