Bureau of Justice Statistics,,,,,,,,,,,
Filename: cv19at26.csv,,,,,,,,,,,
"Appendix table 26. Standard errors for table 23: Percent of violent victimizations reported to police, by completed, attempted, and threatened crimes, 2015-2019",,,,,,,,,,,
"Report title: Criminal Victimization, 2019  NCJ 255113",,,,,,,,,,,
"Data Source: Bureau of Justice Statistics, National Crime Victimization Survey, 2015-2019",,,,,,,,,,,
"Authors: Rachel E. Morgan, Ph.D., and Jennifer L. Truman, Ph.D., BJS Statisticians",,,,,,,,,,,
Refer questions to: askbjs@usdoj.gov 202-307-0765,,,,,,,,,,,
Date of version: 9/14/2020,,,,,,,,,,,
,,,,,,,,,,,
"Appendix table 26. Standard errors for table 23: Percent of violent victimizations reported to police, by completed, attempted, and threatened crimes, 2015-2019",,,,,,,,,,,
Violent crime,,2015,,2016,,2017,,2018,,2019,
,Total,2.79,%,2.22,%,2.18,%,2.26,%,2.26,%
Completed ,,4.08,,3.52,,3.43,,3.35,,3.58,
Attempted,,3.94,,3.26,,3.11,,3.27,,3.23,
Threatened,,3.76,,2.87,,2.94,,2.88,,2.92,
"Note: Standard errors differ from those previously published in the Criminal Victimization, 2018 report because a coding error that affected the generation of those earlier estimates has been corrected.",,,,,,,,,,,
"Source: Bureau of Justice Statistics, National Crime Victimization Survey, 2015-2019.",,,,,,,,,,,
