Bureau of Justice Statistics,,,,,,,,
Filename: cv19at30.csv,,,,,,,,
"Appendix table 30. Standard errors for table 27: Percent of violent incidents excluding simple assault, by victim and offender sex, 2019",,,,,,,,
"Report title: Criminal Victimization, 2019  NCJ 255113",,,,,,,,
"Data Source: Bureau of Justice Statistics, National Crime Victimization Survey, 2019",,,,,,,,
"Authors: Rachel E. Morgan, Ph.D., and Jennifer L. Truman, Ph.D., BJS Statisticians",,,,,,,,
Refer questions to: askbjs@usdoj.gov 202-307-0765,,,,,,,,
Date of version: 9/14/2020,,,,,,,,
,,,,,,,,
"Appendix table 30. Standard errors for table 27: Percent of violent incidents excluding simple assault, by victim and offender sex, 2019",,,,,,,,
,,,Offender sex,,,,,
Victim sex,,Number of violent incidents,Male,,Female,,Both male and female,
,Total,"142,416",2.41,%,1.9,%,0.87,%
Male,,"98,039",3.07,,2.22,,1.27,
Female,,"103,465",3.55,,2.92, ,1.12,
"Source: Bureau of Justice Statistics, National Crime Victimization Survey, 2019.",,,,,,,,
