Bureau of Justice Statistics,,,,,,,
Filename: cv19t24.csv,,,,,,,
"Table 24. Number and rate of violent victimizations, by victim�s veteran and citizenship status, 2018 and 2019",,,,,,,
"Report title: Criminal Victimization, 2019  NCJ 255113",,,,,,,
"Data Source: Bureau of Justice Statistics, National Crime Victimization Survey, 2018 and 2019",,,,,,,
"Authors: Rachel E. Morgan, Ph.D., and Jennifer L. Truman, Ph.D., BJS Statisticians",,,,,,,
Refer questions to: askbjs@usdoj.gov 202-307-0765,,,,,,,
Date of version: 9/14/2020,,,,,,,
,,,,,,,
"Table 24. Number and rate of violent victimizations, by victim�s veteran and citizenship status, 2018 and 2019",,,,,,,
,,,2018,,,2019*,
Victim veteran and citizenship status,,,Number,"Rate per 1,000/a",,Number,"Rate per 1,000/a"
,Total violent victimizations/b,,"6,385,520",23.2,,"5,813,410",21
Veteran status/c,,,,,,,
,Veteran/d,,"378,300",20.7,,"347,370",19
,Non-veteran/e,,"5,115,180",22.2,,"4,525,550",19.5
Citizenship status,,,,,,,
,U.S. citizen,,"6,163,570",23.9,,"5,499,420",21.2
,,U.S.-born citizen/f,"5,900,190",25.1,,"5,296,270",22.4
,,Naturalized U.S. citizen,"263,380",11.6,,"203,150",8.8
,Non-U.S. citizen,,"196,350",12.5,,"267,700",17.7
,U.S.-born/f,,"5,900,190",25.1,,"5,296,270",22.4
,Foreign-born/g,,"459,730",11.9,,"470,850",12.3
Note: Details may not sum to totals due to rounding and missing data. See appendix table 27 for standard errors.,,,,,,,
*Comparison year.,,,,,,,
"a/Rate is per 1,000 persons age 12 or older.",,,,,,,
"b/Includes rape or sexual assault, robbery, aggravated assault, and simple assault. Includes threatened, attempted, and completed occurrences of those crimes. Statistically significant differences for the total victimization numbers and rates are presented using the Balanced Repeated Replication method. Generalized variance function parameters were used to calculate statistically significant differences for the rest of the table.",,,,,,,
c/Includes persons age 18 or older.,,,,,,,
"d/Veterans include persons currently or previously on active duty. Because the NCVS is a household-based survey and active-duty military personnel are more likely to be out of the household at the time of data collection, most veterans in the sample are former active-duty military personnel.",,,,,,,
e/Non-veterans are persons who never served in the U.S. Armed Forces or who completed training in the Reserves or National Guard only.,,,,,,,
"f/Persons born in the U.S., in a U.S. territory, or abroad to U.S. parents.",,,,,,,
g/Naturalized U.S. citizens or non-U.S. citizens.,,,,,,,
"Source: Bureau of Justice Statistics, National Crime Victimization Survey, 2018 and 2019.",,,,,,,
