Bureau of Justice Statistics,,,,,,,,,,,,,,
Filename: cv19f01.csv,,,,,,,,,,,,,,
Figure 1. Percent of U.S. residents age 12 or older who were victims of violent crime excluding simple assault,,,,,,,,,,,,,,
"Report title: Criminal Victimization, 2019  NCJ 255113",,,,,,,,,,,,,,
"Data Source: Bureau of Justice Statistics, National Crime Victimization Survey, 1993-2019",,,,,,,,,,,,,,
"Authors: Rachel E. Morgan, Ph.D., and Jennifer L. Truman, Ph.D., BJS Statisticians",,,,,,,,,,,,,,
Refer questions to: askbjs@usdoj.gov 202-307-0765,,,,,,,,,,,,,,
Date of version: 9/14/2020,,,,,,,,,,,,,,
,,,,,,,,,,,,,,
Figure 1. Percent of U.S. residents age 12 or older who were victims of violent crime excluding simple assault,,,,,,,,,,,,,,
,Percent of persons ,,,,,,,,Percent of persons ,,,,,
,,,95% confidence interval,,,,,,,,95% confidence interval,,,
1993-2019,Estimates,,Lower bound,,Upper bound,,,2015-2019,Estimates,,Lower bound,,Upper bound,
1993,1.26,%,1.21,%,1.31,%,,2015,0.41,%,0.37,%,0.46,%
1994,1.39,,1.32,,1.47,,,2016,0.41,,0.36,,0.47,
1995,1.17,,1.1,,1.24,,,2017,0.45,,0.41,,0.49,
1996,1.05,,0.98,,1.12,,,2018,0.5,,0.45,,0.55,
1997,1.05,,0.97,,1.13,,,2019,0.44,,0.4,,0.48,
1998,0.91,,0.83,,1,,,,,,,,,
1999,0.81,,0.75,,0.88,,,,,,,,,
2000,0.72,,0.65,,0.79,,,,,,,,,
2001,0.63,,0.57,,0.7,,,,,,,,,
2002,0.53,,0.48,,0.58,,,,,,,,,
2003,0.53,,0.49,,0.59,,,,,,,,,
2004,0.53,,0.47,,0.59,,,,,,,,,
2005,0.51,,0.46,,0.56,,,,,,,,,
2006,,,,,,,,,,,,,,
2007,0.48,,0.43,,0.54,,,,,,,,,
2008,0.48,,0.43,,0.53,,,,,,,,,
2009,0.44,,0.39,,0.49,,,,,,,,,
2010,0.43,,0.37,,0.49,,,,,,,,,
2011,0.47,,0.43,,0.51,,,,,,,,,
2012,0.49,,0.43,,0.54,,,,,,,,,
2013,0.43,,0.39,,0.48,,,,,,,,,
2014,0.46,,0.42,,0.52,,,,,,,,,
2015,0.41,,0.37,,0.46,,,,,,,,,
2016,0.41,,0.36,,0.47,,,,,,,,,
2017,0.45,,0.41,,0.49,,,,,,,,,
2018,0.5,,0.45,,0.55,,,,,,,,,
2019,0.44,,0.4,,0.48,,,,,,,,,
Note: Estimates include 95% confidence intervals. See table 18 for definitions and appendix table 1 for estimates and standard errors. Estimates for 2006 should not be compared to other years and are excluded from the 1993-2019 figure. ,,,,,,,,,,,,,,
"Source: Bureau of Justice Statistics, National Crime Victimization Survey, 1993-2019.",,,,,,,,,,,,,,
