Bureau of Justice Statistics,,,,,,
Filename: cv19f02.csv,,,,,,
"Figure 2. Percent of U.S. households who were victims of burglary, 1993-2019",,,,,,
"Report title: Criminal Victimization, 2019  NCJ 255113",,,,,,
"Data Source: Bureau of Justice Statistics, National Crime Victimization Survey, 1993-2019",,,,,,
"Authors: Rachel E. Morgan, Ph.D., and Jennifer L. Truman, Ph.D., BJS Statisticians",,,,,,
Refer questions to: askbjs@usdoj.gov 202-307-0765,,,,,,
Date of version: 9/14/2020,,,,,,
,,,,,,
"Figure 2. Percent of U.S. households who were victims of burglary, 1993-2019",,,,,,
,,,95% confidence interval,,,
Year,Estimate,,Lower bound ,,Upper bound,
1993,2.57,%,2.41,%,2.75,%
1994,2.89,,2.75,,3.04,
1995,2.66,,2.5,,2.83,
1996,2.45,,2.31,,2.6,
1997,2.4,,2.25,,2.56,
1998,2.12,,1.99,,2.27,
1999,1.85,,1.71,,2,
2000,1.76,,1.62,,1.9,
2001,1.63,,1.51,,1.75,
2002,1.62,,1.5,,1.75,
2003,1.71,,1.58,,1.86,
2004,1.64,,1.5,,1.78,
2005,1.69,,1.54,,1.86,
2006,,,,,,
2007,1.45,,1.34,,1.58,
2008,1.4,,1.28,,1.52,
2009,1.48,,1.35,,1.62,
2010,1.45,,1.34,,1.56,
2011,1.46,,1.36,,1.57,
2012,1.57,,1.45,,1.7,
2013,1.39,,1.28,,1.52,
2014,1.27,,1.17,,1.37,
2015,1.18,,1.08,,1.3,
2016,1.09,,1.01,,1.18,
2017,1.03,,0.95,,1.13,
2018,1.07,,0.98,,1.16,
2019,0.82,,0.75,,0.9,
"Note: Estimates include 95% confidence intervals. Burglary is the unlawful or forcible entry or attempted entry of places, including a permanent residence, other residence (e.g., a hotel room or vacation residence), or other structure (e.g., a garage or shed) where there was a completed or attempted theft. See appendix table 2 for estimates and standard errors. Estimates for 2006 should not be compared to other years and are excluded from this figure (see Criminal Victimization, 2007 (NCJ 224390, BJS, December 2008)).",,,,,,
"Source: Bureau of Justice Statistics, National Crime Victimization Survey, 1993-2019.",,,,,,
