"Bureau of Justice Statistics",,
"filename: cv02tt8.csv",,
"Text Table 8. Violent and property crimes reported to the police, 2002",,
"report title:  Criminal Victimization, 2002  NCJ 199994",,
"data source: National Crime Victimization Survey",,
"authors: Callie Marie Rennison, Ph.D. and Michael R. Rand, BJS Statisticians",,
"refer questions to: askbjs@ojp.usdoj.gov (202)307-0765",,
"date of version: 08/19/03",,
,,
"Text Table 8. Violent and property crimes reported to the police, 2002",,
,,
,"Percent of crime reported to the police, 2002",
"Violent crime",48.5,"%"
"Rape/sexual assault",53.7,
"Robbery",71.2,
"Aggravated assault",56.6,
"Simple assault",42.7,
,,
"Personal theft",46.4,"%"
,,
"Property crime",40.2,"%"
"Burglary",57.9,
"Motor vehicle theft",86.1,
"Theft",32.8,
