"Bureau of Justice Statistics",
"filename: cv02f12.csv",
"Figure 12.  Percent of property crime reported to police ",
"report title:  Criminal Victimization, 2002  NCJ 199994",
"data source: National Crime Victimization Survey",
"authors: Callie Marie Rennison, Ph.D. and Michael R. Rand, BJS Statisticians",
"refer questions to: askbjs@ojp.usdoj.gov (202)307-0765",
"date of version: 08/19/03",
,
"Figure 12.  Percent of property crime reported to police ",
,
"cv02f12.csv",
," Percent of property crime reported to police "
1993,33.5
1994,33.9
1995,33.2
1996,34.8
1997,35.1
1998,35.3
1999,33.8
2000,35.7
2001,37.0
2002,40.2
