"Bureau of Justice Statistics",,,,,,,,,,,,,,,
"filename: cv02t09.csv",,,,,,,,,,,,,,,
"Table 9.  Victim and offender relationship, 2002",,,,,,,,,,,,,,,
"report title:  Criminal Victimization, 2002  NCJ 199994",,,,,,,,,,,,,,,
"data source: National Crime Victimization Survey",,,,,,,,,,,,,,,
"authors: Callie Marie Rennison, Ph.D. and Michael R. Rand, BJS Statisticians",,,,,,,,,,,,,,,
"refer questions to: askbjs@ojp.usdoj.gov (202)307-0765",,,,,,,,,,,,,,,
"date of version: 08/19/03",,,,,,,,,,,,,,,
,,,,,,,,,,,,,,,
"Table 9.  Victim and offender relationship, 2002",,,,,,,,,,,,,,,
,,,,,,,,,,,,,,,
,"Violent crime",,,"Rape/sexual assault",,,"Robbery",,,"Aggravated assault",,,"Simple assault",,
"Relationship with victim","Number","Percent",,"Number","Percent",,"Number","Percent",,"Number","Percent",,"Number","Percent",
,,,,,,,,,,,,,,,
"Male victims",,,,,,,,,,,,,,,
"Total",2857930,100,"%",31640,100,"%",323530,100,"%",588430,100,"%",1914320,100,"%"
"Nonstranger",1216440,43,"%",16500,52,"%*",75980,24,"%",229000,39,"%",894960,47,"%"
"Intimate",72520,3,,0,0,"*",11490,4,"*",13480,2,"*",47560,3,
"Other relative",98780,4,,0,0,"*",0,0,"*",26350,5,"*",72430,4,
"Friend/acquaintance",1045140,37,,16500,52,"*",64490,20,,189170,32,,774970,41,
,,,,,,,,,,,,,,,
"Stranger",1603230,56,"%",15140,48,"%*",239380,74,"%",352630,60,"%",996070,52,"%"
,,,,,,,,,,,,,,,
"Relationship unknown",38260,1,"%",0,0,"%*",8170,3,"%*",6800,1,"%*",23290,1,"%*"
,,,,,,,,,,,,,,,
"Female victims",,,,,,,,,,,,,,,
"Total ",2483480,100,"%",216090,100,"%",188960,100,"%",401670,100,"%",1676760,100,"%"
"Nonstranger",1665980,67,"%",149620,69,"%",103560,55,"%",233800,58,"%",1179000,70,"%"
"Intimate",494570,20,,21920,10,"*",36140,19,,75250,19,,361260,22,
"Other relative",170500,7,,3850,2,"*",20700,11,"*",32190,8,,113760,7,
"Friend/acquaintance",1000910,40,,123850,57,,46710,25,,126360,32,,703980,42,
,,,,,,,,,,,,,,,
"Stranger",767270,31,"%",61000,28,"%",80860,43,"%",147960,37,"%",477450,29,"%"
,,,,,,,,,,,,,,,
"Relationship unknown",50240,2,"%",5470,3,"%*",4540,2,"%*",19910,5,"%*",20320,1,"%*"
,,,,,,,,,,,,,,,
"Note:  Percentages may not total to 100% because of rounding.",,,,,,,,,,,,,,,
"*Based on 10 or fewer sample cases.",,,,,,,,,,,,,,,
