"Bureau of Justice Statistics",,,,
"filename: cv02tt7.csv",,,,
"Text Table 7. Property crime average rate by, region, residence and ownership 1999-2001 to 2001-02",,,,
"report title:  Criminal Victimization, 2002  NCJ 199994",,,,
"data source: National Crime Victimization Survey",,,,
"authors: Callie Marie Rennison, Ph.D. and Michael R. Rand, BJS Statisticians",,,,
"refer questions to: askbjs@ojp.usdoj.gov (202)307-0765",,,,
"date of version: 08/19/03",,,,
,,,,
"Text Table 7. Property crime average rate by, region, residence and ownership 1999-2001 to 2001-02",,,,
,,,,
,"Average annual rate of property crimes per 1,000 persons age 12 or older",,,
,"1999-2000","2001-02","Percent change",
"Northeast ",151.5,120.5,-20.5,"%*"
"Midwest",190.9,164.1,-14.0,"*"
"South",179.6,152.6,-15.0,"*"
"West",233.2,218.2,-6.4,"*"
,,,,
"Urban",239.1,214.0,-10.5,"%*"
"Suburban",172.5,151.0,-12.5,"*"
"Rural",156.2,125.0,-19.9,"*"
,,,,
"Owned ",161.8,141.3,-12.7,"%*"
"Rented",240.2,208.3,-13.3,"*"
,,,,
"*The 1999-2000 and 2001-02 difference is significant at the 95%-confidence level.",,,,
