"Bureau of Justice Statistics",,,,
"filename: cv02tt4.csv",,,,
"Text Table 4. Violent crime average rate by, annual household income 1999-2001 to 2001-02",,,,
"report title:  Criminal Victimization, 2002  NCJ 199994",,,,
"data source: National Crime Victimization Survey",,,,
"authors: Callie Marie Rennison, Ph.D. and Michael R. Rand, BJS Statisticians",,,,
"refer questions to: askbjs@ojp.usdoj.gov (202)307-0765",,,,
"date of version: 08/19/03",,,,
,,,,
"Text Table 4. Violent crime average rate by, annual household income 1999-2001 to 2001-02",,,,
,,,,
,"Average annual rate of violent crimes per 1,000 persons age 12 or older",,,
,"1999-2000","2001-02","Percent change",
"Less than $7,500",58.9,46.0,-21.9,"%*"
"$7,500-$14,999",41.3,34.3,-17.0,"**"
"$15,000-$24,999",33.6,30.9,-8.1,
"$25,000-$34,999",33.9,28.1,-17.2,"*"
"$35,000-$49,999",29.4,25.9,-11.8,
"$50,000-$74,999",28.5,19.9,-30.2,"*"
"$75,000 or more",22.6,18.8,-17.0,"*"
,,,,
"The 1999-2000 and 2001-02 difference is significant at the -*95%-confidence level, ",,,,
"** 90%-confidence level.",,,,
