"Bureau of Justice Statistics",,,,
"filename: cv02tt2.csv",,,,
"Text Table 2. Violent crime average rate by marital status, 1999-2001 to 2001-02",,,,
"report title:  Criminal Victimization, 2002  NCJ 199994",,,,
"data source: National Crime Victimization Survey",,,,
"authors: Callie Marie Rennison, Ph.D. and Michael R. Rand, BJS Statisticians",,,,
"refer questions to: askbjs@ojp.usdoj.gov (202)307-0765",,,,
"date of version: 08/19/03",,,,
,,,,
"Text Table 2. Violent crime average rate by marital status, 1999-2001 to 2001-02",,,,
,,,,
,"Average annual rate of violent crimes per 1,000 persons age 12 or older",,,
,"1999-2000","2001-02","Percent change",
,,,,
"Never married",56.0,44.0,-21.4,"%*"
"Married",13.6,11.0,-19.2,"*"
"Widowed",7.0,7.4,"+5.3",
"Divorced/separated",47.9,36.3,-24.2,"*"
,,,,
"*The 1999-2000 and 2001-02 difference is significant at the 95%-confidence level.",,,,
