"Bureau of Justice Statistics",,,
"filename: cv02f4.csv",,,
"Figure 4.  Violent crime and race",,,
"report title:  Criminal Victimization, 2002  NCJ 199994",,,
"data source: National Crime Victimization Survey",,,
"authors: Callie Marie Rennison, Ph.D. and Michael R. Rand, BJS Statisticians",,,
"refer questions to: askbjs@ojp.usdoj.gov (202)307-0765",,,
"date of version: 08/19/03",,,
,,,
"Figure 4.  Violent crime and race",,,
,,,
"cv02f4.csv",,,
,"Rate of violent victimization per 1,000 persons age 12 or older",,
,"White","Black","Other"
1993,47.9,67.4,39.8
1994,50.5,61.3,49.9
1995,44.7,61.1,41.9
1996,40.9,52.3,33.2
1997,38.3,49.0,28.0
1998,36.3,41.7,27.6
1999,31.9,41.6,24.5
2000,27.1,35.3,20.7
2001,24.5,31.2,18.2
2002,22.8,27.9,14.7
