"Bureau of Justice Statistics",,
"filename: cv02f6.csv",,
"Figure 6.  Property crime and owned/rented residences",,
"report title:  Criminal Victimization, 2002  NCJ 199994",,
"data source: National Crime Victimization Survey",,
"authors: Callie Marie Rennison, Ph.D. and Michael R. Rand, BJS Statisticians",,
"refer questions to: askbjs@ojp.usdoj.gov (202)307-0765",,
"date of version: 08/19/03",,
,,
"Figure 6.  Property crime and owned/rented residences",,
,,
"cv02f6.csv",,
,"Rate of victimization per 1,000 households ",
,"Owned","Rented "
1993,282.5,383.5
1994,275.2,372.7
1995,253.7,357.7
1996,233.7,327.1
1997,211.7,316.0
1998,189.6,270.6
1999,170.4,251.9
2000,153.4,228.3
2001,146.3,209.6
2002,136.4,207.0
