"Bureau of Justice Statistics",
"filename: cv02f9.csv",
"Figure 9.  Percent of violent crime reported to the police ",
"report title:  Criminal Victimization, 2002  NCJ 199994",
"data source: National Crime Victimization Survey",
"authors: Callie Marie Rennison, Ph.D. and Michael R. Rand, BJS Statisticians",
"refer questions to: askbjs@ojp.usdoj.gov (202)307-0765",
"date of version: 08/19/03",
,
"Figure 9.  Percent of violent crime reported to the police ",
,
"cv02f9.csv",
,"Percent of violent crime reported to the police"
1993,43.2
1994,41.6
1995,41.7
1996,42.8
1997,44.5
1998,45.9
1999,43.9
2000,47.9
2001,49.4
2002,48.5
