"Bureau of Justice Statistics",,,,,,,,,,,,
"filename: cv02t07.csv",,,,,,,,,,,,
"Table 7.  Rates of violent crime and personal theft, by household income, marital status, region, and location of residence of victims, 2002",,,,,,,,,,,,
"report title:  Criminal Victimization, 2002  NCJ 199994",,,,,,,,,,,,
"data source: National Crime Victimization Survey",,,,,,,,,,,,
"authors: Callie Marie Rennison, Ph.D. and Michael R. Rand, BJS Statisticians",,,,,,,,,,,,
"refer questions to: askbjs@ojp.usdoj.gov (202)307-0765",,,,,,,,,,,,
"date of version: 08/19/03",,,,,,,,,,,,
,,,,,,,,,,,,
"Table 7.  Rates of violent crime and personal theft, by household income, marital status, region, and location of residence of victims, 2002",,,,,,,,,,,,
,,,,,,,,,,,,
,,,"Victimizations per 1,000 persons age 12 or older",,,,,,,,,
,,,,,"Violent Crimes",,,,,,,
,,,,,,,,"Assault",,,,
"Characteristic of victim","Population","All","Rape/sexual assault",,"Robbery",,"Total","Aggravated",,"Simple","Personal theft",
"Household income",,,,,,,,,,,,
"Less than $7,500",8347650,45.5,2.5,"*",6.3,,36.7,11.2,,25.5,1.7,"*"
"$7,500-$14,999",15608210,31.5,3.2,,4.1,,24.2,5.8,,18.4,0.5,"*"
"$15,000-$24,999",23872200,30.0,2.1,,2.9,,25.0,6.1,,18.9,0.8,"*"
"$25,000-$34,999",24104810,27.0,1.2,"*",2.9,,22.9,4.1,,18.9,0.3,"*"
"$35,000-$49,999",31655160,25.6,0.9,"*",2.2,,22.4,5.2,,17.2,0.4,"*"
"$50,000-$74,999",33713640,18.7,0.2,"*",2.1,,16.5,2.5,,14.0,0.6,"*"
"$75,000 or more",43139380,19.0,0.4,"*",1.0,,17.6,2.8,,14.8,0.7,
,,,,,,,,,,,,
"Marital status",,,,,,,,,,,,
"Never married",74029810,43.3,2.6,,3.7,,37.0,7.3,,29.7,1.1,
"Married",117296790,10.6,0.2,"*",0.9,,9.5,2.2,,7.2,0.3,
"Divorced/separated",24768200,30.7,1.1,"*",4.0,,25.6,5.9,,19.7,1.1,"*"
"Widowed",13699370,7.1,0.3,"*",2.0,"*",4.8,2.2,"*",2.7,0.6,"*"
,,,,,,,,,,,,
"Region",,,,,,,,,,,,
"Northeast ",43705120,18.8,0.7,,1.5,,16.7,2.7,,13.9,1.2,
"Midwest",54065070,25.7,1.0,,2.2,,22.6,4.3,,18.3,0.5,"*"
"South",83470930,19.7,1.0,,2.6,,16.2,4.7,,11.5,0.6,
"West",50348150,29.4,1.6,,2.3,,25.5,5.0,,20.6,0.5,"*"
,,,,,,,,,,,,
"Residence",,,,,,,,,,,,
"Urban",64533840,33.1,2.2,,4.3,,26.7,6.5,,20.2,1.2,
"Suburban",111164070,20.0,0.7,,1.8,,17.6,3.5,,14.1,0.6,
"Rural",55891360,17.5,0.6,,0.7,,16.2,3.3,,12.9,0.2,"*"
,,,,,,,,,,,,
"Note:  The National Crime Victimization Survey includes as violent crime rape, sexual assault, robbery, and assault.",,,,,,,,,,,,
"Because the NCVS interviews persons about their victimizations, murder and manslaughter cannot be included.",,,,,,,,,,,,
"*Based on 10 or fewer sample cases.",,,,,,,,,,,,
