"Bureau of Justice Statistics",,,,,,,,,,,,,,,
"Filename: ipv99a01.csv",,,,,,,,,,,,,,,
"Appendix table 1.  Rates of violence and homicide against females by intimate partners, by age, 1993-99.",,,,,,,,,,,,,,,
"Title of Report:  Intimate Partner Violence and Age of Victim, 1993-99, NCJ 187635",,,,,,,,,,,,,,,
"Data source:  National Crime Victimization Survey",,,,,,,,,,,,,,,
"Author:  Callie Rennison, Ph.D.",,,,,,,,,,,,,,,
"Refer questions to:   (202) 307-0765 or askbjs@ojp.usdoj.gov",,,,,,,,,,,,,,,
"Date version:  10/05/01",,,,,,,,,,,,,,,
,,,,,,,,,,,,,,,
"Appendix table 1.  Rates of violence and homicide against females by intimate partners, by age, 1993-99.",,,,,,,,,,,,,,,
,,,,,,,,,,,,,,,
,,"Intimate partner violence rate per 1,000 females age 12 or older",,,,,,,,,,,,,
,,,,,,,,,,,,,,,
"Age of victim",,1993,,1994,,1995,,1996,,1997,,1998,,1999,
"12-15",,3.8,"*",2.2,"*",2.5,"*",2.5,"*",1.8,"*",2.5,"*",1.3,"*"
"16-19",,16.4,,19.6,,22.3,,13.8,,14.8,,16.4,,15.4,
"20-24",,24.1,,29.3,,20.3,,24.3,,22.0,,18.2,,15.7,"a"
"25-34",,14.7,,20.0,,17.2,,15.9,,13.3,,14.4,,9.4,
"35-49",,12.2,,7.0,,7.1,,6.0,,7.4,,8.6,,6.0,"a"
"50-64",,1.7,,2.2,,1.1,"*",1.4,,1.1,"*",1.4,,0.8,"*"
"65 or older",,0.6,"*",0.1,"*",0.0,"*",0.2,"*",0.3,"*",0.0,"*",0.2,"*"
,,,,,,,,,,,,,,,
,,"Intimate partner homicide rate per 100,000 females age 12 or older",,,,,,,,,,,,,
"12-15",,0.3,,0.2,,0.1,,0.2,,0.1,,0.2,,0.1,
"16-19",,1.2,,1.1,,1.1,,1.0,,0.8,,0.9,,0.8,
"20-24",,2.3,,1.9,,1.9,,1.7,,1.7,,1.9,,1.6,
"25-34",,2.5,,2.4,,2.0,,2.1,,1.9,,2.0,,1.7,
"35-49",,2.4,,2.1,,2.1,,2.2,,2.0,,2.1,,2.1,
"50-64",,0.8,,0.7,,0.6,,0.6,,0.6,,0.5,,0.6,
"65 or older",,0.7,,0.6,,0.7,,0.6,,0.5,,0.6,,0.6,
,,,,,,,,,,,,,,,
"Note:  Homicide data and populations based on FBI's Uniform Crime Reports.",,,,,,,,,,,,,,,
"*Based on 10 or fewer sample cases.",,,,,,,,,,,,,,,
"a/ Linear trend tests demonstrate that the 1993 to 1999 change in rate of violence is signficant at the 95%-level of confidence.",,,,,,,,,,,,,,,
