"Bureau of Justice Statistics",,,,,,,,,,,,,,
"Filename: ipv99a07.csv",,,,,,,,,,,,,,
"Appendix table 7.  Intimate partner homicide rates of males, 1993-99. ",,,,,,,,,,,,,,
"Title of Report:  Intimate Partner Violence and Age of Victim, 1993-99, NCJ 187635",,,,,,,,,,,,,,
"Data source:  National Crime Victimization Survey",,,,,,,,,,,,,,
"Author:  Callie Rennison, Ph.D.",,,,,,,,,,,,,,
"Refer questions to:   (202) 307-0765 or askbjs@ojp.usdoj.gov",,,,,,,,,,,,,,
"Date version:  10/05/01",,,,,,,,,,,,,,
,,,,,,,,,,,,,,
"Appendix table 7.  Intimate partner homicide rates of males, 1993-99. ",,,,,,,,,,,,,,
,,,,,,,,,,,,,,
,,"Rate per 100,000 males age 12 or older",,,,,,,,,,,,
,,"12-15",,"16-19",,"20-24",,"25-34",,"35-49",,"50-64",,"65 or older"
1993,,0.0,,0.2,,0.7,,1.2,,1.1,,0.5,,0.2
1994,,0.0,,0.2,,0.8,,1.0,,1.3,,0.5,,0.2
1995,,0.0,,0.2,,0.6,,0.7,,1.1,,0.4,,0.1
1996,,0.0,,0.2,,0.5,,0.7,,1.0,,0.4,,0.1
1997,,0.0,,0.1,,0.4,,0.6,,0.8,,0.4,,0.1
1998,,0.1,,0.1,,0.5,,0.7,,0.9,,0.5,,0.1
1999,,0.0,,0.1,,0.5,,0.5,,0.7,,0.3,,0.1
