"Bureau of Justice Statistics",,,,,,,,,
"Filename:ipva9907.csv",,,,,,,,,
"Table 7.  Intimate partner violence against females and reporting to police, by age, 1993-99.",,,,,,,,,
"Title of Report:  Intimate Partner Violence and Age of Victim, 1993-99, NCJ 187635",,,,,,,,,
"Data source:  National Crime Victimization Survey",,,,,,,,,
"Author:  Callie Rennison, Ph.D.",,,,,,,,,
"Refer questions to:   (202) 307-0765 or askbjs@ojp.usdoj.gov",,,,,,,,,
"Date version:  10/05/01",,,,,,,,,
,,,,,,,,,
"Table 7.  Intimate partner violence against females and reporting to police, by age, 1993-99.",,,,,,,,,
,,,,,,,,,
,,"Intimate partner violence against women",,,,,,,
,,"Average",,,,,,,
,,"annual",,"Percent reported to the police",,,,,
"Age of victim",,"number",,"Yes",,"No",,"Did not know",
"  Total",,902240,,53.7,"%",46.1,"%",0.3,"%*"
"12-15",,17870,,27.9,,72.1,,0.0,"*"
"16-19",,123760,,45.9,,54.1,,0.0,"*"
"20-24",,185590,,53.2,,46.6,,0.2,"*"
"25-34",,306550,,57.3,,42.7,,0.0,"*"
"35-49",,239370,,56.8,,42.5,,0.7,"*"
"50 or older",,29110,,41.7,,57.3,,1.1,"*"
,,,,,,,,,
"*Based on 10 or fewer sample cases.",,,,,,,,,
