Bureau of Justice Statistics,
Filename: cascf04.csv,
"Figure 4. Reversal rates for appeals of top 10 most serious offense types in trial case, 2010",
Report title: Criminal Appeals in State Courts NCJ 248874,
"Data Source: Bureau of Justice Statistics, 2010 Survey of State Court Criminal Appeals",
"Authors: Nicole L. Waters, Anne Gallegos, James Green, Martha Rozsi",
Refer questions to: askbjs@usdoj.gov   202-307-0765,
Date of version: 9/3/2015,
,
"Figure 4. Reversal rates for appeals of top 10 most serious offense types in trial case, 2010",
,
Most serious offense,Percent
Murder,17
Drug Trafficking,23
Sex Offenses,21
Robbery,17
Assault*,16
Drug Possession,17
Burglary,16
DUI/DWI,18
Larceny/Theft,23
Weapons,19
All Others,13
"Note: Offense types, ranked by prevalence in the underlying trial case, are shown for all appeals disposed. Reversal rates are based on appeals reviewed on the merits. Offense type was often missing in cases not reviewed on the merits. Excludes 12% of cases that were missing offense type. ",
*Assault includes aggravated and simple assault. See appendix table 8 for standard errors.,
"Source: Bureau of Justice Statistics, Survey of State Court Criminal Appeals, 2010.",
