Bureau of Justice Statistics,,,
Filename: cascf05.csv,,,
"Figure 5. Median days for time on appeal, by milestone, 2010",,,
Report title: Criminal Appeals in State Courts NCJ 248874,,,
"Data Source: Bureau of Justice Statistics, 2010 Survey of State Court Criminal Appeals",,,
"Authors: Nicole L. Waters, Anne Gallegos, James Green, Martha Rozsi",,,
Refer questions to: askbjs@usdoj.gov   202-307-0765,,,
Date of version: 9/3/2015,,,
,,,
"Figure 5. Median days for time on appeal, by milestone, 2010",,,
,,,Days
Permission to review (only by permission),,,92
Record preparation,,,69
Brief preparation,,,81
Decision making,,,107
,,,
Note: See appendix table 9 for standard errors. ,,,
"Source: Bureau of Justice Statistics, Survey of State Court Criminal Appeals, 2010.",,,
