Bureau of Justice Statistics,,,,,,,,,,,,,,
Filename: cascat05.csv,,,,,,,,,,,,,,
"Appendix table 5. Standard errors for table 2: Percent of criminal appeals disposed in intermediate appellate courts, by appeal characteristics, 2010",,,,,,,,,,,,,,
Report title: Criminal Appeals in State Courts NCJ 248874,,,,,,,,,,,,,,
"Data Source: Bureau of Justice Statistics, 2010 Survey of State Court Criminal Appeals",,,,,,,,,,,,,,
"Authors: Nicole L. Waters, Anne Gallegos, James Green, Martha Rozsi",,,,,,,,,,,,,,
Refer questions to: askbjs@usdoj.gov   202-307-0765,,,,,,,,,,,,,,
Date of version: 9/3/2015,,,,,,,,,,,,,,
,,,,,,,,,,,,,,
"Appendix table 5. Standard errors for table 2: Percent of criminal appeals disposed in intermediate appellate courts, by appeal characteristics, 2010",,,,,,,,,,,,,,
,,Reviewed on the merits,,,,,,,Not reviewed on the merits,,,,,
Appeal characteristic,,Total,,Affirmed,,Reversed,,,Total,,Dismissed,,Withdrawn,
,Total,0.7,%,0.98,%,0.7,%,,0.7,%,0.53,%,0.6,%
Petitioner,,,,,,,,,,,,,,
,State,6.82,%,7.42,%,6.11,%,,6.82,%,4.29,% !,5.88,%
,Defendant,0.7,,0.98,,0.67,,,0.7,,0.54,,0.57,
,Transfer from court of last resort,0, !,0, !,0, !,,0, !,0, !,0, !
Status,,,,,,,,,,,,,,
,Appeal by right,0.75,%,1.02,%,0.74,%,,0.75,%,0.54,%,0.63,%
,Appeal by permission,2.78,,2.37,,2.47,,,2.78,,3.12,,1.55,
Severity of offense,,,,,,,,,,,,,,
,Death penalty,~,,~,,~,,,~,,~,,~,
,Felony (nondeath penalty),0.7,%,1.02,%,0.82,%,,0.7,%,0.55,%,0.57,%
,Misdemeanor,2.24,,3.14,,2.65,,,2.24,,1.66,,1.74,
~Not applicable.,,,,,,,,,,,,,,
! Interpret with caution. Coefficient of variation was greater than 50%.,,,,,,,,,,,,,,
"Source: Bureau of Justice Statistics, Survey of State Court Criminal Appeals, 2010.",,,,,,,,,,,,,,
