Bureau of Justice Statistics,,,,,,
Filename: cascat02.csv,,,,,,
"Appendix table 2. Initial and revised sample sizes, by type of case or court, 2010",,,,,,
Report title: Criminal Appeals in State Courts NCJ 248874,,,,,,
"Data Source: Bureau of Justice Statistics, 2010 Survey of State Court Criminal Appeals",,,,,,
"Authors: Nicole L. Waters, Anne Gallegos, James Green, Martha Rozsi",,,,,,
Refer questions to: askbjs@usdoj.gov   202-307-0765,,,,,,
Date of version: 9/3/2015,,,,,,
,,,,,,
"Appendix table 2. Initial and revised sample sizes, by type of case or court, 2010",,,,,,
,,,,,,
,,,Court of ,,Intermediate ,
Stratum,Death penalty,,last resort,,appellate court,
Expected total population ,234,,"29,630",,"71,563",
Target sample size ,234,,"1,800",,"3,060",
Initial sampling rate,100,%,5.39,%,4.25,%
Revised sampling rate,100,%,14.2,%,6.47,%
Total actual sample size,134,,"2,014",,"2,659",
"Source: Bureau of Justice Statistics, Survey of State Court Criminal Appeals, 2010.",,,,,,
