Bureau of Justice Statistics,,,
Filename: cascf07.csv,,,
"Figure 7. Time to resolve appeals reviewed on the merits, by court structure, 2010",,,
Report title: Criminal Appeals in State Courts NCJ 248874,,,
"Data Source: Bureau of Justice Statistics, 2010 Survey of State Court Criminal Appeals",,,
"Authors: Nicole L. Waters, Anne Gallegos, James Green, Martha Rozsi",,,
Refer questions to: askbjs@usdoj.gov   202-307-0765,,,
Date of version: 9/3/2015,,,
,,,
,,,
"Figure 7. Time to resolve appeals reviewed on the merits, by court structure, 2010",,,
,Days,,
,50th percentile,75th percentile,95th percentile
IAC & COLR disc (25.2%),287,362,564
COLR disc (55.4%),457,515,624
Deflective structure (63.5%),325,470,656
COLR by subject matter (53.5%),448,572,782
IAC Man/COLR disc (66.9%),429,558,848
IAC by subject matter (63.3%),400,584,1011
COLR mand (77.6%),363,553,1071
Note: Includes courts of last resort (COLR) and intermediate appellate courts (IAC). Percent of caseload reviewed on the merits shown in parentheses. Excludes death penalty appeals. See appendix table 11 for standard errors. ,,,
*Missing bars could not be reliably calculated.,,,
"Source: Bureau of Justice Statistics, Survey of State Court Criminal Appeals, 2010.",,,
