Bureau of Justice Statistics,,,
Filename: cascat13.csv,,,
"Appendix table 13. Standard errors for figure 8: Time from appeals start to resolution, by severity of offense, 2010",,,
Report title: Criminal Appeals in State Courts NCJ 248874,,,
"Data Source: Bureau of Justice Statistics, 2010 Survey of State Court Criminal Appeals",,,
"Authors: Nicole L. Waters, Anne Gallegos, James Green, Martha Rozsi",,,
Refer questions to: askbjs@usdoj.gov   202-307-0765,,,
Date of version: 9/3/2015,,,
,,,
"Appendix table 13. Standard errors for figure 8: Time from appeals start to resolution, by severity of offense, 2010",,,
Severity of offense,,Standard error,
Death penalty*,,,
Felony (nondeath penalty),,,
,50th percentile,0.01, years
,75th percentile,0.01,
,95th percentile,0.06,
Misdemeanor,,,
,50th percentile,0.05, years
,75th percentile,0.07,
,95th percentile,0.16,
*Data were collected on the universe of death penalty case.,,,
"Source: Bureau of Justice Statistics, Survey of State Court Criminal Appeals, 2010.",,,
