Bureau of Justice Statistics,,,,,,,,
filename: dudsfp04tt01.csv,,,,,,,,
"Text table 1. Drug use of State and Federal prisoners, by type of offense, 1997 and 2004",,,,,,,,
"report title: Drug Use and Dependence, State and Federal Prisoners, 2004  NCJ 213530",,,,,,,,
"data source: Survey of Inmates in State and Federal Correctional Facilities, 2004",,,,,,,,
authors: Christopher J. Mumola and Jennifer C. Karberg,,,,,,,,
refer questions to: askbjs@usdoj.gov  (202) 307-0765,,,,,,,,
date of version: 10-04-06,,,,,,,,

"Text table 1. Drug use of State and Federal prisoners, by type of offense, 1997 and 2004",,,,,,,,
,Percent of prisoners who reported drug use at the time of the offense ---,,,,,,,
,State,,,,Federal,,,
Most serious offense,2004,,1997,,2004,,1997,
Total,32.1,%,32.6,%,26.4,%,22.4,%
Violent,27.7,,29,,24,,24.5,
Property,38.5,,36.6,,13.6,,10.8,
Drug,43.6,,41.9,,32.3,,25
Public-order,25.4,,23.1,,18.7,,15.6
