Bureau of Justice Statistics,,,,,
filename: dudsfp04ht02.csv,,,,,
"Highlight table 2. Drug abuse treatment and program participation of State and Federal Prisoners, 2004",,,,,
"report title: Drug Use and Dependence, State and Federal Prisoners, 2004  NCJ 213530",,,,,
"data source: Survey of Inmates in State and Federal Correctional Facilities, 2004",,,,,
authors: Christopher J. Mumola and Jennifer C. Karberg,,,,,
refer questions to: askbjs@usdoj.gov  (202) 307-0765,,,,,
date of version: 10-04-06,,,,,

"Highlight table 2. Drug abuse treatment and program participation of State and Federal prisoners, 2004",,,,,
,,Percent of prisoners meeting drug dependence or abuse criteria --,,,
Type of treatment since admission,,State ,,Federal,
Any drug treatment or programs,,40,%,49,%
,Treatment ,15,,17,
,Other programs,35,,41,
