Bureau of Justice Statistics,,,,,,
filename: dudsfp04ext02.csv,,,,,,
"Exhibit table 2. Profile of drug offenders in State and Federal prison, 2004",,,,,,
"report title: Drug Use and Dependence, State and Federal Prisoners, 2004  NCJ 213530",,,,,,
"data source: Survey of Inmates in State and Federal Correctional Facilities, 2004",,,,,,
authors: Christopher J. Mumola and Jennifer C. Karberg,,,,,,
refer questions to: askbjs@usdoj.gov  (202) 307-0765,,,,,,
date of version: 10-04-06,,,,,,

Exhibit table 2. Profile of drug offenders,,,,,,
,,,"Percent of prisoners held for drug offenses, 2004",,,
,,,State,,Federal,
Type of drug offense,,,,,,
,Possession,,27.9,%,5.3,%
,Trafficking /a,,69.4,,91.4,
,Other,,2.7,,3.3,
Criminal justice status at arrest,,,,,,
,None,,50.1,%,75.9,%
,Any status,,49.9,,24.1,
,,On parole,22.2,,9.8,
,,On probation,27.4,,14.1,
Criminal history,,,,,,
,None,,20.7,%,37.5,%
,Priors,,79.3,,62.5,
,,Violent recidivists,22.4,,15.8,
,,Drug recidivists only,16.3,,15.3,
,,Other recidivists/b,40.6,,31.4,
Number of prior sentences,,,,,,
,0,,22.4,%,39,%
,1,,15.9,,15.5,
,2,,16.1,,15.2,
,3 to 5,,26.4,,20.1,
,6 to 10,,13.2,,7.3,
,11 or more,,6,,3,
Total maximum sentence length,,,,,,
,Less than 36 months,,23.6,%,6.2,%
,36-59 months,,21.1,,10.9,
,60-119 months,,29.9,,29.3,
,120-179 months,,10.3,,26,
,180 months or more,,13.5,,25.4,
,Life,,1.6,,2.2,
a/Includes those reporting an intent to distrubute.,,,,,,
b/Includes recidivists with unknown prior offense types. ,,,,,,
