Bureau of Justice Statistics,,,,,,,,,,
filename: dudsfp04t08.csv,,,,,,,,,,
"Table 8. Family background of State and Federal prison inmates, by drug dependence or abuse criteria, 2004",,,,,,,,,,
"report title: Drug Use and Dependence, State and Federal Prisoners, 2004  NCJ 213530",,,,,,,,,,
"data source: Survey of Inmates in State and Federal Correctional Facilities, 2004",,,,,,,,,,
authors: Christopher J. Mumola and Jennifer C. Karberg,,,,,,,,,,
refer questions to: askbjs@usdoj.gov  (202) 307-0765,,,,,,,,,,
date of version: 10-04-06,,,,,,,,,,

"Table 8. Family background of State and Federal prison inmates, by drug dependence or abuse criteria, 2004",,,,,,,,,,
,,,Percent of prisoners--,,,,,,,
,,,State,,,,Federal,,,
Characteristic,,,Dependence or abuse,,Other inmates,,Dependence or abuse,,Other inmates,
Homeless in past year,,,13.9,%,5.7,%,5.7,%,3.3,%
Employed in month before  admission to jail,,,68.2,%,77.6,%,67.3,%,76.8,%
,Full time,,56.4,,67,,55.6,,67,
,Part time,,9.6,,8.5,,9.1,,8.1,
Ever abused,,,23.4,%,15.4,%,14,%,8.8,%
,Physically abused,,19.6,,12.2,,11.8,,7,
,Sexually abused,,10.1,,7,,5,,3.5,
While growing up - ,,,,,,,,,,
,Ever received public assistance*,,42.2,%,31.5,%,35.3,%,23.4,%
,"Ever lived in a foster home, agency, or institution",,17.6,,10.9,,8.6,,7.4,
,Lived most of the time with - ,,,,,,,,,
,,Both parents,41,%,48.5,%,43.9,%,51.1,%
,,One parent,45.1,,39.3,,42.8,,36.8,
,,Someone else,11.4,,10.5,,12.4,,11.6,
,Parents or guardians ever abused - ,,,,,,,,,
,,Alcohol,24.1,%,16.8,%,23.8,%,13.3,%
,,Drugs,3.4,,1.6,,2.3,,1.4,
,,Both alcohol and drugs,13.9,,5.3,,10,,2.6,
,,Neither,58.6,,76.3,,63.9,,82.7,
Family member ever incarcerated - ,,,53.4,%,40.2,%,49.7,%,34.8,%
,Mother,,7.5,,3.9,,4.9,,3.4,
,Father,,21.2,,12.8,,16.5,,8.9,
,Brother ,,36.3,,29,,33.1,,24.2,
,Sister,,7.3,,4.9,,5.7,,4.1,
,Child,,2.5,,2.6,,2.9,,3.3,
,Spouse,,1.8,,0.8,,2.6,,1.7,
"*Public assistance includes public housing, AFDC, food stamps, Medicaid, WIC, and other welfare programs.",,,,,,,,,,
