Bureau of Justice Statistics,,,
filename: dudsfp04tt04.csv,,,
"Text table 4. Estimated number of participants in drug treatment or programs since admission, by drug use in the month before the offense, 1997 and 2004",,,
"report title: Drug Use and Dependence, State and Federal Prisoners, 2004  NCJ 213530",,,
"data source: Survey of Inmates in State and Federal Correctional Facilities, 2004",,,
authors: Christopher J. Mumola and Jennifer C. Karberg,,,
refer questions to: askbjs@usdoj.gov  (202) 307-0765,,,
date of version: 10-04-06,,,

"Text table 4. Estimated number of participants in drug treatment or programs since admission, by drug use in the month before the offense, 1997 and 2004",,,
,,Estimated number of prisoners who used drugs in the month before the offense --,
,,2004,1997
Any drug treatment or programs since admission,,,
,State,"269,200","205,300"
,Federal,"29,400","15,500"
Treatment,,,
,State,"96,800","87,400"
,Federal,"9,900","6,100"
Other programs,,,
,State,"231,400","169,400"
,Federal,"25,200","12,700"
