Bureau of Justice Statistics,,,,,,,,,,
filename: dudsfp04t07.csv,,,,,,,,,,
"Table 7. Criminal history of State and Federal prisoners, by drug dependence or abuse, 2004",,,,,,,,,,
"report title: Drug Use and Dependence, State and Federal Prisoners, 2004  NCJ 213530",,,,,,,,,,
"data source: Survey of Inmates in State and Federal Correctional Facilities, 2004",,,,,,,,,,
authors: Christopher J. Mumola and Jennifer C. Karberg,,,,,,,,,,
refer questions to: askbjs@usdoj.gov  (202) 307-0765,,,,,,,,,,
date of version: 10-04-06,,,,,,,,,,

"Table 7. Criminal history of State and Federal prisoners, by drug dependence or abuse, 2004",,,,,,,,,,
,,,Percent of prisoners --,,,,,,,
,,,State,,,,Federal,,,
Characteristic,,,Dependence or abuse,,Other inmates,,Dependence or abuse,,Other inmates,
Criminal justice status at arrest,,,,,,,,,,
None,,,51.9,%,62.8,%,70.1,%,75.4,%
Any status,,,48.1,,37.2,,29.9,,24.6,
,On parole,,20.9,,15.9,,12.1,,12.6,
,On probation,,26.7,,21,,17.2,,11.7,
Criminal history,,,,,,,,,,
,None,,15.6,%,32.1,%,25.2,%,42.8,%
,Priors,,84.4,,67.9,,74.8,,57.2,
,,Violent recidivists,46.8,,40.6,,28.1,,23.5,
,,Drug recidivists only,4,,2.8,,10.2,,6.8,
,,Other recidivists*,33.6,,24.5,,36.5,,26.9,
Number of prior probation/incarceration sentences,,,,,,,,,,
,0,,16.9,%,34,%,27.1,%,44.2,%
,1,,14.1,,17.4,,14.4,,16.8,
,2,,15.8,,16.4,,16.1,,14.6,
,3 to 5,,28.5,,21.7,,25.9,,16.5,
,6 to 10,,16.5,,7.9,,11.4,,5.9,
,11 or more,,8.2,,2.7,,5.2,,2,
*Includes recidivists with unknown prior offense types.,,,,,,,,,,
