Bureau of Justice Statistics,,,,,
filename: dudsfp04ext01.csv,,,,,
"Exhibit table 1. Profile of methamphetamine users among State and Federal prisoners, 2004",,,,,
"report title: Drug Use and Dependence, State and Federal Prisoners, 2004  NCJ 213530",,,,,
"data source: Survey of Inmates in State and Federal Correctional Facilities, 2004",,,,,
authors: Christopher J. Mumola and Jennifer C. Karberg,,,,,
refer questions to: askbjs@usdoj.gov  (202) 307-0765,,,,,
date of version: 10-04-06,,,,,

"Exhibit table 1. Profile of methamphetamine users among State and Federal prisoners, 2004",,,,,
,,Percent of prisoners reporting methamphetamine use in the month before the offense --,,,
Characteristic,,State,,Federal,
,All prisoners,10.8,%,10.1,%
Gender,,,,,
,Male,10.4,%,9.7,%
,Female,16.8,,15.1,
Race/Hispanic origin,,,,,,,,,
,White/a,20.3,%,29.4,%,,,,
,Black/a,1.1,,0.7,,,,,
,Hispanic,12.1,,5.1,,,,,
,Other/b,17.1,,14.4,,,,,
Age,,,,,,,,,
,24 or younger,11.0,%,7.5,%,,,,
,25-34,12.6,,8.4,,,,,
,35-44,11.5,,13.2,,,,,
,45-54,7.7,,12.9,,,,,
,55 or older,3.3,,2.6,,,,,
Most serious offense,,,,,,,,,
,Violent,6.3,%,3.6,%,,,,
,Property,12.9,,4.1,,,,,
,Drugs,19.1,,14.0,,,,,
,Public order,12.1,,7.1,,,,,
a/Excludes persons of Hispanic origin.
"b/Includes Asians, American Indians, Alaska Natives, Native Hawaiians, other Pacific Islanders, and inmates who specified more than one race."

