"Bureau of Justice Statistics",,,,,,,,,,
"filename:  lem9913b.csv",,,,,,,,,,
"Table 13b.  Court, detention, dispatch, and training academy functions",,,,,,,,,,
"of State law enforcement agencies, 1999",,,,,,,,,,
"report title:  Law Enforcement Management and Administrative Statistics, 1999:",,,,,,,,,,
"                  Data for Individual State and Local Agencies with 100 or More Officers    NCJ 184481",,,,,,,,,,
"data source:  1999 LEMAS survey",,,,,,,,,,
"authors:  Brian A. Reaves and Timothy C. Hart",,,,,,,,,,
"refer questions to:  askbjs@ojp.usdoj.gov  (202) 307-0765",,,,,,,,,,
"date of version:  11/10/00",,,,,,,,,,
,,,,,,,,,,
,,,,,,,,,,
,,,"    Agencies with primary responsibility for ",,,,,,,
,"                Court-related functions",,,,"      Operation of ",,," Dispatching",," Training"
,"   Arrest ","   Court","   Process",,"      detention facilities",,," calls for ",," academy"
"Name of agency","   warrants","   security","   serving",,"Jail","Lockup",," service",," operation"
,,,,,,,,,,
"Alabama Department of Public Safety","X","-","-",,"-","-",,"X",,"X"
"Alaska State Troopers","X","X","X",,"-","-",,"X",,"X"
"Arizona Department of Public Safety","-","-","-",,"-","-",,"X",,"-"
"Arkansas State Police","X","-","-",,"-","-",,"X",,"X"
"California Highway Patrol","-","X","X",,"-","-",,"X",,"X"
"Colorado State Patrol","-","-","-",,"-","-",,"X",,"X"
"Connecticut State Police","X","-","-",,"-","X",,"X",,"X"
"Delaware State Police","X","-","-",,"-","X",,"X",,"X"
"Florida Highway Patrol","-","-","-",,"-","-",,"X",,"X"
"Georgia State Patrol","-","-","-",,"-","-",,"X",,"X"
,,,,,,,,,,
"Idaho State Police","-","-","-",,"-","-",,"X",,"-"
"Illinois State Police","X","-","-",,"-","-",,"X",,"X"
"Indiana State Police","-","-","-",,"-","-",,"-",,"-"
"Iowa State Patrol","X","-","-",,"-","-",,"X",,"X"
"Kansas Highway Patrol","-","-","-",,"-","-",,"-",,"X"
"Kentucky State Police","-","-","-",,"-","-",,"X",,"X"
"Louisiana State Police","-","-","-",,"-","-",,"X",,"X"
"Maine State Police","-","-","-",,"-","-",,"X",,"X"
"Maryland State Police","X","-","-",,"-","-",,"X",,"X"
"Massachusetts State Police","X","-","-",,"X","-",,"X",,"X"
,,,,,,,,,,
"Michigan State Police","X","-","-",,"-","-",,"-",,"X"
"Minnesota State Patrol","X","X","-",,"-","-",,"X",,"X"
"Mississippi Highway Safety Patrol","X","X","-",,"-","-",,"X",,"X"
"Missouri State Highway Patrol","-","-","-",,"-","-",,"X",,"X"
"Montana Highway Patrol","X","-","-",,"-","-",,"X",,"X"
"Nebraska State Patrol","X","-","-",,"-","-",,"X",,"X"
"Nevada Highway Patrol","X","-","-",,"-","-",,"X",,"-"
"New Hampshire State Police","X","-","-",,"-","-",,"X",,"-"
"New Jersey State Police","X","-","-",,"-","-",,"X",,"X"
"New Mexico State Police","X","-","-",,"-","-",,"X",,"X"
,,,,,,,,,,
"New York State Police","X","-","-",,"-","-",,"X",,"X"
"North Carolina State Highway Patrol","-","-","-",,"-","-",,"X",,"X"
"North Dakota Highway Patrol","-","X","-",,"-","-",,"-",,"X"
"Ohio State Highway Patrol","-","-","-",,"-","-",,"-",,"-"
"Oklahoma Highway Patrol","-","-","-",,"-","-",,"-",,"-"
"Oregon State Police","X","-","-",,"-","-",,"X",,"X"
"Pennsylvania State Police","-","-","-",,"-","-",,"X",,"X"
"Rhode Island State Police","X","-","-",,"-","X",,"X",,"X"
"South Carolina Highway Patrol","X","-","-",,"-","-",,"X",,"X"
"South Dakota Highway Patrol","-","-","-",,"-","-",,"-",,"X"
,,,,,,,,,,
"Tennessee Department of Safety","-","-","-",,"-","-",,"X",,"X"
"Texas Department of Public Safety","X","-","X",,"-","-",,"X",,"X"
"Utah Highway Patrol","X","-","-",,"-","-",,"-",,"-"
"Vermont State Police","X","-","-",,"-","-",,"X",,"X"
"Virginia State Police","X","-","-",,"-","-",,"X",,"X"
"Washington State Patrol","-","-","-",,"-","-",,"-",,"-"
"West Virginia State Police","X","-","-",,"-","-",,"X",,"X"
"Wisconsin State Patrol","X","-","-",,"-","-",,"-",,"X"
"Wyoming Highway Patrol","-","-","-",,"-","-",,"X",,"X"
,,,,,,,,,,
,,,,,,,,,,
"Note:  Lockup is defined as any temporary holding facility that is separate from a jail and used for overnight detention.",,,,,,,,,,
"Codes for agency functions are as follows:",,,,,,,,,,
,,,,,,,,,,
"               ""X""=Agency has primary responsibility for that function.",,,,,,,,,,
"               ""-""=Agency does not have primary responsibility for that function.",,,,,,,,,,
,,,,,,,,,,
,,,,,,,,,,
,,,,,,,,,,
,,,,,,,,,,
,,,,,,,,,,
,,,,,,,,,,
,,,,,,,,,,
,,,,,,,,,,
,,,,,,,,,,
,,,,,,,,,,
,,,,,,,,,,
,,,,,,,,,,
," ",,,,,,,,,
," ",,,,,,,,,
," ",,,,,,,,,
