"Bureau of Justice Statistics",,,,
"filename:cslle14.csv",,,,
"Title: Census of State and Local Law Enforcement Agencies, 1996",,,,
"Table # 14",,,,
"Source: 1996 Directory Survey",,,,
"refer questions to: reavesb@ojp.usdoj.gov (202) 616-3287",,,,
"coordinator: Brian Reaves and Andrew Goldberg (202) 307-1135",,,,
"date of version: 6/7/98",,,,
,,,,
"Table 14.  Special police agencies and full-time sworn personnel, by type of jurisdiction, June 1996",,,,
,,,,
,,,,
,,,,
"Type of ",,,,"Full-time "
"special jurisdiction",,"Agencies",,"sworn officers"
,,,,
"Total",,1316,,43082
,,,,
"College/university campus",,699,,10496
"Natural resources/conservation laws",,79,,8395
"Public school district",,117,,5247
"Transportation system/facilities",,28,,4274
"Parks/recreation facilities",,68,,2595
"Criminal investigations",,72,,2515
,,,,
"Airport",,84,,2407
"Waterways/harbors/ports",,38,,1291
"Public housing",,13,,1245
"Alcohol beverage control",,17,,1199
"State capitol/government buildings",,24,,988
"Medical school/facility",,42,,894
,,,,
"Fire investigations",,14,,448
"Agricultural/livestock laws",,6,,300
"Commercial vehicle laws",,1,,197
"Public sanitation district",,3,,193
"Gaming/racing laws",,5,,190
"Court services",,1,,140
"Other",,5,,68
,,,,
"Note:  The table includes both State-level and local-level agencies.",,,,
"a / Arkansas Highway Patrol.",,,,
"b / Hawaii Department of Public Safety.",,,,
