"Bureau of Justice Statistics",,,,,,,,
"filename:cslle1.csv",,,,,,,,
"Title: Census of State and Local Law Enforcement Agencies, 1996",,,,,,,,
"Table # 1.",,,,,,,,
"Source: 1996 Directory Survey",,,,,,,,
"refer questions to:reavesb@ojp.usdoj.gov (202) 616-3287",,,,,,,,
"coordinator: Brian Reaves and Andrew Goldberg (202) 307-1135",,,,,,,,
"date of version: 6/7/98",,,,,,,,
,,,,,,,,
"Table 1.  Employment by State and local law enforcement agencies,",,,,,,,,
"by type of agency and employee, June 1996",,,,,,,,
,,,,,,,,
,,,"State and local law enforcement employees",,,,,
,,"                 Full-time",,,,"               Part-time",,
,,,,,,,,
"Type of agency",,"Total","Sworn","Nonsworn",,"Total","Sworn","Nonsworn"
,,,,,,,,
"Number of employees",,,,,,,,
,,,,,,,,
"Total",,921978,663535,258443,,97770,47712,50058
,,,,,,,,
"Local police",,521985,410956,111029,,61453,30976,30477
"Sheriff",,257712,152922,104790,,22412,10845,11567
"Primary State police",,83742,54587,29155,,1303,132,1171
"Special police",,56229,43082,13147,,12003,5202,6801
"Texas constable",,2310,1988,322,,599,557,42
,,,,,,,,
"Percent of employees",,,,,,,,
,,,,,,,,
"Total",,100%,72.0%,28.0%,,100%,48.8%,51.2%
,,,,,,,,
"Local police",,100%,78.7%,21.3%,,100%,50.4%,49.6%
"Sheriff",,100%,59.3%,40.7%,,100%,48.4%,51.6%
"Primary State police",,100%,65.2%,34.8%,,100%,10.1%,89.9%
"Special police",,100%,76.6%,23.4%,,100%,43.3%,56.7%
"Texas constable",,100%,86.1%,13.9%,,100%,93.0%,7.0%
,,,,,,,,
"Note: Figures are for pay period that included June 28, 1996.",,,,,,,,
"Special police category includes both State and local agencies.",,,,,,,,
