"Bureau of Justice Statistics",,,,,,,,,,
"filename:cslle11.csv",,,,,,,,,,
"Title: Census of State and Local Law Enforcement Agencies, 1996",,,,,,,,,,
"Table # 11",,,,,,,,,,
"Source: 1996 Directory Survey",,,,,,,,,,
"refer questions to: reavesb@ojp.usdoj.gov (202) 616-3287",,,,,,,,,,
"coordinator: Brian Reaves and Andrew Goldberg (202) 307-1135",,,,,,,,,,
"date of version: 6/7/98",,,,,,,,,,
,,,,,,,,,,
"Table 11.  Twenty-five largest sheriff's departments, by number",,,,,,,,,,
"and function of full-time sworn personnel, June 1996",,,,,,,,,,
,,,,,,,,,,
,,"Percent of officers by primary area of duty, 1996",,,,,"Number of officers by primary area of duty, 1996",,,
,,,,,,,,,,
,,"Responding ",,,,,"Responding",,,
,"Full-time sworn","to calls for",,"Jail","Court",,"to calls for",,"Jail","Court "
"County or equivalent","personnel","service","investigations","operations","operations",,"service","investigations","operations","operations"
,,,,,,,,,,
"Los Angeles Co. (CA)",8014,41%,13%,28%,19%,,3306,1040,2260,1485
"Cook Co. (IL)",5309,4%,3%,58%,32%,,223,155,3086,1689
"Harris Co. (TX)",2484,19%,9%,60%,6%,,480,231,1490,161
"San Diego Co. (CA)",1700,29%,7%,41%,0%,,500,120,700,0
"Palm Beach Co. (FL)",1620,33%,12%,40%,7%,,539,189,651,110
,,,,,,,,,,
"Riverside Co. (CA)",1357,35%,8%,19%,8%,,478,112,252,110
"Orange Co. (CA)",1221,31%,10%,44%,0%,,373,128,543,0
"Bexar Co. (TX)",1169,28%,5%,65%,7%,,325,64,759,85
"Sacramento Co. (CA)",1155,35%,12%,32%,9%,,399,140,374,109
"San Bernardino Co. (CA)",1149,36%,13%,30%,1%,,410,145,344,13
,,,,,,,,,,
"Broward Co. (FL)",1029,55%,14%,0%,3%,,561,140,0,33
"Nassau Co. (NY)",1004,1%,1%,94%,4%,,15,15,946,43
"Orange Co. (FL)",980,42%,11%,0%,9%,,411,105,0,86
"Hillsborough Co. (FL)",937,71%,21%,0%,0%,,665,201,0,0
"Orleans Parish (LA)",800,4%,5%,80%,15%,,32,40,640,120
,,,,,,,,,,
"Wayne Co. (MI)",800,19%,6%,25%,25%,,150,50,200,200
"Alameda Co. (CA)",771,26%,28%,53%,18%,,201,214,412,136
"Suffolk Co. (NY)",764,0%,4%,75%,8%,,0,34,571,61
"Hamilton Co. (OH)",764,26%,7%,62%,5%,,200,54,470,40
"Jefferson Parish (LA)",722,60%,17%,29%,9%,,430,120,207,65
,,,,,,,,,,
"Ventura Co. (CA)",706,44%,11%,29%,10%,,313,81,202,73
"Pinellas Co. (FL)",698,56%,27%,0%,13%,,393,186,0,92
"Fulton Co. (GA)",680,0%,1%,74%,25%,,0,10,503,167
"Denver City/Co. (CO)",645,0%,1%,91%,9%,,0,5,584,56
"E. Baton Rouge Parish (LA)",625,16%,9%,46%,3%,,101,57,286,21
,,,,,,,,,,
"Note: Detail may add to more than 100%.  See Methodological note on page 14 of the report.",,,,,,,,,,
