"Bureau of Justice Statistics",,
"filename:cslle7.csv",,
"Title: Census of State and Local Law Enforcement Agencies, 1996",,
"Table # 7",,
"Source: 1996 Directory Survey",,
"refer questions to: reavesb@ojp.usdoj.gov (202) 616-3287",,
"coordinator: Brian Reaves and Andrew Goldberg (202) 307-1135",,
"date of version: 6/7/98",,
,,
"Table 7. Fifty largest local police departments, by number of full-time",,
"sworn personnel, June 1996",,
,,
,"Full-time","Percent"
,"officers","change"
"City or county",1996,"1992-96"
,,
,,
"New York (NY) /a",36813,27.8%
"Chicago (IL)",13237,5.0%
"Los Angeles (CA)",8998,13.9%
"Philadelphia (PA)",6398,0.8%
"Houston (TX)",5298,24.3%
"Detroit (MI)",3904,1.3%
"Washington (DC)",3587,-26.6%
"Nassau County (NY)",3009,10.7%
"Baltimore (MD)",2933,3.9%
"Dallas (TX)",2864,-0.5%
"Dade Co. (FL)",2825,12.5%
"Suffolk Co. (NY)",2744,17.9%
"Phoenix (AZ)",2433,22.1%
"Milwaukee (WI)",2105,2.0%
"Boston (MA)",2100,6.7%
"San Francisco (CA)",2000,14.0%
"San Diego (CA)",1986,3.4%
"Honolulu (HI)",1981,3.4%
"San Antonio (TX)",1872,16.7%
"Columbus (OH)",1730,18.9%
"Cleveland (OH)",1729,3.1%
"Las Vegas - Clark Co. (NV)",1696,18.7%
"St. Louis (MO)",1631,6.0%
"Balitmore Co. (MD)",1535,-2.8%
"Atlanta (GA)",1474,-2.8%
"Denver (CO)",1427,5.9%
"Memphis (TN)",1420,1.3%
"Jacksonville - Duval Co. (FL)",1394,12.0%
"New Orleans (LA)",1342,-12.7%
"Charlotte - Mecklenburg  (NC) /b",1286,21.3%
"San Jose (CA)",1281,5.4%
"Seattle (WA)",1237,0.2%
"Prince Georges Co. (MD)",1230,8.3%
"Newark (NJ)",1222,10.0%
"Kansas City (MO)",1173,2.5%
"Fort Worth (TX)",1172,21.2%
"Pittsburgh (PA)",1154,5.4%
"Nashville (TN)",1129,7.1%
"Fairfax Co. (VA)",1067,6.9%
"Miami (FL)",1012,-1.9%
"Oklahoma City (OK)",1009,5.2%
"Indianapolis (IN)",991,2.3%
"Portland (OR)",983,12.1%
"El Paso (TX)",979,24.4%
"Cincinnati (OH)",958,0.6%
"Austin (TX)",946,14.0%
"Montgomery Co. (MD)",939,13.5%
"Buffalo (NY)",898,-6.7%
"Tampa (FL)",889,8.7%
"Minneapolis (MN)",886,5.7%
,,
"a / The New York City transit and housing police agencies, which employed a combined",,
"total of 6,890 full-time officers in 1992, were consolidated in the New York City Police Department",,
"on April 30, 1995.",,
"b / Charlotte Police and Mecklenburg County Police merged on October 1, 1993.",,
