"Bureau of Justice Statistics",,
"filename:cslle9.csv",,
"Title: Census of State and Local Law Enforcement Agencies, 1996",,
"Table # 9",,
"Source: 1996 Directory Survey",,
"refer questions to: reavesb@ojp.usdoj.gov (202) 616-3287",,
"coordinator: Brian Reaves and Andrew Goldberg (202) 307-1135",,
"date of version: 6/7/98",,
,,
"Table 9. Sheriffs' departments, by size of agency, June 1996",,
,,
,,
,"                Agencies",
"Number of full-time",,
"sworn personnel","Number","Percent"
,,
"All sizes",3088,100%
,,
"1,000 or more officers",12,0.4%
"500-999",23,0.7%
"250-499",72,2.3%
"100-249",188,6.1%
"50-99",282,9.1%
"25-49",471,15.3%
"10-24",904,29.3%
"5-9",722,23.4%
"2-4",367,11.9%
"1",40,1.3%
"0",7,0.2%
,,
"Note: The table excludes 5 consolidated police-sheriff agencies that have been",,
"categorized as local police.",,
