"Bureau of Justice Statistics",,,,,,,,
"filename:cslle16.csv",,,,,,,,
"Title: Census of State and Local Law Enforcement Agencies, 1996",,,,,,,,
"Table # 16",,,,,,,,
"Source: 1996 Directory Survey",,,,,,,,
"refer questions to: reavesb@ojp.usdoj.gov (202) 616-3287",,,,,,,,
"coordinator: Brian Reaves and Andrew Goldberg (202) 307-1135",,,,,,,,
"date of version: 6/7/98",,,,,,,,
,,,,,,,,
,,,,,,,,
"Table 16.  Special police agencies and employees, by State, June 1996",,,,,,,,
,,,,,,,,
,,,,,"Full-time employees",,,
,,,,"Total",,,"              Sworn officers",
,,"Population","Number of",,"Per 10,000",,,"Per 10,000"
,,"in 1996","agencies","Number","residents",,"Number","residents"
,,,,,,,,
"U.S. total",,265283783,1316,56229,2,,43082,2
,,,,,,,,
"Alabama",,4273084,33,951,2,,739,2
"Alaska",,607007,7,278,5,,224,4
"Arizona",,4428068,26,863,2,,606,1
"Arkansas",,2509793,23,752,3,,643,3
"California",,31878234,121,5741,2,,4107,1
"Colorado",,3822676,20,743,2,,540,1
"Connecticut",,3274238,13,258,1,,206,1
"Delaware",,724842,6,250,3,,173,2
"District of Columbia",,543213,2,426,8,,322,6
"Florida",,14399985,30,2598,2,,1879,1
,,,,,,,,
"Georgia",,7353225,44,1835,2,,1244,2
"Hawaii",,1183723,3,274,2,,243,2
"Idaho",,1189251,3,163,1,,137,1
"Illinois",,11846544,51,1942,2,,1627,1
"Indiana",,5840528,22,806,1,,680,1
"Iowa",,2851792,8,303,1,,230,1
"Kansas",,2572150,19,433,2,,332,1
"Kentucky",,3883723,16,432,1,,280,1
"Louisiana",,4350579,29,938,2,,799,2
"Maine",,1243316,9,295,2,,234,2
,,,,,,,,
"Maryland",,5071604,44,2498,5,,1842,4
"Massachusetts",,6092352,34,995,2,,762,1
"Michigan",,9594350,29,1113,1,,681,1
"Minnesota",,4657758,14,446,1,,365,1
"Mississippi",,2716115,29,633,2,,478,2
"Missouri",,5358692,22,962,2,,745,1
"Montana",,879372,8,237,3,,164,2
"Nebraska",,1652093,4,131,1,,110,1
"Nevada",,1603163,15,636,4,,488,3
"New Hampshire",,1162481,3,90,1,,69,1
,,,,,,,,
"New Jersey",,7987933,45,3016,4,,2320,3
"New Mexico",,1713407,15,419,2,,348,2
"New York",,18184774,64,7681,4,,6740,4
"North Carolina",,7322870,32,1016,1,,804,1
"North Dakota",,643539,7,127,2,,96,1
"Ohio",,11172782,41,1675,1,,1309,1
"Oklahoma",,3300902,34,669,2,,511,2
"Oregon",,3203735,5,99,0,,74,0
"Pennsylvania",,12056112,89,2182,2,,1865,2
"Rhode Island",,990225,5,181,2,,118,1
,,,,,,,,
"South Carolina",,3698746,25,1340,4,,742,2
"South Dakota",,732405,5,136,2,,118,2
"Tennessee",,5319654,23,1001,2,,788,1
"Texas",,19128261,133,5037,3,,3311,2
"Utah",,2000494,13,322,2,,264,1
"Vermont",,588654,2,66,1,,56,1
"Virginia",,6675451,34,1541,2,,1270,2
"Washington",,5532939,14,527,1,,403,1
"West Virginia",,1825754,15,270,1,,240,1
"Wisconsin",,5159795,23,789,2,,655,1
"Wyoming",,481400,5,113,2,,101,2
,,,,,,,,
"Note:  The table includes both State-level and local-level agencies.",,,,,,,,
"Agencies with a regional jurisdiction that crosses State lines are categorized",,,,,,,,
"according to the location of their headquarters.",,,,,,,,
