"Bureau of Justice Statistics",,,,,,,
"filename:  ph98f15.csv",,,,,,,
"figure #:  15",,,,,,,
"report title:  Policing and Homicide, 1976-98:  Justifiable Homicide by Police, Police Officers Murdered by Felons  NCJ 180987",,,,,,,
"data source:  FBI, ""Law Enforcement Officers Killed and Assaulted""",,,,,,,
"authors:  Jodi M. Brown and Patrick A. Langan",,,,,,,
"refer questions to:  askbjs@ojp.usdoj.gov or (202) 307-0765",,,,,,,
"date of version:  3/9/01",,,,,,,
,,,,,,,
,,,,,,,
"Data for figure 15.  Race of police officers murdered by felons:  Percent white, black, and other, 1976-98",,,,,,,
,,,,,,,
,,"Percent of murdered officers",,,,,
"Year",,"White",,"Black",,"Other",
,,,,,,,
"Annual average",,86,"%",12,"%",1,"%"
,,,,,,,
1976,,90,"%",8,"%",2,"%"
1977,,90,,10,,0,
1978,,91,,9,,0,
1979,,88,,9,,3,
,,,,,,,
1980,,87,"%",13,"%",0,"%"
1981,,85,,14,,1,
1982,,84,,15,,1,
1983,,83,,13,,4,
1984,,85,,14,,1,
,,,,,,,
1985,,89,"%",10,"%",1,"%"
1986,,89,,11,,0,
1987,,90,,10,,0,
1988,,91,,9,,0,
1989,,89,,11,,0,
,,,,,,,
1990,,80,"%",18,"%",2,"%"
1991,,87,,13,,0,
1992,,82,,16,,2,
1993,,86,,14,,0,
1994,,84,,15,,1,
,,,,,,,
1995,,84,"%",12,"%",4,"%"
1996,,80,,15,,5,
1997,,80,,17,,3,
1998,,87,,11,,2,
,,,,,,,
"Source:  FBI, Law Enforcement Officers Killed and Assaulted.",,,,,,,
