"Bureau of Justice Statistics",,,,,
"filename:  ph9814.csv",,,,,
"table #:  14",,,,,
"report title:  Policing and Homicide, 1976-98:  Justifiable Homicide by Police, Police Officers Murdered by Felons  NCJ 180987",,,,,
"data source:  FBI, ""Law Enforcement Officers Killed and Assaulted""",,,,,
"authors:  Jodi M. Brown and Patrick A. Langan",,,,,
"refer questions to:  askbjs@ojp.usdoj.gov or (202) 307-0765",,,,,
"date of version:  3/9/01",,,,,
,,,,,
,,,,,
"Table 14.  Age of felons who murdered police officers:  Percent under age 18 and age 18-30, 1976-98",,,,,
,,,,,
,,,,,
,,,"Percent of murderers of",,
,,,"police officers who were --",,
,,"Under",,"Age",
"Year",,"age 18",,"18-30",
,,,,,
"Annual average",,10,"%",54,"%"
,,,,,
1976,,10,"%",45,"%"
1977,,11,,58,
1978,,8,,62,
1979,,5,,60,
,,,,,
1980,,9,"%",62,"%"
1981,,7,,46,
1982,,5,,57,
1983,,8,,47,
1984,,20,,53,
,,,,,
1985,,4,"%",59,"%"
1986,,2,,58,
1987,,13,,41,
1988,,5,,63,
1989,,7,,42,
,,,,,
1990,,8,"%",53,"%"
1991,,9,,60,
1992,,13,,54,
1993,,20,,47,
1994,,18,,47,
,,,,,
1995,,18,"%",46,"%"
1996,,7,,66,
1997,,3,,58,
1998,,13,,58,
,,,,,
"Source:  FBI, Law Enforcement Officers Killed and Assaulted.",,,,,
