"Bureau of Justice Statistics",,,,,,,,,
"filename:  ph98f10.csv",,,,,,,,,
"figure #:  10",,,,,,,,,
"report title:  Policing and Homicide, 1976-98:  Justifiable Homicide by Police, Police Officers Murdered by Felons  NCJ 180987",,,,,,,,,
"data source:  FBI database ""Supplementary Homicide Reports""",,,,,,,,,
"authors:  Jodi M. Brown and Patrick A. Langan",,,,,,,,,
"refer questions to:  askbjs@ojp.usdoj.gov or (202) 307-0765",,,,,,,,,
"date of version:  3/9/01",,,,,,,,,
,,,,,,,,,
,,,,,,,,,
"Data for figure 10.  Race of police officers who killed felons in justifiable homicides:  Percent white, black, and other, 1976-98",,,,,,,,,
,,,,,,,,,
,,"Total number",,,,,,,
,,"of justifiable",,,,,,,
,,"homicides",,,"Percent of officers",,,,
"Year ",,"by police",,"White",,"Black",,"Other",
,,,,,,,,,
"Annual average",,373,,84,"%",15,"%",1,"%"
,,,,,,,,,
1976,,415,,82,"%",16,"%",2,"%"
1977,,311,,83,,17,,0,
1978,,313,,85,,15,,0,
1979,,442,,83,,16,,1,
,,,,,,,,,
1980,,457,,86,"%",14,"%",0,"%"
1981,,381,,87,,13,,0,
1982,,376,,86,,14,,0,
1983,,406,,90,,9,,1,
1984,,332,,86,,12,,2,
,,,,,,,,,
1985,,321,,85,"%",13,"%",2,"%"
1986,,298,,90,,10,,0,
1987,,296,,86,,12,,2,
1988,,339,,86,,13,,1,
1989,,362,,87,,13,,0,
,,,,,,,,,
1990,,379,,83,"%",16,"%",1,"%"
1991,,359,,81,,18,,1,
1992,,414,,82,,16,,2,
1993,,453,,82,,17,,1,
1994,,459,,77,,22,,1,
,,,,,,,,,
1995,,382,,84,"%",15,"%",1,"%"
1996,,355,,87,,12,,1,
1997,,361,,81,,17,,2,
1998,,367,,82,,17,,1,
,,,,,,,,,
"Note:  ""Total number"" includes all instances of justifiable homicide by police whether ",,,,,,,,,
"or not the demographic characteristics are known.",,,,,,,,,
"The officer's race is known in 77.2% of the justifiable homicides by police between 1976 and 1998.",,,,,,,,,
"Source:  FBI database, Supplementary Homicide Reports.",,,,,,,,,
