"Bureau of Justice Statistics",,,,,,,
"filename:  ph982.csv",,,,,,,
"table #:  2",,,,,,,
"report title:  Policing and Homicide, 1976-98:  Justifiable Homicide by Police, Police Officers Murdered by Felons  NCJ 180987",,,,,,,
"data source:  FBI database ""Supplementary Homicide Reports""",,,,,,,
"authors:  Jodi M. Brown and Patrick A. Langan",,,,,,,
"refer questions to:  askbjs@ojp.usdoj.gov or (202) 307-0765",,,,,,,
"date of version:  3/9/01",,,,,,,
,,,,,,,
,,,,,,,
"Table 2.  Gender of felons killed by police in justifiable homicides, 1976-98",,,,,,,
,,,,,,,
,,"Total number",,,,,
,,"of justifiable",,,,,
,,"homicides",,,"      Percent of killed felons",,
"Year ",,"by police",,"Male",,"Female",
,,,,,,,
"Annual average",,373,,98,"%",2,"%"
,,,,,,,
1976,,415,,99,"%",1,"%"
1977,,311,,98,,2,
1978,,313,,98,,2,
1979,,442,,97,,3,
,,,,,,,
1980,,457,,98,"%",2,"%"
1981,,381,,99,,1,
1982,,376,,98,,2,
1983,,406,,99,,1,
1984,,332,,98,,2,
,,,,,,,
1985,,321,,98,"%",2,"%"
1986,,298,,99,,1,
1987,,296,,98,,2,
1988,,339,,98,,2,
1989,,362,,96,,4,
,,,,,,,
1990,,379,,97,"%",3,"%"
1991,,359,,96,,4,
1992,,414,,98,,2,
1993,,453,,97,,3,
1994,,459,,96,,4,
,,,,,,,
1995,,382,,99,"%",1,"%"
1996,,355,,98,,2,
1997,,361,,97,,3,
1998,,367,,98,,2,
,,,,,,,
"Note:  ""Total number""  includes all instances of justifiable homicide by police whether or not the ",,,,,,,
"demographic characteristics are known.",,,,,,,
"The felon's gender is known in 99.9% of the justifiable homicides by police between 1976 and 1998.",,,,,,,
"Source: FBI database, Supplementary Homicide Reports.",,,,,,,
