"Bureau of Justice Statistics",,,,
"filename:  ph98f13.csv",,,,
"figure #:  13",,,,
"report title:  Policing and Homicide, 1976-98:  Justifiable Homicide by Police, Police Officers Murdered by Felons  NCJ 180987",,,,
"data source:  FBI, ""Law Enforcement Officers Killed and Assaulted"" and FBI database ""Supplementary Homicide Reports""",,,,
"authors:  Jodi M. Brown and Patrick A. Langan",,,,
"refer questions to:  askbjs@ojp.usdoj.gov or (202) 307-0765",,,,
"date of version:  3/9/01",,,,
,,,,
,,,,
"Data for figure 13.  Number of police officers murdered by felons compared to felons killed by police in justifiable homicides, 1976-98",,,,
,,,,
,,"Total number of",,"Felons"
"Year",,"officers murdered",,"killed"
,,,,
"Annual average",,79,,373
,,,,
1976,,111,,415
1977,,93,,311
1978,,93,,313
1979,,106,,442
,,,,
1980,,104,,457
1981,,91,,381
1982,,92,,376
1983,,80,,406
1984,,72,,332
,,,,
1985,,78,,321
1986,,66,,298
1987,,74,,296
1988,,78,,339
1989,,66,,362
,,,,
1990,,66,,379
1991,,71,,359
1992,,64,,414
1993,,70,,453
1994,,79,,459
,,,,
1995,,74,,382
1996,,61,,355
1997,,70,,361
1998,,61,,367
,,,,
"Source:  FBI, Law Enforcement Officers Killed and Assaulted, and FBI database, Supplementary Homicide Reports.",,,,
