"Bureau of Justice Statistics",,,,,,,
"filename:  ph985.csv",,,,,,,
"table #:  5",,,,,,,
"report title:  Policing and Homicide, 1976-98:  Justifiable Homicide by Police, Police Officers Murdered by Felons  NCJ 180987",,,,,,,
"data source:  FBI database ""Supplementary Homicide Reports""",,,,,,,
"authors:  Jodi M. Brown and Patrick A. Langan",,,,,,,
"refer questions to:  askbjs@ojp.usdoj.gov or (202) 307-0765",,,,,,,
"date of version:  3/9/01",,,,,,,
,,,,,,,
,,,,,,,
"Table 5.  Gender of police officers who killed felons in justifiable homicides:  Percent male and female, 1976-98",,,,,,,
,,,,,,,
,,"Total number",,,,,
,,"of justifiable",,,,,
,,"homicides",,,"        Percent of officers",,
"Year ",,"by police",,"Male",,"Female",
,,,,,,,
"Annual average",,373,,98,"%",2,"%"
,,,,,,,
1976,,415,,99,"%",1,"%"
1977,,311,,98,,2,
1978,,313,,99,,1,
1979,,442,,99,,1,
,,,,,,,
1980,,457,,99,"%",1,"%"
1981,,381,,99,,1,
1982,,376,,98,,2,
1983,,406,,98,,2,
1984,,332,,99,,1,
,,,,,,,
1985,,321,,97,"%",3,"%"
1986,,298,,99,,1,
1987,,296,,96,,4,
1988,,339,,97,,3,
1989,,362,,98,,2,
,,,,,,,
1990,,379,,97,"%",3,"%"
1991,,359,,98,,2,
1992,,414,,98,,2,
1993,,453,,98,,2,
1994,,459,,99,,1,
,,,,,,,
1995,,382,,98,"%",2,"%"
1996,,355,,98,,2,
1997,,361,,97,,3,
1998,,367,,97,,3,
,,,,,,,
"Note:  ""Total number"" includes all instances of justifiable homicide by police whether ",,,,,,,
"or not the demographic characteristics are known.",,,,,,,
"The officer's gender is known in 84.8% of the justifiable homicides by police between 1976 and 1998.",,,,,,,
"Source:  FBI database, Supplementary Homicide Reports.",,,,,,,
