"Bureau of Justice Statistics",,,,,
"filename:  ph981.csv",,,,,
"table #:  1",,,,,
"report title:  Policing and Homicide, 1976-98:  Justifiable Homicide by Police, Police Officers Murdered by Felons  NCJ 180987",,,,,
"data source:  FBI database ""Supplementary Homicide Reports""",,,,,
"authors:  Jodi M. Brown and Patrick A. Langan",,,,,
"refer questions to:  askbjs@ojp.usdoj.gov or (202) 307-0765",,,,,
"date of version:  3/9/01",,,,,
,,,,,
,,,,,
"Table 1.  Felons killed by police in justifiable homicides:  Percent killed with firearms, 1976-98",,,,,
,,,,,
,,"Total number",,,
,,"of justifiable",,,
,,"homicides",,"Percent with",
"Year",,"by police",,"firearms",
,,,,,
"Annual average",,373,,99.0,"%"
,,,,,
1976,,415,,99.8,"%"
1977,,311,,99.0,
1978,,313,,99.7,
1979,,442,,98.9,
,,,,,
1980,,457,,98.9,"%"
1981,,381,,98.7,
1982,,376,,96.8,
1983,,406,,99.5,
1984,,332,,98.5,
,,,,,
1985,,321,,98.4,"%"
1986,,298,,99.0,
1987,,296,,99.0,
1988,,339,,98.8,
1989,,362,,99.2,
,,,,,
1990,,379,,99.2,"%"
1991,,359,,98.6,
1992,,414,,98.3,
1993,,453,,99.6,
1994,,459,,99.8,
,,,,,
1995,,382,,99.2,"%"
1996,,355,,98.3,
1997,,361,,99.4,
1998,,367,,99.5,
,,,,,
"Note:  ""Total number"" includes all instances of justifiable homicide by police whether or not the type of weapon used is known.  ",,,,,
"The type of weapon is known in 99.9% of the justifiable homicides committed by police between 1976 and 1998.",,,,,
"Source: FBI database, Supplementary Homicide Reports.",,,,,
