"Bureau of Justice Statistics",,,
"filename:  ph988.csv",,,
"table #:  8",,,
"report title:  Policing and Homicide, 1976-98:  Justifiable Homicide by Police, Police Officers Murdered by Felons  NCJ 180987",,,
"data source:  FBI, ""Law Enforcement Officers Killed and Assaulted""",,,
"authors:  Jodi M. Brown and Patrick A. Langan",,,
"refer questions to:  askbjs@ojp.usdoj.gov or (202) 307-0765",,,
"date of version:  3/09/01",,,
,,,
,,,
"Table 8.  Police officers murdered by felons:  Percent wearing body armor at time of death, 1981-98",,,
,,,
,,"Percent of murdered officers",
"Year",,"wearing body armor",
,,,
"Annual average",,33,"%"
,,,
1981,,12,"%"
1982,,15,
1983,,25,
1984,,24,
,,,
1985,,19,"%"
1986,,24,
1987,,25,
1988,,26,
1989,,32,
,,,
1990,,25,"%"
1991,,34,
1992,,27,
1993,,56,
1994,,47,
,,,
1995,,46,"%"
1996,,56,
1997,,42,
1998,,57,
,,,
"Note:  Data on police killed wearing body armor are not available prior to 1981.",,,
"Source:  FBI, Law Enforcement Officers Killed and Assaulted.",,,
