"Bureau of Justice Statistics",,,,,,,,,
"filename:  cv9811.csv",,,,,,,,,
"Table: 11 Victimization rates for persons age 12 and over,",,,,,,,,,
"by type of crime and marital status of victims",,,,,,,,,
"data source: National Criminal Victimization Survey, 1998   NCJ 181585",,,,,,,,,
"produced by:  Cathy Maston",,,,,,,,,
"authors:  Patsy Klaus and Cathy Maston",,,,,,,,,
"refer questions to:  askbjs@ojp.usdoj.gov     202-307-0765",,,,,,,,,
"date of version: 03/22/00",,,,,,,,,
,,,,,,,,,
,,,,,,,,,
"Table 11. Personal crimes, 1998:",,,,,,,,,
,,,,,,,,,
"Victimization rates for persons age 12 and over,",,,,,,,,,
"by type of crime and marital status of victims",,,,,,,,,
"                                                                                                       ",,,,,,,,,
,,,,,,,"                                                                                                                                                                                       Rate per 1,000 persons age 12 and over",,
"                                                                                                       ",,"        Never ",,,,,,"     Divorced or",
"Type of crime",,"        married",,"           Married",,"         Widowed",,"     separated",
,,,,,,,,,
,,,,,,,,,
"All personal crimes",,68.6,,18.5,,7.5,,59.3,
,,,,,,,,,
"Crimes of violence",,66.6,,17.7,,6.7,,57.4,
"   Completed violence",,23.0,,3.9,,2.2,,20.2,
"   Attempted/threatened violence",,43.6,,13.8,,4.4,,37.1,
"   Rape/Sexual assault",,3.1,,0.5,,0.3,"*",2.6,
"      Rape/Attempted rape",,1.6,,0.3,,0.3,"*",2.0,
"         Rape",,0.9,,0.2,"*",0.0,"*",1.3,
"         Attempted rape/a",,0.8,,0.2,"*",0.3,"*",0.7,"*"
"      Sexual assault/b",,1.5,,0.1,"*",0.0,"*",0.6,"*"
"   Robbery",,8.0,,1.3,,1.2,"*",6.8,
"      Completed/property taken",,5.9,,0.8,,1.1,"*",4.0,
"         With injury",,1.4,,0.3,,0.2,"*",1.3,
"         Without injury",,4.5,,0.5,,0.9,"*",2.7,
"      Attempted to take property",,2.1,,0.6,,0.1,"*",2.8,
"         With injury",,0.5,,0.1,"*",0.1,"*",0.9,"*"
"         Without injury",,1.6,,0.4,,0.0,"*",1.9,
"   Assault",,55.5,,15.9,,5.2,,48.0,
"      Aggravated",,12.9,,3.9,,1.5,"*",12.8,
"         With injury",,4.6,,1.0,,0.8,"*",4.4,
"         Threatened with weapon",,8.4,,3.0,,0.7,"*",8.3,
"      Simple",,42.5,,11.9,,3.7,,35.2,
"         With minor injury",,10.3,,1.8,,0.3,"*",9.9,
"         Without injury",,32.3,,10.1,,3.3,,25.4,
"  Purse snatching/Pocket picking",,2.0,,0.9,,0.8,"*",2.0,
"                                                                                          ",,,,,,,,,
"Population age 12 and over",,68860090,,114134930,,13632600,,23948180,
,,,,,,,,,
,,,,,,,,,
"Note: Detail may not add to total shown because of rounding.",,,,,,,,,
"Excludes data on persons whose marital status was not ascertained.",,,,,,,,,
"* Estimate is based on about 10 or fewer sample cases.",,,,,,,,,
"a/Includes verbal threats of rape.",,,,,,,,,
"b/Includes threats.",,,,,,,,,
