"Bureau of Justice Statistics",,,,,,,,,,,,
"filename:  cv9821.csv",,,,,,,,,,,,
"Table 21: Victimization rates by race of head of household,",,,,,,,,,,,,
"annual family income and type of household burglary",,,,,,,,,,,,
"data source: National Criminal Victimization Survey, 1998    NCJ 181585",,,,,,,,,,,,
"produced by:  Cathy Maston",,,,,,,,,,,,
"authors:  Patsy Klaus and Cathy Maston",,,,,,,,,,,,
"refer questions to:  askbjs@ojp.usdoj.gov     202-307-0765",,,,,,,,,,,,
"date of version: 03/24/00",,,,,,,,,,,,
,,,,,,,,,,,,
,,,,,,,,,,,,
"Table 21. Household burglary, 1998:",,,,,,,,,,,,
,,,,,,,,,,,,
"Victimization rates by race of head of household,",,,,,,,,,,,,
"annual family income and type of household burglary",,,,,,,,,,,,
"       ",,,,,,,,,,,,
"                                                                                          ",,,,,,,"                                                                    Rate per 1,000 households",,,,,
,,,,,,,"  Completed household burglary",,,,,
,,,"Total",,"All household",,"Forcible",,"Unlawful entry",,"Attempted",
"Race and income",,,"households",,"burglaries",,"entry",,"without force",,"forcible entry",
,,,,,,,,,,,,
,,,,,,,,,,,,
"White",,,,,,,,,,,,
,"Less than $7,500",,5161190,,53.6,,15.0,,24.6,,13.9,
,"$7,500-$14,999",,9302320,,56.5,,17.8,,32.3,,6.4,
,"$15,000-$24,999",,12302170,,39.8,,13.7,,17.5,,8.5,
,"$25,000-$34,999",,11293090,,36.7,,13.8,,14.1,,8.8,
,"$35,000-$49,999",,13048820,,32.3,,9.6,,17.1,,5.6,
,"$50,000-$74,999",,12058680,,29.8,,6.7,,19.3,,3.8,
,"$75,000 or more",,10836660,,27.2,,7.4,,16.1,,3.6,
,,,,,,,,,,,,
"Black",,,,,,,,,,,,
,"Less than $7,500",,1955150,,61.6,,18.6,,30.0,,13.0,"*"
,"$7,500-$14,999",,1951320,,61.5,,20.4,,28.9,,12.3,"*"
,"$15,000-$24,999",,2091590,,62.7,,34.4,,22.3,,6.0,"*"
,"$25,000-$34,999",,1530220,,48.2,,15.9,"*",28.6,,3.6,"*"
,"$35,000-$49,999",,1366450,,42.1,,19.0,"*",15.4,"*",7.7,"*"
,"$50,000-$74,999",,944420,,36.9,,21.2,"*",10.8,"*",4.9,"*"
,"$75,000 or more",,525770,,50.5,"*",24.9,"*",25.6,"*",0.0,"*"
,,,,,,,,,,,,
,,,,,,,,,,,,
"Note: Detail may not add to total shown because of rounding.",,,,,,,,,,,,
"Excludes data on families whose income level was not ascertained and data on persons of ""Other"" races.",,,,,,,,,,,,
"* Estimate is based on about 10 or fewer sample cases.",,,,,,,,,,,,
