"Bureau of Justice Statistics",,,,,,,,,,,,,,,,,,
"filename:  cv9813.csv",,,,,,,,,,,,,,,,,,
"Table: 13 Victimization rates for persons age 12 and over,",,,,,,,,,,,,,,,,,,
"by gender of head of household, relationship",,,,,,,,,,,,,,,,,,
"of victims to head and type of crime",,,,,,,,,,,,,,,,,,
"data source: National Criminal Victimization Survey, 1998   NCJ 181585",,,,,,,,,,,,,,,,,,
"produced by:  Cathy Maston",,,,,,,,,,,,,,,,,,
"authors:  Patsy Klaus and Cathy Maston",,,,,,,,,,,,,,,,,,
"refer questions to:  askbjs@ojp.usdoj.gov     202-307-0765",,,,,,,,,,,,,,,,,,
"date of version: 03/22/00",,,,,,,,,,,,,,,,,,
,,,,,,,,,,,,,,,,,,
,,,,,,,,,,,,,,,,,,
"Table 13. Personal crimes, 1998:",,,,,,,,,,,,,,,,,,
,,,,,,,,,,,,,,,,,,
"Victimization rates for persons age 12 and over,",,,,,,,,,,,,,,,,,,
"by gender of head of household, relationship",,,,,,,,,,,,,,,,,,
"of victims to head and type of crime",,,,,,,,,,,,,,,,,,
"              ",,,,,,,,,,,,,,,,,,
,,,,,,,,,"Rate per 1,000 persons age 12 and over",,,,,,,,,
,,,,,"Crimes",,"Completed",,"Attempted/",,"Rape/",,"                                                                                                        Robbery",,,,,
"Gender of head of household and",,,"Total",,"of",,"violence",,"threatened",,"Sexual",,,,"With",,"Without",
"relationship of victim to head",,,"population",,"violence",,,,"violence",,"assault/a",,"Total",,"injury",,"injury",
,,,,,,,,,,,,,,,,,,
,,,,,,,,,,,,,,,,,,
"Households headed by males",,,,,,,,,,,,,,,,,,
,"All male heads",,63931280,,29.9,,7.0,,22.9,,0.1,"*",2.9,,0.8,,2.1,
,"   Male heads living alone",,13293970,,45.3,,13.5,,31.9,,0.2,"*",7.6,,2.3,,5.3,
,"   Male heads living with others",,50637310,,25.8,,5.3,,20.5,,0.1,"*",1.7,,0.4,"*",1.2,
,"Wives",,40595920,,11.0,,2.7,,8.4,,0.7,"*",0.8,,0.2,"*",0.6,"*"
,"Own children under age 18",,13041100,,70.0,,21.7,,48.3,,4.6,,7.3,,1.0,"*",6.3,
,"Own children age 18 and over",,9946520,,58.5,,22.5,,36.0,,2.2,"*",5.6,,2.2,"*",3.4,
,"Other relatives",,4304800,,47.0,,13.8,,33.1,,1.6,"*",6.4,"*",1.3,"*",5.0,"*"
,"Nonrelatives",,6504330,,73.1,,23.2,,49.9,,3.7,"*",9.5,,5.4,,4.1,"*"
,,,,,,,,,,,,,,,,,,
"Households headed by females",,,,,,,,,,,,,,,,,,
,"All female heads",,45136810,,33.7,,12.7,,21.0,,2.2,,4.4,,1.0,,3.3,
,"   Female heads living alone",,16623390,,22.2,,8.8,,13.4,,2.4,,2.6,,1.0,"*",1.6,"*"
,"   Female heads living with others",,28513430,,40.4,,15.0,,25.4,,2.1,,5.4,,1.1,,4.4,
,"Husbands",,12423620,,19.9,,2.9,,17.0,,0.7,"*",0.6,"*",0.0,"*",0.6,"*"
,"Own children under age 18",,8690470,,94.4,,30.6,,63.8,,2.4,"*",7.1,,2.0,"*",5.1,
,"Own children age 18 and over",,8000440,,59.2,,25.7,,33.5,,4.3,,7.9,,2.0,"*",5.9,
,"Other relatives",,4187700,,51.2,,21.4,,29.8,,0.7,"*",14.7,,3.5,"*",11.2,
,"Nonrelatives",,5117960,,60.5,,22.8,,37.7,,2.8,"*",7.1,,2.0,"*",5.1,"*"
"                                                                                                                                          ",,,,,,,,,,,,,,,,,,
,,,,,,,,,,,,,,,,,,
,,,,,,,,,,,,,,,,,,
,,,"                                     Rate per 1,000 persons age 12 and over",,,,,,,,,,,,,,,
,,,,,,"Assault",,,"Purse",,,,,,,,,
"Gender of head of household and",,,,,"Aggra-",,,,"snatching/",,,,,,,,,
"relationship of victim to head",,,"Total",,"vated",,"Simple",,"Pocket picking",,,,,,,,,
,,,,,,,,,,,,,,,,,,
,,,,,,,,,,,,,,,,,,
"Households headed by males",,,,,,,,,,,,,,,,,,
,"All male heads",,26.8,,7.7,,19.1,,0.7,,,,,,,,,
,"   Male heads living alone",,37.5,,12.1,,25.4,,1.4,"*",,,,,,,,
,"   Male heads living with others",,24.0,,6.6,,17.4,,0.6,,,,,,,,,
,"Wives",,9.5,,2.1,,7.5,,0.9,,,,,,,,,
,"Own children under age 18",,58.0,,12.8,,45.3,,1.7,"*",,,,,,,,
,"Own children age 18 and over",,50.7,,11.4,,39.3,,0.3,"*",,,,,,,,
,"Other relatives",,39.0,,9.0,,29.9,,0.8,"*",,,,,,,,
,"Nonrelatives",,60.0,,13.9,,46.0,,3.0,"*",,,,,,,,
,,,,,,,,,,,,,,,,,,
"Households headed by females",,,,,,,,,,,,,,,,,,
,"All female heads",,27.1,,5.3,,21.8,,2.0,,,,,,,,,
,"   Female heads living alone",,17.2,,3.2,,14.0,,2.6,,,,,,,,,
,"   Female heads living with others",,32.9,,6.5,,26.3,,1.7,,,,,,,,,
,"Husbands",,18.6,,5.0,,13.6,,0.6,"*",,,,,,,,
,"Own children under age 18",,84.8,,15.3,,69.5,,1.6,"*",,,,,,,,
,"Own children age 18 and over",,47.0,,16.1,,30.9,,2.9,"*",,,,,,,,
,"Other relatives",,35.9,,9.8,,26.1,,3.2,"*",,,,,,,,
,"Nonrelatives",,50.6,,16.4,,34.2,,3.0,"*",,,,,,,,
,,,,,,,,,,,,,,,,,,
,,,,,,,,,,,,,,,,,,
"Note: Detail may not add to total shown because of rounding.",,,,,,,,,,,,,,,,,,
"* Estimate is based on about 10 or fewer sample cases.",,,,,,,,,,,,,,,,,,
"a/Includes verbal threats of rape and threats of sexual assault.",,,,,,,,,,,,,,,,,,
