"Bureau of Justice Statistics",,,,,,,,,
"Filename:  cfjs0026.csv",,,,,,,,,
"Table 2.6.  Mean and median processing times from receipt to filing or declination, by offense, October 1, 1999 - September 30, 2000",,,,,,,,,
"Report title:  Compendium of Federal Justice Statistics, 2000   NCJ  194067",,,,,,,,,
"Data source:  Federal justice statistics database maintained by The Urban Institute",,,,,,,,,
"Author:  Urban Institute under the supervision of BJS",,,,,,,,,
"Refer  questions to:  askbjs@ojp.usdoj.gov  202-307-0765",,,,,,,,,
"Date of version:  April 17, 2002",,,,,,,,,
,,,,,,,,,
,,,,,,,,,
"Table 2.6.  Mean and median processing times from receipt to filing or declination, by offense, October 1, 1999 - September 30, 2000",,,,,,,,,
,,,,,,,,,
,,"Number of months from receipt of matter to decision",,,,,,,
,,,"Disposed by U.S. magistrate",,,,"Concluded by U.S. attorney",,
,,,,,,,,"Prosecuted",
"Most serious offense",,"All",," ","Not",,,"in U.S.",
"investigated/a",,"suspects","Total","Convicted","convicted",,"Total","district court/b","Declined"
"Mean number of months",,,,,,,,,
," All offenses/c",7.9,6.7,3.6,9.9,,8.1,3.9,18.0
"Violent offenses",,6.0,7.2,5.5,7.9,,5.9,2.4,12.1
"Property offenses",,13.5,8.5,5.7,11.0,,13.9,8.1,21.7
,"Fraudulent offenses/d",14.0,9.6,6.4,12.2,,14.3,8.4,22.0
,"Other offenses/e",10.2,6.0,4.3,7.8,,11.0,5.3,18.9
"Drug offenses",,5.5,6.1,5.0,6.3,,5.4,2.7,18.3
"Public-order offenses",,6.8,6.6,3.0,11.6,,6.8,3.1,15.3
,"Regulatory offenses      ",13.4,8.0,6.7,9.2,,14.1,7.7,17.7
,"Other offenses",5.8,6.5,2.8,11.8,,5.6,2.8,14.3
"Median number of months",,,,,,,,,
,"   All offenses/c",1.5,2.0,1.6,2.4,,1.4,0.8,12.6
"Violent offenses",,1.6,3.5,4.2,3.0,,1.5,0.8,7.4
"Property offenses",,7.1,4.1,3.5,5.0,,7.7,2.7,17.5
,"Fraudulent offenses/d",7.7,4.5,4.0,5.2,,8.0,2.9,17.9
,"Other offenses/e",4.3,3.6,2.7,4.5,,4.8,1.6,14.5
"Drug offenses",,0.8,1.0,2.4,0.9,,0.8,0.6,13.1
"Public-order offenses",,1.2,1.8,1.3,2.6,,1.0,0.7,9.5
,"Regulatory offenses",8.4,4.9,4.8,5.7,,9.2,3.0,13.0
,"Other offenses",1.0,1.7,1.2,2.5,,0.9,0.7,8.2
"Number of suspects/f",,117437,13914,6982,6932,,103523,73080,30443
"With unknown or indeterminable offense or processing time/g",,862,370,157,213,,492,264,228
," ",,,,,,,,
,,,,,,,,,
"(SEE PRINTED REPORT FOR FOOTNOTES)",,,,,,,,,
