Bureau of Justice Statistics,,,,
Filename: ardpdqpt2.6.csv,,,,
"Table 2-6. Types of data sources used to obtain arrest-related death case information, 2011",,,,
Report Title: Arrest-Related Deaths Program Data Quality Profile,,,,
Data Source(s): Arrest-Related Death Program,,,,
Author(s): Michael Planty and Andrea M. Burch,,,,
Refer questions to: askbjs@usdoj.gov or 202-307-0765,,,,
Date of version: 3/3/2015,,,,
,,,,
Source,,Number ,Percent,
,Total state reporting coordinators,45,100,%
Official sources data,,30,67,%
,Law enforcement report only,19,42,
,Medical examiner report only,4,9,
,Multiple official sources ,7,16,
Combination of official and unofficial sources,,13,29,%
Unofficial sources of information,,2,4,%
Note: The primary source for identifying arrest-related deaths was unknown in two states. Four states did not report data in 2011.,,,,
"Source: Bureau of Justice Statistics, Arrest-Related Deaths Program, 2011.",,,,
