"Bureau of Justice Statistics",,,,,,,,,,,,,,
"filename:  cv9531.csv",,,,,,,,,,,,,,
"Table 31: Percent of victimizations involving strangers, ",,,,,,,,,,,,,,
"by sex and marital status of victims and type of crime",,,,,,,,,,,,,,
"data source: National Criminal Victimization Survey, 1995    NCJ 171129",,,,,,,,,,,,,,
"produced by:  Cathy Maston and Jayne Robinson",,,,,,,,,,,,,,
"authors:  Patsy Klaus and Cathy Maston",,,,,,,,,,,,,,
"refer questions to:  askbjs@ojp.usdoj.gov     202-307-0765",,,,,,,,,,,,,,
"date of version: 03/01/00",,,,,,,,,,,,,,
,,,,,,,,,,,,,,
,,,,,,,,,,,,,,
"Table 31. Personal crimes of violence, 1995:",,,,,,,,,,,,,,
,,,,,,,,,,,,,,
"Percent of victimizations involving strangers,",,,,,,,,,,,,,,
"by sex and marital status of victims",,,,,,,,,,,,,,
"and type of crime",,,,,,,,,,,,,,
"                                                                                                                               ",,,,,,,,,,,,,,
,,,"                                                               Percent of victimizations involving strangers",,,,,,,,,,,
,,,"Crimes",,"Rape/",,,,,,,,,
"Sex and",,,"of",,"Sexual",,,,"Assault",,,,,
"marital status",,,"violence",,"assault/1",,"Robbery",,"Total","         Aggravated",,,"   Simple",
,,,,,,,,,,,,,,
,,,,,,,,,,,,,,
"Both sexes",,,,,,,,,,,,,,
,"Never married",,51.1,,31.0,,75.3,,48.6,,58.4,,45.8,
,"Married",,61.7,,44.9,"*",88.2,,58.9,,64.9,,57.0,
,"Widowed",,53.8,,"0.0","*",88.7,,38.3,,55.1,"*",32.9,"*"
,"Divorced or separated",,43.6,,24.4,"*",75.5,,39.6,,41.7,,38.9,
,,,,,,,,,,,,,,
"Male",,,,,,,,,,,,,,
,"Never married",,60.9,,24.9,"*",77.3,,58.4,,64.7,,56.3,
,"Married",,68.7,,69.4,"*",91.9,,65.9,,71.1,,64.0,
,"Widowed",,79.9,,0.0,"*",89.5,"*",63.6,"*","0.0","*",63.6,"*"
,"Divorced or separated",,63.6,,52.7,"*",91.7,,57.4,,52.4,,59.7,
,,,,,,,,,,,,,,
"Female",,,,,,,,,,,,,,
,"Never married",,35.5,,31.6,,69.4,,32.9,,45.1,,30.1,
,"Married",,50.6,,37.7,"*",81.6,,47.6,,51.2,,46.8,
,"Widowed",,44.3,,"0.0","*",87.8,"*",34.1,"*",55.1,"*",25.8,"*"
,"Divorced or separated",,29.5,,22.5,"*",55.9,,26.8,,28.4,,26.4,
,,,,,,,,,,,,,,
,,,,,,,,,,,,,,
"Note: Excludes data on persons whose marital status was not ascertained.",,,,,,,,,,,,,,
"* Estimate is based on about 10 or fewer sample cases.",,,,,,,,,,,,,,
"1/Includes verbal threats of rape and threats of sexual assault.",,,,,,,,,,,,,,
