"Bureau of Justice Statistics",,,,,,,,,,,
"filename:  cv9538.csv",,,,,,,,,,,
"Table 38: Percent distribution of single-offender victimizations,",,,,,,,,,,,
"by type of crime and perceived sex of offender",,,,,,,,,,,
"data source: National Criminal Victimization Survey, 1995   NCJ 171129",,,,,,,,,,,
"produced by:  Cathy Maston and Jayne Robinson",,,,,,,,,,,
"authors:  Patsy Klaus and Cathy Maston",,,,,,,,,,,
"refer questions to:  askbjs@ojp.usdoj.gov     202-307-0765",,,,,,,,,,,
"date of version: 03/01/00",,,,,,,,,,,
,,,,,,,,,,,
,,,,,,,,,,,
"Table 38. Personal crimes of violence, 1995",,,,,,,,,,,
,,,,,,,,,,,
"Percent distribution of single-offender victimizations,",,,,,,,,,,,
"by type of crime and perceived sex of offender",,,,,,,,,,,
,,,,,,,,,,,
,,,,"Percent of single offender victimizations",,,,,,,
,,,,,"Perceived sex of offender",,,,,,
,,"Number of",,,,,,,,"Not known",
,,"single-offender",,,,,,,,"and not",
"Type of crime",,"victimizations",,"  Total",,"  Male",,"Female",,"available",
,,,,,,,,,,,
,,,,,,,,,,,
"Crimes of violence",,7287430,,100,"%",84.4,"%",15.2,"%",0.4,"%"
,,,,,,,,,,,
"   Completed violence",,2023180,,100,"%",85.8,,13.8,,0.4,"*"
"   Attempted/threatened violence",,5264250,,100,"%",83.9,,15.7,,0.4,"*"
"   Rape/Sexual assault/1",,303240,,100,"%",97.5,,2.5,"*",0.0,"*"
"   Robbery",,623710,,100,"%",92.9,,6.6,,0.5,"*"
"      Completed/property taken",,381850,,100,"%",91.2,,8.8,,0.0,"*"
"         With injury",,90660,,100,"%",94.0,,6.0,"*",0.0,"*"
"         Without injury",,291190,,100,"%",90.3,,9.7,,0.0,"*"
"      Attempted to take property",,241850,,100,"%",95.7,,3.0,"*",1.3,"*"
"         With injury",,51130,,100,"%",95.0,,5.0,"*",0.0,"*"
"         Without injury",,190720,,100,"%",95.9,,2.5,"*",1.6,"*"
"   Assault",,6360470,,100,"%",83.0,,16.7,,0.4,
"      Aggravated",,1346930,,100,"%",88.1,,11.1,,0.8,"*"
"      Simple",,5013530,,100,"%",81.6,,18.2,,0.3,"*"
,,,,,,,,,,,
,,,,,,,,,,,
"Note: Detail may not add to total shown because of rounding.",,,,,,,,,,,
"* Estimate is based on about 10 or fewer sample cases.",,,,,,,,,,,
"1/Includes verbal threats of rape and threats of sexual assault.",,,,,,,,,,,
