"Bureau of Justice Statistics",,,,,,,,,,,,,
"filename:  cv9540.csv",,,,,,,,,,,,,
"Table 40: Percent distribution of single-offender victimizations, ",,,,,,,,,,,,,
"by type of crime and perceived race of offender",,,,,,,,,,,,,
"data source: National Criminal Victimization Survey, 1995   NCJ 171129",,,,,,,,,,,,,
"produced by:  Cathy Maston and Jayne Robinson",,,,,,,,,,,,,
"authors:  Patsy Klaus and Cathy Maston",,,,,,,,,,,,,
"refer questions to:  askbjs@ojp.usdoj.gov     202-307-0765",,,,,,,,,,,,,
"date of version: 03/01/00",,,,,,,,,,,,,
,,,,,,,,,,,,,
,,,,,,,,,,,,,
"Table 40. Personal crimes of violence, 1995:",,,,,,,,,,,,,
,,,,,,,,,,,,,
"Percent distribution of single-offender victimizations,",,,,,,,,,,,,,
"by type of crime and perceived race of offender",,,,,,,,,,,,,
,,,,,,,,,,,,,
"       ",,,,,"Percent of single-offender victimizations",,,,,,,,
,,,,,,"Perceived race of offender",,,,,,,
"                                                                                                                ",,"Number of",,,,,,,,,,"Not known",
,,"single-offender",,,,,,,,,,"and not",
"Type of crime",,"victimizations",,"  Total",," White",," Black",," Other",,"available",
,,,,,,,,,,,,,
,,,,,,,,,,,,,
"Crimes of violence",,7287430,,100,"%",63.1,"%",27.3,"%",8.0,"%",1.6,"%"
,,,,,,,,,,,,,
"   Completed violence",,2023180,,100,"%",60.7,,30.6,,7.4,,1.4,
"   Attempted/threatened violence",,5264250,,100,"%",64.0,,26.0,,8.3,,1.7,
"   Rape/Sexual assault/1",,303240,,100,"%",68.8,,24.6,,6.6,"*",0.0,"*"
"   Robbery",,623710,,100,"%",33.9,,53.3,,10.9,,1.9,"*"
"      Completed/property taken",,381850,,100,"%",36.2,,56.7,,5.8,"*",1.3,"*"
"         With injury",,90660,,100,"%",30.9,,63.3,,5.8,"*",0.0,"*"
"         Without injury",,291190,,100,"%",37.9,,54.7,,5.8,"*",1.7,"*"
"      Attempted to take property",,241850,,100,"%",30.2,,47.9,,19.0,,2.9,"*"
"         With injury",,51130,,100,"%",28.4,"*",36.3,"*",27.9,"*",7.4,"*"
"         Without injury",,190720,,100,"%",30.7,,51.0,,16.7,,1.6,"*"
"   Assault",,6360470,,100,"%",65.6,,24.9,,7.8,,1.7,
"      Aggravated",,1346930,,100,"%",59.6,,27.7,,11.2,,1.5,"*"
"      Simple",,5013530,,100,"%",67.3,,24.1,,6.9,,1.7,
,,,,,,,,,,,,,
,,,,,,,,,,,,,
"Note: Detail may not add to total shown because of rounding.",,,,,,,,,,,,,
"* Estimate is based on about 10 or fewer sample cases.",,,,,,,,,,,,,
"1/Includes verbal threats of rape and threats of sexual assault.",,,,,,,,,,,,,
