Bureau of Justice Statistics,,,,,,,,,
Filename: ji16t08.csv,,,,,,,,,
"Table 8. Staff employed in local jails, by sex, year-end 2015 and 2016",,,,,,,,,
"Report title: Jails Inmates in 2016, NCJ 251210",,,,,,,,,
"Data source: Bureau of Justice Statistics, Annual Survey of Jails, 2016.",,,,,,,,,
"Author(s): Zhen Zeng, BJS Statistician",,,,,,,,,
Refer questions to: askbjs@usdoj.gov or 202-307-0765 ,,,,,,,,,
Date of version: 2/22/2018,,,,,,,,,
,,,,,,,,,
,,,,,,,,,
"Table 8. Staff employed in local jails, by sex, year-end 2015 and 2016",,,,,,,,,
,,Number,,,,Percent,,,
Job function,,2015,,2016*,,2015,,2016*,
,Total,"213,000",**,"226,300",,100,%,100,%
Correctional officers/a,,"169,300",**,"178,800",,79.5,%,79,%
,Male,"117,300",**,"124,300",,55.1,,54.9,
,Female,"51,900",,"54,500",,24.4,,24.1,
All other staff/b,,"43,700",**,"47,500",,20.5,%,21,%
,Male,"19,700",,"21,000",,9.3,,9.3,
,Female,"24,000",**,"26,500",,11.3,,11.7,
Inmate-to-correctional officer ratio/c,,4.1,**,3.9,,,,,
Note: Detail may not sum to total due to rounding. Results may differ from previous reports in the series due to data updates received from jails. See appendix table 10 for standard errors. ,,,,,,,,,
*Comparison year.,,,,,,,,,
**Difference with comparison year is significant at the 95% confidence level. ,,,,,,,,,
"a/Includes deputies, monitors, and other custody staff who spend more than 50% of their time with the incarcerated population.",,,,,,,,,
"b/Includes administrators, clerical and maintenance staff, educational staff, professional and technical staff, and other unspecified staff who spend more than 50% of their time in the facility.",,,,,,,,,
c/Number of confined inmates per correctional officer.,,,,,,,,,
"Source: Bureau of Justice Statistics, Annual Survey of Jails, 2016.",,,,,,,,,
