"Bureau of Justice Statistics",,,,,,,
"filename:  so9921.csv",,,,,,,
"Table 21.  Community policing training for new officer recruits and in-service officers in sheriffs' offices, ",,,,,,,
"by size of population served, 1999",,,,,,,
"title: Sheriffs' Offices 1999, NCJ 186479",,,,,,,
"data source:  1999 Law Enforcement Management and Administrative Statistics",,,,,,,
"authors:  Brian A. Reaves, Ph.D., and Matthew J. Hickman",,,,,,,
"refer questions to: askbjs@ojp.usdoj.gov (202)307-0765",,,,,,,
"date of version: 04/26/01",,,,,,,
,,,,,,,
"Table 21.  Community policing training for new officer recruits and in-service officers in sheriffs' offices, ",,,,,,,
"by size of population served, 1999",,,,,,,
,,,,,,,
,"Percent of agencies with community policing training* ",,,,,,
,"New officer recruits",,,,"In-service sworn personnel",,
" Population  served","Total","All","Some",,"Total","All","Some"
,,,,,,,
"  All sizes",54%,36%,18%,,61%,18%,43%
,,,,,,,
"1,000,000 or more",63%,56%,7%,,66%,28%,38%
"500,000-999,999",63,54,8,,60,16,44
"250,000-499,999",70,55,14,,68,23,46
"100,000-249,999",69,47,22,,64,14,50
"50,000-99,999",60,38,22,,69,14,55
"25,000-49,999",62,38,24,,67,19,48
"10,000-24,999",53,37,16,,60,18,42
"Under 10,000",37,24,13,,50,20,30
,,,,,,,
"Note:  Detail may not add to total because of rounding.  ",,,,,,,
" *Eight or more hours during the 2-year period ending June 30, 1999. ",,,,,,,
