"Bureau of Justice Statistics",
"filename:  so9930.csv",
"Table 30.  Sheriff's offices using computer-aided dispatch, by size of population of served, 1999",
"title: Sheriffs' Offices 1999, NCJ 186479",
"data source:  1999 Law Enforcement Management and Administrative Statistics",
"authors:  Brian A. Reaves, Ph.D., and Matthew J. Hickman",
"refer questions to: askbjs@ojp.usdoj.gov (202)307-0765",
"date of version: 04/26/01",
,
"Table 30.  Sheriff's offices using computer-aided dispatch, by size of population of served, 1999",
,
"Population  served","Percent of agencies"
,
"  All sizes",52%
,
"1,000,000 or more",93%
"500,000-999,999",87
"250,000-499,999",77
"100,000-249,999",80
"50,000-99,999",61
"25,000-49,999",62
"10,000-24,999",46
"Under 10,000",32
,
"Note:  Table excludes agencies not  responsible for providing dispatch services.",
