"Bureau of Justice Statistics",,,
"filename:  so9922.csv",,,
"Table 22.  Community policing officers in sheriffs' offices, by size of population served, 1999",,,
"title: Sheriffs' Offices 1999, NCJ 186479",,,
"data source:  1999 Law Enforcement Management and Administrative Statistics",,,
"authors:  Brian A. Reaves, Ph.D., and Matthew J. Hickman",,,
"refer questions to: askbjs@ojp.usdoj.gov (202)307-0765",,,
"date of version: 04/26/01",,,
,,,
"Table 22.  Community policing officers in sheriffs' offices, by size of population served, 1999",,,
,,,
,"Full-time community policing officers",,
,"Percent of ","Total number","Average number"
" Population served","agencies using","of officers","of officers* "
,,,
"  All sizes",60%,15443,8
,,,
"1,000,000 or more",74%,3004,137
"500,000-999,999",72,990,22
"250,000-499,999",69,1915,26
"100,000-249,999",65,2371,12
"50,000-99,999",57,1558,7
"25,000-49,999",62,1912,5
"10,000-24,999",60,2306,4
"Under 10,000",55,1388,4
,,,
"*Excludes agencies that did not employ any  full-time sworn community policing officers.",,,
