"Bureau of Justice Statistics",,,,,
"filename:  so9907.csv",,,,,
"Table 7.  Authorized full-time strength of sheriffs' offices and percent of authorized strength",,,,,
" employed, by size  of population served, 1999",,,,,
"title: Sheriffs' Offices 1999, NCJ 186479",,,,,
"data source:  1999 Law Enforcement Management and Administrative Statistics",,,,,
"authors:  Brian A. Reaves, Ph.D., and Matthew J. Hickman",,,,,
"refer questions to: askbjs@ojp.usdoj.gov (202)307-0765",,,,,
"date of version: 04/26/01",,,,,
,,,,,
"Table 7.  Authorized full-time strength of sheriffs' offices and percent of authorized strength ",,,,,
"employed, by size  of population served, 1999",,,,,
,,,,,
,,"Full-time employees",,,
,"Sworn ",,,"Civilian ",
"Population  served"," Authorized ","Percent  employed",," Authorized ","Percent  employed"
,,,,,
"  All sizes",189215,98.2%,,108946,96.2%
,,,,,
"1,000,000 or more",38822,96.8,,22795,95.6
"500,000-999,999",24672,97.4,,19661,93
"250,000-499,999",25559,97.9,,15962,96.4
"100,000-249,999",37935,98.3,,18577,96.2
"50,000-99,999",23531,98.6,,11060,98
"25,000-49,999",19227,100.4,,10048,98.7
"10,000-24,999",15013,99.1,,7887,98.5
"Under 10,000",4454,103.1,,2955,100.8
,,,,,
"Note:  Sworn employees are those with general arrest powers.",,,,,
