"Bureau of Justice Statistics",,,
"filename:  so9916.csv",,,
"Table 16.  Detention facilities of sheriffs' offices, by size of population served, 1999",,,
"title: Sheriffs' Offices 1999, NCJ 186479",,,
"data source:  1999 Law Enforcement Management and Administrative Statistics",,,
"authors:  Brian A. Reaves, Ph.D., and Matthew J. Hickman",,,
"refer questions to: askbjs@ojp.usdoj.gov (202)307-0765",,,
"date of version: 04/26/01",,,
,,,
"Table 16.  Detention facilities of sheriffs' offices, by size of population served, 1999",,,
,,,
,"Percent of agencies operating:",,
"Population  served"," Jail"," Lockup/a"," Holding   cell/b"
,,,
"  All sizes",78%,19%,31%
,,,
"1,000,000 or more",81%,47%,64%
"500,000-999,999",65,26,45
"250,000-499,999",75,19,40
"100,000-249,999",77,17,35
"50,000-99,999",85,24,36
"25,000-49,999",85,17,23
"10,000-24,999",82,19,35
"Under 10,000",64,18,25
,,,
"a/Temporary holding facility for overnight detention  that is separate from a jail. ",,,
"b/Not for overnight detention.",,,
