"Bureau of Justice Statistics",
"filename:  so9911.csv",
"Table 11.  Dispatch functions  of sheriffs' offices, by size of population served, 1999",
"title: Sheriffs' Offices 1999, NCJ 186479",
"data source:  1999 Law Enforcement Management and Administrative Statistics",
"authors:  Brian A. Reaves, Ph.D., and Matthew J. Hickman",
"refer questions to: askbjs@ojp.usdoj.gov (202)307-0765",
"date of version: 04/26/01",
,
"Table 11.  Dispatch functions  of sheriffs' offices, by size of population served, 1999",
,
" Population served","Percent of agencies dispatching calls  for service"
,
"  All sizes",70%
,
"1,000,000 or more",63%
"500,000-999,999",56
"250,000-499,999",59
"100,000-249,999",61
"50,000-99,999",58
"25,000-49,999",69
"10,000-24,999",74
"Under 10,000",77
