"Bureau of Justice Statistics",,,,,,
"filename:  so9940.csv",,,,,,
"Table 40.  Computerized information accessible to in-field officers  of sheriffs' offices, by size of population served, 1999",,,,,,
"title: Sheriffs' Offices 1999, NCJ 186479",,,,,,
"data source:  1999 Law Enforcement Management and Administrative Statistics",,,,,,
"authors:  Brian A. Reaves, Ph.D., and Matthew J. Hickman",,,,,,
"refer questions to: askbjs@ojp.usdoj.gov (202)307-0765",,,,,,
"date of version: 04/26/01",,,,,,
,,,,,,
"Table 40.  Computerized information accessible to in-field officers  of sheriffs' offices, by size of population served, 1999",,,,,,
,,,,,,
,,,,,,
,"Types of information accessible via in-field computer:",,,,,
,"Calls for ","Criminal  ","Driving   ","Stolen   ","Wanted   "," Wanted  "
" Population served","service histories","histories","records","property","suspects","vehicles"
,,,,,,
"  All sizes",5%,5%,9%,7%,9%,9%
,,,,,,
"1,000,000 or more",17%,21%,42%,35%,42%,46%
"500,000-999,999",26,30,36,30,43,42
"250,000-499,999",34,34,51,41,55,50
"100,000-249,999",10,11,19,16,21,22
"50,000-99,999",8,9,18,14,20,20
"25,000-49,999",2,2,5,4,6,6
"10,000-24,999",2,2,2,1,2,2
"Under 10,000",0,0,0,0,0,0
