"Bureau of Justice Statistics",,
"filename:  so9905.csv",,
"Table 5.  Officers assigned to respond to citizen calls for service in sheriffs' offices, by size of population served, 1999",,
"title: Sheriffs' Offices 1999, NCJ 186479",,
"data source:  1999 Law Enforcement Management and Administrative Statistics",,
"authors:  Brian A. Reaves, Ph.D., and Matthew J. Hickman",,
"refer questions to: askbjs@ojp.usdoj.gov (202)307-0765",,
"date of version: 04/26/01",,
,,
"Table 5.  Officers assigned to respond to citizen calls for service in sheriffs' offices, by size of population served, 1999",,
,,
,"Full-time sworn personnel assigned",
," to respond to citizen calls for service*",
"Population served","Number","Percent"
,,
"  All sizes",66495,36%
,,
"1,000,000 or more",8064,21%
"500,000-999,999",7122,30
"250,000-499,999",7646,31
"100,000-249,999",12523,34
"50,000-99,999",9836,42
"25,000-49,999",9695,50
"10,000-24,999",8266,56
"Under 10,000",3344,73
,,
" *Includes all uniformed officers whose regularly assigned duties included  responding to citizen calls for service.",,
