"Bureau of Justice Statistics",,,,,,,,
"filename:  so9903.csv",,,,,,,,
"Table 3.  Sheriffs' offices and full-time personnel,  by size of population served, 1999",,,,,,,,
"title: Sheriffs' Offices 1999, NCJ 186479",,,,,,,,
"data source:  1999 Law Enforcement Management and Administrative Statistics",,,,,,,,
"authors:  Brian A. Reaves, Ph.D., and Matthew J. Hickman",,,,,,,,
"refer questions to: askbjs@ojp.usdoj.gov (202)307-0765",,,,,,,,
"date of version: 04/26/01",,,,,,,,
,,,,,,,,
"Table 3.  Sheriffs' offices and full-time personnel,  by size of population served, 1999",,,,,,,,
,,,,,,,,
" Population  served"," Agencies",,,"Full-time  sworn personnel",,,"Full-time  civilian personnel",
,"Number","Percent",,"Number","Percent",,"Number","Percent"
,,,,,,,,
"  All sizes",3088,100%,,185859,100%,,104848,100%
,,,,,,,,
"1,000,000 or more",29,0.9%,,37564,20.2%,,21783,20.8%
"500,000-999,999",63,2,,24022,12.9,,18290,17.4
"250,000-499,999",107,3.4,,25016,13.5,,15393,14.7
"100,000-249,999",293,9.5,,37286,20.1,,17866,17
"50,000-99,999",389,12.6,,23191,12.5,,10843,10.3
"25,000-49,999",606,19.6,,19304,10.4,,9922,9.5
"10,000-24,999",892,28.9,,14885,8,,7771,7.4
"Under 10,000",709,23,,4590,2.5,,2980,2.8
,,,,,,,,
"Note: Sworn employees are those with general arrest powers. ",,,,,,,,
"Detail may not add to total because of rounding. ",,,,,,,,
