"Bureau of Justice Statistics",,,
"filename:  so9925.csv",,,
"Table 25.  Community policing activities of sheriffs' offices, by size of population served, 1999",,,
"title: Sheriffs' Offices 1999, NCJ 186479",,,
"data source:  1999 Law Enforcement Management and Administrative Statistics",,,
"authors:  Brian A. Reaves, Ph.D., and Matthew J. Hickman",,,
"refer questions to: askbjs@ojp.usdoj.gov (202)307-0765",,,
"date of version: 04/26/01",,,
,,,
"Table 25.  Community policing activities of sheriffs' offices, by size of population served, 1999",,,
,,,
,"  Percent of agencies engaging    in community policing activities",,
" Population served","Community","Problem-solving   ","Citizen "
," group   meetings/a","partnership/b","training/b"
"  All sizes",86%,25%,26%
,,,
"1,000,000 or more",88%,49%,52%
"500,000-999,999",88,42,41
"250,000-499,999",90,40,44
"100,000-249,999",88,38,43
"50,000-99,999",93,26,32
"25,000-49,999",90,29,29
"10,000-24,999",86,20,22
"Under 10,000",77,19,14
,,,
"a/During 1-year period ending June 30, 1999. ",,,
"b/During 2-year period ending June 30, 1999.",,,
