"Bureau of Justice Statistics",,,
"filename:  so9945.csv",,,
"Table 45.  Written policies or procedures  on conduct and appearance, maximum  work hours, ",,,
"and handling of citizen complaints in sheriffs' offices, by size  of population served, 1999",,,
"title: Sheriffs' Offices 1999, NCJ 186479",,,
"data source:  1999 Law Enforcement Management and Administrative Statistics",,,
"authors:  Brian A. Reaves, Ph.D., and Matthew J. Hickman",,,
"refer questions to: askbjs@ojp.usdoj.gov (202)307-0765",,,
"date of version: 04/26/01",,,
,,,
"Table 45.  Written policies or procedures  on conduct and appearance, maximum  work hours, ",,,
"and handling of citizen complaints in sheriffs' offices, by size  of population served, 1999",,,
,,,
,"Percent of agencies",,
,"Citizen ","Conduct  and ","Maximum "
" Population served","complaints","appearance","work  hours"
,,,
"  All sizes",82%,92%,62%
,,,
"1,000,000 or more",96%,100%,70%
"500,000-999,999",91,100,67
"250,000-499,999",94,96,71
"100,000-249,999",88,98,66
"50,000-99,999",90,98,60
"25,000-49,999",83,98,59
"10,000-24,999",78,87,68
"Under 10,000",76,86,56
