"Bureau of Justice Statistics",,,,,,,
"filename:  so9904.csv",,,,,,,
"Table 4.  Average number of employees in sheriffs' offices, by size of population served, 1999",,,,,,,
"title: Sheriffs' Offices 1999, NCJ 186479",,,,,,,
"data source:  1999 Law Enforcement Management and Administrative Statistics",,,,,,,
"authors:  Brian A. Reaves, Ph.D., and Matthew J. Hickman",,,,,,,
"refer questions to: askbjs@ojp.usdoj.gov (202)307-0765",,,,,,,
"date of version: 04/26/01",,,,,,,
,,,,,,,
"Table 4.  Average number of employees in sheriffs' offices, by size of population served, 1999",,,,,,,
,,,,,,,
,"Average number of employees",,,,,,
"Population  served","Full-time",,,,"Part-time",,
,"Total","Sworn ","Civilian",,"Total","Sworn ","Civilian"
,,,,,,,
"  All sizes",94,60,34,,6,3,3
,,,,,,,
"1,000,000 or more",2017,1276,740,,30,11,19
"500,000-999,999",675,383,292,,27,5,22
"250,000-499,999",377,234,144,,23,11,13
"100,000-249,999",188,127,61,,13,5,8
"50,000-99,999",87,60,28,,7,4,3
"25,000-49,999",48,32,16,,6,4,2
"10,000-24,999",25,17,9,,3,2,2
"Under 10,000",11,6,4,,2,1,1
,,,,,,,
"Note: Sworn employees are those with general arrest powers. ",,,,,,,
"Detail may not add to total because of rounding. ",,,,,,,
"--Less than 0.5%.",,,,,,,
