"Bureau of Justice Statistics",,,,
"filename:  so9926.csv",,,,
"Table 26.  Surveying of citizens by sheriffs' offices, by size of population served, 1999",,,,
"title: Sheriffs' Offices 1999, NCJ 186479",,,,
"data source:  1999 Law Enforcement Management and Administrative Statistics",,,,
"authors:  Brian A. Reaves, Ph.D., and Matthew J. Hickman",,,,
"refer questions to: askbjs@ojp.usdoj.gov (202)307-0765",,,,
"date of version: 04/26/01",,,,
,,,,
"Table 26.  Surveying of citizens by sheriffs' offices, by size of population served, 1999",,,,
,,,,
,"Percent of agencies that surveyed citizens during   ",,,
,"12-month period ending June 30, 1999 regarding:",,,
,,"Satisfaction ","Perceptions of","Personal"
"Population served","Any  topic","with services"," crime problems"," crime experiences"
,,,,
"  All sizes",22%,18%,15%,7%
,,,,
"1,000,000 or more",40%,28%,29%,18%
"500,000-999,999",41,38,34,23
"250,000-499,999",41,39,30,23
"100,000-249,999",34,31,26,10
"50,000-99,999",19,15,11,7
"25,000-49,999",25,19,16,8
"10,000-24,999",21,17,11,4
"Under 10,000",15,8,12,5
