"Bureau of Justice Statistics",,,
"filename:  so9912.csv",,,
"Table 12.  Participation in a 9-1-1 emergency telephone system by  sheriffs' offices, by size of population served, 1999",,,
"title: Sheriffs' Offices 1999, NCJ 186479",,,
"data source:  1999 Law Enforcement Management and Administrative Statistics",,,
"authors:  Brian A. Reaves, Ph.D., and Matthew J. Hickman",,,
"refer questions to: askbjs@ojp.usdoj.gov (202)307-0765",,,
"date of version: 04/26/01",,,
,,,
"Table 12.  Participation in a 9-1-1 emergency telephone system by  sheriffs' offices, by size of population served, 1999",,,
,,,
"  Population served","Percent of agencies  participating in  9-1-1 system",,
,"Total","Enhanced","Basic"
,,,
"  All sizes",88%,65%,22%
,,,
"1,000,000 or more",70%,66%,4%
"500,000-999,999",72,65,7
"250,000-499,999",84,74,10
"100,000-249,999",92,83,9
"50,000-99,999",97,80,16
"25,000-49,999",92,79,12
"10,000-24,999",87,62,26
"Under 10,000",80,41,39
,,,
"Note: Participation is defined as the ability to dispatch a unit as a result of a call to 9-1-1.   ",,,
"Detail may not add to total because of rounding.",,,
