"Bureau of Justice Statistics",,,,
"filename:  so9919.csv",,,,
"Table 19.  Special public safety functions of sheriffs' offices, by size of population served, 1999",,,,
"title: Sheriffs' Offices 1999, NCJ 186479",,,,
"data source:  1999 Law Enforcement Management and Administrative Statistics",,,,
"authors:  Brian A. Reaves, Ph.D., and Matthew J. Hickman",,,,
"refer questions to: askbjs@ojp.usdoj.gov (202)307-0765",,,,
"date of version: 04/26/01",,,,
,,,,
"Table 19.  Special public safety functions of sheriffs' offices, by size of population served, 1999",,,,
,,,,
,"Percent of agencies with  primary responsibility for:",,,
,,,"Emergency ",
" Population  served","Animal  control"," Civil defense","medical services"," Fire  services"
,,,,
"  All sizes",34%,23%,13%,10%
,,,,
"1,000,000 or more",11%,11%,7%,0%
"500,000-999,999",10,13,5,0
"250,000-499,999",23,15,11,3
"100,000-249,999",25,18,4,2
"50,000-99,999",32,24,8,1
"25,000-49,999",32,16,11,8
"10,000-24,999",33,18,12,10
"Under 10,000",47,37,24,23
