"Bureau of Justice Statistics",,,,
"filename:  so9936.csv",,,,
"Table 36.  Use of computers for crime analysis  and crime mapping by sheriffs' offices,  by size of population served, 1999",,,,
"title: Sheriffs' Offices 1999, NCJ 186479",,,,
"data source:  1999 Law Enforcement Management and Administrative Statistics",,,,
"authors:  Brian A. Reaves, Ph.D., and Matthew J. Hickman",,,,
"refer questions to: askbjs@ojp.usdoj.gov (202)307-0765",,,,
"date of version: 04/26/01",,,,
,,,,
"Table 36.  Use of computers for crime analysis  and crime mapping by sheriffs' offices,  by size of population served, 1999",,,,
,,,,
,"Percent of agencies ",,,
,"Using computers for: ",,,"With linked  files for  crime analysis "
"Population served","Crime      analysis","Crime mapping",,
,,,,
"  All sizes",39%,36%,,25%
,,,,
"1,000,000 or more",65%,73%,,53%
"500,000-999,999",58,46,,33
"250,000-499,999",62,55,,37
"100,000-249,999",57,46,,41
"50,000-99,999",55,50,,38
"25,000-49,999",48,40,,23
"10,000-24,999",29,31,,22
"Under 10,000",21,21,,13
