"Bureau of Justice Statistics",,,,,,,,,
"filename:  so9901.csv",,,,,,,,,
"Table 1.  Employment by general purpose State and local  law enforcement agencies in the United States, 1999",,,,,,,,,
"title: Sheriffs' Offices 1999, NCJ 186479",,,,,,,,,
"data source:  1999 Law Enforcement Management and Administrative Statistics",,,,,,,,,
"authors:  Brian A. Reaves, Ph.D., and Matthew J. Hickman",,,,,,,,,
"refer questions to: askbjs@ojp.usdoj.gov (202)307-0765",,,,,,,,,
"date of version: 04/26/01",,,,,,,,,
,,,,,,,,,
"Table 1.  Employment by general purpose State and local  law enforcement agencies in the United States, 1999",,,,,,,,,
,,,,,,,,,
,,,"Number of employees",,,,,,
"Type of  agency","Number of agencies"," ","Full-time",,," ","Part-time",,
,,,"Total","Sworn","Civilian",,"Total","Sworn","Civilian"
,,,,,,,,,
"Total",16661,,932780,677933,254847,,84171,37062,47109
,,,,,,,,,
"Local police",13524,,556631,436182,120449,,63575,27824,35751
"Sheriff",3088,,290707,185859,104848,,19670,9238,10432
"Primary State",49,,85442,55892,29550,,926,0,926
,,,,,,,,,
"Note:  Data are for the pay period that included June 30, 1999.  ",,,,,,,,,
"Table excludes State and local law enforcement agencies that serve special ",,,,,,,,,
"jurisdictional areas or have limited enforcement responsibilities.  ",,,,,,,,,
"Detail may not add to total because of rounding.",,,,,,,,,
