"Bureau of Justice Statistics",
"filename:  so99f11.csv",
"Figure 11. Number of in-field computers or terminals per 100 sworn officers in sheriffs' ",
"offices, by size of population served, 1999",
"title: Sheriff's Offices 1999, NCJ 186479",
"data source:  1999 Law Enforcement Management and Administrative Statistics",
"authors:  Brian A. Reaves, Ph.D., and Matthew J. Hickman",
"refer questions to: askbjs@ojp.usdoj.gov (202)307-0765",
"date of version: 04/19/01",
,
"Figure 11. Number of in-field computers or terminals per 100 sworn officers in sheriffs' ",
"offices, by size of population served, 1999",
,
"1,000,000 or more",24
"500,000 - 999,999",21
"250,000 - 499,999",25
"100,000 - 249,999",11
"50,000 - 99,999",9
"25,000 - 49,999",6
"10,000 - 24,999",3
"Under 10,000",7
