Bureau of Justice Statistics,,,,,,,,,,,,,,,,,,,
Filename: icfjs9818t07b.csv,,,,,,,,,,,,,,,,,,,
"Table 7b. Federal arrests by citizenship and federal judicial districts, by offense type (column percentages), FY 2018",,,,,,,,,,,,,,,,,,,
"Report title: Immigration, Citizenship, and the Federal Justice System, 1998-2018  NCJ 253116",,,,,,,,,,,,,,,,,,,
"Data source: Bureau of Justice Statistics, based on data from the U.S. Marshals Service, Justice Detainee Information System, fiscal year 2018.",,,,,,,,,,,,,,,,,,,
"Author: Mark Motivans, Ph.D., BJS Statistician",,,,,,,,,,,,,,,,,,,
Refer questions to: askbjs@usdoj.gov  202-307-0765,,,,,,,,,,,,,,,,,,,
Date of version: 08/22/19,,,,,,,,,,,,,,,,,,,
,,,,,,,,,,,,,,,,,,,
"Table 7b. Federal arrests by citizenship and federal judicial districts, by offense type (column percentages), FY 2018",,,,,,,,,,,,,,,,,,,
,,,,,,,Citizenship/a,,,,,,,Federal judicial districts,,,,,
,,,,,,,U.S. citizen/b,,,Non-U.S. citizen,,,,U.S.-Mexico border/c,,,Other districts/d,,
Suspects arrested,,,Total Number,Percent,,,Number,Percent,,Number,Percent,,,Number,Percent,,Number,Percent,
,Total,,"195,771",100,%,,"70,542",100,%,"125,027",100,%,,"126,293",100,%,"69,478",100,%
Immigration-related,,,"116,139",59.3,%,,"3,050",4.3,%,"113,083",90.4,%,,"109,475",86.7,%,"6,664",9.6,%
,Immigration,,"108,667",55.5,,,"2,913",4.1,,"105,748",84.6,,,"102,278",81,,"6,389",9.2,
,Material witness,,"7,472",3.8,,,137,0.2,,"7,335",5.9,,,"7,197",5.7,,275,0.4,
Non-immigration,,,"79,614",40.7,%,,"67,474",95.7,%,"11,944",9.6,%,,"16,817",13.3,%,"62,797",90.4,%
,Violent,,"3,797",1.9,,,"3,440",4.9,,332,0.3,,,744,0.6,,"3,053",4.4,
,Property,,"10,395",5.3,,,"7,756",11,,"2,609",2.1,,,"1,624",1.3,,"8,771",12.6,
,,Fraud,"8,966",4.6,,,"6,432",9.1,,"2,507",2,,,"1,455",1.2,,"7,511",10.8,
,,Other,"1,429",0.7,,,"1,324",1.9,,102,0.1,,,169,0.1,,"1,260",1.8,
,Drug,,"22,387",11.4,,,"17,080",24.2,,"5,246",4.2,,,"5,614",4.4,,"16,773",24.1,
,Public order,,"7,424",3.8,,,"6,857",9.7,,532,0.4,,,"1,179",0.9,,"6,245",9,
,,Regulatory,234,0.1,,,218,0.3,,16,<0.1,,,42,<0.1 ,,192,0.3,
,,Other,"7,190",3.7,,,"6,639",9.4,,516,0.4,,,"1,137",0.9,,"6,053",8.7,
,Weapons,,"10,562",5.4,,,"10,077",14.3,,468,0.4,,,939,0.7,,"9,623",13.9,
,Supervision violations,,"25,049",12.8,,,"22,264",31.6,,"2,757",2.2,,,"6,717",5.3,,"18,332",26.4,
Note: Percentages are based on available data. The unit of count is a federal arrest. Suspects with more than one arrest are counted separately. Most serious arrest is determined by the Deputy U.S. Marshal at booking. Federal district is determined by location of the federal court where booking takes place. Excludes D.C. Superior Court arrests.,,,,,,,,,,,,,,,,,,,
a/Citizenship status is defined using the country of citizenship indicated at the time of federal immigration arrest and booking.,,,,,,,,,,,,,,,,,,,
"b/U.S. citizens can be arrested and prosecuted for immigration crimes, most commonly for bringing in or harboring aliens.",,,,,,,,,,,,,,,,,,,
"c/U.S.-Mexico border districts include the Southern District of California, the District of Arizona, the District of New Mexico, the Western District of Texas, and the Southern District of Texas.",,,,,,,,,,,,,,,,,,,
d/Includes the 89 districts that are not on the U.S.-Mexico border.,,,,,,,,,,,,,,,,,,,
"Source: Bureau of Justice Statistics, based on data from the U.S. Marshals Service, Justice Detainee Information System, fiscal year 2018.",,,,,,,,,,,,,,,,,,,
