Bureau of Justice Statistics,,,,,,,,
Filename: icfjs9818t14.csv,,,,,,,,
"Table 14. Suspects prosecuted in U.S. district court by offense type and citizenship, FY 2018",,,,,,,,
"Report title: Immigration, Citizenship, and the Federal Justice System, 1998-2018  NCJ 253116",,,,,,,,
"Data source: Bureau of Justice Statistics, based on data from the Administrative Office of the U.S. Courts, Probation and Pretrial Services, Probation and Pretrial Services Automated Case Tracking System, fiscal year 2018.",,,,,,,,
"Author: Mark Motivans, Ph.D., BJS Statistician",,,,,,,,
Refer questions to: askbjs@usdoj.gov  202-307-0765,,,,,,,,
Date of version: 08/22/19,,,,,,,,
,,,,,,,,
"Table 14. Suspects prosecuted in U.S. district court by offense type and citizenship, FY 2018",,,,,,,,
Suspects prosecuted,,,Total,,U.S. citizen,,Non-U.S. citizen,
 ,Total,,100,%,100,%,100,%
Immigration,,,37.6,%,7,%,78.5,%
,Illegal Entry,,0.1,,<0.1,,0.3,
,Reentry of removed aliens,,31.4,,0.9,,72.1,
,Misuse of visas/other violations,,1,,0.1,,2.2,
,Alien smuggling,,5.1,,6,,3.9,
Non-immigration,,,62.4,%,93,%,21.5,%
,Violent,,3.6,,5.9,,0.5,
,Property,,10.9,,15.4,,4.8,
,,Fraud,8.9,,12.1,,4.5,
,,Other,2,,3.3,,0.3,
,Drug,,27.4,,38.5,,12.9,
,Public order,,7.9,,11.9,,2.1,
,,Regulatory,1.2,,1.3,,1.2,
,,Other,6.6,,10.6,,0.9,
,Weapons,,12.6,,21.3,,1.2,
"Note: Percentages based on available data. Includes defendants interviewed, investigated, or supervised by pre-trial services whose cases were charged in U.S. district court.",,,,,,,,
"Source: Bureau of Justice Statistics, based on data from the Administrative Office of the U.S. Courts, Probation and Pretrial Services, Probation and Pretrial Services Automated Case Tracking System, fiscal year 2018.",,,,,,,,
