Bureau of Justice Statistics,,,,,,,,,,,,,,,,,,
Filename: icfjs9818t15.csv,,,,,,,,,,,,,,,,,,
"Table 15. Immigration suspects in matters concluded by federal prosecutors, by type of immigration offense and federal judicial districts, FY 2018",,,,,,,,,,,,,,,,,,
"Report title: Immigration, Citizenship, and the Federal Justice System, 1998-2018  NCJ 253116",,,,,,,,,,,,,,,,,,
"Data source: Bureau of Justice Statistics, based on data from the Executive Office for U.S. Attorneys, National Legal Information Office Network System (LIONS) data base, fiscal year 2018.",,,,,,,,,,,,,,,,,,
"Author: Mark Motivans, Ph.D., BJS Statistician",,,,,,,,,,,,,,,,,,
Refer questions to: askbjs@usdoj.gov  202-307-0765,,,,,,,,,,,,,,,,,,
Date of version: 08/22/19,,,,,,,,,,,,,,,,,,
,,,,,,,,,,,,,,,,,,
"Table 15. Immigration suspects in matters concluded by federal prosecutors, by type of immigration offense and federal judicial districts, FY 2018",,,,,,,,,,,,,,,,,,
,,,,,,,,Outcome of matters concluded,,,,,,,,,,
,,,,Matters concluded,,,,Prosecuted in U.S. district court/a,,,,Prosecuted before U.S. magistrate,,,,Declined,,
,,,,Number,Percent,,,Number,Percent,,,Number,Percent,,,Number,Percent,
Immigration,,,,"99,479",100,%,,"31,659",31.8,%,,"67,328",67.7,%,,492,0.5,%
,Immigration detail,,,,,,,,,,,,,,,,,
,,Illegal entry,,"61,581",100,%,,"3,073",5,%,,"58,489",95,%,,19,<0.1,%
,,Reentry by removed aliens,,"32,078",100,%,,"23,700",73.9,,,"8,202",25.6,,,176,0.5,
,,Misuse of visas/other violations,,980,100,%,,768,78.4,,,106,10.8,,,106,10.8,
,,Alien smuggling,,"4,840",100,%,,"4,118",85.1,,,531,11,,,191,3.9,
,U.S.-Mexico border district,,,"92,330",100,%,,"25,204",27.3,%,,"66,994",72.6,%,,132,0.1,%
,,California Southern,,"8,424",100,%,,"5,237",62.2,,,"3,185",37.8,,,2,<0.1,
,,Arizona,,"18,173",100,%,,"3,879",21.3,,,"14,249",78.4,,,45,0.2,
,,New Mexico,,"8,438",100,%,,"3,830",45.4,,,"4,600",54.5,,,8,0.1,
,,Texas Western,,"22,172",100,%,,"7,010",31.6,,,"15,119",68.2,,,43,0.2,
,,Texas Southern,,"35,123",100,%,,"5,248",14.9,,,"29,841",85,,,34,0.1,
,All other judicial districts,,,"7,149",100,%,,"6,455",90.3,%,,334,4.7,%,,360,5,%
,Days from receipt of matter to disposition/b,,,,,%,,,,,,,,,,,,
,,Median,,2 days,,,,20 days,,,,1 day,,,,387 days,,
,,Mean,,14 days,,,,25 days,,,,5 days,,,,582 days,,
"Note: Percentages are based on available data. Includes suspects with an immigration offense as the lead charge. Lead charge is the substantive statute that is the primary basis for referral to federal prosecutors. It is most often, but not always, the charge with the greatest potential sentence. For total offenses, there were 100 records missing offense type and 1,368 records missing outcome.",,,,,,,,,,,,,,,,,,
a/Includes suspects who were initially charged in U.S. district court but later had case terminated before U.S. magistrate. This was found to be more likely in matters concluded with illegal entry.,,,,,,,,,,,,,,,,,,
"b/Prosecutor case-processing time reflects the time from receipt of a matter to the prosecutor�s decision to prosecute as a case in U.S. district court, refer for disposal by U.S. magistrate, or decline the matter, resulting in no further action. The median is the midpoint of processing time.",,,,,,,,,,,,,,,,,,
"Source: Bureau of Justice Statistics, based on data from the Executive Office for U.S. Attorneys, National Legal Information Office Network System (LIONS) data base, fiscal year 2018.",,,,,,,,,,,,,,,,,,
