Bureau of Justice Statistics,,,,,,,
Filename: icfjs9818t03.csv,,,,,,,
"Table 3. Number of federal arrests in the five federal judicial districts along the U.S.-Mexico border, by offense type, FY 1998-2018",,,,,,,
"Report title: Immigration, Citizenship, and the Federal Justice System, 1998-2018  NCJ 253116",,,,,,,
"Data source: Bureau of Justice Statistics, based on data from the U.S. Marshals Service, Justice Detainee Information System, fiscal years 1998-2018.",,,,,,,
"Author: Mark Motivans, Ph.D., BJS Statistician",,,,,,,
Refer questions to: askbjs@usdoj.gov  202-307-0765,,,,,,,
Date of version: 08/22/19,,,,,,,
,,,,,,,
"Table 3. Number of federal arrests in the five federal judicial districts along the U.S.-Mexico border, by offense type, FY 1998-2018",,,,,,,
Fiscal year,Total,,Immigration,,Other offense*,,Unknown offense
1998,"33,762",,"15,990",,"17,758",,14
1999,"37,672",,"17,706",,"19,952",,14
2000,"40,359",,"19,501",,"20,844",,14
2001,"41,175",,"19,495",,"21,593",,87
2002,"42,056",,"19,839",,"22,151",,66
2003,"44,003",,"21,571",,"22,299",,133
2004,"56,530",,"32,790",,"23,635",,105
2005,"55,536",,"31,869",,"23,567",,100
2006,"64,545",,"40,922",,"23,509",,114
2007,"73,102",,"48,616",,"24,408",,78
2008,"93,428",,"70,583",,"22,748",,97
2009,"102,146",,"76,885",,"25,195",,66
2010,"101,218",,"74,119",,"26,996",,103
2011,"103,011",,"75,463",,"27,430",,118
2012,"102,557",,"79,178",,"23,236",,143
2013,"116,172",,"89,993",,"26,091",,88
2014,"100,656",,"76,488",,"24,083",,85
2015,"90,135",,"66,701",,"23,418",,16
2016,"88,448",,"64,210",,"24,237",,1
2017,"76,171",,"53,113",,"23,057",,1
2018,"126,293",,"102,278",,"24,014",,1
"Percent change, 1998-2018",274.1,%,539.6,%,35.2,%,~
"Percent change, 2017-2018",65.8,%,92.6,%,4.2,%,~
"Note: The unit of count is a federal arrest. Suspects with more than one arrest are counted separately. Most serious arrest is determined by the Deputy U.S. Marshal at booking. Federal district is determined by location of the federal court where booking takes place. The five U.S.-Mexico border districts include the Southern District of California, the District of Arizona, the District of New Mexico, the Western District of Texas, and the Southern District of Texas. In total, there are 94 federal judicial districts.",,,,,,,
~Not available.,,,,,,,
"*Includes all other federal offense types (i.e., violent, property, drug, public order, weapons, supervision violations, and material witness).",,,,,,,
"Source: Bureau of Justice Statistics, based on data from the U.S. Marshals Service, Justice Detainee Information System, fiscal years 1998-2018.",,,,,,,
