"filename:  FS94se11.csv",,,,,
"table #: standard error 11 ",,,,,
"report title:  Felony Sentences in State Courts, 1994",,,,,
"data source:  National Judicial Reporting Program   ",,,,,
"author:  Pat Langan & Jodi Brown  brownj@ojp.usdoj.gov (202) 633-3012",,,,,
"date of version:  1/12/97",,,,,
"Paper version location:  A9..F29",,,,,
,,,,,
"Estimate of 1 standard error for table 11",,,,,
,,"Error in number of days between arrest and sentencing for cases disposed by",,,
,,,,"Trial",
"Most serious conviction offense","Total","Total","Jury","Bench","Guilty plea"
"Mean",,,,,
"All offenses",5,7,14,6,6
,,,,,
"Violent offenses",6,12,17,15,7
,,,,,
"Murder",10,12,13,35,16
"Rape",9,15,16,27,11
"Robbery",6,13,17,19,8
"Aggravated assault",9,22,34,15,12
"Other violent",10,22,55,18,13
,,,,,
"Property offenses",5,12,19,15,6
,,,,,
"Burglary",6,22,21,28,7
"Larceny",6,12,31,14,7
"Fraud",8,25,61,29,9
,,,,,
"Drug Offenses",6,18,29,24,7
,,,,,
"Possession",6,17,50,16,9
"Trafficking",7,24,34,33,7
,,,,,
"Weapons offenses",6,15,27,12,7
,,,,,
"Other offenses",6,12,28,16,8
