"filename:  FSS94se1.csv",,,,,"Total",24809,
"table #: standard error 1 ",,,,,"VIOLENT",4545,0.3
"report title:  Felony Sentences in State Courts, 1994",,,,,"MURDER/MANSL.",445,0.1
"data source:  National Judicial Reporting Program   ",,,,,"MURDER",368,0.0
"author:  Pat Langan & Jodi Brown  brownj@ojp.usdoj.gov (202) 633-3012",,,,,"MANSLAUGHTER",221,0.0
"date of version: 1/12/97",,,,,"RAPE",992,0.1
"Paper version location:  A9..C42",,,,,"ROBBERY",1244,0.1
,,,,,"ARMED",700,0.1
"Estimate of 1 standard error for table 1",,,,,"UNARMED",759,0.1
,"Error in felony convictions",,,,"UNSPECIFIED",1000,0.1
"Most serious conviction offense","Number","Percent",,,"AG ASSAULT",2381,0.2
"All offenses",24809,,,,"OTHER VIOL",1290,0.1
,,,,,,,
"Violent offenses",4545,0.3,,,"PROPERTY",8477,0.4
,,,,,,,
"Murder/Manslaughter",445,0.1,,,"BURGLARY",3122,0.2
"Murder",368,"-- ",,,"RESIDENTIAL",1186,0.1
"Manslaughter",221,"-- ",,,"NONRESIDENTIAL",2191,0.2
"Rape",992,0.1,,,"UNSPECIFIED",2752,0.3
"Robbery",1244,0.1,,,"LARCENY",3901,0.2
"Armed",700,0.1,,,"MVT",1310,0.1
"Unarmed",759,0.1,,,"OTHER LARCENY",3233,0.2
"Unspecified",1000,0.1,,,"FRAUD/FORGERY",2617,0.2
"Aggravated assault",2381,0.2,,,"FRAUD",1748,0.2
"Other violent",1290,0.1,,,"FORGERY",1423,0.1
,,,,,,,
"Property offenses",8477,0.4,,,"DRUG",8381,0.5
,,,,,,,
"Burglary",3122,0.2,,,"POSSESSION",4960,0.4
"Residential",1186,0.1,,,"TRAFFICKING",4561,0.4
"Nonresidential",2191,0.2,,,"MARIJUANA",1245,0.1
"Unspecified",2752,0.3,,,"OTHER",3974,0.5
"Larceny",3901,0.2,,,"UNSPECIFIED",2546,0.3
"Motor vehicle theft",1310,0.1,,,"WEAPONS",1350,0.1
"Other theft",3233,0.2,,,"OTHER",7139,0.6
"Fraud/forgery",2617,0.2,,,,,
"Fraud",1748,0.2,,,,,
"Forgery",1423,0.1,,,,,
,,,,,,,
"Drug Offenses",8381,0.5,,,,,
,,,,,,,
"Possession",4960,0.4,,,,,
"Trafficking",4561,0.4,,,,,
"Marijuana",1245,0.1,,,,,
"Other",3974,0.5,,,,,
"Unspecified",2546,0.3,,,,,
,,,,,,,
"Weapons offenses",1350,0.1,,,,,
,,,,,,,
"Other offenses",7139,0.6,,,,,
