"filename:  FSS94se8.csv",,,
"table #: standard error 8 ",,,
"report title:  Felony Sentences in State Courts, 1994",,,
"data source:  National Judicial Reporting Program   ",,,
"author:  Pat Langan & Jodi Brown  brownj@ojp.usdoj.gov (202) 633-3012",,,
"date of version:  1/12/97",,,
"Paper version location:  A9..D45",,,
,,,
"Estimate of 1 standard error for table 8",,,
,,"Error in maximum sentence (in months) for felons sentenced to",
"Most serious conviction offense","Prison","Jail ","Probation"
"One conviction offense",,,
"All offenses",1.5,0.2,1.3
,,,
"Violent offenses",2.4,0.3,1.5
,,,
"Murder",9.9,1,4.9
"Rape",7,0.4,3.3
"Robbery",2.6,0.4,2.1
"Aggravated assault",2.1,0.3,1.6
"Other violent",4.7,0.6,2.1
,,,
"Property offenses",1.7,0.3,1.6
,,,
"Burglary",2.8,0.4,2.4
"Larceny",1.3,0.3,1.7
"Fraud",1.4,0.4,1.5
,,,
"Drug Offenses",1.8,0.3,1.4
,,,
"Possession",2.1,0.2,2.1
"Trafficking",2,0.4,1.1
,,,
"Weapons offenses",1.3,0.2,1.0
,,,
"Other offenses",1.7,0.3,1.7
,,,
"Two or more conviction offenses",,,
,,,
"All offenses",2.9,0.4,2.2
,,,
"Violent offenses",6.4,0.5,2.9
,,,
"Murder",18,1.5,3.4
"Rape",13.5,1.2,6.4
"Robbery",7.2,1.2,5.9
"Aggravated assault",9.5,0.6,3.2
"Other violent",6.8,0.7,7.1
,,,
"Property offenses",2.2,0.5,2.3
,,,
"Burglary",2.9,0.9,2.4
"Larceny",4.2,0.7,4.6
"Fraud",2.6,0.4,3.4
,,,
"Drug Offenses",2.9,0.5,3.3
,,,
"Possession",4.1,0.5,3.6
"Trafficking",3.3,0.5,3.6
,,,
"Weapons offenses",3.3,0.5,3.3
,,,
"Other offenses",3.2,0.7,3.1
