"filename:  FSSC9401.csv",,,,,,,,,
"table #: 1 ",,,,,,,,,
"report title:  Felony Sentences in State Courts, 1994",,,,,,,,,
"data source:  National Judicial Reporting Program   ",,,,,,,,,
"author:  Pat Langan & Jodi Brown  brownj@ojp.usdoj.gov (202) 633-3012",,,,,,,,,
"date of version: 1/12/97",,,,,,,,,
"Raw numbers and formulas location:  A10..G54",,,,,,,,,
"Paper version location:  I10..K44",,,,,,,,,
,,,,,,,,,
"Table 1.  Estimated number of felony convictions",,,,,,,"Table 1.  Estimated number of felony convictions",,
"in State courts, 1994",,,,,,,"in State courts, 1994",,
,,,,,,,"Most serious","Felony Convictions",
"Most serious",,"   Felony Convictions",,,,,"conviction offense","Number","Percent"
"conviction offense",,"Number","Percent",,,,"All offenses",872217,100
,,,,,,,"Violent offenses",164583,18.9
"          All offenses",,872217,100,"%",,,"Murder/manslaughter",12007,1.4
,,,,,,,"Murder",8924,1.0
"Violent offenses",,164583,18.9,"%",,,"Manslaughter^a",3083,0.3
,,,,,,,"Rape",20068,2.3
"     Murder/manslaughter",,12007,1.4,,,,"Robbery",46028,5.3
"          Murder",,8924,1.0,,,,"Armed",13319,1.5
"          Manslaughter^a",,3083,0.3,,,,"Unarmed",14801,1.7
"     Rape",,20068,2.3,,,,"Unspecified",17907,2.1
"     Robbery",,46028,5.3,,,,"Aggravated assault",65174,7.5
"          Armed",,13319,1.5,,,,"Other violent^b",21307,2.4
"          Unarmed",,14801,1.7,,,,"Property offenses",275198,31.6
"          Unspecified",,17907,2.1,,,,"Burglary",98109,11.2
"     Aggravated assault",,65174,7.5,,,,"Residential",13300,1.5
"     Other violent^b",,21307,2.4,,,,"Nonresidential",34152,3.9
,,,,,,,"Unspecified",50657,5.8
"Property offenses",,275198,31.6,"%",,,"Larceny",113026,13.0
,,,,,,,"Motor vehicle theft",21049,2.4
"     Burglary",,98109,11.2,,,,"Other theft",91977,10.5
"          Residential",,13300,1.5,,,,"Fraud/forgery^c",64063,7.3
"          Nonresidential",,34152,3.9,,,,"Fraud^d",28268,3.2
"          Unspecified",,50657,5.8,,,,"Forgery",35796,4.1
"     Larceny",,113026,13.0,,,,"Drug offenses",274245,31.4
"          Motor vehicle theft",,21049,2.4,,,,"Possession",108815,12.5
"          Other theft",,91977,10.5,,,,"Trafficking",165430,19.0
"     Fraud/forgery^c",,64063,7.3,,,,"Marijuana",15931,1.8
"          Fraud^d",,28268,3.2,,,,"Other",104181,11.9
"          Forgery",,35796,4.1,,,,"Unspecified",45318,5.2
,,,,,,,"Weapons offenses",31010,3.6
"Drug offenses",,274245,31.4,"%",,,"Other offenses^e",127180,14.6
,,,,,,,,,
"     Possession",,108815,12.5,,,,,,
"     Trafficking",,165430,19.0,,,,,,
"          Marijuana",,15931,1.8,,,,,,
"          Other",,104181,11.9,,,,,,
"          Unspecified",,45318,5.2,,,,,,
,,,,,,,,,
"Weapons offenses",,31010,3.6,"%",,,,,
,,,,,,,,,
"Other offenses^e",,127180,14.6,"%",,,,,
