"filename:  fsscapp2.csv",,,,,,,,,,,,,,,,,,,,,,,,,,,,,,,,,,,,
"table #:  appendix table 2",,,,,,,,,,,,,,,,,,,,,,,,,,,,,,,,,,,,
"report title:  Felony Sentences in State Courts, 1994",,,,,,,,,,,,,,,,,,,,,,,,,,,,,,,,,,,,
"data source:  National Judicial Reporting Program   ",,,,,,,,,,,,,,,,,,,,,,,,,,,,,,,,,,,,
"author:  Pat Langan & Jodi Brown  brownj@ojp.usdoj.gov (202) 633-3012",,,,,,,,,,,,,,,,,,,,,,,,,,,,,,,,,,,,
"date of version:  1/12/97",,,,,,,,,,,,,,,,,,,,,,,,,,,,,,,,,,,,
"Raw numbers and formulas location:  A10..X28",,,,,,,,,,,,,,,,,,,,,,,,,,,,,,,,,,,,
"Paper version location:  Z10..AK26",,,,,,,,,,,,,,,,,,,,,,,,,,,,,,,,,,,,
,,,,,,,,,,,,,,,,,,,,,,,,,,,,,,,,,,,,
"Appendix table 2.  NJRP second stage sampling design, 1990-94",,,,,,,,,,,,,,,,,,,,,,,,,"Appendix table 2.  NJRP second stage sampling design, 1990-94",,,,,,,,,,,
,,,,,,,,,,,,,,,,,,,,,,,,,,,,,,,"One in every --",,,,,
,,,,,,,,,,,,"One in every --",,,,,,,,,,,,,,,,,"Aggravated",,,,"Drug","Drug","Weapons","Other"
,,,,,,,,"Aggravated",,,,,,,,"Drug",,"Drug",,"Weapons",,"Other",,,"Stratum","Murder^a","Rape","Robbery","assault^b","Burglary","Larceny^c","Fraud^d","possession","trafficking","offenses","offenses^e"
"Stratum",,"Murder^a",,"Rape",,"Robbery",,"assault^b",,"Burglary",,"Larceny^c",,"Fraud^d",,"possession",,"trafficking",,"offenses",,"offenses^e",,,1,2,2,6,4,8,9,4,11,12,2,9
1,,2,,2,,6,,4,,8,,9,,4,,11,,12,,2,,9,,,2,1,1,3,2,4,4,2,6,6,1,4
2,,1,,1,,3,,2,,4,,4,,2,,6,,6,,1,,4,,,3,8,5,14,11,28,28,14,38,32,6,30
3,,8,,5,,14,,11,,28,,28,,14,,38,,32,,6,,30,,,4,4,2,6,5,13,13,7,18,15,3,16
4,,4,,2,,6,,5,,13,,13,,7,,18,,15,,3,,16,,,5,1,1,3,2,6,6,3,8,7,1,7
5,,1,,1,,3,,2,,6,,6,,3,,8,,7,,1,,7,,,6,1,1,1,1,3,3,1,4,4,1,4
6,,1,,1,,1,,1,,3,,3,,1,,4,,4,,1,,4,,,7,1,1,1,1,1,1,1,1,1,1,1
7,,1,,1,,1,,1,,1,,1,,1,,1,,1,,1,,1,,,8,1,1,1,1,1,1,1,1,1,1,1
8,,1,,1,,1,,1,,1,,1,,1,,1,,1,,1,,1,,,"a  Includes nonnegligent manslaughter.",,,,,,,,,,,
,,,,,,,,,,,,,,,,,,,,,,,,,"b  Includes attempted murder.",,,,,,,,,,,
"a  Includes nonnegligent manslaughter.",,,,,,,,,,,,,,,,,,,,,,,,,"c  Inlcudes motor vehicle theft.",,,,,,,,,,,
"b  Includes attempted murder.",,,,,,,,,,,,,,,,,,,,,,,,,"d  Includes forgery and embezzlement.",,,,,,,,,,,
"c  Inlcudes motor vehicle theft.",,,,,,,,,,,,,,,,,,,,,,,,,"e  Composed of violent offenses such as negligent manslaughter, sexual assault, and kidnapping; and includes nonviolent offenses such as receiving stolen property and vandalism.",,,,,,,,,,,
"d  Includes forgery and embezzlement.",,,,,,,,,,,,,,,,,,,,,,,,,,,,,,,,,,,,
"e  Composed of violent offenses such as negligent manslaughter, sexual assault, and kidnapping; and includes nonviolent offenses such as receiving stolen property and vandalism.",,,,,,,,,,,,,,,,,,,,,,,,,,,,,,,,,,,,
