"filename:  FSSC9410.csv",,,,,,,,,,,,,,,,,,,,
"table #: 10 ",,,,,,,,,,,,,,,,,,,,
"report title:  Felony Sentences in State Courts, 1994",,,,,,,,,,,,,,,,,,,,
"data source:  National Judicial Reporting Program   ",,,,,,,,,,,,,,,,,,,,
"author:  Pat Langan & Jodi Brown  brownj@ojp.usdoj.gov (202) 633-3012",,,,,,,,,,,,,,,,,,,,
"date of version: 1/12/97",,,,,,,,,,,,,,,,,,,,
"Raw numbers and formulas location:  A10..Q40",,,,,,,,,,,,,,,,,,,,
"Paper version location:  S10..X30",,,,,,,,,,,,,,,,,,,,
,,,,,,,,,,,,,,,,,,,,
"Table 10.  Offense of felons convicted in State courts,",,,,,,,,,,,,"Table 10.  Offense of felons convicted in State courts,",,,,,,,,
"by type of conviction, 1994",,,,,,,,,,,,"by type of conviction, 1994",,,,,,,,
,,,,,,,,,,,,,,"Percent of felons convicted by",,,,,,
,,,,,,,,,,,,"Most serious",,,"Trial",,"Guilty",,,
"Most serious",,,,,,"Trial",,"Guilty",,,,"conviction offense","Total","Total","Jury","Bench","plea",,,
"conviction offense",,"Total",,,"Total","Jury","Bench","plea",,,,"All offenses",100,11,6,5,89,,100,0
,,,,,,,,,,,,"Violent offenses",100,20,14,6,80,,100,0
"          All offenses",,100,"%",,11,6,5,89,"%",,,"Murder^a",100,42,35,7,58,,100,0
,,,,,,,,,,,,"Rape",100,25,19,6,75,,100,0
"Violent offenses",,100,"%",,20,14,6,80,"%",,,"Robbery",100,15,10,5,85,,100,0
,,,,,,,,,,,,"Aggravated assault",100,18,11,7,82,,100,0
"     Murder^a",,100,,,42,35,7,58,,,,"Other violent^b",100,22,15,7,78,,100,0
"     Rape",,100,,,25,19,6,75,,,,"Property offenses",100,10,5,5,90,,100,0
"     Robbery",,100,,,15,9,5,85,,,,"Burglary",100,11,6,5,89,,100,0
"     Aggravated assault",,100,,,18,11,6,82,,,,"Larceny^c",100,10,4,6,90,,100,0
"     Other violent^b",,100,,,22,15,7,78,,,,"Fraud^d",100,9,5,4,91,,100,0
,,,,,,,,,,,,"Drug offenses",100,8,3,5,92,,100,0
"Property offenses",,100,"%",,10,5,5,90,"%",,,"Possession",100,6,1,5,94,,100,0
,,,,,,,,,,,,"Trafficking",100,10,4,6,90,,100,0
"     Burglary",,100,,,11,5,5,89,,,,"Weapons offenses",100,10,5,5,90,,100,0
"     Larceny^c",,100,,,10,4,6,90,,,,"Other offenses^e",100,10,5,5,90,,100,0
"     Fraud^d",,100,,,9,5,4,91,,,,,,,,,,,,
,,,,,,,,,,,,,,,,,,,,
"Drug offenses",,100,"%",,8,3,5,92,"%",,,,,,,,,,,
,,,,,,,,,,,,,,,,,,,,
"     Possession",,100,,,6,1,5,94,,,,,,,,,,,,
"     Trafficking",,100,,,10,4,6,90,,,,,,,,,,,,
,,,,,,,,,,,,,,,,,,,,
"Weapons offenses",,100,"%",,10,5,5,90,"%",,,,,,,,,,,
,,,,,,,,,,,,,,,,,,,,
"Other offenses^e",,100,"%",,10,5,6,90,"%",,,,,,,,,,,
