"filename:  FSSC9404.csv",,,,,,,,,,,,,,,,,,,,,,,,,,,,,,
"table #: 4 ",,,,,,,,,,,,,,,,,,,,,,,,,,,,,,
"report title:  Felony Sentences in State Courts, 1994",,,,,,,,,,,,,,,,,,,,,,,,,,,,,,
"data source:  National Judicial Reporting Program   ",,,,,,,,,,,,,,,,,,,,,,,,,,,,,,
"author:  Pat Langan & Jodi Brown  brownj@ojp.usdoj.gov (202) 633-3012",,,,,,,,,,,,,,,,,,,,,,,,,,,,,,
"date of version: 1/12/97",,,,,,,,,,,,,,,,,,,,,,,,,,,,,,
"Raw numbers and formulas location:  table:  A10..K41   raw numbers:  R10..AG44",,,,,,,,,,,,,,,,,,,,,,,,,,,,,,
"Paper version location:  M10..P31",,,,,,,,,,,,,,,,,,,,,,,,,,,,,,
,,,,,,,,,,,,,,,,,,,,,,,,,,,,,,
"Table 4.  Estimated time to be served",,,,,,,,,,"Table 4.  Estimated time to be served",,,,,,,,,"mean maximum",,"mean time",,"mean time",,"percent of",,,,,
"in State prison, 1994",,,,,,,,,,"in State prison, 1994",,,,,,,"% of",,"sentence",,"served in",,"served in",,"sentence",,,,,
,,,,,,,,,,,"Percent of",,"Estimated",,,,"releases",,"length",,"prison",,"jail",,"served",,,,,
,,"Percent of",,,,"Estimated",,,,,"sentence","Mean","time to be",,"All",,100,,66,"mos",21,"mos",5,"mos",39.4,,"          All offenses",,99.8,38.3
,,"sentence","Mean",,,"time to be",,,,"Most serious","served in","prison","served in",,"violent",,24.4,,90,,36,,6,,46.7,,,,,
"Most serious",,"served in","prison",,,"served in",,,,"conviction offense","prison^a","sentence","prison^b",,"homicide",,2.5,,143,,60,,7,,46.9,,"Violent offenses",,24.3,45.9
"conviction offense",,"prison^a","sentence",,,"prison^b",,,,"All offenses",38,71,27,,"mur/nn",,1.3,,190,,82,,9,,47.9,,,,,
,,,,,,,,,,"Violent offenses",46,118,54,,"murder",,1,,222,,93,,9,,45.9,,"     Murder^c",,1.3,47.4
"          All offenses",,38.3,71,"mo",,27,"mo",,,"Murder^a",47,269,127,,"nn",,0.3,,115,,49,,11,,52.2,,"     Rape",,1.6,53.8
,,,,,,,,,,"Rape",54,158,85,,"negligent",,1.1,,97,,36,,5,,42.3,,"     Robbery",,8.6,43.6
"Violent offenses",,45.9,118,"mo",,54,"mo",,,"Robbery",44,116,51,,"unspecified",,0,,111,,58,,5,,56.8,,"     Aggravated assault",,7.2,45.9
,,,,,,,,,,"Aggravated assault",46,79,36,,"kidnap",,0.4,,95,,42,,7,,51.6,,"     Other violent^d",,5.6,47.0
"     Murder^c",,47.4,269,,,127,,,,"Other violent^b",47,70,33,,"rape",,1.6,,117,,57,,6,,53.8,,,,,
"     Rape",,53.8,158,,,85,,,,"Property offenses",36,57,20,,"other sexual assault",,3.4,,80,,33,,5,,47.5,,"Property offenses",,30.7,35.7
"     Robbery",,43.6,116,,,51,,,,"Burglary",35,69,24,,"robbery",,8.6,,101,,38,,6,,43.6,,,,,
"     Aggravated assault",,45.9,79,,,36,,,,"Larceny^c",37,45,17,,"assault",,7.2,,61,,23,,5,,45.9,,"     Burglary",,14.4,35.1
"     Other violent^d",,47.0,70,,,33,,,,"Fraud^d",33,51,17,,"other violent",,0.7,,55,,21,,6,,49.1,,"     Larceny^e",,12.1,37.2
,,,,,,,,,,"Drug offenses",33,61,20,,"property",,34.4,,61,,17,,4,,34.4,,"     Fraud^f",,4.2,33.3
"Property offenses",,35.7,57,"mo",,20,"mo",,,"Possession",34,50,17,,"burglary",,14.4,,74,,21,,5,,35.1,,,,,
,,,,,,,,,,"Trafficking",32,66,21,,"larceny",,9.2,,50,,14,,4,,36.0,,"Drug offenses",,30.5,32.9
"     Burglary",,35.1,69,,,24,,,,"Weapons offenses",45,47,21,,"motor vehicle theft",,2.9,,49,,14,,6,,40.8,,,,,
"     Larceny^e",,37.2,45,,,17,,,,"Other offenses^e",42,41,17,,"arson",,0.6,,85,,25,,5,,35.3,,"     Possession",,11.5,34.0
"     Fraud^f",,33.3,51,,,17,,,,,,,,,"fraud",,4.2,,54,,14,,4,,33.3,,"     Trafficking",,19.0,32.3
,,,,,,,,,,,,,,,"stolen",,2.1,,53,,14,,3,,32.1,,,,,
"Drug offenses",,32.9,61,"mo",,20,"mo",,,,,,,,"other",,0.9,,47,,14,,4,,38.3,,"Weapons offenses",,2.1,45.2
,,,,,,,,,,,,,,,"drug",,30.4,,61,,16,,4,,32.8,,,,,
"     Possession",,34.0,50,,,17,,,,,,,,,"possession",,6.4,,61,,14,,4,,29.5,,"Other offenses^g",,12.2,41.9
"     Trafficking",,32.3,66,,,21,,,,,,,,,"traffick",,19,,65,,17,,4,,32.3,,,,,
,,,,,,,,,,,,,,,"other drug",,5.1,,48,,14,,5,,39.6,,,,,
"Weapons offenses",,45.2,47,"mo",,21,"mo",,,,,,,,"public order",,9.7,,39,,13,,4,,43.6,,,,,
,,,,,,,,,,,,,,,"weapons",,2.1,,42,,14,,5,,45.2,,,,,
"Other offenses^g",,41.9,41,"mo",,17,"mo",,,,,,,,"dwi",,3,,32,,10,,4,,43.8,,,,,
,,,,,,,,,,,,,,,"other public order",,4.5,,42,,15,,4,,45.2,,,,,
,,,,,,,,,,,,,,,"other offenses",,1.1,,43,,15,,6,,48.8,,,,,
