"Bureau of Justice Statistics",,,,,,,,,,
"filename: ivc9803.csv",,,,,,,,,,
"Table 3. Location of medical care among injured victims of violence, by type and severity of injury and type of violent crime, 1992-98",,,,,,,,,,
"report title: Injuries from Violent Crime, 1992-98, NCJ 168633",,,,,,,,,,
"data source: National Crime Victimization Survey",,,,,,,,,,
"authors: Thomas Simon, Ph.D., James Mercy, Ph.D., ",,,,,,,,,,
"CDC Behavioral Scientists, Craig Perkins, BJS Statistician",,,,,,,,,,
"refer questions to: askbjs@ojp.usdoj.gov (202)307-0765",,,,,,,,,,
"date of version: 04/04/01",,,,,,,,,,
,,,,,,,,,,
"Table 3. Location of medical care among injured victims of violence, by type and severity of injury and type of violent crime, 1992-98",,,,,,,,,,
,,,,,,,,,,
,,,,,,,,,,
"Type and severity of injury",,"No medical",,"At the ",,"doctor's",,"Treated in","Admitted to",
"and type of violent crime","Total","care",,"crime scene",,"office",,"ER & released","hospital",
,,,,,,,,,,
"Rape with no other injuries",100.0,84.8,,1.2,"*",1.5,"*",7.9,1.0,"*"
"Severe/a",100.0,10.7,,16.5,,10.9,,48.8,13.1,
"  Gunshot wound",100.0,15.7,"*",1.6,"*",2.2,"*",43.4,32.6,
"  Knife wound",100.0,14.3,,27.0,,8.1,,38.0,12.7,
"  Broken bones/teeth",100.0,7.0,,10.8,,14.9,,60.1,7.2,
"  Internal injuries",100.0,8.2,"*",11.3,,19.1,,43.6,17.8,
"  Loss of consciousness",100.0,12.1,,20.5,,5.8,,49.5,12.2,
"Mild/b",100.0,62.3,,18.6,,7.1,,11.8,0.2,"*"
,,,,,,,,,,
"All violent crime",100.0,56.5,,17.5,,7.4,,16.4,2.2,
"  Rape/attempted rape",100.0,71.2,,8.1,,6.0,,12.5,2.2,
"  Robbery",100.0,47.3,,21.5,,6.0,,20.3,4.8,
"  Assault",100.0,56.5,,17.8,,7.8,,16.2,1.7,
"    Aggravated",100.0,36.6,,20.2,,8.6,,29.6,5.0,
"    Simple",100.0,65.6,,16.7,,7.5,,10.0,0.2,"*"
,,,,,,,,,,
"Note: Type of injury data were reported for 99.5% of victims of violent crime; treatment for 99.9% of cases.",,,,,,,,,,
"*Fewer than 10 cases.",,,,,,,,,,
"a/Includes bruises, black eyes, cuts, scratches, swelling, chipped teeth, and undetermined injuries  and requiring less than 2 days of hospitalization.",,,,,,,,,,
,,,,,,,,,,
,,,,,,,,,,
"These are the 7 year counts used to calculate the figures in the table above.",,,,,,,,,,
,,,,,,,,,,
,,,,,,,,,,
"Type and severity of injury",,"No medical",,"At the ",,"doctor's",,"Treated in","Admitted to",
"and type of violent crime","Total","care",,"crime scene",,"office",,"ER & released","hospital",
,,,,,,,,,,
"  Total",17983227,10159014,,3159908,,1344244,,2970671,349390,
,,,,,,,,,,
"Rape with no other injuries",782941,664302,,9415,,39663,,61852,7709,
"Severe/a",2361688,252357,,389433,,258131,,1153138,308629,
"  Gunshot wound",189918,29735,,11535,,4218,,82508,61922,
"  Knife wound",594074,84739,,160664,,47916,,225480,75275,
"  Broken bones/teeth",787378,54917,,85317,,116949,,473284,56911,
"  Internal injuries",324629,26768,,36612,,61903,,141534,57812,
"  Loss of consciousness",465689,56198,,95305,,27145,,230332,56709,
"Mild/b",14838598,9242355,,2761060,,1046450,,1755681,33052,
,,,,,,,,,,
"All violent crime",18110613,10237241,,3166019,,1344244,,2972887,390222,
"  Rape/attempted rape",1521492,1082920,,123487,,91479,,190790,32816,
"  Robbery",2426889,1149094,,521492,,146373,,493758,116172,
"  Assault",14162232,8005227,,2521040,,1106392,,2288339,241234,
"    Aggravated",4439011,1623660,,898688,,380877,,1312466,223320,
"    Simple",9723221,6381567,,1622352,,725515,,975873,17914,
