"Bureau of Justice Statistics",,,,,,
"filename: ivc9808.csv",,,,,,
"Table 8. Offender characteristics, by type of injury",,,,,,
"from violent victimizations, 1992-98",,,,,,
"report title: Injuries from Violent Crime, 1992-98, NCJ 168633",,,,,,
"data source: National Crime Victimization Survey",,,,,,
"authors: Thomas Simon, Ph.D., James Mercy, Ph.D., ",,,,,,
"CDC Behavioral Scientists, Craig Perkins, BJS Statistician",,,,,,
"refer questions to: askbjs@ojp.usdoj.gov (202)307-0765",,,,,,
"date of version: 06/21/01",,,,,,
,,,,,,
"Table 8. Offender characteristics, by type of injury",,,,,,
"from violent victimizations, 1992-98",,,,,,
,,,,,,
,"Percent of victims of violence",,,,,
,"All","Injured","Severely",,,
"Offender(s) characteristics","victims","victims/a","injured/b",,,
,,,,,,
"Gender",100.0,100.0,100.0,,,
"  Male",81.9,82.1,86.6,,,
"  Female",14.9,15.0,9.9,,,
"  Both males and females",3.1,2.9,3.6,,,
,,,,,,
"Age of offender",100.0,100.0,100.0,,,
"  All younger than 12 years old",1.3,1.3,0.3,,,
"  All between ages 12 to 14",9.0,8.6,3.5,,,
"  All between ages 15 to 17",12.1,12.1,11.2,,,
"  All between ages 18 to 20",10.1,10.4,11.0,,,
"  All between ages 21 to 29",25.2,27.1,30.2,,,
"  All 30 or older",31.5,29.6,28.0,,,
"  Mixed ages",10.8,10.9,15.8,,,
,,,,,,
"Race/ethnicity",100.0,100.0,100.0,,,
"  All white",60.4,60.1,50.1,,,
"  All black",27.0,26.6,37.5,,,
"  All other",9.6,10.2,8.6,,,
"  Mixed races/c",3.0,3.1,3.8,,,
,,,,,,
"Alcohol and/or drug use",100.0,100.0,100.0,,,
"  Yes",31.1,37.8,41.6,,,
"  No",28.2,28.2,15.4,,,
"  Do not know",40.7,34.1,43.0,,,
,,,,,,
"Victim/offender relationship",100.0,100.0,100.0,,,
"  Intimate",10.8,20.7,16.1,,,
"    Spouse",3.6,7.0,4.0,,,
"    Ex-spouse",1.5,1.9,1.4,,,
"    Boyfriend/girlfriend/d",5.8,11.8,10.8,,,
"  Non-intimate",38.7,39.2,32.3,,,
"    Other family members",4.7,6.0,4.3,,,
"    Friend/acquaintance",34.0,33.1,28.0,,,
"  Stranger",50.4,40.1,51.6,,,
,,,,,,
"Offender previously committed",,,,,,
"a crime against victim or",,,,,,
"threatened victim",100.0,100.0,100.0,,,
"  Yes, there was previous contact",28.2,33.5,24.7,,,
"  No previous criminal contact",70.5,65.2,73.0,,,
"  Do not know",1.3,1.3,2.4,,,
,,,,,,
"Note: This is the victim's perception of the offender's characteristics.  ",,,,,,
"Injury data were reported for 99.9% of violent victimizations for 1992- ",,,,,,
"98.  Data were reported on gender of offender for 97.4%; on age of offender for 94.5%; on race of offender for 95.8%; on offender drug/ alcohol use for 98.9%; on victim/offender relationship for 98.2%; and ",,,,,,
"on whether this incident is the first crime against the victim for 97.7%.",,,,,,
"*Fewer than 10 cases.",,,,,,
"a/Includes rapes/sexual assaults with unspecified types of injuries.  See text box on page 3 and Glossary for a more detailed discussion.",,,,,,
"b/Includes gunshot or knife wounds, broken bones, loss of teeth, internal injuries, loss of consciousness, and undetermined injuries requiring 2 ",,,,,,
"or more days of hospitalization.",,,,,,
"c/A group of offenders that includes two or more races.",,,,,,
"d/Includes ex-boyfriends and ex-girlfriends.",,,,,,
,,,,,,
,,,,,,
"These are the 7 year counts used to calculate the figures in the table above.",,,,,,
,,,,,,
,,,"Injured victims",,,
,,,,,,"Rape with"
,,"No",,,,"no other"
"Offender(s) characteristics","Total","injury","All","Severe","Mild","injury"
,,,,,,
"  Grand Total",69611537,52025864,17585673,2269054,14545099,771520
,,,,,,
"Gender",69611537,52025864,17585673,2269054,14545099,771520
"  Male",57036978,42592412,14444566,1963995,11731575,748996
"  Female",10401537,7768983,2632554,224013,2386017,22524
"  Both males and females",2173022,1664469,508553,81046,427507,0
,,,,,,
"Age of offender",67434806,50318361,17116445,2158987,14211879,745579
"  All younger than 12 years old",891375,663430,227945,6860,221085,0
"  All between ages 12 to 14",6082022,4603320,1478702,75219,1390809,12674
"  All between ages 15 to 17",8167304,6101274,2066030,241958,1773895,50177
"  All between ages 18 to 20",6814076,5041350,1772726,236730,1445954,90042
"  All between ages 21 to 29",16978011,12345825,4632186,653089,3728665,250432
"  All 30 or older",21235814,16171161,5064653,604454,4130647,329552
"  Mixed ages",7266204,5392001,1874203,340677,1520824,12702
,,,,,,
"Race/ethnicity",68467197,51114279,17352918,2223287,14378622,751009
"  All white",41363204,30926889,10436315,1113585,8829689,493041
"  All black",18510639,13893581,4617058,834801,3591191,191066
"  All other",6561086,4792901,1768185,190531,1515750,61904
"  Mixed races",2032268,1500908,531360,84370,441992,4998
,,,,,,
"Alcohol and/or drug use",70629531,52744907,17884624,2386967,14733627,764030
"  Yes",21938448,15184100,6754348,992811,5440786,320751
"  No",19939615,14902208,5037407,367684,4409671,260052
"  Do not know",28751468,22658599,6092869,1026472,4883170,183227
,,,,,,
"Victim/offender relationship",70192145,52452489,17739656,2314019,14654117,771520
"  Intimate",7599681,3923439,3676242,373358,3081734,221150
"    Spouse",2502788,1262573,1240215,92695,1072369,75151
"    Ex-spouse",1040874,695093,345781,31801,299395,14585
"    Boyfriend/girlfriend*",4056019,1965773,2090246,248862,1709970,131414
"  Non-intimate",27181872,20228567,6953305,747725,5811239,394341
"    Other family members",3311849,2238822,1073027,99644,936974,36409
"    Friend/acquaintance",23870023,17989745,5880278,648081,4874265,357932
"  Stranger",35410592,28300483,7110109,1192936,5761144,156029
,,,,,,
"Offender previously committed",,,,,,
"a crime against victim or",,,,,,
"threatened victim",69811164,52153321,17657843,2295829,14600961,761053
"  Yes, there was previous contact",19656871,13742769,5914102,566086,5066708,281308
"  No previous criminal contact",49250931,37730257,11520674,1675696,9370346,474632
"  Do not know",903362,680295,223067,54047,163907,5113
