"Bureau of Justice Statistics",,,,,,
"filename: iv9810.csv",,,,,,
"Table 10. Characteristics of violent incidents, by type of injury, 1992-98",,,,,,
"report title: Injuries from Violent Crime, 1992-98, NCJ 168633",,,,,,
"data source: National Crime Victimization Survey",,,,,,
"authors: Thomas Simon, Ph.D., James Mercy, Ph.D., ",,,,,,
"CDC Behavioral Scientists, Craig Perkins, BJS Statistician",,,,,,
"refer questions to: askbjs@ojp.usdoj.gov (202)307-0765",,,,,,
"date of version: 06/21/01",,,,,,
,,,,,,
"Table 10. Characteristics of violent incidents, by type of injury, 1992-98",,,,,,
,,,,,,
,"All","Injured","Severely",,,
"Characteristics of the incident/a","victims","victims/b","injured/c",,,
,,,,,,
"Time of day",100.0,100.0,100.0,,,
"  6 a.m. to 6 p.m.",52.7,44.8,36.4,,,
"  6 p.m. to midnight",34.6,37.5,41.0,,,
"  Midnight to 6 a.m.",12.2,16.8,21.8,,,
"  Do not know time of night",0.6,0.8,0.8,"*",,
,,,,,,
"Location of crime",100.0,100.0,100.0,,,
"  At or near victim's home/lodging",26.2,33.1,28.7,,,
"  Friend's/relatives/neighbors home",9.4,12.7,14.0,,,
"  Commercial places",12.9,9.1,10.6,,,
"  Parking lots/garages",7.7,7.1,8.5,,,
"  School",13.1,12.0,7.3,,,
"  Streets other than near victim's home",21.3,19.2,24.4,,,
"  Other",9.3,6.8,6.4,,,
,,,,,,
"Victim's activity",100.0,100.0,100.0,,,
"  At work or traveling to/from work",18.4,8.6,6.9,,,
"  School",8.3,7.6,5.1,,,
"  Activities at home",21.8,28.3,23.6,,,
"  Shopping/errands",3.7,3.2,4.1,,,
"  Leisure activities away from home",23.4,28.6,35.7,,,
"  Traveling",16.9,15.5,17.2,,,
"  Other",7.5,8.3,7.3,,,
,,,,,,
"Distance from victim's home",100.0,100.0,100.0,,,
"  Inside or near home or lodging",28.2,35.0,31.6,,,
"  1 mile or less",20.2,20.2,24.5,,,
"  5 miles or less",24.9,22.7,22.6,,,
"  50 miles or less",22.9,19.0,18.1,,,
"  More than 50 miles",3.8,3.2,3.2,,,
,,,,,,
"Weapons",100.0,100.0,100.0,,,
"  No weapon",71.4,71.3,38.4,,,
"  Weapons present",28.6,28.7,61.6,,,
"    Firearms",10.8,6.2,14.6,,,
"    Other type of weapon/c",17.8,22.4,47.0,,,
,,,,,,
"Note: Injury data were reported for 99.9% of violent victimizations for 1992 through 1998.  Data were reported on time of incident for 98.7%; on location of incident for 100%; on activity at time of incident for 99.6%; on distance from vic",,,,,,
"*Fewer than 10 cases.",,,,,,
"a/Where appropriate, excludes cases for which information on variables was not available.",,,,,,
"b/Includes rapes/sexual assaults with unspecified types of injuries.  See text box on page 3 and Glossary for a more detailed discussion.",,,,,,
"c/Includes gunshot or knife wounds, broken bones, loss of teeth, internal injuries, loss",,,,,,
"of consciousness, and undetermined injuries requiring 2 or more days of hospitalization.",,,,,,
"d/Includes knives, sharp or blunt objects, and unknown types of weapons.",,,,,,
,,,,,,
,,,,,,
"These are the 7 year counts used to calculate the figures in the table above.",,,,,,
,,,,,,
,"Percentage of victims injured as a result of a serious violent crime",,,,,
,,,"Injured victims",,,
,,,,,,"Rape with"
,,"No",,,,"no other "
"Characteristics of the incident","Total","injury","All","Severe","Mild","injury"
,,,,,,
"    Grand Total",71407575,53370591,18036984,2409335,14844709,782940
,,,,,,
"Time of day",70524963,52689096,17835867,2390841,14680540,764486
"  6 a.m. to 6 p.m.",37141743,29142566,7999177,870221,6903879,225077
"  6 p.m. to midnight",24385066,17689098,6695968,980394,5436316,279258
"  Midnight to 6 a.m.",8576275,5579047,2997228,520744,2243351,233133
"  Do not know time of night",421879,278385,143494,19482,96994,27018
,,,,,,
"Location of crime",71407575,53370591,18036984,2409335,14844709,782940
"  At or near victim's home/lodging",18704826,12728738,5976088,690310,4899914,385864
"  Friend's/relatives/neighbors home",6703142,4411835,2291307,338085,1720072,233150
"  Commercial places",9237132,7604240,1632892,255169,1344727,32996
"  Parking lots/garages",5508765,4222986,1285779,205058,1063395,17326
"  School",9384290,7222808,2161482,176773,1979678,5031
"  Streets other than near victim's home",15238929,11771943,3466986,588718,2831110,47158
"  Other",6630491,5408041,1222450,155222,1005813,61415
,,,,,,
"Victim's activity",71136834,53182570,17954264,2402279,14775894,776091
"  At work or traveling to/from work",13084921,11547536,1537385,166764,1338182,32439
"  School",5915056,4552601,1362455,122806,1234618,5031
"  Activities at home",15478598,10402125,5076473,567012,4132195,377266
"  Shopping/errands",2647666,2075962,571704,98758,468621,4325
"  Leisure activities away from home",16655118,11523556,5131562,856549,4063273,211740
"  Traveling",12050912,9268725,2782187,413967,2320472,47748
"  Other",5304563,3812065,1492498,176423,1218533,97542
,,,,,,
"Distance from victim's home",70961423,53027533,17933890,2393622,14763933,776335
"  Inside or near home or lodging",20042982,13770247,6272735,756897,5108748,407090
"  1 mile or less",14345711,10715388,3630323,586441,2973471,70411
"  5 miles or less",17676259,13613488,4062771,540188,3398826,123757
"  50 miles or less",16216051,12814509,3401542,433882,2821726,145934
"  More than 50 miles",2680420,2113901,566519,76214,461162,29143
,,,,,,
"Weapons",65628297,48592114,17036183,2256139,14023394,756650
"  No weapon",46829104,34674910,12154194,865901,10624042,664251
"  Weapons present*",18799193,13917204,4881989,1390238,3399352,92399
"    Firearms",7120558,6061520,1059038,329831,688974,40233
"    Other type of weapon",11678635,7855684,3822951,1060407,2710378,52166
