"Bureau of Justice Statistics",,,,,,
"filename: ivc9811.csv",,,,,,
"Table 11. Percentage of victims injured, by characteristics of the violent incident, 1992-98",,,,,,
"report title: Injuries from Violent Crime, 1992-98, NCJ 168633",,,,,,
"data source: National Crime Victimization Survey",,,,,,
"authors: Thomas Simon, Ph.D., James Mercy, Ph.D., ",,,,,,
"CDC Behavioral Scientists, Craig Perkins, BJS Statistician",,,,,,
"refer questions to: askbjs@ojp.usdoj.gov (202)307-0765",,,,,,
"date of version: 06/21/01",,,,,,
,,,,,,
"Table 11. Percentage of victims injured, by characteristics of the violent incident, 1992-98",,,,,,
,,,,,,
,,"No","Injured victims",,,
"Characteristics of the incident/a","Total","injury","All/b","Severe/c","Minor/d",
,,,,,,
"Time of day",,,,,,
"  6 a.m. to 6 p.m.",100.0,78.5,21.5,2.3,18.6,
"  6 p.m. to midnight",100.0,72.5,27.5,4.0,22.3,
"  Midnight to 6 a.m.",100.0,65.1,34.9,6.1,26.2,
"  Do not know time of night",100.0,66.0,34.0,4.6,23.0,
,,,,,,
"Location of crime",,,,,,
"  At or near victim's home/lodging",100.0,68.1,31.9,3.7,26.2,
"  Friend's/relatives/neighbors home",100.0,65.8,34.2,5.0,25.7,
"  Commercial places",100.0,82.3,17.7,2.8,14.6,
"  Parking lots/garages",100.0,76.7,23.3,3.7,19.3,
"  School",100.0,77.0,23.0,1.9,21.1,
"  Streets other than near victim's home",100.0,77.2,22.8,3.9,18.6,
"  Other",100.0,81.6,18.4,2.3,15.2,
,,,,,,
"Victim's activity",,,,,,
"  At work or traveling to/from work",100.0,88.3,11.7,1.3,10.2,
"  School",100.0,77.0,23.0,2.1,20.9,
"  Activities at home",100.0,67.2,32.8,3.7,26.7,
"  Shopping/errands",100.0,78.4,21.6,3.7,17.7,
"  Leisure activities away from home",100.0,69.2,30.8,5.1,24.4,
"  Traveling",100.0,76.9,23.1,3.4,19.3,
"  Other",100.0,71.9,28.1,3.3,23.0,
,,,,,,
"Distance from victim's home",,,,,,
"  Inside or near home or lodging",100.0,68.7,31.3,3.8,25.5,
"  1 mile or less",100.0,74.7,25.3,4.1,20.7,
"  5 miles or less",100.0,77.0,23.0,3.1,19.2,
"  50 miles or less",100.0,79.0,21.0,2.7,17.4,
"  More than 50 miles",100.0,78.9,21.1,2.8,17.2,
,,,,,,
"Weapons",,,,,,
"  No weapon",100.0,74.0,26.0,1.8,22.7,
"  Weapons present",100.0,74.0,26.0,7.4,18.1,
"    Firearms",100.0,85.1,14.9,4.6,9.7,
"    Other type of weapon/e",100.0,67.3,32.7,9.1,23.2,
,,,,,,
"Note: Injury data were reported for 99.9% of violent victimizations for 1992 through 1998.  Data were reported on time of incident for 98.7%; on location of incident for 100%; on activity at time of incident of 99.6%; on distance from vict",,,,,,
"a/Where appropriate, excludes cases for which information on variables were not available.",,,,,,
"b/Includes rapes/sexual assaults with unspecified types of injuries.  See text box on page 3 and Glossary for a more detailed discussion.",,,,,,
"c/Includes gunshot or knife wounds, broken bones, loss of teeth, internal injuries, ",,,,,,
"loss of consciousness, and undetermined injuries requiring 2 or more days of hospitalization.",,,,,,
"d/Includes bruises, black eye, cuts, scratches, swelling, chipped teeth, and ",,,,,,
"undetermined injuries requiring less than 2 days of hospitalization.",,,,,,
"e/Includes knives, sharp or blunt objects, and unknown types of weapons",,,,,,
,,,,,,
,,,,,,
"These are the 7 year counts used to calculate the figures in the table above.",,,,,,
,,,,,,
,,,"Injured victims",,,
,,,,,,"Rape with"
,,"No",,,,"no other "
"Characteristics of the incident","Total","injury","All","Severe","Mild","injury"
,,,,,,
"    Grand Total",71407575,53370591,18036984,2409335,14844709,782940
,,,,,,
"Time of day",70524963,52689096,17835867,2390841,14680540,764486
"  6 a.m. to 6 p.m.",37141743,29142566,7999177,870221,6903879,225077
"  6 p.m. to midnight",24385066,17689098,6695968,980394,5436316,279258
"  Midnight to 6 a.m.",8576275,5579047,2997228,520744,2243351,233133
"  Do not know time of night",421879,278385,143494,19482,96994,27018
,,,,,,
"Location of crime",71407575,53370591,18036984,2409335,14844709,782940
"  At or near victim's home/lodging",18704826,12728738,5976088,690310,4899914,385864
"  Friend's/relatives/neighbors home",6703142,4411835,2291307,338085,1720072,233150
"  Commercial places",9237132,7604240,1632892,255169,1344727,32996
"  Parking lots/garages",5508765,4222986,1285779,205058,1063395,17326
"  School",9384290,7222808,2161482,176773,1979678,5031
"  Streets other than near victim's home",15238929,11771943,3466986,588718,2831110,47158
"  Other",6630491,5408041,1222450,155222,1005813,61415
,,,,,,
"Victim's activity",71136834,53182570,17954264,2402279,14775894,776091
"  At work or traveling to/from work",13084921,11547536,1537385,166764,1338182,32439
"  School",5915056,4552601,1362455,122806,1234618,5031
"  Activities at home",15478598,10402125,5076473,567012,4132195,377266
"  Shopping/errands",2647666,2075962,571704,98758,468621,4325
"  Leisure activities away from home",16655118,11523556,5131562,856549,4063273,211740
"  Traveling",12050912,9268725,2782187,413967,2320472,47748
"  Other",5304563,3812065,1492498,176423,1218533,97542
,,,,,,
"Distance from victim's home",70961423,53027533,17933890,2393622,14763933,776335
"  Inside or near home or lodging",20042982,13770247,6272735,756897,5108748,407090
"  1 mile or less",14345711,10715388,3630323,586441,2973471,70411
"  5 miles or less",17676259,13613488,4062771,540188,3398826,123757
"  50 miles or less",16216051,12814509,3401542,433882,2821726,145934
"  More than 50 miles",2680420,2113901,566519,76214,461162,29143
,,,,,,
"Weapons",65628297,48592114,17036183,2256139,14023394,756650
"  No weapon",46829104,34674910,12154194,865901,10624042,664251
"  Weapons present*",18799193,13917204,4881989,1390238,3399352,92399
"    Firearms",7120558,6061520,1059038,329831,688974,40233
"    Other type of weapon",11678635,7855684,3822951,1060407,2710378,52166
