Bureau of Justice Statistics,,,,,,,,,,,,
filename:  cv0430.csv,,,,,,,,,,,,
"Table 30. Percent of victimizations involving strangers, by gender and race of victims and type of crime",,,,,,,,,,,,
"data source: National Criminal Victimization Survey, 2004  NCJ 213257",,,,,,,,,,,,
produced by:  Cathy Maston ,,,,,,,,,,,,
authors:  Patsy Klaus and Cathy Maston,,,,,,,,,,,,
refer questions to: askbjs@usdoj.gov  202-307-0765,,,,,,,,,,,,
data of version:  05/01/06,,,,,,,,,,,,

"Table 30. Personal crimes of violence, 2004:  Percent of victimizations involving strangers, by gender and race of victims and type of crime",,,,,,,,,,,,
,Percent of victimizations involving strangers,,,,,,,,,,,
,,,,,,,Assault,,,,,
Gender and race,Crimes of violence,,Rape/Sexual assault/a,,Robbery,,     Total,,Aggravated,,   Simple,
Both genders,,,,,,,,,,,,
White only,50.3,%,39.1,%,65.3,%,49.3,%,54.5,%,47.9,%
Black only,42.7,,41.8,*,47.7,,41.8,,47.5,,39.1,
Male,,,,,,,,,,,
White only,57.5,,0,*,68.8,,56.2,,62,,54.2
Black only,50.1,,100,*,59.6,,47,,45.5,,47.9
Female,,,,,,,,,,,
White only,40.8,,39.1,,58.1,,39.6,,39.2,,39.7
Black only,34.4,,33.4,*,24.4,*,35.8,,50.6,,30.3
"Note: Excludes data on persons of ""Other"" races and persons indicating two or more races.",,,,,,,,,,,
*Estimate is based on about 10 or fewer sample cases.,,,,,,,,,,,
a/Includes verbal threats of rape and threats of sexual assault.,,,,,,,,,,,
