Bureau of Justice Statistics,,,,,,,,,,,,
filename:  cv0433.csv,,,,,,,,,,,,
"Table 33. Number of victimizations, by type of crime and relationship to offender",,,,,,,,,,,,
"data source: National Criminal Victimization Survey, 2004  NCJ 213257",,,,,,,,,,,,
produced by:  Cathy Maston ,,,,,,,,,,,,
authors:  Patsy Klaus and Cathy Maston,,,,,,,,,,,,
refer questions to: askbjs@usdoj.gov  202-307-0765,,,,,,,,,,,,
data of version:  05/01/06,,,,,,,,,,,,

"Table 33. Family violence, 2004:  Number of victimizations, by type of crime and relationship to offender",,,,,,,,,,,,
,,Number of victimizations,,,,,,,,,,
,,Related,,,,,,,,,,
Type of crime,Total number of victimizations,     Total,, Spouse,,Ex-spouse,,Parent,,Own child,,Other relatives
Crimes of violence,"5,182,670","573,510",,"164,510",,"82,790",,"77,720",,"59,170",,"189,310"
Completed violence,"1,737,000","268,270",,"99,070",,"37,790",,"39,550",,"20,070",*,"71,790"
Attempted/threatened violence,"3,445,670","305,240",,"65,440",,"45,000",,"38,170",,"39,100",,"117,520"
Rape/Sexual assault/b,"209,880","7,640",*,"4,930",*,0,*,0,*,0,*,"2,720",*
Robbery,"501,820","38,030",,"21,180",*,"5,490",*,"3,020",*,"5,180",*,"3,160",*
Completed/property taken,"299,240","20,970",*,"9,840",*,"5,490",*,"3,020",*,"2,620",*,0,*
Attempted to take property,"202,580","17,060",*,"11,340",*,0,*,0,*,"2,560",*,"3,160",*
Assault,"4,470,960","527,840",,"138,410",,"77,300",,"74,700",,"54,000",,"183,430",
Aggravated,"1,030,080","135,510",,"35,540",,"10,110",*,"36,740",,"8,150",*,"44,980",
Simple,"3,440,880","392,330",,"102,870",,"67,190",,"37,970",,"45,840",,"138,450",
,Number of victimizations,,,,,,,,,,,,
Type of crime,Well known/a,,Casual acquaintances,,Don't know relationship,,  Strangers,Don't know number of offenders,,,,,
Crimes of violence,"1,218,110",,"809,390",,"251,280",,"2,246,460","83,910",,,,,
Completed violence,"454,640",,"262,470",,"69,890",,"657,760","23,970",*,,,,
Attempted/threatened violence,"763,470",,"546,920",,"181,400",,"1,588,710","59,940",,,,,
Rape/Sexual assault/b,"56,860",,"54,880",,"17,170",*,"70,240","3,090",*,,,,
Robbery,"116,260",,"31,260",*,"20,230",*,"282,970","13,080",*,,,,
Completed/property taken,"87,590",,"21,840",*,"13,520",*,"144,580","10,740",*,,,,
Attempted to take property,"28,670",*,"9,430",*,"6,710",*,"138,390","2,330",*,,,,
Assault,"1,044,990",,"723,250",,"213,890",,"1,893,250","67,750",
Aggravated,"232,960",,"108,720",,"36,780",,"488,990","27,130",*
Simple,"812,030",,"614,530",,"177,110",,"1,404,270","40,610",
Note: Detail may not add to total shown because of rounding.,,,,,,,,,
*Estimate is based on about 10 or fewer sample cases.,,,,,,,,,
a/Includes data on offenders well known to the victims whose relationship to the victim could not be ascertained.,,,,,,,,,
b/Includes verbal threats of rape and threats of sexual assault.,,,,,,,,,
