Bureau of Justice Statistics,,,,,,,,,,,
filename:  cv0436.csv,,,,,,,,,,,
"Table 36. Percent distribution of incidents, by type of crime and number of victims",,,,,,,,,,,
"data source: National Criminal Victimization Survey, 2004  NCJ 213257",,,,,,,,,,,
produced by:  Cathy Maston ,,,,,,,,,,,
authors:  Patsy Klaus and Cathy Maston,,,,,,,,,,,
refer questions to: askbjs@usdoj.gov  202-307-0765,,,,,,,,,,,
data of version:  05/01/06,,,,,,,,,,,

"Table 36. Personal crimes of violence, 2004:  Percent distribution of incidents, by type of crime and number of victims",,,,,,,,,,,
,,Percent of incidents,,,,,,,,,
,,,,Number of victims,,,,,,,
Type of crime,Number of incidents,Total/a,,  One,,  Two,,  Three,,Four or more,
Crimes of violence,"4,778,970",100,%,93.9,%,4.7,%,0.8,%,0.6,%*
Completed violence,"1,574,900",100,,93.1,,4.9,,1.2,*,0.8,*
Attempted/threatened violence,"3,204,070",100,,94.3,,4.6,,0.6,*,0.4,*
Rape/Sexual assault/b,"207,240",100,,98.7,,1.3,*,0,*,0,*
Robbery,"459,790",100,,93,,5.6,*,0.8,*,0.6,*
Completed/property taken,"272,310",100,,92.9,,5,*,1.4,*,0.7,*
With injury,"99,130",100,,92.9,,4.1,*,1.8,*,1.1,*
Without injury,"173,170",100,,92.9,,5.5,*,1.2,*,0.4,*
Attempted to take property,"187,480",100,,93.2,,6.4,*,0,*,0.4,*
With injury,"66,870",100,,94.4,,5.6,*,0,*,0,*
Without injury,"120,610",100,,92.5,,6.8,*,0,*,0.6,*
Assault,"4,111,930",100,,93.8,,4.8,,0.9,,0.6,*
Aggravated,"895,340",100,,89.5,,7.7,,1.7,*,1,*
Simple,"3,216,590",100,,94.9,,4,,0.6,*,0.5,*
Note: Detail may not add to total shown because of rounding.,,,,,,,,,,,
*Estimate is based on about 10 or fewer sample cases.,,,,,,,,,,,
a/Excludes incidents for which the number of victims was not ascertained.,,,,,,,,,,,
b/Includes verbal threats of rape and threats of sexual assault.,,,,,,,,,,,
