Bureau of Justice Statistics,,,,,,,,,
filename:  cv0438.csv,,,,,,,,,
"Table 38. Percent distribution of single-offender victimizations, by type of crime and perceived gender of offender",,,,,,,,,
"data source: National Criminal Victimization Survey, 2004  NCJ 213257",,,,,,,,,
produced by:  Cathy Maston ,,,,,,,,,
authors:  Patsy Klaus and Cathy Maston,,,,,,,,,
refer questions to: askbjs@usdoj.gov  202-307-0765,,,,,,,,,
data of version:  05/01/06,,,,,,,,,

"Table 38. Personal crimes of violence, 2004:  Percent distribution of single-offender victimizations, by type of crime and perceived gender of offender",,,,,,,,,
,,Percent of single offender victimizations,,,,,,,
,,,,Perceived gender of offender,,,,,
Type of crime,Number of single-offender victimizations,Total,,Male,,Female,,Not known and not available,
Crimes of violence,"4,156,760",100,%,78.1,%,19.9,%,2,%
Completed violence,"1,320,630",100,,79,,20.8,,0.2,*
Attempted/threatened violence,"2,836,120",100,,77.7,,19.5,,2.8,
Rape/Sexual assault/a,"184,390",100,,96.9,,1.6,*,1.4,*
Robbery,"287,990",100,,86.2,,13.8,,0,*
Completed/property taken,"176,820",100,,85.3,,14.7,*,0,*
With injury,"67,670",100,,77.4,,22.6,*,0,*
Without injury,"109,150",100,,90.2,,9.8,*,0,*
Attempted to take property,"111,160",100,,87.8,,12.2,*,0,*
With injury,"41,140",100,,72.7,*,27.3,*,0,*
Without injury,"70,010",100,,96.7,,3.3,*,0,*
Assault,"3,684,370",100,,76.5,,21.3,,2.2,
Aggravated,"780,390",100,,77.9,,21.2,,0.9,*
Simple,"2,903,980",100,,76.1,,21.4,,2.5,
Note: Detail may not add to total shown because of rounding.,,,,,,,,,
*Estimate is based on about 10 or fewer sample cases.,,,,,,,,,
a/Includes verbal threats of rape and threats of sexual assault.,,,,,,,,,
