Bureau of Justice Statistics,,,,,,,,,,,,,,,,,
filename:  cv0443.csv,,,,,,,,,,,,,,,,,
"Table 43. Percent distribution of single-offender victimizations, by type of crime and detailed victim-offender relationship",,,,,,,,,,,,,,,,,
"data source: National Criminal Victimization Survey, 2004  NCJ 213257",,,,,,,,,,,,,,,,,
produced by:  Cathy Maston ,,,,,,,,,,,,,,,,,
authors:  Patsy Klaus and Cathy Maston,,,,,,,,,,,,,,,,,
refer questions to: askbjs@usdoj.gov  202-307-0765,,,,,,,,,,,,,,,,,
data of version:  05/01/06,,,,,,,,,,,,,,,,,

"Table 43. Personal crimes of violence, 2004:  Percent distribution of single-offender victimizations, by type of crime and detailed victim-offender relationship",,,,,,,,,,,,,,,,,
       ,,Percent of single-offender victimizations,,,,,,,,,,,,,,,
                                                                                                                                         ,,,,Related,,,,,,,,,,,,,
Type of crime,Number of single-offender victimizations,Total,, Total,,Spouse,,Ex-spouse,,Parent,,Own child,,Brother or sister,,Other relative,
Crimes of violence,"4,156,760",100,%,14.1,%,3.9,%,2.3,%,1.8,%,1.4,%,1.5,%,3.2,%
Completed violence,"1,320,630",100,,19.1,,7.5,,2.7,,2.3,*,1.5,*,2.4,*,2.8,
Attempted/threatened violence,"2,836,130",100,,11.8,,2.2,,2.1,,1.6,,1.4,,1.1,*,3.4,
Rape/Sexual assault/b,"184,390",100,,5.7,*,2.7,*,0,*,0,*,0,*,0,*,3,*
Robbery,"287,990",100,,11.8,,7.4,*,1,*,1.7,*,1.8,*,0,*,0,*
Completed/property taken,"176,830",100,,11.4,*,5.6,*,1.6,*,2.7,*,1.5,*,0,*,0,*
Attempted to take property,"111,170",100,,12.5,*,10.2,*,0,*,0,*,2.3,*,0,*,0,*
Assault,"3,684,380",100,,14.7,,3.7,,2.5,,1.9,,1.5,,1.7,,3.5,
Aggravated,"780,390",100,,16.4,,4.6,,1.3,*,3.7,*,1,*,2.6,*,3.2,*
Simple,"2,903,990",100,,14.3,,3.4,,2.8,,1.4,,1.6,,1.5,,3.6,
Type of crime,"Well known, not related/a",,Casual acquaintance,,Don't know,,Stranger,,,,,,,,,,
Crimes of violence,23.6,%,18.1,%,2.5,%,41.6,%,,,,,,,,,
Completed violence,26.4,,19.1,,1.7,*,33.8,,,,,,,,,,
Attempted/threatened violence,22.3,,17.7,,2.9,,45.3,,,,,,,,,,
Rape/Sexual assault/b,25.9,,28.2,,7.2,*,33,,,,,,,,,,
Robbery,30,,9.5,*,2.2,*,46.4,,,,,,,,,,
Completed/property taken,34.3,,10.2,*,2.1,*,42.1,,,,,,,,,,
Attempted to take property,23.3,*,8.5,*,2.5,*,53.2,,,,,,,,,,
Assault,23,,18.3,,2.3,,41.7,,,,,,,,,,
Aggravated,22.2,,13.9,,0.9,*,46.6
Simple,23.2,,19.5,,2.7,,40.3
Note: Detail may not add to total shown because of rounding.,,,,,,,
*Estimate is based on about 10 or fewer sample cases.,,,,,,,
a/Includes data on offenders well known to the victim whose relationship could not be ascertained.,,,,,,,
b/Includes verbal threats of rape and threats of sexual assault.,,,,,,,
