Bureau of Justice Statistics,,,,,,,,,,,,
filename:  cv0442.csv,,,,,,,,,,,,
"Table 42. Percent distribution of single-offender victimizations, based on race of victims, by type of crime and perceived race of offender",,,,,,,,,,,,
"data source: National Criminal Victimization Survey, 2004  NCJ 213257",,,,,,,,,,,,
produced by:  Cathy Maston ,,,,,,,,,,,,
authors:  Patsy Klaus and Cathy Maston,,,,,,,,,,,,
refer questions to: askbjs@usdoj.gov  202-307-0765,,,,,,,,,,,,
data of version:  11/09/07,,,,,,,,,,,,

"Table 42. Personal crimes of violence, 2004: Percent distribution of single-offender victimizations, based on race of victims, by type of crime and perceived race of offender",,,,,,,,,,,,
,,,Percent of single-offender victimizations,,,,,,,,,
,,,,,Perceived race of offender,,,,,,,
Type of crime and race of victim,Number of single-offender victimizations,,Total,,White,,Black,, Other,,Not known and not available,
Crimes of violence,,,,,,,,,,,,
White only,"3,382,920",,100,%,69,%,13.8,%,12.2,%,4.9,%
Black only,"559,130",,100,%,11.2,,80.8,,7.2,,0.8,*
   Completed violence,,,,,,,,,,,,
White only,"1,052,650",,100,%,71.4,,12.4,,12.8,,3.4,
Black only,"222,910",,100,%,7.3,*,83.1,,9.6,*,0,*
   Attempted/threatened violence,,,,,,,,,,,,
White only,"2,330,270",,100,%,68,,14.4,,12,,5.6,
Black only,"336,230",,100,%,13.9,,79.2,,5.6,*,1.3,*
   Rape/Sexual assault/a,,,,,,,,,,,,
White only,"139,900",,100,%,65.1,,8.3,*,16.4,*,10.1,*
Black only,"39,300",,100,%,0,*,89.8,,10.2,*,0,*
   Robbery,,,,,,,,,,,,
White only,"195,110",,100,%,59.2,,31.8,,9,*,0,*
Black only,"66,030",,100,%,0,*,100,,0,*,0,*
       Completed/property taken,,,,,,,,,,,,
White only,"119,110",,100,%,63.9,,23.2,*,12.9,*,0,*
Black only,"42,480",,100,%,0,*,100,,0,*,0,*
         With injury,,,,,,,,,,,,
White only,"48,320",,100,%,64.6,*,15.7,*,19.6,*,0,*
Black only,"14,680",*,100,%*,0,*,100,*,0,*,0,*
         Without injury,,,,,,,,,,,,
White only,"70,790",,100,%,63.4,,28.3,*,8.3,*,0,*
Black only,"27,800",*,100,%*,0,*,100,*,0,*,0,*
      Attempted to take property,,,,,,,,,,,,
White only,"75,990",,100,%,51.9,*,45.2,,2.9,*,0,*
Black only,"23,550",*,100,%*,0,*,100,*,0,*,0,*
         With injury,,,,,,,,,,,,
White only,"25,220",*,100,%*,69.9,*,30.1,*,0,*,0,*
Black only,"12,920",*,100,%*,0,*,100,*,0,*,0,*
         Without injury,,,,,,,,,,,,
White only,"50,780",,100,%,43,*,52.7,*,4.3,*,0,*
Black only,"10,630",*,100,%*,0,*,100,*,0,*,0,*
   Assault,,,,,,,,,,,,
White only,"3,047,910",,100,%,69.8,,12.9,,12.3,,5,
Black only,"453,800",,100,%,13.9,,77.2,,8,,1,*
      Aggravated,,,,,,,,,,,,
White only,"598,520",,100,%,76.6,,11.8,,10,,1.6,*
Black only,"157,860",,100,%,9.5,*,83,,7.6,*,0,*
      Simple,,,,,,,,,,,,
White only,"2,449,400",,100,%,68.2,,13.2,,12.8,,5.8,
Black only,"295,940",,100,%,16.2,,74.1,,8.2,*,1.5,*
Note: Detail may not add to total shown because of rounding.,,,,,,,,,,,,
"Excludes data on persons of ""Other"" races and persons indicating two or more races.",,,,,,,,,,,,
*Estimate is based on about 10 or fewer sample cases.,,,,,,,,,,,,
a/Includes verbal threats of rape and threats of sexual assault.,,,,,,,,,,,,
