"Bureau of Justice Statistics",,,,,,,,,,,,,,,,,
"filename: jfdcc9.csv",,,,,,,,,,,,,,,,,
"table # 9. Most serious type of sentence received by convicted juvenile felony defendants in 40 large urban counties, by conviction offense, 1998.",,,,,,,,,,,,,,,,,
"report title: Juvenile Felony Defendants in Criminal Courts",,,,,,,,,,,,,,,,,
"data source: Juvenile Defendants in Criminal Courts, 1998",,,,,,,,,,,,,,,,,
"author: Gerard A. Rainville and Steven K. Smith",,,,,,,,,,,,,,,,,
"refer questions to: askbjs@ojp.usdoj.gov  (202) 307-0765",,,,,,,,,,,,,,,,,
"date of version: 4/15/03",,,,,,,,,,,,,,,,,
,,,,,,,,,,,,,,,,,
"Table 9. Most serious type of sentence received by convicted juvenile felony defendants in 40 large urban counties, by conviction offense, 1998.",,,,,,,,,,,,,,,,,
,,,,,,,,,,,,,,,,,
,,,,,,"Percent",,,,,,,,,,,
"Most serious conviction offense","Number of defendants/a",,,,,"Incarceration",,,,,,"Non-incarceration",,,,"Other outcome/b",
,,"Total",,"Total incarceration",,"Prison",,"Jail",,"Total non-incarceration",,"Probation",,"Fine",,"      ",
,,,,,,,,,,,,,,,,,
"All offenses",4101,100,"%",63.6,"%",43.3,"%",20.3,"%",24.7,"%",24.4,"%",0.3,"%",11.8,"%"
"Violent offenses",2071,100,"%",71.9,"%",59.6,"%",12.3,"%",17.7,"%",17.5,"%",0.2,"%",10.3,"%"
"Murder",139,100,"%",94.2,"%",94.2,"%",0.0,"%",0.7,"%",0.7,"%",0.0,"%",5.0,"%"
"Rape ",74,100,,74.4,,67.6,,6.8,,16.2,,16.2,,0.0,,9.5,
"Robbery ",1083,100,,66.9,,58.6,,8.3,,21.3,,21.1,,0.2,,11.7,
"Assault",607,100,,72.2,,54.9,,17.3,,17.0,,16.5,,0.5,,10.9,
"Other violent offense",168,100,,83.3,,51.2,,32.1,,12.5,,12.5,,0.0,,4.2,
"Property offenses",961,100,"%",59.0,"%",28.9,"%",30.1,"%",26.7,"%",26.2,"%",0.5,"%",14.3,"%"
"Burglary",417,100,"%",60.6,"%",36.9,"%",23.7,"%",22.3,"%",22.1,"%",0.2,"%",17.0,"%"
"Theft",299,100,,57.2,,25.8,,31.4,,30.8,,29.8,,1.0,,12.0,
"Other property offense",245,100,,58.4,,19.2,,39.2,,29.4,,29.0,,0.4,,12.2,
"Drug offenses",711,100,"%",47.3,"%",24.5,"%",22.8,"%",40.8,"%",40.5,"%",0.3,"%",12.0,"%"
"Drug trafficking",470,100,"%",48.1,"%",29.4,"%",18.7,"%",40.6,"%",40.2,"%",0.4,"%",11.3,"%"
"Other drug offense",241,100,,45.6,,14.9,,30.7,,41.1,,41.1,,0.0,,13.3,
"Public order offenses",195,100,"%",58.9,"%",29.2,"%",29.7,"%",32.8,"%",32.8,"%",0.0,"%",8.2,"%"
"Weapons",120,100,"%",54.2,"%",29.2,"%",25.0,"%",35.8,"%",35.8,"%",0.0,"%",10.0,"%"
"Other public-order offense",75,100,,66.6,,29.3,,37.3,,28.0,,28.0,,0.0,,5.3,
"Other felony offense",11,100,"%",63.7,"%",45.5,"%",18.2,"%",27.3,"%",27.3,"%",0.0,"%",9.1,"%"
"Misdemeanor/c",152,100,"%",59.8,"%",16.4,"%",43.4,"%",19.8,"%",19.1,"%",0.7,"%",20.4,"%"
,,,,,,,,,,,,,,,,,
"Note: Detail may not add to total due to rounding.",,,,,,,,,,,,,,,,,
"a/Sentencing data were missing for 54 cases. An additional 113 cases had pending or deferred sentences.  ",,,,,,,,,,,,,,,,,
"b/""Other outcome"" includes being sentenced to time served, victim restitution, community service, electronic monitoring, drug or alcohol treatment, drug testing, counseling and/or anger management, and suspended jail and prison sentences. ",,,,,,,,,,,,,,,,,
"c/ Prison sentences for misdemeanors were permissable in Baltimore City, MD.",,,,,,,,,,,,,,,,,
,,,,,,,,,,,,,,,,,
,,,,,,,,,,,,,,,,,
,,,,,,,,,,,,,,,,,
,,,,,,,,,," ",,,,,,,
