"Bureau of Justice Statistics",,,,,
"filename: jfdcc1.csv",,,,,
"table #  1. Juvenile felony defendants in 40 large urban counties, by transfer mechanism , 1998",,,,,
"report title: Juvenile Felony Defendants in Criminal Courts",,,,,
"data source: Juvenile Defendants in Criminal Courts, 1998",,,,,
"author: Gerard A. Rainville ",,"Steven K. Smith",,,
"refer questions to: askbjs@ojp.usdoj.gov  (202) 307-0765",,,,,
"date of version: 4/15/03",,,,,
,,,,,
"Table 1.  Juvenile felony defendants in 40 large urban counties, by transfer mechanism , 1998",,,,,
,,,,,
,,,,,
,,,"Frequency","Percent",
,,,,,
,"Judicial waiver",,1675,23.7,"%"
,"Prosecutor direct file",,2445,34.7,
,"Statutory exclusion",,2933,41.6,
,,,,,
,"Total",,7053,100.0,
,,,,,
"Note: Transfer mechanism was not known for 82 defendants.",,,,,
