"Bureau of Justice Statistics",,,
"filename: jfdcc4.csv",,,
"table #  4. Juvenile felony defendants in 40 large urban counties, by age at arrest, 1998",,,
"report title: Juvenile Felony Defendants in Criminal Courts",,,
"data source: Juvenile Defendants in Criminal Courts, 1998",,,
"author: Gerard A. Rainville and Steven K. Smith",,,
"refer questions to: askbjs@ojp.usdoj.gov  (202) 307-0765",,,
"date of version: 4/15/03",,,
,,,
"Table 4.  Juvenile felony defendants in 40 large urban counties, by age at arrest, 1998",,,
,,,
,,,
"Age at arrest",,,
,"Number","Percent",
"All ages",7135,100.0,"%"
"Up to 14",21,0.3,"%"
"14 to 15",488,6.8,
"15 to 16",1373,19.2,
"16 to 17",2187,30.7,
"17 to 18",2844,39.9,
"18 and over",222,3.1,
,,,
"Note: All but 2 defendants in the ""Less than 14"" category were between the ages of 13 and 14.",,,
,,,
,,,
,,,
,,,
,,,
,,,
,,,"%"
