"Bureau of Justice Statistics",,,,,,,,,,,,,,,,,,,,,
"filename: jfdcc7.csv",,,,,,,,,,,,,,,,,,,,,
"table #  7. Adjudication outcomes for juvenile felony defendants in 40 large urban counties, by most serious arrest charge, 1998 ",,,,,,,,,,,,,,,,,,,,,
"report title: Juvenile Felony Defendants in Criminal Courts",,,,,,,,,,,,,,,,,,,,,
"data source: Juvenile Defendants in Criminal Courts, 1998",,,,,,,,,,,,,,,,,,,,,
"author: Gerard A. Rainville and Steven K. Smith",,,,,,,,,,,,,,,,,,,,,
"refer questions to: askbjs@ojp.usdoj.gov  (202) 307-0765",,,,,,,,,,,,,,,,,,,,,
"date of version: 4/15/03",,,,,,,,,,,,,,,,,,,,,
,,,,,,,,,,,,,,,,,,,,,
"Table 7. Adjudication outcomes for juvenile felony defendants in 40 large urban counties, by most serious arrest charge, 1998 ",,,,,,,,,,,,,,,,,,,,,
,,,,,,,,,,,,,,,,,,,,,
,,,,,,,,,,,,"Not convicted",,,,,,,,,
" ",,,,,,"Convicted",,,,"Total",,,,,,,,,,,
"Most serious arrest charge","Number of defendants","Total Convicted",,"Guilty Felony",,"Guilty Misdemeanor",,"Adjudicated Delinquent/a",,"Not convicted",,"Dismissed",,"Acquitted",,,,,,,
,,,,,,,,,,,,,,,,,,,,,
"All Offenses",6568,65.9,"%",62.6,"%",2.4,"%",0.9,"%",34.1,"%",33.1,"%",1.0,"%",,,,,,
"Violent Offenses",4094,59.3,"%",56.5,"%",2.0,"%",0.8,"%",40.7,"%",39.4,"%",1.3,"%",,,,,,
"Murder",242,73.6,"%",73.6,"%",0.0,"%",0.0,"%",26.4,"%",19.0,"%",7.4,"%",,,,,,
"Rape",194,50.5,,48.5,,1.0,,1.0,,49.5,,47.4,,2.1,,,,,,,
"Robbery",2106,59.4,,57.3,,1.3,,0.8,,40.6,,40.0,,0.6,,,,,,,
"Assault",1352,54.8,,50.6,,3.3,,0.9,,45.2,,44.1,,1.1,,,,,,,
"Other Violent Offense",200,79.5,,75.5,,3.5,,0.5,,20.5,,19.0,,1.5,,,,,,,
"Drug Offenses",1011,73.6,"%",70.6,"%",2.2,"%",0.8,"%",26.4,"%",25.9,"%",0.5,"%",,,,,,
"Drug Trafficking",740,74.9,"%",71.5,"%",2.3,"%",1.1,"%",25.1,"%",24.6,"%",0.5,"%",,,,,,
"Other Drug Offense",271,70.1,,68.3,,1.8,,0.0,,29.9,,29.5,,0.4,,,,,,,
"Property Offenses",1205,80.2,"%",76.0,"%",3.1,"%",1.1,"%",19.8,"%",19.3,"%",0.5,"%",,,,,,
"Burglary",567,83.3,"%",80.2,"%",1.9,"%",1.2,"%",16.5,"%",16.0,"%",0.5,"%",,,,,,
"Theft",306,80.3,,76.1,,3.9,,0.3,,19.6,,19.6,,0.0,,,,,,,
"Other Property Offense ",332,74.4,,68.7,,4.2,,1.5,,25.6,,24.7,,0.9,,,,,,,
"Public Order Offenses",244,73.7,"%",66.4,"%",5.7,"%",1.6,"%",26.2,"%",24.6,"%",1.6,"%",,,,,,
"Weapons",178,68.6,"%",62.4,"%",5.1,"%",1.1,"%",31.4,"%",29.2,"%",2.2,"%",,,,,,
"Other Public Order Offense",66,87.9,,77.3,,7.6,,3.0,,12.1,,12.1,,0.0,,,,,,,
"Other Felony",14,57.1,"%",57.1,"%",0.0,"%",0.0,"%",42.9,"%",42.9,"%",0.0,"%",,,,,,
,,,,,,,,,,,,,,,,,,,,,
"Note: Of the 7,135 total, 565 cases had outcomes pending.  2 non-pending cases  had  missing adjudication outcomes.  Detail may not add to total due to rounding.",,,,,,,,,,,,,,,,,,,,,
"a/ Nearly all of the criminal cases that were adjudicated delinquent were from counties in Florida where such adjudication outcomes are permissable.",,,,,,,,,,,,,,,,,,,,,
,,,,,,,,,,,,,,,,,,,,,
,,,,,,,,,,,,,,,,,,,,,
,,,,,,,,,,,,,,,,,,,,,
,,,,,,,,,,,,,,,,,,,,,
,,,,,,,,,,,,,,,,,,,,," "
