"Bureau of Justice Statistics",,,,,,,,,,,,,,,,,,,
"filename: jfdcc8.csv",,,,,,,,,,,,,,,,,,,
"table # 8. Conviction offense for convicted juvenile felony defendants in 40 large urban counties, by most serious arrest charge, 1998",,,,,,,,,,,,,,,,,,,
"report title: Juvenile Felony Defendants in Criminal Courts",,,,,,,,,,,,,,,,,,,
"data source: Juvenile Defendants in Criminal Courts, 1998",,,,,,,,,,,,,,,,,,,
"author: Gerard A. Rainville  and Steven K. Smith",,,,,,,,,,,,,,,,,,,
"refer questions to: askbjs@ojp.usdoj.gov  (202) 307-0765",,,,,,,,,,,,,,,,,,,
"date of version: 4/15/03",,,,,,,,,,,,,,,,,,,
,,,,,,,,,,,,,,,,,,,
"Table 8. Conviction offense for convicted juvenile felony defendants in 40 large urban counties, by most serious arrest charge, 1998",,,,,,,,,,,,,,,,,,,
,,,,,,,,,,,,,,,,,,,
,,,,,,,,,,,,,,"Conviction offense",,,,,
,,,,,,,,,,"Felony",,,,,,,,,
"Arrest Charge","Number","Murder",,"Rape",,"Robbery",,"Assault",,"Drug Trafficking",,"Burglary",,"Theft",,"Weapons",,"Misdemeanor",
"Murder",178,86.0,"%",0.0,"%",2.8,"%",4.5,"%",0.6,"%",1.1,"%",0.4,"%",0.0,"%",0.0,"%"
"Rape",96,0.0,,86.5,"%",2.1,,1.0,,0.0,,1.0,,0.0,,0.0,,2.1,
"Robbery",1234,0.0,,0.1,,88.6,"%",2.9,,0.3,,2.7,,1.1,,0.6,,2.3,
"Assault",729,0.4,,0.0,,5.2,,79.7,"%",0.0,,0.3,,0.4,,1.2,,6.2,
"Drug Trafficking",546,0.0,,0.0,,0.0,,0.0,,86.3,"%",0.0,,0.0,,0.4,,3.1,
"Burglary",466,0.0,,0.0,,0.0,,0.4,,0.0,,82.0,"%",9.9,,0.4,,2.4,
"Theft",245,0.0,,0.0,,0.0,,0.0,,0.0,,1.6,,86.1,"%",0.4,,4.9,
"Weapons",120,0.0,,0.0,,0.0,,1.7,,0.0,,0.0,,0.0,,85.0,"%",7.5,
"Total",4268,3.7,"%",2.0,"%",26.9,"%",14.9,"%",11.2,"%",10.1,"%",7.1,"%",3.0,"%",3.6,"%"
,,,,,,,,,,,,,,,,,,,
"Note: Percent convicted presented only for selected offense categories. 56 cases that were adjudicated delinquent not shown.",,,,,,,,,,,,,,,,,,,
