"Bureau of Justice Statistics",,,,,,,,
"filename: jfdcc5.csv",,,,,,,,
"table #  5. Juvenile felony defendants in 40 large urban counties, by most serious arrest charge and whether released prior to case disposition, 1998",,,,,,,,
"report title: Juvenile Felony Defendants in Criminal Courts",,,,,,,,
"data source: Juvenile Defendants in Criminal Courts, 1998",,,,,,,,
"author: Gerard A. Rainville and Steven K. Smith",,,,,,,,
"refer questions to: askbjs@ojp.usdoj.gov  (202) 307-0765",,,,,,,,
"date of version: 4/15/03",,,,,,,,
,,,,,,,,
"Table 5. Juvenile felony defendants in 40 large urban counties, by most serious arrest charge and whether released prior to case disposition, 1998",,,,,,,,
,,,,,,,,
"Most serious arrest charge","Number of defendants",,"Percent",,,"Number released",,"Percent of total released"
,,"Released ",,"Detained ",,,,
"All Offenses",6949,51.5,"%",48.5,"%",3576,,100.0
"Violent Offenses",4434,44.6,"%",55.4,"%",1977,,55.3
"Murder",375,9.6,"%",90.4,"%",36,,1.0
"Rape",230,47.4,,52.6,,109,,3.0
"Robbery",2172,48.6,,51.4,,1055,,29.5
"Assault",1444,47.3,,52.7,,683,,19.1
"Other Violent Offense",213,44.1,,55.9,,94,,2.6
"Property Offenses",1223,60.4,"%",39.6,"%",739,,20.7
"Burglary",585,55.6,"%",44.4,"%",325,,9.1
"Theft",305,64.6,,35.4,,197,,5.5
"Other Property Offense",333,65.2,,34.8,,217,,6.1
"Drug Offenses",1041,67.9,"%",32.1,"%",707,,19.8
"Drug Trafficking",768,68.0,"%",32.0,"%",522,,14.6
"Other Drug Offense ",273,67.8,,32.2,,185,,5.2
"Public Order Offenses",237,60.8,"%",39.2,"%",144,,4.0
"Weapons",173,67.6,"%",32.4,"%",117,,3.3
"Other Public Order Offense",64,42.2,,57.8,,27,,0.8
"Other Felony Offenses",14,64.3,"%",35.7,"%",9,,0.3
,,,,,,,,
"Note: For 186 cases, data was either missing or case was closed before release/detain decision.",,,,,,,,
,,,,,,,,
,,,,,,,,
,,,,,,,,
,,,,,,,,
,,,,,,,,
,,,,,,," ",
