Bureau of Justice Statistics,,
Filename: ipt02f3.csv,,
"Report Title: Intellectual Property Theft, 2002 (NCJ 205800)",,
Data source: Federal justice statistics database ,,
Author: Mark Motivans,,
Refer questions to: askbjs@usdoj.gov  202-307-0765,,
Date of version: 10/24/04,,

"Figure 3. Defendants sentenced in U.S. district courts for IP theft offense, 1995-2002",,
,Number sentenced under � 2B5.3,
Year,Primary or secondary guideline,Primary guideline only
1994,128,117
1995,147,130
1996,185,173
1997,186,178
1998,161,152
1999,142,125
2000,167,148
2001,134,116
2002,119,111
"Source: U.S. Sentencing Commission, monitoring files",,
"Note: ""Primary"" guideline includes defendants sentenced under �2B5.3 for which copyright/trademark infringement yielded the greatest sentence. ",,
