Bureau of Justice Statistics,,,,,,,,,,,,,,
Filename: ipt02t5.csv,,,,,,,,,,,,,,
"Report Title: Intellectual Property Theft, 2002 (NCJ 205800)",,,,,,,,,,,,,,
Data source: Federal justice statistics database ,,,,,,,,,,,,,,
Author: Mark Motivans,,,,,,,,,,,,,,
Refer questions to: askbjs@usdoj.gov  202-307-0765,,,,,,,,,,,,,,
Date of version: 10/24/04,,,,,,,,,,,,,,

"Table 5. Sanctions imposed for IP theft, 1998 and 2002",,,,,,,,,,,,,,

,1998 /a,,,,,,,2002 /b,,,,,,
Sanction,Number,Percent,,Median ,,Range,,Number,Percent,,Median ,,Range,
      Total,137,100,%,--,,--,,134,100,%,--,,--,
Prison /a,46,33.6,%,10,mos,30-Jan,mos,58,43.3,%,15,mos,Jan-46,mos
Probation ,89,65,%,36,mos,Jun-60,mos,76,56.7,%,36,mos,Dec-60,mos
Fine,65,47.4,%,"$2,000 ",,"$250-$15,000",,47,35.1,%,"$2,000 ",,"$200-$50,000",
Restitution /b,33,24.1,%,"$257,000 ",,$120-$4,million,37,27.6,%,"$25,238 ",,$603-$10,million
Community service /c,26,19,%,100,hrs,20-300,hrs,33,24.6,%,200,hrs,40-500,hrs
Home detention,40,29.2,%,6,mos,9-Jan,mos,44,32.8,%,6,mos,14-Feb,mos
Note: Defendants were sentenced with copyright/trademark infringement as the primary sentencing guideline.,,,,,,,,,,,,,,
* Detail will not sum to total as defendant could be sentenced to more than one sanction.,,,,,,,,,,,,,,
"a/ Calculation of 1998 medians excludes 4 defendants with a suspended prison sentence, 2 with missing or indeterminate restitution amounts, 4 missing amount of community service imposed, and 6 defendants missing amounts of home detention ordered.",,,,,,,,,,,,,,
b/ Calculation of 2002 median excludes 4 defendants who received a suspended prison sentence.,,,,,,,,,,,,,,
"Source: U.S. Sentencing Commission, FY 1998 and FY2002 monitoring files.",,,,,,,,,,,,,,
