Bureau of Justice Statistics,,,
Filename: ipt02f5.csv,,,
"Report Title: Intellectual Property Theft, 2002 (NCJ 205800)",,,
Data source: Federal justice statistics database ,,,
Author: Mark Motivans,,,
Refer questions to: askbjs@usdoj.gov  202-307-0765,,,
Date of version: 10/24/04,,,

"Figure 5. U.S. copyrights and trademarks registered and patents granted, 1983-2001",,,

Year,Patents,Copyright,Trademark
1983,62016,488256,41179
1984,72681,502628,45475
1985,77273,539165,63122
1986,77041,560212,48971
1987,89598,581276,47522
1988,84439,565801,46704
1989,102690,611328,51802
1990,99220,643602,56515
1991,106842,663684,43152
1992,107511,606253,62067
1993,109890,604894,74349
1994,113704,530332,59797
1995,113955,609195,65662
1996,121805,550422,78674
1997,124146,569226,97294
1998,163209,558645,89634
1999,169146,594501,87774
2000,176085,515612,106383
2001,184057,601659,102314
Source: U.S. Patent and Trademark Office and U.S. Copyright Office (annual reports).,,,
