"Bureau of Justice Statistics",,,
"Filename: rsor9430.csv",,,
"Table 30.  Of sex offenders released from prison in 1994, percent rearrested for any new sex crime, by type of sex offender and prior arrest for any sex crime",,,
"Title of Report: Recidivism of sex offenders released from prison in 1994; NCJ 198281",,,
"Database titled ""Recidivism of Prisoners Released in 1994""",,,
"Authors:  Patrick Langan, Erica Schmitt, Matthew Durose",,,
"Refer questions to:   (202) 307-0765 or askbjs@ojp.usdoj.gov",,,
"Date version: 11/16/03",,,
,,,
"Table 30.  Of sex offenders released from prison in 1994, percent rearrested for any new sex crime, by type of sex offender and prior arrest for any sex crime",,,
,,,
"Arrest prior to 1994 release","All","Rapists","Sexual assaulters"
,,,
,"Percent rearrested for any new sex crime within 3 years",,
"     Total",5.3,5.0,5.5
"",,,
"The arrest responsible for their being in prison in 1994 was ---*",,,
"  Their first arrest for any sex crime",4.2,4.0,4.2
"  Not their first arrest for any sex crime",8.3,7.4,8.7
,,,
,"Percent of released prisoners",,
"     Total",100,100,100
,,,
"The arrest responsible for their being in prison in 1994 was ---*",,,
"  Their first arrest for any sex crime",71.5,71.3,71.6
"  Not their first arrest for any sex crime",28.5,28.7,28.4
,,,
"     Total released",9691,3115,6576
,,,
"NOTE:  The 9,691 sex offenders were released in 15 States.",,,
"*By definition, all sex offenders had at least 1 arrest prior to their release: namely, the arrest responsible for their being in prison in 1994.   ""First arrest for any sex crime""",,,
"pertains exclusively to those released prisoners whose first such arrest was the sex offense arrest responsible for their being in prison in 1994.",,,
"",,,
