"Bureau of Justice Statistics",,,
"Filename: rsor9423.csv",,,
"Table 23.  Of sex offenders released from prison in 1994, percent rearrested for any new sex crime, by type of sex offender and time after release",,,
"Title of Report: Recidivism of sex offenders released from prison in 1994; NCJ 198281",,,
"Database titled ""Recidivism of Prisoners Released in 1994""",,,
"Authors:  Patrick Langan, Erica Schmitt, Matthew Durose",,,
"Refer questions to:   (202) 307-0765 or askbjs@ojp.usdoj.gov",,,
"Date version: 11/16/03",,,
,,,
"Table 23.  Of sex offenders released from prison in 1994, percent rearrested for any new sex crime, by type of sex offender and time after release",,,
,,,
,"Cumulative percent rearrested for any new sex crime within specified time",,
"Time after 1994 release","All","Rapists","Sexual assaulters"
"  6 months",1.4,1.3,1.4
"  1 year",2.1,2.0,2.2
"  2 years",3.9,3.7,4.1
"  3 years",5.3,5.0,5.5
,,,
"     Total released",9691,3115,6576
,,,
"NOTE: The 9,691 sex offenders were released in 15 States. ",,,
