"Bureau of Justice Statistics",,
"Filename: rsor9438.csv",,
"Table 38.  Among child molesters released from prison in 1994, the molester's age when he committed the crime that resulted in his imprisonment, the child's age, and percent rearrested for another sex crime against a child",,
"Title of Report: Recidivism of sex offenders released from prison in 1994; NCJ 198281",,
"Database titled ""Recidivism of Prisoners Released in 1994""",,
"Authors:  Patrick Langan, Erica Schmitt, Matthew Durose",,
"Refer questions to:   (202) 307-0765 or askbjs@ojp.usdoj.gov",,
"Date version: 11/16/03",,
,,
"Table 38.  Among child molesters released from prison in 1994, the molester's age when he committed the crime that resulted in his imprisonment, the child's age, and percent rearrested for another sex crime against a child",,
,,
"Age characteristic","Percent of total","Percent of released child molesters rearrested for a new sex crime against a child within 3 years"
,,
"Child molester's age when he committed the sex crime for which imprisoned/a",,
"  18-24",19.7,4.1
"  25-29",17.4,3.1
"  30-34",18.7,3.3
"  35-39",16.3,1.2
"  40-44",11.5,2.8
"  45 or older",16.4,3.0
,,
"Age of child he was imprisoned for molesting/b",,
"  13 or younger",60.3,2.8
"  14-15",30.5,3.7
"  16-17",9.2,1.2
,,
"How much older he was than the child he was imprisoned for molesting",,
"  4 years older or less",3.9,"4.9*"
"  5 to 9 years older",13.6,3.6
"  10 to 19 years older",34.1,3.2
"  20 or more years older",48.3,2.5
,,
"     Total first releases",3104,3104
,,
"NOTE:  The 3,104 child molesters were released in 13 States.  Figures are based on first releases only.  First releases include only those offenders leaving prison",,
"for the first time since beginning their sentence.  First releases exclude those who left prison in 1994 but who had previously been released under the same sentence",,
"and had returned to prison for violating the conditions of release.  Data identifying the child molester's age were reported for 100% of the released child molesters.",,
"Data identifying the approximate age of the child were reported for 88%.",,
"a/  The molester's age at the time of the crime for which imprisoned was estimated by subtracting 6 months (the approximate average time from arrest to sentencing)",,
"from his age at admission to prison.",,
"b/  The approximate age of the child ""he was imprisoned for molesting"" was usually obtained from the State statute the molester was convicted of violating.",,
"*Percentage based on 10 or fewer cases.",,
