"Bureau of Justice Statistics",,
"Filename: rsor9422.csv",,
"Table 22.  Of child molesters and statutory rapists released from prison in 1994, percent rearrested and percent reconvicted for any new sex crime",,
"Title of Report: Recidivism of sex offenders released from prison in 1994; NCJ 198281",,
"Database titled ""Recidivism of Prisoners Released in 1994""",,
"Authors:  Patrick Langan, Erica Schmitt, Matthew Durose",,
"Refer questions to:   (202) 307-0765 or askbjs@ojp.usdoj.gov",,
"Date version: 11/16/03",,
,,
"Table 22.  Of child molesters and statutory rapists released from prison in 1994, percent rearrested and percent reconvicted for any new sex crime",,
,,
,"Child molesters","Statutory rapists"
,,
"Percent rearrested for any new sex crime within 3 years",5.1,5.0
,,
"Percent reconvicted for any new sex crime within 3 years*",3.5,3.6
,,
"     Total released",4295,443
,,
"NOTE: The 4,295 child molesters were released in 15 States; the 443 statutory rapists, 11 States.  Because of overlapping definitions, all statutory rapists also appear under the column ""child molesters.""",,
"*Because of missing data, prisoners released in Ohio were excluded from the calculation of percent reconvicted. Due to data quality concerns, calculation of percent reconvicted",,
"excluded Texas prisoners classified as other type of release.",,
