"Bureau of Justice Statistics",,,
"Filename: rsor9405.csv",,,
"Table 5.  Prior criminal record of sex offenders released from prison in 1994, by type of sex offender",,,
"Title of Report: Recidivism of sex offenders released from prison in 1994; NCJ 198281",,,
"Database titled ""Recidivism of Prisoners Released in 1994""",,,
"Authors:  Patrick Langan, Erica Schmitt, Matthew Durose",,,
"Refer questions to:   (202) 307-0765 or askbjs@ojp.usdoj.gov",,,
"Date version: 11/16/03",,,
,,,
"Table 5.  Prior criminal record of sex offenders released from prison in 1994, by type of sex offender",,,
,,,
"Prior to the sex crime for which imprisoned","All","Rapists","Sexual assaulters"
,,,
"Percent with at least 1 prior arrest for ---/a",,,
"  Any crime",78.5,83.1,76.3
"  Any sex offense",28.5,28.7,28.4
"  Sex offense against a child",10.3,5.7,12.5
,,,
"Prior arrests for any crime/a",,,
"  Mean",4.5,5.0,4.2
"  Median",3,3,2
,,,
"Percent with at least 1 prior conviction for ---/a",,,
"  Any crime",58.4,62.9,56.2
"  Any sex offense",13.9,14.6,13.5
"  Sex offense against a child",4.6,3.4,5.2
,,,
"Prior convictions for any crime/a",,,
"  Mean",1.8,2.0,1.7
"  Median",1,1,1
,,,
"Percent with prior prison sentence for any crime/a",23.7,28.0,21.6
,,,
"Percent who were first releases/b",74.9,66.9,78.7
,,,
"    Total released",9691,3115,6576
,,,
"NOTE:  The 9,691 sex offenders were released in 15 States.",,,
"a/""Prior"" does not include the arrest, conviction, or prison sentence that was the reason the sex offenders were in prison in 1994.  Persons with no prior arrest or prior convictions are coded zero",,,
"and are included in the calculations of mean and median priors.  Calculation of prior convictions excludes Ohio, and calculation of prior prison sentences excludes Ohio and Virginia.",,,
"b/ Data on first releases are based on releases from 13 States.  First releases include only those offenders leaving prison for the first time since beginning their sentence.",,,
"First releases exclude those who left prison in 1994 but who had previously been released under the same sentence and had returned to prison for violating the conditions of release.",,,
