"Bureau of Justice Statistics",,,
"Filename: rsor9439.csv",,,
"Table 39.  Where sex offenders were rearrested for a new sex crime against a child following their release from prison in 1994, by type of sex offender",,,
"Title of Report: Recidivism of sex offenders released from prison in 1994; NCJ 198281",,,
"Database titled ""Recidivism of Prisoners Released in 1994""",,,
"Authors:  Patrick Langan, Erica Schmitt, Matthew Durose",,,
"Refer questions to:   (202) 307-0765 or askbjs@ojp.usdoj.gov",,,
"Date version: 11/16/03",,,
,,,
"Table 39.  Where sex offenders were rearrested for a new sex crime against a child following their release from prison in 1994, by type of sex offender",,,
,,,
,"Percent of rearrested prisoners",,
"State where rearrested within 3 years","All","Rapists","Sexual assaulters"
,,,
"     Total rearrested",100,100,100
,,,
"Same State where released",86.3,86.5,86.3
"Another State",13.7,13.5,13.7
,,,
"     Total rearrested for a new sex crime against a child",209,44,165
,,,
"NOTE:  The 209 rearrested sex offenders were released in 10 States, but table percentages are based on 9 States.",,,
,,,
,,,
,,,
,,,
,,,
,,,
,,,
,,,
" ",,,
