"Bureau of Justice Statistics",,
"Filename: rsor9424.csv",,
"Table 24.  Of child molesters and statutory rapists released from prison in 1994, percent rearrested for any new sex crime, by time after release",,
"Title of Report: Recidivism of sex offenders released from prison in 1994; NCJ 198281",,
"Database titled ""Recidivism of Prisoners Released in 1994""",,
"Authors:  Patrick Langan, Erica Schmitt, Matthew Durose",,
"Refer questions to:   (202) 307-0765 or askbjs@ojp.usdoj.gov",,
"Date version: 11/16/03",,
,,
"Table 24.  Of child molesters and statutory rapists released from prison in 1994, percent rearrested for any new sex crime, by time after release",,
,,
,"Cumulative percent rearrested for any new sex crime within specified time",
"Time after 1994 release","Child molesters","Statutory rapists"
"  6 months",1.3,1.4
"  1 year",2.2,2.0
"  2 years",3.9,3.2
"  3 years",5.1,5.0
,,
"     Total released",4295,443
,,
"Note: The 4,295 child molesters were released in 15 States; the 443 statutory rapists, 11 States. Because of overlapping definitions, all statutory rapists also appear under the column ""child molesters.""",,
