"Bureau of Justice Statistics",,
"Filename: rsor9442.csv",,
"Table 42.  Rearrest rate of child molesters and statutory rapists released from prison in 1994, by charge at rearrest",,
"Title of Report: Recidivism of sex offenders released from prison in 1994; NCJ 198281",,
"Database titled ""Recidivism of Prisoners Released in 1994""",,
"Authors:  Patrick Langan, Erica Schmitt, Matthew Durose",,
"Refer questions to:   (202) 307-0765 or askbjs@ojp.usdoj.gov",,
"Date version: 11/16/03",,
,,
"Table 42.  Rearrest rate of child molesters and statutory rapists released from prison in 1994, by charge at rearrest",,
,,
,"Percent rearrested for specified offense within 3 years",
"Rearrest charge","Child molesters","Statutory rapists"
,,
"All charges/a",39.4,49.9
,,
"Violent offenses/b",14.1,21.2
"  Homicide/c",0.4,0.7
"  Sex offense/d",5.1,5.0
"      Rape",1.3,1.6
"      Sexual assault",4.4,3.6
"  Robbery",1.7,4.3
"  Assault",7.1,12.6
,,
"Property offenses/e",10.6,22.6
"  Burglary",2.8,4.3
"  Larceny/theft",4.6,10.8
"  Motor vehicle theft",1.5,3.8
"  Fraud",1.9,3.6
,,
"Drug offenses/f",8.6,12.0
,,
"Public-order offenses/g",20.0,27.1
,,
"Other offenses",7.8,4.3
,,
"     Total released",4295,443
,,
"Note: The 4,295 child molesters were released in 15 States; the 443 statutory rapists, 11 States.  Because of overlapping definitions, all statutory rapists also appear under the column ""child molesters.""",,
"Detail may not add to totals because persons may be rearrested for more than one type of charge.",,
"a/ All offenses include any offense type listed in footnotes b through f plus ""other"" and ""unknown"" offenses.",,
"b/ Total violent offenses include homicide, kidnaping, rape, other sexual assault, robbery, assaults, and other violence.",,
"c/ Homicide includes murder, voluntary manslaughter, vehicular manslaughter, negligent manslaughter, nonnegligent manslaughter, unspecified manslaughter,",,
"and unspecified homicide.",,
"d/Includes both rape and sexual assault.",,
"e/ Total property offenses include burglary, larceny, motor vehicle theft, fraud, forgery, embezzlement, arson, stolen property, and other forms of property offenses.",,
"f/ Drug offenses include drug trafficking, drug possession, and other forms of drug offenses.",,
"g/ Public order offenses include traffic offenses, weapon offenses, probation and parole violations, court-related offenses, disorderly conduct, and other such offenses.",,
"",,
