"Bureau of Justice Statistics",,,,,,
"Filename:  ppus0208.csv",,,,,,
"Table 8:  Total under adult correctional supervision and number supervised per 100,000 adult residents, by jurisdiction, yearend 2002",,,,,,
"Report Title:  Probation and Parole in the United States, 2002 NCJ 201135",,,,,,
"Data source:  Annual Probation Survey (CJ-8) and Annual Parole Survey (CJ-7)",,,,,,
"Refer questions to:  askbjs@ojp.usdoj.gov  202-307-0765",,,,,,
"Authors:  Lauren Glaze",,,,,,
"Date of version:  07/28/03",,,,,,
,,,,,,
"Table 8. Total adult correctional supervision and number supervised per 100,000 adult residents, by jurisdiction, yearend 2002",,,,,,
"Region and jurisdiction","Total under correctional supervision, 12/31/02","Number on probation or parole /a","Number in prison or jail","Supervision rate per 100,000 adults /b","Percent of correctional population incarcerated",
"      U.S. total",6732400,4698000,2034300,3125,30.2,"%"
"    Federal",272500,114300,158200,126,58.1,"%"
"    State",6459900,4583700,1876100,2999,29.0,
"  Northeast",1051200,778700,272500,2545,25.9,"%"
"    Connecticut",72000,53200,18700,2747,26.0,
"    Maine",12600,9500,3100,1275,24.7,
"    Massachusetts",70900,47700,23200,1434,32.7,
"    New Hampshire",9200,4700,4500,960,49.2,
"    New Jersey",190400,146200,44200,2923,23.2,
"    New York",357000,254000,102900,2448,28.8,
"    Pennsylvania",299500,228500,71000,3179,23.7,
"    Rhode Island",27700,24300,3500,3390,12.5,
"    Vermont",11900,10600,1400,2554,11.4,
"  Midwest",1392100,1040300,351900,2866,25.3,"%"
"    Illinois",238900,177000,61900,2542,25.9,
"    Indiana",147300,112500,34800,3213,23.6,
"    Iowa",37900,26300,11600,1711,30.6,
"    Kansas",34000,19200,14800,1692,43.5,
"    Michigan",257000,189900,67100,3443,26.1,
"    Minnesota",136200,124000,12200,3654,8.9,
"    Missouri",106500,68100,38400,2515,36.0,
"    Nebraska",26300,19700,6600,2050,25.0,
"    North Dakota",5000,3300,1700,1055,33.6,
"    Ohio",291900,227400,64500,3412,22.1,
"    South Dakota",10700,6600,4100,1919,38.3,
"    Wisconsin",100400,66100,34300,2469,34.2,
"  South",2642800,1812100,830700,3422,31.4,"%"
"    Alabama",80800,43500,37300,2405,46.2,
"    Arkansas",56300,39700,16600,2783,29.5,
"    Delaware",27700,20800,6900,4557,25.0,
"    District of Columbia /c",17400,14400,3000,3761,17.4,
"    Florida",427100,295100,132000,3314,30.9,
"    Georgia",470100,387800,82300,7448,17.5,
"    Kentucky",55100,30400,24700,1783,44.8,
"    Louisiana",103600,56600,47100,3166,45.4,
"    Maryland",121200,85200,36100,2973,29.8,
"    Mississippi",42700,17600,25100,2038,58.7,
"    North Carolina",164100,115700,48300,2601,29.5,
"    Oklahoma",62100,32800,29200,2389,47.1,
"    South Carolina",78000,45200,32800,2536,42.1,
"    Tennessee",88600,49800,38900,2024,43.9,
"    Texas",737400,526600,210900,4682,28.6,
"    Virginia",96900,44900,52000,1753,53.7,
"    West Virginia",13700,6300,7400,980,54.1,
"  West",1373700,952700,421100,2842,30.7,"%"
"    Alaska",9900,5500,4400,2186,44.8,
"    Arizona",116100,74200,41900,2896,36.1,
"    California",711200,471300,239900,2756,33.7,
"    Colorado",89300,60400,28800,2646,32.3,
"    Hawaii",24400,19300,5100,2587,20.8,
"    Idaho",42200,33300,8900,4396,21.1,
"    Montana",12100,7500,4500,1777,37.5,
"    Nevada",32700,16300,16500,2030,50.3,
"    New Mexico",25600,13600,12000,1904,46.9,
"    Oregon",83100,65000,18000,3129,21.7,
"    Utah",22200,12300,9900,1394,44.6,
"    Washington",197200,168900,28300,4348,14.4,
"    Wyoming",7900,5200,2700,2142,34.6,
"Note: Counts are for December 31, 2002, except for jail counts which were for June 28.  Jail counts by State were estimated based on the ""Census of Jails, 1999,"" and the ""'Annual Survey of Jails, 2000, 2001, and 2002.""  Counts were rounded",,,,,,
"to the nearest 100.",,,,,,
"-- Not calculated.",,,,,,
"a/ Excludes by State and region 29,325 probationers in jail and 20,939 probationers in prison.",,,,,,
"b/ Based on the estimated number of adult State residents on December 31, 2002, using the ""2000 Census of Population and Housing"" and adjusting for population change since April 2000.",,,,,,
"c/ Excludes inmates held by the Federal Bureau of Prisons.",,,,,,
