"Bureau of Justice Statistics",,,,
"Filename:  ppus0203.csv",,,,
"Table 3:  Change in the number of adults on probation, 1995-2002",,,,
"Report Title:  Probation and Parole in the United States, 2002 NCJ 201135",,,,
"Data source:  Annual Probation Survey (CJ-8) and Annual Parole Survey (CJ-7)",,,,
"Refer questions to:  askbjs@ojp.usdoj.gov  202-307-0765",,,,
"Authors:  Lauren Glaze",,,,
"Date of version:  07/28/03",,,,
,,,,
"Table 3.  Change in the number of adults on probation, 1995-2002",,,,
,,"Annual increase",,
"Year","Number",,"Percent change",
"1995",96839,,3.2,"%"
"1996",87135,,2.8,
"1997",101841,,3.2,
"1998/a",121100,,3.7,
"1999/a",109481,,3.0,
"2000",46287,,1.2,
"2001",105522,,2.8,
"2002",63434,,1.6,
"Total increase, 1995-2002/b",,,,
,917304,,29.8,"%"
"Average annual increase, 1995-2002/c",,,,
"1995-2002/c",104401,,3.1,"%"
"a/ Survey coverage was expanded to include 186 additional agencies in 1998 and 1999.  Annual increase reflect comparable reporting agencies in each year.",,,,
"b/ Based on the overall survey counts in 1995 and 2002.",,,,
"c/ Based on comparable reporting agencies, excluding 186,497 probationers in 2002 who were in agencies added since 1995.",,,,
