"Bureau of Justice Statistics",,,,,,
"Filename:  ppus0204.csv",,,,,,
"Table 4:  Characteristics of adults on probation, 1995, 2000, and 2002",,,,,,
"Report Title:  Probation and Parole in the United States, 2002 NCJ 201135",,,,,,
"Data source:  Annual Probation Survey (CJ-8) and Annual Parole Survey (CJ-7)",,,,,,
"Refer questions to:  askbjs@ojp.usdoj.gov  202-307-0765",,,,,,
"Authors:  Lauren Glaze",,,,,,
"Date of version:  07/28/03",,,,,,
,,,,,,
"Table 4.  Characteristics of adults on probation, 1995, 2000, and 2002",,,,,,
"Characteristics of adults on probation",1995,,2000,,2002,
"       Total",100,"%",100,"%",100,"%"
"Gender",,,,,,
"     Male",79,"%",78,"%",77,"%"
"     Female",21,,22,,23,
"Race ",,,,,,
"     White",53,"%",54,,55,"%"
"     Black",31,,31,,31,
"     Hispanic ",14,,13,,12,
"     American Indian/",,,,,,
"        Alaskan Native",1,,1,,1,
"     Asian/Pacific Islander /a","--",,1,,1,
"Status of probation",,,,,,
"     Direct imposition",48,"%",56,"%",60,"%"
"     Split sentence",15,,11,,9,
"     Sentence suspended ",26,,25,,22,
"     Imposition suspended",6,,7,,9,
"     Other",4,,1,,1,
"Status of supervision",,,,,,
"     Active",79,"%",76,"%",75,"%"
"     Inactive ",8,,9,,10,
"     Absconded ",9,,9,,11,
"     Supervised out of State",2,,3,,2,
"     Other",2,,3,,2,
"Type of offense ",,,,,,
"     Felony",54,"%",52,"%",50,"%"
"     Misdemeanor",44,,46,,49,
"     Other infractions",2,,2,,1,
"Most serious offense",,,,,,
"     Sexual assault ","**",,"**",,2,"%"
"     Domestic violence","**",,"**",,7,
"     Other assault","**",,"**",,10,
"     Burglary","**",,"**",,8,
"     Larceny/theft","**",,"**",,13,
"     Fraud","**",,"**",,5,
"     Drug law violations","**",,24,,24,
"     Driving while intoxicated",16,,18,,17,
"     Minor traffic offenses","**",,6,,6,
"     Other",84,,52,,8,
"Adults entering probation",,,,,,
"     Without incarceration",72,"%",79,"%",83,"%"
"     With incarceration",13,,16,,14,
"     Other",15,,5,,2,
"Adults leaving probation",,,,,,
"     Successful completions",62,"%",60,"%",62,"%"
"     Returned to incarceration",21,,15,,14,
"          With new sentence",5,,3,,3,
"          With same sentence",13,,8,,6,
"          Unknown",3,,4,,4,
"     Absconder/b","**",,3,,3,
"     Other unsuccessful/b","**",,11,,13,
"     Death",1,,1,,"--",
"     Other",16,,11,,9,
"Note:  For every characteristic there were persons of unknown status or type.  Detail may not sum to total because of rounding.",,,,,,
"**  Not available.",,,,,,
"--  Less than 0.5%",,,,,,
"a/ Includes Native Hawaiians.",,,,,,
"b/ In 1995 absconder and other unsuccessful status were reported among ""other.""",,,,,,
