"Bureau of Justice Statistics",,,,,,,,,,,,,
"Filename:  cf01t7_16.csv",,,,,,,,,,,,,
"Table 7.16.  Mean time served to first release from Federal prison for prisoners released by standard methods, by offense and offender characteristics, October 1, 2000 - September 30, 2001",,,,,,,,,,,,,
"Report title:  Compendium of Federal Justice Statistics, 2001   NCJ 201627",,,,,,,,,,,,,
"Data source:  Federal justice statistics database maintained by The Urban Institute",,,,,,,,,,,,,
"Author:  Urban Institute under the supervision of BJS",,,,,,,,,,,,,
"Refer  questions to:  askbjs@ojp.usdoj.gov  202-307-0765",,,,,,,,,,,,,
"Date of version: 11/25/03",,,,,,,,,,,,,
,,,,,,,,,,,,,
,,,,,,,,,,,,,
"Table 7.16.  Mean time served to first release from Federal prison for prisoners released by standard methods, by offense and offender characteristics, October 1, 2000 - September 30, 2001",,,,,,,,,,,,,
,,"",,,,,,,,,,,
,,,,,"Mean time served for/a--",,,,,,,,
,,,,,,,"Property offenses",,,"Public-order offenses",,,
"Offender characteristic",,,,"Number of prisoners released","All offenses","Violent offenses","Fraudulent","Other","Drug offenses","Regulatory","Other","Weapon offenses","Immigration offenses"
,,,"All prisoners/b",39428,29.3,54.8,15.8,17.5,41.8,19.8,25.4,43.7,15.2
"Male/Female",,,,,,,,,,,,,
,"Male",,,34908,30.3,56.8,16.9,18.9,43.5,20.5,26.1,44.0,15.6
,"Female",,,4474,20.9,31.3,11.4,10.6,30.6,15.7,18.8,32.6,8.1
"Race",,,,,,,,,,,,,
,"White",,,29479,25.4,57.8,15.8,18.2,36.3,19.0,24.2,40.7,14.9
,"Black",,,8603,42.0,55.3,15.5,16.0,55.4,22.5,27.8,47.5,27.5
,"Native American",,,524,35.5,44.6,16.0,17.4,31.1,11.1,18.1,27.9,13.8
,"Asian/Pacific Islander",,,776,30.7,39.1,16.2,19.5,51.9,21.7,30.6,37.2,20.0
"Ethnicity",,,,,,,,,,,,,
,"Hispanic",,,19036,23.4,59.6,13.1,13.8,36.0,17.4,29.0,37.1,14.7
,"Non-Hispanic",,,20346,34.8,54.2,16.3,18.2,47.2,20.5,24.6,44.8,21.8
"Age",,,,,,,,,,,,,
,"Less than 19 years",,,329,22.2,41.5,11.3,17.4,24.8,12.9,63.1,58.1,5.5
,"19-20 years",,,1894,25.6,51.2,12.2,15.7,32.8,20.5,22.2,42.4,8.2
,"21-30 years",,,16172,28.5,53.5,13.7,18.9,40.3,21.4,27.1,43.6,13.8
,"31-40 years",,,12030,31.0,61.0,15.9,20.3,44.4,20.5,25.8,45.2,18.1
,"Over 40 years",,,8957,29.2,51.1,17.5,14.3,44.1,18.0,23.7,41.5,16.8
"Citizenship",,,,,,,,,,,,,
,"U.S. citizen",,,20627,34.4,55.1,16.4,17.0,43.8,21.4,24.3,44.6,11.9
,"Not U.S. citizen",,,18614,23.7,46.6,13.7,24.2,39.2,14.9,32.4,35.3,15.4
,,,,,,,,,,,,,
"--Too few cases to obtain statistically reliable data.",,,,,,,,,,,,,
"(SEE PRINTED REPORT FOR FOOTNOTES)",,,,,,,,,,,,,
