"Bureau of Justice Statistics",,,,,,,,
"Filename:  cf01t3_02.csv",,,,,,,,
"Table 3.2.  Type of pretrial release, by offense, October 1, 2000 - September 30, 2001",,,,,,,,
"Report title:  Compendium of Federal Justice Statistics, 2001   NCJ 201627",,,,,,,,
"Data source:  Federal justice statistics database maintained by The Urban Institute",,,,,,,,
"Author:  Urban Institute under the supervision of BJS",,,,,,,,
"Refer  questions to:  askbjs@ojp.usdoj.gov  202-307-0765",,,,,,,,
"Date of version: 11/25/03",,,,,,,,
,,,,,,,,
,,,,,,,,
"Table 3.2.  Type of pretrial release, by offense, October 1, 2000 - September 30, 2001",,,,,,,,
,,,,,,,,
,,"Of defendants released at any time prior to case disposition, percent released on--",,,,,,
,,,,,,,"Number of defendants",
"Most serious offense charged","Percent released","Financial/a","Unsecured bond","Personal recognizance","Conditional release",,"Released","All defendants"
"          All offenses/b",45.9,18.2,47.2,28.2,6.3,,31320,68214
"Violent offenses",36.3,6.6,36.0,47.9,9.6,,1170,3225
"    Murder/c",30.2,2.1,22.9,75.0,0.0,,48,159
"    Negligent manslaughter",78.6,0.0,0.0,100.0,0.0,,11,14
"    Assault",63.2,3.5,27.4,51.4,17.8,,518,820
"    Robbery",22.1,11.3,53.2,31.1,4.4,,408,1845
"    Sexual abuse/c",58.9,4.7,25.5,69.1,0.7,,149,253
"    Kidnaping",26.0,11.5,38.5,46.2,3.8,,26,100
"    Threats against the President",29.4,"--","--","--","--",,10,34
"Property offenses",78.4,10.2,54.8,33.0,2.0,,10322,13170
"    Fraudulent",78.4,11.1,58.4,29.4,1.2,,8120,10361
"Embezzlement",92.7,3.4,55.3,39.3,2.0,,1292,1394
"Fraud/c",76.6,13.0,57.6,28.4,1.1,,5775,7541
"Forgery",77.9,8.6,65.4,25.9,0.0,,162,208
"Counterfeiting",73.2,10.2,66.8,22.2,0.8,,891,1218
"    Other",78.4,7.0,41.7,46.3,5.0,,2202,2809
"Burglary",48.8,6.5,33.9,59.7,0.0,,62,127
"Larceny/c",84.3,6.0,39.7,48.6,5.8,,1773,2103
"Motor vehicle theft",52.0,15.3,55.1,28.0,1.7,,118,227
"Arson and explosives",59.8,8.2,63.0,28.8,0.0,,73,122
"Transportation of stolen property",73.8,16.8,57.0,26.2,0.0,,107,145
"Other property offenses/c",81.2,4.3,31.9,58.0,5.8,,69,85
"Drug offenses",40.9,29.3,46.3,20.5,4.0,,10968,26802
"Trafficking",39.8,30.4,48.2,18.1,3.3,,9740,24458
"Other drug offenses",52.4,20.6,31.1,39.3,9.0,,1228,2344
"Public-order offenses",71.8,11.0,39.3,35.5,14.3,,5227,7275
"Regulatory",69.6,14.1,46.0,34.7,5.2,,1591,2286
"Agriculture",98.1,1.9,33.7,52.9,11.5,,104,106
"Antitrust","--","--","--","--","--",,9,9
"Food and drug",86.0,16.3,46.5,30.2,7.0,,43,50
"Transportation",76.5,5.8,44.2,46.2,3.8,,52,68
"Civil rights",83.1,10.9,70.3,18.8,0.0,,64,77
"Communications",91.2,8.1,54.8,37.1,0.0,,62,68
"Custom laws",77.2,31.0,49.3,19.7,0.0,,71,92
"Postal laws",91.9,2.2,56.2,36.5,5.1,,137,149
"Other regulatory offenses",62.9,16.6,43.9,34.1,5.4,,1049,1667
"Other",72.9,9.6,36.4,35.8,18.2,,3636,4989
"Tax law violations/c",96.8,4.8,60.9,33.5,0.8,,516,533
"Bribery",84.3,22.5,45.0,32.6,0.0,,129,153
"Perjury, contempt, and intimidation",68.8,13.1,56.2,29.2,1.5,,137,199
"National defense",76.5,15.4,32.3,9.2,43.1,,65,85
"Escape",14.8,19.6,40.2,30.4,9.8,,92,621
"Racketeering and extortion",57.1,34.4,47.4,16.7,1.4,,424,743
"Gambling",97.8,11.4,45.5,43.2,0.0,,44,45
"Liquor offenses","--","--","--","--","--",,7,7
"Nonviolent sex offenses",74.4,11.1,45.6,32.1,11.1,,467,628
"Obscene material/c",80.7,15.2,71.7,10.9,2.2,,46,57
"Traffic offenses",93.6,1.0,16.9,41.0,41.0,,1145,1223
"Migratory birds",100.0,0.0,21.4,60.7,17.9,,28,28
"All other offenses/c",80.4,5.0,27.2,51.7,16.0,,536,667
"Weapon offenses",45.1,14.9,53.8,29.5,1.8,,1900,4214
"Immigration offenses",12.4,30.5,32.6,10.0,26.8,,1658,13405
,,,,,,,,
"Note:  Released defendants include some defendants who were also detained prior to trial.  Total also includes defendants for whom release ",,,,,,,,
"status data were unavailable.  Percentages in these tables are not directly comparable to those in the 1993 and prior compendia; see Chapter notes, items 1 and 2, p. 50.",,,,,,,,
"--Too few cases to obtain statistically reliable data.",,,,,,,,
"a\ Includes deposit bond, surety bond, and collateral bond.",,,,,,,,
"b\ Includes 138 defendants for whom an offense category could not be determined, 98 of whom were released.",,,,,,,,
"c\ In this table, ""Murder"" includes nonnegligent manslaughter; ""Sexual abuse"" includes only violent sex offenses; ""Fraud"" excludes tax fraud; ""Larceny"" excludes transportation of stolen property; ""Other property offenses"" excludes fraudule",,,,,,,,
"of property and trespassing; ""Tax law violations"" includes tax fraud; ""Obscene material"" denotes the mail or transport thereof; and ""All other offenses"" includes offenses with unclassifiable offense type.",,,,,,,,
