"Bureau of Justice Statistics",,,,,,,,,,,
"Filename:  cf01t1_02.csv",,,,,,,,,,,
"Table 1.2.  Arrests for Federal offenses and booked by USMS, by Federal law enforcement agency, October 1, 2000 - September 30, 2001",,,,,,,,,,,
"Report title:  Compendium of Federal Justice Statistics, 2001   NCJ 201627",,,,,,,,,,,
"Data source:  Federal justice statistics database maintained by The Urban Institute",,,,,,,,,,,
"Author:  Urban Institute under the supervision of BJS",,,,,,,,,,,
"Refer  questions to:  askbjs@ojp.usdoj.gov  202-307-0765",,,,,,,,,,,
"Report title:  Compendium of Federal Justice Statistics",,,,,,,,,,,
"Date of version: 11/25/03",,,,,,,,,,,
,,,,,,,,,,,
"Table 1.2.  Arrests for Federal offenses and booked by USMS, by Federal law enforcement agency, October 1, 2000 - September 30, 2001",,,,,,,,,,,
,,,,,,,,,,,
,"Most serious offense at arrest",,,,,,,,,,
,,,"                   Property",,"","             Public-order",,,,,
"Arresting agency/a","All offenses/b","Violent","Fraudulent","Other","Drug","Regulatory","Other","Weapon","Immigration","Supervision violations","Material witness"
"        All agencies",118896,4843,13397,3427,33589,687,8469,6007,24794,18978,3679
"Department of Agriculture",107,0,41,7,15,21,18,3,0,1,0
"Department of Defense",524,22,45,58,35,2,339,6,1,9,0
"Department of the Interior",891,96,13,46,96,55,357,30,2,154,0
"    Indian Affairs",170,69,1,12,35,0,12,5,1,35,0
"    Park Police",721,27,12,34,61,55,345,25,1,119,0
"Department of Justice",84027,3679,5804,1552,20933,240,4729,2253,24547,15937,3627
"    Drug Enforcement Administration",11778,34,64,8,11400,27,80,68,13,34,14
"    Federal Bureau of Investigation",11573,2356,2955,563,3638,78,1431,260,24,138,44
"    Immigration and Naturalization Service",28308,33,382,23,324,0,400,79,23412,260,3371
"    Marshals Service",32336,1253,2403,956,5568,135,2810,1846,1097,15498,198
"    Other DOJ",32,3,0,2,3,0,8,0,1,7,0
"Department of State",308,0,273,2,3,0,4,0,24,2,0
"Department of the Treasury",14070,115,2427,165,7714,17,590,2839,77,62,15
"    Alcohol, Tobacco, and Firearms",3666,55,75,59,594,5,48,2791,5,11,5
"    Customs Service",7772,13,203,40,7057,10,287,36,62,39,8
"    Internal Revenue Service",470,4,189,4,51,0,211,1,5,0,2
"    Secret Service",2162,43,1960,62,12,2,44,11,5,12,0
"Federal judiciary",612,10,257,156,35,0,42,7,16,78,3
"U.S. Postal Service",1226,25,622,404,59,3,96,4,0,5,0
"Other",17131,896,3915,1037,4699,349,2294,865,127,2730,34
"    State and local",4879,571,126,211,1915,15,515,420,39,1001,19
"    Task force",1367,6,23,3,1245,2,21,30,7,22,1
"    Self-report, subpoena",8427,150,3251,674,1074,201,1221,295,38,1467,3
"    Other",2458,169,515,149,465,131,537,120,43,240,11
,,,,,,,,,,,
,,,,,,,,,,,
"a\ This table displays data by the arresting Federal agency.  The arresting agency may be different from the Federal agency that initiated the investigation involving the arrestee.  Statistics describing agencies initiating investigations ",,,,,,,,,,,
"b\ Includes 1,026 suspects for whom an offense category could not be determined.",,,,,,,,,,,
