"Bureau of Justice Statistics",,,,,,,,,
"Filename:  cf01t2_05.csv",,,,,,,,,
"Table 2.5.  Disposition of matters declined for prosecution by U.S. attorneys, by offense, October 1, 2000 - September 30, 2001",,,,,,,,,
"Report title:  Compendium of Federal Justice Statistics, 2001   NCJ 201627",,,,,,,,,
"Data source:  Federal justice statistics database maintained by The Urban Institute",,,,,,,,,
"Author:  Urban Institute under the supervision of BJS",,,,,,,,,
"Refer  questions to:  askbjs@ojp.usdoj.gov  202-307-0765",,,,,,,,,
"Date of version: 11/25/03",,,,,,,,,
,,,,,,,,,
"Table 2.5.  Disposition of matters declined for prosecution by U.S. attorneys, by offense, October 1, 2000 - September 30, 2001",,,,,,,,,
,,,,,,,,,
,"Number of suspects in declined matters",,,,,"Percent of suspects in declined matters",,,
"Most serious offense investigated/a","Total/b","Referred or handled in other prosecution/c","Resolved with restitution, civil/ administrative procedure, pre-trial diversion","Other",,"Total/b","Referred or handled in other prosecution/c","Resolved with restitution, civil/ administrative procedure, pre-trial diversion","   Other"
"          All offenses/d",32250,6430,1192,24028,,100,20.3,3.8,75.9
"Violent offenses",2046,405,52,1562,,100,20.1,2.6,77.4
"    Murder/e",191,17,2,170,,100,9.0,1.1,89.9
"    Assault",566,78,34,450,,100,13.9,6.0,80.1
"    Robbery",558,215,5,324,,100,39.5,0.9,59.6
"    Sexual abuse/e",441,46,6,386,,100,10.5,1.4,88.1
"    Kidnaping",140,45,2,89,,100,33.1,1.5,65.4
"    Threats against the President",150,4,3,143,,100,2.7,2.0,95.3
"Property offenses",11720,1566,763,9321,,100,13.4,6.5,80.0
"    Fraudulent",10557,1368,711,8417,,100,13.0,6.8,80.2
"        Embezzlement",1337,112,200,1011,,100,8.5,15.1,76.4
"        Fraud/e",8528,1107,463,6914,,100,13.0,5.5,81.5
"        Forgery",520,113,44,362,,100,21.8,8.5,69.7
"        Counterfeiting",172,36,4,130,,100,21.2,2.4,76.5
"    Other",1163,198,52,904,,100,17.2,4.5,78.3
"        Burglary",26,4,0,22,,100,15.4,0.0,84.6
"        Larceny/e",481,85,37,353,,100,17.9,7.8,74.3
"        Motor vehicle theft",209,43,5,161,,100,20.6,2.4,77.0
"        Arson and explosives",316,54,4,256,,100,17.2,1.3,81.5
"        Transportation of stolen property",57,3,0,54,,100,5.3,0.0,94.7
"        Other property offenses/e",74,9,6,58,,100,12.3,8.2,79.5
"Drug offenses",6224,1984,44,4069,,100,32.5,0.7,66.7
"Public-order offenses",8629,1727,282,6312,,100,20.8,3.4,75.9
"    Regulatory",3367,258,141,2911,,100,7.8,4.3,87.9
"        Agriculture",157,18,24,115,,100,11.5,15.3,73.2
"        Antitrust",14,0,0,14,,100,0.0,0.0,100.0
"        Food and drug",46,8,4,34,,100,17.4,8.7,73.9
"        Transportation",33,3,5,25,,100,9.1,15.2,75.8
"        Civil rights",1569,61,27,1480,,100,3.9,1.7,94.4
"        Communications",57,4,3,49,,100,7.1,5.4,87.5
"        Custom laws",104,17,2,80,,100,17.2,2.0,80.8
"        Postal laws",50,8,15,27,,100,16.0,30.0,54.0
"        Other regulatory offenses",1337,139,61,1087,,100,10.8,4.7,84.5
"    Other",5262,1469,141,3401,,100,29.3,2.8,67.9
"        Tax law violations/e",383,30,5,346,,100,7.9,1.3,90.8
"        Bribery",156,11,9,135,,100,7.1,5.8,87.1
"        Perjury, contempt, and intimidation",317,45,11,246,,100,14.9,3.6,81.5
"        National defense",104,9,7,85,,100,8.9,6.9,84.2
"        Escape",582,339,21,213,,100,59.2,3.7,37.2
"        Racketeering and extortion",1711,255,22,1420,,100,15.0,1.3,83.7
"        Gambling",76,11,1,64,,100,14.5,1.3,84.2
"        Liquor offenses",10,0,0,10,,"--","--","--","--"
"        Nonviolent sex offenses",699,195,13,473,,100,28.6,1.9,69.5
"        Obscene material/e",12,2,1,9,,100,16.7,8.3,75.0
"        Migratory birds",26,0,4,22,,100,0.0,15.4,84.6
"        Conspiracy, aiding and abetting, and jurisdictional offenses",290,56,23,182,,100,21.5,8.8,69.7
"        All other offenses/e",896,516,24,196,,100,70.1,3.3,26.6
"Weapon offenses",2938,611,27,2283,,100,20.9,0.9,78.2
"Immigration offenses",523,112,13,358,,100,23.2,2.7,74.1
"Unknown or indeterminable offense",170,25,11,123,,100,15.7,6.9,77.4
,,,,,,,,,
"Note:  For further information, see Chapter notes, items 1 and 2, p. 33.",,,,,,,,,
"--Too few cases to obtain statistically reliable data.",,,,,,,,,
"a\ See Chapter notes, item 3, p. 33, and ""Offense classifications"" in Methodology, p. 109.",,,,,,,,,
"b\ Includes 476 suspects for whom a reason for declination could not be determined.",,,,,,,,,
"c\ Includes suspects in matters removed, prosecuted on other charges, prosecuted by other authorities, complaints filed with other indictments,  youthful offenders, and those transferred to State authority.",,,,,,,,,
"d\ Includes 170 suspects for whom an offense category could not be determined. These include 25 referred or handled in other prosecution;",,,,,,,,,
"11 resolved with restitution, civil/administrative procedure, or pretrial diversion; and 123 settled through another method. See Chapter notes, item 4, p. 33.",,,,,,,,,
"e\ In this table, ""Murder"" includes nonnegligent manslaughter; ""Sexual abuse"" includes only violent sex offenses; ""Fraud"" excludes tax fraud; ""Larceny"" excludes transportation of stolen property; ""Other property offenses"" excludes fraudule",,,,,,,,,
"property and trespassing; ""Tax law violations"" includes tax fraud; ""Obscene material"" denotes the mail or transport thereof; and ""All other offenses"" includes offenses with unclassifiable offense type.",,,,,,,,,
