"Bureau of Justice Statistics",,,,,,,,,
"Filename:  cf01t6_01.csv",,,,,,,,,
"Table 6.1.  Criminal appeals filed, by type of criminal case and offense, October 1, 2000 - September 30, 2001",,,,,,,,,
"Report title:  Compendium of Federal Justice Statistics, 2001   NCJ 201627",,,,,,,,,
"Data source:  Federal justice statistics database maintained by The Urban Institute",,,,,,,,,
"Author:  Urban Institute under the supervision of BJS",,,,,,,,,
"Refer  questions to:  askbjs@ojp.usdoj.gov  202-307-0765",,,,,,,,,
"Report title:  Compendium of Federal Justice Statistics",,,,,,,,,
"Date of version: 11/25/03",,,,,,,,,
,,,,,,,,,
"Table 6.1.  Criminal appeals filed, by type of criminal case and offense, October 1, 2000 - September 30, 2001",,,,,,,,,
,,,,,,,,,
,,,"Number of criminal appeals filed",,,,,,
,,,,,"Guidelines-based appeals",,,,
"Offense of conviction",,,"Total","Preguideline","Total","Sentence only","Conviction only","Sentence and conviction","Other"
,,"All offenses",11281,1711,9570,2856,1049,5572,93
"Violent offenses",,,591,97,494,155,71,266,2
,"Murder*",,90,29,61,10,13,38,0
,"Assault",,49,10,39,3,6,30,0
,"Robbery",,310,40,270,104,33,132,1
,"Sexual abuse*",,86,10,76,26,16,34,0
,"Kidnaping",,54,8,46,10,3,32,1
,"Threats against the President",,2,0,2,2,0,0,0
"Property offenses",,,1681,298,1383,411,204,751,17
,"Fraudulent",,1299,223,1076,326,162,576,12
,,"Embezzlement",60,4,56,19,8,26,3
,,"Fraud*",1122,203,919,275,137,499,8
,,"Forgery",10,2,8,3,0,5,0
,,"Counterfeiting",107,14,93,29,17,46,1
,"Other",,382,75,307,85,42,175,5
,,"Burglary",8,5,3,1,0,1,1
,,"Larceny*",183,34,149,43,19,85,2
,,"Motor vehicle theft",58,6,52,15,5,31,1
,,"Arson and explosives",67,21,46,8,10,27,1
,,"Transportation of stolen property",58,8,50,16,6,28,0
,,"Other property offenses",8,1,7,2,2,3,0
"Drug offenses",,,4529,643,3886,1272,415,2162,37
"Public-order offenses",,,1024,162,862,177,108,563,14
,"Regulatory",,144,35,109,26,23,58,2
,,"Agriculture",20,0,20,4,2,14,0
,,"Food and drug",7,1,6,1,2,3,0
,,"Transportation",15,3,12,4,3,5,0
,,"Civil rights",30,11,19,4,1,12,2
"        Communications",,,2,0,2,0,0,2,0
,,"Custom laws",5,3,2,0,2,0,0
,,"Postal laws",3,2,1,0,1,0,0
,,"Other regulatory offenses",62,15,47,13,12,22,0
,"Other",,880,127,753,151,85,505,12
,,"Tax law violations*",110,25,85,23,6,55,1
,,"Bribery",28,3,25,5,3,17,0
,,"Perjury, contempt, and intimidation",78,20,58,21,11,24,2
,,"National defense",171,5,166,2,4,160,0
,,"Escape",81,5,76,23,13,38,2
,,"Racketeering and extortion",228,42,186,38,27,116,5
,,"Gambling",4,0,4,0,1,3,0
,,"Liquor offenses",1,0,1,0,0,1,0
,,"Nonviolent sex offenses",129,16,113,35,9,69,0
,,"Obscene material*",5,0,5,1,1,3,0
,,"Traffic",10,3,7,1,1,5,0
,,"Migratory birds",3,0,3,0,3,0,0
,,"All other offenses*",32,8,24,2,6,14,2
"Weapon offenses",,,1266,171,1095,260,133,685,17
"Immigration offenses",,,1654,51,1603,482,89,1029,3
"Unknown or indeterminable offense",,,536,289,247,99,29,116,3
