"Bureau of Justice Statistics",,,,,,
"Filename:  cf01t4_04.csv",,,,,,
"Table 4.4.  Dispositions by U.S. magistrates, October 1, 2000 - September 30, 2001",,,,,,
"Report title:  Compendium of Federal Justice Statistics, 2001   NCJ 201627",,,,,,
"Data source:  Federal justice statistics database maintained by The Urban Institute",,,,,,
"Author:  Urban Institute under the supervision of BJS",,,,,,
"Refer  questions to:  askbjs@ojp.usdoj.gov  202-307-0765",,,,,,
"Date of version: 11/25/03",,,,,,
,,,,,,
"Table 4.4.  Dispositions by U.S. magistrates, October 1, 2000 - September 30, 2001",,,,,,
,,,,,,
,,,"Defendants in criminal cases concluded by U.S. magistrates",,,
"Most serious offense charged",,,"Total","Convicted","Not convicted","Percent convicted"
,,"   All offenses/a",9742,6995,2747,71.8
"Violent offenses/b",,,338,196,142,58.0
"    Murder/c",,,6,6,0,"--"
"    Assault",,,304,170,134,55.9
"    Robbery",,,3,2,1,"--"
"    Sexual abuse/c",,,23,16,7,69.6
"    Kidnaping",,,2,2,0,"--"
"Property offenses",,,2473,1749,724,70.7
,"Fraudulent",,852,783,69,91.9
,,"Embezzlement",188,174,14,92.6
,,"Fraud/c",641,590,51,92.0
,,"Forgery",16,13,3,81.3
,,"Counterfeiting",7,6,1,"--"
,"Other",,1621,966,655,59.6
,,"Burglary",6,6,0,"--"
,,"Larceny/c",1482,875,607,59.0
,,"Arson and explosives",10,6,4,"--"
,,"Transportation of stolen property",2,1,1,"--"
,,"Other property offenses/c",121,78,43,64.5
"Drug offenses",,,1049,771,278,73.5
,"Trafficking",,94,62,32,66.0
,"Possession",,955,709,246,74.2
"Public-order offenses",,,5419,3843,1576,70.9
,"Regulatory",,373,325,48,87.1
,,"Agriculture",71,62,9,87.3
,,"Fair labor standards",13,12,1,92.3
,,"Food and drug",15,15,0,100.0
,,"Other regulatory offenses",274,236,38,86.1
,"Other",,5046,3518,1528,69.7
,,"Tax law violations/c",48,47,1,97.9
,,"Bribery",5,5,0,"--"
,,"National defense",39,38,1,97.4
,,"Escape",34,27,7,79.4
,,"Racketeering and extortion",3,2,1,"--"
,,"Liquor offenses",2,0,2,"--"
,,"Traffic",4355,2980,1375,68.4
,,"Migratory birds",28,26,2,92.9
,,"All other felonies/c",532,393,139,73.9
"Weapon offenses",,,80,60,20,75.0
"Immigration offenses",,,383,376,7,98.2
,,,,,,
"--Too few cases to obtain statistically reliable data.",,,,,,
