"Bureau of Justice Statistics",,,,,,,,,,,,,
"Filename:  cf01t5_06.csv",,,,,,,,,,,,,
"Table 5.6.  Median incarceration sentence lengths imposed, by offense and offender characteristics, October 1, 2000 - September 30, 2001",,,,,,,,,,,,,
"Report title:  Compendium of Federal Justice Statistics, 2001   NCJ 201627",,,,,,,,,,,,,
"Data source:  Federal justice statistics database maintained by The Urban Institute",,,,,,,,,,,,,
"Author:  Urban Institute under the supervision of BJS",,,,,,,,,,,,,
"Refer  questions to:  askbjs@ojp.usdoj.gov  202-307-0765",,,,,,,,,,,,,
"Date of version: 11/25/03",,,,,,,,,,,,,
,,,,,,,,,,,,,
,,,,,,,,,,,,,
"Table 5.6.  Median incarceration sentence lengths imposed, by offense and offender characteristics, October 1, 2000 - September 30, 2001",,,,,,,,,,,,,
,,,,,,,,,,,,,
,,,,"Median sentence length (in months) for offenders convicted of--",,,,,,,,,
,,,,,"Felonies",,,,,,,,
,,,,"All",,"Property offenses",,,"Public-order offenses",,,,
"Offender characteristic",,,,"offenses/a","Violent offenses","Fraudulent","Other","Drug offenses","Regulatory","Other","Weapon","Immigration","Misdemeanors"
,,," All offenders/a",35.0,63.0,15.0,18.0,51.0,15.0,27.0,54.0,24.0,6.0
"Male/Female",,,,,,,,,,,,,
,"Male",,,37.0,63.0,15.0,21.0,57.0,15.0,27.0,53.0,26.0,6.0
,"Female",,,21.0,37.0,12.0,14.0,33.0,15.0,18.0,30.0,13.0,5.0
"Race",,,,,,,,,,,,,
,"White",,,30.0,63.0,15.0,19.0,40.0,15.0,27.0,46.0,24.0,6.0
,"Black",,,57.0,72.0,15.0,18.0,78.0,21.0,27.0,60.0,41.0,6.0
,"Native American",,,32.0,37.0,12.0,20.0,30.0,17.0,22.5,58.5,18.0,6.0
,"Asian/Pacific Islander",,,24.0,54.0,13.0,12.0,57.0,18.0,35.0,67.5,12.0,4.0
,"Other",,,30.0,"--",15.5,"--",40.0,"--","--","--",28.5,9.0
"Ethnicity",,,,,,,,,,,,,
,"Hispanic",,,30.0,63.0,12.0,21.0,37.0,13.0,21.0,44.0,24.0,6.0
,"Non-Hispanic",,,40.0,63.0,15.0,18.0,60.0,18.0,27.0,55.0,21.0,6.0
"Age",,,,,,,,,,,,,
,"16-18 years",,,18.0,63.5,6.0,30.0,18.0,27.0,34.0,72.0,12.0,3.0
,"19-20 years",,,27.0,52.0,12.0,18.0,30.0,19.5,45.5,42.0,12.0,5.5
,"21-30 years",,,37.0,57.0,13.0,18.0,51.0,18.0,30.0,52.0,24.0,6.0
,"31-40 years",,,37.0,70.0,15.0,18.0,57.0,15.0,27.0,57.0,30.0,6.0
,"Over 40 years",,,33.0,66.0,18.0,21.0,55.0,15.0,24.0,46.0,30.0,6.0
"Citizenship",,,,,,,,,,,,,
,"U.S. citizen",,,40.0,63.0,15.0,18.0,60.0,18.0,27.0,54.0,18.0,6.0
,"Not U.S. citizen",,,30.0,57.0,12.0,19.0,37.0,13.0,27.0,36.0,27.0,6.0
"Education",,,,,,,,,,,,,
,"Less than high school graduate",,,37.0,60.0,15.0,18.0,48.0,15.0,30.0,51.0,27.0,6.0
,"High school graduate",,,41.0,64.5,15.0,18.0,60.0,18.0,27.0,57.0,30.0,6.0
,"Some college",,,30.0,60.0,15.0,18.0,48.0,15.0,27.0,54.0,20.5,6.0
,"College graduate",,,24.0,46.0,18.0,27.0,46.0,12.0,24.0,30.0,18.0,6.0
"Criminal record",,,,,,,,,,,,,
,"No convictions",,,24.0,41.0,12.0,18.0,37.0,13.0,26.0,34.0,10.0,4.0
,"Prior adult convictions/b",,,41.0,70.0,16.0,20.0,63.0,18.0,27.0,55.0,30.0,6.0
,,,,,,,,,,,,,
"(SEE PRINTED REPORT FOR FOOTNOTES)",,,,,,,,,,,,,
