"Bureau of Justice Statistics",,,,,,,,
"Filename:  cf01t7_06.csv",,,,,,,,
"Table 7.6.  Characteristics of offenders terminating supervised release, October 1, 2000 - September 30, 2001",,,,,,,,
"Report title:  Compendium of Federal Justice Statistics, 2001   NCJ 201627",,,,,,,,
"Data source:  Federal justice statistics database maintained by The Urban Institute",,,,,,,,
"Author:  Urban Institute under the supervision of BJS",,,,,,,,
"Refer  questions to:  askbjs@ojp.usdoj.gov  202-307-0765",,,,,,,,
"Date of version: 11/25/03",,,,,,,,
,,,,,,,,
,,,,,,,,
"Table 7.6.  Characteristics of offenders terminating supervised release, October 1, 2000 - September 30, 2001",,,,,,,,
,,,,,,,,
,,,"Percent terminating supervised release with--",,,,,
,,,,"Technical violations/a",,,,
"Offender characteristic",,"Number supervised release terminations","No violation","Drug use","Fugitive status","Other","New crime/c","Administrative case closures"
," All offenders/c",24966,64.2,7.6,4.9,8.2,12.8,2.3
"Male/Female",,,,,,,,
,"Male",20965,61.9,8.0,5.1,8.6,13.9,2.5
,"Female",3989,76.4,5.4,3.8,6.2,6.7,1.5
"Race",,,,,,,,
,"White",15749,67.4,6.6,4.7,7.2,11.7,2.4
,"Black",7759,58.2,10.0,4.8,9.6,15.1,2.3
,"Native American",638,43.3,7.4,11.8,16.9,18.8,1.9
,"Asian/Pacific Islander",609,76.2,5.6,3.1,9.4,4.1,1.6
"Ethnicity",,,,,,,,
,"Hispanic",4930,55.6,7.3,7.4,10.0,17.9,1.8
,"Non-Hispanic",19874,66.4,7.7,4.2,7.8,11.5,2.4
"Age",,,,,,,,
,"16-18 years",2,"--","--","--","--","--","--"
,"19-20 years",147,14.3,9.5,19.7,27.9,26.5,2.0
,"21-30 years",6326,47.3,10.8,7.8,12.8,19.6,1.5
,"31-40 years",8286,63.0,8.5,4.8,8.4,13.5,1.7
,"Over 40 years",10205,76.3,4.8,2.9,4.9,7.8,3.3
"Education",,,,,,,,
,"Less than high school graduate",9434,54.0,9.7,6.7,10.9,16.3,2.5
,"High school graduate",8680,66.1,7.8,4.3,7.7,12.0,2.1
,"Some college",4649,74.6,5.7,3.2,5.6,8.6,2.2
,"College graduate",1786,87.5,1.5,1.4,3.3,4.0,2.3
"Drug abuse",,,,,,,,
,"No known abuse",13647,73.0,3.7,3.4,6.4,11.1,2.4
,"Drug history",11319,53.6,12.4,6.6,10.4,14.8,2.2
,,,,,,,,
"--Too few cases to obtain statistically reliable data.",,,,,,,,
"(SEE PRINTED REPORT FOR FOOTNOTES)",,,,,,,,
