Bureau of Justice Statistics,,,,,,,,,,,,
Filename: jic14t05,,,,,,,,,,,,
"Table 5. Admissions and expected length of stay in 69 Indian country jails, by facility size, June 2013 and 2014",,,,,,,,,,,,
"Report title: Jails in Indian Country, 2014 NCJ 248974",,,,,,,,,,,,
"Data source: Bureau of Justice Statistics, Annual Survey of Jails in Indian Country, 2014",,,,,,,,,,,,
Authors: Todd D. Minton ,,,,,,,,,,,,
Refer questions to: askbjs@usdoj.gov 202-307-0765,,,,,,,,,,,,
Date of release: 10//2015,,,,,,,,,,,,
 ,,,,,,,,,,,,
"Table 5. Admissions and expected length of stay in 69 Indian country jails, by facility size, June 2013 and 2014",,,,,,,,,,,,
,,,ADP/b,,,Admissions,,,Expected average length of stay/c,,,
Facility size/a,,Number of facilities,2013,2014,,2013,2014,,2013,,2014,
,Total,69,"1,808","1,807",,"9,138","8,565",,5.9, days,6.3, days
9 or fewer,,3,6,4,,71,120,,2.5,,1,
10�24,,20,143,145,,"1,619","1,824",,2.6,,2.4,
25�49,,30,722,693,,"5,197","4,431",,4.2,,4.7,
50 or more,,16,937,965,,"2,251","2,190",,12.5,,13.2,
Note: Data are based on the 69 facilities that provided data in both 2013 and 2014.,,,,,,,,,,,,
a/Based on the 2014 rated capacity or the maximum number of beds or inmates assigned by a rating official.,,,,,,,,,,,,
"b/Average daily population (ADP) is the sum of the number of inmates held on each day in June, divided by 30.",,,,,,,,,,,,
"c/Calculated by dividing the ADP by the number of June admissions, and multiplying by 30. See Methodology for details on estimating expected average length of stay.",,,,,,,,,,,,
"Source: Bureau of Justice Statistics, Annual Survey of Jails in Indian Country, 2013 and 2014.",,,,,,,,,,,,
