Bureau of Justice Statistics,,,,,,,,,,,
Filename: jic14t07,,,,,,,,,,,
"Table 7. Persons employed in Indian country jails, by job function, midyear 2010, 2013, and 2014",,,,,,,,,,,
"Report title: Jails in Indian Country, 2014 NCJ 248974",,,,,,,,,,,
"Data source: Bureau of Justice Statistics, Annual Survey of Jails in Indian Country, 2014",,,,,,,,,,,
Authors: Todd D. Minton ,,,,,,,,,,,
Refer questions to: askbjs@usdoj.gov 202-307-0765,,,,,,,,,,,
Date of release: 10//2015,,,,,,,,,,,
 ,,,,,,,,,,,
"Table 7. Persons employed in Indian country jails, by job function, midyear 2010, 2013, and 2014",,,,,,,,,,,
,,Number,,,,Percent,,,,,
Job function,,2010,2013/a,2014/a,,2010,,2013,,2014,
,Total,"1,469","1,740","1,710",,100,%,100,%,100,%
Administrative/b,,157,160,140,,10.7,,9.2,,8.2,
Jail operationsc,,"1,010","1,180","1,230",,68.8,,67.8,,71.9,
Educational staff,,27,30,30,,1.8,,1.7,,1.8,
Technical/professional,,56,100,80,,3.8,,5.7,,4.7,
Clerical/maintenance/food service,,186,220,210,,12.7,,12.6,,12.3,
Other unspecified functions,,33,50,20,,2.2,,2.9,,1.2,
,Number of inmates per jail operations staff,2.1,1.9,1.9,,,,,,,
Note: See appendix table 6 for reported counts of staff.,,,,,,,,,,,
a/Data are estimated and rounded to the nearest 10 because 6 facilities in 2013 and 8 facilities in 2014 did not report information on staff.,,,,,,,,,,,
"b/Includes jail administrators, assistants, and other personnel who work in an administrative capacity more than 50% of the time. ",,,,,,,,,,,
"c/Includes correctional officers, guards, and other staff who spend more than 50% of their time supervising inmates.",,,,,,,,,,,
"Source: Bureau of Justice Statistics, Annual Survey of Jails in Indian Country, 2010, 2013, and 2014.",,,,,,,,,,,
