"Bureau of Justice Statistics",,,
"Filename:  cfjs02203.csv",,,
"Table 2.3.  Suspects in matters concluded and declined, by investigating agency, October 1, 2001 - September 30, 2002",,,
"Report title:  Compendium of Federal Justice Statistics, 2002   NCJ  205368",,,
"Data source:  Federal justice statistics database maintained by The Urban Institute",,,
"Author:  Urban Institute under the supervision of BJS",,,
"Refer questions to:  askbjs@usdoj.gov  202-307-0765",,,
"Date of version: 9/17/04",,,
,,,
,,,
"Table 2.3.  Suspects in matters concluded and declined, by investigating agency, October 1, 2001 - September 30, 2002",,,
,,,
,"Suspects in criminal matters concluded",,
,,"Declined",
"Department/Agency","Number concluded","Number","Percent"
"          All agencies*",124081,33674,27.1
"Agriculture",988,329,33.3
"    Forest Service",608,121,19.9
"    Food & Consumer Service",21,10,47.6
"    All other Agriculture",359,198,55.2
"Commerce",60,36,60.0
"Defense",4811,578,12.0
"    Army",2435,113,4.6
"    Air Force",639,133,20.8
"    Navy",742,113,15.2
"    Office of the Inspector General",144,76,52.8
"    All other Defense",851,143,16.8
"Education",118,50,42.4
"Energy",19,5,26.3
"Federal/State Task Forces",4575,1118,24.4
"Health and Human Services",1441,770,53.4
"    Food and Drug Administration",285,157,55.1
"    Office of the Inspector General",392,245,62.5
"    All other HHS",764,368,48.2
"Housing and Urban Development",285,122,42.8
"Interior",4520,664,14.7
"    National Park Service",2767,101,3.7
"    Fish and Wildlife Service",959,172,17.9
"    Indian Affairs Bureau",574,320,55.7
"    Land Management Bureau",93,25,26.9
"    All other Interior",127,46,36.2
"Justice",68393,19045,27.8
"    Federal Bureau of Investigation",29992,13566,45.2
"    Drug Enforcement Administration",17937,3578,19.9
"    Immigration and Naturalization",17814,690,3.9
"    U.S. Marshals Service",1475,638,43.3
"    Bureau of Prisons",76,25,32.9
"    All other Justice",1099,548,49.9
"Labor",496,240,48.4
"State Department",951,140,14.7
"Transportation",273,96,35.2
"    Coast Guard",53,23,43.4
"    Federal Aviation Administration",24,10,41.7
"    All other Transportation",196,63,32.1
"Treasury",24666,6155,25.0
"    Customs Bureau",8650,918,10.6
"    Alcohol, Tobacco, and Firearms",9593,2848,29.7
"    Secret Service Bureau",4147,1346,32.5
"    Internal Revenue Service",2008,929,46.3
"    All other Treasury",268,114,42.5
"Other",12475,4320,34.6
"    Independent Federal agencies",12002,4165,34.7
"        U.S. Postal Service",4137,1379,33.3
"        Environmental Protection Agency",294,176,59.9
"        Social Security Administration",1192,308,25.8
"        U.S. Courts",463,228,49.2
"        Veterans Administration",431,132,30.6
"        Small Business Administration",65,43,66.2
"        Railroad Retirement Board",71,40,56.3
"        Central Intelligence Agency",106,12,11.3
"        Other independent Federal agencies",5243,1847,35.2
"    State/Local agencies",473,155,32.8
,,,
,,,
"Note: The provisions of the Homeland Security Act of 2002 (P.L. 107-296) moved the Bureau of Alcohol, Tobacco and Firearms, Secret Service, U.S. Customs, and Bureau of Immigration and Naturalization",,,
" to other departments and renamed some agencies. See the note on table 1.2 on page 16.",,,
"*Includes 10 suspects for whom an investigating agency could not be determined.",,,
"Source: Executive Office for U.S. Attorneys, central system file",,,
