Bureau of Justice Statistics,,,,,
Filename: jic07t09.csv,,,,,
"Table 9: Employment characteristics in Indian country jails, by job function, June 2007",,,,,
"Report title: Jails in Indian Country, 2007 NCJ 223760",,,,,
Data source: Survey of Jails in Indian Country (SJIC),,,,,
Author: Todd D. Minton,,,,,
Refer questions to: askbjs@usdoj.gov   202-307-0765,,,,,
Date of version: 11/05/2008,,,,,

"Table 9. Employment characteristics in Indian country jails, by job function, June 2007",,,,,
,,,       Personnel,,
Job functions,,,Number,Percent,
,Total*,,"1,236",100,%
Administrative,,,124,10,%
Jail operations,,,870,70.5,
Educational staff,,,30,2.4,
Technical/professional,,,48,3.9
Clerical/maintenance/food service,,,162,13.1
,Number of inmates per jail operations staff,,2.3,
Note: Based on 77 facilities reporting on job functions.,,,,
*Includes 2 unspecified job functions.,,,,
