Bureau of Justice Statistics,,
Filename: hivp21stt03.csv,,
"Table 3. Number of jurisdictions that tested persons in prison for HIV while in custody, by HIV testing practices, 2017 and 2021",,
"Report title: HIV in Prisons, 2021 � Statistical Tables   NCJ 305379",,
"Data Source: Bureau of Justice Statistics, National Prisoner Statistics, 2017 and 2021",,
"Author: Laura M. Maruschak, BJS Statistician",,
Refer questions to: askbjs@usdoj.gov 202-307-0765,,
Date of version: 3/16/2023,,
,,
"Table 3. Number of jurisdictions that tested persons in prison for HIV while in custody, by HIV testing practices, 2017 and 2021",,
,Number of jurisdictions/b,
HIV testing/a,2017,2021
Offered during routine medical exam,11,18
For high-risk groups,23,21
On prisoner request,47,47
On clinical indication,40,39
On court order,29,28
After involvement in an incident,37,38
Other/c,7,4
Do not test ,0,0
a/Jurisdictions could specify more than one testing practice.,,
"b/Jurisdictions refers to the 50 state prison systems and the Federal Bureau of Prisons. In 2017, 49 jurisdictions reported data on HIV testing practices for prisoners while in custody; 50 jurisdictions reported data in 2021. See appendix tables 6 and 7 for jurisdiction-level data. ",,
c/See appendix tables 6 and 7 for details on other testing practices.,,
"Source: Bureau of Justice Statistics, National Prisoner Statistics, 2017 and 2021.",,
