Bureau of Justice Statistics,,,,,,,
Filename: hivp21stt04.csv,,,,,,,
"Table 4. Number of jurisdictions that tested persons in prison for HIV during discharge planning and percent of prison releases, by HIV testing practices, 2017 and 2021",,,,,,,
"Report title: HIV in Prisons, 2021 � Statistical Tables   NCJ 305379",,,,,,,
"Data Source: Bureau of Justice Statistics, National Prisoner Statistics, 2017 and 2021",,,,,,,
"Author: Laura M. Maruschak, BJS Statistician",,,,,,,
Refer questions to: askbjs@usdoj.gov 202-307-0765,,,,,,,
Date of version: 3/16/2023,,,,,,,
,,,,,,,
"Table 4. Number of jurisdictions that tested persons in prison for HIV during discharge planning and percent of prison releases, by HIV testing practices, 2017 and 2021",,,,,,,
,2017,,,,2021,,
HIV testing,Number of jurisdictions/a,Percent of releases/b,,,Number of jurisdictions/a,Percent of releases/b,
Offered to all prisoners ,10,22.9,%,,9,20.3,%
Offered to some prisoners,0,0,,,2,0.5,
On prisoner request,27,45.1,,,29,47.6,
Other/c,7,23.2,,,4,21.7,
Do not test ,5,7.9,,,6,9.5,
"a/Jurisdictions refers to the 50 state prison systems and the Federal Bureau of Prisons. In 2017, two jurisdictions representing 0.9% of releases did not report data on HIV testing practices during discharge planning; one jurisdiction representing 0.4% of releases in 2021 did not report data. See appendix tables 8 and 9 for jurisdiction-level data.",,,,,,,
"b/Based on prisoners sentenced to more than 1 year in the custody of state and federal correctional authorities. Excludes transfers, escapes, absences without leave, and deaths. There were 618,785 prison releases in 2017 and 438,533 in 2021.",,,,,,,
c/See appendix tables 8 and 9 for details on other testing practices.,,,,,,,
"Source: Bureau of Justice Statistics, National Prisoner Statistics, 2017 and 2021.",,,,,,,
