Bureau of Justice Statistics,,,,,,
Filename: fdcda22stt08.csv,,,,,,
"Table 8. Deaths in custody, by manner and location of death, FY 2022",,,,,,
"Report title: Federal Deaths in Custody and During Arrest, 2022 � Statistical Tables� NCJ 309427",,,,,,
"Data Source: Bureau of Justice Statistics, Federal Law Enforcement Agency Deaths in Custody Reporting Program, fiscal year 2022",,,,,,
"Authors: Sean E. Goodison, PhD, BJS Statistician; and Erica Grasmick and Connor Brooks, former BJS Statisticians",,,,,,
Refer questions to: askbjs@usdoj.gov 202-307-0765,,,,,,
Date of version: 11/6/2024,,,,,,
,,,,,,
"Table 8. Deaths in custody, by manner and location of death, FY 2022",,,,,,
,,,,Number,Percent,
,Total deaths in custody,,,483,100,%
Manner of death,,,,,,
,Illness/natural/a,,,334,73.6,%
,Suicide,,,42,9.3,
,Accident/b,,,50,11,
,Homicide/c,,,28,6.2,
,,Cause of death,,,,
,,,Blunt trauma,9,32.1,
,,,Gunshot wound,9,32.1,
,,,Stabbing,10,35.7,
,Unknown/missing/d,,,29,~,
Location of death,,,,,,
,Medical center outside facility,,,211,43.7,%
,Special medical unit or infirmary within facility,,,109,22.6,
,General housing unit in facility,,,99,20.5,
,Segregation unit,,,11,2.3,
,While in transit,,,2,0.4,
,Elsewhere (not specified),,,51,10.6,
"Note: Excludes federal executions. See Methodology. For execution data, visit https://bjs.ojp.gov/topics/corrections/capital-punishment.",,,,,,
~Excluded from percentage calculations.,,,,,,
a/Includes deaths due to HIV/AIDS.,,,,,,
"b/Includes accidental alcohol or drug overdoses, injuries to self, and other accidental causes of death.",,,,,,
c/Homicide is the willful killing of one person by another and may include justifiable homicide by a law enforcement or corrections officer.,,,,,,
d/Includes deaths where the investigation was pending at the time of data collection.,,,,,,
"Source: Bureau of Justice Statistics, Federal Law Enforcement Agency Deaths in Custody Reporting Program, fiscal year 2022.  ",,,,,,
