Bureau of Justice Statistics,,,,,,,,,,,,,,,,,,,,,,
Filename: vit16at14.csv,,,,,,,,,,,,,,,,,,,,,,
"Appendix table 14. Standard errors for figure 5: Length of time spent resolving financial and credit problems associated with identity theft, by type of theft, 2016",,,,,,,,,,,,,,,,,,,,,,
"Report title: Victims of Identity Theft, 2016   NCJ 251147",,,,,,,,,,,,,,,,,,,,,,
"Data source: Bureau of Justice Statistics, National Crime Victimization Survey, Identity Theft Supplement, 2016",,,,,,,,,,,,,,,,,,,,,,
"Author: Erika Harrell, Ph.D., BJS Statistician",,,,,,,,,,,,,,,,,,,,,,
Refer questions to: askbjs@usdoj.gov or 202-307-0765 ,,,,,,,,,,,,,,,,,,,,,,
Date of version: 12/27/18,,,,,,,,,,,,,,,,,,,,,,
,,,,,,,,,,,,,,,,,,,,,,
"Appendix table 14. Standard errors for figure 5: Length of time spent resolving financial and credit problems associated with identity theft, by type of theft, 2016",,,,,,,,,,,,,,,,,,,,,,
,,,,,Only one type of existing account,,,,,,,,,,,,Multiple types,,,,,
Time to resolve,,,Total identity theft,,Total,,Credit card,,Bank,,Other,,Opened new account only,,Misused personal information only,,Total,,Existing account,,Other,
Problems not resolved ,,,0.36,%,0.35,%,0.42,%,0.52,%,1.62,%,2.55,%,2.65,%,1.33,%,1.06,%,3.27,%
Problems resolved ,,,0.52,%,0.50,%,0.59,%,0.70,%,2.16,%,3.03,%,3.24,%,1.62,%,1.36,%,3.62,%
,Length of time to resolve problems,,,,,,,,,,,,,,,,,,,,,
,,1 day or less,0.81,,0.85,,1.09,,1.18,,2.89,,3.83,,3.89,,2.32,,2.64,,4.17,
,,2 to 7 days,0.60,,0.64,,0.80,,0.94,,2.11,,2.83,,2.84,,1.86,,2.10,,3.73,
,,8 days to less than 1 month,0.55,,0.57,,0.69,,0.89,,1.50,,2.82,,3.05,,1.84,,2.07,,3.72,
,,1 month to less than 3 months,0.35,,0.34,,0.45,,0.49,,1.58,,2.51,,3.02,,1.40,,1.41,,3.51,
,,3 months to less than 6 months,0.16,,0.15,,0.19,,0.22,,0.85,,1.26,,1.77,,0.75,,0.66,,2.31,
,,6 months or more,0.13,,0.09,,0.10,,0.15,,0.74,,1.37,,2.73,,0.68,,0.74,,1.52,
,,Unknown,0.08,,0.08,,0.09,,0.11,,0.55,,0.55,,1.76,,0.13,,0.17,,--,
Unknown,,,0.25,%,0.23,%,0.27,%,0.34,%,1.42,%,1.98,%,2.57,%,0.83,%,0.72,%,2.10,%
--Less than 0.05%.,,,,,,,,,,,,,,,,,,,,,,
"Source: Bureau of Justice Statistics, National Crime Victimization Survey, Identity Theft Supplement, 2016.",,,,,,,,,,,,,,,,,,,,,,
