Bureau of Justice Statistics,,,,,,,,,,,,,,,,,,,,,,,
Filename: vit16at08.csv,,,,,,,,,,,,,,,,,,,,,,,
"Appendix table 8. Standard errors for table 6: Financial loss among victims who had experienced at least one attempted or successful identity-theft incident in the past 12 months, by type of loss and theft, 2016",,,,,,,,,,,,,,,,,,,,,,,
"Report title: Victims of Identity Theft, 2016   NCJ 251147",,,,,,,,,,,,,,,,,,,,,,,
"Data source: Bureau of Justice Statistics, National Crime Victimization Survey, Identity Theft Supplement, 2016",,,,,,,,,,,,,,,,,,,,,,,
"Author: Erika Harrell, Ph.D., BJS Statistician",,,,,,,,,,,,,,,,,,,,,,,
Refer questions to: askbjs@usdoj.gov or 202-307-0765 ,,,,,,,,,,,,,,,,,,,,,,,
Date of version: 12/27/18,,,,,,,,,,,,,,,,,,,,,,,
,,,,,,,,,,,,,,,,,,,,,,,
"Appendix table 8. Standard errors for table 6: Financial loss among victims who had experienced at least one attempted or successful identity-theft incident in the past 12 months, by type of loss and theft, 2016",,,,,,,,,,,,,,,,,,,,,,,
Type of loss,,,,Only one type of existing account,,,,,,,,,,,,,,Multiple types,,,,,
Any loss,,Total identity theft,,Total,,Credit card,,Bank,,Other,,,Opened new account only,,Misused personal information only,,,Total,,Existing account,,Other,
,Mean,$30 ,,$30 ,,$40 ,,$40 ,,$170 ,,,$600 ,,$520 ,,,$170 ,,$130 ,,$480 ,
,Percent experiencing a loss,0.68,%,0.73,%,0.9,%,0.99,%,2.47,%,,2.21,%,2.25,%,,1.7,%,1.87,%,2.24,%
Direct,,,,,,,,,,,,,,,,,,,,,,,
,Mean,$30 ,,$30 ,,$40 ,,$30 ,,$180 ,,,$590 ,,$650 ,,,$170 ,,$130 ,,$480 ,
,Percent experiencing a loss,0.69,%,0.74,%,0.93,%,0.98,%,2.63,%,,2.19,%,2.03,%,,1.7,%,1.91,%,2.19,%
Indirect,,,,,,,,,,,,,,,,,,,,,,,
,Mean,$30 ,,$30 ,,$30 ,,$50 ,,$40 ,,,$340 ,,$40 ,,,$70 ,,$70 ,,$120 ,
,Percent experiencing a loss,0.3,%,0.27,%,0.35,%,0.42,%,0.88,%,,1.56,%,1.8,%,,1.21,%,1.03,%,1.62,%
Total out of pocket,,,,,,,,,,,,,,,,,,,,,,,
,Mean,$60 ,,$60 ,,$90 ,,$90 ,,$110 ,,,$470 ,,$310 ,,,$160 ,,$140 ,,$300 ,
,Percent experiencing a loss,0.45,%,0.44,%,0.45,%,0.67,%,1.43,%,,2.02,%,1.95,%,,1.8,%,1.85,%,2.49,%
,Number of victims,"454,520",,"415,410",,"275,980",,"256,930",,"76,470",,,"61,590",,"60,180",,,"101,270",,"82,170",,"50,730",
Note: Standard errors for mean loss amounts were calculated directly using SPSS Complex Samples.,,,,,,,,,,,,,,,,,,,,,,,
"Source: Bureau of Justice Statistics, National Crime Victimization Survey, Identity Theft Supplement, 2016.",,,,,,,,,,,,,,,,,,,,,,,
