Bureau of Justice Statistics,,,
Filename:  iscs04fig9.1.csv,,,
Report title:  Indicators of School Crimes,,,
"Data source:  National Crime Victimization Survey, 1992-2004",,,
"Author (s):  Jill F. DeVoe, Katharin Peter, Phillip Kaufman, Sally A. Ruddy, Amanda K. Miller, Mike Planty, Thomas D. Snyder, Michael R. Rand",,,
Refer questions to:  askbjs@usdoj.gov  202-307-0765,,,
Date of version:  November 2004,,,

"Figure 9.1.-Average annual rate of nonfatal crimes against teachers at school per 1,000 teachers, by type of crime and selected teacher and school characteristics:  1998-2002",,,


,Elementary,Middle/junior high,Senior high
Total,38,59,71
Theft,26,33,41
Violent,12,26,30
Serious violent,2,3,1

,Male,Female,
Total,58,49,
Theft,23,34,
Violent,34,15,
Serious violent,4,2,

,Urban,Suburban,Rural
Total,64,42,34
Theft,35,30,22
Violent,28,12,12
Serious violent,2,3,1



"NOTE: Violent crimes include rape, sexual assault, robbery, aggravated assault, and simple assault. Total crimes include violent crimes and theft.",,,
"""At school"" includes inside the school building, on school property, at the work site, or while working. For thefts, ""while working"" is not considered, since thefts of teachers' property kept at school can occur when teachers are not present. "
The data are aggregated from 1998-2002 due to the small number of teachers in each year's sample. Detail may not sum to totals because of rounding.
"SOURCE: U.S. Department of Justice, Bureau of Justice Statistics, National Crime Victimization Survey (NCVS), 1998-2002."
 
