Bureau of Justice Statistics,,,,,,,,,,,,,,,
Filename: iscs047.2.csv,,,,,,,,,,,,,,,
Report title:  Indicators of School Crimes,,,,,,,,,,,,,,,
"Data source:  National Crime Victimization Survey, 1992-2004",,,,,,,,,,,,,,,
"Author (s):  Jill F. DeVoe, Katharin Peter, Phillip Kaufman, Sally A. Ruddy, Amanda K. Miller, Mike Planty, Thomas D. Snyder, Michael R. Rand",,,,,,,,,,,,,,,
Refer questions to:  askbjs@usdoj.gov  202-307-0765,,,,,,,,,,,,,,,
Date of version:  November 2004,,,,,,,,,,,,,,,

"Table 7.2. Number and percentage of public schools that reported various types of crime to the police and number of incidents, by type of crime and selected school characteristics: 1999 - 2000",,,,,,,,,,,,,,,


,Violent ,,,,Serious violent/1,,,,Theft,,,,Other ,,
School characteristic,Number of schools,Percent of schools,Number of incidents,,Number of schools,Percent of schools,Number of incidents,,Number of schools,Percent of schools,Number of incidents,,Number of schools,Percrent of schools,Number of incidents

    Total,"29,500",36,"256,900",,"12,100",14.8,"34,300",,"23,400",28.5,"105,500",,"42,700",52,"294,000"

School level,,,,,,,,,,,,,,,
  Elementary,"10,000",20.1,"48,100",,"4,200",8.4,"9,200",,"7,700",15.4,"15,500",,"18,100",36.2,"67,000"
  Middle,"8,500",55.5,"81,400",,"3,800",24.8,"10,800",,"6,200",40.1,"26,500",,"11,200",73.1,"75,300"
  Secondary,"8,400",71.2,"116,400",,"3,300",28,"12,700",,"7,500",63.6,"58,500",,"10,100",85.5,"137,100"
  Combined,"2,500",51,"11,000",,800,16.2,"1,600",,"2,000",40.8,"5,000",,"3,200",66.2,"14,500"

Enrollment ,,,,,,,,,,,,,,,
  Less than 300,"4,000",19.9,"13,200",,"1,400",6.9,"2,500",,"3,500",17.3,"8,300",,"7,200",35.7,"21,200"
  300 - 499,"6,600",29,"27,300",,"2,200",9.8,"5,300",,"5,100",22.5,"13,900",,"10,300",44.9,"43,200"
  500 - 999,"12,700",42,"108,300",,"5,500",18.3,"13,900",,"9,600",31.8,"32,400",,"17,700",58.2,"103,300"
"  1,000 or more","6,100",70.2,"108,200",,"3,000",33.9,"12,500",,"5,100",58.6,"50,800",,"7,600",87.2,"126,300"

Urbanicity,,,,,,,,,,,,,,,
  City,"8,600",44.4,"106,500",,"4,100",21,"15,500",,"6,600",34.3,"35,500",,"11,800",60.8,"108,100"
  Urban fringe,"9,300",35.4,"89,100",,"4,400",16.6,"12,000",,"7,400",28.1,"39,000",,"13,000",49.4,"100,500"
  Town,"4,200",40,"26,000",,"1,400",13.7,"2,800",,"3,200",30.3,"11,900",,"5,800",55.4,"29,800"
  Rural,"7,400",28.5,"35,200",,"2,200",8.7,"4,100",,"6,100",23.8,"19,200",,"12,100",46.9,"55,600"

Minority enrollment,,,,,,,,,,,,,,,
  0 - 5 percent,"7,300",29.8,"34,800",,"2,200",8.9,"4,300",,"6,400",25.9,"20,100",,"11,200",45.6,"54,800"
  6 - 20 percent,"6,300",34.4,"50,900",,"2,500",13.9,"5,600",,"5,300",29.1,"29,000",,"9,400",51.8,"65,800"
  21 - 50 percent,"6,300",38.1,"64,600",,"2,800",17.1,"8,300",,"4,500",27.1,"23,700",,"9,500",57.8,"71,600"
  More than 50 percent,"9,200",42.5,"102,200",,"4,500",21,"15,900",,"6,800",31.6,"30,900",,"12,000",55.4,"98,400"

Free/reduced-price lunch eligibility,,,,,,,,,,,,,,,
  0 - 20 percent,"8,300",35.9,"68,600",,"2,800",12.3,"7,300",,"7,100",30.8,"38,900",,"12,000",52.1,"87,700"
  21 - 50 percent,"9,800",34,"88,200",,"4,000",13.7,"10,300",,"8,200",28.5,"38,800",,"15,100",52.3,"102,400"
  More than 50 percent,"11,400",37.9,"100,100",,"5,300",17.7,"16,700",,"8,100",26.8,"27,800",,"15,600",51.8,"103,800"

Student/teacher ratio/2,,,,,,,,,,,,,,,
  Less than 12,"9,100",33.1,"68,300",,"3,300",12.2,"7,100",,"6,700",24.6,"25,900",,"13,400",48.9,"69,300"
  12 - 16,"9,900",36.5,"86,200",,"3,600",13.4,"10,600",,"8,200",30.2,"37,500",,"14,300",52.7,"103,600"
  More than 16,"9,300",40.2,"89,200",,"4,600",20,"14,600",,"7,700",33,"38,900",,"13,200",56.7,"108,800"
1/Serious violent crimes are also included in violent crimes.,,,,,,,,,,,,,,,
2/Student/teacher ratio was derived by dividing the total number of students enrolled in school by the total number of full-time-equivalent teachers.,,,,,,,,,,,,,,,
"NOTE: Violent incidents include rape, sexual battery other than rape, physical attack or fight with or without a weapon, threat of physical attack with or without a weapon, and robbery with or without a weapon.",,,,,,,,,,,,,,,
"Serious violent incidents include rape, sexual battery other than rape, physical attack or fight with a weapon, threat of physical attack with a weapon, and robbery with or without a weapon.",,,,,,,,,,,,,,,
"Other incidents include possession of a firearm or explosive device, possession of a knife or sharp object, distribution of illegal drugs, possession or use of alcohol or illegal drugs, sexual harassment, or vandalism.",,,,,,,,,,,,,,,
"Principals were asked to report crimes that took place in school buildings, on school grounds, and on school buses during normal school hours and at school-sponsored events or activities.",,,,,,,,,,,,,,,
"Population size is 82,000 public schools. Detail may not sum to totals because of rounding and missing cases. Number of schools and number of incidents are rounded to the nearest 100.",,,,,,,,,,,,,,,
"SOURCE: U.S. Department of Education, National Center for Education Statistics, School Survey on Crime and Safety (SSOCS), 1999 - 2000.",,,,,,,,,,,,,,,
