Bureau of Justice Statistics,,,,
Filename:  iscs04fig3.1.csv,,,,
Report title:  Indicators of School Crimes,,,,
"Data source:  National Crime Victimization Survey, 1992-2004",,,,
"Author (s):  Jill F. DeVoe, Katharin Peter, Phillip Kaufman, Sally A. Ruddy, Amanda K. Miller, Mike Planty, Thomas D. Snyder, Michael R. Rand",,,,
Refer questions to:  askbjs@usdoj.gov  202-307-0765,,,,
Date of version:  November 2004,,,,

"Figure 3.1.-Percentage of students ages 12-18 who reported nonfatal criminal victimization at school during the previous 6 months, by type of victimization:  Selected years 1995-2003",,,,


,Total,Theft,Violent,Serious Violent
1995,10,7,3,1
1999,8,6,2,1
2001,6,4,2,0
2003,5,4,1,0


"NOTE: Violent crimes include rape, sexual assault, robbery, aggravated assault, and simple assault. Total crimes include violent crimes and theft. "
"At school includes inside the school building, on school property, or on the way to or from school. "
Detail may not sum to totals due to rounding. 
"SOURCE: U.S. Department of Justice, Bureau of Justice Statistics, School Crime Supplement (SCS) to the National Crime Victimization Survey, selected years 1995-2003."
