Bureau of Justice Statistics,,,,
Filename:  iscs04fig7.1.csv,,,,
Report title:  Indicators of School Crimes,,,,
"Data source:  National Crime Victimization Survey, 1992-2004",,,,
"Author (s):  Jill F. DeVoe, Katharin Peter, Phillip Kaufman, Sally A. Ruddy, Amanda K. Miller, Mike Planty, Thomas D. Snyder, Michael R. Rand",,,,
Refer questions to:  askbjs@usdoj.gov  202-307-0765,,,,
Date of version:  November 2004,,,,

"Figure 7.1.-Percentage of public schools that reported various types of crime and percentage of public schools that reported various types of crime to the police, by type of crime and school level:  1999-2000",,,,


Had Crime,,,,
Instructional level,Violent ,Serious violent ,Theft,Other
Total,71,20,46,73
Elementary ,61,14,30,62
Middle,87,29,65,89
Secondary ,92,29,79,93
Combined,77,21,60,83

Reported to police,,,,
Instructional level,Violent ,Serious violent ,Theft,Other
Total,36,15,28,52
Elementary ,20,8,15,36
Middle,56,25,40,73
Secondary ,71,28,64,86
Combined,51,16,41,66



"NOTE: Violent incidents include rape, sexual battery other than rape, physical attack or fight with or without a weapon, threat of physical attack with or without a weapon, and robbery with or without a weapon. ",,,,
"Serious violent incidents include rape, sexual battery other than rape, physical attack or fight with a weapon, threat of physical attack with a weapon, and robbery with or without a weapon. ",,,,
"Other incidents include possession of a firearm or explosive device, possession of a knife or sharp object, distribution of illegal drugs, possession or use of alcohol or illegal drugs, sexual harassment, or vandalism. ",,,,
"Principals were asked to report crimes that took place in school buildings, on school grounds, and on school buses during normal school hours and at school-sponsored events or activities. "
"SOURCE: U.S. Department of Education, National Center for Education Statistics, School Survey on Crime and Safety (SSOCS), 1999-2000."
