Bureau of Justice Statistics,,,,,,,,,,,,,,,
Filename:  iscs04s7.2.csv,,,,,,,,,,,,,,,
Report title:  Indicators of School Crimes,,,,,,,,,,,,,,,
"Data source:  National Crime Victimization Survey, 1992-2004",,,,,,,,,,,,,,,
"Author (s):  Jill F. DeVoe, Katharin Peter, Phillip Kaufman, Sally A. Ruddy, Amanda K. Miller, Mike Planty, Thomas D. Snyder, Michael R. Rand",,,,,,,,,,,,,,,
Refer questions to:  askbjs@usdoj.gov  202-307-0765,,,,,,,,,,,,,,,
Date of version:  November 2004,,,,,,,,,,,,,,,

"Table S7.2. Standard errors for table 7.2: Number and percentage of public schools that reported various types of crime to the police and number of incidents, by type of crime and selected school characteristics: 1999 - 2000",,,,,,,,,,,,,,,


School ,Violent ,,,,Serious violent,,,,Thefts ,,,,Other,,
characteristic,Number of schools,Percent of schools,Number of incidents,,Number of schools,Percent of schools,Number of incidents,,Number of schools,Percent of schools,Number of incidents,,Number of schools,Percent of schools,Number of incidents

    Total,"1,040",1.26,"14,280",,680,0.82,"2,620",,850,1.04,"5,560",,940,1.14,"8,970"

School level,,,,,,,,,,,,,,,
  Elementary,930,1.87,"11,860",,470,0.94,"2,020",,770,1.54,"2,230",,920,1.85,"6,870"
  Middle,290,1.89,"7,040",,270,1.76,"1,080",,330,2.13,"2,960",,240,1.57,"3,470"
  Secondary,250,1.78,"6,750",,160,1.24,"1,480",,260,1.83,"4,010",,230,1.46,"5,130"
  Combined,230,4.44,"1,160",,160,3.45,380,,200,4.14,500,,220,4.11,"1,490"

Enrollment ,,,,,,,,,,,,,,,
  Less than 300,450,2.37,"1,940",,280,1.43,550,,510,2.54,"1,680",,500,2.31,"2,280"
  300 - 499,510,2.16,"3,890",,350,1.52,"1,640",,540,2.15,"1,900",,620,2.45,"4,820"
  500 - 999,640,2.11,"12,440",,500,1.64,"1,480",,530,1.79,"2,190",,650,1.98,"5,240"
"  1,000 or more",200,2.17,"6,520",,200,2.03,"1,490",,200,2.68,"4,350",,240,2.15,"4,980"

Urbanicity,,,,,,,,,,,,,,,
  City,500,2.59,"12,750",,440,2.26,"2,220",,470,2.41,"3,230",,530,2.76,"7,660"
  Urban fringe,450,1.69,"6,330",,380,1.45,"1,490",,440,1.68,"3,810",,560,2.11,"4,180"
  Town,360,3.49,"2,970",,240,2.27,540,,310,3.01,"1,750",,420,4.03,"2,510"
  Rural,550,2.12,"2,650",,230,0.89,490,,420,1.62,"1,740",,660,2.58,"4,260"

Minority enrollment,,,,,,,,,,,,,,,
  0 - 5 percent,550,1.97,"2,840",,230,0.95,590,,480,1.66,"1,630",,760,2.08,"4,330"
  6 - 20 percent,460,2.19,"5,680",,280,1.48,790,,450,2.39,"3,070",,670,3.1,"4,820"
  21 - 50 percent,410,2.34,"5,650",,340,1.97,"1,730",,440,2.47,"2,750",,720,3.25,"5,200"
  More than 50 percent,600,2.27,"12,230",,400,1.65,"1,690",,620,2.85,"3,220",,630,2.54,"6,070"

Free/reduced-price lunch eligibility,,,,,,,,,,,,,,,
  0 - 20 percent,480,2.45,"5,380",,280,1.29,"1,040",,420,2.17,"3,470",,640,2.31,"3,630"
  21 - 50 percent,580,2,"7,040",,310,1.08,"1,230",,530,1.76,"3,210",,830,2.21,"6,820"
  More than 50 percent,720,2.25,"12,650",,490,1.64,"2,230",,740,2.25,"2,530",,890,2.31,"7,160"

Student/teacher ratio,,,,,,,,,,,,,,,
  Less than 12,650,2.07,"12,560",,320,1.09,760,,440,1.53,"2,820",,720,1.69,"6,200"
  12 - 16,650,2.04,"6,470",,390,1.55,"1,780",,570,2.16,"3,650",,750,2.26,"7,290"
  More than 16,510,2.18,"7,380",,410,1.53,"1,690",,590,2.4,"3,460",,750,2.53,"6,310"
"NOTE: Violent incidents include rape, sexual battery other than rape, physical attack or fight with or without a weapon, threat of physical attack with or without a weapon, and robbery with or without a weapon. ",,,,,,,,,,,,,,,
"Serious violent incidents include rape, sexual battery other than rape, physical attack or fight with a weapon, threat of physical attack with a weapon, and robbery with or without a weapon. ",,,,,,,,,,,,,,,
"Other incidents include possession of a firearm or explosive device, possession of a knife or sharp object, distribution of illegal drugs, possession or use of alcohol or illegal drugs, sexual harassment, or vandalism. ",,,,,,,,,,,,,,,
"Principals were asked to report crimes that took place in school buildings, on school grounds, and on school buses during normal school hours and at school-sponsored events or activities. ",,,,,,,,,,,,,,,
"Population size is 82,000 public schools. Standard errors for number of schools and number of incidents are rounded to the nearest 10.",,,,,,,,,,,,,,,
"SOURCE: U.S. Department of Education, National Center for Education Statistics, School Survey on Crime and Safety (SSOCS), 1999 - 2000.",,,,,,,,,,,,,,,
