Bureau of Justice Statistics,,
Filename:  iscs04fig1.2.csv,,
Report title:  Indicators of School Crimes,,
"Data source:  National Crime Victimization Survey, 1992-2004",,
"Author (s):  Jill F. DeVoe, Katharin Peter, Phillip Kaufman, Sally A. Ruddy, Amanda K. Miller, Mike Planty, Thomas D. Snyder, Michael R. Rand",,
Refer questions to:  askbjs@usdoj.gov  202-307-0765,,
Date of version:  November 2004,,

Figure 1.2.- Number of homicides and suicides of youth ages 5-19 at school: 1992-2002,,


,Homicides of students,Suicides of students

,Homicides at school ,Suicides at school 
1992-93,34,6
1993-94,29,7
1994-95,28,7
1995-96,32,6
1996-97,28,1
1997-98,34,6
1998-99,33,4
1999-2000,16,6
2000-01,10,5
2001-02,14,3

  Total,218,37


"1/Homicides and suicides of youth ages 5-19 at school from July 1, 1992, to June 30, 2002.",,
2/Data are preliminary and subject to change.,,
"NOTE: �At school� includes on school property, on the way to or from school, and while attending or traveling to or from a school-sponsored event.",,
"SOURCE: Centers for Disease Control and Prevention (CDC), 1992-2002 School-Associated Violent Deaths Surveillance System, previously unpublished tabulation (August 2003).",,
