Bureau of Justice Statistics,,,
Filename:  iscs04fig3.2.csv,,,
Report title:  Indicators of School Crimes,,,
"Data source:  National Crime Victimization Survey, 1992-2004",,,
"Author (s):  Jill F. DeVoe, Katharin Peter, Phillip Kaufman, Sally A. Ruddy, Amanda K. Miller, Mike Planty, Thomas D. Snyder, Michael R. Rand",,,
Refer questions to:  askbjs@usdoj.gov  202-307-0765,,,
Date of version:  November 2004,,,

"Figure 3.2.-Percentage of students ages 12-18 who reported nonfatal criminal victimization at school during the previous 6 months, by grade level and type of victimization:  2003",,,


,Total,Theft,Violent
    Total,5,4,1

  6th,4,2,2
  7th,6,5,2
  8th,5,4,1
  9th,6,5,1
  10th,5,4,1
  11th,5,4,1
  12th,4,3,1


"NOTE: Violent crimes include rape, sexual assault, robbery, aggravated assault, and simple assault. Total crimes include violent crimes and theft. ",,,
"At school includes inside the school building, on school property, or on the way to or from school.",,,
 Detail may not sum to totals due to rounding. ,,,
"SOURCE: U.S. Department of Justice, Bureau of Justice Statistics, School Crime Supplement (SCS) to the National Crime Victimization Survey, 2003.",,,
