Bureau of Justice Statistics,
Filename:  iscs04fig8.1.csv,
Report title:  Indicators of School Crimes,
"Data source:  National Crime Victimization Survey, 1992-2004",
"Author (s):  Jill F. DeVoe, Katharin Peter, Phillip Kaufman, Sally A. Ruddy, Amanda K. Miller, Mike Planty, Thomas D. Snyder, Michael R. Rand",
Refer questions to:  askbjs@usdoj.gov  202-307-0765,
Date of version:  November 2004,

"Figure 8.1.-Percentage distribution of serious disciplinary actions taken by public schools, by type of action:  1999-2000",


,Total
Suspensions lasting 5 or more days,83
Removals with no services (i.e. expulsions),11
Transfers to specialized schools,7

NOTE: Detail may not sum to totals because of rounding.
"SOURCE: U.S. Department of Education, National Center for Education Statistics, School Survey on Crime and Safety (SSOCS), 1999-2000."
