Bureau of Justice Statistics,,,,,,,
Filename: cv14t08,,,,,,,
"Table 8. Violent crime victims who received assistance from a victim service agency, by type of crime, 2005, 2013, and 2014",,,,,,,
"Report title: Criminal Victimization, 2014 NCJ 248973",,,,,,,
"Data source: Bureau of Justice Statistics, National Crime Victimization Survey, 1993-2014",,,,,,,
Authors: Jennifer L. Truman and Lynn Langton,,,,,,,
Refer questions to: askbjs@usdoj.gov 202-307-0765,,,,,,,
Date of release: 8/27/2015,,,,,,,
,,,,,,,
"Table 8. Violent crime victims who received assistance from a victim service agency, by type of crime, 2005, 2013, and 2014",,,,,,,
Type of crime,,2005,,2013,,2014a,
Violent crimeb,,9.7,%,9.5,%,10.5,%
,Serious violent crimec,13.3,,13.7,,12,
,Simple assault,8,,7.6,,9.5,
Intimate partner violence,,24.4,%,31,%,28,%
Violent crime involving injury,,15.7,%,17,%,15,%
Violent crime involving weapon,,13,% �,7,%,7,%
Note: See appendix table 9 for standard errors. ,,,,,,,
�Significant difference from comparison year at the 95% confidence level.aComparison year.,,,,,,,
"bIncludes rape or sexual assault, robbery, aggravated assault, and simple assault. Excludes homicide because the NCVS is based on interviews with victims and therefore cannot measure murder.",,,,,,,
"cIn the NCVS, serious violent crime includes rape or sexual assault, robbery, and aggravated assault.",,,,,,,
"Source: Bureau of Justice Statistics, National Crime Victimization Survey,  2005, 2013, 2014.",,,,,,,
