Bureau of Justice Statistics,,,,,,,,
Filename: cv14at04,,,,,,,,
"Appendix table 4 Standard errors for table 3: Property victimization, by type of property crime, 2005, 2013, and 2014",,,,,,,,
"Report title: Criminal Victimization, 2014 NCJ 248973",,,,,,,,
"Data source: Bureau of Justice Statistics, National Crime Victimization Survey, 1993-2014",,,,,,,,
Authors: Jennifer L. Truman and Lynn Langton,,,,,,,,
Refer questions to: askbjs@usdoj.gov 202-307-0765,,,,,,,,
Date of release: 8/27/2015,,,,,,,,
,,,,,,,,
"Appendix table 4 Standard errors for table 3: Property victimization, by type of property crime, 2005, 2013, and 2014",,,,,,,,
,,Number,,,,Rate,,
Type of crime,,2005,2013,2014,,2005,2013,2014
,Total,"464,392","369,131","337,113",,4,3,2.6
Burglary,,"168,237","136,987","129,208",,1,1.1,1
Motor vehicle theft,,"74,044","50,769","46,911",,1,0.4,0.4
Theft,,"395,094","316,083","290,595",,3,2.5,2.2
"Source: Bureau of Justice Statistics, National Crime Victimization Survey, 2005, 2013, and 2014.",,,,,,,,
