Bureau of Justice Statistics,,,
Filename: cpffcl09f02.csv,,,
"Figure 2. Percent of publicly funded forensic crime labs outsourcing requests for services, by type of jurisdiction, 2002, 2005, and 2009",,,
"Report title: Census of Publicly Funded Forensic Crime Laboratories, 2009  NCJ 238252",,,
"Author: Matthew Durose, Kelly Walsh, Andrea Burch",,,
Refer questions to askbjs@usdoj.gov or 202-307-0765,,,
"Date of version: August 2, 2012",,,
,,,
"Figure 2. Percent of publicly funded forensic crime labs outsourcing requests for services, by type of jurisdiction, 2002, 2005, and 2009",,,
,2002,2005,2009
All labs/a,41,51,28
State,31,43,23
County,62,71,40
Municipal,63,54,31
Federal/b,11,,21
"Note: Data on outsourcing were reported by 98% of the 397 labs responding to the 2009 census, 76% of the 351 labs responding to the 2005 census, and 88% of the 306 labs responding to the 2002 census. Percentages are based on reported data.",,,
"a/Percentage for 2005 includes federal labs, not shown separately. ",,,
b/Percentage not presented for federal labs in 2005 due to low response rate.,,,
"Source: Bureau of Justice Statistics, Census of Publicly Funded Forensic Crime Laboratories, 2002, 2005, and 2009.",,,
