Bureau of Justice Statistics,,,
Filename: cpffcl09at02.csv,,,
"Appendix table 2. Number of reported requests for services received and completed by publicly funded forensic crime labs, by type of request, 2009",,,
"Report title: Census of Publicly Funded Forensic Crime Laboratories, 2009  NCJ 238252",,,
"Author: Matthew Durose, Kelly Walsh, Andrea Burch",,,
Refer questions to askbjs@usdoj.gov or 202-307-0765,,,
"Date of version: August 2, 2012",,,
,,,
"Appendix table 2. Number of reported requests for services received and completed by publicly funded forensic crime labs, by type of request, 2009",,,
Type of request,,Received,Completed
,All requests,"3,756,000","3,632,000"
Forensic biology*,,"1,359,000","1,287,000"
,Convicted offender/arrestee samples,"1,028,000","1,002,000"
,Casework,"331,000","285,000"
Controlled substances,,"1,135,000","1,123,000"
Toxicology,,"573,000","552,000"
Latent prints,,"245,000","252,000"
Crime scene,,"177,000","177,000"
Firearms/toolmarks,,"129,000","114,000"
Trace evidence,,"52,000","42,000"
Digital evidence,,"26,000","27,000"
Impressions,,"10,000","10,000"
Questioned documents,,"7,000","7,000"
Other forensic requests,,"42,000","42,000"
Note: Based on the 374 labs that reported data on requests received and completed in the census. National estimates provided in table 5. The number of requests completed in 2009 exceeded the number of requests received that year for certain disciplines because the completed requests included ones received in 2008. Totals exclude requests outsourced to other labs. Numbers are rounded to the nearest thousand. ,,,
*Includes requests for DNA analysis and biology screening.,,,
"Source: Bureau of Justice Statistics, Census of Publicly Funded Forensic Crime Laboratories, 2009.",,,
