Bureau of Justice Statistics,,,,
Filename: cpffcl09at03.csv,,,,
"Appendix table 3. Number of full-time employees in publicly funded crime forensic labs, by type of jurisdiction, 2002, 2005, and 2009",,,,
"Report title: Census of Publicly Funded Forensic Crime Laboratories, 2009  NCJ 238252",,,,
"Author: Matthew Durose, Kelly Walsh, Andrea Burch",,,,
Refer questions to askbjs@usdoj.gov or 202-307-0765,,,,
"Date of version: August 2, 2012",,,,
,,,,
"Appendix table 3. Number of full-time employees in publicly funded crime forensic labs, by type of jurisdiction, 2002, 2005, and 2009",,,,
Type of jurisdiction,,2002,2005,2009
Full-time employees reported/a,,,,
,All labs,"9,000","9,400","12,500"
State,,"4,300","4,800","5,900"
County,,"1,600","1,700","2,400"
Municipal,,"1,600","1,600","2,100"
Federal,,"1,400","1,200","2,000"
Number of reporting labs,,278,296,392
National estimate of full-time employees/b,,,,
,All labs,"11,000","11,900","13,100"
State,,"5,200","5,600","6,100"
County,,"1,900","2,200","2,500"
Municipal,,"1,900","1,900","2,200"
Federal,,"2,000","2,100","2,300"
Number of labs operating,,351,389,411
Note: Numbers are rounded to nearest hundred.,,,,
a/Numbers based on labs that reported employee data in the census.,,,,
b/Estimates based on imputations for labs that did not report employee data. ,,,,
"Source: Bureau of Justice Statistics, Census of Publicly Funded Forensic Crime Laboratories, 2002, 2005, and 2009.",,,,
