Bureau of Justice Statistics,,
Filename: cpffcl09f04.csv,,
"Figure 4. Percent of publicly funded forensic crime labs that conducted proficiency testing, by type of test, 2002 and 2009",,
"Report title: Census of Publicly Funded Forensic Crime Laboratories, 2009  NCJ 238252",,
"Author: Matthew Durose, Kelly Walsh, Andrea Burch",,
Refer questions to askbjs@usdoj.gov or 202-307-0765,,
"Date of version: August 2, 2012",,
,,
"Figure 4. Percent of publicly funded forensic crime labs that conducted proficiency testing, by type of test, 2002 and 2009",,
,2002,2009
Any testing*,97,97
Declared examination,97,97
Random case reanalysis,54,36
Blind examination,26,10
"Note: Data on proficiency tests were reported by 98% of the 397 labs responding to the 2009 census and 90% of the 306 labs responding to the 2002 census. In the 2005 census, data were not collected on proficiency tests. Percentages are based on reported data.",,
*Detail does not sum to total because a lab could conduct more than one type of proficiency test.,,
"Source: Bureau of Justice Statistics, Census of Publicly Funded Forensic Crime Laboratories, 2002 and 2009.",,
