Bureau of Justice Statistics,,,,,
Filename: cpffcl09at04.csv,,,,,
"Appendix table 4. Total annual operating budget (in millions) reported by publicly funded forensic crime labs, by type of jurisdiction, 2002, 2005, and 2009",,,,,
"Report title: Census of Publicly Funded Forensic Crime Laboratories, 2009  NCJ 238252",,,,,
"Author: Matthew Durose, Kelly Walsh, Andrea Burch",,,,,
Refer questions to askbjs@usdoj.gov or 202-307-0765,,,,,
"Date of version: August 2, 2012",,,,,
,,,,,
"Appendix table 4. Total annual operating budget (in millions) reported by publicly funded forensic crime labs, by type of jurisdiction, 2002, 2005, and 2009",,,,,
Type of jurisdiction,,2002,2005,,2009
,All labs,835,821,*,"1,490"
State,,345,406,,660
County,,164,173,,300
Municipal,,83,94,,207
Federal,,243,�,,323
Number of reporting labs,,267,254,,383
Note: Based on labs that reported budget data in the census. National estimates provided in table 14.,,,,,
"*Includes federal labs, not shown separately.",,,,,
� Not presented due to the low response rate among federal labs in 2005.,,,,,
"Source: Bureau of Justice Statistics, Census of Publicly Funded Forensic Crime Laboratories, 2002, 2005, and 2009.",,,,,
