"filename: cfj93e05.csv",,,,,,,,,,,,,
"table #:  5.5",,,,,,,,,,,,,
"report title: Compendium of Federal Justice Statistics, 1993, NCJ 160089, October 1996",,,,,,,,,,,,,
"data source: Court and Sentencing Statistics",,,,,,,,,,,,,
"author: John Scalia (202) 633-3045",,,,,,,,,,,,,
"date of version: 10-31-96",,,,,,,,,,,,,
,,,,,,,,,,,,,
,,,,,,,,,,,,,
,,,,,,,,,,,,,
"Table 5.5.  Parole and probation outcomes, by type of release, 1993",,,,,,,,,,,,,
,,,,,,,,,,,,,
,,,,"Percent of offenders entering supervision in 1993 who",,,,,,,,,
,,,,"had violations during the first year of supervision",,,,,,,,,
,,"Total",,,,"Technical violations\a",,,,,,,
,,"offenders",,"All",,"Drug",,"Fugitive ",,,,,
"Type of release",,"supervised",,"violations",,"use",,"status",,"Other",,"New crime\b",
,,,,,,,,,,,,,
"Parole",,3639,,20.9,"%",7.3,"%",1.8,"%",6.3,"%",5.5,"%"
,,,,,,,,,,,,,
"Supervised release",,14906,,13.3,"%",3.3,"%",1.8,"%",4.8,"%",3.4,"%"
,,,,,,,,,,,,,
"Mandatory release",,1152,,20.7,"%",5.2,"%",2.2,"%",6.4,"%",6.9,"%"
,,,,,,,,,,,,,
"Probation imposed",,,,,,,,,,,,,
,"Felonies",7942,,6.3,"%",1.2,"%",0.8,"%",2.8,"%",1.5,"%"
,"Misdemeanors",6422,,12.9,,2.0,,1.7,,5.9,,3.2,
,,,,,,,,,,,,,
"a\Removal to inactive supervision or return to incarceration",,,,,,,"b\Removal to inactive supervision or return to",,,,,,
,"for violation of supervision conditions other than charges",,,,,,"    incarceration after arrest for a ""major"" or ""minor""",,,,,,
,"for new offenses.",,,,,,"    offense.",,,,,,
,,,,,,,"See data note 9.",,,,,,
