Bureau of Justice Statistics,,
Filename: sopp16at02.csv,,
"Appendix table 2. Standard errors for table 1: Percent of sheriffs� offices that maintained a written community-policing plan, by size of office, 2016",,
"Report title: Sheriffs' Offices: Policies and Procedures, 2016  NCJ 254830",,
"Data Source: Bureau of Justice Statistics, Law Enforcement Management and Administrative Statistics survey, 2016",,
"Author: Elizabeth Davis, BJS Statistician",,
Refer questions to: askbjs@usdoj.gov 202-307-0765,,
Date of version: 8/20/2020,,
,,
"Appendix table 2. Standard errors for table 1: Percent of sheriffs� offices that maintained a written community-policing plan, by size of office, 2016",,
Size of office,Maintained a plan,
500 or more full-time-equivalent sworn officers,3.26,%
250-499,3.04,
100-249,2.37,
50-99,6.33,
25-49,5.02,
24 or less,3.17,
All offices,2.22,
All officers,2.21,
"Source: Bureau of Justice Statistics, Law Enforcement Management and Administrative Statistics survey, 2016.",,
