Bureau of Justice Statistics,,,,,,,,,,,,,,,,
Filename: sopp16at05.csv,,,,,,,,,,,,,,,,
"Appendix table 5. Standard errors for table 4: Percent of sheriffs� offices with written policies or procedural directives, by selected topic and size of office, 2016",,,,,,,,,,,,,,,,
"Report title: Sheriffs' Offices: Policies and Procedures, 2016  NCJ 254830",,,,,,,,,,,,,,,,
"Data Source: Bureau of Justice Statistics, Law Enforcement Management and Administrative Statistics survey, 2016",,,,,,,,,,,,,,,,
"Author: Elizabeth Davis, BJS Statistician",,,,,,,,,,,,,,,,
Refer questions to: askbjs@usdoj.gov 202-307-0765,,,,,,,,,,,,,,,,
Date of version: 8/20/2020,,,,,,,,,,,,,,,,
,,,,,,,,,,,,,,,,
"Appendix table 5. Standard errors for table 4: Percent of sheriffs� offices with written policies or procedural directives, by selected topic and size of office, 2016",,,,,,,,,,,,,,,,
,Size of office,,,,,,,,,,,,,,,
Selected topic,500 or more full-time-equivalent sworn officers,,250-499,,100-249,,50-99,,25-49,,24 or less,,All offices,,All officers,
Active shooter,2.59,%,1.68,%,1.34,%,5.35,%,4.06,%,2.96,%,1.97,%,1.19,%
Acts of terrorism,2.85,,2.44,,2.89,,6.45,,5.02,,3.17,,2.21,,1.84,
Body-worn cameras,4.09,,3.11,,2.5,,6.25,,5.11,,3.26,,2.25,,2.36,
Civilian complaints,1.35,,0,,0.87,,3.16,,2.41,,2.49,,1.53,,0.62,
Code of conduct and appearance,0,,0,,0.33,,0,,1.49,,1.59,,0.94,,0.26,
Cultural-awareness training,2.85,,2.18,,3,,6.25,,5.07,,3.31,,2.26,,1.6,
Foot pursuits,3.79,,2.86,,2.95,,6.07,,4.86,,3.27,,2.22,,1.81,
In-custody deaths,1.89,,0.78,,0.93,,2.64,,2.5,,2.49,,1.51,,0.62,
Investigation of employee misconduct,1.35,,0,,0.47,,2.57,,2.19,,2.49,,1.49,,0.5,
Mass demonstrations,2.28,,2.07,,2.89,,6.45,,5.07,,2.96,,2.12,,1.75,
Maximum work hours allowed,3.07,,2.76,,3.09,,5.53,,4.79,,3.29,,2.22,,1.62,
Motor-vehicle stops,2.59,,0,,3.28,,3.2,,2.94,,2.72,,1.7,,0.91,
Off-duty conduct,0,,0,,0,,1.89,,1.49,,2.32,,1.35,,0.45,
Prisoner transport,1.35,,0,,0.8,,1.86,,2.07,,2.38,,1.42,,0.5,
Racial profiling/unbiased policing,1.35,,1.33,,1.18,,3.16,,3.99,,2.48,,1.67,,0.78,
Reporting use of force,0,,0,,0.47,,0,,1.64,,1.66,,0.99,,0.27,
Social media,0,,0.78,,1.3,,4.04,,3.75,,3.22,,2.04,,0.97,
Stop and frisk,3.56,,1.96,,1.83,,4.92,,4.29,,3.19,,2.08,,1.37,
Strip searches,1.35,,1.09,,0.8,,2.57,,2.21,,2.58,,1.54,,0.57,
Use of deadly force/firearm discharge,0,,0,,0,,0,,1.64,,1.51,,0.91,,0.23,
Use of less-lethal force,0,,0.78,,0,,0,,1.06,,1.61,,0.92,,0.22,
"Source: Bureau of Justice Statistics, Law Enforcement Management and Administrative Statistics survey, 2016.",,,,,,,,,,,,,,,,
