"Bureau of Justice Statistics",,,,,,
"filename: jic9918.csv",,,,,,
"Appendix table # 18:  Reported facility needs of jails in Indian country, June 30, 1998",,,,,,
"report title: Jails in Indian Country, 1998 and 1999, NCJ 173410",,,,,,
"data source: Survey of Jails in Indian Country, 1998 ",,,,,,
"author: Paula M. Ditton",,,,,,
"refer questions to: askbjs@ojp.usdoj.gov (202) 307-0765",,,,,,
"date of version: 07/06/00",,,,,,
,,,,,,
"Appendix table 18. Reported facility needs of jails in Indian country, June 30, 1998",,,,,,
,,,,,,
,,,,,,
,,,"Modify",,,
,,,"space","Modify",,
,,,"pursuant","space",,
,"Housing","Renovate","to ADA","for special","New jail","Other"
"State and facility","space","space","of 1991*","population","equipment","specified"
,,,,,,
,,,,,,
,,,,,,
"Alaska",,,,,,
"Metlakatla Police Department",,,,,,"New facility"
,,,,,,
"Arizona",,,,,,
"Colorado River Indian Tribes Detention Center",,,,"X","X","Staff, programs"
"Fort Mohave Tribal Police Department","X","X","X","X","X",""
"Gila River West End Holding Facility","X",,"X","X","X","Telecommunications equipment"
"Hopi Rehabilitation Center","X","X","X","X","X",""
"Navajo Department of Corrections - Chinle","X","X","X","X","X",""
"Navajo Department of Corrections-Kayenta","X","X",,"X",,"Renovations"
"Navajo Department of Corrections-Tuba City","X","X","X",,"X",""
"Navajo Department of Corrections-Window Rock","X","X","X","X","X",""
"Pascua Yaqui Law Enforcement Center","X",,,"X","X","New facility"
"Peach Springs Detention Center","X","X","X","X","X","Audiovisual equipment"
"Sacaton Adult Detention Center","X",,"X","X","X","Telecommunications equipment"
"Sacaton Juvenile Detention Rehabilitation Center","X","X",,"X","X","Computer hardware/software"
"Salt River Detention Center","X",,"X","X","X","New facility"
"San Carlos Jail","X","X","X","X",,""
"Supai Jail","X","X","X","X","X","Renovations"
"Tohono O'odham Detention Center","X","X","X","X","X",""
"Tohono O'odham Judiciary Juvenile Detention Center","X","X","X","X","X",""
"Western Navajo Juvenile Services",,,,,"X","Maintenance"
"White Mountain Apache Police Department",,,"X","X","X","New facility"
,,,,,,
"Colorado",,,,,,
"Southern Ute Police Department",,"X","X","X",,""
"Ute Mountain Ute Agency","X","X","X","X","X",""
,,,,,,
"Idaho",,,,,,
"Fort Hall Police Department","X","X","X","X","X","New facility"
,,,,,,
"Minnesota",,,,,,
"Red Lake Law Enforcement Services","X",,,"X",,""
,,,,,,
"Mississippi",,,,,,
"Choctaw Police Department",,,,"X","X",
,,,,,,
"Montana",,,,,,
"Blackfeet Police Department","X","X","X","X","X",
"Crow Police Department","X","X","X","X","X",""
"Flathead Tribal Police Department","X",,,"X","X",""
"Fort Belknap Police Department","X","X",,"X","X","Renovations"
"Fort Peck Indian Youth Services Center","X",,,"X",,""
"Fort Peck Police Department","X","X",,"X","X",""
"Northern Cheyenne Police Department","X","X",,"X","X","Audiovisual equipment, renovations"
"Rocky Boy Police Department","X","X","X","X","X",""
"White Buffalo Youth Detention Center","X","X","X","X","X",""
,,,,,,
"Nebraska",,,,,,
"Omaha Tribal Police Department","X","X",,,,
,,,,,,
"Nevada",,,,,,
"Owyhee Detention Facility","X","X","X","X","X","Juvenile facility, computer hardware, and"
,,,,,,"telecommunications equipment"
"New Mexico",,,,,,
"Jicarilla Police Department","X","X","X","X","X",""
"Laguna Tribal Detention Facility","X","X","X","X","X",""
"Mescalero Adult Detention Center","X",,,"X","X","New facility"
"Navajo Department of Corrections-Crownpoint","X",,"X","X","X",""
"Navajo Department of Corrections-Shiprock","X",,"X","X","X",""
"Navajo Department of Corrections-Tohatchi Juvenile Center",,"X",,"X","X",""
"Ramah Public Safety Center","X","X","X","X","X","Renovations"
"Taos Tribal Detention Center","X","X","X","X","X","Vehicles, renovations"
"Zuni Police Department","X",,"X","X","X","New facility"
,,,,,,
"North Dakota",,,,,,
"Fort Berthold Agency","X","X","X","X","X",""
"Fort Totten Municipal Center","X","X","X","X","X",""
"Standing Rock Law Enforcement Center",,"X",,"X","X",""
"Turtle Mountain Law Enforcement Center","X",,"X","X","X",""
,,,,,,
"Oklahoma",,,,,,
"Sac & Fox Nation Juvenile Detention Facility",,,,,,"Renovations"
,,,,,,
"Oregon",,,,,,
"Chemawa Indian School","X","X",,"X","X","Audiovisual equipment"
"Warm Springs Detention Center","X","X",,"X","X",""
,,,,,,
"South Dakota",,,,,,
"Fort Thompson Jail","X","X","X","X","X","Juvenile facility"
"Klyuska O'Tipi Reintegration Center",,,,,,"Renovations"
"Lower Brule Law Enforcement Services Center","X",,"X","X","X","New facility"
"Medicine Root Detention Center","X","X","X","X","X","New facility"
"Pine Ridge Correctional Facility","X","X","X","X","X","New facility"
"Rosebud Sioux Tribe Law Enforcement","X","X","X","X","X","Clothing and other miscellaneous"
"Sisseton-Wahpeton Sioux Tribal Law Enforcement Center","X",,"X","X","X","New facility"
"Walter Miner Law Enforcement Center - Juvenile","X",,,"X","X",""
"Walter Miner Law Enforcement Facility - Adult","X",,"X","X","X","Clothing and other miscellaneous"
,,,,,,
"Utah",,,,,,
"Uintah-Ouray Detention Center","X","X","X","X","X","Staff"
,,,,,,
"Washington",,,,,,
"Makah Police Department",,"X","X","X","X","Renovations"
"Puyallup Tribal Detention Facility",,"X","X","X","X",""
"Quinault Police Department",,,,,"X",""
"Wellpinit BIA Law Enforcement Center","X",,,"X","X",""
"Yakama Police Department","X","X","X","X","X","New facility"
,,,,,,
"Wisconsin",,,,,,
"Menominee Tribal Jail","X",,"X",,"X",
,,,,,,
"Wyoming",,,,,,
"Wind River Police Department","X",,,,"X",""
,,,,,,
,,,,,,
"*Americans with Disabilities Act.",,,,,,
