"Bureau of Justice Statistics",,
"filename: jic9913.csv",,
"Table #13:  Staff characteristics of jails in Indian country, June 30, 1998",,
"report title: Jails in Indian Country, 1998 and 1999, NCJ 173410",,
"data source: Survey of Jails in Indian Country, 1998",,
"author: Paula M. Ditton",,
"refer questions to: askbjs@ojp.usdoj.gov (202) 307-0765",,
"date of version: 07/06/00",,
,,
"Table 13.  Staff characteristics of jails ",,
"in Indian country, June 30, 1998",,
,,
,,"Number of "
"Staff characteristics",,"personnel"
"   Total",,775
"      Male",,365
"      Female",,410
,,
"   Administrative",,49
"   Field duty",,16
"   Facility duty",,573
"   Technical/professional",,64
"   Clerical/maintenance/food service",,73
,,
"Number of inmates ",,
"   per jail operations staff*",,2.6
,,
"Note: Data not collected in 1999.",,
"*The number of inmates in custody on June 30, 1998, ",,
"divided by the number of facility duty staff.",,
