"Bureau of Justice Statistics",,,,,
"filename: jic9914.csv",,,,,
"Table #14:  Reported needs of jails in Indian country,  June 30, 1998",,,,,
"report title: Jails in Indian Country, 1998 and 1999, NCJ 173410",,,,,
"data source: Survey of Jails in Indian Country, 1998",,,,,
"author: Paula M. Ditton",,,,,
"refer questions to: askbjs@ojp.usdoj.gov (202) 307-0765",,,,,
"date of version: 07/06/00",,,,,
,,,,,
"Table 14.  Reported needs of jails in Indian country, June 30, 1998",,,,,
,,,,,
,,"Number of",,"Percent of",
"Reported needs",,"facilities",,"all facilities",
"Facility needs",,,,,
"   Housing space",,56,,81,"%"
"   Renovate space",,42,,61,
"   Modify space to comply with",,,,,
"      Americans with Disabilities Act",,44,,64,"%"
"   Modify space for special population",,60,,87,
"   New jail equipment",,60,,87,
,,,,,
"Staffing needs",,,,,
"   Correctional officers",,66,,96,"%"
"   Administrative support staff",,44,,64,
"   Staff training",,67,,97,
,,,,,
"Program needs",,,,,
"   Drug and alcohol treatment",,59,,86,"%"
"   Drug and alcohol testing",,47,,68,
"   Other counseling/education programs",,57,,83,
,,,,,
"Note: Data not collected in 1999.",,,,,
