"Bureau of Justice Statistics",,,,,,,
"filename: jic9908.csv",,,,,,,
"Appendix table #: 8  Deaths, suicides, and attempted suicides of inmates in custody of  jails in Indian country, June 30, 1998 and 1999",,,,,,,
"report title: Jails in Indian Country, 1998 and 1999, NCJ 173410",,,,,,,
"data source: Survey of Jails in Indian Country, 1998 and 1999",,,,,,,
"author: Paula M. Ditton",,,,,,,
"refer questions to: askbjs@ojp.usdoj.gov (202) 307-0765",,,,,,,
"date of version: 07/06/00",,,,,,,
,,,,,,,
"Appendix table 8. Deaths, suicides, and attempted suicides of inmates",,,,,,,
"in custody of jails in Indian country, 1998 and 1999",,,,,,,
,,,,,,,
,,,,,,,
,,,,,,,
,"        Attempted",,,,,,
,"        suicides",,,," Deaths*",,"   Suicides*"
"State and facility",1999,,1998,,1998,,1998
,,,,,,,
"      Total",103,,133,,7,,3
,,,,,,,
"Alaska",,,,,,,
"Metlakatla Police Department",0,,0,,0,,0
,,,,,,,
"Arizona",,,,,,,
"Colorado River Indian Tribes Detention Center",0,,0,,0,,0
"Fort Mohave Tribal Police Department",0,,0,,0,,0
"Gila River West End Holding Facility",0,,1,,0,,0
"Hopi Rehabilitation Center",2,,2,,0,,0
"Navajo Department of Corrections - Chinle",0,,0,,0,,0
"Navajo Department of Corrections-Kayenta",0,,0,,0,,0
"Navajo Department of Corrections-Tuba City",1,,0,,0,,0
"Navajo Department of Corrections-Window Rock",3,,1,,0,,0
"Pascua Yaqui Law Enforcement Center","/",,0,,0,,0
"Peach Springs Detention Center",0,,0,,0,,0
"Sacaton Adult Detention Center",12,,10,,0,,0
"Sacaton Juvenile Detention Rehabilitation Center",18,,0,,0,,0
"Salt River Detention Center",0,,10,,1,,0
"San Carlos Jail",6,,0,,0,,0
"Supai Jail",0,,0,,0,,0
"Tohono O'odham Detention Center",2,,1,,0,,0
"Tohono O'odham Judiciary Juvenile Detention Center",3,,5,,0,,0
"Western Navajo Juvenile Services",0,,0,,0,,0
"White Mountain Apache Police Department","/",,0,,1,,0
,,,,,,,
"Colorado",,,,,,,
"Southern Ute Police Department",1,,0,,0,,0
"Ute Mountain Ute Agency",0,,0,,0,,0
,,,,,,,
"Idaho",,,,,,,
"Fort Hall Police Department",0,,0,,0,,0
,,,,,,,
"Minnesota",,,,,,,
"Red Lake Law Enforcement Services",5,,13,,1,,1
,,,,,,,
"Mississippi",,,,,,,
"Choctaw Police Department",0,,1,,0,,0
,,,,,,,
"Montana",,,,,,,
"Blackfeet Police Department",0,,26,,1,,1
"Crow Police Department",2,,0,,0,,0
"Flathead Tribal Police Department",3,,0,,0,,0
"Fort Belknap Police Department",2,,0,,0,,0
"Fort Peck Indian Youth Services Center",0,,0,,0,,0
"Fort Peck Police Department",0,,0,,0,,0
"Northern Cheyenne Police Department",3,,9,,0,,0
"Rocky Boy Police Department","/",,0,,0,,0
"White Buffalo Youth Detention Center","/",,3,,0,,0
,,,,,,,
"Nebraska",,,,,,,
"Omaha Tribal Police Department",1,,2,,0,,0
,,,,,,,
"Nevada",,,,,,,
"Owyhee Detention Facility",0,,1,,0,,0
,,,,,,,
"New Mexico",,,,,,,
"Jicarilla Police Department",5,,0,,0,,0
"Laguna Tribal Detention Facility",0,,0,,0,,0
"Mescalero Adult Detention Center",0,,0,,0,,0
"Navajo Department of Corrections-Crownpoint",0,,0,,0,,0
"Navajo Department of Corrections-Shiprock",2,,2,,0,,0
"Navajo Department of Corrections-Tohatchi Juvenile Center",0,,0,,0,,0
"Ramah Public Safety Center",2,,0,,0,,0
"Taos Tribal Detention Center",1,,2,,0,,0
"Zuni Police Department",1,,4,,0,,0
,,,,,,,
"North Dakota",,,,,,,
"Fort Berthold Agency",0,,0,,0,,0
"Fort Totten Municipal Center",1,,0,,0,,0
"Standing Rock Law Enforcement Center",0,,0,,0,,0
"Turtle Mountain Law Enforcement Center",0,,0,,0,,0
,,,,,,,
"Oklahoma",,,,,,,
"Sac & Fox Nation Juvenile Detention Facility",0,,0,,0,,0
,,,,,,,
"Oregon",,,,,,,
"Chemawa Indian School",0,,0,,0,,0
"Warm Springs Detention Center",0,,0,,0,,0
,,,,,,,
"South Dakota",,,,,,,
"Fort Thompson Jail",3,,6,,0,,0
"Klyuska O'Tipi Reintegration Center",0,,0,,0,,0
"Lower Brule Law Enforcement Services Center",2,,1,,1,,0
"Medicine Root Detention Center",0,,0,,0,,0
"Pine Ridge Correctional Facility",8,,0,,0,,0
"Rosebud Sioux Tribe Law Enforcement",4,,10,,1,,0
"Sisseton-Wahpeton Sioux Tribal Law Enforcement Center",2,,0,,0,,0
"Walter Miner Law Enforcement Center - Juvenile",4,,4,,0,,0
"Walter Miner Law Enforcement Facility - Adult",0,,0,,0,,0
,,,,,,,
"Utah",,,,,,,
"Uintah-Ouray Detention Center",0,,0,,0,,0
,,,,,,,
"Washington",,,,,,,
"Makah Police Department",0,,0,,0,,0
"Puyallup Tribal Detention Facility",0,,0,,0,,0
"Quinault Police Department",0,,0,,0,,0
"Wellpinit BIA Law Enforcement Center",2,,0,,0,,0
"Yakama Police Department",2,,12,,1,,1
,,,,,,,
"Wisconsin",,,,,,,
"Menominee Tribal Jail",0,,7,,0,,0
,,,,,,,
"Wyoming",,,,,,,
"Wind River Police Department",0,,0,,0,,0
,,,,,,,
,,,,,,,
"Note: Data reported for 1999 are for the period July 1, 1998, to June 30, 1999.  Data for 1998 are for the period ",,,,,,,
"July 1, 1997, to June 30, 1998.",,,,,,,
"*No deaths or suicides were reported for the period July 1, 1998, to June 30, 1999.",,,,,,,
