"Bureau of Justice Statistics",,,,,,,,
"filename: jic9901.csv",,,,,,,,
"Appendix table #: 1 Persons under the supervision of jails in Indian country, June 30, 1998 and 1999",,,,,,,,
"report title: Jails in Indian Country, 1998 and 1999, NCJ 173410",,,,,,,,
"data source: Survey of Jails in Indian Country, 1998 and 1999",,,,,,,,
"author: Paula M. Ditton",,,,,,,,
"refer questions to: askbjs@ojp.usdoj.gov (202) 307-0765",,,,,,,,
"date of version: 07/06/00",,,,,,,,
,,,,,,,,
"Appendix table 1. Persons under the supervision of jails in Indian country,",,,,,,,,
"June 30, 1998 and 1999",,,,,,,,
,,,,,,,,
,,,"Offender population, June 30",,,,,
,"              Total",,,"Inmates in custody/1",,,"Community based/2",
"State and facility",1999,1998,,1999,1998,,1999,1998
,,,,,,,,
"      Total",1693,1567,,1621,1479,,72,88
,,,,,,,,
"Alaska",,,,,,,,
"Metlakatla Police Department",0,0,,0,0,,0,0
,,,,,,,,
"Arizona",,,,,,,,
"Colorado River Indian Tribes Detention Center",11,22,,11,22,,0,0
"Fort Mohave Tribal Police Department",4,2,,2,2,,2,0
"Gila River West End Holding Facility",54,40,,54,40,,0,0
"Hopi Rehabilitation Center",69,78,,69,77,,0,1
"Navajo Department of Corrections - Chinle",10,5,,10,5,,0,0
"Navajo Department of Corrections-Kayenta",5,8,,5,6,,0,2
"Navajo Department of Corrections-Tuba City",41,19,,40,19,,1,0
"Navajo Department of Corrections-Window Rock",47,37,,47,37,,0,0
"Pascua Yaqui Law Enforcement Center",3,0,,3,0,,0,0
"Peach Springs Detention Center",49,42,,49,42,,0,0
"Sacaton Adult Detention Center",86,67,,86,67,,0,0
"Sacaton Juvenile Detention Rehabilitation Center",62,90,,62,90,,0,0
"Salt River Detention Center",64,75,,64,75,,0,0
"San Carlos Jail",53,36,,53,36,,0,0
"Supai Jail",0,15,,0,10,,0,5
"Tohono O'odham Detention Center",98,85,,98,85,,0,0
"Tohono O'odham Judiciary Juvenile Detention Center",7,19,,7,19,,0,0
"Western Navajo Juvenile Services",41,20,,41,20,,0,0
"White Mountain Apache Police Department",73,7,,73,7,,0,0
,,,,,,,,
"Colorado",,,,,,,,
"Southern Ute Police Department",27,2,,25,2,,2,0
"Ute Mountain Ute Agency",12,10,,12,10,,0,0
,,,,,,,,
"Idaho",,,,,,,,
"Fort Hall Police Department",27,19,,26,19,,1,0
,,,,,,,,
"Minnesota",,,,,,,,
"Red Lake Law Enforcement Services",8,14,,8,14,,0,0
,,,,,,,,
"Mississippi",,,,,,,,
"Choctaw Police Department",26,19,,26,19,,0,0
,,,,,,,,
"Montana",,,,,,,,
"Blackfeet Police Department",37,34,,27,34,,10,0
"Crow Police Department",12,7,,12,7,,0,0
"Flathead Tribal Police Department",26,34,,26,23,,0,11
"Fort Belknap Police Department",20,23,,14,22,,6,1
"Fort Peck Indian Youth Services Center",12,8,,12,8,,0,0
"Fort Peck Police Department",22,27,,22,27,,0,0
"Northern Cheyenne Police Department",20,17,,20,17,,0,0
"Rocky Boy Police Department",2,6,,2,3,,0,3
"White Buffalo Youth Detention Center",0,6,,0,6,,0,0
,,,,,,,,
"Nebraska",,,,,,,,
"Omaha Tribal Police Department",17,20,,17,17,,0,3
,,,,,,,,
"Nevada",,,,,,,,
"Owyhee Detention Facility",18,17,,18,17,,0,0
,,,,,,,,
"New Mexico",,,,,,,,
"Jicarilla Police Department",16,28,,16,28,,0,0
"Laguna Tribal Detention Facility",10,12,,10,12,,0,0
"Mescalero Adult Detention Center",26,13,,25,13,,1,0
"Navajo Department of Corrections-Crownpoint",31,10,,18,10,,13,0
"Navajo Department of Corrections-Shiprock",34,21,,34,21,,0,0
"Navajo Department of Corrections-Tohatchi Juvenile Center",5,3,,5,3,,0,0
"Ramah Public Safety Center",6,9,,4,9,,2,0
"Taos Tribal Detention Center",6,3,,4,3,,2,0
"Zuni Police Department",35,54,,35,54,,0,0
,,,,,,,,
"North Dakota",,,,,,,,
"Fort Berthold Agency",18,8,,18,6,,0,2
"Fort Totten Municipal Center",19,35,,19,35,,0,0
"Standing Rock Law Enforcement Center",33,23,,30,23,,3,0
"Turtle Mountain Law Enforcement Center",34,24,,34,24,,0,0
,,,,,,,,
"Oklahoma",,,,,,,,
"Sac & Fox Nation Juvenile Detention Facility",16,25,,16,25,,0,0
,,,,,,,,
"Oregon",,,,,,,,
"Chemawa Indian School",0,0,,0,0,,0,0
"Warm Springs Detention Center",35,50,,35,48,,0,2
,,,,,,,,
"South Dakota",,,,,,,,
"Fort Thompson Jail",12,4,,12,4,,0,0
"Klyuska O'Tipi Reintegration Center",12,3,,12,3,,0,0
"Lower Brule Law Enforcement Services Center",6,7,,6,7,,0,0
"Medicine Root Detention Center",24,26,,24,26,,0,0
"Pine Ridge Correctional Facility",53,83,,38,31,,15,52
"Rosebud Sioux Tribe Law Enforcement",17,25,,9,25,,8,0
"Sisseton-Wahpeton Sioux Tribal Law Enforcement Center",14,12,,11,12,,3,0
"Walter Miner Law Enforcement Center - Juvenile",2,12,,2,12,,0,0
"Walter Miner Law Enforcement Facility - Adult",40,23,,39,23,,1,0
,,,,,,,,
"Utah",,,,,,,,
"Uintah-Ouray Detention Center",20,8,,20,8,,0,0
,,,,,,,,
"Washington",,,,,,,,
"Makah Police Department",3,8,,3,4,,0,4
"Puyallup Tribal Detention Facility",15,18,,15,18,,0,0
"Quinault Police Department",2,8,,2,6,,0,2
"Wellpinit BIA Law Enforcement Center",5,1,,5,1,,0,0
"Yakama Police Department",30,34,,28,34,,2,0
,,,,,,,,
"Wisconsin",,,,,,,,
"Menominee Tribal Jail",40,35,,40,35,,0,0
,,,,,,,,
"Wyoming",,,,,,,,
"Wind River Police Department",11,12,,11,12,,0,0
,,,,,,,,
,,,,,,,,
"Note:  The Chemawa Indian School in Oregon was not in session on June 30.  The White Buffalo Youth Detention Center was ",,,,,,,,
"temporarily closed from February to July, 1999",,,,,,,,
"/Not reported.",,,,,,,,
"1/Adults and juveniles confined in jail facilities.",,,,,,,,
"2/Persons serving their sentences in the community under programs administered by jail staff (e.g., electronic monitoring,",,,,,,,,
"house arrest, community service, day reporting, work programs, boot camps, and other programs).  Excludes offenders in weekend programs.",,,,,,,,
