"Bureau of Justice Statistics",,,,,,,
"filename: jic9913.csv",,,,,,,
"Appendix table # 13:  Owner and operator of jails in Indian country, facility age, and year of most recent renovation, June 30, 1998",,,,,,,
"report title: Jails in Indian Country, 1998 and 1999, NCJ 173410",,,,,,,
"data source: Survey of Jails in Indian Country, 1998",,,,,,,
"author: Paula M. Ditton",,,,,,,
"refer questions to: askbjs@ojp.usdoj.gov (202) 307-0765",,,,,,,
"date of version: 07/06/00",,,,,,,
,,,,,,,
"Appendix table 13. Owner and operator of jails in Indian country,",,,,,,,
"facility age, and year of most recent renovation, June 30, 1998",,,,,,,
,,,,,,,
,,,,,,,
,,,,,,,
,,,,"Year of original","Age of ",,"Year of most"
,"Owner ","Operator",,"completed","original ",,"recent"
"State and facility","of facility","of facility",,"construction","construction",,"renovation*"
,,,,,,,
"      Total",,,,,,,
,,,,,,,
"Alaska",,,,,,,
"Metlakatla Police Department","Tribe","Tribe",,1960,38,,". . ."
,,,,,,,
"Arizona",,,,,,,
"Colorado River Indian Tribes Detention Center","Tribe","Tribe",,1996,2,,". . ."
"Fort Mohave Tribal Police Department","Tribe","Tribe",,1996,2,,". . ."
"Gila River West End Holding Facility","BIA","BIA",,1988,10,,1995
"Hopi Rehabilitation Center","BIA","BIA",,"/","/",,". . ."
"Navajo Department of Corrections - Chinle","Tribe","Tribe",,1964,34,,1992
"Navajo Department of Corrections-Kayenta","Tribe","Tribe",,1982,16,,". . ."
"Navajo Department of Corrections-Tuba City","Tribe","Tribe",,1966,32,,". . ."
"Navajo Department of Corrections-Window Rock","Tribe","Tribe",,1963,35,,1994
"Pascua Yaqui Law Enforcement Center","Tribe","Tribe",,1992,6,,". . ."
"Peach Springs Detention Center","BIA","BIA",,1985,13,,". . ."
"Sacaton Adult Detention Center","BIA","BIA",,1963,35,,1996
"Sacaton Juvenile Detention Rehabilitation Center","BIA","Tribe",,1984,14,,". . ."
"Salt River Detention Center","Tribe","Tribe",,1977,21,,1996
"San Carlos Jail","BIA","BIA",,1965,33,,". . ."
"Supai Jail","BIA","BIA",,1986,12,,". . ."
"Tohono O'odham Detention Center","BIA","Tribe",,1964,34,,1985
"Tohono O'odham Judiciary Juvenile Detention Center","Tribe","Tribe",,1972,26,,". . ."
"Western Navajo Juvenile Services","Private","Private",,1996,2,,". . ."
"White Mountain Apache Police Department","BIA","Tribe",,1970,28,,1988
,,,,,,,
"Colorado",,,,,,,
"Southern Ute Police Department","Tribe","Tribe",,1978,20,,". . ."
"Ute Mountain Ute Agency","Tribe","BIA",,1970,28,,1996
,,,,,,,
"Idaho",,,,,,,
"Fort Hall Police Department","Tribe","Tribe",,1929,69,,". . ."
,,,,,,,
"Minnesota",,,,,,,
"Red Lake Law Enforcement Services","Tribe","Tribe",,1980,18,,1986
,,,,,,,
"Mississippi",,,,,,,
"Choctaw Police Department","Tribe","Tribe",,1973,25,,1996
,,,,,,,
"Montana",,,,,,,
"Blackfeet Police Department","BIA","Tribe",,1970,28,,". . ."
"Crow Police Department","BIA","BIA",,1974,24,,". . ."
"Flathead Tribal Police Department","Tribe","Tribe",,1978,20,,". . ."
"Fort Belknap Police Department","BIA","Tribe",,1948,50,,1995
"Fort Peck Indian Youth Services Center","BIA","Tribe",,1993,5,,". . ."
"Fort Peck Police Department","BIA","Tribe",,1987,11,,". . ."
"Northern Cheyenne Police Department","BIA","BIA",,1964,34,,1987
"Rocky Boy Police Department","Tribe","Tribe",,1977,21,,". . ."
"White Buffalo Youth Detention Center","Tribe","Tribe",,1976,22,,". . ."
,,,,,,,
"Nebraska",,,,,,,
"Omaha Tribal Police Department","BIA","Tribe",,1989,9,,". . ."
,,,,,,,
"Nevada",,,,,,,
"Owyhee Detention Facility","BIA","Tribe",,1968,30,,1978
,,,,,,,
"New Mexico",,,,,,,
"Jicarilla Police Department","Tribe","Tribe",,1972,26,,1982
"Laguna Tribal Detention Facility","Tribe","Tribe",,1974,24,,1997
"Mescalero Adult Detention Center","BIA","BIA",,1974,24,,1998
"Navajo Department of Corrections-Crownpoint","Tribe","Tribe",,1974,24,,1995
"Navajo Department of Corrections-Shiprock","Tribe","Tribe",,1960,38,,1993
"Navajo Department of Corrections-Tohatchi Juvenile Center","Tribe","Tribe",,1961,37,,1985
"Ramah Public Safety Center","Tribe","Tribe",,1974,24,,". . ."
"Taos Tribal Detention Center","Tribe","Tribe",,1992,6,,". . ."
"Zuni Police Department","Tribe","Tribe",,1976,22,,1995
,,,,,,,
"North Dakota",,,,,,,
"Fort Berthold Agency","City gov't","BIA",,1978,20,,". . ."
"Fort Totten Municipal Center","BIA","BIA",,1965,33,,1997
"Standing Rock Law Enforcement Center","BIA","BIA",,1964,34,,1987
"Turtle Mountain Law Enforcement Center","BIA","BIA",,1952,46,,1991
,,,,,,,
"Oklahoma",,,,,,,
"Sac & Fox Nation Juvenile Detention Facility","Tribe","Tribe",,1996,2,,". . ."
,,,,,,,
"Oregon",,,,,,,
"Chemawa Indian School","BIA","BIA",,1988,10,,". . ."
"Warm Springs Detention Center","BIA","Tribe",,1984,14,,". . ."
,,,,,,,
"South Dakota",,,,,,,
"Fort Thompson Jail","BIA","Tribe",,1978,20,,". . ."
"Klyuska O'Tipi Reintegration Center","BIA","Tribe",,1995,3,,". . ."
"Lower Brule Law Enforcement Services Center","Tribe","BIA",,1972,26,,1996
"Medicine Root Detention Center","BIA","BIA",,1979,19,,1985
"Pine Ridge Correctional Facility","BIA","Tribe",,1979,19,,". . ."
"Rosebud Sioux Tribe Law Enforcement","BIA","Tribe",,1983,15,,". . ."
"Sisseton-Wahpeton Sioux Tribal Law Enforcement Center","Tribe","Tribe",,1975,23,,1992
"Walter Miner Law Enforcement Center - Juvenile","BIA","Tribe",,1993,5,,". . ."
"Walter Miner Law Enforcement Facility - Adult","BIA","Tribe",,1993,5,,". . ."
,,,,,,,
"Utah",,,,,,,
"Uintah-Ouray Detention Center","Tribe","BIA",,1975,23,,". . ."
,,,,,,,
"Washington",,,,,,,
"Makah Police Department","Tribe","Tribe",,1973,25,,". . ."
"Puyallup Tribal Detention Facility","Tribe","Tribe",,1995,3,,". . ."
"Quinault Police Department","BIA","Tribe",,"/","/",,1983
"Wellpinit BIA Law Enforcement Center","BIA","BIA",,1996,2,,". . ."
"Yakama Police Department","Tribe","Tribe",,1974,24,,1995
,,,,,,,
"Wisconsin",,,,,,,
"Menominee Tribal Jail","BIA","Tribe",,1981,17,,". . ."
,,,,,,,
"Wyoming",,,,,,,
"Wind River Police Department","BIA","BIA",,1986,12,,". . ."
,,,,,,,
,,,,,,,
". . . Facility has never been renovated.",,,,,,,
"/ Not reported.",,,,,,,
"*Structural changes or improvements to cells, dormitorities, and other inmate sleeping areas.",,,,,,,
