"Bureau of Justice Statistics",,
"filename: jic9902.csv",,
"Table #: 2 Number of jails in Indian country, owner of facility, operator, and total rated capacity, June 30, 1999",,
"report title: Jails in Indian Country, 1998 and 1999, NCJ 173410",,
"data source: Survey of Jails in Indian Country, 1998",,
"author: Paula M. Ditton",,
"refer questions to: askbjs@ojp.usdoj.gov (202) 307-0765",,
"date of version: 07/06/00",,
,,
"Table 2.  Number of jails in Indian",,
"country, owner of facility, operator,",,
"and total rated capacity,",,
"June 30, 1999",,
,,
,,"Number of"
,,"facilities"
"   Total number of facilities",,69
"Owner",,
"   BIA",,34
"   Tribal",,33
"   Other",,2
,,
"Operator",,
"   BIA",,20
"   Tribal",,48
"   Other",,1
,,
"Total rated capacity",,2118
"Note:  Data on owner and operator of facility,",,
"were collected on June 30, 1998.",,
"*Includes private and city government ",,
"facilities.",,
