Bureau of Justice Statistics,,,,,,,,,,,,,,,,
Filename: cv10at08.csv,,,,,,,,,,,,,,,,
"Appendix Table 8. Standard errors for violent victimizations involving a weapon, by type of crime and type of weapon, 2010",,,,,,,,,,,,,,,,
"Report title:  Criminal Victimization, 2010  NCJ 235508",,,,,,,,,,,,,,,,
Data source: National Crime Victimization Survey,,,,,,,,,,,,,,,,
Author: Jennifer L. Truman,,,,,,,,,,,,,,,,
Refer questions to: askbjs@usdoj.gov (202) 307-0765,,,,,,,,,,,,,,,,
Date of version: 9/15/2011,,,,,,,,,,,,,,,,
,,,,,,,,,,,,,,,,
"Appendix Table 8. Standard errors for violent victimizations involving a weapon, by type of crime and type of weapon, 2010",,,,,,,,,,,,,,,,
,,Violent crime,,,,Rape/sexual assault,,,,Robbery,,,,Simple and aggravated assault,,
Presence of offender�s weapon,,Number,Percent,,,Number,Percent,,,Number,Percent,,,Number,Percent,
,Total,"183,177",~,%,,"29,766",~,%,,"51,475",~,%,,"162,511",~,%
No weapon,,"145,788",1.9,%,,"26,108",5.9,%,,"30,528",4.6,%,,"133,607",2,%
Weapon ,,"72,650",1.6,%,,"9,226",4.5,%,,"31,893",4.7,%,,"59,796",1.6,%
,Firearm,"41,792",1,,,"6,777",3.4,,,"25,194",4.2,,,"29,431",0.9,
,Knife,"30,114",0.8,,,"3,974",2.1,,,"13,896",2.7,,,"25,071",0.8,
,Other,"36,383",0.9,,,~,~,,,"6,059",1.2,,,"35,568",1,
,Unknown,"15,052",0.4,,,"4,365",2.3,,,"6,964",1.4,,,"12,048",0.4,
Don�t know,,"40,571",1,%,,"7,690",3.9,%,,"17,248",3.2,%,,"33,708",1,%
