Bureau of Justice Statistics,,,,,
Filename: cv10at06.csv,,,,,
"Appendix Table 6. Standard errors for property victimizations, 1993�2010",,,,,
"Report title:  Criminal Victimization, 2010  NCJ 235508",,,,,
Data source: National Crime Victimization Survey,,,,,
Author: Jennifer L. Truman,,,,,
Refer questions to: askbjs@usdoj.gov (202) 307-0765,,,,,
Date of version: 9/15/2011,,,,,
,,,,,
"Appendix Table 6. Standard errors for property victimizations, 1993�2010",,,,,
,"Rate per 1,000 households",,,,
,Property victimization,,,,
1993,4.6,,,,
1994,3.6,,,,
1995,3.5,,,,
1996,3.4,,,,
1997,3.9,,,,
1998,3.5,,,,
1999,3.4,,,,
2000,3.7,,,,
2001,3.6,,,,
2002,3.2,,,,
2003,3.1,,,,
2004,3,,,,
2005,3.4,,,,
2006,3.1,,,,
2007,2.9,,,,
2008,3.2,,,,
2009,2.8,,,,
2010,2.4,,,,
