Bureau of Justice Statistics,,,,,
Filename: cv10f03.csv,,,,,
"Figure 3. Violent victimization with series victimizations included and excluded, 1993-2010",,,,,
"Report title:  Criminal Victimization, 2010  NCJ 235508",,,,,
Data source: National Crime Victimization Survey,,,,,
Author: Jennifer L. Truman,,,,,
Refer questions to: askbjs@usdoj.gov (202) 307-0765,,,,,
Date of version: 9/15/2011,,,,,
,,,,,
"Figure 3. Violent victimization with series victimizations included and excluded, 1993-2010",,,,,
,"Rate per 1,000 persons age 12 or older",,,,
,Series excluded,Series included,,,
1993,49.9,79.8,,,
1994,51.8,80,,,
1995,46.6,70.7,,,
1996,42,64.7,,,
1997,39.2,61.1,,,
1998,36.6,54.1,,,
1999,32.8,47.2,,,
2000,27.9,37.5,,,
2001,25.1,32.6,,,
2002,23.1,32.1,,,
2003,22.6,32.1,,,
2004,21.4,27.8,,,
2005,21.1,28.4,,,
2006*,24.7,34.1,,,
2007,20.7,27.2,,,
2008,19.3,25.3,,,
2009,17.1,22.3,,,
2010,14.9,19.3,,,
Note: See appendix table 5 for standard errors.,,,,,
"*Due to methodological changes, use caution when comparing 2006 NCVS criminal victimization estimates to other years. See Criminal Victimization, 2007, http://www.bjs.gov, for more information.",,,,,
"Source: National Crime Victimization Survey, 1993-2010.",,,,,
