Bureau of Justice Statistics,,,,,
Filename: cv10at14.csv,,,,,
"Appendix Table 14. Standard errors for violent and property victimizations reported to police, 2010",,,,,
"Report title:  Criminal Victimization, 2010  NCJ 235508",,,,,
Data source: National Crime Victimization Survey,,,,,
Author: Jennifer L. Truman,,,,,
Refer questions to: askbjs@usdoj.gov (202) 307-0765,,,,,
Date of version: 9/15/2011,,,,,
,,,,,
"Appendix Table 14. Standard errors for violent and property victimizations reported to police, 2010",,,,,
Type of crime,,,Percent reported,,
Violent crime,,,2,%,
,Serious violent crime,,3,,
,,Rape/sexual assault,7.2,,
,,Robbery,4.7,,
,,Aggravated assault,3.9,,
,Simple assault,,2.4,,
Property crime,,,0.9,%,
 ,Burglary,,1.9,,
,Motor vehicle theft,,2.9,,
,Theft,,1,,
