Bureau of Justice Statistics,,,,,,,,,,,,,,,,,,,,,,,,
Filename: cv10t05.csv,,,,,,,,,,,,,,,,,,,,,,,,
"Table 5. Violent victimizations, by type of crime and victim-offender relationship, 2010",,,,,,,,,,,,,,,,,,,,,,,,
"Report title:  Criminal Victimization, 2010  NCJ 235508",,,,,,,,,,,,,,,,,,,,,,,,
Data source: National Crime Victimization Survey,,,,,,,,,,,,,,,,,,,,,,,,
Author: Jennifer L. Truman,,,,,,,,,,,,,,,,,,,,,,,,
Refer questions to: askbjs@usdoj.gov (202) 307-0765,,,,,,,,,,,,,,,,,,,,,,,,
Date of version: 9/15/2011,,,,,,,,,,,,,,,,,,,,,,,,
,,,,,,,,,,,,,,,,,,,,,,,,
"Table 5. Violent victimizations, by type of crime and victim-offender relationship, 2010",,,,,,,,,,,,,,,,,,,,,,,,
,,,Violent crime,,,,Rape/sexual assault,,,,,Robbery,,,,,Aggravated assault,,,,,Simple assault,,
Relationship to victim,,,Number ,Percent,,,Number ,,Percent,,,Number ,,Percent,,,Number ,,Percent,,,Number ,Percent,
Male victims,,,,,,,,,,,,,,,,,,,,,,,,
,Total,,"1,956,320",100,%,,"15,020", !,100,% !,,"302,400",,100,%,,"420,460",,100,%,,"1,218,440",100,%
,Nonstranger,,"781,300",40,%,,"11,730", !,78,% !,,"51,780",,17,%,,"208,020",,49,%,,"509,770",42,%
,,Intimate/a,"101,530",5,,,--,,--,,,"22,110", !,7, !,,"29,290", !,7, !,,"50,140",4,
,,Other relative,"111,680",6,,,--,,--,,,"1,900", !,1, !,,"41,710",,10,,,"68,070",6,
,,Friend/acquaintance,"568,090",29,,,"11,730", !,78, !,,"27,780", !,9, !,,"137,020",,33,,,"391,560",32,
,Stranger,,"934,520",48,%,,"1,220", !,8,% !,,"216,330",,72,%,,"154,680",,37,%,,"562,290",46,%
,Unknown/b,,"240,500",12,%,,"2,070", !,14,% !,,"34,280", !,11,% !,,"57,760",,14,%,,"146,380",12,%
Female victims,,,,,,,,,,,,,,,,,,,,,,,,
,Total,,"1,854,980",100,%,,"169,370",,100,%,,"176,270",,100,%,,"304,720",,100,%,,"1,204,620",100,%
,Nonstranger,,"1,182,330",64,%,,"124,030",,73,%,,"76,140",,43,%,,"163,150",,54,%,,"819,010",68,%
,,Intimate/a,"407,700",22,,,"29,010", !,17, !,,"36,540",,21,,,"71,640",,24,,,"270,510",22,
,,Other relative,"162,510",9,,,"12,920", !,8, !,,"18,540", !,11, !,,"14,510", !,5, !,,"116,530",10,
,,Friend/acquaintance,"612,130",33,,,"82,100",,48,,,"21,070", !,12, !,,"76,990",,25,,,"431,970",36,
,Stranger,,"562,580",30,%,,"41,950",,25,%,,"93,760",,53,%,,"114,460",,38,%,,"312,410",26,%
,Unknown/b,,"110,070",6,%,,"3,390", !,2,% !,,"6,360", !,4,% !,,"27,110", !,9,% !,,"73,210",6,%
Note: Detail may not sum to total due to rounding. See appendix table 12 for standard errors.,,,,,,,,,,,,,,,,,,,,,,,,
"! Interpret with caution; estimate based on 10 or fewer sample cases, or coefficient of variation is greater than 50%.",,,,,,,,,,,,,,,,,,,,,,,,
--Less than 0.5%.,,,,,,,,,,,,,,,,,,,,,,,,
"a/Defined as current or former spouses, boyfriends, or girlfriends.",,,,,,,,,,,,,,,,,,,,,,,,
b/Includes relationship unknown and number of offenders unknown.,,,,,,,,,,,,,,,,,,,,,,,,
"Source: National Crime Victimization Survey, 2010.",,,,,,,,,,,,,,,,,,,,,,,,
