Bureau of Justice Statistics,,,,,
Filename: cv10at09.csv,,,,,
"Appendix Table 9. Standard errors for total violent and serious violent victimizations involving a weapon, 2001�2010",,,,,
"Report title:  Criminal Victimization, 2010  NCJ 235508",,,,,
Data source: National Crime Victimization Survey,,,,,
Author: Jennifer L. Truman,,,,,
Refer questions to: askbjs@usdoj.gov (202) 307-0765,,,,,
Date of version: 9/15/2011,,,,,
,,,,,
"Appendix Table 9. Standard errors for total violent and serious violent victimizations involving a weapon, 2001�2010",,,,,
,Total violent victimization,Serious violent victimzation,,,
2001,1.3,%,2.1,%,
2002,1.3,,2.3,,
2003,1.4,,2.3,,
2004,1.3,,2.4,,
2005,1.5,,2.6,,
2006,1.4,,2.4,,
2007,1.4,,2.7,,
2008,1.4,,2.9,,
2009,1.6,,2.9,,
2010,1.6,,2.9,,
