Bureau of Justice Statistics,,,,,,,,,,,,,,,,,,,,,
Filename: cv10at012.csv,,,,,,,,,,,,,,,,,,,,,
"Appendix Table 12. Standard errors for violent victimizations, by type of crime and victim-offender relationship, 2010",,,,,,,,,,,,,,,,,,,,,
"Report title:  Criminal Victimization, 2010  NCJ 235508",,,,,,,,,,,,,,,,,,,,,
Data source: National Crime Victimization Survey,,,,,,,,,,,,,,,,,,,,,
Author: Jennifer L. Truman,,,,,,,,,,,,,,,,,,,,,
Refer questions to: askbjs@usdoj.gov (202) 307-0765,,,,,,,,,,,,,,,,,,,,,
Date of version: 9/15/2011,,,,,,,,,,,,,,,,,,,,,
,,,,,,,,,,,,,,,,,,,,,
"Appendix Table 12. Standard errors for violent victimizations, by type of crime and victim-offender relationship, 2010",,,,,,,,,,,,,,,,,,,,,
,,,Total violent crime,,,,Rape/sexual assault,,,,Robbery,,,,Aggravated assault,,,,Simple assault,,
Relationship to victim,,,Number,Percent,,,Number,Percent,,,Number,Percent,,,Number,Percent,,,Number,Percent,
Male victims,,,,,,,,,,,,,,,,,,,,,
,Nonstranger,,"68,900",2.5,%,,"6,519",19.8,%,,"14,441",4.2,%,,"31,513",5,%,,"53,304",3.1,%
,,Intimate,"20,966",1,,,~,~,,,"9,119",2.9,,,"10,602",2.4,,,"14,188",1.1,
,,Other relative,"22,117",1.1,,,~,~,,,"2,542",0.8,,,"12,834",2.8,,,"16,784",1.3,
,,Friend/acquaintance,"56,869",2.3,,,"6,519",19.8,,,"10,304",3.2,,,"24,824",4.6,,,"45,578",2.9,
,Stranger,,"76,814",2.6,%,,"2,027",12.9,%,,"32,233",5.3,%,,"26,594",4.8,%,,"56,521",3.1,%
,Unknown,,"34,269",1.6,%,,"2,656",16.3,%,,"11,541",3.5,%,,"15,333",3.3,%,,"25,773",1.9,%
,,,,,,,,,,,,,,,,,,,,,
Female victims,,,,,,,,,,,,,,,,,,,,,
,Nonstranger,,"88,683",2.6,%,,"23,464",6.7,%,,"17,858",7.3,%,,"27,415",5.8,%,,"70,897",3,%
,,Intimate,"46,678",2.1,,,"10,547",5.5,,,"11,945",5.9,,,"17,266",4.8,,,"36,691",2.5,
,,Other relative,"27,353",1.4,,,"6,860",3.8,,,"8,304",4.4,,,"7,294",2.3,,,"22,653",1.7,
,,Friend/acquaintance,"59,473",2.4,,,"18,621",7.5,,,"8,888",4.7,,,"17,969",4.9,,,"48,305",3,
,Stranger,,"56,538",2.4,%,,"12,874",6.4,%,,"20,052",7.4,%,,"22,425",5.5,%,,"39,909",2.7,%
,Unknown,,"21,937",1.1,%,,"3,421",2,%,,"4,735",2.6,%,,"10,172",3.1,%,,"17,473",1.4,%
~Not applicable.,,,,,,,,,,,,,,,,,,,,,
