Bureau of Justice Statistics,,,,,
Filename: cv10f01.csv,,,,,
"Figure 1. Total violent and serious violent victimizations, 2001-2010",,,,,
"Report title:  Criminal Victimization, 2010  NCJ 235508",,,,,
Data source: National Crime Victimization Survey,,,,,
Author: Jennifer L. Truman,,,,,
Refer questions to: askbjs@usdoj.gov (202) 307-0765,,,,,
Date of version: 9/15/2011,,,,,
,,,,,
"Figure 1. Total violent and serious violent victimizations, 2001-2010",,,,,
,Number (in millions),,,,
,Total violent victimization,Serious violent victimzation**,,,
2001,5.7,2.1,,,
2002,5.3,1.8,,,
2003,5.4,1.9,,,
2004,5.2,1.7,,,
2005,5.2,1.9,,,
2006*,6.1,2.3,,,
2007,5.2,1.7,,,
2008,4.9,1.6,,,
2009,4.3,1.5,,,
2010,3.8,1.4,,,
Note: See appendix table 1 for standard errors.,,,,,
"*Due to methodological changes, use caution when comparing 2006 NCVS criminal victimization estimates to other years. See Criminal Victimization, 2007, http://www.bjs.gov, for more information.",,,,,
"**Includes rape or sexual assault, robbery, and aggravated assault.",,,,,
"Source: National Crime Victimization Survey, 1993-2010.",,,,,
