Bureau of Justice Statistics,,,,,
Filename: cv10t06.csv,,,,,
"Table 6. Intimate partner violence, by sex of victim, 2009 and 2010",,,,,
"Report title:  Criminal Victimization, 2010  NCJ 235508",,,,,
Data source: National Crime Victimization Survey,,,,,
Author: Jennifer L. Truman,,,,,
Refer questions to: askbjs@usdoj.gov (202) 307-0765,,,,,
Date of version: 9/15/2011,,,,,
,,,,,
"Table 6. Intimate partner violence, by sex of victim, 2009 and 2010",,,,,
,2009,,,2010,
Sex of victim,Number,Rate*,,Number ,Rate*
Male,"125,120",1,,"101,530",0.8
Female,"544,730",4.2,,"407,700",3.1
Note: See appendix table 13 for standard errors.,,,,,
"*Rate per 1,000 persons age 12 or older.",,,,,
"Source: National Crime Victimization Survey, 2009�2010.",,,,,
