Bureau of Justice Statistics,,,,,,,,
Filename: ssprfs0501.csv,,,,,,,,
"Table 1.  Applications for firearm transfers and permits processed by States, 2005",,,,,,,,
"Report Title: Survey of State Procedures Related to Firearm Sales, 2005   NCJ 214645",,,,,,,,
Data source: Firearm Inquiry Statistics (FIST),,,,,,,,
Refer questions to: askbjs@usdoj.gov  202-307-0765,,,,,,,,
"Authors: Devon Adams and Ronald J. Frandsen, REJIS",,,,,,,,
Date of version: 10/19/06,,,,,,,,


"Table 1.  Applications for firearm transfers and permits processed by States, 2005",,,,,,,,

,Firearm transfer applications/a,,,,Purchase or carry permit applications/b,,,
State,Received,Rejected,Rejection rate,,Received,Rejected,Rejection rate,
Alaska,---,---,---,,"1,487",28,1.9,%
Arizona ,---,---,---,,"19,754","1,473",7.5,
Arkansas,---,---,---,,"4,736",183,3.9
California ,"344,847","3,470",1,%,---,---,---
Colorado ,"151,758","4,734",3.1,,---,---,---

Connecticut ,"57,874",146,0.3,,---,---,---
Delaware,"10,803",415,3.8,,---,---,---
Florida,"350,790","8,103",2.3,,---,---,---
Hawaii,---,---,---,,"8,695",110,1.3
Illinois,"154,633",969,0.6,,"231,693","5,981",2.6

Indiana,---,---,---,,"70,904","1,008",1.4
Maryland,"24,287",396,1.6,,---,---,---
Minnesota,---,---,---,,"7,393",157,2.1
Nevada,"61,539","1,391",2.3,,---,---,---
New Hampshire,"14,628",116,0.8,,---,---,---

New Jersey ,"38,007",96,0.3,,"39,379",682,1.7
North Dakota,---,---,---,,"2,250",4,0.2
Oregon,"139,797","2,549",1.8,,---,---,---
South Carolina,---,---,---,,"5,847",137,2.3
Tennessee,"211,308","7,336",3.5,,---,---,---

Texas,---,---,---,,"26,682",353,1.3
Utah,"72,564","2,332",3.2,,"10,597",162,1.5
Virginia,"217,051","2,668",1.2,,---,---,---
Wisconsin,"35,254",530,1.5,,---,---,---
Wyoming,---,---,---,,"1,165",25,2.1

"Notes: Counts are from agencies that reported complete statewide data for the entire period.  Hawaii,    ",,,,,,,
Minnesota and New Jersey permits are issued locally but counts are reported by a State agency.,,,,,,,
 ---Not applicable or data Not available,,,,,,,
a/Counts include all types of firearms except those for New Hampshire and Wisconsin (handguns only); ,,,,,,,
"States listed use instant check except for California and Maryland, which have ""other approval"" systems."
"b/Counts are for carry permits that may waive a purchase check, except for Hawaii (permits to acquire), "
"Illinois (identification cards), and New Jersey (identification cards and handgun permits)."

"Source:  Background Checks for Firearm Transfers, 2005, November 2006, NCJ 214256."
