Bureau of Justice Statistics,,,
Filename: ppus16f01.csv,,,
"Figure 1. Adults under community supervision, probation, and parole on December 31, 2000�2016",,,
"Report title: Probation and Parole in the United States, 2016   NCJ 251148",,,
"Data source:  Bureau of Justice Statistics, Annual Probation Survey and Annual Parole Survey, 2016.",,,
"Author:  Danielle Kaeble, BJS Statistician",,,
Refer questions to: askbjs@usdoj.gov or 202-307-0765,,,
Date of version: 4/26/2018,,,
,,,
"Figure 1. Adults under community supervision, probation, and parole on December 31, 2000�2016",,,
,Total community supervision,Probation ,Parole
2000,"4,564,900","3,839,370","725,527"
,"4,665,700","3,934,540","731,147"
,"4,748,100","3,994,980","753,141"
,"4,847,300","4,073,790","773,498"
,"4,916,300","4,140,440","775,875"
2005,"4,946,600","4,162,290","784,354"
,"5,035,000","4,236,830","798,202"
,"5,119,000","4,292,950","826,097"
,"5,093,400","4,271,240","826,074"
,"5,019,900","4,199,750","824,584"
2010,"4,888,500","4,055,930","840,824"
,"4,818,300","3,973,760","855,458"
,"4,790,700","3,944,940","858,385"
,"4,749,800","3,912,880","849,467"
,"4,713,200","3,868,450","857,686"
2015,"4,650,900","3,789,790","870,526"
2016,"4,537,100","3,673,120","874,777"
Note: Estimates are based on most recent data and may differ from previously published statistics. See Methodology. The total community supervision population excludes parolees on probation to avoid double counting and will not equal the sum of probation and parole populations.,,,
"Source: Bureau of Justice Statistics, Annual Probation Survey and Annual Parole Survey, 2000-2016. ",,,
