"Bureau of Justice Statistics",,,,,,,,,,
"filename:  scs96210.csv",,,,,,,,,,
"table #:Table 2.10. Percent of convicted felons sentenced by State courts",,,,,,,,,,
"to incarceration or prison, by gender, race, and offense, 1996",,,,,,,,,,
"report title:  State Court Sentencing of Convicted Felons, 1996; NCJ  175708",,,,,,,,,,
"data sources:  National Judicial Reporting Program",,,,,,,,,,
"authors:  David J. Levin, Patrick A. Langan, & Jodi M. Brown ",,,,,,,,,,
"refer questions to: askbjs@ojp.usdoj.gov (202)307-0765",,,,,,,,,,
"date of version:  02/15/00",,,,,,,,,,
,,,,,,,,,,
,,,,,,,,,,
"Table 2.10. Percent of convicted felons sentenced by State courts",,,,,,,,,,
"to incarceration or prison, by gender, race, and offense, 1996",,,,,,,,,,
,,,,,,,,,,
,,,,,,,,,,
,,,"Percent receiving designated sentence",,,,,,,
"Most serious",,,,"White",,,,"Black",,
"conviction offense",,,"Male",,"Female",,"Male",,"Female",
,,,,,,,,,,
"Sentenced to ",,,,,,,,,,
"incarceration",,,,,,,,,,
,,,,,,,,,,
,,"All offenses",68,"%",54,"%",76,"%",63,"%"
,,,,,,,,,,
"Violent offenses",,,78,"%",60,"%",84,"%",66,"%"
,,,,,,,,,,
,"Murder/a",,95,,82,,95,,89,
,"Sexual assault/b",,81,,52,,82,,68,
,"Robbery",,86,,74,,88,,76,
,"Aggravated assault",,72,,52,,78,,59,
,"Other violent/c",,72,,58,,77,,67,
,,,,,,,,,,
"Property offenses",,,64,"%",48,"%",73,"%",56,"%"
,,,,,,,,,,
,"Burglary",,69,,63,,79,,78,
,"Larceny/d",,64,,46,,74,,60,
,"Fraud/e",,52,,45,,59,,47,
,,,,,,,,,,
"Drug offenses",,,70,"%",62,"%",76,"%",71,"%"
,,,,,,,,,,
,"Possession",,69,,65,,74,,69,
,"Trafficking",,70,,59,,78,,71,
,,,,,,,,,,
"Weapons offenses",,,62,"%",60,"%",72,"%",56,"%"
,,,,,,,,,,
"Other offenses/f",,,66,"%",50,"%",71,"%",63,"%"
,,,,,,,,,,
"Sentenced to prison",,,,,,,,,,
,,,,,,,,,,
,,"All offenses",35,"%",19,"%",49,"%",32,"%"
,,,,,,,,,,
"Violent offenses",,,52,"%",32,"%",67,"%",43,"%"
,,,,,,,,,,
,"Murder/a",,90,,78,,93,,85,
,"Sexual assault/b",,62,,41,,70,,54,
,"Robbery",,68,,52,,76,,56,
,"Aggravated assault",,38,,18,,53,,32,
,"Other violent/c",,39,,19,,50,,36,
,,,,,,,,,,
"Property offenses",,,33,"%",19,"%",46,"%",27,"%"
,,,,,,,,,,
,"Burglary",,42,,22,,58,,43,
,"Larceny/d",,29,,16,,42,,29,
,"Fraud/e",,25,,20,,33,,22,
,,,,,,,,,,
"Drug offenses",,,29,"%",18,"%",45,"%",35,"%"
,,,,,,,,,,
,"Possession",,24,,15,,38,,30,
,"Trafficking",,32,,20,,48,,38,
,,,,,,,,,,
"Weapons offenses",,,32,"%",25,"%",47,"%",31,"%"
,,,,,,,,,,
"Other offenses/f",,,30,"%",17,"%",38,"%",34,"%"
,,,,,,,,,,
,,,,,,,,,,
"Note: See note on tables 1.1, 1.2, and 2.1.",,,,,,,,,,
"Racial categories include Hispanics.",,,,,,,,,,
"-- Less than 0.5%.",,,,,,,,,,
"a/Includes nonnegligent manslaughter. ",,,,,,,,,,
"b/Includes rape.",,,,,,,,,,
"c/Includes offenses such as negligent manslaughter and kidnaping.",,,,,,,,,,
"d/Includes motor vehicle theft.",,,,,,,,,,
"e/Includes forgery and embezzlement.",,,,,,,,,,
"f/Composed of nonviolent offenses such as receiving stolen property and vandalism.",,,,,,,,,,
