"Bureau of Justice Statistics",,,,,,,,,,,,,,,,,,
"filename:  scs9617.csv",,,,,,,,,,,,,,,,,,
"table #:  Table 1.7.  Convicted felons sentenced to prison by State courts, by number of conviction offenses, 1996",,,,,,,,,,,,,,,,,,
"report title:  State Court Sentencing of Convicted Felons, 1996; NCJ 175708",,,,,,,,,,,,,,,,,,
"data source:  National Judicial Reporting Program, 1996",,,,,,,,,,,,,,,,,,
"authors: David J. Levin, Patrick A. Langan, & Jodi M. Brown",,,,,,,,,,,,,,,,,,
"refer questions to:  askbjs@ojp.usdoj.gov  (202) 307-0765",,,,,,,,,,,,,,,,,,
"date of version:  May 14, 1999",,,,,,,,,,,,,,,,,,
,,,,,,,,,,,,,,,,,,
"Please note: The first table was used to generate data in the second table,",,,,,,,,,,,,,,,,,,
"Table 1.7.  Convicted felons sentenced to prison by State courts, by number of conviction offenses, 1996",,,,,,,,,,,,,,,,,,
,,,,,,,,,,,,,,,,,,
"Source table",,,,,,,,,,,,,,,,,,
"Count",,,,,,,,,,,,,,,,,,
,,,,,,,,,"Number of felons sentenced in State courts following --",,,,,,,,,
,,,"One felony conviction",,,,,,"Two felony convictions",,,,,,"Three or more felony convictions",,,
"Most serious conviction offense","Prison",,"Jail",,"Probation",,"Prison",,"Jail",,"Probation",,"Prison",,"Jail",,"Probation",
"All Offenses",264415,,243586,,243433,,87233,,50316,,57149,,19513,,7523,,10313,
"Violent Offenses",58745,,28954,,26826,,25933,,6445,,7229,,7352,,1152,,1321,
"Murder/a",6098,,254,,424,,3048,,55,,139,,961,,6,,21,
"Rape/b",11411,,3706,,4590,,5150,,887,,1434,,1706,,190,,199,
"Robbery",19077,,4741,,4028,,8548,,1067,,1016,,2305,,230,,163,
"Aggravated assault",18327,,16218,,14726,,7991,,3725,,3994,,2117,,668,,857,
"Other violent/c",3831,,4035,,3059,,1196,,712,,646,,263,,58,,81,
"Property Offenses",67842,,63441,,83050,,26161,,16136,,24439,,5599,,3377,,4753,
"Burglary",25027,,16160,,17034,,13480,,6186,,8794,,2679,,1164,,1046,
"Larceny/d",30712,,34074,,38694,,6501,,4975,,5306,,937,,588,,724,
"Fraud/e",12103,,13206,,27321,,6180,,4975,,10339,,1984,,1625,,2983,
"Drug Offenses",89506,,101518,,75613,,26293,,21532,,18475,,4514,,2178,,2587,
"Possession",33520,,48991,,34768,,4946,,6624,,5153,,372,,280,,373,
"Trafficking",55987,,52527,,40845,,21348,,14908,,13321,,4142,,1898,,2214,
"Weapons offenses",9355,,7114,,8297,,2938,,1595,,1974,,741,,211,,431,
"Other offenses/f",38967,,42558,,49647,,5909,,4608,,5032,,1307,,606,,1220,
,,,,,,,,,,,,,,,,,,
"Percent",,,,,,,,,,,,,,,,,,
"Table 1.7.  Convicted felons sentenced to prison by State courts, by number of conviction offenses, 1996",,,,,,,,,,,,,,,,,,
,,,,,,,,,,,,,,,,,,
,,,,,,,,,"Percent of felons sentenced in State courts following --",,,,,,,,,
,,,"One felony conviction",,,,,,"Two felony convictions",,,,,,"Three or more felony convictions",,,
"Most serious conviction offense","Prison",,"Jail",,"Probation",,"Prison",,"Jail",,"Probation",,"Prison",,"Jail",,"Probation",
"All Offenses",35,"%",32,"%",32,"%",45,"%",26,"%",29,"%",52,"%",20,"%",28,"%"
"Violent Offenses",51,"%",25,"%",23,"%",65,"%",16,"%",18,"%",75,"%",12,"%",13,"%"
"Murder/a",90,,4,,6,,94,,2,,4,,97,,1,,2,
"Rape/b",58,,19,,23,,69,,12,,19,,81,,9,,9,
"Robbery",69,,17,,14,,80,,10,,10,,85,,9,,6,
"Aggravated assault",37,,33,,30,,51,,24,,25,,58,,18,,24,
"Other violent/c",35,,37,,28,,47,,28,,25,,65,,14,,20,
"Property Offenses",32,"%",30,"%",39,"%",39,"%",24,"%",37,"%",41,"%",25,"%",35,"%"
"Burglary",43,,28,,29,,47,,22,,31,,55,,24,,21,
"Larceny/d",30,,33,,37,,39,,30,,32,,42,,26,,32,
"Fraud/e",23,,25,,52,,29,,23,,48,,30,,25,,45,
"Drug Offenses",34,"%",38,"%",28,"%",40,"%",32,"%",28,"%",49,"%",23,"%",28,"%"
"Possession",29,,42,,30,,30,,40,,31,,36,,27,,36,
"Trafficking",37,,35,,27,,43,,30,,27,,50,,23,,27,
"Weapons offenses",38,"%",29,"%",34,"%",45,"%",25,"%",30,"%",54,"%",15,"%",31,"%"
"Other offenses/f",30,"%",32,"%",38,"%",38,"%",30,"%",32,"%",42,"%",19,"%",39,"%"
,,,,,,,,,,,,,,,,,,
"Note:  For persons receiving a combination of sentences, the sentence designation came from the most severe penalty imposed -- prison being the most sever, followed by jail, then probation.  Prison includes death sentences.",,,,,,,,,,,,,,,,,,
"Data on number of conviction offenses were available for 983,481 cases.  The number of convictions pertains to current, not past, convictions.",,,,,,,,,,,,,,,,,,
"a/ Includes nonnegligent manslaughter.",,,,,,,,,,,,,,,,,,
"b/ Includes rape.",,,,,,,,,,,,,,,,,,
"c/ Includes offenses such as negligent manslaughter and kidnaping.",,,,,,,,,,,,,,,,,,
"d/ Includes motor vehicle theft.",,,,,,,,,,,,,,,,,,
"e/ Includes forgery and embezzlement.",,,,,,,,,,,,,,,,,,
"f/ Composed of nonviolent offenses such as receiving stolen property and vandalism.",,,,,,,,,,,,,,,,,,
