"Bureau of Justice Statistics",,,,,,,,,,,,
"filename:  scs9629.csv",,,,,,,,,,,,
"table #: Table 2.9.  Gender and race of felons sentenced to jail or probation",,,,,,,,,,,,
"by State courts, by offense, 1996",,,,,,,,,,,,
"report title:  State Court Sentencing of Convicted Felons, 1996; NCJ 175708",,,,,,,,,,,,
"data sources:  National Judicial Reporting Program",,,,,,,,,,,,
"authors:  David J. Levin, Patrick A. Langan, & Jodi M. Brown ",,,,,,,,,,,,
"refer questions to:  askbjs@ojp.usdoj.gov  (202) 307-0765",,,,,,,,,,,,
"date of version:  02/15/00",,,,,,,,,,,,
,,,,,,,,,,,,
"Table 2.9.  Gender and race of felons sentenced to jail or probation",,,,,,,,,,,,
"by State courts, by offense, 1996",,,,,,,,,,,,
,,,,,,,,,,,,
,,,,,,,"Percent of convictions",,,,,
"Most serious ",,,,,,"Gender",,,,"Race",,
"conviction offense",,,"Total",,"Male",,"Female",,"White",,"Black",
,,,,,,,,,,,,
"Jail",,,,,,,,,,,,
,,,,,,,,,,,,
,,"All offenses",100,"%",100,"%",100,"%",100,"%",100,"%"
,,,,,,,,,,,,
"Violent Offenses",,,12,"%",14,"%",6,"%",12,"%",11,"%"
,"Murder /a",,"--",,"--",,"--",,"--",,"--",
,"Sexual assault /b",,2,,2,,"--",,2,,1,
,"Robbery",,2,,2,,1,,1,,3,
,"Aggravated assault",,7,,7,,5,,7,,6,
,"Other violent /c",,1,,2,,1,,2,,1,
,,,,,,,,,,,,
"Property offenses",,,28,"%",25,"%",36,"%",30,"%",25,"%"
,"Burglary",,8,,8,,5,,9,,6,
,"Larceny /d",,13,,12,,16,,13,,13,
,"Fraud /e",,7,,5,,15,,7,,7,
,,,,,,,,,,,,
"Drug offenses",,,42,"%",42,"%",47,"%",37,"%",49,"%"
,"Possession",,17,,18,,23,,16,,18,
,"Trafficking",,24,,25,,24,,21,,31,
,,,,,,,,,,,,
"Weapons offenses",,,3,"%",3,"%",1,"%",2,"%",4,"%"
,,,,,,,,,,,,
"Other offenses /f",,,15,"%",16,"%",10,"%",18,"%",11,"%"
,,,,,,,,,,,,
"Probation",,,,,,,,,,,,
,,,,,,,,,,,,
,,"All offenses",100,"%",100,"%",100,"%",100,"%",100,"%"
,,,,,,,,,,,,
"Violent offenses",,,12,"%",14,"%",8,"%",11,"%",12,"%"
,"Murder /a",,"--",,"--",,"--",,"--",,"--",
,"Sexual assault /b",,2,,3,,"--",,2,,1,
,"Robbery",,2,,2,,1,,1,,3,
,"Aggravated assault",,6,,7,,5,,6,,6,
,"Other violent /c",,1,,1,,1,,1,,1,
,,,,,,,,,,,,
"Property offenses",,,37,"%",32,"%",50,"%",39,"%",32,"%"
,"Burglary",,9,,10,,3,,10,,7,
,"Larceny /d",,15,,12,,19,,15,,13,
,"Fraud /e",,13,,9,,28,,14,,13,
,,,,,,,,,,,,
"Drug offenses",,,33,"%",32,"%",30,"%",28,"%",40,"%"
,"Possession",,12,,12,,12,,11,,15,
,"Trafficking",,20,,20,,18,,17,,25,
,,,,,,,,,,,,
"Weapons offenses",,,4,"%",4,"%",1,"%",3,"%",5,"%"
,,,,,,,,,,,,
"Other offenses /f",,,15,"%",18,"%",11,"%",18,"%",10,"%"
,,,,,,,,,,,,
"Note: See note on tables 1.1, 1.2, and 2.1.",,,,,,,,,,,,
"Detail may not sum to total because of rounding.",,,,,,,,,,,,
"-- Less than 0.5%.",,,,,,,,,,,,
"Some estimates in this table are based on as few as 1 case and are theerefore unreliable.",,,,,,,,,,,,
"Racial categories include Hispanics.",,,,,,,,,,,,
"a/ Includes nonnegligent manslaughter. ",,,,,,,,,,,,
"b/ Includes rape.",,,,,,,,,,,,
"c/ Includes offenses such as negligent manslaughter and kidnaping.",,,,,,,,,,,,
"d/ Includes motor vehicle theft.",,,,,,,,,,,,
"e/ Includes forgery and embezzlement.",,,,,,,,,,,,
"f/ Composed of nonviolent offenses such as receiving stolen property and vandalism.",,,,,,,,,,,,
