"Bureau of Justice Statistics",,,,,,,,,,
"filename: scs9612.csv",,,,,,,,,,
"table #:  Table 1.2.  Types of felony sentences imposed by State courts, by offense, 1996",,,,,,,,,,
"report title:  Felony Sentences in State Courts, 1996; NCJ 173939",,,,,,,,,,
"data source:  National Judicial Reporting Program, 1996",,,,,,,,,,
"authors:  David J. Levin, Patrick A. Langan, & Jodi M. Brown",,,,,,,,,,
"refer questions to:  askbjs@ojp.usdoj.gov  (202) 307-0765",,,,,,,,,,
"date of version:  May 14, 1999",,,,,,,,,,
,,,,,,,,,,
"Pease note: The first table of counts is used to generate the second table,",,,,,,,,,,
"Table 1.2.  Types of felony sentences imposed by State courts, by offense, 1996  ",,,,,,,,,,
,,,,,,,,,,
"Counts",,,,,,,,,,
,,,"Number of felons sentenced to --",,,,,,,
,,,,,"Incarceration",,,,,
"Most serious conviction offense","Total",,"Total Incarceration",,"Prison",,"Jail",,"Probation",
"All Offenses",997906,,684044,,379322,,304722,,313862,
"Violent Offenses",167821,,131994,,95023,,36971,,35827,
"Murder/a",11430,,10833,,10505,,328,,596,
"Sexual assault/b",30055,,23765,,18941,,4825,,6290,
"Robbery",42831,,37381,,31195,,6187,,5450,
"Aggravated assault",69521,,49852,,29042,,20810,,19669,
"Other violent/c",13984,,10162,,5341,,4822,,3822,
"Property Offenses",298624,,185419,,101758,,83661,,113206,
"Burglary",93195,,66101,,42252,,23849,,27094,
"Larceny/d",123201,,78226,,38470,,39755,,44975,
"Fraud/e",82228,,41092,,21035,,20057,,41136,
"Drug Offenses",347730,,249896,,122822,,127073,,97834,
"Possession",135270,,94919,,38909,,56010,,40351,
"Trafficking",212461,,154977,,83913,,71064,,57484,
"Weapons offenses",33337,,22413,,13302,,9111,,10924,
"Other offenses/f",150393,,94322,,46417,,47905,,56071,
,,,,,,,,,,
"Percents",,,,,,,,,,
"Table 1.2.  Types of felony sentences imposed by State courts, by offense, 1996",,,,,,,,,,
,,,,,,,,,,
,,,"Percent of felons sentenced to --",,,,,,,
,,,,,"Incarceration",,,,,
"Most serious conviction offense","Total",,"Total Incarceration",,"Prison",,"Jail",,"Probation",
"All Offenses",100,"%",69,"%",38,"%",31,"%",31,"%"
"Violent Offenses",100,"%",79,"%",57,"%",22,"%",21,"%"
"Murder/a",100,,95,,92,,3,,5,
"Sexual assault/b",100,,79,,63,,16,,21,
"Robbery",100,,87,,73,,14,,13,
"Aggravated assault",100,,72,,42,,30,,28,
"Other violent/c",100,,73,,38,,34,,27,
"Property Offenses",100,"%",62,"%",34,"%",28,"%",38,"%"
"Burglary",100,,71,,45,,26,,29,
"Larceny/d",100,,63,,31,,32,,37,
"Fraud/e",100,,50,,26,,24,,50,
"Drug Offenses",100,"%",72,"%",35,"%",37,"%",28,"%"
"Possession",100,,70,,29,,41,,30,
"Trafficking",100,,73,,39,,33,,27,
"Weapons offenses",100,"%",67,"%",40,"%",27,"%",33,"%"
"Other offenses/f",100,"%",63,"%",31,"%",32,"%",37,"%"
,,,,,,,,,,
"Note:  For persons receiving a combination of sentences, the sentence designation came from the most severe penalty imposed -- prison being the most sever, followed by jail, then probation.  Prison includes death sentences.",,,,,,,,,,
"Data on sentence type were available for 997,906 cases.",,,,,,,,,,
"a/ Includes nonnegligent manslaughter.",,,,,,,,,,
"b/ Includes rape.",,,,,,,,,,
"c/ Includes offenses such as negligent manslaughter and kidnaping.",,,,,,,,,,
"d/ Includes motor vehicle theft.",,,,,,,,,,
"e/ Includes forgery and embezzlement.",,,,,,,,,,
"f/ Composed of nonviolent offenses such as receiving stolen property and vandalism.",,,,,,,,,,
