"Bureau of Justice Statistics",,,,,,,,,,,,,,,,
"filename:  scs9631.csv",,,,,,,,,,,,,,,,
"table #: Table 3.1.  Estimated number of felony convictions in State courts,",,,,,,,,,,,,,,,,
"by whether sentenced to probation and by offense, 1996",,,,,,,,,,,,,,,,
"report title:  State Court Sentencing of Convicted Felons, 1996; NCJ 175708",,,,,,,,,,,,,,,,
"data sources:  National Judicial Reporting Program",,,,,,,,,,,,,,,,
"authors:  David J. Levin, Patrick A. Langan, & Jodi M. Brown ",,,,,,,,,,,,,,,,
"refer questions to:  askbjs@ojp.usdoj.gov  (202) 307-0765",,,,,,,,,,,,,,,,
"date of version:  02/15/00",,,,,,,,,,,,,,,,
,,,,,,,,,,,,,,,,
"Table 3.1.  Estimated number of felony convictions in State courts,",,,,,,,,,,,,,,,,
"by whether sentenced to probation and by offense, 1996",,,,,,,,,,,,,,,,
,,,,,,,,,,,,,,,,
,,,,,,,,,,,,,,,,
"Most serious",,,"1996 felony convictions",,,"Sentence type within offense",,,,,"Offense within sentence type",,,,,
"conviction offense",,,"Total","Probation",,"Probation",,"No probation",,,"Total",,"Probation",,"No probation",
,,,,,,,,,,,,,,,,
,,"All offenses",997902,579206,,58,"%",42,"%",,100,"%",100,"%",100,"%"
,,,,,,,,,,,,,,,,
"Violent offenses",,,167820,78422,,47,"%",53,"%",,17,"%",14,"%",21,"%"
,,,,,,,,,,,,,,,,
,,"Murder /a",11430,1795,,16,,84,,,1,,"--",,2,
,,"Sexual assault /b",30054,14602,,49,,51,,,3,,3,,4,
,,"Robbery",42831,14463,,34,,66,,,4,,2,,7,
,,"Aggravated assault",69521,39379,,57,,43,,,7,,7,,7,
,,"Other violent /c",13984,8182,,59,,41,,,1,,1,,1,
,,,,,,,,,,,,,,,,
"Property offenses",,,298622,182501,,61,"%",39,"%",,30,"%",32,"%",28,"%"
,,,,,,,,,,,,,,,,
,,"Burglary",93195,50811,,55,,45,,,9,,9,,10,
,,"Larceny /d",123198,73178,,59,,41,,,12,,13,,12,
,,"Fraud /e",82228,58511,,71,,29,,,8,,10,,6,
,,,,,,,,,,,,,,,,
"Drug offenses",,,347730,207712,,60,"%",40,"%",,35,"%",36,"%",33,"%"
,,,,,,,,,,,,,,,,
,,"Possession",135270,87403,,65,,35,,,14,,15,,11,
,,"Trafficking",212461,120310,,57,,43,,,21,,21,,22,
,,,,,,,,,,,,,,,,
"Weapons offenses",,,33337,19055,,57,"%",43,"%",,3,"%",3,"%",3,"%"
,,,,,,,,,,,,,,,,
"Other offenses /f",,,150393,91516,,61,"%",39,"%",,15,"%",16,"%",14,"%"
,,,,,,,,,,,,,,,,
,,,,,,,,,,,,,,,,
"Note: Detail may not sum to total because of rounding.  ",,,,,,,,,,,,,,,,
"In this table persons are counted as probation cases so long",,,,,,,,,,,,,,,,
"as their sentences included probation and without regard",,,,,,,,,,,,,,,,
"whether a term of incarceration was also included.",,,,,,,,,,,,,,,,
"-- Less than 0.5%.",,,,,,,,,,,,,,,,
"a/ Includes nonnegligent manslaughter. ",,,,,,,,,,,,,,,,
"b/ Includes rape.",,,,,,,,,,,,,,,,
"c/ Includes offenses such as negligent manslaughter and kidnaping.",,,,,,,,,,,,,,,,
"d/ Includes motor vehicle theft.",,,,,,,,,,,,,,,,
"e/ Includes forgery and embezzlement.",,,,,,,,,,,,,,,,
"f/ Composed of nonviolent offenses such as receiving stolen property and vandalism.",,,,,,,,,,,,,,,,
