"Bureau of Justice Statistics",,,,,,,,,,,,,,
"filename: scs9615.csv",,,,,,,,,,,,,,
"table #:  Table 1.5.  Estimated time to be served in State prison, by offense, 1996",,,,,,,,,,,,,,
"report title: State Court Sentencing of Convicted Felons, 1996; NCJ 175708",,,,,,,,,,,,,,
"data source:  National Judicial Reporting Program, 1996",,,,,,,,,,,,,,
"authors:  David J. Levin, Patrick A. Langan, & Jodi M. Brown ",,,,,,,,,,,,,,
"refer questions to:  askbjs@ojp.usdoj.gov  (202) 307-0765",,,,,,,,,,,,,,
"date of version:  May 14, 1999",,,,,,,,,,,,,,
,,,,,,,,,,,,,,
"Please note: The source table starting in cell A42  was used to generate data for the first table.",,,,,,,,,,,,,,
,,,,,,,,,,,,,,
"Table 1.5.  Estimated time to be served in State prison, by offense, 1996",,,,,,,,,,,,,,
,,,,,,,,,,,,,,
,,,"To be served in prison, estimated --",,,,,,,,,,,
"Most serious conviction offense","Mean prison sentence",,"Percent of sentence/a","Time to be served/b",,,,,,,,,,
"All Offenses",62,"mo",45%,28,"mo",,,,,,,,,
"Violent Offenses",105,"mo",51%,53,"mo",,,,,,,,,
"Murder/c",257,,50%,128,,,,,,,,,,
"Sexual assault/d",120,,51%,61,,,,,,,,,,
"Robbery",101,,47%,48,,,,,,,,,,
"Aggravated assault",69,,54%,38,,,,,,,,,,
"Other violent/e",59,,51%,30,,,,,,,,,,
"Property Offenses",49,"mo",42%,21,"mo",,,,,,,,,
"Burglary",60,,42%,25,,,,,,,,,,
"Larceny/f",40,,44%,17,,,,,,,,,,
"Fraud/g",43,,39%,17,,,,,,,,,,
"Drug Offenses",51,"mo",41%,21,"mo",,,,,,,,,
"Possession",41,,40%,16,,,,,,,,,,
"Trafficking",55,,42%,23,,,,,,,,,,
"Weapons offenses",45,"mo",56%,25,"mo",,,,,,,,,
"Other offenses/h",42,"mo",49%,21,"mo",,,,,,,,,
,,,,,,,,,,,,,,
"a/ Percentages are based on data from 231,857 persons released from State prisons in 1996 (National Corrections Reporting Program, 1996 tables 2-8 and 2-12).  These percentages included credited jail time.",,,,,,,,,,,,,,
"b/ Derived by multiplying the percentage of sentence to be served by the mean sentence imposed.",,,,,,,,,,,,,,
"c/ Includes nonnegligent manslaughter.",,,,,,,,,,,,,,
"d/ Includes rape.",,,,,,,,,,,,,,
"e/ Includes offenses such as negligent manslaughter and kidnaping.",,,,,,,,,,,,,,
"f/ Includes motor vehicle theft.",,,,,,,,,,,,,,
"g/ Includes forgery and embezzlement.",,,,,,,,,,,,,,
"h/ Composed of nonviolent offenses such as receiving stolen property and vandalism.",,,,,,,,,,,,,,
,,,,,,,,,,,,,,
"Source table",,,,,,,,,,,,,,
,,,"National Corrections Reporting Program, 1996",,,,,,,,"time served weighted by percent of releases",,,
,,,"Table 2-8","Table 2-12",,,,,,,"percent of ",,"estimated time",
,"Table 2-12",,"Mean total  time served","Mean maximum",,,"Estimated time",,,"Most serious conviction offense","prison releases",,"served in prison",
"Most serious conviction offense","Percent of releases",,"in both Prison and Jail","sentence time",,,"served in prison",,,,,,,
"All offenses",100,"%",28,62,"mo",,45,"mo",,"All offenses",99.9,"%",45,"mo"
"Violent offenses",24.1,"%",42,84,"mo",,50,"mo",,"Violent offenses",24.1,"%",51,"mo"
"Murder/nonnegligent manslaughter",1.2,"%",90,181,"mo",,50,"mo",,"Murder",1.2,"%",50,"mo"
"Rape",1.4,"%",63,113,"mo",,56,"mo",,"Sexual assault",4.9,"%",51,"mo"
"Other sexual assault",3.5,"%",40,81,"mo",,49,"mo",,,,,,
"Robbery",8.4,"%",44,93,"mo",,47,"mo",,"Robbery",8.4,"%",47,"mo"
"Aggravated assault",7.2,"%",32,59,"mo",,54,"mo",,"Aggravated assault",7.2,"%",54,"mo"
"Other violent offenses",1,"%",27,52,"mo",,52,"mo",,"Other violent",2.4,"%",51,"mo"
"Kidnaping",0.4,"%",48,91,"mo",,53,"mo",,,,,,
"Negligent manslaughter",1,"%",46,95,"mo",,48,"mo",,,,,,
"Property offenses",31.5,"%",24,56,"mo",,43,"mo",,"Property offenses",28.1,"%",42,"mo"
"Burglary",12.5,"%",29,69,"mo",,42,"mo",,"Burglary",12.5,"%",42,"mo"
"Larceny",8.6,"%",20,47,"mo",,43,"mo",,"Larceny/motor vehicle theft",11.3,"%",44,"mo"
"Motor vehicle theft",2.7,"%",21,45,"mo",,47,"mo",,,,,,
"Fraud",4.3,"%",20,51,"mo",,39,"mo",,"Fraud/forgery/embezzlement",4.3,"%",39,"mo"
"Arson",0.5,"%",34,80,"mo",,43,"mo",,,,,,
"Stolen property",2,"%",22,40,"mo",,55,"mo",,,,,,
"Other property",0.8,"%",20,44,"mo",,45,"mo",,,,,,
"Drug offenses",33.4,"%",23,57,"mo",,40,"mo",,"Drug offenses",33.4,"%",41,"mo"
"Possession",9.3,"%",19,54,"mo",,35,"mo",,"Possession",14.5,"%",40,"mo"
"Unspecified drug offenses",5.2,"%",21,44,"mo",,48,"mo",,,,,,
"Trafficking",18.9,"%",26,62,"mo",,42,"mo",,"Trafficking",18.9,"%",42,"mo"
"Weapons offenses",2.6,"%",23,41,"mo",,56,"mo",,"Weapons offenses",2.6,"%",56,"mo"
"Driving while intoxicated",3.2,"%",15,35,"mo",,43,"mo",,"Other offenses",11.7,"%",49,"mo"
"Other public order offenses",4.5,"%",22,42,"mo",,52,"mo",,,,,,
"Other offenses",0.7,"%",24,50,"mo",,48,"mo",,,,,,
