"Bureau of Justice Statistics",,,,,,,,,,,,,,,,,,
"filename:  scs9638.csv",,,,,,,,,,,,,,,,,,
"table #: Table 3.8.  Offense of felons sentenced to probation or to incarceration",,,,,,,,,,,,,,,,,,
"without probation in State courts, by race, 1996",,,,,,,,,,,,,,,,,,
"report title:  State Court Sentencing of Convicted Felons, 1996; NCJ 175708",,,,,,,,,,,,,,,,,,
"data sources:  National Judicial Reporting Program",,,,,,,,,,,,,,,,,,
"authors:  David J. Levin, Patrick A. Langan, & Jodi M. Brown ",,,,,,,,,,,,,,,,,,
"refer questions to:  askbjs@ojp.usdoj.gov  (202) 307-0765",,,,,,,,,,,,,,,,,,
"date of version:  02/15/00",,,,,,,,,,,,,,,,,,
,,,,,,,,,,,,,,,,,,
"Table 3.8.  Offense of felons sentenced to probation or to incarceration",,,,,,,,,,,,,,,,,,
"without probation in State courts, by race, 1996",,,,,,,,,,,,,,,,,,
,,,,,,,,,,,,,,,,,,
,,,,,"Percent of sentences ",,,,,,,,"Percent of sentences to",,,,,
"Most serious",,,,,"to probation",,,,,,,,"incarceration without probation",,,,,
"conviction offense",,,"All",,"White",,"Black",,"Other",,"All",,"White",,"Black",,"Other",
,,,,,,,,,,,,,,,,,,
,,"All offenses",100,"%",58,"%",40,"%",2,"%",100,"%",47,"%",51,"%",1,"%"
,,,,,,,,,,,,,,,,,,
"Violent offenses",,,100,"%",59,"%",39,"%",2,"%",100,"%",45,"%",53,"%",2,"%"
,,,,,,,,,,,,,,,,,,
,"Murder /a",,100,,61,,38,,1,,100,,40,,57,,2,
,"Sexual assault /b",,100,,73,,23,,3,,100,,67,,31,,2,
,"Robbery",,100,,37,,61,,1,,100,,30,,68,,2,
,"Aggravated assault",,100,,60,,38,,3,,100,,48,,50,,2,
,"Other violent /c",,100,,73,,25,,3,,100,,63,,35,,2,
,,,,,,,,,,,,,,,,,,
"Property offenses",,,100,"%",62,"%",35,"%",3,"%",100,"%",54,"%",44,"%",2,"%"
,,,,,,,,,,,,,,,,,,
,"Burglary",,100,,67,,30,,3,,100,,56,,43,,1,
,"Larceny /d",,100,,60,,37,,3,,100,,51,,47,,2,
,"Fraud /e",,100,,61,,37,,2,,100,,58,,41,,1,
,,,,,,,,,,,,,,,,,,
"Drug offenses",,,100,"%",50,"%",48,"%",2,"%",100,"%",37,"%",62,"%",1,"%"
,,,,,,,,,,,,,,,,,,
,"Possession",,100,,54,,44,,2,,100,,40,,59,,1,
,"Trafficking",,100,,48,,50,,1,,100,,36,,63,,1,
,,,,,,,,,,,,,,,,,,
"Weapons offenses",,,100,"%",45,"%",54,"%",1,"%",100,"%",36,"%",63,"%",1,"%"
,,,,,,,,,,,,,,,,,,
"Other offenses /f",,,100,"%",71,"%",26,"%",3,"%",100,"%",65,"%",34,"%",1,"%"
,,,,,,,,,,,,,,,,,,
,,,,,,,,,,,,,,,,,,
"Note: See note on tables 1.1, 1.2, and 2.1.",,,,,,,,,,,,,,,,,,
"Racial categories include Hispanics.",,,,,,,,,,,,,,,,,,
"a/ Includes nonnegligent manslaughter. ",,,,,,,,,,,,,,,,,,
"b/ Includes rape.",,,,,,,,,,,,,,,,,,
"c/ Includes offenses such as negligent manslaughter and kidnaping.",,,,,,,,,,,,,,,,,,
"d/ Includes motor vehicle theft.",,,,,,,,,,,,,,,,,,
"e/ Includes forgery and embezzlement.",,,,,,,,,,,,,,,,,,
"f/ Composed of nonviolent offenses such as receiving stolen property and vandalism.",,,,,,,,,,,,,,,,,,
