Bureau of Justice Statistics,,,,,,,,,,,,
Filename:  cfjs033_02.csv,,,,,,,,,,,,
"Table 3.2.  Type of pretrial release for cases terminated, by offense, October 1, 2002 - September 30, 2003",,,,,,,,,,,,
"Report title:  Compendium of Federal Justice Statistics, 2003  NCJ 210299",,,,,,,,,,,,
Data source:  Federal justice statistics database maintained by The Urban Institute,,,,,,,,,,,,
Author:  Urban Institute under the supervision of BJS,,,,,,,,,,,,
Refer questions to:  askbjs@usdoj.gov  202-307-0765,,,,,,,,,,,,
"Date of version:  October 23, 2005",,,,,,,,,,,,


"Table 3.2.  Type of pretrial release for cases terminated, by offense, October 1, 2002 - September 30, 2003",,,,,,,,,,,,

,,,"Of defendants released at any time prior to case disposition, percent released on--",,,,,,,,Number of defendants,
Most serious offense charged,Percent released,,Financial/a,,Unsecured bond,,Personal recognizance,,Conditional release,,Released,All defendants
       All offenses/b,41.4,%,19.2,%,45.9,%,30.4,%,4.5,%,"31,613","76,305"
Violent offenses,36,%,8.7,%,35.6,%,48.4,%,7.3,%,"1,156","3,210"
    Murder/c,29.4,%,3.6,%,23.6,%,70.9,%,1.8,%,55,187
    Negligent manslaughter,83.3,%,--,%,--,%,--,%,--,%,10,12
    Assault,61.2,%,4.7,%,31,%,50.7,%,13.6,%,507,828
    Robbery,21,%,15.5,%,48.4,%,33.2,%,3,%,368,"1,756"
    Sexual abuse/c,60.3,%,4.9,%,27.5,%,67,%,0.5,%,182,302
    Kidnaping,21.4,%,33.3,%,22.2,%,38.9,%,5.6,%,18,84
    Threats against the President,39,%,18.8,%,43.8,%,31.3,%,6.3,%,16,41
Property offenses,75.6,%,12,%,54.3,%,31.5,%,2.1,%,"10,349","13,696"
    Fraudulent,75.5,%,13.2,%,57.5,%,28.3,%,1,%,"8,414","11,141"
       Embezzlement,94,%,4.9,%,55.6,%,38,%,1.5,%,"1,185","1,260"
       Fraud/c,74,%,14.8,%,57.2,%,27,%,1.1,%,"6,380","8,617"
       Forgery,73,%,13,%,61.1,%,25,%,0.9,%,108,148
       Counterfeiting,66.4,%,12.4,%,63.2,%,24.2,%,0.3,%,741,"1,116"
    Other,75.7,%,7.1,%,40.4,%,45.5,%,6.9,%,"1,935","2,555"
       Burglary,53.1,%,7.8,%,23.5,%,66.7,%,2,%,51,96
       Larceny/c,81,%,5.3,%,40.2,%,46.6,%,7.9,%,"1,561","1,926"
       Motor vehicle theft,47.4,%,18.1,%,56.6,%,24.1,%,1.2,%,83,175
       Arson and explosives,55.8,%,15.6,%,41.6,%,40.3,%,2.6,%,77,138
       Transportation of stolen property,68.6,%,20.2,%,45.7,%,34,%,0,%,94,137
       Other property offenses/c,83.1,%,7.2,%,30.4,%,53.6,%,8.7,%,69,83
Drug offenses,38.8,%,29.4,%,42,%,25.7,%,2.9,%,"10,776","27,763"
    Trafficking,37.1,%,31.5,%,43.9,%,22.7,%,1.9,%,"9,364","25,230"
    Other drug offenses,55.7,%,15.8,%,30,%,45.1,%,9.1,%,"1,412","2,533"
Public-order offenses,67.5,%,12.8,%,37.9,%,37.4,%,11.8,%,"5,240","7,768"
    Regulatory,61.1,%,13.1,%,44.6,%,37.2,%,5.1,%,"1,354","2,216"
       Agriculture,--,%,--,%,--,%,--,%,--,%,4,6
       Antitrust,--,%,--,%,--,%,--,%,--,%,10,10
       Food and drug,97.1,%,13.4,%,40.3,%,44.8,%,1.5,%,67,69
       Transportation,76.2,%,17.5,%,50,%,32.5,%,0,%,80,105
       Civil rights,77.3,%,13.7,%,51,%,35.3,%,0,%,51,66
       Communications,97.6,%,5,%,65,%,25,%,5,%,40,41
       Custom laws,70.8,%,29.4,%,43.1,%,21.6,%,5.9,%,51,72
       Postal laws,91,%,0.9,%,56.8,%,38.7,%,3.6,%,111,122
       Other regulatory offenses,54.5,%,13.7,%,41.9,%,38.1,%,6.3,%,940,"1,725"
    Other,70,%,12.8,%,35.6,%,37.5,%,14.1,%,"3,886","5,552"
       Tax law violations/c,95.3,%,6.9,%,56.1,%,35.5,%,1.6,%,451,473
       Bribery,85.7,%,15.8,%,50.9,%,31.6,%,1.8,%,114,133
"       Perjury, contempt, and intimidation",66.3,%,10.3,%,54.8,%,31.7,%,3.2,%,126,190
       National defense,91.7,%,49.6,%,24.8,%,20.3,%,5.3,%,133,145
       Escape,12.2,%,16.5,%,51.6,%,24.2,%,7.7,%,91,745
       Racketeering and extortion,56.9,%,43.5,%,43.1,%,12.5,%,0.9,%,536,942
       Gambling,95.5,%,9.5,%,42.9,%,47.6,%,0,%,21,22
       Liquor offenses,84.6,%,0,%,9.1,%,90.9,%,0,%,22,26
       Nonviolent sex offenses,67.8,%,13.2,%,48.7,%,35.9,%,2.2,%,499,736
       Obscene material/c,81.8,%,14.8,%,57.4,%,25.9,%,1.9,%,54,66
       Traffic offenses,93.1,%,1.4,%,17,%,45.6,%,36,%,"1,248","1,340"
       Wildlife offenses,98.1,%,5,%,38.6,%,52.5,%,4,%,101,103
       Environmental offenses,100,%,6.5,%,41.9,%,45.2,%,6.5,%,31,31
       All other offenses/c,76.5,%,4.1,%,31.4,%,53.6,%,10.9,%,459,600
Weapons offenses,42,%,14.5,%,52.1,%,31.3,%,2.1,%,"2,562","6,094"
Immigration offenses,8.3,%,34.5,%,41.7,%,15.7,%,8.1,%,"1,463","17,643"

Note:  Released defendants include some defendants who were also detained prior to trial.  Total also includes defendants for whom release status data were unavailable.  Percentages in these tables are not directly comparable to those in the 1993 and prior,,,,,,,,,,,,
"Compendia; see Chapter notes, items 1 and 2, p 55.",,,,,,,,,,,,
 --Too few cases to obtain statistically reliable data.,,,,,,,,,,,,
"a/Includes deposit bond, surety bond, and collateral bond.",,,,,,,,,,,,
"b/Includes 131 defendants for whom an offense category could not be determined, 51 of whom were released.",,,,,,,,,,,,
"c/In this table, ""Murder"" includes nonnegligent manslaughter; ""Sexual abuse"" includes only violent sex offenses; ""Fraud"" excludes tax fraud; ""Larceny"" excludes transportation of stolen property; ""Other property offenses"" excludes fraudulent property",,,,,,,,,,,,
"offenses, and includes destruction of property and trespassing; ""Tax law violations"" includes tax fraud; ""Obscene material"" denotes the mail or transport thereof; and ""All other offenses"" includes offenses with unclassifiable offense type.",,,,,,,,,,,,
