"Bureau of Justice Statistics",,,,,,,
"Filename:cv0101.csv",,,,,,,
"Table 1.  Criminal victimization, 2000-2001",,,,,,,
"Title of Report:  Criminal Victimization 2001, Changes 2000-2001 with Trends 1993-2001,  NCJ 194610",,,,,,,
"Data source:  National Crime Victimization Survey",,,,,,,
"Author:  Callie Rennison, Ph.D.",,,,,,,
"Refer questions to:   (202) 307-0765 or askbjs@ojp.usdoj.gov",,,,,,,
"Date version:  8/8/02",,,,,,,
,,,,,,,
,,,,,,,
"Table 1.  Criminal victimization, 2000-2001",,,,,,,
,"Number of victimizations  (1,000's)",,"Victimization rates (per 1,000 persons age 12 or older or per 1,000 households)",,"Percent change,",,
"Type of crime",2000,2001,2000,2001,"2000-2001",,
,,,,,,,
"All crimes",25893,24216,"...","...",,,
"  Personal crimes/a",6597,5932,29.1,25.9,-11.0,"%","*"
"      Crimes of violence",6323,5744,27.9,25.1,-10.0,"*",
"          Completed violence",2044,1828,9.0,8.0,-11.1,,
"          Attempted/threatened violence",4279,3916,18.9,17.1,-9.5,"+",
"        Rape/Sexual assault",261,248,1.2,1.1,-8.3,,
"          Rape/attempted rape",147,146,0.6,0.6,0.0,,
"            Rape",92,84,0.4,0.4,0.0,,
"            Attempted rape",55,63,0.2,0.3,50.0,,
"          Sexual assault",114,102,0.5,0.4,-20.0,,
"        Robbery",732,631,3.2,2.8,-12.5,,
"          Completed/property taken",520,427,2.3,1.9,-17.4,,
"            With injury",160,174,0.7,0.8,14.3,,
"            Without injury",360,253,1.6,1.1,-31.3,"*",
"          Attempted to take property",212,204,0.9,0.9,0.0,,
"            With injury",66,68,0.3,0.3,0.0,,
"            Without injury",146,136,0.6,0.6,0.0,,
"        Assault",5330,4865,23.5,21.2,-9.8,"*",
"          Aggravated",1293,1222,5.7,5.3,-7.0,,
"            With injury",346,392,1.5,1.7,13.3,,
"            Threatened with weapon",946,831,4.2,3.6,-14.3,,
"          Simple",4038,3643,17.8,15.9,-10.7,"*",
"            With minor injury",989,845,4.4,3.7,-15.9,"+",
"            Without injury",3048,2798,13.4,12.2,-9.0,,
"    Personal theft/b",274,188,1.2,0.8,-33.3,"*",
"  Property crimes",19297,18284,178.1,166.9,-6.3,"%","*"
"      Household burglary",3444,3140,31.8,28.7,-9.7,"*",
"        Completed",2909,2687,26.9,24.5,-8.9,"+",
"          Forcible entry",1038,1057,9.6,9.6,0.0,,
"          Unlawful entry without force",1872,1630,17.3,14.9,-13.9,"*",
"        Attempted forcible entry",534,453,4.9,4.1,-16.3,"+",
"      Motor vehicle theft",937,1009,8.6,9.2,7.0,,
"        Completed",642,724,5.9,6.6,11.9,,
"        Attempted",295,285,2.7,2.6,-3.7,,
"      Theft",14916,14135,137.7,129.0,-6.3,"*",
"        Completed/c",14300,13672,132.0,124.8,-5.5,"*",
"          Less than $50",4707,4696,43.4,42.9,-1.2,,
"          $50 to $249",5297,4814,48.9,43.9,-10.2,"*",
"          $250 or more",3177,3176,29.3,29.0,-1.0,,
"        Attempted",616,463,5.7,4.2,-26.3,"*",
"Note: Completed violent crimes include completed rape, sexual assault, completed robbery with and without injury, aggravated assault with injury, and simple assault with minor injury.  The total population age 12 or older was 229,215,290 i",,,,,,,
". . . Not applicable.",,,,,,,
"*The difference from 2000 to 2001 is signficant at the 95%-confidence level.",,,,,,,
"+The difference from 2000 to 2001 is signficant at the 90%-confidence level.",,,,,,,
"a/The National Crime Victimization Survey is based on interviews and therefore cannot measure murder. ",,,,,,,
"b/Includes pocket picking, purse snatching, and attempted purse snatching.",,,,,,,
"c/Includes thefts with unknown losses.",,,,,,,
