"Bureau of Justice Statistics",,,,,,,,,,,,
"Filename:cv01a01.csv",,,,,,,,,,,,
"Appendix Table 1.  Violent  victimization rates of selected demographic categories, 1993-2001",,,,,,,,,,,,
"Title of Report:  Criminal Victimization 2001, Changes 2000-2001 with Trends 1993-2001,  NCJ 194610",,,,,,,,,,,,
"Data source:  National Crime Victimization Survey",,,,,,,,,,,,
"Author:  Callie Rennison, Ph.D.",,,,,,,,,,,,
"Refer questions to:   (202) 307-0765 or askbjs@ojp.usdoj.gov",,,,,,,,,,,,
"Date version:  8/8/02",,,,,,,,,,,,
,,,,,,,,,,,,
"Appendix Table 1.  Violent  victimization rates of selected demographic categories, 1993-2001",,,,,,,,,,,,
,,,,,,,,,,,,
,,"Number of violent crimes per 1,000 persons age 12 or older",,,,,,,,"Change in the rate each year per 1,000per 1,000",,"Percent change, "
"Demographic  categories",1993,1994,1995,1996,1997,1998,1999,2000,2001,"1993-2001",,"1993-2001"
"Gender",,,,,,,,,,,,
"Male",59.8,61.1,55.7,49.9,45.8,43.1,37.0,32.9,27.3,-4.7,"*","-54.3*"
"Female",40.7,43.0,38.1,34.6,33.0,30.4,28.8,23.2,23.0,-2.7,"*","-43.5*"
"Race",,,,,,,,,," "," ",
"White ",47.9,50.5,44.7,40.9,38.3,36.3,31.9,27.1,24.5,-3.5,"*","-48.9*"
"Black",67.4,61.3,61.1,52.3,49.0,41.7,41.6,35.3,31.2,-4.5,"*","-53.7*"
"Other",39.8,49.9,41.9,33.2,28.0,27.6,24.5,20.7,18.2,-3.5,,"-54.3*"
"Hispanic origin",,,,,,,,,,," ",
"Hispanic",55.2,61.6,57.3,44.0,43.1,32.8,33.8,28.4,29.5,-4.0,,"-46.6*"
"Non-Hispanic",49.5,50.7,45.2,41.6,38.3,36.8,32.4,27.7,24.5,-3.5,"*","-50.5*"
"Annual household income",,,,,,,,,," "," ",
"Less than $7,500",84.7,86.0,77.8,65.3,71.0,63.8,57.5,60.3,46.6,-4.9,"*","-45.0*"
"$7,500-$14,999",56.4,60.7,49.8,52.1,51.2,49.3,44.5,37.8,36.9,-2.8,"*","-34.6*"
"$15,000-$24,999",49.0,50.7,48.9,44.1,40.1,39.4,35.3,31.8,31.8,-2.8,"*","-35.1*"
"$25,000-$34,999",51.0,47.3,47.1,43.0,40.2,42.0,37.9,29.8,29.1,-2.5,"*","-42.9*"
"$35,000-$49,999",45.6,47.0,45.8,43.0,38.7,31.7,30.3,28.5,26.3,-3.8,"*","-42.3*"
"$50,000-$74,999",44.0,48.0,44.6,37.5,33.9,32.0,33.3,23.7,21.0,-3.3,"*","-52.3*"
"$75,000 or more",41.3,39.5,37.3,30.5,30.7,33.1,22.9,22.3,18.5,-1.7,"*","-55.2*"
,,,,,,,,,,,,
"Note:  These rates are based on the collection year.  Thus the 1993, 1994 and 1995 rates differ from rates published in Changes in Criminal Victimization, 1994-95 (March 1997, NCJ 162032), which are based on data years.  Values for the cha",,,,,,,,,,,,
"*1993 to 2001 is significant at the 95%-confidence level.",,,,,,,,,,,,
"+1993 to 2001 is significant at the 90%- confidence level.",,,,,,,,,,,,
