Bureau of Justice Statistics,,,,,,
Filename: jic10t01.csv,,,,,,
"Table 1: American Indians and Alaska Natives in custody or under community supervision, 2009 and 2010",,,,,,
"Report title: Jails in Indian Country, 2010 NCJ 236073",,,,,,
Data source: Survey of Jails in Indian Country (SJIC),,,,,,
Author: Todd D. Minton,,,,,,
Refer questions to: askbjs@usdoj.gov   202-307-0765,,,,,,
Date of version: 12/06/2011,,,,,,
,,,,,,
"Table 1. American Indians and Alaska Natives in custody or under community supervision, 2009 and 2010",,,,,,
,,,Number,,,
,,,2009,2010,Percent change,
,Total,,"79,600","78,900",-0.9,%
In custody at midyear,,,"29,400","30,200",2.7,%
,Local jails/a,,"9,400","9,900",5.3,
,Jails in Indian country,,"2,176","2,119",-2.6,
,State prisons,,"14,646","14,940",2,
,Federal prisons,,"3,154","3,258",3.3,
Under community supervision/b,,,"50,200","48,700",-3,%
,State/federal,,,,,
,,Probation,"41,600","40,200",-3.4,
,,Parole,"8,600","8,500",-1.2,
Note: Detail may not sum to total due to rounding.,,,,,,
a/Interpret data with caution. Estimates are based on the Annual Survey of Jails. Standard errors for survey data can be found in Jail Inmates at Midyear 2009 - Statistical Tables and Jail Inmates at Midyear 2010 - Statistical Tables on the BJS website at www.bjs.gov.,,,,,,
b/Probation and parole counts are based on yearend 2008 and 2009 data. Counts were estimated by applying the percentage of probation and parole population with known characteristics to the total number of probationers and parolees.,,,,,,
"Source: BJS, Annual Survey of Jails in Indian Country.",,,,,,
