Bureau of Justice Statistics,,,
Filename: jic10f02.csv,,,
"Figure 2: American Indians and Alaska Natives under correctional supervision in the United States, 2000�2010",,,
"Report title: Jails in Indian Country, 2010 NCJ 236073",,,
Data source: Survey of Jails in Indian Country (SJIC),,,
Author: Todd D. Minton,,,
Refer questions to: askbjs@usdoj.gov   202-307-0765,,,
Date of version: 12/06/2011,,,
,,,
"Figure 2. American Indians and Alaska Natives under correctional supervision in the United States, 2000�2010",,,
,Estimated number of persons,,
Year,Total under correctional supervision,Under community supervision,In custody
2000,"56,800","36,600","20,200"
2001,"58,600","37,300","21,300"
2002,"60,300","38,100","22,200"
2003,"64,000","40,400","23,600"
2004,"68,200","45,000","23,200"
2005,"70,900","45,400","25,500"
2006,"74,100","46,800","27,300"
2007,"71,300","43,600","27,700"
2008,"75,400","47,000","28,400"
2009,"79,600","50,200","29,400"
2010,"78,900","48,700","30,200"
Note: Indian country jail populations were estimated for 2005 and 2006 based on the average annual population change for jails reporting in both 2004 and 2007.,,,
"Source: BJS, Annual Survey of Jails in Indian Country",,,
