"Bureau of Justice Statistics",,,,,,,,,
"filename: cpu98206.csv",,,,,,,,,
"table: 2.6",,,,,,,,,
"report title: Correctional Populations in the United States, 1998 chapter 2 NCJ 192929",,,,,,,,,
"data source: Annual Survey of Jails, 1998",,,,,,,,,
"author: Jennifer C. Karberg",,,,,,,,,
"refer questions to: askbjs@ojp.usdoj.gov (202) 307-0765",,,,,,,,,
"date of version: 2-21-02",,,,,,,,,
,,,,,,,,,
"Table 2.6.  Conviction status of adult jail inmates, by gender, ",,,,,,,,,
"midyear 1990 and 1995-98",,,,,,,,,
,,,,"Number of Jails inmates",,,,,
,1990,,1995,,1996,,1997,,1998
,,,,,,,,,
"Total",403019,,499300,,582300,,558000,,584400
,,,,,,,,,
"Convicted",195661,,219600,,284200,,235200,,252600
"  Male",177619,,198400,,252800,,210600,,224700
"  Female",18042,,21200,,31400,,24700,,27900
,,,,,,,,,
"Unconvicted",207358,,279600,,298100,,322700,,331800
"  Male",188202,,250000,,266000,,288200,,295900
"  Female",19156,,29600,,32100,,34600,,35900
,,,,,,,,,
"Note:  The number of convicted inmates may be undercounted because some",,,,,,,,,
"jail records do not distinguish between inmates who are unconvicted and those",,,,,,,,,
"who are convicted but waiting to be sentenced. ",,,,,,,,,
"*Data on conviction status by sex were reported for 96.3% of all adult inmates in ",,,,,,,,,
"1995, 98.5% in 1996, 99.6% in 1997, and 99.9% in 1998.  Totals were estimated ",,,,,,,,,
"using known data and rounded to the nearest 100.  Detail may not add to total  ",,,,,,,,,
"because of rounding.",,,,,,,,,
