"Bureau of Justice Statistics",,,,,
"filename: cpu98202.csv",,,,,
"table: 2.2",,,,,
"report title: Correctional Populations in the United States, 1998 chapter 2 NCJ 192929",,,,,
"data source: Annual Survey of Jails, 1998",,,,,
"author: Jennifer C. Karberg",,,,,
"refer questions to: askbjs@ojp.usdoj.gov (202) 307-0765",,,,,
"date of version: 2-21-02",,,,,
,,,,,
"Table 2.2.  One-day count and average daily population ",,,,,
"of jail inmates, midyear 1990 and 1995-98",,,,,
,,,,,
,,"         Number of Jail inmates",,,
,1990,1995,1996,1997,1998
,,,,,
"Average daily population/a",408075,509828,515432,556586,593808
,,,,,
"One-day count/b",,,,,
"All inmates",405320,507044,518492,567079,592462
,,,,,
"   Adults",403019,499300,510400,557974,584372
"      Male",365821,448000,454700,498678,520581
"      Female",37198,51300,55700,59296,63791
"   Juveniles/c",2301,7800,8100,9105,8090
"      Held as adults/d","--",5900,5700,7007,6542
"      Held as juveniles",2301,1800,2400,2098,1548
,,,,,
"Notes:  Data are for June 30 in 1995 and 1997-98; for June 29, 1990; and for June 28 in 1996.  ",,,,,
"Detailed data for 1995-96 were estimated and rounded to the nearest 100.  Previously published numbers",,,,,
"for 1995 have been revised to include only inmates held in jail facilities. ",,,,,
"--Not available.",,,,,
"a/The average daily population is the sum of the number of inmates in a jail each day for a year,",,,,,
"divided by the total number of days in the year.",,,,,
"b/Inmate counts for 1990 include an unknown number of persons who were under jail supervision but not confined.",,,,,
"Detailed counts for 1995-96 were estimated based on the number of inmates held in jail facilities.",,,,,
"c/Juveniles are persons defined by State statute as being under a certain age, usually 18, and subject initially to juvenile court",,,,,
"authority even if tried as adults in criminal court.  In 1994 the definition was changed to include all persons under age 18.",,,,,
"d/Includes juveniles who were tried or awaiting trial as adults.",,,,,
