Bureau of Justice Statistics,,,,,,,,,,,,,
Filename:  cf04t1_08.csv,,,,,,,,,,,,,
"Table 1.9.  Time from warrant initiation to clearance, by warrant type, October 1, 2003 - September 30, 2004",,,,,,,,,,,,,
"Report title:  Compendium of Federal Justice Statistics, 2004  NCJ # 213476",,,,,,,,,,,,,
Data source:  Federal justice statistics database maintained by The Urban Institute,,,,,,,,,,,,,
Author:  Urban Institute under the supervision of BJS,,,,,,,,,,,,,
Refer questions to:  askbjs@usdoj.gov  202-307-0765,,,,,,,,,,,,,
"Date of version:  November 13, 2006",,,,,,,,,,,,,

,,All warrant types,,,Felony,,,Nonfelony,,,State and local,,
,,Number,Percent,,Number,Percent,,Number,Percent,,Number,Percent,
,All warrants cleared during FY 2004,"131,265",100,%,"72,255",100,%,"13,721",100,%,"45,289",100,%
On the same day,,"18,489",14.1,%,"10,254",14.2,%,220,1.6,%,"8,015",17.7,%
Within 1 week,,"28,781",21.9,%,"21,987",30.4,%,535,3.9,%,"6,259",13.8,%
Between 1 week and 1 month,,"27,414",20.9,%,"16,557",22.9,%,"1,578",11.5,%,"9,279",20.5,%
Between 1 month and 1 year,,"39,203",29.9,%,"17,206",23.8,%,"5,597",40.8,%,"16,400",36.2,%
Between 1 and 5 years,,"13,852",10.6,%,"4,373",6.1,%,"5,176",37.7,%,"4,303",9.5,%
More than 5 years,,"3,520",2.7,%,"1,873",2.6,%,615,4.5,%,"1,032",2.3,%

Notes: Analysis based on the cohort of all warrants cleared during FY 2004. Table excludes 6 records that were missing data on time to warrant clearance.,,,,,,,,,,,,,
"Source: U.S. Marshals Service Warrant Information Network, fiscal year.",,,,,,,,,,,,,
