Bureau of Justice Statistics,,,,
Filename: fjs20at08.csv,,,,
"Appendix table 8. Percentages for figure 10: Persons under federal supervision in the community, by commitment offense, fiscal year-end 2010 and 2020",,,,
"Report title: Federal Justice Statistics, 2020  NCJ 304314",,,,
"Data source: Bureau of Justice Statistics, based on data from the Administrative Office of the U.S. Courts, Probation and Pretrial Services Automated Case Tracking System, fiscal year-end 2010 and 2020",,,,
"Author: Mark Motivans, Ph.D., BJS Statistician",,,,
Refer questions to: askbjs@usdoj.gov 202-307-0765,,,,
Date of version: 5/24/2022,,,,
,,,,
"Appendix table 8. Percentages for figure 10: Persons under federal supervision in the community, by commitment offense, fiscal year-end 2010 and 2020",,,,
Commitment offense,2010,,2020,
Violent,5.5,%,4.9,%
Fraudulent property,17.9,,13.6,
Other property,4.1,,2.6,
Drug,47,,44.6,
Regulatory public order,2.1,,1.3,
Other public order,7.9,,13.3,
Weapons,11.7,,15.3,
Immigration,3.9,,4.4,
Note: Data are based on the offense with the longest sentence. The unit of count is a person serving a term under federal supervision in the community. Percentages are based on nonmissing data. There were 374 records missing commitment offense in 2010 and 247 missing commitment offense in 2020.,,,,
"Source: Bureau of Justice Statistics, based on data from the Administrative Office of the U.S. Courts, Probation and Pretrial Services Automated Case Tracking System, fiscal year-end 2010 and 2020.",,,,
