Bureau of Justice Statistics,,,,,,,,,,,,,,,,,
Filename: fjs20f09.csv,,,,,,,,,,,,,,,,,
"Figure 9. Federally sentenced persons released from the Federal Bureau of Prisons, by most serious commitment offense and time served, FY 2020",,,,,,,,,,,,,,,,,
"Report title: Federal Justice Statistics, 2020  NCJ 304314",,,,,,,,,,,,,,,,,
"Data source: Bureau of Justice Statistics, based on data from the Federal Bureau of Prisons, SENTRY database, fiscal year 2020",,,,,,,,,,,,,,,,,
"Author: Mark Motivans, Ph.D., BJS Statistician",,,,,,,,,,,,,,,,,
Refer questions to: askbjs@usdoj.gov 202-307-0765,,,,,,,,,,,,,,,,,
Date of version: 5/24/2022,,,,,,,,,,,,,,,,,
,,,,,,,,,,,,,,,,,
"Figure 9. Federally sentenced persons released from the Federal Bureau of Prisons, by most serious commitment offense and time served, FY 2020",,,,,,,,,,,,,,,,,
,Cumulative percent of persons released,,,,,,,,,,,,,,,,
Time served,Violent,,,Property,,,Drug,,,Public order,,,Weapons,,,Immigration,
Up to 1 year,7.2,%,,26.7,%,,7.1,%,,13.8,%,,6.3,%,,50.9,%
2,20.5,%,,55.8,,,23.4,,,32.5,,,24.5,,,85.2,
3,36.5,%,,73.2,,,39.1,,,46,,,44.3,,,94.6,
4,46,%,,80.9,,,47.1,,,52.3,,,54.3,,,96.7,
5,55.3,%,,87.4,,,60.3,,,62.8,,,65.4,,,98.4,
6,61.1,%,,90.9,,,66.7,,,70.4,,,71,,,99.2,
7,67.5,%,,93.8,,,72,,,77.3,,,75.4,,,99.5,
8,71.7,%,,95.2,,,75.4,,,81.1,,,78.8,,,99.6,
9,77.1,%,,96.8,,,83.4,,,87.8,,,84,,,99.8,
10,79.9,%,,97.8,,,86.2,,,90.2,,,86.1,,,100,
11,83.7,%,,98,,,88.7,,,92.8,,,87.4,,,100,
12,87,%,,98.4,,,90.5,,,94.1,,,88.4,,,100,
13,89.2,%,,98.7,,,92,,,95.9,,,91.3,,,100,
14,91.5,%,,98.9,,,93.8,,,96.8,,,94,,,100,
Served at least 15 years,92.8,%,,99.1,,,94.8,,,97.5,,,94.8,,,100,
"Note: Includes persons committed by U.S. district court and released during fiscal year 2020 from the Federal Bureau of Prisons (BOP) by the most common ways persons exit prison, such as upon serving an entire sentence, serving an entire sentence with good time, and release to parole. Excludes persons sentenced to the BOP by the District of Columbia Superior Court, military prisoners transferred to BOP facilities to serve their sentence, U.S. citizen prisoners transferred to the United States from another country to serve their sentence closer to home, persons convicted of a state offense but serving time in a federal prison for their security needs, and persons released from federal prison by extraordinary means (death, commutation, or transfer). Time served is calculated as the interval between a person�s admission to and first release from BOP custody, plus any jail time served and credited. ",,,,,,,,,,,,,,,,,
"Source: Bureau of Justice Statistics, based on data from the Federal Bureau of Prisons, SENTRY database, fiscal year 2020.",,,,,,,,,,,,,,,,,
