Bureau of Justice Statistics,,,,,,,,,,,,
Filename: fjs20t02.csv,,,,,,,,,,,,
"Table 2. Federal arrests, by most serious offense and judicial district, FY 2019 and FY 2020",,,,,,,,,,,,
"Report title: Federal Justice Statistics, 2020  NCJ 304314",,,,,,,,,,,,
"Data source: Bureau of Justice Statistics, based on data from the U.S. Marshals Service, Justice Detainee and CAPTURE information systems, fiscal years 2019 and 2020",,,,,,,,,,,,
"Author: Mark Motivans, Ph.D., BJS Statistician",,,,,,,,,,,,
Refer questions to: askbjs@usdoj.gov 202-307-0765,,,,,,,,,,,,
Date of version: 5/24/2022,,,,,,,,,,,,
,,,,,,,,,,,,
"Table 2. Federal arrests, by most serious offense and judicial district, FY 2019 and FY 2020",,,,,,,,,,,,
,,,FY 2019,,,,FY 2020,,,,,
,,,Number,Percent,,,Number,Percent,,,"Percent change, 2019�2020",
,Total arrests,,"206,630",100,%,,"120,112",100,%,,-41.9,%
Most serious offense at arrest,,,,,,,,,,,,
,Violent,,"3,807",1.8,%,,"2,996",2.6,%,,-21.3,%
,Property,,"10,363",5,,,"6,846",5.9,,,-33.9,
,,Fraud,"8,954",4.3,,,"5,838",5.1,,,-34.8,
,,Other,"1,409",0.7,,,"1,008",0.9,,,-28.5,
,Drug,,"24,432",11.8,,,"18,170",15.7,,,-25.6,
,Public order,,"7,406",3.6,,,"5,328",4.6,,,-28.1,
,,Regulatory,222,0.1,,,170,0.1,,,-23.4,
,,Other,"7,184",3.5,,,"5,158",4.5,,,-28.2,
,Weapons,,"11,628",5.6,,,"6,895",6,,,-40.7,
,Immigration,,"117,425",56.8,,,"51,723",44.8,,,-56,
,Material witness,,"8,302",4,,,"5,159",4.5,,,-37.9,
,Supervision violation,,"23,267",11.3,,,"18,462",16,,,-20.6,
Federal judicial district ,,,,,,,,,,,,
,U.S.-Mexico border district,,"136,252",65.9,%,,"67,361",56.1,%,,-50.6,%
,,Arizona,"31,475",15.2,,,"15,852",13.2,,,-49.6,
,,California Southern,"16,822",8.1,,,"9,123",7.6,,,-45.8,
,,New Mexico,"9,247",4.5,,,"5,215",4.3,,,-43.6,
,,Texas Southern,"48,358",23.4,,,"25,270",21,,,-47.7,
,,Texas Western,"30,350",14.7,,,"11,901",9.9,,,-60.8,
,Other,,"70,378",34.1,,,"52,751",43.9,,,-25,
"Note: Details may not sum to totals due to rounding. Each arrest is counted separately, so persons with more than one arrest are counted more than once. The most serious offense at arrest is determined by the deputy U.S. marshal at booking. The federal judicial district is the location of the federal court where booking took place. For 2020 arrests, the custody start date is used instead of the arrest date (as in prior years) because not all bookings in 2020 had arrest dates, due to the U.S. Marshals Service�s transition to a new data system. The custody date is used to ensure all bookings are enumerated, including records that are missing an arrest date. See Methodology.",,,,,,,,,,,,
"Source: Bureau of Justice Statistics, based on data from the U.S. Marshals Service, Justice Detainee and CAPTURE information systems, fiscal years 2019 and 2020.",,,,,,,,,,,,
