Bureau of Justice Statistics,,,,,,,,,,,,,,,,,,
Filename: fvs0804.csv,,,,,,,,,,,,,,,,,,
"Table 8.4: Victim injury in family violence compared to nonfamily violence for inmates in State prison for a violent crime in 1997, by relationship",,,,,,,,,,,,,,,,,,
Report title:  Family Violence Statistics: Including Statistics on Strangers and Acquaintances NCJ 207846,,,,,,,,,,,,,,,,,,
"Data source:  Survey of Inmates in State and Federal Correctional Facilities, 1997",,,,,,,,,,,,,,,,,,
"Authors:  Matthew R. Durose, Caroline Wolf Harlow, Ph.D., Patrick A. Langan, Ph.D., Mark Motivans, Ph.D., Ramona R. Rantala, Erica L. Schmitt",,,,,,,,,,,,,,,,,,
Refer questions to:  askbjs@usdoj.gov   202-307-0765,,,,,,,,,,,,,,,,,,
Date of version:  6/12/05,,,,,,,,,,,,,,,,,,

"Table 8.4: Victim injury in family violence compared to nonfamily violence for inmates in State prison for a violent crime in 1997, by relationship",,,,,,,,,,,,,,,,,,

,,,Percent of crimes in which the victim was the offender's �,,,,,,,,,,,,,,,
,,,Family member,,,,,,,,Nonfamily member,,,,,,,
Victim injury,All violent offenders,, Total,,  Spouse,,Son or daughter,,Other family,,Total,,Boyfriend or girlfriend,,Friend or acquaintance,,Stranger,

All inmates,100,%,100,%,100,%,100,%,100,%,100,%,100,%,100,%,100,%

Any injury,70.6,%,89.8,%,80.7,%,94.7,%,91,%,67.4,%,79.5,%,82.1,%,55.7,%
Death,33.5,,27.6,,49.6,,10.1,,31.5,,34.5,,34.3,,39.8,,30.9,
Rape/sexual assault,19.5,,49.6,,6.9,,78.6,,48.1,,14.3,,21.9,,23,,7.5,
Bullet wound,4.7,,1.7,,4.3,,0.3,,1.4,,5.2,,3.7,,6.3,,4.6,
Knife wound or laceration,3.4,,2.7,,5.3,,0.4,,3.4,,3.6,,5.2,,4.2,,2.9,
Broken bones or teeth,2.3,,1.9,,5.3,,0.3,,1.3,,2.4,,1.5,,2.5,,2.4,
Internal injuries,0.5,,0.9,,1,,0.6,,1,,0.5,,0.8,,0.4,,0.5,
Unconsciousness,0.8,,0.3,,0.5,,0.5,,0,,0.9,,1.2,,0.9,,0.9,
"Bruises, black eye, cuts",5.4,,4.1,,7.1,,2.7,,3.2,,5.6,,10.7,,4.5,,5.8,
Other,0.5,,1,,0.7,,1.1,,1.1,,0.4,,0.1,,0.5,,0.3,

No injuries,29.4,%,10.2,%,19.3,%,5.3,%,9,%,32.6,%,20.5,%,17.9,%,44.3,%

Total inmates,"458,148",,"66,923",,"17,440",,"26,876",,"22,607",,"391,224",,"23,283",,"151,256",,"216,686",

Percent of all inmates,100,%,14.6,%,3.8,%,5.9,%,4.9,%,85.4,%,5.1,%,33,%,47.3,%

"Note: Data identifying the victim's relationship to the offender were reported by 92.7% (458,148) of 494,349  State prison inmates held for a violent crime in 1997. Of these 458,148 inmates with recorded relationships,  victim injury  was reported for 99.5%. Detail may not add to total because of rounding. ",,,,,,,,,,,,,,,,,,
"Source: BJS, 1997 Survey of Inmates in State and Federal Correctional Facilities. ",,,,,,,,,,,,,,,,,,
