Bureau of Justice Statistics,,,,,,
Filename: fvs02t2.csv,,,,,,
"Text Table 2: Percent family violence, by type of offense",,,,,,
Report title:  Family Violence Statistics: Including Statistics on Strangers and Acquaintances NCJ 207846,,,,,,
"Data source:  National Crime Victimization Survey, 1998 - 2002",,,,,,
"Authors:  Matthew R. Durose, Caroline Wolf Harlow, Ph.D., Patrick A. Langan, Ph.D., Mark Motivans, Ph.D., Ramona R. Rantala, Erica L. Schmitt",,,,,,
Refer questions to:  askbjs@usdoj.gov   202-307-0765,,,,,,
Date of version:  6/12/05,,,,,,

"Text Table 2: Percent family violence, by type of offense",,,,,,

,,,Victim was offender's�,,,
 Type of offense,Total,,Family member,,Nonfamily member,

All offenses,100,%,11,%,89,%

Murder/a,100,%,22.9,%,77.1,%
Sex offenses,100,,8.9,,91.1,
Robbery,100,,9.2,,90.8,
Aggravated assault,100,,10.1,,89.9,
Simple assault,100,,11.7,,88.3,

a/Includes nonnegligent manslaughter.,,,,,,
