Bureau of Justice Statistics,,,,,,,,,,,,
Filename: fvs0513.csv,,,,,,,,,,,,
"Table 5.13: Arrest rates in police-recorded family violence compared to nonfamily violence in 18 States and the District of Columbia in 2000, by relationship and victim demographic characteristics",,,,,,,,,,,,
Report title:  Family Violence Statistics: Including Statistics on Strangers and Acquaintances NCJ 207846,,,,,,,,,,,,
"Data source:  National Incident-Based Reporting System, 2000",,,,,,,,,,,,
"Authors:  Matthew R. Durose, Caroline Wolf Harlow, Ph.D., Patrick A. Langan, Ph.D., Mark Motivans, Ph.D., Ramona R. Rantala, Erica L. Schmitt",,,,,,,,,,,,
Refer questions to:  askbjs@usdoj.gov   202-307-0765,,,,,,,,,,,,
Date of version:  6/12/05,,,,,,,,,,,,

"Table 5.13: Arrest rates in police-recorded family violence compared to nonfamily violence in 18 States and the District of Columbia in 2000, by relationship and victim demographic characteristics",,,,,,,,,,,,

,,Arrest rates for crimes in which the victim was the offender's �,,,,,,,,,,
,,Family member,,,,,,,Nonfamily member,,,
 Victim characteristic,All violent crimes, Total, Spouse,Son or daughter, Parent, Sibling,Other family,, Total,Boyfriend  or girlfriend,Friend or acquaintance, Stranger

All offenses,39.8,48.9,52.7,41.7,52.3,46.6,38.6,,35.3,46.1,31.1,34

Gender,,,,,,,,,,,,
Male,38.5,47.3,51.5,42.8,51.9,48.8,38.3,,35.7,48.6,33,37.5
Female,40.5,49.5,53,40.7,52.4,44.9,38.7,,34.8,45.5,28.9,26.8

Race/Hispanic origin,,,,,,,,,,,,
White,41.2,49.7,53.5,41.9,53.2,47.2,38.1,,36.8,50.5,31.4,36.9
Black,35,45,47.9,40.7,47.1,44,38.5,,30.9,37.7,28.8,24.6
Hispanic,45.3,54.8,60.3,41,59.8,55.6,43,,40.1,53.6,37.2,27.8
Other,47.6,59.1,64.2,49.3,62.6,54.3,45.1,,41,58.4,38.3,31.6
American Indian/ Alaska Native,54.3,60.7,69.2,50,66.7,52.1,48.4,,50.8,64.7,46.1,37.1
Asian/Pacific Islander,43.9,58.3,62.1,48.9,61.1,56.3,41.7,,35.4,52,33,30.4

Age,,,,,,,,,,,,
Under 18,33.9,40.3,50.5,39.6,26.5,47.3,34.1,,31.3,35.7,31.6,26.8
Under 13,30.8,35.6,48.6,35.5,0,44.1,30.3,,27.6,30.5,27.8,25.9
13 - 17,35.7,45,50.6,44.5,39.4,49.2,39.1,,32.9,35.8,33.5,27.1
18 - 24,37.8,48.8,51.5,48.7,40.8,47.3,39.8,,34.3,43.3,30,29.3
25 - 34,41.7,49.8,51.3,48.3,53.1,45,38.5,,37.5,45.9,30.7,39.2
35 - 54,42.3,51.5,53.7,38.5,52.4,45.1,39.2,,36.1,50.8,29.9,32.5
55 or older,40.6,51.5,53,30.3,55.7,44.4,44.3,,32.1,56.3,29.3,30.1

Total arrests,"252,196","101,454","58,113","11,583","12,360","9,872","9,526",,"150,742","48,849","75,261","26,632"
Total offenses,"634,096","207,571","110,279","27,783","23,652","21,164","24,693",,"426,525","106,009","242,233","78,283"

"Note:  Data identifying the victim's relationship to the offender were reported for 84.7% (634,096) of 748,252 violent crimes and 92.4% (252,196)  of 273,023 arrests for these crimes. Of these 252,196 arrests with recorded relationships, victim gender was reported for 99.5%; race for 97.7%;  age for 96.5%. Victims of multiple offenses are counted under the most serious offense. Detail may not add to total because of rounding. ",,,,,,,,,,,,
"Source:  FBI, 2000 National Incident-Based Reporting System. ",,,,,,,,,,,,
