Bureau of Justice Statistics,,,
Filename: fvs04t1.csv,,,
"Text Table 1: Percent of violent victimizations reported to police, by offense",,,
Report title:  Family Violence Statistics: Including Statistics on Strangers and Acquaintances NCJ 207846,,,
"Data source:  National Crime Victimization Survey, 1998 - 2002",,,
"Authors:  Matthew R. Durose, Caroline Wolf Harlow, Ph.D., Patrick A. Langan, Ph.D., Mark Motivans, Ph.D., Ramona R. Rantala, Erica L. Schmitt",,,
Refer questions to:  askbjs@usdoj.gov   202-307-0765,,,
Date of version:  6/12/05,,,

"Text Table 1: Percent of violent victimizations reported to police, by offense",,,

Type of offense,Number of violent victimizations 1998 � 2002,Percent reported to police,

Sex offenses,"1,424,830",38.2,%
Rape,"818,790",42.8,
Sexual assault,"606,040",31.8,
Robbery,"3,242,410",60.8,,,,,,,,,,,,,,,
Aggravated assault,"6,356,940",57.9,,,,,,,,,,,,,,,
Simple assault,"21,092,740",42.4,,,,,,,,,,,,,,,
,,,,,,,,,,,,,,,,,
Total offenses,"32,116,920",47.2,%,,,,,,,,,,,,,,

,,,,,,,,,,,,,,,,,
