Bureau of Justice Statistics,,,,,,,,,,,,,,,,,,
Filename: fvs0807.csv,,,,,,,,,,,,,,,,,,
"Table 8.7: Offender drug or alcohol use in family violence compared to nonfamily violence for inmates in State prison for a violent crime in 1997, by relationship",,,,,,,,,,,,,,,,,,
Report title:  Family Violence Statistics: Including Statistics on Strangers and Acquaintances NCJ 207846,,,,,,,,,,,,,,,,,,
"Data source:  Survey of Inmates in State and Federal Correctional Facilities, 1997",,,,,,,,,,,,,,,,,,
"Authors:  Matthew R. Durose, Caroline Wolf Harlow, Ph.D., Patrick A. Langan, Ph.D., Mark Motivans, Ph.D., Ramona R. Rantala, Erica L. Schmitt",,,,,,,,,,,,,,,,,,
Refer questions to:  askbjs@usdoj.gov   202-307-0765,,,,,,,,,,,,,,,,,,
Date of version:  6/12/05,,,,,,,,,,,,,,,,,,

"Table 8.7: Offender drug or alcohol use in family violence compared to nonfamily violence for inmates in State prison for a violent crime in 1997, by relationship",,,,,,,,,,,,,,,,,,

,,,Percent of crimes in which the victim was the offender's �,,,,,,,,,,,,,,,
,,,Family member,,,,,,,,Nonfamily member,,,,,,,
Drug or alcohol use by offender,All violent crimes,, Total,, Spouse,,Son or daughter,,Other family,,Total,,Boyfriend or girlfriend,,Friend or acquaintance,,  Stranger,

All inmates,100,%,100,%,100,%,100,%,100,%,100,%,100,%,100,%,100,%

Alcohol only,23.2,%,26.7,%,27,%,23.5,%,30.2,%,22.6,%,32.4,%,24.4,%,20.2,%
Drugs only,9.6,,4.7,,4.9,,3,,6.4,,10.5,,3.9,,8.4,,12.6,
Alcohol and drugs,19.5,,12.2,,13.6,,11,,12.6,,20.8,,16.5,,20.3,,21.6,
None,47.7,,56.5,,54.5,,62.5,,50.9,,46.2,,47.1,,46.9,,45.5,

Total inmates,"458,148",,"66,923",,"17,440",,"26,876",,"22,607",,"391,224",,"23,283",,"151,256",,"216,686",

Percent of all inmates,100,%,14.6,%,3.8,%,5.9,%,4.9,%,85.4,%,5.1,%,33,%,47.3,%

"Note: Data identifying the victim's relationship to the offender were reported by 92.7% (458,148) of 494,349 State prison  inmates held for a violent crime in 1997. Of these 458,148 inmates with recorded relationships, substance use by offender  was reported for 97.7%. Detail may not add to total because of rounding. ",,,,,,,,,,,,,,,,,,
"Source: BJS, 1997 Survey of Inmates in State and Federal Correctional Facilities. ",,,,,,,,,,,,,,,,,,
