Bureau of Justice Statistics,,,,,,,,,,,,
Filename: fvs0502.csv,,,,,,,,,,,,
"Table 5.2: Location of police-recorded family violence compared to nonfamily violence in 18 States and the District of Columbia in 2000, by relationship",,,,,,,,,,,,
Report title:  Family Violence Statistics: Including Statistics on Strangers and Acquaintances NCJ 207846,,,,,,,,,,,,
"Data source:  National Incident-Based Reporting System, 2000",,,,,,,,,,,,
"Authors:  Matthew R. Durose, Caroline Wolf Harlow, Ph.D., Patrick A. Langan, Ph.D., Mark Motivans, Ph.D., Ramona R. Rantala, Erica L. Schmitt",,,,,,,,,,,,
Refer questions to:  askbjs@usdoj.gov   202-307-0765,,,,,,,,,,,,
Date of version:  6/12/05,,,,,,,,,,,,

"Table 5.2: Location of police-recorded family violence compared to nonfamily violence in 18 States and the District of Columbia in 2000, by relationship",,,,,,,,,,,,

,,Percent of crimes in which the victim was the offender's �,,,,,,,,,,
,,Family member,,,,,,,Nonfamily member,,,
Offense location,All violent crimes,Total,Spouse,Son or daughter,Parent,Sibling,Other family,,Total,Boyfriend  or girlfriend,Friend or acquaintance,Stranger
,,,,,,,,,,,,
All offenses,100,100,100,100,100,100,100,,100,100,100,100
,,,,,,,,,,,,,,,,,,,,,,,,,,,
Residential property,64.3,87.8,87.2,88.6,92.8,88.9,83.7,,52.9,80.8,50.1,23.7,,,,,,,,,,,,,,,
House/apartment,63.1,87.1,86.3,87.9,92.5,88.4,83.3,,51.5,79.0,49.0,21.6,,,,,,,,,,,,,,,
Hotel/motel,1.2,0.7,0.9,0.7,0.3,0.5,0.5,,1.4,1.8,1.1,2.1,,,,,,,,,,,,,,,
,,,,,,,,,,,,,,,,,,,,,,,,,,,
Public place,20.3,6.7,7,6.3,3.9,6.2,9.2,,26.9,11.4,29,41.4,,,,,,,,,,,,,,,
Highway/road,11.1,4.1,4.3,3.7,2.4,3.9,5.6,,14.5,7.3,14.1,25.5,,,,,,,,,,,,,,,
Parking lot/garage,4.0,1.7,2.0,1.3,0.8,1.3,2.0,,5.2,3.1,4.5,10.3,,,,,,,,,,,,,,,
School/college,3.4,0.3,0.2,0.7,0.3,0.4,0.5,,4.9,0.4,7.7,2.1,,,,,,,,,,,,,,,
Other public,1.8,0.6,0.5,0.6,0.4,0.6,1.1,,2.3,0.6,2.7,3.5,,,,,,,,,,,,,,,
,,,,,,,,,,,,,,,,,,,,,,,,,,,
Commercial property,9.2,2.8,3.2,2.1,1.3,2.2,3.6,,12.3,4.2,11.3,26.6,,,,,,,,,,,,,,,
Bar/nightclub/restaurant,3.3,0.9,1.2,0.5,0.3,0.8,1.1,,4.5,1.6,4.1,9.9,,,,,,,,,,,,,,,
Retail store,2.7,0.8,0.8,0.8,0.4,0.6,1.0,,3.6,1.1,2.8,9.5,,,,,,,,,,,,,,,
Office building,1.8,0.6,0.7,0.4,0.3,0.4,0.8,,2.4,0.8,2.7,3.5,,,,,,,,,,,,,,,
Other commercial,1.4,0.5,0.5,0.4,0.3,0.4,0.7,,1.8,0.7,1.7,3.7,,,,,,,,,,,,,,,
,,,,,,,,,,,,,,,,,,,,,
Other place,6.2,2.7,2.6,3,1.9,2.7,3.4,,7.9,3.6,9.6,8.3,,,,,,,,,
,,,,,,,,,,,,,,,,,,,,,
Total offenses,"634,096","207,571","110,279","27,783","23,652","21,164","24,693",,"426,525","106,009","242,233","78,283",,,,,,,,,

"Note:  Data identifying the victim's relationship to the offender were reported for 84.7% (634,096) of 748,252 violent crimes.  Offense location was reported for all 634,096 crimes with recorded relationships. If the offense location was unknown,  it was recorded in NIBRS as ""other place."" Detail may not add to total because of rounding. ",,,,,,,,,,,,,,,,,,,,,
"Source:  FBI, 2000 National Incident-Based Reporting System. ",,,,,,,,,,,,,,,,,,,,,
,,,,,,,,,,,,,,,,,,,,,
