Bureau of Justice Statistics,,,,,,,,,,,,
Filename: fvs0503.csv,,,,,,,,,,,,
"Table 5.3: Victim demographic characteristics in police-recorded family violence compared to nonfamily violence in 18 States and the District of Columbia in 2000, by relationship",,,,,,,,,,,,
Report title:  Family Violence Statistics: Including Statistics on Strangers and Acquaintances NCJ 207846,,,,,,,,,,,,
"Data source:  National Incident-Based Reporting System, 2000",,,,,,,,,,,,
"Authors:  Matthew R. Durose, Caroline Wolf Harlow, Ph.D., Patrick A. Langan, Ph.D., Mark Motivans, Ph.D., Ramona R. Rantala, Erica L. Schmitt",,,,,,,,,,,,
Refer questions to:  askbjs@usdoj.gov   202-307-0765,,,,,,,,,,,,
Date of version:  6/12/05,,,,,,,,,,,,

"Table 5.3: Victim demographic characteristics in police-recorded family violence compared to nonfamily violence in 18 States and the District of Columbia in 2000, by relationship",,,,,,,,,,,,

,,Percent of crimes in which the victim was the offender's �,,,,,,,,,,
,,Family member,,,,,,,Nonfamily member,,,
Victim characteristic,All violent crimes,Total,Spouse,Son or daughter,Parent,Sibling,Other family,,Total,Boyfriend  or girlfriend,Friend or acquaintance,Stranger

All offenses,100,100,100,100,100,100,100,,100,100,100,100

Gender,,,,,,,,,,,,
Male,39.9,29.3,20,44.1,32,43.1,38.1,,45.1,18,50.5,65.4
Female,60.1,70.7,80,55.9,68,56.9,61.9,,54.9,82,49.5,34.6

Race/Hispanic origin,,,,,,,,,,,,
White,66.7,69.7,71.1,72,74.6,63,61.6,,65.2,58.2,66.7,70.1
Black,28.2,24.7,23,22.1,21.7,31.7,32.1,,29.9,36.2,29,23.9
Hispanic,4.3,4.7,4.9,4.8,3,4.4,5.5,,4.1,4.8,3.6,4.7
Other,0.8,0.9,1,1.1,0.7,1,0.7,,0.8,0.8,0.7,1.3
American Indian/ Alaska Native,0.3,0.3,0.3,0.4,0.2,0.5,0.4,,0.3,0.4,0.3,0.2
Asian/Pacific Islander,0.5,0.6,0.7,0.7,0.5,0.5,0.3,,0.5,0.4,0.4,1.1

Age,,,,,,,,,,,,
Under 18,20.6,18.1,0.7,76.5,2,36.5,29,,21.8,5.4,31.2,15
Under 13,7.5,9,0,41.5,0,13.3,16.4,,6.8,0.1,10.5,4.4
13 - 17,13.1,9.1,0.7,35,2,23.2,12.6,,15,5.3,20.7,10.6
18 - 24,23.1,16.8,18.4,15.2,1.8,24.9,19.2,,26.1,34.7,22.6,25.4
25 - 34,25,26.2,37.8,4.9,11.4,17.7,19.1,,24.5,32.5,20.1,27.3
35 - 54,27.9,34.3,40.2,3.1,67.9,19.2,23.8,,24.7,26.3,23,27.5
55 or older,3.4,4.6,2.9,0.3,15.5,1.6,9,,2.9,1.1,3.1,4.8

Total offenses,"634,096","207,571","110,279","27,783","23,652","21,164","24,693",,"426,525","106,009","242,233","78,283"

"Note:  Data identifying the victim's relationship to the offender were reported for 84.7% (634,096) of 748,252 violent crimes.  Of these 634,096 crimes with recorded relationships, victim gender was reported for 99.6%; race for 97.9%; age for 97.6%.  Detail may not add to total because of rounding. ",,,,,,,,,,,,
"Source:  FBI, 2000 National Incident-Based Reporting System. ",,,,,,,,,,,,
