Bureau of Justice Statistics,,,,,,,,,,,,,,,,,,
Filename: fv302.csv,,,,,,,,,,,,,,,,,,
"Table 3.2: Demographic characteristics of family murderers compared to nonfamily murderers
in 2002, by relationship",,,,,,,,,,,,,,,,,,
Report title:  Family Violence Statistics: Including Statistics on Strangers and Acquaintances NCJ 207846,,,,,,,,,,,,,,,,,,
"Data source:  Supplementary Homicide Reports, 2002",,,,,,,,,,,,,,,,,,
"Authors:  Matthew R. Durose, Caroline Wolf Harlow, Ph.D., Patrick A. Langan, Ph.D., Mark Motivans, Ph.D., Ramona R. Rantala, Erica L. Schmitt",,,,,,,,,,,,,,,,,,
Refer questions to:  askbjs@usdoj.gov   202-307-0765,,,,,,,,,,,,,,,,,,
Date of version:  6/12/05,,,,,,,,,,,,,,,,,,

"Table 3.2: Demographic characteristics of family murderers compared to nonfamily murderers
in 2002, by relationship",,,,,,,,,,,,,,,,,,

,,,Percent of murders in which the victim was the offender's �,,,,,,,,,,,,,,,
,,,Family member,,,,,,,,Nonfamily member,,,,,,,
Offender characteristic,All murders,,Total,,Spouse,,Son or daughter,,Other family,,Total,,Boyfriend or girlfriend,,Friend or acquaintance,, Stranger,

All murders,100,%,100,%,100,%,100,%,100,%,100,%,100,%,100,%,100,%

Gender,,,,,,,,,,,,,,,,,,
Male,89.8,%,79.2,%,83.1,%,61.9,%,87.5,%,92.7,%,74.6,%,93.4,%,96.7,%
Female,10.2,,20.8,,16.9,,38.1,,12.5,,7.3,,25.4,,6.6,,3.3,

Race,,,,,,,,,,,,,,,,,,
White,52.7,%,65.3,%,69.4,%,62.4,%,62.9,%,49.2,%,48.9,%,50.3,%,47.2,%
Black,44.3,,30.7,,25.7,,34.2,,34.1,,48,,48.8,,46.3,,50.8,
Other,3.1,,3.9,,4.9,,3.5,,3,,2.8,,2.3,,3.4,,2,
American Indian/ Alaska Native,1.2,,1,,0.1,,0.8,,2,,1.3,,0.6,,1.7,,0.7,
Asian/Pacific Islander,1.9,,3,,4.8,,2.7,,1.1,,1.6,,1.7,,1.7,,1.4,

Age,,,,,,,,,,,,,,,,,,
Under 18,6.5,%,5.5,%,0,%,5.1,%,12,%,6.8,%,1.2,%,6.7,%,8.8,%
Under 13,0.2,,0.8,,0,,0.2,,2,,0.1,,0,,0.1,,0,
13 - 17,6.3,,4.7,,0,,4.9,,10,,6.8,,1.2,,6.6,,8.8,
18 - 24,34.4,,17.3,,4.1,,30.3,,23.2,,39.4,,21.4,,38,,47.6,
25 - 34,27.5,,26.9,,24,,33.9,,25.2,,27.7,,32.2,,27.5,,26.7,
35 - 54,26.6,,38.9,,53.5,,25,,32,,23,,41.1,,23.8,,15.7,
55 or older,5,,11.4,,18.3,,5.7,,7.6,,3.1,,4.1,,4,,1.2,

   Total murders,"9,102",,"1,958",,787,,500,,671,,"7,144",,668,,"4,113",,"2,362",

Percent of all murders,100,%,21.5,%,8.6,%,5.5,%,7.4,%,78.5,%,7.3,%,45.2,%,26,%

"Note: Murder includes nonnegligent manslaughter. Data identifying the victim's relationship to the offender were  reported for 56.2% of 16,204 murders. Of these 9,102 murders with recorded relationships, offender gender was  reported for 98.9%; race for 97.6%; and age for 94%. Detail may not add to total because of rounding. ",,,,,,,,,,,,,,,,,,
"Source: FBI, 2002 Supplementary Homicide Reports. ",,,,,,,,,,,,,,,,,,
