Bureau of Justice Statistics,,,
Filename: fvs0703.csv,,,
Table 7.3: Characteristics of persons convicted in Federal court for interstate domestic violence from 2000 to 2002,,,
Report title:  Family Violence Statistics: Including Statistics on Strangers and Acquaintances NCJ 207846,,,
"Data source:  Executive Office for U.S. Attorneys, central system file, fiscal year",,,
"Authors:  Matthew R. Durose, Caroline Wolf Harlow, Ph.D., Patrick A. Langan, Ph.D., Mark Motivans, Ph.D., Ramona R. Rantala, Erica L. Schmitt",,,
Refer questions to:  askbjs@usdoj.gov   202-307-0765,,,
Date of version:  6/12/05,,,

Table 7.3: Characteristics of persons convicted in Federal court for interstate domestic violence from 2000 to 2002,,,

Defendant  characteristic, Number, Percent,

Total,47,100,%

Citizenship,,,
U.S. citizen,41,95.3,%
Non-U.S. citizen,2,4.7,

Criminal record ,,,
  Prior adult convictions,37,80.4,%
  No convictions,9,19.6,

Gender,,,
Male,42,95.5,%
Female,2,4.5,

Age,,,
21 - 30,10,21.7,%
31 - 40,21,45.6,
41 or older,15,32.6,

Race,,,
White,31,72.1,%
Black,10,23.3,
American Indian,2,4.6,

Hispanic origin,,,
Hispanic,3,4.6,%
Non-Hispanic,41,95.4,

"Note: These Federal domestic violence cases are identified as Title 18 U.S.C. �� 2261, 2261A, 2262. Of the 47 cases in which a defendant was convicted of interstate domestic violence as the most serious terminating offense, defendant citizenship status was reported for 91.5%; criminal record for 97.9%; gender for 93.6%; age for 97.9%; race for 91.5%; and Hispanic origin for 93.6%. ",,,
"Source: Administrative Office of the U.S. Courts, criminal master file, fiscal year.",,,
