Bureau of Justice Statistics,,,,,,,
Filename: slleta06t08.csv,,,,,,,
"Table 8. Facilities and resources of state and local law enforcement training academies, 2006",,,,,,,
"Report Title: State and Local Law Enforcement Training Academies, 2006 NCJ 222987",,,,,,,
Data Source: BJS Census of Law Enforcement Training Academies,,,,,,,
Refer questions to: askbjs@usdoj.gov or (202) 307-0765,,,,,,,
Author: Brian Reaves,,,,,,,
Date of version: 2/23/2009,,,,,,,

"Table 8. Facilities and resources of state and local law enforcement training academies, 2006",,,,,,,
,,Percent of academies with access,,,,,
Type of facility/resource,,Total with access,Part of academy,,,Not part of academy,
Educational,,,,,,,
Computers,Computers,,%,78,%.,20,%
Library,Library,,,47,,40,
Media lab/video production,Media lab/video production,,,36,,38,
Internet/online classes,Internet/online classes,,,40,,26,
Mobile terminals/computers,Mobile terminals/computers,,,34,,30,
Video conferencing classes,Video conferencing classes,,,19,,30,
Satellite information service,Satellite information service,,,16,,20,
Weapons/self-defense,,,,,,,
Outdoor firearms range,Outdoor firearms range,,%,44,%,52,%
Defensive tactics room,Defensive tactics room,,,72,,24,
Scenario training facility,Scenario training facility,,,45,,34,
Firearms training simulator,Firearms training simulator,,,57,,19,
Indoor firearms range,Indoor firearms range,,,18,,18,
Physical fitness/agility,,,,,,,
Weight room,Weight room,,%,59,%,34,%
Gymnasium,Gymnasium,,,47,,40,
Obstacle course,Obstacle course,,,42,,26,
Swimming pool,Swimming pool,,,7,,36,
Driving-related,,,,,,,
Vehicle operation range,Vehicle operation range,,%,32,%,63,%
Driving simulator,Driving simulator,,,16,,16,
Note: Detail may not add to total because of rounding.,,,,,,,
