Bureau of Justice Statistics,,,,,
Filename: slleta06t05.csv,,,,,
"Table 5. Minimum years of law enforcement experience required for full-time instructors in state and local law enforcement training academies, by type of operating agency, 2006",,,,,
"Report Title: State and Local Law Enforcement Training Academies, 2006 NCJ 222987",,,,,
Data Source: BJS Census of Law Enforcement Training Academies,,,,,
Refer questions to: askbjs@usdoj.gov or (202) 307-0765,,,,,
Author: Brian Reaves,,,,,
Date of version: 2/23/2009,,,,,

"Table 5. Minimum years of law enforcement experience required for full-time instructors in state and local law enforcement training academies, by type of operating agency, 2006",,,,,
Primary operating agency,,Percent of academies with minimum requirement,,Average number of years requried,
All types,,68,%,4,years
,State POST*,67,,4,.
,State police,50,,4,
,Sheriff�s office,68,,4,
,County police,68,,3,
,Municipal police ,62,,4
,College/university,74,,5
,Multi-agency,77,,3
,Other,67,,3
*Peace Officer Standards and Training,,,,
