Bureau of Justice Statistics,,,,,,,,,,,,,
Filename: slleta06at06.csv,,,,,,,,,,,,,
"Appendix table 6. Special patrol operations training provided by state and local law enforcement training academies, by type of academy, 2006",,,,,,,,,,,,,
"Report Title: State and Local Law Enforcement Training Academies, 2006 NCJ 222987",,,,,,,,,,,,,
Data Source: BJS Census of Law Enforcement Training Academies,,,,,,,,,,,,,
Refer questions to: askbjs@usdoj.gov or (202) 307-0765,,,,,,,,,,,,,
Author: Brian Reaves,,,,,,,,,,,,,
Date of version: 2/23/2009,,,,,,,,,,,,,

"Appendix table 6. Special patrol operations training provided by state and local law enforcement training academies, by type of academy, 2006",,,,,,,,,,,,,
,,Type of special patrol operation-,,,,,,,,,,,
Type of academy,,Bicycle patrol,,Motorcycle patrol,,Marine patrol,,Mounted (horse),,All-terrain vehicles,,Human transporter,
All types,,33,%,23,%,9,%,8,%,8,%,2,%
,State POST*,36,,28,,4,,8,,8,,0,
,State police,9,,32,,11,,2,,5,,2,
,Sheriff�s office,26,,37,,26,,30,,21,,2,
,County police,63,,37,,11,,0,,16,,0
,Municipal police ,59,,39,,10,,15,,11,,6
,College/university,18,,9,,5,,3,,3,,1
,Multi-agency,61,,28,,9,,9,,17,,0
,Other,21,,29,,21,,0,,0,,7
*Peace Officer Standards and Training.,,,,,,,,,,,,
