Bureau of Justice Statistics,,,,,,
Filename: slleta06t17.csv,,,,,,
"Table 17. Race and gender of recruits who started and completed basic training in state and local law enforcement training academies, 2005",,,,,,
"Report Title: State and Local Law Enforcement Training Academies, 2006 NCJ 222987",,,,,,
Data Source: BJS Census of Law Enforcement Training Academies,,,,,,
Refer questions to: askbjs@usdoj.gov or (202) 307-0765,,,,,,
Author: Brian Reaves,,,,,,
Date of version: 2/23/2009,,,,,,

"Table 17. Race and gender of recruits who started and completed basic training in state and local law enforcement training academies, 2005-06",,,,,,
Recruits who started training,Total,,Male,,Female,
Total,100,%,83.2,%,16.8,%
White,70.1,,60.5,,9.7,
Hispanic,12.7,,8.8,,3.9,
Black ,13.3,,10.6,,2.6,
Other,3.9,,3.3,,0.6,
Recruits who completed training,,,,,,
Total,100,%,84.5,%,15.5,%
"White, non-Hispanic",72.6,,63.2,,9.4,
"Hispanic, any race",11.9,,8.5,,3.4,
"Black, non-Hispanic ",12.1,,9.9,,2.1,
Other race*,3.4,,2.9,,0.5,
"*Includes American Indians, Alaska Natives, Asians, Native Hawaiians, other Pacific Islanders, and persons of two or more races.",,,,,,
