Bureau of Justice Statistics,,,,,
Filename: slleta06t18.csv,,,,,
"Table 18. Completion rates for recruits in state and local law enforcement training academies, by race and gender, 2005-06",,,,,
"Report Title: State and Local Law Enforcement Training Academies, 2006 NCJ 222987",,,,,
Data Source: BJS Census of Law Enforcement Training Academies,,,,,
Refer questions to: askbjs@usdoj.gov or (202) 307-0765,,,,,
Author: Brian Reaves,,,,,
Date of version: 2/23/2009,,,,,

"Table 18. Completion rates for recruits in state and local law enforcement training academies, by race and gender, 2005-06",,,,,
,,Number of basic recruits who: ,,,
,,Started traing,Completed training,Completion rate,
Total,,"43,528","37,411",86,%
Gender,,,,,
,Male,"36,331","31,688",87,%
,Female,"7,197","5,731",80,
Race/ethnicity,,,,,
,"White, non-Hispanic","26,246","22,943",87,%
,"Hispanic, any race","4,971","4,061",82,
,"Black, non-Hispanic ","4,761","3,878",81,
,Other race*,"1,459","1,131",78,
Note: See Methodology for information on missing data.,,,,,
"*Includes American Indians, Alaska Natives, Asians, Native Hawaiians, other Pacific Islanders, and persons of two or more races.",,,,,
