Bureau of Justice Statistics,,,,,,,,,,,,,,,
Filename: slleta06at02.csv,,,,,,,,,,,,,,,
"Appendix table 2. Control/defensive tactics training in state and local law enforcement training academies, by type of operating agency, 2006",,,,,,,,,,,,,,,
"Report Title: State and Local Law Enforcement Training Academies, 2006 NCJ 222987",,,,,,,,,,,,,,,
Data Source: BJS Census of Law Enforcement Training Academies,,,,,,,,,,,,,,,
Refer questions to: askbjs@usdoj.gov or (202) 307-0765,,,,,,,,,,,,,,,
Author: Brian Reaves,,,,,,,,,,,,,,,
Date of version: 2/23/2009,,,,,,,,,,,,,,,

"Appendix table 2. Control/defensive tactics training in state and local law enforcement training academies, by type of operating agency, 2006",,,,,,,,,,,,,,,
,,Type of control/defensive tactic covered in basic training,,,,,,,,,,,,,
Type of operating agency,,Weapon retention,,Verbal command presence,,Pressure-point control,,Ground fighting,,Speed cuffing,,Neck restraints,,Full-body restraints,
All types,,98,%,94,%,90,%,87,%,79,%,38,%,22,%
,State POST*,100,,100,,88,,88,,80,,28,,16,
,State police,100,,95,,86,,100,,80,,43,,23,
,Sheriff�s office,100,,93,,86,,81,,84,,39,,21,
,County police,100,,100,,79,,95,,84,,37,,21
,Municipal police ,100,,97,,92,,90,,82,,39,,24
,College/university,95,,91,,89,,83,,77,,38,,22
,Multi-agency,100,,93,,98,,94,,78,,37,,20
,Other,100,,100,,86,,100,,79,,14,,7
*Peace Officer Standards and Training.,,,,,,,,,,,,,,
