Bureau of Justice Statistics,,
Filename: slleta06f11.csv,,
"Figure 11. Completion rates male and female recruits in state and local law enforcement training academies, by type of training environment, 2005-06",,
"Report Title: State and Local Law Enforcement Training Academies, 2006 NCJ 222987",,
Data Source: BJS Census of Law Enforcement Training Academies,,
Refer questions to: askbjs@usdoj.gov or (202) 307-0765,,
Author: Brian Reaves,,
Date of version: 2/23/2009,,

"Figure 11. Completion rates male and female recruits in state and local law enforcement training academies, by type of training environment, 2005-06",,
Training environment,Male,Female
Predom stress,0.81,0.68
More stress,0.88,0.79
More non-stress,0.9,0.84
Predom non-stress,0.89,0.89
