Bureau of Justice Statistics,,
Filename: slleta06f07.csv,,
"Figure 7. Community policing topics in state and local law enforcement training academies, 2002 and 2006",,
"Report Title: State and Local Law Enforcement Training Academies, 2006 NCJ 222987",,
Data Source: BJS Census of Law Enforcement Training Academies,,
Refer questions to: askbjs@usdoj.gov or (202) 307-0765,,
Author: Brian Reaves,,
Date of version: 2/23/2009,,

"Figure 7. Community policing topics in state and local law enforcement training academies, 2002 and 2006",,
,Percent of academies providing training,
,2002,2006
Identifying community problems,0.83,0.02
History of community policing,0.8,0.04
Environmental crime analysis,0.61,0.02
Prioritizing crime/disorder problems,0.62,0
Using problem-solving models,0.57,0.03
Organizing/mobilizing community,0.46,0.07
Assessing response effectiveness,0.42,0.03
Creating problem-solving teams,0.38,0.05
Analyzing crime/calls for service data,0.29,0.09
Using crime mapping to analyze problems,0.25,0.11
Applying research methods to study crime,0.21,0.14
