Bureau of Justice Statistics,
Filename: slleta06f01.csv,
"Figure 1. Types of personnel trained by state and local law enforcement training academies, 2006",
"Report Title: State and Local Law Enforcement Training Academies, 2006 NCJ 222987",
Data Source: BJS Census of Law Enforcement Training Academies,
Refer questions to: askbjs@usdoj.gov or (202) 307-0765,
Author: Brian Reaves,
Date of version: 2/23/2009,

"Figure 1. Types of personnel trained by state and local law enforcement training academies, 2006",
Type of personnel,Percent of academies
Local police officer,0.92
Sheriff's deputy*,0.7
Campus police officer,0.5
Jail officer,0.25
Corrections officer,0.23
State police officer,0.21
Constable,0.16
Parole/probation officer,0.16
Fire marshal/investigator,0.16
Tribal police officer,0.15
Natural resources officer,0.15
Transportation police officer,0.14
Private security officer,0.1
Firefighter,0.08
Emergency medical technician,0.07
Animal control officer,0.06
*Law enforcement,
