Bureau of Justice Statistics,,,,,,,,,,
Filename: slleta06t02.csv,,,,,,,,,,
"Table 2. State and local law enforcement training academies and instructors, by size of academy, 2006",,,,,,,,,,
"Report Title: State and Local Law Enforcement Training Academies, 2006 NCJ 222987",,,,,,,,,,
Data Source: BJS Census of Law Enforcement Training Academies,,,,,,,,,,
Refer questions to: askbjs@usdoj.gov or (202) 307-0765,,,,,,,,,,
Author: Brian Reaves,,,,,,,,,,
Date of version: 2/23/2009,,,,,,,,,,

"Table 2. State and local law enforcement training academies and instructors, by size of academy, 2006",,,,,,,,,,
,,Academies,,,Full-time instructors,,,Part-time instructors,,
Number of full-time equivalent instructors,,Number,Percent,,Number,Percent,,Number,Percent,
All sizes,,648,100,%,"10,193",100,%,"28,002",100,%
,100 or more,36,6,,"3,178",31,,"6,333",23,
,50-99,98,15,,"3,152",31,,"6,959",25,
,25-49,204,31,,"2,437",24,,"9,203",33,
, 10-24,217,33,,"1,167",11,,"4,879",17
,Under 10 ,93,14,,259,3,,628,2
Note: Detail may not add to total because of rounding.,,,,,,,,,
