Bureau of Justice Statistics,,,,,,,,,,,,,
Filename: slleta06t01.csv,,,,,,,,,,,,,
"Table 1. State and local law enforcement training academies and instructors, by type of operating agency, 2006",,,,,,,,,,,,,
"Report Title: State and Local Law Enforcement Training Academies, 2006 NCJ 222987",,,,,,,,,,,,,
Data Source: BJS Census of Law Enforcement Training Academies,,,,,,,,,,,,,
Refer questions to: askbjs@usdoj.gov or (202) 307-0765,,,,,,,,,,,,,
Author: Brian Reaves,,,,,,,,,,,,,
Date of version: 2/23/2009,,,,,,,,,,,,,

"Table 1. State and local law enforcement training academies and instructors, by type of operating agency, 2006",,,,,,,,,,,,,
,,Academies,,,Full-time equivalent* instructors,,,Full-time instructors,,,Part-time instructors,,
Primary operating agency,,Number,Percent,,Number,Percent,,Number,Percent,,Number,Percent,
All types,,648,100,,"24,194",100,%,"10,193",100,%,"28,002",100,%
,State POST*,25,4,,"1,760",7,,741,7,,"2,037",7,
,State police/patrol,44,7,,"1,870",8,,"1,148",11,,"1,444",5,
,Sheriff�s office,57,9,,"1,878",8,,"1,086",11,,"1,584",6,
,County police,19,3,,709,3,,491,5,,435,2
,Municipal police ,143,22,,"5,417",22,,"3,479",34,,"3,875",14
,College/university,292,45,,"8,522",35,,"1,373",13,,"14,298",51
,Multi-agency,54,8,,"3,208",13,,"1,439",14,,"3,537",13
,Other,14,2,,832,3,,436,4,,792,3
Note: Detail may not add to total because of rounding.,,,,,,,,,,,,
*Calculated by weighting the number of part-time instructors by .5 and adding this to the number of full-time instructors. ,,,,,,,,,,,,
*Peace Officer Standards and Training,,,,,,,,,,,,
