"filename:  pji961.csv",,,,,,,
"table #: 1",,,,,,,
"report title:  Profile of Jail Inmates, 1996",,,,,,,
"data sources:  1996 Survey of Inmates in Local Jails",,,,,,,
"author:  Caroline Wolf Harlow (202) 307-0757 harlowc@ojp.usdoj.gov",,,,,,,
"date of version:  4/16/98",,,,,,,
,,,,,,,
"Table 1.  Detention status of jail inmates,  1995-96 and 1989",,,,,,,
,,,,,,,
,,"Percent of jail inmates ",,,,,
,"Status on",,,,,,
,"prior conviction ",,,,,,
,"or most ",,,,,,
,"recent arrest",,,"Status on most recent arrest",,,
"Detention status"," 1996",,," 1996",,1989,
,,,,,,,
"Convicted",65.4,"%",,56.1,"%",57.4,"%"
"  Sentenced",55.2,,,45.9,,50.1,
"  Awaiting sentence",10.2,,,10.2,,7.3,
,,,,,,,
"Unconvicted",34.6,"%",,43.9,"%",42.6,"%"
"  Arraigned and awaiting",,,,,,,
"    trial or on trial",24.0,,,"--",,"--",
"  Not yet arraigned",10.6,,,"--",,"--",
,,,,,,,
"Number of jail inmates",485856,,,487596,,380160,
,,,,,,,
"Note:  Excludes inmates for whom detention status,",,,,,,,
"offense, or prior conviction was unknown.",,,,,,,
"-- Not available.",,,,,,,
