"filename:  pji96hi.csv",,,
"table #: highlights",,,
"report title:  Profile of Jail Inmates, 1996",,,
"data sources:  1996 Survey of Inmates in Local Jails",,,
"author:  Caroline Wolf Harlow (202) 307-0757 harlowc@ojp.usdoj.gov",,,
"date of version:  6/08/98",,,
,,,
"Highlights table",,,
,,,
,,"Percent of  jail inmates",
,,1996,1989
"Total",," 100%"," 100%"
,,,
"Offense",,,
"Violent",,26.3,22.5
"Property",,26.9,30
"Drug",,22,23
"Public-order",,24.3,22.8
,,,
"Criminal justice status at arrest",,,
"None",,46.4,53.5
"Statusa",,53.6,46.5
"On probation",,31.7,"--"
"On parole",,13.1,"--"
"On bail/bond",,12.7,"--"
"On other pretrial release",,4.4," --"
,,,
"Criminal history",,,
"None",,27.3,23.5
"Priors/a",,72.7,76.5
"Probation ",,63,62.9
"Jail/prison ",,58.4,56.6
,,,
"Prior drug use",,,
"Never ",,17.6,22.3
"Evera",,82.4,77.7
"Regularly",,64.2,58
"In month before the offense/b",,55,43.8
"At time of  the offense/b",,35.6,27
,,,
"Under the influence of alcohol at time of the offense/b",,,
"No ",,59.5,58.7
"Yes",,40.5,41.3
,,,
"Substance abuse treatment",,,
"Never",,57.7,67.6
"Evera",,42.3,32.4
"  Since admission",,10.3,"--"
,,,
"Number of inmates",,507026,395554
" --Not available. ",,,
"a/ Detail may add to more than total;",,,
"inmates may fit more than one category.",,,
"b/ Based on convicted jail inmates only. ",,,
