"filename:  pji9615.csv",
"table #: 15",
"report title:  Profile of Jail Inmates 1996",
"data sources:  1996 Survey of Inmates in Local Jails",
"author:  Caroline Wolf Harlow (202) 307-0757 harlowc@ojp.usdoj.gov",
"date of version:  4/21/98",
,
"Table 15.  Family background  of jail inmates, 1996",
" While growing up--","Percent of jail inmates"
,
"Person(s) lived with  most of time ",
"Both parents",39.7
"Mother only",43.3
"Father only",4.9
"Grandparents",7
"Other ",5.2
,
"Ever lived in a foster home,",
"agency, or institution",13.6
,
"Family ever received ",
"public assistance",
"Welfare only",22
"Public housing only",4.8
"Both",11.8
,
"Family member ever incarcerated",
"Total*",46.1
"Father",17.1
"Mother",4.4
"Brother",30.3
"Sister",6.2
"Spouse",3.3
"Child",1.3
,
"Parent or guardian ever abused alcohol or drugs",
"while inmate  was growing up",
"Alcohol only",23.1
"Drugs only",1.3
"Both",6.9
,
"*Detail may not add to total because more than one response was possible.",
