"filename:  pjiap2.csv",,,,,
"Appendix table #: 2",,,,,
"report title:  Profile of Jail Inmates, 1996",,,,,
"data sources:  1996 Survey of Inmates in Local Jails",,,,,
"author:  Caroline Wolf Harlow (202) 307-0757 harlowc@ojp.usdoj.gov",,,,,
"date of version:  4/16/98",,,,,
,,,,,
,,,,,
"Appendix table 2.  Standard errors of offenses and criminal history ",,,,,
"of jail inmates, by selected characteristics, 1996",,,,,
,,,,,
,,"Gender",,"Race/ethnicity",
"Offense","Male","Female","White","Black","Hispanic"
,,,,,
"Violent offenses",0.85,0.94,1.22,1.16,1.51
"  Homicide",0.32,0.27,0.39,0.56,0.55
"  Sexual assault",0.32,0.05,0.54,0.38,0.54
"  Robbery",0.44,0.46,0.52,0.72,0.78
"   Assault",0.53,0.74,0.77,0.76,1.12
,,,,,
"Property offenses",0.77,1.55,1.15,1.05,1.48
"  Burglary",0.46,0.49,0.77,0.57,0.89
"  Larceny/theft",0.45,1.25,0.7,0.64,0.73
"  Motor vehicle theft",0.27,0.3,0.36,0.37,0.6
"  Fraud",0.34,0.88,0.61,0.46,0.45
,,,,,
"Drug offenses",0.7,1.28,0.82,1.14,1.67
"  Possession",0.54,0.93,0.65,0.85,1.2
" Trafficking",0.49,0.92,0.53,0.81,1.27
,,,,,
"Public-order offenses",0.81,1.4,1.18,0.87,1.74
"  Weapons",0.24,0.19,0.27,0.38,0.53
"  Obstruction of justice",0.34,0.62,0.56,0.49,0.54
"  Traffic",0.3,0.35,0.49,0.31,0.68
"  Driving while intoxicated",0.54,0.8,1.01,0.32,1.22
"  Drunkenness/morals",0.22,0.66,0.3,0.3,0.55
"  Violation of probation/parole",0.28,0.41,0.46,0.3,0.66
,,,,,
"Criminal history",,,,,
,,,,,
"No previous sentence",0.81,1.53,1.14,1.11,1.7
"  Current violent offense",0.59,0.77,0.79,0.84,1.09
"  Current drug offense",0.41,0.99,0.51,0.61,1.15
"  Current other offense",0.51,1.17,0.81,0.7,1.18
,,,,,
"Violent recidivists",0.84,1.06,1.33,1.12,1.58
"  Current and prior violent",0.55,0.52,0.79,0.76,1.16
"  Current violent only",0.48,0.58,0.74,0.72,0.82
"  Prior violent only",0.6,0.73,0.86,0.84,1.1
,,,,,
"Nonviolent recidivists",0.9,1.53,1.37,1.1,1.71
"  Prior minor public-order only",0.26,0.61,0.44,0.36,0.54
"  Current and prior drug offense only",0.41,0.73,0.47,0.65,1
"  Other prior offenses",0.81,0.86,1.33,0.92,1.6
