"filename:  pjiap1.csv",,,,
"appendix table #: 1",,,,
"report title:  Profile of Jail Inmates, 1996",,,,
"data sources:  1996 Survey of Inmates in Local Jails",,,,
"author:  Caroline Wolf Harlow (202) 307-0757 harlowc@ojp.usdoj.gov",,,,
"date of version:  4/21/98",,,,
,,,,
"Appendix table 1.  Standard errors of selected characteristics ",,,,
"of jail inmates, 1996 and 1989",,,,
,,,,
,"Standard errors for",,,
,"estimated percentages",,,
,,,,
"Selected  characteristic",1996,,1989,
,,,,
"Male/female",0.33,"%",0.47,"%"
,,,,
"White",1.27,"%",0.78,"%"
"Black",1.28,,0.79,
"Hispanic",0.75,,0.61,
"Other",0.44,,0.24,
,,,,
"17 or younger",0.35,"%",0.19,"%"
"18-24",0.67,,0.75,
"25-34",0.7,,0.79,
"35-44",0.61,,0.6,
"45-54",0.37,,0.33,
"55 or older",0.18,,0.21,
,,,,
"Current offense",,,,
"Violent",0.77,"%",0.68,"%"
"Property",0.71,,0.75,
"Drug",0.66,,0.69,
"Public-order",0.77,,0.68,
,,,,
"Detention status",,,,
"Convicted/unconvicted",0.95,"%",0.81,"%"
,,,,
"Criminal justice status at arrest",,,,
"No status",0.78,"%",0.81,"%"
"Status",0.78,,0.81,
"Probation",0.8,,"*",
"Parole",0.55,,"*",
,,,,
"Criminal history",,,,
"Prior sentences/none",0.8,"%",0.69,"%"
,,,,
"Drug use",,,,
"Ever used drugs",0.6,"%",0.67,"%"
"Ever used drugs regularly",0.75,,0.79,
"Used drugs in month before offense",0.95,,1.07,
"Used drugs at time  of offense",0.89,,0.96,
,,,,
"Note: The standard errors for 1989 were calculated",,,,
"using the generalized variance function constant ",,,,
"parameters that were not available for the 1996 survey.",,,,
"*Not applicable.",,,,
