Bureau of Justice Statistics,,,,
Filename: csfcf05t02.csv,,,,
"Table 2. Number of private correctional facilities operating under contract to state or federal authorities and average daily population, 2000 and 2005",,,,
"Report title: Census of State and Federal Correctional Facilities, 2005 NCJ 222182",,,,
"Data source: Census of State and Federal Correctional Facilities, 2005",,,,
Author: James J. Stephan,,,,
Refer questions to: askbjs@usdoj.gov 202-307-0765,,,,
Date of version: 9/17/08,,,,

"Table 2. Number of private correctional facilities operating under contract to state or federal authorities and average daily population, 2000 and 2005",,,,

,2000,2005,Percent change,
Number of facilities*,264,415,57,%
Average daily population,"91,184","105,451",16,
"*For federal, state, and regional data, see appendix tables 8 and 9.",,,,
