Bureau of Justice Statistics,,,,,,,,,,
Filename: csfcf05at13.csv,,,,,,,,,,
"Appendix table 13. Number of employees in correctional facilities under state or federal authority, by occupational category, December 30, 2005",,,,,,,,,,
"Report title: Census of State and Federal Correctional Facilities, 2005 NCJ-222182",,,,,,,,,,
"Data source: Census of State and Federal Correctional Facilities, 2005",,,,,,,,,,
Author:  James J. Stephan,,,,,,,,,,
Refer questions to: askbjs@usdoj.gov  (202)307-0765,,,,,,,,,,
Date of version:  09/30/08,,,,,,,,,,

"Appendix table 13. Number of employees in correctional facilities under state or federal authority, by occupational category, December 30, 2005",,,,,,,,,,

,,,,Correctional employees,,,,,,
Region and authority,,Total facilities,Facilities reporting staff,All employees ,Administrators,Correctional officers,Clerical/maintenance/food service,Educational,Professional/technical,Other/Not available
U.S. total (estimated) /a,,,,445055,10769,295261,51993,11526,46016,29489
U.S. total (reported),,"1,821","1,717","419,637","10,154","278,398","49,024","10,868","43,388","27,805"
,Public/b,"1,406","1,317","393,699","8,290","262,718","46,481","9,827","39,618","26,765"
,Private,415,400,"25,938","1,864","15,680","2,543","1,041","3,770","1,040"
,Federal,102,97,"29,755",900,"14,165","6,216",922,"4,855","2,697"
,State/c,"1,719","1,620","389,882","9,254","264,233","42,808","9,946","38,533","25,108"
Region (excluding federal),,,,,,,,,,
Northeast,,268,262,"70,215","1,381","47,544","9,621","2,754","7,715","1,200"
,Connecticut,49,49,"6,402",118,"4,516",708,239,652,169
,Maine,7,7,834,41,572,96,42,83,0
,Massachusetts/d,17,17,"4,057",131,"3,309",297,32,246,42
,New Hampshire,8,8,876,54,545,60,32,145,40
,New Jersey,42,36,"9,277",232,"6,650",686,550,942,217
,New York,77,77,"31,573",565,"21,331","4,820","1,140","3,272",445
,Pennsylvania,52,52,"15,195",175,"9,083","2,845",664,"2,169",259
,Rhode Island,7,7,"1,161",17,947,70,14,109,4
,Vermont,9,9,840,48,591,39,41,97,24
Midwest,,342,338,"85,256","2,702","55,322","12,567","2,580","10,496","1,589"
,Illinois/e,44,40,"14,167",582,"8,771","2,169",658,"1,606",381
,Indiana,23,23,"6,310",227,"4,264",912,177,678,52
,Iowa,31,31,"3,399",131,"2,107",547,37,551,26
,Kansas,13,13,"2,984",108,"1,944",438,32,427,35
,Michigan,62,62,"21,202",191,"15,235","2,839",423,"2,503",11
,Minnesota,18,18,"3,611",110,"2,131",545,130,648,47
,Missouri,28,28,"9,439",156,"5,625","1,791",300,987,580
,Nebraska,9,9,"1,812",89,"1,261",229,25,155,53
,North Dakota,8,8,625,40,394,86,15,88,2
,Ohio,59,59,"13,318",702,"8,167","1,934",447,"1,749",319
,South Dakota,6,6,804,19,473,82,31,195,4
,Wisconsin,41,41,"7,585",347,"4,950",995,305,909,79
South,,779,775,"148,923","3,753","108,036","15,893","3,703","15,385","2,153"
,Alabama,33,33,"3,250",184,"2,489",386,0,179,12
,Arkansas,26,26,"3,559",66,"2,713",677,3,94,6
,Delaware,12,12,"1,639",33,"1,363",120,22,89,12
,District of Columbia/f,5,5,123,14,51,23,.,24,11
,Florida,109,107,"23,038",294,"17,827",692,408,"3,589",228
,Georgia,87,87,"14,301",553,"9,670","1,993",293,"1,331",461
,Kentucky,25,25,"3,946",237,"2,474",424,129,586,96
,Louisiana,23,23,"5,921",142,"4,710",324,59,480,206
,Maryland,29,29,"7,160",85,"5,384",809,133,522,227
,Mississippi,31,31,"3,934",167,"2,932",262,97,339,137
,North Carolina,88,88,"15,106",412,"11,388","1,056",215,"1,742",293
,Oklahoma,53,53,"5,075",273,"2,871",804,154,895,78
,South Carolina,33,33,"5,051",236,"3,698",607,98,412,0
,Tennessee,19,19,"6,279",232,"4,205",674,241,723,204
,Texas,132,132,"38,097",627,"27,737","5,065","1,333","3,250",85
,Virginia,59,57,"10,697",118,"7,599","1,691",374,876,39
,West Virginia,15,15,"1,747",80,925,286,144,254,58
West,,330,245,"85,488","1,418","53,331","4,727",909,"4,937","20,166"
,Alaska,21,21,"1,339",68,896,152,30,174,19
,Arizona,21,21,"8,235",161,"6,519",524,167,859,5
,California/g,100,100,"47,881",47,"27,803",128,40,230,"19,633"
,Colorado,58,58,"6,902",362,"4,394",885,242,776,243
,Hawaii,10,10,"1,724",18,"1,251",245,25,164,21
,Idaho,15,15,"1,473",58,971,146,51,209,38
,Montana,11,11,"1,211",96,700,192,33,183,7
,Nevada,22,22,"2,313",47,"1,589",221,35,398,23
,New Mexico,11,11,"2,632",147,"1,848",269,123,211,34
,Oregon,15,15,"3,739",144,"2,318",630,103,478,66
,Utah,7,7,"1,380",28,"1,073",141,23,83,32
,Washington,32,32,"6,064",201,"3,599","1,094",16,"1,114",40
,Wyoming,7,7,595,41,370,100,21,58,5
"Note: Includes all full-time, parttime, payroll, nonpayroll, and contract employees. Excludes community volunteers.",,,,,,,,,,
"a/To estimate the total number of employees, the total number of facilities nationwide was divided by the number of facilities reporting employees and multiplied by the reported number of employees.",,,,,,,,,,
b/Includes facilities operated by both federal and state authorities.,,,,,,,,,,
c/Includes private facilities.,,,,,,,,,,
d/The total number of facilities in 2005 are as of June 30.,,,,,,,,,,
"e/Includes public staff from the Illinois Department of Corrections, June 30, 2005 and private staff figures as reported in the BJS 2005 Census of State and Federal Correctional Facilities. Numbers of men and women are based on the proportionate weighting of the number of male and female employees in the 2000 Census."
"f/As of December 30, 2001, sentenced felons from the District of Columbia were  the reponsibility of the Federal Bureau of Prisons. Some inmates were housed in private facilities under contract to the District of Columbia on December 30, 2005."
"g/Includes employees from the Califiornia Department of Corrections, 4th quarter 2005; and private employees as reported in the BJS 2005 Census of State and Federal Correctional Facilities. Numbers of men and women are based on the proportionate weighting of the number of male and female employees in the 2000 Census."
