"Bureau of Justice Statistics",,,,,,,
"filename: cfj953_3.csv",,,,,,,
"contents: Federal case processing data",,,,,,,
"data source: Federal Justice Statistics database maintained by the Urban institute.",,,,,,,
"refer questions to: scalia@ojp.usdoj.gov (202) 616-3276 ",,,,,,,
"coordinator: John Scalia and Steve Smith (smithste@ojp.usdoj.gov (202) 616-3485)",,,,,,,
"date of version:  2/20/98",,,,,,,
,,,,,,,
"Table 3.3.  Time from filing to disposition of cases terminating from October 1, 1994 - ",,,,,,,
,,,"September 30, 1995",,,,
,,,,,,,
,,,,"Average time from filing to disposition for defendants in cases",,,
,,,,"resulting in--",,,
"Most serious offense charged",,,," All outcomes","Dismissal\a","Guilty plea","Trial\b"
,,,"   All offenses",9,13,8,11
"Felonies",,,,10,16,9,12
,"Violent offenses",,,8,12,7,11
,,"Murder\c",,10,10,9,13
,,"Negligent manslaughter",,"--","--","--","--"
,,"Assault",,7,9,7,7
,,"Robbery",,8,17,7,11
,,"Rape",,8,11,8,9
,,"Other sex offenses\c",,9,"--",8,"-"
,,"Kidnaping",,12,"--",12,15
,,"Threats against the President",,8,6,"--","--"
,"Property offenses",,,9,14,8,13
,,"Fraudulent",,9,15,8,13
,,,"Embezzlement",7,12,6,15
,,,"Fraud\c",10,15,8,13
,,,"Forgery",9,17,8,9
,,,"Counterfeiting",8,13,7,12
,,"Other",,9,13,8,11
,,,"Burglary",8,"--",7,"--"
,,,"Larceny\c",8,12,7,12
,,,"Motor vehicle theft",9,10,9,9
,,,"Arson and explosives",10,21,9,9
,,,"Transportation of stolen property",11,15,10,16
,,,"Other property offenses\c",8,"7.5","--","--"
,"Drug offenses",,,12,19,11,13
,,"Trafficking",,12,19,11,13
,,"Possession and other drug offenses",,8,7,8,7
,"Public order offenses",,,9,15,7,12
,,"Regulatory",,11,18,8,15
,,,"Agriculture",11,14,9,"--"
,,,"Antitrust",8,"--",6,14
,,,"Food and drug",16,"--",16,"--"
,,,"Transportation",16,39,7,14
,,,"Civil rights",7,7,7,7
,,,"Communications",8,"--",7,"--"
,,,"Custom laws",9,18,7,"--"
,,,"Postal laws",9,11,6,"--"
,,,"Other regulatory offenses",11,17,9,15
,,"Other",,8,15,7,11
,,,"Weapons",9,12,9,11
,,,"Immigration offenses",4,11,4,9
,,,"Tax law violations\c",9,16,8,11
,,,"Bribery",10,17,9,11
,,,"Perjury, contempt, and intimidation",11,13,10,13
,,,"National defense",21,46,10,"--"
,,,"Escape",14,23,12,10
,,,"Racketeering and extortion",13,17,12,16
,,,"Gambling",19,"--",19,"--"
,,,"Obscene material\c",5,"4.7","--","--"
,,,"Migratory birds","--","--","--","--"
,,,"All other felonies\c",7,"8.2","--","--"
"Misdemeanors\c",,,,4,8,3,2
,"Fraudulent property offense",,,4,10,3,9
,"Larceny",,,3,4,3,4
,"Drug possession\c",,,4,5,4,6
,"Immigration",,,1,4,1,"  -"
,"Traffic offenses",,,4,10,2,1
,"Other misdemeanors",,,4,6,4,4
"Unknown or indeterminable offense",,,,6,"--",7,"--"
,,,,,,,
"--Too few cases to obtain statistically reliable data.",,,,,,,
"(SEE PRINTED REPORT FOR FOOTNOTES.)",,,,,,,
