Bureau of Justice Statistics,,
Filename: bwclea16f01.csv,,
"Figure 1. General-purpose law enforcement agencies with recording devices, by type of device, 2016",,
"Report title: Body-Worn Cameras in Law Enforcement Agencies, 2016   NCJ 251775",,
"Data source: Bureau of Justice Statistics, Law Enforcement Management and Administrative Statistics - Body-Worn Camera Supplement, 2016",,
"Author: Shelley Hyland, Ph.D.",,
Refer questions to: askbjs@usdoj.gov  202-307-0765,,
Date of release: 11/16/18,,
,,
"Figure 1. General-purpose law enforcement agencies with recording devices, by type of device, 2016",,
Type of device,All agencies,
Any type of recording device,83.3,%
Car dashboard cameras,69,
Body-worn cameras,47.4,
Personal audio recorders,38.1,
Other*,15.4,
Note: See appendix table 3 for estimates and standard errors. ,,
"*Includes devices for interview rooms, building surveillance, and other agency-specified responses. ",,
"Source: Bureau of Justice Statistics, Law Enforcement Management and Administrative Statistics - Body-Worn Camera Supplement, 2016.",,
