Bureau of Justice Statistics,,,
Filename: bwclea16f02.csv,,,
"Figure 2. Factors determining if an agency would explore body-worn cameras in the next year, by agency type, 2016",,,
"Report title: Body-Worn Cameras in Law Enforcement Agencies, 2016   NCJ 251775",,,
"Data source: Bureau of Justice Statistics, Law Enforcement Management and Administrative Statistics - Body-Worn Camera Supplement, 2016",,,
"Author: Shelley Hyland, Ph.D.",,,
Refer questions to: askbjs@usdoj.gov  202-307-0765,,,
Date of release: 11/16/18,,,
,,,
"Figure 2. Factors determining if an agency would explore body-worn cameras in the next year, by agency type, 2016",,,
Factor,Local police,Sheriff's office,Primary state police
Initial acquisition costs,0.62,0.69,0.65
Ongoing maintenance costs,0.59,0.57,0.61
Privacy concerns,0.35,0.29,0.42
Liability concerns,0.3,0.24,0.26
Public expectations,0.22,0.15,0.39
Note: See appendix table 15 for estimates and standard errors.,,,
"! Interpret with caution. Too few cases to provide a reliable rate, or coefficient of variation is greater than 50%.",,,
"Source: Bureau of Justice Statistics, Law Enforcement Management and Administrative Statistics - Body-Worn Camera Supplement, 2016. ",,,
