Bureau of Justice Statistics,,,,,,,,
filename: mmicss04t04.csv,,,,,,,,
"Table 4. Gender of claimant in closed medical malpractice insurance claims, by health care provider and state, 2000-2004",,,,,,,,
"report title: Medical Malpractice Insurance Claims in Seven States, 2000-2004, NCJ 216339",,,,,,,,
data source: Special reporting to BJS by state agencies   ,,,,,,,,
"authors:  Thomas Cohen, Ph.D., and Kristen Hughes, MPA",,,,,,,,
refer questions to: askbjs@usdoj.gov (202)307-0765,,,,,,,,
date of version: 3/01/07,,,,,,,,

"Table 4. Gender of claimant in closed medical malpractice insurance claims, by health care provider and state, 2000-2004",,,,,,,,

,Percent of closed insurance claims ,,,,,,,
,Any health care provider,,,,Physicians or surgeons only,,,
Gender of claimant,Florida/a,,Missouri/b,,Illinois/b,,Nevada/b,
Male,45.5,%,44.4,%,43.6,%,46.1,%
Female,54.5,,55.6,,56.4,,53.9,

Number of closed insurance claims,"8,519",,"8,155",,"15,758",,"1,251",,,,

"Note: Claimant gender data were available for 100% of claims in Florida, 97% in Missouri, 98% in Illinois, and 99.8% in Nevada. Claimant gender data were unavailable for Maine, Massachusetts, and Texas. ",,,,,,,,,,,
a/ Includes claims closed with an insurance payout.,,,,,,,,,,,
b/ Includes claims closed with or without an insurance payout.,,,,,,,,,,,
