Bureau of Justice Statistics,,,,,,,,,
filename: mmicss04t06.csv,,,,,,,,,
"Table 6. Number of closed claims with an insurance payout and median payout, by type of disposition, 2000-2004",,,,,,,,,
"report title: Medical Malpractice Insurance Claims in Seven States, 2000-2004, NCJ 216339",,,,,,,,,
data source: Special reporting to BJS by state agencies   ,,,,,,,,,
"authors:  Thomas Cohen, Ph.D., and Kristen Hughes, MPA",,,,,,,,,
refer questions to: askbjs@usdoj.gov (202)307-0765,,,,,,,,,
date of version: 3/01/07,,,,,,,,,

"Table 6. Number of closed claims with an insurance payout and median payout, by type of disposition, 2000-2004",,,,,,,,,

,,Claims closed by settlement,,,,,,,
,,All settlements,,Prior to lawsuit,,After lawsuit but prior to trial verdict or judgment,,Claims closed after trial verdict or judgment,
State and type of health care provider,,Number,Median payout,Number,Median payout,Number,Median payout,Number,Median payout
Any health care provider,,,,,,,,,
,Florida/a,"8,298","$131,000 ","2,014","$72,000 ","6,284","$158,000 ",156,"$322,000 "
,Maine/b,332,"107,000", --, --, --, --,16,"418,000"
,Missouri/c,"2,516","105,000",627,"18,000","1,889","150,000",81,"342,000"
,Texas/d,"6,089","191,000",543,"53,000","5,546","202,000",162,"497,000"
Physicians or surgeons only,,,,,,,,,
,Nevada,448,"$218,000 ", --, --, --, --,24,"$551,000 "

Note: Insurance payouts were adjusted for inflation using the Consumer Price Index (CPI) in 2004 dollars and rounded to the nearest thousand. Medical malpractice insurance claim disposition data were unavailable for Illinois and Massachusetts. ,,,,,,,,,
 -- Data not available.,,,,,,,,,
"a/ Disposition data were available for 99% (8,454 of 8,519) of claims closed with an insurance payout.",,,,,,,,,
b/ Disposition data were available for 90% (348 of 386) of claims closed with an insurance payout.,,,,,,,,,
c/ Disposition for one paid claim was unknown.,,,,,,,,,
"d/ Includes only medical malpractice insurance claims with insurance payouts of more than $10,000.",,,,,,,,,
