Bureau of Justice Statistics,,,,,,
filename: mmicss04t03.csv,,,,,,
"Table 3. Facility where injury occurred in closed medical malpractice insurance claims, by state and health care provider, 2000-2004",,,,,,
"report title: Medical Malpractice Insurance Claims in Seven States, 2000-2004, NCJ 216339",,,,,,
data source: Special reporting to BJS by state agencies   ,,,,,,
"authors:  Thomas Cohen, Ph.D., and Kristen Hughes, MPA",,,,,,
refer questions to: askbjs@usdoj.gov (202)307-0765,,,,,,
date of version: 3/01/07,,,,,,

"Table 3. Facility where injury occurred in closed medical malpractice insurance claims, by state and health care provider, 2000-2004",,,,,,

,Percent of closed claims,,,,,
,Any health care provider,,,,Physicians or surgeons only,
Facility where injury occurred,Florida/a,,Missouri/b,,Illinois/b,
Hospital,,,,,,
Inpatient facility,50.6,%,49.2,%,42.2,%
Outpatient facility,4.8,,3.4,,4.4
Emergency room,10.5,,9.4,,3
Nursing home,0.9,,3.2,,1.2
Physician's office,10.1,,20.1,,24
Other/c,23.1,,10.3,,24.9
Don't know,0,,4.4,,0.3

Number of closed insurance claims,"8,519",,"8,379",,"16,016"

"Note: Data on facility where injury occurred were not reported from Maine, Massachusetts, Nevada, and Texas. ",,,,,
a/ Includes claims closed with an insurance payout.,,,,,
b/ Includes claims closed with or without an insurance payout.,,,,,
"c/ Includes patients� homes, other outpatient facilities, and other facilities not identified by the states.",,,,,
