Bureau of Justice Statistics,,,,,,
filename: mmicss04boxf01.csv,,,,,,
"Box figure 1. Trends in severity of injury alleged in medical malpractice claims closed with insurance payouts in Missouri, 1990 - 2004",,,,,,
"report title: Medical Malpractice Insurance Claims in Seven States, 2000-2004, NCJ 216339",,,,,,
data source: Special reporting to BJS by state agencies   ,,,,,,
"authors:  Thomas Cohen, Ph.D., and Kristen Hughes, MPA",,,,,,
refer questions to: askbjs@usdoj.gov (202)307-0765,,,,,,
date of version: 3/01/07,,,,,,

"Box figure 1. Trends in severity of injury alleged in medical malpractice claims closed with insurance payouts in Missouri, 1990 - 2004",,,,,,

,Percentage of claims,,,,,
Year claim closed,Temporary injury alleged,,Permanent injury alleged,,Wrongful death injury alleged,
1990,49.9,%,30.4,%,19.7,%
1991,48.4,,34.8,,16.7,
1992,43.6,,36.2,,20.2,
1993,44.3,,34.9,,20.8
1994,45.7,,36,,18.3
1995,46.5,,30.8,,22.7
1996,43.9,,35.2,,20.9
1997,42.3,,34.7,,23
1998,46.3,,33.3,,20.4
1999,44.3,,32.7,,23
2000,37,,35.9,,27
2001,35,,37.8,,27.2
2002,33.5,,30.2,,36.3
2003,35.1,,32,,32.9
2004,31.7,,36.8,,31.5

Note: Data are limited to medical malpractice claims closed with insurance payouts.,,,,,
