Bureau of Justice Statistics,,,,,,
filename: mmicss04boxtt01.csv,,,,,,
"Box Text Table 1. Number of claims and percent of injuries where claimant received payment in Nevada, by type of injury, 2000-2004",,,,,,
"report title: Medical Malpractice Insurance Claims in Seven States, 2000-2004, NCJ 216339",,,,,,
data source: Special reporting to BJS by state agencies   ,,,,,,
"authors:  Thomas Cohen, Ph.D., and Kristen Hughes, MPA",,,,,,
refer questions to: askbjs@usdoj.gov (202)307-0765,,,,,,
date of version: 3/01/07,,,,,,

"Box Text Table 1. Number of claims and percent of injuries where claimant received payment in Nevada, by type of injury, 2000-2004",,,,,,

,,,Percent of injuries where claimant � ,,,
Type of injury,,Total number of claims,Received payment,,Did not receive payment,
,Total,"1,226",38,%,62,%
Death,,331,36.9,%,63.1,%
Physical injuries,,,,,,
,Diminished life expectancy,30,66.7,%,33.3,%
,Disfigurement,55,54.5,,45.5,
,Nervous system damage,108,53.7,,46.3,
,Reproductive system damage,12,50,,50,
,Foreign body left after surgery,34,47.1,,52.9,
,Birth injury,32,46.9,,53.1,
,Organ injury,54,46.3,,53.7,
,Diminished use of limbs,52,46.2,,53.8,
,Loss of limb/organ,38,42.1,,57.9,
,Optical/sensory injury,34,41.2,,58.8,
,Circulatory injury,27,40.7,,59.3,
,Disease,31,38.7,,61.3,
,Prolonged care or recovery,137,30.7,,69.3,
,Infection,60,26.7,,73.3,
,Side effects,38,18.4,,81.6,
,Bone damage,23,17.4,,82.6,
,Pain,41,14.6,,85.4,
,Other*,26,46.2,,53.8,
Non-physical emotional injuries,,63,15.9,%,84.1,%
Note: Injury data were available for 98% of closed claims.,,,,,,
"*Includes dental injuries, dermal injuries, muscular/limb injuries, and cases where the wrong organ was removed.",,,,,,
