Bureau of Justice Statistics,,,,,,,
Filename: svjfry09t11.csv,,,,,,,
"Table 11: Victims of staff sexual misconduct, by gender of youth and staff and use of force, National Survey of Youth in Custody, 2008-09",,,,,,,
"Report title: Sexual Victimization in Juvenile Facilities Reported by Youth, 2008-09  NCJ 228416",,,,,,,
Data source: National Survey of Youth in Custody (NSYC),,,,,,,
"Authors: Allen J. Beck, Paige M. Harrison, Paul Guerino",,,,,,,
Refer questions to: askbjs@usdoj.gov (202) 307-0765,,,,,,,
Date of version: 01/07/10,,,,,,,
,,,,,,,
"Table 11. Victims of staff sexual misconduct, by gender of youth and staff and use of force, National Survey of Youth in Custody, 2008-09",,,,,,,
,,Victims of staff sexual misconduct,,,,,
,,All victims,,Force reported,,No report of force,
,All victims,100,%,100,%,100,%
Male victim,,,,,,,
,Male staff,1.7,%,3.1,%,0.5,%
,Female staff,92,,86.1,,96.3,
,Both male and female staff,2.5,,4.7,,0.7,
Female victim,,,,,,,
,Male staff,3,%,4.5,%,1.9,%
,Female staff,0,,0.1,,0,
,Both male and female staff,0.8,,1.4,,0.5,
Estimated number of victims*,,2730,,1150,,1710,
"Note: In facilities covered by the NYSC, an estimated 91% of adjudicated youth were male. Based on available data from 43 states and the District of Columbia, 42% of staff in juvenile facilities under state jurisdiction on October 22, 2008, were female.  (See CJCA Yearbook 2009: A National Perspective of Juvenile Corrections, Council of Juvenile Correctional Administrators, 2009.)",,,,,,,
*Detail sums to more than total because some youth reported more than one victimization.,,,,,,,
