Bureau of Justice Statistics,,,,,,,,,,,,,
Filename: svjfry09t05.csv,,,,,,,,,,,,,
"Table 5: Juvenile facilities with the highest rates of sexual victimization, by type of consent and incident, National Survey of Youth in Custody, 2008-09",,,,,,,,,,,,,
"Report title: Sexual Victimization in Juvenile Facilities Reported by Youth, 2008-09  NCJ 228416",,,,,,,,,,,,,
Data source: National Survey of Youth in Custody (NSYC),,,,,,,,,,,,,
"Authors: Allen J. Beck, Paige M. Harrison, Paul Guerino",,,,,,,,,,,,,
Refer questions to: askbjs@usdoj.gov (202) 307-0765,,,,,,,,,,,,,
Date of version: 01/07/10,,,,,,,,,,,,,
,,,,,,,,,,,,,
"Table 5.  Juvenile facilities with the highest rates of sexual victimization, by type of consent and incident, National Survey of Youth in Custody, 2008-09",,,,,,,,,,,,,
,,Youth reporting sexual victimization by another youth/a,,,,,,Youth reporting sexual victimization by facility staff/b,,,,,
,,,,95%-confidence interval,,,,,,95%-confidence interval,,,
Facility name,,Percent,,Lower bound,,Upper bound,,Percent,,Lower bound,,Upper bound,
,All facilities,2.6,%,2.2,%,3.1,%,10.3,%,9.5,%,11.1,%
In loco parentis (ILP),,3.3,%,2.7,%,4,%,12.1,%,11.1,%,13.2,%
,Pendleton Juv. Corr. Fac. (IN),7,,4.7,,10.4,,31.5,,25.7,,37.9,
,Corsicana Res. Trtmt. Ctr. (TX)/c,13.9,,10.3,,18.4,,23.7,,19.4,,28.5,
,Victory Field Corr. Acad. (TX),0,,0,,1.2,,24.6,,19.8,,30,
,Indianapolis Juv. Corr. Fac. (IN)/d,16.3,,13.6,,19.4,,8.7,,6.6,,11.4,
,Shawono Ctr. (MI),18.2,,11.8,,27,,22.7,,15.5,,32,
Parental/guardian consent (PGC),,2.3,%,1.7,%,3,%,9.2,%,8.2,%,10.3,%
,Samarkand Yth. Dev. Ctr. (NC)/d,12,,7.2,,19.3,,29.2,,21.7,,37.9,
,"Culpeper Juv. Corr. Ctr., Long Term (VA)",0,,0,,4.4,,30,,21.5,,40.1,
,Woodland Hills Yth. Dev. Ctr. (TN),0,,0,,3.7,,26,,18.8,,34.6,
,"Backbone Mtn. Yth. Ctr., Swanton (MD)",0,,0,,19.5,,36.4,,16.5,,62.3,
,L.E. Rader Ctr. (OK),0.9,,0.2,,3.7,,25,,16.2,,36.5,
,Bon Air Juv. Corr. Ctr. (VA)/c,7.5,,2.9,,17.8,,22.5,,13.3,,35.4,
,Cresson Secure Treatment Unit (PA),8.3,,1.7,,32.4,,25,,9.8,,50.7,
,New Jersey Training School (NJ),2.7,,0.6,,11.7,,23.3,,14.7,,34.8,
"Note: High-rate facilities are those where the lower bound of the confidence interval is larger than 1.35 times the national average, by type of consent. Facilities house males only unless otherwise noted. ",,,,,,,,,,,,,
"a/Weighted percent of youth reporting one or more incidents of sexual victimization involving another youth in the past 12 months or since admission to the facility, if less than 12 months. ",,,,,,,,,,,,,
"b/Weighted percent of youth reporting one or more incidents of sexual victimization involving a facility staff member in the past 12 months or since admission to the facility, if less than 12 months. ",,,,,,,,,,,,,
c/Facility houses both males and females.,,,,,,,,,,,,,
d/Facility houses females only.,,,,,,,,,,,,,
