Bureau of Justice Statistics,,,,,,
Filename: svjfry09t12.csv,,,,,,
"Table 12: Circumstances surrounding incidents of staff sexual misconduct, National Survey of Youth in Custody, 2008-09",,,,,,
"Report title: Sexual Victimization in Juvenile Facilities Reported by Youth, 2008-09  NCJ 228416",,,,,,
Data source: National Survey of Youth in Custody (NSYC),,,,,,
"Authors: Allen J. Beck, Paige M. Harrison, Paul Guerino",,,,,,
Refer questions to: askbjs@usdoj.gov (202) 307-0765,,,,,,
Date of version: 01/07/10,,,,,,
,,,,,,
"Table 12. Circumstances surrounding incidents of staff sexual misconduct, National Survey of Youth in Custody, 2008-09",,,,,,
,,,Victims of staff sexual misconduct/a,,,
Circumstance,,,Percent,,Standard error,
Number of incidents,,,,,,
,1,,11.7,%,1.3,%
,2,,15.6,,1.4,
, 3-5,,26.7,,1.9,
, 6-10,,19.4,,1.3,
, 11 or more,,26.6,,1.6,
Victimized by more than one staff member,,,,,,
,Yes,,32.9,%,1.4,%
,No,,67.1,,1.4,
Type of pressure or force/b,,,,,,
,Force/threat of force,,14,%,1.3,%
,Gave victim drugs/alcohol,,18,,1.4,
,Offered protection,,11,,1.1,
,None,,68.7,,1.6,
Victim injured,,,,,,
,Yes,,5.1,%,1,%
,No,,94.9,,1,
Where occurred/b,,,,,,
,In victim's room/sleeping area,,53.9,%,2.2,%
,Elsewhere in the facility,,84.2,,1.4,
,,Shower/bathroom,51.4,,1.7,
,,Recreation area,17.9,,1.5,
,,Other common area/c,79.9,,1.7,
,Off facility grounds,,11.8,,1.4,
Time of day/b,,,,,,
,6 a.m. to noon,,43.4,%,2.2,%
,Noon to 6 p.m.,,47.3,,1.6,
,6 p.m. to midnight,,59,,1.4,
,Midnight to 6 a.m.,,47.1,,1.7,
"a/Based on an estimated 2,670 youth sexually victimized by facility staff. ",,,,,,
b/Detail sums to more than 100% because some youth reported more than one victimization and/or more than one location.,,,,,,
"c/Includes classroom, library, workshop, kitchen or other workplace, office, someone else�s room or sleeping area, closet, and supply room. ",,,,,,
