Bureau of Justice Statistics,,,,,
Filename: svjfry09t09.csv,,,,,
"Table 9: Experiences of youth-on-youth victims of sexual victimization, National Survey of Youth in Custody, 2008-09",,,,,
"Report title: Sexual Victimization in Juvenile Facilities Reported by Youth, 2008-09  NCJ 228416",,,,,
Data source: National Survey of Youth in Custody (NSYC),,,,,
"Authors: Allen J. Beck, Paige M. Harrison, Paul Guerino",,,,,
Refer questions to: askbjs@usdoj.gov (202) 307-0765,,,,,
Date of version: 01/07/10,,,,,
,,,,,
"Table 9.  Experiences of youth-on-youth victims of sexual victimization, National Survey of Youth in Custody, 2008-09",,,,,
,,Victims of sexual victimization by another youth/a,,,
Experiences,,Percent,,Standard error,
Number of incidents,,,,,
,1,18.6,%,3.4,%
,2,17.2,,5.3,
, 3-5,15.8,,2.4,
, 6-10,16.4,,4.7,
,11 or more,32,,4.8,
Victimized by more than one perpetrator,,,,,
,Yes,43.4,%,6.5,%
,No,56.6,,6.5,
Race of perpetrator/b,,,,,
,White,58.7,%,5.7,%
,Black,74.9,,3.8,
,Other/c,21.1,,3.4,
Hispanic/Latino origin of perpetrator,,,,,
,Yes,38.7,%,4.3,%
,No,61.3,,4.3,
Any of the perpetrators in a gang,,,,,
,Yes,63.3,%,5,%
,No,36.7,,5,
a/Based on an estimated 700 youth sexually victimized by another youth.,,,,,
b/Detail sums to more than 100% because some youth reported more than one victimization and/or more than one perpetrator.,,,,,
"c/Includes American Indians, Alaska Natives, Asians, Native Hawaiians, and other Pacific Islanders.",,,,,
