Bureau of Justice Statistics,,,,,,,,,,
Filename: svjfry09t02.csv,,,,,,,,,,
"Table 2: Juvenile facilities with high rates of sexual victimization, by type of consent, National Survey of Youth in Custody, 2008-09",,,,,,,,,,
"Report title: Sexual Victimization in Juvenile Facilities Reported by Youth, 2008-09  NCJ 228416",,,,,,,,,,
Data source: National Survey of Youth in Custody (NSYC),,,,,,,,,,
"Authors: Allen J. Beck, Paige M. Harrison, Paul Guerino",,,,,,,,,,
Refer questions to: askbjs@usdoj.gov (202) 307-0765,,,,,,,,,,
Date of version: 01/07/10,,,,,,,,,,
,,,,,,,,,,
"Table 2.  Juvenile facilities with high rates of sexual victimization, by type of consent, National Survey of Youth in Custody, 2008-09",,,,,,,,,,
,,,,,Youth reporting any sexual victimization/a,,,,,
,,Number of respondents/b,Response rate/c,,,,95%-confidence interval,,,
Facility name,,,,,Percent,,Lower bound,,Upper bound,
,All facilities,"9,093",54.5,%,12.1,%,11.3,%,13,%
In loco parentis (ILP),,"4,539",79.5,%,14.3,%,13,%,15.6,%
,Pendleton Juv. Corr. Fac. (IN),127,87.7,,36.2,,30.5,,42.4,
,Corsicana Res. Trtmt. Ctr. (TX)/d,81,84.1,,32.4,,27.8,,37.3,
,Victory Field Corr. Acad. (TX),61,89.7,,24.6,,19.8,,30,
,Indianapolis Juv. Corr. Fac. (IN)/e,92,94.8,,22.8,,19.7,,26.3,
,Shawono Ctr. (MI),22,88,,27.3,,19.4,,36.9,
Parental/guardian consent (PGC),,"4,554",39.8,%,10.9,%,9.9,%,12,%
,Samarkand Yth. Dev. Ctr. (NC)/e,24,86.2,,33.3,,25.5,,42.3,
,"Culpeper Juv. Corr. Ctr., Long Term (VA)",50,42.9,,30,,21.5,,40.1,
,Woodland Hills Yth. Dev. Ctr. (TN),55,53.4,,26,,18.8,,34.6,
,"Backbone Mtn. Yth. Ctr., Swanton (MD)",11,33.3,,36.4,,16.5,,62.3,
,L.E. Rader Ctr. (OK),51,45.6,,25,,16.2,,36.5,
,Bon Air Juv. Corr. Ctr. (VA)/d,40,29.4,,25,,15.3,,38.2,
,Cresson Secure Treatment Unit (PA),12,33.3,,33.3,,15,,58.6,
,New Jersey Training School (NJ),71,37.7,,23.3,,14.7,,34.8,
"Note: High rate facilities are those in which the lower bound of the confidence interval is larger than 1.35 times the average among facilities, by type of consent. Facilities house males only unless otherwise noted. ",,,,,,,,,,
"a/Weighted percent of youth reporting one or more incidents of sexual victimization involving another youth or facility staff in the past 12 months or since admission to the facility, if less than 12 months.",,,,,,,,,,
b/Number of adjudicated youth who participated in the sexual victimization component of the survey. Excludes 105 youth due to item non-response. ,,,,,,,,,,
c/Response rate accounts for different probabilities of selection among youth and the exclusion of interviews with extreme or inconsistent responses. (See Methodology for details.),,,,,,,,,,
d/Facility houses both males and females.,,,,,,,,,,
e/Facility houses females only.,,,,,,,,,,
