Bureau of Justice Statistics,,,,,,,,,,,,,,
Filename: svjfry09t07.csv,,,,,,,,,,,,,,
"Table 7: Prevalence of sexual victimization, by type of incident and selected facility characteristics, National Survey of Youth in Custody, 2008-09",,,,,,,,,,,,,,
"Report title: Sexual Victimization in Juvenile Facilities Reported by Youth, 2008-09  NCJ 228416",,,,,,,,,,,,,,
Data source: National Survey of Youth in Custody (NSYC),,,,,,,,,,,,,,
"Authors: Allen J. Beck, Paige M. Harrison, Paul Guerino",,,,,,,,,,,,,,
Refer questions to: askbjs@usdoj.gov (202) 307-0765,,,,,,,,,,,,,,
Date of version: 01/07/10,,,,,,,,,,,,,,
,,,,,,,,,,,,,,
"Table 7.  Prevalence of sexual victimization, by type of incident and selected facility characteristics, National Survey of Youth in Custody, 2008-09",,,,,,,,,,,,,,
,,,Youth reporting any sexual victimization/a,,,,Youth reporting sexual victimization by another youth,,,,Youth reporting sexual victimization by facility staff,,,
Facility characteristic,,Number of youth/b,Percent,,Standard error,,Percent,,Standard error,,Percent,,Standard error,
Operating agency,,,,,,,,,,,,,,
,State,"21,170",12.7,%,0.5,%,2.7,%,0.2,%,10.9,%,0.4,%
,Non-state/c,"5,380",10,,0.9,,2.6,,0.7,,7.9,,0.8,
Gender housed,,,,,,,,,,,,,,
,Males only,"20,080",12.6,%,0.5,%,2,%,0.2,%,11.3,%,0.5,%
,Females only,"1,450",14,,3,,11,,4.4,,5,,1.8,
,Both males and females,"5,020",9.6,,1,,3,,0.5,,7.6,,0.9,
Number of adjudicated youth/d,,,,,,,,,,,,,,
, 10-25,"1,390",6.3,%,3,%,3.3,%,2.2,%,2.7,%,1.6,%
, 26-50,"2,500",12.3,,2.4,,2.9,,1.2,,10.5,,2.4,
, 51-100,"4,140",10.7,,1.7,,3.3,,0.9,,8.1,,1.2,
, 101 or more,"18,520",12.9,,0.4,,2.4,,0.2,,11.3,,0.4,
Average exposure in facility/e,,,,,,,,,,,,,,
,Less than 5 months,"5,730",7.4,%,1,%,1.3,%,0.4,%,6.3,%,1,%
,5 - 6 months,"10,940",12.7,,0.7,,3,,0.4,,10.6,,0.6,
,7 - 12 months,"9,890",14.2,,0.6,,3.1,,0.3,,12.3,,0.6,
"a/Weighted percent of youth reporting one or more incidents of sexual victimization involving another youth or facility staff in the past 12 months or since admission to the facility, if less than 12 months.",,,,,,,,,,,,,,
b/Estimated number of adjudicated youth in facilities covered by the NSYC.,,,,,,,,,,,,,,
c/Non-state refers to locally and privately operated juvenile facilities.,,,,,,,,,,,,,,
d/Based on the number of adjudicated youth reported by the facility.,,,,,,,,,,,,,,
"e/The average exposure period for youth in the facility is based on reports from all interviewed youth. Exposure time is based on the number of months each youth in the sexual victimization survey was in the facility during the 12 months prior to the survey or since admission, if less than 12 months. (See Methodology for details.)",,,,,,,,,,,,,,
