Bureau of Justice Statistics,,,,,,,,,,,,,
Filename: svjfry09at03.csv,,,,,,,,,,,,,
"Appendix Table 3: Percent of youth reporting sexual victimization by another youth, by type of incident and facility, National Survey of Youth in Custody, 2008-09",,,,,,,,,,,,,
"Report title: Sexual Victimization in Juvenile Facilities Reported by Youth, 2008-09  NCJ 228416",,,,,,,,,,,,,
Data source: National Survey of Youth in Custody (NSYC),,,,,,,,,,,,,
"Authors: Allen J. Beck, Paige M. Harrison, Paul Guerino",,,,,,,,,,,,,
Refer questions to: askbjs@usdoj.gov (202) 307-0765,,,,,,,,,,,,,
Date of version: 01/07/10,,,,,,,,,,,,,
,,,,,,,,,,,,,
"Appendix Table 3. Percent of youth reporting sexual victimization by another youth, by type of incident and facility, National Survey of Youth in Custody, 2008-09",,,,,,,,,,,,,
,,Percent of youth reporting victimization by another youth/a,,,,,,,,,,,
,,All youth-on-youth,,,,,,Nonconsensual sexual acts,,,,,
,,,,95%-confidence interval,,,,,,95%-confidence interval,,,
Facility name,,Weighted percent,,Lower bound,,Upper bound,,Weighted percent,,Lower bound,,Upper bound,
,Total,2.6,%,2.2,%,3.1,%,2,%,1.6,%,2.4,%
Alabama/b,,,,,,,,,,,,,
,Chalkville Campus/c,3.8,%,1.5,%,9.4,%,3.8,%,1.5,%,9.4,%
,Mt. Meigs Campus  ,0.8,,0.2,,2.8,,0.8,,0.2,,2.8,
,Vacca Campus   ,2.2,,0.8,,6,,2.2,,0.8,,6,
Alaska/b,,,,,,,,,,,,,
,McLaughlin Yth. Ctr./d,3.8,%,1.9,%,7.3,%,3.8,%,1.9,%,7.3,%
Arizona,,,,,,,,,,,,,
,Adobe Mtn. School  ,5.6,%,1.7,%,17.3,%,2.9,%,0.5,%,14.3,%
,Catalina Mtn. School ,4.8,,1,,20.6,,4.8,,1,,20.6,
,"Southwest Reg. Juv. Complex, Eagle Point ",0,,0,,15.6,,0,,0,,15.6,
Arkansas/b,,,,,,,,,,,,,
,"Arkansas Juv. Assess. and Trtmt. Ctr./d,e",3.6,%,2,%,6.3,%,3.6,%,2,%,6.3,%
,Dermott Juv. Corr. Fac./e,3.4,,1.9,,6.2,,3.4,,1.9,,6.2,
California,,,,,,,,,,,,,
,"Central Juv. Hall/d,f",:,%,:,%,:,%,:,%,:,%,:,%
,"Central Valley Juv. Det. and Assess. Ctr./d,f",0,,0,,8.9,,0,,0,,8.9,
,East Mesa Juv. Det. Fac./f,0,,0,,9.9,,0,,0,,9.9,
,"Fresno Co. Juv. Justice Campus/b,d,f",2.5,,1.3,,4.5,,2.5,,1.3,,4.5,
,Heman G. Stark Yth. Corr. Fac./b,0,,0,,1,,0,,0,,1,
,Juv. Ranch Fac./f,:,,:,,:,,:,,:,,:,
,N.A. Chaderjian Yth. Corr. Fac./b ,7.2,,4,,12.6,,7.2,,4,,12.6,
,O.H. Close Yth. Corr. Fac./b,2.5,,1.3,,4.6,,1.7,,0.8,,3.5,
,"Orange Co. Juv. Hall/d,f",0,,0,,14.5,,0,,0,,14.5,
,Preston Yth. Corr. Fac./b,0,,0,,2.9,,0,,0,,2.9,
,"Santa Clara Co. Juv. Hall/d,f",1.8,,0.4,,8,,1.8,,0.4,,8,
,Southern Yth. Corr. Reception Ctr. and Clinic/b ,0,,0,,1.5,,0,,0,,1.5,
,"Ventura Co. Juv. Fac./d,f",0,,0,,12.2,,0,,0,,12.2,
,"Ventura Yth. Corr. Fac./b,d",4.2,,2,,8.6,,4.2,,2,,8.6,
,"West Valley Juv. Det. and Assess. Ctr./d,f",0,,0,,18.1,,0,,0,,18.1,
Colorado,,,,,,,,,,,,,
,Lookout Mtn. Yth. Srvcs. Ctr.,9.2,%,3.7,%,21.1,%,4.1,%,1,%,15.4,%
,Platte Valley Yth. Srvcs. Ctr./d,0,,0,,8.6,,0,,0,,8.6,
,Ridge View Yth. Srvcs. Ctr./e,1.8,,0.7,,4.4,,1.2,,0.4,,3.6,
,Spring Creek Yth. Srvcs. Ctr./d,0,,0,,8.8,,0,,0,,8.8,
Delaware/b,,,,,,,,,,,,,
,Ferris School for Boys,1.8,%,0.8,%,4.2,%,1.8,%,0.8,%,4.2,%
District of Columbia/b,,,,,,,,,,,,,
,Oak Hill Yth. Ctr.  ,0,%,0,%,13.4,%,0,%,0,%,13.4,%
Florida,,,,,,,,,,,,,
,Arthur G. Dozier School for Boys,2.2,%,0.6,%,7.7,%,2.2,%,0.6,%,7.7,%
,Avon Park Yth. Acad./e,0,,0,,3.9,,0,,0,,3.9,
,Bristol Yth. Acad./e,0,,0,,11.5,,0,,0,,11.5,
,Cypress Creek Juv. Offender Corr. Ctr./e,0,,0,,8.8,,0,,0,,8.8,
,Desoto Dual Diagnosis Corr. Fac. ,6.5,,2.4,,16.1,,6.5,,2.4,,16.1,
,Desoto High-Risk Female Corr. Fac./c,3.6,,1.4,,9.3,,1.8,,0.5,,6.8,
,Desoto Juv. Res. Fac. ,0,,0,,3.8,,0,,0,,3.8,
,Falkenburg Acad.,0,,0,,4.1,,0,,0,,4.1,
,"Hastings Yth. Acad., Moderate Risk/e",0,,0,,11.8,,0,,0,,11.8,
,Jackson Juv. Offender Corr. Ctr.  ,0,,0,,10.1,,0,,0,,10.1,
,Okeechobee Juv. Offender Corr. Ctr./e  ,6.3,,3.1,,12.3,,4.8,,2,,10.9,
,Riverside Acad./e,0.8,,0.2,,3.6,,0,,0,,6.7,
Georgia/b,,,,,,,,,,,,,
,Augusta Yth. Dev. Campus ,5.1,%,3.2,%,8.2,%,3.9,%,2.2,%,6.7,%
,Bill Ireland Yth. Dev. Campus  ,0.9,,0.2,,3.7,,0.9,,0.2,,3.7,
,Eastman Yth. Dev. Campus ,0,,0,,2.1,,0,,0,,2.1,
,Macon Yth. Dev.  Campus/c,10.3,,7.2,,14.6,,7.9,,5.1,,12.1,
,Sumter Yth. Dev. Campus  ,1.1,,0.4,,3.3,,1.1,,0.4,,3.3,
Hawaii/b,,,,,,,,,,,,,
,Hawaii Yth. Corr. Fac./d,2.2,%,0.7,%,6.5,%,2.2,%,0.7,%,6.5,%
Idaho/b,,,,,,,,,,,,,
,"Juv. Corr. Ctr.,  Lewiston/d ",3.4,%,2.1,%,5.6,%,0,%,0,%,7.6,%
,"Juv. Corr. Ctr., Nampa/d",0,,0,,1.5,,0,,0,,1.5,
,"Juv. Corr. Ctr., St. Anthony/d",5,,3.9,,6.6,,2.5,,1.7,,3.7,
Illinois,,,,,,,,,,,,,
,"Illinois Yth. Ctr., Harrisburg ",3.4,%,1.1,%,9.4,%,1.7,%,0.4,%,7.2,%
,"Illinois Yth. Ctr., Joliet ",1.5,,0.4,,5.3,,1.5,,0.4,,5.3,
,"Illinois Yth. Ctr., Kewanee",4.1,,2.3,,7.4,,4.1,,2.3,,7.4,
,"Illinois Yth. Ctr., St. Charles ",0.8,,0.2,,3.5,,0.8,,0.2,,3.5,
,"Illinois Yth. Ctr., Warrenville/c",11.4,,4.8,,24.7,,6.8,,2.3,,18.2,
Indiana/b,,,,,,,,,,,,,
,Camp Summit Boot Camp,0,%,0,%,0.6,%,0,%,0,%,1.5,%
,Indianapolis Juv. Corr. Fac./c,16.3,,13.6,,19.4,,14.1,,11.8,,16.8,
,North Central Juv. Corr. Fac. ,0,,0,,0.4,,0,,0,,0.4,
,Pendleton Juv. Corr. Fac. ,7,,4.7,,10.4,,7,,4.7,,10.4,
,South Bend Juv. Corr. Fac.,0,,0,,1,,0,,0,,1,
Iowa/b,,,,,,,,,,,,,
,Boys State Training School,1.6,%,0.9,%,2.6,%,1.6,%,0.9,%,2.6,%
,Woodward Acad./e,4.2,,3,,5.8,,2.5,,1.7,,3.9,
Kansas/b,,,,,,,,,,,,,
,Kansas Juv. Corr. Complex,3.1,%,1.5,%,6.1,%,3.1,%,1.5,%,6.1,%
,Larned Juv. Corr. Fac.,2.5,,1.4,,4.4,,2.5,,1.4,,4.4,
Kentucky,,,,,,,,,,,,,
,Audubon Yth. Dev. Ctr. ,0,%,0,%,11.1,%,0,%,0,%,11.1,%
,Green River Yth. Dev. Ctr. ,7.7,,1.7,,28.5,,0,,0,,15.7,
Louisiana,,,,,,,,,,,,,
,Jetson Corr. Ctr. for Yth. ,0,%,0,%,7.8,%,0,%,0,%,7.8,%
,Swanson Ctr. for Yth. ,1,,0.3,,3.6,,1,,0.3,,3.6,
Maine/b,,,,,,,,,,,,,
,Long Creek Yth. Dev. Ctr./d,9.8,%,6.2,%,15.2,%,9.8,%,6.2,%,15.2,%
Maryland,,,,,,,,,,,,,
,"Backbone Mtn. Yth. Ctr., Swanton ",0,%,0,%,19.5,%,0,%,0,%,19.5,%
Massachusetts,,,,,,,,,,,,,
,"Fay A. Rotenberg School/c,e",:,%,:,%,:,%,:,%,:,%,:,%
,Metro Trtmt. Ctr./e,0,,0,,51.6,,0,,0,,51.6,
Michigan,,,,,,,,,,,,,
,Maxey Training School/b,6.4,%,3.9,%,10.4,%,6.4,%,3.9,%,10.4,%
,"Oakland Co. Children's Village/d,f",2.2,,0.5,,9.2,,0,,0,,5.4,
,Pioneer Work and Learn Ctr./e,0,,0,,3.6,,0,,0,,3.8,
,Shawono Ctr./b,18.2,,11.8,,27,,18.2,,11.8,,27,
,"Starr Commonwealth, Albion/e",0,,0,,4.6,,0,,0,,4.6,
Minnesota,,,,,,,,,,,,,
,"Minnesota Corr. Fac., Red Wing ",1.4,%,0.4,%,5.3,%,0,%,0,%,5.8,%
Mississippi,,,,,,,,,,,,,
,"Oakley Training School, Units 1 and 2/d",0,%,0,%,7.9,%,0,%,0,%,7.9,%
Missouri/b,,,,,,,,,,,,,
,Hogan Street Reg. Yth. Ctr.,0,%,0,%,3.4,%,0,%,0,%,3.4,%
,Watkins Mill Park Camp/d,3.2,,0.9,,10.6,,3.2,,0.9,,10.6,
Montana,,,,,,,,,,,,,
,Pine Hills Yth. Corr. Fac. ,7.4,%,2.8,%,18.4,%,7.4,%,2.8,%,18.4,%
Nebraska,,,,,,,,,,,,,
,"Yth. Rehab. and Trtmt. Ctr., Kearney",0,%,0,%,4.9,%,0,%,0,%,4.9,%
Nevada,,,,,,,,,,,,,
,Caliente Yth. Ctr./d,4.3,%,1,%,17.2,%,0,%,0,%,8.5,%
,Nevada Yth. Training Ctr.,0,,0,,9.9,,0,,0,,9.9,
,"Rite of Passage, Silverstate Acad./e",2.9,,0.6,,12.4,,2.9,,0.6,,12.4,
,Summit View Yth. Corr. Ctr.,0,,0,,15.7,,0,,0,,15.7,
New Jersey,,,,,,,,,,,,,
,"Juv. Medium Security Fac., Males",0,%,0,%,10,%,0,%,0,%,10,%
,New Jersey Training School ,2.7,,0.6,,11.7,,2.7,,0.6,,11.7,
,Voorhees Res. Community Home,0,,0,,24.4,,0,,0,,24.4,
New Mexico,,,,,,,,,,,,,
,New Mexico Yth. Diagnostic Dev. Ctr./d,3.6,%,1.6,%,8,%,3.6,%,1.6,%,8,%
New York,,,,,,,,,,,,,
,Allen Res. Ctr. ,0,%,0,%,10.7,%,0,%,0,%,10.7,%
,Berkshire Farm Ctr. and Srvcs./e,0,,0,,27.6,,0,,0,,27.6,
,Brookwood Secure Ctr.,0,,0,,5.8,,0,,0,,5.8,
,Highland Res. Ctr.,3.2,,0.7,,14.3,,3.2,,0.7,,14.3,
,Louis Gossett Jr. Res. Ctr.,0,,0,,15.1,,0,,0,,15.1,
,Tryon Boys Res. Ctr.,9.1,,1.6,,38.5,,0,,0,,23.3,
,Tryon Girls Res. Ctr./c,33.3,,14.4,,59.7,,33.3,,14.4,,59.7,
North Carolina,,,,,,,,,,,,,
,C.A. Dillon Yth. Dev. Ctr.,0,%,0,%,6.9,%,0,%,0,%,6.9,%
,Dobbs Yth. Dev. Ctr.,7.7,,3.7,,15.3,,7.7,,3.7,,15.3,
,Samarkand Yth. Dev. Ctr./c,12,,7.2,,19.3,,12,,7.2,,19.3,
,Stonewall Jackson Yth. Dev. Ctr.,0,,0,,3.4,,0,,0,,3.4,
,Swannanoa Valley Yth. Dev. Ctr.,0,,0,,13.4,,0,,0,,13.4,
North Dakota,,,,,,,,,,,,,
,North Dakota Yth. Corr. Ctr./d,0,%,0,%,4.4,%,0,%,0,%,4.4,%
Ohio,,,,,,,,,,,,,
,Circleville Juv. Corr. Fac.,6,%,3.6,%,9.8,%,4.1,%,2.2,%,7.6,%
,Cuyahoga Hills Juv. Corr. Fac.,2.1,,0.5,,8.2,,0,,0,,3.4,
,Indian River Juv. Corr. Fac.,0.6,,0.1,,2.6,,0.6,,0.1,,2.6,
,Juv. Res. Ctr. of Northwest Ohio/f,0,,0,,3.5,,0,,0,,3.9,
,Marion Juv. Corr. Fac.,0,,0,,7.6,,0,,0,,7.6,
,Mohican Juv. Corr. Fac.,3.8,,1.4,,9.8,,0,,0,,3.8,
,Ohio River Valley Juv. Corr. Fac.,0,,0,,4,,0,,0,,4,
,Scioto Juv. Corr. Fac./d,:,,:,,:,,:,,:,,:,
Oklahoma,,,,,,,,,,,,,
,Central Oklahoma Juv. Ctr./d,0,%,0,%,10.7,%,0,%,0,%,10.7,%
,L.E. Rader Ctr.,0.9,,0.2,,3.7,,0,,0,,6.1,
Oregon/b,,,,,,,,,,,,,
,Hillcrest Yth. Corr. Fac.,1.8,%,0.6,%,5.4,%,1.8,%,0.6,%,5.4,%
,MacLaren Yth. Corr. Fac.,4.8,,2.7,,8.5,,3.2,,1.6,,6.5,
,Rogue Valley Yth. Corr. Fac.,3,,1.6,,5.5,,1.5,,0.6,,3.5,
Pennsylvania,,,,,,,,,,,,,
,Abraxas I/e,0,%,0,%,2.6,%,0,%,0,%,2.6,%
,Cresson Secure Trtmt. Unit/e,8.3,,1.7,,32.4,,0,,0,,18.5,
,George Jr. Republic/e,0,,0,,3.7,,0,,0,,3.7,
,Loysville Yth. Dev. Ctr. ,0,,0,,4,,0,,0,,4,
,New Castle Yth. Dev. Ctr.  ,1.4,,0.3,,5.6,,1.4,,0.3,,5.6,
,North Central Secure Trtmt. Unit/d,0,,0,,5.6,,0,,0,,5.6,
,"Pennsylvania Clinical School, Keystone/e",8.3,,3,,20.6,,1.6,,0.4,,6.3,
,St. Gabriel's Hall/e,1.6,,0.4,,6.3,,1.6,,0.4,,6.3,
,Summit Acad./e,0,,0,,5,,0,,0,,5,
Rhode Island/b,,,,,,,,,,,,,
,Rhode Island Training School/d,0,%,0,%,1.7,%,0,%,0,%,1.7,%
South Carolina/b,,,,,,,,,,,,,
,"Broad River Rd. Complex, Birchwood   ",2,%,0.9,%,4.1,%,2,%,0.9,%,4.1,%
,"Broad River Rd. Complex, John G. Richards",4.3,,2.3,,8,,2.9,,1.3,,6.2,
Tennessee,,,,,,,,,,,,,
,John S. Wilder Yth. Dev. Ctr.  ,0,%,0,%,4.1,%,0,%,0,%,4.1,%
,Mtn. View Yth. Dev. Ctr. ,2.5,,1,,6,,2.5,,1,,6,
,Taft Yth. Dev. Ctr.  ,0,,0,,3.1,,0,,0,,3.1,
,Woodland Hills Yth. Dev. Ctr.  ,0,,0,,3.7,,0,,0,,3.7,
Texas/b,,,,,,,,,,,,,
,Al Price State Juv. Corr. Fac.,0.8,%,0.3,%,1.8,%,0,%,0,%,0.7,%
,Corsicana Res. Trtmt. Ctr./d,13.9,,10.3,,18.4,,9.7,,6.7,,13.9,
,Cottrell House   ,8.3,,2.5,,24.6,,8.3,,2.5,,24.6,
,Crockett State School  ,2.5,,1.4,,4.4,,2.5,,1.4,,4.4,
,Evins Reg. Juv. Ctr. ,4.4,,2.1,,9.2,,4.4,,2.1,,9.2,
,Gainesville State School ,2.5,,1.1,,5.4,,2.5,,1.1,,5.4,
,Giddings State School ,3.8,,1.8,,7.9,,3.1,,1.3,,7.2,
,"McLennan Co. State Juv. Corr. Fac., Unit 1",0,,0,,0.8,,0,,0,,0.8,
,"McLennan Co. State Juv. Corr. Fac., Unit 2 ",2.9,,1.6,,5.4,,2.2,,1.1,,4.5,
,Ron Jackson State Juv. Corr. Ctr. Unit I/c,11.2,,8.5,,14.6,,7.9,,5.6,,11,
,Victory Field Corr. Acad. ,0,,0,,1.2,,0,,0,,1.2,
,West Texas State School  ,4,,2,,7.7,,4,,2,,7.7,
Virginia,,,,,,,,,,,,,
,Beaumont Juv. Corr. Ctr.   ,0,%,0,%,3.8,%,0,%,0,%,3.8,%
,Bon Air Juv. Corr. Ctr./d,7.5,,2.9,,17.8,,5.1,,1.6,,14.9,
,"Culpeper Juv. Corr. Ctr., Long Term ",0,,0,,4.4,,0,,0,,4.4,
,Hanover Juv. Corr. Ctr.  ,3.7,,0.7,,16.7,,3.7,,0.7,,16.7,
Washington,,,,,,,,,,,,,
,Echo Glen Children's Ctr./d,6.3,%,2,%,17.9,%,6.3,%,2,%,17.9,%
,Green Hill School  ,0,,0,,5.7,,0,,0,,5.7,
,Maple Lane School  ,3,,1,,8.7,,3,,1,,8.7,
,Naselle Yth. Camp/d,0,,0,,12.8,,0,,0,,12.8,
West Virginia/b,,,,,,,,,,,,,
,West Virginia Industrial Home for Yth./d,8.8,%,6.5,%,11.7,%,8,%,5.8,%,10.8,%
Wisconsin,,,,,,,,,,,,,
,Ethan Allen School ,1.2,%,0.3,%,4.8,%,1.2,%,0.3,%,4.8,%
,Lincoln Hills School ,4.2,,1.8,,9.5,,2.8,,1,,7.6,
Note: Facilities in which there were no reports of sexual victimization of any type are not listed. See �Definition of terms� in Methodology for measures of sexual victimization by type. Facilities house males only unless otherwise noted. ,,,,,,,,,,,,,
:/Not calculated. One or more youth victimized. Value suppressed to protect confidentiality. ,,,,,,,,,,,,,
"a/Weighted percent of youth reporting one or more incidents of sexual victimization involving another youth in the past 12 months or since admission to the facility, if less than 12 months. ",,,,,,,,,,,,,
b/State/facility granted consent in loco parentis. (See Methodology for details.) ,,,,,,,,,,,,,
c/Facility houses females only.,,,,,,,,,,,,,
d/Facility houses both males and females.,,,,,,,,,,,,,
e/Private facility. Some private facilities may be state owned or under state jurisdiction.,,,,,,,,,,,,,
f/County facility.,,,,,,,,,,,,,
