Bureau of Justice Statistics,,,,,,,,,,,,,
Filename: svjfry09t04.csv,,,,,,,,,,,,,
"Table 4: Juvenile facilities with the highest rates of sexual victimization, by type of consent and contact, National Survey of Youth in Custody, 2008-09",,,,,,,,,,,,,
"Report title: Sexual Victimization in Juvenile Facilities Reported by Youth, 2008-09  NCJ 228416",,,,,,,,,,,,,
Data source: National Survey of Youth in Custody (NSYC),,,,,,,,,,,,,
"Authors: Allen J. Beck, Paige M. Harrison, Paul Guerino",,,,,,,,,,,,,
Refer questions to: askbjs@usdoj.gov (202) 307-0765,,,,,,,,,,,,,
Date of version: 01/07/10,,,,,,,,,,,,,
,,,,,,,,,,,,,
"Table 4.  Juvenile facilities with the highest rates of sexual victimization, by type of consent and contact, National Survey of Youth in Custody, 2008-09",,,,,,,,,,,,,
,,Youth reporting sexual acts excluding touching/a,,,,,,Youth reporting other sexual contacts only/b,,,,,
,,,,95%-confidence interval,,,,,,95%-confidence interval,,,
Facility name,,Percent,,Lower bound,,Upper bound,,Percent,,Lower bound,,Upper bound,
,All facilities,10.4,%,9.6,%,11.3,%,1.2,%,0.9,%,1.6,%
In loco parentis (ILP),,12.5,%,11.3,%,13.9,%,1.2,%,0.9,%,1.5,%
,Pendleton Juv. Corr. Fac. (IN),34.1,,28.6,,40.1,,1.6,,0.6,,4,
,Corsicana Res. Trtmt. Ctr. (TX)/c,25.7,,21.5,,30.4,,5.9,,3.6,,9.4,
,Victory Field Corr. Acad. (TX),21.7,,17.1,,27.1,,1.7,,0.7,,3.9,
,Indianapolis Juv. Corr. Fac. (IN)/d,20.7,,17.8,,23.8,,2.2,,1.3,,3.6,
,Shawono Ctr. (MI),27.3,,19.4,,36.9,,0,,0,,3.6,
Parental/guardian consent (PGC),,9.2,%,8.2,%,10.3,%,1.2,%,0.8,%,1.8,%
,Samarkand Yth. Dev. Ctr. (NC)/d,29.2,,21.7,,37.9,,4.2,,1.7,,10,
,"Culpeper Juv. Corr. Ctr., Long Term (VA)",30,,21.5,,40.1,,0,,0,,4.5,
,Woodland Hills Yth. Dev. Ctr. (TN),22.9,,16.1,,31.4,,2.1,,0.6,,7.8,
,"Backbone Mtn. Yth. Ctr., Swanton (MD)",36.4,,16.5,,62.3,,0,,0,,19.5,
,L.E. Rader Ctr. (OK),23.1,,14.5,,34.8,,1.9,,0.7,,5,
,Bon Air Juv. Corr. Ctr. (VA)/c,23.1,,13.7,,36.2,,0,,0,,6.6,
,Cresson Secure Treatment Unit (PA),25,,9.8,,50.7,,8.3,,1.7,,32.4,
,New Jersey Training School (NJ),20.3,,12.5,,31.3,,0.8,,0.2,,3.7,
"Note: High-rate facilities are those where the lower bound of the confidence interval is larger than 1.35 times the national average, by type of consent. Facilities house males only unless otherwise noted. ",,,,,,,,,,,,,
"a/Includes contact between the penis and the vagina or the penis and the anus; contact between the mouth and the penis, vagina, or anus; penetration of the anal or vaginal opening of another person by a hand, finger, or other object; and rubbing of another person's penis or vagina by a hand. Includes any acts with a staff member and any forced acts with another youth.",,,,,,,,,,,,,
"b/Based on youth who reported other sexual contacts only. These acts include kissing on the lips or other part of the body, looking at private body parts, showing something sexual like pictures or a movie, and engaging in some other sexual act that did not involve touching. ",,,,,,,,,,,,,
c/Facility houses both males and females.,,,,,,,,,,,,,
d/Facility houses females only.,,,,,,,,,,,,,
