"Bureau of Justice Statistics",,,,,,
"filename: pjim9907.csv",,,,,,
"report  title: Prison and Jail Inmates at Midyear 1999, NCJ 181643",,,,,,
"data source: BJS, Annual Survey of Jails, Census of Jails",,,,,,
"author:  Allen J. Beck",,,,,,
"refer questions to: askbjs@ojp.usdoj.gov      (202)307-0765",,,,,,
"date of version:  04/17/00",,,,,,
,,,,,,
"Table 7.  Gender, race, and Hispanic origin of local",,,,,,
"jail inmates, midyear 1990, 1995-99",,,,,,
,,,,,,
," Percent of jail inmates",,,,,
"Characteristic",1990,1995,"1996/a",1997,1998,1999
,,,,,,
"Total","100 ","100 ","100 ","100","100","100 "
,,,,,,
"Gender",,,,,,
"Male",90.8,89.8,89.2,89.4,89.2,88.8
"Female",9.2,10.2,10.8,10.6,10.8,11.2
,,,,,,
"Race/Hispanic origin",,,,,,
"White, non-Hispanic",41.8,40.1,41.6,40.6,41.3,41.3
"Black, non-Hispanic",42.5,43.5,41.1,42,41.2,41.5
"Hispanic",14.3,14.7,15.6,15.7,15.5,15.5
"Other/b",1.3,1.7,1.7,1.8,2,1.7
,,,,,,
"Note:  Detail may not add to total because of rounding. ",,,,,,
"a/Data for 1996 were based on all persons under jail supervision. ",,,,,,
"b/Includes American Indians, Alaska Natives, Asians, and Pacific Islanders. ",,,,,,
