"Bureau of Justice Statistics",,,,,,,
"filename: pjim9901.csv",,,,,,,
"report title: Prison and Jail Inmates at Midyear 1999, NCJ 181643",,,,,,,
"data source: BJS, National Prisoner Statistics data series (NPS-1A), Annual Survey of Jails, Census of Jails",,,,,,,
"author:  Allen J. Beck",,,,,,,
"refer questions to: askbjs@ojp.usdoj.gov      (202)307-0765",,,,,,,
"date of version:  04/17/00",,,,,,,
,,,,,,,
"Table 1.  Number of persons held in State or Federal prisons  or in local jails, 1990-99",,,,,,,
,,,,,,,
,"Total inmates "," Prisoners in custody  ",,"Inmates held"," Incarceration  ",,"Resident population"
"Year","in custody","Federal","State","in local jails","rate *",,"(in 1,000's)"
,,,,,,,
1990,1148702,58838,684544,405320,458,,250689
1991,1219014,63930,728605,426479,481,,253593
1992,1295150,72071,778495,444584,505,,256486
1993,1369185,80815,828566,459804,528,,259098
1994,1476621,85500,904647,486474,565,,261653
,,,,,,,
1995,1585586,89538,989004,507044,601,,264022
1996,1646020,95088,1032440,518492,618,,266495
1997,1743643,101755,1074809,567079,648,,268924
1998,,,,,,,
"  June 30",1802187,107381,1102344,592462,667,,270029
"  December 31",,110793,1111643,,,,271628
1999,,,,,,,
"  June 30",1860520,117995,1136582,605943,682,,272876
,,,,,,,
"Percent change,",,,,,,,
"6/30/98-6/30/99",3.2%,9.9%,3.1%,2.3%,,,
,,,,,,,
"Annual average  increase",,,,,,,
"12/31/90-6/30/98",5.8%,8.5%,6.1%,4.8%,,,
,,,,,,,
"Note:  Jail counts are for midyear (June 30).  Counts for 19945-99 exclude persons",,,,,,,
"who were supervised outside of a jail facility.  State and Federal prisoner counts",,,,,,,
"-- Not available.",,,,,,,
"*Total persons in custody per 100,000 residents in each reference year.",,,,,,,
