"Bureau of Justice Statistics",,,,,,,,,,,
"filename: pjim9910.csv",,,,,,,,,,,
"report  title: Prison and Jail Inmates at Midyear 1999, NCJ 181643",,,,,,,,,,,
"data source: BJS, Census of Jails",,,,,,,,,,,
"author:  Allen J. Beck",,,,,,,,,,,
"refer questions to: askbjs@ojp.usdoj.gov      (202)307-0765",,,,,,,,,,,
"date of version:  04/17/00",,,,,,,,,,,
,,,,,,,,,,,
,,,,,,,,,,,
"Table 10.  Number of inmates in  local jails, rated capacity, percent of capacity occupied, ",,,,,,,,,,,
"and jail incarceration rate, June 30, 1999",,,,,,,,,,,
,,,,,,,,,,,
,,"Number",,,,"Percent",,"Jail",,"Resident","Adjusted"
" Region and  ",,"of inmates  ",,"Rated",,"of capacity",,"incarceration",,"population","regional"
"jurisdiction",,"6/30/99",,"capacity/a",,"occupied",,"rate, 6/30/99/b",,"6/30/99","totals"
,,,,,,,,,,,
"      U.S. total",,605943,,652321,,93,"%",222,,272876,265448
,,,,,,,,,,,
"Northeast",,90716,,97794,,93,"%",193,,51860,46996
"   Connecticut",,"    --",,,,,,,,3281,
"   Maine",,1113,,1220,,91,,89,,1247,
"   Massachusetts",,10774,,9978,,108,,174,,6180,
"   New Hampshire",,1592,,1812,,88,,133,,1198,
"   New Jersey",,16830,,15349,,110,,206,,8172,
"   New York",,33411,,39904,,84,,184,,18206,
"   Pennsylvania",,26996,,29531,,91,,225,,11993,
"   Rhode Island",,"    --",,,,,,,,990,
"   Vermont",,"    --",,,,,,,,593,
,,,,,,,,,,,
"Midwest",,97652,,108261,,90,"%",155,,63169,63169
"   Illinois",,16880,,19069,,89,,139,,12102,
"   Indiana",,12787,,12553,,102,,215,,5934,
"   Iowa",,2998,,3125,,96,,104,,2871,
"   Kansas",,4378,,5565,,79,,165,,2657,
"   Michigan",,15629,,16661,,94,,159,,9855,
"   Minnesota",,5002,,5970,,84,,105,,4764,
"   Missouri",,6940,,8924,,78,,127,,5469,
"   Nebraska",,2189,,2728,,80,,131,,1669,
"   North Dakota",,588,,918,,64,,92,,636,
"   Ohio",,16638,,17219,,97,,148,,11227,
"   South Dakota",,1064,,1623,,66,,144,,739,
"   Wisconsin",,12559,,13906,,90,,239,,5246,
,,,,,,,,,,,
"South",,284742,,308234,,92,,297,,96648,95896
"   Alabama",,11418,,11600,,98,,261,,4382,
"   Arkansas",,4832,,6122,,79,,189,,2554,
"   Delaware",,"     --",,,,,,,,752,
"   District of Columbia",,1653,,1378,,120,,320,,516,
"   Florida",,51080,,55493,,92,,337,,15156,
"   Georgia",,32835,,36213,,91,,421,,7795,
"   Kentucky",,10373,,9915,,105,,262,,3963,
"   Louisiana",,25631,,27544,,93,,585,,4385,
"   Maryland",,10945,,11821,,93,,211,,5175,
"   Mississippi",,8886,,9778,,91,,320,,2773,
"   North Carolina",,13279,,15456,,86,,173,,7663,
"   Oklahoma",,6743,,7663,,88,,200,,3372,
"   South Carolina",,8780,,9115,,96,,226,,3884,
"   Tennessee",,19629,,21572,,91,,358,,5490,
"   Texas",,57930,,66521,,87,,288,,20135,
"   Virginia",,18235,,15514,,118,,266,,6846,
"   West Virginia",,2493,,2529,,99,,138,,1807,
,,,,,,,,,,,
"West",,132833,,138032,,96,"%",224,,61199,59387
"   Alaska/c",,68,,160,,43,,11,,618,
"   Arizona",,10320,,12629,,82,,216,,4784,
"   California",,77142,,75088,,103,,233,,33154,
"   Colorado",,9004,,9151,,98,,222,,4050,
"   Hawaii",,"    --",,,,,,,,1194,
"   Idaho",,2809,,3203,,88,,225,,1249,
"   Montana",,1521,,1791,,85,,172,,882,
"   Nevada",,4898,,5436,,90,,270,,1815,
"   New Mexico",,5217,,6258,,83,,298,,1750,
"   Oregon",,6283,,7210,,87,,189,,3321,
"   Utah",,4024,,5904,,68,,188,,2135,
"   Washington",,10542,,10004,,105,,183,,5765,
"   Wyoming",,1005,,1198,,84,,209,,482,
,,,,,,,,,,,
"Note. Prisons and jails form an integrated system in Alaska (except for 15 locally",,,,,,,,,,,
"operated facilities), Connecticut, Delaware, Hawaii, Rhode Island, and Vermont.",,,,,,,,,,,
"All inmates in these States are counted as State prisoners.",,,,,,,,,,,
"--Not calculated.",,,,,,,,,,,
"a/Rated capacity is the number of beds or inmates assigned by a rating official to facilities within each jail jurisdiction.",,,,,,,,,,,
"b/The number of inmates in prison or jail per 100,000 residents on June 30, 1999.",,,,,,,,,,,
"c/Based on 15 locally operated jails only.",,,,,,,,,,,
