"Bureau of Justice Statistics",,,,
"filename: pjim9904.csv",,,,
"report  title: Prison and Jail Inmates at Midyear 1999, NCJ 181643",,,,
"data source: BJS, National Prisoner Statistics data series (NPS-1A)",,,,
"author:  Allen J. Beck",,,,
"refer questions to: askbjs@ojp.usdoj.gov      (202)307-0765",,,,
"date of version:  04/17/00",,,,
,,,,
"Table 4. Number of prisoners under the jurisdiction of State and",,,,
"Federal correctional authorities, by gender, 1990, 1998, and 1999",,,,
,,,,
,,"Men",,"Women"
"All inmates",,,,
"6/30/99",,1246362,,87199
"6/30/98",,1194840,,82662
"12/31/90",,729840,,44065
,,,,
"Percent change,",,,,
"    1998-99",,4.3,,5.5
"    Average annual",,,,
"    1990-99",,6.5,,8.4
,,,,
"Sentenced to more than 1 year",,,,
"6/30/99",,1196498,,80190
"6/30/98",,1144764,,75340
,,,,
"Percent change,",,,,
"    1998-99",,4.5,,6.4
,,,,
"Incarceration rate",,,,
"6/30/99",,897,,57
"12/31/90",,572,,32
,,,,
"U. S. resident population",,,,
"6/30/99",,133353,,139529
