"Bureau of Justice Statistics",,,,,,,,,,,,,,,
"Filename:  cfjs02701.csv",,,,,,,,,,,,,,,
"Table 7.1.  Federal offenders under supervision, by offense, September 30, 2002",,,,,,,,,,,,,,,
"Report title:  Compendium of Federal Justice Statistics, 2002   NCJ  205368",,,,,,,,,,,,,,,
"Data source:  Federal justice statistics database maintained by The Urban Institute",,,,,,,,,,,,,,,
"Author:  Urban Institute under the supervision of BJS",,,,,,,,,,,,,,,
"Refer  questions to:  askbjs@usdoj.gov  202-307-0765",,,,,,,,,,,,,,,
"Date of version:  9/17/04",,,,,,,,,,,,,,,
,,,,,,,,,,,,,,,
,,,,,,,,,,,,,,,
"Table 7.1.  Federal offenders under supervision, by offense, September 30, 2002",,,,,,,,,,,,,,,
,,,,"",,,,,,,,,,,
,,,,,,,,"Type of supervision",,,,,,,
,,,,,"Total offenders under supervision",,," Probation",,,"Supervised release",,,"Parole",
"Most serious offense of conviction/a",,,,,"Number","Percent",,"Number","Percent",,"Number","Percent",,"Number","Percent"
,,," All offenses/b",,107367,100.2,,30577,100.4,,73229,100.1,,3561,100.1
"Felonies/c",,,,,97518,91,,21290,69.9,,72673,99.3,,3555,99.9
,"Violent offenses",,,,6281,5.9,,527,1.7,,4518,6.2,,1236,34.7
,,"Murder/d",,,427,0.4,,21,0.1,,217,0.3,,189,5.3
,,"Negligent manslaughter",,,9,"--",,"--","--",,7,"--",,2,0.1
,,"Assault",,,647,0.6,,138,0.5,,440,0.6,,69,1.9
,,"Robbery",,,4490,4.2,,255,0.8,,3384,4.6,,851,23.9
,,"Sexual abuse/d",,,460,0.4,,97,0.3,,324,0.4,,39,1.1
,,"Kidnaping",,,206,0.2,,11,"--",,109,0.1,,86,2.4
,,"Threats against the President",,,42,"--",,5,"--",,37,0.1,,0,0.0
,"Property offenses",,,,29268,27.3,,11506,37.8,,17462,23.9,,300,8.4
,,"Fraudulent",,,24439,22.8,,9310,30.6,,14983,20.5,,146,4.1
,,,"Embezzlement",,3138,2.9,,948,3.1,,2183,3,,7,0.2
,,,"Fraud/d",,18486,17.2,,7042,23.1,,11324,15.5,,120,3.4
,,,"Forgery",,415,0.4,,200,0.7,,203,0.3,,12,0.3
,,,"Counterfeiting",,2400,2.2,,1120,3.7,,1273,1.7,,7,0.2
,,"Other",,,4829,4.5,,2196,7.2,,2479,3.4,,154,4.3
,,,"Burglary",,276,0.3,,54,0.2,,149,0.2,,73,2.1
,,,"Larceny/d",,3367,3.1,,1803,5.9,,1524,2.1,,40,1.1
,,,"Motor vehicle theft",,431,0.4,,110,0.4,,307,0.4,,14,0.4
,,,"Arson and explosives",,329,0.3,,61,0.2,,254,0.3,,14,0.4
,,,"Transportation of stolen property",,356,0.3,,133,0.4,,214,0.3,,9,0.3
,,,"Other property offenses/d",,70,0.1,,35,0.1,,31,"--",,4,0.1
,"Drug offenses",,,,44980,42,,3850,12.6,,39536,54,,1594,44.8
,,"Trafficking",,,40414,37.7,,3487,11.5,,35491,48.5,,1436,40.4
,,"Other drug offenses",,,4566,4.3,,363,1.2,,4045,5.5,,158,4.4
,"Public-order offenses",,,,9039,8.4,,3657,12,,5119,7,,263,7.4
,,"Regulatory",,,2570,2.4,,1426,4.7,,1115,1.5,,29,0.8
,,,"Agriculture",,4,"--",,2,"--",,2,"--",,0,0.0
,,,"Antitrust",,27,"--",,17,0.1,,10,"--",,0,0.0
,,,"Food and drug",,95,0.1,,72,0.2,,23,"--",,0,0.0
,,,"Transportation",,98,0.1,,62,0.2,,33,"--",,3,0.1
,,,"Civil rights",,149,0.1,,29,0.1,,116,0.2,,4,0.1
,,,"Communications",,136,0.1,,92,0.3,,44,0.1,,0,0.0
,,,"Custom laws",,153,0.1,,69,0.2,,83,0.1,,1,"--"
,,,"Postal laws",,130,0.1,,81,0.3,,48,0.1,,1,"--"
,,,"Other regulatory offenses",,1778,1.7,,1002,3.3,,756,1,,20,0.6
,,"Other",,,6469,6,,2231,7.3,,4004,5.5,,234,6.6
,,,"Tax law violations/d",,1336,1.2,,735,2.4,,595,0.8,,6,0.2
,,,"Bribery",,386,0.4,,201,0.7,,182,0.2,,3,0.1
,,,"Perjury, contempt and intimidation",,334,0.3,,140,0.5,,185,0.3,,9,0.3
,,,"National defense",,47,"--",,14,"--",,17,"--",,16,0.4
,,,"Escape",,282,0.3,,49,0.2,,210,0.3,,23,0.6
,,,"Racketeering and extortion",,2246,2.1,,434,1.4,,1681,2.3,,131,3.7
,,,"Gambling",,164,0.2,,79,0.3,,85,0.1,,0,0.0
,,,"Nonviolent sex offenses",,1006,0.9,,208,0.7,,764,1,,34,1
,,,"Obscene material/d",,66,0.1,,23,0.1,,43,0.1,,0,0.0
,,,"Wildlife offenses",,99,0.1,,58,0.2,,41,0.1,,0,0.0
,,,"Environmental offenses",,40,"--",,26,0.1,,14,"--",,0,0.0
,,,"All other felonies",,463,0.4,,264,0.9,,187,0.3,,12,0.3
"   Weapon offenses",,,,,5662,5.3,,889,2.9,,4618,6.3,,155,4.4
"    Immigration offenses",,,,,2095,2,,727,2.4,,1364,1.9,,4,0.1
"Misdemeanors/d",,,,,9849,9.2,,9287,30.5,,556,0.8,,6,0.2
,"Fraudulent property offenses",,,,1104,1,,1042,3.4,,62,0.1,,0,0
,"Larceny",,,,1187,1.1,,1090,3.6,,97,0.1,,0,0
,"Drug possession/d",,,,1715,1.6,,1589,5.2,,122,0.2,,4,0.1
,"Immigration misdemeanors",,,,817,0.8,,805,2.6,,12,"--",,0,0.0
,"Traffic offenses",,,,2162,2,,2077,6.8,,85,0.1,,0,0.0
,"Other misdemeanors",,,,2864,2.7,,2684,8.8,,178,0.2,,2,0.1
,,,,,,,,,,,,,,,
"--Less than .05%",,,,,,,,,,,,,,,
"a/See Chapter notes, item 1, p. 107, and ""Offense classifications"" in Methodology, p. 109.",,,,,,,,,,,,,,,
"b/Total includes offenders whose offense category could not be determined; see Chapter notes, item 2, p. 107.",,,,,,,,,,,,,,,
"c/There are 193 felony offenders for whom an offense category was unknown or indeterminable. These include 134 offenders under probation, 56 under supervised release, and 3 under parole.",,,,,,,,,,,,,,,
"d/In this table, ""Murder"" includes nonnegligent manslaughter; ""Sexual abuse"" 'includes only violent sex offenses; 'Fraud"" excludes tax fraud; ""Larceny"" excludes transportation of stolen property; ",,,,,,,,,,,,,,,
"Other property offenses"" excludes fraudulent property offenses, and includes destruction of property and trespassing; Tax law violations"" includes tax fraud; ""Obscene material"" denotes the mail or transport thereof; ",,,,,,,,,,,,,,,
"""Misdemeanors"" includes misdemeanors, petty offenses, and unknown offense levels; and ""Drug possession"" also includes other drug misdemeanors.",,,,,,,,,,,,,,,
