"Bureau of Justice Statistics",,,,,,,,,,
"Filename:  cfjs02713.csv",,,,,,,,,,
"Table 7.13.  Mean time served to first release, by length of sentence imposed, offense, and type of case, for prisoners released by standard methods during October 1, 2001 - September 30, 2002",,,,,,,,,,
"Report title:  Compendium of Federal Justice Statistics, 2002   NCJ  205368",,,,,,,,,,
"Data source:  Federal justice statistics database maintained by The Urban Institute",,,,,,,,,,
"Author:  Urban Institute under the supervision of BJS",,,,,,,,,,
"Refer  questions to:  askbjs@usdoj.gov  202-307-0765",,,,,,,,,,
"Date of version:  9/17/04",,,,,,,,,,
,,,,,,,,,,
"Table 7.13.  Mean time served to first release, by length of sentence imposed, offense, and type of case, for prisoners released by standard methods during October 1, 2001 - September 30, 2002",,,,,,,,,,
,,,,,,,,,,
,,"Number of months served for--/b",,,,,,,,
,,,,"Property offenses",,,"Public-order offenses",,,
"Sentence imposed/a",,"All offenses","Violent offenses","Fraudulent","Other","Drug offenses","Regulatory","Other","Weapon offenses","Immigration offenses"
" All releases",,31.6,58.8,15.8,19.8,42.9,19.8,26.1,42.9,19.2
"1-12","mo/c",5.1,5.8,5.2,5,6.7,5.8,3.9,6.3,4.7
"13-24",,13.9,14.4,13.8,14,13.8,14.3,14.1,14.5,13.9
"25-36",,24.6,25.8,24.1,24.2,24.6,24.4,24.6,25.1,24.6
"37-48",,35.7,36.4,34.8,35.3,35.2,32.6,34.8,35.6,36.9
"49-60",,46.8,47.3,45.5,45.7,46.1,43.7,46.2,47.1,48.1
"61-72",,55.9,57.4,53.8,55.5,55.8,55.1,54.7,55.3,58.1
"73-84",,67.2,67.8,67,67.5,66.9,"--",66.7,67.6,67.8
"85-96",,76.9,77.1,77,76.2,76.5,"--",76.4,78.3,77.7
"97-108",,86.7,87.7,87.3,"--",85.9,"--",86.4,88.1,85
"109-120",,96.5,98.5,"--","--",95.5,"--",95.7,98.2,"--"
"121-144",,108.7,110.6,109.3,"--",108.5,"--",108.1,108.2,"--"
"145-180",,136.7,140.2,"--","--",136.1,"--",136.4,138.1,"..."
"181-240","/d",154.7,153.1,"--","--",156.6,"...","--",154.4,"..."
"241-300","/d",156,189.3,"--","--",144.3,"--","--","--","..."
"Over 300","/d",197.1,209.8,"--","--",187.7,"--","--","--","--"
,,,,,,,,,,
"Note: Methods for calculating average time served and percent of sentence served differ from those used in the 1993 and prior Compendia; see Chapter notes, items 4-7, p.107. ",,,,,,,,,,
"Of the 39,568 first releases by standard methods, 39,324 were new law and 244 were old law.",,,,,,,,,,
"--Too few cases to obtain statistically reliable data.",,,,,,,,,,
"...No case of this type occurred in the data.",,,,,,,,,,
"a/Sentence for the single most serious offense.",,,,,,,,,,
"b/See Chapter notes, item 4, p. 107, and ""Offense classifications"" in Methodology, p. 109.",,,,,,,,,,
"c/The interval includes days up through the upper bound and days to upper bound of the previous interval.",,,,,,,,,,
"d/ As of fiscal year 2002, new law inmates who were sentenced to more than 204 months of imprisonment and were released could only have been released by extraordinary means (such as commutation and death),",,,,,,,,,,
"because the Federal Sentencing Guidelines took effect as of November 1987. See table 7.11.",,,,,,,,,,
