Bureau of Justice Statistics,,,,,,,
Filename: damorfst04.csv,,,,,,,
Table 4. Number of Courts Submitting Case Data Elements and Rates of Missingness for those Elements,,,,,,,
Report title: Data on Adjudication of Misdemeanor Offenses: Results from a Feasibility Study   NCJ 305157,,,,,,,
"Authors: Tom Rich, Abt Associates; Kevin M. Scott, Ph.D., BJS Statistician",,,,,,,
Refer questions to: askbjs@usdoj.gov 202-307-0765,,,,,,,
Date of version: 11/10/2022,,,,,,,
,,,,,,,
Table 4. Number of Courts Submitting Case Data Elements and Rates of Missingness for those Elements,,,,,,,
,,Distribution of Percent of Cases Missing Data Element,,,,,
,Number of Cities Providing,Minimum,,Mean,,Maximum,
Filing charges and charge severity,16,0,%,0,%,0,%
Case number,15,0,,0,,0,
Sex,15,0,,0.9,,7,
Race,15,1.2,,12.1,,65.4,
Hispanic origin,15,0,,22,,99.3,
Disposition type,15,0,,10.5,,23,
Charge filing date,13,0,,0,,0.1,
Disposition date,13,0,,0.4,,3,
Name,11,0,,0.2,,3.4,
Date of birth,11,0,,0.4,,3.4,
Sentence type/a,11,0,,11.6,,56.6,
Unique defendant identifier,9,0,,1,,13.8,
Offense date,9,0,,0,,0.1,
Bond/bail amount and type/b,8,0,,34,,92.3,
Counsel at any stage,8,0,,12.8,,45.3,
Sentence date/a,8,0,,8,,27.4,
Date the bond/bail was paid/c,6,~,,~,,~,
Initiating action ,5,0,,0.7,,2.7,
Prior criminal history,5,0,,0,,0,
Charges at adjudication and charge severity,5,0,,0,,0,
Arrest date/d,4,0.5,,0.2,,0.5,
Pretrial detention dates,3,7,,66,,96.3,
Citizenship/immigration status,2,12.7,,27.3,,41.9,
Initial appearance date,2,2.7,,14,,25.3,
Pretrial release decision and date,2,0,,0.7,,1.4,
Pretrial services supervision indicator,2,0,,45.9,,91.7,
Bond/bail revocation date and reason,2,75.1,,86.5,,97.8,
Counsel at initial appearance,1,0,,0,,0,
Pretrial misconduct,1,0,,0,,0,
Counsel representation at disposition or sentencing/e,1,0,,0,,0,
"Deferred adjudication or diversion type, outcome, and ultimate disposition date",0,~,,~,,~,
~Not applicable.,,,,,,,
a/Includes only cases terminated by conviction.,,,,,,,
b/Includes only cases where disposition date is at least 1 day after the case filing date.,,,,,,,
"c/Missingness not provided, due to there not being a definitive way to determine if the value should have been provided but was missing.",,,,,,,
d/Includes only cases initiated by arrest.,,,,,,,
e/Based on values in Filed Cases file.,,,,,,,
