Bureau of Justice Statistics,,,,,,
Filename: damorfst07.csv,,,,,,
Table 7. Distribution of Charges in Misdemeanor Courts Across 16 Courts,,,,,,
Report title: Data on Adjudication of Misdemeanor Offenses: Results from a Feasibility Study   NCJ 305157,,,,,,
"Authors: Tom Rich, Abt Associates; Kevin M. Scott, Ph.D., BJS Statistician",,,,,,
Refer questions to: askbjs@usdoj.gov 202-307-0765,,,,,,
Date of version: 11/10/2022,,,,,,
,,,,,,
Table 7. Distribution of Charges in Misdemeanor Courts Across 16 Courts,,,,,,
Charge Type,Minimum Value,,Mean Value,,Maximum Value,
Violent,3.7,%,13,%,23.4,%
Property,8.4,,20.8,,47.2,
Drug,0.1,,8.8,,22.6,
Traffic/DUI,14.3,,39,,72.4,
Other public order,6.5,,18.5,,38.9,
"Note: N=16 cities. If the dataset included multiple charges, the table reflects the most serious charge, using the numerical ordering of the NCRP offense list (available at https://www.icpsr.umich.edu/web/pages/NACJD/guides/ncrp.html).",,,,,,
