Bureau of Justice Statistics,,,,,,
Filename: damorfst08.csv,,,,,,
Table 8. Distribution of Dispositions in Misdemeanor Courts Across 8 Courts,,,,,,
Report title: Data on Adjudication of Misdemeanor Offenses: Results from a Feasibility Study   NCJ 305157,,,,,,
"Authors: Tom Rich, Abt Associates; Kevin M. Scott, Ph.D., BJS Statistician",,,,,,
Refer questions to: askbjs@usdoj.gov 202-307-0765,,,,,,
Date of version: 11/10/2022,,,,,,
,,,,,,
Table 8. Distribution of Dispositions in Misdemeanor Courts Across 8 Courts,,,,,,
Disposition,Minimum Value,,Mean Value,,Maximum Value,
Dismissal,32.5,%,58,%,92.8,%
Acquittal,0,,0.5,,1.5,
Conviction,4.3,,33.3,,59.9,
Deferred adjudication,0,,5.1,,20.1,
Diverted,0,,1.2,,4.2,
Transfer,0,,0.3,,1.9,
Other,0,,0.5,,4.1,
Note: N=8 cities. Excludes cities that only submitted a cases filed dataset  and cities that submitted a cases disposed dataset with more than 20% of dispositions missing. ,,,,,,
