Bureau of Justice Statistics,,,,,,
Filename: damorfst05.csv,,,,,,
Table 5. Range of values for defendant sex and age,,,,,,
Report title: Data on Adjudication of Misdemeanor Offenses: Results from a Feasibility Study   NCJ 305157,,,,,,
"Authors: Tom Rich, Abt Associates; Kevin M. Scott, Ph.D., BJS Statistician",,,,,,
Refer questions to: askbjs@usdoj.gov 202-307-0765,,,,,,
Date of version: 11/10/2022,,,,,,
,,,,,,
Table 5. Range of values for defendant sex and age,,,,,,
Defendant Characteristic,Minimum Value,,Mean Value,,Maximum Value,
Male,61.5,%,71.7,%,81.7,%
Age at case filing,32,years,34.8,years,37.1,years
