Bureau of Justice Statistics,,,,,
Filename: svljri07t05.csv,,,,,
"Table 5: Local jails with the highest rates of injury, National Inmate Survey, 2007",,,,,
"Report title: Sexual Victimization in Local Jails Reported by Inmates, 2007 NCJ 221946",,,,,
"Data source: National Inmate Survey, 2007",,,,,
Author(s): Allen J. Beck and Paige M. Harrison,,,,,
Refer questions to: askbjs@usdoj.gov 202-307-0765,,,,,
Date of version: 06/25/08,,,,,

"Table 5. Local jails with the highest rates of injury, National Inmate Survey, 2007",,,,,
Facility name,,Percent injured,,Standard error,
,Total,0.6,%,< 0.0,%
Riverside Co. Robert Presley Det. Ctr. (CA),,4.6,,2,
Garfield Co. Jail (CO),,4,,1.7,
San Diego Co. George F. Bailey Det. Fac.(CA),,3.6,,1.4,
Androscoggin Co. Jail (ME),,3.5,,1.7,
Kentucky River Reg. Jail (KY) ,,3.2,,1.3
Erie Co. Holding Ctr. (NY),,3.2,,1.3
Brevard Co. Det. Ctr. (FL),,3.1,,1.4
Will Co. Adult Det. Fac. (IL),,2.7,,1.2
Southeastern Ohio Reg. Jail (OH),,2.5,,1.2
St. Tammany Parish Jail (LA),,2.4,,1.1
Santa Barbara Co. Jail (CA),,2.3,,1.1
Franklin Co. Jail (NY),,2.2,,0.7
Harris Co.Jail - Baker Street (TX),,2.1,,1
Richmond City Jail (VA),,2.1,,1
St. Bernard Parish Prison (LA),,1.9,,0.8
Western Reg. Jail (WV),,1.8,,0.9
Jackson Co. Jail (AL),,1.3,,0.5
La Fourche Parish Jail (LA),,1.3,,0.5
Hamilton Co. Talbert House Drug and Alcohol Trt. Ctr. (OH),,1,,0.5
Note: All other facilities had injury rates not statistically different from zero.,,,,
