Bureau of Justice Statistics,,,,,,,,,,,
Filename: svljri07at06.csv,,,,,,,,,,,
"Appendix table 6: Percent of local jail inmates reporting sexual victimization, by type of incident, level of coercion, and facility, National Inmate Survey, 2007",,,,,,,,,,,
"Report title: Sexual Victimization in Local Jails Reported by Inmates, 2007 NCJ 221946",,,,,,,,,,,
"Data source: National Inmate Survey, 2007",,,,,,,,,,,
Author(s): Allen J. Beck and Paige M. Harrison,,,,,,,,,,,
Refer questions to: askbjs@usdoj.gov 202-307-0765,,,,,,,,,,,
Date of version: 06/25/08,,,,,,,,,,,

"Appendix table 6.  Percent of local jail inmates reporting sexual victimization, by type of incident, level of coercion, and facility, National Inmate Survey, 2007",,,,,,,,,,,
,,Inmate-on-inmate,,,,Staff-on-inmate,,,,,
Facility Name,,Physically forced,,Pressured/a,,Physically forced,,Pressured/a,,Without force or pressure/b,
,Total,1.1,%,1.1,%,0.8,%,1.2,%,1.1,%
Alabama,,,,,,,,,,,
,Etowah Co. Det. Ctr. ,1.5,,0.6,,0,,0,,0,
,Jackson Co. Jail ,1.8,,1.8,,1.3,,1.3,,0,
,Shelby Co. Jail ,1.9,,1.9,,0.6,,0.6,,0
Arizona,,,,,,,,,,
,Coconino Co. Jail ,0,,0,,1.3,,0,,1.7
,Maricopa Co. Jail - 4th Avenue ,1.3,,1.4,,0.3,,0.8,,0.7
,Maricopa Co. Jail - Durango ,1.6,,0.9,,0.9,,0.9,,0
,Maricopa Co. Jail - Estrella/c,1.3,,2.2,,0.4,,0.4,,0
,Maricopa Co. Jail - Lower Buckeye ,0.4,,0,,2.3,,1.9,,1.3
California,,,,,,,,,,
,Alameda Co. Santa Rita Jail ,0.9,,1.5,,1.3,,1.3,,0
,Fresno Co. Det. Fac. - Main Jail ,1,,1.6,,1.5,,1.5,,1.5
,Imperial Co. Jail ,0.8,,1.3,,1.2,,2,,2
,Kern Co. Lerdo Pre-Trial Fac. ,1.4,,0.5,,2,,2,,1.2
,Los Angeles Co. Mens Central Jail ,0.3,,0.7,,2.5,,1.8,,1.7
,Los Angeles Co. North  Corr. Fac. ,0.9,,1.4,,1,,1.5,,1.8
,Los Angeles Co. Twin Towers Corr. Fac. ,0.6,,4.5,,0.4,,1,,0.4
,Orange Co. Central Jail Complex ,0.7,,3,,1,,1,,0
,Orange Co. James A. Musick Fac. ,1.3,,1.1,,1.4,,1.4,,0.4
,Riverside Co. Larry D. Smith Corr. Ctr. ,1.2,,0.7,,1.3,,0.7,,1.6
,Riverside Co. Robert Presley Det. Ctr. ,2.4,,3.2,,2.6,,3.3,,3
,Sacramento Co. Rio Cosumnes Corr. Ctr. ,0.8,,0.4,,0,,0.9,,1.6
,Sacramento Co. Main Jail ,0,,0,,0.6,,2,,0.5
,San Bernardino Co. W. Valley Det. Ctr. ,2.3,,3.4,,1.3,,1.3,,1.9
,San Bernardino Co. Glen Helen Rehab. Ctr. ,1.3,,0,,1.2,,1.2,,0.5
,San Bernardino Co. Central Det. Ctr.,0.4,,0,,0.6,,1.3,,0.9
,San Diego Co. George F. Bailey Det. Fac. ,1.6,,2.2,,1.6,,3.1,,1.4
,San Diego Co. Las Colinas Women's Det. Fac./c,3.2,,2.7,,2.8,,3.2,,0.5
,San Francisco Co. Jail - No. 1 ,0.8,,2.6,,1.5,,1.5,,0
,Santa Barbara Co. Jail ,3.1,,3.1,,1.6,,2.1,,0.4
,Santa Clara Co. Elmwood Corr. Complex ,1.5,,2.2,,0,,0.6,,0
,Santa Clara Co. Main Jail - North ,2.2,,2.9,,1.2,,1.2,,0.5
,Ventura Co. Jail - Todd Road ,0.6,,1.1,,0.5,,0.6,,1.5
Colorado,,,,,,,,,,
,Adams Co. Det. Fac. ,2.8,,1.3,,1,,1,,0.4
,Arapahoe Co. Jail ,2.5,,2.8,,0,,0.2,,0.2
,El Paso Co. Det. Fac. ,1.7,,0.8,,0.4,,0.9,,0.9
,Garfield Co. Jail ,4,,4,,1.5,,3,,0
District of Columbia,,,,,,,,,,
,D.C. Dept. of Corr. Jail ,2.1,,3.1,,0.6,,2.2,,0.4
Florida,,,,,,,,,,
,Alachua Co. Jail ,2.4,,2.9,,0.9,,0.9,,0
,Brevard Co. Det. Ctr. ,4.1,,6.3,,1.5,,2.6,,3.3
,Broward Co. Conte Corr. Fac. ,0,,1.9,,0.3,,0.3,,0.8
,Broward Co. Main Jail ,0,,1.7,,2.8,,1.4,,0.7
,Broward Co. North Jail - Pompano Beach ,0.8,,3.3,,0.3,,0.8,,0.4
,Collier Co. Jail ,0.3,,1.5,,2,,3.5,,2.2
,Dixie Co. Jail ,5.3,,0,,1.2,,1.2,,0
,Hillsborough Co. Falkenburg Road Jail ,0.8,,1.6,,0,,0.8,,0
,Jackson Co. Corr. Fac. ,0.9,,0.9,,0,,0,,0.7
,Jacksonville City Montgomery Corr. Ctr. ,1.4,,0,,0.8,,0.6,,0.4
,Marion Co. Jail ,1.8,,1.6,,1.4,,0.8,,0.9
,Miami-Dade Co. Metro West Det. Ctr. ,0,,0,,0.6,,1.5,,0
,Miami-Dade Co. Turner Guilford Knight Corr. Ctr. ,1.9,,1.9,,1.5,,3.5,,1.8
,Orange Co. 33rd Street Corr. Ctr. ,0.6,,1.1,,0.9,,1.5,,0.5
,Pinellas Co. Central Division Fac. ,0,,0,,1.3,,1,,1.1
,Pinellas Co. South Fac. (Max. Sec.) ,1.1,,2.2,,0,,2.7,,0.5
,Sarasota North Co. Jail ,3.7,,2.6,,0,,0.6,,0.6
,Seminole Co. John E. Polk Corr. Fac. ,1.9,,2.3,,0.6,,1.3,,0
,South Co. Jail ,0.6,,0.6,,0,,2.2,,2.8
,St. Johns Co. Jail ,1.2,,0.7,,0.7,,1.5,,0
Georgia,,,,,,,,,,
,Atlanta City Jail ,5.4,,5.6,,0.9,,2.4,,2.4
,Bartow Co. Jail ,1.4,,0.6,,0.6,,0.6,,2
,Carroll Co. Jail ,1.5,,1.5,,0.7,,0.7,,0
,Cobb Co. Sheriff's Office Jail & Prison Unit ,1.7,,3.5,,1.2,,1.6,,0.9
,Coweta Co. Jail ,1.8,,0.8,,1.1,,1.9,,1.1
,Dekalb Co. Jail ,1.6,,1.4,,0,,0.4,,1
,Dougherty Co. Jail ,0,,0.3,,0.4,,0,,2.1
,Fulton Co. Jail ,1.7,,2.6,,2.7,,2.4,,1.9
,Gwinnett Co. Jail ,1.8,,1.9,,0.5,,1.4,,0.5
,Muscogee Co. Jail ,0.8,,1.5,,0,,0,,0.4
,Paulding Co. Det. Ctr. ,3.5,,2.3,,3.4,,4.1,,2
,Richmond Co. Corr. Inst. ,1.6,,0,,0,,0,,0.7
Idaho,,,,,,,,,,
,Bingham Co. Jail ,0,,0,,1.6,,5.2,,1.6
Illinois,,,,,,,,,,
,Cook Co. Jail -  Division 2 ,0.7,,0,,0,,0.7,,1.3
,Cook Co. Jail - Division 11 ,1.1,,1.5,,2,,1.2,,1.6
,Will Co. Adult Det. Fac. ,0.9,,0.9,,1.1,,3.5,,2
Indiana,,,,,,,,,,
,Daviess Co. Jail ,1.1,,1.1,,0.7,,0.7,,0.8
,Hamilton Co. Jail ,0.9,,1.7,,1.1,,0.9,,1.1
,Hendricks Co. Jail ,2.1,,2.1,,1.1,,1.1,,1.1
,Lake Co. Jail ,1.8,,1.4,,1.7,,1.7,,2.5
,Marion Co. Jail Intake Fac. ,0,,0,,2.9,,2.9,,3
,Wayne Co. Jail ,4.9,,3.6,,1.5,,1.9,,1.3
Kentucky,,,,,,,,,,
,Boyd Co. Jail ,2.5,,4.6,,0,,0.8,,1.6
,Daviess Co. Det. Ctr. ,1.1,,0,,0.6,,0.6,,1.3
,Grant Co. Jail ,1.4,,1.4,,0,,0,,1.8
,Hardin Co. Det. Ctr. ,1.1,,0.6,,0.5,,0.9,,0.4
,Kentucky River Reg. Jail ,1.2,,0.7,,3.2,,2.6,,0.9
,Lexington-Fayette Co. Det. Ctr. ,1.5,,2.1,,1.2,,1.2,,4.1
,Louisville-Jefferson Co. Dept. of Corr. ,1.5,,1.8,,0.5,,0,,2
,Warren Co. Reg. Jail ,0,,0,,0.6,,1.4,,2.4
Louisiana,,,,,,,,,,
,Ascension Parish Jail ,0.7,,0,,0.7,,0.7,,0
,Caldwell Parish Jails - (2 Facilities) ,1.7,,0.9,,1.4,,2.3,,3.6
,Catahoula Corr. Ctr./d,0.9,,1.3,,0.4,,0.4,,0.4
,East Baton Rouge Prison ,2.8,,1.4,,0.5,,0.9,,0.5
,Franklin Parish Jail ,1.5,,1.5,,0.9,,1,,0.5
,La Fourche Parish Jail ,2.1,,2.2,,0.6,,2,,2
,Lafayette Parish Corr. Center ,2.4,,2.3,,1.4,,0.9,,1.4
,St. Bernard Parish Prison ,1.9,,1,,1.9,,1.9,,1.9
,St. Tammany Parish Jail ,4.1,,3,,1.4,,1.2,,0.4
,Terrebonne Parish Jail ,3.3,,2.4,,1.7,,1.7,,0.8
Maine,,,,,,,,,,
,Androscoggin Co. Jail ,5.1,,2.4,,1.1,,1.1,,2.7
Maryland,,,,,,,,,,
,Anne Arundel Co. Dept. of Det. Fac. ,1.2,,0.4,,0.5,,1,,0.6
,Baltimore City Det. Ctr. ,0,,0,,1.6,,2.4,,3.5
,Montgomery Co. Corr. Fac. ,0,,0.6,,0,,0.7,,2.5
,Washington Co. Det. Ctr. ,0.5,,0,,1.2,,2.3,,0.7
Massachusetts,,,,,,,,,,
,Barnstable Co. Corr. Fac. ,1.8,,1.2,,1.2,,1.2,,0.6
,Berkshire Co. Jail & House of Corr. ,1.3,,2.4,,1.3,,0.6,,2.9
,Plymouth Co. Corr. Fac. ,0,,0,,0.4,,0.5,,1.3
,Worcester Co. Jail & House of Corr. ,1,,1.7,,1.1,,1.1,,1
Michigan,,,,,,,,,,
,Kalamazoo Co. Jail ,0,,1.5,,0,,0,,2.6
,Kent Co. Corr. Fac. ,1,,1.5,,2.9,,2.4,,2.1
,Montmorency Co. Jail ,3.6,,3.6,,0,,0,,0
Minnesota,,,,,,,,,,
,Hennepin Co. Adult Det. Ctr. ,0.5,,0.5,,0.5,,1.3,,1.7
Mississippi,,,,,,,,,,
,Madison Co. Jail ,1.3,,0.8,,2.8,,2.1,,0
Montana,,,,,,,,,,
,Cascade Co. Reg. Jail ,3.1,,1.9,,0,,0.7,,0.7
Nebraska,,,,,,,,,,
,Douglas Dept. of Corr. ,1.3,,1.4,,0.5,,0.6,,1.2
Nevada,,,,,,,,,,
,Clark Co. Det. Ctr. ,0,,0.4,,1,,1.7,,1.2
,Washoe Co. Det. Ctr. ,1,,0.7,,0.7,,1.2,,1.5
New Hampshire,,,,,,,,,,
,Hillsborough Co. House of Corr. ,0.6,,0.8,,0.7,,0.7,,0.9
New Jersey,,,,,,,,,,
,Atlantic Co. Gerard L. Gormley Justice Fac. ,2.5,,1.4,,0,,1.2,,1
,Camden Co. Corr. Fac. ,0.3,,0.6,,0.7,,0.7,,1.1
,Essex Co. Corr. Fac. ,0.4,,0.3,,0.3,,0,,1
,Hudson Co. Corr. Fac. ,0.9,,0.5,,1.6,,1.1,,1.7
,Mercer Co. Corr. Ctr. ,0.4,,1.1,,0.4,,0.4,,1.4
,Morris Co. Corr. Fac. ,0.7,,1.3,,0.7,,0.7,,0.4
,Union Co. Jail ,0.7,,0.7,,1.5,,0.9,,2.2
New Mexico,,,,,,,,,,
,Bernalillo Co. Metropolitan Det. Ctr. ,3.8,,1.6,,2.5,,5.5,,2.5
,Santa Fe Co. Adult Corr. Fac.,1.2,,1.2,,1.2,,2.9,,1.4
,Torrance Co. Det. Fac./d,4.7,,6.4,,1,,0,,4.2
New York,,,,,,,,,,
,Albany Co. Corr. Fac. ,0,,0,,1.9,,1.5,,2.1
,Erie Co. Corr. Fac. ,0.9,,2.8,,0.5,,0.8,,1.7
,Erie Co. Holding Ctr. ,1.9,,1.9,,3.3,,3.3,,1.9
,Franklin Co. Jail ,2.2,,1.2,,2.4,,4.1,,3.4
,New York City Anna M. Kross Ctr. ,1.4,,2.1,,2.5,,1.7,,1.8
,New York City Otis Bantum Corr. Ctr.,0,,0,,0.7,,0.5,,2.8
,New York City Rose M. Singer Ctr./c,3.3,,4.3,,1.1,,1.8,,1.1
,Oswego Co. Corr. Fac. ,0.9,,1.8,,0,,0.9,,0.9
,Westchester Co. Penitentiary ,0,,0,,0.5,,0.5,,2.7
North Carolina,,,,,,,,,,
,Cleveland Co. ,1.6,,1.6,,2.8,,2.4,,3.6
,Mecklenburg Co. Jail ,0.8,,1.5,,0.7,,0.7,,1.5
,Mecklenburg Co. Jail - North ,2.2,,2.2,,2.8,,2.5,,1.3
,Wake Co. Jail ,0.4,,0,,2.4,,2.8,,2.4
North Dakota,,,,,,,,,,
,Cass Co. Jail ,0,,0,,0,,0.8,,0.8
Ohio,,,,,,,,,,
,Franklin Co. Corrections Ctr. I ,1.9,,3.7,,0,,0.5,,0.5
,Hamilton Co. Justice Ctr. ,0.9,,0,,0.7,,1.6,,1.4
,Hamilton Co. Talbert House Drug & Alcohol Treatment ,2.6,,3.3,,1,,1,,1.9
,River City Corr. Fac. ,0.9,,1.7,,0.8,,1.6,,1.6
,Southeastern Ohio Reg. Jail ,1.2,,1.2,,5.6,,5.8,,4.4
Oklahoma,,,,,,,,,,
,Oklahoma Co. Det. Ctr. ,2.9,,0.9,,0.5,,1.2,,0
,Rogers Co. Jail ,0.7,,1,,1.4,,2.7,,0
Oregon,,,,,,,,,,
,Marion Co. Corr. Fac. ,1.5,,0.8,,1.2,,1.2,,0.2
Pennsylvania,,,,,,,,,,
,Allegheny Co. Jail ,1,,1,,0.4,,0.4,,1.2
,Lancaster Co. Prison ,1.2,,1.6,,0,,0.5,,2.1
,Montgomery Co. Corr. Fac. ,2.4,,1.9,,0,,0,,0
,Philadelphia City Alternative & Special Det. Fac. ,3.5,,2.3,,0,,0,,0.6
,Philadelphia City Curran/Fromhold Corr. Fac. ,1.2,,1.3,,0.5,,0.5,,2.1
,Philadelphia City Industrial Corr. Ctr. ,1.8,,3.1,,1.9,,2.3,,2
,York Co. Prison ,2,,1.3,,0,,0,,0
South Carolina,,,,,,,,,,
,Beaufort Co. Det. Ctr. ,0,,0.7,,0.6,,0.6,,1.3
,Berkeley Co. Hill-Finklea Det. Ctr. ,0,,0,,0,,1.5,,1.4
,Florence Co. Det. Ctr. ,0,,0.6,,1.2,,1.8,,2.5
,Sumter-Lee Reg. Det. Ctr. ,2.6,,2.4,,0,,0,,1.1
South Dakota,,,,,,,,,,
,Pennington Co. Jail ,2.1,,1,,1.1,,1.1,,1.1
Tennessee,,,,,,,,,,
,Madison Co. Penal Farm ,2.6,,0,,0,,0,,0
,Shelby Co. Corr. Ctr. ,1.7,,2.1,,1.3,,2.7,,2.1
,Shelby Co. Justice Ctr. ,0,,0,,0,,1.8,,0.3
,Sullivan Co. Jail ,1,,1,,0,,0.4,,1.1
,Tipton Co. Jail ,0,,0,,0,,0,,1.6
,Warren Co. Jail ,3.6,,0.8,,0,,0.7,,0
Texas,,,,,,,,,,
,Bowie Co. Corr. Ctr. ,1.7,,1.7,,0,,0.5,,0.5
,Dallas Co. Decker Det. Ctr. ,0.5,,0.3,,0.9,,0,,0.9
,Dallas Co. George Allen Jail ,2.7,,1.7,,0.2,,0.5,,0.5
,Dallas Co. North Tower Jail ,2.5,,3,,0,,1.7,,0.4
,Dallas Co. West Tower Jail ,1.6,,1.4,,1,,2.2,,1.6
,El Paso Co. Jail Annex ,1.3,,0.9,,1.1,,2.3,,0.4
,Galveston Co. Jail ,1.7,,1.6,,1.1,,0.5,,0
,Gregg Co. Jail ,0.5,,1.2,,0.8,,0.6,,2
,Harris Co. Jail ,2.2,,0.7,,0.6,,0.6,,1.6
,Harris Co. Jail - Baker Street ,1.7,,2.5,,0.8,,2.6,,0.7
,Jefferson Co. Det. Ctr. ,1,,1,,1.6,,2.1,,0.4
,Montgomery Co. Jail ,1.5,,1.1,,0.4,,0.8,,0.8
,Newton Co. Corr. Ctr./d,0.4,,0,,0,,0.4,,0.4
,Tarrant Co. Corr. Ctr. ,1.1,,1.1,,0.8,,1.9,,1.1
,Travis Co. Corr. Fac. ,3.4,,4.5,,1.8,,1.9,,0
Utah,,,,,,,,,,
,Weber Co. Corr. Fac. ,2.5,,2.5,,1.1,,1.8,,0.4
Virginia,,,,,,,,,,
,Duffield Reg. Jail Fac. ,1.9,,3,,0,,0,,0.5
,Prince William-Manassas Reg. Adult Corr. Ctr. ,0.6,,1.2,,1.8,,1.8,,1.7
,Richmond City Jail ,1.6,,2.9,,2.6,,2.2,,0.9
,Roanoke City Jail ,2.9,,2.7,,1.3,,1.3,,1.4
Washington,,,,,,,,,,
,Clark Co. Jail ,4.4,,0.7,,1.2,,3.4,,1.9
,King Co. Corr. Fac. ,1.8,,2.7,,1.6,,1.9,,0.5
,Whatcom Co. Jail ,0.4,,0.4,,4,,3.5,,3.2
West Virginia,,,,,,,,,,
,Western Reg. Jail ,1.4,,0,,0.7,,2.2,,1
Wisconsin,,,,,,,,,,
,Dane Co. Jail ,0.4,,0.4,,2.2,,2.2,,1.3
,Marathon Co. Adult Det. Fac. ,1,,0.7,,1.1,,2,,0.9
,Waukesha Co. Jail ,1.1,,0.5,,0.7,,0.7,,1.3
,Waupaca Co. Jail ,0.9,,0,,0,,1.1,,0
Note: Excludes facilities with overall sexual victimization rate that includes zero at the 95% confidence level. Details may sum to more than totals on table 4 because victims may report on more than one incident involving different levels of coercion.  ,,,,,,,,,,
"a/Includes incidents in which the perpetrator, without using force, pressured the inmate or made the inmate feel that they had to participate.  (See Methodology for definititions.)",,,,,,,,,,
b/Includes incidents in which the staff offered favors or priviledges in exchange for sex or sexual contact and incidents in which the inmate reported they willing had sex or sexual contact with staff.,,,,,,,,,,
c/Female facility.,,,,,,,,,,
d/Private facility.,,,,,,,,,,
