Bureau of Justice Statistics,,,,,,,,,,
Filename: svljri07t07.csv,,,,,,,,,,
"Table 7: Prevalence of inamte sexual victimization, by selected characteristics of jail inmates, National Inmate Survey, 2007",,,,,,,,,,
"Report title: Sexual Victimization in Local Jails Reported by Inmates, 2007 NCJ 221946",,,,,,,,,,
"Data source: National Inmate Survey, 2007",,,,,,,,,,
Author(s): Allen J. Beck and Paige M. Harrison,,,,,,,,,,
Refer questions to: askbjs@usdoj.gov 202-307-0765,,,,,,,,,,
Date of version: 06/25/08,,,,,,,,,,

"Table 7. Prevalence of inmate sexual victimization, by selected characteristics of jail inmates, National Inmate Survey, 2007",,,,,,,,,,
,,,Percent of inmates reporting sexual victimization/a,,,,,,,
Inmate characteristic,,Number of inmates/b,Total,,Inmate-on-inmate,,Staff-on-inmate,,Nonconsensual sexual acts only,
Gender,,,,,,,,,,
,Male,"678,500",2.9,%,1.3,%,2,%,2,%
,Female,"94,300",5.1,,3.7,,2,,2.4,
Race/Hispanic origin,,,,,,,,,,
,White/c,"273,900",2.9,%,1.8,%,1.5,%,1.7,%
,Black/c,"282,400",3.2,,1.3,,2.1,,2.1,
,Hispanic,"141,400",3.2,,1.5,,2,,2.2,
,"Other/c,d","18,200",4.1,,1.6,,2.9,,2.4,
,More than one race/c,"51,500",4.2,,2.1,,2.6,,2.8,
Age,,,,,,,,,,
,18-19,"52,600",4.7,%,1.8,%,3.4,%,3.6,%
,20-24,"156,500",4.5,,2.3,,2.8,,2.9,
,25-34,"245,600",3.1,,1.6,,1.9,,2,
,35-44,"186,100",2.7,,1.3,,1.7,,1.7,
,45-54,"107,100",1.8,,0.9,,1.1,,1.2,
,55 or older,"24,900",2.2,,1.6,,0.7,,1.6,
Education,,,,,,,,,,
,Less than high school,"287,800",2.8,%,1.5,%,1.6,%,1.8,%
,High school graduate,"282,500",3.1,,1.3,,2.2,,2.2,
,Some college/e,"175,100",3.7,,2,,2,,2.1,
,College degree or more,"22,500",4.6,,2.4,,2.9,,2.9,
Sexual orientation,,,,,,,,,,
,Heterosexual,"702,800",2.7,%,1.1,%,1.7,%,1.7,%
,Bi-sexual,"28,700",9.8,,6.4,,5.3,,6.6,
,Homosexual,"9,900",18.5,,13.7,,7.1,,13.2,
,Other,"10,300",9.8,,5.8,,6.5,,7.6,
Number of prior sexual partners,,,,,,,,,,
, 0-1,"127,100",2.4,%,1.2,%,1.3,%,1.6,%
, 2-4,"121,600",2.7,,1.4,,1.7,,1.7,
, 5-10,"145,000",3,,1.7,,1.7,,1.8,
, 11-20,"118,200",3.2,,1.6,,1.8,,1.9,
, 21 or more,"230,600",4.1,,1.8,,2.8,,2.9,
Prior sexual assault,,,,,,,,,,
,Yes,"102,600",11.8,%,8,%,5.5,%,6.9,%
,No,"666,100",1.9,,0.6,,1.4,,1.3,
Sexually assaulted at another facility,,,,,,,,,,
,Yes,"11,800",33,%,25.9,%,13.9,%,21.1,%
,No,"756,900",2.7,,1.2,,1.8,,1.8,
"a/Percent of inmates reporting one or more incidents of sexual victimization involving another inmate or facility staff in the past 6 months or since admission to the facility, if less than 6 months.",,,,,,,,,,
"b/Estimated number of jail inmates at midyear 2007, excluding inmates under age 18 and inmates held in jails with an average daily population of five inmates or fewer.",,,,,,,,,,
c/Excludes persons of Hispanic or Latino origin.,,,,,,,,,,
"d/Includes American Indians, Alaska Natives, Asians, Native Hawaiians, and other Pacific Islanders. ",,,,,,,,,,
e/Includes persons with Associate degrees.,,,,,,,,,,
