Bureau of Justice Statistics,,,,,
Filename: svljri07tt01.csv,,,,,
"Text table 1: Injuries reported by victims of sexual violence in local jails, National Inmate Survey, 2007",,,,,
"Report title: Sexual Victimization in Local Jails Reported by Inmates, 2007 NCJ 221946",,,,,
"Data source: National Inmate Survey, 2007",,,,,
Author(s): Allen J. Beck and Paige M. Harrison,,,,,
Refer questions to: askbjs@usdoj.gov 202-307-0765,,,,,
Date of version: 06/25/08,,,,,

"Text table 1. Injuries reported by victims of sexual violence in local jails, National Inmate Survey, 2007",,,,,
Type of injury,,All inmates,,All victims,
,Any injury,0.6,%,19.5,%
Knife or stab wounds,,0.1,,2.1,
Broken bones,,0.1,,3.3,
Anal/vaginal tearing,,0.2,,6.3,
Teeth chipped/knocked out,,0.3,,8.9,
Internal injuries,,0.2,,6.3
Knocked unconscious,,0.2,,7.8
"Bruises, cuts, scratches, etc.",,0.5,,15.8
Number of inmates,,"772,800",,"24,700"
