"Bureau of Justice Statistics",,,,,,,,,,
"filename:   scpsd11.csv",,,,,,,,,,
"Table #11:  DNA evidence used by f full-time prosecutors' offices serving districts with a population under 250,000, 2001 ",,,,,,,,,,
"Report title:   State Court Prosecutors in Small Districts, 2001, NCJ  196020",,,,,,,,,,
"Data source:   National Survey of Prosecutors, 2001",,,,,,,,,,
"author:   Carol J. DeFrances",,,,,,,,,,
"refer questions to:   askbjs@ojp.usdoj.gov  (202) 307-0765",,,,,,,,,,
"date of version:   7/23/02",,,,,,,,,,
,,,,,,,,,,
"Table 11.  DNA evidence used by full-time prosecutors' offices serving districts with a population under 250,000, 2001",,,,,,,,,,
,,,,,,,,,,
," Percent of full-time offices serving population under 250,000",,,,,,,,,
"Use of DNA evidence ","All ",,"100,000 to  249,999",,"50,000 to  99,999",,"20,000 to 49,999 ",,"Under  20,000",
"Used during plea negotiations or felony trials",73.1,"%",96.5,"%",86.7,"%",71.8,"%",42.6,"%"
,,,,,,,,,,
"Stage of case",,,,,,,,,,
"Plea negotiations",63.6,"%",84.6,"%",75.3,"%",62.6,"%",36.5,"%"
"Trial",50.7,,86.8,,60.8,,44.7,,18.0,
,,,,,,,,,,
"Forensic laboratory performing DNA analysis",,,,,,,,,,
"FBI",6.8,"%",14.2,"%",7.5,"%",5.1,"%",1.9,"%"
"State-operated",66.5,,88.4,,78.7,,65.9,,37.8,
"Local agency",2.4,,4.7,,4.2,,1.6,,0.0,
"Privately operated",20.6,,35.5,,27.6,,15.1,,8.0,
,,,,,,,,,,
"Problems with use of DNA evidence",,,,,,,,,,
"Improper collection of evidence by police",6.4,"%",12.5,"%",8.2,"%",4.3,"%",2.4,"%"
"Inconclusive DNA results",14.9,,27.8,,17.7,,13.2,,3.8,
"Excessive delay in getting DNA results from laboratory",34.4,,49.5,,49.1,,30.0,,14.0,
"Difficulty in getting DNA results  admitted in court as evidence",1.3,,1.9,,2.1,,1.1,,0.3,
,,,,,,,,,,
"Note:  Data on use of DNA any time, during plea negotiations, and during felony trials were available for 1,470 prosecutors' offices.  Data on FBI performing DNA analyses, state-operated forensic laboratory, local agency operated forensic ",,,,,,,,,,
"court were available for 1,459 prosecutors' offices.",,,,,,,,,,
