"Bureau of Justice Statistics",,,,,,,,,,
"filename:   scpsd6.csv",,,,,,,,,,
"Table #6:  Special categories of felony offenses prosecuted in full-time prosecutors' offices serving districts with a population under 250,000, 2001 ",,,,,,,,,,
"Report title:   State Court Prosecutors in Small Districts, 2001, NCJ  196020",,,,,,,,,,
"Data source:   National Survey of Prosecutors, 2001",,,,,,,,,,
"author:   Carol J. DeFrances",,,,,,,,,,
"refer questions to:   askbjs@ojp.usdoj.gov  (202) 307-0765",,,,,,,,,,
"date of version:   7/23/02",,,,,,,,,,
,,,,,,,,,,
"Table 6.  Special categories of felony offenses prosecuted in full-time prosecutors' offices serving districts with a population under 250,000, 2001 ",,,,,,,,,,
,"              Percent of full-time offices serving population under 250,000",,,,,,,,,
,,,,,,,,,,
" Felony case type ","All",,"100,000 to 249,999",,"50,000 to 99,999",,"20,000 to 49,000",,"Under 20,000",
,,,,,,,,,,
"Hate crime",18.2,"%",36.6,"%",22.1,"%",11.7,"%",6.4,"%"
"Domestic violence",96.7,,99.7,,97.3,,96.9,,93.4,
"Elder abuse",42.3,,62.2,,49.9,,39.6,,21.1,
"Stalking",62.7,,81.9,,71.3,,56.9,,45.2,
"Child abuse",94.6,,99.1,,98.5,,95.4,,85.9,
"Health care fraud",22.9,,27.8,,25.7,,25.0,,13.3,
"Bank or thrift fraud",47.1,,56.9,,54.0,,51.1,,26.9,
"Telemarketing fraud",9.1,,14.4,,12.2,,7.5,,3.3,
"Illegal sale or possession of a firearm",86.7,,95.9,,91.9,,87.4,,72.9,
"Police use of excessive force",6.7,,14.4,,9.3,,3.1,,2.2,
,,,,,,,,,,
"Number of prosecutors' offices  ",1468,,320,,335,,452,,361,
