"Bureau of Justice Statistics",,,,,,,,,,
"filename:   scpsdf3.csv",,,,,,,,,,
"Figure #3:  Security measures used for protection by members of full-time prosecutors' offices serving districts with a population under 250,000, 2001",,,,,,,,,,
"Report title:   State Court Prosecutors in Small Districts, 2001, NCJ  196020",,,,,,,,,,
"Data source:   National Survey of Prosecutors, 2001",,,,,,,,,,
"author:   Carol J. DeFrances",,,,,,,,,,
"refer questions to:   askbjs@ojp.usdoj.gov  (202) 307-0765",,,,,,,,,,
"date of version:   7/23/02",,,,,,,,,,
,,,,,,,,,,
"Figure 3.  Security measures used for protection by members of full-time prosecutors' offices serving districts with a population under 250,000,2001",,,,,,,,,,
,"Percent of offices seving a population under 250,0000",,,,,,,,,
,,,,,,,,,,
,"Police protection",,"Electronic surveillance",,"Building guards",,"Metal detector",,"Electronic security systems",
"All",10.4,"%",11.7,"%",20.2,"%",20.2,"%",22.0,"%"
,,,,,,,,,,
"100,000 to 249,999",11.7,,39.1,,18.0,,41.3,,36.6,
"50,000 to 99,999",12.4,,29.3,,14.8,,26.3,,21.8,
"20,000 to 49,999",10.4,,13.3,,11.5,,13.5,,20.3,
"Under 20,000",7.4,,3.8,,3.8,,4.4,,11.5,
,,,,,,,,,,
"Data on police protection, electronic surveillance, metal detectors, and electronic security systems were available for 1,456 prosecutors' offices.",,,,,,,,,,
