"Bureau of Justice Statistics",,,,,,,,,,
"filename:   scpsd4.csv",,,,,,,,,,
"Table #4:  Budget for prosecutorial functions in full-time prosecutors' offices serving districts with a population under 250,000, 2001 ",,,,,,,,,,
"Report title:   State Court Prosecutors in Small Districts, 2001, NCJ  196020",,,,,,,,,,
"Data source:   National Survey of Prosecutors, 2001",,,,,,,,,,
"author:   Carol J. DeFrances",,,,,,,,,,
"refer questions to:   askbjs@ojp.usdoj.gov  (202) 307-0765",,,,,,,,,,
"date of version:   7/23/02",,,,,,,,,,
,,,,,,,,,,
"Table 4.  Budget for prosecutorial functions in full-time prosecutors' offices serving districts with a population under 250,000, 2001",,,,,,,,,,
"                                                                 Full-time offices serving population under 250,000",,,,,,,,,,
,,,,,,,,,,
"   ","All ",,"100,000 to 249,999",,"50,000 to 99,999",,"20,000 to 49,000",,"Under  20,000 ",
"Budget for prosecutorial functions (in thousands)",,,,,,,,,,
"Total",$1120000,,$594000,,$252000,,$193000,,$78064,
"Median",$379,,$1351,,$600,,$325,,$150,
"Mean",$706,,$1772,,$705,,$396,,$195,
,,,,,,,,,,
"Number of  prosecutors' offices",1581,,335,,357,,488,,401,
,,,,,,,,,,
"Percent of offices where budget includes:",,,,,,,,,,
"Staff salaries",97.6,"%",98.4,"%",94.8,"%",98.9,"%",97.8,"%"
"Expert services",65.9,,70.1,,65.7,,68.2,,59.5,
"Investigator services",53.5,,73.1,,56.1,,53.3,,33.0,
"DNA testing",38.0,,50.2,,37.6,,32.5,,34.4,
"Child support enforcement",33.0,,30.8,,33.9,,35.9,,30.4,
"Interpreter services",27.8,,46.1,,30.0,,21.3,,16.9,
"Social services",14.7,,20.0,,15.9,,13.6,,10.4,
,,,,,,,,,,
"Note: Data on total budget for prosecutorial functions were available for 1,496 prosecutors' offices and estimated for 85 prosecutors' offices.  Data on percentage of prosecutors' offices budget includes staff salaries were available for 1",,,,,,,,,,
