"Bureau of Justice Statistics",,,,,,
"filename: jic0004.csv",,,,,,
"Table #4: Jails in Indian country operating above 150% of capacity on peak day in June 2000",,,,,,
"report title: Jails in Indian Country, 2000, NCJ 188156",,,,,,
"data source: Survey of Jails in Indian Country, 2000",,,,,,
"author: Todd D. Minton",,,,,,
"refer questions to: askbjs@ojp.usdoj.gov (202) 307-0765",,,,,,
"date of version: 06/13/01",,,,,,
,,,,,,
"Table 4.  Jails in Indian country operating above 150% of capacity on peak day in June 2000 ",,,,,,
"",,,,,,
,"Peak",,,,,
,"population",,"Rated",,"Percent of",
"Facilities operating above capacity","in June",,"capacity",,"capacity",
,,,,,,
"   Total, 16 facilities",951,,443,,215,"%"
,,,,,,
"Pine Ridge Correctional Facility (SD)",86,,22,,391,"%"
"Tohono O'odham Detention Center (AZ)",125,,34,,368,
"Navajo Department of Corrections-Tuba City (AZ)",105,,33,,318,
"Fort Berthold Agency (ND)",22,,9,,244,
"Navajo Department of Corrections-Kayenta (AZ)",22,,10,,220,
,,,,,,
"Medicine Root Detention Center (SD)",52,,24,,217,"%"
"Red Lake Law Enforcement Services (MN)",46,,22,,209,
"Navajo Department of Corrections-Crownpoint (NM)",29,,14,,207,
"Fort Peck Police Department (MT)",44,,22,,200,
"Omaha Tribal Police Department (NE)",18,,9,,200,
,,,,,,
"Jicarilla Police Department (NM)",37,,19,,195,"%"
"Crow Police Department (MT)",27,,14,,193,
"Fort Belknap Police Department (MT)",15,,8,,188,
"White Mountain Apache Police Department (AZ)",80,,46,,174,
"Gila River Department of Corrections and Rehabilitation (AZ)",174,,112,,155,
"Blackfeet Police Department (MT)",69,,45,,153,
