"Bureau of Justice Statistics",,,,,,
"filename: jic0003.csv",,,,,,
"Table #3: Ten largest jails in Indian country, June 30, 2000",,,,,,
"report title: Jails in Indian Country, 2000, NCJ 188156",,,,,,
"data source: Survey of Jails in Indian Country, 2000",,,,,,
"author: Todd D. Minton",,,,,,
"refer questions to: askbjs@ojp.usdoj.gov (202) 307-0765",,,,,,
"date of version: 06/13/01",,,,,,
,,,,,,
"Table 3.  Ten largest jails in Indian country, June 30, 2000",,,,,,
,,,,,,
,"Custody ",,"Rated ",,"Percent of ",
"Jail facility","population",,"capacity",,"capacity",
,,,,,,
"   Total",806,,625,,129,"%"
,,,,,,
"Gila River Department of Corrections and Rehabilitation (AZ)",166,,112,,148,"%"
"Tohono O'odham Detention Center (AZ)",117,,34,,344,
"Hopi Rehabilitation Center (AZ)",87,,86,,101,
"Navajo Department of Corrections-Tuba City (AZ)",87,,33,,264,
"Warm Springs Detention Center (OR)",67,,48,,140,
"White Mountain Apache Police Department (AZ)",65,,46,,141,
"Gila River Juvenile Detention and Rehabilitation Center (AZ)",61,,100,,61,
"Pine Ridge Correctional Facility (SD)",55,,22,,250,
"Salt River Department of Corrections (AZ)",52,,84,,62,
"San Carlos Jail (AZ)",49,,60,,82,
