"Bureau of Justice Statistics",,,,,,,
"filename: jic00a03.csv",,,,,,,
"Appendix table #3:  Adults and juveniles in the custody of jails in Indian country, by gender, June 30, 2000",,,,,,,
"report title: Jails in Indian Country, 2000, NCJ 188156",,,,,,,
"data source: Survey of Jails in Indian Country, 2000",,,,,,,
"author: Todd D. Minton",,,,,,,
"refer questions to: askbjs@ojp.usdoj.gov (202) 307-0765",,,,,,,
"date of version: 06/13/01",,,,,,,
,,,,,,,
"Appendix table 3.  Adults and juveniles in the custody of jails in Indian country, by gender, June 30, 2000 ",,,,,,,
,,,,,,,
,,"         Number of inmates in custody",,,,,
,,"Adults",,,"Juveniles (under age 18)",,
"State and facility","  Total","   Male","Female",,"   Total","   Male","Female"
,,,,,,,
"   Total",1498,1214,284,,277,207,70
,,,,,,,
"Alaska",,,,,,,
"Metlakatla Police Department",1,1,0,,0,0,0
,,,,,,,
"Arizona",,,,,,,
"Colorado River Indian Tribes Detention Center",17,10,7,,2,2,0
"Fort Mohave Tribal Police Department",2,2,0,,0,0,0
"Gila River Department of Corrections and Rehabilitation ",165,130,35,,1,1,0
"Gila River Juvenile Detention and Rehabilitation Center",0,0,0,,61,49,12
"Hopi Rehabilitation Center",84,70,14,,3,3,0
"Navajo Department of Corrections-Chinle",18,16,2,,0,0,0
"Navajo Department of Corrections-Kayenta",6,5,1,,0,0,0
"Navajo Department of Corrections-Tuba City",87,72,15,,0,0,0
"Navajo Department of Corrections-Window Rock*",47,45,2,,0,0,0
"Pascua Yaqui Law Enforcement Center",1,1,0,,0,0,0
"Peach Springs Detention Center",40,34,6,,7,5,2
"Salt River Department of Corrections",37,26,11,,15,12,3
"San Carlos Jail",49,35,14,,0,0,0
"Supai Jail",2,2,0,,0,0,0
"Tohono O'odham Detention Center",117,95,22,,0,0,0
"Tohono O'odham Judiciary Juvenile Detention Center",0,0,0,,13,13,0
"Western Navajo Juvenile Services",0,0,0,,30,24,6
"White Mountain Apache Police Department",58,45,13,,7,2,5
,,,,,,,
"Colorado",,,,,,,
"Southern Ute Detention Center",39,30,9,,0,0,0
"Ute Mountain Ute Agency",7,7,0,,0,0,0
,,,,,,,
"Idaho",,,,,,,
"Fort Hall Police Department",22,19,3,,9,2,7
,,,,,,,
"Minnesota",,,,,,,
"Red Lake Law Enforcement Services",9,7,2,,11,9,2
,,,,,,,
"Mississippi",,,,,,,
"Choctaw Police Department",19,15,4,,7,4,3
,,,,,,,
"Montana",,,,,,,
"Blackfeet Police Department",34,31,3,,0,0,0
"Crow Police Department",6,5,1,,3,3,0
"Flathead Tribal Police Department",19,15,4,,0,0,0
"Fort Belknap Police Department",3,3,0,,1,1,0
"Fort Peck Indian Youth Services Center",0,0,0,,11,9,2
"Fort Peck Police Department",17,15,2,,0,0,0
"Northern Cheyenne Police Department",19,12,7,,0,0,0
"Rocky Boy Police Department",4,3,1,,1,1,0
"White Buffalo Youth Detention Center",0,0,0,,11,4,7
,,,,,,,
"Nebraska",,,,,,,
"Omaha Tribal Police Department",15,13,2,,0,0,0
,,,,,,,
"Nevada",,,,,,,
"Owyhee Detention Facility",18,17,1,,0,0,0
,,,,,,,
"New Mexico",,,,,,,
"Jicarilla Police Department",13,13,0,,0,0,0
"Laguna Tribal Detention Facility",42,41,1,,1,1,0
"Mescalero Adult Detention Center",23,20,3,,0,0,0
"Navajo Department of Corrections-Crownpoint",22,17,5,,0,0,0
"Navajo Department of Corrections-Shiprock",40,31,9,,0,0,0
"Navajo Department of Corrections-Tohatchi Juvenile Center",0,0,0,,9,7,2
"Ramah Public Safety Center",10,8,2,,0,0,0
"Taos Tribal Detention Center",3,3,0,,0,0,0
"Zuni Police Department",19,15,4,,8,7,1
,,,,,,,
"North Dakota",,,,,,,
"Fort Berthold Agency",20,20,0,,2,2,0
"Fort Totten Municipal Center",4,4,0,,0,0,0
"Standing Rock Law Enforcement Center",10,7,3,,5,5,0
"Turtle Mountain Law Enforcement Center",22,20,2,,2,2,0
,,,,,,,
"Oklahoma",,,,,,,
"Sac and Fox Nation Juvenile Detention Facility",1,1,0,,13,12,1
,,,,,,,
"Oregon",,,,,,,
"Chemawa Indian School",0,0,0,,0,0,0
"Warm Springs Detention Center",55,40,15,,12,9,3
,,,,,,,
"South Dakota",,,,,,,
"Fort Thompson Jail",7,2,5,,0,0,0
"Klyuska O'Tipi Reintegration Center",2,2,0,,9,5,4
"Lower Brule Law Enforcement Services Center",1,1,0,,0,0,0
"Medicine Root Detention Center",41,28,13,,0,0,0
"Pine Ridge Correctional Facility",55,44,11,,0,0,0
"Rosebud Sioux Tribe Law Enforcement",25,16,9,,6,4,2
"Sisseton-Wahpeton Sioux Tribal Law Enforcement Center",10,7,3,,0,0,0
"Walter Miner Law Enforcement Center-Juvenile",0,0,0,,6,3,3
"Walter Miner Law Enforcement Facility-Adult",35,28,7,,0,0,0
,,,,,,,
"Utah",,,,,,,
"Uintah-Ouray Detention Center",8,7,1,,0,0,0
,,,,,,,
"Washington",,,,,,,
"Chehalis Tribal Police Department",0,0,0,,0,0,0
"Makah Police Department",4,4,0,,2,1,1
"Puyallup Tribal Detention Facility",8,8,0,,0,0,0
"Quinault Police Department",0,0,0,,2,2,0
"Wellpinit BIA Law Enforcement Center",6,4,2,,0,0,0
"Yakama Police Department",17,15,2,,5,1,4
,,,,,,,
"Wisconsin",,,,,,,
"Menominee Tribal Jail",20,16,4,,0,0,0
,,,,,,,
"Wyoming",,,,,,,
"Wind River Police Department",13,11,2,,2,2,0
,,,,,,,
"*Data for the Navajo Department of Corrections in Window Rock, AZ, are from June 30, 1999.",,,,,,,
