Bureau of Justice Statistics,,,,,,,,,,,,,,,,,,,,,,,,,
Filename: mlj0016stt02.csv,,,,,,,,,,,,,,,,,,,,,,,,,
"Table 2. Percent of deaths of local jail inmates, by cause of death, 2000 and 2006-2016",,,,,,,,,,,,,,,,,,,,,,,,,
"Report title: Mortality in Local Jails, 2000-2016 � Statistical Tables   NCJ 251921",,,,,,,,,,,,,,,,,,,,,,,,,
"Data Source: Bureau of Justice Statistics, Mortality in Correctional Institutions, 2000 and 2006-2016.",,,,,,,,,,,,,,,,,,,,,,,,,
"Authors: E. Ann Carson, Ph.D., BJS Statistician, and Mary P. Cowhig, former BJS Statistician",,,,,,,,,,,,,,,,,,,,,,,,,
Refer questions to: askbjs@usdoj.gov   202-307-0765,,,,,,,,,,,,,,,,,,,,,,,,,
Date of version: 2/12/2020,,,,,,,,,,,,,,,,,,,,,,,,,
 ,,,,,,,,,,,,,,,,,,,,,,,,,
"Table 2. Percent of deaths of local jail inmates, by cause of death, 2000 and 2006-2016",,,,,,,,,,,,,,,,,,,,,,,,,
Cause of death,,2000,,2006,,2007,,2008/a,,2009,,2010,,2011,,2012,,2013,,2014,,2015,,2016,
,All causes,100,%,100,%,100,%,100,%,100,%,100,%,100,%,100,%,100,%,100,%,100,%,100,%
Illness,,57.1,%,55.2,%,55.3,%,46.3,%,51.3,%,52,%,47.9,%,55.1,%,48.9,%,47.4,%,47.5,%,49.9,%
,Heart disease,21.9,,22.5,,21,,18.9,,21.7,,26.4,,26.5,,28.2,,26.4,,22.8,,23.5,,27.8,
,Cancer,3.4,,4.9,,3.8,,2.6,,4.9,,3.7,,3.5,,4.6,,4.1,,3.6,,3.8,,4.4,
,AIDS-related,6.3,,3.6,,3.9,,3.3,,2.8,,2.8,,1.5,,2.2,,2,,1.6,,0.9,,1.1,
,Respiratory disease,3.4,,2.5,,4.4,,3.3,,3.3,,2,,2.3,,2.9,,3.1,,3.9,,3.1,,2.5,
,Liver disease,2.5,,2.3,,3.5,,3.3,,3.1,,2.7,,1.4,,2.9,,1.8,,2.6,,1.8,,1.8,
,All other illnesses/b,19.5,,19.5,,18.7,,14.8,,15.4,,14.4,,12.8,,14.3,,11.5,,12.9,,14.4,,12.2,
Suicide,,32,%,25.4,%,25.8,%,23.8,%,31.6,%,33.2,%,35,%,31.4,%,33.3,%,35.2,%,33.7,%,31.1,%
Drug/alcohol intoxication,,4.1,%,8,%,7.2,%,4.6,%,6.7,%,5.9,%,8.1,%,5.9,%,7.3,%,8.7,%,8.4,%,10.4,%
Accident,,2.8,%,3,%,1.6,%,1.6,%,2.7,%,2.5,%,3,%,1.9,%,3.1,%,2.4,%,2.4,%,1.7,%
Homicide/c,,1.9,%,3.3,%,1.8,%,1.7,%,2.4,%,2.2,%,2.4,%,2.3,%,2.8,%,2.5,%,2.7,%,2.9,%
Other/unknown,,1.9,%,4.8,%,6.5,%,0.8,%,2.5,%,1.4,%,2.5,%,2.5,%,1.9,%,2.3,%,2.9,%,2.1,%
Missing,,0.3,%,0.4,%,1.8,%,21.2,%,2.9,%,2.8,%,1.1,%,0.8,%,2.6,%,1.5,%,2.3,%,2,%
Note: Data may have been revised from previously published statistics. Details may not sum to totals due to rounding. See Methodology.,,,,,,,,,,,,,,,,,,,,,,,,,
"a/In 2008, a high number of illness cases were missing cause-of-death information and were classified as missing.",,,,,,,,,,,,,,,,,,,,,,,,,
"b/Includes other specified illnesses (such as cerebrovascular disease, influenza, and other non-leading natural causes of death) and unspecified illnesses.",,,,,,,,,,,,,,,,,,,,,,,,,
"c/Includes homicides committed by other inmates, incidental to the use of force by staff, and resulting from assaults sustained prior to incarceration.",,,,,,,,,,,,,,,,,,,,,,,,,
"Source: Bureau of Justice Statistics, Mortality in Correctional Institutions, 2000 and 2006-2016.",,,,,,,,,,,,,,,,,,,,,,,,,
