Bureau of Justice Statistics,,,,,,,,,,,,,,,,,,,,,,,
Filename: mlj0016stt12.csv,,,,,,,,,,,,,,,,,,,,,,,
"Table 12. Death location of local jail inmates, by cause of death, 2000-2016",,,,,,,,,,,,,,,,,,,,,,,
"Report title: Mortality in Local Jails, 2000-2016 � Statistical Tables   NCJ 251921",,,,,,,,,,,,,,,,,,,,,,,
"Data Source: Bureau of Justice Statistics, Mortality in Correctional Institutions, 2000-2016.",,,,,,,,,,,,,,,,,,,,,,,
"Authors: E. Ann Carson, Ph.D., BJS Statistician, and Mary P. Cowhig, former BJS Statistician",,,,,,,,,,,,,,,,,,,,,,,
Refer questions to: askbjs@usdoj.gov   202-307-0765,,,,,,,,,,,,,,,,,,,,,,,
Date of version: 2/12/2020,,,,,,,,,,,,,,,,,,,,,,,
,,,,,,,,,,,,,,,,,,,,,,,
"Table 12. Death location of local jail inmates, by cause of death, 2000-2016",,,,,,,,,,,,,,,,,,,,,,,
,,,,Illness,,,,,,,,,,,,,,,,,,,
Location,,All,,Heart disease,,Cancer,,AIDS-related,,Respiratory disease ,,Liver disease,,All other illnesses/a,,Suicide,,Drug/alcohol intoxication,,Accident,,Homicide/b,
,Total,100,%,100,%,100,%,100,%,100,%,100,%,100,%,100,%,100,%,100,%,100,%
General housing,,30.6,,29.1,,3.4,,4.3,,15.7,,9.2,,20.3,,46.7,,35.1,,17.1,,32.1,
Segregation unit,,10.6,,6,,2.3,,1.9,,3.9,,3.5,,6.3,,21,,9.8,,5,,4.7,
Medical unit/c,,49.2,,55.4,,88.6,,90,,71.8,,79.9,,65.4,,24.4,,39.2,,52.4,,48.9,
Mental-health unit/d,,1.4,,1.3,,1.3,,0.3,,1.6,,0.9,,1.8,,1.4,,1,,2.7,,4.2,
In transit,,1.1,,1.7,,0.2,,0.5,,1,,0.2,,1.4,,0.4,,1.1,,4.1,,1.3,
Elsewhere,,7,,6.5,,4.3,,3.1,,6,,6.2,,5,,6.1,,14,,18.7,,8.7,
Note: Percentages are based on non-missing data. Details may not sum to totals due to rounding. See Methodology.,,,,,,,,,,,,,,,,,,,,,,,
"a/Includes other specified illnesses (such as cerebrovascular disease, influenza, and other non-leading natural causes of death) and unspecified illnesses.",,,,,,,,,,,,,,,,,,,,,,,
"b/Includes homicides committed by other inmates, incidental to the use of force by staff, and resulting from assaults sustained prior to incarceration.",,,,,,,,,,,,,,,,,,,,,,,
c/Includes the special medical unit within the jail facility and outside medical centers.,,,,,,,,,,,,,,,,,,,,,,,
d/Includes the special mental-health services unit within the jail facility and outside mental health centers. Mental-health unit classification was not collected prior to 2009.,,,,,,,,,,,,,,,,,,,,,,,
"Source: Bureau of Justice Statistics, Mortality in Correctional Institutions, 2000-2016.",,,,,,,,,,,,,,,,,,,,,,,
