Bureau of Justice Statistics,,,,,,
filename:  so0340.csv,,,,,,
"Table 40.  Sheriffs' offices with a mission statement that  includes community policing, by size of population served, 2003",,,,,,
"title: Sheriffs' Offices 2003, NCJ 211361",,,,,,
data source:  2003 Law Enforcement Management and Administrative Statistics,,,,,,
"authors:  Matthew J. Hickman, Ph.D. and Brian A. Reaves, Ph.D.",,,,,,
refer questions to: askbjs@usdoj.gov (202)307-0765,,,,,,
date of version: 4/26/06,,,,,,

"Table 40.  Sheriffs' offices with a mission statement that includes community policing, by size of population served, 2003",,,,,,

,Percent of agencies with a mission statement,,,,,
  Population  served,   Total ,,With a community policing  component,, No community policing component,

  All sizes,64,%,28,%,36,%

"1,000,000 or more",92,%,69,%,23,%
"500,000-999,999",93,,56,,38,
"250,000-499,999",94,,52,,42,
"100,000-249,999",93,,45,,48,
"50,000-99,999",75,,35,,39,
"25,000-49,999",64,,31,,34,
"10,000-24,999",57,,19,,39,
"Under 10,000",44,,17,,27,
