Bureau of Justice Statistics,,,,
filename:  so0325.csv,,,,
"Table 25.  Dispatch functions  of sheriffs' offices,  by size of population served, 2003",,,,
"title: Sheriffs' Offices 2003, NCJ 211361",,,,
data source:  2003 Law Enforcement Management and Administrative Statistics,,,,
"authors:  Matthew J. Hickman, Ph.D. and Brian A. Reaves, Ph.D.",,,,
refer questions to: askbjs@usdoj.gov (202)307-0765,,,,
date of version: 4/26/06,,,,

"Table 25.  Dispatch functions of sheriffs' offices, by size of population served, 2003",,,,

,Percent of agencies dispatching calls for:,,,
Population served,Police services,,Fire services,

  All sizes,67,%,49,%

"1,000,000 or more",89,%,31,%
"500,000-999,999",61,,22,
"250,000-499,999",56,,21,
"100,000-249,999",51,,29,
"50,000-99,999",66,,43,
"25,000-49,999",65,,47,
"10,000-24,999",71,,56,
"Under 10,000",74,,65,
