Bureau of Justice Statistics,,,,,,,,,,,
filename:  so03e01.csv,,,,,,,,,,,
"Exhibit 1. Twenty-five largest sheriffs' offices, by number and function of full-time sworn personnel, 2003",,,,,,,,,,,
"title: Sheriffs' Offices 2003, NCJ 211361",,,,,,,,,,,
data source:  2003 Law Enforcement Management and Administrative Statistics,,,,,,,,,,,
"authors:  Matthew J. Hickman, Ph.D. and Brian A. Reaves, Ph.D.",,,,,,,,,,,
refer questions to: askbjs@usdoj.gov (202)307-0765,,,,,,,,,,,
date of version: 5/10/06,,,,,,,,,,,

"Exhibit 1. Twenty-five largest sheriffs' offices, by number and function of full-time sworn personnel, 2003",,,,,,,,,,,

,,Percent of officers by area of duty,,,,,,,,,
   County or equivalent,  Full-time  sworn  personnel,  Patrol,, Investigative ,, Jail operations,, Court  security ,, Process  serving ,

Los Angeles Co. (CA),8622,42,%,6,%,25,%,15,%,1,%
Cook Co. (IL)a,5555,10,,1,,61,,27,,2,
Clark Co. (NV)/b,2640,48,,18,,25,,0,,--,
Harris Co. (TX),2517,30,,6,,27,,5,,1,
Orange Co. (CA),1755,29,,7,,40,,12,,1,

Jacksonville - Duval Co. (FL)/b,1624,61,%,12,%,0,%,5,%,1,%
Broward Co. (FL),1605,84,,13,,0,,2,,1,
Riverside Co. (CA),1542,69,,9,,13,,9,,0,
San Bernardino Co. (CA),1541,32,,12,,22,,11,,0,
Sacramento Co. (CA),1525,36,,11,,26,,6,,--,

San Diego Co. (CA),1320,35,%,22,%,4,%,14,%,3,%
Orange Co. (FL),1294,62,,15,,0,,10,,4,
Palm Beach Co. (FL),1177,65,,9,,0,,9,,3,
Hillsborough Co. (FL),1126,65,,13,,0,,--,,2,
Alameda Co. (CA)/c,974,15,,2,,48,,16,,1,

Wayne Co. (MI),893,11,,3,,45,,6,%,1,%
East Baton Rouge Parish (LA),875,14,,9,,36,,3,,5,
Pinellas Co. (FL),868,48,,16,,0,,16,,3,
"Oakland Co. (MI)/a,c",840,41,,8,,48,,3,,1,
San Francisco Co. (CA),824,0,,1,,67,,9,,2,

Erie Co. (NY),813,18,,4,,62,,16,%,1,%
Ventura Co. (CA),760,30,,12,,15,,10,,1,
Jefferson Parish (LA),747,42,,27,,26,,0,,1,
Contra Costa Co. (CA),707,37,,6,,36,,9,,1,
King Co. (WA),705,58,,22,,0,,4,,2,
Note: Sworn employees are those with general arrest powers. ,,,,,,,,,,,
--Less than 0.5%.,,,,,,,,,,,
a/Employment data are based on the 2004 Census of State and Local Law Enforcement Agencies.,,,,,,,,,,,
"b/The Las Vegas Metropolitan Police Department, the result of a merger of the Clark County Sheriff's Office and the Las Vegas Police Department in 1973, serves as the local police department for the City of Las Vegas. The Jacksonville Sheriff's Office serves as the local police department for the City of Jacksonville which is consolidated with Duval County. These two agencies, although headed by sheriffs, are classified as local police departments in LEMAS for data analysis purposes. ",,,,,,,,,,,
c/Duty area percentages are based on the 2000 LEMAS survey.,,,,,,,,,,,
