Bureau of Justice Statistics,,,,,,,
filename:  so0307.csv,,,,,,,
"Table 7.  Officer separations and new officer hires in sheriffs' offices, by population served, 2003 ",,,,,,,
"title: Sheriffs' offices 2003, NCJ 211361",,,,,,,
data source:  2003 Law Enforcement Management and Administrative Statistics,,,,,,,
"authors:  Matthew J. Hickman, Ph.D. and Brian A. Reaves, Ph.D.",,,,,,,
refer questions to: askbjs@usdoj.gov (202)307-0765,,,,,,,
date of version: 4/26/06,,,,,,,

"Table 7.  Officer separations and new officer hires in sheriffs' offices, by population served, 2003 ",,,,,,,

,"Separations and new hires during the 12-month period ending June 30, 2003",,,,,,
 Population served,Percent of agencies having separations,,Average number of separations*,,Percent of agencies hiring new officers,,Average number of new hires*

  All sizes,69,%,6,,71,%,6

"1,000,000 or more",100,%,97,,89,%,66
"500,000-999,999",98,,23,,90,,26
"250,000-499,999",98,,16,,93,,20
"100,000-249,999",87,,10,,89,,11
"50,000-99,999",84,,4,,88,,5
"25,000-49,999",69,,3,,76,,3
"10,000-24,999",69,,2,,68,,3
"Under 10,000",41,,2,,44,,2
*Excludes agencies without separations or new hires.,,,,,,,
