Bureau of Justice Statistics,,,,,,,,,,
filename:  so0337.csv,,,,,,,,,,
"Table 37.  Traffic and vehicle-related functions of  sheriffs' offices, by size of population served, 2003",,,,,,,,,,
"title: Sheriffs' Offices 2003, NCJ 211361",,,,,,,,,,
data source:  2003 Law Enforcement Management and Administrative Statistics,,,,,,,,,,
"authors:  Matthew J. Hickman, Ph.D. and Brian A. Reaves, Ph.D.",,,,,,,,,,
refer questions to: askbjs@usdoj.gov (202)307-0765,,,,,,,,,,
date of version: 4/26/06,,,,,,,,,,

"Table 37.  Traffic and vehicle-related functions of  sheriffs' offices, by size of population served, 2003",,,,,,,,,,

,Percent of agencies responsible for,,,,,,,,,
 Population  served, Traffic law  enforcement,, Accident investigation,,Traffic direction/ control,, Parking enforcement,,Commercial vehicle enforcement,

All sizes,90,%,74,%,71,%,36,%,18,%

"1,000,000 or more",89,%,81,%,81,%,77,%,65,%
"500,000-999,999",80,,66,,75,,58,,36,
"250,000-499,999",73,,61,,65,,41,,26,
"100,000-249,999",84,,62,,65,,36,,18,
"50,000-99,999",88,,67,,66,,38,,23,
"25,000-49,999",92,,74,,72,,30,,14,
"10,000-24,999",92,,77,,76,,33,,19,
"Under 10,000",94,,82,,72,,38,,14,
