Bureau of Justice Statistics,,,,,,,,,
filename:  so0302.csv,,,,,,,,,
"Table 2.  Sheriffs' offices and full-time personnel,  by number of sworn personnel, 2003",,,,,,,,,
"title: Sheriffs' Offices 2003, NCJ 211361",,,,,,,,,
data source:  2003 Law Enforcement Management and Administrative Statistics,,,,,,,,,
"authors:  Matthew J. Hickman, Ph.D. and Brian A. Reaves, Ph.D.",,,,,,,,,
refer questions to: askbjs@usdoj.gov (202)307-0765,,,,,,,,,
date of version: 10/17/05,,,,,,,,,

"Table 2.  Sheriffs' offices and full-time personnel, by number of sworn personnel, 2003",,,,,,,,,

Number of sworn personnel*,  Agencies,,,Full-time sworn personnel,,,Full-time civilian personnel,,
,Number,Percent,,Number,Percent,,Number,Percent,

  Total,"3,061",100,%,"174,251",100,%,"156,022",100,%

"1,000 or more ",13,0.4,%,"32,734",18.8,%,"25,432",16.3,%
500-999,24,0.8,,"16,822",9.7,,"13,400",8.6,
250-499,87,2.9,,"30,483",17.5,,"27,473",17.6,
100-249,230,7.5,,"33,438",19.2,,"26,831",17.2,
50-99,363,11.8,,"23,385",13.4,,"26,043",16.7,
25-49,656,21.4,,"20,656",11.9,,"20,052",12.9,
10-24,955,31.2,,"12,894",7.4,,"13,068",8.4,
5-9,490,16,,"3,102",1.8,,"3,267",2.1,
2-4,223,7.3,,717,0.4,,446,0.3,
1,19,0.6,,19,--,,10,--,

*Includes both full-time and part time employees.,,,,,,,,,
