Bureau of Justice Statistics,,,,,,,,,,
filename:  so0347.csv,,,,,,,,,,
"Table 47.  Surveying of citizens by sheriffs' offices, by size of population served, 2003",,,,,,,,,,
"title: Sheriffs' Offices 2003, NCJ 211361",,,,,,,,,,
data source:  2003 Law Enforcement Management and Administrative Statistics,,,,,,,,,,
"authors:  Matthew J. Hickman, Ph.D. and Brian A. Reaves, Ph.D.",,,,,,,,,,
refer questions to: askbjs@usdoj.gov (202)307-0765,,,,,,,,,,
date of version: 4/26/06,,,,,,,,,,

"Table 47.  Surveying of citizens by sheriffs' offices, by size of population served, 2003",,,,,,,,,,

,"Percent of agencies that surveyed citizens during 12-month period ending June 30, 2003 regarding �",,,,,,,,,
 Population served, Any topic,,  Satisfaction with services,,Perceptions of crime problems,,Reporting of crimes to law enforcement,,Personal crime experiences,

  All sizes,16,%,11,%,7,%,9,%,5,%

"1,000,000  or more",35,%,31,%,23,%,27,%,15,%
"500,000-999,999",41,,33,,27,,17,,15,
"250,000-499,999",24,,21,,14,,10,,10,
"100,000-249,999",37,,29,,22,,17,,12,
"50,000-99,999",12,,11,,3,,3,,2,
"25,000-49,999",15,,8,,4,,10,,4,
"10,000-24,999",13,,9,,6,,6,,5,
"Under 10,000",9,,4,,2,,7,,3,
