Bureau of Justice Statistics,,,,,,
filename:  so0334.csv,,,,,,
"Table 34.  Detention functions of sheriffs' offices,  by size of population served, 2003",,,,,,
"title: Sheriffs' Offices 2003, NCJ 211361",,,,,,
data source:  2003 Law Enforcement Management and Administrative Statistics,,,,,,
"authors:  Matthew J. Hickman, Ph.D. and Brian A. Reaves, Ph.D.",,,,,,
refer questions to: askbjs@usdoj.gov (202)307-0765,,,,,,
date of version: 4/26/06,,,,,,

"Table 34.  Detention functions of sheriffs' offices,  by size of population served, 2003",,,,,,

,Percent of agencies �,,,,,
 Population  served,Providing inmate transport,,Operating a temporary holding cell,,Operating 1 or more jails*,

  All sizes,89,%,31,%,76,%

"1,000,000 or more",89,%,69,%,85,%
"500,000-999,999",97,,60,,71,
"250,000-499,999",91,,53,,65,
"100,000-249,999",86,,34,,79,
"50,000-99,999",90,,21,,82,
"25,000-49,999",95,,35,,82,
"10,000-24,999",88,,29,,77,
"Under 10,000",84,,23,,65,
*Not for overnight detention. ,,,,,,
