Bureau of Justice Statistics,,
filename: so03f08.csv,,
"Figure 8. Starting salaries for entry-level officers in sheriffs' offices authorizing and not authorizing collective bargaining, 2003",,
"title: Sheriffs' Offices 2003, NCJ 211361",,
data source:  2003 Law Enforcement Management and Administrative Statistics,,
"authors:  Matthew J. Hickman, Ph.D. and Brian A. Reaves, Ph.D.",,
refer questions to: askbjs@usdoj.gov (202)307-0765,,
date of version: 4/26/06,,

"Figure 8. Starting salaries for entry-level officers in sheriffs' offices authorizing and not authorizing collective bargaining, 2003",,

,Collective bargaining authorized,Collective bargaining not authorized
"500,000 or more","$37,919 ","$32,362 "
"100,000 - 499,999","$33,167 ","$28,483 "
"25,000 - 99,999","$30,712 ","$24,769 "
"Under 25,000","$29,144 ","$23,211 "
