Bureau of Justice Statistics,,,,,,,,,,
filename:  so0353.csv,,,,,,,,,,
"Table 53.  Pursuit driving policies of sheriffs' offices, by size of population served, 2003",,,,,,,,,,
"title: Sheriffs' Offices 2003, NCJ 211361",,,,,,,,,,
data source:  2003 Law Enforcement Management and Administrative Statistics,,,,,,,,,,
"authors:  Matthew J. Hickman, Ph.D. and Brian A. Reaves, Ph.D.",,,,,,,,,,
refer questions to: askbjs@usdoj.gov (202)307-0765,,,,,,,,,,
date of version: 4/26/06,,,,,,,,,,

"Table 53.  Pursuit driving policies of sheriffs' offices, by size of population served, 2003",,,,,,,,,,

,Percent of agencies with a  written policy on pursuit driving,,,,,,,,,
Population served,Total  with policy,, Restrictive,, Judgmental,,Discour- agement,, Other,

  All sizes,95,%,51,%,34,%,7,%,4,%

"1,000,000 or more",96,%,77,%,8,%,0,%,12,%
"500,000-999,999",95,,49,,38,,5,,3,
"250,000-499,999",98,,66,,20,,8,,5,
"100,000-249,999",99,,71,,15,,11,,3,
"50,000-99,999",96,,53,,36,,3,,4,
"25,000-49,999",98,,52,,39,,5,,2,
"10,000-24,999",95,,50,,35,,7,,4,
"Under 10,000",89,,38,,40,,8,,4,
Note:  Detail may not add to total because of rounding.,,,,,,,,,,
