Bureau of Justice Statistics,,,,
filename:  so0362.csv,,,,
"Table 62.  Animals maintained  by sheriffs' offices, by size of population served, 2003",,,,
"title: Sheriffs' Offices 2003, NCJ 211361",,,,
data source:  2003 Law Enforcement Management and Administrative Statistics,,,,
"authors:  Matthew J. Hickman, Ph.D. and Brian A. Reaves, Ph.D.",,,,
refer questions to: askbjs@usdoj.gov (202)307-0765,,,,
date of version: 4/26/06,,,,

"Table 62.  Animals maintained by sheriffs' offices, by size of population served, 2003",,,,

Population served,Percent of agencies with �,,,
,Dogs,,Horses,
  All sizes,55,%,4,%

"1,000,000 or more",89,%,31,%
"500,000-999,999",85,,17
"250,000-499,999",83,,16
"100,000-249,999",74,,8
"50,000-99,999",65,,6
"25,000-49,999",53,,3
"10,000-24,999",54,,2
"Under 10,000",33,,1
--Less than 0.5%.,,,
