Bureau of Justice Statistics,,,,,,,
filename:  so0304.csv,,,,,,,
"Table 4.  Average number of employees in sheriffs' offices, by size of population served, 2003",,,,,,,
"title: Sheriffs' offices 2003, NCJ 211361",,,,,,,
data source:  2003 Law Enforcement Management and Administrative Statistics,,,,,,,
"authors:  Matthew J. Hickman, Ph.D. and Brian A. Reaves, Ph.D.",,,,,,,
refer questions to: askbjs@usdoj.gov (202)307-0765,,,,,,,
date of version: 4/26/06,,,,,,,

"Table 4.  Average number of employees in sheriffs' offices, by size of population served, 2003",,,,,,,

,Average number of employees,,,,,,
Population  served,Full-time,,,,Part-time,,
,Total,Sworn ,Civilian,,Total,Sworn ,Civilian

  All sizes,108,57,51,,8,3,5

"1,000,000 or more","2,613","1,391","1,222",,89,39,51
"500,000-999,999",751,346,406,,31,10,21
"250,000-499,999",373,193,180,,23,5,19
"100,000-249,999",193,105,88,,11,4,7
"50,000-99,999",101,55,46,,9,4,5
"25,000-49,999",48,26,22,,7,3,4
"10,000-24,999",27,16,12,,4,2,2
"Under 10,000",11,6,5,,2,1,1
Note: Detail may not add to total because of rounding. --Less than 0.5.,,,,,,,
