Bureau of Justice Statistics,,,,,,,,,,
filename:  so0324.csv,,,,,,,,,,
"Table 24.  Types of routine patrol other than  automobile used by sheriffs' offices,  by size of population served, 2003",,,,,,,,,,
"title: Sheriffs' Offices 2003, NCJ 211361",,,,,,,,,,
data source:  2003 Law Enforcement Management and Administrative Statistics,,,,,,,,,,
"authors:  Matthew J. Hickman, Ph.D. and Brian A. Reaves, Ph.D.",,,,,,,,,,
refer questions to: askbjs@usdoj.gov (202)307-0765,,,,,,,,,,
date of version: 4/26/06,,,,,,,,,,

"Table 24.  Types of routine patrol other than automobile used by sheriffs' offices, by size of population served, 2003",,,,,,,,,,

,Percent of agencies using each type of patrol on a routine basis,,,,,,,,,
Population served,  Foot,, Bicycle,,Motorcycle,, Marine,, Horse,

  All sizes,25,%,21,%,11,%,10,%,5,%

"1,000,000 or more",56,%,56,%,72,%,64,%,32,%
"500,000-999,999",34,,41,,54,,40,,20,
"250,000-499,999",27,,45,,36,,33,,15,
"100,000-249,999",21,,36,,23,,21,,14,
"50,000-99,999",24,,34,,16,,16,,6,
"25,000-49,999",21,,18,,7,,6,,1,
"10,000-24,999",25,,15,,6,,4,,3,
"Under 10,000",29,,9,,2,,3,,2,
--Less than 0.5%.,,,,,,,,,,
