Bureau of Justice Statistics,,,,,,
filename: so0361.csv,,,,,,
"Table 61.  Off-land vehicles operated by sheriffs' offices, by size of population served, 2003",,,,,,
"title: Sheriffs' Offices 2003, NCJ 211361",,,,,,
data source:  2003 Law Enforcement Management and Administrative Statistics,,,,,,
"authors:  Matthew J. Hickman, Ph.D. and Brian A. Reaves, Ph.D.",,,,,,
refer questions to: askbjs@usdoj.gov (202)307-0765,,,,,,
date of version: 4/26/06,,,,,,

"Table 61.  Off-land vehicles operated by sheriffs' offices, by size of population served, 2003",,,,,,

,Percent of agencies with �,,,,,
Population served,Boats,,Helicopters,,Airplanes,

  All sizes,33,%,4,%,4,%

"1,000,000 or more",62,%,50,%,35,%
"500,000-999,999",56,,22,,24,
"250,000-499,999",56,,21,,15,
"100,000-249,999",53,,8,,3,
"50,000-99,999",55,,2,,7,
"25,000-49,999",33,,2,,2,
"10,000-24,999",28,,1,,1,
"Under 10,000",10,,1,,2,
--Less than 0.5%.,,,,,,
