Bureau of Justice Statistics,,,,,,,,,
filename:  so0359.csv,,,,,,,,,
"Table 59.  Number of motorcycles and 4-wheel motorized vehicles other than cars operated by sheriffs' offices, by size of population served, 2003",,,,,,,,,
"title: Sheriffs' Offices 2003, NCJ 211361",,,,,,,,,
data source:  2003 Law Enforcement Management and Administrative Statistics,,,,,,,,,
"authors:  Matthew J. Hickman, Ph.D. and Brian A. Reaves, Ph.D.",,,,,,,,,
refer questions to: askbjs@usdoj.gov (202)307-0765,,,,,,,,,
date of version: 4/26/06,,,,,,,,,

"Table 59.  Number of motorcycles and 4-wheel motorized vehicles other than cars operated by sheriffs' offices, by size of population served, 2003",,,,,,,,,

,4-wheel motorized vehicles  other than cars,,,,, Motorcycles,,,
,Percent of  agencies using,,Number operated,,, Percent   of agencies  using,,Number operated,
Population  served,,, Total,Per 100 officers*,,,, Total,Per 100 officers*

  All sizes,84,%,"27,781",16,,14,%,"2,306",1

"1,000,000 or more",100,%,"5,119",13,,73,%,677,2
"500,000-999,999",93,,"3,060",13,,70,,342,2
"250,000-499,999",92,,"3,482",15,,39,,391,2
"100,000-249,999",95,,"4,929",15,,35,,427,1
"50,000-99,999",89,,"3,513",17,,20,,211,1
"25,000-49,999",86,,"3,536",19,,10,,124,1
"10,000-24,999",84,,"2,770",20,,6,,101,1
"Under 10,000",69,,"1,372",33,,3,,34,1
*Part-time officers are included with a weight of .5 assigned.  ,,,,,,,,,
