Bureau of Justice Statistics,,,,,,
filename:  so0344.csv,,,,,,
"Table 44.  Ability assessments realted to community policing used by sheriffs' offices for selecting new officers, by size of population served, 2003",,,,,,
"title: Sheriffs' Offices 2003, NCJ 211361",,,,,,
data source:  2003 Law Enforcement Management and Administrative Statistics,,,,,,
"authors:  Matthew J. Hickman, Ph.D. and Brian A. Reaves, Ph.D.",,,,,,
refer questions to: askbjs@usdoj.gov (202)307-0765,,,,,,
date of version: 4/26/06,,,,,,

"Table 44.  Ability assessments realted to community policing used by sheriffs' offices for selecting new officers, by size of population served, 2003",,,,,,

,Percent of agencies using,,,,,
,Analytical problem-solving ability,,Understanding of culturally diverse populations,,Mediation of skills/conflict management,
Population served,, ,,,,

  All sizes,23,%,10,%,5,%

"1,000,000 or more",46,%,21,%,7,%
"500,000-999,999",27,,17,,11,
"250,000-499,999",24,,7,,5,
"100,000-249,999",21,,11,,8,
"50,000-99,999",26,,8,,4,
"25,000-49,999",23,,9,,6,
"10,000-24,999",24,,7,,4,
"Under 10,000",20,,15,,5,
