Bureau of Justice Statistics,,
filename: so03f03.csv,,
"Figure 3. Female and minority sworn personnel in sheriffs' offices, 1987-2003",,
"title: Sheriffs' Offices 2003, NCJ 211361",,
data source:  2003 Law Enforcement Management and Administrative Statistics,,
"authors:  Matthew J. Hickman, Ph.D. and Brian A. Reaves, Ph.D.",,
refer questions to: askbjs@usdoj.gov (202)307-0765,,
date of version: 4/26/06,,

"Figure 3. Female and minority sworn personnel in sheriffs' offices, 1987-2003",,

,Percent of full-time sworn personnel,
Female 1987,12.6,%
Female 1990,15.4,
Female 1993,14.6,
Female 1997,15.6,
Female 2000,12.5,
Female 2003,12.9,

Minority 1987,13.4,%
Minority 1990,15.5,
Minority 1993,16.9,
Minority 1997,19,
Minority 2000,17.1,
Minority 2003,18.8,
