Bureau of Justice Statistics,,
filename:  so03f13.csv,,
"Figure 13. Groups with which sheriffs' offices had problem-solving partnerships or written agreements during the year ending June 30, 2003",,
"title: Sheriffs' Offices 2003, NCJ 211361",,
data source:  2003 Law Enforcement Management and Administrative Statistics,,
"authors:  Matthew J. Hickman, Ph.D. and Brian A. Reaves, Ph.D.",,
refer questions to: askbjs@usdoj.gov (202)307-0765,,
date of version: 4/26/06,,

"Figure 13. Groups with which sheriffs' offices had problem-solving partnerships or written agreements during the year ending June 30, 2003",,

,Percent of sworn personnel employed by sheriffs' offices partnering with each type of group,
Faith-based organizations,25,%
Business groups,32,
Youth service organizations,37,
Senior citizen groups,43,
Advocacy groups ,43
Neighborhood associations,50
School groups,54
Local public agencies,55
Other law enforcement agencies,65
