Bureau of Justice Statistics,,,,,,,,,
filename:  so0312.csv,,,,,,,,,
"Table 12.  Use of nonsworn reserve or auxiliary officers in sheriffs' offices, by size of population served, 2003",,,,,,,,,
"title: Sheriffs' offices 2003, NCJ 211361",,,,,,,,,
data source:  2003 Law Enforcement Management and Administrative Statistics,,,,,,,,,
"authors:  Matthew J. Hickman, Ph.D. and Brian A. Reaves, Ph.D.",,,,,,,,,
refer questions to: askbjs@usdoj.gov (202)307-0765,,,,,,,,,
date of version: 4/26/06,,,,,,,,,

"Table 12.  Use of nonsworn reserve or auxiliary officers in  sheriffs' offices, by size of population served, 2003",,,,,,,,,

  Population  served,Full-time nonsworn,,,,,Part-time nonsworn,,,
,Percent of agencies using,,  Number,  Average*,,Percent of agencies using,,  Number,  Average*

  All sizes,2,%,1058,14,,13,%,"10,683",26

"1,000,000 or more",4,%,1,1,,39,%,"4,700",425
"500,000-999,999",2,,111,100,,14,,627,71
"250,000-499,999",2,,75,34,,11,,114,9
"100,000-249,999",5,,356,25,,25,,2326,30
"50,000-99,999",2,,147,21,,14,,692,14
"25,000-49,999",1,,199,21,,15,,1133,11
"10,000-24,999",2,,97,5,,10,,470,6
"Under 10,000",3,,73,4,,9,,620,11
*Excludes agencies not using nonsworn reserve or auxiliary officers. Note: Detail may not add to total because of rounding.  --Less than 0.5%,,,,,,,,,
