Bureau of Justice Statistics,,
filename: so03f04.csv,,
"Figure 4. Sworn personnel employed by sheriffs' offices using various recruit screening methods, 2003",,
"title: Sheriffs' Offices 2003, NCJ 211361",,
data source:  2003 Law Enforcement Management and Administrative Statistics,,
"authors:  Matthew J. Hickman, Ph.D. and Brian A. Reaves, Ph.D.",,
refer questions to: askbjs@usdoj.gov (202)307-0765,,
date of version: 4/26/06,,

"Figure 4. Sworn personnel employed by sheriffs' offices using various recruit screening methods, 2003",,

,Percent of sworn personnel in sheriffs' offices,
Criminal record check,99,%
Personal interview,98,
Background investigation,98,
Driving record check,95,
Medical exam,87
Drug test,85
Psychological evaluation,72
Credit history check,69
Written aptitude test,58
Physical agility test,54
Polygraph exam,48
Personality inventory,38
