Bureau of Justice Statistics,,,,,,,,,,
filename:  so0372.csv,,,,,,,,,,
"Table 72.  Use of Automated Fingerprint Identification Systems (AFIS)  in sheriffs' offices, by size of population served, 2003",,,,,,,,,,
"title: Sheriffs' Offices 2003, NCJ 211361",,,,,,,,,,
data source:  2003 Law Enforcement Management and Administrative Statistics,,,,,,,,,,
"authors:  Matthew J. Hickman, Ph.D. and Brian A. Reaves, Ph.D.",,,,,,,,,,
refer questions to: askbjs@usdoj.gov (202)307-0765,,,,,,,,,,
date of version: 4/26/06,,,,,,,,,,

"Table 72.  Use of Automated Fingerprint Identification Systems (AFIS)  in local police departments, by size of population served, 2003",,,,,,,,,,

,Percent of agencies with AFIS access ,,,,,,,,,
 Population  served,Total with access,,Exclusive owner,,Shared owner ,,Remote terminal access only,,Access through other agency,

  All sizes,60,%,17,%,5,%,7,%,32,%

"1,000,000 or more",96,%,39,%,35,%,27,%,8,%
"500,000-999,999",97,,46,,17,,14,,28,
"250,000-499,999",95,,38,,8,,10,,41,
"100,000-249,999",85,,33,,8,,14,,32,
"50,000-99,999",71,,20,,10,,12,,31,
"25,000-49,999",60,,22,,2,,7,,29,
"10,000-24,999",52,,12,,2,,5,,34,
"Under 10,000",40,,2,,2,,2,,33,
Note: Detail may not sum to total because agencies could select more than one category.,,,,,,,,,,
