Bureau of Justice Statistics,
filename:  so03f02.csv,
"Figure 2. Net change in number of full-time sheriffs' deputies officers for 12-month period ending June 30, 2003",
"title: Sheriffs' Offices 2003, NCJ 211361",
data source:  2003 Law Enforcement Management and Administrative Statistics,
"authors:  Matthew J. Hickman, Ph.D. and Brian A. Reaves, Ph.D.",
refer questions to: askbjs@usdoj.gov (202)307-0765,
date of version: 4/26/06,

"Figure 2. Net change in number of full-time sheriffs' deputies officers for 12-month period ending June 30, 2003",

Population served,
"1,000,000 or more",-1103
"500,000-999,999",90
"250,000-499,999",334
"100,000-249,999",277
"50,000-99,999",216
"25,000-49,999",269
"10,000-24,999",157
"Under 10,000",87
