Bureau of Justice Statistics,,,,,,,
filename:  so0317.csv,,,,,,,
"Table 17.  Training requirements for new officer recruits in sheriffs' offices, by size of population served, 2003",,,,,,,
"title: Sheriffs' offices 2003, NCJ 211361",,,,,,,
data source:  2003 Law Enforcement Management and Administrative Statistics,,,,,,,
"authors:  Matthew J. Hickman, Ph.D. and Brian A. Reaves, Ph.D.",,,,,,,
refer questions to: askbjs@usdoj.gov (202)307-0765,,,,,,,
date of version: 4/26/06,,,,,,,

"Table 17.  Training requirements for new officer recruits in sheriffs' offices, by size of population served, 2003",,,,,,,

,Average number of hours required,,,,,,
,Academy,,,,Field,,
Population  served, Total,State- mandated,Other required,, Total,State- mandated,Other required

All sizes,576,547,29,,323,136,187

"1,000,000 or more",804,692,112,,484,233,251
"500,000-999,999",688,570,118,,506,246,260
"250,000-499,999",673,622,51,,415,171,244
"100,000-249,999",612,581,31,,460,177,283
"50,000-99,999",569,556,13,,340,141,199
"25,000-49,999",570,536,34,,376,148,228
"10,000-24,999",541,518,23,,245,117,128
"Under 10,000",571,551,20,,190,82,108
 Note:  Average number of training hours excludes departments not requiring training. ,,,,,,,
