Bureau of Justice Statistics,,,,,,
filename:  so0352.csv,,,,,,
"Table 52.  Vehicle use policies in sheriffs' offices, by size of population served, 2003",,,,,,
"title: Sheriffs' Offices 2003, NCJ 211361",,,,,,
data source:  2003 Law Enforcement Management and Administrative Statistics,,,,,,
"authors:  Matthew J. Hickman, Ph.D. and Brian A. Reaves, Ph.D.",,,,,,
refer questions to: askbjs@usdoj.gov (202)307-0765,,,,,,
date of version: 4/26/06,,,,,,

"Table 52.  Vehicle use policies in sheriffs' offices, by size of population served, 2003",,,,,,
,  ,,,,,
,Percent of agencies allowing officers to take  marked vehicles home,,,,,
Population served,,,Personal use,,,
,Total,,Allowed,, Not allowed,

  All sizes,92,%,22,%,70,%

"1,000,000 or more",65,%,8,%,57,%
"500,000-999,999",70,,19,,51,
"250,000-499,999",78,,28,,50,
"100,000-249,999",81,,21,,60,
"50,000-99,999",87,,29,,58,
"25,000-49,999",95,,22,,73,
"10,000-24,999",94,,18,,76,
"Under 10,000",99,,23,,76,
Note:  Detail may not add to total because of rounding.,,,,,,
