Bureau of Justice Statistics,,,,
filename:  so0331.csv,,,,
"Table 31.  Participation by sheriffs' offices  in multi-agency drug enforcement task forces,  by size of population served, 2003",,,,
"title: Sheriffs' Offices 2003, NCJ 211361",,,,
data source:  2003 Law Enforcement Management and Administrative Statistics,,,,
"authors:  Matthew J. Hickman, Ph.D. and Brian A. Reaves, Ph.D.",,,,
refer questions to: askbjs@usdoj.gov (202)307-0765,,,,
date of version: 4/26/06,,,,

"Table 31.  Participation by sheriffs' offices  in multi-agency drug enforcement task forces, by size of population served, 2003",,,,

,Multi-agency drug enforcement task force,,,
,Percent of agencies participating,,Number of officers assigned full time,
Population served,,,,
,,,Total,Average*

  All sizes,47,%,"3,477",2

"1,000,000 or more",89,%,229,9
"500,000-999,999",73,,342,7
"250,000-499,999",52,,262,4
"100,000-249,999",73,,653,3
"50,000-99,999",68,,575,2
"25,000-49,999",54,,678,2
"10,000-24,999",41,,592,2
"Under 10,000",16,,145,1
*Excludes agencies not having officers assigned full time.,,,,
