Bureau of Justice Statistics,,,,,,,,,,,,
filename:  so0367.csv,,,,,,,,,,,,
"Table 67.  Types of computerized information files maintained by more than half of sheriffs' offices, by size of population served, 2003",,,,,,,,,,,,
"title: Sheriffs' Offices 2003, NCJ 211361",,,,,,,,,,,,
data source:  2003 Law Enforcement Management and Administrative Statistics,,,,,,,,,,,,
"authors:  Matthew J. Hickman, Ph.D. and Brian A. Reaves, Ph.D.",,,,,,,,,,,,
refer questions to: askbjs@usdoj.gov (202)307-0765,,,,,,,,,,,,
date of version: 4/26/06,,,,,,,,,,,,

"Table 67.  Types of computerized information files maintained by more than half of sheriffs' offices, by size of population served, 2003",,,,,,,,,,,,
,,,,,,,,,,, ,
,Percent of agencies maintaining computerized information files on �,,,,,,,,,,,
Population  served,Incident reports,,Arrests,,Traffic citations,,Calls for service,,Warrants,,Stolen property,

  All sizes,76,%,75,%,53,%,62,%,74,%,61,%

"1,000,000 or more",73,%,69,%,58,%,65,%,77,%,50,%
"500,000-999,999",72,,74,,66,,66,,85,,52,
"250,000-499,999",77,,78,,58,,65,,82,,57,
"100,000-249,999",81,,81,,69,,75,,83,,63,
"50,000-99,999",79,,81,,55,,73,,79,,69,
"25,000-49,999",84,,85,,61,,70,,85,,72,
"10,000-24,999",77,,76,,46,,56,,74,,62,
"Under 10,000",60,,56,,41,,49,,52,,46,
