Bureau of Justice Statistics,,,,,,,
filename:  so0355.csv,,,,,,,
"Table 55.  Semiautomatic sidearms authorized for  use by sworn personnel in sheriffs' offices,  by size of population served, 2003",,,,,,,
"title: Sheriffs' Offices 2003, NCJ 211361",,,,,,,
data source:  2003 Law Enforcement Management and Administrative Statistics,,,,,,,
"authors:  Matthew J. Hickman, Ph.D. and Brian A. Reaves, Ph.D.",,,,,,,
refer questions to: askbjs@usdoj.gov (202)307-0765,,,,,,,
date of version: 4/26/06,,,,,,,

"Table 55.  Semiautomatic sidearms authorized for  use by sworn personnel in sheriffs' offices,  by size of population served, 2003",,,,,,,

Population served,Percent of agencies authorizing semiautomatic sidearms,,,,,,
,Total,0.4,9mm,0.45,0.357,10mm,0.38

  All sizes,100,62,33,35,17,9,3

"1,000,000 or more",100,65,77,62,46,8,19
"500,000-999,999",97,61,51,46,26,5,8
"250,000-499,999",100,73,40,29,22,13,6
"100,000-249,999",100,72,29,33,15,11,3
"50,000-99,999",100,60,36,34,12,6,3
"25,000-49,999",99,64,33,33,16,11,2
"10,000-24,999",99,64,28,32,18,9,1
"Under 10,000",100,52,32,41,18,7,3
Note:  Some departments authorized more than 1 type of sidearm. ,,,,,,,
