Bureau of Justice Statistics,,,,
filename: so0349.csv,,,,
"Table 49.  Work-related policies in sheriffs' offices, by size of population served, 2003",,,,
"title: Sheriffs' Offices 2003, NCJ 211361",,,,
data source:  2003 Law Enforcement Management and Administrative Statistics,,,,
"authors:  Matthew J. Hickman, Ph.D. and Brian A. Reaves, Ph.D.",,,,
refer questions to: askbjs@usdoj.gov (202)307-0765,,,,
date of version: 4/26/06,,,,

"Table 49.  Work-related policies in sheriffs' offices, by size of population served, 2003",,,,

,Percent of agencies with a written policy on:,,,
Population served,Maximum work hours,,Off-duty employment,

  All sizes,52,%,83,%

"1,000,000 or more",77,%,100,%
"500,000-999,999",76,,97,
"250,000-499,999",61,,99,
"100,000-249,999",63,,95,
"50,000-99,999",58,,94,
"25,000-49,999",52,,85,
"10,000-24,999",47,,82,
"Under 10,000",45,,62,
