Bureau of Justice Statistics,,,,,,,,,,,,,,,,,,,,
filename:  so0369.csv,,,,,,,,,,,,,,,,,,,,
"Table 69.  Types of in-field computers or terminals used  by sheriffs' offices, by size of population served, 2003",,,,,,,,,,,,,,,,,,,,
"title: Sheriffs' Offices 2003, NCJ 211361",,,,,,,,,,,,,,,,,,,,
data source:  2003 Law Enforcement Management and Administrative Statistics,,,,,,,,,,,,,,,,,,,,
"authors:  Matthew J. Hickman, Ph.D. and Brian A. Reaves, Ph.D.",,,,,,,,,,,,,,,,,,,,
refer questions to: askbjs@usdoj.gov (202)307-0765,,,,,,,,,,,,,,,,,,,,
date of version: 4/26/06,,,,,,,,,,,,,,,,,,,,

"Table 69.  Types of infield computers or terminals used  by sheriffs' offices, by size of population served, 2003",,,,,,,,,,,,,,,,,,,,

,Percent of agencies using infield computers or terminals,,,,,,,,,,,,,,,,,,,
 Population served,Any infield computer or terminal,,Vehicle-mounted ,,,,,,,,Portable (not vehicle-mounted),,,,,,,,,
,,,Any type,,Laptop,,Digital/data terminal,,Digital/data computer,,Any type,,Laptop,,Personal Digital Assistant,,Digital/data terminal,,Digital/data computer,

  All sizes,55,%,33,%,25,%,10,%,9,%,46,%,43,%,9,%,4,%,3,%

"1,000,000 or more",92,%,77,%,35,%,35,%,42,%,65,%,58,%,19,%,12,%,8,%
"500,000-999,999",93,,85,,33,,32,,44,,66,,54,,26,,10,,9,
"250,000-499,999",77,,61,,26,,27,,27,,51,,43,,14,,6,,4,
"100,000-249,999",76,,57,,32,,24,,26,,61,,50,,24,,12,,7,
"50,000-99,999",68,,38,,29,,13,,17,,55,,51,,18,,5,,10,
"25,000-49,999",58,,30,,25,,11,,7,,52,,50,,5,,3,,1,
"10,000-24,999",48,,30,,26,,4,,2,,42,,40,,5,,2,,1,
"Under 10,000",32,,14,,14,,0,,1,,31,,29,,4,,1,,1,
