"Bureau of Justice Statistics",,,,,,,
"filename:  cpu97206.csv",,,,,,,
"table: 2.6",,,,,,,
"report title:  Correctional Populations in the United States, 1997 chapter 2 NCJ 177613",,,,,,,
"data sources:  Annual Survey of Jails 1997",,,,,,,
"authors:  Darrell Gilliard",,,,,,,
"refer questions to:  askbjs@ojp.usdoj.gov (202) 307-0765",,,,,,,
"date of version:  6/28/99",,,,,,,
,,,,,,,
,,,,,,,
"Table 2.6.  Conviction status of adult jail inmates, by gender, midyear 1990-93 and 1995-97",,,,,,,
,,,,,,,
,"Percent of jail inmates",,,,,,
,1990,1991,1992,"1993*","1995*","1996*","1997*"
,,,,,,,
"Total",403019,424129,441780,455500,499300,582300,558000
,,,,,,,
"Convicted",195661,206458,217940,226600,219600,284200,235200
"Male",177619,185947,196656,203900,198400,252800,210600
"Female",18042,20511,21284,22700,21200,31400,24700
,,,,,,,
"Unconvicted",207358,217671,223840,228900,279600,298100,322700
"Male",188202,198681,204450,207600,250000,266000,288200
"Female",19156,18990,19390,21300,29600,32100,34600
,,,,,,,
,,,,,,,
"Note:  The number of convicted inmates may be undercounted because some  ",,,,,,,
"jail records do not distinguish between inmates who are unconvicted and those  ",,,,,,,
"who are convicted but waiting to be sentenced.  Data for 1994 are not available.   ",,,,,,,
"*Data on conviction status by gender were reported for 88.9% of all adult inmates",,,,,,,
"in 1993, 96.3% in 1995, 98.5% in 1996, and 99.6% in 1997.  Totals were estimated using known",,,,,,,
"data and rounded to the nearest 100.  Detail may not add to total because of rounding.",,,,,,,
