"Bureau of Justice Statistics",,,,
"filename:  cpu97209.csv",,,,
"table: 2.9",,,,
"report title:  Correctional Populations in the United States, 1997 chapter 2 NCJ 177613",,,,
"data sources:  Annual Survey of Jails 1997",,,,
"authors:  Darrell Gilliard",,,,
"refer questions to:  askbjs@ojp.usdoj.gov (202) 307-0765",,,,
"date of version:  6/28/99",,,,
,,,,
,,,,
"Table 2.9. Standard error estimates",,,,
"for the Annual Survey of Jails, 1997",,,,
,,,,
,,,"Relative",
,,"Standard","standard",
"Characteristics","Estimate","error","error (percent)",
,,,,
"Total number under supervision",637319,5508,0.86,"%"
"   Held in jail",567079,3649,0.64,
"   Supervised outside of a jail facility",70239,3637,5.18,
,,,,
"Average daily population",556586,3532,0.64,"%"
,,,,
"Rated capacity",581733,4428,0.76,"%"
,,,,
"Sex",,,,
"   Male",507195,3324,0.66,"%"
"   Female",59884,506,0.85,
,,,,
"Adults",557974,3626,0.65,"%"
,,,,
"Juveniles",9105,245,2.69,"%"
"   Held as adults",7007,193,2.75,
"   Held as juveniles",2098,133,6.34,
,,,,
"Race/Hispanic origin/a",,,,
"   White non-Hispanic",228143,2573,1.13,"%"
"   Black non-Hispanic",235741,2350,1.00,
"   Hispanic",88078,1437,1.63,
"   Other/b",9874,357,3.62,
,,,,
"Adult conviction status",,,,
"   Awaiting trial or in other",,,,
"      unconvicted category",321484,2784,0.87,"%"
"   Convicted",234316,2392,1.02,
,,,,
,,,,
"a/Excludes persons of unkown race/Hispanic origin.",,,,
"b/Includes American Indians, Alaska Natives, Asians, and Pacific Islanders.",,,,
