Bureau of Justice Statistics,,,,
Filename:   fss02se8.csv,,,,
"Report title:   Felony Sentences in State Courts, 2002; NCJ 206916",,,,
Data source:   2002 National Judicial Reporting Program,,,,
"Authors:   Matthew Durose, Patrick Langan",,,,
Refer questions to:   askbjs@usdoj.gov   (202) 307-0765,,,,
"Date of version:   December 21, 2004",,,,

"Estimate of 1 standard error for table 8, 2002",,,,


One conviction offense,Error in mean maximum sentence length (in months) for felons sentenced to --,,,
,,Incarceration,,
Most serious conviction offense ,Prison,,Jail,Probation
All offenses,1.55,,0.17,1.27
Violent offenses,2.4,,0.24,1.33
Murder,10.12,,0.77,5.48
Sexual assault,2.82,,0.36,2.19
Robbery,2.7,,0.34,1.61
Aggravated assault,1.88,,0.22,1.44
Other violent,3.8,,0.63,1.55
Property offenses,1.61,,0.19,1.23
Burglary,1.85,,0.37,1.62
Larceny,1.48,,0.16,1.39
Fraud,2.09,,0.19,1.2
Drug offenses,1.86,,0.18,1.42
Possession,3.24,,0.39,2.53
Trafficking,1.57,,0.23,1.28
Weapon offenses,1.78,,0.35,2.25
Other offenses,1.84,,0.18,1.58

Two or more conviction offenses,,,,

Most serious conviction offense ,,,,
All offenses,1.83,,0.2,1.29
Violent offenses,3.22,,0.14,1.78
Murder,9.58,,0.25,7.53
Sexual assault,6.42,,0.33,4.2
Robbery,4.3,,0.18,4.62
Aggravated assault,2.19,,0.13,1.69
Other violent,4.59,,0.42,2.23
Property offenses,1.79,,0.36,1.31
Burglary,2.25,,0.33,1.49
Larceny,1.59,,0.22,1.52
Fraud,2.33,,0.56,1.54
Drug offenses,2.7,,0.19,1.24
Possession,4.45,,0.26,1.76
Trafficking,3.02,,0.19,1.39
Weapon offenses,2.49,,0.25,2.06
Other offenses,1.41,,0.15,2.46
