Bureau of Justice Statistics,,,,,,,
Filename:  iscs07fig2-3.csv,,,,,,,
"Figure 2.3. Rate of student-reported nonfatal crimes against students ages 12-18 away from school per 1,000 students, by type of crime and selected student characteristics: 2005",,,,,,,
Report title: Indicators of School Crime and Safety: 2007  NCJ# 219553,,,,,,,
Data source: National Crime Victimization Survey,,,,,,,
"Author: Rachel Dinkes, Emily Forrest Cataladi, Wendy Lin-Kelly",,,,,,,
Refer questions to: askbjs@usdoj.gov  202-307-0765,,,,,,,
Date of version: 11/14/2007,,,,,,,

"Figure 2.3. Rate of student-reported nonfatal crimes against students ages 12-18 away from school per 1,000 students, by type of crime and selected student characteristics: 2005",,,,,,,

,Sex,,Age,,Urbanicity,,
,Male,Female,12-14 years,15-18 years,Urban,Suburban,Rural
Total,54,40,36,57,59,41,47
Theft,26,20,21,25,26,20,27
Violent,27,20,15,32,33,20,20
Serious violent/a,11,10,8,12,14,9, --

 -- Reporting standards not met.,,,,,,,
a/Serious violent crimes are also included in violent crimes.,,,,,,,
"NOTE: Serious violent crimes include rape, sexual assault, robbery, and aggravated assault.  Violent crimes include serious violent crimes and simple assault. Total crimes include violent crimes and theft.  ""At school"" includes inside the school building, on school property, or on the way to or from school.  Population size for students ages 12-18 is 26,456,000 in 2005.  Detail may not sum to totals because of rounding.",,,,,,,
"SOURCE:  U.S. Department of Justice, Bureau of Justice Statistics, National Crime Victimization Survey (NCVS), 2005.",,,,,,,
