Bureau of Justice Statistics,,,,,,,,,,,,,,,,,,,,,,,,,,,,,,,,,,,,,,,,,
Filename:  iscs07s06-3.csv,,,,,,,,,,,,,,,,,,,,,,,,,,,,,,,,,,,,,,,,,
"Table S6.3. Standard errors for the percentage of public schools reporting incidents of crime that occurred at school to the police, number of incidents, and the rate of crimes per 1,000 students, by selected school characteristics: School year 2005-06",,,,,,,,,,,,,,,,,,,,,,,,,,,,,,,,,,,,,,,,,
Report title: Indicators of School Crime and Safety: 2007  NCJ# 219553,,,,,,,,,,,,,,,,,,,,,,,,,,,,,,,,,,,,,,,,,
Data source:  School Survey on Crime and Safety (SSOCS),,,,,,,,,,,,,,,,,,,,,,,,,,,,,,,,,,,,,,,,,
"Author:  Rachel Dinkes, Emily Forrest Cataldi, Wendy Lin-Kelly",,,,,,,,,,,,,,,,,,,,,,,,,,,,,,,,,,,,,,,,,
Refer questions to:  askbjs@usdoj.gov  202-307-0765,,,,,,,,,,,,,,,,,,,,,,,,,,,,,,,,,,,,,,,,,
Date of version 11/14/07,,,,,,,,,,,,,,,,,,,,,,,,,,,,,,,,,,,,,,,,,

"Table S6.3. Standard errors for the percentage of public schools reporting incidents of crime that occurred at school to the police, number of incidents, and ",,,,,,,,,,,,,,,,,,,,,,,,,,,,,,,,,,,,,,,,,                                                       
"           -the rate of crimes per 1,000 students, by selected school characteristics: School year 2005-06",,,,,,,,,,,,,,,,,,,,,,,,,,,,,,,,,,,,,,,,,                                                                                                           
,,,,,,,,,,,,,,,,,,,,,,,,,,,,,,,,,,,,,,,,,                                                                                                                                                                                                                       
,,Violent incidents,,,,Serious violent incidents,,,,Theft,,,,Other incidents,,,,,,,,,,,,,,,,,,,,,,,,,,,
,Number,Percent ,Number,Rate per,,Percent ,Number,Rate per,,Percent ,Number,Rate per,,Percent ,Number,Rate per,,,,,,,,,,,,,,,,,,,,,,,,,
,of ,of,of,"1,000",,of,of,"1,000",,of,of,"1,000",,of,of,"1,000",,,,,,,,,,,,,,,,,,,,,,,,,
School characteristic,schools,schools ,incidents,students,,schools ,incidents,students,,schools ,incidents,students,,schools ,incidents,students,,,,,,,,,,,,,,,,,,,,,,,,,

   Total,930,1.09,"12,820",0.28,,0.7,"2,430",0.05,,0.97,"4,130",0.09,,1,"8,860",0.19

School level,,,,,,,,,,,,,,,,
  Primary,640,1.26,"5,680",0.25,,0.86,"1,490",0.07,,1.16,"1,590",0.07,,1.44,"3,830",0.17
  Middle,280,1.72,"7,950",0.79,,1.39,960,0.09,,1.57,"1,530",0.15,,1.08,"3,230",0.29
  High school,180,1.68,"7,750",0.63,,1.7,"1,270",0.1,,1.94,"2,850",0.23,,1.52,"4,930",0.39
  Combined,460,4.98,"4,660",1.54,,3.09,760,0.24,,4.94,"1,690",0.56,,4.75,"3,990",1.31

Enrollment size,,,,,,,,,,,,,,,,
  Less than 300 ,570,2.6,"4,410",1.02,,1.46,"1,020",0.23,,1.76,890,0.2,,2.66,"3,740",0.85
  300-499 ,510,2.03,"3,950",0.41,,0.85,550,0.06,,1.59,"1,150",0.12,,2.41,"2,470",0.27
  500-999 ,520,1.77,"8,160",0.41,,1.26,"1,360",0.07,,1.69,"2,500",0.13,,1.92,"4,320",0.22
"  1,000 or more ",150,1.63,"8,790",0.67,,1.84,"1,530",0.11,,1.94,"2,760",0.19,,1.48,"5,830",0.38

Urbanicity,,,,,,,,,,,,,,,,
  City ,400,1.87,"7,380",0.49,,1.45,"1,530",0.1,,1.93,"2,180",0.15,,2.52,"5,550",0.37
  Urban fringe ,440,1.62,"8,810",0.45,,0.98,960,0.05,,1.6,"2,860",0.15,,1.66,"3,210",0.18
  Town ,290,3.53,"3,170",0.74,,2.33,620,0.15,,2.83,"1,450",0.33,,4.02,"2,240",0.52
  Rural ,570,2.17,"5,590",0.55,,1.1,970,0.1,,1.58,"1,790",0.17,,2.42,"4,250",0.43

Percent minority enrollment,,,,,,,,,,,,,,,,
  Less than 5 percent,450,2.73,"3,750",0.58,,1.12,470,0.07,,2.07,"1,160",0.21,,3.38,"1,920",0.32
  5 to 20 percent,550,2.61,"5,240",0.44,,1.29,"1,180",0.1,,1.98,"2,930",0.23,,2.28,"4,510",0.34
  20 to 50 percent,510,2.67,"8,530",0.63,,1.39,"1,000",0.09,,2.2,"2,200",0.2,,2.86,"4,210",0.35
  50 percent or more,510,2.05,"9,010",0.5,,1.55,"1,570",0.09,,1.86,"2,230",0.13,,2.08,"6,770",0.36

Percent of students eligible for ,,,,,,,,,,,,,,,,
free or reduced-price lunch,,,,,,,,,,,,,,,,
  0-20 percent ,350,1.71,"3,800",0.3,,1.1,860,0.07,,1.81,"2,360",0.19,,2.31,"4,010",0.31
  21-50 percent ,550,1.87,"7,100",0.51,,1.37,"1,160",0.07,,1.8,"2,960",0.19,,2.22,"5,010",0.31
  More than 50 percent,670,1.54,"11,330",0.54,,1.17,"1,730",0.09,,1.48,"2,950",0.15,,1.64,"7,060",0.36

Student/teacher ratio,,,,,,,,,,,,,,,,,,,,,,,,,,,,,,,,,,,,,,,,,
  Less than 12,730,1.53,"7,210",0.38,,1.01,"1,280",0.07,,1.16,"2,820",0.16,,1.37,"5,350",0.28,,,,,,,,,,,,,,,,,,,,,,,,,
  12-16,530,1.87,"9,280",0.45,,1.03,"1,070",0.06,,1.72,"3,130",0.17,,1.93,"5,200",0.29,,,,,,,,,,,,,,,,,,,,,,,,,
  More than 16,410,2.4,"8,240",0.65,,1.79,"1,520",0.12,,2.68,"2,530",0.2,,3.02,"5,550",0.38,,,,,,,,,,,,,,,,,,,,,,,,,

"NOTE: Responses were provided by the principal or the person most knowledgeable about crime and safety issues at the school. ""At school"" was defined for respondents to include activities ",,,,,,,,,,,,,,,,,,,,,,,,,,,,,,,,,,,,,,,,,                        
"that happen in school buildings, on school grounds, on school buses, and at places that hold school-sponsored events or activities.  Respondents were instructed to respond only for those times ",,,,,,,,,,,,,,,,,,,,,,,,,,,,,,,,,,,,,,,,,                    
"that were during normal school hours or when school activities or events were in session, unless the survey specified otherwise. Population size is 83,200 public schools. ",,,,,,,,,,,,,,,,,,,,,,,,,,,,,,,,,,,,,,,,,                                          
Standard errors of number of incidents and schools are rounded to the nearest 10.,,,,,,,,,,,,,,,,,,,,,,,,,,,,,,,,,,,,,,,,,                                                                                                                                      
"SOURCE: U.S. Department of Education, National Center for Education Statistics, 2005-06 School Survey on Crime and Safety (SSOCS), 2006.",,,,,,,,,,,,,,,,,,,,,,,,,,,,,,,,,,,,,,,,,                                                                             
