Bureau of Justice Statistics,,,,,
Filename: iscs07fig12-1.csv,,,,,
"Figure 12.1. Percentage of public and private school teachers who agreed or strongly agreed that student misbehavior interfered with their teaching, by sector: Various school years, 1987-88 through 2003-04",,,,,
Report title: Indicators of School Crime and Safety: 2007  NCJ# 219553,,,,,
Data source: Schools and Staffing Survey (SASS),,,,,
"Author: Rachel Dinkes, Emily Forrest Cataladi, Wendy Lin-Kelly",,,,,
Refer questions to: askbjs@usdoj.gov  202-307-0765,,,,,
Date of version: 11/14/2007,,,,,

"Figure 12.1.  Percentage of public and private school teachers who agreed or strongly agreed that student misbehavior interfered with their teaching, by sector: Various school years, 1987-88 through 2003-04",,,,,

,1987-88,1990-91,1993-94,1999-2000,2003-04
Total,40.2,33.8,41.4,38.6,35.2
Public,42.4,35.7,44.2,40.8,37.2
Private,24.2,20,22.4,24.1,20.8

"1/ The public sector includes public, public charter, and Bureau of Indian Affairs school teachers."
"NOTE:  Teachers who taught only prekindergarten students are excluded.  Population sizes for teachers are 2,623,000 in 1988-87; 2,905,000 in 1990-91; 2,930,000 in 1993-94; 3,452,000 in 1999-2000; and 3,704,000 in 2003-04.  "
"SOURCE: U.S. Department of Education, National Center for Education Statistics, Schools and Staffing Survey (SASS), ""Public School Teacher Questionnaire,"" 1987-88, 1990-91, 1993-94, 1999-2000, and 2003-04; ""Private School Teacher Questionnaire,"" 1987-88, 1990-91, 1993-94, 1999-2000, and 2003-04; ""Charter School Questionnaire,"" 1999-2000; and ""Bureau of Indian Affairs Teacher Questionnaire,"" 1999-2000 and 2003-04."
