Bureau of Justice Statistics,,,,,,,,,,,,,,
Filename:  iscs07s02-2.csv,,,,,,,,,,,,,,
"Table S2.2. Standard errors for the number of student-reported nonfatal crimes against students ages 12-18 at school and rate of crimes per 1,000 students, by selected student and school characteristics: 2005",,,,,,,,,,,,,,
Report title: Indicators of School Crime and Safety: 2007  NCJ# 219553,,,,,,,,,,,,,,
Data source:  National Crime Victimization Survey (NCVS),,,,,,,,,,,,,,
"Author:  Rachel Dinkes, Emily Forrest Cataldi, Wendy Lin-Kelly",,,,,,,,,,,,,,
Refer questions to:  askbjs@usdoj.gov  202-307-0765,,,,,,,,,,,,,,
Date of version 11/14/07,,,,,,,,,,,,,,

"Table S2.2. Standard errors for the number of student-reported nonfatal crimes against students ages 12-18 at school and rate of crimes per 1,000 ",,,,,,,,,,,,,,                                                                                              
"           -students, by selected student and school characteristics: 2005",,,,,,,,,,,,,,


,Number of crimes,,,,,,"Rate of crimes per 1,000 students",,,,,,,
Student or school,,,,Serious,,,,,,Serious,,,,
characteristic,Total,Theft,Violent,violent,,,Total,Theft,Violent,violent,,,,

At school,,,,,,,,,,

   Total,"83,480","62,110","63,200","26,610",,,3.3,2.4,2.3,1

Sex,,,,,,,,,,
  Male,"58,410","41,140","45,970","19,510",,,4.3,3,3.3,1.4
  Female,"55,960","43,190","38,660","16,880",,,4.3,3.3,2.9,1.3

Age,,,,,,,,,,
  12-14,"59,830","42,290","46,950","14,720",,,4.8,3.4,3.6,1.2
  15-18,"54,450","42,060","37,540","21,270",,,3.9,3,2.6,1.5

Race/ethnicity,,,,,,,,,,
  White,"66,660","50,760","47,500","17,600",,,4.2,3.2,2.9,1.1
  Black,"25,040","17,390","20,210", -- ,,,6.1,4.3,5, -- 
  Hispanic,"29,280","21,380","22,170", -- ,,,6,4.5,4.6, -- 
  Other,"19,810","12,370","17,730", -- ,,,11.2,7.1,10.1, -- 

Urbanicity,,,,,,,,,,
  Urban,"44,260","29,000","37,330","17,860",,,5.8,3.9,4.9,2.4
  Suburban,"58,920","46,190","39,660","17,510",,,4.1,3.2,2.7,1.2
  Rural,"29,830","21,990","22,290", -- ,,,6.2,4.6,4.7, -- 

Household income,,,,,,,,,,
"  Less than $15,000","17,460","13,700","12,160", -- ,,,7.4,5.9,5.3, -- 
"  $15,000-29,999","30,540","18,030","28,010", -- ,,,7.9,4.8,7.3, -- 
"  $30,000-49,999","33,410","21,350","28,890", -- ,,,7,4.6,6.1, -- 
"  $50,000-74,999","33,650","24,880","24,930", -- ,,,7.4,5.6,5.6, -- 
"  $75,000 or more","40,130","34,270","22,120", -- ,,,5.9,5.1,3.3, -- 

'- Not applicable.,,,,,,,,,,
"NOTE: Population size for students ages 12-18 is 26,456,000 in 2005. Standard errors of number of crimes are rounded to the nearest 10."
"SOURCE: U.S. Department of Justice, Bureau of Justice Statistics, National Crime Victimization Survey (NCVS), 2005."
