Bureau of Justice Statistics,
Filename: iscs07fig13-2.csv,
"Figure 13.2. Percentage of students in grades 9-12 who reported having been in a physical fight during the previous 12 months, by location and grade: 2005",
Report title: Indicators of School Crime and Safety: 2007  NCJ# 219553,
Data source: Youth Risk Behavior Surveillance System (YRBSS),
"Author: Rachel Dinkes, Emily Forrest Cataladi, Wendy Lin-Kelly",
Refer questions to: askbjs@usdoj.gov  202-307-0765,
Date of version: 11/14/2007,

"Figure 13.2. Percentage of students in grades 9-12 who reported having been in a physical fight during the previous 12 months, by location and grade: 2005",

Anywhere,Percent

Total,36
9th grade,43
10th grade,37
11th grade,32
12th grade,29

On school property,

Total,14
9th grade,19
10th grade,14
11th grade,10
12th grade,9

"NOTE: ""On school property"" was not defined for survey respondents. The term anywhere is not used in the YRBS questionnaire; students are simply asked how many times in the last 12 months they had been in a physical fight. Population size from the Digest of Education Statistics, 2005 (NCES 2006-030) for students in grades 9-12 is 16,286,000 (projected) in 2005.",
"SOURCE: Centers for Disease Control and Prevention, National Center for Chronic Disease Prevention and Health Promotion, Youth Risk Behavior Surveillance System (YRBSS), ""Youth Risk Behavior Survey"" (YRBS), 2005.",
