Bureau of Justice Statistics,,,,,,,
Filename:  iscs07fig7.1.csv,,,,,,,
"Figure 7.1. Percentage of public schools reporting selected discipline problems that occurred at school, by school enrollment size: 2005-06",,,,,,,
Report title: Indicators of School Crime and Safety: 2007  NCJ# 219553,,,,,,,
Data source: School Survey on Crime and Safety (SSOCS),,,,,,,
"Author: Rachel Dinkes, Emily Forrest Cataladi, Wendy Lin-Kelly",,,,,,,
Refer questions to: askbjs@usdoj.gov  202-307-0765,,,,,,,
Date of version: 11/14/2007,,,,,,,

"Figure 7.1. Percentage of public schools reporting selected discipline problems that occurred at school, by school enrollment size: 2005-06",,,,,,,


,Total,Less than 300,,300-499,,500-999,"1,000 or more"
Student racial/ethnic tensions/1,3,--,,2,,3,6
Student bullying/1,24,19,,22,,29,30
Student sexual harassment of other students/1,3,2,!,2,,4,7
Student verbal abuse of teachers/1,9,6,,8,,9,20
Widespread disorder in classrooms/1,2,1,!,2,!,3,5
Student acts of disrespect for teachers/1,18,12,,14,,21,35
Undesirable gang activities/2,17,8,,9,,19,51
Undesirable cult or extremist group activities/2,4,2,!,2,!,3,12

! Interpret data with caution.,,,,,,,
 --Reporting standards not met.,,,,,,,
1/Includes schools that reported the activity happens either once a week or daily.,,,,,,,
2/Includes schools that reported the activity has happened at all at their school during the school year.,,,,,,,
"NOTE: Responses were provided by the principal or the person most knowledgeable about crime and safety issues at the school. ""At school"" was defined for respondents to include activities that happen in school buildings, on school grounds, on school buses, and at places that hold school-sponsored events or activities. Respondents were instructed to respond only for those times that were during normal school hours or when school activities were in session, unless the survey specified otherwise. Population size is 83,200 public schools.",,,,,,,
"SOURCE: U.S. Department of Education, National Center for Education Statistics, 2005-06 School Survey on Crime and Safety (SSOCS:2006).",,,,,,,
