"Bureau of Justice Statistics",,,,,,,,,,,,
"filename:  cpu96408.csv",,,,,,,,,,,,
"table:   4.8",,,,,,,,,,,,
"report title:  Correctional Populations in the United States, 1996  chapter 4  NCJ 170013",,,,,,,,,,,,
"data sources:  Survey of Inmates in Local Jails, 1996",,,,,,,,,,,,
"author:  Caroline Wolf Harlow, Ph.D.",,,,,,,,,,,,
"refer questions to:  askbjs@ojp.usdoj.gov (202) 307-0765",,,,,,,,,,,,
"date of version:  3/29/99",,,,,,,,,,,,
,,,,,,,,,,,,
,,,,,,,,,,,,
"Table 4.8.  Criminal justice status of jail inmates at arrest, by most serious offense, 1996",,,,,,,,,,,,
,,,,,,,,,,,,
,,,,,,,,,,,,
"Criminal justice status ",,,,,"Percent of jail inmates in 1996",,,,,,,
"status at arrest",,,"Violent",,"Property",,"Drug",,"Public-order",,"Other",
,,,,,,,,,,,,
,,,,,,,,,,,,
"Any criminal justice status",,,46.3,"%",60.0,"%",61.0,"%",51.4,"%",34.1,"%"
"Probation",,,24.9,,36.2,,35.2,,33.5,,15.6,
"Parole",,,12.3,,17.2,,16.7,,6.7,,6.2,
"Bail/bond",,,11.8,,12.3,,14.3,,13.5,,5.6,
"Other pretrial rlease",,,3.3,,4.8,,4.7,,5.2,,4.3,
"Alcohol or drug diversion",,,,,,,,,,,,
"counseling",,,2.0,,3.4,,3.3,,2.6,,0,
"Work or study release,",,,,,,,,,,,,
"electronic monitoring, house ",,,,,,,,,,,,
"arrest, or day or weekend",,,,,,,,,,,,
"reporting",,,2.2,,2.8,,2.2,,2.5,,3.5,
"Escape",,,0.6,,0.9,,0.7,,1.5,,0,
"Other release*",,,0.8,,0.9,,1.8,,1.1,,0,
,,,,,,,,,,,,
"Note:  Percentages add to more than total because inmates may have more than one status.",,,,,,,,,,,,
"Most serious offense is  the offense with the longest sentence and can be a current offense or ",,,,,,,,,,,,
"a prior offense for which an inmate was serving a sentence when most recently arrested.",,,,,,,,,,,,
"*  Includes inmates on furlough.",,,,,,,,,,,,
