"filename:  cpu964a4.csv",,,,,,
"table:  appendix 4.4",,,,,,
"report title:  Correctional Populations in the United States, 1996  chapter 4  NCJ 170013",,,,,,
"data sources:  Survey of Inmates in Local Jails, 1996",,,,,,
"author:  Caroline Wolf Harlow, Ph.D.",,,,,,
"refer questions to:  askbjs@ojp.usdoj.gov (202) 307-0765",,,,,,
"date of version:  3/29/99",,,,,,
,,,,,,
,,,,,,
"Appendix table 4.4.  Generalized standard errors of the estimated percentages, ",,,,,,
"of all jail inmates, 1989",,,,,,
,,,,,,
"Base of the",,,,,,
"estimate","92 or 2","95 or 5","90 or 10","80 or 20","70 or 30",50
,,,,,,
"  1,000",4.4,6.9,9.5,12.7,14.6,15.9
"  5,000",2.0,3.1,4.3,5.7,6.5,7.1
" 10,000",1.4,2.2,3.0,4.0,4.6,5.0
" 25,000",0.9,1.4,1.9,2.5,2.9,3.2
" 50,000",0.6,1.0,1.3,1.8,2.1,2.2
"100,000",0.4,0.7,1.0,1.3,1.5,1.6
"200,000",0.3,0.5,0.7,0.9,1.0,1.1
"395,553",0.2,0.3,0.5,0.6,0.7,0.8
,,,,,,
"Note:  The reliability of an estimated percentage depends on the size of the percentage ",,,,,,
"and its base.  each standard error when multiplied by 1.96 provides a 95-percent ",,,,,,
"confidence interval around as estimated percentage.  to calculate the standard error",,,,,,
"of the defference between two estimated percentages, take the square root of the",,,,,,
"sum of each squared standard error for the percentages being compared.",,,,,,
