"Bureau of Justice Statistics",,,,,,,,,,,,,
"filename:  cpu96422.csv",,,,,,,,,,,,,
"table:   4.22",,,,,,,,,,,,,
"report title:  Correctional Populations in the United States, 1996  chapter 4  NCJ 170013",,,,,,,,,,,,,
"data sources:  Survey of Inmates in Local Jails, 1996",,,,,,,,,,,,,
"author:  Caroline Wolf Harlow, Ph.D.",,,,,,,,,,,,,
"refer questions to:  askbjs@ojp.usdoj.gov (202) 307-0765",,,,,,,,,,,,,
"date of version:  3/29/99",,,,,,,,,,,,,
,,,,,,,,,,,,,
,,,,,,,,,,,,,
"Table 4.22. Mental health treatment of jail inmates, by sex and race/Hispanic origin, 1996",,,,,,,,,,,,,
,,,,,,,,,,,,,
,,,,,,,,,,,,,
"Because of a mental or emotional",,,,,,,,"White",,"Black",,,
"problem, inmate had --","Total",,"Male",,"Female",,,"non-Hispanic",,"non-Hispanic",,"Hispanic",
,,,,,,,,,,,,,
"Received any mental health services",,,,,,,,,,,,,
"  Ever ",25.6,"%",24.4,"%",35.6,"%",,36.0,"%",19.2,"%",18.0,"%"
"  Since admission ",11.3," ",10.3," ",20.3," ",,16.2," ",8.0," ",8.5," "
,,,,,,,,,,,,,
"Received professional counseling ",,,,,,,,,,,,,
"  Ever ",18.7,"%",17.8,"%",26.6,"%",,27.6,"%",13.9,"%",10.8,"%"
"  Since admission ",4.5,,4.1,,8.2,,,6.5,,3.3,,2.7,
,,,,,,,,,,,,,
"Taken a prescribed medication",,,,,,,,,,,,,
"  Ever ",17.5,"%",16.4,"%",27.0,"%",,25.1,"%",12.7,"%",12.3,"%"
"  Since admission ",9.2,,8.3,,16.5,,,13.2,,6.4,,6.6,
,,,,,,,,,,,,,
"Been admitted to mental health",,,,,,,,,,,,,
"  facility overnight",,,,,,,,,,,,,
"  Ever ",10.2,"%",9.7,"%",14.9,"%",,15.0,"%",7.3,"%",6.8,"%"
"  Since admission ",1.5,,1.4,,2.1,,,2.1,,1.0,,1.0,
,,,,,,,,,,,,,
"Received any other mental",,,,,,,,,,,,,
"health services",,,,,,,,,,,,,
"  Ever ",1.6,"%",1.6,"%",1.3,"%",,2.2,"%",1.4,"%",0.5,"%"
"  Since admission ",0.3,,0.2,,0.4,,,0.4,,0.2,,0.1,
