"Bureau of Justice Statistics",,,,,,,,,,,,,,,,,,,
"filename:  cpu96414.csv",,,,,,,,,,,,,,,,,,,
"table:   4.14",,,,,,,,,,,,,,,,,,,
"report title:  Correctional Populations in the United States, 1996  chapter 4  NCJ 170013",,,,,,,,,,,,,,,,,,,
"data sources:  Survey of Inmates in Local Jails, 1996",,,,,,,,,,,,,,,,,,,
"author:  Caroline Wolf Harlow, Ph.D.",,,,,,,,,,,,,,,,,,,
"refer questions to:  askbjs@ojp.usdoj.gov (202) 307-0765",,,,,,,,,,,,,,,,,,,
"date of version:  3/29/99",,,,,,,,,,,,,,,,,,,
,,,,,,,,,,,,,,,,,,,
,,,,,,,,,,,,,,,,,,,
"Table 4.14.  Prior drug use of jail inmates, by type of drug, 1996 and 1989",,,,,,,,,,,,,,,,,,,
,,,,,,,,,,," ","Percent of convicted jail inmates",,,,,,,
,,"Percent of all jail inmates ",,,,,,,,,"Used drugs in the month",,,,,"Used drugs at the",,,
,"   Ever used drugs",,,,,"Used drugs regularly",,,,,"before the offense",,,,,"time of the offense",,,
"Type of drug"," 1996",,1989,,," 1996",,1989,,," 1996",,1989,,," 1996",,1989,
,,,,,,,,,,,,,,,,,,,
"      Any drug",82.4,"%",77.7,"%",,64.2,"%",58.0,"%",,55.0,"%",43.8,"%",,35.6,"%",27.0,"%"
,,,,,,,,,,,,,,,,,,,
"Marijuana or hashish",78.2,"%",70.7,"%",,54.9,"%",47.8,,,36.8,"%",28.0,"%",,18.5,"%",9.0,"%"
"Cocaine or crack",50.4,,50.4,,,31.0,,30.7,,,24.1,,23.5,,,15.2,,13.7,
"Heroin/opiates",23.9,,18.6,,,11.8,,11.8,,,8.8,,7.2,,,5.6,,4.9,
"Depressants",29.9,,21.1,,,10.4,,9.0,,,5.9,,3.9,,,2.4,,1.2,
"Stimulants",33.6,,22.1,,,16.5,,12.1,,,10.4,,5.4,,,6.1,,2.2,
"Hallucinogens",32.2,,23.7,,,10.5,,9.4,,,4.6,,3.2,,,1.6,,1.6,
"Inhalants",16.8,,"--",,,4.8,,"--",,,1.0,,"--",,,0.3,,"--",
"Other drugs","...",,11.0,,,"...",,5.4,,,0.1,,2.4,,,"...",,0.1,
,,,,,,,,,,,,,,,,,,,
,,,,,,,,,,,,,,,,,,,
"Notes:  Stimulants include  amphetamines and methamphetamines;  depressants",,,,,,,,,,,,,,,,,,,
"include barbiturates,  tranquilizers and quaaludes;  and hallucinogens include ",,,,,,,,,,,,,,,,,,,
"LSD and PCP.  In 1989, ""Other drugs""  includes ts and blues.  In 1995-96, ""Other drugs"" ",,,,,,,,,,,,,,,,,,,
"includes any drugs that did not fall into the specified categories.",,,,,,,,,,,,,,,,,,,
" -- Not available.",,,,,,,,,,,,,,,,,,,
"... Less than 0.05%.",,,,,,,,,,,,,,,,,,,
