﻿Bureau of Justice Statistics,,,,,,,,,,,,,
Filename: fcsvyjf18stt2.4.csv,,,,,,,,,,,,,
"Table 2.4. Sexual victimization in juvenile facilities, by type of incident and facility staff turnover and vacancies, 2018 ",,,,,,,,,,,,,
"Report title: Facility Characteristics of Sexual Victimization of Youth in Juvenile Facilities, 2018 – Statistical Tables NCJ 305074",,,,,,,,,,,,,
"Data Source: Bureau of Justice Statistics, National Survey of Youth in Custody, 2018",,,,,,,,,,,,,
"Authors: Amy D. Lauger and Michael B. Field, BJS Statisticians",,,,,,,,,,,,,
Refer questions to: askbjs@usdoj.gov 202-307-0765,,,,,,,,,,,,,
Date of version: 11/9/2022,,,,,,,,,,,,,
,,,,,,,,,,,,,
"Table 2.4. Sexual victimization in juvenile facilities, by type of incident and facility staff turnover and vacancies, 2018 ",,,,,,,,,,,,,
,,Percent of youth reporting—,,,,,,Standard error,,,,,
Facility staff turnover and vacancies,,Sexual victimization/a,,Youth-on-youth sexual victimization involving force or coercion/b,,Staff sexual misconduct,,Sexual victimization,,Youth-on-youth sexual victimization involving force or coercion,,Staff sexual misconduct,
Net change in number of paid staff in the last 12 months,,,,,,,,,,,,,
,Increased,6.7,%,2.1,%,5.1,%,0.56,%,0.37,%,0.49,%
,Decreased,7.8,,1.8,,6.8,,0.74,,0.27,,0.72,
,Stayed the same*,5.4,,1.5,,4.4,,0.95,,0.46,,0.92,
Frontline staff positions that were vacant/unfilled,,,,,,,,,,,,,
,Less than 10%*,5.5,%,1.5,%,4.3,%,0.61,%,0.32,%,0.48,%
,10% or more,7.9, †,2.1,,6.6, †,0.55,,0.25,,0.52,
Note: See Terms and definitions for information about types of incidents. Estimates exclude five facilities missing youth-specific data and four facilities missing facility-specific data.,,,,,,,,,,,,,
*Comparison group.,,,,,,,,,,,,,
†Difference with comparison group is significant at the 95% confidence level.,,,,,,,,,,,,,
a/Estimates may not sum to totals because youth could report both youth-on-youth sexual victimization involving force or coercion and staff sexual misconduct.,,,,,,,,,,,,,
"b/Excludes acts with no report of force or coercion. Called ""youth-on-youth"" in prior reports.",,,,,,,,,,,,,
"Source: Bureau of Justice Statistics, National Survey of Youth in Custody, 2018.",,,,,,,,,,,,,
