﻿Bureau of Justice Statistics,,,,,,,
Filename: fcsvyjf18stt1.3.csv,,,,,,,
"Table 1.3. PREA education and grievance processes for youth in juvenile facilities, by type of facility, 2018",,,,,,,
"Report title: Facility Characteristics of Sexual Victimization of Youth in Juvenile Facilities, 2018 – Statistical Tables NCJ 305074",,,,,,,
"Data Source: Bureau of Justice Statistics, National Survey of Youth in Custody, 2018",,,,,,,
"Authors: Amy D. Lauger and Michael B. Field, BJS Statisticians",,,,,,,
Refer questions to: askbjs@usdoj.gov 202-307-0765,,,,,,,
Date of version: 11/9/2022,,,,,,,
,,,,,,,
"Table 1.3. PREA education and grievance processes for youth in juvenile facilities, by type of facility, 2018",,,,,,,
Youth PREA education and grievance process,,All facilities,,State-operated facilities,,Non-state-operated facilities/a,
How youth received information that sexual activity is not allowed in the facility,,,,,,,
,Facility staff,99.1,%,98.6,%,100,%
,Handbook with facility rules,97.2,,97.2,,97.2,
,Posters/signs,83.9,,90.3,,71,
,Brochure/flier/pamphlet,80.2,,84.3,,72,
,Video,52,,56.5,,43,
,Something else,21.1,,19,,25.2,
Methods for youth to report a complaint against staff,,,,,,,
,Make a report/talk to a staff member or administrator,100,%,100,%,100,%
,Report by phone/hotline,94.7,,94.4,,95.3,
,Talk to someone outside the facility,95,,94.9,,95.3,
,Talk to someone who visits from outside the facility,96,,96.3,,95.3,
,Some other way,89.2,,92.6,,82.2,
Note: Details do not sum to totals because respondents could report multiple methods. Percentages are based on nonmissing records. PREA denotes the Prison Rape Elimination Act of 2003.,,,,,,,
a/Refers to locally and privately operated juvenile facilities that met the same criteria as state facilities and had the additional criteria of having one or more adjudicated youth placed by the state. See Methodology.,,,,,,,
"Source: Bureau of Justice Statistics, National Survey of Youth in Custody, 2018.",,,,,,,
