﻿Bureau of Justice Statistics,,,,,,,,,,,,,
Filename: fcsvyjf18stt3.5.csv,,,,,,,,,,,,,
"Table 3.5. Sexual victimization in juvenile facilities, by type of incident and selected youth characteristics, 2018 ",,,,,,,,,,,,,
"Report title: Facility Characteristics of Sexual Victimization of Youth in Juvenile Facilities, 2018 – Statistical Tables NCJ 305074",,,,,,,,,,,,,
"Data Source: Bureau of Justice Statistics, National Survey of Youth in Custody, 2018",,,,,,,,,,,,,
"Authors: Amy D. Lauger and Michael B. Field, BJS Statisticians",,,,,,,,,,,,,
Refer questions to: askbjs@usdoj.gov 202-307-0765,,,,,,,,,,,,,
Date of version: 11/9/2022,,,,,,,,,,,,,
,,,,,,,,,,,,,
"Table 3.5. Sexual victimization in juvenile facilities, by type of incident and selected youth characteristics, 2018 ",,,,,,,,,,,,,
,,Percent of youth reporting—,,,,,,Standard error,,,,,
Selected youth characteristics,,Sexual victimization/a,,Youth-on-youth sexual victimization involving force or coercion/b,,Staff sexual misconduct,,Sexual victimization,,Youth-on-youth sexual victimization involving force or coercion,,Staff sexual misconduct,
Average age,,,,,,,,,,,,,
,Younger than 16*,3.6,%,0.8,%,2.9,%,0.72,%,0.26,%,0.65,%
,16–17,7.8, †,2.3, †,6.3, †,0.54,,0.27,,0.49,
,18 or older,7.4, †,1.3,,6.3, †,0.98,,0.55,,0.9,
Percent of youth reporting one or more disabilities/c,,,,,,,,,,,,,
,0%–50%*,5.9,%,1.6,%,5,%,0.39,%,0.23,%,0.35,%
,51%–100%,10.1, †,2.7, †,7.9, †,1.13,,0.38,,1.1,
Percent of youth reporting one or more mental health conditions/d,,,,,,,,,,,,,
,0%–75%*,6.3,%,1.2,%,5.7,%,0.53,%,0.29,%,0.53,%
,76%–100%,7.7,,2.5, †,5.9,,0.62,,0.31,,0.57,
Percent of youth reporting serious psychological distress/e,,,,,,,,,,,,,
,0%–25%*,5.8,%,1.5,%,5,%,0.49,%,0.26,%,0.46,%
,26–100%,9.1, †,2.6, †,7.1, †,0.76,,0.35,,0.7,
Note: See Terms and definitions for information about types of incidents.,,,,,,,,,,,,,
*Comparison group.,,,,,,,,,,,,,
†Difference with comparison group is significant at the 95% confidence level.,,,,,,,,,,,,,
a/Estimates may not sum to totals because youth could report both youth-on-youth sexual victimization involving force or coercion and staff sexual misconduct.,,,,,,,,,,,,,
"b/Excludes acts with no report of force or coercion. Called ""youth-on-youth"" in prior reports.",,,,,,,,,,,,,
"c/Includes serious difficulty concentrating, remembering, or making decisions due to a physical, mental, or emotional problem; deafness or serious difficulty hearing; blindness or serious difficulty seeing; serious difficulty walking or climbing stairs; and difficulty dressing or bathing.",,,,,,,,,,,,,
"d/Includes attention deficit/hyperactivity disorder (ADD/ADHD), dyslexia, learning disability, autism or Asperger's, depression, post-traumatic stress disorder (PTSD), another anxiety disorder, and other mental or emotional conditions.",,,,,,,,,,,,,
"e/Based on the Kessler-6 (K6) scale, a six-item scale designed to provide rapid assessment of the prevalence of serious psychological distress (SPD) in population surveys. The K6 has been recognized as a broad screener rather than a specific screener for any one mental disorder. Studies have shown that K6-scale outcomes are consistent with blinded clinical diagnoses of SPD in general-population samples. K6 scores from 0 to 7 indicate no mental health problem, scores from 8 to 12 indicate an anxiety disorder, and scores of 13 or higher indicate SPD.",,,,,,,,,,,,,
"Source: Bureau of Justice Statistics, National Survey of Youth in Custody, 2018.",,,,,,,,,,,,,
