﻿Bureau of Justice Statistics,,,,,,,,,,,,,
Filename: fcsvyjf18stt2.1.csv,,,,,,,,,,,,,
"Table 2.1. Sexual victimization in juvenile facilities, by type of incident and facility organizational structure, 2018 ",,,,,,,,,,,,,
"Report title: Facility Characteristics of Sexual Victimization of Youth in Juvenile Facilities, 2018 – Statistical Tables NCJ 305074",,,,,,,,,,,,,
"Data Source: Bureau of Justice Statistics, National Survey of Youth in Custody, 2018",,,,,,,,,,,,,
"Authors: Amy D. Lauger and Michael B. Field, BJS Statisticians",,,,,,,,,,,,,
Refer questions to: askbjs@usdoj.gov 202-307-0765,,,,,,,,,,,,,
Date of version: 11/9/2022,,,,,,,,,,,,,
,,,,,,,,,,,,,
"Table 2.1. Sexual victimization in juvenile facilities, by type of incident and facility organizational structure, 2018 ",,,,,,,,,,,,,
,,Percent of youth reporting—,,,,,,Standard error,,,,,
Facility organizational structure,,Sexual victimization/a,,Youth-on-youth sexual victimization involving force or coercion/b,,Staff sexual misconduct,,Sexual victimization,,Youth-on-youth sexual victimization involving force or coercion,,Staff sexual misconduct,
Primary function,,,,,,,,,,,,,
,Detention,7.3,%,1.5,%,6.5,%,0.94,%,0.51,%,0.83,%
,Training/long-term secure,7.8,,2.2,,6.2,,0.58,,0.23,,0.57,
,Community-based program,2.7,,0.2,,2.5,,1.13,,0.2,,1.1,
,Residential treatment*,5.5,,1.3,,4.7,,0.94,,0.55,,0.77,
,Camp/reception/other,10.5,,4.2,,8.1,,3.69,,2.53,,3.39,
Operating agency,,,,,,,,,,,,,
,State*,7.3,%,1.9,%,6,%,0.45,%,0.2,%,0.46,%
,Non-state/c,6.5,,2,,5.1,,0.78,,0.47,,0.67,
Percent of rated capacity/d,,,,,,,,,,,,,
,Less than 50%,9.3,%,2.9,%,7.9,%,1.68,%,0.85,%,1.63,%
,50% to less than 75%,5.6,,1.7,,4.4, †,0.78,,0.34,,0.73,
,75% to less than 100%,6.4,,1.6,,5.1,,0.6,,0.32,,0.55,
,100% or more*,7.7,,1.5,,6.7,,0.92,,0.29,,0.9,
Sex of youth housed,,,,,,,,,,,,,
,Males only*,7.5,%,1.4,%,6.6,%,0.51,%,0.21,%,0.49,%
,Females only,4.9,,3.3, †,2.6, †,1,,0.85,,0.72,
,Both males and females,6.3,,3.2, †,4, †,0.78,,0.55,,0.66,
Note: See Terms and definitions for information about types of incidents. Estimates exclude five facilities missing youth-specific data.,,,,,,,,,,,,,
*Comparison group.,,,,,,,,,,,,,
†Difference with comparison group is significant at the 95% confidence level.,,,,,,,,,,,,,
a/Estimates may not sum to totals because youth could report both youth-on-youth sexual victimization involving force or coercion and staff sexual misconduct.,,,,,,,,,,,,,
"b/Excludes acts with no report of force or coercion. Called ""youth-on-youth"" in prior reports.",,,,,,,,,,,,,
c/Refers to locally and privately operated juvenile facilities in states where a significant number of state-adjudicated youth were held in these facilities. Does not reflect local and contract facilities that hold state-adjudicated youth in other states. See Methodology.,,,,,,,,,,,,,
d/Calculated by dividing the sum of standard and makeshift beds assigned to youth by the facility's rated capacity (the maximum number of standard beds in the facility as set by a rating official). Estimates exclude an additional four facilities missing facility-specific data.,,,,,,,,,,,,,
"Source: Bureau of Justice Statistics, National Survey of Youth in Custody, 2018.",,,,,,,,,,,,,
