Bureau of Justice Statistics,,,,
Filename: cpp08at17.csv,,,,
"Appendix table 17. Standard errors for U.S. residents age 16 or older who experienced the use or threat of force by police at any time during the year, 2005 and 2008 ",,,,
"Report title: Contacts between Police and the Public, 2008  NCJ 234599",,,,
Data source: Police-Public Contact Survey,,,,
Author: Christine Eith and Matthew Durose,,,,
Refer questions to: askbjs@usdoj.gov (202) 307-0765,,,,
Date of version: 10/5/2011,,,,
,,,,
"Appendix table 17. Standard errors for U.S. residents age 16 or older who experienced the use or threat of force by police at any time during the year, 2005 and 2008 ",,,,
U.S residents age 16 or older ,2005,,2008,
Number of residents experiencing use/threat of force at any time during the year,"96,656",,"72,071",
Percent of residents who experienced use/threat of force by police among those who had police contact  ,0.2,%,0.2,%
