Bureau of Justice Statistics,,,
Filename: cpp08t24.csv,,,
"Table 24. Contacts with police in which force was used or threatened, by reason for contact, 2008",,,
"Report title: Contacts between Police and the Public, 2008  NCJ 234599",,,
Data source: Police-Public Contact Survey,,,
Author: Christine Eith and Matthew Durose,,,
Refer questions to: askbjs@usdoj.gov (202) 307-0765,,,
Date of version: 10/5/2011,,,
,,,
"Table 24. Contacts with police in which force was used or threatened, by reason for contact, 2008",,,
Reason for most recent contact,,Percent of residents who experienced use/threat of force by police among those who had police contact,
,Total,1.4,%
Traffic-related contacts,,,
,Driver during traffic stop,0.9,%
,Passenger during traffic stop,1.9, !
,Traffic accident,1, !
Other contacts,,,
,Resident reported crime/problem to police,0.6,%
,Police provided assistance or service,1.3, !
,Police investigated crime,5.5,
,Police suspected resident of wrongdoing,9.6,
,Other reason,1.9, !
Note: Table is based on the residents most recent contact with police in 2008. Data on use of force by police in 2008 were reported for 99.8% of police contact cases. See appendix table 24 for standard errors.,,,
"! Interpret data with caution; estimate based on 10 or fewer sample cases, or coefficient of variation is greater than 50%.",,,
