Bureau of Justice Statistics,,,,,,,
Filename: cpp08t03.csv,,,,,,,
"Table 3. Percent of U.S. residents age 16 or older who had contact with police, by reason for contact, 2002, 2005, and 2008",,,,,,,
"Report title: Contacts between Police and the Public, 2008  NCJ 234599",,,,,,,
Data source: Police-Public Contact Survey,,,,,,,
Author: Christine Eith and Matthew Durose,,,,,,,
Refer questions to: askbjs@usdoj.gov (202) 307-0765,,,,,,,
Date of version: 10/5/2011,,,,,,,
,,,,,,,
"Table 3. Percent of U.S. residents age 16 or older who had contact with police, by reason for contact, 2002, 2005, and 2008",,,,,,,
Reason for most recent contact,,2002,,2005,,2008,
,Total,21,%,19.1,%,16.9,%
Traffic-related contacts,,11.1,%,10.8,%,10,%
,Driver during traffic stop,7.8,,7.9,,7.5,
,Passenger during traffic stop,0.6,,0.5,,0.5,
,Traffic accident,2.7,,2.4,,2.1,
Other contacts,,9.9,%,8.3,%,6.9,%
,Resident reported crime/problem,5.5,,4.5,,3.5,
,Police provided assistance or service,1.5,,1.2,,1.1,
,Police investigating crime,1.2,,1.1,,1,
,Police suspected resident of wrongdoing,0.5,,0.5,,0.4,
,Other reason*,1.1,,1,,0.9,
Number of residents age 16 or older (in thousands),,"215,537",,"228,085",,"236,512",
"Note: Data are based on the resident�s most recent contact with police in 2002, 2005, and 2008. See appendix table 3 for standard errors. Detail may not sum to total because of rounding.",,,,,,,
*Includes a small percentage of cases in which the reason for contact was unknown.,,,,,,,
