Bureau of Justice Statistics,,,,,,,,,,,
Filename: cpp08at12.csv,,,,,,,,,,,
"Appendix table 12. Standard errors for enforcement actions taken by police during traffic stops, by reason for stop, 2008",,,,,,,,,,,
"Report title: Contacts between Police and the Public, 2008  NCJ 234599",,,,,,,,,,,
Data source: Police-Public Contact Survey,,,,,,,,,,,
Author: Christine Eith and Matthew Durose,,,,,,,,,,,
Refer questions to: askbjs@usdoj.gov (202) 307-0765,,,,,,,,,,,
Date of version: 10/5/2011,,,,,,,,,,,
 ,,,,,,,,,,,
"Appendix table 12. Standard errors for enforcement actions taken by police during traffic stops, by reason for stop, 2008",,,,,,,,,,,
,,Percent of drivers who were� ,,,,,,,,,
Reason for traffic stop,,Arrested,,Ticketed,,Issued a written warning ,,Given a verbal warning,,Allowed to proceed with no enforcement action,
,All reasons,0.3,%,1.2,%,0.8,%,0.6,%,0.8,%
Speeding,,0.3,%,1.4,%,1,%,0.9,%,0.5,%
Vehicle defect,,0.9,,2.6,,2.4,,1.8,,2,
Record check,,0.8,,3,,1.9,,1.4,,3.5,
Roadside sobriety check,,3.2,,4,,2.5,,1.7,,5.5,
Seatbelt violation,,1,,4,,2.8,,1.7,,2.5,
Illegal turn or lane change,,1.3,,3.5,,2.9,,1.7,,2.2,
Stop sign/light violation,,0.7,,3.1,,2.6,,1.6,,1.6,
Other reason,,1.4,,2.9,,2.2,,1.6,,2.5,
