Bureau of Justice Statistics,,,,,,,
Filename: cpp08t02.csv,,,,,,,
"Table 2. Reason for contact among U.S. residents age 16 or older who had contact with police, 2002, 2005, and 2008",,,,,,,
"Report title: Contacts between Police and the Public, 2008  NCJ 234599",,,,,,,
Data source: Police-Public Contact Survey,,,,,,,
Author: Christine Eith and Matthew Durose,,,,,,,
Refer questions to: askbjs@usdoj.gov (202) 307-0765,,,,,,,
Date of version: 10/5/2011,,,,,,,
,,,,,,,
"Table 2. Reason for contact among U.S. residents age 16 or older who had contact with police, 2002, 2005, and 2008",,,,,,,
Reason for most recent contact,,2002,,2005,,2008,
,Total,100,%,100,%,100,%
Traffic-related contacts,,52.8,%,56.4,%,59.2,%
,Driver during traffic stop,37.1,,41,,44.1,
,Passenger during traffic stop,2.7,,2.8,,2.9,
,Traffic accident,13,,12.5,,12.2,
Other contacts,,47.3,%,43.6,%,40.8,%
,Resident reported crime/problem to police,26.4,,23.7,,20.9,
    ,Police provided assistance or service,7.2,,6.2,,6.3,
,Police investigating crime,5.8,,5.6,,5.6,
,Police suspected resident of wrongdoing,2.6,,2.8,,2.5,
,Other reason*,5.3,,5.3,,5.5,
Number of residents with police contact (in thousands),,"45,279",,"43,658",,"40,015",
"Note: Data are based on the resident�s most recent contact with police in 2002, 2005, and 2008. See appendix table 2 for standard errors. Detail may not sum to total because of rounding.",,,,,,,
*Includes a small percentage of cases in which the reason for contact was unknown.,,,,,,,
