Bureau of Justice Statistics,,,,,
Filename: cpp08t17.csv,,,,,
"Table 17. U.S. residents age 16 or older who experienced the use or threat of force by police at any time during the year, 2005 and 2008 ",,,,,
"Report title: Contacts between Police and the Public, 2008  NCJ 234599",,,,,
Data source: Police-Public Contact Survey,,,,,
Author: Christine Eith and Matthew Durose,,,,,
Refer questions to: askbjs@usdoj.gov (202) 307-0765,,,,,
Date of version: 10/5/2011,,,,,
  ,,,,,
"Table 17. U.S. residents age 16 or older who experienced the use or threat of force by police at any time during the year, 2005 and 2008 ",,,,,
U.S residents age 16 or older ,,2005,,2008,
Number of residents (in thousands)�,,,,,
,Who had police contact ,"43,491",,"39,914",
,Experiencing use/threat of force at any time during the year,997,,776,
Percent of residents who experienced use/threat of force by police among those who had police contact ,,2.3,%,1.9,%
"Note: Data on residents who experienced the use/threat of force by police at any time during 2005 were reported for 99.6% of police contact cases and in 99.7% for 2008.  In the 2002 PPCS, data were not collected on the total number of residents who experienced the use/threat of force by police at any time during the year. Respondents were asked only about whether police used or threatened force during their most recent contact in 2002. See appendix table 17 for standard errors. ",,,,,
