Bureau of Justice Statistics,,,,,
Filename: cpp08t23.csv,,,,,
"Table 23. Reasons for contact with police in which force was used or threatened, 2008 ",,,,,
"Report title: Contacts between Police and the Public, 2008  NCJ 234599",,,,,
Data source: Police-Public Contact Survey,,,,,
Author: Christine Eith and Matthew Durose,,,,,
Refer questions to: askbjs@usdoj.gov (202) 307-0765,,,,,
Date of version: 10/5/2011,,,,,
,,,,,
"Table 23. Reasons for contact with police in which force was used or threatened, 2008 ",,,,,
Reason for most recent contact,,Residents who had contact with police ,,Contacts with police in which force was used or threatened�,
,Total,100,%,100,%
Traffic-related contacts,,59.2,%,40,%
,Driver during traffic stop,44.1,,27.9,
,Passenger during traffic stop,2.9,,3.7, !
,Traffic accident,12.2,,8.3, !
Other contacts,,40.8,%,60,%
,Person reported crime/problem to police,20.9,,9,
   ,Police provided assistance or service,6.3,,5.7, !
,Police investigating crime,5.6,,21.6,
,Police suspected resident of wrongdoing,2.5,,16.6,
,Other reason,5.5,,7.1, !
Number (in thousands),,"40,015",,574,
Note: Table is based on the residents most recent contact with police in 2008. Detail may not sum to total due to rounding. See appendix table 23 for standard errors.,,,,,
"! Interpret data with caution; estimate based on 10 or fewer sample cases, or coefficient of variation is greater than 50%. ",,,,,
