Bureau of Justice Statistics,,,
Filename: cpp08at19.csv,,,
"Appendix table 19. Standard errors for persons who felt the threat or use of force against them by police was excessive, by demographic characteristics, 2008",,,
"Report title: Contacts between Police and the Public, 2008  NCJ 234599",,,
Data source: Police-Public Contact Survey,,,
Author: Christine Eith and Matthew Durose,,,
Refer questions to: askbjs@usdoj.gov (202) 307-0765,,,
Date of version: 10/5/2011,,,
 ,,,
"Appendix table 19. Standard errors for persons who felt the threat or use of force against them by police was excessive, by demographic characteristics, 2008",,,
Demographic characteristic,,Percent who felt force was excessive,
,Total ,4.2,%
Sex,,,
,Male,5,%
,Female,7.4,
Race/Hispanic origin,,,
,White,5.5,%
,Black/African American,8.8,
,Hispanic/Latino,10.7,
Age,,,
,16�29,5.7,%
,30 or older,5.7,
