Bureau of Justice Statistics,,,,,,,
Filename: cpp08at15.csv,,,,,,,
"Appendix table 15. Standard errors for type of search conducted by police during traffic stop and the outcome, 2008",,,,,,,
"Report title: Contacts between Police and the Public, 2008  NCJ 234599",,,,,,,
Data source: Police-Public Contact Survey,,,,,,,
Author: Christine Eith and Matthew Durose,,,,,,,
Refer questions to: askbjs@usdoj.gov (202) 307-0765,,,,,,,
Date of version: 10/5/2011,,,,,,,
,,,,,,,
"Appendix table 15. Standard errors for type of search conducted by police during traffic stop and the outcome, 2008",,,,,,,
Characteristic of search,,Driver only,,Vehicle only,,Both driver and vehicle ,
Type of search,,,,,,,
,With consent,7.9,%,7.2,%,5.4,%
,Without consent,7.9,,7.2,,5.4,
Outcome of search,,,,,,,
,Criminal evidence found,2.2,%,1.8,%,3.6,%
,No criminal evidence found,2.3,,1.9,,3.8,
Driver�s perception of legitimacy,,,,,,,
,Search perceived as legitimate,8.3,%,6.1,%,4.5,%
,Search perceived as not legitimate,8.4,,6.2,,4.6,
