Bureau of Justice Statistics,
File name: cp15154sbf05.csv,
"Figure 5. Advance count of executions, January 1, 2016-December 31, 2016",
"Report title: Capital Punishment, 2014-2015 ",
"Data source: Bureau of Justice Statistics, National Prisoner Statistics Program (NPS-8),  2015.",
"Author: Tracy L. Snell, BJS Statistician",
Refer questions to: askbjs@usdoj.gov (202) 307-0765,
Date of version: 5/4/2017,
,
"Figure 5. Advance count of executions, January 1, 2016-December 31, 2016",
Jurisdiction,Number of executions
Missouri,1
Florida,1
Alabama,2
Texas,7
Georgia,9
Total,20
" Source: Bureau of Justice Statistics, National Prisoner Statistics Program (NPS-8),  2015.",
