Bureau of Justice Statistics,,,,,,,,,,,,
File name: cp15154sbf03.csv,,,,,,,,,,,,
"Figure 3. Status of the death penalty, 2014-2015",,,,,,,,,,,,
"Report title: Capital Punishment, 2014-2015 ",,,,,,,,,,,,
"Data source: Bureau of Justice Statistics, National Prisoner Statistics Program (NPS-8), 1930-2015.",,,,,,,,,,,,
"Author: Tracy L. Snell, BJS Statistician",,,,,,,,,,,,
Refer questions to: askbjs@usdoj.gov (202) 307-0765,,,,,,,,,,,,
Date of version: 5/4/2017,,,,,,,,,,,,
,,,,,,,,,,,,
"Figure 3. Status of the death penalty, 2014-2015",,,,,,,,,,,,
Executions,,,,,,Number of prisoners under sentence of death on 12/31,,,,,,
2014,,,2015,,,2014,,,2015,,,Jurisdictions without death penalty 2015
Missouri,10,,Texas,13,,California,740,,California,739,,Alaska
Texas,10,,Missouri,6,,Florida,394,,Florida,390,,District of Columbia
Florida,8,,Georgia,5,,Texas,271,,Texas,254,,Hawaii
Oklahoma,3,,Florida,2,,Alabama,193,,Alabama,187,,Illinois
Georgia,2,,Oklahoma,1,,Pennsylvania,186,,Pennsylvania,181,,Iowa
Ohio,1,,Virginia,1,,North Carolina,150,,North Carolina,147,,Maine
Arizona,1,,,,,Ohio,138,,Ohio,137,,Maryland
,,,,,,Arizona,117,,Arizona,119,,Massachusetts
,,,,,,Louisiana,85,,Louisiana,82,,Michigan
,,,,,,Nevada,80,,Nevada,82,,Minnesota
,,,,,,Georgia,79,,Georgia,71,,New Jersey
,,,,,,Tennessee,69,,Tennessee,67,,North Dakota
,,,,,,Federal Bureau of Prisons,58,,Federal Bureau of Prisons,59,,Rhode Island
,,,,,,Mississippi,47,,Mississippi,47,,Vermont
,,,,,,Oklahoma,47,,Oklahoma,47,,West Virginia
,,,,,,20 other jurisdictions/a,288,,19 other jurisdictions/b,272,,Wisconsin
,,,,,,,,,,,,
Total,35,,Total,28,,Total,"2,942",,Total,"2,881",,
,,,,,,,,,,,,
"a/New Mexico repealed the death penalty for offenses committed after July 1, 2009. Connecticut repealed the death penalty for offenses committed after April 25, 2012. Maryland repealed the death penalty effective October 1, 2013. As of December 31, 2014, 2 men in New Mexico, 11 men in Connecticut, and 4 men in Maryland were under previously imposed death sentences.",,,,,,,,,,,,
"b/In 2015, the governor of Maryland commuted the death sentences of the remaining four inmates under sentence of death. The Nebraska legislature passed a bill to repeal the death penalty, but an appeal successfully stayed enactment until the state could hold a referendum on the issue. As of December 31, 2015,  2 men in New Mexico, 11 men in Connecticut, and 10 men in Nebraska were under previously imposed death sentences.",,,,,,,,,,,,
"Source: Bureau of Justice Statistics, National Prisoner Statistics Program (NPS-8), 2014-2015.",,,,,,,,,,,,
