"Bureau of Justice Statistics",,,,,,,,,,,,,
"filename:  cv9895.csv",,,,,,,,,,,,,
"Table 95: Percent of victimizations reported to the police, by type of crime,",,,,,,,,,,,,,
"victim-offender relationship and ethnicity of victims",,,,,,,,,,,,,
"data source: National Criminal Victimization Survey, 1998    NCJ 181585",,,,,,,,,,,,,
"produced by:  Cathy Maston",,,,,,,,,,,,,
"authors:  Patsy Klaus and Cathy Maston",,,,,,,,,,,,,
"refer questions to:  askbjs@ojp.usdoj.gov     202-307-0765",,,,,,,,,,,,,
"date of version: 04/04/00",,,,,,,,,,,,,
,,,,,,,,,,,,,
,,,,,,,,,,,,,
"Table 95. Violent crimes, 1998:",,,,,,,,,,,,,
,,,,,,,,,,,,,
"Percent of victimizations reported to the police, by type of crime,",,,,,,,,,,,,,
"victim-offender relationship and ethnicity of victims",,,,,,,,,,,,,
"       ",,,,,,,,,,,,,
,,,,,,,,,,"                                                                           Percent of all victimizations reported to the police",,,
,,,,"              All victimizations",,,,"Involving strangers",,,,"Involving nonstrangers",
,,,,"Non-",,,,"Non-",,,,"Non-",
"Type of crime",,"Hispanic",,"Hispanic",,"Hispanic",,"Hispanic",,"Hispanic",,"Hispanic",
,,,,,,,,,,,,,
,,,,,,,,,,,,,
"Crimes of violence",,45.7,"%",45.7,"%",44.7,"%",45.2,"%",47.2,"%",46.2,"%"
,,,,,,,,,,,,,
"   Completed violence",,55.3,,60.4,,53.3,,66.6,,59.4,,56.3,
"   Attempted/threatened violence",,39.6,,39.1,,38.3,,37.4,,41.3,,40.7,
"   Rape/Sexual assault/a",,27.6,"*",31.2,,0.0,"*",44.8,,39.4,"*",25.9,
"   Robbery",,45.3,,65.4,,39.5,,65.3,,67.5,"*",65.5,
"      Completed/property taken",,58.2,,71.6,,53.9,,72.9,,71.1,"*",69.5,
"         With injury",,66.9,"*",86.5,,52.6,"*",86.7,,100.0,"*",86.0,
"         Without injury",,53.5,,66.3,,54.5,"*",67.4,,50.2,"*",64.4,
"      Attempted to take property",,17.3,"*",50.8,,13.4,"*",44.8,,49.4,"*",58.1,
"         With injury",,34.1,"*",77.6,,34.1,"*",73.7,"*",0.0,"*",82.1,"*"
"         Without injury",,13.4,"*",42.0,,7.9,"*",35.5,,49.4,"*",49.9,
"   Assault",,46.4,,44.1,,47.3,,42.1,,45.2,,45.8,
"      Aggravated",,60.4,,57.6,,58.9,,58.0,,65.7,"*",57.3,
"         With injury",,58.2,"*",68.2,,58.3,"*",75.8,,57.2,"*",62.3,
"         Threatened with weapon",,61.3,,52.4,,59.1,,50.9,,67.4,"*",54.3,
"      Simple",,42.0,,39.8,,41.6,,36.3,,42.3,,42.6,
"         With minor injury",,53.0,,57.5,,54.5,,55.2,,51.2,,58.5,
"         Without injury",,37.0,,34.8,,34.7,,32.9,,39.0,,36.7,
,,,,,,,,,,,,,
"Note: Excludes data on persons whose ethnicity was not ascertained.",,,,,,,,,,,,,
"* Estimate is based on about 10 or fewer sample cases.",,,,,,,,,,,,,
"a/Includes verbal threats of rape and threats of sexual assault.",,,,,,,,,,,,,
