Bureau of Justice Statistics,,,,,
File name: jagp16t04.csv,,,,,
"Table 4.  Prison Rape Elimination Act bonus fund allocations, FY 2016",,,,,
Report title:  Justice Assistance Grant (JAG) Program 2016 NCJ 250157,,,,,
Data source:  Uniform Crime Report,,,,,
"Author:  Alexia D. Cooper, Ph.D., BJS Statistician",,,,,
Refer questions to:  askbjs@usdoj.gov (202) 307-0765,,,,,
Date of version: 9/14/2016,,,,,
,,,,,
"Table 4.  Prison Rape Elimination Act bonus fund allocations, FY 2016",,,,,
,,Bonus award amount,,,
,Total,"$150,562 ",,,
Alabama,," 2,548 ",,,
Alaska,, 784 ,,,
American Samoa*,, 252 ,,,
Arizona,," 3,312 ",,,
California,," 17,134 ",,,
Colorado,," 2,403 ",,,
Connecticut,," 1,639 ",,,
Delaware,, 835 ,,,
District of Columbia*,, 966 ,,,
Florida,," 9,984 ",,,
Georgia,," 4,580 ",,,
Guam*,, 869 ,,,
Hawaii,, 909 ,,,
Illinois,," 5,863 ",,,
Indiana,," 3,043 ",,,
Iowa,," 1,486 ",,,
Kansas,," 1,539 ",,,
Kentucky,," 1,818 ",,,
Louisiana,," 2,650 ",,,
Maine,, 746 ,,,
Maryland,," 3,149 ",,,
Massachusetts,," 3,271 ",,,
Michigan,," 4,865 ",,,
Minnesota,," 2,208 ",,,
Mississippi,," 1,446 ",,,
Missouri,," 3,115 ",,,
Montana,, 757 ,,,
Nebraska,," 1,046 ",,,
Nevada,," 1,927 ",,,
New Hampshire,, 807 ,,,
New Jersey,," 3,611 ",,,
New Mexico,," 1,492 ",,,
New York,," 8,761 ",,,
North Carolina,," 4,315 ",,,
North Dakota,, 376 ,,,
Ohio,," 4,654 ",,,
Oklahoma,," 2,127 ",,,
Oregon,," 1,735 ",,,
Pennsylvania,," 5,394 ",,,
Puerto Rico*,," 1,608 ",,,
Rhode Island,, 737 ,,,
South Carolina,," 2,768 ",,,
South Dakota,, 376 ,,,
Tennessee,," 3,938 ",,,
Texas,," 12,048 ",,,
Vermont,, 376 ,,,
Virgin Islands*,, 376 ,,,
Virginia,," 3,005 ",,,
Washington,," 2,985 ",,,
West Virginia,," 1,075 ",,,
Wisconsin,," 2,477 ",,,
Wyoming,, 376 ,,,
Note: Detail may not sum to total due to rounding.,,,,,
*U.S. territory or the District of Columbia.,,,,,
"Source: Bureau of Justice Statistics, based on data from Justice Assistance Grant awards, 2016.",,,,,
