Bureau of Justice Statistics,,
File name: jagp16t03.csv,,
"Table 3.  Sex Offender Registration and Notification Act bonus fund allocations, FY 2016",,
Report title:  Justice Assistance Grant (JAG) Program 2016 NCJ 250157,,
Data source:  Uniform Crime Report,,
"Author:  Alexia D. Cooper, Ph.D., BJS Statistician",,
Refer questions to:  askbjs@usdoj.gov (202) 307-0765,,
Date of version: 9/14/2016,,
,,
"Table 3.  Sex Offender Registration and Notification Act bonus fund allocations, FY 2016",,
,,Bonus award amount
,Total,"$1,038,781 "
Alabama,," 49,020 "
Colorado,," 45,927 "
Delaware,," 12,548 "
Florida,," 203,389 "
Guam*,," 2,597 "
Kansas,," 27,700 "
Louisiana,," 51,724 "
Maryland,," 62,862 "
Michigan,," 99,109 "
Mississippi,," 25,804 "
Missouri,," 61,384 "
Nevada,," 34,416 "
Northern Mariana Islands*,, 857 
Ohio,," 96,166 "
Pennsylvania,," 113,613 "
South Carolina,," 54,911 "
South Dakota,," 9,418 "
Tennessee,," 78,021 "
Virgin Islands*,," 2,597 "
Wyoming,," 6,719 "
Note: Detail may not sum to total due to rounding.,,
*U.S. territory.,,
"Source: Bureau of Justice Statistics, based on data from Justice Assistance Grant awards, 2015.",,
