Bureau of Justice Statistics,,,,
filename:  cv0424.csv,,,,
Table 24. Victimization rates by type of crime and number of persons in household,,,,
"data source: National Criminal Victimization Survey, 2004  NCJ 213257",,,,
produced by:  Cathy Maston ,,,,
authors:  Patsy Klaus and Cathy Maston,,,,
refer questions to: askbjs@usdoj.gov  202-307-0765,,,,
data of version:  05/01/06,,,,

"Table 24. Property crimes, 2004: Victimization rates by type of crime and number of persons in household",,,,
                                                                                           ,"Rate per 1,000 households",,,
Type of crime,One,Two-three,Four-five,Six or more
Property crimes,99.4,150.5,249,340.3
Household burglary,25.9,27.3,37.5,51.7
Completed,22,22.5,33.7,43.3
Forcible entry,9.7,8.4,10.5,17.2
Unlawful entry without force,12.3,14.1,23.1,26.1,
Attempted forcible entry,3.9,4.8,3.8,8.4,*
Motor vehicle theft,6.7,7.8,13.3,15.2,
Completed,5.1,6.1,9.8,13.1,
Attempted,1.6,1.7,3.5,2.1,*
Theft ,66.8,115.4,198.2,273.4,
Completed,63.6,110.4,189.4,262.2,
Less than $50,21.4,33.7,55.5,68.9,
$50 - $249,21,37.8,70.2,118.8,
$250 or more,14.7,28.3,41.7,61.3,
Amount not available,6.6,10.6,22.1,13.3,
Attempted,3.2,5,8.8,11.2,
Total number of households,"31,583,210","58,709,250","21,832,820","3,650,290",
Note: Detail may not add to total shown because of rounding.,,,,,
Excludes data on households where the number of persons was not ascertained.,,,,,
*Estimate is based on about 10 or fewer sample cases.,,,,,
