Bureau of Justice Statistics,,,,,
filename:  cv0401.csv,,,,,
"Table 1: Number, percent distribution, and rate of victimizations, by type of crime",,,,,
"data source: National Criminal Victimization Survey, 2004  NCJ 213257",,,,,
produced by:  Cathy Maston ,,,,,
authors:  Patsy Klaus and Cathy Maston,,,,,
refer questions to: askbjs@usdoj.gov  202-307-0765,,,,,
data of version:  05/01/06,,,,,

"Table 1. Personal and property crimes, 2004:  Number, percent distribution, and rate of victimizations, by type of crime",,,,,
Type of crime,Number of victimizations,,Percent of all victimizations,,"Rate per 1,000 persons or households"
All crimes,"24,061,140",,100,%,         ...
Personal crimes,"5,406,740",,22.5,%,22.4
Crimes of violence,"5,182,670",,21.5,,21.4
Completed violence,"1,737,000",,7.2,,7.2
Attempted/threatened violence,"3,445,670",,14.3,,14.3
Rape/Sexual assault,"209,880",,0.9,,0.9
Rape/Attempted rape,"101,000",,0.4,,0.4
Rape,"58,780",,0.2,,0.2
Attempted rape/a,"42,220",,0.2,,0.2
Sexual assault/b,"108,880",,0.5,,0.5
Robbery,"501,820",,2.1,,2.1
Completed/property taken,"299,240",,1.2,,1.2
With injury,"110,200",,0.5,,0.5
Without injury,"189,040",,0.8,,0.8
Attempted to take property,"202,580",,0.8,,0.8
With injury,"70,650",,0.3,,0.3
Without injury,"131,940",,0.5,,0.5
Assault,"4,470,960",,18.6,,18.5
Aggravated,"1,030,080",,4.3,,4.3
With injury,"377,840",,1.6,,1.6
Threatened with weapon,"652,240",,2.7,,2.7
Simple,"3,440,880",,14.3,,14.2,
With minor injury,"898,120",,3.7,,3.7,
Without injury,"2,542,760",,10.6,,10.5,
Purse snatching/Pocket picking,"224,070",,0.9,,0.9,
Completed purse snatching,"27,980",*,0.1,*,0.1,*
Attempted purse snatching,"14,840",*,0.1,*,0.1,*
Pocket picking,"181,250",,0.8,,0.7,
Total population age 12 and over,"241,703,710",,...,,...,
Property crimes,"18,654,400",,77.5,%,161.1,
Household burglary,"3,427,690",,14.2,,29.6,
Completed,"2,909,160",,12.1,,25.1,
Forcible entry,"1,095,560",,4.6,,9.5,
Unlawful entry without force,"1,813,600",,7.5,,15.7,
Attempted forcible entry,"518,530",,2.2,,4.5,
Motor vehicle theft,"1,014,770",,4.2,,8.8,
Completed,"779,220",,3.2,,6.7,
Attempted,"235,560",,1,,2
Theft,"14,211,940",,59.1,,122.8
Completed,"13,583,940",,56.5,,117.3
Less than $50,"4,114,020",,17.1,,35.5
$50 - $249,"4,846,570",,20.1,,41.9
$250 or more,"3,259,970",,13.5,,28.2
Amount not available,"1,363,380",,5.7,,11.8
Attempted,"628,000",,2.6,,5.4
Total number of households,"115,775,570",,           ...,,           ...
Note: Detail may not add to total shown because of rounding.,,,,,
*Estimate is based on about 10 or fewer sample cases.,,,,,
Percent distribution is based on unrounded figures.,,,,,
...Not applicable.,,,,,
a/Includes verbal threats of rape.,,,,,
b/Includes threats.,,,,,
