Bureau of Justice Statistics,,,,,,,,,,,,
filename:  cv0420.csv,,,,,,,,,,,,
Table 20. Victimization rates by type of crime and annual family income,,,,,,,,,,,,
"data source: National Criminal Victimization Survey, 2004  NCJ 213257",,,,,,,,,,,,
produced by:  Cathy Maston ,,,,,,,,,,,,
authors:  Patsy Klaus and Cathy Maston,,,,,,,,,,,,
refer questions to: askbjs@usdoj.gov  202-307-0765,,,,,,,,,,,,
data of version:  05/01/06,,,,,,,,,,,,

"Table 20. Property crimes, 2004:  Victimization rates by type of crime and annual family income",,,,,,,,,,,,
,,,,,,"Rate per 1,000 households",,,,,,
Type of crime,"Less than $7,500",,"$7,500-$14,999",,"$15,000-$24,999",,"$25,000-$34,999",," $35,000-$49,999",,"$50,000-$74,999","$75,000 or more"
Property crimes,197.1,,181.5,,167.8,,169.3,,176.2,,167,176.5
Household burglary,59.3,,38.5,,40.1,,27.6,,33.4,,21.8,23.9
Completed,46.3,,30.7,,36,,22.8,,28.4,,18.8,21.4
Forcible entry,13.4,,12.9,,13.7,,11.9,,10.6,,5.8,7.7
Unlawful entry without force,32.8,,17.7,,22.3,,10.9,,17.8,,12.9,13.6
Attempted forcible entry,13,,7.8,,4.1,,4.9,,5,,3,2.5
Motor vehicle theft,4.9,*,9.7,,8.7,,11.1,,9.3,,9,7.4
Completed,3.9,*,7.5,,7.1,,9,,7.5,,6.7,5.3
Attempted,1,*,2.3,*,1.6,*,2.1,*,1.7,*,2.3,2.1
Theft ,132.8,,133.3,,119,,130.6,,133.6,,136.2,145.1
Completed,129.6,,128,,112.6,,122.3,,128,,129.8,139.4
Less than $50,40,,43,,32,,40.8,,37.7,,45.7,39.1
$50 - $249,46.6,,45,,41.4,,40.4,,49.7,,39.8,50.6
$250 or more,31.1,,26.7,,28.7,,30.6,,29.3,,29.8,34.1
Amount not available,11.9,,13.3,,10.5,,10.5,,11.3,,14.4,15.6
Attempted,3.3,*,5.3,,6.4,,8.3,,5.6,,6.4,5.7
Total number of households,"5,414,760",,"8,863,500",,"12,328,610",,"11,583,370",,"14,138,170",,"15,228,470","20,340,650"
Note: Detail may not add to total shown because of rounding.,,,,,,,,,,,,
*Estimate is based on about 10 or fewer sample cases.,,,,,,,,,,,,
Excludes data on families whose income level was not ascertained.,,,,,,,,,,,,
