Bureau of Justice Statistics,,,,,,,,,,,,,,,
filename:  cv0409.csv,,,,,,,,,,,,,,,
"Table 9. Victimization rates for persons age 12 and over, by race and age of victims and type of crime",,,,,,,,,,,,,,,
"data source: National Criminal Victimization Survey, 2004  NCJ 213257",,,,,,,,,,,,,,,
produced by:  Cathy Maston ,,,,,,,,,,,,,,,
authors:  Patsy Klaus and Cathy Maston,,,,,,,,,,,,,,,
refer questions to: askbjs@usdoj.gov  202-307-0765,,,,,,,,,,,,,,,
data of version:  05/01/06,,,,,,,,,,,,,,,

"Table 9. Personal crimes, 2004:  Victimization rates for persons age 12 and over, by race and age of victims and type of crime",,,,,,,,,,,,,,,
,,"Rate per 1,000 persons in each age group",,,,,,,,,,,,,
,,,,,,,,,,Robbery,,,,,
Race and age,Total population,Crimes of violence,,Completed violence,,Attempted/threatened violence,,Rape/Sexual assault/a,,Total,,With Injury,,Without Injury,
White only,,,,,,,,,,,,,,,
 12-15,"13,089,280",49,,18.5,,30.5,,1.6,*,3.4,,1,*,2.4,*
16-19,"12,771,750",43.2,,14.6,,28.6,,3.2,,3.4,,1.2,*,2.3,*
20-24,"16,246,310",41.2,,14.6,,26.7,,2.5,,2.8,,1.6,*,1.2,*
25-34,"31,317,410",24.6,,7.3,,17.3,,0.5,*,2,,0.6,*,1.4,
35-49,"53,742,880",18.6,,5.9,,12.7,,0.6,*,2.1,,0.9,,1.2,
50-64,"41,121,750",11.4,,3.1,,8.3,,0.1,*,1,,0.4,*,0.6,*
65 and over,"30,384,440",2.1,,0.2,*,1.9,,0.1,*,0.3,*,0.1,*,0.2,*
Black only,,,,,,,,,,,,,,,
 12-15,"2,768,280",61.8,,24.1,,37.7,,5.1,*,5.5,*,4.1,*,1.4,*
16-19,"2,427,520",61,,25.6,,35.4,,0,*,11.4,*,3.5,*,8,*
20-24,"2,684,750",61.4,,32.5,,29,,3.8,*,5.4,*,1.8,*,3.6,*
25-34,"5,232,760",21.9,,9.7,,12.2,,1.9,*,4.4,*,0.6,*,3.8,*
35-49,"8,023,500",13.1,,4.5,,8.6,,0.7,*,2.2,*,0.5,*,1.8,*
50-64,"5,011,570",9.2,,3.6,*,5.6,*,1.8,*,1.7,*,0.8,*,0.9,*
65 and over,"2,882,260",2,*,0,*,2,*,0,*,0,*,0,*,0,*
,"Rate per 1,000 persons in each age group",,,,,,,,,,,,,,
,           Assault,,,,,,,,,,,,,,
Race and age,Total,,Aggravated,,Simple,,Purse snatching/Pocket picking,,,,,,,,
White only,,,,,,,,
 12-15,44,,5.5,,38.5,,1.9,*
16-19,36.6,,11.1,,25.5,,2.9,
20-24,35.9,,8.6,,27.3,,0.5,*
25-34,22.1,,5,,17.1,,0.7,*
35-49,15.9,,3.8,,12.1,,0.6,*
50-64,10.3,,1.9,,8.4,,0.2,*
65 and over,1.8,,0.3,*,1.5,,0.9,*
Black only,,,,,,,,
 12-15,51.2,,11,*,40.2,,2.8,*
16-19,49.6,,15.1,,34.4,,3.8,*
20-24,52.3,,13.9,,38.3,,2.2,*
25-34,15.7,,4.9,*,10.7,,0,*
35-49,10.2,,6.1,,4.1,,1.4,*
50-64,5.6,*,2,*,3.6,*,2,*
65 and over,2,*,2,*,0,*,0,*
Note: Detail may not add to total shown because of rounding.
"Excludes data on persons of ""Other"" races and persons indicating two or more races."
*Estimate is based on about 10 or fewer sample cases.
a/Includes verbal threats of rape and threats of sexual assault.
