Bureau of Justice Statistics,,,,,,,,
filename:  cv0407.csv,,,,,,,,
"Table 7. Number of victimizations and victimization rates for persons age 12 and over, by type of crime and ethnicity of victims",,,,,,,,
"data source: National Criminal Victimization Survey, 2004  NCJ 213257",,,,,,,,
produced by:  Cathy Maston ,,,,,,,,
authors:  Patsy Klaus and Cathy Maston,,,,,,,,
refer questions to: askbjs@usdoj.gov  202-307-0765,,,,,,,,
data of version:  05/01/06,,,,,,,,

"Table 7. Personal crimes, 2004: Number of victimizations and victimization rates for persons age 12 and over, by type of crime and ethnicity of victims",,,,,,,,
,"              Rate per 1,000 persons age 12 and over",,,,,,,
,               Total/a,,Hispanic,,,,Non-Hispanic,
Type of crime,Number,Rate,Number,,Rate,,Number,Rate
All personal crimes,"5,406,740",22.4,"584,710",,18.9,,"4,796,800",22.9
Crimes of violence,"5,182,670",21.4,"563,250",,18.2,,"4,594,190",21.9
Completed violence,"1,737,000",7.2,"196,900",,6.4,,"1,532,730",7.3
Attempted/threatened violence,"3,445,670",14.3,"366,350",,11.9,,"3,061,460",14.6
Rape/Sexual assault,"209,880",0.9,"18,880",*,0.6,*,"191,000",0.9
Rape/Attempted rape,"101,000",0.4,"11,390",*,0.4,*,"89,610",0.4
Rape,"58,780",0.2,"6,240",*,0.2,*,"52,540",0.3
Attempted rape/b,"42,220",0.2,"5,160",*,0.2,*,"37,060",0.2
Sexual assault/c,"108,880",0.5,"7,490",*,0.2,*,"101,390",0.5
Robbery,"501,820",2.1,"85,350",,2.8,,"412,810",2
Completed/property taken,"299,240",1.2,"45,430",,1.5,,"250,150",1.2
With injury,"110,200",0.5,"20,790",*,0.7,*,"85,750",0.4
Without injury,"189,040",0.8,"24,640",*,0.8,*,"164,390",0.8
Attempted to take property,"202,580",0.8,"39,920",,1.3,,"162,670",0.8
With injury,"70,650",0.3,"10,470",*,0.3,*,"60,180",0.3
Without injury,"131,940",0.5,"29,450",*,1,*,"102,490",0.5
Assault,"4,470,960",18.5,"459,020",,14.9,,"3,990,370",19.1
Aggravated,"1,030,080",4.3,"97,850",,3.2,,"925,050",4.4
With injury,"377,840",1.6,"29,080",*,0.9,*,"345,060",1.6
Threatened with weapon,"652,240",2.7,"68,760",,2.2,,"580,000",2.8
Simple,"3,440,880",14.2,"361,170",,11.7,,"3,065,320",14.6
With minor injury,"898,120",3.7,"108,660",,3.5,,"789,460",3.8
Without injury,"2,542,760",10.5,"252,510",,8.2,,"2,275,860",10.9
Purse snatching/Pocket picking,"224,070",0.9,"21,460",*,0.7,*,"202,610",1
Population age 12 and over,"241,703,710",...,"30,878,140",,...,,"209,415,300",...
Note: Detail may not add to total shown because of rounding.,,,,,,,,
*Estimate is based on about 10 or fewer sample cases.,,,,,,,,
...Not applicable.,,,,,,,,
"a/Includes data on persons whose ethnicity was not ascertained, which are not shown separately.",,,,,,,,
b/Includes verbal threats of rape.,,,,,,,,
c/Includes threats.,,,,,,,,




















































q
