Bureau of Justice Statistics,,,,,,,,,,,,,
filename:  cv0413.csv,,,,,,,,,,,,,
"Table 13. Victimization rates for persons age 12 and over, by gender of head of household, relationship of victims to head and type of crime",,,,,,,,,,,,,
"data source: National Criminal Victimization Survey, 2004  NCJ 213257",,,,,,,,,,,,,
produced by:  Cathy Maston ,,,,,,,,,,,,,
authors:  Patsy Klaus and Cathy Maston,,,,,,,,,,,,,
refer questions to: askbjs@usdoj.gov  202-307-0765,,,,,,,,,,,,,
data of version:  05/01/06,,,,,,,,,,,,,

"Table 13. Personal crimes, 2004:  Victimization rates for persons age 12 and over, by gender of head of household, relationship of victims to head and type of crime",,,,,,,,,,,,,
,,"Rate per 1,000 persons age 12 and over",,,,,,,,,,,
,,,,,,,,Robbery,,,,,
Gender of head of household and relationship of victim to head,Total population,Crimes of violence,Completed violence,,Attempted/threatened violence,Rape/Sexual assault/a,,Total,,With injury,,Without injury,
Households headed by males,,,,,,,,,,,,,
All male heads,"64,852,420",17.9,4.6,,13.3,0,*,2.3,,0.7,,1.6,
Male heads living alone,"15,858,090",26.2,7.7,,18.5,0,*,2.7,,1.1,*,1.7,*
Male heads living with others,"48,994,330",15.2,3.6,,11.6,0,*,2.2,,0.6,*,1.6,
Wives,"36,764,950",7.4,1.6,,5.8,0.2,*,0.5,*,0,*,0.5,*
Own children under age 18,"11,656,740",36.3,13.4,,22.9,2.4,*,2.4,*,1.2,*,1.2,*
Own children age 18 and over,"8,970,800",42.2,15.7,,26.5,3.6,*,2.1,*,0.9,*,1.2,*
Other relatives,"5,295,770",18.4,8.8,,9.6,1.7,*,3.3,*,2.6,*,0.7,*
Nonrelatives,"7,453,530",34.7,15,,19.7,1.3,*,4.8,,1.8,*,3,*
Households headed by females,,,,,,,,,,,,,
All female heads,"55,839,520",19,7.7,,11.2,1.3,,1.9,,0.8,,1.1,
Female heads living alone,"18,895,470",17.5,7.7,,9.8,1.4,*,2.5,,1.3,*,1.2,*
Female heads living with others,"36,944,050",19.7,7.8,,11.9,1.3,,1.7,,0.5,*,1.1,
Husbands,"17,811,520",8.4,1.4,*,7,0,*,0.8,*,0.2,*,0.7,*
Own children under age 18,"11,493,610",55.2,18.4,,36.8,1.6,*,5,,1.5,*,3.5,
Own children age 18 and over,"9,653,670",42.4,13.6,,28.8,2.2,*,3.6,,0.8,*,2.8,*
Other relatives,"5,723,910",23.4,12.1,,11.3,0.5,*,1.4,*,0.7,*,0.7,*
Nonrelatives,"6,187,270",33.6,8.7,,24.9,1.1,*,1.4,*,1.4,*,0,*
,"Rate per 1,000 persons age 12 and over",,,,,,,,,,,,
,Assault,,,,,
Gender of head of household and relationship of victim to head,Total,Aggravated,,Simple,Purse snatching/Pocket picking,
Households headed by males,,,,,,
All male heads,15.5,4,,11.5,0.5,
Male heads living alone,23.5,6.4,,17.1,1.2,*
Male heads living with others,13,3.2,,9.7,0.3,*
Wives,6.7,1.1,,5.6,0.9,
Own children under age 18,31.5,5,,26.5,1.4,*
Own children age 18 and over,36.5,10.8,,25.7,0.4,*
Other relatives,13.4,5.1,*,8.3,1.5,*
Nonrelatives,28.5,5.8,,22.7,0.5,*
Households headed by females,,,,,,
All female heads,15.7,3.2,,12.5,1,
Female heads living alone,13.6,2.5,,11.2,1.1,*
Female heads living with others,16.8,3.6,,13.1,1,
Husbands,7.5,2.2,,5.3,0.2,*
Own children under age 18,48.6,8.5,,40.1,2.4,*
Own children age 18 and over,36.6,8.4,,28.2,1.6,*
Other relatives,21.5,8,,13.5,0.6,*
Nonrelatives,31.1,9.6,,21.5,2.9,*
Note: Detail may not add to total shown because of rounding.,,,,,,
*Estimate is based on about 10 or fewer sample cases.,,,,,,
a/Includes verbal threats of rape and threats of sexual assault.,,,,,,
