Bureau of Justice Statistics,,,,,,,,
Filename: fjs05t03.csv,,,,,,,,
"Table 3. Suspects in matters concluded by U.S. attorneys, by offense type, 2005 and 1995",,,,,,,,
"Report Title: Federal Justice Statistics, 2005 NCJ 220383",,,,,,,,
Data Source: Federal Justice Statistics Program,,,,,,,,
Refer questions to: askbjs@usdoj.gov or ( 202) 307-0765,,,,,,,,
Author: Mark Motivans,,,,,,,,
Date of version: 9/5/08,,,,,,,,

"Table 3. Suspects in matters concluded by U.S. attorneys, by offense type, 2005 and 1995",,,,,,,,


,2005,,,1995,,,,
Lead charge,Number,Percent,,Number,Percent,,Average annual growth rate*,
Total,"143,640",100,%,"102,309",100,%,3.6,%
Violent,"5,485",3.8,%,"5,399",5.3,%,0.6,%
Property,"25,570",17.9,,"33,888",33.4,,-2.7
  Fraud,"23,052",16.1,,"29,861",29.4,,-2.4
  Other,"2,518",1.8,,"4,027",4,,-4.4
Drug,"40,038",28,,"31,261",30.8,,2.6
Public order,"21,583",15.1,,"18,469",18.2,,1.7
  Regulatory,"5,037",3.5,,"5,264",5.2,,-0.2
  Other,"16,546",11.6,,"13,205",13,,2.5
Weapons,"13,689",9.6,,"5,732",5.7,,10.1
Immigration,"36,559",25.6,,"6,660",6.6,,21
*Calculated using each fiscal year count from 1995 to 2005.,,,,,,,
"Source:  Executive Office for U.S.  Attorneys, National LIONS database,  fiscal year",,,,,,,
