Bureau of Justice Statistics,,,,,,,,
Filename: fjs05t10.csv,,,,,,,,
"Table 10.  Felony defendants convicted in state and federal courts, 2004, 2000, and 1996",,,,,,,,
"Report Title: Federal Justice Statistics, 2005 NCJ 220383",,,,,,,,
Data Source: Federal Justice Statistics Program,,,,,,,,
Refer questions to: askbjs@usdoj.gov or (202) 307-0765,,,,,,,,
Author: Mark Motivans,,,,,,,,
Date of version: 9/5/08,,,,,,,,

"Table 10.  Felony defendants convicted in state and federal courts, 2004, 2000, and 1996",,,,,,,,


,2004,,2000,,1996,,"Average annual growth rate, 1996-2004*",
Total felony convictions,"1,145,467",,"983,938",,"1,040,986",,5.5,%
  Federal ,5.8,%,6,%,4.1,%,25,
  State,94.2,,94,,95.9,,4.7,
Total sentenced to prison,"799,093",,"676,388",,"718,397",,6.1,%
  Federal ,7.1,%,7.3,%,4.8,%,29,
  State,92.9,,92.7,,95.2,,5,
Mean prison sentence in months,,,,,,,,
  Federal ,61,mos,58,mos,64,mos,,
  State,37,mos,36,mos,38,mos,,
"*Calculated using annual data, 1996. 2000, and 2004.",,,,,,,,
"Source:  Administrative Office of the U.S. Courts, criminal master file, fiscal year (federal); National Judicial Reporting Program (state).",,,,,,,,
