Bureau of Justice Statistics,,,,,,,,
Filename: fjs05t11.csv,,,,,,,,
"Table 11. Percent of criminal appeals filed in U.S. district court, 2005 and 1995",,,,,,,,
"Report Title: Federal Criminal Justice Statistics, 2005 NCJ 220383",,,,,,,,
Data Source: Federal Justice Statistics Program,,,,,,,,
Refer questions to: askbjs@usdoj.gov or (202) 307-0765,,,,,,,,
Author: Mark Motivans,,,,,,,,
Date of version: 9/30/08,,,,,,,,

"Table 11. Percent of criminal appeals filed in U.S. district court, 2005 and 1995",,,,,,,,

,Percent of appeals,,,,Average annual growth rate*,,Appeals per 100 felony convictions,
,2005,,1995,,,,2005,1995
All offenses,"14,644",,"10,162",,4.1,%,20,26
Violent,5.2,%,7.6,%,1.5,,28,28
Property,14.7,,19.3,,2.3,,19,16
Drug,40.5,,49.1,,3.2,,22,29
Public order,7.2,,9.7,,2.1,,18,26
Weapons,15.7,,11.3,,9.4,,25,33
Immigration,16.6,,3,,25.3,,14,9
Southwest U.S. border district,,,,,,,,
   Yes,19.2,%,10.1,%,11.2,%,13,16
   No,80.8,,89.9,,3,,24,19
District size,,,,,,,,
   Small,6.8,%,6.8,%,3.3,%,24,29
   Medium,41.6,,55.5,,3.9,,20,25
   Large,51.6,,37.7,,4.5,,20,28
"*Calculated using each annual count from 1995 to 2005. District size is fixed by average U.S. resident population from 1995 to 2005 for computing the average growth rate by district size: 19 large districts (each with an average population of over 5 million residents), 58 medium districts (average population size of 1 to 5 million residents), and 16 small districts (average population of under 1 million residents)",,,,,,,,
"Source:  Administrative Office of the U.S. Courts, U.S. Court of Appeals data file and criminal master file, fiscal year.",,,,,,,,
