Bureau of Justice Statistics,,
Filename: ssvjcf0712stt18.csv,,
"Table 18. Local juvenile correctional authorities with no allegations of sexual victimization, 2007",,
"Report title: Survey of Sexual Violence in Juvenile Correctional Facilities, 2007-12- Statistical Tables  NCJ249143",,
"Data source: Bureau of Justice Statistics, Survey of Sexual Violence, 2007.",,
"Author:  Allen J. Beck and Ramona Rantala, BJS Statisticians",,
Refer questions to: askbjs@usdoj.gov   202-307-0765,,
Date of version: 1/28/2016,,
,,
"Table 18. Local juvenile correctional authorities with no allegations of sexual victimization, 2007",,
Jurisdiction and facility,Youth held on 12/31/2007,
,Total,"9,270"
Alabama,,
,Jefferson Co. Youth Det. Ctr.,40
,"Montgomery Co. Youth Facilitya,b",39
Arizona,,
,Gila Co. Juv. Det. Home,19
,"Maricopa Co. Juv. Court Ctr., Mesa",101
,"Maricopa Co. Juv. Court Ctr., Phoenix",207
,Pima Co. Juv. Det. Ctr.c,91
,Pinal Co. Juv. Det. Ctr.,37
Arkansas,,
,Pulaski Co. Juv. Det. Ctr.c,30
,"Regional Juv. Ctr., Northwest Arkansas",18
California,,
,Alameda Co. Juv. Hall,243
,Butte Co. Juv. Hall,46
,Camp Erwin Owen,115
,Camp Francis Scobeec,51
,Camp Fred Miller,97
,"Camp Judith Resnikc,d",99
,Camp Michael Smith,98
,Camp Wilmont Sweeneyc,71
,Central Valley Juv. Det. & Assessment Ctr.,178
,"Contra Costa Co. Juv. Hall, Martinez",186
,"Del Norte Co. Juv. Det. Hallc,d",16
,El Dorado Co. Juv. Hall,28
,Fouts Springs Youth Facility,53
,Hillcrest Juv. Hall,162
,Imperial Co. Juv. Hall,40
,"James G. Bowles Juv. Hallc,d",158
,"Juv. Hall, Santa Rosa",86
,Kings Co. Juv. Ctr.,96
,Merced Co. Juv. Justice Corr. Complex,75
,"Muriel Wright Ranchc,d",36
,Orange Co. Juv. Hall,480
,"Regional Youth Educational Facilityc,d",33
,Riverside Juv. Hall,157
,San Benito Co. Juv. Halle,9
,San Luis Obispo Co. Juv. Hall,34
,"Santa Clara Co. Juv. Hallc,d",274
,Santa Maria Juv. Hallc,83
,Solano Co. Juv. Hall,74
,Southwest Juv. Hallc,71
,Tulare Co. Probation Youth Facility,37
,West Valley Juv. Det. & Assessment,120
,Yolo Co. Juv. Hall,80
,"Youth Guidance Ctr., Santa Ana",127
,Youth Leadership Academy,91
Colorado,,
,Jefferson Co. Juv. Res. Work Crewd,12
Idaho,,
,Bannock Co. Juv. Det. Ctr.,9
,Southwest Idaho Juv. Det. Ctr.c,50
Illiinois,,
,Cook Co. Juv. Temporary Det. Ctr.,357
,Hulse Det. Ctr.,21
,Kane Co. Juv. Justice Ctr.,41
,Peoria Co. Juv. Det. Ctr.,50
Indiana,,
,Johnson Co. Juv. Det. Ctr.,33
,Lake Co. Juv. Justice Complex,60
,Madison Co. Juv. Det. Ctr.,22
,Marion Co. Juv. Justice Complex,88
,Thomas N. Frederick Juv. Justice Ctr.,71
Iowa,,
,Linn Co. Juv. Det. Ctr.c,13
,Polk Co. Juv. Det. Ctr.,23
Kansas,,
,Leavenworth Co. Dept. of Juv. Svs.f,6
Louisiana,,
,Lafayette Juv. Det. Home,17
,Terrebonne Parish Juv. Det. Ctr.,45
,Ware Youth Ctr.,33
Michigan,,
,"Det. Unit, Adrian",12
,"Kalamazoo Co. Juv. Homec,d",37
,Oakland Co. Children�s Village,194
,"St. Clair Co. Juv. Ctr.c,d",48
,"Wayne Co. Juv. Det. Facilityc,d",119
Minnesota,,
,Anoka Co. Juv. Ctr.,52
,"Hennepin Co. Home Schoolc,d",100
,"Hennepin Co. Juv. Det. Ctr.c,d",75
,Prairie Lakes Juv. Det. Ctr.,46
,Scott Co. Juv. Alternative Facility,15
Mississippi,,
,Henley Young Juv. Justice Ctr.,57
,Pike Co. Juv. Det. Ctr.,8
Missouri,,
,St. Louis City Juv. Det. Ctr.,60
,St. Louis Co. Juv. Det. Ctr.,38
Montana,,
,"Ted Lechner Youth Svs. Ctr., Secure Det.",17
Nebraska,,
,Douglas Co. Youth Ctr.,150
Nevada,,
,Clark Co. Dept. of Juv. Justice Svs.,162
,Spring Mountain Youth Camp,100
,Wittenberg Hall,44
New Jersey,,
,Essex Co. Juv. Det. Ctr.,127
,"Mercer Co. Youth Det. Ctr.c,d",48
,Middlesex Co. Juv. Det. Ctr.d,48
,Union Co. Juv. Det. Ctr.,28
New Mexico,,
,"Bernalillo Co. Juv. Det. Ctr.c,d",52
,Santa Fe Co. Youth Dev. Program,8
New York,,
,"Erie Co. Secure Det. Ctr.a,e",42
North Carolina,,
,Gatling Juv. Diagnostic Ctr.,15
,"Guilford Co. Juv. Det. Ctr.c,d,f",29
North Dakota,,
,Cass Co. Juv. Det. Ctr.,10
Ohio,,
,Allen Co. Juv. Det. Ctr.,42
,Green Co. Juv. Det. Ctr.,18
,Hillcrest Training School,113
,Jefferson Co. Juv. Det. Ctr.,24
,Judge Frank W. Nicholas Res. Trtmt. Ctr.c,21
,Lucas Co. Juv. Det. Ctr.,68
,Montgomery Co. Juv. Det. Ctr.,59
,Warren Co. Juv. Det.,14
,West Central Juv. Det. Ctr.,48
Oklahoma,,
,Comanche Co. Regional Juv. Det. Ctr.,25
,Oklahoma Co. Juv. Det. Ctr.c,64
Oregon,,
,"Donald E. Long Homec,d",67
,Douglas Co. Juv. Det. Ctr.c,28
,Linn-Benton Det. Ctr.,10
,Marion Co. Juv. Det. Ctr.,36
Pennsylvania,,
,Berks Co. Youth Ctr.,48
,Bucks Co. Youth Ctr.,36
,Philadelphia Youth Study Ctr.,125
,York Co. Youth Dev. Ctr.,25
South Carolina,,
,Charleston Co. Juv. Det.d,25
South Dakota,,
,Minnehaha Co. Regional Juv. Det. Ctr.,46
Tennessee,,
,"John Tarleton Homec,f",8
,Richard L. Bean Juv. Svs. Ctr.,36
Texas,,
,Brazos Co. Juv. Det. Ctr.,18
,Collin Co. Juv. Det. Ctr.,77
,Dallas Co. Det. Ctr.,206
,Delta Boot Camp,132
,Denton Co. Juv. Det. Ctr.,67
,El Paso Co. Juv. Justice Ctr.,49
,Harris Co. Youth Village,156
,Marzelle C. Hill Transition Ctr.,43
,Nueces Co. Juv. Det. Ctr.,22
,Smith Co. Juv. Attention Ctr.,27
,Val Verde Co. Juv. Det. Ctr.,6
Virginia,,
,Blue Ridge Juv. Det.d,20
,"Fairfax Co. Juv. Det. Ctr.f,g",85
,Norfolk Det. Home,56
,Rappahannock Juv. Det. Home,54
,Tidewater Det. Home,48
,"W.W. Moore, Jr. Det. Home",28
Washington,,
,Benton Franklin Juv. Justice Ctr.,40
,Denney Juv. Justice Ctr.,44
,Kitsap Co. Juv. Det. Facility,30
,Pierce Co. Juv. Court,50
,"Skagit Co. Juv. Det. Facilityc,d",14
Wisconsin,,
,Marathon Co. Shelter Home,6
,Milwaukee Co. Juv. Det. Home,77
,Outagamie Co. Shelter Care,2
,Racine Co. Secure Juv. Det. Ctr.,49
aAgency did not record allegations of nonconsensual sexual acts.,,
bAgency did not record allegations of staff sexual misconduct.,,
cAllegations of abusive sexual contact could not be counted separately from allegations of nonconsensual sexual acts.,,
dAllegations of staff sexual harassment could not be counted separately from allegations of staff sexual misconduct.,,
eAgency did not record allegations of abusive sexual contact.,,
fCounts of nonconsensual sexual acts are based on substantiated allegations only.,,
gCounts of nonconsensual sexual acts are based on completed acts only.,,
"Source: Bureau of Justice Statistics, Survey of Sexual Violence, 2007.",,
