Table 34,,,,,,,,,,,,,
"Allegations of sexual victimization reported by juvenile correctional authorities in Indian country, by type of victimization, 2009",,,,,,,,,,,,,
,,,Youth-on-youth,,,,,,Staff-on-youth,,,,
,,,Nonconsensual sexual acts,,,Abusive sexual contact,,,Sexual misconduct,,,Sexual harassment,
Jurisdiction and facility,,Youth held on 12/31/2009,Alleged,Substantiated,,Alleged,Substantiated,,Alleged,Substantiated,,Alleged,Substantiated
,Total,194,2,1,,1,0,,0,0,,0,0
Arizona,,,,,,,,,,,,,
,Gila River Dept. of Juv. Rehab. & Supervision,20,0,0,,0,0,,0,0,,0,0
,"Navajo Dept. of Corr., Tohatchi Youth Det.*",2,0,0,,/,/,,0,0,,0,0
,Tohono O�odham Juv. Det. Ctr.,26,0,0,,0,0,,0,0,,0,0
,"Western Navajo Juv. Corr. Svs., Tuba City Juv. Det. Ctr.",2,0,0,,0,0,,0,0,,0,0
Colorado,,,,,,,,,,,,,
,Chief Ignacio Justice Ctr. Juv. Det.,10,0,0,,0,0,,0,0,,0,0
Michigan,,,,,,,,,,,,,
,Sault Ste. Marie Tribal Youth Facility,13,0,0,,0,0,,0,0,,0,0
Minnesota,,,,,,,,,,,,,
,Red Lake Tribal Justice Juv. Det.,13,0,0,,1,0,,0,0,,0,0
Mississippi,,,,,,,,,,,,,
,Choctaw Justice Complex Juv. Det.,5,0,0,,0,0,,0,0,,0,0
Montana,,,,,,,,,,,,,
,Fort Peck Indian Juv. Svs. Ctr.,15,0,0,,0,0,,0,0,,0,0
,Fort Peck Transitional Living Unit,0,0,0,,0,0,,0,0,,0,0
,Northern Cheyenne Youth Svs. Ctr.,12,0,0,,0,0,,0,0,,0,0
New Mexico,,,,,,,,,,,,,
,Zuni Juv. Det. Ctr.,0,0,0,,0,0,,0,0,,0,0
Oklahoma,,,,,,,,,,,,,
,Sac & Fox Juv. Det. Ctr.*,14,2,1,,/,/,,0,0,,0,0
South Dakota,,,,,,,,,,,,,
,Cheyenne River Sioux Juv. Det. Ctr.,10,0,0,,0,0,,0,0,,0,0
,Ki Yuksa O�tipi Reintegration Ctr.,17,0,0,,0,0,,0,0,,0,0
,Rosebud Sioux Wanbli Wiconi Tipi Juv. Det.,35,0,0,,0,0,,0,0,,0,0
/ Not reported.,,,,,,,,,,,,,
*Allegations of abusive sexual contact could not be counted separately from allegations of nonconsensual sexual acts.,,,,,,,,,,,,,
"Source: Bureau of Justice Statistics, Survey of Sexual Violence, 2009.",,,,,,,,,,,,,
