Table 31,,,,,,,,,,,,,
"Allegations of sexual victimization reported by juvenile correctional authorities in Indian country, by type of victimization, 2012",,,,,,,,,,,,,
,,,Youth-on-youth,,,,,,Staff-on-youth,,,,
,,,Nonconsensual sexual acts,,,Abusive sexual contact,,,Sexual misconduct,,,Sexual harassment,
Jurisdiction and facility,,Youth held on 12/31/2012,Alleged,Substantiated,,Alleged,Substantiated,,Alleged,Substantiated,,Alleged,Substantiated
,Total,296,0,0,,0,0,,0,0,,0,0
Arizona,,,,,,,,,,,,,
  ,Gila River Dept. of Juv. Rehab.& Supervision,13,0,0,,0,0,,0,0,,0,0
  ,Hualapai Juv. Det. & Rehabilitation Ctr. ,6,0,0,,0,0,,0,0,,0,0
,"Navajo Dept. of Corr., Tohatchi Youth Det.",1,0,0,,0,0,,0,0,,0,0
,San Carlos Dept. of Corr. & ,,,,,,,,,,,,
  Rehab. for Juv.,,122,0,0,,0,0,,0,0,,0,0
,Tohono O�odham Juv. Det. Ctr.,14,0,0,,0,0,,0,0,,0,0
  ,"Western Navajo Juv. Corr. Svs., Tuba City Juv. Det. Ctr.",8,0,0,,0,0,,0,0,,0,0
Colorado,,,,,,,,,,,,,
,Chief Ignacio Justice Ctr. Juv. Det.,7,0,0,,0,0,,/,/,,/,/
Michigan,,,,,,,,,,,,,
  ,Sault Ste. Marie Tribal Youth Facility,11,0,0,,0,0,,0,0,,0,0
Minnesota,,,,,,,,,,,,,
,Red Lake Tribal Justice Juv. Det.,9,0,0,,0,0,,0,0,,0,0
Mississippi,,,,,,,,,,,,,
   ,"Choctaw Justice Complex Juv. Det.a,b",10,0,0,,/,/,,0,0,,/,/
Montana,,,,,,,,,,,,,
,Fort Peck Indian Juv. Svs. Ctr.,13,0,0,,0,0,,0,0,,0,0
,Fort Peck Transitional Living Unit,3,0,0,,0,0,,0,0,,0,0
,Northern Cheyenne Youth Svs. Ctr.,19,0,0,,0,0,,0,0,,0,0
New Mexico,,,,,,,,,,,,,
,Zuni Juv. Det. Ctr.,1,0,0,,0,0,,0,0,,0,0
North Dakota,,,,,,,,,,,,,
,Gerald Tex Fox Justice Ctr. Juv. Det.,0,0,0,,0,0,,0,0,,0,0
Oklahoma,,,,,,,,,,,,,
,Sac & Fox Juv. Det. Ctr.b,12,0,0,,0,0,,0,0,,/,/
South Dakota,,,,,,,,,,,,,
,Cheyenne River Sioux Juv. Det. Ctr.,2,0,0,,0,0,,0,0,,0,0
,Ki Yuksa O�tipi Reintegration Ctr.,10,0,0,,0,0,,0,0,,0,0
  ,Rosebud Sioux Wanbli Wiconi Tipi Juv. Det.,35,0,0,,0,0,,0,0,,0,0
/ Not reported.,,,,,,,,,,,,,
aAllegations of abusive sexual contact could not be counted separately from allegations of nonconsensual sexual acts.,,,,,,,,,,,,,
bAllegations of staff sexual harassment could not be counted separately from allegations of staff sexual misconduct.,,,,,,,,,,,,,
"Source: Bureau of Justice Statistics, Survey of Sexual Violence, 2012.",,,,,,,,,,,,,
