Bureau of Justice Statistics,,
Filename: ssvjcf0712stt13.csv,,
"Table 13. Local juvenile correctional authorities with no allegations of sexual victimization, 2012",,
"Report title: Survey of Sexual Violence in Juvenile Correctional Facilities, 2007-12- Statistical Tables  NCJ249143",,
"Data source: Bureau of Justice Statistics, Survey of Sexual Violence, 2012.",,
"Author:  Allen J. Beck and Ramona Rantala, BJS Statisticians",,
Refer questions to: askbjs@usdoj.gov   202-307-0765,,
Date of version: 1/28/2016,,
,,
"Table 13. Local juvenile correctional authorities with no allegations of sexual victimization, 2012",,
Jurisdiction and facility,,Youth held on 12/31/2012
,Total,
Alabama,,
,James T. Strickland Youth Ctr.,69
Arizona,,
,"Maricopa Co. Juv. Court Ctr., Phoenix",223
,"Yuma Co. Juv. Justice Ctr.a,b",28
Arkansas,,
,Pulaski Co. Juv. Det. Ctr.,31
California,,
,Alameda Co. Juv. Hall,220
,"Camp Fred Millera,b",91
,Camp Joseph M. Paige,93
,Camp Ronald McNair,60
,Camp Vernon Kilpatrick,102
,Camp William Mendehhall,77
,Central Valley Juv. Det. & Assessment Ctr.,145
,"Contra Costa Co. Juv. Hall, Martinez",127
,"Fresno Co. Juv. Justice Campusa,b",293
,Gateway Regional Youth Educational Facility,37
,High Desert Juv. Det. & Assessment Ctr.,107
,Hillcrest Juv. Hall,96
,James G. Bowles Juv. Hall,152
,Larry J. Rhoades Kern Crossroads Facility,80
,Lassen Co. Juv. Hall,8
,Log Cabin Ranch School,15
,Los Padrinos Juv. Hall,298
,Los Prietos Boys Camp,58
,Maxine Singer Youth Guidance Ctr.c,31
,Merced Co. Juv. Justice Corr. Complex,49
,Monterey Co. Youth Ctr.,47
,Orange Co. Juv. Hall,247
,Placer Co. Juv. Det. Facility,30
,Riverside Juv. Hall,118
,Sacramento Co. Youth Det. Facility,196
,San Joaquin Co. Juv. Hall,121
,San Luis Obispo Co. Juv. Hall,25
,Santa Clara Co. Juv. Hall,146
,"Santa Cruz Co. Juv. Halla,b",17
,Stanislaus Co. Juv. Hall,98
,Susan J. Gionfriddo Juv. Justice Ctr.,72
,Tulare Co. Juv. Hall,92
,Tulare Co. Probation Youth Facility,49
,"Wellington M. Smith, Jr. Juv. Hall",69
,"Youth Guidance Ctr., Santa Ana",77
Colorado,,
,"Boulder Juv. Assessment Ctr.a,b",1
Idaho,,
,District 1 Juv. Det. Ctr.a,26
Illinois,,
,Franklin Co. Juv. Det. Ctr.,21
,"Peoria Co. Juv. Det. Ctr.a,b",49
Indiana,,
,Allen Co. Juv. Ctr.,66
,Grant Co. Juv. Det. Ctr.,12
,Lake Co. Juv. Justice Complex,70
,LaPorte Co. Juv. Svs. Ctr.,7
,Marion Co. Juv. Justice Complex,66
Iowa,,
,Central Iowa Juv. Det. Ctr.,21
Kentucky,,
,Louisville Metro Youth Det. Ctr.,57
Louisiana,,
,Florida Parishes Juv. Det. Ctr.,60
,Terrebonne Parish Juv. Det. Ctr.a,13
Michigan,,
,Cheever Trtmt. Facility,13
,Ingham Co. Youth Ctr.,24
,Midland Co. Juv. Care Ctr.,14
,St. Clair Co. Juv. Ctr.d,40
Minnesota,,
,Hennepin Co. Home School,47
,Prairie Lakes Juv. Det. Ctr.,42
Mississippi,,
,Forrest Co. Juv. Det. Ctr.,6
,"Henley Young Juv. Justice Ctr.a,b",40
Missouri,,
,Greene Co. Juv. Det.,3
,Lakeside Ctr.,35
Montana,,
,Cascade Co. Juv. Det. Ctr.,15
Nebraska,,
,"Douglas Co. Youth Ctr.a,b",108
,Lancaster Co. Youth Svs. Ctr.a,108
Nevada,,
,Clark Co. Dept. of Juv. Justice Svs.,127
,Humboldt Co. Juv. Det. Ctr.,9
New Jersey,,
,Essex Co. Juv. Det. Ctr.e,100
,Hudson Co. Juv. Det. Ctr.,33
New York,,
,Crossroads Juv. Ctr.b,70
,Horizon Juv. Ctr.b,77
North Carolina,,
,"Guilford Co. Juv. Det. Ctr.a,b",17
North Dakota,,
,Northwest Youth Assessment Ctr.,2
Ohio,,
,Ashtabula Co. Youth Det. Ctr.,15
,Cuyahoga Co. Det. Ctr.,120
,Erie Co. Juv. Justice Det. Ctr.,15
,Jefferson Co. Juv. Det. Ctr.,18
,Lucas Co. Youth Trtmt. Ctr.,29
,Montgomery Co. Juv. Det. & Corr. Ctr.,48
,Rogers Children Res. Ctr.a,6
,Trumbull Co. Juv. Det. Ctr.,40
,West Central Juv. Det. Ctr.,32
Oklahoma,,
,Tulsa Co. Juv. Det. Home,35
Oregon,,
,Donald E. Long Homea,45
,Lane Co. Juv. Det. & Res. Trtmt.a,13
,Linn-Benton Det. Ctr.,12
Pennsylvania,,
,Philadelphia Youth Study Ctr.,98
South Carolina,,
,Charleston Co. Juv. Det.,15
Tennessee,,
,Richard L. Bean Juv. Svs. Ctr.b,28
,Shelby Co. Juv. Det. Ctr.,45
Texas,,
,Bexar Co. Juv. Det. Ctr.,120
,Dallas Co. Det. Ctr.a,127
,Dallas Co. Letot Ctr.,17
,Dallas Co. Youth Village,54
,"El Paso Co. Juv. Justice Ctr.a,e",86
,Gardner-Betts Juv. Justice Det. Ctr.,57
,"Grayson Co. Juv. Boot Campa,b",55
,Harris Co. Leadership Academy,62
,"Hays Co. Juv. Det., Boot Camp",78
,"Judge Arthur R. Tipps Juv. Justice Ctr.a,b",13
,"Judge Mario E. Ramirez, Jr. Juv. Justice Ctr.a,b",73
,Medlock Trtmt. Ctr.f,66
,"Minnie Rogers Juv. Det. Ctr., Jefferson Co.a,b",23
,Tarrant Co. Juv. Det. & Trtmt. Ctr.,35
,Victoria Co. Juv. Justice Facility,36
,Webb Co. Juv. Det. Ctr.,20
Virginia,,
,Chaplin Youth Ctr.,11
,"Chesterfield Juv. Det. Homea,b",43
,Loudoun Co. Juv. Det. Ctr.,13
,Newport News Juv. Det.,58
,"Prince William Det. Homea,b",30
,Tidewater Det. Home,55
Washington,,
,"Clallam Co. Juv. & Family Svs.a,b",20
,Clark Co. Juv. Court Det. Ctr.,28
,Spokane Co. Juv. Det. Ctr.,28
Wisconsin,,
,Lawrence Galow Memorial Group Home,3
,Waukesha Co. Juv. Ctr.,5
aAllegations of abusive sexual contact could not be counted separately from allegations of nonconsensual sexual acts.,,
bAllegations of staff sexual harassment could not be counted separately from allegations of staff sexual misconduct.,,
cAgency did not record allegations of staff sexual harassment.,,
dCounts of staff sexual misconduct are based on substantiated allegations only.,,
"eThe number of youth held on December 31, 2012, was not available, so the number held on October 24, 2012, as reported on the Juvenile Residential Facility Census was used.",,
fCounts of nonconsensual sexual acts are based on completed acts only.,,
"Source: Bureau of Justice Statistics, Survey of Sexual Violence, 2012.",,
