Bureau of Justice Statistics,,,,,,,,,,,,,
Filename: ssvjcf0712stt07.csv,,,,,,,,,,,,,
"Table 7. Allegations of sexual victimization reported by local juvenile correctional authorities, by type of victimization, 2012",,,,,,,,,,,,,
"Report title: Survey of Sexual Violence in Juvenile Correctional Facilities, 2007-12- Statistical Tables  NCJ249143",,,,,,,,,,,,,
"Data source: Bureau of Justice Statistics, Survey of Sexual Violence, 2012.",,,,,,,,,,,,,
"Author:  Allen J. Beck and Ramona Rantala, BJS Statisticians",,,,,,,,,,,,,
Refer questions to: askbjs@usdoj.gov   202-307-0765,,,,,,,,,,,,,
Date of version: 1/28/2016,,,,,,,,,,,,,
,,,,,,,,,,,,,
"Table 7. Allegations of sexual victimization reported by local juvenile correctional authorities, by type of victimization, 2012",,,,,,,,,,,,,
,,,Youth-on-youth,,,,,,Staff-on-youth,,,,
,,,Nonconsensual sexual acts,,,Abusive sexual contact,,,Sexual misconduct,,,Sexual harassment,
Jurisdiction and facility,,Youth held on 12/31/2012,Alleged,Substantiated,,Alleged,Substantiated,,Alleged,Substantiated,,Alleged,Substantiated
,Total,"2,930",30,8,,31,6,,42,6,,19,2
Arizona,,,,,,,,,,,,,
,Apache Co. Juv. Det.,3,0,0,,0,0,,1,0,,0,0
,"Yavapai Co. Juv. Court Ctr.a,b",15,5,0,,/,/,,0,0,,/,/
Arkansas,,,,,,,,,,,,,
,Jefferson Co. Juv. Det. Ctr.,51,1,1,,0,0,,0,0,,0,0
California,,,,,,,,,,,,,
,Barry J. Nidorf Juv. Hall,266,1,0,,0,0,,0,0,,0,0
,Butte Co. Juv. Hall,46,0,0,,1,1,,0,0,,0,0
,Camp Barrett,125,0,0,,2,1,,1,0,,3,0
,Central Juv. Hall,244,0,0,,0,0,,1,0,,0,0
,East Mesa Juv. Det. Facility,221,0,0,,0,0,,2,1,,8,1
,Kearny-Mesa Juv. Det. Facility,211,1,0,,3,0,,2,0,,4,1
,San Diego Co. Juv. Ranch Facility,118,0,0,,1,1,,0,0,,0,0
,Southwest Juv. Hall,59,0,0,,0,0,,2,0,,0,0
,Ventura Co. Juv. Facility,96,0,0,,1,1,,2,0,,0,0
Idaho,,,,,,,,,,,,,
,Snake River Juv. Det. Ctr.,17,0,0,,1,0,,0,0,,0,0
Illinois,,,,,,,,,,,,,
,Cook Co. Juv. Temporary Det. Ctr.,258,0,0,,2,0,,7,1,,2,0
Kansas,,,,,,,,,,,,,
,"Judge Riddel Boys Ranchb,c",29,13,5,,/,/,,4,1,,/,/
,Sedgwick Co. Juv. Det. Facility,44,0,0,,2,0,,2,0,,1,0
,Sedgwick Co. Juv. Res. Facility,17,1,0,,2,0,,0,0,,0,0
,Shawnee Co. Juv. Det. Ctr.,44,2,2,,0,0,,0,0,,0,0
Michigan,,,,,,,,,,,,,
,Oakland Co. Children�s Villlage,184,0,0,,2,0,,2,0,,0,0
,Wayne Co. Juv. Det. Facility,113,1,0,,0,0,,0,0,,0,0
Minnesota,,,,,,,,,,,,,
,Boys Totem Town,26,3,0,,0,0,,2,0,,0,0
Nevada,,,,,,,,,,,,,
,Spring Mountain Youth Camp,86,0,0,,0,0,,1,0,,0,0
New Mexico,,,,,,,,,,,,,
,Bernalillo Co. Juv. Det. Ctr.,54,0,0,,0,0,,2,0,,0,0
Ohio,,,,,,,,,,,,,
,"Butler Co. Juv. Det. Ctr.a,b",28,1,0,,/,/,,1,0,,/,/
,Multi-County Juv. Attention ,,,,,,,,,,,,
  System,,112,0,0,,11,0,,0,0,,0,0
Oklahoma,,,,,,,,,,,,,
,"Oklahoma Co. Juv. Det. Ctr.a,b",72,0,0,,/,/,,3,1,,/,/
Oregon,,,,,,,,,,,,,
,Youngs Bay Juv. Det. Ctr.,4,0,0,,0,0,,1,1,,0,0
Pennsylvania,,,,,,,,,,,,,
,Montgomery Co. Youth Det. & ,,,,,,,,,,,,
  Shelter Ctr.,,30,0,0,,1,0,,0,0,,0,0
South Dakota,,,,,,,,,,,,,
,Western South Dakota Juv. Svs.,,,,,,,,,,,,
  Ctr.,,44,0,0,,1,1,,0,0,,0,0
Texas,,,,,,,,,,,,,
,Harris Co. Juv. Det. Ctr.,152,1,0,,0,0,,4,1,,1,0
Washington,,,,,,,,,,,,,
,King Co. Department of Juv. Det.,61,0,0,,0,0,,2,0,,0,0
Wisconsin,,,,,,,,,,,,,
,Milwaukee Co. Juv. Det. Home,100,0,0,,1,1,,0,0,,0,0
/ Not reported.,,,,,,,,,,,,,
aAllegations of abusive sexual contact could not be counted separately from allegations of nonconsensual sexual acts.,,,,,,,,,,,,,
bAllegations of staff sexual harassment could not be counted separately from allegations of staff sexual misconduct.,,,,,,,,,,,,,
cAgency did not record allegations of abusive sexual contact.,,,,,,,,,,,,,
"Source: Bureau of Justice Statistics, Survey of Sexual Violence, 2012.",,,,,,,,,,,,,
