Bureau of Justice Statistics,,,,,,,,,,,,,
Filename: ssvjcf0712stt08.csv,,,,,,,,,,,,,
"Table 8. Allegations of sexual victimization reported by local juvenile correctional authorities, by type of victimization, 2011",,,,,,,,,,,,,
"Report title: Survey of Sexual Violence in Juvenile Correctional Facilities, 2007-12- Statistical Tables  NCJ249143",,,,,,,,,,,,,
"Data source: Bureau of Justice Statistics, Survey of Sexual Violence, 2011.",,,,,,,,,,,,,
"Author:  Allen J. Beck and Ramona Rantala, BJS Statisticians",,,,,,,,,,,,,
Refer questions to: askbjs@usdoj.gov   202-307-0765,,,,,,,,,,,,,
Date of version: 1/28/2016,,,,,,,,,,,,,
,,,,,,,,,,,,,
"Table 8. Allegations of sexual victimization reported by local juvenile correctional authorities, by type of victimization, 2011",,,,,,,,,,,,,
,,,Youth-on-youth,,,,,,Staff-on-youth,,,,
,,,Nonconsensual sexual acts,,,Abusive sexual contact,,,Sexual misconduct,,,Sexual harassment,
Jurisdiction and facility,,Youth held on 12/31/2011,Alleged,Substantiated,,Alleged,Substantiated,,Alleged,Substantiated,,Alleged,Substantiated
,Total,"3,713",34,2,,23,4,,20,3,,16,3
Arizona,,,,,,,,,,,,,
,Pima Co. Juv. Det. Ctr.,52,0,0,,0,0,,1,0,,0,0
,Pinal Co. Juv. Det. Ctr.,34,0,0,,1,0,,/,/,,/,/
California,,,,,,,,,,,,,
,Camp Barrett,118,0,0,,0,0,,0,0,,1,0
,"Camp C.B. Afflerbaugha,b",99,1,0,,/,/,,0,0,,/,/
,Camp Gregory Jarvis,72,0,0,,0,0,,0,0,,1,0
,Central Juv. Hallc,327,3,1,,/,/,,1,0,,1,1
,East Mesa Juv. Det. Facility,232,0,0,,0,0,,0,0,,1,0
,Kearny-Mesa Juv. Det. Facility,232,0,0,,3,0,,0,0,,4,1
,Los Padrinos Juv. Hallc,348,0,0,,/,/,,0,0,,1,1
,Riverside Juv. Halla,83,0,0,,/,/,,0,0,,1,0
,Sacramento Co. Youth Det. ,,,,,,,,,,,,
  Facility,,171,0,0,,1,0,,0,0,,0,0
,San Diego Co. Juv. Ranch Facility,69,0,0,,1,1,,0,0,,0,0
,Susan J. Gionfriddo Juv. Justice ,,,,,,,,,,,,
  Ctr.,,97,0,0,,0,0,,1,0,,0,0
Illinois,,,,,,,,,,,,,
,Cook Co. Juv. Temporary Det. Ctr.,243,0,0,,1,0,,3,0,,0,0
Indiana,,,,,,,,,,,,,
,Allen Co. Juv. Ctr.,7,0,0,,1,1,,0,0,,0,0
Kansas,,,,,,,,,,,,,
,Sedgwick Co. Juv. Det. Facility,55,0,0,,5,0,,2,1,,0,0
Kentucky,,,,,,,,,,,,,
,Louisville Metro Youth Det. Ctr.,53,0,0,,1,0,,0,0,,1,0
Michigan,,,,,,,,,,,,,
,"Muskegon Co. Juv. Det. Ctr.a,b",15,0,0,,/,/,,2,2,,/,/
,Oakland Co. Children�s Villlage,140,0,0,,0,0,,1,0,,0,0
Minnesota,,,,,,,,,,,,,
,Hennepin Co. Home School,53,0,0,,1,0,,0,0,,0,0
Mississippi,,,,,,,,,,,,,
,"Henley Young Juv. Justice Ctr.a,b",30,2,0,,/,/,,0,0,,/,/
Missouri,,,,,,,,,,,,,
,Jasper Co. Youth Det. Ctr.d,8,0,0,,0,0,,1,0,,0,0
,St. Louis City Juv. Det. Ctr.,37,1,0,,1,0,,0,0,,0,0
Nevada,,,,,,,,,,,,,
,Spring Mountain Youth Camp,96,0,0,,0,0,,1,0,,0,0
New York,,,,,,,,,,,,,
,Crossroads Juv. Ctr.,83,0,0,,0,0,,2,0,,0,0
Ohio,,,,,,,,,,,,,
,Lucas Co. Juv. Det. Ctr.d,43,0,0,,0,0,,1,0,,0,0
,Montgomery Co. Juv. Det. ,,,,,,,,,,,,
  & Corr. Ctr.,,75,0,0,,0,0,,1,0,,2,0
Oklahoma,,,,,,,,,,,,,
,Oklahoma Co. Juv. Det. Ctr.,60,2,0,,0,0,,1,0,,0,0
Oregon,,,,,,,,,,,,,
,"Donald E. Long Homea,b",45,7,0,,/,/,,/,/,,/,/
Pennsylvania,,,,,,,,,,,,,
,Schaffner Youth Ctr.,10,0,0,,0,0,,0,0,,1,0
Texas,,,,,,,,,,,,,
,Bexar Co. Juv. Det. Ctr.,235,0,0,,0,0,,1,0,,0,0
,Burnett-Bayland Reception Ctr.,77,8,1,,1,0,,0,0,,0,0
,Denton Co. Juv. Det. Ctr.,47,0,0,,0,0,,0,0,,1,0
,Granbury Regional Juv. Justice ,,,,,,,,,,,,
  Ctr.e,,30,1,0,,1,0,,0,0,,0,0
,Harris Co. Juv. Det. Ctr.,153,0,0,,0,0,,0,0,,1,0
,Harris Co. Leadership Academy,61,1,0,,0,0,,0,0,,0,0
,Harris Co. Youth Village,74,8,0,,0,0,,0,0,,0,0
,Youth Ctr. of the High Plains ,,,,,,,,,,,,
  Det. Ctr.,,49,0,0,,5,2,,1,0,,0,0
/ Not reported.,,,,,,,,,,,,,
aAllegations of abusive sexual contact could not be counted separately from allegations of nonconsensual sexual acts.,,,,,,,,,,,,,
bAllegations of staff sexual harassment could not be counted separately from allegations of staff sexual misconduct.,,,,,,,,,,,,,
cAgency did not record allegations of abusive sexual contact.,,,,,,,,,,,,,
"dThe number of youth held on December 31, 2011, was not available, so the number held on October 27, 2010, as reported on the Juvenile Residential Facility Census was used.",,,,,,,,,,,,,
eCounts of nonconsensual sexual acts are based on completed acts only.,,,,,,,,,,,,,
"Source: Bureau of Justice Statistics, Survey of Sexual Violence, 2011.",,,,,,,,,,,,,
