Bureau of Justice Statistics,,,,,,,,,,,,,
Filename: ssvjcf0712stt10.csv,,,,,,,,,,,,,
"Table 10. Allegations of sexual victimization reported by local juvenile correctional authorities, by type of victimization, 2009",,,,,,,,,,,,,
"Report title: Survey of Sexual Violence in Juvenile Correctional Facilities, 2007-12- Statistical Tables  NCJ249143",,,,,,,,,,,,,
"Data source: Bureau of Justice Statistics, Survey of Sexual Violence, 2009.",,,,,,,,,,,,,
"Author:  Allen J. Beck and Ramona Rantala, BJS Statisticians",,,,,,,,,,,,,
Refer questions to: askbjs@usdoj.gov   202-307-0765,,,,,,,,,,,,,
Date of version: 1/28/2016,,,,,,,,,,,,,
,,,,,,,,,,,,,
"Table 10. Allegations of sexual victimization reported by local juvenile correctional authorities, by type of victimization, 2009",,,,,,,,,,,,,
,,,Youth-on-youth,,,,,,Staff-on-youth,,,,
,,,Nonconsensual sexual acts,,,Abusive sexual contact,,,Sexual misconduct,,,Sexual harassment,
Jurisdiction and facility,,Youth held on 12/31/2009,Alleged,Substantiated,,Alleged,Substantiated,,Alleged,Substantiated,,Alleged,Substantiated
,Total,"4,974",10,2,,37,7,,31,4,,11,0
Arizona,,,,,,,,,,,,,
,Pinal Co. Juv. Det. Ctr.,48,0,0,,2,0,,0,0,,/,/
California,,,,,,,,,,,,,
,Barry J. Nidorf Juv. Halla,518,0,0,,/,/,,2,0,,0,0
,Camp Erwin Owen,120,0,0,,0,0,,1,0,,1,0
,Central Juv. Halla,391,2,0,,/,/,,2,1,,0,0
,East Mesa Juv. Det. Facility,218,1,0,,0,0,,2,0,,1,0
,El Dorado Co. Juv. Hall,38,0,0,,0,0,,1,0,,0,0
,Kearny-Mesa Juv. Det. Facility,223,0,0,,1,0,,0,0,,3,0
,Los Padrinos Juv. Hall,407,0,0,,1,0,,0,0,,0,0
,Orange Co. Juv. Hall,276,1,1,,1,1,,0,0,,0,0
,Sacramento Co. Boys Ranch,78,0,0,,2,0,,0,0,,0,0
,Sacramento Co. Juv. Hall,177,0,0,,1,0,,0,0,,0,0
,San Diego Co. Juv. Ranch Facility,89,0,0,,0,0,,0,0,,1,0
,Stanislaus Co. Juv. Hall,151,0,0,,2,0,,0,0,,0,0
Idaho,,,,,,,,,,,,,
,Ada Co. Juv. Det. Ctr.,25,0,0,,0,/,,0,0,,1,0
Illinois,,,,,,,,,,,,,
,Cook Co. Juv. Temporary Det. ,,,,,,,,,,,,
  Ctr.a,,285,0,0,,/,/,,8,0,,0,0
Kansas,,,,,,,,,,,,,
,Shawnee Co. Juv. Det. Ctr.,74,0,0,,1,0,,0,0,,0,0
Michigan,,,,,,,,,,,,,
,Oakland Co. Children�s Village,196,1,0,,2,0,,0,0,,0,0
Missouri,,,,,,,,,,,,,
,St. Louis City Juv. Det. Ctr.,36,0,0,,0,0,,0,0,,1,0
New York,,,,,,,,,,,,,
,Crossroads Juv. Ctr.,85,0,0,,6,0,,3,0,,2,0
,Horizon Juv. Ctr.,91,0,0,,1,0,,1,0,,0,0
North Carolina,,,,,,,,,,,,,
,Guilford Co. Juv. Det. Ctr.,17,0,0,,0,0,,0,0,,1,0
Ohio,,,,,,,,,,,,,
,Butler Co. Juv. Det. Ctr.a,29,1,1,,/,/,,0,0,,0,0
,Cuyahoga Co. Det. Ctr.,112,0,0,,1,0,,0,0,,0,0
,Franklin Co. Juv. Det. Ctr.,68,0,0,,1,0,,2,0,,0,0
,Lorain Co. Det. Homea,42,1,0,,/,/,,0,0,,0,0
,West Central Juv. Det. Ctr.,51,0,0,,2,0,,0,0,,0,0
Oregon,,,,,,,,,,,,,
,Donald E. Long Homea,56,1,0,,/,/,,0,0,,0,0
Pennsylvania,,,,,,,,,,,,,
,Philadelphia Youth Study Ctr.,72,1,0,,1,0,,1,1,,0,0
,Shuman Juv. Det. Ctr.,71,0,0,,1,1,,1,1,,0,0
Texas,,,,,,,,,,,,,
,"Bexar Co. Juv. Det. Ctr.a,b",244,0,0,,/,/,,3,0,,/,/
,"Cook, Fannin & Grayson Co. Juv. ",,,,,,,,,,,,
  Boot Camp,,54,1,0,,0,0,,0,0,,0,0
,Dallas Co. Det. Ctr.,196,0,0,,0,0,,2,0,,0,0
,Galveston Co. Juv. Justice Dept.,26,0,0,,3,2,,0,0,,0,0
,Harris Co. Juv. Det. Ctr.,132,0,0,,2,0,,0,0,,0,0
,"Hays Co. Juv. Det., Boot Camp",108,0,0,,0,0,,1,1,,0,0
,"Leadership Academy, Austin",56,0,0,,2,2,,1,0,,0,0
,Victoria Co. Juv. Justice Facility,41,0,0,,1,0,,0,0,,0,0
Washington,,,,,,,,,,,,,
,Clallam Co. Juv. and Family Svs.,11,0,0,,1,0,,0,0,,0,0
Wisconsin,,,,,,,,,,,,,
,Milwaukee Co. Juv. Det. Home,62,0,0,,2,1,,0,0,,0,0
/ Not reported.,,,,,,,,,,,,,
aAllegations of abusive sexual contact could not be counted separately from allegations of nonconsensual sexual acts.,,,,,,,,,,,,,
bAllegations of staff sexual harassment could not be counted separately from allegations of staff sexual misconduct.,,,,,,,,,,,,,
"Source: Bureau of Justice Statistics, Survey of Sexual Violence, 2009.",,,,,,,,,,,,,
