Bureau of Justice Statistics,,
Filename: ssvjcf0712stt14.csv,,
"Table 14.Local juvenile correctional authorities with no allegations of sexual victimization, 2011",,
"Report title: Survey of Sexual Violence in Juvenile Correctional Facilities, 2007-12- Statistical Tables  NCJ249143",,
"Data source: Bureau of Justice Statistics, Survey of Sexual Violence, 2011.",,
"Author:  Allen J. Beck and Ramona Rantala, BJS Statisticians",,
Refer questions to: askbjs@usdoj.gov   202-307-0765,,
Date of version: 1/28/2016,,
,,
"Table 14.Local juvenile correctional authorities with no allegations of sexual victimization, 2011",,
Jurisdiction and facility,,Youth held on 12/31/2011
,Total,6852
Alabama,,
,James T. Strickland Youth Ctr.,67
,"Neaves-Davis Ctr. for Childrena,b,c,d",2
Arizona,,
,"Maricopa Co. Juv. Court Ctr., Phoenixb",142
,Navaho Co. Juv. Det. Ctr.,13
Arkansas,,
,Jefferson Co. Juv. Det. Ctr.,52
,Yell Co. Juv. Det. Ctr.,26
California,,
,Alameda Co. Juv. Hall,225
,Barry J. Nidorf Juv. Halle,270
,Camp David Gonzales,107
,Camp Joseph M. Paige,96
,"Camp Kenyon Scudderb,d",43
,Central Valley Juv. Det. & Assessment Ctr.b,179
,"Contra Costa Co. Juv. Hall, Martinez",153
,El Dorado Co. Juv. Hall,32
,Fresno Co. Juv. Justice Campus,343
,Hillcrest Juv. Hall,101
,Imperial Co. Juv. Hall,12
,"James G. Bowles Juv. Hallb,d",97
,Mendocino Co. Juv. Hall,20
,Northern California Regional Juv. Facility,8
,Orange Co. Juv. Hall,345
,Orin Allen Youth Rehabilitation Facility,100
,"Pathway Academyb,d",16
,San Joaquin Co. Juv. Hallb,160
,Santa Clara Co. Juv. Hall,159
,Solano Co. Juv. Hall,83
,Sonoma Co. Juv. Hall,80
,Southwest Juv. Hall,63
,Stanislaus Co. Juv. Hall,116
,Tulare Co. Juv. Hall,107
,Tulare Co. Probation Youth Facility,64
,Twin Pines Ranch,32
,Van Horn Youth Ctr.,24
,Ventura Co. Juv. Facility,120
,"Wellington M. Smith, Jr. Juv. Hall",98
,"William James Boys Ranchb,d",45
,"Youth Guidance Ctr., San Francisco",77
,"Youth Leadership Academyb,d",54
,Youthful Offender Program Desert Campus,44
Colorado,,
,Boulder Juv. Assessment Ctr.,4
Idaho,,
,Ada Co. Juv. Det. Ctr.,27
,Three B. Det. Ctr.,21
Illinois,,
,"Boys Home, 922 North 9thb,d",13
,FACE IT Res. Trtmt. Program,12
,Madison Co. Det. Home,22
,"River Valley Juv. Justice Ctr.b,d",37
Indiana,,
,Marion Co. Juv. Justice Complex,67
,Thomas N. Frederick Juv. Justice Ctr.,48
Iowa,,
,Linn Co. Juv. Det. Ctr.,13
,Polk Co. Juv. Det. Ctr.,26
Kansas,,
,Wyandotte Co. Juv. Det. Ctr.,41
Louisiana,,
,Florida Parishes Juv. Det. Ctr.,64
,New Orleans Youth Study Ctr.,20
,Ware Youth Ctr.,70
Michigan,,
,"Berrien Co. Juv. Ctr., Res. Trtmt.",32
,"Genesee Valley Regional Ctr.b,d",30
,Midland Co. Juv. Care Ctr.,10
,St. Clair Co. Juv. Ctr.,29
,"Wayne Co. Juv. Det. Facilityb,d",145
Minnesota,,
,"Hennepin Co. Juv. Det. Ctr.b,d",27
,"Northwestern Minnesota Juv. Ctr., Main Facility",16
Missouri,,
,Lakeside Ctr.,50
Montana,,
,"Cascade Co. Juv. Det. Ctr.b,d",14
Nebraska,,
,"Douglas Co. Youth Ctr.b,d",100
,Lancaster Co. Youth Svs. Ctr.,39
Nevada,,
,Clark Co. Dept. of Juv. Justice Svs.b,105
,Douglas Co. Juv. Det. Facility,3
New Jersey,,
,"Bergen Co. Juv. Det. Ctr.b,d",0
,Camden Co. Juv. Det.b,39
,Essex Co. Juv. Det. Ctr.f,110
New Mexico,,
,Bernalillo Co. Juv. Det. Ctr.,66
New York,,
,Erie Co. Secure Det. Ctr.,26
,Horizon Juv. Ctr.,95
North Carolina,,
,Guilford Co. Juv. Det. Ctr.,18
North Dakota,,
,Grand Forks Co. Juv. Det. Ctr.,3
Ohio,,
,Cuyahoga Co. Det. Ctr.,96
,Hillcrest Training School,57
,Northern Ohio Community Res. Facilityb,27
,Rogers Children Res. Ctr.,8
,Sandusky Co. Juv. Det. Ctr.,14
,Sargus Juv. Ctr.,11
,Summit Co. Juv. Det. Home,55
,Tuscarawas Attention Ctr.,28
,West Central Juv. Det. Ctr.,41
Oklahoma,,
,Tulsa Co. Juv. Det. Home,38
Oregon,,
,Jackson Co. Juv. Det. & Assessment Facility,10
,Northern Oregon Regional Corr. Facilityb,31
Pennsylvania,,
,"Lancaster Co. Youth Intervention Ctr., Det.",31
,Philadelphia Youth Study Ctr.,118
,Shuman Juv. Det. Ctr.,32
South Carolina,,
,Charleston Co. Juv. Det.,15
South Dakota,,
,Minnehaha Co. Regional Juv. Det. Ctr.,25
Tennessee,,
,"Indian Mound Boys Res. Ctr.b,d",16
,"Richard L. Bean Juv. Svs. Ctr.b,d",24
,Shelby Co. Juv. Det. Ctr.,41
Texas,,
,Bill Logue Juv. Justice Ctr.,32
,Cyndi Taylor Krier Juv. Corr. Trtmt. Ctr.,86
,Dallas Co. Det. Ctr.,169
,Dallas Co. Youth Village,58
,Fort Bend Co. Juv. Det. Ctr.b,45
,"Hays Co. Juv. Det., Boot Camp",76
,Judge Ricardo H. Garcia Regional Juv. Det.,23
,San Patricio Co. Juv. Det. Ctr.,19
Virginia,,
,Newport News Juv. Det.,75
,Rappahannock Juv. Det. Home,42
,Tidewater Det. Home,43
,"W.W. Moore, Jr. Det. Home",25
Washington,,
,Benton Franklin Juv. Justice Ctr.,31
,King Co. Department of Juv. Det.,46
,Pierce Co. Juv. Court,28
,Yakima Co. Juv. Justice & Det.,23
Wisconsin,,
,Dane Co. Shelter Home,7
,Milwaukee Co. Juv. Det. Homeb,83
,Sheboygan Co. Juv. Det. Ctr.,6
aCounts of nonconsensual sexual acts are based on completed acts only.,,
bAllegations of abusive sexual contact could not be counted separately from allegations of nonconsensual sexual acts.,,
cCounts of staff sexual misconduct are based on substantiated allegations only.,,
dAllegations of staff sexual harassment could not be counted separately from allegations of staff sexual misconduct.,,
eAgency did not record allegations of abusive sexual contact.,,
"fThe number of youth held on December 31, 2011, was not available, so the number held on October 26, 2011, as reported on the Census of Juvenile Residential Placement was used.",,
"Source: Bureau of Justice Statistics, Survey of Sexual Violence, 2011.",,
