Bureau of Justice Statistics,,,,,,,,,,,,,
Filename: ssvjcf0712stt01.csv,,,,,,,,,,,,,
"Table 1. Allegations of sexual victimization reported by state juvenile systems, by type of victimization, 2012",,,,,,,,,,,,,
"Report title: Survey of Sexual Violence in Juvenile Correctional Facilities, 2007-12- Statistical Tables  NCJ249143",,,,,,,,,,,,,
"Data source: Bureau of Justice Statistics, Survey of Sexual Violence, 2012.",,,,,,,,,,,,,
"Author:  Allen J. Beck and Ramona Rantala, BJS Statisticians",,,,,,,,,,,,,
Refer questions to: askbjs@usdoj.gov   202-307-0765,,,,,,,,,,,,,
Date of version: 1/28/2016,,,,,,,,,,,,,
,,,,,,,,,,,,,
"Table 1. Allegations of sexual victimization reported by state juvenile systems, by type of victimization, 2012",,,,,,,,,,,,,
,,Youth-on-youth,,,,,,Staff-on-youth,,,,,
,,Nonconsensual sexual acts,,,Abusive sexual contact,,,Sexual misconduct,,,Sexual harassment,,
Jurisdiction,Youth held on 12/31/2012a,Alleged,Substantiated,,Alleged,Substantiated,,Alleged,Substantiated,,Alleged,Substantiated,
,Total,"18,435",110,15,,228,49,,394,21,,133,19
Alabama,,228,0,0,,2,0,,1,0,,1,0
Alaska,,172,0,0,,2,1,,1,0,,1,0
Arizona,,350,1,0,,1,0,,4,0,,2,0
Arkansasb,,/,/,/,,/,/,,/,/,,/,/
California,,805,2,0,,1,0,,19,1,,0,0
Colorado,,690,0,0,,13,3,,3,1,,3,0
Connecticut,,96,0,0,,0,0,,1,0,,0,0
Delaware,,146,2,0,,2,0,,0,0,,1,0
District of Columbia,,120,0,0,,0,0,,0,0,,0,0
Florida,,723,4,0,,2,0,,1,0,,0,0
Georgia,,"1,366",15,2,,55,2,,37,2,,6,1
Hawaii,,62,0,0,,0,0,,0,0,,0,0
"Idahoc,d",,323,33,4,,/,/,,1,0,,/,/
Illinois,,864,0,0,,0,0,,0,0,,0,0
Indiana,,535,3,0,,14,9,,5,1,,0,0
Iowa,,136,0,0,,0,0,,0,0,,0,0
Kansas,,321,2,0,,9,1,,18,1,,7,1
Kentucky,,568,1,0,,0,0,,13,2,,1,1
Louisianae,,348,6,1,,7,1,,10,1,,/,/
Maine,,21,10,0,,0,0,,1,0,,2,2
Maryland,,537,0,0,,1,0,,5,0,,0,0
Massachusetts,,402,2,0,,2,1,,1,0,,0,0
Michigan,,93,0,0,,2,2,,0,0,,0,0
Minnesota,,164,0,0,,1,0,,0,0,,0,0
Mississippi,,74,0,0,,0,0,,0,0,,0,0
Missouri,,748,0,0,,0,0,,2,1,,0,0
Montana,,83,0,0,,0,0,,0,0,,0,0
Nebraska,,205,0,0,,2,0,,0,0,,0,0
Nevada,,189,0,0,,0,0,,1,0,,0,0
New Hampshire,,49,0,0,,0,0,,0,0,,0,0
New Jersey,,533,4,0,,3,1,,8,0,,3,0
New Mexico,,233,0,0,,0,0,,0,0,,10,0
New York,,484,1,0,,3,1,,2,0,,0,0
North Carolina,,390,0,0,,0,0,,7,1,,0,0
North Dakota,,87,0,0,,0,0,,0,0,,0,0
Ohio,,464,2,0,,10,2,,23,0,,1,0
Oklahoma,,139,0,0,,4,0,,0,0,,0,0
Oregon,,741,3,2,,18,9,,9,3,,12,5
Pennsylvania,,295,1,1,,4,3,,3,1,,3,1
Rhode Islandf,,101,0,0,,0,0,,0,0,,4,0
South Carolina,,362,2,0,,1,0,,2,0,,0,0
South Dakota,,127,0,0,,0,0,,0,0,,0,0
Tennessee,,350,0,0,,24,0,,144,0,,1,0
Texas,,"1,306",7,1,,14,1,,52,4,,52,5
Utah,,467,0,0,,4,4,,1,1,,0,0
"Vermontc,d",,17,1,0,,/,/,,0,0,,/,/
Virginia,,677,1,0,,6,2,,5,0,,13,1
Washington,,584,0,0,,7,0,,3,0,,0,0
West Virginia,,274,2,1,,10,5,,8,1,,9,2
Wisconsin,,266,5,3,,4,1,,3,0,,1,0
Wyoming,,120,0,0,,0,0,,0,0,,0,0
/ Not reported.,,,,,,,,,,,,,
aExcludes juveniles in privately operated facilities and facilities operated and administered by local governments.,,,,,,,,,,,,,
bThe Arkansas Division of Youth Services no longer operates juvenile correctional facilities. Youth are now placed in locally or privately operated juvenile facilities.,,,,,,,,,,,,,
cAllegations of abusive sexual contact could not be counted separately from allegations of nonconsensual sexual acts.,,,,,,,,,,,,,
dAllegations of staff sexual harassment could not be counted separately from allegations of staff sexual misconduct.,,,,,,,,,,,,,
eAgency did not record allegations of staff sexual harassment.,,,,,,,,,,,,,
"fThe number of youth held on December 31, 2012, was not available, so the number held on October 24, 2012, as reported on the Juvenile Residential Facility Census was used.",,,,,,,,,,,,,
"Source: Bureau of Justice Statistics, Survey of Sexual Violence, 2012.",,,,,,,,,,,,,
