Bureau of Justice Statistics,,,,,,,,,,,,,
Filename: ssvjcf0712stt21.csv,,,,,,,,,,,,,
"Table 21. Allegations of sexual victimization reported by privately operated juvenile correctional authorities, by type of victimization, 2010",,,,,,,,,,,,,
"Report title: Survey of Sexual Violence in Juvenile Correctional Facilities, 2007-12- Statistical Tables  NCJ249143",,,,,,,,,,,,,
"Data source: Bureau of Justice Statistics, Survey of Sexual Violence, 2010.",,,,,,,,,,,,,
"Author:  Allen J. Beck and Ramona Rantala, BJS Statisticians",,,,,,,,,,,,,
Refer questions to: askbjs@usdoj.gov   202-307-0765,,,,,,,,,,,,,
Date of version: 1/28/2016,,,,,,,,,,,,,
,,,,,,,,,,,,,
"Table 21. Allegations of sexual victimization reported by privately operated juvenile correctional authorities, by type of victimization, 2010",,,,,,,,,,,,,
,,,Youth-on-youth,,,,,,Staff-on-youth,,,,
,,,Nonconsensual sexual acts,,,Abusive sexual contact,,,Sexual misconduct,,,Sexual harassment,
Jurisdiction and facility,,Youth held on 12/31/2010,Alleged,Substantiated,,Alleged,Substantiated,,Alleged,Substantiated,,Alleged,Substantiated
,Total,"3,588",35,2,,10,0,,21,2,,6,0
Arizona,,,,,,,,,,,,,
,Canyon State Academy,251,7,0,,0,0,,0,0,,0,0
Arkansas,,,,,,,,,,,,,
,Arkansas Juv. Assessment & Trtmt. Ctr. ,308,0,0,,0,0,,1,0,,0,0
Colorado,,,,,,,,,,,,,
,Ridge View Youth Svs. Ctr.,289,0,0,,0,0,,1,0,,0,0
Florida,,,,,,,,,,,,,
,"Okeechobee Youth Det. Ctr.a,b",90,1,0,,/,/,,1,0,,/,/
Georgia,,,,,,,,,,,,,
,Crisp Youth Det. Ctr.b,60,0,0,,2,0,,0,0,,,
Illinois,,,,,,,,,,,,,
,"Indian Oaks Academy, Manteno",98,0,0,,0,0,,1,0,,0,0
Indiana,,,,,,,,,,,,,
,White�s Res. & Family Svs.a,125,1,1,,/,/,,1,0,,0,0
Michigan,,,,,,,,,,,,,
,Clinton Campusb,82,3,0,,0,0,,0,0,,/,/
,"Vista Maria Det. & Trtmt.a,b",153,4,0,,/,/,,1,0,,/,/
Minnesota,,,,,,,,,,,,,
,"Mille Lacs Academya,b",87,0,0,,/,/,,1,1,,/,/
Nebraska,,,,,,,,,,,,,
,"Home Campus Programs, Boys Town ",734,5,0,,2,0,,8,1,,0,0
Nevada,,,,,,,,,,,,,
,Silverstate Academya,165,1,0,,/,/,,0,0,,1,0
New Mexico,,,,,,,,,,,,,
,Desert Hills,93,0,0,,1,0,,0,0,,0,0
New York,,,,,,,,,,,,,
,Children�s Village Res. Trtmt. Ctr.,159,0,0,,0,0,,1,0,,0,0
North Carolina,,,,,,,,,,,,,
,"Crossnore School Inc., Short & Long Term",66,4,1,,0,0,,0,0,,0,0
Ohio,,,,,,,,,,,,,
,Foundations for Living,45,0,0,,0,0,,0,0,,1,0
Oklahoma,,,,,,,,,,,,,
,Craig Co. Regional Det. Facility,18,0,0,,0,0,,0,0,,1,0
Pennsylvania,,,,,,,,,,,,,
,Brandywine Campusa,116,3,0,,/,/,,3,0,,0,0
,Summit Academy,350,0,0,,1,0,,0,0,,0,0
Texas,,,,,,,,,,,,,
,Rockdale Regional Juv. Justice Cr.,63,1,0,,0,0,,0,0,,0,0
Virginia,,,,,,,,,,,,,
,Timber Ridge School,74,0,0,,0,0,,1,0,,0,0
Wisconsin,,,,,,,,,,,,,
,Eau Claire Academyc,91,5,0,,4,0,,1,0,,2,0
Wyoming,,,,,,,,,,,,,
,Cathedral Home for Children Res. Trtmt.,71,0,0,,0,0,,0,0,,1,0
/ Not reported.,,,,,,,,,,,,,
aAllegations of abusive sexual contact could not be counted separately from allegations of nonconsensual sexual acts.,,,,,,,,,,,,,
bAllegations of staff sexual harassment could not be counted separately from allegations of staff sexual misconduct.,,,,,,,,,,,,,
cCounts of nonconsensual sexual acts are based on completed acts only.,,,,,,,,,,,,,
"Source: Bureau of Justice Statistics, Survey of Sexual Violence, 2010.",,,,,,,,,,,,,
