Bureau of Justice Statistics,,,,,,,,
Filename: cp18stt01.csv,,,,,,,,
"Table 1. Status of the death penalty, December 31, 2018",,,,,,,,
"Report title: Capital Punishment, 2018 - Statistical Tables  NCJ 254786",,,,,,,,
"Data Source: Bureau of Justice Statistics, National Prisoner Statistics program (NPS-8), 2018",,,,,,,,
"Author: Tracy L. Snell, BJS Statistician",,,,,,,,
Refer questions to: askbjs@usdoj.gov 202-307-0765,,,,,,,,
Date of version: 9/29/2020,,,,,,,,
,,,,,,,,
"Table 1. Status of the death penalty, December 31, 2018",,,,,,,,
Executions in 2018,,,Number of prisoners under sentence of death in states with a death-penalty statute,,,States with death-penalty statute invalidated by state�s highest court but not repealed by legislature,,Jurisdictions with no statute authorizing the death penalty (17)
Texas,13,,California,736,,Delaware,,Alaska
Tennessee,3,,Florida,344,,New York,,Connecticut
Alabama,2,,Texas,223,,Washington,,District of Columbia
Florida,2,,Alabama,176,,,,Hawaii
Georgia,2,,Pennsylvania,143,,,,Illinois
Nebraska,1,,North Carolina,140,,,,Iowa
Ohio,1,,Ohio,137,,,,Maine
South Dakota,1,,Arizona,116,,,,Maryland
,,,Nevada,75,,,,Massachusetts
,,,Louisiana,69,,,,Michigan
,,,Federal Bureau of Prisons,61,,,,Minnesota
,,,Tennessee,57,,,,New Jersey
,,,Georgia,50,,,,North Dakota
,,,Oklahoma,47,,,,Rhode Island
,,,Mississippi,43,,,,Vermont
,,,17 other states*,211,,,,West Virginia
,,,,,,,,Wisconsin
Total,25,,Total,"2,628",,,,
Note: See table 2 for information on statutes.,,,,,,,,
"*New Mexico repealed its death penalty for capital offenses committed on or after July 1, 2009. As of December 31, 2018, two males in New Mexico were under previously imposed death sentences. The other states with prisoners under sentence of death were Ark., Colo., Idaho, Ind., Kan., Ky., Mo., Mont., Neb., N.H., Ore., S.C., S.D., Va., and Utah. Wyoming held no prisoners under sentence of death during 2018.",,,,,,,,
"Source: Bureau of Justice Statistics, National Prisoner Statistics program (NPS-8), 2018.",,,,,,,,
