Bureau of Justice Statistics,,,,
Filename: cp18stt11.csv,,,,
"Table 11. Average elapsed time between sentencing and execution, 1977-2018",,,,
"Report title: Capital Punishment, 2018 - Statistical Tables  NCJ 254786",,,,
"Data Source: Bureau of Justice Statistics, National Prisoner Statistics program (NPS-8), 1977-2018",,,,
"Author: Tracy L. Snell, BJS Statistician",,,,
Refer questions to: askbjs@usdoj.gov 202-307-0765,,,,
Date of version: 9/29/2020,,,,
,,,,
"Table 11. Average elapsed time between sentencing and execution, 1977-2018",,,,
,,Executions,Average elapsed time from sentence to execution/b,
Year/a,Total,"1,490",144, mos.
1977,,1,3,
1979,,2,42,
1981,,1,13,
1982,,2,53,
1983,,5,71,
1984,,21,74,
1985,,18,71,
1986,,18,87,
1987,,25,86,
1988,,11,80,
1989,,16,95,
1990,,23,95,
1991,,14,116,
1992,,31,114,
1993,,38,113,
1994,,31,122,
1995,,56,134,
1996,,45,125,
1997,,74,133,
1998,,68,130,
1999,,98,143,
2000,,85,137,
2001,,66,142,
2002,,71,127,
2003,,65,131,
2004,,59,132,
2005,,60,147,
2006,,53,145,
2007,,42,153,
2008,,37,139,
2009,,52,169,
2010,,46,178,
2011,,43,198,
2012,,43,190,
2013,,39,186,
2014,,35,218,
2015,,28,195,
2016,,20,204,
2017,,23,243,
2018,,25,238,
"Note: In 1972, the U.S. Supreme Court invalidated capital-punishment statutes in several states (Furman v. Georgia, 408 U.S. 238 (1972)), effecting a moratorium on executions. Executions resumed in 1977 when the court found that revisions to statutes in several states had effectively addressed the matters previously held unconstitutional (Gregg v. Georgia, 428 U.S. 153 (1976) and its companion cases).",,,,
a/No executions were carried out in 1978 or 1980.,,,,
b/Average time was calculated from the most recent sentencing date.,,,,
"Source: Bureau of Justice Statistics, National Prisoner Statistics program (NPS-8), 1977-2018.",,,,
