Bureau of Justice Statistics,
Filename: cp18stf05.csv,
"Figure 5. Advance count of executions, January 1, 2019-December 31, 2019",
"Report title: Capital Punishment, 2018 - Statistical Tables  NCJ 254786",
"Data Source: Bureau of Justice Statistics, National Prisoner Statistics program (NPS-8), 2018",
"Author: Tracy L. Snell, BJS Statistician",
Refer questions to: askbjs@usdoj.gov 202-307-0765,
Date of version: 9/29/2020,
,
"Figure 5. Advance count of executions, January 1, 2019-December 31, 2019",
Jurisdiction,Number of executions
Total,22
Texas,9
Alabama,3
Georgia,3
Tennessee,3
Florida,2
Missouri,1
South Dakota,1
"Source: Bureau of Justice Statistics, National Prisoner Statistics program (NPS-8), 2018.",
