Bureau of Justice Statistics,,,,,,,
Filename: cp18stt04.csv,,,,,,,
"Table 4. Authorized methods of execution, by state, 2018",,,,,,,
"Report title: Capital Punishment, 2018 - Statistical Tables  NCJ 254786",,,,,,,
"Data Source: Bureau of Justice Statistics, National Prisoner Statistics program (NPS-8), 2018",,,,,,,
"Author: Tracy L. Snell, BJS Statistician",,,,,,,
Refer questions to: askbjs@usdoj.gov 202-307-0765,,,,,,,
Date of version: 9/29/2020,,,,,,,
,,,,,,,
"Table 4. Authorized methods of execution, by state, 2018",,,,,,,
Jurisdiction,,Lethal injection,Electrocution, Lethal gas,Hanging,Firing squad,Nitrogen hypoxia
,Total,34,9,3,3,3,3
Alabama,,X,X,,,,X
Arizona/a,,X,,X,,,
Arkansas/b,,X,X,,,,
California/c,,X,,,,,
Colorado,,X,,,,,
Delaware/d,,X,,,X,,
Florida,,X,X,,,,
Georgia,,X,,,,,
Idaho,,X,,,,,
Indiana,,X,,,,,
Kansas,,X,,,,,
Kentucky/e,,X,X,,,,
Louisiana,,X,,,,,
Mississippi/f,,X,X,,,X,X
Missouri,,X,,X,,,
Montana,,X,,,,,
Nebraska,,X,,,,,
Nevada,,X,,,,,
New Hampshire/g,,X,,,X,,
New Mexico/h,,X,,,,,
New York,,X,,,,,
North Carolina,,X,,,,,
Ohio,,X,,,,,
Oklahoma/f,,X,X,,,X,X
Oregon,,X,,,,,
Pennsylvania,,X,,,,,
South Carolina,,X,X,,,,
South Dakota/i,,X,,,,,
Tennessee/j,,X,X,,,,
Texas,,X,,,,,
Utah/k,,X,,,,X,
Virginia,,X,X,,,,
Washington,,X,,,X,,
Wyoming/l,,X,,X,,,
"Note: The method of execution of federal prisoners is lethal injection, pursuant to 28 C.F.R. Part 26. For offenses prosecuted under the Violent Crime Control and Law Enforcement Act of 1994, the execution method is that of the state in which the conviction took place (18 U.S.C. � 3596).",,,,,,,
"a/Authorizes lethal injection for persons sentenced after November 23,1992. Prisoners sentenced before that date may select lethal injection or gas.",,,,,,,
"b/Authorizes lethal injection for persons whose offense occurred on or after July 4, 1983. Prisoners whose offense occurred before that date may select lethal injection or electrocution. Electrocution is the authorized method if lethal injection is invalidated by an unappealable court order.",,,,,,,
"c/Both lethal injection and lethal gas are authorized by statute (Cal. Pen. Code 3604). However, use of lethal gas was invalidated by a federal court (Fierro v. Terhune, 147 F.3d 1158, 1160 (9th Cir. 1998)).",,,,,,,
d/Authorizes hanging if lethal injection is held to be unconstitutional by a court of competent jurisdiction.,,,,,,,
"e/Authorizes lethal injection for persons sentenced on or after March 31, 1998. Prisoners sentenced before that date may select lethal injection or electrocution.",,,,,,,
"f/Authorizes nitrogen hypoxia if lethal injection is held to be unconstitutional, electrocution if both lethal injection and nitrogen hypoxia are held to be unconstitutional, and firing squad if all other methods are held to be unconstitutional.",,,,,,,
g/Authorizes hanging only if lethal injection cannot be given.,,,,,,,
"h/Authorizes lethal injection for persons whose capital offense occurred prior to July 1, 2009.",,,,,,,
"i/Any person sentenced to death before July 1, 2017 may choose to be executed in the manner provided by South Dakota law at the time of the person�s conviction or sentence.",,,,,,,
"j/Authorizes lethal injection for persons whose capital offense occurred after December 31, 1998. Prisoners whose offense occurred before that date may select electrocution by written waiver. Electrocution is the authorized method if a court or the commissioner of corrections determines that lethal injection cannot be given. If both methods are ruled unconstitutional, state law allows for the use of any method that is constitutional.",,,,,,,
"k/Authorizes firing squad if lethal injection is held unconstitutional. Prisoners who selected execution by firing squad prior to May 3, 2004, may still be entitled to execution by that method.",,,,,,,
l/Authorizes lethal gas if lethal injection is held to be unconstitutional.,,,,,,,
"Source: Bureau of Justice Statistics, National Prisoner Statistics program (NPS-8), 2018.",,,,,,,
