Bureau of Justice Statistics,,,,,,,,,,,,,,,,,,,,
Filename: cp18stt05.csv,,,,,,,,,,,,,,,,,,,,
"Table 5. Movement of prisoners under sentence of death, by region, jurisdiction, and race, 2017 and 2018",,,,,,,,,,,,,,,,,,,,
"Report title: Capital Punishment, 2018 � Statistical Tables  NCJ 254786",,,,,,,,,,,,,,,,,,,,
"Data Source: Bureau of Justice Statistics, National Prisoner Statistics program (NPS-8), 2018",,,,,,,,,,,,,,,,,,,,
"Author: Tracy L. Snell, BJS Statistician",,,,,,,,,,,,,,,,,,,,
Refer questions to: askbjs@usdoj.gov 202-307-0765,,,,,,,,,,,,,,,,,,,,
Date of version: 9/29/2020,,,,,,,,,,,,,,,,,,,,
,,,,,,,,,,,,,,,,,,,,
"Table 5. Movement of prisoners under sentence of death, by region, jurisdiction, and race, 2017 and 2018",,,,,,,,,,,,,,,,,,,,
Region and jurisdiction/a,,"Prisoners under sentence of death, 12/31/17",,,,"Received under sentence of death, 2018 ",,,,"Removed from death row (excluding executions), 2018/b",,,,"Executed, 2018  ",,,,"Prisoners under sentence of death, 12/31/18",,
,,Total/c,White/d,Black/d,,Total/c,White/d,Black/d,,Total/c,White/d,Black/d,,Total/c,White/d,Black/d,,Total/c,White/d,Black/d
U.S. total,,"2,703","1,508","1,129",,38,28,9,,88,48,38,,25,19,6,,"2,628","1,469","1,094"
,Federal/e,60,33,26,,2,2,0,,1,0,1,,0,0,0,,61,35,25
,State,"2,643","1,475","1,103",,36,26,9,,87,48,37,,25,19,6,,"2,567","1,434","1,069"
Northeast,,155,71,81,,1,1,0,,12,7,5,,0,0,0,,144,65,76
,New Hampshire,1,0,1,,0,0,0,,0,0,0,,0,0,0,,1,0,1
,New York,0,0,0,,0,0,0,,0,0,0,,0,0,0,,0,0,0
,Pennsylvania,154,71,80,,1,1,0,,12,7,5,,0,0,0,,143,65,75
Midwest,,196,102,93,,6,4,2,,4,3,1,,3,3,0,,195,100,94
,Indiana,10,7,3,,0,0,0,,0,0,0,,0,0,0,,10,7,3
,Kansas,10,7,3,,0,0,0,,0,0,0,,0,0,0,,10,7,3
,Missouri,24,17,7,,1,1,0,,0,0,0,,0,0,0,,25,18,7
,Nebraska,11,8,3,,1,1,0,,0,0,0,,1,1,0,,11,8,3
,Ohio,138,60,77,,4,2,2,,4,3,1,,1,1,0,,137,58,78
,South Dakota,3,3,0,,0,0,0,,0,0,0,,1,1,0,,2,2,0
South,,"1,286",668,600,,22,16,5,,39,16,22,,22,16,6,,"1,247",652,577
,Alabama,182,88,93,,3,3,0,,7,1,5,,2,2,0,,176,88,88
,Arkansas,29,14,15,,2,2,0,,0,0,0,,0,0,0,,31,16,15
,Delaware,1,0,1,,0,0,0,,1,0,1,,0,0,0,,0,0,0
,Florida,350,215,134,,7,6,1,,11,4,7,,2,2,0,,344,215,128
,Georgia,55,25,30,,0,0,0,,3,2,1,,2,0,2,,50,23,27
,Kentucky,32,27,5,,0,0,0,,2,2,0,,0,0,0,,30,25,5
,Louisiana,71,23,48,,1,1,0,,3,1,2,,0,0,0,,69,23,46
,Mississippi,43,19,23,,2,1,1,,2,2,0,,0,0,0,,43,18,24
,North Carolina,143,58,78,,0,0,0,,3,2,1,,0,0,0,,140,56,77
,Oklahoma,48,22,23,,1,0,0,,2,0,2,,0,0,0,,47,22,21
,South Carolina,35,16,19,,0,0,0,,0,0,0,,0,0,0,,35,16,19
,Tennessee,60,32,27,,0,0,0,,0,0,0,,3,3,0,,57,29,27
,Texas,234,128,102,,6,3,3,,4,1,3,,13,9,4,,223,121,98
,Virginia,3,1,2,,0,0,0,,1,1,0,,0,0,0,,2,0,2
West,,"1,006",634,329,,7,5,2,,32,22,9,,0,0,0,,981,617,322
,Arizona,120,94,19,,2,0,2,,6,5,1,,0,0,0,,116,89,20
,California,742,438,272,,5,5,0,,11,7,3,,0,0,0,,736,436,269
,Colorado,3,0,3,,0,0,0,,0,0,0,,0,0,0,,3,0,3
,Idaho,9,9,0,,0,0,0,,0,0,0,,0,0,0,,9,9,0
,Montana,2,2,0,,0,0,0,,0,0,0,,0,0,0,,2,2,0
,Nevada,81,50,29,,0,0,0,,6,4,2,,0,0,0,,75,46,27
,New Mexico,2,2,0,,0,0,0,,0,0,0,,0,0,0,,2,2,0
,Oregon,30,27,2,,0,0,0,,0,0,0,,0,0,0,,30,27,2
,Utah,9,7,1,,0,0,0,,1,1,0,,0,0,0,,8,6,1
,Washington,8,5,3,,0,0,0,,8,5,3,,0,0,0,,0,0,0
,Wyoming,0,0,0,,0,0,0,,0,0,0,,0,0,0,,0,0,0
"Note: Some counts for year-end 2017 are revised from those reported in Capital Punishment, 2017: Selected Findings (NCJ 253060, BJS, July 2019). The revised counts include 5 prisoners who were reported late to the National Prisoner Statistics program or were not in the custody of state correctional authorities on December 31, 2017 (1 in the Federal Bureau of Prisons, 1 in Florida, 1 in Mississippi, and 2 in Oklahoma). The revised counts exclude 5 prisoners who were relieved of a death sentence before December 31, 2017 (3 in Mississippi and 2 in Nevada).",,,,,,,,,,,,,,,,,,,,
a/Based on U.S. Census Bureau�s regions and divisions of the United States. https://www2.census.gov/geo/pdfs/maps-data/maps/reference/us_regdiv.pdf,,,,,,,,,,,,,,,,,,,,
"b/Includes 16 deaths from natural causes (2 each in Alabama, Arizona, California, Georgia, and Pennsylvania and 1 each in Florida, Kentucky, Nevada, North Carolina, Ohio, and Utah); 4 deaths by suicide (2 in California and 1 each in Alabama and Oklahoma); 3 deaths from acute drug toxicity (California), and 1 death from murder by another prisoner (California).",,,,,,,,,,,,,,,,,,,,
"c/Includes Asians, Native Hawaiians, Other Pacific Islanders, American Indians, Alaska Natives, and persons for whom only ethnicity was identified.",,,,,,,,,,,,,,,,,,,,
d/Includes persons of Hispanic origin.,,,,,,,,,,,,,,,,,,,,
e/Excludes persons held under the jurisdiction of the U.S. Armed Forces with a military death sentence for murder.,,,,,,,,,,,,,,,,,,,,
"Source: Bureau of Justice Statistics, National Prisoner Statistics program (NPS-8), 2018.",,,,,,,,,,,,,,,,,,,,
