"Bureau of Justice Statistics",,,,,,
"filename:  hivp9804.csv",,,,,,
"table #: 4  Number of inmate deaths in State prisons, by cause, 1996-98",,,,,,
"collection title: HIV in prisons 1998    NCJ 181758",,,,,,
"data source:  National Prisoner Statistics (NPS-1)",,,,,,
"author:  Laura M. Maruschak",,,,,,
"refer questions to: askbjs@ojp.usdoj.gov (202) 307-0765",,,,,,
"date of version: 3/29/00",,,,,,
,,,,,,
"Table 4.  Number of inmate deaths in State prisons, by cause, 1996-98",,,,,,
,,"1996",,1997,,1998
,,"Rate of death per ",,"Rate of death per ",,"Rate of death per "
"Cause of death","   Number","per 100,000 inmates","   Number","per 100,000 inmates","   Number","per 100,000 inmates"
"  Total",3095,308,2872,255,2805,239
"Natural causes other",,,,,,
"than AIDS",1715,170,1859,165,1905,162
"AIDS",907,90,538,48,350,30
"Suicide",154,15,159,14,176,15
"Accident",43,4,37,3,41,3
"Execution",45,4,74,7,68,6
"By another person",65,6,75,7,55,5
"Other/unspecified",166,16,130,12,210,18
"Note:To calculate the rate of death, the number of inmates under State jurisdiction on June 30 of each year",,,,,,
"was used as an approximation of the average population exposed to the risk of death during the year.  ",,,,,,
