Bureau of Justice Statistics,,,,,,,,,,
Filename: svrca0503,,,,,,,,,,
"Table 3: Allegations of sexual violence in Federal and State prisons, local jails, and private prisons and jails, 2005",,,,,,,,,,
"Report title:  Sexual Violence Reported by Correctional Authorities, 2005 NCJ 214646",,,,,,,,,,
Data source:  Survey of Sexual Violence,,,,,,,,,,
Authors:  Allen J. Beck and Paige M. Harrison,,,,,,,,,,
Refer questions to:  askbjs@usdoj.gov   202-307-0765,,,,,,,,,,
"Date of version: July 30, 2006",,,,,,,,,,

"Table 3. Allegations of sexual violence in Federal and State prisons, local jails, and private prisons and jails, 2005",,,,,,,,,,
,,State and Federal prisons,,,Local jails,,,Private prisons and jails,,
,,Number,Percent*,,Number,Percent*,,Number,Percent*,
Inmate-on-inmate nonconsensual sexual acts,,"1,443",100,%,263,100,%,34,100,%
,Substantiated,163,13.7,,32,15.7,,7,31.8,
,Unsubstantiated,582,49,,94,46.1,,13,59.1,
,Unfounded,442,37.2,,78,38.2,,2,9.1,
,Investigation ongoing,236,,,32,,,12,,
Inmate-on-inmate abusive sexual contacts,,423,100,%,57,100,%,3,100,%
,Substantiated,103,25.8,,12,22.6,,0,0,
,Unsubstantiated,235,58.8,,17,32.1,,3,100,
,Unfounded,62,15.5,,24,45.3,,0,0,
,Investigation ongoing,13,,,4,,,0,,
Staff sexual misconduct,,"1,829",100,%,184,100,%,29,100,%
,Substantiated,195,14.9,,53,36.5,,6,20.7,
,Unsubstantiated,867,66.4,,50,34.5,,18,62.1,
,Unfounded,243,18.6,,42,29,,5,17.2,
,Investigation ongoing,519,,,39,,,0,,
Staff sexual harassment,,914,100,%,39,100,%,7,100,%
,Substantiated,39,5.7,,3,10,,0,0,
,Unsubstantiated,478,69.4,,12,40,,7,100,
,Unfounded,172,25,,15,50,,0,0,
,Investigation ongoing,226,,,8,,,0,,
"Note: Excludes facilities operated by the U.S. military, the Bureau of Immigration and Customs Enforcement, tribal authorities, and the Bureau of Indian Affairs. "
*Percents based on allegations for which investigations had been completed.
