Bureau of Justice Statistics,,,
Filename: svrca05hi1,,,
"Highlights table 1: Number of allegations of sexual violence, by type of facility, 2004 and 2005",,,
"Report title:  Sexual Violence Reported by Correctional Authorities, 2005 NCJ 214646",,,
Data source:  Survey of Sexual Violence,,,
Authors:  Allen J. Beck and Paige M. Harrison,,,
Refer questions to:  askbjs@usdoj.gov   202-307-0765,,,
"Date of version: July 30, 2006",,,

"Highlights table 1. Number of allegations of sexual violence, by type of facility, 2004 and 2005",,,
,,Number of allegations,
,,2005,2004
,Total*,"6,241","5,386"
Federal prisons,,268,284
State prisons,,"4,341","3,172"
Local jails,,"1,384","1,700"
Private prisons/jails,,204,210
Other facilities,,44,20
*Based on adult correctional facilities only.,,,
