Bureau of Justice Statistics,,,,,,,
Filename: svrca0504,,,,,,,
"Table 4: Characteristics of victims in substantiated incidents of inmate-on-inmate sexual violence, by type, 2005",,,,,,,
"Report title:  Sexual Violence Reported by Correctional Authorities, 2005 NCJ 214646",,,,,,,
Data source:  Survey of Sexual Violence,,,,,,,
Authors:  Allen J. Beck and Paige M. Harrison,,,,,,,
Refer questions to:  askbjs@usdoj.gov   202-307-0765,,,,,,,
"Date of version: July 30, 2006",,,,,,,

"Table 4. Characteristics of victims in substantiated incidents of inmate-on-inmate sexual violence, by type, 2005",,,,,,,
,,All facilities/a,,Prison,,Jail,
Number of incidents,,358,,208,,127,
Number of victims,,,,,,,
,1,95.8,%,94.7,%,96.9,%
,2,3.1,,3.4,,3.1,
,3,0.3,,0.5,,0.0,
,4 or more ,0.8,,1.4,,0.0,
Gender/b,,,,,,,
,Male,88.4,%,84.8,%,92.4,%
,Female,11.6,,15.2,,7.6,
Age/b,,,,,,,
,Under 18,7.7,%,0.9,%,20.6,%
,18-24,45.1,,41.4,,53.4,
,25-29,12.5,,15.8,,3.8,
,30-34,17.0,,18.1,,10.7,
,35-39,9.3,,11.2,,7.6,
,40-44,4.8,,6.5,,3.1,
,45 or older,3.7,,6.0,,0.8,
Race/Hispanic origin/b,,,,,,,
,White/c,72.7,%,78.1,%,71.0,%
,Black/c,11.9,,10.2,,11.5,
,Hispanic,9.3,,9.8,,3.8,
,"Other/c,d",6.1,,1.9,,13.7
"a/Includes substantiated incidents reported by private prisons and jails, Indian country jails, and facilities operated by the U.S. military and ICE. ",,,,,,
"b/Based on characteristics of victims for whom gender (380), age (377), or race/Hispanic origin (377) were reported.",,,,,,
c/Excludes perpetrators of Hispanic origin.,,,,,,
"d/Includes American Indians, Alaska Natives, Asians, Native Hawaiians, and Other Pacific Islanders.",,,,,,
