Bureau of Justice Statistics,,,,,,,
Filename: svrca0511,,,,,,,
"Table 11: Characteristics of inmates involved in staff sexual misconduct and harassment, by type of facility, 2005",,,,,,,
"Report title:  Sexual Violence Reported by Correctional Authorities, 2005 NCJ 214646",,,,,,,
Data source:  Survey of Sexual Violence,,,,,,,
Authors:  Allen J. Beck and Paige M. Harrison,,,,,,,
Refer questions to:  askbjs@usdoj.gov   202-307-0765,,,,,,,
"Date of version: July 30, 2006",,,,,,,

"Table 11. Characteristics of inmates involved in staff sexual misconduct and harassment, by type of facility, 2005",,,,,,,
,,All facilities/a,,Prison,,Jail,
Number of incidents,,344,,208,,111,
Gender/b,,,,,,,
,Male,52.0,%,67.5,%,21.9,%
,Female,48.0,,32.5,,78.1,
Age/b,,,,,,,
,Under 18,0.6,%,0.0,%,1.7,%
,18-24,17.6,,12.8,,24.4,
,25-29,28.5,,25.1,,26.9,
,30-34,22.9,,27.5,,18.5,
,35-39,17.3,,18.0,,18.5,
,40-44,6.7,,8.5,,5.0,
,45 or older,6.4,,8.1,,5.0,
Race/Hispanic origin,,,,,,,
,White/c,56.8,%,54.2,%,66.7,%
,Black/c,26.9,,32.1,,24.0,
,Hispanic,9.8,,9.4,,6.2,
,"Other/c,d",6.5,,4.2,,3.1,
"a/Includes substantiated incidents reported by private prisons and jails, Indian country jails, and facilities operated by the U.S. military and ICE. ",,,,,,,
b/The number of victims of staff misconduct totaled 390: gender was reported for 367; age for 358; and race/Hispanic origin for 368. ,,,,,,,
c/Excludes inmates of Hispanic origin. ,,,,,,,
"d/Includes American Indians, Alaska Natives, Asians, Native Hawaiians, and Other Pacific Islanders. ",,,,,,,
