Bureau of Justice Statistics,,,,,,,,,,,,
Filename: svrca0507,,,,,,,,,,,,
"Table 7: Impact on victim and perpetrator in substantiated incidents of inmate-on-inmate sexual violence, by type, 2005",,,,,,,,,,,,
"Report title:  Sexual Violence Reported by Correctional Authorities, 2005 NCJ 214646",,,,,,,,,,,,
Data source:  Survey of Sexual Violence,,,,,,,,,,,,
Authors:  Allen J. Beck and Paige M. Harrison,,,,,,,,,,,,
Refer questions to:  askbjs@usdoj.gov   202-307-0765,,,,,,,,,,,,
"Date of version: July 30, 2006",,,,,,,,,,,,

"Table 7. Impact on victim and perpetrator in substantiated incidents of inmate-on-inmate sexual violence, by type, 2005",,,,,,,,,,,,
,,,All facilities/a,,Prison,,Jail,,Nonconsensual sexual acts,,Abusive sexual contacts,
Victim injured,,,,,,,,,,,,
,No,,84.6,%,80.0,%,95.7,%,78.4,%,96.6,%
,Yes/b,,15.4,,20.0,,4.3,,21.6,,3.4,
,,Broken bones,0.3,,0.5,,0.0,,0.4,,0.0,
,,Anal/vaginal tearing,6.1,,5.4,,2.6,,9.3,,0.0,
,,Teeth chipped/knocked out,0.3,,0.0,,0.9,,0.0,,0.9,
,,Knocked unconscious,0.3,,0.5,,0.0,,0.4,,0.0,
,,"Bruises, black eye, sprains,",,,,,,,,,,
,,"cuts, scratches, swelling",11.0,,15.6,,2.6,,15.0,,3.4,
Medical followup for victim,,,,,,,,,,,,
,Given medical examination,,53.4,%,58.9,%,42.5,%,63.3,%,33.3,%
,Administered rape kit,,19.0,,21.3,,8.7,,26.7,,3.4,
,Tested for HIV/AIDS,,12.0,,14.0,,6.3,,17.0,,1.7,
,Tested for other STD,,11.8,,14.0,,5.5,,16.6,,1.7,
,Provided counseling or mental,,,,,,,,,,,
,health treatment,,34.9,,43.5,,20.3,,32.9,,39.3,
,None of the above,,35.7,,29.0,,46.9,,31.7,,43.6,
Change in housing/custody for victim/c,,,,,,,,,,,,
,Placed in administratve segregation,,,,,,,,,,,
,or protective custody,,44.0,%,46.6,%,40.2,%,49.3,%,30.3,%
,Placed in medical unit,,8.7,,13.2,,2.0,,9.1,,7.8,
,Confined to own cell/room,,9.0,,3.2,,18.6,,10.5,,5.6,
,Transferred to another facility,,10.7,,17.5,,0.0,,12.3,,6.7,
,Other (reported after release/transfer),,4.8,,2.6,,1.0,,6.0,,2.2,
,None of the above,,31.7,,30.7,,38.2,,23.2,,52.8,
Sanction imposed on perpetrator,,,,,,,,,,,,
,Solitary/disciplinary,,70.8,%,84.5,%,55.9,%,71.6,%,69.6,%
,Confined to own cell/room,,27.9,,21.8,,40.2,,25.1,,33.0,
,Placed in higher custody,,20.1,,16.6,,26.8,,27.3,,5.4,
,Transferred to another facility,,18.9,,25.4,,9.4,,17.7,,21.2,
,Loss of good time,,13.4,,22.8,,0.0,,13.9,,12.5,
,Given extra work,,0.6,,0.5,,0.0,,0.4,,0.9,
,Loss of privileges,,20.7,,21.2,,22.0,,21.6,,18.8,
,Legal action,,51.3,,31.1,,83.5,,57.6,,39.3,
,,Arrested,12.2,,4.1,,20.5,,15.9,,4.5,
,,Referred for prosecution,45.6,,28.5,,77.3,,50.6,,34.8,
,,Given new sentence,4.1,,1.0,,9.4,,6.1,,0.0,
,Disciplinary report issued,,4.7,,8.3,,0.0,,6.1,,1.8
Note: Detail may sum to more than 100% because multiple responses were allowed for each item.,,,,,,,,,,,
"a/Includes substantiated incidents reported by private prisons and jails, Indian country jails, and facilities operated by the U.S. military and ICE. ",,,,,,,,,,,
"b/The categories ""knife or stab wounds"" and ""internal injuries"" were not marked in any incident.",,,,,,,,,,,
"c/The categoy ""given a higher custody level within the facility"" was not marked in any incident.",,,,,,,,,,,
,,,,,,,,,,,
,,,,,,,,,,,
