Bureau of Justice Statistics,,,,,,,
Filename: svrca0512,,,,,,,
"Table 12: Characteristics of staff involved in staff sexual misconduct and harassment, by type of facility, 2005",,,,,,,
"Report title:  Sexual Violence Reported by Correctional Authorities, 2005 NCJ 214646",,,,,,,
Data source:  Survey of Sexual Violence,,,,,,,
Authors:  Allen J. Beck and Paige M. Harrison,,,,,,,
Refer questions to:  askbjs@usdoj.gov   202-307-0765,,,,,,,
"Date of version: July 30, 2006",,,,,,,

"Table 12. Characteristics of staff involved in staff sexual misconduct and harassment, by type of facility, 2005",,,,,,,
,,All facilities*,,Prison,,Jail,
Type of staff involved,,,,,,,
,Full/part-time employee,86.7,%,86.2,%,87.9,%
,Contract employee/vendor,13.3,,13.8,,12.1,
,Volunteer/intern,0.6,,1.0,,0.0,
Position of staff involved,,,,,,,
,Administrator,1.8,%,2.9,%,0.0,%
,Correctional officer,68.7,,57.0,,89.1,
,Clerical,3.5,,3.9,,3.6,
,Maintenance,10.9,,15.9,,0.9,
,Medical/health care,6.2,,9.7,,0.9,
,Educational,2.6,,3.9,,0.9,
,Other program staff,1.5,,2.4,,0.0,
,Other,6.8,,5.3,,9.1,
"*Includes substantiated incidents reported by private prisons and jails, Indian country jails, and facilities operated by the U.S. military and ICE. ",,,,,,,
