Bureau of Justice Statistics,,,,,,,,,,,
Filename: svrca05ap4a,,,,,,,,,,,
"Appendix table 4a:  Allegations of inmate-on-inmate sexual violence reported in other correctional facilties, by type, 2005",,,,,,,,,,,
"Report title:  Sexual Violence Reported by Correctional Authorities, 2005 NCJ 214646",,,,,,,,,,,
Data source:  Survey of Sexual Violence,,,,,,,,,,,
Authors:  Allen J. Beck and Paige M. Harrison,,,,,,,,,,,
Refer questions to:  askbjs@usdoj.gov   202-307-0765,,,,,,,,,,,
"Date of version: July 30, 2006",,,,,,,,,,,

"Appendix table 4a. Allegations of inmate-on-inmate sexual violence reported in other correctional facilties, by type, 2005",,,,,,,,,,,
,,,Reported inmate-on-inmate nonconsensual sexual acts,,,,Reported inmate-on-inmate abusive sexual contacts,,,,
Jurisdiction and facility ,,"Average daily population, 2005",Allegations,Substantiated,Unsubstantiated,Unfounded,Allegations,Substantiated,Unsubstantiated,Unfounded,ongoing
,Total,"9,547",2,0,0,2,1,1,0,0,
U.S. Military,,,,,,,,,,,
,Air Force,120,0,0,0,0,0,0,0,0,
,Army,"1,113",0,0,0,0,0,0,0,0,
,Marines,631,0,0,0,0,0,0,0,0
,Navy,730,0,0,0,0,1,1,0,0
U.S. Immigration and Customs Enforcement,,,,,,,,,,
,"Aguadilla, PR/*",5,0,0,0,0,/,/,/,/
,"Aurora, CO",15,0,0,0,0,0,0,0,0
,"Batavia, NY",454,0,0,0,0,0,0,0,0
,"El Centro, CA",480,0,0,0,0,0,0,0,0
,"Elizabeth, NJ",350,0,0,0,0,0,0,0,0
,"El Paso, TX",624,0,0,0,0,0,0,0,0
,"Florence, AZ*",343,0,0,0,0,/,/,/,/
,"Houston, TX",820,0,0,0,0,0,0,0,0
,"Laredo, TX",260,0,0,0,0,0,0,0,0
,"Los Fresnos, TX",600,0,0,0,0,0,0,0,0
,"Miami, FL/*",580,0,0,0,0,/,/,/,/
,"San Diego, CA","1,119",0,0,0,0,0,0,0,0
,"San Pedro, CA/*",393,0,0,0,0,/,/,/,/
,"Tacoma, WA",496,1,0,0,1,0,0,0,0
Jails in Indian Country,,,,,,,,,,
,"Gila River Dept. of Cor. and Rehab., AZ",152,0,0,0,0,0,0,0,0
,"Hopi Rehabilitation Center, AZ",66,0,0,0,0,0,0,0,0
,"Red Lake Law Enforcement Services, MN",56,0,0,0,0,0,0,0,0
,"Rosebud Sioux Tribe Law Enforcement, SD",39,1,0,0,1,0,0,0,0
,"Supai Jail, AZ",11,0,0,0,0,0,0,0,0
,"White Mountain Apache Police Deprt., AZ",65,0,0,0,0,0,0,0,0
,"Zuni Detention Facility, NM",25,0,0,0,0,0,0,0,0
Note: The total number of allegations includes ongoing investigations (not shown). ,,,,,,,,,,
/Not reported.,,,,,,,,,,
*Allegations of abusive sexual contacts could not be counted separately from allegations of nonconsensual sexual acts.,,,,,,,,,,
