Bureau of Justice Statistics,,,,,,,,,
Filename: svrca05ap3b,,,,,,,,,
"Appendix table 3b: Allegations of staff sexual misconduct with inmates reported in private prisons and jails, by type, 2005",,,,,,,,,
"Report title:  Sexual Violence Reported by Correctional Authorities, 2005 NCJ 214646",,,,,,,,,
Data source:  Survey of Sexual Violence,,,,,,,,,
Authors:  Allen J. Beck and Paige M. Harrison,,,,,,,,,
Refer questions to:  askbjs@usdoj.gov   202-307-0765,,,,,,,,,
"Date of version: July 30, 2006",,,,,,,,,

"Appendix table 3b. Allegations of staff sexual misconduct with inmates reported in private prisons and jails, by type, 2005",,,,,,,,,
,,Reported allegations of staff sexual misconduct with inmates,,,,Reported allegations of staff sexual harassment of inmates,,,
Jurisdiction and facility ,,Allegations,Substantiated,Unsubstantiated,Unfounded,Allegations,Substantiated,Unsubstantiated,Unfounded
,Total,29,6,18,5,7,0,7,0
Arizona,,,,,,,,,
,Arizona State Prison- Kingman (MTC),0,0,0,0,2,0,2,0
,Central Arizona Detention Center (CCA),0,0,0,0,0,0,0,0
California,,,,,,,,,
,Central Valley Community Cor. (GEO)/a,0,0,0,0,/,/,/,/
,Taft Correctional Institution (GEO),1,0,1,0,0,0,0,0
Colorado,,,,,,,,,
,"ComCor, Inc./b",0,0,0,0,0,0,0,0
,Crowley County Correctional Facility (CSC),0,0,0,0,0,0,0,0
,Phoenix Center ,0,0,0,0,0,0,0,0
Connecticut,,,,,,,,,
,Cochegan House (Connections),0,0,0,0,0,0,0,0
Florida,,,,,,,,,
,Bay County Jail and Annex (CCA),1,1,0,0,1,0,1,0
,Moore Haven Correctional Facility (GEO),0,0,0,0,0,0,0,0
,South Bay Correctional Facility (GEO),0,0,0,0,1,0,1,0
Georgia,,,,,,,,,
,Wheeler Correctional Facility (CCA)/c,/,/,/,/,/,/,/,/
Indiana,,,,,,,,,
,Volunteers of America of Indiana (VOA),0,0,0,0,0,0,0,0
Kentucky,,,,,,,,,
,Lee Adjustment Center (CORC),2,0,1,1,0,0,0,0
Louisiana,,,,,,,,,
,Allen Correctional Center (GEO),3,0,3,0,0,0,0,0
Mississippi,,,,,,,,,
,Delta Correctional Facility (CCA),0,0,0,0,0,0,0,0
,East Mississippi Correctional Facility (GEO)/a,3,0,1,2,/,/,/,/
New Jersey,,,,,,,,,
,Hope Hall (VOA),0,0,0,0,0,0,0,0
New Mexico,,,,,,,,,
,Guadalupe County Correctional Facilty (GEO),0,0,0,0,0,0,0,0
Ohio,,,,,,,,,
,Lake Erie Correctional Institution (MTC),0,0,0,0,0,0,0,0
Oklahoma,,,,,,,,,
,Cimarron Correctional Facility (CCA),0,0,0,0,0,0,0,0
,Diamondback Correctional Facility (CCA)/a,13,2,10,1,/,/,/,/
Pennsylvania,,,,,,,,,
,George W. Hill Correctional Facility (GEO)/a,1,1,0,0,/,/,/,/
Tennessee,,,,,,,,,
,Hardeman County Correctional Center (CCA),0,0,0,0,0,0,0,0
,Metro Davidson County Detention Facility (CCA),0,0,0,0,1,0,1,0
,South Central Correctional Center (CORC),0,0,0,0,0,0,0,0
Texas,,,,,,,,,
,Big Spring Community Cor. Center (Cornell)/a,2,0,2,0,/,/,/,/
,Bradshaw State Jail (CORC),1,1,0,0,0,0,0,0
,Bridgeport Pre-Parole Facility (CCA)/a,0,0,0,0,/,/,/,/
,Dawson State Jail (CCA)/a,1,0,0,1,/,/,/,/
,Houston/Reid Community Cor. Facility (Cornell),0,0,0,0,0,0,0,0
,Limestone County Detention Center (CiviGenics)/a,0,0,0,0,/,/,/,/
,Lockhart Pre-Parole Facility (GEO)/c,0,0,0,0,/,/,/,/
,Mineral Wells Pre-Parole Facility (CCA),0,0,0,0,0,0,0,0
,Willacy County State Jail (CCA),1,1,0,0,1,0,1,0
Virgina,,,,,,,,,
,Lawrenceville Correctional Center (CCA),0,0,0,0,1,0,1,0
Note: The total number of allegations includes ongoing investigations (not shown). ,,,,,,,,,
Initials identify the following: ,,,,,,,,,
CCA - Corrections Corporation of America.,,,,,,,,,
CiviGenics - CiviGenics Corporation. ,,,,,,,,,
Connections - The Connections Incorporated.,,,,,,,,,
CORC - Corrections Corporation.,,,,,,,,,
CSC - Correctional Services Corporation.,,,,,,,,,
"Cornell - Cornell Companies, Incorporated. ",,,,,,,,,
GEO - Global Expertise in Outsourcing. ,,,,,,,,,
MTC - Management and Training Corporation. ,,,,,,,,,
VOA - Volunteers of America.,,,,,,,,,
/Not reported.,,,,,,,,,
a/Reports of staff sexual misconduct may include reports of staff sexual harassment.,,,,,,,,,
b/Reports of staff sexual misconduct are based on substantiated allegations only.
c/Reports of staff sexual misconduct are not recorded in a central database.
