"Bureau of Justice Statistics",,,,,,,
"Filename:  cfjs0043.csv",,,,,,,
"Table 4.3.  Time from filing to disposition of cases terminating from October 1, 1999 - September 30, 2000",,,,,,,
"Report title:  Compendium of Federal Justice Statistics, 2000   NCJ  194067",,,,,,,
"Data source:  Federal justice statistics database maintained by The Urban Institute",,,,,,,
"Author:  Urban Institute under the supervision of BJS",,,,,,,
"Refer  questions to:  askbjs@ojp.usdoj.gov  202-307-0765",,,,,,,
"Date of version:  April 17, 2002",,,,,,,
,,,,,,,
,,,,,,,
"Table 4.3.  Time from filing to disposition of cases terminating from October 1, 1999 - September 30, 2000",,,,,,,
,,,"",,,,
,,,,"Average time from filing to disposition for defendants in cases",,,
,,,,"resulting in--",,,
"Most serious offense charged",,,," All outcomes","Dismissal/a","Guilty plea","Trial/b"
,,,"   All offenses",9.1,15.5,8.3,11.0
"Felonies",,,,9.8,16.0,9.0,14.3
,"Violent offenses",,,10.0,12.2,9.5,12.7
,,"Murder/c",,11.6,15.7,10.4,14.3
,,"Negligent manslaughter",,"--","--","...","..."
,,"Assault",,7.9,8.8,7.5,9.2
,,"Robbery",,8.9,11.2,8.5,13.9
,,"Sexual abuse/c",,9.8,12.2,9.4,10.7
,,"Kidnaping",,19.5,15.0,21.0,13.5
,,"Threats against the President",,6.9,"...",6.3,"--"
,"Property offenses",,,10.2,16.4,9.3,17.0
,,"Fraudulent",,10.3,16.6,9.3,17.6
,,,"Embezzlement",7.9,9.7,7.2,22.5
,,,"Fraud/c",10.9,18.1,9.8,17.8
,,,"Forgery",10.0,12.8,9.7,"..."
,,,"Counterfeiting",8.7,11.5,8.3,12.2
,,"Other",,10.0,15.4,9.2,14.6
,,,"Burglary",6.9,"--",6.9,"--"
,,,"Larceny/c",8.9,12.1,8.5,12.6
,,,"Motor vehicle theft",11.7,18.6,11.0,12.1
,,,"Arson and explosives",11.7,12.2,11.0,15.5
,,,"Transportation of stolen property",13.5,24.8,11.2,20.0
,,,"Other property offenses/c",9.7,"--",9.1,"--"
,"Drug offenses",,,11.4,18.6,10.6,14.4
,,"Trafficking",,11.4,19.1,10.6,14.6
,,"Possession and other drug offenses",,11.0,11.6,10.8,12.4
,"Public order offenses",,,7.4,12.5,6.7,12.5
,,"Regulatory",,10.8,17.4,9.7,14.3
,,,"Agriculture",11.2,"--",10.6,"--"
,,,"Antitrust",12.7,"--",6.9,"..."
,,,"Food and drug",11.2,"--",10.4,"--"
,,,"Transportation",9.1,12.5,8.5,"--"
,,,"Civil rights",13.6,16.3,13.2,11.0
,,,"Communications",5.8,"--",6.1,"..."
,,,"Custom laws",13.4,26.4,11.1,"--"
,,,"Postal laws",8.4,"--",9.1,"--"
,,,"Other regulatory offenses",10.4,14.2,9.6,16.3
,,"Other",,7.2,12.0,6.6,12.3
,,,"Weapons",9.8,10.7,9.5,11.4
,,,"Immigration offenses",4.4,5.9,4.3,8.1
,,,"Tax law violations/c",12.4,24.4,11.7,14.5
,,,"Bribery",10.8,16.4,10.0,13.3
,,,"Perjury, contempt, and intimidation",12.7,15.6,11.5,14.6
,,,"National defense",18.6,"??",11.7,"--"
,,,"Escape",13.1,32.6,8.7,15.3
,,,"Racketeering and extortion",16.6,18.6,16.1,18.2
,,,"Gambling",12.0,"--",11.0,"--"
,,,"Liquor offenses","--","--","--","..."
,,,"Nonviolent sex offenses",7.9,7.6,7.6,15.7
,,,"Obscene material/c","--","...","--","--"
,,,"Traffic offenses",11.5,"--",6.7,"--"
,,,"Migratory birds","--","...","--","..."
,,,"All other felonies/c",7.8,5.7,8.1,"--"
"Misdemeanors/c",,,,5.5,14.7,2.9,1.3
,"Fraudulent property offense",,,4.6,12.2,3.6,"--"
,"Larceny",,,6.3,10.5,4.2,3.8
,"Drug possession/c",,,5.2,9.2,3.8,5.4
,"Immigration",,,0.6,4.4,0.5,"..."
,"Traffic offenses",,,6.4,21.6,2.1,0.3
,"Other misdemeanors",,,5.5,10.0,4.1,3.0
"Unknown or indeterminable offense",,,,6.8,"--",6.7,"--"
,,,,,,,
"--Too few cases to obtain statistically reliable data.",,,,,,,
"...No cases of this type occurred in the data.",,,,,,,
"(SEE PRINTED REPORT FOR FOOTNOTES.)",,,,,,,
