"Bureau of Justice Statistics",,,,,,,,,,,
"Filename:  cfjs0022.csv",,,,,,,,,,,
"Table 2.2.  Disposition of suspects in matters concluded, by offense, October 1, 1999 - September 30, 2000",,,,,,,,,,,
"Report title:  Compendium of Federal Justice Statistics, 2000   NCJ  194067",,,,,,,,,,,
"Data source:  Federal justice statistics database maintained by The Urban Institute",,,,,,,,,,,
"Author:  Urban Institute under the supervision of BJS",,,,,,,,,,,
"Refer  questions to:  askbjs@ojp.usdoj.gov  202-307-0765",,,,,,,,,,,
"Date of version:  April 17, 2002",,,,,,,,,,,
,,,,,,,,,,,
,,,,,,,,,,,
"Table 2.2.  Disposition of suspects in matters concluded, by offense, October 1, 1999 - September 30, 2000",,,,,,,,,,,
,,,,,,,,,,,
,,,"Suspects in criminal matters concluded",,,,,,,,
,,,"Number",,,,,"Percent",,,
,,,,"Prosecuted",,"Disposed",,,"Prosecuted",,"Disposed"
,,,,"in U.S. dis-",,"by U.S.",,,"in U.S. dis-",,"by U.S."
"Most serious offense investigated/a",,,"Total","trict court/b","Declined","magistrates",,"Total","trict court/b","Declined","magistrates"
,," All offenses/c",117450,73090,30444,13916,,100,62.2,25.9,11.8
"Violent offenses",,,5641,3403,1909,329,,100,60.3,33.8,5.8
,"Murder/d",,512,245,231,36,,100,47.9,45.1,7.0
,"Assault",,1327,642,538,147,,100,48.4,40.5,11.1
,"Robbery",,2711,2111,504,96,,100,77.9,18.6,3.5
,"Sexual abuse/d",,696,275,408,13,,100,39.5,58.6,1.9
,"Kidnaping",,262,105,133,24,,100,40.1,50.8,9.2
,"Threats against the President",,133,25,95,13,,100,18.8,71.4,9.8
"Property offenses",,,27713,14675,11060,1978,,100,53.0,39.9,7.1
,"Fraudulent",,24186,12988,9830,1368,,100,53.7,40.6,5.7
,,"Embezzlement",3750,1903,1354,493,,100,50.7,36.1,13.1
,,"Fraud/d",18314,9611,7918,785,,100,52.5,43.2,4.3
,,"Forgery",1497,1012,415,70,,100,67.6,27.7,4.7
,,"Counterfeiting",625,462,143,20,,100,73.9,22.9,3.2
,"Other",,3527,1687,1230,610,,100,47.8,34.9,17.3
,,"Burglary",49,36,12,1,,100,73.5,24.5,2.0
,,"Larceny/d",1565,961,464,140,,100,61.4,29.6,8.9
,,"Motor vehicle theft",565,278,274,13,,100,49.2,48.5,2.3
,,"Arson and explosives",657,273,359,25,,100,41.6,54.6,3.8
,,"Transportation of stolen property",90,49,38,3,,100,54.4,42.2,3.3
,,"Other property offenses/d",601,90,83,428,,100,15.0,13.8,71.2
"Drug offenses",,,37009,28917,6126,1966,,100,78.1,16.6,5.3
"Public-order offenses",,,46238,25841,11122,9275,,100,55.9,24.1,20.1
,"Regulatory",,5840,1862,3341,637,,100,31.9,57.2,10.9
,,"Agriculture",348,166,149,33,,100,47.7,42.8,9.5
,,"Antitrust",69,53,16,0,,100,76.8,23.2,0.0
,,"Food and drug",166,90,65,11,,100,54.2,39.2,6.6
,,"Transportation",70,39,21,10,,100,55.7,30.0,14.3
,,"Civil rights",1712,124,1581,7,,100,7.2,92.3,0.4
,,"Communications",91,34,56,1,,100,37.4,61.5,1.1
,,"Custom laws",344,183,136,25,,100,53.2,39.5,7.3
,,"Postal laws",180,86,40,54,,100,47.8,22.2,30.0
,,"Other regulatory offenses",2860,1087,1277,496,,100,38.0,44.7,17.3
,"Other",,40398,23979,7781,8638,,100,59.4,19.3,21.4
,,"Weapons",7753,5026,2566,161,,100,64.8,33.1,2.1
,,"Immigration offenses",16110,13414,497,2199,,100,83.3,3.1,13.6
,,"Tax law violations/d",941,627,302,12,,100,66.6,32.1,1.3
,,"Bribery",344,160,179,5,,100,46.5,52.0,1.5
,,"Perjury, contempt, and intimidation",645,259,356,30,,100,40.2,55.2,4.7
,,"National defense",725,550,98,77,,100,75.9,13.5,10.6
,,"Escape",2858,716,585,1557,,100,25.1,20.5,54.5
,,"Racketeering and extortion",3073,1430,1569,74,,100,46.5,51.1,2.4
,,"Gambling",296,213,82,1,,100,72.0,27.7,0.3
,,"Liquor offenses",15,12,3,0,,100,80.0,20.0,0.0
,,"Nonviolent sex offenses",1238,689,524,25,,100,55.7,42.3,2.0
,,"Obscene material/d",23,7,15,1,,100,30.4,65.2,4.3
,,"Traffic",311,0,1,310,,100,0.0,0.3,99.7
,,"Migratory birds",605,68,32,505,,100,11.2,5.3,83.5
,,"Conspiracy, aiding and abetting, and jurisdictional offenses",4331,500,268,3563,,100,11.5,6.2,82.3
,,"All other offenses/d",1130,308,704,118,,100,27.3,62.3,10.4
"Unknown or indeterminable offense",,,849,254,227,368,,100,29.9,26.7,43.3
,,,,,,,,,,,
"--Too few cases to obtain statistically reliable data.",,,,,,,,,,,
"(SEE PRINTED REPORT FOR FOOTNOTES)",,,,,,,,,,,
