"Bureau of Justice Statistics",,,,
"Filename:  cfjs0024.csv",,,,
"Table 2.4.  Basis for declination of prosecution by U.S. attorneys, October 1, 1999 - September 30, 2000",,,,
"Report title:  Compendium of Federal Justice Statistics, 2000   NCJ  194067",,,,
"Data source:  Federal justice statistics database maintained by The Urban Institute",,,,
"Author:  Urban Institute under the supervision of BJS",,,,
"Refer  questions to:  askbjs@ojp.usdoj.gov  202-307-0765",,,,
"Date of version:  April 17, 2002",,,,
,,,,
,,,,
"Table 2.4.  Basis for declination of prosecution by U.S. attorneys, October 1, 1999 - September 30, 2000",,,,
,,,,
,,,"Suspects in criminal matters",
,,,"declined by U.S. attorneys",
"Basis for declination",,,"Number","Percent/a"
," Total declinations/b",,30444,100.0
"No crime",,,6782,22.6
,"No true bill returned",,29,0.1
,"No Federal offense",,1893,6.3
,"Lack of criminal intent",,4860,16.2
"Referred or handled in other prosecution",,,6599,22.0
,"Removed",,1865,6.2
,"Prosecuted on other charges",,1293,4.3
,"Prosecuted by other authorities",,3436,11.5
,"Transfered to state authorities",,5,"--"
"Alternative resolution",,,1252,4.2
,"Restitution",,102,0.3
,"Civil or administrative alternative",,533,1.8
,"Pretrial diversion",,617,2.1
"Suspect-related reasons",,,776,2.6
,"Suspect serving sentence",,103,0.3
,"No known suspect",,381,1.3
,"Suspect a fugitive",,53,0.2
,"Suspect deceased",,204,0.7
,"Suspect deported",,35,0.1
"Case-related reasons",,,7707,25.7
,"Stale case",,512,1.7
,"Weak evidence",,6294,21.0
,"Statute of limitations exceeded",,216,0.7
,"Jurisdiction or venue problems",,279,0.9
,"Witness problems",,406,1.4
"All other reasons",,,6852,22.9
,"Minimal Federal interest",,1680,5.6
,"Petite policy",,97,0.3
,"Lack of resources",,998,3.3
,"DOJ policy",,535,1.8
,"U.S. attorney policy",,1102,3.7
,"Agency request",,2106,7.0
,"Juvenile suspect",,73,0.2
,"Offender's health, age, prior record, or other personal circumstances",,94,0.3
,"Suspect's cooperation",,167,0.6
"Unknown or indeterminable reason",,,476,
,,,,
"--Less than .05%",,,,
"(SEE PRINTED REPORT FOR FOOTNOTES)",,,,
