"Bureau of Justice Statistics",,,,,,,,,,,,
"Filename:  cfjs0054.csv",,,,,,,,,,,,
"Table 5.4.  Convicted offenders sentenced to incarceration, by offense and offender characteristics, October 1, 1999 - September 30, 2000",,,,,,,,,,,,
"Report title:  Compendium of Federal Justice Statistics, 2000   NCJ  194067",,,,,,,,,,,,
"Data source:  Federal justice statistics database maintained by The Urban Institute",,,,,,,,,,,,
"Author:  Urban Institute under the supervision of BJS",,,,,,,,,,,,
"Refer  questions to:  askbjs@ojp.usdoj.gov  202-307-0765",,,,,,,,,,,,
"Date of version:  April 17, 2002",,,,,,,,,,,,
,,,,,,,,,,,,
,,,,,,,,,,,,
"Table 5.4.  Convicted offenders sentenced to incarceration, by offense and offender characteristics, October 1, 1999 - September 30, 2000",,,,,,,,,,,,
,,,"",,,,,,,,,
,,,,,"Percent of all convicted offenders who were incarcerated in cases terminated during 2000",,,,,,,
,,,,"Total",,"Felonies",,,,,,
,,,,"number of","All","Violent","Property offenses",,"Drug","Public-order offenses",,
"Offender characteristic",,,,"offenders","offenses/a","offenses","Fraudulent","Other","offenses","Regulatory","Other","Misdemeanors"
,,," All offenders/a",68156,74.0,92.3,60.3,57.8,92.3,47.0,87.7,15.1
"Male/Female",,,,,,,,,,,,
,"Male",,,51674,82.4,93.6,65.4,65.6,94.2,52.6,89.7,21.6
,"Female",,,8820,56.7,81.1,49.3,37.8,81.5,41.4,61.8,10.7
"Race",,,,,,,,,,,,
,"White",,,41274,79.7,92.3,61.9,59.8,91.4,48.7,88.9,21.5
,"Black",,,9421,78.8,95.5,55.7,50.4,95.5,57.1,89.5,18.9
,"Native American",,,970,69.5,88.1,37.5,63.2,76.2,52.6,73.9,15.7
,"Asian/Pacific Islander",,,1941,48.9,84.6,59.0,54.3,86.7,51.8,59.4,4.0
,"Other",,,134,69.4,100.0,42.9,80.0,93.8,50.0,91.3,10.0
"Ethnicity",,,,,,,,,,,,
,"Hispanic",,,24324,88.1,91.5,65.9,65.0,94.1,56.6,92.1,35.2
,"Non-Hispanic",,,35965,72.6,93.0,60.3,57.5,91.3,46.2,81.9,14.5
"Age",,,,,,,,,,,,
,"16-18 years",,,442,67.2,75.0,52.0,55.6,83.5,75.0,79.2,14.3
,"19-20 years",,,2755,77.9,94.9,51.8,58.3,91.3,57.1,90.4,14.7
,"21-30 years",,,22485,83.5,94.0,59.6,55.5,93.3,56.9,91.6,23.7
,"31-40 years",,,17589,82.1,93.5,63.7,63.4,92.8,48.8,90.2,24.6
,"Over 40 years",,,14133,73.5,92.2,60.1,57.5,91.6,45.2,80.5,19.8
"Citizenship",,,,,,,,,,,,
,"U.S. citizen",,,38276,75.0,93.4,59.2,57.6,91.3,46.2,83.1,16.9
,"Not U.S. citizen",,,21524,86.2,86.4,69.3,66.9,95.5,57.4,91.5,24.5
"Education",,,,,,,,,,,,
,"Less than high school graduate",,,25152,87.7,93.0,63.8,63.1,94.3,63.6,91.8,32.7
,"High school graduate",,,16770,77.3,94.7,59.8,55.4,92.1,51.9,85.7,16.1
,"Some college",,,9514,70.7,91.3,59.1,57.7,89.4,38.5,81.1,15.0
,"College graduate",,,3624,60.7,85.6,60.2,56.5,83.3,33.3,67.3,13.0
"Criminal record",,,,,,,,,,,,
,"No convictions",,,25375,66.3,84.6,51.4,42.5,89.1,43.3,71.2,8.1
,"Prior adult convictions/b",,,35262,87.5,96.2,73.9,72.5,95.3,62.9,94.0,32.0
,,,,,,,,,,,,
"(SEE PRINTED REPORT FOR FOOTNOTES)",,,,,,,,,,,,
