"Bureau of Justice Statistics",,,,,,,,,,,
"Filename:  cfjs0056.csv",,,,,,,,,,,
"Table 5.6.  Median incarceration sentence lengths imposed, by offense and offender characteristics, October 1, 1999 - September 30, 2000",,,,,,,,,,,
"Report title:  Compendium of Federal Justice Statistics, 2000   NCJ  194067",,,,,,,,,,,
"Data source:  Federal justice statistics database maintained by The Urban Institute",,,,,,,,,,,
"Author:  Urban Institute under the supervision of BJS",,,,,,,,,,,
"Refer  questions to:  askbjs@ojp.usdoj.gov  202-307-0765",,,,,,,,,,,
"Date of version:  April 17, 2002",,,,,,,,,,,
,,,,,,,,,,,
,,,,,,,,,,,
"Table 5.6.  Median incarceration sentence lengths imposed, by offense and offender characteristics, October 1, 1999 - September 30, 2000",,,,,,,,,,,
,,,,,,,,,,,
,,,,"Median sentence length for offenders convicted of--",,,,,,,
,,,,,"Felonies",,,,,,
,,,,"All","Violent","Property offenses",,"Drug","Public-order offenses",,
"Offender characteristic",,,,"offenses/a","offenses","Fraudulent","Other","offenses","Regulatory","Other","Misdemeanors"
,,," All offenders/a",33.0,63.0,14.0,18.0,55.0,15.0,30.0,6.0
"Male/Female",,,,,,,,,,,
,"Male",,,37.0,63.0,15.0,18.0,57.0,15.0,30.0,6.0
,"Female",,,21.0,37.0,12.0,10.5,33.0,14.0,15.0,4.0
"Race",,,,,,,,,,,
,"White",,,30.0,57.0,15.0,18.0,40.0,13.0,27.0,6.0
,"Black",,,60.0,80.0,12.0,16.0,78.0,18.0,52.0,6.0
,"Native American",,,33.0,37.0,12.0,19.5,37.0,20.0,24.0,10.5
,"Asian/Pacific Islander",,,24.0,46.0,12.0,13.0,57.0,24.0,24.0,6.0
,"Other",,,37.0,90.5,7.5,15.0,60.0,18.0,40.5,2.5
"Ethnicity",,,,,,,,,,,
,"Hispanic",,,30.0,51.0,12.0,24.0,37.0,12.0,27.0,6.0
,"Non-Hispanic",,,38.0,60.0,15.0,18.0,60.0,18.0,37.0,6.0
"Age",,,,,,,,,,,
,"16-18 years",,,18.0,41.0,15.0,24.0,18.0,16.5,12.0,7.5
,"19-20 years",,,26.0,51.0,10.0,17.5,30.0,12.0,21.0,6.0
,"21-30 years",,,37.0,57.0,12.0,17.0,57.0,15.0,30.0,6.0
,"31-40 years",,,37.0,64.5,15.0,18.0,58.0,15.0,32.0,6.0
,"Over 40 years",,,30.0,63.0,15.0,18.0,51.0,15.0,30.0,6.0
"Citizenship",,,,,,,,,,,
,"U.S. citizen",,,39.0,60.0,15.0,18.0,60.0,18.0,37.0,6.0
,"Not U.S. citizen",,,30.0,48.0,12.0,22.0,37.0,12.0,27.0,6.0
"Education",,,,,,,,,,,
,"Less than high school graduate",,,37.0,60.0,14.0,18.0,48.0,15.0,30.0,6.0
,"High school graduate",,,40.0,60.0,12.0,15.0,60.0,18.0,37.0,6.0
,"Some college",,,30.0,58.5,13.0,18.0,57.0,15.0,30.0,6.0
,"College graduate",,,24.0,57.0,17.0,26.0,46.0,15.0,20.0,7.0
"Criminal record",,,,,,,,,,,
,"No convictions",,,24.0,40.5,12.0,16.0,37.0,13.0,13.0,5.0
,"Prior adult convictions/b",,,41.0,66.0,16.0,18.0,64.0,18.0,32.0,6.0
,,,,,,,,,,,
"(SEE PRINTED REPORT FOR FOOTNOTES)",,,,,,,,,,,
