"Bureau of Justice Statistics",,,,,,,,,,,,
"Filename:  cfjs0079.csv",,,,,,,,,,,,
"Table 7.9.  Admissions and releases of Federal prisoners,  by offense, October 1, 1999 - September 30, 2000",,,,,,,,,,,,
"Report title:  Compendium of Federal Justice Statistics, 2000   NCJ  194067",,,,,,,,,,,,
"Data source:  Federal justice statistics database maintained by The Urban Institute",,,,,,,,,,,,
"Author:  Urban Institute under the supervision of BJS",,,,,,,,,,,,
"Refer  questions to:  askbjs@ojp.usdoj.gov  202-307-0765",,,,,,,,,,,,
"Date of version:  April 17, 2002",,,,,,,,,,,,
,,,,,,,,,,,,
,,,,,,,,,,,,
"Table 7.9.  Admissions and releases of Federal prisoners,  by offense, October 1, 1999 - September 30, 2000",,,,,,,,,,,,
,,,,,,,,,,,,
,,,,"Prisoners received",,,,"Prisoners released",,,,
,,,"Population","District court",,,,"First release",,,"Population","Net"
"Most serious original offense ",,,"at start","1 year","Over ","All",,"1 year","Over ","All","at end","population"
"of conviction/a",,,"of year","or less","1 year","other",,"or less","1 year","other","of year","change"
,," All offenses",120287,10633,39045,15240,,10514,30206,15156,129329,9042
"Violent offenses",,,12993,154,2029,2412,,157,1913,2545,12973,(20)
,"Murder/manslaughter/b",,1151,4,99,151,,11,86,184,1124,(27)
,"Assault",,868,79,210,429,,84,245,404,853,(15)
,"Robbery",,9435,54,1454,1489,,46,1355,1581,9450,15
,"Sexual abuse/b",,790,16,190,232,,14,157,250,807,17
,"Kidnaping",,663,0,64,44,,0,53,55,663,0
,"Threats against the President",,86,1,12,67,,2,17,71,76,(10)
"Property offenses",,,9736,2544,4278,3684,,2485,4158,3750,9849,113
,"Fraudulent",,7312,2098,3587,2391,,2068,3422,2401,7497,185
,,"Embezzlement",327,271,173,150,,258,148,152,363,36
,,"Fraud/b",6104,1595,2981,1740,,1580,2882,1772,6186,82
,,"Forgery",294,49,81,177,,48,74,173,306,12
,,"Counterfeiting",587,183,352,324,,182,318,304,642,55
,"Other",,2424,446,691,1293,,417,736,1349,2352,(72)
,,"Burglary",272,12,67,182,,11,51,191,280,8
,,"Larceny/b",937,312,288,759,,303,297,773,923,(14)
,,"Motor vehicle theft",229,21,76,73,,17,79,75,228,(1)
,,"Arson and explosives",202,6,37,63,,2,41,57,208,6
,,"Transportation of stolen property",232,31,78,42,,29,95,46,213,(19)
,,"Other property offenses/b",552,64,145,174,,55,173,207,500,(52)
"Drug offenses",,,69000,1287,20163,4997,,1246,15780,5032,73389,4389
,"Trafficking",,68286,1167,20090,4579,,1118,15709,4520,72775,4489
,"Possession and other drug offenses",,714,120,73,418,,128,71,512,614,(100)
"Public-order offenses",,,27422,6358,12185,3781,,6343,8077,3471,31855,4433
,"Regulatory",,1195,212,469,251,,213,466,243,1205,10
,"Other",,26227,6146,11716,3530,,6130,7611,3228,30650,4423
,,"Weapons",9702,157,2888,987,,153,1942,987,10652,950
,,"Immigration offenses",10668,5240,6765,1146,,5211,4016,916,13676,3008
,,"Tax law violations/b",407,148,235,80,,144,167,73,486,79
,,"Bribery",74,33,38,15,,27,27,17,89,15
,,"Perjury, contempt, and intimidation",126,25,44,37,,30,60,32,110,(16)
,,"National defense",57,8,11,8,,9,10,9,56,(1)
,,"Escape",378,56,102,99,,70,141,105,319,(59)
,,"Racketeering and extortion",3995,91,1225,259,,91,993,253,4233,238
,,"Gambling",1,1,0,0,,1,0,0,1,0
,,"Liquor",1,0,1,0,,1,1,0,0,(1)
,,"Nonviolent sex offenses",168,15,63,44,,13,48,37,192,24
,,"Obscene material/b",345,18,281,38,,14,122,33,513,168
,,"Traffic",140,290,17,711,,294,36,667,161,21
,,"Migratory birds",15,8,2,12,,7,4,10,16,1
,,"All other offenses",150,56,44,94,,65,44,89,146,(4)
"Unknown or indeterminable offenses",,,1136,290,390,366,,283,278,358,1263,127
,,,,,,,,,,,,
"(SEE PRINTED REPORT FOR FOOTNOTES)",,,,,,,,,,,,
