"Bureau of Justice Statistics",,,,,,,,,,,
"Filename:  cfjs0032.csv",,,,,,,,,,,
"Table 3.2.  Type of pretrial release, by defendant characteristics, October 1, 1999 - September 30, 2000",,,,,,,,,,,
"Report title:  Compendium of Federal Justice Statistics, 2000   NCJ  194067",,,,,,,,,,,
"Data source:  Federal justice statistics database maintained by The Urban Institute",,,,,,,,,,,
"Author:  Urban Institute under the supervision of BJS",,,,,,,,,,,
"Refer  questions to:  askbjs@ojp.usdoj.gov  202-307-0765",,,,,,,,,,,
"Date of version:  April 17, 2002",,,,,,,,,,,
,,,,,,,,,,,
,,,,,,,,,,,
"Table 3.2.  Type of pretrial release, by defendant characteristics, October 1, 1999 - September 30, 2000",,,,,,,,,,,
,,,,,,,,,,,
,,,,,"Of defendants released at any time prior to case",,,,,,
,,,,,"disposition, percent released on--",,,,,"Number of defendants",
,,,,"Percent",,"Unsecured","Personal ","Conditional",,,"All"
"Defendant characteristic",,,,"released","Financial/a","bond","recognizance","release",,"Released","defendants"
,,," All defendants/b",45.7,18.4,47.8,28.0,5.7,,31040,67903
"Male/Female",,,,,,,,,,,
,"Male",,,41.0,20.2,46.5,27.5,5.9,,23475,57195
,"Female",,,70.7,12.9,52.2,29.7,5.3,,7518,10627
"Race",,,,,,,,,,,
,"White",,,43.2,19.7,46.7,27.8,5.7,,20003,46344
,"Black",,,51.2,16.6,54.1,24.3,5.0,,8831,17233
,"Native American",,,63.1,2.9,21.8,70.8,4.4,,789,1251
,"Asian/Pacific Islander",,,43.4,22.2,42.4,31.7,3.7,,919,2116
"Ethnicity",,,,,,,,,,,
,"Hispanic",,,22.5,36.2,40.6,14.8,8.4,,6262,27801
,"Non-Hispanic",,,61.9,13.9,49.9,31.4,4.8,,24513,39605
"Age",,,,,,,,,,,
,"16-18 years",,,44.7,13.3,37.7,40.6,8.4,,616,1377
,"19-20 years",,,44.8,15.6,44.7,28.9,10.8,,1826,4075
,"21-30 years",,,39.0,19.9,48.0,25.3,6.8,,10454,26797
,"31-40 years",,,43.0,20.4,46.7,27.8,5.1,,8530,19835
,"Over 40 years",,,60.8,15.9,50.2,29.9,3.9,,9496,15622
"Education",,,,,,,,,,,
,"Less than high school graduate",,,38.3,25.0,48.3,24.2,2.5,,7942,20710
,"High school graduate",,,60.0,17.5,50.1,28.0,4.4,,10147,16918
,"Some college",,,70.3,17.1,52.2,27.9,2.8,,6757,9615
,"College graduate",,,79.6,16.0,50.1,31.3,2.6,,3338,4195
"Marital status",,,,,,,,,,,
,"Never married",,,49.4,17.5,50.5,28.1,3.8,,10367,20980
,"Divorced/separated",,,57.6,17.4,52.4,27.7,2.6,,5480,9518
,"Married",,,59.6,21.0,48.5,27.1,3.3,,10376,17395
,"Common law",,,43.8,26.9,46.6,24.8,1.6,,2137,4880
,"Other",,,17.7,6.9,26.6,34.4,32.1,,2680,15130
"Employment status at arrest",,,,,,,,,,,
,"Unemployed",,,43.3,18.0,50.1,28.7,3.1,,9745,22490
,"Employed",,,61.9,20.0,49.8,26.8,3.4,,18733,30271
"Criminal record",,,,,,,,,,,
,"No convictions/c",,,57.8,16.7,46.7,29.9,6.7,,12750,22057
,,"Misdemeanor only",,59.0,17.3,48.5,29.9,4.3,,6241,10572
,,"Felony",,,,,,,,,
,,,"Nonviolent",32.0,21.1,49.4,24.1,5.4,,4742,14821
,,,"Violent",25.2,20.8,45.1,25.5,8.6,,2648,10495
"Number of prior convictions",,,,,,,,,,,
,"1",,,48.9,20.7,48.2,26.6,4.6,,5372,10991
,"2 to 4",,,37.5,19.4,48.6,26.8,5.3,,5483,14639
,"5 or more",,,27.1,16.6,47.2,28.3,7.9,,2776,10258
"Criminal justice status",,,,,,,,,,,
,"Not under supervision",,,56.9,18.1,47.6,28.7,5.6,,24115,42404
,"Pretrial release",,,51.4,21.6,53.0,23.0,2.4,,1406,2736
,"Probation",,,41.1,21.7,48.4,25.4,4.6,,1558,3794
,"Parole",,,17.9,16.6,39.3,23.2,20.9,,349,1953
"Court appearance history",,,,,,,,,,,
,"No prior arrests",,,54.2,16.7,46.6,29.9,6.7,,12911,23803
,"Failure to appear",,,,,,,,,,
,,"None",,43.3,20.0,49.7,25.6,4.8,,15082,34864
,,"1",,35.2,18.9,44.0,31.1,6.0,,1627,4625
,,"More than 1",,30.8,15.8,43.4,33.8,7.0,,1420,4611
"Drug abuse",,,,,,,,,,,
,"No known abuse",,,58.1,19.1,49.8,27.5,3.7,,19182,33028
,"Drug history",,,49.6,19.6,51.7,26.5,2.2,,7783,15678
,,,,,,,,,,,
"(SEE PRINTED REPORT FOR FOOTNOTES)",,,,,,,,,,,
