"Bureau of Justice Statistics",,,,,,
"filename:  saycrl08.csv",,,,,,
"table #:  8. Offender probabilities in a typical 1,000 cases of sexual assault against",,,,,,
"youth under age 12, by offense locality, offender age, and relationship to victim",,,,,,
"report title:  Sexual Assault of Young Children as reported to Law Enforcement,  NCJ  182990",,,,,,
"data source:  National Incident-Based Reporting Program (NIBRS)",,,,,,
"author:  Dr. Howard Snyder, National Center for Juvenile Justice",,,,,,
"refer questions to:  askbjs@ojp.usdoj.gov   (202) 307-0765",,,,,,
"date of version:  7/11/00",,,,,,
,,,,,,
"Table 8. Offender probabilities in a typical 1,000 cases of sexual assault against",,,,,,
"youth under age 12, by offense locality, offender age, and relationship to victim",,,,,,
,,,,,,
"Number of victims under age 6 assaulted in a residence",,,,,,
,,,,,,
"Offender age",,"Family",,"Acquaintance",,"Stranger"
,,,,,,
"7 to 11",,43,,73,,3
"12 to 17",,123,,152,,6
"18 to 24",,80,,63,,3
"25 to 34",,150,,87,,6
"Over 34",,133,,77,,2
,,,,,,
"Number of victims under age 6 assaulted elsewhere",,,,,,
,,,,,,
"Offender age",,"Family",,"Acquaintance",,"Stranger"
"7 to 11",,23,,157,,14
"12 to 17",,50,,165,,12
"18 to 24",,54,,62,,12
"25 to 34",,107,,96,,22
"Over 34",,80,,114,,34
,,,,,,
"Number of victims ages 6 to 11 assaulted in a residence",,,,,,
,,,,,,
"Offender age",,"Family",,"Acquaintance",,"Stranger"
"7 to 11",,20,,49,,1
"12 to 17",,129,,155,,5
"18 to 24",,37,,53,,4
"25 to 34",,127,,94,,5
"Over 34",,167,,145,,7
,,,,,,
"Number of victims ages 6 to 11 assaulted elsewhere",,,,,,
,,,,,,
"Offender age",,"Family",,"Acquaintance",,"Stranger"
"7 to 11",,16,,185,,15
"12 to 17",,40,,225,,37
"18 to 24",,18,,68,,17
"25 to 34",,48,,73,,27
"Over 34",,65,,123,,41
