"Bureau of Justice Statistics",
"filename:  saycrlf3.csv",
"figure #:  3. Female proportion of all sexual assault victims",
"report title:  Sexual Assault of Young Children as reported to Law Enforcement,  NCJ  182990",
"data source:  National Incident-Based Reporting Program (NIBRS)",
"author:  Dr. Howard Snyder, National Center for Juvenile Justice",
"refer questions to:  askbjs@ojp.usdoj.gov   (202) 307-0765",
"date of version:  7/11/00",
,
"figure 3. Female proportion of all sexual assault victims",
,
,
"Age of victim","Percent of female victims"
0,67%
1,74%
2,75%
3,71%
4,67%
5,67%
6,66%
7,67%
8,75%
9,79%
10,80%
11,83%
12,87%
13,90%
14,92%
15,92%
16,93%
17,91%
18,94%
19,96%
20,96%
21,95%
22,96%
23,96%
24,96%
25,96%
26,96%
27,97%
28,98%
29,96%
30,96%
31,
32,
33,
34,
35,
36,
37,
38,
39,
40,
41,
42,
43,
44,
45,
46,
47,
48,
49,
50,
51,
52,
53,
54,
55,
56,
57,
58,
59,
60,
