"Bureau of Justice Statistics",
"filename:  saycrlf1.csv",
"figure #:  1. Age distribution of victims of sexual assault",
"report title:  Sexual Assault of Young Children as reported to Law Enforcement,  NCJ  182990",
"data source:  National Incident-Based Reporting Program (NIBRS)",
"author:  Dr. Howard Snyder, National Center for Juvenile Justice",
"refer questions to:  askbjs@ojp.usdoj.gov   (202) 307-0765",
"date of version:  7/11/00",
,
,
"figure  1. Age distribution of victims of sexual assault",
,
,"Rates of sexual asault"
"Victim age","Rate per 1,000 victims"
0,1.11
1,4.27
2,17.81
3,37.06
4,42.22
5,37.99
6,36.40
7,32.82
8,32.84
9,32.17
10,32.61
11,34.47
12,46.41
13,65.49
14,68.15
15,63.63
16,49.33
17,34.62
18,29.71
19,23.94
20,21.22
21,19.34
22,17.62
23,15.61
24,14.30
25,14.08
26,13.48
27,12.14
28,12.54
29,11.64
30,11.57
31,10.91
32,10.84
33,9.26
34,8.56
35,8.80
36,7.10
37,7.12
38,6.53
39,4.79
40,4.66
41,3.99
42,3.34
43,2.83
44,2.59
45,2.14
46,1.66
47,1.75
48,1.41
49,1.15
50,1.41
51,1.01
52,0.73
53,0.67
54,0.60
55,0.53
56,0.52
57,0.62
58,0.57
59,0.25
60,0.38
