"Bureau of Justice Statistics",,,,
"filename:  saycrlf5.csv",,,,
"figure #:  5. Temporal distribution of sexual assault within victim age categories",,,,
"report title:  Sexual Assault of Young Children as reported to Law Enforcement,  NCJ  182990",,,,
"data source:  National Incident-Based Reporting Program (NIBRS)",,,,
"author:  Dr. Howard Snyder, National Center for Juvenile Justice",,,,
"refer questions to:  askbjs@ojp.usdoj.gov   (202) 307-0765",,,,
"date of version:  7/11/00",,,,
,,,,
"figure 5. Temporal distribution of sexual assault within victim age categories",,,,
,,,,
,"Percent of all victimizations of victims age --",,,
,"Under 6","6 to 11","12 to 17","Adult"
"6 AM",1.5%,1.6%,1.4%,2.5%
"7 AM",2.16%,1.71%,1.84%,1.90%
"8 AM",8.17%,7.73%,4.47%,2.24%
"9 AM",5.19%,4.29%,3.33%,2.25%
"10 AM",5.19%,4.73%,3.83%,2.68%
"11 AM",4.24%,3.75%,3.63%,2.69%
"12 PM",8.36%,8.18%,6.02%,3.15%
"1 PM",5.48%,4.58%,4.05%,2.76%
"2 PM",6.33%,6.54%,4.43%,3.02%
"3 PM",7.05%,7.67%,6.25%,3.00%
"4 PM",6.54%,6.87%,5.19%,2.97%
"5 PM",5.97%,5.50%,4.42%,2.82%
"6 PM",7.64%,5.78%,4.86%,3.17%
"7 PM",5.25%,5.43%,4.46%,3.37%
"8 PM",5.00%,5.46%,5.47%,4.34%
"9 PM",3.94%,4.65%,5.31%,5.19%
"10 PM",3.26%,3.75%,5.54%,6.06%
"11 PM",2.46%,3.17%,6.21%,6.95%
"12 AM",1.96%,2.53%,5.44%,7.44%
"1 AM",1.46%,1.88%,4.68%,7.94%
"2 AM",0.87%,1.22%,3.55%,8.07%
"3 AM",0.72%,1.30%,2.57%,6.94%
"4 AM",0.53%,0.92%,1.69%,4.97%
"5 AM",0.72%,0.75%,1.41%,3.57%
"6 AM",1.52%,1.61%,1.35%,2.53%
