"Bureau of Justice Statistics",,,,,,,,,,,,,,,,,,,,,,,,,,,,,
"Filename:  iptc11.csv",,,,,,,,,,,,,,,,,,,,,,,,,,,,,
"Table #11. Alcohol-related experiences of inmate parents in State or Federal prison, 1997",,,,,,,,,,,,,,,,,,,,,,,,,,,,,
"Report title:  Incarcerated Parents and Their Children NCJ 182335",,,,,,,,,,,,,,,,,,,,,,,,,,,,,
"Data source:  Surveys of Inmates in State and Federal Correctional Facilities, 1997",,,,,,,,,,,,,,,,,,,,,,,,,,,,,
"Refer questions to:  askbjs@ojp.usdoj.gov  202-307-0765",,,,,,,,,,,,,,,,,,,,,,,,,,,,,
"Contact:  Christopher Mumola",,,,,,,,,,,,,,,,,,,,,,,,,,,,,
"Date of version:  8/24/00",,,,,,,,,,,,,,,,,,,,,,,,,,,,,
"Published table found below; detail data on numerators and denominators can be found to the right.",,,,,,,,,,,,,,,,,,,,,,,,,,,,,
,,,,,,,,,,,,,,,,,,,,,,,,,,,,,
"Table, 11. Alcohol dependence and experiences of inmate parents in State ",,,,,,,,,,,,,,,,,,,,,,,,,,,,,
"or Federal prison, by gender, 1997",,,,,,,,,,,,,,,,,,,,,,,,,,,,,
,,,,,,,,,,,,,,,,,,,,,,,,,,,,,
,,,,"Percent of inmate parents, 1997",,,,,,,,,,,,"Number of inmate parents in each category: Numerators",,,,,,,,"Total number of inmate parents: Denominators",,,,,
,,,"State",,,,,,,"Federal",,,,,,"State",,,,"Federal",,,,"State",,,,"Federal",
,"Total",,"Male",,"Female",,,"Total",,"Male",,"Female",,,"Total","Male","Female",,"Total","Male","Female",,"Total","Male","Female",,"Total","Male","Female"
,,,,,,,,,,,,,,,,,,,,,,,,,,,,,
"History of alcohol dependence*",25.1,"%",25.3,"%",23.5,"%",,16.3,"%",16.6,"%",12.8,"%",,145514,135529,9986,,9019,8543,476,,578928,536359,42569,,55252,51520,3733
,,,,,,,,,,,,,,,,,,,,,,,,,,,,,
"Under the influence of alcohol",,,,,,,,,,,,,,,,,,,,,,,,,,,,,
"at time of current offense",36.7,,37.4,,28.8,,,20.7,,21.0,,16.6,,,211613,199324,12289,,11371,10757,614,,576312,533613,42700,,54971,51265,3705
,,,,,,,,,,,,,,,,,,,,,,,,,,,,,
"While drinking have you ever --",,,,,,,,,,,,,,,,,,,,,,,,,,,,,
,,,,,,,,,,,,,,,,,,,,,,,,,,,,,
"  Driven a motor vehicle while",,,,,,,,,,,,,,,,,,,,,,,,,,,,,
"  under the influence of alcohol?",47.6,,48.5,,35.7,,,42.4,,43.6,,27.1,,,275818,260548,15270,,23448,22434,1014,,579643,536860,42783,,55239,51500,3739
,,,,,,,,,,,,,,,,,,,,,,,,,,,,,
"  Had arguments with your spouse,",,,,,,,,,,,,,,,,,,,,,,,,,,,,,
"  family, or friends?",41.7,,41.8,,39.5,,,29.8,,30.1,,25.3,,,241148,224311,16837,,16425,15481,944,,578769,536135,42634,,55097,51364,3733
,,,,,,,,,,,,,,,,,,,,,,,,,,,,,
"  Gotten into a physical fight?",39.2,,39.8,,31.3,,,22.4,,23.0,,14.3,,,227039,213700,13339,,12386,11851,535,,578964,536354,42610,,55179,51446,3733
,,,,,,,,,,,,,,,,,,,,,,,,,,,,,
"  Had as much as a fifth of liquor",,,,,,,,,,,,,,,,,,,,,,,,,,,,,
"  in 1 day (20 drinks, 3 six-packs",,,,,,,,,,,,,,,,,,,,,,,,,,,,,
"  of beer, or 3 bottles of wine)?",41.4,,42.3,,30.4,,,29.8,,30.6,,18.9,,,239352,226422,12930,,16489,15784,705,,578406,535847,42559,,55252,51520,3733
,,,,,,,,,,,,,,,,,,,,,,,,,,,,,
"*Measured by 3 or more positive CAGE responses.  ",,,,,,,,,,,,,,,,,,,,,,,,,,,,,
"For a description of the CAGE diagnostic measure see ""Methodology"".",,,,,,,,,,,,,,,,,,,,,,,,,,,,,
