"Bureau of Justice Statistics",,,,,,,,,,,,,,,,,,,,,,,,,,,,,
"Filename:  iptc04.csv",,,,,,,,,,,,,,,,,,,,,,,,,,,,,
"Table #4. Percent of inmate parents in State or Federal prison who had lived with their children, 1997",,,,,,,,,,,,,,,,,,,,,,,,,,,,,
"Report title:  Incarcerated Parents and Their Children NCJ 182335",,,,,,,,,,,,,,,,,,,,,,,,,,,,,
"Data source:  Surveys of Inmates in State and Federal Correctional Facilities, 1997",,,,,,,,,,,,,,,,,,,,,,,,,,,,,
"Refer questions to:  askbjs@ojp.usdoj.gov  202-307-0765",,,,,,,,,,,,,,,,,,,,,,,,,,,,,
"Contact:  Christopher Mumola",,,,,,,,,,,,,,,,,,,,,,,,,,,,,
"Date of version:  8/24/00",,,,,,,,,,,,,,,,,,,,,,,,,,,,,
"Published table found below; detail data on numerators and denominators can be found to the right.",,,,,,,,,,,,,,,,,,,,,,,,,,,,,
,,,,,,,,,,,,,,,,,,,,,,,,,,,,,
"Table 4. Percent of inmate parents in State and Federal prisoners who lived with their minor children",,,,,,,,,,,,,,,,,,,,,,,,,,,,,
"at time of admission, by gender, 1997",,,,,,,,,,,,,,,,,,,,,,,,,,,,,
,,,,,,,,,,,,,,,,,,,,,,,,,,,,,
,,,,"Percent of inmate parents, 1997",,,,,,,,,,,,"Number of inmate parents in each category: Numerators",,,,,,,,"Total number of inmate parents: Denominators",,,,,
,,,"State",,,,,,,"Federal",,,,,,"State",,,,"Federal",,,,"State",,,,"Federal",
,"Total",,"Male",,"Female",,,"Total",,"Male",,"Female",,,"Total","Male","Female",,"Total","Male","Female",,"Total","Male","Female",,"Total","Male","Female"
,,,,,,,,,,,,,,,,,,,,,,,,,,,,,
"Lived with children at time of admission",45.3,"%",43.8,"%",64.3,"%",,57.2,"%",55.2,"%",84.0,"%",,263749,236096,27654,,31783,28619,3163,,581724,538736,42988,,55569,51802,3767
,,,,,,,,,,,,,,,,,,,,,,,,,,,,,
"Child's current caregiver  /a",,,,,,,,,,,,,,,,,,,,,,,,,,,,,
"  Other parent of child",85.0,"%",89.6,"%",28.0,"%",,87.6,"%",91.7,"%",30.7,"%",,485772,473885,11887,,48237,47081,1157,,571518,529047,42470,,55094,51327,3767
"  Grandparent of child",16.3,,13.3,,52.9,,,12.2,,9.8,,44.9,,,93019,70535,22485,,6728,5038,1690,,571518,529047,42470,,55094,51327,3767
"  Other relatives",6.4,,4.9,,25.7,,,6.2,,4.2,,33.9,,,36651,25745,10905,,3442,2165,1277,,571518,529047,42470,,55094,51327,3767
"  Foster home or agency",2.4,,1.8,,9.6,,,1.3,,1.1,,3.2,,,13793,9736,4057,,692,573,119,,571518,529047,42470,,55094,51327,3767
"  Friends, others /b",5.3,,4.9,,10.4,,,6.8,,6.4,,11.9,,,30103,25695,4408,,3753,3304,449,,571518,529047,42470,,55094,51327,3767
,,,,,,,,,,,,,,,,,,,,,,,,,,,,,
"a/Detail may add to more than 100% because some prisoners ",,,,,,,,,,,,,,,"Note: Detail may not add to total due to rounding.",,,,,,,,,,,,,,
"had multiple children living with multiple caregivers.",,,,,,,,,,,,,,,,,,,,,,,,,,,,,
"b/Includes cases where parent reported that the child now lived alone.",,,,,,,,,,,,,,,,,,,,,,,,,,,,,
