"Bureau of Justice Statistics",,,,,,
"Filename: iptcA2.csv",,,,,,
"Appendix table 2. Standard errors of selected characteristics of Federal prisoners with minor children, 1997",,,,,,
"Report title:  Incarcerated Parents and Their Children NCJ 182335",,,,,,
"Data source:  Surveys of Inmates in State and Federal Correctional Facilities, 1997",,,,,,
"Refer questions to:  askbjs@ojp.usdoj.gov  202-307-0765",,,,,,
"Contact:  Christopher Mumola",,,,,,
"Date of version:  8/15/00",,,,,,
,,,,,,
"Appendix table 2. Standard errors of selected characteristics ",,,,,,
"of Federal prisoners with minor children, 1997",,,,,,
,,,,,,
,"Percent of Federal inmate parents, 1997",,,,,
"Selected characteristic","Total",,"Male",,"Female",
,,,,,,
"Have minor children*",1.01,"%",1.08,"%",2.00,"%"
,,,,,,
"Lived with children",,,,,,
"prior to admission",1.31,"%",1.40,"%",1.94,"%"
,,,,,,
"Child's current caregiver",,,,,,
"  Child's other parent",0.87,"%",0.78,"%",2.45,"%"
"  Child's grandparent",0.87,,0.84,,2.64,
"  Foster home/agency",0.30,,0.30,,0.93,
,,,,,,
"Monthly contact with children",,,,,,
"  Any",1.00,"%",1.09,"%",1.47,"%"
"   Phone",1.18,,1.27,,2.08,
"   Mail",1.26,,1.35,,2.35,
"   Visits",1.11,,1.18,,2.10,
,,,,,,
"Current offense",,,,,,
"  Violent",0.62,"%",0.65,"%",1.81,"%"
"  Property",0.43,,0.43,,2.23,
"  Drug",1.40,,1.46,,5.02,
"  Public-order",0.68,,0.71,,1.98,
,,,,,,
"Criminal history",,,,,,
"Any priors",1.28,"%",1.35,"%",2.51,"%"
,,,,,,
"Prior substance abuse",,,,,,
"Used drugs in month before offense",1.32,"%",1.41,"%",2.58,"%"
"Alcohol dependent",0.98,,1.05,,1.77,
,,,,,,
"*Based on all Federal prisoners.",,,,,,
