Bureau of Justice Statistics,,,,,,,,
Filename: p0310,,,,,,,,
"Table 10: Number of sentenced prisoners under State or Federal jurisdiction, by age, 1995 and 2003",,,,,,,,
Report title:  Prisoners in 2003 NCJ 205335,,,,,,,,
"Data source:  National Prisoner Statistics, 1B",,,,,,,,
Authors:  Paige M. Harrison and Allen J. Beck,,,,,,,,
Refer questions to:  askbjs@usdoj.gov   202-307-0765,,,,,,,,
Date of version:  11/07/04,,,,,,,,

"Table 10. Number of sentenced prisoners under State or Federal jurisdiction, by age, 1995 and 2003",,,,,,,,

,Number of sentenced inmates,,,,,,,
,1995,2003,"Growth, 1995-2033",,"Percent change, 1995-2003",,Percent of total growth,
Total,"1,085,022","1,409,280","324,258",,29.9,%,100.0,%
17 or younger,"4,800","2,800","-2,000",,-41.5,, -- ,
18-19,"30,000","26,400","-3,600",,-12.2,, --,
20-24,"177,400","219,400","42,000",,23.7,,12.7
25-29,"203,700","245,300","41,600",,20.4,,12.6
30-34,"210,200","238,200","28,000",,13.3,,8.5
35-39,"190,200","228,100","37,900",,20.0,,11.5
40-44,"127,900","197,900","70,000",,54.7,,21.2
45-54,"108,100","190,800","82,700",,76.5,,25.1
55 or older,"32,600","60,300","27,700",,85.0,,8.4

"Note:  State inmate estimates by age for 1995 were based on the Survey of Inmates in State Correctional Facilities, 1997, and for 2003 on the National Corrections Reporting Program, 2002. These estimates were then adjusted to the sentenced inmate count in each year in the NPS-1.  ",,,,,,,
Federal inmate counts by age were based on the BJS Federal justice statistics database and then adjusted to NPS-1 counts in each year. All estimates were rounded to the nearest 100.,,,,,,,
 -- Not calculated.,,,,,,,
