Bureau of Justice Statistics,,,,,
Filename: p03t02,,,,,
"Text table 2:  Number of inmates in privately operated facilities, 2000 to 2003",,,,,
Report title:  Prisoners in 2003 NCJ 205335,,,,,
"Data source:  National Prisoner Statistics, 1B",,,,,
Authors:  Paige M. Harrison and Allen J. Beck,,,,,
Refer questions to:  askbjs@usdoj.gov   202-307-0765,,,,,
Date of version:  11/07/04,,,,,

"Text table 2.  Number of inmates in privately operated facilities, 2000 to 2003",,,,,

,Total,State,Federal,Percent of inmates,
2003,"95,522","73,657","21,865",6.5,%
2002,"93,912","73,638","20,274",6.5,
2001,"91,953","72,702","19,251",6.5,
2000,"90,542","75,018","15,524",6.5,
