Bureau of Justice Statistics,,,,,
Filename: p03t07,,,,,
"Text table 7: Detainees under the jurisdiction of the Bureau of Immigration and Customs Enforcement (ICE), by type of facility, yearend 1995, 2002, and 2003",,,,,
Report title:  Prisoners in 2003 NCJ 205335,,,,,
"Data source:  National Prisoner Statistics, 1B",,,,,
Authors:  Paige M. Harrison and Allen J. Beck,,,,,
Refer questions to:  askbjs@usdoj.gov   202-307-0765,,,,,
Date of version:  11/07/04,,,,,

"Text table 7. Detainees under the jurisdiction of the Bureau of Immigration and Customs Enforcement (ICE), by type of facility, yearend 1995, 2002, and 2003",,,,,

,,,,Percent ,
,,,,"change, ",
Facility type,2003,2002,1995,2002-03,
      Total,"23,514","21,065","8,177",11.6,%
ICE-operated facilities,"5,109","5,087","3,776",0.4,
Private facilities under exclusive contract to ICE,"1,935","1,936",652,-0.1
Federal Bureau of Prisons,"1,338","1,100","1,282",21.6
Other Federal facilities,88,130,181,-32.3
Intergovernmental agreements,"15,044","12,812","2,286",17.4
   State prisons,477,453,8,5.3
   Local jails,"11,376","9,764","1,984",16.5
   Other facilities,"3,191","2,595",294,23
