Bureau of Justice Statistics,,,,,,,,,,,,,
filename:  cv0305.csv,,,,,,,,,,,,,
"Table 5. Number of victimizations and victimization rates for persons age 12 and over, by type of crime and race of victims",,,,,,,,,,,,,
"data source: National Criminal Victimization Survey, 2003  NCJ 207811",,,,,,,,,,,,,
produced by:  Cathy Maston ,,,,,,,,,,,,,
authors:  Patsy Klaus and Cathy Maston,,,,,,,,,,,,,
refer questions to: askbjs@usdoj.gov  202-307-0765,,,,,,,,,,,,,
data of version:  06/01/05,,,,,,,,,,,,,

"Table 5. Personal crimes, 2003:  Number of victimizations and victimization rates for persons age 12 and over, by type of crime and race of victims",,,,,,,,,,,,,

              ,,,,"         Rate per 1,000 persons age 12 and over",,,,,,,,,
,White only,,Black only,,,,Other race only/a,,,,Two or more races/b,,
Type of crime,Number,Rate,Number,,Rate,,Number,,Rate,,Number,,Rate

All personal crimes,"4,376,250",22.1,"877,740",,30.7,,"188,450",,16.9,,"143,970",,70.3
Crimes of violence,"4,254,260",21.5,"830,570",,29.1,,"178,380",,16,,"138,500",,67.7,
   Completed violence,"1,211,050",6.1,"323,400",,11.3,,"69,110",,6.2,,"51,430",,25.1,
   Attempted/threatened violence,"3,043,210",15.4,"507,160",,17.8,,"109,280",,9.8,,"87,080",,42.5,
   Rape/Sexual assault,"160,530",0.8,"24,010",*,0.8,*,"2,350",*,0.2,*,"11,960",*,5.8,*
      Rape/Attempted rape,"87,710",0.4,"17,220",*,0.6,*,0,*,0,*,"11,960",*,5.8,*
         Rape,"52,320",0.3,"14,680",*,0.5,*,0,*,0,*,"5,240",*,2.6,*
         Attempted rape/c,"35,390",0.2,"2,540",*,0.1,*,0,*,0,*,"6,720",*,3.3,*
      Sexual assault/d,"72,820",0.4,"6,790",*,0.2,*,"2,350",*,0.2,*,0,*,0,*
   Robbery,"372,480",1.9,"168,790",,5.9,,"38,230",,3.4,,"16,640",*,8.1,*
      Completed/property taken,"216,070",1.1,"123,260",,4.3,,"26,130",*,2.3,*,"12,400",*,6.1,*
         With injury,"90,890",0.5,"43,360",,1.5,,"20,080",*,1.8,*,"5,880",*,2.9,*
         Without injury,"125,190",0.6,"79,910",,2.8,,"6,050",*,0.5,*,"6,520",*,3.2,*
      Attempted to take property,"156,410",0.8,"45,520",,1.6,,"12,100",*,1.1,*,"4,240",*,2.1,*
         With injury,"38,820",0.2,"14,890",*,0.5,*,0,*,0,*,0,*,0,*
         Without injury,"117,590",0.6,"30,630",*,1.1,*,"12,100",*,1.1,*,"4,240",*,2.1,*
   Assault,"3,721,250",18.8,"637,780",,22.3,,"137,810",,12.4,,"109,900",,53.7,
      Aggravated,"826,050",4.2,"171,970",,6,,"59,520",,5.4,,"43,560",,21.3,
         With injury,"263,010",1.3,"56,540",,2,,"27,750",*,2.5,*,"14,300",*,7,*
         Threatened with weapon,"563,040",2.8,"115,430",,4,,"31,770",*,2.9,*,"29,260",*,14.3,*
      Simple,"2,895,200",14.7,"465,810",,16.3,,"78,290",,7,,"66,340",,32.4,
         With minor injury,"612,110",3.1,"122,130",,4.3,,"15,230",*,1.4,*,"19,490",*,9.5,*
         Without injury,"2,283,090",11.6,"343,680",,12,,"63,050",,5.7,,"46,850",,22.9,
Purse snatching/Pocket picking,"121,990",0.6,"47,180",,1.7,,"10,070",*,0.9,*,"5,470",*,2.7,*
                                                                                          ,,,,,,,,,,,,,,
Population age 12 and over,"197,577,400",...,"28,561,780",,...,,"11,120,220",,...,,"2,046,590",,...,

Note: Detail may not add to total shown because of rounding.,,,,,,,,,,,,,,
*Estimate is based on about 10 or fewer sample cases.,,,,,,,,,,,,,,
...Not applicable.,,,,,,,,,,,,,,
"a/Includes American Indian, Eskimo, Asian Pacific Islander if only one of these races is given.",,,,,,,,,,,,,,
"b/Includes all persons of any race, indicating two or more races.",,,,,,,,,,,,,,
c/Includes verbal threats of rape.,,,,,,,,,,,,,,
d/Includes threats.,,,,,,,,,,,,,,,,,,,,




,,,,,,,,,,,,,,,,,,,,       
