Bureau of Justice Statistics,,,,
filename:  cv0324.csv,,,,
Table 24. Victimization rates by type of crime and number of persons in household,,,,
"data source: National Criminal Victimization Survey, 2003  NCJ  207811",,,,
produced by:  Cathy Maston ,,,,
authors:  Patsy Klaus and Cathy Maston,,,,
refer questions to: askbjs@usdoj.gov  202-307-0765,,,,
data of version:  06/01/05,,,,

"Table 24. Property crimes, 2003: Victimization rates by type of crime and number of persons in household",,,,

                                                                                           ,"Rate per 1,000 households",,,
Type of crime,One,Two-three,Four-five,Six or more

Property crimes,94.9,156.1,244.6,363.7
  Household burglary,23.2,28.3,39.1,51.9
    Completed,19.3,23.5,31.6,46.3,
      Forcible entry,8.1,8.7,10.1,12,
      Unlawful entry without force,11.2,14.8,21.5,34.4,
    Attempted forcible entry,3.9,4.8,7.5,5.5,*
  Motor vehicle theft,5.3,8.7,12.7,25.3,
    Completed,3.7,6.4,10.6,12.6,
    Attempted,1.6,2.2,2.1,12.7,
  Theft,66.5,119.1,192.9,286.6,
    Completed,63,115,188,278.4,
       Less than $50,19.5,34.3,59,87.1,
       $50 - $249,19.7,38.6,67.8,119.5,
       $250 or more,17.3,29.5,42.8,55.2,
       Amount not available,6.5,12.7,18.5,16.6,
     Attempted,3.4,4.1,4.8,8.2,*

Total number of households,"30,648,370","57,976,190","21,947,860","3,564,510",

Note: Detail may not add to total shown because of rounding. Excludes data on households where the number of persons was not ascertained.
*Estimate is based on about 10 or fewer sample cases.
