Bureau of Justice Statistics,,,,,,,
filename:  cv0321.csv,,,,,,,
"Table 21. Victimization rates by race of head of household, annual family income and type of household burglary",,,,,,,
"data source: National Criminal Victimization Survey, 2003  NCJ  207811",,,,,,,
produced by:  Cathy Maston ,,,,,,,
authors:  Patsy Klaus and Cathy Maston,,,,,,,
refer questions to: askbjs@usdoj.gov  202-307-0765,,,,,,,
data of version:  06/01/05,,,,,,,

"Table 21. Household burglary, 2003: Victimization rates by race of head of household, annual family income and type of household burglary",,,,,,,
       ,,,,,,,
                                                                                          ,,,"Rate per 1,000 households",,,,
,,,  Completed household burglary,,,,
Race and income,Total household,All household burglaries,Forcible entry,,Unlawful entry without force,,Attempted forcible entry

White only,,,,,,,
"Less than $7,500","3,600,640",52.5,10.9,,33.8,,7.9,*
"$7,500-$14,999","7,073,420",40.9,11.1,,22.3,,7.5,
"$15,000-$24,999","10,040,020",35.1,11.8,,19.3,,4,
"$25,000-$34,999","9,756,840",35.6,9.8,,19.3,,6.5,
"$35,000-$49,999","12,451,110",27.7,9.1,,13.9,,4.7,
"$50,000-$74,999","13,241,280",24.5,5.6,,15,,3.9,
"$75,000 or more","17,309,130",19.8,5.6,,10.6,,3.6,
Black only,,,,,,,,
"Less than $7,500","1,263,140",55.8,23.4,*,20.4,*,12,*
"$7,500-$14,999","1,689,210",45.8,14.3,*,24.4,,7.1,*
"$15,000-$24,999","1,934,970",55.7,33.1,,15.7,*,6.9,*
"$25,000-$34,999","1,508,280",31.5,8.3,*,14.2,*,9,*
"$35,000-$49,999","1,585,570",31.7,9.2,*,10.7,*,11.8,*
"$50,000-$74,999","1,110,610",29.7,5.9,*,13.5,*,10.3,*
"$75,000 or more","1,018,860",34.6,12,*,18.2,*,4.4,*

"Note: Detail may not add to total shown because of rounding. Excludes data on families whose income level was not ascertained and data on persons of ""Other"" races and persons indicating two or more races."
*Estimate is based on about 10 or fewer sample cases.
