Bureau of Justice Statistics,,,,
Filename: it0401.csv,,,,
"Report Title: Identity Theft, 2004: NCJ 212213",,,,
Data source: National Crime Victimization Survey,,,,
"Author: Katrina Baum, Ph.D.",,,,
Refer questions to: askbjs@usdoj.gov 202-307-0765,,,,
Date of version:4/21/06,,,,

Table 1. Characteristics of households experiencing identity theft,,,,

,,Households experiencing identity theft�,,
Household characteristics,,Number,Percent of all households,
Total,,"3,589,100",3,%
Age,**,,,
18-24,,"363,600",4.6,%
25-34,,"654,700",3.3,
35-49,,"1,223,100",3.4,
50-64,,"938,200",3.3,
65 or older,,"410,600",1.8,
Race,**,,,
White,,"2,930,900",3.1,%
Black,,"481,300",3.3,
American Indian Aleut,,"15,800",3,*
"Asian, Pacific Islander",,"124,300",2.8,
More than One Race,,"36,800",4.3,
Hispanic origin,**,,,
Hispanic,,"319,300",2.6,%
NonHispanic,,"3,250,600",3.1,
Household income,,,,
"Less than $7,500",,"115,400",2.2,%
"$7,500-14,999",,"222,500",2.6,
"$15,000-24,999",,"235,700",1.9,
"$25,000-34,999",,"367,300",3.2,
"$35,000-49,999",,"472,900",3.3,
"$50,000-74,999",,"513,800",3.4,
"$,75000 or more",,"1,086,700",5.2,
Urbanicity,,,,
Urban,,"1,221,500",3.6,%
Suburban,,"1,918,200",3.2,
Rural,,"449,300",2,
Note: Detail may not add to total due to rounding or the exclusion of missing data. American Indian includes Alaska Native.,,,,
*Estimate based on 10 or fewer cases.,,,,
"** Age, race, and Hispanic origin characteristics are for the household head. See Methodology.",,,,
