Bureau of Justice Statistics,,,,,,,,,,
Filename: it0405.csv,,,,,,,,,,
"Report Title: Identity Theft, 2004: NCJ 212213",,,,,,,,,,
Data source: National Crime Victimization Survey,,,,,,,,,,
"Author: Katrina Baum, Ph.D.",,,,,,,,,,
Refer questions to: askbjs@usdoj.gov 202-307-0765,,,,,,,,,,
Date of version: 3/30/06,,,,,,,,,,

"Table 5. Ongoing problems, by type of identity theft",,,,,,,,,,

,Percent of households experiencing theft involving�,,,,,,,,,
Problems,Total,,Existing credit cards,,Other existing accounts,,Personal information,,Multiple types during same episode,
Stopped,17.2,%,8.8,%,18.3,%,32.1,%,31.1,%
Ongoing,79.6,,88.1,,79,,62.1,,66.2,
Don't know,3.4,,3.2,,2.7,*,5.7,,2.7,*

*Estimate based on 10 or fewer cases.
