"Bureau of Justice Statistics",,,,,,
"filename: sco9826.csv",,,,,,
"table#:  26  Expediting Procedures in Appellate Courts",,,,,,
"report title: State Court Organization, 1998 NCJ 178932",,,,,,
"author:  David  B. Rottman, Carol R. Flango, Milissa T. Cantrell, Randall Hansen",,,,,,
"refer questions to: askbjs@ojp.usdoj.gov (202) 307-0765",,,,,,
"date of version: 05/19/2000",,,,,,
,,,,,,
"Table 26. Expediting Procedures in Appellate Courts",,,,,,
,,,,,,
,,,,,,
"Court type:",,,,,,
"C=court of last resort",,,,,,
"I=intermediate appellate court","Name of Court","Use of Preargument Settlement Conference","Advance Queue (Frast Tracking)","Expedited Briefing Procedures","Use of Oral Argument in Lieu of Full Written Briefs","Submission on Briefs Alone"
,,,,,,
"Alabama",,,,,,
"C","Supreme Court","No","Yes","Yes","No","No"
"I","Court of Criminal Appeals","No","No","Yes","No","Yes"
"I","Court of Civil Appeals","No","No","No","No","No"
,,,,,,
"Alaska",,,,,,
"C","Supreme Court","No","Yes","Yes","No","No"
"I","Court of Appeals","No","Yes","No","No","No"
,,,,,,
"Arizona",,,,,,
"C","Supreme Court","No","No","No","No","/1"
"I","Court of Appeals","Yes /2","Civil/criminal","Civil","Civil","Civil/criminal"
,,,,,,
"Arkansas",,,,,,
"C","Supreme Court","No","No","Yes /3","No","Yes"
"I","Court of Appeals","No","No","No","No","Yes"
,,,,,,
"California",,,,,,
"C","Supreme Court","No","No","No","No","No"
"I","Courts of Appeal","Civil /4","Yes /4","Civil/criminal /5","No","Civil/criminal"
,,,,,,
"Colorado",,,,,,
"C","Supreme Court","No","Yes","Yes","No","No"
"I","Court of Appeals","Yes","Upon request","Upon request /6","No","No"
,,,,,,
"Connecticut",,,,,,
"C","Supreme Court","Civil","Civil/criminal","Civil/criminal","No","No"
"I","Appellate Court","Civil","Civil/criminal","Civil/criminal","No","Civil /7"
,,,,,,
"Delaware",,,,,,
"C","Supreme Court","No","No","No","No","Yes"
,,,,,,
"District of Columbia",,,,,,
"C","Court of Appeals","No /8","Yes /8","Yes /8","No","Yes"
,,,,,,
"Florida",,,,,,
"C","Supreme Court","No","No","Yes","No","Yes"
"I","District Courts of Appeal","No /9","Yes","Yes","No","Yes"
,,,,,,
"Georgia",,,,,,
"C","Supreme Court","No","No","Yes","No","Yes"
"I","Court of Appeals","Civil","No","No","No","Yes"
,,,,,,
"Hawaii",,,,,,
"C","Supreme Court","Yes","No","No","No","Yes"
"I","Intermediate Court of Appeals","Yes","No","No","No","Yes"
,,,,,,
"Idaho",,,,,,
"C","Supreme Court","Yes","No","Yes","No","Yes"
"I","Court of Appeals","Yes","No","No","No","Yes"
,,,,,,
"Illinois",,,,,,
"C","Supreme Court","No","Yes","Yes","No","Yes"
"I","Appellate Court","No","Yes","Yes","No","Yes"
,,,,,,
"Indiana",,,,,,
"C","Supreme Court","No","No","No","No","No"
"I","Court of Appeals","No","No","No","No","No"
"I","Tax Court","No","No","No","No","No"
,,,,,,
"Iowa",,,,,,
"C","Supreme Court","No","Civil/criminal","Yes","No","Yes"
"I","Court of Appeals","No","Civil/criminal","Yes","No","Yes"
,,,,,,
"Kansas",,,,,,
"C","Supreme Court","No","Yes","No","No","Civil/criminal /10"
"I","Court of Appeals","No","Yes","Yes","No","Civil/criminal /10"
,,,,,,
"Kentucky",,,,,,
"C","Supreme Court","No","No /11","Yes /12","No","Yes"
"I","Court of Appeals","Civil","Yes","No","No","No"
,,,,,,
"Louisiana",,,,,,
"C","Supreme Court","No","Civil/criminal /13","Civil/criminal","No","No /13"
"I","Courts of Appeal","No","Civil/criminal","Civil/criminal","No","Yes"
,,,,,,
"Maine",,,,,,
"C","Supreme Judicial Court","No","No","Ad hoc basis","No","Civil/criminal"
,,,,,,
"Maryland",,,,,,
"C","Court of Appeals","No","No","No","No","No"
"I","Court of Special Appeals","Civil","Civil/criminal","Civil/criminal","No","Civil/criminal"
,,,,,,
"Massachusetts",,,,,,
"C","Supreme Judicial Court","No","No","No","No","No"
"I","Appeals Court","Yes","No","No","No","No"
,,,,,,
"Michigan",,,,,,
"C","Supreme Court","No /14","No","No","No","No"
"I","Court of Appeals","Yes /15","Yes","Yes","No","Yes"
,,,,,,
"Minnesota",,,,,,
"C","Supreme Court","No","No","No","No","No"
"I","Court of Appeals","No","No","/16","No","No"
,,,,,,
"Mississippi",,,,,,
"C","Supreme Court","Limited","Yes","Limited","No","Yes"
"I","Court of Appeals","No","Yes","Limited","No","Yes"
,,,,,,
"Missouri",,,,,,
"C","Supreme Court","No","/17","/18","No","If requested"
"I","Court of Appeals","Civil","Civil/criminal","/18","No","Civil/criminal"
,,,,,,
"Montana",,,,,,
"C","Supreme Court","No","No","No","No","No"
,,,,,,
"Nebraska",,,,,,
"C","Supreme Court","No","No","No","No","If requested, and criminal /19"
"I","Court of Appeals","No","Yes","No","No","If requested, and criminal /19"
,,,,,,
"Nevada",,,,,,
"C","Supreme Court","Civil","Yes","Capital",,
"Child Custody",,,,,,
"Criminal - Non life sentence","No","Civil/criminal",,,,
,,,,,,
"New Hampshire",,,,,,
"C","Supreme Court","Civil","Yes /20","Civil","No","Civil/criminal"
,,,,,,
"New Jersey",,,,,,
"C","Supreme Court","No","Yes","No","No","No"
"I","Appellate Division of Superior Court","Yes","Yes","Yes","Yes","Yes"
,,,,,,
"New Mexico",,,,,,
"C","Supreme Court","No","Yes /21","Yes /21","No","Yes /22"
"I","Court of Appeals","Civil","Civil/criminal","Yes","No","Yes"
,,,,,,
"New York",,,,,,
"C","Court of Appeals","No","Civil/criminal","Civil/criminal","No","Civil/criminal"
"I","Appellate Divisions of Supreme Court","Yes","No","Criminal","No","Yes"
,,,,,,
"North Carolina",,,,,,
"C","Supreme Court","No","Yes /23","Yes /23","No","Civil/criminal /23"
"I","Court of Appeals","No","Civil/criminal","No","No","Civil/criminal"
,,,,,,
"North Dakota",,,,,,
"C","Supreme Court","No","Yes /24","Yes","No","Yes"
,,,,,,
"Ohio",,,,,,
"C","Supreme Court","No","No","Yes /25","No","Yes"
"I","Court of Appeals","No","Yes","Civil/criminal","No","Civil/criminal"
,,,,,,
"Oklahoma",,,,,,
"C","Supreme Court","Yes","Yes","No","No","Yes"
"C","Court of Criminal Appeals","No","Yes","No","Yes","No"
"I","Court of Appeals","No","Yes","No","No","Yes"
,,,,,,
"Oregon",,,,,,
"C","Supreme Court","Yes /26","No","Civil","Civil","Civil"
"I","Court of Appeals","Yes /26","No","Limited Civil","No","Yes"
,,,,,,
"Pennsylvania",,,,,,
"C","Supreme Court","No","Case-by-case basis","Case-by-case basis","No","Yes"
"I","Superior Court","No","Yes","No","No","Yes"
"I","Commonwealth Court","Yes","Yes","Yes","No","Yes"
,,,,,,
"Puerto Rico",,,,,,
"C","Supreme Court","Civil/criminal","Civil/criminal","Civil/criminal","Yes","Civil/criminal"
"I","Court of Appeals","No","Yes","No","Yes","No"
,,,,,,
"Rhode Island",,,,,,
"C","Supreme Court","Civil/criminal","Civil/criminal","Civil/criminal","Yes","Civil/criminal"
,,,,,,
"South Carolina",,,,,,
"C","Supreme Court","No","No","No","No","Civil/criminal"
"I","Court of Appeals","No","No","No","No","Civil/criminal"
,,,,,,
"South Dakota",,,,,,
"C","Supreme Court","No","No","No","No","No"
,,,,,,
"Tennessee /27",,,,,,
"C","Supreme Court","No","No","No","No","No"
"I","Court of Appeals","No","No","No","No","No"
"I","Court of Criminal Appeals","No","No","No","No","No"
,,,,,,
"Texas",,,,,,
"C","Supreme Court","No","Yes","Yes","No","Civil"
"C","Court of Criminal Appeals","No","No","No","No","Criminal"
"I","Courts of Appeals","Yes /28","No","No","No","Civil/criminal"
,,,,,,
"Utah",,,,,,
"C","Supreme Court","No","No","No","No","Yes"
"I","Court of Appeals","Yes","No","No","No","Yes"
,,,,,,
"Vermont",,,,,,
"C","Supreme Court","Yes","Yes","Yes","Yes","Civil/criminal"
,,,,,,
"Virginia",,,,,,
"C","Supreme Court","No","No","No","No","No"
"I","Court of Appeals","No","No","No","No","Yes"
,,,,,,
"Washington",,,,,,
"C","Supreme Court","No","No","No","No","No"
"I","Court of Appeals","No","Yes29","No","No","Yes"
,,,,,,
"West Virginia",,,,,,
"C","Supreme Court of Appeals","Yes /30","Yes /31","Yes /32","No","Yes /31"
,,,,,,
"Wisconsin",,,,,,
"C","Supreme Court","No","No","No","No","No"
"I","Court of Appeals","No","Civil /33","Civil /33","No","Civil/criminal"
,,,,,,
"Wyoming",,,,,,
"C","Supreme Court","No","Yes","Yes","No","Yes"
,,,,,,
"Federal",,,,,,
"C","U.S. Supreme Court","No","No","Yes","No","Yes /34"
"I","U.S. Court of Appeals /35","Varies","Varies","Varies","Varies","Varies"
,,,,,,
" ",,,,,,
"FOOTNOTES",,,,,,
,,,,,,
" Arizona:",,,,,,
"1/ The supreme court may permit submission on briefs alone.",,,,,,
"2/ Division One.",,,,,,
,,,,,,
"Arkansas:",,,,,,
"3/ By motion only.",,,,,,
,,,,,,
"California:",,,,,,
"4/ Juvenile dependency.",,,,,,
"5/ Varies by district.",,,,,,
,,,,,,
"Colorado:",,,,,,
"6/ Upon request per rules in right to die cases.",,,,,,
,,,,,,
"Connecticut:",,,,,,
"7/ At courts discretion.",,,,,,
,,,,,,
"District of Columbia:",,,,,,
"8/ Expedited scheduling may be ordered in individual cases. It may include shortened briefing deadlines and advancing an argument date.",,,,,,
,,,,,,
"Florida:",,,,,,
"9/ Settlement conferences are used by the first district.",,,,,,
,,,,,,
"Kansas:",,,,,,
"10/ Cases may be assigned to a summary calendar.",,,,,,
,,,,,,
"Kentucky:",,,,,,
"11/ In cases in which parties request immediate relief, such is available upon the request.",,,,,,
"12/ Certain categories of appeals are expedited by statute, case law, or court policy.  Expedition may consist of shortened briefing deadlines and advance querying.",,,,,,
,,,,,,
"Louisiana:",,,,,,
"13/ Upon joint motion of all parties, a case may be submitted without oral argument.",,,,,,
,,,,,,
"Michigan:",,,,,,
"14/ The court can curtail briefing schedules, or make other adjustments but do so as a routine matter.",,,,,,
"15/ Experimental.",,,,,,
,,,,,,
"Minnesota:",,,,,,
"16/ Child custody and mental commitment.",,,,,,
,,,,,,
"Missouri:",,,,,,
"17/ The court uses an advance queue if requested by the parties or on court's own motion.",,,,,,
"18/ The court uses expedited briefing procedures if request is by the parties or on court's own motion.",,,,,,
,,,,,,
"Nebraska:",,,,,,
"19/ Where accused entered plea of guilty or no contest or where sole allegation of error is an excessive or  excessively lenient sentence.",,,,,,
,,,,,,
"New Hampshire:",,,,,,
"20/ Expedited oral argument is scheduled in interlocutory appeals, cases involving the status of a child, domestic violence appeals, and landlord/tenant cases.  Others are on a case by case basis.",,,,,,
"New Mexico:",,,,,,
"21/ Only by court order in special circumstances.",,,,,,
"22/ Oral argument in civil and criminal only upon request of party and permission of court.",,,,,,
,,,,,,
"North Carolina:",,,,,,
"23/ Occurs very rarely, and at the discretion of the court.",,,,,,
,,,,,,
"North Dakota:",,,,,,
"24/ Clerks office also uses a prescreening process to identify appeals that do not comply with the statutes or rules regarding appeals.",,,,,,
,,,,,,
"Ohio:",,,,,,
"25/ Expedited briefing procedures are by order in election cases.",,,,,,
,,,,,,
"Oregon:",,,,,,
"26/ Civil workers compensation/domestic relations cases.",,,,,,
,,,,,,
"Tennessee:",,,,,,
"27/ In worker's compensation cases presently fixed in the Western Division, the cases may be mediated.  This was to be a pilot project for this division and the court is deciding on whether or not to continue it at the appellate level.  Wh",,,,,,
,,,,,,
"Texas:",,,,,,
"28/ Some courts.",,,,,,
,,,,,,
"Washington:",,,,,,
"29/ By court rule the IAC must accelerate juvenile dependency and termination cases.  The court also accelerates cases where the only issue on appeal is a sentence outside the guidelines. These are all initially decided by a commissioner. ",,,,,,
,,,,,,
"West Virginia:",,,,,,
"30/ Some worker's compensation cases are settled through the court's mediation program.",,,,,,
"31/ Discretionary with supreme court (case-by-case basis).",,,,,,
"32/ Mandatory in workers' compensation cases; discretionary with supreme court in all other cases.",,,,,,
,,,,,,
"Wisconsin:",,,,,,
"33/ Eliminated in criminal (only) as of 1/1/94.",,,,,,
,,,,,,
"Federal:",,,,,,
"34/ Oral argument only in cases in which petition for writ of certiorari is granted.",,,,,,
"35/ The expedited procedures vary by circuit and are defined by the local rules of each court.",,,,,,
