Bureau of Justice Statistics,,,
Filename: sco11at02.csv,,,
"Appendix table 2. Number of trial court judges in 50 states and the District of Columbia, 2011",,,
"Report title: State Court Organization, 2011",,,
"Data source: Bureau of Justice Statistics, State Court Organization Survey, 2011",,,
"Authors: Ron Malega, Ph.D. and Thomas H. Cohen, J.D., Ph.D.",,,
Refer questions to: askbjs@usdoj.gov or 202-307-0765,,,
Date of version: 11/13/2013,,,
,,,
"Appendix table 2. Number of trial court judges in 50 states and the District of Columbia, 2011",,,
State,Trial court name,Number of judges,
Alabama,,,
,GJ,Circuit ,144
,LJb,District,106
,LJ,Municipal,315
,LJ,Probate,68
Alaska,,,
,GJ,Superior,38
,LJ,District,22
Arizona/c,,,
,GJ,Superior,174
,GJ,Tax/a,1
,LJ,Justice of the Peace,87
,LJ,Municipal,154
Arkansas,,,
,GJ,Circuit,121
,LJ,District,115
,LJ,City,70
California,,,
,GJ,Superior,"1,588"
Colorado,,,
,GJ,District,160
,GJ,Denver Probate,1
,GJ,Denver Juvenile,3
,GJ,Water,0
,LJ,County,103
,LJ,Municipal,250
Connecticut,,,
,GJ,Superior,180
,LJ,Probate,54
Delaware,,,
,GJ,Superior,19
,GJ,Court of Chancery,5
,LJ,Justice of the Peace,61
,LJ,Family,15
,LJ,Court of Common Pleas,9
,LJ,Alderman's,6
District of Columbia,,,
,GJ,Superior,62
Florida,,,
,GJ,Circuit,599
,LJ,County,322
Georgia,,,
,GJ,Superior,205
,LJ,Juvenile,125
,LJ,Civil,5
,LJ,State,122
,LJ,Probate,174
,LJ,Magistrate,488
,LJ,County Recorder's,23
,LJ,Municipal,350
Hawaii,,,
,GJ,Circuit,33
,LJ,District,36
Idaho,,,
,GJ,District,42
,LJ,Magistrate's Division,84
Illinois,,,
,GJ,Circuit,917
Indiana,,,
,GJ,Superior,225
,GJ,Circuit,91
,GJ,Probate,1
,LJ,City ,48
,LJ,Town,27
,LJ,Small Claims of Marion County,9
Iowa,,,
,GJ,District,335
Kansas,,,
,GJ,District,234
,LJ,Municipal,255
Kentucky,,,
,GJ,Circuit,94
,GJ,Family,51
,LJ,District,116
Louisiana,,,
,GJ,District,217
,GJ,Juvenile & Family,18
,LJ,Justice of the Peace,385
,LJ,Mayor's,255
,LJ,City & Parish,73
Maine,,,
,GJ,Superior,17
,GJ,District,36
,LJ,Probate,16
Maryland,,,
,GJ,Circuit,146
,LJ,District,109
,LJ,Orphan's,66
Massachusetts,,,
,GJ,Superior Court Department,80
,LJ,District Court Department,147
,LJ,Probate & Family Court Department,48
,LJ,Juvenile Court Department,36
,LJ,Housing Court Department,9
,LJ,Boston Municipal Court Department,30
,LJ,Land Court Department,6
Michigan,,,
,GJ,Circuit,219
,GJ,Claims,7
,LJ,District,258
,LJ,Probate,103
,LJ,Municipal,4
Minnesota,,,
,GJ,District,280
Mississippi,,,
,GJ,Circuit,53
,LJ,Chancery,49
,LJ,County,30
,LJ,Municipal,226
,LJ,Justice,197
Missouri,,,
,GJ,Circuit,331
,LJ,Municipal,313
Montana,,,
,GJ,District,46
,GJ,Workers' Compensation,1
,GJ,Water,5
,LJ,Justice's Court,65
,LJ,Municipal,9
,LJ,City,88
Nebraska,,,
,GJ,District,55
,LJ,Separate Juvenile,11
,LJ,County,58
,LJ,Workers' Compensation,7
Nevada,,,
,GJ,District,72
,LJ,Justice,65
,LJ,Municipal,22
New Hampshireb,,,
,GJ,Superior,22
,LJ,District,59
,LJ,Probate,10
,LJ,Family Division,0
New Jersey,,,
,GJ,Superior,368
,LJ,Tax,6
,LJ,Municipal,334
New Mexico,,,
,GJ,District,75
,LJ,Magistrate,62
,LJ,Metropolitan Ct. of Bernalillo County,16
,LJ,Municipal,85
,LJ,Probate,33
New York,,,
,GJ,Supreme ,263
,GJ,County,126
,LJ,Court of Claims,85
,LJ,Surrogates',31
,LJ,Family,126
,LJ,District,47
,LJ,City,163
,LJ,Civil Court of the City of NY,120
,LJ,Criminal Court of the City of NY,106
,LJ,Town & Village Justice,"2,200"
North Carolina,,,
,GJ,Superior,112
,LJ,District,270
North Dakota,,,
,GJ,District,44
,LJ,Municipal,94
Ohio/e,,,
,GJ,Court of Common Pleas,384
,LJ,Municipal,200
,LJ,County,46
,LJ,Court of Claims,2
,LJ,Mayor's,322/c
Oklahoma,,,
,GJ,District,241
,LJ,Municipal Court Not of Record,352
,LJ,Municipal Criminal Court of Record,2
,LJ,Workers' Compensation,10
,LJ,Tax Review,3
Oregon/d,,,
,GJ,Circuit,173
,GJ,Tax,1
,LJ,County,7/d
,LJ,Justice,30/d
,LJ,Municipal,225/d
Pennsylvania,,,
,GJ,Court of Common Pleas,449
,LJ,Philadelphia Municipal,25
,LJ,Magisterial District Judge,544
,LJ,Philadelphia Traffic,7
"Rhode Island/e,f",,,
,GJ,Superior,26
,LJ,Workers' Compensation,10/e
,LJ,District,15
,LJ,Family,18
,LJ,Probate,39/f
,LJ,Municipal,29/f
,LJ,Traffic Tribunal,8
South Carolina,,,
,GJ,Circuit,46
,LJ,Family,52
,LJ,Magistrate,310
,LJ,Probate,46
,LJ,Municipal,308
South Dakota,,,
,GJ,Circuit,41
,LJ,Magistrate,13
Tennessee,,,
,GJ,Circuit,83
,GJ,Chancery,34
,GJ,Criminal,33
,GJ,Probate,2
,LJ,Juvenile,17
,LJ,Municipal,170
,LJ,General Sessions,154
Texas,,,
,GJ,District,456
,LJ,Constitutional County,254
,LJ,County Courts at Law,233
,LJ,Statutory Probate,18
,LJ,Justice of the Peace,819
,LJ,Municipal,"1,531"
Utah,,,
,GJ,District,71
,LJ,Justice,104
,LJ,Juvenile,29
Vermont,,,
,GJ,Superior,32
,LJ,Judicial Bureau,18
Virginia,,,
,GJ,Circuit,142
,LJ,District,230
Washington,,,
,GJ,Superior,179
,LJ,District,109
,LJ,Municipal,98
West Virginia,,,
,GJ,Circuit,70
,LJ,Magistrate,158
,LJ,Municipal,122
,LJ,Family,45
Wisconsin,,,
,GJ,Circuit,249
,LJ,Municipal,254
Wyoming,,,
,GJ,District,22
,LJ,Circuit,24
,LJ,Municipal,81
Note: Includes trial court judges for all 50 states and the District of Columbia for 2011. GJ is a state general jurisdiction court and LJ is a state limited jurisdiction court.,,,
a/The Arizona tax court was excluded from analysis.,,,
b/The New Hampshire circuit court was made up of the three listed divisions.,,,
c/The Ohio mayor's courts consisted of 322 mayors and magistrates who were excluded from analysis.,,,
d/Information obtained via http://www.courtstatistics.org/Other-Pages/State_Court_Structure_Charts/Oregon.aspx.,,,
e/The Rhode Island worker's compensation courts consisted of 10 judges who were excluded from analysis.,,,
f/Information obtained via http://www.courtstatistics.org/Other-Pages/State_Court_Structure_Charts/Rhode-Island.aspx.,,,
"Source: Bureau of Justice Statistics, State Court Organization Survey, 2011.",,,
