Bureau of Justice Statistics,,,,,,,,,,,,,,,,
Filename: sco11t04.csv,,,,,,,,,,,,,,,,
"Table 4. Legal qualifications to serve as trial court judge for 50 states and the District of Columbia, by trial courts of general and limited jurisdiction, 2011",,,,,,,,,,,,,,,,
"Report title: State Court Organization, 2011",,,,,,,,,,,,,,,,
"Data source: Bureau of Justice Statistics, State Court Organization Survey, 2011",,,,,,,,,,,,,,,,
"Authors: Ron Malega, Ph.D. and Thomas H. Cohen, J.D., Ph.D.",,,,,,,,,,,,,,,,
Refer questions to: askbjs@usdoj.gov or 202-307-0765,,,,,,,,,,,,,,,,
Date of version: 11/13/2013,,,,,,,,,,,,,,,,
,,,,,,,,,,,,,,,,
"Table 4. Legal qualifications to serve as trial court judge for 50 states and the District of Columbia, by trial courts of general and limited jurisdiction, 2011",,,,,,,,,,,,,,,,
,,Number ,,,,,,,,,,,Prior service ,,,
Trial court judges,,of judges,Any legal requirement,,Law degree,,State bar membership,,Attorney license,,Active legal practice,,as state judge,,Learned in law,
,All judges,"27,544",75,%,47,%,38,%,27,%,12,%,6,%,2,%
Judges serving in courts of�,,,,,,,,,,,,,,,,
,General jurisdiction,"10,650",100,%,79,%,56,%,33,%,17,%,15,%,1,%
,Limited jurisdiction,"16,894",59,,27,,26,,23,,9,, --,,2,
"Note: Detail may not sum to total because states could impose multiple requirements on trial court judges. Legal qualifications for appellate court judges are not shown. Data on legal qualifications to serve as trial court judges are available for 97% of all trial courts, 100% of general jurisdiction trial courts, and 95% of limited jurisdiction trial courts. ",,,,,,,,,,,,,,,,
-- Less than 0.5%. ,,,,,,,,,,,,,,,,
"Source: Bureau of Justice Statistics, State Court Organization Survey, 2011.",,,,,,,,,,,,,,,,
