"Bureau of Justice Statistics",,,,,
"Filename:  hghlghttab2.csv",,,,,
"hghlghttab2.  Criminal justice status of  jail inmates at arrest, 2002 and 1996",,,,,
"Report title:  Profile of Jail Inmates, 2002",,,,,
"Data source:  Survey of Inmates in Local Jails, 2002",,,,,
"Refer questions to:  askbjs@usdoj.gov  202-307-0765",,,,,
"Contact:  Doris J. James ",,,,,
"Date of version:  10/13/2004",,,,,
,,,,,
"Highlights table page 1.  Criminal justice status of jail inmates at arrest, 2002 and 1996",,,,,
"Justice status",,2002,,1996,
" None",,46.8,"%",46.4,"%"
"'Any status ",,53.2,,53.6,
"  On probation",,33.6,,31.7,
"  On parole",,12.6,,13.1,
"  On bail/bond",,6.9,,12.7,
