"Bureau of Justice Statistics",,,,,
"Filename:  hghlghttab1.csv",,,,,
"hghlghttab1.  Most serious offense of  jail inmates , 2002 and 1996",,,,,
"Report title:  Profile of Jail Inmates, 2002",,,,,
"Data source:  Survey of Inmates in Local Jails, 2002",,,,,
"Refer questions to:  askbjs@usdoj.gov  202-307-0765",,,,,
"Contact:  Doris J. James ",,,,,
"Date of version:  10/13/2004",,,,,
,,,,,
"Highlights table page 1.  Most serious offense of jail inmates, 2002 and 1996",,,,,
"Offense",,2002,,1996,
"   Violent",,25.4,"%",26.3,"%"
"   Property",,24.4,,26.9,
"   Drug",,24.7,,22.0,
"   Public-order",,24.9,,24.4,
