"Bureau of Justice Statistics",,,,,,,,,
"Filename:  pji0214.csv",,,,,,,,,
"Table 14.  Substance abuse treatment of jail inmates, 2002 and 1996",,,,,,,,,
"Report title:  Profile of Jail Inmates, 2002",,,,,,,,,
"Data source:  Survey of Inmates in Local Jails, 2002",,,,,,,,,
"Refer questions to:  askbjs@usdoj.gov  202-307-0765",,,,,,,,,
"Contact:  Doris J. James ",,,,,,,,,
"Date of version: 7/5/2004",,,,,,,,,
,,,,,,,,,
"Table 13. Convicted jail inmates using drugs or alcohol at the time of the offense, by characteristics of inmates, 2002 and 1996",,,,,,,,,
,,,,,,,,,
,"All inmates",,,,,"Convicted inmates",,,
,"Used regularly*",,,,,"Used drugs or alcohol In the month before arrest",,,
"Type of treatment",2002,,1996,,,2002,,1996,
,,,,,,,,,
"      Any treatment",58.0,"%",50.1,"%",,53.8,"%",53.2,"%"
,,,,,,,,,
"Ever participated under correctional supervision",43.4," %",34.3,"%",,42.9," %",39," %"
"Prison/jail",28.7,,24.7,,,27.9,,27.5,
"Probation/parole",31.0,,23.0,,,32.2,,27.1,
,,,,,,,,,
"Since admission",15.1,"%",12.3,"%",,16.2,"%",14.4,"%"
"Self-help",9.8,,9.1,,,10.5,,10.8,
"Education/awareness",4.6,,3.7,,,5.1,,4.6,
"Special facility",2.9,,1.9,,,3,,2.4,
"Counseling",2.0,,1.4,,,2.4,,1.6,
"Detoxification",0.8,,0.9,,,0.8,,0.8,
,,,,,,,,,
"Number of jail inmates",515646,,411567,,,338007,,277787,
,,,,,,,,,
"Note: Excludes inmates for whom treatment and drug or alcohol use information were unknown. ",,,,,,,,,
"*Used drugs or alcohol at least once a week for a month during the year before the current arrest.  ",,,,,,,,,
