"Bureau of Justice Statistics",,,,,,
"Filename:  pji0217.csv",,,,,,
"Table 18. Experience of jail inmates with a restraining order, 2002",,,,,,
"Report title:  Profile of Jail Inmates, 2002",,,,,,
"Data source:  Survey of Inmates in Local Jails, 2002",,,,,,
"Refer questions to:  askbjs@usdoj.gov  202-307-0765",,,,,,
"Contact:  Doris J. James ",,,,,,
"Date of version:  7/5/2004",,,,,,
,,,,,,
"Table 18. Experience of jail inmates with a restraining order, 2002",,,,,,
,,,,,,
,"Percent of jail inmates",,,,,
"Restraining order","All",,"Violent",,"Non- violent",
,,,,,,
"Ever under order",18.6,"%",24.3,"%",16.7,"%"
" At admission",5.1,,7.3,,4.4,
,,,,,,
"Ever violated",4.4,"%",5.1,"%",4.1,"%"
" Violation charge at admission",1.5,,2.0,,1.3,
"    ",,,,,,
,"Percent of inmates ever under a restraining order",,,,,
"Person who sought order*",,,,,,
"Parent",3.8,"%",5.1,"%",3.1,"%"
"Intimate*    ",75.1,,73.1,,76.4,
"Other relative ",2.3,,2.7,,2.2,
"Other nonrelative",20.5,,22.1,,19.3,
"Note: Details adds to more than total because more than one persons may have sought restraining order.  ",,,,,,
"*Includes (ex-) spouse, (ex-) boyfriend, and (ex-) girlfriend. ",,,,,,
