"Bureau of Justice Statistics",,,,,,,,,,,,,,,,,,,
"Filename:  pji0212.csv",,,,,,,,,,,,,,,,,,,
"Table 12.  Prior drug use of jail inmates, by type of drug, 2002 and 1996   ",,,,,,,,,,,,,,,,,,,
"Report title:  Profile of Jail Inmates, 2002",,,,,,,,,,,,,,,,,,,
"Data source:  Survey of Inmates in Local Jails, 2002",,,,,,,,,,,,,,,,,,,
"Refer questions to:  askbjs@usdoj.gov  202-307-0765",,,,,,,,,,,,,,,,,,,
"Contact:  Doris J. James ",,,,,,,,,,,,,,,,,,,
"Date of version: 7/5/2004",,,,,,,,,,,,,,,,,,,
,,,,,,,,,,,,,,,,,,,
"Table 12. Prior drug use of jail inmates, by type of drug, 2002 and 1996   ",,,,,,,,,,,,,,,,,,,
,"Percent of jail inmates who used drugs",,,,,,,,,,,,,,,,,,
,,,,,,,,,,,,,,,,,,,
,"All inmates",,,,,,,,,,"Convicted inmates/b",,,,,"",,,
,"Ever ",,,,,"Regularly/a",,,,,"In the month before the offense",,,,,"At the time of the offense",,,
"Type of drug",2002,,1996,,,2002,,1996,,,2002,,1996,,,2002,,1996,
,,,,,,,,,,,,,,,,,,,
"      Any drug",82.2,"%",82.4,"%",,68.7,"%",64.2,"%",,54.6,"%",54.0,"%",,28.8,"%",34.9,"%"
,,,,,,,,,,,,,,,,,,,
"Marijuana or hashish",75.7,"%",78.2,"%",,57.6,"%",54.9,,,37.5,"%",36.0,"%",,13.6,"%",18,"%"
"Cocaine or crack",48.1,,50.4,,,30.5,,31,,,20.7,,22.8,,,10.6,,14.3,
"Heroin/opiates",20.7,,23.9,,,11.9,,11.8,,,7.8,,7.9,,,4.1,,5.1,
"Depressants/c",21.6,,29.9,,,10.6,,10.4,,,6.1,,5.3,,,2.4,,2.2,
"Stimulants/d",27.8,,33.6,,,16.8,,16.5,,,11.4,,9.6,,,5.2,,5.6,
"Hallucinogens/e",32.4,,32.2,,,13.2,,10.5,,,5.9,,4.2,,,1.6,,1.4,
"Inhalants",12.7,,16.8,,,4.1,,4.8,,,1.0,,0.9,,,0.2,,0.3,
,,,,,,,,,,,,,,,,,,,
"a/Includes all inmates with a current conviction or with a prior conviction, but no new conviction for the current charge.  ",,,,,,,,,,,,,,,,,,,
"b/Used drugs at least once a week for at least a month.",,,,,,,,,,,,,,,,,,,
"c/Depressants include barbiturates, tranquilizers, and quaaludes.",,,,,,,,,,,,,,,,,,,
"d/Stimulants include amphetamines and methamphetamines.",,,,,,,,,,,,,,,,,,,
"e/Hallucinogens include LSD, Ecstasy, and PCP.  ",,,,,,,,,,,,,,,,,,,
