"Bureau of Justice Statistics",,,,,,,,,,
"Filename:  pji0204.csv",,,,,,,,,,
"Table 4.  Most serious offense of jail inmates, by race,  in 2002 ",,,,,,,,,,
"Report title:  Profile of Jail Inmates, 2002",,,,,,,,,,
"Data source:  Survey of Inmates in Local Jails, 2002",,,,,,,,,,
"Refer questions to:  askbjs@usdoj.gov  202-307-0765",,,,,,,,,,
"Contact:  Doris J. James ",,,,,,,,,,
"Date of version:  7/5/2004",,,,,,,,,,
,,,,,,,,,,
"Table 4.  Most serious offense of jail inmates, by gender, race, and Hispanic origin,  in 2002 ",,,,,,,,,,
,"Percent of jail inmates",,,,,,,,,
"Most serious offense","Male",,"Female",,"White*",,"Black*",,"Hispanic",
,,,,,,,,,,
"Violent offenses",26.5,"%",17.1,"%",21.8,"%",26.9,"%",27.1,"%"
"Murder ",2.1,,1.4,,1.2,,2.4,,2.5,
"Negligent manslaughter",0.6,,0.4,,0.4,,0.6,,0.6,
"Rape",0.7,,"/",,0.6,,0.5,,0.6,
"Other sexual assault",3.1,,0.9,,4.0,,1.7,,2.5,
"Robbery",5.8,,3.6,,2.8,,7.7,,6.0,
"Assault",12.2,,8.0,,10.6,,11.8,,13.0,
"Other violent ",1.3,,2.5,,1.6,,1.3,,1.0,
,,,,,,,,,,
"Property offenses",23.3,"%",32.4,"%",28.1,"%",24.0,"%",17.5,"%"
"Burglary",7.2,,2.9,,8.3,,6.3,,4.8,
"Larceny/theft",6.5,,10.3,,8.1,,7.3,,4.2,
"Motor vehicle theft",2.0,,1.4,,2.2,,1.8,,2.1,
"Fraud",3.7,,14.0,,6.2,,4.6,,2.9,
"Stolen property",1.7,,1.6,,1.6,,2.1,,1.1,
"Other property ",1.9,,1.5,,1.3,,1.9,,2.1,
,,,,,,,,,,
"Drug offenses",24.1,"%",29.2,"%",18.5,"%",30.6,"%",27.5,"%"
"Possession",10.3,,14.5,,8.6,,12.7,,12.4,
"Trafficking",12.3,,10.9,,7.7,,16.3,,13.9,
"Other",1.5,,3.8,,2.2,,1.6,,1.1,
,,,,,,,,,,
"Public-order offenses",25.5,"%",20.8,"%",31.0,"%",18.0,"%",27.5,"%"
"Weapons",2.2,,0.6,,1.8,,2.4,,1.9,
"Obstruction of justice",3.8,,4.4,,4.4,,3.7,,3.1,
"Driving while intoxicated ",6.6,,4.9,,10.9,,1.8,,7.7,
"Drunkenness/morals ",1.5,,3.3,,1.9,,1.5,,1.8,
"Violation of parole/probation ",2.9,,3.1,,3.6,,2.6,,2.3,
"Immigration violation",1.9,,0.5,,"/",,0.6,,6.6,
"Other public-order",2.7,,1.5,,3.5,,2.3,,1.5,
,,,,,,,,,,
"Other",0.5,"%",0.6,"%",0.7,"%",0.4,"%","/",
,,,,,,,,,,
"Number of jail inmates",551186,,72306,,223292,,249304,,114562,
,,,,,,,,,,
"Note: The table excludes inmates for whom offense was unknown but includes offenses ",,,,,,,,,,
"for which estimates are not shown separately.",,,,,,,,,,
"/Not shown.    ",,,,,,,,,,
"*Non-Hispanic inmates.",,,,,,,,,,
