"Bureau of Justice Statistics",,,,,,,,,,,,,,
"Filename:  pji0217.csv",,,,,,,,,,,,,,
"Table 17. Prior physical or sexual abuse of jail inmates, 2002 and 1996",,,,,,,,,,,,,,
"Report title:  Profile of Jail Inmates, 2002",,,,,,,,,,,,,,
"Data source:  Survey of Inmates in Local Jails, 2002",,,,,,,,,,,,,,
"Refer questions to:  askbjs@usdoj.gov  202-307-0765",,,,,,,,,,,,,,
"Contact:  Doris J. James ",,,,,,,,,,,,,,
"Date of version:  7/5/2004",,,,,,,,,,,,,,
,,,,,,,,,,,,,,
"Table 17. Prior physical or sexual abuse of jail inmates, 2002 and 1996",,,,,,,,,,,,,,
,,,,,,,,,,,,,,
,"Percent of all jail inmates",,,,,,,,,,,,,
,"All",,,,,"Male",,,,,"Female",,,
,2002,,1996,,,2002,,1996,,,2002,,1996,
"Ever physically or",,,,,,,,,,,,,,
"sexually abused",18.2,"%",16.4,"%",,13.4,"%",12.9,"%",,55.3,"%",47.5,"%"
"Before age 18",10.9,,11.6,,,9.7,,10.6,,,20.3,,20.8,
"After age 18",4.9,,2.0,,,2.3,,1,,,25.2,,10.9,
"Both ",2.3,,2.7,,,1.4,,1.3,,,9.7,,15.8,
,,,,,,,,,,,,,,
"Physically abused",15.1,"%",13.3,"%",,11.2,"%",10.7,"%",,44.9,"%",37.2,"%"
"Sexually abused",7.7,,8.7,,,4,,5.6,,,35.9,,37.1,
,,,,,,,,,,,,,,
"Relationship to abuser","Percent of abused inmates",,,,,,,,,,,,,
"Knew abuser",92.4,"%",86.6,"%",,92.5,"%",87.9,"%",,92.1,"%",90.3,"%"
"Parent/guardian",47.9,,53.2,,,59.7,,60.1,,,25.7,,36.3,
"Intimate*",30.0,,16.6,,,10.5,,3.5,,,66.7,,47.7,
"Other relatives",17.3,,24.4,,,16.4,,21.6,,,18.9,,31.3,
"Friend/acquaintance",20.7,,23.1,,,13.9,,21.7,,,33.5,,26.4,
,,,,,,,,,,,,,,
"Did not know abuser",7.6,"%",13.4,"%",,7.5,"%",12.1,"%",,7.9,"%",17.9,"%"
" Note: Details adds to more than total because more than 1 person may have abused inmates; or some inmates were both physically and sexually abused.",,,,,,,,,,,,,,
"*Includes  (ex) spouse, (ex) boyfriend, and (ex) girlfriend.",,,,,,,,,,,,,,
