"Bureau of Justice Statistics",,,,,,,,,
"Filename:  pji0206.csv",,,,,,,,,
"Table 6.  Length of sentence  and time expected to be served of inmates sentenced to jail, by offense, 2002",,,,,,,,,
"Report title:  Profile of Jail Inmates, 2002",,,,,,,,,
"Data source:  Survey of Inmates in Local Jails, 2002",,,,,,,,,
"Refer questions to:  askbjs@usdoj.gov  202-307-0765",,,,,,,,,
"Contact:  Doris J. James ",,,,,,,,,
"Date of version:  7/5/2004",,,,,,,,,
,,,,,,,,,
,,,,,,,,,
"Table 6. Length of sentence and time expected to be served of inmates sentenced to jail, by offense, 2002",,,,,,,,,
,,,,,,,,,
,"Jail inmates, 2002",,,,,,,,
,"Maximum sentence length/a",,,,,"Time expected to be served/b",,,
"Most serious offense","Median",,"Mean",,,"Median",,"Mean",
,,,,,,,,,
"     All offenses",8,"mos.",24,"mos.",,5.0,"mos.",9.0,"mos."
,,,,,,,,,
"Violent offenses",12,"mos.",33,"mos.",,6.0,"mos.",14.0,"mos."
"Sexual assault",23,,45,,,8.0,,26.0,
"Robbery",36,,69,,,17.0,,27.0,
"Assault",8,,18,,,4.0,,8.0,
,,,,,,,,,
"Property offenses",9,"mos.",23,"mos.",,5.0,"mos.",9.0,"mos."
"Burglary",12,,37,,,8.0,,17.0,
"Larceny/theft",9,,22,,,5.0,,10.0,
"Motor vehicle theft",7,,14,,,4.0,,7.0,
"Fraud",7,,18,,,4.0,,6.0,
"Stolen property",6,,16,,,3.0,,5.0,
,,,,,,,,,
"Drug offenses",12,"mos.",35,"mos.",,6.0,"mos.",11.0,"mos."
"Possession",8,,21,,,4.0,,6.0,
"Trafficking",19,,50,,,8.0,,16.0,
,,,,,,,,,
"Public-order offenses",5,"mos.",10,"mos.",,4.0,"mos.",5.0,"mos."
"Driving while intoxicated",6,,11,,,4.0,,6.0,
,,,,,,,,,
"a/Based on the total maximum sentence for all consecutive sentences. Excludes inmates for whom offense was unknown.",,,,,,,,,
"b/Based on time served when interviewed plus time to be served until the expected date of release. ",,,,,,,,,
"Excludes inmates for whom admission date or expected release date were unknown.",,,,,,,,,
