"Bureau of Justice Statistics",,,,
"Filename:  pjitexttab5b.csv",,,,
"Texttabp9. Employment, income and homelessness of jail inmates, 2002 and 1996  ",,,,
"Report title:  Profile of Jail Inmates, 2002",,,,
"Data source:  Survey of Inmates in Local Jails, 2002",,,,
"Refer questions to:  askbjs@usdoj.gov  202-307-0765",,,,
"Contact:  Doris J. James ",,,,
"Date of version: 7/5/2004",,,,
,,,,
"Text table page 9. Employment, income and homelessness of jail inmates, 2002 and 1996  ",,,,
,,,,
,"Percent of jail inmates",,,
,2002,,1996,
,,,,
"Pre-arrest employment/a",,,,
"Employed",71,"%",64,"%"
"Full time",57.4,,49.3,
"Part time",10.9,,10.4,
"Occasional",18.4,,4.5,
"Not employed",29,,35.6,
"Looking ",15.1,,19.6,
"Not looking",13.8,,16.2,
,,,,
"Pre-arrest personal income/a,b",,,,
"(Monthly)",,,,
"None",19.3,"%",14.4,"%"
"Less than $300",10.6,,16.7,
"$300-599",15,,18.9,
"$600-999",14.2,,17.2,
"$1,000-1,999",24.4,,20.4,
"$2,000 or more",16.4,,12.4,
,,,,
"Sources of income/a,b",,,,
"Wages or salary",63.2,"%",74.7,"%"
"Family/friends",15.8,,16.2,
"Illegal sources",11.8,,15.2,
"Welfare",6.3,,13.8,
"Compensation/c",9.1,,7.4,
"Other/d",4.7,,5.6,
,,,,
"Homeless in past year",14.3,"%",19.2,"%"
,,,,
"Number of jail inmates",631241,,507026,
"a/Excludes inmates who were not free at least a month. ",,,,
"b/Details may add to more than 100% because inmates may report multiple sources of income.",,,,
"c/Includes Social Security, Supplemental Security Income, Worker's Compensation, unemployment insurance, or other compensation payments.  ",,,,
"d/Includes pensions, educational assistance, investments, alimony, and other unspecified types of income. ",,,,
