"Bureau of Justice Statistics",,,,
"Filename:  pjitexttab5.csv",,,,
"Texttabp5a. Time held prior to the interview, 2002",,,,
"Report title:  Profile of Jail Inmates, 2002",,,,
"Data source:  Survey of Inmates in Local Jails, 2002",,,,
"Refer questions to:  askbjs@usdoj.gov  202-307-0765",,,,
"Contact:  Doris J. James ",,,,
"Date of version:  7/5/2004",,,,
,,,,
,,,,
,,,,
"Text table page 5.  Time held prior to the interview, 2002",,,,
"Length of stay","Violent",,"Nonviolent",
,,,,
"7 days or less",0,"%",14,"%"
"8-14",7,,10,
"15-30",13,,15,
"31-60",13,,17,
"61-180",30,,28,
"181-364",15,,10,
"1 - 2 years",7.1,,4.1,
"3 years or more",3.8,,1,
,,,,
"Number of inmates",153649,,455741,
,,,,
"Note: Excludes inmates with an unknown offense or admission date.",,,,
