"Bureau of Justice Statistics",,,,
"Filename:  pjitexttabp6.csv",,,,
"Texttabp6: Reason for revocation of probation or parole, 2002",,,,
"Report title:  Profile of Jail Inmates, 2002",,,,
"Data source:  Survey of Inmates in Local Jails, 2002",,,,
"Refer questions to:  askbjs@usdoj.gov  202-307-0765",,,,
"Contact:  Doris J. James ",,,,
"Date of version:  7/5/2004",,,,
,,,,
"Text table page 6: Reason for revocation of probation or parole",,,,
,,,,
,"On probation or parole at arrest",,,
"Revocation status","Probation",,"Parole",
" ",,,,
"Not revoked",34.0,"%",33.4,"%"
,,,,
"Revoked*",66.0,"%",66.7,"%"
" Arrest/conviction for new  offense",25.7,,30.8,
" Any drug-related violation",16.8,,18.2,
,,,,
"Positive drug test   or possession",12.7,,15.6,
"Failure to report for ",,,,
" testing/treatment",5.7,,4.7,
,,,,
"*Includes inmates awaiting a revocation hearing. ",,,,
"Details may not add to total because more than one response was possible.",,,,
