Bureau of Justice Statistics,,,,,,
Filename: sv16t07.csv,,,,,,
"Table 7. Percent of stalking victims, by duration and frequency of stalking, 2016",,,,,,
"Report title: Stalking Victimization, 2016� NCJ 253526",,,,,,
"Data source: Bureau of Justice Statistics, National Crime Victimization Survey, Supplemental Victimization Survey, 2016",,,,,,
"Authors: Jennifer L. Truman, Ph.D., and Rachel E. Morgan, Ph.D., BJS Statisticians",,,,,,
Refer questions to: askbjs@usdoj.gov 202-307-0765,,,,,,
Date of version: 4/15/2021,,,,,,
,,,,,,
"Table 7. Percent of stalking victims, by duration and frequency of stalking, 2016",,,,,,
,,Total stalking,,,Standard error,
,Total,100,%,,~,
Duration,,,,,,
,Less than 1 month,16.6,%,,1.16,%
,1 month to less than 1 year,45.3,,,1.55,
,1 year to less than 2 years,12.5,,,1.03,
,2 years or more,23.9,,,1.33,
,Unknown,1.2,,,0.34,
Frequency,,,,,,
,2 to 10 times/a,57.4,%,,1.54,%
,11 to 50 times,18.7,,,1.21,
,More than 50 times,7.9,,,0.84,
,Too many times to count,9.4,,,0.91,
,Don't know/don't remember number of times,5.6,,,0.72,
,Number of victims,"3,788,800",,,"117,999",
Note: Details may not sum to totals due to rounding and missing data. See Measuring stalking victimization for more information on the measurement of stalking in the Supplemental Victimization Survey.,,,,,,
~Not applicable.,,,,,,
a/Unwanted contacts or behaviors had to happen more than once for the respondent to screen into the Supplemental Victimization Survey.,,,,,,
"Source: Bureau of Justice Statistics, National Crime Victimization Survey, Supplemental Victimization Survey, 2016.",,,,,,
