"Bureau of Justice Statistics",,,,,,,,,
"Filename:  cf965_03.csv",,,,,,,,,
"Table #:  5.3",,,,,,,,,
"Report title:  Compendium of Federal Justice Statistics, 1996",,,,,,,,,
"Data source:  Federal justice statistics database maintained by The Urban Institute",,,,,,,,,
"refer questions to:  John Scalia  (202) 616-3276   askbjs@ojp.usdoj.gov/bjs",,,,,,,,,
"Date of version:  November 3, 1998",,,,,,,,,
,,,,,,,,,
,,,,,,,,,
"Table 5.3.  Criminal appeals terminated, by type of criminal case and offense, October 1, 1995 - ",,,,,,,,,
,,"September 30, 1996",,,,,,,
,,,,,,,,,
,,,"Number of criminal appeals terminated",,,,,,
,,,,,"Guidelines-based appeals",,,,
,,,,,,"Sentence","Conviction","Sentence and",
"Offense of conviction",,,"Total","Preguideline","Total","only","only","conviction","Other"
,,"All offenses",10161,1441,8720,2568,1196,4536,420
"Violent offenses",,,678,60,618,181,81,328,28
,"Murder*",,134,17,117,19,13,82,3
,"Negligent manslaughter",,2,1,1,1,0,0,0
,"Assault",,90,7,83,17,16,46,4
,"Robbery",,315,24,291,110,33,133,15
,"Rape",,49,4,45,12,7,25,1
,"Other sex offenses*",,36,4,32,11,8,11,2
,"Kidnaping",,48,2,46,10,4,29,3
,"Threats against the President",,4,1,3,1,0,2,0
"Property offenses",,,1909,277,1632,492,216,844,80
,"Fraudulent",,1446,213,1233,398,154,618,63
,,"Embezzlement",110,19,91,20,18,45,8
,,"Fraud*",1203,178,1025,341,117,518,49
,,"Forgery",32,2,30,9,7,14,0
,,"Counterfeiting",101,14,87,28,12,41,6
,"Other",,463,64,399,94,62,226,17
,,"Burglary",9,1,8,1,1,6,0
,,"Larceny*",200,34,166,40,25,95,6
,,"Motor vehicle theft",91,8,83,19,10,48,6
,,"Arson and explosives",70,10,60,15,6,38,1
,,"Transportation of stolen property",80,10,70,17,17,32,4
,,"Other property offenses",13,1,12,2,3,7,0
"Drug offenses",,,4849,633,4216,1242,570,2200,204
"Public-order offenses",,,2228,259,1969,534,292,1048,95
,"Regulatory",,207,47,160,44,33,75,8
,,"Agriculture",16,4,12,6,2,4,0
,,"Antitrust",1,0,1,0,1,0,0
,,"Food and drug",8,0,8,5,0,3,0
,,"Transportation",14,4,10,1,2,6,1
,,"Civil rights",24,5,19,5,3,10,1
,,"Communications",7,1,6,0,0,4,2
,,"Custom laws",3,2,1,0,1,0,0
,,"Postal laws",5,2,3,1,2,0,0
,,"Other regulatory offenses",129,29,100,26,22,48,4
,"Other",,2021,212,1809,490,259,973,87
,,"Weapons",1057,82,975,211,168,552,44
,,"Immigration offenses",251,17,234,98,20,110,6
,,"Tax law violations*",118,24,94,25,14,48,7
,,"Bribery",46,2,44,12,9,23,0
,,"Perjury, contempt, and intimidation",77,11,66,27,9,29,1
,,"National defense",11,2,9,2,2,5,0
,,"Escape",95,9,86,35,5,43,3
,,"Racketeering and extortion",318,56,262,74,26,138,24
,,"Gambling",9,0,9,0,0,8,1
,,"Liquor offenses",1,0,1,0,1,0,0
,,"Obscene material*",5,1,4,1,0,3,0
,,"Traffic",20,4,16,4,3,8,1
,,"Migratory birds",3,2,1,0,0,1,0
,,"All other offenses*",10,2,8,1,2,5,0
"Unknown or indeterminable offense",,,497,212,285,119,37,116,13
,,,,,,,,,
"(SEE PRINTED REPORT FOR FOOTNOTE)",,,,,,,,,
