Bureau of Justice Statistics,,,,,,,,
Filename: ppus19t02.csv,,,,,,,,
"Table 2. Changes in probation populations, by jurisdiction, 2019",,,,,,,,
"Report title: Probation and Parole in the United States, 2019 NCJ 256092",,,,,,,,
"Data source: Bureau of Justice Statistics, Annual Probation Survey, 2019",,,,,,,,
"Authors: Barbara Oudekerk, Ph.D., former BJS Statistician, and Danielle Kaeble, BJS Statistician",,,,,,,,
Refer questions to: askbjs@usdoj.gov 202-307-0765,,,,,,,,
Date of version: 7/22/2021,,,,,,,,
,,,,,,,,
"Table 2. Changes in probation populations, by jurisdiction, 2019",,,,,,,,
,,,Number of probationers,,,,,
Jurisdiction,,," January 1, 2019"," December 31, 2019",Change,Percent of total decrease/increase,,Number of jurisdictions/a
,U.S. total,,"3,521,000","3,492,880","-28,120",100,%,52
Jurisdictions with a decrease in probationers,,,"2,249,870","2,188,735","-61,135",100,%,29
,Selected jurisdictions/b,,,,,,,
,,California,"209,765","199,313","-10,452",17.1,,1
,,New York,"95,679","88,879","-6,800",11.1,,1
,,Pennsylvania ,"178,730","172,052","-6,678",10.9,,1
,,Michigan,"149,101","142,653","-6,448",10.5,,1
,,New Jersey,"133,381","127,804","-5,577",9.1,,1
Jurisdictions with an increase in probationers,,,"1,235,398","1,268,413","33,015",100,%,22
,Selected jurisdictions/b,,,,,,,
,,Alabama,"50,345","55,349","5,004",15.2,,1
,,Illinois,"89,468","93,400","3,932",11.9,,1
,,Nevada,"13,260","16,247","2,987",9,,1
,,Arkansas,"36,511","39,268","2,757",8.4,,1
,,Virginia ,"63,111","65,520","2,409",7.3,,1
Note: See appendix table 9 for estimates for all jurisdictions.,,,,,,,,
a/Details do not sum to totals because Oregon did not provide data during 2019 and the change in its probation population was imputed as 0. See Imputing for nonreporting agencies.,,,,,,,,
"b/During 2019, selected jurisdictions accounted for more than half of the decrease in probationers in jurisdictions where their populations declined and more than half of the increase in probationers in jurisdictions where their populations grew.",,,,,,,,
"Source: Bureau of Justice Statistics, Annual Probation Survey, 2019.",,,,,,,,
