Bureau of Justice Statistics,,,
Filename: ppus19at03.csv,,,
"Appendix Table 3. Estimates for figure 4: Estimated total probation movements, entries, and exits, 2000-2019",,,
"Report title: Probation and Parole in the United States, 2019 NCJ 256092",,,
"Data source: Bureau of Justice Statistics, Annual Probation Survey, 2000-2019",,,
"Authors: Barbara Oudekerk, Ph.D., former BJS Statistician, and Danielle Kaeble, BJS Statistician",,,
Refer questions to: askbjs@usdoj.gov 202-307-0765,,,
Date of version: 7/22/2021,,,
,,,
"Appendix Table 3. Estimates for figure 4: Estimated total probation movements, entries, and exits, 2000-2019",,,
Year,Total movements,Probation exits,Probation entries
2000,"4,263,700","2,102,913","2,160,825"
2001,"4,123,000","2,004,851","2,118,133"
2002,"4,208,800","2,072,133","2,136,623"
2003,"4,424,700","2,187,435","2,237,226"
2004,"4,428,200","2,203,324","2,224,917"
2005,"4,453,100","2,217,517","2,235,610"
2006,"4,489,200","2,209,391","2,279,804"
2007,"4,666,400","2,295,027","2,371,410"
2008,"4,663,500","2,316,855","2,346,648"
2009,"4,597,000","2,313,660","2,283,323"
2010,"4,442,300","2,256,761","2,185,544"
2011,"4,287,600","2,182,800","2,104,800"
2012,"4,122,900","2,080,000","2,042,900"
2013,"4,220,200","2,126,600","2,093,600"
2014,"4,194,900","2,129,100","2,065,800"
2015,"4,009,300","2,043,200","1,966,100"
2016,"4,083,600","2,071,400","2,012,200"
2017,"4,100,300","2,060,800","2,039,500"
2018,"3,755,700","1,910,500","1,845,200"
2019,"3,780,800","1,900,500","1,880,300"
"Source: Bureau of Justice Statistics, Annual Probation Survey, 2000-2019.",,,
