Bureau of Justice Statistics,,
Filename: ppus19f02.csv,,
"Figure 2. Annual percent change of adults on probation, 2000-2019",,
"Report title: Probation and Parole in the United States, 2019 NCJ 256092",,
"Data source: Bureau of Justice Statistics, Annual Probation Survey, 2000-2019",,
"Authors: Barbara Oudekerk, Ph.D., former BJS Statistician, and Danielle Kaeble, BJS Statistician",,
Refer questions to: askbjs@usdoj.gov 202-307-0765,,
Date of version: 7/22/2021,,
,,
"Figure 2. Annual percent change of adults on probation, 2000-2019",,
Year,Annual percent change,
2000,1.8,%
2001,2.5,
2002,1.5,
2003,2,
2004,1.6,
2005,0.5,
2006,1.8,
2007,1.3,
2008,-0.5,
2009,-1.7,
2010,-3.4,
2011,-2,
2012,-0.7,
2013,-0.8,
2014,-1.1,
2015,-2,
2016,-1.4,
2017,-0.7,
2018,-2.9,
2019,-1.3,
"Note: Counts for 2018 and earlier may differ from previously published statistics. See appendix table 1 for estimates. Annual percent change is the difference in population from January 1 to December 31 for 2016 and from December�31 to the previous December 31 for all other years. See Probation and Parole in the United States, 2016 (NCJ 251148, BJS, April 2018).",,
"Source: Bureau of Justice Statistics, Annual Probation Survey, 2000-2019.",,
