"Bureau of Justice Statistics",,,,,,,,,,,,
"filename:  lem9707b.csv",,,,,,,,,,,,
"table #:  7b",,,,,,,,,,,,
"report title:  Law Enforcement Management and Administrative Statistics, 1997:",,,,,,,,,,,,
"                  Data for Individual State and Local Agencies with 100 or More Officers    NCJ 171681",,,,,,,,,,,,
"data source:  1997 LEMAS survey",,,,,,,,,,,,
"authors:  Brian A. Reaves and Andrew L. Goldberg",,,,,,,,,,,,
"refer questions to:  askbjs@ojp.usdoj.gov  (202) 307-0765",,,,,,,,,,,,
"date of version:  3/26/99",,,,,,,,,,,,
,,,,,,,,,,,,
"Table 7b.  Starting salaries, collective bargaining, special pay, and officer membership organizations ",,,,,,,,,,,,
"in State law enforcement agencies, 1997",,,,,,,,,,,,
,,,,,,,,,,,,
,,"Base annual starting salary",,,,"Collective "," ","Types of ",,"      Organizations authorized",,
," ","  Sergeant/"," Officer","     Entry-",,"bargaining",,"special pay",,"       for officer membership",,
,"   Chief ","  first-line"," with 1 year","     level",,"authorized",,"authorized"," ","   Police","Nonpolice","Police"
"Name of agency","   executive","  supervisor"," experience","     officer",,"for officers",,"for officers"," ","   union","union","association"
,,,,,,,,,,,,
"Alabama Department of Public Safety",$65958,$28470,$22820,$19190,,"-",,"-",,"X","X","X"
"Alaska State Troopers",$69333,$59063,$51943,$42275,,"X",,"S,M",,"X","X","X"
"Arizona Department of Public Safety",$81044,$45333,$28723,$28723,,"-",,"-",,"-","-","X"
"Arkansas State Police",$73532,$24372,$20140,$20140,,"-",,"E,M",,"-","-","X"
"California Highway Patrol",$109608,$46044,$37872,$37872,,"X",,"E,H,M,S",,"X","X","X"
"Colorado State Patrol",$86412,$45816,$40656,$24300,,"-",,"S",,"-","-","X"
"Connecticut State Police",$76218,$44294,$38342,$37108,,"X",,"S",,"X","X","X"
"Delaware State Police",$95758,$50281,$35125,$29788,,"X",,"E,H,S",,"X","-","-"
"Florida Highway Patrol",$52020,$30208,$25846,$23261,,"X",,"E",,"X","X","X"
"Georgia State Patrol","            ---",$33198,$26514,$24054,,"-",,"H,M",,"-","-","-"
,,,,,,,,,,,,
"Idaho State Police",$47798,$29682,$27373,$25147,,"-",,"S,M",,"-","-","X"
"Illinois State Police","            ---",$52656,$32508,$32508,,"X",,"-",,"X","-","-"
"Indiana State Police",$87148,$29258,$25124,$22438,,"-",,"-",,"-","-","X"
"Iowa State Patrol",$82950,$49504,$34132,$32593,,"X",,"S",,"X","X","X"
"Kansas Highway Patrol",$65000,$30826,$26645,$25376,,"X",,"S,M",,"-","-","X"
"Kentucky State Police",$75000,$27924,$25817,$24588,,"-",,"M",,"-","-","X"
"Louisiana State Police",$85000,$23652,$20928,$20124,,"-",,"S,M",,"-","-","X"
"Maine State Police",$79352,$41480,$26041,$23899,,"X",,"H,M,S",,"X","-","X"
"Maryland State Police",$89330,$36112,$32816,$28735,,"X",,"S",,"X","X","X"
"Massachusetts State Police",$80000,$42116,$39009,$31140,,"X",,"S,E",,"X","-","X"
,,,,,,,,,,,,
"Michigan State Police",$96000,$49235,$36853,$28814,,"X",,"H,S",,"X","-","X"
"Minnesota State Patrol",$59341,$47961,$34661,$32823,,"X",,"H",,"X","-","-"
"Mississippi Highway Safety Patrol",$70000,$33984,$29112,$22692,,"-",,"E",,"X","X","X"
"Missouri State Highway Patrol",$52000,$37728,$27120,$27120,,"-",,"-",,"-","-","X"
"Montana Highway Patrol",$54610,$27142,$22882,$22882,,"X",,"-",,"X","X","X"
"Nebraska State Patrol",$66693,$31349,$27128,$23474,,"X",,"-",,"X","-","X"
"Nevada Highway Patrol",$52763,$35296,$32375,$24125,,"-",,"H,M,S",,"X","X","X"
"New Hampshire State Police",$53375,$35742,$30274,$25706,,"X",,"-",,"X","X","X"
"New Jersey State Police",$94460,$45449,$38190,$34714,,"X",,"S",,"X","-","X"
"New Mexico State Police",$52273,$32354,$23732,$23146,,"-",,"M",,"-","-","X"
,,,,,,,,,,,,
"New York State Police",$95635,$50100,$35645,$33313,,"X",,"E,H,S",,"X","X","X"
"North Carolina State Highway Patrol",$52523,$29250,$26080,$24838,,"-",,"S,M",,"-","-","X"
"North Dakota Highway Patrol",$62000,$33504,$26880,$25872,,"-",,"E,M",,"-","-","-"
"Ohio State Highway Patrol",$56618,$34486,$28725,$25147,,"X",,"H,S",,"X","X","X"
"Oklahoma Highway Patrol",$64176,$36286,$25000,$24454,,"-",,"S",,"-","-","X"
"Oregon State Police",$56904,$38244,$34836,$31872,,"X",,"H,M,S",,"-","-","X"
"Pennsylvania State Police",$76000,$48947,$33612,$33612,,"X",,"S",,"X","-","X"
"Rhode Island State Police",$103503,$47986,$36164,$33000,,"X",,"E",,"X","-","X"
"South Carolina Highway Patrol","            ---",$23433,$19259,$19259,,"-",,"M",,"X","X","X"
"South Dakota Highway Patrol",$53664,$28038,$23192,$23192,,"-",,"-",,"-","-","X"
,,,,,,,,,,,,
"Tennessee Department of Safety",$48780,$27900,$23976,$22944,,"-",,"H",,"X","X","X"
"Texas Department of Public Safety",$90000,$40884,$30084,$23796,,"-",,"H",,"-","X","X"
"Utah Highway Patrol",$59153,$36310,$24847,$24847,,"-",,"-",,"-","-","X"
"Vermont State Police",$59384,$32323,$23982,$20488,,"X",,"S,M",,"X","-","X"
"Virginia State Police",$99323,$33421,$25582,$23401,,"-",,"-",,"-","-","X"
"Washington State Patrol",$97000,$48912,$35748,$31776,,"-",,"E,H,S",,"-","-","X"
"West Virginia State Police","            ---","            ---","            ---","            ---",,"-",,"-",,"-","-","X"
"Wisconsin State Patrol",$76234,$33050,$29760,$29070,,"X",,"H,S",,"X","-","X"
"Wyoming Highway Patrol",$46368,$24888,$22536,$20460,,"-",,"S",,"-","-","X"
,,,,,,,,,,,,
,,,,,,,,,,,,
"Note:  Codes for collective bargaining and officer membership orgranizations are as follows:",,,,,,,,,,,,
,,,,,,,,,,,,
"     ""X""=Agency authorizes collective bargaining or membership organization.",,,,,,,,,,,,
"      ""-""=Agency does not authorize collective bargaining or membership organization.",,,,,,,,,,,,
,,,,,,,,,,,,
"Codes for special pay are as follows:",,,,,,,,,,,,
,,,,,,,,,,,,
"     ""E""=Educational incentive pay ",,,,,,,,,,,,
"     ""H""=Hazardous duty pay",,,,,,,,,,,,
"     ""M""=Merit pay",,,,,,,,,,,,
"     ""S""=Shift differential pay",,,,,,,,,,,,
"      ""-""=None of the above pay types are authorized",,,,,,,,,,,,
,,,,,,,,,,,,
"---Data were not provided by an agency.",,,,,,,,,,,,
,,,,,,,,,,,,
,,,,,,,,,,,,
,,,,,,,,,,,,
,,,,,,,,,,,,
,,,,,,,,,,,,
,,,,,,,,,,,,
,,,,,,,,,,,,
,,,,,,,,,,,,
,,,,,,,,,,,,
,,,,,,,,,,,,
,,,,,,,,,,,,
,,,,,,,,,,,,
,,,,,,,,,,,,
,,,,,,,,,,,,
,,,,,,,,,,"                State agencies   267",,
