"filename: cpi94d07.csv",,,,
"table #: 7",,,,
"report title: Correctional Populations in the United States, 1994 Chap. 4",,,,
"data source: U.S. Department of Defense Corrections Council (DD Form 2707)",,,,
"author: James Stephan (202)616-3289",,,,
"date of version: 06-28-96",,,,
"range(s): base data= A:A9..A:E59",,,,
,,,,
"Table 4.7. Prisoners in the custody of U.S. military authorities, by conviction status,",,,,
"sentence length, and branch of service,  December 31, 1994",,,,
,,,,
,,,,
,"Branch of service holding prisoners",,,
"Branch of service to which",,,,
" prisoners belonged",,,"Marine",
"and sentence length","Total*","Army","Corps","Navy"
,,,,
"All Branches",,,,
"   All inmates",2782,1779,405,598
"     Convicted",2461,1751,268,442
"       One year or more",2007,1625,128,254
"       Less than 1 year",454,126,140,188
"     Unconvicted",321,28,137,156
,,,,
"Air Force",,,,
"   All inmates",453,322,18,113
"     Convicted",443,317,15,111
"       One year or more",390,298,6,86
"       Less than 1 year",53,19,9,25
"     Unconvicted",10,5,3,2
,,,,
"Army",,,,
"   All inmates",1311,1249,24,38
"     Convicted",1276,1227,18,31
"       One year or more",1139,1127,1,11
"       Less than 1 year",137,100,17,20
"     Unconvicted",35,22,6,7
,,,,
"Marine Corps",,,,
"   All inmates",485,116,342,27
"     Convicted",347,116,219,12
"       One year or more",228,111,114,3
"       Less than 1 year",119,5,105,9
"     Unconvicted",138,0,123,15
,,,,
"Navy",,,,
"   All inmates",526,92,21,413
"     Convicted",390,91,16,283
"       One year or more",246,89,7,150
"       Less than 1 year",144,2,9,133
"     Unconvicted",136,1,5,130
,,,,
"Coast Guard",,,,
"   All inmates",7,0,0,7
"     Convicted",5,0,0,5
"       One year or more",4,0,0,4
"       Less than 1 year",1,0,0,1
"     Unconvicted",2,0,0,2
,,,,
"See the published report for footnote.",,,,
