"filename: cpi94d12.csv",,,,,,
"table #: 12",,,,,,
"report title: Correctional Populations in the United States, 1994 Chap. 4",,,,,,
"data source: U.S. Department of Defense Corrections Council (DD Form 2707)",,,,,,
"author: James Stephan (202) 616-3289",,,,,,
"date of version: 06-28-96",,,,,,
,,,,,,
,,,,,,
"Table 4.12. Admissions to U.S. military confinement facilities, by type of admission, ",,,,,,
"and branch of service to which prisoners belonged, 1994",,,,,,
,,,,,,
,"Branch of service to which prisoners belonged",,,,,
,,"Air     ",,"Marine",,"Coast"
"Type of admission","Total","Force","Army","Corps","Navy","Guard"
,,,,,,
"          Total",3657,373,1327,457,1473,27
,,,,,,
"New Court commitments",3295,290,1102,443,1435,25
"      From Summary court",806,7,112,176,508,3
"      From Special Court ",1033,49,180,167,622,15
"      From General Court",1456,234,810,100,305,7
,,,,,,
"Parole violators returned",75,14,60,0,1,0
,,,,,,
"Transfers from other military confinement",281,69,162,13,35,2
,,,,,,
"Escapees returned",6,0,3,1,2,0
