"filename: cpi94d02.csv",,,,
"table #: 2",,,,
"report title: Correctional Populations in the United States, 1994 Chap. 4",,,,
"data source: U.S. Department of Defense Corrections Council (Form DD 2707)",,,,
"author: James Stephan (202)616-3289",,,,
"date of version: 06-28-96",,,,
"range(s): base data= A:F23..A:A9",,,,
,,,,
"Table 4.2. Prisoners in the custody of U.S. military authorities, by branch of service",,,,
"to which prisoners belonged and branch of service holding them, December 31, 1994",,,,
,,,,
,"Branch of service holding prisoners",,,
"Branch of service to which",,,"Marine",
"prisoners belonged","Total*","Army","Corps","Navy"
,,,,
"         Total",2782,1779,405,598
"Air Force",453,322,18,113
"Army",1311,1249,24,38
"Marine Corps",485,116,342,27
"Navy",526,92,21,413
"Coast Guard",7,0,0,7
,,,,
"See the published report for footnote.",,,,
