"filename: cpi94d16.csv",,,,
"table #: 16",,,,
"report title: Correctional Populations in the United States, 1994 Chap. 4",,,,
"data source: U.S. Department of Defense Corrections Council (DD Form 2707)",,,,
"author: James Stephan (202)616-3289",,,,
"date of version: 06-28-96",,,,
,,,,
,,,,
"Table 4.16  Releases from U.S. military confinement facilities, by method of release,",,,,
"and branch of service holding prisoners, 1994",,,,
,,,,
,"Branch of service holding prisoners ",,,
,,,"Marine",
"Method of release","Total","Army","Corps","Navy"
,,,,
"          All methods",5181,1693,352,3136
,,,,
"Unconditional releases",3181,1010,221,1950
"      Expiration of sentence",3020,870,209,1941
"      Clemency",6,0,6,0
"      Other unconditional",155,140,6,9
,,,,
"Conditional releases",1097,227,121,749
"      Parole",297,192,4,101
"      Restoration to duty",36,35,0,1
"      Other conditional",764,0,117,647
,,,,
"Transfers",886,456,10,420
"      Within same branch",347,0,0,347
"      To other military branch",533,453,10,70
"      To Federal civilian facility",6,3,0,3
,,,,
"Other",17,0,0,17
"      Escape from confinement",0,0,0,0
"      Unknown",17,0,0,17
,,,,
"See the published report for footnote.",,,,
