"filename: cpi94d01.csv",,,,,,,
"table #: 1",,,,,,,
"report title: Correctional Populations in the United States, 1994 Chap. 4",,,,,,,
"data source: U.S. Department of Defense Corrections Council (Form DD 2707)",,,,,,,
"author: James Stephan (202)616-3289",,,,,,,
"date of version: 06-28-96",,,,,,,
"range(s): base data= A:A9..A:L53",,,,,,,
,,,,,,,
"Table 4.1. Characteristics of U.S. military confinement facilities and legal status of prisoners held, ",,,,,,,
"by branch of service holding prisoners and type of facility, December 31, 1994",,,,,,,
,,,,,,,
"Branch of service holding",,"Number","Design","Operational",,"Pre-"," Post-"
"prisoners and type of facility",,"of facilities","capacity","capacity","Total","trial","trial"
,,,,,,,
"All Branches",,,,,,,
"   Total*",,33,5910,4964,2782,324,2458
"Inside continental U.S.",,,,,,,
"    Local facilities",,11,648,369,140,72,68
"    Regional facilities",,10,2633,2490,1182,219,963
"    Long term facilities",,1,1777,1503,1330,0,1330
"Outside continental U.S.",,11,852,602,130,33,97
,,,,,,,
"Army",,,,,,,
"   Total",,12,3358,2412,1779,31,1748
"Inside continental U.S.",,,,,,,
"    Local facilities",,3,367,88,27,10,17
"    Regional facilities",,4,717,574,367,11,356
"    Long term facilities",,1,1777,1503,1330,0,1330
"Outside continental U.S.",,4,497,247,55,10,45
,,,,,,,
"Marine Corps",,,,,,,
"   Total",,5,1180,1180,405,137,268
"Inside continental U.S.",,,,,,,
"    Local facilities",,1,39,39,15,5,10
"    Regional facilities",,3,949,949,362,130,232
"Outside continental U.S.",,1,192,192,28,2,26
,,,,,,,
"Navy",,,,,,,
"   Total",,16,1372,1372,598,156,442
"Inside continental U.S.",,,,,,,
"    Local facilities",,7,242,242,98,57,41
"    Regional facilities",,3,967,967,453,78,375
"Outside continental U.S.",,6,163,163,47,21,26
,,,,,,,
"See the published report for footnote.",,,,,,,
