"Bureau of Justice Statistics",,
"filename:  fleo02f3.csv",,
"Figure 3.  Major employers of Federal officers, June 2002 and June 1996",,
"Report title: Federal Law Enforcement Officers, 2002, NCJ 19995",,
"data source:  2002 Census of Federal Law Enforcement Officers",,
"authors:  Brian A. Reaves, Ph.D. and Lynn Bauer",,
"refer questions to: askbjs@ojp.usdoj.gov (202)307-0765",,
"date of version: 8/7/03",,
,,
,,
"Figure 3.  Major employers of Federal officers, June 2002 and June 1996",,
,,
,,
,2002,1996
"Immigration and Naturalization Service",19101,12403
"Federal Bureau of Prisons",14305,11329
"U.S. Customs Service",11634,9749
"Federal Bureau of Investigation",11248,10389
"U.S. Secret Service",4256,3185
"Drug Enforcement Administration",4020,2946
"U.S. Postal Inspection Service",3135,3576
"IRS, Criminal Investigation",2885,3784
"U.S. Marshals Service",2646,2650
"Bureau of Alcohol, Tobacco and Firearms",2335,1869
"National Park Service",2139,2148
"U.S. Capitol Police",1225,1031
