"Bureau of Justice Statistics",,,,
"filename:  fleo02h1.csv",,,,
"Highlights Figure 1.  Percent change in the number of Federal officers with arrest and firearm authority, 2000-2002.",,,,
"Report title: Federal Law Enforcement Officers, 2002, NCJ 199995",,,,
"data source:  2002 Census of Federal Law Enforcement Officers",,,,
"authors:  Brian A. Reaves, Ph.D. and Lynn Bauer",,,,
"refer questions to: askbjs@ojp.usdoj.gov (202)307-0765",,,,
"date of version: 8/7/03",,,,
,,,,
"Highlights Figure 1.  Percent change in the number of Federal officers with arrest and firearm authority, 2000-2002",,,,
,,,,
,"Percent change",,"Number of officers",
"Agency",,,2000,2002
"Bureau of Alcohol, Tobacco and Firearms",35.51,"%",1723,2335
"U.S. Customs Service",10.39,,10539,11634
"Immigration and Naturalization Service",15.4,,16552,19101
"Federal Bureau of Prisons",13.65,,12587,14305
"U.S. Secret Service",18.65,,3587,4256
"IRS, Criminal Investigation",-5.18,,3011,2855
"Federal Bureau of Investigation",-0.33,,11285,11248
"U.S. Marshals Service",-2.18,,2705,2646
"Drug Enforcement Administration",21.63,,3305,4020
"U.S. Postal Inspection Service",-10.17,,3490,3135
