"Bureau of Justice Statistics",,,,,,,,,,,,,,,,
"filename:  fleo0205.csv",,,,,,,,,,,,,,,,
"Table 5.  Gender and race or ethnicity of Federal officers with arrest and firearm authority, agencies employing 500 or more full-time officers, June 2002",,,,,,,,,,,,,,,,
"Report title: Federal Law Enforcement Officers, 2002, NCJ 187231",,,,,,,,,,,,,,,,
"data source:  2002 Census of Federal Law Enforcement Officers",,,,,,,,,,,,,,,,
"authors:  Brian A. Reaves, Ph.D. and Lynn M. Bauer",,,,,,,,,,,,,,,,
"refer questions to: askbjs@ojp.usdoj.gov (202)307-0765",,,,,,,,,,,,,,,,
"date of version: 8/7/03",,,,,,,,,,,,,,,,
,,,,,,,,,,,,,,,,
,,,,,,,,,,,,,,,,
"Table 5.  Gender and race or ethnicity of Federal officers with arrest and firearm authority, agencies employing 500 or more full-time officers, June 2002.",,,,,,,,,,,,,,,,
,,,,,,,,,,,,,,,,
,,,"                              Percent of full-time Federal officers with arrest and firearm authority",,,,,,,,,,,,,
,"Number of officers*",,"                    Gender",,,,"Total Minority",,"American Indian",,"Black or African American",,"Asian or Pacific Islander",,"Hispanic or Latino of any race",
"   Agency",,,"Male",,"Female",,,,,,,,,,,
,,,,,,,,,,,,,,,,
"Immigration and Naturalization Service",19407,,87.9,"%",12.1,"%",46.7,"%",0.5,"%",5,"%",2.7,"%",38.1,"%"
"Federal Bureau of Prisons",14457,,86.4,,13.6,,40.0,,1.4,,24.9,,1.5,,12.3,
"U.S. Customs Service",11977,,81.4,,18.6,,36.4,,0.8,,6.9,,3.7,,24.7,
"Federal Bureau of Investigation",11398,,82.0,,18.0,,16.8,,0.4,,6.1,,3.0,,7.3,
"U.S. Secret Service",4266,,90.3,,9.7,,20.3,,0.8,,11.9,,1.9,,5.6,
"Drug Enforcement Administration",4111,,91.4,,8.6,,17.7,,0.5,,7.9,,2.0,,7.3,
"U.S. Postal Inspection Service",3175,,82.3,,17.7,,37.2,,0.4,,23.2,,4.2,,9.4,
"Internal Revenue Service",2868,,72.0,,28.0,,22.1,,0.9,,9.8,,4.4,,7.1,
"U.S. Marshals Service",2692,,88.4,,11.6,,17.6,,0.6,,7.1,,2.1,,7.6,
"Bureau of Alcohol, Tobacco and Firearms",2362,,87.1,,12.9,,19.8,,1.1,,9.2,,1.9,,7.4,
"National Park Service",2148,,84.8,,15.2,,12.8,,1.6,,5.1,,2.1,,4.1,
"      Ranger Activities Division",1558,,83.1,,16.9,,9.9,,2.1,,2.1,,1.9,,3.9,
"      U.S. Park Police ",590,,89.3,,10.7,,20.7,,0.2,,13.1,,2.7,,4.7,
"Vetrans Health Administration",1649,,91.4,,8.6,,40.8,,1.2,,28.3,,1.3,,9.8,
"U.S. Capitol Police",1225,,81.2,,18.8,,33.0,,0.2,,29.0,,1.0,,2.8,
"U.S. Fish and Wildlife Service",728,,88.9,,11.1,,12.0,,3.6,,1.8,,0.4,,6.0,
"GSA - Federal Protective Service",709,,90.7,,9.3,,40.3,,0.4,,30.4,,1.1,,8.5,
"USDA Forest Service",611,,78.1,,21.9,,18.8,,7.1,,3.6,,1.5,,6.5,
"Bureau of Diplomatic Security",592,,90.4,,9.6,,16.7,,0.8,,7.3,,3.7,,4.9,
,,,,,,,,,,,,,,,,
,,,,,,,,,,,,,,,,
"Note: Data on gender and race or ethnicity of officers were not provided by the Administrative Office of the U.S. Courts.  Detail may not add to total because of rounding or because of personnel classified as ""other"" race. ",,,,,,,,,,,,,,,,
"*'Includes employees in U.S. Territories.",,,,,,,,,,,,,,,,
