"Bureau of Justice Statistics",,,,,,,,,,,,
"filename:  fleo0204.csv",,,,,,,,,,,,
"Table 4.  Female and minority representation among personnel with arrest and firearm authority in offices of inspector general with 35 or more full-time investigators, June 2002",,,,,,,,,,,,
"Report title: Federal Law Enforcement Officers, 2002, NCJ 199995",,,,,,,,,,,,
"data source:  2002 Census of Federal Law Enforcement Officers",,,,,,,,,,,,
"authors:  Brian A. Reaves, Ph.D. and Lynn Bauer ",,,,,,,,,,,,
"refer questions to: askbjs@ojp.usdoj.gov (202)307-0765",,,,,,,,,,,,
"date of version: 8/7/03",,,,,,,,,,,,
,,,,,,,,,,,,
,,,,,,,,,,,,
"Table 4.  Female and minority representation among personnel with arrest and firearm authority in offices of inspector general with 35 or more full-time investigators, June 2002",,,,,,,,,,,,
,,,,,,,,,,,,
,,,"Percent of full-time Federal officers with arrest and firearm authority",,,,,,,,,
" ",,,,,,,"Racial/ethnic minority",,,,,
,,,"Total minority",,"American Indian",,"Black or African American",,"Asian or 'Pacific Islander",,"Hispanic or Latino of any race",
"Department/agency","Female",,,,,,,,,,,
,,,,,,,,,,,,
"Health and Human Services",28.4,"%",19.3,"%",0.7,"%",8.6,"%",4.3,"%",5.7,"%"
"Treasury, Tax Administration",27.8,,21.7,,0.6,,12.2,,2.5,,6.4,
"Defense",21.5,,15.8,,0.6,,7.3,,2.2,,5.7,
"Social Security Administration",23.3,,21.5,,0.0,,8.4,,1.9,,10.7,
"Housing and Urban Development",25.6,,30.2,,0.5,,12.1,,4.2,,13.5,
"Agriculture",29.4,,24.4,,0.0,,11.9,,4.0,,8.5,
"Justice",16.3,,23.4,,1.4,,7.1,,2.1,,12.8,
"Labor",21.2,,21.9,,0.0,,11.7,,0.7,,9.5,
"Veterans Affairs",21.4,,12.6,,0.0,,4.9,,2.9,,4.9,
"Transportation",27.1,,22.9,,0.0,,10.4,,0.0,,12.5,
"Education",29.7,,35.4,,1.5,,13.8,,6.2,,13.8,
"Treasury",20.0,,21.7,,0.0,,15.0,,1.7,,5.0,
"General Services Administration",20.8,,32.1,,0.0,,11.3,,7.5,,13.2,
"Environmental Protection Agency",31.4,,25.5,,0.0,,23.5,,2.0,,0.0,
"National Aeronautics and Space Administration",16.0,,10.0,,0.0,,4.0,,2.0,,4.0,
"Federal Emergency Management ",13.0,,18.5,,0.0,,7.4,,3.7,,7.4,
"Interior",26.5,,32.7,,4.1,,12.2,,2.0,,14.3,
"Energy",21.7,,28.3,,0.0,,19.6,,2.2,,6.5,
"Federal Deposit Insurance Corporation",23.7,,13.2,,0.0,,13.2,,0.0,,0.0,
"Small Business Administration",27.8,,19.4,,0,,11.1,,2,,8.3,
,,,,,,,,,,,,
"Note:  Table includes employees in U.S. Territories       ",,,,,,,,,,,,
