"Bureau of Justice Statistics",,,,
"filename:  fleo02fletc.csv",,,,
"Number of students graduated and number of student weeks trained at Federal Law Enforcement Training Center facilities, for selceted large agencies, fiscal year 2002",,,,
"Report title: Federal Law Enforcement Officers, 2002, NCJ 19995",,,,
"data source:  2002 Census of Federal Law Enforcement Officers",,,,
"authors:  Brian A. Reaves, Ph.D. and Lynn Bauer",,,,
"refer questions to: askbjs@ojp.usdoj.gov (202)307-0765",,,,
"date of version: 8/7/03",,,,
,,,,
,,,,
"Number of students graduated and number of student weeks trained at Federal Law Enforcement Training Center facilities, for selected large agencies, fiscal year 2002",,,,
,,,,
,,,,"Number of students graduated, FY 2002"
,,,,
"U.S. Customs Service",,,,5529
"Immigration and Naturalization Service",,,,5239
"Transportation Security Administration",,,,4997
"Federal Bureau of Prisons",,,,2978
"IRS, Criminal Investigation",,,,1225
"U.S. Secret Service",,,,989
"U.S. Marshals Service",,,,979
"Bureau of Alcohol, Tobacco and Firearms",,,,721
"National Park Service",,,,463
,,,,
,,,,
,,,,"Number of student weeks trained, FY 2002"
,,,,
"Immigration and Naturalization Service",,,,53192
"U.S. Customs Service",,,,28521
"Transportation Security Administration",,,,15286
"IRS, Criminal Investigation",,,,8079
"Federal Bureau of Prisons",,,,7830
"U.S. Secret Service",,,,6634
"Bureau of Alcohol, Tobacco and Firearms",,,,6175
"National Park Service",,,,3435
"U.S. Marshals Service",,,,2598
