Bureau of Justice Statistics,,,,,,
filename: jic04tt06.csv,,,,,,
"text table 6: Inmates, rated capacity, and percent of capacity occupied in jails in Indian country, 2002-04",,,,,,
"report title: Jails in Indian Country, 2004, NCJ 214257",,,,,,
"data source: Survey of Jails in Indian Country, 2004",,,,,,
author: Todd D. Minton,,,,,,
refer questions to: askbjs@usdoj.gov (202) 307-0765,,,,,,
date of version: 11/27/2006,,,,,,

"Text table 6. Inmates, rated capacity, and percent of capacity occupied in jails in Indian country, 2002-04",,,,,,

,,2004,,2003,,2002
Number of inmates,,,,,,
,Midyear,"1,745",,"1,826",,"2,006"
,Peak day in June,"2,356",,"2,513",,"2,737"

Rated capacity,,"2,162",,"2,222",,"2,187",

Percent of capacity occupied*,,,,,,,
,Midyear,81,%,82,%,92,%
,Peak day in June,109,,113,,125,

*Number of inmates in custody divided by rated capacity.,,,,,,,
