Bureau of Justice Statistics,,
filename: jic04tt08.csv,,
"text table 8: Jails in Indian country that provide medical services to inmates, June 30, 2004",,
"report title: Jails in Indian Country, 2004, NCJ 214257",,
"data source: Survey of Jails in Indian Country, 2004",,
author: Todd D. Minton,,
refer questions to: askbjs@usdoj.gov (202) 307-0765,,
date of version: 11/27/2006,,

"Text table 8. Jails in Indian country that provide medical services to inmates, June 30, 2004",,

Medical services,,Number of facilities
   Total,,44

On-site health services provided by,,
,Jail medical staff,7
,Indian Health Service,9
,Private service provider,1

Off-site health services provided by,,
,Indian Health Service*,37
,Private facilities,13

Note: Data based on 45 facilities. ,,
*One facility reported that medical health services were provided by an off-site health center funded by IHS but operated by tribal authorities.,,
