Bureau of Justice Statistics,
filename: jic04f01.csv,
"Figure 1: Indian county jail inmate population, 2003-2004",
"report title: Jails in Indian Country, 2004, NCJ 214257",
"data source: Survey of Jails in Indian Country, 2004",
author: Todd D. Minton,
refer questions to: askbjs@usdoj.gov (202) 307-0765,
date of version: 11/27/2006,

"Figure 1. Indian county jail inmate population, 2003-2004",

,Number of inmates on the last weekday of the month
"June, 2003",1069
July,907
August,963
September,896
October,957
November,845
December,923
"January, 2004",919
February,1009
March,979
April,963
May,963
"June, 2004",1051

Note: 19 jails could not provide complete data.,
