Bureau of Justice Statistics,,,,,,,,,,
filename: jic04at07.csv,,,,,,,,,,
"appendix table 7: Jails in Indian country with testing policies for hepatitis B infection among inmates, June 30, 2004",,,,,,,,,,
"report title: Jails in Indian Country, 2004, NCJ 214257",,,,,,,,,,
"data source: Survey of Jails in Indian Country, 2004",,,,,,,,,,
author: Todd D. Minton,,,,,,,,,,
refer questions to: askbjs@usdoj.gov (202) 307-0765,,,,,,,,,,
date of version: 11/27/2006,,,,,,,,,,

"Appendix table 7. Jails in Indian country with testing policies for hepatitis B infection among inmates, June 30, 2004",,,,,,,,,,

,,,,,Policies for hepatitis B infection testing,,,,,
State and facility,,At admission,At regular intervals,Random sample,Person with no history of vaccination,Upon request,Upon clinical indication of need,After exposure to active hepatitis B,At release,Unknown
,Total,0,0,1,3,28,31,25,0,2

Alaska,,,,,,,,,,
,Metlakatla Police Department,,,,,,,
Arizona,,,,,,,,
,Chinle Youth Corrections,,,,,X,X,X
,Colorado River Indian Tribes Detention Center,,,,,X,X,X
,Fort Mohave Tribal Police Department,,,,,,,
,Gila River Department of Corrections and Rehabilitation,,,,,X,X,X
,Gila River Juvenile Detention and Rehabilitation Center,,,,,,X,X
,Hopi Rehabilitation Center,,,,,,,
,Navajo Department of Corrections-Kayenta,,,,,,,
,Navajo Department of Corrections-Tuba City,,,,,,,
,Pascua Yaqui Law Enforcement Center,,,,,,,
,Peach Springs Detention Center,,,,,,X,X
,Salt River Department of Corrections,,,,,,X,
,Tohono O'odham Detention Center,,,X,,X,X,X
Colorado,,,,,,,,
,Southern Ute Detention Center,,,,,X,X,X
,Ute Mountain Ute Agency,,,,,X,X,
Michigan,,,,,,,,
,Lac View Desert Police Department,,,,,X,X,
Minnesota,,,,,,,,
,Red Lake Law Enforcement Services,,,,,X,X,X
Mississippi,,,,,,,,
,Choctaw Detention Center,,,,,X,X,X
Montana,,,,,,,,
,Fort Belknap Police Department,,,,,,X,X
,Rocky Boy Police Department,,,,X,X,X,X
Nebraska,,,,,,,,
,Omaha Tribal Police Department,,,,,X,X,X
Nevada,,,,,,,,
,Owyhee Detention Facility,,,,,,X,
New Mexico,,,,,,,,
,Laguna Tribal Detention Facility,,,,,X,X,X
,Navajo Department of Corrections-Crownpoint,,,,,,X,X,,
,Ramah Navajo Police Department,,,,,X,X,X,,
,Taos Tribal Detention Center,,,,,X,X,,,
,Zuni Detention Facility,,,,X,X,X,X,,
North Dakota,,,,,,,,,,
,Fort Berthold Agency,,,,,X,X,,,
,Fort Totten Municipal Center,,,,,X,X,X,,
,Standing Rock Law Enforcement Center,,,,,X,X,,,
,Turtle Mountain Law Enforcement Center,,,,,X,X,X,,
Oklahoma,,,,,,,,,,
,Sac and Fox Nation Juvenile Detention Facility,,,,,,X,X,,
South Dakota,,,,,,,,,,
,Fort Thompson Jail,,,,,,,,,
,Klyuska O'Tipi Reintegration Center,,,,,X,,,,
,Medicine Root Detention Center,,,,,X,X,X,,
,Pine Ridge Correctional Facility,,,,,,,,,X
,Rosebud Sioux Tribe Law Enforcement,,,,X,X,X,X,,
,Sisseton-Wahpeton Sioux Tribal Law Enforcement Center,,,,,,,,,
,Walter Miner Law Enforcement Center-Adult,,,,,X,,X,,
,Walter Miner Law Enforcement Center-Juvenile,,,,,X,,,,
Washington,,,,,,,,,,
,Chehalis Tribal Police Department,,,,,X,X,X,,
,Quinault Nation Police Department,,,,,X,X,X,,
,Wellpinit BIA Law Enforcement Center,,,,,,,,,X
,Yakama Police Department,,,,,X,X,X,,
Wisconsin,,,,,,,,,,
,Menominee Tribal Jail,,,,,X,,,,
