Bureau of Justice Statistics,,,,
filename: jic04t01.csv,,,,
"table 1: Indian country jail inmate characteristics, midyear 2003-04",,,,
"report title: Jails in Indian Country, 2004, NCJ 214257",,,,
"data source: Survey of Jails in Indian Country, 2004",,,,
author: Todd D. Minton,,,,
refer questions to: askbjs@usdoj.gov (202) 307-0765,,,,
date of version: 11/27/2006,,,,

"Table 1. Indian country jail inmate characteristics, midyear 2003-04",,,,

,,,2004,2003
In custody,,,"1,745","1,826"
,Adult,,"1,546","1,546"
,,Male,"1,222","1,252"
,,Female,324,294
,Juvenile,,198,278
,,Male,124,177
,,Female,74,101

,Convicted,,966,"1,025"
,Unconvicted,,697,800

,Felony ,,110,58
,Misdemeanor,,"1,540","1,700"
,Other,,94,68

,Violent offense,,560,635
,DWI/DUI,,195,207
,Drug law violation,,104,143

"Note: Gender for 1 inmate, conviction status for 82 inmates, and seriousness of offense for 1 inmate were not reported in 2004. Gender for 2 inmates and conviction status for 1 inmate were not reported in 2003. ",,,,
