Bureau of Justice Statistics,,,,,
filename: jic04tt01.csv,,,,,
"Text table 1: Number of adult and juvenile inmates, midyear 2003-04",,,,,
"report title: Jails in Indian Country, 2004, NCJ 214257",,,,,
"data source: Survey of Jails in Indian Country, 2004",,,,,
author: Todd D. Minton,,,,,
refer questions to: askbjs@usdoj.gov (202) 307-0765,,,,,
date of version: 11/27/2006,,,,,

"Text table 1. Number of adult and juvenile inmates, midyear 2003-04",,,,,

,,"Number of inmates, midyear",,,
,,2004,2003,Percent change,

In custody,,"1,745","1,826",-4,%
,   Adult,"1,546","1,546",0,
,   Juvenile,198,278,-29
