Bureau of Justice Statistics,,,,,
Filename: vpicsvyjf18stt1.5.csv,,,,,
"Table 1.5. Staff sexual misconduct in juvenile facilities, by selected victim experiences, 2018",,,,,
"Report title: Victim, Perpetrator, and Incident Characteristics of Sexual Victimization of Youth in Juvenile Facilities, 2018 - Statistical Tables NCJ 255446",,,,,
"Data Source: Bureau of Justice Statistics, National Survey of Youth in Custody, 2018",,,,,
"Authors: Michael B. Field and Elizabeth Davis, BJS Statisticians",,,,,
Refer questions to: askbjs@usdoj.gov 202-307-0765,,,,,
Date of version: 11/24/2020,,,,,
,,,,,
"Table 1.5. Staff sexual misconduct in juvenile facilities, by selected victim experiences, 2018",,,,,
,,Victims reporting� ,,,
Victim experience,,Percent,,Standard error,
Number of incidents,,,,,
,1,9,%,2.08,%
,2,18.2,,3.34,
, 3-5,29.6,,3.3,
, 6-10,18.3,,3.11,
,More than 10,25,,2.9,
Victim physically injured,,,,,
,Yes,3.4,% ,1.32,%
,No,96.6,,1.32,
When victimization first happened/a,,,,,
,During first 24 hours,8.9,%,1.73,%
,During first week (but not first 24 hours),14.4,,3.12,
,During first month (but not first week),23.5,,2.97,
,During first 2 months (but not first month),11.4,,2.12,
,After first 2 months,31.5,,3.37,
,Not reported,10.3,,3.02,
Prior contact/relationship between youth and staff,,,,,
,Staff told youth about personal life outside of work,76.6,%,3.7,%
,Staff gave youth pictures or wrote letters,49.1,,3.83,
,Staff offered youth drugs/cigarettes/alcohol/other items not allowed in facility,42.7,,3.76,
,Staff gave youth money/other special gifts,54.8,,3.5,
,Staff offered youth protection from other youth,16.6,,2.5,
,Staff did something else to get youth out of trouble or make things easier for youth,54.3,,3.42,
,Staff spent time alone with youth asking not to tell anyone about it,59,,3.82,
,Staff told youth that they felt emotionally close or had special feelings,74.4,,2.94,
,"Staff talked about sex, joked about sex, or shared sexual stories with youth",81.9,,2.89,
Note: See Terms and definitions for information about the type of incident.,,,,,
a/Based on when the youth first arrived at the facility on the current admission.,,,,,
"Source: Bureau of Justice Statistics, National Survey of Youth in Custody, 2018.",,,,,
