"Bureau of Justice Statistics",,,,,,
"Filename: iscs02tS12.1.csv",,,,,,
"Table S12.1.-Standard errors for table 12.1: Percentage of students ages 12 through 18 who reported fear at school or on the way to and from school and away from school during the previous 6 months, by selected student characteristics: 199",,,,,,
"Title of Report: Indicators of School Crime & Safety, 2002, NCJ 196753",,,,,,
"Data source:  U.S. Department of Justice, Bureau of Justice Statistics, School Crime Supplement to the National Crime Victimization Survey, JanuaryJune 1995, 1999, and 2001.",,,,,,
"Author: BJS/NCES",,,,,,
"Contact:  Detis T. Duhart",,,,,,
"Refer questions to:   (202) 307-0765 or askbjs@ojp.usdoj.gov",,,,,,
"Date version:  10/29/02",,,,,,
"",,,,,,
,,,,,,
,,,,,,
"Table S12.1.-Standard errors for table 12.1: Percentage of students ages 12 through 18 who reported fear at school or on the way to and from school and away from school during the previous 6 months, by selected student characteristics: 199",,,,,,
,,,,,,
,,,,,,
,,,,,,
,"Feared attack at school or on the way to and from school",,,,"Feared attack away from school",
"Student characteristics1","1995","1999","2001",,"1999","2001"
,,,,,,
"    Total",0.39,0.37,0.31,,0.32,0.28
,,,,,,
"Gender",,,,,,
"  Male",0.51,0.44,0.38,,0.34,0.31
"  Female",0.58,0.53,0.43,,0.49,0.42
,,,,,,
"Race/ethnicity",,,,,,
"  White, non-Hispanic",0.36,0.32,0.35,,0.32,0.29
"  Black, non-Hispanic",1.31,1.27,0.87,,1.00,0.87
"  Hispanic",1.27,1.20,1.07,,1.03,0.75
"  Other, non-Hispanic",1.58,1.09,1.11,,1.04,1.32
,,,,,,
"Grade",,,,,,
"  6th",1.13,1.37,1.26,,1.11,1.15
"  7th",1.02,0.79,0.95,,0.72,0.80
"  8th",0.84,0.74,0.69,,0.66,0.61
"  9th",0.82,0.74,0.63,,0.63,0.62
"  10th",0.82,0.77,0.71,,0.63,0.63
"  11th",0.80,0.68,0.65,,0.72,0.62
"  12th",0.94,0.88,0.55,,0.86,0.62
,,,,,,
"Urbanicity",,,,,,
"  Urban",0.84,0.81,0.59,,0.82,0.68
"  Suburban",0.49,0.42,0.33,,0.31,0.33
"  Rural",0.80,0.70,0.97,,0.71,0.59
,,,,,,
"Control",,,,,,
"  Public",0.43,0.38,0.33,,0.32,0.30
"  Private",1.01,0.81,0.92,,0.92,1.08
"NOTE: In 1995 and 1999, students reported fear of �attack or harm~ at school during the previous 6 months. In 2001, students reported fear of �attack or threat of attack~ at school during the previous ",,,,,,
"6 months. Includes students who reported that they sometimes or most of the time feared being victimized in this way. See appendix B for details. Population sizes for students ages 12 through 18",,,,,,
"are 23,601,000 in 1995, 24,614,000 in 1999, and 24,315,190 in 2001.",,,,,,
"SOURCE: U.S. Department of Justice, Bureau of Justice Statistics, School Crime Supplement to the National Crime Victimization Survey, JanuaryJune 1995, 1999, and 2001.",,,,,,
,,,,,,
,,,,,,
"                                     Standard Error Tables",,,,,,125
