"Bureau of Justice Statistics",,,,,,,,,
"Filename: iscs02f19-1.csv",,,,,,,,,
"Figure 19.1.--Percentage of students in grades 9 through 12 who reported that durgs were made available to them on school property during the last 12 months, by gender:  1993, 1995, 1997, 1999 and 2001",,,,,,,,,
"Title of Report:  Indicators of School Crime and Safety 2002, NCJ 196753",,,,,,,,,
"Data source:  Centers for Disease Control and Prevention, National Center for Chronic Disease Prevention and Health Promotion, Youth Risk Behavior Surveillance System (YRBSS), ""Youth Risk Behavior Survey"" (YRBS,) 1993, 1995, 1997,",,,,,,,,,
"Author: BJS/NCES",,,,,,,,,
"Contact:  Detis T. Duhart",,,,,,,,,
"Refer questions to:   (202) 307-0765 or askbjs@ojp.usdoj.gov",,,,,,,,,
"Date version:  10/29/02",,,,,,,,,
,,,,,,,,,
,,,,,,,,,
,,,,,,,,,
"Figure 19.1.--Percentage of students in grades 9 through 12 who reported that durgs were made available to them on school property during the last 12 months, by gender:  1993, 1995, 1997, 1999 and 2001",,,,,,,,,
,,,,,,,,,
,,,,,,,,,
,,,,,,,,,
,"1993 ","1995","*","1997","*","1999","*","2001","*"
"Total",24.0,32.1,,31.7,,30.2,,28.5,
"Male",28.5,38.8,,37.4,,34.7,,34.6,
"Female",19.1,24.8,,24.7,,25.7,,22.7,
