"Bureau of Justice Statistics",,,,
"Filename: iscs02f1-2.csv",,,,
"Figure 1.2.--Number of homicides and suicides of students at school and of youth ages5 to 19 away from school:  1998-99",,,,
"Title of Report:  Indicators of School Crime & Safety, 2002  NCJ 196753",,,,
"Data source:  See footnotes at end of figure",,,,
"Author: BJS/NCES",,,,
"Contact:  Detis T. Duhart",,,,
"Refer questions to:   (202) 307-0765 or askbjs@ojp.usdoj.gov",,,,
"Date version:  10/29/02",,,,
"",,,,
,,,,
"Figure 1.2.--Number of homicides and suicides of students at school and of youth ages5 to 19 away from school:  1998-99",,,,
,,,,
,,,,
,"Homicides",,,"Suicides"
"At school",33,,"At school",4
"Away from school",2358,,"Away from school",1855
,,,,
"(Total=",,,"(Total=",
2391,,,1859,
