"Bureau of Justice Statistics",,,
"Filename: iscs02f15-1.csv",,,
"Figure 15.1.--Percentage of students ages 12 through 18 who reported that street gangs were present at school druing the previous 6 months, by urbanicity and control:  2001",,,
"Title of Report:  Indicators of School Crime and Safety 2002, NCJ 196753",,,
"Data source:  U.S. Department of Justice, Bureau of Justice Statistics, School Crime Supplement to the National Crime Victimization Survey, January-June 2001.",,,
"Author: BJS/NCES",,,
"Contact:  Detis T. Duhart",,,
"Refer questions to:   (202) 307-0765 or askbjs@ojp.usdoj.gov",,,
"Date version:  10/29/02",,,
"",,,
,,,
,,,
"Figure 15.1.--Percentage of students ages 12 through 18 who reported that street gangs were present at school druing the previous 6 months, by urbanicity and control:  2001",,,
,,,
,,,
,,,
,"Urban","Suburban","Rural"
"Total",29,18,13
"Public",32,20,14
"Private",5,4,7
