"Bureau of Justice Statistics",,,,,,,,,,,,,,,,,
"Filename: iscs02tS7.1.csv",,,,,,,,,,,,,,,,,
"Table S7.1.-Standard errors for table 7.1: Percentage of public schools that reported one or more criminal incidents to police, by seriousness of the incident, urbanicity, and selected school characteristics: 199697",,,,,,,,,,,,,,,,,
"Title of Report: Indicators of School Crime & Safety, 2002, NCJ 196753",,,,,,,,,,,,,,,,,
"Data source: U.S. Department of Justice, Bureau of Justice Statistics, School Crime Supplement to the National Crime Victimization Survey, JanuaryJune 1999 and 2001.",,,,,,,,,,,,,,,,,
"Author: BJS/NCES",,,,,,,,,,,,,,,,,
"Contact:  Detis T. Duhart",,,,,,,,,,,,,,,,,
"Refer questions to:   (202) 307-0765 or askbjs@ojp.usdoj.gov",,,,,,,,,,,,,,,,,
"Date version:  10/29/02",,,,,,,,,,,,,,,,,
"",,,,,,,,,,,,,,,,,
,,,,,,,,,,,,,,,,,
,,,,,,,,,,,,,,,,,
"Table S7.1.-Standard errors for table 7.1: Percentage of public schools that reported one or more criminal incidents to police, by seriousness of the incident, urbanicity, and selected school characteristics: 199697",,,,,,,,,,,,,,,,,
,,,,,,,,,,,,,,,,,
,,,,,,,,,,,,,,,,,
,,,,,,,,,,,,,,,"Less serious violent or nonviolent incidents",,
,,,"Any incidents",,,,,,"Serious violent incidents",,,,,,"and no serious violent incidents",,
"School characteristics","Total","City","Urban fringe","Town","Rural",,"Total","City","Urban fringe","Town","Rural",,"Total","City","Urban fringe","Town","Rural"
,,,,,,,,,,,,,,,,,
"    Total",2.09,3.74,3.16,3.84,4.21,,0.77,2.11,1.81,1.43,1.46,,2.14,4.05,3.23,3.74,4.13
,,,,,,,,,,,,,,,,,
"Instructional level",,,,,,,,,,,,,,,,,
"  Elementary school",3.21,5.34,4.92,6.12,6.24,,1.07,2.41,1.70,2.05,2.18,,3.19,5.52,4.65,5.99,6.08
"  Middle school",2.29,2.80,4.47,4.77,7.17,,1.87,4.12,5.04,2.62,4.95,,2.76,3.85,5.40,4.79,6.99
"  High school",2.38,3.02,5.07,4.16,4.86,,2.07,3.37,5.74,3.30,2.64,,2.98,3.87,6.04,5.20,5.20
,,,,,,,,,,,,,,,,,
"Region",,,,,,,,,,,,,,,,,
"  Northeast",4.38,10.37,7.20,8.32,11.77,,1.11,2.47,2.40,1.49,4.45,,4.66,10.03,7.07,8.37,11.61
"  Southeast",3.79,7.58,8.98,8.22,7.24,,1.63,4.96,4.81,2.00,2.27,,3.92,7.44,8.89,7.78,7.10
"  Central",4.52,6.95,8.14,7.68,7.39,,2.21,4.93,4.47,4.55,3.57,,4.05,6.21,7.44,6.90,6.75
"  West",3.50,5.72,6.88,6.88,7.76,,1.39,3.71,3.53,2.69,2.64,,3.72,6.86,6.47,7.18,7.79
,,,,,,,,,,,,,,,,,
"School enrollment",,,,,,,,,,,,,,,,,
"  Less than 300",4.87,"","",10.09,5.99,,1.42,"","",5.60,1.23,,4.44,"","",9.22,5.93
"  300999",2.19,4.05,3.53,3.68,5.21,,1.16,2.60,2.23,0.83,3.18,,2.47,4.41,3.78,3.60,5.33
"  1,000 or more",2.26,2.86,3.66,8.23,"",,2.39,4.26,4.30,5.65,"",,3.19,5.12,5.01,8.95,""
,,,,,,,,,,,,,,,,,
"Minority enrollment",,,,,,,,,,,,,,,,,
"  Less than 5 percent",3.67,"",8.08,6.18,5.40,,1.34,"",3.00,1.26,2.20,,3.47,"",8.22,6.14,5.06
"  519 percent",3.84,7.56,6.21,7.09,10.41,,2.09,5.33,3.30,5.14,2.88,,3.62,8.27,5.92,6.77,9.63
"  2049 percent",3.65,6.78,7.51,7.96,9.16,,1.58,4.42,3.00,2.17,4.12,,3.58,6.32,7.49,8.59,8.95
"  50 percent or more",3.19,4.75,7.04,8.46,10.22,,1.76,2.51,4.68,2.62,5.36,,3.89,4.92,7.81,8.79,10.59
,,,,,,,,,,,,,,,,,
"Free/reduced-price lunch eligibility",,,,,,,,,,,,,,,,,
"  Less than 20 percent",3.33,8.84,6.14,7.03,9.20,,1.53,3.30,2.72,2.44,2.73,,3.23,8.41,5.90,6.56,8.88
"  2134 percent",4.25,10.27,8.63,7.72,6.99,,1.97,5.60,3.89,4.46,4.47,,4.27,9.82,8.97,7.23,6.48
"  3549 percent",5.01,8.62,12.35,9.64,7.80,,2.32,8.94,5.28,1.80,3.33,,4.97,10.73,11.85,9.45,7.87
"  5074 percent",4.06,7.83,9.39,9.00,8.83,,1.38,4.96,4.95,1.51,1.60,,4.47,7.33,9.72,9.29,9.03
"  75 percent or more",4.67,6.73,"","","",,1.73,1.74,"","","",,4.75,6.54,"","",""
"Fewer than 30 sample cases.",,,,,,,,,,,,,,,,,
"NOTE: Serious violent crimes include murder, rape or other type of sexual battery, suicide, physical attack or fight with a weapon, or robbery. Less serious violent or nonviolent crimes include",,,,,,,,,,,,,,,,,
"physical attack or fight without a weapon, theft/larceny, and vandalism. Any incidents refer to any of the crimes listed. Not included are any crimes not listed here and any crimes not reported to",,,,,,,,,,,,,,,,,
"police. Schools were asked to report crimes that took place in school buildings, on school buses, on school grounds, and at places holding school-sponsored events. Population size is 78,000 public",,,,,,,,,,,,,,,,,
"schools. ",,,,,,,,,,,,,,,,,
"SOURCE: U.S. Department of Education, National Center for Education Statistics, Fast Response Survey System, �Principal/School Disciplinarian Survey on School Violence,~ FRSS 63, 1997.",,,,,,,,,,,,,,,,,
"             Standard Error Tables",,,,,,,,,,,,,,,,,108
