"Bureau of Justice Statistics",,,,,,
"Filename: iscs02tf17-2.csv",,,,,,
"Figure 17.2.--Percentage of students in grades 9 through 12 who reported using alcohol in the last 30 days, by grade:  1993, 1995, 1997, 1999, and 2001",,,,,,
"Title of Report:  Indicators of School Crime and Safety 2002",,,,,,
"Data source:  Centers for Disease Control and Prevention, National Center for Chronic Disease  Prevention and Health Promotion, Youth Risk Behavior Surveillance System (YRBSS), ""Youth Risk Behavior Survey"" (YRBS,) 1993, 1995, 1997, 1999 an",,,,,,
"Author: BJS/NCES",,,,,,
"Contact:  Detis T. Duhart",,,,,,
"Refer questions to:   (202) 307-0765 or askbjs@ojp.usdoj.gov",,,,,,
"Date version:  10/29/02",,,,,,
"",,,,,,
,,,,,,
,,,,,,
"Figure 17.2.--Percentage of students in grades 9 through 12 who reported using alcohol in the last 30 days, by grade:  1993, 1995, 1997, 1999, and 2001",,,,,,
,,,,,,
,,,,,,
,,,,,,
"Anywhere",,"1993 ","1995","1997","1999",2001
,"Total",48.0,51.6,50.8,50.0,47.1
,"9th grade",40.5,45.6,44.2,40.6,41.1
,"10th grade",44.0,49.5,47.2,49.7,45.2
,"11th grade",49.7,53.7,53.2,50.9,49.3
,"12th grade",56.4,56.5,57.3,61.7,55.2
,,,,,,
"On school property",,"1993 ","1995","1997","1999",2001
,"Total",5.2,6.3,5.6,4.9,4.9
,"9th grade",5.2,7.5,5.9,4.4,5.3
,"10th grade",4.7,5.9,4.6,5.0,5.1
,"11th grade",5.2,5.7,6.0,4.7,4.7
,"12th grade",5.5,6.2,5.9,5.0,4.3
