"Bureau of Justice Statistics",,,,,,,,,,,,,,,,,
"Filename: iscs02tS8.7.csv",,,,,,,,,,,,,,,,,
"Table S8.7.-Standard errors for table 8.7: Number of serious violent criminal incidents reported to police per 1,000 public school students, by type of incident, urbanicity, and selected school characteristics: 1996-97",,,,,,,,,,,,,,,,,
"Title of Report: Indicators of School Crime & Safety, 2002, NCJ 196753",,,,,,,,,,,,,,,,,
"Data source: U.S. Department of Education, National Center for Education Statistics, Fast Response Survey System, �Principal/School Disciplinarian Survey on School Violence,~ FRSS 63, 1997.",,,,,,,,,,,,,,,,,
"Author: BJS/NCES",,,,,,,,,,,,,,,,,
"Contact:  Detis T. Duhart",,,,,,,,,,,,,,,,,
"Refer questions to:   (202) 307-0765 or askbjs@ojp.usdoj.gov",,,,,,,,,,,,,,,,,
"Date version:  10/29/02",,,,,,,,,,,,,,,,,
"",,,,,,,,,,,,,,,,,
,,,,,,,,,,,,,,,,,
,,,,,,,,,,,,,,,,,
"Table S8.7.-Standard errors for table 8.7: Number of serious violent criminal incidents reported to police per 1,000 public school students, by type of incident, urbanicity, and selected school characteristics: 1996-97",,,,,,,,,,,,,,,,,
,,,,,,,,,,,,,,,,,
,,,,,,,,,,,,,,,,,
,,,,,,,,,,,,,,,,,
,"Rape or other type of sexual battery",,,,,,"Physical attack or fight with a weapon",,,,,,"Robbery",,,,
"School characteristics","Total","City","Urban fringe","Town","Rural",,"Total","City","Urban fringe","Town","Rural",,"Total","City","Urban fringe","Town","Rural"
,,,,,,,,,,,,,,,,,
"    Total",0.02,0.04,0.02,0.02,0.05,,0.04,0.12,0.03,0.10,0.08,,0.04,0.09,0.05,0.04,0.04
,,,,,,,,,,,,,,,,,
"Instructional level",,,,,,,,,,,,,,,,,
"  Elementary school",0.02,0.02,0.02,"",0.08,,0.03,0.07,0.02,"",0.07,,0.02,0.02,0.02,"",0.02
"  Middle school",0.04,0.07,0.09,0.02,0.13,,0.17,0.59,0.08,0.05,0.26,,0.12,0.41,0.05,"",0.07
"  High school",0.03,0.07,0.04,0.03,0.09,,0.09,0.09,0.09,0.31,0.19,,0.07,0.12,0.18,0.12,0.12
,,,,,,,,,,,,,,,,,
"Region",,,,,,,,,,,,,,,,,
"  Northeast",0.02,0.04,0.03,0.02,0.07,,0.03,0.09,0.05,0.02,0.10,,0.05,0.14,0.03,0.14,0.09
"  Southeast",0.03,0.08,0.09,0.03,0.07,,0.04,0.12,0.10,0.02,0.04,,0.06,0.04,0.22,0.02,0.12
"  Central",0.05,0.15,0.02,"",0.14,,0.16,0.60,0.07,0.08,0.24,,0.10,0.40,0.12,"",0.02
"  West",0.03,0.03,0.05,0.02,0.06,,0.07,0.07,0.07,0.34,0.15,,0.03,0.06,0.03,0.08,""
,,,,,,,,,,,,,,,,,
"School enrollment",,,,,,,,,,,,,,,,,
"  Less than 300",0.05,"-","-",0.08,0.08,,0.26,"-","-",1.11,0.14,,0.06,"-","-",0.24,""
"  300-999",0.02,0.05,0.03,0.02,0.07,,0.06,0.19,0.03,0.02,0.10,,0.05,0.13,0.02,0.02,0.06
"  1,000 or more",0.03,0.06,0.04,0.04,"-",,0.05,0.09,0.08,0.12,"-",,0.07,0.08,0.15,0.02,"-"
,,,,,,,,,,,,,,,,,
"Minority enrollment",,,,,,,,,,,,,,,,,
"  Less than 5 percent",0.04,"-",0.02,0.02,0.09,,0.03,"-",0.02,0.02,0.06,,0.02,"-",0.02,0.02,0.02
"  5-19 percent",0.03,0.13,0.03,0.02,0.02,,0.09,0.10,0.05,0.35,0.07,,0.02,0.06,0.02,0.08,0.02
"  20-49 percent",0.03,0.07,0.06,0.02,0.12,,0.05,0.12,0.07,0.06,0.14,,0.05,0.07,0.08,0.14,""
"  50 percent or more",0.02,0.03,0.06,0.02,0.02,,0.13,0.23,0.09,0.02,0.66,,0.12,0.17,0.19,0.02,0.38
,,,,,,,,,,,,,,,,,
"Free/reduced-price lunch eligibility",,,,,,,,,,,,,,,,,
"  Less than 20 percent",0.02,0.07,0.03,0.02,0.09,,0.03,0.06,0.03,0.09,0.08,,0.03,0.07,0.06,"",0.02
"  21-34 percent",0.04,0.06,0.06,"",0.16,,0.05,0.17,0.12,0.03,0.09,,0.07,0.14,0.21,0.02,0.06
"  35-49 percent",0.06,0.22,0.08,0.04,0.10,,0.07,0.24,0.02,0.02,0.13,,0.05,0.11,0.05,0.17,""
"  50-74 percent",0.03,0.05,0.09,"","",,0.19,0.51,0.11,0.02,0.07,,0.13,0.35,0.05,0.02,""
"  75 percent or more",0.03,0.03,"-","-","-",,0.15,0.05,"-","-","-",,0.07,0.06,"-","-","-"
"-Fewer than 30 sample cases.",,,,,,,,,,,,,,,,,
"No cases are reported in this cell, although the event defined by this cell could have been reported by some schools with these characteristics, had a different sample been drawn.",,,,,,,,,,,,,,,,,
"NOTE: Examples of weapons are guns, knives, sharp-edged or pointed objects, baseball bats, frying pans, sticks, rocks, and bottles. Schools were asked to report crimes that took place in school",,,,,,,,,,,,,,,,,
"buildings, on school buses, on school grounds, and at places holding school-sponsored events. Population size is 42,336,819 public school students. Values of 0.0 are less than 0.05.",,,,,,,,,,,,,,,,,
"SOURCE: U.S. Department of Education, National Center for Education Statistics, Fast Response Survey System, �Principal/School Disciplinarian Survey on School Violence,~ FRSS 63, 1997.",,,,,,,,,,,,,,,,,
,,,,,,,,,,,,,,,,,118
