"Bureau of Justice Statistics",,
"Filename: iscs02f6-1.csv",,
"Figure 6.1.--Percentage of students ages through 18 who reported being bullied at school during the previous 6 months, by gender: 1999, and 2001",,
"Title of Report:  Indicators of School Crime and Safety 2002, NCJ 196753",,
"Data source:  U.S. Department of Justice, Bureau of Justice Statistics, School Crime Supplement to the  National Crime Victimization Survey, January--June 1999 and 2001.",,
"Author: BJS/NCES",,
"Contact:  Detis T. Duhart",,
"Refer questions to:   (202) 307-0765 or askbjs@ojp.usdoj.gov",,
"Date version:  10/29/02",,
"",,
,,
"Figure 6.1.--Percentage of students ages through 18 who reported being bullied at school during the previous 6 months, by gender: 1999, and 2001",,
,,
,,
,,
,1999,2001
"Total",5,8
"Male",5,9
"Female",5,7
