"Bureau of Justice Statistics",,
"Filename: iscs02f7-2.csv",,
"Figure 7.2.--Percentage of public schools that reported one or more criminal incidents to police and number of incidents reported per 1,000 students, by seriousness of crimes, instructional level, and urbanicity:  1996-97",,
"Title of Report:  Indicators of School Crime and Safety 2002, NCJ 196753",,
"Data source:  U.S. Department of Education, National Center for Education Statistics, Fast Response Survey System, ""Principal/School Disciplinarian Survey on School Violence,""FRSS 63, 1997.",,
"Author: BJS/NCES",,
"Contact:  Detis T. Duhart",,
"Refer questions to:   (202) 307-0765 or askbjs@ojp.usdoj.gov",,
"Date version:  10/29/02",,
"",,
,,
,,
"Figure 7.2.--Percentage of public schools that reported one or more criminal incidents to police and number of incidents reported per 1,000 students, by seriousness of crimes, instructional level, and urbanicity:  1996-97",,
,,
,,
,,
,,
,"Serious violent crime","Less serious or nonviolent crime"
"High ",21,56
"Middle",19,55
"Elementary",4,41
,,
,"Serious violent crime","Less serious or nonviolent crime"
"Rural",8,39
"Town",5,58
"Urban fringe",11,47
"City",17,42
,,
,"Serious violent crime","Less serious or nonviolent crime"
"High",1,17
"Middle",1,15
"Elementary",0,3
,,
,"Serious violent crime","Less serious or nonviolent crime"
"Rural",0,9
"Town",0,10
"Urban fringe",0,8
"City",1,11
