"Bureau of Justice Statistics",,,,,,,
"Filename: iscs02f16-1.csv",,,,,,,
"Figure 16.1.--Percentage of public school principals who reported that selected discipline issues were a serious or moderate problem in their school, by school level:  1999-2000",,,,,,,
"Title of Report:  Indicators of School Crime and Safety 2002, NCJ 196753",,,,,,,
"Data source:  U.S. Department of Education, National Center for Education Statistics, Schools and Staffing Survey (SASS), ""Public and Public Charter School Principal Surveys,"" 1999-2000.",,,,,,,
"Author: BJS/NCES",,,,,,,
"Contact:  Detis T. Duhart",,,,,,,
"Refer questions to:   (202) 307-0765 or askbjs@ojp.usdoj.gov",,,,,,,
"Date version:  10/29/02",,,,,,,
"",,,,,,,
,,,,,,,
,,,,,,,
"Figure 16.1.--Percentage of public school principals who reported that selected discipline issues were a serious or moderate problem in their school, by school level:  1999-2000",,,,,,,
,,,,,,,
,,,,,,,
,"Secondary","Elementary","Total*",,,,
"Student weapons possession",2,1,1,,1.1,0.8,2.0
"Robbery or theft",7,2,4,,3.5,2.3,7.0
"Vandalism of school property",7,5,6,,5.7,5.2,6.7
"Students cutting class",20,1,6,,6.0,1.1,20.4
"Student drug abuse",39,3,12,,12.4,2.5,38.9
"Physical conflicts among students",12,13,13,,12.6,12.7,11.6
"Student use of alcohol",48,3,15,,15.0,2.9,47.9
"Student disrespect for teachers",25,17,20,,19.8,17.4,25.1
"Student absenteeism",48,22,29,,29.3,22.2,48.3
"Student tardiness",48,27,32,,32.4,27.1,47.9
