"Bureau of Justice Statistics",,,,,,,,,,,,,,,,,
"Filename: iscs02t8-4.csv",,,,,,,,,,,,,,,,,
"Table 8.4.--Number of public schools that reported one or more less serious violent or nonviolent criminal incidents to police, by type of incident,  urbanicity, and selected school characteristics: 1996-97",,,,,,,,,,,,,,,,,
"Title of Report: Indicators of School Crime & Safety, 2002, NCJ 196753",,,,,,,,,,,,,,,,,
"Data source:  U.S. Department of Education, National Center for Education Statistics, Fast Response Survey System, �Principal/School Disciplinarian Survey on School Violence,  FRSS 63, 1997.",,,,,,,,,,,,,,,,,
"Author: BJS/NCES",,,,,,,,,,,,,,,,,
"Contact:  Detis T. Duhart",,,,,,,,,,,,,,,,,
"Refer questions to:   (202) 307-0765 or askbjs@ojp.usdoj.gov",,,,,,,,,,,,,,,,,
"Date version:  10/29/02",,,,,,,,,,,,,,,,,
"",,,,,,,,,,,,,,,,,
,,,,,,,,,,,,,,,,,
"Table 8.4.--Number of public schools that reported one or more less serious violent or nonviolent criminal incidents to police, by type of incident,  urbanicity, and selected school characteristics: 1996-97",,,,,,,,,,,,,,,,,
,,,,,,,,,,,,,,,,,
,,,,,,,,,,,,,,,,,
,,,"Physical attack or fight without a weapon",,,,,,"Theft or larceny",,,,,,"Vandalism",,
"School characteristics","Total","City","Urban fringe","Town","Rural",,"Total","City","Urban fringe","Town","Rural",,"Total","City","Urban fringe","Town","Rural"
,,,,,,,,,,,,,,,,,
"    Total",21600,5500,5400,6200,4500,,23800,6200,5400,7100,5100,,29300,7400,7000,8500,6400
,,,,,,,,,,,,,,,,,
"Instructional level",,,,,,,,,,,,,,,,,
"  Elementary school",5800,1700,1900,1200,1000,,9000,2700,2200,2600,1600,,14600,3900,4000,4200,2400
"  Middle school",7200,2000,1700,2200,1300,,6200,1900,1600,1900,800,,6600,1800,1600,2000,1300
"  High school",8600,1800,1800,2800,2200,,8600,1700,1700,2600,2600,,8100,1600,1500,2300,2600
,,,,,,,,,,,,,,,,,
"Region",,,,,,,,,,,,,,,,,
"  Northeast",3400,600,1200,1200,400,,4000,1000,1100,1300,500,,5600,1100,1700,2000,800
"  Southeast",4900,1200,1000,1600,1000,,5400,1000,1300,1700,1400,,6200,1500,1300,1800,1700
"  Central",5900,1200,1400,1700,1500,,5800,1300,1100,1800,1600,,6800,1600,1400,1500,2200
"  West",7300,2400,1700,1700,1500,,8700,2900,1900,2200,1700,,10700,3100,2600,3300,1700
,,,,,,,,,,,,,,,,,
"School enrollment",,,,,,,,,,,,,,,,,
"  Less than 300",3400,"-","-",700,2100,,3600,"-","-",1100,2200,,4700,"-","-",1200,2800
"  300-999",13300,3200,3300,4500,2200,,15200,3800,3700,5100,2600,,20000,4900,5200,6500,3400
"  1,000 or more",4900,2100,1700,1000,"-",,5000,2200,1700,900,"-",,4500,1900,1700,800,"-"
,,,,,,,,,,,,,,,,,
"Minority enrollment",,,,,,,,,,,,,,,,,
"  Less than 5 percent",5400,"-",800,2300,2000,,5900,"-",700,2500,2400,,7000,"-",1000,2800,2900
"  5-19 percent",4800,700,1900,1400,800,,4900,800,1700,1700,800,,7000,1500,2800,1900,800
"  20-49 percent",5600,2000,1400,1400,800,,5400,1500,1800,1200,900,,6700,1800,1800,1600,1500
"  50 percent or more",5500,2500,1200,1000,800,,7200,3700,1200,1400,900,,8200,3700,1400,1900,1100
,,,,,,,,,,,,,,,,,
"Free/reduced-price lunch eligibility",,,,,,,,,,,,,,,,,
"  Less than 20 percent",5300,700,2100,1800,800,,5500,700,2100,1900,900,,6900,1100,2600,1800,1300
"  21-34 percent",4700,800,1300,1400,1200,,4300,1000,900,1500,900,,5800,1200,1700,1900,1000
"  35-49 percent",3700,1100,500,1000,1000,,4500,1000,900,1200,1300,,4900,1300,600,1300,1700
"  50-74 percent",4500,1300,900,1300,1000,,5000,1300,1000,1700,1100,,6200,1300,1100,2200,1600
"  75 percent or more",3100,1500,"-","-","-",,4400,2100,"-","-","-",,5200,2500,"-","-","-"
,,,,,,,,,,,,,,,,,
"--Fewer than 30 sample cases.",,,,,,,,,,,,,,,,,
"NOTE: Examples of weapons are guns, knives, sharp-edged or pointed objects, baseball bats, frying pans, sticks, rocks, and bottles. Schools were asked to report crimes that took place in school",,,,,,,,,,,,,,,,,
"buildings, on school buses, on school grounds, and at places holding school-sponsored events. Population size is 78,000 public schools. Because of rounding or missing data, detail may not add",,,,,,,,,,,,,,,,,
"to totals. Numbers are rounded to the nearest 100.",,,,,,,,,,,,,,,,,
"SOURCE: U.S. Department of Education, National Center for Education Statistics, Fast Response Survey System, �Principal/School Disciplinarian Survey on School Violence,~ FRSS 63, 1997.",,,,,,,,,,,,,,,,,
