"Bureau of Justice Statistics",,,,,,,,
"Filename: iscs02t14-1.csv",,,,,,,,
"Table 14.1.--Percentage of students ages 12 through 18 who reported being targets of hate-related words at school during the previous 6 months, by selected student characteristics: 2001",,,,,,,,
"Title of Report: Indicators of School Crime & Safety, 2002, NCJ 196753",,,,,,,,
"Data source:  U.S. Department of Justice, Bureau of Justice Statistics, School Crime Supplement to the National Crime Victimization Survey, JanuaryJune 2001.",,,,,,,,
"Author: BJS/NCES",,,,,,,,
"Contact:  Detis T. Duhart",,,,,,,,
"Refer questions to:   (202) 307-0765 or askbjs@ojp.usdoj.gov",,,,,,,,
"Date version:  10/29/02",,,,,,,,
"",,,,,,,,
,,,,,,,,
"Table 14.1.--Percentage of students ages 12 through 18 who reported being targets of hate-related words at school during the previous 6 months, by selected student characteristics: 2001",,,,,,,,
,,,,,,,,
,,,,,,,,
,,,"Hate-related words related to student's characteristics",,,,,
"Student characteristics","Total*",,"Race","Religion","Ethnicity","Disability","Gender","Sexual orientation"
,,,,,,,,
"    Total",12.3,,4.2,1.8,2.7,1.1,2.8,1.2
,,,,,,,,
"Gender",,,,,,,,
"  Male",12.8,,4.6,2.0,3.2,1.2,1.2,1.3
"  Female",11.7,,3.7,1.6,2.2,0.9,4.4,1.2
,,,,,,,,
"Race/ethnicity",,,,,,,,
"  White, non-Hispanic",12.1,,2.8,2.0,1.6,1.2,3.3,1.6
"  Black, non-Hispanic",13.9,,7.8,1.3,3.3,1.1,2.7,0.8
"  Hispanic",11.0,,4.9,1.2,6.0,0.6,1.0,0.5
"  Other, non-Hispanic",13.6,,9.7,2.7,5.9,0.4,0.8,0.0
,,,,,,,,
"Grade",,,,,,,,
"  6th",12.1,,2.7,1.1,1.9,2.1,2.1,0.4
"  7th",14.1,,5.0,1.8,3.4,1.6,3.2,1.1
"  8th",13.0,,5.3,2.2,3.1,1.0,2.2,1.0
"  9th",12.1,,3.6,1.3,2.1,1.0,3.4,1.2
"  10th",13.1,,4.6,2.1,2.6,0.8,3.1,1.9
"  11th",12.7,,4.7,2.3,3.1,1.1,2.7,1.7
"  12th",7.9,,2.2,1.7,2.3,0.2,2.3,1.1
,,,,,,,,
"Urbanicity",,,,,,,,
"  Urban",11.9,,5.0,1.6,3.3,0.9,2.5,0.9
"  Suburban",12.4,,4.2,1.9,2.8,1.1,2.9,1.5
"  Rural",12.4,,2.9,2.1,1.7,1.1,2.7,1.0
,,,,,,,,
"Control",,,,,,,,
"  Public",12.7,,4.4,1.9,2.8,1.2,2.8,1.2
"  Private",8.2,,1.5,1.5,1.6,0.3,2.0,1.3
"*In the SCS questionnaire, students are asked if they were the targets of hate-related words at school. If the students respond that they were called a hate-related word, they are asked to choose the",,,,,,,,
"specific characteristics that the hate-related word targeted. Students were allowed to choose more than one characteristic. If a student chose more than one characteristic, he or she is counted once",,,,,,,,
"under the �total~ category. Therefore, the percent of students who reported being called a hate-related word is less than the sum of all the individual characteristics.",,,,,,,,
"NOTE: �At school~ means in the school building, on school property, on a school bus, or going to and from school. Population size is 24,315,190 students ages 12 through 18 in 2001.",,,,,,,,
"SOURCE: U.S. Department of Justice, Bureau of Justice Statistics, School Crime Supplement to the National Crime Victimization Survey, JanuaryJune 2001.",,,,,,,,
,,,,,,,,
"                               Supplemental Tables",,,,,,,,84
