"Bureau of Justice Statistics",
"Filename: iscs02f7-1.csv",
"Figure 7.1.--Percentage distribution of public schools according to types of crimes reported to police: 1996-97",
"Title of Report:  Indicators of School Crime and Safety 2002, NCJ 196753",
"Data source:  U.S. Department of Education, National Center for Education Statistics, Fast Response Survey System, ""Principal/School Disciplinarian Survey on School Violence,""FRSS 63, 1997.",
"Author: BJS/NCES",
"Contact:  Detis T. Duhart",
"Refer questions to:   (202) 307-0765 or askbjs@ojp.usdoj.gov",
"Date version:  10/29/02",
"",
,
,
"Figure 7.1.--Percentage distribution of public schools according to types of crimes reported to police: 1996-97",
,
,
"Serious violent crime",10
"Less serious or nonviolent crime but no serious violent crime",47
"None",43
