"Bureau of Justice Statistics",,,,,,,,,
"Filename: iscs02t9-1.csv",,,,,,,,,
"Table 9.1.-Number of nonfatal crimes against teachers and average annual number of crimes per 1,000 teachers at school, by type of crime and selected teacher characteristics: Aggregated from 1996 through 2000",,,,,,,,,
"Title of Report: Indicators of School Crime & Safety, 2002, NCJ 196753",,,,,,,,,
"Data source:  U.S. Department of Justice, Bureau of Justice Statistics, National Crime Victimization Survey, 1996 through 2000.",,,,,,,,,
"Author: BJS/NCES",,,,,,,,,
"Contact:  Detis T. Duhart",,,,,,,,,
"Refer questions to:   (202) 307-0765 or askbjs@ojp.usdoj.gov",,,,,,,,,
"Date version:  10/29/02",,,,,,,,,
,,,,,,,,,
,,,,,,,,,
"Table 9.1.-Number of nonfatal crimes against teachers and average annual number of crimes per 1,000 teachers at school, by type of crime and selected teacher characteristics: Aggregated from 1996 through 2000",,,,,,,,,
,,,,,,,,,
,,,,,,,,,
,,,,,,,,,
,"Total crimes from 1996 to 2000",,,,,"Average annual number of crimes per 1,000 teachers",,,
"Teacher characteristics","Total","Theft","Violent","Serious violent/1",,"Total","Theft","Violent","Serious violent/1"
,,,,,,,,,
"    Total",1603300,1004300,599000,68600,,74,46,28,3
,,,,,,,,,
"Gender",,,,,,,,,
"  Male",468600,201700,266900,30600,,89,38,50,6
"  Female",1134700,802600,332100,38000,,69,49,20,2
,,,,,,,,,
"Race/ethnicity",,,,,,,,,
"  White, non-Hispanic",1347600,850900,496700,57800,,75,48,28,3
"  Black, non-Hispanic",123200,84800,38400,8600,,61,42,19,4
"  Hispanic",113900,57900,56000,2200,,87,44,43,2
"  Other, non-Hispanic",6400,3600,2800,"",,19,10,8,""
,,,,,,,,,
"Instructional level",,,,,,,,,
"  Elementary",573000,403900,169200,38100,,51,36,15,3
"  Middle/junior high",480600,262600,218000,15400,,107,59,49,3
"  Senior high",549600,337800,211800,15000,,91,56,35,3
,,,,,,,,,
"Urbanicity/3",,,,,,,,,
"  Urban",919400,545300,374000,37000,,89,53,36,4
"  Suburban",460100,312900,147200,22700,,67,46,21,3
"  Rural",174200,112800,61400,4700,,47,31,17,1
,,,,,,,,,
"No cases were reported in this cell, although the crime defined by the cell could have happened to some teachers with these characteristics, had a different sample had been drawn.",,,,,,,,,
"1/Serious violent crimes are also included in violent crimes.",,,,,,,,,
"2/The estimate was based on fewer than 10 cases.",,,,,,,,,
"3/Teachers teaching in more than one school in different locales are not included.",,,,,,,,,
"NOTE: Serious violent crimes include rape, sexual assault, robbery, and aggravated assault. Violent crimes include serious violent crimes and simple assault. Total crimes include violent crimes and",,,,,,,,,
"theft. �At school~ includes inside the school building, on school property, at work site, or while working. For thefts, �while working~ was not considered since thefts of teachers^ property kept at school",,,,,,,,,
"can occur when teachers are not present. The data were aggregated from 1996 through 2000 due to the small number of teachers in each year^s sample. On average, there were about 4.4 million",,,,,,,,,
"teachers per year over the 5-year period for a total population size of 21,802,946 teachers. The population reported here includes part-time teachers as well as other instructional and support staff.",,,,,,,,,
"Because of rounding or missing data, detail may not add to totals. Total crime numbers are rounded to the nearest 100.",,,,,,,,,
"SOURCE: U.S. Department of Justice, Bureau of Justice Statistics, National Crime Victimization Survey, 1996 through 2000.",,,,,,,,,
