"Bureau of Justice Statistics",,,,
"Filename: iscs02t13-1.csv",,,,
"Table 13.1-Percentage of students ages 12 through 18 who reported that they avoided one or more places in school during the previous 6 months, by selected student characteristics: 1995, 1999, and 2001",,,,
"Title of Report: Indicators of School Crime & Safety, 2002, NCJ 196753",,,,
"Data source:  U.S. Department of Justice, Bureau of Justice Statistics, School Crime Supplement to the National Crime Victimization Survey, January-June 1995, 1999, and 2001.",,,,
"Author: BJS/NCES",,,,
"Contact:  Detis T. Duhart",,,,
"Refer questions to:   (202) 307-0765 or askbjs@ojp.usdoj.gov",,,,
"Date version:  10/29/02",,,,
"",,,,
,,,,
"Table 13.1-Percentage of students ages 12 through 18 who reported that they avoided one or more places in school during the previous 6 months, by selected student characteristics: 1995, 1999, and 2001",,,,
,,,,
,,,,
,,,,
"Student characteristics",1995,"1999","2001",
,,,,
"    Total",8.7,4.6,4.7,
,,,,
"Gender",,,,
"  Male",8.8,4.6,4.7,
"  Female",8.5,4.6,4.6,
,,,,
"Race/ethnicity",,,,
"  White, non-Hispanic",7.1,3.8,3.9,
"  Black, non-Hispanic",12.1,6.7,6.6,
"  Hispanic",12.9,6.2,5.5,
"  Other, non-Hispanic",11.1,5.4,6.2,
,,,,
"Grade",,,,
"  6th",11.6,5.9,6.8,
"  7th",11.8,6.1,6.2,
"  8th",8.8,5.5,5.2,
"  9th",9.5,5.3,5.0,
"  10th",7.8,4.7,4.2,
"  11th",6.9,2.5,2.8,
"  12th",4.1,2.4,3.0,
,,,,
"Urbanicity",,,,
"  Urban",11.7,5.8,6.0,
"  Suburban",7.9,4.7,4.3,
"  Rural",7.0,3.0,3.9,
,,,,
"Control",,,,
"  Public",9.3,5.0,4.9,
"  Private",2.2,1.6,2.0,
"NOTE: Places include the entrance into the school, any hallways or stairs in the school, parts of the school cafeteria, any school restrooms, and other places inside the school building. See appendix",,,,
"B for details on changes to the questionnaire among survey years. Population sizes for students ages 12 through 18 are 23,601,000 in 1995, 24,614,000 in 1999, and 24,315,190 in 2001.",,,,
"SOURCE: U.S. Department of Justice, Bureau of Justice Statistics, School Crime Supplement to the National Crime Victimization Survey, JanuaryJune 1995, 1999, and 2001.",,,,
,,,,
"                                        Supplemental Tables",,,,83
