"Bureau of Justice Statistics",,,,,,,,,,,,,,,,,,,
"Filename: iscs02tS10-2.csv",,,,,,,,,,,,,,,,,,,
"Table S10.2.-Standard errors for table 10.2: Percentage and number of teachers who reported that they were physically attacked by a student during the past 12 months, by urbanicity and selected teacher and school characteristics: 1993-94 a",,,,,,,,,,,,,,,,,,,
"Title of Report: Indicators of School Crime & Safety, 2002, NCJ 196753",,,,,,,,,,,,,,,,,,,
"Data source:  U.S. Department of Education, National Center for Education Statistics, Schools and Staffing Survey (SASS), �Teacher and School Surveys,  1993-94 and 1999-2000.",,,,,,,,,,,,,,,,,,,
"Author: BJS/NCES",,,,,,,,,,,,,,,,,,,
"Contact:  Detis T. Duhart",,,,,,,,,,,,,,,,,,,
"Refer questions to:   (202) 307-0765 or askbjs@ojp.usdoj.gov",,,,,,,,,,,,,,,,,,,
"Date version:  10/29/02",,,,,,,,,,,,,,,,,,,
"",,,,,,,,,,,,,,,,,,,
,,,,,,,,,,,,,,,,,,,
"Table S10.2.-Standard errors for table 10.2: Percentage and number of teachers who reported that they were physically attacked by a student during the past 12 months, by urbanicity and selected teacher and school characteristics: 1993-94 a",,,,,,,,,,,,,,,,,,,
,,,,,,,,,,,,,,,,,,,
"     ",,,,,,,,,,,,,,,,,,,
,,,,,,,,,,,,,,,,,,,
,,,,,"199394",,,,,,,,,,"19992000",,,,
,"Percent",,,,,"Number",,,,,"Percent",,,,,"Number",,,
"Selected characteristics","Total","Central city","Urban fringe/large town","Small town/rural",,"Total","Central city","Urban fringe/large town","Small town/rural",,"Total","Central city","Urban fringe/large town","Small town/rural",,"Total","city","town","rural"
,,,,,,,,,,,,,,,,,,,
"    Total",0.13,0.23,0.20,0.18,,3890,2230,2300,1920,,0.14,0.32,0.19,0.21,,4820,3320,3450,1590
,,,,,,,,,,,,,,,,,,,
"Gender",,,,,,,,,,,,,,,,,,,
"  Male",0.21,0.58,0.29,0.26,,1760,1350,740,900,,0.22,0.61,0.36,0.29,,1990,1580,1630,590
"  Female",0.18,0.34,0.31,0.22,,3840,2220,2170,1640,,0.17,0.39,0.23,0.27,,4390,3010,3040,1470
,,,,,,,,,,,,,,,,,,,
"Race/ethnicity",,,,,,,,,,,,,,,,,,,
"  White, non-Hispanic",0.16,0.31,0.20,0.19,,3970,2160,2100,1940,,0.13,0.33,0.19,0.21,,3810,2450,2980,1460
"  Black, non-Hispanic",0.40,0.69,1.18,0.71,,860,830,530,310,,0.59,0.89,0.73,1.50,,1540,1270,610,500
"  Hispanic",0.99,1.57,1.14,0.66,,1260,1170,380,130,,0.83,1.41,1.20,0.81,,1660,1450,930,140
"  Other, non-Hispanic",0.76,1.60,1.52,0.79,,450,340,300,120,,0.54,1.07,0.78,0.83,,460,350,270,110
,,,,,,,,,,,,,,,,,,,
"Teacher level",,,,,,,,,,,,,,,,,,,
"  Elementary",0.20,0.43,0.32,0.27,,3250,2170,1700,1560,,0.23,0.52,0.31,0.37,,4360,3080,3020,1350
"  Secondary",0.14,0.25,0.26,0.20,,1980,1030,1190,1120,,0.14,0.30,0.19,0.20,,2270,1430,1530,720
,,,,,,,,,,,,,,,,,,,
"Control",,,,,,,,,,,,,,,,,,,
"  Public",0.14,0.29,0.27,0.19,,3690,2350,2130,1890,,0.15,0.39,0.22,0.23,,4630,3230,3450,1600
"  Private",0.23,0.31,0.46,0.56,,850,500,660,420,,0.22,0.29,0.38,0.58,,1070,630,770,320
"NOTE: Population sizes for teachers are 2,940,000 in 199394 and 3,451,000 in 19992000. Standard error numbers are rounded to the nearest 10.",,,,,,,,,,,,,,,,,,,
"SOURCE: U.S. Department of Education, National Center for Education Statistics, Schools and Staffing Survey (SASS), �Teacher and School Surveys,~ 199394 and 19992000.",,,,,,,,,,,,,,,,,,,
,,,,,,,,,,,,,,,,,,,
,,,,,,,,,,,,,,,,,,,
,,,,,,,,,,,,,,,,,,,
,,,,,,,,,,,,,,,,,,,
,,,,,,,,,,,,,,,,,,,
,,,,,,,,,,,,,,,,,,,
,,,,,,,,,,,,,,,,,,,
,,,,,,,,,,,,,,,,,,,
,,,,,,,,,,,,,,,,,,,122
