"Bureau of Justice Statistics",,,,,,,,,,,,
"filename: lemas00t9b.csv",,,,,,,,,,,,
"Table 9b.  Court-related functions and detention facilities of State law enforcement agencies, 2000",,,,,,,,,,,,
"Report title: Law Enforcement Management and Administrative Statistics, 2000:  Data for Individual State and Local Agencies with 100 or More Officers  NCJ 203350",,,,,,,,,,,,
"data source: 2000 LEMAS survey",,,,,,,,,,,,
"authors:  Brian A. Reaves and Matthew J. Hickman",,,,,,,,,,,,
"refer questions to: askbjs@ojp.usdoj.gov (202)307-0765",,,,,,,,,,,,
"date of version:  3/02/04",,,,,,,,,,,,
,,,,,,,,,,,,
"Table 9b.  Court-related functions and detention facilities of State law enforcement agencies, 2000",,,,,,,,,,,,
,,,,,,,,,,,,
,"Court-related functions",,,,"Detention facilities",,,"Adult lockups",,,"Juvenile lockups",
"Name of agency","Execute warrants","Court security","Serve process"," ","Jail ","Lockup",,"Total capacity","Maximum hold time",,"Total capacity","Maximum hold time"
,,,,,,,,,,,,
"Alabama Department of Public Safety","X","-","-",,"-","-",,"-","-",,"-","-"
"Alaska State Troopers","X","X","X",,"-","-",,"-","-",,"-","-"
"Arizona Department of Public Safety","X","-","-",,"-","-",,"-","-",,"-","-"
"Arkansas State Police","X","-","-",,"-","-",,"-","-",,"-","-"
"California Highway Patrol","X","X","X",,"-","-",,"-","-",,"-","-"
"Colorado State Patrol","-","-","-",,"-","-",,"-","-",,"-","-"
"Connecticut State Police","X","-","-",,"-","X",,75,72,,11,12
"Delaware State Police","X","-","-",,"-","X",,23,8,,"-","-"
"Florida Highway Patrol","-","-","-",,"-","-",,"-","-",,"-","-"
"Georgia State Patrol","-","-","-",,"-","-",,"-","-",,"-","-"
,,,,,,,,,,,,
"Idaho State Police","-","-","-",,"-","-",,"-","-",,"-","-"
"Illinois State Police","X","-","-",,"-","-",,"-","-",,"-","-"
"Indiana State Police","X","-","-",,"-","-",,"-","-",,"-","-"
"Iowa State Patrol","X","-","-",,"-","-",,"-","-",,"-","-"
"Kansas Highway Patrol","-","-","-",,"-","-",,"-","-",,"-","-"
"Kentucky State Police","X","-","-",,"-","-",,"-","-",,"-","-"
"Louisiana State Police","X","-","-",,"-","-",,"-","-",,"-","-"
"Maine State Police","X","-","-",,"-","-",,"-","-",,"-","-"
"Maryland State Police","X","-","-",,"-","-",,"-","-",,"-","-"
"Massachusetts State Police","X","-","-",,"-","X",,4,48,,"-","-"
,,,,,,,,,,,,
"Michigan State Police","X","-","-",,"-","-",,"-","-",,"-","-"
"Minnesota State Patrol","-","-","-",,"-","-",,"-","-",,"-","-"
"Mississippi Highway Safety Patrol","-","-","-",,"-","-",,"-","-",,"-","-"
"Missouri State Highway Patrol","X","-","-",,"-","-",,"-","-",,"-","-"
"Montana Highway Patrol","X","-","X",,"-","-",,"-","-",,"-","-"
"Nebraska State Patrol","X","X","-",,"-","-",,"-","-",,"-","-"
"Nevada Highway Patrol","X","-","-",,"-","-",,"-","-",,"-","-"
"New Hampshire State Police","X","-","-",,"-","-",,"-","-",,"-","-"
"New Jersey State Police","X","-","-",,"-","-",,"-","-",,"-","-"
"New Mexico State Police","X","-","-",,"-","-",,"-","-",,"-","-"
,,,,,,,,,,,,
"New York State Police","X","-","-",,"-","-",,"-","-",,"-","-"
"North Carolina State Highway Patrol","-","-","-",,"-","-",,"-","-",,"-","-"
"North Dakota Highway Patrol","-","X","-",,"-","-",,"-","-",,"-","-"
"Ohio State Highway Patrol","-","-","-",,"-","-",,"-","-",,"-","-"
"Oklahoma Highway Patrol","X","-","-",,"-","-",,"-","-",,"-","-"
"Oregon State Police","X","-","-",,"-","-",,"-","-",,"-","-"
"Pennsylvania State Police","X","-","-",,"-","-",,"-","-",,"-","-"
"Rhode Island State Police","X","-","X",,"-","X",,6,24,,"-","-"
"South Carolina Highway Patrol","X","-","-",,"-","-",,"-","-",,"-","-"
"South Dakota Highway Patrol","X","X","-",,"-","-",,"-","-",,"-","-"
,,,,,,,,,,,,
"Tennessee Department of Safety","-","-","-",,"-","-",,"-","-",,"-","-"
"Texas Department of Public Safety","X","-","-",,"-","-",,"-","-",,"-","-"
"Utah Highway Patrol","X","X","-",,"-","-",,"-","-",,"-","-"
"Vermont State Police","X","-","-",,"-","-",,"-","-",,"-","-"
"Virginia State Police","X","-","-",,"-","-",,"-","-",,"-","-"
"Washington State Patrol","X","-","-",,"-","-",,"-","-",,"-","-"
"West Virginia State Police","X","-","-",,"-","-",,"-","-",,"-","-"
"Wisconsin State Patrol","X","-","-",,"-","-",,"-","-",,"-","-"
"Wyoming Highway Patrol","-","-","-",,"-","-",,"-","-",,"-","-"
,,,,,,,,,,,,
"Note:  Codes for the table are as follows:",,,,,,,,,,,,
"""X""=Agency performs function or operates facility.",,,,,,,,,,,,
"""-""=Agency does not perform function or operate facility.",,,,,,,,,,,,
"Lockup facility is defined as a temporary overnight holding facility, physically separate from a jail.",,,,,,,,,,,,
"Maximum holding times for lockups are in hours.",,,,,,,,,,,,
