Bureau of Justice Statistics,,,,
Filename: pjim06at10.csv,,,,
"Appendix table 10: Standard error estimates for the Annual Survey of Jails, 2006",,,,
Report title: Prison and Jail Inmates at Midyear 2006 NCJ 217675,,,,
Data source: Annual Survey of Jails,,,,
"Authors: William J. Sabol, Todd D. Minton, Paige M. Harrison ",,,,
Refer questions to: askbjs@usdoj.gov   202-307-0765,,,,
"Date of version: June 27, 2007",,,,

"Appendix table 10. Standard error estimates for the Annual Survey of Jails, 2006",,,,
Characteristics,,Survey estimates,Standard error,Relative standard error (percent)
,Total,"826,232","4,081",0.49
Held in jail,,"766,010","3,827",0.5
Supervised outside a jail facility,,"60,222","1,154",1.92
,Excluding weekenders,"48,801","1,026",2.1
,Weekender programs,"11,421",383,3.35
Average daily population,,"755,896","3,516",0.47
Peak population,,"809,621","4,545",0.56
Rated capacity,,"810,863","12,303",1.52
