Bureau of Justice Statistics,,
Filename: pjim06f05.csv,,
"Figure 5. Percent of total increase in custody due to jail inmates, 12-month period ending June 30, 2000-2006",,
Report title: Prison and Jail Inmates at Midyear 2006 NCJ 217675,,
Data source: Annual Survey of Jails,,
"Authors: William J. Sabol, Todd D. Minton, Paige M. Harrison ",,
Refer questions to: askbjs@usdoj.gov   202-307-0765,,
"Date of version: June 27, 2007",,

"Figure 5: Percent of total increase in custody due to jail inmates, 12-month period ending June 30, 2000-2006",,
Year,Percent of jail inmates,
2000,35.7,%
2001,39.6,
2002,47.5,
2003,53.5,
2004,42.2,
2005,70.1
2006,29.8
