Bureau of Justice Statistics,,,,,,
Filename: pjim06at05.csv,,,,,,
"Appendix table 5: Number of inmates under age 18 held in State prisons, by State and gender, June 30, 2005 and June 30, 2006",,,,,,
Report title: Prison and Jail Inmates at Midyear 2006 NCJ 217675,,,,,,
"Data source: National Prisoner Statistics, 1A",,,,,,
"Authors: William J. Sabol, Todd D. Minton, Paige M. Harrison ",,,,,,
Refer questions to: askbjs@usdoj.gov   202-307-0765,,,,,,
"Date of version: June 27, 2007",,,,,,

"Appendix table 5. Number of inmates under age 18 held in State prisons, by State and gender, June 30, 2005 and June 30, 2006",,,,,,
Region and jurisdiction,,30-Jun-06,,,30-Jun-05,
,Total,Male,Female,Total,Male,Female
State total,"2,364","2,259",105,"2,208","2,118",90
Northeast,714,681,33,678,649,29
Connecticut/a,425,405,20,383,363,20
Maine,0,0,0,0,0,0
Massachusetts,4,3,1,3,3,0
New Hampshire,1,0,1,1,1,0
New Jersey/b,17,17,0,28,27,1
New York,219,211,8,223,216,7
Pennsylvania,38,36,2,31,31,0
Rhode Island/a,5,5,0,4,4,0
Vermont/a,5,4,1,5,4,1
Midwest,450,433,17,399,388,11
Illinois,103,95,8,82,81,1
Indiana,29,27,2,18,17,1
Iowa,17,17,0,15,15,0
Kansas,13,12,1,10,9,1
Michigan,112,112,0,98,96,2
Minnesota,11,11,0,16,16,0
Missouri,38,37,1,21,20,1
Nebraska,8,8,0,16,15,1
North Dakota,1,1,0,4,4,0
Ohio,64,63,1,51,49,2
South Dakota/b,1,0,1,2,2,0
Wisconsin,53,50,3,66,64,2
South,"1,036",988,48,956,916,40
Alabama,70,67,3,34,33,1
Arkansas,17,17,0,19,19,0
Delaware/a,23,23,0,26,26,0
Florida,221,210,11,185,178,7
Georgia/b,61,57,4,75,71,4
Kentucky,0,0,0,0,0,0
Louisiana/b,9,9,0,10,10,0
Maryland,68,66,2,51,47,4
Mississippi,38,37,1,55,55,0
North Carolina/b,188,176,12,169,164,5
Oklahoma,5,4,1,10,10,0
South Carolina,129,121,8,120,113,7
Tennessee,14,14,0,8,8,0
Texas,162,156,6,167,155,12
Virginia,31,31,0,27,27,0
West Virginia,0,0,0,0,0,0
West,164,157,7,175,165,10
Alaska/a,4,4,0,10,8,2
Arizona,112,111,1,78,77,1
California/b,0,0,0,5,5,0
Colorado,33,29,4,38,32,6
Hawaii/a,1,1,0,1,1,0
Idaho,3,2,1,3,3,0
Montana,1,0,1,2,2,0
Nevada,0,0,0,16,16,0
New Mexico,0,0,0,2,2,0
Oregon,6,6,0,6,6,0
Utah,1,1,0,7,6,1
Washington/b,0,0,0,3,3,0
Wyoming,3,3,0,4,4,0
a/Prisons and jails form an integrated system. Data include total jail and prison population. ,,,,,,
b/Counts include those held in privately-operated facilities. ,,,,,,
