Bureau of Justice Statistics,,
Filename: pjim06tt01.csv,,
"Text table 1: Jurisdictions with largest increases and decreases in prison population from June 30, 2005 to June 30, 2006",,
Report title: Prison and Jail Inmates at Midyear 2006 NCJ 217675,,
"Data source: National Prisoner Statistics, 1A",,
"Authors: William J. Sabol, Todd D. Minton, Paige M. Harrison ",,
Refer questions to: askbjs@usdoj.gov   202-307-0765,,
"Date of version: June 27, 2007",,

"Text table 1. Jurisdictions with largest increases and decreases in prison population from June 30, 2005 to June 30, 2006",,
Jurisdiction with --,,
Largest increase,,
,Alaska,9.4
,Vermont,8.3
,Georgia,8.1
,Nevada,7.8
,Rhode Island,7.6,
Largest decrease,,,
,Missouri,-2.9,%
,Louisiana,-1.8,
,Maine,-1.8,
,Kansas,-1.2,
,South Carolina,-1.1,
