Bureau of Justice Statistics,,
Filename: pjim06f03.csv,,
"Figure 3. Percent of capacity occupied, by size of jurisdiction, 2006",,
Report title: Prison and Jail Inmates at Midyear 2006 NCJ 217675,,
Data source: Annual Survey of Jails,,
"Authors: William J. Sabol, Todd D. Minton, Paige M. Harrison ",,
Refer questions to: askbjs@usdoj.gov   202-307-0765,,
"Date of version: June 27, 2007",,

"Figure 3: Percent of capacity occupied, by size of jurisdiction, 2006",,
Size of jurisdiction,Percentage of capacity occupied,
Fewer than 50 inmates,65,%
50-99 inmates,87,
100-249 inmates,95,
250-499 inmates,87,
500-999 inmates,100,
"1,000 or more inmates",99
All jurisdictions,94
