Bureau of Justice Statistics,,,,,
Filename: pjim06t03.csv,,,,,
"Table 3: Number of State and Federal prisoners in the seven largest jurisdictions, June 30, 2006",,,,,
Report title: Prison and Jail Inmates at Midyear 2006 NCJ 217675,,,,,
"Data source: National Prisoner Statistics, 1A",,,,,
"Authors: William J. Sabol, Todd D. Minton, Paige M. Harrison ",,,,,
Refer questions to: askbjs@usdoj.gov   202-307-0765,,,,,
"Date of version: June 27, 2007",,,,,

"Table 3. Number of State and Federal prisoners in the seven largest jurisdictions, June 30, 2006",,,,,
Jurisdiction,Number of prisoners,Percent of total,,Cumulative percentage,
U.S. total,"1,556,518",100,%,,
Federal,"191,080",12.3,,12.3,%
California,"175,115",11.3,,23.5,
Texas,"172,889",11.1,,34.6,
Florida,"91,001",5.8,,40.5,
New York,"63,295",4.1,,44.5
Georgia,"51,549",3.3,,47.9
Michigan,"50,701",3.3,,51.1
