Bureau of Justice Statistics,,
Filename: pjim06hf01.csv,,
"Highlight figure 1: Annual change in the total number of prison and jail inmates in custody and prison inmates in custody, 2000-2006",,
Report title: Prison and Jail Inmates at Midyear 2006 NCJ 217675,,
"Data source: National Prisoner Statistics, 1A",,
"Authors: William J. Sabol, Todd D. Minton, Paige M. Harrison ",,
Refer questions to: askbjs@usdoj.gov   202-307-0765,,
"Date of version: June 27, 2007",,

"Highlight figure 1. Annual change in the total number of prison and jail inmates in custody and prison inmates in custody, 2000-2006",,
Year,Total in custody,Inmates in prison facilities
2000,"59,791","44,585"
2001,"29,311","20,855"
2002,"56,668","20,798"
2003,"61,759","35,933"
2004,"47,074","24,385"
2005,"55,540","22,001"
2006,"55,947","37,466"
