Bureau of Justice Statistics,,
Filename: pjim06tt03.csv,,
"Text table 3: Number of jail inmates and jail incarceration rate, 2000-2006 ",,
Report title: Prison and Jail Inmates at Midyear 2006 NCJ 217675,,
Data source: Annual Survey of Jails,,
"Authors: William J. Sabol, Todd D. Minton, Paige M. Harrison ",,
Refer questions to: askbjs@usdoj.gov   202-307-0765,,
"Date of version: June 27, 2007",,

"Text table 3. Number of jail inmates and jail incarceration rate, 2000-2006 ",,
Year,Number of jail inmates ,Jail incarceration rate*
2000,"621,149",220
2001,"631,240",222
2002,"665,475",231
2003,"691,301",238
2004,"713,990",243
2005,"747,529",252
2006,"766,010",256
"*Number of inmates per 100,000 U.S. residents on July 1 of each year.  ",,
