"Bureau of Justice Statistics",,,,,,,,
"filename:  NCRP9301.csv",,,,,,,,
"data source:  National Corrections Reporting Program, 1993",,,,,,,,
"produced by:  Todd Minton",,,,,,,,
"author:  Doris James Wilson (202) 616-3625 email wilsond@ojp.usdoj.gov",,,,,,,,
"date of version:  02/19/99",,,,,,,,
,,,,,,,,
"NCRP9301 -  Admissions to State prisons, 1993:  Offense,",,,,,,,,
"by admission type",,,,,,,,
,,,,,,,,
,,"             ","    Percent of State prison admissions",,,,,
"Most serious",,,"All",,"New court",,"Parole",
"offense",,,"admissions\1",,"commitments",,"revocations",
,,,,,,,,
"         All offenses",,,100.0,"%",100.0,"%",100.0,"%"
,,,,,,,,
"Violent offenses",,,27.6,"%",29.2,"%",24.2,"%"
"   Homicide",,,3.5,,4.2,,2.0,
"      Murder/nonnegligent manslaughter",,,2.4,,2.9,,1.5,
"         Murder",,,2.0,,2.4,,1.1,
"         Nonnegligent manslaughter",,,0.4,,0.5,,0.4,
"      Negligent manslaughter",,,1.0,,1.3,,0.5,
"      Unspecified homicide",,,0.1,,0.1,,0.0,"*"
"   Kidnaping",,,0.6,,0.6,,0.4,
"   Rape",,,1.8,,2.1,,1.4,
"   Other sexual assault",,,3.1,,4.0,,1.7,
"   Robbery",,,10.8,,9.8,,12.5,
"   Assault",,,7.0,,7.7,,5.8,
"   Other violent",,,0.7,,0.8,,0.5,
,,,,,,,,
"Property offenses",,,33.3,"%",30.6,"%",38.6,"%"
"   Burglary",,,15.0,,12.9,,18.8,
"   Larceny/theft",,,8.8,,8.0,,10.5,
"   Motor vehicle theft",,,2.8,,2.4,,3.7,
"   Arson",,,0.6,,0.6,,0.5,
"   Fraud",,,3.7,,3.9,,3.3,
"   Stolen property",,,1.8,,2.0,,1.3,
"   Other property",,,0.7,,0.9,,0.5,
,,,,,,,,
"Drug offenses",,,29.1,"%",29.8,"%",27.7,"%"
"   Possession",,,6.4,,6.6,,6.0,
"   Trafficking",,,17.6,,18.5,,15.5,
"   Other/unspecified drug",,,5.1,,4.7,,6.1,
,,,,,,,,
"Public-order offenses",,,8.5,"%",9.3,"%",7.1,"%"
"   Weapons",,,2.5,,2.5,,2.8,
"   Driving while intoxicated",,,2.4,,2.7,,1.9,
"   Other public-order",,,3.5,,4.1,,2.4,
,,,,,,,,
"Other offenses",,,1.5,"%",1.1,"%",2.4,"%"
,,,,,,,,
"         Number of admissions",,,423237,,275361,,132074,
,,,,,,,,
,,,,,,,,
"Note:  Data on most serious offense were reported for 98.4% of the 430,071",,,,,,,,
"admissions to State prison with a total sentence of more than a year.",,,,,,,,
"*Less than 0.05%.",,,,,,,,
"1\Includes 4,141 cases missing admission type.",,,,,,,,
"Detail may not add to total because of rounding.",,,,,,,,
