Bureau of Justice Statistics,,,,,,
Filename: cle1112at10.csv,,,,,,
"Appendix table 10. Questionnaire items included in the 2011-12 BJS Survey of Campus Law Enforcement Agencies, 4-year campuses with 2,500 or more students",,,,,,
"Report title: Campus Law Enforcement, 2011-12 - NCJ 248028",,,,,,
Data source: Survey of Campus Law Enforcement Agencies,,,,,,
Author: Brian A. Reaves,,,,,,
Refer questions to: askbjs@usdoj.gov (202) 307-0765,,,,,,
Date of version: 1/13/15,,,,,,
,,,,,,
"Appendix table 10. Questionnaire items included in the 2011-12 BJS Survey of Campus Law Enforcement Agencies, 4-year campuses with 2,500 or more students",,,,,,
,,,,,,
Item,Total ,,Form type,,,
,surveys,Percent completed,Long (n=456),Short (n=320),Critical (n=22),Minimum (n=63)
Types  of agencies providing patrol and response services,861,100,x,x,x,x
Types  of agencies providing special event security,861,100,x,x,x,x
Number and category of paid employees,861,100,x,x,x,x
Race/ethnicity of full-time sworn employees,798,94,x,x,x,
Gender of full-time sworn employees,798,94,x,x,x,
Number of full-time officers responding to service calls,798,96,x,x,x,
Types of functions performed,798,98,x,x,x,
Types of temporary detention facilities operated,798,98,x,x,x,
Type and frequency of uniformed officers on duty,798,98,x,x,x,
Type and frequency of sworn uniformed patrol coverage,798,98,x,x,x,
Type and frequency of nonsworn uniformed patrol coverage,798,98,x,x,x,
Salary range for selected full-time positions,776,81,x,x,,
Special pay and benefits for full-time officers,456,99,x,,,
Service agreement for full-time officers,456,99,x,,,
Collective bargaining for full-time officers,456,99,x,,,
Blue-light emergency phone system,456,99,x,,,
Types of emergency telephone systems ,776,95,x,x,,
Wireless caller display of emergency telephone system,776,94,x,x,,
Use of 800 MHz radios,776,94,x,x,,
Interoperability of campus public safety radio system,776,94,x,x,,
Communication methods used in mass notification system,456,99,x,,,
Enrollment methods used for mass notification system,456,99,x,,,
Education requirement for entry-level officers,776,92,x,x,,
Highest educational degree attained by full-time officers,456,86,x,,,
Community policing training for recruits and officers,456,88,x,,,
Screening methods used for hiring entry-level officers,776,92,x,x,,
Training requirements for entry-level officers,776,71,x,x,,
Types of active shooter training participated in ,456,99,x,,,
Types of weapons authorized for full-time officers,798,93,x,x,x,
Number and types of vehicles operated,456,99,x,,,
Types of information accessible to patrol officers in the field,456,99,x,,,
Types of in-field computers/devices used by patrol officers,798,94,x,x,x,
Functions of computers and electronic devices,456,99,x,,,
Regular meetings held to discuss crime-related problems ,776,94,x,x,,
Community policing activities and activities,456,99,x,,,
Emergency preparedness activities,776,94,x,x,,
Use and functions of student patrols,456,99,x,,,
Use of specialized units and designated personnel ,456,99,x,,,
Participation of officers in alcohol/drug education,456,99,x,,,
Use of campus safety escort service,456,99,x,,,
Areas of arrest jurisdiction for full-time sworn officers,798,92,x,x,x,
Areas of patrol jurisdiction for full-time officers,798,93,x,x,x,
Types of agencies included in written agreements,798,93,x,x,x,
"Source: Bureau of Justice Statistics, Survey of Campus Law Enforcement Agencies, 2011�12.",,,,,,
