"Bureau of Justice Statistics",,
"filename: spe0104.csv",,
"Report title:  State Prison Expenditures, 2001  NCJ  202949",,
"table title:  Table 4. Components of State prison capital expenditures, fiscal year 2001",,
"data source: FY 2001 Survey of Government Finances, U.S. Census Bureau",,
"author:  James J. Stephan",,
"refer questions to: askbjs@ojp.usdoj.gov      (202)307-0765",,
"date of version:  06/15/04",,
,,
"Table 4. Components of State prison capital expenditures, fiscal year 2001",,
,,
,"Capital costs ( 1,000's of dollars)",
"Region and jurisdiction","Construction","Equipment"
,,
"Total",$860954,$253247
,,
"Northeast",$310770,$32998
"Connecticut/a",12837,4218
"Maine",425,921
"Massachusetts",4016,4194
"New Hampshire",1338,1137
"New Jersey",17285,13614
"New York",259807,"           . . ."
"Pennsylvania",11739,7812
"Rhode Island/a",2505,660
"Vermont/a",819,442
,,
"Midwest",$299321,$75701
"Illinois",2219,12354
"Indiana",17475,10747
"Iowa",334,1748
"Kansas",15647,1542
"Michigan",272,9066
"Minnesota",4183,9249
"Missouri ",73230,421
"Nebraska",25256,1736
"North Dakota",2390,188
"Ohio",59420,16933
"South Dakota",235,264
"Wisconsin",98660,11452
,,
"South",$147512,$102549
"Alabama",5448,1649
"Arkansas",4973,1273
"Delawarea","                   ...",3930
"District of Columbia/b        . . .",,"               . . ."
"Florida",14129,15820
"Georgia",7236,15318
"Kentucky",11881,1876
"Louisiana",15100,4473
"Maryland",2075,10797
"Mississippi",430,1263
"North Carolina",16854,6513
"Oklahoma",1262,5420
"South Carolina",30408,1581
"Tennessee/c",". . .",". . ."
"Texas",28311,16629
"Virginia",9210,15453
"West Virginia",195,554
,,
"West",$103351,$41999
"Alaska/a","                  . . .",494
"Arizona",1365,7296
"California",39237,19329
"Colorado",24863,6651
"Hawaii/a,d","                . . .","                  . . ."
"Idaho",800,1874
"Montana",7,804
"Nevada","                   . . .",1258
"New Mexico",530,266
"Oregon",3202,1396
"Utah","                  . . .",281
"Washington",27700,231
"Wyoming",5648,2120
,,
"  . . .Not reported. ",,
"a/States have integrated jail-prison systems.",,
"b/The District of Columbia transferred its sentenced felons to the Federal Bureau of Prisons during FY 2001",,
"c/Tennessee spent capital amounts from sources outside its Deparment of Correction.",,
"d/Hawaii'sDepartment of Public Safety, Corrections Division, excluded some nonrecurring expenditures from the category.",,
