"Bureau of Justice Statistics",,,,,,,
"filename: spe0105.csv",,,,,,,
"Report title:  State Prison Expenditures, 2001  NCJ  202949",,,,,,,
"table title:  Table 5.  State prison expenditures for medical care, food service, and utilities, fiscal year 2001",,,,,,,
"data source: FY 2001 Survey of Government Finances, U.S. Census Bureau",,,,,,,
"author:  James J. Stephan",,,,,,,
"refer questions to: askbjs@ojp.usdoj.gov      (202)307-0765",,,,,,,
"date of version:  06/15/04",,,,,,,
,,,,,,,
"Table 5.  State prison expenditures for medical care, food service, and utilities, fiscal year 2001",,,,,,,
,,,,,,,
," 1,000's of dollars",,,,"Cost per inmate in 2001",,
"Region and   jurisdiction","Medical  care","Food  service"," Utilities",,"Medical  care","Food  service"," Utilities"
,,,,,,,
"Total",$3288200,$1195854,$996027,,$2625,$955,$795
,,,,,,,
"Northeast",$590935,$210400,$203294,,$3417,$1217,$1176
"Connecticuta",68330,23451,19838,,3620,1242,1051
"Maine",9483,3107,2781,,5601,1835,1643
"Massachusetts",43460,9497,21266,,4049,885,1981
"New Hampshire",3964,2035,3393,,1706,876,1461
"New Jersey",91652,22760,31140,,3261,810,1108
"New York",219735,66618,85824,,3177,963,1241
"Pennsylvania",137291,77083,37452,,3700,2077,1009
"Rhode Island/a,b",11820,4107,636,,3756,1305,202
"Vermonta",5199,1741,963,,2918,977,540
,,,,,,,
"Midwest",$543001,$290949,$198432,,$2260,$1211,$826
"Illinois",73235,52481,38355,,1605,1150,841
"Indiana",37601,19965,19018,,1827,970,924
"Iowa",16713,14225,7253,,2063,1756,895
"Kansas",22835,11975,7592,,2673,1402,889
"Michigan",137414,48148,37970,,2841,995,785
"Minnesota",25458,10843,7930,,3908,1665,1217
"Missouri",50207,21144,19050,,1782,751,676
"Nebraska",12406,5627,2568,,3145,1427,651
"North Dakota",2892,1803,939,,2678,1670,870
"Ohio",111693,75445,40729,,2445,1651,892
"South Dakota",5465,4173,1225,,2044,1561,458
"Wisconsin",47082,25119,15802,,2249,1200,755
,,,,,,,
"South",$1141489,$411988,$377792,,$2025,$731,$670
"Alabama",28700,7152,12616,,1052,262,462
"Arkansas",19924,5233,4843,,1616,424,393
"Delawarea",14762,9624,6651,,2073,1351,934
"District of Columbia",10425,2955,2688,,1935,549,499
"Florida",242132,78483,44792,,3363,1090,622
"Georgia",117384,52174,36280,,2588,1150,800
"Kentucky",14782,8688,8338,,960,564,541
"Louisiana",30535,12381,11584,,860,349,326
"Maryland",52193,15316,28454,,2177,639,1187
"Mississippi",25946,6142,7149,,1255,297,346
"North Carolina",45558,5935,31165,,1463,191,1001
"Oklahoma",46457,23395,9691,,2008,1011,419
"South Carolina",28716,9679,15533,,1290,435,698
"Tennessee",35943,25552,12969,,1551,1103,560
"Texas",329162,104871,103449,,2001,638,629
"Virginia",87320,39856,39293,,2866,1308,1289
"West Virginia",11550,4550,2296,,2797,1102,556
,,,,,,,
"West",$1012775,$282516,$216508,,$3672,$1024,$785
"Alaska/a",16987,5242,6930,,4047,1249,1651
"Arizona",75024,32461,19840,,2765,1196,731
"California",720436,140922,125890,,4394,859,768
"Colorado",43509,24399,13242,,2541,1425,773
"Hawaii/a",9788,9615,5207,,1809,1777,962
"Idaho",9757,3660,2579,,1715,643,453
"Montana",2997,1380,1094,,922,425,337
"Nevada",29546,14414,8023,,2871,1401,780
"New Mexico",24669,4514,3339,,4665,854,632
"Oregon",14222,7359,8865,,1284,664,800
"Utah",7308,5214,3280,,1343,958,603
"Washington",51998,31617,16672,,3412,2074,1094
"Wyoming",6533,1719,1547,,3891,1024,921
,,,,,,,
"a/States have integrated jail-prison systems. ",,,,,,,
"b/The Rhode Island Department of Health and Hospitals operated a centralized power plant that provided utilities toprison and other government agencies. Utilities were unmetered and cost were allocated on the basis of square footage.",,,,,,,
