"Bureau of Justice Statistics",,
"filename:  spe01tt2.csv",,
"Report title:  State Prison Expenditures, 2001  NCJ  202949",,
"texttable title:  States with the largest and smallest expenditures",,
"data source: Survey of Government Expenditures, FY 2001, U.S. Census Bureau",,
"author:  James J. Stephan",,
"refer questions to: askbjs@ojp.usdoj.gov      (202)307-0765",,
"date of version:  06/15/04",,
,,
,,
"States with the largest prison expenditures: ",,
"California",$4.2,"billion"
"New York",2.8,
"Texas",2.3,
"Michigan",1.6,
,,
"States with the smallest prison expenditures:    ",,
"North Dakota",$26.8,"million"
"South Dakota",37.5,
"Vermont",46.1,
"Wyoming",56.2,
