"Bureau of Justice Statistics",,
"filename:  spe01tt5.csv",,
"Report title:  State Prison Expenditures, 2001  NCJ  202949",,
"texttable title:  Components of State prison capital expenditures, FY 1996 and 2001",,
"data source: Surveys of Government Expenditures, FY 1996 and 2001, U.S. Census Bureau",,
"author:  James J. Stephan",,
"refer questions to: askbjs@ojp.usdoj.gov      (202)307-0765",,
"date of version:  06/15/04",,
,,
,"State prison capital expenditures for fiscal year ($1,000's)",
,2001,"        1996*"
"Total",$1116995,$1489755
"Construction",860954,929786
"Equipment",253247,346662
"Land and other capital",2794,213307
,,
"*In 2001 dollars.",,
