Bureau of Justice Statistics,
filename:  japg13t02.csv,
"Table 2.  Territories and District of Columbia allocations, FY 2013",
Report title:  Justice Assistance Grant (JAG) Program 2013 NCJ 242412,
data source:  Uniform Crime Report,
author:  Alexia D. Cooper,
refer questions to:  askbjs@usdoj.gov (202) 307-0765,
date of version: 7/10/2013,
,
"Table 2.  Territories and District of Columbia allocations, FY 2013",
,
Territories and D.C.,Award amount
,
Total,"$6,853,716 "
,
American Samoa,"$466,307 "
Northern Mariana Islands,"$229,674 "
Guam,"$695,981 "
Puerto Rico,"$3,083,831 "
Virgin Islands,"$695,981 "
,
District of Columbia,"$1,681,944 "
