Bureau of Justice Statistics,,,
filename: ppus11f06.csv,,,
"Figure 6. Estimated percent of the at-risk parole population returned to incarceration, 2000-2011",,,
"report title: Probation and Parole in the United States, 2011   NCJ 239686",,,
"data source: Bureau of Justice Statistics, Annual Parole Survey, 2000�2011",,,
author:  Laura M. Maruschak and Erika Parks,,,
refer questions to: askbjs@usdoj.gov (202) 307-0765,,,
date of version:11/21/12,,,
,,,
"Figure 6. Estimated percent of the at-risk parole population returned to incarceration, 2000-2011",,,
,Total,With new sentence,With revocation
2000,16.4,4.3,11.6
2001,15.9,3.7,11.6
2002,15.5,4,10.7
2003,14.6,4.2,9.9
2004,14.5,4.3,9.9
2005,15.1,4.7,9.9
2006,15.3,4.4,10.3
2007,14.8,3.9,10.4
2008,14.4,3.8,10.3
2009,14,3.6,10
2010,13.2,3.5,9.1
2011,12.2,3.3,7.9
"Note: Estimates are based on most recent available data and may differ from previously published BJS reports. The at-risk population is defined as the number of  parolees under supervision at the start of the year (on January 1) plus the number who entered supervision during the year. See Methodology for more detail about the at-risk measure of incarceration, including the method of estimation. ",,,
"Source: Bureau of Justice Statistics, Annual Parole Survey, 2000�2011.",,,
