Bureau of Justice Statistics,,,
filename: ppus11t05.csv,,,
"Table 5. Estimated parole entries and exits and annual change, 2000-2011",,,
"report title: Probation and Parole in the United States, 2011   NCJ 239686",,,
"data source: Bureau of Justice Statistics, Annual Parole Survey, 2000�2011",,,
author:  Laura M. Maruschak and Erika Parks,,,
refer questions to: askbjs@usdoj.gov (202) 307-0765,,,
date of version:11/21/12,,,
,,,
"Table 5. Estimated parole entries and exits and annual change, 2000-2011",,,
Year,Parole entries,Parole exits,Annual change in parole population
2000,"478,800","467,900","10,900"
2001,"482,100","473,200","8,900"
2002,"476,900","456,500","20,400"
2003,"501,100","480,100","21,000"
2004,"515,600","509,700","5,900"
2005,"524,400","511,900","12,500"
2006,"543,100","526,200","16,900"
2007,"562,900","537,700","25,200"
2008,"575,000","568,000","7,000"
2009,"570,400","575,600","-5,200"
2010,"565,300","562,500","2,800"
2011,"545,800","532,500","13,300"
Note: Estimates are based on most recent data available and may differ from previously published BJS reports. See Methodology for details about estimation methods and calculation of annual change.,,,
"Source: Bureau of Justice Statistics, Annual Parole Survey, 2000�2011.",,,
