Bureau of Justice Statistics,,,
filename: ppus11f02,,,
"Figure 2. Adults on probation at yearend, 1980-2011",,,
"report title: Probation and Parole in the United States, 2011   NCJ 239686",,,
"data source: Bureau of Justice Statistics, Annual Probation Survey, 1980�2011",,,
author:  Laura M. Maruschak and Erika Parks,,,
refer questions to: askbjs@usdoj.gov (202) 307-0765,,,
date of version:12/13/12,,,
,,,
"Figure 2. Adults on probation at yearend, 1980-2011",,,
Year,Yearend population,,Annual percent change
1980,"1,118,097",,3.5
1981,"1,222,024",,9.3
1982,"1,335,359",,8.9
1983,"1,502,247",,10.7
1984,"1,711,190",,8.1
1985,"1,870,132",,7.4
1986,"2,094,405",,6.4
1987,"2,242,053",,6
1988,"2,356,483",,4.9
1989,"2,520,479",,5.6
1990,"2,670,234",,5.9
1991,"2,738,216",,4.3
1992,"2,806,197",,2.8
1993,"2,843,445",,1.1
1994,"2,964,171",,2.1
1995,"3,096,529",,3.9
1996,"3,180,363",,3.3
1997,"3,266,837",,3.2
1998,"3,417,613",,3.7
1999,"3,772,773",,2.8
2000,"3,839,532",,1.6
2001,"3,934,713",,2.8
2002,"3,995,165",,1.6
2003,"4,073,987",,1.2
2004,"4,140,638",,0.5
2005,"4,162,495",,0.5
2006,"4,237,023",,1.7
2007,"4,293,163",,1.8
2008,"4,270,917",,0.9
2009,"4,198,155",,-1
2010,"4,055,514",,-1.7
2011,"3,971,319",,-2
"Note: Estimates are based on most recent data and may differ from previously published estimates or other BJS statistical series. Counts reflect data reported by probation agencies within the reporting year, and annual change was based on the difference between the January 1 and December 31 population counts within the reporting year. Reporting methods for some probation agencies changed over time and probation coverage was expanded in 1998 and 1999. See Methodology for more details. The apparent decrease observed in the community supervison and probation rates between 2007 and 2008 was due to a change in scope for two jurisdictions and does not reflect actual declines in the populations. See Probation and Parole in the United States, 2010, BJS website, NJC 236019, November 2011, for a description of changes in reporting methods.",,,
"Source: Bureau of Justice Statistics, Annual Probation Survey, 1980�2011.",,,
