Bureau of Justice Statistics,,,,
Filename: svsfpri07t05.csv,,,,
"Table 5: Prison facilities with the highest number of incidents of nonconsensual sexual acts per 1,000 inmates, National Inmate Survey, 2007",,,,
"Report title: Sexual Victimization in State and Federal Prisons Reported by Inmates, 2007 NCJ 219414",,,,
"Data source: National Inmate Survey, 2007",,,,
Author(s): Allen J. Beck and Paige M. Harrison,,,,
Refer questions to: askbjs@usdoj.gov 202-307-0765,,,,
Date of version: 2/27/08,,,,

"Table 5. Prison facilities with the highest number of incidents of nonconsensual sexual acts per 1,000 inmates, National Inmate Survey, 2007",,,,
,,"Number of incidents per 1,000 inmates",,
Facility name,,Total,Inmate-on-inmate/a,Staff-on-inmate/b
,U.S. total,123,49,75
"Tecumseh State Corr. Inst., NE",,928,62,866
"Charlotte Corr. Inst., FL",,476,18,458
"Clements Unit, TX",,430,118,311
"Estelle Unit, TX",,373,244,129
"Great Meadow Corr. Fac., NY",,365,31,334
"Mule Creek State Prison, CA",,353,251,102
"Utah State Prison, UT/c",,346,259,87
"R.J. Donovan Corr. Fac. at Rock Mtn., CA",,325,192,133
"Dixon Corr. Inst., LA",,311,211,100
"Allred Unit, TX",,305,115,190
"Julia Tutwiler, AL/d",,304,189,115
"a/Includes all incidents of unwanted contacts with another inmate that involved oral sex, anal sex, vaginal sex, handjobs, and other sexual acts.",,,,
b/Includes all incidents of unwilling sexual contacts with staff.,,,,
c/Facility houses both males and females.,,,,
d/Female facility.,,,,
