Bureau of Justice Statistics,,,,,,,
Filename: svsfpri07at02.csv,,,,,,,
"Appendix table 2:  Percent of prison inmates reporting sexual victimization and estimated standard error, by facility, National Inmate Survey, 2007",,,,,,,
"Report title: Sexual Victimization in State and Federal Prisons Reported by Inmates, 2007 NCJ 219414",,,,,,,
"Data source: National Inmate Survey, 2007",,,,,,,
Author(s): Allen J. Beck and Paige M. Harrison,,,,,,,
Refer questions to: askbjs@usdoj.gov 202-307-0765,,,,,,,
Date of version: 12/16/07,,,,,,,

"Appendix table 2.  Percent of prison inmates reporting sexual victimization and estimated standard error, by facility, National Inmate Survey, 2007",,,,,,,
,,"Percent of inmates reporting sexual victimization since admission to facility or in past 12 months, if shorter/a",,,,,
Facility name,,Reported,,Weighted/b,,Standard error/c,
,Total,4.8,%,4.5,%,0.3,%
Alabama,,,,,,,
,Julia Tutwiler Prison/d,6.6,,6.3,,1.5,
,Limestone Corr. Fac. ,3.1,,3.3,,1.3,
Alaska,,,,,,
,Wildwood Corr. Complex ,5,,4.9,,1.6
Arizona,,,,,,
,Arizona State Prison Complex - Eyman ,5.3,,7.5,,2.5
,Arizona State Prison Complex - Florence ,1,,0.8,,0.5
,Arizona State Prison Complex - Tucson ,1,,0.9,,0.6
Arkansas,,,,,,
,Diagnostic Unit ,0.8,,0.9,,0.7
,Jefferson County Corr. Fac. ,2.2,,3.5,,1.8
California,,,,,,
,Avenal State Prison ,1.4,,1.4,,0.8
,California Inst. for Men ,3.1,,2.6,,1.3
,California Sub. Abuse Treatment Fac. - Corcoran ,6.9,,7.2,,2
,California Men�s Colony ,2.2,,2.3,,1.2
,California Rehabilitation Ctr. ,3.1,,3.1,,1.2
,Calipatria State Prison ,1.4,,1.3,,0.9
,Central California Women's Fac./d,7.1,,7,,2.1
,Corr. Training Fac. ,1.3,,1.1,,0.9
,Ironwood State Prison ,0,,0,,0
,Mule Creek State Prison ,6.3,,6.8,,1.9
,North Kern State Prison ,0.5,,0.7,,0.7
,R. J. Donovan Corr. Fac. at Rock Mountain ,6.1,,5.9,,1.9
,San Quentin State Prison ,5.3,,4.1,,1.4
,Sierra Conservation Ctr. ,5.2,,4.7,,1.5
,Valley State Prison for Women/d,9.9,,10.3,,2.3
Colorado,,,,,,
,Fremont Corr. Fac. ,6,,5.2,,1.6
,"High Plains Corr. Fac./d,f",4.9,,5.9,,2.7
Connecticut,,,,,,
,Osborn Corr. Inst. ,2.1,,1.7,,0.8
Delaware,,,,,,
,Howard R. Young Corr. Inst./e,3,,4.1,,1.6
Florida,,,,,,
,"Central Florida Reception Ctr. East, South & Main ",0.8,,0.4,,0.4
,Charlotte Corr. Inst. ,10.4,,12.1,,2.7
,Cross City Corr. Inst. & Work Camp ,5.1,,5.5,,1.6
,"Hamilton Corr. Inst., Annex & Work Camp ",5,,5.1,,1.6
,"Lowell Corr. Inst., Annex & Work Camp/d",7.7,,7,,2.1
,"Sumter Corr. Inst., Boot Camp & Work Camp ",5.2,,5.9,,1.8
,Taylor Corr. Inst. & Annex ,3,,2.7,,1.2
Georgia,,,,,,
,Hays State Prison ,9,,9.1,,1.9
,Men's Corr. State Prison ,7.9,,7,,1.7
,Metro State Prison/d,7.4,,8,,2.2
,Walker Corr. Inst. ,1.7,,2.3,,1.2
,Wilcox State Prison ,2.9,,2.8,,1.1
Hawaii,,,,,,
,Waiawa Corr. Fac. ,1.6,,1.6,,0.9
Idaho,,,,,,
,South Idaho Corr. Inst. ,2,,1.8,,1
Illinois,,,,,,
,Danville Corr. Ctr. ,1.6,,1.6,,0.9
,Dixon Corr. Ctr. ,6.9,,6.7,,1.9
,Logan Corr. Ctr. ,2.8,,3.3,,1.3
,Vienna Corr. Ctr. ,3,,2.9,,1.4
Indiana,,,,,,
,Plainfield Corr. Fac. ,8,,7.8,,2.1
,Rockville Corr. Fac./d,11.2,,10.8,,2.4
Iowa,,,,,,
,Anamosa State Penitentiary ,4.8,,4.1,,1.5
Kansas,,,,,,
,Hutchinson Corr. Fac. ,5.1,,5.4,,1.6
Kentucky,,,,,,
,Western Kentucky Corr. Complex ,2,,2,,1.3
Louisiana,,,,,,
,Dixon Corr. Inst. ,4.9,,5.4,,1.7
,Forcht-Wade Corr. Ctr. ,1.4,,1.5,,0.9
Maine,,,,,,
,Maine Corr. Ctr./e,5.8,,5.6,,1.6
Maryland,,,,,,
,Baltimore Pre-Release Unit - Women/d,4.7,,6,,2.5
,Maryland Corr. Training Ctr. ,7.5,,8.5,,2.4
,Roxbury Corr. Inst. ,7.4,,8.2,,2
Massachusetts,,,,,,
,Old Colony Corr. Ctr. ,6.7,,6.6,,2.2
Michigan,,,,,,
,Bellamy Creek Corr. Fac. ,8.2,,7.9,,2.1
,Marquette Branch Prison ,7.5,,6.8,,1.7
,Ojibway Corr. Fac. ,4.8,,4.6,,1.5
Minnesota,,,,,,
,Minnesota Corr. Fac. - Stillwater ,3.1,,2.2,,1
Mississippi,,,,,,
,Harrison Community Work Ctr. ,1.2,,0.9,,0.4
Missouri,,,,,,
,Jefferson City Corr. Ctr. ,7.9,,7.9,,1.7
,Northeast Corr. Ctr. ,4,,3.7,,1.2
,Southeast Corr. Ctr. ,7,,7.1,,1.9
Montana,,,,,,
,Montana State Prison ,7.4,,7.9,,1.9
Nebraska,,,,,,
,Tecumseh State Corr. Inst. ,11.8,,13.4,,4
Nevada,,,,,,
,Florence McClure Women's Corr. Ctr./d,9.4,,7.7,,1.8
,Southern Desert Corr. Ctr. ,4.9,,5.8,,1.7
New Hampshire,,,,,,
,New Hampshire State Prison for Men ,6.4,,6.2,,1.7
New Jersey,,,,,,
,Northern State Prison ,4,,3.7,,1.6
,South Woods State Prison ,3.4,,4.4,,2.1
New Mexico,,,,,,
,Lea County Corr. Fac./f,4,,5,,1.9
,Penitentiary of New Mexico ,0,,0,,0
New York,,,,,,
,Arthur Kill Corr. Fac. ,4.2,,3.4,,1.1
,Elmira Corr. Fac. ,4.8,,5.1,,2.2
,Great Meadow Corr. Fac. ,11.8,,11.3,,2.7
,Greene Corr. Fac. ,2.1,,1.9,,0.9
,Wende Corr. Fac. ,6.4,,6.2,,1.9
North Carolina,,,,,,
,Avery Mitchell Corr. Inst. ,3.7,,3.6,,1.4
,Fountain Corr. Ctr./d,5.4,,4.3,,1.4
,Gates Corr. Ctr. ,0,,0,,0
,Harnett Corr. Inst. ,6.1,,5.5,,1.6
,Odom Corr. Inst. ,4.8,,4.7,,1.8
North Dakota,,,,,,
,North Dakota State Penitentiary ,5.6,,5.6,,1.8
Ohio,,,,,,
,Belmont Corr. Inst. ,3.4,,3.6,,1.4
,Grafton Corr. Inst. ,3.8,,4.8,,2
,North Central Corr. Inst. ,4.8,,3.8,,1.4
Oklahoma,,,,,,
,Joseph Harp Corr. Ctr. ,6.2,,6.3,,1.7
Oregon,,,,,,
,Oregon State Corr. Inst. ,5.1,,4.2,,1.3
Pennsylvania,,,,,,
,Cambridge Springs State Corr. Inst./d,4.3,,4.4,,1.3
,Dallas State Corr. Inst. ,2.3,,2.5,,1.1
,Fayette State Corr. Inst. ,7.1,,8.1,,2
,Graterford State Corr. Inst. ,4.3,,3.8,,1.9
,Rockview State Corr. Inst. ,2,,1.9,,1
Rhode Island,,,,,,
,John Moran Medium Security Fac. ,3.8,,3.5,,1.4
,Women's Division/d,8.6,,7.5,,1.6
South Carolina,,,,,,
,Allendale Corr. Inst. ,5.1,,4.7,,1.7
,Lee Corr. Inst. ,9.1,,8.7,,2.2
South Dakota,,,,,,
,South Dakota State Penitentiary ,7,,7.2,,2.2
Tennessee,,,,,,
,Northwest Corr. Complex ,4.4,,3.5,,1.4
,Tennessee Prison for Women/d,5.3,,4.8,,1.5
,Whiteville Corr. Fac./f ,7.3,,7.1,,1.9
Texas,,,,,,
,Allred Unit ,10.2,,9.9,,2.2
,Clements Unit ,14.1,,13.9,,2.9
,Coffield Unit ,9.3,,9.3,,2.1
,"Dawson State Jail/e,f",3,,2.9,,1.3
,Estelle Unit ,15.2,,15.7,,2.6
,Fort Stockton Transfer Fac. ,1.2,,1.3,,0.8
,Hilltop Unit/d,3.6,,3.4,,1.1
,Holliday Transfer Fac. ,1,,1.1,,0.7
,"Lockhart Unit/e,f",5.3,,7.3,,2.7
,Lopez State Jail ,1.4,,1.3,,0.8
,McConnell Unit ,8.6,,8,,2.1
,Mountain View Unit/d,12.3,,9.5,,1.9
,Polunsky Unit ,5.5,,5.3,,1.4
,Ramsey Unit #2 ,4.1,,4.5,,1.4
,Wynne Unit ,5,,5.5,,1.7
Utah,,,,,,
,Utah State Prison/e,8.7,,7.7,,1.9
Vermont,,,,,,
,Chittenden Regional Corr. Fac. ,4.9,,5.3,,1.8
Virginia,,,,,,
,Red Onion State Prison/g,3.4,,3.6,,1.7
,St. Brides Corr. Ctr. ,4.5,,4.2,,2.2
Washington,,,,,,
,Stafford Creek Corr. Ctr. ,5.2,,6.5,,2.6
West Virginia,,,,,,
,Northern Regional Corr. Fac. ,4.7,,4.3,,1.5
Wisconsin,,,,,,
,Stanley Corr. Inst. ,4.5,,3.8,,1.4
,Waupun Corr. Inst. ,7,,6.8,,1.8
Wyoming,,,,,,
,Wyoming State Penitentiary ,8,,7,,1.9
Federal Facilities (Bureau of Prisons),,,,,,
,Allenwood Low Fed. Corr. Inst.,1.5,,1.3,,0.7
,Beaumont Low Fed. Corr. Inst.,1.6,,1.6,,0.9
,Bennettsville-Camp ,0,,0,,0
,Big Sandy U.S. Penitentiary ,2.4,,2.4,,1.4
,Big Spring Corr. Inst./f,0,,0,,0
,Cibola County Corr. Inst./f ,1.4,,0.7,,0.5
,Fort Dix Fed. Corr. Inst.,1.6,,0.8,,0.5
,La Tuna - Fed. Satellite Fac. (El Paso) ,1.5,,1,,0.6
,Lexington Fed. Medical Fac.,2.4,,2.3,,1.1
,McCreary U.S. Penitentiary ,0.9,,0.8,,0.7
,Memphis Fed. Corr. Inst.,2.2,,1.8,,1
,Milan Fed. Corr. Inst.,0.6,,0.8,,0.7
,Oakdale Fed. Detention Fac.,1.8,,2.7,,2.6
,Pekin Fed. Corr. Inst.,6.2,,4.8,,1.8
,Schuylkill Fed. Corr. Inst.,0,,0,,0
,Taft Corr. Inst./f,0.4,,0.3,,0.3
,Terminal Island Fed. Corr. Inst.,1.3,,1,,0.7
,Victorville Med. I Fed. Corr. Inst.,3.2,,3.5,,1.7
,Yazoo City Med. Fed. Corr. Inst.,3.2,,3.1,,1.3
"a/Percent of inmates reporting one or more incidents of sexual victimization involving another inmate or facility staff since admission to the facility or in last 12 months, if shorter. ",,,,,,
"b/Weights were applied so that inmates who responded accurately reflected the entire population of each facility on selected characteristics, including age, gender, race, time served, and sentence length. (See Methodology for weighting and nonresponse adjustments.)",,,,,,
"c/Standard errors may be used to construct confidence intervals around the weighted survey estimates. For example, the 95% confidence intervals around the total percent is 4.5% plus or minus 1.96 times 0.3% (or 3.9% to 5.1%).",,,,,,
d/Female facility.,,,,,,
e/Facility houses both males and females.,,,,,,
f/Privately operated facility.,,,,,,
g/Excludes inmates designated as supermax inmates. ,,,,,,
