Bureau of Justice Statistics,,,,,,,,
Filename: svsfpri07t01.csv,,,,,,,,
"Table 1: Prison facilities with highest and lowest prevalence of sexual victimization, National Inmate Survey, 2007",,,,,,,,
"Report title: Sexual Victimization in State and Federal Prisons Reported by Inmates, 2007 NCJ 219414",,,,,,,,
"Data source: National Inmate Survey, 2007",,,,,,,,
Author(s): Allen J. Beck and Paige M. Harrison,,,,,,,,
Refer questions to: askbjs@usdoj.gov 202-307-0765,,,,,,,,
Date of version: 12/16/07,,,,,,,,

"Table 1. Prison facilities with highest and lowest prevalence of sexual victimization, National Inmate Survey, 2007",,,,,,,,
,,,,,Percent of inmates reporting sexual victimization/a,,,
Facility name,,Number of respondents/b,Response rate,,Weighted percent/c,,Standard error/d,
U.S. total,,"23,398",72,%,4.5,%,0.3,%
,10 highest,,,,,,,
"Estelle Unit, TX",,197,84,,15.7,,2.6,
"Clements Unit, TX",,142,59,,13.9,,2.9,
"Tecumseh State Corr. Inst., NE",,85,39,,13.4,,4
"Charlotte Corr. Inst., FL",,163,73,,12.1,,2.7
"Great Meadow Corr. Fac., NY",,144,62,,11.3,,2.7
"Rockville Corr. Fac., IN/e",,169,79,,10.8,,2.4
"Valley State Prison for Women, CA/e",,181,78,,10.3,,2.3
"Allred Unit, TX",,186,71,,9.9,,2.2
"Mountain View Unit, TX/e",,154,80,,9.5,,1.9
"Coffield Unit, TX",,194,76,,9.3,,2.1
,6 lowest/f,,,,,,
"Ironwood State Prison, CA",,141,60,%,0,%,~ 
"Penitentiary of New Mexico, NM ",,83,38,,0,,~ 
"Gates Corr. Ctr., NC",,52,74,,0,,~
"Bennettsville-Camp, BOP",,77,69,,0,,~ 
"Big Spring Corr. Inst., BOP",,155,66,,0,,~
"Schuylkill Fed. Corr. Inst., BOP",,174,70,,0,,~
Note: BOP refers to the Bureau of Prisons.,,,,,,,
~Not applicable.
"a/Percent of inmates reporting one or more incidents of sexual victimization involving another inmate or facility staff in past 12 months or since admission to the facility, if shorter."
b/Number of respondents selected for the NIS on sexual victimization. 
"c/Weights were applied so that inmates who responded accurately reflected the entire population of each facility on selected characteristics, including age, gender, race, time served, and sentence length. (See Methodology for details.)"
"d/Standard errors may be used to construct confidence intervals around the weighted survey estimates. For example, the 95% confidence intervals around the total percent is 4.5% plus or minus 1.96 times 0.3% (or 3.9% to 5.1%)."
e/Female facility.
f/Facilities in which no incidents of sexual victimization were reported by inmates. 
