Bureau of Justice Statistics,,,,,,,
Filename: svsfpri07t03.csv,,,,,,,
"Table 3: Prison facilities with the highest prevalence of sexual victimization, by type, National Inmate Survey, 2007",,,,,,,
"Report title: Sexual Victimization in State and Federal Prisons Reported by Inmates, 2007 NCJ 219414",,,,,,,
"Data source: National Inmate Survey, 2007",,,,,,,
Author(s): Allen J. Beck and Paige M. Harrison,,,,,,,
Refer questions to: askbjs@usdoj.gov 202-307-0765,,,,,,,
Date of version: 12/16/07,,,,,,,

"Table 3. Prison facilities with the highest prevalence of sexual victimization, by type, National Inmate Survey, 2007",,,,,,,
,,Percent of inmates reporting sexual assault/a,,,,,
Facility name,,Total prevalence/a,,Nonconsensual sexual acts/b,,Abusive sexual contacts/c,
,U.S. total,4.5,%,3.3,%,1.3,%
"Estelle Unit, TX",,15.7,,11.3,,4.4,
"Clements Unit, TX",,13.9,,8.1,,5.8,
"Tecumseh State Corr. Inst., NE",,13.4,,11.2,,2.2,
"Charlotte Corr. Inst., FL",,12.1,,12.1,,0
"Great Meadow Corr. Fac., NY",,11.3,,6.1,,5.3
"Rockville Corr. Fac., IN/d",,10.8,,6.6,,4.2
"Valley State Prison for Women, CA/d",,10.3,,2.4,,7.9
"Allred Unit, TX",,9.9,,8,,1.9
"Mountain View Unit, TX/d",,9.5,,3.4,,6.2
"Coffield Unit, TX",,9.3,,7.7,,1.5
"a/Percent of inmates reporting one or more incidents of sexual victimization involving another inmate or facility staff in past 12 months or since admission to the facility, if shorter. (See Methodology for definitions.)  Weights were applied so that inmates who responded accurately reflected the entire population of each facility on selected characteristics, including age, gender, race, time served, and sentence length. (See Methodology for nonresponse and post-stratification weighting procedures.)",,,,,,
"b/Includes allegations of oral, anal, and vaginal penetration, handjobs, and reports of other sexual acts. ",,,,,,
c/Includes allegations of unwanted touching only. ,,,,,,
d/Female facility.,,,,,,
