"Bureau of Justice Statistics",,,,,,,,,,
"filename:  rpr94ap03.csv",,,,,,,,,,
"Appendix table # 3.  Estimate of 1 standard error for table 8",,,,,,,,,,
"report title:  Recidivism of prisoners released in 1994; NCJ 193427",,,,,,,,,,
"data source:  National recidivism study of released prisoners",,,,,,,,,,
"author:   Patrick Langan, David Levin",,,,,,,,,,
"refer questions to:  askbjs@ojp.usdoj.gov  (202) 307-0765",,,,,,,,,,
"date of version:  April 1,  2002",,,,,,,,,,
,,,,,,,,,,
"Appendix table 3.  Estimate of 1 standard error for table 8",,,,,,,,,,
,,,,,,,,,,
,,,,,"Percent of released prisoners",,,,,
,,,,,"who, within 3 years, were:",,,,,
,,,,,,,,,"Returned to",
,,,,,,,"Returned to",,"prison with",
,"Percent of",,,,,,"prison with",,"or without",
,"all released",,,,,,"a new prison",,"a new prison",
"Prisoner  characteristics","prisoners",,"Rearrested",,"Reconvicted",,"sentence",,"sentence",
,,,,,,,,,,
"All released prisoners",0.0,"%",0.4,"%",0.5,"%",0.4,"%",0.5,"%"
,,,,,,,,,,
"Sex",,,,,,,,,,
"Male",0.3,"%",0.4,"%",0.5,"%",0.4,"%",0.5,"%"
"Female",0.3,,1.6,,1.6,,1.3,,1.8,
,,,,,,,,,,
"Race",,,,,,,,,,
"White",0.4,"%",0.6,"%",0.7,"%",0.6,"%",0.7,"%"
"Black",0.4,,0.5,,0.6,,0.6,,0.7,
"Other",0.1,,4.1,,4.0,,2.5,,4.7,
,,,,,,,,,,
"Ethnicity",,,,,,,,,,
"Hispanic",0.4,"%",1.0,"%",1.1,"%",1.0,"%",1.2,"%"
"Non-Hispanic",0.4,,0.5,,0.6,,0.6,,0.6,
,,,,,,,,,,
"Age when released",,,,,,,,,,
"17 or younger",0.1,"%",4.9,"%",6.3,"%",6.6,"%",6.7,"%"
"18-24",0.3,,0.8,,1.0,,0.9,,1.1,
"25-29",0.4,,0.8,,1.0,,0.9,,1.1,
"30-34",0.4,,0.8,,1.0,,0.9,,1.1,
"35-39",0.3,,1.0,,1.2,,1.0,,1.3,
"40-44",0.3,,1.4,,1.5,,1.2,,1.7,
"45 or older",0.2,,1.5,,1.5,,1.4,,1.8,
