"Bureau of Justice Statistics",,,
"filename:  rpr94fg1.csv",,,
"figure # 1.  Within a year of release from prison, 44.1% of prisoners were rearrested;",,,
"within 3 years, 67.5% were rearrested and 25.4% had a new prison sentence",,,
"report title:  Recidivism of prisoners released in 1994; NCJ 193427",,,
"data source:  National recidivism study of released prisoners",,,
"author:   Patrick Langan, David Levin",,,
"refer questions to:  askbjs@ojp.usdoj.gov  (202) 307-0765",,,
"date of version:  April 3, 2002",,,
,,,
"Figure # 1.  Within a year of release from prison, 44.1% of prisoners were rearrested;",,,
"within 3 years, 67.5% were rearrested and 25.4% had a new prison sentence",,,
,,,
,,,
,,,"Returned to"
,,,"prison with a"
,,,"new prison"
,"Rearrested","Reconvicted /a","sentence /b"
"6 months",0.299,0.106,0.051
"12 months",0.441,0.215,0.106
"18 months",0.53,0.299,0.152
"24 months",0.592,0.364,0.192
"30 months",0.64,0.418,0.229
"36 months",0.674,0.462,0.258
,,,
"a/ Because of missing data, prisoners released in 1 State (Ohio) were excluded from the calculation of ""Percent reconvicted.""",,,
"b/ ""New prison sentence"" does include new sentences to State or Federal prisons but does not include sentences to local jails. ",,,
"Because of missing data, prisoners released in 2 States (Ohio and Virginia) were excluded from the calculation of ""Percent returned to prison with a new prison sentence.""",,,
