"Bureau of Justice Statistics",,,,
"filename:  rpr9405.csv",,,,
"table #  5.  Percent of adult arrests that prisoners released in 1994 in 13 States accounted for",,,,
"following their release",,,,
"report title:  Recidivism of prisoners released in 1994; NCJ 193427",,,,
"data source:  National recidivism study of released prisoners",,,,
"author:   Patrick Langan, David Levin",,,,
"refer questions to:  askbjs@ojp.usdoj.gov  (202) 307-0765",,,,
"date of version:  April 15, 2002",,,,
,,,,
,,,,
"Table #  5.  Percent of adult arrests that prisoners released in 1994 in 13 States accounted for",,,,
"following their release",,,,
,,,,
,"Arrests in the 13 States for 7 crimes from 1994 to 1997",,,
,,,,
,,"Number",,
,,"accounted","Percent of all",
,,"for by","arrests for the",
,,"released","7 crimes that",
,,"prisoners","the released",
,"Total","in the ","prisoners",
"Year arrested","number","13 States /a","accounted for",
"Total, 1994-1997",2994868,140534,4.7,"%"
"1994 /b",462793,28411,6.1,
"1995",899582,43682,4.9,
"1996",840980,34800,4.1,
"1997",791513,33641,4.3,
,,,,
"Note:  Number of arrests is based on 234,358 released prisoners.  Arrests of these released prisoners in 1997 are counted in the 1997 figures regardless of whether the arrest occurred beyond the 3-year follow-up period.",,,,
"a/  Includes only arrests in the State in which the prisoner was released.  For arrests involving multiple charges, only the most serious charge was counted.  The 7 crimes, listed from most to least serious, are:  murder (including nonnegl",,,,
"b/  Because on average there were 6 months of exposure to rearrest, the estimated total number of arrests in 1994 was divided by 2.",,,,
