"Bureau of Justice Statistics",,,,
"filename:  rpr94ap05.csv",,,,
"Appendix table # 5.  Prisoners released in the 15 States compared to prisoners released in 39 States",,,,
"report title:  Recidivism of prisoners released in 1994; NCJ 193427",,,,
"data source:  National recidivism study of released prisoners",,,,
"author:   Patrick Langan, David Levin",,,,
"refer questions to:  askbjs@ojp.usdoj.gov  (202) 307-0765",,,,
"date of version:  April 1, 2002",,,,
,,,,
"Appendix table 5.  Prisoners released in the 15 States compared to prisoners released in 39 States",,,,
,,,,
,"Percent of all",,,
,"released prisoners in -",,,
,,,,
"Selected charateristics","15 States /a",,"39 States /b",
"Sex",,,,
"Male",90.6,"%",90.6,"%"
"Female",9.4,,9.4,
"Race",,,,
"White",48.7,"%",46.4,"%"
"Black",50.4,,52.3,
"Other",0.9,,1.3,
"Age",,,,
"17 or younger",0.4,"%",0.4,"%"
"18-24",25.1,,25.9,
"25-29",22.3,,21.7,
"30-34",21.6,,20.8,
"35-39",14.9,,23.4,
"40-44",8.4,,6.0,
"45 or older",7.3,,1.8,
"Most serious offense for which released",,,,
"Violent ",24.3,"%",24.3,"%"
"Property",31.0,,33.5,
"Drug",33.8,,30.5,
"Public-order",9.7,,10.6,
"Other",1.2,,1.1,
"Time served in prison before release",,,,
"6 months or less",22.7,"%",26.1,"%"
"7-12",25.1,,22.9,
"13-18",15.2,,23.7,
"19-24",9.4,,11.3,
"25-30",6.8,,6.0,
"31-36",4.7,,3.7,
"37-60",10.4,,9.7,
"61 months or more",5.7,,6.3,
"Number of released prisoners",182114,,229641,
,,,,
,,,,
"Note: Data include only those prisoners who had sentences longer than 1 year and were ""first releases.""",,,,
"Excluded are adminstrative releases, AWOLs,  escapees, transfers, releases on appeal, and deaths.",,,,
"a/  Figures are weighted estimates extrapolated from a sample of 25,762 released prisoners.",,,,
"b/ Data are from tables 2-3, 2-4, and 2-5 of the National Corrections Reporting Program, 1994.",,,,
