"Bureau of Justice Statistics",,,,,,
"filename:  rpr9404.csv",,,,,,
"table #  4.  Total number of arrest charges for 272,111 State prisoners released in 1994",,,,,,
"report title:  Recidivism of prisoners released in 1994; NCJ 193427",,,,,,
"data source:  National recidivism study of released prisoners",,,,,,
"author:   Patrick Langan, David Levin",,,,,,
"refer questions to:  askbjs@ojp.usdoj.gov  (202) 307-0765",,,,,,
"date of version:  April 15, 2002",,,,,,
,,,,,,
"Table 4.  Total number of arrest charges for 272,111 State prisoners released in 1994",,,,,,
,,,,,,
"Total number",,,,,,
"of arrest","Percent of all",,,"Cumulative percent",,
"charges","released prisoners",,"released prisoners",,"arrest charges",
"45 or more /a",6.4,"%",6.4,"%",13.7,"%"
"35-44",5.6,,12.0,,34.4,
"25-34",11.9,,23.9,,52.3,
"20-24",10.1,,34.0,,66.1,
"15-19",13.7,,47.7,,76.1,
"10-14",17.9,,65.6,,88.1,
"5-9",20.7,,86.3,,93.6,
"1-4",13.7,,100.0,,100.0,
"Note: Percents may not add to total because of rounding.",,,,,,
"a/ Arrest charges include those prior to release and those in the first 3 years following release.",,,,,,
