"Bureau of Justice Statistics",,,,
"filename:  rpr9403.csv",,,,
"table #  3.  Number of arrest charges for 272,111 State prisoners released in 1994, by type of charge",,,,
"report title:  Recidivism of prisoners released in 1994; NCJ 193427",,,,
"data source:  National recidivism study of released prisoners",,,,
"author:   Patrick Langan, David Levin",,,,
"refer questions to:  askbjs@ojp.usdoj.gov  (202) 307-0765",,,,
"date of version:  April 15, 2002",,,,
,,,,
"Table 3.  Number of arrest charges for 272,111 State prisoners ",,,,
"released in 1994, by type of charge",,,,
,,,,
,,"Number of arrest charges",,
,,,,
,"                 Prior to release",,"   In first 3 years after release",
,"In-State plus",,"In-State plus",
,"out-of-State","Out-of-State","out-of-State","Out-of-State"
"Arrest charge","charges","charges only","charges","charges only"
,,,,
"All offenses",4132174,338877,744480,55760
,,,,
"Violent offenses",550004,42329,100531,6433
,,,,
"Homicide /a",18001,1267,2871,180
"Kidnaping",10733,1124,2362,151
"Rape",21638,2165,2444,181
"Other sexual assault",22778,1934,3151,332
"Robbery",172274,14361,21245,1309
"Assault",243654,19973,54604,3846
"Other violent",60926,1505,13854,434
,,,,
"Property offenses",1477442,120007,208451,15760
,,,,
"Burglary",360861,31400,40303,2904
"Larceny/theft",508222,46589,79158,5919
"Motor vehicle theft",125239,1198,15797,1198
"Arson",6523,387,758,39
"Fraud",141636,19905,21360,2388
"Stolen property",173731,13288,21993,2082
"Other property",161230,7240,29082,1230
,,,,
"Drug offenses",919586,43516,191347,9556
,,,,
"Possession",380117,21819,79435,4255
"Trafficking",223192,10274,46220,2835
"Other/unspecified",316277,11423,65692,2466
,,,,
"Public-order offenses",703996,76049,155751,13863
,,,,
"Weapons",161318,11543,25647,1914
"Probation/parole violations",13466,3119,20939,874
"Traffic offenses",57571,8515,13097,1288
"Driving under the influence",43123,10335,5788,1526
"Other public-order",428518,42537,90280,8261
,,,,
"Other offenses",82392,12198,20049,3519
,,,,
"Unknown",398754,44778,68351,6629
,,,,
"Note:  Table is based on 272,111 prisoners released in 1994 in 15 States.",,,,
"All had at least 1 charge prior to release and 183,675 of them (67.5%) also had at least 1 charge after release.",,,,
"a/ Homicide includes murder, nonnegligent manslaughter, and negligent manslaughter.",,,,
