"Bureau of Justice Statistics",,,,,,
"filename:  rpr9412.csv",,,,,,
"table #  12.  Rearrest rates of State prisoners released in 1994, by number of prior arrests",,,,,,
"report title:  Recidivism of prisoners released in 1994; NCJ 193427",,,,,,
"data source:  National recidivism study of released prisoners",,,,,,
"author:   Patrick Langan, David Levin",,,,,,
"refer questions to:  askbjs@ojp.usdoj.gov  (202) 307-0765",,,,,,
"date of version:  April 15, 2002",,,,,,
,,,,,,
"Table  12.  Rearrest rates of State prisoners released in 1994, by number of prior arrests",,,,,,
,,,,,,
,,,,,,
"Number of adult","Percent",,,"Percent of releasees",,
"arrests prior","of all ",,,"who were rearrested within --",,
"to release","releases",,"3 years",,"1 year",
,,,,,,
"All released prisoners",100.0,"%",67.5,"%",44.2,"%"
"1 prior arrest",6.9,,40.6,,20.6,
"2",7.4,,47.5,,26.2,
"3",7.8,,55.2,,32.2,
"4",7.7,,59.6,,35.1,
"5",7.7,,64.2,,39.7,
"6",7.4,,67.4,,43.2,
"7-10",20.9,,70.3,,45.5,
"11-15",16.2,,79.1,,54.5,
"16 or more",18.0,,82.1,,61.0,
,,,,,,
,,,,,,
"Note:  Percents are based on 272,111 released prisoners.  By definition, all 272,111 had at least one arrest prior to their release.  Consequently, ""0 prior arrests"" does not apply. ",,,,,,
