"Bureau of Justice Statistics",,,,,,,,,,
"filename:  rpr94ap04.csv",,,,,,,,,,
"Appendix table # 4.  Estimate of 1 standard error for table 9",,,,,,,,,,
"report title:  Recidivism of prisoners released in 1994; NCJ 193427",,,,,,,,,,
"data source:  National recidivism study of released prisoners",,,,,,,,,,
"author:   Patrick Langan, David Levin",,,,,,,,,,
"refer questions to:  askbjs@ojp.usdoj.gov  (202) 307-0765",,,,,,,,,,
"date of version: April 1, 2002",,,,,,,,,,
,,,,,,,,,,
"Appendix table 4.  Estimate of 1 standard error for table 9",,,,,,,,,,
,,,,,,,,,,
,,,,,"Percent of released prisoners",,,,,
,,,,,"who, within 3 years, were:",,,,,
,,,,,,,,,,
,,,,,,,,,"Returned to",
,,,,,,,"Returned to",,"prison with",
"Most serious ","Percent of",,,,,,"prison with",,"or without",
"offense for","all released",,,,,,"a new prison",,"a new prison",
"which released","prisoners",,"Rearrested",,"Reconvicted /a",,"sentence /b",,"sentence /c",
,,,,,,,,,,
"All released prisoners",0.0,"%",0.4,"%",0.5,"%",0.4,"%",0.5,"%"
,,,,,,,,,,
"Violent offenses",0.1,"%",0.7,"%",0.8,"%",0.7,"%",0.8,"%"
"Homicide /c",0.0,,1.7,,1.4,,1.1,,1.9,
"Kidnaping",0.1,,9.2,,9.2,,9.5,,10.3,
"Rape",0.0,,0.0,,0.0,,0.0,,0.0,
"Other sexual assault",0.0,,0.1,,0.1,,0.0,,0.1,
"Robbery",0.0,,1.2,,1.4,,1.2,,1.5,
"Assault",0.0,,1.2,,1.3,,1.1,,1.4,
"Other violent",0.1,,7.5,,7.1,,5.6,,9.3,
,,,,,,,,,,
"Property offenses",0.1,"%",0.7,"%",0.8,"%",0.8,"%",0.8,"%"
"Burglary",0.0,,1.0,,1.2,,1.1,,1.2,
"Larceny/theft",0.2,,1.2,,1.5,,1.5,,1.6,
"Motor vehicle theft",0.2,,2.2,,2.7,,2.5,,2.5,
"Arson",0.1,,6.5,,6.2,,5.8,,7.3,
"Fraud",0.0,,2.1,,2.2,,2.0,,2.3,
"Stolen property",0.1,,3.2,,4.1,,4.2,,4.3,
"Other property",0.0,,3.8,,4.3,,4.5,,5.0,
,,,,,,,,,,
"Drug offenses",0.2,"%",0.8,"%",0.8,"%",0.8,"%",0.9,"%"
"Possession",0.1,,1.6,,1.6,,1.4,,1.7,
"Trafficking",0.1,,0.8,,0.9,,0.8,,1.0,
"Other/unspecified",0.2,,2.7,,3.4,,3.2,,3.3,
,,,,,,,,,,
"Public-order offenses",0.0,"%",1.3,"%",1.4,"%",1.2,"%",1.5,"%"
"Weapons",0.0,,2.8,,3.2,,2.8,,3.3,
"Driving under the ",0.0,,2.1,,1.9,,1.6,,2.2,
"influence",,,,,,,,,,
"Other public-order",0.0,,1.6,,1.7,,1.6,,1.7,
,,,,,,,,,,
"Other offenses",0.2,"%",5.3,"%",5.8,"%",4.8,"%",5.7,"%"
,,,,,,,,,,
"Note: Data on sex were reported for 100% of 272,111 releases, data on race for 97.6%, Hispanic origin for 81.9%, and age at time of release for 99.9%.  ",,,,,,,,,,
"a/ Because of missing data, prisoners released in 1 State (Ohio) were excluded from the calculation of ""Percent reconvicted.""",,,,,,,,,,
"b/ ""New prison sentence"" does include new sentences to State or Federal prisons but does not include sentences to local jails.  ",,,,,,,,,,
"Because of missing data, prisoners released in 2 States (Ohio and Virginia) were excluded from the calculation of ""Percent returned to prison with a new prison sentence.""",,,,,,,,,,
"c/ ""With or without a new prison sentence"" includes both prisoners with new sentences to State or Federal prisons plus prisoners returned for technical violations.  ",,,,,,,,,,
"Because of missing data, prisoners released from 6 States (Arizona, Delaware, Maryland, New Jersey, Ohio, and Virginia) were excluded from the calculation of ""Percent returned to prison with or without a new prison sentence.""",,,,,,,,,,
