"Bureau of Justice Statistics",,,,,
"filename:  hivp9705.csv",,,,,
"table #:  5  AIDS-related deaths of sentenced prisoners under State jurisdiction, 1997",,,,,
"report title: HIV in Prisons 1997, NCJ 178284",,,,,
"data source:  National Prisoner Statistics (NPS-1)",,,,,
"author:  Laura M. Maruschak ",,,,,
"refer questions to: askbjs@ojp.usdoj.gov (202) 307-0765",,,,,
"date of version: 10/13/99",,,,,
,,,,,
"Table 5.  AIDS-related deaths of sentenced prisoners under State jurisdiction, 1997",,,,,
,"Deaths from all causes",,,,
,"in State Prisons",,"AIDS-related deaths",,
,,"Rate per ",,"Rate per","As a "
,,100000,,100000,"percent of"
"Jurisdiction","Total","inmatesa","Total","inmates/a","all deaths/b"
"Total",2872,256,538,48,18.7
,,,,,
"Northeast",501,292,136,79,27.1
"Connecticut",33,191,13,75,39.4
"Maine",1,62,0,0,"**"
"Massachusetts",24,201,2,17,8.3
"New Hampshire",5,231,0,0,"**"
"New Jersey",101,356,41,145,40.6
"New York",221,320,60,87,27.1
"Pennsylvania",109,312,19,54,17.4
"Rhode Island",6,178,1,30,"**"
"Vermont",1,79,0,0,"**"
,,,,,
"Midwest",488,223,50,23,10.2
"Illinois",101,248,16,39,15.8
"Indiana",45,251,1,6,2.2
"Iowa",9,130,0,0,"**"
"Kansas",24,303,1,13,4.2
"Michigan",99,221,18,40,18.2
"Minnesota",6,113,1,19,"**"
"Missouri",48,200,6,25,12.5
"Nebraska",10,294,0,0,"**"
"North Dakota",1,125,0,0,"**"
"Ohio",117,244,6,12,5.1
"South Dakota",6,268,0,0,"**"
"Wisconsin",22,135,1,6,4.5
,,,,,
"South",1415,294,309,64,21.8
"Alabama",91,408,14,63,15.4
"Arkansas",31,309,0,0,0
"Delaware",12,221,0,0,0
"District of Columbia",25,267,"--","--","--"
"Florida",242,374,108,167,44.6
"Georgia",114,312,41,112,36.0
"Kentucky",28,192,0,0,0
"Louisiana",80,273,17,58,21.3
"Maryland",54,243,12,54,22.2
"Mississippi",47,329,4,28,8.5
"North Carolina",56,177,8,25,14.3
"Oklahoma",68,331,3,15,4.4
"South Carolina",55,260,19,90,34.5
"Tennessee",70,420,13,78,18.6
"Texas",341,243,56,40,16.4
"Virginia",92,324,14,49,15.2
"West Virginia",9,286,0,0,"**"
,,,,,
"West",468,188,43,17,9.2
"Alaska ",4,96,0,0,"**"
"Arizona",61,260,0,0,0
"California",268,172,36,23,13.4
"Colorado",34,253,0,0,0
"Hawaii",8,161,1,20,"**"
"Idaho",10,256,2,51,20.0
"Montana",4,159,0,0,"**"
"Nevada",25,277,3,33,12.0
"New Mexico",7,149,0,0,"**"
"Oregon",19,238,0,0,0.0
"Utah",3,70,0,0,"**"
"Washington",23,174,1,8,4.3
"Wyoming",2,129,0,0,"**"
"--Not reported.",,,,,
"**Not calculated for 10 or fewer deaths",,,,,
"\aBased on the number of inmates under state jurisdiction on June 30, 1997",,,,,
"\bNational and regional totals exclude inmates in jurisdictions that did not report data ",,,,,
"on cause of death.",,,,,
