"Bureau of Justice Statistics",,,,,,,,,
"filename:  hivp9706.csv",,,,,,,,,
"table #:  6  Testing policies for the antibody to the human immunodeficiency virus, by jurisdiction, 1997",,,,,,,,,
"report title: HIV in Prisons 1997, NCJ 178284",,,,,,,,,
"data source:  National Prisoner Statistics (NPS-1)",,,,,,,,,
"author:  Laura M. Maruschak ",,,,,,,,,
"refer questions to: askbjs@ojp.usdoj.gov (202) 307-0765",,,,,,,,,
"date of version: 10/13/99",,,,,,,,,
,,,,,,,,,
"Table 6.  Testing policies for the antibody to the human immunodeficiency virus, by jurisdiction, 1997",,,,,,,,,
,,"All inmates",,,,,,,
"Jurisdiction","Entering","In custody","Upon release","High-risk group","Inmate request","Clinical indication","Involvement in incident","Random sample"," Other"
"Federal system",,,"X",,"X","X",,,
"Northeast",,,,,,,,,
"Connecticut",,,,"X","X","X","X",,
"Maine",,,,,"X",,,,
"Massachusetts",,,,,"X",,,,
"New Hampshire","X",,,,,,,,
"New Jersey",,,,,"X","X",,,"X"
"New York",,,,"X","X","X","X","X",
"Pennsylvania",,,,,"X",,,,
"Rhode Island","X","X",,,"X","X","X",,
"Vermont",,,,,"X","X","X",,
"Midwest",,,,,,,,,
"Illinois",,,,"X","X","X","X",,
"Indiana",,,,"X","X","X",,,
"Iowa","X",,,,,,,,
"Kansas",,,,,"X","X","X",,
"Michigan","X",,,,"X","X","X",,
"Minnesota",,,,"X","X","X","X",,
"Missouri","X",,"X","X","X","X","X",,
"Nebraska","X",,,,,"X","X",,
"North Dakota","X",,,,,,,,
"Ohio",,,,"X","X","X","X",,"X"
"South Dakota","X",,,,,,,,
"Wisconsin",,,,,"X",,"X",,
"South",,,,,,,,,
"Alabama","X",,"X",,,"X",,,
"Arkansas","X","X",,"X","X","X","X",,
"Delaware",,,,"X",,"X","X",,
"Dist. of Columbia",,,,,"X",,,,
"Florida",,,,,"X","X","X",,
"Georgia","X",,,,"X","X",,,
"Kentucky",,,,"X","X","X","X",,
"Louisiana",,,,,"X","X","X",,
"Maryland",,,,,"X","X","X",,
"Mississippi","X",,,,,,,,
"North Carolina",,,,,"X","X","X",,
"Oklahoma","X",,,,"X","X","X",,
"South Carolina",,,,"X","X","X","X",,
"Tennessee",,,,"X","X","X","X",,"X"
"Texas",,,,"X","X","X","X",,
"Virginia","X","X","X",,"X","X","X",,
"West Virginia",,,,,"X","X",,,
"West",,,,,,,,,
"Alaska ",,,,,,,,,"X"
"Arizona",,,,"X","X","X","X",,
"California",,,,,"X","X","X",,
"Colorado","X",,,,"X","X","X",,"X"
"Hawaii",,,,,"X","X",,,
"Idaho","X",,,,,,,,
"Montana",,,,"X","X","X","X",,
"Nevada","X",,"X",,"X","X","X",,
"New Mexico",,,,,"X",,,,"X"
"Oregon",,,,,"X",,,,
"Utah","X",,,,,,,,
"Washington",,,,,"X","X",,,"X"
"Wyoming",,,,,,"X",,,
