"Bureau of Justice Statistics",,
"filename:  hivp9707.csv",,
"table #: 7 Inmates ever tested or tested since admission ",,
"for the human immunodeficiency virus and test",,
"results, 1997",,
"report title: HIV in Prisons 1997, NCJ 178284",,
"data source:  1997 Surveys of Inmates in  State and Federal Correctional Facilities",,
"author:  Laura M. Maruschak ",,
"refer questions to: askbjs@ojp.usdoj.gov (202) 307-0765",,
"date of version: 10/13/99",,
,,
"Table 7. Inmates ever tested or tested since admission ",,
"for the human immunodeficiency virus and test",,
"results, 1997",,
,"Percent of inmates",
,"State ","Federal "
"Inmate characteristics","prisons","prisons"
"Ever tested",74.6,79.6
"HIV positive",2.2,0.6
"Tested since admission",59.1,69.7
"HIV positive",2.6,0.7
"Note: Data are from the 1997 Survey of Inmates",,
"in State and Federal Correctional Facilities",,
