"Bureau of Justice Statistics",,,,,,
"filename:  hivp9602.csv",,,,,,
"table #:  2",,,,,,
"report title: HIV in prisons and jails, 1996",,,,,,
"data source:  National Prisoner Statistics",,,,,,
"author:  Laura M. Maruschak ",,,,,,
"refer questions to: askbjs@ojp.usdoj.gov  (202) 307-0765",,,,,,
"date of version: 12/15/98",,,,,,
,,,,,,
"Table 2.  Inmates in custody of State and Federal prison authorities, by type of ",,,,,,
"HIV infection or confirmed AIDS, yearend 1996",,,,,,
,,,,,"Confirmed AIDS cases   ",
,"Cases of HIV or confirmed AIDS                                      ",,,,"as a percent of ",
,,"Asympto-","Sympto-","Confirmed","Total","Custody"
"Jurisdiction"," Total/a","matic/b","matic/c","AIDS","HIV cases","population"
"U.S. total",24881,15697,1959,5874,23.6,0.5
"Federal",947,549,45,353,37.3,0.4
"State",23934,15148,1914,5521,23.1,0.6
"Northeast",12090,9109,846,2135,17.7,1.3
"Connecticut",690,199,252,239,34.6,1.6
"Maine",4,4,0,0,"**",0
"Massachusetts",393,79,148,166,42.2,1.5
"New Hampshire",18,0,18,0,0,0
"New Jersey",705,445,"--",260,36.9,1.1
"New York",9500,8005,287,1208,12.7,1.7
"Pennsylvania",652,318,112,222,34.0,0.6
"Rhode Island",125,56,29,40,32.0,1.2
"Vermont",3,3,0,0,"**",0
"Midwest",1874,1017,83,584,31.2,0.3
"Illinois",634,394,42,198,31.2,0.5
"Indiana","--","--","--","--","--","--"
"Iowa",24,16,"--",8,33.3,0.1
"Kansas",16,9,"--",7,43.8,0.1
"Michigan",528,255,"--",273,51.7,0.6
"Minnesota",24,9,7,8,33.3,0.2
"Missouri",190,"--","--","--","--","--"
"Nebraska",17,9,4,4,23.5,0.1
"North Dakota",3,3,0,0,"**",0
"Ohio",343,279,"--",64,18.7,0.1
"South Dakota",4,0,0,4,"**",0.2
"Wisconsin",91,43,30,18,19.8,0.1
"South",8162,3960,820,2221,27.2,0.5
"Alabama",234,176,0,58,24.8,0.3
"Arkansas",77,20,37,20,26.0,0.2
"Delaware","--","--","--","--","--","--"
"District of Columbia","--","--","--","--","--","--"
"Florida",2152,1279,"--",873,40.6,1.4
"Georgiaa",814,"--","--","--","--","--"
"Kentucky",55,36,13,6,10.9,0.1
"Louisiana",347,"--","--","--","--","--"
"Maryland",832,521,37,274,32.9,1.3
"Mississippi",135,111,"--",24,17.8,0.2
"North Carolina",589,"--",390,199,33.8,0.7
"Oklahoma",108,99,"--",9,8.3,0.1
"South Carolina",422,309,"--",113,26.8,0.6
"Tennessee",131,"--",94,37,28.2,0.3
"Texas",1876,1128,249,499,26.6,0.4
"Virginiaa",383,275,0,108,28.2,0.4
"West Virginia",7,6,0,1,"**","+"
"West",1808,1062,165,581,32.1,0.3
"Alaska ",10,4,6,"--","**","--"
"Arizona",205,171,"--",34,16.6,0.2
"California",1136,585,122,429,37.8,0.3
"Colorado",94,77,"--",17,18.1,0.2
"Hawaii",23,17,4,2,8.7,0.1
"Idaho",17,13,0,4,23.5,0.1
"Montana",6,2,0,4,"**",0.3
"Nevada",133,94,"--",39,29.3,0.5
"New Mexico",11,9,0,2,18.2,"+"
"Oregon",39,23,12,4,10.3,"+"
"Utah",31,17,0,14,45.2,0.3
"Washington",99,46,21,32,32.3,0.3
"Wyoming",4,4,0,0,"**",0
"Note: Totals and percentages exclude inmates in jurisdictions that did not report   ",,,,,,
"data on type of HIV/AIDS infection.  The custody population includes only imnates ",,,,,,
"housed at the end of 1996.",,,,,,
"--Not Reported.",,,,,,
"** Not calculated for 10 or fewer cases.",,,,,,
"+Less than .05%.",,,,,,
"a Georgia and Virginia reported the total of HIV -positive cases but not the type",,,,,,
"of HIV infection.",,,,,,
"b Includes all inmates who had tested positive for the HIV antibody but had no",,,,,,
"HIV-related symptoms.",,,,,,
"c Includes inmates with symptoms of HIV infection but without a confirmed AIDS",,,,,,
"diagnosis.",,,,,,
