"Bureau of Justice Statistics",,,,,,
"filename: hivp9601.csv",,,,,,
"table #:  1",,,,,,
"report title: HIV in prisons and jails, 1996",,,,,,
"data source:  National Prisoner Statistics",,,,,,
"author:  Laura M. Maruschak ",,,,,,
"refer questions to: askbjs@ojp.usdoj.gov  (202) 307-0765",,,,,,
"date of version: 12/15/98",,,,,,
,,,,,,
"Table 1.  Inmates in custody of State or Federal prison authorities and",,,,,,
"known to be positive for the human immunodeficiency virus, 1994-1996",,,,,,
,,,,"HIV/AIDS cases as a percent",,
,"Total known to be HIV positive",,,"of total custody population/a",,
"Jurisdiction",1994,1995,1996,1994,1995,1996
"U.S. total/b",22747,24256,24881,2.4,2.3,2.3
"Federal",964,822,947,1.1,0.9,1.0
"State",21783,23434,23934,2.5,2.4,2.4
"Northeast",11001,12262,12090,7.4,7.8,7.5
"Connecticut",940,755,690,6.6,5.1,4.6
"Maine",8,4,4,0.5,0.3,0.3
"Massachusetts",388,409,393,3.4,3.9,3.6
"New Hampshire",26,31,18,1.3,1.5,0.9
"New Jersey",770,847,705,3.6,3.7,3.0
"New York",8295,9500,9500,12.4,13.9,13.6
"Pennsylvania",461,590,652,1.6,1.8,1.9
"Rhode Island",113,126,125,3.8,4.4,3.9
"Vermont",0,0,3,0,0,0.3
"Midwest",1750,1667,1874,1.1,0.9,1.0
"Illinois",600,583,634,1.6,1.5,1.6
"Indiana","--","--","--","--","--","--"
"Iowa",25,20,24,0.5,0.3,0.4
"Kansas",20,24,16,0.3,0.3,0.2
"Michigan",384,379,528,0.9,0.9,1.2
"Minnesota",35,46,24,0.8,1.0,0.5
"Missouri",146,173,190,0.8,0.9,0.9
"Nebraska",16,19,17,0.6,0.6,0.5
"North Dakota",3,2,3,0.5,0.3,0.4
"Ohio",454,346,343,1.1,0.8,0.7
"South Dakota",2,3,4,0.1,0.2,0.2
"Wisconsin",65,72,91,0.6,0.6,0.7
"South",7440,7870,8162,2.0,1.9,1.9
"Alabama",210,222,234,1.1,1.1,1.1
"Arkansas",81,83,77,1.0,1.0,0.9
"Delaware",34,122,"--",0.8,2.5,"--"
"District of Columbia","--","--","--","--","--","--"
"Florida",1986,2193,2152,3.5,3.4,3.4
"Georgia",884,858,814,2.6,2.4,2.3
"Kentucky",44,41,55,0.5,0.4,0.5
"Louisiana",285,314,347,1.8,1.8,2.0
"Maryland",774,724,832,3.7,3.4,3.8
"Mississippi",119,138,135,1.2,1.4,1.3
"North Carolina",521,526,589,2.2,1.9,2.0
"Oklahoma",102,115,108,0.8,0.8,0.7
"South Carolina",434,380,422,2.5,2.0,2.1
"Tennessee",89,120,131,0.7,0.9,1.0
"Texas",1584,1890,1876,1.6,1.5,1.4
"Virginia",285,134,383,1.4,0.6,1.5
"West Virginia",8,10,7,0.4,0.4,0.3
"West",1592,1635,1808,0.8,0.8,0.8
"Alaska ","--",5,10,"--",0.2,0.3
"Arizona",143,140,205,0.7,0.7,0.9
"California",1055,1042,1136,0.8,0.8,0.8
"Colorado",79,93,94,0.9,1.0,0.9
"Hawaii",14,12,23,0.5,0.4,0.7
"Idaho",20,11,17,0.8,0.4,0.5
"Montana",7,4,6,0.4,0.2,0.4
"Nevada",122,147,133,1.8,1.9,1.6
"New Mexico",19,24,11,0.5,0.6,0.2
"Oregon",24,29,39,0.3,0.4,0.5
"Utah",48,31,31,1.5,0.8,0.7
"Washington",55,92,99,0.5,0.8,0.8
"Wyoming",6,5,4,0.6,0.4,0.3
"--Not reported",,,,,,
"a The custody population includes only those inmates housed in a jurisdiction's",,,,,,
"facilities.",,,,,,
"b Totals exclude those inmates in jurisdictions that did not report data on",,,,,,
"HIV/AIDS",,,,,,
"May differ from previous reports.  Percents for all years are based on yearend",,,,,,
"custody counts.",,,,,,
