"Bureau of Justice Statistics",,,,
"filename:  hivp9603.csv",,,,
"table #:  3",,,,
"report title: HIV in prisons and jails, 1996",,,,
"data source:  National Prisoner Statistics",,,,
"author:  Laura M. Maruschak ",,,,
"refer questions to: askbjs@ojp.usdoj.gov  (202) 307-0765",,,,
"date of version: 12/15/98",,,,
,,,,
"Table 3.  State prison inmates known to be positive for the human",,,,
"immunodeficiency virus, by sex, yearend 1995.",,,,
,"Male HIV cases",,"Female HIV cases",
,,"Percent of ",,"Percent of "
,,"total custody",,"total custody"
"Jurisdiction","Number","population","Number","population"
"Total",21799,2.3,2135,3.5
"Northeast",10985,7.2,1105,13.0
"Connecticut",581,4.2,109,9.7
"Maine",4,0.3,0,0
"Massachusetts",327,3.2,66,9.1
"New Hampshire",15,0.8,3,2.1
"New Jersey",614,2.8,91,9.0
"New York",8736,13.2,764,20.5
"Pennsylvania",605,1.8,47,3.2
"Rhode Island",100,3.3,25,11.7
"Vermont",3,0.3,0,0
"Midwest",1741,1.0,133,1.3
"Illinois",583,1.6,51,2.3
"Indiana","--","--","--","--"
"Iowa",21,0.4,3,0.6
"Kansas",15,0.2,1,0.2
"Michigan",498,1.2,30,1.6
"Minnesota",23,0.5,1,0.4
"Missouri",178,0.9,12,0.8
"Nebraska",17,0.6,0,0
"North Dakota",2,0.3,1,1.8
"Ohio",317,0.7,26,0.9
"South Dakota",4,0.2,0,0
"Wisconsin",83,0.7,8,1.3
"South",7375,1.8,787,3.0
"Alabama",217,1.1,17,1.3
"Arkansas",72,0.9,5,0.9
"Delaware","--","--","--","--"
"District of Columbia","--","--","--","--"
"Florida",1929,3.2,223,6.8
"Georgia",734,2.2,80,3.6
"Kentucky",52,0.5,3,0.6
"Louisiana",329,1.9,18,2.3
"Maryland",763,3.7,69,6.6
"Mississippi",130,1.4,5,0.7
"North Carolina",517,1.9,72,4.0
"Oklahoma",98,0.7,10,0.8
"South Carolina",398,2.1,24,2.1
"Tennessee",129,1.0,2,0.5
"Texas",1645,1.3,231,2.3
"Virginia",355,1.5,28,2.1
"West Virginia",7,0.3,0,0
"West",1698,0.8,110,0.7
"Alaska",8,0.3,2,1.1
"Arizona",200,1.0,5,0.3
"California",1096,0.8,40,0.4
"Colorado",86,0.9,8,1.0
"Hawaii",23,0.8,0,0
"Idaho",15,0.5,2,0.9
"Montana",6,0.4,0,0
"Nevada",103,1.4,30,5.2
"New Mexico",10,0.2,1,0.3
"Oregon",35,0.4,4,0.7
"Utah",28,0.7,3,1.1
"Washington",85,0.7,14,1.5
"Wyoming",3,0.2,1,1.1
"Note:  Sex of inmates was not reported for 502 HIV cases.  Totals ",,,,
"exclude inmates in jurisdictions that did not report data on ",,,,
"HIV/AIDS or sex of inmates.",,,,
"-- Not Reported.",,,,
