"Bureau of Justice Statistics",,,,,
"filename:  hivp9605.csv",,,,,
"table #:  5",,,,,
"report title: HIV in prisons and jails, 1996",,,,,
"data source:  National Prisoner Statistics",,,,,
"author:  Laura M. Maruschak ",,,,,
"refer questions to: askbjs@ojp.usdoj.gov  (202) 307-0765",,,,,
"date of version: 12/15/98",,,,,
,,,,,
"Table 5.  AIDS-related deaths of sentenced prisoners under State ",,,,,
"jurisdiction, 1996",,,,,
,"Deaths from all causes",,,,
,"in State Prisons",,"AIDS-related deaths",,
,,"Rate per ",,"Rate per","As a "
,,100000,,100000,"percent of"
"Jurisdiction","Total","inmates/a","Total","inmates/a","all deaths/b"
"Total",3095,308,907,90,29.3
"Northeast",691,437,329,208,47.6
"Connecticut",49,327,32,213,65.3
"Maine",3,206,0,0,"**"
"Massachusetts",30,262,7,61,23.3
"New Hampshire",2,97,0,0,"**"
"New Jersey",142,554,74,289,52.1
"New York",330,482,182,266,55.2
"Pennsylvania",128,429,33,111,25.8
"Rhode Island",7,223,1,32,"**"
"Vermont",0,0,0,0,"**"
"Midwest",480,252,61,41,12.7
"Illinois",96,254,32,85,33.3
"Indiana",39,248,2,13,5.1
"Iowa",10,176,0,0,"**"
"Kansas",20,289,2,29,10.0
"Michigan",125,302,"--","--","--"
"Minnesota",10,210,1,21,"**"
"Missouri",37,195,0,0,0
"Nebraska",8,286,0,0,"**"
"North Dakota",0,0,0,0,"**"
"Ohio",117,269,20,46,17.1
"South Dakota",4,220,0,0,"**"
"Wisconsin",14,132,4,38,28.6
"South",1461,327,447,109,30.6
"Alabama",89,443,13,65,14.6
"Arkansas",23,253,2,22,8.7
"Delaware",20,430,0,0,0
"District of Columbia",29,277,"--","--","--"
"Florida",247,398,124,200,50.2
"Georgia",114,334,48,141,42.1
"Kentucky",30,251,1,8,3.3
"Louisiana",86,346,20,81,23.3
"Maryland",48,224,16,75,33.3
"Mississippi",32,257,5,40,15.6
"North Carolina",74,276,26,97,35.1
"Oklahoma",66,375,4,23,6.1
"South Carolina",76,390,27,139,35.5
"Tennessee",60,402,8,54,13.3
"Texas",377,297,122,96,32.4
"Virginia",84,308,31,114,36.9
"West Virginia",6,246,0,0,"**"
"West",463,220,70,33,15.1
"Alaska ",3,93,0,0,"**"
"Arizona",61,292,0,0,0
"California",253,192,49,37,19.4
"Colorado",22,205,0,0,0
"Hawaii",4,112,0,0,"**"
"Idaho",3,93,1,31,"**"
"Montana",5,264,0,0,"**"
"Nevada",35,467,8,107,22.9
"New Mexico",4,97,0,0,"**"
"Oregon",25,333,2,27,8.0
"Utah",7,214,1,31,"**"
"Washington",33,289,9,79,27.3
"Wyoming",8,612,0,0,"**"
"--Not Reported",,,,,
"**Not calculated for fewer than 10 deaths.",,,,,
"aBased on the number of inmates under State jurisdiction on June 30, 1995.",,,,,
"bNational and regional totals exclude inmates in jurisdictions that did not",,,,,
"report data on cause of death.",,,,,
