Bureau of Justice Statistics,,,,,,,,,,,,,,,,,,
Filename: fvs0205.csv,,,,,,,,,,,,,,,,,,
"Table 2.5: Medical care for family violence victims compared to nonfamily violence victims between 1998 and 2002, by relationship",,,,,,,,,,,,,,,,,,
Report title:  Family Violence Statistics: Including Statistics on Strangers and Acquaintances NCJ 207846,,,,,,,,,,,,,,,,,,
"Data source:  National Crime Victimization Survey, 1998 - 2002",,,,,,,,,,,,,,,,,,
"Authors:  Matthew R. Durose, Caroline Wolf Harlow, Ph.D., Patrick A. Langan, Ph.D., Mark Motivans, Ph.D., Ramona R. Rantala, Erica L. Schmitt",,,,,,,,,,,,,,,,,,
Refer questions to:  askbjs@usdoj.gov   202-307-0765,,,,,,,,,,,,,,,,,,
Date of version:  6/12/05,,,,,,,,,,,,,,,,,,

"Table 2.5: Medical care for family violence victims compared to nonfamily violence victims between 1998 and 2002, by relationship",,,,,,,,,,,,,,,,,,

,,,Percent of crimes in which the victim was the offender's �,,,,,,,,,,,,,,,
,,,Family member,,,,,,,,Nonfamily member,,,,,,,
Victim injury and medical care,All non-fatal violent crimes,,Total,,Spouse,,Son or daughter,,Other family,,Total,,Boyfriend or girlfriend,,Friend or acquaintance,,Stranger,

All offenses,100,%,100,%,100,%,100,%,100,%,100,%,100,%,100,%,100,%

Victim was injured,28.6,%,39.3,%,41.5,%,51.9,%,33.5,%,27.3,%,52.6,%,28.7,%,22.7,%
Medical care received,11.7,,16.5,,18.1,,19.1,,13.8,,11.1,,18.7,,10.3,,10.6,
No medical care,16.9,,22.8,,23.4,,32.8,,19.6,,16.2,,33.8,,18.4,,12.1,

No injuries,71.4,%,60.7,%,58.5,%,48.1,%,66.5,%,72.7,%,47.4,%,71.3,%,77.3,%

Total offenses,"32,116,920",,"3,534,150",,"1,729,360",,"369,220",,"1,435,570",,"28,582,770",,"2,034,160",,"11,753,660",,"14,794,960",

"Note: Data identifying the victim's relationship to the offender were reported for 95.9% of 33,501,120 nonfatal violent crimes.   Of these 32,116,920 crimes with known relationships, victim injury was reported for 99.9%. Of injured victims, data on medical  care was reported for all. ""Victim was injured"" includes all victims of rape and sexual assault. Detail may not add to total because of rounding. ",,,,,,,,,,,,,,,,,,
"Source: BJS, 1998 � 2002 National Crime Victimization Survey.",,,,,,,,,,,,,,,,,,
