Bureau of Justice Statistics,,
Filename: fvs02t3.csv,,
Text Table 3: Drug or alcohol use by offender during family violence incidents,,
Report title:  Family Violence Statistics: Including Statistics on Strangers and Acquaintances NCJ 207846,,
"Data source:  National Crime Victimization Survey, 1998 - 2002",,
"Authors:  Matthew R. Durose, Caroline Wolf Harlow, Ph.D., Patrick A. Langan, Ph.D., Mark Motivans, Ph.D., Ramona R. Rantala, Erica L. Schmitt",,
Refer questions to:  askbjs@usdoj.gov   202-307-0765,,
Date of version:  6/12/05,,

Text Table 3: Drug or alcohol use by offender during family violence incidents,,

Drug or alcohol use by offender during family violence incidents,Percent,

Family violence,100,%
,,
Drugs or alcohol,47.8,%
None,52.2

Total offenses,"2,846,000"
