Bureau of Justice Statistics,,,,,,,,,,,,,,,,,,
Filename: fvs0206.csv,,,,,,,,,,,,,,,,,,
"Table 2.6: Demographic characteristics of family violence offenders compared to nonfamily violence offenders between 1998 and 2002, by relationship",,,,,,,,,,,,,,,,,,
Report title:  Family Violence Statistics: Including Statistics on Strangers and Acquaintances NCJ 207846,,,,,,,,,,,,,,,,,,
"Data source:  National Crime Victimization Survey, 1998 - 2002",,,,,,,,,,,,,,,,,,
"Authors:  Matthew R. Durose, Caroline Wolf Harlow, Ph.D., Patrick A. Langan, Ph.D., Mark Motivans, Ph.D., Ramona R. Rantala, Erica L. Schmitt",,,,,,,,,,,,,,,,,,
Refer questions to:  askbjs@usdoj.gov   202-307-0765,,,,,,,,,,,,,,,,,,
Date of version:  6/12/05,,,,,,,,,,,,,,,,,,

"Table 2.6: Demographic characteristics of family violence offenders compared to nonfamily violence offenders between 1998 and 2002, by relationship",,,,,,,,,,,,,,,,,,

,,,Percent of crimes in which the victim was the offender's �,,,,,,,,,,,,,,,
,,,Family member,,,,,,,,Nonfamily member,,,,,,,
Offender characteristic,All non-fatal violent crimes,,Total,,Spouse,,Son or daughter,,Other family,,Total,,Boyfriend or girlfriend,,Friend or acquaintance,,Stranger,

All offenses,100,%,100,%,100,%,100,%,100,%,100,%,100,%,100,%,100,%

Gender,,,,,,,,,,,,,,,,,,
Male,79.9,%,75.6,%,86.1,%,68.2,%,64.9,%,80.4,%,82.4,%,73.1,%,86,%
Female,17,,22.6,,13,,29.6,,32.4,,16.4,,15.6,,24,,10.4,
Both,3.1,,1.8,,0.9,,2.2,,2.6,,3.2,,2,,2.9,,3.6,

Race,,,,,,,,,,,,,,,,,,
White,62,%,78.5,%,82.5,%,82,%,72.8,%,59.9,%,67.5,%,67,%,53.1,%
Black,25,,15,,12,,14,,19,,26,,22,,21,,30,
Other/a,13.4,,6.6,,6,,3.8,,8,,14.3,,10.9,,11.9,,16.7,

Age,,,,,,,,,,,,,,,,,,
Under 18,22.4,%,10.7,%,0.8,%*,2.2,%*,25.2,%,23.8,%,5.8,%,36.2,%,16.2,%
18 - 29,34.3,,25.5,,25.5,,2.5,,31.5,,35.4,,56.2,,26.3,,39.9,
30 or older,34.2,,62.4,,73,,93.9,,40.9,,30.7,,36.6,,30,,30.4,
Mixed age group,9.1,,1.4,,0.6,*,1.4,*,2.4,,10.1,,1.4,*,7.5,,13.5,

Total offenses,"32,116,920",,"3,534,150",,"1,729,360",,"369,220",,"1,435,570",,"28,582,770",,"2,034,160",,"11,753,660",,"14,794,960",

Percent of all offenses,100,%,11,%,5.4,%,1.1,%,4.5,%,89,%,6.3,%,36.6,%,46.1,%

"Note: Data identifying the victim's relationship to the offender were reported for 95.9% of 33,501,120 nonfatal violent crimes.   Of these 32,116,920 crimes with known relationships, offender gender was reported for 99.2%; race for 97.6%; age for 95.3%.   Detail may not add to total because of rounding. ",,,,,,,,,,,,,,,,,,
*Estimate based on 10 or fewer sample cases. ,,,,,,,,,,,,,,,,,,
a/Includes 2.8% of violent victimizations involving multiple offenders of mixed races. ,,,,,,,,,,,,,,,,,,
"Source: BJS, 1998 � 2002 National Crime Victimization Survey. ",,,,,,,,,,,,,,,,,,
