Bureau of Justice Statistics,,,,,,,,,,,,,,,,,,
Filename: fvs0208.csv,,,,,,,,,,,,,,,,,,
"Table 2.8: Offender drug or alcohol use in family violence compared to nonfamily violence between 1998 and 2002, by relationship",,,,,,,,,,,,,,,,,,
Report title:  Family Violence Statistics: Including Statistics on Strangers and Acquaintances NCJ 207846,,,,,,,,,,,,,,,,,,
"Data source:  National Crime Victimization Survey, 1998 - 2002",,,,,,,,,,,,,,,,,,
"Authors:  Matthew R. Durose, Caroline Wolf Harlow, Ph.D., Patrick A. Langan, Ph.D., Mark Motivans, Ph.D., Ramona R. Rantala, Erica L. Schmitt",,,,,,,,,,,,,,,,,,
Refer questions to:  askbjs@usdoj.gov   202-307-0765,,,,,,,,,,,,,,,,,,
Date of version:  6/12/05,,,,,,,,,,,,,,,,,,

"Table 2.8: Offender drug or alcohol use in family violence compared to nonfamily violence between 1998 and 2002, by relationship",,,,,,,,,,,,,,,,,,
,,,Percent of crimes in which the victim was the offender's �,,,,,,,,,,,,,,,
,,,Family member,,,,,,,,Nonfamily member,,,,,,,
Drug or alcohol use by offender,All non-fatal violent crimes,,Total,,Spouse,,Son or daughter,,Other family,,Total,,Boyfriend or girlfriend,,Friend or acquaintance,,Stranger,

All offenses,100,%,100,%,100,%,100,%,100,%,100,%,100,%,100,%,100,%

Drugs or alcohol,30,%,38.5,%,41.8,%,35.3,%,35.4,%,28.9,%,41.4,%,26.3,%,29.3,%
None,29.2,,42,,39,,46,,44.6,,27.6,,36.8,,39.8,,16.7,
Do not know,40.8,,19.5,,19.3,,18.6,,20,,43.4,,21.8,,33.9,,53.9,

Total offenses,"32,116,920",,"3,534,150",,"1,729,360",,"369,220",,"1,435,570",,"28,582,770",,"2,034,160",,"11,753,660",,"14,794,960",

"Note: Data identifying the victim's relationship to the offender were reported for 95.9% of 33,501,120 nonfatal violent crimes.   Of these 32,116,920 crimes with known relationships, offender drug or alcohol use was reported for 99.7%.   Detail may not add to total because of rounding. ",,,,,,,,,,,,,,,,,,
"Source: BJS, 1998 � 2002 National Crime Victimization Survey.",,,,,,,,,,,,,,,,,,
