"Bureau of Justice Statistics",,,,,,,,,,,,,,
"filename:wuvc01t04.csv",,,,,,,,,,,,,,
"Table 4. Race and ethnicity of victims of violent crime, by type of weapon, 1993-2001",,,,,,,,,,,,,,
"report title: Weapon Use and Violent Crime, 1993-2001, NCJ 194820",,,,,,,,,,,,,,
"data source: National Crime Victimization Survey",,,,,,,,,,,,,,
"authors: Craig Perkins, BJS Statistician",,,,,,,,,,,,,,
"refer questions to: askbjs@ojp.usdoj.gov (202)307-0765",,,,,,,,,,,,,,
"date of version: 09/24/03",,,,,,,,,,,,,,
,,,,,,,,,,,,,,
"Table 4. Race and ethnicity of victims of violent crime, by type of weapon, 1993-2001",,,,,,,,,,,,,,
,,,,,"Nonlethal violent victimization",,,,,,,,,
"Race/ethnicity of victim of violence","All",,"No weapons",,"Any weapon",,"  Firearm",,"Sharp object",,"Blunt object/other/a",,"Do not know/b",
,,,,,,,,,,,,,,
"Percent",,,,,,,,,,,,,,
"White",100,"%",69.4,"%",22.7,"%",7.3,"%",5.7,"%",9.8,"%",7.9,"%"
"Black",100,,54.2,,36.1,,17.2,,8.4,,10.5,,9.7,
"American Indian",100,,66.8,,26.1,,8.0,,5.0,,13.1,,7.1,
"Asian",100,,58.1,,31.2,,13.3,,8.1,,9.8,,10.7,
"Hispanic",100,,59.3,,33.0,,14.0,,8.5,,10.4,,7.8,
,,,,,,,,,,,,,,
,,,"Violent victimizations per 1,000 persons age 12 or older",,,,,,,,,,,
"Rate",,,,,,,,,,,,,,
"White",39.2,,27.2,,8.9,,2.8,,2.2,,3.8,,3.1,
"Black",48.9,,26.5,,17.6,,8.4,,4.1,,5.1,,4.7,
"American Indian",97.2,,65.0,,25.3,,7.7,,4.9,,12.7,,6.9,
"Asian",20.7,,12.0,,6.5,,2.7,,1.7,,2.0,,2.2,
"Hispanic",42.9,,25.4,,14.2,,6.0,,3.7,,4.5,,3.3,
,,,,,,,,,,,,,,
"a/""Other"" includes ropes, chains, poison, and unspecified objects used as weapons.",,,,,,,,,,,,,,
"b/Victim did not know whether the offender possessed a weapon.",,,,,,,,,,,,,,
