"Bureau of Justice Statistics",,,,
"filename:wuvc01t10.csv",,,,
"Table 10.  Homicides of persons age 12 or older, by weapon type, 1993-2001",,,,
"report title: Weapon Use and Violent Crime, 1993-2001, NCJ 194820",,,,
"data source: National Crime Victimization Survey",,,,
"authors: Craig Perkins, BJS Statistician",,,,
"refer questions to: askbjs@ojp.usdoj.gov (202)307-0765",,,,
"date of version: 09/24/03",,,,
,,,,
"Table 10.  Homicides of persons age 12 or older, by weapon type, 1993-2001",,,,
,"Homicide of persons age 12 or older",,,
"Type of weapon","Average annual number","Percent",,"Rates per 100,000 persons"
,,,,
"  Total",17822,100,"%",8.1
,,,,
"All weapon",16207,90.9,,7.3
"  Firearms",12486,70.1,,5.7
"    Handgun",10058,56.4,,4.6
"    Shotgun",771,4.3,,0.3
"    Rifle",611,3.4,,0.3
"    Other gun",44,0.2,,0.0
"    Unknown type",1002,5.6,,0.5
"  Knife/sharp object",2406,13.5,,1.1
"  Blunt object",823,4.6,,0.4
"  Other weapon",492,2.8,,0.2
"No weapon/a",767,4.3,,0.3
"Do not know/b",847,4.8,,0.4
,,,,
"Note:  Detail may not add to subtotals because of rounding.  The homicides that occurred in the events of September 11, 2001, were not included.",,,,
"a/Includes hands and feet.",,,,
"b/The police record did not contain information on the type of weapon used in the homicide.",,,,
