"Bureau of Justice Statistics",,,,,,
"filename: wuvc01tt15.csv",,,,,,
"Text Table 15.  Type of weapon by population and race of homicide victim, 1993-2001",,,,,,
"report title: Weapon Use and Violent Crime, 1993-01, NCJ 194820",,,,,,
"data source: National Crime Victimization Survey",,,,,,
"authors: Craig Perkins, BJS Statistician",,,,,,
"refer questions to: askbjs@ojp.usdoj.gov (202)307-0765",,,,,,
"date of version: 08/06/03",,,,,,
,,,,,,
"Text Table 15.  Type of weapon by population and race of homicide victim, 1993-2001",,,,,,
,,,"Homicides",,,
"Race of victim","Population",,"All",,"Firearm",
,,,,,,
"  Total",100,"%",100,"%",100,"%"
"White",84,,48,,44,
"Black",12,,49,,54,
"Other",4,,3,,2,
,,,,,,
"Note: Excludes homicides that had unknown race of victim or unknown means of homicide.",,,,,,
