"Bureau of Justice Statistics",,,,,,,,,,
"filename:wuvc01t12.csv",,,,,,,,,,
"Table 12. Mean age of homicide victims age 12 or older, by race and type of weapon, 1993-2001",,,,,,,,,,
"report title: Weapon Use and Violent Crime, 1993-2001, NCJ 194820",,,,,,,,,,
"data source: National Crime Victimization Survey",,,,,,,,,,
"authors: Craig Perkins, BJS Statistician",,,,,,,,,,
"refer questions to: askbjs@ojp.usdoj.gov (202)307-0765",,,,,,,,,,
"date of version: 09/24/03",,,,,,,,,,
,,,,,,,,,,
"Table 12. Mean age of homicide victims age 12 or older, by race and type of weapon, 1993-2001",,,,,,,,,,
,,,"Mean age of homicide victims",,,,,,,
"Race of victim","General population age 12 or older",,"All homicides",,"Firearm",,"Sharp object",,"Blunt object/other",
,,,,,,,,,,
"  Overall",41,"yr",33,"yr",31,"yr",37,"yr",43,"yr"
"White",42,,36,,33,,38,,44,
"Black",38,,31,,28,,36,,42,
