"Bureau of Justice Statistics",,,,,,
"filename: wuvc01tt8.csv",,,,,,
"Text Table 8.  Percentages for population, all weapons, and firearms, by age of victim, 1993-2001",,,,,,
"report title: Weapon Use and Violent Crime, 1993-2001, NCJ 194820",,,,,,
"data source: National Crime Victimization Survey",,,,,,
"authors: Craig Perkins, BJS Statistician",,,,,,
"refer questions to: askbjs@ojp.usdoj.gov (202)307-0765",,,,,,
"date of version: 08/05/03",,,,,,
,,,,,,
"Text Table 8.  Percentages for population, all weapons, and firearms, by age of victim, 1993-2001",,,,,,
"Age of victim","Population",,"All weapons",,"  Firearm",
,,,,,,
"  Total",100,"%",100,"%",100,"%"
"12 to 14",5,,8,,3,
"15 to 17",5,,11,,11,
"18 to 20",5,,14,,16,
"21 to 24",7,,13,,14,
"25 to 34",18,,23,,24,
"35 to 49",28,,22,,24,
"50 to 64",17,,6,,6,
"65 or older",15,,2,,2,
,,,,,,
"Note: Detail may not add to totals because of rounding.",,,,,,
