"Bureau of Justice Statistics",,,,,,
"filename: wuvc01tt13.csv",,,,,,
"Text Table 13.  Victim-offender relationship by type of weapon, 1993-2001",,,,,,
"report title: Weapon Use and Violent Crime, 1993-01, NCJ 194820",,,,,,
"data source: National Crime Victimization Survey",,,,,,
"authors: Craig Perkins, BJS Statistician",,,,,,
"refer questions to: askbjs@ojp.usdoj.gov (202)307-0765",,,,,,
"date of version: 08/06/03",,,,,,
,,,,,,
"Text Table 13.  Victim-offender relationship by type of weapon, 1993-2001",,,,,,
,"Victim/offender relationship",,,,,
"Type of weapon","Intimates",,"Known non-intimate",," Stranger",
,,,,,,
"  Total",100,"%",100,"%",100,"%"
,,,,,,
"No weapon",80,,75,,56,
"Any weapon",16,,20,,33,
"  Firearm",5,,5,,14,
"  Knife/sharp object",4,,6,,7,
"  Blunt object/other/a",7,,9,,11,
"Do not know /b",4,,5,,11,
,,,,,,
"Note: Detail may not add to totals because of rounding.",,,,,,
"a/Blunt objects as well as other objects such as ropes, chains, poison, and unspecified objects.",,,,,,
"b/Victim did not know whether the offender possessed a weapon.",,,,,,
