"Bureau of Justice Statistics",,
"filename: wuvc01bt2.csv",,
"Text box 2.  Percentages for violent school crime by type of weapon, 1993-2001",,
"report title: Weapon Use and Violent Crime, 1993-01, NCJ 194820",,
"data source: National Crime Victimization Survey",,
"authors: Craig Perkins, BJS Statistician",,
"refer questions to: askbjs@ojp.usdoj.gov (202)307-0765",,
"date of version: 09/24/03",,
,,
"Text box 2.  Percentages for violent school crime by type of weapon, 1993-2001",,
"Type of weapon","Violent school crime",
,,
"All victims",100,"%"
"  No weapon",88,
"  Any weapon",8,
"    Firearm",1,
"    Sharp object",3,
"    Blunt object/other/a",4,
"  Do not know/b",4,
,,
"Annual average",703810,
,,
"a/""Other"" includes ropes, chains, poison, and unspecified objects used as weapons.",,
"b/Victim did not know whether the offender possessed a weapon.",,
