"Bureau of Justice Statistics",,,,
"filename: wuvc01bt1.csv",,,,
"Text box 1.  Murders of persons younger than age 12, by type of weapon, 1993-2001",,,,
"report title: Weapon Use and Violent Crime, 1993-01, NCJ 194820",,,,
"data source: National Crime Victimization Survey",,,,
"authors: Craig Perkins, BJS Statistician",,,,
"refer questions to: askbjs@ojp.usdoj.gov (202)307-0765",,,,
"date of version: 09/24/03",,,,
,,,,
"Text box 1.  Murders of persons younger than age 12, by type of weapon, 1993-2001",,,,
,,,,
,"Murders of persons younger than 12, 1993-2001",,,
"Type of weapon","Average annual number","Percent",,"Rate per 100,000 persons under age 12"
,,,,
"Total",881,100,"%",1.9
,,,,
"Any weapon",356,40.5,,0.8
"  Firearm",141,16.0,,0.3
"  Knife/sharp object",40,4.6,,0.1
"  Blunt object",56,6.3,,0.1
"  Other weapon",120,13.6,,0.3
"No weapon*",399,45.3,,0.9
"Missing data",126,14.3,,0.3
,,,,
"Note: Detail may not add to total because of rounding.",,,,
"*Includes hands/fists and feet.",,,,
