"Bureau of Justice Statistics",,,,,,,,,,,,,,
"filename:wuvc01t07.csv",,,,,,,,,,,,,,
"Table 7. Annual household income, by type of weapon, 1993-2001",,,,,,,,,,,,,,
"report title: Weapon Use and Violent Crime, 1993-2001, NCJ 194820",,,,,,,,,,,,,,
"data source: National Crime Victimization Survey",,,,,,,,,,,,,,
"authors: Craig Perkins, BJS Statistician",,,,,,,,,,,,,,
"refer questions to: askbjs@ojp.usdoj.gov (202)307-0765",,,,,,,,,,,,,,
"date of version: 09/24/03",,,,,,,,,,,,,,
,,,,,,,,,,,,,,
"Table 7. Annual household income, by type of weapon, 1993-2001",,,,,,,,,,,,,,
,,,,,,,"Type of weapon",,,,,,,
"Annual household income of victims of violent crime","All crime",,"No weapon",,"Any",,"  Firearm",,"Sharp object",,"Blunt object/other/a",,"Do not know/b",
,,,,,,,,,,,,,,
"Percent",,,,,,,,,,,,,,
"Less than  $7,500",100,"%",60.7,"%",31.0,"%",11.2,"%",8.8,"%",11.0,"%",8.3,"%"
"$7,500 to $24,999",100,,63.7,,28.3,,11.1,,6.7,,10.5,,7.9,
"$25,000 to $49,999",100,,68.6,,23.8,,8.4,,5.8,,9.7,,7.6,
"$50,000 or more",100,,69.7,,22.2,,7.4,,5.5,,9.4,,8.1,
,,,,,,,,,,,,,,
"Rates/c",,,,,,,,,,,,,,
"Less than  $7,500",74.7,,45.3,,23.1,,8.4,,6.6,,8.2,,6.2,
"$7,500 to $24,999",47.5,,30.3,,13.5,,5.3,,3.2,,5.0,,3.8,
"$25,000 to $49,999",41.0,,28.1,,9.8,,3.4,,2.4,,4.0,,3.1,
"$50,000 or more",32.9,,23.0,,7.3,,2.4,,1.8,,3.1,,2.7,
,,,,,,,,,,,,,,
"Note:  Detail may not add to totals because of rounding.",,,,,,,,,,,,,,
"a/""Other"" includes ropes, chains, poison, and unspecified objects used as weapons.",,,,,,,,,,,,,,
"b/Victim did not know if the offender possessed a weapon.",,,,,,,,,,,,,,
"c/Rates of victimization per 1,000 persons age or older.",,,,,,,,,,,,,,
