"Bureau of Justice Statistics",,
"filename: wuvc01bt6.csv",,
"Text box 6.  All victim's response to violent crime, 1993-2001",,
"report title: Weapon Use and Violent Crime, 1993-01, NCJ 194820",,
"data source: National Crime Victimization Survey",,
"authors: Craig Perkins, BJS Statistician",,
"refer questions to: askbjs@ojp.usdoj.gov (202)307-0765",,
"date of version: 09/24/03",,
,,
"Text box 6.  All victims' responses to violent crime, 1993-2001",,
"All victims' responses to violent crime",100,"%"
,,
"Offered no resistance",39.3,
"Took some action",60.5,
"  Used physical force toward offender",13.0,
"      Attacked/threatened offender without a weapon",10.8,
"      Attacked/threatened offender with a gun",0.7,
"      Attacked/threatened offender with other weapon",1.4,
"  Resisted or captured offender",15.0,
"  Scared or warned off offender",4.2,
"  Persuaded or appeased offender",5.5,
"  Escaped/ hid/ or got away",9.8,
"  Got help or gave alarm",3.9,
"  Reacted to pain or emotion",0.3,
"  Other",8.9,
"Method of resistance unknown",0.2,
,,
"Note: Detail may not add to total because of rounding.",,
