"Bureau of Justice Statistics",
"filename:wuvc01f1.csv",
"Figure 1. For each age category, blacks and Hispanics had higher rates of violence than whites -- involving a weapon and involving a firearm",
"report title: Weapon Use and Violent Crime, 1993-2001, NCJ 194820",
"data source: National Crime Victimization Survey",
"authors: Craig Perkins, BJS Statistician",
"refer questions to: askbjs@ojp.usdoj.gov (202)307-0765",
"date of version: 09/24/03",
,
"Figure 1. For each age category, blacks and Hispanics had higher rates of violence than whites -- involving a weapon and involving a firearm",
"Age of victim","All weapon violence"
,"Rate of violent victimization with weapons per 1,000 persons."
"12 to 14",
"White",15.4
"Black",20.0
"Hispanic",19.0
"15 to 17",
"White",18.8
"Black",33.7
"Hispanic",31.7
"18 to 20",
"White",25.1
"Black",42.7
"Hispanic",32.5
"21 to 24",
"White",18.6
"Black",30.4
"Hispanic",20.5
"25 or older",
"White",6.3
"Black",12.4
"Hispanic",8.6
