Bureau of Justice Statistics,,,,,,
Filename:  fjs10st401.csv,,,,,,
"Table 4.1. Defendants in criminal cases commenced, by offense, October 1, 2009�September 30, 2010",,,,,,
"Report title: Federal Justice Statistics, 2010 - Statistical Tables NCJ # 239914",,,,,,
Data source:  Federal Justice Statistics Program  ,,,,,,
Author:  Urban Institute under the supervision of BJS,,,,,,
Refer questions to:  askbjs@usdoj.gov  202-307-0765,,,,,,
Date of version: 12/30/13,,,,,,
,,,,,,
"Table 4.1. Defendants in criminal cases commenced, by offense, October 1, 2009�September 30, 2010",,,,,,
,,,,,,
Most serious offense charged,,,,Number,Percent,
,All offenses,,,"99,921",100,%
Felonies,,,,"87,482",87.8,%
,Violent offenses,,,"2,722",2.7,
,,Murder,,149,0.1,
,,Assault,,663,0.7,
,,Robbery,,"1,084",1.1,
,,Sexual abuse,,685,0.7,
,,Kidnapping,,120,0.1,
,,Threats against the President,,21,--,
,Property offenses,,,"13,681",13.7,
,,Fraudulent,,"11,881",11.9,
,,,Embezzlement,555,0.6,
,,,Fraud,"10,264",10.3,
,,,Forgery,26,--,
,,,Counterfeiting,"1,036",1,
,,Other,,"1,800",1.8,
,,,Burglary,61,0.1,
,,,Larceny,"1,224",1.2,
,,,Motor vehicle theft,30,--,
,,,Arson and explosives,238,0.2,
,,,Transportation of stolen property,152,0.2,
,,,Other property offenses,95,0.1,
,Drug offenses,,,"27,801",27.9,
,,Trafficking,,"27,729",27.8,
,,Possession and other drug offenses,,72,0.1,
,Public-order offenses,,,"6,662",6.7,
,,Regulatory,,"1,042",1,
,,,Agriculture,3,--,
,,,Antitrust,36,--,
,,,Food and drug,19,--,
,,,Transportation,151,0.2,
,,,Civil rights,80,0.1,
,,,Communications,73,0.1,
,,,Custom laws,103,0.1,
,,,Postal laws,26,--,
,,,Regulatory offenses,551,0.6,
,,Other,,"5,620",6,
,,,Tax law violations,549,0.6,
,,,Bribery,153,0.2,
,,,"Perjury, contempt, and intimidation",345,0.3,
,,,National defense,125,0.1,
,,,Escape,534,0.5,
,,,Racketeering and extortion,"1,726",1.7,
,,,Gambling,66,0.1,
,,,Nonviolent sex offenses,"1,838",1.8,
,,,Obscene material,4,--,
,,,Traffic offenses,24,--,
,,,Wildlife,65,0.1,
,,,Environmental,50,0.1,
,,,All other felonies,141,0.1,
,Weapon offenses,,,"7,929",8,
,Immigration offenses,,,"28,687",28.8,
Misdemeanors,,,,"12,105",12.2,%
,Fraudulent property offenses,,,"2,279",2.3,
,Larceny,,,"1,274",1.3,
,Drug possession,,,"1,692",1.7,
,Immigration,,,329,0.3,
,Traffic offenses,,,"4,353",4.4,
,Other misdemeanors,,,"2,178",2.2,
,Unknown or indeterminable offenses,,,334,--,
"Note: In this table, murder includes nonnegligent manslaughter; sexual abuse includes only violent sex offenses; fraud excludes tax fraud; larceny excludes transportation of stolen property; other property offenses excludes fraudulent property offenses and includes destruction of property and trespassing; tax law violations includes tax fraud; obscene material denotes the mail or transport thereof; all other felonies includes felonies with unclassifiable offense type; misdemeanors includes misdemeanors, petty offenses, and unknown offense levels; and drug possession also includes other drug misdemeanors. ",,,,,,
--Less than 0.05%.,,,,,,
"Source: Administrative Office of the U.S. Courts, criminal master file, FY 2010.",,,,,,
