Bureau of Justice Statistics,,,,,,,,,
Filename:  fjs10st601.csv,,,,,,,,,
"Table 6.1. Criminal appeals terminated, by type of criminal case and offense, October 1, 2009�September 30, 2010",,,,,,,,,
"Report title: Federal Justice Statistics, 2010 - Statistical Tables NCJ # 239914",,,,,,,,,
Data source:  Federal Justice Statistics Program  ,,,,,,,,,
Author:  Urban Institute under the supervision of BJS,,,,,,,,,
Refer questions to:  askbjs@usdoj.gov  202-307-0765,,,,,,,,,
Date of version: 12/30/13,,,,,,,,,
,,,,,,,,,
"Table 6.1. Criminal appeals terminated, by type of criminal case and offense, October 1, 2009�September 30, 2010",,,,,,,,,
,,,,,,,,,
,,,,,Number of criminal appeals terminated,,,,
Offense of conviction,,,Total,Pre-guideline,Total,Conviction only,Sentence only,Sentence and conviction,Other
,All offenses*,,"13,512","1,447","12,065",759,"3,298","7,483",525
Violent offenses,,,690,65,625,52,117,422,34
,Murder,,55,7,48,8,12,26,2
,Negligent manslaughter,,1,0,1,0,0,1,0
,Assault,,138,19,119,8,14,86,11
,Robbery,,300,24,276,23,61,177,15
,Sexual abuse,,151,9,142,10,22,107,3
,Kidnapping,,40,4,36,3,7,24,2
,Threats against the President,,5,2,3,0,1,1,1
Property offenses,,,"1,496",180,"1,316",96,329,834,57
,Fraudulent,,"1,353",159,"1,194",89,298,758,49
,,Embezzlement,45,3,42,3,7,30,2
,,Fraud,"1,225",145,"1,080",79,272,683,46
,,Forgery,10,3,7,0,2,5,0
,,Counterfeiting,73,8,65,7,17,40,1
,Other,,143,21,122,7,31,76,8
,,Burglary,3,0,3,0,1,2,0
,,Larceny,72,15,57,2,11,40,4
,,Motor vehicle theft,3,0,3,1,1,1,0
,,Arson and explosives,34,5,29,2,9,18,0
,,Transportation of stolen property,24,0,24,2,7,11,4
,,Other property offenses,7,1,6,0,2,4,0
Drug offenses,,,"5,560",693,"4,867",287,"1,683","2,721",176
Public-order offenses,,,"1,488",200,"1,288",104,261,833,90
,Regulatory,,101,11,90,12,15,52,11
,,Antitrust,2,0,2,0,1,0,1
,,Food and drug,2,0,2,0,0,2,0
,,Transportation,16,0,16,4,3,8,1
,,Civil rights,31,5,26,3,3,16,4
,,Communications,3,1,2,1,0,1,0
,,Custom laws,7,1,6,0,0,6,0
,,Other regulatory offenses,40,4,36,4,8,19,5
,Other,,"1,387",189,"1,198",92,246,781,79
,,Tax law violations,105,17,88,4,12,64,8
,,Bribery,28,1,27,1,5,21,0
,,"Perjury, contempt, and intimidation",100,26,74,11,9,44,10
,,National defense,14,2,12,0,2,9,1
,,Escape,54,5,49,2,11,36,0
,,Racketeering and extortion,538,105,433,32,91,276,34
,,Gambling,12,1,11,0,1,7,3
,,Liquor offenses,1,0,1,0,0,1,0
,,Nonviolent sex offenses,480,25,455,35,103,296,21
,,Obscene material,3,0,3,0,0,2,1
,,Traffic offenses,7,0,7,1,2,4,0
,,Wildlife,11,3,8,3,1,4,0
,,Environmental,3,2,1,0,0,1,0
,,All other offenses,31,2,29,3,9,16,1
Weapon offenses,,,"1,889",184,"1,705",157,405,"1,034",109
Immigration offenses,,,"1,693",35,"1,658",38,287,"1,321",12
"Note: In this table, murder includes nonnegligent manslaughter; sexual abuse includes only violent sex offenses; fraud excludes tax fraud; larceny excludes transportation of stolen property; other property offenses excludes fraudulent property offenses and includes destruction of property and trespassing; tax law violations includes tax fraud; and all other offenses includes offenses with unclassifiable offense type.",,,,,,,,,
*Total includes 696 appeals terminated for which an offense category could not be determined.,,,,,,,,,
"Source: Administrative Office of the U.S. Courts, Court of Appeals, FY 2010.",,,,,,,,,
