Bureau of Justice Statistics,,,,,,,,,
Filename:  ctvlc0104.csv,,,,,,,,,
"Report title:  Contract Trials and Verdicts in Large Counties, 2001   NCJ 207388",,,,,,,,,
"Data source:  Civil Justice Survey of State Courts, 2001",,,,,,,,,
Author (s):  Thomas H. Cohen,,,,,,,,,
Refer questions to:   askbjs@usdoj.gov   202-307-0765,,,,,,,,,
"Date of version:  February  1, 2005",,,,,,,,,

"Table 4. Contract trial plaintiff winners in State courts in the Nation's 75 largest counties, 2001",,,,,,,,,

,All contract trials/a,,,Jury trials/b,,,Bench trials,,
Case type,Number,Plaintiff winners/c,,Number,Plaintiff winners/c,,Number,Plaintiff winners/c,

Contract cases,"3,625",64.8,%,"1,528",61.6,%,"2,037",67.8,%

Fraud,602,58.3,%,273,61.5,%,314,56.7,%
Seller plaintiff,"1,196",76.8,,271,70.1,,913,78.9
Buyer plaintiff,779,61.5,,452,62.6,,320,60.9
Mortgage foreclosure,22,72.7,, --, --,,22,72.7
Employment discrimination,160,43.8,,138,45.7,,17,41.2
Other employment dispute,282,55.7,,163,63.2,,108,47.2
Rental/lease,276,64.9,,63,63.5,,212,65.6
Tortious interference,133,57.9,,71,57.7,,58,56.9
Partnership dispute,41,46.3,,22,68.2,,18,16.7
Subrogation,61,67.2,,40,50,,19,100
Other or unknown contract,73,56.2,,35,54.3,,36,55.6
Note: Data on plaintiff award winners were available for 99.9% of all contract trials.  Detail may not sum to total because of rounding.  ,,,,,,,,
 -- No cases recorded.,,,,,,,,
"a/Includes bench and jury trials, trials with a directed verdict, judgments notwithstanding the verdict, and jury trials for defaulted defendants.",,,,,,,,
"b/Does not include jury trials that involved trials with a directed verdict, judgments notwithstanding the verdict, and jury trials for defaulted defendants.",,,,,,,,
c/Excludes bifurcated trials where the plaintiff litigated only the damage claim. ,,,,,,,,
