Bureau of Justice Statistics,,,,,,,,
Filename:  ctvlc01appc.csv,,,,,,,,
"Report title:  Contract Trials and Verdicts in Large Counties, 2001   NCJ 207388",,,,,,,,
"Data source:  Civil Justice Survey of State Courts, 2001",,,,,,,,
Author (s):  Thomas H. Cohen,,,,,,,,
Refer questions to:   askbjs@usdoj.gov   202-307-0765,,,,,,,,
"Date of version:  February  1, 2005",,,,,,,,

"Appendix C. Final and punitive damage awards for plaintiff winners in contract trials, by sampled counties, 2001",,,,,,,,

,Final amount awarded to plaintiff winners,,,,,Punitive damages awarded to plaintiff winners,,
County,Total number of contract trials/a,Number of plaintiff award winners,Total of all awards,Median awards,,Number of plaintiff award winners,Total of all awards,

"Maricopa, AZ",73,46,"$39,032,000 ","$97,000 ",,5,"$31,765,000 ",
"Pima, AZ",20,14,"3,047,000","39,000",,1,"13,000",*
"Alameda, CA",43,21,"133,134,000","105,000",,1,"3,500,000",*
"Contra Costa, CA",17,10,"1,946,000","140,000",,1,"10,000",*
"Fresno, CA",20,14,"16,535,000","150,000",,3,"133,000",
"Los Angeles, CA/b",148,98,"21,926,000","77,000",,7,"304,000",
"Orange, CA",173,96,"123,270,000","78,000",,13,"25,915,000",
"San Bernardino, CA",30,13,"1,635,000","30,000",, --, --,
"San Francisco, CA",65,40,"27,475,000","108,000",,4,"263,000",
"Santa Clara, CA",41,32,"16,036,000","92,000",,3,"530,000",

"Ventura, CA",33,23,"$3,567,000 ","$32,000 ",, --, --,
"Fairfield, CT",10,7,"1,436,000","60,000",, --, --,
"Hartford, CT",11,7,"298,000","27,000",, --, --,
"Dade, FL",62,51,"407,842,000","65,000",,3,"279,600,000",
"Orange, FL",15,10,"1,634,000","113,000",,2,"300,000",
"Palm Beach, FL",63,39,"4,519,000","43,000",, --, --,
"Fulton, GA",35,26,"3,596,000","50,000",,1,"275,000",*
"Honolulu, HI",15,11,"5,993,000","84,000",,2,"2,001,000",
"Cook, IL",58,37,"6,053,000","61,000",,1,"178,000",*
"Du Page, IL",51,38,"4,111,000","6,000",, --, --,

"Marion, IN",39,23,"$419,000 ","$5,000 ",, --, --,
"Jefferson, KY",45,24,"1,391,000","14,000",, --, --,
"Essex, MA",4,2,"53,000","27,000",, --, --,
"Middlesex, MA",25,12,"3,294,000","102,000",,2,"25,000",
"Suffolk, MA",10,8,"657,000","43,000",, --, --,
"Worcester, MA",8,4,"906,000","202,000",,1,"18,000",*
"Oakland, MI",71,47,"7,478,000","51,000",, --, --,
"Wayne, MI",53,26,"4,731,000","34,000",, --, --,
"Hennepin, MN",76,44,"3,279,000","46,000",, --, --,
"St. Louis, MO",68,42,"6,836,000","54,000",,5,"198,000",

"Bergen, NJ",58,35,"$18,516,000 ","$23,000 ",, --, --,
"Essex, NJ",27,20,"2,269,000","33,000",,1,"2,000",*
"Middlesex, NJ",26,16,"1,956,000","42,000",,1,"500,000",*
"New York, NY",53,31,"44,228,000","305,000",, --, --,
"Mecklenburg, NC",22,11,"1,680,000","18,000",, --, --,
"Cuyahoga, OH",74,44,"20,404,000","41,000",,1,"1,200,000",*
"Franklin, OH",57,39,"11,203,000","63,000",,5,"341,000",
"Allegheny, PA",125,93,"3,385,000","9,000",,1,"41,000",*
"Philadelphia, PA",96,70,"12,361,000","23,000",,1,"73,000",*
"Bexar, TX",45,27,"3,922,000","32,000",,2,"125,000",

"Dallas, TX",82,50,"$504,806,000 ","$140,000 ",,8,"$370,019,000 ",
"El Paso, TX",46,35,"18,856,000","34,000",,4,"1,060,000",
"Harris, TX",179,102,"34,535,000","63,000",,4,"824,000",
"Fairfax, VA",94,69,"6,846,000","18,000",,3,"410,000",
"King, WA",76,42,"8,645,000","17,000",,1,"10,000",*
"Milwaukee, WI",27,15,"619,000","8,000",,1,"1,000",*
"Note: Excludes cases with missing award amounts. Final amount awarded includes both compensatory (reduced for contributory negligence), costs and fees, and punitive damage awards.",,,,,,,,
Award data were rounded to the nearest thousand.
 -- No cases recorded.
*Not total but the actual amount awarded.
"a/Includes bench and jury trials, trials with a directed verdict, judgments notwithstanding the verdict, and jury trials for defaulted defendants."
b/Los Angeles suburban courts are not included.
