Bureau of Justice Statistics,,,
Filename:  ctvlc01appb.csv,,,
"Report title:  Contract Trials and Verdicts in Large Counties, 2001   NCJ 207388",,,
"Data source:  Civil Justice Survey of State Courts, 2001",,,
Author (s):  Thomas H. Cohen,,,
Refer questions to:   askbjs@usdoj.gov   202-307-0765,,,
"Date of version:  February  1, 2005",,,

"Appendix B. Contract trial winners in State courts by sampled counties, 2001",,,

,All contract trials/a,,
County,Number,Percent plaintiff winners, 

"Dade, FL",62,83.9,%
"Suffolk, MA",10,80,
"Santa Clara, CA",41,78,
"Essex, NJ",27,77.8
"El Paso, TX",46,76.1
"Allegheny, PA",124,75.8
"Du Page, IL",51,74.5
"Fulton, GA",35,74.3
"Philadelphia, PA",97,74.2
"Fairfax, VA",94,73.4
"Orange, FL",15,73.3
"Honolulu, HI",15,73.3
"Pima, AZ",20,70
"Fresno, CA",20,70
"Fairfield, CT",10,70
"Ventura, CA",33,69.7
"Franklin, OH",57,68.4
"Oakland, MI",71,67.6
"Los Angeles, CA/b",148,66.2
"Bexar, TX",45,64.4
"Cook, IL",58,63.8
"Bergen, NJ",58,63.8
"Hartford, CT",11,63.6
"San Francisco, CA",65,63.1
"Maricopa, AZ",73,63
"St. Louis, MO",67,62.7
"Cuyahoga, OH",74,62.2
"Palm Beach, FL",63,61.9
"Marion, IN",39,61.5
"Middlesex, NJ",26,61.5
"Dallas, TX",82,61
"Hennepin, MN",76,60.5
"New York, NY",53,60.4
"Jefferson, KY",45,60
"Contra Costa, CA",17,58.8
"Harris, TX",177,58.2
"King, WA",76,56.6
"Orange, CA",173,56.1
"Alameda, CA",43,55.8
"Milwaukee, WI",27,55.6
"Mecklenburg, NC",22,54.5
"Wayne, MI",53,52.8
"Essex, MA",4,**
"Middlesex, MA",24,50
"Worcester, MA",8,**
"San Bernardino, CA",30,43.3
** Too few cases to obtain statistically reliable data.,,
"a/Includes bench and jury trials, trials with a directed verdict, judgments notwithstanding the verdict, and jury trials for defaulted defendants.",,
b/Los Angeles county suburban courts were not included.,,
