"Bureau of Justice Statistics",,,,,,,,,,,
"Filename:  pjim0101.csv",,,,,,,,,,,
"Table #1:  Number of persons held in State or Federal prisons or in local jails, 1990-2001",,,,,,,,,,,
"Report Title:  Prison and Jail Inmates at Midyear 2001 NCJ 191702",,,,,,,,,,,
"Data source:  National Prisoner Statistics-1 and 1A",,,,,,,,,,,
"Refer questions to:  askbjs@ojp.usdoj.gov  202-307-0765",,,,,,,,,,,
"Authors:  Allen Beck or Paige Harrison",,,,,,,,,,,
"Date of version:  04/09/02",,,,,,,,,,,
,,,,,,,,,,,
"Table 1.  Number of persons held in State or Federal prisons or in local jails, 1990-2001",,,,,,,,,,,
,,,,,,,,,,,
,,,,,,,,,,,"U.S. resident"
,"Total inmates ",,"            Prisoners in custody ",,,,"Inmates held",,"Incarceration  ",,"population"
"Year","in custody",,"Federal",,"State",,"in local jails",,"rate /a",,
,,,,,,,,,,,
1990,1148702,,58838,,684544,,405320,,458,,250689
,,,,,,,,,,,
1995,1585586,,89538,,989004,,507044,,601,,266495
1996,1646020,,95088,,1032440,,518492,,618,,268924
1997,1743643,,101755,,1074809,,567079,,648,,271628
1998,1816931,,110793,,1113676,,592462,,669,,274051
"1999/b",1893115,,125682,,1161490,,605943,,690,,277743
"2000/c",,,,,,,,,,,
"   June 30",1934990,,131496,,1176368,,621149,,686,,282125
"   December 31",,,133921,,1175740,,,,,,
"2000/c",,,,,,,,,,,
"   June 30",1965495,,140741,,1187322,,631240,,690,,284797
,,,,,,,,,,,
"Percent change ",,,,,,,,,,,
"6/30/00-6/30/01",1.6,"%",7.0,"%",0.9,"%",1.6,"%",,,
,,,,,,,,,,,
"Annual average increase",,,,,,,,,,,
" 12/31/95-6/30/01",4.0,"%",8.6,"%",3.4,"%",3.7,"%",,,
,,,,,,,,,,,
"Note:  Jail counts are for midyear (June 30).  Counts for 1994-2001 exclude ",,,,,,,,,,,
"persons who were supervised outside of a jail facility.  State and Federal ",,,,,,,,,,,
"prisoner counts for 1990-99 are for December 31. ",,,,,,,,,,,
" --Not available.",,,,,,,,,,,
"a/Persons in custody per 100,000 residents in each reference year.  (See page 4 for effects of ",,,,,,,,,,,
"2000 Census).",,,,,,,,,,,
"b/In 1999, 15 States expanded their reporting criteria to include inmates held in privately ",,,,,,,,,,,
"operated correctional facilities.  For comparisons with previous years, the State count 1,137,544",,,,,,,,,,,
"and the total count 1,869,169 should be used.",,,,,,,,,,,
"c/Total counts include Federal inmates in non-secure privately operated facilities (5,977 in 2000",,,,,,,,,,,
"and 6,192 in 2001). ",,,,,,,,,,,
