"Bureau of Justice Statistics",,,,
"Filename:  pjim01t6.csv",,,,
"Text table  #t6:  Percent of capacity occupied by size of jurisdiction",,,,
"Report title:  Prison and Jail Inmates at Midyear 2001  NCJ 191702",,,,
"Data source:   Annual Survey of Jails",,,,
"Refer questions to:  askbjs@ojp.usdoj.gov (202) 307-0765",,,,
"Author:  Jennifer Karberg ",,,,
"Date of version:  04/09/02",,,,
,,,,
"Percent of capacity occupied by jurisdiction size",,,,
,,,,
,"Percent",,,
"Size of","of capacity",,,
"jurisdiction","occupied",,,
,2001,,2000,
"   Total",90,"%",92,"%"
,,,,
"Less than 50",67,"%",66,"%"
"50-99",87,,80,
"100-249",92,,94,
"250-499",90,,96,
"500-999",94,,94,
"Over 1000",92,,94,
,,,,
"*Based on the average daily",,,,
"population in the 12-months",,,,
"ending June 30, 2001.",,,,
