"Bureau of Justice Statistics",,
"Filename:  pjim01t3.csv",,
"Text table  #t3:  Number of jail inmates per 100,000 U.S. residents, midyear 1990, 1995-2001",,
"Report title:  Prison and Jail Inmates at Midyear 2001  NCJ 191702",,
"Data source:   Annual Survey of Jails",,
"Refer questions to:  askbjs@ojp.usdoj.gov (202) 307-0765",,
"Author:  Jennifer Karberg ",,
"Date of version:  04/09/02",,
,,
"Jail inmates per 100,000 U.S. residents, midyear 1990, 1995-2001",,
,,
,,"Jail incar-"
"Year",,"ceration rate"
"2001/a",631240,222
"2000/a",621149,220
,,
1999,605943,222
1998,592462,219
1997,567079,212
1996,518492,196
1995,507044,193
,,
1990,405320,163
,,
"Number of jail inmates per 100,000 U.S. residents",,
"on July 1 each year.",,
"a/Rates for 2000 and 2001 are based on estimates from",,
"the 2000 Census and updated for July 1 of each year;",,
"rates for 1990-1999 are based on estimates from the",,
"1990 Census.",,
