"Bureau of Justice Statistics",,,,,,,,,,,,,,
"Filename:  pjim0107.csv",,,,,,,,,,,,,,
"Table #7:  The 10 highest and lowest jurisdictions for selected characteristics of the prison population, June 30, 2001",,,,,,,,,,,,,,
"Report title:  Prison and Jail Inmates at Midyear 2001 NCJ 191702",,,,,,,,,,,,,,
"Data source:  National Prisoner Statistics-1A",,,,,,,,,,,,,,
"Refer questions to:  askbjs@ojp.usdoj.gov  202-307-0765",,,,,,,,,,,,,,
"Authors:  Allen Beck or Paige Harrison",,,,,,,,,,,,,,
"Date of version:  04/09/02",,,,,,,,,,,,,,
,,,,,,,,,,,,,,
"Table 7.  The 10 highest and lowest jurisdictions for selected characteristics of the prison population, June 30, 2001",,,,,,,,,,,,,,
,,,,,,,,,,,,,,
,,,,,,"Sentenced ",,,,,,,,
,,,,,,"prisoners per",,,,,,,,
"Prison",,"Number of ",,"Incarceration",,"100,000 State",,"12-month growth",,"Percent",,"Female prison",,"Number of "
"population",,"inmates/a",,"rate, 6/30/01",,"residents/b",,"6/30/00 to 6/30/01",,"change",,"population",,"female prisoners/a"
,,,,,,,,,,,,,,
"10 highest:",,,,,,,,,,,,,,
,,,,,,,,,,,,,,
"Texas",,164465,,"Louisiana",,795,,"Mississippi",,12.5,"%","Texas",,13328
"California",,163965,,"Texas",,731,,"West Virginia",,8.7,,"California",,10926
"Federal",,152788,,"Mississippi",,689,,"Vermont",,7.7,,"Federal",,10801
"Florida",,72007,,"Oklahoma",,669,,"Nebraska",,7.7,,"Florida",,4245
"New York",,69158,,"Alabama",,592,,"North Dakota",,7.6,,"New York",,3273
"Michigan",,48371,,"Georgia",,540,,"Oregon",,7.4,,"Illinois",,2883
"Ohio",,45684,,"South Carolina",,526,,"Federal",,7.2,,"Georgia",,2760
"Illinois",,45629,,"Delaware",,505,,"Hawaii",,7.1,,"Ohio",,2756
"Georgia",,45363,,"Missouri",,500,,"Montana",,6.9,,"Oklahoma",,2362
"Pennsylvania",,37105,,"Nevada",,485,,"Arkansas",,6.7,,"Louisiana",,2239
,,,,,,,,,,,,,,
"10 lowest:",,,,,,,,,,,,,,
,,,,,,,,,,,,,,
"North Dakota",,1080,,"Maine",,126,,"New Jersey",,-9.6,"%","Maine",,60
"Wyoming",,1679,,"Minnesota",,131,,"Massachusetts",,-3.7,,"North Dakota",,84
"Maine",,1693,,"North Dakota",,158,,"New York",,-3.5,,"Vermont",,97
"Vermont",,1782,,"Rhode Island",,179,,"Kansas",,-2.7,,"New Hampshire",,122
"New Hampshire",,2323,,"New Hampshire",,184,,"Wyoming",,-2.5,,"Wyoming",,152
"South Dakota",,2673,,"Vermont",,221,,"Ohio",,-2.5,,"Rhode Island",,212
"Rhode Island",,3147,,"Nebraska",,225,,"Texas",,-2.2,,"South Dakota",,226
"Montana",,3250,,"West Virginia",,225,,"Maine",,-1.3,,"Nebraska",,315
"Nebraska",,3944,,"Utah",,235,,"Rhode Island",,-1.2,,"Montana",,321
"West Virginia",,4130,,"Massachusetts",,247,,"California",,-0.3,,"Alaska",,328
,,,,,,,,,,,,,,
,,,,,,,,,,,,,,
"Note: The District of Columbia was excluded as a result of the transfer of responsibility for sentenced felons to the Federal system. ",,,,,,,,,,,,,,
"a/All inmates under legal authority of the prison system, regardless of sentence. ",,,,,,,,,,,,,,
"b/The number of prisoners with a sentence of more than 1 year per 100,000 in the resident population.",,,,,,,,,,,,,,
"The Federal Bureau of Prisons is excluded. ",,,,,,,,,,,,,,
