"Bureau of Justice Statistics",,
"Filename:  pjim01t4.csv",,
"Text table  #t4:  Number of jail inmates per 100,000 U.S. residents by gender, race, and Hispanic origin",,
"Report title:  Prison and Jail Inmates at Midyear 2001  NCJ 191702",,
"Data source:   Annual Survey of Jails",,
"Refer questions to:  askbjs@ojp.usdoj.gov (202) 307-0765",,
"Author:  Jennifer Karberg ",,
"Date of version:  04/09/02",,
,,
"Jail inmates per 100,000 U.S. residents by gender, race and Hispanic origin,",,
,,
,,"Per 100,000"
,"Estimated","residents"
,"count","in each group"
,,
"   Total",631240,222
,,
"Gender",,
"   Male",558110,399
"   Female",73130,50
,,
"Race/Hispanic origin",,
"   White/a",271700,138
"   Black/a",256200,703
"   Hispanic/Latino/b",93000,263
"   Other/c",10300,61
,,
"Note:  Inmate counts were estimated and",,
"rounded to the nearest 100.  Resident population",,
"figures by gender are based on the 2000 Census",,
"and then estimated for July 1, 2000.  Figures by ",,
"race/Hispanic origin are counts from the 2000",,
"Census as enumerated on April 1, 2000.",,
"aNumber of inmates per 100,000 residents in each group",,
"bNon-Hispanic only.",,
"cIncludes American Indians,  Alaskan Natives,",,
"Asians, Native Hawaiians and other Pacific",,
"Islanders",,
