"Bureau of Justice Statistics",,,,
"Filename:  pjim0105.csv",,,,
"Table #5:  Prisoners under the jurisdiction of State or Federal correctional authorities, by gender, 1990, 2000, and 2001",,,,
"Report Title:  Prison and Jail Inmates at Midyear 2001 NCJ 191702",,,,
"Data source:  National Prisoner Statistics-1 and 1A",,,,
"Refer questions to:  askbjs@ojp.usdoj.gov  202-307-0765",,,,
"Authors:  Allen Beck or Paige Harrison",,,,
"Date of version:  04/09/02",,,,
,,,,
"Table 5.  Number of prisoners under the jurisdiction of State and",,,,
"Federal correctional authorities, by gender, 1990, 2000, and 2001",,,,
,,,,
,,"Men",,"Women"
"All inmates",,,,
"     6/30/01",,1311195,,94336
"     6/30/00",,1296378,,93681
"     12/31/90",,729840,,44065
,,,,
"  Percent change,",,,,
"     2000-2001",,1.1,,0.7
"   Average annual",,,,
"     1990-2001",,5.7,,7.5
,,,,
"Sentenced to more than 1 year",,,,
"     6/30/01",,1257246,,86301
"     6/30/00",,1240644,,85357
"     12/31/90",,699416,,40564
,,,,
"Incarceration rate*",,,,
"     6/30/01",,900,,59
"     6/30/00",,896,,59
"     12/31/90",,572,,32
,,,,
"U. S. resident population",,,,
"     6/30/01",,139709184,,145087703
"     6/30/00",,138398290,,143726341
,,,,
"*The total number of prisoners with a sentence of more than 1 year per 100,000 U.S. residents. ",,,,
