"Bureau of Justice Statistics",,,
"Filename:  pjim01t5.csv",,,
"Text table  #t5:  Number of adult jail inmates by conviction status and gender, midyear 2001",,,
"Report title:  Prison and Jail Inmates at Midyear 2001  NCJ 191702",,,
"Data source:   Annual Survey of Jails",,,
"Refer questions to:  askbjs@ojp.usdoj.gov (202) 307-0765",,,
"Author:  Jennifer Karberg ",,,
"Date of version:  04/09/02",,,
,,,
"Adult jail inmates by conviction status and gender, midyear 2001",,,
,,,
,"Number of adult",,
,"jail inmates,",,
,"midyear, 2001",,
,,,
"   Total",623628,,
,,,
"Convicted",258700,41.5,"%"
"   Male",228200,36.6,
"   Female",30500,4.9,
,,,
"Unconvicted",364900,58.5,"%"
"   Male",323700,51.9,
"   Female",41200,6.6,
,,,
"Note: Estimates were based on reported data ",,,
"adjusted for nonreponse.  Detail may not sum to total",,,
"due to rounding.",,,
