"Bureau of Justice Statistics",,,,,,,
"Filename:  pjim0103.csv",,,,,,,
"Table #3:  Prisoners held in private facilities, December 31, 2000, and June 20, 2001",,,,,,,
"Report Title:  Prison and Jail Inmates at Midyear 2001 NCJ 191702",,,,,,,
"Data source:  National Prisoner Statistics-1 and 1A",,,,,,,
"Refer questions to:  askbjs@ojp.usdoj.gov  202-307-0765",,,,,,,
"Authors:  Allen Beck or Paige Harrison",,,,,,,
"Date of version:  04/09/02",,,,,,,
,,,,,,,
"Table 3.   Prisoners held in private facilities, December 31, 2000, and June 20, 2001.",,,,,,,
,,,,,,,
,"                Inmates held in private facilities/a",,,,,,
"Region and ","                  Number",,,"Percent of all inmates/b",,,"Total inmates"
"jurisdiction",06/30/2001,12/31/2000,,06/30/2001,,,06/30/2001
,,,,,,,
"U.S. Total",94948,90542,,6.8,"%",,1405531
,,,,,,,
"Federal/c",18185,15524,,11.9,"%",,152788
"State",76763,75018,,6.1,,,1252743
,,,,,,,
"Northeast",3035,2509,,1.8,"%",,172925
"Connecticut",0,0,,0.0,,,18875
"Maine",11,11,,0.6,,,1693
"Massachusetts",0,0,,0.0,,,10734
"New Hampshire",0,0,,0.0,,,2323
"New Jersey",2548,2498,,9.1,,,28108
"New York",0,0,,0.0,,,69158
"Pennsylvania",476,0,,1.3,,,37105
"Rhode Island",0,0,,0.0,,,3147
"Vermont",0,0,,0.0,,,1782
,,,,,,,
"Midwest",7630,7836,,3.2,"%",,240213
"Illinois",0,0,,0.0,,,45629
"Indiana",966,991,,4.7,,,20576
"Iowa",0,0,,0.0,,,8101
"Kansas",0,0,,0.0,,,8543
"Michigan",450,449,,0.9,,,48371
"Minnesota",0,0,,0.0,,,6514
"Missouri",0,0,,0.0,,,28167
"Nebraska",0,0,,0.0,,,3944
"North Dakota",55,96,,5.1,,,1080
"Ohio",1916,1918,,4.2,,,45684
"South Dakota",45,45,,1.7,,,2673
"Wisconsin",4198,4337,,20.1,,,20931
,,,,,,,
"South",49843,48733,,8.8,"%",,563818
"Alabama",0,0,,0.0,,,27286
"Arkansas",0,1253,,0.0,,,12332
"Delaware",0,0,,0.0,,,7122
"District of Columbia",2538,2342,,47.1,,,5388
"Florida",3982,3912,,5.5,,,72007
"Georgia",4582,3746,,10.1,,,45363
"Kentucky",1804,1268,,11.7,,,15400
"Louisiana",2940,3068,,8.3,,,35494
"Maryland",128,127,,0.5,,,23970
"Mississippi",3443,3230,,16.7,,,20672
"North Carolina",365,330,,1.2,,,31142
"Oklahoma",7023,6931,,30.4,,,23139
"South Carolina",21,13,,0.1,,,22267
"Tennessee",3703,3510,,16.0,,,23168
"Texas",17746,17432,,10.8,,,164465
"Virginia",1568,1571,,5.1,,,30473
"West Virginia",0,0,,0.0,,,4130
,,,,,,,
"West",16255,15940,,5.9,"%",,275787
"Alaska",1407,1383,,33.5,,,4197
"Arizona",1420,1430,,5.2,,,27136
"California",4504,4547,,2.7,,,163965
"Colorado",2152,2099,,12.6,,,17122
"Hawaii",1194,1187,,22.1,,,5412
"Idaho",1362,1162,,23.9,,,5688
"Montana",987,986,,30.4,,,3250
"Nevada",482,508,,4.7,,,10291
"New Mexico",2390,2155,,45.2,,,5288
"Oregon",0,0,,0.0,,,11077
"Utah",0,208,,0.0,,,5440
"Washington",0,0,,0.0,,,15242
"Wyoming",357,275,,21.3,,,1679
"                                                 ",,,,,,,
"a/Excludes inmates in publicly operated State or local facilities.",,,,,,,
"b/Based on the total number of inmates under State or Federal jurisdiction.",,,,,,,
"c/Includes 6,192 Federal inmates held in privately operated community",,,,,,,
"correctional centers on 6/30/01.",,,,,,,
