Bureau of Justice Statistics,,
Filename: cpus09f02.csv,,
"Figure 2. Estimated number of adult men under correctional supervision, by correctional status, 1990-2009",,
"Report title: Correctional Populations in the United States, 2009  NCJ231681",,
"Data source(s): Annual Probation Survey, Annual Parole Survey, Annual Survey of Jails, Census of Jail Inmates, and National Prisoner Statistics Program",,
Author(s): Lauren E. Glaze,,
Refer questions to: askbjs@usdoj.gov or 202-307-0765 ,,
Date of version: 12/21/2010,,
,,
"Figure 2. Estimated number of adult men under correctional supervision, by correctional status, 1990-2009",,
Year,Community supervision/a,Incarcerated/b
1990,"2,688,200","1,067,900"
1991,"2,754,100","1,132,500"
1992,"2,845,300","1,204,700"
1993,"2,943,700","1,269,600"
1994,"2,990,700","1,364,600"
1995,"3,050,500","1,462,500"
1996,"3,117,000","1,512,200"
1997/c,"3,221,600","1,601,700"
1998/c,"3,510,700","1,667,000"
1999,"3,589,300","1,733,500"
2000,"3,631,600","1,773,800"
2001,"3,702,300","1,795,900"
2002,"3,753,900","1,857,900"
2003,"3,854,700","1,899,300"
2004,"3,863,000","1,943,500"
2005,"3,897,600","1,994,900"
2006,"3,908,600","2,048,600"
2007,"3,959,300","2,084,000"
2008,"3,960,400","2,095,600"
2009,"3,911,300","2,086,400"
Note: Estimates were rounded to the nearest 100. Details may not sum to total due to rounding and adjustments made to account for men with multiple correctional statuses. See Methodology for more details.,,
a/Includes men under community supervision either on probation or parole. Totals for 1990-2008 include probation and parole counts as of January 1 from the next reporting year because some probation and parole agencies update their counts; the 2009 total is as of December 31. See Methodology for more details. ,,
b/Includes men held in the custody of state or federal prisons or local jails. Jail counts are as of June 30 and prison counts are as of December 31. ,,
"c/Coverage of probation agencies was expanded beginning in 1998 and continued through 1999. The January 1, 1998 community supervision total was used to the update the yearend 1997 total, and the January 1, 1999 community supervision total was used to update the yearend 1998 total; therefore, the additional probationers resulting from the expansion of coverage are reflected in the 1997 and 1998 estimates. See Methodology for more details. ",,
