"Bureau of Justice Statistics",,,,,
"filename: dccc12.csv",,,,,
"table#:  12 Sentence length to incarceration for defendants convicted of a felony in the Nation's 75 largest counties, by offense and type of couonsel, 1996",,,,,
"report title: Defense Counsel in Criminal Cases NCJ 179023",,,,,
"source data: BJS, State Court Processing Statistics, 1996",,,,,
"author:  Caroline Wolf Harlow",,,,,
"refer questions to: askbjs@ojp.usdoj.gov (202) 307-0765",,,,,
"date of version: 12/05/00",,,,,
,,,,,
"Table 12. Sentence length to ",,,,,
"incarceration for defendants",,,,,
"convicted of a felony in the Nation's ",,,,,
"75 largest counties, by offense",,,,,
"and type of counsel, 1996",,,,,
,,,,,
,,,,,
,,,,,
"Offense",,,,,
"and ",,"Sentence length",,,
"type of","Number of ",,,,
"counsel","defendants","Mean",,"Median",
,,,,,
"Total",,,,,
"  Public",11089,31.2,"mos.",16,"mos."
"  Private",1857,38.3,,17,
,,,,,
"Violent",,,,,
"  Public",2102,55.2,"mos.",36,"mos."
"  Private",381,59.4,,36,
,,,,,
"Property",,,,,
"  Public",3276,27.4,"mos.",14,"mos."
"  Private",451,29.7,,11,
,,,,,
"Drug",,,,,
"  Public",4754,25.3,"mos.",12,"mos."
"  Private",773,38.8,,21,
,,,,,
"Public-order",,,,,
"  Public",911,19.7,"mos.",16,"mos."
"  Private",244,19.9,,12,
,,,,,
"Note: Data were missing on sentence ",,,,,
"length for 42% of cases.",,,,,
,,,,,
"Source:  BJS, State Court Processing Statistics, 1996.",,,,,
