"Bureau of Justice Statistics",,,,,,,,
"filename: dccc13.csv",,,,,,,,
"table#:  13 Type of counsel for jail inmates, 1996 and 1989",,,,,,,,
"report title: Defense Counsel in Criminal Cases NCJ 179023",,,,,,,,
"source data: BJS, Survey of Inmates in Local Jails, 1996 and 1989",,,,,,,,
"author:  Caroline Wolf Harlow",,,,,,,,
"refer questions to: askbjs@ojp.usdoj.gov (202) 307-0765",,,,,,,,
"date of version: 12/05/00",,,,,,,,
,,,,,,,,
"Table 13. Type of counsel for jail inmates, 1996 and 1989",,,,,,,,
,,,,,,,,
,"Percent of  jail inmates 1996",,,,,,,
," ",,"Charged with ",,"Charged with",,,
"Type of counsel","Total",,"felony",,"misdemeanor",,1989,
,,,,,,,,
"Court appointed",68.1,"%",76.6,"%",56.3,"%",64.1,"%"
"Inmate hired",16.7,,19.2,,14.7,,18.5,
"Both appointed and hired",1.2,,1.3,,0.7,,"   --",
"No counsel",14,,2.9,,28.3,,17.3,
,,,,,,,,
"Number of jail inmates",483438,,204700,,97855,,373259,
,,,,,,,,
" -- Not available.",,,,,,,,
,,,,,,,,
"Source:  BJS, Survey of Inmates in Local Jails, 1996 and 1989.",,,,,,,,
