"Bureau of Justice Statistics",,,,,
"filename: dccc10.csv",,,,,
"table#:  10 Case disposition for defendants in the Nation's 75 largest counties, by type of counsel, 1996",,,,,
"report title: Defense Counsel in Criminal Cases NCJ 179023",,,,,
"source data: BJS, State Court Processing Statistics, 1996",,,,,
"author:  Caroline Wolf Harlow",,,,,
"refer questions to: askbjs@ojp.usdoj.gov (202) 307-0765",,,,,
"date of version: 12/05/00",,,,,
,,,,,
"Table 10.  Case disposition for ",,,,,
"defendants in the Nation's 75 largest",,,,,
"counties, by type of counsel, 1996",,,,,
,,,,,
,,"Type of counsel",,,
"Case disposition","Public",,"Private",,
,,,,,
"Convicted",75.3,"%",77.0,"%",
"  Felony",60.3,,62.7,,
"    By plea",56.3,,59.3,," "
"    By trial",3.9,,3.5,,
,,,,,
"  Misdemeanor",15.1,,14.3,,
"    By plea",14.7,,13.5,,
"    By trial",0.5,,0.8,,
,,,,,
"Not convicted",24.3,,22.8,,
"  Acquited",1.3,,1.6,,
"  Dismissed",23.0,,21.2,,
,,,,,
"Other ",0.3,,0.2,,
,,,,,
"Number of defendants",29984,,6583,,
,,,,,
"Note:  Data were missing on 32.4% of cases ",,,,,
"on type of counsel or case disposition.",,,,,
,,,,,
"Source:  BJS, State Court Processing Statistics, 1996.",,,,,
