"Bureau of Justice Statistics",,,,
"filename: dccc09.csv",,,,
"table#:  9 Pretrial release of felony defendants in the Nation's 75 largest counties, by type of counsel, 1996",,,,
"report title: Defense Counsel in Criminal Cases NCJ 179023",,,,
"source data: BJS, State Court Processing Statistics, 1996",,,,
"author:  Caroline Wolf Harlow",,,,
"refer questions to: askbjs@ojp.usdoj.gov (202) 307-0765",,,,
"date of version: 12/05/00",,,,
,,,,
"Table 9.  Pretrial release of felony",,,,
"defendants in the Nation's 75 largest",,,,
"counties, by type of counsel, 1996",,,,
,,,,
,,"Type of counsel",,
"Pretrial release","Public"," ","Private",
,,,,
"Released",52.2,"%",79.0,"%"
"    Financial ",19.2,,51.0,
"    Nonfinancial ",32.3,,27.7,
"    Emergency",0.7,,0.3,
,,,,
"Detained",46.1,,20.1,
"    With bail",38.2,,14.3,
"    Denied bail",7.8,,5.8,
,,,,
"Case closed",1.8,,0.9,
,,,,
"Number of defendants",28127,,6232,
,,,,
"Note:  Data were missing on type of counsel or pretrial ",,,,
"release for 36.5% of cases.",,,,
,,,,
"Source:  BJS, State Court Processing Statistics, 1996.",,,,
