"Bureau of Justice Statistics",,,,,,,,,,,
"filename: dccc01.csv",,,,,,,,,,,
"table#:  1 Federal representations closed, by type of Criminal Justice Act attorney, 1994-1998",,,,,,,,,,,
"report title: Defense Counsel in Criminal Cases NCJ 179023",,,,,,,,,,,
"source data: Administrative Office of the U.S. Courts, Judicial Business of the United States Courts, 1994 through 1998, and unpublished data",,,,,,,,,,,
"author:  Caroline Wolf Harlow",,,,,,,,,,,
"refer questions to: askbjs@ojp.usdoj.gov (202) 307-0765",,,,,,,,,,,
"date of version: 12/05/00",,,,,,,,,,,
,,,,,,,,,,,
"Table 1. Federal representations closed, by type of Criminal Justice Act attorney, 1994-1998",,,,,,,,,,,
,,,,,,,,,,,
,,,,,"Federal Defender Organization",,,,,,
,,"All representations",,,"representations",,,,"Panel attorney representations",,
"Year","Total","Criminal","Other *",,"Total","Criminal","Other *",,"Total","Criminal","Other *"
,,,,,,,,,,,
" 1994",80200,54200,26000,,42100,26300,15800,,38100,27900,10200
" 1995",78700,51700,27000,,43700,26700,17000,,35000,25000,10000
" 1996",83700,55400,28300,,47900,29100,18800,,35800,26300,9500
" 1997",90000,59200,30800,,52200,31900,20300,,37800,27400,10500
" 1998",101200,68000,33200,,57600,35500,22100,,43600,32500,11100
,,,,,,,,,,,
"Note:  For a Federal Defender Organization a representation is counted ",,,,,,"*Includes appeals, probation/supervised release revocation hearings",,,,,
"usually when the case is closed or the client no longer needs or want",,,,,,"motions to correct or reduce sentence, habeas corpus other than",,,,,
"Criminal Justice Act services: for a panel attorney a representation is",,,,,,"capital petitions, court-directed prisoner representations, bail",,,,,
"counted when the first payment claim is submitted.  Representations",,,,,,"presentment, withness representation, and other matters",,,,,
"may include defendants with a case pending at the end of the reporting",,,,,,,,,,,
"period and those who retained private counsel after an initial representa-",,,,,,"Source: Administrative Office of the U.S. Courts, Judicial Business",,,,,
"tion by public counsel.  Numbers are rounded to the nearest hundred.",,,,,,"of the United States Courts, 1994 through 1998, and unpublished data.",,,,,
,,,,,," ",,,,,
