"Bureau of Justice Statistics",,,,,,,
"filename: dccc15.csv",,,,,,,
"table#:  15 Release before trial and disposition of case with a felony charge, by type of counsel, for convicted jail inmates, 1996",,,,,,,
"report title: Defense Counsel in Criminal Cases NCJ 179023",,,,,,,
"source data: BJS, Survey of Inmates in Local Jails, 1996",,,,,,,
"author:  Caroline Wolf Harlow",,,,,,,
"refer questions to: askbjs@ojp.usdoj.gov (202) 307-0765",,,,,,,
"date of version: 12/05/00",,,,,,,
,,,,,,,
"Table 15. Release before trial",,,,,,,
"and disposition of case with",,,,,,,
"a felony charge, by type of counsel,",,,,,,,
"for convicted jail inmates, 1996",,,,,,,
,,,,,,,
,,,"Type of counsel",,,,
,"Total",,"Public",,"Private",,
,,,,,,,
"Release before trial *",,,,,,,
"  Released",30.0,"%",22.5,"%",54.5,"%"," "
"    Without bail or bond",5.5,,3.8,,4.1,,
"    With bail or bond",24.5,,18.7,,50.4,,
"  No release",69.9,,77.5,,45.5,," "
"    Bail or bond set",47.2,,57.0,,26.0,,
"    Bail or bond not set",22.7,,20.5,,19.5,,
,,,,,,,
"Disposition of case",,,,,,,
"  Not guilty",13.5,"%",14.0,"%",20.7,"%",
"    Bench trial",7.6,,7.6,,8.7,,
"    Jury trial",4.6,,5.0,,10.7,,
"    Unknown type of trial",1.3,,1.4,,1.3,,
"  Guilty/ no contest plea",86.6,,85.9,,79.3,,
"    With plea bargain",47.3,,53.5,,48.7,,
"    Without plea bargain",39.3,,32.4,,30.6,,
,,,,,,,
" * Counsel may have been appointed or ",,,,,,,
"hired after bail hearing.",,,,,,,
,,,,,,,
"Source:  BJS, Survey of Inmates in Local ",,,,,,,
"Jails, 1996",,,,,,,
