"filename: cpi94a13.csv",,,,,,,
"table #: 1.13",,,,,,,
"report title: Correctional Populations in the United States, 1994 ,  NCJ-160091,  June 1996",,,,,,,
"data source: see page 4 on data sources",,,,,,,
"author: Jodi M. Brown (202)307-3121",,,,,,,
"date of version: 05-26-96",,,,,,,
,,,,,,,
,,,,,,,
"Table 1.13. Number of sentenced inmates in Federal prisons,",,,,,,,
"by the most serious offense, 1980, 1985, 1990-94",,,,,,,
,,,,,,,
"Most serious",,,"Number of inmates in Federal prison a",,,,
"offense","1980 b","1985 c",1990,1991,1992,1993,"1994 d"
"          Total",19471,27607,56989,65802,72851,82698,87515
,,,,,,,
"Violent offenses",6572,7768,9557,9852,9506,11058,11429
"     Homicide e",703,993,1233,1166,917,867,890
"     Assault",394,546,1964,2101,2009,2365,2658
"     Robbery",4699,5417,5158,5410,5409,6561,6608
"     Other violent f",776,812,1202,1175,1171,1265,1273
,,,,,,,
"Property offenses",4651,5289,7935,8518,8617,8718,8482
"     Burglary",239,292,442,384,313,252,240
"     Fraud g",1971,2805,5113,5504,5799,6146,6079
"     Larceny/theft/other property h",2441,2192,2380,2630,2505,2320,2163
,,,,,,,
"Drug offenses",4900,9482,30470,36782,42879,48997,51823
,,,,,,,
"Public-order offenses",2040,2514,8585,10011,11253,13276,15035
"     Immigration",907,865,1728,1988,1927,2170,2544
"     Weapons",737,926,3073,3826,4996,6515,7578
"     Escape/court i",149,215,417,441,382,380,418
"     Other public-order j",247,508,3367,3756,3948,4202,4495
,,,,,,,
"Other k",1308,2554,442,639,596,658,746
,,,,,,,
"See the published report for footnote.",,,,,,,
