﻿Bureau of Justice Statistics,,,
Filename: ppus21f04.csv,,,
"Figure 4. Estimated total probation movements, entries, and exits, 2011–2021",,,
"Report title: Probation and Parole in the United States, 2021  NCJ 305589",,,
"Data source: Bureau of Justice Statistics, Annual Probation Survey, 2011–2021",,,
"Author: Danielle Kaeble, BJS Statistician",,,
Refer questions to: askbjs@usdoj.gov 202-307-0765,,,
Date of version: 2/23/2023,,,
,,,
"Figure 4. Estimated total probation movements, entries, and exits, 2011–2021",,,
Year,Total movements,Probation entries,Probation exits
2011,"4,287,600","2,104,800","2,182,800"
2012,"4,122,900","2,042,900","2,080,000"
2013,"4,220,200","2,093,600","2,126,600"
2014,"4,194,900","2,065,800","2,129,100"
2015,"4,009,300","1,966,100","2,043,200"
2016,"4,083,600","2,012,200","2,071,400"
2017,"4,100,300","2,039,500","2,060,800"
2018,"3,755,700","1,845,200","1,910,500"
2019,"3,780,800","1,880,300","1,900,500"
2020,"2,703,400","1,216,100","1,487,300"
2021,"2,972,500","1,419,300","1,553,200"
Note: Counts for 2020 and earlier may differ from previously published statistics. Counts are rounded to the nearest 100. Counts are based on movements from January 1 to December 31 for each year.,,,
"Source: Bureau of Justice Statistics, Annual Probation Survey, 2011–2021.",,,
