﻿Bureau of Justice Statistics,,
Filename: ppus21t09.csv,,
"Table 9. Adults supervised on both parole and probation excluded from the January 1 and December 31 community supervision population, 2011–2021",,
"Report title: Probation and Parole in the United States, 2021  NCJ 305589",,
"Data Source: Bureau of Justice Statistics, Annual Probation Survey and Annual Parole Survey, 2011–2021",,
"Author: Danielle Kaeble, BJS Statistician",,
Refer questions to: askbjs@usdoj.gov 202-307-0765,,
Date of version: 2/23/2023,,
,,
"Table 9. Adults supervised on both parole and probation excluded from the January 1 and December 31 community supervision population, 2011–2021",,
Year,January 1*, December 31
2011,"8,259","10,958"
2012,"10,958","12,672"
2013,"12,672","12,511"
2014,"12,511","12,919"
2015,"12,919","9,375"
2016,"9,375","10,822"
2017,"10,822","13,302"
2018,"13,302","18,878"
2019,"18,878","14,057"
2020,"14,057","25,400"
2021,"25,400","21,275"
Note: Counts for 2020 and earlier may differ from previously published statistics. The community supervision counts were adjusted to exclude adults on parole who were also on probation. ,,
*Data are based on the December 31 count of the prior reporting year.,,
"Source: Bureau of Justice Statistics, Annual Probation Survey and Annual Parole Survey, 2011–2021.",,
