﻿Bureau of Justice Statistics,,,,,,,,,,,,,
Filename: ppus21at12.csv,,,,,,,,,,,,,
"Appendix table 12. Adults on parole, by sex and race or ethnicity, 2011–2021",,,,,,,,,,,,,
"Report title: Probation and Parole in the United States, 2021  NCJ 305589",,,,,,,,,,,,,
"Data source: Bureau of Justice Statistics, Annual Parole Survey, 2011–2021",,,,,,,,,,,,,
"Author: Danielle Kaeble, BJS Statistician",,,,,,,,,,,,,
Refer questions to: askbjs@usdoj.gov 202-307-0765,,,,,,,,,,,,,
Date of version: 2/23/2023,,,,,,,,,,,,,
,,,,,,,,,,,,,
"Appendix table 12. Adults on parole, by sex and race or ethnicity, 2011–2021",,,,,,,,,,,,,
,,Sex,,,Race/ethnicity,,,,,,,,
Year,"Parole population, December 31",Male,Female,Unknown/not reported,White*,Black* ,Hispanic,American Indian/Alaska Native*,Asian*  ,Native Hawaiian/Other Pacific Islander*,Two or more races*,Other*,Unknown/not reported
2011,"855,500","685,200","87,900","82,300","323,300","305,300","138,100","8,500","5,600","1,500",200,"4,500","68,500"
2012,"858,400","718,400","92,200","47,700","329,400","317,400","132,700","8,100","5,700","1,400",100,"3,500","60,100"
2013,"849,500","700,800","98,300","50,400","336,400","303,000","129,900","9,000","6,000",700,200,"4,300","59,900"
2014,"857,700","709,400","98,900","49,400","340,600","308,600","129,300","8,800","5,800",700,200,"3,700","60,000"
2015,"870,500","720,200","103,100","47,200","353,800","309,400","131,100","9,600","6,100",500,200,"4,100","55,700"
2016,"874,800","677,000","100,500","97,300","344,200","293,400","114,000","8,800","5,500",400,200,"1,900","108,300"
2017,"875,000","720,900","105,500","48,600","359,200","302,200","133,900","9,600","5,800",600,300, .. ,"63,300"
2018,"878,000","672,700","101,100","104,100","346,500","283,700","113,800","9,600","5,400",500,300, .. ,"118,200"
2019,"878,900","647,500","97,200","134,100","329,800","276,900","109,600","9,200","5,100",400,300, .. ,"147,600"
2020,"862,100","629,900","87,700","144,500","285,900","245,000","108,100","10,100","4,600",500,900, .. ,"207,000"
2021,"803,200","656,200","85,600","61,400","309,400","228,900","103,200","10,000","4,600",500,600, .. ,"146,000"
Note: Details may not sum to totals due to rounding. Estimates are based on the most recent data and may differ from previously published statistics. Reporting methods for some probation agencies changed over time. See Methodology.,,,,,,,,,,,,,
..Not available. Survey did not include an option for “other” beginning in 2017.,,,,,,,,,,,,,
"*Excludes persons of Hispanic origin (e.g., “white” refers to non-Hispanic white persons and “black” refers to non-Hispanic black persons). ",,,,,,,,,,,,,
"Source: Bureau of Justice Statistics, Annual Parole Survey, 2011–2021.",,,,,,,,,,,,,
