﻿Bureau of Justice Statistics,,,,,,
Filename: ppus21t04.csv,,,,,,
"Table 4. Community supervision rate of U.S. adult residents, 2011–2021",,,,,,
"Report title: Probation and Parole in the United States, 2021  NCJ 305589",,,,,,
"Data source: Bureau of Justice Statistics, Annual Probation Survey and Annual Parole Survey, 2011–2021; and U.S. Census Bureau, National Intercensal Estimates, 2012–2022",,,,,,
"Author: Danielle Kaeble, BJS Statistician",,,,,,
Refer questions to: askbjs@usdoj.gov 202-307-0765,,,,,,
Date of version: 2/23/2023,,,,,,
,,,,,,
"Table 4. Community supervision rate of U.S. adult residents, 2011–2021",,,,,,
,"Per 100,000 adult U.S. residents",,,Adult U.S. residents on—,,
Year,Community supervision*,Probation,Parole,Community supervision*,Probation,Parole
2011,"2,017","1,663",358,1 in 50,1 in 60,1 in 279
2012,"1,984","1,634",356,1 in 50,1 in 61,1 in 281
2013,"1,949","1,606",349,1 in 51,1 in 62,1 in 287
2014,"1,916","1,572",349,1 in 52,1 in 64,1 in 287
2015,"1,873","1,527",351,1 in 53,1 in 66,1 in 285
2016,"1,811","1,466",349,1 in 55,1 in 68,1 in 287
2017,"1,786","1,444",347,1 in 56,1 in 69,1 in 289
2018,"1,729","1,391",345,1 in 58,1 in 72,1 in 290
2019,"1,701","1,363",343,1 in 59,1 in 73,1 in 291
2020,"1,509","1,185",334,1 in 66,1 in 84,1 in 299
2021,"1,445","1,143",310,1 in 69,1 in 87,1 in 323
"Note: Counts for 2020 and earlier may differ from previously published statistics. Rates are based on total community supervision, probation, and parole counts as of December 31 of the reporting year and calculated using U.S. Census Bureau estimates of U.S. residents age 18 or older for January 1 of the following year.",,,,,,
*Includes adults on probation or parole. Details may not sum to totals because community supervision counts were adjusted to exclude adults on parole who were also on probation. See Methodology. ,,,,,,
"Source: Bureau of Justice Statistics, Annual Probation Survey and Annual Parole Survey, 2011–2021; and U.S. Census Bureau, National Intercensal Estimates, 2012–2022.",,,,,,
