﻿Bureau of Justice Statistics,,
Filename: ppus21t10.csv,,
"Table 10. One-day difference based on reporting changes for probation and parole, 2011–2021",,
"Report title: Probation and Parole in the United States, 2021  NCJ 305589",,
"Data Source: Bureau of Justice Statistics, Annual Probation Survey and Annual Parole Survey, 2011–2021",,
"Author: Danielle Kaeble, BJS Statistician",,
Refer questions to: askbjs@usdoj.gov 202-307-0765,,
Date of version: 2/23/2023,,
,,
"Table 10. One-day difference based on reporting changes for probation and parole, 2011–2021",,
Year,Probation population difference from December 31 to January 1 of the following year,Parole population difference from December 31 to January 1 of the following year
2011,"9,770","-2,830"
2012,"2,960","-23,640"
2013,"20,980",540
2014,"9,750",170
2015,"-64,150",130
2016,"5,030","2,200"
2017,"-45,010","-1,240"
2018,"-18,950","-1,040"
2019,"-162,650","-27,890"
2020,"-21,390","2,120"
Note: Counts are calculated as the difference between December 31 of the year displayed and January 1 of the following year. Counts are rounded to the nearest 10.,,
"Source: Bureau of Justice Statistics, Annual Probation Survey and Annual Parole Survey, 2011–2021.",,
