﻿Bureau of Justice Statistics,,,,,,,,,,
Filename: ppus21t07.csv,,,,,,,,,,
"Table 7. Characteristics of adults on probation, 2011 and 2021",,,,,,,,,,
"Report title: Probation and Parole in the United States, 2021  NCJ 305589",,,,,,,,,,
"Data Source: Bureau of Justice Statistics, Annual Probation Survey, 2011 and 2021",,,,,,,,,,
"Author: Danielle Kaeble, BJS Statistician",,,,,,,,,,
Refer questions to: askbjs@usdoj.gov 202-307-0765,,,,,,,,,,
Date of version: 2/23/2023,,,,,,,,,,
,,,,,,,,,,
"Table 7. Characteristics of adults on probation, 2011 and 2021",,,,,,,,,,
,,,Percent of total adults on probation,,,,Percent with known characteristics/a,,,
Characteristic,,,2011,,2021,,2011,,2021,
Sex,,,100,%,100,%,100,%,100,%
,Male,,53,,57,,75,,76,
,Female,,18,,18,,25,,24,
,Unknown,,29,,25,,~,,~,
Race/ethnicity,,,100,%,100,%,100,%,100,%
,White/b,,35,,38,,54,,54,
,Black/b,,20,,21,,31,,30,
,Hispanic,,8,,9,,13,,13,
,"Other/b,c",,2,,2,,3,,3,
,Unknown,,34,,30,,~,,~,
Status of supervision,,,100,%,100,%,100,%,100,%
,Active ,,51,,49,,72,,63,
,Residential/other treatment program,,<1,,<1,,1,,<1,
,Financial conditions remaining,,1,,5,,1,,6,
,Inactive ,,3,,4,,5,,5,
,Absconder,,7,,8,,9,,10,
,Supervised out of jurisdiction,,2,,2,,3,,3,
,Warrant status,,4,,4,,6,,8,
,Other,,2,,6,,2,,6,
,Unknown,,29,,22,,~,,~,
Type of offense,,,100,%,100,%,100,%,100,%
,Felony,,42,,56,,53,,64,
,Misdemeanor,,36,,31,,45,,35,
,Other infraction,,2,,1,,2,,1,
,Unknown,,19,,13,,~,,~,
Most serious offense,,,100,%,100,%,100,%,100,%
,Violent,,11,,15,,18,,26,
,,Domestic violence,2,,3,,3,,5,
,,Sex offense,2,,2,,3,,4,
,,Other violent offense,7,,10,,12,,17,
,Property,,17,,15,,27,,24,
,Drug ,,15,,16,,25,,26,
,Public order,,11,,8,,17,,12,
,,DUI/DWI,9,,7,,15,,11,
,,Other traffic offense,2,,1,,3,,2,
,Other/d,,7,,7,,12,,12,
,Unknown/e,,40,,38,,~,,~,
Note: Details may not sum to totals due to rounding. Estimates for 2011 may have been revised based on updated reporting and may differ from previously published statistics. ,,,,,,,,,,
~Not applicable.,,,,,,,,,,
a/Excludes unknown and unreported characteristics.,,,,,,,,,,
"b/Excludes persons of Hispanic origin (e.g., “white” refers to non-Hispanic white persons and “black” refers to non-Hispanic black persons). ",,,,,,,,,,
"c/Includes American Indians or Alaska Natives, Asians, Native Hawaiians or Other Pacific Islanders, and persons of two or more races. ",,,,,,,,,,
"d/Includes other offenses, such as public intoxication, disorderly conduct, false statement, insufficient funds, and other miscellaneous charges. ",,,,,,,,,,
e/Many agencies face challenges in reporting detailed characteristics on adults on probation who are supervised for misdemeanor offenses.,,,,,,,,,,
"Source: Bureau of Justice Statistics, Annual Probation Survey, 2011 and 2021.",,,,,,,,,,
