﻿Bureau of Justice Statistics,,
Filename: ppus21f03.csv,,
"Figure 3. Annual percent change of adults on parole, 2011–2021",,
"Report title: Probation and Parole in the United States, 2021  NCJ 305589",,
"Data source: Bureau of Justice Statistics, Annual Parole Survey, 2011–2021",,
"Author: Danielle Kaeble, BJS Statistician",,
Refer questions to: askbjs@usdoj.gov 202-307-0765,,
Date of version: 2/23/2023,,
,,
"Figure 3. Annual percent change of adults on parole, 2011–2021",,
Year,Annual percent change,
2011,1.8,%
2012,0.7,
2013,1.8,
2014,0.9,
2015,1.5,
2016,0.5,
2017,-0.2,
2018,0.5,
2019,0.2,
2020,1.3,
2021,-7.1,
Note: Counts for 2020 and earlier may differ from previously published statistics. Annual percentage change is based on the difference in population from January 1 to December 31 for each year.,,
"Source: Bureau of Justice Statistics, Annual Parole Survey, 2011–2021.",,
