﻿Bureau of Justice Statistics,,,
Filename: ppus21f05.csv,,,
"Figure 5. Estimated total parole movements, entries, and exits, 2011–2021",,,
"Report title: Probation and Parole in the United States, 2021  NCJ 305589",,,
"Data source: Bureau of Justice Statistics, Annual Parole Survey, 2011–2021",,,
"Author: Danielle Kaeble, BJS Statistician",,,
Refer questions to: askbjs@usdoj.gov 202-307-0765,,,
Date of version: 2/23/2023,,,
,,,
"Figure 5. Estimated total parole movements, entries, and exits, 2011–2021",,,
Year,Total movements,Parole entries,Parole exits
2011,"1,080,900","546,300","534,600"
2012,"997,700","500,900","496,800"
2013,"921,100","467,200","453,900"
2014,"913,900","461,100","452,800"
2015,"938,900","475,200","463,700"
2016,"913,100","457,100","456,000"
2017,"887,700","442,000","445,700"
2018,"901,100","447,200","453,900"
2019,"885,000","442,800","442,200"
2020,"780,800","392,400","388,400"
2021,"767,200","357,000","410,200"
Note: Counts for 2020 and earlier may differ from previously published statistics. Counts are rounded to the nearest 100. Counts are based on movements from January 1 to December 31 for each year.,,,
"Source: Bureau of Justice Statistics, Annual Parole Survey, 2011–2021.",,,
