Bureau of Justice Statistics,,,,
Filename:  fdluc06f06.csv,,,,
"Figure 6. Probability of conviction for felony defendants in the 75 largest counties by most serious arrest charge, 2006",,,,
"Report title: Felony Defendants in Large Urban Counties, 2006,  NCJ  228944",,,,
Data source:  2006 State Court Processing Statistics Program,,,,
Refer questions to:  askbjs@usdoj.gov   202-307-0765,,,,
Authors:  Thomas H. Cohen and Tracey Kyckelhahn,,,,
Date of version:  05/26/2010,,,,
,,,,
"Figure 6. Probability of conviction for felony defendants in the 75 largest counties by most serious arrest charge, 2006",,,,
,Percent of defendants convicted,,,
Most serious arrest charge,Original felony charge,Other felony charge,Misdemeanor,Probability of conviction
Driving-related,71.6,3.2,9.7,84.5
Murder,62.2,18.7,0.0,80.9
Burglary,55.1,12.0,9.7,76.8
Drug trafficking,46.8,15.9,11.3,74.0
Motor vehicle theft,54.3,11.0,6.8,72.1
Robbery,53.1,11.1,7.2,71.4
Forgery,43.5,11.2,15.5,70.2
Weapons,55.7,3.6,8.9,68.2
All defendants,48.4,8.0,11.2,67.6
Larceny/theft,46.6,6.6,13.8,67.0
Fraud,42.3,6.6,14.8,63.7
Rape,33.1,16.8,12.0,61.9
Assault,32.3,7.6,13.7,53.6
