Bureau of Justice Statistics,,,,,,,,,,,,
Filename:  fdluc06t06.csv,,,,,,,,,,,,
"Table 6. Type of pretrial release or detention of felony defendants, by most serious arrest charge, 2006",,,,,,,,,,,,
"Report title: Felony Defendants in Large Urban Counties, 2006,  NCJ  228944",,,,,,,,,,,,
Data source:  2006 State Court Processing Statistics Program,,,,,,,,,,,,
Refer questions to:  askbjs@usdoj.gov   202-307-0765,,,,,,,,,,,,
Authors:  Thomas H. Cohen and Tracey Kyckelhahn,,,,,,,,,,,,
Date of version:  05/26/2010,,,,,,,,,,,,
,,,,,,,,,,,,
"Table 6. Type of pretrial release or detention of felony defendants, by most serious arrest charge, 2006",,,,,,,,,,,,
,,,Percent of felony defendants who were�,,,,,,,,,
,,,Released before case disposition,,,,,,Detained until case disposition,,,
Most serious arrest charge,,Number of defendants,Financial,,Non-financial,,Emergency,,Held on bail,,Denied bail,
,All offenses,"57,558",33,%,25,%,--,%,37,%,5,%
Violent offenses,,"13,186",33,%,19,%, --,%,40,%,8,%
,Murder,365,5,,2,,0,,45,,47,
,Rape,666,36,,21,,0,,34,,9,
,Robbery,"3,430",21,,18,,0,,51,,10,
,Assault,"6,322",40,,19,,0,,35,,5,
,Other violent,"2,401",37,,22,, --,,38,,3,
Property offenses,,"16,736",30,%,29,%, --,%,38,%,4,%
,Burglary,"4,469",25,,19,,0,,51,,5,
,Larceny/theft,"5,198",34,,32,, --,,31,,3,
,Motor vehicle theft,"1,623",24,,21,,0,,49,,6,
,Forgery,"1,401",29,,36,, --,,29,,6,
,Fraud,"2,093",34,,40,, --,,24,,2,
,Other property,"1,950",27,,34,,0,,36,,3,
Drug offenses,,"21,049",32,%,27,%,0,%,37,%,4,%
,Trafficking,"8,462",39,,24,,0,,33,,3,
,Other drug,"12,586",28,,29,,0,,39,,4,
Public-order offenses,,"6,587",39,%,23,%, --,%,33,%,5,%
,Weapons,"1,959",36,,20,,0,,40,,4,
,Driving-related,"1,833",49,,22,, --,,23,,5,
,Other public-order,"2,794",35,,25,, --,,33,,7,
Note: Data on specific type of pretrial release or detention were available for 96% of all cases. ,,,,,,,,,,,,
 --Less than 0.5%.,,,,,,,,,,,,
