Bureau of Justice Statistics,,
Filename:  fdluc06tt02.csv,,
Text table 2. SCPS second-stage design,,
"Report title: Felony Defendants in Large Urban Counties, 2006,  NCJ  228944",,
Data source:  2006 State Court Processing Statistics Program,,
Refer questions to:  askbjs@usdoj.gov   202-307-0765,,
Authors:  Thomas H. Cohen and Tracey Kyckelhahn,,
Date of version:  05/26/2010,,
,,
Text table 2. SCPS second-stage design,,
,,
SCPS second-stage design,,
Stratum,Number of days of filings provided,Weight
One,5,4
Two,10,2
Three,10,2
Four,20,1
