Bureau of Justice Statistics,,,,,,,,,,,,,,,
Filename:  fdluc06at11.csv,,,,,,,,,,,,,,,
"Appendix table 11. Length of jail sentence received by convicted offenders, by most serious conviction offense, 2006",,,,,,,,,,,,,,,
"Report title: Felony Defendants in Large Urban Counties, 2006,  NCJ  228944",,,,,,,,,,,,,,,
Data source:  2006 State Court Processing Statistics Program,,,,,,,,,,,,,,,
Refer questions to:  askbjs@usdoj.gov   202-307-0765,,,,,,,,,,,,,,,
Authors:  Thomas H. Cohen and Tracey Kyckelhahn,,,,,,,,,,,,,,,
Date of version:  05/26/2010,,,,,,,,,,,,,,,
,,,,,,,,,,,,,,,
"Appendix table 11. Length of jail sentence received by convicted offenders, by most serious conviction offense, 2006",,,,,,,,,,,,,,,
,,,,Percent of offenders receiving a maximum jail sentence (in months),,,,,,,,,,,
Most serious conviction offense,,,Number of offenders,1 or less,, 2-3,, 4-6,,   7-9 ,, 10-12,,Over 12,
,All offenses,,"11,181",25,%,19,%,25,%,8,%,18,%,4,%
Felonies,,,"8,609",24,%,18,%,27,%,9,%,18,%,4,%
,Violent offenses,,"1,162",14,%,16,%,30,%,12,%,22,%,7,%
,,Robbery,207,6,,9,,31,,12,,24,,18,
,,Assault,596,15,,18,,35,,11,,21,,1,
,,Other violent,339,20,,16,,24,,13,,19,,9,
,Property offenses,,"2,977",18,%,17,%,29,%,11,%,19,%,5,%
,,Burglary,770,14,,18,,32,,13,,20,,4,
,,Larceny/theft,975,21,,13,,28,,11,,20,,8,
,,Motor vehicle theft,341,13,,20,,36,,13,,12,,6,
,,Forgery,222,20,,26,,31,,5,,15,,3,
,,Fraud,263,22,,20,,22,,5,,29,,2,
,,Other property,407,22,,18,,26,,13,,18,,3,
,Drug offenses,,"3,290",31,%,19,%,24,%,6,%,17,%,3,%
,,Trafficking,994,16,,15,,34,,9,,20,,7,
,,Other drug,"2,296",38,,21,,19,,5,,15,,2,
,Public-order offenses,,"1,145",28,%,15,%,27,%,11,%,17,%,3,%
,,Weapons   ,294,29,,8,,27,,16,,18,,1,
,,Driving-related,358,25,,15,,28,,11,,15,,6,
,,Other public-order,492,29,,20,,25,,7,,17,,2,
Misdemeanors,,,"2,572",30,%,25,%,20,%,4,%,17,%,4,%
"Note: Data on length of jail sentence were available for 95% of all cases in which a defendant received a jail sentence. Table excludes portions of sentences that were suspended. Fifty percent of jail sentences included a probation term and 13% included a fine. Murder and rape have been excluded from the detail because few of murder  and rape convictions resulted in a jail sentence.  The total for violent offenses, however, does include these cases. Detail may not sum to total because of rounding.",,,,,,,,,,,,,,,
