Bureau of Justice Statistics,,,,,,,,,,,,,,
Filename:  fdluc06at10.csv,,,,,,,,,,,,,,
"Appendix table 10. Length of prison sentence for offenders convicted of a felony, by most serious conviction offense, 2006",,,,,,,,,,,,,,
"Report title: Felony Defendants in Large Urban Counties, 2006,  NCJ  228944",,,,,,,,,,,,,,
Data source:  2006 State Court Processing Statistics Program,,,,,,,,,,,,,,
Refer questions to:  askbjs@usdoj.gov   202-307-0765,,,,,,,,,,,,,,
Authors:  Thomas H. Cohen and Tracey Kyckelhahn,,,,,,,,,,,,,,
Date of version:  05/26/2010,,,,,,,,,,,,,,
,,,,,,,,,,,,,,
"Appendix table 10. Length of prison sentence for offenders convicted of a felony, by most serious conviction offense, 2006",,,,,,,,,,,,,,
,,,Percent receiving a maximum sentence length (in months),,,,,,,,,,,
Most serious conviction offense,,Number of defendants,  1-24  ,, 25-48 ,,49-72 ,,73-120 ,,Over 120*,,Life,
,All felonies,"11,359",51,%,24,%,11,%,8,%,6,%,1,%
Violent offenses,,"2,550",27,%,23,%,16,%,15,%,16,%,3,%
,Murder,138,0,,2,,0,,5,,41,,52,
,Rape,97,14,,20,,11,,22,,29,,4,
,Robbery,1086,20,,25,,16,,20,,19,,--,
,Assault,816,39,,26,,16,,10,,9,,--,
,Other violent,415,35,,18,,22,,12,,13,,0,
Property offenses,,"3,273",57,%,22,%,9,%,8,%,4,%,0,%
,Burglary,"1,084",49,,24,,10,,12,,6,,0,
,Larceny/theft,872,66,,20,,5,,6,,2,,0,
,Motor vehicle theft,499,61,,19,,11,,7,,2,,0,
,Forgery,254,45,,30,,9,,9,,7,,0,
,Fraud,235,55,,24,,15,,5,,2,,0,
,Other property,329,61,,21,,12,,5,,2,,0,
Drug offenses,,"3,801",59,%,24,%,9,%,5,%,2,%,0,%
,Trafficking,"1,568",40,,33,,12,,10,,5,,0,
,Other drug,"2,234",73,,18,,7,,2,,1,,0,
Public-order offenses,,"1,545",59,%,25,%,12,%,3,%,2,%,0,%
,Weapons   ,582,49,,28,,17,,5,,2,,0,
,Driving-related,423,57,,26,,12,,4,,2,,0,
,Other public-order,541,71,,20,,6,,1,,2,,0,
"Note: Data on length of prison sentence were available for over 99.9% of all cases in which a defendant received a prison sentence. Seven percent of prison sentences included a probation term, and 9% included a fine.  Total for all offenses includes cases that could not be classified into one of the four major offense categories. Detail may not sum to total because of rounding. ",,,,,,,,,,,,,,
--Less than 0.5%. ,,,,,,,,,,,,,,
*Excludes life sentences.,,,,,,,,,,,,,,
