Bureau of Justice Statistics,,,,,,,,,,
Filename:  fdluc06at17.csv,,,,,,,,,,
"Appendix table 17. Sex and age of felony defendants, by SCPS jurisdiction, 2006",,,,,,,,,,
"Report title: Felony Defendants in Large Urban Counties, 2006,  NCJ  228944",,,,,,,,,,
Data source:  2006 State Court Processing Statistics Program,,,,,,,,,,
Refer questions to:  askbjs@usdoj.gov   202-307-0765,,,,,,,,,,
Authors:  Thomas H. Cohen and Tracey Kyckelhahn,,,,,,,,,,
Date of version:  05/26/2010,,,,,,,,,,
,,,,,,,,,,
"Appendix table 17. Sex and age of felony defendants, by SCPS jurisdiction, 2006",,,,,,,,,,
,Percent of felony defendants,,,,,,,,,
,,,Sex,,,,Age at arrest,,,
County (State),Total,,Male,Female,Total,,Under 21,21-29,30-39,40 or older
Maricopa (AZ),100,%,82,18,100,%,17,37,25,20
Pima (AZ),100,%,80,20,100,%,17,32,25,26
Los Angeles (CA),100,%,84,16,100,%,13,30,26,31
Orange (CA),100,%,81,19,100,%,17,33,28,23
San Bernardino (CA),100,%,84,16,100,%,12,38,25,26
Ventura (CA),100,%,81,19,100,%,10,41,22,27
Hartford (CT),100,%,85,15,100,%,32,31,19,18
Broward (FL),100,%,73,27,100,%,19,34,21,26
Miami-Dade (FL),100,%,82,18,100,%,13,29,25,33
Hillsborough (FL),100,%,76,24,100,%,15,30,25,30
Orange (FL),100,%,83,17,100,%,17,34,23,26
Honolulu (HI),100,%,83,17,100,%,11,33,27,29
Cook (IL),100,%,85,15,100,%,18,29,27,26
Marion (IN),100,%,78,22,100,%,14,33,27,26
Baltimore (MD),100,%,77,23,100,%,28,36,15,20
Montgomery (MD),100,%,85,15,100,%,28,34,16,22
Prince George's (MD),100,%,88,12,100,%,22,37,21,20
Oakland (MI),100,%,80,20,100,%,27,28,23,23
Wayne (MI),100,%,84,16,100,%,18,33,21,28
Saint Louis (MO),100,%,83,17,100,%,18,32,27,23
Essex (NJ),100,%,86,14,100,%,14,34,24,26
Middlesex (NJ),100,%,81,19,100,%,12,30,27,25
Bronx (NY),100,%,86,14,100,%,26,31,23,20
Kings (NY),100,%,90,10,100,%,27,34,18,21
Nassau (NY),100,%,86,14,100,%,18,34,25,23
New York (NY),100,%,82,18,100,%,19,27,22,32
Suffolk (NY),100,%,87,14,100,%,17,36,23,24
Wake (NC),100,%,82,18,100,%,24,34,23,20
Cuyahoga (OH),100,%,82,18,100,%,17,34,23,26
Franklin (OH),100,%,87,14,100,%,19,36,23,23
Hamilton (OH),100,%,78,22,100,%,16,36,22,26
Shelby (TN),100,%,83,17,100,%,13,37,23,27
Dallas (TX),100,%,83,17,100,%,14,33,27,27
El Paso (TX),100,%,83,17,100,%,18,29,31,21
Harris (TX),100,%,79,21,100,%,16,31,24,29
Tarrant (TX),100,%,79,21,100,%,14,33,29,25
Salt Lake (UT),100,%,82,18,100,%,11,37,24,27
King (WA),100,%,87,13,100,%,17,31,27,25
Milwaukee (WI),100,%,87,13,100,%,22,33,26,19
Note: Detail may not sum to total because of rounding.,,,,,,,,,,
