Bureau of Justice Statistics,,,,,,,,,,,,
Filename:  fdluc06t04.csv,,,,,,,,,,,,
"Table 4. Prior arrests and convictions of felony defendants at time of arrest, by most serious arrest charge, 2006",,,,,,,,,,,,
"Report title: Felony Defendants in Large Urban Counties, 2006,  NCJ  228944",,,,,,,,,,,,
Data source:  2006 State Court Processing Statistics Program,,,,,,,,,,,,
Refer questions to:  askbjs@usdoj.gov   202-307-0765,,,,,,,,,,,,
Authors:  Thomas H. Cohen and Tracey Kyckelhahn,,,,,,,,,,,,
Date of version:  05/26/2010,,,,,,,,,,,,
,,,,,,,,,,,,
"Table 4. Prior arrests and convictions of felony defendants at time of arrest, by most serious arrest charge, 2006",,,,,,,,,,,,
,,,Percent of defendants with�,,,,,,,,,
Most serious arrest charge,,Number of defendants,At least one prior arrest,,Multiple prior arrests,,At least one prior conviction,,Multiple prior convictions,,At least one prior felony conviction,
,All offenses,"56,583",77,%,69,%,61,%,49,%,43,%
Violent offenses,,"12,881",71,%,62,%,53,%,41,%,35,%
,Murder,362,81,,69,,56,,43,,42,
,Rape,650,56,,43,,31,,23,,18,
,Robbery,"3,378",73,,64,,54,,42,,38,
,Assault,"6,118",74,,66,,56,,45,,36,
,Other violent,"2,372",62,,52,,48,,35,,30,
Property offenses,,"16,330",74,%,66,%,58,%,47,%,42,%
,Burglary,"4,374",81,,73,,66,,54,,49,
,Larceny/theft,"4,902",69,,62,,54,,44,,39,
,Motor vehicle theft,"1,638",85,,77,,69,,57,,51,
,Forgery,"1,375",71,,61,,56,,41,,37,
,Fraud,"2,073",62,,53,,45,,36,,30,
,Other property,"1,964",77,,69,,60,,47,,39,
Drug offenses,,"20,800",81,%,74,%,66,%,53,%,49,%
,Trafficking,"8,147",78,,72,,61,,50,,46,
,Other drug,"12,651",83,,75,,68,,56,,50,
Public-order offenses,,"6,572",81,%,74,%,66,%,54,%,47,%
,Weapons,"1,930",80,,71,,65,,52,,52,
,Driving-related,"1,833",88,,82,,72,,58,,38,
,Other public-order,"2,810",78,,71,,62,,53,,48,
Note: Data on whether a defendant had any prior arrests and the number of prior arrest charges were available for 99% of all current arrest cases. Data on the number of prior convictions were available for 99% of all cases. ,,,,,,,,,,,,
