Bureau of Justice Statistics,,,,,,
Filename:  fdluc06at03.csv,,,,,,
"Appendix table 3. Sex of felony defendants, by most serious arrest charge, 2006",,,,,,
"Report title: Felony Defendants in Large Urban Counties, 2006,  NCJ  228944",,,,,,
Data source:  2006 State Court Processing Statistics Program,,,,,,
Refer questions to:  askbjs@usdoj.gov   202-307-0765,,,,,,
Authors:  Thomas H. Cohen and Tracey Kyckelhahn,,,,,,
Date of version:  05/26/2010,,,,,,
,,,,,,
"Appendix table 3. Sex of felony defendants, by most serious arrest charge, 2006",,,,,,
,,,Percent of defendants,,,
Most serious arrest charge,, Number of defendants,Total,,Male,Female
,All offenses,"57,980",100,%,82,18
Violent offenses,,"13,264",100,%,87,13
,Murder,370,100,%,97,3
,Rape,666,100,%,98,2
,Robbery,"3,446",100,%,90,10
,Assault,"6,381",100,%,83,17
,Other violent,"2,400",100,%,85,15
Property offenses,,"16,907",100,%,76,24
,Burglary,"4,495",100,%,88,12
,Larceny/theft,"5,257",100,%,68,32
,Motor vehicle theft,"1,661",100,%,87,13
,Forgery,"1,414",100,%,63,37
,Fraud,"2,109",100,%,62,38
,Other property,"1,971",100,%,84,16
Drug offenses,,"21,197",100,%,83,17
,Trafficking,"8,474",100,%,88,12
,Other drug,"12,724",100,%,80,20
Public-order offenses,,"6,612",100,%,89,11
,Weapons,"1,953",100,%,96,4
,Driving-related,"1,836",100,%,89,11
,Other public-order,"2,822",100,%,84,16
Note: Data on sex of defendants were available for 99.8% of all cases. ,,,,,,
