Bureau of Justice Statistics,,,,,,,,,,,,
Filename:  fdluc06t09.csv,,,,,,,,,,,,
"Table 9. Released felony defendants committing misconduct, by most serious arrest charge, 2006",,,,,,,,,,,,
"Report title: Felony Defendants in Large Urban Counties, 2006,  NCJ  228944",,,,,,,,,,,,
Data source:  2006 State Court Processing Statistics Program,,,,,,,,,,,,
Refer questions to:  askbjs@usdoj.gov   202-307-0765,,,,,,,,,,,,
Authors:  Thomas H. Cohen and Tracey Kyckelhahn,,,,,,,,,,,,
Date of version:  05/26/2010,,,,,,,,,,,,
,,,,,,,,,,,,
"Table 9. Released felony defendants committing misconduct, by most serious arrest charge, 2006",,,,,,,,,,,,
,,,,,,,,,,,,
,,,Percentage of defendants with�,,,,,,,,,
Most serious arrest charge,,Number,Any pretrial misconduct/a,,Failure to appear/b,,Fugitive status/b,,Rearrest/c,,Rearrest for a felony/c,
,All offenses,"33,279",33,%,18,%,4,%,18,%,11,%
Violent offenses,,"6,890",26,%,11,%,2,%,16,%,9,%
,Murder,28,0,,0,,0,,0,,0,
,Rape,376,20,,6,,3,,9,,4,
,Robbery,"1,323",39,,16,,2,,27,,15,
,Assault,"3,747",25,,10,,2,,15,,8,
,Other violent,"1,416",20,,8,,3,,10,,5,
Property offenses,,"9,770",35,%,20,%,5,%,18,%,11,%
,Burglary,"1,963",37,,21,,5,,19,,12,
,Larceny/theft,"3,452",31,,20,,4,,17,,10,
,Motor vehicle theft,721,53,,24,,4,,30,,21,
,Forgery,903,34,,21,,6,,14,,8,
,Fraud,"1,550",27,,18,,6,,11,,8,
,Other property,"1,182",38,,20,,4,,22,,16,
Drug offenses,,"12,534",37,%,21,%,5,%,20,%,13,%
,Trafficking,"5,356",38,,19,,4,,24,,15,
,Other drug,"7,178",36,,23,,5,,16,,12,
Public-order offenses,,"4,085",31,%,16,%,4,%,15,%,9,%
,Weapons,"1,098",28,,11,,3,,17,,10,
,Driving-related,"1,318",34,,19,,5,,14,,9,
,Other public-order,"1,669",30,,18,,4,,15,,9,
"a/Types of misconduct include failure to appear in court, rearrest for a new offense, or a technical violation of release conditions that resulted in the revocation of pretrial release. Data were collected for up to 1 year.     ",,,,,,,,,,,,
b/Data on the court appearance record for the current case were available for 99% of cases involving a defendant released prior to disposition. Defendants who failed to appear in court and were not returned to the court during the 1-year study period are counted as fugitives. Some of these defendants may have been returned to the court at a later date.,,,,,,,,,,,,
c/Rearrest data were available for 97% of released defendants. Rearrest data were collected for 1 year. Rearrests occurring after the end of this 1-year study period are not included in the table. Information on rearrests occurring in jurisdictions other than the one granting the pretrial release were not always available.,,,,,,,,,,,,
