Bureau of Justice Statistics,,,,,,,,,,,,
Filename:  fdluc06t15.csv,,,,,,,,,,,,
"Table 15. Most severe type of sentence received by offenders convicted of a felony, by prior conviction record, 2006",,,,,,,,,,,,
"Report title: Felony Defendants in Large Urban Counties, 2006,  NCJ  228944",,,,,,,,,,,,
Data source:  2006 State Court Processing Statistics Program,,,,,,,,,,,,
Refer questions to:  askbjs@usdoj.gov   202-307-0765,,,,,,,,,,,,
Authors:  Thomas H. Cohen and Tracey Kyckelhahn,,,,,,,,,,,,
Date of version:  05/26/2010,,,,,,,,,,,,
,,,,,,,,,,,,
"Table 15. Most severe type of sentence received by offenders convicted of a felony, by prior conviction record, 2006",,,,,,,,,,,,
,,,Percent of offenders convicted of a felony and sentenced to� ,,,,,,,,,
,,,,,Incarceration,,,,Non-incarceration,,,
Prior conviction record and most serious current felony conviction,,Number of offenders,Total,,Total,,Prison,Jail,Total,,Probation,Other*
More than 1 prior felony conviction,,,,,,,,,,,,
,All offenses,"10,196",100,%,83,%,54,29,17,%,16,1
,Violent offenses,"1,101",100,%,88,%,67,22,12,%,11,1
,Property offenses,"3,176",100,%,88,%,60,28,12,%,11,1
,Drug offenses,"4,630",100,%,77,%,46,32,23,%,21,2
,Public-order offenses,"1,265",100,%,86,%,59,27,14,%,13,1
1 prior felony conviction,,,,,,,,,,,,
,All offenses,"4,695",100,%,76,%,45,31,24,%,22,1
,Violent offenses,654,100,%,82,%,62,20,18,%,17,1
,Property offenses,"1,323",100,%,80,%,41,39,20,%,19,1
,Drug offenses,"1,921",100,%,69,%,39,30,31,%,29,2
,Public-order offenses,793,100,%,83,%,52,31,18,%,16,1
Prior misdemeanor convictions only,,,,,,,,,,,,
,All offenses,"4,535",100,%,70,%,26,44,30,%,28,2
,Violent offenses,875,100,%,83,%,44,39,17,%,16,1
,Property offenses,"1,509",100,%,74,%,19,55,26,%,24,2
,Drug offenses,"1,429",100,%,58,%,20,38,43,%,41,2
,Public-order offenses,722,100,%,69,%,32,38,31,%,26,5
No prior convictions,,,,,,,,,,,,
,All offenses,"8,102",100,%,60,%,29,31,40,%,38,3
,Violent offenses,"2,027",100,%,74,%,50,24,26,%,24,2
,Property offenses,"2,486",100,%,56,%,21,36,44,%,40,3
,Drug offenses,"2,622",100,%,54,%,25,30,46,%,43,3
,Public-order offenses,930,100,%,52,%,17,35,49,%,46,3
"Note: Data on prior conviction record and type of sentence were available for 96% of all convicted felony offenders. Sentences to incarceration may have also included a probation term, and probation sentences may have included additional court ordered conditions. Detail may not sum to total because of rounding. ",,,,,,,,,,,,
"*Other sentences may include fines, community service, restitution, and treatment. ",,,,,,,,,,,,
