Bureau of Justice Statistics,,,,,,,,,
Filename:  fdluc06at09.csv,,,,,,,,,
"Appendix table 9. Time from conviction to sentencing for convicted offenders, by most serious conviction offense, 2006",,,,,,,,,
"Report title: Felony Defendants in Large Urban Counties, 2006,  NCJ  228944",,,,,,,,,
Data source:  2006 State Court Processing Statistics Program,,,,,,,,,
Refer questions to:  askbjs@usdoj.gov   202-307-0765,,,,,,,,,
Authors:  Thomas H. Cohen and Tracey Kyckelhahn,,,,,,,,,
Date of version:  05/26/2010,,,,,,,,,
,,,,,,,,,
"Appendix table 9. Time from conviction to sentencing for convicted offenders, by most serious conviction offense, 2006",,,,,,,,,
,,,,,,,,,
,,,,Percent of convicted defendants sentenced within�,,,,,
Most serious conviction offense,,,Number of defendants,     Total,,      0-1 day ,    2-30 days,   31-60 days,  61 days or more
,All offenses,,"33,682",100,%,68,12,12,8
Felonies,,,"28,018",100,%,66,13,13,8
,Violent offenses,,"4,789",100,%,55,16,18,11
,,Murder,147,100,%,22,37,28,14
,,Rape,146,100,%,47,19,31,3
,,Robbery,"1,567",100,%,53,16,18,14
,,Assault,"1,908",100,%,60,15,16,9
,,Other violent,"1,023",100,%,57,13,19,11
,Property offenses,,"8,616",100,%,64,14,14,9
,,Burglary,"2,321",100,%,65,14,12,9
,,Larceny/theft,"2,708",100,%,69,13,10,8
,,Motor vehicle theft,985,100,%,66,14,11,10
,,Forgery,661,100,%,54,21,16,10
,,Fraud,979,100,%,64,10,18,9
,,Other property,962,100,%,50,19,23,8
,Drug offenses,,"10,833",100,%,73,11,10,7
,,Trafficking,"3,415",100,%,61,15,14,10
,,Other drug,"7,418",100,%,78,9,8,5
,Public-order offenses,,"3,780",100,%,67,12,13,8
,,Weapons   ,"1,117",100,%,57,18,16,10
,,Driving-related,"1,203",100,%,75,9,10,7
,,Other public-order,"1,461",100,%,69,11,12,8
Misdemeanors,,,"5,664",100,%,79,5,8,9
Note:  Data on time from conviction to sentencing were available for 96% of convicted  offenders. Total for all felonies includes cases that could not be classified into one of the four major offense categories. Detail may not sum to total because of rounding.,,,,,,,,,
