Bureau of Justice Statistics,,,,,,,,
Filename:  fdluc06at07.csv,,,,,,,,
"Appendix table 7. Most serious prior conviction of felony defendants, by most serious current arrest charge, 2006",,,,,,,,
"Report title: Felony Defendants in Large Urban Counties, 2006,  NCJ  228944",,,,,,,,
Data source:  2006 State Court Processing Statistics Program,,,,,,,,
Refer questions to:  askbjs@usdoj.gov   202-307-0765,,,,,,,,
Authors:  Thomas H. Cohen and Tracey Kyckelhahn,,,,,,,,
Date of version:  05/26/2010,,,,,,,,
,,,,,,,,
"Appendix table 7. Most serious prior conviction of felony defendants, by most serious current arrest charge, 2006",,,,,,,,
,,,,,,,,
,,,Most serious prior conviction ,,,,,
Most serious arrest charge,,Number of defendants,Violent,,Nonviolent,,Misdemeanor,
,All offenses,"55,224",13,%,28,%,18,%
Violent offenses,,"12,808",16,%,17,%,18,%
,Murder,350,16,,23,,15,
,Rape,660,10,,8,,13,
,Robbery,"3,308",19,,18,,16,
,Assault,"6,164",17,,17,,21,
,Other violent,"2,327",13,,15,,18,
Property offenses,,"16,048",11,%,28,%,17,%
,Burglary,"4,173",14,,32,,18,
,Larceny/theft,"5,058",10,,27,,15,
,Motor vehicle theft,"1,473",13,,32,,20,
,Forgery,"1,367",9,,26,,20,
,Fraud,"2,064",6,,22,,15,
,Other property,"1,911",12,,25,,22,
Drug offenses,,"20,048",12,%,34,%,18,%
,Trafficking,"8,073",12,,32,,16,
,Other drug,"11,976",12,,36,,19,
Public-order offenses,,"6,320",16,%,29,%,20,%
,Weapons,"1,861",16,,34,,13,
,Driving-related,"1,789",9,,28,,35,
,Other public-order,"2,670",20,,26,,15,
Note: Data were available on the most serious prior felony conviction for 95% of all cases. Detail may not sum to total because of rounding.,,,,,,,,
