Bureau of Justice Statistics,,,,,,,,,,,,,
Filename:  fdluc06t12.csv,,,,,,,,,,,,,
"Table 12. Most severe sentence received by convicted offenders, by most serious conviction offense, 2006",,,,,,,,,,,,,
"Report title: Felony Defendants in Large Urban Counties, 2006,  NCJ  228944",,,,,,,,,,,,,
Data source:  2006 State Court Processing Statistics Program,,,,,,,,,,,,,
Refer questions to:  askbjs@usdoj.gov   202-307-0765,,,,,,,,,,,,,
Authors:  Thomas H. Cohen and Tracey Kyckelhahn,,,,,,,,,,,,,
Date of version:  05/26/2010,,,,,,,,,,,,,
,,,,,,,,,,,,,
"Table 12. Most severe sentence received by convicted offenders, by most serious conviction offense, 2006",,,,,,,,,,,,,
,,,,,,,Percent of convicted offenders sentenced to�,,,,,,
,,,,,,,Incarceration,,,,Non-incarceration,,
Most serious conviction offense,,,Number of offenders,Total,,Total,,Prison,Jail,Total,,Probation,Other
,All offenses,,"33,025",100,%,70,%,35,36,30,%,25,5
Felonies,,,"27,810",100,%,73,%,40,32,27,%,25,2
,Violent offenses,,"4,713",100,%,80,%,55,26,20,%,18,1
,,Murder,147,100,%,100,%,98,2,0,%,0,0
,,Rape,146,100,%,80,%,67,12,21,%,21,0
,,Robbery,"1,515",100,%,86,%,72,14,14,%,13,1
,,Assault,"1,893",100,%,76,%,43,33,24,%,23,1
,,Other violent,"1,014",100,%,76,%,42,34,24,%,20,4
,Property offenses,,"8,573",100,%,75,%,38,37,25,%,23,2
,,Burglary,"2,307",100,%,82,%,47,35,18,%,16,1
,,Larceny/theft,"2,685",100,%,71,%,32,39,29,%,27,2
,,Motor vehicle theft,997,100,%,87,%,50,37,13,%,12,1
,,Forgery,662,100,%,72,%,38,34,28,%,27,1
,,Fraud,964,100,%,55,%,24,31,45,%,40,5
,,Other property,957,100,%,78,%,34,43,22,%,20,2
,Drug offenses,,"10,710",100,%,67,%,36,32,33,%,31,2
,,Trafficking,"3,370",100,%,77,%,47,30,23,%,22,1
,,Other drug,"7,339",100,%,63,%,30,32,37,%,35,3
,Public-order offenses,,"3,749",100,%,73,%,41,32,27,%,25,2
,,Weapons   ,"1,100",100,%,80,%,53,27,20,%,19,1
,,Driving-related,"1,197",100,%,65,%,35,30,35,%,31,4
,,Other public-order,"1,451",100,%,74,%,37,37,26,%,24,2
Misdemeanors,,,"5,212",100,%,57,%,3,54,43,%,22,21
"Note: Data on type of sentence were available for 94% of convicted defendants. Sentences to incarceration that were wholly suspended are included under probation. Nine percent of prison sentences and 68% of jail sentences included a probation term. Sentences to incarceration or probation may have included a fine, restitution, community service, treatment, or other court-ordered conditions. Other sentences may include fines, community service, restitution, and treatment. Total for all felonies includes cases that could not be classified into one of the four major offense categories.",,,,,,,,,,,,,
Details may not sum to totals because of rounding.    ,,,,,,,,,,,,,
