Bureau of Justice Statistics,,,,,,,,
Filename:  fdluc06at01.csv,,,,,,,,
"Appendix table 1. Level of second most serious charge of felony defendants,  by most serious primary arrest charge, 2006 ",,,,,,,,
"Report title: Felony Defendants in Large Urban Counties, 2006,  NCJ  228944",,,,,,,,
Data source:  2006 State Court Processing Statistics Program,,,,,,,,
Refer questions to:  askbjs@usdoj.gov   202-307-0765,,,,,,,,
Authors:  Thomas H. Cohen and Tracey Kyckelhahn,,,,,,,,
Date of version:  05/26/2010,,,,,,,,
,,,,,,,,
"Appendix table 1. Level of second most serious charge of felony defendants,  by most serious primary arrest charge, 2006 ",,,,,,,,
,,,,,,,,
,,,Percent of felony defendants who were�,,,,,
Most serious arrest charge,,Number of defendants,         Total,, No other charges,Total,Felony,Misdemeanor
,All offenses,"53,629",100,%,48,52,36,16
Violent offenses,,"11,930",100,%,41,59,46,12
,Murder,349,100,%,35,65,65,0
,Rape,594,100,%,35,65,62,3
,Robbery,"2,834",100,%,41,59,53,7
,Assault,"5,778",100,%,45,55,41,14
,Other violent,"2,374",100,%,36,64,45,19
Property offenses,,"15,897",100,%,48,52,41,11
,Burglary,"4,269",100,%,32,68,57,11
,Larceny/theft,"4,949",100,%,57,43,32,10
,Motor vehicle theft,"1,653",100,%,53,47,35,12
,Forgery,"1,368",100,%,42,58,46,12
,Fraud,"1,842",100,%,51,49,42,7
,Other property,"1,816",100,%,56,44,27,17
Drug offenses,,"19,710",100,%,48,52,31,20
,Trafficking,"7,157",100,%,32,68,56,11
,Other drug,"12,553",100,%,57,43,17,25
Public-order offenses,,"6,092",100,%,59,41,21,20
,Weapons,"1,695",100,%,48,52,33,19
,Driving-related,"1,778",100,%,58,42,25,17
,Other public-order,"2,618",100,%,66,34,11,23
Note: Data for the most serious arrest charge and the next most serious arrest charge were available for 92.3% of all cases. Detail may not sum to total because of rounding.,,,,,,,,
