Bureau of Justice Statistics,,,,,,,
Filename: iscs05fig13-1.csv,,,,,,,
"Figure 13.1.-Percentage of students in grades 9-12 who reported carrying a weapon at least 1 day during the previous 30 days, by location and sex:  Selected years 1993-2003",,,,,,,
Report title: Indicators of School Crime and Safety: 2006  NCJ#214262,,,,,,,
Data source: Youth Risk Behavior Surveillance System (YRBSS),,,,,,,
"Author: Jill F. DeVoe, Katharin Peter, Margaret Noonan, Thomas D. Snyder, Katrina Baum",,,,,,,
Refer questions to: askbjs@usdoj.gov  202-307-0765,,,,,,,
Date of version: 11/12/2005,,,,,,,

"Figure 13.1.-Percentage of students in grades 9-12 who reported carrying a weapon at least 1 day during the previous 30 days, by location and sex:  Selected years 1993-2003",,,,,,,

Anywhere,,,,,,,
,1993,1995,1997,1999,2001,2003,
Total,22.1,20,18.3,17.3,17.4,17.1,18.5
Male,34.3,31.1,27.7,28.6,29.3,26.9,2938
Female,9.2,8.3,7,6,6.2,6.7,7.1

On school property,,,,,,,
,1993,1995,1997,1999,2001,2003,
Total,11.8,9.8,8.5,6.9,6.4,6.1,6.5
Male,17.9,14.3,12.5,11,10.2,8.9,10.2
Female,5.1,4.9,3.7,2.8,2.9,3.1,


"NOTE: ""On school property"" was not defined for survey respondents. The term ""anywhere"" is not used in the YRBS questionnaire. Rather, students are simply asked during the past 30 days, on how many days they carried a weapon.",,,,,,,
"SOURCE: Centers for Disease Control and Prevention, National Center for Chronic Disease Prevention and Health Promotion, Youth Risk Behavior Surveillance System (YRBSS), ""Youth Risk Behavior Survey"" (YRBS), selected years 1993-2003.",,,,,,,
