Bureau of Justice Statistics,,,,,,,,
Filename:  iscs06fig2-1.csv,,,,,,,,
"Figure 2.1. Rate of student-reported nonfatal crimes against students ages 12-18 per 1,000 students, by type of crime and location, 1992-2004",,,,,,,,
Report title: Indicators of School Crime and Safety: 2006  NCJ#214262,,,,,,,,
Data source: National Crime Victimization Survey,,,,,,,,
"Author: Rachel Dinkes, Emily Forrest Cataladi, Grace Kena, Katrina Baum",,,,,,,,
Refer questions to: askbjs@usdoj.gov  202-307-0765,,,,,,,,
Date of version: 12/03/2006,,,,,,,,

"Figure 2.1.-Rate of student-reported nonfatal crimes against students ages 12-18 per 1,000 students, by type of crime and location:  1992-2004",,,,,,,,


,Total,,Thefts,,Violent crimes,,Serious violent crimes/1,
Year,At school,Away from school,At school,Away from school,At school,Away from school,At school,Away from school
1992,144,138,95,68,48,71,10,32
1993,155,139,96,69,59,70,12,35
1994,150,129,94,60,56,69,13,33
1995,135,119,85,61,50,58,9,23
1996,121,117,78,62,43,55,9,26
1997,102,117,63,58,40,59,8,24
1998,101,95,58,46,43,48,9,21
1999,92,78,59,39,33,39,7,18
2000,72,74,46,40,26,34,5,14
2001,73,61,45,33,28,28,6,11
2002,64,55,40,29,24,26,3,11
2003,73,60,45,28,28,32,6,12
2004,55,48,33,27,22,21,4,9

1/Serious violent crimes are also included in violent crimes.,,,,,,,,
"NOTE: Serious violent crimes include rape, sexual assault, robbery, and aggravated assault. Violent crimes include serious violent crimes and simple assault. Total crimes include violent crimes and theft.  ""At school"" includes inside the school building, on school property, or on the way to or from school. Population sizes for students age 12-18 are 23,740,000 in 1992; 24,558,000 in 1993; 25,327,000 in 1994; 25,715,000 in 1995; 26,151,000 in 1996; 26,548,000 in 1997; 26,806,000 in 1998; 27,013,000 in 1999; 27,169,000 in 2000; 27,380,000 in 2001; 27,367,000 in 2002; 26,386,000 in 2003; and 26,372,000 in 2004.",,,,,,,,
"SOURCE: U.S. Department of Justice, Bureau of Justice Statistics, National Crime Victimization Survey (NCVS), 1992-2004.",,,,,,,,
