Bureau of Justice Statistics,
Filename: iscs06fig9-2.csv,
"Figure 9.2. - Percentage of students in grades 9-12 who reported drugs were made available to them on school property during the previous 12 months, by race/ethnicity: 2005",
Report title: Indicators of School Crime and Safety: 2006  NCJ#214262,
Data source: Youth Risk Behavior Surveillance System (YRBSS),
"Author: Rachel Dinkes, Emily Forrest Cataladi, Grace Kena, Katrina Baum",
Refer questions to: askbjs@usdoj.gov  202-307-0765,
Date of version: 12/03/2006,

"Figure 9.2. - Percentage of students in grades 9-12 who reported drugs were made available to them on school property during the previous 12 months, by race/ethnicity: 2005",

Race/ethnicity/1,
Total,25
White,24
Black,24
Hispanic,34
Asian,16
American Indian,24
Pacific Islander,41
More than one race,32

"1/American Indian includes Alaska Native, Black includes African American, Pacific Islander includes Native Hawaiian, and Hispanic includes Latino.  Respondents who identified themselves as being of Hispanic origin are classified as Hispanic, regardless of their race.",
"2/The response categories for race/ethnicity changed in 1999 making comparisons of some categories with earlier years problematic.  In 1993, 1995, and 1997, Asian and Pacific Islander students were not categorized separately and students were not given the option of choosing more than one race.",
"NOTE: ""On school property"" was not defined for survey respondents. Population size from the Digest of Education Statistics, 2005 (NCES 2006-030) for students in grades 9-12 is 16,286,000 (projected) in 2005.",
"SOURCE: Centers for Disease Control and Prevention, National Center for Chronic Disease Prevention and Health Promotion, Youth Risk Behavior Surveillance System (YRBSS), �Youth Risk Behavior Survey� (YRBS), 2005.",
