Bureau of Justice Statistics,,,
Filename: iscs06fig5-2.csv,,,
"Figure 5.2.- Percentage of public and private school teachers who reported that they were threatened with injury or that they were physically attacked by a student from school during the previous 12 months, by urbanicity and school sector: 2003-04",,,
Report title: Indicators of School Crime and Safety: 2006  NCJ#214262,,,
Data source: Schools and Staffing Survey (SASS),,,
"Author: Rachel Dinkes, Emily Forrest Cataladi, Grace Kena, Katrina Baum",,,
Refer questions to: askbjs@usdoj.gov  202-307-0765,,,
Date of version: 12/03/2006,,,

"Figure 5.2.-Percentage of public and private school teachers who reported that they were threatened with injury or that they were physically attacked by a student from school during the previous 12 months, by urbanicity and school sector:  2003-04",,,


,,Public,Private
Threatened with injury ,,,
,Total,7,2
,Central city,12,2
,Urban fringe,6,2,
,Rural,5,2,!
Physically attacked ,,,,
,Total,4,2,
,Central city,5,1,!
,Urban fringe,3,2,
,Rural,2,2,!

! Interpret data with caution.,,,,
"NOTE:  Teachers who taught only prekindergarten students are excluded. The public sector includes public, public charter, and Bureau of Indian Affairs school teachers.  Population sizes for teachers is 3,704,000 in 2003-04.  ",,,,
"SOURCE: U.S. Department of Education, National Center for Education Statistics, Schools and Staffing Survey (SASS), ""Public, Private, and Charter Teacher and School Questionnaire,"" 2003-04; ""Charter School Questionnaire,"" 2003-04; and ""Bureau of Indian Affairs Questionnaire,"" 2003-04.",,,,
