Bureau of Justice Statistics,,,
Filename: iscs06fig8-1.csv,,,
"Figure 8.1.-Percentage of students ages 12-18 who reported that gangs were present at school during the previous 6 months, by urbanicity:  2001-2005",,,
Report title: Indicators of School Crime and Safety: 2006  NCJ#214262,,,
Data source: School Crime Supplement (SCS) to the National Crime Victimization Survey,,,
"Author: Rachel Dinkes, Emily Forrest Cataladi, Grace Kena, Katrina Baum",,,
Refer questions to: askbjs@usdoj.gov  202-307-0765,,,
Date of version: 12/03/2006,,,

"Figure 8.1.-Percentage of students ages 12-18 who reported that gangs were present at school during the previous 6 months, by urbanicity:  2001-2005",,,


,2001,2003,2005
Total,20,21,24
Urban,29,31,36
Suburban,18,18,21
Rural,13,12,16

"NOTE: All gangs, whether or not they are involved in violent or illegal activity, are included.  ""At school"" includes the school building, on school property, on a school bus, or going to and from school.  In 2005, the unit response rate for this survey did not meet NCES statistical standards; therefore, interpret the data with caution.  For more information, please see appendix A. Population sizes for students ages 12-18 are 24,315,000 in 2001; 25,684,000 in 2003; and 25,811,000 in 2005.",,,
"SOURCE: U.S. Department of Justice, Bureau of Justice Statistics, School Crime Supplement (SCS) to the National Crime Victimization Survey, various years, 2001-2005.",,,
