Bureau of Justice Statistics,
Filename: iscs06fig4-2.csv,
"Figure 4.2.-Percentage of students in grades 9-12 who reported being threatened or injured with a weapon on school property during the previous 12 months, by grade: 2005",
Report title: Indicators of School Crime and Safety: 2006  NCJ#214262,
Data source: Youth Risk Behavior Surveillance System (YRBSS),
"Author: Rachel Dinkes, Emily Forrest Cataladi, Grace Kena, Katrina Baum",
Refer questions to: askbjs@usdoj.gov  202-307-0765,
Date of version: 12/03/2006,

"Figure 4.2.- Percentage of students in grades 9-12 who reported being threatened or injured with a weapon on school property during the previous 12 months, by grade: 2005",

Grade,Percent
Total,8
9th,11
10th,9
11th,6
12th,6

"NOTE: ""On school property"" was not defined for survey respondents. Population size from the Digest of Education Statistics, 2005 (NCES 2006-030) for students in grades 9-12 is 16,286,000 (projected) in 2005.",
"SOURCE: Centers for Disease Control and Prevention, National Center for Chronic Disease Prevention and Health Promotion, Youth Risk Behavior Surveillance System (YRBSS), 2005.",
