Bureau of Justice Statistics,,,,,,,
Filename: iscs06fig4-1.csv,,,,,,,
"Figure 4.1.-Percentage of students in grades 9-12 who reported being threatened or injured with a weapon on school property during the previous 12 months, by sex: Various years, 1993-2005",,,,,,,
Report title: Indicators of School Crime and Safety: 2006  NCJ#214262,,,,,,,
Data source: Youth Risk Behavior Surveillance System (YRBSS),,,,,,,
"Author: Rachel Dinkes, Emily Forrest Cataladi, Grace Kena, Katrina Baum",,,,,,,
Refer questions to: askbjs@usdoj.gov  202-307-0765,,,,,,,
Date of version: 12/03/2006,,,,,,,

"Figure 4.1.-Percentage of students in grades 9-12 who reported being threatened or injured with a weapon on school property during the previous 12 months, by sex: Various years, 1993-2005",,,,,,,

,1993,1995,1997,1999,2001,2003,2005
Total,7.3,8.4,7.4,7.7,8.9,9.2,7.9
Male,9.2,10.9,10.2,9.5,11.5,11.6,9.7
Female,5.4,5.8,4,5.8,6.5,6.5,6.1

"NOTE: ""On school property"" was not defined for survey respondents. Population sizes from the Digest of Education Statistics, 2005 (NCES 2006-030) for students in grades 9-12 are 13,093,000 students in 1993; 13,697,000 in 1995; 14,272,000 in 1997; 14,623,000 in 1999; 15,061,000 in 2001; 15,723,000 in 2003; and 16,286,000 (projected) in 2005."
"SOURCE: Centers for Disease Control and Prevention, National Center for Chronic Disease Prevention and Health Promotion, Youth Risk Behavior Surveillance System (YRBSS), Various years, 1993-2005."
