Bureau of Justice Statistics,,,,,,,,
Filename: iscs06fig14-1.csv,,,,,,,,
"Figure 14.1.-Percentage of students in grades 9-12 who reported using alcohol during the previous 30 days, by location and sex: Various years 1993-2005",,,,,,,,
Report title: Indicators of School Crime and Safety: 2006  NCJ#214262,,,,,,,,
Data source: Youth Risk Behavior Surveillance System (YRBSS),,,,,,,,
"Author: Rachel Dinkes, Emily Forrest Cataladi, Grace Kena, Katrina Baum",,,,,,,,
Refer questions to: askbjs@usdoj.gov  202-307-0765,,,,,,,,
Date of version: 12/03/2006,,,,,,,,

"Figure 14.1.-Percentage of students in grades 9-12 who reported using alcohol during the previous 30 days, by location and sex: Various years 1993-2005",,,,,,,,

Anywhere,,1993,1995,1997,1999,2001,2003,2005
,Total,48,51.6,50.8,50,47.1,44.9,43.3
,Male,50.1,53.2,53.3,52.3,49.2,43.8,43.8
,Female,45.9,49.9,47.8,47.7,45,45.8,42.8

On school property,,1993,1995,1997,1999,2001,2003,2005
,Total,5.2,6.3,5.6,4.9,4.9,5.2,4.3
,Male,6.2,7.2,7.2,6.1,6.1,6,5.3
,Female,4.2,5.3,3.6,3.6,3.8,4.2,3.3

"NOTE: ""On school property"" was not defined for survey respondents. The term ""anywhere"" is not used in the YRBS questionnaire. Rather, students are simply asked during the past 30 days, on how many days did they have at least one drink of alcohol. Population sizes from the Digest of Education Statistics, 2005 (NCES 2006-030) for students in grades 9-12 are 13,093,000 students in 1993; 13,697,000 in 1995; 14,272,000 in 1997; 14,623,000 in 1999; 15,061,000 in 2001; 15,723,000 in 2003 and 16,286,000 (projected) in 2005.",,,,,,,,
"SOURCE: Centers for Disease Control and Prevention, National Center for Chronic Disease Prevention and Health Promotion, Youth Risk Behavior Surveillance System (YRBSS), ""Youth Risk Behavior Survey"" (YRBS), various years 1993-2005.",,,,,,,,
