Bureau of Justice Statistics,,
Filename: iscs06fig15-2.csv,,
"Figure 15.2.-Percentage of students in grades 9-12 who reported using marijuana during the previous 30 days, by location and grade: 2005",,
Report title: Indicators of School Crime and Safety: 2006  NCJ#214262,,
Data source: Youth Risk Behavior Surveillance System (YRBSS),,
"Author: Rachel Dinkes, Emily Forrest Cataladi, Grace Kena, Katrina Baum",,
Refer questions to: askbjs@usdoj.gov  202-307-0765,,
Date of version: 12/03/2006,,

"Figure 15.2.-Percentage of students in grades 9-12 who reported using marijuana during the previous 30 days, by location and grade: 2005",,

,Anywhere,On school property
Total,20.2,4.5
9th grade,17.4,5
10th grade,20.2,4.6
11th grade,21,4.1
12th grade,22.8,4.1

"NOTE: ""On school property"" was not defined for survey respondents. The term ""anywhere"" is not used in the YRBS questionnaire. Students are simply asked how many times they used marijuana during the past 30 days. Population sizes from the Digest of Education Statistics, 2005 (NCES 2006-030) for students in grades 9-12 is 16,286,000 (projected) in 2005.",,
"SOURCE: Centers for Disease Control and Prevention, National Center for Chronic Disease Prevention and Health Promotion, Youth Risk Behavior Surveillance System (YRBSS), ""Youth Risk Behavior Survey"" (YRBS), 2005.",,
