Bureau of Justice Statistics,,,,,,,,,,,
filename: cv03t07.csv,,,,,,,,,,,
"Table 7.  Rates of violent crime and personal theft, by household income, marital status, region, and location of residence of victims, 2003",,,,,,,,,,,
"report title:  Criminal Victimization, 2003 NCJ 205455",,,,,,,,,,,
data source: National Crime Victimization Survey,,,,,,,,,,,
"author: Shannan Michelle Catalano, Ph.D., BJS Statistician",,,,,,,,,,,
refer questions to: askbjs@usdoj.gov or (202) 307-0765,,,,,,,,,,,
date of version: 09/12/04,,,,,,,,,,,

"Table 7.  Rates of violent crime and personal theft, by household income, marital status, region, and location of residence of victims, 2003",,,,,,,,,,,

,,,"Victimizations per 1,000 persons age 12 or older",,,,,,,,
,,,,,Violent crimes,,,,,,
,,,,,,,,,Assault,,
Characteristic of victim,Population,All,Rape/sexual assault,,Robbery,,Total,Aggravated,,Simple,Personal theft
Household income,,,,,,,,,,,
"Less than $7,500","8,335,120",49.9,1.6,*,9,,39.3,10.8,,28.5,1.2,*
"$7,500-$14,999","15,893,630",30.8,1.8,*,4,,25,7.9,,17,1.1,*
"$15,000-$24,999","24,560,390",26.3,0.8,*,4,,21.5,4.5,,17,0.7,*
"$25,000-$34,999","24,252,930",24.9,0.9,*,2.2,,21.8,5,,16.9,0.8,*
"$35,000-$49,999","32,082,950",21.4,0.9,*,2.1,,18.3,4.8,,13.5,0.7,*
"$50,000-$74,999","35,174,290",22.9,0.5,*,2,,20.4,5.2,,15.2,0.5,*
"$75,000 or more","47,855,860",17.5,0.5,*,1.7,,15.4,2.7,,12.6,1,

Marital status,,,,,,,,,,,,
Never married,"76,429,290",41.6,1.6,,5.2,,34.8,8.7,,26.1,1.4,
Married,"120,862,960",10.2,0.2,*,0.8,,9.2,1.8,,7.4,0.3,
Divorced/separated,"25,907,600",35.1,1.9,,3.5,,29.7,7.8,,21.9,0.7,*
Widowed,"14,297,780",3.5,0,*,1.1,*,2.5,0.1,*,2.3,0.8,*

Region,,,,,,,,,,,,
Northeast ,"44,525,430",21,0.2,*,2.7,,18.1,3.9,,14.2,1.1,
Midwest,"55,886,090",23.6,1.5,,2.7,,19.4,4.6,,14.8,1,
South,"86,489,420",21.1,0.9,,2.5,,17.8,4.4,,13.4,0.5,
West,"52,405,050",25.2,0.6,*,2.1,,22.5,5.6,,16.9,0.6,

Residence,,,,,,,,,,,,
Urban,"66,466,630",28.2,0.8,,3.7,,23.8,5.4,,18.3,1.3,
Suburban,"115,814,150",21.3,1,,2.3,,18.1,4.3,,13.7,0.7,
Rural,"57,025,210",18.6,0.6,,1.6,,16.4,4.2,,12.2,0.3,*

"Note:  The National Crime Victimization Survey includes as violent crime rape, sexual assault, robbery, and assault.",,,,,,,,,,,,
"Because the NCVS interviews persons about their victimizations, murder and manslaughter cannot be included.",,,,,,,,,,,,
*Based on 10 or fewer sample cases.,,,,,,,,,,,,
