Bureau of Justice Statistics,,,
filename: cv03f5.csv,,,
Figure 5.  Property crimes and urbanicity,,,
"report title:  Criminal Victimization, 2003 NCJ 205455",,,
data source: National Crime Victimization Survey,,,
"author: Shannan Michelle Catalano, Ph.D., BJS Statistician",,,
refer questions to: askbjs@usdoj.gov or (202) 307-0765,,,
date of version: 09/12/04,,,

Figure 5.  Property crimes and urbanicity,,,
,,,
,"Rate of property crimes per 1,000 households",,
,Urban,Suburban,Rural
1993,404.8,305.1,246.4
1994,384.7,297.2,245.2
1995,358.3,280.6,228.4
1996,335.8,252.6,206.4
1997,311.1,238.0,191.7
1998,274.2,204.5,173.5
1999,256.3,181.4,159.8
2000,222.1,163.7,152.6
2001,212.8,156.7,131.9
2002,215.3,145.3,118.3
2003,216.3,144.8,136.6
