Bureau of Justice Statistics,,
filename: cv03f4.csv,,
Figure 4.  Property crimes and owned/rented residences,,
"report title:  Criminal Victimization, 2003 NCJ 205455",,
data source: National Crime Victimization Survey,,
"author: Shannan Michelle Catalano, Ph.D., BJS Statistician",,
refer questions to: askbjs@usdoj.gov or (202) 307-0765,,
date of version: 09/12/04,,

Figure 4.  Property crimes and owned/rented residences,,
,,
,"Rate of property crimes per 1,000 households ",
,Owned,Rented 
1993,282.5,383.5
1994,275.2,372.7
1995,253.7,357.7
1996,233.7,327.1
1997,211.7,316.0
1998,189.6,270.6
1999,170.4,251.9
2000,153.4,228.3
2001,146.3,209.6
2002,136.4,207.0
2003,143.5,206.4
