Bureau of Justice Statistics,,,,,
filename: cv03t01.csv,,,,,
"Table 1.  Criminal victimization, number and rates, 2002 and 2003",,,,,
"report title:  Criminal Victimization, 2003 NCJ 205455",,,,,
data source: National Crime Victimization Survey,,,,,
"author: Shannan Michelle Catalano, Ph.D., BJS Statistician",,,,,
refer questions to: askbjs@usdoj.gov or (202) 307-0765,,,,,
date of version: 09/12/04,,,,,

"Table 1.  Criminal victimization, number and rates, 2002 and 2003",,,,,

,Number of victimizations,,"Victimization rate (per 1,000 persons age 12 or older or per 1,000 households)",,
Type of crime,2002,2003,2002,2003,
All crimes,"23,036,030","24,212,800",--,--,
Violent crimes/a,"5,341,410","5,401,720",23.1,22.6,
Rape/sexual assault,"247,730","198,850",1.1,0.8,+
Robbery,"512,490","596,130",2.2,2.5
Assault,"4,581,190","4,606,740",19.8,19.3
Aggravated ,"990,110","1,101,110",4.3,4.6
Simple ,"3,591,090","3,505,630",15.5,14.6

Property crimes,"17,539,220","18,626,380",159,163.2
Household burglary,"3,055,720","3,395,620",27.7,29.8
Motor vehicle theft,"988,760","1,032,470",9,9
Theft,"13,494,750","14,198,290",122.3,124.4

"Note: The total population age 12 or older was 231,589,260 in 2002 and 239,305,990 in 2003.  The total number of households was 110,323,840 in 2002 and 114,136,930 in 2003.",,,,
The population estimates for 2003 incorporate controls based on the 2000 decennial Census. See the box on page 12 for a discussion of the impact on survey estimates.,,,,
...Not applicable.,,,,
+The difference from 2002 to 2003 is significant at the 90%-confidence level.,,,,
a/The NCVS is based on interviews with victims and therefore cannot measure murder.,,,,
"See Survey methodology, pages 11 and 12.",,,,
