Bureau of Justice Statistics,,,,
filename: cv03tt5.csv,,,,
"Text Table 5. Violent crime average rate by region, and residence, 2000-2001 to 2002-03",,,,
"report title:  Criminal Victimization, 2003 NCJ 205455",,,,
data source: National Crime Victimization Survey,,,,
"author: Shannan Michelle Catalano, Ph.D., BJS Statistician",,,,
refer questions to: askbjs@usdoj.gov or (202) 307-0765,,,,
date of version: 09/12//04,,,,

"Text Table 5. Violent crime average rate by region, and residence, 2000-2001 to 2002-03",,,,

,"Average annual rate of violent crimes per 1,000 persons age 12 or older",,,
,2000-2001,2002-03,Percent change,
Northeast ,21.8,19.9,-8.7,%
Midwest,27.4,24.7,-10.1,
South,24.3,20.4,-16.1,*
West,33.1,27.3,-17.5,*

Urban,34.1,30.6,-10.3,+
Suburban,24.1,20.7,-14.1,*
Rural,22.3,18,-19.3,*

The 2000-2001 and 2002-03 difference is significant at the *95%-confidence level or +90%-confidence level.,,,,
