Bureau of Justice Statistics,,
filename: cv03f3.csv,,
Figure 3.  Violent crime and gender,,
"report title:  Criminal Victimization, 2003 NCJ 205455",,
data source: National Crime Victimization Survey,,
"author: Shannan M. Catalano, Ph.D., BJS Statistician",,
refer questions to: askbjs@usdoj.gov or (202) 307-0765,,
date of version: 09/12/04,,

Figure 3.  Violent crime and gender,,
,,
,"Rate of violent victimization per 1,000 persons age 12 or older",
,Male,Female
1993,59.8,40.7
1994,61.1,43.0
1995,55.7,38.1
1996,49.9,34.6
1997,45.8,33.0
1998,43.1,30.4
1999,37.0,28.8
2000,32.9,23.2
2001,27.3,23.0
2002,25.5,20.8
2003,26.3,19.0
