Bureau of Justice Statistics,,,,
filename: cv03tt4.csv,,,,
"Text Table 4. Violent crime average rate by annual household income, 2000-2001 to 2002-03",,,,
"report title:  Criminal Victimization, 2003 NCJ 205455",,,,
data source: National Crime Victimization Survey,,,,
"author: Shannan Michelle Catalano, Ph.D., BJS Statistician",,,,
refer questions to: askbjs@usdoj.gov or (202) 307-0765,,,,
date of version: 09/12/04,,,,

"Text Table 4. Violent crime average rate by annual household income, 2000-2001 to 2002-03",,,,

,"Average annual rate of violent crimes per 1,000 persons age 12 or older",,,
,2000-2001,2002-03,Percent change,
"Less than $7,500",53.7,47.7,-11.2,%
"$7,500-$14,999",37.4,31.1,-16.6,+
"$15,000-$24,999",31.8,28.1,-11.6,
"$25,000-$34,999",29.4,26,-11.8,
"$35,000-$49,999",27.4,23.5,-14.4,+
"$50,000-$74,999",22.3,20.8,-6.8,
"$75,000 or more",20.4,18.2,-10.8,

The 2000-2001 and 2002-03 difference is significant at the +90%-confidence level. ,,,,
