Bureau of Justice Statistics,,,,
filename: cv03t03.csv,,,,
"Table 3.  Rates of criminal victimization and percent change, 1993-2003",,,,
"report title:  Criminal Victimization, 2003 NCJ 205455",,,,
data source: National Crime Victimization Survey,,,,
"author: Shannan Michelle Catalano, Ph.D., BJS Statistician",,,,
refer questions to: askbjs@usdoj.gov or (202) 307-0765,,,,
date of version: 09/12/04,,,,

"Table 3.  Rates of criminal victimization and percent change, 1993-2003",,,,

,"Victimization rates (per 1,000 persoms age 12 or older or per 1,000 households)",,Percent change/a,
Type of crime,1993,2003,1993-2003,

Personal crimes/b,52.2,23.3,-55.4,%*
Crimes of violence,49.9,22.6,-54.7,*
Completed violence,15,6.9,-54,*
Attempted/threatened violence,34.9,15.7,-55,*
Rape/sexual assault,2.5,0.8,-68,*
Rape/attempted rape,1.6,0.5,-68.8,*
Rape,1,0.3,-70,*
Attempted rape,0.7,0.2,-71.4,*
Sexual assault,0.8,0.3,-62.5,*
Robbery,6,2.5,-58.3,*
Completed robbery,3.8,1.6,-57.9,*
With injury,1.3,0.7,-46.2,*
Without injury,2.5,0.9,-64,*
Attempted robbery,2.2,0.9,-59.1,*
With injury,0.4,0.2,-50,+
Without injury,1.8,0.7,-61.1,*
Assault,41.4,19.3,-53.4,*
Aggravated ,12,4.6,-61.7,*
With injury,3.4,1.5,-55.9,*
Threatened with weapon,8.6,3.1,-64,*
Simple ,29.4,14.6,-50.3,*
With minor injury,6.1,3.2,-47.5,*
Without injury,23.3,11.4,-51.1,*
Personal theft/c,2.3,0.8,-65.2,*

Property crimes,318.9,163.2,-48.8,%*
Household burglary,58.2,29.8,-48.8,*
Completed/d,47.2,24.6,-47.9,*
Forcible entry,18.1,8.9,-50.8,*
Unlawful entry without force,29.1,15.7,-46,*
Attempted forcible entry,10.9,5.1,-53.2,*
Motor vehicle theft,19,9,-52.6,*
Completed ,12.4,6.7,-46,*
Attempted,6.6,2.3,-65.2,*
Theft,241.7,124.4,-48.5,*
Completed/d,230.1,120.2,-47.8,*
Less than $50,98.7,36.7,-62.8,*
$50-$249,76.1,41.6,-45.3,*
$250 or more,41.6,29.6,-28.8,*
Attempted,11.6,4.2,-63.8,*

Note: Victimization rates may differ from those reported previously because estimates are now based on data collected in each calendar year rather than data about events within a calendar year.  (See Survey methodology on page 11.) ,,,,
"Completed violent crimes include rape, sexual assault, robbery with or without injury, aggravated assault with injury, and simple assault with minor injury.",,,,
"In 1993 the total population age 12 older was 211, 524,770; and 239,305,990 in 2003.",,,,
"The total number of households in 1993 was 99,927,410; and 114,136,930 in 2003.",,,,
The population estimates for 2003 incorporate controls based on the 2000 decennial Census. See the box on page 12 for a discussion of the impact on survey estimates.,,,,
*The difference between the indicated years is significant at the 95%-confidence level.,,,,
+The difference between the indicated years is significant at the 90%-confidence level.,,,,
a/Differences between the annual rates shown do not take into account changes that may have occurred during interim years.,,,,
b/The NCVS is based on interviews with victims and therefore cannot measure murder.,,,,
"c/Includes pocket picking, purse snatching, and attempted purse snatching."
d/Includes theft with unknown losses.
