Bureau of Justice Statistics,,,,,,,,,,,,
filename: cv03t10.csv,,,,,,,,,,,,
"Table 10.  Presence of weapons in violent incidents, 2003",,,,,,,,,,,,
"report title:  Criminal Victimization, 2003 NCJ 205455",,,,,,,,,,,,
data source: National Crime Victimization Survey,,,,,,,,,,,,
"author: Shannan Michelle Catalano, Ph.D., BJS Statistician",,,,,,,,,,,,
refer questions to: askbjs@usdoj.gov or (202) 307-0765,,,,,,,,,,,,
date of version: 09/12/04,,,,,,,,,,,,

"Table 10.  Presence of weapons in violent incidents, 2003",,,,,,,,,,,,

,Violent crime,,,Rape/sexual assault,,,Robbery,,,Simple and aggravated assault,,
Presence of offender's weapon,Number,Percent,,Number,Percent,,Number,Percent,,Number,Percent,

Total,"4,949,380",100,%,"191,350",100,%,"552,830",100,%,"4,205,190",100,%

No weapon,"3,398,040",69,%,"160,960",84,%,"223,620",41,%,"3,013,450",72,%

Weapon,"1,166,570",24,%,"20,690",11,%*,"246,820",45,%,"899,070",21,%
Firearm,"366,840",7,,"5,860",3,*,"138,280",25,,"222,700",5,
Knife,"331,240",7,,"11,380",6,*,"56,570",10,,"263,290",6,
Other,"427,510",9,,"3,450",2,*,"41,840",8,,"382,220",9,
Type not ascertained,"40,980",1,,0,0,*,"10,120",2,*,"30,860",1,*

Don't know,"384,770",8,%,"9,710",5,%*,"82,390",15,%,"292,670",7,%

Note:  Percentages may not total to 100% because of rounding. ,,,,,,,,,,,,
"If the offender was armed with more than one weapon, the crime is classified based on the most serious weapon present.",,,,,,,,,,,,
*Based on 10 or fewer sample cases.,,,,,,,,,,,,
