"Bureau of Justice Statistics",,,,,,,,,,,,,,,,,,,,,,,,
"file:90cntycr.csv",,,,,,,,,,,,,,,,,,,,,,,,
"Contents: UCR Index arrest and offense data for the 90 largest counties, for 1990-1996",,,,,,,,,,,,,,,,,,,,,,,,
"Source files: National Archive of Criminal Justice Data,  (http://www.icpsr.umich.edu/NACJD/)",,,,,,,,,,,,,,,,,,,,,,,,
"              FBI Uniform Crime Reporting Program Data [United States]: County-Level Detailed Arrest and Offense Data",,,,,,,,,,,,,,,,,,,,,,,,
"              1990 (ICPSR 9785), 1991 (ICPSR 6036), 1992 (ICPSR 6316), 1993 (ICPSR 6545), 1994 (ICPSR 6669) 1995 (ICPSR 6850) 1996 (ICPSR 2389)",,,,,,,,,,,,,,,,,,,,,,,,
"Contact: askbjs@ojp.usdoj.gov      (202)307-0765",,,,,,,,,,,,,,,,,,,,,,,,
"     to refer questions about this file or  for additional details about the estimation procedures",,,,,,,,,,,,,,,,,,,,,,,,
"     and/or the calculation of the Coverage Rate*:",,,,,,,,,,,,,,,,,,,,,,,,
"Coordinators: Marshall DeBerry, Charles Kindermann, and Mike Maltz",,,,,,,,,,,,,,,,,,,,,,,,
,,,,,,,,,,,,,,,,,,,,,,,,
"              ",,,,,,,,,,,,,,,,,,,,,,,,
"Note: These data are estimates which account for missing data and may differ from other published sources.",,,,,,,,,,,,,,,,,,,,,,,,
"Please consult the file documentation for the 1996 file (abstract of ICPSR Study 2389) for definitions ",,,,,,,,,,,,,,,,,,,,,,,,
"and methods of imputation. The county-level UCR files which are the source of this information are ",,,,,,,,,,,,,,,,,,,,,,,,
"not official FBI UCR releases and are being provided for research purposes.",,,,,,,,,,,,,,,,,,,,,,,,
,,,,,,,,,,,,,,,,,,,,,,,,
"*The column labeled ""Coverage Rate"" refers to extent of actual data reported by a county's jurisdictions.",,,,,,,,,,,,,,,,,,,,,,,,
"A Coverage Rate of .9 means that 90% of the data in that row are based on actual reports from agencies",,,,,,,,,,,,,,,,,,,,,,,,
"representing 90% of the population in the county, the remaining 10% having been estimated ",,,,,,,,,,,,,,,,,,,,,,,,
"according to procedures developed by the FBI but are the responsibility of BJS. ",,,,,,,,,,,,,,,,,,,,,,,,
"There are separate Coverage Rates for arrest and offense data, since they are",,,,,,,,,,,,,,,,,,,,,,,,
"provided to the FBI in separate reports from each jurisdiction.",,,,,,,,,,,,,,,,,,,,,,,,
,,,,,,,,,,,,,,,,,,,,,,,,
"Counties are arranged in order of their FIPS codes.",,,,,,,,,,,,,,,,,,,,,,,,
,"1990 ARREST DATA",,,,,,,,,,,,,"1990 CRIME DATA",,,,,,,,,,
"COUNTY","FIPS","POP","MURDER","RAPE","ROBBERY","ASSAULT","BURG","LARCENY","MV THEFT","ARSON","Coverage Rate*",,"COUNTY","FIPS","POP","MURDER","RAPE","ROBBERY","ASSAULT","BURG","LARCENY","MV THEFT","ARSON","Coverage Rate*"
"AL Jefferson",1073,651525,95,97,402,449,753,4208,293,23,0.7819,,"AL Jefferson",1073,647268,166,378,2502,3970,11489,25349,6973,247,1.0000
"AZ Maricopa",4013,2122101,107,210,1189,4398,5187,25068,1546,193,1.0000,,"AZ Maricopa",4013,2122101,175,875,4465,10156,41370,101200,26029,963,1.0000
"AZ Pima",4019,666880,49,87,329,1331,1201,8028,635,132,0.9975,,"AZ Pima",4019,666880,51,387,1082,3088,10573,44474,3275,366,0.9975
"CA Alameda",6001,1279182,232,306,1403,4042,3016,9570,2955,134,1.0000,,"CA Alameda",6001,1279182,188,766,5108,5564,18205,52641,12828,808,1.0000
"CA Contra Costa",6013,803732,63,113,494,1853,1916,5185,1200,57,1.0000,,"CA Contra Costa",6013,803732,70,330,2023,4104,9659,26399,5566,493,1.0000
"CA Fresno",6019,667490,76,182,578,3218,2147,6354,1336,107,1.0000,,"CA Fresno",6019,667490,92,427,1904,4376,11232,28159,8846,377,1.0000
"CA Kern",6029,543477,63,127,392,2873,1988,3919,789,25,0.9976,,"CA Kern",6029,543477,60,265,1074,3247,8775,18695,2815,887,0.9978
"CA Los Angeles",6037,8863164,1862,1668,18189,41547,28859,43404,20925,598,0.9873,,"CA Los Angeles",6037,8863164,1768,4211,63094,86736,123143,255928,126938,8723,1.0000
"CA Orange",6059,2410556,116,191,1516,3823,6302,13528,2065,97,0.9985,,"CA Orange",6059,2410556,149,607,5212,6831,29161,81203,20626,1307,1.0000
"CA Riverside",6065,1170413,131,121,550,2993,2135,5195,1599,62,0.9871,,"CA Riverside",6065,1170413,121,369,2680,8127,22891,37034,12106,609,1.0000
"CA Sacramento",6067,1041219,113,194,835,4884,2007,7782,2002,69,1.0000,,"CA Sacramento",6067,1041219,89,510,3121,5221,16758,37725,12472,287,1.0000
"CA San Bernardino",6071,1418380,259,262,1547,5866,4729,8443,2914,148,0.9595,,"CA San Bernardino",6071,1418380,198,671,4873,9150,26361,46085,14591,793,0.9441
"CA San Diego",6073,2498016,307,362,1986,6598,7230,13924,4091,175,1.0000,,"CA San Diego",6073,2498016,216,899,6705,13393,33877,84632,38878,720,1.0000
"CA San Francisco",6075,723959,79,87,1147,2580,1525,4783,1702,57,1.0000,,"CA San Francisco",6075,723959,101,424,7114,4902,10750,36782,11519,429,1.0000
"CA San Mateo",6081,649623,20,51,261,1153,1101,4150,579,36,1.0000,,"CA San Mateo",6081,649623,43,137,911,1906,4357,18394,3616,137,1.0000
"CA Santa Clara",6085,1497577,53,216,568,4104,2470,9321,1036,107,0.9998,,"CA Santa Clara",6085,1497577,57,645,1561,5004,10917,44677,6663,752,1.0000
"CA Ventura",6111,669016,50,71,233,1479,1182,3134,531,73,0.7720,,"CA Ventura",6111,669016,15,205,745,1877,6408,14741,2485,236,1.0000
"CT Hartford",9003,851783,46,178,764,2316,2155,8235,790,89,0.9762,,"CT Hartford",9003,833054,34,313,2368,2987,11101,27617,5377,324,1.0000
"District of Columbia",11001,606900,295,129,1416,2475,1064,3236,2844,35,1.0000,,"District of Columbia",11001,606900,472,303,7367,6779,12035,30374,8109,250,1.0000
"FL Broward",12011,1255488,115,160,1259,2252,2602,9891,1080,73,1.0000,,"FL Broward",12011,1255488,120,492,5162,6992,25187,61924,11143,231,0.9822
"FL Dade",12025,1937094,239,399,4066,8034,6856,21064,3535,120,1.0000,,"FL Dade",12025,1937094,385,1313,20847,21955,56857,121741,36548,756,0.9852
"FL Duval",12031,672971,176,313,803,2202,1816,5626,1010,50,1.0000,,"FL Duval",12031,661335,176,718,4025,6990,18056,32813,6158,418,0.9789
"FL Hillsborough",12057,834054,58,163,978,2913,1845,6356,1242,26,1.0000,,"FL Hillsborough",12057,834054,98,637,4322,9384,21466,43046,11103,4,0.8932
"FL Orange",12095,677491,51,140,563,1497,1549,5192,902,28,1.0000,,"FL Orange",12095,676791,45,307,2328,5972,16071,32365,5398,73,0.9945
"FL Palm Beach",12099,863518,35,119,829,2463,2327,5610,659,22,0.9995,,"FL Palm Beach",12099,863113,73,453,3594,6308,22624,44883,8171,211,0.9684
"FL Pinellas",12103,851659,32,88,709,2218,2226,7009,863,73,1.0000,,"FL Pinellas",12103,851659,47,309,2763,6450,14684,39387,4341,329,0.9679
"GA DeKalb",13089,509587,48,108,375,428,666,3436,320,26,0.4986,,"GA DeKalb",13089,545837,63,446,2752,2105,12730,30272,8286,269,0.9929
"GA Fulton",13121,688313,216,301,2063,5350,2488,9137,1654,40,0.4992,,"GA Fulton",13121,648951,227,789,6534,9177,19338,44845,14159,346,0.9874
"HI Honolulu",15003,836231,42,193,341,540,1067,5876,1124,28,1.0000,,"HI Honolulu",15003,836231,34,278,889,1211,9785,35514,3317,314,1.0000
"IL Cook",17031,5080874,983,1018,5926,9235,9266,55253,10245,300,0.9985,,"IL Cook",17031,5105067,928,0,40275,45233,69144,203540,61353,3147,0.9994
"IL DuPage",17043,779877,5,28,70,311,345,3303,98,19,0.9958,,"IL DuPage",17043,781666,10,0,246,787,4683,22261,1575,170,0.9994
"IL Lake",17097,529542,11,79,82,408,348,2526,84,30,0.9967,,"IL Lake",17097,516418,17,0,406,887,3651,15216,1113,122,0.9982
"IN Marion",18097,797159,54,110,261,2823,871,5412,897,58,1.0000,,"IN Marion",18097,797159,76,744,2001,4531,12491,29926,6881,358,1.0000
"KY Jefferson",21111,664937,107,141,774,2598,1899,4515,513,76,0.8659,,"KY Jefferson",21111,664937,54,195,1321,1567,8127,22226,2401,77,1.0000
"MD Baltimore city",24510,736014,347,378,1992,2412,4463,6858,3049,257,1.0000,,"MD Baltimore city",24510,736014,305,691,9488,7522,14866,36212,9938,680,1.0000
"MD Baltimore",24005,692134,35,112,354,1721,1316,5035,799,70,1.0000,,"MD Baltimore",24005,692134,34,262,1709,5000,7996,22892,5098,436,1.0000
"MD Montgomery",24031,757027,17,78,251,233,737,3201,834,87,0.9996,,"MD Montgomery",24031,757027,25,204,863,1106,4973,20295,3023,400,1.0000
"MD Prince George's",24033,729268,100,180,848,900,1033,3062,1476,49,1.0000,,"MD Prince George's",24033,729268,111,493,4033,3880,9989,24037,10199,329,1.0000
"MA Essex",25009,670080,5,80,173,1115,909,2063,379,32,0.7625,,"MA Essex",25009,623609,15,140,1110,2840,8136,14974,8305,111,0.9234
"MA Middlesex",25017,1398468,14,119,221,1916,1160,3758,667,26,0.6832,,"MA Middlesex",25017,1163760,17,178,1001,3385,8175,22391,6851,180,0.9069
"MA Norfolk",25021,616087,8,44,129,699,588,2162,392,16,0.6771,,"MA Norfolk",25021,506318,4,93,402,1236,3825,9287,3209,169,0.9376
"MA Suffolk",25025,663906,133,315,2172,4912,1661,5976,1857,67,0.4195,,"MA Suffolk",25025,617069,146,569,6642,7971,11224,32976,16100,16,1.0000
"MA Worcester",25027,709705,4,67,82,669,523,1200,175,30,0.5040,,"MA Worcester",25027,426324,2,103,120,1134,2735,6294,1164,53,0.8648
"MI Macomb",26099,717712,27,55,190,658,401,3507,205,22,0.9952,,"MI Macomb",26099,717400,32,301,737,2389,5975,26038,5170,164,0.9956
"MI Oakland",26125,1080232,26,109,240,815,646,4924,279,33,0.9222,,"MI Oakland",26125,1012426,23,421,897,2845,7639,32708,5223,276,0.9904
"MI Wayne",26163,2115159,1699,1193,4040,6696,4818,14162,1336,385,0.9855,,"MI Wayne",26163,2080915,646,2083,14787,16218,35421,81662,39801,1660,1.0000
"MN Hennepin",27053,1034205,12,50,128,513,550,4962,359,52,0.6438,,"MN Hennepin",27053,1032431,10,135,316,909,5676,21997,1964,145,0.6432
"MO Jackson",29095,716780,154,214,943,2292,1367,9786,1807,89,0.9881,,"MO Jackson",29095,628667,102,477,3861,5508,12289,27842,9745,529,0.9948
"MO St. Louis",29189,993529,19,76,334,791,1009,5729,499,36,0.5658,,"MO St. Louis",29189,981904,38,208,886,2420,7451,25839,3481,233,0.9916
"NV Clark",32003,741459,89,202,529,775,1892,6146,392,24,0.9357,,"NV Clark",32003,693752,88,424,2291,1913,11022,25795,5538,457,1.0000
"NJ Bergen",34003,825380,3,28,169,690,686,4377,136,64,0.9976,,"NJ Bergen",34003,825380,10,60,428,821,4748,19210,4111,126,1.0000
"NJ Essex",34013,778206,133,380,2115,3604,1811,4463,673,115,1.0000,,"NJ Essex",34013,778206,151,553,8964,6611,14098,26724,24241,463,1.0000
"NJ Hudson",34017,553099,22,51,1080,1816,1135,4092,121,39,1.0000,,"NJ Hudson",34017,553099,41,155,3168,2842,8750,17487,9785,148,1.0000
"NJ Middlesex",34023,671780,15,98,217,725,744,3410,252,35,1.0000,,"NJ Middlesex",34023,671780,18,145,692,1239,5236,18187,3945,183,1.0000
"NJ Monmouth",34025,553124,13,95,223,965,951,3273,191,57,0.9628,,"NJ Monmouth",34025,553124,13,140,416,1277,4274,14060,1424,140,1.0000
"NY Bronx",36005,1203789,236,215,4764,3846,1765,5254,2490,53,1.0000,,"NY Bronx",36005,1203789,369,514,16491,11333,19730,44203,24189,1017,1.0000
"NY Erie",36029,967592,26,145,574,1774,1212,5223,1033,66,0.9978,,"NY Erie",36029,968532,43,420,2449,4459,11992,27548,5366,901,0.9982
"NY Kings",36047,2300664,451,410,9103,7350,3374,10041,4758,101,1.0000,,"NY Kings",36047,2300664,705,983,31521,21646,37689,84714,46225,1942,1.0000
"NY Monroe",36055,713968,66,115,561,647,1102,7516,352,53,0.9872,,"NY Monroe",36055,705219,47,234,1448,1559,7902,28031,3109,380,0.9994
"NY Nassau",36059,1287348,31,44,487,884,642,4557,204,22,0.9972,,"NY Nassau",36059,1287348,35,107,1501,1583,6893,23123,8855,383,0.9991
"NY New York",36061,1487536,292,265,5892,4774,2186,6556,3077,65,1.0000,,"NY New York",36061,1487536,456,635,20389,14014,24370,54798,29887,1256,1.0000
"NY Queens",36081,1951598,383,348,7726,6239,2880,8612,4036,87,1.0000,,"NY Queens",36081,1951598,599,833,26745,18364,32028,71948,39213,1648,1.0000
"NY Suffolk",36103,1321864,53,113,753,1400,1837,6876,445,102,0.9181,,"NY Suffolk",36103,1321864,34,155,1537,2062,12996,36502,8036,1515,0.9944
"NY Westchester",36119,874866,32,60,595,968,748,4611,196,27,0.9564,,"NY Westchester",36119,854054,50,127,1926,1760,6445,21640,6240,222,0.9832
"NC Mecklenburg",37119,511433,65,52,506,3594,1264,4422,256,58,0.8689,,"NC Mecklenburg",37119,511433,104,413,3324,5932,12849,31478,2946,435,0.9974
"OH Cuyahoga",39035,1412140,214,404,1255,1560,1539,6577,1839,123,0.9257,,"OH Cuyahoga",39035,1315699,201,990,5777,4076,14618,31623,15950,1066,0.9956
"OH Franklin",39049,961437,52,186,528,2337,1363,2561,470,76,0.9662,,"OH Franklin",39049,934676,96,758,4039,3118,18076,44531,9550,1035,0.9939
"OH Hamilton",39061,867976,43,185,738,1059,1156,7613,585,80,0.9445,,"OH Hamilton",39061,824578,56,511,1923,2795,8593,30680,2517,597,0.9962
"OH Montgomery",39113,573444,59,124,471,619,845,3994,463,92,0.9549,,"OH Montgomery",39113,556060,57,463,1762,1676,7718,21503,4435,273,0.9952
"OH Summit",39153,516056,34,114,269,345,661,3591,182,55,0.7755,,"OH Summit",39153,408432,24,232,876,2097,4661,15584,2059,291,0.9830
"OK Oklahoma",40109,648412,79,189,402,953,1631,4533,1249,156,1.0000,,"OK Oklahoma",40109,599611,68,448,1419,3121,12790,30588,5684,492,1.0000
"OR Multnomah",41051,584762,49,132,578,645,853,5759,837,62,1.0000,,"OR Multnomah",41051,583887,40,488,2691,5263,10606,30264,6601,596,1.0000
"PA Allegheny",42003,1336003,65,291,1017,2127,1620,3728,1624,121,0.9360,,"PA Allegheny",42003,1322372,52,515,2881,3911,10079,24183,14061,611,0.9460
"PA Bucks",42017,540102,7,29,104,510,377,2055,243,22,0.9866,,"PA Bucks",42017,541174,12,85,318,1523,2757,10325,2461,49,0.9866
"PA Delaware",42045,547651,25,88,195,1283,538,2560,445,36,0.9977,,"PA Delaware",42045,547651,31,169,720,2550,2935,10116,2426,151,0.9977
"PA Montgomery",42091,679183,10,53,180,678,463,3614,254,32,0.9263,,"PA Montgomery",42091,652798,18,99,547,935,3230,12888,2378,101,0.9621
"PA Philadelphia",42101,1585577,511,462,5170,4135,4005,10997,4428,196,1.0000,,"PA Philadelphia",42101,1585577,503,734,12807,7348,24162,42661,25869,1654,1.0000
"RI Providence",44007,596270,37,75,347,1268,940,2428,569,40,1.0000,,"RI Providence",44007,596270,44,170,1120,1838,9142,16716,7791,558,1.0000
"TN Shelby",47157,826330,211,269,950,1119,1652,7328,289,42,0.7959,,"TN Shelby",47157,826330,201,928,4284,4360,17486,27719,13549,786,0.9757
"TX Bexar",48029,1185394,195,176,725,1086,2609,9967,2157,109,0.9993,,"TX Bexar",48029,1185394,226,513,3025,2928,30031,78106,16465,955,1.0000
"TX Dallas",48113,1971969,252,417,1780,3509,3553,15693,3323,97,0.9978,,"TX Dallas",48113,1852810,470,1641,11158,14275,45371,113261,30247,1811,1.0000
"TX El Paso",48141,591610,45,81,500,1259,1126,5875,282,22,1.0000,,"TX El Paso",48141,591610,45,290,1430,3718,10558,39004,5813,293,1.0000
"TX Harris",48201,2814304,285,347,1655,2562,3292,16089,1696,87,1.0000,,"TX Harris",48201,2818199,657,1717,15130,11390,60953,114108,54058,2714,1.0000
"TX Tarrant",48439,1163171,126,174,828,2029,1866,9090,1225,73,0.9985,,"TX Tarrant",48439,1170103,156,747,3797,6780,26240,67205,14572,504,1.0000
"TX Travis",48453,576639,58,132,664,910,1758,7190,1058,31,0.9991,,"TX Travis",48453,576407,49,346,1520,1715,13208,40111,4232,482,1.0000
"UT Salt Lake",49035,725956,31,94,275,947,1372,12107,635,88,0.9900,,"UT Salt Lake",49035,725956,36,382,804,2023,9334,42513,2561,254,1.0000
"VA Fairfax",51059,818584,15,44,175,214,608,3804,326,32,1.0000,,"VA Fairfax",51059,818584,29,104,507,432,3002,22701,2111,207,1.0000
"WA King",53033,1506680,24,283,248,814,1422,8803,750,85,0.6260,,"WA King",53033,1507319,83,1120,3508,6081,21900,76953,11257,758,0.9999
"WA Pierce",53053,586842,36,132,293,795,662,4787,153,19,0.9886,,"WA Pierce",53053,580011,45,523,1314,2989,8187,24619,3234,275,1.0000
"WI Milwaukee",55079,959395,299,299,1423,1182,1336,13290,2462,143,1.0000,,"WI Milwaukee",55079,959275,158,535,4406,1900,11522,41588,14374,494,1.0000
,,,,,,,,,,,,,,,,,,,,,,,,
,"1991 ARREST DATA",,,,,,,,,,,,,"1991 CRIME DATA",,,,,,,,,,
"COUNTY","FIPS","POP","MURDER","RAPE","ROBBERY","ASSAULT","BURG","LARCENY","MV THEFT","ARSON","Coverage Rate*",,"COUNTY","FIPS","POP","MURDER","RAPE","ROBBERY","ASSAULT","BURG","LARCENY","MV THEFT","ARSON","Coverage Rate*"
"AL Jefferson",1073,659479,186,82,461,1009,722,4232,447,16,0.9986,,"AL Jefferson",1073,655172,182,404,2570,6491,12815,26875,6267,242,1.0000
"AZ Maricopa",4013,2171215,150,276,1236,4577,5115,22450,1975,149,1.0000,,"AZ Maricopa",4013,2171215,203,902,4727,10917,40496,95039,25309,929,1.0000
"AZ Pima",4019,682302,45,84,305,1341,1333,7994,480,118,0.9992,,"AZ Pima",4019,682302,44,427,1077,3152,10129,37811,4429,295,0.9992
"CA Alameda",6001,1305819,200,294,1423,3862,3074,9480,2584,146,1.0000,,"CA Alameda",6001,1305819,199,707,6199,8330,20425,58055,13423,945,1.0000
"CA Contra Costa",6013,820464,86,102,496,1662,1791,4530,1126,42,1.0000,,"CA Contra Costa",6013,820464,107,314,2128,4071,10314,28343,5976,529,0.9993
"CA Fresno",6019,681389,109,207,634,2858,2119,5911,1835,109,1.0000,,"CA Fresno",6019,681389,81,448,2575,3855,12337,28867,13841,560,1.0000
"CA Kern",6029,554792,54,124,474,2742,2044,3622,730,34,0.9946,,"CA Kern",6029,553575,61,267,1211,3560,9330,19207,2734,917,0.9968
"CA Los Angeles",6037,9048060,1717,1350,16056,38456,26803,38726,19358,442,1.0000,,"CA Los Angeles",6037,9048060,1856,4106,67854,88554,128909,265347,132310,8155,1.0000
"CA Orange",6059,2460754,138,224,1610,4079,6110,13044,1999,97,1.0000,,"CA Orange",6059,2460754,155,670,6088,7054,30550,79013,20994,1471,1.0000
"CA Riverside",6065,1194781,170,144,888,3662,2707,5900,1816,51,0.9532,,"CA Riverside",6065,1194781,159,459,3634,8928,25882,43355,13271,697,0.9977
"CA Sacramento",6067,1062905,93,202,1146,4705,2279,7681,2162,62,1.0000,,"CA Sacramento",6067,1062905,120,532,3967,5254,17816,41556,15060,300,1.0000
"CA San Bernardino",6071,1447917,165,185,1301,5271,4262,5850,1894,140,0.8843,,"CA San Bernardino",6071,1280334,158,495,3613,6371,22452,38194,11827,511,1.0000
"CA San Diego",6073,2550044,362,352,2353,8225,7127,12452,3340,175,1.0000,,"CA San Diego",6073,2550044,278,969,8400,15008,34905,79951,34406,679,1.0000
"CA San Francisco",6075,739039,87,71,1057,2863,1698,4355,1657,57,1.0000,,"CA San Francisco",6075,739039,96,403,7092,4727,10753,36109,12054,432,1.0000
"CA San Mateo",6081,663146,30,61,256,1168,1179,3878,624,46,1.0000,,"CA San Mateo",6081,663146,45,119,960,1855,4838,18493,4163,157,1.0000
"CA Santa Clara",6085,1528762,76,235,690,4244,2660,9240,1207,101,0.9996,,"CA Santa Clara",6085,1528762,77,684,1990,5235,13021,48991,7011,603,1.0000
"CA Ventura",6111,682947,43,71,303,1531,1199,2961,582,40,1.0000,,"CA Ventura",6111,682947,38,235,975,2363,7357,16304,2963,265,1.0000
"CT Hartford",9003,852773,15,95,342,899,1232,5962,412,81,0.7883,,"CT Hartford",9003,834022,39,335,2462,2845,11241,28653,6471,391,0.9961
"District of Columbia",11001,598000,311,122,1409,2867,1198,3281,2626,38,1.0000,,"District of Columbia",11001,598000,482,214,7269,6706,12405,29182,8135,256,1.0000
"FL Broward",12011,1288381,89,168,1260,2223,3050,10116,1163,68,0.6667,,"FL Broward",12011,1288381,85,452,4366,6588,23488,63536,10476,235,0.9737
"FL Dade",12025,1987853,264,294,4065,7560,6243,19737,3219,108,0.6667,,"FL Dade",12025,1987853,341,1160,20730,19783,50084,122931,34784,578,0.9681
"FL Duval",12031,690755,131,341,707,2313,2079,5744,977,57,0.6667,,"FL Duval",12031,678815,124,745,3944,6112,17478,34488,7210,409,0.9786
"FL Hillsborough",12057,855912,41,87,843,2042,665,4551,951,9,0.6667,,"FL Hillsborough",12057,855912,96,570,4207,10347,20416,43468,11093,120,0.9977
"FL Orange",12095,695241,30,59,320,995,833,2648,338,12,0.6667,,"FL Orange",12095,695241,40,437,2988,5800,14918,34511,5239,85,0.8780
"FL Palm Beach",12099,886133,38,93,627,2094,1923,5465,579,44,0.6664,,"FL Palm Beach",12099,886133,64,400,3185,5922,20121,45164,7066,302,0.9483
"FL Pinellas",12103,873971,51,161,739,2058,2220,7804,923,75,0.6624,,"FL Pinellas",12103,873971,49,444,2667,6014,13827,37005,4275,432,0.9704
"GA DeKalb",13089,520973,47,112,367,620,692,3071,312,9,0.9771,,"GA DeKalb",13089,558033,89,374,3138,1942,12648,31770,7716,236,0.9786
"GA Fulton",13121,703953,207,347,1961,5354,2647,8692,1560,54,0.9877,,"GA Fulton",13121,663712,213,688,6904,8891,17532,46058,13064,301,0.9954
"HI Honolulu",15003,856432,35,114,337,348,1115,5918,1030,33,1.0000,,"HI Honolulu",15003,856432,29,275,860,894,9905,36019,3050,262,1.0000
"IL Cook",17031,5131149,1162,1147,6507,10075,8835,55753,9461,369,0.9962,,"IL Cook",17031,5155579,1010,0,47164,46781,72308,208036,61927,2611,0.9991
"IL DuPage",17043,787527,14,27,57,266,321,3504,94,21,0.9992,,"IL DuPage",17043,789334,16,0,244,689,4833,22224,1702,169,0.9994
"IL Lake",17097,534731,18,63,82,416,396,2744,74,26,0.9852,,"IL Lake",17097,520132,13,0,478,839,3825,16155,1157,84,0.9935
"IN Marion",18097,806725,82,99,354,3292,799,5601,889,49,0.9972,,"IN Marion",18097,806725,113,743,2428,4952,13866,31529,7373,377,1.0000
"KY Jefferson",21111,670087,96,149,785,2358,2043,5090,664,77,0.9988,,"KY Jefferson",21111,669314,58,262,1620,1288,7746,18609,2836,380,1.0000
"MD Baltimore city",24510,748099,297,387,2074,2153,4228,6299,3504,290,1.0000,,"MD Baltimore city",24510,748099,304,702,10793,7314,16391,40242,10615,601,1.0000
"MD Baltimore",24005,703563,25,125,501,1776,1292,4931,1082,68,1.0000,,"MD Baltimore",24005,703563,25,278,2151,5221,8308,24893,5913,447,1.0000
"MD Montgomery",24031,769456,20,66,311,266,786,3496,772,89,1.0000,,"MD Montgomery",24031,769456,26,220,1048,1281,5263,23538,3378,433,1.0000
"MD Prince George's",24033,741233,85,184,1031,1009,1137,3246,1378,41,0.9992,,"MD Prince George's",24033,741233,147,501,4222,3839,9812,25992,9962,250,0.9989
"MA Essex",25009,667790,20,58,134,1086,747,1852,419,26,0.7276,,"MA Essex",25009,593929,29,131,962,3037,8769,14343,7621,145,0.9689
"MA Middlesex",25017,1393702,20,99,273,2394,1139,3325,668,27,0.5932,,"MA Middlesex",25017,995421,18,161,957,3577,7564,20550,5746,171,0.9286
"MA Norfolk",25021,613986,2,44,181,1013,610,2068,436,19,0.7164,,"MA Norfolk",25021,460749,2,77,340,1086,3340,7802,2626,125,0.9583
"MA Suffolk",25025,661771,87,279,1623,3963,1342,3958,784,41,0.9295,,"MA Suffolk",25025,615094,119,507,5353,7504,11010,29483,14875,24,1.0000
"MA Worcester",25027,707275,5,51,102,840,549,1332,228,21,0.4326,,"MA Worcester",25027,337214,2,74,124,923,1993,4158,872,37,0.9169
"MI Macomb",26099,723315,14,42,207,649,369,3827,253,32,0.9829,,"MI Macomb",26099,720651,11,338,767,2453,5836,27144,4499,224,1.0000
"MI Oakland",26125,1095003,20,109,280,885,723,5303,294,37,0.9325,,"MI Oakland",26125,1020320,33,377,920,2660,7966,33891,5146,335,0.9992
"MI Wayne",26163,2125637,1748,1288,3606,6008,4415,14635,1166,265,0.9838,,"MI Wayne",26163,2097474,680,1955,15359,16319,35922,85619,38124,1859,1.0000
"MN Hennepin",27053,1047772,5,68,125,533,420,4730,332,21,0.6437,,"MN Hennepin",27053,1045975,71,901,3003,3427,13580,43582,7195,144,1.0000
"MO Jackson",29095,722508,152,220,830,1617,1505,9762,1748,63,0.9896,,"MO Jackson",29095,631778,118,451,4311,6249,13752,27525,9354,521,1.0000
"MO St. Louis",29189,1001441,31,67,436,769,1086,6013,476,48,0.5622,,"MO St. Louis",29189,995144,30,233,1053,2462,8231,27483,3894,221,0.9792
"NV Clark",32003,792165,82,170,769,704,2063,6631,486,27,0.9331,,"NV Clark",32003,741197,103,506,3307,2063,11798,28203,6916,513,0.9973
"NJ Bergen",34003,828535,8,54,221,647,659,4609,170,55,0.9903,,"NJ Bergen",34003,828535,16,76,452,804,4504,18645,4026,111,1.0000
"NJ Essex",34013,781425,104,338,1853,3540,1588,4497,673,96,0.9911,,"NJ Essex",34013,781425,133,490,7941,6142,12767,25050,23148,444,0.9977
"NJ Hudson",34017,555227,29,48,1211,1947,946,3462,131,57,0.9907,,"NJ Hudson",34017,555227,42,132,3414,3022,8882,15350,9739,146,1.0000
"NJ Middlesex",34023,674360,13,77,187,696,677,3781,213,48,0.9896,,"NJ Middlesex",34023,674360,17,136,774,1286,5199,19340,3776,208,1.0000
"NJ Monmouth",34025,555232,15,82,262,870,896,3376,167,47,0.9668,,"NJ Monmouth",34025,555232,18,129,525,1180,4431,14875,1144,134,1.0000
"NY Bronx",36005,1208303,229,224,4521,3823,1683,5121,2144,43,1.0000,,"NY Bronx",36005,1208303,355,475,16197,10990,18427,42206,23011,855,1.0000
"NY Erie",36029,971210,37,160,630,1867,1177,5377,1157,57,0.9993,,"NY Erie",36029,972153,58,382,3032,4799,12423,28258,6463,842,0.9995
"NY Kings",36047,2309291,442,425,9258,7460,3224,10020,4098,82,1.0000,,"NY Kings",36047,2309291,677,913,33650,21466,35243,82927,43979,1634,1.0000
"NY Monroe",36055,716639,63,95,479,545,1158,7633,434,126,0.9957,,"NY Monroe",36055,716639,68,213,1580,992,8334,29605,3084,358,0.9963
"NY Nassau",36059,1292164,48,52,597,905,742,4759,227,23,0.9982,,"NY Nassau",36059,1292164,42,145,1807,1859,7262,23464,8679,357,0.9985
"NY New York",36061,1493114,290,276,5593,4736,2081,6377,2650,57,1.0000,,"NY New York",36061,1493114,438,588,20023,13582,22757,52246,28436,1057,1.0000
"NY Queens",36081,1958916,374,362,7334,6200,2734,8352,3476,70,1.0000,,"NY Queens",36081,1958916,575,772,26272,17816,29884,68580,37308,1387,1.0000
"NY Suffolk",36103,1326812,54,114,599,945,1496,5869,255,68,0.9220,,"NY Suffolk",36103,1326812,46,134,1891,2087,15262,42779,9891,1551,0.9247
"NY Westchester",36119,878128,38,69,651,1029,699,4157,167,39,0.9704,,"NY Westchester",36119,857238,37,115,2041,1873,6371,20514,6303,247,0.9952
"NC Mecklenburg",37119,520004,84,58,401,3485,1186,4687,207,95,0.9911,,"NC Mecklenburg",37119,520004,124,438,3015,5869,13657,31938,2958,486,1.0000
"OH Cuyahoga",39035,1424079,237,413,1252,1414,1934,6245,1421,130,0.8730,,"OH Cuyahoga",39035,1348455,210,1081,6179,4088,15026,32823,15386,996,0.9680
"OH Franklin",39049,969835,77,168,537,2372,1353,2397,360,73,0.9624,,"OH Franklin",39049,942849,144,793,4304,3533,19683,45016,9207,949,1.0000
"OH Hamilton",39061,875309,60,216,967,1207,1527,8317,638,113,0.9378,,"OH Hamilton",39061,831547,59,606,2725,3445,11664,36105,3014,805,0.9904
"OH Montgomery",39113,578289,52,141,564,587,955,3877,438,95,0.9544,,"OH Montgomery",39113,560759,66,462,2015,2023,7604,19752,4840,422,0.9963
"OH Summit",39153,520416,46,118,407,380,845,3908,209,59,0.7662,,"OH Summit",39153,402195,42,275,1119,1957,5295,15381,2159,318,1.0000
"OK Oklahoma",40109,654614,61,131,389,956,1152,4671,1306,218,1.0000,,"OK Oklahoma",40109,605358,56,511,1524,3297,13342,32073,6242,490,1.0000
"OR Multnomah",41051,601246,54,154,666,615,911,5931,873,65,1.0000,,"OR Multnomah",41051,600347,56,534,2910,5295,11176,30845,7400,525,1.0000
"PA Allegheny",42003,1344866,51,307,1203,1626,1647,3477,1365,99,0.8402,,"PA Allegheny",42003,1318941,57,555,3367,2891,10431,24412,12151,639,0.8805
"PA Bucks",42017,543691,13,55,82,487,417,1977,195,31,0.9515,,"PA Bucks",42017,539065,11,104,297,1517,2687,10401,2498,90,0.9611
"PA Delaware",42045,551291,27,73,218,1158,507,2559,421,45,0.9829,,"PA Delaware",42045,551291,32,130,847,2311,2818,10615,2477,179,0.9829
"PA Montgomery",42091,683696,9,43,197,610,600,4128,261,44,0.8756,,"PA Montgomery",42091,682617,17,120,565,1094,3933,15083,2458,117,0.8758
"PA Philadelphia",42101,1596699,479,508,5335,4074,3541,11837,3571,202,1.0000,,"PA Philadelphia",42101,1596699,440,904,13922,7189,21468,40895,24331,1996,1.0000
"RI Providence",44007,596602,24,79,264,1126,774,2457,509,45,0.9962,,"RI Providence",44007,596602,29,217,1104,1973,8065,16609,6630,575,1.0000
"TN Shelby",47157,839329,187,203,998,1109,1866,7297,96,43,0.8144,,"TN Shelby",47157,839329,179,751,4674,4054,18603,29275,14213,766,0.8758
"TX Bexar",48029,1210679,197,213,796,1202,2443,9614,1828,104,1.0000,,"TX Bexar",48029,1210679,230,765,4000,3814,28885,79424,15980,1188,1.0000
"TX Dallas",48113,2014034,266,415,2103,3652,3542,16464,3404,88,1.0000,,"TX Dallas",48113,1892337,530,1538,12024,15617,44101,110158,30558,1801,1.0000
"TX El Paso",48141,604234,79,111,478,1537,1304,6483,445,25,0.9980,,"TX El Paso",48141,604234,59,290,1528,4116,9935,32317,5777,282,0.9980
"TX Harris",48201,2874755,353,345,1864,3030,3040,16485,1799,66,0.9997,,"TX Harris",48201,2878733,734,1729,16517,15101,57043,108078,54324,2622,1.0000
"TX Tarrant",48439,1187978,197,229,814,2100,1865,9795,1744,75,0.9924,,"TX Tarrant",48439,1195058,244,817,4640,7400,27753,72060,19581,595,1.0000
"TX Travis",48453,588938,57,106,609,672,1626,6494,1130,38,1.0000,,"TX Travis",48453,588702,56,349,1624,1299,13615,38842,5176,523,1.0000
"UT Salt Lake",49035,745865,26,103,260,1002,1269,12958,646,110,0.9964,,"UT Salt Lake",49035,745865,35,446,780,2047,8992,43575,2735,300,1.0000
"VA Fairfax",51059,831631,7,37,169,220,640,3991,293,46,1.0000,,"VA Fairfax",51059,831631,20,83,500,399,2896,24866,2033,229,1.0000
"WA King",53033,1553622,18,312,286,883,1351,9185,795,56,0.6290,,"WA King",53033,1554280,75,1232,3874,5712,21592,80708,11766,784,1.0000
"WA Pierce",53053,605079,45,128,354,863,832,4943,160,38,0.9942,,"WA Pierce",53053,601374,54,606,1633,3427,8117,25358,2785,354,1.0000
"WI Milwaukee",55079,971911,365,350,1721,953,1360,15103,1962,123,1.0000,,"WI Milwaukee",55079,971790,173,563,4545,1687,11606,40371,14736,513,1.0000
,,,,,,,,,,,,,,,,,,,,,,,,
,"1992 ARREST DATA",,,,,,,,,,,,,"1992 CRIME DATA",,,,,,,,,,
"COUNTY","FIPS","POP","MURDER","RAPE","ROBBERY","ASSAULT","BURG","LARCENY","MV THEFT","ARSON","Coverage Rate*",,"COUNTY","FIPS","POP","MURDER","RAPE","ROBBERY","ASSAULT","BURG","LARCENY","MV THEFT","ARSON","Coverage Rate*"
"AL Jefferson",1073,667205,163,93,497,967,707,4308,432,18,0.9935,,"AL Jefferson",1073,617725,156,473,2286,5230,10592,24489,5148,487,0.9908
"AZ Maricopa",4013,2218725,109,225,1128,4375,4560,20692,2027,98,1.0000,,"AZ Maricopa",4013,2218725,196,895,4245,11408,35320,92345,22952,709,1.0000
"AZ Pima",4019,697220,64,70,291,1232,1350,6434,927,121,0.9983,,"AZ Pima",4019,697220,60,481,1171,3535,9474,38329,5730,322,0.9983
"CA Alameda",6001,1326744,189,255,1526,4053,3193,9388,2594,132,1.0000,,"CA Alameda",6001,1326744,214,671,7231,8632,19480,58737,13641,894,1.0000
"CA Contra Costa",6013,833606,62,108,527,1842,1729,4489,950,54,0.9993,,"CA Contra Costa",6013,833606,86,309,2551,4316,10776,27435,5005,454,1.0000
"CA Fresno",6019,692305,108,166,707,2963,1956,5458,1896,86,1.0000,,"CA Fresno",6019,692305,126,362,3549,3733,14332,25286,16061,729,1.0000
"CA Kern",6029,563678,55,122,509,3261,2071,4118,699,16,0.9848,,"CA Kern",6029,555178,49,212,1117,4398,9359,18920,2938,1131,1.0000
"CA Los Angeles",6037,9193319,1685,1234,15886,39268,28882,38937,19924,622,0.9999,,"CA Los Angeles",6037,9193319,1919,3865,68959,88770,128732,255506,133257,9907,1.0000
"CA Orange",6059,2500181,104,180,1407,4049,6190,11776,2224,124,1.0000,,"CA Orange",6059,2500181,173,631,5775,6976,30185,75872,21124,1272,1.0000
"CA Riverside",6065,1213923,126,123,814,3416,2644,5949,1768,92,0.9930,,"CA Riverside",6065,1213923,128,530,3438,9086,25537,42508,13084,905,1.0000
"CA Sacramento",6067,1079941,100,178,979,4903,2289,7247,2226,106,1.0000,,"CA Sacramento",6067,1079941,91,534,3895,5065,17207,40437,15645,359,1.0000
"CA San Bernardino",6071,1471117,194,221,1480,6377,4602,7487,2605,172,0.9505,,"CA San Bernardino",6071,1471117,236,729,5513,10814,27276,45903,15916,565,0.9857
"CA San Diego",6073,2590916,157,325,2199,9165,6830,11437,2853,194,1.0000,,"CA San Diego",6073,2590916,245,957,8554,15444,34389,77547,34007,685,1.0000
"CA San Francisco",6075,750885,78,66,1215,2975,2039,4410,1378,61,1.0000,,"CA San Francisco",6075,750885,117,398,8340,4982,12027,39819,12778,473,1.0000
"CA San Mateo",6081,673767,17,55,299,1164,1045,4227,493,37,1.0000,,"CA San Mateo",6081,673767,55,168,1114,2028,4734,17564,3833,139,1.0000
"CA Santa Clara",6085,1553258,61,204,709,4526,2539,9654,1066,128,0.9992,,"CA Santa Clara",6085,1553258,68,660,1939,5439,12515,47314,6166,562,1.0000
"CA Ventura",6111,693890,46,35,286,1423,1294,3011,567,42,1.0000,,"CA Ventura",6111,693890,29,189,1112,2469,7125,16139,2781,282,1.0000
"CT Hartford",9003,850167,18,134,621,1845,2103,7696,877,80,0.9771,,"CT Hartford",9003,831474,22,263,2160,2428,10330,27445,7276,459,1.0000
"District of Columbia",11001,589000,254,115,1304,3587,1073,3142,2106,50,1.0000,,"District of Columbia",11001,589000,443,215,7459,8568,10721,30663,9118,224,1.0000
"FL Broward",12011,1308841,100,140,1107,2555,2437,8130,915,51,1.0000,,"FL Broward",12011,1308841,85,512,4585,7630,23722,63542,11519,258,1.0000
"FL Dade",12025,2019426,226,308,3611,7276,5735,17711,3241,86,0.9434,,"FL Dade",12025,2019426,340,1093,18103,21308,46924,123215,35391,467,0.9515
"FL Duval",12031,701729,125,303,747,2441,1421,4859,959,47,0.9827,,"FL Duval",12031,689600,124,715,3703,7146,16768,34643,8884,373,0.9978
"FL Hillsborough",12057,869512,63,187,1215,4137,1859,8055,1840,45,0.9932,,"FL Hillsborough",12057,869512,82,608,4099,10604,19045,42747,12537,411,0.9932
"FL Orange",12095,706283,65,111,538,1806,1061,2966,306,19,0.9459,,"FL Orange",12095,706283,40,419,2259,6400,14473,33466,6014,113,1.0000
"FL Palm Beach",12099,900197,29,100,738,3195,1739,4677,518,20,0.9997,,"FL Palm Beach",12099,900197,69,406,3374,6672,19000,45118,7050,298,0.9983
"FL Pinellas",12103,888051,61,141,539,2133,1990,5865,639,65,1.0000,,"FL Pinellas",12103,888051,55,501,2515,6883,14078,35591,3631,359,0.9965
"GA DeKalb",13089,531304,33,118,334,511,602,3245,320,20,0.9055,,"GA DeKalb",13089,566779,76,475,3262,2165,13140,32342,7927,214,1.0000
"GA Fulton",13121,717553,229,433,1968,6326,2647,8578,1632,73,0.9911,,"GA Fulton",13121,676536,204,707,6217,9145,16692,46084,11517,289,0.9908
"HI Honolulu",15003,875297,29,126,425,378,1223,5641,1264,34,1.0000,,"HI Honolulu",15003,875297,31,326,1013,1012,9106,38563,3507,268,1.0000
"IL Cook",17031,5170189,1079,209,5735,12514,8993,53436,9056,387,0.9576,,"IL Cook",17031,5111354,1027,0,41713,45517,68374,188740,57821,2348,0.9845
"IL DuPage",17043,793514,2,21,67,266,284,3431,77,30,0.9369,,"IL DuPage",17043,795334,9,0,282,702,4485,21195,1569,186,0.9126
"IL Lake",17097,538789,8,65,82,332,298,2661,56,19,0.9171,,"IL Lake",17097,520419,13,0,531,752,3669,15066,1121,114,0.9365
"IN Marion",18097,814312,53,91,297,3297,783,5183,836,51,0.9672,,"IN Marion",18097,814312,102,730,2719,4563,13240,32321,7455,382,0.9944
"KY Jefferson",21111,677847,85,167,862,3599,2090,5935,783,45,0.9958,,"KY Jefferson",21111,677066,51,225,1661,3119,7472,18893,3709,365,0.9982
"MD Baltimore city",24510,755517,335,406,2249,2129,4427,7399,3421,272,1.0000,,"MD Baltimore city",24510,755517,335,754,12291,8485,16504,41702,11331,523,1.0000
"MD Baltimore",24005,710514,28,116,442,1769,1122,5446,939,62,1.0000,,"MD Baltimore",24005,710514,43,303,2307,5090,8322,25586,5619,408,1.0000
"MD Montgomery",24031,777056,19,56,320,301,736,3211,658,49,1.0000,,"MD Montgomery",24031,777056,21,188,993,1301,4971,22821,3134,359,1.0000
"MD Prince George's",24033,748546,87,148,862,971,1096,3379,1311,24,1.0000,,"MD Prince George's",24033,748546,134,452,3778,3912,9870,26899,10197,304,0.9994
"MA Essex",25009,667993,13,76,179,1124,747,1564,451,43,0.7394,,"MA Essex",25009,589838,13,144,871,3484,7615,13410,6359,205,1.0000
"MA Middlesex",25017,1394135,17,123,226,2373,963,2855,442,40,0.6825,,"MA Middlesex",25017,1162605,16,214,832,4720,7651,21222,5785,110,0.9589
"MA Norfolk",25021,614174,4,72,169,1141,568,1995,335,29,0.8078,,"MA Norfolk",25021,501941,5,99,371,1347,3368,8404,2671,130,1.0000
"MA Suffolk",25025,662167,64,227,1364,3627,1075,3650,424,37,0.8651,,"MA Suffolk",25025,572822,76,549,5112,6858,8983,26973,11615,18,1.0000
"MA Worcester",25027,707481,13,82,239,1222,766,1904,420,23,0.7032,,"MA Worcester",25027,511241,18,212,599,1767,6781,9893,2272,28,0.9924
"MI Macomb",26099,728636,12,53,137,697,368,3370,177,28,0.9955,,"MI Macomb",26099,725952,18,333,541,2013,4437,23061,3748,140,1.0000
"MI Oakland",26125,1103049,11,115,283,943,655,5094,313,42,0.9636,,"MI Oakland",26125,1100067,31,478,1252,4185,8586,33764,5493,233,0.9639
"MI Wayne",26163,2141526,1658,1231,3418,6197,3616,13220,1090,279,0.9570,,"MI Wayne",26163,2113156,650,1783,13891,15824,30388,80608,35139,1611,0.9780
"MN Hennepin",27053,1059101,15,70,122,588,468,5125,367,51,0.6437,,"MN Hennepin",27053,1057284,65,755,3459,3407,14360,43960,7207,187,0.9997
"MO Jackson",29095,727406,152,208,764,1625,1425,9337,1465,91,0.9338,,"MO Jackson",29095,636062,126,532,3921,6670,13125,25992,7908,483,0.9977
"MO St. Louis",29189,1008204,36,147,408,1076,1632,6759,599,78,0.5501,,"MO St. Louis",29189,998932,50,211,980,1910,7442,26472,3691,219,0.9946
"NV Clark",32003,818703,130,212,882,899,2113,6627,521,36,0.9357,,"NV Clark",32003,766029,109,477,3710,2080,11385,28250,7825,430,1.0000
"NJ Bergen",34003,831603,12,51,206,704,614,4205,146,34,1.0000,,"NJ Bergen",34003,831603,24,80,452,926,4667,16785,3482,107,1.0000
"NJ Essex",34013,784339,130,326,1541,3411,1506,3851,528,61,1.0000,,"NJ Essex",34013,784339,129,552,8190,6136,12376,23763,21973,374,1.0000
"NJ Hudson",34017,557298,35,52,1162,1994,962,3424,162,28,1.0000,,"NJ Hudson",34017,557298,36,141,3401,2799,8539,15671,8676,112,1.0000
"NJ Middlesex",34023,676869,7,64,277,672,653,3489,185,41,1.0000,,"NJ Middlesex",34023,676869,11,138,906,1323,5008,18517,3490,178,1.0000
"NJ Monmouth",34025,557285,7,91,268,967,848,3228,168,23,0.9813,,"NJ Monmouth",34025,557285,8,143,536,1203,4308,13768,1130,119,1.0000
"NY Bronx",36005,1212425,199,186,4189,3588,1529,4629,1645,42,1.0000,,"NY Bronx",36005,1212425,328,463,15002,10446,17028,38857,20872,816,1.0000
"NY Erie",36029,974484,77,117,637,1609,1097,5000,1223,49,0.9939,,"NY Erie",36029,975430,88,420,3328,4667,12287,27773,7719,689,1.0000
"NY Kings",36047,2317169,383,356,8912,7104,2930,9230,3139,81,1.0000,,"NY Kings",36047,2317169,630,891,31035,20443,32563,76720,39889,1563,1.0000
"NY Monroe",36055,719054,43,98,562,505,958,7465,440,71,0.9819,,"NY Monroe",36055,719054,54,222,1739,970,9245,28403,3846,407,0.9980
"NY Nassau",36059,1296521,32,50,535,746,686,4252,233,30,0.9889,,"NY Nassau",36059,1295538,28,125,1954,1617,6950,21206,8347,417,0.9932
"NY New York",36061,1498208,245,231,5179,4441,1890,5741,2030,52,1.0000,,"NY New York",36061,1498208,405,572,18541,12910,21031,48066,25791,1008,1.0000
"NY Queens",36081,1965599,322,301,6795,5823,2483,7543,2665,69,1.0000,,"NY Queens",36081,1965599,532,750,24334,16937,27604,63157,33842,1322,1.0000
"NY Suffolk",36103,1331288,71,105,723,924,1517,5634,329,64,0.9980,,"NY Suffolk",36103,1331288,53,110,1885,2171,13401,30501,9424,1618,0.9997
"NY Westchester",36119,881073,41,72,566,948,737,4118,144,42,0.8453,,"NY Westchester",36119,860113,35,133,1793,1803,6040,19572,4922,203,0.9649
"NC Mecklenburg",37119,528181,92,44,400,3588,1096,4150,154,100,1.0000,,"NC Mecklenburg",37119,528181,104,392,3154,6466,14269,31040,2708,499,1.0000
"OH Cuyahoga",39035,1434077,174,409,1205,1640,1596,5858,1484,131,0.8113,,"OH Cuyahoga",39035,1310998,181,992,5319,3796,12795,29201,15061,926,0.9997
"OH Franklin",39049,976654,72,187,553,2064,1443,2666,491,63,0.9521,,"OH Franklin",39049,949480,121,823,4071,3350,17774,40702,7898,1099,0.9794
"OH Hamilton",39061,881706,48,218,1051,1118,1294,7928,593,108,0.9256,,"OH Hamilton",39061,837116,57,653,2742,3555,10192,33441,3041,717,0.9786
"OH Montgomery",39113,582350,60,143,489,595,892,4069,442,91,0.9164,,"OH Montgomery",39113,550962,69,468,2068,1661,6948,19086,4365,373,0.9788
"OH Summit",39153,524073,33,116,394,384,655,3652,164,44,0.7659,,"OH Summit",39153,403474,26,254,1125,1795,4390,14722,2590,263,0.9922
"OK Oklahoma",40109,662232,72,119,385,1039,1009,4649,955,188,1.0000,,"OK Oklahoma",40109,612403,65,510,1850,4042,12422,31734,6288,424,1.0000
"OR Multnomah",41051,612558,45,161,632,780,814,5920,1144,56,1.0000,,"OR Multnomah",41051,611643,46,574,2898,5658,10396,30928,8982,592,1.0000
"PA Allegheny",42003,1350198,81,288,1158,1743,1309,3384,1220,112,0.9272,,"PA Allegheny",42003,1304014,71,487,3826,3062,9371,24941,13015,682,0.9604
"PA Bucks",42017,545854,10,41,77,424,417,1699,201,21,0.9231,,"PA Bucks",42017,543573,10,97,281,1396,2417,9894,2081,62,0.9239
"PA Delaware",42045,553480,23,90,234,1084,537,2603,424,36,0.9674,,"PA Delaware",42045,545384,20,154,929,2188,2750,10987,2994,128,0.9818
"PA Montgomery",42091,686417,12,55,248,593,502,3831,227,44,0.9512,,"PA Montgomery",42091,685334,9,126,553,1115,3434,14128,2425,111,0.9511
"PA Philadelphia",42101,1603638,414,513,5031,4182,3267,11400,3751,180,1.0000,,"PA Philadelphia",42101,1603638,425,817,11682,6181,16203,39683,22416,2065,1.0000
"RI Providence",44007,597207,20,86,227,1317,775,2173,462,57,1.0000,,"RI Providence",44007,597207,32,220,848,1541,7698,15003,6237,543,1.0000
"TN Shelby",47157,851352,200,165,999,951,1636,5166,70,40,0.8239,,"TN Shelby",47157,723809,177,700,5382,3718,16838,24686,13346,759,0.9979
"TX Bexar",48029,1232098,196,234,868,1510,2461,8906,2018,133,1.0000,,"TX Bexar",48029,1232098,244,709,3723,3590,25356,74470,16189,1189,1.0000
"TX Dallas",48113,2049666,288,414,2063,4036,2990,14993,3030,91,0.9999,,"TX Dallas",48113,1925819,424,1413,10311,13520,35389,99567,25621,1681,0.9999
"TX El Paso",48141,614927,66,130,509,1428,1105,5824,517,35,1.0000,,"TX El Paso",48141,614927,47,315,1653,4213,8537,31455,5615,258,1.0000
"TX Harris",48201,2925965,296,396,1796,3285,2766,16336,1617,67,1.0000,,"TX Harris",48201,2930014,571,1829,13344,17046,45420,96152,44109,2512,1.0000
"TX Tarrant",48439,1208986,102,240,847,2441,1717,8778,1327,70,1.0000,,"TX Tarrant",48439,1216191,187,901,4686,7927,23536,61859,15145,698,1.0000
"TX Travis",48453,599357,70,100,550,657,1352,6355,1235,33,1.0000,,"TX Travis",48453,599117,41,367,1505,1363,12110,39676,5013,464,1.0000
"UT Salt Lake",49035,764038,25,96,281,1107,1420,12346,817,123,0.9837,,"UT Salt Lake",49035,764038,30,455,768,2125,9284,43119,2671,295,0.9950
"VA Fairfax",51059,843672,15,55,181,272,599,3535,284,47,1.0000,,"VA Fairfax",51059,843672,19,101,505,483,2649,22615,1944,238,1.0000
"WA King",53033,1590150,27,323,334,1073,1369,10121,1051,70,0.6321,,"WA King",53033,1590823,95,1259,3718,6211,19840,81321,13161,988,1.0000
"WA Pierce",53053,619402,53,102,383,882,828,5109,236,39,0.9950,,"WA Pierce",53053,615611,56,656,1548,3448,7743,24912,3234,296,1.0000
"WI Milwaukee",55079,982096,359,322,1774,1031,1337,14059,2293,140,0.9743,,"WI Milwaukee",55079,981974,151,574,4638,1583,10785,37977,15470,560,0.9743
,,,,,,,,,,,,,,,,,,,,,,,,
,"1993 ARREST DATA",,,,,,,,,,,,,"1993 CRIME DATA",,,,,,,,,,
"COUNTY","FIPS","POP","MURDER","RAPE","ROBBERY","ASSAULT","BURG","LARCENY","MV THEFT","ARSON","Coverage Rate*",,"COUNTY","FIPS","POP","MURDER","RAPE","ROBBERY","ASSAULT","BURG","LARCENY","MV THEFT","ARSON","Coverage Rate*"
"AL Jefferson",1073,666096,136,70,484,1092,672,4617,472,24,0.9440,,"AL Jefferson",1073,664741,154,426,2325,6589,10659,26011,5304,334,1.0000
"AZ Maricopa",4013,2269191,131,177,1155,4408,4163,21289,1920,108,1.0000,,"AZ Maricopa",4013,2269191,216,816,4808,12694,37175,98384,24533,672,1.0000
"AZ Pima",4019,708931,78,63,279,1196,1284,6711,837,129,0.9902,,"AZ Pima",4019,701971,65,425,1075,3739,9896,43209,6416,288,1.0000
"CA Alameda",6001,1320942,128,189,1423,4000,3046,8344,2275,118,1.0000,,"CA Alameda",6001,1320942,199,637,7288,9523,19839,57485,13923,786,1.0000
"CA Contra Costa",6013,849174,72,88,503,1814,1775,3973,953,98,0.9987,,"CA Contra Costa",6013,849174,113,297,2544,4084,10959,26750,5420,408,1.0000
"CA Fresno",6019,712824,95,154,704,3326,2090,4589,1643,96,1.0000,,"CA Fresno",6019,712824,127,358,3309,4335,13373,23015,15991,752,1.0000
"CA Kern",6029,593687,88,100,515,3472,1964,4148,690,29,0.9833,,"CA Kern",6029,584792,73,174,1157,3745,9781,19709,3629,1354,1.0000
"CA Los Angeles",6037,9146057,1435,1147,14527,36904,23980,37902,17416,594,0.9998,,"CA Los Angeles",6037,9146057,1944,3688,65994,82250,116374,248455,126053,8181,1.0000
"CA Orange",6059,2510193,176,157,1321,4242,6006,11551,2133,93,1.0000,,"CA Orange",6059,2510193,196,546,5567,7147,27418,73050,21288,1262,1.0000
"CA Riverside",6065,1301605,152,114,870,3735,2521,6232,2012,81,0.9837,,"CA Riverside",6065,1301605,159,497,3692,10018,26610,43025,13966,982,0.9896
"CA Sacramento",6067,1104418,145,135,963,4956,2160,7683,2379,87,0.9999,,"CA Sacramento",6067,1104418,145,465,3927,5643,19119,40488,16622,302,1.0000
"CA San Bernardino",6071,1550026,205,190,1417,6982,4708,7610,2848,164,1.0000,,"CA San Bernardino",6071,1550026,256,682,5080,10632,28407,45319,17011,619,1.0000
"CA San Diego",6073,2627659,124,272,1885,9033,6524,10541,2564,159,1.0000,,"CA San Diego",6073,2627659,245,803,7494,14417,32028,73717,33200,682,1.0000
"CA San Francisco",6075,736377,115,92,1460,3108,1926,4627,1329,52,1.0000,,"CA San Francisco",6075,736377,129,364,8546,4499,11327,36062,11184,502,1.0000
"CA San Mateo",6081,670308,18,39,260,1223,1073,3902,566,71,1.0000,,"CA San Mateo",6081,670308,33,144,1024,2237,4431,16565,3744,139,1.0000
"CA Santa Clara",6085,1544156,63,186,721,4854,2373,9637,1329,109,0.9996,,"CA Santa Clara",6085,1544156,61,593,1820,5706,11808,45144,6690,587,1.0000
"CA Ventura",6111,693577,41,38,274,1537,1066,2642,555,48,1.0000,,"CA Ventura",6111,693577,42,185,921,2323,6110,14580,2776,285,1.0000
"CT Hartford",9003,846479,43,132,570,1627,1748,7122,714,54,0.9683,,"CT Hartford",9003,819604,45,211,1884,2520,8994,25506,5366,327,1.0000
"District of Columbia",11001,578000,283,134,1275,3793,1038,3152,1969,32,1.0000,,"District of Columbia",11001,578000,454,324,7107,9003,11534,31495,8062,200,1.0000
"FL Broward",12011,1320180,92,123,1068,2508,2502,8653,1148,65,0.9998,,"FL Broward",12011,1320180,104,532,4839,7796,23518,67431,13321,290,0.9985
"FL Dade",12025,2037568,218,229,3448,6855,4679,17037,3259,98,0.9035,,"FL Dade",12025,1840020,339,1036,17720,22479,49634,127660,40253,460,0.9946
"FL Duval",12031,711041,119,341,733,2414,1793,4684,1127,58,0.9821,,"FL Duval",12031,698336,127,724,3679,7201,15550,33452,9140,392,1.0000
"FL Hillsborough",12057,871034,74,215,1176,4037,1920,7335,1764,38,0.9976,,"FL Hillsborough",12057,871034,74,558,4137,9828,17831,41678,13546,335,1.0000
"FL Orange",12095,724963,52,104,482,1954,1203,3708,562,20,0.9996,,"FL Orange",12095,724963,40,477,2450,7302,14451,33962,5687,129,0.9983
"FL Palm Beach",12099,913737,35,92,574,3166,1511,4325,493,31,0.9923,,"FL Palm Beach",12099,913737,81,381,2904,6595,18557,45931,7739,256,0.9858
"FL Pinellas",12103,867397,55,125,477,1944,1854,4947,467,59,0.9997,,"FL Pinellas",12103,867397,39,469,2259,6723,12046,33483,2880,325,1.0000
"GA DeKalb",13089,538673,60,77,334,528,564,3068,348,22,0.9807,,"GA DeKalb",13089,575406,92,283,3308,2224,12750,31794,8533,245,0.9979
"GA Fulton",13121,719750,300,334,2114,6411,2533,8287,1653,118,0.9982,,"GA Fulton",13121,679914,221,591,6537,9591,16277,43719,12255,308,0.9994
"HI Honolulu",15003,875455,37,97,391,419,929,5620,1334,48,1.0000,,"HI Honolulu",15003,875455,31,286,1085,1099,9296,40148,4460,276,1.0000
"IL Cook",17031,5149282,997,1021,4714,9128,7639,50566,8586,404,0.7518,,"IL Cook",17031,4021360,907,0,36539,41519,54478,153535,45027,1894,0.9726
"IL DuPage",17043,821301,32,78,151,392,482,3671,69,51,0.2663,,"IL DuPage",17043,211535,3,0,47,130,746,4635,166,28,1.0000
"IL Lake",17097,560224,22,65,107,330,335,2555,59,35,0.3837,,"IL Lake",17097,209014,4,0,57,235,1153,3211,382,26,0.9466
"IN Marion",18097,820538,80,67,317,3876,685,4830,857,53,1.0000,,"IN Marion",18097,820538,89,709,2580,4063,11769,31373,7372,337,1.0000
"KY Jefferson",21111,677081,80,103,849,2203,1675,4928,765,77,0.9391,,"KY Jefferson",21111,677081,49,230,1803,3018,7546,18490,3474,321,1.0000
"MD Baltimore city",24510,732968,382,361,2332,2098,4599,8412,3114,226,1.0000,,"MD Baltimore city",24510,732968,353,668,12406,8581,18078,42663,10669,547,1.0000
"MD Baltimore",24005,712020,41,110,440,1735,1119,5715,897,62,1.0000,,"MD Baltimore",24005,712020,36,283,2311,4865,8056,23709,5479,395,1.0000
"MD Montgomery",24031,788643,19,53,284,214,686,2405,531,38,1.0000,,"MD Montgomery",24031,788643,30,212,903,1133,4648,21878,3159,341,1.0000
"MD Prince George's",24033,757930,109,157,908,1441,1127,3128,1203,51,1.0000,,"MD Prince George's",24033,757930,141,459,4400,3996,10323,28592,9344,339,1.0000
"MA Essex",25009,672093,7,68,154,1098,660,1401,454,24,0.7648,,"MA Essex",25009,630622,14,152,985,3085,7114,12706,6397,121,0.9857
"MA Middlesex",25017,1398804,15,137,344,4112,1256,3442,496,32,0.7679,,"MA Middlesex",25017,1210190,17,239,1078,5532,8933,23717,7183,80,1.0000
"MA Norfolk",25021,622910,7,45,118,929,447,1572,364,16,0.9483,,"MA Norfolk",25021,606556,9,103,306,1265,3180,8803,2879,92,0.9739
"MA Suffolk",25025,641662,69,212,1054,3634,1044,3251,407,28,0.8799,,"MA Suffolk",25025,596756,104,494,4446,7041,8720,27353,12990,9,0.9461
"MA Worcester",25027,710381,21,85,181,1610,791,2128,257,24,0.7116,,"MA Worcester",25027,591506,20,212,781,4560,6252,11070,2539,118,0.9676
"MI Macomb",26099,731963,6,44,152,757,357,2796,129,16,0.9424,,"MI Macomb",26099,731603,14,0,637,2475,4151,22061,3521,122,0.9432
"MI Oakland",26125,1126773,14,98,272,1015,718,3918,330,69,0.9338,,"MI Oakland",26125,1055776,34,0,1177,4158,7590,29979,4851,317,0.9940
"MI Wayne",26163,2103733,1540,998,3347,6365,3432,11098,872,277,0.9312,,"MI Wayne",26163,2020647,625,0,15195,16504,30601,77987,35236,1558,0.9712
"MN Hennepin",27053,1054497,97,340,858,1670,1068,6834,1309,102,1.0000,,"MN Hennepin",27053,1052324,76,534,3576,3573,14300,42539,6710,199,1.0000
"MO Jackson",29095,723147,174,291,642,968,1151,8570,1669,118,0.9251,,"MO Jackson",29095,632069,129,514,3437,5920,12468,27168,8209,507,0.9949
"MO St. Louis",29189,1008947,26,52,390,816,887,5566,487,38,0.5245,,"MO St. Louis",29189,1001062,47,207,1212,1863,6666,27293,4224,205,0.9960
"NV Clark",32003,878758,106,222,1048,1027,2208,7018,588,37,0.9721,,"NV Clark",32003,878758,117,580,4096,4268,12219,28636,8756,499,0.9671
"NJ Bergen",34003,841249,15,47,183,710,676,4078,106,42,1.0000,,"NJ Bergen",34003,841249,16,76,472,923,4120,16249,3216,115,1.0000
"NJ Essex",34013,779264,117,317,1562,3256,1551,3824,437,87,1.0000,,"NJ Essex",34013,779264,131,488,8970,6376,14018,23175,19263,414,1.0000
"NJ Hudson",34017,559129,22,72,1202,1667,1008,3649,95,30,1.0000,,"NJ Hudson",34017,559129,29,164,3345,2859,7944,14881,7035,115,1.0000
"NJ Middlesex",34023,689602,8,65,254,786,622,3278,174,35,1.0000,,"NJ Middlesex",34023,689602,15,118,951,1479,5484,16058,2857,133,1.0000
"NJ Monmouth",34025,570171,8,72,224,835,779,3051,160,36,0.9799,,"NJ Monmouth",34025,570171,11,122,515,1059,4011,13384,1047,107,0.9987
"NY Bronx",36005,1207848,218,194,4455,3689,1444,4397,1391,38,1.0000,,"NY Bronx",36005,1207848,320,463,14141,10324,16342,38680,18488,730,1.0000
"NY Erie",36029,976047,49,86,591,1671,1015,4666,1359,53,0.9909,,"NY Erie",36029,974008,84,375,3233,4423,11179,26431,7673,531,0.9981
"NY Kings",36047,2308422,418,374,9291,7247,2769,8763,2659,72,1.0000,,"NY Kings",36047,2308422,614,891,29135,20078,31201,75969,35335,1396,1.0000
"NY Monroe",36055,727933,30,89,484,494,856,6861,459,90,0.9994,,"NY Monroe",36055,727933,71,206,1827,1039,8630,26754,4129,387,1.0000
"NY Nassau",36059,1308384,41,58,516,884,621,4273,227,29,0.9923,,"NY Nassau",36059,1307390,42,114,1730,1653,5898,21389,7753,425,0.9982
"NY New York",36061,1492552,270,240,5503,4568,1785,5441,1721,47,1.0000,,"NY New York",36061,1492552,397,572,17474,12758,20163,47834,22846,903,1.0000
"NY Queens",36081,1958179,354,314,7222,5979,2354,7143,2255,61,1.0000,,"NY Queens",36081,1958179,521,751,22939,16734,26482,62822,29976,1184,1.0000
"NY Suffolk",36103,1344696,26,73,302,1260,1294,5641,249,63,0.0984,,"NY Suffolk",36103,1344696,50,90,1824,1834,12126,27086,8227,1130,0.9994
"NY Westchester",36119,886086,33,59,549,935,560,3361,159,25,0.9274,,"NY Westchester",36119,844660,35,123,1874,1830,5390,18513,4804,166,0.9878
"NC Mecklenburg",37119,546235,106,52,341,3506,893,3807,188,74,1.0000,,"NC Mecklenburg",37119,546235,128,384,3298,6531,12372,29927,3165,432,1.0000
"OH Cuyahoga",39035,1420150,178,339,1280,1761,1742,5627,1628,150,0.5057,,"OH Cuyahoga",39035,903021,181,910,4720,3411,9964,20561,11762,716,0.9447
"OH Franklin",39049,998250,77,198,543,2345,1641,2923,447,57,0.8347,,"OH Franklin",39049,921995,109,756,4231,2818,15349,38202,7794,1097,1.0000
"OH Hamilton",39061,879477,43,183,964,1000,1138,7432,631,85,0.9446,,"OH Hamilton",39061,834337,44,595,2727,3265,8910,32636,2776,719,0.9934
"OH Montgomery",39113,581946,59,132,541,565,872,3769,541,103,0.8219,,"OH Montgomery",39113,543340,59,391,1798,1414,6785,18528,4250,331,0.9786
"OH Summit",39153,527611,34,86,366,366,663,3230,198,68,0.7495,,"OH Summit",39153,408520,19,241,946,1448,4201,13730,2406,255,0.9652
"OK Oklahoma",40109,667791,76,88,422,902,1054,3711,1169,247,0.9991,,"OK Oklahoma",40109,617674,77,544,1703,4121,11147,33520,5809,422,0.9991
"OR Multnomah",41051,614286,68,151,563,797,729,6186,1396,88,1.0000,,"OR Multnomah",41051,613378,61,563,2462,6017,9211,31232,9616,656,1.0000
"PA Allegheny",42003,1339741,105,225,1039,1741,1142,3415,1075,89,0.8376,,"PA Allegheny",42003,1259019,105,467,3605,3135,8455,25108,10293,528,0.8900
"PA Bucks",42017,557626,7,33,111,447,337,1635,181,26,0.9528,,"PA Bucks",42017,552916,13,87,310,613,2236,9467,1741,94,0.9629
"PA Delaware",42045,551913,41,46,290,1231,472,2477,325,34,0.9280,,"PA Delaware",42045,538912,42,121,898,2225,2656,10187,2676,133,0.9507
"PA Montgomery",42091,694115,12,54,162,565,526,3804,210,37,0.8506,,"PA Montgomery",42091,663305,14,106,507,953,3221,13417,2274,91,0.8780
"PA Philadelphia",42101,1559534,365,468,4658,4553,2774,10899,3979,198,1.0000,,"PA Philadelphia",42101,1559534,439,785,11532,6822,15117,39183,23786,2282,1.0000
"RI Providence",44007,589670,21,84,210,1280,592,2014,426,67,1.0000,,"RI Providence",44007,589670,30,215,898,1577,7902,15194,5383,471,1.0000
"TN Shelby",47157,857006,253,246,1121,1203,1587,4930,53,46,0.9375,,"TN Shelby",47157,857006,208,803,5547,4325,17495,28920,14314,590,1.0000
"TX Bexar",48029,1257355,236,189,744,1348,1892,8405,1529,103,1.0000,,"TX Bexar",48029,1257355,244,651,3206,3673,20583,70932,13151,1110,1.0000
"TX Dallas",48113,2078152,244,474,1829,4158,3213,15019,2845,138,1.0000,,"TX Dallas",48113,1951039,348,1325,8146,12097,30460,89221,21801,1687,1.0000
"TX El Paso",48141,640839,94,124,539,1444,894,5586,315,46,1.0000,,"TX El Paso",48141,640839,55,340,1629,4583,6397,31373,5786,479,1.0000
"TX Harris",48201,3027712,214,333,1721,3129,2298,15466,1446,66,1.0000,,"TX Harris",48201,3031112,544,2253,13183,17369,40207,94516,38865,2186,1.0000
"TX Tarrant",48439,1236662,134,210,833,2500,1336,8477,1114,66,1.0000,,"TX Tarrant",48439,1244112,159,865,3878,6670,18621,53127,10172,652,1.0000
"TX Travis",48453,625470,59,136,645,773,1198,7251,1087,57,1.0000,,"TX Travis",48453,625222,41,364,1638,1619,10143,39871,4795,647,1.0000
"UT Salt Lake",49035,784014,28,98,246,1086,1194,11304,736,98,0.9895,,"UT Salt Lake",49035,775897,38,414,838,2051,7778,39506,2709,209,0.9999
"VA Fairfax",51059,869653,12,52,142,350,488,3408,293,37,1.0000,,"VA Fairfax",51059,869653,18,107,474,394,2415,21858,1799,235,1.0000
"WA King",53033,1591095,29,357,319,974,1239,9474,698,84,0.6391,,"WA King",53033,1591806,103,1222,3790,5997,18942,78632,12133,805,1.0000
"WA Pierce",53053,633847,36,137,340,872,849,4441,193,50,0.9539,,"WA Pierce",53053,629887,57,412,1443,3663,8361,24841,3801,317,1.0000
"WI Milwaukee",55079,961076,457,323,1631,1147,1275,15184,2086,142,1.0000,,"WI Milwaukee",55079,960954,164,469,4317,1591,10207,36317,11813,598,1.0000
,,,,,,,,,,,,,,,,,,,,,,,,
,"1994 ARREST DATA",,,,,,,,,,,,,"1994 CRIME DATA",,,,,,,,,,
"COUNTY","FIPS","POP","MURDER","RAPE","ROBBERY","ASSAULT","BURG","LARCENY","MV THEFT","ARSON","Coverage Rate*",,"COUNTY","FIPS","POP","MURDER","RAPE","ROBBERY","ASSAULT","BURG","LARCENY","MV THEFT","ARSON","Coverage Rate*"
"AL Jefferson",1073,671332,137,87,606,1094,706,4879,463,37,0.9453,,"AL Jefferson",1073,669967,163,453,2708,5792,10631,28009,5417,362,1.0000
"AZ Maricopa",4013,2349357,161,138,1038,4338,3573,22485,1971,142,1.0000,,"AZ Maricopa",4013,2349357,296,771,4801,12321,39119,107239,32147,791,1.0000
"AZ Pima",4019,733967,75,53,306,1281,1237,6560,929,131,0.9902,,"AZ Pima",4019,726762,56,401,1226,4237,9858,49136,8225,259,1.0000
"CA Alameda",6001,1330248,105,175,1520,3994,2710,8241,2227,134,1.0000,,"CA Alameda",6001,1330248,187,617,6518,8956,17278,56364,14345,740,1.0000
"CA Contra Costa",6013,855150,89,74,587,1933,1802,4017,971,73,1.0000,,"CA Contra Costa",6013,855150,120,276,2206,3791,10543,27976,5250,373,1.0000
"CA Fresno",6019,717844,73,162,800,4444,2081,4637,1676,174,1.0000,,"CA Fresno",6019,717844,122,307,3234,5530,12307,27274,16638,1033,1.0000
"CA Kern",6029,597865,89,120,423,3643,1875,3882,695,38,0.9834,,"CA Kern",6029,588908,92,216,1046,3828,9083,19796,4298,1257,1.0000
"CA Los Angeles",6037,9210703,1234,973,12957,37310,21537,34642,15392,532,1.0000,,"CA Los Angeles",6037,9210703,1669,3188,56116,77026,104011,236758,113027,6922,1.0000
"CA Orange",6059,2527871,134,149,1312,5202,5606,10787,2090,92,1.0000,,"CA Orange",6059,2527871,171,605,5532,7694,23877,69959,20107,981,1.0000
"CA Riverside",6065,1310769,151,122,723,3851,2486,5244,1720,86,0.9974,,"CA Riverside",6065,1231820,156,462,3087,9571,24250,39372,12920,692,1.0000
"CA Sacramento",6067,1112203,134,127,943,4938,2065,7374,2494,76,0.9997,,"CA Sacramento",6067,1112203,126,505,4168,5836,19397,42027,19127,258,1.0000
"CA San Bernardino",6071,1560941,196,196,1519,7187,4599,7457,2889,215,1.0000,,"CA San Bernardino",6071,1560941,243,648,4824,9164,27490,45391,18947,750,1.0000
"CA San Diego",6073,2646179,151,288,1860,9081,5924,9441,2339,204,1.0000,,"CA San Diego",6073,2646179,205,869,6881,15406,30048,70610,28760,625,1.0000
"CA San Francisco",6075,741568,58,67,1336,3279,1670,3607,1121,53,1.0000,,"CA San Francisco",6075,741568,92,295,6677,3873,8113,34904,9339,450,1.0000
"CA San Mateo",6081,675024,17,29,293,1243,835,3433,365,53,1.0000,,"CA San Mateo",6081,675024,26,146,1007,2191,4274,16733,2928,134,1.0000
"CA Santa Clara",6085,1555035,48,183,724,4913,2384,8326,1308,97,0.9992,,"CA Santa Clara",6085,1555035,56,562,1868,6550,10902,41419,7046,718,1.0000
"CA Ventura",6111,698461,33,40,268,2115,987,2499,445,45,1.0000,,"CA Ventura",6111,698461,28,141,831,2313,5836,14070,2725,217,1.0000
"CT Hartford",9003,845949,70,126,786,1782,1679,7211,746,66,0.9683,,"CT Hartford",9003,819091,71,246,2339,2585,8520,24744,5983,354,1.0000
"District of Columbia",11001,570000,277,95,1173,3513,1090,2860,1623,27,1.0000,,"District of Columbia",11001,570000,399,249,6311,8218,10037,29711,8261,206,1.0000
"FL Broward",12011,1352749,93,133,1130,2817,2434,9534,1402,89,1.0000,,"FL Broward",12011,1352749,102,536,4458,7855,22829,72738,16574,280,0.9914
"FL Dade",12025,2078552,255,217,3154,7142,5192,18574,3527,86,0.9046,,"FL Dade",12025,1880168,312,1095,15225,21308,43261,128149,40673,450,0.9866
"FL Duval",12031,725281,109,271,717,2219,1730,5156,946,41,1.0000,,"FL Duval",12031,725281,106,663,3520,6496,14736,35935,6895,426,0.9896
"FL Hillsborough",12057,888479,91,259,1195,4001,1967,7903,2104,38,1.0000,,"FL Hillsborough",12057,888479,100,533,4539,10025,16980,46339,16991,390,1.0000
"FL Orange",12095,739481,62,126,564,2569,1258,8291,735,18,1.0000,,"FL Orange",12095,739481,44,427,2689,7416,13651,37430,6373,136,1.0000
"FL Palm Beach",12099,932024,40,80,608,3577,1450,4937,552,38,1.0000,,"FL Palm Beach",12099,932024,93,451,2993,6783,18278,45686,8597,298,1.0000
"FL Pinellas",12103,884759,67,138,551,2315,2112,6607,600,73,1.0000,,"FL Pinellas",12103,884759,33,460,2224,7061,12290,35111,3322,321,1.0000
"GA DeKalb",13089,549416,51,83,268,527,483,3500,315,22,0.9518,,"GA DeKalb",13089,586881,89,270,2825,2087,11353,33196,7884,215,0.9667
"GA Fulton",13121,734394,194,266,1689,5472,2205,9123,1630,98,0.9278,,"GA Fulton",13121,693765,205,517,5750,9242,15556,45222,10898,268,0.9997
"HI Honolulu",15003,880687,46,114,367,492,898,6055,1511,47,1.0000,,"HI Honolulu",15003,880687,35,266,1058,1169,10018,42552,5727,331,1.0000
"IL Cook",17031,5173815,98,186,564,1312,1327,13655,274,97,0.1855,,"IL Cook",17031,3858021,980,0,35066,41933,51673,150501,44093,1836,0.9912
"IL DuPage",17043,825147,30,64,167,442,485,3732,90,33,0.2434,,"IL DuPage",17043,191941,0,0,38,111,666,4096,134,32,1.0000
"IL Lake",17097,562839,25,55,97,316,338,2411,50,31,0.3858,,"IL Lake",17097,209310,5,0,30,190,807,3215,290,38,0.9746
"IN Marion",18097,826242,78,34,298,2960,659,4835,988,82,0.9661,,"IN Marion",18097,798192,125,627,3003,3767,11859,30787,7999,445,1.0000
"KY Jefferson",21111,684057,111,144,778,2521,1743,5669,901,92,0.9163,,"KY Jefferson",21111,682516,70,249,1715,3540,7925,18819,3598,437,1.0000
"MD Baltimore city",24510,739180,381,380,2239,1942,4035,8492,3897,103,1.0000,,"MD Baltimore city",24510,739180,321,639,11302,8741,16028,43871,13697,600,1.0000
"MD Baltimore",24005,717879,28,105,473,1710,1051,6040,1039,101,1.0000,,"MD Baltimore",24005,717879,31,289,2179,4749,7353,24678,6289,458,1.0000
"MD Montgomery",24031,795132,40,57,279,267,611,2228,549,36,0.9990,,"MD Montgomery",24031,794337,34,199,937,1145,4625,23696,3370,405,1.0000
"MD Prince George's",24033,764160,78,150,853,1100,1168,2930,1073,65,0.9972,,"MD Prince George's",24033,764160,127,413,3984,3826,10352,28544,9477,337,1.0000
"MA Essex",25009,675314,7,58,161,1113,650,1505,453,30,0.7298,,"MA Essex",25009,633647,27,126,1017,2642,7245,14466,7117,447,0.9634
"MA Middlesex",25017,1405522,14,100,316,3596,1006,2908,386,26,0.7382,,"MA Middlesex",25017,1250868,17,263,1069,5276,8101,23084,6471,270,0.9931
"MA Norfolk",25021,625897,9,59,150,844,412,1510,330,18,0.8737,,"MA Norfolk",25021,618903,11,103,294,1283,3174,8519,2320,145,0.9615
"MA Suffolk",25025,644937,43,222,1098,2980,940,3117,326,31,0.8632,,"MA Suffolk",25025,556724,86,461,4509,6334,6978,26483,11376,0,1.0000
"MA Worcester",25027,713776,11,54,204,1302,567,1806,293,23,0.6959,,"MA Worcester",25027,664388,18,194,909,3058,6717,11762,2295,356,0.9827
"MI Macomb",26099,733343,20,51,135,901,307,2788,180,22,0.9250,,"MI Macomb",26099,732983,20,261,550,2394,4109,21416,3399,173,0.9271
"MI Oakland",26125,1128893,20,78,223,953,594,4057,268,55,0.8576,,"MI Oakland",26125,987957,23,305,672,3006,5669,28377,3894,273,0.9756
"MI Wayne",26163,2107992,1420,981,3298,7012,3497,10158,991,301,0.9281,,"MI Wayne",26163,2024749,603,1555,14292,16854,30540,76539,38395,1195,0.9739
"MN Hennepin",27053,1066677,78,350,828,1644,1082,7550,1111,102,1.0000,,"MN Hennepin",27053,1064480,70,881,3889,3734,13086,43785,6019,229,1.0000
"MO Jackson",29095,740304,216,196,841,3661,1223,8751,1645,144,0.9848,,"MO Jackson",29095,637379,123,474,3251,5827,12559,28933,7046,495,1.0000
"MO St. Louis",29189,1017402,20,77,312,1048,720,6231,462,43,0.4862,,"MO St. Louis",29189,1012675,48,201,1072,2040,6557,30913,4072,196,0.9944
"NV Clark",32003,921789,119,232,1121,1087,2552,7365,716,42,0.9874,,"NV Clark",32003,921789,128,755,4432,6337,14145,35620,9361,493,1.0000
"NJ Bergen",34003,843879,9,56,300,795,528,4107,104,32,1.0000,,"NJ Bergen",34003,843879,11,70,533,989,3989,15482,3198,108,1.0000
"NJ Essex",34013,781999,114,250,1632,3252,1402,3873,314,94,1.0000,,"NJ Essex",34013,781999,128,402,9016,6605,12891,24093,16864,475,1.0000
"NJ Hudson",34017,560896,33,45,1183,1738,880,3494,58,34,1.0000,,"NJ Hudson",34017,560896,47,118,3165,2912,7533,15567,6955,133,1.0000
"NJ Middlesex",34023,691776,7,37,207,614,562,3358,187,43,1.0000,,"NJ Middlesex",34023,691776,13,84,735,1317,5433,16415,2914,142,1.0000
"NJ Monmouth",34025,571949,9,83,281,759,736,3073,136,38,0.9785,,"NJ Monmouth",34025,571949,15,130,532,998,3650,13311,1005,110,1.0000
"NY Bronx",36005,1206035,204,204,4223,3888,1472,4412,1152,38,1.0000,,"NY Bronx",36005,1206035,257,438,11936,9853,14638,34607,15688,809,1.0000
"NY Erie",36029,974535,42,75,658,1874,948,4877,1158,38,0.9899,,"NY Erie",36029,975490,96,337,3636,4660,10496,26043,6315,625,0.9983
"NY Kings",36047,2304956,389,389,8037,7382,2815,8430,2196,72,1.0000,,"NY Kings",36047,2304956,496,841,24294,19129,27779,67660,29980,1547,1.0000
"NY Monroe",36055,726806,45,59,490,493,721,6550,381,57,0.9960,,"NY Monroe",36055,726806,67,193,1887,1096,6986,24663,3048,477,1.0000
"NY Nassau",36059,1306358,29,39,530,906,632,4690,255,57,0.9984,,"NY Nassau",36059,1305029,26,117,1491,1503,5224,19766,6436,494,1.0000
"NY New York",36061,1490311,253,251,5198,4786,1822,5459,1421,47,1.0000,,"NY New York",36061,1490311,317,542,14740,12145,17955,42689,19385,1000,1.0000
"NY Queens",36081,1955239,330,330,6823,6277,2395,7161,1863,61,1.0000,,"NY Queens",36081,1955239,416,711,19346,15940,23573,56073,25431,1312,1.0000
"NY Suffolk",36103,1342613,87,101,714,940,1242,4867,354,47,0.4735,,"NY Suffolk",36103,1342613,69,54,1421,1871,10407,32379,5983,1188,0.4743
"NY Westchester",36119,873269,31,59,534,936,581,3124,94,48,0.9911,,"NY Westchester",36119,873269,29,125,1806,1642,5011,17636,4746,141,0.9955
"NC Mecklenburg",37119,556275,90,43,419,3649,749,3919,200,88,1.0000,,"NC Mecklenburg",37119,556275,90,366,2760,6113,10743,30282,3243,433,1.0000
"OH Cuyahoga",39035,1421531,153,372,1235,1890,1587,5398,1633,171,0.5368,,"OH Cuyahoga",39035,1340178,157,948,4898,3665,12101,29952,13195,827,0.9976
"OH Franklin",39049,999516,78,183,516,2520,1567,2815,453,48,0.8348,,"OH Franklin",39049,923188,108,768,3959,2681,15195,38638,7491,1119,1.0000
"OH Hamilton",39061,880329,45,156,975,1014,1300,8115,708,99,0.9296,,"OH Hamilton",39061,831697,47,539,2525,2626,8483,32242,2548,667,0.9990
"OH Montgomery",39113,582509,61,134,449,630,930,4165,506,118,0.9396,,"OH Montgomery",39113,558816,66,375,1613,1163,6189,17904,3842,360,0.9814
"OH Summit",39153,528125,48,85,397,423,673,3470,210,44,0.7578,,"OH Summit",39153,403698,28,238,931,1489,3862,14129,2468,239,0.9886
"OK Oklahoma",40109,673365,72,148,403,997,1014,4247,1004,215,1.0000,,"OK Oklahoma",40109,622830,61,556,1814,4173,11450,37882,5201,438,1.0000
"OR Multnomah",41051,625307,96,115,556,829,792,6324,1461,84,1.0000,,"OR Multnomah",41051,624383,60,448,2522,6427,9262,32339,10803,656,1.0000
"PA Allegheny",42003,1340126,97,243,1183,1866,1224,3571,878,88,0.8995,,"PA Allegheny",42003,1295235,85,477,3221,2950,7925,25227,8544,488,0.9364
"PA Bucks",42017,557792,13,34,107,386,377,1725,183,18,0.9278,,"PA Bucks",42017,550184,11,76,280,664,2321,10037,1992,101,0.9785
"PA Delaware",42045,552073,28,49,258,1284,440,2608,412,41,0.9245,,"PA Delaware",42045,538389,30,144,1025,2213,2206,10263,2653,179,0.9688
"PA Montgomery",42091,694323,9,46,201,666,518,3632,236,43,0.9256,,"PA Montgomery",42091,677811,11,84,488,1023,2953,13312,2620,109,0.9643
"PA Philadelphia",42101,1560576,323,427,4495,4236,2500,10533,4783,201,1.0000,,"PA Philadelphia",42101,1560576,404,721,12706,6809,14111,40396,25282,2500,1.0000
"RI Providence",44007,587913,27,62,180,1211,633,1972,352,36,1.0000,,"RI Providence",44007,587913,37,202,769,1405,6829,14195,4223,454,1.0000
"TN Shelby",47157,869945,151,162,957,1218,1802,4250,119,60,0.3932,,"TN Shelby",47157,869945,169,789,5197,4537,18016,30038,12793,733,0.9966
"TX Bexar",48029,1281535,335,167,697,1343,1781,9474,1283,70,0.9878,,"TX Bexar",48029,1281535,214,676,2956,3532,18959,63862,10854,1031,1.0000
"TX Dallas",48113,2118119,186,408,1689,3710,2831,15232,2868,147,1.0000,,"TX Dallas",48113,1988565,336,1211,7782,10844,26505,81810,21928,1680,1.0000
"TX El Paso",48141,653165,81,135,561,1371,781,4933,255,58,0.9861,,"TX El Paso",48141,653165,54,289,1164,4394,4880,28643,4113,428,0.9864
"TX Harris",48201,3086464,230,355,1765,2939,2284,15297,1292,81,0.9751,,"TX Harris",48201,3089930,462,1738,11712,16100,38496,86497,32043,2238,1.0000
"TX Tarrant",48439,1260439,133,230,778,2295,1238,9340,858,51,0.9967,,"TX Tarrant",48439,1268032,166,779,3443,6244,15328,50296,9382,609,1.0000
"TX Travis",48453,637499,68,111,519,937,813,6722,1169,33,1.0000,,"TX Travis",48453,637247,42,346,1646,1813,8765,30486,4304,678,1.0000
"UT Salt Lake",49035,804294,25,66,304,1148,940,10232,717,83,0.9896,,"UT Salt Lake",49035,795968,42,465,915,2057,8088,40746,3595,304,1.0000
"VA Fairfax",51059,877826,17,33,126,241,442,3175,272,56,1.0000,,"VA Fairfax",51059,877826,20,116,454,408,2237,22642,1925,291,1.0000
"WA King",53033,1617825,33,293,394,1049,1094,9331,658,66,0.6373,,"WA King",53033,1618547,105,1023,3816,5313,17834,76880,12255,848,0.9993
"WA Pierce",53053,644453,66,140,391,1022,960,4928,235,47,0.9914,,"WA Pierce",53053,640430,64,442,1444,3989,7887,26500,5362,357,1.0000
"WI Milwaukee",55079,969640,332,329,1512,1966,1422,15680,2070,153,1.0000,,"WI Milwaukee",55079,969517,143,479,4306,2205,10319,36656,11760,717,1.0000
,,,,,,,,,,,,,,,,,,,,,,,,
,"1995 ARREST DATA",,,,,,,,,,,,,"1995 CRIME DATA",,,,,,,,,,
"COUNTY","FIPS","POP","MURDER","RAPE","ROBBERY","ASSAULT","BURG","LARCENY","MV THEFT","ARSON","Coverage Rate*",,"COUNTY","FIPS","POP","MURDER","RAPE","ROBBERY","ASSAULT","BURG","LARCENY","MV THEFT","ARSON","Coverage Rate*"
"AL Jefferson",1073,663255,125,81,673,1138,641,4451,454,19,0.9851,,"AL Jefferson",1073,661952,151,358,2967,5687,10590,29128,5291,384,1.0000
"AZ Maricopa",4013,2428924,144,155,1095,4344,3499,25165,2229,143,1.0000,,"AZ Maricopa",4013,2428924,298,766,5281,12367,39519,120408,37525,799,1.0000
"AZ Pima",4019,757195,83,68,413,1280,1100,7589,1087,177,0.9903,,"AZ Pima",4019,749862,92,394,1445,4676,8645,50678,7453,447,1.0000
"CA Alameda",6001,1326110,102,116,1150,4391,2428,9140,1611,127,0.7219,,"CA Alameda",6001,957339,58,239,2444,4337,9293,38062,7731,386,1.0000
"CA Contra Costa",6013,867266,58,83,538,2123,1602,3865,896,56,0.9993,,"CA Contra Costa",6013,867266,80,252,1991,3706,9457,26509,4266,300,1.0000
"CA Fresno",6019,733400,68,133,724,4453,2084,4623,1621,101,1.0000,,"CA Fresno",6019,733400,105,336,2591,5588,11921,29210,15542,1438,1.0000
"CA Kern",6029,612393,67,67,401,3106,1340,2256,544,41,0.6685,,"CA Kern",6029,598323,71,172,1121,3095,8120,18014,4015,1370,1.0000
"CA Los Angeles",6037,9196040,1290,944,12795,37072,19737,34724,13984,449,0.9999,,"CA Los Angeles",6037,9196040,1678,3176,52287,73411,96365,233914,101811,5423,1.0000
"CA Orange",6059,2555945,120,149,1361,5737,5177,10874,2099,84,1.0000,,"CA Orange",6059,2555945,166,543,4759,7650,22323,66202,17800,934,1.0000
"CA Riverside",6065,1359725,148,125,737,3997,2400,4673,1313,63,0.9996,,"CA Riverside",6065,1359725,133,450,3021,9363,22282,39478,12384,640,1.0000
"CA Sacramento",6067,1103670,104,124,927,5209,1994,7864,2225,74,1.0000,,"CA Sacramento",6067,1103670,103,473,4036,5866,19032,42402,17266,323,1.0000
"CA San Bernardino",6071,1561427,189,197,1398,7527,4621,7472,2791,154,1.0000,,"CA San Bernardino",6071,1561427,225,598,4754,9015,24724,42704,18187,737,1.0000
"CA San Diego",6073,2645313,144,257,1906,8907,5664,9263,1739,152,1.0000,,"CA San Diego",6073,2645313,198,724,5892,14205,25832,62862,23401,620,1.0000
"CA San Francisco",6075,738371,37,101,1323,3799,1467,3097,1017,301,1.0000,,"CA San Francisco",6075,738371,99,305,6524,4086,7209,35506,8355,455,1.0000
"CA San Mateo",6081,679627,21,37,276,1337,740,2922,333,54,1.0000,,"CA San Mateo",6081,679627,35,151,936,1686,4073,16247,2739,140,1.0000
"CA Santa Clara",6085,1565059,61,148,789,5621,2348,8337,1197,121,0.9994,,"CA Santa Clara",6085,1565059,56,569,2000,7092,10224,40195,6537,734,1.0000
"CA Ventura",6111,706270,28,47,262,2037,1024,2749,427,45,1.0000,,"CA Ventura",6111,706270,26,171,833,2019,5144,14465,2533,167,1.0000
"CT Hartford",9003,839202,79,171,756,1993,1833,7528,707,77,0.9677,,"CT Hartford",9003,812128,48,284,1986,2619,9267,26664,5399,307,1.0000
"District of Columbia",11001,554000,200,88,1095,2917,985,2587,1944,15,1.0000,,"District of Columbia",11001,554000,361,292,6864,7228,10185,32319,10193,122,1.0000
"FL Broward",12011,1404094,79,118,931,2421,2071,8846,861,62,1.0000,,"FL Broward",12011,1404094,82,535,4244,7045,20789,67809,13720,294,0.9937
"FL Dade",12025,2055953,196,230,3010,8653,5022,19018,2541,64,1.0000,,"FL Dade",12025,2055953,312,1070,15281,22123,41696,132635,40160,479,0.9897
"FL Duval",12031,716681,76,240,516,2197,1720,5661,851,51,1.0000,,"FL Duval",12031,716681,87,641,2977,6135,12859,34778,5837,370,1.0000
"FL Hillsborough",12057,887640,71,310,1118,5067,1956,9280,1737,24,1.0000,,"FL Hillsborough",12057,887640,75,498,3622,9032,14198,43740,10519,319,1.0000
"FL Orange",12095,749375,78,115,601,2483,1320,6849,717,22,1.0000,,"FL Orange",12095,749375,51,399,2592,6896,12807,37599,5822,117,0.9440
"FL Palm Beach",12099,969103,30,89,522,2925,1256,4648,504,35,1.0000,,"FL Palm Beach",12099,969103,63,381,2486,6513,17803,47320,8493,310,0.9976
"FL Pinellas",12103,880427,53,146,464,2205,1630,5131,525,73,1.0000,,"FL Pinellas",12103,880427,52,396,2186,6626,10917,34039,2950,317,0.9950
"GA DeKalb",13089,552936,61,73,305,505,413,3685,310,18,0.8721,,"GA DeKalb",13089,589722,76,231,2496,1948,9704,36441,8524,229,0.9635
"GA Fulton",13121,745106,182,244,1558,5554,2294,8942,1463,82,0.9717,,"GA Fulton",13121,704833,197,545,5457,9001,14162,45307,11452,270,0.9957
"HI Honolulu",15003,880266,58,67,469,526,755,5644,1677,37,1.0000,,"HI Honolulu",15003,880266,38,217,1371,1256,10127,46696,7440,299,1.0000
"IL Cook",17031,5145278,872,546,3796,7279,4479,32354,7939,186,0.5344,,"IL Cook",17031,2749811,824,0,30086,39205,40239,121487,36197,1241,1.0000
"IL DuPage",17043,850327,32,20,141,270,166,1198,294,7,0.0000,,"IL DuPage",17043,101834,2,0,22,53,295,2178,97,19,1.0000
"IL Lake",17097,577948,0,0,0,0,0,0,0,0,0.0000,,"IL Lake",17097,0,0,0,0,0,0,0,0,0,0.0000
"IN Marion",18097,825219,95,50,335,3715,586,4620,1226,64,1.0000,,"IN Marion",18097,825219,116,610,3136,4191,11769,32412,8568,421,0.9244
"KY Jefferson",21111,678456,86,132,965,2852,1824,5777,1176,81,0.8922,,"KY Jefferson",21111,676951,59,244,2119,3744,7845,18856,4371,439,0.8180
"MD Baltimore city",24005,716904,43,101,547,1651,1367,5978,1193,94,1.0000,,"MD Baltimore city",24005,716904,38,251,2474,4974,7643,26083,5408,461,1.0000
"MD Baltimore",24031,808499,13,67,268,316,650,2529,547,31,0.9990,,"MD Baltimore",24031,807699,21,222,1089,1234,4824,24402,3390,442,1.0000
"MD Montgomery",24033,765197,64,112,983,1076,1247,3067,1000,57,1.0000,,"MD Montgomery",24033,765197,137,405,4404,4073,10238,30946,10866,407,1.0000
"MD Prince George's",24510,712209,496,334,2278,1856,3426,8543,3008,133,1.0000,,"MD Prince George's",24510,712209,322,684,11398,9209,16717,47122,11335,947,1.0000
"MA Essex",25009,681851,15,51,166,1205,696,1503,330,21,0.8026,,"MA Essex",25009,632676,18,118,871,2839,5873,14345,5687,380,0.9895
"MA Middlesex",25017,1410930,26,128,381,3072,1065,2927,303,28,0.8329,,"MA Middlesex",25017,1308675,24,257,1035,4705,7635,23760,5369,336,0.9850
"MA Norfolk",25021,634781,6,31,104,798,406,1594,223,24,0.9520,,"MA Norfolk",25021,615694,4,77,234,1098,2944,8744,2097,227,0.9815
"MA Suffolk",25025,636704,54,161,964,3066,805,3106,130,12,0.9055,,"MA Suffolk",25025,576581,99,404,4001,7045,7325,29075,10715,648,1.0000
"MA Worcester",25027,720952,13,54,157,1616,598,1680,194,17,0.9244,,"MA Worcester",25027,676666,15,204,607,3493,5826,12464,2233,496,0.9748
"MI Macomb",26099,733308,15,44,123,1083,333,2831,212,34,0.8603,,"MI Macomb",26099,632638,6,250,435,2064,2974,17284,3053,148,0.9969
"MI Oakland",26125,1151355,21,76,220,912,552,4057,295,77,0.8642,,"MI Oakland",26125,1011710,25,293,613,2749,5476,28876,4233,292,0.9806
"MI Wayne",26163,2073176,1234,948,2738,7248,3756,9357,894,320,0.9216,,"MI Wayne",26163,1966731,512,1478,11388,15823,29702,74005,37370,1420,0.9966
"MN Hennepin",27053,1062264,129,293,823,1603,944,7738,1411,81,0.9879,,"MN Hennepin",27053,1060122,107,838,4056,3671,12117,44282,6476,241,0.9919
"MO Jackson",29095,737879,138,177,656,1912,1131,9184,1606,115,0.9972,,"MO Jackson",29095,638707,89,443,2927,5343,10382,31866,6489,491,1.0000
"MO St. Louis",29189,1013829,37,112,393,1554,1283,7880,625,68,0.4481,,"MO St. Louis",29189,1008638,42,176,960,2014,5624,30022,3732,182,0.9775
"NV Clark",32003,985200,136,196,1120,1001,2589,8564,1058,38,0.9984,,"NV Clark",32003,985200,132,721,4329,6407,14982,37728,9719,587,1.0000
"NJ Bergen",34003,846755,10,40,246,726,543,3895,97,34,0.9991,,"NJ Bergen",34003,846755,10,71,448,878,3562,16267,2792,117,1.0000
"NJ Essex",34013,769448,129,231,1655,3458,1571,4362,274,73,1.0000,,"NJ Essex",34013,769448,144,396,8873,6796,13850,26986,16065,407,1.0000
"NJ Hudson",34017,555254,55,48,1238,1736,831,3886,96,54,0.9997,,"NJ Hudson",34017,555254,40,121,3091,2700,6765,15663,6782,143,1.0000
"NJ Middlesex",34023,696465,10,42,242,777,542,3186,112,51,0.9942,,"NJ Middlesex",34023,696465,13,96,860,1254,4569,16271,2377,170,1.0000
"NJ Monmouth",34025,581479,8,56,232,672,550,2983,150,39,0.9609,,"NJ Monmouth",34025,581479,14,103,476,850,3169,13435,1041,105,1.0000
"NY Bronx",36005,1203352,174,206,4060,3929,1591,4992,1078,40,1.0000,,"NY Bronx",36005,1203293,193,390,9749,8606,12244,30106,11948,380,1.0000
"NY Erie",36029,964840,31,95,662,2004,1027,5165,827,62,0.9908,,"NY Erie",36029,965846,66,326,3208,4581,10285,25671,5808,686,0.9969
"NY Kings",36047,2299829,332,395,7752,7497,3024,9540,2061,77,1.0000,,"NY Kings",36047,2299716,370,747,18634,16442,23222,57713,22842,726,1.0000
"NY Monroe",36055,725620,44,69,524,514,792,6547,395,73,0.9550,,"NY Monroe",36055,725620,56,205,1778,1027,7192,26658,3101,400,0.9756
"NY Nassau",36059,1298798,38,51,538,1053,576,5138,192,11,0.9951,,"NY Nassau",36059,1297440,30,120,1388,1650,4797,19865,5370,272,1.0000
"NY New York",36061,1486996,218,255,5016,4857,1958,6191,1334,51,1.0000,,"NY New York",36061,1486923,239,482,12046,10633,15011,37267,14764,470,1.0000
"NY Queens",36081,1950890,281,334,6577,6366,2567,8124,1749,65,1.0000,,"NY Queens",36081,1950794,314,633,15809,13951,19706,48966,19371,615,1.0000
"NY Suffolk",36103,1345242,32,96,665,856,1265,5068,301,53,0.4678,,"NY Suffolk",36103,1343030,24,46,996,1336,7172,29356,4087,1002,0.4697
"NY Westchester",36119,887306,28,52,532,932,530,3546,136,26,0.9685,,"NY Westchester",36119,872326,33,94,1756,1681,4509,18469,4045,144,0.9974
"NC Mecklenburg",37119,573628,78,68,354,4280,743,3632,237,43,1.0000,,"NC Mecklenburg",37119,573628,89,372,2982,5948,10354,31198,3731,350,1.0000
"OH Cuyahoga",39035,1409381,164,352,1233,2616,1846,5497,1924,190,0.5250,,"OH Cuyahoga",39035,897087,137,756,4609,3497,9439,21268,10398,740,0.9754
"OH Franklin",39049,1009603,44,142,629,5929,1216,2725,558,64,0.8832,,"OH Franklin",39049,953247,85,745,3747,3348,15579,41999,7957,983,1.0000
"OH Hamilton",39061,873669,59,160,910,1162,1362,6682,679,94,0.8797,,"OH Hamilton",39061,817999,55,512,2528,2509,7711,29443,2637,511,0.9820
"OH Montgomery",39113,574283,41,104,427,601,949,3453,461,98,0.7208,,"OH Montgomery",39113,436035,46,318,1534,1149,5755,17624,3963,347,0.9883
"OH Summit",39153,531352,27,87,341,394,638,3144,179,61,0.7450,,"OH Summit",39153,394788,20,241,955,1551,3698,13502,2352,231,1.0000
"OK Oklahoma",40109,679028,90,123,480,1162,1018,4047,1138,179,1.0000,,"OK Oklahoma",40109,627764,208,483,1628,4012,11687,36163,5509,419,1.0000
"OR Multnomah",41051,623366,84,113,594,835,816,6689,1509,61,0.9386,,"OR Multnomah",41051,622448,47,496,2433,6458,8965,33747,10133,526,1.0000
"PA Allegheny",42003,1322392,75,217,1043,1678,1117,3227,788,96,0.8296,,"PA Allegheny",42003,1277536,72,403,2753,2580,6711,23194,5821,423,0.8570
"PA Bucks",42017,567001,12,28,92,364,362,1631,185,57,0.8154,,"PA Bucks",42017,564785,12,97,323,1076,2174,10646,1834,91,0.8177
"PA Delaware",42045,549259,32,66,293,1346,485,2912,343,57,0.9021,,"PA Delaware",42045,535649,33,143,992,2345,2509,11465,2546,209,0.9215
"PA Montgomery",42091,702619,14,46,188,741,644,3993,211,26,0.9193,,"PA Montgomery",42091,701451,11,98,474,1082,2936,15633,2864,82,0.9176
"PA Philadelphia",42101,1529848,312,373,4497,4009,2413,10624,3602,209,1.0000,,"PA Philadelphia",42101,1529848,432,773,13613,7043,16167,46337,23809,2234,1.0000
"RI Providence",44007,580823,20,59,194,1364,561,1804,279,58,1.0000,,"RI Providence",44007,580823,30,200,821,1275,6839,15371,3526,629,1.0000
"TN Shelby",47157,871034,128,149,600,2759,1195,7371,1127,54,0.1095,,"TN Shelby",47157,871034,193,859,6004,4938,18195,31507,15183,790,1.0000
"TX Bexar",48029,1304172,113,168,430,971,1147,6163,997,83,1.0000,,"TX Bexar",48029,1304172,152,735,2496,2844,15913,60258,9248,962,1.0000
"TX Dallas",48113,2110164,151,513,1450,3702,2689,14375,2398,108,1.0000,,"TX Dallas",48113,1978850,296,1127,6585,11528,24857,82889,21251,1715,1.0000
"TX El Paso",48141,677329,45,105,515,1286,691,4749,161,30,1.0000,,"TX El Paso",48141,677329,42,287,1144,3959,4466,30856,4108,318,1.0000
"TX Harris",48201,3097444,185,388,1606,3069,2190,15173,1254,74,1.0000,,"TX Harris",48201,3102721,413,1355,11063,16850,36954,92086,30595,2083,1.0000
"TX Tarrant",48439,1273080,93,211,592,2328,1136,9055,767,55,1.0000,,"TX Tarrant",48439,1280853,132,673,2847,6167,14266,48735,8749,520,1.0000
"TX Travis",48453,658875,69,141,402,997,790,5413,427,36,0.2051,,"TX Travis",48453,658611,49,364,1422,2713,8952,31520,3840,562,1.0000
"UT Salt Lake",49035,813309,22,61,292,1136,695,10298,746,134,0.9669,,"UT Salt Lake",49035,804504,42,496,1008,2334,8478,50286,5101,300,0.9799
"VA Fairfax",51059,890508,9,28,154,250,464,3394,297,59,1.0000,,"VA Fairfax",51059,890508,15,86,474,389,2392,23689,2049,222,1.0000
"WA King",53033,1612874,87,277,868,2434,2244,16082,1044,159,0.2165,,"WA King",53033,1613615,80,875,3477,4124,17423,79016,14137,762,0.9994
"WA Pierce",53053,649584,37,108,375,1048,939,4955,195,49,0.9876,,"WA Pierce",53053,645700,53,385,1401,3819,8359,27836,4883,326,1.0000
"WI Milwaukee",55079,946232,318,322,1539,2481,1328,14440,2148,126,1.0000,,"WI Milwaukee",55079,946117,143,406,3977,2863,10096,37076,12368,682,1.0000
,,,,,,,,,,,,,,,,,,,,,,,,
,"1996 ARREST DATA",,,,,,,,,,,,,"1996 CRIME DATA",,,,,,,,,,
"COUNTY","FIPS","POP","MURDER","RAPE","ROBBERY","ASSAULT","BURG","LARCENY","MV THEFT","ARSON","Coverage Rate*",,"COUNTY","FIPS","POP","MURDER","RAPE","ROBBERY","ASSAULT","BURG","LARCENY","MV THEFT","ARSON","Coverage Rate*"
"AL Jefferson",1073,666529,98,57,557,1077,640,4824,462,22,0.9851,,"AL Jefferson",1073,665220,148,339,2585,3551,9769,27918,5415,372,1.0000
"AZ Maricopa",4013,2549882,111,131,1105,3996,3423,24656,1750,126,0.9910,,"AZ Maricopa",4013,2527444,258,773,5354,10677,35800,115365,29709,733,0.9998
"AZ Pima",4019,794894,93,82,384,1292,1072,7609,914,125,0.9903,,"AZ Pima",4019,787196,75,377,1557,4390,9249,38394,7833,370,1.0000
"CA Alameda",6001,1338238,112,142,1401,3867,2300,7820,2065,116,0.9992,,"CA Alameda",6001,1338238,142,542,5945,7246,14380,54821,11802,363,1.0000
"CA Contra Costa",6013,875189,67,88,458,2136,1661,3729,782,59,0.9798,,"CA Contra Costa",6013,875189,71,276,1734,3327,8253,25355,4452,284,1.0000
"CA Fresno",6019,740103,51,112,648,4360,1873,4061,1123,115,0.9868,,"CA Fresno",6019,740103,94,312,2459,5064,10463,28470,12225,1230,0.9868
"CA Kern",6029,617990,48,83,367,3462,2048,3686,535,41,0.9787,,"CA Kern",6029,605090,52,167,972,2931,7932,16940,2901,1486,1.0000
"CA Los Angeles",6037,9280355,1105,958,11948,36423,17761,32174,12156,499,0.9960,,"CA Los Angeles",6037,9280355,1403,3034,46172,67993,87318,208611,90542,5678,1.0000
"CA Orange",6059,2579317,106,135,1170,5873,5043,9740,1649,105,1.0000,,"CA Orange",6059,2579317,111,492,4494,6905,19261,56976,14509,974,1.0000
"CA Riverside",6065,1372155,131,140,866,4217,2712,4618,1025,77,0.8970,,"CA Riverside",6065,1372155,111,453,2759,8028,19180,34609,9315,650,1.0000
"CA Sacramento",6067,1113766,76,123,875,4710,1980,7355,1406,75,0.9996,,"CA Sacramento",6067,1113766,94,418,3487,4932,16152,38566,15458,313,1.0000
"CA San Bernardino",6071,1575701,205,208,1494,7268,4161,7021,2114,139,1.0000,,"CA San Bernardino",6071,1575701,185,527,4443,7467,21724,39520,15713,792,1.0000
"CA San Diego",6073,2669512,116,243,1734,8680,5383,9048,1238,191,1.0000,,"CA San Diego",6073,2669512,166,815,5466,12507,21871,62014,20595,627,1.0000
"CA San Francisco",6075,745127,44,79,1255,3852,1476,3205,1002,47,1.0000,,"CA San Francisco",6075,745127,82,299,5565,4000,7168,32077,8623,464,1.0000
"CA San Mateo",6081,685837,20,47,210,1374,838,2872,355,29,1.0000,,"CA San Mateo",6081,685837,12,123,904,1603,3070,16184,2629,142,0.9350
"CA Santa Clara",6085,1579373,38,150,728,5429,2302,7961,1089,100,0.9962,,"CA Santa Clara",6085,1579373,48,544,1774,6599,8925,40105,5711,867,1.0000
"CA Ventura",6111,712727,31,39,297,1837,1010,2657,530,67,1.0000,,"CA Ventura",6111,712727,33,148,874,1847,4563,13400,2313,247,1.0000
"CT Hartford",9003,838996,79,173,725,1795,1598,6394,671,105,0.9361,,"CT Hartford",9003,811931,39,239,1849,2162,7867,23900,4641,265,1.0000
"District of Columbia",11001,543000,0,0,0,0,0,0,0,0,0.0000,,"District of Columbia",11001,543000,397,260,6444,6310,9828,31385,9975,162,1.0000
"FL Broward",12011,1427277,0,0,0,0,0,0,0,0,0.0000,,"FL Broward",12011,455444,58,214,2206,2792,10359,29239,6226,87,1.0000
"FL Dade",12025,2090066,0,0,0,0,0,0,0,0,0.0000,,"FL Dade",12025,719129,154,330,7025,9104,16340,45954,14549,323,1.0000
"FL Duval",12031,728518,0,0,0,0,0,0,0,0,0.0000,,"FL Duval",12031,697170,85,684,2807,6223,13230,32114,4771,442,1.0000
"FL Hillsborough",12057,902302,0,0,0,0,0,0,0,0,0.0000,,"FL Hillsborough",12057,861698,71,481,3712,8727,14678,44010,9550,227,1.0000
"FL Orange",12095,761748,0,0,0,0,0,0,0,0,0.0000,,"FL Orange",12095,679846,48,437,3044,6639,13130,37907,5964,73,1.0000
"FL Palm Beach",12099,985097,0,0,0,0,0,0,0,0,0.0000,,"FL Palm Beach",12099,122887,4,31,185,501,1850,4376,598,0,1.0000
"FL Pinellas",12103,894964,0,0,0,0,0,0,0,0,0.0000,,"FL Pinellas",12103,399607,28,231,1642,4202,6463,19389,2701,282,1.0000
"GA DeKalb",13089,564604,38,66,318,529,478,4013,445,11,0.6474,,"GA DeKalb",13089,602166,74,243,2899,1810,10728,36899,9311,264,0.9640
"GA Fulton",13121,761080,218,252,1493,4836,2005,8063,1392,76,0.7884,,"GA Fulton",13121,719958,207,511,5209,8514,13307,50234,12933,340,1.0000
"HI Honolulu",15003,878044,41,79,566,452,812,5658,1246,27,1.0000,,"HI Honolulu",15003,878044,27,222,1421,1078,9026,41915,6370,293,1.0000
"IL Cook",17031,5152967,767,457,3279,8182,4350,33548,8566,174,0.5344,,"IL Cook",17031,2754118,789,0,26860,37097,40475,119492,34091,1560,1.0000
"IL DuPage",17043,851533,28,17,121,303,161,1242,317,6,0.0000,,"IL DuPage",17043,101980,2,0,16,49,407,2235,106,8,1.0000
"IL Lake",17097,578762,0,0,0,0,0,0,0,0,0.0000,,"IL Lake",17097,0,0,0,0,0,0,0,0,0,0.0000
"IN Marion",18097,830730,62,62,343,4104,676,4716,1347,56,1.0000,,"IN Marion",18097,830730,133,591,3222,5104,11615,31558,8184,432,1.0000
"KY Jefferson",21111,682841,62,93,855,2620,1576,4824,1009,38,0.8922,,"KY Jefferson",21111,609280,75,229,2283,3658,8068,16644,4453,430,1.0000
"MD Baltimore city",24005,721218,54,125,700,1725,1387,6588,1104,86,1.0000,,"MD Baltimore city",24005,721218,34,276,2428,4695,6974,26358,4752,427,1.0000
"MD Baltimore",24031,813307,19,56,309,328,769,2670,387,20,0.9167,,"MD Baltimore",24031,812503,14,160,1040,1082,4675,24533,3332,398,0.9996
"MD Montgomery",24033,769740,46,96,807,1709,1120,2768,1137,36,0.9995,,"MD Montgomery",24033,769740,142,344,4079,4462,9321,30118,11646,489,1.0000
"MD Prince George's",24510,716446,463,196,1762,1398,2290,5141,2381,132,1.0000,,"MD Prince George's",24510,716446,334,643,10426,8236,14899,41879,11303,442,1.0000
"MA Essex",25009,683853,6,52,110,1018,550,1115,277,22,0.9408,,"MA Essex",25009,654902,12,128,692,2927,5296,12763,5169,249,0.9824
"MA Middlesex",25017,1415083,13,81,271,2285,754,2539,265,32,0.8070,,"MA Middlesex",25017,1373041,17,232,814,4202,6414,22011,5063,262,0.9813
"MA Norfolk",25021,636646,5,54,75,686,321,1539,186,7,0.9599,,"MA Norfolk",25021,636646,10,100,185,935,2597,8562,1664,122,0.9599
"MA Suffolk",25025,638761,36,156,866,2810,731,2773,244,15,1.0000,,"MA Suffolk",25025,638761,64,452,3948,6359,6228,25168,10560,668,1.0000
"MA Worcester",25027,723057,10,74,169,1629,566,1906,244,22,0.9277,,"MA Worcester",25027,698227,10,234,586,3338,5021,11907,2036,299,0.9600
"MI Macomb",26099,736753,13,37,140,1126,260,2650,174,20,0.8161,,"MI Macomb",26099,638107,16,228,403,2001,2752,16586,3355,129,0.9231
"MI Oakland",26125,1156754,12,71,203,860,486,4393,270,46,0.8273,,"MI Oakland",26125,961217,16,298,526,2461,5234,26784,3974,221,0.9959
"MI Wayne",26163,2083224,1060,976,2476,7284,3362,9350,999,342,0.9347,,"MI Wayne",26163,2023103,467,1494,10927,15633,29563,74558,42896,1172,0.9785
"MN Hennepin",27053,1073468,81,282,822,1597,1010,7771,1158,84,0.9943,,"MN Hennepin",27053,1071304,89,767,3763,3730,11989,43819,7672,190,1.0000
"MO Jackson",29095,742718,114,191,723,1620,1108,9642,1817,112,0.9972,,"MO Jackson",29095,642897,87,390,2517,5023,9558,33308,6243,446,1.0000
"MO St. Louis",29189,1020452,23,98,426,1251,1180,7648,556,72,0.4714,,"MO St. Louis",29189,1013830,37,162,891,1928,5560,32405,3591,187,0.9914
"NV Clark",32003,1032219,159,227,1130,1081,3143,8549,1296,34,1.0000,,"NV Clark",32003,1032219,198,607,4245,5260,14498,35933,9627,611,1.0000
"NJ Bergen",34003,851304,13,51,297,657,480,3945,101,47,0.9991,,"NJ Bergen",34003,851304,13,67,503,798,3107,15663,2762,105,1.0000
"NJ Essex",34013,773869,112,192,1371,3449,1435,4151,267,91,1.0000,,"NJ Essex",34013,773869,126,374,6682,6346,11768,24525,14502,328,1.0000
"NJ Hudson",34017,558251,46,37,1118,1650,913,3168,82,38,0.9997,,"NJ Hudson",34017,558251,39,141,2577,2506,6197,14191,6795,167,1.0000
"NJ Middlesex",34023,700222,5,37,256,807,498,2886,126,27,0.9915,,"NJ Middlesex",34023,700222,7,73,831,1145,4239,14871,2546,167,1.0000
"NJ Monmouth",34025,584600,5,66,198,646,601,3014,136,35,0.9609,,"NJ Monmouth",34025,584600,7,132,479,859,2982,12903,988,73,1.0000
"NY Bronx",36005,1206589,166,209,3651,3684,1482,4652,919,36,1.0000,,"NY Bronx",36005,1206589,162,383,8171,7515,10177,26730,9926,4,1.0000
"NY Erie",36029,967434,27,134,666,995,912,4891,1076,57,0.9956,,"NY Erie",36029,968442,61,360,2951,2173,9311,25314,6018,651,1.0000
"NY Kings",36047,2306015,317,400,6976,7034,2820,8897,1757,68,1.0000,,"NY Kings",36047,2306015,309,734,15614,14353,19254,51112,18975,0,1.0000
"NY Monroe",36055,727575,33,69,522,494,829,6133,511,57,1.0000,,"NY Monroe",36055,727575,52,170,1616,962,6451,24824,3737,331,1.0000
"NY Nassau",36059,1302292,30,42,536,1098,544,6363,185,14,0.9979,,"NY Nassau",36059,1300932,21,106,1322,1809,4371,19812,4949,264,1.0000
"NY New York",36061,1490996,205,258,4509,4555,1825,5764,1136,44,1.0000,,"NY New York",36061,1490996,200,474,10099,9285,12452,33080,12266,0,1.0000
"NY Queens",36081,1956137,269,339,5916,5969,2392,7553,1490,58,1.0000,,"NY Queens",36081,1956137,262,622,13242,12179,16332,43371,16092,0,1.0000
"NY Suffolk",36103,1348867,43,122,569,891,1056,4954,315,29,0.9991,,"NY Suffolk",36103,1348833,44,49,1070,1389,7425,31360,3817,920,1.0000
"NY Westchester",36119,889681,44,52,482,1078,569,3506,115,22,0.9970,,"NY Westchester",36119,889681,42,105,1524,1539,4496,17635,3915,118,1.0000
"NC Mecklenburg",37119,584073,43,44,373,3638,672,3475,269,56,0.9963,,"NC Mecklenburg",37119,584073,71,321,2636,6056,10607,32294,4275,459,0.9963
"OH Cuyahoga",39035,1412127,114,334,1283,2238,1839,6327,1677,175,0.5346,,"OH Cuyahoga",39035,924194,108,710,4459,3300,9560,21369,10166,665,0.9745
"OH Franklin",39049,1011894,43,128,541,5918,747,2674,472,41,0.9801,,"OH Franklin",39049,990176,99,682,3731,2916,15806,45872,8635,940,1.0000
"OH Hamilton",39061,875369,35,148,771,1025,1154,7201,672,86,0.9065,,"OH Hamilton",39061,814108,41,440,2130,2092,7892,31111,2716,765,0.9948
"OH Montgomery",39113,575404,28,104,388,596,822,3611,381,97,0.7407,,"OH Montgomery",39113,436886,41,296,1270,995,5498,17426,4288,330,0.9797
"OH Summit",39153,532391,28,91,382,1192,634,2716,384,66,0.3082,,"OH Summit",39153,396156,16,241,915,1670,3774,13731,2394,161,0.9764
"OK Oklahoma",40109,683915,61,122,403,1024,988,3863,1188,187,1.0000,,"OK Oklahoma",40109,632292,61,503,1503,3426,11997,39905,5480,435,1.0000
"OR Multnomah",41051,635952,70,97,498,684,722,6494,1052,66,1.0000,,"OR Multnomah",41051,635016,54,461,2161,5598,8203,32847,7442,577,1.0000
"PA Allegheny",42003,1320573,57,194,938,1672,951,3003,679,74,0.9275,,"PA Allegheny",42003,1289247,69,355,2152,2432,6078,22460,4837,427,0.9527
"PA Bucks",42017,566229,5,26,91,343,337,1587,196,21,0.8646,,"PA Bucks",42017,564016,5,102,298,680,2431,11208,1915,69,0.8925
"PA Delaware",42045,548507,24,77,325,1335,351,2313,296,32,0.8495,,"PA Delaware",42045,531931,15,138,902,2293,2140,10666,2782,169,0.8759
"PA Montgomery",42091,701657,11,35,201,708,604,3951,231,26,0.9364,,"PA Montgomery",42091,700491,15,117,551,1079,2917,16872,3032,70,0.9420
"PA Philadelphia",42101,1528403,320,378,4351,4209,2121,8725,3642,200,1.0000,,"PA Philadelphia",42101,1528403,420,644,13188,5938,13723,40391,20271,2681,1.0000
"RI Providence",44007,580823,12,71,167,1369,621,1655,412,51,0.9708,,"RI Providence",44007,580823,19,184,704,1214,5691,14521,3875,520,1.0000
"TN Shelby",47157,881766,116,150,617,2953,1263,8439,1174,68,0.1194,,"TN Shelby",47157,881766,171,835,6054,6105,18270,31038,14783,659,0.8389
"TX Bexar",48029,1332304,81,151,431,775,1099,4013,1026,78,0.9321,,"TX Bexar",48029,1332304,128,703,2479,2446,15696,68113,9520,1053,1.0000
"TX Dallas",48113,2155686,114,432,1270,3495,2546,13495,2369,139,0.9998,,"TX Dallas",48113,2021542,255,989,6682,11939,25082,80608,20762,2004,0.9998
"TX El Paso",48141,691942,42,130,479,1276,514,4887,147,36,1.0000,,"TX El Paso",48141,691942,37,319,1245,4013,4532,33555,4602,193,1.0000
"TX Harris",48201,3164655,174,410,1487,3113,2272,17130,964,69,1.0000,,"TX Harris",48201,3170046,337,1521,10068,18578,38113,98810,29651,2415,1.0000
"TX Tarrant",48439,1300534,94,196,658,2258,1131,9583,876,75,0.9968,,"TX Tarrant",48439,1308474,97,676,2641,5887,15300,49729,8234,531,1.0000
"TX Travis",48453,673088,65,94,407,1044,815,5563,440,42,0.2011,,"TX Travis",48453,672819,44,311,1452,2436,8987,31328,4008,494,1.0000
"UT Salt Lake",49035,833784,32,40,268,771,463,7245,583,63,0.9395,,"UT Salt Lake",49035,824758,39,425,1067,2480,8720,47449,5860,224,0.9899
"VA Fairfax",51059,898174,9,24,140,324,440,3559,292,46,1.0000,,"VA Fairfax",51059,898174,15,94,524,369,2132,23417,2189,198,1.0000
"WA King",53033,1643269,86,282,789,1979,2208,16600,862,121,0.2244,,"WA King",53033,1644023,70,890,3232,3915,18083,79585,13514,751,0.9955
"WA Pierce",53053,661776,36,88,346,956,836,4817,157,35,0.9914,,"WA Pierce",53053,658440,45,307,1225,3302,8003,27561,5117,270,0.9954
"WI Milwaukee",55079,953233,381,252,1321,2285,1345,14591,2034,152,1.0000,,"WI Milwaukee",55079,953118,135,328,3620,2459,9262,37131,11178,675,1.0000
