"Bureau of Justice Statistics",,,,,,,,,,,,,,,,,,,,,,,,,,,,
"Filename: lgcithom.csv",,,,,,,,,,,,,,,,,,,,,,,,,,,,
"Contents: 1985-1997 Homicide and population data for cities with population of 100,000 and over in 1997",,,,,,,,,,,,,,,,,,,,,,,,,,,,
"Data source: FBI, Uniform Crime Reports",,,,,,,,,,,,,,,,,,,,,,,,,,,,
"Refer questions to: askbjs@ojp.usdoj.gov (202)307-0765",,,,,,,,,,,,,,,,,,,,,,,,,,,,
"Coordinator: Marianne Zawitz",,,,,,,,,,,,,,,,,,,,,,,,,,,,
"Date of version: 7/27/99",,,,,,,,,,,,,,,,,,,,,,,,,,,,
,,,,,,,,,,,,,,,,,,,,,,,,,,,,
"Note: When jurisdictions did not report, no entry was made for population or the number of homicides.",,,,,,,,,,,,,,,,,,,,,,,,,,,,
"            Please see Table 8 from Crime in the U.S. in the appropriate year for additional information about specific jurisdictions.",,,,,,,,,,,,,,,,,,,,,,,,,,,,
"           These data may differ from earlier versions of this file or from previously published numbers.",,,,,,,,,,,,,,,,,,,,,,,,,,,,
,,,,,,,,,,,,,,,,,,,,,,,,,,,,
,,"Number of homicides",,,,,,,,,,,,,,"Population",,,,,,,,,,,,
"AGENCY","STATE",1985,1986,1987,1988,1989,1990,1991,1992,1993,1994,1995,1996,1997,,1985,1986,1987,1988,1989,1990,1991,1992,1993,1994,1995,1996,1997
"ABILENE","TX",8,12,5,4,7,7,15,4,8,6,5,7,2,,111317,112848,113161,110146,110100,106654,108929,110856,110222,112341,112105,114523,116384
"AKRON","OH",17,25,21,30,20,18,40,24,19,23,18,14,,,226704,226877,227552,227158,222588,223019,224907,226490,225040,225262,222864,223303,
"ALBANY","NY",5,8,16,10,5,9,12,8,6,13,7,11,7,,100268,99657,97309,97412,94755,101082,101461,101803,100192,100037,104637,104919,104642
"ALBUQUERQUE","NM",42,49,48,49,41,34,51,42,50,45,53,70,49,,357051,364196,371756,378176,384801,384736,393148,401529,407286,416917,419714,426736,431027
"ALEXANDRIA","VA",7,4,8,6,8,8,7,4,9,9,2,7,5,,108346,109902,109985,109583,109888,111183,112955,114590,114850,115929,114015,114996,116012
"ALLENTOWN","PA",4,10,7,11,3,2,7,11,6,11,7,6,7,,103483,103801,104771,106273,105531,105090,105792,106216,106899,106934,105513,105372,105056
"AMARILLO","TX",17,21,18,16,15,22,15,17,11,25,16,11,14,,166747,169927,166914,167091,167516,157615,160978,163826,164234,167393,168142,171770,174562
"AMHERST TOWN","NY",1,0,0,0,1,1,1,6,1,1,1,0,0,,108570,108505,104189,103526,112285,106128,106525,106885,107404,107238,107042,107331,107047
"ANAHEIM","CA",16,11,14,19,27,20,25,35,33,24,25,14,15,,240283,245897,246815,251045,251146,266406,271955,276314,276966,278918,283552,286146,289645
"ANCHORAGE","AK",14,17,15,13,11,10,25,17,23,22,29,25,23,,229579,238235,231039,217429,223363,226338,234571,241565,250720,253667,253500,254774,255634
"ANN ARBOR","MI",4,3,4,0,3,1,2,1,2,4,3,1,0,,107832,108461,108336,109724,108830,109592,110449,111263,110277,110486,109424,109939,112001
"ARLINGTON","TX",18,22,18,13,11,8,26,16,7,18,9,17,12,,218931,223106,251372,251712,259796,261721,267306,272037,281336,286748,292324,298632,303487
"ARVADA","CO",2,2,2,3,1,1,0,0,1,6,1,1,,,93271,92343,92129,92408,91431,89145,91379,93895,96050,98473,97821,99804,
"ATLANTA","GA",145,186,207,217,246,231,205,198,203,191,184,196,150,,436214,445617,429953,444995,426482,394017,403085,410876,402877,411204,404337,413123,420865
"AURORA","CO",10,11,20,15,7,8,11,16,19,15,18,11,17,,198033,200189,219945,219404,219780,222103,227670,233939,246610,252833,256957,262168,266967
"AURORA","IL",4,9,1,12,9,11,13,14,17,13,24,26,20,,82494,86040,85600,88994,91479,99581,99990,99990,106694,107195,113058,113220,113688
"AUSTIN","TX",52,48,39,43,31,46,49,37,37,37,46,40,40,,406469,414220,469542,467423,468907,465622,475558,483975,502018,511676,523691,537484,546223
"BAKERSFIELD","CA",17,22,20,22,14,25,20,16,27,35,29,25,22,,133983,137114,154202,156340,161823,174820,178461,181321,189908,191246,192021,193777,196146
"BALTIMORE","MD",213,240,226,234,262,305,304,335,353,321,322,330,312,,771097,783542,764893,763880,763138,736014,748099,755517,732968,739180,712209,716446,719587
"BATON ROUGE","LA",36,51,34,24,41,49,58,58,73,64,65,71,58,,245830,246388,242539,238297,233893,233680,235453,237390,225544,226595,229027,229501,229553
"BEAUMONT","TX",11,14,18,11,22,19,15,23,23,25,14,15,11,,126298,128706,120669,117129,115246,114323,116762,118828,117766,120031,117187,119715,121661
"BERKELEY","CA",11,13,11,14,11,11,14,12,8,8,10,8,11,,106768,109262,106742,107267,106404,102724,104863,106543,102156,102876,100332,101250,102488
"BIRMINGHAM","AL",97,88,84,92,100,125,139,133,121,135,121,113,108,,281973,286756,282171,283237,278011,265968,269313,272407,268768,270978,270728,272169,275236
"BOISE","ID",3,0,2,5,0,3,3,5,3,4,3,1,4,,107638,107434,107903,109484,112270,125738,129819,133317,139868,144248,149856,153258,156026
"BOSTON","MA",87,105,76,93,99,143,113,73,98,85,96,59,43,,573131,574107,575882,579921,580095,574283,572454,572822,553870,556724,550715,552519,555024
"BRIDGEPORT","CT",30,40,37,43,36,57,51,57,60,50,33,44,34,,143032,143708,142852,142631,140029,141686,141912,141480,136865,136781,133057,133015,132852
"BROWNSVILLE","TX",9,6,8,9,14,13,18,15,17,12,7,11,8,,97970,98783,102765,104579,105458,98962,99990,99990,107838,109912,115029,117511,119421
"BUFFALO","NY",31,35,35,43,37,37,50,76,76,90,62,56,46,,339890,339685,325787,323714,314284,328123,329353,330466,324855,324354,312395,313238,312411
"BURBANK","CA",2,4,6,9,2,2,6,7,5,5,6,4,0,,91492,92056,91373,93030,94394,93643,95593,97125,97310,97996,100166,101082,102318
"CAMBRIDGE","MA",0,4,2,6,6,3,5,2,2,1,3,1,2,,94513,93084,91621,91944,90650,95802,95477,95508,93850,94302,100428,100725,101155
"CEDAR RAPIDS","IA",2,2,3,2,5,1,,,,,,0,,,107702,106482,107731,108860,110526,108751,,,,,,114360,
"CHANDLER","AZ",0,3,1,2,1,1,7,2,0,6,9,2,3,,40247,54045,71204,72619,82677,90533,92627,94652,102891,106525,123410,129554,133269
"CHARLOTTE-MECKLENBURG PD","NC",56,53,52,46,73,93,114,99,122,87,89,71,59,,335690,339767,356596,370492,372612,395934,402618,408951,422862,527121,544146,554070,562005
"CHATTANOOGA","TN",26,25,26,22,14,32,49,31,38,43,28,21,36,,165979,167406,163929,166045,164155,152466,154835,157053,155140,157451,154641,156524,157935
"CHESAPEAKE","VA",13,10,7,12,14,7,11,9,13,19,10,13,11,,127585,129418,137124,143707,149830,151976,154398,156633,168523,170107,182395,183965,185591
"CHICAGO","IL",666,744,687,660,742,850,925,939,845,928,824,789,757,,2998841,3003105,3018338,2994100,2988260,2783726,2811478,2832901,2788996,2802494,2749811,2754118,2765852
"CHULA VISTA","CA",3,2,5,8,4,7,8,7,14,7,12,5,8,,93118,94874,121844,125662,129581,135163,137978,140189,146232,147262,150005,151377,153228
"CINCINNATI","OH",45,46,69,47,45,49,54,49,39,38,50,32,,,370198,370482,371585,377783,372282,364040,367123,369707,366591,366953,359749,360457,
"Clearwater Police Depart","FL",3,6,5,,8,4,2,2,3,4,4,2,2,,97824,102410,100428,,97650,98784,99990,99990,99547,101540,101362,103036,104853
"CLEVELAND","OH",131,124,145,137,144,168,175,157,167,132,129,103,77,,546126,546544,548171,544515,523906,505616,509898,513487,505730,506230,495074,496049,496624
"COLORADO SPRINGS","CO",13,23,15,10,9,9,25,17,19,14,18,12,24,,251886,254629,275106,278944,284482,281140,288188,296124,304438,312122,324441,331020,337080
"COLUMBIA","SC",12,11,15,8,12,22,25,15,22,19,10,19,12,,100024,100959,94320,97609,95982,98052,99990,99990,99929,100504,104457,105316,107181
"COLUMBUS","OH",72,78,85,69,90,89,138,113,105,100,77,89,84,,565682,566115,567800,588428,572341,632910,638533,643028,646933,647860,638729,640297,641338
"COLUMBUS","GA",23,28,19,21,24,23,23,15,32,20,20,15,14,,178978,182836,183654,182276,180328,179278,183284,186826,190331,194128,190328,194345,197860
"CONCORD","CA",3,6,3,5,3,3,3,5,5,4,4,4,0,,106822,109318,108659,110878,110900,111348,113667,115489,113840,114642,112451,113479,114866
"CORPUS CHRISTI","TX",29,35,20,26,19,29,32,30,34,13,31,18,18,,264221,269260,265593,261984,263298,257453,262947,267601,271654,276880,280605,286660,291321
"COSTA MESA","CA",1,3,1,4,2,6,2,8,5,6,2,1,3,,90970,90360,90501,92052,93111,96357,98364,99940,97224,97909,98922,99827,101047
"DALLAS","TX",301,347,323,366,351,447,500,387,317,295,276,217,209,,997467,1016488,1009947,1017818,996320,1006877,1028362,1046562,1042619,1062677,1042088,1060585,1077829
"DAYTON","OH",30,51,35,44,53,47,54,57,49,57,39,38,34,,181021,181159,181698,184362,178866,182044,183585,184877,184352,184534,179327,179680,179888
"DENVER","CO",72,91,79,69,55,67,88,95,74,81,81,64,69,,513048,518625,509529,500555,494589,467610,479468,492672,498402,511085,505843,516224,525793
"DES MOINES","IA",7,18,14,13,12,16,,7,9,12,19,19,11,,189133,186991,190928,194148,193305,193187,,195752,195485,196647,194654,195455,195455
"DETROIT","MI",635,648,686,629,624,582,615,595,579,541,475,428,469,,1090581,1096947,1091523,1086714,1039599,1027974,1036246,1044128,1020062,1022283,997297,1002299,1021412
"DOWNEY","CA",2,7,5,5,4,1,8,5,3,9,7,7,7,,88616,88247,87528,89116,88810,91444,93348,94844,96224,96902,100391,101309,102548
"DURHAM","NC",19,20,14,16,11,23,30,31,26,35,24,41,33,,103493,104750,115344,117713,116921,136611,138844,141028,143172,145749,145975,148571,150640
"EL MONTE","CA",8,15,12,8,10,9,13,17,19,16,30,9,7,,90776,94326,99062,100859,97640,106209,108421,110158,108028,108789,105187,106149,107447
"EL PASO","TX",22,46,25,31,41,34,49,44,47,44,37,30,24,,474870,483925,494954,501544,515607,515342,526339,535655,554515,565183,590215,602951,612754
"ELIZABETH","NJ",11,15,10,12,15,11,11,13,17,11,18,13,7,,108129,108960,107271,106883,105324,110002,110426,110838,109131,109476,106849,107427,108301
"ERIE","PA",5,3,5,1,3,2,7,3,7,8,6,6,4,,116990,117350,115724,115937,113155,108718,109444,109882,109749,109785,108577,108432,108107
"ESCONDIDO","CA",3,5,4,6,6,4,11,8,8,9,11,7,6,,74940,79310,85662,88346,97915,108635,110897,112674,114318,115123,116934,118003,119446
"EUGENE","OR",1,8,3,1,3,1,0,2,3,2,3,2,2,,102077,102502,106430,106684,110119,112669,115827,118006,118390,120498,120226,122637,124129
"EVANSVILLE","IN",9,4,4,7,6,6,12,8,7,8,5,7,7,,130342,130477,130125,129798,129041,126272,127772,128956,128805,129684,130600,131455,131972
"FLINT","MI",47,61,52,44,59,55,52,52,48,58,41,40,19,,149227,150098,146301,147247,142129,140761,141861,142906,139960,140225,138934,139588,142206
"FONTANA","CA",1,8,7,4,9,11,13,18,14,19,13,16,12,,46303,49294,56811,59647,74347,87535,89358,90790,99642,100344,104258,105211,106497
"FORT COLLINS","CO",7,4,2,1,2,2,0,1,1,1,2,3,1,,72247,72688,74805,76077,77494,87758,89958,92435,96055,98479,101416,103472,105366
"Fort Lauderdale Police D","FL",43,39,53,,30,31,26,12,31,33,27,34,16,,155204,159420,153051,,149575,149377,153292,155727,150683,153701,165328,168059,171023
"FORT WAYNE","IN",21,16,5,11,14,17,23,18,28,38,23,13,36,,165428,165599,173761,178214,180975,173072,175128,176751,175405,176603,184985,186196,186929
"FORT WORTH","TX",128,200,135,97,113,130,195,153,133,132,108,68,74,,424449,432542,432305,432889,430481,447619,457171,465262,463373,472288,460321,470254,477900
"FREMONT","CA",3,5,1,2,2,2,2,6,4,6,2,3,4,,148032,151491,157462,158236,170999,173339,176949,179785,181134,182410,184498,186186,188463
"FRESNO","CA",46,53,33,39,42,66,52,81,87,84,71,69,60,,275125,281554,291855,294695,315218,354202,361580,367376,379977,382655,388495,392049,396843
"FULLERTON","CA",5,3,2,6,8,6,3,4,2,6,6,5,2,,109999,112569,111499,113410,112645,114144,116521,118388,116657,117479,117450,118524,119973
"GARDEN GROVE","CA",13,12,10,8,8,16,7,5,13,7,6,5,3,,133012,136120,138259,140628,138891,143050,146029,148369,147366,148404,148702,150062,151897
"GARLAND","TX",5,15,5,8,9,11,13,15,12,10,7,14,4,,164029,167157,177642,179014,182088,180650,184505,187770,194930,198680,197875,201336,204609
"GARY","IN",61,46,44,52,45,65,59,82,105,80,96,104,98,,143106,143254,137471,134923,133318,116646,118031,119125,117836,118640,115269,116024,116481
"GLENDALE","CA",4,5,6,6,7,3,8,7,9,5,8,14,6,,151713,155257,157544,160402,165477,180038,183788,186734,179488,180753,179378,181019,183232
"GLENDALE","AZ",9,7,13,12,6,15,8,12,16,3,9,11,13,,118891,123737,131323,133932,142931,148134,151560,154874,160403,166068,174349,183029,188278
"GRAND PRAIRIE","TX",11,8,6,7,10,5,7,9,9,14,12,3,9,,82649,89803,96495,97194,99788,99616,101741,103541,106537,108586,110958,112930,114766
"GRAND RAPIDS","MI",19,21,15,24,13,18,22,13,33,23,24,20,25,,183270,184340,187441,190343,186036,189126,190604,192008,192121,192486,191457,192358,195966
"GREEN BAY","WI",1,4,3,2,2,3,2,1,2,4,4,3,6,,90055,90361,93902,95081,95888,96466,97713,98738,101364,102248,103536,104283,104485
"GREENSBORO","NC",13,18,18,16,24,20,35,23,27,21,36,23,35,,161650,163614,178921,182802,184321,183521,186521,189454,192951,196424,199635,203186,206016
"HAMPTON","VA",6,6,10,6,11,14,14,10,14,11,14,10,6,,127585,129378,128554,129997,132596,133793,135925,137893,139127,140434,141034,142248,143505
"HARTFORD","CT",12,28,24,37,30,19,24,13,30,55,33,20,21,,136572,137217,138945,141180,131544,139739,139903,139477,131914,131833,124196,124223,124115
"HAYWARD","CA",6,5,3,8,6,4,10,5,8,12,12,12,7,,102351,104743,104086,104598,106342,111498,113820,115644,116367,117187,116171,117233,118666
"HENDERSON","NV",3,1,0,1,1,8,0,9,1,4,3,7,2,,34685,42989,49029,52038,62512,64942,69382,71705,87704,91997,107107,112217,117396
"Hialeah Police Departmen","FL",24,21,12,,28,14,27,9,,,17,12,12,,157665,161948,166583,,166494,188004,192931,195996,,,197084,200339,203872
"Hollywood Police Departm","FL",5,11,7,,8,11,7,5,9,8,5,10,9,,124451,127831,124515,,123412,121697,124886,126870,123501,125974,126900,128996,131271
"HONOLULU","HI",36,46,36,28,,34,29,31,31,35,38,27,34,,817083,823306,832614,838656,,836231,856432,875297,875455,880687,880266,878044,880272
"HOUSTON","TX",457,408,323,440,459,568,608,465,446,375,316,261,254,,1746375,1779677,1739999,1725421,1713499,1630553,1665756,1695239,1724327,1758016,1734335,1772143,1801370
"HUNTINGTON BEACH","CA",4,7,6,5,5,5,6,8,3,5,8,0,5,,184532,188843,188261,191487,191826,181519,185300,188270,186948,188265,190171,191911,194258
"HUNTSVILLE","AL",11,19,16,15,12,18,9,20,18,18,10,11,16,,150681,151880,164658,163618,159553,159789,161703,163560,165252,166514,161617,162376,164124
"INDEPENDENCE","MO",1,4,3,4,4,1,5,1,4,6,2,1,6,,112593,113427,113775,114035,115479,112301,113199,113967,113646,114601,112642,113382,114291
"INDIANAPOLIS","IN",59,63,57,79,41,58,95,88,68,108,82,114,118,,471656,470591,478693,483187,484056,483549,489392,493928,377723,380302,373973,376531,378014
"INGLEWOOD","CA",27,32,30,30,45,55,46,37,45,46,40,27,25,,101872,104252,105142,107049,106671,109602,111885,113678,112636,113430,110638,111650,113015
"IRVINE","CA",2,3,2,1,2,0,0,3,1,1,2,1,1,,76484,81832,90676,92230,102780,110330,112628,114433,120610,121460,126255,127410,128968
"IRVING","TX",12,18,14,6,11,13,18,14,8,14,5,8,6,,122920,125264,129354,130353,134207,155037,158345,161147,164434,167597,168022,170960,173739
"JACKSON","MS",38,33,52,48,48,44,74,63,83,91,92,67,61,,210024,210985,208411,206993,201350,196637,198183,199964,198227,200272,195123,196619,197819
"JACKSONVILLE","FL",90,119,147,,165,176,119,123,125,106,86,85,75,,601007,616668,629887,,654737,636680,653515,663899,672310,685776,679148,690367,702545
"JERSEY CITY","NJ",32,19,19,23,36,28,22,25,20,37,25,26,26,,224401,226135,220981,218492,218020,228537,229419,230277,230298,231028,227195,228424,230283
"KANSAS CITY","MO",91,116,131,134,140,121,135,150,153,142,107,104,100,,444942,448237,444382,447461,440435,434711,438188,441162,435428,439089,445549,448474,452070
"KNOXVILLE","TN",16,29,20,21,26,25,35,35,14,24,19,23,19,,175643,177153,175089,175444,173651,165121,167686,170088,169751,172280,171960,174054,175623
"LAFAYETTE","LA",3,12,9,9,7,5,8,17,18,6,8,8,15,,87692,83321,89026,86215,85725,94440,95156,95939,97726,98181,102921,103134,103157
"LAKEWOOD","CO",1,5,5,1,2,3,3,2,6,5,6,4,2,,123142,124482,123236,123622,119918,126481,129651,133221,129628,132899,129167,131786,134199
"LANCASTER","CA",6,4,2,4,2,4,14,10,7,10,9,12,7,,54478,57833,65136,66318,78402,97291,99317,99909,107224,107979,119785,120881,122359
"LANSING","MI",6,6,8,11,16,11,12,7,14,10,13,10,16,,128161,128909,129610,131239,125419,127321,128315,129259,127311,127551,120256,120821,123086
"LAREDO","TX",15,20,11,15,11,14,15,21,21,24,14,11,11,,111268,113390,117811,120027,125862,122899,125521,127742,139194,141872,152736,156032,158569
"LAS VEGAS METRO POL JUR","NV",57,75,47,54,67,79,103,99,91,105,118,161,,,456749,463158,481393,510941,536148,616243,656391,678385,717441,752577,793432,831303,
"LEXINGTON","KY",7,24,12,,11,20,13,18,8,23,14,14,24,,210364,210432,212934,,225918,225366,227060,229628,235094,237451,239660,241150,242640
"LINCOLN","NB",7,3,10,6,4,3,0,7,4,2,2,3,7,,182373,179488,182615,185247,188922,191972,193749,195329,198228,200202,204828,206704,207330
"LITTLE ROCK","AR",32,38,28,29,48,33,46,56,68,56,53,29,34,,170850,172045,182290,184506,180932,175795,177479,179498,178924,181157,180821,182799,183840
"LIVONIA","MI",3,1,0,0,2,1,0,0,1,1,1,2,0,,100511,101098,101031,100586,101463,100850,101638,102387,101847,102040,100975,101450,103353
"LONG BEACH","CA",63,62,62,58,85,106,94,104,126,80,80,95,56,,389728,398983,406297,413667,426025,429433,438378,445405,443259,446383,436034,440023,445404
"LOS ANGELES","CA",777,834,811,736,877,983,1027,1094,1076,845,849,711,576,,3186459,3260856,3341726,3402342,3441449,3485398,3558316,3615355,3525317,3550381,3466211,3498139,3541309
"LOUISVILLE","KY",30,42,43,,32,39,43,39,37,52,50,63,62,,290069,290230,286516,,282153,269063,271245,274312,273564,276307,272638,274506,276382
"LUBBOCK","TX",20,28,24,24,15,16,18,14,17,20,19,15,6,,182787,186272,187596,188749,189797,186206,190179,193545,191639,195326,198128,202403,205694
"MACON","GA",17,16,14,18,24,21,32,36,20,31,25,18,23,,123083,125246,120703,121816,119698,106612,108994,111100,109537,111722,111450,113802,115860
"MADISON","WI",4,3,6,6,7,3,2,3,2,4,5,1,3,,171053,171423,176642,179010,178642,191262,193735,195767,196919,198638,196156,197572,197955
"MCALLEN","TX",6,8,3,3,2,3,3,4,8,7,5,5,4,,77209,80404,83834,86165,88062,84021,85814,87332,92028,93798,97093,99188,100800
"MEMPHIS","TN",122,161,143,174,141,195,169,176,198,159,181,161,138,,654626,660255,659720,668935,651081,610337,619981,628865,618981,628375,623902,631626,637492
"MESA","AZ",8,11,9,11,10,9,15,9,6,17,17,18,13,,202450,210702,262428,267642,285883,288091,294754,301200,304695,315456,324654,340818,350592
"MESQUITE","TX",3,4,8,5,3,4,4,3,5,4,1,3,4,,76253,80606,89269,89958,93965,101484,103649,105483,110455,112580,115770,117795,119710
"Miami Police Department","FL",131,148,128,,132,129,125,128,127,116,110,124,98,,385892,396374,385089,,381206,358548,367945,373791,372519,379980,378720,384976,391766
"MIDLAND","TX",7,1,10,5,7,7,8,3,6,7,8,4,5,,90185,101362,98689,94859,96750,89443,91351,92967,97039,98906,97973,100087,101714
"MILWAUKEE","WI",68,83,92,81,112,155,163,146,157,139,138,130,122,,621931,623278,607885,611140,600898,628100,636342,643017,623114,628737,622467,627139,628507
"MINNEAPOLIS","MN",29,44,38,55,46,6,64,60,58,62,96,83,58,,361021,362845,359371,364745,348384,368383,373303,377345,366642,370834,357709,361595,363932
"MOBILE","AL",26,47,32,33,40,41,40,35,42,39,54,51,52,,206505,208148,204800,211206,209507,196278,198629,200911,204286,205846,206138,207106,209336
"MODESTO","CA",5,6,7,7,5,8,7,17,12,12,13,12,17,,125776,128715,136300,139986,152605,164730,168161,170856,174054,175281,177244,178865,181052
"MONTGOMERY","AL",22,21,22,25,33,34,36,32,39,41,35,31,26,,186391,187873,195762,194460,194146,187106,189347,191522,194399,195884,197046,197972,200104
"MORENO VALLEY","CA",,,,,,6,21,15,12,11,16,13,14,,,,,,,118779,121253,123196,133456,134396,140011,141292,143020
"NAPERVILLE","IL",0,0,1,0,0,0,1,0,2,0,2,2,0,,46102,51032,61439,62354,79907,85351,86190,86846,92592,93027,101834,101980,102402
"NASHVILLE","TN",81,93,99,79,69,67,88,90,87,73,105,89,112,,481286,470906,487097,502759,501398,499565,507328,514771,513648,521301,523681,530059,531908
"NEW HAVEN","CT",12,17,23,26,34,31,34,30,22,32,21,22,21,,124968,125558,124313,125887,124070,130474,130627,130229,123890,123858,119604,119566,119420
"NEW ORLEANS","LA",152,197,205,228,251,304,345,279,395,424,363,351,267,,561364,563927,549536,538047,528589,496938,500791,505008,491619,493990,487179,488300,488509
"NEW YORK","NY",1384,1582,1672,1896,1905,2245,2154,1995,1946,1561,1177,983,770,,7183984,7179609,7284319,7346352,7369454,7322564,7350023,7375097,7347257,7336224,7319546,7339594,7320477
"NEWARK","NJ",117,113,81,115,107,112,88,87,96,96,102,92,57,,316356,318801,318402,319191,313839,275221,276510,277544,269892,271025,260232,261909,264270
"NEWPORT NEWS","VA",14,15,16,14,17,26,18,33,22,22,28,27,17,,156545,158714,164978,165340,162298,170045,172755,175256,179975,181666,180930,182487,184100
"NORFOLK","VA",38,46,50,48,55,63,86,79,62,61,53,61,55,,283219,287199,280370,285180,290434,261229,265392,269347,257617,260038,243857,245956,248130
"NORWALK","CA",3,9,4,4,4,11,10,7,6,10,16,14,8,,92404,92076,92326,94001,93829,94279,96242,97784,98767,99463,101250,102176,103425
"OAKLAND","CA",95,129,114,112,129,146,149,165,154,140,,93,99,,362095,370556,365983,367782,366305,372242,379995,386086,377037,379695,,372145,376696
"OCEANSIDE","CA",6,9,12,12,10,11,13,16,18,15,23,10,9,,90011,95108,101646,104831,115611,128398,131072,133173,141147,142142,146964,148308,150121
"ODESSA","TX",11,14,10,9,9,11,17,9,9,9,4,14,5,,111282,113404,101859,96770,95872,89699,91613,93234,95605,97444,96547,98630,100233
"OKLAHOMA CITY","OK",61,60,48,60,61,68,56,61,80,65,227,67,59,,443575,444119,441408,440136,431982,444719,449025,454255,457448,461271,466232,469632,472046
"OMAHA","NB",24,30,28,28,23,12,35,11,32,33,27,27,31,,362883,332368,374934,377958,355110,335795,338987,341753,341499,344975,348089,350607,351745
"ONTARIO","CA",8,17,14,9,19,19,26,19,19,25,21,17,13,,109354,111909,117210,123062,126646,133179,135953,138132,140402,141391,135503,136742,138414
"ORANGE","CA",5,3,4,3,6,5,5,9,3,8,6,1,12,,101277,102092,103286,105056,108508,110658,112963,114773,114753,115562,117372,118445,119893
"Orlando Police Departmen","FL",24,14,27,,19,13,10,13,15,17,19,13,14,,142025,145882,150250,,160197,164693,169009,171694,176748,180288,179649,182616,185837
"OXNARD","CA",7,13,4,11,6,6,8,14,16,8,11,16,5,,124665,127578,130190,132961,133523,142216,145178,147505,146286,147317,146596,147937,149746
"PALMDALE","CA",1,1,2,4,2,4,4,11,8,10,7,6,6,,15306,19575,28031,28539,41356,68842,70275,71401,85293,85894,103943,104894,106176
"PASADENA","CA",29,13,14,22,18,13,15,18,27,16,12,14,12,,128644,131650,133183,135599,135504,131591,134332,136485,133961,134905,134844,136077,137741
"PASADENA","TX",10,9,10,5,4,4,6,10,10,9,15,9,9,,122148,124477,118807,117812,117941,119363,121910,124067,127886,130346,131726,134568,136756
"PATERSON","NJ",29,20,17,17,14,13,19,16,23,15,12,7,14,,139688,140765,140080,140846,138846,140891,141434,141962,140409,140854,139007,139759,140896
"PEORIA","IL",4,4,7,2,23,4,18,13,,11,,11,9,,117362,117530,110613,108841,109955,113504,114619,115492,,115346,,113790,114261
"PHILADELPHIA","PA",273,343,338,374,475,503,440,425,439,404,432,,418,,1640102,1645144,1649364,1657285,1652188,1585577,1596699,1603638,1559534,1560576,1529848,,1524409
"PHOENIX","AZ",89,122,111,106,126,128,128,136,158,231,214,186,175,,890746,927055,933177,951717,941948,983403,995895,999900,1039369,1076108,1085706,1139793,1172538
"PITTSBURGH","PA",34,47,37,19,31,35,36,44,80,64,58,47,50,,400969,402204,389015,387190,376412,369879,372349,373842,368473,368594,354780,354308,353248
"PLANO","TX",4,5,0,2,6,4,3,1,2,1,4,0,1,,90203,97268,111742,115213,119868,128713,131459,133785,144902,147689,160357,163817,166480
"POMONA","CA",24,28,35,28,44,34,25,39,40,39,32,19,34,,110079,112651,118461,120610,123659,131723,134466,136621,141799,142798,144593,145916,147700
"PORTLAND","OR",43,46,66,45,38,33,53,46,58,50,43,51,46,,367571,368439,390845,387659,425788,437319,449671,458132,454889,463072,458623,467906,473696
"PORTSMOUTH","VA",12,21,29,23,12,18,32,36,33,23,34,23,21,,109359,110862,113250,111818,108976,103907,105563,107091,105944,106939,104505,105404,106335
"PROVIDENCE","RI",14,18,20,21,28,31,17,19,22,20,25,16,12,,155125,156251,158978,161081,157030,160728,160835,161010,159178,158720,149805,149805,149369
"PUEBLO","CO",5,3,7,3,6,6,13,9,9,8,8,12,6,,101641,102747,102148,101288,101560,98640,99990,99990,101424,103983,102971,105059,106982
"RALEIGH","NC",13,16,15,11,15,24,25,19,27,30,18,25,23,,171814,173901,182750,188308,189132,207951,211350,214674,224057,228090,240891,245176,248591
"RANCHO CUCAMONGA","CA",5,3,1,5,1,6,6,3,4,5,7,8,4,,63498,66620,77675,81553,98340,101409,103521,105180,112298,113089,115376,116431,117854
"RENO","NV",9,8,12,14,8,11,9,13,16,21,14,11,13,,108537,111665,115320,120076,121345,133850,143001,147790,145433,152553,152294,159559,166924
"RICHMOND","VA",92,82,78,99,98,113,116,117,112,160,120,112,139,,221857,224943,222113,219979,216229,203056,206292,209279,205331,207261,203133,204881,206692
"RIVERSIDE","CA",14,25,17,13,25,22,39,23,33,37,34,18,23,,187526,191908,201723,212616,216205,226505,231223,234929,241041,242740,242859,245081,248078
"ROCHESTER","NY",26,38,29,36,36,40,64,49,64,62,50,51,53,,243212,243065,236672,235877,230303,231636,232504,233289,235301,234938,230749,231372,230761
"ROCKFORD","IL",6,12,8,19,7,16,13,12,22,30,19,31,14,,136822,137017,136157,135897,134985,139426,140796,141868,142703,143373,144214,144421,145018
"SACRAMENTO","CA",39,70,78,68,44,43,66,45,85,62,57,43,41,,312944,320256,331728,340483,347172,369365,377058,383102,386732,389458,375845,379283,383921
"SAINT LOUIS","MO",169,195,153,140,158,177,260,231,267,248,204,166,153,,431109,434298,429414,425187,405066,396685,399858,402573,387053,390437,371425,374041,377221
"SAINT PAUL","MN",17,12,12,17,15,18,12,33,22,29,25,26,24,,267896,269250,265550,267945,261902,272235,275776,278762,271208,274210,264539,267292,268898
"SALEM","OR",7,8,2,4,1,6,2,7,7,10,9,7,1,,90876,91123,94838,95741,99090,107786,110806,112891,114311,116346,117466,119822,121280
"SALINAS","CA",10,9,7,4,7,11,7,16,15,24,15,9,18,,90398,92244,99411,99720,103766,108777,111042,112822,115936,116753,120416,121517,123003
"SALT LAKE CITY","UT",14,20,13,15,18,25,14,14,19,20,27,20,21,,164216,166182,159839,162005,154304,159936,164313,168304,170380,174827,175765,180180,185553
"SAN ANTONIO","TX",180,162,174,143,168,208,208,219,220,194,142,117,95,,862878,879332,920215,935729,949691,935933,955905,972824,985456,999900,999900,1021477,1038086
"SAN BERNARDINO","CA",17,32,35,41,41,41,,75,82,71,67,42,36,,134170,137304,142124,149220,152348,164164,,170269,174215,175443,182632,184303,186557
"SAN DIEGO","CA",96,102,96,144,121,135,167,146,133,113,91,79,67,,988284,1011376,1040851,1073466,1098639,1110549,1133681,1151853,1160603,1168785,1157771,1168364,1182653
"SAN FRANCISCO","CA",85,114,103,92,73,101,95,117,129,91,99,82,59,,733456,750544,767933,753927,750964,723959,739039,750885,736377,741568,738371,745127,754239
"SAN JOSE","CA",55,39,24,37,38,35,53,43,41,33,38,40,43,,706062,722560,730079,732022,757964,782248,798542,811342,809528,815235,822845,830374,840529
"SANTA ANA","CA",33,32,31,38,53,43,59,58,78,74,72,46,27,,231937,237356,242765,246925,245880,293742,299860,304666,290970,293021,292289,294963,298570
"SANTA CLARITA","CA",,,,,,1,2,4,4,0,4,2,2,,,,,,,110642,112946,114756,119890,120735,124298,125435,126969
"SANTA ROSA","CA",5,11,2,5,5,1,6,2,7,5,4,2,10,,93124,96160,100067,102391,111084,113313,115673,117527,117746,118576,117550,118625,120075
"SAVANNAH","GA",39,29,24,19,20,33,59,23,33,29,27,22,27,,148460,151660,149631,151288,148155,137560,140634,143352,141861,144691,143505,146534,149184
"SCOTTSDALE","AZ",7,8,4,8,3,0,8,4,3,4,6,8,,,103868,107673,116001,118306,124138,130069,133077,135987,140740,145710,157788,165644,
"SEATTLE","WA",61,50,54,56,38,53,43,60,67,69,41,37,49,,495190,501279,494426,505380,514398,516259,532418,544940,531274,540268,529526,539591,547209
"SHREVEPORT","LA",48,45,40,29,51,65,50,47,76,63,61,51,42,,220888,221895,218407,217495,216734,198525,200031,201676,197379,198298,199007,199418,199463
"SIMI VALLEY","CA",3,4,3,2,3,1,6,2,0,1,4,1,5,,87125,89137,92306,94271,98890,100217,102304,103943,104875,105614,107486,108469,109795
"SIOUX FALLS","SD",1,3,1,4,2,4,2,0,2,3,5,1,1,,84827,88050,97608,98986,99875,100814,101885,103044,106315,107258,110385,110891,111852
"SOUTH BEND","IN",9,17,11,15,3,,4,18,19,19,26,22,17,,107125,107235,107724,108481,106878,,106764,107753,106971,107701,106024,106718,107138
"SPOKANE","WA",9,10,16,10,9,8,7,12,13,7,23,15,11,,175732,177893,175815,175176,175051,177196,182705,187002,191511,194718,195956,199636,202414
"SPRINGFIELD","IL",13,9,10,7,2,12,10,11,,18,11,7,12,,101786,101931,100584,100177,99860,105227,106261,107070,,107701,106641,106794,107236
"SPRINGFIELD","MA",18,6,8,10,7,13,13,13,19,16,19,12,9,,151090,151347,150002,149842,150920,156983,156450,156501,153952,154694,149978,150421,151063
"SPRINGFIELD","MO",6,5,1,5,7,7,4,8,7,3,5,4,7,,137516,138534,140378,141762,143173,140494,141617,142578,146642,147875,151032,152024,153243
"STAMFORD","CT",5,6,4,6,9,10,10,7,8,6,4,6,1,,102557,103041,101787,101630,100446,108056,108183,107854,107524,107458,107199,107165,107034
"STERLING HEIGHTS","MI",7,0,4,2,3,2,0,2,0,1,1,1,2,,109602,110241,112507,114838,115132,117810,118731,119606,118865,119090,120171,120737,123002
"STOCKTON","CA",27,35,33,41,42,51,55,53,45,44,42,46,45,,176633,180760,188067,191444,195727,210943,215336,218787,221867,223431,223752,225799,228560
"St. Petersburg Police De","FL",25,33,28,,44,31,31,31,19,23,30,26,21,,249879,256667,246548,,241862,238629,244883,248774,238727,243508,242228,246229,250572
"SUNNYVALE","CA",5,4,5,10,2,2,3,2,3,2,3,0,0,,113805,116464,114964,115270,119255,117229,119670,121588,119649,120492,120185,121284,122767
"SYRACUSE","NY",12,9,14,16,13,14,13,13,18,16,18,15,15,,164659,164560,161228,160353,154960,163860,164474,165029,163626,163374,159603,160033,159610
"TACOMA","WA",13,17,24,33,21,25,31,31,31,33,28,20,21,,161625,163614,161639,165234,167943,176664,182156,186440,187895,191042,186074,189568,192206
"Tallahassee Police Depar","FL",3,8,8,,7,6,9,15,9,9,12,10,5,,116252,119410,123012,,129061,124773,128043,130077,132252,134901,135759,138001,140435
"Tampa Police Department","FL",70,79,61,,57,62,56,49,43,62,47,43,35,,285280,293030,285856,,289463,280015,287354,291920,288877,294663,289882,294670,299867
"TEMPE","AZ",0,7,4,9,4,3,6,8,4,9,7,3,12,,123534,128570,142450,145280,143207,141865,145146,148320,145996,151152,149352,156788,161284
"THOUSAND OAKS","CA",1,1,2,3,2,2,1,1,3,1,0,3,1,,97031,98306,98714,100815,104217,104352,106525,108232,108621,109386,111539,112559,113935
"TOLEDO","OH",27,21,33,10,41,37,36,43,45,40,35,30,25,,343677,343939,344963,345926,342418,332943,335763,338126,331416,331744,323972,324610,324986
"TOPEKA","KS",6,12,4,7,11,11,16,8,12,,9,17,8,,119540,120064,119331,120252,123218,119883,120725,122079,121021,,121165,121495,122581
"TORRANCE","CA",4,6,3,3,7,2,2,2,12,3,5,3,2,,136728,139922,138997,141518,141591,133107,135879,138057,137029,137995,138914,140185,141899
"TUCSON","AZ",32,41,23,31,40,30,24,42,44,37,65,46,50,,381473,397023,374546,383174,393319,405390,414766,423836,426344,441402,449981,472385,485933
"TULSA","OK",33,40,35,35,32,57,42,33,54,42,30,31,40,,374875,375335,369961,373602,366297,367302,370735,375053,378350,381640,377152,379798,381639
"VALLEJO","CA",6,6,15,13,16,8,13,13,10,30,13,15,3,,91876,93562,95617,98794,103396,109199,111473,113259,114866,115675,112044,113069,114451
"VIRGINIA BEACH","VA",17,25,11,27,17,16,27,23,22,33,16,20,19,,312584,316959,340158,355562,370316,393069,399334,405116,423387,427471,435959,439851,443844
"WACO","TX",8,16,25,14,29,22,23,21,29,25,16,14,15,,106616,108649,105895,106197,104358,103590,105800,107672,106043,108083,107885,110213,112005
"WARREN","MI",9,10,11,7,3,19,2,5,5,3,0,4,,,152260,153148,150531,153650,145932,144864,145996,147071,143067,143338,143420,144095,
"WASHINGTON","DC",147,194,225,369,434,472,482,443,454,399,361,397,301,,626000,626000,622000,620000,604000,606900,598000,589000,578000,570000,554000,543000,529000
"WATERBURY","CT",5,7,7,11,6,5,9,12,20,8,9,13,8,,103507,103995,103015,104319,104714,108961,109089,108757,106838,106772,103523,103490,103363
"WEST COVINA","CA",6,5,3,2,5,8,11,4,5,6,10,6,8,,92632,94327,99339,101141,97120,96086,98087,99659,99787,100490,103817,104766,106047
"WEST VALLEY","UT",2,1,3,2,1,2,4,6,4,6,2,2,9,,86069,89871,91571,92812,93982,86976,89356,91526,94215,96646,96796,99227,102154
"WICHITA","KS",26,23,24,15,29,18,24,29,48,42,41,24,32,,284915,286163,290702,292733,297391,304011,306339,309955,313597,316629,311675,312706,315690
"WICHITA FALLS","TX",10,17,13,15,15,11,17,11,9,8,8,9,1,,101258,103188,100581,98809,98758,96259,98313,99990,96887,98751,99606,101755,103409
"WINSTON-SALEM","NC",16,17,22,18,31,24,23,33,36,41,23,28,13,,145468,147235,149984,153434,150611,143485,145830,148123,147098,149745,157870,160678,162916
"WORCESTER","MA",6,4,13,11,3,,,13,12,13,5,7,5,,160518,160792,158395,159124,156813,,,169238,163932,164722,166290,166782,167494
"YONKERS","NY",21,13,13,9,11,18,9,13,19,14,9,14,16,,191746,191631,186634,187113,183417,188082,188787,189425,186967,186679,183156,183650,183165
