Bureau of Justice Statistics,,,
Filename: clpdo07f01.csv,,,
Figure 1. Counties or local jurisdictions funded and administered public defender offices in 27 states and the District of Columbia in 2007,,,
"Report title: County-based and Local Public Defender Offices, 2007 NCJ 231175",,,
"Data source: Census of Public Defender Offices, 2007",,,
"Authors: Donald Farole, Jr., Ph.D., Lynn Langton",,,
Refer questions to: askbjs@usdoj.gov 202-307-0765,,,
Date of version: 09/01/10,,,
,,,
Figure 1. Counties or local jurisdictions funded and administered public defender offices in 27 states and the District of Columbia in 2007,,,
,Organizational structure of public defender offices,,
State,State-based program,County-based offices,No public defenders
Alabama,,X,
Alaska ,X,,
Arizona,,X,
Arkansas,X,,
California,,X,
Colorado,X,,
Connecticut,X,,
Delaware,X,,
Florida,,X,
Georgia,,X,
Hawaii,X,,
Idaho,,X,
Illinois,,X,
Indiana,,X,
Iowa,X,,
Kansas,,X,
Kentucky,X,,
Louisiana,,X,
Maine,,,X
Maryland,X,,
Massachusetts,X,,
Michigan,,X,
Minnesota,X,,
Mississippi,,X,
Missouri,X,,
Montana,X,,
Nebraska,,X,
Nevada,,X,
New Hampshire,X,,
New Jersey,X,,
New Mexico,X,,
New York,,X,
North Carolina,,X,
North Dakota,X,,
Ohio,,X,
Oklahoma,,X,
Oregon,,X,
Pennsylvania,,X,
Rhode Island,X,,
South Carolina,,X,
South Dakota,,X,
Tennessee,,X,
Texas,,X,
Utah,,X,
Vermont,X,,
Virginia,X,,
Washington ,,X,
Washington D.C.,,X,
West Virginia,,X,
Wisconsin,X,,
Wyoming,X,,
