Bureau of Justice Statistics,,,,,,,,,,,
Filename: clpdo07t10.csv,,,,,,,,,,,
"Table 10. Professional guidelines related to attorney caseloads in county-based public defender offices, by office caseload, 2007",,,,,,,,,,,
"Report title: County-based and Local Public Defender Offices, 2007 NCJ 231175",,,,,,,,,,,
"Data source: Census of Public Defender Offices, 2007",,,,,,,,,,,
"Authors: Donald Farole, Jr., Ph.D., Lynn Langton",,,,,,,,,,,
Refer questions to: askbjs@usdoj.gov 202-307-0765,,,,,,,,,,,
Date of version: 09/01/10,,,,,,,,,,,
,,,,,,,,,,,
"Table 10. Professional guidelines related to attorney caseloads in county-based public defender offices, by office caseload, 2007",,,,,,,,,,,
,,,,Cases received in 2007/a,,,,,,,
,,,,Felony non-capital,,,,Misdemeanor,,,
Office caseload,,Number of offices,Median FTE litigating attorneys/b,Median number of cases,Median number of cases per FTE litigating attorney,Percent of offices with at least one attorney per 75 cases received/c,,Median number of cases,Median number of cases per FTE litigating attorney,Percent of offices with at least one attorney per 200 cases received/c,
All offices,,527,7,853,100,36,%,"1,000",146,66,%
,"Less than 1,000 cases received",136,2,110,50,69,,183,100,87,
,"1,000-2,500",123,5,550,110,33,,651,136,73,
,"2,501-5,000",102,9,"1,200",140,17,,"1,650",170,58,
,"More than 5,000",154,28,"3,500",126,22,,"5,302",208,48,
Note: Details do not sum to total due to missing data on public defender office caseload.,,,,,,,,,,,
a/Refers to cases appointed to and accepted for representation by the public defender program.,,,,,,,,,,,
b/See Methodology for a definition of full-time equivalent (FTE) litigating attorney.,,,,,,,,,,,
c/1973 U.S. Department of Justice's National Advisory Committee (NAC) on Criminal Standards and Goals suggest that public defenders carrying both felony and misdemeanor cases should carry no more than 75 felony or 200 misdemeanor cases per year.,,,,,,,,,,,
