Bureau of Justice Statistics,,
Filename: clpdo07f03.csv,,
"Figure 3. Percent of county-based public defender offices reporting sufficient number of FTE litigating attorneys required to meet caseload guidelines, 2007",,
"Report title: County-based and Local Public Defender Offices, 2007 NCJ 231175",,
"Data source: Census of Public Defender Offices, 2007",,
"Authors: Donald Farole, Jr., Ph.D., Lynn Langton",,
Refer questions to: askbjs@usdoj.gov 202-307-0765,,
Date of version: 09/01/10,,
,,
"Figure 3. Percent of county-based public defender offices reporting sufficient number of FTE litigating attorneys required to meet caseload guidelines, 2007",,
Number of cases received,Percent of offices,
All offices,27,%
"Less than 1,000",60,
"1,000-2,500",23,
"2,501-5,000",16,
"More than 5,000",12,
