Bureau of Justice Statistics,,,,,,,,,,,,,,,,,,,,,
Filename: clpdo07t14.csv,,,,,,,,,,,,,,,,,,,,,
"Table 14. Office policies and attorney professional development opportunities in county-based public defender offices, by office caseload, 2007",,,,,,,,,,,,,,,,,,,,,
"Report title: County-based and Local Public Defender Offices, 2007 NCJ 231175",,,,,,,,,,,,,,,,,,,,,
"Data source: Census of Public Defender Offices, 2007",,,,,,,,,,,,,,,,,,,,,
"Authors: Donald Farole, Jr., Ph.D., Lynn Langton",,,,,,,,,,,,,,,,,,,,,
Refer questions to: askbjs@usdoj.gov 202-307-0765,,,,,,,,,,,,,,,,,,,,,
Date of version: 09/01/10,,,,,,,,,,,,,,,,,,,,,
,,,,,,,,,,,,,,,,,,,,,
"Table 14. Office policies and attorney professional development opportunities in county-based public defender offices, by office caseload, 2007",,,,,,,,,,,,,,,,,,,,,
,,Percent of offices with�,,,,Percent of offices providing professional development training in�,,,,,,,,,,,,,,,
Office caseload,,Continuing legal education for attorneys,,Annual attorney performance review,,Civil,,Death penalty trial defense*,,Juvenile delinquency,,Trial skills,,Appellate cases,,Dependency cases,,Mental illness cases,,Other,
All offices,,92,%,48,%,20,%,62,%,76,%,92,%,53,%,41,%,58,%,23,%
,"Less than 1,000 cases received",84,,18,,27,,43,,69,,77,,39,,43,,40,,20,
,"1,000-2,500",93,,42,,16,,58,,74,,97,,56,,42,,57,,19,
,"2,501-5,000",98,,56,,12,,63,,76,,94,,56,,39,,54,,20,
,"More than 5,000",96,,73,,25,,80,,84,,98,,62,,42,,77,,29,
"*The District of Columbia, Michigan, and West Virginia did not have death penalty statutes in 2007. Offices in these jurisdictions were not included in the calculation of the percent of offices providing professional development in death penalty trial defense.",,,,,,,,,,,,,,,,,,,,,
