Bureau of Justice Statistics,,,,,,
Filename: clpdo07t02.csv,,,,,,
"Table 2. General characteristics of county-based public defender offices, by office caseload, 2007",,,,,,
"Report title: County-based and Local Public Defender Offices, 2007 NCJ 231175",,,,,,
"Data source: Census of Public Defender Offices, 2007",,,,,,
"Authors: Donald Farole, Jr., Ph.D., Lynn Langton",,,,,,
Refer questions to: askbjs@usdoj.gov 202-307-0765,,,,,,
Date of version: 09/01/10,,,,,,
,,,,,,
"Table 2. General characteristics of county-based public defender offices, by office caseload, 2007",,,,,,
Office caseload,,Number of offices,Median population served,Median number of cases received,Median FTE litigating attorneys/a,Median total office expenditures/b
All offices,,530,"116,810","2,482",7,"$707,510 "
,"Less than 1,000 cases received",136,"27,789",429,2,"133,771"
,"1,000-2,500",123,"69,973","1,553",5,"553,791"
,"2,501-5,000",103,"144,466","3,595",9,"1,000,000"
,"More than 5,000",154,"430,317","10,093",28,"3,000,000"
"Note: Details do not sum to total due to missing data on public defender office caseload. Population data were available for 99.2%, caseload data were available for 97.4%, FTE litigating attorney data were available for 99.2%, and expenditure data were available for 97.2% of all county-based offices.",,,,,,
a/See Methodology for a definition of full-time equivalent (FTE) litigating attorney.,,,,,,
"b/The Census of Public Defender Offices, 2007 instructed respondents to report either fiscal or calendar year 2007 total public defender office expenditures for indigent defense functions, excluding any fixed capital costs. ",,,,,,
