Bureau of Justice Statistics,,,,,,,,,,
Filename: clpdo07t15.csv,,,,,,,,,,
"Table 15. Length of service, attrition rate, and base annual salary for assistant public defenders in county-based public defender programs, by office caseload, 2007",,,,,,,,,,
"Report title: County-based and Local Public Defender Offices, 2007 NCJ 231175",,,,,,,,,,
"Data source: Census of Public Defender Offices, 2007",,,,,,,,,,
"Authors: Donald Farole, Jr., Ph.D., Lynn Langton",,,,,,,,,,
Refer questions to: askbjs@usdoj.gov 202-307-0765,,,,,,,,,,
Date of version: 09/01/10,,,,,,,,,,
,,,,,,,,,,
"Table 15. Length of service, attrition rate, and base annual salary for assistant public defenders in county-based public defender programs, by office caseload, 2007",,,,,,,,,,
,,,,,Median salary for assistant public defenders�/a ,,,,,
,,,,,Entry level,,5 years or less experience,,6 years or more experience,
Office caseload,,Median years of service/b,Median attrition rate/c,,Minimum ,Maximum,Minimum,Maximum,Minimum ,Maximum
All offices,,6,0.3,%,"$42,000 ","$45,000 ","$46,000 ","$54,000 ","$54,000 ","$68,000 "
,"Less than 1,000 cases received",2,0,,"40,000","43,000","45,000","45,000","45,000","51,000"
,"1,000-2,500",6,0,,"40,000","43,000","44,000","52,000","50,000","61,000"
,"2,501-5,000",6,4.8,,"43,000","45,000","48,000","55,000","55,000","68,000"
,"More than 5,000",8,8,,"44,000","49,000","50,000","57,000","57,000","78,000"
a/Rounded to the nearest thousand dollars.,,,,,,,,,,
b/Public defender offices were asked to provide the average length of service for public defenders in their office. The data presented in the table are the median responses.,,,,,,,,,,
"c/Attrition rate is defined as the number of litigating attorneys who left the office in fiscal year 2007, divided by the total number of litigating attorneys employed on the first day of the fiscal year. Attrition rate includes supervisory attorneys and assistant public defenders. ",,,,,,,,,,
