Bureau of Justice Statistics,,,,,,,
Filename: ppus08at03.csv,,,,,,,
"Appendix Table 3. Adults entering probation, by type of sentence, 2008",,,,,,,
"Report title: Probation and Parole in the United States, 2008 NCJ 228230",,,,,,,
Data source(s): Annual Probation Survey,,,,,,,
"Author(s): Lauren E. Glaze, Thomas P. Bonczar, and Matthew S. Cooper ",,,,,,,
Refer questions to: askbjs@usdoj.gov or 202-307-0765 ,,,,,,,
Date of version: 12/08/2009,,,,,,,

"Appendix Table 3. Adults entering probation, by type of sentence, 2008",,,,,,,
,,,"Number of adults entering probation, 2008",,,,
Region and jurisdiction,,,Total reported,Probation without incarceration,Probation with incarceration,Other/a,Unknown or not reported
,,U.S. total,"2,188,591","666,719","203,014","65,110","1,253,748"
,Federal,,"11,333","11,333",0,0,0
,State,,"2,177,258","655,386","203,014","65,110","1,253,748"
Northeast,,,"224,380","66,007","12,611",350,"145,412"
,Connecticut/b,,"28,580","22,487","6,093",**,0
,Maine ,,"3,634","2,576",903,136,19
,Massachusetts ,,"94,028",**,**,**,"94,028"
,New Hampshire/b,,"3,155","2,731",424,0,0
,New Jersey ,,"44,881",**,**,**,"44,881"
,New York ,,"36,247","31,422","4,825",0,0
,Pennsylvania/c,,"3,139","3,139",0,0,0
,Rhode Island,,"6,484",**,**,**,"6,484"
,Vermont/b,,"4,232","3,652",366,214,0
Midwest,,,"617,726","110,899","105,100","22,116","379,611"
,Illinois ,,"59,114",**,**,**,"59,114"
,Indiana/b,,"100,199","3,886","82,434","13,879",0
,Iowa/b,,"15,689",**,**,**,"15,689"
,Kansas ,,"20,448",**,**,**,"20,448"
,Michigan/b,,"124,279","22,180","3,904",710,"97,485"
,Minnesota ,,"77,479",**,**,**,"77,479"
,Missouri,,"23,917","21,546",0,"2,371",0
,Nebraska ,,"14,719","10,329","4,390",0,0
,North Dakota ,,"2,922","2,922",0,0,0
,Ohio/b,,"150,977","50,036","14,372","5,156","81,413"
,South Dakota ,,"4,022",**,**,**,"4,022"
,Wisconsin ,,"23,961",**,**,**,"23,961"
South ,,,"923,125","418,255","58,986","15,471","430,413"
,Alabama/b,,"20,073","9,283","9,415",**,"1,375"
,Arkansas,,"9,097","8,333",0,764,0
,Delaware ,,"15,463",**,**,**,"15,463"
,District of Columbia,,"7,007","6,016",991,0,0
,Florida/b,,"226,888","163,879","7,655","1,782","53,572"
,Georgia/b ,,"227,084","31,689","14,330",881,"180,184"
,Kentucky,,"11,953","10,915",269,769,0
,Louisiana,,"14,949","13,638",812,499,0
,Maryland,,"52,138","43,120","9,018",0,0
,Mississippi ,,"11,107","7,581","3,526",0,0
,North Carolina,,"68,467","68,413",54,0,0
,Oklahoma/b,,"13,342","9,441","1,883",**,"2,018"
,South Carolina ,,"14,788","12,763","2,025",0,0
,Tennessee/b,,"23,287","15,007","8,190",90,0
,Texas/b,,"176,648",**,**,**,"176,648"
,Virginia/b,,"29,681","18,177",818,"10,686",0
,West Virginia/b,,"1,153",**,**,**,"1,153"
West,,,"412,027","60,225","26,317","27,173","298,312"
,Alaska ,,"1,401",**,**,**,"1,401"
,Arizona/b,,"22,559","14,212","8,347",0,0
,California/b,,"189,926",**,**,**,"189,926"
,Colorado/b,,"50,783","27,546","3,131","14,660","5,446"
,Hawaii/b,,"6,151",**,**,**,"6,151"
,Idaho,,"40,030","2,584","1,553",32,"35,861"
,Montana,,"3,864","1,591","1,640",300,333
,Nevada,,"7,326",**,**,**,"7,326"
,New Mexico/b,,"3,590",**,**,**,"3,590"
,Oregon,,"15,779","7,567","7,348",0,864
,Utah ,,"5,615","2,735","2,880",0,0
,Washington/b,,"62,240","1,431","1,214","12,181","47,414"
,Wyoming ,,"2,763","2,559",204,0,0
"Note: Based on reported data only. For imputed entries to probation, see appendix table 2.",,,,,,,
**Not known.,,,,,,,
"a/Includes probationers who entered supervision through a deferred sentence, pretrial supervision, after a bench warrant was served, a reinstatement of their original sentence, placement in a drug court program, a transfer from another agency or state, and other types of sentences.",,,,,,,
b/Some or all detailed data are estimated for type of sentence.,,,,,,,
c/Data represent state probationers only. Data are not available for county probationers.,,,,,,,
