Bureau of Justice Statistics,,,,,,,
Filename: fjs15stt6.1.csv,,,,,,,
"Table 6.1. Criminal appeals terminated, by type of criminal case and offense, FY 2015",,,,,,,
"Report title: Federal Justice Statistics, 2015 � Statistical Tables� NCJ 251771",,,,,,,
"Data Source: Bureau of Justice Statistics, based on data from the Administrative Office of the U.S. Courts, Court of Appeals, fiscal year 2015",,,,,,,
"Author: Mark Motivans, Ph.D., BJS Statistician",,,,,,,
Refer questions to: askbjs@usdoj.gov 202-307-0765,,,,,,,
Date of version: 12/29/2020,,,,,,,
 ,,,,,,,
"Table 6.1. Criminal appeals terminated, by type of criminal case and offense, FY 2015",,,,,,,
,,,,Number of criminal appeals terminated,,,
Offense of conviction,,,Total,Direct criminal,Interlocutory,Post-conviction,Other/a
,All offenses,,"11,214","8,701",260,"1,878",375
Violent offenses,,,688,546,27,82,33
,Murder,,37,22,4,7,4
,Assault,,91,72,8,4,7
,Robbery,,203,166,1,34,2
,Sexual abuse,,306,249,14,32,11
,Kidnapping,,46,33,0,5,8
,Threats against the President,,5,4,0,0,1
Property offenses,,,"1,547","1,270",43,175,58
,Fraudulent,,"1,356","1,119",34,152,51
,,Embezzlement,34,27,1,5,1
,,Fraud,"1,241","1,026",33,133,49
,,Forgery,6,4,0,2,0
,,Counterfeiting,75,62,0,12,1
,Other,,191,151,10,23,7
,,Burglary,5,4,0,1,0
,,Larceny,104,88,3,12,1
,,Motor-vehicle theft,3,2,0,0,1
,,Arson/explosives,47,34,6,5,2
,,Transportation of stolen property,27,19,0,5,3
,,Other property offenses,5,4,1,0,0
Drug offenses,,,"3,793","2,677",66,937,113
,Trafficking,,"3,787","2,671",66,937,113
,Possession/other drug offenses,,6,6,0,0,0
Public-order offenses,,,"1,289","1,000",48,158,83
,Regulatory,,119,93,5,9,12
,,Agriculture,0,0,0,0,0
,,Antitrust,1,1,0,0,0
,,Food/drug,1,1,0,0,0
,,Transportation,14,14,0,0,0
,,Civil rights,22,12,0,2,8
,,Communications,6,4,0,0,2
,,Customs laws,11,8,1,1,1
,,Postal laws,0,0,0,0,0
,,Other regulatory offenses,64,53,4,6,1
,Other,,"1,170",907,43,149,71
,,Tax-law violations,58,47,1,5,5
,,Bribery,11,7,3,0,1
,,Perjury/contempt/intimidation,118,82,7,18,11
,,National defense,21,18,2,1,0
,,Escape,46,41,0,5,0
,,Racketeering/extortion,360,263,20,47,30
,,Gambling,2,2,0,0,0
,,Liquor offenses,0,0,0,0,0
,,Other sex offenses/b,411,330,8,51,22
,,Traffic ,2,2,0,0,0
,,Wildlife,10,7,1,2,0
,,Environmental,5,2,0,2,1
,,Other offenses,126,106,1,18,1
Weapons offenses,,,"1,566","1,233",43,249,41
Immigration offenses,,,"1,588","1,506",11,64,7
Note: Murder includes non-negligent manslaughter; sexual abuse includes only violent sex offenses; fraud excludes tax fraud; larceny excludes transportation of stolen property; other property offenses excludes fraudulent property offenses and includes destruction of property and trespassing; tax-law violations includes tax fraud; and other offenses includes unclassifiable offenses. Total includes 743 terminated for which an offense category could not be determined.,,,,,,,
a/Includes federal guidelines cases where the sentence only is appealed or where the sentence and conviction are appealed. Includes criminal cases other than guideline cases.,,,,,,,
b/Excludes sexual abuse. See Terms and definitions.,,,,,,,
"Source: Bureau of Justice Statistics, based on data from the Administrative Office of the U.S. Courts, Court of Appeals, fiscal year 2015.",,,,,,,
