Bureau of Justice Statistics,,,,
Filename: fjs15stt1.2.csv,,,,
"Table 1.2. Federal arrests, by arresting agency, FY 2015",,,,
"Report title: Federal Justice Statistics, 2015 � Statistical Tables� NCJ 251771",,,,
"Data Source: Bureau of Justice Statistics, based on data from the U.S. Marshals Service, Justice Detainee Information System, fiscal year 2015  ",,,,
"Author: Mark Motivans, Ph.D., BJS Statistician",,,,
Refer questions to: askbjs@usdoj.gov 202-307-0765,,,,
Date of version: 12/29/2020,,,,
 ,,,,
"Table 1.2. Federal arrests, by arresting agency, FY 2015",,,,
Arresting agency,,Number,Percent,
,All agencies,"153,478",100,%
Department of Agriculture,,355,0.2,%
Department of Defense,,239,0.2,%
Department of Homeland Security,,"86,565",56.8,%
,Customs and Border Protection,"55,778",36.6,
,Immigration and Customs Enforcement,"28,187",18.5,
,Secret Service,"1,289",0.8,
,Other,"1,311",0.9,
Department of the Interior,,"1,220",0.8,%
,Bureau of Indian Affairs,189,0.1,
,Park Police,832,0.5,
,Other,199,0.1,
Department of Justice,,"58,066",38.1,%
,"Bureau of Alcohol, Tobacco, Firearms, and Explosives","4,857",3.2,
,Drug Enforcement Administration,"8,642",5.7,
,Federal Bureau of Investigation,"10,247",6.7,
,U.S. Marshals Service,"34,075",22.3,
,Other,245,0.2,
Department of State,,273,0.2,%
Department of the Treasury,,"1,155",0.8,%
Federal Judiciary,,"1,110",0.7,%
U.S. Postal Service,,"1,241",0.8,%
State/local law enforcement,,"1,280",0.8,%
Other,,957,0.6,%
"Note: The Homeland Security Act of 2002 took effect in March 2003, establishing the Department of Homeland Security and reorganizing several federal agencies into new or different departments. As a result, counts of arrests and bookings by the Department of Homeland Security, Department of Justice, and Department of the Treasury are not comparable to counts found in 2003 and prior compendia. Details may not sum to totals due to rounding. Total includes 1,017 records where arresting agency was missing. The arresting agency may differ from the federal agency that initiated the investigation involving the arrestee.",,,,
"Source: Bureau of Justice Statistics, based on data from the U.S. Marshals Service, Justice Detainee Information System, fiscal year 2015.",,,,
