Bureau of Justice Statistics,,,,,
Filename: fjs15stt2.3.csv,,,,,
"Table 2.3. Reasons U.S. attorneys declined to prosecute suspects in criminal matters, FY 2015",,,,,
"Report title: Federal Justice Statistics, 2015 � Statistical Tables� NCJ 251771",,,,,
"Data Source: Bureau of Justice Statistics, based on data from the Executive Office for U.S. Attorneys, National Legal Information Office Network System database, fiscal year 2015",,,,,
"Author: Mark Motivans, Ph.D., BJS Statistician",,,,,
Refer questions to: askbjs@usdoj.gov 202-307-0765,,,,,
Date of version: 12/29/2020,,,,,
,,,,,
"Table 2.3. Reasons U.S. attorneys declined to prosecute suspects in criminal matters, FY 2015",,,,,
Reason for declination,,,Number,Percent,
,Total declinations,,"26,624",100,%
No bill,,,19,0.1,
Rule 40 removal,,,"1,161",4.4,
Legally barred,,,607,2.3,
Insufficient evidence,,,"16,626",62.4,
Defendant unavailable,,,429,1.6,
Matter referred to another jurisdiction,,,"2,674",10,
Alternative to federal prosecution,,,"1,747",6.6,
Prioritization of federal interests,,,"2,737",10.3,
Opened in error,,,624,2.3,
"Source: Bureau of Justice Statistics, based on data from the Executive Office for U.S. Attorneys, National Legal Information Office Network System database, fiscal year 2015.",,,,,
