Bureau of Justice Statistics,,,,,,
Filename: fjs15stt3.1.csv,,,,,,
"Table 3.1. Defendants released at initial hearing or detention hearing, by offense, FY 2015",,,,,,
"Report title: Federal Justice Statistics, 2015 � Statistical Tables� NCJ 251771",,,,,,
"Data Source: Bureau of Justice Statistics, based on data from the Administrative Office of the U.S. Courts, Probation and Pretrial Services Automated Case Tracking System, fiscal year 2015",,,,,,
"Author: Mark Motivans, Ph.D., BJS Statistician",,,,,,
Refer questions to: askbjs@usdoj.gov 202-307-0765,,,,,,
Date of version: 12/29/2020,,,,,,
 ,,,,,,
"Table 3.1. Defendants released at initial hearing or detention hearing, by offense, FY 2015",,,,,,
,,,,Released defendants/a,,
Most serious offense charged,,,All defendants,Number,Percent,
,All offenses/b,,"88,597","26,032",29.4,%
Violent offenses,,,"2,901",709,24.4,%
,Murder,,248,46,18.5,
,Assault,,809,337,41.7,
,Robbery,,781,111,14.2,
,Sexual abuse,,958,204,21.3,
,Kidnapping,,89,11,12.4,
,Threats against the President,,16,0,^,
Property offenses,,,"11,557","8,374",72.5,%
,Fraudulent,,"9,384","6,785",72.3,
,,Embezzlement,444,430,96.8,
,,Fraud,"8,464","6,061",71.6,
,,Forgery,13,8,61.5,
,,Counterfeiting,463,286,61.8,
,Other,,"2,173","1,589",73.1,
,,Burglary,41,14,34.1,
,,Larceny,"1,748","1,390",79.5,
,,Motor-vehicle theft,129,14,10.9,
,,Arson/explosives,104,56,53.8,
,,Transportation of stolen property,93,73,78.5,
,,Other property offenses,58,42,72.4,
Drug offenses,,,"24,033","7,384",30.7,%
,Trafficking,,"18,102","5,300",29.3,
,Possession/other drug offenses,,"5,931","2,084",35.1,
Public-order offenses,,,"7,393","3,706",50.1,%
,Regulatory,,"1,176",760,64.6,
,,Agriculture,1,1,^,
,,Antitrust,13,13,100,
,,Food/drug,97,90,92.8,
,,Transportation,248,132,53.2,
,,Civil rights,49,45,91.8,
,,Communications,15,14,93.3,
,,Customs laws,132,83,62.9,
,,Postal laws,116,102,87.9,
,,Other regulatory offenses,505,280,55.4,
,Other,,"6,217","2,946",47.4,
,,Tax-law violations,456,436,95.6,
,,Bribery,111,103,92.8,
,,Perjury/contempt/intimidation,164,94,57.3,
,,National defense,123,44,35.8,
,,Escape,494,53,10.7,
,,Racketeering/extortion,"1,344",329,24.5,
,,Gambling,16,16,100,
,,Liquor offenses,12,11,91.7,
,,Other sex offenses/c,"2,406",970,40.3,
,,Traffic,614,584,95.1,
,,Wildlife,109,105,96.3,
,,Environmental,23,23,100,
,,All other offenses,345,178,51.6,
Weapons offenses,,,"6,793","1,553",22.9,%
Immigration offenses,,,"35,177","3,974",11.3,%
Note: Murder includes non-negligent manslaughter; sexual abuse includes only violent sex offenses; fraud excludes tax fraud; larceny excludes transportation of stolen property; other property offenses excludes fraudulent property offenses and includes destruction of property and trespassing; tax-law violations includes tax fraud; and all other offenses includes unclassifiable offenses.,,,,,,
^Too few cases to provide a reliable estimate.,,,,,,
a/Includes defendants who were detained at some time prior to trial and defendants for whom release status data were unavailable. ,,,,,,
b/Includes offenders for whom an offense category could not be determined: 743 for all admissions and 332 for releases.,,,,,,
c/Excludes sexual abuse. See Terms and definitions.,,,,,,
"Source: Bureau of Justice Statistics, based on data from the Administrative Office of the U.S. Courts, Probation and Pretrial Services Automated Case Tracking System, fiscal year 2015.",,,,,,
