Bureau of Justice Statistics,,,,,,
Filename: fjs15stt4.1.csv,,,,,,
"Table 4.1. Defendants in criminal cases filed, by offense, FY 2015",,,,,,
"Report title: Federal Justice Statistics, 2015 � Statistical Tables� NCJ 251771",,,,,,
"Data Source: Bureau of Justice Statistics, based on data from the Administrative Office of the U.S. Courts, Criminal Master File, fiscal year 2015",,,,,,
"Author: Mark Motivans, Ph.D., BJS Statistician",,,,,,
Refer questions to: askbjs@usdoj.gov 202-307-0765,,,,,,
Date of version: 12/29/2020,,,,,,
 ,,,,,,
"Table 4.1. Defendants in criminal cases filed, by offense, FY 2015",,,,,,
Most serious offense charged,,,,Number,Percent,
,All offenses,,,"78,742",100,%
Felonies,,,,"70,484",89.5,%
,Violent offenses,,,"2,815",3.6,
,,Murder,,135,0.2,
,,Assault,,742,0.9,
,,Robbery,,848,1.1,
,,Sexual abuse,,985,1.3,
,,Kidnapping,,89,0.1,
,,Threats against the President,,16,<0.1,
,Property offenses,,,"10,379",13.2,
,,Fraudulent,,"8,766",11.1,
,,,Embezzlement,358,0.5,
,,,Fraud,"7,883",10,
,,,Forgery,17,<0.1,
,,,Counterfeiting,508,0.6,
,,Other,,"1,613",2,
,,,Burglary,44,0.1,
,,,Larceny,"1,276",1.6,
,,,Motor-vehicle theft,8,<0.1,
,,,Arson/explosives,135,0.2,
,,,Transportation of stolen property,84,0.1,
,,,Other property offenses,66,0.1,
,Drug offenses,,,"23,524",29.9,
,,Trafficking,,"23,496",29.8,
,,Possession/other drug offenses,,28,<0.1,
,Public-order offenses,,,"6,493",8.2,
,,Regulatory,,795,1,
,,,Agriculture,0,...,
,,,Antitrust,37,<0.1,
,,,Food/drug,38,<0.1,
,,,Transportation,128,0.2,
,,,Civil rights,62,0.1,
,,,Communications,15,<0.1,
,,,Customs laws,56,0.1,
,,,Postal laws,40,0.1,
,,,Other regulatory offenses,419,0.5,
,,Other,,"5,698",7.2,
,,,Tax-law violations,434,0.6,
,,,Bribery,93,0.1,
,,,Perjury/contempt/intimidation,266,0.3,
,,,National defense,107,0.1,
,,,Escape,504,0.6,
,,,Racketeering/extortion,"1,664",2.1,
,,,Gambling,41,0.1,
,,,Liquor offenses,0,...,
,,,Other sex offenses*,"1,882",2.4,
,,,Traffic,12,<0.1,
,,,Wildlife,65,0.1,
,,,Environmental,26,<0.1,
,,,Other offenses,604,0.8,
,Weapons offenses,,,"6,691",8.5,
,Immigration offenses,,,"20,582",26.1,
Misdemeanors,,,,"8,258",10.5,%
,Fraudulent property offenses,,,504,0.6,
,Larceny,,,898,1.1,
,Drug possession,,,"2,574",3.3,
,Immigration offenses,,,72,0.1,
,Traffic ,,,"2,556",3.2,
,Other misdemeanors,,,"1,654",2.1,
Note: Murder includes non-negligent manslaughter; sexual abuse includes only violent sex offenses; fraud excludes tax fraud; larceny excludes transportation of stolen property; other property offenses excludes fraudulent property offenses and includes destruction of property and trespassing; tax-law violations includes tax fraud; other felonies and other misdemeanors include unclassifiable offenses; ,,,,,,
and drug possession includes other drug misdemeanors. Details may not sum to totals due to rounding.,,,,,,
...Not available. No cases of this type occurred.,,,,,,
*Excludes sexual abuse. See Terms and definitions.,,,,,,
"Source: Bureau of Justice Statistics, based on data from the Administrative Office of the U.S. Courts, Criminal Master File, fiscal year 2015.",,,,,,
