Bureau of Justice Statistics,,,,,,,,,,,,,,,,,,
Filename: fjs15stt7.1.csv,,,,,,,,,,,,,,,,,,
"Table 7.1. Offenders under federal supervision, by offense and type of supervision, FY 2015",,,,,,,,,,,,,,,,,,
"Report title: Federal Justice Statistics, 2015 � Statistical Tables� NCJ 251771",,,,,,,,,,,,,,,,,,
"Data Source: Bureau of Justice Statistics, based on data from the Administrative Office of the U.S. Courts, Probation and Pretrial Services Automated Case Tracking System, fiscal year 2015",,,,,,,,,,,,,,,,,,
"Author: Mark Motivans, Ph.D., BJS Statistician",,,,,,,,,,,,,,,,,,
Refer questions to: askbjs@usdoj.gov 202-307-0765,,,,,,,,,,,,,,,,,,
Date of version: 12/29/2020,,,,,,,,,,,,,,,,,,
 ,,,,,,,,,,,,,,,,,,
"Table 7.1. Offenders under federal supervision, by offense and type of supervision, FY 2015",,,,,,,,,,,,,,,,,,
,,,,,,,,Type of supervision,,,,,,,,,,
,,,,Total offenders under supervision,,,,Probation,,,,Supervised release,,,,Parole,,
Most serious offense ,,,,Number,Percent,,,Number,Percent,,,Number,Percent,,,Number,Percent,
,All offenses/a,,,"132,917",100,%,,"19,121",100,%,,"112,567",100,%,,"1,229",100,%
Felonies/b,,,,"128,231",96.6,%,,"14,927",78.3,%,,"112,077",99.6,%,,"1,227",100,%
,Violent offenses,,,"6,279",4.7,,,322,1.7,,,"5,206",4.6,,,751,61.2,
,,Murder,,789,0.6,,,39,0.2,,,429,0.4,,,321,26.2,
,,Assault,,963,0.7,,,117,0.6,,,776,0.7,,,70,5.7,
,,Robbery,,"3,064",2.3,,,78,0.4,,,"2,804",2.5,,,182,14.8,
,,Sexual abuse,,"1,269",1,,,67,0.4,,,"1,060",0.9,,,142,11.6,
,,Kidnapping,,149,0.1,,,9,<0.1,,,104,0.1,,,36,2.9,
,,Threats against the President,,45,<0.1,,,12,0.1,,,33,<0.1,,,0,...,
,Property offenses,,,"25,986",19.6,,,"7,558",39.7,,,"18,351",16.3,,,77,6.3,
,,Fraudulent,,"21,951",16.5,,,"5,767",30.3,,,"16,160",14.4,,,24,2,
,,,Embezzlement,"1,268",1,,,468,2.5,,,800,0.7,,,0,...,
,,,Fraud,"19,121",14.4,,,"4,899",25.7,,,"14,204",12.6,,,18,1.5,
,,,Forgery,48,<0.1,,,21,0.1,,,25,<0.1,,,2,<0.1,
,,,Counterfeiting,"1,514",1.1,,,379,2,,,"1,131",1,,,4,<0.1,
,,Other,,"4,035",3,,,"1,791",9.4,,,"2,191",1.9,,,53,4.3,
,,,Burglary,117,0.1,,,14,0.1,,,85,0.1,,,18,1.5,
,,,Larceny,"3,000",2.3,,,"1,635",8.6,,,"1,341",1.2,,,24,2,
,,,Motor-vehicle theft,247,0.2,,,14,0.1,,,226,0.2,,,7,<0.1,
,,,Arson/explosives,353,0.3,,,40,0.2,,,309,0.3,,,4,<0.1,
,,,Transportation of stolen property,255,0.2,,,64,0.3,,,191,0.2,,,0,...,
,,,Other property offenses,63,<0.1,,,24,0.1,,,39,<0.1,,,0,...,
,Drug offenses,,,"63,439",47.8,,,"3,041",16,,,"60,197",53.5,,,201,16.4,
,,Trafficking,,"47,465",35.8,,,"2,347",12.3,,,"44,957",40,,,161,13.1,
,,Possession/other drug offenses,,"15,974",12,,,694,3.6,,,"15,240",13.5,,,40,3.3,
,Public-order offenses,,,"13,191",9.9,,,"2,361",12.4,,,"10,714",9.5,,,116,9.5,
,,Regulatory,,"1,829",1.4,,,887,4.7,,,932,0.8,,,10,<0.1,
,,,Agriculture,3,<0.1,,,2,<0.1,,,1,<0.1,,,0,...,
,,,Antitrust,20,<0.1,,,11,0.1,,,9,<0.1,,,0,...,
,,,Food/drug,90,0.1,,,57,0.3,,,33,<0.1,,,0,...,
,,,Transportation,172,0.1,,,95,0.5,,,76,0.1,,,1,<0.1,
,,,Civil rights,102,0.1,,,16,0.1,,,80,0.1,,,6,<0.1,
,,,Communications,45,<0.1,,,20,0.1,,,25,<0.1,,,0,...,
,,,Customs laws,196,0.1,,,53,0.3,,,143,0.1,,,0,...,
,,,Postal laws,54,<0.1,,,40,0.2,,,14,<0.1,,,0,...,
,,,Other regulatory offenses,"1,147",0.9,,,593,3.1,,,551,0.5,,,3,<0.1,
,,Other,,"11,362",8.6,,,"1,474",7.7,,,"9,782",8.7,,,106,8.6,
,,,Tax-law violations,"1,027",0.8,,,473,2.5,,,553,0.5,,,1,<0.1,
,,,Bribery,284,0.2,,,95,0.5,,,188,0.2,,,1,<0.1,
,,,Perjury/contempt/intimidation,291,0.2,,,74,0.4,,,216,0.2,,,1,<0.1,
,,,National defense,192,0.1,,,51,0.3,,,136,0.1,,,5,<0.1,
,,,Escape,242,0.2,,,22,0.1,,,217,0.2,,,3,<0.1,
,,,Racketeering/extortion,"2,060",1.6,,,317,1.7,,,"1,721",1.5,,,22,1.8,
,,,Gambling,44,<0.1,,,33,0.2,,,11,<0.1,,,0,...,
,,,Other sex offenses/c,"6,761",5.1,,,166,0.9,,,"6,526",5.8,,,69,5.6,
,,,Wildlife,61,<0.1,,,43,0.2,,,17,<0.1,,,1,<0.1,
,,,Environmental,55,<0.1,,,32,0.2,,,23,<0.1,,,0,...,
,,,All other felonies,345,0.3,,,168,0.9,,,174,0.2,,,3,<0.1,
,Weapons offenses,,,"15,759",11.9,,,920,4.8,,,"14,761",13.1,,,78,6.4,
,Immigration offenses,,,"3,577",2.7,,,725,3.8,,,"2,848",2.5,,,4,<0.1,
Misdemeanors,,,,"4,532",3.4,%,,"4,128",21.7,%,,404,0.4,%,,0,...,
,Fraudulent property offenses,,,328,0.2,,,292,1.5,,,36,<0.1,,,0,...,
,Larceny,,,585,0.4,,,551,2.9,,,34,<0.1,,,0,...,
,Drug possession,,,664,0.5,,,584,3.1,,,80,0.1,,,0,...,
,Immigration misdemeanors,,,137,0.1,,,137,0.7,,,0,...,,,0,...,
,Traffic,,,"1,462",1.1,,,"1,416",7.4,,,46,<0.1,,,0,...,
,Other misdemeanors,,,"1,356",1,,,"1,148",6,,,208,0.2,,,0,...,
"Note: Federal offender populations are shown as of September 30, 2015. Murder includes non-negligent manslaughter; sexual abuse includes only violent sex offenses; fraud excludes tax fraud; larceny excludes transportation of stolen property; other property offenses excludes fraudulent property offenses and includes destruction of property and trespassing; tax-law violations includes tax fraud; other felonies and other misdemeanors include unclassifiable offenses; and drug possession includes other drug misdemeanors.",,,,,,,,,,,,,,,,,,
...Not available. No cases of this type occurred.,,,,,,,,,,,,,,,,,,
a/Total includes offenders whose offense category could not be determined.,,,,,,,,,,,,,,,,,,
"b/An offense category could not be determined for 154 felony offenders, including 66 offenders under probation, 86 under supervised release, and 2 under parole. ",,,,,,,,,,,,,,,,,,
c/Excludes sexual abuse. See Terms and definitions.,,,,,,,,,,,,,,,,,,
"Source: Bureau of Justice Statistics, based on data from the Administrative Office of the U.S. Courts, Probation and Pretrial Services Automated Case Tracking System, fiscal year 2015.",,,,,,,,,,,,,,,,,,
