"Bureau of Justice Statistics",,,,,,,,
"filename:  cpu96722.csv",,,,,,,,
"table #:  7.22",,,,,,,,
"report title:  Correctional Populations in the United States, 1996 chapter 7 NCJ 170013",,,,,,,,
"data source:  National Prisoner Statistics-8",,,,,,,,
"author:  Tracy L. Snell",,,,,,,,
"refer questions to:  askbjs@ojp.usdoj.gov (202) 307-0765",,,,,,,,
"date of version: 4/05/99",,,,,,,,
,,,,,,,,
,,,,,,,,
"Table 7.22.  Legal status at time of capital offense for prisoners  removed from death row, by race, 1996",,,,,,,,
,,,,,,,,
,"Prisoners under sentence of death who had the following legal status when they committed capital crimes",,,,,,,
"Region","Not charged with or sen-","Charged with","Under sentence for another crime",,,,,"Legal status"
"and State","tenced for another crime","another crime","Total/a","On probation","On parole","Escaped","In prison","not reported"
,,,,,,,,
"All prisoners",,,,,,,,
"U.S. total/b,c",75,5,50,14,26,3,6,14
,,,,,,,,
"Northeast",3,0,4,1,3,0,0,1
"Connecticut",1,0,0,0,0,0,0,0
"New Jersey",2,0,0,0,0,0,0,0
"Pennsylvania",0,0,4,1,3,0,0,1
,,,,,,,,
"Midwest",18,1,6,0,4,0,2,0
"Illinois",6,0,3,0,3,0,0,0
"Indiana",3,0,0,0,0,0,0,0
"Missouri",5,0,3,0,1,0,2,0
"Nebraska",1,0,0,0,0,0,0,0
"Ohio",3,0,0,0,0,0,0,0
"South Dakota",0,1,0,0,0,0,0,0
,,,,,,,,
"South",44,3,32,11,14,3,3,11
"Alabama",7,0,3,1,1,1,0,1
"Arkansas",3,0,0,0,0,0,0,0
"Delaware",1,0,2,0,1,0,0,0
"Florida",10,1,4,0,2,1,1,1
"Georgia",5,0,4,3,0,0,1,0
"Kentucky",1,0,0,0,0,0,0,0
"Louisiana",1,0,0,0,0,0,0,1
"Maryland",0,0,0,0,0,0,0,1
"Mississippi",2,0,1,0,1,0,0,0
"North Carolina",2,0,0,0,0,0,0,0
"Oklahoma",3,1,6,3,3,0,0,2
"South Carolina",1,0,3,1,1,1,0,3
"Tennessee",5,0,1,1,0,0,0,2
"Texas",2,0,1,0,1,0,0,0
"Virginia",1,1,7,2,4,0,1,0
,,,,,,,,
"West",9,1,8,2,5,0,1,2
"Arizona",1,0,1,0,0,0,1,0
"California",1,0,2,0,2,0,0,2
"Idaho",2,0,0,0,0,0,0,0
"Montana",0,1,0,0,0,0,0,0
"Nevada",3,0,1,1,0,0,0,0
"New Mexico",0,0,1,1,0,0,0,0
"Oregon",1,0,2,0,2,0,0,0
"Utah",1,0,1,0,1,0,0,0
,,,,,,,,
"Black prisoners",,,,,,,,
"U.S. total",27,2,18,3,12,2,1,7
,,,,,,,,
"Northeast",2,0,2,0,2,0,0,0
"New Jersey",2,0,0,0,0,0,0,0
"Pennsylvania",0,0,2,0,2,0,0,0
,,,,,,,,
"Midwest",8,0,3,0,3,0,0,0
"Illinois",5,0,2,0,2,0,0,0
"Indiana",1,0,0,0,0,0,0,0
"Missouri",1,0,1,0,1,0,0,0
"Ohio",1,0,0,0,0,0,0,0
,,,,,,,,
"South",17,2,12,3,6,2,1,6
"Alabama",3,0,1,0,0,1,0,1
"Arkansas",1,0,0,0,0,0,0,0
"Delaware",1,0,0,0,0,0,0,0
"Florida",3,1,2,0,2,0,0,1
"Georgia",1,0,3,2,0,0,1,0
"Louisiana",1,0,0,0,0,0,0,1
"Maryland",0,0,0,0,0,0,0,1
"Mississippi",2,0,1,0,1,0,0,0
"North Carolina",1,0,0,0,0,0,0,0
"Oklahoma",1,0,2,1,1,0,0,0
"South Carolina",0,0,1,0,0,1,0,0
"Tennessee",2,0,0,0,0,0,0,2
"Texas",1,0,0,0,0,0,0,0
"Virginia",0,1,2,0,2,0,0,0
,,,,,,,,
"West",0,0,1,0,1,0,0,1
"California",0,0,0,0,0,0,0,1
"Oregon",0,0,1,0,1,0,0,0
,,,,,,,,
"White prisoners/c",,,,,,,,
"U.S. total",46,2,32,11,14,1,5,6
,,,,,,,,
"Northeast",1,0,2,1,1,0,0,1
"Connecticut",1,0,0,0,0,0,0,0
"Pennsylvania",0,0,2,1,1,0,0,1
,,,,,,,,
"Midwest",10,1,3,0,1,0,2,0
"Illinois",1,0,1,0,1,0,0,0
"Indiana",2,0,0,0,0,0,0,0
"Missouri",4,0,2,0,0,0,2,0
"Nebraska",1,0,0,0,0,0,0,0
"Ohio",2,0,0,0,0,0,0,0
"South Dakota",0,1,0,0,0,0,0,0
,,,,,,,,
"South",25,1,20,8,8,1,2,4
"Alabama",3,0,2,1,1,0,0,0
"Arkansas",2,0,0,0,0,0,0,0
"Delaware",0,0,2,0,1,0,0,0
"Florida",7,0,2,0,0,1,1,0
"Georgia",4,0,1,1,0,0,0,0
"Kentucky",1,0,0,0,0,0,0,0
"North Carolina",1,0,0,0,0,0,0,0
"Oklahoma",1,1,4,2,2,0,0,1
"South Carolina",1,0,2,1,1,0,0,3
"Tennessee",3,0,1,1,0,0,0,0
"Texas",1,0,1,0,1,0,0,0
"Virginia",1,0,5,2,2,0,1,0
,,,,,,,,
"West",9,0,7,2,4,0,1,1
"Arizona",1,0,1,0,0,0,1,0
"California",1,0,2,0,2,0,0,1
"Idaho",2,0,0,0,0,0,0,0
"Nevada",3,0,1,1,0,0,0,0
"New Mexico",0,0,1,1,0,0,0,0
"Oregon",1,0,1,0,1,0,0,0
"Utah",1,0,1,0,1,0,0,0
,,,,,,,,
" Note:  The following States with death penalty statutes reported no prisoners leaving death row in 1996:  Colorado, Kansas,",,,,,,,,
"New Hampshire, New York, Washington, and Wyoming.",,,,,,,,
"a/Includes 1 white male removed from under sentence of death in Delaware who was on work release at the time of the capital offense.",,,,,,,,
"b/Includes 3 American Indians and 1 Asian.  Alabama removed from death row 1 American Indian who was not charged with or",,,,,,,,
"sentenced for another crime at the time of the capital offense.  Montana removed 1 American Indian who had been charged with",,,,,,,,
"another crime at the time of his capital offense.  Oklahoma  removed from death row 1 American Indian whose legal status at",,,,,,,,
"the time of offense was not known.  Oklahoma removed 1 Asian who had no charges pending at the time of the offense.",,,,,,,,
"c/Includes 1 white male removed from under a Federal death sentence who had no charges pending at the time of the capital offense.",,,,,,,,
