"Bureau of Justice Statistics",,,,,,,,,,,,,,,,,,,
"filename:  cpu96702.csv",,,,,,,,,,,,,,,,,,,
"table #:  7.2",,,,,,,,,,,,,,,,,,,
"report title:  Correctional Populations in the United States, 1996 chapter 7 NCJ 170013",,,,,,,,,,,,,,,,,,,
"data source:  National Prisoner Statistics-8",,,,,,,,,,,,,,,,,,,
"author:  Tracy L. Snell",,,,,,,,,,,,,,,,,,,
"refer questions to:  askbjs@ojp.usdoj.gov (202) 307-0765",,,,,,,,,,,,,,,,,,,
"date of version:  12/08/97",,,,,,,,,,,,,,,,,,,
,,,,,,,,,,,,,,,,,,,
"Table 7.2.  Movement of all prisoners under sentence of death, by race, 1996",,,,,,,,,,,,,,,,,,,
,,,,,,,,,,,,,,,,,,,
,"Prisoners under sentence of death",,,,,,,,,,,,,,,,,,
,"Under death           ",,,,"Received from",,,,"Executed",,,"Death sentence ",,,,"Under death           ",,,
"Region","sentence 12/31/95",,,,"court in 1996",,,,"in 1996",,,"removed in 1996/a",,,,"sentence 12/31/96",,,
"and State","Total","White","Black","Other","Total","White","Black","Other/b","Total","White","Black","Total","White","Black","Other/b","Total","White","Black","Other/b"
,,,,,,,,,,,,,,,,,,,
"U.S. total",3064,1732,1284,48,299,174,119,6,45,31,14,99,55,40,4,3219,1820,1349,50
,,,,,,,,,,,,,,,,,,,
"Federal",8,3,5,0,4,1,3,0,0,0,0,1,1,0,0,11,3,8,0
"State",3056,1729,1279,48,295,173,116,6,45,31,14,98,54,40,4,3208,1817,1341,50
,,,,,,,,,,,,,,,,,,,
"Northeast",212,73,132,7,14,8,6,0,0,0,0,8,4,4,0,218,77,134,7
"Connecticut",5,2,3,0,0,0,0,0,0,0,0,1,1,0,0,4,1,3,0
"New Jersey",10,4,6,0,3,1,2,0,0,0,0,2,0,2,0,11,5,6,0
"Pennsylvania",197,67,123,7,11,7,4,0,0,0,0,5,3,2,0,203,71,125,7
,,,,,,,,,,,,,,,,,,,
"Midwest",459,223,234,2,47,26,21,0,9,5,4,16,9,7,0,481,235,244,2
"Illinois",154,56,98,0,16,7,9,0,1,0,1,8,2,6,0,161,61,100,0
"Indiana",45,30,15,0,3,2,1,0,1,0,1,2,2,0,0,45,30,15,0
"Missouri",92,51,41,0,9,5,4,0,6,4,2,2,2,0,0,93,50,43,0
"Nebraska",10,7,2,1,2,2,0,0,1,1,0,0,0,0,0,11,8,2,1
"Ohio",156,77,78,1,17,10,7,0,0,0,0,3,2,1,0,170,85,84,1
"South Dakota",2,2,0,0,0,0,0,0,0,0,0,1,1,0,0,1,1,0,0
,,,,,,,,,,,,,,,,,,,
"South",1701,972,708,21,168,95,70,3,29,19,10,61,31,27,3,1779,1017,741,21
"Alabama",143,82,59,2,19,12,7,0,1,0,1,10,5,4,1,151,89,61,1
"Arkansas",38,23,15,0,5,1,4,0,1,1,0,2,1,1,0,40,22,18,0
"Delaware",14,7,7,0,0,0,0,0,3,2,1,0,0,0,0,11,5,6,0
"Florida",364,227,137,0,25,17,8,0,2,0,2,14,9,5,0,373,235,138,0
"Georgia",99,56,43,0,6,4,2,0,2,2,0,7,3,4,0,96,55,41,0
"Kentucky",28,22,6,0,2,1,1,0,0,0,0,1,1,0,0,29,22,7,0
"Louisiana",56,20,36,0,9,2,7,0,1,0,1,1,0,1,0,63,22,41,0
"Maryland",13,2,11,0,7,2,5,0,0,0,0,1,0,1,0,19,4,15,0
"Mississippi",51,21,30,0,9,5,4,0,0,0,0,3,0,3,0,57,26,31,0
"North Carolina",138,67,69,2,25,11,13,1,0,0,0,2,1,1,0,161,77,81,3
"Oklahoma",129,77,41,11,16,10,4,2,2,2,0,10,5,3,2,133,80,42,11
"South Carolina",67,33,34,0,8,3,5,0,6,5,1,1,1,0,0,68,30,38,0
"Tennessee",96,64,30,2,3,3,0,0,0,0,0,8,4,4,0,91,63,26,2
"Texas/c",408,242,162,4,33,23,10,0,3,2,1,0,0,0,0,438,263,171,4
"Virginia",57,29,28,0,1,1,0,0,8,5,3,1,1,0,0,49,24,25,0
,,,,,,,,,,,,,,,,,,,
"West",684,461,205,18,66,44,19,3,7,7,0,13,10,2,1,730,488,222,20
"Arizona",118,98,14,6,5,5,0,0,2,2,0,0,0,0,0,121,101,14,6
"California",420,251,160,9,39,25,12,2,2,2,0,3,2,1,0,454,272,171,11
"Colorado",4,3,1,0,1,0,1,0,0,0,0,0,0,0,0,5,3,2,0
"Idaho",19,19,0,0,1,1,0,0,0,0,0,2,2,0,0,18,18,0,0
"Montana",6,5,0,1,2,1,0,1,0,0,0,1,0,0,1,7,6,0,1
"Nevada",75,48,26,1,10,4,6,0,1,1,0,3,3,0,0,81,48,32,1
"New Mexico",3,3,0,0,2,2,0,0,0,0,0,1,1,0,0,4,4,0,0
"Oregon",20,18,1,1,3,3,0,0,1,1,0,2,1,1,0,20,19,0,1
"Utah",10,8,2,0,1,1,0,0,1,1,0,1,1,0,0,9,7,2,0
"Washington",9,8,1,0,2,2,0,0,0,0,0,0,0,0,0,11,10,1,0
,,,,,,,,,,,,,,,,,,,
"Note:  The following States with death penalty statutes reported no prisoners under sentence of death in 1996:  New Hampshire, Kansas, and Wyoming. ",,,,,,,,,,,,,,,,,,,
"a/Dispositions of death sentences other than by execution included dismissal of indictment, reversal of judgment, commutation, resentencing, order of a new trial, and death.",,,,,,,,,,,,,,,,,,,
"Three American Indians, 1 each in Alabama, Oklahoma and Montana, had their sentences overturned by an appellate court and were awaiting resentencing.",,,,,,,,,,,,,,,,,,,
"An Asian inmate in Oklahoma had his sentence overturned by an appellate court and was awaiting resentencing.    ",,,,,,,,,,,,,,,,,,,
"b/Five American Indians and one Asian were received from court; 3 American Indians and 1 Asian had their death sentences removed; 24 American Indians, 18 Asians,",,,,,,,,,,,,,,,,,,,
"and 8 inmates of unspecified race were under a sentence of death at yearend. ",,,,,,,,,,,,,,,,,,,
"c/Race has been changed from that originally reported for 2 inmates:  1 from Asian to white, and 1 from white to black.",,,,,,,,,,,,,,,,,,,
