"Bureau of Justice Statistics",,,,,,,
"filename:  cpu96710.csv",,,,,,,
"table #:  7.10",,,,,,,
"report title:  Correctional Populations in the United States, 1996 chapter 7 NCJ 170013",,,,,,,
"data source:  National Prisoner Statistics-8",,,,,,,
"author:  Tracy L. Snell",,,,,,,
"refer questions to:  askbjs@ojp.usdoj.gov (202) 307-0765",,,,,,,
"date of version:  12/08/97",,,,,,,
,,,,,,,
"Table 7.10.  Felony history of prisoners under sentence of death, by race, 1996",,,,,,,
,,,,,,,
,"Prisoners under sentence of death",,,,,,
,,"With prior felony convictions",,,,"With",
"Region",,"Total with","Criminal ","Other","Type of offen-","no prior","Felony history"
"and State","Total","prior felonies","homicide","offenses","ses unreported","felonies","not reported"
,,,,,,,
"All prisoners",,,,,,,
"U.S. total",3219,1953,268,1587,98,1018,248
,,,,,,,
"Federal",11,5,0,4,1,6,0
"State",3208,1948,268,1583,97,1012,248
,,,,,,,
"Northeast",218,119,20,87,12,57,42
"Connecticut",4,1,0,0,1,2,1
"New Jersey",11,6,1,5,0,3,2
"Pennsylvania",203,112,19,82,11,52,39
,,,,,,,
"Midwest",481,263,40,209,14,183,35
"Illinois",161,98,17,79,2,55,8
"Indiana",45,24,3,21,0,21,0
"Missouri",93,47,8,34,5,36,10
"Nebraska",11,7,3,3,1,4,0
"Ohio",170,86,9,71,6,67,17
"South Dakota",1,1,0,1,0,0,0
,,,,,,,
"South",1779,1083,141,883,59,562,134
"Alabama",151,88,16,68,4,41,22
"Arkansas",40,30,4,25,1,10,0
"Delaware",11,7,0,7,0,4,0
"Florida",373,257,33,202,22,92,24
"Georgia",96,66,7,58,1,28,2
"Kentucky",29,15,2,12,1,14,0
"Louisiana",63,28,3,25,0,32,3
"Maryland",19,9,1,8,0,2,8
"Mississippi",57,31,2,29,0,21,5
"North Carolina",161,102,18,83,1,58,1
"Oklahoma",133,82,15,59,8,45,6
"South Carolina",68,34,2,32,0,31,3
"Tennessee",91,50,5,39,6,29,12
"Texas",438,250,28,207,15,140,48
"Virginia",49,34,5,29,0,15,0
,,,,,,,
"West",730,483,67,404,12,210,37
"Arizona",121,63,5,53,5,44,14
"California",454,315,49,259,7,125,14
"Colorado",5,5,0,5,0,0,0
"Idaho",18,10,0,10,0,7,1
"Montana",7,5,4,1,0,0,2
"Nevada",81,51,6,45,0,28,2
"New Mexico",4,1,0,1,0,3,0
"Oregon",20,15,0,15,0,3,2
"Utah",9,8,2,6,0,0,1
"Washington",11,10,1,9,0,0,1
,,,,,,,
"White prisoners",,,,,,,
"U.S. total",1820,1055,136,864,55,626,139
,,,,,,,
"Federal",3,1,0,1,0,2,0
"State",1817,1054,136,863,55,624,139
,,,,,,,
"Northeast",77,34,6,26,2,26,17
"Connecticut",1,0,0,0,0,1,0
"New Jersey",5,1,0,1,0,3,1
"Pennsylvania",71,33,6,25,2,22,16
,,,,,,,
"Midwest",235,115,12,100,3,104,16
"Illinois",61,34,4,29,1,25,2
"Indiana",30,18,1,17,0,12,0
"Missouri",50,20,2,17,1,26,4
"Nebraska",8,5,2,3,0,3,0
"Ohio",85,37,3,33,1,38,10
"South Dakota",1,1,0,1,0,0,0
,,,,,,,
"South",1017,596,74,481,41,340,81
"Alabama",89,53,11,39,3,23,13
"Arkansas",22,14,3,11,0,8,0
"Delaware",5,4,0,4,0,1,0
"Florida",235,152,17,121,14,65,18
"Georgia",55,37,4,32,1,18,0
"Kentucky",22,12,2,9,1,10,0
"Louisiana",22,8,2,6,0,13,1
"Maryland",4,1,0,1,0,1,2
"Mississippi",26,12,0,12,0,10,4
"North Carolina",77,50,13,37,0,27,0
"Oklahoma",80,46,6,33,7,29,5
"South Carolina",30,19,1,18,0,11,0
"Tennessee",63,34,1,28,5,23,6
"Texas",263,143,12,121,10,88,32
"Virginia",24,11,2,9,0,13,0
,,,,,,,
"West",488,309,44,256,9,154,25
"Arizona",101,50,5,40,5,40,11
"California",272,181,29,148,4,83,8
"Colorado",3,3,0,3,0,0,0
"Idaho",18,10,0,10,0,7,1
"Montana",6,4,3,1,0,0,2
"Nevada",48,30,5,25,0,18,0
"New Mexico",4,1,0,1,0,3,0
"Oregon",19,14,0,14,0,3,2
"Utah",7,7,2,5,0,0,0
"Washington",10,9,0,9,0,0,1
,,,,,,,
"Black prisoners",,,,,,,
"U.S. total",1349,874,127,706,41,370,105
,,,,,,,
"Federal",8,4,0,3,1,4,0
"State",1341,870,127,703,40,366,105
,,,,,,,
"Northeast",134,82,14,58,10,28,24
"Connecticut",3,1,0,0,1,1,1
"New Jersey",6,5,1,4,0,0,1
"Pennsylvania",125,76,13,54,9,27,22
,,,,,,,
"Midwest",244,148,28,109,11,77,19
"Illinois",100,64,13,50,1,30,6
"Indiana",15,6,2,4,0,9,0
"Missouri",43,27,6,17,4,10,6
"Nebraska",2,2,1,0,1,0,0
"Ohio",84,49,6,38,5,28,7
,,,,,,,
"South",741,477,65,395,17,212,52
"Alabama",61,35,5,29,1,17,9
"Arkansas",18,16,1,14,1,2,0
"Delaware",6,3,0,3,0,3,0
"Florida",138,105,16,81,8,27,6
"Georgia",41,29,3,26,0,10,2
"Kentucky",7,3,0,3,0,4,0
"Louisiana",41,20,1,19,0,19,2
"Maryland",15,8,1,7,0,1,6
"Mississippi",31,19,2,17,0,11,1
"North Carolina",81,49,5,43,1,31,1
"Oklahoma",42,31,7,23,1,10,1
"South Carolina",38,15,1,14,0,20,3
"Tennessee",26,15,4,11,0,6,5
"Texas",171,106,16,85,5,49,16
"Virginia",25,23,3,20,0,2,0
,,,,,,,
"West",222,163,20,141,2,49,10
"Arizona",14,10,0,10,0,3,1
"California",171,128,18,108,2,37,6
"Colorado",2,2,0,2,0,0,0
"Nevada",32,21,1,20,0,9,2
"Utah",2,1,0,1,0,0,1
"Washington",1,1,1,0,0,0,0
,,,,,,,
"Other prisoners*",,,,,,,
"U.S. total",50,24,5,17,2,22,4
,,,,,,,
"Northeast",7,3,0,3,0,3,1
"Pennsylvania",7,3,0,3,0,3,1
,,,,,,,
"Midwest",2,0,0,0,0,2,0
"Nebraska",1,0,0,0,0,1,0
"Ohio",1,0,0,0,0,1,0
,,,,,,,
"South",21,10,2,7,1,10,1
"Alabama",1,0,0,0,0,1,0
"North Carolina",3,3,0,3,0,0,0
"Oklahoma",11,5,2,3,0,6,0
"Tennessee",2,1,0,0,1,0,1
"Texas",4,1,0,1,0,3,0
,,,,,,,
"West",20,11,3,7,1,7,2
"Arizona",6,3,0,3,0,1,2
"California",11,6,2,3,1,5,0
"Montana",1,1,1,0,0,0,0
"Nevada",1,0,0,0,0,1,0
"Oregon",1,1,0,1,0,0,0
,,,,,,,
"Note: Of 39 jurisdictions with a death penalty statute, the following States reported no prisoners on death row",,,,,,,
"at yearend 1996:  New Hampshire, New York, Kansas, and Wyoming.",,,,,,,
"*""Other prisoners"" includes 24 American Indians, 18 Asians, and 8 inmates of unspecified race.",,,,,,,
