"Bureau of Justice Statistics",,,,,,,
"filename:  cpu9677.csv",,,,,,,
"table #:  7.7",,,,,,,
"report title:  Correctional Populations in the United States, 1996 chapter 7 NCJ 170013",,,,,,,
"data source:  National Prisoner Statistics-8",,,,,,,
"author:  Tracy L. Snell",,,,,,,
"refer questions to:  askbjs@ojp.usdoj.gov (202) 307-0765",,,,,,,
"date of version:  12/08/97",,,,,,,
,,,,,,,
"Table 7.7.  Level of education completed by prisoners under sentence of death, 1996",,,,,,,
,,,,,,,
,"Prisoners under sentence of death",,,,,,
"Region","Total","7th grade",,"9th to",,"Any","Not"
"and State","number","or less","8th grade","11th grade","12th grade","college","reported"
,,,,,,,
"U.S. total",3219,196,199,1026,1034,280,484
,,,,,,,
"Federal",11,0,1,2,1,1,6
"State",3208,196,198,1024,1033,279,478
,,,,,,,
"Northeast",218,19,10,55,69,15,50
"Connecticut",4,0,0,1,3,0,0
"New Jersey",11,2,1,2,0,1,5
"Pennsylvania",203,17,9,52,66,14,45
,,,,,,,
"Midwest",481,14,24,177,140,49,77
"Illinois",161,3,6,66,43,18,25
"Indiana",45,3,5,18,19,0,0
"Missouri",93,1,4,35,26,8,19
"Nebraska",11,1,1,2,3,4,0
"Ohio",170,6,8,56,48,19,33
"South Dakota",1,0,0,0,1,0,0
,,,,,,,
"South",1779,130,143,577,539,117,273
"Alabama",151,9,15,38,52,8,29
"Arkansas",40,2,1,17,12,4,4
"Delaware",11,0,1,4,0,0,6
"Florida",373,27,29,106,110,26,75
"Georgia",96,4,9,31,34,13,5
"Kentucky",29,2,9,5,7,4,2
"Louisiana",63,7,5,24,19,3,5
"Maryland",19,0,0,3,4,3,9
"Mississippi",57,5,5,25,6,4,12
"North Carolina",161,11,23,43,69,14,1
"Oklahoma",133,8,5,65,38,10,7
"South Carolina",68,4,4,12,10,0,38
"Tennessee",91,8,3,16,29,5,30
"Texas",438,37,27,171,132,21,50
"Virginia",49,6,7,17,17,2,0
,,,,,,,
"West",730,33,21,215,285,98,78
"Arizona",121,14,6,34,41,21,5
"California",454,13,12,146,176,54,53
"Colorado",5,0,0,0,5,0,0
"Idaho",18,1,1,3,8,4,1
"Montana",7,0,0,2,4,0,1
"Nevada",81,4,1,20,35,16,5
"New Mexico",4,0,0,2,1,1,0
"Oregon",20,0,1,3,6,1,9
"Utah",9,1,0,3,5,0,0
"Washington",11,0,0,2,4,1,4
,,,,,,,
"Note: Of 39 jurisdictions with a death penalty statute, the following States reported no",,,,,,,
"prisoners on death row at yearend 1996:  New Hampshire, New York, Kansas, and Wyoming.",,,,,,,
