"Bureau of Justice Statistics",,,,,,,,
"filename:  cpu96705.csv",,,,,,,,
"table #:  7.5",,,,,,,,
"report title:  Correctional Populations in the United States, 1996 chapter 7 NCJ 170013",,,,,,,,
"data source:  National Prisoner Statistics-8",,,,,,,,
"author:  Tracy L. Snell",,,,,,,,
"refer questions to:  askbjs@ojp.usdoj.gov (202) 307-0765",,,,,,,,
"date of version:  12/08/97",,,,,,,,
,,,,,,,,
"Table 7.5. Time between sentencing and the yearend for prisoners",,,,,,,,
"under sentence of death, 1996",,,,,,,,
,,,,,,,,
"","Prisoners under sentence of death",,,,,,,
"Region",,"Less than ","12-23","24-35","36-47","48-71","More than","Median num-"
"and State","Total","12 months","months","months","months","months","71 months","ber of months"
,"","","","","","","",
"All prisoners",,,,,,,,
"U.S. total",3219,285,294,277,244,447,1672,75
,,,,,,,,
"Federal",11,4,2,0,4,1,0,13
"State",3208,281,292,277,240,446,1672,75
,,,,,,,,
"Northeast",218,14,22,22,15,34,111,72
"Connecticut",4,0,1,0,1,2,0,"*  "
"New Jersey",11,3,2,1,0,0,5,24
"Pennsylvania",203,11,19,21,14,32,106,77
,,,,,,,,
"Midwest",481,45,40,32,28,66,270,83
"Illinois",161,15,11,9,9,18,99,89
"Indiana",45,2,3,2,2,5,31,117
"Missouri",93,9,9,7,7,18,43,68
"Nebraska",11,2,0,1,0,0,8,183
"Ohio",170,17,17,13,9,25,89,75
"South Dakota",1,0,0,0,1,0,0,"*  "
,,,,,,,,
"South",1779,160,173,175,144,247,880,70
"Alabama",151,17,16,20,6,14,78,79
"Arkansas",40,5,3,6,4,4,18,54
"Delaware",11,0,0,0,5,4,2,48
"Florida",373,22,32,36,25,56,202,80
"Georgia",96,6,6,5,6,11,62,98
"Kentucky",29,2,0,3,1,3,20,135
"Louisiana",63,9,11,5,6,11,21,50
"Maryland",19,7,1,0,1,2,8,50
"Mississippi",57,9,4,6,9,8,21,55
"North Carolina",161,24,24,20,29,24,40,41
"Oklahoma",133,15,15,10,7,14,72,80
"South Carolina",68,8,9,7,7,9,28,64
"Tennessee",91,3,3,4,2,13,66,117
"Texas",438,32,43,43,30,63,227,75
"Virginia",49,1,6,10,6,11,15,50
,,,,,,,,
"West",730,62,57,48,53,99,411,81
"Arizona",121,5,5,11,12,20,68,79
"California",454,39,36,22,33,62,262,85
"Colorado",5,1,1,0,0,1,2,68
"Idaho",18,1,0,1,1,2,13,116
"Montana",7,2,0,0,0,2,3,57
"Nevada",81,8,10,9,3,5,46,77
"New Mexico",4,1,2,0,0,0,1,"*  "
"Oregon",20,2,2,3,2,4,7,53
"Utah",9,1,0,0,1,1,6,105
"Washington",11,2,1,2,1,2,3,41
,,,,,,,,
,"Prisoners under sentence of death",,,,,,,
"Region",,"Less than ","12-23","24-35","36-47","48-71","More than","Median num-"
"and State","Total","12 months","months","months","months","months","71 months","ber of months"
,,,,,,,,
"Black prisoners",,,,,,,,
"U.S. total",1349,114,140,125,118,192,660,69
,,,,,,,,
"Federal",8,3,2,0,3,0,0,12
"State",1341,111,138,125,115,192,660,69
,,,,,,,,
"Northeast",134,6,18,13,6,25,66,70
"Connecticut",3,0,1,0,0,2,0,"*"
"New Jersey",6,2,1,1,0,0,2,21
"Pennsylvania",125,4,16,12,6,23,64,76
,,,,,,,,
"Midwest",244,19,21,13,12,33,146,91
"Illinois",100,8,6,4,4,11,67,97
"Indiana",15,0,0,1,2,1,11,141
"Missouri",43,4,7,2,2,10,18,67
"Nebraska",2,0,0,0,0,0,2,"*"
"Ohio",84,7,8,6,4,11,48,86
,,,,,,,,
"South",741,69,80,83,75,101,333,61
"Alabama",61,7,7,9,0,5,33,81
"Arkansas",18,4,1,2,4,1,6,40
"Delaware",6,0,0,0,1,4,1,49
"Florida",138,8,12,15,13,26,64,66
"Georgia",41,2,2,0,3,6,28,97
"Kentucky",7,1,0,0,0,1,5,127
"Louisiana",41,7,7,3,4,8,12,44
"Maryland",15,5,1,0,0,1,8,86
"Mississippi",31,4,4,3,6,4,10,45
"North Carolina",81,12,13,12,13,9,22,37
"Oklahoma",42,4,5,7,2,7,17,60
"South Carolina",38,5,7,4,4,0,18,45
"Tennessee",26,0,3,3,1,1,18,122
"Texas",171,10,16,17,19,25,84,66
"Virginia",25,0,2,8,5,3,7,40
,,,,,,,,
"West",222,17,19,16,22,33,115,75
"Arizona",14,0,0,2,4,3,5,60
"California",171,12,13,12,16,26,92,81
"Colorado",2,1,1,0,0,0,0,"*"
"Nevada",32,4,5,2,2,3,16,70
"Utah",2,0,0,0,0,0,2,"*"
"Washington",1,0,0,0,0,1,0,"*"
,,,,,,,,
"Other prisoners/a",,,,,,,,
"U.S. total",50,6,3,8,5,3,25,69
,,,,,,,,
"Northeast",7,0,0,2,3,1,1,42
"Pennsylvania",7,0,0,2,3,1,1,42
,,,,,,,,
"Midwest",2,0,0,0,0,0,2,"*"
"Nebraska",1,0,0,0,0,0,1,"*"
"Ohio",1,0,0,0,0,0,1,"*"
,,,,,,,,
"South",21,3,1,3,1,2,11,88
"Alabama",1,0,0,0,0,0,1,"*"
"North Carolina",3,1,0,1,0,0,1,"*"
"Oklahoma",11,2,1,1,1,1,5,67
"Tennessee",2,0,0,0,0,0,2,"*"
"Texas",4,0,0,1,0,1,2,"*"
,,,,,,,,
"West",20,3,2,3,1,0,11,72
"Arizona",6,0,0,3,0,0,3,56
"California",11,2,1,0,0,0,8,111
"Montana",1,1,0,0,0,0,0,"*"
"Nevada",1,0,1,0,0,0,0,"*"
"Oregon",1,0,0,0,1,0,0,"*"
,,,,,,,,
"Note:Of 39 jurisdictions with a death penalty statute,the following States reported no prisoners on death row at yearend",,,,,,,,
"1996:  New Hampshire, New York, Kansas, and Wyoming.",,,,,,,,
"*Medians were not calculated on fewer than five cases.",,,,,,,,
"a/""Other prisoners"" includes 24 American Indians, 18 Asians, and 8 inmates of unspecified race.",,,,,,,,
