"Bureau of Justice Statistics",,,,,,
"filename:  cpu9678.csv",,,,,,
"table #:  7.8",,,,,,
"report title:  Correctional Populations in the United States, 1996 chapter 7 NCJ 170013",,,,,,
"data source:  National Prisoner Statistics-8",,,,,,
"author:  Tracy L. Snell",,,,,,
"refer questions to:  askbjs@ojp.usdoj.gov (202) 307-0765",,,,,,
"date of version:  12/08/97",,,,,,
,,,,,,
"Table 7.8.  Marital status at time of imprisonment of prisoners",,,,,,
"under sentence of death, 1996",,,,,,
,,,,,,
,"Prisoners under sentence of death",,,,,
"Region",,,"Divorced or",,"Never","Not"
"and State","Total","Married","separated","Widowed","married","reported"
,,,,,,
"All prisoners",,,,,,
"U.S. total",3219,731,624,78,1498,288
,,,,,,
"Federal",11,2,1,0,3,5
"State",3208,729,623,78,1495,283
,,,,,,
"Northeast",218,43,26,9,132,8
"Connecticut",4,1,0,0,3,0
"New Jersey",11,1,0,1,4,5
"Pennsylvania",203,41,26,8,125,3
,,,,,,
"Midwest",481,109,89,9,229,45
"Illinois",161,34,27,1,80,19
"Indiana",45,8,5,2,30,0
"Missouri",93,18,15,5,50,5
"Nebraska",11,4,4,0,3,0
"Ohio",170,45,38,1,65,21
"South Dakota",1,0,0,0,1,0
,,,,,,
"South",1779,421,328,45,832,153
"Alabama",151,26,30,2,67,26
"Arkansas",40,8,7,2,16,7
"Delaware",11,3,0,0,8,0
"Florida",373,78,79,8,188,20
"Georgia",96,29,16,6,42,3
"Kentucky",29,8,13,1,6,1
"Louisiana",63,10,4,2,28,19
"Maryland",19,3,3,0,4,9
"Mississippi",57,9,7,0,28,13
"North Carolina",161,27,52,6,76,0
"Oklahoma",133,52,29,4,40,8
"South Carolina",68,19,3,1,45,0
"Tennessee",91,25,10,5,29,22
"Texas",438,118,66,7,223,24
"Virginia",49,6,9,1,32,1
,,,,,,
"West",730,156,180,15,302,77
"Arizona",121,21,41,3,42,14
"California",454,114,99,6,200,35
"Colorado",5,1,2,0,2,0
"Idaho",18,3,6,1,8,0
"Montana",7,0,2,0,5,0
"Nevada",81,12,20,2,35,12
"New Mexico",4,1,1,0,2,0
"Oregon",20,1,4,1,1,13
"Utah",9,2,3,0,4,0
"Washington",11,1,2,2,3,3
,,,,,,
"Note: Of 39 jurisdictions with a death penalty statute, the following States reported no",,,,,,
"prisoners on death row at yearend 1996:  New Hampshire, New York, Kansas, and Wyoming.",,,,,,
