"Bureau of Justice Statistics",,,,,,
"filename: ppus0107.csv",,,,,,
"Table 7.  Characteristics of adults on parole, 1990, 1995, and 2001",,,,,,
"report title:  Probation and Parole in the United States, 2001 -- NCJ  195669",,,,,,
"data source:  Annual Probation and Parole Surveys",,,,,,
"author:  Lauren Glaze",,,,,,
"refer questions to:  askbjs@ojp.usdoj.gov  (202) 307-0765",,,,,,
"date of version:  08/20/02",,,,,,
,,,,,,
,,,,,,
"Table 7.  Characteristics of adults on parole, 1990, 1995, and 2001",,,,,,
,,,,,,
"Characteristic",1990,,1995,,2001,
,,,,,,
"          Total ",100,"%",100,"%",100,"%"
,,,,,,
"Gender",,,,,,
"     Male",92,"%",90,"%",88,"%"
"     Female",8,,10,,12,
,,,,,,
"Race/a",,,,,,
"     White",36,"%",34,"%",39,"%"
"     Black",46,,45,,41,
"     Hispanic",18,,21,,19,
"     American Indian/Alaska Native",1,,1,,1,
"     Asian/Pacific Islander","--",,"--",,1,
,,,,,,
"Status of supervision",,,,,,
"     Active",82,"%",78,"%",84,"%"
"     Inactive",6,,11,,4,
"     Absconded ",6,,6,,7,
"     Supervised out of State",6,,4,,5,
"     Other","**",,"--",,"--",
,,,,,,
"Sentence length",,,,,,
"    Less than 1 year",5,"%",6,"%",5,"%"
"    1 year or more",95,,94,,95,
,,,,,,
"Adults entering parole",,,,,,
"     Discretionary parole",59,"%",50,"%",36,"%"
"     Mandatory parole",41,,45,,55,
"     Reinstatement","**",,4,,7,
"     Other","**",,2,,2,
,,,,,,
"Adults leaving parole",,,,,,
"     Successful completions",50,"%",45,"%",46,"%"
"     Returned to incarceration",46,,41,,40,
"          With new sentence",17,,12,,9,
"          Other",29,,29,,30,
"     Absconder/b",1,,"**",,9,
"     Other unsuccessful",1,,"**",,2,
"     Transferred ",1,,2,,1,
"     Death",1,,1,,1,
"     Other","**",,10,,1,
,,,,,,
"Note:  For every characteristic there were persons of unknown status or type.  Detail may not sum to total because of rounding.",,,,,,
"** Not available",,,,,,
"-- Less than 0.5%.",,,,,,
"a/In 2001 race/Hispanic origin was collected as a single item.  For comparison, percents were estimated for prior years.",,,,,,
"b/In 1995 absconder status was reported among ""other.""  ",,,,,,
