Bureau of Justice Statistics,,,,,,,,,,,,,,,,,
Filename: leaesro19at20.csv,,,,,,,,,,,,,,,,,
"Appendix table 20. Standard errors for table 17: Percent of agencies with SROs allowed to carry selected equipment on campus, by issuance and type of agency, 2019",,,,,,,,,,,,,,,,,
"Report title: Law Enforcement Agencies that Employ School Resource Officers, 2019   NCJ 305181",,,,,,,,,,,,,,,,,
"Data Source: Bureau of Justice Statistics, Survey of Law Enforcement Personnel in Schools, 2019",,,,,,,,,,,,,,,,,
"Author: Elizabeth J. Davis, BJS Statistician",,,,,,,,,,,,,,,,,
Refer questions to: askbjs@usdoj.gov 202-307-0765,,,,,,,,,,,,,,,,,
Date of version: 11/15/2022,,,,,,,,,,,,,,,,,
,,,,,,,,,,,,,,,,,
"Appendix table 20. Standard errors for table 17: Percent of agencies with SROs allowed to carry selected equipment on campus, by issuance and type of agency, 2019",,,,,,,,,,,,,,,,,
,Issued by agency,,,,,,,,,Not issued by agency,,,,,,,
Equipment,Total,,Local police,,Sheriffs' offices,,School district police,,,Total,,Local police,,Sheriffs' offices,,School district police,
Firearm,0.41,%,0.52,%,0.59,%,1.62,%,,0.39,%,0.5,%,0.57,%,1.61,%
Conducted energy device,0.87,,1.15,,0.91,,1.72,,,0.52,,0.69,,0.62,,1.12,
Baton/nightstick,0.99,,1.29,,1.36,,1.73,,,0.83,,1.08,,1.03,,1.6,
OC spray/foam,0.85,,1.11,,1.04,,1.71,,,0.64,,0.83,,0.79,,1.42,
Hobble restraints,1.37,,1.81,,1.68,,1.44,,,1.22,,1.62,,1.39,,1.49,
Handheld metal detector wand,1.28,,1.68,,1.65,,1.73,,,1.41,,1.85,,1.67,,1.38,
Body-worn camera,1.38,,1.82,,1.63,,1.76,,,1.14,,1.5,,1.38,,1.37,
"Source: Bureau of Justice Statistics, Survey of Law Enforcement Personnel in Schools, 2019.",,,,,,,,,,,,,,,,,
