Bureau of Justice Statistics,,
Filename: tcdca24at03.csv,,
"Appendix Table 3. Tribal Courts System Listening Session participating tribes, by participant job title and state, February 27, 2024",,
"Report title: Tribal Crime Data Collection Activities, 2024  NCJ 309132",,
"Data source: Bureau of Justice Statistics, 2024",,
"Author: Steven W. Perry, BJS Statistician  ",,
Refer questions to: askbjs@usdoj.gov 202-307-0765,,
Date of version: 7/31/2024,,
,,
"Appendix Table 3. Tribal Courts System Listening Session participating tribes, by participant job title and state, February 27, 2024",,
Tribe/tribal court system/tribal organization,Job title,State
Akiachak Tribal Court,Tribal Court Clerk,Alaska
Anvik Tribal Council,Tribal Court Clerk,Alaska
Asa'carsarmiut Tribal Council,Tribal Court Administrator,Alaska
Chickaloon Native Village,Traditional Tribal Court Director,Alaska
Native Village of Alakanuk,Tribal Court Administrator,Alaska
Native Village of Gakona,Tribal Justice Project Coordinator,Alaska
Native Village of Kotzebue,Director of Tribal Family Services ,Alaska
Native Village of Koyuk,Tribal Victim Specialist,Alaska
Native Village of Napakiak,Tribal Court Clerk,Alaska
Native Village of Paimiut,Tribal Court Judge,Alaska
Nunakauyarmiut Tribe,Tribal Justice Administrator,Alaska
Organized Village of Kake,Tribal Court Clerk,Alaska
Organized Village of Kwethluk,Tribal Court Administrator,Alaska
Pitka's Point Traditional Council,OVC Program Coordinator,Alaska
Qagan Tayagungin Tribal Member; Aleut; Tlingit,Missing and Murdered Indigenous Persons Coordinator,Alaska
Sun'aq Tribe of Kodiak,Tribal Court Administrator,Alaska
Village of Aniak,Community Technical Assistance Supervisor,Alaska
The Cocopah Tribal Court,Court Services Coordinator,Arizona
The Gila River Indian Community Court,Children's Court Judge,Arizona
Navajo Nation Judicial Branch,Staff Attorney,Arizona
Pascua Yaqui Tribe/Cupeno people/Tongva,Manager,Arizona and California
The Judicial Branch of the Navajo Nation,Acting Court Administrator,"Arizona, New Mexico, & Utah"
"Cher-Ae Heights Indian Community of the Trinidad Rancheria, California",Tribal Court Administrator,California
The Shingle Springs Rancheria Tribal Court,Court Director,California
"Tule River Indian Tribe of the Tule River Reservation, California",JHTWC Coordinator,California
"The Yurok Tribal Court, Yurok Tribe of the Yurok Reservation, California",Court Administrative Attorney,California
National American Indian Court Judges Association ,Program Attorney ,Colorado
"Southern Ute Indian Tribe of the Southern Ute Reservation, Colorado",Tribal Court Collaboration Specialist,Colorado
"Southern Ute Indian Tribe of the Southern Ute Reservation, Colorado",Court Adiminstrator,Colorado
Houlton Band of Maliseet Indians Tribal Court,Court Clerk/Court Administrator,Maine
Mi'kmaq Nation,Tribal Court Administrator,Maine
Penobscot Nation,Magistrate Judge,Maine
The Mashpee Wampanoag Tribal Court,Court Clerk,Massachusetts
"Grand Traverse Band of Ottawa and Chippewa Indians, Michigan",Chief Judge,Michigan
"Little River Band of Ottawa Indians, Michigan",Chief Judge,Michigan
"Little Traverse Bay Bands of Odawa Indians, Michigan",Chief Judge,Michigan
Sault Ste. Marie Chippewa Tribal Court,Chief Judge,Michigan
"Minnesota Chippewa Tribe, Minnesota (Six component reservations: Bois Forte Band (Nett Lake); Fond du Lac Band; Grand Portage Band; Leech Lake Band; Mille Lacs Band; White Earth Band)",Court Administrator,Minnesota
Prairie Island Indian Community in the State of Minnesota,Tribal Court Administrator,Minnesota
White Earth Reservation Tribal Court,Court Administrator,Minnesota
Las Vegas Paiute Tribal Court,Clerk of Court,Nevada
Pyramid Lake Tribal Court,Court Administrator,Nevada
Nambe Pueblo Tribal Court,Chief Judge,New Mexico
"Pueblo of Cochiti, New Mexico",Assistant Professor,New Mexico
The Saint Regis Mohawk Tribal Courts,Principal Law Clerk,New York
Tribal Judicial Institute Univerisity of North Dakota Law School,Director,North Dakota
Turtle Mountain Band of Chippewa Indians of North Dakota,Chief Judge,North Dakota
The Choctaw Nation District Court,District Court Judge,Oklahoma
The Choctaw Nation Judicial Branch,Fiscal & Operations Administrator,Oklahoma
Department of Justice for the Cheyenne and Arapaho Tribes,Deputy Attorney ,Oklahoma
Ponca Tribal Court,Court Services Specialist,Oklahoma
Quapaw Nation,Chief Judge,Oklahoma
Shawnee Tribe,Tribal Court Specialist,Oklahoma
"Confederated Tribes of the Coos, Lower Umpqua and Siuslaw Indians",Tribal Court Clerk ,Oregon
Confederated Tribes of Siletz Indians of Oregon,Chief Judge,Oregon
Coquille Indian Tribe,Chief Judge,Oregon
Cow Creek Band of Umpqua Tribe of Indians,Tribal Court Administrator,Oregon
Lower Brule Sioux Tribal Court,Chief Judge ,South Dakota
Oglala Lakota,Technical Assistant Specialist,South Dakota
Kickapoo Traditional Tribe of Texas,Legal Director,Texas
Ysleta del Sur Pueblo,Tribal Judge,Texas
Cowlitz Indian Tribe,Tribal Court Administrator,Washington
Lower Elwha Tribal Community,Prosecuting Attorney,Washington
Makah Indian Tribe of the Makah Indian Reservation,Court Administrator,Washington
Nisqually Tribal Court,Court Administrator,Washington
The Nooksack Tribal Court,Chief Judge,Washington
Port Gamble S'Klallam Tribe ,Director fo Court Services - Court Administration ,Washington
Puyallup Tribe of the Puyallup Reservation,Victim Advocate,Washington
Quinault Tribal Court,Chief Judge,Washington
Shoalwater Bay Tribal Court,Court Clerk/Adminstrator (future),Washington
The Ho-Chunk Nation Trial Court,Senior Staff Attorney,Wisconsin
Lac du Flambeau Band of Lake Superior Chippewa Indians of the Lac du Flambeau Reservation of Wisconsin,Tribal Court Clerk Program Manager,Wisconsin
