Bureau of Justice Statistics,,
Filename: tcdca24at01.csv,,
"Appendix Table 1. Tribal Leaders Listening Session participating tribes, by state, February 7, 2024",,
"Report title: Tribal Crime Data Collection Activities, 2024  NCJ 309132",,
"Data source: Bureau of Justice Statistics, 2024",,
"Author: Steven W. Perry, BJS Statistician  ",,
Refer questions to: askbjs@usdoj.gov 202-307-0765,,
Date of version: 7/31/24,,
,,
"Appendix Table 1. Tribal Leaders Listening Session participating tribes, by state, February 7, 2024",,
Tribe name,State,
Chickaloon Native Village,Alaska,
"Metlakatla Indian Community, Annette Island Reserve",Alaska,
Native Village of Gambell,Alaska,
Native Village of Kotzebue,Alaska,
Organized Village of Kwethluk,Alaska,
Orutsararmiut Traditional Native Council,Alaska,
Village of Kotlik,Alaska,
Cocopah Tribe of Arizona,Arizona,
"Cher-Ae Heights Indian Community of the Trinidad Rancheria, California",California,
"Ewiiaapaayp Band of Kumeyaay Indians, California",California,
Confederated Tribes of Umatilla Indian Reservation; Nez Perce Tribe,Idaho,
Prairie Band Potawatomi Nation,Kansas,
Chitimacha Tribe of Louisiana,Louisiana,
Jena Band of Choctaw Indians,Louisiana,
Mashpee Wampanoag Tribe,Massachusetts,
"Grand Traverse Band of Ottawa and Chippewa Indians, Michigan",Michigan,
Match-E-Be-Nash-She-Wish Band of Pottawatomi Indians of Michigan,Michigan,
Saginaw Chippewa Indian Tribe of Michigan,Michigan,
"Minnesota Chippewa Tribe, Minnesota (Six component reservations: Bois Forte Band (Nett Lake); Fond du Lac Band; Grand Portage Band; Leech Lake Band; Mille Lacs Band; White Earth Band)",Minnesota,
"Assiniboine and Sioux Tribes of the Fort Peck Indian Reservation, Montana",Montana,
Fort Belknap Indian Community of the Fort Belknap Reservation of Montana,Montana,
Ponca Tribe of Nebraska,Nebraska,
"Pyramid Lake Paiute Tribe of the Pyramid Lake Reservation, Nevada",Nevada,
"Reno-Sparks Indian Colony, Nevada",Nevada,
"Pueblo of Nambe, New Mexico",New Mexico,
"Pueblo of San Ildefonso, New Mexico",New Mexico,
"Pueblo of Santa Ana, New Mexico",New Mexico,
"Pueblo of Santa Clara, New Mexico",New Mexico,
The Chickasaw Nation,Oklahoma,
The Choctaw Nation of Oklahoma,Oklahoma,
Shawnee Tribe,Oklahoma,
Confederated Tribes of the Umatilla Indian Reservation,Oregon,"
"
Coquille Indian Tribe,Oregon,
"Rosebud Sioux Tribe of the Rosebud Indian Reservation, South Dakota",South Dakota,
Cowlitz Indian Tribe,Washington,
Puyallup Tribe of the Puyallup Reservation,Washington,
Tulalip Tribes of Washington,Washington,
Oneida Nation,Wisconsin,
