Bureau of Justice Statistics,,,,,
Filename: cv17t05.csv,,,,,
"Table 5. Personal theft victimization, 2016, and 2017",,,,,
"Report title: Criminal Victimization, 2017   NCJ 252472",,,,,
"Data source: Bureau of Justice Statistics, National Crime Victimization Survey, 2016 and 2017 Public-Use Files",,,,,
"Authors: Rachel E. Morgan, Ph.D., and Jennifer L. Truman, Ph.D., BJS Statisticians",,,,,
Refer questions to: askbjs@usdoj.gov or 202-307-0765 ,,,,,
Date of version: 12/19/18,,,,,
,,,,,
"Table 5. Personal theft victimization, 2016, and 2017",,,,,
,2016*,,2017,,
Personal theft,Number,"Rate per 1,000/a ",Number,"Rate per 1,000/a ",
Purse-snatching and pick-pocketing,"91,580",0.3,"100,590",,0.4
"Note: Personal theft includes attempted or completed purse-snatching and completed pick-pocketing. It excludes attempted pick-pocketing. Pick-pocketing has historically been called pocket-picking in the NCVS. Personal theft excludes robbery, which involves the threat or use of force and is classified as a violent crime. See appendix table 7 for standard errors.",,,,,
*Comparison year.,,,,,
"a/Rate is per 1,000 persons age 12 or older.",,,,,
"Source: Bureau of Justice Statistics, National Crime Victimization Survey, 2016 and 2017 Public-Use Files.",,,,,
