Bureau of Justice Statistics,,,,,
Filename: cv17at09.csv,,,,,
"Appendix table 9. Standard errors for table 7: Percent of violent victimizations in which victims received assistance from a victim-service agency, by type of crime, 2016 and 2017",,,,,
"Report title: Criminal Victimization, 2017   NCJ 252472",,,,,
"Data source: Bureau of Justice Statistics, National Crime Victimization Survey, 2016 and 2017 Public-Use Files",,,,,
"Authors: Rachel E. Morgan, Ph.D., and Jennifer L. Truman, Ph.D., BJS Statisticians",,,,,
Refer questions to: askbjs@usdoj.gov or 202-307-0765 ,,,,,
Date of version: 12/19/18,,,,,
,,,,,
"Appendix table 9. Standard errors for table 7: Percent of violent victimizations in which victims received assistance from a victim-service agency, by type of crime, 2016 and 2017",,,,,
Type of crime,,2016,,2017,
Violent crime,,1.08,%,0.99,%
,Serious violent crime,1.9,,1.64,
,Simple assault,1.1,,1.07,
Intimate partner violence,,3.61,%,3.03,%
Violent crime involving injury,,2.24,%,2.41,%
Violent crime involving a weapon,,2.16,%,1.9,%
"Source: Bureau of Justice Statistics, National Crime Victimization Survey, 2016 and 2017 Public-Use Files.",,,,,
