"Bureau of Justice Statistics",,,,,,,,,,,,,,
"filename:  lem9714a.csv",,,,,,,,,,,,,,
"table #:  14a",,,,,,,,,,,,,,
"report title:  Law Enforcement Management and Administrative Statistics, 1997:",,,,,,,,,,,,,,
"                  Data for Individual State and Local Agencies with 100 or More Officers    NCJ 171681",,,,,,,,,,,,,,
"data source:  1997 LEMAS survey",,,,,,,,,,,,,,
"authors:  Brian A. Reaves and Andrew L. Goldberg",,,,,,,,,,,,,,
"refer questions to:  askbjs@ojp.usdoj.gov  (202) 307-0765",,,,,,,,,,,,,,
"date of version:  3/26/99",,,,,,,,,,,,,,
,,,,,,,,,,,,,,
"Table 14a.  Sidearm and body armor policies for field/patrol officers in local law enforcement agencies, 1997",,,,,,,,,,,,,,
,,,,,,,,,,,,,,
,,,,,,,,,,,,,,
,,,,,,,,,,,,,,
,,,"     Type and caliber of sidearm authorized or supplied",,,,,,,,,"  Protective body armor policies",,
,,,"Revolver",,,,"         Semi-automatic",,,,,," Cash","  Wear"
"County","Name of agency",".357",".38","Other",,".40",".45","9mm","10mm","Other",,"Supplied"," allowance","  required"
,,,,,,,,,,,,,,
"ALABAMA",,,,,,,,,,,,,,
,,,,,,,,,,,,,,
"Etowah","Gadsden Police","-","-","-",,"A","A","A","-","-",,"All","None","All"
"Houston","Dothan Police","A","A","-",,"A","A","S","-","-",,"All","None","Some"
"Jefferson","Jefferson County Sheriff","A","A","-",,"A","A","A","A","-",,"All","None","None"
"Jefferson","Bessemer Police","A","A","-",,"A","A","A","-","A",,"All","None","Some"
"Jefferson","Birmingham Police","A","S","A",,"-","A","S","-","A",,"All","None","None"
"Jefferson","Hoover Police","A","-","-",,"-","A","A","-","A",,"All","None","All"
"Madison","Huntsville Police","-","-","-",,"-","-","S","-","-",,"All","None","All"
"Mobile","Mobile County Sheriff","A","A","-",,"A","A","A","A","A",,"All","None","None"
"Mobile","Mobile Police","A","-","-",,"-","-","A","-","-",,"All","None","All"
"Montgomery","Montgomery County Sheriff","-","-","-",,"-","S","-","-","-",,"All","None","None"
"Montgomery","Montgomery Police","A","A","-",,"S","-","-","-","A",,"All","None","All"
"Morgan","Decatur Police","-","-","-",,"-","-","S","-","-",,"All","None","None"
"Tuscaloosa","Tuscaloosa Police","-","-","-",,"S","S","S","-","-",,"All","None","All"
,,,,,,,,,,,,,,
"ALASKA",,,,,,,,,,,,,,
,,,,,,,,,,,,,,
"Anchorage","Anchorage Police","A","-","-",,"A","A","A","A","-",,"All","None","All"
,,,,,,,,,,,,,,
"ARIZONA",,,,,,,,,,,,,,
" ",,,,,,,,,,,,,,
"Maricopa","Maricopa County Sheriff","A","A","-",,"A","A","A","A","-",,"None","All","None"
"Maricopa","Chandler Police","-","-","-",,"A","A","A","-","-",,"All","None","None"
"Maricopa","Glendale Police","A","A","-",,"S","-","A","-","-",,"All","All","None"
"Maricopa","Mesa Police","-","-","-",,"A","A","A","-","-",,"None","All","None"
"Maricopa","Phoenix Police","-","-","-",,"-","-","A","-","A",,"None","All","Some"
"Maricopa","Scottsdale Police","-","-","-",,"S","-","-","-","-",,"None","All","None"
"Maricopa","Tempe Police","-","-","-",,"A","A","A","-","A",,"Some","Some","None"
"Pima","Pima County Sheriff","-","-","A",,"-","A","A","-","-",,"All","None","Some"
"Pima","Tucson Police","-","A","-",,"A","-","A","-","A",,"None","Some","None"
"Pinal","Pinal County Sheriff","-","-","-",,"-","-","S","-","-",,"All","None","None"
"Yuma","Yuma Police","-","A","-",,"-","A","A","-","A",,"All","None","All"
" ",,,,,,,,,,,,,,
"ARKANSAS",,,,,,,,,,,,,,
,,,,,,,,,,,,,,
"Jefferson","Pine Bluff Police","A","A","-",,"A","A","A","A","S",,"All","None","None"
"Pulaski","Pulaski County Sheriff","-","-","-",,"S","-","-","-","-",,"All","None","None"
"Pulaski","Little Rock Police","-","-","-",,"S","-","-","-","-",,"All","None","Some"
"Pulaski","North Little Rock Police","-","-","-",,"S","-","-","-","-",,"All","None","Some"
"Sebastian","Fort Smith Police","A","-","-",,"A","A","A","A","-",,"All","Some","Some"
,,,,,,,,,,,,,,
"CALIFORNIA",,,,,,,,,,,,,,
,,,,,,,,,,,,,,
"Alameda","Alameda County Sheriff","-","-","-",,"A","S","-","-","-",,"All","None","All"
"Alameda","Alameda Police","-","-","-",,"-","A","A","-","-",,"All","None","All"
"Alameda","Berkeley Police","-","-","-",,"S","-","-","-","-",,"All","None","All"
"Alameda","Fremont Police","-","-","-",,"-","S","S","-","-",,"None","All","All"
"Alameda","Hayward Police","A","A","A",,"A","A","A","A","A",,"All","None","All"
"Alameda","Oakland Police","-","-","-",,"A","A","A","-","-",,"All","None","All"
"Contra Costa","Contra Costa County Sheriff","A","A","-",,"-","-","S","-","-",,"All","None","None"
"Contra Costa","Concord Police","-","-","-",,"-","A","S","A","-",,"All","None","All"
"Contra Costa","Richmond Police","S","-","-",,"S","S","A","-","-",,"All","None","All"
"El Dorado","El Dorado County Sheriff","-","-","-",,"S","-","-","-","-",,"All","None","None"
"Fresno","Fresno County Sheriff","-","A","-",,"-","S","A","-","-",,"All","None","All"
"Fresno","Fresno Police","-","-","-",,"S","S","-","-","-",,"All","None","None"
"Kern ","Kern County Sheriff","-","-","-",,"S","-","-","-","-",,"All","None","None"
"Kern","Bakersfield Police","-","-","-",,"S","-","-","-","-",,"All","None","None"
"Los Angeles","Los Angeles County Sheriff","-","-","-",,"-","-","S","-","-",,"All","None","None"
"Los Angeles","Beverly Hills Police","-","-","-",,"-","A","S","-","-",,"All","None","All"
"Los Angeles","Burbank Police","-","-","-",,"S","-","-","-","-",,"All","None","All"
"Los Angeles","Compton Police","-","-","-",,"A","A","A","-","-",,"None","All","None"
"Los Angeles","Culver City Police","-","-","A",,"-","S","A","-","A",,"All","None","Some"
"Los Angeles","Downey Police","S","-","-",,"-","A","A","-","-",,"All","None","All"
"Los Angeles","El Monte Police","-","-","-",,"-","S","-","-","-",,"All","None","None"
"Los Angeles","Glendale Police","A","A","-",,"-","A","A","-","-",,"None","All","None"
"Los Angeles","Inglewood Police","A","A","A",,"-","-","S","-","A",,"All","None","All"
"Los Angeles","Long Beach Police","A","A","A",,"A","A","A","-","A",,"All","None","None"
"Los Angeles","Los Angeles Police","-","A","-",,"-","A","S","-","-",,"All","Some","All"
"Los Angeles","Pasadena Police","-","A","-",,"-","S","S","-","-",,"All","All","All"
"Los Angeles","Pomona Police","-","-","-",,"-","S","-","-","-",,"All","None","None"
"Los Angeles","Santa Monica Police","-","A","-",,"-","A","A","-","-",,"All","None","All"
"Los Angeles","Torrance Police","A","A","A",,"A","A","A","A","A",,"All","None","All"
"Los Angeles","West Covina Police","-","-","-",,"-","-","S","-","-",,"All","None","All"
"Los Angeles","Whittier Police","A","S","-",,"-","A","A","-","-",,"All","None","All"
"Marin","Marin County Sheriff","S","-","-",,"A","-","A","-","-",,"All","None","All"
"Monterey","Monterey County Sheriff","-","-","-",,"S","-","-","-","-",,"All","None","All"
"Monterey","Salinas Police","-","-","-",,"-","A","A","-","-",,"All","None","None"
"Orange","Orange County Sheriff-Coroner","-","-","-",,"-","-","A","-","-",,"All","None","All"
"Orange","Anaheim Police","-","-","-",,"-","A","A","-","A",,"All","None","None"
"Orange","Costa Mesa Police","-","-","-",,"A","A","-","-","-",,"All","None","None"
"Orange","Fullerton Police","-","A","-",,"A","A","A","-","-",,"All","None","Some"
"Orange","Garden Grove Police","A","-","-",,"A","A","A","-","A",,"All","None","All"
"Orange","Huntington Beach Police","-","-","-",,"-","S","S","-","-",,"All","None","None"
,,,,,,,,,,,,,,
,,,,,,,,,,,,,"      Equipment   131",
"Table 14a. - continued",,,,,,,,,,,,,,
,,,,,,,,,,,,,,
,,,,,,,,,,,,,,
,,,,,,,,,,,,,,
,,,"     Type and caliber of sidearm authorized or supplied",,,,,,,,,"  Protective body armor policies",,
,,,"Revolver",,,,"         Semi-automatic",,,,,," Cash","  Wear"
"County","Name of agency",".357",".38","Other",,".40",".45","9mm","10mm","Other",,"Supplied"," allowance","  required"
,,,,,,,,,,,,,,
"CALIFORNIA (cont.)",,,,,,,,,,,,,,
,,,,,,,,,,,,,,
"Orange","Irvine Police","-","A","A",,"A","A","A","A","A",,"All","None","All"
"Orange","Newport Beach Police","-","S","A",,"A","S","A","-","-",,"All","None","None"
"Orange","Orange Police","A","A","A",,"A","A","A","A","-",,"All","None","All"
"Orange","Santa Ana Police","-","A","-",,"A","A","A","-","-",,"All","None","All"
"Placer","Placer County Sheriff","A","-","-",,"-","A","S","-","-",,"Some","Some","None"
"Riverside","Riverside County Sheriff","-","S","-",,"A","A","A","-","A",,"All","None","None"
"Riverside","Corona Police","A","A","-",,"-","A","A","-","A",,"All","None","All"
"Riverside","Riverside Police","-","-","-",,"A","-","A","-","A",,"All","None","All"
"Sacramento","Sacramento County Sheriff","A","A","-",,"S","A","S","A","-",,"All","None","None"
"Sacramento","Sacramento Police","-","-","-",,"A","A","A","A","-",,"All","None","None"
"San Bernardino","San Bernardino County Sheriff","A","A","A",,"-","-","S","-","-",,"All","None","Some"
"San Bernardino","Fontana Police","A","-","-",,"A","A","A","A","-",,"Some","All","None"
"San Bernardino","Ontario Police","A","A","A",,"-","A","A","-","-",,"All","None","All"
"San Bernardino","Rialto Police","A","-","A",,"A","A","A","A","A",,"All","None","All"
"San Bernardino","San Bernardino Police","A","S","A",,"A","A","A","A","A",,"All","None","All"
"San Diego","San Diego County Sheriff","A","A","-",,"A","A","A","-","A",,"All","None","All"
"San Diego","Chula Vista Police","A","A","-",,"A","A","A","-","-",,"All","None","All"
"San Diego","El Cajon Police","-","-","-",,"A","-","-","-","-",,"All","None","All"
"San Diego","Escondido Police","-","-","-",,"-","-","S","-","-",,"All","None","All"
"San Diego","Oceanside Police","A","A","S",,"A","A","A","-","-",,"All","None","All"
"San Diego","San Diego Police","A","A","-",,"-","-","A","-","-",,"All","None","All"
"San Francisco","San Francisco Police","S","-","-",,"A","-","A","-","-",,"All","None","All"
"San Joaquin","San Joaquin County Sheriff","S","-","-",,"-","-","S","-","-",,"All","None","All"
"San Joaquin","Stockton Police","-","-","-",,"-","-","S","-","-",,"All","None","All"
"San Luis Obispo","San Luis Obispo County Sheriff","A","A","-",,"A","A","A","A","-",,"All","None","All"
"San Mateo","San Mateo County Sheriff","-","-","-",,"-","-","S","-","-",,"All","None","None"
"San Mateo","Daly City Police","-","-","-",,"-","-","S","-","-",,"All","None","All"
"San Mateo","San Mateo Police","-","-","-",,"-","-","S","-","-",,"All","None","None"
"Santa Barbara","Santa Barbara County Sheriff","-","A","A",,"A","A","A","A","A",,"None","None","None"
"Santa Barbara","Santa Barbara Police","A","A","A",,"A","A","A","-","A",,"All","None","All"
"Santa Clara","Santa Clara County Sheriff","-","-","-",,"S","-","-","-","-",,"All","None","All"
"Santa Clara","San Jose Police","A","A","-",,"A","A","A","-","A",,"All","None","Some"
"Santa Clara","Santa Clara Police","A","-","-",,"A","A","A","-","-",,"All","All","All"
"Santa Clara ","Sunnyvale Police","-","-","-",,"S","-","-","-","-",,"All","None","None"
"Santa Cruz","Santa Cruz County Sheriff","-","-","-",,"-","-","S","-","-",,"Some","None","None"
"Shasta ","Shasta County Sheriff","-","-","-",,"S","-","-","-","-",,"All","None","All"
"Solano","Vallejo Police","-","-","-",,"S","A","S","-","-",,"All","None","All"
"Sonoma","Sonoma County Sheriff-Coroner","S","-","-",,"A","A","S","A","A",,"All","None","None"
"Sonoma","Santa Rosa Police","-","A","-",,"A","-","A","-","A",,"All","All","None"
"Stanislaus","Stanislaus County Sheriff","S","A","A",,"-","A","A","-","A",,"None","None","None"
"Stanislaus","Modesto Police","-","-","-",,"-","-","S","-","-",,"All","None","All"
"Tulare","Tulare County Sheriff","A","A","-",,"A","A","A","-","-",,"All","None","All"
"Ventura","Ventura County Sheriff","A","A","-",,"A","A","S","-","A",,"All","None","All"
"Ventura","Simi Valley Police","-","-","-",,"A","A","S","-","-",,"All","None","None"
"Ventura","Ventura Police","S","-","-",,"-","S","S","-","-",,"All","None","None"
,,,,,,,,,,,,,,
"COLORADO",,,,,,,,,,,,,,
,,,,,,,,,,,,,,
"Adams","Adams County Sheriff","A","A","-",,"A","A","A","-","A",,"All","None","Some"
"Adams","Westminster Police","A","A","-",,"A","A","A","-","A",,"All","None","Some"
"Arapahoe","Aurora Police","-","-","-",,"A","A","A","-","-",,"Some","All","None"
"Boulder","Boulder County Sheriff","A","A","-",,"-","A","A","-","-",,"All","None","All"
"Boulder","Boulder Police","-","A","-",,"-","A","A","-","A",,"All","None","All"
"Denver","Denver Police","-","-","A",,"-","A","A","-","-",,"All","Some","None"
"Douglas ","Douglas County Sheriff","-","A","A",,"A","A","-","-","-",,"All","None","All"
"El Paso","El Paso County Sheriff","A","A","-",,"A","A","A","-","-",,"All","None","Some"
"El Paso","Colorado Springs Police","-","-","-",,"-","-","S","-","-",,"All","None","All"
"Jefferson","Jefferson County Sheriff","A","A","A",,"-","A","A","-","A",,"All","None","Some"
"Jefferson","Arvada Police","A","-","-",,"A","A","A","-","-",,"All","None","All"
"Jefferson","Lakewood Police","-","-","-",,"-","A","A","-","-",,"All","None","None"
"Larimer","Larimer County Sheriff","-","-","-",,"A","A","A","A","-",,"All","None","All"
"Larimer","Fort Collins Police","A","S","-",,"A","A","A","-","-",,"All","None","None"
"Pueblo","Pueblo Police","A","A","-",,"A","A","A","A","-",,"All","None","None"
,,,,,,,,,,,,,,
"CONNECTICUT ",,,,,,,,,,,,,,
,,,,,,,,,,,,,,
"Fairfield","Bridgeport Police","-","A","-",,"-","-","S","-","A",,"All","None","All"
"Fairfield","Danbury Police","-","-","-",,"-","-","S","-","-",,"None","All","All"
"Fairfield","Greenwich Police","-","-","-",,"-","-","S","-","-",,"Some","None","None"
"Fairfield","Norwalk Police","-","-","-",,"-","-","S","-","-",,"None","All","None"
"Fairfield","Stamford Police","A","A","-",,"A","A","A","-","A",,"All","None","None"
"Hartford","Bristol Police","-","-","-",,"-","-","S","-","-",,"Some","None","None"
"Hartford","East Hartford Police","-","-","-",,"-","-","S","-","-",,"None","All","None"
"Hartford","Hartford Police","-","-","-",,"-","S","-","-","-",,"All","None","None"
"Hartford","Manchester Police","-","-","-",,"-","S","-","-","-",,"All","None","None"
"Hartford ","New Britain Police","-","A","-",,"-","-","S","-","-",,"Some","All","All"
"New Haven","Meriden Police","-","-","-",,"A","A","S","-","A",,"All","None","None"
"New Haven","Milford Police","-","-","-",,"-","-","S","-","S",,"All","None","None"
"New Haven","New Haven Police","-","-","-",,"-","-","S","-","-",,"Some","None","Some"
"New Haven","Waterbury Police","-","-","-",,"S","-","-","-","-",,"All","None","None"
"New Haven","West Haven Police","-","-","-",,"S","S","-","-","-",,"All","None","None"
,,,,,,,,,,,,,,
,,,,,,,,,,,,,,
"132   Law Enforcement Management and Administrative Statistics, 1997",,,,,,,,,,,,,,
"Table 14a. - continued",,,,,,,,,,,,,,
,,,,,,,,,,,,,,
,,,,,,,,,,,,,,
,,,,,,,,,,,,,,
,,,"     Type and caliber of sidearm authorized or supplied",,,,,,,,,"  Protective body armor policies",,
,,,"Revolver",,,,"         Semi-automatic",,,,,," Cash","  Wear"
"County","Name of agency",".357",".38","Other",,".40",".45","9mm","10mm","Other",,"Supplied"," allowance","  required"
,,,,,,,,,,,,,,
"DELAWARE",,,,,,,,,,,,,,
,,,,,,,,,,,,,,
"New Castle","New Castle County Police","-","-","-",,"-","-","S","-","-",,"All","None","All"
"New Castle","Wilmington Police","-","-","-",,"S","-","-","-","-",,"All","None","All"
,,,,,,,,,,,,,,
"DISTRICT OF COLUMBIA",,,,,,,,,,,,,,
,,,,,,,,,,,,,,
"Washington, DC","Washington Metropolitan Police","-","-","-",,"-","-","S","-","-",,"All","None","All"
,,,,,,,,,,,,,,
"FLORIDA",,,,,,,,,,,,,,
,,,,,,,,,,,,,,
"Alachua","Alachua County Sheriff","S","-","-",,"S","S","-","-","-",,"All","None","None"
"Alachua","Gainesville Police","S","S","-",,"S","S","-","-","-",,"All","None","All"
"Bay","Bay County Sheriff","A","A","-",,"A","A","A","A","-",,"All","None","None"
"Brevard","Brevard County Sheriff","S","-","-",,"S","A","S","-","-",,"All","None","All"
"Brevard","Melbourne Police","A","-","-",,"A","A","A","-","A",,"All","None","Some"
"Brevard","Palm Bay Police","-","-","-",,"-","A","S","-","A",,"All","None","Some"
"Broward","Broward County Sheriff","A","A","A",,"-","A","A","-","A",,"All","None","All"
"Broward","Coral Springs Police","A","A","-",,"A","A","A","-","A",,"All","None","None"
"Broward","Davie Police","-","-","-",,"-","S","A","-","-",,"All","None","Some"
"Broward","Fort Lauderdale Police","-","A","-",,"-","A","A","A","-",,"All","Some","None"
"Broward","Hollywood Police","-","-","-",,"-","S","-","-","-",,"All","None","None"
"Broward","Margate Police","-","-","-",,"-","-","S","-","-",,"All","None","None"
"Broward","Miramar Police","-","-","-",,"A","A","A","-","-",,"All","None","None"
"Broward","Pembroke Pines Police","A","A","-",,"A","A","A","A","A",,"All","None","None"
"Broward","Plantation Police","-","-","-",,"-","-","A","-","-",,"All","None","Some"
"Broward","Pompano Beach Police","A","A","-",,"A","A","A","-","A",,"Some","All","Some"
"Broward","Sunrise Police","A","A","-",,"-","A","A","-","A",,"All","None","None"
"Charlotte","Charlotte County Sheriff","-","-","-",,"-","-","S","-","-",,"All","None","None"
"Citrus","Citrus County Sheriff","-","-","-",,"-","-","S","-","-",,"All","None","All"
"Clay","Clay County Sheriff","-","-","-",,"-","-","-","S","-",,"All","None","All"
"Collier","Collier County Sheriff","A","A","A",,"A","A","A","A","A",,"All","None","None"
"Dade","Metro-Dade Police","-","S","-",,"-","-","A","-","-",,"All","All","None"
"Dade","Coral Gables Police","S","A","-",,"S","A","A","-","-",,"None","All","None"
"Dade","Hialeah Police","-","A","A",,"-","-","-","-","-",,"None","All","None"
"Dade","Miami Police","-","-","-",,"S","-","-","-","A",,"All","All","None"
"Dade","Miami Beach Police","-","-","-",,"-","-","S","-","-",,"None","All","All"
"Duval ","Jacksonville Sheriff","A","A","-",,"S","A","A","-","-",,"All","None","None"
"Escambia","Escambia County Sheriff","A","A","A",,"S","-","-","-","A",,"All","None","Some"
"Escambia","Pensacola Police","A","S","-",,"A","A","A","-","-",,"All","None","None"
"Hernando","Hernando County Sheriff","-","-","-",,"S","-","-","-","-",,"All","None","All"
"Hillsborough","Hillsborough County Sheriff","A","A","-",,"-","A","A","-","A",,"All","None","None"
"Hillsborough","Tampa Police","-","A","-",,"-","-","S","-","A",,"All","None","None"
"Indian River","Indian River County Sheriff","S","S","-",,"-","S","S","-","A",,"All","None","All"
"Lake","Lake County Sheriff","-","-","-",,"-","-","S","-","-",,"All","None","None"
"Lee","Lee County Sheriff","-","-","-",,"S","-","-","-","-",,"All","None","Some"
"Lee","Cape Coral Police","-","-","-",,"S","-","-","-","-",,"All","None","All"
"Lee","Fort Myers Police","A","A","-",,"-","A","A","A","A",,"All","None","All"
"Leon","Leon County Sheriff","A","A","-",,"A","A","A","-","-",,"All","None","Some"
"Leon","Tallahassee Police","A","A","A",,"S","-","A","-","A",,"All","None","None"
"Manatee","Manatee County Sheriff","A","A","-",,"A","A","A","A","A",,"All","None","Some"
"Marion","Marion County Sheriff","A","A","-",,"-","-","S","A","-",,"All","None","Some"
"Marion","Ocala Police","-","-","-",,"-","-","S","-","-",,"All","None","None"
"Martin","Martin County Sheriff","A","A","-",,"A","A","A","A","A",,"All","None","None"
"Monroe","Monroe County Sheriff","A","A","-",,"A","A","S","-","-",,"All","None","None"
"Okaloosa","Okaloosa County Sheriff","A","A","-",,"S","A","S","-","-",,"All","None","All"
"Orange","Orange County Sheriff","-","A","A",,"A","A","S","A","A",,"All","None","None"
"Orange","Orlando Police","-","-","-",,"-","-","S","-","-",,"All","None","All"
"Osceola","Osceola County Sheriff","-","-","-",,"-","-","S","-","-",,"All","None","All"
"Palm Beach","Palm Beach County Sheriff","A","A","A",,"A","A","A","-","A",,"All","None","All"
"Palm Beach","Boca Raton Police","-","-","-",,"-","-","S","-","-",,"All","None","None"
"Palm Beach","Boynton Beach Police","-","-","-",,"A","A","S","A","-",,"All","None","None"
"Palm Beach","Delray Beach Police","-","-","-",,"S","-","S","-","A",,"All","None","None"
"Palm Beach","West Palm Beach Police","-","-","-",,"S","-","-","-","-",,"All","None","All"
"Pasco","Pasco County Sheriff","-","A","-",,"-","-","S","-","A",,"All","None","None"
"Pinellas","Pinellas County Sheriff","-","-","-",,"-","-","S","-","-",,"All","None","None"
"Pinellas","Clearwater Police","-","-","-",,"-","-","S","-","-",,"All","None","All"
"Pinellas","Largo Police","-","-","-",,"-","-","S","-","-",,"All","None","All"
"Pinellas","St. Petersburg Police","-","S","-",,"-","-","S","-","S",,"None","All","None"
"Polk","Polk County Sheriff","-","-","-",,"A","S","S","A","A",,"All","None","None"
"Polk","Lakeland Police","-","-","-",,"A","A","S","A","-",,"All","None","None"
"St. John","St. John County Sheriff","-","S","A",,"-","A","S","-","A",,"All","None","All"
"St. Lucie","St. Lucie County Sheriff","S","-","-",,"A","A","A","-","-",,"All","None","None"
"St. Lucie","Fort Pierce Police","-","-","-",,"-","-","S","-","A",,"All","None","None"
"St. Lucie","Port St. Lucie Police","-","-","-",,"-","-","S","-","-",,"None","All","None"
"Santa Rosa","Santa Rosa County Sheriff","-","-","-",,"S","-","-","-","-",,"All","None","None"
"Sarasota","Sarasota County Sheriff","-","-","-",,"-","-","S","-","-",,"All","None","None"
"Sarasota","Sarasota Police","A","A","A",,"S","-","-","-","-",,"All","None","None"
"Seminole","Seminole County Sheriff","-","-","-",,"-","S","S","-","-",,"All","None","All"
"Volusia","Volusia County Sheriff","-","-","-",,"S","-","-","-","-",,"All","None","All"
"Volusia","Daytona Beach Police","-","-","-",,"-","-","S","-","-",,"Some","None","Some"
,,,,,,,,,,,,,,
,,,,,,,,,,,,,,
,,,,,,,,,,,,,,
,,,,,,,,,,,,,,
,,,,,,,,,,,,,"      Equipment   133",
"Table 14a. - continued",,,,,,,,,,,,,,
,,,,,,,,,,,,,,
,,,,,,,,,,,,,,
,,,,,,,,,,,,,,
,,,"     Type and caliber of sidearm authorized or supplied",,,,,,,,,"  Protective body armor policies",,
,,,"Revolver",,,,"         Semi-automatic",,,,,," Cash","  Wear"
"County","Name of agency",".357",".38","Other",,".40",".45","9mm","10mm","Other",,"Supplied"," allowance","  required"
,,,,,,,,,,,,,,
"GEORGIA",,,,,,,,,,,,,,
,,,,,,,,,,,,,,
"Bibb","Bibb County Sheriff","A","A","-",,"A","A","S","A","-",,"All","None","None"
"Bibb","Macon Police","-","-","-",,"S","A","A","S","-",,"All","None","Some"
"Chatham","Chatham County Police","-","-","-",,"-","S","-","-","-",,"All","None","None"
"Chatham","Savannah Police","-","S","-",,"-","S","-","-","-",,"All","None","All"
"Cherokee","Cherokee County Sheriff","-","-","-",,"S","-","A","-","A",,"All","None","All"
"Clarke","Athens-Clarke County Police","S","-","-",,"S","S","S","-","A",,"All","None","All"
"Clayton","Clayton County Police","A","A","-",,"S","-","A","-","A",,"All","None","None"
"Cobb","Cobb County Police","-","-","-",,"S","-","-","-","-",,"All","None","All"
"Cobb","Cobb County Sheriff","S","S","-",,"-","-","S","-","-",,"Some","None","Some"
"Cobb","Marietta Police","A","A","-",,"S","-","A","A","A",,"All","None","All"
"Columbia","Columbia County Sheriff","A","A","A",,"S","A","A","A","A",,"All","None","All"
"De Kalb","De Kalb County Police","-","-","-",,"-","-","S","-","-",,"All","None","Some"
"Dougherty","Albany Police","A","A","-",,"A","A","S","A","A",,"All","None","None"
"Douglas","Douglas County Sheriff","S","A","A",,"S","-","-","A","-",,"All","None","All"
"Fulton","Fulton County Police","S","-","S",,"-","-","-","-","-",,"All","None","All"
"Fulton","Atlanta Police","-","-","-",,"-","-","S","-","-",,"All","None","All"
"Fulton","East Point Police","-","-","-",,"S","-","-","-","-",,"All","None","All"
"Gwinnett","Gwinnett County Police","S","A","-",,"S","S","S","-","A",,"All","None","None"
"Hall","Hall County Sheriff","A","A","-",,"-","-","S","-","-",,"All","None","Some"
"Muscogee","Columbus Police","-","-","-",,"-","S","-","-","-",,"All","None","None"
"Richmond","Augusta-Richmond Co. Sheriff","-","-","-",,"S","-","-","-","-",,"All","None","All"
" ",,,,,,,,,,,,,,
"HAWAII",,,,,,,,,,,,,,
,,,,,,,,,,,,,,
"Hawaii","Hawaii County Police","-","A","-",,"-","-","S","-","-",,"All","None","None"
"Honolulu","Honolulu Police","-","A","A",,"-","-","S","-","-",,"None","All","None"
"Kauai","Kauai County Police","-","-","-",,"S","-","-","-","-",,"All","None","None"
"Maui","Maui County Police","-","-","-",,"S","-","-","-","-",,"All","None","None"
,,,,,,,,,,,,,,
"IDAHO",,,,,,,,,,,,,,
,,,,,,,,,,,,,,
"Ada","Ada County Sheriff","-","A","-",,"A","A","S","-","-",,"All","None","None"
"Ada","Boise Police","-","-","-",,"-","S","-","-","-",,"All","None","Some"
,,,,,,,,,,,,,,
"ILLINOIS",,,,,,,,,,,,,,
,,,,,,,,,,,,,,
"Champaign","Champaign Police","A","S","-",,"S","S","S","-","-",,"None","None","None"
"Cook","Cook County Sheriff","-","-","-",,"A","A","-","-","A",,"None","All","None"
"Cook","Arlington Heights Police","A","A","A",,"-","-","A","A","-",,"All","None","None"
"Cook","Chicago Police","A","A","-",,"-","A","A","-","-",,"All","None","All"
"Cook","Cicero Police","A","-","-",,"-","-","A","-","-",,"All","None","All"
"Cook","Evanston Police","A","A","-",,"A","A","S","-","-",,"All","None","None"
"Cook","Oak Lawn Police","A","-","-",,"A","A","A","-","-",,"All","None","All"
"Cook","Oak Park Police","A","A","-",,"-","A","A","-","-",,"All","None","All"
"Cook","Schaumburg Police","A","-","A",,"A","A","A","A","A",,"All","None","All"
"Cook","Skokie Police","-","-","-",,"-","A","A","-","-",,"All","None","Some"
"Du Page ","Naperville Police","-","-","-",,"A","A","S","-","-",,"All","None","All"
"Kane","Aurora Police","A","A","-",,"-","-","A","-","-",,"None","All","None"
"Kane","Elgin Police","-","-","-",,"-","S","-","-","-",,"All","None","All"
"Lake ","Lake County Sheriff","-","-","-",,"-","-","S","-","-",,"All","None","None"
"Lake","Waukegan Police","-","-","-",,"-","-","S","-","-",,"None","None","None"
"Macon","Decatur Police","A","-","-",,"A","A","-","-","-",,"None","All","Some"
"Peoria","Peoria Police","-","S","-",,"S","-","S","-","-",,"All","None","None"
"Sangamon","Springfield Police","-","-","-",,"A","A","A","-","A",,"All","None","All"
"Will","Will County Sheriff","S","-","-",,"S","-","-","-","-",,"All","None","Some"
"Will","Joliet Police","-","-","-",,"-","-","S","-","-",,"All","None","Some"
"Winnebago","Winnebago County Sheriff","-","-","-",,"-","S","-","-","-",,"All","None","All"
"Winnebago","Rockford Police","-","-","-",,"-","S","-","-","-",,"All","None","None"
,,,,,,,,,,,,,,
"INDIANA",,,,,,,,,,,,,,
,,,,,,,,,,,,,,
"Allen","Fort Wayne Police","-","S","A",,"-","-","S","-","A",,"All","All","All"
"Delaware","Muncie Police","-","-","S",,"-","-","A","-","-",,"All","None","All"
"Elkhart","Elkhart Police","-","-","-",,"S","-","S","-","-",,"All","None","None"
"Howard","Kokomo Police","A","A","-",,"-","-","S","-","-",,"All","All","None"
"Lake","Lake County Sheriff","-","-","-",,"-","-","S","-","-",,"Some","None","None"
"Lake","East Chicago Police","-","-","-",,"-","-","S","-","-",,"All","None","None"
"Lake","Gary Police","-","-","-",,"S","-","-","-","-",,"All","None","None"
"Lake","Hammond Police","-","-","-",,"S","-","-","-","-",,"All","All","None"
"Madison","Anderson Police","-","-","-",,"-","-","A","-","-",,"All","None","Some"
"Marion","Marion County Sheriff","-","-","-",,"S","-","-","-","-",,"All","None","None"
"Marion","Indianapolis Police","A","A","A",,"S","A","A","-","A",,"All","None","None"
"St. Joseph","South Bend Police","-","-","-",,"S","-","-","-","-",,"All","Some","None"
"Vanderburgh","Vanderburgh County Sheriff","-","-","-",,"-","S","-","-","-",,"All","None","Some"
"Vanderburgh","Evansville Police","A","A","-",,"-","-","S","-","-",,"All","None","All"
"Vigo","Terre Haute Police","-","-","-",,"-","-","S","-","-",,"All","None","None"
,,,,,,,,,,,,,,
,,,,,,,,,,,,,,
,,,,,,,,,,,,,,
,,,,,,,,,,,,,,
,,,,,,,,,,,,,,
,,,,,,,,,,,,,,
,,,,,,,,,,,,,,
"134   Law Enforcement Management and Administrative Statistics, 1997",,,,,,,,,,,,,,
"Table 14a. - continued",,,,,,,,,,,,,,
,,,,,,,,,,,,,,
,,,,,,,,,,,,,,
,,,,,,,,,,,,,,
,,,"     Type and caliber of sidearm authorized or supplied",,,,,,,,,"  Protective body armor policies",,
,,,"Revolver",,,,"         Semi-automatic",,,,,," Cash","  Wear"
"County","Name of agency",".357",".38","Other",,".40",".45","9mm","10mm","Other",,"Supplied"," allowance","  required"
,,,,,,,,,,,,,,
"IOWA",,,,,,,,,,,,,,
,,,,,,,,,,,,,,
"Black Hawk","Waterloo Police","A","A","A",,"S","A","A","A","A",,"All","None","None"
"Linn","Cedar Rapids Police","-","-","S",,"S","-","-","-","-",,"All","None","None"
"Polk","Des Moines Police","A","A","-",,"-","-","A","-","-",,"Some","Some","All"
"Scott","Davenport Police","A","A","-",,"-","-","A","-","-",,"All","None","None"
"Woodbury","Sioux City Police","A","A","-",,"-","S","S","A","-",,"Some","All","None"
,,,,,,,,,,,,,,
"KANSAS",,,,,,,,,,,,,,
,,,,,,,,,,,,,,
"Douglas","Lawrence Police","-","-","-",,"-","-","A","-","-",,"Some","Some","None"
"Johnson","Johnson County Sheriff","-","-","-",,"-","-","S","-","-",,"All","None","None"
"Johnson","Olathe Police","-","-","-",,"S","-","-","-","-",,"All","None","All"
"Johnson","Overland Park Police","-","-","-",,"-","-","S","-","-",,"All","None","All"
"Sedgwick","Sedgwick County Sheriff","-","-","-",,"-","-","S","-","-",,"All","None","None"
"Sedgwick","Wichita Police","A","A","-",,"S","-","A","-","-",,"All","All","None"
"Shawnee","Shawnee County Sheriff","A","A","A",,"A","S","A","A","A",,"All","None","Some"
"Shawnee","Topeka Police","A","A","-",,"-","-","S","-","-",,"All","None","None"
"Wyandotte","Kansas City Police","A","A","-",,"A","-","A","-","-",,"Some","All","None"
,,,,,,,,,,,,,,
"KENTUCKY",,,,,,,,,,,,,,
,,,,,,,,,,,,,,
"Fayette","Lexington-Fayette County Police","-","-","-",,"-","-","S","-","-",,"All","None","All"
"Jefferson","Jefferson County Police","A","A","-",,"-","A","A","-","A",,"All","All","None"
"Jefferson","Jefferson County Sheriff","-","A","A",,"A","A","S","A","-",,"All","None","All"
"Jefferson","Louisville Police","-","-","-",,"-","-","S","-","-",,"All","None","None"
"Kenton","Covington Police","-","-","-",,"-","-","S","-","-",,"All","All","None"
" ",,,,,,,,,,,,,,
"LOUISIANA",,,,,,,,,,,,,,
,,,,,,,,,,,,,,
"Ascension","Ascension Parish Sheriff","S","S","-",,"A","A","A","A","-",,"Some","None","None"
"Bossier","Bossier Police","-","-","-",,"S","-","-","-","-",,"All","None","None"
"Caddo","Caddo Parish Sheriff","-","-","-",,"S","-","-","-","-",,"All","None","None"
"Caddo","Shreveport Police","-","-","-",,"-","-","S","S","-",,"All","None","All"
"Calcasieu","Calcasieu Parish Sheriff","A","A","-",,"A","A","A","A","A",,"All","None","None"
"Calcasieu","Lake Charles Police","-","A","-",,"S","-","-","-","-",,"Some","None","None"
"E. Baton Rouge","E. Baton Rouge Parish Sheriff","-","S","-",,"-","-","-","-","S",,"All","None","Some"
"E. Baton Rouge","Baton Rouge Police","S","S","-",,"S","A","S","-","A",,"All","None","None"
"Jefferson","Kenner Police","-","A","-",,"S","-","A","-","A",,"All","None","All"
"Lafayette","Lafayette Parish Sheriff","A","-","-",,"A","A","A","A","-",,"All","None","All"
"Lafourche","Lafourche Parish Sheriff","A","A","A",,"A","A","A","-","A",,"Some","None","None"
"Orleans","New Orleans Police","A","A","-",,"A","-","A","-","A",,"All","None","All"
"Ouachita","Ouachita Parish Sheriff","S","-","A",,"-","-","-","-","-",,"Some","None","None"
"Ouachita","Monroe Police","S","-","-",,"A","A","A","-","-",,"All","None","None"
"Rapides","Alexandria Police","A","A","A",,"S","A","A","A","A",,"All","None","All"
"St. Bernard","St. Bernard Parish Sheriff","A","-","-",,"A","-","A","-","-",,"None","All","None"
"St. Charles","St. Charles Parish Sheriff","A","A","-",,"A","A","A","-","-",,"Some","Some","None"
"St. John the Baptist","St. John the Baptist Sheriff","A","-","A",,"-","-","A","A","A",,"All","None","Some"
"St. Landry","St. Landry Parish Sheriff","A","A","-",,"-","-","A","-","-",,"All","None","Some"
"St. Tammany","St. Tammany Parish Sheriff","A","A","-",,"A","A","A","A","-",,"All","None","All"
"Terrebonne","Terrebonne Parish Sheriff","S","S","-",,"-","A","S","-","A",,"Some","None","None"
,,,,,,,,,,,,,,
"MARYLAND",,,,,,,,,,,,,,
,,,,,,,,,,,,,,
"Anne Arundel","Anne Arundel County Police","-","-","-",,"S","-","S","-","A",,"All","None","All"
"Anne Arundel","Annapolis Police","-","-","-",,"S","-","-","-","-",,"All","None","None"
"Baltimore(city)","Baltimore Police","-","S","-",,"-","-","S","-","-",,"All","None","All"
"Baltimore","Baltimore County Police","-","-","-",,"-","-","S","-","-",,"All","None","Some"
"Charles","Charles County Sheriff","-","-","-",,"S","-","-","-","-",,"All","None","All"
"Harford","Harford County Sheriff","-","-","-",,"S","-","-","-","-",,"All","None","None"
"Howard","Howard County Police","-","-","-",,"-","-","S","-","S",,"All","None","Some"
"Montgomery","Montgomery County Police","-","-","-",,"-","-","S","-","-",,"All","None","None"
"Prince George's ","Prince George's County Police","-","-","-",,"S","-","S","-","-",,"All","None","All"
,,,,,,,,,,,,,,
"MASSACHUSETTS",,,,,,,,,,,,,,
,,,,,,,,,,,,,,
"Bristol","Fall River Police","-","-","-",,"-","-","S","-","-",,"All","None","None"
"Bristol","New Bedford Police","-","S","-",,"-","-","-","-","S",,"All","None","None"
"Essex","Lawrence Police","-","-","-",,"-","-","S","-","-",,"All","None","None"
"Essex","Lynn Police","-","-","-",,"S","-","-","-","-",,"All","None","None"
"Hampden","Chicopee Police","-","-","S",,"-","-","-","-","-",,"All","None","All"
"Hampden","Holyoke Police","-","-","-",,"S","-","-","-","-",,"All","None","None"
"Hampden","Springfield Police","-","-","-",,"S","-","-","-","-",,"All","None","None"
"Middlesex","Cambridge Police","-","-","-",,"-","-","S","-","S",,"All","None","None"
"Middlesex","Framingham Police","-","-","-",,"-","S","S","-","S",,"All","None","None"
"Middlesex","Lowell Police","-","-","-",,"-","-","S","-","-",,"All","None","None"
"Middlesex","Malden Police","-","-","-",,"S","-","-","-","-",,"All","Some","None"
"Middlesex","Medford Police","-","-","-",,"S","-","-","-","-",,"All","None","Some"
"Middlesex","Newton Police","-","-","-",,"-","-","S","-","-",,"All","None","Some"
"Middlesex","Somerville Police","-","A","-",,"-","-","S","-","A",,"All","None","Some"
"Middlesex","Waltham Police","-","-","-",,"S","-","-","-","-",,"All","None","Some"
,,,,,,,,,,,,,,
,,,,,,,,,,,,,,
,,,,,,,,,,,,,,
,,,,,,,,,,,,,,
,,,,,,,,,,,,,"      Equipment   135",
"Table 14a. - continued",,,,,,,,,,,,,,
,,,,,,,,,,,,,,
,,,,,,,,,,,,,,
,,,,,,,,,,,,,,
,,,"     Type and caliber of sidearm authorized or supplied",,,,,,,,,"  Protective body armor policies",,
,,,"Revolver",,,,"         Semi-automatic",,,,,," Cash","  Wear"
"County","Name of agency",".357",".38","Other",,".40",".45","9mm","10mm","Other",,"Supplied"," allowance","  required"
,,,,,,,,,,,,,,
"MASSACHUSETTS (cont.)",,,,,,,,,,,,,,
,,,,,,,,,,,,,,
"Norfolk","Brookline Police","-","-","-",,"-","-","S","-","-",,"All","None","Some"
"Norfolk","Quincy Police","-","-","-",,"-","-","S","-","S",,"Some","None","None"
"Plymouth","Brockton Police","-","-","-",,"S","-","-","-","-",,"Some","All","Some"
"Suffolk","Boston Police","-","-","-",,"-","-","S","-","-",,"All","None","Some"
"Suffolk","Revere Police","-","-","-",,"S","-","-","-","-",,"All","None","None"
"Worcester ","Worcester Police","S","-","-",,"-","-","S","-","-",,"All","None","None"
,,,,,,,,,,,,,,
"MICHIGAN ",,,,,,,,,,,,,,
,,,,,,,,,,,,,,
"Calhoun","Battle Creek Police","A","A","A",,"S","-","A","A","A",,"All","None","None"
"Genesee","Flint Police","-","-","-",,"-","-","S","-","A",,"All","None","All"
"Ingham","Lansing Police","-","-","-",,"S","-","-","-","-",,"All","None","All"
"Kalamazoo","Kalamazoo Police","-","A","A",,"-","-","S","-","A",,"All","None","None"
"Kent","Kent County Sheriff","A","A","-",,"S","-","-","-","A",,"All","None","None"
"Kent","Grand Rapids Police","-","-","-",,"S","-","-","-","-",,"All","None","None"
"Macomb","Macomb County Sheriff","-","-","-",,"S","-","-","-","-",,"All","None","All"
"Macomb","Sterling Heights Police","-","-","-",,"S","-","-","-","-",,"Some","None","None"
"Macomb","Warren Police","-","-","-",,"S","-","-","-","-",,"None","All","None"
"Oakland ","Oakland County Sheriff","S","A","-",,"-","-","S","-","A",,"All","None","All"
"Oakland ","Farmington Hills Police ","A","A","-",,"S","A","A","A","A",,"All","None","All"
"Oakland","Pontiac Police","-","-","-",,"-","-","S","-","-",,"All","None","All"
"Oakland","Southfield Police","-","S","-",,"-","-","S","-","-",,"All","All","None"
"Oakland","Troy Police","-","-","-",,"-","-","S","-","-",,"None","Some","None"
"Saginaw","Saginaw Police","-","-","-",,"A","A","S","-","-",,"All","None","All"
"Washtenaw","Washtenaw County Sheriff","-","-","-",,"-","-","A","-","-",,"All","None","All"
"Washtenaw","Ann Arbor Police","-","-","-",,"-","-","S","-","A",,"All","None","All"
"Wayne","Wayne County Sheriff","S","A","-",,"-","-","S","-","-",,"All","None","All"
"Wayne","Dearborn Police","-","-","-",,"-","-","S","-","A",,"All","None","All"
"Wayne","Detroit Police","A","A","A",,"S","-","A","-","-",,"All","None","All"
"Wayne","Livonia Police","-","-","-",,"-","-","S","-","-",,"All","None","All"
"Wayne","Taylor Police","-","-","-",,"S","-","-","-","-",,"All","None","All"
"Wayne","Westland Police","A","A","-",,"-","-","S","-","-",,"All","None","All"
,,,,,,,,,,,,,,
"MINNESOTA",,,,,,,,,,,,,,
,,,,,,,,,,,,,,
"Hennepin","Bloomington Police","-","-","-",,"S","A","A","A","-",,"Some","All","None"
"Hennepin","Minneapolis Police","A","A","-",,"-","A","A","-","-",,"None","All","None"
"Ramsey","Ramsey County Sheriff","-","-","-",,"S","-","-","-","-",,"All","None","None"
"Ramsey","St. Paul Police","-","-","-",,"S","-","-","-","-",,"All","All","All"
"St. Louis ","Duluth Police","-","-","-",,"S","-","-","-","-",,"All","None","None"
,,,,,,,,,,,,,,
"MISSISSIPPI",,,,,,,,,,,,,,
,,,,,,,,,,,,,,
"Forrest","Hattiesburg Police","-","-","-",,"-","-","S","-","-",,"All","None","All"
"Harrison","Biloxi Police","S","-","-",,"A","A","S","-","-",,"All","None","All"
"Harrison","Gulfport Police","A","-","A",,"A","S","A","A","A",,"All","None","All"
"Hinds","Jackson Police","-","-","-",,"-","-","S","-","-",,"All","None","None"
"Jackson","Jackson County Sheriff","A","-","-",,"S","A","A","A","-",,"All","None","All"
,,,,,,,,,,,,,,
"MISSOURI",,,,,,,,,,,,,,
,,,,,,,,,,,,,,
"Boone","Columbia Police","-","-","-",,"-","-","S","-","-",,"All","None","None"
"Buchanan ","St. Joseph Police","-","-","-",,"A","A","S","A","-",,"All","None","Some"
"Greene","Springfield Police","A","A","-",,"S","A","A","-","-",,"All","None","None"
"Jackson","Independence Police","-","-","-",,"-","S","-","-","-",,"All","None","All"
"Jackson","Kansas City Police","-","A","-",,"S","-","-","-","-",,"All","None","All"
"Jefferson","Jefferson County Sheriff","-","-","-",,"S","-","-","-","-",,"All","None","All"
"St. Charles","St. Charles County Sheriff","-","-","-",,"S","-","-","-","-",,"All","None","None"
"St. Louis(city)","St. Louis Police","-","-","-",,"-","-","S","-","-",,"All","None","None"
"St. Louis","St. Louis County Police","A","A","-",,"S","-","A","-","A",,"All","None","All"
,,,,,,,,,,,,,,
"MONTANA",,,,,,,,,,,,,,
,,,,,,,,,,,,,,
"Yellowstone","Billings Police","-","-","-",,"S","-","-","S","-",,"All","None","None"
" ",,,,,,,,,,,,,,
"NEBRASKA",,,,,,,,,,,,,,
,,,,,,,,,,,,,,
"Douglas","Omaha Police","-","A","-",,"A","S","A","-","-",,"All","None","All"
"Lancaster","Lincoln Police","-","-","-",,"-","S","S","-","-",,"None","All","None"
,,,,,,,,,,,,,,
"NEVADA",,,,,,,,,,,,,,
,,,,,,,,,,,,,,
"Clark","Las Vegas Metropolitan Police","-","-","-",,"A","A","S","-","-",,"All","None","Some"
"Clark","North Las Vegas Police","-","-","-",,"A","-","A","-","-",,"All","None","None"
"Nye","Nye County Sheriff","A","-","-",,"A","S","A","A","-",,"All","None","All"
"Washoe ","Washoe County Sheriff","S","-","-",,"A","A","S","-","A",,"All","None","None"
"Washoe","Reno Police","A","A","-",,"A","A","S","-","-",,"All","None","None"
,,,,,,,,,,,,,,
,,,,,,,,,,,,,,
,,,,,,,,,,,,,,
,,,,,,,,,,,,,,
,,,,,,,,,,,,,,
,,,,,,,,,,,,,,
"136   Law Enforcement Management and Administrative Statistics, 1997",,,,,,,,,,,,,,
"Table 14a. - continued",,,,,,,,,,,,,,
,,,,,,,,,,,,,,
,,,,,,,,,,,,,,
,,,,,,,,,,,,,,
,,,"     Type and caliber of sidearm authorized or supplied",,,,,,,,,"  Protective body armor policies",,
,,,"Revolver",,,,"         Semi-automatic",,,,,," Cash","  Wear"
"County","Name of agency",".357",".38","Other",,".40",".45","9mm","10mm","Other",,"Supplied"," allowance","  required"
,,,,,,,,,,,,,,
"NEW HAMPSHIRE",,,,,,,,,,,,,,
,,,,,,,,,,,,,,
"Hillsborough","Manchester Police","-","-","-",,"S","-","-","-","-",,"All","None","All"
"Hillsborough","Nashua Police","-","-","-",,"S","-","S","-","S",,"None","All","None"
,,,,,,,,,,,,,,
"NEW JERSEY",,,,,,,,,,,,,,
,,,,,,,,,,,,,,
"Atlantic","Atlantic City Police","-","-","-",,"S","-","S","-","S",,"All","None","All"
"Camden","Camden Police","-","-","-",,"-","-","S","-","-",,"Some","None","None"
"Camden","Cherry Hill Police","-","-","-",,"S","-","-","-","-",,"All","None","None"
"Essex","Bloomfield Police","-","-","-",,"S","-","-","-","-",,"All","None","None"
"Essex","East Orange Police","-","-","-",,"-","-","S","-","-",,"None","None","None"
"Essex","Irvington Police","-","-","-",,"S","-","-","-","-",,"None","None","None"
"Essex","Newark Police","-","-","-",,"-","-","S","-","-",,"None","None","None"
"Essex","West Orange Police","-","-","-",,"S","-","-","-","-",,"All","None","All"
"Hudson","Hudson County Sheriff","-","-","-",,"A","-","-","-","-",,"None","None","None"
"Hudson","Bayonne Police","-","A","-",,"-","-","S","-","-",,"All","None","None"
"Hudson","Hoboken Police","-","A","-",,"-","-","A","-","-",,"None","None","None"
"Hudson","Jersey City Police","-","A","-",,"-","-","A","-","-",,"None","None","None"
"Hudson","North Bergen Police","-","-","-",,"-","-","A","-","-",,"All","None","All"
"Hudson","Union City Police","-","A","-",,"-","-","A","-","A",,"None","All","None"
"Hudson","West New York Police","-","A","-",,"-","-","A","-","-",,"All","None","None"
"Mercer","Hamilton Police","-","-","-",,"A","S","S","A","-",,"None","None","None"
"Mercer","Trenton Police","-","-","-",,"S","-","-","-","-",,"All","None","None"
"Middlesex","Edison Police","-","-","-",,"S","-","-","-","-",,"Some","None","None"
"Middlesex","New Brunswick Police","-","-","-",,"S","-","-","-","-",,"All","None","None"
"Middlesex","Perth Amboy Police","-","-","-",,"-","-","S","-","A",,"None","All","None"
"Middlesex","Woodbridge Police","-","A","-",,"S","-","A","-","A",,"All","None","None"
"Monmouth","Long Branch Police","-","-","-",,"-","-","S","-","-",,"None","None","None"
"Morris","Parsippany Police","-","-","-",,"A","-","S","-","A",,"Some","All","None"
"Ocean","Brick Township Police","-","-","-",,"-","-","-","S","-",,"All","None","All"
"Ocean","Dover Township Police","-","-","-",,"-","-","-","S","-",,"All","None","None"
"Passaic","Passaic County Sheriff","-","-","-",,"-","-","S","-","-",,"All","None","None"
"Passaic","Clifton Police","A","A","-",,"-","-","A","-","-",,"None","None","None"
"Passaic","Passaic Police","-","-","-",,"-","-","S","-","-",,"All","None","All"
"Passaic","Wayne Police","-","A","-",,"A","A","-","-","-",,"All","None","None"
"Union ","Union County Sheriff","-","-","-",,"S","-","-","-","S",,"All","None","All"
"Union","Elizabeth Police","-","-","-",,"-","-","S","-","-",,"All","None","All"
"Union","Linden Police","-","-","-",,"-","-","-","-","S",,"All","All","All"
"Union","Plainfield Police","-","-","-",,"-","-","S","-","-",,"All","None","Some"
"Union","Union Police","-","-","-",,"S","-","-","-","-",,"All","None","None"
,,,,,,,,,,,,,,
"NEW MEXICO",,,,,,,,,,,,,,
,,,,,,,,,,,,,,
"Bernalillo","Bernalillo County Sheriff","-","-","-",,"S","-","-","-","-",,"All","None","All"
"Bernalillo","Albuquerque Police","A","A","A",,"A","A","S","A","-",,"All","None","All"
"Dona Ana","Las Cruces Police","A","A","A",,"A","A","A","-","-",,"All","None","All"
"Santa Fe ","Santa Fe Police","S","A","-",,"A","A","S","A","A",,"All","All","All"
,,,,,,,,,,,,,,
"NEW YORK",,,,,,,,,,,,,,
,,,,,,,,,,,,,,
"Albany","Albany Police","-","-","-",,"-","-","S","-","-",,"All","None","All"
"Albany","Colonie Police","-","-","-",,"-","S","-","-","-",,"All","None","None"
"Broome","Binghamton Police","-","-","-",,"S","-","-","-","-",,"All","None","All"
"Dutchess","Dutchess County Sheriff","-","-","-",,"-","-","S","-","-",,"All","None","None"
"Erie","Erie County Sheriff","A","A","-",,"S","-","-","-","-",,"All","None","None"
"Erie","Amherst Police","-","-","-",,"S","-","-","-","-",,"All","None","All"
"Erie","Buffalo Police","A","A","A",,"A","A","S","A","A",,"All","None","None"
"Erie","Cheektowaga Police","A","A","A",,"S","A","A","A","A",,"All","None","None"
"Erie","Tonawanda Police","-","-","-",,"-","-","S","-","-",,"None","All","None"
"Monroe","Monroe County Sheriff","-","-","-",,"-","-","S","-","-",,"All","None","None"
"Monroe","Rochester Police","-","-","-",,"-","-","S","-","-",,"All","None","All"
"Nassau","Nassau County Police","-","A","-",,"-","-","S","-","-",,"All","None","None"
"Nassau","Hempstead Police","-","A","-",,"-","A","A","-","-",,"All","None","All"
"New York City","New York City Police","-","A","-",,"-","-","S","-","-",,"All","None","All"
"Niagara","Niagara County Sheriff","-","-","-",,"-","-","S","-","-",,"All","None","Some"
"Niagara","Niagara Falls Police","-","-","-",,"-","-","S","-","-",,"All","None","None"
"Onondaga","Onondaga County Sheriff","-","-","-",,"-","S","-","-","-",,"All","None","Some"
"Onondaga","Syracuse Police","-","-","-",,"-","S","-","-","-",,"All","None","All"
"Oswego","Oswego County Sheriff","-","-","-",,"S","-","-","-","-",,"All","None","All"
"Rensselaer","Troy Police","-","-","-",,"-","-","S","-","-",,"All","All","All"
"Rockland","Clarkstown Police","-","-","-",,"-","-","S","-","-",,"All","None","None"
"Rockland","Ramapo Police","-","-","-",,"-","-","S","-","-",,"All","None","None"
"Schenectady ","Schenectady Police","-","-","-",,"S","-","-","-","-",,"All","None","None"
"Suffolk","Suffolk County Police","-","A","-",,"-","-","S","-","-",,"All","None","None"
"Westchester","Westchester County Police","-","S","-",,"-","-","S","A","A",,"All","None","None"
"Westchester","Greenburgh Police","-","-","-",,"S","-","-","-","-",,"All","None","All"
"Westchester","Mt. Vernon Police","-","-","-",,"-","-","A","-","-",,"All","None","Some"
"Westchester","New Rochelle Police","-","-","-",,"S","-","-","-","-",,"All","None","All"
"Westchester","White Plains Police","-","-","-",,"-","-","S","-","-",,"All","None","None"
"Westchester","Yonkers Police","-","S","-",,"-","-","S","-","-",,"All","None","All"
,,,,,,,,,,,,,,
,,,,,,,,,,,,,,
,,,,,,,,,,,,,,
,,,,,,,,,,,,,,
,,,,,,,,,,,,,"      Equipment   137",
"Table 14a. - continued",,,,,,,,,,,,,,
,,,,,,,,,,,,,,
,,,,,,,,,,,,,,
,,,,,,,,,,,,,,
,,,"     Type and caliber of sidearm authorized or supplied",,,,,,,,,"  Protective body armor policies",,
,,,"Revolver",,,,"         Semi-automatic",,,,,," Cash","  Wear"
"County","Name of agency",".357",".38","Other",,".40",".45","9mm","10mm","Other",,"Supplied"," allowance","  required"
,,,,,,,,,,,,,,
"NORTH CAROLINA",,,,,,,,,,,,,,
,,,,,,,,,,,,,,
"Alamance","Burlington Police","-","-","-",,"S","-","-","-","-",,"All","None","None"
"Buncombe","Buncombe County Sheriff","-","-","-",,"-","S","-","-","-",,"All","None","None"
"Buncombe","Asheville Police","-","-","-",,"-","S","-","-","-",,"All","None","None"
"Cabarrus","Cabarrus County Sheriff","-","-","-",,"-","-","S","-","-",,"All","None","All"
"Cumberland","Cumberland County Sheriff","-","-","-",,"-","-","S","-","-",,"All","None","None"
"Cumberland","Fayetteville Police","-","-","-",,"S","-","-","-","-",,"All","None","All"
"Durham","Durham Police","-","-","S",,"-","-","-","-","-",,"All","None","All"
"Forsyth","Winston-Salem Police","-","-","-",,"S","-","-","-","-",,"All","None","Some"
"Gaston","Gaston County Police","-","-","-",,"-","S","-","-","-",,"All","None","None"
"Gaston","Gastonia Police","-","-","-",,"-","-","S","-","-",,"All","None","Some"
"Guilford","Guilford County Sheriff","-","-","-",,"S","-","-","-","S",,"All","None","None"
"Guilford","Greensboro Police","-","-","-",,"-","-","S","-","-",,"All","None","None"
"Guilford","High Point Police","-","-","-",,"S","-","-","-","-",,"All","None","All"
"Mecklenburg","Charlotte-Mecklenburg Police","-","-","-",,"S","-","S","-","-",,"All","None","None"
"Nash","Rocky Mount Police","-","A","A",,"-","-","S","-","-",,"All","None","Some"
"New Hanover","Wilmington Police","-","-","-",,"-","-","S","-","-",,"All","None","None"
"Pitt","Greenville Police","A","A","A",,"A","S","A","A","A",,"All","None","None"
"Wake","Wake County Sheriff","-","-","-",,"-","-","S","-","-",,"All","None","None"
"Wake","Raleigh Police","-","-","-",,"-","-","-","S","-",,"All","None","None"
,,,,,,,,,,,,,,
"OHIO",,,,,,,,,,,,,,
,,,,,,,,,,,,,,
"Butler","Butler County Sheriff","-","-","-",,"S","-","-","-","A",,"All","All","Some"
"Butler","Hamilton Police","-","-","-",,"-","-","S","-","-",,"All","None","All"
"Cuyahoga","Cleveland Police","-","A","A",,"-","-","S","-","-",,"All","None","Some"
"Cuyahoga","Euclid Police","A","A","-",,"A","S","S","A","A",,"None","All","None"
"Franklin","Franklin County Sheriff","-","-","-",,"-","A","S","-","A",,"All","None","All"
"Franklin","Columbus Police","-","S","-",,"-","S","S","-","-",,"All","None","Some"
"Hamilton","Hamilton County Sheriff","-","-","-",,"S","-","-","-","-",,"All","None","None"
"Hamilton","Cincinnati Police","-","-","-",,"-","-","S","-","-",,"All","None","All"
"Lorain","Lorain Police","-","-","-",,"-","S","S","-","-",,"All","None","All"
"Lucas","Toledo Police","-","-","-",,"-","-","S","-","-",,"All","None","All"
"Mahoning","Youngstown Police","-","-","-",,"-","-","S","-","-",,"None","All","All"
"Montgomery","Dayton Police","-","-","-",,"S","-","-","-","-",,"All","None","None"
"Stark","Canton Police","-","-","-",,"-","S","-","-","-",,"None","All","None"
"Summit","Akron Police","-","-","S",,"-","-","-","-","-",,"All","None","All"
,,,,,,,,,,,,,,
"OKLAHOMA",,,,,,,,,,,,,,
,,,,,,,,,,,,,,
"Cleveland","Norman Police","A","-","S",,"A","A","A","-","-",,"All","None","Some"
"Comanche","Lawton Police","-","-","-",,"-","-","S","-","-",,"All","None","None"
"Oklahoma","Oklahoma County Sheriff","A","-","-",,"A","A","A","A","-",,"All","None","All"
"Oklahoma","Oklahoma City Police","A","A","-",,"-","A","S","-","-",,"Some","All","All"
"Tulsa ","Tulsa County Sheriff","-","-","-",,"-","S","A","-","-",,"All","Some","All"
"Tulsa","Tulsa Police","-","-","-",,"S","-","-","-","-",,"All","None","None"
,,,,,,,,,,,,,,
"OREGON",,,,,,,,,,,,,,
,,,,,,,,,,,,,,
"Clackamas","Clackamas County Sheriff","A","-","-",,"A","A","A","A","-",,"All","None","None"
"Lane ","Lane County Sheriff","-","-","-",,"-","-","S","-","-",,"All","None","All"
"Lane ","Eugene Police","-","-","-",,"-","S","-","-","-",,"All","None","None"
"Linn ","Linn County Sheriff","S","-","-",,"A","A","A","-","-",,"All","None","None"
"Marion","Salem Police","A","A","A",,"A","S","A","A","A",,"All","None","None"
"Multnomah","Portland Police","-","A","-",,"-","S","S","-","-",,"All","Some","All"
"Washington","Washington County Sheriff","A","A","A",,"A","A","A","-","A",,"All","None","All"
" ",,,,,,,,,,,,,,
"PENNSYLVANIA",,,,,,,,,,,,,,
" ",,,,,,,,,,,,,,
"Allegheny","Allegheny County Police","-","-","-",,"S","-","-","-","-",,"All","None","Some"
"Allegheny","Pittsburgh Police","-","S","-",,"A","-","A","-","-",,"All","None","None"
"Berks","Reading Police","-","-","-",,"-","-","S","-","-",,"All","None","All"
"Dauphin","Harrisburg Police","-","-","-",,"-","A","-","-","-",,"All","All","None"
"Delaware","Upper Darby Township Police","-","-","-",,"-","-","S","-","-",,"None","All","None"
"Erie","Erie Police","-","-","-",,"-","-","S","-","-",,"All","None","All"
"Lancaster","Lancaster Police","-","-","-",,"S","-","-","-","-",,"All","None","All"
"Lehigh","Allentown Police","-","-","-",,"S","-","-","-","-",,"All","None","None"
"Montgomery","Lower Merion Township Police","-","-","-",,"-","-","S","-","-",,"All","None","All"
"Northampton","Bethlehem Police","-","-","-",,"-","-","S","-","-",,"Some","None","None"
"Philadelphia","Philadelphia Police","S","S","-",,"-","-","S","-","-",,"All","None","All"
,,,,,,,,,,,,,,
"RHODE ISLAND",,,,,,,,,,,,,,
,,,,,,,,,,,,,,
"Kent ","Warwick Police","-","-","-",,"S","-","-","-","-",,"Some","All","Some"
"Providence","Cranston Police","-","-","-",,"S","-","-","-","-",,"None","None","None"
"Providence","Pawtucket Police","-","-","-",,"S","-","-","-","-",,"None","All","None"
"Providence","Providence Police","-","-","-",,"S","-","S","-","-",,"All","None","All"
"Providence","Woonsocket Police","-","-","-",,"-","S","-","-","-",,"Some","None","None"
,,,,,,,,,,,,,,
,,,,,,,,,,,,,,
,,,,,,,,,,,,,,
,,,,,,,,,,,,,,
,,,,,,,,,,,,,,
,,,,,,,,,,,,,,
"138   Law Enforcement Management and Administrative Statistics, 1997",,,,,,,,,,,,,,
"Table 14a. - continued",,,,,,,,,,,,,,
,,,,,,,,,,,,,,
,,,,,,,,,,,,,,
,,,,,,,,,,,,,,
,,,"     Type and caliber of sidearm authorized or supplied",,,,,,,,,"  Protective body armor policies",,
,,,"Revolver",,,,"         Semi-automatic",,,,,," Cash","  Wear"
"County","Name of agency",".357",".38","Other",,".40",".45","9mm","10mm","Other",,"Supplied"," allowance","  required"
,,,,,,,,,,,,,,
"SOUTH CAROLINA",,,,,,,,,,,,,,
,,,,,,,,,,,,,,
"Anderson","Anderson County Sheriff","-","-","-",,"S","-","-","-","-",,"All","None","None"
"Beaufort","Beaufort County Sheriff","A","A","-",,"S","A","A","A","A",,"All","None","All"
"Charleston","Charleston County Sheriff","-","-","-",,"S","-","-","-","-",,"All","None","None"
"Charleston","Charleston Police","-","-","-",,"-","S","-","-","-",,"All","None","None"
"Greenville","Greenville County Sheriff","-","-","-",,"S","-","S","-","-",,"All","None","None"
"Greenville","Greenville Police","-","-","-",,"-","-","S","-","-",,"All","None","None"
"Horry","Horry County Police","-","-","-",,"S","-","-","-","-",,"All","None","All"
"Horry","Myrtle Beach Police","-","-","-",,"S","-","-","-","-",,"All","None","All"
"Richland","Richland County Sheriff","A","A","A",,"S","-","A","-","A",,"Some","None","Some"
"Richland","Columbia Police","-","S","-",,"-","-","-","-","-",,"All","None","All"
"Spartanburg","Spartanburg County Sheriff","-","-","-",,"-","-","S","-","-",,"All","None","All"
"Spartanburg","Spartanburg Police","-","-","-",,"-","-","S","-","-",,"All","None","None"
,,,,,,,,,,,,,,
"SOUTH DAKOTA",,,,,,,,,,,,,,
,,,,,,,,,,,,,,
"Minnehaha","Sioux Falls Police","-","-","-",,"-","-","S","-","-",,"All","None","None"
,,,,,,,,,,,,,,
"TENNESSEE",,,,,,,,,,,,,,
,,,,,,,,,,,,,,
"Davidson","Nashville Metropolitan Police","-","-","-",,"S","-","-","-","-",,"All","None","None"
"Hamilton","Hamilton County Sheriff","A","-","-",,"A","A","A","A","-",,"All","None","None"
"Hamilton","Chattanooga Police","-","-","-",,"-","S","S","-","-",,"All","None","All"
"Knox","Knox County Sheriff","-","-","-",,"S","-","-","-","-",,"All","None","None"
"Knox","Knoxville Police","-","-","-",,"-","-","S","-","-",,"All","None","None"
"Madison","Jackson Police","A","A","A",,"S","A","A","-","-",,"All","None","None"
"Montgomery","Clarksville Police","-","-","-",,"S","-","-","-","-",,"All","None","All"
"Rutherford","Murfreesboro Police","-","-","-",,"-","-","-","S","-",,"All","None","None"
"Shelby","Memphis Police","-","-","-",,"S","-","-","-","-",,"All","None","Some"
"Sullivan","Sullivan County Sheriff","-","-","-",,"S","-","-","-","-",,"All","None","All"
"Washington","Johnson City Police","-","-","-",,"-","-","S","-","-",,"All","None","All"
,,,,,,,,,,,,,,
"TEXAS",,,,,,,,,,,,,,
,,,,,,,,,,,,,,
"Bell","Killeen Police","A","A","A",,"A","A","A","A","A",,"All","All","Some"
"Bell","Temple Police","-","-","-",,"-","A","S","-","A",,"Some","None","Some"
"Bexar","Bexar County Sheriff","-","-","-",,"S","-","-","-","-",,"All","None","All"
"Bexar","San Antonio Police","-","-","-",,"S","-","-","-","-",,"All","None","None"
"Cameron","Brownsville Police","-","-","-",,"-","S","A","-","-",,"All","None","None"
"Cameron","Harlingen Police","-","-","-",,"-","-","S","-","A",,"All","None","None"
"Collin","Plano Police","A","A","A",,"A","A","S","-","-",,"All","All","None"
"Dallas ","Carrollton Police","-","-","-",,"S","-","-","-","-",,"All","None","None"
"Dallas","Dallas Police","-","-","-",,"-","-","S","-","-",,"All","None","All"
"Dallas","Garland Police","-","-","-",,"S","S","S","-","-",,"All","None","All"
"Dallas","Grand Prairie Police","A","A","A",,"A","A","A","A","A",,"All","None","None"
"Dallas","Irving Police","S","-","-",,"A","-","S","-","-",,"All","None","Some"
"Dallas","Mesquite Police","S","A","A",,"A","A","S","A","A",,"All","None","None"
"Dallas","Richardson Police","-","A","A",,"A","A","A","-","A",,"All","None","All"
"Denton","Denton Police","-","A","A",,"A","A","A","A","A",,"All","None","None"
"Ector","Odessa Police","A","A","-",,"-","S","S","-","-",,"None","None","None"
"El Paso","El Paso Police","A","A","-",,"-","-","A","-","-",,"All","None","Some"
"Fort Bend","Fort Bend County Sheriff","A","A","A",,"A","A","A","A","A",,"All","None","Some"
"Gregg","Longview Police","-","A","A",,"A","A","A","-","A",,"Some","None","Some"
"Harris","Harris County Sheriff","A","A","-",,"A","A","A","A","A",,"All","None","All"
"Harris","Baytown Police","-","-","-",,"-","-","-","S","-",,"All","None","All"
"Harris","Houston Police","A","A","A",,"A","A","A","A","A",,"All","None","Some"
"Harris","Pasadena Police","A","A","A",,"A","A","A","A","A",,"All","None","None"
"Hidalgo","Hidalgo County Sheriff","-","-","-",,"-","S","A","-","A",,"All","None","All"
"Hidalgo","McAllen Police","-","-","-",,"S","-","-","-","-",,"All","None","All"
"Jefferson","Beaumont Police","A","A","A",,"A","A","A","A","-",,"None","All","None"
"Jefferson","Port Arthur Police","-","A","-",,"A","A","A","-","-",,"All","None","All"
"Lubbock","Lubbock Police","A","A","-",,"S","A","A","A","-",,"All","None","Some"
"McLennan","Waco Police","A","A","A",,"A","A","S","-","A",,"All","None","Some"
"Midland","Midland Police","A","A","-",,"S","S","S","A","-",,"All","None","None"
"Nueces","Corpus Christi Police","S","S","-",,"-","-","A","-","-",,"All","None","All"
"Potter","Amarillo Police","S","-","-",,"S","-","S","-","-",,"All","None","None"
"Smith","Tyler Police","A","A","-",,"A","A","A","-","A",,"All","None","Some"
"Tarrant","Tarrant County Sheriff","A","A","-",,"A","A","A","A","-",,"All","None","All"
"Tarrant","Arlington Police","S","A","-",,"A","A","S","A","-",,"All","None","None"
"Tarrant","Fort Worth Police","A","A","-",,"S","A","A","A","-",,"All","None","None"
"Taylor","Abilene Police","S","-","A",,"A","A","A","S","A",,"All","None","All"
"Tom Green","San Angelo Police","S","-","-",,"A","A","A","A","-",,"All","None","None"
"Travis","Travis County Sheriff","S","-","-",,"A","A","A","A","-",,"All","None","None"
"Travis","Austin Police","S","A","-",,"A","A","S","A","-",,"All","None","None"
"Webb","Laredo Police","A","A","-",,"-","S","-","-","-",,"All","None","All"
"Wichita","Wichita Falls Police","A","A","-",,"-","A","A","-","-",,"All","None","None"
"Williamson","Williamson County Sheriff","A","A","-",,"A","A","A","A","A",,"All","None","All"
,,,,,,,,,,,,,,
,,,,,,,,,,,,,,
,,,,,,,,,,,,,,
,,,,,,,,,,,,,,
,,,,,,,,,,,,,,
,,,,,,,,,,,,,,
,,,,,,,,,,,,,,
,,,,,,,,,,,,,"      Equipment   139",
"Table 14a. - continued",,,,,,,,,,,,,,
,,,,,,,,,,,,,,
,,,,,,,,,,,,,,
,,,,,,,,,,,,,,
,,,"     Type and caliber of sidearm authorized or supplied",,,,,,,,,"  Protective body armor policies",,
,,,"Revolver",,,,"         Semi-automatic",,,,,," Cash","  Wear"
"County","Name of agency",".357",".38","Other",,".40",".45","9mm","10mm","Other",,"Supplied"," allowance","  required"
,,,,,,,,,,,,,,
"UTAH",,,,,,,,,,,,,,
,,,,,,,,,,,,,,
"Salt Lake","Salt Lake City Police","-","-","-",,"-","-","S","A","-",,"All","None","None"
"Salt Lake","West Valley City Police","-","-","-",,"A","A","S","A","A",,"All","None","All"
"Weber","Ogden Police","-","-","-",,"S","-","-","-","-",,"None","All","None"
,,,,,,,,,,,,,,
"VIRGINIA",,,,,,,,,,,,,,
,,,,,,,,,,,,,,
"Alexandria(city)","Alexandria Police","A","A","A",,"S","A","A","A","A",,"All","None","Some"
"Arlington","Arlington County Police","-","-","-",,"S","-","-","-","-",,"All","None","None"
"Chesapeake(city)","Chesapeake Police","-","-","-",,"-","-","S","-","-",,"All","None","None"
"Chesterfield","Chesterfield County Police","A","A","A",,"S","A","A","A","A",,"All","None","None"
"Danville(city)","Danville Police","-","-","-",,"S","-","-","-","-",,"All","None","All"
"Fairfax","Fairfax County Police","-","A","-",,"-","-","S","-","-",,"All","None","None"
"Hampton(city)","Hampton Police","-","-","-",,"-","S","-","-","-",,"All","None","All"
"Hanover","Hanover County Sheriff","-","-","-",,"-","S","-","-","-",,"All","None","Some"
"Henrico","Henrico County Police","-","-","-",,"-","S","-","-","-",,"All","None","None"
"Loudoun","Loudoun County Sheriff","-","-","-",,"S","-","-","-","-",,"All","None","None"
"Lynchburg(city)","Lynchburg Police","-","-","-",,"S","-","-","-","-",,"All","None","All"
"Newport News(city)","Newport News Police","-","-","-",,"-","-","S","-","-",,"All","None","None"
"Norfolk(city)","Norfolk Police","-","-","-",,"A","A","S","A","A",,"All","None","None"
"Petersburg(city)","Petersburg Police","-","-","-",,"A","-","A","-","-",,"All","None","All"
"Portsmouth(city)","Portsmouth Police","-","-","-",,"-","-","S","-","-",,"All","None","None"
"Prince William","Prince William County Police","-","-","-",,"-","-","A","S","-",,"All","None","None"
"Richmond(city)","Richmond Police","-","-","-",,"-","-","S","-","-",,"All","None","None"
"Roanoke(city)","Roanoke Police","-","-","-",,"S","-","-","-","-",,"All","None","None"
"Suffolk(city)","Suffolk Police","-","S","-",,"-","-","S","-","-",,"All","None","None"
"Virginia Beach(city)","Virginia Beach Police","-","-","-",,"-","-","S","-","-",,"All","None","Some"
,,,,,,,,,,,,,,
"WASHINGTON",,,,,,,,,,,,,,
,,,,,,,,,,,,,,
"Clark","Clark County Sheriff","A","-","-",,"A","A","S","-","-",,"All","None","All"
"Clark","Vancouver Police","A","A","-",,"A","A","A","A","-",,"All","None","All"
"King","King County Sheriff","A","-","A",,"A","A","A","-","-",,"All","None","All"
"King","Bellevue Police","-","-","-",,"-","-","S","-","A",,"All","None","All"
"King","Kent Police","A","-","A",,"-","-","-","-","-",,"All","None","All"
"King ","Seattle Police","S","S","-",,"S","A","A","-","-",,"All","Some","All"
"Pierce","Pierce County Sheriff","A","A","-",,"A","A","S","A","-",,"All","None","All"
"Pierce","Tacoma Police","A","A","A",,"S","A","A","A","A",,"All","None","All"
"Snohomish","Snohomish County Sheriff","-","-","-",,"S","A","A","-","-",,"All","None","All"
"Snohomish","Everett Police","A","A","A",,"S","A","S","A","A",,"All","None","All"
"Spokane ","Spokane County Sheriff","A","A","-",,"S","A","A","S","-",,"All","None","All"
"Spokane","Spokane Police","A","A","-",,"S","-","A","-","A",,"All","None","All"
"Thurston","Thurston County Sheriff","A","A","A",,"A","A","A","A","A",,"All","None","All"
"Yakima","Yakima Police","A","A","A",,"A","A","A","-","A",,"All","None","All"
,,,,,,,,,,,,,,
"WEST VIRGINIA",,,,,,,,,,,,,,
,,,,,,,,,,,,,,
"Cabell","Huntington Police","-","-","-",,"S","-","-","-","-",,"None","None","None"
"Kanawha","Charleston Police","-","-","-",,"S","-","S","-","-",,"All","None","All"
,,,,,,,,,,,,,,
"WISCONSIN",,,,,,,,,,,,,,
,,,,,,,,,,,,,,
"Brown","Brown County Sheriff","-","-","-",,"-","-","S","-","-",,"All","None","Some"
"Brown","Green Bay Police","-","-","-",,"-","-","S","-","-",,"None","All","All"
"Dane","Dane County Sheriff","-","-","-",,"-","A","A","-","A",,"All","None","None"
"Dane ","Madison Police","A","A","-",,"-","A","A","-","-",,"All","All","None"
"Kenosha","Kenosha Police","-","-","-",,"-","S","-","-","-",,"None","None","None"
"Milwaukee","Milwaukee County Sheriff","-","-","-",,"S","-","-","-","-",,"All","None","All"
"Milwaukee","Milwaukee Police","-","-","-",,"S","-","S","-","-",,"All","None","Some"
"Milwaukee","West Allis Police","-","-","-",,"-","A","A","-","-",,"All","Some","All"
"Outgamie","Appleton Police","-","A","-",,"-","-","A","-","-",,"Some","None","Some"
"Racine","Racine Police","-","-","-",,"-","-","A","-","-",,"All","None","None"
"Waukesha","Waukesha County Sheriff","A","-","A",,"S","A","A","A","-",,"None","All","All"
,,,,,,,,,,,,,,
,,,,,,,,,,,,,,
"Note:  Codes for sidearms are as follows:",,,,,,,,,,,,,,
,,,,,,,,,,,,,,
,"""A""'=Authorized for use, but not supplied to field/patrol officers",,,,,,,,,,,,,
,"""S""'=Supplied to field/patrol officers",,,,,,,,,,,,,
,,,,,,,,,,,,,,
"Body armor policies apply to ""all"", ""some"", or ""none"" of the agency's field/patrol officers.",,,,,,,,,,,,,,
,,,,,,,,,,,,,,
,,,,,,,,,,,,,,
,,,,,,,,,,,,,,
,,,,,,,,,,,,,,
,,,,,,,,,,,,,,
,,,,,,,,,,,,,,
,,,,,,,,,,,,,,
,,,,,,,,,,,,,,
,,,,,,,,,,,,,,
,,,,,,,,,,,,,,
,,,,,,,,,,,,,,
,,,,,,,,,,,,,,
,,,,,,,,,,,,,,
"140   Law Enforcement Management and Administrative Statistics, 1997",,,,,,,,,,,,,,
