Bureau of Justice Statistics,,
filename:  lpd03f14.csv,,
"Figure 14. Uses of citizen survey information by local police departments, 2003",,
"title: Local Police Departments 2003, NCJ 210118",,
data source:  2003 Law Enforcement Management and Administrative Statistics,,
"authors:  Matthew J. Hickman, Ph.D. and Brian A. Reaves, Ph.D.",,
refer questions to: askbjs@usdoj.gov (202)307-0765,,
date of version: 4/26/06,,

"Figure 14. Uses of citizen survey information by local police departments, 2003",,

,Percent of agencies that surveyed citizens,
Redistrict beats/reporting areas,12,%
Training development,37,
Allocate resources to neighborhoods,38,
Prioritize crime/disorder problems,43,
Evaluate program effectiveness,45
Evaluate officer performance,49
Provide information to patrol officers,61
Evaluate agency performance,76
