Bureau of Justice Statistics,,,,
filename:  lpd0332.csv,,,,
"Table 32.  Drug asset forfeiture program receipts of local police departments, by size of population served, 2002",,,,
"title: Local Police Departments 2003, NCJ 210118",,,,
data source:  2003 Law Enforcement Management and Administrative Statistics,,,,
"authors:  Matthew J. Hickman, Ph.D. and Brian A. Reaves, Ph.D.",,,,
refer questions to: askbjs@usdoj.gov (202)307-0765,,,,
date of version: 4/26/06,,,,

"Table 32.  Drug asset forfeiture program receipts of local police departments, by size of population served, 2002",,,,

,Asset forfeiture receipts during 2002,,,
 Population  served,Percent of  agencies with receipts*,,"Value of money, goods,  and property received",
,,,Total,Median*

  All sizes,36,%,"$298,314,300 ","$7,000 "

"1,000,000 or more",93,%,"$55,964,900 ","$1,177,000 "
"500,000-999,999",100,,"$30,710,200 ","$579,300 "
"250,000-499,999",98,,"$30,275,200 ","$294,800 "
"100,000-249,999",97,,"$50,556,700 ","$126,900 "
"50,000-99,999",89,,"$45,156,900 ","$39,300 "
"25,000-49,999",80,,"$26,664,200 ","$12,400 "
"10,000-24,999",57,,"$28,116,700 ","$8,000 "
"2,500-9,999",35,,"$25,905,900 ","$4,000 "
"Under 2,500",16,,"$4,963,600 ","$2,000 "
 *Excludes agencies not having drug asset forfeiture receipts.  ,,,,
