Bureau of Justice Statistics,,,,,,,,
filename:  lpd0373.csv,,,,,,,,
"Table 73.  Methods for transmitting criminal incident reports  to the central information system in local police departments,  by size of population served, 2003",,,,,,,,
"title: Local Police Departments 2003, NCJ 210118",,,,,,,,
data source:  2003 Law Enforcement Management and Administrative Statistics,,,,,,,,
"authors:  Matthew J. Hickman, Ph.D. and Brian A. Reaves, Ph.D.",,,,,,,,
refer questions to: askbjs@usdoj.gov (202)307-0765,,,,,,,,
date of version: 4/26/06,,,,,,,,

"Table 73.  Methods for transmitting criminal incident reports to the central information system in local police departments, by size of population served, 2003",,,,,,,,

,Primary transmission method,,,,,,,
Population served, Total,,Paper report,,Computer/data device,,Telephone/wireless,

  All sizes,99,%,55,%,38,%,5,%

"1,000,000 or more",100,%,56,%,31,%,13,%
"500,000-999,999",100,,71,,13,,16,
"250,000-499,999",100,,68,,10,,22,
"100,000-249,999",100,,62,,22,,16,
"50,000-99,999",100,,65,,23,,12,
"25,000-49,999",100,,49,,40,,11,
"10,000-24,999",100,,45,,50,,5,
"2,500-9,999",100,,47,,50,,3,
"Under 2,500",98,,65,,27,,5,
Note:  Detail may not add to total because of rounding.  ,,,,,,,,
