Bureau of Justice Statistics,,
filename:  lpd0348.csv,,
"Table 48.  Work-related policies in local police departments, by size of population served, 2003",,
"title: Local Police Departments 2003, NCJ 210118",,
data source:  2000 Law Enforcement Management and Administrative Statistics,,
"authors:  Matthew J. Hickman, Ph.D. and Brian A. Reaves, Ph.D.",,
refer questions to: askbjs@ojp.usdoj.gov (202)307-0765,,
date of version: 10/17/05,,

"Table 48.  Work-related policies in local police departments, by size of population served, 2003",,

,Percent of agencies with a written policy on:,
Population served,Maximum  work hours,Off-duty employment

  All sizes,49%,81%

"1,000,000 or more",94,100
"500,000-999,999",81,100
"250,000-499,999",63,100
"100,000-249,999",71,99
"50,000-99,999",67,98
"25,000-49,999",69,99
"10,000-24,999",63,95
"2,500-9,999",53,88
"Under 2,500",36,66
