Bureau of Justice Statistics,,
filename:  lpd03f13.csv,,
"Figure 13. Groups with which local police departments had problem-solving partnerships or written agreements during the year ending June 30, 2003",,
"title: Local Police Departments 2003, NCJ 210118",,
data source:  2003 Law Enforcement Management and Administrative Statistics,,
"authors:  Matthew J. Hickman, Ph.D. and Brian A. Reaves, Ph.D.",,
refer questions to: askbjs@usdoj.gov (202)307-0765,,
date of version: 4/26/06,,

"Figure 13. Groups with which local police departments had problem-solving partnerships or written agreements during the year ending June 30, 2003",,

,Percent of local police officers employed by agencies partnering with each type of group,
Faith-based organizations,43,%
Senior citizen groups,45,
Youth service organizations,49,
Advocacy groups,49,
Business groups,49
Local public agencies,57
Neighborhood associations,62
School groups,63
Other law enforcement agencies,63
