Bureau of Justice Statistics,,,,,,,,
filename:  lpd0320.csv,,,,,,,,
"Table 20.  Average base annual salary for selected positions  in local police departments, by size of population served, 2003",,,,,,,,
"title: Local Police Departments 2003, NCJ 210118",,,,,,,,
data source:  2003 Law Enforcement Management and Administrative Statistics,,,,,,,,
"authors:  Matthew J. Hickman, Ph.D. and Brian A. Reaves, Ph.D.",,,,,,,,
refer questions to: askbjs@usdoj.gov (202)307-0765,,,,,,,,
date of version: 4/26/06,,,,,,,,

"Table 20.  Average base annual salary for selected positions  in local police departments, by size of population served, 2003",,,,,,,,

," Average base annual salary, 2003",,,,,,,
 Population  served, Entry-level officer,,,Sergeant or equivalent,,, Chief,
,Minimum,Maximum,,Minimum,Maximum,,Minimum,Maximum

  All sizes,"$28,200 ","$35,300 ",,"$36,600 ","$42,400 ",,"$48,800 ","$56,900 "

"1,000,000 or more","$37,700 ","$57,800 ",,"$60,200 ","$73,500 ",,"$113,000 ","$157,100 "
"500,000-999,999","$36,600 ","$54,900 ",,"$58,000 ","$69,600 ",,"$109,700 ","$143,200 "
"250,000-499,999","$38,300 ","$53,500 ",,"$54,600 ","$66,900 ",,"$94,400 ","$129,200 "
"100,000-249,999","$39,600 ","$54,000 ",,"$56,000 ","$68,000 ",,"$95,000 ","$123,100 "
"50,000-99,999","$37,400 ","$51,200 ",,"$54,500 ","$65,300 ",,"$85,500 ","$106,900 "
"25,000-49,999","$35,900 ","$48,600 ",,"$53,400 ","$62,400 ",,"$77,700 ","$94,500 "
"10,000-24,999","$33,000 ","$45,000 ",,"$47,400 ","$55,200 ",,"$65,900 ","$77,800 "
"2,500-9,999","$29,000 ","$36,200 ",,"$37,400 ","$43,600 ",,"$48,900 ","$56,200 "
"Under 2,500","$23,400 ","$26,800 ",,"$27,100 ","$30,800 ",,"$32,700 ","$36,500 "
 Note:  Salary figures have been rounded to the nearest $100.  Computation of  average salary excludes departments with no full-time employee in that position.,,,,,,,,
