Bureau of Justice Statistics,,,,,,,,
filename:  lpd0338.csv,,,,,,,,
"Table 38.  Special operations functions of local  police departments, by size of population served, 2003",,,,,,,,
"title: Local Police Departments 2003, NCJ 210118",,,,,,,,
data source:  2003 Law Enforcement Management and Administrative Statistics,,,,,,,,
"authors:  Matthew J. Hickman, Ph.D. and Brian A. Reaves, Ph.D.",,,,,,,,
refer questions to: askbjs@usdoj.gov (202)307-0765,,,,,,,,
date of version: 4/26/06,,,,,,,,

"Table 38.  Special operations functions of local  police departments, by size of population served, 2003",,,,,,,,

,Percent of agencies responsible for,,,,,,,
 Population  served,Tactical operations (SWAT),,Search and rescue,,Underwater recovery,,Bomb/explosives disposal,

  All sizes,25,%,21,%,4,%,3,%

"1,000,000 or more",100,%,63,%,56,%,88,%
"500,000-999,999",97,,49,,44,,87,
"250,000-499,999",100,,29,,27,,76,
"100,000-249,999",93,,26,,17,,42,
"50,000-99,999",86,,19,,16,,18,
"25,000-49,999",68,,20,,8,,6,
"10,000-24,999",43,,19,,6,,3,
"2,500-9,999",20,,20,,2,,1,
"Under 2,500",8,,22,,2,,--,
