Bureau of Justice Statistics,,,,,,,,,
filename:  lpd0311.csv,,,,,,,,,
"Table 11. Use of sworn reserve or auxiliary officers in  local police departments,  by size of population served, 2003",,,,,,,,,
"title: Local Police Departments 2003, NCJ 210118",,,,,,,,,
data source:  2003 Law Enforcement Management and Administrative Statistics,,,,,,,,,
"authors:  Matthew J. Hickman, Ph.D. and Brian A. Reaves, Ph.D.",,,,,,,,,
refer questions to: askbjs@usdoj.gov (202)307-0765,,,,,,,,,
date of version: 4/26/06,,,,,,,,,

"Table 11. Use of sworn reserve or auxiliary officers in  local police departments,  by size of population served, 2003",,,,,,,,,

  Population  served,Full-time sworn,,,,,Part-time sworn,,,
,Percent of agencies using,, Total number, Average number*,,Percent of agencies using,, Total number, Average number*

  All sizes,7,%,"5,376",6,,35,%,"26,625",6

"1,000,000 or more",0,%,0,0,,44,%,947,131
"500,000-999,999",5,,69,34,,35,,739,55
"250,000-499,999",17,,454,63,,37,,472,30
"100,000-249,999",7,,114,9,,43,,1137,15
"50,000-99,999",4,,225,13,,42,,2101,12
"25,000-49,999",5,,206,6,,33,,2590,10
"10,000-24,999",5,,467,5,,28,,3845,7
"2,500-9,999",7,,"1,953",6,,34,,7648,6
"Under 2,500",8,,"1,888",5,,37,,7146,4
*Excludes agencies not using sworn reserve or auxiliary officers. Note: Detail may not add to total because of rounding. ,,,,,,,,,
