Bureau of Justice Statistics,,,,,,
filename:  lpd0327.csv,,,,,,
"Table 27.  Participation in a 9-1-1 emergency telephone system  by local police departments,  by size of population served, 2003",,,,,,
"title: Local Police Departments 2003, NCJ 210118",,,,,,
data source:  2003 Law Enforcement Management and Administrative Statistics,,,,,,
"authors:  Matthew J. Hickman, Ph.D. and Brian A. Reaves, Ph.D.",,,,,,
refer questions to: askbjs@usdoj.gov (202)307-0765,,,,,,
date of version: 4/26/06,,,,,,

"Table 27.  Participation in a 9-1-1 emergency telephone system  by local police departments,  by size of population served, 2003",,,,,,

  Population served,Percent of agencies  participating in a 9-1-1 phone system,,,,,
,Total,,Enhanced,,Basic,

  All sizes,92,%,73,%,19,%

"1,000,000 or more",94,%,94,%,0,%
"500,000-999,999",100,,97,,3,
"250,000-499,999",100,,98,,2,
"100,000-249,999",100,,94,,7,
"50,000-99,999",97,,93,,4,
"25,000-49,999",97,,89,,8,
"10,000-24,999",98,,85,,13,
"2,500-9,999",92,,75,,16,
"Under 2,500",89,,61,,27,
Note:  Participating agencies are those whose units can be dispatched as result of a call to 9-1-1.  Detail may not add to total because of rounding. ,,,,,,
