Bureau of Justice Statistics,,,,,,
filename:  lpd03f19.csv,,,,,,
"Figure 19. Local police officers with infield computer access to information, 1997-2003",,,,,,
"title: Local Police Departments 2003, NCJ 210118",,,,,,
data source:  2003 Law Enforcement Management and Administrative Statistics,,,,,,
"authors:  Matthew J. Hickman, Ph.D. and Brian A. Reaves, Ph.D.",,,,,,
refer questions to: askbjs@usdoj.gov (202)307-0765,,,,,,
date of version: 4/26/06,,,,,,

"Figure 19. Local police officers with infield computer access to information, 1997-2003",,,,,,

,Percent of officers employed by a department providing access,,,,,
,1997,,2000,,2003,
Prior calls for service,23,%,37,%,39,%
Criminal histories,25,,29,,39,
Driving records,51,,58,,71,
Vehicle records,56,,67,,78
