Bureau of Justice Statistics,,,,,,
filename:  lpd0328.csv,,,,,,
"Table 28.  Local police departments with primary  investigative responsibility for selected crimes,  by size of population served, 2003",,,,,,
"title: Local Police Departments 2003, NCJ 210118",,,,,,
data source:  2003 Law Enforcement Management and Administrative Statistics,,,,,,
"authors:  Matthew J. Hickman, Ph.D. and Brian A. Reaves, Ph.D.",,,,,,
refer questions to: askbjs@usdoj.gov (202)307-0765,,,,,,
date of version: 4/26/06,,,,,,

"Table 28.  Local police departments with primary  investigative responsibility for selected crimes,  by size of population served, 2003",,,,,,

Population served,Percent of agencies investigating �,,,,,
,Homicide,,Arson,,Cybercrime,

All sizes,64,%,62,%,45,%

"1,000,000 or more",100,%,69,%,94,%
"500,000-999,999",92,,54,,81,
"250,000-499,999",100,,56,,88,
"100,000-249,999",98,,70,,78,
"50,000-99,999",95,,82,,75,
"25,000-49,999",93,,84,,77,
"10,000-24,999",88,,83,,73,
"2,500-9,999",66,,65,,48,
"Under 2,500",46,,46,,24,
