Bureau of Justice Statistics,,,,,,,
filename:  lpd0317.csv,,,,,,,
"Table 17.  Training requirements for new officer recruits in local police departments, by size of population served, 2003",,,,,,,
"title: Local Police Departments 2003, NCJ 210118",,,,,,,
data source:  2003 Law Enforcement Management and Administrative Statistics,,,,,,,
"authors:  Matthew J. Hickman, Ph.D. and Brian A. Reaves, Ph.D.",,,,,,,
refer questions to: askbjs@usdoj.gov (202)307-0765,,,,,,,
date of version: 4/26/06,,,,,,,

"Table 17.  Training requirements for new officer recruits in local police departments, by size of population served, 2003",,,,,,,

,Average number of hours required,,,,,,
,Academy,,,,Field,,
Population  served, Total,State-mandated,Other required,, Total,State-mandated,Other required

All sizes,749,593,156,,546,270,276

"1,000,000 or more","1,171",735,436,,779,329,450
"500,000-999,999",966,605,361,,835,288,547
"250,000-499,999","1,030",620,410,,933,372,561
"100,000-249,999",953,650,303,,991,503,488
"50,000-99,999",834,658,176,,977,522,455
"25,000-49,999",826,657,169,,894,447,447
"10,000-24,999",788,644,144,,759,372,387
"2,500-9,999",733,598,135,,522,269,253
"Under 2,500",695,552,143,,333,178,155
 Note:  Average number of training hours excludes departments not requiring training. ,,,,,,,
