Bureau of Justice Statistics,,,,,,,,,,,,,,,,,,,,,,,,,,,,
filename:  lpd0357.csv,,,,,,,,,,,,,,,,,,,,,,,,,,,,
"Table 57.  Types of nonlethal weapons authorized for personal use by sworn personnel  in local police departments, by size of population served, 2003",,,,,,,,,,,,,,,,,,,,,,,,,,,,
"title: Local Police Departments 2003, NCJ 210118",,,,,,,,,,,,,,,,,,,,,,,,,,,,
data source:  2003 Law Enforcement Management and Administrative Statistics,,,,,,,,,,,,,,,,,,,,,,,,,,,,
"authors:  Matthew J. Hickman, Ph.D. and Brian A. Reaves, Ph.D.",,,,,,,,,,,,,,,,,,,,,,,,,,,,
refer questions to: askbjs@usdoj.gov (202)307-0765,,,,,,,,,,,,,,,,,,,,,,,,,,,,
date of version: 4/26/06,,,,,,,,,,,,,,,,,,,,,,,,,,,,

"Table 57.  Types of nonlethal weapons authorized for personal use by sworn personnel  in local police departments, by size of population served, 2003",,,,,,,,,,,,,,,,,,,,,,,,,,,,

,Percent of agencies authorizing ,,,,,,,,,,,,,,,,,,,,,,,,,,,
,Chemical agents � personal use,,,,,,,,Batons,,,,,,,,Other weapons/actions,,,,,,,,,,,
 Population served,Any type in survey,, Pepper spray,,       CS,,    Tear gas,,Any type in survey,,  Collapsible,,    PR-24,,Traditional ,,Soft projectile,,Electrical  devices\a,,Holds/Neck restraints,, Rubber bullet,, Black-jack,,High intensity light,

  All sizes,99,%,98,%,14,%,16,%,95,%,88,%,42,%,49,%,28,%,23,%,13,%,8,%,5,%,1,%

"1,000,000 or more",94,%,94,%,19,%,19,%,100,%,88,%,44,%,56,%,69,%,75,%,31,%,25,%,6,%,0,%
"500,000-999,999",97,,97,,22,,19,,100,,89,,38,,60,,48,,43,,16,,16,,3,,0,
"250,000-499,999",98,,95,,22,,24,,100,,83,,44,,54,,59,,56,,39,,22,,7,,2,
"100,000-249,999",99,,99,,24,,22,,99,,93,,44,,56,,66,,50,,36,,22,,2,,2,
"50,000-99,999",99,,97,,27,,25,,99,,92,,39,,45,,72,,46,,30,,22,,3,,2,
"25,000-49,999",100,,100,,21,,24,,99,,93,,39,,44,,57,,39,,12,,19,,3,,1,
"10,000-24,999",99,,98,,17,,22,,97,,91,,45,,47,,42,,31,,12,,10,,3,,--,
"2,500-9,999",98,,98,,14,,13,,94,,88,,41,,47,,28,,21,,9,,6,,4,,0,
"Under 2,500",99,,98,,12,,14,,93,,86,,42,,52,,13,,15,,13,,6,,6,,1,
-- Less than 0.5%.  ,,,,,,,,,,,,,,,,,,,,,,,,,,,,
a/Includes hand-held direct contact devices (such as stun gun) and hand-held stand-off devices (such as taser).,,,,,,,,,,,,,,,,,,,,,,,,,,,,
