Bureau of Justice Statistics,,,,,,
filename:  lpd0352.csv,,,,,,
"Table 52.  Vehicle use policies in local police departments, by size of population served, 2003",,,,,,
"title: Local Police Departments 2003, NCJ 210118",,,,,,
data source:  2003 Law Enforcement Management and Administrative Statistics,,,,,,
"authors:  Matthew J. Hickman, Ph.D. and Brian A. Reaves, Ph.D.",,,,,,
refer questions to: askbjs@usdoj.gov (202)307-0765,,,,,,
date of version: 4/26/06,,,,,,

"Table 52.  Vehicle use policies in local police departments, by size of population served, 2003",,,,,,
,  ,,,,,
,Percent of agencies allowing officers to take marked vehicles home,,,,,
Population served,,,Personal use,,,
,Total,,Allowed,, Not allowed,

  All sizes,49,%,11,%,38,%

"1,000,000 or more",44,%,19,%,25,%
"500,000-999,999",51,,22,,30,
"250,000-499,999",68,,15,,54,
"100,000-249,999",53,,19,,33,
"50,000-99,999",49,,20,,29,
"25,000-49,999",31,,12,,19,
"10,000-24,999",35,,11,,25,
"2,500-9,999",43,,8,,35,
"Under 2,500",61,,13,,48,
Note:  Detail may not add to total because of rounding.,,,,,,
