Bureau of Justice Statistics,,,,,,,
filename:  lpd03f20.csv,,,,,,,
"Figure 20. Local police departments using electronic methods for transmitting criminal incident reports to a central information system, 1997-2003",,,,,,,
"title: Local Police Departments 2003, NCJ 210118",,,,,,,
data source:  2003 Law Enforcement Management and Administrative Statistics,,,,,,,
"authors:  Matthew J. Hickman, Ph.D. and Brian A. Reaves, Ph.D.",,,,,,,
refer questions to: askbjs@usdoj.gov (202)307-0765,,,,,,,
date of version: 4/26/06,,,,,,,

"Figure 20. Local police departments using electronic methods for transmitting criminal incident reports to a central information system, 1997-2003",,,,,,,

,2000,,2000,,2003,,
"Under 10,000",12,%,23,%,43,%,
"10,000 - 49,999",12,,33,,54,,
"50,000 - 249,999",20,,21,,36,,
"250,000 or more",12,,22,,33,,
,,,,,,,
,,,,,,,
,,,,,,,
,,,,,,,
