Bureau of Justice Statistics,,,,,,,,,,,,,,,,,,,,
filename:  lpd0364.csv,,,,,,,,,,,,,,,,,,,,
"Table 64.  Special technologies used by local police departments, by size of population served, 2003",,,,,,,,,,,,,,,,,,,,
"title: Local Police Departments 2003, NCJ 210118",,,,,,,,,,,,,,,,,,,,
data source:  2003 Law Enforcement Management and Administrative Statistics,,,,,,,,,,,,,,,,,,,,
"authors:  Matthew J. Hickman, Ph.D. and Brian A. Reaves, Ph.D.",,,,,,,,,,,,,,,,,,,,
refer questions to: askbjs@usdoj.gov (202)307-0765,,,,,,,,,,,,,,,,,,,,
date of version: 4/26/06,,,,,,,,,,,,,,,,,,,,

"Table 64.  Special technologies used by local police departments, by size of population served, 2003",,,,,,,,,,,,,,,,,,,,

,Percent of agencies using �,,,,,,,,,,,,,,,,,,,
,Night vision/electro-optic,,,,,,Vehicle stopping/tracking,,,,,,Digital imaging,,,,,,,
 Population served,  Infrared (thermal) imagers,,Image intensifiers,,Laser range finders,   ,Tire deflation spikes,,Stolen vehicle tracking,,Electrical/engine disruption,   ,Mug shots,,Fingerprints,,Suspect composites,,Facial recognition,

  All sizes,23,%,10,%,8,%,31,%,7,%,--,%,48,%,26,%,20,%,4,%

"1,000,000 or more",69,%,25,%,44,%,50,%,69,%,6,%,88,%,81,%,44,%,19,%
"500,000-999,999",76,,30,,24,,54,,68,,8,,87,,67,,59,,5,
"250,000-499,999",54,,17,,17,,66,,56,,7,,88,,85,,59,,10,
"100,000-249,999",53,,25,,26,,60,,42,,5,,85,,81,,62,,6,
"50,000-99,999",55,,19,,31,,57,,31,,--,,83,,71,,55,,9,
"25,000-49,999",43,,18,,21,,61,,21,,1,,80,,55,,55,,9,
"10,000-24,999",34,,16,,12,,43,,10,,1,,73,,29,,37,,7,
"2,500-9,999",20,,10,,7,,33,,4,,0,,55,,22,,17,,3,
"Under 2,500",13,,5,,1,,16,,1,,--,,24,,18,,6,,2,
-- Less than 0.5%.,,,,,,,,,,,,,,,,,,,,
