Bureau of Justice Statistics,,,,,,,,,,,,,,,,,,,,
filename:  lpd0314.csv,,,,,,,,,,,,,,,,,,,,
"Table 14.  Interviews, tests and examinations used in selection of new officer recruits  in local police departments, by size of population served, 2003",,,,,,,,,,,,,,,,,,,,
"title: Local Police Departments 2003, NCJ 210118",,,,,,,,,,,,,,,,,,,,
data source:  2003 Law Enforcement Management and Administrative Statistics,,,,,,,,,,,,,,,,,,,,
"authors:  Matthew J. Hickman, Ph.D. and Brian A. Reaves, Ph.D.",,,,,,,,,,,,,,,,,,,,
refer questions to: askbjs@usdoj.gov (202)307-0765,,,,,,,,,,,,,,,,,,,,
date of version: 4/26/06,,,,,,,,,,,,,,,,,,,,

"Table 14.  Interviews, tests and examinations used in selection of new officer recruits in local police departments, by size of population served, 2003",,,,,,,,,,,,,,,,,,,,

,"Interviews, tests, and examinations used to select new officer recruits",,,,,,,,,,,,,,,,,,,
 Population served,Personal interview,,Medical exam,,Drug test,,Psychological  evaluation,,Physical agility test,,Written apptitude test,,Personality inventory,,Polygraph exam,,Voice stress analyzer,,Second language ability test,

All sizes,98,%,85,%,73,%,67,%,50,%,43,%,26,%,25,%,4,%,1,%

"1,000,000 or more",94,%,100,%,100,%,100,%,94,%,81,%,56,%,81,%,0,%,0,%
"500,000-999,999",100,,100,,95,,100,,86,,84,,48,,64,,11,,11,
"250,000-499,999",95,,93,,98,,98,,93,,83,,51,,78,,10,,2,
"100,000-249,999",95,,97,,86,,95,,88,,82,,50,,77,,11,,1,
"50,000-99,999",99,,97,,90,,97,,83,,80,,47,,57,,7,,3,
"25,000-49,999",99,,99,,88,,96,,76,,76,,45,,47,,12,,2,
"10,000-24,999",99,,98,,88,,89,,71,,72,,40,,42,,6,,1,
"2,500-9,999",99,,91,,74,,71,,52,,48,,26,,25,,3,,--,
"Under 2,500",98,,73,,63,,47,,31,,20,,16,,11,,2,,--,
Note:  List of selection methods is not intended to be exhaustive. --Less than 0.5%,,,,,,,,,,,,,,,,,,,,
