Bureau of Justice Statistics,,
filename:  lpd03f03.csv,,
"Figure 3. Female and minority local police officers, 1987-2003",,
"title: Local Police Departments 2003, NCJ 210118",,
data source:  2003 Law Enforcement Management and Administrative Statistics,,
"authors:  Matthew J. Hickman, Ph.D. and Brian A. Reaves, Ph.D.",,
refer questions to: askbjs@usdoj.gov (202)307-0765,,
date of version: 4/26/06,,

"Figure 3. Female and minority local police officers, 1987-2003",,

,Percent of full-time sworn personnel,
Female 1987,7.6,%
Female 1990,8.1,
Female 1993,8.8,
Female 1997,10,
Female 2000,10.6,
Female 2003,11.3,

Minority 1987,14.6,%
Minority 1990,17,
Minority 1993,19.1,
Minority 1997,21.5,
Minority 2000,22.6,
Minority 2003,23.6,
