Bureau of Justice Statistics,,,,,,
filename:  lpd0340.csv,,,,,,
"Table 40.  Local police departments with a mission statement that  includes community policing, by size of population served, 2003",,,,,,
"title: Local Police Departments 2003, NCJ 210118",,,,,,
data source:  2003 Law Enforcement Management and Administrative Statistics,,,,,,
"authors:  Matthew J. Hickman, Ph.D. and Brian A. Reaves, Ph.D.",,,,,,
refer questions to: askbjs@usdoj.gov (202)307-0765,,,,,,
date of version: 4/26/06,,,,,,

"Table 40.  Local police departments with a mission statement that  includes community policing, by size of population served, 2003",,,,,,

,Percent of agencies with a mission statement,,,,,
  Population  served,Total ,,With a community policing component,,No community policing component,

  All sizes,67,%,47,%,20,%

"1,000,000 or more",100,%,88,%,13,%
"500,000-999,999",100,,61,,39,
"250,000-499,999",98,,83,,15,
"100,000-249,999",99,,87,,12,
"50,000-99,999",97,,76,,21,
"25,000-49,999",95,,76,,19,
"10,000-24,999",87,,65,,23,
"2,500-9,999",71,,47,,24,
"Under 2,500",50,,32,,18,
