Bureau of Justice Statistics,,,,
filename:  lpd03f15.csv,,,,
"Figure 15. Body armor requirements in local police departments, 1990-2003",,,,
"title: Local Police Departments 2003, NCJ 210118",,,,
data source:  2003 Law Enforcement Management and Administrative Statistics,,,,
"authors:  Matthew J. Hickman, Ph.D. and Brian A. Reaves, Ph.D.",,,,
refer questions to: askbjs@usdoj.gov (202)307-0765,,,,
date of version: 4/26/06,,,,

"Figure 15. Body armor requirements in local police departments, 1990-2003",,,,

,Percent of officers employed by agencies requiring officers to wear armor,,,
,All,,Some,
1990,25,%,5,%
1993,40,,8,
1997,52,,11,
2000,56,,13
2003,59,,15
