Bureau of Justice Statistics,,,,
filename:  lpd0360.csv,,,,
"Table 60.  Number of bicycles operated by local police departments,  by size of population served, 2003",,,,
"title: Local Police Departments 2003, NCJ 210118",,,,
data source:  2003 Law Enforcement Management and Administrative Statistics,,,,
"authors:  Matthew J. Hickman, Ph.D. and Brian A. Reaves, Ph.D.",,,,
refer questions to: askbjs@usdoj.gov (202)307-0765,,,,
date of version: 4/26/06,,,,

"Table 60.  Number of bicycles operated by local police departments,  by size of population served, 2003",,,,

, Percent   of agencies  using bicycles,,Number of bicycles,
Population  served,,, Total,Per 100 officers*

  All sizes,45,%,"28,724",6
,,,,
"1,000,000 or more",100,%,"2,785",3
"500,000-999,999",89,,"1,862",4
"250,000-499,999",90,,"1,200",4
"100,000-249,999",93,,"2,657",5
"50,000-99,999",89,,"3,382",7
"25,000-49,999",82,,"3,905",8
"10,000-24,999",75,,"5,647",9
"2,500-9,999",51,,"5,477",11
"Under 2,500",18,,"1,809",8
*Part-time officers are included with a weight of .5 assigned.  ,,,,
