Bureau of Justice Statistics,,,,,,,,,,
filename:  lpd0315.csv,,,,,,,,,,
"Table 15.  Background checks used in selection of new officer recruits  in local police departments, by size of population served, 2003",,,,,,,,,,
"title: Local Police Departments 2003, NCJ 210118",,,,,,,,,,
data source:  2003 Law Enforcement Management and Administrative Statistics,,,,,,,,,,
"authors:  Matthew J. Hickman, Ph.D. and Brian A. Reaves, Ph.D.",,,,,,,,,,
refer questions to: askbjs@usdoj.gov (202)307-0765,,,,,,,,,,
date of version: 4/26/06,,,,,,,,,,

"Table 15.  Background checks used in selection of new officer recruits  in local police departments, by size of population served, 2003",,,,,,,,,,

,Background checks used to select new officer recruits,,,,,,,,,
 Population served,Criminal record check,,Background investigation,, Driving record check,,Credit history check,,Volunteer service check,

All sizes,99,%,98,%,96,%,55,%,8,%

"1,000,000 or more",100,%,100,%,100,%,81,%,0,%
"500,000-999,999",100,,100,,100,,89,,19,
"250,000-499,999",100,,100,,98,,88,,7,
"100,000-249,999",100,,99,,98,,88,,12,
"50,000-99,999",99,,100,,99,,87,,8,
"25,000-49,999",100,,100,,99,,83,,11,
"10,000-24,999",99,,99,,99,,76,,8,
"2,500-9,999",99,,98,,99,,55,,9,
"Under 2,500",98,,97,,92,,39,,6,
Note:  List of selection methods is not intended to be exhaustive.,,,,,,,,,,
