Bureau of Justice Statistics,,,,,,,,,,,,,,,,,,,,
filename:  so0369.csv,,,,,,,,,,,,,,,,,,,,
"Table 69.  Types of in-field computers or terminals used  by sheriffs' offices, by size of population served, 2003",,,,,,,,,,,,,,,,,,,,
"title: Local Police Departments 2003, NCJ 210118",,,,,,,,,,,,,,,,,,,,
data source:  2003 Law Enforcement Management and Administrative Statistics,,,,,,,,,,,,,,,,,,,,
"authors:  Matthew J. Hickman, Ph.D. and Brian A. Reaves, Ph.D.",,,,,,,,,,,,,,,,,,,,
refer questions to: askbjs@usdoj.gov (202)307-0765,,,,,,,,,,,,,,,,,,,,
date of version: 4/26/06,,,,,,,,,,,,,,,,,,,,

"Table 69.  Types of in-field computers or terminals used  by local police departments, by size of population served, 2003",,,,,,,,,,,,,,,,,,,,

,Percent of agencies using in-field computers or terminals,,,,,,,,,,,,,,,,,,,
 Population served,Any in-field computer or terminal,,Vehicle-mounted ,,,,,,,,Portable (not vehicle-mounted),,,,,,,,,
,,,  Any type,,      Laptop,,Digital/data terminal,,Digital/data computer,,Any type,,Laptop,,Personal Digital Assistant,,Digital/data terminal,,Digital/data computer,

  All sizes,56,%,44,%,30,%,20,%,15,%,38,%,33,%,7,%,6,%,5,%

"1,000,000 or more",100,%,100,%,31,%,69,%,31,%,69,%,63,%,38,%,31,%,6,%
"500,000-999,999",100,,95,,36,,33,,57,,68,,49,,30,,3,,11,
"250,000-499,999",95,,85,,56,,24,,54,,63,,54,,24,,5,,10,
"100,000-249,999",96,,88,,34,,26,,48,,60,,52,,21,,11,,10,
"50,000-99,999",93,,87,,45,,34,,40,,68,,60,,18,,8,,9,
"25,000-49,999",89,,83,,55,,42,,44,,66,,59,,20,,12,,13,
"10,000-24,999",78,,64,,43,,32,,26,,54,,47,,12,,10,,9,
"2,500-9,999",58,,43,,31,,22,,14,,40,,34,,7,,7,,4,
"Under 2,500",36,,26,,20,,10,,4,,23,,20,,3,,3,,2,
