Bureau of Justice Statistics,,,,,,,,,,
filename:  lpd0366.csv,,,,,,,,,,
"Table 66.  Analytic functions of computers in local police departments, by size of population served, 2003",,,,,,,,,,
"title: Local Police Departments 2003, NCJ 210118",,,,,,,,,,
data source:  2003 Law Enforcement Management and Administrative Statistics,,,,,,,,,,
"authors:  Matthew J. Hickman, Ph.D. and Brian A. Reaves, Ph.D.",,,,,,,,,,
refer questions to: askbjs@usdoj.gov (202)307-0765,,,,,,,,,,
date of version: 4/26/06,,,,,,,,,,

"Table 66.  Analytic functions of computers in local police departments, by size of population served, 2003",,,,,,,,,,

,Percent of agencies using computers for �,,,,,,,,,
Population served,Traffic stop data collection,,Crime analysis,,Intelligence gathering,,Crime mapping,,Hotspot identification,

  All sizes,46,%,32,%,28,%,19,%,11,%

"1,000,000 or more",56,%,69,%,50,%,69,%,56,%
"500,000-999,999",57,,78,,67,,67,,54,
"250,000-499,999",51,,85,,61,,81,,63,
"100,000-249,999",49,,82,,61,,74,,54,
"50,000-99,999",50,,74,,49,,61,,40,
"25,000-49,999",64,,62,,50,,41,,29,
"10,000-24,999",58,,48,,37,,30,,17,
"2,500-9,999",52,,31,,28,,14,,8,
"Under 2,500",35,,16,,19,,9,,3,
