Bureau of Justice Statistics,,,,,,,
filename:  lpd0335.csv,,,,,,,
"Table 35.  Temporary holding (lockup) facilities operated  by local police departments, by size of population served, 2003",,,,,,,
"title: Local Police Departments 2003, NCJ 210118",,,,,,,
data source:  2003 Law Enforcement Management and Administrative Statistics,,,,,,,
"authors:  Matthew J. Hickman, Ph.D. and Brian A. Reaves, Ph.D.",,,,,,,
refer questions to: askbjs@usdoj.gov (202)307-0765,,,,,,,
date of version: 4/26/06,,,,,,,

"Table 35.  Temporary holding (lockup) facilities operated  by local police departments, by size of population served, 2003",,,,,,,

,Agencies operating temporary holding (lockup) facilities,,,,,,
,Adult,,,,Juvenile,,
Population  served,Percent with lockup,,Median total capacity,,Percent with lockup,,Median total capacity

  All sizes,25,%,4,,13,%,2

"1,000,000 or more",31,%,76,,19,%,40
"500,000-999,999",25,,67,,25,,12
"250,000-499,999",32,,58,,12,,5
"100,000-249,999",43,,32,,28,,4
"50,000-99,999",51,,12,,34,,3
"25,000-49,999",52,,8,,33,,2
"10,000-24,999",48,,5,,29,,2
"2,500-9,999",26,,4,,12,,2
"Under 2,500",8,,4,,3,,1
" Note:  Median capacity is based on total for all lockups, and excludes departments not operating a facility.",,,,,,,
