"Bureau of Justice Statistics",,,,,,,,,,,
"filename:CFJ942_9.csv",,,,,,,,,,,
"Compendium of Federal Justice Statistics, 1994",,,,,,,,,,,
"table # 2.9",,,,,,,,,,,
"contents:  Federal case processing data",,,,,,,,,,,
"data source: Federal Justice Statistics database maintained by the Urban Institute",,,,,,,,,,,
"refer questions to: Scalia@ojp.usdoj.gov (202) 616-3276",,,,,,,,,,,
"coordinator: John Scalia and Steve Smith (202) 616-3485",,,,,,,,,,,
"date of version 2/20/98",,,,,,,,,,,
,,,,,,,,,,,
"Table 2.9.  Behavior of defendants released prior to trial, by defendant characteristics, 1994",,,,,,,,,,,
,,,,,,,,,,,
,,,,"Percent of released defendants who had:",,,,,,,
,,,,,"Violations while on release",,,,,,
,,,,,"At least",,,,"Technical",,"Number of"
,,,,"No","one","Failed to","New offense charged",,"violations of","Release ","released "
,,"Defendant characteristic",,"violation","violation","appear","Felony","Misdemeanor","bail conditions","revoked","defendants"
,,," All defendants\a",84.8,15.2,2.3,1.8,1.5,10.9,5.2,27607
"Sex",,,,,,,,,,,
,"Male",,,83.7,16.3,2.5,2.0,1.7,11.5,5.7,21489
,"Female",,,88.6,11.4,1.7,1.0,0.9,8.9,3.6,6096
"Race",,,,,,,,,,,
,"White",,,86.8,13.2,2.3,1.4,1.3,9.2,4.0,18573
,"Black",,,79.6,20.4,2.3,2.8,1.9,15.3,7.9,7456
,"Other",,,85.9,14.1,2.3,0.9,2.0,10.3,5.9,1578
"Ethnicity",,,,,,,,,,,
,"Hispanic",,,83.4,16.6,5.4,1.5,1.1,9.9,4.4,5271
,"Non-Hispanic",,,85.0,15.0,1.6,1.8,1.6,11.3,5.4,21182
"Age",,,,,,,,,,,
,"16-18 years",,,78.0,22.0,3.5,3.7,2.8,16.2,9.5,431
,"19-20 years",,,79.7,20.3,3.0,2.5,2.5,14.5,7.6,1386
,"21-30 years",,,81.6,18.4,2.8,2.3,1.9,13.2,6.5,9121
,"31-40 years",,,82.6,17.4,2.4,1.8,1.7,12.9,5.8,7914
,"Over 40 years",,,90.9,9.1,1.6,0.9,0.8,6.3,2.8,7917
"Education",,,,,,,,,,,
,"Less than high school graduate",,,78.5,21.5,3.6,2.4,2.1,15.3,8.1,6986
,"High school graduate",,,83.7,16.3,1.9,2.0,1.6,12.2,5.5,8687
,"Some college",,,86.0,14.0,2.0,1.5,1.6,10.1,4.4,5981
,"College graduate",,,92.2,7.8,1.3,1.0,0.7,5.5,1.9,2771
"Marital status",,,,,,,,,,,
,"Never married",,,78.9,21.1,2.7,2.4,2.4,15.7,7.6,7932
,"Divorced/separated",,,82.5,17.5,2.1,2.1,1.5,13.3,6.2,5044
,"Married",,,89.5,10.5,2.0,1.2,1.0,7.1,3.2,9922
,"Common laws",,,76.4,23.6,3.8,2.8,2.4,16.7,8.3,1559
,"Other",,,92.9,7.1,2.0,0.8,0.6,4.5,2.4,3150
"Employment status at arrest",,,,,,,,,,,
,"Unemployed",,,80.0,20.0,2.7,2.4,1.9,14.9,7.8,9298
,"Employed",,,86.4,13.6,2.1,1.6,1.4,9.6,4.1,15711
"Criminal record",,,,,,,,,,,
,"No convictions\b",,,91.8,8.2,1.8,0.8,0.5,5.6,2.0,12351
,"Prior convictions",,,,,,,,,,
,,"Misdemeanor only",,80.3,19.7,2.2,2.1,2.8,14.4,7.5,5114
,,"Felony",,,,,,,,,
,,,"Nonviolent",77.4,22.6,3.4,2.9,2.2,16.5,9.4,4042
,,,"Violent",73.1,26.9,3.0,4.0,2.8,19.9,11.2,1968
"Number of prior convictions",,,,,,,,,,,
,"1",,,82.3,17.7,2.7,2.0,1.8,12.9,6.4,4613
,"2 to 4",,,76.6,23.4,2.6,2.8,2.8,17.4,9.7,4530
,"5 or more",,,70.8,29.2,3.4,4.1,3.8,21.1,12.5,1981
"Criminal justice status",,,,,,,,,,,
,"Not under supervision",,,87.2,12.8,2.1,1.3,1.2,9.3,4.0,22075
,"Pretrial release",,,72.1,27.9,3.0,4.9,3.6,19.4,10.9,1317
,"Probation",,,74.0,26.0,3.4,3.3,2.4,19.3,11.5,1313
,"Parole",,,75.8,24.2,4.1,4.1,3.0,14.8,10.3,438
"Court appearance history",,,,,,,,,,,
,"No prior arrests",,,91.5,8.5,1.8,0.8,0.6,5.8,2.1,13224
,"Failure to appear",,,,,,,,,,
,,"None",,80.2,19.8,2.4,2.4,2.2,14.5,7.3,12563
,,"1",,71.6,28.4,4.2,3.8,2.8,21.1,11.8,1064
,,"More than 1",,63.0,37.0,6.5,4.6,4.4,26.0,15.6,754
"Drug abuse",,,,,,,,,,,
,"No known abuse",,,88.4,11.6,2.1,1.5,1.3,7.7,3.5,18614
,"Drug history",,,68.1,31.9,2.9,3.1,2.5,26.2,12.7,4951
,,,,,,,,,,,
"(SEE PRINTED REPORT FOR FOOTNOTES)",,,,,,,,,,,
