"Filename: cf975_02.csv",,,,,,,
"Table #:  5.2.",,,,,,,
"Report title:  Compendium of Federal Justice Statistics, 1997, NCJ-176328",,,,,,,
"Data source:  Federal justice statistics database maintained by The Urban Institute",,,,,,,
"Contact:  John Scalia  (202) 616-3276",,,,,,,
"Date of version:  May 11, 1999",,,,,,,
,,,,,,,
"Table 5.2.  Criminal appeals filed and criminal appeals terminated, ",,,,,,,
,,"by offense, October 1, 1996 - September 30, 1997",,,,,
,,,,,,,
,,,"Criminal appeals filed",,,"Criminal appeals terminated",
,,,"during 1997",,,"during 1997",
"Offense of conviction",,,"Number","Percent",,"Number","Percent"
,,"All offenses",10521,100,,10466,100
"Violent offenses",,,739,7.3,,733,7.3
,"Murder\b",,140,1.4,,143,1.4
,"Negligent manslaughter",,0,0,,3,"--"
,"Assault",,89,0.9,,83,0.8
,"Robbery",,299,3.0,,313,3.1
,"Rape",,53,0.5,,51,0.5
,"Other sex offenses\b",,100,1.0,,69,0.7
,"Kidnaping",,52,0.5,,65,0.6
,"Threats against the President",,6,0.1,,6,0.1
"Property offenses",,,1972,19.6,,1915,19.1
,"Fraudulent",,1519,15.1,,1467,14.7
,,"Embezzlement",107,1.1,,119,1.2
,,"Fraud\b",1269,12.6,,1206,12.0
,,"Forgery",24,0.2,,32,0.3
,,"Counterfeiting",119,1.2,,110,1.1
,"Other",,453,4.5,,448,4.5
,,"Burglary",6,0.1,,10,0.1
,,"Larceny\b",176,1.7,,141,1.4
,,"Motor vehicle theft",76,0.8,,97,1.0
,,"Arson and explosives",86,0.9,,83,0.8
,,"Transportation of stolen property",99,1.0,,106,1.1
,,"Other property offenses",10,0.1,,11,0.1
"Drug offenses",,,4750,47.2,,4859,48.5
"Public-order offenses",,,2602,25.9,,2503,25.0
,"Regulatory",,224,2.2,,222,2.2
,,"Agriculture",16,0.2,,16,0.2
,,"Antitrust",4,"--",,3,"--"
,,"Food and drug",1,"--",,3,"--"
,,"Transportation",24,0.2,,17,0.2
,,"Civil rights",28,0.3,,25,0.2
,,"Communications",4,"--",,5,"--"
,,"Custom laws",6,0.1,,16,0.2
,,"Postal laws",6,0.1,,10,0.1
,,"Other regulatory offenses",135,1.3,,127,1.3
,"Other",,2378,23.6,,2281,22.8
,,"Weapons",1135,11.3,,1160,11.6
,,"Immigration offenses",417,4.1,,376,3.8
,,"Tax law violations\b",150,1.5,,143,1.4
,,"Bribery",42,0.4,,41,0.4
,,"Perjury, contempt, and intimidation",105,1.0,,101,1.0
,,"National defense",13,0.1,,14,0.1
,,"Escape",85,0.8,,84,0.8
,,"Racketeering and extortion",368,3.7,,308,3.1
,,"Gambling",11,0.1,,6,0.1
,,"Liquor offenses",2,"--",,0,0
,,"Obscene material\b",2,"--",,2,"--"
,,"Traffic",27,0.3,,24,0.2
,,"Migratory birds",1,"--",,2,"--"
,,"All other offenses\b",20,0.2,,20,0.2
"Missing offense",,,458,,,456,
,,,,,,,
"--Less than .05%.",,,,,,,
"...No case of this type occurred in the data.",,,,,,,
"(SEE PRINTED REPORT FOR FOOTNOTES)",,,,,,,
