"Filename: cf975_04.csv",,,,,,,,,,,
"Table #:  5.4.",,,,,,,,,,,
"Report title:  Compendium of Federal Justice Statistics, 1997, NCJ-176328",,,,,,,,,,,
"Data source:  Federal justice statistics database maintained by The Urban Institute",,,,,,,,,,,
"Contact:  John Scalia  (202) 616-3276",,,,,,,,,,,
"Date of version:  May 11, 1999",,,,,,,,,,,
,,,,,,,,,,,
"Table 5.4.  Disposition of criminal appeals terminated on the merits, by offense, October 1, 1996 - ",,,,,,,,,,,
,,"September 30, 1997",,,,,,,,,
,,,,,,,,,,,
,,,"Total ","Criminal appeals terminated on the merits",,,,,,,
,,,"criminal",,,,"Remanded","Partially",,,"Procedure "
"Offense of conviction",,,"appeals","Total","Percent","Affirmed","or reversed","affirmed","Dismissed","Other","terminated"
,,"All offenses",10466,8178,78,6581,690,482,383,42,2288
"Violent offenses",,,733,587,80,463,46,43,32,3,146
,"Murder*",,143,114,80,94,6,7,7,0,29
,"Negligent manslaughter",,3,2,"--",2,0,0,0,0,1
,"Assault",,83,69,83,57,5,4,3,0,14
,"Robbery",,313,250,80,201,16,14,17,2,63
,"Rape",,51,47,92,29,12,3,3,0,4
,"Other sex offenses*",,69,48,70,35,6,5,1,1,21
,"Kidnaping",,65,53,82,41,1,10,1,0,12
,"Threats against the President",,6,4,"--",4,0,0,0,0,2
"Property offenses",,,1915,1455,76,1124,130,128,66,7,460
,"Fraudulent",,1467,1100,75,837,96,109,53,5,367
,,"Embezzlement",119,90,76,65,6,14,4,1,29
,,"Fraud*",1206,903,75,684,83,87,45,4,303
,,"Forgery",32,22,69,19,3,0,0,0,10
,,"Counterfeiting",110,85,77,69,4,8,4,0,25
,"Other",,448,355,79,287,34,19,13,2,93
,,"Burglary",10,9,"--",7,0,1,0,1,1
,,"Larceny*",141,109,77,90,8,5,6,0,32
,,"Motor vehicle theft",97,83,86,71,6,1,4,1,14
,,"Arson and explosives",83,66,80,48,13,4,1,0,17
,,"Transportation of stolen property",106,78,74,63,6,7,2,0,28
,,"Other property offenses",11,10,91,8,1,1,0,0,1
"Drug offenses",,,4859,3841,79,3187,262,199,177,16,1018
"Public-order offenses",,,2503,1995,80,1578,212,105,87,13,508
,"Regulatory",,222,158,71,112,25,18,3,0,64
,,"Agriculture",16,10,63,7,3,0,0,0,6
,,"Antitrust",3,1,"--",0,1,0,0,0,2
,,"Food and drug",3,3,"--",2,1,0,0,0,0
,,"Transportation",17,7,41,6,1,0,0,0,10
,,"Civil rights",25,19,76,11,2,6,0,0,6
,,"Communications",5,5,"--",5,0,0,0,0,0
,,"Custom laws",16,15,94,10,5,0,0,0,1
,,"Postal laws",10,8,"--",3,0,5,0,0,2
,,"Other regulatory offenses",127,90,71,68,12,7,3,0,37
,"Other",,2281,1837,81,1466,187,87,84,13,444
,,"Weapons",1160,994,86,813,92,49,34,6,166
,,"Immigration offenses",376,292,78,216,38,9,27,2,84
,,"Tax law violations*",143,101,71,76,15,5,5,0,42
,,"Bribery",41,25,61,19,0,5,1,0,16
,,"Perjury, contempt, and intimidation",101,77,76,59,8,6,2,2,24
,,"National defense",14,12,86,11,1,0,0,0,2
,,"Escape",84,76,91,59,6,3,6,2,8
,,"Racketeering and extortion",308,221,72,183,19,10,8,1,87
,,"Gambling",6,2,"--",2,0,0,0,0,4
,,"Liquor offenses",0,0,"...",0,0,0,0,0,0
,,"Obscene material*",2,2,"--",2,0,0,0,0,0
,,"Traffic",24,16,67,11,5,0,0,0,8
,,"Migratory birds",2,2,"--",2,0,0,0,0,0
,,"All other offenses*",20,17,85,13,3,0,1,0,3
"Unknown or indeterminable offense",,,456,300,66,229,40,7,21,3,156
,,,,,,,,,,,
"--Too few cases to obtain statistically reliable data.",,,,,,,,,,,
"...No case of this type occurred in the data.",,,,,,,,,,,
"(SEE PRINTED REPORT FOR FOOTNOTE)",,,,,,,,,,,
