Bureau of Justice Statistics,,,,,
filename: ardus05at05.csv,,,,,
"Appendix table 5. Arrest-related deaths, by most serious offense, 2003-2005",,,,,
"report title: Arrest-Related Deaths in the United States, 2003-2005, NCJ 219534",,,,,
"data source: Deaths in Custody Reporting Program, 2003-2005",,,,,
author: Christopher J. Mumola ,,,,,
refer questions to: askbjs@usdoj.gov  (202) 307-0765,,,,,
date of version: 10-11-07,,,,,

"Appendix table 5. Arrest-related deaths, by most serious offense, 2003-2005",,,,,
,,,"Arrest-related deaths, 2003-2005",,
Most serious offense,,,Number,Percent,
,All offenses,,"2,002",100,%
Violent offenses,,,"1,119",55.9,%
,Homicide,,177,8.8,
,,Murder of a law enforcement officer,8,0.4,
,,Att.murder of a law enforcement officer,105,5.2,
,,Other murder/manslaughter,64,3.2,
,Kidnapping,,38,1.9,
,Sexual assault /a,,13,0.6,
,Robbery,,96,4.8,
,Assault,,744,37.2,
,,Assault on a law enforcement officer,251,12.5,
,,Domestic violence/b,57,2.8,
,,Other assault,436,21.8,
,Other violent,,51,2.5,
Property offenses,,,150,7.5,%
,Burglary,,49,2.4,
,Larceny,,14,0.7,
,Motor vehicle theft,,21,1,
,Fraud,,11,0.5,
,Other property/c,,55,2.7,
Drug offenses,,,154,7.7,%
,Possession,,105,5.2,
,Trafficking,,31,1.5,
,Other drug,,18,0.9,
Public-order offenses,,,290,14.5,%
,Weapons,,36,1.8,
,Obstruction of justice,,85,4.2,
,,Obstruction of law enforcement activities,55,2.7,
,,Obstruction of court activities,30,1.5,
,Traffic violations,,36,1.8,
,Driving while intoxicated,,29,1.4,
,"Drunkenness, disorderly conduct",,74,3.7,
,"Probation/parole violation, escape",,21,1,
,Immigration,,1,�,
,Other public-order,,8,0.4,
No criminal charges intended,,,75,3.7,%
,Mental health transport,,44,2.2
,Medical transport,,9,0.4
,Unspecified,,22,1.1
Offense not reported,,,214,10.7
--Less than 0.05%.,,,,
a/Includes rape and other sexual assault.,,,,
b/Some domestic violence cases may be reported as assaults.,,,,
c/Includes arson and stolen property.,,,,
