Bureau of Justice Statistics,,,,
filename: ardus05tt06.csv,,,,
"Text table 6. Percent of arrest-related suicides by selected arrestee characteristics, 2003-2005",,,,
"report title: Arrest-Related Deaths in the United States, 2003-2005, NCJ 219534",,,,
"data source: Deaths in Custody Reporting Program, 2003-2005",,,,
author: Christopher J. Mumola ,,,,
refer questions to: askbjs@usdoj.gov  (202) 307-0765,,,,
date of version: 10-11-2007,,,,

"Text table 6. Percent of arrest-related suicides by selected arrestee characteristics, 2003-2005",,,,
,Percent of arrest-related suicides,,,
Arrestee characteristic,At arrest scene,,At police station/booking center,
Male,98,%,88,%
"White, non-Hispanic",58,,54,
Mean age,37,yrs.,34,yrs.
"Number of deaths, 2003-2005",156,,76,
