Bureau of Justice Statistics,,,,
filename: ardus05tt04.csv,,,,
"Text table 4. Homicides by law enforcement officers, by number of sworn officers employed by the arresting agency, 2003-2005",,,,
"report title: Arrest-Related Deaths in the United States, 2003-2005, NCJ 219534",,,,
"data source: Deaths in Custody Reporting Program, 2003-2005",,,,
author: Christopher J. Mumola ,,,,
refer questions to: askbjs@usdoj.gov  (202) 307-0765,,,,
date of version: 10-11-2007,,,,

"Text table 4. Homicides by law enforcement officers, by number of sworn officers employed by the arresting agency, 2003-2005",,,,
,Percent,,,
"State and local law enforcement agencies, by number of sworn officers",State and local law enforcement officers,,Homicides by law enforcement officers,
Fewer than 100,36,%,24,%
100-499,25,,26,
500 or more,39,,50,
"Note: Data on full-time sworn officers taken from the Census of State and Local Law Enforcement Agencies, 2004, available at <http://www.ojp.usdoj.gov/bjs/abstract/csllea04.htm>.",,,,
