Bureau of Justice Statistics,,,,
filename: ardus05tt03.csv,,,,
"Text table 3. Characteristics of law enforcement homicides, 2003-2005",,,,
"report title: Arrest-Related Deaths in the United States, 2003-2005, NCJ 219534",,,,
"data source: Deaths in Custody Reporting Program, 2003-2005",,,,
author: Christopher J. Mumola ,,,,
refer questions to: askbjs@usdoj.gov  (202) 307-0765,,,,
date of version: 10-11-2007,,,,

"Text table 3. Characteristics of law enforcement homicides, 2003-2005",,,,
,"Law enforcement homicides, 2003-2005",,,
Characteristics,DCRP,,SHR,
Male,97,%,97,%
Black*,30,%,32,%
Mean age,33,yrs.,33,yrs.
Killed by handgun,84,%,85,%
"*Black Hispanics are excluded from the DCRP percentage, and included in the SHR percentage."
