Bureau of Justice Statistics,,,,,,,,,
filename: ardus05at01.csv,,,,,,,,,
"Appendix table 1. Number of arrest-related deaths and data reporting sources, by State, 2003-2005, NCJ 219534",,,,,,,,,
"report title: Arrest-Related Deaths in the United States, 2003-2005",,,,,,,,,
"data source: Deaths in Custody Reporting Program, 2003-2005",,,,,,,,,
author: Christopher J. Mumola ,,,,,,,,,
refer questions to: askbjs@usdoj.gov  (202) 307-0765,,,,,,,,,
date of version: 10-11-2007,,,,,,,,,

"Appendix table 1. Number of arrest-related deaths and data reporting sources, by State, 2003-2005",,,,,,,,,
,,,Data reporting sources,,,,,,
Region and jurisdiction,,"Number of arrest-related deaths, 2003-2005",Local law enforcement agency,Media,Coroner/Medical examiner,State police,State UCR/SHR reporter,State attorney general/Prosecutors,Other*
,Total,"2,002",43,30,23,19,9,6,7
Northeast,,261,,,,,,,
,Connecticut,9,x,x,,,,x,
,Maine,6,x,,x,x,,,
,Massachusetts,23,x,x,x,x,,,
,New Hampshire,5,,x,,,,x,
,New Jersey,37,x,x,,,,x,x
,New York,97,x,x,,,,,
,Pennsylvania,77,x,x,,,x,,
,Rhode Island,5,x,x,x,x,,,
,Vermont,2,x,x,x,x,,,
Midwest,,378,,,,,,,
,Illinois,80,x,x,,,,,
,Indiana,26,x,,,x,,,x
,Iowa,22,x,x,x,,,,
,Kansas,22,x,x,x,x,,,
,Michigan,73,x,x,,x,x,,
,Minnesota,20,x,x,,x,,,
,Missouri,16,x,,,x,,,
,Nebraska,10,x,x,,,,,x
,North Dakota,7,x,x,,,x,,
,Ohio,71,,x,x,,,,
,South Dakota,5,x,x,,x,x,x,
,Wisconsin,26,x,x,,,x,,
South,,699,,,,,,,
,Alabama,9,x,,,,,,
,Arkansas,1,x,,x,,,,
,Delaware,3,x,x,x,,,x,
,District of Columbia,10,x,,,,,,
,Florida,204,x,x,x,x,x,,
,Georgia,/,/,/,/,/,/,/,/
,Kentucky,9,,x,,,,,x
,Louisiana,11,x,x,,x,,,
,Maryland,/,/,/,/,/,/,/,/
,Mississippi,3,x,,x,,,,
,North Carolina,58,x,,x,,,,x
,Oklahoma,39,x,x,x,x,,,
,South Carolina,6,,x,x,,,,
,Tennessee,4,x,x,x,,,,
,Texas,298,x,,,,,,
,Virginia,37,x,x,x,x,x,,
,West Virginia,7,x,,x,x,,,x
West,,664,,,,,,,
,Alaska,3,x,x,x,x,,,
,Arizona,125,x,x,x,x,,,
,California,310,x,,x,,x,x,
,Colorado,48,x,,x,,,,
,Hawaii,10,x,,,,,,
,Idaho,4,x,,,x,,,
,Montana,/,/,/,/,/,/,/,
,Nevada,2,/,/,/,/,/,/,/
,New Mexico,32,x,,x,,,,x
,Oregon,42,x,x,,,x
,Utah,21,x,,,,
,Washington,66,x,x,x,,
,Wyoming,1,x,,,x,
/Not reported.,,,,,,,
"*The following States used other data sources: Indiana (Department of Health), Nebraska (targeted annual mailings by the Nebraska Crime Commission), Kentucky (Office of Vital Statistics), North Carolina (local hospitals), New Mexico (National Violent Death Registry Project), and Oregon (Department of Health Services).",,,,,,,
