Bureau of Justice Statistics,,
filename: ardus05f01.csv,,
Figure 1. Percent of deaths involving arrests for violent crimes,,
"report title: Arrest-Related Deaths in the United States, 2003-2005, NCJ 219534",,
"data source: Deaths in Custody Reporting Program, 2003-2005",,
author: Christopher J. Mumola ,,
refer questions to: askbjs@usdoj.gov  (202) 307-0765,,
date of version: 10-11-2007,,

Figure 1. Percent of arrest-related deaths involving arrests for violent crimes,,
Percent of deaths involving violent crimess,,
Cause of death,Percent involving violent offenders,
Homicide by law enforcement,74,%
Suicide,51,
All other causes,27,
"Note: See appendix table 6 for offense data, by cause of death.",,
