Bureau of Justice Statistics,
filename: ardus05tt01.csv,
"Text table 1. Data sources on arrest-related deaths, 2003-2005",
"report title: Arrest-Related Deaths in the United States, 2003-2005, NCJ 219534",
"data source: Deaths in Custody Reporting Program, 2003-2005",
author: Christopher J. Mumola ,
refer questions to: askbjs@usdoj.gov  (202) 307-0765,
date of version: 10-11-2007,

"Text table 1. Data sources on arrest-related deaths, 2003-2005",
Data sources on arrest-related deaths,Number of states
Local law enforcement agencies,43
Media accounts,30
Coroners/medical examiners,23
State police/highway patrol,19
Uniform Crime Report State contacts,9
Attorney general/prosecutors,6
Other sources,7
Note: See Methodology for more details,
