"Bureau of Justice Statistics",,,,,,,,
"filename:  lpd0034.csv",,,,,,,,
"Table 34.  Community oriented policies for sworn personnel in local police departments, by size of population served, 2000",,,,,,,,
"title: Local Police Departments 2000, NCJ 196002",,,,,,,,
"data source:  2000 Law Enforcement Management and Administrative Statistics",,,,,,,,
"authors:  Matthew J. Hickman and Brian A. Reaves, Ph.D.",,,,,,,,
"refer questions to: askbjs@ojp.usdoj.gov (202)307-0765",,,,,,,,
"date of version: 12/10/02",,,,,,,,
,,,,,,,,
"Table 34.  Community oriented policies for sworn personnel in local police departments, by size of population served, 2000",,,,,,,,
,,,,,,,,
,"Geographic assignments",,,,"Patrol officer involvement in problem-solving projects",,,
"Population served","Patrol officers",,"Investigators",,"Actively encouraged",,"Included in evaluation",
,,,,,,,,
"All sizes",40,"%",9,"%",32,"%",14,"%"
,,,,,,,,
"1,000,000 or more",93,"%",80,"%",73,"%",47,"%"
"500,000-999,999",85,,70,,53,,32,
"250,000-499,999",95,,75,,80,,40,
"100,000-249,999",87,,51,,70,,42,
"50,000-99,999",87,,27,,59,,34,
"25,000-49,999",77,,15,,50,,30,
"10,000-24,999",63,,11,,34,,19,
"2,500-9,999",39,,9,,35,,14,
"Under 2,500",23,,3,,22,,8,
