"Bureau of Justice Statistics",,,,
"filename:  lpd00f09.csv",,,,
"Figure 9.  Local police departments participating in a 9-1-1 emergency telephone system, 1990 and 2000",,,,
"title: Local Police Departments 2000, NCJ 196002",,,,
"data source:  2000 Law Enforcement Management and Administrative Statistics",,,,
"authors:  Matthew J. Hickman and Brian A. Reaves, Ph.D.",,,,
"refer questions to: askbjs@ojp.usdoj.gov (202)307-0765",,,,
"date of version: 12/10/02",,,,
,,,,
"Figure 9.  Local police departments participating in a 9-1-1 emergency telephone system, 1990 and 2000",,,,
,,,,
"Type of 9-1-1 system",1990,,2000,
,,,,
"Any 9-1-1",48,"%",89,"%"
"Enhanced 9-1-1",18,,71,
"Basic 9-1-1",30,,18,
