"Bureau of Justice Statistics",,,,
"filename:  lpd00h03.csv",,,,
"Highlights Figure 3.  Local police departments using in-field computers or terminals, 1990 and 2000",,,,
"title: Local Police Departments 2000, NCJ 196002",,,,
"data source:  2000 Law Enforcement Management and Administrative Statistics",,,,
"authors:  Matthew J. Hickman and Brian A. Reaves, Ph.D.",,,,
"refer questions to: askbjs@ojp.usdoj.gov (202)307-0765",,,,
"date of version: 12/10/02",,,,
,,,,
"Highlights Figure 3.  Local police departments using in-field computers or terminals, 1990 and 2000",,,,
,,,,
,1990,,2000,
,,,,
"Under 10,000",2,"%",30,"%"
"10,000 - 49,999",8,,62,
"50,000 - 249,999",28,,81,
"250,000 or more",51,,89,
