"Bureau of Justice Statistics",,,,,,,,,,,,
"filename:  lpd0058.csv",,,,,,,,,,,,
"Table 58.  Special policies regarding arrest for domestic assault and protection orders in local police departments, by size of population served, 2000",,,,,,,,,,,,
"title: Local Police Departments 2000, NCJ 196002",,,,,,,,,,,,
"data source:  2000 Law Enforcement Management and Administrative Statistics",,,,,,,,,,,,
"authors:  Matthew J. Hickman and Brian A. Reaves, Ph.D.",,,,,,,,,,,,
"refer questions to: askbjs@ojp.usdoj.gov (202)307-0765",,,,,,,,,,,,
"date of version: 12/10/02",,,,,,,,,,,,
,,,,,,,,,,,,
"Table 58.  Special policies regarding arrest for domestic assault and protection orders in local police departments, by size of population served, 2000",,,,,,,,,,,,
,,,,,,,,,,,,
,,"Percent of agencies with special policies regarding arrest for:",,,,,,,,,,
,"Domestic assault ",,,,,,"Violation of protection order",,,,,
"Population served","Any special policy",,"Mandatory arrest",,"Pro-arrest",,"Any special policy",,"Mandatory arrest",,"Pro-arrest",
,,,,,,,,,,,,
"All sizes",91,"%",72,"%",17,"%",82,"%",63,"%",18,"%"
,,,,,,,,,,,,
"1,000,000 or more",100,"%",87,"%",13,"%",93,"%",80,"%",0,"%"
"500,000-999,999",97,,78,,16,,90,,72,,16,
"250,000-499,999",97,,88,,10,,97,,75,,18,
"100,000-249,999",98,,73,,23,,93,,70,,22,
"50,000-99,999",98,,73,,23,,90,,65,,24,
"25,000-49,999",98,,72,,24,,94,,69,,23,
"10,000-24,999",97,,74,,21,,92,,70,,19,
"2,500-9,999",94,,75,,16,,85,,66,,18,
"Under 2,500",86,,69,,15,,74,,56,,16,
