"Bureau of Justice Statistics",,,,
"filename:  lpd00f02.csv",,,,
"Figure 2.  Female and minority local police officers, 1990 and 2000",,,,
"title: Local Police Departments 2000, NCJ 196002",,,,
"data source:  2000 Law Enforcement Management and Administrative Statistics",,,,
"authors:  Matthew J. Hickman and Brian A. Reaves, Ph.D.",,,,
"refer questions to: askbjs@ojp.usdoj.gov (202)307-0765",,,,
"date of version: 12/10/02",,,,
,,,,
"Figure 2.  Female and minority local police officers, 1990 and 2000",,,,
,,,,
,1990,,2000,
,,,,
"Female",8.1,"%",10.6,"%"
"All minorities",17.0,,22.7,
"Black",10.5,,11.7,
"Hispanic",5.2,,8.3,
"Other",1.3,,2.7,
