"Bureau of Justice Statistics",,
"filename:  lpd00t03.csv",,
"In-Text Table 3.  Agency operating expenditures (in billions), by type of agency, 1990 and 2000",,
"title: Local Police Departments 2000, NCJ 196002",,
"data source:  2000 Law Enforcement Management and Administrative Statistics",,
"authors:  Matthew J. Hickman and Brian A. Reaves, Ph.D.",,
"refer questions to: askbjs@ojp.usdoj.gov (202)307-0765",,
"date of version: 12/10/02",,
,,
"In-Text Table 3.  Agency operating expenditures (in billions), by type of agency, 1990 and 2000",,
,,
,"Agency operating expenditures (in billions)",
,2000,1990
,,
"Total ",$65.7,$47.8
,,
"Local police",$36.7,27.6
"Sheriff",17.7,12.2
"State police",6.7,5.0
"Other",4.6,3.1
