"Bureau of Justice Statistics",,,,,,,,,,,,
"filename:  lpd0051.csv",,,,,,,,,,,,
"Table 51.  Types of computerized information files maintained by more than half of local police departments, by size of population served, 2000",,,,,,,,,,,,
"title: Local Police Departments 2000, NCJ 196002",,,,,,,,,,,,
"data source:  2000 Law Enforcement Management and Administrative Statistics",,,,,,,,,,,,
"authors:  Matthew J. Hickman and Brian A. Reaves, Ph.D.",,,,,,,,,,,,
"refer questions to: askbjs@ojp.usdoj.gov (202)307-0765",,,,,,,,,,,,
"date of version: 12/10/02",,,,,,,,,,,,
,,,,,,,,,,,,
"Table 51.  Types of computerized information files maintained by more than half of local police departments, by size of population served, 2000",,,,,,,,,,,,
,,,,,,,,,,,,
,,"Percent of agencies maintaining computerized information files on:",,,,,,,,,,
"Population  served","Incident reports",,"Arrests",,"Traffic citations",,"Calls for service",,"Traffic accidents",,"Stolen property",
,,,,,,,,,,,,
"All sizes",71,"%",71,"%",61,"%",60,"%",58,"%",57,"%"
,,,,,,,,,,,,
"1,000,000 or more",93,"%",100,"%",73,"%",93,"%",67,"%",73,"%"
"500,000-999,999",91,,85,,62,,91,,77,,83,
"250,000-499,999",90,,90,,60,,95,,83,,80,
"100,000-249,999",89,,91,,72,,92,,78,,79,
"50,000-99,999",86,,92,,74,,90,,82,,76,
"25,000-49,999",91,,95,,86,,90,,84,,77,
"10,000-24,999",89,,92,,80,,88,,81,,80,
"2,500-9,999",81,,78,,70,,67,,70,,65,
"Under 2,500",54,,51,,44,,38,,35,,39,
