"Bureau of Justice Statistics",,,,,,,,,,
"filename:  lpd0009.csv",,,,,,,,,,
"Table 9.  Background checks used in selection of new officer recruits in local police departments, by size of population served, 2000",,,,,,,,,,
"title: Local Police Departments 2000, NCJ 196002",,,,,,,,,,
"data source:  2000 Law Enforcement Management and Administrative Statistics",,,,,,,,,,
"authors:  Matthew J. Hickman and Brian A. Reaves, Ph.D.",,,,,,,,,,
"refer questions to: askbjs@ojp.usdoj.gov (202)307-0765",,,,,,,,,,
"date of version: 12/10/02",,,,,,,,,,
,,,,,,,,,,
"Table 9.  Background checks used in selection of new officer recruits in local police departments, by size of population served, 2000",,,,,,,,,,
,,,,,,,,,,
,,,"Background checks used to select new officer recruits",,,,,,,
"Population served","Background investigation",,"Criminal record check",,"Driving record check",,"Credit history check",,"Volunteer service check",
,,,,,,,,,,
"All sizes",96,"%",96,"%",93,"%",48,"%",6,"%"
,,,,,,,,,,
"1,000,000 or more",100,"%",100,"%",100,"%",87,"%",20,"%"
"500,000-999,999",94,,97,,94,,85,,12,
"250,000-499,999",98,,100,,100,,93,,13,
"100,000-249,999",99,,99,,98,,79,,7,
"50,000-99,999",99,,100,,100,,80,,9,
"25,000-49,999",99,,99,,99,,76,,7,
"10,000-24,999",98,,99,,96,,73,,10,
"2,500-9,999",97,,98,,96,,52,,5,
"Under 2,500",95,,93,,89,,28,,5,
,,,,,,,,,,
"Note:  List of selection methods is not intended to be exhaustive.",,,,,,,,,,
