"Bureau of Justice Statistics",,,,
"filename:  lpd00f17.csv",,,,
"Figure 17.  Local police departments using computers for Internet access, 1997 and 2000",,,,
"title: Local Police Departments 2000, NCJ 196002",,,,
"data source:  2000 Law Enforcement Management and Administrative Statistics",,,,
"authors:  Matthew J. Hickman and Brian A. Reaves, Ph.D.",,,,
"refer questions to: askbjs@ojp.usdoj.gov (202)307-0765",,,,
"date of version: 12/10/02",,,,
,,,,
"Figure 17.  Local police departments using computers for Internet access, 1997 and 2000",,,,
,,,,
"Population served",1997,,2000,
,,,,
"Under 10,000",17,"%",48,"%"
"10,000 - 49,999",45,,74,
"50,000 - 249,999",68,,89,
"250,000 or more",79,,97,
