"Bureau of Justice Statistics",,,,,,,,,,,,
"filename:  lpd0037.csv",,,,,,,,,,,,
"Table 37.  Semiautomatic sidearms authorized for use by sworn personnel in local police departments, by size of population served, 2000",,,,,,,,,,,,
"title: Local Police Departments 2000, NCJ 196002",,,,,,,,,,,,
"data source:  2000 Law Enforcement Management and Administrative Statistics",,,,,,,,,,,,
"authors:  Matthew J. Hickman and Brian A. Reaves, Ph.D.",,,,,,,,,,,,
"refer questions to: askbjs@ojp.usdoj.gov (202)307-0765",,,,,,,,,,,,
"date of version: 12/10/02",,,,,,,,,,,,
,,,,,,,,,,,,
"Table 37.  Semiautomatic sidearms authorized for use by sworn personnel in local police departments, by size of population served, 2000",,,,,,,,,,,,
,,,,,,,,,,,,
,,,"Percent of agencies authorizing  semiautomatic sidearms",,,,,,,,,
"Population  served","Any type",,0.4,,"9mm",,0.45,,0.38,,"10mm",
,,,,,,,,,,,,
"All sizes",98,"%",75,"%",67,"%",54,"%",38,"%",30,"%"
,,,,,,,,,,,,
"1,000,000 or more",100,"%",54,"%",73,"%",40,"%",27,"%",13,"%"
"500,000-999,999",94,,68,,83,,50,,50,,21,
"250,000-499,999",100,,60,,80,,53,,43,,20,
"100,000-249,999",99,,68,,81,,61,,57,,32,
"50,000-99,999",100,,72,,74,,54,,53,,31,
"25,000-49,999",100,,76,,69,,53,,46,,30,
"10,000-24,999",100,,74,,61,,46,,38,,26,
"2,500-9,999",98,,78,,64,,54,,36,,31,
"Under 2,500",96,,75,,71,,57,,36,,30,
,,,,,,,,,,,,
"Note:  Some departments authorized more than 1 type of sidearm.",,,,,,,,,,,,
