"Bureau of Justice Statistics",,,,
"filename:  lpd0041.csv",,,,
"Table 41.  Number of cars operated by local police departments, by size of population served, 2000",,,,
"title: Local Police Departments 2000, NCJ 196002",,,,
"data source:  2000 Law Enforcement Management and Administrative Statistics",,,,
"authors:  Matthew J. Hickman and Brian A. Reaves, Ph.D.",,,,
"refer questions to: askbjs@ojp.usdoj.gov (202)307-0765",,,,
"date of version: 12/10/02",,,,
,,,,
"Table 41.  Number of cars operated by local police departments, by size of population served, 2000",,,,
,,,,
,"Number of cars",,"Percent of  cars that were unmarked",
"Population  served","Total","Per 100 officers/a",,
,,,,
"All sizes",231363,51,35,"%"
,,,,
"1,000,000 or more",25018,26,47,"%"
"500,000-999,999",23486,51,39,
"250,000-499,999",18421,58,40,
"100,000-249,999",31425,64,42,
"50,000-99,999",27131,57,39,
"25,000-49,999",27372,56,36,
"10,000-24,999",33490,57,32,
"2,500-9,999",29618,58,24,
"Under 2,500",15400,62,14,
,,,,
"a/Part-time officers are included with a  weight of .5 assigned.",,,,
