"Bureau of Justice Statistics",,,,,,
"filename:  lpd0038.csv",,,,,,
"Table 38.  Body armor requirements for field officers in local police departments, by size of population served, 2000",,,,,,
"title: Local Police Departments 2000, NCJ 196002",,,,,,
"data source:  2000 Law Enforcement Management and Administrative Statistics",,,,,,
"authors:  Matthew J. Hickman and Brian A. Reaves, Ph.D.",,,,,,
"refer questions to: askbjs@ojp.usdoj.gov (202)307-0765",,,,,,
"date of version: 12/10/02",,,,,,
,,,,,,
"Table 38.  Body armor requirements for field officers in local police departments, by size of population served, 2000",,,,,,
,,,,,,
,"Percent of agencies requiring field officers to wear armor while on duty",,,,,
"Population  served","Total",,"All  officers",,"Some  officers",
,,,,,,
"All sizes",64,"%",56,"%",8,"%"
,,,,,,
"1,000,000 or more",67,"%",53,"%",14,"%"
"500,000-999,999",75,,44,,31,
"250,000-499,999",57,,42,,15,
"100,000-249,999",56,,50,,6,
"50,000-99,999",66,,50,,16,
"25,000-49,999",66,,54,,12,
"10,000-24,999",71,,61,,10,
"2,500-9,999",68,,60,,8,
"Under 2,500",59,,52,,7,
