"Bureau of Justice Statistics",,,,,,,,,
"filename:  lpd0001.csv",,,,,,,,,
"Table 1.  Employment by State and local  law enforcement agencies in the United States, 2000",,,,,,,,,
"title: Local Police Departments 2000, NCJ 196002",,,,,,,,,
"data source:  2000 Law Enforcement Management and Administrative Statistics",,,,,,,,,
"authors:  Matthew J. Hickman and Brian A. Reaves, Ph.D.",,,,,,,,,
"refer questions to: askbjs@ojp.usdoj.gov (202)307-0765",,,,,,,,,
"date of version: 12/10/02",,,,,,,,,
,,,,,,,,,
"Table 1.  Employment by State and local  law enforcement agencies in the United States, 2000",,,,,,,,,
,,,,,,,,,
,,,"Number of employees",,,,,,
"Type of  agency","Number of agencies",,"Full-time",,," ","Part-time",,
,,,"Total","Sworn","Civilian",,"Total","Sworn","Civilian"
,,,,,,,,,
"Total",17784,,1019496,708022,311474,,99731,42803,56928
,,,,,,,,,
"Local police",12666,,565915,440920,124995,,62110,27323,34787
"Sheriff",3070,,293823,164711,129112,,22737,10300,12437
"Primary State",49,,87028,56348,30680,,817,95,722
"Special jurisdiction*",1376,,69650,43413,26237,,13583,4667,8916
"Texas constable",623,,3080,2630,450,,484,418,66
,,,,,,,,,
"Note:  Data are for the pay period that included June 30, 2000.  ",,,,,,,,,
"Sworn employees are those with general arrest powers  ",,,,,,,,,
"* State and local law enforcement agencies that serve special jurisdictional areas or have special enforcement responsibilities.",,,,,,,,,
