"Bureau of Justice Statistics",,,,,,,,,,
"filename:  lpd0056.csv",,,,,,,,,,
"Table 56.  Computerized information accessible to in-field officers of local police departments, by size of population served, 2000",,,,,,,,,,
"title: Local Police Departments 2000, NCJ 196002",,,,,,,,,,
"data source:  2000 Law Enforcement Management and Administrative Statistics",,,,,,,,,,
"authors:  Matthew J. Hickman and Brian A. Reaves, Ph.D.",,,,,,,,,,
"refer questions to: askbjs@ojp.usdoj.gov (202)307-0765",,,,,,,,,,
"date of version: 12/10/02",,,,,,,,,,
,,,,,,,,,,
"Table 56.  Computerized information accessible to in-field officers of local police departments, by size of population served, 2000",,,,,,,,,,
,,,,,,,,,,
,"Types of information accessible in the field:",,,,,,,,,
"Population served","Calls for  service",,"Crime   analysis    files (linked)",,"Criminal histories",,"Driving  records",,"Vehicle  records",
,,,,,,,,,,
"All sizes",18,"%",6,"%",16,"%",25,"%",27,"%"
,,,,,,,,,,
"1,000,000 or more",67,"%",7,"%",53,"%",86,"%",93,"%"
"500,000-999,999",59,,16,,31,,85,,97,
"250,000-499,999",50,,8,,25,,60,,72,
"100,000-249,999",54,,11,,42,,67,,74,
"50,000-99,999",45,,10,,36,,66,,72,
"25,000-49,999",34,,10,,27,,52,,56,
"10,000-24,999",26,,7,,23,,38,,42,
"2,500-9,999",18,,7,,15,,23,,25,
"Under 2,500",9,,4,,11,,13,,14,
