"Bureau of Justice Statistics",,,,,,,,,,,,,,,,,,,,,,
"filename:  lpd0050.csv",,,,,,,,,,,,,,,,,,,,,,
"Table 50.  Functions of computers in local police departments, by size of population served, 2000",,,,,,,,,,,,,,,,,,,,,,
"title: Local Police Departments 2000, NCJ 196002",,,,,,,,,,,,,,,,,,,,,,
"data source:  2000 Law Enforcement Management and Administrative Statistics",,,,,,,,,,,,,,,,,,,,,,
"authors:  Matthew J. Hickman and Brian A. Reaves, Ph.D.",,,,,,,,,,,,,,,,,,,,,,
"refer questions to: askbjs@ojp.usdoj.gov (202)307-0765",,,,,,,,,,,,,,,,,,,,,,
"date of version: 12/10/02",,,,,,,,,,,,,,,,,,,,,,
,,,,,,,,,,,,,,,,,,,,,,
"Table 50.  Functions of computers in local police departments, by size of population served, 2000",,,,,,,,,,,,,,,,,,,,,,
,,,,,,,,,,,,,,,,,,,,,,
,,,,,"Percent of agencies using computers for:",,,,,,,,,,,,,,,,,
"Population served","Records management",,"Internet access",,"Crime investigations",,"Personnel records",,"Dispatch",,"Crime analysis",,"Inter-agency information sharing",,"Automated booking",,"Fleet management",,"Crime mapping",,"Resource allocation",
,,,,,,,,,,,,,,,,,,,,,,
"All sizes",60,"%",56,"%",44,"%",40,"%",32,"%",30,"%",28,"%",18,"%",16,"%",15,"%",10,"%"
,,,,,,,,,,,,,,,,,,,,,,
"1,000,000 or more",93,"%",100,"%",93,"%",93,"%",100,"%",86,"%",53,"%",47,"%",87,"%",86,"%",67,"%"
"500,000-999,999",88,,94,,88,,85,,85,,91,,83,,56,,85,,82,,65,
"250,000-499,999",98,,98,,88,,90,,100,,98,,78,,48,,60,,90,,58,
"100,000-249,999",89,,89,,80,,69,,90,,92,,61,,51,,50,,80,,41,
"50,000-99,999",89,,88,,75,,67,,85,,76,,51,,50,,38,,53,,35,
"25,000-49,999",86,,80,,72,,60,,79,,58,,51,,40,,33,,34,,22,
"10,000-24,999",81,,72,,65,,54,,63,,48,,36,,32,,30,,22,,16,
"2,500-9,999",66,,57,,50,,43,,32,,29,,29,,16,,17,,12,,10,
"Under 2,500",40,,42,,25,,27,,8,,13,,17,,7,,5,,6,,3,
