"Bureau of Justice Statistics",
"filename:  lpd00f10.csv",
"Figure 10.  Drug asset forfeiture receipts of local police departments, by size of agency, 1999",
"title: Local Police Departments 2000, NCJ 196002",
"data source:  2000 Law Enforcement Management and Administrative Statistics",
"authors:  Matthew J. Hickman and Brian A. Reaves, Ph.D.",
"refer questions to: askbjs@ojp.usdoj.gov (202)307-0765",
"date of version: 12/10/02",
,
"Figure 10.  Drug asset forfeiture receipts of local police departments, by size of agency, 1999",
,
"Number of full-time sworn personnel","Drug receipts per sworn officer"
,
"Under 25",178
25-49,602
50-99,823
100-249,986
250-999,945
"1,000 or more",768
