"Bureau of Justice Statistics",,,,,
"filename:  lpd00b01.csv",,,,,
"In-text Box 1.  The 50 largest local police departments, by total number of full-time sworn personnel, number of full-time sworn personnel per 10,000 residents, and percent of full-time sworn personnel regularly assigned to respond to call",,,,,
"title: Local Police Departments 2000, NCJ 196002",,,,,
"data source:  2000 Law Enforcement Management and Administrative Statistics",,,,,
"authors:  Matthew J. Hickman and Brian A. Reaves, Ph.D.",,,,,
"refer questions to: askbjs@ojp.usdoj.gov (202)307-0765",,,,,
"date of version: 12/10/02",,,,,
,,,,,
"In-text Box 1.  The 50 largest local police departments, by total number of full-time sworn personnel, number of full-time sworn personnel per 10,000 residents, and percent of full-time sworn personnel regularly assigned to respond to call",,,,,
,,,,,
,"Full-time sworn personnel",,,,
"Jurisdiction","Total number ","Number per 10,000 residents/a","Percent responding  to calls/b",,"Jurisdiction"
,,,,,
"New York (NY) ",40435,50,65,"%",
"Chicago (IL) ",13466,47,76,,
"Los Angeles (CA)",9341,25,63,,
"Philadelphia (PA) ",7024,46,59,,
"Houston (TX) ",5343,27,67,,
"Detroit (MI) ",4154,44,53,,
"Washington (DC) ",3612,63,51,,
"Nassau Co. (NY)",3038,23,54,,
"Baltimore (MD)",3034,47,60,,
"Miami-Dade Co. (FL)",3008,13,52,,
"Dallas (TX) ",2862,24,40,,
"Phoenix (AZ) ",2626,20,36,,
"Suffolk Co. (NY) ",2564,18,63,,
"San Francisco (CA) ",2227,29,70,,
"Las Vegas-Clark Co (NV)",2168,16,45,,
"Boston (MA)  ",2164,37,69,,
"San Diego (CA) ",2022,17,44,,
"Milwaukee (WI) ",1998,33,70,,
"Memphis (TN) ",1904,29,74,,
"San Antonio (TX) ",1882,16,67,,
"Cleveland (OH) ",1822,38,44,,
"Honolulu (HI) ",1792,20,91,,
"Baltimore Co. (MD)",1754,23,69,,
"Columbus (OH)",1744,25,88,,
"New Orleans (LA) ",1664,34,63,,
"Jacksonville-Duval Co. (FL) ",1530,21,56,,
"Denver (CO) ",1489,27,42,,
"St. Louis (MO) ",1489,43,61,,
"Atlanta (GA) ",1474,35,76,,
"Newark (NJ) ",1466,54,61,,
"Charlotte-Mecklenberg Co. (NC)",1442,27,64,,
"Prince George's Co. (MD) ",1431,18,42,,
"San Jose (CA) ",1408,16,74,,
"Seattle (WA) ",1261,22,63,,
"Kansas City (MO)",1253,28,54,,
"Nashville (TN) ",1249,22,36,,
"Fort Worth (TX) ",1196,22,40,,
"Fairfax Co. (VA) ",1163,12,85,,
"Austin (TX)",1144,17,47,,
"Miami (FL) ",1110,31,62,,
"El Paso (TX) ",1057,19,55,,
"Indianapolis (IN)",1045,13,54,,
"Pittsburgh (PA) ",1036,31,65,,
"Cincinnati (OH)",1030,31,44,,
"Montgomery Co. (MD)",1019,12,53,,
"Oklahoma City (OK)",1011,20,57,,
"Portland (OR) ",1007,19,48,,
"Tampa (FL)",939,31,72,,
"Tucson (AZ)",928,19,55,,
"Buffalo (NY)",928,32,64,,
,,,,,
"Note:  Sworn employees are those with general arrest powers.  Officers not assigned to respond to calls for service typically were assigned to other areas of duty related to administration, investigations, technical support jail operations",,,,,
"a/ In some cases populations were adjusted to more accurately reflect the population for which an agency provided law enforcement services.",,,,,
"b/ Includes all full-time sworn personnel with general arrest powers who were uniformed officers with regularly assigned duties 'that included responding to calls for service.",,,,,
