"Bureau of Justice Statistics",,,,
"filename:  lpd0033.csv",,,,
"Table 33.  Full-time school resource officers in local police departments, by size of population served, 2000",,,,
"title: Local Police Departments 2000, NCJ 196002",,,,
"data source:  2000 Law Enforcement Management and Administrative Statistics",,,,
"authors:  Matthew J. Hickman and Brian A. Reaves, Ph.D.",,,,
"refer questions to: askbjs@ojp.usdoj.gov (202)307-0765",,,,
"date of version: 12/10/02",,,,
,,,,
"Table 33.  Full-time school resource officers in local police departments, by size of population served, 2000",,,,
,,,,
,,"School resource officers",,
"Population served","Percent of agencies using",,"Total number of officers","Average number of full-time sworn*"
,,,,
"All sizes",44,"%",13760,2
,,,,
"1,000,000 or more",73,"%",942,85
"500,000-999,999",67,,603,26
"250,000-499,999",85,,497,15
"100,000-249,999",85,,1193,8
"50,000-99,999",86,,1380,4
"25,000-49,999",82,,1757,3
"10,000-24,999",66,,2127,2
"2,500-9,999",45,,3095,2
"Under 2,500",25,,2167,2
,,,,
"*Excludes agencies that did not employ any  full-time school resource officers.",,,,
