"Bureau of Justice Statistics",,
"filename:  lpd00f03.csv",,
"Figure 3.  Local police officers employed by departments using various recruit screening methods, 2000",,
"title: Local Police Departments 2000, NCJ 196002",,
"data source:  2000 Law Enforcement Management and Administrative Statistics",,
"authors:  Matthew J. Hickman and Brian A. Reaves, Ph.D.",,
"refer questions to: askbjs@ojp.usdoj.gov (202)307-0765",,
"date of version: 12/10/02",,
,,
"Figure 3.  Local police officers employed by departments using various recruit screening methods, 2000",,
,,
"Screening method","Percent of officers",
,,
"Criminal record check",99.0,"%"
"Background investigation",98.2,
"Driving record check",98.0,
"Personal interview",96.7,
"Medical exam",96.0,
"Psychological evaluation",87.9,
"Drug test",87.9,
"Physical agility test",76.9,
"Written aptitude test",75.2,
"Credit history check",74.7,
"Personality inventory",52.3,
"Polygraph exam",45.8,
