Bureau of Justice Statistics,,,,,,,,,
Filename: svraca1920stt03.csv,,,,,,,,,
"Table 3. Outcomes of investigations into allegations of sexual victimization, by year and type of facility, 2019 and 2020 ",,,,,,,,,
"Report title: Sexual Victimization Reported by Adult Correctional Authorities, 2019�2020 � Statistical Tables   NCJ 308553",,,,,,,,,
"Data source: Bureau of Justice Statistics, Survey of Sexual Victimization, 2019 and 2020",,,,,,,,,
"Authors: Emily D. Buehler, PhD, and Shelby Kottke-Weaver, PhD, BJS Statisticians",,,,,,,,,
Refer questions to: askbjs@usdoj.gov 202-307-0765,,,,,,,,,
Date of version: 7/2/2024,,,,,,,,,
,,,,,,,,,
"Table 3. Outcomes of investigations into allegations of sexual victimization, by year and type of facility, 2019 and 2020 ",,,,,,,,,
,,,2019,,,,2020,,
,,,All facilities/a,Prisons/b,Jails/c,,All facilities/a,Prisons/b,Jails/c
Inmate-on-inmate ,,,,,,,,,
,Nonconsensual sexual acts ,,"7,338","4,168","3,085",,"6,370","3,428","2,905"
,,Substantiated ,402,190,203,,288,145,140
,,Unsubstantiated ,"3,857","2,614","1,186",,"3,260","2,160","1,077"
,,Unfounded ,"2,497","1,007","1,472",,"2,240",764,"1,465"
,,Under investigation,581,358,223,,582,359,223
,Abusive sexual contact,,"4,643","2,861","1,646",,"4,496","3,105","1,333"
,,Substantiated ,491,262,201,,395,182,203
,,Unsubstantiated ,"2,730","1,875",782,,"2,709","2,137",533
,,Unfounded ,"1,272",620,615,,"1,281",701,569
,,Under investigation,150,104,46,,112,84,28
,Sexual harassment,,"9,966","5,562","4,346",,"9,321","5,636","3,634"
,,Substantiated ,"1,093",550,530,,"1,041",531,489
,,Unsubstantiated ,"5,728","3,648","2,042",,"5,356","3,825","1,516"
,,Unfounded ,"2,909","1,262","1,639",,"2,712","1,173","1,524"
,,Under investigation,236,102,134,,212,107,105
Staff-on-inmate ,,,,,,,,,
,Staff sexual misconduct,,"8,964","6,526","2,355",,"8,628","6,192","2,356"
,,Substantiated ,539,435,102,,445,358,84
,,Unsubstantiated ,"3,588","2,985",577,,"3,621","2,962",643
,,Unfounded ,"4,102","2,475","1,573",,"3,950","2,337","1,554"
,,Under investigation,734,631,103,,612,535,75
,Staff sexual harassment,,"7,221","5,453","1,733",,"7,449","5,495","1,940"
,,Substantiated ,242,148,89,,183,122,59
,,Unsubstantiated ,"3,709","3,153",536,,"3,748","3,068",677
,,Unfounded ,"2,802","1,761","1,029",,"3,049","1,880","1,159"
,,Under investigation,469,391,78,,470,425,45
Note: Details may not sum to totals due to rounding. See Terms and definitions for information on outcomes and types of victimization. See appendix table 8 for standard errors.,,,,,,,,,
"a/Includes public and private prisons and jails, jails in Indian country, and facilities operated by the U.S. military and U.S. Immigration and Customs Enforcement. ",,,,,,,,,
b/Includes state and Federal Bureau of Prisons facilities and privately operated prisons holding persons for state and federal authorities. ,,,,,,,,,
c/Includes local and private jails. ,,,,,,,,,
"Source: Bureau of Justice Statistics, Survey of Sexual Victimization, 2019 and 2020. ",,,,,,,,,
