"Bureau of Justice Statistics",,
"filename:  lpd99f02.csv",,
"Figure 2. Percent of population served by a local police department using foot or bicycle patrol units on a routine basis, 1997 and 1999",,
"title: Local Police Departments 1999, NCJ 186478",,
"data source:  1999 Law Enforcement Management and Administrative Statistics",,
"authors:  Matthew J. Hickman and Brian A. Reaves, Ph.D.",,
"refer questions to: askbjs@ojp.usdoj.gov (202)307-0765",,
"date of version: 04/19/01",,
,,
"Figure 2. Percent of population served by a local police department using foot or bicycle patrol units on a routine basis, 1997 and 1999",,
,,
,1999,1997
"Either type",85%,78%
"Bicycle",76%,66%
"Foot",68%,59%
