"Bureau of Justice Statistics",,,,,,
"filename:  lpd9927.csv",,,,,,
"Table 27.  Local police departments providing citizens with routine access to crime statistics or crime maps, by size of population served, 1999",,,,,,
"title: Local Police Departments 1999, NCJ 186478",,,,,,
"data source:  1999 Law Enforcement Management and Administrative Statistics",,,,,,
"authors:  Matthew J. Hickman and Brian A. Reaves, Ph.D.",,,,,,
"refer questions to: askbjs@ojp.usdoj.gov (202)307-0765",,,,,,
"date of version: 04/19/01",,,,,,
,,,,,,
"Table 27.  Local police departments providing citizens with routine access to crime statistics or crime maps, by size of population served, 1999",,,,,,
,,,,,,
,"Percent of agencies providing citizens with routine access to crime statistics or crime maps by:",,,,,
"Population served"," Any  level","County or city","Neighborhood","Street or block","Patrol beat","District or precinct"
,,,,,,
"  All sizes",73%,60%,23%,16%,14%,9%
,,,,,,
"1,000,000 or more",87%,81%,56%,37%,50%,81%
"500,000-999,999",100,96,50,54,79,79
"250,000-499,999",98,93,68,48,54,66
"100,000-249,999",98,89,57,42,52,48
"50,000-99,999",95,89,55,40,50,29
"25,000-49,999",91,74,47,42,39,24
"10,000-24,999",91,76,40,32,22,14
"2,500-9,999",82,68,24,18,10,9
"Under 2,500",58,47,11,5,7,3
,,,,,,
"Note:  Neighborhood category includes apartment complexes.  Other  levels of statistics not included in table were available in some jurisdictions.",,,,,,
