"Bureau of Justice Statistics",,,,,,
"filename:  lpd9917.csv",,,,,,
"Table 17.  Traffic and vehicle-related functions of local  police departments, by size of population served, 1999",,,,,,
"title: Local Police Departments 1999, NCJ 186478",,,,,,
"data source:  1999 Law Enforcement Management and Administrative Statistics",,,,,,
"authors:  Matthew J. Hickman and Brian A. Reaves, Ph.D.",,,,,,
"refer questions to: askbjs@ojp.usdoj.gov (202)307-0765",,,,,,
"date of version: 04/19/01",,,,,,
,,,,,,
"Table 17.  Traffic and vehicle-related functions of local  police departments, by size of population served, 1999",,,,,,
,,,,,,
,"  Percent of agencies with primary responsibility for:",,,,,
"Population served","Enforcement of traffic laws","Accident investigation","Traffic direction and control","Parking enforcement","School crossing services","Commercial vehicle enforcement"
"serve",,,,,,
"  All sizes",99%,98%,87%,90%,47%,38%
,,,,,,
"1,000,000 or more",100%,100%,75%,56%,50%,69%
"500,000-999,999",100,100,83,79,67,62
"250,000-499,999",96,100,87,83,54,61
"100,000-249,999",100,99,87,78,63,47
"50,000-99,999",99,100,89,90,63,53
"25,000-49,999",100,100,91,96,62,49
"10,000-24,999",100,100,92,97,58,46
"2,500-9,999",99,100,91,94,52,39
"Under 2,500",98,96,81,85,37,33
