"Bureau of Justice Statistics",,,,
"filename:  lpd99f03.csv",,,,
"Figure 3. Percent of population served by local police departments participating in a 9-1-1 emergency telephone system, 1990, 1993, 1997, and 1999",,,,
"title: Local Police Departments 1999, NCJ 186478",,,,
"data source:  1999 Law Enforcement Management and Administrative Statistics",,,,
"authors:  Matthew J. Hickman and Brian A. Reaves, Ph.D.",,,,
"refer questions to: askbjs@ojp.usdoj.gov (202)307-0765",,,,
"date of version: 04/19/01",,,,
,,,,
"Figure 3. Percent of population served by local police departments participating in a 9-1-1 emergency telephone system, 1990, 1993, 1997, and 1999",,,,
,,,,
,1990,1993,1997,1999
"Total 9-1-1 system",79%,88%,96%,98%
"Enhanced 9-1-1 system",48%,66%,78%,91%
"Basic 9-1-1 system",31%,21%,18%,7%
