"Bureau of Justice Statistics",,,,,
"filename:  lpd9935.csv",,,,,
"Table 35.  Crime and calls for service records stored  in a computerized format by local police departments,  by size of population served, 1999",,,,,
"title: Local Police Departments 1999, NCJ 186478",,,,,
"data source:  1999 Law Enforcement Management and Administrative Statistics",,,,,
"authors:  Matthew J. Hickman and Brian A. Reaves, Ph.D.",,,,,
"refer questions to: askbjs@ojp.usdoj.gov (202)307-0765",,,,,
"date of version: 04/19/01",,,,,
,,,,,
"Table 35.  Crime and calls for service records stored  in a computerized format by local police departments,  by size of population served, 1999",,,,,
,,,,,
,"Percent of agencies with computerized files on:",,,,
"  Population  served","Alarms","Calls for service","Incident-based crime data","Uniform Crime Reports-NIBRS*","Uniform Crime Reports-Summary"
,,,,,
"  All sizes",46%,56%,50%,34%,48%
,,,,,
"1,000,000 or more",75%,94%,87%,31%,87%
"500,000-999,999",92,96,96,42,100
"250,000-499,999",91,100,85,50,93
"100,000-249,999",88,97,86,58,89
"50,000-99,999",91,96,83,57,83
"25,000-49,999",85,96,80,58,83
"10,000-24,999",81,90,80,56,78
"2,500-9,999",55,70,61,45,60
"Under 2,500",21,29,27,16,23
,,,,,
"*National Incident-Based Reporting System.",,,,,
