"Bureau of Justice Statistics",,,
"filename:  lpd9941.csv",,,
"Table 41. Methods for transmitting criminal incident reports to a central information system in local police departments,  by size of population served, 1999",,,
"title: Local Police Departments 1999, NCJ 186478",,,
"data source:  1999 Law Enforcement Management and Administrative Statistics",,,
"authors:  Matthew J. Hickman and Brian A. Reaves, Ph.D.",,,
"refer questions to: askbjs@ojp.usdoj.gov (202)307-0765",,,
"date of version: 04/19/01",,,
,,,
"Table 41. Methods for transmitting criminal incident reports to a central information system in local police departments,  by size of population served, 1999",,,
,,,
,"Percent of agencies using:",,
"Population served","Paper report","Computer/data device","Phone/wireless"
,,,
"  All sizes",83%,14%,3%
,,,
"1,000,000 or more"," 50%",12%,37%
"500,000-999,999",75,17,8
"250,000-499,999",91,2,7
"100,000-249,999",80,10,11
"50,000-99,999",85,11,5
"25,000-49,999",75,16,9
"10,000-24,999",73,23,4
"2,500-9,999",79,18,3
"Under 2,500",90,9,2
,,,
"Note:  Table excludes agencies not conducting criminal incident report transmissions.",,,
