"Bureau of Justice Statistics",
"filename:  lpd9930.csv",
"Table 30.  Local police departments using computer-aided dispatch, by size of population of served, 1999",
"title: Local Police Departments 1999, NCJ 186478",
"data source:  1999 Law Enforcement Management and Administrative Statistics",
"authors:  Matthew J. Hickman and Brian A. Reaves, Ph.D.",
"refer questions to: askbjs@ojp.usdoj.gov (202)307-0765",
"date of version: 04/19/01",
,
"Table 30.  Local police departments using computer-aided dispatch, by size of population of served, 1999",
,
"Population  served","Percent of agencies"
,
"  All sizes",56%
,
"1,000,000 or more",100%
"500,000-999,999",100
"250,000-499,999",98
"100,000-249,999",98
"50,000-99,999",96
"25,000-49,999",85
"10,000-24,999",70
"2,500-9,999",44
"Under 2,500",18
,
"Note:  Table excludes agencies not  responsible for providing dispatch services.",
