"Bureau of Justice Statistics",,,,,,,,,
"filename:  lpd9909.csv",,,,,,,,,
"Table 9.  Stations and substations operated by local  police departments, by size of population served, 1999",,,,,,,,,
"title: Local Police Departments 1999, NCJ 186478",,,,,,,,,
"data source:  1999 Law Enforcement Management and Administrative Statistics",,,,,,,,,
"authors:  Matthew J. Hickman and Brian A. Reaves, Ph.D.",,,,,,,,,
"refer questions to: askbjs@ojp.usdoj.gov (202)307-0765",,,,,,,,,
"date of version: 04/19/01",,,,,,,,,
,,,,,,,,,
"Table 9.  Stations and substations operated by local  police departments, by size of population served, 1999",,,,,,,,,
,,,,,,,,,
"  Population served","       Agencies operating facilities separate from headquarters",,,,,,,,
,"District/precinct stations",,,,,"Community substations",,,
," Percent   operating",,"Number",,," Percent    operating",,"Number",
,,,"Total "," Average",,,,"  Total"," Average"
,,,,,,,,,
"  All sizes",20%,,3566,1,,12%,,4021,2
,,,,,,,,,
"1,000,000 or more",100%,,255,16,,87%,,199,14
"500,000-999,999",92,,142,6,,83,,146,7
"250,000-499,999",91,,195,5,,80,,335,9
"100,000-249,999",47,,196,3,,76,,577,5
"50,000-99,999",25,,155,2,,66,,713,3
"25,000-49,999",23,,205,1,,41,,709,2
"10,000-24,999",22,,440,1,,22,,676,2
"2,500-9,999",20,,863,1,,8,,441,1
"Under 2,500",18,,1113,1,,3,,225,1
