"Bureau of Justice Statistics",
"filename:  lpd99f12.csv",
"Figure 12. Percent of local police officers employed by a department in which patrol officers have direct access to information through in-field computers, 1999",
"title: Local Police Departments 1999, NCJ 186478",
"data source:  1999 Law Enforcement Management and Administrative Statistics",
"authors:  Matthew J. Hickman and Brian A. Reaves, Ph.D.",
"refer questions to: askbjs@ojp.usdoj.gov (202)307-0765",
"date of version: 04/19/01",
,
"Figure 12. Percent of local police officers employed by a department in which patrol officers have direct access to information through in-field computers, 1999",
,
"Wanted suspects",62%
"Driving records",54%
"Stolen property",48%
"Prior calls at dispatch location",42%
"Criminal history records",39%
"Crime analysis software",15%
"Mapping programs",13%
