"Bureau of Justice Statistics",,
"filename:  lpd99f10.csv",,
"Figure 10. Percent of local police officers employed by a department with computerized offender and suspect information, 1990 and 1999",,
"title: Local Police Departments 1999, NCJ 186478",,
"data source:  1999 Law Enforcement Management and Administrative Statistics",,
"authors:  Matthew J. Hickman and Brian A. Reaves, Ph.D.",,
"refer questions to: askbjs@ojp.usdoj.gov (202)307-0765",,
"date of version: 04/19/01",,
,,
"Figure 10. Percent of local police officers employed by a department with computerized offender and suspect information, 1990 and 1999",,
,,
,1999,1990
"Arrest",95%,81%
"Criminal histories",79%,60%
"Summonses",52%,28%
"Warrants",78%,68%
