"Bureau of Justice Statistics",,,,,
"filename:  lpd9933.csv",,,,,
"Table 33.  Investigative records stored in a computerized format  by local police departments, by size of population served, 1999",,,,,
"title: Local Police Departments 1999, NCJ 186478",,,,,
"data source:  1999 Law Enforcement Management and Administrative Statistics",,,,,
"authors:  Matthew J. Hickman and Brian A. Reaves, Ph.D.",,,,,
"refer questions to: askbjs@ojp.usdoj.gov (202)307-0765",,,,,
"date of version: 04/19/01",,,,,
,,,,,
"Table 33.  Investigative records stored in a computerized format  by local police departments, by size of population served, 1999",,,,,
,,,,,
,"   Percent of agencies with computerized files on:",,,,
" Population  served","Evidence","Field  interviews","Incident reports","Incident report  narratives","Stolen  property"
,,,,,
"  All sizes",43%,36%,69%,62%,53%
,,,,,
"1,000,000 or more",100%,81%,81%,62%,87%
"500,000-999,999",92,71,92,79,88
"250,000-499,999",83,83,91,74,91
"100,000-249,999",90,79,95,75,86
"50,000-99,999",88,76,93,63,85
"25,000-49,999",84,66,94,76,86
"10,000-24,999",74,58,93,80,84
"2,500-9,999",48,41,83,76,66
"Under 2,500",21,18,47,45,28
