"Bureau of Justice Statistics",,,
"filename:  lpd9943.csv",,,
"Table 43. Written policies or procedures  on handling special populations in  local police departments, by size of population served, 1999",,,
"title: Local Police Departments 1999, NCJ 186478",,,
"data source:  1999 Law Enforcement Management and Administrative Statistics",,,
"authors:  Matthew J. Hickman and Brian A. Reaves, Ph.D.",,,
"refer questions to: askbjs@ojp.usdoj.gov (202)307-0765",,,
"date of version: 04/19/01",,,
,,,
"Table 43. Written policies or procedures  on handling special populations in  local police departments, by size of population served, 1999",,,
,,,
,"Percent of agencies",,
" Population served","Homeless persons","Juveniles","Mentally ill persons"
,,,
"  All sizes",30%,76%,58%
,,,
"1,000,000 or more",50%,94%,94%
"500,000-999,999",54,100,88
"250,000-499,999",40,93,96
"100,000-249,999",43,95,83
"50,000-99,999",38,90,80
"25,000-49,999",35,89,77
"10,000-24,999",33,88,69
"2,500-9,999",29,84,61
"Under 2,500",29,65,47
