"Bureau of Justice Statistics",,,
"filename:  lpd9920.csv",,,
"Table 20.  Local police departments  with a community policing plan,  by size of population served, 1999",,,
"title: Local Police Departments 1999, NCJ 186478",,,
"data source:  1999 Law Enforcement Management and Administrative Statistics",,,
"authors:  Matthew J. Hickman and Brian A. Reaves, Ph.D.",,,
"refer questions to: askbjs@ojp.usdoj.gov (202)307-0765",,,
"date of version: 04/19/01",,,
,,,
"Table 20.  Local police departments  with a community policing plan,  by size of population served, 1999",,,
,,,
,"Percent of agencies with  a community policing plan",,
"Population  served"," Total","Formal, written ","Informal, unwritten"
,,,
"  All sizes",65%,17%,48%
,,,
"1,000,000 or more",94%,56%,37%
"500,000-999,999",96,67,29
"250,000-499,999",95,69,26
"100,000-249,999",96,65,31
"50,000-99,999",93,53,40
"25,000-49,999",90,38,52
"10,000-24,999",81,28,53
"2,500-9,999",73,16,58
"Under 2,500",50,9,40
,,,
"Note:  Detail may not add to total because of rounding.",,,
