"Bureau of Justice Statistics",,
"filename:  lpd9937.csv",,
"Table 37.  Use of computers for  Internet purposes by local police departments, by size of population served, 1999",,
"title: Local Police Departments 1999, NCJ 186478",,
"data source:  1999 Law Enforcement Management and Administrative Statistics",,
"authors:  Matthew J. Hickman and Brian A. Reaves, Ph.D.",,
"refer questions to: askbjs@ojp.usdoj.gov (202)307-0765",,
"date of version: 04/19/01",,
,,
"Table 37.  Use of computers for  Internet purposes by local police departments, by size of population served, 1999",,
,,
,"Percent of agencies with: ",
"Population served","Internet access","Internet home page"
,,
"  All sizes",50%,18%
,,
"1,000,000 or more",94%,88%
"500,000-999,999",96,100
"250,000-499,999",98,85
"100,000-249,999",93,78
"50,000-99,999",85,63
"25,000-49,999",82,47
"10,000-24,999",70,36
"2,500-9,999",55,17
"Under 2,500",33,4
