"Bureau of Justice Statistics",,
"filename:  lpd9942.csv",,
"Table 42.  Written policies or  procedures on discretionary arrest powers and domestic disputes in local police departments, by size  of population served, 1999",,
"title: Local Police Departments 1999, NCJ 186478",,
"data source:  1999 Law Enforcement Management and Administrative Statistics",,
"authors:  Matthew J. Hickman and Brian A. Reaves, Ph.D.",,
"refer questions to: askbjs@ojp.usdoj.gov (202)307-0765",,
"date of version: 04/19/01",,
,,
"Table 42.  Written policies or  procedures on discretionary arrest powers and domestic disputes in local police departments, by size  of population served, 1999",,
,,
,"Percent of agencies",
"Population served","Discretionary arrests ","Domestic disputes"
,,
"  All sizes",76%,89%
,,
"1,000,000 or more",88%,100%
"500,000-999,999",92,96
"250,000-499,999",75,100
"100,000-249,999",88,99
"50,000-99,999",82,97
"25,000-49,999",86,98
"10,000-24,999",81,97
"2,500-9,999",83,94
"Under 2,500",69,81
