"Bureau of Justice Statistics",,
"filename:  lpd9939.csv",,
"Table 39.  Use of in-field computers for field reports and communications, by local police departments, by size of population served, 1999",,
"title: Local Police Departments 1999, NCJ 186478",,
"data source:  1999 Law Enforcement Management and Administrative Statistics",,
"authors:  Matthew J. Hickman and Brian A. Reaves, Ph.D.",,
"refer questions to: askbjs@ojp.usdoj.gov (202)307-0765",,
"date of version: 04/19/01",,
,,
"Table 39.  Use of in-field computers for field reports and communications, by local police departments, by size of population served, 1999",,
,,
,"Percent of agencies using in-field computers/terminals for:",
"Population served","Field  reports","Communications"
,,
"  All sizes",20%,19%
,,
"1,000,000 or more",44%,87%
"500,000-999,999",33,67
"250,000-499,999",43,76
"100,000-249,999",41,74
"50,000-99,999",30,53
"25,000-49,999",33,46
"10,000-24,999",27,33
"2,500-9,999",24,19
"Under 2,500",13,7
