"Bureau of Justice Statistics",,,,,,
"filename:  lpd9934.csv",,,,,,
"Table 34.  Traffic and vehicle-related records stored in a computerized format by local police departments, by size of population served, 1999",,,,,,
"title: Local Police Departments 1999, NCJ 186478",,,,,,
"data source:  1999 Law Enforcement Management and Administrative Statistics",,,,,,
"authors:  Matthew J. Hickman and Brian A. Reaves, Ph.D.",,,,,,
"refer questions to: askbjs@ojp.usdoj.gov (202)307-0765",,,,,,
"date of version: 04/19/01",,,,,,
,,,,,,
"Table 34.  Traffic and vehicle-related records stored in a computerized format by local police departments, by size of population served, 1999",,,,,,
,,,,,,
,"Percent of agencies with computerized files on:",,,,,
"Population  served","Driver's licenses ","Stolen vehicles","Traffic accidents","Traffic citations","Traffic stops","Vehicle registration"
,,,,,,
"  All sizes",29%,48%,54%,60%,39%,22%
,,,,,,
"1,000,000 or more",44%,81%,94%,69%,37%,37%
"500,000-999,999",54,88,92,63,63,33
"250,000-499,999",57,91,85,78,69,54
"100,000-249,999",54,90,86,78,68,54
"50,000-99,999",55,82,88,82,65,45
"25,000-49,999",52,83,90,86,66,42
"10,000-24,999",45,79,84,82,62,36
"2,500-9,999",34,61,64,71,44,29
"Under 2,500",16,24,32,41,22,9
