"Bureau of Justice Statistics",,,,,
"filename:  lpd9928.csv",,,,,
"Table 28.  Selected types of computers used by local police departments for administrative functions, by size of population served, 1999",,,,,
"title: Local Police Departments 1999, NCJ 186478",,,,,
"data source:  1999 Law Enforcement Management and Administrative Statistics",,,,,
"authors:  Matthew J. Hickman and Brian A. Reaves, Ph.D.",,,,,
"refer questions to: askbjs@ojp.usdoj.gov (202)307-0765",,,,,
"date of version: 04/19/01",,,,,
,,,,,
"Table 28.  Selected types of computers used by local police departments for administrative functions, by size of population served, 1999",,,,,
,,,,,
,"Percent of agencies using each type of computer:",,,,
"Population served","Any  type","Personal","Main- frame","Mini","Server"
,,,,,
"  All sizes",85%,78%,24%,11%,41%
,,,,,
"1,000,000 or more",100%,100%,81%,81%,100%
"500,000-999,999",100,100,83,54,100
"250,000-499,999",100,100,68,46,94
"100,000-249,999",100,99,48,41,93
"50,000-99,999",100,100,57,33,84
"25,000-49,999",100,99,44,27,87
"10,000-24,999",98,93,37,18,83
"2,500-9,999",97,87,27,12,54
"Under 2,500",70,62,13,4,10
