"Bureau of Justice Statistics",,,,,,,,
"filename:  lpd9902.csv",,,,,,,,
"Table 2.  Local police departments, by number of sworn personnel, 1999",,,,,,,,
"title: Local Police Departments 1999, NCJ 186478",,,,,,,,
"data source:  1999 Law Enforcement Management and Administrative Statistics",,,,,,,,
"authors:  Matthew J. Hickman and Brian A. Reaves, Ph.D.",,,,,,,,
"refer questions to: askbjs@ojp.usdoj.gov (202)307-0765",,,,,,,,
"date of version: 04/19/01",,,,,,,,
,,,,,,,,
"Table 2.  Local police departments, by number of sworn personnel, 1999",,,,,,,,
,,,,,,,,
"Number of sworn personnel*","  Agencies",,,"Full-time  sworn personnel",,,"Full-time civilian personnel",
,"Number","Percent",,"Number","Percent",,"Number","Percent"
,,,,,,,,
"  Total",13524,100%,,436182,100%,,120449,100%
" ",,,,,,,,
"1,000 or more ",46,0.3%,,148744,34.1%,,42798,35.5%
500-999,38,0.3,,26462,6.1,,8358,6.9
250-499,104,0.8,,35514,8.1,,10782,9.0
100-249,385,2.8,,54570,12.5,,16907,14.0
50-99,767,5.7,,51185,11.7,,13968,11.6
25-49,1727,12.8,,53780,12.3,,13965,11.6
10-24,3361,24.9,,42970,9.9,,9888,8.2
5-9,3535,26.1,,16654,3.8,,3037,2.5
2-4,2789,20.6,,5788,1.3,,729,0.6
1,771,5.7,,514,0.1,,17,"--"
,,,,,,,,
"Note:  Detail may not add to total because of rounding. *Includes both full-time and part-time employees.  ",,,,,,,,
"-- Less than 0.5%",,,,,,,,
