"Bureau of Justice Statistics",,,,,,,,,,,,,,,
"Filename:  cf01t7_01.csv",,,,,,,,,,,,,,,
"Table 7.1.  Federal offenders under supervision, by offense, September 30, 2001",,,,,,,,,,,,,,,
"Report title:  Compendium of Federal Justice Statistics, 2001   NCJ 201627",,,,,,,,,,,,,,,
"Data source:  Federal justice statistics database maintained by The Urban Institute",,,,,,,,,,,,,,,
"Author:  Urban Institute under the supervision of BJS",,,,,,,,,,,,,,,
"Refer  questions to:  askbjs@ojp.usdoj.gov  202-307-0765",,,,,,,,,,,,,,,
"Date of version:  11/25/03",,,,,,,,,,,,,,,
,,,,,,,,,,,,,,,
,,,,,,,,,,,,,,,
"Table 7.1.  Federal offenders under supervision, by offense, September 30, 2001",,,,,,,,,,,,,,,
,,,,"",,,,,,,,,,,
,,,,,"Total offenders",,,"Type of supervision",,,,,,,
"Most serious",,,,,"under supervision",,," Probation",,,"Supervised release",,,"Parole",
"offense of conviction/a",,,,,"Number","Percent",,"Number","Percent",,"Number","Percent",,"Number","Percent"
,,," All offenses/b",,103348,100.0,,30782,100.0,,68496,100.0,,4070,100.0
"Felonies/c",,,,,93113,90.3,,21104,68.9,,67945,99.3,,4064,100.0
,"Violent offenses",,,,6163,6.0,,587,1.9,,4273,6.2,,1303,32.0
,,"Murder/d",,,410,0.4,,31,0.1,,211,0.3,,168,4.1
,,"Negligent manslaughter",,,8,"--",,0,0.0,,6,"--",,2,"--"
,,"Assault",,,627,0.6,,162,0.5,,401,0.6,,64,1.6
,,"Robbery",,,4471,4.3,,288,0.9,,3244,4.7,,939,23.1
,,"Sexual abuse/d",,,403,0.4,,92,0.3,,277,0.4,,34,0.8
,,"Kidnaping",,,200,0.2,,9,"--",,96,0.1,,95,2.3
,,"Threats against the President",,,44,"--",,5,"--",,38,0.1,,1,"--"
,"Property offenses",,,,28851,28.0,,11458,37.4,,17020,24.9,,373,9.2
,,"Fraudulent",,,23947,23.2,,9195,30.0,,14555,21.3,,197,4.8
,,,"Embezzlement",,3174,3.1,,953,3.1,,2208,3.2,,13,0.3
,,,"Fraud/d",,17993,17.4,,6918,22.6,,10915,15.9,,160,3.9
,,,"Forgery",,466,0.5,,253,0.8,,198,0.3,,15,0.4
,,,"Counterfeiting",,2314,2.2,,1071,3.5,,1234,1.8,,9,0.2
,,"Other",,,4904,4.8,,2263,7.4,,2465,3.6,,176,4.3
,,,"Burglary",,254,0.2,,59,0.2,,132,0.2,,63,1.5
,,,"Larceny/d",,3406,3.3,,1840,6.0,,1501,2.2,,65,1.6
,,,"Motor vehicle theft",,429,0.4,,120,0.4,,294,0.4,,15,0.4
,,,"Arson and explosives",,341,0.3,,66,0.2,,257,0.4,,18,0.4
,,,"Transportation of stolen property",,397,0.4,,142,0.5,,242,0.4,,13,0.3
,,,"Other property offenses/d",,77,0.1,,36,0.1,,39,0.1,,2,"--"
,"Drug offenses",,,,42333,41.0,,3644,11.9,,36771,53.7,,1918,47.2
,,"Trafficking",,,38001,36.8,,3301,10.8,,32968,48.2,,1732,42.6
,,"Other drug offenses",,,4332,4.2,,343,1.1,,3803,5.6,,186,4.6
,"Public-order offenses",,,,8773,8.5,,3720,12.1,,4747,6.9,,306,7.5
,,"Regulatory",,,2604,2.5,,1481,4.8,,1089,1.6,,34,0.8
,,,"Agriculture",,85,0.1,,54,0.2,,30,"--",,1,"--"
,,,"Antitrust",,24,"--",,19,0.1,,5,"--",,0,0.0
,,,"Food and drug",,73,0.1,,51,0.2,,22,"--",,0,0.0
,,,"Transportation",,81,0.1,,49,0.2,,29,"--",,3,0.1
,,,"Civil rights",,156,0.2,,35,0.1,,117,0.2,,4,0.1
,,,"Communications",,125,0.1,,84,0.3,,41,0.1,,0,0.0
,,,"Custom laws",,156,0.2,,75,0.2,,81,0.1,,0,0.0
,,,"Postal laws",,136,0.1,,92,0.3,,42,0.1,,2,"--"
,,,"Other regulatory offenses",,1768,1.7,,1022,3.3,,722,1.1,,24,0.6
,,"Other",,,6169,6.0,,2239,7.3,,3658,5.3,,272,6.7
,,,"Tax law violations/d",,1421,1.4,,777,2.5,,635,0.9,,9,0.2
,,,"Bribery",,415,0.4,,235,0.8,,176,0.3,,4,0.1
,,,"Perjury, contempt and intimidation",,338,0.3,,129,0.4,,199,0.3,,10,0.2
,,,"National defense",,49,"--",,17,0.1,,17,"--",,15,0.4
,,,"Escape",,291,0.3,,48,0.2,,223,0.3,,20,0.5
,,,"Racketeering and extortion",,2113,2.0,,436,1.4,,1518,2.2,,159,3.9
,,,"Gambling",,195,0.2,,114,0.4,,81,0.1,,0,0.0
,,,"Nonviolent sex offenses",,855,0.8,,214,0.7,,597,0.9,,44,1.1
,,,"Obscene material/d",,61,0.1,,27,0.1,,34,"--",,0,0.0
,,,"Migratory birds",,5,"--",,5,"--",,0,0.0,,0,0.0
,,,"All other felonies",,426,0.4,,237,0.8,,178,0.3,,11,0.3
"   Weapon offenses",,,,,4977,4.8,,803,2.6,,4017,5.9,,157,3.9
"    Immigration offenses",,,,,1807,1.8,,735,2.4,,1069,1.6,,3,0.1
"Misdemeanors/d",,,,,10235,9.9,,9678,31.6,,551,0.8,,6,0.1
,"Fraudulent property offenses",,,,1219,1.2,,1149,3.8,,69,0.1,,1,"--"
,"Larceny",,,,1237,1.2,,1148,3.7,,89,0.1,,0,0.0
,"Drug possession/d",,,,1598,1.5,,1452,4.7,,143,0.2,,3,0.1
,"Immigration misdemeanors",,,,768,0.7,,760,2.5,,8,"--",,0,0.0
,"Traffic offenses",,,,2263,2.2,,2205,7.2,,57,0.1,,1,"--"
,"Other misdemeanors",,,,3150,3.1,,2964,9.7,,185,0.3,,1,"--"
,,,,,,,,,,,,,,,
"--Less than .05%",,,,,,,,,,,,,,,
"...No case of this type occurred within the data.",,,,,,,,,,,,,,,
"(SEE PRINTED REPORT FOR FOOTNOTES)",,,,,,,,,,,,,,,
