"Bureau of Justice Statistics",,,,,,,,,,
"Filename:  cf01t7_03.csv",,,,,,,,,,
"Table 7.3.  Outcomes of probation supervision, by offense, October 1, 2000 - September 30, 2001",,,,,,,,,,
"Report title:  Compendium of Federal Justice Statistics, 2001   NCJ 201627",,,,,,,,,,
"Data source:  Federal justice statistics database maintained by The Urban Institute",,,,,,,,,,
"Author:  Urban Institute under the supervision of BJS",,,,,,,,,,
"Refer  questions to:  askbjs@ojp.usdoj.gov  202-307-0765",,,,,,,,,,
"Date of version:  11/25/03",,,,,,,,,,
,,,,,,,,,,
,,,,,,,,,,
"Table 7.3.  Outcomes of probation supervision, by offense, October 1, 2000 - September 30, 2001",,,,,,,,,,
,,,,,,,,,,
,,,,,"Percent of probation supervisions terminating with--",,,,,
,,,,,,"Technical violations/b",,,,
"Most serious offense of conviction/a",,,,"Number of probation terminations","No violation","Drug use","Fugitive status","Other","New crime/c","Administrative case closures"
,,,"   All offenses",14961,80.4,3.1,2.4,6.1,6.4,1.6
"Felonies",,,,7573,82.8,2.8,2.3,4.7,5.6,1.7
,"Violent offenses",,,239,71.1,2.1,3.8,9.2,11.7,2.1
,,"Murder/d",,12,41.7,0.0,8.3,33.3,16.7,0.0
,,"Assault",,67,62.7,3.0,4.5,10.4,13.4,6.0
,,"Robbery",,115,80.0,2.6,2.6,6.1,7.8,0.9
,,"Sexual abuse/d",,38,65.8,0.0,5.3,10.5,18.4,0.0
,,"Kidnaping",,4,"--","--","--","--","--","--"
,,"Threats against the President",,3,"--","--","--","--","--","--"
,"Property offenses",,,4173,83.3,2.8,2.0,5.0,5.2,1.6
,,"Fraudulent",,3380,85.3,2.3,1.7,4.5,4.5,1.6
,,,"Embezzlement",366,87.7,2.5,0.8,4.9,3.0,1.1
,,,"Fraud/d",2496,86.8,1.7,1.6,4.0,4.2,1.8
,,,"Forgery",90,75.6,5.6,5.6,6.7,4.4,2.2
,,,"Counterfeiting",428,76.2,5.1,2.8,7.0,7.9,0.9
,,"Other",,793,75.0,4.7,3.2,7.2,8.2,1.8
,,,"Burglary",30,53.3,0.0,20.0,6.7,16.7,3.3
,,,"Larceny/d",621,75.4,5.6,2.4,6.6,8.4,1.6
,,,"Motor vehicle theft",40,65.0,5.0,5.0,15.0,7.5,2.5
,,,"Arson and explosives",31,74.2,0.0,3.2,12.9,9.7,0.0
,,,"Transportation of stolen property",54,90.7,0.0,0.0,5.6,1.9,1.9
,,,"Other property offenses/d",17,76.5,0.0,5.9,5.9,5.9,5.9
,"Drug offenses",,,1167,79.6,4.5,2.7,4.4,6.8,2.1
,,"Trafficking",,1023,79.4,4.8,2.7,4.4,6.6,2.1
,,"Possession and other drug offenses",,144,81.3,2.8,2.1,4.2,7.6,2.1
,"Public-order offenses",,,1425,90.4,1.4,1.5,2.5,2.7,1.5
,,"Regulatory",,552,90.2,1.6,1.8,2.4,3.1,0.9
,,,"Agriculture",35,94.3,2.9,0.0,0.0,0.0,2.9
,,,"Antitrust",5,"--","--","--","--","--","--"
,,,"Food and drug",22,95.5,0.0,0.0,0.0,4.5,0.0
,,,"Transportation",24,95.8,0.0,0.0,4.2,0.0,0.0
,,,"Civil rights",9,"--","--","--","--","--","--"
,,,"Communications",31,93.5,3.2,0.0,0.0,0.0,3.2
,,,"Custom laws",33,93.9,0.0,3.0,0.0,0.0,3.0
,,,"Postal laws",37,83.8,0.0,8.1,8.1,0.0,0.0
,,,"Other regulatory offenses",356,89.3,2.0,1.7,2.2,4.2,0.6
,,"Other",,873,90.5,1.3,1.4,2.5,2.5,1.8
,,,"Tax law violations/d",390,93.6,0.3,0.8,2.3,1.3,1.8
,,,"Bribery",90,95.6,0.0,1.1,1.1,1.1,1.1
,,,"Perjury, contempt, and intimidation",68,92.6,0.0,0.0,1.5,2.9,2.9
,,,"National defense",12,83.3,0.0,8.3,0.0,8.3,0.0
,,,"Escape",24,62.5,12.5,0.0,12.5,12.5,0.0
,,,"Racketeering and extortion",137,87.6,2.9,0.7,3.6,2.9,2.2
,,,"Gambling",52,94.2,0.0,1.9,0.0,1.9,1.9
,,,"Nonviolent sex offenses",34,76.5,0.0,5.9,2.9,11.8,2.9
,,,"Obscene material/d",6,"--","--","--","--","--","--"
,,,"Migratory birds",3,"--","--","--","--","--","--"
,,,"All other offenses",57,82.5,5.3,5.3,3.5,1.8,1.8
"   Weapon offenses",,,,255,73.3,3.9,4.7,6.3,10.2,1.6
"   Immigration offenses",,,,261,73.6,1.9,6.1,5.0,11.9,1.5
"Misdemeanors/d",,,,7388,77.9,3.5,2.5,7.5,7.1,1.4
,"Fraudulent property offense",,,619,88.2,1.9,1.8,4.4,2.3,1.5
,"Larceny",,,907,79.8,4.3,3.2,6.4,5.1,1.2
,"Drug possession/d",,,1175,74.7,7.2,2.0,6.8,7.5,1.8
,"Immigration",,,466,42.5,3.0,3.9,15.9,33.9,0.9
,"Traffic offenses",,,2277,80.0,2.6,2.2,8.1,6.0,1.1
,"Other misdemeanors",,,1944,81.7,2.6,2.8,6.7,4.4,1.8
,,,,,,,,,,
"--Too few cases to obtain statistically reliable data.",,,,,,,,,,
"(SEE PRINTED REPORT FOR FOOTNOTES)",,,,,,,,,,
