"Bureau of Justice Statistics",,,,,
"filename:  cpu9631.csv",,,,,
"table #:  3.1",,,,,
"report title:  Correctional Populations in the United States, 1996",,,,,
"data source:  Annual Probation Data Survey",,,,,
"author:  Jodi Brown ",,,,,
"refer questions to:  askbjs@ojp.usdoj.gov (202) 307-0765",,,,,
"date of version:  12/08/97",,,,,
,,,,,
"Table 3.1.  Characteristics of adults on probation, 1996",,,,,
,,,,,
,,"Number of adults",,,
,,"on probation",,"Percent of those",
,,"from State or",,"persons with a",
,,"Federal courts",,"known status",
"Characteristic",,,,,
,,,,,
"      Total number of adults on probation",,3180363,,100,"%"
,,,,,
"Status of probation",,1735037,,100,"%"
" ",,,,,
"   Execution of sentence suspended",,369227,,21," "
"   Imposition of sentence suspended",,78197,,5," "
"   Direct imposition of probation",,1027883,,59," "
"   Split sentence (incarceraton with probation)",,191961,,11," "
"   Other",,67769,,4," "
,,,,,
"Status of supervision",,2918829,,100,"%"
,,,,,
"   Active supervision",,2311727,,79," "
"   Inactive supervision",,210852,,7," "
"   Absconded from supervision",,287615,,10,
"   Supervised out of State",,51714,,2," "
"   Other",,56921,,2," "
,,,,,
"Adults entering probation",,904993,,100,"%"
,,,,,
"   Probation without incarceration",,648056,,72," "
"   Probation with incarceration",,121266,,13," "
"   Probation of other types",,135671,,15," "
,,,,,
"Aduts leaving probation",,1096242,,100,"%"
,,,,,
"   Successful completions",,708602,,65," "
"   Returned to incarceration",,196916,,18," "
"      With new sentence",,57508,,5," "
"      With the same sentence",,139408,,13," "
"   Other unsuccessful",,50425,,5," "
"   Death",,6892,,1," "
"   Other",,133407,,12," "
,,,,,
"Sex of adults on probation",,2510169,,100,"%"
,,,,,
"   Male",,1994532,,79," "
"   Female",,515637,,21," "
,,,,,
"Race of adults on probation",,2213256,,100,"%"
,,,,,
"   White",,1417658,,64," "
"   Black",,765669,,35," "
"   American Indian/Alaska Native",,20022,,1," "
"   Asian/Pacific Islander",,9907,,"-- ",
,,,,,
"Hispanic origin of adults on probation",,1858076,,100,"%"
,,,,,
"   Hispanic",,271011,,15," "
"   Non-Hispanic",,1587065,,85," "
,,,,,
"Type of offense of adults on probation",,2692958,,100,"%"
,,,,,
"   Felony",,1480629,,55," "
"   Misdemeanor",,706820,,26," "
"   Driving while intoxicated",,451834,,17," "
"   Other infractions",,53675,,2," "
,,,,,
"Note:  Detail may not sum to total because of rounding.  See the detailed tables, the questionnaire, ",,,,,
"and the Explanatory notes for definitions, limitations, and exceptions.",,,,,
"For every characteristic there were persons of unknown status or type; their numbers are in the",,,,,
"detailed tables.",,,,,
"Jurisdictions failed to report data for 45% of ""status of probation,"" 8% of ""status of supervision,"" 45% ",,,,,
"of ""adults entering probation,"" 29% of ""adults leaving probation,"" 21% of ""sex of adults on probation,"" ",,,,,
"30% of ""race of adults on probation,"" 42% of ""Hispanic origin of adults on probation,"" and 15% of",,,,,
"""type of sentence of adults on probation.""",,,,,
"-- Less than 0.5%.",,,,,
