Bureau of Justice Statistics,,,,,,,,,,,,,
Filename: svpjri0809at06.csv,,,,,,,,,,,,,
"Appendix table 6:  Percent of jail inmates reporting victimization, by type of incident and facility, National Inmate Survey, 2008-09",,,,,,,,,,,,,
"Report title: Sexual Victimization in Prisons and Jails  Reported by Inmates, 2008-09 NCJ 231169",,,,,,,,,,,,,
"Data source: National Inmate Survey, 2008-09",,,,,,,,,,,,,
Author(s): Allen J. Beck and Paige M. Harrison,,,,,,,,,,,,,
Refer questions to: askbjs@usdoj.gov 202-307-0765,,,,,,,,,,,,,
Date of version: 8/26/10,,,,,,,,,,,,,
,,,,,,,,,,,,,
"Appendix table 6. Percent of jail inmates reporting victimization, by type of incident and facility, National Inmate Survey, 2008-09",,,,,,,,,,,,,
,,,,,,,,,,,,,
,,Inmate-on-inmate/a,,,,,,Staff sexual misconduct/a,,,,,
,,,,95%-confidence interval/b,,,,,,95%-confidence interval/b,,,
,,Percent victimized/c,,Lower bound,,Upper bound,,Percent victimized/c,,Lower bound,,Upper bound,
Facility Name,,,,,,,,,,,,,
,Total,1.5,%,1.4,%,1.7,%,2,%,1.9,%,2.2,%
Alabama,,,,,,,,,,,,,
,Chilton Co. Jail,1,%,0.4,%,2.2,%,3.5,%,2.2,%,5.6,%
,Houston Co. Jail,4,,2.3,,6.7,,4.4,,2.7,,7,
,Madison Co. Det. Fac.,5.5,,3.7,,7.9,,1.7,,0.9,,3.3,
,Montgomery Co. Det. Fac.,2.7,,1.6,,4.6,,1.7,,0.8,,3.3,
,Russell Co. Jail,0,,0,,2.2,,3.2,,1.9,,5.3,
Arizona,,,,,,,,,,,,,
,Maricopa Co. - Durango Jail,1.5,%,0.7,%,3.3,%,1.5,%,0.6,%,3.5,%
,Maricopa Co. - Tent City Jail,1.4,,0.6,,3.2,,0.5,,0.1,,2.2,
,Maricopa Co. - Towers Jail,1.9,,0.8,,4.5,,5.1,,3,,8.7,
,Mohave Co. Jail,2.6,,1.3,,5,,2.6,,1.4,,4.6,
,Pima Co. Adult Det. Ctr.,0.6,,0.2,,2.1,,0.4,,0.1,,1.9,
Arkansas,,,,,,,,,,,,,
,Drew Co. Det. Fac.,0,%,0,%,13.3,%,0,%,0,%,13.3,%
,Faulkner Co. Det. Ctr.,2.8,,1.7,,4.4,,1.5,,0.8,,2.9,
,Garland Co. Adult Det. Ctr.,3.3,,1.8,,6,,4.3,,2.5,,7.2,
,Sharp Co. Det. Ctr.,0,,0,,10.2,,0,,0,,10.2,
California,,,,,,,,,,,,,
,Butte Co. Jail,0.7,%,0.2,%,2.7,%,2.7,%,1.4,%,5.3,%
,"Fresno Co. - Main Jail, North Annex, & South Annex",2.5,,1.1,,5.3,,2.8,,1.4,,5.7,
,Kern Co. - Lerdo Min. Security Fac.,1.9,,0.9,,3.8,,2,,1,,4,
,Lake Co. - Hill Road Corr. Fac.,0.5,,0.2,,1.9,,0.5,,0.2,,1.9,
,Los Angeles Co. - Pitchess Det. Ctr. - East Fac.,1.3,,0.4,,4.2,,3.3,,1.6,,6.5,
,Los Angeles Co. - Pitchess Det. Ctr. - North Fac.,0.8,,0.2,,3.6,,0.3,,0.1,,1.4,
,Los Angeles Co. - Men's Central Jail,3,,1.1,,7.5,,2.4,,0.9,,6.2,
,Madera Co. Jail,2.9,,1.5,,5.6,,2.8,,1.4,,5.5,
,Mendocino Co. Jail,1.7,,0.7,,4.3,,1.8,,0.7,,4.6,
,Monterey Co. Jail,2.6,,1.2,,5.7,,2.5,,1,,5.9,
,Orange Co. - Central Jail Complex,2.4,,1.1,,5,,1.6,,0.6,,3.9,
,Orange Co. - J.A. Musick Fac.,0.9,,0.3,,2.6,,1.9,,0.9,,4,
,Riverside Co. - Robert Presley Det. Ctr.,2,,0.8,,4.8,,4.1,,2,,8.2,
,Riverside Co. - Southwest Det. Ctr.,2.8,,1.2,,6.3,,1.3,,0.3,,4.8,
,Sacramento Co. - Main Jail,2.4,,1.2,,5,,3.5,,1.8,,6.5,
,San Bernardino Co. - Central Det. Ctr,0.4,,0.1,,1.7,,0.4,,0.1,,1.7,
,San Bernardino Co. - West Valley Det. Ctr.,2.4,,1.3,,4.5,,3.2,,1.9,,5.4,
,San Diego Co. - Central Det. Fac.,3.4,,1.6,,7.1,,3.4,,1.7,,6.7,
,San Diego Co. - Descanso Det. Fac.,0.5,,0.1,,1.6,,1.3,,0.5,,3.1,
,San Francisco Co. - County Jail #8,2.8,,1.4,,5.4,,3.2,,1.7,,5.9,
,San Joaquin Co. Jail,1.1,,0.3,,4.2,,1.7,,0.6,,4.5,
,San Mateo Co. - Maguire Corr. Fac.,0.5,,0.1,,2.5,,1.1,,0.3,,3.3,
,Santa Cruz Co. - Blaine Street Fac./d,0,,0,,22.8,,7.7,,3.1,,17.8,
,Solano Co. - Sentenced Det. Fac.,0,,0,,3.2,,0.7,,0.2,,2.8,
,Sonoma Co. - North Det. Fac.,1,,0.4,,2.3,,0.6,,0.2,,2,
Colorado,,,,,,,,,,,,,
,Adams Co. Det. Fac.,0.8,%,0.3,%,2.1,%,0.6,%,0.2,%,2,%
,Arapahoe Co. Jail,1.1,,0.4,,3,,1.7,,0.6,,4.5,
,El Paso Co. - Criminal Justice Ctr.,1,,0.3,,3.2,,0.7,,0.2,,2.4,
,Jefferson Co. Jail,1,,0.4,,2.7,,0.7,,0.2,,2.3,
,Logan Co. Jail,3.3,,1.6,,6.8,,2,,0.7,,5.5,
District of Columbia,,,,,,,,,,,,,
,D.C. Dept of Corr. - Central Det. Fac. & Corr. Treatment Fac.,3.1,%,1.3,%,7,%,5.5,%,2.8,%,10.5,%
Florida,,,,,,,,,,,,,
,Bay Co. Jail,0.4,%,0.1,%,1.7,%,2.3,%,1.1,%,4.7,%
,Broward Co. - Joseph V. Conte Fac.,0.9,,0.3,,3.1,,2.6,,1.2,,5.2,
,Broward Co. - Main Jail,1.8,,0.7,,4.5,,3.2,,1.6,,6.5,
,Broward Co. - North Broward Bureau,2.5,,1.2,,5.1,,2.5,,1.3,,4.9,
,Broward Co. - Paul Rein Det. Fac.,0.7,,0.2,,2.2,,2.8,,1.5,,5.2,
,Charlotte Co. Jail,0.9,,0.2,,4,,2.3,,0.9,,5.3,
,Hardee Co. Jail,0,,0,,6,,2.2,,0.8,,5.9,
,Highlands Co. Jail,1.2,,0.4,,3.5,,1.7,,0.7,,3.9,
,Hillsborough Co. - Falkenburg Road Jail,1.3,,0.4,,3.7,,1.3,,0.5,,3.4,
,Jacksonville - James I. Montgomery Corr. Ctr.,1.3,,0.5,,2.9,,1.2,,0.5,,2.7,
,Marion Co. Jail,1.4,,0.6,,3.4,,0.7,,0.2,,2.4,
,Miami-Dade Co. - Metro West Det. Ctr.,0.7,,0.2,,2.3,,1.4,,0.5,,3.8,
,Miami-Dade Co. - Pre-trial Det. Ctr.,5.1,,2.9,,9.1,,3.5,,1.8,,6.7,
,Monroe Co. Det. Ctr.,1.5,,0.6,,3.5,,1.5,,0.6,,3.5,
,Nassau Co. Det. Fac.,0,,0,,2.2,,0.7,,0.2,,1.9,
,Okaloosa Co. Jail,0.4,,0.1,,1.6,,2.6,,1.4,,4.5,
,Osceola Co. Jail,0,,0,,1.8,,1,,0.3,,3.4,
,Palm Beach Co. - Main Det. Ctr.,1.6,,0.6,,3.9,,1.2,,0.4,,3.2,
,Polk Co. - Central County Jail,1.6,,0.7,,4,,0,,0,,1.7,
,Pinellas Co. Med. Security Fac.,2.3,,1.2,,4.3,,1.5,,0.7,,3.3,
,St. Lucie Co. Main Jail,1.8,,0.8,,4.3,,0.7,,0.2,,2.2,
,Volusia Co. Branch Jail,1.4,,0.6,,3.7,,1.2,,0.5,,3,
,Walton Co. Jail,0.6,,0.2,,1.7,,3.3,,2.1,,5,
Georgia,,,,,,,,,,,,,
,Atlanta City Jail,3.2,%,1.6,%,6.3,%,1.7,%,0.6,%,4.7,%
,Bulloch Co. Jail,2.4,,1.4,,4.2,,4.6,,3,,6.8,
,Chatham Co.  Det. Ctr.,0.3,,0.1,,1.4,,1.1,,0.4,,3,
,Clarke Co. Jail,0.5,,0.1,,1.9,,0.9,,0.4,,2.4,
,Clayton Co. Jail,0.7,,0.2,,2.4,,0.9,,0.3,,2.3,
,Cobb Co. - Jail & Prison Unit,1.2,,0.4,,3.3,,1.2,,0.4,,3.3,
,Coweta Co. Prison,0,,0,,2,,0,,0,,2,
,Dekalb Co. Jail,3.5,,1.9,,6.4,,1.5,,0.6,,3.7,
,Fulton Co. - Alpharetta Annex,0,,0,,10.4,,0,,0,,10.4,
,Gilmer Co. Jail,0,,0,,6.6,,0,,0,,6.6,
,Houston Co. Jail,0.5,,0.1,,2.2,,1.4,,0.6,,3.2,
,Jackson Co. Jail,0,,0,,4.4,,0,,0,,4.4,
,Jasper Co. Jail,0,,0,,16.8,,0,,0,,16.8,
,Lowndes Co. Jail,0.7,,0.2,,2.2,,1.8,,0.9,,3.6,
,Muscogee Co. Prison,0,,0,,1.6,,2.2,,1.1,,4.2,
,Richmond Co. - Charles B. Webster Det. Ctr.,2.3,,1.1,,4.5,,1.5,,0.6,,3.5,
,Roswell City Jail,0,,0,,29.9,,0,,0,,29.9,
,Turner Co. Jail,0,,0,,15.5,,0,,0,,15.5,
,Ware Co. Jail,3.2,,2,,5,,0.9,,0.4,,2.1,
Idaho,,,,,,,,,,,,,
,Canyon Co. Jail,0.8,%,0.3,%,2.3,%,3,%,1.6,%,5.4,%
,Madison Co. Jail,0,,0,,8.8,,1.1,,0.3,,3.9,
Illinois,,,,,,,,,,,,,
,Cook Co. Jail - Division 1,1.8,%,0.9,%,3.5,%,4.3,%,2.6,%,7.1,%
,Cook Co. Jail - Division 6,2.2,,1.1,,4.3,,5.5,,3.6,,8.3,
,Cook Co. Jail - Division 9,2,,0.8,,4.9,,3,,1.5,,5.9,
,DuPage Co. Jail,2,,0.9,,4.4,,2,,0.9,,4.1,
,LaSalle Co. Jail,2.3,,1.1,,4.8,,3.9,,2.3,,6.5,
,Vermilion Co. Jail,3.1,,1.9,,5,,0.6,,0.2,,1.5,
,Winnebago Co. Jail,2.1,,0.9,,4.6,,3.2,,1.7,,5.9,
Indiana,,,,,,,,,,,,,
,Boone Co. Jail,1.3,%,0.6,%,3,%,0,%,0,%,5.1,%
,Brown Co. Jail,0,,0,,14.9,,0,,0,,14.9,
,Madison Co. Det. Ctr.,3.9,,2.5,,6.1,,2.7,,1.6,,4.5,
,Marion Co. Jail II/e,0.5,,0.1,,2.4,,3.4,,1.7,,7,
,Pulaski Co. Jail,1,,0.6,,1.8,,0.9,,0.5,,1.5,
,Vigo Co. Jail,3.8,,2.2,,6.4,,4.8,,2.9,,7.7,
Iowa,,,,,,,,,,,,,
,Black Hawk Co. Jail,1.4,%,0.7,%,2.8,%,1.9,%,1.1,%,3.4,%
,Linn Co. Corr. Ctr.,3.4,,1.5,,7.3,,0.7,,0.2,,2.5,
Kansas,,,,,,,,,,,,,
,Butler Co. Jail,1.6,%,0.8,%,3.5,%,3.1,%,1.8,%,5.3,%
,Johnson Co. - New Century Adult Det. Ctr.,2,,0.8,,5.2,,0.4,,0.1,,1.4,
,Rice Co. Jail,0,,0,,22.8,,0,,0,,22.8,
,Sedgwick Co. Jail,1.1,,0.4,,3.1,,1.3,,0.5,,3.6,
Kentucky,,,,,,,,,,,,,
,Campbell Co. Det. Ctr.,1.1,%,0.4,%,2.8,%,2.7,%,1.5,%,4.8,%
,Floyd Co. Det. Ctr.,1.9,,0.6,,6.1,,1.3,,0.5,,3.1,
,Franklin Co. Regional Jail,0,,0,,3.4,,0,,0,,3.4,
,Henderson Co. Det. Ctr.,0,,0,,2.1,,1.5,,0.6,,3.7,
,Jessamine Co. Det. Ctr.,0,,0,,7.7,,0,,0,,7.7,
,Louisville Metro Dept. of Corr. - Community Corr. Ctr.,0.9,,0.3,,3.2,,2.8,,1.3,,5.9,
,Louisville Metro Dept. of Corr. - Metro Corr. Fac.,0.6,,0.2,,2.1,,1.6,,0.7,,3.9,
,Warren Co. Regional Jail,1.2,,0.4,,3.6,,2,,1,,4.3,
Louisiana,,,,,,,,,,,,,
,Calcasieu Parish Corr. Ctr.,1.6,%,0.7,%,3.6,%,1.5,%,0.5,%,4,%
,Morehouse Parish Det. Ctr.,0.6,,0.2,,1.4,,1.1,,0.6,,2.2,
,Natchitoches Det. Ctr.,1,,0.4,,2.2,,0.6,,0.2,,1.6,
,Orleans Parish - Conchetta Jail,2.1,,0.9,,4.9,,1.8,,0.6,,5.2,
,Orleans Parish - Old Parish Prison,1.1,,0.4,,2.7,,2.1,,1,,4.4,
,Orleans Parish - South White Street Jail/d,7.5,,5.5,,10.2,,2.4,,1.3,,4.2,
,Orleans Parish - Templeman Phase III,3.4,,1.8,,6.2,,3.5,,1.8,,6.6,
,Orleans Parish - Templeman Phase V,0.6,,0.2,,2.2,,3.5,,2,,6.2,
,Ouachita Parish Corr. Fac.,2.9,,1.6,,5.4,,2.2,,1.1,,4.3,
,Richland Parish Det. Ctr.,2.8,,1.7,,4.7,,0.4,,0.1,,1.4,
,Webster Parish - Bayou Dorcheat Corr. Ctr.,1.7,,0.8,,3.5,,0.6,,0.2,,2,
Maine,,,,,,,,,,,,,
,Kennecec Co. Jail,3.8,%,1.7,%,7.9,%,4.1,%,1.9,%,8.3,%
Maryland,,,,,,,,,,,,,
,Allegany Co. Det. Ctr.,0,%,0,%,6.4,%,0,%,0,%,6.4,%
,Baltimore Co. Det. Ctr.,0.5,,0.1,,2.7,,3.5,,1.6,,7.5,
,Caroline Co. Jail,7.9,,2,,26.6,,10,,3.2,,27.4,
,Cecil Co. Det. Ctr.,2,,0.9,,4.4,,2.2,,1,,4.8,
,Prince Georges Co. Corr. Ctr.,1.2,,0.4,,3.5,,2.9,,1.5,,5.7,
Massachusetts,,,,,,,,,,,,,
,Bristol Co. - Dartmouth Fac.,1.6,%,0.7,%,3.4,%,1.4,%,0.5,%,3.6,%
,Bristol Co. - New Bedford Fac.,0,,0,,3,,0.7,,0.2,,1.9,
,Hampshire Co. - Jail & House of Corr.,0.5,,0.1,,1.5,,0.6,,0.2,,1.8,
,Suffolk Co. House of Corr.,1.8,,0.7,,4.4,,3.7,,1.7,,7.8,
,Worcester Co. Jail & House of Corr.,1.5,,0.6,,4,,0,,0,,1.8,
Michigan,,,,,,,,,,,,,
,Barry Co. Jail,0,%,0,%,9.6,%,0,%,0,%,9.6,%
,Jackson Co. - Chanter Road Corr. Fac.,1.2,,0.4,,3.5,,2.4,,1.2,,4.7,
,Kent Co. Corr. Fac.,3,,1.5,,5.9,,2,,0.8,,4.5,
,Lenawee Co. Jail,0.4,,0.1,,1.3,,0.9,,0.4,,2,
,Muskegon Co. Jail,1.3,,0.5,,3.1,,1.6,,0.8,,3.4,
,Saginaw Co. Jail,1.7,,0.7,,4,,1.8,,0.8,,4.3,
,Wayne Co. - Andrew C. Baird Det. Fac.,0.4,,0.1,,2,,2.3,,1.1,,4.7,
Minnesota,,,,,,,,,,,,,
,Beltrami Co. Jail,0,%,0,%,9.4,%,2.9,%,0.7,%,10.7,%
,Morrison Co. Jail,2.1,,0.6,,6.6,,4.2,,1.8,,9.5,
,Sherburne Co. Jail,1.4,,0.5,,4.3,,1.6,,0.5,,4.8,
Mississippi,,,,,,,,,,,,,
,Bolivar Co. Jail,0,%,0,%,1.8,%,2,%,1.1,%,3.6,%
,Copiah Co. Det. Ctr.,2.1,,1,,4.7,,2.1,,1,,4.7,
,Hinds Co. Penal Farm,0.5,,0.2,,1.6,,0.5,,0.2,,1.6,
,Issaquena Co. Corr. Fac.,3.5,,1.2,,9.3,,0,,0,,9,
,Jackson Co. Jail,2.3,,1.2,,4.1,,2.4,,1.3,,4.4,
,Lee. Co. Work Ctr.,0,,0,,24.3,,0,,0,,24.3,
,Rankin Co. Jail,1.5,,0.7,,3.4,,4.9,,2.8,,8.5,
,Winston-Choctaw Co. Regional Corr. Fac.,0.6,,0.2,,1.9,,3.4,,2.1,,5.6,
Missouri,,,,,,,,,,,,,
,Jackson Co. Det. Ctr.,2.2,%,1.1,%,4.7,%,3.2,%,1.8,%,5.7,%
,Jefferson Co. Jail,4,,2.5,,6.2,,1.5,,0.7,,2.9,
,Joplin City Jail,0,,0,,11.7,,2.5,,1,,6.3,
,Lincoln Co. Jail,2,,0.9,,4.5,,2.6,,1.2,,5.7,
,St. Louis - Med. Security Inst. & City Justice Ctr.,0.5,,0.1,,2.1,,5.3,,3.1,,9.1,
Nebraska,,,,,,,,,,,,,
,Buffalo Co. Jail,0,%,0,%,8.8,%,0,%,0,%,8.8,%
,Dodge Co. Jail,0,,0,,17.6,,0,,0,,17.6,
,Douglas Co. Corr. Ctr.,1,,0.3,,3.8,,3.7,,1.7,,7.8,
Nevada,,,,,,,,,,,,,
,Carson City Jail,0.8,%,0.3,%,2,%,0.8,%,0.3,%,2,%
,City of North Las Vegas Det. Ctr.,0,,0,,1.8,,1.1,,0.3,,3.4,
New Hampshire,,,,,,,,,,,,,
,Rockingham Co. Jail & House of Corr.,0,%,0,%,2.5,%,2.8,%,1.3,%,6.3,%
New Jersey,,,,,,,,,,,,,
,Atlantic Co. - Gerard L. Gormley Justice Fac.,1.8,%,0.4,%,8.7,%,0.7,%,0.1,%,3.5,%
,Camden Co. Jail,0.6,,0.1,,3.2,,2.2,,0.9,,5.3,
,Essex Co. Corr. Fac.,1.9,,0.8,,4.6,,2.1,,1,,4.7,
,Passaic Co. Jail,0.4,,0.1,,2.1,,0,,0,,1.4,
,Sussex Co. - Walter Keogh Dwyer Corr. Fac.,0,,0,,4.8,,1,,0.2,,3.8,
New Mexico,,,,,,,,,,,,,
,Chaves Co. Det. Ctr.,1.6,%,0.7,%,3.6,%,1.7,%,0.9,%,3.2,%
,Lea Co. Det. Fac.,0,,0,,9.6,,0,,0,,9.6,
,Roosevelt Co. Det. Ctr.,0,,0,,6,,1.7,,0.7,,4.3,
New York,,,,,,,,,,,,,
,Columbia Co. Jail,1.1,%,0.4,%,3.2,%,1.5,%,0.5,%,4.3,%
,Livingston Co. Jail,1.3,,0.4,,4,,2.6,,1.1,,5.8,
,Monroe Co. Jail,0.4,,0.1,,2.2,,2.3,,0.6,,8,
,Nassau Co. Corr. Ctr.,2.2,,1,,4.8,,2.5,,1.1,,5.4,
,New York City - Eric M. Taylor Ctr.,0.8,,0.3,,2.8,,1.7,,0.6,,4.8,
,New York City - Manhattan Det. Ctr.,1.2,,0.4,,4.1,,3.5,,1.5,,8.1,
,New York City - Vernon C. Bain Ctr.,1.4,,0.5,,3.7,,4.1,,2.2,,7.5,
,Onondaga Co. Penitentiary,0.5,,0.1,,2.2,,1.2,,0.4,,3.4,
,Orleans Co. Jail,0,,0,,6.5,,5.6,,3.5,,8.9,
,Wayne Co. Jail,1,,0.4,,2.6,,3.1,,1.8,,5.4,
North Carolina,,,,,,,,,,,,,
,Alamance Co. Jail,1.8,%,0.9,%,3.4,%,2.6,%,1.4,%,4.9,%
,Davidson Co. Jail,1.8,,1,,3.1,,0.5,,0.2,,1.4,
,Durham Co. Jail,2.3,,1.1,,5,,2.9,,1.6,,5,
,Johnston Co. Jail,0,,0,,3,,0,,0,,3,
,McDowell Co. Jail,2.8,,1.2,,6.4,,0,,0,,6.2,
,Orange Co. Jail,0,,0,,4.4,,0,,0,,4.4,
,Rowan Co. Jail,1.3,,0.4,,4.3,,5.2,,2.9,,9,
,Wilson Co. Jail,1.6,,0.4,,6.3,,4.5,,1.9,,9.8,
Ohio,,,,,,,,,,,,,
,Ashtabula Co. Jail,0,%,0,%,7,%,0,%,0,%,7,%
,Clermont Co. Jail,1.2,,0.5,,2.7,,1.2,,0.5,,2.9,
,Hamilton Co. - Talbert House - Turning Point Treatment Ctr.,0,,0,,8,,0,,0,,8,
,Lake Co. - Adult Max. Security Det. Ctr.,0,,0,,3.1,,0.5,,0.1,,1.6,
,Montgomery Co. Jail,1.4,,0.5,,3.8,,0,,0,,2,
,Pickaway Co. Jail,0.8,,0.3,,2.1,,0.8,,0.3,,2,
,Wood Co. Justice Ctr.,3.6,,1.4,,9.3,,0.8,,0.2,,2.5,
Oklahoma,,,,,,,,,,,,,
,Muskogee Co. Jail,1.9,%,0.8,%,4.2,%,1.3,%,0.5,%,3.6,%
,Oklahoma Co. Jail,3.2,,1.6,,6.3,,1.5,,0.7,,3.2,
,Pawnee Co. Jail,0,,0,,21.5,,0,,0,,21.5,
,Texas Co. Jail,0,,0,,8,,0,,0,,8,
,Tulsa Co. - David L. Moss Criminal Justice Ctr.,0,,0,,1.7,,0.4,,0.1,,1.8,
Oregon,,,,,,,,,,,,,
,Deschutes Co. Jail,2,%,1,%,3.9,%,2,%,1,%,4,%
,Polk Co. Jail,3,,1.5,,6.1,,5.1,,3,,8.5,
Pennsylvania,,,,,,,,,,,,,
,Allegheny Co. Jail,2.1,%,0.8,%,5.3,%,0.6,%,0.2,%,2.2,%
,Centre Co. Corr. Fac.,0.7,,0.2,,2.4,,3.4,,1.9,,6,
,Chester Co. Prison,1.1,,0.5,,2.6,,0,,0,,1.6,
,Dauphin Co. Prison,1.3,,0.5,,3.1,,2.9,,1.6,,5.4,
,Lackawanna Co. Prison,2.7,,1.3,,5.7,,0.8,,0.3,,2.3,
,Lawrence Co. Corr. Fac.,2.2,,0.9,,5.5,,2.9,,1.3,,6.1,
,Lehigh Co. Prison,1.1,,0.4,,2.9,,2,,0.9,,4.2,
,Lycoming Co. Prison,1.6,,0.5,,5,,3.7,,1.4,,9.4,
,Monroe Co. Corr. Fac.,0.8,,0.3,,2.4,,0,,0,,2.4,
,Philadelphia City - Det. Ctr. & Prison Health Services Unit,1.2,,0.3,,4,,3.5,,1.6,,7.1,
,Philadelphia City - House Of Corr.,1.2,,0.4,,4,,1.3,,0.5,,3.5,
,Philadelphia City - Industrial Corr. Ctr.,2.5,,1.2,,5,,4,,2.3,,7.1,
,Tioga Co. Jail,0,,0,,8.4,,3,,1,,8.7,
,Westmoreland Co. Prison,1.6,,0.5,,4.8,,1.3,,0.4,,4.1,
South Carolina,,,,,,,,,,,,,
,Georgetown Co. Det. Ctr.,0.8,%,0.2,%,3.1,%,3.2,%,0.9,%,10.1,%
,Greenville Co. Det. Fac.,1,,0.2,,4.3,,0.4,,0.1,,1.7,
,Horry Co. - J. Reuben Long Det. Ctr.,2,,1,,4.1,,3.1,,1.4,,6.5,
,Lancaster Co. Det. Ctr.,0.9,,0.3,,3.2,,2.6,,1,,6.3,
,Richland Co. Det. Ctr.,1,,0.3,,3,,3.4,,1.8,,6.3,
,York Co. Moss Justice Ctr.,1,,0.2,,4.2,,1.3,,0.3,,5.5,
South Dakota,,,,,,,,,,,,,
,Faulk Co. Jail,:,,:,,:,,:,,:,,:,
Tennessee,,,,,,,,,,,,,
,Bedford Co. Jail,0,%,0,%,3.5,%,1.2,%,0.5,%,2.8,%
,Crockett Co. Jail,0,,0,,11.4,,4.4,,1.8,,10,
,Davidson Co. - Criminal Justice Ctr.,0.6,,0.1,,2.6,,2.8,,1.3,,6.2,
,Davidson Co. - Metro Det. Fac./e,0.4,,0.1,,1.8,,4.3,,2.6,,6.9,
,Hamilton Co. Jail,0.4,,0.1,,1.8,,1.2,,0.5,,2.9,
,Putnam Co. Jail,0.7,,0.2,,2.3,,0,,0,,3,
,Silverdale Penal Farm/e,1.7,,0.8,,4,,2.7,,1.4,,5.5,
,White Co. Jail,0,,0,,3.8,,3.4,,2.1,,5.4,
Texas,,,,,,,,,,,,,
,Collin Co. Min. Security Fac.,1.7,%,0.7,%,4.3,%,2.8,%,1.4,%,5.4,%
,Dallas Co. - North Tower,1,,0.3,,3.3,,1,,0.3,,3.6,
,Dallas Co. - West Tower,1,,0.3,,3.4,,3.2,,1.5,,6.7,
,Ector Co. Jail,1.3,,0.4,,4.4,,1.4,,0.4,,4.6,
,Ellis Co. Jail,0.5,,0.1,,1.7,,1.9,,0.8,,4.3,
,Fort Bend Co. Jail,0,,0,,2,,1.6,,0.7,,3.7,
,Harris Co. Jail,2.4,,1.1,,5.1,,0.9,,0.3,,2.7,
,Harris Co. Jail - Baker Street,3.9,,2.2,,6.7,,1,,0.4,,2.9,
,Henderson Co. Jail,0,,0,,3.5,,2.5,,0.9,,6.9,
,Hood Co. Jail,2.2,,1.3,,3.5,,3.8,,2.6,,5.4,
,Hunt Co. Criminal Justice Ctr.,0.8,,0.2,,2.9,,1.4,,0.6,,3.7,
,Lubbock Co. Jail,0,,0,,2.8,,1.4,,0.4,,4.4,
,Newton Co. Corr. Ctr./e,0,,0,,1.5,,0.7,,0.2,,2.3,
,Nueces Co. Jail,1.7,,0.8,,3.9,,1.3,,0.5,,3.3,
,Smith Co. Jail - Min. & Med. Security Fac.,1.1,,0.4,,3.1,,2.8,,1.3,,5.8,
,Tarrant Co. Corr. Ctr.,2.6,,1.1,,5.7,,3,,1.4,,6.4,
,Tarrant Co. - Green Bay Fac.,1.9,,0.6,,6.4,,2.9,,1.2,,7.2,
,Terry Co. Jail,0,,0,,4.1,,1.2,,0.4,,3.5,
,Van Zandt Co. Jail,0,,0,,3.5,,0,,0,,3.5,
,Walker Co. Jail,4,,1.9,,8.2,,2.7,,1.1,,6.6,
,Webb Co. Jail,0.8,,0.2,,3.4,,1.3,,0.4,,3.8,
,Wichita Co. Jail,3.4,,1.6,,7,,0,,0,,3.3,
Utah,,,,,,,,,,,,,
,Salt Lake Co. Jail,2,%,1,%,4.1,%,2.2,%,1,%,4.5,%
,Uintah Co. Jail,0,,0,,8.6,,0,,0,,8.6,
,Utah Co. Jail,1.2,,0.5,,2.9,,0.4,,0.1,,1.8,
Virginia,,,,,,,,,,,,,
,Albemarle-Charlottesville Regional Jail,2.4,%,1.1,%,5.5,%,2.8,%,1.4,%,5.6,%
,Alexandria City Det. Ctr.,1.7,,0.5,,5.2,,0.9,,0.2,,4,
,Chesapeake Corr. Ctr.,0.3,,0.1,,1.6,,2.6,,0.9,,6.7,
,Eastern Shore Regional Jail,0,,0,,12.5,,9.9,,4.3,,21.5,
,Fairfax Co. - Adult Det. Ctr.,1.5,,0.5,,4.2,,0.8,,0.3,,2.1,
,Hampton Roads Regional Jail,1.3,,0.5,,3.6,,4,,2.2,,7.1,
,Loudoun Co. - Adult Det. Ctr.,1,,0.3,,3.5,,3.3,,1.5,,7.1,
,Middle Peninsula Regional Security Ctr.,2.2,,0.8,,6,,4.3,,2.5,,7.2,
,Norfolk City Jail,0.9,,0.3,,3.1,,1.1,,0.3,,3.6,
,Northwestern Regional Adult Det. Ctr.,0.4,,0.1,,1.8,,0.7,,0.2,,2.9,
,Page Co. Jail,0,,0,,14.3,,0,,0,,14.3,
,Roanoke City Jail,3.7,,1.9,,7,,2.7,,1.3,,5.5,
,Southside Regional Jail,0,,0,,4.1,,2.6,,0.9,,6.9,
Washington,,,,,,,,,,,,,
,Clallam Co. Corr. Fac.,4.4,%,2.2,%,8.3,%,6.1,%,3.4,%,10.6,%
,King Co. Corr. Fac.,2.3,,1,,5,,3.3,,1.6,,6.5,
,Pierce Co. Det. and Corr. Ctr. -  New Jail & Main Jail,1.6,,0.6,,4.3,,0.4,,0.1,,2.2,
,Spokane Co. - Geiger Corr. Ctr.,2.2,,1.1,,4.5,,1.8,,0.9,,3.8,
,Spokane Co. Jail,1.4,,0.6,,3.5,,1.8,,0.8,,4.1,
West Virginia,,,,,,,,,,,,,
,Southwestern Regional Jail,3.6,%,2.1,%,6.4,%,2.8,%,1.4,%,5.5,%
Wisconsin,,,,,,,,,,,,,
,Chippewa Co. Jail,1.5,%,0.4,%,5.3,%,1.4,%,0.4,%,5,%
,Dane Co. Jail,2.1,,0.8,,5.9,,3,,1.1,,8,
,LaCrosse Co. Jail,3.3,,1.5,,7.3,,4.1,,1.7,,9.1,
,Ozaukee Co. Jail,0.9,,0.3,,2.6,,1,,0.3,,2.9,
,Racine Co. Jail,1.5,,0.5,,4.5,,2.5,,1.1,,5.7,
Wyoming,,,,,,,,,,,,,
,Natrona Co. Det. Ctr.,2.2,%,1.1,%,4.2,%,3,%,1.7,%,5.5,%
Note: Detail may sum to more than total victimization rate because victims may have reported both inmate-on-inmate and staff-on-inmate sexual victimization.,,,,,,,,,,,,,
:Not available. ,,,,,,,,,,,,,
"a/Includes all types of sexual victimization, including oral, anal, or vaginal penetration, handjobs, touching of the inmate's butt, thighs, penis, breasts, or vagina in a sexual way and other sexual acts occurring in the past 12 months or since admission to the facility, if shorter. ",,,,,,,,,,,,,
b/Indicates that different samples in the same facility would yield prevalence rates falling between the lower and upper bound estimates 95 out of 100 times. ,,,,,,,,,,,,,
"c/Weights were applied so that inmates who responded accurately reflected the entire population of each facility on select characteristics, including age, sex, race, time served, and sentence length. (See Methodology.) ",,,,,,,,,,,,,
d/Female facility.,,,,,,,,,,,,,
e/Privately operated facility.,,,,,,,,,,,,,
