Bureau of Justice Statistics,,,,,,,,,,,,,
Filename: svpjri0809at02.csv,,,,,,,,,,,,,
"Appendix table 2:  Percent of prison inmates reporting sexual victimization, by type of incident and facility, National Inmate Survey, 2008-09",,,,,,,,,,,,,
"Report title: Sexual Victimization in Prisons and Jails  Reported by Inmates, 2008-09 NCJ 231169",,,,,,,,,,,,,
"Data source: National Inmate Survey, 2008-09",,,,,,,,,,,,,
Author(s): Allen J. Beck and Paige M. Harrison,,,,,,,,,,,,,
Refer questions to: askbjs@usdoj.gov 202-307-0765,,,,,,,,,,,,,
Date of version: 8/26/10,,,,,,,,,,,,,
,,,,,,,,,,,,,
"Appendix table 2. Percent of prison inmates reporting sexual victimization, by type of incident and facility, National Inmate Survey, 2008-09",,,,,,,,,,,,,
,,,,,,,,,,,,,
,,Inmate-on-inmate/a,,,,,,Staff sexual misconduct/a,,,,,
,,,,95%-confidence interval/b,,,,,,95%-confidence interval/b,,,
,,Percent victimized/c,,Lower bound,,Upper bound,,Percent victimized/c,,Lower bound,,Upper bound,
Facility name,,,,,,,,,,,,,
,Total,2.1,%,1.7,%,2.5,%,2.8,%,2.5,%,3.2,%
Alabama,,,,,,,,,,,,,
,Bibb Corr. Fac.,3.3,%,1.9,%,5.7,%,1.8,%,0.8,%,3.9,%
,William Donaldson Corr. Fac.,4.8,,2.7,,8.4,,4.9,,2.7,,8.5,
Alaska,,,,,,,,,,,,,
,Fairbanks Corr. Ctr./d,1.1,%,0.3,%,4.1,%,1.1,%,0.3,%,4.1,%
Arizona,,,,,,,,,,,,,
,Arizona State Prison Complex - Lewis,0.7,%,0.1,%,3.8,%,1.9,%,0.7,%,4.8,%
,Arizona State Prison Complex - Tucson/e,0.8,,0.2,,3.1,,2.6,,1.2,,5.5,
Arkansas,,,,,,,,,,,,,
,Diagnostic Unit/d,1.9,%,0.7,%,5.5,%,2.9,%,1.2,%,7.1,%
,McPherson Unit/f,7.7,,5,,11.6,,4.4,,2.5,,7.4,
California,,,,,,,,,,,,,
,California Corr. Ctr.,0,%,0,%,2,%,1.4,%,0.5,%,4,%
,California Inst. for Women/f,4.3,,2.2,,8.3,,2.2,,0.9,,5.3,
,California Med. Fac.,5.8,,3.7,,9.1,,3.6,,2,,6.2,
,Centinela State Prison,0,,0,,2.6,,0,,0,,2.6,
,Central California Women's Fac./f,3.3,,1.5,,7.1,,3.2,,1.4,,7.2,
,Chuckawalla Valley State Prison,2.8,,1.2,,6.4,,1.9,,0.8,,4.9,
,Deuel Vocational Inst.,1.8,,0.7,,4.5,,1.3,,0.4,,3.6,
,Folsom State Prison,0.7,,0.1,,3.8,,1.5,,0.5,,4.4,
,High Desert State Prison,3,,1.3,,6.8,,0.9,,0.3,,3.3,
,Los Angeles County State Prison,2,,0.8,,5,,2.5,,1.1,,5.3,
,North Kern State Prison,0,,0,,1.8,,2.5,,1.1,,5.7,
,Pleasant Valley State Prison,5.5,,3,,9.9,,1.9,,0.7,,5.5,
,Salinas Valley State Prison,2.4,,0.9,,6.2,,2.4,,0.7,,8.1,
,Valley State Prison for Women/f,6.8,,4,,11.1,,4.7,,2.4,,9,
,Wasco State Prison-Reception Ctr.,0.5,,0.1,,2.7,,1.9,,0.7,,4.7,
Colorado,,,,,,,,,,,,,
,Sterling Corr. Fac.,3.5,%,1.7,%,7,%,6.2,%,3.5,%,10.7,%
Connecticut,,,,,,,,,,,,,
,Corrigan-Radgowski Corr. Ctr.,0.8,%,0.2,%,2.7,%,2.2,%,0.8,%,6.1,%
,Osborn Corr. Inst.,2.7,,1.3,,5.6,,1.3,,0.5,,3.6,
,York Corr. Fac./f,6.4,,3.8,,10.6,,2.2,,0.9,,5.3,
Delaware,,,,,,,,,,,,,
,Sussex Corr. Inst.,1.7,%,0.8,%,3.8,%,0.8,%,0.2,%,2.7,%
Florida,,,,,,,,,,,,,
,Century Corr. Inst. & Work Camp,0.5,%,0.1,%,2.5,%,1.9,%,0.8,%,4.6,%
,"Gadsden Corr. Fac./f,g",2,,0.8,,4.8,,0.4,,0.1,,2,
,Hernando Corr. Inst./f,5.5,,3.4,,8.8,,1.5,,0.7,,3.5,
,Indian River Corr. Inst.,0,,0,,2.3,,2,,1,,3.9,
,Lancaster Corr. Inst. & Work Camp,2.7,,1.4,,5.4,,3.9,,2.1,,7.4,
,Liberty Corr. Inst. & Work Camp,0.7,,0.2,,2.2,,1.3,,0.5,,3.7,
,"Lowell Corr. Inst., Annex, & Work Camp/f",3.5,,1.9,,6.3,,2,,0.9,,4.3,
,Moore Haven Corr. Fac./g,1.1,,0.3,,3.3,,1.1,,0.4,,3.5,
,Okeechobee Corr. Inst.,1.6,,0.7,,3.8,,4.9,,3,,8.1,
,Reception and Med. Ctr. & Reception and Med. Ctr.-West Unit/e,0.5,,0.1,,2.4,,1.7,,0.7,,4.3,
,South Florida Reception Ctr. & South Unit,1.3,,0.5,,3.5,,0.5,,0.1,,1.5,
Georgia,,,,,,,,,,,,,
,Dodge State Prison,0,%,0,%,1.7,%,2.5,%,1.2,%,5.4,%
,Dooly State Prison,0.8,,0.2,,2.7,,2.7,,1.3,,5.6,
,Pulaski State Prison/f,6.1,,3.9,,9.5,,0.3,,0.1,,1.5,
,Washington State Prison,0.5,,0.1,,2.4,,2.3,,1,,5,
,Wheeler Corr. Fac./g,0.7,,0.2,,2.5,,2.4,,1.2,,4.7,
Hawaii,,,,,,,,,,,,,
,Oahu Community Corr. Ctr./d,4.6,%,1.9,%,10.7,%,0.5,%,0.1,%,1.6,%
,Women's Community Corr. Ctr./f,3.8,,1.7,,8,,2.9,,1.2,,6.9,
Idaho,,,,,,,,,,,,,
,Idaho Corr. Fac./g,0.5,%,0.1,%,2.4,%,2.3,%,1.1,%,5.1,%
,Idaho State Corr. Inst.,2.5,,1.1,,5.5,,4,,2,,7.7,
Illinois,,,,,,,,,,,,,
,East Moline Corr. Ctr.,0.4,%,0.1,%,1.8,%,1,%,0.3,%,3.2,%
,Illinois River Corr. Ctr.,0.8,,0.2,,2.8,,0.5,,0.1,,2.5,
,Lincoln Corr. Ctr./f,0.7,,0.2,,2.1,,0.7,,0.1,,3.4,
,Pontiac Corr. Ctr.,6.9,,3,,15,,5.7,,2.1,,14.2,
Indiana,,,,,,,,,,,,,
,Plainfield Corr. Fac.,6.1,%,3.3,%,11,%,2.2,%,0.8,%,6,%
,Putnamville Corr. Fac.,3.3,,1.5,,6.8,,6.5,,3.7,,11.2,
,Westville Corr. Fac.,3,,1.3,,6.8,,4.5,,2.3,,8.7,
Iowa,,,,,,,,,,,,,
,Iowa Corr. Inst. - Women/f,7.3,%,4.7,%,11.3,%,1.5,%,0.5,%,4.7,%
,Newton Corr. Fac.,3.7,,1.8,,7.2,,2,,0.7,,5.8,
Kansas,,,,,,,,,,,,,
,Larned Corr. Mental Health Fac.,3.7,%,1.5,%,9,%,6.3,%,3.3,%,11.6,%
Kentucky,,,,,,,,,,,,,
,Kentucky Corr. Inst. for Women/f,7.3,%,4.4,%,11.9,%,2.3,%,0.8,%,6.1,%
,Luther Luckett Corr. Complex,1.2,,0.3,,4.1,,5.7,,3.1,,10.1,
Louisiana,,,,,,,,,,,,,
,Avoyelles Corr. Ctr.,1.7,%,0.7,%,4,%,4,%,2.2,%,7.2,%
,C. Paul Phelps Corr. Ctr.,0.7,,0.2,,2.2,,3.4,,1.9,,6.2,
,Louisiana Corr. Inst. for Women/f,5.7,,3.6,,8.9,,1.8,,0.8,,4,
Maine,,,,,,,,,,,,,
,Maine State Prison - Warren,5.9,%,3.1,%,11,%,4.9,%,2.4,%,9.7,%
Maryland,,,,,,,,,,,,,
,Jessup Pre-Release Unit,0,%,0,%,2.2,%,5,%,2.8,%,8.8,%
,Maryland Corr. Inst. - Jessup,1,,0.2,,4.8,,2.8,,1.3,,6.1,
Massachusetts,,,,,,,,,,,,,
,Massachusetts Corr. Inst - Plymouth,0.8,%,0.2,%,3.3,%,3,%,1.1,%,8,%
Michigan,,,,,,,,,,,,,
,Earnest C. Brooks Corr. Fac.,2.2,%,0.8,%,5.8,%,4.9,%,2.7,%,8.7,%
,Mid-Michigan Corr. Fac.,2.9,,1.3,,6.6,,1.3,,0.4,,4.1,
,Muskegon Corr. Fac.,4.8,,2.6,,8.6,,6.7,,2.5,,16.3,
,Richard A. Handlon Corr. Fac.,4.7,,2.5,,8.7,,4.4,,2.3,,8.1,
Minnesota,,,,,,,,,,,,,
,Minnesota Corr. Fac. - Rush City,2.9,%,1.3,%,6.3,%,5.2,%,2.8,%,9.5,%
,Minnesota Corr. Fac. - Shakopee/f,8.3,,4.9,,13.9,,0.4,,0.1,,2,
Mississippi,,,,,,,,,,,,,
,Mississippi State Penitentiary,1.9,%,0.9,%,4.1,%,5.9,%,3.6,%,9.5,%
,South Mississippi Corr. Inst.,0.6,,0.2,,2.2,,5,,3,,8.3,
Missouri,,,,,,,,,,,,,
,Crossroads Corr. Fac.,2.3,%,1,%,5.1,%,8.2,%,5.3,%,12.6,%
,Fulton Reception & Diagnostic Ctr.,0.3,,0.1,,1.6,,1.7,,0.7,,4,
,"Women's Eastern Reception, Diagnostic, & Corr. Ctr./f",7.7,,4.9,,11.9,,1.5,,0.5,,4,
Montana,,,,,,,,,,,,,
,Montana State Prison,3.8,%,2,%,7.2,%,7.2,%,4.4,%,11.5,%
Nebraska,,,,,,,,,,,,,
,Diagnostic & Evaluation Ctr.,1.9,%,0.7,%,5.3,%,1.9,%,0.7,%,5.3,%
Nevada,,,,,,,,,,,,,
,Northern Nevada Corr. Ctr./d,0.8,%,0.2,%,2.9,%,0,%,0,%,1.8,%
New Hampshire,,,,,,,,,,,,,
,Lakes Region Fac.,1.1,%,0.3,%,4.9,%,4,%,1.8,%,8.6,%
New Jersey,,,,,,,,,,,,,
,Bayside State Prison - Ancora Unit,0,%,0,%,2.8,%,1.7,%,0.6,%,4.6,%
,Edna Mahan Corr. Fac. for Women/f,3.6,,1.8,,6.9,,1.9,,0.8,,4.6,
New Mexico,,,,,,,,,,,,,
,Southern New Mexico Corr. Fac.,2.2,%,0.8,%,5.7,%,1.9,%,0.7,%,5,%
New York,,,,,,,,,,,,,
,Attica Corr. Fac.,0.6,%,0.1,%,2.9,%,8.1,%,4.8,%,13.3,%
,Bare Hill Corr. Fac.,1.2,,0.4,,3.2,,6.6,,4,,10.9,
,Bayview Corr. Fac./f,4.6,,2.9,,7.3,,11.5,,8.3,,15.6,
,Cape Vincent Corr. Fac.,1,,0.3,,3.3,,0,,0,,2.1,
,Clinton Corr. Fac.,0.3,,0.1,,1.8,,4.4,,2.3,,8.2,
,Coxsackie Corr. Fac.,1.4,,0.6,,3.4,,4.6,,2.6,,7.8,
,Elmira Corr. Fac.,3,,1.3,,6.7,,7.7,,4.5,,12.7,
,Walkill Corr. Fac.,0,,0,,2.3,,3.2,,1.5,,6.8,
North Carolina,,,,,,,,,,,,,
,Brown Creek Corr. Inst.,0.5,%,0.1,%,2.6,%,1.2,%,0.4,%,3.9,%
,Guilford Corr. Ctr.,0,,0,,7.6,,0,,0,,7.6,
,Pender Corr. Inst.,0.5,,0.1,,2.6,,1.3,,0.4,,4,
,Swannanoa Corr. Ctr. for Women/f,1.3,,0.5,,3.4,,0,,0,,6.4,
,Warren Corr. Ctr.,2.2,,0.8,,6.1,,5.9,,3.2,,10.5,
North Dakota,,,,,,,,,,,,,
,Dakota Women's Corr. & Rehab. Ctr./f,2.2,%,1.1,%,4.6,%,0.8,%,0.3,%,2.1,%
,James River Corr. Ctr.,1.6,,0.7,,3.7,,1.3,,0.3,,5,
Ohio,,,,,,,,,,,,,
,Corr. Reception Ctr.,0.4,%,0.1,%,2.2,%,0.7,%,0.2,%,2.3,%
,Lebanon Corr. Inst.,3.7,,1.9,,7.1,,2.9,,1.4,,5.7,
,Mansfield Corr. Inst.,1.5,,0.5,,4.3,,2.9,,1.3,,6.4,
,Ohio Reformatory for Women/f,5.2,,3,,8.8,,3.1,,1.5,,6.2,
,Southeastern Corr. Inst.,1.7,,0.6,,4.6,,4.2,,2,,8.6,
Oklahoma,,,,,,,,,,,,,
,Davis Corr. Fac./g,3.9,%,1.9,%,8,%,6.1,%,3.6,%,10.1,%
,Mack H. Alford Corr. Ctr.,5.2,,2.5,,10.4,,4.8,,2.2,,10.2,
Oregon,,,,,,,,,,,,,
,Coffee Creek Corr. Fac./f,5.5,%,3.3,%,9.3,%,1.6,%,0.5,%,4.4,%
Pennsylvania,,,,,,,,,,,,,
,Camp Hill State Corr. Inst.,0.3,%,0.1,%,1.8,%,1.2,%,0.3,%,4.4,%
,Coal Township State Corr. Inst.,2.6,,1.3,,5.5,,1.7,,0.7,,4.1,
,Cresson State Corr. Inst.,2.5,,1.2,,5.1,,3.9,,2.2,,6.8,
Rhode Island,,,,,,,,,,,,,
,Maximum Security Fac.,0.6,%,0.1,%,2.7,%,0,%,0,%,3.3,%
South Carolina,,,,,,,,,,,,,
,Goodman Corr. Inst./f,3.1,%,1.4,%,6.7,%,0,%,0,%,4,%
,Ridgeland Corr. Inst.,2.2,,1,,4.8,,4.8,,2.8,,8.1,
,Trenton Corr. Inst.,0,,0,,2.1,,1.4,,0.6,,3.6,
South Dakota,,,,,,,,,,,,,
,Mike Durfee State Prison & Trusty Unit,3.7,%,1.6,%,8,%,2.4,%,0.9,%,6.5,%
Tennessee,,,,,,,,,,,,,
,West Tennessee State Penitentiary,1.8,%,0.7,%,4.5,%,5.2,%,3,%,8.7,%
Texas,,,,,,,,,,,,,
,Allred Unit,7.6,%,4.4,%,12.9,%,5.6,%,2.9,%,10.4,%
,Beto Unit,3.1,,1.5,,6.2,,6,,3.6,,9.9,
,"Bridgeport Pre-Parole Fac./f,g",0,,0,,2.9,,0,,0,,2.9,
,C. Moore Transfer Fac.,0,,0,,2,,0.4,,0.1,,1.9,
,Coffield Unit,1.7,,0.6,,4.8,,3.2,,1.6,,6.3,
,Cole State Jail,1.4,,0.4,,4.3,,1.7,,0.6,,4.5,
,Crain Unit/f,3.1,,1.4,,6.4,,2.7,,1.2,,6,
,Ferguson Unit,1.2,,0.3,,4.7,,7.6,,4.7,,11.9,
,Halbert Substance Abuse Felony Punishment Fac./f,0.9,,0.3,,2.5,,0,,0,,1.6,
,Hobby Unit/f,4.3,,2.6,,7.2,,2,,0.9,,4.3,
,Hughes Unit,8.6,,5.2,,14,,3.1,,1.3,,7.1,
,Jester Unit III,2.2,,0.9,,5.3,,0,,0,,2,
,Lindsey State Jail/g,0,,0,,1.9,,1.9,,0.8,,4.5,
,Michael Unit,6.1,,3.3,,11,,4.8,,2.5,,9.2,
,Mountain View Unit/f,9.2,,5.6,,14.7,,4.3,,2,,9.1,
,Neal Unit,1.8,,0.7,,4.3,,2.9,,1.3,,6.5,
,Plane State Jail/f,2.8,,1.2,,6.1,,0.1,,0,,0.6,
,Smith Unit,1.2,,0.3,,4,,4.3,,2.1,,8.6,
,Telford Unit,4.6,,2.4,,8.4,,5.5,,3.1,,9.8,
Utah,,,,,,,,,,,,,
,Central Utah Corr. Fac.,1.6,%,0.7,%,3.9,%,0.7,%,0.2,%,2.3,%
Vermont,,,,,,,,,,,,,
,Northwest State Corr. Fac.,2.3,%,1.1,%,4.7,%,3.9,%,2.3,%,6.4,%
Virginia,,,,,,,,,,,,,
,Fluvanna Corr. Ctr./f,11.4,%,7.7,%,16.5,%,6,%,3.7,%,9.5,%
,Haynesville Corr. Ctr.,1,,0.3,,3.4,,1.5,,0.5,,4,
,Lawrenceville Corr. Ctr./g,0.8,,0.2,,4,,3,,1.4,,6.3,
Washington,,,,,,,,,,,,,
,Airway Heights Corr. Ctr.,1.8,%,0.7,%,4.4,%,2.2,%,0.9,%,5.3,%
,Washington Corr. Ctr. for Women/f,5.5,,3.2,,9.3,,1.3,,0.4,,4,
West Virginia,,,,,,,,,,,,,
,Mount Olive Corr. Complex,3.1,%,1.2,%,7.5,%,5.5,%,2.7,%,11,%
Wisconsin,,,,,,,,,,,,,
,Dodge Corr. Inst./e,0,%,0,%,1.9,%,1,%,0.3,%,3.3,%
,New Lisbon Corr. Inst.,0.7,,0.1,,3.8,,2.5,,0.9,,6.9,
,Taycheedah Corr. Inst./f,11.9,,8.2,,16.9,,1.5,,0.6,,3.9,
,Waupun Corr. Inst.,3.1,,1.2,,8,,2.5,,0.8,,7.1,
Wyoming,,,,,,,,,,,,,
,Wyoming Honor Farm,1.5,%,0.6,%,3.5,%,1.4,%,0.6,%,3.4,%
Federal Facilities (Bureau of Prisons),,,,,,,,,,,,,
,Big Sandy - Camp,0,%,0,%,6.5,%,0,%,0,%,6.5,%
,Brooklyn Metropolitan Det. Ctr./d,0.7,,0.1,,3.4,,0,,0,,1.6,
,Bryan Fed. Prison Camp/f,1.7,,0.6,,4.4,,0.6,,0.1,,2.7,
,Carswell Fed. Med. Ctr./f,3.6,,1.7,,7.6,,1.9,,0.6,,5.5,
,Coleman I U.S. Penitentiary,1.7,,0.5,,5.7,,3.3,,1.3,,8.1,
,Coleman Medium Fed. Corr. Inst./e,0.7,,0.1,,3.6,,0,,0,,2.1,
,Danbury Fed. Corr. Inst./f,1.4,,0.4,,4.6,,0,,0,,2,
,Elkton Fed. Corr. Inst.,0,,0,,2.1,,0,,0,,2.1,
,Englewood Fed. Corr. Inst.,1.6,,0.6,,4.2,,0.3,,0.1,,1.4,
,Fairton Fed. Corr. Inst.,0.6,,0.1,,3,,1,,0.2,,5,
,Florence Fed. Corr. Inst.,0,,0,,4.8,,1.4,,0.3,,7.3,
,Forrest City Low Fed. Corr. Inst.,0,,0,,1.8,,1.6,,0.6,,4.3,
,Jesup-Fed. Satellite Low,0.9,,0.2,,4.2,,0,,0,,2.4,
,Morgantown Fed. Corr. Inst.,0,,0,,2.4,,0,,0,,2.4,
,Oakdale Fed. Corr. Inst.,0,,0,,1.9,,1,,0.2,,4.8,
,Petersburg Medium Fed. Corr. Inst.,3.1,,1.3,,7.6,,3,,1.2,,7.7,
,Schuylkill Fed. Corr. Inst.,0.8,,0.2,,2.6,,1.4,,0.4,,4.9,
,Texarkana Fed. Corr. Inst.,0,,0,,2.8,,1.2,,0.2,,6,
,Victorville U.S. Penitentiary,0.7,,0.1,,3.5,,1.7,,0.5,,5.7,
Note: Detail may sum to more than total victimization rate because victims may have reported both inmate-on-inmate and staff-on-inmate sexual victimization.,,,,,,,,,,,,,
"a/Includes all types of sexual victimization, including oral, anal, or vaginal penetration, handjobs, touching of the inmate's butt, thighs, penis, breasts, or vagina in a sexual way and other sexual acts occurring in the past 12 months, or since admission to the facility, if shorter. ",,,,,,,,,,,,,
b/Indicates that different samples in the same facility would yield prevalence rates falling between the lower and upper bound estimates 95 out of 100 times. ,,,,,,,,,,,,,
"c/Weights were applied so that inmates who responded accurately reflectyed the entire population of each facility on select characteristics, including age, sex, race, time served, and sentence length. (See Methodology.) ",,,,,,,,,,,,,
d/Facility houses both males and females; both were sampled at this facility.,,,,,,,,,,,,,
e/Facility houses both males and females; only males were sampled at this facility. ,,,,,,,,,,,,,
f/Female facility.,,,,,,,,,,,,,
g/Privately operated facility.,,,,,,,,,,,,,
