Bureau of Justice Statistics,,,,,,,,
Filename: svpjri0809t13.csv,,,,,,,,
"Table 13. Estimated and predicted rates of inmate-on-inmate sexual victimization in high-rate prisons and jails, National Inmate Survey, 2008-09",,,,,,,,
"Report title: Sexual Victimization in Prisons and Jails  Reported by Inmates, 2008-09 NCJ 231169",,,,,,,,
"Data source: National Inmate Survey, 2008-09",,,,,,,,
Author(s): Allen J. Beck and Paige M. Harrison,,,,,,,,
Refer questions to: askbjs@usdoj.gov 202-307-0765,,,,,,,,
Date of version: 8/26/10,,,,,,,,
,,,,,,,,
"Table 13. Estimated and predicted rates of inmate-on-inmate sexual victimization in high-rate prisons and jails, National Inmate Survey, 2008-09",,,,,,,,
,,,,,,,,
,,,Percent of inmates reporting inmate-on-inmate sexual vicimization,,,,,
Facility name,,,Estimated/a,,Predicted/b,,Difference,
High rate prisons,,,,,,,,
,Male prisons,,6.7,%,3.6,%,3.1,%**
,,Hughes Unit (TX),8.6,,5.1,,3.5, 
,,Allred Unit (TX),7.6,,3.8,,3.8, 
,,Pontiac Corr. Ctr. (IL),6.9,,2.6,,4.4, 
,,Plainfield Corr. Fac. (IN),6.1,,3.3,,2.8, 
,,Michael Unit (TX),6.1,,5.7,,0.4, 
,,Maine State Prison - Warren (ME),5.9,,4.8,,1.1, 
,,California Med. Fac. (CA),5.8,,2.7,,3.1,**
,,Pleasant Valley State Prison (CA),5.5,,2.1,,3.4,**
,Female prisons,,11.6,%,8,%,3.6,%**
,,Taycheedah Corr. Inst. (WI)/c,11.9,,8.8,,3.1, 
,,Fluvanna Corr. Ctr. (VA)/c,11.4,,7.3,,4.1, 
High rate jails,,,4.9,%,1.9,%,3.1,%**
,,Orleans Parish - South White Street Jail (LA)/c,7.5,,3.3,,4.3, 
,,Madison Co. Det. Fac. (AL),5.5,,1.8,,3.7,**
,,Miami-Dade Co. - Pre-trial Det. Ctr. (FL),5.1,,1.9,,3.2, 
,,Houston Co. Jail (AL),4,,1.9,,2.1, 
,,Jefferson Co. Jail (MO),4,,1,,3, 
,,Madison Co. Det. Ctr. (IN),3.9,,1.6,,2.4, 
"Note: High rate facilities are those in which the lower bound of the 95%-confidence interval is larger than 1.55 times the average among prisons, by sex of inmates housed, and 1.55 times the average among all jail facilities. ",,,,,,,,
**Significant at the 95%-confidence level.,,,,,,,,
"a/Percent of inmates reporting one or more incidents of sexual victimization in the past 12 months or since admission to the facility, if less than 12 months.",,,,,,,,
"b/Conditional predicted percent of inmates (based on the final multivariate logistic models in table 12) reporting one or more incidents of sexual victimization involving another inmate or facility staff in the past 12 months or since admission to the facility, if less than 12 months.",,,,,,,,
c/Facility houses only female inmates. ,,,,,,,,
