Bureau of Justice Statistics,,,,,,,,,,,
Filename: svpjri0809t08.csv,,,,,,,,,,,
"Table 8:  Prevalence of sexual victimization, by type of incident, inmate sexual history, and orientation, National Inmate Survey, 2008-09",,,,,,,,,,,
"Report title: Sexual Victimization in Prisons and Jails  Reported by Inmates, 2008-09 NCJ 231169",,,,,,,,,,,
"Data source: National Inmate Survey, 2008-09",,,,,,,,,,,
Author(s): Allen J. Beck and Paige M. Harrison,,,,,,,,,,,
Refer questions to: askbjs@usdoj.gov 202-307-0765,,,,,,,,,,,
Date of version: 8/26/10,,,,,,,,,,,
,,,,,,,,,,,
"Table 8.  Prevalence of sexual victimization, by type of incident, inmate sexual history, and orientation, National Inmate Survey, 2008-09",,,,,,,,,,,
,,,,,,,,,,,
,,,Prison inmates reporting sexual victimization/a,,,,,Jail inmates reporting sexual victimization/a,,,
Sexual orientation and history,,Number of inmates/b,Inmate-on-inmate,,Staff sexual misconduct,,Number of inmates/b,Inmate-on-inmate,,Staff sexual misconduct,
Sexual orientation,,,,,,,,,,,
,Heterosexual*,"1,316,000",1.3,%,2.5,%,"706,000",1.1,%,1.9,%
,"Bi-sexual, homosexual, or other ","114,300",11.2,**,6.6,**,"52,900",7.2,**,3.5,**
Number of sexual partners,,,,,,,,,,,
,0-1*,"229,800",1.4,%,2.4,%,"121,600",1.2,%,1.3,%
, 2-4,"181,500",2.3,**,2.1,,"108,800",1.6,,1.6,
, 5-10,"248,500",2.5,**,2,,"141,700",1.5,,1.5,
, 11-20,"227,600",1.8,,2.5,,"125,200",1.1,,1.6,
,21 or more,"509,200",2.2,**,3.6,**,"247,000",1.8,**,3.1,**
Prior sexual victimization,,,,,,,,,,,
,Yes,"177,000",11,%**,8.7,%**,"100,100",7.4,%**,6.1,%**
,No*,"1,280,400",0.8,,2,,"676,900",0.6,,1.4,
*Comparison group.,,,,,,,,,,,
**Difference with comparison group is significant at the 95%-confidence level. ,,,,,,,,,,,
"a/Percent of inmates reporting one or more incidents of sexual victimization involving another inmate or facility staff in the past 12 months or since admission to the facility, if less than 12 months.",,,,,,,,,,,
"b/Estimated number of inmates at midyear 2008 in prisons and jails represented by NIS-2, excluding inmates under age 18. Estimates have been rounded to the nearest 100.",,,,,,,,,,,
