Bureau of Justice Statistics,,,,,,,,,
Filename: svpjri0809t07.csv,,,,,,,,,
"Table 7:  Multivariate logistic regression models of sexual victimization, by inmate demographic characteristic, National Inmate Survey, 2008-09",,,,,,,,,
"Report title: Sexual Victimization in Prisons and Jails  Reported by Inmates, 2008-09 NCJ 231169",,,,,,,,,
"Data source: National Inmate Survey, 2008-09",,,,,,,,,
Author(s): Allen J. Beck and Paige M. Harrison,,,,,,,,,
Refer questions to: askbjs@usdoj.gov 202-307-0765,,,,,,,,,
Date of version: 8/26/10,,,,,,,,,
,,,,,,,,,
"Table 7.  Multivariate logistic regression models of sexual victimization, by inmate demographic characteristic, National Inmate Survey, 2008-09",,,,,,,,,
,,,,,,,,,
,,Predicted percent of prison inmates reporting sexual victimization/a,,,,Predicted percent of jail inmates reporting sexual victimization/a,,,
Demographic characteristic,,Inmate-on-inmate,,Staff sexual misconduct,,Inmate-on-inmate,,Staff sexual misconduct,
Sex,,,,,,,,,
,Male*,1.6,% ,2.5,% ,1.2,% ,1.8,% 
,Female,3.8,**,1.8,**,2.8,**,1.2,**
Race/Hispanic origin,,,,,,,,,
,White/b,2.8,%**,2.1,% ,1.3,% ,1.4,%**
,Black/b*,1.2, ,2.7, ,1.1, ,2.1, 
,Hispanic,1.3, ,2.1, ,1.4, ,1.7,**
,"Other/b,c",2.4,**,2.6, ,1.5, ,2.2, 
,Two or more races/b,4,**,4,**,2.7,**,3.1,**
Age,,,,,,,,,
,18-19,--,% ,3.4,% ,2,% ,2.7,% 
,20-24*,--, ,3, ,1.8, ,2.9, 
,25-34,--, ,3, ,1.3,**,2.1, 
,35-44,--, ,2.5, ,1,**,1.3,**
,45-54,--, ,1.9,**,1,**,1,**
,55 or older,--, ,0.8,**,0.7,**,0.5,**
Education ,,,,,,,,,
,Less than high school*,1.7,% ,2.5,% ,1.1,% ,1.6,% 
,High school graduate,1.6, ,1.7,**,1.4, ,1.7, 
,Some college/d,1.8, ,2.5, ,1.4, ,2,**
,College degree or more,2.8,**,4.5,**,2.8,**,4,**
Marital status ,,,,,,,,,
,Married*,1.1,% ,1.8,% ,--,% ,--,% 
,"Widowed, divorced, or seperated",1.6, ,2.2, ,--, ,--, 
,Never married,2.1,**,2.8,**,--, ,--, 
Weight/e,,,,,,,,,
,1st quartile*,--,% ,--,% ,1.5,% ,--,% 
,2nd quartile,--, ,--, ,1.1,**,--, 
,3rd quartile,--, ,--, ,1,**,--, 
,4th quartile,--, ,--, ,1.4, ,--, 
--Characteristic deleted from model when Wald statistic was not significant at the 95%-confidence level. ,,,,,,,,,
*Comparison group.,,,,,,,,,
**Difference with comparison group is significant at the 95%-confidence level. (See Methodology for tests of significance.) ,,,,,,,,,
"a/Conditional predicted percent of inmates reporting one or more incidents of sexual victimization involving another inmate or facility staff in the past 12 months or since admission to the facility, if less than 12 months.",,,,,,,,,
b/Excludes persons of Hispanic or Latino origin.,,,,,,,,,
"c/Includes American Indians, Alaska Natives, Asians, Native Hawaiians, and other Pacific Islanders.",,,,,,,,,
d/Includes persons with an associate degree.,,,,,,,,,
"e/Weight quartiles are defined by sex.  Men:  1st quartile - 60 to 168 lbs., 2nd quartile - 169 to 186 lbs., 3rd quartile - 187 to 209 lbs., 4th quartile - 210 to 700 lbs.  Women:  1st quartile - 65 to 144 lbs., 2nd quartile - 145 to 166 lbs., 3rd quartile - 167 to 194 lbs., 4th quartile: 195 to 450 lbs.",,,,,,,,,
