Bureau of Justice Statistics,,,,,,,,,
Filename: svpjri0809t18.csv,,,,,,,,,
"Table 18: Sex of perpetrator of staff sexual misconduct, by facility type and sex of victim, National Inmate Survey, 2008-09",,,,,,,,,
"Report title: Sexual Victimization in Prisons and Jails  Reported by Inmates, 2008-09 NCJ 231169",,,,,,,,,
"Data source: National Inmate Survey, 2008-09",,,,,,,,,
Author(s): Allen J. Beck and Paige M. Harrison,,,,,,,,,
Refer questions to: askbjs@usdoj.gov 202-307-0765,,,,,,,,,
Date of version: 8/26/10,,,,,,,,,
,,,,,,,,,
"Table 18. Sex of perpetrator of staff sexual misconduct, by facility type and sex of victim, National Inmate Survey, 2008-09",,,,,,,,,
,,Victims in prison,,,,Victims in jail,,,
,,Male*,,Female,,Male*,,Female,
Number of victims,,"39,121",,"2,123",,"14,334",,"1,485",
Sex of perpetrator(s),,,,,,,,,
,Male only,14.9,%,71.8,%**,18.2,%,62.6,%**
,Female only,68.8,,9.3,**,64.3,,27.7,**
,Both genders,16.3,,18.9, ,17.5,,9.8, 
Note: Sex of staff perpetrator was reported for 69% of prison inmates and 66% of jail inmates reporting staff sexual misconduct.,,,,,,,,,
*Comparison group. ,,,,,,,,,
"** Significant at the 95%-confidence level, when compared to male victims.",,,,,,,,,
