Bureau of Justice Statistics,,,,,
Filename: svrca0407.csv,,,,,
"Table 7: Characteristics of victims and perpetrators in substantiated incidents of sexual violence in adult correctional facilities, by type, 2004",,,,,
"Report Title: Sexual Violence Reported to Correctional Authorities, 2004   NCJ  210333",,,,,
"Data source: Survey on Sexual Violence, 2004",,,,,
Refer questions to: askbjs@usdoj.gov  202-307-0765,,,,,
Authors: Allen J. Beck and Timothy A. Hughes,,,,,
Date of version: 07/31/2005,,,,,

"Table 7: Characteristics of victims and perpetrators in substantiated incidents of sexual violence in adult correctional facilities, by type, 2004",,,,,
,,Victims of sexual violence,,Perpetrators of sexual violence,
Type of sexual violence,Number of substantiated incidents,Male,Female,Male,Female
Total,838,567,342,558,341
Non-consensual sexual acts,,,,,
State prisons,152,133,15,145,14
Local jails,73,66,10,70,5
Private prisons and jails,0,0,0,0,0
Abusive sexual contacts,,,,,
State prisons,57,37,32,49,17
Local jails,22,28,11,31,7
Private prisons and jails,2,2,0,2,0
Staff sexual misconduct,,,,,
State prisons,321,188,86,82,165
Local jails,81,41,96,73,40
Private prisons and jails,13,5,7,6,7
Staff sexual harassment,,,,,
State prisons,81,52,39,53,50
Local jails,34,15,45,45,34
Private prisons and jails,2,0,1,2,2
Note: Details on victims and perpetrators were not provided for all substantiated incidents.,,,,,
