Bureau of Justice Statistics,,,,,,,,,
Filename: svrca04ap2a.csv,,,,,,,,,
"Appendix table 2a: Allegations of inmate-on-inmate sexual violence reported by local jail authorities,  by type, 2004",,,,,,,,,
"Report Title: Sexual Violence Reported to Correctional Authorities, 2004   NCJ  210333",,,,,,,,,
"Data source: Survey on Sexual Violence, 2004   ",,,,,,,,,
Refer questions to: askbjs@usdoj.gov  202-307-0765,,,,,,,,,
Authors: Allen J. Beck and Timothy A. Hughes,,,,,,,,,
Date of version: 0731/2005,,,,,,,,,

"Appendix table 2a: Allegations of inmate-on-inmate sexual violence reported by local jail authorities,  by type, 2004",,,,,,,,,
,,Reported inmate-on-inmate nonconsensual sexual acts  ,,,,Reported inmate-on-inmate abusive sexual contacts   ,,,
,"Average daily population, 2004",Allegations,Substantiated,Unsubstantiated,Unfounded,Allegations,Substantiated,Unsubstantiated,Unfounded
Total,"271,418",322,73,117,78,65,22,31,9
Alabama,,,,,,,,,
Athens City/a,10,0,0,0,0,0,0,0,0
Baldwin County,498,2,0,2,0,0,0,0,0
Jefferson County/b,"1,057",0,0,0,0,0,0,0,0
Arizona,,,,,,,,,
Maricopa County,"8,938",11,1,5,1,4,0,2,0
Yavapai County,482,0,0,0,0,0,0,0,0
Arkansas,,,,,,,,,
Craighead County  ,248,1,0,1,0,0,0,0,0
Pulaski County Regional/b,"1,095",0,0,0,0,0,0,0,0
California,,,,,,,,,
Alameda County,"4,047",5,0,4,0,2,0,1,0
Kern County,"2,180",0,0,0,0,3,3,0,0
Los Angeles County,"17,451",30,2,18,2,3,2,1,0
Orange County,"5,871",0,0,0,0,0,0,0,0
Plumas County  ,56,0,0,0,0,0,0,0,0
Riverside County,"3,204",1,1,0,0,1,1,0,0
Sacramento County,"4,038",2,1,1,0,2,1,1,0
San Bernardino County,"5,615",5,- -,- -,- -,0,0,0,0
San Diego County/c,"5,097",11,0,7,0,- -,- -,- -,- -
San Francisco City and County,"1,819",2,0,0,2,0,0,0,0
Santa Clara County/c,"4,050",1,0,1,0,- -,- -,- -,- -
Stanislaus County/c,"1,186",2,1,0,1,- -,- -,- -,- -
Ventura County/c,"1,571",1,1,0,0,- -,- -,- -,- -
Colorado,,,,,,,,,
Arapahoe County,"1,299",1,0,1,0,3,1,1,1
Denver County,"1,906",2,0,2,0,0,0,0,0
Douglas County  ,259,0,0,0,0,0,0,0,0
District of Columbia,"3,477",3,0,0,3,0,0,0,0
Florida,,,,,,,,,
Alachua County/c,957,11,3,8,0,- -,- -,- -,- -
Broward County,"5,072",1,0,1,0,0,0,0,0
Charlotte County/c,423,0,0,0,0,- -,- -,- -,- -
Columbia County  ,292,0,0,0,0,0,0,0,0
Jacksonville City,"3,414",2,0,1,1,0,0,0,0
Leon County  ,"1,063",0,0,0,0,0,0,0,0
Manatee County,"1,027",5,1,2,2,2,0,2,0
Miami-Dade County   ,"6,721",1,0,0,0,0,0,0,0
Okaloosa County/a,612,0,0,0,0,1,0,0,1
Orange County/c,"3,380",3,1,0,2,- -,- -,- -,- -
Palm Beach County,"2,601",0,0,0,0,0,0,0,0
Pasco County,"1,158",1,0,1,0,0,0,0,0
Pinellas County/b,"3,213",0,0,0,0,0,0,0,0
Polk County,"2,529",3,1,1,1,0,0,0,0
Georgia,,,,,,,,,
"Chatham County/c,d","1,414",0,0,0,0,- -,- -,- -,- -
DeKalb County,"2,856",2,- -,- -,0,2,0,0,2
Douglas County,674,0,0,0,0,0,0,0,0
Fulton County/c,"3,429",16,12,0,0,- -,- -,- -,- -
Jackson County/c,147,0,0,0,0,- -,- -,- -,- -
Lowndes County,507,1,0,0,1,0,0,0,0
"Spalding County/a,b,c",375,0,0,0,0,- -,- -,- -,- -
Idaho,,,,,,,,,
Washington County,27,1,1,0,0,0,0,0,0
Illinois,,,,,,,,,
Cook County,"10,479",12,12,0,0,1,1,0,0
Indiana,,,,,,,,,
Elkhart County,406,1,0,1,0,1,0,1,0
Howard County,243,0,0,0,0,0,0,0,0
La Porte County,282,5,0,0,5,0,0,0,0
Lake County/c,940,1,0,1,0,- -,- -,- -,- -
St. Joseph County,574,1,0,0,1,0,0,0,0
Wabash County,95,0,0,0,0,2,0,2,0
Iowa,,,,,,,,,
Dubuque County/c,77,1,1,0,0,- -,- -,- -,- -
Hardin County/c,62,1,0,0,1,- -,- -,- -,- -
Polk County,571,1,1,0,0,1,0,1,0
Kansas,,,,,,,,,
Sedgwick County,"1,381",0,0,0,0,2,1,1,0
Kentucky,,,,,,,,,
Daviess County  ,613,1,0,0,0,0,0,0,0
Franklin County/c,287,1,0,0,1,- -,- -,- -,- -
Hopkins County/c,390,6,0,2,4,- -,- -,- -,- -
Louisville City/c,"1,921",3,0,3,0,- -,- -,- -,- -
Woodford County/c,72,1,0,0,1,- -,- -,- -,- -
Louisiana,,,,,,,,,
Caddo Parish  ,"1,101",1,1,0,0,0,0,0,0
East Baton Rouge Parish,"1,580",4,0,2,1,- -,- -,- -,- -
Orleans Parish/c,"5,931",10,10,0,0,- -,- -,- -,- -
Rapides Parish,939,1,0,1,0,0,0,0,0
Maine,,,,,,,,,
Cumberland County,558,1,1,0,0,0,0,0,0
Maryland,,,,,,,,,
Baltimore City/d,"4,319",7,1,1,2,- -,- -,- -,- -
Baltimore County,"1,092",0,0,0,0,0,0,0,0
Prince George's County  ,"1,203",1,0,0,1,0,0,0,0
Wicomico County/c,536,0,0,0,0,- -,- -,- -,- -
Massachusetts,,,,,,,,,
Hampden County/c,"1,861",1,0,1,0,- -,- -,- -,- -
Suffolk County/c,"1,145",4,0,0,4,- -,- -,- -,- -
Worcester County/c,"1,281",4,0,4,0,- -,- -,- -,- -
Michigan,,,,,,,,,
Macomb County,"1,397",0,0,0,0,2,2,0,0
Van Buren County,154,1,1,0,0,0,0,0,0
Wayne County,"2,725",4,0,2,2,2,0,2,0
Minnesota,,,,,,,,,
Hennepin County   ,604,3,0,0,3,0,0,0,0
Sherburne County/c,381,0,0,0,0,- -,- -,- -,- -
Mississippi,,,,,,,,,
"Harrison County/b,c",935,0,0,0,0,- -,- -,- -,- -
Missouri,,,,,,,,,
Greene County/b,477,1,0,0,1,0,0,0,0
Jasper County,163,0,0,0,0,0,0,0,0
Laclede County/c,98,0,0,0,0,- -,- -,- -,- -
St. Louis City/b,"1,430",0,0,0,0,- -,- -,- -,- -
Montana,,,,,,,,,
Missoula County/b,397,0,0,0,0,4,1,3,0
Nebraska,,,,,,,,,
Douglas County,966,0,0,0,0,0,0,0,0
Sarpy County,164,1,0,0,1,0,0,0,0
Nevada,,,,,,,,,
Clark County/b,"3,061",1,1,0,0,3,3,0,0
New Hampshire,,,,,,,,,
Hillsborough County/a,502,0,0,0,0,1,1,0,0
New Jersey,,,,,,,,,
Cumberland County,589,1,0,0,1,1,0,0,1
Essex County/c,"1,888",3,0,0,0,- -,- -,- -,- -
Gloucester County,337,2,0,0,2,0,0,0,0
New Mexico,,,,,,,,,
Bernalillo County/c,"1,882",8,- -,- -,- -,- -,- -,- -,- -
Curry County,200,1,0,0,1,0,0,0,0
Dona Ana County  ,859,0,0,0,0,1,0,0,1
San Juan County,660,1,0,1,0,1,1,0,0
New York,,,,,,,,,
"Erie County Holding Center/c,d",989,0,0,0,0,- -,- -,- -,- -
Erie County Correctional Fac.,926,0,0,0,0,0,0,0,0
New York City/c,"13,709",13,0,6,0,- -,- -,- -,- -
Orange County,585,0,0,0,0,0,0,0,0
Schenectady County/c,334,3,0,0,3,- -,- -,- -,- -
Tioga County,87,0,0,0,0,0,0,0,0
North Carolina,,,,,,,,,
Buncombe County,413,0,0,0,0,0,0,0,0
Cabarrus County/c,202,1,0,1,0,- -,- -,- -,- -
Henderson County/c,163,0,0,0,0,- -,- -,- -,- -
Mecklenburg County/c,"2,046",1,0,0,1,- -,- -,- -,- -
New Hanover County/c,434,0,0,0,0,- -,- -,- -,- -
Ohio,,,,,,,,,
Franklin County/c,"2,356",3,1,0,1,- -,- -,- -,- -
Hamilton County/e,"2,057",3,1,2,0,- -,- -,- -,- -
Lorain County,403,1,0,1,0,1,0,1,0
Montgomery County,910,1,0,0,1,0,0,0,0
Northwest Regional Cor. Center,588,1,0,0,1,0,0,0,0
Oklahoma,,,,,,,,,
Dewey County/c,22,0,0,0,0,- -,- -,- -,- -
Oklahoma County,"2,600",5,3,0,2,0,0,0,0
Rogers County,147,0,0,0,0,- -,- -,- -,- -
Oregon,,,,,,,,,
Clackamas County/c,349,4,3,1,0,- -,- -,- -,- -
Jackson County,225,1,0,1,0,1,0,1,0
Multnomah County/c,"1,497",0,0,0,0,- -,- -,- -,- -
Myrtle Creek City,1,0,0,0,0,0,0,0,0
"Northern Regional Cor. Fac./b,c",123,0,0,0,0,- -,- -,- -,- -
Polk County,105,0,0,0,0,3,2,1,0
Pennsylvania,,,,,,,,,
Adams County,255,2,1,1,0,0,0,0,0
Lehigh County/c,"1,300",0,0,0,0,- -,- -,- -,- -
"Philadelphia City/b,d,e","7,493",1,1,0,0,0,0,0,0
South Carolina,,,,,,,,,
Beaufort County  ,194,0,0,0,0,0,0,0,0
Charleston County  ,"1,344",3,0,2,1,0,0,0,0
Greenville County  ,"1,127",0,0,0,0,0,0,0,0
South Dakota,,,,,,,,,
Pennington County,373,1,0,1,0,0,0,0,0
Tennessee,,,,,,,,,
Hamilton County,553,1,0,1,0,0,0,0,0
Madison County/c,445,0,0,0,0,- -,- -,- -,- -
Nashville-Davidson County  ,"3,105",4,0,4,0,0,0,0,0
Shelby County  ,"2,317",3,0,1,0,0,0,0,0
Wilson County,140,0,0,0,0,0,0,0,0
Texas,,,,,,,,,
Amarillo City,68,0,0,0,0,0,0,0,0
Bexar County   ,"3,770",3,0,3,0,- -,- -,- -,- -
Dallas County/c,"7,082",8,4,0,3,- -,- -,- -,- -
El Paso County  ,"2,224",2,0,0,2,2,0,0,2
Harris County/c,"7,989",3,0,3,0,- -,- -,- -,- -
Jefferson County  ,933,0,0,0,0,0,0,0,0
Montgomery County,726,1,0,0,1,0,0,0,0
Nueces County,861,1,1,0,0,0,0,0,0
Travis County/c,"2,356",3,1,2,0,- -,- -,- -,- -
Williamson County,678,0,0,0,0,1,0,0,1
Utah,,,,,,,,,
Salt Lake County,"2,036",0,0,0,0,2,0,2,0
Utah County,589,4,0,2,2,1,0,1,0
Weber County/c,"1,024",0,0,0,0,- -,- -,- -,- -
Virginia,,,,,,,,,
Alexandria City  ,420,1,1,0,0,- -,- -,- -,- -
Chesapeake City/c,835,1,0,0,1,- -,- -,- -,- -
Fairfax County   ,"1,276",0,0,0,0,4,1,3,0
Hampton City,421,1,0,0,1,0,0,0,0
Newport News City/c,643,0,0,0,0,- -,- -,- -,- -
Pamunky Regional ,454,0,0,0,0,0,0,0,0
Pittsylvania County,140,2,0,0,2,0,0,0,0
Riverside Regional ,"1,006",0,0,0,0,1,0,1,0
Virginia Beach City/c,"1,365",2,0,0,1,- -,- -,- -,- -
"Virginia Peninsula Regional/c,d",409,1,0,1,0,- -,- -,- -,- -
Washington,,,,,,,,,
King County/c,"2,461",5,1,4,0,- -,- -,- -,- -
Kitsap County/c,367,1,0,0,1,- -,- -,- -,- -
Thurston County/c,472,3,0,0,3,- -,- -,- -,- -
Whatcom County/c,256,0,0,0,0,- -,- -,- -,- -
Yakima County,947,0,0,0,0,1,0,1,0
West Virginia,,,,,,,,,
North Central Regional/c,,,,,,,,,
Wisconsin,,,,,,,,,
Milwaukee County,,,,,,,,,
Outagamie County,918,0,0,0,0,0,0,0,0
Walworth County,474,1,0,1,0,3,1,2,0
Winnebago County/c,306,2,0,2,0,0,0,0,0
Note: The total number of allegations includes ongoing investigations (not shown).,,,,,,,,,
 - - Not reported. ,,,,,,,,,
"a/Average daily population was based on data from the Deaths in Custody Reporting Program, 2003 and 2004. ",,,,,,,,,
b/Allegations of nonconsensual sexual acts are limited to substantiated occurrences only. 
c/Non-consensual sexual acts may include abusive sexual contacts. 
d/Allegations are limited to completed nonconsensual sexual acts only. 
e/Reports of abusive sexual contacts are not recorded in a central database.
