Bureau of Justice Statistics,,,,,
Filename: svrca0408.csv,,,,,
"Table 8: Characteristics of victims and perpetrators in substantiated incidents of sexual violence in juvenile correctional facilities, by type, 2004",,,,,
"Report Title: Sexual Violence Reported to Correctional Authorities, 2004   NCJ 210333",,,,,
"Data source: Survey on Sexual Violence, 2004",,,,,
Refer questions to: askbjs@usdoj.gov  202-307-0765,,,,,
Authors: Allen J. Beck and Timothy A. Hughes,,,,,
Date of version: 07/31/2005,,,,,

"Table 8: Characteristics of victims and perpetrators in substantiated incidents of sexual violence in juvenile correctional facilities, by type, 2004",,,,,
,,Victims of sexual violence,,Perpetrators of sexual violence,
Type of sexual violence,Number of substantiated incidents,Male,Female,Male,Female
Total,320,302,161,256,141
Non-consensual sexual acts,,,,,
State-operated,85,77,16,64,17
Local or private facilities,49,46,18,34,8
Abusive sexual contacts,,,,,
State-operated,42,32,42,33,44
Local or private facilities,42,29,19,30,10
Staff sexual misconduct,,,,,
State-operated,69,80,36,55,49
Local or private facilities,11,17,10,14,8
Staff sexual harassment,,,,,
State-operated,16,17,11,20,4
Local or private facilities,6,4,9,6,1
Note: Details on victims and perpetrators were not provided for all substantiated incidents.,,,,,
