Bureau of Justice Statistics,,,,
Filename: svrca0404.csv,,,,
"Table 4: Responsibility for investigating allegations of nonconsensual sexual acts and staff sexual misconduct, by type of facility, 2004",,,,
"Report Title: Sexual Violence Reported to Correctional Authorities, 2004   NCJ  210333",,,,
"Data source: Survey on Sexual Violence, 2004",,,,
Refer questions to: askbjs@usdoj.gov  202-307-0765,,,,
Authors: Allen J. Beck and Timothy A. Hughes,,,,
Date of version: 07/31/2005,,,,

"Table 4: Responsibility for investigating allegations of nonconsensual sexual acts and staff sexual misconduct, by type of facility, 2004",,,,
,State and Federal prisons,Local jails,State juvenile systems/a,Local or private juvenile facilities/b
Total,51,404,50,270
Nonconsensual sexual acts,,,,
Internal ,29,203,18,56
Shared with external authority,13,82,10,31
External authorities only,8,113,22,182
Not reported,1,6,0,1
Staff sexual misconduct,,,,
Internal ,22,166,14,69
Shared with external authority,18,95,18,45
External authorities only,11,127,18,156
Not reported,0,16,0,0
"a/Includes the District of Columbia and all States, except Arkansas. ",,,,
b/Excludes 20 sampled facilities that were out-scope (not covered under the act).      ,,,,
