Bureau of Justice Statistics,,
Filename: svrca04h1.csv,,
"Highlight table 1: Coverage of the Survey on Sexual Violence, 2004",,
"Report Title: Sexual Violence Reported to Correctional Authorities, 2004   NCJ  210333",,
"Data source: Survey on Sexual Violence, 2004",,
Refer questions to: askbjs@usdoj.gov  202-307-0765,,
Authors: Allen J. Beck and Timothy A. Hughes,,
Date of version: 07/31/2005,,

"Highlight table 1: Coverage of the Survey on Sexual Violence, 2004",,
,Number of facilities,Population covered
Total,"2,730","1,754,092"
Prison systems,"1,404","1,318,616"
Local jails,404,"331,768"
Private prisons/jails,32,"31,086"
State juvenile systems*,510,"41,196"
Local/private juvenile facilities,297,"21,739"
Other facilities,83,"9,705"
*Includes the District of Columbia.,,
