Bureau of Justice Statistics,,,,,,,,
Filename: svrca04ap5b.csv,,,,,,,,
"Appendix table 5b: Allegations of staff sexual misconduct with youth reported by State juvenile administrators, by type, 2004",,,,,,,,
"Report Title: Sexual Violence Reported to Correctional Authorities, 2004  NCJ  210333",,,,,,,,
"Data source: Survey on Sexual Violence, 2004",,,,,,,,
Refer questions to: askbjs@usdoj.gov  202-307-0765,,,,,,,,
Authors: Allen J. Beck and Timothy A. Hughes,,,,,,,,
Date of version: 07/31/2005,,,,,,,,

"Appendix table 5b: Allegations of staff sexual misconduct with youth reported by State juvenile administrators, by type, 2004",,,,,,,,
,Reported allegations of staff sxual misconduct with youth,,,,Reported allegations of staff sexual harassment of youth,,,
,Allegations,Substantiated,Unsubstantiated,Unfounded,Allegations,Substantiated,Unsubstantiated,Unfounded
Total,467,69,204,175,55,16,27,9
Alabama/a,8,0,0,8,- -, - -,- -,- -
Alaska,0,0,0,0,0,0,0,0
Arizona,12,6,2,4,1,0,0,1
Arkansas/b,- -, - -,- -,- -,- -, - -,- -,- -
California/a,12,2,3,1,- -,- -,- -,- -
Colorado,5,0,2,3,- -, - -,- -,- -
Connecticut,2,0,2,0,1,0,1,0
Delaware,0,0,0,0,2,1,1,0
District of Columbia,1,0,1,0,0,0,0,0
Florida,30,1,10,16,10,3,1,6
Georgia,7,0,1,6,0,0,0,0
"Hawaii/a,c",1,1,0,0,- -, - -,- -,- -
Idaho,3,2,0,0,4,1,3,0
Illinois/d,0,0,0,0,- -,- -,- -,- -
Indiana,14,9,3,2,1,1,0,0
Iowa,0,0,0,0,0,0,0,0
Kansas,7,1,4,2,5,1,4,0
Kentucky,27,3,0,24,5,2,0,1
Louisiana,25,0,5,20,5,0,5,0
Maine,3,1,2,0,0,0,0,0
Maryland,18,8,10,0,8,3,5,0
Massachusetts,2,0,2,0,1,1,0,0
"Michigan/a,c",4,0,2,1,- -,- -,- -,- -
Minnesota,3,0,0,3,0,0,0,0
Mississippi,0,0,0,0,0,0,0,0
Missouri,2,1,1,0,0,0,0,0
Montana/a,0,0,0,0,- -,- -,- -,- -
Nebraska,0,0,0,0,2,0,1,1
Nevada,3,0,1,2,2,0,2,0
New Hampshire,2,0,1,1,2,1,1,0
New Jersey,16,0,0,16,0,0,0,0
New Mexico,0,0,0,0,0,0,0,0
New York,18,7,5,6,0,0,0,0
North Carolina,3,0,3,0,0,0,0,0
North Dakota,0,0,0,0,0,0,0,0
Ohio/d,9,0,3,5,- -,- -,- -,- -
Oklahoma,19,1,4,14,0,0,0,0
"Oregon/a,c",3,2,0,0,- -,- -,- -,- -
Pennsylvania,4,0,1,3,0,0,0,0
Rhode Island/c,1,1,0,0,0,0,0,0
South Carolina,6,0,1,4,1,0,0,0
South Dakota,0,0,0,0,0,0,0,0
Tennessee/a,23,1,0,19,- -,- -,- -,- -
Texas/d,138,13,125,0,- -,- -,- -,- -
Utah,3,3,0,0,3,2,1,0
Vermont/a,0,0,0,0,- -, - -,- -,- -
Virginia,11,5,3,3,0,0,0,0
Washington/a,14,0,3,9,- -,- -,- -,- -
West Virginia,2,1,1,0,1,0,1,0
Wisconsin,6,0,3,3,1,0,1,0
Wyoming,0,0,0,0,0,0,0,0
Note: The total number of allegations includes ongoing investigations (not shown).  
 - - Not reported.
a/Reports of staff sexual misconduct may include reports of staff sexual harassment. 
b/Arkansas does not have any State-operated juvenile facilities.
c/Reports of staff sexual misconduct based on substantiated allegations only. 
d/Reports of staff sexual harassment are not recorded in a central database.
