Bureau of Justice Statistics,,,,,,,,
Filename: svrca04ap1b.csv,,,,,,,,
"Appendix table 1b: Allegations of staff sexual misconduct with inmates reported by State and Federal prison authorities, by type, 2004",,,,,,,,
"Report Title: Sexual Violence Reported to Correctional Authorities, 2004   NCJ 210333",,,,,,,,
"Data source: Survey on Sexual Violence, 2004",,,,,,,,
Refer questions to: askbjs@usdoj.gov  202-307-0765,,,,,,,,
Authors: Allen J. Beck and Timothy A. Hughes,,,,,,,,
Date of version: 7/31/2005,,,,,,,,

"Appendix table 1b: Allegations of staff sexual misconduct with inmates reported by State and Federal prison authorities, by type, 2004",,,,,,,,
,Reported allegations of staff sexual misconduct with inmates ,,,,Reported allegations of staff sexual harassment of inmates   ,,,
,Allegations,Substantiated,Unsubstantiated,Unfounded,Allegations,Substantiated,Unsubstantiated,Unfounded
Total,"1,506",332,684,177,417,81,218,58
Federal/a,201,11,96,11, - -, - -, - -, - -
State,"1,305",321,588,166,417,81,218,58
  Alabama,5,3,0,2,4,0,1,3
  Alaska,4,3,0,0,5,4,0,0
  Arizona,54,19,34,1,32,9,13,0
  Arkansas,15,1,3,7,5,0,1,2
  California/a,126,75,17,15, - -, - -, - -, - -
  Colorado/b,20,5,6,8, - -, - -, - -, - -
  Connecticut,0,0,0,0,0,0,0,0
  Delaware,7,1,6,0,5,4,0,1
  Florida/c,181,10,143,2, - -, - -, - -, - -
"  Georgia/c,d", - -, - -, - -, - -, - -, - -, - -, - -
  Hawaii,11,4,5,1,0,0,0,0
  Idaho/a,17,11,4,1, - -, - -, - -, - -
  Illinois/c,2,0,0,2, - -, - -, - -, - -
  Indiana,40,17,17,6,27,8,9,10
  Iowa/e,2,2,- -,- -,5,5,- -,- -
  Kansas,39,13,13,7,1,0,0,1
  Kentucky/a,42,11,26,5, - -, - -, - -, - -
  Louisiana/f,18,0,7,10,6,0,2,3
  Maine,4,3,0,1,2,0,0,0
  Maryland/c,5,1,1,3, - -, - -, - -, - -
  Massachusetts/c,28,2,2,7, - -, - -, - -, - -
  Michigan,23,3,5,11,39,1,23,14
  Minnesota,33,7,13,9,18,13,4,0
  Mississippi,9,1,5,3,1,0,1,0
  Missouri,45,16,21,5, - -, - -, - -, - -
  Montana/c,3,0,3,0, - -, - -, - -, - -
  Nebraska,12,4,2,5,4,2,2,0
  Nevada/a,2,0,1,0, - -, - -, - -, - -
  New Hampshire,0,0,0,0,0,0,0,0
  New Jersey/a,9,0,9,0, - -, - -, - -, - -
  New Mexico/c,1,0,0,1, - -, - -, - -, - -
  New York,181,12,125,0,99,1,81,0
"  North Carolina/a,e",13,13,- -,- -, - -, - -, - -, - -
  North Dakota,1,1,0,0,1,0,0,1
  Ohio/c,26,6,8,2, - -, - -, - -, - -
  Oklahoma,11,2,5,0,5,0,5,0
  Oregon/c,16,4,12,0, - -, - -, - -, - -
  Pennsylvania,34,7,26,0,14,6,3,0
  Rhode Island,4,2,0,2,3,0,1,1
  South Carolina/a,37,8,12,1, - -, - -, - -, - -
  South Dakota/d, - -, - -, - -, - -, - -, - -, - -, - -
  Tennessee,32,9,14,4,9,2,4,1
  Texas/c,56,1,20,1, - -, - -, - -, - -
  Utah,7,2,2,0,0,0,0,0
"  Vermont/c,d", - -, - -, - -, - -, - -, - -, - -, - -
  Virginia,51,16,13,4,0,0,0,0
"  Washington/c,d", - -, - -, - -, - -, - -, - -, - -, - -
  West Virginia,24,16,5,2,1,1,0,0
  Wisconsin/a,46,3,3,36, - -, - -, - -, - -
  Wyoming,9,7,0,2,1,0,0,1
Note: The total number of allegations includes ongoing investigations  (not shown).,,,,,,,,
 - - Not reported.,,,,,,,,
a/Reports of staff sexual misconduct may include reports of staff sexual harassment. ,,,,,,,,
b/Reports of staff sexual harassment are included in a broader category  of staff misconduct.,,,,,,,,
c/Reports of staff sexual harassment are not recorded in a central database.   ,,,,,,,,
d/Reports of staff sexual misconduct are not recorded in a central database.,,,,,,,,
e/Reports of staff sexual misconduct are based on substantiated  allegations only.,,,,,,,,
f/Reports are based on allegations reported in two facilities. ,,,,,,,,
