Bureau of Justice Statistics,,,,,,,,
Filename: svrca04ap2b.csv,,,,,,,,
"Appendix table 2b: Allegations of staff sexual misconduct with inmates reported by local jail authorities, by type, 2004",,,,,,,,
"Report Title: Sexual Violence Reported to Correctional Authorities, 2004  NCJ  210333",,,,,,,,
"Data source: Survey on Sexual Violence, 2004",,,,,,,,
Refer questions to: askbjs@usdoj.gov  202-307-0765,,,,,,,,
Authors: Allen J. Beck and Timothy A. Hughes,,,,,,,,
Date of version: 07/31/2005,,,,,,,,

"Appendix table 2b: Allegations of staff sexual misconduct with inmates  reported by local jail authorities, by type, 2004",,,,,,,,
,Reported allegations of staff sexual misconduct with inmates ,,,,Reported allegations of staff sexual harassment of inmates   ,,,
,Allegations,Substantiated,Unsubstantiated,Unfounded,Allegations,Substantiated,Unsubstantiated,Unfounded
Total,225,81,42,52,87,34,22,14
Alabama,,,,,,,,
Athens City,1,1,0,0,0,0,0,0
Baldwin County,0,0,0,0,0,0,0,0
Jefferson County/a,2,1,0,1,- -,- -,- -,- -
Arizona,,,,,,,,
Maricopa County,2,1,0,0,0,0,0,0
Yavapai County,1,0,1,0,0,0,0,0
Arkansas,,,,,,,,
"Craighead County/a,b",0,0,0,0,- -,- -,- -,- -
Pulaski County Regional/a,1,1,0,0,- -,- -,- -,- -
California,,,,,,,,
Alameda County,0,0,0,0,2,1,1,0
Kern County/a,0,0,0,0,- -,- -,- -,- -
Los Angeles County/a,0,0,0,0,- -,- -,- -,- -
Orange County,4,1,1,0,0,0,0,0
Plumas County  ,0,0,0,0,1,1,0,0
Riverside County,1,0,0,0,3,1,0,0
Sacramento County/a,1,1,0,0,- -,- -,- -,- -
San Bernardino County/a,0,0,0,0,- -,- -,- -,- -
San Diego County,2,1,0,0,1,1,0,0
San Francisco City and County,3,1,0,1,0,0,0,0
Santa Clara County,3,0,0,0,2,0,1,0
Stanislaus County,0,0,0,0,0,0,0,0
Ventura County,3,1,0,2,0,0,0,0
Colorado,,,,,,,,
Arapahoe County,0,0,0,0,0,0,0,0
Denver County,1,0,1,0,1,0,0,1
Douglas County  ,1,1,0,0,4,4,0,0
District of Columbia,25,0,0,21,- -,- -,- -,- -
Florida,,,,,,,,
Alachua County,0,0,0,0,0,0,0,0
Broward County,2,1,0,0,0,0,0,0
Charlotte County,3,0,0,3,0,0,0,0
Columbia County  ,1,0,1,0,1,0,0,1
Jacksonville City,2,0,2,0,0,0,0,0
Leon County  ,0,0,0,0,1,1,0,0
Manatee County,1,0,1,0,0,0,0,0
Miami-Dade County   ,3,0,0,1,6,0,0,2
Okaloosa County,0,0,0,0,0,0,0,0
Orange County/a,0,0,0,0,- -,- -,- -,- -
Palm Beach County/a,2,0,1,0,- -,- -,- -,- -
Pasco County,0,0,0,0,0,0,0,0
"Pinellas County/c,d",3,2,0,1,0,0,0,0
Polk County,0,0,0,0,0,0,0,0
Georgia,,,,,,,,
Chatham County/b,2,1,1,0,0,0,0,0
DeKalb County,0,0,0,0,0,0,0,0
Douglas County,1,1,0,0,0,0,0,0
Fulton County,1,1,0,0,0,0,0,0
Jackson County,0,0,0,0,1,0,1,0
Lowndes County,0,0,0,0,0,0,0,0
Spalding County/a,1,0,1,0,- -,- -,- -,- -
Idaho,,,,,,,,
Washington County,0,0,0,0,0,0,0,0
Illinois,,,,,,,,
Cook County/a,1,- -,- -,- -,- -,- -,- -,- -
Indiana,,,,,,,,
Elkhart County,0,0,0,0,0,0,0,0
Howard County,0,0,0,0,1,0,1,0
La Porte County,1,0,1,0,0,0,0,0
Lake County,0,0,0,0,0,0,0,0
St. Joseph County,0,0,0,0,0,0,0,0
Wabash County,0,0,0,0,0,0,0,0
Iowa,,,,,,,,
Dubuque County,0,0,0,0,0,0,0,0
Hardin County,0,0,0,0,0,0,0,0
Polk County,0,0,0,0,- -,- -,- -,- -
Kansas,,,,,,,,
Sedgwick County,2,0,2,0,1,1,0,0
Kentucky,,,,,,,,
Daviess County  ,0,0,0,0,0,0,0,0
Franklin County/a,0,0,0,0,- -,- -,- -,- -
Hopkins County,0,0,0,0,0,0,0,0
Louisville City/a,2,0,0,0,- -,- -,- -,- -
Woodford County/a,0,0,0,0,- -,- -,- -,- -
Louisiana,,,,,,,,
Caddo Parish  ,5,3,1,1,3,0,2,1
East Baton Rouge Parish/a,0,0,0,0,- -,- -,- -,- -
Orleans Parish  ,0,0,0,0,1,1,0,0
Rapides Parish,1,1,0,0,0,0,0,0
Maine,,,,,,,,
Cumberland County,1,1,0,0,0,0,0,0
Maryland,,,,,,,,
Baltimore City,1,1,0,0,0,0,0,0
Baltimore County,1,1,0,0,0,0,0,0
Prince George's County  ,2,0,2,0,0,0,0,0
Wicomico County  ,1,1,0,0,0,0,0,0
Massachusetts,,,,,,,,
Hampden County,2,1,1,0,0,0,0,0
Suffolk County,3,0,0,2,0,0,0,0
Worcester County,0,0,0,0,3,1,2,0
Michigan,,,,,,,,
Macomb County/b,0,0,0,0,0,0,0,0
Van Buren County,0,0,0,0,0,0,0,0
Wayne County,1,0,1,0,0,0,0,0
Minnesota,,,,,,,,
Hennepin County   ,0,0,0,0,0,0,0,0
Sherburne County,0,0,0,0,1,0,0,1
Mississippi,,,,,,,,
"Harrison County/a,b   ",1,1,0,0,- -,- -,- -,- -
Missouri,,,,,,,,
Greene County/a,0,0,0,0,- -,- -,- -,- -
Jasper County,3,3,0,0,3,3,0,0
Laclede County,0,0,0,0,2,1,1,0
St. Louis City,1,0,1,0,1,0,1,0
Montana,,,,,,,,
Missoula County  ,- -,- -,- -,- -,- -,- -,- -,- -
Nebrasksa,,,,,,,,
Douglas County,9,8,1,0,2,0,2,0
Sarpy County,0,0,0,0,0,0,0,0
Nevada,,,,,,,,
Clark County/b,0,0,0,0,0,0,0,0
New Hampshire,,,,,,,,
Hillsborough County,3,0,- -,- -,0,0,0,0
New Jersey,,,,,,,,
Cumberland County,3,0,1,2,0,0,0,0
Essex County,3,0,2,0,1,0,0,1
Gloucester County,0,0,0,0,0,0,0,0
New Mexico,,,,,,,,
Bernalillo County ,4,- -,- -,- -,4,- -,- -,- -
Curry County   ,0,0,0,0,0,0,0,0
Dona Ana County  ,1,0,0,0,0,0,0,0
San Juan County  ,1,0,0,1,0,0,0,0
New York,,,,,,,,
Erie County Holding Center/a,4,1,0,1,- -,- -,- -,- -
Erie County Correctional Facility,1,0,0,0,0,0,0,0
New York City/a,10,1,4,1,- -,- -,- -,- -
Orange County  ,2,0,1,1,7,5,0,0
"Schenectady County/a,c",0,0,0,0,- -,- -,- -,- -
Tioga County,1,1,0,0,1,0,0,1
North Carolina,,,,,,,,
Buncombe County,1,0,0,1,0,0,0,0
Cabarrus County/a,0,0,0,0,- -,- -,- -,- -
Henderson County  ,0,0,0,0,1,0,1,0
Mecklenburg County,2,2,0,0,0,0,0,0
New Hanover County,1,0,1,0,0,0,0,0
Ohio,,,,,,,,
Franklin County,1,1,0,0,0,0,0,0
Hamilton County/a ,1,1,0,0,- -,- -,- -,- -
Lorain County,1,0,1,0,0,0,0,0
Montgomery County,0,0,0,0,0,0,0,0
Northwest Regional Cor. Center,2,0,0,2,0,0,0,0
Oklahoma,,,,,,,,
Dewey County/a,2,1,1,0,- -,- -,- -,- -
Oklahoma County,2,2,0,0,4,0,4,0
Rogers County,3,2,0,1,0,0,0,0
Oregon,,,,,,,,
Clackamas County,1,1,0,0,0,0,0,0
Jackson County,0,0,0,0,0,0,0,0
Multnomah County,4,0,- -,- -,2,0,- -,- -
Myrtle Creek City,0,0,0,0,1,0,1,0
Northern Regional Cor. Facility/a,1,0,1,0,- -,- -,- -,- -
Polk County,0,0,0,0,0,0,0,0
Pennsylvania,,,,,,,,
Adams County/a,2,1,0,1,- -,- -,- -,- -
Lehigh County,2,1,1,0,3,3,0,0
Philadelphia City/a,14,9,1,0,- -,- -,- -,- -
South Carolina,,,,,,,,
Beaufort County  ,1,1,0,0,0,0,0,0
Charleston County  ,1,0,1,0,2,0,1,0
Greenville County  ,0,0,0,0,1,1,0,0
South Dakota,,,,,,,,
Pennington County,3,3,0,0,2,2,0,0
Tennessee,,,,,,,,
Hamilton County,0,0,0,0,0,0,0,0
Madison County,1,0,0,1,0,0,0,0
Nashville-Davidson County/a ,0,0,0,0,- -,- -,- -,- -
Shelby County  ,2,2,0,0,- -,- -,- -,- -
Wilson County/a,1,0,0,0,- -,- -,- -,- -
Texas,,,,,,,,
Amarillo City,1,1,0,0,0,0,0,0
Bexar County   ,- -,- -,- -,- -,- -,- -,- -,- -
Dallas County,1,0,1,0,1,1,0,0
El Paso County  ,1,1,0,0,1,0,0,0
Harris County,3,1,0,2,0,0,0,0
Jefferson County  ,0,0,0,0,4,1,0,3
Montgomery County,0,0,0,0,0,0,0,0
Nueces County,0,0,0,0,1,1,0,0
Travis County/c,3,0,2,0,- -,- -,- -,- -
Williamson County,1,0,0,1,1,1,0,0
Utah,,,,,,,,
Salt Lake County,3,1,1,0,2,1,0,1
Utah County,1,1,0,0,0,0,0,0
Weber County/a,1,0,1,0,- -,- -,- -,- -
Virgina,,,,,,,,
Alexandria City/a,0,0,0,0,- -,- -,- -,- -
Chesapeake City,2,2,0,0,1,1,0,0
Fairfax County   ,0,0,0,0,0,0,0,0
Hampton City,0,0,0,0,0,0,0,0
Newport News City/a,1,0,0,0,- -,- -,- -,- -
Pamunky Regional ,1,1,0,0,0,0,0,0
Pittsylvania County,0,0,0,0,0,0,0,0
Riverside Regional ,1,1,0,0,1,1,0,0
Virginia Beach City,6,3,0,3,1,0,0,1
Virginia Peninsula Regional,1,1,0,0,0,0,0,0
Washington,,,,,,,,
King County/a,1,0,0,0,- -,- -,- -,- -
Kitsap County  ,1,1,0,0,0,0,0,0
Thurston County,0,0,0,0,1,0,0,1
Whatcom County/a,1,0,1,0,- -,- -,- -,- -
Yakima County,0,0,0,0,0,0,0,0
West Virginia,,,,,,,,
North Central Regional,0,0,0,0,0,0,0,0
Wisconsin,,,,,,,,
Milwaukee County,0,0,0,0,3,0,3,0
Outagamie County/a,0,0,0,0,- -,- -,- -,- -
Walworth County,1,0,1,0,0,0,0,0
Winnebago County,1,0,0,0,0,0,0,0
Note: The total number of allegations includes ongoing investigations (not shown). ,,,,,,,,
a/Reports of staff sexual misconduct may include reports of staff sexual harassment. ,,,,,,,,
b/Reports of staff sexual misconduct are based on substantiated allegations only. ,,,,,,,,
c/Reports of staff sexual harassment are not recorded in a central database. 
d/Reports of staff sexual misconduct are not recorded in a central database.
