Bureau of Justice Statistics,,,,,,,,,
Filename: svrca04ap3a.csv,,,,,,,,,
"Appendix table 3a: Allegations of inmate-on-inmate sexual violence reported in private prisons and jails, by type, 2004",,,,,,,,,
"Report Title: Sexual Violence Reported to Correctional Authorities, 2004   NCJ  210333",,,,,,,,,
"Data source: Survey on Sexual Violence, 2004",,,,,,,,,
Refer questions to: askbjs@usdoj.gov  202-307-0765,,,,,,,,,
Authors: Allen J. Beck and Timothy A. Hughes,,,,,,,,,
Date of version: 07/31/2005,,,,,,,,,

"Appendix table 3a: Allegations of inmate-on-inmate sexual violence reported in private prisons and jails, by type, 2004",,,,,,,,,
,,Reported inmate-on-inmate nonconsensual sexual acts  ,,,,Reported inmate-on-inmate abusive sexual contacts ,,,
,"Average daily population, 2004",Allegations,Substantiated,Unsubstantiated,Unfounded,Allegations,Substantiated,Unsubstantiated,Unfounded
Total,"31,068",12,0,8,4,14,2,0,3
Arizona,,,,,,,,,
Florence Correctional Facility (CCA),"1,754",0,0,0,0,0,0,0,0
Phoenix West State Prison (CSC),440,0,0,0,0,0,0,0,0
California,,,,,,,,,
California City Correctional Center (CCA)/a,"2,620",0,0,0,0, - -, - -, - -, - -
Central Valley Community Cor. Fac. (GEO)/a,515,0,0,0,0, - -, - -, - -, - -
Colorado,,,,,,,,,
Crowley County Correctional Facility (CCA)/a,911,2,0,1,1, - -, - -, - -, - -
Florida,,,,,,,,,
Gadsen Correctional Facility (CCA),"1,036",0,0,0,0,0,0,0,0
Moore Haven Correctional Facility (GEO),745,0,0,0,0,0,0,0,0
South Bay Correctional Facility (GEO)/a,47,0,0,0,0, - -, - -, - -, - -
Georgia,,,,,,,,,
Coffee Correctional Facility (CCA),"1,490",2,0,2,0,11,2,0,0
Louisiana,,,,,,,,,
Allen Correctional Center (GEO),"1,456",0,0,0,0,3,0,0,3
Mississippi,,,,,,,,,
Delta Correctional Facility (CCA)/a,258,0,0,0,0, - -, - -, - -, - -
Walnut Grove Youth Cor. Fac. (Cornell),758,0,0,0,0,0,0,0,0
Montana,161,,,,,,,,
Community Counseling and Corr. Services,,0,0,0,0,0,0,0,0
New Jersey,26,,,,,,,,
Tremont House (VOA),,0,0,0,0,0,0,0,0
New Mexico,730,,,,,,,,
Torrance County Detention Facility (CCA)/a,,0,0,0,0, - -, - -, - -, - -
Ohio,183,,,,,,,,
Columbiana County Jail (CiviGenics),"1,366",0,0,0,0, - -, - -, - -, - -
Lake Erie Correctional Institution (MTC)/a,,5,0,4,1, - -, - -, - -, - -
Oklahoma,"1,206",,,,,,,,
"David L. Moss Criminal Justice Center (CCA)/a,b",952,0,0,0,0, - -, - -, - -, - -
Davis Correctional Facility (CCA)/a,,1,0,0,1, - -, - -, - -, - -
Pennsylvania,227,,,,,,,,
Joseph Coleman Center (CEC),,0,0,0,0,0,0,0,0
Tennessee,"1,950",,,,,,,,
Hardeman County Correctional Center (CCA),"1,620",0,0,0,0,0,0,0,0
"South Central Correctional Center (CCA)/c,d","1,471", - -, - -, - -, - -, - -, - -, - -, - -
Whiteville Correctional Facility (CCA),,0,0,0,0,0,0,0,0
Texas,"1,970",,,,,,,,
Bradshaw State Jail (MTC),519,1,0,1,0,0,0,0,0
Cleveland Correctional Center (GEO),539,0,0,0,0,0,0,0,0
East Hidalgo Detention Center (LCS),382,0,0,0,0,0,0,0,0
Jefferson County Jail (CSC),"1,015",0,0,0,0,0,0,0,0
Lindsey State Jail (CCA)/a,"2,060",0,0,0,0, - -, - -, - -, - -
Mineral Wells Pre-Parole Facility (CCA),210,0,0,0,0, - -, - -, - -, - -
South Texas Intermediate Sanction Fac. (CSC)/a,885,0,0,0,0, - -, - -, - -, - -
Val Verde County Jail (GEO),,0,0,0,0,0,0,0,0
Virginia,"1,566",,,,,,,,
Lawrenceville Correctional Center (GEO)/e,,1,0,0,1,0,0,0,0
Note: The total number of allegations includes ongoing investigations (not shown).,,,,,,,,,
" Initials identify the following: CCA - Corrections Corporation of America.  CEC - Community Education Centers.  CiviGenics - CiviGenics Corporation.  Cornell - Cornell Companies, Incorporated.  CSC - Correctional Services Corporation.  GEO - Global Expertise in Outsourcing.   LCS - Louisiana Corrections Services, Incorporated.  MTC - Management and Training Corporation.  VOA - Volunteers of America. ",,,,,,,,,
 - - Not reported.,,,,,,,,,
a/Reports of nonconsensual sexual acts may include abusive sexual contacts.
b/Allegations of nonconsensual sexual acts are limited to substantiated occurrences only.   
c/Reports of nonconsensual sexual acts are not recorded in a central database.   
d/Reports of abusive sexual contacts are not recorded in a central database.   
e/Allegations of nonconsensual sexual acts are limited to completed occurrences only.
