Bureau of Justice Statistics,,,,,,,
Filename: cpus10t02.csv,,,,,,,
"Table 2. Estimated number of persons supervised by adult correctional systems, by correctional status and change in the populations, 2010",,,,,,,
"Report title: Correctional Populations in the United States, 2010  NCJ236319",,,,,,,
"Data source(s): Annual Probation Survey, Annual Parole Survey, National Prisoner Statistics Program, Annual Survey of Jails, and Census of Jails ",,,,,,,
Author(s): Lauren E. Glaze,,,,,,,
Refer questions to: askbjs@usdoj.gov or 202-307-0765 ,,,,,,,
Date of version: 12/13/2011,,,,,,,
,,,,,,,
"Table 2. Estimated number of persons supervised by adult correctional systems, by correctional status and change in the populations, 2010",,,,,,,
,,,,,"Population change, 2010",,
Correctional populations,,"Population, 12/31/2010",Percent of total,,Number ,Percent of total,
,Total/a,"7,076,200",100,%,"-91,741",100,%
Probation/b,,"4,055,514",57.3,%,"-69,519",75.8,%
Parole/b,,"840,676",11.9,,"2,858",-3.1,
Prison/c,,"1,518,104",21.5,,"-6,374",6.9,
Local jail/d,,"748,728",10.6,,"-18,706",20.4,
,Offenders with multiple correctional statuses/e,"86,823",:,,:,:,
Note: Details may not sum to total due to rounding.,,,,,,,
:Not calculated.,,,,,,,
a/Estimates rounded to the nearest 100.  Total population equals the sum of each correctional population and excludes the number of offenders with multiple correctional statuses. Change equals the sum of the changes for each correctional population. See Methodology. ,,,,,,,
"b/Population as of December 31. Change equals the difference between the January 1 (4,125,033 for probation; 837,818 for parole) and December 31, 2010 populations. ",,,,,,,
c/Custody prison population as of December 31. See text box on page 2 for a discussion about the difference between the custody and jurisdiction prison populations. Change equals the difference between the December 31 custody prison populations for 2009 and 2010. ,,,,,,,
d/Population as of June 30. Change equals the difference between the June 30 populations for 2009 and 2010.,,,,,,,
"e/Some probationers and parolees on December 31 were held in a prison or jail but still remained under the authority of a probation or parole agency, including 21,256 probationers in jail; 21,485 probationers in prison; 21,403 parolees in jail; 14,420 parolees in prison; and 8,259 parolees who were also on probation. See Methodology.",,,,,,,
