Bureau of Justice Statistics,,,,,,,,
filename:  bcft12stat05.csv,,,,,,,,
"Appendix table 5. Appeals, by type of checking agency, 2012",,,,,,,,
"title: Background Checks for Firearm Transfers, 2012 - Statistical Tables NCJ 247815",,,,,,,,
data source:  Firearm Inquiry Statistics Program,,,,,,,,
"authors: Jennifer C. Karberg (REJIS), Ronald J. Frandsen (REJIS), Joseph M. Durso (REJIS), and Allina D. Lee (BJS)",,,,,,,,
refer questions to: askbjs@usdoj.gov (202)307-0765,,,,,,,,
"date of version:  December 9, 2014",,,,,,,,
  ,,,,,,,,
"Appendix table 5. Appeals, by type of checking agency, 2012",,,,,,,,
,,Appeals,,,,Reversed,,
Type of checking agency,,Number,Percent of denials/a,,,Number,Percent of appeals,
,Total,"48,155",25.1,%,,"14,974",31.1,%
FBI,,"26,357",29.8,%,,"4,020",15.3,%
State,,"21,326",24.5,%,,"10,829",50.8,%
,Colorado,"3,814",51.8,,,"2,183",57.2,
,Florida,"3,577",32,,,"1,840",51.4,
,Pennsylvania/b,"3,326",42.4,,,"1,216",36.6,
,Tennessee,"9,937",55.1,,,"5,356",53.9,
,Other states/c,672,4,,,234,60.6,
"Local/d,e",,472,12.8,%,,125,26.5,%
"Note: Totals were based on agencies that reported data on appeals and reversals. For more information on reporting agencies and sample design, see Methodology.",,,,,,,,
"a/See tables 2, 3, and 4 for the number of denials.",,,,,,,,
b/Counts include appeals of firearm sales denials and license denials.,,,,,,,,
"c/Includes Connecticut, Kansas, Maryland, Nebraska, North Dakota, Utah, Virginia, and Wisconsin. ",,,,,,,,
"d/Includes Georgia, Idaho, Iowa, Minnesota, Montana, Nebraska, Nevada, North Carolina, and Washington. ",,,,,,,,
e/Percent of denials appealed reflects all local agencies that received at least one appeal.,,,,,,,,
"Sources: Bureau of Justice Statistics, Firearm Inquiry Statistics (FIST) program, 2012; and FBI, Section and Voluntary Appeal File, 2012.",,,,,,,,
