Bureau of Justice Statistics,,,,,
filename:  bcft12stt03.csv,,,,,
"Table 3. Firearm applications received and denied by state agencies, by type of check, 2012",,,,,
"title: Background Checks for Firearm Transfers, 2012 - Statistical Tables NCJ 247815",,,,,
data source:  Firearm Inquiry Statistics Program,,,,,
"authors: Jennifer C. Karberg (REJIS), Ronald J. Frandsen (REJIS), Joseph M. Durso (REJIS), and Allina D. Lee (BJS)",,,,,
refer questions to: askbjs@usdoj.gov (202)307-0765,,,,,
"date of version:  December 9, 2014",,,,,
,,,,,
"Table 3. Firearm applications received and denied by state agencies, by type of check, 2012",,,,,
,,,,Percent ,
Type of check and jurisdication,,Applications,Denials,denied,
Instant check,,"3,998,833","58,244",1.5,%
,Colorado,"343,302","7,362",2.1,
,Connecticut,"127,199",213,0.2,
,Delaware/a,"9,489",336,3.5,
,Florida,"797,610","11,186",1.4,
,Illinois,"358,791","1,398",0.4,
,Nevada,"126,274","1,913",1.5,
,New Hampshire,"44,683",435,1,
,New Jersey,"88,575",355,0.4,
,Oregon,"259,513","2,525",1,
,Pennsylvania/b,"703,722","7,853",1.1,
,Tennessee,"462,146","18,023",3.9,
,Utah,"106,978","2,081",1.9,
,Virginia,"432,387","3,444",0.8,
,Wisconsin,"138,164","1,120",0.8,
Other approval,,"905,156","8,825",1,%
,California,"817,738","7,633",0.9,
,Maryland,"69,893","1,055",1.5,
,Rhode Island/c,"17,525",137,0.8,
Purchase permit,,"635,716","14,463",2.3,%
,Connecticut,"41,024","1,160",2.8,
,District of Columbia,552,1,0.2,
,Hawaii/c,"21,864",227,1,
,Illinois,"338,614","6,452",1.9,
,Massachusetts/c,"34,501","2,178",6.3,
,Michigan/c,"132,520","2,837",2.1,
,New Jersey/c,"66,641","1,608",2.4,
Exempt carry,,"593,278","5,399",0.9,%
,Arizona,"56,496",227,0.4,
,Arkansas,"30,462",474,1.6,
,Kansas,"15,707",53,0.3,
,Kentucky,"29,788",577,1.9,
,Michigan/c,"82,347","1,301",1.6,
,"Minnesota/c, d","33,816",285,0.8,
,Mississippi,"14,404",2,--,
,Nebraska,"8,454",39,0.5,
,North Dakota,"12,436",191,1.5,
,South Carolina,"64,437","1,105",1.7,
,Texas,"159,931",481,0.3,
,Utah,"81,122",628,0.8,
,Wyoming,"3,878",36,0.9,
"Note: Applications include transfers and permits. Types of firearms included in a state�s checks or permits are described in State notes. For more information on reporting agencies and sample design, see Methodology. ",,,,,
--Less than 0.05%.,,,,,
a/Counts are for January to June 2012.,,,,,
b/Number of denials was estimated.,,,,,
c/Totals for local agencies were compiled by a state agency. ,,,,,
d/Permits are only exempt under state law. Other carry permits listed have a federal exemption.,,,,,
"Source: Bureau of Justice Statistics, Firearm Inquiry Statistics (FIST) program, 2012.",,,,,
