Bureau of Justice Statistics,,,,,,,,,,,
filename:  bcft12stat07.csv,,,,,,,,,,,
"Appendix table 7. Number of National Instant Criminal Background Check System (NICS) Index prohibited person records, 2012",,,,,,,,,,,
"title: Background Checks for Firearm Transfers, 2012 - Statistical Tables NCJ 247815",,,,,,,,,,,
data source:  Firearm Inquiry Statistics Program,,,,,,,,,,,
"authors: Jennifer C. Karberg (REJIS), Ronald J. Frandsen (REJIS), Joseph M. Durso (REJIS), and Allina D. Lee (BJS)",,,,,,,,,,,
refer questions to: askbjs@usdoj.gov (202)307-0765,,,,,,,,,,,
"date of version:  December 9, 2014",,,,,,,,,,,
,,,,,,,,,,,
"Appendix table 7. Number of National Instant Criminal Background Check System (NICS) Index prohibited person records, 2012",,,,,,,,,,,
,," January 1, 2012",,,," December 31, 2012",,,,,
,,Submissions,,,,Submissions,,,,,
Type of record,,Index totals,State*,Federal,,Index totals,State*,Federal,,Index percent change,
,Total,"7,310,638","2,289,386","5,021,252",,"8,323,931","2,797,448","5,526,483",,13.9,%
Felony,,"612,936","603,888","9,048",,"727,255","647,315","79,940",,18.7,
Under indictment/information,,721,111,610,,865,360,505,,20,
Fugitive from justice,,"368,567","362,860","5,707",,"378,463","374,629","3,834",,2.7,
Controlled substance,,"14,930","2,440","12,490",,"18,174","6,988","11,186",,21.7,
Mental commited/adjudicated,,"1,364,613","1,218,156","146,457",,"1,821,217","1,659,404","161,813",,33.5,
Illegal or unlawful alien,,"4,802,154",54,"4,802,100",,"5,216,732",57,"5,216,675",,8.6,
Dishonorable discharge,,"10,010",22,"9,988",,"10,163",28,"10,135",,1.5,
Renounced U.S. citizenship,,"16,004",3,"16,001",,"20,654",5,"20,649",,29.1,
Protection/restraining order,,"2,267","2,145",122,,"4,101","3,903",198,,80.9,
Misdemeanor domestic violence,,"83,340","64,612","18,728",,"90,199","69,893","20,306",,8.2,
Denied persons,,"35,096","35,095",1,,"34,746","34,745",1,,-1,
State prohibitor,,0,0,0,,"1,362",121,"1,241",,,
"Note: The NICS Index is used exclusively for NICS checks and contains records of persons who are prohibited by federal or state law from receiving or possessing a firearm. The state prohibitor file is new for 2012. For more information on reporting agencies and sample design, see Methodology.",,,,,,,,,,,
*Totals include U.S. territories.,,,,,,,,,,,
"Source: Bureau of Justice Statistics, based on data from FBI, National Instant Criminal Background Check System (NICS) Index, 2012.",,,,,,,,,,,
