"Table 5. Reasons for denial of firearm transfer and permit applications, by checking agencies, 2012",,,,,,,
Reason for denial,,FBI/a,,State,,Local,
,Total,100,%,100,%,100,%
Felony indictment or charge,,5.7,%,1.2,%,3.7,%
Felony conviction,,42.5,,28.6,,14.1,
Felony arrest with no disposition,,~,,6,,2.4,
Fugitive from justice,,18.7,,11.6,,2.6,
Domestic violence misdemeanor,,6.3,,5.9,,11,
Domestic violence restraining order,,3.7,,7.7,,3.5,
Drug user/addict,,9.9,,3.2,,5.6,
Mental health commitment/adjudication,,2.6,,3.4,,5.4,
Illegal or unlawful alien,,1.2,,0.4,,0.4,
State law prohibition,,9,,20.8,,20,
Other prohibitions/b,,0.3,,11.2,,31.2,
"Note: Applications include transfers and permits. Reasons for denial were based on 18 U.S.C. � 922 and state laws. Totals were based on federal and state agencies that reported counts on reasons for denial. Reasons for denial for local agencies were estimated. For more information on reporting agencies and sample design, see Methodology. See appendix table 4 for counts.",,,,,,,
"~Not applicable. This is a not a federal disqualifier, but a state disqualifer that is used in certain states.",,,,,,,
"a/During 2008, the FBI began a new classification system and reclassified all denials from 1999 to 2008. Therefore, totals are not comparable with those in prior editions of this bulletin. ",,,,,,,
"b/Includes juveniles, persons dishonorably discharged from the Armed Services, persons who have renounced U.S. citizenship, and other unspecified persons.",,,,,,,
"Sources: Bureau of Justice Statistics, Firearm Inquiry Statistics (FIST) program, 2012; and FBI, NICS Section Federal Denials, 2011�2012.",,,,,,,
