Bureau of Justice Statistics,,,,
Filename: iwv19t12.4.csv,,,,
"Table 12.4 Number of nonfatal occupational injuries and illnesses with days away from work resulting from workplace violence, by event or exposure and sex of victim, 2019",,,,
"Report title: Indicators of Workplace Violence, 2019   NCJ 250748",,,,
"Data source: Bureau of Labor Statistics, Survey of Occupational Injuries and Illnesses - Case and Demographics, 2019",,,,
"Authors: Erika Harrell, Ph.D., BJS Statistician, and Lynn Langton, Ph.D., former BJS Statistician; Jeremy Petosa, Bureau of Labor Statistics; Stephen M. Pegula and Mark Zak, formerly of Bureau of Labor Statistics; Susan Derk, Dan Hartley, and Audrey Reichard, National Institute for Occupational Safety and Health",,,,
Refer questions to: askbjs@usdoj.gov 202-307-0765,,,,
Date of version: 7/21/2022,,,,
,,,,
"Table 12.4 Number of nonfatal occupational injuries and illnesses with days away from work resulting from workplace violence, by event or exposure and sex of victim, 2019",,,,
Event or Exposure,,Total,Male,Female
,Total,"41,560","15,050","26,380"
Intentional shooting by other person,,340,280,60
Stabbing/cutting/slashing/piercing,,420,320,100
Hitting/kicking/beating/shoving,,"37,210","13,150","24,030"
Strangulation by other person,,200,70,130
Rape/sexual assault,,20,/,20
Threat/verbal assault,,860,70,790
Multiple violent acts by other person,,110,60,40
"Intentional injury by other person, not elsewhere classified",,"2,200","1,000","1,150"
"Intentional injury by other person, unspecified",,190,80,50
"Note: The category for workplace violence maps to the Occupational Injury and Illness Classification System (OIICS) 2.01, Event or Exposure category of 111 Intentional injury by other person. Details may not sum to totals due to rounding or data exclusion of nonclassifiable responses. All ownerships include private sector and state and local government. See appendix table 33 for standard errors.",,,,
"/Not reported, or data do not meet publication criteria.",,,,
"Source: Bureau of Labor Statistics, Survey of Occupational Injuries and Illnesses - Case and Demographics, 2019.",,,,
