Bureau of Justice Statistics,,,,
Filename: iwv19t12.3.csv,,,,
"Table 12.3 Number of nonfatal occupational injuries and illnesses with days away from work resulting from workplace violence, by victim-offender relationship and sex of victim, 2019",,,,
"Report title: Indicators of Workplace Violence, 2019   NCJ 250748",,,,
"Data source: Bureau of Labor Statistics, Survey of Occupational Injuries and Illnesses - Case and Demographics, 2019",,,,
"Authors: Erika Harrell, Ph.D., BJS Statistician, and Lynn Langton, Ph.D., former BJS Statistician; Jeremy Petosa, Bureau of Labor Statistics; Stephen M. Pegula and Mark Zak, formerly of Bureau of Labor Statistics; Susan Derk, Dan Hartley, and Audrey Reichard, National Institute for Occupational Safety and Health",,,,
Refer questions to: askbjs@usdoj.gov 202-307-0765,,,,
Date of version: 7/21/2022,,,,
,,,,
"Table 12.3 Number of nonfatal occupational injuries and illnesses with days away from work resulting from workplace violence, by victim-offender relationship and sex of victim, 2019",,,,
Victim-offender relationship/a,,Total,Male,Female
,Total,"41,560","15,050","26,380"
"Person, other than injured/ill worker, unspecified",,680,510,110
Coworker/work associate ,,"1,230",860,330
,Coworker/b,930,630,300
,Former coworker,190,150,/
,Work associate/c,30,20,20
,"Coworker/work associate, NEC/d",40,30,/
Student,,"9,460","1,210","8,260"
Patient,,"18,090","5,400","12,670"
Other client/customer,,"4,330","1,830","2,490"
Assailant/suspect/inmate,,"7,050","4,600","2,440"
,Robber,810,190,620
,Inmate/detainee in custody,"3,600","2,650",940
,Suspect not yet apprehended,"1,110",820,290
,"Assailant/suspect, NEC",670,260,410
"Person, other than injured/ill worker, NEC",,460,400,60
"Note: The category workplace violence maps to the Occupational Injury and Illness Classification System (OIICS) 2.01, Event or Exposure category of 111 Intentional injury by other person. Source of injury also maps to OIICS 2.01. Details may not sum to totals due to rounding or data exclusion of nonclassifiable responses. All ownerships include private sector and state and local government. See appendix table 32 for standard errors. NEC denotes not elsewhere classified.",,,,
"/Not reported, or data do not meet publication criteria.",,,,
"a/Relative or domestic partner, and acquaintance, did not have any data that met publication criteria.",,,,
b/Persons who know or directly work with the injured or ill worker or have done so in the past.,,,,
"c/Individuals who may work (or have previously worked), e.g., for the same establishment, in the same building, or as a contractor for the same organization.",,,,
d/Includes business competitors.,,,,
"Source: Bureau of Labor Statistics, Survey of Occupational Injuries and Illnesses - Case and Demographics, 2019.",,,,
