Bureau of Justice Statistics,,
Filename: ppi16f02.csv,,
"Figure 2. Percent of state prisoners, by type of special condition of sentence, 2016",,
"Report title: Profile of Prison Inmates, 2016: Survey of Prison Inmates   NCJ 255037",,
"Data source: Bureau of Justice Statistics, Survey of Prison Inmates, 2016",,
"Authors: Lauren G. Beatty and Tracy L. Snell, BJS Statisticians",,
Refer questions to: askbjs@usdoj.gov 202-307-0765,,
Date of version: 12/16/2021,,
,,
"Figure 2. Percent of state prisoners, by type of special condition of sentence, 2016",,
Type of special condition,Percent,
Any,77.1,%
Court costs,60.3,
Fines,37.4,
Victim restitution,33.2,
Drug/alcohol treatment,15.6,
Drug testing,12,
Psychiatric/psychological counseling,7.8,
Sex offender treatment,7.8,
Note: Details do not sum to totals because prisoners could report more than one sentencing condition. Excludes missing data. All variables in the table have less than 4% missing responses. See appendix table 11 for percentages and standard errors.,,
"Source: Bureau of Justice Statistics, Survey of Prison Inmates, 2016.",,
