Bureau of Justice Statistics,,,,,,,,
Filename: ppi16at14.csv,,,,,,,,
"Appendix table 14. Standard errors for table 12: Percent of all prisoners in the United States, federal prisoners, and state prisoners, by housing characteristics prior to arrest, 2016",,,,,,,,
"Report title: Profile of Prison Inmates, 2016: Survey of Prison Inmates   NCJ 255037",,,,,,,,
"Data source: Bureau of Justice Statistics, Survey of Prison Inmates, 2016",,,,,,,,
"Authors: Lauren G. Beatty and Tracy L. Snell, BJS Statisticians",,,,,,,,
Refer questions to: askbjs@usdoj.gov 202-307-0765,,,,,,,,
Date of version: 12/16/2021,,,,,,,,
,,,,,,,,
"Appendix table 14. Standard errors for table 12: Percent of all prisoners in the United States, federal prisoners, and state prisoners, by housing characteristics prior to arrest, 2016",,,,,,,,
Housing characteristic prior to arrest,,,All prisoners,,Federal prisoners,,State prisoners,
Type of housing in 30 days prior to arrest,,,,,,,,
,House/apartment,,0.29,%,0.38,%,0.32,%
,Rooming house/hotel/motel,,0.25,,0.63,,0.27,
,Homeless,,0.27,,0.39,,0.31,
,Correctional facility,,0.33,,0.37,,0.37,
,Institution/group living,,0.14,,0.21,,0.16,
,Other,,0.1,,0.18,,0.12,
Homelessness in year before arrest,,,,,,,,
,No,,0.41,%,0.54,%,0.45,%
,Yes,,0.41,,0.54,,0.45,
Relationship to persons living in household at time of prisoner's arrest,,,,,,,,
,Spouse/partner,,0.51,%,1.19,%,0.54,%
,Children of prisoner,,0.44,,1.03,,0.46,
,,Age 17 or younger,0.43,,1.13,,0.45,
,,Age 18 or older,0.17,,0.59,,0.18,
,Other relatives,,0.56,,1.08,,0.61,
,,Parents,0.46,,0.7,,0.51,
,,Siblings,0.41,,0.73,,0.45,
,,Grandparents,0.15,,0.27,,0.17,
,,Other relatives,0.3,,0.75,,0.33,
,Nonrelatives,,0.37,,0.72,,0.41,
,,Foster family,0.03,,0.07,,0.04,
,,Friends,0.33,,0.59,,0.36,
,,Other nonrelatives,0.24,,0.46,,0.27,
,Living alone,,0.31,,0.73,,0.34,
"Source: Bureau of Justice Statistics, Survey of Prison Inmates, 2016.",,,,,,,,
