Bureau of Justice Statistics,,,,
Filename: ppi16at12.csv,,,,
"Appendix table 12. Percentages and standard errors for figure 3: Percent of federal prisoners, by type of special condition of sentence, 2016",,,,
"Report title: Profile of Prison Inmates, 2016: Survey of Prison Inmates   NCJ 255037",,,,
"Data source: Bureau of Justice Statistics, Survey of Prison Inmates, 2016",,,,
"Authors: Lauren G. Beatty and Tracy L. Snell, BJS Statisticians",,,,
Refer questions to: askbjs@usdoj.gov 202-307-0765,,,,
Date of version: 12/16/2021,,,,
,,,,
"Appendix table 12. Percentages and standard errors for figure 3: Percent of federal prisoners, by type of special condition of sentence, 2016",,,,
Type of special condition,Percent,,Standard error,
Any,94.2,%,0.82,%
Court costs,83.8,,1.4,
Fines,36.7,,1.54,
Victim restitution,20.5,,1.26,
Drug/alcohol treatment,31.5,,1.94,
Drug testing,25.4,,1.48,
Psychiatric/psychological counseling,7.3,,0.73,
Sex offender treatment,3.8,,1.23,
"Source: Bureau of Justice Statistics, Survey of Prison Inmates, 2016.",,,,
