Bureau of Justice Statistics,,
Filename: jim14f03.csv,,
Figure 3: Percent change in the midyear custody population and rated capacity between 2008 and 2014,,
Report title: Jail Inmates at Midyear 2014 NCJ 248629,,
Data source: Annual Survey of Jails,,
"Author: Todd D. Minton and Zhen Zeng, Ph.D.",,
Refer questions to: askbjs@usdoj.gov   202-307-0765,,
"Date of version: June 11, 2015",,
,,
Figure 3. Percent change in the midyear custody population and rated capacity between 2008 and 2014,,
,Rated capacity/a,Number of inmates/b
Total,7.5,-5.2
Fewer than 50 inmates,4.9,-1.2
50 to 99,14.5,3.5
100 to 249,17.8,0.7
250 to 499,8.7,-3.6
500 to 999,12.3,-2.9
"1,000 or more",2.2,-9.1
"Note: Jail jurisdiction size is standardized to the average daily population (ADP) for the 12-month period ending June 30, 2006, the first year in the current Annual Survey of Jails sample. ADP is the sum of all inmates in jail each day for a year, divided by the number of days in the year.",,
"a/Maximum number of beds or inmates assigned by a rating official to a facility, excluding separate temporary holding areas.",,
b/Number of inmates held on the last weekday in June.,,
"Source: Bureau of Justice Statistics, Annual Survey of Jails, 2008 and 2014.",,
