"Bureau of Justice Statistics",,,,,,,,,,,,
"Filename:  fccp005.csv",,,,,,,,,,,,
"Table 5.  Disposition of defendants in cases terminating in U.S. district court, by offense, October 1, 1999 - September 30, 2000",,,,,,,,,,,,
"Report title:  Federal Criminal Case Processing, 2000   NCJ  189737",,,,,,,,,,,,
"Data source:  Federal justice statistics database maintained by The Urban Institute",,,,,,,,,,,,
"Author:  Urban Institute under the supervision of John Scalia",,,,,,,,,,,,
"Refer  questions to:  askbjs@ojp.usdoj.gov  202-307-0765",,,,,,,,,,,,
"Date of version:  September 17, 2001",,,,,,,,,,,,
,,,,,,,,,,,,
,,,,,,,,,,,,
"Table 5.  Disposition of defendants in cases terminating in U.S. district court, by offense, October 1, 1999 - September 30, 2000",,,,,,,,,,,,
,,,,,,,,,,,,
,,,,"    Defendants in cases terminated in U.S. district courts",,,,,,,,
,,,,"Number",,,,,,,,
,,,,"of total","Percent","             Number convicted",,,,"            Number not convicted",,
"Most serious offense charged\a",,,,"defendants","convicted","Total","Plea\b","Trial\c",,"Total","Dismissed\d","Acquitted\c"
,,," All offenses\e",76952,88.6,68156,64939,3217,,8796,7669,1127
"Felonies",,,,65656,91.5,60059,57404,2655,,5597,5008,589
,"Violent offenses\f",,,2964,90.3,2676,2480,196,,288,238,50
,"Property offenses",,,14080,91.0,12814,12248,566,,1266,1152,114
,,"Fraudulent\f",,11590,91.0,10550,10102,448,,1040,943,97
,,"Other\f",,2490,90.9,2264,2146,118,,226,209,17
,"Drug offenses",,,27274,91.2,24886,23744,1142,,2388,2152,236
,,"Trafficking",,25579,91.3,23348,22301,1047,,2231,2024,207
,,"Possession and other",,1695,90.7,1538,1443,95,,157,128,29
,"Public-order offenses",,,21338,92.2,19683,18932,751,,1655,1466,189
,,"Regulatory",,1229,86.6,1064,1014,50,,165,141,24
,,"Other",,20109,92.6,18619,17918,701,,1490,1325,165
,,,"Weapons",5049,88.4,4461,4089,372,,588,493,95
,,,"Immigration offenses",11599,95.9,11127,11024,103,,472,449,23
,,,"Tax law violations\f",626,95.8,600,550,50,,26,25,1
,,,"Other",2835,85.7,2431,2255,176,,404,358,46
"Misdemeanors\f",,,,11214,71.6,8025,7470,555,,3189,2651,538
"Unknown or indeterminable offense",,,,82,87.8,72,65,7,,10,10,0
,,,,,,,,,,,,
"a/Based on the offense carrying the most severe statutory maximum penalty.",,,,,,,,,,,,
"b/Includes nolo contendere.",,,,,,,,,,,,
"c/Includes bench and jury trials.",,,,,,,,,,,,
"d/Includes defendants in cases dismissed for lack of evidence or lack of",,,,,,,,,,,,
"Federal interest.",,,,,,,,,,,,
"e/Includes defendants for whom an offense category could not be determined.",,,,,,,,,,,,
"See Methodology for a listing of detailed offense categories within each",,,,,,,,,,,,
"major offense category.",,,,,,,,,,,,
"f/In this table, ""Violent offenses"" may include nonnegligent manslaughter;",,,,,,,,,,,,
"''Fraudulent property"" excludes tax fraud; ""Other nonfraudulent property""",,,,,,,,,,,,
"excludes fraudulent property and includes destruction of property and",,,,,,,,,,,,
"trespassing; ""Tax law violation"" includes tax fraud; and ""Misdemeanors""",,,,,,,,,,,,
"include misdemeanors, petty offenses, and unknown offense levels.",,,,,,,,,,,,
