"Bureau of Justice Statistics",,,,,
"Filename:  fccp002.csv",,,,,
"Table 2.  Suspects in criminal matters investigated by U.S. attorneys, by offense, October 1, 1999 - September 30, 2000",,,,,
"Report title:  Federal Criminal Case Processing, 2000   NCJ  189737",,,,,
"Data source:  Federal justice statistics database maintained by The Urban Institute",,,,,
"Author:  Urban Institute under the supervision of John Scalia",,,,,
"Refer  questions to:  askbjs@ojp.usdoj.gov  202-307-0765",,,,,
"Date of version:  September 17, 2001",,,,,
,,,,,
,,,,,
"Table 2.  Suspects in criminal matters investigated by U.S. attorneys, by offense, October 1, 1999 - September 30, 2000",,,,,
,,,,,
,,,,"Suspects in criminal matters",
,,,,"received by U.S. attorneys",
"Most serious offense investigated\a",,,,"Number","Percent\b"
,,," All offenses\c",123559,100
"Violent offenses\d",,,,6036,4.9
"Property offenses",,,,28423,23.2
,"Fraudulent\d",,,24679,20.1
,"Other\d",,,3744,3.1
"Drug offenses",,,,38959,31.8
"Public-order offenses",,,,49264,40.2
,"Regulatory",,,5737,4.7
,"Other",,,43527,35.5
,,"Weapons",,8589,7.0
,,"Immigration offenses",,16495,13.4
,,"Tax law violations\d",,775,0.6
,,"Other",,17668,14.4
"Unknown or indeterminable offense",,,,877,
,,,,,
"a/Based on the decision of the assistant U.S. attorney",,,,,
"reponsible for the matter.",,,,,
"b/Percent based on number whose offense category",,,,,
"could be determined.",,,,,
"c/Includes suspects whose offense category could",,,,,
"not be determined.  See Methodology for a listing of",,,,,
"detailed offense categories within each major offense",,,,,
"category.",,,,,
"d/In this table, ""Violent offenses"" may include nonegligent",,,,,
"manslaughter; ""Fraudulent property"" excludes tax fraud; ",,,,,
"Other nonfraudulent property and includes destruction",,,,,
"of property and trespassing; and ""Tax law violation""",,,,,
"includes tax fraud.",,,,,
