"Bureau of Justice Statistics",,,,,,,,,,,
"Filename:  fccp003.csv",,,,,,,,,,,
"Table 3.  Disposition of suspects in matters concluded by U.S. attorneys, by offense, October 1, 1999 - September 30, 2000",,,,,,,,,,,
"Report title:  Federal Criminal Case Processing, 2000   NCJ  189737",,,,,,,,,,,
"Data source:  Federal justice statistics database maintained by The Urban Institute",,,,,,,,,,,
"Author:  Urban Institute under the supervision of John Scalia",,,,,,,,,,,
"Refer  questions to:  askbjs@ojp.usdoj.gov  202-307-0765",,,,,,,,,,,
"Date of version:  September 17, 2001",,,,,,,,,,,
,,,,,,,,,,,
,,,,,,,,,,,
"Table 3.  Disposition of suspects in matters concluded by U.S. attorneys, by offense, October 1, 1999 - September 30, 2000",,,,,,,,,,,
,,,,,,,,,,,
,,,"Suspects in criminal matters concluded",,,,,,,,
,,,"Total","Prosecuted before U.S.",,,"Concluded by",,,,
,,,"number","district court judge\b",,,"U.S. magistrate\c",,,"Declined prosecution\d",
"Most serious offense investigated\a",,,"of suspects","Number","Percent",,"Number","Percent",,"Number","Percent"
,," All offenses\e",117450,73090,62.2,,13916,11.8,,30444,25.9
"Violent offenses",,,5641,3403,60.3,,329,5.8,,1909,33.8
"Property offenses",,,27713,14675,53.0,,1978,7.1,,11060,39.9
,"Fraudulent\f",,24186,12988,53.7,,1368,5.7,,9830,40.6
,"Other\f",,3527,1687,47.8,,610,17.3,,1230,34.9
"Drug offenses",,,37009,28917,78.1,,1966,5.3,,6126,16.6
"Public-order offenses",,,46238,25841,55.9,,9275,20.1,,11122,24.1
,"Regulatory",,5840,1862,31.9,,637,10.9,,3341,57.2
,"Other",,40398,23979,59.4,,8638,21.4,,7781,19.3
,,"Weapons",7753,5026,64.8,,161,2.1,,2566,33.1
,,"Immigration offenses",16110,13414,83.3,,2199,13.6,,497,3.1
,,"Tax law violations\f",941,627,66.6,,12,1.3,,302,32.1
,,"Other",15594,4912,31.5,,6266,40.2,,4416,28.3
"Unknown or indeterminable offense",,,849,254,29.9,,368,43.3,,227,26.7
,,,,,,,,,,,
"a/Based on the decision of the assistant U.S. attorney responsible",,,,,,,,,,,
"for the matter.",,,,,,,,,,,
"b/Includes suspects whose cases were filled in U.S. district court",,,,,,,,,,,
"before a district court judge.",,,,,,,,,,,
"c/Includes defendants in misdemeanor cases that were terminated",,,,,,,,,,,
"in U.S. district court before a U.S. magistrate.",,,,,,,,,,,
"d/Includes suspects whose matters were declined for prosecution",,,,,,,,,,,
"by U.S. attorneys upon review.",,,,,,,,,,,
"e/Includes suspects whose offense category could not be determined.",,,,,,,,,,,
"See Methodology for a listing of detailed offense categories within",,,,,,,,,,,
"each major offense category.",,,,,,,,,,,
"f/In this table, ""Violent offenses"" may include nonnegligent manslaughter;",,,,,,,,,,,
"""Fraudulent property"" excludes tax fraud; ""Other nonfraudulent property""",,,,,,,,,,,
"excludes fraudulent property and includes destruction of property",,,,,,,,,,,
"and trespassing; and ""Tax law violation"" includes tax fraud.",,,,,,,,,,,
