"Bureau of Justice Statistics",,,,,,,,,,,,,
"Filename:  fccp008.csv",,,,,,,,,,,,,
"Table 8. Offenders under Federal supervision, by offense, October 1, 1999 - September 30, 2000",,,,,,,,,,,,,
"Report title:  Federal Criminal Case Processing, 2000   NCJ  189737",,,,,,,,,,,,,
"Data source:  Federal justice statistics database maintained by The Urban Institute",,,,,,,,,,,,,
"Author:  Urban Institute under the supervision of John Scalia",,,,,,,,,,,,,
"Refer  questions to:  askbjs@ojp.usdoj.gov  202-307-0765",,,,,,,,,,,,,
"Date of version:  September 17, 2001",,,,,,,,,,,,,
,,,,,,,,,,,,,
,,,,,,,,,,,,,
"Table 8. Offenders under Federal supervision, by offense, October 1, 1999 - September 30, 2000",,,,,,,,,,,,,
,,,,,,,,,,,,,
,,,,"                              Offenders under active supervision\a",,,,,,,,,
,,,,,,,,,"          Post-incarceration supervision",,,,
,,,,"Total",,"           Probation",,"","           Parole",,"","Supervised release",
"Most serious offense of conviction\b",,,,"Number",,"Number","Percent",,"Number","Percent",,"Number","Percent"
,,," All offenses\c",99500,,31019,100.0,,4544,100.0,,63937,100.0
"Felonies\d",,,,89048,,21117,68.4,,4536,99.9,,63395,99.2
,"Violent offenses\e",,,5807,,643,2.1,,1338,29.5,,3826,6.0
,"Property offenses",,,28771,,11796,38.2,,461,10.1,,16514,25.9
,,"Fraudulent\e",,23904,,9505,30.8,,262,5.8,,14137,22.1
,,"Other\e",,4867,,2291,7.4,,199,4.4,,2377,3.7
,"Drug offenses",,,39700,,3422,11.1,,2222,48.9,,34056,53.3
,,"Trafficking",,35437,,3052,9.9,,2010,44.3,,30375,47.6
,,"Possession and other",,4263,,370,1.2,,212,4.7,,3681,5.8
,"Public-order offenses",,,14558,,5107,16.5,,513,11.3,,8938,14.0
,,"Regulatory",,2417,,1395,4.5,,32,0.7,,990,1.5
,,"Other",,12141,,3712,12.0,,481,10.6,,7948,12.4
,,,"Weapons",4522,,694,2.2,,169,3.7,,3659,5.7
,,,"Immigration offenses",1537,,675,2.2,,5,0.1,,857,1.3
,,,"Tax law violations\e",1589,,937,3.0,,20,0.4,,632,1.0
,,,"Other",4493,,1406,4.6,,287,6.3,,2800,4.4
"Misdemeanors\e",,,,10452,,9902,32.1,,8,0.2,,542,0.8
,,,,,,,,,,,,,
"a/Includes offenders under active supervision at the close of the fiscal year.",,,,,,,,,,,,,
"This population includes offenders under the three major forms of supervi-",,,,,,,,,,,,,
"sion; probation, supervised release, and parole.  Included under parole are",,,,,,,,,,,,,
"two less common types of old law release:  mandatory release and special",,,,,,,,,,,,,
"parole.  Excluded from the number of offenders under active supervision",,,,,,,,,,,,,
"reported in the table are offenders released to military parole and offenders",,,,,,,,,,,,,
"under community supervision prior to sentencing (such as during pretrial re-",,,,,,,,,,,,,
"lease or pretrial investigation).",,,,,,,,,,,,,
"b/Based on the offense with the longest sentence imposed.",,,,,,,,,,,,,
"c/Includes offenders for whom offense category could not be determined.",,,,,,,,,,,,,
"See Methodology for a listing of detailed offense categories within each",,,,,,,,,,,,,
"major offense category.",,,,,,,,,,,,,
"d/Includes 212 total offenders, 149 offenders under probation, 2 under parloe,",,,,,,,,,,,,,
"and 61 under supervised release whose felony offense category could not be",,,,,,,,,,,,,
"determined.",,,,,,,,,,,,,
"e/In this table, ""Violent offenses"" may include nonnegligent manslaugher;",,,,,,,,,,,,,
"''Fraudulent property"" excludes tax fraud; ""Other nonfraudulent property"" ",,,,,,,,,,,,,
"excludes fraudulent property and includes destruction of property and ",,,,,,,,,,,,,
"trespassing; ""Tax law violation"" includes tax fraud; and",,,,,,,,,,,,,
"''Misdemeanors"" include misdemeanors, petty offenses, and unknown",,,,,,,,,,,,,
"offense levels.",,,,,,,,,,,,,
