"Bureau of Justice Statistics",,,,,,,,,,,
"Filename:  fcp00a10.csv",,,,,,,,,,,
"Table A.10.  Offenders convicted and sentenced in U.S. district courts, by offense, 1994-2000",,,,,,,,,,,
"Report title:  Federal Criminal Case Processing, 2000   NCJ  189737",,,,,,,,,,,
"Data source:  Federal justice statistics database maintained by The Urban Institute",,,,,,,,,,,
"Author:  Urban Institute under the supervision of John Scalia",,,,,,,,,,,
"Refer  questions to:  askbjs@ojp.usdoj.gov  202-307-0765",,,,,,,,,,,
"Date of version:  September 17, 2001",,,,,,,,,,,
,,,,,,,,,,,
,,,,,,,,,,,
"Table A.10.  Offenders convicted and sentenced in U.S. district courts, by offense, 1994-2000",,,,,,,,,,,
,,,,,,,,,,,
"Most serious offense of conviction",,,,,1994,1995,1996,1997,1998,1999,2000
" All offenses\a",,,,,50701,47556,53076,56570,60958,66055,68156
"Felonies",,,,,39624,37713,42992,46878,50494,55864,59123
,"Violent offenses\b",,,,2704,2423,2660,2876,3078,2715,2557
,"Property offenses",,,,11113,10569,11125,12010,11862,12232,12454
,,"Fraudulent\b",,,8671,8484,9055,9919,9752,10203,10396
,,"Other\b",,,2442,2085,2070,2091,2110,2029,2058
,"Drug offenses",,,,16400,14778,17365,19115,20867,23476,24206
,,"Trafficking",,,16197,14322,16485,18057,19417,21698,22275
,,"Possession and other",,,203,456,880,1058,1450,1778,1931
,"Public-order offenses",,,,9407,9943,11842,12877,14687,17441,19906
,,"Regulatory",,,1309,1177,1169,1211,1187,1410,1376
,,"Other",,,8098,8766,10673,11666,13500,16031,18530
,,,"Weapons",,3232,3062,3033,2871,3160,3423,4196
,,,"Immigration offenses",,2152,3045,4929,6044,7569,9357,11125
,,,"Tax law violations\b",,712,659,655,715,752,653,655
,,,"Other",,2002,2000,2056,2036,2019,2598,2554
"Misdemeanors\b",,,,,11072,9818,10054,9636,10375,10118,8961
"Unknown or indeterminable offense",,,,,5,25,30,56,89,73,72
,,,,,,,,,,,
"Note:  Most serius offense is based on the disposition offense with the most",,,,,,,,,,,
"severe sentence.",,,,,,,,,,,
"a/Starting in 1999, nonviolent sex offenses were reclassified from ""Violent",,,,,,,,,,,
"offenses"" to ""Public-order offenses.""",,,,,,,,,,,
"b/Includes offenders whose offense category could not be determined or whose",,,,,,,,,,,
"sentence was unknown.  See Mehtodology for a listing of detailed offense",,,,,,,,,,,
"categories within each major offense category.",,,,,,,,,,,
"c/In this table, ""Violent offenses"" may include nonnegligent manslaughter; ""Fraudulent",,,,,,,,,,,
"property"" excludes tax fraud; ""Other nonfraudulent property"" excludes fraudulent ",,,,,,,,,,,
"property and includes destruction of property and trespassing; ""Tax law violation""",,,,,,,,,,,
"includes tax fraud; and ""Misdemeanors"" include misdemeanors, petty offenses,",,,,,,,,,,,
"and unknown offense levels.",,,,,,,,,,,
