"Bureau of Justice Statistics",,,,,,,,,,,
"Filename:  fcp00a07.csv",,,,,,,,,,,
"Table A.7.  Defendants in cases proceeded against in U.S. district courts, by offense, 1994-2000",,,,,,,,,,,
"Report title:  Federal Criminal Case Processing, 2000   NCJ  189737",,,,,,,,,,,
"Data source:  Federal justice statistics database maintained by The Urban Institute",,,,,,,,,,,
"Author:  Urban Institute under the supervision of John Scalia",,,,,,,,,,,
"Refer  questions to:  askbjs@ojp.usdoj.gov  202-307-0765",,,,,,,,,,,
"Date of version:  September 17, 2001",,,,,,,,,,,
,,,,,,,,,,,
,,,,,,,,,,,
"Table A.7.  Defendants in cases proceeded against in U.S. district courts, by offense, 1994-2000",,,,,,,,,,,
,,,,,,,,,,,
"Most serious offense charged",,,,,1994,1995,1996,1997,1998,1999,2000
" All offenses\a",,,,,62327,63547,65480,69351,78172,80031,83251
"Felonies",,,,,47341,50483,52656,57022,64769,67442,71072
,"Violent offenses\b",,,,3222,2838,3457,3603,3763,2976,3135
,"Property offenses",,,,13155,13837,14130,13890,14955,14779,15237
,,"Fraudulent\b",,,10301,10909,11525,11371,12401,12028,12659
,,"Other\b",,,2854,2928,2605,2519,2554,2751,2578
,"Drug offenses",,,,20275,20983,21677,24693,28021,29306,29455
,,,"Trafficking",,20052,20191,20522,23403,26318,27296,27734
,,,"Possession and other",,223,792,1155,1290,1703,2010,1721
,"Public-order offenses",,,,10689,12825,13392,14836,18030,20381,23245
,,"Regulatory",,,1256,1265,1123,1117,1359,1245,1264
,,"Other",,,9433,11560,12269,13719,16671,19136,21981
,,,"Weapons",,3557,4212,3651,3837,4287,4924,6073
,,,"Immigration offenses",,2453,3866,5390,6726,9254,10550,12036
,,,"Tax law violations\b",,787,760,707,788,673,661,573
,,,"Other",,2636,2722,2521,2368,2457,3001,3299
"Misdemeanors\b",,,,,14980,13036,12774,12267,13254,12474,12104
"Unknown or indeterminable offense",,,,,6,28,50,62,149,115,75
,,,,,,,,,,,
"Note:  Most serious offense charged is based on the offense carrying the",,,,,,,,,,,
"most severe statutory maximum penalty.",,,,,,,,,,,
"a/Starting in 1999, nonviolent sex offenses were reclassified from ""Violent",,,,,,,,,,,
"offenses"" to ""Public-order offenses.""",,,,,,,,,,,
"b/Includes defendants whose offense category could not be determined.",,,,,,,,,,,
"See Methodology for a listing of detailed offense categories within each",,,,,,,,,,,
"major offense category.",,,,,,,,,,,
"c/In this table, ""Violent offenses"" may include nonnegligent ",,,,,,,,,,,
"manslaughter; ""Fraudulent property"" excludes tax fraud; ""Oher nonfraudulent",,,,,,,,,,,
"property"" excludes fraudulent property and includes destruction of property",,,,,,,,,,,
"and trespassing; ""Tax law violation"" includes tax fraud; and ""Misdemeanors""",,,,,,,,,,,
"include misdomeanors, petty offenses, and unknown offense levels.",,,,,,,,,,,
