"Bureau of Justice Statistics",,,,,,,,,,
"Filename:  fcp00a02.csv",,,,,,,,,,
"Table A.2.  Suspects in criminal matters investigated by U.S. attorneys, by offense, 1994-2000",,,,,,,,,,
"Report title:  Federal Criminal Case Processing, 2000   NCJ  189737",,,,,,,,,,
"Data source:  Federal justice statistics database maintained by The Urban Institute",,,,,,,,,,
"Author:  Urban Institute under the supervision of John Scalia",,,,,,,,,,
"Refer  questions to:  askbjs@ojp.usdoj.gov  202-307-0765",,,,,,,,,,
"Date of version:  September 17, 2001",,,,,,,,,,
,,,,,,,,,,
,,,,,,,,,,
"Table A.2.  Suspects in criminal matters investigated by U.S. attorneys, by offense, 1994-2000",,,,,,,,,,
,,,,,,,,,,
"Most serious offense investigated",,,,1994,1995,1996,1997,1998,1999,2000
" All offenses\a",,,,99251,102220,97776,110034,115692,117994,123559
"Violent offenses\b",,,,5570,5720,6570,7354,7527,5768,6036
"Property offenses",,,,32579,31759,28962,29916,30125,28011,28423
,"Fraudulent\b",,,28491,27836,25245,25854,26328,24200,24679
,"Other\b",,,4088,3923,3717,4062,3797,3811,3744
"Drug offenses",,,,29311,31686,30227,34027,36355,37313,38959
"Public-order offenses",,,,30665,31668,30502,37093,40265,45337,49264
,"Regulatory",,,5059,5371,5154,5423,6541,6332,5737
,"Other",,,25606,26297,25348,31670,33724,39005,43527
,,"Weapons",,5996,5376,4462,4870,4907,6982,8589
,,"Immigration offenses",,5526,7256,7122,9366,14114,15539,16495
,,"Tax law violations\b",,1473,1348,1428,1403,1174,982,775
,,"Other",,12611,12317,12336,16031,13529,15502,17668
"Unknown or indeterminable offense",,,,1126,1387,1515,1644,1420,1565,877
,,,,,,,,,,
"Note:  Most serious offense investigated is based on the decision of the",,,,,,,,,,
"assistant U.S. attorney responsible for the matter.",,,,,,,,,,
"a/Starting in 1999, nonviolent sex offenses were reclassified from ""Violent",,,,,,,,,,
"offenses"" to ""Publid-order offenses.""",,,,,,,,,,
"b/Includes suspects whose offense category could not be detemined.  See",,,,,,,,,,
"Methodology for a listing of detailed offense categories within each major",,,,,,,,,,
"offense category.",,,,,,,,,,
"c/In this table, ""Violent offenses"" may include nonnegligent manslaughter;",,,,,,,,,,
"''Fraudulent property"" excludes tax fraud; ""Other nonfraudulent property""",,,,,,,,,,
"excludes fraudulent property and includes destruction of property and tes-",,,,,,,,,,
"passing; and ""Tax law violation"" includes tax fraud.",,,,,,,,,,
