Bureau of Justice Statistics,,,,,
Filename: uvsavsvc9309t01.csv,,,,,
"Table 1. Serious violent crime victims who received direct assistance from victim service agencies, by whether victimization was reported to the police, 2000-2009",,,,,
"Report title: Use of Victim Service Agencies by Victims of Serious Violent Crime, 1993-2009 NCJ 234212",,,,,
"Data source: National Crime Victimization Survey, 1993-2009",,,,,
Author: Lynn Langton,,,,,
Refer questions to: askbjs@usdoj.gov 202-307-0765,,,,,
Date of version: 08/04/11,,,,,
,,,,,
"Table 1. Serious violent crime victims who received direct assistance from victim service agencies, by whether victimization was reported to the police, 2000-2009",,,,,
,,Percent of serious violent crime victims who received direct assistance from victim service agencies when victimization was�,,,
Year,,Reported to the police,,Not report to the police,
,Total,14,%,4,%
2000,,11,%,4,%
2001,,15,,2,!
2002,,14,,3,!
2003,,13,,9,
2004,,16,,4,!
2005,,16,,5,
2006*,,15,,4,
2007,,14,,4,!
2008,,13,,5,!
2009,,12,,3,!
Note: Excludes victims who did not know if the crime was reported to the police or if they received assistance. See appendix table 6 for standard errors,,,,,
"*Due to methodological changes in the 2006 NCVS, use caution when comparing 2006 criminal victimization estimates to other years. See Criminal Victimization, 2006, http:/bjs.gov, for more information.",,,,,
! Interpret with caution; estimate based on 10 or fewer sample cases or coefficient of variation is greater than 50%.,,,,,
