Bureau of Justice Statistics,,,,,,
Filename: uvsavsvc9309f02.csv,,,,,,
"Figure 2. Serious violent crime victims who received assistance from victim service agencies, by type of agency, 1993-2009",,,,,,
"Report title: Use of Victim Service Agencies by Victims of Serious Violent Crime, 1993-2009 NCJ 234212",,,,,,
"Data source: National Crime Victimization Survey, 1993-2009",,,,,,
Author: Lynn Langton,,,,,,
Refer questions to: askbjs@usdoj.gov 202-307-0765,,,,,,
Date of version: 08/04/11,,,,,,
,,,,,,
"Figure 2. Serious violent crime victims who received assistance from victim service agencies, by type of agency, 1993-2009",,,,,,
,Percent of victims,,,,,
,All victim service agencies,,Government support agency,,Private support agency,
1993,7,%,3,%,3,%
1994,7,,4,,3,
1995,9,,5,,3,
1996,8,,4,,3,
1997,8,,5,,3,
1998,9,,5,,3,
1999,9,,5,,2,
2000,8,,4,,4,
2001,10,,5,,3,
2002,9,,5,,3,
2003,11,,6,,4,
2004,11,,7,,3,
2005,11,,6,,5,
2006,10,,6,,3,
2007,9,,5,,3,
2008,10,,6,,3,
2009,8,,5,,2,
"Note: See appendix table 5 for standard errors. Due to methodological changes in the 2006 NCVS, use caution when comparing 2006 criminal victimization estimates to other years. See Criminal Victimization, 2006, http:/bjs.gov, for more information.",,,,,,
