Bureau of Justice Statistics,,,,,
Filename: uvsavsvc9309a12.csv,,,,,
"Appendix table 12. Standard errors for percentage of serious violent crime victims who received assistance from victim service agencies, by victim-offender relationship, 2000-2009",,,,,
"Report title: Use of Victim Service Agencies by Victims of Serious Violent Crime, 1993-2009 NCJ 234212",,,,,
"Data source: National Crime Victimization Survey, 1993-2009",,,,,
Author: Lynn Langton,,,,,
Refer questions to: askbjs@usdoj.gov 202-307-0765,,,,,
Date of version: 08/04/11,,,,,
,,,,,
"Appendix table 12. Standard errors for percentage of serious violent crime victims who received assistance from victim service agencies, by victim-offender relationship, 2000-2009",,,,,
Year,,Intimate partners,,Non-intimates,
,Total,2.46,%,0.58,%
2000,,6.42,,1.01,
2001,,4.57,,1.23,
2002,,5.69,,1.28,
2003,,5.67,,1.36,
2004,,5.94,,1.49,
2005,,7.34,,1.58,
2006,,4.96,,1.33,
2007,,5.47,,1.38,
2008,,6.26,,1.60,
2009,,6.23,,1.39,
