Bureau of Justice Statistics,,,,,,,,,,,,,
Filename: uvsavsvc9309t02.csv,,,,,,,,,,,,,
"Table 2. Victims who received assistance from victim support agencies, by type of offense, 2000-2009",,,,,,,,,,,,,
"Report title: Use of Victim Service Agencies by Victims of Serious Violent Crime, 1993-2009 NCJ 234212",,,,,,,,,,,,,
"Data source: National Crime Victimization Survey, 1993-2009",,,,,,,,,,,,,
Author: Lynn Langton,,,,,,,,,,,,,
Refer questions to: askbjs@usdoj.gov 202-307-0765,,,,,,,,,,,,,
Date of version: 08/04/11,,,,,,,,,,,,,
,,,,,,,,,,,,,
"Table 2. Victims who received assistance from victim support agencies, by type of offense, 2000-2009",,,,,,,,,,,,,
,,Percent of victims who received assistance from victim agencies,,,,,,,,,,,
,,Serious violent crime victims,,,,,,,,Simple assault,,Property crime/a,
Year,,All,,Rape /sexual assault,,Robbery,,Aggravated assault,,,,,
,Total,10,%,21,%,8,%,9,%,7,%,2,%
2000,,8,%,25,%,7,%,5,%,9,%,2,%
2001,,10,,23,,7,,8,,7,,2,
2002,,10,,19,,10,,7,,6,,2,
2003,,11,,23,,10,,10,,8,,2,
2004,,11,,23,,9,,10,,6,,2,
2005,,11,,22,,5,!,13,,7,,2,
2006/b,,10,,16,,8,,9,,6,,2,
2007,,9,,24,,8,,6,,8,,2,
2008,,10,,18,,9,,8,,6,,2,
2009,,8,,13,!,7,!,8,,5,,1,
Note: See appendix table 8 for standard errors. ,,,,,,,,,,,,,
"a/Includes burglary, motor vehicle theft, and theft.",,,,,,,,,,,,,
"b/Due to methodological changes in the 2006 NCVS, use caution when comparing 2006 criminal victimization estimates to other years. See Criminal Victimization, 2006, http:/bjs.gov, for more information.",,,,,,,,,,,,,
! Interpret with caution; estimate based on 10 or fewer sample cases or coefficient of variation is greater than 50%.,,,,,,,,,,,,,
