Bureau of Justice Statistics,,,,,,,,,,,,,,
Filename: uvsavsvc9309a11.csv,,,,,,,,,,,,,,
"Appendix Table 11. Standard errors for victims who received assistance from victim support agencies, by type of offense, 2000-2009",,,,,,,,,,,,,,
"Report title: Use of Victim Service Agencies by Victims of Serious Violent Crime, 1993-2009 NCJ 234212",,,,,,,,,,,,,,
"Data source: National Crime Victimization Survey, 1993-2009",,,,,,,,,,,,,,
Author: Lynn Langton,,,,,,,,,,,,,,
Refer questions to: askbjs@usdoj.gov 202-307-0765,,,,,,,,,,,,,,
Date of version: 08/04/11,,,,,,,,,,,,,,
,,,,,,,,,,,,,,
"Appendix Table 11. Standard errors for victims who received assistance from victim support agencies, by type of offense, 2000-2009",,,,,,,,,,,,,,
,,Serious violent crime victims,,,,,,,,,,,,
Year,,All,,Rape /sexual assault,,Robbery,,Aggravated assault,,Simple assault,,Property crime,,
,Total,0.60,%,2.22,%,0.92,%,0.73,%,0.38,%,0.09,%,
2000,,0.93,,4.76,,1.74,,1.11,,0.88,,0.17,,
2001,,1.25,,4.60,,1.85,,1.45,,0.81,,0.18,,
2002,,1.33,,4.41,,2.37,,1.46,,0.77,,0.21,,
2003,,1.44,,5.43,,2.28,,1.73,,0.93,,0.19,,
2004,,1.53,,5.61,,2.49,,1.84,,0.83,,0.19,,
2005,,1.63,,6.32,,1.77,,2.28,,0.96,,0.22,,
2006,,1.37,,4.68,,2.13,,1.72,,0.89,,0.19,,
2007,,1.43,,5.21,,2.15,,1.55,,1.00,,0.19,,
2008,,1.64,,5.43,,2.62,,2.05,,0.88,,0.19,,
2009,,1.51,,5.69,,2.31,,1.93,,0.91,,0.18,,
,,,,,,,,,,,,,,
,,,,,,,,,,,,,,
,,,,,,,,,,,,,,
,,,,,,,,,,,,,,
,,,,,,,,,,,,,,
