Bureau of Justice Statistics,
Filename: uvsavsvc9309f04.csv,
"Figure 4. Serious violent crime victims who received direct assistance from victim service agencies, by type of injury, 2000-2009",
"Report title: Use of Victim Service Agencies by Victims of Serious Violent Crime, 1993-2009 NCJ 234212",
"Data source: National Crime Victimization Survey, 1993-2009",
Author: Lynn Langton,
Refer questions to: askbjs@usdoj.gov 202-307-0765,
Date of version: 08/04/11,
,
"Figure 4. Serious violent crime victims who received direct assistance from victim service agencies, by type of injury, 2000-2009",
Type of injury,Percent of victims 
No injury,6.7
Any injury,15.4
Minor injury,13.5
Serious injury,15.6
Rape without other injury,26.6
Note: See appendix table 10 for standard errors. ,
