Bureau of Justice Statistics,,,,
Filename: uvsavsvc9309a05.csv,,,,
"Appendix table 5. Serious violent crime victims who received direct assistance from victim service agencies, by whether the victim experienced criminal justice system action pertaining to the case, 2000-2009",,,,
"Report title: Use of Victim Service Agencies by Victims of Serious Violent Crime, 1993-2009 NCJ 234212",,,,
"Data source: National Crime Victimization Survey, 1993-2009",,,,
Author: Lynn Langton,,,,
Refer questions to: askbjs@usdoj.gov 202-307-0765,,,,
Date of version: 08/04/11,,,,
,,,,
"Appendix table 5. Serious violent crime victims who received direct assistance from victim service agencies, by whether the victim experienced criminal justice system action pertaining to the case, 2000-2009",,,,
,Percent of serious violent crime victims who received assistance when-,,,
Criminal justice system action,Action occurred,,Action did not occur,
Police notified,14,%,4,%
Complaint signed,22,,9,
Arrest made,23,,10,
Contact made with other criminal justice authorities,34,,9,
All four actions,39,,8,
Note: See appendix table 6 for standard errors.,,,,
