Bureau of Justice Statistics,,,
Filename: uvsavsvc9309a07.csv,,,
"Appendix table 7. Base population numbers and standard errors for serious violent crime rate per 1,000 persons age 12 or older and percentage of serious violent crime victims who received assistance from victim service agencies, 1993-2009",,,
"Report title: Use of Victim Service Agencies by Victims of Serious Violent Crime, 1993-2009 NCJ 234212",,,
"Data source: National Crime Victimization Survey, 1993-2009",,,
Author: Lynn Langton,,,
Refer questions to: askbjs@usdoj.gov 202-307-0765,,,
Date of version: 08/04/11,,,
,,,
"Appendix table 7. Base population numbers and standard errors for serious violent crime rate per 1,000 persons age 12 or older and percentage of serious violent crime victims who received assistance from victim service agencies, 1993-2009",,,
,U.S. resident population age 12 or older,Rate of serious violent crime ,Percent of victims who received assistance
1993,210906900,0.90,0.82
1994,213136000,0.70,0.68
1995,215080700,0.61,0.84
1996,217234300,0.60,0.83
1997,219839100,0.61,0.93
1998,221881000,0.65,1.05
1999,224568400,0.60,1.02
2000,226804600,0.55,1.09
2001,229215300,0.51,1.25
2002,231589300,0.44,1.33
2003,239306000,0.44,1.45
2004,241703700,0.42,1.54
2005,244505300,0.48,1.63
2006,247233100,0.51,1.37
2007,250344900,0.42,1.43
2008,252242500,0.42,1.64
2009,254105600,0.40,1.51
,,,
,,,
,,,
,,,
