Bureau of Justice Statistics,,
Filename: uvsavsvc9309f05.csv,,
"Figure 5. Serious violent crime victims who received direct assistance from victim service agencies, by victim characteristics, 2000-2009",,
"Report title: Use of Victim Service Agencies by Victims of Serious Violent Crime, 1993-2009 NCJ 234212",,
"Data source: National Crime Victimization Survey, 1993-2009",,
Author: Lynn Langton,,
Refer questions to: askbjs@usdoj.gov 202-307-0765,,
Date of version: 08/04/11,,
,,
"Figure 5. Serious violent crime victims who received direct assistance from victim service agencies, by victim characteristics, 2000-2009",,
Victim charactertistic,,Percent of victims who received assistance 
Sex,,
,Male,6
,Female,15
Age,,
,Under 18,8
,18-34,9
,35 or older,12
Race/Hispanic origin,,
,White*,11
,Black*,9
,Hispanic,6
,American Indian/Alaska Native*!,13
,Asian/Hawaiian/Pacific Islander *!,6
,Two or more races,17
Note: See appendix table 14 for standard errors.,,
*Excludes persons of Hispanic/Latino origin. ,,
! Interpret data with caution; estimate based on 10 or fewer sample cases or coefficient of variation is greater than 50%.,,
