Bureau of Justice Statistics,,,
Filename: uvsavsvc9309a14.csv,,,
"Appendix table 14. Standard errors for percentage of serious violent crime victims who received direct assistance from victim service agencies, by victim characteristics, 2000-2009",,,
"Report title: Use of Victim Service Agencies by Victims of Serious Violent Crime, 1993-2009 NCJ 234212",,,
"Data source: National Crime Victimization Survey, 1993-2009",,,
Author: Lynn Langton,,,
Refer questions to: askbjs@usdoj.gov 202-307-0765,,,
Date of version: 08/04/11,,,
,,,
"Appendix table 14. Standard errors for percentage of serious violent crime victims who received direct assistance from victim service agencies, by victim characteristics, 2000-2009",,,
Victim charactertistics,,Percent of victims who received assistance ,
Sex,,,
,Male,0.61,%
,Female,1.07,
Age,,,
, 12-17,3.59,%
,18-34,0.8,
,35 or older,1.08,
Race/Hispanic origin,,,
,White,0.79,%
,Black,1.23,
,Hispanic,1.13,
,American Indian/Alaskan native,5.61,
,Asian/Hawaiian/Pacific Islander,2.95,
,Two or more races,5.34,
