Bureau of Justice Statistics,,,,
Filename: fpscfsa21t07.csv,,,,
"Table 7. Prisoner assaults on Federal Bureau of Prisons staff, by type of assault and prosecution status, 2020",,,,
"Report title: Federal Prisoner Statistics Collected under the First Step Act, 2021  NCJ 301582",,,,
"Data source: Bureau of Justice Statistics, National Prisoner Statistics, First Step Act Supplement, 2020",,,,
"Author: E. Ann Carson, Ph.D., BJS Statistician",,,,
Refer questions to: askbjs@usdoj.gov 202-307-0765,,,,
Date of version: 11/23/2021,,,,
,,,,
"Table 7. Prisoner assaults on Federal Bureau of Prisons staff, by type of assault and prosecution status, 2020",,,,
Assault on BOP staff,,Number,Prosecuted,Not prosecuted
Physical,,"1,321",16,"1,305"
,With serious injury,14,3,11
,Without serious injury,"1,307",13,"1,294"
Sexual,,8,0,8
,With threat/force,4,0,4
,Without threat/force,4,0,4
"Note: This table responds to P.L. 115-391 Section 610, Item 22. Includes assaults by persons in the custody of publicly operated federal correctional facilities in 2020. Excludes assaults by persons held in privately operated federal correctional facilities. Includes assaults for which there were guilty findings in the Federal Bureau of Prisons (BOP) administrative process, regardless of later investigation or prosecution by the FBI or U.S. Department of Justice. Excludes assaults pending the BOP investigative process.",,,,
"Source: Bureau of Justice Statistics, National Prisoner Statistics, First Step Act Supplement, 2020.",,,,
