Bureau of Justice Statistics,,,,,,
Filename: slleta0217.csv,,,,,,
"Table 17. College credit for basic and in-service training, by type of academy, 2002",,,,,,
"Report title: Law Enforcement Training Academies, 2002, NCJ 204030",,,,,,
Data source: Census of State and Local Law Enforcement Training Academies,,,,,,
Author: Matthew J. Hickman,,,,,,
Refer questions to: askbjs@usdoj.gov (202) 307-0765,,,,,,
Date of version: 1/13/05,,,,,,

"Table 17. College credit for basic and in-service training, by type of academy, 2002",,,,,,


,Percent of academies in which college credit could be awarded for:,,,,,
Type of academy,Basic recruit training,,In-service training,, Percent of academies in which an academic degree is offered,

  All academies,76,%,27,%,27,%

County/regional/state ,74,%,27,%,11,%
2-yr/4-yr/technical,85,,34,,58,
City/municipal,63,,14,,4,
