Bureau of Justice Statistics,,,,,,,,
Filename: slleta0208.csv,,,,,,,,
"Table 8. Training academy facilities, 2002",,,,,,,,
"Report title: Law Enforcement Training Academies, 2002, NCJ 204030",,,,,,,,
Data source: Census of State and Local Law Enforcement Training Academies,,,,,,,,
Author: Matthew J. Hickman,,,,,,,,
Refer questions to: askbjs@usdoj.gov (202) 307-0765,,,,,,,,
Date of version: 1/13/05,,,,,,,,

"Table 8. Training academy facilities, 2002",,,,,,,,


,,,Have access,,,,,
 ,  Total,,Part of academy facility,,Not part of academy facility,,  No access,

Outdoor firearms range,96.4,%,47.4,%,49,%,3.6,%
Vehicle operation range,94.7,,40.8,,53.9,,5.3,
Weight room,93.4,,60.2,,33.2,,6.6,
Defensive tactics room,91.6,,68.4,,23.2,,8.4,
Desktop computers,89,,62.1,,27.8,,11,

Library,87.8,%,47.9,%,39.9,%,12.2,%
Gymnasium,86.5,,44.1,,42.4,,13.5,
Scenario training facility,78.7,,43,,35.7,,21.3,
Firearms training simulator,76.7,,57.7,,19,,23.3,
Media lab/video production facility,71.3,,33.7,,37.6,,28.7,

Obstacle course,68.3,%,42.5,%,25.8,%,31.7,%
Mock courtroom,66,,13.7,,52.3,,34,
Laptop computers,65,,44.6,,20.4,,35,
Internet/on-line classes,52.3,,25.2,,27.1,,47.6,
Mobile data terminals/computers,49.3,,17.9,,31.4,,50.7,

Swimming pool,43.6,%,7,%,36.6,%,56.4,%
Video conferencing classes,43.3,,13.9,,29.4,,56.7,
"Subscription to satellite down-link information service (e.g., LETN)",37.3,,17.7,,19.6,,62.7,
Indoor firearms range,34.9,,16.5,,18.4,,65,
Dormitory/residential facilities,30.5,,18.2,,12.3,,69.4,

Driving simulator,22.4,%,13.1,%,9.3,%,77.6,%
Mail correspondence classes,16.3,,3.8,,12.5,,83.7,
