Bureau of Justice Statistics,,
Filename: slleta02f7.csv,,
"Figure 7. Methods used to develop content of basic recruit training curriculum, 2002",,
"Report title: Law Enforcement Training Academies, 2002, NCJ 204030",,
Data source: Census of State and Local Law Enforcement Training Academies,,
Author: Matthew J. Hickman,,
Refer questions to: askbjs@usdoj.gov (202) 307-0765,,
Date of version: 1/13/05,,

"Figure 7. Methods used to develop content of basic recruit training curriculum, 2002",,


,Percent of academies using listed methods to develop basic recruit training curriculum,

State commission mandates,87.8,%
Job task analysis / needs analysis,55.9,
Subject matter experts,50.6
Departmental objectives,49.6
Legislative/regulatory mandate,46.6
Law enforcement advisory board,43.9
National experts in community policing,15.4
