Bureau of Justice Statistics,,,,,,,,,
Filename: slleta0201.csv,,,,,,,,,
"Table 1. Law enforcement training academies and personnel, by number of full-time equivalent training personnel, 2002",,,,,,,,,
"Report title: Law Enforcement Training Academies, 2002, NCJ 204030",,,,,,,,,
Data source: Census of State and Local Law Enforcement Training Academies,,,,,,,,,
Author: Matthew J. Hickman,,,,,,,,,
Refer questions to: askbjs@usdoj.gov (202) 307-0765,,,,,,,,,
Date of version: 1/13/05,,,,,,,,,

"Table 1. Law enforcement training academies and personnel, by number of full-time equivalent training personnel, 2002",,,,,,,,,


,Academies,,,Full-time training personnel,,,Part-time training personnel,,
Number of FTE training personnel /a,Number,Percent,,Number,Percent,,Number,Percent,

  Total,603,100,%,"12,227",100,%,"25,700",100,%

100 or more ,46,7.6,%,"5,732",46.9,%,"5,824",22.7,%
50-99,95,15.8,,"2,768",22.6,,"7,610",29.6,
25-49,173,28.7,,"2,235",18.3,,"7,435",28.9,
 10-24,217,36,,"1,253",10.2,,"4,418",17.2,
Less than 10,72,11.8,,239,2,,413,1.6,

a/ Includes both full-time and part-time employees (part-time employees assigned a weight of 0.5).  ,,,,,,,,,
Note: Percentages may not sum to total due to rounding.,,,,,,,,,
