Bureau of Justice Statistics,,,,,,,,,,,,
Filename: slleta0212.csv,,,,,,,,,,,,
"Table 12. Race and gender distributions for recruits who started and completed training, among academy classes that completed training during 2002",,,,,,,,,,,,
"Report title: Law Enforcement Training Academies, 2002, NCJ 204030",,,,,,,,,,,,
Data source: Census of State and Local Law Enforcement Training Academies,,,,,,,,,,,,
Author: Matthew J. Hickman,,,,,,,,,,,,
Refer questions to: askbjs@usdoj.gov (202) 307-0765,,,,,,,,,,,,
Date of version: 1/13/05,,,,,,,,,,,,

"Table 12. Race and gender distributions for recruits who started and completed training, among academy classes that completed training during 2002",,,,,,,,,,,,


,Recruits who started training,,,,,,Recruits who completed training,,,,,
 Race/ethnic category,Total,,Male,,Female,,Total,,Male,,Female,

  Total,100,%,82.5,%,17.5,%,100,%,83.5,%,16.5,%

White ,71.9,%,61.2,%,10.7,%,73.4,%,63,%,10.5,%
Black/African American,12.6,,8.7,,3.9,,11.7,,8.3,,3.4,
Hispanic/Latino,12.4,,10,,2.4,,12,,9.8,,2.2,
Other*,3.1,,2.7,,0.5,,2.8,,2.4,,0.4,

"*Includes American Indian/Alaska Native, Asian, Hawaiian or Pacific Islander, and any other race.  Note: Table based on data for 411 academies that reported complete race and gender data for both recruits starting and completing training. ",,,,,,,,,,,,
