Bureau of Justice Statistics,,,,
Filename: slleta02t7.csv,,,,
"Text Table 7. Academies providing training on response to mnisconduct, by number of FTE training personnel, 2002",,,,
"Report title: Law Enforcement Training Academies, 2002, NCJ 204030",,,,
Data source: Census of State and Local Law Enforcement Training Academies,,,,
Author: Matthew J. Hickman,,,,
Refer questions to: askbjs@usdoj.gov (202) 307-0765,,,,
Date of version: 1/13/05,,,,

"Text Table 7. Academies providing training on response to mnisconduct, by number of FTE training personnel, 2002",,,,


,Academies providing training on response to misconduct by --,,,
Number of  FTE training personnel,Peers,,Superiors,

Total,94,%,83,%

100 or more,98,%,86,%
50-99,95,,85,
25-49,97,,88,
  10-24,91,,79,
Less than 10,88,,74,
