Bureau of Justice Statistics,,
Filename: slleta02f14.csv,,
"Figure 14. Percent of academies providing in-service training on community policing topics, 2002",,
"Report title: Law Enforcement Training Academies, 2002, NCJ 204030",,
Data source: Census of State and Local Law Enforcement Training Academies,,
Author: Matthew J. Hickman,,
Refer questions to: askbjs@usdoj.gov (202) 307-0765,,
Date of version: 1/13/05,,

"Figure 14. Percent of academies providing in-service training on community policing topics, 2002",,


,Percent of academies,

Identifying community problems,51.5,%
Environmental causes of crime,38.8,
History of community policing,38.5
Using problem solving models,38.6
Prioritizing crime and disorder problems,37.7
Organizing/mobilizing the community,37.7
Assessing effectiveness of responses,35.6
Creating problem-solving teams,35.2
Analyzing calls for service data,32.2
Using crime mapping to analyze community problems,29.7
Applying research methods to study crime,27.2
