Bureau of Justice Statistics,,,,,,,,
Filename: slleta0224.csv,,,,,,,,
"Table 24. Terrorism related training (other than in basic training), by number of full-time equivalent training personnel, 2002 ",,,,,,,,
"Report title: Law Enforcement Training Academies, 2002, NCJ 204030",,,,,,,,
Data source: Census of State and Local Law Enforcement Training Academies,,,,,,,,
Author: Matthew J. Hickman,,,,,,,,
Refer questions to: askbjs@usdoj.gov (202) 307-0765,,,,,,,,
Date of version: 1/13/05,,,,,,,,

"Table 24. Terrorism related training (other than in basic training), by number of full-time equivalent training personnel, 2002 ",,,,,,,,


,Percent of academies providing training on:,,,,,,,
Number of FTE training personnel,Weapons of mass destruction,,First response to terrorist incidents,, Intelligence gathering,, Intelligence analysis,

  Total,52,%,47,%,22,%,15,%

100 or more ,74,%,71,%,48,%,29,%
50-99,60,,57,,28,,22,
25-49,54,,50,,22,,16,
 10-24,44,,37,,17,,9,
Less than 10,39,,39,,14,,11,
