Bureau of Justice Statistics,,
Filename: slleta02f12.csv,,
"Figure 12. Basic control/defensive tactics training, 2002",,
"Report title: Law Enforcement Training Academies, 2002, NCJ 204030",,
Data source: Census of State and Local Law Enforcement Training Academies,,
Author: Matthew J. Hickman,,
Refer questions to: askbjs@usdoj.gov (202) 307-0765,,
Date of version: 1/13/05,,

"Figure 12. Basic control/defensive tactics training, 2002",,


,Percent of academies providing control/defensive tactics training,

Weapon retention,98.9,%
Pressure-point control,89.5,
Ground fighting,84.6
Speed cuffing,77.9
Neck restraints,28
Full body restraints,19.2
