Bureau of Justice Statistics,,
Filename: slleta02f17.csv,,
"Figure 17. Basic instruction related to terrorism and responding to terrorist incidents, 2002",,
"Report title: Law Enforcement Training Academies, 2002, NCJ 204030",,
Data source: Census of State and Local Law Enforcement Training Academies,,
Author: Matthew J. Hickman,,
Refer questions to: askbjs@usdoj.gov (202) 307-0765,,
Date of version: 1/13/05,,

"Figure 17. Basic instruction related to terrorism and responding to terrorist incidents, 2002",,


,Percent of academies providing training in listed area,

Response to Weapons of Mass Destruction,56.9,%
Understanding the nature of terrorism,48.1,
"Overview of relevant Federal, State, and local agencies",43.7
Inter-agency information sharing,33
Intelligence gathering,28.1
Overview of related technology and equipment,20.8
Role of anti-terrorist task forces,14.9
Post-incident stabilization of the community,13.4
Intelligence analysis,10.7
Other terrorism training,5.9
