Bureau of Justice Statistics,,,,,,,,,
Filename: slleta0223.csv,,,,,,,,,
"Table 23. Changes to basic curriculum since January 2000 related to community policing, by number of full-time equivalent training personnel, 2002",,,,,,,,,
"Report title: Law Enforcement Training Academies, 2002, NCJ 204030",,,,,,,,,
Data source: Census of State and Local Law Enforcement Training Academies,,,,,,,,,
Author: Matthew J. Hickman,,,,,,,,,
Refer questions to: askbjs@usdoj.gov (202) 307-0765,,,,,,,,,
Date of version: 1/13/05,,,,,,,,,

"Table 23. Changes to basic curriculum since January 2000 related to community policing, by number of full-time equivalent training personnel, 2002",,,,,,,,,


,Type of change to basic curriculum,,,,,,,,
   Number of FTE training personnel,Number of hours devoted to community policing expanded,,Community policing philosophy / strategy integrated into entire curriculum,,Special community policing training block developed,,More community policing courses added,, No changes related to community policing


  Total,34,%,31,%,17,%,15,%,43,%

100 or more ,33,%,43,%,12,%,14,%,43,%
50-99,39,,33,,27,,18,,33,
25-49,33,,32,,16,,13,,43,
 10-24,32,,27,,17,,15,,47,
Less than 10,32,,23,,13,,21,,46,
