Bureau of Justice Statistics,,
Filename: slleta02f3.csv,,
"Figure 3. Certifications required of full-time trainers or instructors, 2002",,
"Report title: Law Enforcement Training Academies, 2002, NCJ 204030",,
Data source: Census of State and Local Law Enforcement Training Academies,,
Author: Matthew J. Hickman,,
Refer questions to: askbjs@usdoj.gov (202) 307-0765,,
Date of version: 1/13/05,,

"Figure 3. Certifications required of full-time trainers or instructors, 2002",,


,Percent of academies requiring certification type,

State certification,88.9,%
Subject matter expert,61.3,
Academy certification,26.5
Other certification requirement,19.6
