Bureau of Justice Statistics,,,,,,,,
Filename: oudstlj19at05.csv,,,,,,,,
"Appendix table 5. Percentages for maps 5 and 6: Percent of local jail admissions in June 2019 treated for opioid withdrawal and confined inmates at midyear 2019 receiving medication-assisted treatment for opioid use disorder, by state",,,,,,,,
"Report title: Opioid Use Disorder Screening and Treatment in Local Jails, 2019   NCJ 305179",,,,,,,,
"Data Source: Bureau of Justice Statistics, Census of Jails, 2019",,,,,,,,
"Authors: Laura M. Maruschak, Todd D. Minton, and Zhen Zeng, PhD, BJS Statisticians",,,,,,,,
Refer questions to: askbjs@usdoj.gov 202-307-0765,,,,,,,,
Date of version: 4/12/2023,,,,,,,,
,,,,,,,,
"Appendix table 5. Percentages for maps 5 and 6: Percent of local jail admissions in June 2019 treated for opioid withdrawal and confined inmates at midyear 2019 receiving medication-assisted treatment for opioid use disorder, by state",,,,,,,,
,,Admissions in June 2019/a,,,,Confined inmates at midyear 2019,,
Region/state,,Number,Percent treated for opioid withdrawal/b,,,Number,Percent receiving MAT/c,
,U.S. total,"894,030",4.8,%,,"734,470",0.86,%
Northeast,,"53,340",16.2,%,,"73,570",2.85,%
,Maine,"2,580",7.1,,,"1,620",2.17,
,Massachusetts,"4,780",12.1,,,"9,260",1.05,
,New Hampshire,"2,630",23.5,,,"1,400",0.5,
,New Jersey,"10,460",17.7,,,"9,550",4.08,
,New York,"13,830",12,,,"20,450",3,
,Pennsylvania,"19,060",17.8,,,"31,300",2.97,
Midwest ,,"208,880",4.1,%,,"125,330",0.97,%
,Illinois,"21,560",3.6,,,"16,490",1.55,
,Indiana,"23,350",6,,,"20,430",0.22,
,Iowa,"11,270",1.2,,,"5,020",0.87,
,Kansas,"20,630",0.5,,,"8,080",0.07,
,Michigan,"24,110",3.5,,,"15,880",0.46,
,Minnesota,"17,010",3,,,"6,840",1.4,
,Missouri,"20,310",5.8,,,"11,580",1.2,
,Nebraska,"5,920",0.5,,,"4,200",0.14,
,North Dakota,"6,420",0.9,,,"1,470",0.99,
,Ohio,"33,040",8.4,,,"20,580",1.14,
,South Dakota,"5,750",0.1,,,"2,010",0.2,
,Wisconsin,"19,520",4.3,,,"12,750",2.59,
South ,,"434,230",3.9,%,,"386,770",0.42,%
,Alabama,"23,910",1.7,,,"16,450",0.64,
,Arkansas,"15,170",3,,,"9,400",0.55,
,District of Columbia,970,5.9,,,"1,820",1.43,
,Florida,"54,560",6.1,,,"56,660",0.3,
,Georgia,"50,740",3.6,,,"44,810",0.54,
,Kentucky,"22,810",7,,,"26,190",0.48,
,Louisiana,"20,540",3.4,,,"32,560",0.44,
,Maryland,"6,400",12,,,"8,590",2.29,
,Mississippi,"13,300",2.8,,,"14,340",0.04,
,North Carolina,"35,760",5.6,,,"20,360",0.46,
,Oklahoma,"17,660",1.8,,,"10,630",0.23,
,South Carolina,"15,850",2.5,,,"11,470",0.15,
,Tennessee,"34,650",3.9,,,"31,240",0.19,
,Texas,"94,850",1.9,,,"68,770",0.28,
,Virginia,"22,950",6.4,,,"28,380",0.51,
,West Virginia,"4,110",/,,,"5,110",0,
West ,,"197,570",4.3,%,,"148,800",1.12,%
,Alaska,420,0,,,50,0,
,Arizona,"15,710",1.9,,,"13,540",0.99,
,California,"76,320",1.9,,,"75,060",0.18,
,Colorado,"19,150",2.9,,,"13,000",2.64,
,Idaho,"9,430",0.2,,,"4,250",0.11,
,Montana,"3,490",1.7,,,"2,510",0.24,
,Nevada,"16,080",3.3,,,"7,220",0.84,
,New Mexico,"9,900",9.2,,,"6,550",4.93,
,Oregon,"14,480",4.6,,,"6,040",0.54,
,Utah,"8,560",1,,,"7,300",0.54,
,Washington,"21,370",18,,,"11,710",3.65,
,Wyoming,"2,660",0.2,,,"1,570",0.32,
"Note: MAT denotes medication-assisted treatment. See Terms and definitions for details on jail regions and treatment practices. Counts are rounded to the nearest 10. Excludes the combined jail and prison systems in Alaska, Connecticut, Delaware, Hawaii, Rhode Island, and Vermont. Includes 15 locally operated jails in Alaska. See appendix table 1 for item response rates. ",,,,,,,,
/Not reported due to insufficient data. Ten of 11 jurisdictions did not specify the number of admissions treated for opioid withdrawal.,,,,,,,,
"a/Data are based on admissions from June 1 to June 30, 2019. Persons admitted more than once may be counted multiple times. When June 2019 admissions were not provided, BJS calculated them by dividing annual admissions by 365 and multiplying by 30.",,,,,,,,
b/Persons admitted more than once may be counted multiple times among those treated.,,,,,,,,
c/Includes inmates for whom jail jurisdictions continued or initiated MAT.,,,,,,,,
"Source: Bureau of Justice Statistics, Census of Jails, 2019.",,,,,,,,
