Bureau of Justice Statistics,,
Filename: oudstlj19f01.csv,,
"Figure 1. Percent of local jail jurisdictions that screened or treated inmates for opioid use disorder, midyear�2019",,
"Report title: Opioid Use Disorder Screening and Treatment in Local Jails, 2019   NCJ 305179",,
"Data Source: Bureau of Justice Statistics, Census of Jails, 2019",,
"Authors: Laura M. Maruschak, Todd D. Minton, and Zhen Zeng, PhD, BJS Statisticians",,
Refer questions to: askbjs@usdoj.gov 202-307-0765,,
Date of version: 4/12/2023,,
,,
"Figure 1. Percent of local jail jurisdictions that screened or treated inmates for opioid use disorder, midyear�2019",,
Selected screening/treatment practice,Percent,
Screened for OUD at intake,63.2,%
Provided medications for opioid withdrawal in custody,53.7,
Continued MAT in custody,23.5,
Initiated MAT in custody,19.2,
Provided overdose reversal medications on release,25.2,
"Note: OUD denotes opioid use disorder. MAT denotes medication-assisted treatment. See Terms and definitions for details on screening and treatment practices. Excludes the combined jail and prison systems in Alaska, Connecticut, Delaware, Hawaii, Rhode Island, and Vermont. Includes 15 locally operated jails in Alaska. See appendix table 1 for item response rates. See tables 2, 5, and 8 for percentages. ",,
"Source: Bureau of Justice Statistics, Census of Jails, 2019.",,
