Bureau of Justice Statistics,
Filename: cp20stf05.csv,
"Figure 5. Advance count of executions, January 1, 2021�December 31, 2021",
"Report title: Capital Punishment, 2020-Statistical Tables   NCJ 302729",
"Data source: Bureau of Justice Statistics, National Prisoner Statistics program (NPS-8), 2020",
"Author: Tracy L. Snell, BJS Statistician",
Refer questions to: askbjs@usdoj.gov 202-307-0765,
Date of version: 12/10/2021,
,
"Figure 5. Advance count of executions, January 1, 2021�December 31, 2021",
Jurisdiction,Number of executions
Total,11
Federal,3
Texas,3
Oklahoma,2
Missouri,1
Mississippi,1
Alabama,1
,
"Source: Bureau of Justice Statistics, National Prisoner Statistics program (NPS-8), 2020.",
