Bureau of Justice Statistics,,,,,,
Filename: cp20stt01.csv,,,,,,
"Table 1. Status of the death penalty, December 31, 2020",,,,,,
"Report title: Capital Punishment, 2020 � Statistical Tables   NCJ 302729",,,,,,
"Data source: Bureau of Justice Statistics, National Prisoner Statistics program (NPS-8), 2020",,,,,,
"Author: Tracy L. Snell, BJS Statistician",,,,,,
Refer questions to: askbjs@usdoj.gov 202-307-0765,,,,,,
Date of version: 12/10/2021,,,,,,
,,,,,,
"Table 1. Status of the death penalty, December 31, 2020",,,,,,
Executions in 2020,,,Number of prisoners under sentence of death,,,Jurisdictions with no death penalty (20)
Federal Bureau of Prisons,10,,California,703,,Alaska
Texas,3,,Florida,337,,Colorado
Missouri,1,,Texas,206,,Connecticut
Alabama,1,,Alabama,170,,District of Columbia
Georgia,1,,Ohio,137,,Hawaii
Tennessee,1,,North Carolina,137,,Illinois
,,,Pennsylvania,118,,Iowa
,,,Arizona,116,,Maine
,,,Nevada,67,,Maryland
,,,Louisiana,66,,Massachusetts
,,,Federal Bureau of Prisons,51,,Michigan
,,,Tennessee,50,,Minnesota
,,,Oklahoma,45,,New Hampshire
,,,Georgia,40,,New Jersey
,,,Mississippi,40,,New Mexico
,,,South Carolina,36,,North Dakota
,,,Arkansas,29,,Rhode Island
,,,Kentucky,26,,Vermont
,,,Oregon,24,,West Virginia
,,,Missouri,20,,Wisconsin
,,,Nebraska,12,,
,,,Kansas,10,,
,,,Idaho,8,,
,,,Indiana,8,,
,,,Utah,7,,
,,,Virginia,2,,
,,,Montana,2,,
,,,New Hampshire/a,1,,
,,,South Dakota,1,,
,,,New York,0,,
,,,Delaware,0,,
,,,Washington,0,,
,,,Wyoming,0,,
Total,17,,Total/b,"2,469",,
"Note: While the Washington Supreme Court has declared the state's death penalty statute unconstitutional as applied (State v. Gregory, 192 Wash. 2d 1, 427 P.3d 621 (2018)), no legislative action has been taken to revise or repeal the statute. The state continues to report that the death penalty is authorized. See table 2 for information on statutes.",,,,,,
"a/New Hampshire repealed its death penalty statute, effective May 30, 2019. As of December 31, 2020, one male prisoner remained under a previously imposed sentence of death.",,,,,,
"b/New York, Delaware, Washington, and Wyoming held no inmates under sentence of death on December 31, 2020.",,,,,,
"Source: Bureau of Justice Statistics, National Prisoner Statistics program (NPS-8), 2020.",,,,,,
