Bureau of Justice Statistics,,,,,,
Filename: cp20stt08.csv,,,,,,
"Table 8. Hispanic prisoners under sentence of death, by region and jurisdiction, 2019 and 2020",,,,,,
"Report title: Capital Punishment, 2020 � Statistical Tables   NCJ 302729",,,,,,
"Data source: Bureau of Justice Statistics, National Prisoner Statistics program (NPS-8), 2020",,,,,,
"Author: Tracy L. Snell, BJS Statistician",,,,,,
Refer questions to: askbjs@usdoj.gov 202-307-0765,,,,,,
Date of version: 12/10/2021,,,,,,
,,,,,,
"Table 8. Hispanic prisoners under sentence of death, by region and jurisdiction, 2019 and 2020",,,,,,
Region and jurisdiction,,"Hispanic prisoners under sentence of death, 12/31/19","Received under sentence of death, 2020","Removed from death row (excluding executions), 2020","Executed, 2020","Hispanic prisoners under sentence of death, 12/31/20"
U.S. total,,358,0,14,1,343
,Federal,7,0,0,0,7
,State,351,0,14,1,336
Northeast,,14,0,0,0,14
,Pennsylvania,14,0,0,0,14
Midwest,,10,0,0,0,10
,Nebraska,6,0,0,0,6
,Ohio,4,0,0,0,4
South,,95,0,6,1,88
,Alabama,1,0,0,0,1
,Florida,22,0,0,0,22
,Georgia,2,0,0,0,2
,Louisiana,2,0,0,0,2
,Mississippi,1,0,0,0,1
,North Carolina,3,0,0,0,3
,Oklahoma,1,0,0,0,1
,South Carolina,1,0,0,0,1
,Tennessee,1,0,0,0,1
,Texas,61,0,6,1,54
West,,232,0,8,0,224
,Arizona,24,0,1,0,23
,California,196,0,7,0,189
,Idaho,1,0,0,0,1
,Nevada,6,0,0,0,6
,Oregon,3,0,0,0,3
,Utah,2,0,0,0,2
"Note: Counts of Hispanic prisoners under sentence of death at yearend 2019 have been revised from those reported in Capital Punishment, 2019 � Statistical Tables (NCJ 300381, BJS, June 2021). The revised counts include four prisoners in California who were not included in the counts for December 31, 2019.",,,,,,
"Source: Bureau of Justice Statistics, National Prisoner Statistics program (NPS-8), 2020.",,,,,,
