Bureau of Justice Statistics,,,,,,,,,,,,,
Filename: cp20stt09.csv,,,,,,,,,,,,,
"Table 9. Criminal history of prisoners under sentence of death, by race or ethnicity, 2020",,,,,,,,,,,,,
"Report title: Capital Punishment, 2020 � Statistical Tables   NCJ 302729",,,,,,,,,,,,,
"Data source: Bureau of Justice Statistics, National Prisoner Statistics program (NPS-8), 2020",,,,,,,,,,,,,
"Author: Tracy L. Snell, BJS Statistician",,,,,,,,,,,,,
Refer questions to: askbjs@usdoj.gov 202-307-0765,,,,,,,,,,,,,
Date of version: 12/10/2021,,,,,,,,,,,,,
,,,,,,,,,,,,,
"Table 9. Criminal history of prisoners under sentence of death, by race or ethnicity, 2020",,,,,,,,,,,,,
,All prisoners,,,White/a,,Black/a,,Hispanic,,American Indian/Alaska Native/a,,Asian/Native Hawaiian/Other Pacific Islander/a,
,U.S. total,100,%,100,%,100,%,100,%,100,%,100,%
Prior felony convictions/b,,,,,,,,,,,,,
,Yes,67.6,%,63.8,%,72.8,%,65.4,%,68.8,%,56.8,%
,No ,32.4,,36.2,,27.2,,34.6,,31.3,,43.2,
Prior homicide convictions/c,,,,,,,,,,,,,
,Yes,9.5,%,9.8,%,9.6,%,9.1,%,5.6,%,5,%
,No ,90.5,,90.2,,90.4,,90.9,,94.4,,95,
Legal status at time of capital offense/d,,,,,,,,,,,,,
,Charges pending,7.9,%,9.6,%,7,%,5.8,%,6.3,%,5.6,%
,On probation,11.4,,9.9,,11.5,,14.8,,18.8,,13.9,
,On parole,16,,13.7,,17.9,,17.4,,25,,13.9,
,On escape,1.2,,1.7,,0.8,,1,,0,,0,
,Incarcerated,4.6,,5.9,,3.7,,3.5,,12.5,,0,
,Other status,0.1,,0,,0.1,,0.3,,0,,0,
,None,58.8,,59.2,,58.9,,57.2,,37.5,,66.7,
,,,,,,,,,,,,,
,Number of prisoners,"2,469",,"1,062",,"1,006",,343,,18,,40,
Note: Percentages are based on prisoners for whom data were reported. Details may not sum to totals due to rounding. ,,,,,,,,,,,,,
"a/Excludes persons of Hispanic origin (e.g., ""white"" refers to non-Hispanic whites and ""black"" refers to non-Hispanic blacks).",,,,,,,,,,,,,
b/Excludes 191 prisoners because data were not reported.,,,,,,,,,,,,,
c/Excludes 31 prisoners because data were not reported.,,,,,,,,,,,,,
d/Excludes 285 prisoners because data were not reported.,,,,,,,,,,,,,
"Source: Bureau of Justice Statistics, National Prisoner Statistics program (NPS-8), 2020.",,,,,,,,,,,,,
