Bureau of Justice Statistics,,,
Filename: vcay9410at09.csv,,,
"Appendix table 9: Standard errors for figure 7: Serious violent crime against youth ages 12 to 17, by location of residence, 1994-2010",,,
"Report title: Violent Crime Against Youth,1994-2010   NCJ 240106",,,
"Data source: Bureau of Justice Statistics, National Crime Victimization Survey, 1993-2010",,,
Authors: Nicole White and Janet L. Lauritsen,,,
Refer questions to askbjs@usdoj.gov (202) 307-0765,,,
Date of version: 12/20/12,,,
,,,
"Appendix table 9: Standard errors for figure 7: Serious violent crime against youth ages 12 to 17, by location of residence, 1994-2010",,,
,"Rate per 1,000 youth",,
Year,Urban,Suburban,Rural
1994,5.9,4,4.5
1995,4.9,3,3.4
1996,4.5,2.6,2.9
1997,4.8,2.7,3.7
1998,4.7,2.9,3.1
1999,4.5,3,2.2
2000,4.3,2.4,2.6
2001,3.1,2.2,2.7
2002,2.6,2,2.4
2003,2.8,1.9,2.7
2004,2.8,1.8,2.9
2005,2.9,1.6,2.8
2006,3.1,1.7,2.7
2007,2.5,2,3
2008,2.3,1.9,2.9
2009,2.8,1.8,3.1
2010,2.9,1.7,3
"Source: Bureau of Justice Statistics, National Crime Victimization Survey, 1993-2010.",,,
