Bureau of Justice Statistics,,,,,,,,,
Filename: vcay9410at04.csv,,,,,,,,,
"Appendix table 4: Standard errors for table 2: Violent crime against youth ages 12 to 17, by type of crime, 1994, 2002, and 2010",,,,,,,,,
"Report title: Violent Crime Against Youth,1994-2010   NCJ 240106",,,,,,,,,
"Data source: Bureau of Justice Statistics, National Crime Victimization Survey, 1993-2010",,,,,,,,,
Authors: Nicole White and Janet L. Lauritsen,,,,,,,,,
Refer questions to askbjs@usdoj.gov (202) 307-0765,,,,,,,,,
Date of version: 12/20/12,,,,,,,,,
,,,,,,,,,
"Appendix table 4: Standard errors for table 2: Violent crime against youth ages 12 to 17, by type of crime, 1994, 2002, and 2010",,,,,,,,,
,,1994,,,2002,,,2010,
Type of crime ,Number,Rate,,,Number,Rate,,Number,Rate
,Total violent crime,"236,609",5.3,,"147,533",3,,"119,462",2.4
Serious violent crime,,"132,437",3,,"71,349",2,,"69,906",1
,Rape/sexual assault,"35,129",1,,"31,198",1,,"22,280",1
,Robbery ,"62,982",1.4,,"31,469",0.6,,"30,851",0.6
,Aggravated assault,"87,633",2,,"38,898",1,,"42,085",1
Simple assault,,"190,952",4,,"124,380",3,,"93,819",2
"Source: Bureau of Justice Statistics, National Crime Victimization Survey, 1993-2010.",,,,,,,,,
