Bureau of Justice Statistics,,
Filename: vcay9410f01.csv,,
"Figure 1: Serious violent crime and simple assault against youth ages 12 to 17, 1994-2010",,
"Report title: Violent Crime Against Youth,1994-2010   NCJ 240106",,
"Data source: Bureau of Justice Statistics, National Crime Victimization Survey, 1993-2010",,
Authors: Nicole White and Janet L. Lauritsen,,
Refer questions to askbjs@usdoj.gov (202) 307-0765,,
Date of version: 12/20/12,,
,,
"Figure 1: Serious violent crime and simple assault against youth ages 12 to 17, 1994-2010",,
Year,Simple assault,Serious violent crime
1994,125.15,61.95
1995,120.62,52.01
1996,107.14,44.36
1997,96.89,44.21
1998,88.28,38.97
1999,78.56,35.27
2000,62.29,28.57
2001,52.06,21.74
2002,49.28,19.22
2003,50.7,19.88
2004,45.75,18.21
2005,40.44,14.29
2006,43.22,15.8
2007,42.85,17.19
2008,41.84,16.27
2009,33.11,15.59
2010,21.59,13.99
Note: Data based on 2-year rolling averages beginning in 1993. See appendix table 1 for standard errors.,,
"Source: Bureau of Justice Statistics, National Crime Victimization Survey, 1993-2010.",,
