Bureau of Justice Statistics,,,
Filename: vcay9410f08.csv,,,
"Figure 8: Simple assault against youth ages 12 to 17, by location of residence, 1994-2010",,,
"Report title: Violent Crime Against Youth,1994-2010   NCJ 240106",,,
"Data source: Bureau of Justice Statistics, National Crime Victimization Survey, 1993-2010",,,
Authors: Nicole White and Janet L. Lauritsen,,,
Refer questions to askbjs@usdoj.gov (202) 307-0765,,,
Date of version: 12/20/12,,,
,,,
"Figure 8: Simple assault against youth ages 12 to 17, by location of residence, 1994-2010",,,
Year,Urban,Suburban,Rural
1994,123.65,136.53,105.05
1995,123.95,131.51,96.09
1996,109.86,111.69,94.5
1997,104.33,100.48,79.41
1998,95.48,94.82,63.67
1999,69.82,83.97,76.57
2000,47.81,67.33,68.82
2001,47.31,50.98,61.61
2002,53.58,44.21,57.17
2003,63.13,45.25,47.48
2004,54.91,41.44,44.5
2005,43.95,36.8,46.65
2006,47.11,35.16,61.32
2007,48.41,32.25,64.54
2008,47.29,36.32,50.25
2009,37.84,32.46,27.25
2010,25.22,21.96,14
Note: Data based on 2-year rolling averages beginning in 1993. See appendix table 10 for standard errors. ,,,
"Source: Bureau of Justice Statistics, National Crime Victimization Survey, 1993-2010.",,,
