Bureau of Justice Statistics,,,
Filename: vcay9410at07.csv,,,
"Appendix table 7: Standard errors for figure 5: Serious violent crime against youth ages 12 to 17, by race and ethnicity, 1994-2010",,,
"Report title: Violent Crime Against Youth,1994-2010   NCJ 240106",,,
"Data source: Bureau of Justice Statistics, National Crime Victimization Survey, 1993-2010",,,
Authors: Nicole White and Janet L. Lauritsen,,,
Refer questions to askbjs@usdoj.gov (202) 307-0765,,,
Date of version: 12/20/12,,,
,,,
"Appendix table 7: Standard errors for figure 5: Serious violent crime against youth ages 12 to 17, by race and ethnicity, 1994-2010",,,
,"Rate per 1,000 youth",,
Year,White,Black,Hispanic
1994,3.3,7.1,8.7
1995,2.5,5.5,7
1996,2.3,4.6,5.6
1997,2.6,5.3,5.9
1998,2.6,5.7,5.7
1999,2.6,5.6,5.4
2000,2.2,5,5.2
2001,1.8,4.1,4.8
2002,1.6,3.6,4.3
2003,1.8,3.1,3.7
2004,1.9,3.4,2.5
2005,1.6,4.2,2.6
2006,1.7,4.2,3.1
2007,1.8,4.5,2.7
2008,1.6,4.5,2.9
2009,1.7,4.6,3.3
2010,1.6,4.5,2.5
"Source: Bureau of Justice Statistics, National Crime Victimization Survey, 1993-2010.",,,
