Bureau of Justice Statistics,,,
Filename: vcay9410f07.csv,,,
"Figure 7: Serious violent crime against youth ages 12 to 17, by location of residence, 1994-2010 ",,,
"Report title: Violent Crime Against Youth,1994-2010   NCJ 240106",,,
"Data source: Bureau of Justice Statistics, National Crime Victimization Survey, 1993-2010",,,
Authors: Nicole White and Janet L. Lauritsen,,,
Refer questions to askbjs@usdoj.gov (202) 307-0765,,,
Date of version: 12/20/12,,,
,,,
"Figure 7: Serious violent crime against youth ages 12 to 17, by location of residence, 1994-2010 ",,,
Year,Urban,Suburban,Rural
1994,79.07,61.05,45.57
1995,75.44,47.28,35.67
1996,68.22,39.84,26.21
1997,68.18,35.52,33.59
1998,56.25,36.95,21.23
1999,48.92,38.04,10.55
2000,43.96,26.25,13.53
2001,25.18,22.25,15.55
2002,20.17,20.85,13.35
2003,23.38,19.65,15.07
2004,21.8,17.31,15.24
2005,20.65,11.63,12.72
2006,22.88,13.22,12.45
2007,16.93,17.56,16.53
2008,14.75,17.48,15
2009,19.03,14.34,13.87
2010,19.08,11.69,12.65
Note: Data based on 2-year rolling averages beginning in 1993. See appendix table 9 for standard errors. ,,,
"Source: Bureau of Justice Statistics, National Crime Victimization Survey, 1993-2010.",,,
