Bureau of Justice Statistics,,,,
Filename: vcay9410f09.csv,,,,
"Figure 9: Serious violent crime and simple assault against youth ages 12 to 17, by household structure, 1994-2010",,,,
"Report title: Violent Crime Against Youth,1994-2010   NCJ 240106",,,,
"Data source: Bureau of Justice Statistics, National Crime Victimization Survey, 1993-2010",,,,
Authors: Nicole White and Janet L. Lauritsen,,,,
Refer questions to askbjs@usdoj.gov (202) 307-0765,,,,
Date of version: 12/20/12,,,,
,,,,
"Figure 9: Serious violent crime and simple assault against youth ages 12 to 17, by household structure, 1994-2010",,,,
Year,Serious violent crime - married head of household,Serious violent crime - unmarried head of household,Simple assault - married head of household,Simple assault - unmarried head of household
1994,53.27,80.15,111.05,159.76
1995,44.06,68.86,106.79,152.91
1996,37.05,60.33,94.77,137.33
1997,32.59,70.16,82.34,132.3
1998,27.44,65.54,75.19,118.79
1999,25.41,57.49,65.93,102.54
2000,20.58,46.65,55.43,73.2
2001,14.06,39.13,48.85,59.49
2002,12.16,34.81,46.2,55.96
2003,15.24,29.76,42.95,66.86
2004,13.55,27.77,36.82,64.03
2005,10.06,23.08,38.94,43.85
2006,12.42,22.93,40.79,48.53
2007,15.48,20.85,37.72,53.73
2008,14.8,19.51,37.02,52.26
2009,11.57,24.18,28.3,43.59
2010,7.43,27.76,17.92,29.5
Note: Data based on 2-year rolling averages beginning in 1993. See appendix table 11 for standard errors. ,,,,
"Source: Bureau of Justice Statistics, National Crime Victimization Survey, 1993-2010.",,,,
