Bureau of Justice Statistics,,,
Filename: vcay9410at15.csv,,,
"Appendix table 15: Standard errors for table 11: Hour-adjusted rates of serious violent crime and simple assault against youth ages 12 to 17, by time of incident, 2000 and 2010",,,
"Report title: Violent Crime Against Youth,1994-2010   NCJ 240106",,,
"Data source: Bureau of Justice Statistics, National Crime Victimization Survey, 1993-2010",,,
Authors: Nicole White and Janet L. Lauritsen,,,
Refer questions to askbjs@usdoj.gov (202) 307-0765,,,
Date of version: 12/20/12,,,
,,,
"Appendix table 15: Standard errors for table 11: Hour-adjusted rates of serious violent crime and simple assault against youth ages 12 to 17, by time of incident, 2000 and 2010",,,
,,"Rate per 1,000 youth",
Time of incident,,2000,2010
Serious violent crime,,,
,6 a.m. - 3 p.m.,0.3,0.3
,3 p.m. - 6 p.m.,0.5,0.4
,6 p.m. - 9 p.m.,0.3,0.3
,9 p.m. - 6 a.m.,0.2,0.1
Simple assault,,,
,6 a.m. - 3 p.m.,0.6,0.4
,3 p.m. - 6 p.m.,0.7,0.5
,6 p.m. - 9 p.m.,0.5,0.2
,9 p.m. - 6 a.m.,0.2,0.1
"Source: Bureau of Justice Statistics, National Crime Victimization Survey, 1993-2010.",,,
