Bureau of Justice Statistics,,,
Filename: vcay9410f05.csv,,,
"Figure 5: Serious violent crime against youth ages 12 to 17, by race and ethnicity, 1994-2010",,,
"Report title: Violent Crime Against Youth,1994-2010   NCJ 240106",,,
"Data source: Bureau of Justice Statistics, National Crime Victimization Survey, 1993-2010",,,
Authors: Nicole White and Janet L. Lauritsen,,,
Refer questions to askbjs@usdoj.gov (202) 307-0765,,,
Date of version: 12/20/12,,,
,,,
"Figure 5: Serious violent crime against youth ages 12 to 17, by race and ethnicity, 1994-2010",,,
Year,White*,Black*,Hispanic
1994,56.15,74.12,84.54
1995,44.91,59.22,76.15
1996,40.32,44.49,53.83
1997,40.8,49.6,53.01
1998,35.49,51.09,45.84
1999,32.99,46.46,39.35
2000,25.88,36.89,38.39
2001,18.23,27.1,34.58
2002,15.77,24.48,32.22
2003,19.46,17.45,26.94
2004,20.49,18.65,12.44
2005,13.62,23.86,11.34
2006,14,24.15,15.8
2007,15.61,28.98,12.94
2008,13.7,29.51,16.73
2009,12.88,26.87,18.34
2010,11.66,25.39,11.27
Note: Data based on 2-year rolling averages beginning in 1993. See appendix table 7 for standard errors.,,,
*Excludes persons of Hispanic or Latino origin. ,,,
"Source: Bureau of Justice Statistics, National Crime Victimization Survey, 1993-2010.",,,
