"Bureau of Justice Statistics",,,,,,,,,,,
"Filename:  cf981_03.csv",,,,,,,,,,,
"Table #:  1.3.  Characteristics of persons arrested by U.S. Marshals,  October 1, 1997-September 30, 1998",,,,,,,,,,,
"Report title:  Compendium of Federal Justice Statistics, 1998  NCJ 180258",,,,,,,,,,,
"Data source:  Federal Justice Statistics Program (database maintained by The Urban Institute)",,,,,,,,,,,
"Refer questions to:  Askbjs@ojp.usdoj.gov  202-307-0765",,,,,,,,,,,
"Contact:  John Scalia  ",,,,,,,,,,,
"Date of version:  5/8/00",,,,,,,,,,,
,,,,,,,,,,,
"Table 1.3.  Characteristics of persons arrested by U.S. Marshals, October 1, 1997 - September 30, 1998",,,,,,,,,,,
,,,,,,,,,,,
,,,"Percent of persons arrested on--",,,,,,,,
,,"Number",,,"Property",,"","Public order",,"","Material"
"Arrestee characteristic",,"arrested","All","Violent","Fraudulent","Other","Drug","Regulatory","Other","Supervision","witness"
"All arrestees",,104422,100,4.8,12.7,3.4,28.9,0.7,31.6,14.6,3.3
"Male/Female",,,,,,,,,,,
,"Male",88998,85.2,85.3,83.6,84.2,85.1,86.3,86.0,84.8,86.7
,"Female",15473,14.8,14.7,16.4,15.8,14.9,13.7,14.0,15.2,13.3
"Race",,,,,,,,,,,
,"White",73091,70.0,61.5,61.3,60.0,67.6,67.8,77.8,65.8,91.0
,"Black",26457,25.3,31.1,33.6,33.5,28.5,26.2,17.5,29.3,6.0
,"Other",4923,4.7,7.4,5.1,6.5,3.9,6.0,4.7,4.9,3.0
"Age",,,,,,,,,,,
,"Under 18 years",2510,2.4,2.6,1.6,1.7,2.1,2.6,3.0,2.2,3.3
,"19-20 years",6419,6.2,6.2,4.8,5.5,6.0,4.2,7.1,5.4,8.4
,"21-30 years",41985,40.2,38.5,37.5,38.8,39.6,35.8,42.7,38.9,44.3
,"31-40 years",30414,29.1,28.9,30.4,30.3,29.3,30.9,28.1,29.8,28.6
,"Over 40 years",23035,22.1,23.9,25.8,23.7,23.0,26.4,19.1,23.7,15.5
"Citizenship",,,,,,,,,,,
,"U.S. citizen",60166,57.6,68.4,68.3,68.6,61.9,63.9,45.7,64.5,32.8
,"Not U.S. citizen",34600,33.1,21.8,20.4,20.2,29.2,15.9,46.3,24.6,61.8
,"Missing/Indeterminable",9714,9.3,9.8,11.3,11.2,8.9,20.2,8.0,10.9,5.4
