Bureau of Justice Statistics,,,,,
Filename: cpsc12at02.csv,,,,,
"Appendix table 2. Standard errors for figure 2: Participants ineligible for selected problem-solving courts based on prior violent or sex offenses, 2012",,,,,
"Report title: Census of Problem-Solving Courts, 2012 NCJ 249803",,,,,
"Data source: Census of Problem-Solving Courts, 2012",,,,,
"Authors: Suzanne M. Strong, Ph.D., and Ramona R. Rantala, Tracey Kyckelhahn, Ph.D.",,,,,
Refer questions to: askbjs@usdoj.gov   202-307-0765,,,,,
Date of version: 09/07/2016,,,,,
,,,,,
"Appendix table 2. Standard errors for figure 2: Participants ineligible for selected problem-solving courts based on prior violent or sex offenses, 2012",,,,,
,,Reason for ineligibility,,,
Type of court,,Violent offense,,Sex offense,
,All courts,0.27,%,0.26,%
Domestic violence,,0.76,,0.78,
Veterans,,1.21,,1.21,
"Source: Bureau of Justice Statistics, Census of Problem-Solving Courts, 2012.",,,,,
