"Bureau of Justice Statistics",
"filename:  fleo9803.csv",
"Table 3.  Employment by offices of inspector general of full-time personnel authorized to make arrests and carry firearms, June 1998",
"title: Federal Law Enforcement Officers, 1998, NCJ 177607",
"data source:  1998 Federal Law Enforcement Agency Census",
"authors:  Brian A. Reaves, Ph.D. and Timothy C. Hart ",
"refer questions to: askbjs@ojp.usdoj.gov (202)307-0765",
"date of version: 3/8/00",
,
"Table 3.  Employment by offices of inspector general of full-time personnel authorized to make arrests and carry firearms, June 1998",
,
,
,"Number of full-time Federal "
,"officers authorized to carry "
"Office of inspector general","firearms and make arrests"
,
"    Total",2212
," "
"Department of Defense",339
"Department of Health and Human Services",272
"Department of Agriculture",246
"Social Security Administration",216
"Department of Housing and Urban Development",160
,
"Department of Justice",141
"Department of Labor",128
"Department of Transportation",86
"Department of Education",73
"Department of Veterans Affairs",64
,
"General Services Administration",59
"Environmental Protection Agency",54
"National Aeronautics and Space Administration",54
"Small Business Administration",41
"Department of the Interior",36
,
"Department of Energy",36
"Federal Deposit Insurance Corporation",36
"Department of the Treasury",33
"Department of State",32
"Federal Emergency Management Agency",28
,
"U.S. Railroad Retirement Board",19
"Nuclear Regulatory Commission",16
"Agency for International Development",13
"Department of Commerce",13
"Office of Personnel Management",11
"Government Printing Office",6
,
" Note:  Table excludes 13 investigators employed in the U.S. Territories by the following offices of inspector general:  ",
"Federal  Emergency Management Agency, 5; Social Security Administration 3; Department of the Interior 2;  ",
"Housing and Urban Development, 2; and Department of Education, 1.",
