"Bureau of Justice Statistics",
"filename:  fleo98f2.csv",
"Figure 2.  Gender and race or ethnicity of full-time Federal officers with arrest and firearm authority, June 1998",
"title: Federal Law Enforcement Officers, 1998, NCJ 177607",
"data source:  1998 Federal Law Enforcement Agency Census",
"authors:  Brian A. Reaves, Ph.D. and Timothy C. Hart ",
"refer questions to: askbjs@ojp.usdoj.gov (202)307-0765",
"date of version: 3/8/00",
,
,
"Figure 2.  Gender and race or ethnicity of full-time Federal officers with arrest and firearm authority, June 1998",
,
,"Percent of"
,"Federal officers"
,
"Male",85.80%
"Female",14.20%
,
"White*",70.60%
"Hispanic/Latino, any race",14.60%
"African American/Black*",11.30%
"Asian/Pacific Islander",2.20%
"American Indian/Alaska Native",1.10%
,
"* Non-Hispanic",
