"Bureau of Justice Statistics",,,,,,,,,
"Filename: fcc98a12.csv",,,,,,,,,
"Table A.12.  Offenders convicted and sentenced in U.S. district courts:  Number sentenced to",,,,,,,,,
"probation only, by offense, 1994-1998",,,,,,,,,
"Report title:  Federal Criminal Statistics:  Reconciled Data, 1998   NCJ  169277",,,,,,,,,
"Data source:  Federal justice statistics database maintained by The Urban Institute",,,,,,,,,
"Contact:  John Scalia  ",,,,,,,,,
"refer questions to:  askbjs@ojp.usdoj.gov   (202) 307-0765",,,,,,,,,
"Date of version:   8/24/99",,,,,,,,,
,,,,,,,,,
,,,,,,,,,
"Table A.12.  Offenders convicted and sentenced in U.S. district courts:  Number sentenced to",,,,,,,,,
"probation only, by offense, 1994-1998",,,,,,,,,
,,,,,,,,,
"Most serious offense of conviction",,,,,1994,1995,1996,1997,1998
,,,," All offenses\a",12781.0,11602.0,11789.0,12046.0,12108.0
"Felonies",,,,,7677.0,7030.0,7138.0,7387.0,7208.0
,"Violent offenses\b",,,,164.0,198.0,209.0,223.0,235.0
,"Property offenses",,,,4327.0,3987.0,4035.0,4275.0,4044.0
,,"Fraudulent\b",,,3477.0,3217.0,3238.0,3475.0,3249.0
,,"Other\b",,,850.0,770.0,797.0,800.0,795.0
,"Drug offenses",,,,1204.0,992.0,1011.0,1054.0,1092.0
,,"Trafficking",,,1139.0,926.0,888.0,940.0,952.0
,,"Possession and other",,,65.0,66.0,123.0,114.0,140.0
,"Public-order offenses",,,,1982.0,1853.0,1883.0,1835.0,1837.0
,,"Regulatory",,,575.0,531.0,542.0,522.0,582.0
,,"Other",,,1407.0,1322.0,1341.0,1313.0,1255.0
,,,"Weapons",,296.0,221.0,229.0,182.0,208.0
,,,"Immigration offenses",,217.0,204.0,376.0,310.0,769.0
,,,"Tax law violations\b",,388.0,386.0,338.0,379.0,359.0
,,,"Other",,506.0,511.0,398.0,442.0,410.0
"Misdemeanors\b",,,,,5103.0,4556.0,4631.0,4612.0,4844.0
"Unknown or indeterminable offense",,,,,1.0,16.0,20.0,47.0,56.0
,,,,,,,,,
"See printed report for footnotes.",,,,,,,,,
