"Bureau of Justice Statistics",,,,,,,,,
"Filename: fcc98a10.csv",,,,,,,,,
"Table A.10.  Offenders convicted and sentenced in U.S. district courts:  Number sentenced to prison, ",,,,,,,,,
"by offense, 1994-1998",,,,,,,,,
"Report title:  Federal Criminal Statistics:  Reconciled Data, 1998   NCJ  169277",,,,,,,,,
"Data source:  Federal justice statistics database maintained by The Urban Institute",,,,,,,,,
"Contact:  John Scalia  ",,,,,,,,,
"refer questions to:  askbjs@ojp.usdoj.gov   (202) 307-0765",,,,,,,,,
"Date of version:   8/24/99",,,,,,,,,
,,,,,,,,,
,,,,,,,,,
"Table A.10.  Offenders convicted and sentenced in U.S. district courts:  Number sentenced to prison, ",,,,,,,,,
,,,"by offense, 1994-1998",,,,,,
,,,,,,,,,
"Most serious offense of conviction",,,,,1994,1995,1996,1997,1998
,,,," All offenses\a",33022.0,31805.0,36373.0,39431.0,42405.0
"Felonies",,,,,31070.0,29759.0,34345.0,37747.0,40879.0
,"Violent offenses\b",,,,2518.0,2209.0,2419.0,2619.0,2771.0
,"Property offenses",,,,6411.0,6215.0,6559.0,7110.0,6873.0
,,"Fraudulent\b",,,4868.0,4928.0,5322.0,5871.0,5738.0
,,"Other\b",,,1543.0,1287.0,1237.0,1239.0,1235.0
,"Drug offenses",,,,14973.0,13502.0,15984.0,17637.0,19034.0
,,"Trafficking",,,14841.0,13133.0,15248.0,16718.0,17779.0
,,"Possession and other",,,132.0,369.0,736.0,919.0,1255.0
,"Public-order offenses",,,,7168.0,7833.0,9383.0,10381.0,12101.0
,,"Regulatory",,,644.0,572.0,540.0,603.0,500.0
,,"Other",,,6524.0,7261.0,8843.0,9778.0,11601.0
,,,"Weapons",,2901.0,2803.0,2773.0,2663.0,2857.0
,,,"Immigration offenses",,1857.0,2751.0,4183.0,5262.0,6853.0
,,,"Tax law violations\b",,314.0,265.0,311.0,317.0,360.0
,,,"Other",,1452.0,1442.0,1576.0,1536.0,1531.0
"Misdemeanors\b",,,,,1948.0,2039.0,2020.0,1679.0,1498.0
"Unknown or indeterminable offense",,,,,4.0,7.0,8.0,5.0,28.0
,,,,,,,,,
"See printed report for footnotes.",,,,,,,,,
