"Bureau of Justice Statistics",,,,
"Filename: fcc98f04.csv",,,,
"Figure 4.  Offenders under Federal supervision",,,,
"Report title:  Federal Criminal Statistics:  Reconciled Data, 1998   NCJ  169277",,,,
"Data source:  Federal justice statistics database maintained by The Urban Institute",,,,
"Contact:  John Scalia  ",,,,
"refer questions to:  askbjs@ojp.usdoj.gov   (202) 307-0765",,,,
"Date of version:   8/24/99",,,,
,,,,
,,,,
"Figure 4.  Offenders under Federal supervision",,,,
,,,,
,"Total","Probation","Parole","Supervised release"
1987,71361,53457,17904,0
1988,74271,54487,19784,0
1989,77600,54635,22121,844
1990,84801,53754,25770,5277
1991,84623,46491,26788,11344
1992,87731,46947,21852,18932
1993,87820,45539,16351,25930
1994,88210,41596,13551,33063
1995,85662,35778,9844,40040
1996,88189,33645,8569,45975
1997,90751,32739,6872,51140
1998,92813,32164,5827,54822
