"Bureau of Justice Statistics",,,,,
"Filename: fcc98f02.csv",,,,,
"Figure 2.  Number of defendants in criminal cases terminated in U.S. district court, by category of offense",,,,,
"Report title:  Federal Criminal Statistics:  Reconciled Data, 1998   NCJ  169277",,,,,
"Data source:  Federal justice statistics database maintained by The Urban Institute",,,,,
"Contact:  John Scalia  ",,,,,
"refer questions to:  askbjs@ojp.usdoj.gov   (202) 307-0765",,,,,
"Date of version:   8/24/99",,,,,
,,,,,
"Figure 2.  Number of defendants in criminal cases terminated in U.S. district court, by category of offense",,,,,
,,,,,
,"Violent","Property","Drug","P-O","Total"
1980,2871,13544,7119,15638,39172
1981,3022,13851,8077,15887,40837
1982,3111,15340,8987,15301,42739
1983,2737,16384,9774,16963,45858
1984,2814,15969,11361,18380,48524
1985,2871,16250,12984,19009,51114
1986,2818,17286,14746,19202,54052
1987,2850,17175,16443,18153,54621
1988,2697,16261,16710,18524,54192
1989,2805,16188,19750,18916,57659
1990,2857,16128,20035,19684,58704
1991,3124,15749,21203,20115,60191
1992,3601,16876,22728,19910,63115
1993,3581,17440,24127,19484,64632
1994,3367,16545,21584,19907,61403
1995,3041,15777,19569,18064,56451
1996,3297,16422,21718,19961,61398
1997,3088,15180,20831,17418,56517
1998,3325,15165,22648,19766,60904
