"Bureau of Justice Statistics",,,,,,,,,
"Filename: fccp9806.csv",,,,,,,,,
"Table 6.  Criminal appeals filed, by type of criminal case and offense, October 1, 1997 - September 30, 1998",,,,,,,,,
"Report title:  Federal Criminal Statistics:  Reconciled Data, 1998   NCJ  169277",,,,,,,,,
"Data source:  Federal justice statistics database maintained by The Urban Institute",,,,,,,,,
"Contact:  John Scalia  ",,,,,,,,,
"refer questions to:  askbjs@ojp.usdoj.gov   (202) 307-0765",,,,,,,,,
"Date of version:   8/24/99",,,,,,,,,
,,,,,,,,,
,,,,,,,,,
,,,,,,,,,
"Table 6.  Criminal appeals filed, by type of criminal case and offense, October 1, 1997 - September 30, 1998",,,,,,,,,
,,,,,,,,,
,,,"Number of criminal appeals filed",,,,,,
,,,,,"Guidelines-based appeals",,,,
,,,,,,"Sentence","Conviction","Sentence and",
"Most serious offense of conviction\a",,,"Total","Preguideline","Total","only","only","conviction","Other"
,," All offenses\b",10535.0,1592.0,8943.0,2493.0,1258.0,4996.0,196.0
"Violent offenses\c",,,742.0,111.0,631.0,177.0,101.0,347.0,6.0
"Property offenses",,,1947.0,333.0,1614.0,464.0,233.0,870.0,47.0
,"Fraudulent\c",,1439.0,248.0,1191.0,359.0,170.0,623.0,39.0
,"Other\c",,508.0,85.0,423.0,105.0,63.0,247.0,8.0
"Drug offenses",,,4845.0,652.0,4193.0,1216.0,567.0,2308.0,102.0
"Public-order offenses",,,2553.0,295.0,2258.0,553.0,313.0,1358.0,34.0
,"Regulatory",,178.0,26.0,152.0,35.0,31.0,85.0,1.0
,"Other",,2375.0,269.0,2106.0,518.0,282.0,1273.0,33.0
,,"Weapons",982.0,116.0,866.0,180.0,149.0,523.0,14.0
,,"Immigration offenses",693.0,28.0,665.0,208.0,68.0,389.0,0
,,"Tax law violations\c",122.0,21.0,101.0,20.0,10.0,64.0,7.0
,,"Other",578.0,104.0,474.0,110.0,55.0,297.0,12.0
"Unknown or indeterminable offense",,,448.0,201.0,247.0,83.0,44.0,113.0,7.0
,,,,,,,,,
"See printed report for footnotes.",,,,,,,,,
