"Bureau of Justice Statistics",,,,,,,,,,,,
"Filename: fccp9804.csv",,,,,,,,,,,,
"Table 4.  Disposition of defendants in cases terminating in U.S. district court,",,,,,,,,,,,,
"court, by offense, October 1, 1997 - September 30, 1998",,,,,,,,,,,,
"Report title:  Federal Criminal Statistics:  Reconciled Data, 1998   NCJ  169277",,,,,,,,,,,,
"Data source:  Federal justice statistics database maintained by The Urban Institute",,,,,,,,,,,,
"Contact:  John Scalia  ",,,,,,,,,,,,
"refer questions to:  askbjs@ojp.usdoj.gov   (202) 307-0765",,,,,,,,,,,,
"Date of version:   8/24/99",,,,,,,,,,,,
,,,,,,,,,,,,
"Table 4.  Disposition of defendants in cases terminating in U.S. district court, by offense, October 1, 1997 - September 30, 1998",,,,,,,,,,,,
,,,,,,,,,,,,
,,,,"Defendants in cases terminated in U.S. district courts",,,,,,,,
,,,,"Number",,,,,,,,
,,,,"of total","Percent","Number convicted",,,,"Number not convicted",,
"Most serious offense charged\a",,,,"defendants","convicted","Total","Plea\b","Trial\c",,"Total","Dismissed\d","Acquitted\c"
,,," All offenses\e",69769.0,87.4,60958.0,57266.0,3692.0,,8811.0,7621.0,1190.0
"Felonies",,,,56160.0,89.9,50494.0,47360.0,3134.0,,5666.0,5012.0,654.0
,"Violent offenses\f",,,3418.0,90.1,3078.0,2813.0,265.0,,340.0,270.0,70.0
,"Property offenses",,,13215.0,89.8,11862.0,11207.0,655.0,,1353.0,1193.0,160.0
,,"Fraudulent\f",,10854.0,89.8,9752.0,9275.0,477.0,,1102.0,976.0,126.0
,,"Other\f",,2361.0,89.4,2110.0,1932.0,178.0,,251.0,217.0,34.0
,"Drug offenses",,,23432.0,89.1,20867.0,19365.0,1502.0,,2565.0,2312.0,253.0
,,"Trafficking",,21867.0,88.8,19417.0,18005.0,1412.0,,2450.0,2210.0,240.0
,,"Possession and other",,1565.0,92.7,1450.0,1360.0,90.0,,115.0,102.0,13.0
,"Public-order offenses",,,16095.0,91.3,14687.0,13975.0,712.0,,1408.0,1237.0,171.0
,,"Regulatory",,1353.0,87.7,1187.0,1134.0,53.0,,166.0,146.0,20.0
,,"Other",,14742.0,91.6,13500.0,12841.0,659.0,,1242.0,1091.0,151.0
,,,"Weapons",3650.0,86.6,3160.0,2820.0,340.0,,490.0,406.0,84.0
,,,"Immigration offenses",7985.0,94.8,7569.0,7502.0,67.0,,416.0,403.0,13.0
,,,"Tax law violations\f",795.0,94.6,752.0,694.0,58.0,,43.0,37.0,6.0
,,,"Other",2312.0,87.3,2019.0,1825.0,194.0,,293.0,245.0,48.0
"Misdemeanors\f",,,,13503.0,76.8,10375.0,9820.0,555.0,,3128.0,2593.0,535.0
"Unknown or indeterminable offense",,,,106.0,84.0,89.0,86.0,3.0,,17.0,16.0,1.0
,,,,,,,,,,,,
"See printed report for footnotes.",,,,,,,,,,,,
