"Bureau of Justice Statistics",,,,,,,,,,,
"Filename: fccp9805.csv",,,,,,,,,,,
"Table 5. Sanctions imposed on offenders convicted and sentenced in U.S. district courts, ",,,,,,,,,,,
"by offense, October 1, 1997 - September 30, 1998",,,,,,,,,,,
"Report title:  Federal Criminal Statistics:  Reconciled Data, 1998   NCJ  169277",,,,,,,,,,,
"Data source:  Federal justice statistics database maintained by The Urban Institute",,,,,,,,,,,
"Contact:  John Scalia  ",,,,,,,,,,,
"refer questions to:  askbjs@ojp.usdoj.gov   (202) 307-0765",,,,,,,,,,,
"Date of version:   8/24/99",,,,,,,,,,,
,,,,,,,,,,,
,,,,,,,,,,,
"Table 5. Sanctions imposed on offenders convicted and sentenced in U.S. district courts, by offense, October 1, 1997 - ",,,,,,,,,,,
,"September 30, 1998",,,,,,,,,,
,,,,"Offenders convicted and sentenced",,,,,,,
,,,,"Number",,,,,,"",
,,,,,"Imprison-","Mixed",,,,"Imprisonment imposed\f",
"Most serious offense of conviction\a",,,,"Total","ment only\b","sentence\c","Probation\d","Fine only","Other\e","Mean","Median"
,,," All offenses\g",60958.0,42405.0,636.0,12108.0,3199.0,2404.0,58.9,33.0
"Felonies",,,,50494.0,40879.0,541.0,7208.0,252.0,1478.0,60.6,35.0
,"Violent offenses\h",,,3078.0,2771.0,37.0,235.0,6.0,29.0,84.4,57.0
,"Property offenses",,,11862.0,6873.0,141.0,4044.0,127.0,512.0,25.6,15.0
,,"Fraudulent\h",,9752.0,5738.0,122.0,3249.0,118.0,466.0,22.4,15.0
,,"Other\h",,2110.0,1235.0,19.0,795.0,9.0,46.0,40.4,19.0
,"Drug offenses",,,20867.0,19034.0,246.0,1092.0,38.0,425.0,78.7,57.0
,,"Trafficking",,19417.0,17779.0,234.0,952.0,33.0,387.0,78.3,57.0
,,"Possession and other",,1450.0,1255.0,12.0,140.0,5.0,38.0,84.3,60.0
,"Public-order offenses",,,14687.0,12101.0,117.0,1837.0,81.0,512.0,47.3,24.0
,,"Regulatory",,1187.0,500.0,6.0,582.0,46.0,48.0,27.8,15.0
,,"Other",,13500.0,11601.0,111.0,1255.0,35.0,464.0,48.1,26.0
,,,"Weapons",3160.0,2857.0,57.0,208.0,5.0,29.0,101.3,60.0
,,,"Immigration offenses",7569.0,6853.0,27.0,769.0,7.0,383.0,26.4,24.0
,,,"Tax law violations\h",752.0,360.0,16.0,359.0,9.0,6.0,18.2,12.0
,,,"Other",2019.0,1531.0,11.0,410.0,14.0,46.0,54.4,30
"Misdemeanors\h",,,,10375.0,1498.0,92.0,4844.0,2947.0,924.0,11.6,4.0
"Unknown or indeterminable offense",,,,89.0,28.0,3,56.0,0,2.0,33.8,28.5
,,,,,,,,,,,
"See printed report for footnotes.",,,,,,,,,,,
