"Bureau of Justice Statistics",,,,,
"Filename: fccp9803.csv",,,,,
"Table 3.  Defendants in cases proceeded against in U.S. district ",,,,,
"courts, by offense, October 1, 1997 - September 30, 1998",,,,,
"Report title:  Federal Criminal Statistics:  Reconciled Data, 1998   NCJ  169277",,,,,
"Data source:  Federal justice statistics database maintained by The Urban Institute",,,,,
"Contact:  John Scalia  ",,,,,
"refer questions to:  askbjs@ojp.usdoj.gov   (202) 307-0765",,,,,
"Date of version:   8/24/99",,,,,
,,,,,
"Table 3.  Defendants in cases proceeded against in U.S. district ",,,,,
,,"courts, by offense, October 1, 1997 - September 30, 1998",,,
,,,,,
,,,,,
,,,,"Defendants in cases commenced",
"Most serious offense charged\a",,,,"Number","Percent\b"
,,," All offenses\c",78172.0,100.0
"Felonies",,,,64769.0,82.9
,"Violent offenses\d",,,3763.0,4.8
,"Property offenses",,,14955.0,19.1
,,"Fraudulent\d",,12401.0,15.9
,,"Other\d",,2554.0,3.3
,"Drug offenses",,,28021.0,35.8
,,"Trafficking",,26318.0,33.7
,,"Possession and other",,1703.0,2.2
,"Public-order offenses",,,18030.0,23.1
,,"Regulatory",,1359.0,1.7
,,"Other",,16671.0,21.3
,,,"Weapons",4287.0,5.5
,,,"Immigration offenses",9254.0,11.8
,,,"Tax law violations\d",673.0,0.9
,,,"Other",2457.0,3.1
"Misdemeanors\d",,,,13254.0,17.0
"Unknown or indeterminable offense",,,,149.0,
,,,,,
"See printed report for footnotes.",,,,,
