Bureau of Justice Statistics,,,,,,,
Filename:  jeeus1001.csv,,,,,,,
"Table 1:  Percent distribution of expenditure for the justice system by type of government, fiscal 2010",,,,,,,
"Series title:  Justice Expenditure and Employment Extracts 2010 - Preliminary, NCJ 242544",,,,,,,
Data source:  Justice Expenditure and Employment Extracts Program (JEE),,,,,,,
"Authors: Tracey Kyckelhahn, Tara Martin",,,,,,,
Refer questions to:  askbjs@ojp.usdoj.gov (202) 307-0765,,,,,,,
Date of version:  7/1/2013,,,,,,,
,,,,,,,
"Table 1.   Percent distribution of expenditure for the justice system by type of government, fiscal 2010",,,,,,,
,,,,,,,
,Amount (thousands of dollars),,,,Percent distribution,,
,,,,,,,
Activity,,Federal,State,Local,Federal,State,Local
,All governments/a,government,governments,governments,government,governments,governments
,,,,,,,
Total justice system,260533129,54384819,84871303,131704218,-,-,-
Direct expenditure,260533129,49536000,79465441,131531688,19,30.5,50.5
Intergovernmental expenditure,-,4848819,5405862,172530,-,-,-
,,,,,,,
Police protection,124191060,31525685,13828055,83106216,-,-,-
Direct expenditure,124191060,28715000,12376317,83099743,23.1,10,66.9
Intergovernmental expenditure,-,2810685,1451738,6473,-,-,-
,,,,,,,
Judicial and legal,56100520,14352695,22493697,22074259,-,-,-
Direct expenditure,56100520,13073000,20993935,22033585,23.3,37.4,39.3
Intergovernmental expenditure,-,1279695,1499762,40674,-,-,-
,,,,,,,
Corrections,80241549,8506439,48549551,26523743,-,-,-
Direct expenditure,80241549,7748000,46095189,26398360,9.7,57.4,32.9
Intergovernmental expenditure,-,758439,2454362,125383,-,-,-
,,,,,,,
"Notes:  Local government data are estimates subject to sampling variability. Federal Government data are for the fiscal period beginning October 1, 2009 and ending September 30, 2010.",,,,,,,
"a/ The total lines for each criminal justice activity, and for the total justice system, exclude duplicative intergovernmental amounts. This was done to avoid the artificial inflation that would result if an intergovernmental expenditure of a government were tabulated and then counted again when the recipient government(s) expended the amount. The intergovernmental expenditure lines are not totaled for the same reason. ",,,,,,,
