Bureau of Justice Statistics,,,,,,,,,,,
Filename: cbajtsc05t12.csv,,,,,,,,,,,
"Table 12. State court contract trials in which plaintiff or defendant gave notice of appeal, by case type, 2005",,,,,,,,,,,
"Report title: Contract Bench and Jury Trials in State Courts, 2005  NCJ 225634",,,,,,,,,,,
"Data source: Civil Justice Survey of State Courts, 2005",,,,,,,,,,,
"Authors: Donald J. Farole, Jr., Ph.D.",,,,,,,,,,,
Refer questions to: askbjs@usdoj.gov 202-307-0765,,,,,,,,,,,
"Date of version: September 29, 2009",,,,,,,,,,,
,,,,,,,,,,,
,,,,,,,,,,,
"Table 12. State court contract trials in which plaintiff or defendant gave notice of appeal, by case type, 2005",,,,,,,,,,,
,,Contract trials with plaintiff winners,,,,,Contract trials with defendant winners,,,,
,,,Percent of trials appealed by�,,,,,Percent of trials appealed by�,,,
Case type,,Number ,Plaintiff ,,Defendant,,Number ,Plaintiff ,,Defendant,
Total/a,,"5,932",5.3,%,18.2,%,"2,918",21.5,%,2.6,%
,Fraud,668,3.4,%,21.6,%,442,24.1,%,4.2,%
,Seller plaintiff,"2,194",3.1,,15.5,,685,20.3,,1,
,Buyer plaintiff,"1,655",7.9,,13.9,,899,17.3,,4.6,
,Mortgage foreclosure,223,0.9,,8.5,,26,15.2,,0,
,Employment discrimination,190,5.9,,26.2,,129,21.6,,0,
,Other employment dispute/b,303,11.9,,46.5,,255,22.9,,0.9,
,Rental/lease,342,5.1,,20.2,,263,28.9,,2,
,Tortious interference,93,14.3,,28.9,,58,39.8,,1.7,
,Partnership dispute,84,7.1,,56,,35,5.7,,0,
,Subrogation,44,0,,0,,37,3.4,,0,
,Other or unknown contract,137,5.8,,10.4,,89,39.2,,0,
Note: Contract trial appeals data were available for 99.5% of contract trials where the plaintiff prevailed and 100%  of contract trials where the plaintiff did not prevail.,,,,,,,,,,,
"a/Includes bench and jury trials, trials with a directed verdict or judgment notwithstanding the verdict, and jury trials for defaulted defendants.",,,,,,,,,,,
b/Excludes discrimination claims against employers.,,,,,,,,,,,
