Bureau of Justice Statistics,,,,,,,,,,
Filename: cbajtsc05t02.csv,,,,,,,,,,
"Table 2. Contract trials disposed of in state courts, by case type, 2005",,,,,,,,,,
"Report title: Contract Bench and Jury Trials in State Courts, 2005  NCJ 225634",,,,,,,,,,
"Data source: Civil Justice Survey of State Courts, 2005",,,,,,,,,,
"Authors: Donald J. Farole, Jr., Ph.D.",,,,,,,,,,
Refer questions to: askbjs@usdoj.gov 202-307-0765,,,,,,,,,,
"Date of version: September 29, 2009",,,,,,,,,,
,,,,,,,,,,
"Table 2. Contract trials disposed of in state courts, by case type, 2005",,,,,,,,,,
,,All contract trials,,,,,,,,
,,,Percent of total trials,,Type of trial,,,,,
Case type,,Number,,,Total,,Jury/a,,Bench,
,Total,"8,917",100,%,100,%,36,%,64,%
Seller plaintiff,,"2,883",32.3,%,100,%,16.6,%,83.4,%
Buyer plaintiff,,"2,591",29.1,,100,%,44.1,,55.9,
Fraud,,"1,113",12.5,,100,%,50.1,,49.9,
Rental/lease,,606,6.8,,100,%,19.3,,80.7,
Other employment dispute/b,,558,6.3,,100,%,62.9,,37.1,
Employment discrimination,,319,3.6,,100,%,91.2,,8.8,
Mortgage foreclosure,,249,2.8,,100,%,3.6,,96.4,
Other or unknown contract,,245,2.7,,100,%,52.2,,47.8,
Tortious interference,,152,1.7,,100,%,61.8,,38.2,
Partnership dispute,,120,1.3,,100,%,32.5,,67.5,
Subrogation,,81,0.9,,100,%,7.4,,92.6,
"Note: Data for trial and case type were available for 100% of the 8,917 contract trials. Detail may not sum to total because of rounding.",,,,,,,,,,
a/Includes trials with a directed verdict or judgment not withstanding the verdict and jury trials for defaulted defendants.,,,,,,,,,,
b/Excludes discrimination claims against employers.,,,,,,,,,,
