Bureau of Justice Statistics,,,,,,,,,,,,,,,
Filename: cbajtsc05t11.csv,,,,,,,,,,,,,,,
"Table 11. Post-verdict relief granted to plaintiffs or defendants in state court contract trials, by winners, 2005",,,,,,,,,,,,,,,
"Report title: Contract Bench and Jury Trials in State Courts, 2005  NCJ 225634",,,,,,,,,,,,,,,
"Data source: Civil Justice Survey of State Courts, 2005",,,,,,,,,,,,,,,
"Authors: Donald J. Farole, Jr., Ph.D.",,,,,,,,,,,,,,,
Refer questions to: askbjs@usdoj.gov 202-307-0765,,,,,,,,,,,,,,,
"Date of version: September 29, 2009",,,,,,,,,,,,,,,
,,,,,,,,,,,,,,,
"Table 11. Post-verdict relief granted to plaintiffs or defendants in state court contract trials, by winners, 2005",,,,,,,,,,,,,,,
,,,,,,When litigants sought and were granted relief percent of contract trials in which litigants received�/a,,,,,,,,,
,,,,,,,,,,Award modification,,,,,
,,,Number of trials,Percent of trials in which any relief was sought and any relief was granted/b,,JNOV/c,,New trial,,Increase,,Decrease,,Other relief/d,
Trials in which plaintiffs prevailed,,,,,,,,,,,,,,,
,Plaintiffs,,265,44.8,%,1.4,%,4.8,%,34.5,%,0.5,%,72.8,%
,Defendants,,206,15.4,,22.1,,0,,0,,37.8,,37,
Trials in which defendants prevailed,,,,,,,,,,,,,,,
,Plaintiffs,,104,17.9,%,25.8,%,5.7,%,46.6,%,4.3,%,24.3,%
,Defendants,,90,59.5,,4.3,,0,,9.7,,0,,88.3,
"Note: Post-verdict motions filed by plaintiffs or defendants include motions for judgments notwithstanding the verdict (jury trials only), new trials, award modifications, and other relief.",,,,,,,,,,,,,,,
a/The type of post-verdict relief granted will not sum to 100% because the post-verdict relief categories are not mutually exclusive.,,,,,,,,,,,,,,,
b/Data on the granting of post-verdict relief were available for 100% of trials.,,,,,,,,,,,,,,,
c/Judgment notwithstanding the verdict. A JNOV may be granted in a jury trial only.,,,,,,,,,,,,,,,
"d/Other forms of relief include motions to correct errors that occurred in the trial, to modify court costs and fees or tax court costs, or to amend judicial decisions in bench trials.",,,,,,,,,,,,,,,
