Bureau of Justice Statistics,,,,,,,,,,
Filename: cbajtsc05t06.csv,,,,,,,,,,
"Table 6. Winning plaintiffs in state court contract trials, by case type, 2005",,,,,,,,,,
"Report title: Contract Bench and Jury Trials in State Courts, 2005  NCJ 225634",,,,,,,,,,
"Data source: Civil Justice Survey of State Courts, 2005",,,,,,,,,,
"Authors: Donald J. Farole, Jr., Ph.D.",,,,,,,,,,
Refer questions to: askbjs@usdoj.gov 202-307-0765,,,,,,,,,,
"Date of version: September 29, 2009",,,,,,,,,,
,,,,,,,,,,
,,,,,,,,,,
"Table 6. Winning plaintiffs in state court contract trials, by case type, 2005",,,,,,,,,,
,,All contract trials/a,,,Jury trials/b,,,Bench trials,,
Case type,,Number,Plaintiff winners/c,,Number,Plaintiff winners/c,,Number,Plaintiff winners/c,
,Total,"8,018",65.6,%,"2,848",61.9,%,"5,039",68.5,%
Mortgage foreclosure,,245,89.4,%,6,**,%,236,91.1,%
Seller plaintiff,,"2,610",74.6,,425,60.5,,"2,165",77.4,
Partnership dispute,,102,65.7,,32,81.3,,69,59.4,
Rental/lease,,531,62.5,,109,61.5,,420,63.1,
Buyer plaintiff,,"2,252",62.3,,989,57.2,,"1,214",68.6,
Employment discrimination,,307,60.9,,274,64.6,,28,35.7,
Tortious interference,,146,60.3,,85,62.4,,55,58.2,
Other or unknown contract,,214,59.3,,99,80.8,,113,41.6,
Fraud,,"1,041",59.1,,513,67.4,,505,50.3,
Other employment dispute/d,,519,50.9,,312,60.3,,188,37.8,
Subrogation,,51,27.5,,4,**,,46,23.9,
Note: Data on plaintiff award winners were available for 99.4% of all contract trials. Detail may not sum to total because of rounding.,,,,,,,,,,
** Too few cases to obtain statistically reliable data.,,,,,,,,,,
"a/Includes bench and jury trials, trials with a directed verdict or judgment notwithstanding the verdict, and jury trials for defaulted defendants. ",,,,,,,,,,
b/Excludes jury trials with a directed verdict or judgment notwithstanding the verdict and jury trials for defaulted defendants.,,,,,,,,,,
c/Excludes bifurcated trials where the plaintiff litigated only the damage claim. ,,,,,,,,,,
d/Excludes discrimination claims against employers.,,,,,,,,,,
