"Bureau of Justice Statistics",,,,,,,,,,,,
"filename:  cv9691.csv",,,,,,,,,,,,
"Table 91: Percent distribution of victimizations, by type of crime",,,,,,,,,,,,
"and whether or not reported to the police",,,,,,,,,,,,
"data source: National Criminal Victimization Survey, 1996   NCJ 174445",,,,,,,,,,,,
"produced by:  Cathy Maston ",,,,,,,,,,,,
"authors:  Patsy Klaus and Cathy Maston",,,,,,,,,,,,
"refer questions to:  askbjs@ojp.usdoj.gov     202-307-0765",,,,,,,,,,,,
"date of version: 06/30/00",,,,,,,,,,,,
,,,,,,,,,,,,
,,,,,,,,,,,,
"Table 91. Personal and property crimes, 1996:",,,,,,,,,,,,
,,,,,,,,,,,,
"Percent distribution of victimizations, by type of crime",,,,,,,,,,,,
"and whether or not reported to the police",,,,,,,,,,,,
"       ",,,,,,,,,,,,
"                                                                                          ",,,,,,,,,,"                 Percent of victimizations reported to the police",,
"              ",,,,,,,,,,,"Not known",
"                                                                                      ",,,"Number of",,,,,,,,"and not",
"Sector and type of crime",,,"victimizations",," Total",,"  Yes/a",,"  No",,"available",
,,,,,,,,,,,,
,,,,,,,,,,,,
"All crimes",,,36795860,,100,"%",36.8,"%",62.1,"%",1.1,"%"
"                                                                                      ",,,,,,,,,,,,
"Personal crimes",,,9443260,,100,"%",42.6,"%",56.0,"%",1.4,"%"
,,,,,,,,,,,,
"Crimes of violence",,,9124960,,100,,42.8,,55.8,,1.4,
"   Completed violence",,,2700040,,100,,56.3,,42.5,,1.2,
"   Attempted/threatened violence",,,6424920,,100,,37.1,,61.4,,1.5,
"   Rape/Sexual assault",,,307100,,100,,30.7,,68.4,,0.8,"*"
"      Rape/Attempted rape",,,196660,,100,,34.2,,64.4,,1.3,"*"
"         Rape",,,97580,,100,,40.6,,56.8,,2.7,"*"
"         Attempted rape/b",,,99080,,100,,28.0,,72.0,,0.0,"*"
"      Sexual assault/c",,,110430,,100,,24.5,,75.5,,0.0,"*"
"   Robbery",,,1134330,,100,,53.9,,45.3,,0.9,"*"
"      Completed/property taken",,,757340,,100,,61.9,,38.1,,0.0,"*"
"         With injury",,,249530,,100,,69.3,,30.7,,0.0,"*"
"         Without injury",,,507810,,100,,58.2,,41.8,,0.0,"*"
"      Attempted to take property",,,376980,,100,,37.8,,59.5,,2.6,"*"
"         With injury",,,79460,,100,,56.9,,40.4,,2.6,"*"
"         Without injury",,,297520,,100,,32.7,,64.6,,2.7,"*"
"   Assault",,,7683540,,100,,41.6,,56.9,,1.5,
"      Aggravated",,,1910370,,100,,54.6,,44.0,,1.4,
"         With injury",,,512880,,100,,69.3,,29.4,,1.4,"*"
"         Threatened with weapon",,,1397480,,100,,49.3,,49.3,,1.4,"*"
"      Simple",,,5773170,,100,,37.3,,61.1,,1.5,
"         With minor injury",,,1240330,,100,,51.3,,47.0,,1.8,"*"
"         Without injury",,,4532840,,100,,33.5,,65.0,,1.5,
"Purse snatching/Pocket picking",,,318300,,100,,37.6,,61.6,,0.8,"*"
"   Completed purse snatching",,,50530,,100,,59.2,,40.8,"*",0.0,"*"
"   Attempted purse snatching",,,24800,"*",100,"*",39.3,"*",60.7,"*",0.0,"*"
"   Pocket picking",,,242970,,100,,32.9,,66.1,,1.0,"*"
,,,,,,,,,,,,
"Property crimes",,,27352600,,100,"%",34.8,"%",64.2,"%",1.0,"%"
,,,,,,,,,,,,
"Household burglary",,,4844690,,100,,50.6,,48.4,,1.0,
"   Completed",,,4055830,,100,,52.6,,46.3,,1.1,
"      Forcible entry",,,1511180,,100,,73.5,,25.4,,1.2,"*"
"      Unlawful entry without force",,,2544650,,100,,40.3,,58.7,,1.1,
"   Attempted forcible entry",,,788860,,100,,40.0,,59.5,,0.5,"*"
"Motor vehicle theft",,,1387440,,100,,76.5,,22.9,,0.6,"*"
"   Completed",,,938300,,100,,89.9,,9.6,,0.5,"*"
"   Attempted",,,449130,,100,,48.6,,50.5,,0.9,"*"
"Theft",,,21120480,,100,,28.4,,70.5,,1.1,
"   Completed",,,20302810,,100,,28.2,,70.8,,1.0,
"      Less than $50",,,7579770,,100,,13.0,,86.2,,0.8,
"      $50 - $249",,,7373550,,100,,27.3,,71.6,,1.1,
"      $250 or more",,,4216070,,100,,57.5,,41.5,,1.0,
"      Amount not available",,,1133430,,100,,25.6,,71.6,,2.8,
"   Attempted",,,817660,,100,,35.4,,63.4,,1.2,"*"
,,,,,,,,,,,,
"Note: Detail may not add to total shown because of rounding.",,,,,,,,,,,,
"* Estimate is based on about 10 or fewer sample cases.",,,,,,,,,,,,
"a/Figures in this column represent the rates at which victimizations were reported to the police, or ""police reporting rates.""",,,,,,,,,,,,
"b/Includes verbal threats of rape.",,,,,,,,,,,,
"c/Includes threats.",,,,,,,,,,,,
