"Bureau of Justice Statistics",,,,,,,,,,,
"filename:  cv9696.csv",,,,,,,,,,,
"Table 96: Percent of victimizations reported to the police,",,,,,,,,,,,
"by type of crime and age of victims",,,,,,,,,,,
"data source: National Criminal Victimization Survey, 1996   NCJ 174445",,,,,,,,,,,
"produced by:  Cathy Maston ",,,,,,,,,,,
"authors:  Patsy Klaus and Cathy Maston",,,,,,,,,,,
"refer questions to:  askbjs@ojp.usdoj.gov     202-307-0765",,,,,,,,,,,
"date of version: 06/30/00",,,,,,,,,,,
,,,,,,,,,,,
,,,,,,,,,,,
"Table 96. Personal crimes, 1996:",,,,,,,,,,,
,,,,,,,,,,,
"Percent of victimizations reported to the police,",,,,,,,,,,,
"by type of crime and age of victims",,,,,,,,,,,
"       ",,,,,,,,,,,
,,,,,,,,,"Percent of victimizations reported to the police",,
,,,,,,,,,,"65 and",
"Type of crime",,"12-19",,"20-34",,"35-49",,"50-64",,"over",
,,,,,,,,,,,
"All personal crimes",,32.1,"%",47.2,"%",48.3,"%",49.0,"%",45.5,"%"
,,,,,,,,,,,
"Crimes of violence",,32.8,,47.4,,48.6,,47.0,,43.1,
"   Completed violence",,49.5,,58.9,,60.8,,67.6,,58.1,
"   Attempted/threatened violence",,25.3,,42.2,,44.0,,42.7,,36.0,
"   Rape/Sexual assault/a",,32.1,,33.3,,24.4,"*",49.9,"*",0.0,"*"
"   Robbery",,45.3,,55.5,,61.1,,60.0,,53.2,"*"
"      Completed/property taken",,58.1,,59.2,,70.6,,69.9,,54.2,"*"
"         With injury",,64.5,,68.1,,69.6,,87.0,"*",100.0,"*"
"         Without injury",,54.6,,55.6,,71.3,,58.9,"*",44.9,"*"
"      Attempted to take property",,28.2,,47.2,,35.4,"*",45.1,"*",46.6,"*"
"         With injury",,43.3,"*",76.6,"*",35.5,"*",68.5,"*",0.0,"*"
"         Without injury",,23.1,"*",39.5,,35.4,"*",36.1,"*",46.6,"*"
"   Assault",,31.2,,46.6,,47.9,,45.3,,40.2,
"      Aggravated",,44.6,,56.2,,64.1,,62.6,,45.4,"*"
"         With injury",,65.4,,72.0,,69.7,,100.0,"*",0.0,"*"
"         Threatened with weapon",,35.9,,50.3,,61.8,,59.1,,51.3,"*"
"      Simple",,27.0,,43.6,,42.1,,38.7,,38.8,
"         With minor injury",,42.9,,57.3,,52.5,,57.4,,75.9,"*"
"         Without injury",,21.8,,39.5,,40.0,,35.9,,31.0,"*"
"Purse snatching/Pocket picking",,7.8,"*",40.6,,41.2,,73.9,,62.1,"*"
,,,,,,,,,,,
"* Estimate is based on about 10 or fewer sample cases.",,,,,,,,,,,
"a/Includes verbal threats of rape and threats of sexual assault.",,,,,,,,,,,
