"Bureau of Justice Statistics",,,,,,,
"filename:  cv9698.csv",,,,,,,
"Table 98: Percent of victimizations reported to the police,",,,,,,,
"by type of crime and form of tenure",,,,,,,
"data source: National Criminal Victimization Survey, 1996   NCJ 174445",,,,,,,
"produced by:  Cathy Maston ",,,,,,,
"authors:  Patsy Klaus and Cathy Maston",,,,,,,
"refer questions to:  askbjs@ojp.usdoj.gov     202-307-0765",,,,,,,
"date of version: 06/30/00",,,,,,,
,,,,,,,
,,,,,,,
"Table 98. Property crimes, 1996:",,,,,,,
,,,,,,,
"Percent of victimizations reported to the police,",,,,,,,
"by type of crime and form of tenure",,,,,,,
,,,,,,,
,,,,,"Percent of victimizations",,
,,,,,"reported to the police",,
,,"Both",,,,,
"Type of crime",,"forms",,"Owned",,"Rented",
,,,,,,,
"Property crimes",,34.8,"%",35.7,"%",33.6,"%"
,,,,,,,
"   Household burglary",,50.6,,52.8,,48.0,
"      Completed",,52.6,,54.8,,50.1,
"         Forcible entry",,73.5,,75.1,,71.7,
"         Unlawful entry without force",,40.3,,43.2,,36.6,
"      Attempted forcible entry",,40.0,,42.3,,37.6,
"   Motor vehicle theft",,76.5,,79.3,,73.6,
"      Completed",,89.9,,92.4,,87.0,
"      Attempted",,48.6,,50.0,,47.3,
"   Theft",,28.4,,29.6,,26.9,
"      Completed",,28.2,,29.3,,26.6,
"         Less than $50",,13.0,,13.7,,12.0,
"         $50 - $249",,27.3,,28.4,,26.0,
"         $250 or more",,57.5,,61.3,,52.4,
"         Amount not available",,25.6,,25.4,,25.8,
"      Attempted",,35.4,,35.9,,34.8,
