"Bureau of Justice Statistics",,,,,,,,,,
"filename:  cv97100.csv",,,,,,,,,,
"Table 100: Percent of victimizations reported to the police,",,,,,,,,,,
"by value of loss and type of crime",,,,,,,,,,
"data source: National Criminal Victimization Survey, 1997   NCJ 174446",,,,,,,,,,
"produced by:  Cathy Maston ",,,,,,,,,,
"authors:  Patsy Klaus and Cathy Maston",,,,,,,,,,
"refer questions to:  askbjs@ojp.usdoj.gov     202-307-0765",,,,,,,,,,
"date of version: 07/15/00",,,,,,,,,,
,,,,,,,,,,
,,,,,,,,,,
"Table 100. Property crimes, 1997:",,,,,,,,,,
,,,,,,,,,,
"Percent of victimizations reported to the police,",,,,,,,,,,
"by value of loss and type of crime",,,,,,,,,,
,,,,,,,,,,
,,,"Percent of all victimizations reported to the police",,,,,,,
,,,"All",,,,"Motor",,,
,,,"property ",,"Household",,"vehicle",,,
"Value of loss/a",,,"crimes",,"burglary",,"theft",,"Theft",
,,,,,,,,,,
,,,,,,,,,,
"All losses/b",,,34.5,"%",55.1,"%",91.8,"%",27.9,"%"
,"Less than $10/c",,16.2,,34.8,,100.0,"*",15.2,
,"$10 -$49",,11.0,,17.8,,0.0,"*",10.5,
,"$50-$99",,20.9,,26.5,,0.0,"*",20.3,
,"$100-$249",,35.4,,43.6,,81.5,"*",34.0,
,"$250-$499",,50.7,,56.3,,23.1,"*",49.6,
,"$500-$999",,61.7,,75.2,,58.5,"*",56.0,
,"$1,000 or more",,83.3,,86.9,,95.6,,70.1,
,,,,,,,,,,
,,,,,,,,,,
"* Estimate is based on about 10 or fewer sample cases.",,,,,,,,,,
"a/The proportions refer only to losses of cash and/or property, and exclude the value",,,,,,,,,,
"of property damage.",,,,,,,,,,
"b/Includes data for victims who did not provide a specific value for their losses.",,,,,,,,,,
"c/Includes items that had no value.",,,,,,,,,,
