Bureau of Justice Statistics,,,,
Filename:  fdluc04f01.csv,,,,
Figure 1. More than 1 in 5 felony defendants were convicted and sentenced to prison in 2004,,,,
"Bulletin title: Felony Defendants in Large Urban Counties  2004,  NCJ  221374",,,,
Data source:  2004 State Court Processing Statistics Program,,,,
Refer questions to:  askbjs@usdoj.gov   202-307-0765,,,,
Authors:  Tracey Kyckelhahn and Thomas H. Cohen,,,,
Date of version:  04/24/2008,,,,

Figure 1. More than 1 in 5 felony defendants were convicted and sentenced to prison in 2004,,,,
,Percent of defendants convicted and sentenced to prison or jail,,,
Most serious arrest charge,Prison,,Jail,
Forgery,14,%,26,%
Assault,17,,25,
Robbery,35,,21,
Drug trafficking,23,,34,
Burglary,29,,33
Murder,63,,4
All defendants,21,,27
