"Bureau of Justice Statistics",,,,,,,,,,,,,,
"filename:  cpu96107.csv",,,,,,,,,,,,,,
"table: 1.7",,,,,,,,,,,,,,
"report title:  Correctional Populations in the United States, 1996  chapter 1  NCJ 170013",,,,,,,,,,,,,,
"data sources: National Prisoner Statistics 1, Annual Survey of Jails",,,,,,,,,,,,,,
"author:  Allen J. Beck",,,,,,,,,,,,,,
"refer questions to:  askbjs@ojp.usdoj.gov (202) 307-0765",,,,,,,,,,,,,,
"date of version:  3/31/99",,,,,,,,,,,,,,
,,,,,,,,,,,,,,
,,,,,,,,,,,,,,
"Table 1.7.  Number of adults held in State or Federal prisons ",,,,,,,,"Midyear resident population in 1,000's for calculation of percentages incarcerated",,,,,,
"or local jails per 100,000 adult residents in each group, 1990-96",,,,,,,,"Undercount adjustment for adults",,,,,,
,,,,,,,,,,,,,,
,,"     White",,,"       Black",,,,,"     White",,,"       Black",
"Year",,"Males","Females",,"Males","Females",,,,"Males","Females",,"Males","Females"
,,,,,,,,,,,,,,
"1990",,711,48,,5161,329,,1990,,76829918,82076635,,9859342,11557864
"1991",,732,51,,5503,346,,1991,,77421918,82651635,,10013342,11740864
"1992",,766,53,,5793,356,,1992,,78063918,83209635,,10190342,11920864
"1993",,797,55,,6032,393,,1993,,78679918,83802635,,10346342,12099864
"1994",,842,61,,6443,426,,1994,,79233918,84319635,,10492342,12273864
"1995",,907,65,,6618,456,,1995,,79842918,84853635,,10651342,12447864
1996,,944,73,,6607,474,,1996,,80464918,85413635,,10808342,12626864
,,,,,,,,,,,,,,
"Note:  Data are based on resident population for each group on July 1 of each year ",,,,,,,,,,,,,,
"and have been adjusted for the Census undercount.",,,,,,,,,,,,,,
