"Bureau of Justice Statistics",,,,,,,,
"filename:  cpu96116.csv",,,,,,,,
"table: 1.16",,,,,,,,
"report title:  Correctional Populations in the United States, 1996  chapter 1  NCJ 170013",,,,,,,,
"data sources: Federal Justice Statistics Program",,,,,,,,
"author:  Allen J. Beck",,,,,,,,
"refer questions to:  askbjs@ojp.usdoj.gov (202) 307-0765",,,,,,,,
"date of version:4/1/99",,,,,,,,
,,,,,,,,
,,,,,,,,
"Table 1.16.  Percent of sentenced inmates in Federal prisons,",,,,,,,,
"by the most serious offense, 1990-96",,,,,,,,
,,,,,,,,
"Most serious",,"Percent of inmates in Federal prison/a",,,,,,
"offense",1990,1991,1992,1993,"1994/b","1995/b","1996/b",
"          Total",100,100,100,100,100,100,100,"%"
,,,,,,,,
"Violent offenses",16.8,15.0,13.0,13.4,13.3,13.1,12.6,"%"
"     Homicide/c",2.2,1.8,1.3,1.0,1.1,1.1,1.2,
"     Assault/d",3.4,3.2,2.8,2.9,3.2,3.0,0.7,
"     Robbery",9.1,8.2,7.4,7.9,7.5,7.3,9.1,
"     Other violent/e",2.1,1.8,1.6,1.5,1.5,1.6,1.6,
,,,,,,,0.0,
"Property offenses",13.9,12.9,11.8,10.5,9.1,8.7,8.5,"%"
"     Burglary",0.8,0.6,0.4,0.3,0.2,0.2,0.2,
"     Fraud/f",9.0,8.4,8.0,7.4,6.7,6.5,6.3,
"     Larceny/theft/other property/g",4.2,4.0,3.4,2.8,2.2,2.0,2.0,
,,,,,,,0.0,
"Drug offenses",53.5,55.9,58.9,59.2,60.5,59.9,60.2,"%"
,,,,,,,,
"Public-order offenses",15.1,15.2,15.4,16.1,16.5,18.3,18.8,"%"
"     Immigration",3.0,3.0,2.6,2.6,3.0,4.2,4.9,
"     Weapons",5.4,5.8,6.9,7.9,8.2,8.7,8.2,
"     Escape/court/h",0.7,0.7,0.5,0.5,0.5,0.4,0.4,
"     Other public-order/i",5.9,5.7,5.4,5.1,4.9,4.9,5.4,
,,,,,,,0.0,
"Other/j",0.8,1.0,0.8,0.8,0.6,0.0,0.0,
,,,,,,,,
,,,,,,,,
"Note:  All data are from the BJS Federal justice database. Data for 1990-95 are for December 31.  Data for 1996 are for September 30.  ",,,,,,,,
"a/Includes prisoners of any sentence length.",,,,,,,,
"b/Percents are based on prisoners for whom most serious offense was known.",,,,,,,,
"c/Includes murder, nonnegligent manslaughter, and negligent manslaughter.",,,,,,,,
"d/In 1996 assaults with intent to commit robbery were coded as robbery.",,,,,,,,
"e/Includes kidnaping, rape, other sexual assault, threats agains the President, and other offenses.",,,,,,,,
"f/Includes embezzlement, counterfeiting, forgery, bankruptcy, and fraud (excluding tax fraud but including securities fraud). ",,,,,,,,
"g/Includes motor vehicle theft, trespassing, destruction of property, and transport of stolen property. ",,,,,,,,
"h/Includes flight to avoid prosecution, escape, parole and probation violation, and other court offenses.",,,,,,,,
"i/Includes liquor laws, national security laws, income tax, selective service acts, bribery, gambling, traffic offenses, and other public-order offenses. ",,,,,,,,
"j/Includes offenses not classifiable or not a violation of the United States Code.",,,,,,,,
