"Bureau of Justice Statistics",,,,,,,,,
"filename:  cpu96108.csv",,,,,,,,,
"table: 1.8",,,,,,,,,
"report title:  Correctional Populations in the United States, 1996  chapter 1  NCJ 170013",,,,,,,,,
"data sources: National Prisoner Statistics 1, Survey of Inmates in State or Federal Correctional Facilities",,,,,,,,,
"author:  Allen J. Beck",,,,,,,,,
"refer questions to:  askbjs@ojp.usdoj.gov (202) 307-0765",,,,,,,,,
"date of version:  3/31/99",,,,,,,,,
,,,,,,,,,
,,,,,,,,,
"Table 1.8.  Number of sentenced prisoners under State or Federal jurisdiction, by sex and race, 1990-96",,,,,,,,,
,,,,,,,,,
,,,,,,,,,
,,,,"   Male",,,,"Female",
"Year","Total",,"All*","White","Black",,"All*","White","Black"
,,,,,,,,,
"1990",739980,,699416,350700,340300,,40564,20200,19700
"1991",789610,,745808,369200,366500,,43802,21100,22000
"1992",846277,,799776,394500,393700,,46501,22200,23600
"1993",932074,,878037,428700,434900,,54037,25800,27300
"1994",1016691,,956566,465300,474800,,60125,28800,30200
"1995",1085022,,1021059,487400,509800,,63963,30500,31900
1996,1136819,,1067355,510900,528200,,69464,33800,33900
,,,,,,,,,
"Note: Previously published estimates by sex and race have been revised.  Sentenced prisoners are those with a sentence",,,,,,,,,
"of more than 1 year.  The numbers for sex and race were rounded to the nearest 100.",,,,,,,,,
"In each year Hispanics were identified among inmates of unknown racial origin.  The race of these ",,,,,,,,,
"inmates was then estimated using self-reported identification from the 1991 and 1997 surveys of State inmates.",,,,,,,,,
"* Includes Asians, Pacific Islanders, American Indians, Alaska Natives,",,,,,,,,,
"and other racial groups.",,,,,,,,,
