"Bureau of Justice Statistics",,,,,,,,,,,,,,
"filename:  cpu96117.csv",,,,,,,,,,,,,,
"table: 1.17",,,,,,,,,,,,,,
"report title:  Correctional Populations in the United States, 1996  chapter 1  NCJ 170013",,,,,,,,,,,,,,
"data sources: National Prisoner Statistics 1",,,,,,,,,,,,,,
"author:  Allen J. Beck",,,,,,,,,,,,,,
"refer questions to:  askbjs@ojp.usdoj.gov (202) 307-0765",,,,,,,,,,,,,,
"date of version:4/1/99",,,,,,,,,,,,,,
,,,,,,,,,,,,,,
,,,,,,,,,,,,,,
"Table 1.17.  Trends in State prison admissions and releases, 1990-96",,,,,,,,,,,,,,
,,,,,,,,,,,,,,
,,"                  Admissions to State prison",,,,,,"      Releases from State prison",,,,,,
,,,,"Percent of all admissions",,,,,"Percent of all releases",,,,,
,,,,,"Conditional",,,,,,,,,
,,,"Admission","New court","release","Other",,"Release","Parole","Mandatory","Other","Expiration ",,
"Year",,"Number","rate/a","commitments","violators","admissions","Number","rate/b","board","release","conditional","of sentence","Other",
,,,,,,,,,,,,,,
"1990",,460739,72.7,70.1,29.1,0.8,405374,37.0,39.4,28.8,15.5,12.7,3.6,"%"
"1991",,466285,67.6,68.0,30.5,1.5,421687,36.5,39.7,29.9,14.2,10.8,5.3,
"1992",,480676,65.6,69.5,29.5,1.0,430198,35.5,39.5,29.5,14.1,11.4,5.5,
"1993",,475100,60.9,66.9,30.8,2.3,417838,33.3,38.8,31.6,13.4,11.9,4.4,
"1994/c",,498919,58.0,64.5,33.6,1.9,418372,30.8,35.0,35.6,12.6,12.5,4.3,
"1995",,521970,55.7,64.7,33.7,1.6,455140,31.2,32.3,39.0,10.1,14.5,4.0,
1996,,512618,51.2,63.7,33.7,2.6,467193,30.9,30.4,38.0,10.2,16.7,4.7,
,,,,,,,,,,,,,,
"Note:  Releases exclude escapees, AWOLs and transfers. All data are limited to prisoners with a sentence of more than 1 year.",,,,,,,,,,,,,,
"a/The number of admissions per 100 State prisoners at the beginning of each year.",,,,,,,,,,,,,,
"b/The number of releases per 100 State prisoners at the beginning of each plus the number admitted during the year.",,,,,,,,,,,,,,
"c/Releases in Alaska, by type, were estimated for 1994.",,,,,,,,,,,,,,
