"Bureau of Justice Statistics",,,,,,,,
"filename:  cpu96114.csv",,,,,,,,
"table: 1.14",,,,,,,,
"report title:  Correctional Populations in the United States, 1996  chapter 1  NCJ 170013",,,,,,,,
"data sources: National Prisoner Statistics 1, Survey of Inmates in State Correctional Facilities",,,,,,,,
"author:  Allen J. Beck",,,,,,,,
"refer questions to:  askbjs@ojp.usdoj.gov (202) 307-0765",,,,,,,,
"date of version:  3/31/99",,,,,,,,
,,,,,,,,
,,,,,,,,
"Table 1.14.  Percent of prisoners in custody of State correctional authorities,",,,,,,,,
"by the most serious offense, 1990-96",,,,,,,,
,,,,,,,,
"Most serious",,"Percent of inmates in State prison ",,,,,,
"offense","1990","1991","1992","1993","1994 ",1995,1996,
"          Total",100,100,100,100,100,100,100,"%"
,,,,,,,,
"Violent offenses",45.8,46.6,47.6,47.8,47.4,46.9,47.3,"%"
"     Murder/a",10.5,10.6,10.9,10.9,10.7,10.7,10.8,
"     Manslaughter",1.9,1.8,1.8,1.8,1.7,1.7,1.6,
"     Rape",3.6,3.5,3.8,3.8,3.8,3.8,3.7,
"     Other sexual assault",5.7,5.9,6.0,6.0,6.0,5.9,6.0,
"     Robbery",14.5,14.8,14.6,14.5,14.2,13.6,13.5,
"     Assault",7.8,8.1,8.7,8.8,9.0,9.2,9.4,
"     Other violent/b",1.8,1.8,2.0,2.0,2.1,2.1,2.2,
,,,,,,,,
"Property offenses",25.4,24.8,23.4,23.1,23.2,23.3,22.9,"%"
"     Burglary",12.7,12.4,11.6,11.3,11.1,10.9,10.6,
"     Larceny",5.1,4.9,4.4,4.5,4.6,4.8,4.8,
"     Motor vehicle theft",2.1,2.2,2.3,2.3,2.2,2.2,2.1,
"     Fraud ",3.0,2.8,2.6,2.6,2.6,2.6,2.7,
"     Other property/c",2.5,2.5,2.6,2.5,2.6,2.8,2.8,
,,,,,,,,
"Drug offenses",21.7,21.3,22.1,22.1,22.4,22.8,22.7,"%"
,,,,,,,,
"Public-order offenses/d",6.6,6.8,6.6,6.5,6.5,6.6,6.8,"%"
,,,,,,,,
"Other/unspecified/e",0.5,0.4,0.4,0.5,0.5,0.4,0.3,"%"
,,,,,,,,
"Note:  The offense distribution for yearend 1991 is based on data from the Survey of Inmates of State Correctional Facilities, ",,,,,,,,
"conducted in August 1991.  The offense distributions for other years are estimated using forward and backward stock-flow methods.",,,,,,,,
"See Explanatory notes for further details on the estimations. All estimates are based on the total number of prisoners",,,,,,,,
"in physical custody, including those with sentences of 1 year or less and those who were unsentenced.  See definitions for the",,,,,,,,
"distinction between custody and jurisdiction counts.  Due to rounding, detail may not sum to total.",,,,,,,,
"a/Includes nonnegligent manslaughter.",,,,,,,,
"b/Includes extortion, intimidation, criminal endangerment, and other violent offenses.",,,,,,,,
"c/Includes possession and selling of stolen property, destruction of property, trespassing, vandalism, criminal tampering, and other property offenses.",,,,,,,,
"d/Includes weapons, drunk driving, escape, court offenses, obstruction, commercialized vice, morals and decency charges, liquor law violations, and other public-order offenses.",,,,,,,,
"e/Includes juvenile offenses and unspecified felonies.",,,,,,,,
