"Bureau of Justice Statistics",,,,,,
"filename:  cpu96101.csv",,,,,,
"table: 1.1",,,,,,
"report title:  Correctional Populations in the United States, 1996  chapter 1  NCJ 170013",,,,,,
"data sources: National Prisoner Statistics 1, Annual Survey of Jails, Probation Data Survey, Parole Data Survey",,,,,,
"author:  Allen J. Beck",,,,,,
"refer questions to:  askbjs@ojp.usdoj.gov (202) 307-0765",,,,,,
"date of version:  3/31/99",,,,,,
,,,,,,
,,,,,,
"Table 1.1. Number of adults on probation, in jail or prison,",,,,,,
"or on parole, 1990-96",,,,,,
,,,,,,
,"Total estimated",,,,,
,"correctional",,,,,
"Year","population/a","Probation","Jail/b","Prison","Parole",
,,,,,,
"1990",4348000,2670234,403019,743382,531407,
"1991",4535600,2728472,424129,792535,590442," "
"1992",4762600,2811611,441781,850566,658601,
"1993",4944000,2903061,455500,909381,676100,
"1994",5141300,2981022,479800,990147,690371,
"1995",5335100,3077861,499300,1078542,679421,
1996,5523000,3180363,510400,1127528,704709,
,,,,,,
"Percent change",,,,,,
"1995-96",3.5,3.3,2.2,4.5,3.7,"%"
,,,,,,
"Average annual percent change",,,,,,
"1990-96",4.1,3.0,4.0,7.2,4.8,"%"
,,,,,,
"Note: Counts for probation, prison, and parole populations are for December 31 of each year and have been revised based on the most recently reported counts.  Jail population counts are for June 30 of each year. Prisoner counts are for inm",,,,,,
"a/  A small number of individuals may have multiple correctional statuses; consequently, the total number of persons under correctional supervision is an overestimate.",,,,,,
"b/ The adult jail population counts are estimated for 1993-96.  The jail population counts for 1994-96 exclude persons supervised outside jail facilities.",,,,,,
