"Bureau of Justice Statistics",,,,,,,
"filename:  cpu96124.csv",,,,,,,
"table: 1.24",,,,,,,
"report title:  Correctional Populations in the United States, 1996  chapter 1  NCJ 170013",,,,,,,
"data sources: National Corrections Reporting Program",,,,,,,
"author:  Allen J. Beck",,,,,,,
"refer questions to:  askbjs@ojp.usdoj.gov (202) 307-0765",,,,,,,
"date of version:4/1/99",,,,,,,
,,,,,,,
,,,,,,,
"Table 1.24.  Estimated number of sentenced prisoners returned to State prisons",,,,,,,
"for a parole revocation, by the most serious offense, 1990-96",,,,,,,
,,,,,,,
"Most","Number of parole violators returned to State prison/a",,,,,,
"serious offense",1990,1991,1992,1993,1994,1995,1996
,,,,,,,
"          Total",133870,142100,141961,146366,168504,175726,172633
,,,,,,,
"Violent offenses",33200,34200,34900,36200,42000,42800,43000
"     Murder/b",2300,2600,2300,2200,2600,2700,2400
"     Negligent manslaughter",700,700,700,700,900,900,700
"     Sexual assault/c",4000,5300,4800,4600,6000,6400,7200
"     Robbery",18100,16800,17700,18700,20400,19800,19000
"     Aggravated assault",7200,8000,8100,8700,10500,11100,11700
"     Other violent",900,1000,1200,1200,1700,2000,1900
,,,,,,,
"Property offenses",61700,61700,58600,57800,64100,65100,60600
"     Burglary",31300,30100,29100,28100,30500,30500,26400
"     Larceny/theft",16600,16900,15700,15700,17500,17700,17300
"     Motor vehicle theft",5600,6000,5200,5500,6500,6800,7700
"     Fraud",5500,6000,5200,4900,5300,5500,4700
"     Other property",2700,2700,3300,3400,4300,4600,4500
,,,,,,,
"Drug offenses",30900,36900,38400,41500,49500,53900,54300
,,,,,,,
"Public-order offenses",7800,9000,9900,10600,12500,13600,14300
,,,,,,,
"Other",300,300,300,300,300,400,300
,,,,,,,
"Note:  Data are from the National Corrections Reporting Program and are based on the most serious ",,,,,,,
"offense as reported by participating States.  Data may not sum to total due to rounding. ",,,,,,,
"a/Includes only those with sentences of more than 1 year.",,,,,,,
"b/Includes nonnegligent manslaughter.",,,,,,,
"c/Includes rape and other sexual assault.",,,,,,,
