Bureau of Justice Statistics,,
Filename: aus9010f02,,
"Figure 2. Murder arrest rates, by sex",,
"Report title: Arrest in the United States, 1990-2010 NCJ 239423",,
"Data Source: FBI, Crime in the United States",,
"Author: Howard N. Synder, Ph.D.",,
Refer questions to askbjs@usdoj.gov or 202-307-0765,,
"Date of version: October 31, 2012",,
,,
"Figure 2. Murder arrest rates, by sex",,
"Arrests/100,000",,
,Male,Female*8
1990,16.9,15.1
1991,17.5,15.3
1992,16.2,13.4
1993,16.7,13.3
1994,15.5,13.2
1995,14.7,11.9
1996,12.9,11.5
1997,12.3,10.7
1998,11.5,10.9
1999,9.6,9.2
2000,8.5,8.1
2001,8.5,9.3
2002,8.9,8.3
2003,8.2,7.7
2004,8.3,8.3
2005,8.6,8.3
2006,8.1,7.8
2007,8.1,7.3
2008,7.7,7.2
2009,7.3,6.7
2010,6.5,6.3
*Some arrest rates have been multiplied by a constant to make the trends more visible,,
