Bureau of Justice Statistics,,
Filename: aus9010f34,,
"Figure 34. Weapon law violation arrest rates, by sex",,
"Report title: Arrest in the United States, 1990-2010 NCJ 239423",,
"Data Source: FBI, Crime in the United States",,
"Author: Howard N. Snyder, Ph.D.",,
Refer questions to askbjs@usdoj.gov or 202-307-0765,,
"Date of version: October 31, 2012",,
,,
"Figure 34. Weapon law violation arrest rates, by sex",,
"Arrests/100,000",,
,Male,Female*10
1990,168.2,128.5
1991,174.8,128
1992,176.7,137.1
1993,190.6,152.6
1994,185.3,156.8
1995,172.4,142.5
1996,151.2,122.8
1997,150.4,130.4
1998,129.9,107.1
1999,115.8,98.3
2000,105.4,92.2
2001,108.5,96.7
2002,106.8,91.7
2003,108,94.4
2004,111.9,97.2
2005,122.1,104.7
2006,125.6,105.7
2007,117.2,96.1
2008,110.7,87.6
2009,100.9,87
2010,95.3,85.9
