Bureau of Justice Statistics,,
Filename: aus9010f42,,
"Figure 42. Drug sale/manufacturing arrest rates, by sex",,
"Report title: Arrest in the United States, 1990-2010 NCJ 239423",,
"Data Source: FBI, Crime in the United States",,
"Author: Howard N. Snyder, Ph.D.",,
Refer questions to askbjs@usdoj.gov or 202-307-0765,,
"Date of version: October 31, 2012",,
,,
"Figure 42. Drug sale/manufacturing arrest rates, by sex",,
"Arrests/100,000",,
,Male,Female*4
1990,241.6,168.4
1991,248.9,161.4
1992,229,149.9
1993,223.3,141.8
1994,235.6,151.2
1995,238.3,158.2
1996,237.5,161.2
1997,222.9,156.9
1998,216.9,158.8
1999,201.4,147.8
2000,198.9,144.1
2001,196.4,139.6
2002,184,132.3
2003,201.2,147.1
2004,188.7,146
2005,195.3,158.2
2006,189.9,151.7
2007,182.9,144.1
2008,169.3,132.1
2009,169.7,137.9
2010,163.1,136.3
