Bureau of Justice Statistics,,
Filename: aus9010f31,,
"Figure 31. Motor vehicle theft arrest rates, by age",,
"Report title: Arrest in the United States, 1990-2010 NCJ 239423",,
"Data Source: FBI, Crime in the United States",,
"Author: Howard N. Snyder, Ph.D.",,
Refer questions to askbjs@usdoj.gov or 202-307-0765,,
"Date of version: October 31, 2012",,
,,
"Figure 31. Motor vehicle theft arrest rates, by age ",,
"Arrests/100,000",,
,Juvenile,Adult
1990,142,64.8
1991,138.2,62.6
1992,131.5,58
1993,129.7,56.3
1994,128.8,57.5
1995,116.7,56.3
1996,104,51.4
1997,92.8,50.2
1998,74.7,47.6
1999,69.4,44.6
2000,69.6,46.6
2001,66.1,46.8
2002,62.6,48.1
2003,60.6,50
2004,53.5,49.7
2005,51.4,49.4
2006,46.7,46
2007,39.5,39.1
2008,33.4,31.8
2009,26.7,26.7
2010,21.1,23.8
