Bureau of Justice Statistics,,
Filename: aus9010f35,,
"Figure 35. Weapon law violation arrest rates, by age group",,
"Report title: Arrest in the United States, 1990-2010 NCJ 239423",,
"Data Source: FBI, Crime in the United States",,
"Author: Howard N. Snyder, Ph.D.",,
Refer questions to askbjs@usdoj.gov or 202-307-0765,,
"Date of version: October 31, 2012",,
,,
"Figure 35. Weapon law violation arrest rates, by age group",,
"Arrests/100,000",,
,Juvenile,Adult
1990,61.9,97.9
1991,74.3,97.9
1992,81.4,97.5
1993,91,104.4
1994,92.1,100.9
1995,82.3,94.9
1996,75.2,82
1997,73.8,82.6
1998,62.4,71.4
1999,57.4,63.3
2000,50.4,58.5
2001,51,60.7
2002,48.2,60.2
2003,53.2,59.5
2004,55,61.7
2005,60.8,67
2006,63.4,68.6
2007,58.7,64
2008,53.4,60.9
2009,45.5,57.1
2010,42.1,54.4
