Bureau of Justice Statistics,
Filename: aus9010f13,
Figure 13. Aggravated assault arrest rates,
"Report title: Arrest in the United States, 1990-2010 NCJ 239423",
"Data Source: FBI, Crime in the United States",
"Author: Howard N. Snyder, Ph.D.",
Refer questions to askbjs@usdoj.gov or 202-307-0765,
"Date of version: October 31, 2012",
,
Figure 13. Aggravated assault arrest rates,
"Arrests/100,000",
1990,190.4
1991,190.1
1992,197.7
1993,199.6
1994,208.2
1995,213.5
1996,193.6
1997,196.2
1998,183.7
1999,173.3
2000,169.6
2001,167.6
2002,164.1
2003,155
2004,149.5
2005,152
2006,150.1
2007,144
2008,141.4
2009,137.4
2010,132.2
