Bureau of Justice Statistics,,
Filename: aus9010f10,,
"Figure 10. Robbery arrest rates, by sex",,
"Report title: Arrest in the United States, 1990-2010 NCJ 239423",,
"Data Source: FBI, Crime in the United States",,
"Author: Howard N. Snyder, Ph.D.",,
Refer questions to askbjs@usdoj.gov or 202-307-0765,,
"Date of version: October 31, 2012",,
,,
"Figure 10. Robbery arrest rates, by sex",,
"Arrests/100,000",,
,Male,Female*6
1990,126.6,65.1
1991,129,67.8
1992,126.7,67.1
1993,124.8,68.3
1994,121.6,70.9
1995,119.7,70.8
1996,107.1,65.9
1997,89.5,55.9
1998,80.4,51.9
1999,71.6,46.2
2000,69,44.2
2001,69.7,44.7
2002,67.2,44
2003,67.6,45.3
2004,67.3,48.2
2005,70,50.8
2006,75.8,55.9
2007,75.4,57.5
2008,76.2,58.3
2009,73.8,57.9
2010,64.6,52.6
