Bureau of Justice Statistics,
Filename: aus9010f37,
Figure 37. Drug possession/use arrest rates,
"Report title: Arrest in the United States, 1990-2010 NCJ 239423",
"Data Source: FBI, Crime in the United States",
"Author: Howard N. Snyder, Ph.D.",
Refer questions to askbjs@usdoj.gov or 202-307-0765,
"Date of version: October 31, 2012",
,
Figure 37. Drug possession/use arrest rates,
"Arrests/100,000",
,All
1990,297.1
1991,257.2
1992,284.8
1993,306.1
1994,379.1
1995,417.6
1996,422.3
1997,451.7
1998,438.7
1999,431.5
2000,443.9
2001,442.5
2002,427.5
2003,460.6
2004,484.8
2005,508.3
2006,520.4
2007,502.4
2008,459.5
2009,441.2
2010,432.5
