Bureau of Justice Statistics,
Filename: aus9010f09,
Figure 9. Robbery arrest rates,
"Report title: Arrest in the United States, 1990-2010 NCJ 239423",
"Data Source: FBI, Crime in the United States",
"Author: Howard N. Snyder, Ph.D.",
Refer questions to askbjs@usdoj.gov or 202-307-0765,
"Date of version: October 31, 2012",
,
Figure 9. Robbery arrest rates,
"Arrests/100,000",
,All
1990,67.3
1991,68.7
1992,67.6
1993,66.8
1994,65.5
1995,64.5
1996,58
1997,48.6
1998,43.8
1999,39
2000,37.6
2001,38
2002,36.8
2003,37.1
2004,37.2
2005,38.8
2006,42.1
2007,42
2008,42.5
2009,41.3
2010,36.3
