Bureau of Justice Statistics,,
Filename: aus9010f06,,
"Figure 6. Forcible rape arrest rates, by age group",,
"Report title: Arrest in the United States, 1990-2010 NCJ 239423",,
"Data Source: FBI, Crime in the United States",,
"Author: Howard N. Snyder, Ph.D.",,
Refer questions to askbjs@usdoj.gov or 202-307-0765,,
"Date of version: October 31, 2012",,
,,
"Figure 6. Forcible rape arrest rates, by age group",,
"Arrests/100,000",,
,Juvenile*2,Adult
1990,18.3,18
1991,19.5,18
1992,18.8,17.3
1993,18.8,16.7
1994,17.5,15.7
1995,16.2,14.7
1996,16,13.8
1997,15.4,13.2
1998,14.8,12.6
1999,13.3,11.6
2000,12.3,11
2001,12.5,10.7
2002,12.8,11
2003,11.4,10.2
2004,11.4,10
2005,10.8,9.7
2006,9.7,9.3
2007,9.6,8.7
2008,8.9,8.4
2009,8.4,7.9
2010,7.7,7.3
