Bureau of Justice Statistics,,,,,,,
Filename: ppus15t01.csv,,,,,,,
"Table 1. Adults under community supervision on probation or parole, yearend 2005-2015",,,,,,,
"Report title: Probation and Parole in the United States, 2015   NCJ 250230",,,,,,,
"Data source: Bureau of Justice Statistics, Annual Probation Survey and Annual Parole Survey, 2005-2015.",,,,,,,
Authors:  Danielle Kaeble and Thomas P. Bonczar,,,,,,,
Refer questions to: askbjs@usdoj.gov or 202-307-0765,,,,,,,
Date of version: 12/21/2016,,,,,,,
,,,,,,,
"Table 1. Adults under community supervision on probation or parole, yearend 2005-2015",,,,,,,
Year,,Total ,,Probation,,Parole,
2005,,"4,946,600",,"4,162,300",,"784,400",
2006,,"5,035,000",,"4,236,800",,"798,200",
2007,,"5,119,000",,"4,293,000",,"826,100",
2008,,"5,093,400",,"4,271,200",,"826,100",
2009,,"5,019,900",,"4,199,800",,"824,600",
2010,,"4,888,500",,"4,055,900",,"840,800",
2011,,"4,818,300",,"3,973,800",,"855,500",
2012,,"4,790,700",,"3,944,900",,"858,400",
2013,,"4,749,800",,"3,912,900",,"849,500",
2014,,"4,713,200",,"3,868,400",,"857,700",
2015,,"4,650,900",,"3,789,800",,"870,500",
,,,,,,,
,"Percent change, 2005�2015 ",-6,%,-8.9,%,11,%
,"Percent change,   2014�2015",-1.3,%,-2,%,-1.5,%
Note: Counts are rounded to the nearest 100. Detail may not sum to total due to rounding. Estimates are based on most recent data and may differ from previously published statistics. Reporting methods for some probation agencies changed over time. See Methodology. ,,,,,,,
"Source: Bureau of Justice Statistics, Annual Probation Survey and Annual Parole Survey, 2005-2015.",,,,,,,
