Bureau of Justice Statistics,,,
Filename: ppus15f1csv,,,
"Figure 1. Adults under community supervision on December 31 and annual percent change, 2005-2015",,,
"Report title: Probation and Parole in the United States, 2015   NCJ 250230",,,
"Data source: Bureau of Justice Statistics, Annual Probation Survey and Annual Parole Survey, 2005-2015. ",,,
Authors:  Danielle Kaeble and Thomas P. Bonczar,,,
Refer questions to: askbjs@usdoj.gov or 202-307-0765,,,
Date of version: 12/21/2016,,,
,,,
"Figure 1. Adults under community supervision on December 31 and annual percent change, 2005-2015",,,
,,,
Year,Yearend population (in millions),,Annual percent change
2005,4.9466,,0.616317
2006,5.035,,1.78709
2007,5.119,,1.66832
2008,5.0934,,-0.500098
2009,5.0194,,-1.45286
2010,4.8885,,-2.60788
2011,4.8174,,-1.45443
2012,4.7901,,-0.566696
2013,4.7556,,-0.720235
2014,4.7124,,-0.908403
2015,4.6509,,-1.30507
,,,
Note: Estimates are based on most recent data and may differ from previously published statistics. See Methodology.,,,
"Source: Bureau of Justice Statistics, Annual Probation Survey and Annual Parole Survey, 2005-2015. ",,,
,,,
,,,
,,,
,,,
,,,
,,,
,,,
,,,
,,,
,,,
,,,
,,,
,,,
,,,
,,,
,,,
,,,
,,,
,,,
,,,
,,,
,,,
,,,
,,,
,,,
,,,
,,,
,,,
,,,
,,,
,,,
,,,
,,,
,,,
,,,
,,,
,,,
,,,
,,,
,,,
,,,
,,,
,,,
�Some or all data are estimates.,,,
"a/Includes individuals who were discharged because of release to special sentence, violations, deportations, incarceration, and revocations. Includes some early terminations and expirations of sentence.",,,
"b/Includes 1,909 parolees who were transferred to another state and 11,985 parolees who exited for other reasons. Other reasons include parolees who were deported, had their sentence overturned by the court through an appeal, were transferred to another state or jurisdiction, were discharged to probation supervision or federal custody, or received a pardon. Also includes individuals with an administrative discharge or who became inactive, or were discharged due to a pending waiver, reversal, detainer, or warrant.",,,
c/The only exits reported were deaths.,,,
d/Some or all detailed data were estimated for type of sentence.,,,
"Source: Bureau of Justice Statistics, Annual Parole Survey, 2015.",,,
