Bureau of Justice Statistics,,,,,,,,
Filename: ppus15t05csv,,,,,,,,
"Table 5. Rate of parole exits, by type of exit, 2005 and 2010?2015",,,,,,,,
"Report title: Probation and Parole in the United States, 2015   NCJ 250230",,,,,,,,
"Data source: Bureau of Justice Statistics, Annual Parole Survey, 2005 and 2010-2015.",,,,,,,,
Authors:  Danielle Kaeble and Thomas P. Bonczar,,,,,,,,
Refer questions to: askbjs@usdoj.gov or 202-307-0765,,,,,,,,
Date of version: 12/21/2016,,,,,,,,
,,,,,,,,
"Table 5. Rate of parole exits, by type of exit, 2005 and 2010-2015",,,,,,,,
,,,,,,,,
Type of exit ,,2005,2010,2011,2012,2013/d,2014/d,2015/d
,Total exit rate/a,66,67,63,58,54,53,54
Completion,,30,35,34,34,32,33,33
Returned to incarceration,,25,23,20,15,14,14,14
,With new sentence,8,6,6,5,4,4,4
,With revocation,16,16,13,8,9,8,8
,Other/unknown,1,1,2,1,1,1,2
Absconder,,7,6,6,6,4,3,4
Other unsatisfactory/b,,1,1,1,1,1,1,1
Transferred to another state,,1,1,1,1,0,0,0
Death,,1,1,1,1,1,1,1
Other/c,,1,1,1,1,1,1,2
Note: Detail may not sum to total due to rounding. ,,,,,,,,
"a/The ratio of the number of parolees exiting supevision during the year to the average daily parole population (i.e., average of the January 1 and December 31 populations within the reporting year).",,,,,,,,
"b/Includes parolees discharged from supervision who failed to meet all conditions of supervision, including some who had their parole sentence revoked but were not incarcerated because their sentence was immediately reinstated, and other types of unsatisfactory exits. Includes some early terminations and expirations of sentence reported as unsatisfactory exits.",,,,,,,,
"c/Includes, but not limited to, parolees discharged from supervision because they were deported or transferred to the jurisdiction of Immigration and Customs Enforcement, had their sentence terminated by the court through an appeal, and were transferred to another state through an interstate compact agreement or discharged to probation supervision.",,,,,,,,
"d/Includes imputed data for California, based on information provided for 2012. ",,,,,,,,
"Source: Bureau of Justice Statistics, Annual Parole Survey, 2005 and 2010-2015.",,,,,,,,
