Bureau of Justice Statistics,,,,,,,,,,,,,,,,,,
File name: fj1314t08.csv,,,,,,,,,,,,,,,,,,
"Table 08. Outcome and case processing time of suspects in matters concluded, 2014",,,,,,,,,,,,,,,,,,
"Report title: Federal Justice Statistics, 2013-2014   NCJ 249149",,,,,,,,,,,,,,,,,,
"Data source: Bureau of Justice Statistics, based on data from the Executive Office for U.S. Attorneys, National LIONS database, fiscal year 2014.",,,,,,,,,,,,,,,,,,
"Author: Mark Motivans, Ph.D., BJS Statistician",,,,,,,,,,,,,,,,,,
Refer questions to: askbjs@usdoj.gov (202) 307-0765,,,,,,,,,,,,,,,,,,
Date of version: 3/16/2017,,,,,,,,,,,,,,,,,,
,,,,,,,,,,,,,,,,,,
"Table 08. Outcome and case processing time of suspects in matters concluded, 2014",,,,,,,,,,,,,,,,,,
,,,,,,Outcome of matters concluded,,,,,,,Prosecutor decision case processing time (median)/a,,,,,
,,Number suspects in matters concluded,Total,,Prosecuted in U.S. district court,,Disposed by U.S. magistrate,,Declined,,Total,,Decision to prosecute in U.S. district court,,Decision to dispose by U.S. magistrate,,Decision to decline matter,
,Total,"170,161",100,%,45.7,%,37.6,%,16.6,%,14, days,24, days,0, days,503, days
Lead charge/b,,,,,,,,,,,,,,,,,,
Violent,,"3,993",100,%,60.3,%,6.2,%,33.5,%,55, days,24, days,107, days,337, days
Property,,"23,619",100,%,52.3,%,7,%,40.7,%,290,,111,,35,,665,
,Fraud,"20,893",100,%,52.3,,5.6,,42.1,,328,,134,,40,,677,
,Other,"2,726",100,%,51.8,,18.1,,30.1,,76,,22,,31,,503,
Drug,,"31,714",100,%,70.5,%,9.7,%,19.8,%,30,,26,,8,,511,
Public order,,"15,487",100,%,42.4,%,16.4,%,41.2,%,156,,28,,90,,482,
,Regulatory,"4,179",100,%,40.1,,10.5,,49.4,,233,,39,,123,,483,
,Other,"11,308",100,%,43.3,,18.6,,38.1,,123,,26,,85,,480,
Sex offense,,"4,929",100,%,63.6,%,1.8,%,34.5,%,99,,41,,92,,313,
Weapons,,"9,068",100,%,72.2,%,1.5,%,26.3,%,37,,23,,42,,258,
Immigration,,"81,305",100,%,30,%,69.3,%,0.7,%,0,,19,,0,,475,
Federal judicial district,,,,,,,,,,,,,,,,,,
U.S.-Mexico border districts,,"91,158",100,%,32.3,%,65.1,%,2.6,%,1, day,22, days,0, days,518, days
,Arizona,"28,383",100,%,18.3,,78.6,,3,,0,,23,,0,,554,
,California Southern,"5,773",100,%,82.3,,14.8,,2.9,,24,,26,,14,,461,
,New Mexico,"5,491",100,%,86.3,,7.2,,6.5,,9,,8,,9,,414,
,Texas Southern,"29,355",100,%,25.4,,73.4,,1.3,,0,,19,,0,,742,
,Texas Western,"22,156",100,%,33,,64.3,,2.7,,3,,23,,1,,427,
Other districts,,"79,003",100,%,61.2,%,6,%,32.8,%,115,,30,,96,,502,
Note: The unit of count is a suspect in a matter referred to U.S. attorneys. Suspects investigated in more than one matter are counted separately. Offense data were missing for 46 matters.,,,,,,,,,,,,,,,,,,
"a/Prosecutor case processing time reflects the time from receipt of a matter to the prosecutor�s decision to: 1) Prosecute as a case in U.S. district court, 2) Refer for disposal in U.S. magistrate court, or 3) Decline the matter resulting in no further action in U.S. district or U.S. magistrate court. The median is the midpoint of processing time. A median of zero means that half of the suspects received a disposition on the same day as the matter was referred. ",,,,,,,,,,,,,,,,,,
"b/Lead charge is the substantive statute that is the primary basis for referral. It is most often the charge with the greatest potential sentence, but not always.",,,,,,,,,,,,,,,,,,
"Source:  Bureau of Justice Statistics, based on data from the Executive Office for U.S. Attorneys, National LIONS database, fiscal year 2014.",,,,,,,,,,,,,,,,,,
