Bureau of Justice Statistics,,,,,,,,,,,,,
File name: fj1314t09.csv,,,,,,,,,,,,,
"Table 09. Outcomes of suspects in matters concluded by Department of Homeland Security and Department of Justice, 2014",,,,,,,,,,,,,
"Report title: Federal Justice Statistics, 2013-2014   NCJ 249149",,,,,,,,,,,,,
"Data source: Bureau of Justice Statistics, based on data from the U.S. Marshals Service, Justice Detainee Information System, fiscal year 2014.",,,,,,,,,,,,,
"Author: Mark Motivans, Ph.D., BJS Statistician",,,,,,,,,,,,,
Refer questions to: askbjs@usdoj.gov (202) 307-0765,,,,,,,,,,,,,
Date of version: 3/16/2017,,,,,,,,,,,,,
,,,,,,,,,,,,,
"Table 09. Outcomes of suspects in matters concluded by Department of Homeland Security and Department of Justice, 2014",,,,,,,,,,,,,
,,Total suspects in matters concluded,,,Outcome of matters concluded,,,,,,,,
Investigating department/agency,,Number,Percent,,Prosecuted in U.S. district court,,Disposed by U.S. magistrate,,Declined,,Number prosecuted,Median days from receipt of matter to prosecutorial decision/a,
,All agencies,"170,161",100,%,45.7,%,37.6,%,16.6,%,"77,823",24, days
Department of Homeland Security (DHS),,"98,459",100,%,35.7,%,60,%,4.3,%,"35,174",21, days
,Customs and Border Protection,"58,127",100,%,28.8,,71,,0.2,,"16,738",21,
,Immigration and Customs Enforcement,"17,064",100,%,80.9,,7.6,,11.5,,"13,798",20,
,Citizenship and Immigration Services,"17,523",100,%,6.3,,93.2,,0.4,,"1,111",23,
,Secret Service,"3,575",100,%,56.1,,2.7,,41.2,,"2,004",96,
,Joint DHS/state/local task forces,433,100,%,74.1,,2.5,,23.3,,321,28,
,Otherb,"1,737",100,%,69.2,,4.1,,26.7,,"1,202",27,
Department of Justice,,"47,188",100,%,63.4,%,3,%,33.6,%,"29,898",33, days
,"Alcohol, Tobacco, Firearms, and Explosives (ATF)","8,214",100,%,71.6,,1.5,,27,,"5,879",27,
,,713,100,%,66.6,,1.7,,31.7,,475,42,
,U.S. Marshals Service (USMS),"2,143",100,%,48.9,,8.3,,42.9,,"1,047",15,
,,88,100,%,40.9,,5.7,,53.4,,36,19,
,Drug Enforcement Administration (DEA),"12,375",100,%,73.2,,3.2,,23.5,,"9,064",29,
,,"1,257",100,%,79.5,,2.5,,18,,999,30,
,FBI,"20,265",100,%,55.8,,3,,41.2,,"11,309",57,
,,872,100,%,62,,1.9,,36,,541,41,
,Otherc,"1,261",100,%,43.5,,5.1,,51.5,,548,22,
Note: The unit of count is a suspect in a matter concluded by U.S. attorneys. Suspects concluded in more than one matter are counted separately.  Investigating department or agency is the entity making the referral for criminal action to the U.S. attorney�s office.,,,,,,,,,,,,,
a/ The median is the midpoint of processing time. A median of zero means that half of the suspects received a prosecutorial decision on the same day as the matter was referred. ,,,,,,,,,,,,,
"b/ Includes Federal Emergency Management Agency, Transportation Security Administration, and U.S. Coast Guard.",,,,,,,,,,,,,
c/Includes U.S. Parole Commission and U.S. Trustees.,,,,,,,,,,,,,
"Source: Bureau of Justice Statistics, based on data from the Executive Office for U.S. Attorneys, National LIONS database, fiscal year 2014.",,,,,,,,,,,,,
