Bureau of Justice Statistics,,,,,,,,,,,,,,,,
File name: fj1314t14.csv,,,,,,,,,,,,,,,,
"Table 14. Disposition and case processing time of defendants in cases terminated in U.S. district court, 2014",,,,,,,,,,,,,,,,
"Report title: Federal Justice Statistics, 2013-2014   NCJ 249149",,,,,,,,,,,,,,,,
"Data source: Bureau of Justice Statistics, based on data from the Administrative Office of the U.S. Courts, criminal master file, fiscal year 2014.",,,,,,,,,,,,,,,,
"Author: Mark Motivans, Ph.D., BJS Statistician",,,,,,,,,,,,,,,,
Refer questions to: askbjs@usdoj.gov (202) 307-0765,,,,,,,,,,,,,,,,
Date of version: 3/16/2017,,,,,,,,,,,,,,,,
,,,,,,,,,,,,,,,,
"Table 14. Disposition and case processing time of defendants in cases terminated in U.S. district court, 2014",,,,,,,,,,,,,,,,
,,Total cases terminated,,,,,Percent convicted,,,,,,Percent not convicted,,,
Most serious offense at termination,,Number,Percent,,Total,,"Guilty plea 
",,Bench/jury trial,,Total,,"Bench/jury trial 
",,Dismissed,
,Total,"85,781",100,%,91.1,%,88.9,%,2.2,%,8.9,%,0.4,%,8.5,%
Most serious offense,,,,,,,,,,,,,,,,
Felony,,"76,139",100,%,93.5,%,91.1,%,2.4,%,6.5,%,0.4,%,6.1,%
Violent,,"1,850",100,%,91.8,,86.4,,5.4,,8.2,,1.6,,6.7,
Property,,"12,037",100,%,91,,87.4,,3.6,,9,,0.6,,8.4,
,Fraud,"10,479",100,%,91.2,,87.3,,3.9,,8.8,,0.5,,8.3,
,Other,"1,558",100,%,90.2,,88,,2.2,,9.8,,1,,8.8,
Drug,,"24,640",100,%,92.5,,90.2,,2.3,,7.5,,0.3,,7.2,
Public order,,"5,086",100,%,89.4,,84.9,,4.6,,10.6,,1.4,,9.2,
,Regulatory,905,100,%,88.1,,82.7,,5.4,,11.9,,1.2,,10.7,
,Other,"4,181",100,%,89.7,,85.4,,4.4,,10.3,,1.4,,8.9,
Sex offense,,"3,268",100,%,93.6,,89.9,,3.7,,6.4,,0.5,,5.9,
Weapons,,"7,444",100,%,93.3,,89.5,,3.8,,6.7,,0.8,,5.9,
Immigration,,"21,814",100,%,97.2,,96.8,,0.4,,2.8,,0.1,,2.7,
Misdemeanor,,"9,642",100,%,72.1,%,71.5,%,0.6,%,27.9,%,0.3,%,27.6,%
Federal district,,,,,,,,,,,,,,,,
U.S.-Mexico border districts,,"29,681",100,%,95.7,%,94.9,%,0.7,%,4.3,%,0.1,%,4.2,%
,Arizona,"6,901",100,%,96.4,,95.6,,0.8,,3.6,,0.1,,3.5,
,California Southern,"4,719",100,%,89.6,,88.5,,1.1,,10.4,,0.3,,10.1,
,New Mexico,"4,440",100,%,98.7,,98.4,,0.3,,1.3,,0.1,,1.3,
,Texas Southern,"6,573",100,%,96.2,,95.7,,0.5,,3.8,,0.2,,3.6,
,Texas Western,"7,048",100,%,96.6,,95.6,,1,,3.4,,0.2,,3.3,
Other districts,,"56,100",100,%,88.7,%,85.8,%,2.9,%,11.3,%,0.6,%,10.7,%
Median days from filing to disposition,,214 days,,212 days,212 days,516 days,,304 days,304 days,304 days,,,,,,
Note: Most serious offense at termination determined by court personnel as the offense with the greatest statutory maximum sentence. The unit of count is a defendant in a case terminated in U.S. district court. Defendants terminated in more than one case are counted separately. The median is the midpoint of processing time.,,,,,,,,,,,,,,,,
"Source: Bureau of Justice Statistics, based on data from the Administrative Office of the U.S. Courts, criminal master file, fiscal year 2014.",,,,,,,,,,,,,,,,
