Bureau of Justice Statistics,,,,,,,
Filename:  cp06st10.csv,,,,,,,
"Table 10. Executions and other dispositions of inmates sentenced to death, by race and Hispanic origin, 1977-2006",,,,,,,
"Report title: Capital Punishment, 2006 - Statistical Tables  NCJ 220219",,,,,,,
Data source: National Prisoner Statistics (NPS-8),,,,,,,
Author:  Tracy L. Snell,,,,,,,
Refer questions to: askbjs@usdoj.gov (202) 307-0765,,,,,,,
Date of version: 12/6/07,,,,,,,

"Table 10. Executions and other dispositions of inmates sentenced to death, by race and Hispanic origin, 1977-2006",,,,,,,
,,Prisoners executed ,,,Prisoners who received other dispositions/a ,,
Race/Hispanic origin,Total under sentence of death 1977-2006/b,Number  ,Percent  of total,,Number,Percent  of total,
   Total/b,"7,433","1,057",14.2,%,"3,148",42.4,%
White/c,"3,633",609,16.8,%,"1,553",42.7,
Black/c,"3,047",359,11.8,,"1,348",44.2,
Hispanic,636,75,11.8,,203,31.9,
"All other races/c,d",117,14,12,,44,37.6
"a/Includes persons removed from a sentence of death because of statutes struck down on appeal, sentences or convictions vacated, commutations, or death by other than execution. ",,,,,,
"b/Includes 6 persons sentenced to death prior to 1977 who were still under sentence of death on 12/31/06; 374 persons sentenced to death prior to 1977 whose death sentence was removed between 1977 and 12/31/06; and 7,053 persons sentenced to death between 1977 and 2006.",,,,,,
c/Excludes persons of Hispanic origin.,,,,,,
"d/Includes American Indians, Alaska Natives, Asians, Native Hawaiians, and other Pacific Islanders.",,,,,,
