Bureau of Justice Statistics,,,,,,,,
Filename: pim09st14.csv,,,,,,,,
"Table 14. Number of state and federal prisoners in local facilities, by jurisdiction, December 31, 2000, 2007, and 2008, and June 30, 2008 and 2009",,,,,,,,
Report title: Prison Inmates at Midyear 2009-Statistical Tables NCJ ,,,,,,,,
"Data source: National Prisoner Statistics, 1a",,,,,,,,
"Authors: Heather C. West, Ph.D. ",,,,,,,,
Refer questions to: askbjs@usdoj.gov   202-307-0765,,,,,,,,
"Date of version: June 16, 2010",,,,,,,,
,,,,,,,,
"Table 14. Number of state and federal prisoners in local facilities, by jurisdiction, December 31, 2000, 2007, and 2008, and June 30, 2008 and 2009",,,,,,,,
,,,,,,,,
,,Number of prisoners in local facilities,,,,,"Percent of all prisoners, 6/30/2009",
Region and jurisdiction,,12/31/2000,12/31/2007,6/30/2008,12/31/2008,6/30/2009,,
U.S. total,,"63,140","80,621","80,856","83,497","82,370",5.1,%
,Federal,"2,438","2,144","2,575","2,738","3,201",1.5,
,State,"60,702","78,477","78,281","80,759","79,169",5.6,
Northeast,,"3,823","1,686","1,575","1,454","2,015",1.1,%
,Connecticut/a,~,~,~,~,~,:,
,Maine,24,9,32,90,123,5.6,
,Massachusetts,457,136,294,185,177,1.5,
,New Hampshire,14,52,35,46,43,1.6,
,New Jersey,"3,225","1,468","1,203","1,122","1,529",5.9,
,New York,45,21,11,11,6, --,
,Pennsylvania,58,0,0,0,137,0.3,
,Rhode Island/a,~,~,~,~,~,:,
,Vermont/a,~,~,~,~,~,:,
Midwest,,"2,103","3,381","3,825","4,034","3,623",1.4,%
,Illinois,0,0,0,0,0,:,
,Indiana,"1,187","2,002","1,987","1,930","1,873",6.3,
,Iowa,0,0,0,0,0,:,
,Kansas,0,0,0,0,0,:,
,Michigan,286,43,59,28,44,0.1,
,Minnesota,149,518,700,"1,004",632,6.3,
,Missouri,0,0,0,0,0,:,
,Nebraska,0,0,0,0,0,:,
,North Dakota,38,48,42,71,62,4.3,
,Ohio,0,0,0,0,0,:,
,South Dakota,16,55,54,58,86,2.5,
,Wisconsin,427,715,983,943,926,4,
South,,"49,455","67,071","67,128","69,445","68,615",10.5,%
,Alabama,"3,401","1,596","1,406","1,790","1,730",5.6,
,Arkansas,728,"1,007","1,317","1,541","1,778",11.5,
,Delaware/a,~,~,~,~,~,:,
,District of Columbia/b,"1,329",~,~,~,~,:,
,Florida/c,0,"1,147",64,"1,144","1,309",1.3,
,Georgia,"3,888","4,919","4,917","4,690","4,933",9.1,
,Kentucky,"3,850","7,912","7,347","7,363","7,051",32.9,
,Louisiana,"15,599","17,079","17,208","17,524","18,420",47.3,
,Maryland,118,151,138,141,149,0.6,
,Mississippi,"3,700","4,952","5,052","4,858","4,446",20.3,
,North Carolina,0,0,0,0,0,:,
,Oklahoma,970,"1,892","2,226","2,148","2,125",8.1,
,South Carolina,433,377,478,361,423,1.7,
,Tennessee,"5,204","7,019","7,501","7,860","7,863",28.8,
,Texas,"6,477","12,774","12,810","12,805","10,965",6.4,
,Virginia,"2,962","5,097","5,522","6,057","6,148",16,
,West Virginia,796,"1,149","1,142","1,163","1,275",20.3,
West,,"5,321","6,339","5,753","5,826","4,916",1.6,
,Alaska/a,~,~,~,~,~,:,%
,Arizona,237,46,43,47,41,0.1,
,California,"2,758","3,023","3,083","2,736","2,291",1.3,
,Colorado,"2,178",175,106,63,99,0.4,
,Hawaii/a,~,~,~,~,~,:,
,Idaho,450,575,453,365,479,6.6,
,Montana,548,522,541,579,556,15.2,
,Nevada/d,175,155,197,199,162,1.3,
,New Mexico,0,116,0,0,0,:,
,Oregon,7,23,23,20,18,0.1,
,Utah,"1,050","1,286","1,258","1,341","1,228",19,
,Washington,0,362,0,430,0,:,
,Wyoming,17,56,49,46,42,2,
~ Not applicable.,,,,,,,,
/ Not reported.,,,,,,,,
: Not calculated.,,,,,,,,
 --Less than 0.05%.,,,,,,,,
a/Prisons and jails form one integrated system. Data include total jail and prison populations.,,,,,,,,
"b/As of December 31, 2001, sentenced felons from the District of Columbia were the responsibility of the Federal Bureau of Prisons.",,,,,,,,
"c/Not comparable to previous years. As of 2009, the count includes all prisoners out to court.",,,,,,,,
"d /Includes estimates for Nevada for December 31, 2007.  See Methodology.",,,,,,,,
