Bureau of Justice Statistics,,,,,,,,,,,,
Filename: pim09st15.csv,,,,,,,,,,,,
"Table 15. Inmates held in custody in state or federal prisons or in local jails, December 31, 2000-2008, and June 30, 2008 and 2009",,,,,,,,,,,,
Report title: Prison Inmates at Midyear 2009-Statistical Tables NCJ ,,,,,,,,,,,,
"Data source: National Prisoner Statistics, 1a",,,,,,,,,,,,
"Authors: Heather C. West, Ph.D. ",,,,,,,,,,,,
Refer questions to: askbjs@usdoj.gov   202-307-0765,,,,,,,,,,,,
"Date of version: June 16, 2010",,,,,,,,,,,,
,,,,,,,,,,,,
"Table 15. Inmates held in custody in state or federal prisons or in local jails, December 31, 2000-2008, and June 30, 2008 and 2009",,,,,,,,,,,,
,,,,,,,,,,,,
,,,,Number of inmates ,,,,,,,,
,,,,12/31/2000,12/31/2007,6/30/2008,12/31/2008,6/30/2009,"Average annual change, 2000-2008",,"Percent change, 12/31/2008-06/30/2009",
Total inmates in custody,,,,"1,937,482","2,298,041","2,308,561","2,308,390","2,297,400",2.2,%,-0.5,%
Federal prisoners/a,,,,,,,,,,,,
,Total,,,"140,064","197,285","198,402","198,414","203,233",4.4,%,2.4,%
,,Prisons,,"133,921","189,154","190,273","189,770","194,435",4.5,,2.5,
,,,Federal facilities,"124,540","165,975","165,690","165,252","170,354",3.6,,3.1,
,,,Privately operated facilities,"9,381","23,179","24,583","24,518","24,081",12.8,,-1.8,
,,Community Corrections Centers/b,,"6,143","8,131","8,129","8,644","8,798",4.4,,1.8,
State prisoners,,,,"1,176,269","1,320,582","1,324,603","1,324,420","1,326,547",1.5,%,0.2,%
Local jails/c,,,,"621,149","780,174","785,556","785,556","767,620",3,%,-2.3,%
Incarceration rated,,,,684,756,762,756,748,1.3,%,-1,%
"Note:  Total includes all inmates held in state or federal prison facilities or in local jails.  It does not include inmates held in U.S. territories, military facilities, U.S. Immigration and Customs Enforcement facilities, jails in Indian country, and juvenile facilities. ",,,,,,,,,,,,
"a/After 2001, responsibility for sentenced prisoners from the District of Columbia was transferred to the Federal Bureau of Prisons.",,,,,,,,,,,,
"b/Non-secure, privately operated community corrections centers. ",,,,,,,,,,,,
c/Counts for inmates held in local jails are for the last working day of June in each year.  Counts were estimated from the Annual Survey of Jails. See Methodology. ,,,,,,,,,,,,
"d/The total number in custody per 100,000 U.S. residents.  Resident population estimates were as of January 1 of the following year for December 31 estimates and July 1 of the same year for June 30 estimates.",,,,,,,,,,,,
