Bureau of Justice Statistics,,,,
Filename: it05t02.csv,,,,
"Report Title: Identity Theft, 2005: NCJ 219411",,,,
Data source: National Crime Victimization Survey,,,,
"Author: Katrina Baum, Ph.D.",,,,
Refer questions to: askbjs@usdoj.gov 202-307-0765,,,,
Date of version: 11/5/07,,,,

"Table 2. Age, race, Hispanic origin, region, and location of residence of head of households experiencing identity theft",,,,

Head of household characteristic,,Number of victimized households,Percent of all households in each category,
,Total,6426200,5.5,%
Age,,,,
,18-24,545100,7,%
,25-34,1225900,6.1,
,35-49,2240400,6.1,
,50-64,1725800,5.9,
,65 or older,689100,3,
Race,,,,
,White,5410100,5.6,%
,Black,693700,4.8,
,Other race,255800,4.9,
,More than one race,66600,7.5,
Hispanic Origin,,,,
,Hispanic,551900,4.4,%
,Non-Hispanic,5850200,5.6,
Region,,,,
,Northeast,997600,4.7,%
,Midwest,1394600,5,
,South,2157000,5,
,West,1877000,7.4,
Location of residence,,,,
,Urban,2010800,5.8,%
,Suburban,3548500,5.9,
,Rural,866900,3.9,
