"Bureau of Justice Statistics",,,,,,,,,
"filename:  cv0122.csv",,,,,,,,,
"Table 22: Victimization rates by race of head of household, annual family income and type of theft",,,,,,,,,
"data source: National Criminal Victimization Survey, 2001   NCJ 197064",,,,,,,,,
"produced by:  Cathy Maston ",,,,,,,,,
"authors:  Patsy Klaus and Cathy Maston",,,,,,,,,
"refer questions to:  askbjs@ojp.usdoj.gov     202-307-0765",,,,,,,,,
"date of version: 10/31/02",,,,,,,,,
,,,,,,,,,
"Table 22. Theft, 2001: Victimization rates by race of head of household, annual family income and type of theft",,,,,,,,,
"       ",,,,,,,,,
"                                                                                                                                         ",,,"                                                            Rate per 1,000 households",,,,,,
,,,,"                                       Completed theft",,,,,
"Race and income",,"Total households","Theft/a","Less than $50","$50-$249","$250 or more",,"Attempted",
,,,,,,,,,
"White",,,,,,,,,
"Less than $7,500",,3950660,127.9,44.0,40.0,29.7,,5.7,"*"
"$7,500-$14,999",,7497150,135.3,42.5,50.8,25.4,,5.5,
"$15,000-$24,999",,10377630,131.4,43.4,42.0,33.6,,3.6,
"$25,000-$34,999",,10379520,122.5,40.5,43.2,27.4,,5.0,
"$35,000-$49,999",,12437520,139.7,49.2,46.6,30.6,,4.3,
"$50,000-$74,999",,12987540,151.0,50.1,51.4,34.4,,5.0,
"$75,000 or more",,15096670,154.6,52.8,52.0,34.0,,3.4,
,,,,,,,,,
"Black",,,,,,,,,
"Less than $7,500",,1561470,89.4,29.8,36.5,13.0,"*",2.9,"*"
"$7,500-$14,999",,1708920,115.2,39.8,41.2,20.3,,1.2,"*"
"$15,000-$24,999",,1972890,135.3,38.6,42.5,41.6,,2.3,"*"
"$25,000-$34,999",,1695270,151.2,49.4,62.6,29.5,,4.7,"*"
"$35,000-$49,999",,1503240,172.1,65.8,68.9,21.7,,5.8,"*"
"$50,000-$74,999",,1124320,159.8,55.8,60.8,25.2,"*",2.5,"*"
"$75,000 or more",,821340,122.3,46.3,46.2,21.4,"*",2.6,"*"
,,,,,,,,,
"Note: Detail may not add to total shown because of rounding.  Excludes data on families whose income level was not ascertained and data on persons of ""Other"" races.",,,,,,,,,
"*Estimate is based on about 10 or fewer sample cases.",,,,,,,,,
"a/Includes data, not shown separately, on thefts for which the value of loss was not ascertained.",,,,,,,,,
