"Bureau of Justice Statistics",,,,,,,,,,,,
"filename:  cv0102.csv",,,,,,,,,,,,
"Table 2: Number of victimizations and victimization rates for persons age 12 and over, by type of crime and gender of victims",,,,,,,,,,,,
"data source: National Criminal Victimization Survey, 2001   NCJ 197064",,,,,,,,,,,,
"produced by:  Cathy Maston ",,,,,,,,,,,,
"authors:  Patsy Klaus and Cathy Maston",,,,,,,,,,,,
"refer questions to:  askbjs@ojp.usdoj.gov     202-307-0765",,,,,,,,,,,,
"date of version: 10/31/02",,,,,,,,,,,,
,,,,,,,,,,,,
"Table 2. Personal crimes, 2001: Number of victimizations and victimization rates for persons age 12 and over, by type of crime and gender of victims",,,,,,,,,,,,
"              ",,,,,,,,,,,,
,"                                                                    Rate per 1,000 persons age 12 and over",,,,,,,,,,,
,"                   Both genders",,,,"                           Male",,,,"                   Female",,,
"Type of crime         ","Number",,"Rate",,"Number",,"Rate",,"Number",,"Rate",
,,,,,,,,,,,,
"All personal crimes",5932190,,25.9,,3112280,,28.0,,2819910,,23.9,
,,,,,,,,,,,,
"Crimes of violence",5743820,,25.1,,3027400,,27.3,,2716420,,23.0,
"   Completed violence",1828280,,8.0,,887160,,8.0,,941120,,8.0,
"   Attempted/threatened violence",3915540,,17.1,,2140240,,19.3,,1775300,,15.0,
"   Rape/Sexual assault",248250,,1.1,,22930,"*",0.2,"*",225320,,1.9,
"      Rape/Attempted rape",146240,,0.6,,6770,"*",0.1,"*",139470,,1.2,
"         Rape",83620,,0.4,,6770,"*",0.1,"*",76850,,0.7,
"         Attempted rape/a",62620,,0.3,,"0","*","0.0","*",62620,,0.5,
"      Sexual assault/b",102010,,0.4,,16160,"*",0.1,"*",85850,,0.7,
"   Robbery",630690,,2.8,,427330,,3.8,,203360,,1.7,
"      Completed/property taken",426680,,1.9,,282040,,2.5,,144640,,1.2,
"         With injury",173730,,0.8,,109420,,1.0,,64310,,0.5,
"         Without injury",252950,,1.1,,172620,,1.6,,80340,,0.7,
"      Attempted to take property",204000,,0.9,,145290,,1.3,,58720,,0.5,
"         With injury",67740,,0.3,,50170,,0.5,,17580,"*",0.1,"*"
"         Without injury",136260,,0.6,,95120,,0.9,,41140,,0.3,
"   Assault",4864890,,21.2,,2577140,,23.2,,2287740,,19.4,
"      Aggravated",1222160,,5.3,,721700,,6.5,,500460,,4.2,
"         With injury",391530,,1.7,,245010,,2.2,,146520,,1.2,
"         Threatened with weapon",830630,,3.6,,476700,,4.3,,353940,,3.0,
"      Simple",3642720,,15.9,,1855440,,16.7,,1787280,,15.1,
"         With minor injury",844940,,3.7,,344710,,3.1,,500230,,4.2,
"         Without injury",2797780,,12.2,,1510730,,13.6,,1287050,,10.9,
"Purse snatching/Pocket picking",188370,,0.8,,84880,,0.8,,103490,,0.9,
,,,,,,,,,,,,
"Population age 12 and over",229215290,,"...",,111074760,,"...",,118140540,,"...",
,,,,,,,,,,,,
"Note: Detail may not add to total shown because of rounding.",,,,,,,,,,,,
"*Estimate is based on about 10 or fewer sample cases.",,,,,,,,,,,,
"...Not applicable.",,,,,,,,,,,,
"a/Includes verbal threats of rape.",,,,,,,,,,,,
"b/Includes threats.",,,,,,,,,,,,
