"Bureau of Justice Statistics",,,,,,,,,,,,,
"filename:  cv0120.csv",,,,,,,,,,,,,
"Table 20: Victimization rates by type of crime and annual family income",,,,,,,,,,,,,
"data source: National Criminal Victimization Survey, 2001   NCJ 197064",,,,,,,,,,,,,
"produced by:  Cathy Maston ",,,,,,,,,,,,,
"authors:  Patsy Klaus and Cathy Maston",,,,,,,,,,,,,
"refer questions to:  askbjs@ojp.usdoj.gov     202-307-0765",,,,,,,,,,,,,
"date of version: 10/31/02",,,,,,,,,,,,,
,,,,,,,,,,,,,
"Table 20. Property crimes, 2001: Victimization rates by type of crime and annual family income",,,,,,,,,,,,,
,,,,,,,,,,,,,
,,,,"                                                                Rate per 1,000 households",,,,,,,,,
"Type of crime",,"Less than $7,500",,"$7,500-$14,999",,"$15,000-$24,999",,"$25,000-$34,999","$35,000-$49,999","$50,000-$74,999",,"$75,000 or more",
,,,,,,,,,,,,,
"Property crimes",,184.6,,181.6,,179.2,,170.4,176.4,178.8,,180.0,
,,,,,,,,,,,,,
"  Household burglary",,58.0,,37.1,,36.2,,33.3,23.0,20.2,,22.7,
"    Completed",,49.7,,31.9,,29.3,,27.6,19.9,16.6,,21.5,
"      Forcible entry",,19.5,,14.6,,11.3,,12.9,6.8,7.5,,6.4,
"      Unlawful entry without force",,30.3,,17.3,,18.0,,14.7,13.1,9.1,,15.1,
"    Attempted forcible entry",,8.2,,5.2,,6.8,,5.7,3.1,3.5,,1.2,"*"
"  Motor vehicle theft",,8.4,,11.5,,10.3,,9.8,10.6,7.8,,7.4,
"    Completed",,5.3,,8.9,,8.6,,7.0,6.8,6.0,,5.1,
"    Attempted",,3.1,"*",2.6,"*",1.7,"*",2.7,3.8,1.8,"*",2.3,
"  Theft",,118.3,,133.0,,132.8,,127.4,142.8,150.8,,149.9,
"    Completed",,112.8,,128.3,,128.9,,122.6,138.5,146.0,,146.5,
"       Less than $50",,38.7,,42.5,,42.2,,41.9,50.9,50.3,,51.2,
"       $50 - $249",,40.8,,49.4,,42.7,,45.4,49.0,51.1,,50.6,
"       $250 or more",,24.9,,24.3,,34.8,,28.5,29.4,34.0,,32.8,
"       Amount not available",,8.4,,12.2,,9.2,,6.8,9.1,10.6,,11.9,
"     Attempted",,5.5,,4.7,,3.9,,4.8,4.3,4.8,,3.4,
,,,,,,,,,,,,,
"Total number of households",,5777210,,9523740,,12782170,,12455200,14447520,14609900,,16668470,
,,,,,,,,,,,,,
"Note: Detail may not add to total shown because of rounding.",,,,,,,,,,,,,
"*Estimate is based on about 10 or fewer sample cases.",,,,,,,,,,,,,
"Excludes data on families whose income level was not ascertained.",,,,,,,,,,,,,
