"Bureau of Justice Statistics",,,,
"filename: cpu98601.csv",,,,
"table: 6.1",,,,
"report title: Correctional Populations in the United States,1998 chapter 6 NCJ 192929",,,,
"data source: Annual Parole Data Survey, 1998",,,,
"author: Thomas Bonczar and Lauren Glaze",,,,
"refer questions to: askbjs@ojp.usdoj.gov (202) 307-0765",,,,
"date of version: 2-21-02",,,,
,,,,
"Table 6.1.  Characteristics of adults on parole, 1998",,,,
,,,,
,"Number of adults",,"Percent of those",
,"on parole from State",,"persons with a",
"Characteristic","or Federal courts",,"known status",
,,,,
"          Total number of adults on parole",704964,,100,"%"
,,,,
"Type of parole",684414,,100,"%"
"     Discretionary ",425921,,62," "
"     Mandatory",254850,,37," "
"     Special conditional",309,,"--",
"     Other",3334,,"--",
,,,,
"Status of supervision",704964,,100,"%"
"     Active supervision",572230,,81," "
"     Inactive supervision",37199,,5," "
"     Absconded from supervision",54445,,8," "
"     Supervised out of State",38131,,5," "
"     Other",2959,,"--",
,,,,
"Adults entering parole",433771,,100,"%"
"     Discretionary parole",176040,,41," "
"     Mandatory parole",229887,,53," "
"     Reinstatement",21427,,5," "
"     Other",6417,,1," "
,,,,
"Adults leaving parole",422773,,100,"%"
"     Successful completions",190187,,45," "
"     Returned to incarceration",175922,,42," "
"          With new sentence",52915,,13," "
"          With revocation pending",122077,,29," "
"          Other",930,,"--",
"     Absconder",40144,,9,
"     Other unsuccessful",3197,,1,
"     Transferred to another State",5450,,1," "
"     Death",4112,,1," "
"     Other",3761,,1," "
,,,,
"Gender ",699714,,100,"%"
"     Male",617996,,88," "
"     Female",81718,,12," "
,,,,
"Race ",655104,,100,"%"
"     White",357460,,55," "
"     Black/African American",289251,,44," "
"     American Indian/Alaska Native",4176,,1," "
"     Asian",3816,,1,
"     Native Hawaiian/Other Pacific Islander",401,,"--",
,,,,
"Hispanic origin of adults on parole",626287,,100,"%"
"     Hispanic ",128892,,21," "
"     Non-Hispanic",497395,,79," "
,,,,
"Length of sentence",562133,,100,"%"
"     Less than 1 year",20856,,4," "
"     One year or more",541277,,96," "
,,,,
"Note:  Detail may not sum to total because of rounding.  See the detailed tables, the ",,,,
"questionnaire, and the Explanatory notes for definitions, limitations, and exceptions.",,,,
"For every characteristic there were persons of unknown status or type; their ",,,,
"numbers are in the detailed tables.Jurisdictions failed to report data for less than 1% ",,,,
"of ""status of supervision,""  ""adults entering parole,"" ""adults exiting parole,"" and ""gender""; ",,,,
"6% of ""race,"" 11% ""Hispanic or Latino origin,"" and 20% of ""length of sentence"" of parolees.",,,,
"-- Less than 0.5%.",,,,
