"Bureau of Justice Statistics",,,,,,,,,,,,,,
"filename:  ncrp0004.csv",,,,,,,,,,,,,,
"NCRP0004 -  New court commitments to State prison, 2000:  Offense, by gender, race, and Hispanic origin",,,,,,,,,,,,,,
"data source:  National Corrections Reporting Program, 2000",,,,,,,,,,,,,,
"author:  Timothy Hughes ",,,,,,,,,,,,,,
"refer questions to:  askbjs@ojp.usdoj.gov      202-307-0765",,,,,,,,,,,,,,
"date of version 6/20/03",,,,,,,,,,,,,,
,,,,,,,,,,,,,,
,,,,,,,,,,,,,,
" ","New court commitments to State prison",,,,,,,,,,,,,
"Most serious offense","All",,"Male"," ","Female",,"  White\1",,"   Black\1",,"  Other\2",,"Hispanic origin\3",
," ",,,,,,,,,,,,,
"All offenses",100.0,"%",100.0,"%",100.0,"%",100.0,"%",100.0,"%",100.0,"%",100.0,"%"
"Violent offenses",29.5,"%",30.9,"%",18.0,"%",28.9,"%",28.6,"%",36.4,"%",33.4,"%"
"Homicide",3.4,,3.5,,3.1,,3.2,,3.5,,5.0,,3.9,
"Murder/nonnegligent manslaughter",2.5,,2.6,,1.9,,2.0,,2.7,,3.9,,3.2,
"Murder",2.2,,2.3,,1.6,,1.8,,2.4,,3.3,,2.7,
"Nonnegligent manslaughter",0.3,,0.3,,0.4,,0.2,,0.3,,0.6,,0.5,
"Negligent manslaughter",0.9,,0.8,,1.1,,1.1,,0.7,,1.1,,0.7,
"Unspecified homicide",0.1,,0.1,,0.1,,0.1,,0.1,,0.0,"*",0.1,"*"
"Kidnaping",0.7,,0.7,,0.4,,0.7,,0.7,,1.1,,0.8,
"Rape",1.7,,1.9,,0.2,,2.5,,1.2,,2.5,,1.4,
"Other sexual assault",4.9,,5.4,,0.7,,7.1,,2.5,,6.0,,5.7,
"Robbery",8.1,,8.4,,4.8,,5.3,,10.7,,6.3,,8.1,
"Assault",9.3,,9.5,,7.0,,8.5,,9.1,,12.7,,11.8,
"Other violent",1.4,,1.3,,1.8,,1.7,,1.0,,2.9,,1.7,
"Property offenses",26.4,"%",25.6,"%",33.5,"%",31.9,"%",23.0,"%",27.6,"%",18.6,"%"
"Burglary",10.8,,11.4,,5.8,,13.5,,8.8,,11.6,,9.0,
"Larceny/theft",6.3,,5.8,,11.4,,7.0,,6.3,,5.9,,3.6,
"Motor vehicle theft",1.9,,2.0,,1.1,,1.9,,1.6,,2.8,,2.4,
"Arson",0.5,,0.5,,0.7,,0.8,,0.4,,0.4,,0.3,
"Fraud",4.2,,3.2,,12.4,,5.4,,3.7,,3.9,,1.3,
"Stolen property",1.8,,1.8,,1.5,,2.2,,1.5,,1.8,,1.5,
"Other property",0.9,,0.9,,0.6,,1.2,,0.7,,1.2,,0.5,
"Drug offenses",31.7,"%",30.7,"%",40.4,"%",23.7,"%",39.1,"%",19.5,"%",37.1,"%"
"Possession",9.4,,8.9,,12.9,,8.1,,10.9,,6.4,,8.5,
"Trafficking",15.6,,15.5,,17.1,,10.2,,20.4,,9.7,,20.9,
"Other/unspecified drug",6.7,,6.3,,10.4,,5.4,,7.8,,3.5,,7.7,
"Public-order offenses",11.8,"%",12.3,"%",7.4,"%",14.9,"%",8.9,"%",15.9,"%",10.4,"%"
"Weapons",2.9,,3.2,,0.8,,2.1,,3.6,,2.7,,3.2,
"Driving while intoxicated",4.2,,4.4,,2.5,,6.9,,1.3,,7.9,,4.6,
"Other public-order",4.6,,4.7,,4.1,,5.9,,4.0,,5.3,,2.5,
"Other offenses",0.5,"%",0.5,"%",0.7,"%",0.6,"%",0.4,"%",0.6,"%",0.5,"%"
"Number of admissions",285819,,256241,,29573,,121452,,127146,,3707,,39528,
,,,,,,,,,,,,,,
"Detail may not add to total because of rounding.",,,,,,,,,,,,,,
"*Less than 0.05%.",,,,,,,,,,,,,,
"1\Includes persons of Hispanic origin.",,,,,,,,,,,,,,
"2\Includes American Indians/Alaskan Natives, Asians, Native Hawaiians, or other Pacific Islanders.",,,,,,,,,,,,,,
"3\Includes persons of all races.",,,,,,,,,,,,,,
