"Bureau of Justice Statistics",,,,,,,
"filename:  ncrp0012.csv",,,,,,,
"NCRP0012 -  First entries to parole supervision from State prison, 2000:  Method of prison release, by offense",,,,,,,
"data source:  National Corrections Reporting Program, 2000",,,,,,,
"author:  Timothy Hughes ",,,,,,,
"refer questions to:  askbjs@ojp.usdoj.gov      202-307-0765",,,,,,,
"date of version 6/20/03",,,,,,,
,,,,,,,
,,,,,,,
" ","First entries to parole supervision",,,,,,
"Most serious offense","Number","Total",,"Discretionary release",,"Mandatory release",
,,,,,,,
"All offenses",165198,100.0,"%",53.0,"%",47.0,"%"
"Violent offenses",43402,100.0,,48.1,,51.9,"%"
"Homicide",4550,100.0,,52.4,,47.6,
"Murder/nonnegligent manslaughter",3207,100.0,,51.0,,49.0,
"Murder",2382,100.0,,58.0,,42.0,
"Nonnegligent manslaughter",825,100.0,,30.9,,69.1,
"Negligent manslaughter",1286,100.0,,54.1,,45.9,
"Unspecified homicide",57,100.0,,89.5,,10.5,
"Kidnaping",941,100.0,,41.3,,58.7,
"Rape",2112,100.0,,34.4,,65.6,
"Other sexual assault",4724,100.0,,34.6,,65.4,
"Robbery",15386,100.0,,59.3,,40.7,
"Assault",13633,100.0,,42.5,,57.5,
"Other violent",2056,100.0,,41.1,,58.9,
"Property offenses",43972,100.0,"%",54.0,"%",46.0,"%"
"Burglary",18948,100.0,,55.3,,44.7,
"Larceny/theft",10864,100.0,,52.2,,47.8,
"Motor vehicle theft",3971,100.0,,40.3,,59.7,
"Arson",845,100.0,,53.0,,47.0,
"Fraud",6062,100.0,,63.4,,36.6,
"Stolen property",2162,100.0,,41.5,,58.5,
"Other property",1120,100.0,,74.1,,25.9,
"Drug offenses",60053,100.0,"%",56.9,"%",43.1,"%"
"Possession",16390,100.0,,61.5,,38.5,
"Trafficking",32570,100.0,,61.1,,38.9,
"Other/unspecified drug",11093,100.0,,38.0,,62.0,
"Public-order offenses",17177,100.0,"%",48.7,"%",51.3,"%"
"Weapons",4763,100.0,,43.4,,56.6,
"Driving while intoxicated",6610,100.0,,44.6,,55.4,
"Other public-order",5804,100.0,,57.8,,42.2,
"Other offenses",594,100.0,"%",61.3,"%",38.7,"%"
,,,,,,,
"Note:  Data on the most serious offense and method of release were reported for 99.6% of the 206,178 State parole entries who had entered prison with a total sentence of more than a year.",,,,,,,
