Bureau of Justice Statistics,,,
Filename:  fdluc02t01.csv,,,
"Table 1. Felony defendants, by most serious arrest charge, 2002",,,
"Report title: Felony Defendants in Large Urban Counties, 2002,  NCJ  210818",,,
Data source:  2002 State Court Processing Statistics Program,,,
Refer questions to:  askbjs@usdoj.gov   202-307-0765,,,
Authors:  Thomas H. Cohen and Brian A. Reaves.,,,
Date of version:  02/05/2006,,,

"Table 1. Felony defendants, by most serious arrest charge, 2002",,,

Most serious arrest charge,Felony defendants in the 75 largest counties,,
,Number, Percent,
All offenses,"56,146",100,%
Violent offenses,"13,682",24.4,%
Murder,474,0.8,
Rape,"1,002",1.8,
Robbery,"3,036",5.4,
Assault,"7,122",12.7,
Other violent,"2,049",3.6,
Property offenses,"17,021",30.3,%
Burglary,"4,544",8.1,
Larceny/theft,"4,929",8.8,
Motor vehicle theft,"1,869",3.3,
Forgery,"1,734",3.1,
Fraud,"1,727",3.1,
Other property,"2,218",4,
Drug offenses,"20,073",35.8,%
Trafficking,"9,618",17.1,
Other drug,"10,455",18.6,
Public-order offenses,"5,370",9.6,%
Weapons,"1,501",2.7,
Driving-related,"1,788",3.2
Other public-order,"2,081",3.7

Note: Data for the specific arrest charge were available for all cases. Detail may not add to total because of rounding.,,
