Bureau of Justice Statistics,,,,,,,,
Filename:  fdluc02fg7.csv,,,,,,,,
"Figure 7.  Number of prior arrest charges of felony defendants in the 75 largest counties, by age of arrest, 2002",,,,,,,,
"Report title: Felony Defendants in Large Urban Counties, 2002,  NCJ  210818",,,,,,,,
Data source:  2002 State Court Processing Statistics Program,,,,,,,,
Refer questions to:  askbjs@usdoj.gov   202-307-0765,,,,,,,,
Authors:  Thomas H. Cohen and Brian A. Reaves.,,,,,,,,
Date of version:  02/05/2006,,,,,,,,

"Figure 7.  Number of prior arrest charges of felony defendants in the 75 largest counties, by age of arrest, 2002",,,,,,,,

,Percent of defendants,,,,,,,
Age at arrest,No prior arrests,,1 prior arrest charge,, 2 - 4 prior arrest charges,,5 or more prior arrest charges,
Under 18,66,%,14,%,10,%,10,%
18-20,39,,14,,22,,25,
21-24,25,,10,,24,,41,
25-29,21,,8,,19,,52
30-34,19,,6,,16,,59
35-39,16,,7,,16,,61
40-49,15,,6,,16,,63
50 or older,24,,9,,17,,50
