Bureau of Justice Statistics,,
Filename:  fdluc02fg9.csv,,
"Figure 9.  Most serious prior conviction of felony defendants in the 75 largest counties, 2002",,
"Report title: Felony Defendants in Large Urban Counties, 2002,  NCJ  210818",,
Data source:  2002 State Court Processing Statistics Program,,
Refer questions to:  askbjs@usdoj.gov   202-307-0765,,
Authors:  Thomas H. Cohen and Brian A. Reaves.,,
Date of version:  02/05/2006,,

"Figure 9.  Most serious prior conviction of felony defendants in the 75 largest counties, 2002",,

,Percent of defendants,
Most serious arrest charge,Violent felony,
Murder,21,%
Rape,11,
Robbery,15,
Assault,16,
Burglary,10,
Larceny/theft,9,
Motor vehicle theft,11,
Forgery,7,
Fraud,5,
Drug trafficking,9,
Weapons,15,
Driving-related,12,

Most serious arrest charge,Nonviolent felony,
Murder,20,%
Rape,9,
Robbery,24,
Assault,19,
Burglary,36,
Larceny/theft,32,
Motor vehicle theft,39,
Forgery,30,
Fraud,21,
Drug trafficking,34,
Weapons,24,
Driving-related,34,

Most serious arrest charge,Misdemeanor,
Murder,15,%
Rape,19,
Robbery,12,
Assault,18,
Burglary,17,
Larceny/theft,16,
Motor vehicle theft,14,
Forgery,18
Fraud,19
Drug trafficking,16
Weapons,15
Driving-related,27
