Bureau of Justice Statistics,,
Filename:  fdluc02fg12.csv,,
"Figure 12.  Probability of release for felony defendants in the 75 largest counties, by bail amount set, 2002",,
"Report title: Felony Defendants in Large Urban Counties, 2002,  NCJ  210818",,
Data source:  2002 State Court Processing Statistics Program,,
Refer questions to:  askbjs@usdoj.gov   202-307-0765,,
Authors:  Thomas H. Cohen and Brian A. Reaves.,,
Date of version:  02/05/2006,,

"Figure 12.  Probability of release for felony defendants in the 75 largest counties, by bail amount set, 2002",,

Bail amount set,Percent of defendants released prior to case disposition,
"$50,000 or more",16,%
"$25,000-$49,999",38,
"$10,000-$24,999",54,
"$5,000-$9,999",67,
"Under $5,000",74
