Bureau of Justice Statistics,,,,,,
Filename:  fdluc02t16.csv,,,,,,
"Table 16.  Median and mean bail amounts set for felony defendants, by pretrial release/detention outcome and most serious arrest charge, 2002",,,,,,
"Report title: Felony Defendants in Large Urban Counties, 2002,  NCJ  210818",,,,,,
Data source:  2002 State Court Processing Statistics Program,,,,,,
Refer questions to:  askbjs@usdoj.gov   202-307-0765,,,,,,
Authors:  Thomas H. Cohen and Brian A. Reaves.,,,,,,
Date of version:  02/05/2006,,,,,,

"Table 16.  Median and mean bail amounts set for felony defendants, by pretrial release/detention outcome and most serious arrest charge, 2002",,,,,,

,,,Felony defendants in the 75 largest counties,,,
,,Median bail amount,,,Mean bail amount,
Most serious arrest charge,Total,Released,Detained,Total,Released,Detained
All offenses,"$10,000 ","$5,000 ","$25,000 ","$48,400 ","$15,200 ","$83,300 "
Violent offenses,"$20,000 ","$7,500 ","$50,000 ","$90,800 ","$21,300 ","$156,900 "
Murder,"250,000","35,000","250,000","574,900","50,300","620,900"
Rape,"25,000","20,000","75,000","145,300","33,300","268,700"
Robbery,"30,000","10,000","50,000","72,500","21,500","97,500"
Assault,"10,500","5,000","50,000","73,400","21,000","136,700"
Other violent,"15,000","5,000","50,000","78,700","15,000","158,600"
Property offenses,"$10,000 ","$5,000 ","$15,000 ","$30,000 ","$9,900 ","$47,100 "
Burglary,"15,000","6,000","25,000","33,600","11,500","47,000"
Larceny/theft,"5,000","3,500","15,000","28,200","8,000","48,100"
Motor vehicle theft,"12,000","5,000","20,000","34,700","8,400","46,400"
Forgery,"5,000","5,000","8,000","21,700","8,100","36,600"
Fraud,"5,000","4,800","15,000","27,600","13,900","59,000"
Other property,"6,000","5,000","15,000","27,800","10,400","50,000"
Drug offenses,"$10,000 ","$5,000 ","$20,000 ","$34,900 ","$15,900 ","$59,200 "
Trafficking,"15,000","7,500","25,000","42,900","16,300","76,800"
Other drug,"7,500","5,000","15,000","25,000","15,400","37,200"
Public-order offenses,"$10,000 ","$5,000 ","$25,000 ","$27,400 ","$10,600 ","$51,100 "
Weapons,"10,000","5,000","30,000","34,400","13,400","63,700"
Driving-related,"10,000","5,000","25,000","24,900","9,600","48,000"
Other public-order,"5,000","5,000","15,000","23,400","9,000","42,500"

Note:  Data on bail amount were available for 95% of all defendants for whom a bail amount was set. Bail amounts have been rounded to the nearest hundred dollars. Table excludes defendants given nonfinancial release.,,,,,,
