Bureau of Justice Statistics,,,,
Filename:  fdluc02hg3.csv,,,,
"Highlight graph 3.  Probability of being convicted and sentenced to incarceration for felony defendants in the largest counties, 2002",,,,
"Report title: Felony Defendants in Large Urban Counties, 2002,  NCJ  210818",,,,
Data source:  2002 State Court Processing Statistics Program,,,,
Refer questions to:  askbjs@usdoj.gov   202-307-0765,,,,
Authors:  Thomas H. Cohen and Brian A. Reaves.,,,,
Date of version:  02/05/2006,,,,

"Highlight graph 3.  Probability of being convicted and sentenced to incarceration for felony defendants in the largest counties, 2002",,,,

,Percent of defendants convicted and sentenced to prison or jail,,,
Most serious arrest charge,Prison,,Jail,
Murder,69,%,7,%
Rape,32,,21,
Robbery,38,,18,
Assault,15,,26
Burglary,29,,34
Larceny/theft,17,,30
Motor vehicle theft,29,,33
Forgery,19,,31
Fraud,11,,28
Drug trafficking,24,,30
Weapons,15,,32
Driving-related,28,,41
