Bureau of Justice Statistics,,,,,,,
Filename:  fdluc02t04.csv,,,,,,,
"Table 4.  Gender of felony defendants, by most serious arrest charge, 2002",,,,,,,
"Report title: Felony Defendants in Large Urban Counties, 2002,  NCJ  210818",,,,,,,
Data source:  2002 State Court Processing Statistics Program,,,,,,,
Refer questions to:  askbjs@usdoj.gov   202-307-0765,,,,,,,
Authors:  Thomas H. Cohen and Brian A. Reaves.,,,,,,,
Date of version:  02/05/2006,,,,,,,

"Table 4.  Gender of felony defendants, by most serious arrest charge, 2002",,,,,,,

,,Percent of felony defendants in the 75 largest counties,,,,,
Most serious arrest charge, Number of defendants,Total,,Male,,Female,
All offenses,"56,123",100,%,82,%,18,%
Violent offenses,"13,675",100,%,86,%,14,%
Murder,475,100,,93,,7,
Rape,"1,002",100,,99,,1,
Robbery,"3,032",100,,90,,10,
Assault,"7,119",100,,83,,17,
Other violent,"2,049",100,,82,,18,
Property offenses,"17,015",100,%,76,%,24,%
Burglary,"4,540",100,,87,,13,
Larceny/theft,"4,927",100,,71,,29,
Motor vehicle theft,"1,869",100,,87,,13,
Forgery,"1,734",100,,65,,35,
Fraud,"1,727",100,,51,,49,
Other property,"2,218",100,,84,,16,
Drug offenses,"20,063",100,%,83,%,17,%
Trafficking,"9,608",100,,86,,14,
Other drug,"10,455",100,,80,,20,
Public-order offenses,"5,370",100,%,86,%,14,%
Weapons,"1,501",100,,96,,4,
Driving-related,"1,788",100,,89,,11
Other public-order,"2,081",100,,77,,23

Note: Data on gender of defendants were available for 99.9% of all cases. ,,,,,,
