Bureau of Justice Statistics,,,,,,,,,,,,
Filename:  fdluc02fg5.csv,,,,,,,,,,,,
"Figure 5.  Race and gender of felony defendants in the 75 largest counties, by age at arrest, 2002",,,,,,,,,,,,
"Report title: Felony Defendants in Large Urban Counties, 2002,  NCJ  210818",,,,,,,,,,,,
Data source:  2002 State Court Processing Statistics Program,,,,,,,,,,,,
Refer questions to:  askbjs@usdoj.gov   202-307-0765,,,,,,,,,,,,
Authors:  Thomas H. Cohen and Brian A. Reaves.,,,,,,,,,,,,
Date of version:  02/05/2006,,,,,,,,,,,,

"Figure 5.  Race and gender of felony defendants in the 75 largest counties, by age at arrest, 2002",,,,,,,,,,,,

,Percent of defendants,,,,,,,,,,,
Age at arrest,Black male,,White male,,Hispanic male,,Black female,,White female,,Hispanic female,
Under 18,50.3,%,14.6,%,24.8,%,5,%,3.1,%,2.3,%
18-20,40.5,,22.4,,24.9,,4.8,,4.5,,2.9,
21-24,36.4,,22.4,,25.9,,7,,5.6,,2.6,
25-29,35,,20,,26.6,,8.2,,7,,3.2
30-34,30.6,,26.6,,21.2,,9,,8.7,,3.9
35-39,32.9,,27.4,,17.1,,9.4,,9.4,,3.7
40 or older,38.1,,27.7,,14.5,,9.2,,8.1,,2.4
