Bureau of Justice Statistics,,,,,,
Filename:  fdluc02hg2.csv,,,,,,
"Highlight graph 2.  Most severe sentence received by defendants convicted of a felony in the 75 largest counties, 1990-2002",,,,,,
"Report title: Felony Defendants in Large Urban Counties, 2002,  NCJ  210818",,,,,,
Data source:  2002 State Court Processing Statistics Program,,,,,,
Refer questions to:  askbjs@usdoj.gov   202-307-0765,,,,,,
Authors:  Thomas H. Cohen and Brian A. Reaves.,,,,,,
Date of version:  02/05/2006,,,,,,

"Highlight graph 2.  Most severe sentence received by defendants convicted of a felony in the 75 largest counties, 1990-2002",,,,,,

,Percent of defendants,,,,,
Year,Prison,,Jail,,Probation,
1990,44,%,32,%,24,%
1992,41,,33,,25,
1994,37,,33,,29,
1996,35,,37,,27
1998,38,,39,,23
2000,40,,36,,23
2002,38,,37,,24
