Bureau of Justice Statistics,,,,,,,,,,
Filename:  fdluc02atd.csv,,,,,,,,,,
"Appendix table D.  Race and Hispanic/Latino origin, by SCPS jurisdiction, 2002",,,,,,,,,,
"Report title: Felony Defendants in Large Urban Counties, 2002,  NCJ  210818",,,,,,,,,,
Data source:  2002 State Court Processing Statistics Program,,,,,,,,,,
Refer questions to:  askbjs@usdoj.gov   202-307-0765,,,,,,,,,,
Authors:  Thomas H. Cohen and Brian A. Reaves.,,,,,,,,,,
Date of version:  02/05/2006,,,,,,,,,,

"Appendix table D.  Race and Hispanic/Latino origin, by SCPS jurisdiction, 2002",,,,,,,,,,

,                          Percent of felony defendants ,,,,,,,,,
County (State),      Total,,"Black, non-Hispanic",,"White, non-Hispanic ",,"Other, non-Hispanic",,"Hispanic or Latino, any race",
Total,100,%,42,%,31,%,2,%,24,%
Jefferson (AL),100,%,64,%,36,%,--,%,0,%
Maricopa (AZ),100,,12,,47,,3,,38,
Pima (AZ),100,,13,,47,,1,,40,
Alameda (CA),100,,60,,20,,2,,17,
Contra Costa (CA),100,,35,,46,,3,,16,
Los Angeles (CA),100,,33,,18,,2,,46,
Orange (CA),100,,6,,44,,4,,46,
Riverside (CA),100,,12,,41,,3,,44,
San Bernardino (CA),100,%,21,%,35,%,1,%,43,%
San Diego (CA),100,,20,,42,,5,,34,
San Mateo (CA),100,,24,,34,,10,,31,
Santa Clara (CA),100,,13,,28,,11,,48,
Broward (FL),100,,55,,40,,0,,5,
Miami-Dade (FL),100,,48,,17,,0,,35,
Palm Beach (FL),100,,44,,42,,0,,14,
Pinellas  (FL),100,,34,,64,,--,,2,
Fulton (GA),100,%,87,%,12,%,0,%,1,%
Honolulu (HI),100,,10,,22,,65,,3,
Cook (IL),100,,72,,18,,--,,9,
Marion (IN),100,,54,,43,,0,,3,
Baltimore (MD),100,,45,,51,,2,,1,
Montgomery (MD),100,,56,,27,,5,,12,
Macomb (MI),100,,33,,66,,--,,--,
Wayne (MI),100,,76,,23,,0,,1,
Essex (NJ),100,,79,%,6,%,--,%,15,%
Bronx (NY),100,,41,,5,,0,,54,
Kings (NY),100,,57,,11,,1,,31,
Nassau (NY),100,,42,,46,,--,,12,
Westchester (NY),100,,49,,40,,0,,11,
Franklin (OH),100,,66,,32,,--,,2,
Montgomery (PA),100,,54,,43,,1,,2,
Philadelphia (PA),100,,71,,19,,--,,10,
Shelby (TN),100,%,87,%,13,%,0,%,--,%
Dallas (TX),100,,50,,30,,0,,20,
El Paso (TX),100,,5,,10,,0,,84
Harris (TX),100,,47,,26,,1,,25
Tarrant (TX),100,,34,,50,,--,,15
Travis (TX),100,,44,,32,,0,,24
Salt Lake (UT),100,,5,,66,,5,,23
Fairfax (VA),100,,36,,43,,5,,16
