Bureau of Justice Statistics,,,,,,
Filename: fvs03t1.csv,,,,,,
"Text Table 1: Percent murdered by a family member in 2002, by gender",,,,,,
Report title:  Family Violence Statistics: Including Statistics on Strangers and Acquaintances NCJ 207846,,,,,,
"Data source:  Supplementary Homicide Reports, 2002",,,,,,
"Authors:  Matthew R. Durose, Caroline Wolf Harlow, Ph.D., Patrick A. Langan, Ph.D., Mark Motivans, Ph.D., Ramona R. Rantala, Erica L. Schmitt",,,,,,
Refer questions to:  askbjs@usdoj.gov   202-307-0765,,,,,,
Date of version:  6/12/05,,,,,,

"Text Table 1: Percent murdered by a family member in 2002, by gender",,,,,,

,,,Victim was offender's �,,,
Victim  gender,Total,,Family member,,Nonfamily member,

All murders/a,100,%,21.5,%,78.5,%

Male,100,%,12.8,%,87.2,%
Female,100,,43.1,,56.9,

a/Includes nonnegligent manslaughter. ,,,,,,
