Bureau of Justice Statistics,,,
Filename: p08f03.csv,,,
"Figure 3. Number of state admissions and releases and change in number of sentenced state prisoners, December 2000-2008",,,
Report title: Prisoners in 2008 NCJ 228417,,,
"Data source: National Prisoner Statistics, 1b",,,
"Authors: William J. Sabol, Ph.D., Heather C. West, Ph.D., and Matthew Cooper",,,
Refer questions to: askbjs@usdoj.gov   202-307-0765,,,
"Date of version: December 8, 2009",,,
,,,
"Figure 3: Number of state admissions and releases and change in number of sentenced state prisoners, December 2000-2008",,,
On December 31,,,
Year,Admissions,Releases,Change in sentenced population
2000,"581,487","569,599","16,428"
2001,"593,838","590,256","2,474"
2002,"613,568","587,837","28,768"
2003,"634,149","612,185","18,966"
2004,"646,830","625,578","18,149"
2005,"676,952","653,309","22,102"
2006,"692,303","665,553","34,434"
2007,"689,257","672,397","22,519"
2008,"685,470","683,106","4,057"
