"Bureau of Justice Statistics",,,,,,
"filename:  httsp0005.csv",,,,,,
"Table #: 5 Hepatitis B vaccination policies in State prisons, June 30, 2000",,,,,,
"report title: Hepatitis Testing and Treatment in State Prisons   NCJ 199173",,,,,,
"data source:  2000 Census of State and Federal Adult Correctional Facilities",,,,,,
"author:  Laura M. Maruschak",,,,,,
"refer questions to: askbjs@ojp.usdoj.gov (202) 307-0765",,,,,,
"date of version: 03/08/04",,,,,,
,,,,,,
"Table 5. Hepatitis B vaccination policies in State prisons, June 30, 2000",,,,,,
,"Facilities",,,"Inmates",,
"Vaccination policy","Number","Percent",,"Number","Percent",
"Total",1584,100.0,"%",1194279,100.0,"%"
"Any criterion",1033,67.4,"%",988809,83.9,"%"
"All inmates",190,12.4,,203321,17.2,
"Inmates with sexually ",,,,,,
"transmitted disease",17,1.1,,15245,1.3,
"Inmates under age 18, VFC",57,3.7,,59555,5.1,
"Inmate request",190,12.4,,166551,14.1,
"High risk",680,44.4,,665679,56.5,
"Other",117,7.6,,95221,8.1,
"No vaccination policy",499,32.6,"%",190012,16.1,"%"
"Not reported",52,,,15458,,
"Note. Detail may sum to more than total because facilities may report more than one policy.",,,,,,
