"Bureau of Justice Statistics",,,,,,,,,,,,,,,,,,,
"filename:  NCRP9710.csv",,,,,,,,,,,,,,,,,,,
"data source:  National Corrections Reporting Program, 1997",,,,,,,,,,,,,,,,,,,
"author:  Paula M. Ditton (202) 305-9014 dittonp@ojp.usdoj.gov",,,,,,,,,,,,,,,,,,,
"date of version 11/02/99",,,,,,,,,,,,,,,,,,,
,,,,,,,,,,,,,,,,,,,
"NCRP9710 -  First releases from State prison, 1997:  Sentence length,",,,,,,,,,,,,,,,,,,,
"time served in prison, by offense, and sex",,,,,,,,,,,,,,,,,,,
,,,,,,,,,,,,,,,,,,,
,,,,,,,,"First releases from State prison",,,,,,,,,,,
,,,,"Male",,,,,,,,,,"Female",,,,,
,,,,,,,,,,,,,,,,,,,
"Most serious","Maximum sentence length",,,,,"Time served in prison",,,,,"Maximum sentence length",,,,,"Time Served in prison",,,
"offense","Median\1",," Mean\2",,,"Median",,"  Mean",,,"Median\1",," Mean\2",,,"Median",,"  Mean",
,,,,,,,,,,,,,,,,,,,
"         All offenses",48,"mos.",64,"mos.",,17,"mos.",27,"mos.",,36,"mos.",52,"mos.",,12,"mos.",18,"mos."
,,,,,,,,,,,,,,,,,,,
"Violent offenses",60,"mos.",84,"mos.",,29,"mos.",41,"mos.",,54,"mos.",77,"mos.",,21,"mos.",31,"mos."
"   Homicide",120,,145,,,54,,69,,,120,,128,,,39,,53,
"      Murder/nonnegligent manslaughter",180,,188,,,74,,91,,,180,,182,,,61,,75,
"         Murder",192,,214,,,85,,101,,,180,,201,,,66,,82,
"         Nonnegligent manslaughter",132,,133,,,60,,68,,,120,,130,,,47,,53,
"      Negligent manslaughter",84,,95,,,35,,43,,,60,,86,,,26,,33,
"      Unspecified homicide",148,,126,,,42,,57,,,"- -",,"- -",,,"- -",,"- -",
"   Kidnaping",60,,89,,,29,,46,,,50,,60,,,21,,26,
"   Rape",84,,112,,,48,,63,,,72,,103,,,38,,45,
"   Other sexual assault",60,,80,,,31,,40,,,60,,76,,,26,,36,
"   Robbery",60,,93,,,31,,42,,,60,,77,,,22,,30,
"   Assault",42,,60,,,19,,29,,,37,,60,,,16,,25,
"   Other violent",36,,48,,,16,,21,,,36,,48,,,12,,19,
,,,,,,,,,,,,,,,,,,,
"Property offenses",40,"mos.",59,"mos.",,15,"mos.",24,"mos.",,36,"mos.",45,"mos.",,11,"mos.",16,"mos."
"   Burglary",54,,71,,,19,,29,,,36,,57,,,12,,19,
"   Larceny/theft",36,,49,,,13,,21,,,24,,41,,,11,,16,
"   Motor vehicle theft",36,,47,,,13,,21,,,32,,39,,,10,,15,
"   Arson",60,,81,,,23,,33,,,48,,65,,,16,,21,
"   Fraud",36,,52,,,13,,21,,,36,,45,,,11,,15,
"   Stolen property",36,,42,,,12,,18,,,24,,34,,,10,,14,
"   Other property",36,,43,,,11,,17,,,32,,39,,,10,,12,
,,,,,,,,,,,,,,,,,,,
"Drug offenses",48,"mos.",59,"mos.",,15,"mos.",21,"mos.",,36,"mos.",52,"mos.",,12,"mos.",17,"mos."
"   Possession",36,,55,,,12,,20,,,36,,50,,,10,,16,
"   Trafficking",48,,64,,,17,,23,,,48,,59,,,15,,19,
"   Other/unspecified drug",32,,46,,,13,,19,,,24,,37,,,9,,14,
,,,,,,,,,,,,,,,,,,,
"Public-order offenses",36,"mos.",41,"mos.",,12,"mos.",18,"mos.",,24,"mos.",38,"mos.",,11,"mos.",15,"mos."
"   Weapons",36,,41,,,13,,18,,,28,,34,,,11,,14,
"   Driving while intoxicated",24,,36,,,11,,14,,,24,,36,,,10,,12,
"   Other public-order",36,,44,,,14,,20,,,24,,39,,,11,,16,
,,,,,,,,,,,,,,,,,,,
"Other offenses",36,"mos.",58,"mos.",,14,"mos.",22,"mos.",,36,"mos.",48,"mos.",,11,"mos.",15,"mos."
,,,,,,,,,,,,,,,,,,,
"         Number of releases",," ",205918,,," "," ",205918,,,," ",23964,,," "," ",23964,
,,,,,,,,,,,,,,,,,,,
"--No statistic was calculated because there were",,,,,,,,,,,,,,,,,,,
"fewer than 10 cases. ",,,,,,,,,,,,,,,,,,,
"Note:  Data are based on all first releases with",,,,,,,,,,,,,,,,,,,
"a total sentence of more than a year for whom ",,,,,,,,,,,,,,,,,,,
"the most serious offense, sentence length, time",,,,,,,,,,,,,,,,,,,
"served in prison, and sex were reported.  ",,,,,,,,,,,,,,,,,,,
"1\Includes sentences of life without parole,",,,,,,,,,,,,,,,,,,,
"life plus additional years, life, and death.",,,,,,,,,,,,,,,,,,,
"2\Excludes sentences of life without parole,",,,,,,,,,,,,,,,,,,,
"life plus additional years, life, and death. ",,,,,,,,,,,,,,,,,,,
