Bureau of Justice Statistics,,,,,,,,,,,,,,,,,,,,,,,,,
Filename: msfp0116stt05.csv,,,,,,,,,,,,,,,,,,,,,,,,,
"Table 5. Mortality rate per 100,000 federal prisoners, by cause of death, 2001 and 2006-2016",,,,,,,,,,,,,,,,,,,,,,,,,
"Report title: Mortality in State and Federal Prisons, 2001-2016 � Statistical Tables   NCJ 251920",,,,,,,,,,,,,,,,,,,,,,,,,
"Data Source: Bureau of Justice Statistics, Federal Bureau of Prisons, 2001 and 2006-2016; and National Prisoner Statistics, 2001 and 2006-2016.",,,,,,,,,,,,,,,,,,,,,,,,,
"Authors: E. Ann Carson, Ph.D., BJS Statistician, and Mary P. Cowhig, former BJS Statistician",,,,,,,,,,,,,,,,,,,,,,,,,
Refer questions to: askbjs@usdoj.gov   202-307-0765,,,,,,,,,,,,,,,,,,,,,,,,,
Date of version: 2/12/2020,,,,,,,,,,,,,,,,,,,,,,,,,
,,,,,,,,,,,,,,,,,,,,,,,,,
"Table 5. Mortality rate per 100,000 federal prisoners, by cause of death, 2001 and 2006-2016",,,,,,,,,,,,,,,,,,,,,,,,,
Cause of death,,2001,,2006,,2007,,2008,,2009,,2010,,2011,,2012,,2013,,2014,,2015,,2016,
,All causes,220,,328,,222,,241,,220,,224,,220,,198,,230,,262,,283,,252,
Illness,,196,,294,,195,,217,,198,,203,,204,,182,,213,,238,,249,,220,
,AIDS-related/a,16,,12,,6, !,8,,4, !,4, !,2, !,3, !,2, !,0,,1, !,1, !
Suicide,,13,,12,,11,,13,,12,,6, !,10,,11,,8,,14,,12,,12,
Accident/b,,4, !,2, !,0,,4, !,3, !,1, !,1, !,2, !,2, !,1, !,10,,9,
Homicide,,6, !,8, !,7,,8,,4, !,10,,5, !,3, !,7,,8,,10,,9,
Other/unknown,,0,,0,,9,,1, !,4, !,3, !,1, !,1, !,1, !,0,,2, !,2, !
"Note: Until 2015, federal deaths were submitted as aggregate counts by the Federal Bureau of Prisons, with limited details regarding cause of death. Excludes executions. For execution data, see Capital Punishment, 2016 � Statistical Brief (NCJ 251430, BJS, April 2018). Mortality rates are based on the annual number of deaths and a one-day custody population on December 31. Excludes deaths in private federal facilities. For data from 2002 to 2006, see the Mortality in Correctional Institutions page on the BJS website.",,,,,,,,,,,,,,,,,,,,,,,,,
"! Interpret with caution. Estimate is based on 10 or fewer cases, or coefficient of variation is greater than 50%.",,,,,,,,,,,,,,,,,,,,,,,,,
a/Includes persons who died of illness and were identified as HIV-positive or having AIDS at the time of death.,,,,,,,,,,,,,,,,,,,,,,,,,
b/Includes deaths due to drug or alcohol intoxication.,,,,,,,,,,,,,,,,,,,,,,,,,
"Source: Bureau of Justice Statistics, Federal Bureau of Prisons, 2001 and 2006-2016; and National Prisoner Statistics, 2001 and 2006-2016.",,,,,,,,,,,,,,,,,,,,,,,,,
