Bureau of Justice Statistics,,,,,,,,,,,,,,,,,,,,,,
Filename: msfp0116stt14.csv,,,,,,,,,,,,,,,,,,,,,,
"Table 14. Average annual mortality rate per 100,000 state and federal prisoners, by cause of death, 2001-2016",,,,,,,,,,,,,,,,,,,,,,
"Report title: Mortality in State and Federal Prisons, 2001-2016 � Statistical Tables   NCJ 251920",,,,,,,,,,,,,,,,,,,,,,
"Data Source: Bureau of Justice Statistics, Mortality in Correctional Institutions, 2001-2016, and National Prisoner Statistics, 2001-2016; and Federal Bureau of Prisons, 2001-2016.",,,,,,,,,,,,,,,,,,,,,,
"Authors: E. Ann Carson, Ph.D., BJS Statistician, and Mary P. Cowhig, former BJS Statistician",,,,,,,,,,,,,,,,,,,,,,
Refer questions to: askbjs@usdoj.gov   202-307-0765,,,,,,,,,,,,,,,,,,,,,,
Date of version: 2/12/2020,,,,,,,,,,,,,,,,,,,,,,
,,,,,,,,,,,,,,,,,,,,,,
"Table 14. Average annual mortality rate per 100,000 state and federal prisoners, by cause of death, 2001-2016",,,,,,,,,,,,,,,,,,,,,,
,,,Illness,,,,,,,,,,,,,,,,,,,
State/Federal,,All causes/a,Cancer,,Heart disease,,Liver disease,,Respiratory disease,,AIDS-related/b,,All other illnesses/c,,Suicide,,Drug/alcohol intoxication,,Accident,,Homicide/d,
Federal/e,,230,...,,...,,...,,...,,6,,203,,10,,...,,3,,6,
State/f,,262,72,,68,,24,,16,,9,,42,,16,,4,,3,,5,
,Alabama,330,88,,79,,31,,24,,9,,64,,7,,1, !,4,,8,
,Alaska/g,190,28,,46,,21,,2, !,1, !,28,,33,,12, !,10, !,5, !
,Arizona,226,59,,52,,30,,13,,5,,31,,17,,8,,2,,6,
,Arkansas,343,94,,120,,26,,18,,12,,39,,19,,1, !,6,,6,
,California,235,58,,40,,24,,17,,5,,49,,20,,10,,2,,9,
,Colorado,214,44,,40,,36,,16,,<1, !,38,,19,,8,,4,,8,
,Connecticut/h,150,20,,36,,22,,9,,4, !,31,,23,,1, !,2, !,2, !
,Delaware/h,231,53,,56,,22,,12,,19,,28,,27,,4, !,0,,2, !
,Florida,296,91,,62,,25,,20,,20,,55,,9,,2,,3,,7,
,Georgia,227,58,,76,,13,,19,,9,,28,,11,,<1, !,2,,7,
,Hawaii/h,178,48,,30,,20,,8, !,5, !,25,,29,,5, !,1, !,6, !
,Idaho,211,52,,56,,20,,11,,3, !,29,,27,,4, !,5, !,3, !
,Illinois,191,60,,54,,10,,10,,9,,26,,17,,1, !,2,,2,
,Indiana,255,68,,67,,23,,16,,5,,38,,17,,9,,4,,6,
,Iowa,182,64,,39,,11,,17,,4, !,23,,19,,1, !,1, !,1, !
,Kansas,259,81,,65,,30,,15,,1, !,37,,16,,4, !,5, !,2, !
,Kentucky,360,114,,111,,29,,20,,13,,58,,8,,1, !,2, !,2, !
,Louisiana/i,513,160,,150,,41,,22,,34,,67,,11,,1, !,5,,2, !
,Maine,190,46,,52,,18,!,15, !,3, !,21, !,12, !,6, !,0,,12, !
,Maryland,257,54,,63,,21,,10,,28,,29,,19,,15,,2, !,12,
,Massachusetts,324,84,,87,,34,,16,,6, !,49,,30,,6, !,5, !,2, !
,Michigan,260,89,,80,,21,,14,,5,,24,,16,,3,,3,,2,
,Minnesota,159,46,,32,,23,,7, !,1, !,29,,16,,3, !,1, !,1, !
,Mississippi,337,87,,129,,17,,18,,10,,41,,15,,1, !,4, !,7,
,Missouri,259,78,,73,,29,,13,,5,,40,,13,,2, !,1, !,5,
,Montana,297,79,,56,,44,,17, !,4, !,50,,35,,6, !,2, !,4, !
,Nebraska,232,48,,54,,33,,11, !,5, !,25,,22,,5, !,4, !,4, !
,Nevada,282,60,,66,,19,,8,,5, !,65,,17,,3, !,2, !,5, !
,New Hampshire,255,94,,55,,26, !,7, !,7, !,26, !,29,,10, !,0,,0,
,New Jersey,238,57,,74,,15,,14,,22,,32,,13,,4,,3, !,3,
,New Mexico,266,68,,52,,50,,16,,3, !,34,,24,,7, !,1, !,11, !
,New York,245,70,,65,,20,,11,,23,,22,,22,,4,,3,,3,
,North Carolina,234,77,,61,,20,,16,,12,,32,,8,,1, !,4,,3,
,North Dakota,81,23, !,18, !,9, !,0,,0,,14, !,14, !,5, !,0,,0,
,Ohio,239,80,,68,,14,,17,,4,,35,,14,,2,,1, !,3,
,Oklahoma,332,83,,86,,37,,21,,8,,44,,20,,8,,7,,14,
,Oregon,254,80,,52,,39,,12,,3, !,35,,16,,6,,3, !,4, !
,Pennsylvania,325,91,,93,,31,,19,,5,,62,,16,,2,,2,,2,
,Rhode Island/h,187,34,,47,,4, !,8, ! ,9, !,15, !,40,,9, !,6, !,2, !
,South Carolina,292,63,,110,,19,,14,,10,,48,,14,,2, !,1, !,9,
,South Dakota,206,39,,56,,30,,21, !,2, !,17, !,28,,2, !,6, !,6, !
,Tennessee,393,105,,119,,41,,21,,13,,56,,16,,7,,4, !,9,
,Texas,266,64,,68,,28,,21,,7,,55,,17,,1,,3,,2,
,Utah,262,53,,59,,23,,10, !,0,,49,,43,,4, !,4, !,10, !
,Vermont/h,205,36, !,52,,33, !,3, !,10, !,33, !,29, !,10, !,0,,0,
,Virginia,280,95,,76,,28,,14,,11,,37,,10,,2,,1, !,2, !
,Washington,208,59,,50,,24,,16,,3, !,32,,14,,1, !,4, !,3, !
,West Virginia,394,113,,143,,29,,19,,8, !,64,,8, !,1, !,3, !,5, !
,Wisconsin,200,67,,53,,13,,17,,3, !,22,,20,,2, !,1, !,<1, !
,Wyoming,282,47,,97,,41,,25, !,3, !,41,,19, !,6, !,3, !,0,
"Note: Data may have been revised from previously published statistics. Mortality rates are based on the annual number of deaths and a one-day custody population on December 31. Mortality rates are not adjusted for demographic differences among states. Details may not sum to totals due to missing data. Excludes executions. For execution data, see Capital Punishment, 2016 � Statistical Brief (NCJ 251430, BJS, April 2018). See Methodology.",,,,,,,,,,,,,,,,,,,,,,
...Not available. ,,,,,,,,,,,,,,,,,,,,,,
"! Interpret with caution. Estimate is based on 10 or fewer cases, or coefficient of variation is greater than 50%. ",,,,,,,,,,,,,,,,,,,,,,
a/Includes other causes not specified and missing and unknown causes.,,,,,,,,,,,,,,,,,,,,,,
b/Includes persons who died of illness and were identified as HIV-positive or having AIDS at the time of death.,,,,,,,,,,,,,,,,,,,,,,
"c/Includes other specified illnesses (such as cerebrovascular disease, influenza, and other non-leading natural causes of death) and unspecified illnesses. Includes natural and illness-related federal prisoner deaths for which the Federal Bureau of Prisons could not provide details.",,,,,,,,,,,,,,,,,,,,,,
"d/Includes homicides committed by other prisoners, incidental to the use of force by staff, and resulting from injuries sustained prior to incarceration.",,,,,,,,,,,,,,,,,,,,,,
e/Excludes deaths in private federal facilities.,,,,,,,,,,,,,,,,,,,,,,
"f/Includes deaths in private state facilities. Includes nine prisoner deaths reported by the District of Columbia in 2001. As of December 30, 2001, sentenced felons from the District of Columbia were the responsibility of the Federal Bureau of Prisons. ",,,,,,,,,,,,,,,,,,,,,,
g/Prisons and jails form one integrated system. Counts include deaths only in state-operated prisons and jails and exclude deaths in 14 locally operated jails. ,,,,,,,,,,,,,,,,,,,,,,
h/Prisons and jails form one integrated system. Data include total jail and prison population. ,,,,,,,,,,,,,,,,,,,,,,
"i/In 2016, Louisiana held 57.8% of its prison population in local jails. Since the calculation of mortality rates is based on the custody populations, which exclude prisoners held in local jails, the mortality rates for Louisiana prisoners will be high, because the prisoners held in jails are generally healthier according to the Louisiana Department of Corrections.",,,,,,,,,,,,,,,,,,,,,,
"Source: Bureau of Justice Statistics, Mortality in Correctional Institutions, 2001-2016, and National Prisoner Statistics, 2001-2016; and Federal Bureau of Prisons, 2001-2016.",,,,,,,,,,,,,,,,,,,,,,
