Bureau of Justice Statistics,,,,,,,,,,,,
Filename: msfp0116stt13.csv,,,,,,,,,,,,
"Table 13. Number of prisoner deaths in state and federal facilities, by cause of death, 2001-2016",,,,,,,,,,,,
"Report title: Mortality in State and Federal Prisons, 2001-2016 � Statistical Tables   NCJ 251920",,,,,,,,,,,,
"Data Source: Bureau of Justice Statistics, Bureau of Justice Statistics, Mortality in Correctional Institutions, 2001-2016; and Federal Bureau of Prisons, 2001-2016.",,,,,,,,,,,,
"Authors: E. Ann Carson, Ph.D., BJS Statistician, and Mary P. Cowhig, former BJS Statistician",,,,,,,,,,,,
Refer questions to: askbjs@usdoj.gov   202-307-0765,,,,,,,,,,,,
Date of version: 2/12/2020,,,,,,,,,,,,
,,,,,,,,,,,,
"Table 13. Number of prisoner deaths in state and federal facilities, by cause of death, 2001-2016",,,,,,,,,,,,
,,,Illness,,,,,,,,,
State/Federal,,All causes/a,Cancer,Heart disease,Liver disease,Respiratory disease ,AIDS-related/b,All other illnesses/c,Suicide,Drug/alcohol intoxication,Accident,Homicide/d
Federal/e,,"5,985",...,...,...,...,161,"5,280",260,...,81,160
State/f,,"53,051","14,525","13,695","4,940","3,315","1,873","8,476","3,300",781,530,"1,024"
,Alabama,"1,360",364,326,129,97,37,262,30,4,17,32
,Alaska/g,156,23,38,17,2,1,23,27,10,8,4
,Arizona,"1,343",352,308,178,80,32,182,102,50,12,36
,Arkansas,743,204,260,57,39,25,85,42,2,12,13
,California,"5,796","1,418",986,601,414,115,"1,207",496,238,44,233
,Colorado,709,147,134,121,52,1,125,62,27,14,26
,Connecticut/h,430,56,104,64,25,11,89,66,3,6,6
,Delaware/h,248,57,60,24,13,20,30,29,4,0,2
,Florida,"4,392","1,347",928,366,299,295,813,135,23,51,98
,Georgia,"1,872",481,627,110,153,78,233,87,3,15,59
,Hawaii/h,152,41,26,17,7,4,21,25,4,0,5
,Idaho,228,56,60,22,12,3,31,29,4,5,3
,Illinois,"1,403",437,399,73,73,64,188,123,11,13,16
,Indiana,"1,030",274,273,94,65,22,152,68,35,15,26
,Iowa,255,90,54,15,24,5,32,27,2,1,2
,Kansas,377,118,95,44,22,2,54,24,6,8,3
,Kentucky,767,242,237,62,43,28,123,18,2,4,4
,Louisiana,"1,577",491,461,127,67,104,205,35,2,14,7
,Maine,62,15,17,6,5,1,7,4,2,0,4
,Maryland,925,196,227,76,37,102,106,68,54,7,43
,Massachusetts,543,140,146,57,27,10,82,50,10,8,3
,Michigan,"1,939",662,594,157,106,39,182,118,24,24,18
,Minnesota,223,65,45,32,10,1,41,23,4,1,1
,Mississippi,848,218,326,43,45,24,104,37,3,9,18
,Missouri,"1,271",382,357,141,66,25,195,62,10,7,23
,Montana,143,38,27,21,8,2,24,17,3,1,2
,Nebraska,169,35,39,24,8,4,18,16,4,3,3
,Nevada,548,116,128,37,16,9,127,34,6,3,9
,New Hampshire,106,39,23,11,3,3,11,12,4,0,0
,New Jersey,914,217,282,58,52,83,124,50,14,10,12
,New Mexico,278,71,54,52,17,3,36,25,7,1,11
,New York,"2,318",666,617,186,100,217,212,204,38,26,25
,North Carolina,"1,383",457,362,120,95,69,188,47,4,21,15
,North Dakota,18,5,4,2,0,0,3,3,1,0,0
,Ohio,"1,875",627,537,108,133,31,275,107,16,8,26
,Oklahoma,"1,276",318,330,142,79,30,170,75,29,27,54
,Oregon,544,172,112,84,25,7,75,34,13,7,9
,Pennsylvania,"2,384",667,681,225,141,34,455,121,15,14,17
,Rhode Island/h,99,18,25,2,4,5,8,21,5,3,1
,South Carolina,"1,041",226,394,69,49,36,170,51,8,4,32
,South Dakota,110,21,30,16,11,1,9,15,1,3,3
,Tennessee,"1,234",329,373,130,66,40,175,50,21,11,29
,Texas,"6,628","1,603","1,683",705,520,166,"1,364",417,20,66,60
,Utah,208,42,47,18,8,0,39,34,3,3,8
,Vermont/h,63,11,16,10,1,3,10,9,3,0,0
,Virginia,"1,387",472,374,140,69,53,183,48,12,5,11
,Washington,561,158,136,66,43,9,87,38,4,10,7
,West Virginia,303,87,110,22,15,6,49,6,1,2,4
,Wisconsin,713,239,190,45,60,11,77,73,8,5,1
,Wyoming,90,15,31,13,8,1,13,6,2,1,0
"Note: Data may have been revised from previously published statistics. Details may not sum to totals due to missing data. Excludes executions. For execution data, see Capital Punishment, 2016 � Statistical Brief (NCJ 251430, BJS, April 2018). See Methodology.",,,,,,,,,,,,
...Not available.  ,,,,,,,,,,,,
a/Includes other causes not specified and missing and unknown causes.,,,,,,,,,,,,
b/Includes persons who died of illness and were identified as HIV-positive or having AIDS at the time of death.,,,,,,,,,,,,
"c/Includes other specified illnesses (such as cerebrovascular disease, influenza, and other non-leading natural causes of death) and unspecified illnesses. Includes natural and illness-related federal prisoner deaths for which the Federal Bureau of Prisons could not provide details.",,,,,,,,,,,,
"d/Includes homicides committed by other prisoners, incidental to the use of force by staff, and resulting from injuries sustained prior to incarceration.",,,,,,,,,,,,
e/Excludes deaths in private federal facilities.,,,,,,,,,,,,
"f/Includes deaths in private state facilities. Includes nine prisoner deaths reported by the District of Columbia in 2001. As of December 30, 2001, sentenced felons from the District of Columbia were the responsibility of the Federal Bureau of Prisons.",,,,,,,,,,,,
g/Prisons and jails form one integrated system. Counts include deaths only in state-operated prisons and jails and exclude deaths in 14 locally operated jails. ,,,,,,,,,,,,
h/Prisons and jails form one integrated system. Data include total jail and prison population.,,,,,,,,,,,,
"Source: Bureau of Justice Statistics, Mortality in Correctional Institutions, 2001-2016; and Federal Bureau of Prisons, 2001-2016.",,,,,,,,,,,,
