Bureau of Justice Statistics,,
Filename: msfp0116stf01.csv,,
"Figure 1. Mortality rate per 100,000 state and federal prisoners, 2001-2016",,
"Report title: Mortality in State and Federal Prisons, 2001-2016 � Statistical Tables   NCJ 251920",,
"Data Source: Bureau of Justice Statistics, Mortality in Correctional Institutions, 2001-2016; and Federal Bureau of Prisons, 2001-2016.",,
"Authors: E. Ann Carson, Ph.D., BJS Statistician, and Mary P. Cowhig, former BJS Statistician",,
Refer questions to: askbjs@usdoj.gov   202-307-0765,,
Date of version: 2/12/2020,,
,,
"Figure 1. Mortality rate per 100,000 state and federal prisoners, 2001-2016",,
,State/a,Federal/b
2001,242,220
2002,244,232
2003,257,227
2004,252,208
2005,253,244
2006,249,201
2007,258,222
2008,261,241
2009,259,220
2010,246,224
2011,260,220
2012,265,198
2013,274,230
2014,274,262
2015,296,283
2016,303,252
Note: Based on the annual number of deaths and the one-day custody population on December 31. See appendix table 9 for rates.,,
a/Includes deaths in private state facilities. ,,
b/Excludes deaths in private federal facilities.,,
"Source: Bureau of Justice Statistics, Mortality in Correctional Institutions, 2001-2016; and Federal Bureau of Prisons, 2001-2016.",,
