Bureau of Justice Statistics,,,,,,,,,,,,,,,,,,,,,,,
Filename: cp22stt06.csv,,,,,,,,,,,,,,,,,,,,,,,
"Table 6. Prisoners removed from under sentence of death, by region, jurisdiction, and method of removal, 2022",,,,,,,,,,,,,,,,,,,,,,,
"Report title: Capital Punishment, 2022 � Statistical Tables   NCJ 309498",,,,,,,,,,,,,,,,,,,,,,,
"Data Source: Bureau of Justice Statistics, National Prisoner Statistics program (NPS-8), 2022",,,,,,,,,,,,,,,,,,,,,,,
"Author: Tracy Snell, BJS Statistician",,,,,,,,,,,,,,,,,,,,,,,
Refer questions to: askbjs@usdoj.gov 202-307-0765,,,,,,,,,,,,,,,,,,,,,,,
Date of version: 12/30/24,,,,,,,,,,,,,,,,,,,,,,,
,,,,,,,,,,,,,,,,,,,,,,,
"Table 6. Prisoners removed from under sentence of death, by region, jurisdiction, and method of removal, 2022",,,,,,,,,,,,,,,,,,,,,,,
,,,,,,Appeals court or higher court overturned�,,,,,,,,,,,,,,,,,
Region and jurisdiction,,Total,Execution,Other death*,Sentence commuted,Capital conviction,Death sentence,,,,,,,,,,,,,,,,
U.S. total,,101,18,25,17,10,31,,,,,,,,,,,,,,,,
,Federal,1,0,0,0,0,1,,,,,,,,,,,,,,,,
,State,100,18.0,25,17,10,30,,,,,,,,,,,,,,,,
Northeast,,7,0,1,0,3,3,,,,,,,,,,,,,,,,
,Pennsylvania,7,0,1,0,3,3,,,,,,,,,,,,,,,,
Midwest,,9,2,4.0,0,2,1,,,,,,,,,,,,,,,,
,Missouri,2,2,0,0,0,0,,,,,,,,,,,,,,,,
,Nebraska,1,0,1,0,0,0,,,,,,,,,,,,,,,,
,Ohio,6,0,3,0,2,1,,,,,,,,,,,,,,,,
South,,34,13,11,0,3,7,,,,,,,,,,,,,,,,
,Alabama,5,2,1,0,0,2,,,,,,,,,,,,,,,,
,Arkansas,1,0.0,0,0,0,1,,,,,,,,,,,,,,,,
,Florida,8,0,6,0,2,0,,,,,,,,,,,,,,,,
,Georgia,1,0.0,1,0,0,0,,,,,,,,,,,,,,,,
,Louisiana,1,0,0,0,0,1,,,,,,,,,,,,,,,,
,Mississippi,1,1,0,0,0,0,,,,,,,,,,,,,,,,
,North Carolina,2,0,2,0,0,0,,,,,,,,,,,,,,,,
,Oklahoma,5,5,0,0,0,0,,,,,,,,,,,,,,,,
,Texas,10,5,1,0,1,3,,,,,,,,,,,,,,,,
West,,50,3,9,17,2,19,,,,,,,,,,,,,,,,
,Arizona,4,3,0,0,0,1,,,,,,,,,,,,,,,,
,California,23,0,6,0,2,15,,,,,,,,,,,,,,,,
,Nevada,4,0,3,0,0,1,,,,,,,,,,,,,,,,
,Oregon,19,0,0,17,0,2,,,,,,,,,,,,,,,,
"*Other deaths were due to natural causes, suicide, and drug overdose.",,,,,,,,,,,,,,,,,,,,,,,
"Source: Bureau of Justice Statistics, National Prisoner Statistics program (NPS-8), 2022.",,,,,,,,,,,,,,,,,,,,,,,
,,,,,,,,,,,,,,,,,,,,,,,
,,,,,,,,,,,,,,,,,,,,,,,
,,,,,,,,,,,,,,,,,,,,,,,
,,,,,,,,,,,,,,,,,,,,,,,
,,,,,,,,,,,,,,,,,,,,,,,
,,,,,,,,,,,,,,,,,,,,,,,
,,,,,,,,,,,,,,,,,,,,,,,
,,,,,,,,,,,,,,,,,,,,,,,
,,,,,,,,,,,,,,,,,,,,,,,
,,,,,,,,,,,,,,,,,,,,,,,
,,,,,,,,,,,,,,,,,,,,,,,
