Bureau of Justice Statistics,,,,,,,,,,,,,,
Filename: pptmcat10.csv,,,,,,,,,,,,,,
"Appendix table 10. Frequency of telephone, mail, and personal contacts with adult or minor children among state and federal inmates who were parents of minor children, by gender, 2004",,,,,,,,,,,,,,
Report title: Parents in Prison and Their Minor Children NCJ 222984,,,,,,,,,,,,,,
"Data source: Survey of Inmates in State and Federal Correctional Facilities, 2004",,,,,,,,,,,,,,
Authors: Lauren E. Glaze and Laura M. Maruschak,,,,,,,,,,,,,,
Refer questions to: askbjs@usdoj.gov   202-307-0765,,,,,,,,,,,,,,
"Date of version: August 26, 2008",,,,,,,,,,,,,,

"Appendix table 10. Frequency of telephone, mail, and personal contacts with adult or minor children among state and federal inmates who were parents of minor children, by gender, 2004",,,,,,,,,,,,,,
,,,Parents in state prison ,,,,,,Parents in federal prison,,,,,
Frequency and type of contact with minor children ,,,Total,,Male,,Female,,Total,,Male,,Female,
Any type of contact,,,,,,,,,,,,,,
,Daily or almost daily,,9.1,%,8.7,%,14.1,%,18.8,%,18.3,%,26.9,%
,At least once a week,,30.8,,29.8,,41.6,,46.1,,45.9,,48.2,
,At least once a month,,22.3,,22.7,,18.1,,17,,17.1,,14.7,
,Less than once a month,,16.5,,16.9,,11.2,,9.4,,9.6,,6.2,
,Never,,21.4,,21.9,,15,,8.8,,9.1,,3.9,
Telephone,,,,,,,,,,,,,,
,Daily or almost daily,,5.3,%,5,%,8.6,%,16.9,%,16.5,%,23.4,%
,At least once a week,,17.5,,17.1,,22.4,,40.9,,40.7,,43.7,
,At least once a month,,15.6,,15.6,,15.7,,17.2,,17.2,,16.9,
,Less than once a month,,15,,15.3,,12.4,,10.1,,10.2,,7.4,
,Never,,46.6,,47.1,,40.9,,14.9,,15.4,,8.5,
Mail,,,,,,,,,,,,,,
,Daily or almost daily,,4.5,%,4.3,%,6.9,%,4.2,%,4,%,7.7,%
,At least once a week,,24,,23,,35.3,,29,,28.3,,40.4,
,At least once a month,,23.2,,23.3,,22.5,,31,,31.2,,28.2,
,Less than once a month,,17.9,,18.3,,13,,19.8,,20.2,,12.9,
,Never,,30.4,,31.1,,22.3,,16,,16.3,,10.7,
Personal visits,,,,,,,,,,,,,,
,Daily or almost daily,,0.6,%,0.6,%,^,%,^,%,^,%,^,%
,At least once a week,,5.9,,5.7,,7.7,,4.6,,4.4,,7.6
,At least once a month,,12.5,,12.3,,14.6,,14.7,,14.7,,15.5
,Less than once a month,,22.5,,22.7,,19.7,,35.6,,35.9,,31.5
,Never,,58.5,,58.6,,57.7,,44.7,,44.7,,44.6
,,Estimated number of parents,"636,300",,"585,200",,"51,100",,"81,300",,"76,200",,"5,100"
"Note: The contact question included in the 2004 SISFCF asked about contact with any child, which could include children age 18 or older.",,,,,,,,,,,,,
^Estimate not reported. Sample size too small (10 or fewer) to provide reliable data.,,,,,,,,,,,,,
