Bureau of Justice Statistics,,,,,,,,,,,,,
Filename: pptmct05.csv,,,,,,,,,,,,,
"Table 5. Percent of state and federal inmates who were parents of minor children, by age and gender, 2004",,,,,,,,,,,,,
Report title: Parents in Prison and Their Minor Children NCJ 222984,,,,,,,,,,,,,
"Data source: Survey of Inmates in State and Federal Correctional Facilities, 2004",,,,,,,,,,,,,
Authors: Lauren E. Glaze and Laura M. Maruschak,,,,,,,,,,,,,
Refer questions to: askbjs@usdoj.gov   202-307-0765,,,,,,,,,,,,,
"Date of version: August 26, 2008",,,,,,,,,,,,,

"Table 5. Percent of state and federal inmates who were parents of minor children, by age and gender, 2004",,,,,,,,,,,,,
,,Percent of parents in state prison,,,,,,Percent of parents in federal prison,,,,,
Age of inmates who were parents of minor children,,Total,,Male ,,Female,,Total,,Male ,,Female,
,All inmates,51.9,%,51.2,%,61.7,%,62.9,%,63.4,%,55.9,%
24 or younger,,44.1,%,43.5,%,55.4,%,45.8,%,45.7,%,47.5,%
25-34,,64.4,,63.3,,80.7,,74.1,,74.1,,74.5,
35-44,,58.9,,58.3,,65.7,,71.9,,72.1,,68.2,
45-54,,31,,31.4,,25.8,,47,,48.3,,31.2
55 or older,,12.6,,12.9,,^,,23.8,,25.3,,^
Note: See appendix table 16 for estimated total counts.,,,,,,,,,,,,
^Estimate not reported. Sample size too small (10 or fewer) to provide reliable data.,,,,,,,,,,,,
