Bureau of Justice Statistics,,,,,,,,,,,
Filename: pptmct12.csv,,,,,,,,,,,
"Table 12. Homelessness, physical/sexual abuse, medical/mental health problems, or substance dependence/abuse problems among state inmates who were parents of minor children, by living arrangement and gender, 2004",,,,,,,,,,,
Report title: Parents in Prison and Their Minor Children NCJ 222984,,,,,,,,,,,
"Data source: Survey of Inmates in State and Federal Correctional Facilities, 2004",,,,,,,,,,,
Authors: Lauren E. Glaze and Laura M. Maruschak,,,,,,,,,,,
Refer questions to: askbjs@usdoj.gov   202-307-0765,,,,,,,,,,,
"Date of version: August 26, 2008",,,,,,,,,,,

"Table 12. Homelessness, physical/sexual abuse, medical/mental health problems, or substance dependence/abuse problems among state inmates who were parents of minor children, by living arrangement and gender, 2004",,,,,,,,,,,
,,,,Lived with minor children*,,,,Did not live with minor children*,,,
,,All parents in state prison,,Male ,,Female,,Male ,,Female,
Homelessness in year before arrest,,8.9,%,4,%,8.5,%,12,%,28.7,%
Ever physically/sexually abused,,19.9,,16.1,,59.7,,15.7,,72.4,
Current medical problem,,40.6,,39.7,,50,,39.6,,57.6,
Any mental health problem,,56.5,,54.5,,72.8,,55.2,,75.3,
Any substance dependence/abuse,,67.4,,65,,63.6,,68.8,,81.5
,Estimated number of parents in state prison,"636,300",,"272,200",,"32,800",,"313,000",,"18,300"
"Note: Measures of substance dependence or abuse and mental health problems were based on criteria specified in the ""Diagnostic and Statistical Manual of Mental Disorders"", fourth edition (DSM-IV). For details, see Drug Use and Dependance, State and Federal Prisoners, 2004, <http://www.ojp.usdoj.gov/bjs/abstract/dudsfp04.htm> and Mental Health Problems of Prison and Jail Inmates <http://www.ojp.usdoj.gov/bjs/abstract/mhppji.htm>.",,,,,,,,,,
*Inmate lived with minor children in the month before arrest or just prior to incarceration.,,,,,,,,,,
