Bureau of Justice Statistics,,,,,,,,,,,,,,,
Filename: pptmcat09.csv,,,,,,,,,,,,,,,
"Appendix table 9. Financial support of minor children, employment, and income among parents in state and federal prisons, by gender, 2004",,,,,,,,,,,,,,,
Report title: Parents in Prison and Their Minor Children NCJ 222984,,,,,,,,,,,,,,,
"Data source: Survey of Inmates in State and Federal Correctional Facilities, 2004",,,,,,,,,,,,,,,
Authors: Lauren E. Glaze and Laura M. Maruschak,,,,,,,,,,,,,,,
Refer questions to: askbjs@usdoj.gov   202-307-0765,,,,,,,,,,,,,,,
"Date of version: March 30, 2010",,,,,,,,,,,,,,,
,,,,,,,,,,,,,,,
"Appendix table 9. Financial support of minor children, employment, and income among parents in state and federal prisons, by gender, 2004",,,,,,,,,,,,,,,
,,,,Parents in state prison,,,,,,Parents in federal prison,,,,,
,,,,Total,,Male ,,Female,,Total,,Male ,,Female,
Parents who provided primary financial support ,,,,54,%,54.1,%,51.9,%,67.2,%,67.1,%,68.5,%
,Employed in month before arrest,,,80.3,%,81.5,%,66.4,%,77,%,77.6,%,67.7,%
,Sources of income,,,,,,,,,,,,,,
,,Wages or salary,,75.9,%,77.1,%,60.7,%,73,%,73.4,%,67.5,%
,,Tranfer payments,,11.7,,9.6,,36.1,,8.4,,7.4,,23.7,
,,Family/friends,,10.1,,9.1,,21,,8.5,,8,,15.4,
,,Child support/alimony payments,,1,,^,,9.3,,0.6,,^,,7.5,
,,Illegal sources,,24.1,,24.3,,21.2,,35.7,,36.3,,26.8,
,,Other,,2.9,,2.9,,3.3,,3.6,,3.7,,^,
,Personal income in the month before current arrest,,,,,,,,,,,,,,
,,No income,,1.2,%,1.1,%,2.5,%,1,%,^,%,^,%
,,Less than $200,,2.1,,2.1,,3.3,,2.2,,2.2,,^,
,,$200-599,,13.1,,12.3,,23.8,,11.1,,10.5,,19.4,
,,$600-999,,13.8,,13.3,,19.8,,12.2,,11.9,,16.9,
,,"$1,000-1,999",,33,,33.4,,28.3,,27.5,,27.5,,27.3,
,,"$2,000-4,999",,23.6,,24.4,,14,,22.5,,22.8,,17,
,,"$5,000 or more",,13.1,,13.5,,8.3,,23.5,,24.1,,14.8,
,Current caregiver of child receiving financial assistance,,,34.7,%,34.3,%,39.2,%,29.1,%,28.6,%,35.4,%
Parents who did not provide primary financial support ,,,,46,%,45.9,%,48.1,%,32.8,%,32.9,%,31.5,%
,Employed in month before arrest,,,68.1,%,70.1,%,47.3,%,66.4,%,67.5,%,49.1,%
,Sources of income,,,,,,,,,,,,,,
,,Wages or salary,,63.5,%,65.5,%,42.7,%,60.4,%,61,%,50.8,%
,,Tranfer payments,,10,,9,,20.9,,8,,7.5,,15.4,
,,Family/friends,,12.7,,12,,20.6,,10.4,,10.1,,14.4,
,,Child support/alimony payments,,0.4,,^,,4.8,,^,,^,,^,
,,Illegal sources,,30,,30,,30.4,,37.6,,38.1,,29.9,
,,Other,,2,,2.1,,^,,3.9,,3.8,,^,
,Personal income in the month before current arrest,,,,,,,,,,,,,,
,,No income,,2.7,%,2.4,%,6.9,%,2,%,^,%,11.5,%
,,Less than $200,,3.7,,3.4,,7.2,,4.8,,4.8,,^,
,,$200-599,,17.4,,16.7,,25,,17.4,,17.3,,18.7,
,,$600-999,,16.3,,16.2,,18.2,,13.4,,13.6,,11.1,
,,"$1,000-1,999",,29.5,,30.1,,22.6,,25.9,,26,,24.7,
,,"$2,000-4,999",,19.4,,20,,12.1,,15.7,,16,,12.4,
,,"$5,000 or more",,11,,11.2,,8,,20.7,,20.9,,17.4,
,Current caregiver of child receiving financial assistance,,,29.2,%,29.1,%,30.6,%,22.1,%,22,%,23.7,%
,,,Estimated number of parents,"636,300",,"585,200",,"51,100",,"81,300",,"76,200",,"5,100",
^Estimate not reported. Sample size too small (10 or fewer) to provide reliable data.,,,,,,,,,,,,,,,
