Bureau of Justice Statistics,,,,,,,
Filename: pptmct08.csv,,,,,,,
"Table 8. Current caregiver of minor children of parents in state prison, by gender, 2004",,,,,,,
Report title: Parents in Prison and Their Minor Children NCJ 222984,,,,,,,
"Data source: Survey of Inmates in State and Federal Correctional Facilities, 2004",,,,,,,
Authors: Lauren E. Glaze and Laura M. Maruschak,,,,,,,
Refer questions to: askbjs@usdoj.gov   202-307-0765,,,,,,,
"Date of version: August 26, 2008",,,,,,,

"Table 8. Current caregiver of minor children of parents in state prison, by gender, 2004",,,,,,,
Children's current caregiver/a,,Total,,Male ,,Female,
Other parent,,84.2,%,88.4,%,37,%
Grandparent,,15.1,%,12.5,%,44.9,%
,Grandmother,14,,11.6,,42.1,
,Grandfather,4.3,,3.6,,12,
Other relatives,,6.2,%,4.7,%,22.8,%
Foster home or agency,,2.9,%,2.2,%,10.9,%
"Friends, others/b",,2.9,%,2.4,%,7.8,%
,Estimated number of parents in state prison,"636,300",,"585,200",,"51,100",
a/Includes all parents with minor children. Detail may sum to more than 100% because some prisoners had mulitple minor children living with multiple caregivers.,,,,,,,
"b/Includes inmate's friends, friends of the inmate's children, cases where the parent reported that the child now lived alone, and others.",,,,,,,
