Bureau of Justice Statistics,,,,,,,,,,,,
Filename: pptmct14.csv,,,,,,,,,,,,
"Table 14. Work assignments, program participation, and education among state inmates who were parents of minor children, by living arrangement and gender, 2004",,,,,,,,,,,,
Report title: Parents in Prison and Their Minor Children NCJ 222984,,,,,,,,,,,,
"Data source: Survey of Inmates in State and Federal Correctional Facilities, 2004",,,,,,,,,,,,
Authors: Lauren E. Glaze and Laura M. Maruschak,,,,,,,,,,,,
Refer questions to: askbjs@usdoj.gov   202-307-0765,,,,,,,,,,,,
"Date of version: August 26, 2008",,,,,,,,,,,,

"Table 14. Work assignments, program participation, and education among state inmates who were parents of minor children, by living arrangement and gender, 2004",,,,,,,,,,,,
,,,,,Percent of state inmate parents,,,,,,,
,,,,,Lived with minor children/a,,,,Did not live with minor children/a,,,
,,,All parents in state prison,,Male ,,Female,,Male,,Female,
Work assignments/b,,,66.8,%,67.9,%,72.2,%,65.7,%,66.6,%
Self-help or improvement classes since admission,,,57.2,%,57.4,%,65.4,%,55.8,%,63.4,%
,Parenting or childrearings classes,,11.9,,12.1,,29.7,,9.3,,22.5,
,Employment programs,,30.4,,30.6,,33.2,,30.1,,26.9,
,,Vocational or job-training program,26.5,,26.2,,27,,26.8,,22.2,
,,Employment counseling,9.4,,9.6,,12.4,,8.8,,11.3,
,Education programs/c,,30.3,,29.4,,33.2,,30.8,,31.5,
,Other pre-release programs/d,,31.2,,32,,39.3,,29.3,,39.4,
Had GED or high school diploma upon admission,,,62.4,%,63,%,65.5,%,62.2,%,56.4,%
,,Estimated number of parents in state prison,"636,300",,"272,200",,"32,800",,"313,000",,"18,300",
a/Inmate lived with their minor children in the month before arrest or just prior to incarceration.,,,,,,,,,,,,
b/Includes work assignments both inside and outside the prison.,,,,,,,,,,,,
"c/Excludes vocational training. Includes basic classes up to 9th grade, high school diploma or GED classes, college level classes, or English as a second language. ",,,,,,,,,,,,
"d/Includes inmate assistance/counseling groups, inmate self-help/personal improvement groups, including parent awareness groups, life skills/community adjustment classes, and other pre-release programs.",,,,,,,,,,,,
