Bureau of Justice Statistics,,,,,,,,,,,,
Filename: pptmcat03.csv,,,,,,,,,,,,
"Appendix table 3. State and federal inmates who reported having minor children, by gender, race, and Hispanic origin, 2004",,,,,,,,,,,,
Report title: Parents in Prison and Their Minor Children NCJ 222984,,,,,,,,,,,,
"Data source: Survey of Inmates in State and Federal Correctional Facilities, 2004",,,,,,,,,,,,
Authors: Lauren E. Glaze and Laura M. Maruschak,,,,,,,,,,,,
Refer questions to: askbjs@usdoj.gov   202-307-0765,,,,,,,,,,,,
"Date of version: August 26, 2008",,,,,,,,,,,,

"Appendix table 3. State and federal inmates who reported having minor children, by gender, race, and Hispanic origin, 2004",,,,,,,,,,,,
,,,,,Number of minor children,,,,,,,
,,,Percent of inmates with minor children,,1,,2,,3,,4 or more,
State inmates,,,51.9,%,22.5,%,14.8,%,8.1,%,6.5,%
,Male*,,51.2,%,22.7,%,14.4,%,7.8,%,6.3,%
,,"White, non-Hispanic",44.8,,21.6,,12.9,,6.5,,3.8,
,,"Black, non-Hispanic",54,,23.3,,14.4,,7.9,,8.4,
,,Hispanic,57,,23.4,,17.6,,9.7,,6.3,
,Female*,,61.7,%,20.7,%,19.3,%,12.4,%,9.3,%
,,"White, non-Hispanic",61.8,%,23,%,21.7,%,10.6,%,6.4,%
,,"Black, non-Hispanic",61,,18.1,,17.8,,14.1,,11.1,
,,Hispanic,64.1,,18.3,,15.9,,14.1,,15.8,
Federal inmates,,,62.9,%,24.4,%,17.8,%,10.9,%,9.8,%
,Male*,,63.4,%,24.8,%,17.9,%,10.9,%,9.9,%
,,"White, non-Hispanic",47.8,,26.2,,12.7,,6.3,,2.5,
,,"Black, non-Hispanic",70,,24.2,,18.1,,12.9,,14.8,
,,Hispanic,68.5,,23.4,,23.7,,12.5,,8.9,
,Female*,,55.9,%,19.5,%,17,%,10.7,%,8.7,%
,,"White, non-Hispanic",47.4,%,17.9,%,14.6,%,8.5,%,6.5,%
,,"Black, non-Hispanic",55.2,,18.1,,16.3,,10.2,,10.6,
,,Hispanic,63.4,,21.6,,18.2,,13.9,,9.6,
Note: See appendix table 16 for estimated total counts.,,,,,,,,,,,,
"*Includes inmates of other races. Other races include American Indians, Alaska Natives, Asians, Native Hawaiians, other Pacific Islanders, and persons identifying two or more races.",,,,,,,,,,,,
