Bureau of Justice Statistics,,,
Filename: ssvacf1218stat02.csv,,,
"Appendix table 2. Standard errors for table 2: Allegations and substantiated incidents of inmate-on-inmate sexual harassment, by type of adult correctional facility, 2016-18",,,
"Report title: Survey of Sexual Victimization in Adult Correctional Facilities, 2012-2018 � Statistical Tables  NCJ 252836",,,
"Data source: Bureau of Justice Statistics, Survey of Sexual Victimization, 2016-2018",,,
"Authors: Laura M. Maruschak and Emily D. Buehler, Ph.D., BJS Statisticians",,,
Refer questions to: askbjs@usdoj.gov 202-307-0765,,,
Date of version: 6/2/2021,,,
,,,
"Appendix table 2. Standard errors for table 2: Allegations and substantiated incidents of inmate-on-inmate sexual harassment, by type of adult correctional facility, 2016-18",,,
Type of facility,,Alleged,Substantiated
,Total,543,141
Prisons,,165,81
,Private,165,81
Jails,,487,115
Other adult facilities,,5,1
"Source: Bureau of Justice Statistics, Survey of Sexual Victimization, 2016-2018.",,,
