Bureau of Justice Statistics,,,,
Filename: fshbopc0510a09,,,,
"Appendix table 9. Standard errors for figure 3: Rate of burglaries or other property crimes involving firearm theft, by General Social Survey (GSS) and Gallup poll estimates of household gun ownership, 1993�2010",,,,
"Report title: Firearms Stolen during Burglaries and Other Property Crimes, 2005-2010",,,,
"Data source: BJS National Crime Victimization Survey, 1993-2010",,,,
Author: Lynn Langton,,,,
Refer questions to: askbjs@usdoj.gov 202-307-0765,,,,
Date of release: 11/08/12,,,,
,,,,
"Appendix table 9. Standard errors for figure 3: Rate of burglaries or other property crimes involving firearm theft, by General Social Survey (GSS) and Gallup poll estimates of household gun ownership, 1993�2010",,,,
,"Rate per 1,000 gun-owning households",,,
,Burglary,,Other property crimes,
Year,GSS,Gallup,GSS,Gallup
1994,0.5,0.5,0.7,0.7
1995,0.5,~,0.6,~
1996,0.5,0.5,0.6,0.6
1997,0.5,0.5,0.7,0.7
1998,0.5,~,0.7,~
1999,0.6,0.5,0.8,0.8
2000,0.6,0.6,0.8,0.7
2001,0.6,0.5,0.9,0.9
2002,0.6,0.5,0.9,0.9
2003,0.7,0.7,0.8,0.8
2004,0.7,0.6,0.9,0.8
2005,0.7,0.6,0.9,0.9
2006,0.7,0.7,0.8,0.8
2007,0.7,0.7,0.8,0.8
2008,0.7,0.6,0.8,0.8
2009,0.7,0.6,0.9,0.9
2010,0.6,0.6,1,1
Note: Computed by pooling variances of the NCVS estimates of number of households and GSS and Gallup estimates of percent of gun-owning households. ,,,,
~Not applicable.,,,,
