Bureau of Justice Statistics,,
Filename: fshbopc0510a03,,
"Appendix table 3. Standard errors for figure 2: Completed burglaries and other property crimes involving the theft of at least one firearm, 1993�2010",,
"Report title: Firearms Stolen during Burglaries and Other Property Crimes, 2005-2010",,
"Data source: BJS National Crime Victimization Survey, 1993-2010",,
Author: Lynn Langton,,
Refer questions to: askbjs@usdoj.gov 202-307-0765,,
Date of release: 11/08/12,,
,,
"Appendix table 3. Standard errors for figure 2: Completed burglaries and other property crimes involving the theft of at least one firearm, 1993�2010",,
Year,Burglary,Other property crimes
1994,0.6,0.1
1995,0.6,0.1
1996,0.6,0.1
1997,0.6,0.1
1998,0.7,0.1
1999,0.8,0.1
2000,0.7,0.1
2001,0.8,0.1
2002,0.8,0.1
2003,0.7,0.1
2004,0.8,0.1
2005,0.8,0.1
2006,0.7,0.1
2007,0.8,0.1
2008,0.8,0.1
2009,1,0.1
2010,0.9,0.1
