Bureau of Justice Statistics,,,,,,,
Filename: fshbopc0510a04,,,,,,,
"Appendix table 4. Standard errors for table 2: Average annual burglaries or other property crimes involving the theft of at least one firearm, by theft characteristic, 2005�2010",,,,,,,
"Report title: Firearms Stolen during Burglaries and Other Property Crimes, 2005-2010",,,,,,,
"Data source: BJS National Crime Victimization Survey, 1993-2010",,,,,,,
Author: Lynn Langton,,,,,,,
Refer questions to: askbjs@usdoj.gov 202-307-0765,,,,,,,
Date of release: 11/08/12,,,,,,,
,,,,,,,
"Appendix table 4. Standard errors for table 2: Average annual burglaries or other property crimes involving the theft of at least one firearm, by theft characteristic, 2005�2010",,,,,,,
,,Burglary,,,Other property crimes,,
Theft characteristic,,Number,Percent,,Number,Percent,
Number of firearms stolen,,"22,938",~,%,"16,531",~,%
Victimizations by stolen item,,"16,318",~,%,"15,628",~,%
,Firearm only,"8,059",3.2,,"10,467",5.9,
,Firearm and at least one other item,"14,035",3.3,,"11,427",5.9,
Victimizations by type of stolen firearm ,,,,,,,
,Handgun,"10,674",3.7,%,"12,664",5.6,%
,Other firearm,"9,812",3.6,,"8,738",5.5,
,Both,"6,956",2.9,,"1,904",1.4,
Victimizations by number of stolen firearms ,,,,,,,
,One,"11,901",3.7,%,"13,640",5,%
,More than one,"10,071",3.6,,"5,926",4.2,
,Unknown,"4,091",1.8,,"4,425",3.2,
~Not applicable. ,,,,,,,
