"Bureau of Justice Statistics",,,,,
"Filename:  fidc_p4c.csv",,,,,
"Page 4, Center column: Type of firearm for nonfatal gunshot assaults and firearm-related ",,,,,
"homicides, 1993-97",,,,,
"Report title: Firearm Injury and Death from Crime, 1993-97, NCJ 182993",,,,,
"Data sources:  Firearm Injury Surveillance Study; Supplementary Homicide Reports",,,,,
"Authors:  Marianne Zawitz and Kevin Strom ",,,,,
"Refer questions to: askbjs@ojp.usdoj.gov (202) 307-0765",,,,,
"Date of version: 10/8/00",,,,,
,,,,,
"Page 4, Center column: Type of firearm for nonfatal gunshot assaults and firearm-related ",,,,,
"homicides, 1993-97",,,,,
,,,,,
,"Firearm homicides, 1993-97",,,,
,"Supplementary Homicide Reports",,"Nonfatal firearm injury from crime",,
,,,,,
,"Number","Percent","Number","Percent",
"Handgun",54895,81%,86700,34%," "
"Rifle",3317,5%,4300,2%," "
"Shotgun",4254,6%,14700,6%," "
"Unspecified firearm ",4993,7%,151500,59%," "
" "," "," "," "," ",
"Total ",67459," ",257200,100%,
,,,,,
"Sources: FBI, Uniform Crime Reports, Supplementary Homicide Reports; ",,,,,
"Centers for Disease Control and Prevention, Firearm Injury Surveillance",,,,,
"Study, 1993-97.  ",,,,,
