"Bureau of Justice Statistics",,,,
"Filename:  fidc_p3r.csv",,,,
"Page 3, Right column. Mode of transportaion to the hospital for nonfatal gunshot assault victims, 1993-97",,,,
"Report title: Firearm Injury and Death from Crime, 1993-97, NCJ 182993",,,,
"Data source:  CDC, Firearm Injury Surveillance Study",,,,
"Authors:  Marianne Zawitz and Kevin Strom ",,,,
"Refer questions to: askbjs@ojp.usdoj.gov (202) 307-0765",,,,
"Date of version: 10/8/00",,,,
,,,,
"Page 3, Right column. Mode of transportaion to the hospital for nonfatal gunshot assault victims, 1993-97",,,,
,,,,
,"Nonfatal assault",,"Unintentional",
" ","Number","Percent","Number","Percent"
"EMS/Rescue/Ambulance",169500,66%,24400,34%
"Private vehicle",49300,19%,32600,46%
"Walk-in",14100,5%,3900,6%
"Police",8600,3%,600,1%
"Unknown",8100,3%,6400,9%
"Air transport",6800,3%,2700,4%
"Other",800,0%,300,0%
,," "," ",
"Total ",257195,100%,70900,100%
,,," ",
"Source: Centers for Disease Control and Prevention, Firearm Injury Surveillance ",,,,
"Study, 1993-97",,," ",
,,," ",
,,,"  ",
,,," ",
