"Bureau of Justice Statistics",,,,,,,,
"Filename:  fidc_app.csv",,,,,,,,
"Appendix: Number of nonfatal gunshot injuries and firearm-related deaths",,,,,,,,
"Report title: Firearm Injury and Death from Crime, 1993-97, NCJ 182993",,,,,,,,
"Data sources:  CDC, Firearm Injury Surveillance Study; Vital Statistics of the United States",,,,,,,,
"Authors:  Marianne Zawitz and Kevin Strom ",,,,,,,,
"Refer questions to: askbjs@ojp.usdoj.gov (202) 307-0765",,,,,,,,
"Date of version: 10/8/00",,,,,,,,
,,,,,,,,
"Appendix:  Number of nonfatal gunshot injuries and firearm-related deaths",,,,,,,,
,,,,,,,,
,"Total","Assault or homicide","Legal Intervention",,"Suicide","Unintentional","Undetermined",
"Nonfatal ",,,,,,,,
"gunshot injuries",,,,,,,,
" 1993-97",411800,257200,5100,"*",23400,70900,55200,
" 1993",104200,64100,1300,"*",5600,18200,15100,
" 1994",89600,61200,1100,"*",5700,13600,8000,
" 1995",84200,53400,1000,"*",5000,14300,10400,
" 1996",69600,39200,700,"*",4000,13600,12000,
" 1997",64200,39400,900,"*",3100,11100,9700,
"Percent change",-38%,-39%,-31%,"*",-45%,-39%,-36%,
,,,,,,,,
,,,,,,,,
"Firearm-related",,,,,,,,
"deaths",,,,,,,,
" 1993-97",180533,78620,1501,,91940,6217,2255," "
" 1993",39595,18253,318,,18940,1521,563,
" 1994",38505,17527,339,,18765,1356,518,
" 1995",35957,15551,284,,18503,1225,394,
" 1996",34040,14037,290,,18166,1134,413,
" 1997",32436,13252,270,,17566,981,367,
"Percent change",-18%,-27%,-15%,,-7%,-36%,-35%,
,,,,,,,,
"Injury deaths**",,,,,,,,
" 1993-97",737650,112877,1770,,154966,450778,17259,
,,,,,,,,
"* Annual estimates for legal intervention injuries are presented for completeness but may be statistically ",,,,,,,,
"unreliable because they are based on a small number of cases.  ",,,,,,,,
"** Injury deaths include firearm-related deaths.  The total represents only the categories presented here.  ",,,,,,,,
"Sources: Centers for Disease Control and Prevention, Firearm Injury Surveillance Sutdy, 1993-97 and the ",,,,,,,,
"Vital Statistics of the United States, 1993-97.  ",,,,,,,,
