"Bureau of Justice Statistics",,,
"filename:   sfids3.csv",,,
"table#:   3 Characteristics of State-funded public defender programs, 1999",,,
"'Report title:   State-Funded Indigent Defense Services, 1999  NCJ  188464",,,
"data source:   National Survey of Indigent Defense Systems, 1999",,,
"author:   Carol J. DeFrances",,,
"refer questions to:   askbjs@ojp.usdoj.gov  (202) 307-0765",,,
"date of version:   9/5/01",,,
,,,
"Table 3.  Characteristics of State-funded public defender programs, 1999",,,
,,,
"State","Location of public defender programs","Oversight commission/a","Statewide Program /b"
,,,
"Alaska","State executive branch","No","Yes"
"Colorado","Judicial branch","Yes","Yes"
"Connecticut /c","Judicial branch","Yes","Yes"
"Delaware","Independent agency of state government","No","Yes"
"Hawaii","State executive branch","Yes","Yes"
"Iowa","State executive branch","Yes","Yes"
"Maryland /d","State executive branch","Yes","Yes"
"Massachusetts","Independent agency of state government","Yes","Yes"
"Minnesota","Judicial branch","Yes","Yes"
"Missouri","Independent department in judicial branch","Yes","Yes"
"New Hampshire","Independent nonprofit organization","Yes","Yes"
"New Jersey","State executive branch","No","Yes"
"New Mexico","State executive branch","No","Yes"
"North Carolina","Judicial branch","No","No"
"Rhode Island","State executive branch","No","Yes"
"Vermont","State executive branch","No","Yes"
"Virginia /e","Judicial branch","Yes","No"
"West Virginia","Independent nonprofit organization","No","No"
"Wisconsin","State executive branch","Yes","Yes"
,,,
"a/ Information from Colorado Revised Statutes, Title 21-1-101, General",,,
"Statutes of Connecticut, Chapter 887, Title 51-289, Hawaii Revised Statutues, ",,,
"Vol. 14, Section 802, Iowa Code and Supplement, Chapter 13B, Annotated",,,
"Code of Maryland, Article 27, Section 9, General Laws of Massachusetts, ",,,
"Part III, Title I, Chapter 211D, Minnesota Statutes, Chapter 611.215,",,,
"Missouri Revised Statutes, Chapter 600.015, New Hampshire Revised ",,,
"Statutues, Title LIX, Chapter 604-B, Code of Virginia, Title 19.2, Chapter 163.1,",,,
"Wisconsin Statutues, Chapter 977.02.",,,
"b/ Information from Improving Criminal Justice Systems Through Expanded",,,
"Strategies and Innovative Collaborations: Report of the National Symposium on  ",,,
"Indigent Defense, 'Office of Justice Programs, March 2000, NCJ 181344,",,,
"Appendices 6 and 7 at <http://www.ojp.usdoj.gov/indigentdefense/icjs.pdf> .",,,
"c/ Governmental location for only budget purposes.",,,
"d/ Information on government location from Annotated Code of Maryland, Article 27, Section 3.",,,
"e/ Information on government location from the Virginia 2000-2002 Biennial Budget, Section on ",,,
"the Judicial Department.",,,
