"Bureau of Justice Statistics",,,,,,
"filename:   sfids10.csv",,,,,,
"table#:   10 Private attorney appointments and cases received by assigned counsel programs in State-funded systems, 1999",,,,,,
"'Report title:   State-Funded Indigent Defense Services, 1999  NCJ  188464",,,,,,
"data source:   National Survey of Indigent Defense Systems, 1999",,,,,,
"author:   Carol J. DeFrances",,,,,,
"refer questions to:   askbjs@ojp.usdoj.gov  (202) 307-0765",,,,,,
"date of version:   9/5/01",,,,,,
,,,,,,
"Table 10.  Private attorney appointments and cases received by assigned counsel programs",,,,,,
"in State-funded systems, 1999",,,,,,
,,,,,,
,,,"Number of cases received",,,
"State","Number of private attorney appointments","Total cases ","Criminal cases /a","Juvenile cases /b","Civil cases /c","Other cases /d"
,,,,,,
"Colorado",400,8714,6176,2026,512,0
"Connecticut",250,903,832,60,11,0
"Iowa",500,"--","--","--","--","--"
"Maine",508,19275,11833,"--",461,6981
"Massachusetts",4800,201034,"--",17108,"--","--"
"Missouri",458,458,422,9,27,0
"New Hampshire","--",881,159,262,0,460
"North Carolina",2050,116427,67873,13811,4935,29808
"Oregon",200,12961,10926,361,445,1229
"Rhode Island",1413,1589,1050,539,"--","--"
"Vermont",225,573,447,52,0,74
"Virginia",2492,264945,154618,39888,0,70439
"West Virginia",750,25109,15022,3338,4020,2729
"Wisconsin",1400,46881,33060,10034,1113,2674
,,,,,,
"Total",15446,699750,302418,87488,11524,114394
,,,,,,
"Note:   Alaska, Delaware, Hawaii, Maryland, and New Jersey did not provide appointment and caseload information.",,,,,,
"Due to missing data, breakdown by case type does not sum to total.",,,,,,
"-- Information not provided or not known.",,,,,,
"a/ Includes felony capital, felony non-capital, misdemeanors that carry a jail sentence, ",,,,,,
"ordinance infraction, appeal, probation and revocation cases.",,,,,,
"b/ Includes juvenile delinquency, delinquency appeals, juveniles proceeded against in",,,,,,
"criminal court, juvenile status offense, and juvenile transfer hearings.",,,,,,
"c/ Includes mental commitment, State post-conviction or habeas corpus, and Federal habeas corpus.",,,,,,
"d/  Includes special proceedings, contempts, guardian ad litem, termination of parental rights,",,,,,,
"and child abuse and neglect.",,,,,,
"e/ Maine provided information on the number of vouchers paid to court-appointed attorneys.  In criminal cases,",,,,,,
"one voucher per case was usual; in child protective cases there could be many vouchers per case.",,,,,,
