"Bureau of Justice Statistics",,,,,
"filename:   sfids7.csv",,,,,
"table#:   7  Cases received by State-funded public defender programs, 1999",,,,,
"'Report title:   State-Funded Indigent Defense Services, 1999  NCJ  188464",,,,,
"data source:   National Survey of Indigent Defense Systems, 1999",,,,,
"author:   Carol J. DeFrances",,,,,
"refer questions to:   askbjs@ojp.usdoj.gov  (202) 307-0765",,,,,
"date of version:   9/5/01",,,,,
,,,,,
"Table 7.  Cases received by State-funded public defender programs, 1999",,,,,
,,,,,
,,"Number of cases received",,,
,,,,,
"State","Total cases","Criminal cases /a","Juvenile cases /b","Civil cases /c","Other cases /d"
,,,,,
"Alaska /e",29983,15853,658,1476,996
"Colorado",64179,54352,5672,0,4155
"Connecticut",56327,50265,5947,115,0
"Delaware /f",36290,30460,5830,0,0
"Hawaii /g",39870,35778,3846,246,0
"Iowa",61232,48360,12872,0,0
"Massachusetts",7143,6200,918,25,0
"Minnesota /h",178175,140475,37700,"--",0
"Missouri",73738,68200,4629,909,0
"New Hampshire",15552,8812,1308,11,5421
"New Jersey /f",96752,58165,15000,16012,7575
"New Mexico /i",53911,"--","--","--","--"
"North Carolina",48375,36839,1858,2237,7441
"Rhode Island",12750,10500,2230,20,0
"Vermont",12703,10344,1339,107,913
"Virginia",51375,41019,10356,0,0
"West Virginia",33556,28100,3855,1235,366
"Wisconsin",124171,82649,30810,4235,6477
,,,,,
"Total",996082,726371,144828,26628,33344
,,,,,
"Note:  Maryland did not provide caseload information.",,,,,
"Due to missing data, breakdown by case type does not sum to total.",,,,,
"-- Information not provided or not known.",,,,,
"a/ Includes felony capital, felony non-capital, misdemeanors that carry a jail sentence, ",,,,,
"ordinance infraction, appeal, probation and revocation cases.",,,,,
"b/ Includes juvenile delinquency, delinquency appeals, juveniles proceeded against ",,,,,
"in criminal court, juvenile status offense, and juvenile transfer hearings.",,,,,
"c/ Includes mental commitment, State post-conviction habeas corpus, and Federal habeas corpus.",,,,,
"d/ Includes special proceedings, miscellaneous hearings, Megan's law,",,,,,
"child abuse, child protection, post conviction probation and parole, and withdrawals.",,,,,
"e/ Total includes Information for both the Alaska Public Defender Agency and the Office of Public Advocacy.",,,,,
"Specific types include information only for the Alaska Public Defender Agency.",,,,,
"f/ Total Includes conflict cases.",,,,,
"g/Total  excludes conflict cases.",,,,,
"h/ State post-conviction or habeaus corpus cases were included with appeals under criminal cases.",,,,,
"i/ Information could not be broken down by case type.",,,,,
