"Bureau of Justice Statistics",,,,,,,
"filename:   sfids11.csv",,,,,,,
"table#:   11 Contract attorney programs in State-funded systems, 1999",,,,,,,
"'Report title:   State-Funded Indigent Defense Services, 1999  NCJ  188464",,,,,,,
"data source:   National Survey of Indigent Defense Systems, 1999",,,,,,,
"author:   Carol J. DeFrances",,,,,,,
"refer questions to:   askbjs@ojp.usdoj.gov  (202) 307-0765",,,,,,,
"date of version:   9/5/01",,,,,,,
,,,,,,,
"Table 11.  Contract attorney programs in State- funded systems, 1999",,,,,,,
,,,,,,,
,,,,"Contracts administered ",,,
,,,,,,,
"State","Number of contracts adminstered for criminal indigent defense services","Contracts awarded to public defenders",,"Individual solo practitioners","A law firm  handling both indigent  and private cases","A law firm or group of private attorneys or law firms joined solely to provide contracted indigent defense","Non-profit organization"
,,,,,,,
"Alaska",78,"No",,"Yes","Yes","No","No"
"Connecticut",304,"No",,"Yes","Yes","No","Yes"
"Iowa",600,"No",,"Yes","Yes","No","Yes"
"Maine",1,"No",,"--","--","Yes","--"
"Minnesota",27,"No",,"Yes","No","No","Yes"
"New Hampshire","--","Yes",,"Yes","Yes","Yes","Yes"
"New Mexico",120,"No",,"Yes","Yes","No","No"
"North Carolina",4,"No",,"Yes","Yes","No","Yes"
"Oregon",77,"Yes",,"Yes","Yes","Yes","Yes"
"Vermont",48,"Yes",,"Yes","Yes","--","--"
"Wisconsin",93,"No",,"Yes","Yes","No","No"
,,,,,,,
"-- Information not  provided or not known.",,,,,,,
