"Bureau of Justice Statistics",,,
"filename: bcft9902.csv",,,
"table #: 2 Estimates of applications and rejections, by type of ",,,
"approval system among State and local agencies, 1999",,,
"report title: Background Checks for Firearm Transfers 1999, NCJ 180882",,,
"data source: Firearm Statistics Inquiry Program (FIST)",,,
"author: Lea S. Gifford, Devon B. Adams, Gene Lauver, Michael Bowling",,,
"refer questions to: askbjs@ojp.usdoj.gov (202) 307-0765",,,
"date of version: 05/22/00",,,
,,,
"Table 2.  Estimates of applications and rejections, by type of ",,,
"approval system among State and local agencies, 1999",,,
,,,
"  ","Number of applications",,"Rejection"
,"Received","Rejected","rate"
,,,
"State/local total",4083315,123455,3.0%
,,,
"State instant approvals/a",2446524,93762,3.6
"Purchase permits",599953,14468,2.4
"Exempt carry permits/b",143815,3085,2.1
"Other approvals/c",596023,5612,0.9
"Parallel State systems/d",297000,6528,2.2
,,,
"a/ Includes the instant checks in table 5 plus an estimate of South Carolina.",,,
"b/ Includes only the POC States from table 3.  The remaining States in table 3 ",,,
"are included in the Federal/NICS inquiries. ",,,
"c/ ""Other approval"" systems usually require sellers to transmit applications to a",,,
"State agency, with transfers delayed until a waiting period expires or the agency",,,
"completes a check; used in California, Maryland, Rhode Island, and Washington. ",,,
"d/ These applications and rejections for permits in non-POC States are made",,,
"at the State or local level and are not included in the number of Federal/NICS",,,
"inquiries or rejections.  See page 6 for description and list of parallel State systems.",,,
