"Bureau of Justice Statistics",,,,,
"filename: bcft99a1.csv",,,,,
"table #: Appendix A National Instant Criminal Background Check System:  Checking agencies ",,,,,
"(FBI or State point of contact) for transfers of handguns and long guns, December 1999",,,,,
"report title: Background Checks for Firearm Transfers 1999, NCJ 180882",,,,,
"data source: Firearm Statistics Inquiry Program (FIST)",,,,,
"author: Lea S. Gifford, Devon B. Adams, Gene Lauver, Michael Bowling",,,,,
"refer questions to: askbjs@ojp.usdoj.gov (202) 307-0765",,,,,
"date of version: 05/22/00",,,,,
,,,,,
"Appendix A.  National Instant Criminal Background Check System:  Checking agencies ",,,,,
"(FBI or State point of contact) for transfers of handguns and long guns, December 1999",,,,,
,,,,,
,"          Handguns",,,"         Long guns",
,"FBI ","POC",,"FBI","POC"
,,,,,
"Alabama","X",,,"X",
"Alaska","X",,,"X",
"Arizona",,"X",,,"X"
"Arkansas","X",,,"X",
"California",,"X",,,"X"
"Colorado",,"X",,,"X"
"Connecticut",,"X",,,"X"
"Delaware","X",,,"X",
"Florida",,"X",,,"X"
"Georgia",,"X",,,"X"
"Hawaii*",,"X",,,"X"
"Idaho","X",,,"X",
"Illinois",,"X",,,"X"
"Indiana",,"X",,"X",
"Iowa*",,"X",,"X",
"Kansas","X",,,"X",
"Kentucky","X",,,"X",
"Louisiana","X",,,"X",
"Maine","X",,,"X",
"Maryland",,"X",,"X",
"Massachusetts","X",,,"X",
"Michigan*",,"X",,"X",
"Minnesota","X",,,"X",
"Mississippi","X",,,"X",
"Missouri","X",,,"X",
"Montana","X",,,"X",
"Nebraska*",,"X",,"X",
"Nevada",,"X",,,"X"
"New Hampshire",,"X",,"X",
"New Jersey",,"X",,,"X"
"New Mexico","X",,,"X",
"New York*",,"X",,"X",
"North Carolina*",,"X",,"X",
"North Dakota","X",,,"X",
"Ohio","X",,,"X",
"Oklahoma","X",,,"X",
"Oregon",,"X",,"X",
"Pennsylvania",,"X",,,"X"
"Rhode Island","X",,,"X",
"South Carolina","X",,,"X",
"South Dakota","X",,,"X",
"Tennessee",,"X",,,"X"
"Texas","X",,,"X",
"Utah",,"X",,,"X"
"Vermont",,"X",,,"X"
"Virginia",,"X",,,"X"
"Washington*",,"X",,"X",
"West Virginia","X",,,"X",
"Wisconsin",,"X",,"X",
"Wyoming","X",,,"X"," "
,,,,,
"Total",24,26,,35,15
,,,,,
"Note:  Includes checks on purchases or permits required for purchase.  The District of Columbia ",,,,,
"no longer allows the purchase of handguns except by law enforcement officers, retired district ",,,,,
"police officers, military personnel, licensed dealers, and organizations that employ special police. ",,,,,
"*States have multiple points of contact. ",,,,,
