"Bureau of Justice Statistics",
"filename: bcft99f1.csv",
"table #: Figure 1 Applications for firearm transfers peak in December",
"report title: Background Checks for Firearm Transfers 1999, NCJ 180882",
"data source: Firearm Statistics Inquiry Program (FIST)",
"author: Lea S. Gifford, Devon B. Adams, Gene Lauver, Michael Bowling",
"refer questions to: askbjs@ojp.usdoj.gov (202) 307-0765",
"date of version: 05/22/00",
,
"Figure 1. Applications for firearm transfers peak in December",
,
"NICS processing of applications in millions",
,
"Month","NICS Applications "
,
"December, 1998",0.871644
"January, 1999",0.591355
"February, 1999",0.696323
"March, 1999",0.753083
"April, 1999",0.646712
"May, 1999",0.576272
"June, 1999",0.569493
"July, 1999",0.589476
"August, 1999",0.703394
"September, 1999",0.808627
"October, 1999",0.945701
"November, 1999",1.004333
"December, 1999",1.253353
