Bureau of Justice Statistics,,
Filename:  cfjs03f6_03.csv,,
"Figure 6.3.  Disposition of criminal appeals terminating during October 1, 2002 - September 30, 2003",,
"Report title:  Compendium of Federal Justice Statistics, 2003  NCJ 210299",,
Data source:  Federal justice statistics database maintained by The Urban Institute,,
Author:  Urban Institute under the supervision of BJS,,
Refer questions to:  askbjs@usdoj.gov  202-307-0765,,
"Date of version:  October 23, 2005",,


"Figure 6.3.  Disposition of criminal appeals terminating during October 1, 2002 - September 30, 2003",,

 ,Percent of appeals terminated on the merits,
Terminations on the merits,74.7,%
Procedural terminations,25.3,%
Of terminations on the merits,,
    Affirmed,80.6,%
    Remanded or reversed,7.5,%
    Partially affirmed,3.3,%
    Dismissed,8.3,%
    Other,0.2,%
