"Bureau of Justice Statistics",,,,,,,,,,,,
"filename:  scs0018.csv",,,,,,,,,,,,
"table # 1.8.  Mean sentence lengths for State felony sentences imposed, by the number and category of the conviction offense, 2000",,,,,,,,,,,,
"report title:  State Court Sentencing of Convicted Felons, 2000 - Statistical Tables; NCJ 198822",,,,,,,,,,,,
"data source:  National Judicial Reporting Program, 2000",,,,,,,,,,,,
"authors:  Matthew Durose, Patrick Langan",,,,,,,,,,,,
"refer questions to:  askbjs@ojp.usdoj.gov  (202) 307-0765",,,,,,,,,,,,
"date of version:  June 19, 2003",,,,,,,,,,,,
,,,,,,,,,,,,
"Table 1.8.  Mean sentence lengths for State felony sentences imposed, by the number and category of the conviction offense, 2000",,,,,,,,,,,,
,,,,,,,,,,,,
"One conviction offense",,,,,,,,,,,,
,,,,,,"Mean maximum sentence length (in months) for felons sentenced to --",,,,,,
,,,,"Incarceration",,,,,,,,
,"Total Incarceration",,,"Prison",,,"Jail",,,"Probation",,
"Most serious conviction offense","Count","Mean",,"Count","Mean",,"Count","Mean",,"Count","Mean",
"All offenses",436342,31,"mo",256389,49,"mo",179953,6,"mo",190472,38,"mo"
"Violent offenses",88968,56,"mo",58528,79,"mo",30439,7,"mo",27703,43,"mo"
"Murder /a",4592,219,,4461,226,,132,21,,257,60,
"Sexual assault /b",17080,67,,12221,86,,4858,9,,3909,59,
"Robbery",21417,71,,17122,83,,4294,11,,3097,53,
"Aggravated assault",36869,33,,19598,55,,17270,6,,16548,38,
"Other violent /c",9010,30,,5126,46,,3885,7,,3892,36,
"Property offenses",113694,25,"mo",63787,38,"mo",49907,6,"mo",69120,37,"mo"
"Burglary",36786,37,,24092,50,,12694,8,,11763,41,
"Larceny /d",49901,19,,25353,31,,24548,6,,31299,36,
"Fraud /e",27006,19,,14341,30,,12665,6,,26058,36,
"Drug offenses",160689,28,"mo",91086,44,"mo",69603,6,"mo",79999,36,"mo"
"Possession",61280,20,,32040,33,,29239,4,,34186,32,
"Trafficking",99409,34,,59045,50,,40363,7,,45813,39,
"Weapon offenses",14328,24,"mo",8159,35,"mo",6169,7,"mo",6841,35,"mo"
"Other offenses /f",78945,21,"mo",37205,37,"mo",41740,6,"mo",41092,40,"mo"
,,,,,,,,,,,,
"Two or more conviction offenses",,,,,,,,,,,,
,,,,,,,,,,,,
"All offenses",167565,46,"mo",107595,69,"mo",59970,6,"mo",58236,40,"mo"
"Violent offenses",46202,86,"mo",35326,111,"mo",10876,7,"mo",9467,49,"mo"
"Murder /a",3404,277,,3361,282,,42,10,,133,74,
"Sexual assault /b",9165,123,,7792,144,,1373,8,,1259,82,
"Robbery",11077,103,,9920,114,,1156,11,,1075,49,
"Aggravated assault",19552,44,,12324,66,,7228,6,,6035,44,
"Other violent /c",3004,42,,1929,62,,1076,7,,964,36,
"Property offenses",53166,33,"mo",33041,49,"mo",20125,6,"mo",24627,40,"mo"
"Burglary",23564,42,,16762,56,,6802,6,,6879,41,
"Larceny /d",12494,28,,6948,44,,5545,6,,5844,39,
"Fraud /e",17109,24,,9331,39,,7778,5,,11904,39,
"Drug offenses",52853,33,"mo",30609,53,"mo",22244,6,"mo",24856,37,"mo"
"Possession",12825,22,,6374,38,,6451,5,,7493,36,
"Trafficking",40028,37,,24234,57,,15794,6,,17363,38,
"Weapon offenses",5206,30,"mo",3185,46,"mo",2021,6,"mo",1691,38,"mo"
"Other offenses /f",13243,27,"mo",7386,42,"mo",5857,6,"mo",6697,43,"mo"
,,,,,,,,,,,,
"Note:  See note on tables 1.2 and 1.3.  This table is based on an estimated 852,616 cases.  ",,,,,,,,,,,,
"The number of convictions pertains to current, not past, convictions.",,,,,,,,,,,,
"a/ Includes nonnegligent manslaughter.",,,,,,,,,,,,
"b/ Includes rape.",,,,,,,,,,,,
"c/ Includes offenses such as negligent manslaughter and kidnaping.",,,,,,,,,,,,
"d/ Includes motor vehicle theft.",,,,,,,,,,,,
"e/ Includes forgery and embezzlement.",,,,,,,,,,,,
"f/ Composed of nonviolent offenses such as receiving stolen property and vandalism.",,,,,,,,,,,,
