"Bureau of Justice Statistics",,,,,,,,
"filename:  scs0016.csv",,,,,,,,
"table #:  1.6.  Distribution of the number of felony conviction offenses for persons sentenced in State courts, by most serious offense, 2000",,,,,,,,
"report title:  State Court Sentencing of Convicted Felons, 2000 - Statistical Tables; NCJ 198822",,,,,,,,
"data source:  National Judicial Reporting Program, 2000",,,,,,,,
"authors:  Matthew Durose, Patrick Langan",,,,,,,,
"refer questions to:  askbjs@ojp.usdoj.gov  (202) 307-0765",,,,,,,,
"date of version:  June 19, 2003",,,,,,,,
,,,,,,,,
"Table 1.6.  Distribution of the number of felony conviction offenses for persons sentenced in State courts, by most serious offense, 2000",,,,,,,,
,,,,,,,,
,,,,"Percent of convicted felons with -- ",,,,
"Most serious conviction offense","Total",,"One felony conviction",,"Two felony convictions",,"Three or more felony convictions",
"All offenses",100,"%",74,"%",16,"%",10,"%"
"Violent offenses",100,"%",68,"%",18,"%",14,"%"
"Murder /a",100,,59,,22,,19,
"Sexual assault /b",100,,67,,19,,14,
"Robbery",100,,67,,17,,16,
"Aggravated assault",100,,68,,18,,14,
"Other violent /c",100,,77,,14,,9,
"Property offenses",100,"%",70,"%",17,"%",13,"%"
"Burglary",100,,62,,21,,17,
"Larceny /d",100,,82,,12,,6,
"Fraud /e",100,,65,,18,,17,
"Drug offenses",100,"%",75,"%",16,"%",9,"%"
"Possession",100,,83,,12,,5,
"Trafficking",100,,72,,17,,11,
"Weapon offenses",100,"%",76,"%",16,"%",8,"%"
"Other offenses /f",100,"%",86,"%",11,"%",3,"%"
,,,,,,,,
,,,,"Number of convicted felons with -- ",,,,
"Most serious conviction offense","Total",,"One felony conviction",,"Two felony convictions",,"Three or more felony convictions",
"All offenses",924743,,686090,,145517,,93136,
"Violent offenses",173211,,117382,,31314,,24515,
"Murder /a",8572,,5030,,1887,,1655,
"Sexual assault /b",31526,,21046,,5989,,4491,
"Robbery",36803,,24590,,6350,,5863,
"Aggravated assault",79355,,53731,,14730,,10894,
"Other violent /c",16955,,12985,,2358,,1612,
"Property offenses",262026,,183949,,44479,,33597,
"Burglary",79290,,48762,,16894,,13635,
"Larceny /d",100003,,81621,,12323,,6058,
"Fraud /e",82733,,53567,,15262,,13904,
"Drug offenses",319707,,241836,,50108,,27763,
"Possession",116325,,95967,,14494,,5864,
"Trafficking",203382,,145869,,35614,,21899,
"Weapon offenses",28192,,21290,,4620,,2282,
"Other offenses /f",141607,,121633,,14995,,4979,
,,,,,,,,
"Note:  This table is based on an estimated 924,743 cases.  ",,,,,,,,
"The number of convictions pertains to current, not past, convictions.",,,,,,,,
"a/ Includes nonnegligent manslaughter.",,,,,,,,
"b/ Includes rape.",,,,,,,,
"c/ Includes offenses such as negligent manslaughter and kidnaping.",,,,,,,,
"d/ Includes motor vehicle theft.",,,,,,,,
"e/ Includes forgery and embezzlement.",,,,,,,,
"f/ Composed of nonviolent offenses such as receiving stolen property and vandalism.",,,,,,,,
