"Bureau of Justice Statistics",,,,,,,,,,,
"Filename:  cfjs0039.csv",,,,,,,,,,,
"Table 3.9.  Behavior of defendants released prior to trial, by defendant characteristics, October 1, 1999 - September 30, 2000",,,,,,,,,,,
"Report title:  Compendium of Federal Justice Statistics, 2000   NCJ  194067",,,,,,,,,,,
"Data source:  Federal justice statistics database maintained by The Urban Institute",,,,,,,,,,,
"Author:  Urban Institute under the supervision of BJS",,,,,,,,,,,
"Refer  questions to:  askbjs@ojp.usdoj.gov  202-307-0765",,,,,,,,,,,
"Date of version:  April 17, 2002",,,,,,,,,,,
,,,,,,,,,,,
,,,,,,,,,,,
"Table 3.9.  Behavior of defendants released prior to trial, by defendant characteristics, October 1, 1999 - September 30, 2000",,,,,,,,,,,
,,,,,,,,,,,
,,,,"Percent of released defendants who had--",,,,,,,
,,,,,"Violations while on release",,,,,,
,,,,,"At least",,,,"Technical",,"Number of"
,,,,"No","one","Failed to","New offense charged",,"violations of","Release ","released "
"Defendant characteristic",,,,"violation","violation","appear","Felony","Misdemeanor","bail conditions","revoked","defendants"
,,," All defendants/a",81.8,18.2,2.6,1.7,1.6,16.6,6.8,31040
"Male/Female",,,,,,,,,,,
,"Male",,,80.7,19.3,2.6,1.9,1.8,17.6,7.4,23475
,"Female",,,85.4,14.6,2.4,1.1,1.0,13.5,5.1,7518
"Race",,,,,,,,,,,
,"White",,,83.5,16.5,2.7,1.4,1.3,15.0,6.1,20003
,"Black",,,77.0,23.0,2.4,2.6,2.2,21.2,8.3,8831
,"Native American",,,77.9,22.1,1.6,1.0,2.8,21.3,13.8,789
,"Asian/Pacific Islander",,,89.0,11.0,1.8,0.9,1.2,9.5,4.5,919
"Ethnicity",,,,,,,,,,,
,"Hispanic",,,80.9,19.1,5.1,1.6,1.3,16.6,5.7,6262
,"Non-Hispanic",,,82.0,18.0,2.0,1.7,1.7,16.7,7.1,24513
"Age",,,,,,,,,,,
,"16-18 years",,,76.1,23.9,3.6,2.4,1.9,23.1,10.2,616
,"19-20 years",,,73.8,26.2,3.0,2.4,3.1,24.6,10.1,1826
,"21-30 years",,,78.4,21.6,3.0,2.2,2.1,19.7,8.2,10454
,"31-40 years",,,80.8,19.2,2.8,1.7,1.5,17.4,7.3,8530
,"Over 40 years",,,88.4,11.6,1.9,0.9,0.8,10.5,3.9,9496
"Education",,,,,,,,,,,
,"Less than high school graduate",,,74.0,26.0,4.3,2.1,2.3,23.7,9.9,7942
,"High school graduate",,,80.1,19.9,2.3,2.0,1.7,18.4,7.8,10147
,"Some college",,,84.1,15.9,2.1,1.7,1.6,14.3,5.3,6757
,"College graduate",,,92.2,7.8,1.3,0.8,0.7,7.1,2.5,3338
"Marital status",,,,,,,,,,,
,"Never married",,,75.4,24.6,2.9,2.3,2.3,22.9,9.6,10367
,"Divorced/separated",,,79.2,20.8,3.3,1.8,1.9,19.0,7.9,5480
,"Married",,,88.2,11.8,2.1,1.2,0.9,10.4,3.9,10376
,"Common laws",,,74.2,25.8,3.2,2.4,2.7,23.5,9.9,2137
,"Other",,,93.5,6.5,1.4,0.6,0.5,6.0,2.5,2680
"Employment status at arrest",,,,,,,,,,,
,"Unemployed",,,74.8,25.2,3.5,2.5,2.1,23.3,10.4,9745
,"Employed",,,84.1,15.9,2.3,1.5,1.5,14.4,5.4,18733
"Criminal record",,,,,,,,,,,
,"No convictions/b",,,90.6,9.4,2.0,0.8,0.6,8.3,2.9,12750
,"Misdemeanor only",,,76.7,23.3,2.6,2.1,2.6,21.5,9.2,6241
,"Felony",,,,,,,,,,
,,"Nonviolent",,74.3,25.7,3.2,2.9,1.7,23.8,10.6,4742
,,"Violent",,68.7,31.3,3.8,3.3,3.5,28.9,13.7,2648
"Number of prior convictions",,,,,,,,,,,
,"1",,,79.3,20.7,2.4,2.0,1.8,19.1,7.5,5372
,"2 to 4",,,72.9,27.1,3.4,2.7,2.6,25.0,11.1,5483
,"5 or more",,,67.4,32.6,3.5,3.5,3.5,30.1,15.4,2776
"Criminal justice status",,,,,,,,,,,
,"Not under supervision",,,84.6,15.4,2.3,1.4,1.3,14.0,5.3,24115
,"Pretrial release",,,68.9,31.1,3.2,3.3,2.8,28.5,12.9,1406
,"Probation",,,73.6,26.4,3.7,2.8,2.9,24.3,11.3,1558
,"Parole",,,75.1,24.9,4.9,3.2,2.3,22.6,12.6,349
"Court appearance history",,,,,,,,,,,
,"No prior arrests",,,90.6,9.4,2.0,0.8,0.6,8.3,2.9,12911
,"Failure to appear",,,,,,,,,,
,,"None",,77.2,22.8,2.7,2.2,2.2,20.9,8.5,15082
,,"1",,70.4,29.6,4.3,2.7,2.9,27.4,12.8,1627
,,"More than 1",,64.5,35.5,4.5,3.7,3.2,33.3,16.8,1420
"Drug abuse",,,,,,,,,,,
,"No known abuse",,,87.4,12.6,2.4,1.4,1.3,11.1,4.2,19182
,"Drug history",,,64.8,35.2,3.4,2.8,2.7,33.3,14.3,7783
,,,,,,,,,,,
"(SEE PRINTED REPORT FOR FOOTNOTES)",,,,,,,,,,,
