"Bureau of Justice Statistics",,,,,,,
"Filename:  cfjs0035.csv",,,,,,,
"Table 3.5.  Pretrial detention hearing outcomes, by offense, October 1, 1999 - September 30, 2000",,,,,,,
"Report title:  Compendium of Federal Justice Statistics, 2000   NCJ  194067",,,,,,,
"Data source:  Federal justice statistics database maintained by The Urban Institute",,,,,,,
"Author:  Urban Institute under the supervision of BJS",,,,,,,
"Refer  questions to:  askbjs@ojp.usdoj.gov  202-307-0765",,,,,,,
"Date of version:  April 17, 2002",,,,,,,
,,,,,,,
,,,,,,,
"Table 3.5.  Pretrial detention hearing outcomes, by offense, October 1, 1999 - September 30, 2000",,,,,,,
,,,,,,,
,,,,"Defendants with pretrial detention hearings",,,
,,,,,,,"Of defendants"
,,,,,,"Percent of","with hearings"
,,,,"Number of defendants",,"defendants","held, percent"
,,,"All","Hearings","Ordered","with hearings","ordered"
"Most serious offense charged",,,"defendants","held","detained","held","detained"
,,"   All offenses/a",67903,35508,26325,52.3,74.1
"Violent offenses",,,3133,2182,1578,69.6,72.3
,"Murder/b",,184,143,107,77.7,74.8
,"Negligent manslaughter",,9,5,3,"--","--"
,"Assault",,762,370,224,48.6,60.5
,"Robbery",,1792,1391,1065,77.6,76.6
,"Sexual abuse/b",,236,150,81,63.6,54.0
,"Kidnaping",,122,101,81,82.8,80.2
,"Threats against the President",,28,22,17,78.6,77.3
"Property offenses",,,13686,3306,2082,24.2,63.0
,"Fraudulent",,10555,2553,1617,24.2,63.3
,,"Embezzlement",1499,122,62,8.1,50.8
,,"Fraud/b",7606,2002,1279,26.3,63.9
,,"Forgery",198,59,34,29.8,57.6
,,"Counterfeiting",1252,370,242,29.6,65.4
,"Other",,3131,753,465,24.0,61.8
,,"Burglary",132,61,40,46.2,65.6
,,"Larceny/b",2300,418,252,18.2,60.3
,,"Motor vehicle theft",276,134,83,48.6,61.9
,,"Arson and explosives",145,69,50,47.6,72.5
,,"Transportation of stolen property",178,51,29,28.7,56.9
,,"Other property offenses/b",100,20,11,20.0,55.0
"Drug offenses",,,26455,17031,12062,64.4,70.8
,"Trafficking",,24212,15908,11321,65.7,71.2
,"Other drug offenses",,2243,1123,741,50.1,66.0
"Public-order offenses",,,24491,12954,10581,52.9,81.7
,"Regulatory",,2422,768,483,31.7,62.9
,,"Agriculture",112,11,7,9.8,63.6
,,"Antitrust",14,0,0,0.0,"..."
,,"Food and drug",64,9,3,14.1,"--"
,,"Transportation",88,16,7,18.2,43.8
,,"Civil rights",84,9,4,10.7,"--"
,,"Communications",43,6,4,14.0,"--"
,,"Custom laws",104,34,19,32.7,55.9
,,"Postal laws",133,13,4,9.8,30.8
,,"Other regulatory offenses",1780,670,435,37.6,64.9
,"Other",,22069,12186,10098,55.2,82.9
,,"Weapons",3548,2049,1445,57.8,70.5
,,"Immigration offenses",13523,8588,7556,63.5,88.0
,,"Tax law violations/b",647,46,27,7.1,58.7
,,"Bribery",247,100,68,40.5,68.0
,,"Perjury, contempt, and intimidation",210,94,51,44.8,54.3
,,"National defense",51,19,11,37.3,57.9
,,"Escape",631,447,376,70.8,84.1
,,"Racketeering and extortion",868,429,306,49.4,71.3
,,"Gambling",62,9,2,14.5,"--"
,,"Liquor offenses",14,0,0,0.0,"..."
,,"Nonviolent sex offenses",545,217,136,39.8,62.7
,,"Obscene material/b",51,14,8,27.5,57.1
,,"Migratory birds",29,0,0,0.0,"..."
,,"All other offenses/b",1643,174,112,10.6,64.4
,,,,,,,
"--Too few cases to obtain statistically reliable data.",,,,,,,
"...No case of this type occurred in the data.",,,,,,,
"(SEE PRINTED REPORT FOR FOOTNOTES)",,,,,,,
