Bureau of Justice Statistics,,,,
Filename: sv19t03.csv,,,,
"Table 3. Prevalence of cyberstalking, by type of cyberstalking behavior, 2019",,,,
"Report title: Stalking Victimization, 2019   NCJ 301735",,,,
"Data source: Bureau of Justice Statistics, National Crime Victimization Survey, Supplemental Victimization Survey, 2019",,,,
"Authors: Rachel E. Morgan, Ph.D., and Jennifer L. Truman, Ph.D., BJS Statisticians ",,,,
Refer questions to: askbjs@usdoj.gov 202-307-0765,,,,
Date of version: 2/10/2022,,,,
,,,,
"Table 3. Prevalence of cyberstalking, by type of cyberstalking behavior, 2019",,,,
Type of cyberstalking behavior,,Number of cyberstalking victims/a,Percent of all persons/b,
,Total,"936,310",0.4,%
Sent victim unwanted emails/messages using the Internet or social media,,"538,690",0.2,
Monitored activities using social media,,"304,890",0.1,
Posted/threatened to post inappropriate/unwanted/personal information/c,,"326,540",0.1,
Spied on or monitored activities using technology,,"310,350",0.1,
Tracked whereabouts with an electronic device/application,,"168,150",0.1,
"Note: Estimates in this table include victims who experienced cyberstalking, which includes stalking through any form of information technology and excludes making unwanted phone calls, leaving voice messages, or sending text messages. Details may not sum to totals because victims could experience more than one type of cyberstalking behavior. The total population age 16 or older in 2019 was 260,731,490. See appendix table 6 for standard errors. See Methodology for question wording for the types of cyberstalking behaviors. ",,,,
a/Number of persons age 16 or older who experienced cyberstalking victimization in the past year.,,,,
b/Percentage of persons age 16 or older who experienced cyberstalking victimization in the past year. ,,,,
"c/Includes posting private photographs, videos, or rumors.",,,,
"Source: Bureau of Justice Statistics, National Crime Victimization Survey, Supplemental Victimization Survey, 2019.",,,,
