Bureau of Justice Statistics,,,,,,,,,
Filename: sv19tat09.csv,,,,,,,,,
"Appendix table 9. Standard errors for table 6: Percent of stalking victims, by type of stalking and duration and frequency of stalking, 2019",,,,,,,,,
"Report title: Stalking Victimization, 2019   NCJ 301735",,,,,,,,,
"Data source: Bureau of Justice Statistics, National Crime Victimization Survey, Supplemental Victimization Survey, 2019",,,,,,,,,
"Authors: Rachel E. Morgan, Ph.D., and Jennifer L. Truman, Ph.D., BJS Statisticians ",,,,,,,,,
Refer questions to: askbjs@usdoj.gov 202-307-0765,,,,,,,,,
Date of version: 2/10/2022,,,,,,,,,
,,,,,,,,,
"Appendix table 9. Standard errors for table 6: Percent of stalking victims, by type of stalking and duration and frequency of stalking, 2019",,,,,,,,,
Stalking duration and frequency,,Total stalking,,Traditional stalking only,,Stalking with technology only,,Both traditional stalking and stalking with technology,
Duration,,,,,,,,,
,Less than 1 month,1.33,%,3.48,%,2.43,%,1.62,%
,1 month to less than 1 year,1.73,,3.79,,3.01,,2.52,
,1 year to less than 2 years,1.15,,2.34,,2.05,,1.69,
,2 years or more,1.49,,3.19,,2.49,,2.24,
,Unknown,0.5,,0.93,,0.98,,0.7,
Frequency,,,,,,,,,
,2 to 10 times,1.73,%,3.05,%,3.01,%,2.53,%
,11 to 50 times,1.37,,1.95,,2.37,,2.18,
,More than 50 times,0.9,,1.32,,1.67,,1.38,
,Too many times to count,1.08,,1.27,,1.93,,1.74,
,Don�t know/don�t remember,0.7,,1.75,,1.25,,0.96,
,Number of victims,"120,536",,"53,321",,"68,510",,"82,598",
"Source: Bureau of Justice Statistics, National Crime Victimization Survey, Supplemental Victimization Survey, 2019.",,,,,,,,,
