Bureau of Justice Statistics,,,
Filename: sv19t09.csv,,,
"Table 9. Percent of stalking victims who sought and received victim services, by type of service received, 2019",,,
"Report title: Stalking Victimization, 2019   NCJ 301735",,,
"Data source: Bureau of Justice Statistics, National Crime Victimization Survey, Supplemental Victimization Survey, 2019",,,
"Authors: Rachel E. Morgan, Ph.D., and Jennifer L. Truman, Ph.D., BJS Statisticians ",,,
Refer questions to: askbjs@usdoj.gov 202-307-0765,,,
Date of version: 2/10/2022,,,
,,,
"Table 9. Percent of stalking victims who sought and received victim services, by type of service received, 2019",,,
Type of victim service,,Percent of stalking victims,
"Victim services were received/a,b",,73.7,%
,Counseling/therapy,61.7,
,Legal/court services,34.5,
,Shelter/safehouse service or safety planning,26.4,
,Assistance getting a restraining/protection/no-contact order,23.7,
,Other type of service,21.6,
,Risk/threat assessment,18.5,
,Crisis hotline counseling,13.7,
,Medical advocacy,7.8,
,Short-term/emergency financial assistance,7,
,Federal/state victim compensation,3.1, !
Victim services were not received/a,,23.3,%
Number of victims who sought victim services,,"544,500",
"Note: Details may not sum to totals due to missing data and because victims could receive more than one service. For 3% of stalking victims who sought victim services, it was unknown whether they received any services. See appendix table 13 for standard errors.",,,
"! Interpret data with caution. Estimate is based on 10 or fewer sample cases, or coefficient of variation is greater than 50%.",,,
a/Percentage denominator is the total number of victims who sought victim services.,,,
"b/For all victim service types listed, percentage denominator is the total number of victims who received victim services.",,,
"Source: Bureau of Justice Statistics, National Crime Victimization Survey, Supplemental Victimization Survey, 2019.",,,
