Bureau of Justice Statistics,,,,,,,,,,
Filename: sv19tat08.csv,,,,,,,,,,
"Appendix table 8. Standard errors for table 5: Percent of stalking victims, by type of stalking and victim-offender relationship, 2019",,,,,,,,,,
"Report title: Stalking Victimization, 2019   NCJ 301735",,,,,,,,,,
"Data source: Bureau of Justice Statistics, National Crime Victimization Survey, Supplemental Victimization Survey, 2019",,,,,,,,,,
"Authors: Rachel E. Morgan, Ph.D., and Jennifer L. Truman, Ph.D., BJS Statisticians ",,,,,,,,,,
Refer questions to: askbjs@usdoj.gov 202-307-0765,,,,,,,,,,
Date of version: 2/10/2022,,,,,,,,,,
,,,,,,,,,,
"Appendix table 8. Standard errors for table 5: Percent of stalking victims, by type of stalking and victim-offender relationship, 2019",,,,,,,,,,
Type of victim-offender relationship,,,Total stalking,,Traditional stalking only,,Stalking with technology only,,Both traditional stalking and stalking with technology,
Known,,,1.64,%,3.86,%,3.03,%,1.99,%
,Intimate partner,,1.51,,2.45,,2.31,,2.42,
,,Current partner,0.81,,1.28,,1.39,,1.3,
,,Ex-partner,1.37,,2.15,,1.97,,2.28,
,Other relative,,0.74,,1.87,,1.27,,1.03,
,Well-known/casual acquaintance,,1.69,,3.78,,2.84,,2.49,
,,Friend/ex-friend,0.9,,1.93,,1.76,,1.2,
,,Acquaintance/in-law or relative of spouse or ex-spouse/friend of one of the offenders/other ,1.16,,2.29,,1.9,,1.8,
,,Roommate/housemate/boarder/neighbor,0.97,,2.72,,1.22,,1.43,
,,Professional acquaintance,1.01,,2.09,,1.6,,1.6,
Stranger,,,1.34,%,3.56,%,2.4,%,1.65,%
Unknown,,,1.2,%,2.6,%,2.66,%,1.19,%
,Number of victims,,"120,536",,"53,321",,"68,510",,"82,598",
"Source: Bureau of Justice Statistics, National Crime Victimization Survey, Supplemental Victimization Survey, 2019.",,,,,,,,,,
