Bureau of Justice Statistics,,,,,,
Filename: sv19t01.csv,,,,,,
"Table 1. Persons age 16 or older who were victims of stalking, by type of stalking behavior, 2019",,,,,,
"Report title: Stalking Victimization, 2019   NCJ 301735",,,,,,
"Data source: Bureau of Justice Statistics, National Crime Victimization Survey, Supplemental Victimization Survey, 2019",,,,,,
"Authors: Rachel E. Morgan, Ph.D., and Jennifer L. Truman, Ph.D., BJS Statisticians ",,,,,,
Refer questions to: askbjs@usdoj.gov 202-307-0765,,,,,,
Date of version: 2/10/2022,,,,,,
,,,,,,
"Table 1. Persons age 16 or older who were victims of stalking, by type of stalking behavior, 2019",,,,,,
Type of stalking behavior,,Number of stalking victims/a,Percent of stalking victims,,Percent of all persons/b,
,Total,"3,419,710",100,%,1.3,%
Any traditional stalking,,"2,300,830",67.3,%,0.9,%
,Followed or watched ,"1,344,250",58.4,,0.5,
,Showed up at/rode by/drove by places,"1,122,720",48.8,,0.4,
,Harassed/repeatedly asked friends/family for information,"955,470",41.5,,0.4,
,Waited at home/work/school/any other place,"718,100",31.2,,0.3,
,Left/sent unwanted items,"507,800",22.1,,0.2,
,Sneaked into home/car/any other place,"391,880",17,,0.2,
Any stalking with technology,,"2,738,470",80.1,%,1.1,%
,Made unwanted phone calls/left voice messages/sent text messages,"1,802,160",65.8,,0.7,
,Sent unwanted emails/messages using the Internet or social media,"1,493,980",54.6,,0.6,
,Monitored activities using social media,"873,850",31.9,,0.3,
,Posted/threatened to post inappropriate/unwanted/personal information/c,"802,040",29.3,,0.3,
,Spied on or monitored activities using technology,"610,180",22.3,,0.2,
,Tracked whereabouts with an electronic device/application ,"394,000",14.4,,0.2,
"Note: Details may not sum to totals because victims could experience more than one type of stalking behavior. The total population age 16 or older was 260,731,490 in 2019. See appendix table 3 for standard errors. See Methodology for question wording for the types of stalking behaviors. ",,,,,,
a/Number of persons age 16 or older who experienced stalking victimization in the past year.,,,,,,
b/Percentage of persons age 16 or older who experienced stalking victimization in the past year. ,,,,,,
"c/Includes posting private photographs, videos, or rumors.",,,,,,
"Source: Bureau of Justice Statistics, National Crime Victimization Survey, Supplemental Victimization Survey, 2019.",,,,,,
