Bureau of Justice Statistics,,,,
Filename: sv19tat14.csv,,,,
"Appendix table 14. Standard errors for table 10: Number and percent of stalking victims, by component of stalking definition, 2019",,,,
"Report title: Stalking Victimization, 2019   NCJ 301735",,,,
"Data source: Bureau of Justice Statistics, National Crime Victimization Survey, Supplemental Victimization Survey, 2019",,,,
"Authors: Rachel E. Morgan, Ph.D., and Jennifer L. Truman, Ph.D., BJS Statisticians ",,,,
Refer questions to: askbjs@usdoj.gov 202-307-0765,,,,
Date of version: 2/10/2022,,,,
,,,,
"Appendix table 14. Standard errors for table 10: Number and percent of stalking victims, by component of stalking definition, 2019",,,,
Component of stalking definition,,Number of stalking victims,Percent of stalking victims,
,Total,"120,536",~,
Actual fear,,"94,902",1.7,%
Emotional distress,,"100,217",1.61,%
Reasonable fear,,"80,878",1.74,%
,Damage/attempted damage or destruction of property,"50,469",1.33,
,Threatened/attempted/completed attack on victim,"35,817",1,
,Threatened/attempted/completed attack on pet or someone close to victim,"20,622",0.59,
,Two or more reasonable fear components,"46,970",1.26,
~Not applicable.,,,,
"Source: Bureau of Justice Statistics, National Crime Victimization Survey, Supplemental Victimization Survey, 2019.",,,,
