Bureau of Justice Statistics,,,
filename: cnh0401.csv,,,
"Table 1. Households, experiencing crime, by type of crime, 2004",,,
"report title: Crime and the Nation's Households, 2004, NCJ 211511",,,
data source: National Crime Victimization Survey,,,
"author:  Patsy Klaus, BJS Statistician",,,
refer questions to:  askbjs@usdoj.gov (202) 307-0765,,,
date of version:  04/18/06,,,

"Table 1.  Households experiencing crime, by type of crime, 2004",,,
,     Households,,
Type of victimization,Number,Percent,
Any NCVS crime,"16,365,700",14.1,%
Personal crime,"3,534,890",3.1,
Violent crime*,"3,383,160",2.9,
Rape,"79,250",0.1,
Sexual assault,"75,960",0.1,
Robbery,"377,060",0.3,
Assault,"2,943,930",2.5,
Aggravated,"756,230",0.7,
Simple,"2,328,530",2,
Purse snatching/pocket picking,"179,010",0.2,%
Property crime,"14,032,570",12.1,%
Household burglary,"2,899,610",2.5,
Motor vehicle theft,"929,520",0.8,
Theft,"11,169,800",9.6,

"Note:  Detail does not add to total or crime subtotals because of overlap in households experiencing various crimes.  There were a total of 115,775,572 households in 2004.  If vandalism is included among the victimizations, a total of 20,259,649 households (17.5%) experienced at least one crime in 2004.",,,
*Violent crime does not include homicide.,,,
