Bureau of Justice Statistics,,,,
filename:  cnh04tt2.csv,,,,
"Text table 2.  Hispanic and Non-Hispanic, percent of households",,,,
"report title: Crime and the Nation's Households, 2004, NCJ 211511",,,,
data source: National Crime Victimization Survey,,,,
"author:  Patsy Klaus, BJS Statistician",,,,
refer questions to:  askbjs@usdoj.gov (202) 307-0765,,,,
date of version:  04/18/06,,,,

"Text Table 2.  Hispanic and Non-Hispanic, percent of households",,,,
,Percent of households,,,
,Hispanic head,,Non-Hispanic head,
Crime,,,,
Any NCVS,17.5,%,13.8,%
Violent ,2.7,,3,
Property ,15.5,,11.7,
Violence by strangers or burglary,4.4,%,3.6,%
Intimate partner violence,0.4,%,0.4,%
