Bureau of Justice Statistics,,,,
filename: cnh04tt1.csv,,,,
"Text table 1.  Violent and property crime, 2003-2004",,,,
"report title: Crime and the Nation's Households, 2004, NCJ 211511",,,,
data source: National Crime Victimization Survey,,,,
"author:  Patsy Klaus, BJS Statistician",,,,
refer questions to:  askbjs@usdoj.gov (202) 307-0765,,,,
date of version:  04/18/06,,,,

"Text Table 1.  Violent and property crime, 2003-2004",,,,
,Percent of households,,,
Crime,2003,,2004,
Any NCVS,14.7,%,14.1,%
Violent,3,,2.9,
Property,12.7,,12.1,
