Bureau of Justice Statistics,,,,,,,,,,,
filename: cnh04f01.csv,,,,,,,,,,,
"Figure 1.  Violence by strangers or burglary, 1994-2004",,,,,,,,,,,
"report title: Crime and the Nation's Households, 2004, NCJ 211511",,,,,,,,,,,
data source: National Crime Victimization Survey,,,,,,,,,,,
"author:  Patsy Klaus, BJS Statistician",,,,,,,,,,,
refer questions to:  askbjs@usdoj.gov (202) 307-0765,,,,,,,,,,,
date of version:  04/18/06,,,,,,,,,,,

"Figure 1. Violence by strangers or burglary, 1994-2004",,,,,,,,,,,
Percent of households,,,,,,,,,,,
,1994,1995,1996,1997,1998,1999,2000,2001,2002,2003,2004
Violence by strangers or burglary,7.9,7.2,6.7,6.2,5.4,4.9,4.5,4,3.9,3.9,3.7
