"Bureau of Justice Statistics",,,,,,,,,,,,
"filename:  cp0208.csv",,,,,,,,,,,,
"Table #: 8  Criminal history profile of prisoners under sentence of death,  by race and Hispanic origin, 2002 ",,,,,,,,,,,,
"report title: Capital Punishment, 2002   NCJ 201848",,,,,,,,,,,,
"data source: National Prisoner Statistics (NPS-8)",,,,,,,,,,,,
"author:  Thomas P. Bonczar and Tracy L. Snell",,,,,,,,,,,,
"refer questions to: askbjs@ojp.usdoj.gov (202) 307-0765",,,,,,,,,,,,
"date of version: 10/26/03",,,,,,,,,,,,
,,,,,,,,,,,,
"Table 8.  Criminal history profile of prisoners under sentence of death,  by race and Hispanic origin, 2002 ",,,,,,,,,,,,
,"Number of prisoners under sentence of death",,,,"Percent of prisoners under sentence of death/a",,,,,,,
,"All/b","White/c","Black/c","Hispanic","All/b",,"White/c",,"Black/c",,"Hispanic",
"     U.S. total",3557,1597,1539,364,100.0,"%",100.0,"%",100.0,"%",100.0,"%"
"Prior felony convictions",,,,,,,,,,,,
"Yes",2119,914,976,199,64.3,"%",61.5,"%",69.0,"%",58.5,"%"
"No ",1177,572,439,141,35.7,,38.5,,31.0,,41.5,
"Not reported",261,,,,,,,,,,,
"Prior homicide convictions",,,,,,,,,,,,
"Yes",280,129,122,24,8.0,"%",8.2,"%",8.1,"%",6.7,"%"
"No ",3203,1438,1379,335,92.0,,91.8,,91.9,,93.3,
"Not reported",74,,,,,,,,,,,
"Legal status at time of capital offense",,,,,,,,,,,,
"Charges pending",241,121,104,16,7.5,"%",8.3,"%",7.5,"%",4.8,"%"
"Probation",336,134,157,39,10.5,,9.2,,11.4,,11.8,
"Parole",556,217,255,76,17.3,,14.9,,18.5,,23.0,
"Prison escapee",38,21,11,5,1.2,,1.4,,0.8,,1.5,
"Incarcerated",103,52,41,8,3.2,,3.6,,3.0,,2.4,
"Other status",17,7,8,1,0.5,,0.5,,0.6,,0.3,
"None",1924,900,803,185,59.8,,62.0,,58.2,,56.1,
"Not reported",342,,,,,,,,,,,
"a/Percentages are based on those offenders for whom data were reported.  Detail may not add to total because of rounding. ",,,,,,,,,,,,
"b/Includes American Indians, Asians, and persons of unknown race.",,,,,,,,,,,,
"c/White and black categories exclude Hispanics.",,,,,,,,,,,,
