"Bureau of Justice Statistics",,,,,
"filename:  cp02t06.csv",,,,,
"Text table #: 6 Number of executions by race/ethnicity and method, 1977-2002",,,,,
"report title: Capital Punishment, 2002   NCJ 201848",,,,,
"data source: National Prisoner Statistics (NPS-8)",,,,,
"author:  Thomas P. Bonczar and Tracy L. Snell",,,,,
"refer questions to: askbjs@ojp.usdoj.gov (202) 307-0765",,,,,
"date of version: 10/26/03",,,,,
,,,,,
"Text table 6. Number of executions by race/ethnicity and method, 1977-2002",,,,,
,"Executions, 1977-2002",,,,
"Method of execution","White","Black","Hispanic","American Indian","Asian"
"Total",469,281,58,7,5
"Lethal injection",378,209,56,6,5
"Electrocution",78,69,2,1,0
"Lethal gas",8,3,0,0,0
"Hanging",3,0,0,0,0
"Firing squad",2,0,0,0,0
