"Bureau of Justice Statistics",,,,,,,
"filename:  cp02at04.csv",,,,,,,
"Appendix table #: 4  Number sentenced to death and number of removals, by jurisdiction and reason for removal, 1973-2002",,,,,,,
"report title: Capital Punishment, 2002   NCJ 201848",,,,,,,
"data source: National Prisoner Statistics (NPS-8)",,,,,,,
"author:  Thomas P. Bonczar and Tracy L. Snell",,,,,,,
"refer questions to: askbjs@ojp.usdoj.gov (202) 307-0765",,,,,,,
"date of version: 10/26/03",,,,,,,
,,,,,,,
"Appendix table 4.  Number sentenced to death and number of removals, by jurisdiction and reason for removal, 1973-2002",,,,,,,
,,"Number of removals, 1973-2002",,,,,
"State","Total sentenced to death, 1973-2002","Executed","Died","Sentence or conviction overturned","Sentence commuted","Other removals","Under sentence of death, 12/31/02"
"U.S. total",7254,820,268,2403,176,30,3557
"     Federal",32,2,0,5,1,0,24
"Alabama",342,25,17,107,2,0,191
"Arizona",239,22,11,79,6,1,120
"Arkansas",99,24,2,31,2,0,40
"California",795,10,37,119,15,0,614
"Colorado",19,1,2,10,1,0,5
"Connecticut",8,0,0,1,0,0,7
"Delaware",48,13,0,21,0,0,14
"Florida",872,54,35,397,18,2,366
"Georgia",299,31,9,139,7,1,112
"Idaho",40,1,1,15,3,0,20
"Illinois",294,12,14,98,3,8,159
"Indiana",97,9,2,46,2,2,36
"Kansas",6,0,0,1,0,0,5
"Kentucky",75,2,3,33,1,0,36
"Louisiana",214,27,4,90,6,1,86
"Maryland",52,3,2,28,4,0,15
"Massachusetts",4,0,0,2,2,0,0
"Mississippi",173,6,3,95,0,3,66
"Missouri",167,59,9,31,2,0,66
"Montana",15,2,0,6,1,0,6
"Nebraska",27,3,3,12,2,0,7
"Nevada",135,9,11,28,4,0,83
"New Jersey",51,0,3,26,0,8,14
"New Mexico",28,1,1,19,5,0,2
"New York",9,0,0,4,0,0,5
"North Carolina",504,23,13,254,8,0,206
"Ohio",367,5,11,136,10,0,205
"Oklahoma",313,55,10,135,1,0,112
"Oregon",51,2,1,22,0,0,26
"Pennsylvania",352,3,15,88,5,0,241
"Rhode Island",2,0,0,2,0,0,0
"South Carolina",179,28,4,72,3,0,72
"South Dakota",5,0,0,0,0,0,5
"Tennessee",204,1,10,93,3,2,95
"Texas",925,289,28,108,49,1,450
"Utah",26,6,0,8,1,0,11
"Virginia",137,87,5,12,9,1,23
"Washington",38,4,1,23,0,0,10
"Wyoming",11,1,1,7,0,0,2
"    Percent",100,11.3,3.7,33.1,2.4,0.4,49
"Note:  For those persons sentenced to death more than once, the numbers are based on the most recent death sentence.",,,,,,,
