"Bureau of Justice Statistics",,,,,,,,,,,,,,
"filename:  cp02at03.csv",,,,,,,,,,,,,,
"Appendix table #: 3  Prisoners under sentence of death on December 31, 2002, by State and year of sentencing",,,,,,,,,,,,,,
"report title: Capital Punishment, 2002   NCJ 201848",,,,,,,,,,,,,,
"data source: National Prisoner Statistics (NPS-8)",,,,,,,,,,,,,,
"author:  Thomas P. Bonczar and Tracy L. Snell",,,,,,,,,,,,,,
"refer questions to: askbjs@ojp.usdoj.gov (202) 307-0765",,,,,,,,,,,,,,
"date of version: 10/26/03",,,,,,,,,,,,,,
,,,,,,,,,,,,,,
"Appendix table 3.  Prisoners under sentence of death on December 31, 2002, by State and year of sentencing",,,,,,,,,,,,,,
,"Year of sentence for prisoners sentenced to and remaining on death row, 12/31/2002",,,,,,,,,,,,,
"State","1974-82","1983-84","1985-86","1987-88","1989-90","1991-92"," 1993-94","1995-96","1997-98","1999-00","2001","2002","Under sentence of death 12/31/02","Average number of years under sentence of death as of 12/31/02"
"California",48,37,37,51,63,63,55,76,70,74,26,14,614,10.2
"Florida",35,23,23,33,30,51,45,28,30,43,15,10,366,10.9
"Texas",15,7,13,24,20,42,57,60,68,81,26,37,450,7.4
"Illinois",15,11,14,12,19,15,18,19,11,17,2,6,159,11.0
"Tennessee",10,6,13,11,6,8,4,8,11,10,4,4,95,11.3
"Georgia",9,3,7,8,11,11,12,13,21,13,1,3,112,10.0
"Alabama",9,5,8,15,18,11,23,24,35,25,7,11,191,8.5
"Pennsylvania",6,13,22,27,21,23,37,25,26,27,5,9,241,9.9
"Nevada",6,8,5,8,9,4,7,18,7,9,1,1,83,10.7
"Arizona",6,5,7,14,12,15,17,9,16,11,7,1,120,10.0
"Mississippi",4,,1,1,4,6,10,10,13,9,3,5,66,7.4
"North Carolina",3,1,4,,4,15,46,46,35,32,13,7,206,6.8
"Kentucky",3,5,4,2,,4,4,1,5,5,2,1,36,10.7
"Indiana",2,2,3,7,1,3,3,5,3,3,,4,36,10.2
"Idaho",2,1,1,2,3,2,2,2,1,1,2,1,20,10.5
"Louisiana",2,1,3,5,1,3,5,17,21,19,2,7,86,6.5
"Missouri",1,2,3,3,1,7,9,13,12,9,4,2,66,7.7
"Arkansas",1,,,,2,3,9,8,8,7,2,,40,7.2
"Ohio",,20,28,17,17,22,18,32,25,13,6,7,205,10.3
"Oklahoma",,3,6,8,9,5,11,22,24,14,3,7,112,7.7
"South Carolina",,3,1,,4,7,11,16,10,7,8,5,72,7.0
"Maryland",,3,,1,1,2,,4,1,2,,1,15,9.6
"Utah",,1,2,1,1,1,1,2,1,1,,,11,11.3
"Nebraska",,1,1,,,,,2,,2,1,,7,"*"
"Montana",,1,,1,,2,,2,,,,,6,"*"
"New Jersey",,,1,,2,,3,5,1,,1,1,14,7.8
"Colorado",,,,,,,,2,,3,,,5,"*"
"Connecticut",,,,,1,2,,1,,3,,,7,"*"
"Oregon",,,,,,5,3,5,6,5,2,,26,6.2
"Delaware",,,,,,2,3,,2,1,4,2,14,5.1
"Washington",,,,,,1,2,1,2,,3,1,10,5.1
"Federal system",,,,,,,3,3,6,5,2,5,24,4.1
"Virginia",,,,,,,,,8,9,3,3,23,3.0
"South Dakota",,,,,,,1,,1,1,2,,5,"*"
"New Mexico",,,,,,,,1,,,,1,2,"*"
"Kansas",,,,,,,,,1,2,,2,5,"*"
"Wyoming",,,,,,,,,2,,,,2,"*"
"New York",,,,,,,,,,5,,,5,"*"
"       Total",177,162,207,251,260,335,419,480,483,468,157,158,3557,9.1
"Note: For those persons sentenced to death more than once, the numbers are based on the most recent death sentence.",,,,,,,,,,,,,,
"*Averages not calculated for fewer than 10 inmates.",,,,,,,,,,,,,,
