"Bureau of Justice Statistics",,,,,,,,,
"filename:  cp02at02.csv",,,,,,,,,
"Appendix table #: 2  Prisoners sentenced to death and the outcome sentence, by year of sentencing, 1973-2002",,,,,,,,,
"report title: Capital Punishment, 2002   NCJ 201848",,,,,,,,,
"data source: National Prisoner Statistics (NPS-8)",,,,,,,,,
"author:  Thomas P. Bonczar and Tracy L. Snell",,,,,,,,,
"refer questions to: askbjs@ojp.usdoj.gov (202) 307-0765",,,,,,,,,
"date of version: 10/26/03",,,,,,,,,
,,,,,,,,,
"Appendix table 2.  Prisoners sentenced to death and the outcome sentence, by year of sentencing, 1973-2002",,,,,,,,,
,,"Number of prisoners removed from under sentence of death",,,,,,,
,,,,"Appeal or higher courts overturned",,,,,
"Year  of sentence","Number sentenced to death","Execution","Other death","Death penalty statute","Conviction","Sentence","Sentence commuted","Other or unknown reasons","Under sentence of death 12/31/2002"
1973,42,2,0,14,9,8,9,0,0
1974,149,10,4,65,15,30,22,1,2
1975,298,6,4,171,24,67,21,2,3
1976,233,14,5,136,17,43,15,0,3
1977,137,19,3,40,26,32,7,0,10
1978,185,36,6,21,36,65,8,0,13
1979,151,28,13,2,28,59,5,1,15
1980,173,45,13,3,30,50,7,0,25
1981,224,54,13,0,42,74,6,1,34
1982,265,58,17,0,38,71,8,1,72
1983,252,60,17,1,27,62,8,2,75
1984,285,58,14,2,44,65,7,8,87
1985,266,39,7,1,42,72,5,3,97
1986,300,59,20,0,45,54,7,5,110
1987,289,44,19,5,39,61,2,6,113
1988,290,45,12,1,32,58,4,0,138
1989,259,35,10,0,31,50,6,0,127
1990,252,33,9,0,35,40,2,0,133
1991,267,29,10,0,32,34,5,0,157
1992,287,29,10,0,24,39,7,0,178
1993,289,30,13,0,17,25,6,0,198
1994,315,28,10,0,23,30,3,0,221
1995,318,26,12,0,15,26,1,0,238
1996,320,15,8,0,20,33,2,0,242
1997,276,5,4,0,20,18,1,0,228
1998,300,8,6,1,14,15,1,0,255
1999,279,2,5,0,13,7,1,0,251
2000,231,3,2,0,3,6,0,0,217
2001,163,0,1,0,3,2,0,0,157
2002,159,0,1,0,0,0,0,0,158
"Total, 1973-2002",7254,820,268,463,744,1196,176,30,3557
"Note: For those persons sentenced to death more than once, the numbers are based on the most recent death sentence.",,,,,,,,,
