"Bureau of Justice Statistics",,
"filename:  cp02bt01.csv",,
"Box table #: 1 Advance count of executions and method used by jurisdiction, January 1, 2001-December 11, 2003.",,
"report title: Capital Punishment, 2002   NCJ 201848",,
"data source: National Prisoner Statistics (NPS-8)",,
"author:  Thomas P. Bonczar and Tracy L. Snell",,
"refer questions to: askbjs@ojp.usdoj.gov (202) 307-0765",,
"date of version: 10/26/03",,
,,
"Box table 1. Advance count of executions and method used by jurisdiction, January 1, 2002-September 25, 2003",,
"Jurisdiction","Number of executions","Method used"
"Texas",21,"Lethal injection"
"Oklahoma",14,"Lethal injection"
"Ohio",3,"Lethal injection"
"Alabama",3,"Lethal injection"
"Florida",3,"Lethal injection"
"Indiana",2,"Lethal injection"
"Georgia",2,"Lethal injection"
"Virginia",2,"Lethal injection*"
"North Carolina",2,"Lethal injection"
"Federal",1,"Lethal injection"
"Missouri",1,"Lethal injection"
"Arkansas",1,"Lethal injection"
"   Total",55,
,,
"*Virginia executed 1 prisoner by electrocution.",,
