"Bureau of Justice Statistics",,,,,,,,,,,,,,,
"filename:  cp0204.csv",,,,,,,,,,,,,,,
"Table #: 4  Prisoners under sentence of death, by region, State, and race, 2001 and 2002",,,,,,,,,,,,,,,
"report title: Capital Punishment, 2002   NCJ 201848",,,,,,,,,,,,,,,
"data source: National Prisoner Statistics (NPS-8)",,,,,,,,,,,,,,,
"author:  Thomas P. Bonczar and Tracy L. Snell",,,,,,,,,,,,,,,
"refer questions to: askbjs@ojp.usdoj.gov (202) 307-0765",,,,,,,,,,,,,,,
"date of version: 10/26/03",,,,,,,,,,,,,,,
,,,,,,,,,,,,,,,
"Table 4.  Prisoners under sentence of death, by region, State, and race, 2001 and 2002",,,,,,,,,,,,,,,
,"Prisoners under sentence of death, 12/31/01",,,"Received under sentence of death  ",,,"Removed from death row (excluding executions)/a  ",,,"Executed   ",,,"Prisoners under sentence of death, 12/31/02",,
"Region and State","Total/b","White/c","Black/c","Total/b","White/c","Black/c","Total/b","White/c","Black/c","Total/b","White/c","Black/c","Total/b","White/c","Black/c"
"U.S. total",3577,1968,1538,159,83,73,108,67,39,71,53,18,3557,1931,1554
"Federal/d",19,3,16,5,3,2,0,0,0,0,0,0,24,6,18
"State",3558,1965,1522,154,80,71,108,67,39,71,53,18,3533,1925,1536
"Northeast",270,98,161,10,5,5,13,7,6,0,0,0,267,96,160
"Connecticut",7,4,3,0,0,0,0,0,0,0,0,0,7,4,3
"New Hampshire",0,0,0,0,0,0,0,0,0,0,0,0,0,0,0
"New Jersey",16,9,7,1,1,0,3,2,1,0,0,0,14,8,6
"New York",6,4,2,0,0,0,1,0,1,0,0,0,5,4,1
"Pennsylvania",241,81,149,9,4,5,9,5,4,0,0,0,241,80,150
"Midwest",485,238,244,21,6,15,14,10,4,9,7,2,483,227,253
"Illinois",159,59,100,6,2,4,6,4,2,0,0,0,159,57,102
"Indiana",34,23,11,4,3,1,2,1,1,0,0,0,36,25,11
"Kansas",4,4,0,2,0,2,1,1,0,0,0,0,5,3,2
"Missouri",72,41,31,2,0,2,2,2,0,6,5,1,66,34,32
"Nebraska",7,6,1,0,0,0,0,0,0,0,0,0,7,6,1
"Ohio",204,100,101,7,1,6,3,2,1,3,2,1,205,97,105
"South Dakota",5,5,0,0,0,0,0,0,0,0,0,0,5,5,0
"South",1905,1040,841,104,55,47,64,36,26,61,45,16,1884,1014,846
"Alabama",186,100,85,11,5,6,4,3,1,2,2,0,191,100,90
"Arkansas",40,16,24,0,0,0,0,0,0,0,0,0,40,16,24
"Delaware",14,9,5,2,2,0,2,1,1,0,0,0,14,10,4
"Florida",373,236,136,10,7,3,14,8,5,3,2,1,366,233,133
"Georgia",116,62,53,3,0,3,3,1,2,4,4,0,112,57,54
"Kentucky",36,28,8,1,1,0,1,1,0,0,0,0,36,28,8
"Louisiana",85,29,55,7,0,7,5,2,3,1,1,0,86,26,59
"Maryland",15,5,10,2,1,1,2,1,1,0,0,0,15,5,10
"Mississippi",64,29,35,5,2,2,1,0,1,2,2,0,66,29,36
"North Carolina",215,85,121,7,2,5,14,6,7,2,1,1,206,80,118
"Oklahoma",114,69,40,7,3,3,2,2,0,7,6,1,112,64,42
"South Carolina",73,37,36,5,4,1,3,2,1,3,2,1,72,37,35
"Tennessee",95,58,36,4,2,2,4,4,0,0,0,0,95,56,38
"Texas",453,260,188,37,25,12,7,3,4,33,22,11,450,260,185
"Virginia",26,17,9,3,1,2,2,2,0,4,3,1,23,13,10
"West",898,589,276,19,14,4,17,14,3,1,1,0,899,588,277
"Arizona",124,106,13,1,1,0,5,4,1,0,0,0,120,103,12
"California/e",605,364,218,14,9,4,4,3,1,1,1,0,614,369,221
"Colorado",6,3,2,0,0,0,1,1,0,0,0,0,5,2,2
"Idaho",20,20,0,1,1,0,1,1,0,0,0,0,20,20,0
"Montana",6,5,0,0,0,0,0,0,0,0,0,0,6,5,0
"Nevada",86,50,35,1,1,0,4,3,1,0,0,0,83,48,34
"New Mexico",3,3,0,1,1,0,2,2,0,0,0,0,2,2,0
"Oregon",26,24,1,0,0,0,0,0,0,0,0,0,26,24,1
"Utah",11,8,2,0,0,0,0,0,0,0,0,0,11,8,2
"Washington",9,4,5,1,1,0,0,0,0,0,0,0,10,5,5
"Wyoming",2,2,0,0,0,0,0,0,0,0,0,0,2,2,0
"Note:  Some figures shown for yearend 2001 are revised from those reported in Capital Punishment 2001, NCJ 197020.",,,,,,,,,,,,,,,
"The revised figures include 12 inmates who were either reported late to the National Prisoner Statistics program or were not in custody of State or Federal correctional authorities on 12/31/01 (3 each in Illinois and Mississippi; ",,,,,,,,,,,,,,,
"2 in California; and 1 each in Ohio, Florida, Okalhoma, and Tennessee) and  exclude 17 inmates who relieved of a death sentence by 12/31/01 (3 in Louisiana; 2 each in Illinois, Indiana,Tennessee, and Arizona; ",,,,,,,,,,,,,,,
"and 1 each in Missouri, Maryland, Mississippi, North Carolina, California, and Idaho).  Data for 12/31/01 also include 1 inmate in California who was erroneously reported as being removed from under sentence of death.",,,,,,,,,,,,,,,
"\aIncludes 21 deaths from natural causes (3 each in Illinois and Texas; 2 each in Florida, Nevada, and North Carolina; and 1 each in Arizona, California, Colorado, Kentucky, Louisiana, Maryland, Ohio, Oklahoma, and Pennsylvania); 3 deaths ",,,,,,,,,,,,,,,
"from suicide (1 each in Alabama, Illinois, and Pennsylvania); and 1 inmate murdered by another inmate (in Indiana).",,,,,,,,,,,,,,,
"\bTotals include persons of races other than white and black.",,,,,,,,,,,,,,,
"\cThe reporting of race and Hispanic origin differs from that presented in tables 8 and 10.  In this table white and black inmates include Hispanics.",,,,,,,,,,,,,,,
"\dExcludes persons held under Armed Forces jurisdiction with a military death sentence for murder.",,,,,,,,,,,,,,,
"\eRace has been changed from American Indian to white for 1 inmate.",,,,,,,,,,,,,,,
