"Bureau of Justice Statistics",,,
"filename:  cp02t01.csv",,,
"Text table #: 1 Women under sentence of death by race and state, 12/31/02",,,
"report title: Capital Punishment, 2002   NCJ 201848",,,
"data source: National Prisoner Statistics (NPS-8)",,,
"author:  Thomas P. Bonczar and Tracy L. Snell",,,
"refer questions to: askbjs@ojp.usdoj.gov (202) 307-0765",,,
"date of version: 10/26/03",,,
,,,
"Text table 1. Women under sentence of death by race and state, 12/31/02",,,
,"Women under sentence of death, 12/31/02",,
"State","All races*","White","Black"
"Total",51,30,18
"California",14,10,2
"Texas",8,4,4
"North Carolina",6,4,1
"Pennsylvania",5,2,3
"Illinois",4,1,3
"Alabama",3,1,2
"Tennessee",2,2,0
"Florida",1,1,0
"Georgia",1,1,0
"Kentucky",1,1,0
"Mississippi",1,1,0
"Arizona",1,1,0
"Idaho",1,1,0
"Indiana",1,0,1
"Louisiana",1,0,1
"Nevada",1,0,1
"*Includes races other than white and black.",,,
