"Bureau of Justice Statistics",
"filename:  cp02ht01.csv",
"Highlights table #: 1 Executions during 2002, persons under sentence of death 12/31/02 and jurisdictions with the death penalty",
"report title: Capital Punishment, 2002   NCJ 201848",
"data source: National Prisoner Statistics (NPS-8)",
"author:  Thomas P. Bonczar and Tracy L. Snell",
"refer questions to: askbjs@ojp.usdoj.gov (202) 307-0765",
"date of version: 10/26/03",
,
"Highlights table 1. Executions during 2002, persons under sentence of death 12/31/02 and jurisdictions with the death penalty",
"Executions during 2002*",
"Texas",33
"Oklahoma",7
"Missouri",6
"Georgia",4
"Virginia",4
"Ohio",3
"Florida",3
"South Carolina",3
"Alabama",2
"Mississippi",2
"North Carolina",2
"Louisiana",1
"California",1
"Total           ",71
,
,
"Number of prisoners  under sentence of death",
"California",614
"Texas",450
"Florida",366
"Pennsylvania",241
"North Carolina",206
"Ohio",205
"Alabama",191
"Illinois",159
"Arizona",120
"Georgia",112
"Oklahoma",112
"Tennessee",95
"Louisiana",86
,
"25 other jurisdictions",600
"Total",3557
,
"Jurisdictions without a death penalty",
"Alaska",
"District of Columbia",
"Hawaii",
"Iowa",
"Maine",
"Massachusetts",
"Michigan",
"Minnesota",
"North Dakota",
"Rhode Island",
"Vermont",
"West Virginia",
"Wisconsin",
