"Bureau of Justice Statistics",,,,,,,,,,,
"filename: ctv9604.csv",,,,,,,,,,,
"table 4. Pairings of primary litigants in selected types of contract cases in State",,,,,,,,,,,
"courts in the Nation's 75 largest counties, 1996",,,,,,,,,,,
"report title: Contract Trials and Verdicts in Large Counties, 1996, NCJ 179451",,,,,,,,,,,
"authors:  Lea S. Gifford, Carol J. DeFrances, Marika F. X. Litras",,,,,,,,,,,
"refer questions to: askbjs@ojp.usdoj.gov (202) 307-0765",,,,,,,,,,,
"date of version: 3/1/00",,,,,,,,,,,
,,,,,,,,,,,
"Table 4.  Pairings of primary litigants in selected types of contract cases in State",,,,,,,,,,,
"courts in the Nation's 75 largest counties, 1996",,,,,,,,,,,
,,,,,,,,,,,
,"All contract cases",,,"Fraud",,,"Seller plaintiff",,,"Buyer plaintiff",
,,,,,,,,,,,
"Plaintiff versus ","Number",,,"Number",,,"Number",,,"Number",
"primary defendant","of cases","Percent",,"of cases","Percent",,"of cases","Percent",,"of cases","Percent"
,,,,,,,,,,,
"All contract cases",4850,100.0,,668,100.0,,1637,100.0,,832,100.0
,,,,,,,,,,,
"Individual versus:",,,,,,,,,,,
"Individual",858,17.7,,155,23.2,,290,17.8,,120,14.4
"Government",134,2.8,,8,1.1,,9,0.6,,5,0.6
"Business*",1623,33.5,,293,43.9,,221,13.5,,479,57.6
"Hospital",45,0.9,,"--","--",,6,0.4,,3,0.3
,,,,,,,,,,,
"Nonindividual versus:",,,,,,,,,,,
"Individual",616,12.7,,49,7.4,,390,23.9,,8,1.0
"Government",46,0.9,,"--","--",,6,0.4,,5,0.6
"Business*",1245,25.7,,106,15.9,,629,38.5,,173,20.8
"Hospital",16,0.3,,"--","--",,7,0.4,,"--","--"
,,,,,,,,,,,
"Other litigant pairings",258,5.3,,56,8.4,,74,4.5,,40,4.8
,,,,,,,,,,,
"Note:  Plaintiff or defendant type is whichever appears first: (1) hospital/medical company, ",,,,,,,,,,,
"(2) business, (3) government agency, (4) individual.  For example, any case involving a  ",,,,,,,,,,,
"hospital defendant is categorized as a hospital even if there were also business, individual,",,,,,,,,,,,
"or government defendants in the case. ",,,,,,,,,,,
"Data for litigant pairings were available for 100% of all contract trial cases. ",,,,,,,,,,,
"Detail may not sum to 100% because of rounding. ",,,,,,,,,,,
"-- No cases recorded.",,,,,,,,,,,
"*Includes insurance companies, banks and financial companies, construction and ",,,,,,,,,,,
"real estate development companies, service and goods sellers, manufacturing ",,,,,,,,,,,
"companies, and other businesses.",,,,,,,,,,,
