"Bureau of Justice Statistics",,,,,,
"filename: ctv9601.csv",,,,,,
"table: 1 Types of disposition by types of contract cases  in State",,,,,,
"courts in the Nation's 75 largest counties, 1996",,,,,,
"report title: Contract Trials and Verdicts in Large Counties, 1996, NCJ 179451",,,,,,
"authors:  Lea S. Gifford, Carol J. DeFrances, Marika F. X. Litras",,,,,,
"refer questions to: askbjs@ojp.usdoj.gov (202) 307-0765",,,,,,
"date of version: 3/1/00",,,,,,
,,,,,,
"Table 1.  Types of disposition by types of contract cases in State ",,,,,,
"courts in the Nation's 75 largest counties, 1996",,,,,,
,,,,,,
,,,,"Percent of each type of disposition",,
,"Number","Percent",,,,
"Case type","of cases","of cases",,"Jury","Bench","Other*"
,,,,,,
"All contract cases",4850,100.0,,35.9,61.0,3.1
,,,,,,
"Fraud",668,13.8,,43.4,52.8,3.8
"Seller plaintiff",1637,33.8,,21.7,76.6,1.7
"Buyer plaintiff",832,17.2,,48.3,47.8,3.9
"Mortgage foreclosure",65,1.3,,10.7,83.0,6.3
"Employment discrimination",311,6.4,,66.8,28.0,5.2
"Other employment dispute",309,6.4,,44.4,49.5,6.1
"Rental/lease agreements",500,10.3,,26.8,71.8,1.4
"Tortious interference",236,4.9,,47.5,48.0,4.5
"Other contract",291,6.0,,33.4,64.1,2.5
,,,,,,
"* Includes cases disposed of by directed verdict, judgment  notwithstanding the verdict, ",,,,,,
"and jury verdicts for defaulted defendants. Detail may not sum to 100% because of rounding.",,,,,,
