"Bureau of Justice Statistics",
"filename: ctv96hi.csv",
"table in Highlights: Percent of plaintiff winners in contract cases disposed of by trial in State ",
"general jurisdiction courts in the Nation's 75 largest counties, 1996",
"report title: Contract Trials and Verdicts in Large Counties, 1996, NCJ 179451",
"authors:  Lea S. Gifford, Carol J. DeFrances, Marika F. X. Litras",
"refer questions to: askbjs@ojp.usdoj.gov (202) 307-0765",
"date of version: 3/1/00",
,
"Highlight: Percent of plaintiff winners in contract cases disposed of by trial in State ",
"general jurisdiction courts in the Nation's 75 largest counties, 1996",
,
"Case type","Percent"
,
"Mortgage foreclosure     ",80.1
"Seller plaintiff            ",75.7
"Rental/lease agreement ",62.7
"All contract cases      ",62.4
"Fraud                           ",57.7
"Tortious interference    ",56.9
"Buyer plaintiff             ",55.7
"Employment disputes    ",50.4
"Employment discrimination",41.1
