"Bureau of Justice Statistics",,,,,,,,,,
"filename: ctv96a02.csv",,,,,,,,,,
"table. Appendix B Final and punitive damage awards for plaintiff winners in  ",,,,,,,,,,
"contract jury trials, by sampled counties, 1996",,,,,,,,,,
"report title: Contract Trials and Verdicts in Large Counties, 1996, NCJ 179451",,,,,,,,,,
"authors:  Lea S. Gifford, Carol J. DeFrances, Marika F. X. Litras",,,,,,,,,,
"refer questions to: askbjs@ojp.usdoj.gov (202) 307-0765",,,,,,,,,,
"date of version: 3/1/00",,,,,,,,,,
,,,,,,,,,,
"Appendix B.  Final and punitive damage awards for plaintiff winners in  ",,,,,,,,,,
"contract jury trials, by sampled counties, 1996",,,,,,,,,,
,,,,,,,,,,
,,,"Final amount awarded to plaintiff winners",,,,"Punitive damages awarded to plaintiff winners",,,
,,,,,,,,,,
,"Total",,"Number",,,,"Number",,,
,"number of",,"of plaintiff","Total","Median",,"of plaintiff","Total","Median",
"County","jury trials",,"winners","award","award",,"winners","award","award",
,,,,,,,,,,
"Maricopa, AZ",61,,42,$6058328,$45974,,5,$308480,$40500,
"Pima, AZ",13,,3,648146,224250,,1,130000,130000,"*"
"Alameda, CA",19,,6,1792998,104032,," --"," --"," --",
"Contra Costa, CA",14,,5,3622714,49663,,1,7805,7805,"*"
"Fresno, CA",9,,4,331978,51086,," --"," --"," --",
"Los Angeles, CA/a",98,,45,21031988,149344,,10,2890084,140000,
"Orange, CA",65,,39,69991534,240000,,11,23217226,325000,
"San Bernardino, CA",5,,2,989701,494850,," --"," --"," --",
"San Francisco, CA",27,,17,15795154,311186,,2,3500000,1750000,
"Santa Jose, CA",14,,3,336472,36014,," --"," --"," --",
,,,,,,,,,,
"Ventura, CA",19,,11,$3712432,$253582,,3,$718000,$10000,
"Fairfield, CT/b",4,,3,162755,13442,," --"," --"," --",
"Hartford, CT/c",5,,3,124099,47494,," --"," --"," --",
"Dade, FL",75,,53,60554345,80284,,4,329000,87500,
"Orange, FL",16,,11,9623516,110500,," --"," --"," --",
"Palm Beach, FL",18,,12,1672055,27475,," --"," --"," --",
"Fulton, GA",16,,8,732544,49218,,2,340001,170001,
"Honolulu, HI/a",5,,5,5129038,875000,,2,800000,400000,
"Cook, IL",43,,27,34306295,198012,,2,1260000,1260000,"*"
"Dupage, IL",19,,13,615998,22643,,3,25000,10000,
,,,,,,,,,,
"Marion, IN",6,,4,$613496,$9044,," --"," --"," --",
"Jefferson, KY",24,,13,5413982,65089,,3,97500,30000,
"Essex, MA",11,,5,531929,55000,," --"," --"," --",
"Middlesex, MA",16,,8,805771,60236,,1,87500,87500,"*"
"Norfolk, MA",5,,3,1855000,80000,," --"," --"," --",
"Suffolk, MA",7,,2,348600,174300,,1,175000,175000,"*"
"Worcester, MA",12,,4,965039,42642,," --"," --"," --",
"Oakland, MI",37,,16,7759305,32500,," --"," --"," --",
"Wayne, MI",40,,27,13541118,87516,,1,1364,1364,"*"
"Hennepin, MN",36,,17,695405,20824,,1,16910,16910,"*"
,,,,,,,,,,
"St. Louis, MO",45,,18,$3800804,$111701,," --"," --"," --",
"Bergen, NJ",31,,20,5552513,107405,,5,756492,156491,
"Essex, NJ",16,,7,456889,45630,," --"," --"," --",
"Middlesex, NJ",12,,9,999022,47768,,1,5000,5000,"*"
"New York, NY",29,,21,58559439,215000,,2,30400000,15200000,
"Cuyahoga, OH",44,,15,2146807,49000,,1,167500,167500,"*"
"Franklin, OH",19,,10,1619465,63000,,2,500001,250000,
"Allegheny, PA",20,,16,2561891,27455,,1,261606,261606,"*"
"Philadelphia, PA",29,,20,5846066,86443,,1,350000,350000,"*"
"Bexar, TX",24,,9,702623,34750,,2,67875,33937,
,,,,,,,,,,
"Dallas, TX",66,,36,$31140949,$156255,,3,$7580000,$50000,
"Harris, TX",92,,31,41236626,378902,," --"," --"," --",
"Fairfax, VA",24,,8,1470992,21070,," --"," --"," --",
"King, WA",62,,27,5335258,48998,,2,310000,155000,
"Milwaukee, WI",22,,6,814667,32652,," --"," --"," --",
,,,,,,,,,,
"Note:  Excludes cases with missing final award amounts. Final amount awarded includes ",,,,,,,,,,
"both compensatory (reduced for contributory negligence) and punitive damage awards. ",,,,,,,,,,
"Eminent domain cases are not calculated among final awards because there is always ",,,,,,,,,,
"an award; the issue is how much the defendant (whose property is being condemned) ",,,,,,,,,,
"will receive for the property. ",,,,,,,,,,
"*Not a median but the actual amount awarded. ",,,,,,,,,,
"a/ Includes only the central district of the Los Angeles County Superior Court.  ",,,,,,,,,,
"Los Angeles suburban courts are not included.  ",,,,,,,,,,
"b/ Includes only cases for Fairfield judicial district. ",,,,,,,,,,
"c/ Includes only cases for Hartford-New Britain judicial district. ",,,,,,,,,,
"-- No cases recorded.",,,,,,,,,,
