"Bureau of Justice Statistics",,,,,,,,
"filename: ctv96a01.csv",,,,,,,,
"table. Appendix A Contract trial cases and plaintiff winners by sampled counties, 1996",,,,,,,,
"report title: Contract Trials and Verdicts in Large Counties, 1996, NCJ 179451",,,,,,,,
"authors:  Lea S. Gifford, Carol J. DeFrances, Marika F. X. Litras",,,,,,,,
"refer questions to: askbjs@ojp.usdoj.gov (202) 307-0765",,,,,,,,
"date of version: 3/1/00",,,,,,,,
,,,,,,,,
"Appendix  A.  Contract trial cases and plaintiff winners by sampled counties, 1996",,,,,,,,
,,,,,,,,
,"All cases/a",,,"Jury trials",,,"Bench trials",
,,,,,,,,
,,"Percent ",,,"Percent ",,,"Percent "
,,"plaintiff ",,,"plaintiff ",,,"plaintiff "
"County","Number","winners",,"Number","winners",,"Number","winners"
,,,,,,,,
"Maricopa, AZ",90,65.3,,61,68.8,,23,69.6
"Pima, AZ",45,57.8,,13,30.8,,32,68.8
"Alameda, CA",29,44.8,,19,31.6,,9,77.8
"Contra Costa, CA",30,46.7,,14,42.9,,16,50.0
"Fresno, CA",34,52.9,,9,44.4,,25,56.0
"Los Angeles, CA/b",312,54.0,,98,46.9,,206,63.6
"Orange, CA",209,61.8,,65,64.6,,141,60.3
"San Bernardino, CA",14,50.0,,5,40.0,,9,55.6
"San Francisco, CA",55,60.0,,27,63.0,,24,62.5
"Santa Clara, CA",43,53.5,,14,35.7,,29,62.1
,,,,,,,,
"Ventura, CA",50,50.0,,19,57.9,,31,45.2
"Fairfield, CT/c",11,72.7,,4,75.0,,7,71.4
"Hartford, CT/d",63,68.3,,5,80.0,,57,66.7
"Dade, FL",110,60.6,,75,70.0,,27,51.9
"Orange, FL",33,75.8,,16,75.0,,17,76.5
"Palm Beach, FL",96,84.4,,18,66.7,,77,88.3
"Fulton, GA",73,17.8,,16,50.0,,54,9.3
"Honolulu, HI",22,90.9,,5,100.0,,16,87.5
"Cook, IL",84,61.3,,43,62.5,,35,62.9
"Dupage, IL",59,67.8,,19,68.4,,40,67.5
,,,,,,,,
"Marion, IN",83,83.9,,6,66.7,,77,86.0
"Jefferson, KY",66,61.5,,24,56.5,,37,64.9
"Essex, MA",18,61.1,,11,72.7,,6,33.3
"Middlesex, MA",20,65.0,,16,62.5,,3,100.0
"Norfolk, MA",7,42.9,,5,60.0,,1,0.0
"Suffolk, MA",12,41.7,,7,28.6,,5,60.0
"Worcester, MA",18,44.4,,12,41.7,,6,50.0
"Oakland, MI",83,48.2,,37,45.9,,42,52.4
"Wayne, MI",62,71.0,,40,70.0,,16,68.8
"Hennepin, MN",74,58.1,,36,47.2,,38,68.4
,,,,,,,,
"St. Louis, MO",73,45.2,,45,40.0,,25,60.0
"Bergen, NJ",86,66.3,,31,71.0,,54,64.8
"Essex, NJ",26,38.5,,16,43.8,,8,25.0
"Middlesex, NJ",28,78.6,,12,75.0,,15,86.7
"New York, NY",96,75.0,,29,72.4,,61,75.4
"Cuyahoga, OH",110,60.6,,44,45.5,,66,68.2
"Franklin, OH",43,51.2,,19,42.6,,20,60.0
"Allegheny, PA",181,72.4,,20,85.0,,160,70.6
"Philadelphia, PA",39,59.0,,29,69.0,,10,30.0
"Bexar, TX",68,42.2,,24,37.5,,38,46.7
,,,,,,,,
"Dallas, TX",95,54.7,,66,56.1,,25,56.0
"Harris, TX",576,53.4,,92,33.3,,471,63.1
"Fairfax, VA",85,64.7,,24,41.7,,59,74.6
"King, WA",160,48.1,,62,43.5,,93,52.7
"Milwaukee, WI",69,58.8,,22,45.5,,46,64.4
,,,,,,,,
"a/ Includes ""other trials"" not shown in this table (cases with directed verdict, judgment  ",,,,,,,,
"notwithstanding the verdict, and jury trials for defaulted defendants). ",,,,,,,,
"b/ Includes only the central district of the Los Angeles County Superior Court. ",,,,,,,,
"Los Angeles suburban courts are not included. ",,,,,,,,
"c/ Includes only cases for Fairfield judicial district. ",,,,,,,,
"d/ Includes only cases for Hartford-New Britain judicial district. ",,,,,,,,
"-- No cases recorded.",,,,,,,,
