Bureau of Justice Statistics,
filename: cv04f11.csv,
Figure 11.  Percent of burglaries reported to the police  ,
"report title:  Criminal Victimization, 2004",
data source: National Crime Victimization Survey,
"author: Shannan Michelle Catalano, Ph.D, BJS Statistician",
refer questions to: askbjs@usdoj.gov or (202) 307-0765,
date of version: 09/25/04,

Figure 11.  Percent of burglaries reported to the police  ,

1993,50.2
1994,50.5
1995,50.3
1996,50.6
1997,51.8
1998,49.4
1999,49.3
2000,50.7
2001,53.7
2002,57.9
2003,54.1
2004,53
