Bureau of Justice Statistics,
filename: cv04f12.csv,
Figure 12.  Percent of household thefts reported to the police,
"report title:  Criminal Victimization, 2004",
data source: National Crime Victimization Survey,
"author: Shannan Michelle Catalano, Ph.D., BJS Statistician",
refer questions to: askbjs@usdoj.gov or (202) 307-0765,
date of version: 09/25/04,

Figure 12.  Percent of household thefts reported to the police,

1993,26.2
1994,26.8
1995,26.3
1996,28.4
1997,27.9
1998,29.2
1999,27.1
2000,29.5
2001,30.1
2002,32.8
2003,31.8
2004,32.3
