Bureau of Justice Statistics,,,
filename: cv04tt8.csv,,,
"Text Table 8. Nonfatal firearm incidents and victims, 1993 and 2004",,,
"report title:  Criminal Victimization, 2004",,,
data source: National Crime Victimization Survey,,,
"author: Shannan Michelle Catalano, Ph.D., BJS Statistician",,,
refer questions to: askbjs@usdoj.gov or (202) 307-0765,,,
date of version: 09/25/04,,,

"Text Table 8. Nonfatal firearm incidents and victims, 1993 and 2004",,,

,1993,,2004

Firearm,,,
Incidents,"1,054,820",,"280,891"
Victims,"1,248,250",,"331,629"
Firearm crime,,,,
"Rate per 1,000",5.9,,1.4,*
Percent of all violent incidents,11%,,5.9,%

"Note: The rate of firearm victimization in 2003-04� 1.6 per 1,000� was significantly lower than the 2001-02 rate of 2.1 per 1,000.",,,,
