Bureau of Justice Statistics,,,,,,,,,,,,,,,
filename: cv04t09.csv,,,,,,,,,,,,,,,
"Table 9.  Victim and offender relationship, 2004",,,,,,,,,,,,,,,
"report title:  Criminal Victimization, 2004",,,,,,,,,,,,,,,
data source: National Crime Victimization Survey,,,,,,,,,,,,,,,
"author: Shannan Michelle Catalano, Ph.D., BJS Statistician",,,,,,,,,,,,,,,
refer questions to: askbjs@usdoj.gov or (202) 307-0765,,,,,,,,,,,,,,,
date of version: 09/25/04,,,,,,,,,,,,,,,

"Table 9.  Victim and offender relationship, 2004",,,,,,,,,,,,,,,

,Violent crime,,,Rape/sexual assault,,,Robbery,,,Aggravated assault,,,Simple assault,,
Relationship with victim,Number,Percent,,Number,Percent,,Number,Percent,,Number,Percent,,Number,Percent,

Male victims,,,,,,,,,,,,,,,
Total,"2,937,250",100,%,"6,200",100,%,"335,520",100,%,"683,440",100,%,"1,912,090",100,%
Nonstranger,"1,412,860",48.1,%,0,0,%,"116,670",34.8,%,"301,940",44.2,%,"994,250",52,%
Intimate,"111,750",3.8,,0,.,,"16,860",5,,"20,160",2.9,,"74,730",3.9,
Other relative,"163,700",5.6,,0,0,,"5,720",1.7,,"44,430",6.5,,"113,550",5.9,
Friend/acquaintance,"1,137,410",38.7,,0,0,,"94,100",28,,"237,350",34.7,,"805,960",42.2,
Stranger,"1,475,230",50.2,%,"6,200",100,%,"208,160",62,%,"367,760",53.8,%,"893,110",46.7,%
Relationship unknown,"49,150",1.7,%,0,0,%,"10,680",3.2,%,"13,740",2,%,"24,740",1.3,%
Female victims,,,,,,,,,,,,,,,
Total ,"2,245,420",100,%,"208,680",100,%,"166,310",100,%,"346,650",100,%,"1,528,790",100,%
Nonstranger,"1,439,430",64.1,%,"136,550",67,%,"89,100",53.6,%,"212,030",61.2,%,"1,001,750",65.5,%
Intimate,"466,600",20.8,,"35,340",17.4,,"50,410",30.3,,"63,250",18.2,,"317,600",20.8,
Other relative,"198,590",8.8,,"5,600",2.7,,"7,470",4.5,,"45,440",13.1,,"140,080",9.2,
Friend/acquaintance,"774,250",34.5,,"95,610",46.9,,"31,220",18.8,,"103,340",29.8,,"544,070",35.6,
Stranger,"771,230",34.3,%,"64,040",31.4,%,"74,810",45,%,"121,220",35,%,"511,160",33.4,%
Relationship unknown,"34,760",1.5,%,"3,090",1.5,%,"2,400",1.4,%,"13,400",3.9,%,"15,880",1,%

Note:  Percentages may not total to 100% because of rounding.,,,,,,,,,,,,,,,
*Based on 10 or fewer sample cases.
