Bureau of Justice Statistics,,,,
filename: cv04t01.csv,,,,
"Table 1.  Criminal victimization, number and rates, 2003 and 2004",,,,
"report title:  Criminal Victimization, 2004",,,,
data source: National Crime Victimization Survey,,,,
"author: Shannan Michelle Catalano, Ph.D., BJS Statistician",,,,
refer questions to: askbjs@usdoj.gov or (202) 307-0765,,,,
date of version: 09/25/04,,,,

"Table 1.  Criminal victimization, number and rates, 2003 and 2004",,,,

,Number of victimizations,,"Victimization rate (per 1,000 persons age 12 or older or per 1,000 households)",
Type of crime,2003,2004,2003,2004
All crimes,"24,212,800","24,061,140",--,--
Violent crimes/a,"5,401,720","5,182,670",22.6,21.4
Rape/sexual assault,"198,850","209,880",0.8,0.9
Robbery,"596,130","501,820",2.5,2.1
Assault,"4,606,740","4,470,960",19.3,18.5
Aggravated ,"1,101,110","1,030,080",4.6,4.3
Simple ,"3,505,630","3,440,880",14.6,14.2
Property crimes,"18,626,380","18,654,400",163.2,161.1
Household burglary,"3,395,620","3,427,690",29.8,29.6
Motor vehicle theft,"1,032,470","1,014,770",9,8.8
Theft,"14,198,290","14,211,940",124.4,122.8

"Note: The total population age 12 or older was 239,305,990 in 2003 and 241,703,710 in 2004.  The total number of households was 114,136,930 in 2003 and 115,775,570. The population estimates for 2003 incorporate controls based on the 2000 decennial Census. ",,,,
See the box on page 12 for a discussion of the impact on survey estimates.,,,,
...Not applicable.,,,,
a/The NCVS is based on interviews with victims and therefore cannot measure murder.,,,,
