Bureau of Justice Statistics,,
filename: cv04f8.csv,,
Figure 8. Percent of robberies and rapes/sexual assaults reported to the police,,
"report title:  Criminal Victimization, 2004",,
data source: National Crime Victimization Survey,,
"author: Shannan Michelle Catalano, Ph.D., BJS Statistician",,
refer questions to: askbjs@usdoj.gov or (202) 307-0765,,
date of version: 09/25/04,,

Figure 8. Percent of robberies and rapes/sexual assaults reported to the police,,

,Robbery,Rape/sexual assault
1993,59.5,29.8
1994,55.4,31.7
1995,55.1,32
1996,53.9,30.7
1997,55.8,30.5
1998,62,31.6
1999,61.2,28.3
2000,56.3,48.1
2001,60.5,38.6
2002,71.2,53.7
2003,60.5,38.5
2004,61.1,62.9
