"Bureau of Justice Statistics",,,,,,,,,,,,,,
"filename: lemas00t17a.csv",,,,,,,,,,,,,,
"Table 17a.  Use of video cameras, night vision/electro-optic equipment, and vehicle stopping/tracking equipment in local law enforcement agencies, 2000",,,,,,,,,,,,,,
"Report title: Law Enforcement Management and Administrative Statistics, 2000:  Data for Individual State and Local Agencies with 100 or More Officers  NCJ 203350",,,,,,,,,,,,,,
"data source: 2000 LEMAS survey",,,,,,,,,,,,,,
"authors:  Brian A. Reaves and Matthew J. Hickman",,,,,,,,,,,,,,
"refer questions to: askbjs@ojp.usdoj.gov (202)307-0765",,,,,,,,,,,,,,
"date of version:  3/02/04",,,,,,,,,,,,,,
,,,,,,,,,,,,,,
"Table 17a.  Use of video cameras, night vision/electro-optic equipment, and vehicle stopping/tracking equipment in local law enforcement agencies, 2000",,,,,,,,,,,,,,
,,,,,,,,,,,,,,
,,,"Number of video cameras ",,,,,"Night vision/electro-optic ",,,,"Vehicle stopping/tracking ",,
,,,,"Surveillance",,,,,,,,,,
"County","Name of agency",,"In patrol cars","Fixed-site","Mobile","Traffic enforcement",,"Infrared (thermal) imagers","Image intensifiers","Laser range finders",,"Electrical/engine disruption","Stolen vehicle tracking","Tire deflation spikes"
,,,,,,,,,,,,,,
"ALABAMA",,,,,,,,,,,,,,
,,,,,,,,,,,,,,
"Etowah","Gadsden Police",,50,6,1,0,,"X  ","X  ","-  ",,"-  ","-  ","X  "
"Houston","Dothan Police",,60,0,0,0,,"-  ","X  ","X  ",,"-  ","-  ","X  "
"Jefferson","Jefferson County Sheriff",,35,0,0,0,,"X  ","-  ","-  ",,"-  ","-  ","-  "
"Jefferson","Bessemer Police",,0,1,1,0,,"-  ","-  ","-  ",,"-  ","-  ","-  "
"Jefferson","Birmingham Police",,0,0,0,0,,"-  ","-  ","-  ",,"-  ","-  ","-  "
"Jefferson","Hoover Police",,4,0,0,0,,"-  ","-  ","-  ",,"-  ","-  ","X  "
"Madison","Huntsville Police",,0,0,0,7,,"X  ","-  ","-  ",,"-  ","-  ","X  "
"Mobile","Mobile County Sheriff",,0,0,1,0,,"-  ","-  ","-  ",,"-  ","-  ","X  "
"Mobile","Mobile Police",,0,12,1,2,,"-  ","-  ","-  ",,"-  ","-  ","-  "
"Montgomery","Montgomery County Sheriff",,32,0,0,0,,"-  ","-  ","-  ",,"-  ","-  ","X  "
"Montgomery","Montgomery Police",,52,0,0,0,,"X  ","-  ","-  ",,"-  ","-  ","X  "
"Morgan","Decatur Police",,8,0,3,0,,"-  ","X  ","X  ",,"-  ","-  ","X  "
"Tuscaloosa","Tuscaloosa Police",,2,1,4,2,,"X  ","X  ","-  ",,"-  ","-  ","-  "
" ",,," "," "," "," ",,"   ","   ","   ",,"   ","   ","   "
"ALASKA",,," "," "," "," ",,"   ","   ","   ",,"   ","   ","   "
,,," "," "," "," ",,"   ","   ","   ",,"   ","   ","   "
"Anchorage","Anchorage Police",,0,0,0,0,,"-  ","-  ","-  ",,"-  ","-  ","X  "
,,," "," "," "," ",,"   ","   ","   ",,"   ","   ","   "
"ARIZONA",,," "," "," "," ",,"   ","   ","   ",,"   ","   ","   "
,,," "," "," "," ",,"   ","   ","   ",,"   ","   ","   "
"Maricopa","Maricopa County Sheriff",,"--- ","--- ","--- ","--- ",,"---       ","---       ","---       ",,"---       ","---       ","---      "
"Maricopa","Chandler Police",,3,1,0,2,,"X  ","-  ","-  ",,"-  ","X  ","X  "
"Maricopa","Glendale Police",,0,15,0,0,,"X  ","-  ","-  ",,"-  ","-  ","X  "
"Maricopa","Mesa Police",,5,0,1,0,,"-  ","-  ","-  ",,"-  ","X  ","X  "
"Maricopa","Phoenix Police",,0,10,3,8,,"-  ","X  ","X  ",,"-  ","X  ","X  "
"Maricopa","Scottsdale Police",,0,1,1,0,,"-  ","-  ","-  ",,"-  ","X  ","X  "
"Maricopa","Tempe Police",,1,25,1,4,,"X  ","X  ","X  ",,"X  ","X  ","X  "
"Pima","Pima County Sheriff",,8,0,0,8,,"X  ","-  ","-  ",,"-  ","X  ","X  "
"Pima","Tucson Police",,9,0,0,0,,"-  ","-  ","-  ",,"-  ","X  ","X  "
"Pinal","Pinal County Sheriff",,2,1,1,2,,"-  ","-  ","-  ",,"-  ","X  ","X  "
"Yuma","Yuma Police",,3,0,0,0,,"X  ","-  ","-  ",,"-  ","-  ","X  "
" ",,," "," "," "," ",,"   ","   ","   ",,"   ","   ","   "
"ARKANSAS",,," "," "," "," ",,"   ","   ","   ",,"   ","   ","   "
,,," "," "," "," ",,"   ","   ","   ",,"   ","   ","   "
"Craighead","Jonesboro Police",,10,0,2,0,,"-  ","X  ","-  ",,"-  ","-  ","X  "
"Jefferson","Pine Bluff Police",,0,0,0,0,,"X  ","-  ","-  ",,"-  ","-  ","X  "
"Pulaski","Pulaski County Sheriff",,0,0,0,0,,"-  ","-  ","-  ",,"-  ","-  ","X  "
"Pulaski","Little Rock Police",,125,0,0,0,,"X  ","-  ","-  ",,"-  ","-  ","-  "
"Pulaski","North Little Rock Police",,25,4,3,0,,"-  ","-  ","X  ",,"-  ","X  ","-  "
"Sebastian","Fort Smith Police",,0,0,0,0,,"-  ","-  ","-  ",,"-  ","-  ","-  "
,,," "," "," "," ",,"   ","   ","   ",,"   ","   ","   "
"CALIFORNIA",,," "," "," "," ",,"   ","   ","   ",,"   ","   ","   "
,,," "," "," "," ",,"   ","   ","   ",,"   ","   ","   "
"Alameda","Alameda County Sheriff",,0,0,3,0,,"X  ","X  ","-  ",,"-  ","X  ","-  "
"Alameda","Alameda Police",,0,0,0,0,,"-  ","-  ","-  ",,"-  ","X  ","-  "
"Alameda","Berkeley Police",,0,0,0,0,,"-  ","-  ","-  ",,"-  ","X  ","X  "
"Alameda","Fremont Police",,0,0,0,0,,"X  ","-  ","-  ",,"-  ","X  ","X  "
"Alameda","Hayward Police",,0,0,0,0,,"X  ","X  ","X  ",,"X  ","X  ","X  "
"Alameda","Oakland Police",,0,0,2,0,,"X  ","-  ","X  ",,"-  ","X  ","X  "
"Butte","Butte County Sheriff",,0,3,0,0,,"X  ","-  ","X  ",,"-  ","-  ","X  "
"Contra Costa","Contra Costa County Sheriff",,0,0,0,0,,"-  ","-  ","-  ",,"-  ","X  ","-  "
"Contra Costa","Concord Police",,0,0,1,0,,"X  ","-  ","-  ",,"-  ","-  ","X  "
"Contra Costa","Richmond Police",,0,0,0,0,,"-  ","-  ","-  ",,"-  ","-  ","-  "
"El Dorado","El Dorado County Sheriff",,1,0,1,0,,"-  ","X  ","X  ",,"-  ","-  ","X  "
"Fresno","Fresno County Sheriff",,0,0,0,0,,"X  ","-  ","-  ",,"-  ","-  ","X  "
"Fresno","Fresno Police",,0,0,0,0,,"X  ","-  ","X  ",,"-  ","-  ","X  "
"Kern ","Kern County Sheriff",,0,0,0,0,,"X  ","-  ","-  ",,"-  ","-  ","-  "
"Kern","Bakersfield Police",,0,0,0,2,,"-  ","-  ","-  ",,"-  ","-  ","X  "
"Los Angeles","Los Angeles County Sheriff",,72,0,0,0,,"X  ","-  ","-  ",,"X  ","X  ","X  "
"Los Angeles","Beverly Hills Police",,25,0,1,0,,"-  ","-  ","-  ",,"-  ","-  ","-  "
"Los Angeles","Burbank Police",,0,0,0,0,,"-  ","-  ","-  ",,"-  ","X  ","-  "
"Los Angeles","Culver City Police",,4,0,0,0,,"-  ","-  ","-  ",,"-  ","-  ","-  "
"Los Angeles","Downey Police",,0,0,0,2,,"-  ","-  ","-  ",,"-  ","X  ","-  "
"Los Angeles","El Monte Police",,0,0,0,0,,"X  ","-  ","-  ",,"-  ","X  ","-  "
"Los Angeles","Glendale Police",,0,0,0,0,,"X  ","-  ","-  ",,"-  ","X  ","-  "
"Los Angeles","Inglewood Police",,0,0,0,0,,"-  ","-  ","X  ",,"-  ","X  ","-  "
"Los Angeles","Long Beach Police",,0,0,0,0,,"X  ","-  ","-  ",,"-  ","X  ","-  "
"Los Angeles","Los Angeles Police",,0,0,0,0,,"X  ","X  ","X  ",,"-  ","X  ","-  "
"Los Angeles","Pasadena Police",,0,0,0,0,,"X  ","-  ","-  ",,"-  ","X  ","-  "
"Los Angeles","Pomona Police",,53,8,3,0,,"-  ","-  ","-  ",,"-  ","X  ","-  "
"Los Angeles","Redondo Beach Police",,0,0,0,0,,"-  ","-  ","-  ",,"-  ","X  ","-  "
"Los Angeles","Santa Monica Police",,0,0,0,0,,"-  ","-  ","-  ",,"-  ","X  ","-  "
"Los Angeles","Torrance Police",,0,0,1,0,,"-  ","-  ","-  ",,"-  ","X  ","-  "
"Los Angeles","West Covina Police",,0,0,0,0,,"X  ","-  ","-  ",,"-  ","-  ","-  "
"Los Angeles","Whittier Police",,0,0,0,0,,"-  ","-  ","-  ",,"-  ","X  ","X  "
"Marin","Marin County Sheriff",,0,0,0,0,,"X  ","-  ","-  ",,"-  ","-  ","X  "
"Monterey","Monterey County Sheriff",,0,0,0,0,,"X  ","-  ","-  ",,"-  ","-  ","X  "
"Monterey","Salinas Police",,0,0,0,0,,"-  ","X  ","-  ",,"-  ","-  ","-  "
"Orange","Orange County Sheriff-Coroner",,102,4,0,0,,"X  ","-  ","X  ",,"-  ","-  ","X  "
"Orange","Anaheim Police",,0,0,0,0,,"X  ","-  ","-  ",,"-  ","-  ","-  "
"Orange","Brea Police",,3,2,1,4,,"-  ","-  ","X  ",,"-  ","X  ","-  "
"Orange","Costa Mesa Police",,"--- ","--- ","--- ","--- ",,"---       ","---       ","---       ",,"---       ","---       ","---      "
"Orange","Fullerton Police",,30,2,2,0,,"-  ","-  ","X  ",,"-  ","X  ","X  "
"Orange","Garden Grove Police",,0,0,0,0,,"-  ","-  ","X  ",,"-  ","-  ","X  "
"Orange","Huntington Beach Police",,0,0,0,0,,"X  ","-  ","-  ",,"-  ","-  ","X  "
"Orange","Irvine Police",,37,0,0,0,,"-  ","-  ","-  ",,"-  ","-  ","X  "
"Orange","Newport Beach Police",,30,0,0,0,,"X  ","-  ","-  ",,"-  ","X  ","-  "
"Orange","Orange Police",,0,0,0,0,,"-  ","X  ","X  ",,"-  ","X  ","-  "
"Orange","Santa Ana Police",,20,0,2,0,,"X  ","X  ","-  ",,"-  ","X  ","-  "
"Orange","Westminster Police",,0,0,1,0,,"-  ","-  ","-  ",,"-  ","-  ","-  "
"Placer","Placer County Sheriff",,0,12,0,0,,"X  ","X  ","-  ",,"-  ","-  ","X  "
"Riverside","Riverside County Sheriff",,4,400,4,8,,"X  ","-  ","-  ",,"-  ","X  ","X  "
"Riverside","Corona Police",,0,0,0,0,,"-  ","-  ","-  ",,"-  ","X  ","X  "
"Riverside","Riverside Police",,0,0,0,0,,"X  ","-  ","-  ",,"-  ","X  ","X  "
"Sacramento","Sacramento County Sheriff",,0,0,2,0,,"X  ","-  ","-  ",,"-  ","X  ","X  "
"Sacramento","Sacramento Police",,0,6,3,10,,"X  ","X  ","X  ",,"X  ","-  ","-  "
"San Bernardino","San Bernardino County Sheriff",,1,0,0,0,,"X  ","-  ","-  ",,"-  ","-  ","X  "
"San Bernardino","Fontana Police",,0,0,0,0,,"X  ","X  ","X  ",,"-  ","-  ","X  "
"San Bernardino","Ontario Police",,0,0,1,0,,"X  ","-  ","-  ",,"-  ","X  ","X  "
"San Bernardino","Rialto Police",,0,0,2,0,,"X  ","-  ","X  ",,"-  ","X  ","X  "
"San Bernardino","San Bernardino Police",,0,0,0,0,,"-  ","-  ","-  ",,"-  ","-  ","-  "
"San Diego","San Diego County Sheriff",,0,0,0,0,,"-  ","-  ","-  ",,"-  ","-  ","X  "
"San Diego","Chula Vista Police",,2,0,0,0,,"-  ","X  ","X  ",,"-  ","X  ","X  "
"San Diego","El Cajon Police",,0,0,0,0,,"X  ","-  ","X  ",,"-  ","X  ","-  "
"San Diego","Escondido Police",,2,2,1,0,,"-  ","-  ","-  ",,"-  ","X  ","-  "
"San Diego","Oceanside Police",,1,0,0,0,,"-  ","-  ","-  ",,"-  ","-  ","-  "
"San Diego","San Diego Police",,0,31,2,0,,"X  ","X  ","-  ",,"-  ","X  ","X  "
"San Francisco","San Francisco Police",,0,0,8,0,,"X  ","-  ","-  ",,"-  ","X  ","X  "
"San Joaquin","San Joaquin County Sheriff",,0,0,0,0,,"X  ","-  ","-  ",,"-  ","-  ","-  "
"San Joaquin","Stockton Police",,0,0,0,0,,"-  ","-  ","-  ",,"-  ","X  ","-  "
"San Luis Obispo","San Luis Obispo County Sheriff",,27,0,4,0,,"-  ","-  ","-  ",,"-  ","-  ","-  "
"San Mateo","San Mateo County Sheriff",,0,0,0,0,,"X  ","-  ","X  ",,"-  ","-  ","-  "
"San Mateo","Daly City Police",,2,0,0,0,,"-  ","-  ","X  ",,"-  ","-  ","-  "
"San Mateo","San Mateo Police",,0,0,0,0,,"-  ","-  ","-  ",,"-  ","X  ","X  "
"Santa Barbara","Santa Barbara County Sheriff",,0,0,0,0,,"X  ","-  ","-  ",,"-  ","-  ","-  "
"Santa Barbara","Santa Barbara Police",,10,0,0,0,,"-  ","-  ","-  ",,"-  ","-  ","-  "
"Santa Clara","Santa Clara County Sheriff",,75,8,0,0,,"X  ","-  ","-  ",,"-  ","X  ","X  "
"Santa Clara","San Jose Police",,0,0,0,0,,"X  ","X  ","-  ",,"-  ","X  ","X  "
"Santa Clara","Santa Clara Police",,0,5,3,12,,"-  ","-  ","-  ",,"-  ","-  ","-  "
"Santa Clara ","Sunnyvale Police",,0,0,0,0,,"-  ","-  ","-  ",,"-  ","X  ","X  "
"Santa Cruz","Santa Cruz County Sheriff",,0,0,0,0,,"-  ","-  ","-  ",,"-  ","-  ","-  "
"Shasta ","Shasta County Sheriff",,1,1,0,1,,"X  ","-  ","X  ",,"-  ","-  ","X  "
"Solano","Fairfield Police",,0,0,0,0,,"-  ","-  ","-  ",,"-  ","-  ","X  "
"Solano","Vallejo Police",,1,0,0,1,,"X  ","-  ","X  ",,"-  ","X  ","X  "
"Sonoma","Sonoma County Sheriff-Coroner",,1,0,1,0,,"X  ","-  ","-  ",,"-  ","-  ","X  "
"Sonoma","Santa Rosa Police",,2,1,1,2,,"-  ","X  ","-  ",,"-  ","-  ","X  "
"Stanislaus","Stanislaus County Sheriff",,0,0,0,0,,"-  ","-  ","-  ",,"-  ","-  ","X  "
"Stanislaus","Modesto Police",,0,0,4,0,,"X  ","-  ","-  ",,"-  ","-  ","-  "
"Tulare","Tulare County Sheriff",,0,0,0,0,,"-  ","-  ","-  ",,"-  ","-  ","-  "
"Tulare","Visalia Police",,2,0,1,0,,"-  ","X  ","-  ",,"-  ","-  ","-  "
"Ventura","Ventura County Sheriff",,0,0,0,0,,"X  ","-  ","-  ",,"-  ","X  ","-  "
"Ventura","Oxnard Police",,0,0,2,0,,"-  ","-  ","-  ",,"-  ","X  ","X  "
"Ventura","Simi Valley Police",,0,0,0,0,,"-  ","X  ","-  ",,"-  ","X  ","X  "
"Ventura","Ventura Police",,0,0,0,0,,"-  ","-  ","-  ",,"-  ","X  ","X  "
" ",,," "," "," "," ",,"   ","   ","   ",,"   ","   ","   "
"COLORADO",,," "," "," "," ",,"   ","   ","   ",,"   ","   ","   "
,,," "," "," "," ",,"   ","   ","   ",,"   ","   ","   "
"Adams","Adams County Sheriff",,0,0,0,2,,"-  ","-  ","-  ",,"-  ","-  ","X  "
"Adams","Thornton Police",,0,0,0,0,,"X  ","X  ","-  ",,"-  ","-  ","X  "
"Adams","Westminster Police",,1,0,1,2,,"-  ","-  ","X  ",,"-  ","-  ","X  "
"Arapahoe","Arapahoe County Sheriff",,1,0,0,0,,"-  ","-  ","X  ",,"-  ","-  ","X  "
"Arapahoe","Aurora Police",,0,8,6,0,,"X  ","X  ","-  ",,"-  ","-  ","-  "
"Boulder","Boulder County Sherif",,2,0,0,0,,"-  ","X  ","X  ",,"-  ","-  ","X  "
"Boulder","Boulder Police",,0,2,1,0,,"-  ","-  ","-  ",,"-  ","-  ","X  "
"Denver","Denver Police",,0,0,0,0,,"-  ","-  ","-  ",,"-  ","-  ","-  "
"Douglas ","Douglas County Sheriff",,10,0,0,0,,"-  ","-  ","X  ",,"-  ","-  ","-  "
"El Paso","El Paso County Sheriff",,0,0,0,2,,"X  ","X  ","X  ",,"-  ","-  ","-  "
"El Paso","Colorado Springs Police",,0,0,21,2,,"X  ","-  ","-  ",,"-  ","-  ","X  "
"Jefferson","Jefferson County Sheriff",,0,2,0,0,,"X  ","-  ","X  ",,"-  ","X  ","X  "
"Jefferson","Arvada Police",,0,1,0,1,,"-  ","-  ","-  ",,"-  ","-  ","X  "
"Jefferson","Lakewood Police",,0,0,0,0,,"-  ","-  ","-  ",,"-  ","-  ","X  "
"Larimer","Larimer County Sheriff",,2,1,1,2,,"-  ","X  ","-  ",,"-  ","-  ","X  "
"Larimer","Fort Collins Police",,0,3,1,2,,"-  ","-  ","-  ",,"-  ","-  ","X  "
"Pueblo","Pueblo Police",,0,0,0,0,,"-  ","-  ","-  ",,"-  ","-  ","X  "
"Weld","Weld County Sheriff",,0,30,0,0,,"-  ","-  ","-  ",,"-  ","-  ","X  "
"Weld","Greeley Police",,0,0,0,0,,"-  ","-  ","X  ",,"-  ","-  ","X  "
,,," "," "," "," ",,"   ","   ","   ",,"   ","   ","   "
"CONNECTICUT ",,," "," "," "," ",,"   ","   ","   ",,"   ","   ","   "
,,," "," "," "," ",,"   ","   ","   ",,"   ","   ","   "
"Fairfield","Bridgeport Police",,0,2,2,0,,"-  ","-  ","-  ",,"-  ","X  ","-  "
"Fairfield","Danbury Police",,0,0,0,0,,"-  ","X  ","X  ",,"-  ","-  ","-  "
"Fairfield","Fairfield Police",,0,0,0,0,,"-  ","-  ","-  ",,"-  ","-  ","X  "
"Fairfield","Greenwich Police",,14,0,0,1,,"X  ","-  ","-  ",,"-  ","X  ","X  "
"Fairfield","Norwalk Police",,0,0,0,0,,"X  ","-  ","-  ",,"-  ","X  ","-  "
"Fairfield","Stamford Police",,0,0,0,0,,"-  ","-  ","-  ",,"-  ","X  ","-  "
"Fairfield","Stratford Police",,4,0,1,0,,"-  ","-  ","-  ",,"-  ","X  ","X  "
"Hartford","Bristol Police",,0,0,0,0,,"X  ","-  ","-  ",,"-  ","-  ","-  "
"Hartford","East Hartford Police",,1,0,0,1,,"X  ","X  ","-  ",,"-  ","-  ","-  "
"Hartford","Hartford Police",,0,0,0,0,,"-  ","-  ","-  ",,"-  ","-  ","-  "
"Hartford","Manchester Police",,6,0,2,0,,"-  ","X  ","-  ",,"-  ","X  ","-  "
"Hartford ","New Britain Police",,0,0,0,0,,"-  ","-  ","-  ",,"-  ","X  ","X  "
"Hartford","West Hartford Police",,0,3,1,2,,"-  ","-  ","-  ",,"-  ","-  ","-  "
"Middlesex","Middletown Police",,0,0,0,0,,"-  ","-  ","-  ",,"-  ","X  ","-  "
"New Haven","Hamden Police",,0,0,0,0,,"X  ","-  ","-  ",,"-  ","-  ","X  "
"New Haven","Meriden Police",,0,0,0,0,,"-  ","X  ","-  ",,"-  ","X  ","-  "
"New Haven","Milford Police",,4,0,1,4,,"X  ","-  ","-  ",,"-  ","X  ","-  "
"New Haven","New Haven Police",,0,0,1,0,,"-  ","-  ","-  ",,"-  ","X  ","-  "
"New Haven","Waterbury Police",,0,0,0,0,,"-  ","-  ","-  ",,"-  ","X  ","-  "
"New Haven","West Haven Police",,0,16,1,0,,"-  ","-  ","-  ",,"-  ","X  ","X  "
" ",,," "," "," "," ",,"   ","   ","   ",,"   ","   ","   "
"DELAWARE",,," "," "," "," ",,"   ","   ","   ",,"   ","   ","   "
,,," "," "," "," ",,"   ","   ","   ",,"   ","   ","   "
"New Castle","New Castle County Police",,0,0,0,0,,"-  ","-  ","-  ",,"-  ","-  ","-  "
"New Castle","Wilmington Police",,0,0,0,0,,"-  ","-  ","-  ",,"-  ","-  ","-  "
,,," "," "," "," ",,"   ","   ","   ",,"   ","   ","   "
"DISTRICT OF COLUMBIA",,," "," "," "," ",,"   ","   ","   ",,"   ","   ","   "
,,," "," "," "," ",,"   ","   ","   ",,"   ","   ","   "
"Washington, DC","Washington Metropolitan Police",,0,17,7,37,,"-  ","-  ","-  ",,"-  ","-  ","-  "
,,," "," "," "," ",,"   ","   ","   ",,"   ","   ","   "
"FLORIDA",,," "," "," "," ",,"   ","   ","   ",,"   ","   ","   "
,,," "," "," "," ",,"   ","   ","   ",,"   ","   ","   "
"Alachua","Alachua County Sheriff",,50,5,1,10,,"X  ","-  ","-  ",,"-  ","X  ","X  "
"Alachua","Gainesville Police",,15,0,1,2,,"X  ","-  ","-  ",,"-  ","-  ","X  "
"Bay","Bay County Sheriff",,0,0,0,0,,"X  ","X  ","X  ",,"-  ","-  ","X  "
"Brevard","Brevard County Sheriff",,48,0,0,0,,"X  ","-  ","-  ",,"-  ","-  ","X  "
"Brevard","Melbourne Police",,2,6,1,0,,"-  ","X  ","X  ",,"-  ","-  ","X  "
"Brevard","Palm Bay Police",,5,0,0,3,,"-  ","-  ","-  ",,"-  ","-  ","X  "
"Broward","Broward County Sheriff",,12,0,12,0,,"X  ","-  ","-  ",,"-  ","X  ","-  "
"Broward","Coral Springs Police",,0,16,2,2,,"X  ","-  ","-  ",,"-  ","X  ","X  "
"Broward","Davie Police",,10,0,1,1,,"-  ","-  ","-  ",,"-  ","X  ","-  "
"Broward","Fort Lauderdale Police",,0,36,1,0,,"X  ","-  ","-  ",,"-  ","X  ","X  "
"Broward","Hollywood Police",,3,0,2,2,,"-  ","-  ","-  ",,"-  ","X  ","X  "
"Broward","Margate Police",,6,0,0,0,,"X  ","-  ","-  ",,"-  ","-  ","-  "
"Broward","Miramar Police",,0,0,0,2,,"X  ","-  ","-  ",,"-  ","-  ","X  "
"Broward","Pembroke Pines Police",,0,0,0,0,,"-  ","-  ","-  ",,"-  ","-  ","X  "
"Broward","Plantation Police",,4,4,2,0,,"-  ","-  ","-  ",,"-  ","X  ","X  "
"Broward","Sunrise Police",,0,0,0,0,,"-  ","-  ","-  ",,"-  ","-  ","-  "
"Charlotte","Charlotte County Sheriff",,0,0,0,0,,"X  ","X  ","-  ",,"-  ","-  ","X  "
"Citrus","Citrus County Sheriff",,0,1,0,0,,"X  ","-  ","X  ",,"-  ","-  ","X  "
"Clay","Clay County Sheriff",,0,0,0,0,,"X  ","-  ","-  ",,"-  ","-  ","X  "
"Collier","Collier County Sheriff",,13,0,0,0,,"X  ","-  ","-  ",,"-  ","-  ","X  "
"Duval ","Jacksonville Sheriff",,1,0,0,21,,"X  ","-  ","-  ",,"-  ","X  ","X  "
"Escambia","Escambia County Sheriff",,0,0,0,8,,"-  ","X  ","-  ",,"-  ","-  ","-  "
"Escambia","Pensacola Police",,4,0,0,4,,"-  ","-  ","-  ",,"-  ","-  ","-  "
"Hernando","Hernando County Sheriff",,0,0,1,5,,"X  ","-  ","X  ",,"-  ","-  ","X  "
"Highlands","Highlands County Sheriff",,0,0,0,1,,"-  ","X  ","-  ",,"-  ","-  ","X  "
"Hillsborough","Hillsborough County Sheriff",,18,256,3,14,,"-  ","-  ","-  ",,"-  ","X  ","X  "
"Hillsborough","Tampa Police",,9,0,1,0,,"X  ","-  ","-  ",,"-  ","-  ","X  "
"Indian River","Indian River County Sheriff",,60,0,0,8,,"X  ","-  ","-  ",,"-  ","-  ","X  "
"Lake","Lake County Sheriff",,5,0,0,0,,"-  ","-  ","-  ",,"-  ","-  ","X  "
"Lee","Lee County Sheriff",,0,4,1,5,,"-  ","X  ","-  ",,"X  ","X  ","X  "
"Lee","Cape Coral Police",,3,0,0,3,,"X  ","-  ","-  ",,"-  ","-  ","X  "
"Lee","Fort Myers Police",,30,0,0,4,,"-  ","-  ","-  ",,"-  ","-  ","X  "
"Leon","Leon County Sheriff",,10,0,0,0,,"X  ","-  ","X  ",,"-  ","-  ","-  "
"Leon","Tallahassee Police",,15,0,0,6,,"-  ","-  ","-  ",,"-  ","-  ","X  "
"Manatee","Manatee County Sheriff",,0,0,4,5,,"X  ","-  ","-  ",,"-  ","X  ","X  "
"Marion","Marion County Sheriff",,30,2,1,0,,"X  ","-  ","-  ",,"-  ","-  ","X  "
"Marion","Ocala Police",,6,6,0,0,,"-  ","-  ","-  ",,"-  ","-  ","X  "
"Martin","Martin County Sheriff",,4,0,0,0,,"X  ","-  ","-  ",,"-  ","X  ","X  "
"Miami-Dade","Miami-Dade Police",,0,33,12,0,,"X  ","X  ","X  ",,"-  ","X  ","-  "
"Miami-Dade","Coral Gables Police",,0,10,0,0,,"X  ","-  ","X  ",,"-  ","X  ","-  "
"Miami-Dade","Hialeah Police",,0,0,0,0,,"-  ","-  ","-  ",,"-  ","X  ","X  "
"Miami-Dade","Miami Police",,0,0,0,0,,"-  ","-  ","-  ",,"-  ","-  ","-  "
"Miami-Dade","Miami Beach Police",,0,0,1,5,,"-  ","-  ","-  ",,"-  ","X  ","-  "
"Miami-Dade","North Miami Police",,0,4,0,0,,"-  ","-  ","-  ",,"-  ","-  ","-  "
"Miami-Dade","North Miami Beach Police",,0,0,1,0,,"-  ","-  ","-  ",,"-  ","X  ","-  "
"Monroe","Monroe County Sheriff",,62,2,2,8,,"X  ","-  ","-  ",,"-  ","-  ","X  "
"Okaloosa","Okaloosa County Sheriff",,11,0,0,0,,"-  ","-  ","-  ",,"-  ","-  ","X  "
"Orange","Orange County Sheriff",,61,23,61,0,,"X  ","-  ","-  ",,"-  ","X  ","-  "
"Orange","Orlando Police",,0,0,0,0,,"X  ","-  ","-  ",,"-  ","X  ","X  "
"Osceola","Osceola County Sheriff",,9,6,9,9,,"X  ","-  ","X  ",,"-  ","X  ","X  "
"Palm Beach","Palm Beach County Sheriff",,8,0,2,8,,"X  ","X  ","-  ",,"-  ","X  ","X  "
"Palm Beach","Boca Raton Police",,25,0,0,6,,"X  ","-  ","-  ",,"-  ","X  ","X  "
"Palm Beach","Boynton Beach Police",,44,0,0,0,,"X  ","-  ","X  ",,"-  ","X  ","X  "
"Palm Beach","Delray Beach Police",,7,2,2,0,,"X  ","-  ","X  ",,"-  ","X  ","X  "
"Palm Beach","Riviera Beach Police",,0,0,0,0,,"X  ","-  ","-  ",,"-  ","-  ","X  "
"Palm Beach","West Palm Beach Police",,0,1,1,1,,"-  ","-  ","-  ",,"-  ","-  ","X  "
"Pasco","Pasco County Sheriff",,0,0,0,10,,"X  ","X  ","-  ",,"-  ","X  ","X  "
"Pinellas","Pinellas County Sheriff",,10,215,10,14,,"X  ","X  ","X  ",,"-  ","-  ","-  "
"Pinellas","Clearwater Police",,0,0,0,5,,"-  ","-  ","-  ",,"-  ","-  ","X  "
"Pinellas","Largo Police",,3,0,4,0,,"-  ","-  ","-  ",,"-  ","-  ","-  "
"Pinellas","St. Petersburg Police",,0,9,0,7,,"-  ","X  ","X  ",,"-  ","X  ","X  "
"Polk","Polk County Sheriff",,0,0,0,0,,"X  ","X  ","-  ",,"-  ","X  ","X  "
"Polk","Lakeland Police",,0,24,0,3,,"X  ","-  ","-  ",,"-  ","X  ","X  "
"Putnam","Putnam County Sheriff",,10,0,0,0,,"X  ","X  ","-  ",,"-  ","-  ","X  "
"St. Johns","St. Johns County Sheriff",,0,0,0,1,,"X  ","-  ","-  ",,"-  ","-  ","X  "
"St. Lucie","St. Lucie County Sheriff",,17,1,0,3,,"X  ","-  ","X  ",,"-  ","X  ","X  "
"St. Lucie ","Fort Pierce Police",,9,0,0,3,,"-  ","-  ","-  ",,"-  ","X  ","-  "
"St. Lucie","Port St. Lucie Police",,0,2,0,7,,"-  ","-  ","-  ",,"-  ","-  ","-  "
"Santa Rosa","Santa Rosa County Sheriff",,5,0,2,0,,"-  ","-  ","-  ",,"-  ","-  ","-  "
"Sarasota","Sarasota County Sheriff",,2,0,1,0,,"-  ","-  ","X  ",,"-  ","X  ","X  "
"Sarasota","Sarasota Police",,0,0,1,7,,"X  ","X  ","X  ",,"-  ","X  ","-  "
"Seminole","Seminole County Sheriff",,16,0,0,0,,"X  ","X  ","-  ",,"-  ","X  ","-  "
"Seminole","Altamonte Springs Police",,8,2,5,0,,"-  ","-  ","-  ",,"-  ","X  ","-  "
"Volusia","Volusia County Sheriff",,0,5,2,5,,"X  ","-  ","X  ",,"-  ","-  ","X  "
"Volusia","Daytona Beach Police",,0,0,10,3,,"-  ","-  ","-  ",,"-  ","X  ","X  "
,,," "," "," "," ",,"   ","   ","   ",,"   ","   ","   "
"GEORGIA",,," "," "," "," ",,"   ","   ","   ",,"   ","   ","   "
,,," "," "," "," ",,"   ","   ","   ",,"   ","   ","   "
"Bartow","Bartow County Sheriff",,6,0,0,6,,"-  ","-  ","-  ",,"-  ","X  ","-  "
"Bibb","Bibb County Sheriff",,35,0,4,0,,"-  ","-  ","-  ",,"-  ","-  ","-  "
"Bibb","Macon Police",,14,62,5,17,,"-  ","X  ","-  ",,"-  ","-  ","-  "
"Chatham","Chatham County Police",,45,0,0,5,,"X  ","-  ","-  ",,"-  ","-  ","-  "
"Chatham","Savannah Police",,10,0,4,10,,"X  ","-  ","-  ",,"-  ","-  ","X  "
"Cherokee","Cherokee County Sheriff",,9,0,0,10,,"-  ","-  ","-  ",,"-  ","-  ","X  "
"Clarke","Athens-Clarke County Police",,11,0,0,11,,"X  ","X  ","X  ",,"-  ","-  ","X  "
"Clayton","Clayton County Police",,"--- ","--- ","--- ","--- ",,"---       ","---       ","---       ",,"---       ","---       ","---      "
"Cobb","Cobb County Police",,120,0,0,20,,"X  ","X  ","X  ",,"-  ","X  ","X  "
"Cobb","Marietta Police",,42,2,2,0,,"X  ","-  ","X  ",,"-  ","X  ","-  "
"Columbia","Columbia County Sheriff",,0,0,2,6,,"-  ","-  ","-  ",,"-  ","-  ","X  "
"De Kalb","De Kalb County Police",,20,0,2,0,,"-  ","-  ","-  ",,"-  ","-  ","-  "
"Dougherty","Albany Police",,4,0,8,4,,"X  ","-  ","-  ",,"-  ","-  ","X  "
"Douglas","Douglas County Sheriff",,22,0,0,0,,"X  ","-  ","-  ",,"-  ","X  ","X  "
"Forsyth","Forsyth County Sheriff",,8,0,0,0,,"X  ","X  ","X  ",,"-  ","X  ","X  "
"Fulton","Fulton County Police",,0,0,2,6,,"-  ","X  ","-  ",,"-  ","-  ","-  "
"Fulton","Atlanta Police",,0,0,0,0,,"X  ","-  ","-  ",,"-  ","X  ","X  "
"Fulton","East Point Police",,4,0,0,6,,"-  ","X  ","-  ",,"-  ","-  ","-  "
"Fulton","Roswell Police",,46,8,5,6,,"X  ","-  ","-  ",,"-  ","X  ","-  "
"Glynn","Glynn County Police",,17,0,0,3,,"-  ","-  ","-  ",,"-  ","-  ","X  "
"Gwinnett","Gwinnett County Police",,9,0,10,0,,"-  ","X  ","X  ",,"-  ","X  ","-  "
"Hall","Hall County Sheriff",,3,0,0,0,,"-  ","X  ","-  ",,"-  ","-  ","X  "
"Muscogee","Muscogee County Sheriff",,0,2,2,0,,"-  ","-  ","-  ",,"-  ","-  ","-  "
"Muscogee","Columbus Police",,6,0,0,0,,"-  ","X  ","-  ",,"-  ","-  ","-  "
"Richmond","Augusta-Richmond Co Sheriff",,71,0,4,0,,"X  ","-  ","-  ",,"-  ","X  ","X  "
,,," "," "," "," ",,"   ","   ","   ",,"   ","   ","   "
"HAWAII",,," "," "," "," ",,"   ","   ","   ",,"   ","   ","   "
,,," "," "," "," ",,"   ","   ","   ",,"   ","   ","   "
"Hawaii","Hawaii County Police",,0,0,0,5,,"-  ","X  ","-  ",,"-  ","-  ","X  "
"Honolulu","Honolulu Police",,0,84,21,1,,"-  ","-  ","X  ",,"-  ","-  ","-  "
"Kauai","Kauai County Police",,0,0,0,0,,"X  ","-  ","-  ",,"-  ","-  ","-  "
"Maui","Maui County Police",,0,28,0,5,,"X  ","X  ","X  ",,"-  ","-  ","-  "
,,," "," "," "," ",,"   ","   ","   ",,"   ","   ","   "
"IDAHO",,," "," "," "," ",,"   ","   ","   ",,"   ","   ","   "
,,," "," "," "," ",,"   ","   ","   ",,"   ","   ","   "
"Ada","Boise Police",,7,0,0,0,,"-  ","X  ","-  ",,"-  ","-  ","X  "
"Canyon","Canyon County Sheriff",,10,0,0,0,,"X  ","-  ","-  ",,"-  ","-  ","X  "
,,," "," "," "," ",,"   ","   ","   ",,"   ","   ","   "
"ILLINOIS",,," "," "," "," ",,"   ","   ","   ",,"   ","   ","   "
,,," "," "," "," ",,"   ","   ","   ",,"   ","   ","   "
"Champaign","Champaign Police",,3,2,0,0,,"X  ","X  ","X  ",,"-  ","X  ","-  "
"Cook","Cook County Sheriff",,"--- ","--- ","--- ","--- ",,"---       ","---       ","---       ",,"---       ","---       ","---      "
"Cook","Arlington Heights Police",,0,0,0,0,,"-  ","-  ","-  ",,"-  ","-  ","-  "
"Cook","Chicago Police",,0,0,0,0,,"-  ","-  ","-  ",,"-  ","-  ","-  "
"Cook","Cicero Police",,4,0,2,0,,"-  ","-  ","-  ",,"-  ","-  ","-  "
"Cook","Evanston Police",,0,0,0,0,,"-  ","-  ","-  ",,"-  ","-  ","-  "
"Cook","Oak Lawn Police",,19,2,2,4,,"-  ","-  ","-  ",,"-  ","-  ","-  "
"Cook","Oak Park Police",,0,0,0,0,,"X  ","-  ","-  ",,"-  ","-  ","-  "
"Cook","Schaumburg Police",,0,0,0,0,,"-  ","X  ","-  ",,"X  ","X  ","X  "
"Cook","Skokie Police",,2,0,0,0,,"-  ","-  ","-  ",,"-  ","-  ","-  "
"Du Page","Du Page County Sheriff",,90,0,5,0,,"X  ","X  ","X  ",,"-  ","-  ","-  "
"Du Page ","Naperville Police",,2,0,0,1,,"-  ","-  ","X  ",,"-  ","-  ","-  "
"Kane","Aurora Police",,0,0,0,0,,"-  ","-  ","-  ",,"-  ","-  ","-  "
"Kane","Elgin Police",,2,0,1,0,,"X  ","X  ","-  ",,"-  ","-  ","-  "
"Lake ","Lake County Sheriff",,3,6,1,0,,"-  ","-  ","-  ",,"-  ","-  ","-  "
"Lake","Waukegan Police",,0,0,0,0,,"-  ","-  ","-  ",,"-  ","X  ","X  "
"Macon","Decatur Police",,10,0,0,0,,"-  ","-  ","-  ",,"-  ","-  ","X  "
"Peoria","Peoria Police",,0,14,2,5,,"X  ","-  ","-  ",,"X  ","-  ","-  "
"Sangamon","Springfield Police",,0,0,0,2,,"-  ","-  ","X  ",,"-  ","-  ","-  "
"Will","Will County Sheriff",,5,0,0,0,,"-  ","-  ","-  ",,"-  ","-  ","X  "
"Will","Joliet Police",,14,0,3,2,,"X  ","-  ","-  ",,"-  ","-  ","-  "
"Winnebago","Winnebago County Sheriff",,8,0,0,0,,"X  ","-  ","-  ",,"-  ","-  ","X  "
"Winnebago","Rockford Police",,0,0,0,0,,"-  ","-  ","X  ",,"-  ","-  ","X  "
,,," "," "," "," ",,"   ","   ","   ",,"   ","   ","   "
"INDIANA",,," "," "," "," ",,"   ","   ","   ",,"   ","   ","   "
,,," "," "," "," ",,"   ","   ","   ",,"   ","   ","   "
"Allen ","Allen County Sheriff",,30,0,0,0,,"X  ","-  ","-  ",,"-  ","-  ","X  "
"Allen","Fort Wayne Police",,208,0,0,0,,"X  ","X  ","X  ",,"-  ","-  ","X  "
"Delaware","Muncie Police",,0,2,2,0,,"-  ","-  ","-  ",,"-  ","-  ","-  "
"Elkhart","Elkhart Police",,9,14,0,0,,"-  ","X  ","X  ",,"-  ","-  ","X  "
"Howard","Kokomo Police",,19,0,0,0,,"-  ","-  ","-  ",,"-  ","-  ","X  "
"Lake","Lake County Sheriff",,0,0,0,0,,"X  ","-  ","-  ",,"-  ","-  ","X  "
"Lake","East Chicago Police",,0,0,0,0,,"-  ","-  ","X  ",,"-  ","-  ","-  "
"Lake","Gary Police",,0,0,0,0,,"-  ","X  ","-  ",,"-  ","-  ","X  "
"Lake","Hammond Police",,10,0,0,0,,"-  ","-  ","-  ",,"-  ","-  ","-  "
"Madison","Anderson Police",,0,0,0,0,,"-  ","-  ","-  ",,"-  ","-  ","X  "
"Marion","Marion County Sheriff",,0,6,6,0,,"X  ","-  ","-  ",,"-  ","-  ","X  "
"Marion","Indianapolis Police",,16,0,0,0,,"X  ","X  ","X  ",,"-  ","X  ","X  "
"St. Joseph","St. Joseph County Sheriff",,0,1,0,0,,"-  ","-  ","-  ",,"-  ","-  ","-  "
"St. Joseph","South Bend Police",,0,0,0,0,,"-  ","-  ","-  ",,"-  ","-  ","-  "
"Vanderburgh","Vanderburgh County Sheriff",,6,0,0,0,,"X  ","-  ","-  ",,"-  ","-  ","X  "
"Vanderburgh","Evansville Police",,24,3,0,0,,"-  ","X  ","-  ",,"-  ","-  ","-  "
"Vigo","Terre Haute Police",,0,0,0,0,,"-  ","-  ","-  ",,"-  ","-  ","X  "
" ",,," "," "," "," ",,"   ","   ","   ",,"   ","   ","   "
"IOWA",,," "," "," "," ",,"   ","   ","   ",,"   ","   ","   "
,,," "," "," "," ",,"   ","   ","   ",,"   ","   ","   "
"Black Hawk","Waterloo Police",,25,0,3,0,,"-  ","-  ","-  ",,"-  ","-  ","X  "
"Linn","Cedar Rapids Police",,2,1,0,0,,"X  ","-  ","-  ",,"-  ","-  ","X  "
"Polk","Polk County Sheriff",,16,0,2,0,,"-  ","-  ","-  ",,"-  ","-  ","X  "
"Polk","Des Moines Police",,0,0,0,0,,"X  ","-  ","-  ",,"-  ","-  ","X  "
"Pottawattamie","Council Bluffs Police",,10,0,0,0,,"X  ","X  ","X  ",,"-  ","-  ","X  "
"Scott","Davenport Police",,0,0,1,4,,"-  ","X  ","-  ",,"-  ","-  ","X  "
"Woodbury","Sioux City Police",,3,2,1,0,,"X  ","-  ","-  ",,"-  ","-  ","X  "
" ",,," "," "," "," ",,"   ","   ","   ",,"   ","   ","   "
"KANSAS",,," "," "," "," ",,"   ","   ","   ",,"   ","   ","   "
,,," "," "," "," ",,"   ","   ","   ",,"   ","   ","   "
"Douglas","Lawrence Police",,0,0,0,0,,"-  ","-  ","-  ",,"-  ","-  ","-  "
"Johnson","Johnson County Sheriff",,12,0,2,0,,"-  ","-  ","-  ",,"-  ","-  ","-  "
"Johnson","Olathe Police",,0,0,0,4,,"-  ","-  ","X  ",,"-  ","-  ","X  "
"Johnson","Overland Park Police",,46,18,2,0,,"-  ","-  ","-  ",,"-  ","-  ","X  "
"Sedgwick","Sedgwick County Sheriff",,55,0,2,0,,"-  ","-  ","-  ",,"-  ","-  ","X  "
"Sedgwick","Wichita Police",,0,0,0,0,,"-  ","X  ","-  ",,"-  ","-  ","-  "
"Shawnee","Topeka Police",,23,19,2,8,,"X  ","X  ","X  ",,"-  ","-  ","X  "
"Wyandotte","Kansas City Police",,50,4,0,0,,"-  ","X  ","-  ",,"-  ","-  ","X  "
,,," "," "," "," ",,"   ","   ","   ",,"   ","   ","   "
"KENTUCKY",,," "," "," "," ",,"   ","   ","   ",,"   ","   ","   "
,,," "," "," "," ",,"   ","   ","   ",,"   ","   ","   "
"Fayette","Lexington-Fayette County Police",,0,0,0,0,,"-  ","-  ","-  ",,"-  ","-  ","X  "
"Jefferson","Jefferson County Police",,16,3,5,2,,"-  ","-  ","-  ",,"-  ","-  ","X  "
"Jefferson","Louisville Police",,0,0,0,0,,"X  ","X  ","-  ",,"X  ","X  ","-  "
"Kenton","Covington Police",,5,0,2,2,,"-  ","X  ","-  ",,"-  ","-  ","X  "
" ",,," "," "," "," ",,"   ","   ","   ",,"   ","   ","   "
"LOUISIANA",,," "," "," "," ",,"   ","   ","   ",,"   ","   ","   "
,,," "," "," "," ",,"   ","   ","   ",,"   ","   ","   "
"Ascension","Ascension Parish Sheriff",,0,0,1,0,,"-  ","X  ","X  ",,"-  ","-  ","-  "
"Bossier","Bossier Parish Sheriff",,1,0,0,2,,"-  ","-  ","-  ",,"-  ","-  ","-  "
"Bossier","Bossier Police",,1,0,1,0,,"X  ","X  ","-  ",,"-  ","-  ","-  "
"Caddo","Caddo Parish Sheriff",,12,0,0,0,,"X  ","-  ","-  ",,"-  ","-  ","X  "
"Caddo","Shreveport Police",,131,0,0,4,,"-  ","-  ","-  ",,"-  ","-  ","-  "
"Calcasieu","Calcasieu Parish Sheriff",,3,0,0,3,,"-  ","-  ","-  ",,"-  ","-  ","-  "
"Calcasieu","Lake Charles Police",,6,1,0,0,,"-  ","-  ","-  ",,"X  ","X  ","-  "
"E. Baton Rouge","E. Baton Rouge Parish Sheriff",,2,0,1,0,,"X  ","X  ","-  ",,"-  ","-  ","X  "
"E. Baton Rouge","Baton Rouge Police",,6,0,0,0,,"-  ","-  ","-  ",,"-  ","-  ","X  "
"Jefferson","Jefferson Parish Sheriff",,0,2,2,0,,"X  ","X  ","X  ",,"-  ","X  ","X  "
"Jefferson","Kenner Police",,0,0,4,0,,"-  ","-  ","X  ",,"-  ","-  ","-  "
"Lafayette","Lafayette Parish Sheriff",,0,0,0,0,,"-  ","X  ","-  ",,"-  ","-  ","-  "
"Lafayette","Lafayette Police",,5,6,13,4,,"-  ","-  ","-  ",,"-  ","-  ","-  "
"Lafourche","Lafourche Parish Sheriff",,0,15,10,0,,"X  ","-  ","-  ",,"-  ","-  ","X  "
"Livingston","Livingston Parish Sheriff",,0,0,0,0,,"-  ","-  ","X  ",,"-  ","-  ","-  "
"Morehouse","Morehouse Parish Sheriff",,0,0,0,0,,"X  ","X  ","-  ",,"-  ","-  ","-  "
"Orleans","Orleans Parish Sheriff",,0,0,0,0,,"-  ","-  ","-  ",,"-  ","-  ","-  "
"Orleans","New Orleans Police",,0,0,0,8,,"-  ","X  ","-  ",,"-  ","-  ","X  "
"Ouachita","Ouachita Parish Sheriff",,0,200,0,0,,"-  ","-  ","-  ",,"-  ","-  ","-  "
"Ouachita","Monroe Police",,0,3,2,3,,"X  ","-  ","-  ",,"-  ","-  ","-  "
"Plaquemines","Plaquemines Parish Sheriff",,0,0,0,0,,"-  ","-  ","-  ",,"-  ","-  ","-  "
"Rapides","Rapides Parish Sheriff",,2,1,1,0,,"X  ","-  ","X  ",,"-  ","-  ","X  "
"Rapides","Alexandria Police",,19,1,1,4,,"-  ","-  ","-  ",,"-  ","-  ","-  "
"St. Charles","St. Charles Parish Sheriff",,0,0,0,0,,"-  ","-  ","-  ",,"-  ","-  ","X  "
"St. John the Baptist","St. John the Baptist Sheriff",,0,0,0,0,,"-  ","-  ","-  ",,"-  ","-  ","-  "
"St. Landry","St. Landry Parish Sheriff",,2,0,3,0,,"-  ","-  ","-  ",,"-  ","-  ","-  "
"St. Martin","St. Martin Parish Sheriff",,0,3,3,0,,"X  ","-  ","-  ",,"-  ","-  ","X  "
"St. Tammany","St. Tammany Parish Sheriff",,4,0,1,4,,"X  ","-  ","-  ",,"-  ","-  ","X  "
"Terrebonne","Terrebonne Parish Sheriff",,0,0,4,0,,"-  ","-  ","-  ",,"-  ","-  ","-  "
,,," "," "," "," ",,"   ","   ","   ",,"   ","   ","   "
"MAINE",,," "," "," "," ",,"   ","   ","   ",,"   ","   ","   "
,,," "," "," "," ",,"   ","   ","   ",,"   ","   ","   "
"Cumberland","Portland Police",,3,0,0,2,,"-  ","-  ","-  ",,"-  ","-  ","X  "
" ",,," "," "," "," ",,"   ","   ","   ",,"   ","   ","   "
"MARYLAND",,," "," "," "," ",,"   ","   ","   ",,"   ","   ","   "
,,," "," "," "," ",,"   ","   ","   ",,"   ","   ","   "
"Anne Arundel","Anne Arundel County Police",,1,0,14,1,,"X  ","X  ","X  ",,"-  ","X  ","-  "
"Anne Arundel","Annapolis Police",,0,0,0,0,,"-  ","-  ","-  ",,"-  ","X  ","-  "
"Baltimore","Baltimore County Police",,0,0,0,0,,"X  ","-  ","-  ",,"-  ","X  ","-  "
"Baltimore(city)","Baltimore Police",,0,0,0,0,,"-  ","-  ","-  ",,"-  ","X  ","-  "
"Charles","Charles County Sheriff",,2,0,0,0,,"X  ","-  ","-  ",,"-  ","X  ","X  "
"Harford","Harford County Sheriff",,4,2,1,2,,"X  ","-  ","X  ",,"-  ","X  ","X  "
"Howard","Howard County Police",,0,0,0,0,,"X  ","-  ","-  ",,"-  ","X  ","X  "
"Montgomery","Montgomery County Police",,3,0,9,10,,"-  ","X  ","-  ",,"-  ","X  ","-  "
"Prince George's ","Prince George's County Police",,0,0,0,0,,"X  ","-  ","X  ",,"-  ","X  ","-  "
,,," "," "," "," ",,"   ","   ","   ",,"   ","   ","   "
"MASSACHUSETTS",,," "," "," "," ",,"   ","   ","   ",,"   ","   ","   "
,,," "," "," "," ",,"   ","   ","   ",,"   ","   ","   "
"Bristol","Fall River Police",,0,0,0,0,,"-  ","-  ","-  ",,"-  ","X  ","-  "
"Bristol","New Bedford Police",,3,0,0,0,,"-  ","-  ","-  ",,"-  ","X  ","-  "
"Bristol","Taunton Police",,0,10,0,0,,"-  ","-  ","-  ",,"-  ","-  ","-  "
"Essex","Lawrence Police",,0,0,0,0,,"-  ","X  ","-  ",,"-  ","X  ","-  "
"Essex","Lynn Police",,0,3,0,0,,"-  ","-  ","-  ",,"-  ","X  ","-  "
"Hampden","Chicopee Police",,0,0,0,0,,"X  ","X  ","-  ",,"-  ","-  ","-  "
"Hampden","Holyoke Police",,0,0,0,0,,"-  ","-  ","-  ",,"-  ","-  ","-  "
"Hampden","Springfield Police",,0,0,6,0,,"-  ","X  ","X  ",,"-  ","X  ","X  "
"Middlesex","Cambridge Police",,0,0,0,0,,"-  ","-  ","-  ",,"-  ","-  ","-  "
"Middlesex","Framingham Police",,0,3,1,0,,"X  ","-  ","-  ",,"-  ","-  ","-  "
"Middlesex","Lowell Police",,0,0,0,0,,"X  ","X  ","-  ",,"-  ","X  ","X  "
"Middlesex","Malden Police",,0,0,0,0,,"-  ","-  ","-  ",,"-  ","X  ","-  "
"Middlesex","Medford Police",,"--- ","--- ","--- ","--- ",,"---       ","---       ","---       ",,"---       ","---       ","---      "
"Middlesex","Newton Police",,0,1,0,0,,"-  ","-  ","-  ",,"-  ","X  ","-  "
"Middlesex","Somerville Police",,0,0,0,0,,"-  ","-  ","-  ",,"-  ","-  ","-  "
"Middlesex","Waltham Police",,0,0,0,3,,"-  ","-  ","-  ",,"-  ","-  ","-  "
"Norfolk","Brookline Police",,0,0,0,0,,"-  ","-  ","-  ",,"-  ","-  ","X  "
"Norfolk","Quincy Police",,0,0,0,0,,"-  ","-  ","-  ",,"-  ","X  ","-  "
"Plymouth","Brockton Police",,0,0,0,0,,"-  ","-  ","-  ",,"-  ","X  ","-  "
"Suffolk","Boston Police",,0,0,0,0,,"-  ","-  ","-  ",,"-  ","X  ","-  "
"Suffolk","Revere Police",,"--- ","--- ","--- ","--- ",,"---       ","---       ","---       ",,"---       ","---       ","---      "
"Worcester ","Worcester Police",,0,0,0,0,,"X  ","-  ","-  ",,"-  ","X  ","-  "
,,," "," "," "," ",,"   ","   ","   ",,"   ","   ","   "
"MICHIGAN",,," "," "," "," ",,"   ","   ","   ",,"   ","   ","   "
,,," "," "," "," ",,"   ","   ","   ",,"   ","   ","   "
"Calhoun","Battle Creek Police",,42,0,6,0,,"X  ","-  ","-  ",,"-  ","-  ","X  "
"Genesee","Genesee County Sheriff",,0,20,0,0,,"-  ","-  ","-  ",,"-  ","-  ","X  "
"Genesee","Flint Police",,0,68,0,0,,"-  ","-  ","-  ",,"-  ","-  ","-  "
"Ingham","Lansing Police",,2,0,0,0,,"X  ","-  ","X  ",,"-  ","-  ","X  "
"Kalamazoo","Kalamazoo County Sheriff",,23,0,0,0,,"-  ","X  ","X  ",,"-  ","-  ","X  "
"Kalamazoo","Kalamazoo Police",,0,0,0,0,,"X  ","-  ","-  ",,"-  ","-  ","-  "
"Kent","Kent County Sheriff",,10,10,0,0,,"-  ","-  ","-  ",,"-  ","-  ","-  "
"Kent","Grand Rapids Police",,0,6,0,0,,"X  ","-  ","X  ",,"-  ","-  ","-  "
"Kent","Wyoming Police",,0,0,0,0,,"-  ","-  ","-  ",,"-  ","-  ","X  "
"Macomb","Macomb County Sheriff",,25,0,1,0,,"-  ","-  ","-  ",,"-  ","-  ","X  "
"Macomb","Sterling Heights Police",,0,0,0,12,,"X  ","-  ","-  ",,"-  ","-  ","X  "
"Macomb","Warren Police",,44,0,0,0,,"-  ","-  ","-  ",,"-  ","-  ","-  "
"Oakland ","Oakland County Sheriff",,100,0,1,0,,"X  ","X  ","X  ",,"-  ","X  ","X  "
"Oakland ","Farmington Hills Police ",,38,0,0,0,,"-  ","-  ","-  ",,"-  ","-  ","X  "
"Oakland","Pontiac Police",,3,0,0,0,,"-  ","-  ","-  ",,"-  ","-  ","-  "
"Oakland","Royal Oak Police",,0,0,0,0,,"X  ","-  ","X  ",,"-  ","-  ","X  "
"Oakland","Southfield Police",,18,0,0,0,,"X  ","-  ","-  ",,"-  ","X  ","-  "
"Oakland","Troy Police",,0,0,0,0,,"X  ","-  ","-  ",,"-  ","X  ","-  "
"Saginaw","Saginaw Police",,0,0,0,0,,"-  ","-  ","-  ",,"-  ","X  ","-  "
"Washtenaw","Washtenaw County Sheriff",,0,0,0,1,,"-  ","-  ","-  ",,"-  ","-  ","-  "
"Washtenaw","Ann Arbor Police",,4,0,1,0,,"-  ","-  ","-  ",,"-  ","-  ","-  "
"Wayne","Wayne County Sheriff",,0,0,0,0,,"-  ","-  ","-  ",,"-  ","-  ","-  "
"Wayne","Dearborn Police",,47,0,0,0,,"-  ","X  ","-  ",,"-  ","-  ","-  "
"Wayne","Detroit Police",,0,0,0,0,,"-  ","-  ","-  ",,"-  ","X  ","-  "
"Wayne","Livonia Police",,32,40,2,0,,"X  ","X  ","-  ",,"-  ","-  ","-  "
"Wayne","Taylor Police",,0,4,0,0,,"-  ","-  ","X  ",,"-  ","-  ","-  "
"Wayne","Westland Police",,0,0,0,0,,"-  ","-  ","-  ",,"-  ","X  ","-  "
,,," "," "," "," ",,"   ","   ","   ",,"   ","   ","   "
"MINNESOTA",,," "," "," "," ",,"   ","   ","   ",,"   ","   ","   "
,,," "," "," "," ",,"   ","   ","   ",,"   ","   ","   "
"Hennepin","Hennepin County Sheriff",,0,1,1,0,,"-  ","-  ","-  ",,"-  ","-  ","X  "
"Hennepin","Bloomington Police",,0,0,0,0,,"X  ","-  ","X  ",,"-  ","X  ","X  "
"Hennepin","Minneapolis Police",,0,0,16,0,,"-  ","X  ","X  ",,"-  ","X  ","-  "
"Olmsted","Rochester Police",,0,0,0,0,,"-  ","-  ","X  ",,"-  ","-  ","X  "
"Ramsey","Ramsey County Sheriff",,0,0,0,0,,"-  ","-  ","-  ",,"-  ","-  ","-  "
"Ramsey","St. Paul Police",,0,0,0,0,,"-  ","-  ","X  ",,"-  ","-  ","-  "
"St. Louis ","Duluth Police",,0,0,0,0,,"X  ","-  ","X  ",,"-  ","-  ","X  "
,,," "," "," "," ",,"   ","   ","   ",,"   ","   ","   "
"MISSISSIPPI",,," "," "," "," ",,"   ","   ","   ",,"   ","   ","   "
,,," "," "," "," ",,"   ","   ","   ",,"   ","   ","   "
"Forrest","Hattiesburg Police",,0,0,0,8,,"-  ","-  ","X  ",,"-  ","-  ","X  "
"Harrison","Harrison County Sheriff",,11,0,0,0,,"-  ","-  ","-  ",,"-  ","-  ","X  "
"Harrison","Biloxi Police",,47,0,0,0,,"-  ","-  ","-  ",,"-  ","-  ","X  "
"Harrison","Gulfport Police",,0,0,0,4,,"-  ","-  ","-  ",,"-  ","-  ","X  "
"Hinds","Jackson Police",,4,0,0,0,,"-  ","-  ","-  ",,"-  ","-  ","-  "
"Lauderdale","Meridian Police",,15,0,4,4,,"X  ","-  ","X  ",,"-  ","-  ","-  "
"Lee","Tupelo Police",,0,0,0,0,,"X  ","-  ","-  ",,"-  ","-  ","X  "
"Warren","Vicksburg Police",,4,3,0,0,,"X  ","X  ","-  ",,"-  ","-  ","X  "
"Washington","Greenville Police",,0,0,0,0,,"X  ","-  ","-  ",,"-  ","-  ","-  "
,,," "," "," "," ",,"   ","   ","   ",,"   ","   ","   "
"MISSOURI",,," "," "," "," ",,"   ","   ","   ",,"   ","   ","   "
,,," "," "," "," ",,"   ","   ","   ",,"   ","   ","   "
"Boone","Columbia Police",,26,1,2,2,,"-  ","-  ","X  ",,"-  ","-  ","X  "
"Buchanan ","St. Joseph Police",,13,0,0,0,,"-  ","-  ","-  ",,"-  ","-  ","-  "
"Greene","Springfield Police",,0,0,0,0,,"X  ","-  ","X  ",,"-  ","-  ","X  "
"Jackson","Independence Police",,0,0,2,0,,"-  ","-  ","X  ",,"-  ","-  ","X  "
"Jackson","Kansas City Police",,15,7,3,3,,"X  ","X  ","X  ",,"-  ","-  ","X  "
"Jefferson","Jefferson County Sheriff",,2,0,2,2,,"X  ","-  ","-  ",,"-  ","-  ","X  "
"St. Charles","St. Charles County Sheriff",,6,0,2,0,,"X  ","-  ","-  ",,"-  ","-  ","X  "
"St. Charles","St. Charles Police",,"--- ","--- ","--- ","--- ",,"---       ","---       ","---       ",,"---       ","---       ","---      "
"St. Louis","St. Louis County Police",,0,65,1,0,,"X  ","-  ","X  ",,"-  ","-  ","-  "
"St. Louis(city)","St. Louis Police",,0,2,2,0,,"X  ","-  ","-  ",,"-  ","-  ","X  "
,,," "," "," "," ",,"   ","   ","   ",,"   ","   ","   "
"MONTANA",,," "," "," "," ",,"   ","   ","   ",,"   ","   ","   "
,,," "," "," "," ",,"   ","   ","   ",,"   ","   ","   "
"Yellowstone","Billings Police",,30,0,1,0,,"X  ","X  ","-  ",,"-  ","-  ","X  "
,,," "," "," "," ",,"   ","   ","   ",,"   ","   ","   "
"NEBRASKA",,," "," "," "," ",,"   ","   ","   ",,"   ","   ","   "
,,," "," "," "," ",,"   ","   ","   ",,"   ","   ","   "
"Douglas","Douglas County Sheriff",,2,0,0,0,,"-  ","-  ","-  ",,"-  ","-  ","X  "
"Douglas","Omaha Police",,109,8,17,1,,"X  ","-  ","-  ",,"-  ","-  ","X  "
"Lancaster","Lincoln Police",,17,0,0,3,,"-  ","-  ","-  ",,"-  ","-  ","X  "
"Sarpy ","Sarpy County Sheriff",,5,0,0,0,,"-  ","-  ","-  ",,"-  ","-  ","X  "
,,," "," "," "," ",,"   ","   ","   ",,"   ","   ","   "
"NEVADA",,," "," "," "," ",,"   ","   ","   ",,"   ","   ","   "
,,," "," "," "," ",,"   ","   ","   ",,"   ","   ","   "
"Clark","Las Vegas Metropolitan Police",,0,0,0,0,,"X  ","-  ","-  ",,"X  ","X  ","X  "
"Clark","Henderson Police",,0,0,0,0,,"X  ","-  ","-  ",,"-  ","X  ","-  "
"Clark","North Las Vegas Police",,0,0,0,0,,"X  ","X  ","-  ",,"-  ","-  ","-  "
"Washoe ","Washoe County Sheriff",,24,4,3,0,,"X  ","-  ","-  ",,"-  ","-  ","X  "
"Washoe","Reno Police",,0,0,2,4,,"-  ","-  ","-  ",,"-  ","X  ","-  "
,,," "," "," "," ",,"   ","   ","   ",,"   ","   ","   "
"NEW HAMPSHIRE",,," "," "," "," ",,"   ","   ","   ",,"   ","   ","   "
,,," "," "," "," ",,"   ","   ","   ",,"   ","   ","   "
"Hillsborough","Manchester Police",,0,0,0,0,,"-  ","-  ","-  ",,"-  ","X  ","-  "
"Hillsborough","Nashua Police",,0,0,0,0,,"-  ","-  ","-  ",,"-  ","X  ","X  "
,,," "," "," "," ",,"   ","   ","   ",,"   ","   ","   "
"NEW JERSEY",,," "," "," "," ",,"   ","   ","   ",,"   ","   ","   "
,,," "," "," "," ",,"   ","   ","   ",,"   ","   ","   "
"Atlantic","Atlantic City Police",,0,0,0,0,,"X  ","-  ","-  ",,"-  ","-  ","-  "
"Bergen","Hackensack Police",,0,12,0,0,,"-  ","-  ","-  ",,"-  ","-  ","-  "
"Camden","Camden Police",,0,0,0,0,,"-  ","-  ","X  ",,"-  ","X  ","-  "
"Camden","Cherry Hill Police",,0,0,0,0,,"-  ","-  ","-  ",,"-  ","-  ","-  "
"Cape May","Cape May County Sheriff",,0,0,0,0,,"X  ","-  ","-  ",,"-  ","-  ","-  "
"Cumberland","Vineland Police",,0,0,0,0,,"-  ","-  ","-  ",,"-  ","-  ","-  "
"Essex","Belleville Police",,0,0,0,0,,"-  ","X  ","-  ",,"-  ","-  ","-  "
"Essex","Bloomfield Police",,0,0,0,0,,"-  ","-  ","-  ",,"-  ","-  ","-  "
"Essex","East Orange Police",,1,0,0,1,,"-  ","-  ","-  ",,"-  ","X  ","-  "
"Essex","Irvington Police",,0,0,0,0,,"-  ","-  ","-  ",,"-  ","-  ","-  "
"Essex","Montclair Police",,0,0,0,0,,"X  ","-  ","-  ",,"-  ","-  ","-  "
"Essex","Newark Police",,0,0,0,0,,"-  ","-  ","-  ",,"-  ","-  ","-  "
"Essex","Orange Police",,2,0,0,0,,"-  ","-  ","-  ",,"-  ","X  ","-  "
"Essex","West Orange Police",,0,0,0,0,,"-  ","-  ","-  ",,"-  ","X  ","-  "
"Hudson","Hudson County Sheriff",,0,0,0,0,,"-  ","-  ","-  ",,"-  ","-  ","-  "
"Hudson","Bayonne Police",,0,1,2,0,,"X  ","X  ","-  ",,"-  ","X  ","-  "
"Hudson","Hoboken Police",,0,0,0,0,,"-  ","-  ","-  ",,"-  ","X  ","-  "
"Hudson","Jersey City Police",,0,0,0,0,,"-  ","X  ","-  ",,"-  ","X  ","-  "
"Hudson","Kearny Police",,0,0,1,0,,"-  ","-  ","-  ",,"-  ","-  ","-  "
"Hudson","North Bergen Police",,0,10,0,0,,"-  ","-  ","-  ",,"-  ","X  ","-  "
"Hudson","Union City Police",,0,0,0,0,,"-  ","-  ","-  ",,"-  ","-  ","-  "
"Hudson","West New York Police",,0,0,0,0,,"-  ","-  ","-  ",,"-  ","X  ","-  "
"Mercer","Hamilton Police",,1,0,0,6,,"-  ","-  ","-  ",,"-  ","-  ","-  "
"Mercer","Trenton Police",,0,0,2,0,,"-  ","-  ","-  ",,"-  ","-  ","-  "
"Middlesex","Edison Police",,"--- ","--- ","--- ","--- ",,"---       ","---       ","---       ",,"---       ","---       ","---      "
"Middlesex","New Brunswick Police",,0,0,0,0,,"X  ","-  ","-  ",,"-  ","-  ","-  "
"Middlesex","Perth Amboy Police",,1,0,1,0,,"-  ","-  ","-  ",,"-  ","X  ","-  "
"Middlesex","Woodbridge Police",,4,0,2,4,,"X  ","-  ","-  ",,"-  ","-  ","-  "
"Morris","Parsippany Police",,0,0,0,0,,"-  ","-  ","-  ",,"-  ","-  ","-  "
"Ocean","Brick Township Police",,0,0,0,0,,"X  ","X  ","-  ",,"-  ","-  ","X  "
"Ocean","Dover Township Police",,1,0,0,0,,"-  ","X  ","-  ",,"-  ","X  ","X  "
"Passaic","Passaic County Sheriff",,0,0,0,0,,"-  ","-  ","-  ",,"-  ","-  ","-  "
"Passaic","Clifton Police",,0,0,0,2,,"-  ","-  ","-  ",,"-  ","-  ","-  "
"Passaic","Passaic Police",,0,0,0,0,,"-  ","-  ","-  ",,"-  ","-  ","-  "
"Passaic","Paterson Police",,"--- ","--- ","--- ","--- ",,"---       ","---       ","---       ",,"---       ","---       ","---      "
"Passaic","Wayne Police",,0,2,0,0,,"-  ","-  ","-  ",,"-  ","-  ","-  "
"Union","Elizabeth Police",,0,0,1,0,,"-  ","-  ","-  ",,"-  ","X  ","-  "
"Union","Linden Police",,0,2,0,0,,"X  ","-  ","-  ",,"-  ","X  ","-  "
"Union","Plainfield Police",,0,1,0,1,,"-  ","-  ","-  ",,"-  ","X  ","-  "
"Union","Union Police",,0,0,1,0,,"X  ","-  ","-  ",,"-  ","-  ","-  "
,,," "," "," "," ",,"   ","   ","   ",,"   ","   ","   "
"NEW MEXICO",,," "," "," "," ",,"   ","   ","   ",,"   ","   ","   "
,,," "," "," "," ",,"   ","   ","   ",,"   ","   ","   "
"Bernalillo","Bernalillo County Sheriff",,0,1,1,3,,"-  ","-  ","-  ",,"-  ","-  ","X  "
"Bernalillo","Albuquerque Police",,0,0,0,11,,"X  ","-  ","-  ",,"-  ","-  ","X  "
"Dona Ana","Las Cruces Police",,40,0,0,0,,"-  ","-  ","-  ",,"-  ","-  ","X  "
"Santa Fe ","Santa Fe Police",,5,0,0,0,,"-  ","-  ","-  ",,"-  ","-  ","-  "
,,," "," "," "," ",,"   ","   ","   ",,"   ","   ","   "
"NEW YORK",,," "," "," "," ",,"   ","   ","   ",,"   ","   ","   "
,,," "," "," "," ",,"   ","   ","   ",,"   ","   ","   "
"Albany","Albany County Sheriff",,0,0,0,0,,"-  ","-  ","-  ",,"-  ","-  ","-  "
"Albany","Albany Police",,0,9,0,0,,"-  ","-  ","X  ",,"-  ","-  ","X  "
"Albany","Colonie Police",,0,0,0,0,,"-  ","-  ","-  ",,"-  ","-  ","-  "
"Broome","Binghamton Police",,1,0,0,0,,"X  ","-  ","-  ",,"-  ","-  ","-  "
"Dutchess","Dutchess County Sheriff",,1,2,1,0,,"X  ","-  ","-  ",,"-  ","-  ","-  "
"Erie","Erie County Sheriff",,0,0,1,0,,"X  ","-  ","-  ",,"-  ","-  ","-  "
"Erie","Amherst Police",,0,0,0,0,,"-  ","X  ","-  ",,"-  ","-  ","-  "
"Erie","Buffalo Police",,0,0,0,0,,"-  ","-  ","-  ",,"-  ","-  ","-  "
"Erie","Cheektowaga Police",,0,4,2,0,,"-  ","-  ","-  ",,"-  ","-  ","X  "
"Erie","Tonawanda Police",,6,0,0,6,,"-  ","-  ","-  ",,"-  ","-  ","-  "
"Monroe","Monroe County Sheriff",,0,0,0,0,,"-  ","X  ","-  ",,"-  ","-  ","X  "
"Monroe","Rochester Police",,0,0,0,0,,"-  ","-  ","-  ",,"-  ","-  ","X  "
"Nassau","Nassau County Police",,0,19,4,0,,"X  ","X  ","-  ",,"X  ","X  ","-  "
"Nassau","Hempstead Police",,3,2,0,0,,"-  ","-  ","-  ",,"-  ","X  ","-  "
"New York City","New York City Police",,105,1100,0,0,,"X  ","X  ","-  ",,"-  ","X  ","-  "
"Niagara","Niagara County Sheriff",,4,0,0,0,,"-  ","-  ","-  ",,"-  ","-  ","X  "
"Niagara","Niagara Falls Police",,0,0,0,0,,"-  ","-  ","X  ",,"-  ","-  ","-  "
"Oneida","Utica Police",,0,0,3,0,,"X  ","-  ","-  ",,"-  ","-  ","-  "
"Onondaga","Onondaga County Sheriff",,0,0,0,0,,"-  ","-  ","-  ",,"-  ","-  ","-  "
"Onondaga","Syracuse Police",,0,0,0,0,,"-  ","-  ","-  ",,"-  ","X  ","X  "
"Rensselaer","Troy Police",,1,2,0,1,,"-  ","-  ","-  ",,"-  ","-  ","-  "
"Rockland","Rockland County Sheriff",,0,0,0,0,,"-  ","X  ","-  ",,"-  ","X  ","X  "
"Rockland","Clarkstown Police",,0,0,1,1,,"X  ","-  ","-  ",,"X  ","X  ","-  "
"Rockland","Ramapo Police",,0,0,0,0,,"X  ","-  ","-  ",,"-  ","X  ","-  "
"Schenectady ","Schenectady Police",,0,21,2,0,,"X  ","-  ","-  ",,"-  ","-  ","-  "
"Suffolk","Suffolk County Sheriff",,0,0,3,0,,"-  ","X  ","-  ",,"-  ","-  ","-  "
"Suffolk","Suffolk County Police",,0,0,25,8,,"X  ","X  ","-  ",,"-  ","X  ","X  "
"Westchester","Westchester County Police",,0,0,0,0,,"X  ","-  ","-  ",,"-  ","X  ","X  "
"Westchester","Greenburgh Police",,0,0,0,0,,"-  ","X  ","-  ",,"-  ","X  ","-  "
"Westchester","Mt. Vernon Police",,15,0,0,0,,"X  ","X  ","X  ",,"-  ","-  ","-  "
"Westchester","New Rochelle Police",,0,0,2,0,,"X  ","-  ","-  ",,"-  ","-  ","X  "
"Westchester","White Plains Police",,0,0,1,0,,"-  ","X  ","-  ",,"-  ","X  ","X  "
"Westchester","Yonkers Police",,0,0,0,0,,"-  ","-  ","-  ",,"-  ","X  ","-  "
,,," "," "," "," ",,"   ","   ","   ",,"   ","   ","   "
"NORTH CAROLINA",,," "," "," "," ",,"   ","   ","   ",,"   ","   ","   "
,,," "," "," "," ",,"   ","   ","   ",,"   ","   ","   "
"Alamance","Burlington Police",,6,0,0,0,,"X  ","-  ","-  ",,"-  ","-  ","-  "
"Buncombe","Buncombe County Sheriff",,39,100,0,0,,"X  ","-  ","X  ",,"-  ","-  ","X  "
"Buncombe","Asheville Police",,8,0,0,0,,"-  ","-  ","-  ",,"-  ","-  ","X  "
"Cabarrus","Cabarrus County Sheriff",,0,0,0,0,,"X  ","-  ","X  ",,"-  ","-  ","X  "
"Catawba","Hickory Police",,2,0,0,2,,"-  ","-  ","-  ",,"-  ","-  ","X  "
"Cumberland","Cumberland County Sheriff",,15,0,0,0,,"X  ","X  ","-  ",,"-  ","-  ","-  "
"Cumberland","Fayetteville Police",,31,1,8,3,,"X  ","-  ","X  ",,"-  ","-  ","X  "
"Davidson","Davidson County Sheriff",,28,1,1,10,,"-  ","X  ","-  ",,"-  ","-  ","X  "
"Durham ","Durham County Sheriff",,0,0,0,0,,"X  ","-  ","X  ",,"-  ","-  ","X  "
"Durham","Durham Police",,55,0,3,9,,"X  ","X  ","-  ",,"-  ","-  ","-  "
"Forsyth","Forsyth County Sheriff",,100,0,0,3,,"-  ","-  ","-  ",,"X  ","X  ","X  "
"Forsyth","Winston-Salem Police",,0,1,0,0,,"X  ","-  ","-  ",,"-  ","-  ","-  "
"Gaston","Gaston County Police",,5,0,0,0,,"-  ","-  ","-  ",,"-  ","-  ","X  "
"Gaston","Gastonia Police",,25,0,0,0,,"X  ","-  ","X  ",,"-  ","-  ","X  "
"Guilford","Guilford County Sheriff",,14,0,0,7,,"-  ","-  ","-  ",,"-  ","-  ","X  "
"Guilford","Greensboro Police",,0,0,0,0,,"-  ","-  ","-  ",,"-  ","-  ","X  "
"Guilford","High Point Police",,6,0,0,0,,"X  ","-  ","-  ",,"-  ","-  ","X  "
"Mecklenburg","Charlotte-Mecklenburg Police",,481,6,2,0,,"X  ","-  ","-  ",,"-  ","-  ","X  "
"Nash","Rocky Mount Police",,0,0,0,0,,"-  ","-  ","-  ",,"-  ","-  ","X  "
"New Hanover","Wilmington Police",,0,0,0,8,,"-  ","X  ","X  ",,"-  ","-  ","-  "
"Orange","Orange County Sheriff",,0,0,0,0,,"X  ","-  ","-  ",,"-  ","-  ","-  "
"Pitt","Greenville Police",,16,5,0,0,,"X  ","-  ","-  ",,"-  ","-  ","X  "
"Rowan","Rowan County Sheriff",,8,0,0,0,,"-  ","-  ","-  ",,"-  ","-  ","X  "
"Union","Union County Sheriff",,20,0,2,0,,"-  ","X  ","-  ",,"-  ","-  ","X  "
"Wake","Wake County Sheriff",,15,0,0,0,,"-  ","-  ","-  ",,"-  ","-  ","-  "
"Wake","Raleigh Police",,55,0,0,0,,"-  ","-  ","-  ",,"-  ","-  ","-  "
"Wilson","Wilson Police",,10,0,1,0,,"-  ","X  ","-  ",,"-  ","-  ","-  "
,,," "," "," "," ",,"   ","   ","   ",,"   ","   ","   "
"OHIO",,," "," "," "," ",,"   ","   ","   ",,"   ","   ","   "
,,," "," "," "," ",,"   ","   ","   ",,"   ","   ","   "
"Butler","Butler County Sheriff",,7,0,0,0,,"-  ","-  ","-  ",,"-  ","-  ","X  "
"Butler","Hamilton Police",,0,0,0,0,,"-  ","-  ","-  ",,"-  ","-  ","X  "
"Clark","Clark County Sheriff",,0,0,0,0,,"-  ","-  ","-  ",,"-  ","-  ","X  "
"Clark","Springfield Police",,0,0,0,0,,"X  ","-  ","-  ",,"-  ","-  ","-  "
"Cuyahoga","Cleveland Police",,0,0,0,0,,"-  ","X  ","-  ",,"-  ","-  ","X  "
"Cuyahoga","Cleveland Heights Police",,0,10,0,0,,"X  ","X  ","-  ",,"-  ","-  ","-  "
"Cuyahoga","Euclid Police",,5,12,5,2,,"X  ","X  ","-  ",,"-  ","-  ","-  "
"Franklin","Franklin County Sheriff",,10,0,0,10,,"-  ","-  ","-  ",,"-  ","-  ","-  "
"Franklin","Columbus Police",,0,0,9,11,,"X  ","X  ","-  ",,"-  ","X  ","X  "
"Hamilton","Hamilton County Sheriff",,0,0,0,0,,"X  ","-  ","-  ",,"-  ","-  ","X  "
"Hamilton","Cincinnati Police",,142,9,0,0,,"X  ","-  ","-  ",,"-  ","-  ","X  "
"Lorain","Lorain Police",,0,3,0,0,,"-  ","-  ","-  ",,"-  ","-  ","-  "
"Lucas","Lucas County Sheriff",,0,0,0,0,,"-  ","-  ","-  ",,"-  ","-  ","-  "
"Lucas","Toledo Police",,0,0,0,0,,"-  ","-  ","-  ",,"-  ","-  ","X  "
"Mahoning","Youngstown Police",,0,10,0,0,,"X  ","-  ","-  ",,"-  ","-  ","-  "
"Montgomery","Montgomery County Sheriff",,48,0,1,0,,"X  ","-  ","-  ",,"-  ","-  ","X  "
"Montgomery","Dayton Police",,0,0,0,0,,"-  ","-  ","-  ",,"-  ","-  ","X  "
"Stark ","Stark County Sheriff",,41,37,6,0,,"-  ","-  ","-  ",,"-  ","-  ","X  "
"Stark","Canton Police",,20,0,2,0,,"X  ","-  ","-  ",,"-  ","-  ","X  "
"Summit","Summit County Sheriff",,10,5,0,0,,"-  ","-  ","-  ",,"-  ","-  ","-  "
"Summit","Akron Police",,0,0,0,14,,"X  ","X  ","X  ",,"-  ","-  ","X  "
,,," "," "," "," ",,"   ","   ","   ",,"   ","   ","   "
"OKLAHOMA",,," "," "," "," ",,"   ","   ","   ",,"   ","   ","   "
,,," "," "," "," ",,"   ","   ","   ",,"   ","   ","   "
"Cleveland","Norman Police",,21,1,1,2,,"X  ","-  ","X  ",,"-  ","-  ","X  "
"Comanche","Lawton Police",,25,0,0,0,,"X  ","-  ","-  ",,"-  ","-  ","-  "
"Oklahoma","Oklahoma County Sheriff",,0,105,0,0,,"X  ","-  ","X  ",,"-  ","-  ","X  "
"Oklahoma","Oklahoma City Police",,0,6,6,5,,"X  ","-  ","-  ",,"-  ","-  ","X  "
"Tulsa","Tulsa County Sheriff",,7,8,0,0,,"-  ","-  ","-  ",,"-  ","-  ","X  "
"Tulsa","Tulsa Police",,50,0,1,0,,"X  ","X  ","-  ",,"-  ","-  ","X  "
,,," "," "," "," ",,"   ","   ","   ",,"   ","   ","   "
"OREGON",,," "," "," "," ",,"   ","   ","   ",,"   ","   ","   "
,,," "," "," "," ",,"   ","   ","   ",,"   ","   ","   "
"Clackamas","Clackamas County Sheriff",,0,94,1,0,,"-  ","-  ","-  ",,"-  ","-  ","X  "
"Douglas","Douglas County Sheriff",,0,0,0,0,,"-  ","-  ","-  ",,"-  ","-  ","X  "
"Jackson","Jackson County Sheriff",,2,1,0,0,,"X  ","X  ","X  ",,"-  ","-  ","X  "
"Lane ","Lane County Sheriff",,0,0,10,0,,"X  ","-  ","-  ",,"-  ","-  ","X  "
"Lane ","Eugene Police",,4,2,2,0,,"-  ","-  ","X  ",,"-  ","-  ","X  "
"Marion","Salem Police",,0,0,0,0,,"-  ","-  ","-  ",,"-  ","-  ","X  "
"Multnomah","Gresham Police",,0,0,0,0,,"X  ","X  ","X  ",,"-  ","X  ","X  "
"Multnomah","Portland Police",,0,9,5,0,,"-  ","-  ","-  ",,"-  ","-  ","X  "
"Washington","Washington County Sheriff",,0,0,0,0,,"-  ","-  ","-  ",,"-  ","-  ","X  "
"Washington ","Beaverton Police",,1,0,1,0,,"-  ","-  ","-  ",,"-  ","-  ","X  "
" ",,," "," "," "," ",,"   ","   ","   ",,"   ","   ","   "
"PENNSYLVANIA",,," "," "," "," ",,"   ","   ","   ",,"   ","   ","   "
,,," "," "," "," ",,"   ","   ","   ",,"   ","   ","   "
"Allegheny","Allegheny County Sheriff",,0,0,1,0,,"-  ","X  ","-  ",,"-  ","-  ","-  "
"Allegheny","Allegheny County Police",,0,0,1,0,,"X  ","-  ","X  ",,"-  ","-  ","X  "
"Allegheny","Pittsburgh Police",,0,0,5,0,,"-  ","X  ","-  ",,"-  ","-  ","X  "
"Berks","Reading Police",,0,0,2,1,,"-  ","-  ","-  ",,"-  ","-  ","-  "
"Dauphin","Harrisburg Police",,0,0,0,0,,"-  ","-  ","-  ",,"-  ","-  ","-  "
"Delaware","Chester Police",,8,0,0,0,,"-  ","-  ","-  ",,"-  ","X  ","-  "
"Delaware","Upper Darby Township Police",,0,0,0,0,,"-  ","-  ","-  ",,"-  ","X  ","X  "
"Erie","Erie Police",,0,0,0,0,,"-  ","-  ","-  ",,"-  ","-  ","X  "
"Lackawanna","Scranton Police",,0,0,0,0,,"-  ","-  ","X  ",,"-  ","-  ","-  "
"Lancaster","Lancaster Police",,0,3,0,0,,"-  ","-  ","-  ",,"-  ","-  ","X  "
"Lehigh","Allentown Police",,2,4,2,0,,"X  ","-  ","-  ",,"-  ","-  ","X  "
"Montgomery","Lower Merion Township Police",,26,0,1,0,,"-  ","-  ","-  ",,"-  ","-  ","X  "
"Northampton","Bethlehem Police",,4,0,0,0,,"-  ","-  ","X  ",,"-  ","-  ","-  "
"Philadelphia","Philadelphia Police",,0,25,5,0,,"X  ","-  ","-  ",,"-  ","X  ","-  "
,,," "," "," "," ",,"   ","   ","   ",,"   ","   ","   "
"RHODE ISLAND",,," "," "," "," ",,"   ","   ","   ",,"   ","   ","   "
,,," "," "," "," ",,"   ","   ","   ",,"   ","   ","   "
"Kent ","Warwick Police",,0,0,0,0,,"-  ","-  ","-  ",,"-  ","X  ","X  "
"Providence","Cranston Police",,0,0,0,0,,"-  ","-  ","-  ",,"-  ","X  ","X  "
"Providence","Pawtucket Police",,0,0,0,0,,"-  ","-  ","-  ",,"-  ","-  ","-  "
"Providence","Providence Police",,0,0,0,0,,"-  ","-  ","-  ",,"-  ","-  ","X  "
,,," "," "," "," ",,"   ","   ","   ",,"   ","   ","   "
"SOUTH CAROLINA",,," "," "," "," ",,"   ","   ","   ",,"   ","   ","   "
,,," "," "," "," ",,"   ","   ","   ",,"   ","   ","   "
"Anderson","Anderson County Sheriff",,0,2,2,5,,"X  ","X  ","-  ",,"-  ","-  ","X  "
"Beaufort","Beaufort County Sheriff",,4,0,0,0,,"-  ","-  ","-  ",,"-  ","-  ","-  "
"Charleston","Charleston County Sheriff",,61,0,8,17,,"X  ","-  ","X  ",,"-  ","-  ","X  "
"Charleston","Charleston Police",,0,2,2,2,,"-  ","-  ","-  ",,"-  ","-  ","-  "
"Charleston","North Charleston Police",,0,0,1,0,,"-  ","-  ","-  ",,"-  ","-  ","-  "
"Florence","Florence County Sheriff",,0,1,1,5,,"-  ","-  ","X  ",,"-  ","-  ","-  "
"Greenville","Greenville County Sheriff",,0,0,4,14,,"X  ","-  ","X  ",,"-  ","-  ","X  "
"Greenville","Greenville Police",,15,0,1,0,,"X  ","X  ","X  ",,"-  ","-  ","-  "
"Horry","Horry County Police",,90,0,1,6,,"-  ","-  ","-  ",,"-  ","-  ","X  "
"Horry","Myrtle Beach Police",,0,0,0,3,,"X  ","-  ","-  ",,"-  ","-  ","-  "
"Lexington","Lexington County Sheriff",,0,4,0,10,,"X  ","-  ","-  ",,"-  ","-  ","X  "
"Richland","Richland County Sheriff",,0,0,0,0,,"X  ","-  ","-  ",,"-  ","-  ","X  "
"Richland","Columbia Police",,0,0,3,6,,"X  ","-  ","-  ",,"-  ","-  ","-  "
"Spartanburg","Spartanburg County Sheriff",,7,0,0,0,,"X  ","-  ","-  ",,"-  ","-  ","-  "
"Spartanburg","Spartanburg Police",,4,0,0,0,,"-  ","-  ","-  ",,"-  ","-  ","X  "
,,," "," "," "," ",,"   ","   ","   ",,"   ","   ","   "
"SOUTH DAKOTA",,," "," "," "," ",,"   ","   ","   ",,"   ","   ","   "
,,," "," "," "," ",,"   ","   ","   ",,"   ","   ","   "
"Minnehaha","Sioux Falls Police",,20,0,2,0,,"-  ","-  ","-  ",,"-  ","-  ","-  "
,,," "," "," "," ",,"   ","   ","   ",,"   ","   ","   "
"TENNESSEE",,," "," "," "," ",,"   ","   ","   ",,"   ","   ","   "
,,," "," "," "," ",,"   ","   ","   ",,"   ","   ","   "
"Blount","Blount County Sheriff",,24,0,0,0,,"X  ","-  ","-  ",,"-  ","-  ","-  "
"Davidson","Nashville Metropolitan Police",,0,20,13,10,,"-  ","-  ","X  ",,"-  ","-  ","-  "
"Hamilton","Hamilton County Sheriff",,6,18,2,0,,"-  ","-  ","-  ",,"-  ","-  ","-  "
"Hamilton","Chattanooga Police",,1,0,0,3,,"-  ","-  ","-  ",,"-  ","-  ","-  "
"Knox","Knox County Sheriff",,10,0,1,0,,"-  ","-  ","-  ",,"-  ","-  ","-  "
"Knox","Knoxville Police",,300,0,2,0,,"-  ","-  ","-  ",,"-  ","-  ","-  "
"Madison","Jackson Police",,56,0,0,56,,"X  ","-  ","-  ",,"-  ","-  ","-  "
"Montgomery","Clarksville Police",,0,0,0,0,,"-  ","-  ","-  ",,"-  ","-  ","-  "
"Rutherford","Murfreesboro Police",,84,0,0,0,,"X  ","-  ","-  ",,"-  ","-  ","X  "
"Shelby","Shelby County Sheriff",,0,0,2,0,,"-  ","-  ","-  ",,"-  ","-  ","-  "
"Shelby","Memphis Police",,0,0,0,25,,"X  ","-  ","-  ",,"X  ","X  ","-  "
"Sullivan","Sullivan County Sheriff",,0,0,0,0,,"-  ","-  ","-  ",,"-  ","-  ","X  "
"Washington","Johnson City Police",,10,0,0,0,,"-  ","-  ","-  ",,"-  ","-  ","X  "
,,," "," "," "," ",,"   ","   ","   ",,"   ","   ","   "
"TEXAS",,," "," "," "," ",,"   ","   ","   ",,"   ","   ","   "
,,," "," "," "," ",,"   ","   ","   ",,"   ","   ","   "
"Bell","Killeen Police",,28,8,33,3,,"-  ","-  ","X  ",,"-  ","-  ","X  "
"Bell","Temple Police",,0,0,0,0,,"-  ","-  ","-  ",,"-  ","-  ","-  "
"Bexar","Bexar County Sheriff",,10,0,0,13,,"-  ","-  ","X  ",,"-  ","X  ","X  "
"Bexar","San Antonio Police",,18,10,4,0,,"X  ","X  ","X  ",,"X  ","X  ","X  "
"Brazoria","Brazoria County Sheriff",,0,0,0,0,,"X  ","X  ","-  ",,"-  ","X  ","X  "
"Cameron","Brownsville Police",,2,0,0,0,,"-  ","-  ","-  ",,"-  ","X  ","X  "
"Cameron","Harlingen Police",,21,7,0,1,,"-  ","-  ","-  ",,"-  ","-  ","-  "
"Collin","Plano Police",,64,0,0,0,,"X  ","-  ","-  ",,"-  ","X  ","X  "
"Dallas","Dallas County Sheriff",,10,10,0,0,,"-  ","X  ","-  ",,"-  ","-  ","-  "
"Dallas ","Carrollton Police",,4,0,0,0,,"-  ","-  ","-  ",,"-  ","X  ","-  "
"Dallas","Dallas Police",,0,0,3,0,,"-  ","-  ","-  ",,"-  ","-  ","-  "
"Dallas","Garland Police",,78,0,0,0,,"X  ","-  ","-  ",,"-  ","-  ","-  "
"Dallas","Grand Prairie Police",,16,0,1,0,,"X  ","-  ","-  ",,"-  ","X  ","X  "
"Dallas","Irving Police",,18,58,2,0,,"X  ","-  ","X  ",,"-  ","X  ","X  "
"Dallas","Mesquite Police",,0,19,1,0,,"X  ","X  ","X  ",,"-  ","X  ","-  "
"Dallas","Richardson Police",,7,0,0,0,,"X  ","-  ","X  ",,"-  ","-  ","X  "
"Denton","Denton County Sheriff",,3,0,0,0,,"X  ","X  ","X  ",,"-  ","-  ","X  "
"Denton","Denton Police",,0,16,1,4,,"-  ","-  ","-  ",,"-  ","X  ","-  "
"Ector","Odessa Police",,44,0,0,0,,"X  ","-  ","-  ",,"X  ","X  ","-  "
"El Paso ","El Paso County Sheriff",,0,0,0,0,,"-  ","-  ","-  ",,"-  ","-  ","X  "
"El Paso","El Paso Police",,4,2,2,0,,"X  ","X  ","X  ",,"X  ","X  ","-  "
"Fort Bend","Fort Bend County Sheriff",,30,0,2,28,,"-  ","X  ","-  ",,"-  ","X  ","-  "
"Galveston ","Galveston County Sheriff",,0,0,0,0,,"-  ","-  ","-  ",,"-  ","-  ","-  "
"Galveston ","Galveston Police",,0,0,0,0,,"-  ","-  ","-  ",,"-  ","X  ","-  "
"Gregg","Longview Police",,12,0,0,0,,"-  ","-  ","-  ",,"-  ","-  ","X  "
"Harris","Harris County Sheriff",,0,0,3,0,,"X  ","-  ","-  ",,"-  ","X  ","X  "
"Harris","Baytown Police",,30,0,0,0,,"X  ","-  ","-  ",,"-  ","-  ","-  "
"Harris","Houston Police",,0,0,0,0,,"-  ","-  ","-  ",,"-  ","X  ","X  "
"Harris","Pasadena Police",,3,0,1,0,,"X  ","-  ","-  ",,"-  ","X  ","X  "
"Hidalgo","Hidalgo County Sheriff",,0,5,0,0,,"X  ","-  ","-  ",,"-  ","-  ","-  "
"Hidalgo","McAllen Police",,8,16,0,5,,"X  ","-  ","-  ",,"-  ","X  ","-  "
"Jefferson","Beaumont Police",,37,0,0,0,,"X  ","-  ","-  ",,"-  ","-  ","-  "
"Jefferson","Port Arthur Police",,27,0,0,12,,"X  ","-  ","-  ",,"-  ","-  ","X  "
"Lubbock","Lubbock Police",,214,16,1,0,,"X  ","-  ","X  ",,"-  ","-  ","X  "
"McLennan","McLennan County Sheriff",,0,15,0,0,,"-  ","-  ","-  ",,"-  ","-  ","-  "
"McLennan","Waco Police",,0,0,0,3,,"X  ","-  ","-  ",,"-  ","-  ","X  "
"Midland","Midland Police",,65,4,2,4,,"-  ","X  ","-  ",,"-  ","-  ","X  "
"Montgomery","Montgomery County Sheriff",,30,2,2,5,,"X  ","-  ","-  ",,"-  ","X  ","X  "
"Nueces","Nueces County Sheriff",,6,18,2,0,,"-  ","-  ","-  ",,"-  ","-  ","-  "
"Nueces","Corpus Christi Police",,0,0,0,0,,"-  ","-  ","-  ",,"-  ","-  ","-  "
"Potter","Amarillo Police",,34,0,0,0,,"-  ","-  ","-  ",,"X  ","-  ","X  "
"Smith","Smith County Sheriff",,1,1,1,0,,"-  ","-  ","-  ",,"-  ","-  ","X  "
"Smith","Tyler Police",,0,0,0,0,,"-  ","-  ","-  ",,"-  ","-  ","X  "
"Tarrant","Tarrant County Sheriff",,26,100,10,0,,"-  ","-  ","-  ",,"-  ","-  ","X  "
"Tarrant","Arlington Police",,0,0,0,0,,"X  ","-  ","X  ",,"-  ","X  ","-  "
"Tarrant","Fort Worth Police",,20,490,0,25,,"X  ","X  ","X  ",,"-  ","X  ","X  "
"Taylor","Abilene Police",,0,0,0,0,,"-  ","-  ","-  ",,"-  ","-  ","-  "
"Tom Green","San Angelo Police",,0,0,0,0,,"-  ","-  ","-  ",,"-  ","-  ","X  "
"Travis","Travis County Sheriff",,3,0,0,0,,"X  ","-  ","-  ",,"-  ","X  ","X  "
"Travis","Austin Police",,30,0,0,5,,"X  ","-  ","-  ",,"-  ","X  ","X  "
"Victoria","VIctoria County Sheriff",,4,0,2,0,,"X  ","X  ","-  ",,"-  ","-  ","-  "
"Webb","Webb County Sheriff",,1,16,0,0,,"-  ","-  ","-  ",,"-  ","-  ","-  "
"Webb","Laredo Police",,0,0,0,0,,"X  ","-  ","-  ",,"-  ","-  ","X  "
"Wichita","Wichita Falls Police",,41,0,0,0,,"X  ","-  ","X  ",,"-  ","-  ","X  "
"Williamson","Williamson County Sheriff",,40,0,0,0,,"-  ","-  ","-  ",,"-  ","X  ","-  "
,,," "," "," "," ",,"   ","   ","   ",,"   ","   ","   "
"UTAH",,," "," "," "," ",,"   ","   ","   ",,"   ","   ","   "
,,," "," "," "," ",,"   ","   ","   ",,"   ","   ","   "
"Salt Lake","Salt Lake County Sheriff",,56,0,2,0,,"X  ","-  ","-  ",,"X  ","X  ","X  "
"Salt Lake","Salt Lake City Police",,0,0,1,0,,"-  ","-  ","X  ",,"-  ","-  ","X  "
"Salt Lake","West Valley City Police",,0,5,3,12,,"X  ","-  ","-  ",,"-  ","-  ","X  "
"Utah","Utah County Sheriff",,30,0,0,0,,"-  ","X  ","X  ",,"-  ","-  ","X  "
"Weber","Ogden Police",,0,0,0,0,,"-  ","-  ","-  ",,"-  ","-  ","-  "
,,," "," "," "," ",,"   ","   ","   ",,"   ","   ","   "
"VIRGINIA",,," "," "," "," ",,"   ","   ","   ",,"   ","   ","   "
,,," "," "," "," ",,"   ","   ","   ",,"   ","   ","   "
"Albemarle","Albemarle County Police",,25,2,2,0,,"X  ","-  ","-  ",,"-  ","-  ","X  "
"Alexandria(city)","Alexandria Police",,0,0,1,0,,"X  ","-  ","-  ",,"-  ","X  ","X  "
"Arlington","Arlington County Police",,0,0,0,0,,"-  ","-  ","-  ",,"-  ","X  ","X  "
"Chesapeake(city)","Chesapeake Police",,0,1,0,0,,"X  ","-  ","-  ",,"-  ","-  ","-  "
"Chesterfield","Chesterfield County Police",,1,4,3,0,,"X  ","X  ","X  ",,"-  ","X  ","X  "
"Danville(city)","Danville Police",,12,5,2,0,,"-  ","-  ","-  ",,"-  ","-  ","X  "
"Fairfax","Fairfax County Police",,0,0,0,0,,"-  ","-  ","-  ",,"-  ","-  ","-  "
"Hampton(city)","Hampton Police",,17,0,13,0,,"-  ","-  ","-  ",,"-  ","X  ","-  "
"Hanover","Hanover County Sheriff",,0,0,0,0,,"X  ","-  ","-  ",,"-  ","X  ","X  "
"Henrico","Henrico County Police",,3,0,0,0,,"-  ","-  ","-  ",,"-  ","-  ","X  "
"Loudoun","Loudoun County Sheriff",,0,0,0,0,,"-  ","-  ","-  ",,"-  ","-  ","X  "
"Lynchburg(city)","Lynchburg Police",,10,2,0,0,,"-  ","X  ","-  ",,"-  ","-  ","X  "
"Newport News(city)","Newport News Police",,0,0,0,0,,"-  ","-  ","-  ",,"-  ","-  ","X  "
"Norfolk(city)","Norfolk Police",,0,0,0,2,,"-  ","-  ","-  ",,"-  ","X  ","-  "
"Portsmouth(city)","Portsmouth Police",,0,0,0,0,,"-  ","-  ","-  ",,"-  ","X  ","-  "
"Prince William","Prince William County Police",,0,0,1,2,,"X  ","-  ","-  ",,"-  ","X  ","X  "
"Richmond(city)","Richmond Police",,0,4,0,0,,"X  ","-  ","-  ",,"-  ","-  ","-  "
"Roanoke(city)","Roanoke Police",,21,3,0,0,,"-  ","-  ","-  ",,"-  ","-  ","-  "
"Suffolk(city)","Suffolk Police",,0,0,0,0,,"-  ","-  ","-  ",,"-  ","X  ","-  "
"Virginia Beach(city)","Virginia Beach Police",,2,10,1,2,,"X  ","-  ","-  ",,"-  ","X  ","X  "
,,," "," "," "," ",,"   ","   ","   ",,"   ","   ","   "
"WASHINGTON",,," "," "," "," ",,"   ","   ","   ",,"   ","   ","   "
,,," "," "," "," ",,"   ","   ","   ",,"   ","   ","   "
"Clark","Clark County Sheriff",,8,0,0,8,,"-  ","-  ","-  ",,"-  ","-  ","X  "
"Clark","Vancouver Police",,3,0,1,1,,"-  ","-  ","-  ",,"-  ","-  ","X  "
"King","King County Sheriff",,3,6,2,2,,"X  ","X  ","-  ",,"-  ","-  ","X  "
"King","Bellevue Police",,0,0,0,0,,"X  ","-  ","-  ",,"-  ","X  ","X  "
"King","Federal Way Police",,3,0,1,0,,"X  ","X  ","-  ",,"-  ","-  ","X  "
"King","Kent Police",,0,7,4,0,,"-  ","-  ","-  ",,"-  ","-  ","X  "
"King ","Seattle Police",,0,0,0,0,,"X  ","X  ","X  ",,"X  ","X  ","-  "
"Kitsap","Kitsap County Sheriff",,0,0,0,0,,"-  ","-  ","X  ",,"-  ","-  ","X  "
"Pierce","Pierce County Sheriff",,0,0,2,4,,"-  ","-  ","-  ",,"-  ","-  ","X  "
"Pierce","Tacoma Police",,0,8,3,0,,"-  ","X  ","-  ",,"-  ","-  ","-  "
"Snohomish","Snohomish County Sheriff",,4,0,0,0,,"-  ","-  ","-  ",,"-  ","-  ","X  "
"Snohomish","Everett Police",,0,8,8,0,,"-  ","-  ","X  ",,"-  ","-  ","X  "
"Spokane","Spokane County Sheriff",,0,0,0,3,,"-  ","-  ","-  ",,"-  ","-  ","X  "
"Spokane","Spokane Police",,1,0,1,0,,"-  ","-  ","X  ",,"-  ","-  ","X  "
"Thurston","Thurston County Sheriff",,0,15,0,0,,"-  ","X  ","-  ",,"-  ","-  ","X  "
"Yakima","Yakima Police",,2,0,0,0,,"-  ","-  ","-  ",,"-  ","-  ","X  "
,,," "," "," "," ",,"   ","   ","   ",,"   ","   ","   "
"WEST VIRGINIA",,," "," "," "," ",,"   ","   ","   ",,"   ","   ","   "
,,," "," "," "," ",,"   ","   ","   ",,"   ","   ","   "
"Cabell","Huntington Police",,1,0,0,0,,"-  ","-  ","-  ",,"-  ","-  ","X  "
"Kanawha","Charleston Police",,24,7,2,0,,"-  ","X  ","-  ",,"-  ","-  ","X  "
,,," "," "," "," ",,"   ","   ","   ",,"   ","   ","   "
"WISCONSIN",,," "," "," "," ",,"   ","   ","   ",,"   ","   ","   "
,,," "," "," "," ",,"   ","   ","   ",,"   ","   ","   "
"Brown","Brown County Sheriff",,2,0,0,0,,"-  ","-  ","-  ",,"-  ","-  ","X  "
"Brown","Green Bay Police",,0,4,0,0,,"-  ","-  ","X  ",,"-  ","X  ","X  "
"Dane","Dane County Sheriff",,14,0,0,0,,"X  ","-  ","X  ",,"-  ","-  ","X  "
"Dane ","Madison Police",,0,0,0,8,,"-  ","-  ","-  ",,"-  ","-  ","-  "
"Kenosha","Kenosha County Sheriff",,0,0,1,0,,"-  ","X  ","-  ",,"-  ","-  ","X  "
"Kenosha","Kenosha Police",,0,0,0,1,,"-  ","-  ","-  ",,"-  ","-  ","-  "
"Milwaukee","Milwaukee County Sheriff",,2,0,2,0,,"X  ","X  ","X  ",,"-  ","-  ","X  "
"Milwaukee","Milwaukee Police",,2,2,3,6,,"-  ","-  ","-  ",,"-  ","-  ","-  "
"Milwaukee","West Allis Police",,0,0,0,0,,"-  ","-  ","-  ",,"-  ","-  ","X  "
"Outgamie","Appleton Police",,0,0,0,0,,"-  ","-  ","-  ",,"-  ","-  ","-  "
"Racine","Racine County Sheriff",,0,0,0,0,,"-  ","-  ","X  ",,"-  ","-  ","X  "
"Racine","Racine Police",,0,4,0,0,,"-  ","-  ","-  ",,"-  ","-  ","X  "
"Waukesha","Waukesha County Sheriff",,0,0,0,6,,"X  ","X  ","X  ",,"-  ","-  ","X  "
"Waukesha","Waukesha Police",,0,0,0,0,,"X  ","-  ","X  ",,"-  ","-  ","X  "
,,,,,,,,,,,,,,
"Note:  Codes for types of equipment used are as follows:",,,,,,,,,,,,,,
"""X""=Agency uses that type of equipment.",,,,,,,,,,,,,,
"""-""=Agency does not use that type of equipment.",,,,,,,,,,,,,,
"--Data were not provided by an agency.",,,,,,,,,,,,,,
