Bureau of Justice Statistics,,,,,,,
Filename: actc05at03.csv,,,,,,,
Appendix table 3. Standard error and confidence interval estimates for civil trial outcomes subsequently reversed or modified on the merits on appeal,,,,,,,
"Report title: Appeals of Civil Trials Concluded in 2005, NCJ 235187",,,,,,,
Data source:  Civil Justice Survey Trials on Appeal,,,,,,,
Refer questions to:  askbjs@usdoj.gov   202-307-0765,,,,,,,
"Authors:  Donald Farole, Jr., and Thomas H. Cohen",,,,,,,
Date of version:  10/3/2011,,,,,,,
,,,,,,,
Appendix table 3. Standard error and confidence interval estimates for civil trial outcomes subsequently reversed or modified on the merits on appeal,,,,,,,
,,Trial court outcomes reversed or modified on appeal,,,,,
,,,,95% confidence interval,,,
Case characteristic,,Standard error,,Lower bound,,Upper bound,
,All trials,3.8,%,27,%,42,%
Case type,,,,,,,
,Tort,5,%,26,%,46,%
,Contract,5.2,,26,,46,
Trial type,,,,,,,
,Bench,4.8,%,15,%,34,%
,Jury,5.2,,30,,51,
Award amount,,,,,,,
,No award,5,%,16,%,36,%
,"$1�$99,999",6.3,,22,,47,
,"$100,000 or more",6.1,,37,,61,
"Note: Standard errors and confidence intervals were calculated by using a replication method (i.e., jackknife, specifically JKN) available in WESVAR PC. Confidence intervals were calculated at the 95% level.",,,,,,,
