Bureau of Justice Statistics,,,,,,,,,,,,
Filename:  actc05t03.csv,,,,,,,,,,,,
Table 3. Case processing time of civil trials appealed between 2005 and 2010,,,,,,,,,,,,
"Report title: Appeals of Civil Trials Concluded in 2005, NCJ 235187",,,,,,,,,,,,
Data source:  Civil Justice Survey Trials on Appeal,,,,,,,,,,,,
Refer questions to:  askbjs@usdoj.gov   202-307-0765,,,,,,,,,,,,
"Authors:  Donald Farole, Jr., and Thomas H. Cohen",,,,,,,,,,,,
Date of version:  10/3/2011,,,,,,,,,,,,
,,,,,,,,,,,,
Table 3. Case processing time of civil trials appealed between 2005 and 2010,,,,,,,,,,,,
,,,,,,,,,,,,
,,,,,Time from filing to disposition of appeal,,,,,,,
,,,,,Cumulative percent of appeals disposed within�,,,,,,,
Outcome in appellate court,,Number of appeals,Mean number of months,,6 months,,12 months,,18 months,,24 months,
,All appeals,"3,900",11, mo.,27,%,58,%,82,%,96,%
Decided on the merits*,,"2,390",14,,3,,38,,75,,95,
Dismissal or withdrawn,,"1,510",6,,66,,90,,94,,99,
"Note: Includes only one appeal for each trial with an appeal filed in an intermediate appellate court or a court of last resort with initial review authority. Excludes multiple appeals, cross appeals, appeals filed in courts of last resort after intermediate appellate court review,  and data for appeals that were pending or had an unknown disposition at the end of the study. Case processing time data were available for 98% of trials appealed. Detail may not sum to total due to rounding. See appendix table 4 for standard errors.",,,,,,,,,,,,
"*Includes cases the appellate court reviewed, affirming or reversing trial court outcomes.",,,,,,,,,,,,
