Bureau of Justice Statistics,,
Filename: mchfrvat15.csv,,
"Appendix table 15. Standard errors for figure 22: Percent of violent victimizations involving intimate partners with series incidents counted as 1 and counted using victim reports for females 12 and older, 1993-2009 ",,
Report title:  Methods for Counting High-Frequency Repeat Victimizations in the National Crime Victimization Survey  NCJ 237308,,
Data source: National Crime Victimization Survey,,
"Author: Janet L. Lauritsen, Jennifer Gatewood Owens, Michael Planty, Michael Rand, and Jennifer L. Truman",,
Refer questions to: askbjs@usdoj.gov (202) 307-0765,,
Date of version: 4/04/2012,,
,,
"Appendix table 15. Standard errors for figure 22: Percent of violent victimizations involving intimate partners with series incidents counted as 1 and counted using victim reports for females 12 and older, 1993-2009 ",,
,,
,Series=1,"Series=victim reports, capped at 10"
1993,1.4,1.3
1994,1.1,1.0
1995,1.1,1.1
1996,1.2,1.1
1997,1.3,1.2
1998,1.5,1.4
1999,1.4,1.3
2000,1.6,1.4
2001,1.6,1.6
2002,1.6,1.4
2003,1.7,1.6
2004,1.8,1.7
2005,1.9,1.8
2006,1.8,1.7
2007,1.9,1.8
2008,2.1,2.0
2009,2.2,2.1
