Bureau of Justice Statistics,,,,
Filename: mchfrvf14.csv,,,,
"Figure 14. Rates of female intimate partner violence including series victimizations counted as 1, and counted using victim reports for females age 12 and older, 1993-2009 ",,,,
Report title:  Methods for Counting High-Frequency Repeat Victimizations in the National Crime Victimization Survey  NCJ 237308,,,,
Data source: National Crime Victimization Survey,,,,
"Author: Janet L. Lauritsen, Jennifer Gatewood Owens, Michael Planty, Michael Rand, and Jennifer L. Truman",,,,
Refer questions to: askbjs@usdoj.gov (202) 307-0765,,,,
Date of version: 4/04/2012,,,,
,,,,
"Figure 14. Rates of female intimate partner violence including series victimizations counted as 1, and counted using victim reports for females age 12 and older, 1993-2009 ",,,,
,,,,
,Series=1,,Series=10,
Year,Victimization rate,95% CI,Victimization rate,95% CI
1993,9.2,1.4,15.5,1.9
1994,9.4,1.1,16.8,1.6
1995,8.6,1,15.5,1.5
1996,7.5,1,14.5,1.4
1997,7.9,1.1,14.7,1.6
1998,7.7,1.1,11.7,1.5
1999,6.3,1,10,1.3
2000,5,0.9,6.7,1.1
2001,5.1,0.9,8.3,1.2
2002,4.4,0.8,6.7,1
2003,4,0.7,7.4,1.1
2004,4.1,0.8,6.6,1
2005,3.3,0.7,4.9,0.9
2006,5.3,0.9,8.4,1.2
2007,4.6,0.8,6.1,1
2008,4.3,0.8,7.1,1.1
2009,4.5,0.9,7,1.1
Note: Each estimated rate includes 95% confidence intervals.,,,,
"*Due to methodological changes in the 2006 NCVS, use caution when comparing 2006 criminal victimization estimates to other years. See Criminal Victimization, 2007, BJS Web, NCJ 224390, December 2008, for more information.",,,,
"Source: National Crime Victimization Survey, 1993-2009",,,,
