Bureau of Justice Statistics,,
Filename: mchfrvat08.csv,,
"Appendix table 8. Standard errors for figure 4: Victim-offender relationship in most recent incident in series victimization for male and female adults ages 18 or older, 2000-2009",,
Report title:  Methods for Counting High-Frequency Repeat Victimizations in the National Crime Victimization Survey  NCJ 237308,,
Data source: National Crime Victimization Survey,,
"Author: Janet L. Lauritsen, Jennifer Gatewood Owens, Michael Planty, Michael Rand, and Jennifer L. Truman",,
Refer questions to: askbjs@usdoj.gov (202) 307-0765,,
Date of version: 4/04/2012,,
,,
"Appendix table 8. Standard errors for figure 4: Victim-offender relationship in most recent incident in series victimization for male and female adults ages 18 or older, 2000-2009",,
Relationship,Males,Females
Intimate,2.3,4.0
Known ,3.8,3.9
Stranger,4.2,3.0
Unknown,1.5,1.4
,,
