Bureau of Justice Statistics,,
Filename: mchfrvf18.csv,,
"Figure 18. Percent of violent victimizations resulting in injury with series victimizations counted as 1 and counted using victim report, 1993-2009 ",,
Report title:  Methods for Counting High-Frequency Repeat Victimizations in the National Crime Victimization Survey  NCJ 237308,,
Data source: National Crime Victimization Survey,,
"Author: Janet L. Lauritsen, Jennifer Gatewood Owens, Michael Planty, Michael Rand, and Jennifer L. Truman",,
Refer questions to: askbjs@usdoj.gov (202) 307-0765,,
Date of version: 4/04/2012,,
,,
"Figure 18. Percent of violent victimizations resulting in injury with series victimizations counted as 1 and counted using victim report, 1993-2009 ",,
,,
,Percent,
,Series=1,"Series=Victim report, capped at 10"
1993,25.3,25.6
1994,25.5,23.7
1995,24.4,23.3
1996,24.3,23.4
1997,26.9,26.4
1998,25.8,23.4
1999,25.4,23.4
2000,26.7,23.9
2001,28.4,28.4
2002,28.7,25.5
2003,27,26.4
2004,29.7,29.5
2005,27.7,25.3
2006,29.2,30.3
2007,25.6,25.8
2008,23.7,22.7
2009,27.7,26.1
"*Due to methodological changes in the 2006 NCVS, use caution when comparing 2006 criminal victimization estimates to other years. See Criminal Victimization, 2007, BJS Web, NCJ 224390, December 2008, for more information.",,
"Source: National Crime Victimization Survey, 1993-2009",,
