Bureau of Justice Statistics,,
Filename: mchfrvf02.csv,,
"Figure 2. Activity during most recent incident in series victimization for male and female adults ages 18 or older, 2000-2009",,
Report title:  Methods for Counting High-Frequency Repeat Victimizations in the National Crime Victimization Survey  NCJ 237308,,
Data source: National Crime Victimization Survey,,
"Author: Janet L. Lauritsen, Jennifer Gatewood Owens, Michael Planty, Michael Rand, and Jennifer L. Truman",,
Refer questions to: askbjs@usdoj.gov (202) 307-0765,,
Date of version: 4/04/2012,,
,,
"Figure 2. Activity during most recent incident in series victimization for male and female adults ages 18 or older, 2000-2009",,
,Male,Female
Work/Duty,56.8,28.9
On way somewhere,7.7,6.8
At friends/Leisure,5.2,7.2
At home,23.1,49.0
Other,7.1,8.1
"Source: National Crime Victimization Survey, 2000-2009.",,
