Bureau of Justice Statistics,,
Filename: mchfrvf21.csv,,
"Figure 21. Percent of violent victimizations involving intimate partners with series victimizations counted as 1 and counted using victim reports, 1993-2009 ",,
Report title:  Methods for Counting High-Frequency Repeat Victimizations in the National Crime Victimization Survey  NCJ 237308,,
Data source: National Crime Victimization Survey,,
"Author: Janet L. Lauritsen, Jennifer Gatewood Owens, Michael Planty, Michael Rand, and Jennifer L. Truman",,
Refer questions to: askbjs@usdoj.gov (202) 307-0765,,
Date of version: 4/04/2012,,
,,
"Figure 21. Percent of violent victimizations involving intimate partners with series victimizations counted as 1 and counted using victim reports, 1993-2009 ",,
,,
,Percent,
,Series=1,"Series=Victim report, capped at 10"
1993,10.4,12.1
1994,10.3,12.3
1995,10.2,13.2
1996,10.1,13.0
1997,11.0,13.7
1998,12.0,13.0
1999,11.1,13.2
2000,10.4,10.6
2001,11.8,14.6
2002,11.0,12.5
2003,10.4,13.5
2004,12.1,15.3
2005,9.6,11.7
2006,12.9,15.5
2007,12.4,13.3
2008,12.9,17.3
2009,15.9,18.3
"*Due to methodological changes in the 2006 NCVS, use caution when comparing 2006 criminal victimization estimates to other years. See Criminal Victimization, 2007, BJS Web, NCJ 224390, December 2008, for more information.",,
"Source: National Crime Victimization Survey, 1993-2009.",,
