Bureau of Justice Statistics,,,,,,,,
Filename: mchfrvat03.csv,,,,,,,,
"Appendix table 3. Standard errors for table 4: Distribution of violent series victimizations by age and sex, 2000-2009",,,,,,,,
Report title:  Methods for Counting High-Frequency Repeat Victimizations in the National Crime Victimization Survey  NCJ 237308,,,,,,,,
Data source: National Crime Victimization Survey,,,,,,,,
"Author: Janet L. Lauritsen, Jennifer Gatewood Owens, Michael Planty, Michael Rand, and Jennifer L. Truman",,,,,,,,
Refer questions to: askbjs@usdoj.gov (202) 307-0765,,,,,,,,
Date of version: 4/04/2012,,,,,,,,
,,,,,,,,
"Appendix table 3. Standard errors for table 4: Distribution of violent series victimizations by age and sex, 2000-2009",,,,,,,,
,,,,,,,,
,,,Percent,,Number of victimizations,,Percent  of Total,
Total,,,,,"130,210",,~,%
,17-Dec,,,,,,,
,,Total ,~,%,"51,620",,2.1,%
,,Male ,6,,"36,101",,1.5,
,,Female,6,,"35,322",,1.5,
,,,,,,,,
,,,,,,,,
,18 and older,,,,,,,
,,Total ,~,%,"115,870",,2.1,%
,,Male ,3,,"77,202",,2.6,
,,Female,3,,"80,392",,2.7,
~Not applicable. ,,,,,,,,
