Bureau of Justice Statistics,,,,
Filename: mchfrvf16.csv,,,,
"Figure 16. Rates of violent victimization at work or on duty with series victimizations included and excluded for adults age 18 or older, 1993-2009 ",,,,
Report title:  Methods for Counting High-Frequency Repeat Victimizations in the National Crime Victimization Survey  NCJ 237308,,,,
Data source: National Crime Victimization Survey,,,,
"Author: Janet L. Lauritsen, Jennifer Gatewood Owens, Michael Planty, Michael Rand, and Jennifer L. Truman",,,,
Refer questions to: askbjs@usdoj.gov (202) 307-0765,,,,
Date of version: 4/04/2012,,,,
,,,,
"Figure 16. Rates of violent victimization at work or on duty with series victimizations included and excluded for adults age 18 or older, 1993-2009 ",,,,
,,,,
,Series excluded,,Series included,
Year,Victimization rate,95% CI,Victimization rate,95% CI
1993,9.4,1.1,22.1,1.9
1994,9.7,0.9,21.3,1.5
1995,8.7,0.8,19.1,1.4
1996,7.9,0.8,18.3,1.4
1997,7.0,0.8,15.5,1.4
1998,6.5,0.9,14.4,1.4
1999,5.9,0.8,10.6,1.1
2000,5.0,0.7,10.9,1.2
2001,4.6,0.7,6.9,0.9
2002,3.8,0.6,6.9,0.8
2003,3.8,0.6,7.6,0.9
2004,3.8,0.6,6.5,0.8
2005,3.8,0.6,6.7,0.9
2006,3.7,0.6,7.1,0.9
2007,3.0,0.5,5.8,0.8
2008,3.1,0.5,4.8,0.7
2009,2.4,0.5,3.9,0.6
Note: Each estimated rate includes 95% confidence intervals.,,,,
"*Due to methodological changes in the 2006 NCVS, use caution when comparing 2006 criminal victimization estimates to other years. See Criminal Victimization, 2007, BJS Web, NCJ 224390, December 2008, for more information.",,,,
"Source: National Crime Victimization Survey, 1993-2009",,,,
