Bureau of Justice Statistics,,
Filename: mchfrvf08.csv,,
"Figure 8. Responses to ""How many times did this type of incident happen?"" for all violent victimizations, 1993-2009",,
Report title:  Methods for Counting High-Frequency Repeat Victimizations in the National Crime Victimization Survey  NCJ 237308,,
Data source: National Crime Victimization Survey,,
"Author: Janet L. Lauritsen, Jennifer Gatewood Owens, Michael Planty, Michael Rand, and Jennifer L. Truman",,
Refer questions to: askbjs@usdoj.gov (202) 307-0765,,
Date of version: 4/04/2012,,
,,
"Figure 8. Responses to ""How many times did this type of incident happen?"" for all violent victimizations, 1993-2009",,
Victimizations,Number of victims,
,observed,expected
,,
2,4010,3386.3812
3,1917,1653.0676
4,756,1015.1119
5,373,686.1033
6,744,489.5006
7,138,361.107
8,105,276.8487
9,38,212.6519
10,280,164.5043
11,14,132.4059
12,154,104.3198
13,11,84.2583
14,11,68.2091
15,88,56.1722
16,11,44.1353
17,6,36.1107
18,60,32.0984
19,7,24.0738
20,129,20.0615
21,4,16.0492
22,6,16.0492
23,4,12.0369
24,52,8.0246
25,37,8.0246
26,31,8.0246
27,4,4.0123
28,1,4.0123
29,1,4.0123
30,83,4.0123
,,
Note: Unweighted counts. Responses of 1 and greater than 30 not shown to facilitate display of response patterns.,,
"Source: National Crime Victimization Survey, 1993-2009.",,
