Bureau of Justice Statistics,,,,
Filename: mchfrvf03.csv,,,,
"Figure 3. Victim-offender relationship in most recent incident in series victimization for male and female youth ages 12 to 17, 2000-2009",,,,
Report title:  Methods for Counting High-Frequency Repeat Victimizations in the National Crime Victimization Survey  NCJ 237308,,,,
Data source: National Crime Victimization Survey,,,,
"Author: Janet L. Lauritsen, Jennifer Gatewood Owens, Michael Planty, Michael Rand, and Jennifer L. Truman",,,,
Refer questions to: askbjs@usdoj.gov (202) 307-0765,,,,
Date of version: 4/04/2012,,,,
,,,,
"Figure 3. Victim-offender relationship in most recent incident in series victimization for male and female youth ages 12 to 17, 2000-2009",,,,
Relationship,Males,,Females,
Boyfriend/ Girlfriend/a,,,6.0,!
Known other,65.3,,67.8,
Family Member,3.9,!,18.2,!
Stranger,21.2,!,8.0,!
Unknown/b,9.6,!,,
,,,,
"!Interpret with caution; estimate based on 10 or fewer sample cases, or coefficient of variation is greater than 50%. ",,,,
a/Not shown for male because the percentage is less than 0.5%.,,,,
b/Not shown for female because the percentage is less than 0.5%.,,,,
"Source: National Crime Victimization Survey, 2000-2009.",,,,
