Bureau of Justice Statistics,,,,
Filename: mchfrvf09.csv,,,,
"Figure 9. Violent victimization rates with series victimizations included and excluded, 1993-2009 ",,,,
Report title:  Methods for Counting High-Frequency Repeat Victimizations in the National Crime Victimization Survey  NCJ 237308,,,,
Data source: National Crime Victimization Survey,,,,
"Author: Janet L. Lauritsen, Jennifer Gatewood Owens, Michael Planty, Michael Rand, and Jennifer L. Truman",,,,
Refer questions to: askbjs@usdoj.gov (202) 307-0765,,,,
Date of version: 4/04/2012,,,,
,,,,
"Figure 9. Violent victimization rates with series victimizations included and excluded, 1993-2009 ",,,,
,,,,
,Series excluded,,Series included,
,Victimization rate,95% CI,Victimization rate,95% CI
1993,49.9,3.2,79.8,4.3
1994,51.8,2.5,80.0,3.4
1995,46.6,2.4,70.7,3.1
1996,42.0,2.2,64.7,3.0
1997,39.2,2.5,61.1,3.5
1998,36.6,2.6,54.1,3.4
1999,32.8,2.1,47.2,2.6
2000,27.9,2.1,37.5,2.6
2001,25.1,2.1,32.6,2.5
2002,23.1,1.7,32.1,2.1
2003,22.6,1.6,32.1,2.0
2004,21.4,1.6,27.8,1.8
2005,21.1,1.7,28.4,2.1
2006,24.7,1.7,34.1,2.0
2007,20.7,1.6,27.2,1.9
2008,19.3,1.6,25.3,1.9
2009,17.1,1.5,22.3,1.7
Note: Each estimated rate includes 95% confidence intervals.,,,,
"*Due to methodological changes in the 2006 NCVS, use caution when comparing 2006 criminal victimization estimates to other years. See Criminal Victimization, 2007, BJS Web, NCJ 224390, December 2008, for more information.",,,,
"Source: National Crime Victimization Survey, 1993-2009.",,,,
