Bureau of Justice Statistics,,,,,,
Filename:  fjs11st301.csv,,,,,,
"Table 3.1. Defendants released at initial hearing or detention hearing, by offense, October 1, 2010-September 30, 2011",,,,,,
"Report title: Federal Justice Statistics, 2011 - Statistical Tables NCJ # 248469",,,,,,
"Data Source: Bureau of Justice Statistics, Federal Justice Statistics Program.",,,,,,
Author:  Urban Institute under the supervision of BJS,,,,,,
Refer questions to: askbjs@usdoj.gov   202-307-0765,,,,,,
Date of version: 1/7/2015,,,,,,
,,,,,,
"Table 3.1. Defendants released at initial hearing or detention hearing, by offense, October 1, 2010-September 30, 2011",,,,,,
,,,,,,
,,,,Released defendants,,
Most serious offense charged,,,All defendants,Number,Percent ,
,All offenses*,,"107,162","35,285",33,%
Violent offenses,,,"3,016",758,25,%
,Murder,,265,67,25,
,Negligent manslaughter,,0,0,�,
,Assault,,793,347,44,
,Robbery,,"1,061",141,13,
,Sexual abuse,,742,183,25,
,Kidnapping,,128,17,13,
,Threats against the President,,27,3,11,
Property offenses,,,"16,683","11,205",67,%
,Fraudulent,,"14,242","9,524",66.9,
,,Embezzlement,615,594,96.6,
,,Fraud,"12,671","8,331",65.7,
,,Forgery,34,29,85.3,
,,Counterfeiting,922,570,61.8,
,Other,,"2,441","1,681",68.9,
,,Burglary,57,22,38.6,
,,Larceny,"1,883","1,373",72.9,
,,Motor vehicle theft,91,18,20,
,,Arson and explosives,148,82,55,
,,Transportation of stolen property,150,96,64,
,,Other property offenses,112,90,80,
Drug offenses,,,"30,715","10,039",33,%
,Trafficking,,"24,230","7,628",32,
,Possession and other drug offenses,,"6,485","2,411",37,
Public-order offenses,,,"8,288","4,580",55.3,%
,Regulatory,,"1,254",818,65.2,
,,Agriculture,1,1,100,
,,Antitrust,19,18,94.7,
,,Food and drug,45,41,91.1,
,,Transportation,181,108,59.7,
,,Civil rights,66,53,80.3,
,,Communications,26,11,42.3,
,,Customs laws,197,106,53.8,
,,Postal laws,110,104,94.5,
,,Other regulatory offenses,609,376,61.7,
,Other,,"7,034","3,762",53.5,
,,Tax law violations,526,503,95.6,
,,Bribery,132,119,90.2,
,,"Perjury, contempt, and intimidation",184,115,62.5,
,,National defense,155,66,42.6,
,,Escape,533,74,13.9,
,,Racketeering and extortion,"1,413",458,32.4,
,,Gambling,14,13,92.9,
,,Liquor offenses,12,12,100,
,,Nonviolent sex offenses,"2,650","1,228",46.3,
,,Obscene material,20,12,60,
,,Traffic offenses,883,827,93.7,
,,Wildlife,122,120,98.4,
,,Environmental,45,43,95.6,
,,All other offenses,345,172,49.9,
Weapon offenses,,,"7,216","1,903",26.4,%
Immigration offenses,,,"40,647","6,485",16,%
"Note:  Released defendants include some defendants who were detained at some time prior to trial and defendants for whom release status data were unavailable. Percentages in these tables are not directly comparable to those in 1993 and prior compendia. In this table, murder includes nonnegligent manslaughter; sexual abuse includes only violent sex offenses; fraud excludes tax fraud; larceny excludes transportation of stolen property; other property offenses excludes fraudulent property offenses and includes destruction of property and trespassing; tax law violations includes tax fraud; obscene material denotes the mail or transport thereof; and all other offenses includes unclassifiable offenses.",,,,,,
� No cases of this type occurred in the data.,,,,,,
*Includes 597 defendants for whom an offense category could not be determined.,,,,,,
"Source: Administrative Office of the U.S. Courts, Pretrial Services Act Information System, fiscal year 2011.",,,,,,
