Bureau of Justice Statistics,,,,,,,,,
Filename:  fjs11stm201.csv,,,,,,,,,
"Map 2.1. Suspects in drug matters referred to U.S. attorneys by the Drug Enforcement Administration, by federal judicial district, October 1, 2010�September 30, 2011",,,,,,,,,
"Report title: Federal Justice Statistics, 2011 - Statistical Tables NCJ # 248469",,,,,,,,,
"Data Source: Bureau of Justice Statistics, Federal Justice Statistics Program.",,,,,,,,,
"Author:  Mark Motivans, BJS",,,,,,,,,
Refer questions to: askbjs@usdoj.gov   202-307-0765,,,,,,,,,
Date of version: 1/7/2015,,,,,,,,,
,,,,,,,,,
"Map 2.1. Suspects in drug matters referred to U.S. attorneys by the Drug Enforcement Administration, by federal judicial district, October 1, 2010�September 30, 2011",,,,,,,,,
,,,,,,,,,
Federal judicial district,Total number of referrals,Percent ,,,,,,,
Total,"17,032",100,%,,,,,,
Alabama Middle,53,0.3,,,,,,,
Alabama Northern,55,0.3,,,,,,,
Alabama Southern,41,0.2,,,,,,,
Alaska,62,0.4,,,,,,,
Arizona,"1,148",6.7,,,,,,,
Arkansas Eastern,210,1.2,,,,,,,
Arkansas Western,102,0.6,,,,,,,
California Central,377,2.2,,,,,,,
California Eastern,260,1.5,,,,,,,
California Northern,122,0.7,,,,,,,
California Southern,341,2.0,,,,,,,
Colorado,155,0.9,,,,,,,
Connecticut,114,0.7,,,,,,,
Delaware,14,0.1,,,,,,,
District of Columbia,24,0.1,,,,,,,
Florida Middle,706,4.1,,,,,,,
Florida Northern,144,0.8,,,,,,,
Florida Southern,600,3.5,,,,,,,
Georgia Middle,123,0.7,,,,,,,
Georgia Northern,207,1.2,,,,,,,
Georgia Southern,80,0.5,,,,,,,
Guam,28,0.2,,,,,,,
Hawaii,105,0.6,,,,,,,
Idaho,50,0.3,,,,,,,
Illinois Central,73,0.4,,,,,,,
Illinois Nothern,166,1.0,,,,,,,
Illinois Southern,78,0.5,,,,,,,
Indiana Northern,111,0.7,,,,,,,
Indiana Southern,149,0.9,,,,,,,
Iowa Northern,196,1.2,,,,,,,
Iowa Southern,148,0.9,,,,,,,
Kansas,185,1.1,,,,,,,
Kentucky Eastern,172,1.0,,,,,,,
Kentucky Western,77,0.5,,,,,,,
Louisiana Eastern,78,0.5,,,,,,,
Louisiana Middle,54,0.3,,,,,,,
Louisiana Western,67,0.4,,,,,,,
Maine,91,0.5,,,,,,,
Maryland,235,1.4,,,,,,,
Massachusetts,135,0.8,,,,,,,
Michigan Eastern,132,0.8,,,,,,,
Michigan Western,111,0.7,,,,,,,
Minnesota,106,0.6,,,,,,,
Mississippi Northern,43,0.3,,,,,,,
Mississippi Southern,134,0.8,,,,,,,
Missouri Eastern,274,1.6,,,,,,,
Missouri Western,202,1.2,,,,,,,
Montana,111,0.7,,,,,,,
Nebraska,44,0.3,,,,,,,
Nevada,133,0.8,,,,,,,
New Hampshire,34,0.2,,,,,,,
New Jersey,177,1.0,,,,,,,
New Mexico,566,3.3,,,,,,,
New York Eastern,241,1.4,,,,,,,
New York Northern,156,0.9,,,,,,,
New York Southern,513,3.0,,,,,,,
New York Western,169,1.0,,,,,,,
North Carolina Eastern,164,1.0,,,,,,,
North Carolina Middle,48,0.3,,,,,,,
North Carolina Western,121,0.7,,,,,,,
North Dakota,46,0.3,,,,,,,
Ohio Northern,94,0.6,,,,,,,
Ohio Southern,215,1.3,,,,,,,
Oklahoma Eastern,22,0.1,,,,,,,
Oklahoma Northern,54,0.3,,,,,,,
Oklahoma Western,85,0.5,,,,,,,
Oregon,153,0.9,,,,,,,
Pennsylvania Eastern,156,0.9,,,,,,,
Pennsylvania Middle,165,1.0,,,,,,,
Pennsylvania Western,111,0.7,,,,,,,
Puerto Rico,211,1.2,,,,,,,
Rhode Island,53,0.3,,,,,,,
South Carolina,201,1.2,,,,,,,
South Dakota,21,0.1,,,,,,,
Tennessee Eastern,455,2.7,,,,,,,
Tennessee Middle,32,0.2,,,,,,,
Tennessee Western,131,0.8,,,,,,,
Texas Eastern,380,2.2,,,,,,,
Texas Northern,222,1.3,,,,,,,
Texas Southern,"1,214",7.1,,,,,,,
Texas Western,"1,127",6.6,,,,,,,
Utah,208,1.2,,,,,,,
Vermont,78,0.5,,,,,,,
Virgin Islands,23,0.1,,,,,,,
Virginia Eastern,259,1.5,,,,,,,
Virginia Western,163,1.0,,,,,,,
Washington Eastern,132,0.8,,,,,,,
Washington Western,171,1.0,,,,,,,
West Virginia Northern,25,0.1,,,,,,,
West Virginia Southern,43,0.3,,,,,,,
Wisconsin Eastern,88,0.5,,,,,,,
Wisconsin Western,25,0.1,,,,,,,
Wyoming,54,0.3,,,,,,,
"Note: There were 17,032 drug matters referred to U.S. attorneys by the Drug Enforcement Administration from October 1, 2010 - September 30, 2011",,,,,,,,,
"Source: Executive Office for U.S. Attorneys, National LIONS database, fiscal year 2011.",,,,,,,,,
