Bureau of Justice Statistics,,,,,,,
Filename:  fjs11st105.csv,,,,,,,
"Table 1.5. Warrants cleared and median days from initiation to clearance, by warrant type, October 1, 2010-September 30, 2011",,,,,,,
"Report title: Federal Justice Statistics, 2011 - Statistical Tables NCJ # 248469",,,,,,,
"Data Source: Bureau of Justice Statistics, Federal Justice Statistics Program.",,,,,,,
Author:  Urban Institute under the supervision of BJS,,,,,,,
Refer questions to: askbjs@usdoj.gov   202-307-0765,,,,,,,
Date of version: 1/7/2015,,,,,,,
,,,,,,,
"Table 1.5. Warrants cleared and median days from initiation to clearance, by warrant type, October 1, 2010-September 30, 2011",,,,,,,
,,,,,,,
Warrant type,,,Number,Percent,,Median days from initiation to clearance,
,All warrants cleared ,,"219,727",100,%,12, days
Federal,,,"88,052",40.1,%,13, days
,Felony,,"76,204",34.7,,9,
,,Escape,869,0.4,,13,
,,Bond violation,"3,490",1.6,,7,
,,Parole violation,"2,096",1,,32,
,,Probation violation,"18,673",8.5,,10,
,,DEA related,"10,466",4.8,,8,
,,Federal agency without arrest power,271,0.1,,3,
,,Other federal agency with arrest power,"36,102",16.4,,7,
,,Other,"4,237",1.9,,61,
,Nonfelony,,"11,848",5.4,,353,
,,Traffic,"6,886",3.1,,388,
,,Misdemeanor,"4,962",2.3,,282,
State or local,,,"131,675",60,%,11, days
Note: Table includes all warrants handled by the U.S. Marshal Services except those handled by the Drug Enforcement Administration or other federal agency with arrest power. Analysis based on the group of all warrants cleared during fiscal year 2011. Detail may not sum to total due to rounding.,,,,,,,
"Source: Bureau of Justice Statistics, based on data from the U.S. Marshals Service, Warrant Information Network, fiscal year 2011.",,,,,,,
