"Bureau of Justice Statistics",,,,,,,,,,,,,,,,,,,
"filename:  cpu97515.csv",,,,,,,,,,,,,,,,,,,
"table: 5.15",,,,,,,,,,,,,,,,,,,
"report title: Correctional Populations in the United States, 1997  chapter 5  NCJ 177613",,,,,,,,,,,,,,,,,,,
"data sources:  National Prisoner Statistics 1, 1997",,,,,,,,,,,,,,,,,,,
"author: Paula Ditton",,,,,,,,,,,,,,,,,,,
"refer questions to: askbjs@ojp.usdoj.gov (202) 307-0765",,,,,,,,,,,,,,,,,,,
"date of version: 9-8-00",,,,,,,,,,,,,,,,,,,
,,,,,,,,,,,,,,,,,,,
"Table 5.15.  Sentenced female prisoners released conditionally or unconditionally from State or Federal jurisdiciton, ",,,,,,,,,,,,,,,,,,,
"by type of release, 1997",,,,,,,,,,,,,,,,,,,
,,,,,,,,,,,,,,,,,,,
,,,,,,"Conditional release",,,,,,,,,"  Unconditional release",,,,
,,,,,,,,,"Supervised",,,,,,,,,,
"Region and",,,,,,,,,"mandatory",,,,,,"Expiration",,"Commu-",,
"jurisdiction",,,"    Total",,"   Parole",,"Probation",,"release",,"   Other",,"   Total",,"of sentence",,"tation",,"    Other"
,,,,,,,,,,,,,,,,,,,
"      U.S. total",,,37918,,14051,,3810,,18151,,1906,,10090,,9436,,40,,614
,,,,,,,,,,,,,,,,,,,
"    Federal",,,84,,53,,6,,25,,"/",,2121,,2089,,32,,"/"
"    State ",,,37834,,13998,,3804,,18126,,1906,,7969,,7347,,8,,614
,,,,,,,,,,,,,,,,,,,
"  Northeast",,,4112,,3604,,31,,214,,263,,669,,639,,0,,30
"    Connecticut/a",,,177,,14,,"...",,"...",,163,,15,,14,,0,,1
"    Maine",,,8,,0,,8,,0,,0,,17,,17,,0,,0
"    Massachusetts/b,c",,,120,,120,,"/",,"/",,0,,183,,170,,0,,13
"    New Hampshire",,,60,,51,,8,,"/",,1,,11,,5,,0,,6
"    New Jersey/d",,,1017,,958,,"...",,"...",,59,,266,,266,,0,,0
"    New York",,,2091,,1877,,0,,214,,0,,93,,93,,0,,0
"    Pennsylvania",,,545,,545,,"...",,"...",,0,,74,,64,,0,,10
"    Rhode Island/a,d",,,51,,38,,13,,"...",,0,,0,,0,,0,,0
"    Vermont/a,e",,,43,,1,,2,,"...",,40,,10,,10,,0,,0
,,,,,,,,,,,,,,,,,,,
"  Midwest",,,7234,,2675,,1471,,2809,,279,,1789,,1689,,1,,99
"    Illinois/d,e",,,2114,,0,,"...",,2114,,0,,43,,36,,1,,6
"    Indiana",,,769,,0,,443,,326,,0,,58,,0,,0,,58
"    Iowa/e",,,426,,219,,138,,"...",,69,,53,,31,,0,,22
"    Kansas",,,424,,416,,6,,"...",,2,,28,,28,,0,,0
"    Michigan/e",,,704,,704,,"...",,"...",,0,,49,,49,,0,,0
"    Minnesota/f",,,246,,0,,"...",,196,,50,,31,,30,,"/",,1
"    Missouri",,,1107,,573,,459,,0,,75,,57,,53,,0,,4
"    Nebraska",,,119,,119,,"...",,"...",,0,,58,,58,,0,,0
"    North Dakota",,,30,,18,,11,,"...",,1,,10,,10,,0,,0
"    Ohio/d",,,805,,213,,412,,98,,82,,1352,,1349,,0,,3
"    South Dakota/d,g",,,72,,60,,2,,10,,"...",,40,,40,,0,,"..."
"    Wisconsin/d",,,418,,353,,"...",,65,,0,,10,,5,,0,,5
,,,,,,,,,,,,,,,,,,,
"  South",,,11996,,6205,,1748,,3350,,693,,4543,,4107,,7,,429
"    Alabama",,,567,,290,,277,,"...",,0,,299,,290,,0,,9
"    Arkansas/d",,,382,,347,,"...",,"...",,35,,29,,28,,0,,1
"    Delaware/a,b,c",,,46,,0,,"/",,46,,0,,91,,16,,0,,75
"    Dist. of Col./a,b,c,d",,,220,,205,,"/",,3,,12,,269,,269,,0,,0
"    Florida/e",,,502,,3,,296,,"...",,203,,1322,,1295,,7,,20
"    Georgia/e",,,1132,,887,,5,,"...",,240,,217,,217,,0,,0
"    Kentucky",,,395,,230,,165,,"...",,"/",,266,,266,,0,,"/"
"    Louisiana",,,1184,,119,,42,,1023,,0,,50,,42,,0,,8
"    Maryland/c,h",,,771,,479,,"...",,292,,0,,98,,39,,0,,59
"    Mississippi",,,237,,120,,117,,"...",,0,,178,,124,,0,,54
"    North Carolina/d,i",,,859,,859,,0,,"/",,0,,315,,307,,0,,8
"    Oklahoma/d",,,619,,91,,495,,0,,33,,357,,230,,0,,127
"    South Carolina",,,307,,183,,124,,0,,0,,305,,288,,0,,17
"    Tennessee/d,i",,,636,,279,,187,,"/",,170,,104,,104,,0,,0
"    Texas/d",,,3463,,1706,,39,,1718,,0,,120,,120,,"...",,"..."
"    Virginia/f",,,655,,387,,"...",,268,,0,,495,,444,,"/",,51
"    West Virginia/d",,,21,,20,,1,,"...",,0,,28,,28,,0,,0
,,,,,,,,,,,,,,,,,,,
"  West",,,14492,,1514,,554,,11753,,671,,968,,912,,0,,56
"    Alaska/a",,,206,,10,,147,,17,,32,,99,,89,,0,,10
"    Arizona/e",,,713,,104,,3,,2,,604,,53,,46,,0,,7
"    California/d,j",,,11129,,"/",,"...",,11129,,"...",,143,,143,,"/",,"/"
"    Colorado/d",,,364,,291,,27,,46,,0,,84,,84,,0,,0
"    Hawaii/a,h",,,228,,81,,143,,0,,4,,20,,20,,0,,0
"    Idaho",,,290,,64,,210,,"...",,16,,22,,22,,0,,0
"    Montana/d",,,65,,53,,12,,0,,0,,11,,11,,0,,0
"    Nevadau1Fd,k",,,209,,209,,"...",,"...",,0,,170,,146,,0,,24
"    New Mexico",,,211,,211,,"...",,"...",,0,,141,,141,,0,,0
"    Oregonu1Fl",,,225,,210,,"...",,"...",,15,,1,,0,,0,,1
"    Utah",,,247,,247,,0,,0,,0,,13,,0,,0,,13
"    Washingtonu1Fd",,,561,,2,,"...",,559,,0,,186,,185,,0,,1
"    Wyoming",,,44,,32,,12,,0,,0,,25,,25,,0,,0
,,,,,,,,,,,,,,,,,,,
,,,,,,,,,,,,,,,,,,,
" Note:  See the questionnaire for category",,,,,,,"  releases to probation or appeal/bond.  See",,,,,,,"  iExplanatory Notes.",,,,,
" definitions and the iExplanatory Notes for",,,,,,,"  iExplanatory Notes.",,,,,,,"h/Some or all data for release categories are estimated.",,,,,
" State-by-State variations from definitions.",,,,,,,"d/Data for inmates by sentence length may be ",,,,,,,"i/Paroles may include supervised mandatory",,,,,
"...Not applicable.",,,,,,,"  slightly incorrect.  See iExplanatory Notes.",,,,,,,"  releases.  See iExplanatory Notes.",,,,,
"/Not reported.",,,,,,,"e/Data are for custody rather than jurisdiction",,,,,,,"j/Supervised mandatory release includes",,,,,
"a/Figures include both jail and prison inmates;",,,,,,,"  counts.",,,,,,,"  some releases to parole.",,,,,
"  jails and prisons are combined in one system.",,,,,,,"f/Other unconditional releases may include",,,,,,,"k/Nevada's escapees may be included in",,,,,
"b/Expirations of sentence may include releases",,,,,,,"  some commutations.  See iExplanatory Notes.",,,,,,,"  any other release category.",,,,,
"  to probation.  See iExplanatory Notes.",,,,,,,"g/Expirations of sentence may include",,,,,,,"l/Oregon's transfers may be included in any other",,,,,
"c/Unconditional releases may include some",,,,,,,"  commutations and pardons.  See",,,,,,,"  release category.",,,,,
,,,,,,,,,,,,,,,,,,,
,,,,,,,,,,,,,,,,,,,
,,,,,,,,,,,,,,,,,,,
,,,,,,,,,,,,,,,,,,,
,,,,,,,,,,,,,,,,,,,
,,,,,,,,,,,,,,,,,,,
,,,,,,,,,,,,,,,,,,,
,,,,,,,,,,,,,,,,,,,
,,,,,,,,,,,,,,,,,,,
,,,,,,,,,,,,,,,,,,,
,,,,,,,,,,,,,,,,,,,
,,,,,,,,,,,,,,,,,,,
,,,,,,,,,,,,,,,,,,,
,,,,,,,,,,,,,,,,,,,
,,,,,,,,,,,,,,,,,,,
,,,,,,,,,,,,,,,,,,,
"/a","{EDIT-GOTO Data:A1}",,,,,,,,,,,,,,,,,,
" ","{SELECT Data:A1..Data:AQ355;Data:A1}",,,,,,,,,,,,,,,,,,
,"{EDIT-CLEAR}",,,,,,,,,,,,,,,,,,
,"{SELECT Data:A1}",,,,,,,,,,,,,,,,,,
,"{FILE-COMBINE ""REPLACE"";""I:\PROJECT\NPS1\TABLES\WKS\TAB5_15.WKS""}",,,,,,,,,,,,,,,,,,
,"{EDIT-GOTO Table:A1}",,,,,,,,,,,,,,,,,,
