"Bureau of Justice Statistics",,,,,,,,,,,,,,,
"filename:  cpu97504.csv",,,,,,,,,,,,,,,
"table: 5.4",,,,,,,,,,,,,,,
"report title: Correctional Populations in the United States, 1997  chapter 5  NCJ 177613",,,,,,,,,,,,,,,
"data sources:  National Prisoner Statistics 1, 1997",,,,,,,,,,,,,,,
"author: Paula Ditton",,,,,,,,,,,,,,,
"refer questions to: askbjs@ojp.usdoj.gov (202) 307-0765",,,,,,,,,,,,,,,
"date of version: 9-8-00",,,,,,,,,,,,,,,
,,,,,,,,,,,,,,,
"Table 5.4.  Incarceration rates for prisoners under State or Federal jurisdiction",,,,,,,,,,,,,,,
"or in State or Federal custody, by sentence length, 1997",,,,,,,,,,,,,,,
,,,,,,,,,,,,,,,
,,,,,,,"Number of prisoners per 100,000 resident population",,,,,,,,
,,,,"        Total",,,,"             More than a year",,,,,"     Year or less/unsentenced",,
"Region and",,,"Under Federal or",,"In Federal or",,,"Under Federal or",,"In Federal or",,,"Under Federal or",,"In Federal or"
"jurisdiction",,,"State jurisdiction",,"State custody",,,"State jurisdiction",,"State custody",,,"State jurisdiction",,"State custody"
,,,,,,,,,,,,,,,
"      U.S. total",,,461,,438,,,444,,420,,,17,,17
,,,,,,,,,,,,,,,
"    Federal/a",,,42,,38,,,35,,33,,,7,,5
"    State",,,419,,400,,,409,,388,,,11,,12
,,,,,,,,,,,,,,,
"  Northeast",,,329,,319,,,313,,304,,,16,,15
"    Connecticut/b",,,527,,475,,,364,,329,,,163,,146
"    Maine",,,130,,129,,,124,,124,,,6,,5
"    Massachusetts",,,195,,178,,,177,,162,,,18,,16
"    New Hampshire",,,184,,178,,,184,,176,,,"...",,2
"    New Jersey/c",,,351,,316,,,351,,316,,,"/",,"/"
"    New York",,,381,,382,,,381,,381,,,0,,2
"    Pennsylvania",,,291,,291,,,291,,291,,,0,,0
"    Rhode Island/b",,,342,,335,,,213,,211,,,129,,124
"    Vermont/b,d",,,215,,215,,,140,,140,,,75,,75
,,,,,,,,,,,,,,,
"  Midwest",,,349,,342,,,347,,341,,,2,,1
"    Illinois/c,d",,,342,,342,,,342,,342,,,0,,0
"    Indiana",,,304,,281,,,301,,278,,,3,,3
"    Iowa/d",,,243,,243,,,243,,243,,,"...",,"..."
"    Kansas",,,304,,304,,,304,,304,,,"...",,"..."
"    Michigan/d",,,457,,457,,,457,,457,,,"...",,"..."
"    Minnesota",,,113,,113,,,113,,113,,,0,,0
"    Missouri/d",,,443,,443,,,443,,442,,,0,,0
"    Nebraska",,,205,,202,,,200,,196,,,4,,6
"    North Dakota",,,125,,129,,,112,,116,,,13,,13
"    Ohio/d",,,429,,427,,,429,,427,,,"/",,"/"
"    South Dakota/c",,,304,,303,,,304,,303,,,"/",,"/"
"    Wisconsin/a,e",,,314,,264,,,302,,259,,,12,,5
,,,,,,,,,,,,,,,
"  South",,,517,,480,,,506,,464,,,12,,16
"    Alabama",,,514,,507,,,500,,493,,,14,,14
"    Arkansas/a",,,396,,355,,,392,,353,,,3,,2
"    Delaware/b",,,738,,738,,,443,,443,,,295,,295
"    Dist. of Col./b,c,f",,,1785,,1345,,,1785,,1242,,,"/",,103
"    Florida/d",,,437,,437,,,437,,437,,,0,,0
"    Georgia/d",,,483,,483,,,473,,473,,,9,,9
"    Kentucky",,,372,,277,,,372,,277,,,"...",,"..."
"    Louisiana",,,672,,424,,,672,,424,,,"...",,"..."
"    Maryland/g",,,435,,428,,,413,,406,,,22,,22
"    Mississippi",,,522,,377,,,499,,365,,,23,,12
"    North Carolina/g,h",,,422,,414,,,368,,361,,,54,,53
"    Oklahoma/c",,,617,,447,,,617,,447,,,"/",,"/"
"    South Carolina",,,560,,545,,,536,,521,,,24,,24
"    Tennessee/d",,,309,,280,,,309,,280,,,"...",,"..."
"    Texas/c",,,715,,715,,,715,,691,,,"/",,24
"    Virginia",,,419,,364,,,407,,359,,,13,,5
"    West Virginia/f",,,174,,132,,,174,,131,,,"/",,1
" ",,,,,,,,,,,,,,,
"  West",,,416,,403,,,403,,390,,,13,,14
"    Alaska/b",,,681,,524,,,420,,313,,,260,,210
"    Arizona/d",,,509,,509,,,484,,484,,,25,,25
"    California/c",,,480,,478,,,470,,469,,,9,,9
"    Colorado/c",,,342,,269,,,342,,269,,,"/",,"/"
"    Hawaii/b",,,419,,343,,,290,,218,,,129,,125
"    Idaho",,,320,,271,,,320,,271,,,"...",,"..."
"    Montana/c",,,286,,212,,,286,,212,,,"/",,"/"
"    Nevada/d",,,526,,503,,,526,,498,,,0,,5
"    New Mexico",,,270,,209,,,256,,194,,,14,,15
"    Oregon",,,245,,238,,,232,,217,,,13,,21
"    Utah",,,207,,234,,,206,,230,,,1,,4
"    Washington/d",,,234,,234,,,234,,233,,,"/",,1
"    Wyoming",,,323,,295,,,323,,295,,,0,,0
,,,,,,,,,,,,,,,
,,,,,,,,,,,,,,,
"Note:  See the questionnaire for category ",,,,,"b/Figures include both jail and prison inmates;",,,,,,,"f/Data for inmates sentenced to more than 1 year",,,
"definitions and the iExplanatory Notes for",,,,,"  jails and prisons are combined in one system.",,,,,,,"   may include some unsentenced inmates.",,,
"State-by-State variations from definitions.",,,,,"c/Data for inmates sentenced to more than 1 year",,,,,,,"g/Data for inmates sentenced to more than 1 year",,,
"...Not applicable",,,,,"  may include some inmates sentenced to a year",,,,,,,"  are estimated.",,,
"/Not reported",,,,,"  or less; see iExplanatory Notes.",,,,,,,"h/Data for inmates sentenced to 1 year or less are",,,
"a/Data for unsentenced inmates or inmates",,,,,"d/Data are for custody rather than jurisdiction counts.",,,,,,,"  estimated.",,,
"  sentenced to 1 year or less may include some",,,,,"e/1996 and 1997 data are not comparable; ",,,,,,,,,,
"  inmates for whom sentence length is unknown.",,,,,"  see iExplanatory Notes.",,,,,,,,,,
,,,,,,,,,,,,,,,
,,,,,,,,,,,,,,,
,,,,,,,,,,,,,,,
,,,,,,,,,,,,,,,
,,,,,,,,,,,,,,,
,,,,,,,,,,,,,,,
,,,,,,,,,,,,,,,
,,,,,,,,,,,,,,,
,,,,,,,,,,,,,,,
,,,,,,,,,,,,,,,
,,,,,,,,,,,,,,,
,,,,,,,,,,,,,,,
,,,,,,,,,,,,,,,
,,,,,,,,,,,,,,,
,,,,,,,,,,,,,,,
,,,,,,,,,,,,,,,
,,,,,,,,,,,,,,,
,,,,,,,,,,,,,,,
,,,,,,,,,,,,,,,
"/a","{EDIT-GOTO Data:A1}",,,,,,,,,,,,,,
" ","{SELECT Data:A1..Data:AQ355;Data:A1}",,,,,,,,,,,,,,
,"{EDIT-CLEAR}",,,,,,,,,,,,,,
,"{SELECT Data:A1}",,,,,,,,,,,,,,
,"{FILE-COMBINE ""REPLACE"";""I:\PROJECT\NPS1\TABLES\WKS\TAB5-4.WKS""}",,,,,,,,,,,,,,
,"{EDIT-GOTO Table:A1}",,,,,,,,,,,,,,
