"Bureau of Justice Statistics",,,,,,,,,,,,,,,
"filename:  cpu97506.csv",,,,,,,,,,,,,,,
"table: 5.6",,,,,,,,,,,,,,,
"report title: Correctional Populations in the United States, 1997  chapter 5  NCJ 177613",,,,,,,,,,,,,,,
"data sources:  National Prisoner Statistics 1, 1997",,,,,,,,,,,,,,,
"author: Paula Ditton",,,,,,,,,,,,,,,
"refer questions to: askbjs@ojp.usdoj.gov (202) 307-0765",,,,,,,,,,,,,,,
"date of version: 9-8-00",,,,,,,,,,,,,,,
,,,,,,,,,,,,,,,
"Table 5.6.  Prisoners under State or Federal jurisdiction, by race, 1997",,,,,,,,,,,,,,,
,,,,,,,,,,,,,,,
,,,,,,,"Number of prisoners",,,,,,,,
,,," ",,,,,,,," ",,"Native Hawaiian",,
,,,"Prison",,,,,,,,,,"or other",,
"Region and",,,"population",,,,,,"American Indian/",," ",,"Pacific",," Not"
"jurisdiction",,,"12/31/97",,"   White",,"   Black",,"Alaska Native",,"Asian",,"Islander/a",," known"
,,,,,,,,,,,,,,,
"      U.S. total",,,"ERR",,"ERR",,"ERR",,"ERR",,"ERR",,"ERR",,"ERR"
,,,,,,,,,,,,,,,
"    Federal",,,"ERR",,"ERR",,"ERR",,"ERR",,"ERR",,"ERR",,"ERR"
"    State",,,"ERR",,"ERR",,"ERR",,"ERR",,"ERR",,"ERR",,"ERR"
,,,,,,,,,,,,,,,
"  Northeast",,,"ERR",,"ERR",,"ERR",,"ERR",,"ERR",,"ERR",,"ERR"
"    Connecticut/b,c",,,"ERR",,"ERR",,"ERR",,"ERR",,"ERR",,"ERR",,"ERR"
"    Maine/d",,,"ERR",,"ERR",,"ERR",,"ERR",,"ERR",,"ERR",,"ERR"
"    Massachusetts/c,e",,,"ERR",,"ERR",,"ERR",,"ERR",,"ERR",,"ERR",,"ERR"
"    New Hampshire",,,"ERR",,"ERR",,"ERR",,"ERR",,"ERR",,"ERR",,"ERR"
"    New Jersey/c",,,"ERR",,"ERR",,"ERR",,"ERR",,"ERR",,"ERR",,"ERR"
"    New York",,,"ERR",,"ERR",,"ERR",,"ERR",,"ERR",,"ERR",,"ERR"
"    Pennsylvania/c",,,"ERR",,"ERR",,"ERR",,"ERR",,"ERR",,"ERR",,"ERR"
"    Rhode Island/b",,,"ERR",,"ERR",,"ERR",,"ERR",,"ERR",,"ERR",,"ERR"
"    Vermont/b,f",,,"ERR",,"ERR",,"ERR",,"ERR",,"ERR",,"ERR",,"ERR"
,,,,,,,,,,,,,,,
"  Midwest",,,"ERR",,"ERR",,"ERR",,"ERR",,"ERR",,"ERR",,"ERR"
"    Illinois/c,f",,,"ERR",,"ERR",,"ERR",,"ERR",,"ERR",,"ERR",,"ERR"
"    Indiana",,,"ERR",,"ERR",,"ERR",,"ERR",,"ERR",,"ERR",,"ERR"
"    Iowa/c,f",,,"ERR",,"ERR",,"ERR",,"ERR",,"ERR",,"ERR",,"ERR"
"    Kansas",,,"ERR",,"ERR",,"ERR",,"ERR",,"ERR",,"ERR",,"ERR"
"    Michigan/c,f",,,"ERR",,"ERR",,"ERR",,"ERR",,"ERR",,"ERR",,"ERR"
"    Minnesota/c",,,"ERR",,"ERR",,"ERR",,"ERR",,"ERR",,"ERR",,"ERR"
"    Missouri",,,"ERR",,"ERR",,"ERR",,"ERR",,"ERR",,"ERR",,"ERR"
"    Nebraska/d",,,"ERR",,"ERR",,"ERR",,"ERR",,"ERR",,"ERR",,"ERR"
"    North Dakota",,,"ERR",,"ERR",,"ERR",,"ERR",,"ERR",,"ERR",,"ERR"
"    Ohio/d",,,"ERR",,"ERR",,"ERR",,"ERR",,"ERR",,"ERR",,"ERR"
"    South Dakota",,,"ERR",,"ERR",,"ERR",,"ERR",,"ERR",,"ERR",,"ERR"
"    Wisconsin",,,"ERR",,"ERR",,"ERR",,"ERR",,"ERR",,"ERR",,"ERR"
,,,,,,,,,,,,,,,
"  South",,,"ERR",,"ERR",,"ERR",,"ERR",,"ERR",,"ERR",,"ERR"
"    Alabama",,,"ERR",,"ERR",,"ERR",,"ERR",,"ERR",,"ERR",,"ERR"
"    Arkansas",,,"ERR",,"ERR",,"ERR",,"ERR",,"ERR",,"ERR",,"ERR"
"    Delaware/b",,,"ERR",,"ERR",,"ERR",,"ERR",,"ERR",,"ERR",,"ERR"
"    Dist. of Col./b",,,"ERR",,"ERR",,"ERR",,"ERR",,"ERR",,"ERR",,"ERR"
"    Florida/c,f",,,"ERR",,"ERR",,"ERR",,"ERR",,"ERR",,"ERR",,"ERR"
"    Georgia/f",,,"ERR",,"ERR",,"ERR",,"ERR",,"ERR",,"ERR",,"ERR"
"    Kentucky",,,"ERR",,"ERR",,"ERR",,"ERR",,"ERR",,"ERR",,"ERR"
"    Louisiana/c",,,"ERR",,"ERR",,"ERR",,"ERR",,"ERR",,"ERR",,"ERR"
"    Maryland",,,"ERR",,"ERR",,"ERR",,"ERR",,"ERR",,"ERR",,"ERR"
"    Mississippi/c",,,"ERR",,"ERR",,"ERR",,"ERR",,"ERR",,"ERR",,"ERR"
"    North Carolina",,,"ERR",,"ERR",,"ERR",,"ERR",,"ERR",,"ERR",,"ERR"
"    Oklahoma/c",,,"ERR",,"ERR",,"ERR",,"ERR",,"ERR",,"ERR",,"ERR"
"    South Carolina/c",,,"ERR",,"ERR",,"ERR",,"ERR",,"ERR",,"ERR",,"ERR"
"    Tennessee/c",,,"ERR",,"ERR",,"ERR",,"ERR",,"ERR",,"ERR",,"ERR"
"    Texas/c",,,"ERR",,"ERR",,"ERR",,"ERR",,"ERR",,"ERR",,"ERR"
"    Virginia/c,g",,,"ERR",,"ERR",,"ERR",,"ERR",,"ERR",,"ERR",,"ERR"
"    West Virginia",,,"ERR",,"ERR",,"ERR",,"ERR",,"ERR",,"ERR",,"ERR"
" ",,,,,,,,,,,,,,,
"  West",,,"ERR",,"ERR",,"ERR",,"ERR",,"ERR",,"ERR",,"ERR"
"    Alaska/b,c",,,"ERR",,"ERR",,"ERR",,"ERR",,"ERR",,"ERR",,"ERR"
"    Arizona/f",,,"ERR",,"ERR",,"ERR",,"ERR",,"ERR",,"ERR",,"ERR"
"    California/c",,,"ERR",,"ERR",,"ERR",,"ERR",,"ERR",,"ERR",,"ERR"
"    Colorado/d",,,"ERR",,"ERR",,"ERR",,"ERR",,"ERR",,"ERR",,"ERR"
"    Hawaii/b,d",,,"ERR",,"ERR",,"ERR",,"ERR",,"ERR",,"ERR",,"ERR"
"    Idaho/d",,,"ERR",,"ERR",,"ERR",,"ERR",,"ERR",,"ERR",,"ERR"
"    Montana/c",,,"ERR",,"ERR",,"ERR",,"ERR",,"ERR",,"ERR",,"ERR"
"    Nevada/c,d",,,"ERR",,"ERR",,"ERR",,"ERR",,"ERR",,"ERR",,"ERR"
"    New Mexico",,,"ERR",,"ERR",,"ERR",,"ERR",,"ERR",,"ERR",,"ERR"
"    Oregon",,,"ERR",,"ERR",,"ERR",,"ERR",,"ERR",,"ERR",,"ERR"
"    Utah",,,"ERR",,"ERR",,"ERR",,"ERR",,"ERR",,"ERR",,"ERR"
"    Washington",,,"ERR",,"ERR",,"ERR",,"ERR",,"ERR",,"ERR",,"ERR"
"    Wyoming/c",,,"ERR",,"ERR",,"ERR",,"ERR",,"ERR",,"ERR",,"ERR"
,,,,,,,,,,,,,,,
,,,,,,,,,,,,,,,
"Note:  See the questionnaire for category definitions",,,,,,,,"b/Figures include both jail and prison inmates;",,,,,,,
"and the iExplanatory Notes for State-by-State",,,,,,,,"  jails and prisons are combined in one system.",,,,,,,
"variations from definitions.",,,,,,,,"c/Some or all Hispanic prisoners are reported under ""Not known.""",,,,,,,
"...Not applicable",,,,,,,,"d/The numbers in racial categories were estimated.",,,,,,,
"/Not reported",,,,,,,,"e/Massachusetts' Asian Indian prisoners are reported under ""Not known.""",,,,,,,
"a/See the explanatory notes for details on State-",,,,,,,,"f/Data are for custody rather than jurisdiction counts.",,,,,,,
"by-State reporting of Native Hawaiians or other",,,,,,,,"g/Virginia's Chinese prisoners are reported under ""Not known.""",,,,,,,
"Pacific Islanders.",,,,,,,,,,,,,,,
,,,,,,,,,,,,,,,
,,,,,,,,,,,,,,,
,,,,,,,,,,,,,,,
,,,,,,,,,,,,,,,
,,,,,,,,,,,,,,,
,,,,,,,,,,,,,,,
,,,,,,,,,,,,,,,
,,,,,,,,,,,,,,,
,,,,,,,,,,,,,,,
,,,,,,,,,,,,,,,
,,,,,,,,,,,,,,,
,,,,,,,,,,,,,,,
,,,,,,,,,,,,,,,
,,,,,,,,,,,,,,,
,,,,,,,,,,,,,,,
,,,,,,,,,,,,,,,
,,,,,,,,,,,,,,,
"/a","{EDIT-GOTO Data:A1}",,,,,,,,,,,,,,
" ","{SELECT Data:A1..Data:AQ355;Data:A1}",,,,,,,,,,,,,,
,"{EDIT-CLEAR}",,,,,,,,,,,,,,
,"{SELECT Data:A1}",,,,,,,,,,,,,,
,"{FILE-COMBINE ""REPLACE"";""I:\PROJECT\NPS1\TABLES\WKS\TAB5-6.WKS""}",,,,,,,,,,,,,,
,"{EDIT-GOTO Table:A1}",,,,,,,,,,,,,,
