"Bureau of Justice Statistics",,,,,,,,,,,,,,,,,
"filename:  cpu97512a.csv",,,,,,,,,,,,,,,,,
"table: 5.12a",,,,,,,,,,,,,,,,,
"report title: Correctional Populations in the United States, 1997  chapter 5  NCJ 177613",,,,,,,,,,,,,,,,,
"data sources:  National Prisoner Statistics 1, 1997",,,,,,,,,,,,,,,,,
"author: Paula Ditton",,,,,,,,,,,,,,,,,
"refer questions to: askbjs@ojp.usdoj.gov (202) 307-0765",,,,,,,,,,,,,,,,,
"date of version: 9-8-00",,,,,,,,,,,,,,,,,
,,,,,,,,,,,,,,,,,
"Table 5.12a.  Sentenced female prisoners admitted to State or Federal jurisdiction, by type of admission, 1997",,,,,,,,,,,,,,,,,
,,,,,,,,,,,,,,,,,
,,,"Number",,"Number of sentenced female prisoners admitted during 1997",,,,,,,,,,,,
,,,"of female",,,,,,"Parole or other",,"Escapees",,"Returns",,"Transfers",,
"Region and",,,"prisoners",,,,"New court",,"conditional release",,"and AWOLs",,"from appeal",,"from other",,"Other"
"jurisdiction",,,"1/1/97",,"   Total",,"commitments",,"violators returned",,"returned",,"or bond",,"jurisdictions",,"admissions"
,,,,,,,,,,,,,,,,,
"     U.S. total",,,69913,,56053,,37152,,15396,,926,,137,,247,,2195
,,,,,,,,,,,,,,,,,
"    Federal",,,6107,,3254,,2866,,255,,"/",,"/",,122,,11
"    State ",,,63806,,52799,,34286,,15141,,926,,137,,125,,2184
,,,,,,,,,,,,,,,,,
"  Northeast",,,7947,,5001,,3422,,1211,,168,,9,,52,,139
"    Connecticut/a",,,757,,242,,73,,95,,10,,0,,0,,64
"    Maine",,,43,,40,,24,,4,,0,,0,,1,,11
"    Massachusetts",,,461,,297,,238,,55,,0,,"/",,4,,0
"    New Hampshire",,,106,,74,,57,,17,,0,,"/",,0,,0
"    New Jersey/b,c",,,1281,,1416,,885,,531,,0,,"/",,"/",,0
"    New York/c",,,3728,,2229,,1675,,354,,152,,6,,41,,1
"    Pennsylvania",,,1476,,582,,428,,124,,2,,2,,6,,20
"    Rhode Island/a,b",,,74,,55,,32,,20,,2,,1,,0,,0
"    Vermont/a,d,e",,,21,,66,,10,,11,,2,,"/",,0,,43
,,,,,,,,,,,,,,,,,
"  Midwest",,,11836,,10406,,8049,,1578,,445,,50,,12,,272
"    Illinois/b,d",,,2249,,2481,,2000,,349,,131,,0,,"/",,1
"    Indiana/c",,,994,,891,,826,,58,,4,,"/",,3,,0
"    Iowa/d",,,470,,552,,332,,98,,100,,7,,9,,6
"    Kansas/c",,,476,,456,,345,,103,,0,,"/",,"/",,8
"    Michigan/d",,,1920,,1068,,627,,239,,119,,37,,0,,46
"    Minnesota",,,234,,299,,232,,67,,"/",,"/",,"/",,0
"    Missouri",,,1464,,1490,,989,,309,,88,,0,,0,,104
"    Nebraska",,,214,,177,,131,,43,,3,,"/",,0,,0
"    North Dakota",,,39,,56,,48,,8,,0,,0,,0,,0
"    Ohio/b",,,2805,,2203,,1996,,201,,0,,6,,0,,0
"    South Dakota/b",,,142,,139,,119,,17,,0,,0,,0,,3
"    Wisconsin",,,829,,594,,404,,86,,"/",,"...",,0,,104
,,,,,,,,,,,,,,,,,
"  South",,,28950,,20006,,14051,,3912,,192,,76,,39,,1736
"    Alabama",,,1292,,953,,792,,119,,29,,7,,4,,2
"    Arkansas/b",,,538,,491,,307,,128,,0,,2,,2,,52
"    Delaware/a",,,164,,165,,112,,38,,5,,0,,0,,10
"    Dist. of Col./a,b",,,430,,571,,332,,146,,70,,0,,23,,0
"    Florida/d",,,3299,,2021,,1791,,176,,14,,2,,2,,36
"    Georgia/d",,,2175,,1439,,1211,,220,,8,,0,,0,,0
"    Kentucky",,,820,,915,,707,,195,,9,,"...",,0,,4
"    Louisiana",,,1561,,1544,,581,,881,,0,,64,,0,,18
"    Maryland/c,f",,,969,,902,,722,,172,,8,,"/",,0,,0
"    Mississippi/c,g",,,805,,577,,540,,28,,7,,"/",,0,,2
"    North Carolina/b",,,1484,,1078,,794,,261,,4,,0,,0,,19
"    Oklahoma/b,c",,,1940,,1113,,1047,,32,,34,,0,,0,,0
"    South Carolina",,,1103,,689,,548,,136,,1,,1,,"/",,3
"    Tennessee/b",,,688,,866,,508,,349,,3,,"/",,6,,0
"    Texas/b",,,9933,,5456,,3007,,859,,0,,0,,"/",,1590
"    Virginia",,,1604,,1136,,980,,156,,"/",,"/",,"/",,0
"    West Virginia/b",,,145,,90,,72,,16,,0,,0,,2,,0
,,,,,,,,,,,,,,,,,
"  West",,,15073,,17386,,8764,,8440,,121,,2,,22,,37
"    Alaska/a",,,139,,339,,250,,77,,12,,0,,0,,0
"    Arizona/d",,,1415,,814,,564,,244,,5,,0,,1,,0
"    California/b",,,9418,,12604,,5203,,7362,,20,,"/",,19,,0
"    Colorado/b,h",,,845,,623,,437,,126,,59,,0,,1,,0
"    Hawaii/a,f",,,303,,394,,257,,135,,2,,0,,0,,0
"    Idaho",,,276,,300,,247,,53,,0,,0,,"/",,0
"    Montana/b",,,121,,122,,119,,3,,0,,"/",,0,,0
"    Nevada/b,c,i",,,612,,464,,382,,45,,"/",,"/",,"/",,37
"    New Mexico",,,339,,334,,252,,81,,0,,0,,1,,0
"    Oregon/j",,,362,,267,,188,,75,,4,,0,,"/",,0
"    Utah",,,210,,262,,145,,117,,0,,0,,0,,0
"    Washington/b",,,920,,771,,630,,120,,19,,2,,0,,0
"    Wyoming/c",,,113,,92,,90,,2,,0,,0,,0,,0
,,,,,,,,,,,,,,,,,
,,,,,,,,,,,,,,,,,
" Note:  See the questionnaire for category ",,,,,,"  small number of other admissions.  See",,,,,,"  appeal/bond.  See iExplanatory Notes.",,,,,
" definitions and the iExplanatory Notes for",,,,,,"  iExplanatory Notes.",,,,,,"h/Escape and AWOL data are estimated.",,,,,
"State-by-State variations from definitions.",,,,,,"d/Data are for custody rather than jurisdiction",,,,,,"i/Nevada's escapee returns may be included in",,,,,
"...Not applicable.",,,,,,"  counts.",,,,,,"  any other admission category.",,,,,
"/Not reported.",,,,,,"e/Vermont's Escape and AWOL data may include",,,,,,"j/Oregon's transfers may be included in any other",,,,,
"a/Figures include both jail and prison inmates;",,,,,,"  an undetermined number of returns from",,,,,,"  admission category.",,,,,
"  jails and prisons are combined in one system.",,,,,,"  appeal/bond.",,,,,,,,,,,
"b/Data by sentence length may be slightly",,,,,,"f/Some or all data for the admission categories",,,,,,,,,,,
"  incorrect.  See iExplanatory Notes.",,,,,,"  are estimated.",,,,,,,,,,,
"c/New court commitments may include a",,,,,,"g/Other admissions may include returns from",,,,,,,,,,,
,,,,,,,,,,,,,,,,,
,,,,,,,,,,,,,,,,,
,,,,,,,,,,,,,,,,,
,,,,,,,,,,,,,,,,,
,,,,,,,,,,,,,,,,,
,,,,,,,,,,,,,,,,,
,,,,,,,,,,,,,,,,,
,,,,,,,,,,,,,,,,,
,,,,,,,,,,,,,,,,,
,,,,,,,,,,,,,,,,,
,,,,,,,,,,,,,,,,,
,,,,,,,,,,,,,,,,,
,,,,,,,,,,,,,,,,,
,,,,,,,,,,,,,,,,,
,,,,,,,,,,,,,,,,,
,,,,,,,,,,,,,,,,,
,,,,,,,,,,,,,,,,,
"/a","{EDIT-GOTO Data:A1}",,,,,,,,,,,,,,,,
" ","{SELECT Data:A1..Data:AQ355;Data:A1}",,,,,,,,,,,,,,,,
,"{EDIT-CLEAR}",,,,,,,,,,,,,,,,
,"{SELECT Data:A1}",,,,,,,,,,,,,,,,
,"{FILE-COMBINE ""REPLACE"";""I:\PROJECT\NPS1\TABLES\WKS\TAB5_12A.WKS""}",,,,,,,,,,,,,,,,
,"{EDIT-GOTO Table:A1}",,,,,,,,,,,,,,,,
