Bureau of Justice Statistics,,,
Filename:  pvp1213at14.csv,,,
"Appendix Table 14. Standard errors for table 2: Vehicle pursuits conducted by general purpose state and local law enforcement agencies, 2012",,,
"Report title:  Police Vehicle Pursuits, 2012-2013, NCJ 250545",,,
"Data source:  Bureau of Justice Statistics, Law Enforcement Management and Administrative Statistics survey, 2013.",,,
"Author: Brian A. Reaves, Ph.D., BJS Statistician",,,
Refer questions to:  askbjs@ojp.usdoj.gov (202) 307-0765,,,
Date of version:  05/09/2017,,,
,,,
"Appendix Table 14. Standard errors for table 2: Vehicle pursuits conducted by general purpose state and local law enforcement agencies, 2012",,,
,,,
Type of agency and population served,,Number of pursuits,Average number of pursuits per agency*
Local police departments,,930,0.1
,"250,000 or more",412,4
,"100,000-249,999",254,1.2
,"50,000-99,999",286,0.7
,"25,000-49,999",297,0.4
,"10,000-24,999",501,0.3
,"9,999 or fewer",607,0.1
Sheriffs' offices,,715,0.3
,"250,000 or more",437,2.3
,"100,000-249,999",253,1
,"50,000-99,999",354,1.1
,"25,000-49,999",339,0.7
,"10,000-24,999",360,0.6
,"9,999 or fewer",129,0.5
*Excludes agencies that did not conduct any pursuits.,,,
"Source: Bureau of Justice Statistics, Law Enforcement Management and Administrative Statistics survey, 2013.",,,
