Bureau of Justice Statistics,,,,,,,,,,
Filename:  pvp1213at05.csv,,,,,,,,,,
"Appendix table 5. Restrictions included in the written foot pursuit policies of general purpose state and local law enforcement agencies, 2013",,,,,,,,,,
"Report title:  Police Vehicle Pursuits, 2012-2013, NCJ 250545",,,,,,,,,,
"Data source:  Bureau of Justice Statistics, Law Enforcement Management and Administrative Statistics survey, 2013.",,,,,,,,,,
"Author: Brian A. Reaves, Ph.D., BJS Statistician",,,,,,,,,,
Refer questions to:  askbjs@ojp.usdoj.gov (202) 307-0765,,,,,,,,,,
Date of version:  05/09/2017,,,,,,,,,,
,,,,,,,,,,
"Appendix table 5. Restrictions included in the written foot pursuit policies of general purpose state and local law enforcement agencies, 2013",,,,,,,,,,
,,,,,,,,,,
,,,,,Foot pursuit not allowed if--,,,,,
Type of agency,Officer is acting alone,,Officers lose visual contact with suspect,,Officers become separated and cannot immediately assist each other,,Officers lose radio contact with dispatch or backup officers,,Suspect believed to have firearm,
Local police departments,58,%,60,%,49,%,58,%,54,%
Sheriffs' offices,48,,56,,45,,57,,55,
State police/highway patrol agencies,38,,88,,25,,38,,50,
Note: See appendix table 6 for standard errors.,,,,,,,,,,
"Source: Bureau of Justice Statistics, Law Enforcement Management and Administrative Statistics survey, 2013.",,,,,,,,,,
