Bureau of Justice Statistics,,,,,,
Filename:  pvp1213at11.csv,,,,,,
"Appendix table 11. Base weights, nonresponse adjustment factors, and final analytical weights for sheriffs' offices, 2013",,,,,,
"Report title:  Police Vehicle Pursuits, 2012-2013, NCJ 250545",,,,,,
"Data source:  Bureau of Justice Statistics, Law Enforcement Management and Administrative Statistics survey, 2013.",,,,,,
"Author: Brian A. Reaves, Ph.D., BJS Statistician",,,,,,
Refer questions to:  askbjs@ojp.usdoj.gov (202) 307-0765,,,,,,
Date of version:  05/09/2017,,,,,,
,,,,,,
"Appendix table 11. Base weights, nonresponse adjustment factors, and final analytical weights for sheriffs' offices, 2013",,,,,,
,,,,,,
,Number of sheriffs' offices,,,,,
Number of full-time sworn personnel,In universe,Sampled,Responded,Base sample weight,Nonresponse adjustment factor,Final analytical weight
Total,"3,012",895,717,~,~,~
100 or more full-time officers,350,333,258,1.051,1.291,1.357
 50-99,322,115,96,2.8,1.198,3.354
 25-49,578,131,118,4.412,1.11,4.898
 10-24,907,165,129,5.497,1.279,7.031
 5-9,565,103,75,5.485,1.373,7.533
 2-4,260,42,36,6.19,1.167,7.222
1,30,6,5,5,1.2,6
~Not applicable.,,,,,,
"Source: Bureau of Justice Statistics, Law Enforcement Management and Administrative Statistics survey, 2013.",,,,,,
