Bureau of Justice Statistics,,,,,,,
Filename:  pvp1213at10.csv,,,,,,,
"Appendix table 10. Base weights, nonresponse adjustment factors, and final analytical weights for local police departments, Law Enforcement Management and Administrative Statistics Survey, 2013",,,,,,,
"Report title:  Police Vehicle Pursuits, 2012-2013, NCJ 250545",,,,,,,
"Data source:  Bureau of Justice Statistics, Law Enforcement Management and Administrative Statistics survey, 2013.",,,,,,,
"Author: Brian A. Reaves, Ph.D., BJS Statistician",,,,,,,
Refer questions to:  askbjs@ojp.usdoj.gov (202) 307-0765,,,,,,,
Date of version:  05/09/2017,,,,,,,
,,,,,,,
"Appendix table 10. Base weights, nonresponse adjustment factors, and final analytical weights for local police departments, Law Enforcement Management and Administrative Statistics Survey, 2013",,,,,,,
,,,,,,,
,Number of departments,,,,,,
Number of full-time sworn personnel,In universe,Sampled,Responded,,Base sample weight,Nonresponse adjustment factor,Final analytical weight
Total,"12,326","2,327","2,059",,~,~,~
100 or more,659,630,574,,1.046,1.095,1.148
50-99  ,800,311,284,,2.572,1.098,2.817
25-49 ,"1,542",365,325,,4.225,1.123,4.745
 10-24,"2,842",454,399,,6.26,1.138,7.123
 5-9,"2,507",344,289,,7.288,1.19,8.675
 2-4,"2,630",180,158,,14.611,1.139,16.646
 0-1,"1,346",43,30,,31.302,1.433,44.867
~Not applicable.,,,,,,,
"Source: Bureau of Justice Statistics, Law Enforcement Management and Administrative Statistics survey, 2013.",,,,,,,
