Bureau of Justice Statistics,,,,,,,,,,,,,
Filename:  pvp1213at17.csv,,,,,,,,,,,,,
"Appendix Table 17. Standard errors for table 4: Written vehicle pursuit policies of general purpose state and local law enforcement agencies, 2013",,,,,,,,,,,,,
"Report title:  Police Vehicle Pursuits, 2012-2013, NCJ 250545",,,,,,,,,,,,,
"Data source:  Bureau of Justice Statistics, Law Enforcement Management and Administrative Statistics survey, 2013.",,,,,,,,,,,,,
"Author: Brian A. Reaves, Ph.D., BJS Statistician",,,,,,,,,,,,,
Refer questions to:  askbjs@ojp.usdoj.gov (202) 307-0765,,,,,,,,,,,,,
Date of version:  05/09/2017,,,,,,,,,,,,,
,,,,,,,,,,,,,
"Appendix Table 17. Standard errors for table 4: Written vehicle pursuit policies of general purpose state and local law enforcement agencies, 2013",,,,,,,,,,,,,
,,,,,,,,,,,,,
,,,,,,Written Policy,,,,,,,
Type of agency and population served,,"Permitted, officer discretion ",,"Permitted, restricted by criteria",,"Permitted, subject to supervisory approval/review",,Discouraged,,Prohibited,,No written policy,
Local police departments,,1.1,%,1.5,%,0.9,%,0.5,%,0.5,%,0.8,%
,"250,000 or more",1,,1.4,,1,,0.4,,0,,0,
,"100,000-249,999",0.8,,1,,0.6,,0,,0,,0,
,"50,000-99,999",1.7,,1.9,,1.1,,0,,0.1,,0,
,"25,000-49,999",1.5,,2.1,,1.5,,0.8,,0.6,,0,
,"10,000-24,999",1.3,,2,,1.4,,0.6,,0.8,,0.2,
,"9,999 or fewer",1.6,,2,,1.2,,0.8,,0.7,,1.1,
Sheriffs' offices,,1.5,%,2,%,1.4,%,0.6,%,0.4,%,0.9,%
,"250,000 or more",1.8,,2.7,,1.3,,2.1,,0.5,,0.3,
,"100,000-249,999",2.4,,3.4,,2.5,,0.3,,0,,1,
,"50,000-99,999",3.5,,4.6,,3.8,,1.1,,1.1,,1.9,
,"25,000-49,999",3.9,,4.3,,2.5,,0.7,,1.3,,1.3,
,"10,000-24,999",3,,4.1,,2.9,,1.4,,0.9,,1.9,
,"9,999 or fewer",4,,5.2,,3.6,,1.8,,0,,3.1,
"Source: Bureau of Justice Statistics, Law Enforcement Management and Administrative Statistics survey, 2013.",,,,,,,,,,,,,
