Bureau of Justice Statistics,,,,
Filename:  pvp1213at18.csv,,,,
"Appendix table 18. Standard errors for table 5: Sworn personnel employed by general purpose state and local law enforcement agencies, by type of written vehicle pursuit policy, 2013",,,,
"Report title:  Police Vehicle Pursuits, 2012-2013, NCJ 250545",,,,
"Data source:  Bureau of Justice Statistics, Law Enforcement Management and Administrative Statistics survey, 2013.",,,,
"Author: Brian A. Reaves, Ph.D., BJS Statistician",,,,
Refer questions to:  askbjs@ojp.usdoj.gov (202) 307-0765,,,,
Date of version:  05/09/2017,,,,
,,,,
"Appendix table 18. Standard errors for table 5: Sworn personnel employed by general purpose state and local law enforcement agencies, by type of written vehicle pursuit policy, 2013",,,,
,,,,
Type of policy,Local police departments,,Sheriffs' offices,
"Permitted, restricted by criteria",0.8,%,1.6,%
"Permitted, officer discretion",0.5,,1.1,
"Permitted, subject to supervisoryapproval/review",0.5,,1.1,
Discouraged,0.2,,0.2,
Prohibited,0.1,,0.2,
No written policy,0.1,,0.3,
"Source: Bureau of Justice Statistics, Law Enforcement Management and Administrative Statistics survey, 2013.",,,,
