"Bureau of Justice Statistics",,,,,,,,,,,,
"filename:  cv9755.csv",,,,,,,,,,,,
"Table 55: Victimization rates by locality of residence,",,,,,,,,,,,,
"race of head of household and type of crime",,,,,,,,,,,,
"data source: National Criminal Victimization Survey, 1997   NCJ 174446",,,,,,,,,,,,
"produced by:  Cathy Maston ",,,,,,,,,,,,
"authors:  Patsy Klaus and Cathy Maston",,,,,,,,,,,,
"refer questions to:  askbjs@ojp.usdoj.gov     202-307-0765",,,,,,,,,,,,
"date of version: 07/15/00",,,,,,,,,,,,
,,,,,,,,,,,,
,,,,,,,,,,,,
"Table 55. Property crimes, 1997:",,,,,,,,,,,,
,,,,,,,,,,,,
"Victimization rates by locality of residence,",,,,,,,,,,,,
"race of head of household and type of crime",,,,,,,,,,,,
,,,,,,,,,,,,
,,,,,,,,,,"Rate per 1,000 households",,
,,,,,,,,,,"Motor",,
,,,,"Total",,"Property",,"Household",,"vehicle",,
"Locality and race",,,,"households",,"crimes",,"burglary",,"theft",,"Theft"
,,,,,,,,,,,,
,,,,,,,,,,,,
"All areas",,,,,,,,,,,,
,,"White",,87680170,,242.3,,42.3,,11.9,,188.1
,,"Black",,12821410,,292.0,,62.5,,24.1,,205.3
"                                                                                               ",,,,,,,,,,,,
"Urban",,,,,,,,,,,,
,,"White",,22443710,,310.9,,54.6,,16.7,,239.5
,,"Black",,7036140,,327.0,,68.1,,30.6,,228.3
,,,,,,,,,,,,
"Suburban",,,,,,,,,,,,
,,"White",,41929490,,233.8,,36.8,,12.5,,184.4
,,"Black",,3715630,,297.0,,63.1,,19.8,,214.1
"                                                                                               ",,,,,,,,,,,,
"Rural ",,,,,,,,,,,,
,,"White",,23306970,,191.6,,40.2,,6.1,,145.3
,,"Black",,2069640,,163.8,,42.4,,9.9,"*",111.5
,,,,,,,,,,,,
,,,,,,,,,,,,
"Note: Detail may not add to total shown because of rounding.",,,,,,,,,,,,
"* Estimate is based on about 10 or fewer sample cases.",,,,,,,,,,,,
"The term ""Urban"" is used to denote ""Central cities.""",,,,,,,,,,,,
"The term ""Suburban"" is used to denote ""Outside central cities.""",,,,,,,,,,,,
"The term ""Rural"" is used to denote ""Nonmetropolitan areas.""",,,,,,,,,,,,
"Excludes data on persons of ""Other"" races.",,,,,,,,,,,,
