Bureau of Justice Statistics,,,,,,,,
Filename: icljpjj20f02.csv,,,,,,,,
"Figure 2. Local jail population as a percentage of the June 2019 jail population, by region, January-June 2020",,,,,,,,
"Report title: Impact of COVID-19 on the Local Jail Population, January-June 2020",,,,,,,,
"Data source: Bureau of Justice Statistics, Census of Jails, 2019; and Annual Survey of Jails, 2020",,,,,,,,
"Authors: Todd D. Minton, Zhen Zeng, Ph.D., and Laura M. Maruschak, BJS Statisticians",,,,,,,,
Refer questions to: askbjs@usdoj.gov 202-307-0765,,,,,,,,
Date of version: 3/10/2021,,,,,,,,
,,,,,,,,
"Figure 2. Local jail population as a percentage of the June 2019 jail population, by region, January-June 2020",,,,,,,,
Region,Midwest,,South,,West,,Northeast,
 January 2020,103.4,%,96.2,%,95.7,%,92,%
 February 2020,102.7,,95.8,,96.6,,91.5,
 March 2020,75.8,,81.9,,78.4,,78.3,
 April 2020,66.2,,74.6,,66.7,,66.3,
 May 2020,70.2,,77.4,,67.6,,65.9,
 June 2020,75.5,,78.6,,67.9,,67,
Note: Data are based on the inmate population confined on the last weekday each month. See table 2 for percentages and appendix table 2 for standard errors.,,,,,,,,
"Source: Bureau of Justice Statistics, Census of Jails, 2019; and Annual Survey of Jails, 2020.",,,,,,,,
