"Bureau of Justice Statistics",,,,
"filename:  hivpj0208.csv",,,,
"Table #:8 Jail inmates  ever tested or tested since admission for the human immunodeficiency virus and test results, 1996 and 2002",,,,
"report title: HIV in Prisons and Jails, 2002   NCJ 205333",,,,
"data source:  1996 and 2002 Surveys of Inmates in Local Jails",,,,
"author:  Laura M. Maruschak",,,,
"refer questions to: askbjs@usdoj.gov (202) 307-0765",,,,
"date of version: 12/7/04",,,,
,,,,
"Table 8. Jail inmates  ever tested or tested since admission for the human immunodeficiency virus and test results, 1996 and 2002",,,,
,"Percent of tested jail inmates who reported results",,,
"Characteristic",2002,,1996,
"Ever tested",62.9,"%",57.2,"%"
"  HIV positive",1.3,,2.2,
"Tested since admission",18.5,"%",17.7,"%"
"  HIV positive",2.5,,3.9,
"Note: Data are from the 1996 and 2002 Surveys of Inmates in Local Jails.",,,,
