"Bureau of Justice Statistics",,
"filename:  hivpj02ht01.csv",,
"Highlights table #: 1 Number and percent of HIV-positive State and Federal inmates",,
"report title: HIV in Prisons and Jails, 2002   NCJ 205333",,
"data source:  NPS-1 ",,
"author:  Laura M. Maruschak",,
"refer questions to: askbjs@usdoj.gov (202) 307-0765",,
"date of version: 12/7/04",,
,,
"Highlights table 1.  Number and percent of HIV-positive State and Federal inmates",,
,"HIV-positive State and Federal prison inmates",
"Yearend","Number","Percent of custody population"
1998,25680,2.2
1999,25807,2.1
2000,25333,2.0
2001,24147,1.9
2002,23864,1.9
