Bureau of Justice Statistics,,,,,,,,,
filename:  hivpj0201.csv,,,,,,,,,
"Table #: 1  Inmates in custody of State or Federal prison authorities and known to be positive for the human immunodeficiency virus, yearend 2000-2002",,,,,,,,,
"report title: HIV in Prisons and Jails, 2002   NCJ 205333",,,,,,,,,
data source:  NPS-1 ,,,,,,,,,
author:  Laura M. Maruschak,,,,,,,,,
refer questions to: askbjs@usdoj.gov (202) 307-0765,,,,,,,,,
date of version: 12/7/04,,,,,,,,,

"Table 1.  Inmates in custody of State or Federal prison authorities and known to be positive for the human immunodeficiency virus, yearend 2000-2002",,,,,,,,,
,Total known to be HIV positive/a,,,HIV/AIDS cases as a percent of total custody population/b,,,,,
Jurisdiction,2002,2001,2000,2002,,2001,,2000,
U.S. total/c,,,,,,,,,
Reported,23864,24147,25333,1.9,%,1.9,%,2,%
Comparable reporting/d,23848,24011,25198,,,,,,
Federal,1547,1520,1302,1.1,%,1.2,%,1,%
State,22317,22627,24031,2,,2,,2.2,
Northeast,7620,8136,8721,4.6,%,4.9,%,5.2,%
Connecticut,666,604,593,3.6,,3.5,,3.6,
Maine,--,15,11,--,,0.9,,0.7,
Massachusetts,290,307,313,2.9,,3,,3,
New Hampshire,16,17,23,0.6,,0.7,,1,
New Jersey,756,804,771,3.2,,3.4,,3.2,
New York,5000,5500,6000,7.5,,8.1,,8.5,
Pennsylvania,800,735,900,2,,2,,2.4,
Rhode Island,86,148,90,2.5,,4.4,,2.6,
Vermont,6,6,20,0.4,,0.4,,1.5,
Midwest,2133,2135,2252,1,%,1,%,1.1,%
Illinois,570,593,619,1.3,,1.3,,1.4,
Indiana,--,--,--,--,,--,,--,
Iowa,33,27,27,0.4,,0.3,,0.3,
Kansas,48,41,49,0.5,,0.5,,0.6,
Michigan,591,584,585,1.2,,1.2,,1.2,
Minnesota,37,33,42,0.5,,0.5,,0.7,
Missouri,262,262,267,0.9,,0.9,,1,
Nebraska,24,24,18,0.6,,0.6,,0.5,
North Dakota,4,4,2,0.4,,0.4,,0.2,
Ohio,417,398,478,1,,0.9,,1.1,
South Dakota,6,5,4,0.2,,0.2,,0.2,
Wisconsin,141,164,161,0.8,,0.9,,1,
South,10656,10392,10767,2.2,%,2.2,%,2.3,%
Alabama,276,302,419,1.1,,1.2,,1.8,
Arkansas,100,108,101,0.8,,0.9,,0.9,
Delaware,128,143,127,1.9,,2.1,,1.9,
District of Columbia,--,--,126,--,,--,,3.3,
Florida,2848,2602,2640,3.8,,3.6,,3.7,
Georgia,1123,1150,938,2.4,,2.5,,2.1,
Kentucky,--,105,124,--,,1.1,,1.3,
Louisiana,503,514,500,2.5,,2.6,,2.6,
Maryland,967,830,998,4,,3.5,,4.3,
Mississippi,224,234,230,1.9,,2,,2.1,
North Carolina,602,573,588,1.8,,1.8,,1.9,
Oklahoma,146,130,145,0.9,,0.9,,1,
South Carolina,544,559,560,2.4,,2.6,,2.7,
Tennessee,218,231,215,1.5,,1.7,,1.6,
Texas,2528,2388,2492,1.9,,1.8,,1.8,
Virginia,425,507,550,1.4,,1.7,,1.9,
West Virginia,24,16,14,0.7,,0.5,,0.5,
West,1908,1964,2291,0.7,%,0.8,%,0.9,%
Alaska ,16,16,--,0.5,,0.5,,--,
Arizona,130,122,110,0.4,,0.4,,0.4,
California,1181,1305,1638,0.7,,0.8,,1,
Colorado,182,173,146,1.1,,1.2,,1,
Hawaii,22,13,19,0.6,,0.3,,0.5,
Idaho,18,14,14,0.4,,0.4,,0.3
Montana,8,11,11,0.4,,0.6,,0.7
Nevada,113,127,151,1.2,,1.4,,1.6
New Mexico,30,27,28,0.5,,0.5,,0.5
Oregon,42,30,41,0.4,,0.3,,0.4
Utah,58,34,37,1.4,,0.8,,0.9
Washington,101,88,90,0.6,,0.6,,0.6
Wyoming,7,4,6,0.6,,0.4,,0.5
 --Not reported,,,,,,,,
\aCounts published in previous reports have been revised.  ,,,,,,,,
"\bPercentages are based on custody counts, except for New Mexico.  New Mexico's percentages are based on its yearend jurisdiction count.",,,,,,,,
\c Exclude inmates in jurisdictions that did not report data.,,,,,,,,
"\dExcludes data from Maine, Kentucky, and Alaska for all 3 years due to incomplete reporting.",,,,,,,,
\eAt yearend 2001 responsibility for housing District of Columbia sentenced felons was transferred to the Federal Bureau of Prisons.,,,,,,,,
