"Bureau of Justice Statistics",,,
"filename:  hivpj0209.csv",,,
"Table #: 10 Jail inmates ever tested for the human immunodeficiency virus and results, by offense and prior durg use, 2002",,,
"report title: HIV in Prisons and Jails, 2002   NCJ 205333",,,
"data source:  2002 Surveys of Inmates in Local Jails",,,
"author:  Laura M. Maruschak",,,
"refer questions to: askbjs@usdoj.gov (202) 307-0765",,,
"date of version: 12/7/04",,,
,,,
"Table 10. Jail inmates ever tested for the human immunodeficiency virus and results, by offense and prior durg use, 2002",,,
,"Tested inmates who reported results",,
"Characteristic","Number","Percent HIV positive",
"Current Offense",,,
"Violent",90751,0.7,"%"
"Property",95599,1.8,
"Drug",96003,1.6,
"Public-order",87374,1.1,
"Prior Drug Use",,,
"Never used",51248,0.4,"%"
"Ever used ",322617,1.5,
"Used month before offense",162027,1.5,
"Used needle to inject drugs",66606,3.2,
"Shared a needle",22288,7.5,
"Note: Data are from the 2002 Survey of Inmates in Local Jails.",,,
