"Bureau of Justice Statistics",,,
"filename:  hivpj0209.csv",,,
"Table #: 9 Jail inmates ever tested for the human immunodeficiency virus and results, by selected characteristics, 2002",,,
"report title: HIV in Prisons and Jails, 2002   NCJ 205333",,,
"data source:  2002 Surveys of Inmates in Local Jails",,,
"author:  Laura M. Maruschak",,,
"refer questions to: askbjs@usdoj.gov (202) 307-0765",,,
"date of version: 12/7/04",,,
,,,
"Table 9. Jail inmates ever tested for the human immunodeficiency virus and results, by selected characteristics, 2002",,,
,"Tested inmates who reported results",,
"Characteristic","Number","Percent HIV positive",
"All inmates",374711,1.3,"%"
"Gender",,,
"Male",324370,1.2,"%"
"Female",50340,2.3,
"Race/Hispanic origin",,,
"White ",136069,0.8,"%"
"Male",113671,0.6,
"Female",22398,1.6,
"Black ",163219,1.2,"%"
"Male",144330,1.0,
"Female",18889,3.0,
"Hispanic",55938,2.9,"%"
"Male",49819,2.9,
"Female",6120,2.9,
"Age",,,
"24 or younger",101362,0.2,"%"
"25-34",126607,1.1,
"35-44",103566,2.1,
"45 or older",43176,2.7,
"Marital Status",,,
"Married",56397,1.0,"%"
"Widowed/Divorced",67281,1.9,
"Separated",26747,1.7,
"Never married",223706,1.2,
"Education",,,
"Less than high school",143272,1.6,"%"
"GED",90300,1.3,
"High school graduate or more",140341,1.1,
"Note: Data are from the 2002 Survey of Inmates in Local Jails.",,,
