Bureau of Justice Statistics,,,
filename:  hivpj02t06.csv,,,
Text table #: 6 AIDS-related deaths in State prisons,,,
"report title: HIV in Prisons and Jails, 2002   NCJ 205333",,,
data source:  NPS-1 and DICRA,,,
author:  Laura M. Maruschak,,,
refer questions to: askbjs@usdoj.gov (202) 307-0765,,,
date of version: 12/7/04,,,

Text table 6. AIDS-related deaths in State prisons,,,
,AIDS-related deaths in State Prisons,,
,Number,,
Year,Reported in NPS-1,Total*,"Rate per 100,000 inmates"
1995,1010,--,100
1996,907,--,90
1997,538,--,48
1998,350,--,30
1999,242,--,20
2000,185,--,15
2001,256,311,25
2002,215,283,22
*Total number of deaths for 2001 and 2002 are based on a combination of NPS-1 and DICRA data.,,,
