 ,,,
Filename: cp11stt14.csv,,,
"Table 14. Number of persons executed, by jurisdiction, 1930�2011",,,
"Report title: Capital Punishment, 2011 - Statistical Tables NCJ 242185",,,
Data source: National Prisoner Statistics (NPS-8),,,
Authors: Tracy L. Snell,,,
Refer questions to: askbjs@usdoj.gov (202) 307-0765,,,
Date of version: 11/5/13,,,
 ,,,
"Table 14. Number of persons executed, by jurisdiction, 1930�2011",,,
Jurisdiction,,Since 1930,Since 1977
,U.S. total,"5,136","1,277"
Texas,,774,477
Georgia,,418,52
New York,,329,0
North Carolina,,306,43
California,,305,13
Florida,,241,71
Ohio,,218,46
South Carolina,,205,43
Virginia,,201,109
Alabama,,190,55
Mississippi,,169,15
Louisiana,,161,28
Oklahoma,,156,96
Pennsylvania,,155,3
Arkansas,,145,27
Missouri,,130,68
Kentucky,,106,3
Illinois,,102,12
Tennessee ,,99,6
New Jersey,,74,0
Maryland,,73,5
Arizona,,66,28
Indiana,,61,20
Washington,,52,5
Colorado,,48,1
Nevada,,41,12
District of Columbia,,40,0
West Virginia,,40,0
Federal system,,36,3
Massachusetts,,27,0
Delaware,,27,15
Connecticut,,22,1
Oregon ,,21,2
Utah,,20,7
Iowa ,,18,0
Kansas,,15,0
Montana ,,9,3
New Mexico ,,9,1
Wyoming,,8,1
Nebraska,,7,3
Idaho,,5,2
Vermont,,4,0
South Dakota,,2,1
New Hampshire,,1,0
Note: Statistics on executions under civil authority have been collected by the federal government annually since 1930. These data exclude 160 executions carried out by military authorities between 1930 and and 1961.,,,
"Source: Bureau of Justice Statistics, National Prisoner Statistics Program (NPS-8), 2011.",,,
