Bureau of Justice Statistics,,,,,,,,,,
Filename: slletar22stat02.csv,,,,,,,,,,
"Appendix Table 2. Standard errors for table 1: Number and percent of academies that provided, and recruits who started and completed, basic training, by type of academy, 2022 ",,,,,,,,,,
"Report title: State and Local Law Enforcement Training Academies and Recruits, 2022 - Statistical Tables  NCJ 309348 ",,,,,,,,,,
"Data source: Bureau of Justice Statistics, Census of Law Enforcement Training Academies, 2006, 2013, 2018, and 2022",,,,,,,,,,
"Author: Emily D. Buehler, PhD, BJS Statistician",,,,,,,,,,
Refer questions to: askbjs@usdoj.gov 202-307-0765,,,,,,,,,,
Date of version: 11/14/24,,,,,,,,,,
,,,,,,,,,,
"Appendix Table 2. Standard errors for table 1: Number and percent of academies that provided, and recruits who started and completed, basic training, by type of academy, 2022 ",,,,,,,,,,
,,Recruits who started basic training,,,,Recruits who completed basic training,,,,
Type of academy,,Number,Percent,,,Number,Percent,,Completion ratio,
,All,"1,895",~,,,"1,648",~,,0.23,%
State POST/equivalent,,485,0.84,%,,379,0.81,%,0.72,
State police/highway patrol,,275,0.49,,,233,0.49,,0.7,
Sheriff�s office,,362,0.61,,,315,0.63,,0.58,
County police,,137,0.24,,,128,0.26,,1.67,
Municipal police,,"1,624",2.15,,,"1,408",2.2,,0.55,
4-year college/university,,422,0.68,,,398,0.76,,0.68,
2-year college,,428,0.86,,,393,0.91,,0.47,
Technical school,,252,0.42,,,238,0.47,,0.75,
Special jurisdiction,,92,0.15,,,87,0.17,,2.74,
Multiagency,,246,0.47,,,205,0.47,,0.55,
~Not applicable.,,,,,,,,,,
"Source: Bureau of Justice Statistics, Census of Law Enforcement Training Academies, 2022.",,,,,,,,,,
