Bureau of Justice Statistics,,,,,,,,,,,,
Filename: slletar22stat05.csv,,,,,,,,,,,,
"Appendix Table 5. Standard errors for table 4: Number of training academies, recruits trained, and average length of training, by region, 2022",,,,,,,,,,,,
"Report title: State and Local Law Enforcement Training Academies and Recruits, 2022 - Statistical Tables  NCJ 309348 ",,,,,,,,,,,,
"Data source: Bureau of Justice Statistics, Census of Law Enforcement Training Academies, 2022",,,,,,,,,,,,
"Author: Emily D. Buehler, PhD, BJS Statistician",,,,,,,,,,,,
Refer questions to: askbjs@usdoj.gov 202-307-0765,,,,,,,,,,,,
Date of version: 11/14/24,,,,,,,,,,,,
,,,,,,,,,,,,
"Appendix Table 5. Standard errors for table 4: Number of training academies, recruits trained, and average length of training, by region, 2022",,,,,,,,,,,,
,,,Total,,Northeast,,Midwest,,South,,West,
All academies,,,~,,4,,5,,7,,5,
,Law enforcement-operated,,~,,4,,3,,5,,4,
,College-/technical school-operated,,~,,3,,4,,5,,3,
Recruits trained at academies,,,,,,,,,,,,
,Total,,"1,895",,"1,663",,676,,797,,694,
,,Law enforcement-operated,1.27,%,2.13,%,3.14,%,1.38,%,2.3,%
,,College-/technical school-operated,1.28,,2.13,,3.14,,1.38,,2.3,
Average length of training ,,,,,,,,,,,,
,Basic required to complete academy,,3.8, hrs.,9, hrs.,8.6, hrs.,6, hrs.,8.2, hrs.
,Basic mandated by state POST,,3.7,,11.7,,6.3,,5.6,,7.5,
,Field,,16.2,,25.9,,37.3,,23.5,,31.8,
~Not applicable.,,,,,,,,,,,,
"Source: Bureau of Justice Statistics, Census of Law Enforcement Training Academies, 2022.",,,,,,,,,,,,
