Bureau of Justice Statistics,,,,,,,,,
Filename: slletar22stt10.csv,,,,,,,,,
"Table 10. Eligibility, response rates, and final analysis weights for the 2022 Census of Law Enforcement Training Academies, by type of academy ",,,,,,,,,
"Report title: State and Local Law Enforcement Training Academies and Recruits, 2022 - Statistical Tables  NCJ 309348 ",,,,,,,,,
"Data source: Bureau of Justice Statistics, Census of Law Enforcement Training Academies, 2022",,,,,,,,,
"Author: Emily D. Buehler, PhD, BJS Statistician",,,,,,,,,
Refer questions to: askbjs@usdoj.gov 202-307-0765,,,,,,,,,
Date of version: 11/14/24,,,,,,,,,
,,,,,,,,,
"Table 10. Eligibility, response rates, and final analysis weights for the 2022 Census of Law Enforcement Training Academies, by type of academy ",,,,,,,,,
,,,,,Responding academies,,,,
Type of academy,,Academies initially surveyed ,Academies ineligible for known reasons/a,Eligible academies,Number,Percent,,,Final analysis weight
,All,857,110,747,602,80.6,%,,~
State POST/equivalent/b,,46,15,31,29,93.5,,,1.07
State police/highway patrol,,44,7,37,32,86.5,,,1.16
Sheriff�s office,,96,7,89,67,75.3,,,1.33
County police,,24,1,23,20,87,,,1.15
Municipal police,,168,21,147,116,78.9,,,1.27
4-year college/university,,69,14,55,40,72.7,,,1.38
2-year college,,251,25,226,184,81.4,,,1.23
Technical school,,58,6,52,41,78.8,,,1.27
Special jurisdiction,,21,5,16,12,75,,,1.33
Multiagency,,73,2,71,61,85.9,,,1.16
Other state agency,,6,6,0,~,~,,,~
Unknown ,,1,1,0,~,~,,,~
~Not applicable.,,,,,,,,,
"a/Known reasons include academies reporting they did not offer basic training and academies that were duplicates, did not meet the criteria, no longer operated, or only provided in-service training. ",,,,,,,,,
b/POST stands for Peace Officer Standards and Training.,,,,,,,,,
"Source: Bureau of Justice Statistics, Census of Law Enforcement Training Academies, 2022.",,,,,,,,,
