Bureau of Justice Statistics,,,
Filename: slletar22stat03.csv,,,
"Appendix Table 3. Standard errors for table 2: Positions for which state and local law enforcement training academies trained recruits, 2022",,,
"Report title: State and Local Law Enforcement Training Academies and Recruits, 2022 - Statistical Tables  NCJ 309348 ",,,
"Data source: Bureau of Justice Statistics, Census of Law Enforcement Training Academies, 2022",,,
"Author: Emily D. Buehler, PhD, BJS Statistician",,,
Refer questions to: askbjs@usdoj.gov 202-307-0765,,,
Date of version: 11/14/24,,,
,,,
"Appendix Table 3. Standard errors for table 2: Positions for which state and local law enforcement training academies trained recruits, 2022",,,
Type of position,Number of academies ,Percent of academies,
Local police officer (city/county),4,0.5,%
Sheriff�s deputy (law enforcement) ,5,0.61,
University/college campus police officer,6,0.8,
Pre-service/self-sponsored,6,0.76,
Corrections officer,6,0.77,
School resource officer,6,0.85,
Park ranger/officer,5,0.72,
State police/highway patrol officer,5,0.7,
Arson investigator/fire marshal,5,0.71,
Auxiliary officer,5,0.69,
Transportation police officer,5,0.6,
Natural resources officer,4,0.55,
Tribal police officer,4,0.51,
Constable,4,0.52,
Marshal ,3,0.44,
Only pre-service/self-sponsored candidates,5,0.63,
"Source: Bureau of Justice Statistics, Census of Law Enforcement Training Academies, 2022.",,,
