Bureau of Justice Statistics,,,
Filename: slletar22stt02.csv,,,
"Table 2. Positions for which state and local law enforcement training academies trained recruits, 2022",,,
"Report title: State and Local Law Enforcement Training Academies and Recruits, 2022 - Statistical Tables  NCJ 309348 ",,,
"Data source: Bureau of Justice Statistics, Census of Law Enforcement Training Academies, 2022",,,
"Author: Emily D. Buehler, PhD, BJS Statistician",,,
Refer questions to: askbjs@usdoj.gov 202-307-0765,,,
Date of version: 11/14/24,,,
,,,
"Table 2. Positions for which state and local law enforcement training academies trained recruits, 2022",,,
Type of position,Number of academies ,Percent of academies,
Local police officer (city/county),657,88,%
Sheriff�s deputy (law enforcement) ,531,71.1,
University/college campus police officer,418,56.1,
Pre-service/self-sponsored*,284,38.1,
Corrections officer,276,37.2,
School resource officer,267,35.9,
Park ranger/officer,184,24.7,
State police/highway patrol officer,171,23,
Arson investigator/fire marshal,151,20.3,
Auxiliary officer,140,18.8,
Transportation police officer,97,13.1,
Natural resources officer,90,12.1,
Tribal police officer,75,10.1,
Constable,71,9.5,
Marshal ,53,7.2,
Only pre-service/self-sponsored candidates* ,102,13.8,
Note: See appendix table 3 for standard errors. ,,,
*Candidates not affiliated with or sponsored by a law enforcement agency for recruitment to a position.,,,
"Source: Bureau of Justice Statistics, Census of Law Enforcement Training Academies, 2022.",,,
