Bureau of Justice Statistics,,,
filename: ppus05tt04.csv,,,
"Text table 4. Number of entries and exits from probation, 2000-05",,,
"report title: Probation and Parole in the United States, 2005, NCJ 215091",,,
data source: Annual Probation Survey and Annual Parole Survey,,,
author: Lauren E. Glaze and Thomas P. Bonczar,,,
refer questions to: askbjs@usdoj.gov (202) 307-0765,,,
date of version: 11/29/06,,,
"Text Table 4. Change in the number of adults on probation, 2000-05",,,
,Annual increase,,
Year,Number,Percent change,
2000,"46,287",1.2,%
2001,"105,522",2.8,
2002,"92,336",2.3,
2003,"49,920",1.2,
2004,"23,454",0.6,
2005,"19,070",0.5
