Bureau of Justice Statistics,
filename: ppus05f03.csv,
"Figure 3. Annual increase in probation population, 1995-2005",
"report title: Probation and Parole in the United States, 2005, NCJ 215091",
data source: Annual Probation Survey and Annual Parole Survey,
author: Lauren E. Glaze and Thomas P. Bonczar,
refer questions to: askbjs@usdoj.gov (202) 307-0765,
date of version: 11/29/06,
"Figure 3. Annual increase in probation population, 1995-2005",
Year,Increase in number of probationers
1995,96839
1996,87135
1997,101841
1998,121100
1999,109481
2000,46287
2001,105522
2002,92336
2003,49920
2004,23454
2005,19070
