Bureau of Justice Statistics,,,,,,
Filename:  agctlc05t14.csv,,,,,,
"Table 14. Number of cases appealed from intermediate appellate courts (IAC) to courts of last resort (COLR) in 46 large counties, 2001 - 2005",,,,,,
"Report title: Appeals from general civil trials in 46 large counties, 2001 - 2005",,,,,,
Data source:  2001 Supplemental Survey of Civil Appeals,,,,,,
Refer questions to:  askbjs@usdoj.gov   202-307-0765,,,,,,
Author:  Thomas H. Cohen,,,,,,
Date of version:  06/28/2006,,,,,,

"Table 14. Number of cases appealed from intermediate appellate courts (IAC) to courts of last resort (COLR) in 46 large counties, 2001 - 2005",,,,,,
Type of disposition in IAC,Number of appeals decided by IAC,Percent appealed from IAC to COLR,,Number of appeals from IAC to COLR,Percent of IAC appeals granted review by COLR,
All appeals,"1,162",18.8,%,218,11.5,%
Trial court outcome affirmed on appeal/a,456,26.1,,119,5.9,
Trial court outcome reversed on appeal/b,221,42.5,,94,18.1,
"Appeal dismissed, withdrawn, or transferred/c",485,1,,5,*,
"Note: Of the 1,204 primary appeals, 29 were appealed directly from the trial court to the court of last resort. These appeals were excluded from this table. Appeals to courts of last resort were available for 1,162 of the 1,175 cases disposed by the intermediate appellate courts. Detail may not sum to total because of rounding.",,,,,,
a/Includes appeals that were affirmed in whole.
"b/Includes appeals that were reversed in part, reversed in whole, modified, or remanded to the trial court."
"c/Includes appeals that were dismissed because of lack of jurisdiction, procedural error, or other reasons, appeals that were withdrawn because of a post trial settlement, or transferred appeals."
* Too few cases to obtain statistically reliable results.
