Bureau of Justice Statistics,,,,,
Filename:  agctlc05t03.csv,,,,,
"Table 3. Civil cases appealed from trial court, by party filing notice of appeal, and trial court outcome in 46 large counties, 2001 - 2005",,,,,
"Report title: Appeals from general civil trials in 46 large counties, 2001 - 2005",,,,,
Data source:  2001 Supplemental Survey of Civil Appeals,,,,,
Refer questions to:  askbjs@usdoj.gov   202-307-0765,,,,,
Author:  Thomas H. Cohen,,,,,
Date of version:  06/28/2006,,,,,

"Table 3. Civil cases appealed from trial court, by party filing notice of appeal, and trial court outcome in 46 large counties, 2001 - 2005",,,,,
,Civil cases appealed from trial court,,,,
,,Percent of appeals filed by - ,,,
Trial court outcome,Number,Plaintiff,,Defendant,
Judge or jury found for - ,,,,,
Plaintiff,699,21.2,%,78.8,%
Defendant,458,90.4,,9.6,
"Note: Data on trial court outcome of judge or jury finding for plaintiff or defendant were available for 96% of the 1,204 civil appeals."
