Bureau of Justice Statistics,,,,
Filename:  agctlc05t01.csv,,,,
"Table 1. General civil cases appealed from trial court, by type of case in 46 large counties, 2001 - 2005",,,,
"Report title: Appeals from general civil trials in 46 large counties, 2001 - 2005",,,,
Data source:  2001 Supplemental Survey of Civil Appeals,,,,
Refer questions to:  askbjs@usdoj.gov   202-307-0765,,,,
Author:  Thomas H. Cohen,,,,
Date of version:  06/28/2006,,,,

"Table 1. General civil cases appealed from trial court, by type of case in 46 large counties, 2001 - 2005",,,,
,General civil trials concluded in 2001,,,
,,Trials appealed,,
Type of civil cases,Number,Percent,,Number
All civil cases/a,"8,311",14.5,%,"1,204"
Tort cases,"5,660",10.6,%,600
Product liability,117,32.5,%,38
Professional malpractice,68,32.3,,22
Slander/libel,62,29.2,,18
Other or unknown tort/b,372,20.4,,76
Medical malpractice,851,17.5,,149
Intentional tort,258,13.2,,34
Premises liability,967,11.1,,107
Automobile accident,"2,967",5.3,,156
Contract cases,"2,470",20.8,%,513
Employment discrimination,284,33.8,%,96
Tortious interference,82,25.7,,21
Fraud,433,22.9,,99
Buyer plaintiff,544,18.4,,100
Other or unknown contract/c,134,17.9,,24
Seller plaintiff,801,17.5,,140
Rental/lease,192,17.2,,33
Real property cases,181,24,%,44
"Note: Detail may not sum to total because of rounding. For definitions of case categories, see Methodology section of Civil Trial Cases and Verdicts in Large Counties, 2001 (www.ojp.usdoj.gov/bjs/abstract/ctcvlc01.htm)."
"a/Total for all 1,204 appeals includes 47 appeals that could not be classified into the tort, contact, or real property civil case categories."
"b/Includes animal attack, conversion, false arrest - imprisonment, and other tort cases."
"c/Includes mortgage foreclosure, partnership dispute, subrogation, and other contract cases."
