Bureau of Justice Statistics,,,
Filename:  agctlc05at04.csv,,,
"Appendix D. Types of trial court errors alleged in civil appeals that produced a written opinion, unsigned per-curiam opinion, or published order in intermediate appellate courts, 2001 - 2005",,,
"Report title: Appeals from general civil trials in 46 large counties, 2001 - 2005",,,
Data source:  2001 Supplemental Survey of Civil Appeals,,,
Refer questions to:  askbjs@usdoj.gov   202-307-0765,,,
Author:  Thomas H. Cohen,,,
Date of version:  06/28/2006,,,

"Appendix D. Types of trial court errors alleged in civil appeals that produced a written opinion, unsigned per-curiam opinion, or published order in intermediate appellate courts, 2001 - 2005",,,

Types of trial court errors alleged in written opinion - first issue addressed on appeal,Number of appeals,Percent,
Total,646,100,%
"Jury instructions, substantive judge decision on law/a",133,20.6,%
"Directed verdict, JNOV, Judgment as a matter of law/b",111,17.2,
Sufficiency of the evidence (verdict)/c,94,14.6,
Evidentiary ruling/d,79,12.2
Pretrial error/e,78,12.1
Motion for new trial/f,41,6.3
Procedural error/g,27,4.2
"Attorneys' fees, costs, sanctions/h",17,2.6
Trial error/i,14,2.2
Sufficiency of the evidence (damages)/j,14,2.2
"Additur, Remittitur/k",12,1.9
Jury issue/l,10,1.5
Other trial court error/m,10,1.5
Inconsistency/n,6,0.9
Note. Many written opinions involve multiple legal issues and a maximum of eight issues for each appeal has been coded in this dataset. This appendix shows only the first alleged trial court issue asserted on appeal. ,,
Other errors asserted are available in the appellate opinion dataset. Many of these alleged court errors also involve underlying legal issues. These are not shown but are available in the appellate opinion dataset. ,,
a/Alleged errors related to judicial application of governing law or the substantive content of jury instructions including jury instructions on witness credibility or the weight to be accorded to different types of evidence.,,
b/Any order or decision related to a judicial determination on the merits of any claim or defense raised by a party at trial or post-trial including determination of any purely legal (judge) issues.,,
c/Alleged errors that the evidence presented at trial does not support the verdict or judgment on liability.,,
d/Any order or decision related to the admission or exclusion of evidence or witness testimony at trial.
"e/Any order or decision related to pretrial case management including discovery, class action certification, recusal or disqualification, non-trial dispositions (for example: arbitration awards, summary judgment, motion to dismiss) or other pretrial matters."
f/Any order or decision related to post-trial motions for a new trial.
"g/Any order or decision related to procedural requirements such as personal jurisdiction, statute of limitations, venue, preclusion based on res judicata or collateral estoppel, or other jurisdictional basis."
h/Any order or decision related to motions for the award of attorneys� fees or costs.
"i/Any order or decision related to trial management including bifurcation, time permitted for witness, examination, attorney misconduct (for example: improper argument), mistrial motions, or other trial matters."
j/Alleged errors that the evidence presented at trial does not support the verdict or judgment on damages.
k/Any order or decision related to post-trial modification of damage awards.
l/Any order or decision related to jury administration (for example: composition of the pool or venire) or the selection or conduct of individual jurors.
m/Other errors alleged that could not be classified.
n/Any allegation that individual elements of the verdict or judgment are internally inconsistent.
