Bureau of Justice Statistics,,,,,,,,,,,,,,,
Filename:  agctlc05t05.csv,,,,,,,,,,,,,,,
"Table 5. Disposition of civil cases appealed from trial court, by appealing party and civil case category in 46 large counties, 2001 - 2005",,,,,,,,,,,,,,,
"Report title: Appeals from general civil trials in 46 large counties, 2001 - 2005",,,,,,,,,,,,,,,
Data source:  2001 Supplemental Survey of Civil Appeals,,,,,,,,,,,,,,,
Refer questions to:  askbjs@usdoj.gov   202-307-0765,,,,,,,,,,,,,,,
Author:  Thomas H. Cohen,,,,,,,,,,,,,,,
Date of version:  06/28/2006,,,,,,,,,,,,,,,

"Table 5. Disposition of civil cases appealed from trial court, by appealing party and civil case category in 46 large counties, 2001 - 2005",,,,,,,,,,,,,,,
,,,,Percent of appeals reviewed on the merits - ,,,,,,Percent of appeals not reviewed on the merits - ,,,,,
,Civil appeals disposed 2001 - 2005,,,,,Trial court outcome,,,,,,,,,
Party filing notice of appeal and type of civil cases appealed from trial court,Number,Total,,Total,,Affirmed/a,,Reversed/b,,Total,,Appeal dismissed/c,,Appeal withdrawn/d,
All appeals/e,"1,189",100,%,57.1,%,38.4,%,18.7,%,42.9,%,17.4,%,25.5,%
Plaintiff filed notice of appeal/e,575,100,%,61.6,%,45.4,%,16.2,%,38.4,%,20,%,18.4,%
Tort cases,317,100,,60.6,,45.1,,15.5,,39.4,,21.8,,17.7,
Contract cases ,215,100,,62.3,,45.6,,16.7,,37.7,,16.7,,20.9,
Defendant filed notice of appeal/e,614,100,%,52.9,%,31.9,%,21,%,47.1,%,15,%,32.1,%
Tort cases,277,100,,55.2,,35.4,,19.9,,44.8,,10.8,,33.9,
Contract cases ,289,100,,48.8,,26.3,,22.5,,51.2,,18.3,,32.9,
"Note: Of the 1,204 primary appeals from the trial court, 15 were still pending after April 2005. Detail may not sum to total because of rounding.",,,,,,,,,,,,,,,
a/Includes appeals that were affirmed in whole. ,,,,,,,,,,,,,,,
"b/Includes appeals that were reversed in part, reversed in whole, modified, or remanded to the trial court.",,,,,,,,,,,,,,,
"c/Includes appeals that were dismissed because of lack of jurisdiction, procedural error, or other reasons.",,,,,,,,,,,,,,,
d/Includes appeals that were withdrawn by the parties for a variety of reasons or were transferred to another court. Transfers accounted for less than 10% of withdrawn/transferred appeals.,,,,,,,,,,,,,,,
e/Tort and contract case categories will not sum to total because totals includes property appeals and appeals that could not be classified into the tort or contract civil case categories.,,,,,,,,,,,,,,,
