Bureau of Justice Statistics,,,
Filename:  agctlc05ata.csv,,,
"Appendix A. Primary basis of appeal for civil cases appealed from trial court, in 46 large counties, 2001 - 2005",,,
"Report title: Appeals from general civil trials in 46 large counties, 2001 - 2005",,,
Data source:  2001 Supplemental Survey of Civil Appeals,,,
Refer questions to:  askbjs@usdoj.gov   202-307-0765,,,
Author:  Thomas H. Cohen,,,
Date of version:  06/28/2006,,,

"Appendix A. Primary basis of appeal for civil cases appealed from trial court, in 46 large counties, 2001 - 2005",,,
,Issues raised in civil appeals,,
Basis for appeal/a,Number,Percent,
Total appeals,691,100,%
Misapplication of substantive law or evidentiary law to the facts or improper jury instructions on law or evidence,142,20.5,
Verdict or findings not supported by the evidence,129,18.7,
Error in granting or denying directed verdict or judgment notwithstanding the verdict (JNOV)/b,108,15.6,
Trial court improperly admitted or excluded evidence ,82,11.9
Error in granting or denying post trial motion for new trial or motion to modify the damage award/b,70,10.1
Error in granting or denying motion for summary judgment or motion to dismiss case/b,59,8.5
Other issues raised/b,36,5.2
Procedural error allowed case to continue improperly ,29,4.2
"Trial court erred in granting or denying pretrial motion related to discovery, bifurcation, etc ",20,2.9
Trial court improperly awarded or denied attorney fees/b,16,2.3
"Note. Of the 1,204 primary civil appeals, 691 resulted in an appellate brief submission. The primary basis of appeal could be determined for these appeals. In other appeals, the basis of appeal could not be determined because the case was dismissed, withdrawn, or transferred before an appellate brief was filed.",,
a/There were multiple bases of appeal raised by appellants. The primary basis of appeal is identified in this text box. Secondary issues raised are excluded.,,
"b/There are often underlying issues raised when appeals involving error in granting or denying a directed verdict or JNOV, a post trial motion for new trial or damage award modification, motion for summary judgment or dismissal, attorney fees, or other errors is asserted. These underlying issues are not shown, but are available for anaylsis in the appellate database.",,
