Bureau of Justice Statistics,,,,,,,,,,,,,,,
Filename: cv18at08.csv,,,,,,,,,,,,,,,
"Appendix table 8: Standard errors for table 3: Number and rate of property victimizations, by type of crime, 2014-2018",,,,,,,,,,,,,,,
"Report title: Criminal Victimization, 2018   NCJ 253043",,,,,,,,,,,,,,,
"Data source: Bureau of Justice Statistics, National Crime Victimization Survey, 2014-2018.",,,,,,,,,,,,,,,
"Authors: Rachel E. Morgan, Ph.D., and Barbara A. Oudekerk, Ph.D., BJS Statisticians",,,,,,,,,,,,,,,
Refer questions to: askbjs@usdoj.gov or 202-307-0765 ,,,,,,,,,,,,,,,
Date of version: 9/10/19,,,,,,,,,,,,,,,
,,,,,,,,,,,,,,,
"Appendix table 8: Standard errors for table 3: Number and rate of property victimizations, by type of crime, 2014-2018",,,,,,,,,,,,,,,
,,2014,,,2015,,,2016,,,2017,,,2018,
Type of property crime,,Number,"Rate per 1,000",,Number,"Rate per 1,000",,Number,"Rate per 1,000",,Number,"Rate per 1,000",,Number,"Rate per 1,000"
,Total,"337,113",2.6,,"349,177",2.65,,"332,513",2.49,,"228,659",1.86,,"242,691",1.94
Burglary/trespassing,,"129,208",1,,"136,398",1.03,,"139,529",1.05,,"97,011",0.79,,"98,570",0.79
,Burglary,"107,662",0.83,,"110,177",0.83,,"114,568",0.86,,"78,320",0.64,,"81,288",0.65
,Trespassing,"68,683",0.45,,"68,147",0.52,,"72,734",0.55,,"54,656",0.44,,"49,959",0.4
Motor-vehicle theft,,"46,911",0.36,,"52,752",0.4,,"57,592",0.43,,"42,215",0.34,,"40,894",0.33
Other theft,,"290,595",2.24,,"299,739",2.27,,"288,470",2.16,,"200,824",1.63,,"210,236",1.68
"Source: Bureau of Justice Statistics, National Crime Victimization Survey, 2014-2018.",,,,,,,,,,,,,,,
