Bureau of Justice Statistics,,,,,,
Filename: cv18at07.csv,,,,,,
"Appendix table 7. Standard errors for table 2: Rate of completed, attempted, and threatened violent victimizations, 2014-2018",,,,,,
"Report title: Criminal Victimization, 2018   NCJ 253043",,,,,,
"Data source: Bureau of Justice Statistics, National Crime Victimization Survey, 2014-2018.",,,,,,
"Authors: Rachel E. Morgan, Ph.D., and Barbara A. Oudekerk, Ph.D., BJS Statisticians",,,,,,
Refer questions to: askbjs@usdoj.gov or 202-307-0765 ,,,,,,
Date of version: 9/10/19,,,,,,
,,,,,,
"Appendix table 7. Standard errors for table 2: Rate of completed, attempted, and threatened violent victimizations, 2014-2018",,,,,,
Violent victimizations,,2014,2015,2016,2017,2018
,Total,1.22,1.16,0.95,1.03,1.3
Completed,,0.57,0.55,0.4,0.45,0.57
Attempted,,0.61,0.58,0.44,0.51,0.58
Threatened,,0.59,0.56,0.55,0.57,0.69
"Source: Bureau of Justice Statistics, National Crime Victimization Survey, 2014-2018.",,,,,,
