Bureau of Justice Statistics,,,,,,,,,,,,,
filename:hivp08t02.csv,,,,,,,,,,,,,
"Table 2. Inmates in custody of state and federal prison authorities reported to be HIV positive or to have confirmed AIDS, by gender, yearend 2007 and 2008",,,,,,,,,,,,,
"report title: HIV in Prisons, 2007-08   NCJ 228307",,,,,,,,,,,,,
data source:  National Prisoners Statistics (NPS-1),,,,,,,,,,,,,
authors:  Laura M. Maruschak and Randy Beavers,,,,,,,,,,,,,
refer questions to: askbjs@usdoj.gov (202) 307-0765,,,,,,,,,,,,,
date of version: 1/19/10,,,,,,,,,,,,,
"Table 2. Inmates in custody of state and federal prison authorities reported to be HIV positive or to have confirmed AIDS, by gender, yearend 2007 and 2008",,,,,,,,,,,,,
,,Male HIV/AIDS cases,,,,,,Female HIV/AIDS cases,,,,,
,,2007,,,2008,,,2007,,,2008,,
,,Number ,Percent,,Number,Percent,,Number ,Percent,,Number,Percent,
U.S. total,,,,,,,,,,,,,
Comparable reporting/a,,"19,534",:,,"19,604",:,,"2,110",:,,"1,871",:,
Reported/b,,"19,534",1.5,%,"20,075",1.5,%,"2,110",2.1,%,"1,912",1.9,%
,Federal/c,"1,576",0.9,,"1,460",0.8,,103,0.9,,78,0.7,
,State,"17,958",1.6,,"18,615",1.5,,"2,007",2.3,,"1,834",2
Note: For jurisdiction-level data see appendix table 2.,,,,,,,,,,,,
:Not calculated.,,,,,,,,,,,,
a/Excludes data from Illinois and Oregon for both years due to incomplete reporting.,,,,,,,,,,,,
b/Excludes inmates in jurisdictions that did not report HIV/AIDS infection by gender.,,,,,,,,,,,,
c/Counts for 2008 may not be comparable to previous year counts due to implementaion of a new record-keeping system.,,,,,,,,,,,,
