Bureau of Justice Statistics,,,,,,,
filename:hivp08t03.csv,,,,,,,
"Table 3. Inmates in custody of state or federal prison authorities and reported to have confirmed AIDS, yearend 2007 and 2008",,,,,,,
"report title: HIV in Prisons, 2007-08   NCJ 228307",,,,,,,
data source:  National Prisoners Statistics (NPS-1),,,,,,,
authors:  Laura M. Maruschak and Randy Beavers,,,,,,,
refer questions to: askbjs@usdoj.gov (202) 307-0765,,,,,,,
date of version: 1/19/10,,,,,,,
"Table 3. Inmates in custody of state or federal prison authorities and reported to have confirmed AIDS, yearend 2007 and 2008",,,,,,,
,,Confirmed AIDS cases,,,,,
,,Number,,Percent of custody population,,,
,,2007,2008,2007,,2008,
U.S. total,,,,,,,
Estimated/a ,,"5,814","5,733",:,,:,
Reported/b,,"5,518","5,174",0.5,%,0.5,%
,Federal/c,682,613,0.4,,0.3,
,State,"4,836","4,561",0.5,,0.5,
Note: For jurisdiction-level data see appendix table 3.,,,,,,,
:Not calculated.,,,,,,,
"a/In states that did not report confirmed AIDS cases, estimates were made by applying to the total the percentages by type of HIV infection from the most recent year for which data were available. For each year, estimates do not include data from states that did not report sufficient data on HIV/AIDS cases.",,,,,,,
b/Excludes inmates in jurisdictions that did not report type of HIV/AIDS infection.,,,,,,,
c/Counts for 2008 may not be comparable to previous year counts due to the implementaion of a new record-keeping system.,,,,,,,
