Bureau of Justice Statistics,,,,,,,
filename:hivp08t05.csv,,,,,,,
"Table 5. Profile of inmates who died from AIDS-related causes in state prisons, 2005-2007",,,,,,,
"report title: HIV in Prisons, 2007-08   NCJ 228307",,,,,,,
data source:  Deaths in Custody Reporting Program (DCRP),,,,,,,
authors:  Laura M. Maruschak and Randy Beavers,,,,,,,
refer questions to: askbjs@usdoj.gov (202) 307-0765,,,,,,,
date of version: 12/01/09,,,,,,,
"Table 5. Profile of inmates who died from AIDS-related causes in state prisons, 2005-2007",,,,,,,
,,Number of AIDS-related deaths/a,,,"Rate of AIDS-related deaths per 100,000 inmates/b",,
Characteristic,,2005,2006,2007,2005,2006,2007
,State total,176,155,120,13,11,9
Gender,,,,,,,
,Male,166,148,112,14,12,9
,Female,10,7,8,12,8,8
Age,,,,,,,
,19 or younger,0,1,0,0,5,0
,20-24,0,2,1,0,1,0
,25-34,25,18,13,6,4,3
,35-44,82,62,43,21,16,11
,45-54,55,58,45,31,32,24
,55 or older,14,14,18,22,22,27
Race/Hispanic origin,,,,,,,
,White/c ,33,29,28,8,6,5
,Black/c,120,114,78,24,21,14
,Hispanic,21,12,14,9,5,7
"a/For 2005 and 2006, estimates of the number of AIDS-related deaths by gender, age, and race/Hispanic origin were made by applying the percentages based on DCRP data to the estimated total number of AIDS-related deaths. For 2007, the number of AIDS-related deaths by gender, age, and race/Hispanic origin were based on DCRP data.",,,,,,,
"b/To calculate the age rates, the number of state prisoners by age was first estimated by applying the age distribution reported in the 2004 Survey of Inmates in State Correctional Facilities to the 2005-2007 midyear custody counts in NPS-1.",,,,,,,
c/Excludes persons of Hispanic or Latino origin.,,,,,,,
