"Bureau of Justice Statistics",,,
"Filename: cbt2.csv",,,
"Text table 2.  Companies reporting other computer security incidents, by description",,,
"Report title: Cybercrime against Businesses, NCJ 200639",,,
"Data source: Computer Security Survey 2001 pilot",,,
"Author: Ramona R. Rantala",,,
"Refer questions to: askbjs@ojp.usdoj.gov (202) 307-0765",,,
"Date of version: 3/22/04",,,
,,,
"Text table 2.  Companies reporting other computer security incidents, by description",,,
,,,
,"Companies reporting other computer security incidents",,
"Description","Number","Percent",
"All other incidents",26,100,"%"
"Hacking",8,31,
"Spam",5,19,
"Spoofing, sniffing, or port scanning",5,19,
"Other",4,15,
"Unspecified",6,23,
"Note: Respondents could provide descriptions of more than one type.",,,
