"Bureau of Justice Statistics",,,
"Filename: cbt4.csv",,,
"Text table 4.  Companies identifying most significant incident",,,
"Report title: Cybercrime against Businesses, NCJ 200639",,,
"Data source: Computer Security Survey 2001 pilot",,,
"Author: Ramona R. Rantala",,,
"Refer questions to: askbjs@ojp.usdoj.gov (202) 307-0765",,,
"Date of version: 3/22/04",,,
,,,
"Text table 4.  Companies identifying most significant incident",,,
,,,
,"Companies identifying most significant incident",,
"Most significant incident","Number","Percent",
"Total companies detecting incidents",147,100,"%"
"Embezzlement or fraud",3,2.0,
"Denial of service",18,12.2,
"Vandalism or sabotage",7,4.8,
"Computer virus",91,61.9,
"Other",7,4.8,
"Missing or none",21,14.3,
