"Bureau of Justice Statistics",,
"Filename: cbt7.csv",,
"Text table 7.  Cumulative response rate, by data collection activity",,
"Report title: Cybercrime against Businesses, NCJ 200639",,
"Data source: Computer Security Survey 2001 pilot",,
"Author: Ramona R. Rantala",,
"Refer questions to: askbjs@ojp.usdoj.gov (202) 307-0765",,
"Date of version: 3/22/04",,
,,
"Text table 7.  Cumulative response rate, by data collection activity",,
,,
"Data collection activity","Cumulative percent of sample responding",
"Initial mailing",12.8,"%"
"Second mailing (follow-up)",21.4,
"Third mailing (follow-up)",26.2,
"First telephone follow-up",32.6,
"Second telephone follow-up",41.8,
