"Bureau of Justice Statistics",,,
"Filename: cbt8.csv",,,
"Text table 8.  Companies declining to complete CSS, by reason",,,
"Report title: Cybercrime against Businesses, NCJ 200639",,,
"Data source: Computer Security Survey 2001 pilot",,,
"Author: Ramona R. Rantala",,,
"Refer questions to: askbjs@ojp.usdoj.gov (202) 307-0765",,,
"Date of version: 3/22/04",,,
,,,
"Text table 8.  Companies declining to complete CSS, by reason",,,
,,,
,"Companies declining to complete CSS",,
"Reason","Number","Percent",
"Total",118,100,"%"
"Voluntary survey",97,82,
"Don't have time",49,42,
"Confidentiality/sensitivity/legal concerns",20,17,
"Data not available",16,14,
"Company policy",10,8,
"Other",4,3,
"Note: Respondents could provide more than one reason for refusal.",,,
