Bureau of Justice Statistics,,,,,,
Filename: lpd16pat15.csv,,,,,,
"Appendix table 15. Standard errors for table 12: Full-time school resource officers in local police departments, by population served, 2016",,,,,,
"Report title: Local Police Departments, 2016: Personnel NCJ 252835",,,,,,
"Data Source: Bureau of Justice Statistics, Law Enforcement Management and Administrative Statistics survey, 2016",,,,,,
"Authors: Shelley S. Hyland, Ph.D., and Elizabeth Davis, BJS Statisticians",,,,,,
Refer questions to: askbjs@usdoj.gov   202-307-0765,,,,,,
Date of version: 10/25/19,,,,,,
,,,,,,
"Appendix table 15. Standard errors for table 12: Full-time school resource officers in local police departments, by population served, 2016",,,,,,
Population served,,Departments with school resource officers (SROs),,,,
,,Number,Percent,, Total number of SROs ,Average number of SROs
, All sizes ,112,0.91,%,335,0.07
1 million or more,,1,4.39,,166,14.19
"500,000-999,999",,2,2.93,,109,2.89
"250,000-499,999",,2,1.85,,66,0.83
"100,000-249,999",,4,0.99,,76,0.31
"50,000-99,999",,29,2.58,,108,0.19
"25,000-49,999",,51,3.26,,153,0.15
"10,000-24,999",,70,2.6,,199,0.13
"9,999 or less",,98,1.1,,197,0.1
"Source: Bureau of Justice Statistics, Law Enforcement Management and Administrative Statistics survey, 2016.",,,,,,
