Bureau of Justice Statistics,,,
Filename: lpd16pt15.csv,,,
"Table 15. Base weights, non-response adjustments, and final weights for local police departments, by strata, 2016",,,
"Report title: Local Police Departments, 2016: Personnel NCJ 252835",,,
"Data Source: Bureau of Justice Statistics, Law Enforcement Management and Administrative Statistics survey, 2016",,,
"Authors: Shelley S. Hyland, Ph.D., and Elizabeth Davis, BJS Statisticians",,,
Refer questions to: askbjs@usdoj.gov   202-307-0765,,,
Date of version: 10/25/19,,,
,,,
"Table 15. Base weights, non-response adjustments, and final weights for local police departments, by strata, 2016",,,
Size of agency,Base weight,Non-response adjustment,Final weight
100 or more,1,1.131,1.131
50-99.5,5.879,1.222,7.185
25-49.5,5.897,1.172,6.914
10-24.5,5.897,1.183,6.978
5-9.5,5.873,1.244,7.305
2-4.5,5.893,1.38,8.134
1-1.5,5.885,1.563,9.2
Note: Size of agency is based on the number of full-time sworn officers plus half the number of part-time sworn officers (who are counted as the equivalent of 0.5 full-time sworn officers).,,,
"Source: Bureau of Justice Statistics, Law Enforcement Management and Administrative Statistics survey, 2016.",,,
