Bureau of Justice Statistics,,,
Filename: lpd16pt16.csv,,,
"Table 16. Law Enforcement Management and Administrative Statistics survey response rates for local police departments, by size of agency, 2016",,,
"Report title: Local Police Departments, 2016: Personnel NCJ 252835",,,
"Data Source: Bureau of Justice Statistics, Law Enforcement Management and Administrative Statistics survey, 2016",,,
"Authors: Shelley S. Hyland, Ph.D., and Elizabeth Davis, BJS Statisticians",,,
Refer questions to: askbjs@usdoj.gov   202-307-0765,,,
Date of version: 10/25/19,,,
,,,
"Table 16. Law Enforcement Management and Administrative Statistics survey response rates for local police departments, by size of agency, 2016",,,
Size of agency,,Response rate,
,Total,81.7,%
100 or more,,88.4,
50-99.5,,81.8,
25-49.5,,85.3,
10-24.5,,84.5,
5-9.5,,80.4,
2-4.5,,72.4,
1-1.5,,64,
Note: Size of agency is based on the number of full-time sworn officers plus half the number of part-time sworn officers (who are counted as the equivalent of 0.5 full-time sworn officers). See table 14.,,,
"Source: Bureau of Justice Statistics, Law Enforcement Management and Administrative Statistics survey, 2016.",,,
