Bureau of Justice Statistics,,,,,,,,
Filename: lpd16pat03.csv,,,,,,,,
"Appendix table 3. Standard errors for table 2: Personnel in general-purpose state and local law enforcement agencies, by type of agency, 2016",,,,,,,,
"Report title: Local Police Departments, 2016: Personnel NCJ 252835",,,,,,,,
"Data Source: Bureau of Justice Statistics, Law Enforcement Management and Administrative Statistics survey, 2016",,,,,,,,
"Authors: Shelley S. Hyland, Ph.D., and Elizabeth Davis, BJS Statisticians",,,,,,,,
Refer questions to: askbjs@usdoj.gov   202-307-0765,,,,,,,,
Date of version: 10/25/19,,,,,,,,
,,,,,,,,
"Appendix table 3. Standard errors for table 2: Personnel in general-purpose state and local law enforcement agencies, by type of agency, 2016",,,,,,,,
,,Full-time employees,,,,Part-time employees,,
Type of agency,,Total,Sworn,Civilian,,Total,Sworn,Civilian
,Total,"25,848","17,273","9,930",,"2,557","1,223","2,072"
Local police,,"21,923","15,833","6,343",,"2,021",933,"1,747"
Sheriff�s office,,"13,694","6,905","7,640",,"1,566",789,"1,112"
Primary state,,0,0,0,,56,13,53
"Source: Bureau of Justice Statistics, Law Enforcement Management and Administrative Statistics survey, 2016.",,,,,,,,
