Bureau of Justice Statistics,,,,,,,,,
Filename: lpd16pat16.csv,,,,,,,,,
"Appendix table 16. Standard errors for table 13: Percent of local police departments with personnel designated to address specific crime-related issues, by size of population served, 2016",,,,,,,,,
"Report title: Local Police Departments, 2016: Personnel NCJ 252835",,,,,,,,,
"Data Source: Bureau of Justice Statistics, Law Enforcement Management and Administrative Statistics survey, 2016",,,,,,,,,
"Authors: Shelley S. Hyland, Ph.D., and Elizabeth Davis, BJS Statisticians",,,,,,,,,
Refer questions to: askbjs@usdoj.gov   202-307-0765,,,,,,,,,
Date of version: 10/25/19,,,,,,,,,
,,,,,,,,,
"Appendix table 16. Standard errors for table 13: Percent of local police departments with personnel designated to address specific crime-related issues, by size of population served, 2016",,,,,,,,,
,"Departments serving 100,000 or more residents",,,,,"Departments serving less than 100,000 residents",,,
Specific problem or task,Departments with personnel assigned full-time to specialized unit ,,Departments with other designated personnel,,,Departments with personnel assigned full-time to specialized unit,,Departments with other designated personnel,
Child abuse,2.01,%,1.87,%,,0.5,%,0.99, % 
Drug enforcement,1.41,,0.93,,,0.68,,0.94,
Gangs,2.04,,1.8,,,0.36,,0.67,
Domestic violence,2.06,,1.79,,,0.49,,0.86,
Financial crimes,2.16,,1.94,,,0.42,,0.83,
Missing children,2.21,,2.04,,,0.46,,0.84,
Terrorism/homeland security,2.19,,2.19,,,0.29,,0.6,
School safety,2.2,,1.8,,,0.63,,0.95,
Cybercrimes,2.22,,2.09,,,0.33,,0.78,
Juvenile crimes,2.23,,1.95,,,0.54,,0.91,
Impaired driving,2.21,,2.06,,,0.46,,0.84,
Firearms,2.22,,2.02,,,0.47,,0.91,
Human trafficking,2.13,,2.15,,,0.28,,0.64,
Repeat offenders,1.83,,1.92,,,0.37,,0.64,
Bias/hate crimes,1.45,,2.09,,,0.23,,0.65,
Environmental crimes,1.27,,1.52,,,0.26,,0.54,
"Source: Bureau of Justice Statistics, Law Enforcement Management and Administrative Statistics survey, 2016.",,,,,,,,,
