"Bureau of Justice Statistics",,,,,,
"filename:   scpld8.csv",,,,,,
"Table#8:  Computer crimes prosecuted in prosecutors' offices in large districts, 2001",,,,,,
"Report title:   State Court Prosecutors in Large Districts, 2001, NCJ 191206",,,,,,
"Data source:   National Survey of Prosecutors, 2001",,,,,,
"author:   Carol J. DeFrances",,,,,,
"refer questions to:   askbjs@ojp.usdoj.gov  (202) 307-0765",,,,,,
"date of version:   12/13/01",,,,,,
,,,,,,
"Table 8.  Types of computer crimes prosecuted in prosecutors' offices in large districts, 2001",,,,,,
,,,,,,
,"Percent of offices in large districts  ",,,,,
,,,"Offices serving a population of ",,,
"Type of computer crime prosecuted","All offices in large districts ",,"1,000,000 or more",,"500,000 to 999,999",
,,,,,,
"     Any computer related crime",83.3,"%",97.0,"%",77.3,"%"
"Credit card fraud",73.3,,93.5,,64.9,
"Bank card fraud /a",65.7,,83.3,,58.0,
"Computer forgery /b",53.4,,63.0,,49.2,
"Computer sabotage/c",29.1,,53.6,,17.2,
"Unauthorized access to computer system/d",42.7,,60.7,,34.4,
"Unauthorized copying or distribution of computer programs/e",25.0,,53.8,,11.1,
"Cyberstalking/f",66.0,,76.7,,60.9,
"Theft of intellectual property",23.5,,40.7,,14.8,
"Transmitting child pornography",75.0,,87.1,,69.6,
"Identity theft",67.7,,80.0,,62.3,
,,,,,,
"Note:   Data on prosecution of any computer related crimes under their State's computer statutes",,,,,,
"were available for 108 offices.  Data were available on credit card fraud for 105 prosecutors' offices",,,,,,
"in large districts, bank card fraud 99 offices, forgery 88 offices, sabotage 86 offices, unauthorized ",,,,,,
"access to compute system 89 offices, unauthorized copying or distribution of computer programs ",,,,,,
"80 offices, cyberstalking 94 offices, theft of intellectual property 81 offices, transmitting child pornography",,,,,,
"100 offices, and identity theft 99 offices.",,,,,,
"a/ ATM or debit.",,,,,,
"b/ Alteration of computerized documents.",,,,,,
"c /To hinder the normal function of a computer system through the introduction of  worms, viruses,or logic bombs.",,,,,,
"d/ Hacking.",,,,,,
"e/ Software copyright infringement.",,,,,,
"f/ The activity of users sending harassing or threatening e-mail to other users.",,,,,,
