"Bureau of Justice Statistics",,,
"filename:   scpld5.csv",,,
"Table#5:   Budget for prosecutorial functions in prosecutors' offices in large districts, 2001",,,
"Report title:   State Court Prosecutors in Large Districts, 2001, NCJ 191206",,,
"Data source:   National Survey of Prosecutors, 2001",,,
"author:   Carol J. DeFrances",,,
"refer questions to:   askbjs@ojp.usdoj.gov  (202) 307-0765",,,
"date of version:   12/13/01",,,
,,,
"Table 5.  Budget for prosecutorial functions in prosecutors' offices in large districts, 2001",,,
,,,
,,"Prosecutors' offices serving a population of ",
"   ","All offices in large districts","1,000,000 or more","500,000 to 999,999"
,,,
"Budget for prosecutorial functions (in thousands)",,,
"Total",$2940000,$1910000,$1030000
"Median",$14203,$32115,$10947
"Mean",$25822,$56223,$12901
"Minimum",$1380,$7200,$1380
"Maximum",$373000,$373000,$53351
,,,
"Number of  prosecutors' offices",114,34,80
,,,
"Percent of offices in large districts where budget includes:",,,
"Staff salaries",99.1%,100.0%,98.7%
"Expert services",89.8,97.1,86.5
"Investigator services",89.9,100.0,85.3
"Interpreter services",74.8,73.5,75.3
"Social services",37.6,38.7,37.1
"Child support enforcement",31.4,37.5,28.6
"DNA testing",74.8,70.6,76.7
,,,
"Note: Data on total budget were available for all 114 prosecutors' offices in large districts.  ",,,
"Data on percentage of prosecutors' offices in large districts were total budget includes staff",,,
"salaries were available for 111 offices, expert services 108, investigator services 109,",,,
"interpreter services 107, social services 101, child support enforcement 102, and DNA",,,
"testing 107.",,,
