"Bureau of Justice Statistics",,,
"filename:   scpld2.csv",,,
"Table#2:   Median staff size in prosecutors' offices in large districts, by personnel categories, 2001",,,
"Report title:   State Court Prosecutors in Large Districts, 2001, NCJ 191206",,,
"Data source:   National Survey of Prosecutors, 2001",,,
"author:   Carol J. DeFrances",,,
"refer questions to:   askbjs@ojp.usdoj.gov  (202) 307-0765",,,
"date of version:   12/13/01",,,
,,,
"Table 2.  Median staff size in prosecutors' offices in large districts, by personnel categories, 2001",,,
,,,
,"Median for prosecutors' offices in large districts",,
,,"Offices serving a population of",
,,,
"Staff members","All offices in large districts","1,000,000 or more","500,000 to  999,999"
"Total staff size/a",234,456,195
,,,
"Number of assistant prosecutors",79,151,59
"Number of civil attorneys",0,4,0
"Number of supervisory attorneys/b",8,21,6
"Number of managers/c",4,5,3
"Number of victim advocates",8,16,8
"Number of legal services  personnel/d",11,22,6
"Number of  staff investigators/e",17,43,14
"Number of support staff/f",69,145,59
,,,
"Number of prosecutors' offices",114,34,80
,,,
"a/ Includes the chief prosecutor.",,,
"b/ Attorneys in managerial positions who litigate cases.",,,
"c/ Attorneys or non-attorneys in primarily managerial positions who do not litigate cases.",,,
"d/ Includes law clerks and paralegals.",,,
"e/ Includes investigators on contract.",,,
"f/ Includes administrative staff, clerical staff, computer personnel and fiscal officers.",,,
