"Bureau of Justice Statistics",,,,,,,,,
"Filename: sschis10.csv",,,,,,,,,
"Table 10: Fingerprinting of incarcerated offenders and linkage to records maintained by State criminal history repository, 1999",,,,,,,,,
"Title of Report: Survey of State Criminal History Information Systems, 1999, NCJ 184793",,,,,,,,,
"Data source:  BJS/SEARCH Survey of Criminal History Information Systems, 1999",,,,,,,,,
"Author: SEARCH",,,,,,,,,
"Contact: Carol Kaplan",,,,,,,,,
"Refer questions to:   (202) 307-0765 or askbjs@ojp.usdoj.gov",,,,,,,,,
"Date version:  10/31/00",,,,,,,,,
,,,,,,,,,
"Table 10: Fingerprinting of incarcerated offenders and linkage to records maintained by State criminal history repository, 1999",,,,,,,,,
,,,,,,,,,
,,"Law requires fingerprinting of",,"Percent of admitted prisoners for",,,,"State repository uses",
,,"admitted prisoners and sending ",,"whom State repository receives",,,,"fingerprints to make",
,,"fingerprints to State repository",,"fingerprints",,,,"positive identification ",
,,,,,,,,"and to link correctional",
"State",,"  State prisons","  Local jails","State prisons",,"Local jails",,"data with proper records",
,,,,,,,,,
,,,,,,,,,
"Alabama",,"Yes","Yes",100%,,100%,,"Yes",
"Alaska",,"Yes","Yes","...",,"...",,"Yes",
"Arizona",,,,,,,,,
"Arkansas",,"Yes","Yes",100,,"...",,"Yes",
"California",,"Yes","Yes",100,,100,,"Yes",
,,,,,,,,,
"Colorado",,,,,,,,,
"Connecticut",,"Yes","Yes",100%,,,"a","Yes",
"Delaware",,"Yes",,100,,,,"Yes",
"District of Columbia",,"...","...","...",,"...",,"...",
"Florida",,"Yes",,0,"b",,,,
,,,,,,,,,
"Georgia",,"Yes",,100%,,,,"Yes",
"Hawaii",,,,,,,,,
"Idaho",,"Yes","Yes",100,,"...",,"Yes",
"Illinois",,"Yes","Yes","...",,"...",,"Yes",
"Indiana",,"Yes",,75,,,,"Yes",
,,,,,,,,,
"Iowa",,"Yes","Yes",99%,,"...",,"Yes",
"Kansas",,"Yes",,0,,,,"Yes",
"Kentucky",,"Yes",,"...",,,,"Yes",
"Louisiana",,"Yes","Yes",100,,100%,,"Yes",
"Maine",,"...","...","...",,"...",,"Yes",
,,,,,,,,,
"Maryland",,"Yes","Yes",100%,,100%,,"Yes",
"Massachusetts",,"Yes","Yes",100,,13,,"Yes",
"Michigan",,"Yes",,100,,,,"Yes",
"Minnesota",,"Yes","Yes",100,,"...",,"Yes",
"Mississippi",,"Yes",,"...",,,,"Yes",
,,,,,,,,,
"Missouri",,"Yes",,100%,,,,"Yes",
"Montana",,,,100,,,,"Yes",
"Nebraska",,"Yes","Yes",100,,100,,"Yes",
"Nevada",,,,100,,,,"Yes",
"New Hampshire",,"Yes",,100,,,,"Yes",
,,,,,,,,,
"New Jersey",,"Yes","Yes",100%,,95%,,"Yes",
"New Mexico",,"Yes","Yes",100,,"...",,"Yes",
"New York",,"Yes","Yes","<5",,"...","c","Yes","c"
"North Carolina",,"Yes","Yes",100,,100,,"Yes",
"North Dakota",,"Yes","Yes",100,,40,,"Yes",
,,,,,,,,,
"Ohio",,"Yes","Yes","...",,"...",,"Yes",
"Oklahoma",,"Yes","Yes",100%,,"...",,"Yes",
"Oregon",,,,100,,,,"Yes",
"Pennsylvania",,,,"<6",,"<5%",,"Yes","d"
"Puerto Rico",,,,,,,,,
,,,,,,,,,
"Rhode Island",,,,,,,,,
"South Carolina",,"Yes","Yes",100%,,95%,,"Yes",
"South Dakota",,"Yes","Yes",100,,95,,"Yes",
"Tennessee",,"Yes","Yes","...",,"...",,"Yes",
"Texas",,,,,,,,"Yes",
,,,,,,,,,
"Utah",,"Yes","Yes",100%,"b","...",,"Yes",
"Vermont",,"Yes","Yes",100,,100%,,"Yes",
"Virgin Islands",,,,,,,,,
"Virginia",,"Yes",,85,,,,"Yes",
"Washington",,,,,,,,"Yes",
,,,,,,,,,
"West Virginia",,"Yes","Yes","...",,"...",,"Yes",
"Wisconsin",,"Yes","Yes",100%,,100%,,"Yes",
"Wyoming",,"Yes","Yes",100,,"...",,"Yes",
,,,,,,,,,
,,,,,,,,,
"Explanatory Notes for Table 10",,,,,,,,,
,,,,,,,,,
"The notes below expand on the data in Table 10.  The explanatory information was provided by the respondent.",,,,,,,,,
,,,,,,,,,
"Note:  The figures in the columns represent the estimated percent of fingerprint cards received from State prisons and local jails both in States ",,,,,,,,,
"where a legal requirement (State statute or regulation) exists to fingerprint incarcerated individuals and send the fingerprint to the repository ",,,,,,,,,
"and in States where the procedure is carried out voluntarily.  The absence of a response indicated that the information is neither mandated ",,,,,,,,,
"by a State legal requirement nor is it voluntarily submitted.  Percentages are rounded to the nearest whole number.",,,,,,,,,
,,,,,,,,,
"...  Not available. ",,,,,,,,,
,,,,,,,,,
"a In Connecticut, admitted prisoners are held only in State prisons.",,,,,,,,,
,,,,,,,,,
"b Information is transmitted automatically.",,,,,,,,,
,,,,,,,,,
"c Fingerprints are requested only when online data cannot be matched.",,,,,,,,,
,,,,,,,,,
"d Only to those offenders convicted of certain crimes, such as sexual and violent offenses.",,,,,,,,,
