"Bureau of Justice Statistics",,,,,,,
"Filename: sschis21.csv",,,,,,,
"Table 21:   Criminal history records of Interstate Identification Index (III) participants maintained by the State criminal history repository ",,,,,,,
"and the Federal Bureau of Investigation, June 30, 1999",,,,,,,
"Title of Report: Survey of State Criminal History Information Systems, 1999, NCJ 184793",,,,,,,
"Data source:  BJS/SEARCH Survey of Criminal History Information Systems, 1999",,,,,,,
"Author: SEARCH",,,,,,,
"Contact: Carol Kaplan",,,,,,,
"Refer questions to:   (202) 307-0765 or askbjs@ojp.usdoj.gov",,,,,,,
"Date version:  10/31/00",,,,,,,
,,,,,,,
"Table 21:   Criminal history records of Interstate Identification Index (III) participants maintained by the State criminal history repository ",,,,,,,
"and the Federal Bureau of Investigation, June 30, 1999",,,,,,,
,,,,,,,
,,,,,"Percent of total",,"Percent of total "
,,,,"III records indexed ","records available","III records ","records available"
,,,,"with the State's","through III indexed","maintained by","through III "
,,,"Total III records on","identification (SID)","with SID pointer ","the FBI for the ","maintained by the FBI "
"State",,"Current III Status"," 6/30/99","pointer 6/30/99",06/29/1995,"State  6/30/1999",06/29/1995
,,,,,,,
"Total",,,33756793,21383884,,12372909,
,,,,,,,
"Alabama",,"Yes",466744,67455,14%,399289,86%
"Alaska",,"Yes",114719,43472,38,71247,62
"Arizona",,"Yes",722967,72148,10,650819,90
"Arkansas",,"Yes",276315,129411,47,146904,53
"California",,"Yes",4428629,3706886,84,721743,16
,,,,,,,
"Colorado","+","Yes",639133,472413,74%,166720,26%
"Connecticut","+","Yes",303443,162387,54,141056,46
"Delaware",,"Yes",155258,90488,58,64770,42
"District of Columbia",,"No",144905,0,0,144905,100
"Florida","*+","Yes",2931725,2394420,82,537305,18
,,,,,,,
"Georgia","+","Yes",1788953,1623302,91%,165651,9%
"Hawaii",,"No",125919,0,0,125919,100
"Idaho",,"Yes",150474,114219,76,36255,24
"Illinois",,"Yes",1603942,425073,27,1178869,73
"Indiana",,"Yes",424793,58339,14,366454,86
,,,,,,,
"Iowa","+","Yes",311072,46994,15%,264078,85%
"Kansas",,"No",344743,0,0,344743,100
"Kentucky",,"No",285954,0,0,285954,100
"Louisiana",,"No",622730,0,0,622730,100
"Maine",,"No",57649,0,0,57649,100
,,,,,,,
"Maryland",,"Yes",754738,33477,4%,721261,96%
"Massachusetts",,"No",249001,0,0,249001,100
"Michigan",,"Yes",892879,788263,88,104616,12
"Minnesota",,"Yes",296683,256217,86,40466,14
"Mississippi",,"Yes",184952,6976,4,177976,96
,,,,,,,
"Missouri",,"Yes",578441,364554,63%,213887,37%
"Montana","+","Yes",115136,64177,56,50959,44
"Nebraska",,"Yes",141989,3514,2,138475,98
"Nevada","+","Yes",349181,138903,40,210278,60
"New Hampshire",,"Yes",142104,47368,33,94736,67
,,,,,,,
"New Jersey","*","Yes",1138437,1081712,95%,56725,5%
"New Mexico",,"Yes",254302,11027,4,243275,96
"New York",,"Yes",2542535,2274659,89,267876,11
"North Carolina","*","Yes",719144,667359,93,51785,7
"North Dakota",,"Yes",44920,13803,31,31117,69
,,,,,,,
"Ohio",,"Yes",925624,723201,78%,202423,22%
"Oklahoma",,"Yes",366894,120693,33,246201,67
"Oregon","*","Yes",500086,418766,84,81320,16
"Pennsylvania",,"Yes",1139638,775543,68,364095,32
"Puerto Rico",,"No",,,,,
,,,,,,,
"Rhode Island",,"No",89335,0,0,89335,100%
"South Carolina","+","Yes",800123,750333,94%,49790,6
"South Dakota",,"Yes",127904,42914,34,84990,66
"Tennessee",,"No",569779,0,0,569779,100
"Texas",,"Yes",2293703,2095559,91,198144,9
,,,,,,,
"Utah",,"Yes",246576,198031,80%,48545,20%
"Vermont",,"No",40847,0,0,40847,100
"Virgin Islands",,"No",,,,,
"Virginia",,"Yes",856983,598531,70,258452,30
"Washington",,"Yes",665146,232805,35,432341,65
,,,,,,,
"West Virginia",,"Yes",129122,5423,4%,123699,96%
"Wisconsin",,"Yes",623022,207674,33,415348,67
"Wyoming",,"Yes",77502,55395,71,22107,29
,,,,,,,
,,,,,,,
"Explanatory Notes for Table 21",,,,,,,
,,,,,,,
"The notes below expand on the data in Table 21.  ",,,,,,,
,,,,,,,
"Note:  The information in this table was provided by the Criminal Justice Information Services Division, FBI.  ",,,,,,,
,,,,,,,
"*   State is a participant in the National Fingerprint File (NFF).",,,,,,,
,,,,,,,
"+   State is a signatory of the National Crime Prevention and Privacy Compact.",,,,,,,
