"Bureau of Justice Statistics",,,,,,,,,,
"Filename: sschis18.csv",,,,,,,,,,
"Table 18: Strategies employed by State criminal history repository to ensure accuracy of data in criminal history database, 1999 ",,,,,,,,,,
"Title of Report: Survey of State Criminal History Information Systems, 1999, NCJ 184793",,,,,,,,,,
"Data source:  BJS/SEARCH Survey of Criminal History Information Systems, 1999",,,,,,,,,,
"Author: SEARCH",,,,,,,,,,
"Contact: Carol Kaplan",,,,,,,,,,
"Refer questions to:   (202) 307-0765 or askbjs@ojp.usdoj.gov",,,,,,,,,,
"Date version:  10/31/00",,,,,,,,,,
,,,,,,,,,,
"Table 18: Strategies employed by State criminal history repository to ensure accuracy of data in criminal history database, 1999 ",,,,,,,,,,
,,,,,,,,,,
,,,,,,,"Random sample",,,
,"Manual review",,,,,,"comparisons",,,
,"of incoming",,"Manual",,,"Manual review of","of State criminal","Error lists",,
,"source",,"double-checking","Computer edit",,"criminal record","history repository","returned",,
,"documents",,"before or","and verification",,"transcripts before","files with","to reporting",,
"State","or reports",,"after data entry","programs",,"dissemination","stored documents","agencies","Other",
,,,,,,,,,,
"Alabama","X",,"X","X",,"X",,"X",,
"Alaska","X",,,"X",,"X","X","X",,
"Arizona","X",,,"X",,,"X",,,
"Arkansas","X",,"X","X",,"X",,,,
"California","X",,"X","X",,,,,"X","a"
,,,,,,,,,,
"Colorado",,,,,,,,,,
"Connecticut","X",,"X","X",,,,,,
"Delaware","X",,"X","X",,"X","X","X",,
"District of Columbia","X",,,"X",,,"X",,,
"Florida","X",,"X","X",,"X","X","X","X","b"
,,,,,,,,,,
"Georgia","X",,,"X",,,"X",,,
"Hawaii","X",,,"X",,"X","X","X",,
"Idaho","X",,"X","X",,,"X",,"X","c"
"Illinois",,,,"X",,,"X","X","X","d"
"Indiana","X",,"X",,,,,,,
,,,,,,,,,,
"Iowa","X",,"X","X",,"X","X",,"X ","e"
"Kansas","X",,,"X",,,,"X",,
"Kentucky","X",,"X",,,"X",,,,
"Louisiana","X",,,"X",,,,,,
"Maine","X",,"X",,,"X",,,"X","f"
,,,,,,,,,,
"Maryland","X",,"X","X",,"X",,"X",,
"Massachusetts",,,,"X",,"X",,,,
"Michigan","X","g",,"X","h",,"X",,,
"Minnesota","X",,"X","X",,,,,,
"Mississippi","X",,"X","X",,,,"X",,
,,,,,,,,,,
"Missouri","X",,"X","X",,"X","X",,,
"Montana","X",,"X","X",,"X","X","X",,
"Nebraska",,,"X",,,"X",,,,
"Nevada","X",,,"X",,"X","X",,,
"New Hampshire","X",,,,,,,,,
,,,,,,,,,,
"New Jersey","X",,"X","X",,"X","X","X","X","I"
"New Mexico","X",,,"X",,"X","X",,,
"New York","X",,,"X",,,,"X",,
"North Carolina","X",,,"X",,,,"X",,
"North Dakota","X",,"X","X",,"X",,,,
,,,,,,,,,,
"Ohio","X",,"X","X",,"X",,,,
"Oklahoma","X",,"X","X",,,,,"X","j"
"Oregon","X",,"X","X",,,,"X","X","k"
"Pennsylvania","X",,,"X",,"X",,,"X","l"
"Puerto Rico",,,,,,,,,,
,,,,,,,,,,
"Rhode Island","X",,,,,,,,,
"South Carolina","X",,"X","X",,"X",,,"X","k"
"South Dakota","X",,"X","X",,"X","X","X",,
"Tennessee","X",,,"X",,,"X",,,
"Texas","X",,,"X",,,,"X",,
,,,,,,,,,,
"Utah","X",,,"X",,,"X",,,
"Vermont","X",,,"X",,,"X",,,
"Virgin Islands","X",,"X",,,"X",,,,
"Virginia","X",,,"X",,"X",,"X",,
"Washington","X",,,"X",,"X",,,,
,,,,,,,,,,
"West Virginia","X",,"X",,,"X",,,,
"Wisconsin","X",,"X","X",,"X","X","X",,
"Wyoming","X",,"X","X",,"X","X",,,
,,,,,,,,,,
,,,,,,,,,,
"Explanatory Notes for Table 18",,,,,,,,,,
,,,,,,,,,,
"The notes below expand on the data in Table 18.  The explanatory information was provided by the respondent.",,,,,,,,,,
,,,,,,,,,,
"a Specified data elements are 100 percent verified.",,,,,,,,,,
,,,,,,,,,,
"b Synchronize with FBI tapes, biennial audit of random sample records.",,,,,,,,,,
,,,,,,,,,,
"c State audit review program comparing arrest and court documents to state repository record.",,,,,,,,,,
,,,,,,,,,,
"d Yearly audits.",,,,,,,,,,
,,,,,,,,,,
"e Local audits.",,,,,,,,,,
,,,,,,,,,,
"f Many calls are made to the courts and arresting agencies to clear up inconsistencies and/or secure missing information.",,,,,,,,,,
,,,,,,,,,,
"g Source agency is contacted by telephone for critical data missing or incomplete data.",,,,,,,,,,
,,,,,,,,,,
"h Key data elements are verified.",,,,,,,,,,
,,,,,,,,,,
"i Synchronize with FBI tape.",,,,,,,,,,
,,,,,,,,,,
"j All data entry is dual-entered.",,,,,,,,,,
,,,,,,,,,,
"k Manual double-checking after data entry.",,,,,,,,,,
,,,,,,,,,,
"l Periodic audits by the Attorney General.",,,,,,,,,,
