"Bureau of Justice Statistics",,,,,,,,,,,,,,,,,,,,,,
"Filename: sschis04.csv",,,,,,,,,,,,,,,,,,,,,,
"Table 4: Automation of master name index and criminal history file, 1989, 1993, 1997 and 1999",,,,,,,,,,,,,,,,,,,,,,
"Title of Report: Survey of State Criminal History Information Systems, 1999, NCJ 184793",,,,,,,,,,,,,,,,,,,,,,
"Data source:  BJS/SEARCH Survey of Criminal History Information Systems, 1999",,,,,,,,,,,,,,,,,,,,,,
"Author: SEARCH",,,,,,,,,,,,,,,,,,,,,,
"Contact: Carol Kaplan",,,,,,,,,,,,,,,,,,,,,,
"Refer questions to:   (202) 307-0765 or askbjs@ojp.usdoj.gov",,,,,,,,,,,,,,,,,,,,,,
"Date version:  10/31/00",,,,,,,,,,,,,,,,,,,,,,
,,,,,,,,,,,,,,,,,,,,,,
"Table 4: Automation of master name index and criminal history file, 1989, 1993, 1997 and 1999 ",,,,,,,,,,,,,,,,,,,,,,
,,,,,,,,,,,,,,,,,,,,,,
,,,,,,,,,,,,,,,,,,"Prior manual record is automated ",,,,
,,,"Master name index is automated",,,,,,,"Criminal history file is automated",,,,,,,,"if offender is re-arrested",,,,
"State",1989,1993,,1997,,1999,,1989,1993,,1997,,1999,,1989,,1993,,1997,,1999,
,,,,,,,,,,,,,,,,,,,,,,
,,,,,,,,,,,,,,,,,,,,,,
"Alabama","Y","Y",,"Y",,"Y",,"P","P",,"Y",,"P",,"Y",,"Y",,,,"...",
"Alaska","Y","Y",,"Y",,"Y",,"P","P",,"P",,"P",,"Y",,"Y",,"Y",,"Y",
"Arizona","Y","Y",,"Y",,"Y",,"P","P",,"Y",,"Y",,"Y",,"Y",,,,,
"Arkansas","P","P",,"Y",,"Y",,"N","P",,"P",,"P",,"N",,"Y",,"Y",,"Y",
"California","Y","Y",,"Y",,"Y",,"P","P",,"P",,"P",,"N",,"N",,"N","a","N","a"
,,,,,,,,,,,,,,,,,,,,,,
"Colorado","Y","Y",,,,,,"Y","Y",,"Y",,"Y",,,,,,,,,
"Connecticut","Y","Y",,"Y",,"Y",,"P","P",,"P",,"P",,"Y",,"Y",,"Y",,"Y",
"Delaware","P","Y",,"Y",,"Y",,"P","P",,"P",,"P",,"N","a","N","b","...",,"N","a"
"District of Columbia","P","  P","c","P","c","  P",,"N","P",,"P",,"P",,"...",,"N","a","N","a","N","a"
"Florida","Y","Y",,"Y",,"Y",,"P","Y",,"Y",,"Y",,"Y",,,,,,,
,,,,,,,,,,,,,,,,,,,,,,
"Georgia","Y","Y",,"Y",,"Y",,"Y","Y",,"Y",,"Y",,,,,,,,,
"Hawaii","Y","Y",,"Y",,"Y",,"Y","Y",,"Y",,"Y",,,,,,,,,
"Idaho","Y","Y",,"Y",,"Y",,"Y","P",,"P",,"P",,,,"Y",,"Y",,"Y",
"Illinois","P","Y","d","Y",,"Y",,"P","P",,"P",,"P",,"Y",,"Y",,"Y",,"Y",
"Indiana","Y","Y",,,,"P",,"P","Y",,"P",,"P",,"Y",,"...",,"Y",,,
,,,,,,,,,,,,,,,,,,,,,,
"Iowa","Y","Y",,"Y",,"Y",,"P","P",,"P",,"P",,"Y",,"Y",,"Y",,"Y",
"Kansas","Y","Y",,"Y",,"Y",,"P","P",,"P",,"P",,"N",,"N","e","Y",,"Y",
"Kentucky","P","P","f","Y",,"Y",,"P","P",,"Y",,"P",,"Y",,"Y",,"Y",,"Y",
"Louisiana","Y","Y",,"Y",,"Y",,"P","P",,"P",,"P",,"Y",,"Y",,"Y",,"Y",
"Maine","N","P","g","P","g","N",,"N","N",,"N",,"P",,,,,,,,"N","b"
,,,,,,,,,,,,,,,,,,,,,,
"Maryland","Y","Y",,"Y",,"Y",,"P","Y",,"Y",,"Y",,"...",,,,,,,
"Massachusetts","Y","Y",,"Y",,"Y",,"P","Y",,"P",,"P",,"Y",,,,"Y",,"Y",
"Michigan","Y","Y",,"Y",,"Y",,"Y","Y",,"Y",,"Y",,,,,,,,,
"Minnesota","Y","Y",,"Y",,"Y",,"P","P",,"P",,"P",,"N",,"Y",,"N","a","N","a"
"Mississippi","N","P",,"P",,"Y",,"N","P",,"P",,"Y",,,,"N",,"N",,,
,,,,,,,,,,,,,,,,,,,,,,
"Missouri","Y","Y",,"Y",,"Y",,"P","P",,"P",,"P",,"Y",,"Y",,"Y",,"Y",
"Montana","Y","Y",,"Y",,"Y",,"Y","Y",,"Y",,"Y",,,,,,,,,
"Nebraska","P","Y",,"Y",,"Y",,"P","Y","h","P",,"Y",,"Y",,"Y",,,,,
"Nevada","Y","Y",,"Y",,"Y",,"Y","Y",,"Y",,"Y",,,,,,,,,
"New Hampshire","Y","Y",,"Y",,"Y",,"P","Y",,"Y",,"Y",,"Y",,,,,,,
,,,,,,,,,,,,,,,,,,,,,,
"New Jersey","Y","Y",,"Y",,"Y",,"P","P",,"Y",,"Y",,"Y",,"Y",,,,,
"New Mexico","Y","Y",,"Y",,"Y",,"N","N",,"Y",,"P",,,,"  ...",,,,,
"New York","Y","Y",,"Y",,"Y",,"P","P",,"P",,"P",,"Y",,"Y",,"Y",,"Y",
"North Carolina","Y","Y",,"Y",,"Y",,"P","P",,"P",,"Y",,"Y",,"Y",,"Y",,,
"North Dakota","P","P","I","P","I","P","I","P","P",,"P",,"P",,"Y",,"Y",,"Y",,"Y",
,,,,,,,,,,,,,,,,,,,,,,
"Ohio","P","P","j","P",,"P","k","P","P",,"P",,"P",,"N",,"N",,"Y",,"Y",
"Oklahoma","Y","Y",,"Y",,"Y",,"P","P",,"P",,"P",,"Y",,"Y",,"Y",,"Y",
"Oregon","Y","Y",,"Y",,"Y",,"Y","Y",,"Y",,"Y",,,,,,,,,
"Pennsylvania","Y","Y",,"Y",,"Y",,"P","P",,"P",,"P",,"Y",,"N","l","Y",,"N","a"
"Puerto Rico","Y","Y",,,,,,,,,,,,,,,,,,,,
,,,,,,,,,,,,,,,,,,,,,,
"Rhode Island","Y","Y",,"Y",,"Y",,"Y","Y",,"Y",,"Y",,,,,,,,,
"South Carolina","Y","Y",,"Y",,"Y",,"P","P",,"P",,"P",,"Y",,"Y",,"Y",,"Y",
"South Dakota","Y","Y",,"Y",,"Y",,"P","P",,"P",,"P",,"Y",,"Y",,"Y",,"Y",
"Tennessee","P","Y",,"Y",,"Y",,"N","P",,"P",,"Y",,,,"N",,,,,
"Texas","Y","Y",,"Y",,"Y",,"P","Y",,"Y",,"Y",,"Y",,"Y","m",,,,
,,,,,,,,,,,,,,,,,,,,,,
"Utah","Y","Y",,"Y",,"Y",,"P","Y",,"Y",,"Y",,"Y",,,,,,,
"Vermont","Y","Y",,"Y",,"Y",,"N","N",,"P",,"P",,,,"Y",,"Y",,,
"Virgin Islands","NA","NA",,"NA",,"N",,"...","N","*","N","*","N","*",,,,,,,,
"Virginia","Y","Y",,"Y",,"Y",,"P","P",,"P",,"P",,"Y",,"Y",,"Y",,"Y",
"Washington","Y","Y",,"Y",,"Y",,"Y","Y",,"Y",,"Y",,,,,,,,,
,,,,,,,,,,,,,,,,,,,,,,
"West Virginia","N","P",,"Y",,"Y",,"N","N",,"P",,"P",,,,"Y",,"Y",,,
"Wisconsin","Y","Y",,"Y",,"Y",,"P","P",,"P",,"P",,"Y",,"Y",,"Y",,"Y",
"Wyoming","Y","Y",,"Y",,"Y",,"P","Y",,"Y",,"Y",,"Y",,,,,,,
,,,,,,,,,,,,,,,,,,,,,,
,,,,,,,,,,,,,,,,,,,,,,
"Explanatory Notes for Table 4",,,,,,,,,,,,,,,,,,,,,,
,,,,,,,,,,,,,,,,,,,,,,
"The notes below expand on the data in Table 4.  The information was provided by the respondent.",,,,,,,,,,,,,,,,,,,,,,
,,,,,,,,,,,,,,,,,,,,,,
"Note: Except for Arkansas and Puerto Rico, for which additional information has been submitted, the data in the columns for 1989 were taken ",,,,,,,,,,,,,,,,,,,,,,
"from Bureau of Justice Statistics, Criminal Justice Information Policy: Survey of Criminal History Information Systems (March 1991), Table 4.  ",,,,,,,,,,,,,,,,,,,,,,
"The data for 1993 were taken from Bureau Justice Statistics, Criminal Justice Information Policy: Survey of Criminal History Information Systems, ",,,,,,,,,,,,,,,,,,,,,,
"1993  (January 1995), Table 4. Except for South Carolina, for which corrected data were submitted, the data for 1997 were taken from ",,,,,,,,,,,,,,,,,,,,,,
"Bureau Justice Statistics, Criminal Justice Information Policy: Survey of Criminal History Information Systems, 1997  (April 1999), Table 4.",,,,,,,,,,,,,,,,,,,,,,
,,,,,,,,,,,,,,,,,,,,,,
"Y","Yes",,,,,,,,,,,,,,,,,,,,,
,,,,,,,,,,,,,,,,,,,,,,
"N","No",,,,,,,,,,,,,,,,,,,,,
,,,,,,,,,,,,,,,,,,,,,,
"P","Partial",,,,,,,,,,,,,,,,,,,,,
,,,,,,,,,,,,,,,,,,,,,,
"*","State is fully manual.",,,,,,,,,,,,,,,,,,,,,
,,,,,,,,,,,,,,,,,,,,,,
"...","Not available.",,,,,,,,,,,,,,,,,,,,,
,,,,,,,,,,,,,,,,,,,,,,
"NA","Not applicable.",,,,,,,,,,,,,,,,,,,,,
,,,,,,,,,,,,,,,,,,,,,,
"a  Only the new information is automated.",,,,,,,,,,,,,,,,,,,,,,
,,,,,,,,,,,,,,,,,,,,,,
"b  The new information is added to the manual file.",,,,,,,,,,,,,,,,,,,,,,
,,,,,,,,,,,,,,,,,,,,,,
"c Traffic and misdemeanor cases are not included in the master name index (MNI).",,,,,,,,,,,,,,,,,,,,,,
,,,,,,,,,,,,,,,,,,,,,,
"d All subjects with dates of birth 1920 or later are automated.",,,,,,,,,,,,,,,,,,,,,,
,,,,,,,,,,,,,,,,,,,,,,
"e  Only new arrest information since July 1, 1993 is automated at this time due to lack of personnel.",,,,,,,,,,,,,,,,,,,,,,
,,,,,,,,,,,,,,,,,,,,,,
"f  The manual file is not in the automated MNI.",,,,,,,,,,,,,,,,,,,,,,
,,,,,,,,,,,,,,,,,,,,,,
"g  Fingerprint-supported subjects are in an automated MNI; non-fingerprinted-supported records are completely manual.",,,,,,,,,,,,,,,,,,,,,,
,,,,,,,,,,,,,,,,,,,,,,
"h  Although the criminal history database that is utilized in Nebraska is fully automated, there are approximately 6,000 partially automated records that are in the process of being deleted.",,,,,,,,,,,,,,,,,,,,,,
" ",,,,,,,,,,,,,,,,,,,,,,
"i  Only those subjects with dates of birth of 1940 or later are included in the automated MNI.",,,,,,,,,,,,,,,,,,,,,,
,,,,,,,,,,,,,,,,,,,,,,
"j  The automated MNI contains all arrest subjects since 1972.",,,,,,,,,,,,,,,,,,,,,,
,,,,,,,,,,,,,,,,,,,,,,
"k  Subjects with dates of birth prior to 1940 are in the manual file.  A conversion project is underway.",,,,,,,,,,,,,,,,,,,,,,
,,,,,,,,,,,,,,,,,,,,,,
"l  The record is automated only upon a request for the record.",,,,,,,,,,,,,,,,,,,,,,
,,,,,,,,,,,,,,,,,,,,,,
"m  If a subject's prior fingerprint record was of poor quality, it would not have been automated; upon receipt of AFIS (Automated Fingerprint Identification System) quality fingerprints, the record will be automated.",,,,,,,,,,,,,,,,,,,,,,
