"Bureau of Justice Statistics",,,,,,,,,,,,,,,,,
"Filename: sschis08.csv",,,,,,,,,,,,,,,,,
"Table 8: Completeness of prosecutor and court disposition reporting to State criminal history repository, 1989, 1993, 1997 and 1999 ",,,,,,,,,,,,,,,,,
"Title of Report: Survey of State Criminal History Information Systems, 1999, NCJ 184793",,,,,,,,,,,,,,,,,
"Data source:  BJS/SEARCH Survey of Criminal History Information Systems, 1999",,,,,,,,,,,,,,,,,
"Author: SEARCH",,,,,,,,,,,,,,,,,
"Contact: Carol Kaplan",,,,,,,,,,,,,,,,,
"Refer questions to:   (202) 307-0765 or askbjs@ojp.usdoj.gov",,,,,,,,,,,,,,,,,
"Date version:  10/31/00",,,,,,,,,,,,,,,,,
,,,,,,,,,,,,,,,,,
"Table 8: Completeness of prosecutor and court disposition reporting to State criminal history repository, 1989, 1993, 1997 and 1999 ",,,,,,,,,,,,,,,,,
,,,,,,,,,,,,,,,,,
,"Number of",,,,,,,,,,,,,,,,
,"prosecutor",,,,,,,,"Percent of cases in which State criminal repository is notified of:",,,,,,,,
,"declinations",,,,"Prosecutor declinations",,,,,,,,,"Felony trial court dispositions",,,
"State",1999,,1989,1993,,1997,,1999,,1989,,1993,,1997,,1999,
,,,,,,,,,,,,,,,,,
,,,,,,,,,,,,,,,,,
"Alabama","NA",,"<1%","...",,"NA",,"NA",,30%,,30%,,"...",,"...",
"Alaska","...",,"NA","...",,57%,"a","...",,85,,90,,100%,"a","...",
"Arizona","...",,"...","...",,"...",,"...",,"...",,"...",,"...",,"...",
"Arkansas","...",,15,"<1%",,"...",,"...",,35,,58,,70,,70%,
"California",213000,,"...","...",,68,,72%,,85,,47,,80,,77,
,,,,,,,,,,,,,,,,,
"Colorado",,,"<15%",0%,,"...",,,,"...",,60%,,100%,,,
"Connecticut","NA",,"NA","NA",,"NA",,"NA",,100,,100,,100,,100,
"Delaware","...",,"...","...",,100%,,100%,,60,,72,,95,,75,
"District of Columbia",800,,0,50,,90,,90,,5,,"...",,84,,"...",
"Florida","...",,60,"...",,"...",,"...",,50,,"30-50 ","b","...",,"...",
,,,,,,,,,,,,,,,,,
"Georgia","...",,"...","...",,"...",,"...",,85%,,82%,,85%,,85%,
"Hawaii",6800,,"...","...",,"...",,"...","c","...",,74%,,84%,"d",76,
"Idaho","NA",,100%,"NA",,"NA",,"NA",,80,,70,,95,,95,
"Illinois",33300,,50,"...",,95%,,95%,,50,,"...",,68,,"...",
"Indiana","NA",,50,"NA",,"...",,"NA",,75,,12,"e",25,,25,
,,,,,,,,,,,,,,,,,
"Iowa","...",,"NA","...",,"NA",,"...",,"...",,98%,,85%,,85%,
"Kansas","...",,"35-40%","...",,"...",,"...",,80%,,"...",,"...",,"...",
"Kentucky","NA",,"NA","NA",,"NA",,"NA",,"75-80",,60,,20,,"...",
"Louisiana","...",,50,"...",,"...",,"...",,50,,"...",,"...",,"...",
"Maine","...",,"<1",1%,,"...",,99%,,100,,99,,99,,100,
,,,,,,,,,,,,,,,,,
"Maryland","...",,"...","...",,100%,,"...",,82%,,"...",,100%,,"...",
"Massachusetts","NA",,"NA",100%,,100,,100%,,100,,100%,,100,,100%,
"Michigan","...",,"NA","...",,"...",,"...",,64,,"... ","f","...",,"... ","g"
"Minnesota",5400,,70,"...",,"...",,"...",,99,,98,,99,,99,
"Mississippi",100,,30,"NA",,"NA",,"...",,25,,"NA",,"NA",,"...",
,,,,,,,,,,,,,,,,,
"Missouri",25000,,80%,10%,,20%,,"...",,60%,,35%,"h",60%,"I",45%,"j"
"Montana","...",,"...","...",,"...",,"...",,80,,73,,80,,"...",
"Nebraska",8000,,100,"NA",,75,,75%,,50,,75,,95,,95,
"Nevada","...",,90,"...",,"...",,"...",,65,,"...",,27,,"...",
"New Hampshire","NA",,"NA","NA",,"NA",,"NA",,80,,80,,"...",,"...",
,,,,,,,,,,,,,,,,,
"New Jersey",2600,,90%,95%,,100%,,100%,,95%,,90%,,98%,,98%,
"New Mexico","NA",,"NA",2,,"NA",,"NA",,5,,10,,"...",,"NA",
"New York","...",,"...","...",,100,,"...",,"...",,59,"k","...",,"...",
"North Carolina","...",,"NA","...","l",95,,"...",,93,,90,,95,,"...",
"North Dakota","...",,80,"...",,80,,80,,80,,"...",,80,,85,
,,,,,,,,,,,,,,,,,
"Ohio","...",,"NA","NA",,"...",,"...",,55%,,35%,,31%,,42%,
"Oklahoma",6500,,"NA","NA",,"NA",,"...",,80,,60,,65,,65,
"Oregon","NA",,"NA","NA",,"NA",,"NA",,60,"m",100,,100,,100,
"Pennsylvania","... ","n",80,"...",,"...",,"...",,"...",,65,,50,,"...","n"
"Puerto Rico",,,"NA","NA",,"NA",,,,14,,17,,,,,
,,,,,,,,,,,,,,,,,
"Rhode Island","...",,1%,"NA",,"NA",,"...",,"...",,100%,,"...",,100%,
"South Carolina","NA",,"NA","NA",,"NA",,"NA",,95%,,98,,100%,,100,
"South Dakota","...",,1,5%,,"...",,"...",,75,,81,,84,,97,
"Tennessee",,,"NA","NA",,,,"NA",,5,,"NA",,,,"NA",
"Texas","...",,0,"... ","o",60%,,50%,,40,,50,,60,"p",50,
,,,,,,,,,,,,,,,,,
"Utah","...",,0%,64%,,70%,,80%,,55%,,91%,,64%,,100%,
"Vermont","NA",,100,95,,"NA",,"NA",,100,,95,,95,,95,
"Virgin Islands","NA",,"...","NA",,"NA",,"NA",,"...",,"NA",,"...",,60,"q"
"Virginia","...",,"NA","NA",,96,,"...",,95,,96,,96,,96,
"Washington","...",,40,"...",,"...",,"...",,7,,78,,57,,"... ","r"
,,,,,,,,,,,,,,,,,
"West Virginia","NA",,85%,"NA",,"...",,"NA",,85%,,"...",,"...",,"...",
"Wisconsin","NA",,"...","NA",,"NA",,"NA",,"...",,58%,,98%,,39%,
"Wyoming","...",,60,"...",,100%,,"...",,60,,"...",,28,,"...",
,,,,,,,,,,,,,,,,,
,,,,,,,,,,,,,,,,,
"Explanatory Notes for Table 8",,,,,,,,,,,,,,,,,
,,,,,,,,,,,,,,,,,
"The notes below expand on the data in Table 8.  The information was provided by the respondent.",,,,,,,,,,,,,,,,,
,,,,,,,,,,,,,,,,,
"Note: Percentages and numbers reported are results of estimates.  Numbers have been rounded to the nearest 100.  Percentages have been rounded ",,,,,,,,,,,,,,,,,
"to the nearest whole number.  Except for Colorado, Delaware, Georgia, Puerto Rico, South Carolina and Utah, for which corrected were submitted, ",,,,,,,,,,,,,,,,,
"the data in the columns for 1989 were taken from Bureau of Justice Statistics, Criminal Justice Information Policy: Survey of Criminal History ",,,,,,,,,,,,,,,,,
"Information Systems (March 1991), Table 8.  Except for South Carolina and Georgia, for which corrected data were submitted, the data in the columns ",,,,,,,,,,,,,,,,,
"for 1993 were taken from Bureau of Justice Statistics, Criminal Justice Information Policy: Survey of Criminal History Information Systems, ",,,,,,,,,,,,,,,,,
"1993  (January 1995), Table 8.  The data in the columns for 1997 were taken from Bureau of Justice Statistics, Criminal Justice Information Policy: ",,,,,,,,,,,,,,,,,
"Survey of Criminal History Information Systems, 1997 (April 1999), Table 8.",,,,,,,,,,,,,,,,,
,,,,,,,,,,,,,,,,,
,,,,,,,,,,,,,,,,,
"...","Not available.",,,,,,,,,,,,,,,,
"NA","Not applicable.",,,,,,,,,,,,,,,,
,,,,,,,,,,,,,,,,,
,,,,,,,,,,,,,,,,,
"a Based on audit sample of one jurisdiction.",,,,,,,,,,,,,,,,,
,,,,,,,,,,,,,,,,,
"b Estimate as of April 1994.",,,,,,,,,,,,,,,,,
,,,,,,,,,,,,,,,,,
"c Through current monitoring procedures, the number of delinquent prosecutor disposition cases existing on the system is 6,800. However, it is ",,,,,,,,,,,,,,,,,
"unknown how many of these are actual decisions not to prosecute.  This situation is compounded by the fact that the largest prosecutor in the State ",,,,,,,,,,,,,,,,,
"does not actively submit information on a timely basis to the repository.",,,,,,,,,,,,,,,,,
,,,,,,,,,,,,,,,,,
"d The percentage is based on the number of 1997 felony arrest charges that have a final disposition.  It is not known how many of those missing ",,,,,,,,,,,,,,,,,
"final dispositions are still active cases; therefore, the percentage reflects the worst case scenario.",,,,,,,,,,,,,,,,,
,,,,,,,,,,,,,,,,,
"e The result for 1993 is based on the results of a baseline audit; previous response was an estimate.",,,,,,,,,,,,,,,,,
,,,,,,,,,,,,,,,,,
"f Fifty-one percent of the 1993 arrests have dispositions.",,,,,,,,,,,,,,,,,
,,,,,,,,,,,,,,,,,
"g Seventy-one percent of 1999 arrests have dispositions recorded.",,,,,,,,,,,,,,,,,
,,,,,,,,,,,,,,,,,
"h The decrease in dispositions resulted when a major contributor, the St. Louis Police Department, stopped reporting dispositions for the courts, and the courts subsequently did not begin reporting.",,,,,,,,,,,,,,,,,
,,,,,,,,,,,,,,,,,
"i Felony case dispositions entered in 1997.",,,,,,,,,,,,,,,,,
,,,,,,,,,,,,,,,,,
"j Currently, 45% of 1999 arrests have final dispositions reported.  When the current backlog is processed, the reporting level will increase.",,,,,,,,,,,,,,,,,
,,,,,,,,,,,,,,,,,
"k Percentage represents final dispositions for 1993 felony arrests received as of February 15, 1994.",,,,,,,,,,,,,,,,,
,,,,,,,,,,,,,,,,,
"l All actions, including prosecution actions,  are reported as final dispositions to the Administrative Office of the Courts. ",,,,,,,,,,,,,,,,,
,,,,,,,,,,,,,,,,,
"m Figure reflects the percent of dispositions reported in 1987; more current figures were unavailable.",,,,,,,,,,,,,,,,,
,,,,,,,,,,,,,,,,,
"n Dispositions of all cases are reported by the Administrative Office of the Pennsylvania Courts, with no separation between felony and other grades of offenses.",,,,,,,,,,,,,,,,,
,,,,,,,,,,,,,,,,,
"o Requirement for reporting prosecutor dispositions was relatively new.",,,,,,,,,,,,,,,,,
,,,,,,,,,,,,,,,,,
"p Percentages are estimated based upon the number of arrests received at the State criminal history repository.",,,,,,,,,,,,,,,,,
,,,,,,,,,,,,,,,,,
"q Reporting is not required by law, but some dispositions are voluntarily submitted.",,,,,,,,,,,,,,,,,
,,,,,,,,,,,,,,,,,
"r Due to computer conversion and no report writing ability at this time.",,,,,,,,,,,,,,,,,
