"Bureau of Justice Statistics",,,,,,,,,,,
"Filename: sschis03.csv",,,,,,,,,,,
"Table 3: Number of final dispositions reported to State criminal history repository, 1993, 1995 and 1999",,,,,,,,,,,
"Title of Report: Survey of State Criminal History Information Systems, 1999, NCJ 184793",,,,,,,,,,,
"Data source:  BJS/SEARCH Survey of Criminal History Information Systems, 1999",,,,,,,,,,,
"Author: SEARCH",,,,,,,,,,,
"Contact: Carol Kaplan",,,,,,,,,,,
"Refer questions to:   (202) 307-0765 or askbjs@ojp.usdoj.gov",,,,,,,,,,,
"Date version:  10/31/00",,,,,,,,,,,
,,,,,,,,,,,
"Table 3:  Number of final dispositions reported to State criminal history repository, 1993, 1995, 1997 and 1999",,,,,,,,,,,
,,,,,,,,,,,
,"   ",,"                 Number of dispositions",,,,,,,"Percent change",
"State",1993,,1995,,1997,,1999,,"     1993-95","      1995-97"," 1997-99"
,,,,,,,,,,,
"Alabama","...",,107000,,121700,,115900,,"...",14%,-5%
"Alaska",31300,,38200,,41200,,43000,,22%,8,4
"Arizona",117500,,140800,,170100,,190500,,20,21,12
"Arkansas",21000,,32000,,40100,,93700,,52,25,134
"California",1100000,,1100000,,1134500,,1381000,,0,3,22
,,,,,,,,,,,
"Colorado","...",,"...",,"...",,5900,,"...","...","..."
"Connecticut",107500,,111200,,107400,,102200,,3%,-4%,-5%
"Delaware",80000,,64900,,"...",,78700,,-19,"...","..."
"District of Columbia",15200,"a",1600,,1900,,"...",,-89,18,"..."
"Florida",162000,"b",174300,,"...",,259800,,8,"...","..."
,,,,,,,,,,,
"Georgia",545000,,265000,"c",303600,,371100,,-51%,15%,22%
"Hawaii",51700,,57800,,87300,,70500,,12,51,-19
"Idaho",19300,,"...",,"...",,10600,,"...","...","..."
"Illinois",95600,,115000,,98700,,393700,,20,-14,299
"Indiana",23500,,26500,,"...",,40000,,13,"...","..."
,,,,,,,,,,,
"Iowa",54200,,48200,,45300,,70700,,16%,-6%,56%
"Kansas",34300,,"...",,"...",,40000,,"...","...","..."
"Kentucky","...",,"...",,18000,,6200,"d","...","...",-66
"Louisiana",21400,,"...",,16300,,36200,"e","...","...",122
"Maine",29000,,20400,,34500,,36700,,-30,69,6
,,,,,,,,,,,
"Maryland","...",,"...",,210400,,"...",,"...","...","..."
"Massachusetts",300000,,"...",,"...",,417700,,"...","...","..."
"Michigan",178100,"f",207200,"f",240600,"g",214200,"h",16%,16,-11
"Minnesota",60000,,2500,,,,84000,"I",-96,,"..."
"Mississippi","...",,"...",,"...",,10000,,"...","...","..."
,,,,,,,,,,,
"Missouri",65100,,62800,,72000,"j",132200,"k",-4%,15%,84%
"Montana",26200,,78400,,"...",,30400,,"...","...","..."
"Nebraska",23000,,22300,,24400,,19100,"l",-3,9,-22
"Nevada","...",,32500,,79000,,31900,"m","...",143,-60
"New Hampshire",31000,,"...",,"...",,"...",,"...","...","..."
,,,,,,,,,,,
"New Jersey",260000,,280000,,285000,,287500,,8%,2%,1%
"New Mexico",11100,,12000,,12500,,16000,,8,4,28
"New York",383500,,399900,,523900,,698900,,4,31,33
"North Carolina","...",,"...",,"...",,106000,,"...","...","..."
"North Dakota",6500,,3200,,4600,,6000,,-51,44,30
,,,,,,,,,,,
"Ohio","...",,"...",,"...",,100000,,"...","...","..."
"Oklahoma",15000,,37200,,57700,,152000,,81%,53%,163%
"Oregon",36900,,"...",,"...",,116300,,"...","...","..."
"Pennsylvania",203700,,274300,,"...",,167600,,35,"...","..."
"Puerto Rico",24300,,"...",,,,,,21,,
,,,,,,,,,,,
"Rhode Island",10000,,"...",,"...",,18000,,"...","...","..."
"South Carolina",212600,,194100,,282400,,211200,"n",-9%,45%,-25%
"South Dakota","...",,"...",,"...",,19600,,"...","...","..."
"Tennessee","...",,"...",,,,26000,,"...","...","..."
"Texas","...",,"...",,"...",,723000,,"...","...","..."
,,,,,,,,,,,
"Utah",17800,,22900,,26300,,35800,,29%,15%,36%
"Vermont","...",,"...",,22300,,25900,,"...","...",16
"Virgin Islands","...",,"...",,"...",,"...",,"...","...","..."
"Virginia",211500,,231500,,211100,,272400,,9,-9,29
"Washington",157800,,178000,,277800,,246300,"o",13,56,-11
,,,,,,,,,,,
"West Virginia","...",,"...",,"...",,24500,,"...","...","..."
"Wisconsin",99000,,103600,,123000,,55900,"p",5%,19%,-55%
"Wyoming",6000,,5700,,7800,,5500,"q",-14,37,-29
,,,,,,,,,,,
,,,,,,,,,,,
"Explanatory Notes for Table 3",,,,,,,,,,,
,,,,,,,,,,,
"The notes below expand on the data in Table 3.  The explanatory information was provided by the respondent.",,,,,,,,,,,
,,,,,,,,,,,
"Note:  Final dispositions include release by police without charging, declination to proceed by prosecutor, or final trial court disposition.  ",,,,,,,,,,,
"Percentages and numbers reported are results of estimates.  Numbers have been rounded ",,,,,,,,,,,
"to the nearest 100.  Percentages have been rounded to the nearest whole number.  Except for Connecticut, Oklahoma, Puerto Rico, South Carolina ",,,,,,,,,,,
"and Utah, for which corrected data were submitted, the data for 1993 are taken from Bureau of Justice Statistics, Criminal Justice Information Policy:  ",,,,,,,,,,,
"Survey of Criminal History Information Systems, 1993 (January 1995), Table 3.  Except for Connecticut, for which corrected data was submitted, ",,,,,,,,,,,
"the data for 1995 were taken from Bureau of Justice Statistics, Criminal Justice Information Policy:  Survey of Criminal History Information Systems, ",,,,,,,,,,,
"1995  (May 1997).  Except for Connecticut, for which corrected data was submitted,  the data for 1997 were taken from Bureau of Justice Statistics, ",,,,,,,,,,,
"Criminal Justice Information Policy:  Survey of Criminal History Information Systems, 1997  (April 1999).",,,,,,,,,,,
,,,,,,,,,,,
"...   Not available.",,,,,,,,,,,
,,,,,,,,,,,
"a This figure includes 155 [200] releases by police without charging and 15,000 prosecutor declinations; final court dispositions are not reported to the repository.",,,,,,,,,,,
,,,,,,,,,,,
"b Figure represents the number received as of April 11, 1994.",,,,,,,,,,,
,,,,,,,,,,,
"c The number of dispositions reported to the repository is measured by the number of dispositions processed.  In 1993, the repository was in the ",,,,,,,,,,,
"process of eliminating a backlog of submitted disposition reports.  This backlog elimination project accounts for the significant decrease from 1993 to 1996.",,,,,,,,,,,
,,,,,,,,,,,
"d Kentucky no longer enters dispositions for the courts and prosecutors; they are entered by tape, so the repository does not have a count to include in the dispositions figure.",,,,,,,,,,,
,,,,,,,,,,,
"e The Bureau of Identification previously was unable to process incoming dispositions due to lack of personnel.  In 1998, disposition reporting was given priority, and since that time, many agencies have increased disposition reporting.",,,,,,,,,,,
,,,,,,,,,,,
"f Police release and prosecutor declinations are reported on the arrest card.",,,,,,,,,,,
,,,,,,,,,,,
"g The figure represents 190,600 processed dispositions and 50,000 backlogged dispositions.",,,,,,,,,,,
,,,,,,,,,,,
"h Figure represents court dispositions.  Although prosecutor declinations are reported, the number is unknown.  The number of dispositions decreased ",,,,,,,,,,,
"from 1997 to 1999 because in 1997 the state repository was working on an NCHIP project to resolve missing dispositions.  The count provided in 1997 ",,,,,,,,,,,
"includes the dispositions provided in this project during that year.",,,,,,,,,,,
,,,,,,,,,,,
"i Court dispositions only.",,,,,,,,,,,
,,,,,,,,,,,
"j Final charge dispositions entered in 1997.",,,,,,,,,,,
,,,,,,,,,,,
"k This was the result of a disposition backlog and an overtime project to assist in reducing the backlog.",,,,,,,,,,,
,,,,,,,,,,,
"l The decrease in dispositions is due to lack of staffing.  The focus of the Nebraska criminal history repository has been on automating the arrests being ",,,,,,,,,,,
"received and filing the dispositions being received.  This allows Nebraska to at least establish identity.  The dispositions are not being automated until ",,,,,,,,,,,
"a request is made.  Although the disposition ratio continues to decrease relative to the number of arrests being received, the dispositions are available ",,,,,,,,,,,
"for quick automation.  Nebraska also is working on automating the dispositions from the courts, so that they may be attached electronically, allowing ",,,,,,,,,,,
"Nebraska to increase the disposition ratio.",,,,,,,,,,,
,,,,,,,,,,,
"m During 1997, the Las Vegas Metropolitan Police Department processed a backlog of dispositions, which were then passed on to the State repository ",,,,,,,,,,,
"for entry.  This accounts for the larger number of dispositions received in 1997 than in 1999.",,,,,,,,,,,
,,,,,,,,,,,
"n In fiscal year 1997, in order to alleviate a backlog of current work, four additional temporary employees were hired to process delinquent dispositions; ",,,,,,,,,,,
"therefore, the number of dispositions in 1997 is greater than the number reported for 1999.",,,,,,,,,,,
,,,,,,,,,,,
"o In 1997, the State repository worked with the Seattle Municipal Court (King County) to obtain disposition reports by downloading the information from ",,,,,,,,,,,
"the court�s database.  The initial download was 65,000 disposition reports.  As a result, the number of dispositions received during 1999 shows a decrease from the 1997 figure.",,,,,,,,,,,
,,,,,,,,,,,
"p Represents counts of 1999 arrest dispositions posted to the computerized criminal history.  Previous years are counts of charge dispositions.",,,,,,,,,,,
,,,,,,,,,,,
"q During the latter part of 1998 and 1999, personnel turnover and increased civil card processing created a backlog that resulted in reduced disposition form collections.",,,,,,,,,,,
