"Bureau of Justice Statistics",,,,,,,,,,,,,,,,,,
"Filename: sschis17.csv",,,,,,,,,,,,,,,,,,
"Table 17: Procedure followed when linkage cannot be made between court or correctional information in the criminal history database, 1999",,,,,,,,,,,,,,,,,,
"Title of Report: Survey of State Criminal History Information Systems, 1999, NCJ 184793",,,,,,,,,,,,,,,,,,
"Data source:  BJS/SEARCH Survey of Criminal History Information Systems, 1999",,,,,,,,,,,,,,,,,,
"Author: SEARCH",,,,,,,,,,,,,,,,,,
"Contact: Carol Kaplan",,,,,,,,,,,,,,,,,,
"Refer questions to:   (202) 307-0765 or askbjs@ojp.usdoj.gov",,,,,,,,,,,,,,,,,,
"Date version:  10/31/00",,,,,,,,,,,,,,,,,,
,,,,,,,,,,,,,,,,,,
"Table 17: Procedure followed when linkage cannot be made between court or correctional information in the criminal history database, 1999",,,,,,,,,,,,,,,,,,
,,,,,,,,,,,,,,,,,,
,,"Create a ""dummy"" segment",,,,,,,,,,,,,,,,
,,,,"Court",,"Enter information",,,,,,,,,,,,
,,,,"dispositions",,"without linkage to",,,,,,,,,"Estimated dispositions received which",,,
,,"Arrest",,"assumed",,"arrest/charge data",,,,"Enter no information without linkage",,,,,"cannot be linked to arrest/charge information",,,
,,"assumed",,"from",,,,"From",,,,"From",,,"Number of","Percent of","Number of","Percent of"
,,"from court",,"correctional",,,,"correctional",,,,"correctional",,,"final court","final court","correctional","correctional"
"State",,"disposition",,"data",,"From courts",,"agencies",,"From courts",,"agencies","Other",,"dispositions","dispositions","dispositions","dispositions"
,,,,,,,,,,,,,,,,,,
"Alabama",,"X",,,,,,,,,,,,,"...","...","...","..."
"Alaska",,"X",,,,,,,,,,,,,"...","...",,
"Arizona",,,,,,,,,,"X",,,,,"...",20%,,
"Arkansas",,,,,,,,"X",,"X",,,,,"...","...","...","..."
"California",,"X",,,,"X",,,,"X",,,,,112000,28,,
,,,,,,,,,,,,,,,,,,
"Colorado",,,,,,,,,,,,,,,,,,
"Connecticut",,"X",,,,,,,,,,,,,"...",2%,"...",1%
"Delaware",,,,,,,,,,,,,,,"...",5,"...",5
"District of Columbia",,,,,,,,"X",,,,,,,"...","...","...","..."
"Florida",,,,,,,,"X",,,,,"X","a","...","...","...","..."
,,,,,,,,,,,,,,,,,,
"Georgia",,,,"X","b",,,,,,,,"X","c",18000,5%,1500,4%
"Hawaii",,,,,,,,,,"X",,,,,"...","...",,
"Idaho",,,,"X",,,,"X",,"X",,,,,36000,62,"...","..."
"Illinois",,,,,,,,"X",,,,,"X","d","...","...",,
"Indiana",,,,,,"X",,"X",,,,,,,"...","...","...","..."
,,,,,,,,,,,,,,,,,,
"Iowa",,,,,,,,,,"X",,,,,"...","...",,
"Kansas",,"X",,,,"X",,,,,,,,,"...","...",,
"Kentucky",,,,,,,,,,"X",,,,,"...","...",,
"Louisiana",,,,,,,,"X","e","X",,,"X","f","...","...","...","..."
"Maine",,"X",,,,,,,,,,,,,4100,70%,,
,,,,,,,,,,,,,,,,,,
"Maryland",,,,,,,,,,"X",,,"X","g","...","...",,
"Massachusetts","*",,,,,,,,,,,,,,"...","<4%","...","..."
"Michigan",,,,"X",,"X ","h",,,,,,,,84300,39,"...","..."
"Minnesota",,,,,,,,,,"X",,,"X","I",42500,49,"...","..."
"Mississippi",,,,,,,,,,"X",,"X",,,"...","...","...","..."
,,,,,,,,,,,,,,,,,,
"Missouri",,,,,,,,"X","I","X",,,,,"...","...","...","..."
"Montana",,,,,,,,"X",,"X","k",,,,"...","...","...","..."
"Nebraska",,,,,,,,,,"X",,"X",,,"...",25%,"...",5%
"Nevada",,,,,,,,"X",,"X",,,"X","f","...","<1","...","<1"
"New Hampshire",,,,,,"X",,"X",,,,,,,"...","...","...","..."
,,,,,,,,,,,,,,,,,,
"New Jersey",,,,"X",,,,,,,,,,,4000,4%,"...","..."
"New Mexico",,,,,,,,,,"X",,"X","X","f","...","...","...","..."
"New York",,,,,,"X",,"X",,,,,,,"...","...","...","..."
"North Carolina",,,,,,,,,,,,"X",,,,,"...","..."
"North Dakota",,,,,,,,,,"X",,"X",,,"...",10,"...",10
,,,,,,,,,,,,,,,,,,
"Ohio",,,,,,,,,,,,,,,"...","...","...","..."
"Oklahoma",,,,,,,,,,"X",,"X","X","l","...","...","...","..."
"Oregon",,,,,,,,,,"X",,"X",,,"...","...","...","..."
"Pennsylvania",,,,,,,,,,"X",,"X","X","m",43000,36%,"...","..."
"Puerto Rico",,,,,,,,,,,,,,,,,,
,,,,,,,,,,,,,,,,,,
"Rhode Island",,,,,,,,,,,,,"X","n",500,4%,,
"South Carolina",,,,,,"X",,,,,,,"X","o","...",25,"...",2%
"South Dakota",,,,,,,,"X","p","X",,,,,"...",5,"...",1
"Tennessee",,,,,,,,"X",,"X",,,,,"...",30,"...",60
"Texas",,,,,,,,,,,,,"X",,40000,"<20","...",50
,,,,,,,,,,,,,,,,,,
"Utah",,,,,,,,,,,,,"X","q","...","...","...","..."
"Vermont","*",,,,,,,,,,,,,,,,,
"Virgin Islands",,,,,,,,,,"X",,,,,"...","...",,
"Virginia",,"X","r",,,,,"X",,,,,,,20000,10%,,
"Washington",,"X",,,,"X",,,,,,,,,"...","...","...","..."
,,,,,,,,,,,,,,,,,,
"West Virginia",,,,,,,,"X","s","X",,,,,"...","...","...","..."
"Wisconsin",,,,,,,,,,"X",,,,,19700,20%,,
"Wyoming","*",,,,,,,,,,,,,,,,,
,,,,,,,,,,,,,,,,,,
,,,,,,,,,,,,,,,,,,
"Explanatory Notes for Table 17",,,,,,,,,,,,,,,,,,
,,,,,,,,,,,,,,,,,,
"The notes below expand on the data in Table 17.  The explanatory information was provided by the respondent.",,,,,,,,,,,,,,,,,,
,,,,,,,,,,,,,,,,,,
"Note: Numbers and percentages reported are results of estimates.  Numbers have been rounded to the nearest 100.  Percentages have been rounded to the nearest whole number.",,,,,,,,,,,,,,,,,,
,,,,,,,,,,,,,,,,,,
"�   Not available.",,,,,,,,,,,,,,,,,,
,,,,,,,,,,,,,,,,,,
"*   All data received can be linked.",,,,,,,,,,,,,,,,,,
,,,,,,,,,,,,,,,,,,
"a Court information is held in an automated format and periodically rerun for linkage to arrest.",,,,,,,,,,,,,,,,,,
,,,,,,,,,,,,,,,,,,
"b The arrest segment also is created from correctional fingerprint data.",,,,,,,,,,,,,,,,,,
,,,,,,,,,,,,,,,,,,
"c Court data only is entered into a suspense file and is applied to the computerized criminal history system upon receipt of arrest.",,,,,,,,,,,,,,,,,,
,,,,,,,,,,,,,,,,,,
"d The court disposition is placed in a pending file and does not show on the record.",,,,,,,,,,,,,,,,,,
,,,,,,,,,,,,,,,,,,
"e If fingerprints are submitted, an entry is created that includes arrest information and disposition.",,,,,,,,,,,,,,,,,,
,,,,,,,,,,,,,,,,,,
"f Information is returned to the contributor.",,,,,,,,,,,,,,,,,,
,,,,,,,,,,,,,,,,,,
"g A database of court information is maintained.",,,,,,,,,,,,,,,,,,
,,,,,,,,,,,,,,,,,,
"h Unlinked court dispositions are not recorded on a criminal history record until fingerprints are processed; 45% of the unlinked dispositions were linked later through fingerprint processing. ",,,,,,,,,,,,,,,,,,
,,,,,,,,,,,,,,,,,,
"i Agencies can query a file of court data that is not linked to an arrest.",,,,,,,,,,,,,,,,,,
,,,,,,,,,,,,,,,,,,
"j If supported by fingerprints.",,,,,,,,,,,,,,,,,,
,,,,,,,,,,,,,,,,,,
"k If no identification record exists.",,,,,,,,,,,,,,,,,,
,,,,,,,,,,,,,,,,,,
"l Information is entered into a non-fingerprint supported database.",,,,,,,,,,,,,,,,,,
,,,,,,,,,,,,,,,,,,
"m One last attempt is made to link the information by using the prison fingerprints in lieu of the arrest fingerprints.",,,,,,,,,,,,,,,,,,
,,,,,,,,,,,,,,,,,,
"n Contact arresting agency to obtain fingerprint card with charges.",,,,,,,,,,,,,,,,,,
,,,,,,,,,,,,,,,,,,
"o Manually attempt to link court information; method is successful in about 10% of the cases.",,,,,,,,,,,,,,,,,,
,,,,,,,,,,,,,,,,,,
"p Department of Corrections admissions are 100% fingerprint-based.",,,,,,,,,,,,,,,,,,
,,,,,,,,,,,,,,,,,,
"q Stored in a temporary database, manually researched, then posted to the system if possible.",,,,,,,,,,,,,,,,,,
,,,,,,,,,,,,,,,,,,
"r Court disposition contains a fingerprint.",,,,,,,,,,,,,,,,,,
,,,,,,,,,,,,,,,,,,
"s Fingerprint-based reporting only.",,,,,,,,,,,,,,,,,,
