Bureau of Justice Statistics,
Filename: fleo08t03.csv,
"Table 3. Offices of inspectors general employing full-time personnel with arrest and firearm authority, September 2008",
"Report title: Federal Law Enforcement Officers, 2008
 NCJ 238250",
"Data source: Census of Federal Law Enforcement Officers
",
"Author: Brian A. Reaves, Ph.D.",
Refer questions to askbjs@usdoj.gov or 202-307-0765,
"Date of version: June 26,  2012",
,
"Table 3. Offices of inspectors general employing full-time personnel with arrest and firearm authority, September 2008",
Office of inspectors general,Number of full-time officers
Total,"3,501"
U.S. Postal Service,508
Department of Health and Human Services,389
Department of Defense,345
"Department of the Treasury, Tax Administration",302
Social Security Administration,272
Department of Housing and Urban Development,228
Department of Agriculture,164
Department of Labor,164
Department of Homeland Security,157
Department of Veterans Affairs,132
Department of Justice,122
Department of Transportation,94
Department of Education,85
General Services Administration,67
Department of the Interior,66
National Aeronautics and Space Administration,52
Department of Energy,48
Environmental Protection Agency,40
Federal Deposit Insurance Corporation,35
Small Business Administration,34
Department of State,32
Office of Personnel Management,28
Department of the Treasury,21
Tennessee Valley Authority,20
Department of Commerce,16
U.S. Railroad Retirement Board,16
Agency for International Development,13
Nuclear Regulatory Commission,13
Corporation for National and Community Service ,9
National Science Foundation,6
National Archives and Records Administration,6
Government Printing Office,5
Library of Congress,2
Note: Excludes employees based in U.S. territories or foreign countries.,
"Source: Bureau of Justice Statistics, Census of Federal Law Enforcement Officers, 2008.",
