Bureau of Justice Statistics,,,,,,,
Filename: fleo08at02.csv,,,,,,,
"Appendix Table 2. Number of full-time federal officers with arrest and firearm authority per 100,000 residents, by job function and primary state of employment, September 2008",,,,,,,
"Report title: Federal Law Enforcement Officers, 2008
 NCJ 238250",,,,,,,
"Data source: Census of Federal Law Enforcement Officers
",,,,,,,
"Author: Brian A. Reaves, Ph.D.",,,,,,,
Refer questions to askbjs@usdoj.gov or 202-307-0765,,,,,,,
"Date of version: June 26,  2012",,,,,,,
,,,,,,,
"Appendix table 2. Number of full-time federal officers with arrest and firearm authority per 100,000 residents, by job function and primary state of employment, September 2008",,,,,,,
,,Police,,,,,
,,response/,Criminal ,,,,
Primary state of employment,Total,patrol,investigation/enforcement,Inspections/noncriminal investigation,Security/protection,Court operations,Corrections/detention
U.S. total,40,9,15,6,2,2,6
Alabama,19,2,8,1,1,3,4
Alaska,62,17,23,17,1,3,0
Arizona,106,65,18,11,1,3,8
Arkansas,30,4,13,--,1,2,10
California,43,12,15,9,1,1,4
Colorado,34,2,13,1,2,1,14
Connecticut,14,1,9,--,--,--,3
Delaware,16,2,9,2,1,2,0
District of Columbia,"1,732",384,790,26,499,20,7
Florida,40,3,17,10,1,2,7
Georgia,28,2,14,4,1,2,5
Hawaii,51,2,18,17,1,3,9
Idaho,18,5,8,3,--,2,0
Illinois,24,2,14,3,1,1,4
Indiana,14,1,5,--,--,1,6
Iowa,9,1,5,--,--,3,--
Kansas,16,2,6,--,--,2,7
Kentucky,34,2,7,2,2,2,20
Louisiana,35,5,15,2,1,2,11
Maine,46,13,6,25,1,2,0
Maryland,29,5,16,2,1,2,3
Massachusetts,23,2,14,3,1,--,3
Michigan,26,3,9,10,--,1,2
Minnesota,22,2,7,4,--,1,7
Mississippi,27,5,8,1,1,2,10
Missouri,23,2,13,1,1,3,4
Montana,72,33,14,20,1,4,0
Nebraska,17,3,10,--,1,3,--
Nevada,22,4,13,1,1,2,--
New Hampshire,11,1,7,--,1,2,0
New Jersey,29,1,13,8,--,1,5
New Mexico,130,79,19,6,19,6,--
New York,44,5,19,12,2,2,4
North Carolina,17,2,6,1,--,2,6
North Dakota,89,27,58,0,1,4,0
Ohio,12,1,7,1,--,1,2
Oklahoma,24,2,9,--,1,2,9
Oregon,21,4,9,1,--,1,5
Pennsylvania,30,3,11,2,1,2,12
Rhode Island,15,2,9,1,1,2,--
South Carolina,28,1,7,3,1,3,14
South Dakota,35,11,12,--,1,6,5
Tennessee,19,4,9,1,1,2,2
Texas,75,30,19,15,1,3,7
Utah,16,3,9,--,1,2,--
Vermont,85,21,14,47,1,3,--
Virginia,51,12,24,6,2,1,7
Washington,35,7,12,11,1,1,2
West Virginia,64,7,10,1,5,3,39
Wisconsin,9,1,5,--,--,--,3
Wyoming,40,22,13,0,1,4,--
Note: Detail may not sum to total due to rounding.,,,,,,,
--Less than 0.5.,,,,,,,
"Source: Bureau of Justice Statistics, Census of Federal Law Enforcement Officers, 2008.",,,,,,,
