Bureau of Justice Statistics,,,,,,,,,,,,,,,
Filename: fleo08t05.csv,,,,,,,,,,,,,,,
"Table 5. Female and minority representation among personnel with arrest and firearm authority in office of inspectors general with 50 or more full time investigators, September 2008",,,,,,,,,,,,,,,
"Report title: Federal Law Enforcement Officers, 2008
 NCJ 238250",,,,,,,,,,,,,,,
"Data source: Census of Federal Law Enforcement Officers
",,,,,,,,,,,,,,,
"Author: Brian A. Reaves, Ph.D.",,,,,,,,,,,,,,,
Refer questions to askbjs@usdoj.gov or 202-307-0765,,,,,,,,,,,,,,,
"Date of version: June 26,  2012",,,,,,,,,,,,,,,
,,,,,,,,,,,,,,,
"Table 5. Female and minority representation among personnel with arrest and firearm authority in offices of inspectors general with 50 or more full-time investigators, September 2008",,,,,,,,,,,,,,,
,,Percent of full-time federal officers with arrest and firearm authority,,,,,,,,,,,,,
,,,,Racial/ethnic minority,,,,,,,,,,,
,,,,,,American ,,,,,,Hispanic/ ,,Two or ,
Office of inspectors general,Number of officers,Female,, Total minority,,Indian/Alaska Natives*,,Black/African American*,,Asian/Pacific Islander*,,Latino origin,,more races*,
Postal Service,511,27.4,%,15.3,%,0,%,10.2,%,2.3,%,2.7,%,0,%
Health and Human Services,393,31.6,,20.9,,0.3,,8.7,,4.6,,7.4,,0,
Defense,345,21.4,,22,,0.6,,7,,5.2,,6.4,,2.9,
"Treasury, Tax Administration",304,24.7,,24.3,,1,,14.5,,1,,7.9,,0,
Social Security Administration,274,25.2,,25.2,,0,,11.7,,1.5,,12,,0,
Housing and Urban Development,229,27.5,,30.1,,0.4,,14,,3.1,,12.7,,0,
Agriculture,166,31.3,,27.7,,1.2,,10.8,,3.6,,12,,0,
Labor,164,21.3,,20.7,,0,,7.9,,1.2,,11.6,,0,
Homeland Security,163,12.9,,26.4,,0.6,,5.5,,1.8,,18.4,,0,
Veterans Affairs,132,16.7,,13.6,,0,,6.8,,3,,3.8,,0,
Justice,122,19.7,,18.9,,1.6,,8.2,,3.3,,5.7,,0,
Transportation,94,28.7,,33,,2.1,,16,,3.2,,11.7,,0,
Education,88,25,,25,,1.1,,6.8,,2.3,,13.6,,1.1,
General Services Administration,67,22.4,,28.4,,0,,14.9,,1.5,,11.9,,0,
Interior,66,22.7,,16.7,,1.5,,3,,4.5,,7.6,,0,
NASA ,52,21.2,,13.5,,0,,7.7,,5.8,,0,,0,
Note: Includes employees in U.S. territories. Detail may not sum to total due to rounding. ,,,,,,,,,,,,,,,
*Excludes persons of Hispanic/Latino origin.,,,,,,,,,,,,,,,
"Source: Bureau of Justice Statistics, Census of Federal Law Enforcement Officers, 2008.",,,,,,,,,,,,,,,
