Bureau of Justice Statistics,,,
Filename: fleo08t1.csv,,,
"Table 1. Federal agencies employing 250 or more full-time personnel with arrest and firearm authority, September 2008",,,
"Report title: Federal Law Enforcement Officers, 2008
 NCJ 238250",,,
"Data source: Census of Federal Law Enforcement Officers
",,,
"Author: Brian A. Reaves, Ph.D.",,,
Refer questions to askbjs@usdoj.gov or 202-307-0765,,,
"Date of version: June 26,  2012",,,
,,,
"Table 1. Federal agencies employing 250 or more full-time personnel with arrest and firearm authority, September 2008",,,
,Number of ,Percent change ,
Agency,full-time officers,2004�2008,
U.S. Customs and Border Protection,"36,863",33.1,%
Federal Bureau of Prisons,"16,835",10.7,
Federal Bureau of Investigation,"12,760",4.2,
U.S. Immigration and Customs Enforcement,"12,446",19.7,
U.S. Secret Service,"5,213",9.3,
Administrative Office of the U.S. Courts*,"4,696",13.8,
Drug Enforcement Administration,"4,308",-2.1,
U.S. Marshals Service,"3,313",2.5,
Veterans Health Administration,"3,128",29.1,
"Internal Revenue Service, Criminal Investigation ","2,636",-5.1,
"Bureau of Alcohol, Tobacco, Firearms and Explosives","2,541",7.1,
U.S. Postal Inspection Service,"2,288",-23.1,
U.S. Capitol Police,"1,637",6.6,
National Park Service - Rangers,"1,404",-8.6,
Bureau of Diplomatic Security,"1,049",27.2,
Pentagon Force Protection Agency,725,50.4,
U.S. Forest Service,644,7.3,
U.S. Fish and Wildlife Service,598,-15.5,
National Park Service - U.S. Park Police,547,-10.6,
National Nuclear Security Administration,363,24.3,
U.S. Mint Police,316,-16,
Amtrak Police,305,-3.8,
Bureau of Indian Affairs,277,-13.4,
Bureau of Land Management,255,2.4,
Note: Excludes employees based in U.S. territories or foreign countries and offices of inspectors general (see table 3).,,,
*Limited to federal probation officers employed in federal judicial districts that allow officers to carry firearms.,,,
"Source: Bureau of Justice Statistics, Census of Federal Law Enforcement Officers, 2004 and 2008.",,,
