Bureau of Justice Statistics,,,
Filename: cpffcl05t14.csv,,,
Table 14. Imputation procedures for national estimates,,,
"Report Title: Census of Publicly Funded Forensic Crime Laboratories, 2005 NCJ 222181",,,
Data Source: 2002 and 2005 Census of Publicly Funded Forensic Crime Laboratories Databases,,,
Refer questions to: askbjs@usdoj.gov or (202) 307-0765,,,
Author: Matthew Durose,,,
Date of version: 7/29/2008,,,

Table 14. Imputation procedures for national estimates,,,

,Number of labs,,
,2005,,2002
,,,
All publicly funded forensic labs,389,,351
,,,
Full-time employees,,,
Reported to census,296,,278
"Obtained from alternative source (call back, website, annual report)",13,,0
Imputed using -,,,
the number of FTE positions authorized that year,55,,25
employee data from the other census,24,,43
median staff size for labs of similar jurisdiction ,1,,5
,,,
Annual operating budget,,,
Reported to census,244,,225
Distributed combine budget data across each lab in system,10,,42
Imputed -,,,
using budget data from the other census,65,,42
by multiplying the staff size by the median ratio of expenditures per employee for labs of similar size and jurisdiction ,70,,42
,,,
Number of cases received during the year,,,
Reported to census,288,,265
Imputed -,,,
using data on cases received from the other census,51,,52
by multiplying the staff size by the median ratio of cases per employee for labs of similar size and jurisdiction  ,50,,34
,,,
Number of cases backlogged at yearend,,,
Reported to census,265,,243
Imputed -,,,
using data on backlogged cases from the other census,46,,56
by multiplying the number of cases received by the median percentage of backlogged cases for labs of similar size and jurisdiction,78,,52
,,,
,,,
,,,
,,,
,,,
,,,








