Bureau of Justice Statistics,,,,,,,,
Filename: cpffcl05t06.csv,,,,,,,,
"Table 6. Forensic functions performed by crime laboratories in 2005, by type of jurisdiction",,,,,,,,
"Report Title: Census of Publicly Funded Forensic Crime Laboratories, 2005 NCJ 222181",,,,,,,,
Data Source: 2005 Census of Publicly Funded Forensic Crime Laboratories Database,,,,,,,,
Refer questions to: askbjs@usdoj.gov or (202) 307-0765,,,,,,,,
Author: Matthew Durose,,,,,,,,
Date of version: 7/29/2008,,,,,,,,

"Table 6. Forensic functions performed by crime laboratories in 2005, by type of jurisdiction",,,,,,,,

Forensic function,Total*,,State,,County,,Municipal,
Controlled substances,89,%,88,%,94,%,85,%
Firearms/toolmarks,59,,60,,59,,56,
Biology screening,57,,58,,61,,51,
Latent prints,55,,50,,51,,76,
Trace evidence,55,,57,,59,,44,
DNA analysis,53,%,55,%,61,%,42,%
Toxicology,53,,57,,49,,47,
Impressions,52,,50,,53,,56,
Crime scene,40,,36,,46,,56,
Questioned documents,20,,18,,22,,24,
Computer crimes,12,,9,,16,,15,
,,,,,,,,
Number of labs reporting,351,,207,,79,,55,
,,,,,,,,
Note: Detail sums to more than 100% because some laboratories reported performing more than one function. See Methodology for definitions of individual forensic functions.,,,,,,,,
"*Includes federal labs, not shown separately.",,,,,,,,
,,,,,,,,
