Bureau of Justice Statistics,,,,,,,,
Filename: cpffcl05t11.csv,,,,,,,,
"Table 11. Percent of crime laboratories with a Laboratory Information Management System (LIMS) in 2005 and 2002, by type of jurisdiction",,,,,,,,
"Report Title: Census of Publicly Funded Forensic Crime Laboratories, 2005 NCJ 222181",,,,,,,,
Data Source: 2002 and 2005 Census of Publicly Funded Forensic Crime Laboratories Databases,,,,,,,,
Refer questions to: askbjs@usdoj.gov or (202) 307-0765,,,,,,,,
Author: Matthew Durose,,,,,,,,
Date of version: 7/29/2008,,,,,,,,

"Table 11. Percent of crime laboratories with a Laboratory Information Management System (LIMS) in 2005 and 2002, by type of jurisdiction",,,,,,,,

,Labs reporting in�,,,,Comparable labs reporting in both years,,,
Type of jurisdiction,2005,,2002,,2005,,2002,
All labs*,79,%,75,%,81,%,77,%
State,90,,88,,89,,89,
County,70,,70,,76,,69,
Municipal,45,,33,,56,,33

Number of labs reporting,302,,271,,216,,216

"*Includes federal labs, not shown separately.",,,,,,,
