Bureau of Justice Statistics,,,,,,
Filename: cpffcl05t08.csv,,,,,,
"Table 8. Cases backlogged in publicly funded crime laboratories at yearend 2005 and 2002, by type of jurisdiction",,,,,,
"Report Title: Census of Publicly Funded Forensic Crime Laboratories, 2005 NCJ 222181",,,,,,
Data Source: 2002 and 2005 Census of Publicly Funded Forensic Crime Laboratories Databases,,,,,,
Refer questions to: askbjs@usdoj.gov or (202) 307-0765,,,,,,
Author: Matthew Durose,,,,,,
Date of version: 7/29/2008,,,,,,

"Table 8. Cases backlogged in publicly funded crime laboratories at yearend 2005 and 2002, by type of jurisdiction",,,,,,

,Reported backlogged cases in�,,Cases backlogged in comparable labs reporting in both years,,National estimate/a,
Type of jurisdiction,2005,2002,2005,2002,2005,2002

All labs/b,"260,821","212,676","192,126","142,739","359,000","287,000"
State,"166,337","117,092","126,162","90,056","203,000","155,000"
County,"40,314","47,954","35,859","29,555","65,000","55,000"
Municipal,"44,881","42,218","29,544","22,128","70,000","59,000"
,,,,,,
Number of labs,265,243,172,172,389,351
,,,,,,
a/Based on imputations for labs that did not report data on backlogged cases. ,,,,,,
"b/Includes federal labs, not shown separately. ",,,,,,











,
