"Bureau of Justice Statistics",,,,,
"filename:  cplp9901.csv",,,,,
"Table 1. Local police departments and full-time sworn personnel, by size of population served, 1999",,,,,
"title: Community Policing in Local Police Departments, 1997 and 1999, NCJ 184794",,,,,
"data source:  1999 Law Enforcement Management and Administrative Statistics",,,,,
"authors:  Matthew J. Hickman and Brian A. Reaves, Ph.D.",,,,,
"refer questions to: askbjs@ojp.usdoj.gov (202)307-0765",,,,,
"date of version: 02/07/01",,,,,
,,,,,
"Table 1. Local police departments and full-time sworn personnel, by size of population served, 1999",,,,,
,,,,,
"Population"," Agencies",,,"Full-time  sworn personnel",
"served","Number","Percent",,"Number","Percent"
,,,,,
"  All sizes",13524,100%,,436182,100%
,,,,,
"1,000,000 or more",16,0.1,,99425,22.8
"500,000-999,999",24,0.2,,34513,7.9
"250,000-499,999",46,0.3,,38077,8.7
"150,000-249,999",67,0.5,,25873,5.9
"50,000-149,999",469,3.5,,68630,15.7
"25,000-49,999",718,5.3,,46233,10.6
"10,000-24,999",1820,13.5,,56133,12.9
"2,500-9,999",4078,30.2,,47526,10.9
"Under 2,500",6285,46.5,,19771,4.5
,,,,,
"Note: Detail may not add to total because of rounding. ",,,,,
