"Bureau of Justice Statistics",,
"filename:  cplp9912.csv",,
"Table 12. Local police departments providing citizen access to crime statistics or crime maps, by size of population served, 1997 and 1999",,
"title: Community Policing in Local Police Departments, 1997 and 1999, NCJ 184794",,
"data source:  1999 Law Enforcement Management and Administrative Statistics",,
"authors:  Matthew J. Hickman and Brian A. Reaves, Ph.D.",,
"refer questions to: askbjs@ojp.usdoj.gov (202)307-0765",,
"date of version: 02/07/01",,
,,
"Table 12. Local police departments providing citizen access to crime statistics or crime maps, by size of population served, 1997 and 1999",,
,,
,,
,,
,,
"Population",,
"served"," 1997"," 1999"
,,
"  All sizes",35%,73%
,,
"1,000,000 or more",81%,87%
"500,000-999,999",92,100
"250,000-499,999",87,98
"150,000-249,999",78,99
"50,000-149,999",72,96
"25,000-49,999",57,91
"10,000-24,999",51,91
"2,500-9,999",40,82
"Under 2,500",21,58
