"Bureau of Justice Statistics",,,,,
"filename:  cplp9904.csv",,,,,
"Table 4. Community policing training for new officer recruits in local police departments, by size of population served, 1997 and 1999",,,,,
"title: Community Policing in Local Police Departments, 1997 and 1999, NCJ 184794",,,,,
"data source:  1999 Law Enforcement Management and Administrative Statistics",,,,,
"authors:  Matthew J. Hickman and Brian A. Reaves, Ph.D.",,,,,
"refer questions to: askbjs@ojp.usdoj.gov (202)307-0765",,,,,
"date of version: 02/07/01",,,,,
,,,,,
"Table 4. Community policing training for new officer recruits in local police departments, by size of population served, 1997 and 1999",,,,,
,,,,,
,,"Percent of agencies providing 8 or more",,,
,,"hours of community policing training for:",,,
"Population","At least some recruits",,,"All recruits",
"served",1997,1999,,1997,1999
,,,,,
"  All sizes",53%,54%,,40%,41%
,,,,,
"1,000,000 or more",94%,100%,,94%,94%
"500,000-999,999",87,100,,87,96
"250,000-499,999",91,89,,82,85
"150,000-249,999",83,90,,75,81
"50,000-149,999",87,89,,75,75
"25,000-49,999",82,87,,65,69
"10,000-24,999",69,76,,53,61
"2,500-9,999",58,63,,45,46
"Under 2,500",37,35,,25,24
,,,,,
"Note: Table includes community policing training of 8 or more hours that occurred",,,,,
"during the 2-year period ending June 30, 1999 or the 3-year period ending June 30, 1997.",,,,,
