"Bureau of Justice Statistics",,
"filename:  cplp9903.csv",,
"Table 3. Local police departments with at least half of full-time sworn personnel regularly engaged in community policing activities, 1997 and 1999",,
"title: Community Policing in Local Police Departments, 1997 and 1999, NCJ 184794",,
"data source:  1999 Law Enforcement Management and Administrative Statistics",,
"authors:  Matthew J. Hickman and Brian A. Reaves, Ph.D.",,
"refer questions to: askbjs@ojp.usdoj.gov (202)307-0765",,
"date of version: 02/07/01",,
,,
"Table 3. Local police departments with at least half of full-time sworn personnel regularly engaged in community policing activities, 1997 and 1999",,
,,
,,
,,
"Population",,
"served",1997,1999
,,
"  All sizes",7%,29%
,,
"1,000,000 or more",0%,25%
"500,000-999,999",0,4
"250,000-499,999",0,9
"150,000-249,999",0,15
"50,000-149,999",0,14
"25,000-49,999","-",14
"10,000-24,999","-",16
"2,500-9,999",2,23
"Under 2,500",15,41
,,
"- Less than 0.5%.",,
