Bureau of Justice Statistics,,,,,,,,,
Filename: p07at17.csv,,,,,,,,,
"Appendix table 17. Prisoners under military jurisdiction, by branch of service, yearend 2006 and 2007",,,,,,,,,
Report title: Prisoners in 2007 NCJ 224280,,,,,,,,,
"Data source: National Prisoner Statistics, 1b",,,,,,,,,
"Authors: Heather C. West and William J. Sabol, Ph.D.",,,,,,,,,
Refer questions to: askbjs@usdoj.gov   202-307-0765,,,,,,,,,
"Date of version: December 2, 2008",,,,,,,,,

"Appendix table 17. Prisoners under military jurisdiction, by branch of service, yearend 2006 and 2007",,,,,,,,,
,,Total,,,,Sentenced to more than 1 year,,,
Branch of service,,2006,2007,"Percent change, 2006-2007",,2006,2007,"Percent change, 2006-2007",
,Total,"1,944","1,794",-7.7,%,"1,135","1,089",-4.1,%
To which prisoners belong,,,,,,,,,
,Air Force,328,280,-15,,215,185,-14,
,Army,880,829,-5.8,,542,555,2.4,
,Marine Corps,407,396,-2.7,,167,164,-1.8
,Navy,315,268,-14.9,,201,173,-13.9
,Coast Guard,14,21,50,,10,12,20
Holding prisoners,,,,,,,,
,Air Force,92,61,-33.7,,20,9,-55
,Army,996,912,-8.4,,711,721,1.4
,Marine Corps,329,338,2.7,,98,97,-1
,Navy,527,483,-8.3,,306,262,-14.4
