Bureau of Justice Statistics,,,,,,,,,,
Filename: p07at16.csv,,,,,,,,,,
"Appendix table 16. Prisoners in custody of correctional authorities in the U.S. Territories and Commonwealths, December 31, 2006 and 2007",,,,,,,,,,
Report title: Prisoners in 2007 NCJ 224280,,,,,,,,,,
"Data source: National Prisoner Statistics, 1b",,,,,,,,,,
"Authors: Heather C. West and William J. Sabol, Ph.D.",,,,,,,,,,
Refer questions to: askbjs@usdoj.gov   202-307-0765,,,,,,,,,,
"Date of version: December 2, 2008",,,,,,,,,,

"Appendix table 16. Prisoners in custody of correctional authorities in the U.S. Territories and Commonwealths, December 31, 2006 and 2007",,,,,,,,,,
,,Total,,,,Sentenced to more than 1 year,,,,
Jurisdiction,,2006,2007,"Percent change, 2006-2007",,2006,2007,"Percent change, 2006-2007",,"Incarceration rate, 2007*"
Total,,"15,205","14,678",-3.5,%,"11,743","11,465",-2.4,%,261
,American Samoa,210,236,12.4,,113,122,8,,188
,Guam,495,535,8.1,,337,320,-5,,182
,Commonwealth of the Northern Mariana Islands,126,137,8.7,,76,78,2.6,,90
,Commonwealth of Puerto Rico,"13,788","13,215",-4.2,,"10,789","10,553",-2.2,,267
,U.S. Virgin Islands,586,555,-5.3,,428,392,-8.4,,357
"*The number of prisoners with a sentence of more than 1 year per 100,000 persons in the resident population. July 1, 2007 population estimates were provided by the U.S. Census Bureau, International Data Base.",,,,,,,,,,
