Bureau of Justice Statistics,,,,
Filename: p07t09.csv,,,,
"Table 9. State prison population as a percent of capacity, 1995, and 2000-2007",,,,
Report title: Prisoners in 2007 NCJ 224280,,,,
"Data source: National Prisoner Statistics, 1b",,,,
"Authors: Heather C. West and William J. Sabol, Ph.D.",,,,
Refer questions to: askbjs@usdoj.gov   202-307-0765,,,,
"Date of version: December 2, 2008",,,,

"Table 9. State prison population as a percent of capacity, 1995, and 2000-2007",,,,
Year,Highest capacity,,Lowest capacity,
1995,114,%,125,%
2000,100,,115,
2001,101,,116,
2002,101,,117,
2003,100,,116,
2004,99,,115
2005,99,,114
2006,98,,114
2007,96,,113
"State capacity, 2007","1,280,037",,"1,091,934"
Note: Capacity excludes prisoners held in local jails and in privately-operated facilities. ,,,
