Bureau of Justice Statistics,,,,,,,,,,,
Filename: p07t03.csv,,,,,,,,,,,
"Table 3. Number of sentenced prisoners admitted and released from state and federal jurisdiction, 2000-2007",,,,,,,,,,,
Report title: Prisoners in 2007 NCJ 224280,,,,,,,,,,,
"Data source: National Prisoner Statistics, 1b",,,,,,,,,,,
"Authors: Heather C. West and William J. Sabol, Ph.D.",,,,,,,,,,,
Refer questions to: askbjs@usdoj.gov   202-307-0765,,,,,,,,,,,
"Date of version: December 2, 2008",,,,,,,,,,,

"Table 3. Number of sentenced prisoners admitted and released from state and federal jurisdiction, 2000-2007",,,,,,,,,,,
,Admissions,,,,,,Releases,,,,
Year,Total,,Federal,,State,,Total,,Federal,,State
2000,"625,219",,"43,732",,"581,487",,"604,858",,"35,259",,"569,599"
2001,"638,978",,"45,140",,"593,838",,"628,626",,"38,370",,"590,256"
2002,"661,082",,"48,144",,"612,938",,"630,176",,"42,339",,"587,837"
2003,"686,437",,"52,288",,"634,149",,"656,384",,"44,199",,"612,185"
2004,"699,812",,"52,982",,"646,830",,"672,202",,"46,624",,"625,578",
2005,"733,009",,"56,057",,"676,952",,"698,459",,"47,981",,"650,478",
2006,"749,798",,"57,495",,"692,303",,"713,473",,"47,920",,"665,553",
2007,"751,593",,"53,618",,"697,975",,"725,402",,"48,411",,"676,991",
"Average annual change,",,,,,,,,,,,,
2000-2006,3.1,%,5,%,2.9,%,2.8,%,5.2,%,2.6,%
"Percent change, 2006-2007",0.2,,-7,,0.8,,1.7,,1,,1.7,
"Note: Totals exclude transfers, escapes, and AWOLs.",,,,,,,,,,,,
