"Bureau of Justice Statistics",,,,,,,,,,,,,,
"filename:  lem9722b.csv",,,,,,,,,,,,,,
"table #:  22b",,,,,,,,,,,,,,
"report title:  Law Enforcement Management and Administrative Statistics, 1997:",,,,,,,,,,,,,,
"                  Data for Individual State and Local Agencies with 100 or More Officers    NCJ 171681",,,,,,,,,,,,,,
"data source:  1997 LEMAS survey",,,,,,,,,,,,,,
"authors:  Brian A. Reaves and Andrew L. Goldberg",,,,,,,,,,,,,,
"refer questions to:  askbjs@ojp.usdoj.gov  (202) 307-0765",,,,,,,,,,,,,,
"date of version:  3/26/99",,,,,,,,,,,,,,
,,,,,,,,,,,,,,
"Table 22b.  Policies and procedures pertaining to excessive force complaints",,,,,,,,,,,,,,
"maintained by State law enforcement agencies, 1997",,,,,,,,,,,,,,
,,,,,,,,,,,,,,
,"      Written policy directives",,,,"Jurisdiction",,"   Person",," External*",,"Person who",,,
,,"   Use of","  Use of",,"has civilian",,"   to whom ",," review of",,"makes final",," Right to administrative",
,"Citizen","   deadly","  nonlethal",,"complaint",,"   board",," complaints",,"disciplinary",," appeal of decision",
"Name of agency","complaints","   force","  force",,"review board",,"   reports",," required",,"decision",,"Citizen","Officer"
,,,,,,,,,,,,,,
"Alabama Department of Public Safety","X","X","X",,"-",,"-",,"X",,"LEX",,"X","X"
"Alaska State Troopers","X","X","X",,"-",,"-",,"-",,"LEX",,"X","X"
"Arizona Department of Public Safety","X","X","X",,"-",,"-",,"-",,"LEX",,"-","X"
"Arkansas State Police","X","X","X",,"-",,"-",,"X",,"LEX",,"-","X"
"California Highway Patrol","X","X","X",,"X",,"LEX",,"-",,"LEX",,"-","X"
"Colorado State Patrol","X","X","X",,"-",,"-",,"X",,"LEX",,"X","X"
"Connecticut State Police","X","X","X",,"-",,"-",,"X",,"LEX",,"-","X"
"Delaware State Police","X","X","X",,"-",,"-",,"-",,"LEX",,"-","X"
"Florida Highway Patrol","X","X","X",,"-",,"-",,"-",,"LEX",,"-","X"
"Georgia State Patrol","X","X","X",,"-",,"-",,"X",,"LEX",,"-","X"
,,,,,,,,,,,,,,
"Idaho State Police","X","X","X",,"-",,"-",,"-",,"LEX",,"-","X"
"Illinois State Police","X","X","-",,"-",,"-",,"X",,"OTH",,"-","X"
"Indiana State Police","X","X","X",,"-",,"-",,"-",,"LEX",,"-","X"
"Iowa State Patrol","X","X","X",,"-",,"-",,"-",,"GEX",,"-","X"
"Kansas Highway Patrol","X","X","X",,"-",,"-",,"X",,"LEX",,"-","X"
"Kentucky State Police","X","X","X",,"-",,"-",,"-",,"LEX",,"-","X"
"Louisiana State Police","X","X","X",,"-",,"-",,"-",,"LEX",,"X","X"
"Maine State Police","X","X","X",,"-",,"-",,"-",,"LEX",,"-","X"
"Maryland State Police","X","X","X",,"-",,"-",,"X",,"LEX",,"-","-"
"Massachusetts State Police","X","X","X",,"-",,"-",,"-",,"LEX",,"X","X"
,,,,,,,,,,,,,,
"Michigan State Police","X","X","X",,"-",,"-",,"-",,"LEX",,"-","X"
"Minnesota State Patrol","X","X","-",,"-",,"-",,"-",,"LEX",,"X","X"
"Mississippi Highway Safety Patrol","-","X","X",,"-",,"-",,"-",,"LEX",,"-","X"
"Missouri State Highway Patrol","X","X","X",,"-",,"-",,"X",,"LEX",,"-","X"
"Montana Highway Patrol","X","X","X",,"-",,"-",,"-",,"LEX",,"-","X"
"Nebraska State Patrol","X","X","X",,"-",,"-",,"X",,"LEX",,"X","X"
"Nevada Highway Patrol","X","X","X",,"-",,"-",,"X",,"GEX",,"X","X"
"New Hampshire State Police","X","X","X",,"-",,"-",,"X",,"LEX",,"-","X"
"New Jersey State Police","X","X","X",,"-",,"-",,"X",,"LEX",,"-","X"
"New Mexico State Police","X","X","X",,"-",,"-",,"X",,"LEX",,"-","X"
,,,,,,,,,,,,,,
"New York State Police","X","X","X",,"-",,"-",,"-",,"LEX",,"X","X"
"North Carolina State Highway Patrol","X","X","X",,"-",,"-",,"X",,"LEX",,"-","X"
"North Dakota Highway Patrol","X","X","X",,"-",,"-",,"-",,"LEX",,"-","X"
"Ohio State Highway Patrol","X","X","X",,"-",,"-",,"X",,"LEX",,"X","X"
"Oklahoma Highway Patrol","X","X","X",,"-",,"-",,"-",,"LEX",,"-","X"
"Oregon State Police","X","X","X",,"-",,"-",,"-",,"OSP",,"-","X"
"Pennsylvania State Police","X","X","X",,"-",,"-",,"X",,"LEX",,"-","X"
"Rhode Island State Police","X","X","X",,"-",,"-",,"-",,"LEX",,"-","X"
"South Carolina Highway Patrol","-","X","X",,"-",,"-",,"X",,"LEX",,"-","X"
"South Dakota Highway Patrol","X","X","X",,"-",,"-",,"-",,"LEX",,"-","X"
,,,,,,,,,,,,,,
"Tennessee Department of Safety","X","X","X",,"-",,"-",,"-",,"LEX",,"X","X"
"Texas Department of Public Safety","X","X","X",,"-",,"-",,"-",,"LEX",,"-","X"
"Utah Highway Patrol","X","X","-",,"-",,"-",,"X",,"LEX",,"X","X"
"Vermont State Police","X","X","X",,"X",,"GEX",,"X",,"GEX",,"-","X"
"Virginia State Police","X","X","X",,"-",,"-",,"-",,"LEX",,"-","X"
"Washington State Patrol","X","X","X",,"-",,"-",,"-",,"LEX",,"-","X"
"West Virginia State Police","X","X","X",,"-",,"-",,"-",,"LEX",,"-","X"
"Wisconsin State Patrol","X","X","X",,"-",,"-",,"-",,"LEX",,"-","X"
"Wyoming Highway Patrol","-","X","X",,"-",,"-",,"-",,"LEX",,"-","X"
,,,,,,,,,,,,,,
,,,,,,,,,,,,,,
"Note:  The codes for the table are as follows:",,,,,,,,,,,,,,
,,,,,,,,,,,,,,
"""X""=Agency has policy or procedure.",,,,,,,,,,,,,,
"""-""=Agency does not have policy or procedure.",,,,,,,,,,,,,,
,,,,,,,,,,,,,,
"The codes for civilian complaint review board are as follows:",,,,,,,,,,,,,,
,,,,,,,,,,,,,,
"""X""=Agency's jurisdiction has a civilian complaint review board, but it does not have independent investigative authority with subpoena powers.",,,,,,,,,,,,,,
"""-""=Agency's jurisdiction does not have a civilian complaint review board.",,,,,,,,,,,,,,
,,,,,,,,,,,,,,
,,,,,,,,,,,,,,
"The codes for civilian complaint review board accountability and final disciplinary decisions are as follows:",,,,,,,,,,,,,,
,,,,,,,,,,,,,,
"""GEX""=Government executive",,,,,,,,,,,,,,
"""LEX""=Law enforcement executive",,,,,,,,,,,,,,
"""OSP""=Other sworn personnel ",,,,,,,,,,,,,,
"""OTH""=Other person(s) not listed above",,,,,,,,,,,,,,
,,,,,,,,,,,,,,
"*External to the chain of command where the accused officer is assigned.",,,,,,,,,,,,,,
,,,,,,,,,,,,,,
,,,,,,,,,,,,,,
,,,,,,,,,,,,,,
,,,,,,,,,,,,,,
,,,,,,,,,,,,,,
,,,,,,,,,,,,,,
,,,,,,,,,,,,,,
,,,,,,,,,,,,,,
,,,,,,,,,,,,,,
"282   Law Enforcement Management and Administrative Statistics, 1997",,,,,,,,,,,,,,
