"Bureau of Justice Statistics",,,,,,,,,,,,,,,
"filename:  lem99a.csv",,,,,,,,,,,,,,,
"Table A.  Number of LEMAS survey respondents with 100 or more full-time sworn personnel ",,,,,,,,,,,,,,,
"including 50 or more officers responding to calls for service*, by State and type of agency, 1999",,,,,,,,,,,,,,,
"report title:  Law Enforcement Management and Administrative Statistics, 1999:",,,,,,,,,,,,,,,
"                  Data for Individual State and Local Agencies with 100 or More Officers    NCJ 184481",,,,,,,,,,,,,,,
"data source:  1999 LEMAS survey",,,,,,,,,,,,,,,
"authors:  Brian A. Reaves and Timothy C. Hart",,,,,,,,,,,,,,,
"refer questions to:  askbjs@ojp.usdoj.gov  (202) 307-0765",,,,,,,,,,,,,,,
"date of version:  11/10/00",,,,,,,,,,,,,,,
,,,,,,,,,,,,,,,
,,,,,,,,,"Type of agency",,,,,,
,,,,,,,,,,,,,,,"  Primary"
,,,,,,"  County",,,"  Municipal",,,,,,"  State"
,"State",,"  Total",,,"  police",,,"  police",,,"  Sheriff",,"","  police"
,,,,,,,,,,,,,,,
,"Alabama",,14,,,0,,,10,,,3,,,1
,"Alaska",,2,,,0,,,1,,,0,,,1
,"Arizona",,12,,,0,,,8,,,3,,,1
,"Arkansas",,7,,,0,,,5,,,1,,,1
,"California",,89,,,0,,,63,,,25,,,1
,"Colorado",,17,,,0,,,11,,,5,,,1
,"Connecticut",,20,,,0,,,19,,,0,,,1
,"Delaware",,3,,,1,,,1,,,0,,,1
,"District of Columbia",,1,,,0,,,1,,,0,,,0
,,,,,,,,,,,,,,,
,"Florida",,72,,,1,,,37,,,33,,,1
,"Georgia",,23,,,6,,,9,,,7,,,1
,"Hawaii",,4,,,3,,,1,,,0,,,0
,"Idaho",,3,,,0,,,1,,,1,,,1
,"Illinois",,25,,,0,,,18,,,6,,,1
,"Indiana",,17,,,0,,,12,,,4,,,1
,"Iowa",,7,,,0,,,6,,,0,,,1
,"Kansas",,9,,,0,,,6,,,2,,,1
,"Kentucky",,5,,,1,,,3,,,0,,,1
,,,,,,,,,,,,,,,
,"Louisiana",,27,,,0,,,9,,,17,,,1
,"Maine",,2,,,0,,,1,,,0,,,1
,"Maryland",,11,,,5,,,3,,,2,,,1
,"Massachusetts",,22,,,0,,,21,,,0,,,1
,"Michigan",,26,,,0,,,19,,,6,,,1
,"Minnesota",,7,,,0,,,5,,,1,,,1
,"Mississippi",,9,,,0,,,7,,,1,,,1
,"Missouri",,10,,,1,,,6,,,2,,,1
,"Montana",,2,,,0,,,1,,,0,,,1
,,,,,,,,,,,,,,,
,"Nebraska",,3,,,0,,,2,,,0,,,1
,"Nevada",,6,,,1,,,3,,,1,,,1
,"New Hampshire",,3,,,0,,,2,,,0,,,1
,"New Jersey",,38,,,0,,,35,,,2,,,1
,"New Mexico",,5,,,0,,,3,,,1,,,1
,"New York ",,34,,,3,,,22,,,8,,,1
,"North Carolina",,23,,,1,,,15,,,6,,,1
,"North Dakota",,1,,,0,,,0,,,0,,,1
,,,,,,,,,,,,,,,
,"Ohio",,18,,,0,,,12,,,5,,,1
,"Oklahoma",,5,,,0,,,4,,,0,,,1
,"Oregon",,9,,,0,,,5,,,3,,,1
,"Pennsylvania",,13,,,1,,,11,,,0,,,1
,"Rhode Island",,6,,,0,,,5,,,0,,,1
,"South Carolina",,14,,,1,,,6,,,6,,,1
,"South Dakota",,2,,,0,,,1,,," ",,,1
,"Tennessee",,15,,,0,,,8,,,6,,,1
,"Texas",,51,,,0,,,37,,,13,,,1
,,,,,,,,,,,,,,,
,"Utah",,5,,,0,,,3,,,1,,,1
,"Vermont",,1,,,0,,,0,,,0,,,1
,"Virginia",,21,,,6,,,12,,,2,,,1
,"Washington",,14,,,0,,,8,,,5,,,1
,"West Virginia",,2,,,0,,,1,,,0,,,1
,"Wisconsin",,13,,,0,,,8,,,4,,,1
,"Wyoming",,1,,,0,,,0,,,0,,,1
,,,,,,,,,,,,,,,
,"Total",,749,,,31,,,487,,,182,,,49
,,,,,,,,,,,,,,,
,"Note:  Table based on full-time personnel only.  Table excludes special police agencies.",,,,,,,,,,,,,,
,"*Defined as any uniformed officer whose regularly assigned duties included responding to calls for service.",,,,,,,,,,,,,,
