"Bureau of Justice Statistics",,,,,,,,,,,
"Filename:  cf993__04.csv",,,,,,,,,,,
"Table 3.4.  Form of pretrial detention, by defendant characteristics, October 1, 1998 - September 30, 1999",,,,,,,,,,,
"Report title:  Compendium of Federal Justice Statistics, 1999   NCJ  186179",,,,,,,,,,,
"Data source:  Federal justice statistics database maintained by The Urban Institute",,,,,,,,,,,
"Author:  Urban Institute under the supervision of John Scalia",,,,,,,,,,,
"Refer  questions to:  askbjs@ojp.usdoj.gov  202-307-0765",,,,,,,,,,,
"Date of version:  4/02/01",,,,,,,,,,,
,,,,,,,,,,,
,,,,,,,,,,,
"Table 3.4.  Form of pretrial detention, by defendant characteristics, October 1, 1998 - September 30, 1999",,,,,,,,,,,
,,,,,,,,,,,
,,,,,"Of defendants detained at any time prior to case disposition,",,,,,,
,,,,,"percent detained by--",,,,,,
,,,,,,"Held on bail for--",,,,"Number of defendants",
,,,,"Percent","Temporary","Part of pre-","All of pre-",,"Other",,"All "
"Defendant characteristic",,,,"detained","detention/a","trial period","trial period","Court","detentions","Detained","defendants"
,,,,,,,,,,,
,,," All defendants/b",68.1,2.7,18.8,13.1,55.1,10.3,44626,65559
"Male/Female",,,,,,,,,,,
,"Male",,,72.4,2.8,16.8,13.2,56.6,10.5,39691,54795
,"Female",,,45.9,1.5,35.5,12.1,42.7,8.2,4908,10689
"Race",,,,,,,,,,,
,"White",,,69.9,3.0,17.7,16.5,54.1,8.8,31097,44519
,"Black",,,64.0,1.6,21.3,5.8,58.3,13.0,10949,17098
,"Native American",,,62.1,0.3,32.8,1.2,54.1,11.7,763,1229
,"Asian/Pacific Islander",,,68.7,1.1,19.1,3.5,58.4,18.0,1332,1939
"Ethnicity",,,,,,,,,,,
,"Hispanic",,,90.6,4.3,13.0,19.6,56.3,6.9,23516,25970
,"Non-Hispanic",,,53.5,1.0,25.6,5.8,54.3,13.3,20610,38541
"Age",,,,,,,,,,,
,"16-18 years",,,71.7,1.8,27.9,10.9,52.0,7.3,817,1140
,"19-20 years",,,68.6,2.9,27.4,11.7,50.2,7.8,2152,3137
,"21-30 years",,,71.5,3.4,20.6,11.1,54.4,10.4,15117,21144
,"31-40 years",,,67.7,3.2,20.9,11.4,53.9,10.6,10661,15754
,"Over 40 years",,,50.4,2.0,27.0,9.8,49.9,11.2,6663,13210
"Education",,,,,,,,,,,
,"Less than high school graduate",,,78.4,4.7,19.9,10.9,53.8,10.7,15486,19756
,"High school graduate",,,58.1,1.6,27.5,6.6,52.8,11.5,9348,16098
,"Some college",,,47.1,1.3,34.2,6.9,47.8,9.8,4784,10165
,"College graduate",,,33.4,1.2,33.8,6.6,48.1,10.4,1371,4108
"Marital status",,,,,,,,,,,
,"Never married",,,68.0,2.2,23.5,7.6,55.4,11.3,13853,20381
,"Divorced/separated",,,59.7,2.4,26.1,9.2,50.4,11.9,5740,9611
,"Married",,,55.5,4.2,24.6,9.7,51.8,9.6,9505,17113
,"Common law",,,74.9,3.8,22.2,11.4,53.3,9.2,3451,4608
,"Other",,,87.2,1.9,4.5,24.4,60.0,9.2,12077,13846
"Employment status at arrest",,,,,,,,,,,
,"Unemployed",,,73.3,2.9,20.4,7.8,54.7,14.1,16422,22395
,"Employed",,,54.5,3.1,28.2,9.9,50.9,7.9,15992,29331
"Criminal record",,,,,,,,,,,
,"No convictions/c",,,55.5,2.5,23.4,15.0,51.5,7.6,12285,22140
,"Misdemeanor only",,,60.6,2.2,28.2,13.4,47.4,8.9,6256,10328
,"Felony",,,,,,,,,,
,,"Nonviolent",,80.9,3.3,12.7,14.0,57.9,12.1,11506,14219
,,"Violent",,87.0,2.5,10.5,10.5,62.0,14.5,8327,9568
"Number of prior convictions",,,,,,,,,,,
,"1",,,67.6,2.8,21.0,13.5,53.0,9.7,7078,10463
,"2 to 4",,,77.1,3.1,16.3,12.7,56.4,11.5,10843,14061
,"5 or more",,,85.2,2.3,10.4,12.1,60.2,15.0,8168,9591
"Criminal justice status",,,,,,,,,,,
,"Not under supervision",,,59.3,2.1,24.2,14.2,51.0,8.5,25117,42322
,"Pretrial release",,,67.5,1.8,25.6,6.3,57.8,8.5,1810,2681
,"Probation",,,76.1,4.8,18.4,13.8,53.3,9.6,2696,3541
,"Parole",,,90.6,6.0,7.0,19.5,56.9,10.7,1549,1710
"Court appearance history",,,,,,,,,,,
,"No prior arrests",,,57.6,2.9,21.8,14.3,53.6,7.4,13519,23477
,"Failure to appear",,,,,,,,,,
,,"None",,71.7,3.0,18.5,12.9,54.2,11.4,23892,33329
,,"1",,80.5,1.6,15.5,11.9,57.6,13.4,3600,4470
,,"More than 1",,84.4,1.1,13.4,10.9,63.7,11.0,3615,4283
"Drug abuse",,,,,,,,,,,
,"No known abuse",,,57.0,3.4,25.4,10.3,50.8,10.0,18727,32861
,"Drug history",,,70.3,2.0,24.4,6.3,55.2,12.0,10510,14960
,,,,,,,,,,,
"(SEE PRINTED REPORT FOR FOOTNOTES)",,,,,,,,,,,
