"Bureau of Justice Statistics",,,,,,,,,,
"filename:  fdl9632.csv",,,,,,,,,,
"Table 32.  Length of jail sentence received by convicted defendants, by most serious conviction offense, 1996",,,,,,,,,,
"title: Felony Defendants In Large Urban Counties, 1996, NCJ 176981",,,,,,,,,,
"data source:  1996 State Court Processing Statistics ",,,,,,,,,,
"authors:  Timothy C. Hart and Brian A. Reaves, Ph.D.",,,,,,,,,,
"refer questions to: askbjs@ojp.usdoj.gov (202)307-0765",,,,,,,,,,
"date of version: 8/1/99",,,,,,,,,,
,,,,,,,,,,
"Table 32.  Length of jail sentence received by convicted defendants, by most serious conviction offense, 1996",,,,,,,,,,
,,,,,,,,,,
,"Felony defendants in the 75 largest counties sentenced to jail ",,,,,,,,,
"Most serious  ","Number of ","Number of months",,"Percent  receiving a maximum sentence in months of :    ",,,,,,
"conviction offense ","defendants","Mean  ","Median ","Total ","1 or less   ","2-3","4-6","7-9","10-12","Over 12"
,,,,,,,,,,
"All offenses",10743,5,4,100%,24%,23%,28%,7%,17%,1%
,,,,,,,,,,
"All felonies",8284,6,5,100%,17%,23%,31%,8%,20%,2%
,,,,,,,,,,
"Violent offenses*",1180,7,6,100%,14%,18%,26%,10%,29%,3%
"Robbery",247,9,12,100,3,15,20,5,48,9
"Assault",485,6,6,100,20,18,23,11,25,2
"Other violent",397,7,6,100,12,21,28,12,24,3
,,,,,,,,,,
"Property offenses",2552,6,6,100%,16%,19%,33%,9%,20%,2%
"Burglary",648,7,6,100,8,21,30,15,22,3
"Theft",1053,6,6,100,17,16,36,8,20,2
"Other property",851,5,4,100,21,22,31,6,17,2
,,,,,,,,,,
"Drug offenses",3698,5,4,100%,17%,27%,32%,8%,16%,1%
"Trafficking",1653,6,6,100,14,22,36,9,19,1
"Other drug",2045,5,3,100,20,32,28,6,14,1
,,,,,,,,,,
"Public-order offenses",802,5,4,100%,19%,26%,28%,6%,21%,1%
"Weapons   ",258,5,4,100,19,27,30,8,16,0
"Driving-related",343,6,6,100,18,17,29,4,30,2
"Other public-order",201,4,3,100,21,41,21,6,11,0
,,,,,,,,,,
"Misdemeanors",2459,3,2,100%,47%,23%,18%,3%,9%,"--"
,,,,,,,,,,
"Note:  Data on length of jail sentence were available for 100% of all cases in which a defendant received a jail sentence.  ",,,,,,,,,,
"Sixty-seven percent of sentences to jail included a probation term and 31% included a fine. ",,,,,,,,,,
"Detail may not add to total because of rounding.",,,,,,,,,,
"*Murder and rape have been excluded from the detail because no murder convictions and few rape convictions resulted in a jail sentence.",,,,,,,,,,
"The total for violent offenses, however, does include these cases.",,,,,,,,,,
"--Less than 0.5%.",,,,,,,,,,
