"Bureau of Justice Statistics",,
"filename:  fdl9619.csv",,
"Table 19.  Released felony  defendants charged with  misconduct, by most serious  arrest charge, 1996",,
"title: Felony Defendants In Large Urban Counties, 1996, NCJ 176981",,
"data source:  1996 State Court Processing Statistics ",,
"authors: Timothy C. Hart and Brian A. Reaves, Ph.D.",,
"refer questions to: askbjs@ojp.usdoj.gov (202)307-0765",,
"date of version: 8/1/99",,
,,
"Table 19.  Released felony  defendants charged with  misconduct, by most serious  arrest charge, 1996",,
,,
,"Released felony  defendants in the  75 largest counties ",
"Most serious arrest charge","Number","Percent   charged with misconduct"
,,
"All offenses",32503,31%
,,
"Violent offenses",6936,23%
"Murder",67,18
"Rape",379,12
"Robbery",1443,34
"Assault",3810,21
"Other violent",1237,21
,,
"Property offenses",10069,29%
"Burglary",1947,35
"Theft",4132,32
"Other property",3989,25
,,
"Drug offenses",12642,39%
"Trafficking",5932,40
"Other drug",6710,38
,,
"Public-order offenses",2857,24%
"Weapons",1021,23
"Driving-related",1114,25
"Other public-order",722,21
,,
"Note:  Types of misconduct included failure to appear in court, rearrest for a new offense, or a technical violation of release conditions that resulted in the revocation of pretrial release.  ",,
"Data were collected for up to 1 year.  ",,
