"Bureau of Justice Statistics",
"filename:  fdl96fg16.csv",
"Figure 16.  Trial rates for felony defendants in the 75 largest counties, by most serious arrest charge, 1996",
"title: Felony Defendants In Large Urban Counties, 1996, NCJ 176981",
"data source:  1996 State Court Processing Statistics ",
"authors:  Timothy C. Hart and Brian A. Reaves, Ph.D. ",
"refer questions to: askbjs@ojp.usdoj.gov (202)307-0765",
"date of version: 8/1/99",
,
"Figure 16.  Trial rates for felony defendants in the 75 largest counties, by most serious arrest charge, 1996",
,
"Most serious",
"arrest charge"," Trial rate"
,
"Murder",0.35
"Robbery",0.08
"Rape",0.08
"Assault",0.08
"Burglary",0.07
"Weapons",0.07
"Drug trafficking",0.05
"Theft",0.04
"Driving-related",0.04
