"Bureau of Justice Statistics",,
"filename:  fdl96fg13.csv",,
"Figure 13.  Misconduct prior to case disposition by released felony defendants in the 75 largest counties, 1996",,
"title: Felony Defendants In Large Urban Counties, 1996, NCJ 176981",,
"data source:  1996 State Court Processing Statistics ",,
"authors:  Timothy C. Hart and Brian A. Reaves, Ph.D. ",,
"refer questions to: askbjs@ojp.usdoj.gov (202)307-0765",,
"date of version: 8/1/99",,
,,
"Figure 13.  Misconduct prior to case disposition by released felony defendants in the 75 largest counties, 1996",,
,,
,"Percent of felony defendants ",
"Most serious","Charged with","Rearrested for a "
"arrest charge","any misconduct","new felony"
,,
"Murder",18,6
"Rape",12,3
"Robbery",34,13
"Assault",21,6
"Burglary",35,9
"Theft",32,10
"Drug trafficking",40,15
"Weapons",23,6
"Driving-related",25,10
