"Bureau of Justice Statistics",,,,,,,
"filename:  fdl9622.csv",,,,,,,
"Table 22.  Time from arrest to adjudication for felony defendants, by most serious arrest charge, 1996",,,,,,,
"title: Felony Defendants In Large Urban Counties, 1996, NCJ 176981",,,,,,,
"data source:  1996 State Court Processing Statistics ",,,,,,,
"authors:  Timothy C. Hart and Brian A. Reaves, Ph.D. ",,,,,,,
"refer questions to: askbjs@ojp.usdoj.gov (202)307-0765",,,,,,,
"date of version: 8/1/99",,,,,,,
,,,,,,,
"Table 22.  Time from arrest to adjudication for felony defendants, by most serious arrest charge, 1996",,,,,,,
,,,,,,,
,"Felony defendants in the 75 largest counties           ",,,,,,
,,"Median",,,,,
"Most serious","Number of","number of","Cumulative percent of cases adjudicated within",,,,
"arrest charge","defendants","days","1 week","1 month","3 months","6 months","1 year"
,,,,,,,
"All offenses",53108,"89 days",9%,26%,51%,71%,86%
,,,,,,,
"Violent offenses",13089,"105 days",7%,23%,45%,67%,85%
"Murder",425,"---",3,5,9,22,42
"Rape",784,142,6,14,34,60,81
"Robbery",3788,111,7,22,45,66,85
"Assault",6045,94,7,26,48,71,86
"Other violent",2046,95,6,25,47,71,88
,,,,,,,
"Property offenses",16388,"75 days",10%,28%,56%,76%,88%
"Burglary",4347,70,8,30,59,80,91
"Theft",6588,76,11,28,55,75,87
"Other property",5453,82,10,25,53,76,88
,,,,,,,
"Drug offenses",19504,"90 days",9%,27%,50%,68%,83%
"Trafficking",9845,90,9,26,50,70,85
"Other drug",9660,90,8,27,50,67,81
,,,,,,,
"Public-order offenses",4127,"84 days",8%,26%,52%,75%,89%
"Weapons",1505,98,5,22,49,73,88
"Driving-related ",1480,85,7,24,51,74,90
"Other public-order",1141,69,13,34,57,81,91
,,,,,,,
"Note:  Data on time from arrest to adjudication were available for 98% of all cases.  ",,,,,,,
"The median time from arrest to adjudication includes cases still pending at the end of the study. ",,,,,,,
"Knowing the exact times for these cases would not change the medians reported.",,,,,,,
"--The median time from arrest to adjudication for murder defendants extended beyond the 1-year study period and could not be calculated.",,,,,,,
