"Bureau of Justice Statistics",,,,,,
"filename:  fdl9604.csv",,,,,,
"Table 4.  Race and Hispanic origin of felony defendants,  by most serious arrest charge, 1996",,,,,,
"title: Felony Defendants In Large Urban Counties, 1996, NCJ 176981",,,,,,
"data source:  1996 State Court Processing Statistics ",,,,,,
"authors:  Timothy C. Hart and Brian A. Reaves, Ph.D. ",,,,,,
"refer questions to: askbjs@ojp.usdoj.gov (202)307-0765",,,,,,
"date of version: 8/1/99",,,,,,
,,,,,,
"Table 4.  Race and Hispanic origin of felony defendants,  by most serious arrest charge, 1996",,,,,,
,,,,,,
,,"Percent of felony defendants in the 75 largest counties",,,,
"Most serious","Number of","Total","Black","White","Other","Hispanic"
"arrest charge","defendants",,"non-Hispanic","non-Hispanic","non-Hispanic","any race"
,,,,,,
"All offenses",42654,100%,50%,23%,3%,24%
,,,,,,
"Violent offenses",10702,100%,52%,21%,4%,23%
"Murder",320,100,51,19,2,28
"Rape",598,100,51,19,8,22
"Robbery",3147,100,60,14,3,23
"Assault",4878,100,53,20,3,24
"Other violent",1759,100,39,37,4,20
,,,,,,
"Property offenses",12429,100%,48%,28%,3%,20%
"Burglary",3344,100,45,27,4,24
"Theft",4947,100,49,27,4,19
"Other property",4138,100,49,30,3,18
,,,,,,
"Drug offenses",16250,100%,53%,20%,2%,26%
"Trafficking",8193,100,54,14,2,30
"Other drug",8058,100,51,25,1,22
,,,,,,
"Public-order offenses",3273,100%,38%,30%,2%,30%
"Weapons",1122,100,54,19,1,25
"Driving-related",1197,100,24,42,2,32
"Other public-order",953,100,36,29,3,33
,,,,,,
"Note: Data on both race and Hispanic origin of defendants were available for 79% of all cases. ",,,,,,
"According to the Bureau of the Census data for 1996, ",,,,,,
"the overall percentage of the population of the 75 largest counties was 61% white non-Hispanic, ",,,,,,
"15% black non-Hispanic, 7% other race non-Hispanic, and 17% Hispanics of any race.  ",,,,,,
"Detail may not add to total because of rounding.",,,,,,
