"Bureau of Justice Statistics",,,,,,
"filename:  fdl9621.csv",,,,,,
"Table 21.  Released felony defendants who were rearrested prior to case  disposition, by most serious arrest charge, 1996",,,,,,
"title: Felony Defendants In Large Urban Counties, 1996, NCJ 176981",,,,,,
"data source:  1996 State Court Processing Statistics ",,,,,,
"authors:  Timothy C. Hart and Brian A. Reaves, Ph.D. ",,,,,,
"refer questions to: askbjs@ojp.usdoj.gov (202)307-0765",,,,,,
"date of version: 8/1/99",,,,,,
,,,,,,
"Table 21.  Released felony defendants who were rearrested prior to case  disposition, by most serious arrest charge, 1996",,,,,,
,,,,,,
,,"Percent of released felony defendants in the 75 largest counties ",,,,
"Most serious ","Number of",,"Not ","Rearrested ",,"Misde-"
"arrest charge","defendants","Total","rearrested","Total ","Felony ","meanor"
,,,,,,
"All offenses",31508,100%,84%,16%,10%,6%
,,,,,,
"Violent offenses",6771,100%,87%,13%,7%,6%
"Murder",63,100,94,6,6,0
"Rape",376,100,92,8,3,5
"Robbery",1408,100,78,22,13,9
"Assault",3727,100,89,11,6,5
"Other violent",1196,100,90,10,4,6
,,,,,,
"Property offenses",9850,100%,86%,14%,9%,5%
"Burglary",1895,100,83,17,10,8
"Theft",4071,100,84,16,11,6
"Other property",3885,100,89,11,7,4
,,,,,,
"Drug offenses",12086,100%,80%,20%,13%,7%
"Trafficking",5763,100,77,23,15,8
"Other drug",6323,100,82,18,11,7
,,,,,,
"Public-order offenses",2802,100%,88%,12%,8%,4%
"Weapons",1003,100,88,12,6,6
"Driving-related",1088,100,88,12,10,2
"Other public-order",711,100,88,12,6,6
,,,,,,
"Note:  Rearrest data were available for 97% of released defendants.   Rearrest data  were collected for 1 year.  ",,,,,,
"Rearrests occurring after the end of this 1-year study period  are not included in the table.  ",,,,,,
"Information on rearrests occurring in jurisdictions other than the one granting the pretrial release was not always available.",,,,,,
"Detail maynot add to total because of rounding.",,,,,,
