"Bureau of Justice Statistics",,,
"filename:  fdl96fg6.csv",,,
"Figure 6.  Criminal justice status of felony defendants in the 75 largest counties, 1996",,,
"title: Felony Defendants In Large Urban Counties, 1996, NCJ 176981",,,
"data source:  1996 State Court Processing Statistics ",,,
"authors:  Timothy C. Hart and Brian A. Reaves, Ph.D. ",,,
"refer questions to: askbjs@ojp.usdoj.gov (202)307-0765",,,
"date of version: 8/1/99",,,
,,,
"Figure 6.  Criminal justice status of felony defendants in the 75 largest counties, 1996",,,
,,,
,,,
"Most serious","At time of arrest, percent of defendants on:",,
"arrest charge","Parole","Probation","Pretrial Release"
,,,
"Murder",5,8,17
"Rape",5,13,10
"Robbery",8,16,18
"Assault",3,11,10
"Burglary",7,19,12
"Theft",5,16,14
"Drug trafficking",6,13,19
"Weapons",8,14,12
"Driving-related",3,19,12
