"Bureau of Justice Statistics",,,,,,
"filename:  fdl96apg.csv",,,,,,
"Appendix Table G.   Most severe type of sentence received  by defendants convicted of a felony, by SCPS jurisdiction, 1996",,,,,,
"title: Felony Defendants In Large Urban Counties, 1996, NCJ 176981",,,,,,
"data source:  1996 State Court Processing Statistics ",,,,,,
"authors: Timothy C. Hart and Brian A. Reaves, Ph.D. ",,,,,,
"refer questions to: askbjs@ojp.usdoj.gov (202)307-0765",,,,,,
"date of version: 8/1/99",,,,,,
,,,,,,
"Appendix table G.   Most severe type of sentence received  by defendants convicted of a felony, by SCPS jurisdiction, 1996",,,,,,
,,,,,,
,"Percent of felony defendants",,,,,
,"Incarceration",,,"Nonincarceration",,
"County (State)","Total","Prison","Jail","Total","Probation","Fine"
,,,,,,
"Total",69%,35%,34%,31%,30%,1%
,,,,,,
"Jefferson (AL)",27%,27%,0%,73%,71%,2%
"Maricopa (AZ)",59,26,33,41,40,"--"
"Pima (AZ)",59,47,12,41,41,0
"Alameda (CA)",94,29,65,6,6,0
"Los Angeles (CA)",89,47,42,11,11,"--"
"Orange (CA)",83,34,49,17,17,0
"Sacramento (CA)",88,35,53,12,12,0
"San Bernardino (CA)",91,46,45,9,9,0
,,,,,,
"San Francisco (CA)",65%,9%,55%,35%,34%,1%
"Santa Clara (CA)",93,22,71,7,7,0
"Ventura (CA)",96,38,58,4,4,0
"Broward (FL)",37,18,19,63,62,1
"Dade (FL)",64,9,55,36,34,2
"Hillsborough (FL)",33,16,17,67,66,1
"Orange (FL)",47,15,32,53,53,"--"
"Fulton (GA)",44,24,21,56,56,0
,,,,,,
"Honolulu (HI)",84%,43%,41%,16%,16%,0%
"Cook (IL)",45,43,2,55,55,0
"DuPage (IL)",55,28,27,45,44,1
"Marion (IN)",73,37,36,27,24,3
"Jefferson (KY)",63,56,7,37,37,0
"Baltimore (city) (MD)",75,39,36,25,25,0
"Wayne (MI)",40,28,13,60,60,0
"Jackson (MO)",41,37,4,59,59,0
,,,,,,
"St. Louis (MO)",51%,33%,18%,49%,48%,1%
"Bronx (NY)",72,63,9,28,28,0
"Erie (NY)",80,40,40,20,20,0
"Kings (NY)",85,47,38,15,15,0
"Monroe (NY)",52,28,25,48,48,0
"New York (NY)",79,59,20,21,21,0
"Queens (NY)",69,54,15,31,31,0
"Suffolk (NY)",79,32,47,21,17,4
,,,,,,
"Hamilton (OH)",55%,37%,17%,45%,42%,2%
"Allegheny (PA)",49,16,33,51,51,0
"Philadelphia (PA)",47,19,28,53,53,0
"Shelby (TN)",86,56,30,14,13,2
"Dallas (TX)",53,27,26,47,46,1
"Harris (TX)",84,38,46,16,16,"--"
"King (WA)",92,38,54,8,6,3
"Milwaukee (WI)",75,42,33,25,24,1
,,,,,,
"Note:  Sentences to incarceration may have also included a probation term. ",,,,,,
"Sentences to prison, jail, and probation may have included a fine, restitution, or community service. ",,,,,,
"Fines included restitution or community service in some instances.",,,,,,
"Detail may not add to 100% because of rounding.",,,,,,
"--Less than 0.5%.",,,,,,
