"Bureau of Justice Statistics",,,
"filename:  fdl96fg9.csv",,,
"Figure 9.  Most serious prior conviction of felony defendants in the 75 largest counties, 1996",,,
"title: Felony Defendants In Large Urban Counties, 1996, NCJ 176981",,,
"data source:  1996 State Court Processing Statistics ",,,
"authors:  Timothy C. Hart and Brian A. Reaves, Ph.D. ",,,
"refer questions to: askbjs@ojp.usdoj.gov (202)307-0765",,,
"date of version: 8/1/99",,,
,,,
"Figure 9.  Most serious prior conviction of felony defendants in the 75 largest counties, 1996",,,
,,,
,,,
,"Percent of defendants",,
"Most serious ","Most serious prior conviction charge",,
"arrest charge","Violent felony","Nonviolent felony","Misdemeanor"
,,,
"Murder",29,14,14
"Rape",17,15,17
"Robbery",23,20,17
"Assault",21,16,17
"Burglary",19,32,18
"Theft",16,28,16
"Drug trafficking",17,29,18
"Weapons",25,24,13
"Driving-related",15,28,28
