"Bureau of Justice Statistics",,,,,,,,
"filename:  fdl9610.csv",,,,,,,,
"Table 10.  Number of prior convictions of felony defendants, by most serious current arrest charge, 1996",,,,,,,,
"title: Felony Defendants In Large Urban Counties, 1996, NCJ 176981",,,,,,,,
"data source:  1996 State Court Processing Statistics ",,,,,,,,
"authors: Timothy C. Hart and Brian A. Reaves, Ph.D.",,,,,,,,
"refer questions to: askbjs@ojp.usdoj.gov (202)307-0765",,,,,,,,
"date of version: 9/10/99",,,,,,,,
,,,,,,,,
"Table 10.  Number of prior convictions of felony defendants, by most serious current arrest charge, 1996",,,,,,,,
,,,,,,,,
,,"Percent of felony defendants in the 75 largest counties",,,,,,
,,,,"With prior conviction",,,,
"Most serious","Number of",,"Without prior",,"Number of prior convictions",,,
"current arrest charge","defendants","Total","convictions","Total",1,"2-4","5-9","10 or more"
,,,,,,,,
"All offenses",50008,100%,41%,59%,14%,22%,13%,9%
,,,,,,,,
"Violent offenses",12312,100%,46%,54%,13%,21%,12%,8%
"Murder",382,100,48,52,17,18,7,9
"Rape",704,100,54,46,15,17,9,5
"Robbery",3558,100,42,58,12,22,14,9
"Assault",5737,100,48,52,13,20,12,7
"Other violent",1930,100,44,56,14,20,13,8
,,,,,,,,
"Property offenses",15599,100%,43%,57%,13%,21%,13%,10%
"Burglary",4157,100,32,68,11,26,19,12
"Theft",6266,100,42,58,14,18,14,12
"Other property",5177,100,52,48,14,19,8,6
,,,,,,,,
"Drug offenses",18439,100%,38%,62%,16%,24%,14%,9%
"Trafficking",9320,100,38,62,15,24,12,10
"Other drug",9119,100,37,63,16,24,15,9
,,,,,,,,
"Public-order offenses",3657,100%,38%,62%,15%,24%,15%,9%
"Weapons   ",1390,100,39,61,18,23,12,6
"Driving-related",1178,100,31,69,12,28,18,11
"Other public-order",1090,100,42,58,13,20,14,10
,,,,,,,,
"Note:  Data on number of prior convictions were available for 92% of all cases. Detail may not add to total because of rounding.",,,,,,,,
