"Bureau of Justice Statistics",,,,,,
"filename:  fdl9629.csv",,,,,,
"Table 29.  Time from conviction to sentencing for convicted defendants, by most serious conviction offense, 1996",,,,,,
"title: Felony Defendants In Large Urban Counties, 1996, NCJ 176981",,,,,,
"data source:  1996 State Court Processing Statistics ",,,,,,
"authors:  Timothy C. Hart and Brian A. Reaves, Ph.D.",,,,,,
"refer questions to: askbjs@ojp.usdoj.gov (202)307-0765",,,,,,
"date of version: 8/1/99",,,,,,
,,,,,,
"Table 29.  Time from conviction to sentencing for convicted defendants, by most serious conviction offense, 1996",,,,,,
,,,,,,
,,"Percent of convicted defendants in the 75 largest counties who were sentenced within:",,,,
"Most serious  conviction offense","Number of    defendants","Total","0-1day ","2-30 days","31-60 days","61 days or more"
,,,,,,
"All offenses",30696,100%,66%,16%,12%,7%
,,,,,,
"All felonies",24398,100%,60%,19%,14%,8%
,,,,,,
"Violent offenses",4102,100%,50%,21%,18%,10%
"Murder",70,100,34,34,23,9
"Rape",246,100,47,16,23,14
"Robbery",1320,100,56,21,15,9
"Assault",1475,100,56,20,17,8
"Other violent",991,100,37,26,22,15
,,,,,,
"Property offenses",8018,100%,66%,15%,11%,8%
"Burglary",2097,100,64,18,11,7
"Theft",3157,100,64,15,12,9
"Other property",2764,100,69,13,11,7
,,,,,,
"Drug offenses",9813,100%,59%,21%,13%,7%
"Trafficking",4888,100,52,25,14,9
"Other drug",4925,100,66,17,12,5
,,,,,,
"Public-order offenses",2342,100%,62%,13%,16%,9%
"Weapons   ",983,100,66,17,11,6
"Driving-related",846,100,55,12,22,11
"Other public-order",513,100,67,10,14,10
,,,,,,
"Misdemeanors",6298,100%,88%,4%,5%,3%
,,,,,,
"Note:  Data on time from conviction to sentencing were available for 96% of cases that had reached sentencing.   Total for all felonies includes cases which could not be classified  into one of the 4 major offense categories.  Detail may n",,,,,,
