"Bureau of Justice Statistics",,,,,,,,
"filename:  fdl96apf.csv",,,,,,,,
"Appendix Table F.  Adjudication outcome for felony defendants, by SCPS jurisdiction, 1996",,,,,,,,
"title: Felony Defendants In Large Urban Counties, 1996, NCJ 176981",,,,,,,,
"data source:  1996 State Court Processing Statistics ",,,,,,,,
"authors:  Timothy C. Hart and Brian A. Reaves, Ph.D.",,,,,,,,
"refer questions to: askbjs@ojp.usdoj.gov (202)307-0765",,,,,,,,
"date of version: 8/1/99",,,,,,,,
,,,,,,,,
"Appendix table F.  Adjudication outcome for felony defendants, by SCPS jurisdiction, 1996",,,,,,,,
,,,,,,,,
,"Percent of felony defendants",,,,,,,
,,"Adjudication outcome",,,,,,
,"Adjudicated ","Convicted",,"Misde-","Not convicted",,,
"County (State)","within 1 year","Total","Felony","meanor","Total","Dismissed","Acquitted","Other outcome*"
,,,,,,,,
"Total",86%,70%,55%,15%,30%,29%,1%,"--"
,,,,,,,,
"Jefferson (AL)",49%,62%,47%,15%,38%,38%,0%,0%
"Maricopa (AZ)",86,56,48,8,44,43,"--","--"
"Pima (AZ)",96,46,44,2,54,52,1,0
"Alameda (CA)",81,82,71,12,17,17,0,"--"
"Los Angeles (CA)",95,85,79,6,15,15,"--",1
"Orange (CA)",88,83,75,8,17,16,1,0
"Sacramento (CA)",93,80,58,22,20,19,1,0
"San Bernardino (CA)",91,83,69,15,16,16,1,1
,,,,,,,,
"San Francisco (CA)",74%,80%,57%,22%,19%,19%,0%,1%
"Santa Clara (CA)",86,87,81,6,13,13,0,"--"
"Ventura (CA)",89,88,85,3,12,11,1,0
"Broward (FL)",87,74,71,2,26,26,1,"--"
"Dade (FL)",91,59,52,7,40,30,10,"--"
"Hillsborough (FL)",90,73,64,10,27,26,"--",0
"Orange (FL)",94,73,59,14,27,26,1,"--"
"Fulton (GA)",79,37,32,5,63,63,0,0
,,,,,,,,
"Honolulu (HI)",75%,88%,87%,1%,12%,10%,2%,0%
"Cook (IL)",84,60,58,2,40,36,4,0
"DuPage (IL)",85,94,92,2,6,6,1,0
"Marion (IN)",87,51,40,11,49,47,2,0
"Jefferson (KY)",91,63,25,38,37,37,0,0
"Baltimore (city) (MD)",84,37,27,10,63,60,2,"--"
"Wayne (MI)",88,67,65,2,33,29,4,0
"Jackson (MO)",80,62,57,5,38,38,"--",0
,,,,,,,,
"St. Louis (MO)",95%,86%,78%,8%,14%,14%,1,0%
"Bronx (NY)",81,69,29,40,30,29,"--",1
"Erie (NY)",94,73,28,46,25,25,0,1
"Kings (NY)",93,62,21,41,37,37,0,1
"Monroe (NY)",80,65,38,28,35,34,1,0
"New York (NY)",91,63,35,29,36,36,"--",1
"Queens (NY)",89,65,26,39,34,34,0,1
"Suffolk (NY)",91,98,74,24,2,2,0,0
,,,,,,,,
"Hamilton (OH)",96%,68%,48%,20%,31%,31%,1%,"--   "
"Allegheny (PA)",79,83,66,17,17,17,0,1
"Philadelphia (PA)",72,52,43,9,48,42,6,0
"Shelby (TN)",72,75,42,33,25,25,"--",0
"Dallas (TX)",77,83,74,8,17,17,1,0
"Harris (TX)",77,79,64,16,20,20,"--",1
"King (WA)",97,85,85,0,13,13,1,1
"Milwaukee (WI)",89,87,81,6,13,13,1,0
,,,,,,,,
"Note:  Detail may not add to 100% because of rounding.  ",,,,,,,,
"--Less than 0.5%. ",,,,,,,,
"*Includes diversion and deferred adjudication.",,,,,,,,
