"Bureau of Justice Statistics",,,,,,,,,,,,
"filename:  fdl9627.csv",,,,,,,,,,,,
"Table 27.  Conviction offense of defendants arrested for a nonviolent offense  and subsequently convicted, by most serious arrest charge, 1996",,,,,,,,,,,,
"title: Felony Defendants In Large Urban Counties, 1996, NCJ 176981",,,,,,,,,,,,
"data source:  1996 State Court Processing Statistics ",,,,,,,,,,,,
"authors:  Timothy C. Hart and Brian A. Reaves, Ph.D.",,,,,,,,,,,,
"refer questions to: askbjs@ojp.usdoj.gov (202)307-0765",,,,,,,,,,,,
"date of version: 8/1/99",,,,,,,,,,,,
,,,,,,,,,,,,
"Table 27.  Conviction offense of defendants arrested for a nonviolent offense  and subsequently convicted, by most serious arrest charge, 1996",,,,,,,,,,,,
,,,,,,,,,,,,
,,"Percent of felony defendants in the 75  largest counties convicted of:",,,,,,,,,,
,,,,"Nonviolent felony",,,,,,,,
"Most serious","Number of",,"Total","Total",,,"Drug",,"Driving",,"Violent","Misde-"
"arrest charge","defendants","Total","felony","nonviolent","Burglary","Theft","trafficking","Weapons","related","Other","felony","meanor"
,,,,,,,,,,,,
"Burglary",2969,100%,83%,82%,68%,8%,"--",0,"--",7%,1%,17%
"Theft",4031,100,79,79,1,68,"--","--","--",9,"--",21
"Drug trafficking",6580,100,87,87,0,0,75,1,"--",11,"--",13
"Weapons",960,100,83,82,0,0,0,82,0,0,1,17
"Driving-related",1084,100,77,77,0,0,0,1,75,1,"--",23
,,,,,,,,,,,,
"Note:  Detail may not add to total because of rounding. ",,,,,,,,,,,,
"--Less than 0.5%.",,,,,,,,,,,,
