"Bureau of Justice Statistics",,,,,,,,,
"filename:  fdl9603.csv",,,,,,,,,
"Table 3.  Gender and race of felony defendants, by most serious arrest charge, 1996",,,,,,,,,
"title: Felony Defendants In Large Urban Counties, 1996, NCJ 176981",,,,,,,,,
"data source:  1996 State Court Processing Statistics ",,,,,,,,,
"authors:  Timothy C. Hart and Brian A. Reaves, Ph.D. ",,,,,,,,,
"refer questions to: askbjs@ojp.usdoj.gov (202)307-0765",,,,,,,,,
"date of version: 8/1/99",,,,,,,,,
,,,,,,,,,
"Table 3.  Gender and race of felony defendants, by most serious arrest charge, 1996",,,,,,,,,
,,,,,,,,,
,,"Percent of felony defendants in the 75 largest counties",,,,,,,
"Most serious","Number of ","Gender",,,"Number of","Race",,,
"arrest charge","defendants","Total","Male","Female","defendants","Total","Black","White","Other"
,,,,,,,,,
"All offenses",54296,100%,84%,16%,48728,100%,58%,40%,2%
,,,,,,,,,
"Violent offenses",13427,100%,88%,12%,12116,100%,61%,36%,3%
"Murder",462,100,96,4,379,100,63,35,2
"Rape",788,100,100,0,737,100,56,38,7
"Robbery",3880,100,93,7,3426,100,69,28,3
"Assault",6184,100,82,18,5673,100,61,36,3
"Other violent",2114,100,87,13,1901,100,47,49,4
,,,,,,,,,
"Property offenses",16694,100%,79%,21%,15215,100%,54%,43%,3%
"Burglary",4404,100,91,9,3948,100,52,45,3
"Theft",6696,100,78,22,6140,100,55,42,3
"Other property",5594,100,71,29,5127,100,55,43,2
,,,,,,,,,
"Drug offenses",19969,100%,84%,16%,17624,100%,61%,37%,1%
"Trafficking",10063,100,85,15,8956,100,63,35,2
"Other drug",9906,100,82,18,8668,100,59,40,1
,,,,,,,,,
"Public-order offenses",4205,100%,91%,9%,3773,100%,47%,51%,2%
"Weapons",1524,100,95,5,1375,100,64,35,1
"Driving-related",1484,100,95,5,1294,100,32,66,2
"Other public-order",1197,100,81,19,1103,100,44,54,2
,,,,,,,,,
"Note:  Data on gender of defendants were available for 99.9% of all cases and data on race of defendants  were available for 90% of all cases.  Without consideration of Hispanic origin, Bureau of the Census data for 1996 indicate that the ",,,,,,,,,
