"Bureau of Justice Statistics",,,,,,,,,,
"filename:  fdl9631.csv",,,,,,,,,,
"Table 31.   Length of prison sentence received by defendants convicted of a felony, by most serious conviction offense, 1996",,,,,,,,,,
"title: Felony Defendants In Large Urban Counties, 1996, NCJ 176981",,,,,,,,,,
"data source:  1996 State Court Processing Statistics ",,,,,,,,,,
"authors:  Timothy C. Hart and Brian A. Reaves, Ph.D.",,,,,,,,,,
"refer questions to: askbjs@ojp.usdoj.gov (202)307-0765",,,,,,,,,,
"date of version: 8/1/99",,,,,,,,,,
,,,,,,,,,,
"Table 31.   Length of prison sentence received by defendants convicted of a felony, by most serious conviction offense, 1996",,,,,,,,,,
,,,,,,,,,,
,"Felony defendants in the 75 largest counties convicted of a felony and sentenced to prison ",,,,,,,,,
"Most serious","Number of","Number of months",,"Percent receiving a maximum sentence length in months of:",,,,,,
"felony conviction offense","defendants","Mean","Median","Total","1-24","25-48","49-72","73-120","Over 120* ","Life"
,,,,,,,,,,
"All offenses",8502,58,36,100%,35%,32%,15%,11%,7%,1%
,,,,,,,,,,
"Violent offenses",2051,93,60,100%,18%,27%,19%,18%,16%,2%
"Murder",51,435,360,100,0,0,0,8,69,23
"Rape",131,132,96,100,2,19,18,30,28,3
"Robbery",926,94,60,100,12,26,21,22,18,1
"Assault",581,67,48,100,24,30,18,15,10,2
"Other violent",362,69,44,100,31,34,16,11,9,1
,,,,,,,,,,
"Property offenses",2346,50,36,100%,42%,31%,12%,10%,4%,"--"
"Burglary",902,65,41,100,33,30,12,16,9,"--"
"Theft",988,39,24,100,52,26,14,6,2,0
"Other property",456,41,36,100,38,44,8,7,1,1
,,,,,,,,,,
"Drug offenses",3271,47,36,100%,35%,36%,17%,9%,3%,"--"
"Trafficking",2156,54,42,100,23,40,21,11,4,"--"
"Other drug",1115,33,24,100,59,27,8,4,2,1
,,,,,,,,,,
"Public-order offenses",783,34,24,100%,50%,35%,10%,3%,1%,1%
"Weapons   ",357,37,32,100,42,41,10,2,1,3
"Driving-related",292,30,24,100,60,28,8,4,0,0
"Other public-order",134,33,30,100,49,33,15,3,0,0
,,,,,,,,,,
"Note:  Data on length of prison sentence were available for 99% of all cases.  ",,,,,,,,,,
"Five percent of prison sentences included a probation term and 23% included a fine. ",,,,,,,,,,
"Total for all offenses includes cases that could not be classified into 1 of the 4 major offense categories.  ",,,,,,,,,,
"Detail may not add to total because of rounding. ",,,,,,,,,,
"--Less than 0.5%.",,,,,,,,,,
"*Excludes life sentences.",,,,,,,,,,
