"Bureau of Justice Statistics",,,
"filename:  fdl96hi3.csv",,,
"Highlights Figure 3.  Probability of being convicted and sentenced to incarceration for felony defendants in the 75 largest counties, 1996.",,,
"title: Felony Defendants In Large Urban Counties, 1996, NCJ 176981",,,
"data source:  1996 State Court Processing Statistics ",,,
"authors:  Timothy C. Hart and Brian A. Reaves, Ph.D. ",,,
"refer questions to: askbjs@ojp.usdoj.gov (202)307-0765",,,
"date of version: 8/1/99",,,
,,,
,,,
"Highlights Figure 3.  Probability of being convicted and sentenced to incarceration for felony defendants in the 75 largest counties, 1996.",,,
,,,
"Most serious ",,"Percent of felony defendants in the 75 largest counties sentenced to incarceration",
"arrest charge",,"Prison","Jail"
,,,
"Murder",,0.63,0
"Rape",,0.33,0.15
"Robbery",,0.45,0.18
"Assault",,0.2,0.18
"Burglary",,0.3,0.26
"Theft",,0.22,0.23
"Drug trafficking",,0.34,0.27
"Weapons",,0.26,0.19
"Driving-related",,0.29,0.3
