"Bureau of Justice Statistics",,,,,,,,
"filename:  fdl9635.csv",,,,,,,,
"Table 35.  Most severe type of sentence received by defendants convicted of a felony, by prior conviction record, 1996",,,,,,,,
"title: Felony Defendants In Large Urban Counties, 1996, NCJ 176981",,,,,,,,
"data source:  1996 State Court Processing Statistics ",,,,,,,,
"authors:  Timothy C. Hart and Brian A. Reaves, Ph.D.",,,,,,,,
"refer questions to: askbjs@ojp.usdoj.gov (202)307-0765",,,,,,,,
"date of version: 8/1/99",,,,,,,,
,,,,,,,,
"Table 35.  Most severe type of sentence received by defendants convicted of a felony, by prior conviction record, 1996",,,,,,,,
,,,,,,,,
,,"Percent of defendants in the 75 largest counties convicted of a felony and sentenced to:",,,,,,
"Prior conviction record  ",,,,,,,,
"and most serious  ","Number of",,"Incarceration",,,"Nonincarceration",,
"current felony conviction","defendants","Total","Total","Prison","Jail","Total","Probation","Fine"
,,,,,,,,
"More than 1 prior felony conviction",,,,,,,,
"All offenses",5989,100%,85%,58%,26%,15%,15%,"--"
"Violent offenses",738,100,91,71,20,9,8,1
"Property offenses",2086,100,83,58,25,17,17,"--"
"Drug offenses",2605,100,85,55,30,15,14,"--"
"Public-order offenses",529,100,83,61,22,17,16,1
,,,,,,,,
"1 prior felony conviction",,,,,,,,
"All offenses",4102,100%,76%,45%,31%,24%,23%,1%
"Violent offenses",667,100,84,65,19,16,16,1
"Property offenses",1219,100,74,40,33,26,26,"--"
"Drug offenses",1793,100,75,41,34,25,25,1
"Public-order offenses",408,100,79,44,34,21,21,0
,,,,,,,,
"Prior misdemeanor convictions only",,,,,,,,
"All offenses",4153,100%,72%,23%,49%,28%,28%,"--"
"Violent offenses",731,100,79,40,39,21,21,0
"Property offenses",1307,100,66,17,49,34,34,"--"
"Drug offenses",1705,100,72,19,53,28,27,"--"
"Public-order offenses",382,100,71,22,49,29,29,0
,,,,,,,,
"No prior convictions",,,,,,,,
"All offenses",7949,100%,52%,20%,32%,48%,47%,1%
"Violent offenses",1545,100,72,40,32,28,28,0
"Property offenses",2782,100,39,11,28,61,60,1
"Drug offenses",2947,100,55,19,36,45,44,1
"Public-order offenses",634,100,46,18,28,54,51,3
,,,,,,,,
"Note:  Data on prior conviction record and type of sentence were available for 91% of all cases.   ",,,,,,,,
"Sentences to incarceration may have also included a probation term.  ",,,,,,,,
"Sentences to prison, jail,  or probation may have included a fine, restitution, or community service.",,,,,,,,
"Fines may have included restitution or community service.",,,,,,,,
"Detail may not add to total because of rounding.",,,,,,,,
"--Less than 0.5%.",,,,,,,,
