"Bureau of Justice Statistics",,,,,,,,,,,
"filename:  fdl9609.csv",,,,,,,,,,,
"Table 9.  Number of prior felony arrest charges of felony defendants, by most serious current arrest charge, 1996",,,,,,,,,,,
"title: Felony Defendants In Large Urban Counties, 1996, NCJ 176981",,,,,,,,,,,
"data source:  1996 State Court Processing Statistics ",,,,,,,,,,,
"authors:  Timothy C. Hart and Brian A. Reaves, Ph.D. ",,,,,,,,,,,
"refer questions to: askbjs@ojp.usdoj.gov (202)307-0765",,,,,,,,,,,
"date of version: 9/10/99",,,,,,,,,,,
,,,,,,,,,,,
"Table 9.  Number of prior felony arrest charges of felony defendants, by most serious current arrest charge, 1996",,,,,,,,,,,
,,,,,,,,,,,
,,"Percent of felony defendants in the 75 largest counties",,,,,,,,,
,,,"Without prior felony arrest",,,,"With prior felony arrest",,,,
"Most serious","Number of",,,"Non-felony","No prior",,,"Number of prior felony charges   ",,,
"current arrest charge","defendants","Total","Total","arrests","arrests",,"Total",1,"2-4","5-9","10 or more"
,,,,,,,,,,,
"All offenses",50933,100%,40%,12%,28%,,60%,13%,22%,14%,11%
,,,,,,,,,,,
"Violent offenses",12546,100%,46%,13%,33%,,54%,12%,19%,13%,10%
"Murder",385,100,42,12,29,,58,14,24,10,11
"Rape",723,100,58,14,45,,42,9,19,10,5
"Robbery",3609,100,38,10,28,,62,11,22,17,12
"Assault",5848,100,48,12,36,,52,13,18,12,9
"Other violent",1980,100,49,18,31,,51,13,17,13,8
,,,,,,,,,,,
"Property offenses",15806,100%,42%,12%,30%,,58%,13%,20%,13%,12%
"Burglary",4201,100,32,11,21,,68,13,20,18,17
"Theft",6366,100,40,12,28,,60,13,20,14,13
"Other property",5240,100,52,13,39,,48,12,19,9,7
,,,,,,,,,,,
"Drug offenses",18845,100%,35%,12%,23%,,65%,13%,25%,16%,11%
"Trafficking",9451,100,35,11,24,,65,12,25,17,12
"Other drug",9394,100,35,13,22,,65,15,24,15,10
,,,,,,,,,,,
"Public-order offenses",3736,100%,41%,15%,26%,,59%,13%,24%,12%,9%
"Weapons   ",1397,100,38,11,27,,62,15,23,16,9
"Driving-related",1220,100,41,21,21,,59,15,27,10,7
"Other public-order",1119,100,46,14,32,,54,10,23,8,13
,,,,,,,,,,,
"Note:  Data on prior felony arrests were available for 94% of all cases. Detail may not add to total because of rounding.",,,,,,,,,,,
