Bureau of Justice Statistics,,,
Filename: cpusf01.csv,,,
"Figure 1. Total population under the supervision of adult correctional systems and annual percent change, 1980�2011",,,
"Report title: Correctional Populations in the United States, 2011 NCJ 239972",,,
"Data source: Bureau of Justice Statistics, Annual Probation Survey, Annual Parole Survey, Annual Survey of Jails, Census of Jails, and National Prisoner Statistics Program",,,
"Author: Lauren E. Glaze, Erika Parks",,,
Refer questions to: askbjs@usdoj.gov   202-307-0765,,,
Date of version: 11/29/2012,,,
,,,
"Figure 1. Total population under the supervision of adult correctional systems and annual percent change, 1980�2011",,,
Population (in millions),,,
,Population,Annual percent change,
1980,"1,842,100",:,%
1981,"2,002,600",8.7,
1982,"2,191,700",9.2,
1983,"2,401,400",9.4,
1984,"2,662,500",7.7,
1985,"2,891,800",7.6,
1986,"3,222,000",7.2,
1987,"3,462,900",6.9,
1988,"3,714,800",7.1,
1989,"4,056,200",8.4,
1990,"4,350,300",7.2,
1991,"4,540,100",5.6,
1992,"4,735,600",4.4,
1993,"4,884,100",2.5,
1994,"5,131,000",3.7,
1995,"5,382,300",4.6,
1996,"5,531,300",3.5,
1997,"5,701,200",3.8,
1998,"5,888,200",3.6,
1999,"6,326,700",3.3,
2000,"6,460,000",1.9,
2001,"6,583,500",2.2,
2002,"6,731,100",2.4,
2003,"6,882,100",1.8,
2004,"6,995,900",1.2,
2005,"7,050,900",1.3,
2006,"7,197,500",2.1,
2007,"7,341,300",2.1,
2008,"7,311,600",0.7,
2009,"7,231,400",-0.8,
2010,"7,079,500",-1.2,
2011,"6,977,700",-1.4,
: Not calculated.,,,
Note: Estimates may not be comparable to previously published BJS reports due to updated information.,,,
a/Estimates were rounded to the nearest 100 and include offenders supervised in the community either on probation or parole as of December 31 or in the custody of state or federal prisons as of December 31 or local jails as of June 30. Totals from 1998-2011 were adjusted to account for offenders with multiple correctional statuses. See Methodology for more details.,,,
"b/Based on the sum of the differences in the probation, parole, jail and prison custody populations. Change in the probation and parole populations was based on change within the reporting year (i.e., January 1 to December 31) and change in the  jail and prison custody populations was based on change between the prior year and reporting year (i.e., December 31 of each year). See Methodology for more details. ",,,
c/Annual percent change was adjusted to account for expanded probation coverage. See Methodology for more details.,,,
"d/Two jurisdictions changed their method of reporting probation data in 2008 resulting from changes in scope. The apparent decrease in the total correctional population between the 2007 and 2008 populations was due to these changes in scope and does not reflect an actual decline in the population. See Methodology for a discussion of the method used to calculate annual change in the population. See Methodology in Probation and Parole in the United States, 2010, BJS Web, NCJ 236019, for a description of the modified reporting methods for probation and the adjusted annual change in the national probation population after accounting for modified reporting methods.",,,
"Source: Bureau of Justice Statistics, Annual Probation Survey, Annual Parole Survey, Annual Survey of Jails, Census of Jails, and National Prisoner Statistics Program, 1980-2011.",,,
