Bureau of Justice Statistics,,,,,
Filename: cpusat02.csv,,,,,
"Appendix table 2. Prisoners in custody of correctional authorities in the U.S. territories and commonwealths, 2011",,,,,
"Report title: Correctional Populations in the United States, 2011 NCJ 239972",,,,,
"Data source: Bureau of Justice Statistics, National Prisoner Statistics Program; U.S. Census Bureau International Database",,,,,
"Author: Lauren E. Glaze, Erika Parks",,,,,
Refer questions to: askbjs@usdoj.gov   202-307-0765,,,,,
Date of version: 11/29/2012,,,,,
,,,,,
"Appendix table 2. Prisoners in custody of correctional authorities in the U.S. territories and commonwealths, 2011",,,,,
,,Total number of prisoners,,Sentenced to more than 1 year,
Jurisdiction,,,,Number,"Incarceration rate, 2011/a"
,Total/b,"12,413",,"9,641",243
American Samoa,,167,,117,212
Guam,,632,,240,150
Commonwealth of the Northern Mariana Islands,,162,,91,174
Commonwealth of Puerto Rico,,"11,452",,"9,193",248
U.S. Virgin Islands,,--,,--,:
 -- Not reported.,,,,,
: Not calculated.,,,,,
"a/The number of prisoners with a sentence of more than 1 year per 100,000 persons in the resident population on July 1, 2011. ",,,,,
b/Excludes the U.S. Virgin Islands.,,,,,
"Source: Bureau of Justice Statistics, National Prisoner Statistics Program, 2011. Resident population estimates are based on U.S. Census Bureau International Database estimates.",,,,,
