Bureau of Justice Statistics,,,,,,,
Filename: cpust03.csv,,,,,,,
"Table 3. Adult correctional population, by correctional status, 2011",,,,,,,
"Report title: Correctional Populations in the United States, 2011 NCJ 239972",,,,,,,
"Data source:  Bureau of Justice Statistics, Annual Probation Survey, Annual Parole Survey, Annual Survey of Jails, and National Prisoner Statistics Program",,,,,,,
"Author: Lauren E. Glaze, Erika Parks",,,,,,,
Refer questions to: askbjs@usdoj.gov   202-307-0765,,,,,,,
Date of version: 11/29/2012,,,,,,,
,,,,,,,
"Table 3. Adult correctional population, by correctional status, 2011",,,,,,,
,,,,,"Population change, 2011",,
Correctional populations,,"Population, 12/31/2011",Percent of total,,Number ,Percent of total decline,
,Total/a,"6,977,700",100,%,"-98,900",100,%
Probation/b,,"3,971,319",56.9,%,"-81,796",82.7,%
Parole/b,,"853,852",12.2,,"13,254",-13.4,
Prison/c,,"1,504,150",21.6,,"-17,264",17.5,
Local jail/d,,"735,601",10.5,,"-13,127",13.3,
,Multiple correctional statuse,"87,200",:,,:,:,
Note: Estimates were rounded to the nearest 100. Details may not sum to totals due to rounding.,,,,,,,
:Not calculated.,,,,,,,
a/Equals the sum of each correctional population and excludes the number of offenders with multiple correctional statuses. Change equals the sum of the change for each correctional population. See Methodology. ,,,,,,,
"b/Change equals the difference between the January 1 and December 31, 2011, populations. ",,,,,,,
c/Custody prison population as of December 31. See the text box on page 2 for a discussion of the difference between the custody and jurisdiction prison populations. Change equals the difference between the December 31 custody prison populations for 2010 and 2011.,,,,,,,
d/Population is as of the last weekday in June. Change equals the difference between the populations on the last weekday in June 2010 and 2011.,,,,,,,
"e/Some probationers and parolees on December 31, 2011, were held in a prison or jail but still remained under the jurisdiction of a probation or parole agency and were excluded from the total correctional population to avoid double counting. See table 4 and Methodology.",,,,,,,
"Source: Bureau of Justice Statistics, Annual Probation Survey, Annual Parole Survey, Annual Survey of Jails, and National Prisoner Statistics Program, 2011.",,,,,,,
