Bureau of Justice Statistics,,,,,,
filename:  hivp05t02.csv,,,,,,
"Table 2. Number of confirmed AIDS cases in State and Federal prisons, at yearend 1999-2005",,,,,,
"report title: HIV in Prisons, 2005   NCJ 218915",,,,,,
data source:  National Prisoner Statistics (NPS-1) ,,,,,,
author:  Laura M. Maruschak,,,,,,
refer questions to: askbjs@usdoj.gov (202) 307-0765,,,,,,
date of version: 9/18/07,,,,,,

"Table 2. Number of confirmed AIDS cases in State and Federal prisons, at yearend 1999-2005",,,,,,
,Number of confirmed AIDS cases,,,,,
Yearend,Estimated/a,Reported/b,Comparable/c,,Estimated confirmed AIDS cases as a percent of total HIV/AIDS cases,
1999,"7,039","6,642","5,973",,27.3,%
2000,"6,275","5,676","5,453",,24.8,
2001,"6,240","5,708","5,399",,25.9,
2002,"5,607","4,862","4,788",,23.5,
2003,"5,892","5,175","5,095",,25
2004,"5,969","5,425","5,206",,26
2005,"5,620","5,422","5,011",,25
"Note: For State-level data for 2004 and 2005, see Appendix table 3 at <http://www.ojp.usdoj.gov/bjs/pub/hivp05.pdf>.",,,,,
"a/In States that did not report confirmed AIDS, estimates were made by applying to the total the percentages by type of HIV infection from the most recent year for which data were available. For each year estimates do not include data from States that did not report sufficient data on HIV/AIDS cases.",,,,,
"b/Excludes 6 States in 1999, 9 in 2000, 7 in 2001, 13 in 2002, 14 in 2003, 11 in 2004, and 9 in 2005. ",,,,,
c/The Federal system and 31 States reported data for all 7 years shown in the table.,,,,,
