Bureau of Justice Statistics,,,
filename:  hivp05t07.csv,,,
Table 7. Rate of AIDS-related deaths in State prisons and U.S. general population,,,
"report title: HIV in Prisons, 2005   NCJ 218915",,,
data source:  National Prisoner Statistics (NPS-1) and Deaths in Custody Reporting Program (DCRP),,,
author:  Laura M. Maruschak,,,
refer questions to: askbjs@usdoj.gov (202) 307-0765,,,
date of version: 9/18/07,,,

Table 7. Rate of AIDS-related deaths in State prisons and U.S. general population,,,
,"Rate per 100,000 persons",,
Year,State prisons,U.S. general population age 15-54\a,"Rate of deaths in State prisons by rate in U.S. general population, ages 15-54/b"
1995,100,29,3.5
2001,25,9,2.9
2002,22,9,2.6
2003,21,9,2.4
2004,14,9,1.7
2005,13,8,1.7
a/Excludes deaths reported in State prisons. See Methodology for data sources.,,,
b/Calculations based on unrounded numbers.,,,
