Bureau of Justice Statistics,,,,,,
filename:  hivp05t03.csv,,,,,,
"Table 3. Percent with confirmed AIDS among State and Federal prisoners and the U.S. general population, 1999-2005",,,,,,
"report title: HIV in Prisons, 2005   NCJ 218915",,,,,,
data source:  National Prisoner Statistics (NPS-1) ,,,,,,
author:  Laura M. Maruschak,,,,,,
refer questions to: askbjs@usdoj.gov (202) 307-0765,,,,,,
date of version: 9/18/07,,,,,,

"Table 3. Percent with confirmed AIDS among State and Federal prisoners and the U.S. general population, 1999-2005",,,,,,
,Percent of population estimated to have confirmed AIDS,,,,,
Yearend,State and Federal prisoners,,U.S. general population*,,Percent of AIDS cases in prisons by percent in U.S. general population,
1999,0.58,%,0.12,%,4.8,%
2000,0.51,,0.13,,3.9,
2001,0.5,,0.14,,3.6,
2002,0.45,,0.14,,3.2,
2003,0.47,,0.15,,3.1
2004,0.46,,0.15,,3.1
2005,0.43,,0.16,,2.7
Note: See Methodology for data sources and calculations.,,,,,
*Based on persons age 13 or older in 1999 and age 15 or older thereafter. Excludes confirmed AIDS cases reported in State and Federal prisons.,,,,,
