Bureau of Justice Statistics,,,,,,,,,,,,,,,,,,,
Filename: vit08at06_se.csv,,,,,,,,,,,,,,,,,,,
"Appendix Table 6e. Standard errors for the percentage of identity theft victims who experienced at least one attempted or successful incident of identity theft during the previous two years and contacted an organization about the theft, by type of theft, type of organization, and credit bureau action, 2008",,,,,,,,,,,,,,,,,,,
"Report title: Victims of Identity Theft, 2008 NCJ 231680",,,,,,,,,,,,,,,,,,,
"Data source: National Crime Victimization Survey Supplement, 2008",,,,,,,,,,,,,,,,,,,
"Authors: Lynn Langton, Michael Planty, Ph.D.",,,,,,,,,,,,,,,,,,,
Refer questions to: askbjs@usdoj.gov 202-307-0765,,,,,,,,,,,,,,,,,,,
Date of version: 11/23/10,,,,,,,,,,,,,,,,,,,
,,,,,,,,,,,,,,,,,,,
"Appendix Table 6e. Standard errors for the percentage of identity theft victims who experienced at least one attempted or successful incident of identity theft during the previous two years and contacted an organization about the theft, by type of theft, type of organization, and credit bureau action, 2008",,,,,,,,,,,,,,,,,,,
,,Total identity theft,Existing account,,,,,,,New account,,Personal information ,,Multiple types,,,,,
Organization,,,Total,Credit card,,Banking,,Other,,,,,,Total,,Existing account,,Other,
Credit card company or bank,,0.9,1.1,1.4,,1.8,,4.5,,3.9,,5.2,,2.2,,2.8,,3.5,
Federal Trade Commission (FTC),,0.2,0.2,0.1,^,0.4,^,~,^,1.1,^,2.2,^,0.7,^,~,^,1.8,^
Consumer agency/b,,0.4,0.3,0.3,,0.6,,~,^,2.3,,2.4,^,0.9,,0.9,^,2,
Document issuing agency/c,,0.4,0.3,0.3,,0.6,,2.3,^,1.8,,4.5,,1.5,,1.7,,2.8,
Credit monitoring service,,0.5,0.5,0.8,,0.7,,2.1,^,2.3,,3.6,^,1.5,,1.4,,3.2,
Credit Bureau/d,,0.7,0.7,1,,1,,2.7,^,3.3,,5,,2.2,,2.4,,4.1,
,Place a fraud alert on credit report,2.2,3.2,4.1,,5.9,,19.9,^,4.2,,10.2,,3.9,,6.6,,4.2,
,Request credit report,2.3,3.3,4,,6.1,,~,^,3.3,,8.3,,4.4,,7.2,,5.5,
,Request corrections to credit report,2.8,3.5,4.3,,5.5,,17.6,^,5.4,,12.5,,5.2,,7.2,,6.1,
,Provide a police report to credit bureau,2.4,3.2,3.6,,6.4,,11.6,^,5.3,,9.4,^,5,,6.9,,6.3,
,Place a freeze on credit report,2.5,3.4,4.2,,6.5,,19.9,^,5.3,,12,^,4.9,,7.9,,6.6,
~Not applicable.,,,,,,,,,,,,,,,,,,,
^Based on 10 or fewer sample cases.,,,,,,,,,,,,,,,,,,,
