Bureau of Justice Statistics,,,,,,,,
Filename: vit08f04.csv,,,,,,,,
"Figure 4. Length of time spent clearing up problems associated with identity theft, by type of theft, 2008",,,,,,,,
"Report title: Victims of Identity Theft, 2008 NCJ 231680",,,,,,,,
"Data source: National Crime Victimization Survey Supplement, 2008",,,,,,,,
"Authors: Lynn Langton, Michael Planty, Ph.D.",,,,,,,,
Refer questions to: askbjs@usdoj.gov 202-307-0765,,,,,,,,
Date of version: 11/23/10,,,,,,,,
,,,,,,,,
"Figure 4. Length of time spent clearing up problems associated with identity theft, by type of theft, 2008",,,,,,,,
,Percent of victims,,,,,,,
Time spent resolving problems associated with identity theft,Existing account,,New account,,Personal information ,,Multiple types ,
1 day or less,44,%,39,%,46,%,33,%
2-7 days,17,,14,,5,,18,
8 days to less than 1 month,16,,7,,5,,17,
1 to less than 3 months,12,,12,,9,,16,
3 to less than 6 months,3,,5,,4,,5,
6 months or more,3,,8,,7,,5,
