Bureau of Justice Statistics,,,,,,,,,,,,,,,,,,,,,,,,
Filename: vit08at05.csv,,,,,,,,,,,,,,,,,,,,,,,,
"Appendix Table 5. Length of time victims spent clearing up problems associated with any attempted or successful identity theft incident that occurred during the past 2 years, 2008",,,,,,,,,,,,,,,,,,,,,,,,
"Report title: Victims of Identity Theft, 2008 NCJ 231680",,,,,,,,,,,,,,,,,,,,,,,,
"Data source: National Crime Victimization Survey Supplement, 2008",,,,,,,,,,,,,,,,,,,,,,,,
"Authors: Lynn Langton, Michael Planty, Ph.D.",,,,,,,,,,,,,,,,,,,,,,,,
Refer questions to: askbjs@usdoj.gov 202-307-0765,,,,,,,,,,,,,,,,,,,,,,,,
Date of version: 11/23/10,,,,,,,,,,,,,,,,,,,,,,,,
,,,,,,,,,,,,,,,,,,,,,,,,
"Appendix Table 5. Length of time victims spent clearing up problems associated with any attempted or successful identity theft incident that occurred during the past 2 years, 2008",,,,,,,,,,,,,,,,,,,,,,,,
,,Total identity theft,,Existing account,,,,,,,,,,,,,,Multiple types,,,,,,
Time to resolve,,,,Total,,Credit card,,Banking,,Other,,,New account,,Personal information ,,,Total,,Existing account/a,,,Other/b,
,Total number of victims,11694600,,8339500,,4840600,,3047400,,451500,,,1118600,,414500,,,1822000,,1190900,,,631200,
1 day or less,,42,%,44,%,50,%,35,%,47,%,,39,%,46,%,,33,%,35,%,,29,%
2-7 days,,16,,17,,16,,19,,12,,,14,,5,,^,18,,18,,,18,
8 days to  less than 1 month,,15,,16,,14,,20,,18,,,7,,5,,^,17,,20,,,10,
1 month to less than 3 months,,13,,12,,10,,16,,8,,^,12,,9,,^,16,,15,,,17,
3 months to less than 6 months,,4,,3,,3,,4,,4,,^,5,,4,,^,5,,4,,,8,
6 months or more,,3,,2,,2,,2,,1,,^,8,,7,,^,5,,3,,^,9,
Unknown,,7,,5,,5,,4,,10,,,14,,23,,,7,,5,,,10,
NOTE: Columns may not sum to 100% due to rounding. See standard error table 5 below.,,,,,,,,,,,,,,,,,,,,,,,,
^Based on 10 or fewer sample cases.,,,,,,,,,,,,,,,,,,,,,,,,
"a/Includes victims who experienced some combination of two or more of the following: unauthorized use of a credit card, bank account, or other existing account. ",,,,,,,,,,,,,,,,,,,,,,,,
"b/Includes victims who experienced some combination of two or more of the following: unauthorized use of an existing account, misuse of personal information to open a new account, and misuse of personal information for other fraudulent purposes.",,,,,,,,,,,,,,,,,,,,,,,,
