Bureau of Justice Statistics,,,,,,,,,
Filename: vit08f07.csv,,,,,,,,,
"Figure 7. Percentage of identity theft victims and victims of violent offenses who reported experiencing work or relationship problems as a result of the victimization, 2008 and 2009",,,,,,,,,
"Report title: Victims of Identity Theft, 2008 NCJ 231680",,,,,,,,,
"Data source: National Crime Victimization Survey Supplement, 2008",,,,,,,,,
"Authors: Lynn Langton, Michael Planty, Ph.D.",,,,,,,,,
Refer questions to: askbjs@usdoj.gov 202-307-0765,,,,,,,,,
Date of version: 11/23/10,,,,,,,,,
,,,,,,,,,
"Figure 7. Percentage of identity theft victims and victims of violent offenses who reported experiencing work or relationship problems as a result of the victimization, 2008 and 2009",,,,,,,,,
,,,Percent of victims,,,,,,
,,,Total Identity theft,Credit card,Bank account,New account,Personal information ,Multiple types ,Total violent crime*
Significant work-related problems,,,3,1,2,7,11,4,14
Significant relationship problems,,,6,2,8,7,13,9,19
Note: Victims reported their perceptions of whether the victimization experience led to significant work- or school-related problems and problems with family and friends.,,,,,,,,,
"*Total violent crime includes rape/sexual assault, robbery, aggravated assault, and simple assault.",,,,,,,,,
