Bureau of Justice Statistics,,,,,,,,,,,,,,,,,,,,,,,,,,,,,,
Filename: vit08at07.csv,,,,,,,,,,,,,,,,,,,,,,,,,,,,,,
"Appendix Table 7. Percentage of victims who experienced at least one attempted or successful identity theft incident during the past 2 years and reported the incident to a law enforcement agency, by type of identity theft and reasons for not reporting, 2008",,,,,,,,,,,,,,,,,,,,,,,,,,,,,,
"Report title: Victims of Identity Theft, 2008 NCJ 231680",,,,,,,,,,,,,,,,,,,,,,,,,,,,,,
"Data source: National Crime Victimization Survey Supplement, 2008",,,,,,,,,,,,,,,,,,,,,,,,,,,,,,
"Authors: Lynn Langton, Michael Planty, Ph.D.",,,,,,,,,,,,,,,,,,,,,,,,,,,,,,
Refer questions to: askbjs@usdoj.gov 202-307-0765,,,,,,,,,,,,,,,,,,,,,,,,,,,,,,
Date of version: 11/23/10,,,,,,,,,,,,,,,,,,,,,,,,,,,,,,
,,,,,,,,,,,,,,,,,,,,,,,,,,,,,,
"Appendix Table 7. Percentage of victims who experienced at least one attempted or successful identity theft incident during the past 2 years and reported the incident to a law enforcement agency, by type of identity theft and reasons for not reporting, 2008",,,,,,,,,,,,,,,,,,,,,,,,,,,,,,
,,,Total identity theft,,Existing account,,,,,,,,,,,,,,,,,,Multiple types,,,,,,,
Victim response,,,Total identity theft,,Total,,,Credit card,,,Banking,,,Other,,,New account,,,Personal information ,,,Total,,,Existing account/a,,,Other/b,
,Total number of victims,,11694600,,8339500,,,4840600,,,3047400,,,451500,,,1118600,,,414500,,,1822000,,,1190900,,,631200,
Victimization reported to law enforcement,,,17,%,13,%,,9,%,,19,%,,9,%,,28,%,,26,%,,26,%,,23,%,,33,%
Victimization not reported,,,80,,85,,,88,,,80,,,82,,,67,,,60,,,72,,,75,,,65,
,Reasons for not reporting/c,,,,,,,,,,,,,,,,,,,,,,,,,,,,,
,,Did not know to report/d,15,,15,,,15,,,14,,,16,,,21,,,18,,,14,,,12,,,20,
,,No monetary loss,22,,24,,,27,,,20,,,22,,,15,,,18,,^,17,,,22,,,6,
,,Handled it another way/e,48,,51,,,53,,,49,,,43,,,35,,,28,,,42,,,47,,,32,
,,Did not think the police could help/f,19,,17,,,15,,,18,,,24,,,24,,,34,,,23,,,21,,,29,
,,Offender was a family member or friend,1,,--,,^,--,,^,--,,^,1,,^,1,,^,1,,^,1,,^,1,,^,1,
,,Personal reasons/g,7,,5,,,5,,,11,,,4,,^,7,,,5,,^,6,,,6,,,5,
NOTE: Percentage of victims reporting and not reporting to police do not sum to 100% because approximately 3% of victims did not provide responses. See standar error table 7 below.,,,,,,,,,,,,,,,,,,,,,,,,,,,,,,
--Less than 0.05%.,,,,,,,,,,,,,,,,,,,,,,,,,,,,,,
^Based on 10 or fewer sample cases.,,,,,,,,,,,,,,,,,,,,,,,,,,,,,,
"a/Includes victims who experienced some combination of two or more of the following: unauthorized use of a credit card, banking account, or other existing account. ",,,,,,,,,,,,,,,,,,,,,,,,,,,,,,
"b/Includes victims who experienced two or more of the following: unauthorized use of an existing account, misuse of personal information to open a new account, and misuse of personal information for other fraudulent purposes.",,,,,,,,,,,,,,,,,,,,,,,,,,,,,,
c/Percentages computed from the number of victims who did not report the identity theft to a law enforcement agency. Percentages do not sum to 100% because some victims gave multiple reasons for not reporting.,,,,,,,,,,,,,,,,,,,,,,,,,,,,,,
d/Includes victims who did not know they could report to the police and victims who did not know which agency was responsible for identity theft crimes.,,,,,,,,,,,,,,,,,,,,,,,,,,,,,,
"e/Includes victims who reported the theft to a credit card company, bank, or other organization instead and victims who took care of the theft independently.",,,,,,,,,,,,,,,,,,,,,,,,,,,,,,
"f/Includes victims who did not think the police would do anything, did not want to bother the police, thought they discovered the crime too late for the police to help, and could not identify the offender or provide information to assist the police.",,,,,,,,,,,,,,,,,,,,,,,,,,,,,,
"g/Includes victims who were afraid to report, too embarrassed to report, or thought reporting would be an inconvenience.",,,,,,,,,,,,,,,,,,,,,,,,,,,,,,
