Bureau of Justice Statistics,,,,,,,,,,,,,,,,,,,,
Filename: vit08at07_se.csv,,,,,,,,,,,,,,,,,,,,
"Appendix Table 7e. Standard errors for the percent of victims who experienced at least one attempted or successful identity theft incident during the previous two years and reported the incident to a law enforcement agency, by type of identity theft and reasons for not reporting, 2008",,,,,,,,,,,,,,,,,,,,
"Report title: Victims of Identity Theft, 2008 NCJ 231680",,,,,,,,,,,,,,,,,,,,
"Data source: National Crime Victimization Survey Supplement, 2008",,,,,,,,,,,,,,,,,,,,
"Authors: Lynn Langton, Michael Planty, Ph.D.",,,,,,,,,,,,,,,,,,,,
Refer questions to: askbjs@usdoj.gov 202-307-0765,,,,,,,,,,,,,,,,,,,,
Date of version: 11/23/10,,,,,,,,,,,,,,,,,,,,
,,,,,,,,,,,,,,,,,,,,
"Appendix Table 7e. Standard errors for the percent of victims who experienced at least one attempted or successful identity theft incident during the previous two years and reported the incident to a law enforcement agency, by type of identity theft and reasons for not reporting, 2008",,,,,,,,,,,,,,,,,,,,
,,,,Existing account,,,,,,,,,,,,Multiple types,,,,
Victim response,,,Total identity theft,Total,,Credit card,,Banking,,Other,,New account,,Personal information ,,Total,,Existing account,,Other
Victimization reported to law enforcement,,,0.8,0.8,,0.9,,1.6,,2.8,,3,,5.5,,2.2,,2.7,,3.8
Victimization not reported,,,0.9,0.9,,1.1,,1.6,,4,,3.2,,5.7,,2.1,,2.7,,3.9
,Reasons for not reporting,,,,,,,,,,,,,,,,,,,
,,Did not know to report,0.9,1,,1.4,,1.5,,4.1,,3.1,,4.9,,1.8,,2.2,,3.9
,,No monetary loss,1,1.1,,1.4,,1.7,,4.5,,2.6,,5.3,^,2.4,,3.2,,2.8
,,Handled it another way,1.3,1.3,,1.6,,2.6,,5,,4.1,,6,,3.2,,3.6,,5.6
,,Did not think the police could help,1,1.1,,1.4,,1.7,,4.3,,3.3,,7.5,,2.4,,2.8,,4.8
,,Offender was a family member or friend,0.2,0.1,^,~,^,~,^,0.9,^,0.7,^,1.2,^,0.5,^,0.6,^,0.7
,,Personal reasons,0.6,0.7,,0.6,,1.5,,2.1,^,1.9,,2.6,^,1.3,,1.6,,2.5
~Not applicable.,,,,,,,,,,,,,,,,,,,,
^Based on 10 or fewer sample cases.,,,,,,,,,,,,,,,,,,,,
