Bureau of Justice Statistics,,,,,,,,,,,,,,,,,,,,,,,,,,,,,,
Filename: vit08at06.csv,,,,,,,,,,,,,,,,,,,,,,,,,,,,,,
"Appendix Table 6. Percentage of identity theft victims who experienced at least one attempted or successful incident of identity theft during the past 2 years and contacted an organization about the theft, by type of theft, type of organization, and credit bureau action, 2008",,,,,,,,,,,,,,,,,,,,,,,,,,,,,,
"Report title: Victims of Identity Theft, 2008 NCJ 231680",,,,,,,,,,,,,,,,,,,,,,,,,,,,,,
"Data source: National Crime Victimization Survey Supplement, 2008",,,,,,,,,,,,,,,,,,,,,,,,,,,,,,
"Authors: Lynn Langton, Michael Planty, Ph.D.",,,,,,,,,,,,,,,,,,,,,,,,,,,,,,
Refer questions to: askbjs@usdoj.gov 202-307-0765,,,,,,,,,,,,,,,,,,,,,,,,,,,,,,
Date of version: 11/23/10,,,,,,,,,,,,,,,,,,,,,,,,,,,,,,
,,,,,,,,,,,,,,,,,,,,,,,,,,,,,,
"Appendix Table 6. Percentage of identity theft victims who experienced at least one attempted or successful incident of identity theft during the past 2 years and contacted an organization about the theft, by type of theft, type of organization, and credit bureau action, 2008",,,,,,,,,,,,,,,,,,,,,,,,,,,,,,
,,,,,Existing account,,,,,,,,,,,,,,,,,Multiple types,,,,,,,,
Organization,,,Total identity theft,,Total,,Credit card,,,Banking,,,Other,,,New account,,,Personal information ,,,Total,,,Existing account/a,,,Other/b,,
,,Total number of victims,11694600,,8339500,,4840600,,,3047400,,,451500,,,1118600,,,414500,,,1822000,,,1190900,,,631200,,
Credit card company or bank,,,68,%,68,%,64,%,,77,%,,67,%,,53,%,,38,%,,78,%,,77,%,,78,%,
Federal Trade Commission (FTC),,,1,,1,,--,,^,1,,^,--,,^,3,,^,5,,^,2,,^,--,,^,5,,^
Consumer agency/c,,,3,,1,,1,,,2,,,--,,^,10,,,6,,^,4,,,2,,^,7,,
Document issuing agency/d,,,4,,2,,2,,,3,,,4,,^,9,,,13,,,10,,,8,,,12,,
Credit monitoring service,,,7,,5,,6,,,4,,,5,,^,14,,,11,,^,9,,,6,,,16,,
Credit Bureau/e,,,15,,10,,10,,,9,,,7,,^,39,,,22,,,24,,,17,,,37,,
,Placed a fraud alert on credit report,,76,,72,,70,,,77,,,49,,^,78,,,72,,,83,,,75,,,89,,
,Requested credit report,,72,,63,,60,,,66,,,100,,^,84,,,81,,,72,,,58,,,85,,
,Requested corrections to credit report,,50,,35,,31,,,38,,,66,,^,71,,,57,,,57,,,41,,,72,,
,Provided a police report to credit bureau,,30,,39,,21,,,34,,,12,,^,29,,,38,,^,34,,,30,,,38,,
,Placed a freeze on credit report,,45,,25,,36,,,45,,,49,,^,44,,,39,,^,57,,,54,,,59,,
NOTE: See standard error table 6 below.,,,,,,,,,,,,,,,,,,,,,,,,,,,,,,
--Less than 0.5%.,,,,,,,,,,,,,,,,,,,,,,,,,,,,,,
^Based on 10 or fewer sample cases.,,,,,,,,,,,,,,,,,,,,,,,,,,,,,,
"a/Includes victims who experienced some combination of two or more of the following: unauthorized use of a credit card, banking account, or other existing account. ",,,,,,,,,,,,,,,,,,,,,,,,,,,,,,
"b/Includes victims who experienced some combination of two or more of the following: unauthorized use of an existing account, misuse of personal information to open a new account, misuse of personal information for other fraudulent purposes.",,,,,,,,,,,,,,,,,,,,,,,,,,,,,,
c/Includes government consumer affairs agencies and agencies such as the Better Business Bureau.,,,,,,,,,,,,,,,,,,,,,,,,,,,,,,
d/Includes agencies that issue drivers' licenses or Social Security cards.,,,,,,,,,,,,,,,,,,,,,,,,,,,,,,
e/Percentage of victims who took actions with a credit bureau based on the number of victims who contacted a credit bureau. Percentages will not sum to 100% due to respondents taking multiple actions with the credit bureau and unknown responses.,,,,,,,,,,,,,,,,,,,,,,,,,,,,,,
