"Bureau of Justice Statistics",,,,,,,,,,,,,
"Filename:  cf995__02.csv",,,,,,,,,,,,,
"Table 5.2.  Type and length of sentences imposed, by offense, October 1, 1998 - September 30, 1999",,,,,,,,,,,,,
"Report title:  Compendium of Federal Justice Statistics, 1999   NCJ  186179",,,,,,,,,,,,,
"Data source:  Federal justice statistics database maintained by The Urban Institute",,,,,,,,,,,,,
"Author:  Urban Institute under the supervision of John Scalia",,,,,,,,,,,,,
"Refer  questions to:  askbjs@ojp.usdoj.gov  202-307-0765",,,,,,,,,,,,,
"Date of version:  4/02/01",,,,,,,,,,,,,
,,,,,,,,,,,,,
,,,,,,,,,,,,,
"Table 5.2.  Type and length of sentences imposed, by offense, October 1, 1998 - September 30, 1999",,,,,,,,,,,,,
,,,,,,,,,,,,,
,,,,"Offenders convicted and sentenced in cases that terminated during fiscal year 1999",,,,,,,,,
,,,,,,,,,"Sentence length",,,,
,,,,,"Number",,,,"Incarceration/c",,,"Probation/c",
"Most serious offense of conviction",,,,"Total","Incarceration/a","Probation/b","Fine (only)",,"Mean"," Median",,"Mean"," Median"
,,," All offenses",66055,47659,12977,3148,,57.8,33.0,,33.9,36.0
"Felonies",,,,55864,46070,7965,275,,59.4,36.0,,40.4,36.0
,"Violent offenses",,,2715,2489,208,3,,87.7,60.0,,40.1,36.0
,,"Murder/d",,296,263,26,1,,87.1,51.0,,37.3,36.0
,,"Assault",,304,227,68,0,,39.8,30.0,,34.6,36.0
,,"Robbery",,1656,1599,62,1,,95.5,70.0,,41.5,36.0
,,"Sexual abuse/d",,299,255,44,0,,73.3,42.0,,45.8,60.0
,,"Kidnaping",,138,127,4,1,,114.1,70.0,,"--","--"
,,"Threats against the President",,22,18,4,0,,33.3,31.5,,"--","--"
,"Property offenses",,,12232,7204,4317,141,,24.0,15.0,,40.8,36.0
,,"Fraudulent",,10203,6067,3469,130,,22.3,14.0,,40.6,36.0
,,,"Embezzlement",903,469,290,19,,14.2,8.0,,38.7,36.0
,,,"Fraud/d",7920,4789,2645,107,,23.5,15.0,,41.3,36.0
,,,"Forgery",128,53,71,0,,20.5,12.0,,40.9,36.0
,,,"Counterfeiting",1252,756,463,4,,19.9,13.0,,37.9,36.0
,,"Other",,2029,1137,848,11,,33.1,18.0,,41.7,36.0
,,,"Burglary",76,50,26,0,,31.3,24.0,,44.0,37.5
,,,"Larceny/d",1339,641,671,7,,27.1,13.0,,41.6,36.0
,,,"Motor vehicle theft",139,97,36,0,,27.2,18.0,,46.7,48.0
,,,"Arson and explosives",168,138,24,1,,70.3,57.0,,36.5,36.0
,,,"Transportation of stolen property",269,194,70,3,,31.9,21.0,,44.2,36.0
,,,"Other property offenses/d",38,17,21,0,,14.3,10.0,,33.0,24.0
,"Drug offenses",,,23476,21694,1271,45,,75.4,51.0,,43.4,36.0
,,"Trafficking",,21698,20117,1108,32,,74.8,48.0,,44.5,36.0
,,"Possession and other drug offenses",,1778,1577,163,13,,83.4,60.0,,36.1,36.0
,"Public-order offenses",,,17441,14683,2169,86,,48.7,30.0,,37.9,36.0
,,"Regulatory",,1410,627,671,45,,26.1,15.0,,36.1,36.0
,,,"Agriculture",56,19,36,1,,19.5,12.0,,36.5,25.0
,,,"Antitrust",45,9,21,14,,"--","--",,27.4,24.0
,,,"Food and drug",42,10,25,6,,"--","--",,34.5,36.0
,,,"Transportation",73,31,39,3,,20.9,12.0,,38.5,36.0
,,,"Civil rights",75,58,18,0,,59.2,31.0,,38.2,36.0
,,,"Communications",26,7,17,2,,"--","--",,39.5,36.0
,,,"Custom laws",102,47,46,5,,18.7,10.0,,31.5,36.0
,,,"Postal laws",33,3,30,0,,"--","--",,36.6,36.0
,,,"Other regulatory offenses",958,443,439,14,,23.4,15.0,,36.6,36.0
,,"Other",,16031,14056,1498,41,,49.7,30.0,,38.6,36.0
,,,"Weapons",3423,3191,275,2,,98.7,60.0,,38.0,36.0
,,,"Immigration offenses",9357,8427,438,17,,30.7,27.0,,39.2,36.0
,,,"Tax law violations/d",653,344,315,3,,21.0,12.0,,37.1,36.0
,,,"Bribery",165,89,77,2,,18.8,15.0,,38.2,36.0
,,,"Perjury, contempt, and intimidation",274,178,84,7,,43.7,21.0,,32.1,36.0
,,,"National defense",44,24,15,4,,71.0,29.0,,34.4,36.0
,,,"Escape",496,451,39,0,,22.6,15.0,,33.1,36.0
,,,"Racketeering and extortion",1127,950,156,3,,87.9,57.0,,42.0,36.0
,,,"Gambling",24,11,13,0,,39.9,34.0,,36.9,36.0
,,,"Nonviolent sex offenses",399,351,60,0,,41.6,30.0,,45.3,36.0
,,,"Obscene material/d",10,7,3,0,,"--","--",,"--","--"
,,,"Traffic offenses",22,19,2,1,,12.7,12.0,,"--","--"
,,,"Migratory birds",2,1,0,1,,"--","--",,"...","..."
,,,"All other felonies/d",35,13,21,1,,17.1,13.0,,49.9,60.0
"Misdemeanors/d",,,,10118,1556,4973,2873,,10.7,4.0,,23.3,18.0
,"Fraudulent property offense",,,1492,321,1000,54,,4.6,1.0,,30.2,36.0
,"Larceny",,,1224,161,895,167,,10.0,6.0,,22.3,12.0
,"Drug possession/d",,,1078,262,674,59,,19.7,6.0,,22.2,18.0
,"Immigration",,,1011,376,123,52,,9.3,4.0,,26.8,24.0
,"Traffic offenses",,,3543,184,1150,2207,,10.6,3.0,,14.3,12.0
,"Other misdemeanors",,,1770,252,1131,334,,11.8,6.0,,27.7,24.0
"Unknown or indeterminable offense",,,,73,33,39,0,,61.4,36.0,,37.5,36.0
,,,,,,,,,,,,,
"--Too few cases to obtain statistically reliable data.",,,,,,,,,,,,,
"...No case of this type occurred in the data.",,,,,,,,,,,,,
"(SEE PRINTED REPORT FOR FOOTNOTES.)",,,,,,,,,,,,,
