Bureau of Justice Statistics,,,,,,,,,,,
Filename: cv09t03.csv,,,,,,,,,,,
"Table 3. National crime victimization rates and percent change in rates, by type of crime, 2007-2009",,,,,,,,,,,
"Report title:  Criminal Victimization, 2009 NCJ 231327",,,,,,,,,,,
Data source: National Crime Victimization Survey,,,,,,,,,,,
"Author: Jennifer L. Truman, Ph.D. and Michael R. Rand, BJS Statisticians",,,,,,,,,,,
Refer questions to: askbjs@usdoj.gov or (202) 307-0765,,,,,,,,,,,
Date of version: 10/07/10,,,,,,,,,,,
,,,,,,,,,,,
"Table 3. National crime victimization rates and percent change in rates, by type of crime, 2007-2009",,,,,,,,,,,
,,,,,,,,,,,
,"Rates per 1,000 persons or households",,Percent change/a,,,,,,,,
Type of crime,,,2007,2008,2009,2007-2008,,2007-2009,,2008-2009,
Violent crime/b,,,20.7,19.3,17.1,-6.9,%,-17.3,%*,-11.2,%*
,Rape/sexual assault/c,,1.0,0.8,0.5,-18.5,,-50.0,*,-38.7,**
,Robbery,,2.4,2.2,2.1,-8.3,,-12.0,,-4.0,
,Assault,,17.3,16.3,14.5,-6.0,,-16.2,*,-10.8,*
,,Aggravated ,3.4,3.3,3.2,-2.9,,-5.6,,-2.7,
,,Simple ,13.9,12.9,11.3,-6.8,,-18.8,*,-12.9,*
Personal theft/d,,,0.8,0.5,0.5,-30.1,%*,-32.4,%*,-3.3,%
Property crime,,,146.5,134.7,127.4,-8.1,%*,-13.1,%*,-5.5,%*
,Burglary,,26.9,26.3,25.6,-2.2,,-4.7,,-2.6,
,Motor vehicle theft,,8.2,6.6,6.0,-19.9,*,-26.6,*,-8.4,
,Theft,,111.4,101.8,95.7,-8.6,*,-14.1,*,-6.0,*
Population,,,,,,,,,,,
,Persons age 12 or older,"250,344,870","252,242,520","254,105,610",,,,,,,
,Households headed by persons age 12 or older,"119,503,530","121,141,060","122,327,660",,,,,,,
Note: See appendix table 3 for standard errors.,,,,,,,,,,,
*Difference is significant at the 95%-confidence level.,,,,,,,,,,,
**Difference is significant at the 90%-confidence level.,,,,,,,,,,,
a/Percent change calculated based on unrounded estimates.,,,,,,,,,,,
b/Excludes murder because the NCVS is based on interviews with victims and therefore cannot measure murder.,,,,,,,,,,,
c/See Methodology for discussion on changes in the rate of rape/sexual assault.,,,,,,,,,,,
"d/Includes pocket picking, completed purse snatching, and attempted purse snatching.",,,,,,,,,,,
