Bureau of Justice Statistics,,,,,,
Filename: cv09t02.csv,,,,,,
"Table 2. Rates of criminal victimization and percent change, by type of crime, 2000 and 2009",,,,,,
"Report title:  Criminal Victimization, 2009 NCJ 231327",,,,,,
Data source: National Crime Victimization Survey,,,,,,
"Author: Jennifer L. Truman, Ph.D. and Michael R. Rand, BJS Statisticians",,,,,,
Refer questions to: askbjs@usdoj.gov or (202) 307-0765,,,,,,
Date of version: 10/07/10,,,,,,
,,,,,,
"Table 2. Rates of criminal victimization and percent change, by type of crime, 2000 and 2009",,,,,,
,,,,,,
,,,Victimization rates/a ,,,
Type of crime,,,2000,2009,Percent change 2000-2009/b,
Violent crime/c,,,27.9,17.1,-38.7,%*
,Rape/sexual assault,,1.2,0.5,-56.9,*
,Robbery,,3.2,2.1,-34.9,*
,Assault,,23.5,14.5,-38.3,*
,,Aggravated ,5.7,3.2,-43.1,*
,,Simple ,17.8,11.3,-36.8,*
Personal theft/d,,,1.2,0.5,-56.6,%*
Property crime,,,178.1,127.4,-28.5,%*
,Household burglary,,31.8,25.6,-19.4,*
,Motor vehicle theft,,8.6,6.0,-30.5,*
,Theft,,137.7,95.7,-30.5,*
"Note: The total population age 12 or older was 226,804,610 in 2000 and 254,105,610 in 2009. The total number of households in 2000 was 108,352,960 and 122,327,660 in 2009. See appendix table 2 for standard errors.",,,,,,
*Difference is significant at the 95%-confidence level.,,,,,,
"a/Victimization rates are per 1,000 persons age 12 or older for violent crime or per 1,000 households for property crime.",,,,,,
b/Differences between the annual rates shown do not take into account changes that may have occurred during interim years. Percent change calculated on unrounded estimates. ,,,,,,
c/Excludes murder because the NCVS is based on interviews with victims and therefore cannot measure murder.,,,,,,
"d/Includes pocket picking, completed purse snatching, and attempted purse snatching.",,,,,,
