Bureau of Justice Statistics,,,,
Filename: cv09at02.csv,,,,
"Appendix Table 2. Standard errors for rates of criminal victimization and percent change, by type of crime, 2000 and 2009",,,,
"Report title:  Criminal Victimization, 2009 NCJ 231327",,,,
Data source: National Crime Victimization Survey,,,,
"Author: Jennifer L. Truman, Ph.D. and Michael R. Rand, BJS Statisticians",,,,
Refer questions to: askbjs@usdoj.gov or (202) 307-0765,,,,
Date of version: 10/07/10,,,,
,,,,
"Appendix Table 2. Standard errors for rates of criminal victimization and percent change, by type of crime, 2000 and 2009",,,,
,,,Standard error of the victimization rates ,
Type of crime,,,2000,2009
Violent crimes/a,,,1.05,0.75
,Rape/sexual assault,,0.14,0.1
,Robbery,,0.26,0.21
,Assault,,0.94,0.68
,,Aggravated ,0.38,0.27
,,Simple ,0.78,0.58
Personal theft/b,,,0.14,0.1
Property crimes,,,3.66,2.82
,Household burglary,,1.24,1.07
,Motor vehicle theft,,0.51,0.44
,Theft,,3.16,2.39
Note: Standard errors were calculated using NCVS general variance parameters developed by the U.S. Census Bureau. These standard errors are for estimates in table 2.,,,,
a/Excludes murder because the NCVS is based on interviews with victims and therefore cannot measure murder.,,,,
"b/Includes pocket picking, completed purse snatching, and attempted purse snatching.",,,,
