Bureau of Justice Statistics,,,,,,,,,,,
Filename: cv09at04.csv,,,,,,,,,,,
"Appendix Table 4. Standard errors for rates of violent crime, by gender, race, Hispanic origin, and age of victim, 2009",,,,,,,,,,,
"Report title:  Criminal Victimization, 2009 NCJ 231327",,,,,,,,,,,
Data source: National Crime Victimization Survey,,,,,,,,,,,
"Author: Jennifer L. Truman, Ph.D. and Michael R. Rand, BJS Statisticians",,,,,,,,,,,
Refer questions to: askbjs@usdoj.gov or (202) 307-0765,,,,,,,,,,,
Date of version: 10/07/10,,,,,,,,,,,
,,,,,,,,,,,
"Appendix Table 4. Standard errors for rates of violent crime, by gender, race, Hispanic origin, and age of victim, 2009",,,,,,,,,,,
,,,Standard error of the rates of violent victimizations,,,,,,,,
Demographic characteristic of victim,,All,Rape/sexual assault,,Robbery,,All assault,Aggravated assault,,Simple assault,
Gender,,,,,,,,,,,
,Male,1.10,0.08,^,0.35,,1.00,0.46,,0.82,
,Female,0.99,0.17,,0.25,,0.90,0.31,,0.80,
Race,,,,,,,,,,,
,White,0.84,0.10,,0.21,,0.77,0.28,,0.67,
,Black,2.33,0.41,,0.95,,1.96,1.06,,1.53,
,Other race*,1.84,--,^,0.38,^,1.79,0.76,^,1.58,
,Two or more races,8.29,--,^,2.77,^,7.73,3.75,^,6.63,
Hispanic origin,,,,,,,,,,,
,Hispanic,1.76,0.24,^,0.68,,1.53,0.66,,1.32,
,Non-Hispanic,0.86,0.11,,0.23,,0.78,0.31,,0.67,
Age,,,,,,,,,,,
, 12-15,3.61,0.48,^,0.92,,3.38,1.42,,2.96,
, 16-19,3.16,0.37,^,1.18,,2.81,1.20,,2.45,
, 20-24,2.81,0.40,^,0.88,,2.56,1.34,,2.07,
, 25-34,1.84,0.29,^,0.57,,1.65,0.75,,1.39,
, 35-49,1.30,0.16,^,0.39,,1.18,0.45,,1.04,
, 50-64,1.07,0.15,^,0.30,,0.99,0.40,,0.87,
, 65 or older,0.64,0.14,^,0.21,^,0.56,0.18,^,0.52,
"Note: Violent crimes measured by the National Crime Victimization Survey include rape, sexual assault, robbery, aggravated assault, and simple assault.  Because the NCVS interviews persons about their victimizations, murder and manslaughter cannot be included.  Standard errors were calculated using NCVS general variance parameters developed by the U.S. Census Bureau. These standard errors are for estimates in table 5.",,,,,,,,,,,
^Based upon 10 or fewer sample cases.,,,,,,,,,,,
"*Includes includes American Indians, Alaska Natives, Asians, Native Hawaiians, and other Pacific Islanders.",,,,,,,,,,,
"--Rates round to less than 0.05 violent victimizations per 1,000 persons age 12 or older.",,,,,,,,,,,
