Bureau of Justice Statistics,,,,,
Filename: cv09at05.csv,,,,,
"Appendix Table 5. Standard errors for property crime rates, by household income and household size, 2009",,,,,
"Report title:  Criminal Victimization, 2009 NCJ 231327",,,,,
Data source: National Crime Victimization Survey,,,,,
"Author: Jennifer L. Truman, Ph.D. and Michael R. Rand, BJS Statisticians",,,,,
Refer questions to: askbjs@usdoj.gov or (202) 307-0765,,,,,
Date of version: 10/07/10,,,,,
,,,,,
"Appendix Table 5. Standard errors for property crime rates, by household income and household size, 2009",,,,,
,,    Standard error of the rates of victimizations,,,
Characteristics of household,,Total,Burglary,Motor vehicle theft,Theft
Household income,,,,,
,"Less than $7,500",13.00,6.25,2.21,11.44
,"$7,500-$14,999",9.38,5.08,2.06,7.63
,"$15,000-$24,999",7.54,3.68,1.49,6.34
,"$25,000-$34,999",7.30,3.48,1.48,6.16
,"$35,000-$49,999",6.61,2.76,1.65,5.66
,"$50,000-$74,999",5.97,2.25,1.03,5.33
,"$75,000 or more",5.05,1.60,0.80,4.63
Number of persons in household,,,,,
,1,3.69,1.86,0.62,2.96
,2 or 3,3.46,1.36,0.62,2.98
,4 or 5,6.26,2.25,1.21,5.65
,6 or more,15.33,7.39,4.03,13.51
Note: Standard errors were calculated using NCVS general variance parameters developed by the U.S. Census Bureau. These standard errors are for estimates in table 6.,,,,,
