Bureau of Justice Statistics,,,
Filename: cv09t11.csv,,,
"Table 11. Percent of violent and property crimes reported to the police, 2009",,,
"Report title:  Criminal Victimization, 2009 NCJ 231327",,,
Data source: National Crime Victimization Survey,,,
"Author: Jennifer L. Truman, Ph.D. and Michael R. Rand, BJS Statisticians",,,
Refer questions to: askbjs@usdoj.gov or (202) 307-0765,,,
Date of version: 10/07/10,,,
,,,
"Table 11. Percent of violent and property crimes reported to the police, 2009",,,
,,,
Type of crime,Percent reported,,
Violent crime,,48.6,%
,Rape/sexual assault,55.4,
,Robbery,68.4,
,Aggravated assault,58.2,
,Simple assault,41.9,
Property crime,,39.4,%
 ,Burglary,57.3,
,Motor vehicle theft,84.6,
,Theft,31.8,
Note: See appendix table 9 for standard errors.,,,
