Bureau of Justice Statistics,,,
Filename: cv09t04.csv,,,
"Table 4. Percent changes in the rates of crimes reported in the UCR, 2008-2009",,,
"Report title:  Criminal Victimization, 2009 NCJ 231327",,,
Data source: National Crime Victimization Survey,,,
"Author: Jennifer L. Truman, Ph.D. and Michael R. Rand, BJS Statisticians",,,
Refer questions to: askbjs@usdoj.gov or (202) 307-0765,,,
Date of version: 10/07/10,,,
,,,
"Table 4. Percent changes in the rates of crimes reported in the UCR, 2008-2009",,,
,,,
Crime measured by the UCR,Percent change in the ,,
rates of crimes reported,,,
Violent crime,,-6.1,%
,Murder,-8.1,
,Forcible rape,-3.5,
,Robbery,-8.8,
,Aggravated,-5.0,
Property crime,,-5.5,%
,Burglary,-2.2,
,Larceny theft,-4.8,
,Motor vehicle theft,-17.8,
"Note: See Crime in the United States, 2009 at <http://www.fbi.gov/ucr/cius2009/index.html>.",,,
