Bureau of Justice Statistics,,
Filename: cv09f03.csv,,
Figure 3. Violent and property crime reported to the police,,
"Report title:  Criminal Victimization, 2009 NCJ 231327",,
Data source: National Crime Victimization Survey,,
"Author: Jennifer L. Truman, Ph.D. and Michael R. Rand, BJS Statisticians",,
Refer questions to: askbjs@usdoj.gov or (202) 307-0765,,
Date of version: 10/07/10,,
,,
Figure 3. Violent and property crime reported to the police,,
,Percent of violent and property crime,
,Violent crime,Property crime
2000,47.9,35.7
2001,49.4,37
2002,48.5,40.2
2003,47.5,38.4
2004,49.9,39
2005,47.4,39.6
2006,,
2007,46.3,37.2
2008,47.1,40.3
2009,48.6,39.4
,,
Note:  Excludes data for 2006. See Methodology.,,
