Bureau of Justice Statistics,,,,,,,,,,,,
Filename: cv09at06.csv,,,,,,,,,,,,
"Appendix table 6. Standard errors for relationship between victim and offender, by gender of victim, 2009",,,,,,,,,,,,
"Report title:  Criminal Victimization, 2009 NCJ 231327",,,,,,,,,,,,
Data source: National Crime Victimization Survey,,,,,,,,,,,,
"Author: Jennifer L. Truman, Ph.D. and Michael R. Rand, BJS Statisticians",,,,,,,,,,,,
Refer questions to: askbjs@usdoj.gov or (202) 307-0765,,,,,,,,,,,,
Date of version: 10/07/10,,,,,,,,,,,,
,,,,,,,,,,,,
"Appendix table 6. Standard errors for relationship between victim and offender, by gender of victim, 2009",,,,,,,,,,,,
,,,Violent crime,,Rape/sexual assault,,Robbery,,Aggravated assault,,Simple assault,
Relationship to victim,,,Standard error of the percent,,Standard error of the percent,,Standard error of the percent,,Standard error of the percent,,Standard error of the percent,
Male victims,,,,,,,,,,,,
,,,,,,,,,,,,
,Nonstranger,,2.5,,2.1,^,2.3,,2.5,,2.5,
,,Intimate*,1,,--,^,--,^,1.1,^,1.1,
,,Other relative,1.1,,--,^,1.2,^,--,^,1.3,
,,Friend/acquaintance,2.4,,2.1,^,2.1,,2.5,,2.4,
,,,,,,,,,,,,
,Stranger,,2.5,,2.3,^,2.5,,2.5,,2.5,
,Relationship unknown,,0.8,,--,^,1,^,0.4,^,0.9,
Female victims,,,,,,,,,,,,
,Total,,,,,,,,,,,
,Nonstranger,,2.5,,2.2,,2.6,,2.6,,2.5,
,,Intimate*,2.2,,2.6,,2,,1.9,,2.3,
,,Other relative,1.4,,--,^,1.5,^,1.2,^,1.5,
,,Friend/acquaintance,2.4,,2.5,,1.8,^,2.6,,2.4,
,,,,,,,,,,,,
,Stranger,,2.4,,2.1,^,2.6,,2.5,,2.3,
,Relationship unknown,,0.6,^,--,^,1.1,^,--,^,0.6,^
,,,,,,,,,,,,
Note: Standard errors were calculated using NCVS general variance parameters developed by the U.S. Census Bureau. These standard errors are for estimates in table 7.,,,,,,,,,,,,
^Based on 10 or fewer sample cases.,,,,,,,,,,,,
--Percents round to less than 0.5 percent,,,,,,,,,,,,
"*Defined as current or former spouses, boyfriends, or girlfriends.",,,,,,,,,,,,
