Bureau of Justice Statistics,,,,,,,,,,,,,
Filename: cv09t09.csv,,,,,,,,,,,,,
"Table 9. Presence of weapons in violent incidents, by type, 2009",,,,,,,,,,,,,
"Report title:  Criminal Victimization, 2009 NCJ 231327",,,,,,,,,,,,,
Data source: National Crime Victimization Survey,,,,,,,,,,,,,
"Author: Jennifer L. Truman, Ph.D. and Michael R. Rand, BJS Statisticians",,,,,,,,,,,,,
Refer questions to: askbjs@usdoj.gov or (202) 307-0765,,,,,,,,,,,,,
Date of version: 10/07/10,,,,,,,,,,,,,
,,,,,,,,,,,,,
"Table 9. Presence of weapons in violent incidents, by type, 2009",,,,,,,,,,,,,
,,Violent crime,,,Rape/sexual assault,,,Robbery,,,Simple and aggravated assault,,
Presence of offender's weapon,,Number,Percent,,Number,Percent,,Number,Percent,,Number,Percent,
,Total,"4,130,140",100,%,"125,910",100,%,"516,060",100,%,"3,488,160",100,%
No weapon,,"2,999,560",73,%,"106,660",85,%,"244,880",48,%,"2,648,020",76,%
Weapon ,,"904,820",22,%,"12,970",10,%^,"241,910",47,%,"649,940",19,%
,Firearm,"326,090",8,,--,--,^,"142,780",28,,"183,310",5,
,Knife,"235,380",6,,"10,480",8,^,"48,470",9,,"176,430",5,
,Other,"281,420",7,,"2,490",2,^,"39,200",8,,"239,740",7,
,Type not ascertained,"61,930",2,,--,--,^,"11,470",2,^,"50,470",1,
Don't know,,"225,760",6,%,"6,280",5,%^,"29,270",6,%^,"190,200",6,%
"Note: Percentage may not total to 100% because of rounding. If the offender was armed with more than one weapon, the crime is classified based on the most serious weapon present. See appendix table 8 for standard errors.",,,,,,,,,,,,,
^Based upon 10 or fewer sample cases.,,,,,,,,,,,,,
--Rounds to less than 0.5 percent,,,,,,,,,,,,,
