"Oficina de Estadisticas de Justicia (BJS)",,
"El nombre del archivo:  vhcv0008.csv",,
"Cuadro 8. Porcentaje de crimenes violentos contra victimas hispanas denunciados a la policia, por caracteristicas de las victimas, 1993-2000.",,
"Titulo del reporte:  Victimas Hispanas de Crimenes Violentos, 1993-2000  NCJ  191208",,
"Fuente de datos:  National Crime Victimization Survey",,
"Autor:  Callie Rennison, Ph.D.",,
"Dirija las preguntas a:   (202) 307-0765 or askbjs@ojp.usdoj.gov",,
"Version de la fecha:  2/10/02",,
,,
"Cuadro 8. Porcentaje de crimenes violentos contra victimas hispanas denunciados a la policia, por caracteristicas de las victimas, 1993-2000.",,
," ",
"Caracteristica de las victimas","Porcentaje de crimenes violentos contra victimas hispanas denunciados a la policia",
"Sexo",,
"Varones",39,"%"
"Mujeres",53,
,,
"Edad",,
"12 a 17",29,"%"
"18 a 24",45,
"25 a 34",56,
"35 a 49",55,
"50 a 64",47,
"65 or mas",43,
,,
"Estado civil",,
"Nunca se han casado",38,"%"
"Casados",55,
"Viudos",58,
"Divorciados/separados",58,
,,
"Ingreso familiar anual",,
"Inferior a $7,500",47,"%"
"$7,500 a $14,999",45,
"$15,000 a $24,999",45,
"$25,000 a $34,999",41,
"$35,000 a $49,999",40,
"$50,000 a $74,999",42,
"$75,000 o mas",46,
,,
"Lugar de residencia",,
"Urbana",46,"%"
"Suburbana",42,
"Rural",47,
