"Oficina de Estadisticas de Justicia (BJS)",,,,,,,,,,
"El nombre del archivo:  vhcv0005.csv",,,,,,,,,,
"Cuadro 5.  Herida resultante del crimen y tratamiento de dicha herida, por raza y origen hispano de la victima, 1993-2000. ",,,,,,,,,,
"Titulo del reporte:  Victimas Hispanas de Crimenes Violentos, 1993-2000  NCJ  191208",,,,,,,,,,
"Fuente de datos:  National Crime Victimization Survey",,,,,,,,,,
"Autor:  Callie Rennison, Ph.D.",,,,,,,,,,
"Dirija las preguntas a:   (202) 307-0765 or askbjs@ojp.usdoj.gov",,,,,,,,,,
"Version de la fecha:  2/10/02",,,,,,,,,,
,,,,,,,,,,
"Cuadro 5.  Herida resultante del crimen y tratamiento de dicha herida, por raza y origen hispano de la victima, 1993-2000. ",,,,,,,,,,
,,,,,,,,,,
,,,"Porcentaje de victimizaciones violentas",,,,,,,
," ",,,"No hispanos",,,,,,
"Herida y tipo de tratamiento","Hispanos",,"Blancos",,"Negros",,"Indios americanos",,"Asiaticos",
"  Total",100,"%",100,"%",100,"%",100,"%",100,"%"
,,,,,,,,,,
"No resulto herido",73,,75,,71,,64,,77,
"Herido",27,,25,,29,,36,,23,
" ",,,,,,,,,,
"  No recibio tratamiento",15,,15,,13,,16,,12,
"  Recibo tratamiento",12,,10,,16,,20,,11,
" ",,,,,,,,,,
"    En el lugar del crimen/la casa",5,,4,,6,,8,,4,
"    Consultorio medico/clinica",1,,1,,2,,2,"*",1,"*"
"    Acudio a un hospital, no admitido",4,,4,,7,,8,"*",5,"*"
"    Fue admitido en un hospital ",1,,0,,1,,1,"*",0,"*"
,,,,,,,,,,
"Numero promedio anual",942360,,6631250,,1318130,,105690,,155700,
,,,,,,,,,,
"Nota: Los detalles pueden no incrementar los totales debido a redondeos.",,,,,,,,,,
"* Basado en 10 o meno casos de muestra.",,,,,,,,,,
