"Oficina de Estadisticas de Justicia (BJS)",,,,,,,,,,
"El nombre del archivo:  vhcv0007.csv",,,,,,,,,,
"Cuadro 7.  Denuncia policial del crimen violento, por raza y origen hispano de la victima, 1993-2000.",,,,,,,,,,
"Titulo del reporte:  Victimas Hispanas de Crimenes Violentos, 1993-2000  NCJ  191208",,,,,,,,,,
"Fuente de datos:  National Crime Victimization Survey",,,,,,,,,,
"Autor:  Callie Rennison, Ph.D.",,,,,,,,,,
"Dirija las preguntas a:   (202) 307-0765 or askbjs@ojp.usdoj.gov",,,,,,,,,,
"Version de la fecha:  2/10/02",,,,,,,,,,
,,,,,,,,,,
"Cuadro 7.  Denuncia policial del crimen violento, por raza y origen hispano de la victima, 1993-2000.",,,,,,,,,,
,,,,,,,,,,
,,,"Porcentaje de victimizaciones violentas",,,,,,,
," ",,,"No hispanos",,,,,,
"Denuncia policial del crimen violento","Hispanos",,"Blancos",,"Negros",,"Indios americanos",,"Asiaticos",
"  Total",100,"%",100,"%",100,"%",100,"%",100,"%"
"Si",44,,42,,48,,45,,39,
"No",55,,56,,50,,53,,61,
"No sabe",1,,1,,1,,2,"*",0,"*"
,,,,,,,,,,
"Numero promedio anual",942360,,6631250,,1318130,,105690,,155700,
,,,,,,,,,,
"Nota: Los numeros promedios anuales difieren de los de otros cuadros debido a que los casos de muestra en que el encuestado no suministro una respuesta fueron excluidos. Los detalles pueden no incrementar los totales debido a redondeos.",,,,,,,,,,
"* Based on 10 or fewer sample cases.",,,,,,,,,,
