Bureau of Justice Statistics,,,,,,,,
Filename: svrca06t09,,,,,,,,
"Table 9: Characteristics of inmates involved of staff sexual misconduct and harassment, by type of facility 2006",,,,,,,,
"Report title:  Sexual Violence Reported by Correctional Authorities, 2006 NCJ 218914",,,,,,,,
Data source:  Survey of Sexual Violence,,,,,,,,
"Authors:  Allen J. Beck, Paige M. Harrison, and Devon B. Adams ",,,,,,,,
Refer questions to:  askbjs@usdoj.gov   202-307-0765,,,,,,,,
"Date of version: August 15, 2007",,,,,,,,

"Table 9. Characteristics of inmates involved of staff sexual misconduct and harassment, by type of facility 2006",,,,,,,,
,,,All facilities/a,,Prison,,Jail,
Victim characteristics,,,,,,,,
,Gender/b,,,,,,,
,,Male,44,%,65,%,20,%
,,Female,56,,35,,80,
,Age/b ,,,,,,,
,,Under 18,0,%,0,%,0,%,,
,,18-24,18,,16,,21,,,
,,25-29,33,,29,,38,,,
,,30-34,25,,20,,27,,,
,,35-39,13,,21,,6,,,
,,40-44,8,,9,,7,,,
,,45 or older,3,,5,,1,,,
,Race/Hispanic origin ,,,,,,,,,
,,White/c,66,%,54,%,80,%,,
,,Black/c,23,,32,,14,,,
,,Hispanic,8,,12,,5,,,`
,,"Other/c,d",3,,2,,1,,,
"a/Includes substantiated incidents reported by private priosns and jails, Indian country jails, and facilities operated by the U.S. military and ICE.",,,,,,,,,,
b/The number of victims of staff misconduct totaled 671; gender was reported for 636; age for 631; and race/Hispanic origin for 628.,,,,,,,,,,
c/Excludes inmates of Hispanic origin.,,,,,,,,,,
"d/Includes American Indians, Alaska Natives, Asians, Native Hawaiians, and Other Pacific Islanders.",,,,,,,,,,
