Bureau of Justice Statistics,,,,,
Filename: svrca06t03,,,,,
"Table 3: Substantiated incidents of sexual violence and rates per 1,000 inmates, by type of facility, 2005 and 2006",,,,,
"Report title:  Sexual Violence Reported by Correctional Authorities, 2006 NCJ 218914",,,,,
Data source:  Survey of Sexual Violence,,,,,
"Authors:  Allen J. Beck, Paige M. Harrison, and Devon B. Adams ",,,,,
Refer questions to:  askbjs@usdoj.gov   202-307-0765,,,,,
"Date of version: August 15, 2007",,,,,

"Table 3. Substantiated incidents of sexual violence and rates per 1,000 inmates, by type of facility, 2005 and 2006",,,,,

,,National estimate,,"Rate per 1,000 inmates",
Facility type,,2006,2005,2006,2005
,Total,967,885,0.43,0.40
Prisons,,,,,
,Public-Federal,5,41,0.03,0.26
,Public-State,549,458,0.46,0.39
,Private,9,24,0.09,0.24
Local jails,,,,,
,Public,385,336,0.52,0.45
,Private,8,13,0.48,0.78
Other adult facilities,,,,,
,Indian country jails*,7,10,^,^
,Military-operated,2,2,^,^
,ICE-operated,2,1,^,^
^Too few cases to provide a reliable rate. ,,,,,
*Excludes facilities housing juveniles only. ,,,,,
