Bureau of Justice Statistics,,,,,,,
Filename: svrca06t07,,,,,,,
"Table 7:  Characteristics of substantiated incidents of staff sexual misconduct and harassment, by type of facility, 2006",,,,,,,
"Report title:  Sexual Violence Reported by Correctional Authorities, 2006 NCJ 218914",,,,,,,
Data source:  Survey of Sexual Violence,,,,,,,
"Authors:  Allen J. Beck, Paige M. Harrison, and Devon B. Adams ",,,,,,,
Refer questions to:  askbjs@usdoj.gov   202-307-0765,,,,,,,
"Date of version: August 15, 2007",,,,,,,

"Table 7.  Characteristics of substantiated incidents of staff sexual misconduct and harassment, by type of facility, 2006",,,,,,,
Characteristic,,All facilities/a,,Prison,,Jail,
Number of incidents,,544,,282,,239,
Nature of the incident/b,,,,,,,
,Relationship appeared to be willing,57,%,62,%,51,%
,Sexual harassment,15,,16,,15,
,Unwanted touching,5,,9,,2,
,Indecent exposure,9,,2,,18,
,Pressure/abuse of power,5,,7,,2,
,Physical force,2,,2,,0,
,Other/unknown,12,,9,,16,
Number of staff involved/c,,,,,,,
,1,98,%,98,%,98,%
,2,2,,2,,2,
Number of victims/c,,,,,,,%
,1,83,%,89,%,74,
,2,14,,5,,25,
,3,2,,2,,0,
,4 or more ,2,,3,,0,
"a/Includes substantiated incidents reported by private prisons and jails, Indian country jails, and facilities operated by the U.S. military and ICE. ",,,,,,,
b/Detail may sum to more than 100% because multiple responses were allowed for each item.,,,,,,,
c/Detail may not sum to 100% due to rounding.,,,,,,,
