Bureau of Justice Statistics,,,,,,,,,,,
Filename: svrca06ap2b,,,,,,,,,,,
"Appendix table 2b: Allegations of staff-on-inmate sexual violence reported by local jail authorities, by type, 2006",,,,,,,,,,,
"Report title:  Sexual Violence Reported by Correctional Authorities, 2006 NCJ 218914",,,,,,,,,,,
Data source:  Survey of Sexual Violence,,,,,,,,,,,
"Authors:  Allen J. Beck, Paige M. Harrison, and Devon B. Adams",,,,,,,,,,,
Refer questions to:  askbjs@usdoj.gov   202-307-0765,,,,,,,,,,,
"Date of version: August 15, 2007",,,,,,,,,,,

"Appendix table 2b. Allegations of staff-on-inmate sexual violence reported by local jail authorities, by type, 2006",,,,,,,,,,,
Jurisdiction and facility ,,,Reported allegations of staff sexual misconduct with inmates,,,,Reported allegations of staff sexual harassment of inmates,,,,
,,Allegations,Substantiated,Unsubstantiated,Unfounded,Investigation ongoing,Allegations,Substantiated,Unsubstantiated,Unfounded,Investigation ongoing
,Total,217,58,58,66,35,35,9,11,10,5
Alabama,,,,,,,,,,,
,Butler County/a,0,0,0,0,0,/,/,/,/,/
,Calhoun County/a ,1,1,0,0,0,/,/,/,/,/
,Cullman County,0,0,0,0,0,0,0,0,0,0
,Etowah County,0,0,0,0,0,1,0,0,1,0
,Jefferson County/a,1,1,0,0,0,/,/,/,/,/
,Shelby County ,0,0,0,0,0,0,0,0,0,0
,Talledega County/a,0,0,0,0,0,/,/,/,/,/
,Tarrant City,0,0,0,0,0,0,0,0,0,0
Alaska,,,,,,,,,,,
,Seward County ,0,0,0,0,0,0,0,0,0,0
,Kodiak City,0,0,0,0,0,0,0,0,0,0
Arizona,,,,,,,,,,,
,Coconino County,0,0,0,0,0,0,0,0,0,0
,Maricopa County/a ,3,0,1,2,0,/,/,/,/,/
,Navajo County/a ,0,0,0,0,0,/,/,/,/,/
,Pima County,0,0,0,0,0,0,0,0,0,0
Arkansas,,,,,,,,,,,
,Arkansas County/a,2,2,0,0,0,/,/,/,/,/
,Johnson County/a ,0,0,0,0,0,/,/,/,/,/
,Sebastian County,0,0,0,0,0,0,0,0,0,0
,Siloam Springs City/b,0,0,0,0,0,0,0,0,0,0
,"Washington County/a,b",0,0,0,0,0,/,/,/,/,/
California,,,,,,,,,,,
,Alameda County,2,0,2,0,0,0,0,0,0,0
,Contra Costa County,1,1,0,0,0,0,0,0,0,0
,El Dorado County ,0,0,0,0,0,0,0,0,0,0
,Fresno County/a,1,0,0,1,0,/,/,/,/,/
,Kern County,2,0,0,1,1,1,0,0,0,1
,Los Angeles County,1,0,1,0,0,1,0,1,0,0
,Orange County,0,0,0,0,0,0,0,0,0,0
,Riverside County ,0,0,0,0,0,0,0,0,0,0
,Sacramento County ,0,0,0,0,0,0,0,0,0,0
,San Bernardino County West Valley/a,0,0,0,0,0,/,/,/,/,/
,San Diego County,0,0,0,0,0,0,0,0,0,0
,San Francisco City,0,0,0,0,0,0,0,0,0,0
,San Joaquin County/a,0,0,0,0,0,/,/,/,/,/
,San Luis Obispo County/a,0,0,0,0,0,/,/,/,/,/
,San Mateo County ,0,0,0,0,0,0,0,0,0,0
,Santa Barbara County,1,1,0,0,0,1,1,0,0,0
,Santa Clara County/a,1,0,0,0,1,/,/,/,/,/
,Santa Clara County Mountain View,0,0,0,0,0,0,0,0,0,0
,Santa Cruz County/a,0,0,0,0,0,/,/,/,/,/
,Ventura County,0,0,0,0,0,0,0,0,0,0
,Yuba County,0,0,0,0,0,0,0,0,0,0
Colorado,,,,,,,,,,,
,Arapahoe County ,5,0,0,5,0,0,0,0,0,0
,Boulder County ,0,0,0,0,0,0,0,0,0,0
,Denver County/b,0,0,0,0,0,3,0,0,2,1
,El Paso County ,0,0,0,0,0,0,0,0,0,0
,Logan County ,0,0,0,0,0,0,0,0,0,0
,Pueblo County,0,0,0,0,0,0,0,0,0,0
,"Rio Grande County/a,b",0,0,0,0,0,/,/,/,/,/
District of Columbia,,,,,,,,,,,
,District of Columbia,10,0,2,0,8,0,0,0,0,0
Florida,,,,,,,,,,,
,Alachua County,0,0,0,0,0,0,0,0,0,0
,Broward County,5,1,2,1,1,1,0,0,1,0
,Escambia County,1,0,0,1,0,0,0,0,0,0
,Highlands County,0,0,0,0,0,0,0,0,0,0
,Hillsborough County,0,0,0,0,0,0,0,0,0,0
,Indian River County/a,0,0,0,0,0,/,/,/,/,/
,Jackson County,0,0,0,0,0,0,0,0,0,0
,Jacksonville City,0,0,0,0,0,0,0,0,0,0
,Lee County,0,0,0,0,0,0,0,0,0,0
,Manatee County,1,0,0,1,0,0,0,0,0,0
,Marion County ,0,0,0,0,0,0,0,0,0,0
,Martin County,0,0,0,0,0,0,0,0,0,0
,Miami-Dade County/a ,12,2,1,5,4,/,/,/,/,/
,Orange County,0,0,0,0,0,0,0,0,0,0
,Palm Beach County/a ,0,0,0,0,0,/,/,/,/,/
,Pinellas County ,0,0,0,0,0,0,0,0,0,0
,Polk County ,1,0,0,1,0,0,0,0,0,0
,St Lucie County,2,2,0,0,0,0,0,0,0,0
,Seminole County,0,0,0,0,0,0,0,0,0,0
,Taylor County,0,0,0,0,0,0,0,0,0,0
,Volusia County ,2,1,1,0,0,0,0,0,0,0
Georgia,,,,,,,,,,,
,Atlanta City ,0,0,0,0,0,0,0,0,0,0
,Bibb County ,0,0,0,0,0,1,0,1,0,0
,Carroll County Corr. Inst./a,0,0,0,0,0,/,/,/,/,/
,Carroll County,0,0,0,0,0,0,0,0,0,0
,Chatham County ,0,0,0,0,0,1,0,0,0,1
,Clayton County/a,0,0,0,0,0,/,/,/,/,/
,Clinch County,0,0,0,0,0,0,0,0,0,0
,Cobb County,0,0,0,0,0,0,0,0,0,0
,DeKalb County/a,1,0,0,1,0,/,/,/,/,/
,Dougherty County,0,0,0,0,0,0,0,0,0,0
,Fulton County,2,1,1,0,0,0,0,0,0,0
,Glynn County,0,0,0,0,0,0,0,0,0,0
,Gwinnett County ,0,0,0,0,0,0,0,0,0,0
,Houston County,0,0,0,0,0,0,0,0,0,0
,Jackson County ,0,0,0,0,0,0,0,0,0,0
,Lamar County/a,0,0,0,0,0,/,/,/,/,/
,Lee County ,1,1,0,0,0,0,0,0,0,0
,Murray County ,0,0,0,0,0,0,0,0,0,0
,"Muscogee County/a,b",0,0,0,0,0,/,/,/,/,/
,Newton County,0,0,0,0,0,0,0,0,0,0
,Rockdale County ,*,*,*,*,*,*,*,*,*,*
,Spalding County ,0,0,0,0,0,0,0,0,0,0
Idaho,,,,,,,,,,,
,Benewah County,0,0,0,0,0,0,0,0,0,0
,Canyon County,2,2,0,0,0,0,0,0,0,0
,Kootenai County ,0,0,0,0,0,0,0,0,0,0
Illinois,,,,,,,,,,,
,Champaign County,0,0,0,0,0,0,0,0,0,0
,Cook County/a ,1,0,1,0,0,/,/,/,/,/
,Du Page County,0,0,0,0,0,0,0,0,0,0
,Lake County,0,0,0,0,0,0,0,0,0,0
,McLean County,0,0,0,0,0,0,0,0,0,0
,"St Clair County/a,b ",0,0,0,0,0,/,/,/,/,/
,Schuyler County ,0,0,0,0,0,0,0,0,0,0
,Whiteside County/a,0,0,0,0,0,/,/,/,/,/
Indiana,,,,,,,,,,,
,Allen County ,2,2,0,0,0,0,0,0,0,0
,Howard County,0,0,0,0,0,0,0,0,0,0
,Kosciusko County/a ,0,0,0,0,0,/,/,/,/,/
,Lake County/a,0,0,0,0,0,/,/,/,/,/
,La Porte County ,0,0,0,0,0,0,0,0,0,0
,Marion County/a,0,0,0,0,0,/,/,/,/,/
,Montgomery County ,0,0,0,0,0,0,0,0,0,0
,Porter County,0,0,0,0,0,0,0,0,0,0
,Pulaski County ,1,1,0,0,0,0,0,0,0,0
,Union County Jail,0,0,0,0,0,1,0,1,0,0
Iowa,,,,,,,,,,,
,Adams County,0,0,0,0,0,0,0,0,0,0
,Dubuque County/a,0,0,0,0,0,/,/,/,/,/
,Jasper County ,0,0,0,0,0,0,0,0,0,0
,Linn County/c,0,0,0,0,0,/,/,/,/,/
Kansas,,,,,,,,,,,
,Crawford County ,0,0,0,0,0,0,0,0,0,0
,"Graham County/c,d",/,/,/,/,/,/,/,/,/,/
,Johnson County ,0,0,0,0,0,0,0,0,0,0
,Meade County ,0,0,0,0,0,0,0,0,0,0
,Shawnee County ,6,3,0,3,0,1,1,0,0,0
Kentucky,,,,,,,,,,,
,Calloway County/b ,0,0,0,0,0,0,0,0,0,0
,Estill County ,0,0,0,0,0,0,0,0,0,0
,Franklin County,0,0,0,0,0,0,0,0,0,0
,Kenton County ,1,1,0,0,0,0,0,0,0,0
,Laurel County/a,0,0,0,0,0,/,/,/,/,/
,Lexington-Fayette County ,1,0,1,0,0,0,0,0,0,0
,Louisville Metropolitan Dept. of Corr.,1,0,0,1,0,1,0,1,0,0
,"Pulaski County/c,d ",/,/,/,/,/,/,/,/,/,/
,Rockcastle County ,0,0,0,0,0,0,0,0,0,0
,Warren County ,0,0,0,0,0,0,0,0,0,0
Louisiana,,,,,,,,,,,
,Bayou Dorcheat Corr. Ctr.,0,0,0,0,0,0,0,0,0,0
,East Baton Rouge Prison ,0,0,0,0,0,0,0,0,0,0
,Grant Parish ,0,0,0,0,0,0,0,0,0,0
,Jefferson Parish ,0,0,0,0,0,0,0,0,0,0
,Madison Corr. Ctr./b,0,0,0,0,0,0,0,0,0,0
,Ouachita Parish,0,0,0,0,0,0,0,0,0,0
,New Orleans Parish/a,1,0,1,0,0,/,/,/,/,/
,St. Charles Parish,0,0,0,0,0,0,0,0,0,0
,St. Tammany Parish/b,0,0,0,0,0,0,0,0,0,0
,Tangipahoa Parish ,0,0,0,0,0,0,0,0,0,0
,Union Parish,0,0,0,0,0,0,0,0,0,0
,Vermilion Parish,0,0,0,0,0,0,0,0,0,0
,Terrebonne Parish,0,0,0,0,0,0,0,0,0,0
Maine,,,,,,,,,,,
,Cumberland County,1,0,1,0,0,0,0,0,0,0
,York County ,0,0,0,0,0,0,0,0,0,0
Maryland,,,,,,,,,,,
,Allegany County ,0,0,0,0,0,0,0,0,0,0
,Baltimore City,3,0,1,1,1,0,0,0,0,0
,Baltimore County ,0,0,0,0,0,0,0,0,0,0
,Frederick County/a ,2,0,1,1,0,/,/,/,/,/
,Prince Georges County,0,0,0,0,0,0,0,0,0,0
,Washington County ,0,0,0,0,0,0,0,0,0,0
,Worcester County/a,0,0,0,0,0,/,/,/,/,/
Massachusetts,,,,,,,,,,,
,Berkshire County ,1,1,0,0,0,0,0,0,0,0
,Essex County/a ,0,0,0,0,0,/,/,/,/,/
,Hampden County ,6,5,0,1,0,1,0,1,0,0
,Plymouth County,0,0,0,0,0,0,0,0,0,0
,Suffolk County ,1,0,0,1,0,1,0,0,0,1
,Worcester County ,0,0,0,0,0,0,0,0,0,0
Michigan,,,,,,,,,,,
,Allegan County ,0,0,0,0,0,0,0,0,0,0
,Genesee County ,1,0,0,1,0,1,0,0,1,0
,Gogebic County,0,0,0,0,0,0,0,0,0,0
,Jackson County,0,0,0,0,0,0,0,0,0,0
,Macomb County ,0,0,0,0,0,0,0,0,0,0
,Monroe County,0,0,0,0,0,0,0,0,0,0
,Oakland County/a ,1,0,1,0,0,/,/,/,/,/
,Ottawa County,0,0,0,0,0,0,0,0,0,0
,Wayne County,0,0,0,0,0,0,0,0,0,0
Minnesota,,,,,,,,,,,
,Hennepin County,0,0,0,0,0,0,0,0,0,0
,Mille Lacs County ,0,0,0,0,0,0,0,0,0,0
,Pipestone County,0,0,0,0,0,0,0,0,0,0
,Sherburne County/b,0,0,0,0,0,0,0,0,0,0
,Washington County ,0,0,0,0,0,0,0,0,0,0
Mississippi,,,,,,,,,,,
,Adams County,0,0,0,0,0,0,0,0,0,0
,Desoto County ,0,0,0,0,0,0,0,0,0,0
,Harrison County/a,1,0,0,1,0,/,/,/,/,/
,Hinds County/a ,0,0,0,0,0,/,/,/,/,/
,Humphreys County ,0,0,0,0,0,0,0,0,0,0
,Issaquena County ,0,0,0,0,0,0,0,0,0,0
,Kemper-Neshoda County Reg. Corr. Fac.,0,0,0,0,0,0,0,0,0,0
,Leake County ,0,0,0,0,0,0,0,0,0,0
,Winston/Chocktaw Reg. Corr. Fac.,0,0,0,0,0,0,0,0,0,0
Missouri,,,,,,,,,,,
,Cass County,1,0,1,0,0,0,0,0,0,0
,Howard County,0,0,0,0,0,0,0,0,0,0
,Lincoln County ,0,0,0,0,0,0,0,0,0,0
,St. Charles County ,0,0,0,0,0,1,1,0,0,0
,St. Louis City,0,0,0,0,0,0,0,0,0,0
,St. Louis County,1,1,0,0,0,0,0,0,0,0
,Taney County ,0,0,0,0,0,0,0,0,0,0
,Vernon County ,0,0,0,0,0,0,0,0,0,0
Montana,,,,,,,,,,,
,Anaconda-Deer Lodge County/a,0,0,0,0,0,/,/,/,/,/
,Cascade County ,2,1,1,0,0,0,0,0,0,0
,Yellowstone County/a,0,0,0,0,0,/,/,/,/,/
Nebraska,,,,,,,,,,,
,Clay County ,0,0,0,0,0,0,0,0,0,0
,Douglas County,1,0,1,0,0,1,0,0,1,0
,Lancaster County ,0,0,0,0,0,0,0,0,0,0
Nevada,,,,,,,,,,,
,Clark County ,0,0,0,0,0,0,0,0,0,0
,"Las Vegas City/a,d",/,/,/,/,/,/,/,/,/,/
,Washoe County ,1,0,0,1,0,0,0,0,0,0
New Hampshire,,,,,,,,,,,
,Rockingham County ,0,0,0,0,0,0,0,0,0,0
New Jersey,,,,,,,,,,,
,Atlantic County/a ,0,0,0,0,0,/,/,/,/,/
,Camden County,0,0,0,0,0,0,0,0,0,0
,Cape May County/a,0,0,0,0,0,/,/,/,/,/
,Cumberland County,0,0,0,0,0,0,0,0,0,0
,Essex County,0,0,0,0,0,0,0,0,0,0
,Gloucester County ,0,0,0,0,0,0,0,0,0,0
,Hudson County/a,1,0,1,0,0,/,/,/,/,/
,Passaic County ,0,0,0,0,0,0,0,0,0,0
,Union County ,0,0,0,0,0,0,0,0,0,0
New Mexico,,,,,,,,,,,
,Bernalillo County/a ,5,3,1,1,0,/,/,/,/,/
,Dona Ana County ,1,0,1,0,0,0,0,0,0,0
,Luna County/a ,0,0,0,0,0,/,/,/,/,/
,Otero County ,0,0,0,0,0,0,0,0,0,0
,Quay County/a,0,0,0,0,0,/,/,/,/,/
New York,,,,,,,,,,,
,Albany County ,0,0,0,0,0,0,0,0,0,0
,Allegany County/b ,0,0,0,0,0,0,0,0,0,0
,Broome County ,0,0,0,0,0,0,0,0,0,0
,Dutchess County ,0,0,0,0,0,0,0,0,0,0
,Erie County,0,0,0,0,0,0,0,0,0,0
,Montgomery County,0,0,0,0,0,0,0,0,0,0
,Nassau County,1,0,1,0,0,3,0,3,0,0
,New York City/a,20,0,7,10,3,/,/,/,/,/
,Suffolk County ,1,0,0,0,1,0,0,0,0,0
North Carolina,,,,,,,,,,,
,Buncombe County ,0,0,0,0,0,0,0,0,0,0
,Cabarrus County ,0,0,0,0,0,0,0,0,0,0
,Carteret County/a ,0,0,0,0,0,/,/,/,/,/
,Cumberland County/a,0,0,0,0,0,/,/,/,/,/
,Gaston County/a,0,0,0,0,0,/,/,/,/,/
,Mecklenburg County,2,0,1,1,0,0,0,0,0,0
,Rockingham County ,0,0,0,0,0,0,0,0,0,0
,Swain County ,1,0,0,0,1,0,0,0,0,0
,Wake County,0,0,0,0,0,0,0,0,0,0
North Dakota,,,,,,,,,,,
,Burleigh County,0,0,0,0,0,0,0,0,0,0
,Rolette County ,0,0,0,0,0,0,0,0,0,0
Ohio,,,,,,,,,,,
,Cuyahoga County ,4,1,2,1,0,0,0,0,0,0
,Franklin County,1,0,1,0,0,0,0,0,0,0
,Greene County,1,1,0,0,0,0,0,0,0,0
,Hamilton County ,0,0,0,0,0,0,0,0,0,0
,Logan County ,0,0,0,0,0,0,0,0,0,0
,Lorain County ,0,0,0,0,0,0,0,0,0,0
,Montgomery County/a ,0,0,0,0,0,/,/,/,/,/
,Noble County ,0,0,0,0,0,0,0,0,0,0
,Northwest Ohio Reg. Corr. Ctr./a,1,0,0,1,0,/,/,/,/,/
,Richland County,0,0,0,0,0,0,0,0,0,0
,Warren County,1,1,0,0,0,0,0,0,0,0
Oklahoma   ,,,,,,,,,,,
,Garfield County,1,0,0,0,1,0,0,0,0,0
,Grady County ,0,0,0,0,0,0,0,0,0,0
,"Harmon County/c,d ",/,/,/,/,/,/,/,/,/,/
,Oklahoma County,0,0,0,0,0,0,0,0,0,0
,Pawnee County ,,,,,,,,,,
Oregon,,,,,,,,,,,
,Marion County ,0,0,0,0,0,0,0,0,0,0
,Multnomah County,3,0,3,0,0,0,0,0,0,0
,Northern Oregon Reg. Fac./b,0,0,0,0,0,1,0,0,1,0
,Washington County ,0,0,0,0,0,0,0,0,0,0
Pennsylvania,,,,,,,,,,,
,Allegheny County ,2,0,2,0,0,0,0,0,0,0
,Beaver County ,*,*,*,*,*,*,*,*,*,*
,Berks County ,0,0,0,0,0,0,0,0,0,0
,Bucks County ,0,0,0,0,0,0,0,0,0,0
,Clinton County ,0,0,0,0,0,0,0,0,0,0
,Erie County  ,0,0,0,0,0,0,0,0,0,0
,Lycoming County ,*,*,*,*,*,*,*,*,*,*
,Philadelphia Prison System/a ,16,8,0,0,8,/,/,/,/,/
,Schuykill County ,0,0,0,0,0,0,0,0,0,0
,Warren County ,0,0,0,0,0,0,0,0,0,0
,Westmoreland County ,0,0,0,0,0,0,0,0,0,0
,"York County/a,b",0,0,0,0,0,/,/,/,/,/
South Carolina,,,,,,,,,,,
,Anderson County/a ,0,0,0,0,0,/,/,/,/,/
,Charleston County ,7,0,2,4,1,0,0,0,0,0
,Cherokee County ,0,0,0,0,0,0,0,0,0,0
,Greenville County ,*,*,*,*,*,*,*,*,*,*
,Marlboro County ,0,0,0,0,0,0,0,0,0,0
,Spartanburg County ,0,0,0,0,0,1,0,0,1,0
,Sumter-Lee Reg. Det. Ctr.,0,0,0,0,0,0,0,0,0,0
South Dakota,,,,,,,,,,,
,Charles Mix County,0,0,0,0,0,0,0,0,0,0
,Pennington County ,0,0,0,0,0,1,0,0,1,0
Tennessee,,,,,,,,,,,
,Blount County/a ,0,0,0,0,0,/,/,/,/,/
,Cheatham County/a,0,0,0,0,0,/,/,/,/,/
,Clay County ,0,0,0,0,0,0,0,0,0,0
,Davidson County ,7,1,4,2,0,3,2,1,0,0
,Madison County  ,0,0,0,0,0,0,0,0,0,0
,Marion County/a ,0,0,0,0,0,/,/,/,/,/
,McMinn County/b,0,0,0,0,0,0,0,0,0,0
,Shelby County Corr. Ctr.,1,1,0,0,0,0,0,0,0,0
,Shelby County Justice Ctr.,0,0,0,0,0,0,0,0,0,0
,Sullivan County,0,0,0,0,0,0,0,0,0,0
,Washington County ,0,0,0,0,0,0,0,0,0,0
Texas,,,,,,,,,,,
,Bell County,0,0,0,0,0,0,0,0,0,0
,Bexar County/a ,1,1,0,0,0,/,/,/,/,/
,Culberson County ,0,0,0,0,0,0,0,0,0,0
,Dallas County,0,0,0,0,0,0,0,0,0,0
,Denton County ,0,0,0,0,0,0,0,0,0,0
,Ector County ,0,0,0,0,0,0,0,0,0,0
,Ellis County ,*,*,*,*,*,*,*,*,*,*
,El Paso County/a ,1,0,0,0,1,/,/,/,/,/
,Harris County,0,0,0,0,0,1,1,0,0,0
,Hays County/a ,0,0,0,0,0,/,/,/,/,/
,Hidalgo County ,0,0,0,0,0,0,0,0,0,0
,Live Oak County,0,0,0,0,0,0,0,0,0,0
,McLennan County ,0,0,0,0,0,0,0,0,0,0
,Milam County/a ,0,0,0,0,0,/,/,/,/,/
,Montgomery County ,1,0,0,0,1,0,0,0,0,0
,Orange County/a,0,0,0,0,0,/,/,/,/,/
,Rusk County/a ,0,0,0,0,0,/,/,/,/,/
,Tarrant County/c,1,1,0,0,0,/,/,/,/,/
,Tom Green County/a ,0,0,0,0,0,/,/,/,/,/
,Travis County,2,1,0,1,0,2,2,0,0,0
,Walker County/a,0,0,0,0,0,/,/,/,/,/
,Webb County/a ,0,0,0,0,0,/,/,/,/,/
,Wharton County/a,0,0,0,0,0,/,/,/,/,/
,Wichita County/a ,0,0,0,0,0,/,/,/,/,/
Utah,,,,,,,,,,,
,Daggett County ,0,0,0,0,0,0,0,0,0,0
,Davis County,0,0,0,0,0,0,0,0,0,0
,Salt Lake County ,4,2,0,2,0,0,0,0,0,0
,Weber County ,0,0,0,0,0,0,0,0,0,0
Virginia,,,,,,,,,,,
,Abingdon Reg. Jail Fac.,0,0,0,0,0,0,0,0,0,0
,Augusta County,0,0,0,0,0,0,0,0,0,0
,Blue Ridge Reg. Jail Auth.,1,0,1,0,0,1,0,1,0,0
,Gloucester County ,0,0,0,0,0,0,0,0,0,0
,Middle River Reg. Jail,0,0,0,0,0,0,0,0,0,0
,New River Valley Reg. Jail,1,0,0,1,0,1,0,0,1,0
,Norfolk City,0,0,0,0,0,0,0,0,0,0
,Northern Neck Reg. Jail,0,0,0,0,0,0,0,0,0,0
,"Peumansend Creek Reg. Jail/a,b",0,0,0,0,0,/,/,/,/,/
,Portsmouth City/b ,0,0,0,0,0,0,0,0,0,0
,Prince William-Manassas Reg. Adult Corr. Ctr./b,1,0,0,1,0,0,0,0,0,0
,Richmond City ,0,0,0,0,0,0,0,0,0,0
,Riverside Reg. Jail,6,0,2,4,0,0,0,0,0,0
,Virginia Beach Municipal/a ,0,0,0,0,0,/,/,/,/,/
Washington,,,,,,,,,,,
,Clark County ,1,0,0,1,0,0,0,0,0,0
,Cowlitz County ,1,0,0,1,0,0,0,0,0,0
,Issaquah County ,0,0,0,0,0,0,0,0,0,0
,King County,11,2,4,3,2,1,0,0,0,1
,Pierce County/c,0,0,0,0,0,/,/,/,/,/
,Spokane County,1,1,0,0,0,0,0,0,0,0
,Whatcom County,1,0,0,1,0,0,0,0,0,0
West Virgina,,,,,,,,,,,
,Eastern Reg. Jail,0,0,0,0,0,0,0,0,0,0
,Marshall County Northern Reg. Jail & Corr. Complex,0,0,0,0,0,0,0,0,0,0
,North Central Reg. Jail,0,0,0,0,0,1,0,1,0,0
,Raleigh County Southern Reg. Jail,5,2,3,0,0,1,1,0,0,0
Wisconsin,,,,,,,,,,,
,Dane County ,0,0,0,0,0,0,0,0,0,0
,Jefferson County ,0,0,0,0,0,0,0,0,0,0
,Milwaukee County,0,0,0,0,0,0,0,0,0,0
,Milwaukee County House of Corr./a ,0,0,0,0,0,/,/,/,/,/
,Outagamie County ,0,0,0,0,0,0,0,0,0,0
,Racine County ,0,0,0,0,0,0,0,0,0,0
,Vernon County ,0,0,0,0,0,0,0,0,0,0
,Walworth County/a ,1,0,1,0,0,/,/,/,/,/
Wyoming,,,,,,,,,,,
,Laramie County ,0,0,0,0,0,0,0,0,0,0
,Uinta County ,2,1,0,1,0,0,0,0,0,0
/Not Reported.,,,,,,,,,,,
*No response. ,,,,,,,,,,,
a/Allegations of staff sexual harrassment could not be counted separately from allegations of staff sexual misconduct.,,,,,,,,,,,
b/Reports of staff sexual misconduct are based on substantiated allegations only.,,,,,,,,,,,
c/Reports of staff sexual harrassment are not recorded in a central database.,,,,,,,,,,,
d/Reports of staff sexual misconduct are not recorded in a central database.,,,,,,,,,,,
