Bureau of Justice Statistics,,,,,,,,,,,,,
Filename: svrca06t06,,,,,,,,,,,,,
"Table 6: Sanctions imposed on perpetrators in substantiated incidents of inmate-on-inmate sexual violence, by type of incident, 2005 and 2006",,,,,,,,,,,,,
"Report title:  Sexual Violence Reported by Correctional Authorities, 2006 NCJ 218914",,,,,,,,,,,,,
Data source:  Survey of Sexual Violence,,,,,,,,,,,,,
"Authors:  Allen J. Beck, Paige M. Harrison, and Devon B. Adams ",,,,,,,,,,,,,
Refer questions to:  askbjs@usdoj.gov   202-307-0765,,,,,,,,,,,,,
"Date of version: August 15, 2007",,,,,,,,,,,,,

"Table 6. Sanctions imposed on perpetrators in substantiated incidents of inmate-on-inmate sexual violence, by type of incident, 2005 and 2006",,,,,,,,,,,,,
,,,All incidents,,,Nonconsensual sexual acts,,,,Abusive sexual contacts,,,
,,2006,,2005,,2006,,2005,,2006,,2005,
Solitary/disciplinary ,,78,%,71,%,81,%,72,%,75,%,70,%
Legal action,,41,,51,,56,,58,,18,,39,
,Arrested,16,,12,,21,,16,,6,,4,
,Referred for prosecution,33,,46,,46,,51,,13,,35,
Confined to own cell/room,,16,,28,,18,,25,,12,,33
Placed in higher custody,,22,,20,,24,,27,,20,,5
Loss of privileges,,20,,21,,23,,22,,16,,19
Transferred to another facility,,22,,19,,24,,18,,17,,21
Note: Detail may sum to more than 100% because multiple sanctions may have been imposed.,,,,,,,,,,,,
