Bureau of Justice Statistics,,,,,,,
Filename: svrca06ap6,,,,,,,
"Appendix table 6: Characteristics of perpetrators in substantiated incidents of inmate-on-inmate sexual violence, by type, 2006",,,,,,,
"Report title:  Sexual Violence Reported by Correctional Authorities, 2006 NCJ 218914",,,,,,,
Data source:  Survey of Sexual Violence,,,,,,,
"Authors:  Allen J. Beck, Paige M. Harrison, and Devon B. Adams",,,,,,,
Refer questions to:  askbjs@usdoj.gov   202-307-0765,,,,,,,
"Date of version: August 15, 2007",,,,,,,

"Appendix table 6. Characteristics of perpetrators in substantiated incidents of inmate-on-inmate sexual violence, by type, 2006",,,,,,,
,,All facilites/a,,Prison,,Jail,
Number of perpetrators,,,,,,,
,1,90,%,90,%,90,%
,2,6,,7,,5,
,3,2,,2,,5,
,4 or more ,1,,1,,0,
Gender/b ,,,,,,,,,,,
,Male,85,%,82,%,92,%,,,,
,Female,15,,18,,8,,,,,
Age/b,,,,,,,,,,,
,Under 18,1,%,1,%,0,%,,,,
,18-24,19,,20,,14,,,,,
,25-29,21,,16,,31,,,,,
,30-34,19,,19,,19,,,,,
,35-39,13,,15,,9,,,,,
,40-44,12,,9,,18,,,,,
,45 or older,16,,19,,9,,,,,
Race/Hispanic origin/b,,,,,,,,,,,
,White/c,39,%,48,%,22,%,,,,
,Black/c,49,,43,,60,,,,,
,Hispanic,10,,7,,15,,,,,`
,"Other/c,d",2,,2,,4,,,,,
Detail may not sum to 100% due to rounding. 
"a/Includes substantiated incidents reported by private prisons and jails, Indian country jails, and facilities operated by the U.S. military and ICE. "
"b/Based on characteristics of perpetrators for whom gender (448), age (443), or race/Hispanic origin (444) were reported."
c/Excludes perpetrators of Hispanic origin.
"d/Includes American Indians, Alaska Natives, Asians, Native Hawaiians, and Other Pacific Islanders."
