"Bureau of Justice Statistics",,,,,,,,,,,,,,,
"filename:  cp0105.csv",,,,,,,,,,,,,,,
"Table #: 5  Prisoners under sentence of death, by region, State, and race, 2000 and 2001",,,,,,,,,,,,,,,
"report title: Capital Punishment, 2001   NCJ 197020",,,,,,,,,,,,,,,
"data source: National Prisoner Statistics (NPS-8)",,,,,,,,,,,,,,,
"author:  Tracy L. Snell and Laura M. Maruschak",,,,,,,,,,,,,,,
"refer questions to: askbjs@ojp.usdoj.gov (202) 307-0765",,,,,,,,,,,,,,,
"date of version: 10/21/02",,,,,,,,,,,,,,,
,,,,,,,,,,,,,,,
"Table 5.  Prisoners under sentence of death, by region, State, and race, 2000 and 2001",,,,,,,,,,,,,,,
,"Prisoners under sentence of death, 12/31/00",,,"Received under sentence of death  ",,,"Removed from death row (excluding executions)/a  ",,,"Executed   ",,,"Prisoners under sentence of death, 12/31/01 ",,
"Region and State","Total/b","White/c","Black/c","Total/b","White/c","Black/c","Total/b","White/c","Black/c","Total/b","White/c","Black/c","Total/b","White/c","Black/c"
"U.S. total",3601,1989,1541,155,89,61,109,61,47,66,48,17,3581,1969,1538
"Federal/d",20,5,15,2,1,1,1,1,0,2,2,0,19,3,16
"State",3581,1984,1526,153,88,60,108,60,47,64,46,17,3562,1966,1522
"Northeast",269,96,162,7,5,2,6,3,3,0,0,0,270,98,161
"Connecticut",7,4,3,0,0,0,0,0,0,0,0,0,7,4,3
"New Hampshire",0,0,0,0,0,0,0,0,0,0,0,0,0,0,0
"New Jersey",16,9,7,1,1,0,1,1,0,0,0,0,16,9,7
"New York",6,4,2,0,0,0,0,0,0,0,0,0,6,4,2
"Pennsylvania",240,79,150,6,4,2,5,2,3,0,0,0,241,81,149
"Midwest",502,248,251,14,8,5,20,10,9,10,6,4,486,240,243
"Illinois",164,60,104,1,0,1,7,2,5,0,0,0,158,58,100
"Indiana",41,29,12,0,0,0,3,2,1,2,2,0,36,25,11
"Kansas",4,4,0,0,0,0,0,0,0,0,0,0,4,4,0
"Missouri",78,45,33,5,2,3,3,1,2,7,4,3,73,42,31
"Nebraska",11,10,0,1,0,1,5,4,0,0,0,0,7,6,1
"Ohio/e",201,97,102,5,4,0,2,1,1,1,0,1,203,100,100
"South Dakota",3,3,0,2,2,0,0,0,0,0,0,0,5,5,0
"South",1929,1061,843,93,52,40,65,35,30,50,36,13,1907,1042,840
"Alabama",185,97,87,7,6,1,6,3,3,0,0,0,186,100,85
"Arkansas",40,16,24,2,1,1,1,0,1,1,1,0,40,16,24
"Delaware",15,8,7,5,2,3,4,0,4,2,1,1,14,9,5
"Florida/f",371,238,132,15,8,7,13,9,4,1,1,0,372,236,135
"Georgia",122,66,55,1,0,1,3,1,2,4,3,1,116,62,53
"Kentucky",39,32,7,2,0,2,5,4,1,0,0,0,36,28,8
"Louisiana",89,29,59,2,2,0,3,1,2,0,0,0,88,30,57
"Maryland",16,6,10,0,0,0,0,0,0,0,0,0,16,6,10
"Mississippi",61,28,33,2,1,1,1,0,1,0,0,0,62,29,33
"North Carolina",215,85,122,14,6,7,8,3,5,5,3,2,216,85,122
"Oklahoma",132,82,44,2,2,0,3,2,1,18,14,3,113,68,40
"South Carolina",66,35,31,8,3,5,1,1,0,0,0,0,73,37,36
"Tennessee",98,60,36,3,2,1,5,3,2,0,0,0,96,59,35
"Texas",450,260,185,26,16,10,6,5,1,17,11,6,453,260,188
"Virginia",30,19,11,4,3,1,6,3,3,2,2,0,26,17,9
"West",881,579,270,39,23,13,17,12,5,4,4,0,899,586,278
"Arizona",119,103,12,7,3,2,0,0,0,0,0,0,126,106,14
"California",587,349,215,24,16,7,7,4,3,1,1,0,603,360,219
"Colorado",6,3,2,0,0,0,0,0,0,0,0,0,6,3,2
"Idaho",21,21,0,2,2,0,2,2,0,0,0,0,21,21,0
"Montana",6,5,0,0,0,0,0,0,0,0,0,0,6,5,0
"Nevada/g",88,52,35,1,0,1,2,1,1,1,1,0,86,50,35
"New Mexico",5,5,0,0,0,0,1,1,0,1,1,0,3,3,0
"Oregon",25,24,0,2,1,1,1,1,0,0,0,0,26,24,1
"Utah",11,8,2,0,0,0,0,0,0,0,0,0,11,8,2
"Washington",11,7,4,3,1,2,4,3,1,1,1,0,9,4,5
"Wyoming",2,2,0,0,0,0,0,0,0,0,0,0,2,2,0
"Note:  Some figures shown for yearend 2000 are revised from those reported in Capital Punishment 2000, NCJ 190598.  The revised figures include 20 inmates who were either reported late to the National Prisoner Statistics program or were ",,,,,,,,,,,,,,,
"not in custody of State or Federal correctional authorities on 12/31/00 (3 in Oregon; 2 each in Pennsylvania, Georgia, Oklahoma, California, and the Federal Bureau of Prisons; and 1 each in New Jersey, Illinois, Ohio, Florida, Tennessee, ",,,,,,,,,,,,,,,
"Virginia, and Colorado). The revised figures exclude 13 inmates who were relieved of a death sentence by 12/31/00 (3 in Oregon; 2 each in Indiana and Washington; and 1 each in Ohio, Missouri, Florida, Kentucky, Louisiana, and California). ",,,,,,,,,,,,,,,
"Data for 12/31/00 also include 1 inmate in Oklahoma who was erroneously reported as being removed from under sentence of death.",,,,,,,,,,,,,,,
"\aIncludes 17 deaths from natural causes (4 in California; 2 each in Alabama, Florida,Texas, and Nevada; and 1 each in Pennsylvania, ",,,,,,,,,,,,,,,
"Missouri, North Carolina, Oklahoma, and Virginia) and 2 deaths from suicide (1 each in Nebraska and Virginia).",,,,,,,,,,,,,,,
"\bTotals include persons of races other than white and black.",,,,,,,,,,,,,,,
"\cThe reporting of race and Hispanic origin differs from that presented in tables 9 and 11.   In this table white and black inmates include Hispanics.",,,,,,,,,,,,,,,
"\dExcludes persons held under Armed Forces jurisdiction with a military death sentence for murder.",,,,,,,,,,,,,,,
"\eRace has been changed from black to white for 1 inmate and from white to American Indian for 1 inmate.",,,,,,,,,,,,,,,
"\fRace has been changed from white to black for 1 inmate.",,,,,,,,,,,,,,,
"\gRace has been changed from white to Asian for 1 inmate.",,,,,,,,,,,,,,,
