"Bureau of Justice Statistics",,,,,
"filename:  cp01t06.csv",,,,,
"Text table #: 6 Number of executions by race/ethnicity and method, 1977-2001",,,,,
"report title: Capital Punishment, 2001   NCJ 197020",,,,,
"data source: National Prisoner Statistics (NPS-8)",,,,,
"author:  Tracy L. Snell and Laura M. Maruschak",,,,,
"refer questions to: askbjs@ojp.usdoj.gov (202) 307-0765",,,,,
"date of version: 10/22/02",,,,,
,,,,,
"Text table 6. Number of executions by race/ethnicity and method, 1977-2001",,,,,
,"Executions, 1977-2001",,,,
"Method of execution","White","Black","Hispanic","American Indian","Asian"
"Total",422,263,52,7,5
"Lethal injection",332,191,50,6,5
"Electrocution",77,69,2,1,0
"Lethal gas",8,3,0,0,0
"Hanging",3,0,0,0,0
"Firing squad",2,0,0,0,0
