"Bureau of Justice Statistics",,
"filename:  cp0110.csv",,
"Table #: 10  Number of persons  executed, by jurisdiction, 1930-2001",,
"report title: Capital Punishment, 2001   NCJ 197020",,
"data source: National Prisoner Statistics (NPS-8)",,
"author:  Tracy L. Snell and Laura M. Maruschak",,
"refer questions to: askbjs@ojp.usdoj.gov (202) 307-0765",,
"date of version: 10/21/02",,
,,
"Table 10.  Number of persons  executed, by jurisdiction, 1930-2001",,
,"Number executed ",
"State","Since 1930","Since 1977"
"U.S. total",4608,749
"Texas",553,256
"Georgia",393,27
"New York",329,0
"California",301,9
"North Carolina",284,21
"Florida",221,51
"South Carolina",187,25
"Virginia",175,83
"Ohio",174,2
"Louisiana",159,26
"Alabama",158,23
"Mississippi",158,4
"Pennsylvania",155,3
"Arkansas",142,24
"Missouri",115,53
"Oklahoma",108,48
"Kentucky",105,2
"Illinois",102,12
"Tennessee ",94,1
"New Jersey",74,0
"Maryland",71,3
"Arizona",60,22
"Washington",51,4
"Indiana",50,9
"Colorado",48,1
"District of Columbia",40,0
"West Virginia",40,0
"Nevada",38,9
"Federal system",35,2
"Massachusetts",27,0
"Delaware",25,13
"Oregon ",21,2
"Connecticut",21,0
"Utah",19,6
"Iowa ",18,0
"Kansas",15,0
"New Mexico ",9,1
"Montana ",8,2
"Wyoming",8,1
"Nebraska",7,3
"Idaho",4,1
"Vermont",4,0
"New Hampshire",1,0
"South Dakota",1,0
