"Bureau of Justice Statistics",,,,
"filename:  cp01t07.csv",,,,
"Text table #: 7 Elapsed time since sentencing for inmates under sentence of death by gender and race/ethnicity",,,,
"report title: Capital Punishment, 2001   NCJ 197020",,,,
"data source: National Prisoner Statistics (NPS-8)",,,,
"author:  Tracy L. Snell and Laura M. Maruschak",,,,
"refer questions to: askbjs@ojp.usdoj.gov (202) 307-0765",,,,
"date of version: 10/22/02",,,,
,,,,
"Text table 7. Elapsed time since sentencing for inmates under sentence of death by gender and race/ethnicity",,,,
,"Elapsed time since sentencing",,,
"Inmates under sentence of death","Mean",,"Median",
"Total",103," mo",89," mo"
"Male",103,,90,
"Female",79,,79,
"White",106,,93,
"Black",103,,90,
"Hispanic",90,,73,
