"Bureau of Justice Statistics",,,,,,,,,
"filename:  cp01at01.csv",,,,,,,,,
"Appendix table #: 1  Prisoners sentenced to death and the outcome sentence, by year of sentencing, 1973-2001",,,,,,,,,
"report title: Capital Punishment, 2001   NCJ 197020",,,,,,,,,
"data source: National Prisoner Statistics (NPS-8)",,,,,,,,,
"author:  Tracy L. Snell and Laura M. Maruschak",,,,,,,,,
"refer questions to: askbjs@ojp.usdoj.gov (202) 307-0765",,,,,,,,,
"date of version: 10/21/02",,,,,,,,,
,,,,,,,,,
"Appendix table 1.  Prisoners sentenced to death and the outcome sentence, by year of sentencing, 1973-2001",,,,,,,,,
,,"Number of prisoners removed from under sentence of death",,,,,,,
,,,,"Appeal or higher courts overturned",,,,,
"Year  of sentence","Number sentenced to death","Execution","Other death","Death penalty statute","Conviction","Sentence","Sentence commuted","Other or unknown reasons","Under sentence of death 12/31/2001"
"1973",42,2,0,14,9,8,9,0,0
"1974",149,10,4,65,15,30,22,1,2
"1975",298,6,4,171,24,67,21,2,3
"1976",233,14,5,136,17,43,15,0,3
"1977",137,19,3,40,26,32,7,0,10
"1978",185,36,6,21,36,65,8,0,13
"1979",151,28,13,2,28,59,5,1,15
"1980",173,45,13,3,30,49,7,0,26
"1981",224,53,13,0,42,74,6,1,35
"1982",266,57,16,0,37,69,7,1,79
"1983",253,58,16,1,26,61,7,2,82
"1984",285,57,12,2,40,63,7,8,96
"1985",267,35,7,1,42,70,5,3,104
"1986",300,54,19,0,45,53,6,5,118
"1987",289,40,17,5,39,58,2,6,122
"1988",291,42,12,1,33,55,3,0,145
"1989",259,33,10,0,30,50,4,0,132
"1990",253,28,8,0,34,40,2,0,141
"1991",266,25,10,0,32,34,5,0,160
"1992",287,26,9,0,22,38,5,0,187
"1993",288,24,12,0,16,23,6,0,207
"1994",317,18,8,0,21,30,2,0,238
"1995",318,17,9,0,14,21,1,0,256
"1996",319,11,5,0,17,33,1,0,252
"1997",277,3,3,0,21,15,0,0,235
"1998",303,6,4,1,8,8,1,0,275
"1999",282,2,4,0,8,4,0,0,264
"2000",229,0,1,0,2,0,0,0,226
"2001",155,0,0,0,0,0,0,0,155
"Total, 1973-2001",7096,749,243,463,714,1152,164,30,3581
"Note:  For those persons sentenced to death more than once, the numbers are based on the most recent death sentence.",,,,,,,,,
