"Bureau of Justice Statistics",,
"filename:  cp01ht02.csv",,
"Highlights table #: 2 Persons under sentence of death, 1991 and 2001",,
"report title: Capital Punishment, 2001   NCJ 197020",,
"data source: National Prisoner Statistics (NPS-8)",,
"author:  Tracy L. Snell and Laura M. Maruschak",,
"refer questions to: askbjs@ojp.usdoj.gov (202) 307-0765",,
"date of version: 10/21/02",,
,,
"Highlights table 2. Persons under sentence of death, 1991 and 2001",,
,"Persons under sentence of death",
,1991,2001
"White",1464,1969
"Black",987,1538
"American Indian",25,28
"Asian",14,33
"Unknown race",1,13
