"Bureau of Justice Statistics",,,,,,,
"filename:  cp0106.csv",,,,,,,
"Table #: 6  Hispanics and women under sentence of death, by State, 2000 and 2001",,,,,,,
"report title: Capital Punishment, 2001   NCJ 197020",,,,,,,
"data source: National Prisoner Statistics (NPS-8)",,,,,,,
"author:  Tracy L. Snell and Laura M. Maruschak",,,,,,,
"refer questions to: askbjs@ojp.usdoj.gov (202) 307-0765",,,,,,,
"date of version: 10/21/02",,,,,,,
,,,,,,,
"Table 6.  Hispanics and women under sentence of death, by State, 2000 and 2001",,,,,,,
,"Under sentence of death, 12/31/00/a ",,"Received under sentence of death/b","Death sentence removed/c",,"Under sentence of death, 12/31/01  ",
"Region and State","Hispanics","Women","Hispanics","Hispanics","Women","Hispanics","Women"
"U.S. total",341,54,23,6,3,358,51
"Federal system",3,0,0,1,0,2,0
"Alabama",0,3,1,0,0,1,3
"Arizona",18,2,1,0,0,19,2
"Arkansas",1,0,0,0,0,1,0
"California",114,12,8,1,0,121,12
"Colorado",2,0,0,0,0,2,0
"Connecticut",1,0,0,0,0,1,0
"Florida",32,3,1,0,0,33,3
"Georgia",2,1,0,0,0,2,1
"Idaho",0,1,0,0,0,0,1
"Illinois",9,4,0,0,0,9,4
"Indiana",1,1,0,0,0,1,1
"Kentucky",1,1,0,0,0,1,1
"Louisiana",1,1,0,0,0,1,1
"Mississippi",1,1,0,0,0,1,1
"Nebraska",1,0,0,0,0,1,0
"Nevada",11,1,0,0,0,11,1
"New Jersey",0,1,0,0,0,0,1
"New Mexico",1,0,0,0,0,1,0
"New York",1,0,0,0,0,1,0
"North Carolina",3,6,1,0,0,4,6
"Ohio",5,0,0,0,0,5,0
"Oklahoma",6,3,0,1,3,5,0
"Oregon",2,0,0,0,0,2,0
"Pennsylvania",19,4,1,0,0,20,4
"Tennessee",2,2,0,0,0,2,2
"Texas",101,7,10,3,0,108,7
"Utah",3,0,0,0,0,3,0
"\aThe count of Hispanics and women under sentence of death at yearend 2000 has been revised.",,,,,,,
"\bNo women were received under sentence of death during 2001.",,,,,,,
"\cIncludes 3 Hispanic men (1 each in Oklahoma, Texas, and the Federal Bureau of Prisons) and 3 women (in Oklahoma) who were executed in 2001.",,,,,,,
