"Bureau of Justice Statistics",,,,,,,,,,,,,,,,
"filename: bcft0005.csv",,,,,,,,,,,,,,,,
"Table 5: Trends in applications, rejections, and reasons for ",,,,,,,,,,,,,,,,
"rejection since the beginning of the Brady Act, 1994-2000",,,,,,,,,,,,,,,,
"report title: Background Checks for Firearm Transfers, 2000",,,,,,,,,,,,,,,,
"data source: Firearm Inquiry Statistics Program (FIST)",,,,,,,,,,,,,,,,
"authors: Michael Bowling and Gene Lauver, REJIS, Sidra Lea Gifford and Devon B. Adams, BJS",,,,,,,,,,,,,,,,
"refer questions to: askbjs@ojp.usdoj.gov (202) 307-0765",,,,,,,,,,,,,,,,
"date of version: 06/28/01",,,,,,,,,,,,,,,,
,,,,,,,,,,,,,,,,
"Table 5. Trends in applications, rejections, and reasons for",,,,,,,,,,,,,,,,
"rejection since the beginning of the Brady Act, 1994-2000",,,,,,,,,,,,,,,,
,,,,,,,,,,,,,,,,
,1994,,1995,,1996,,1997,,"1998",,1999,,2000,,"Percent change",
,,,,,,,,,,,,,,,,
"Inquiries",2483000,,2706000,,2593000,,2574000,,3277000,,8621000,,7699000,,210.1,"%"
"Rejections",62000,,41000,,70000,,69000,,90000,,204000,,153000,,146.8,
"  Felons rejected",44000,,30000,,47000,,43000,,57000,,147000,,90000,,104.5,
"  All other",18000,,11000,,23000,,26000,,33000,,57000,,63000,,250.0,
"Percent felony",71,"%",72,"%",68,"%",62,"%",63,"%",72,"%",59,"%",-16.9,
"Felons per 1,000 inquiries",17.7,,10.9,,18.1,,16,,17.3,,17,,11.9,,-32.8,
,,,,,,,,,,,,,,,,
"Note: Counts are rounded.  See notes on table 1.",,,,,,,,,,,,,,,,
