"Bureau of Justice Statistics",,,,,,,
"filename:  cv0155.csv",,,,,,,
"Table 55: Victimization rates by locality of residence, race of head of household and type of crime",,,,,,,
"data source: National Criminal Victimization Survey, 2001   NCJ 197064",,,,,,,
"produced by:  Cathy Maston ",,,,,,,
"authors:  Patsy Klaus and Cathy Maston",,,,,,,
"refer questions to:  askbjs@ojp.usdoj.gov     202-307-0765",,,,,,,
"date of version: 10/31/02",,,,,,,
,,,,,,,
"Table 55. Property crimes, 2001: Victimization rates by locality of residence, race of head of household and type of crime",,,,,,,
,,,,,,,
,,,"                               Rate per 1,000 households",,,,
"Locality and race",,"Total households","Property crimes","Household burglary","Motor vehicle theft",,"Theft"
,,,,,,,
"All areas",,,,,,,
"White",,91732200,165.1,26.6,8.2,,130.3
"Black",,13827190,179.7,42.8,16.1,,120.8
"                                                                                               ",,,,,,,
"Urban",,,,,,,
"White",,22901480,217.4,34.0,13.7,,169.6
"Black",,7214470,208.3,52.3,21.0,,135.0
,,,,,,,
"Suburban",,,,,,,
"White",,44581940,157.0,23.6,7.8,,125.5
"Black",,4339730,163.3,32.5,15.3,,115.5
"                                                                                               ",,,,,,,
"Rural ",,,,,,,
"White",,24248780,130.6,24.9,3.7,,102.0
"Black",,2272980,120.4,32.4,2.1,"*",86.0
,,,,,,,
"Note: Detail may not add to total shown because of rounding.",,,,,,,
"The term ""Urban"" is used to denote ""Central cities.""",,,,,,,
"The term ""Suburban"" is used to denote ""Outside central cities.""",,,,,,,
"The term ""Rural"" is used to denote ""Nonmetropolitan areas.""",,,,,,,
"Excludes data on persons of ""Other"" races.",,,,,,,
"*Estimate is based on about 10 or fewer sample cases.",,,,,,,
