"Bureau of Justice Statistics",,,,,,,
"Filename:  cp99a3.csv",,,,,,,
"Appendix table 3.  Number sentenced to death and number of removals, by jurisdiction and reason for removal, 1973-99",,,,,,,
"Report title: Capital Punishment 1999 NCJ 184795",,,,,,,
"Data source: National Prisoner Statistics (NPS-8)",,,,,,,
"Author:  Tracy L. Snell",,,,,,,
"Refer questions to: askbjs@ojp.usdoj.gov (202) 307-0765",,,,,,,
"Date of version: 11/22/00",,,,,,,
,,,,,,,
,,,,,,,
"Appendix table 3.  Number sentenced to death and number of removals, by jurisdiction and reason for removal, 1973-99",,,,,,,
,,,,,,,
,"Total",,,,,,"Under"
,"sentenced","Number of removals, 1973-99",,,,,"sentence "
,"to death, ","  ",,"Sentence or con-  ","Sentence","Other   ","of death,"
"State","1973-99","Executed","Died","viction overturned","commuted","removals","12/31/1999"
,,,,,,,
"          U.S. total",6707,598,205,2193,154,30,3527
,,,,,,,
"     Federal",22,0,0,2,0,0,20
,,,,,,,
"Alabama",314,19,13,100,2,0,180
"Arizona",223,19,9,73,5,1,116
"Arkansas",94,21,1,30,2,0,40
"California",722,7,31,116,15,0,553
"Colorado",17,1,1,10,1,0,4
"Connecticut",7,0,0,1,0,0,6
"Delaware",40,10,0,13,0,0,17
"Florida",821,44,29,363,18,2,365
"Georgia",289,23,9,134,6,1,116
"Idaho",37,1,1,12,2,0,21
,,,,,,,
"Illinois",273,12,9,85,3,8,156
"Indiana",92,7,1,37,2,2,43
"Kansas",3,0,0,0,0,0,3
"Kentucky",71,2,2,27,1,0,39
"Louisiana",196,25,3,76,6,1,85
"Maryland",48,3,1,24,3,0,17
"Massachusetts",4,0,0,2,2,0,0
"Mississippi",163,4,2,94,0,3,60
"Missouri",158,41,7,25,2,0,83
"Montana",15,2,0,6,1,0,6
,,,,,,,
"Nebraska",24,3,2,8,2,0,9
"Nevada",127,8,5,25,3,0,86
"New Jersey",48,0,3,23,0,8,14
"New Mexico",26,0,1,16,5,0,4
"New York",8,0,0,3,0,0,5
"North Carolina",468,15,9,237,5,0,202
"Ohio",351,1,9,133,9,0,199
"Oklahoma",294,19,7,128,1,0,139
"Oregon",46,2,1,18,0,0,25
"Pennsylvania",323,3,10,80,0,0,230
,,,,,,,
"Rhode Island",2,0,0,2,0,0,0
"South Carolina",163,24,4,67,3,0,65
"South Dakota",3,0,0,0,0,0,3
"Tennessee",192,0,9,81,0,2,100
"Texas",829,199,21,103,45,1,460
"Utah",26,6,0,9,1,0,10
"Virginia",123,73,3,6,9,1,31
"Washington",34,3,1,17,0,0,13
"Wyoming",11,1,1,7,0,0,2
,,,,,,,
"    Percent",100%,8.9%,3.1%,32.7%,2.3%,0.4%,52.6%
,,,,,,,
"Note:  For those persons sentenced to death more than once, the numbers are based on the most recent death sentence.",,,,,,,
