"Bureau of Justice Statistics",,,,,,,,,,,,,,,,,,,
"Filename:  cp9905.csv",,,,,,,,,,,,,,,,,,,
"Table 5.  Prisoners under sentence of death, by region, State, and race, 1998 and 1999",,,,,,,,,,,,,,,,,,,
"Report title: Capital Punishment 1999 NCJ 184795",,,,,,,,,,,,,,,,,,,
"Data source: National Prisoner Statistics (NPS-8)",,,,,,,,,,,,,,,,,,,
"Author:  Tracy L. Snell",,,,,,,,,,,,,,,,,,,
"Refer questions to: askbjs@ojp.usdoj.gov (202) 307-0765",,,,,,,,,,,,,,,,,,,
"Date of version: 12/7/00",,,,,,,,,,,,,,,,,,,
,,,,,,,,,,,,,,,,,,,
"Table 5.  Prisoners under sentence of death, by region, State, and race, 1998 and 1999",,,,,,,,,,,,,,,,,,,
,,,,,,,,,,,,,,,,,,,
,,,,,,,,,"Removed from  ",,,,,,,,"Prisoners  ",,
,"Prisoners under sentence  ",,,,"Received under  ",,,,"death row  ",,,," ",,,,"under sentence  ",,
"Region ","of death, 12/31/98",,,,"sentence of death  ",,,,"(excluding executions) \a",,,,"Executed   ",,,,"of death, 12/31/99",,
"and State \b","Total \c","White \d","Black \d",,"Total \c","White","Black",,"Total \c","White","Black",,"Total \c","White","Black",,"Total \c","White","Black"
,,,,,,,,,,,,,,,,,,,
"U.S. total",3465,1917,1489,,272,157,104,,112,65,46,,98,61,33,,3527,1948,1514
,,,,,,,,,,,,,,,,,,,
"Federal \e,f",19,5,13,,1,0,1,,0,0,0,,0,0,0,,20,5,14
"State",3446,1912,1476,,271,157,103,,112,65,46,,98,61,33,,3507,1943,1500
,,,,,,,,,,,,,,,,,,,
" Northeast",247,86,150,,21,12,8,,12,8,4,,1,1,0,,255,89,154
"   Connecticut",5,2,3,,1,1,0,,0,0,0,,0,0,0,,6,3,3
"   New Hampshire",0,0,0,,0,0,0,,0,0,0,,0,0,0,,0,0,0
"   New Jersey",14,8,6,,1,1,0,,1,1,0,,0,0,0,,14,8,6
"   New York",1,0,1,,4,4,0,,0,0,0,,0,0,0,,5,4,1
"   Pennsylvania",227,76,140,,15,6,8,,11,7,4,,1,1,0,,230,74,144
,,,,,,,,,,,,,,,,,,,
" Midwest",498,242,254,,29,21,8,,19,10,9,,12,7,5,,496,246,248
"   Illinois",158,59,99,,8,3,5,,9,5,4,,1,1,0,,156,56,100
"   Indiana",45,30,15,,2,2,0,,3,1,2,,1,1,0,,43,30,13
"   Kansas",2,2,0,,1,1,0,,0,0,0,,0,0,0,,3,3,0
"   Missouri \g",89,47,42,,7,6,1,,4,2,2,,9,4,5,,83,47,36
"   Nebraska",11,9,1,,0,0,0,,2,1,1,,0,0,0,,9,8,0
"   Ohio",191,93,97,,10,8,2,,1,1,0,,1,1,0,,199,99,99
"   South Dakota",2,2,0,,1,1,0,,0,0,0,,0,0,0,,3,3,0
,,,,,,,,,,,,,,,,,,,
" South",1902,1050,830,,162,87,72,,74,42,31,,74,46,27,,1916,1049,844
"   Alabama",178,95,82,,12,6,6,,8,7,1,,2,0,2,,180,94,85
"   Arkansas",40,20,20,,5,1,4,,1,1,0,,4,4,0,,40,16,24
"   Delaware",17,7,10,,2,2,0,,0,0,0,,2,1,1,,17,8,9
"   Florida",375,242,132,,20,11,9,,29,17,12,,1,1,0,,365,235,129
"   Georgia \h",109,57,52,,8,4,3,,1,1,0,,0,0,0,,116,60,55
"   Kentucky",37,29,8,,4,4,0,,1,0,1,,1,1,0,,39,32,7
"   Louisiana",77,24,53,,10,3,6,,1,0,1,,1,0,1,,85,27,57
"   Maryland",17,5,12,,1,0,1,,1,1,0,,0,0,0,,17,4,13
"   Mississippi",63,28,35,,4,1,3,,7,3,4,,0,0,0,,60,26,34
"   North Carolina",187,79,102,,24,8,15,,5,3,2,,4,2,2,,202,82,113
"   Oklahoma \i",144,88,48,,6,2,4,,5,2,2,,6,3,2,,139,85,48
"   South Carolina",68,33,35,,5,2,3,,4,0,4,,4,2,2,,65,33,32
"   Tennessee",99,63,34,,6,5,1,,5,5,0,,0,0,0,,100,63,35
"   Texas \j",452,258,190,,48,34,14,,5,2,3,,35,24,11,,460,266,190
"   Virginia",39,22,17,,7,4,3,,1,0,1,,14,8,6,,31,18,13
,,,,,,,,,,,,,,,,,,,
" West",799,534,242,,59,37,15,,7,5,2,,11,7,1,,840,559,254
"   Arizona \g,h",121,105,11,,6,4,2,,4,3,1,,7,6,0,,116,100,12
"   California",512,310,188,,43,25,13,,0,0,0,,2,0,1,,553,335,200
"   Colorado",3,1,2,,1,1,0,,0,0,0,,0,0,0,,4,2,2
"   Idaho",20,20,0,,1,1,0,,0,0,0,,0,0,0,,21,21,0
"   Montana",6,5,0,,0,0,0,,0,0,0,,0,0,0,,6,5,0
"   Nevada",84,48,35,,5,4,0,,2,1,1,,1,0,0,,86,51,34
"   New Mexico",4,4,0,,0,0,0,,0,0,0,,0,0,0,,4,4,0
"   Oregon",23,22,0,,2,2,0,,0,0,0,,0,0,0,,25,24,0
"   Utah",10,7,2,,1,0,0,,0,0,0,,1,1,0,,10,6,2
"   Washington",14,10,4,,0,0,0,,1,1,0,,0,0,0,,13,9,4
"   Wyoming",2,2,0,,0,0,0,,0,0,0,,0,0,0,,2,2,0
,,,,,,,,,,,,,,,,,,,
"Note:  Some figures shown for yearend 1998 are revised from those reported in Capital Punishment 1998, NCJ 179012.  ",,,,,,,,,,,,,,,,,,,
"The revised figures include 20 inmates who were either reported late to BJS's National Prisoner Statistics program or were not in custody of State",,,,,,,,,,,,,,,,,,,
"correctional authorities on 12/31/98 (5 in Pennsylvania; 2 each in Illinois, Florida, 'Louisiana, Tennessee, and Texas; and 1 each in Kansas, Kentucky,",,,,,,,,,,,,,,,,,,,
"Arizona, California, and Idaho) and exclude 8 inmates who were relieved of the death sentence on or before 12/31/98 (2 each in Pennsylvania and ",,,,,,,,,,,,,,,,,,,
"Mississippi; and 1 each in  Illinois, Missouri, Texas, and California.  Data for 12/31/98 also includes 1 inmate in Florida who previously was  ",,,,,,,,,,,,,,,,,,,
"erroneously reported as being removed from under sentence of death. ",,,,,,,,,,,,,,,,,,,
,,,,,,,,,,,,,,,,,,,
"a/ Includes 19 deaths from natural causes (5 in Florida; 4 in Tennessee; 3 in Texas; 2 in Pennsylvania; and 1 each in Ohio, Alabama, Georgia, ",,,,,,,,,,,,,,,,,,,
"North Carolina, and Arizona); 2 suicides (in Alabama and Florida); 2 inmates murdered by another inmate (in New Jersey and Mississippi);",,,,,,,,,,,,,,,,,,,
"and 1 inmate who died following an altercation with correctional officers (in Florida). ",,,,,,,,,,,,,,,,,,,
,,,,,,,,,,,,,,,,,,,
"b/ Alaska, the District of Columbia, Hawaii, Iowa, Maine, Massachusetts, Michigan, Minnesota, North Dakota, Rhode Island, Vermont, West Virginia,",,,,,,,,,,,,,,,,,,,
"and Wisconsin did not authorize the death penalty as of 12/31/98.",,,,,,,,,,,,,,,,,,,
,,,,,,,,,,,,,,,,,,,
"c/ Totals include persons of other races.",,,,,,,,,,,,,,,,,,,
,,,,,,,,,,,,,,,,,,,
"d/ The reporting of race and Hispanic origin differs from that presented in tables 9 and 11.   In this table white and black inmates include Hispanics.",,,,,,,,,,,,,,,,,,,
,,,,,,,,,,,,,,,,,,,
"e/ Excludes persons held under Armed Forces jurisdiction with a military death sentence for murder.",,,,,,,,,,,,,,,,,,,
,,,,,,,,,,,,,,,,,,,
"f/ Race has been changed from white to Asian for 1 inmate in 1998 statistics.",,,,,,,,,,,,,,,,,,,
,,,,,,,,,,,,,,,,,,,
"g/ Race has been changed from black to white for 1 inmate.",,,,,,,,,,,,,,,,,,,
,,,,,,,,,,,,,,,,,,,
"h/ Race has been changed from American Indian to white for 1 inmate.",,,,,,,,,,,,,,,,,,,
,,,,,,,,,,,,,,,,,,,
"i/ Race has been changed from white to black for 1 inmate.",,,,,,,,,,,,,,,,,,,
,,,,,,,,,,,,,,,,,,,
"j/ Race has been changed from ""other"" to white for 1 inmate.",,,,,,,,,,,,,,,,,,,
