Bureau of Justice Statistics,,,,,
Filename: svraca1618at08.csv,,,,,
"Appendix table 8. Standard errors for table 4: Aggregated percent of allegations, by type of victimization, outcome of investigation, and type of facility,�2016-18",,,,,
"Report title: Sexual Victimization Reported by Adult Correctional Authorities, 2016-2018  NCJ 255356",,,,,
"Data source: Bureau of Justice Statistics, Survey of Sexual Victimization, 2016-2018",,,,,
"Author: Emily D. Buehler, Ph.D., BJS Statistician",,,,,
Refer questions to: askbjs@usdoj.gov 202-307-0765,,,,,
Date of version: 6/2/2021,,,,,
,,,,,
"Appendix Table 8. Standard errors for table 4: Aggregated percent of allegations, by type of victimization, outcome of investigation, and type of facility,�2016-18",,,,,
Type of victimization and outcome,,All facilities,,Local jails,
Inmate-on-inmate total,,,,,
,Substantiated,0.21,%,0.47,%
,Unsubstantiated,0.57,,1.3,
,Unfounded,0.63,,1.41,
,Number of completed investigations,512,,475,
Nonconsensual sexual acts,,,,,
,Substantiated,0.23,,0.48,
,Unsubstantiated,0.87,,1.7,
,Unfounded,0.94,,1.81,
,Number of completed investigations,420,,394,
Abusive sexual contact,,,,,
,Substantiated,0.39,,0.82,
,Unsubstantiated,0.48,,1.25,
,Unfounded,0.46,,1.27,
,Number of completed investigations,192,,183,
Staff-on-inmate total,,,,,
,Substantiated,0.14,%,0.5,%
,Unsubstantiated,0.31,,1.09,
,Unfounded,0.31,,1.11,
,Number of completed investigations,330,,293,
Staff sexual misconduct,,,,,
,Substantiated,0.18,,0.61,
,Unsubstantiated,0.39,,1.45,
,Unfounded,0.41,,1.47,
,Number of completed investigations,224,,199,
Staff sexual harassment,,,,,
,Substantiated,0.22,,0.78,
,Unsubstantiated,0.4,,1.39,
,Unfounded,0.38,,1.47,
,Number of completed investigations,178,,159,
"Source: Bureau of Justice Statistics, Survey of Sexual Victimization, 2016-2018.",,,,,
