Bureau of Justice Statistics,,,
Filename: svraca1618at07.csv,,,
"Appendix table 7. Standard errors for table 3: Aggregated number of allegations, by type of victimization, outcome of investigation, and type of facility,�2016-18",,,
"Report title: Sexual Victimization Reported by Adult Correctional Authorities, 2016-2018  NCJ 255356",,,
"Data source: Bureau of Justice Statistics, Survey of Sexual Victimization, 2016-2018",,,
"Author: Emily D. Buehler, Ph.D., BJS Statistician",,,
Refer questions to: askbjs@usdoj.gov 202-307-0765,,,
Date of version: 6/2/2021,,,
,,,
"Appendix Table 7. Standard errors for table 3: Aggregated number of allegations, by type of victimization, outcome of investigation, and type of facility,�2016-18",,,
Type of victimization and outcome,,All facilities,Local jails
Inmate-on-inmate total,,520,483
,Substantiated,74,56
,Unsubstantiated,264,245
,Unfounded,338,333
,Under investigation,50,49
Nonconsensual sexual acts,,426,400
,Substantiated,38,36
,Unsubstantiated,208,186
,Unfounded,302,296
,Under investigation,54,44
Abusive sexual contact,,316,207
,Substantiated,66,44
,Unsubstantiated,200,114
,Unfounded,133,109
,Under investigation,50,39
Staff-on-inmate total,,345,309
,Substantiated,63,52
,Unsubstantiated,157,151
,Unfounded,240,201
,Under investigation,63,61
Staff sexual misconduct,,235,211
,Substantiated,41,36
,Unsubstantiated,116,112
,Unfounded,170,141
,Under investigation,46,44
Staff sexual harassment,,262,180
,Substantiated,45,35
,Unsubstantiated,142,83
,Unfounded,149,117
,Under investigation,48,43
"Source: Bureau of Justice Statistics, Survey of Sexual Victimization, 2016-2018.",,,
