Bureau of Justice Statistics,,,,,,,,,,,
Filename: svraca1618at11.csv,,,,,,,,,,,
"Appendix table 11. Standard errors for table 7: Substantiated incidents of sexual victimization, by type of victimization, 2005 and 2010-2018",,,,,,,,,,,
"Report title: Sexual Victimization Reported by Adult Correctional Authorities, 2016-2018  NCJ 255356",,,,,,,,,,,
"Data source: Bureau of Justice Statistics, Survey of Sexual Victimization, 2005 and 2010-2018",,,,,,,,,,,
"Author: Emily D. Buehler, Ph.D., BJS Statistician",,,,,,,,,,,
Refer questions to: askbjs@usdoj.gov 202-307-0765,,,,,,,,,,,
Date of version: 6/2/2021,,,,,,,,,,,
,,,,,,,,,,,
"Appendix Table 11. Standard errors for table 7: Substantiated incidents of sexual victimization, by type of victimization, 2005 and 2010-2018",,,,,,,,,,,
Type of victimization,,2018,2017,2016,2015,2014,2013,2012,2011,2010,2005
,Total,67,55,51,40,61,44,27,30,30,90
Inmate-on-inmate total,,56,34,35,35,37,37,17,17,16,...
,Nonconsensual sexual acts,21,24,21,18,18,18,15,13,8,79
,Abusive sexual contact,53,25,32,29,32,31,8,11,15,29
Staff-on-inmate total,,37,41,31,19,46,23,20,23,23,...
,Staff sexual misconduct,27,23,22,17,44,16,18,17,20,30
,Staff sexual harassment,25,30,22,7,10,12,8,13,11,5
...Not available.,,,,,,,,,,,
"Source: Bureau of Justice Statistics, Survey of Sexual Victimization, 2005 and 2010-2018.",,,,,,,,,,,
