Bureau of Justice Statistics,,,,,,,,,,
Filename: bcft1617at03.csv,,,,,,,,,,
"Appendix table 3. Standard errors for table 2: Firearm applications and denials reported by local agencies, by type of permit or check, 2016 and 2017",,,,,,,,,,
"Report title: Background Checks for Firearm Transfers, 2016-2017  NCJ 254757",,,,,,,,,,
"Data source: Bureau of Justice Statistics, Firearm Inquiry Statistics program, 2016 and 2017",,,,,,,,,,
"Author: Connor Brooks, BJS Statistician",,,,,,,,,,
Refer questions to: askbjs@usdoj.gov 202-307-0765,,,,,,,,,,
Date of version: 2/16/2021,,,,,,,,,,
,,,,,,,,,,
"Appendix table 3. Standard errors for table 2: Firearm applications and denials reported by local agencies, by type of permit or check, 2016 and 2017",,,,,,,,,,
,,2016,,,,,2017,,,
Type of permit/check,,Applications,Denials,Percent denied,,,Applications,Denials,Percent denied,
,National total,"49,824","1,037",<0.01,%,,"37,030","1,907",0.01,%
State and local total,,"49,824","1,037",0.01,%,,"37,030","1,907",0.02,%
Local agencies,,"49,824","1,037",0.07,%,,"37,030","1,907",0.14,%
,Exempt carry permit,"46,892",760,0.07,,,"30,994",519,0.06,
,Purchase permit,"12,448",646,0.17,,,"18,064","1,804",0.46,
,Other approval,"10,184",107,0.03,,,"3,088",24,0.03,
Note: No sampling error was present for totals from the Federal Bureau of Investigation and state agency reporters in table 2 because they reported complete counts.,,,,,,,,,,
"Source: Bureau of Justice Statistics, Firearm Inquiry Statistics program, 2016 and 2017.",,,,,,,,,,
