Bureau of Justice Statistics,,,,,,,,,,,,
Filename: bcft1617at05.csv,,,,,,,,,,,,
"Appendix table 5. Standard errors for local agencies in tables 5 and 6: Reasons for denial of applications for firearm transfers and permits, by type of checking agency, 2016 and 2017",,,,,,,,,,,,
"Report title: Background Checks for Firearm Transfers, 2016-2017  NCJ 254757",,,,,,,,,,,,
"Data source: Bureau of Justice Statistics, Firearm Inquiry Statistics program, 2016 and 2017",,,,,,,,,,,,
"Author: Connor Brooks, BJS Statistician",,,,,,,,,,,,
Refer questions to: askbjs@usdoj.gov 202-307-0765,,,,,,,,,,,,
Date of version: 2/16/2021,,,,,,,,,,,,
,,,,,,,,,,,,
"Appendix table 5. Standard errors for local agencies in tables 5 and 6: Reasons for denial of applications for firearm transfers and permits, by type of checking agency, 2016 and 2017",,,,,,,,,,,,
,,All checking agencies,,,,,,Local,,,,
Reason for denial,,2016,,,2017,,,2016,,,2017,
Felony reasons,,,,,,,,,,,,
,Felony conviction,0.09,%,,0.19,%,,0.6,%,,0.77,%
,Felony arrest with no disposition,0.02,,,0.04,,,0.33,,,0.29,
,Under felony indictment/information,0.03,,,0.04,,,0.43,,,0.41,
Non-felony reasons,,,,,,,,,,,,
,Fugitive from justice/warrant,0.05,%,,0.03,%,,0.39,%,,0.26,%
,State-law prohibition,0.19,,,0.4,,,2.69,,,3.63,
,Misdemeanor conviction of domestic violence ,0.05,,,0.03,,,0.9,,,0.26,
,Drug use/addiction,0.02,,,0.05,,,0.28,,,0.64,
,Other prohibitions,0.12,,,0.09,,,1.64,,,1.59,
,Mental-health commitment/adjudication,0.02,,,0.03,,,0.46,,,0.44,
,Protection/restraining order,0.06,,,0.03,,,0.91,,,0.26,
,Illegal/unlawful entry into U.S.,0.01,,,0.02,,,0.09,,,0.06,
,Local-law prohibition,0.05,,,0.06,,,0.8,,,0.77,
"Source: Bureau of Justice Statistics, Firearm Inquiry Statistics program, 2016 and 2017.",,,,,,,,,,,,
