Bureau of Justice Statistics,,,,,,,,,,
Filename: bcft1617at04.csv,,,,,,,,,,
"Appendix table 4. Standard errors for table 4: Firearm applications and denials reported by local agencies, by type of permit or check and size of population served, 2016 and 2017",,,,,,,,,,
"Report title: Background Checks for Firearm Transfers, 2016-2017  NCJ 254757",,,,,,,,,,
"Data source: Bureau of Justice Statistics, Firearm Inquiry Statistics program, 2016 and 2017",,,,,,,,,,
"Author: Connor Brooks, BJS Statistician",,,,,,,,,,
Refer questions to: askbjs@usdoj.gov 202-307-0765,,,,,,,,,,
Date of version: 2/16/2021,,,,,,,,,,
,,,,,,,,,,
"Appendix table 4. Standard errors for table 4: Firearm applications and denials reported by local agencies, by type of permit or check and size of population served, 2016 and 2017",,,,,,,,,,
,,2016,,,,,2017,,,
Type of permit/check and population served,,Applications,Denials,Percent denied,,,Applications,Denials,Percent denied,
Purchase permit,,"12,448",646,0.17,%,,"18,064","1,804",0.46,%
,"9,999 or less",944,27,0.07,,,749,26,0.07,
,"10,000-99,999","4,712",297,0.18,,,"3,695",232,0.18,
,"100,000-199,999",801,39,0.09,,,"1,840",219,0.47,
,"200,000 or more","11,455",571,0.53,,,"17,570","1,775",1.14,
Exempt carry permit,,"46,892",760,0.07,%,,"30,994",519,0.06,%
,"9,999 or less",427,8,0.04,,,415,12,0.06,
,"10,000-99,999","36,952",303,0.05,,,"24,501",179,0.05,
,"100,000-199,999","4,916",335,0.19,,,"7,684",70,0.1,
,"200,000 or more","28,445",611,0.17,,,"17,353",482,0.15,
Note: No sampling error was present for totals of other approvals in table 4 because Washington state reported complete counts. ,,,,,,,,,,
"Source: Bureau of Justice Statistics, Firearm Inquiry Statistics program, 2016 and 2017.",,,,,,,,,,
