Bureau of Justice Statistics,,,,,,,,,,,,,,,
Filename: bcft1617t07.csv,,,,,,,,,,,,,,,
"Table 7. Percent change in applications, denials, and reasons for denial, 1999-2016 and 1999-2017",,,,,,,,,,,,,,,
"Report title: Background Checks for Firearm Transfers, 2016-2017  NCJ 254757",,,,,,,,,,,,,,,
"Data source: Bureau of Justice Statistics, Firearm Inquiry Statistics program, 1999, 2016, and 2017; and Federal Bureau of Investigation, National Instant Criminal Background Check System Transaction Statistics, 1999, 2016, and 2017",,,,,,,,,,,,,,,
"Author: Connor Brooks, BJS Statistician",,,,,,,,,,,,,,,
Refer questions to: askbjs@usdoj.gov 202-307-0765,,,,,,,,,,,,,,,
Date of version: 2/16/2021,,,,,,,,,,,,,,,
,,,,,,,,,,,,,,,
"Table 7. Percent change in applications, denials, and reasons for denial, 1999-2016 and 1999-2017",,,,,,,,,,,,,,,
,,1999,,,2016,,,2017,,,"Percent change, 1999-2016",,,"Percent change, 1999-2017",
Number of applications,,"8,621,000",,,"19,203,000",,,"17,163,000",,,122.7,%,,99.1,%
"Number of denials/a,b",,"204,000",,,"265,000",,,"237,000",,,29.9,%,,16.2,%
,Felony,"148,000",,,"111,000",,,"108,000",,,-25,,,-27,
,Non-felony,"56,000",,,"154,000",,,"129,000",,,175,,,130.4,
Percent of all applications denied/b,,2.4,%,,1.4,%,,1.4,%,,-41.7,%,,-41.6,%
,Felony,1.7,,,0.6,,,0.6,,,-66.3,,,-63.3,
,Non-felony,0.6,,,0.8,,,0.8,,,23.5,,,15.7,
Percent of denials/b,,100,%,,100,%,,100,%,,, ,,,
,Felony/c,72.5,%,,41.9,%,,45.6,%,,-42.3,%,,-37.2,%
,Non-felony,27.5,,,58.1,,,54.4,,,111.7,,,98.3,
"Note: Applications are for firearm transfers and permits. Totals are rounded to the nearest 1,000 and may not sum to totals in other tables. Estimates were based on data reported by the Federal Bureau of Investigation (FBI) and by state agencies that reported reasons for denial to the Firearm Inquiry Statistics program. For information on sample design and agencies that reported data, see Methodology.",,,,,,,,,,,,,,,
a/The FBI began a new classification system for federal prohibitions on firearm transfers in 2008 and reclassified all its denials from 1999 to 2008. FBI counts of denials should not be compared to counts in reports in the Background Checks for Firearm Transfers series that were published before 2008. ,,,,,,,,,,,,,,,
b/See tables 5 and 6 for types of felony and non-felony reasons for denial.,,,,,,,,,,,,,,,
c/Not all reporting agencies reported reasons for denial. The percentage of denials for felony reasons is estimated by dividing the reported number of denials for felony reasons by the total number of denials. The total number of felony denials is estimated by multiplying the percentage of denials for felony reasons by the total number of denials. ,,,,,,,,,,,,,,,
"Source: Bureau of Justice Statistics, Firearm Inquiry Statistics program, 1999, 2016, and 2017; and Federal Bureau of Investigation, National Instant Criminal Background Check System Transaction Statistics, 1999, 2016, and 2017.",,,,,,,,,,,,,,,
