Bureau of Justice Statistics,,,,,
Filename: htohsago18t11.csv,,,,,
"Table 11. Number of attorneys general offices that reported type of resource needed to improve human-trafficking prosecutions, by importance of resource, 2018",,,,,
"Report title: Human-Trafficking Offenses Handled by State Attorneys General Offices, 2018 NCJ 254803",,,,,
"Data source: Bureau of Justice Statistics, Survey of State Attorneys General Offices, Human Trafficking, 2018",,,,,
"Author: Suzanne M. Strong, Ph.D., former BJS Statistician",,,,,
Refer questions to: askbjs@usdoj.gov 202-307-0765,,,,,
Date of version: 3/23/2021,,,,,
,,,,,
"Table 11. Number of attorneys general offices that reported type of resource needed to improve human-trafficking prosecutions, by importance of resource, 2018",,,,,
Type of resource,Very important,Moderately important,Slightly important,Not at all important,Did not respond to survey
Victim services/a,30,11,3,1,9
More prosecutors/a,29,8,8,0,9
Law enforcement coordination/a,27,14,4,0,9
Civil enforcement coordination/a,20,13,10,2,9
Other/b,11,1,0,2,9
a/Two attorneys general offices that responded to the survey did not respond to this question.,,,,,
"b/Includes interpreters, cooperation with the U.S. Department of Justice, more investigators and dedicated advocates and analysts, greater jurisdiction to prosecute, more coordination at all levels, more education and advocacy, more services for victims, and training local law enforcement and prosecutors.",,,,,
"Source: Bureau of Justice Statistics, Survey of State Attorney General Offices, Human Trafficking, 2018",,,,,
