Bureau of Justice Statistics,,
filename: vsfp04tt01.csv,,
"Text table 1. Prison incarceration rate, per 100,000 adult males in the U.S. resident population, by veteran status, 2004",,
"report title: Veterans in State and Federal Prison, 2004",,
"data source: Survey of Inmates in State and Federal Correctional Facilities, 2004, U.S. Department of Veteran Affairs, U.S. Census Bureau",,
authors: Margaret E. Noonan and Christopher J. Mumola ,,
refer questions to: askbjs@usdoj.gov  (202) 307-0765,,
date of version: 05-20-07,,

,"Prison incarceration rate, per 100,000 adult males",
Age,Veterans,Nonveterans
All adults,630,"1,390"
18-24,"1,391","1,446"
25-34,"1,232","2,260"
35-44,"1,861","1,763"
45-54,"1,314",846
55-64,345,451
65 or older,76,105
