Bureau of Justice Statistics,,,,,,,,,,
filename: vsfp04at11.csv,,,,,,,,,,
"Appendix table 11. Substance abuse treatment history of State and Federal prisoners, by veteran status, 2004",,,,,,,,,,
"report title: Veterans in State and Federal Prison, 2004 NCJ 217199",,,,,,,,,,
"data source: Survey of Inmates in State and Federal Correctional Facilities, 2004",,,,,,,,,,
authors: Margaret E. Noonan and Christopher J. Mumola ,,,,,,,,,,
refer questions to: askbjs@usdoj.gov  (202) 307-0765,,,,,,,,,,
date of version: 05-20-07,,,,,,,,,,
"Appendix table 11. Substance abuse treatment history of State and Federal prisoners, by veteran status, 2004",,,,,,,,,,
,,,Percent of substance abuse treatment in prison,,,,,,,
,,,State,,,,Federal,,,
,,,Veterans,,Nonveterans,,Veterans,,Nonveterans,
Every any treatment or programs,,,55.3,%,57.4,%,51.5,%,51.7,%
,Any treatment,,30.4,,31.1,,26.7,,24.2,
,Other alcohol/drug programs,,46.3,,46.2,,40.4,,42.3,
Participation while under correctional supervision,,,46.8,%,49.9,%,43.5,%,45.7,%
,Any treatment,,21.6,,24.4,,19.1,,19.5,
,Other alcohol/drug programs,,40.4,,41.1,,34,,39,
Participated since admission,,,32.4,%,34.3,%,30.5,%,34.2,%
,Any treatment,,10.2,,11.2,,9.8,,10.3,
,,Residential facility or unit,5.8,,7.2,,5.2,,5.7,
,,Counseling by a professional,5.2,,4.8,,4.7,,4.9,
,,Detoxification unit,0.5,,0.7,,0,,0.6,
,,Maintenance drug,0.3,,0.2,,0,,0.2,
,Other alcohol/drug programs,,28.9,%,29.9,%,24.4,%,29.9,%
,,Self-help group/peer counseling,22.6,,23.7,,12.3,,16.1,
,,Education program,14.5,,14.1,,16.1,,21,
