Bureau of Justice Statistics,,,,,,,,,,
filename: vsfp04at08.csv,,,,,,,,,,
"Appendix table 8. Maximum sentence length, and time to be served until release, by veteran status, State and Federal prisoners, 2004",,,,,,,,,,
"report title: Veterans in State and Federal Prison, 2004 NCJ 217199",,,,,,,,,,
"data source: Survey of Inmates in State and Federal Correctional Facilities, 2004",,,,,,,,,,
authors: Margaret E. Noonan and Christopher J. Mumola ,,,,,,,,,,
refer questions to: askbjs@usdoj.gov  (202) 307-0765,,,,,,,,,,
date of version: 05-20-07,,,,,,,,,,
"Appendix table 8. Maximum sentence length, and time to be served until release, by veteran status, State and Federal prisoners, 2004",,,,,,,,,,
,,,"Percent of veterans in prison, 2004",,,,,,,
,,,State,,,,Federal,,,
,,,Veterans,,Nonveterans,,Veterans,,Nonveterans,
Maximum sentence length,,,,,,,,,,
,Less than 12 months,,2.9,%,3.5,%,0.9,%,1.6,%
,12-35 months,,9.8,,14.8,,16.4,,10.5,
,36-59 months,,9.6,,14.1,,9.3,,13.7,
,60-119 months,,20.1,,23.2,,22.9,,26.6,
,120-179 months,,12.1,,11.9,,18.7,,20.2,
,180-239 months,,8.3,,7.8,,9.6,,9.9,
,240 or longer months,,24,,16.7,,19.1,,14.7,
,Life/death,,13.2,,8.1,,3.1,,2.8,
,,Mean/a,147,mo.,119,mo.,138,mo.,127,mo.
Total time to be served on current sentence/b,,,,,,,,,,
,Less than 24 months,,10.9,%,16.7,%,9,%,5.9,%
,24-47 months,,13.8,,18.7,,9.9,,13.7,
,48-71 months,,20.1,,18.6,,11.5,,16.7,
,72-119 months,,15,,14,,22.1,,18.3,
,120-179 months,,11.7,,9.4,,14.4,,13.5,
,180-239 months,,6,,5.2,,6.7,,5.8,
,240 or longer months,,12,,7.4,,6.8,,6.6,
,No release expected,,5.4,,3.1,,2.4,,1.6,
,Don't know,,5.2,,6.8,,17.1,,17.9,
,,Mean/c,112,mo.,90,mo.,112,mo.,106,mo.
a/Excludes sentences to life or death.,,,,,,,,,,
"b/Based on time served when interviewed, plus time remaining to be served until the expected date of release.",,,,,,,,,,
c/Excludes inmates who do not expect to be released.,,,,,,,,,,
