Bureau of Justice Statistics,,,,,
filename: vsfp04tt08.csv,,,,,
"text table 8. Mental health histories of veterans in State prison, by combat status, 2004",,,,,
"report title: Veterans in State and Federal Prison, 2004",,,,,
"data source: Survey of Inmates in State and Federal Correctional Facilities, 2004",,,,,
authors: Margaret E. Noonan and Christopher J. Mumola ,,,,,
refer questions to: askbjs@usdoj.gov  (202) 307-0765,,,,,
date of version: 05-20-2007,,,,,

,,"Percent of veterans in State prison, 2004",,,
,,Combat,,Noncombat,
Any mental health problem,,52,%,55,%
Recent history of mental health services/a,,31,%,30,%
,Mental health therapy in year before arrest,20,,22,
Symptoms of mental health disorders/b,,40,%,45,%
,Mania disorder,33,,40,
Estimated number of inmates,,"25,400",,"102,100"
Note: See appendix table 12 for a full display of these measures.,,,,
a/In 12 months before arrest or at any time since admission.,,,,
b/In 12 months prior to interview.,,,,
