Bureau of Justice Statistics,,,,,
filename: vsfp04tt04.csv,,,,,
"text table 4. Selected characteristics of violent offenses committed by State prisoners, by veteran status, 2004",,,,,
"report title: Veterans in State and Federal Prison, 2004",,,,,
"data source: Survey of Inmates in State and Federal Correctional Facilities, 2004",,,,,
authors: Margaret E. Noonan and Christopher J. Mumola ,,,,,
refer questions to: askbjs@usdoj.gov  (202) 307-0765,,,,,
date of version: 05-20-2007,,,,,

,,"Percent of violent State prisoners, 2004",,,
,,Veterans,,Nonveterans,
Only female victim(s),,60,%,41,%
Minor victim(s),,40,,24,
Knew victim(s),,71,,54,
,Relative,25,,11,
Used a weapon,,29,,38,
Estimated number of inmates,,"73,200",,"514,200"
Note: See Appendix table 6 for more detail.,,,,
