Bureau of Justice Statistics,,,,,
filename: vsfp04ext02.csv,,,,,
"Exhibit table 2.  Select characteristics of veterans in State prison, by service era, 2004",,,,,
"report title: Veterans in State and Federal Prison, 2004",,,,,
"data source: Survey of Inmates in State and Federal Correctional Facilities, 2004",,,,,
authors: Margaret E. Noonan and Christopher J. Mumola ,,,,,
refer questions to: askbjs@usdoj.gov  (202) 307-0765,,,,,
date of version:05-20-2007,,,,,

,,"Percent of veterans in State prison, by service era, 2004",,,
Selected characteristics,,Vietnam-era (1964-1973),,Post-Cold War (1990-2004),
Age (median),,53,yrs.,35,yrs.
Current offense,,,,,
,Violent,60.7,%,57.4,%
,Property,13,,17,
,Drug,12.6,,11.9,
,Public-order,13.7,,13.7,
Prior drug use,,,,,
,Ever used drugs,71.7,%,72,%
,Used in the month before the offense,37.1,,44.2,
,Under the influence at time of the offense,21,,19.9,
Prior alcohol abuse,,,,,
,Regularly used ,70.4,%,66.4,%
,Under the influence at time of the offense,32.6,,24.6,
Substance abusing or dependent/a,,58.7,%,62.1,%
Any mental health problem/b,,47.9,%,56.7,%
Estimated number of prisoners,,"43,400",,"20,200",
"a/Measures are shown in detail in Substance Dependence, Abuse, and Treatment of Jail Inmates, 2002 <http://www.ojp.usdoj.gov/bjs/abstract/sdatji02.htm>.",,,,,
"b/Measures are shown in detail in Appendix table 12.  Also, see Mental Health Problems of Prison and Jail Inmates <http://www.ojp.usdoj.gov/bjs/abstract/mhppji.htm>.",,,,,
