"Bureau of Justice Statistics",,,,,,,,,,,,,,,
"filename:  cv0046.csv",,,,,,,,,,,,,,,
"Table 46: Percent distribution of multiple-offender victimizations,",,,,,,,,,,,,,,,
"by type of crime and perceived race of offenders",,,,,,,,,,,,,,,
"data source: National Criminal Victimization Survey, 2000   NCJ 188290",,,,,,,,,,,,,,,
"produced by:  Cathy Maston ",,,,,,,,,,,,,,,
"authors:  Patsy Klaus and Cathy Maston",,,,,,,,,,,,,,,
"refer questions to:  askbjs@ojp.usdoj.gov     202-307-0765",,,,,,,,,,,,,,,
"date of version: 07/13/01",,,,,,,,,,,,,,,
,,,,,,,,,,,,,,,
,,,,,,,,,,,,,,,
"Table 46. Personal crimes of violence, 2000:",,,,,,,,,,,,,,,
,,,,,,,,,,,,,,,
"Percent distribution of multiple-offender victimizations,",,,,,,,,,,,,,,,
"by type of crime and perceived race of offenders",,,,,,,,,,,,,,,
"                                                                                                                           ",,,,,,,,,,,,,,,
,,,,"                                          Percent of all multiple-offender victimizations",,,,,,,,,,,
"                                                                                                       Mixed      or not   ",,"Number of",,,,"                                       Perceived race of offenders",,,,,,,,,
"       ",,"multiple-",,,,,,,,,,,,"Not known",
"                                                                                                                                         ",,"offender",,,," All",," All",," All",," Mixed",,"and not",
"Type of crime",,"victimizations",,"            Total",," white",," black",," other",," races",,"available",
,,,,,,,,,,,,,,,
,,,,,,,,,,,,,,,
"Crimes of violence",,1258010,,100,"%",40.4,"%",27.2,"%",10.7,"%",13.3,"%",8.5,"%"
,,,,,,,,,,,,,,,
"   Completed violence",,457380,,100,,31.7,,37.0,,11.4,,10.9,,9.0,
"   Attempted/threatened violence",,800630,,100,,45.3,,21.5,,10.3,,14.6,,8.2,
"   Rape/Sexual assault/a",,12660,"*",100,"*",59.5,"*",22.8,"*",17.8,"*","0.0 ","*","0.0 ","*"
"   Robbery",,303310,,100,,19.5,,47.2,,11.8,,14.4,,7.1,"*"
"      Completed/property taken",,220690,,100,,20.6,,49.7,,11.2,"*",11.2,"*",7.4,"*"
"         With injury",,90690,,100,,31.9,,43.5,,6.1,"*",12.7,"*",5.7,"*"
"         Without injury",,130000,,100,,12.7,"*",53.9,,14.8,"*",10.1,"*",8.5,"*"
"      Attempted to take property",,82610,,100,,16.6,"*",40.6,,13.5,"*",22.9,"*",6.4,"*"
"         With injury",,23510,"*",100,"*","0.0 ","*",34.9,"*",27.4,"*",28.0,"*",9.7,"*"
"         Without injury",,59090,,100,,23.2,"*",42.9,"*",7.9,"*",20.9,"*",5.1,"*"
"   Assault",,942040,,100,,46.8,,20.8,,10.2,,13.1,,9.1,
"      Aggravated",,329750,,100,,35.7,,25.7,,8.8,,16.9,,12.8,
"      Simple",,612290,,100,,52.8,,18.1,,11.0,,11.0,,7.1,
,,,,,,,,,,,,,,,
,,,,,,,,,,,,,,,
"Note: Detail may not add to total shown because of rounding.",,,,,,,,,,,,,,,
"*Estimate is based on about 10 or fewer sample cases.",,,,,,,,,,,,,,,
"a/Includes verbal threats of rape and threats of sexual assault.",,,,,,,,,,,,,,,
