"Bureau of Justice Statistics",,,,,,,,,,,,,
"filename:  cv0040.csv",,,,,,,,,,,,,
"Table 40: Percent distribution of single-offender victimizations,",,,,,,,,,,,,,
"by type of crime and perceived race of offender",,,,,,,,,,,,,
"data source: National Criminal Victimization Survey, 2000   NCJ 188290",,,,,,,,,,,,,
"produced by:  Cathy Maston ",,,,,,,,,,,,,
"authors:  Patsy Klaus and Cathy Maston",,,,,,,,,,,,,
"refer questions to:  askbjs@ojp.usdoj.gov     202-307-0765",,,,,,,,,,,,,
"date of version: 07/13/01",,,,,,,,,,,,,
,,,,,,,,,,,,,
,,,,,,,,,,,,,
"Table 40. Personal crimes of violence, 2000:",,,,,,,,,,,,,
,,,,,,,,,,,,,
"Percent distribution of single-offender victimizations,",,,,,,,,,,,,,
"by type of crime and perceived race of offender",,,,,,,,,,,,,
,,,,,,,,,,,,,
"       ",,,,"                                       Percent of single-offender victimizations",,,,,,,,,
,,,,,,"                                 Perceived race of offender",,,,,,,
"                                                                                                                ",,"Number of",,,,,,,,,,"Not known",
,,"single-offender",,,,,,,,,,"and not",
"Type of crime",,"victimizations",,"  Total",," White",," Black",," Other",,"available",
,,,,,,,,,,,,,
,,,,,,,,,,,,,
"Crimes of violence",,4948330,,100,"%",63.4,"%",24.1,"%",10.3,"%",2.2,"%"
,,,,,,,,,,,,,
"   Completed violence",,1543440,,100,,60.3,,25.6,,12.0,,2.2,
"   Attempted/threatened violence",,3404890,,100,,64.9,,23.4,,9.6,,2.2,
"   Rape/Sexual assault/a",,238670,,100,,69.1,,18.1,,7.9,"*",4.9,"*"
"   Robbery",,407490,,100,,37.1,,47.7,,12.3,,2.8,"*"
"      Completed/property taken",,280780,,100,,33.9,,52.4,,11.7,,2.1,"*"
"         With injury",,65750,,100,,44.9,,42.9,,12.2,"*","0.0 ","*"
"         Without injury",,215030,,100,,30.5,,55.3,,11.5,"*",2.7,"*"
"      Attempted to take property",,126710,,100,,44.2,,37.5,,13.8,"*",4.5,"*"
"         With injury",,42170,,100,,26.7,"*",59.8,"*",13.4,"*","0.0 ","*"
"         Without injury",,84530,,100,,52.9,,26.3,"*",14.0,"*",6.7,"*"
"   Assault",,4302160,,100,,65.6,,22.2,,10.3,,1.9,
"      Aggravated",,941380,,100,,57.2,,28.1,,10.6,,4.1,
"      Simple",,3360780,,100,,68.0,,20.5,,10.2,,1.3,
,,,,,,,,,,,,,
"Note: Detail may not add to total shown because of rounding.",,,,,,,,,,,,,
"*Estimate is based on about 10 or fewer sample cases.",,,,,,,,,,,,,
"a/Includes verbal threats of rape and threats of sexual assault.",,,,,,,,,,,,,
