"Bureau of Justice Statistics",,,,,,,,,,,,,,
"filename:  cv0030.csv",,,,,,,,,,,,,,
"Table 30: Percent of victimizations involving strangers,",,,,,,,,,,,,,,
"by gender and race of victims and type of crime",,,,,,,,,,,,,,
"data source: National Criminal Victimization Survey, 2000   NCJ 188290",,,,,,,,,,,,,,
"produced by:  Cathy Maston ",,,,,,,,,,,,,,
"authors:  Patsy Klaus and Cathy Maston",,,,,,,,,,,,,,
"refer questions to:  askbjs@ojp.usdoj.gov     202-307-0765",,,,,,,,,,,,,,
"date of version: 07/13/01",,,,,,,,,,,,,,
,,,,,,,,,,,,,,
,,,,,,,,,,,,,,
"Table 30. Personal crimes of violence, 2000:",,,,,,,,,,,,,,
,,,,,,,,,,,,,,
"Percent of victimizations involving strangers,",,,,,,,,,,,,,,
"by gender and race of victims and type of crime",,,,,,,,,,,,,,
,,,,,,,,,,,,,,
,,,"                                          Percent of victimizations involving strangers",,,,,,,,,,,
,,,"Crimes",,"Rape/",,,,,,,,,
,,,"of",,"Sexual",,,,"                             Assault",,,,,
"Gender and race",,,"violence",,"assault/a",,"Robbery",,"     Total",,"Aggravated",,"   Simple",
,,,,,,,,,,,,,,
,,,,,,,,,,,,,,
"Both genders",,,,,,,,,,,,,,
,"White",,49.2,"%",39.7,"%",73.5,"%",46.9,"%",62.6,"%",42.2,"%"
,"Black",,51.5,,55.3,"*",86.6,,41.9,,53.3,,37.3,
,,,,,,,,,,,,,,
"Male",,,,,,,,,,,,,,
,"White",,59.2,,61.4,"*",78.4,,56.6,,69.2,,51.7,
,"Black",,58.4,,"0.0 ","*",95.0,,46.4,,52.4,,43.0,
,,,,,,,,,,,,,,
"Female",,,,,,,,,,,,,,
,"White",,35.8,,38.1,,63.0,,33.2,,46.8,,30.5,
,"Black",,42.7,,55.3,,69.2,,36.2,,55.4,,31.7,
,,,,,,,,,,,,,,
,,,,,,,,,,,,,,
"Note: Excludes data on persons of ""Other"" races.",,,,,,,,,,,,,,
"*Estimate is based on about 10 or fewer sample cases.",,,,,,,,,,,,,,
"a/Includes verbal threats of rape and threats of sexual assault.",,,,,,,,,,,,,,
