Bureau of Justice Statistics,,
filename:  pnoesp07.csv,,
"Text table # 7. Criminal history of nonviolent offenders  expecting release from State prison, 1997",,
report title: Profile of Nonviolent Offenders Exiting State Prisons  NCJ 207081,,
data source: National Recidivism Reporting Program and Survey of Inmates in State Correctional Facilities,,
author:  Matthew R. Durose and Christopher J. Mumola,,
refer questions to: askbjs@usdoj.gov (202) 307-0765,,
date of version: 10/06/04,,

"Table 7. Criminal history of nonviolent offenders  expecting release from State prison, 1997",,

,Percent of nonviolent State  prisoners expecting release  within 6 months,
,,
Criminal history,,
Prior convictions,,
At least 1 violent,22.2,%
None violent,59,
No prior convictions,18.8,
,,
Number of prior sentences to  incarceration or probation,,
0,18.9,%
1,15.7,
2,15.3,
3,27.4,
4,14.4,
5 or more,8.3,

" Source: BJS, Survey of Inmates in State Correctional Facilities, 1997.",,
