Bureau of Justice Statistics,,
filename:  pnoesp03.csv,,
"Text table # 3. Characteristics of nonviolent offenders  expecting release from State prison, 1997",,
report title: Profile of Nonviolent Offenders Exiting State Prisons  NCJ 207081,,
data source: National Recidivism Reporting Program and Survey of Inmates in State Correctional Facilities,,
author:  Matthew R. Durose and Christopher J. Mumola,,
refer questions to: askbjs@usdoj.gov (202) 307-0765,,
date of version: 10/06/04,,

"Table 3. Characteristics of nonviolent offenders  expecting release from State prison, 1997",,

  Characteristic,Percent of nonviolent  State prisoners expecting  release within 6 months,

Gender,,
Male,88.6,%
Female,11.4,

Age,,
24 or younger,18.9,%
25-34,42.3,
35-44,29.6,
45-54,7.5,
55 or older,1.6,

Race/Hispanic origin,,
White*,34.3,%
Black*,45.9,
Hispanic,16.9,
Other*,2.9,

Education,,
8th grade or less,8.3,%
Some high school,34
GED,26.2
High school graduate,17.4
Some college,14.1

" *Excludes persons of Hispanic origin.  Source: BJS, Survey of Inmates in State Correctional Facilities, 1997.",
