Bureau of Justice Statistics,,,,,,,,,,,,,,,,
Filename: fhcp0519t05.csv,,,,,,,,,,,,,,,,
"Table 5. Suspects in hate crime matters that U.S. attorneys declined to prosecute, by reason, fiscal years 2005-19",,,,,,,,,,,,,,,,
"Report title: Federal Hate Crime Prosecutions, 2005-19  NCJ 300952",,,,,,,,,,,,,,,,
"Data source: Bureau of Justice Statistics, based on data from the Executive Office for U.S. Attorneys, Legal Information Office Network System, fiscal years 2005-19",,,,,,,,,,,,,,,,
"Author: Mark Motivans, Ph.D., BJS Statistician",,,,,,,,,,,,,,,,
Refer questions to: askbjs@ojp.usdoj.gov (202) 307-0765,,,,,,,,,,,,,,,,
Date of version: 07/08/2021,,,,,,,,,,,,,,,,
,,,,,,,,,,,,,,,,
"Table 5. Suspects in hate crime matters that U.S. attorneys declined to prosecute, by reason, fiscal years 2005-19",,,,,,,,,,,,,,,,
,,Total,,,,2005-09,,,,2010-14,,,,2015-19,,
Reason not prosecuted,,Number,Percent,,,Number,Percent,,,Number,Percent,,,Number,Percent,
,Total,"1,548",100,%,,555,100,%,,535,100,%,,458,100,%
Insufficient evidence/a,,829,55.1,,,267,49.2,,,278,54.2,,,284,63.3,
Prioritization of federal resources/b,,232,15.4,,,84,15.5,,,117,22.8,,,31,6.9,
Referred to another jurisdiction/c,,193,12.8,,,83,15.3,,,45,8.8,,,65,14.5,
Legally barred/d,,190,12.6,,,105,19.3,,,67,13.1,,,18,4,
Alternative to federal prosecution/e,,61,4.1,,,4,0.7,,,6,1.2,,,51,11.4,
"Note: A hate crime matter opened and under consideration for prosecution was declined when, prior to the filing of a complaint, information, or indictment, a decision was made to discontinue investigating the matter. Reason for not prosecuting was missing for 29 suspects during 2005-19. Data exclude 7 suspects whose matter was opened in error and 7 whose matter was declined due to the suspect being unavailable (e.g., due to death or fugitive status).",,,,,,,,,,,,,,,,
a/The case could not be proven in court beyond a reasonable doubt.,,,,,,,,,,,,,,,,
b/Declined due to an existing policy of the U.S. Department of Justice or U.S. attorneys� offices.,,,,,,,,,,,,,,,,
c/Defendant was subject to the authority of another jurisdiction.,,,,,,,,,,,,,,,,
d/The federal government lacked jurisdiction to file charges.,,,,,,,,,,,,,,,,
"e/A civil, administrative, or disciplinary alternative was used.",,,,,,,,,,,,,,,,
"Source: Bureau of Justice Statistics, based on data from the Executive Office for U.S. Attorneys, Legal Information Office Network System, fiscal years 2005-19.",,,,,,,,,,,,,,,,
