Bureau of Justice Statistics,,,,
filename: cv05tt10.csv,,,,
"Text Table 10. Reporting to the police by victim characteristics, 2005",,,,
"report title:  Criminal Victimization, 2005  NCJ 214644",,,,
data source: National Crime Victimization Survey,,,,
"author: Shannan Michelle Catalano, Ph.D., BJS Statistician",,,,
refer questions to: askbjs@usdoj.gov or (202) 307-0765,,,,
date of version: 9/10/06,,,,

"Text Table 10. Reporting to the police by victim characteristics, 2005",,,,
,"Percent of crime reported to the police, 2005",,,
"Victim gender, race, and Hispanic origin",Violent,,Property,
Total,47.4,%,39.6,%
Male,42.4,,40,
White ,42.8,,39.6,
Black ,41.5,,44,
Other,49,,37.2,
Hispanic,43.5,%,37.8,%
Non-Hispanic,42.3,,40.3,
Female,54.6,%,39.2,%
White,53.9,,38.8,
Black,58.3,,44.7,
Other,58.1,,30.2,
Hispanic,60.3,%,36.8,%
Non-Hispanic,53.5,,39.6,
"Note: Total includes estimates for persons identifying with two or more races, not shown separately. Racial categories displayed are for persons who identified one race only.",,,,
