Bureau of Justice Statistics,,
filename: cv05f9.csv,,
Figure 9.  Percent of aggravated and simple assault reported to the police,,
"report title:  Criminal Victimization, 2005  NCJ 214644",,
data source: National Crime Victimization Survey,,
"author: Shannan Michelle Catalano, Ph.D., BJS Statistician",,
refer questions to: askbjs@usdoj.gov or (202) 307-0765,,
date of version: 9/10/06,,

Figure 9.  Percent of aggravated and simple assault reported to the police,,
,Aggravated assault,Simple assault
1993,53.8,36.8
1994,51.6,34.2
1995,53.9,36.3
1996,54.6,37.3
1997,59.1,38.4
1998,57.6,40.3
1999,55.3,38.5
2000,56.7,43.6
2001,59.2,44.9
2002,56.6,42.7
2003,59.4,42.1
2004,64.2,44.9
2005,62.4,42.3
