Bureau of Justice Statistics,,,,,,,,
Filename: cv05errata.csv,,,,,,,,
"Table A. Published and revised 2005 criminal victimization, number and rates",,,,,,,,
"Report title: Criminal Victimization, 2005  NCJ 214644",,,,,,,,
Data source: National Crime Victimization Survey (NCVS),,,,,,,,
"Author: Shannan Catalano, Ph.D.",,,,,,,,
Refer questions to: askbjs@usdoj.gov   202-307-0765,,,,,,,,
Date of version: 7/21/2011,,,,,,,,
,,,,,,,,
,,,,,,,,
,,,,,,,,
"Table A. Published and revised 2005 criminal victimization, number and rates",,,,,,,,
,,,Number of victimizations,,"Victimization rate (per 1,000 persons age 12 or older or per 1,000 households)",,,
Type of crime,,,Published,Revised,,Published,Revised,
,All crimes,,"23,440,720","23,452,060",,--,--,
Violent crimes/a,,,"5,173,720","5,162,360",,21.2,21.1,
,Rape/sexual assault,,"191,670","190,590",,0.8,0.8,
,Robbery,,"624,850","630,130",,2.6,2.6,
,Assault,,"4,357,190","4,341,640",,17.8,17.8,
,,Aggravated ,"1,052,260","1,046,460",,4.3,4.3,
,,Simple ,"3,304,930","3,295,180",,13.5,13.5,
Personal theft,,,"227,070","229,460",,0.9,0.9,
Property crimes,,,"18,039,930","18,060,240",,154,154.2,
,Household burglary,,"3,456,220","3,464,500",,29.5,29.6,
,Motor vehicle theft,,"978,120","981,910",,8.4,8.4,
,Theft,,"13,605,590","13,613,830",,116.2,116.3,
Population age 12 or older,,,"244,494,430","244,505,300",,,,
Households,,,"117,119,800","117,009,820",,,,
~Not applicable.,,,,,,,,
a/The National Crime Victimization Survey (NCVS) is based on interviews with victims and therefore cannot measure murder.,,,,,,,,
