Bureau of Justice Statistics,
filename: cv05f10.csv,
Figure 10.  Percent of burglary reported to the police  ,
"report title:  Criminal Victimization, 2005  NCJ 214644",
data source: National Crime Victimization Survey,
"author: Shannan Michelle Catalano, Ph.D, BJS Statistician",
refer questions to: askbjs@usdoj.gov or (202) 307-0765,
date of version: 9/10/06,

Figure 10.  Percent of burglary reported to the police  ,
1993,50.2
1994,48.5
1995,51.4
1996,50.6
1997,51.8
1998,49.4
1999,49.3
2000,50.7
2001,53.7
2002,57.9
2003,54.1
2004,53
2005,56.3
