Bureau of Justice Statistics,,
filename: cv05tt9.csv,,
"Text Table 9. Violent and property crimes reported to the police, 2005",,
"report title:  Criminal Victimization, 2005  NCJ 214644",,
data source: National Crime Victimization Survey,,
"author: Shannan Michelle Catalano, Ph.D., BJS Statistician",,
refer questions to: askbjs@usdoj.gov or (202) 307-0765,,
date of version: 9/10/06,,

"Text Table 9. Violent and property crimes reported to the police, 2005",,
,"Percent of crime reported to the police, 2005",
Violent crime,47.4,%
Rape/sexual assault,38.3,
Robbery,52.4,
Aggravated assault,62.4,
Simple assault,42.3,
Personal theft,35.2,%
Property crime,39.6,%
Burglary,56.3,
Motor vehicle theft,83.2,
Theft,32.3,
