Bureau of Justice Statistics,,,,,
filename: cv05t08.csv,,,,,
"Table 8.  Property crime rates, by household income, region, residence, and homeownership of households victimized, 2005",,,,,
"report title:  Criminal Victimization, 2005 ",,,,,
data source: National Crime Victimization Survey,,,,,
"author: Shannan Michelle Catalano, Ph.D., BJS Statistician",,,,,
refer questions to: askbjs@usdoj.gov or (202) 307-0765,,,,,
date of version: 9/10/06,,,,,

"Table 8.  Property crime rates, by household income, region, residence, and homeownership of households victimized, 2005",,,,,
,,"Victimizations per 1,000 households",,,
Characteristic of household ,Number of households,Total,Burglary,Motor vehicle theft,Theft
Household income,,,,,
"Less than $7,500","5,099,390",200.6,55.1,9.4,136
"$7,500-$14,999","8,611,570",174.3,46.7,9.8,117.8
"$15,000-$24,999","11,648,340",170.4,41.7,12.4,116.3
"$25,000-$34,999","11,100,360",173.9,33.4,9.9,130.6
"$35,000-$49,999","14,111,900",159.9,30.2,6.6,123
"$50,000-$74,999","15,538,130",155.9,23.2,7.2,125.5
"$75,000 or more","21,484,030",171,23.9,7.1,140
Region,,,,,
Northeast ,"21,191,890",103.9,18.1,5.9,79.9
Midwest,"27,836,820",155.8,34.8,6.8,114.1
South,"42,851,180",146.8,31.3,7.2,108.4
West,"25,230,910",206.5,30.3,14.1,162.2
Location of residence,,,,,
Urban,"33,045,250",200,37.7,12.7,149.6
Suburban,"56,101,350",141.4,24.7,7.7,109
Rural,"27,964,200",125.1,29.4,4.6,91.1
Homeownership,,,,,
Owned,"80,293,070",136.5,25.3,6.1,105.1
Rented,"36,817,730",192.3,38.6,13.3,140.3
