Bureau of Justice Statistics,,,,,,,,,,,,
filename: cv05t07.csv,,,,,,,,,,,,
"Table 7.  Rates of violent crime and personal theft, by household income, marital status, region, and location of residence of victims, 2005",,,,,,,,,,,,
"report title:  Criminal Victimization, 2005  NCJ 214644",,,,,,,,,,,,
data source: National Crime Victimization Survey,,,,,,,,,,,,
"author: Shannan Michelle Catalano, Ph.D., BJS Statistician",,,,,,,,,,,,
refer questions to: askbjs@usdoj.gov or (202) 307-0765,,,,,,,,,,,,
date of version: 9/10/06,,,,,,,,,,,,

"Table 7.  Rates of violent crime and personal theft, by household income, marital status, region, and location of residence of victims, 2005",,,,,,,,,,,,
,,,"Victimizations per 1,000 persons age 12 or older",,,,,,,,,
,,Violent crimes,,,,,,,,,,
,,,,,,,Assault,,,,,
Demographic characteristic of victim,Population,All,Rape/sexual assault,,Robbery,,Total,Aggravated,,Simple,Personal theft,
Household income,,,,,,,,,,,,
"Less than $7,500","8,367,490",37.7,2.2,*,5.6,,29.9,9.7,,20.1,3.2,*
"$7,500-$14,999","14,798,200",26.5,0.6,*,4.9,,21,6.8,,14.2,1.6,*
"$15,000-$24,999","22,414,530",30.1,1.4,*,3.5,,25.2,6.4,,18.8,1.1,*
"$25,000-$34,999","22,504,200",26.1,1.7,,2.8,,21.6,5.2,,16.4,1,*
"$35,000-$49,999","30,575,740",22.4,0.9,*,2.5,,19,4.3,,14.7,1.1,*
"$50,000-$74,999","35,692,930",21.1,0.5,*,1.8,,18.8,4.3,,14.5,0.6,*
"$75,000 or more","52,979,190",16.4,0.6,*,2.1,,13.7,2.6,,11.1,1,
Marital status,,,,,,,,,,,,
Never married,"79,664,210",37.4,1.4,,4.8,,31.2,7.7,,23.5,1.5,
Married,"122,198,090",10.3,0.2,*,1,,9,2.4,,6.6,0.5,
Divorced/separated,"26,079,910",31.7,1.5,,3.8,,26.4,5.2,,21.2,1.1,*
Widowed,"14,312,360",6.1,0.8,*,1.4,*,4,0.5,*,3.6,0.8,*
Region,,,,,,,,,,,,
Northeast ,"43,951,390",19.3,0.6,*,2.4,,16.3,3.6,,12.7,0.9,
Midwest,"57,895,360",22.8,0.7,,3.2,,18.9,4.7,,14.2,0.9,
South,"88,262,190",18.5,0.9,,2.1,,15.5,3.8,,11.7,1.1,
West,"54,384,500",25.2,0.9,,2.7,,21.6,5.2,,16.4,0.7,
Residence,,,,,,,,,,,
Urban,"67,384,160",29.8,1.5,,4.7,,23.6,6,,17.6,1.6
Suburban,"120,424,060",18.6,0.7,,1.9,,16,3.6,,12.4,0.6
Rural,"56,685,220",16.4,0.1,*,1.4,,14.9,3.8,,11,0.9
"Note:  The National Crime Victimization Survey includes as violent crime rape, sexual assault, robbery, and assault.",,,,,,,,,,,
"Because the NCVS interviews persons about their victimizations, murder and manslaughter cannot be included.",,,,,,,,,,,
*Based on 10 or fewer sample cases.,,,,,,,,,,,
