Bureau of Justice Statistics,,,,,,,,,,,,,,,,,,
filename: cv05t09.csv,,,,,,,,,,,,,,,,,,
"Table 9.  Victim and offender relationship, 2005",,,,,,,,,,,,,,,,,,
"report title:  Criminal Victimization, 2005  NCJ 214644",,,,,,,,,,,,,,,,,,
data source: National Crime Victimization Survey,,,,,,,,,,,,,,,,,,
"author: Shannan Michelle Catalano, Ph.D., BJS Statistician",,,,,,,,,,,,,,,,,,
refer questions to: askbjs@usdoj.gov or (202) 307-0765,,,,,,,,,,,,,,,,,,
date of version: 9/10/06,,,,,,,,,,,,,,,,,,

"Table 9.  Victim and offender relationship, 2005",,,,,,,,,,,,,,,,,,
,,,,Violent crime,,,Rape/sexual assault,,,Robbery,,,Aggravated assault,,,Simple assault,,
Relationship with victim,,,,Number,Percent,,Number,Percent,,Number,Percent,,Number,Percent,,Number,Percent,
Male victims,,,,,,,,,,,,,,,,,,
,Total,,,"3,028,370",100,%,"15,130",100,%*,"452,760",100,%,"665,600",100,%,"1,894,880",100,%
,,Nonstranger,,"1,295,870",43,%,0,0,%*,"104,900",23,%,"282,240",42,%,"908,740",48,%
,,,Intimate,"78,180",3,,0,0,*,"14,520",3,*,"7,460",1,*,"56,200",3,
,,,Other relative,"138,390",5,,0,0,*,"9,560",2,*,"36,920",6,,"91,910",5,
,,,Friend/acquaintance,"1,079,310",36,,0,0,*,"80,830",18,,"237,860",36,,"760,620",40,
,,Stranger,,"1,637,700",54,%,"15,130",100,%*,"333,390",74,%,"356,750",54,%,"932,430",49,%
,,Relationship unknown,,"94,810",3,%,0,0,%*,"14,470",3,%*,"26,620",4,%*,"53,720",3,%
Female victims,,,,,,,,,,,,,,,,,,
,Total ,,,"2,145,340",100,%,"176,540",100,%,"172,090",100,%,"386,660",100,%,"1,410,050",100,%
,,Nonstranger,,"1,382,640",64,%,"128,440",73,%,"85,150",50,%,"240,580",62,%,"928,470",66,%
,,,Intimate,"389,100",18,,"49,980",28,,"15,480",9,*,"47,980",12,,"275,660",20,
,,,Other relative,"162,760",8,,"11,880",7,*,"2,560",2,*,"35,240",9,*,"113,070",8,
,,,Friend/acquaintance,"830,790",39,,"66,580",38,,"67,100",39,,"157,370",41,,"539,740",38,
,,Stranger,,"731,450",34,%,"45,050",26,%,"81,860",48,%,"141,080",37,%,"463,460",33,%
,,Relationship unknown,,"31,240",2,%*,"3,050",2,%*,"5,080",3,%*,"5,000",1,%*,"18,120",1,%*
Note:  Percentages may not total to 100% because of rounding.,,,,,,,,,,,,,,,,,,
*Based on 10 or fewer sample cases.,,,,,,,,,,,,,,,,,,
