Bureau of Justice Statistics,,
filename: wvage9411f03.csv,,
"Figure 3. Rate of nonfatal workplace violence against non-law enforcement and security employees, 1994-2011",,
"report title: Workplace Violence Against Government Employees, 1994-2011",,
"data source: Bureau of Justice Statistics, National Crime Victimization Survey, 1993-2011",,
author:  Erika Harrell,,
refer questions to: askbjs@usdoj.gov (202) 307-0765,,
date of version: 04/11/13,,
,,
"Figure 3. Rate of nonfatal workplace violence against non-law enforcement and security employees, 1994-2011",,
"Rate per 1,000 employees age 16 or older",,
,Government ,Private-sector
1994,43.9459,17.1211
1995,36.7672,16.9356
1996,28.6872,17.1408
1997,29.342,14.9624
1998,23.1349,13.2043
1999,23.0778,11.6583
2000,18.6055,9.53077
2001,10.3137,8.35437
2002,12.4331,6.46401
2003,14.6352,6.43878
2004,13.3828,6.33354
2005,12.9642,6.00937
2006,12.3662,6.4877
2007,12.1662,5.86151
2008,9.30192,5.32931
2009,5.41132,4.83244
2010,5.43837,4.68402
2011,8.6853,4.67015
Note: Estimates based on 2-year rolling averages centered on the most recent year. Definitions of NCVS occupational categories can be found in the Methodology. See appendix table 4 for standard errors.,,
"Source: Bureau of Justice Statistics, National Crime Victimization Survey, 1993�2011.",,
