Bureau of Justice Statistics,,,,,,,,,,,,,,,,,,,,,,,
Filename: jic23t02.csv,,,,,,,,,,,,,,,,,,,,,,,
"Table 2. Indian country jails and persons held, by facility size, midyear 2023",,,,,,,,,,,,,,,,,,,,,,,
"Report title: Jails in Indian Country, 2023  NCJ 309265",,,,,,,,,,,,,,,,,,,,,,,
"Data Source: Bureau of Justice Statistics, Annual Survey of Jails in Indian Country, 2023",,,,,,,,,,,,,,,,,,,,,,,
"Author: Todd D. Minton, BJS Statistician",,,,,,,,,,,,,,,,,,,,,,,
Refer questions to: askbjs@usdoj.gov 202-307-0765,,,,,,,,,,,,,,,,,,,,,,,
Date of version: 9/17/24,,,,,,,,,,,,,,,,,,,,,,,
,,,,,,,,,,,,,,,,,,,,,,,
"Table 2. Indian country jails and persons held, by facility size, midyear 2023",,,,,,,,,,,,,,,,,,,,,,,
,,Number/b,,,Percent,,,,,,,,,,,,,,,,,,
Facility size/a,,Facilities ,Inmates,,Facilities ,,Inmates,,,,,,,,,,,,,,,,
,Total,80,"2,400",,100,%,100,%,,,,,,,,,,,,,,,
24 or fewer ,,23,170,,28.8,,7.1,,,,,,,,,,,,,,,,
25�49,,29,580,,36.3,,24.2,,,,,,,,,,,,,,,,
50 or more,,28,"1,650",,35,,68.8,,,,,,,,,,,,,,,,
Note: Data were imputed for nonresponse and rounded to the nearest 10. Details may not sum to totals due to rounding.,,,,,,,,,,,,,,,,,,,,,,,
"a/Based on the rated capacity, which is the maximum number of beds or inmates assigned by a rating official to a facility, excluding separate temporary holding areas.",,,,,,,,,,,,,,,,,,,,,,,
b/As of the last weekday in June.,,,,,,,,,,,,,,,,,,,,,,,
"Source: Bureau of Justice Statistics, Annual Survey of Jails in Indian Country, 2023.",,,,,,,,,,,,,,,,,,,,,,,
