Bureau of Justice Statistics,
Filename: jic23f02.csv,
"Figure 2. Number of inmates held in Indian country jails on the last weekday of each month, June 2022�June 2023",
"Report title: Jails in Indian Country, 2023  NCJ 309265",
"Data Source: Bureau of Justice Statistics, Annual Survey of Jails in Indian Country, 2022 and 2023",
"Author: Todd D. Minton, BJS Statistician",
Refer questions to: askbjs@usdoj.gov 202-307-0765,
Date of version: 9/17/24,
,
"Figure 2. Number of inmates held in Indian country jails on the last weekday of each month, June 2022�June 2023",
,Number of inmates
 June 2022,"2,250"
 July ,"2,470"
 Aug ,"2,280"
 Sept ,"2,370"
 Oct ,"2,340"
 Nov ,"2,140"
 Dec ,"2,090"
 Jan 2023,"2,110"
 Feb ,"2,180"
 Mar ,"2,190"
 Apr ,"2,370"
 May ,"2,390"
 June 2023,"2,400"
Note: Counts are rounded to the nearest 10. Data were imputed for six nonresponding facilities in June 2022 and eight nonresponding facilities in July 2022 to June 2023. Data were imputed for five facilities in July 2022 to June 2023 that responded to the survey but did not report monthly populations. See Methodology. See appendix table 1 for estimates.,
"Source: Bureau of Justice Statistics, Annual Survey of Jails in Indian Country, 2022 and 2023.",
