"Bureau of Justice Statistics",,,,,,,,,,
"filename: sats9713.csv",,,,,,,,,,
"table #: 13",,,,,,,,,,
"report title: Substance Abuse and Treatment, State and Federal Prisoners, 1997 (NCJ-172871)",,,,,,,,,,
"data source: Survey of Inmates in State and Federal Correctional Facilities, 1997",,,,,,,,,,
"author: Christopher Mumola ",,,,,,,,,,
"refer questions to: askbjs@ojp.usdoj.gov   (202) 307-0765",,,,,,,,,,
"date of version:  12/16/98",,,,,,,,,,
,,,,,,,,,,
"Table 13.  Types of alcohol treatment received by Federal prisoners ",,,,,,,,,,
"since admission, by prior alcohol use, 1997",,,,,,,,,,
,,,,,,,,,,
,,,,,"            Percent of Federal prisoners",,,,,
,,,,,"Prisoners' reported prior alcohol abuse",,,,,
,,,"Ever had a",,"Ever gotten into",,"Under the ",,"Had three or",
"Type of alcohol treatment ",,,"""binge drinking""",,"physical fights",,"influence of alcohol",,"more positive",
"or program since admission","Total",,"experience",,"because of drinking",,"at time of offense",,"CAGE responses",
,,,,,,,,,,
"  Any alcohol treatment/programs",20.3,"%",36.1,"%",36.4,"%",36.0,"%",41.0,"%"
,,,,,,,,,,
"Any treatment since admission",7.0,"%",13.8,"%",14.6,"%",13.8,"%",17.5,"%"
"  Residential facility or unit",5.0,,10.4,,11.0,,9.6,,12.8,
"  Counseling by a professional",2.5,,4.7,,4.8,,4.9,,6.7,
"  Detoxification unit",0.1,,0.3,,0.4,,0.4,,0.5,
"  Maintenance drug",0.1,,0.2,,0.2,,0.1,,0.7,
,,,,,,,,,,
"Other alcohol abuse programs",16.8,"%",29.8,"%",30.1,"%",30.5,"%",33.9,"%"
"  Self-help group/peer counseling",7.9,,16.8,,17.6,,17.8,,19.8,
"  Education program",12.0,,19.9,,20.1,,19.3,,22.3,
,,,,,,,,,,
"Estimated number of Federal prisoners ",87790,,26517,,19937,,17829,,14241,
,,,,,,,,,,
"* Binge drinking is defined as having consumed as much as a fifth of liquor in a single day, equivalent to 20 drinks,",,,,,,,,,,
"3 bottles of wine, or as many as 3 six-packs of beer.",,,,,,,,,,
