"Bureau of Justice Statistics",,,,,,,,,,
"filename: sats9711.csv",,,,,,,,,,
"table #: 11",,,,,,,,,,
"report title: Substance Abuse and Treatment, State and Federal Prisoners, 1997 (NCJ-172871)",,,,,,,,,,
"data source: Survey of Inmates in State and Federal Correctional Facilities, 1997",,,,,,,,,,
"author: Christopher Mumola ",,,,,,,,,,
"refer questions to: askbjs@ojp.usdoj.gov   (202) 307-0765",,,,,,,,,,
"date of version:  12/16/98",,,,,,,,,,
,,,,,,,,,,
"Table 11.  Types of drug treatment received by Federal prisoners ",,,,,,,,,,
"since admission, by prior drug use, 1997",,,,,,,,,,
,,,,,,,,,,
,,,,"Percent of Federal prisoners",,,,,,
,,,,,"Prisoners' reported prior drug use",,,,,
"Type of drug treatment ",,,"Ever in",,,,"In the month",,"At the time",
"or program since admission","Total",,"the past",,"Regularly*",,"prior to offense",,"of offense",
,,,,,,,,,,
"   Any drug treatment/programs",24.5,"%",32.1,"%",36.4,"%",38.8,"%",45.8,"%"
,,,,,,,,,,
"Any treatment since admission",9.2,"%",12.4,"%",14.5,"%",15.4,"%",18.9,"%"
"  Residential facility or unit",6.5,,8.6,,10.3,,10.9,,14.1,
"  Counseling by a professional",3.3,,4.5,,5.1,,5.5,,6.4,
"  Detoxification unit",0.2,,0.2,,0.3,,0.3,,0.3,
"  Maintenance drug",0.2,,0.3,,0.3,,0.4,,0.3,
,,,,,,,,,,
"Other drug abuse programs",20.0,"%",26.0,"%",29.6,"%",31.7,"%",38.0,"%"
"  Self-help group/peer counseling",8.9,,11.9,,14.4,,15.8,,21.1,
"  Education program",15.2,,19.6,,22.1,,23.8,,27.5,
,,,,,,,,,,
"Estimated number of Federal prisoners ",87790,,63979,,50244,,39275,,19507,
,,,,,,,,,,
"* Used drugs once a week for at least a month.",,,,,,,,,,
