"Bureau of Justice Statistics",,,,,,,,
"filename: sats9707.csv",,,,,,,,
"table #: 7",,,,,,,,
"report title: Substance Abuse and Treatment, State and Federal Prisoners, 1997 (NCJ-172871)",,,,,,,,
"data source: Survey of Inmates in State and Federal Correctional Facilities, 1997",,,,,,,,
"author: Christopher Mumola ",,,,,,,,
"refer questions to: askbjs@ojp.usdoj.gov   (202) 307-0765",,,,,,,,
"date of version:  12/16/98",,,,,,,,
,,,,,,,,
"Table 7.  Levels of prior alcohol abuse, by selected characteristics ",,,,,,,,
"of State and Federal prisoners, 1997",,,,,,,,
,,,,,,,,
,,,"Percent of prisoners reporting prior alcohol abuse",,,,,
,,,,,"Under the",,"Had three or",
,"Estimated",,"Ever had a",,"influence of",,"more positive",
,"number of",," ""binge drinking""",,"alcohol at the",,"CAGE",
"Characteristic","prisoners*",,"experience",,"time of offense",,"responses",
,,,,,,,,
"All State prisoners",1059607,,41.0,"%",37.2,"%",24.4,"%"
,,,,,,,,
"    Sex",,,,,,,,
"       Male",993365,,41.8,"%",37.7,"%",24.5,"%"
"       Female",66242,,29.9,,29.1,,23.4,
,,,,,,,,
"    Race/Hispanic origin",,,,,,,,
"       White non-Hispanic",352864,,53.5,"%",42.7,"%",33.5,"%"
"       Black non-Hispanic",492676,,31.9,,33.0,,18.6,
"       Hispanic",179998,,39.9,,36.7,,22.0,
"       Other",34069,,49.6,,41.7,,27.7,
,,,,,,,,
"    Age",,,,,,,,
"       24 or younger",209343,,40.2,"%",30.7,"%",15.8,"%"
"       25-34",404034,,42.3,,37.7,,24.8,
"       35-44",311999,,42.3,,41.3,,28.6,
"       45-54",103470,,37.4,,37.7,,28.5,
"       55 or older",30761,,29.3,,30.2,,22.5,
,,,,,,,,
"All Federal prisoners",89072,,30.3,"%",20.4,"%",16.2,"%"
,,,,,,,,
"    Sex",,,,,,,,
"        Male",82646,,31.2,"%",20.9,"%",16.6,"%"
"        Female",6426,,18.8,,15.1,,11.6,
,,,,,,,,
"    Race/Hispanic origin",,,,,,,,
"        White non-Hispanic",26616,,38.3,"%",22.1,"%",19.3,"%"
"        Black non-Hispanic",33697,,25.0,,21.1,,12.5,
"        Hispanic",24349,,28.2,,16.8,,17.8,
"        Other",4411,,34.9,,26.0,,17.6,
,,,,,,,,
"    Age",,,,,,,,
"       24 or younger",7933,,31.8,"%",18.4,"%",12.0,"%"
"       25-34",32634,,32.1,,22.5,,15.3,
"       35-44",27259,,30.8,,20.5,,17.2,
"       45-54",14501,,29.1,,20.2,,19.7,
"       55 or older",6746,,20.8,,13.4,,14.5,
,,,,,,,,
"*Based on probability of selection in the sample and adjusted to June 30, 1997, custody counts.",,,,,,,,
