"Bureau of Justice Statistics",,,,,,,,,,,
"filename: sats9715.csv",,,,,,,,,,,
"table #: 15",,,,,,,,,,,
"report title: Substance Abuse and Treatment, State and Federal Prisoners, 1997 (NCJ-172871)",,,,,,,,,,,
"data source: Survey of Inmates in State and Federal Correctional Facilities, 1997",,,,,,,,,,,
"author: Christopher Mumola ",,,,,,,,,,,
"refer questions to: askbjs@ojp.usdoj.gov   (202) 307-0765",,,,,,,,,,,
"date of version:  12/16/98",,,,,,,,,,,
,,,,,,,,,,,
"Table 15.  Alcohol- or drug-involved Federal prisoners treated ",,,,,,,,,,,
"for substance abuse, by selected characteristics, 1997",,,,,,,,,,,
,,,,,,,,,,,
,,,"Percent of alcohol- or drug-involved Federal prisoners prisoners --",,,,,,,,
,"Estimated",,,,,,,"Participation in other",,,
,"number of",,"Treatment for substance abuse",,,,,"substance abuse programs",,,
,"Federal",,,,"    Since ",,,,,"    Since ",
"Characteristic","prisoners",,"Ever",,"    admission",,,"Ever",,"    admission",
,,,,,,,,,,,
"     Total",73103,,27.7,"%",11.7,"%",,39.2,"%",26.0,"%"
,,,,,,,,,,,
"Sex",,,,,,,,,,,
"  Male",67856,,27.6,"%",11.6,"%",,39.6,"%",26.1,"%"
"  Female",5247,,28.8,,13.3,,,34.2,,25.2,
,,,,,,,,,,,
"Race/Hispanic origin",,,,,,,,,,,
"  White non-Hispanic",20178,,39.5,"%",16.0,"%",,51.6,"%",34.9,"%"
"  Black non-Hispanic",28514,,25.7,,11.9,,,39.0,,25.0,
"  Hispanic",21185,,19.0,,8.2,,,28.1,,18.5,
"  Other",3225,,29.1,,7.3,,,38.5,,29.1,
,,,,,,,,,,,
"Age",,,,,,,,,,,
"  24 or younger",6736,,21.8,"%",8.1,"%",,35.2,"%",24.0,"%"
"  25-34",27500,,27.3,,12.5,,,39.2,,26.4,
"  35-44",22634,,30.2,,12.6,,,41.9,,27.6,
"  45-54",11074,,32.8,,13.7,,,40.8,,26.8,
"  55 or older",5159,,15.0,,4.5,,,29.5,,17.7,
