"Bureau of Justice Statistics",,,,,,,,,,
"filename: sats9704.csv",,,,,,,,,,
"table #: 4",,,,,,,,,,
"report title: Substance Abuse and Treatment, State and Federal Prisoners, 1997 (NCJ-172871)",,,,,,,,,,
"data source: Survey of Inmates in State and Federal Correctional Facilities, 1997",,,,,,,,,,
"author: Christopher Mumola ",,,,,,,,,,
"refer questions to: askbjs@ojp.usdoj.gov   (202) 307-0765",,,,,,,,,,
"date of version:  12/16/98",,,,,,,,,,
,,,,,,,,,,
"Table 4.  Number of positive CAGE responses for State and Federal prisoners, by type of offense, 1997",,,,,,,,,,
,,,,,,,,,,
,"Estimated",,,"Percent of prisoners, by the",,,,,,
,"number of",,,"number of positive CAGE responses",,,,,,
"Type of offense","prisoners",,"1 or more",,"2 or more",,"3 or more",,4,
,,,,,,,,,,
"   All State prisoners",1046705,,46.3,"%",35.1,"%",24.4,"%",12.2,"%"
,,,,,,,,,,
"Violent",494349,,46.5,"%",35.4,"%",24.2,"%",11.7,"%"
"Property",230177,,47.9,,37.6,,27.3,,14.7,
"Drug ",216254,,40.9,,28.1,,19.1,,9.0,
"Public-order",103344,,55.6,,43.4,,31.0,,16.1,
,,,,,,,,,,
"   All Federal prisoners",88018,,34.9,"%",24.8,"%",16.3,"%",7.3,"%"
,,,,,,,,,,
"Violent",13021,,40.5,"%",27.8,"%",18.8,"%",9.4,"%"
"Property",5964,,30.4,,21.2,,15.0,,6.6,
"Drug ",55069,,33.5,,23.8,,15.6,,6.5,
"Public-order",13026,,36.9,,26.7,,17.1,,8.7,
