"Bureau of Justice Statistics",,,,,,,,,,,,,,,,,,
"filename: sats9701.csv",,,,,,,,,,,,,,,,,,
"table #: 1",,,,,,,,,,,,,,,,,,
"report title: Substance Abuse and Treatment, State and Federal Prisoners, 1997 (NCJ-172871)",,,,,,,,,,,,,,,,,,
"data source: Survey of Inmates in State and Federal Correctional Facilities, 1997",,,,,,,,,,,,,,,,,,
"author: Christopher Mumola ",,,,,,,,,,,,,,,,,,
"refer questions to: askbjs@ojp.usdoj.gov   (202) 307-0765",,,,,,,,,,,,,,,,,,
"date of version:  12/16/98",,,,,,,,,,,,,,,,,,
,,,,,,,,,,,,,,,,,,
"Table 1.  Alcohol or drug use at time of offense of State and Federal prisoners, by type of offense, 1997",,,,,,,,,,,,,,,,,,
,,,,,,,,,,,,,,,,,,
,,,,,"Percent of prisoners who reported being under the influence at time of the offense",,,,,,,,,,,,,
,"Estimated number of prisoners/a",,,,"             Alcohol",,,,,"                Drugs",,,,,"        Alcohol or drugs",,,
"Type of offense","State",,"Federal",,"State",,"Federal",,,"State",,"Federal",,,"State",,"Federal",
,,,,,,,,,,,,,,,,,,
"     Total",1046705,,88018,,37.2,"%",20.4,"%",,32.6,"%",22.4,"%",,52.5,"%",34.0,"%"
,,,,,,,,,,,,,,,,,,
"Violent offenses",494349,,13021,,41.7,"%",24.5,"%",,29.0,"%",24.5,"%",,51.9,"%",39.8,"%"
"  Murder",122435,,1288,,44.6,,38.7,,,26.8,,29.4,,,52.4,,52.4,
"  Negligent manslaughter",16592,,53,,52.0,,"...",,,17.4,,"...",,,56.0,,"...",
"  Sexual assault/b",89328,,713,,40.0,,32.3,,,21.5,,7.9,,,45.2,,32.3,
"  Robbery",148001,,8770,,37.4,,18.0,,,39.9,,27.8,,,55.6,,37.6,
"  Assault",97897,,1151,,45.1,,46.0,,,24.2,,13.8,,,51.8,,50.5,
"  Other violent",20096,,1046,,39.6,,32.2,,,29.0,,15.9,,,48.2,,37.2,
,,,,,,,,,,,,,,,,,,
"Property offenses",230177,,5964,,34.5,"%",15.6,"%",,36.6,"%",10.8,"%",,53.2,"%",22.6,"%"
"  Burglary",111884,,294,,37.2,,"...",,,38.4,,"...",,,55.7,,"...",
"  Larceny/theft",43936,,414,,33.7,,"...",,,38.4,,"...",,,54.2,,"...",
"  Motor vehicle theft",19279,,216,,32.2,,"...",,,39.0,,"...",,,51.2,,"...",
"  Fraud",28102,,4283,,25.2,,10.4,,,30.5,,6.5,,,42.8,,14.5,
"  Other property",26976,,757,,36.0,,22.8,,,30.6,,16.4,,,53.2,,34.6,
,,,,,,,,,,,,,,,,,,
"Drug offenses",216254,,55069,,27.4,"%",19.8,"%",,41.9,"%",25.0,"%",,52.4,"%",34.6,"%"
"  Possession",92373,,10094,,29.6,,21.3,,,42.6,,25.1,,,53.9,,36.0,
"  Trafficking",117926,,40053,,25.5,,19.4,,,41.0,,25.9,,,50.9,,35.0,
"  Other drug",5955,,4922,,29.9,,19.7,,,47.1,,17.1,,,59.2,,29.0,
,,,,,,,,,,,,,,,,,,
"Public-order offenses",103344,,13026,,43.2,"%",20.6,"%",,23.1,"%",15.6,"%",,56.2,"%",30.2,"%"
"  Weapons",25642,,6025,,28.3,,23.0,,,22.4,,24.4,,,41.8,,37.1,
"  Other public-order",77702,,7001,,48.1,,18.5,,,23.3,,8.1,,,60.9,,24.1,
,,,,,,,,,,,,,,,,,,
"... Too few cases to permit calculation.",,,,,,,,,,,,,,,,,,
"a/Based on cases with valid offense data.  See 'Methodology' for differences from other BJS prisoner counts.",,,,,,,,,,,,,,,,,,
"b/Includes rape and other sexual assault.",,,,,,,,,,,,,,,,,,
