"Bureau of Justice Statistics",,,,
"filename:  cvpc9822.csv",,,,
"table #:  22-  Residents in 12 cities who said they were afraid of becoming a victim of street crime in their city, 1998",,,,
"title:  Criminal Victimization and Perceptions of Community Safety in 12 Cities, 1998  NCJ #173940",,,,
"data source:  Criminal Victimization and Perceptions of Public Safety Survey in 12 Cities, 1998 ICPSR #2743",,,,
"authors:  Steven K. Smith, Greg W. Steadman, and Todd D. Minton",,,,
"refer questions to:  askbjs@ojp.usdoj.gov (202) 307-0765",,,,
"date of version:  5/25/99",,,,
,,,,
"Table 22.  Residents in 12 cities who said they were afraid of becoming a victim of street crime in their city, 1998",,,,
,,,,
,,"Residents age 16 or older",,
,,,,"Percent "
,,"Estimated",,"with fear of"
,,"number",,"street crime"
"Total",,12446470,,52%
,,,,
"Chicago, IL",,1971332,,53%
"Kansas City, MO",,337128,,41%
"Knoxville, TN",,121693,,35%
"Los Angeles, CA",,2689497,,60%
,,,,
"Madison, WI",,149992,,25%
"New York, NY",,5217814,,53%
"San Diego, CA",,885545,,42%
"Savannah, GA",,96103,,43%
,,,,
"Spokane, WA",,139116,,31%
"Springfield, MA",,102943,,47%
"Tucson, AZ",,347141,,41%
"Washington, DC",,388166,,51%
,,,,
"Note:  Don't know responses and refusals to answer are excluded from analysis.  ",,,,
"Question:  ""Are you afraid of becoming a victim of street crime in the city?""",,,,
