"Bureau of Justice Statistics",,,,
"filename:  cvpc98a2.csv",,,,
"appendix table #:  02-  Standard errors for estimates of satisfaction with police, 1998",,,,
"title:  Criminal Victimization and Perceptions of Community Safety in 12 Cities, 1998 NCJ # 173940",,,,
"data source:  Criminal Victimization and Perceptions of Public Safety Survey in 12 Cities, 1998 ICPSR # 2743",,,,
"authors:  Steven K. Smith, Greg W. Steadman, and Todd D. Minton",,,,
"refer questions to:  askbjs@ojp.usdoj.gov (202) 307-0765",,,,
"date of version:  5/25/99",,,,
,,,,
"Appendix table 2.  Standard errors for estimates of ",,,,
"satisfaction with police, 1998",,,,
,,,,
,"Percent satisfied with police",,,
,"Total","White","Black","Other"
,,,,
"    Total",0.68,0.74,1.93,2.03
,,,,
"Chicago, IL",1.47,1.35,2.38,5.56
"Kansas City, MO",1.05,1.35,3.02,6.15
"Knoxville, TN",1.02,0.99,7.35,0.00
"Los Angeles, CA",1.34,1.64,4.41,2.75
,,,,
"Madison, WI",0.79,0.88,3.11,1.96
"New York, NY",1.53,1.75,3.21,3.83
"San Diego, CA",0.71,0.76,3.35,2.69
"Savannah, GA",0.95,1.43,1.48,4.39
,,,,
"Spokane, WA",1.33,1.25,11.15,7.43
"Springfield, MA",1.25,1.35,2.71,4.05
"Tucson, AZ",0.96,0.96,4.70,3.91
"Washington, DC",1.45,2.23,2.27,7.59
,,,,
"See Methodology section for description of calculations ",,,,
"of standard errors.",,,,
