"Bureau of Justice Statistics",,,,,
"filename:  cvpc9802.csv",,,,,
"table #:  02- Victimizations reported to the police in 12 cities, 1998",,,,,
"title:  Criminal Victimization and Perceptions of Community Safety in 12 Cities, 1998 NCJ # 173940",,,,,
"data source:  Criminal Victimization and Perceptions of Public Safety Survey in 12 Cities, 1998 ICPSR # 2743",,,,,
"authors:  Steven K. Smith, Greg W. Steadman, and Todd D. Minton",,,,,
"refer questions to:  askbjs@ojp.usdoj.gov (202) 307-0765",,,,,
"date of version:  5/25/99",,,,,
,,,,,
"Table 2.  Victimizations reported to the police in 12 cities, 1998",,,,,
,,,,,
,,"Violent crimes (a)",,"Property crimes (b)",
,"Total",,"Percent",,"Percent"
,"population","Number (c)","reported","Number","reported"
,"age 12 or older","(in 1000s)","to police","(in 1000s)","to police"
,,,,,
"    Total",14167416,1056,35%,2369,34%
,,,,,
"Chicago, IL",2237203,152,38%,489,38%
"Kansas City, MO",366351,22,44%,66,45%
"Knoxville, TN",138066,10,41%,23,43%
"Los Angeles, CA",2954058,191,34%,523,33%
,,,,,
"Madison, WI",164987,12,36%,28,37%
"New York, NY",6116941,521,32%,815,29%
"San Diego, CA",982314,62,36%,151,28%
"Savannah, GA",112349,9,40%,24,47%
,,,,,
"Spokane, WA",156428,10,31%,33,38%
"Springfield, MA",122501,10,58%,21,41%
"Tucson, AZ",380067,31,42%,86,44%
"Washington, DC",436151,26,50%,109,41%
,,,,,
"(a) Violent crimes include rape/sexual assault, robbery, ",,,,,
"and assault (aggravated and simple).",,,,,
"(b) Property crimes include household burglary, motor vehicle theft, and",,,,,
"theft (personal larceny without contact and household larceny).",,,,,
"(c) Does not include cases where reporting to police was unknown.",,,,,
