"Bureau of Justice Statistics",,,,,,,,,,,,
"filename:  cvpc9843.csv",,,,,,,,,,,,
"table #:  43-  Residents in 12 cities who said police did not practice community policing, by types of police activities they would like, 1998 ",,,,,,,,,,,,
"title:  Criminal Victimization and Perceptions of Community Safety in 12 Cities, 1998  NCJ #173940",,,,,,,,,,,,
"data source:  Criminal Victimization and Perceptions of Public Safety Survey in 12 Cities, 1998 ICPSR #2743",,,,,,,,,,,,
"authors:  Steven K. Smith, Greg W. Steadman, and Todd D. Minton",,,,,,,,,,,,
"refer questions to:  askbjs@ojp.usdoj.gov (202) 307-0765",,,,,,,,,,,,
"date of version:  5/25/99",,,,,,,,,,,,
,,,,,,,,,,,,
"Table 43.  Residents in 12 cities who said police did not practice community policing, by types of police activities ",,,,,,,,,,,,
"they would like, 1998",,,,,,,,,,,,
,,,,,,,,,,,,
,,,,,,,"Percent of residents who wanted police to-",,,,,
,,"Estimated",,,"Increase",,,,,"Conduct",,
,,"number or",,,"number","Assign",,,,"security",,
" ",,"residents age",,"Work with","of police","same","Clean up","Clean up","Work with","checks/","Not do ","Other"
" ",,"16 or older",,"community","on street","officers","streets","Streets","Kids","surveys","anything","activities"
"Total",,5943774,,25%,46%,7%,4%,5%,13%,5%,6%,49%
,,,,,,,,,,,,
"Chicago, IL",,801690,,25%,47%,5%,4%,6%,13%,5%,8%,48%
"Kansas City, MO",,146338,,26%,42%,9%,3%,3%,13%,6%,6%,45%
"Knoxville, TN",,53123,,23%,44%,6%,3%,3%,10%,6%,8%,43%
"Los Angeles, CA",,1453044,,29%,48%,7%,5%,4%,11%,5%,5%,45%
" ",,,,,,,,,,,,
"Madison, WI",,47740,,25%,38%,7%,3%,4%,14%,6%,7%,42%
"New York, NY",,2604328,,22%,45%,7%,4%,6%,14%,5%,6%,53%
"San Diego, CA",,348693,,29%,46%,9%,3%,2%,12%,6%,6%,39%
"Savannah, GA",,42195,,26%,47%,5%,3%,3%,12%,4%,7%,44%
" ",,,,,,,,,,,,
"Spokane, WA",,51862,,23%,45%,7%,3%,"--",12%,4%,9%,41%
"Springfield, MA",,39256,,22%,46%,7%,3%,4%,11%,5%,7%,47%
"Tucson, AZ",,160746,,30%,45%,9%,3%,5%,12%,6%,5%,42%
"Washington, DC",,194759,,25%,44%,9%,4%,5%,13%,5%,6%,51%
" ",,,,,,,,,,,,
"Note:  Don't know responses and refusals to answer are excluded from analysis.  ",,,,,,,,,,,,
"Estimated number of residents age 16 or older represents largest category.",,,,,,,,,,,,
"Total number of respondents varies by each response category.",,,,,,,,,,,,
"Total exceeds 100% due to multiple responses.",,,,,,,,,,,,
"Asked only of those who said the police were not practicing community policing in their ",,,,,,,,,,,,
"neighborhood but wished the police did.",,,,,,,,,,,,
"--FEWER THAN 10 RESPONDENTS.""",,,,,,,,,,,,
"Question:  ""What types of things do you wish the police were doing in your neighborhood?""",,,,,,,,,,,,
