"Bureau of Justice Statistics",,,,,,,,,
"filename:  cvpc98a3.csv",,,,,,,,,
"appendix table #:  03-  Incidents used to calculate rates of crime",,,,,,,,,
"title:  Criminal Victimization and Perceptions of Community Safety in 12 Cities, 1998 NCJ # 173940",,,,,,,,,
"data source:  Criminal Victimization and Perceptions of Public Safety Survey in 12 Cities, 1998 ICPSR # 2743",,,,,,,,,
"authors:  Steven K. Smith, Greg W. Steadman, and Todd D. Minton",,,,,,,,,
"refer questions to:  askbjs@ojp.usdoj.gov (202) 307-0765",,,,,,,,,
"date of version:  5/25/99",,,,,,,,,
,,,,,,,,,
"Appendix table 3.  Incidents used to calculate rates of crime",,,,,,,,,
,,,,,,,,,
,"Violent crime incidents",,,,,"Property crime incidents",,,
,"Victim race",,,,,"Household race",,,
,"Total","White","Black","Other",,"Total","White","Black","Other"
,,,,,,,,,
"    Total",1056327,516391,337064,202872,,2365223,1375965,655782,333476
,,,,,,,,,
"Chicago, IL",152136,82492,37178,32466,,488093,250089,175978,62026
"Kansas City, MO",22263,15863,4494,1906,,65715,43455,19072,3188
"Knoxville, TN",9634,8607,923,104,,22647,20405,1835,407
"Los Angeles, CA",191189,115404,49254,26531,,520865,293323,110628,116914
,,,,,,,,,
"Madison, WI",11614,11338,0,276,,27735,25366,1360,1009
"New York, NY",521470,182220,214839,124411,,814937,448779,267321,98837
"San Diego, CA",61844,47524,6087,8233,,151176,112979,12267,25930
"Savannah, GA",9129,4745,4118,266,,24053,13827,8981,1245
,,,,,,,,,
"Spokane, WA",10471,8689,889,893,,33393,30226,1067,2100
"Springfield, MA",9502,5881,2191,1430,,21258,14387,5411,1460
"Tucson, AZ",30993,24527,1421,5045,,85859,70342,2844,12673
"Washington, DC",26082,9101,15670,1311,,109492,52787,49018,7687
