"Bureau of Justice Statistics",,,,,,,,
"filename:  cvpc9819.csv",,,,,,,,
"table #:  19-  Residents in 12 cities, by degree of satisfaction with quality of life in their city, 1998  ",,,,,,,,
"title:  Criminal Victimization and Perceptions of Community Safety in 12 Cities, 1998  NCJ #173940",,,,,,,,
"data source:  Criminal Victimization and Perceptions of Public Safety Survey in 12 Cities, 1998 ICPSR #2743",,,,,,,,
"authors:  Steven K. Smith, Greg W. Steadman, and Todd D. Minton",,,,,,,,
"refer questions to:  askbjs@ojp.usdoj.gov (202) 307-0765",,,,,,,,
"date of version:  5/25/99",,,,,,,,
,,,,,,,,
"Table 19.  Residents in 12 cities, by degree of satisfaction with the quality of life in their city, 1998",,,,,,,,
,,,,,,,,
,"Estimated ",,"Percent of satisfaction with quality of life",,,,,
,"number of",,"Satisfied",,,,"Dissatisfied",
,"residents age",,"Very",,,,,"Very"
,"16 or older","Total","satisfied","Satisfied",,"Total","Dissatisfied","dissatisfied"
"Total",12395789,69%,12%,58%,,31%,24%,7%
,,,,,,,,
"Chicago, IL",1975488,68%,13%,56%,,32%,26%,6%
"Kansas City, MO",337584,70%,11%,59%,,30%,23%,7%
"Knoxville, TN",121924,85%,28%,57%,,15%,13%,2%
"Los Angeles, CA",2710225,56%,7%,50%,,44%,33%,11%
,,,,,,,,
"Madison, WI",152124,95%,46%,48%,,6%,5%,1%
"New York, NY",5114424,72%,9%,63%,,28%,22%,6%
"San Diego, CA",900796,90%,32%,58%,,10%,8%,2%
"Savannah, GA",97114,71%,13%,58%,,29%,22%,7%
,,,,,,,,
"Spokane, WA",140965,81%,21%,60%,,19%,17%,2%
"Springfield, MA",102836,57%,4%,53%,,43%,35%,9%
"Tucson, AZ",353262,78%,17%,61%,,22%,17%,4%
"Washington, DC",389047,59%,8%,50%,,41%,32%,10%
,,,,,,,,
"Note: Don't know responses and refusals to answer are excluded from analysis.  ",,,,,,,,
"Detail may not add to total because of rounding.",,,,,,,,
"Question: ""How satisfied are you with the quality of life in your city?  ",,,,,,,,
"Are you very satisfied, satisfied, dissatisfied, or very dissatisfied?""",,,,,,,,
