"Bureau of Justice Statistics",,,
"filename:  cvpc9805.csv",,,
"table #:  05- Violent victimizations committed by strangers and non-strangers in 12 cities, 1998",,,
"title:  Criminal Victimization and Perceptions of Community Safety in 12 Cities, 1998 NCJ # 173940",,,
"data source:  Criminal Victimization and Perceptions of Public Safety Survey in 12 Cities, 1998 ICPSR # 2743",,,
"authors:  Steven K. Smith, Greg W. Steadman, and Todd D. Minton",,,
"refer questions to:  askbjs@ojp.usdoj.gov (202) 307-0765",,,
"date of version:  5/25/99",,,
,,,
"Table 5.  Violent victimizations committed by strangers ",,,
"and non-strangers in 12 cities, 1998",,,
,,,
,"Estimated number","Percent of violent",
,"of violent","victimizations",
,"victimizations",,"Involving"
,"of residents","Involving","non-"
,"age 12 or older","strangers","strangers"
,,,
"    Total",989986,64%,36%
,,,
"Chicago, IL",143587,67%,33%
"Kansas City, MO",20644,47%,53%
"Knoxville, TN",9361,50%,50%
"Los Angeles, CA",181892,74%,26%
,,,
"Madison, WI",10985,62%,38%
"New York, NY",483006,62%,38%
"San Diego, CA",60260,63%,37%
"Savannah, GA",8656,58%,42%
,,,
"Spokane, WA",9607,54%,46%
"Springfield, MA",9179,53%,47%
"Tucson, AZ",28492,42%,58%
"Washington, DC",24317,67%,33%
,,,
"Note:  Violent crimes include rape/sexual assault, robbery, and assault",,,
"(aggravated and simple).  Table does not include victimizations in ",,,
"which the victim could not determine the number of offenders or",,,
"whether the offender(s) was a stranger or known by the victim.",,,
