"Bureau of Justice Statistics",,,,,,,,,,,,
"filename:  cvpc9830.csv",,,,,,,,,,,,
"table #:  30-  Residents in 12 cities, by types of contact with police, 1998  ",,,,,,,,,,,,
"title:  Criminal Victimization and Perceptions of Community Safety in 12 Cities, 1998  NCJ #173940",,,,,,,,,,,,
"data source:  Criminal Victimization and Perceptions of Public Safety Survey in 12 Cities, 1998 ICPSR #2743",,,,,,,,,,,,
"authors:  Steven K. Smith, Greg W. Steadman, and Todd D. Minton",,,,,,,,,,,,
"refer questions to:  askbjs@ojp.usdoj.gov (202) 307-0765",,,,,,,,,,,,
"date of version:  5/25/99",,,,,,,,,,,,
,,,,,,,,,,,,
"Table 30.  Residents in 12 cities, by types of contact with police, 1998",,,,,,,,,,,,
,,,,,,,,,,,,
,,,,,,,"Percent of all residents who-",,,,,
,,"Estimated",,,,,,,"Participated","Involved",,
,,"number of",,"Had casual","Called","Provided ","Reported","Asked for","in community","in traffic","Worked",
" ",,"residents age",,"conversation","police","information","a crime","information","activity ","violations/","with police","Other"
,,"16 or older",,"with police","for service","for police","to police","or advice","with police","accidents","on problem","Contact"
"Total",,13252674,,6%,6%,6%,8%,2%,1%,5%,2%,10%
,,,,,,,,,,,,
"Chicago, IL",,2085054,,8%,7%,6%,12%,2%,2%,6%,2%,11%
"Kansas City, MO",,349260,,10%,9%,7%,10%,2%,2%,7%,2%,10%
"Knoxville, TN",,130143,,9%,6%,5%,10%,1%,2%,8%,2%,9%
"Los Angeles, CA",,2810892,,6%,7%,9%,8%,2%,1%,4%,2%,11%
" ",,,,,,,,,,,,
"Madison, WI",,157985,,8%,7%,7%,10%,2%,2%,8%,3%,14%
"New York, NY",,5661180,,5%,3%,4%,7%,1%,"--",5%,2%,9%
"San Diego, CA",,925803,,8%,7%,8%,8%,2%,2%,7%,2%,9%
"Savannah, GA",,104494,,10%,7%,5%,12%,2%,2%,7%,1%,13%
" ",,,,,,,,,,,,
"Spokane, WA",,145477,,6%,7%,8%,12%,2%,2%,5%,3%,12%
"Springfield, MA",,110792,,9%,7%,6%,11%,3%,2%,4%,2%,14%
"Tucson, AZ",,359001,,8%,10%,8%,13%,2%,2%,6%,2%,11%
"Washington, DC",,412593,,7%,6%,5%,11%,3%,4%,4%,2%,13%
" ",,,,,,,,,,,,
"Note:  Estimated number of residents age 16 or older represents largest category.   ",,,,,,,,,,,,
"Total number of respondents varies by each response category.  ",,,,,,,,,,,,
"Asked only of those who said they had contact with the local police in the past 12 months.",,,,,,,,,,,,
"""--Fewer than 10 respondents.""",,,,,,,,,,,,
"*""Other contact"" includes ""responded to police survey."" ",,,,,,,,,,,,
"Questions:  ""How would you best describe your contact with the police?""",,,,,,,,,,,,
