Bureau of Justice Statistics,,,,,,,,
filename:  bcft09st03b.csv,,,,,,,,
"Table 3b. Local denial rates by community size and type of permit, 1999-2009",,,,,,,,
"title: Background Checks for Firearm Transfers, 2009 - Statistical Tables NCJ xxx",,,,,,,,
data source:  Firearm Inquiry Statistics Program,,,,,,,,
"authors:  Michael Bowling, Ph.D. (REJIS), Gene Lauver (REJIS), Devon B. Adams (BJS), and Allina D. Boutilier (BJS)",,,,,,,,
refer questions to: askbjs@usdoj.gov (202)307-0765,,,,,,,,
date of version:  xxx,,,,,,,,
,,,,,,,,
"Table 3b. Local denial rates by community size and type of permit, 1999-2009",,,,,,,,
,2009,,,,1999-2009,,,
Population Served by checking agency,Applications,Denials,Percent denied,,Applications,Denials,Percent denied,
Purchase permits,,,,,,,,
"  Under 10,000","12,926",143,1.1,%,"137,763","1,732",1.3,%
"  10,000 to 100,000","53,822","1,004",1.9,,"614,929","10,632",1.7,
"  Over 100,000","52,099","1,178",2.3,,"440,312","12,031",2.7,
     Total,"118,847","2,325",2,,"1,193,004","24,395",2,
Exempt carry permits,,,,,,,,
"  Under 10,000","4,796",41,0.9,%,"53,249",497,0.9,%
"  10,000 to 100,000","47,842",745,1.6,,"301,054","4,343",1.4,
"  Over 100,000","46,116","1,069",2.3,,"232,894","4,496",1.9,
     Total,"98,754","1,855",1.9,,"587,197","9,336",1.6,
Note: Counts are from agencies that provided data.,,,,,,,,
See also Methodology.,,,,,,,,
