"Bureau of Justice Statistics",,,,,,,,,,,,
"filename:  FSSC9603.csv",,,,,,,,,,,,
"table #:  Table 3.  Lengths of felony sentences imposed by State courts, by offense and type of sentence, 1996",,,,,,,,,,,,
"report title:  Felony Sentences in State Courts, 1996; NCJ 173939",,,,,,,,,,,,
"data source:  National Judicial Reporting Program, 1996",,,,,,,,,,,,
"authors:  Jodi M. Brown, Patrick A. Langan, David J. Levin",,,,,,,,,,,,
"refer questions to:  askbjs@ojp.usdoj.gov  (202) 307-0765",,,,,,,,,,,,
"date of version:  June 7, 2001",,,,,,,,,,,,
,,,,,,,,,,,,
"Mean",,,,,,,,,,,,
,,"Maximum sentence length in months for felons sentenced to -- ",,,,,,,,,,
,,,,"Incarceration",,,,,,,,
,"Total",,,"Prison",,,"Jail",,,"Probation",,
"Most serious conviction offense","Count","Mean",,"Count","Mean",,"Count","Mean",,"Count","Mean",
"All Offenses",684044,38,"mo",379322,62,"mo",304722,6,"mo",313862,41,"mo"
"Violent Offenses",131994,78,"mo",95023,105,"mo",36971,7,"mo",35827,48,"mo"
"Murder^a",10833,249,,10505,257,,328,8,,596,72,
"Sexual assault^b",23765,98,,18941,120,,4825,8,,6290,66,
"Robbery",37381,87,,31195,101,,6187,10,,5450,52,
"Aggravated assault",49852,43,,29042,69,,20810,6,,19669,41,
"Other violent^c",10162,34,,5341,59,,4822,6,,3822,44,
"Property Offenses",185419,30,"mo",101758,49,"mo",83661,6,"mo",113206,40,"mo"
"Burglary",66101,41,,42252,60,,23849,6,,27094,46,
"Larceny^d",78226,22,,38470,40,,39755,6,,44975,38,
"Fraud^e",41092,24,,21035,43,,20057,5,,41136,39,
"Drug Offenses",249896,28,"mo",122822,51,"mo",127073,6,"mo",97834,42,"mo"
"Possession",94919,20,,38909,41,,56010,5,,40351,37,
"Trafficking",154977,34,,83913,55,,71064,7,,57484,45,
"Weapons offenses",22413,29,"mo",13302,45,"mo",9111,5,"mo",10924,35,"mo"
"Other offenses^f",94322,24,"mo",46417,42,"mo",47905,6,"mo",56071,40,"mo"
,,,,,,,,,,,,
"Median",,,,,,,,,,,,
,,"Maximum sentence length in months for felons sentenced to -- ",,,,,,,,,,
,,,,"Incarceration",,,,,,,,
,"Total",,,"Prison",,,"Jail",,,"Probation",,
"Most serious conviction offense","Count","Median",,"Count","Median",,"Count","Median",,"Count","Median",
"All Offenses",684044,16,"mo",379322,36,"mo",304722,6,,313862,36,"mo"
"Violent Offenses",131994,38,"mo",95023,60,"mo",36971,6,,35827,36,"mo"
"Murder^a",10833,288,,10505,300,,328,8,,596,60,
"Sexual assault^b",23765,60,,18941,72,,4825,6,,6290,60,
"Robbery",37381,60,,31195,72,,6187,9,,5450,60,
"Aggravated assault",49852,23,,29042,48,,20810,6,,19669,36,
"Other violent^c",10162,12,,5341,36,,4822,6,,3822,36,
"Property Offenses",185419,13,"mo",101758,36,"mo",83661,6,,113206,36,"mo"
"Burglary",66101,24,,42252,48,,23849,6,,27094,36,
"Larceny^d",78226,12,,38470,24,,39755,6,,44975,36,
"Fraud^e",41092,12,,21035,30,,20057,4,,41136,36,
"Drug Offenses",249896,12,"mo",122822,36,"mo",127073,6,,97834,36,"mo"
"Possession",94919,9,,38909,24,,56010,5,,40351,36,
"Trafficking",154977,16,,83913,36,,71064,6,,57484,36,
"Weapons offenses",22413,16,"mo",13302,30,"mo",9111,4,,10924,36,"mo"
"Other offenses^f",94322,12,"mo",46417,32,"mo",47905,5,,56071,36,"mo"
,,,,,,,,,,,,
"Note:  For persons receiving a combination of sentences, the sentence designation came from the most severe penalty imposed -- prison being the most severe, followed by jail, then probation.  Prison includes death sentences.",,,,,,,,,,,,
"Means exclude sentences to death or to life in prison.",,,,,,,,,,,,
"Sentence length data were available for 997,906 cases incarceration and probation sentences.",,,,,,,,,,,,
"a Includes nonnegligent manslaughter.",,,,,,,,,,,,
"b Includes rape.",,,,,,,,,,,,
"c Includes offenses such as negligent manslaughter and kidnaping.",,,,,,,,,,,,
"d Includes motor vehicle theft.",,,,,,,,,,,,
"e Includes forgery and embezzlement.",,,,,,,,,,,,
"f Composed of nonviolent offenses such as receiving stolen property and vandalism.",,,,,,,,,,,,
