"Bureau of Justice Statistics",,,,,,,,,,,
"filename:  FSSC9612.csv",,,,,,,,,,,
"table #:  Table 12.  Felons sentenced to an additional penalty by State courts, by offense, 1996",,,,,,,,,,,
"report title:  Felony Sentences in State Courts, 1996; NCJ 173939",,,,,,,,,,,
"data source:  National Judicial Reporting Program, 1996",,,,,,,,,,,
"authors:  Jodi M. Brown, Patrick A. Langan, David J. Levin",,,,,,,,,,,
"refer questions to:  askbjs@ojp.usdoj.gov  (202) 307-0765",,,,,,,,,,,
"date of version:  May 14, 1999",,,,,,,,,,,
,,,,,,,,,,,
"Count",,,,,,,,,,,
,,,"Number of felons with an additional penalty of (marked ""yes"")--",,,,,,,,
,,"Fine",,"Restitution",,"Treatment",,"Community Service",,"Other Penalty",
"Most serious conviction offense","Total","Yes","DK","Yes","DK","Yes","DK","Yes","DK","Yes","DK"
"All Offenses",997970,202083,795888,136365,861605,56100,941870,60284,937686,31315,966655
"Violent Offenses",167824,23841,143983,20456,147368,8259,159565,7263,160560,5165,162658
"Murder^a",11430,863,10567,1059,10371,85,11345,146,11284,181,11248
"Sexual assault^b",30057,3989,26068,2850,27207,2421,27636,933,29124,1054,29003
"Robbery",42831,3583,39248,4733,38098,1161,41670,844,41986,872,41959
"Aggravated assault",69522,12894,56629,9949,59574,3783,65740,4433,65089,2503,67019
"Other violent^c",13984,2512,11471,1865,12119,809,13175,907,13077,555,13429
"Property Offenses",298631,59958,238673,73564,225067,12642,285989,21359,277272,10559,288072
"Burglary",93197,15414,77783,19896,73300,3526,89671,5191,88006,2339,90858
"Larceny^d",123201,24482,98719,27004,96196,5691,117510,7996,115204,5575,117626
"Fraud^e",82233,20062,62171,26663,55570,3425,78808,8172,74062,2645,79589
"Drug Offenses",347774,74927,272847,22696,325078,23080,324694,20830,326944,8687,339087
"Possession",135270,26259,109011,8899,126370,12938,122332,8138,127131,4104,131166
"Trafficking",212504,48668,163836,13796,198708,10142,202362,12692,199812,4583,207921
"Weapons offenses",33337,5462,27875,1923,31414,1114,32223,1261,32077,593,32745
"Other offenses^f",150404,37894,112510,17727,132678,11005,139399,9571,140834,6311,144094
,,,,,,,,,,,
"Percents",,,,,,,,,,,
,,,,,"Percent of felons with an additional penalty of --",,,,,,
"Most serious conviction offense",,"Fine",,"Restitution",,"Treatment",,"Community Service",,"Other Penalty",
"All Offenses",,20,"%",14,"%",6,"%",6,"%",3,"%"
"Violent Offenses",,14,"%",12,"%",5,"%",4,"%",3,"%"
"Murder^a",,8,,9,,1,,1,,2,
"Sexual assault^b",,13,,9,,8,,3,,4,
"Robbery",,8,,11,,3,,2,,2,
"Aggravated assault",,19,,14,,5,,6,,4,
"Other violent^c",,18,,13,,6,,6,,4,
"Property Offenses",,20,"%",25,"%",4,"%",7,"%",4,"%"
"Burglary",,17,,21,,4,,6,,3,
"Larceny^d",,20,,22,,5,,6,,5,
"Fraud^e",,24,,32,,4,,10,,3,
"Drug Offenses",,22,"%",7,"%",7,"%",6,"%",2,"%"
"Possession",,19,,7,,10,,6,,3,
"Trafficking",,23,,6,,5,,6,,2,
"Weapons offenses",,16,"%",6,"%",3,"%",4,"%",2,"%"
"Other offenses^f",,25,"%",12,"%",7,"%",6,"%",4,"%"
,,,,,,,,,,,
"Note:  Where the data indicated affirmatively that a particular additional penalty was imposed, the case was coded accordingly. ",,,,,,,,,,,
"Where the data did not indicate affirmatively or negatively, the case was treated as not having an additional penalty.",,,,,,,,,,,
"These procedures provide a conservative estimate of the prevalence of additional penalties.  A felon receiving more than one kind of additional penalty appears under more than one table heading.",,,,,,,,,,,
"Data on additional penalties were available for 997,970 cases.",,,,,,,,,,,
"a Includes nonnegligent manslaughter.",,,,,,,,,,,
"b Includes rape.",,,,,,,,,,,
"c Includes offenses such as negligent manslaughter and kidnaping.",,,,,,,,,,,
"d Includes motor vehicle theft.",,,,,,,,,,,
"e Includes forgery and embezzlement.",,,,,,,,,,,
"f Composed of nonviolent offenses such as receiving stolen property and vandalism.",,,,,,,,,,,
