Bureau of Justice Statistics,,,,,,,,,
Filename:  cp08st06.csv,,,,,,,,,
"Table 6. Hispanics and women under sentence of death, by jurisdiction, 2007 and 2008",,,,,,,,,
"Report title: Capital Punishment, 2008 - Statistical Tables NCJ 228662",,,,,,,,,
Data source: National Prisoner Statistics (NPS-8),,,,,,,,,
Authors:  Tracy L. Snell,,,,,,,,,
Refer questions to: askbjs@usdoj.gov (202) 307-0765,,,,,,,,,
Date of version: 11/17/09,,,,,,,,,
,,,,,,,,,
"Table 6. Hispanics and women under sentence of death, by jurisdiction, 2007 and 2008",,,,,,,,,
,,"Under sentence of death, 12/31/07/a",,"Received under sentence of death, 2008",,"Death sentence removed, 2008/b",,"Under sentence of death, 12/31/08",
Jurisdiction,,Hispanics,Women,Hispanics,Women,Hispanics,Women,Hispanics,Women
U.S. total,,361,56,21,3,9,1,373,58
Federal,,4,1,0,1,0,0,4,2
Alabama,,1,4,1,0,0,0,2,4
Arizona,,17,2,2,0,1,0,18,2
California,,144,15,8,0,1,0,151,15
Connecticut,,1,0,0,0,0,0,1,0
Delaware,,2,0,0,0,0,0,2,0
Florida,,32,0,1,1,0,0,33,1
Georgia,,2,1,0,0,0,0,2,1
Idaho,,1,1,0,0,0,0,1,1
Illinois,,2,0,0,0,0,0,2,0
Indiana,,1,1,0,0,0,0,1,1
Kentucky,,1,1,0,0,0,0,1,1
Louisiana,,1,2,1,0,0,0,2,2
Mississippi,,0,3,0,0,0,0,0,3
Nebraska,,3,0,0,0,0,0,3,0
Nevada,,7,0,0,0,0,0,7,0
New Mexico,,1,0,0,0,0,0,1,0
North Carolina,,4,5,0,0,0,0,4,5
Ohio,,5,2,0,0,0,1,5,1
Oklahoma,,2,1,0,0,0,0,2,1
Oregon,,2,0,0,0,0,0,2,0
Pennsylvania,,21,5,2,0,2,0,21,5
South Carolina,,0,0,1,0,0,0,1,0
Tennessee,,1,2,0,0,0,0,1,2
Texas,,104,9,4,1,5,0,103,10
Utah,,2,0,1,0,0,0,3,0
Virginia,,0,1,0,0,0,0,0,1
a/The count of Hispanics under sentence of death at yearend 2007 has been revised.,,,,,,,,,
b/Includes 3 Hispanic men in Texas who were executed in 2008.,,,,,,,,,
