Bureau of Justice Statistics,,,,,,
Filename:  cp08st16.csv,,,,,,
"Table 16. Number of persons executed, by race, Hispanic origin, and method, 1977-2008",,,,,,
"Report title: Capital Punishment, 2008 - Statistical Tables NCJ 228662",,,,,,
Data source: National Prisoner Statistics (NPS-8),,,,,,
Authors:  Tracy L. Snell,,,,,,
Refer questions to: askbjs@usdoj.gov (202) 307-0765,,,,,,
Date of version: 11/13/09,,,,,,
,,,,,,
"Table 16. Number of persons executed, by race, Hispanic origin, and method, 1977-2008",,,,,,
,,Number of persons executed,,,,
Method of execution,,White*,Black*,Hispanic,American Indian*,Asian*
,Total,648,390,84,8,6
Lethal injection,,553,317,82,7,6
Electrocution,,82,70,2,1,0
Lethal gas,,8,3,0,0,0
Hanging,,3,0,0,0,0
Firing squad,,2,0,0,0,0
*Excludes persons of Hispanic/Latino origin.,,,,,,
