Bureau of Justice Statistics,,,,,,,
Filename:  cp08st05.csv,,,,,,,
"Table 5. Demographic characteristics of prisoners under sentence of death, 2008",,,,,,,
"Report title: Capital Punishment, 2008 - Statistical Tables NCJ 228662",,,,,,,
Data source: National Prisoner Statistics (NPS-8),,,,,,,
Authors:  Tracy L. Snell,,,,,,,
Refer questions to: askbjs@usdoj.gov (202) 307-0765,,,,,,,
Date of version: 11/17/09,,,,,,,
,,,,,,,
"Table 5. Demographic characteristics of prisoners under sentence of death, 2008",,,,,,,
,,"Prisoners under sentence of death, 2008",,,,,
Characteristic,,Yearend,,Admissions,,Removals,
,Total inmates,"3,208",,111,,119,
Gender,,,,,,,
,Male,98.2,%,97.3,%,99.2,%
,Female,1.8,,2.7,,0.8,
Race\a,,,,,,,
,White,56.1,%,58.6,%,61.3,%
,Black ,41.7,,39.6,,37,
,All other races\b,2.2,,1.8,,1.7,
Hispanic origin,,,,,,,
,Hispanic,13.2,%,19.8,%,8.1,%
,Non-Hispanic,86.8,,80.2,,91.9,
,Number unknown,384,,5,,8,
Education,,,,,,,
,8th grade or less,13.5,%,17.1,%,19.2,%
,9th-11th grade,36.5,,31.7,,36.4,
,High school graduate/GED,40.8,,41.5,,35.4,
,Any college,9.2,,9.8,,9.1,
,Median,12th,,12th,,11th,
,Number unknown,528,,29,,20,
Marital status,,,,,,,
,Married,22.2,%,18.3,%,20.2,%
,Divorced/separated,20.1,,19.5,,27.9,
,Widowed,2.9,,4.9,,1.9,
,Never married,54.7,,57.3,,50,
,Number unknown,371,,29,,15,
Note: Calculations are based on those cases for which data were reported. Detail may not add to total due to rounding.,,,,,,,
a/Includes persons of Hispanic/Latino origin.,,,,,,,
"b/At yearend 2008, inmates in ""all other races"" races consisted of 27 American Indians, 35 Asians, and 9 self-identified Hispanics. During 2008, 1 American Indian and 1 Asian were admitted; and 1 Asian and 1 self-identified Hispanic were removed.",,,,,,,
