Bureau of Justice Statistics,,,
Filename:  cp08st13.csv,,,
"Table 13. Persons under sentence of death, by gender, race, and Hispanic origin, 12/31/2008",,,
"Report title: Capital Punishment, 2008 - Statistical Tables NCJ 228662",,,
Data source: National Prisoner Statistics (NPS-8),,,
Authors:  Tracy L. Snell,,,
Refer questions to: askbjs@usdoj.gov (202) 307-0765,,,
Date of version: 11/13/09,,,
,,,
"Table 13. Persons under sentence of death, by gender, race, and Hispanic origin, 12/31/2008",,,
,,Persons under sentence of death,
,,Male,Female
White,,"1,758",40
,Hispanic,347,4
Black,,"1,323",15
,Hispanic,10,0
All other races*,,68,3
,Hispanic,10,2
"*Includes American Indians, Alaska Natives, Asians, Native Hawaiians, and other Pacific Islanders.",,,
