Bureau of Justice Statistics,
Filename:  cp08st15.csv,
"Table 15. Number of persons executed, by year, 1977-2008",
"Report title: Capital Punishment, 2008 - Statistical Tables NCJ 228662",
Data source: National Prisoner Statistics (NPS-8),
Authors:  Tracy L. Snell,
Refer questions to: askbjs@usdoj.gov (202) 307-0765,
Date of version: 10/28/09,
,
"Table 15. Number of persons executed, by year, 1977-2008",
,
Year,Number of inmates executed
1977,1
1979,2
1981,1
1982,2
1983,5
1984,21
1985,18
1986,18
1987,25
1988,11
1989,16
1990,23
1991,14
1992,31
1993,38
1994,31
1995,56
1996,45
1997,74
1998,68
1999,98
2000,85
2001,66
2002,71
2003,65
2004,59
2005,60
2006,53
2007,42
2008,37
