Bureau of Justice Statistics,
Filename:  cp08sta.csv,
"Advance count of executions: January 1, 2009 - October 31, 2009",
"Report title: Capital Punishment, 2008 - Statistical Tables NCJ 228662",
Data source: National Prisoner Statistics (NPS-8),
Authors:  Tracy L. Snell,
Refer questions to: askbjs@usdoj.gov (202) 307-0765,
Date of version: 10/28/09,
,
Advance count of executions:,
"January 1, 2009 - October 31, 2009",
,
Jurisdiction,Number of executions
Texas,19
Alabama,6
Ohio,4
Georgia,3
Oklahoma,3
Florida,2
South Carolina,2
Missouri,1
Tennessee,1
Virginia,1
,
Total,42
Note: All executions during  this period were carried out by lethal injection.,
