"Bureau of Justice Statistics",,,,,
"filename:  FS00se12.csv",,,,,
"table #:  Estimate of 1 standard error for table 12, 2000",,,,,
"report title:  Felony Sentences in State Courts, 2000; NCJ 198821",,,,,
"data source:  National Judicial Reporting Program, 2000",,,,,
"author:  Matthew Durose, Patrick Langan",,,,,
"refer questions to:  askbjs@ojp.usdoj.gov  (202) 307-0765",,,,,
"date of version:  June 19, 2003",,,,,
,,,,,
,"Error in percent of felons with an additional penalty of --",,,,
,,,,"Community",
"Most serious conviction offense","Fine","Restitution","Treatment","service","Other"
"All offenses",1.7,0.9,1.0,0.5,1.3
"Violent offenses",1.6,1.2,0.8,0.4,1.3
"Murder",1.3,1.6,1.2,0.4,0.7
"Sexual assault",1.7,1.1,1.2,0.4,1.4
"Rape",1.7,1.5,1.2,0.3,1.5
"Other sexual assault",2.1,1.0,1.4,0.6,1.5
"Robbery",1.2,1.4,0.7,0.4,0.8
"Aggravated assault",1.8,1.3,0.9,0.6,1.9
"Other violent",3.1,2.0,1.1,0.8,1.0
"Property offenses",1.8,1.5,1.2,0.6,1.3
"Burglary",1.4,1.6,0.8,0.5,1.1
"Larceny",1.9,1.6,1.2,0.7,1.7
"Motor vehicle theft",2.2,2.6,0.8,1.0,4.0
"Fraud",2.5,1.9,1.9,0.8,1.3
"Drug offenses",1.9,0.5,1.1,0.6,1.3
"Possession",1.6,0.6,1.6,1.0,2.4
"Trafficking",2.4,0.6,0.9,0.6,0.8
"Weapon offenses",1.6,0.9,0.6,0.6,1.6
"Other offenses",1.8,0.9,0.9,0.7,1.8
