"Bureau of Justice Statistics",,,,
"filename:  FS00se10.csv",,,,
"table #:  Estimate of 1 standard error for table 10, 2000",,,,
"report title:  Felony Sentences in State Courts, 2000; NCJ 198821",,,,
"data source:  National Judicial Reporting Program, 2000",,,,
"author:  Matthew Durose, Patrick Langan",,,,
"refer questions to:  askbjs@ojp.usdoj.gov  (202) 307-0765",,,,
"date of version:  June 19, 2003",,,,
,,,,
,"Error in percent of felons convicted by --",,,
,,"Trial",,"Guilty"
"Most serious conviction offense","Jury",,"Bench","plea"
"All offenses",0.2,,0.2,0.3
"Violent offenses",0.5,,0.3,0.6
"Murder",1.7,,0.4,1.4
"Sexual assault",0.8,,0.3,0.9
"Rape",1.5,,0.6,1.6
"Other sexual assault",0.7,,0.3,0.8
"Robbery",0.7,,0.4,0.9
"Aggravated assault",0.5,,0.4,0.6
"Other violent",1.0,,0.4,1.1
"Property offenses",0.1,,0.2,0.3
"Burglary",0.2,,0.2,0.3
"Larceny",0.1,,0.3,0.3
"Motor vehicle theft",0.3,,0.3,0.5
"Fraud",0.1,,0.3,0.3
"Drug offenses",0.2,,0.3,0.3
"Possession",0.2,,0.4,0.4
"Trafficking",0.2,,0.2,0.3
"Weapon offenses",0.4,,0.5,0.7
"Other offenses",0.2,,0.2,0.4
