"Bureau of Justice Statistics",,,,
"filename:  FSS00se3.csv",,,,
"table #:  Estimate of 1 standard error for table 3, 2000",,,,
"report title:  Felony Sentences in State Courts, 2000; NCJ 198821",,,,
"data source:  National Judicial Reporting Program, 2000",,,,
"author:  Matthew Durose, Patrick Langan",,,,
"refer questions to:  askbjs@ojp.usdoj.gov  (202) 307-0765",,,,
"date of version:  June 19, 2003",,,,
,,,,
,"Error in mean maximum sentence length ",,,
,"(in months) for felons sentenced to --",,,
,,"Incarceration",,
"Most serious conviction offense","Prison",,"Jail","Probation"
"All offenses",1.2,,0.2,0.9
"Violent offenses",1.9,,0.3,1.2
"Murder",11.1,,4.2,8.4
"Sexual assault",4.5,,0.7,3.6
"Rape",6.4,,0.5,12.4
"Other sexual assault",5.3,,1.1,3.3
"Robbery",1.9,,0.6,2.8
"Aggravated assault",1.6,,0.2,1.4
"Other violent",2.9,,0.7,1.5
"Property offenses",1.4,,0.2,0.9
"Burglary",1.7,,0.2,1.1
"Larceny",1.4,,0.2,0.9
"Motor vehicle theft",1.1,,0.3,1.9
"Fraud",1.5,,0.3,1.1
"Drug offenses",1.5,,0.2,1.1
"Possession",1.3,,0.2,1.5
"Trafficking",1.9,,0.2,1.2
"Weapon offenses",0.9,,0.2,1.2
"Other offenses",1.2,,0.2,1.4
