"Bureau of Justice Statistics",,,
"filename:  fssc0001.csv",,,
"table #  1.  Estimated number of felony convictions in State courts, 2000",,,
"report title:  Felony Sentences in State Courts, 2000; NCJ 198821",,,
"data source:  National Judicial Reporting Program, 2000",,,
"author:  Matthew Durose, Patrick Langan",,,
"refer questions to:  askbjs@ojp.usdoj.gov  (202) 307-0765",,,
"date of version:  June 19, 2003",,,
,,,
"Table 1.  Estimated number of felony convictions in State courts, 2000",,,
,,,
,"Felony convictions in State courts",,
"Most serious conviction offense","Number","Percent",
"All offenses",924700,100,"%"
"Violent offenses",173200,18.7,"%"
"Murder",8600,0.9,
"Murder",6400,0.7,
"Manslaughter /a",2100,0.2,
"Sexual assault /b",31500,3.4,
"Rape",10600,1.1,
"Other sexual assault",20900,2.3,
"Robbery",36800,4.0,
"Armed ",10400,1.1,
"Unarmed",11000,1.2,
"Unspecified",15300,1.7,
"Aggravated assault",79400,8.6,
"Other violent /c",17000,1.8,
"Property offenses",262000,28.3,"%"
"Burglary",79300,8.6,
"Residential",10900,1.2,
"Nonresidential",16300,1.8,
"Unspecified",52100,5.6,
"Larceny /d",100000,10.8,
"Motor vehicle theft",11900,1.3,
"Other theft",88100,9.5,
"Fraud",82700,8.9,
"Fraud /e",40500,4.4,
"Forgery",42200,4.6,
"Drug offenses",319700,34.6,"%"
"Possession",116300,12.6,
"Trafficking",203400,22.0,
"Marijuana",25300,2.7,
"Other",54400,5.9,
"Unspecified",123700,13.4,
"Weapon offenses",28200,3.1,"%"
"Other offenses /f",141600,15.3,"%"
,,,
"Note:  Detail may not sum to total because of rounding.  This table is based on an estimated 924,700 cases.",,,
"a/ Defined as nonnegligent manslaughter only.  A small number of cases were classified as nonnegligent manslaughter when it was unclear if the conviction offense was murder or nonnegligent manslaughter.",,,
"b/ Includes rape.",,,
"c/ Includes offenses such as negligent manslaughter and kidnaping.",,,
"d/ When vehicle theft could not be distinguished from other theft, the case was coded as ""other theft.""  This results in a conservative estimate of vehicle thefts.",,,
"e/ Includes embezzlement.",,,
"f/ Composed of nonviolent offenses such as receiving stolen property and vandalism.",,,
