"Bureau of Justice Statistics",,,,,,,,,,
"filename:  fssc0010.csv",,,,,,,,,,
"table #  10.  Distribution of types of felony convictions in State courts, by offense, 2000",,,,,,,,,,
"report title:  Felony Sentences in State Courts, 2000; NCJ 198821",,,,,,,,,,
"data source:  National Judicial Reporting Program, 2000",,,,,,,,,,
"author:  Matthew Durose, Patrick Langan",,,,,,,,,,
"refer questions to:  askbjs@ojp.usdoj.gov  (202) 307-0765",,,,,,,,,,
"date of version:  June 19, 2003",,,,,,,,,,
,,,,,,,,,,
"Table 10.  Distribution of types of felony convictions in State courts, by offense, 2000",,,,,,,,,,
,,,,,,,,,,
,,,,,"Percent of felons convicted by --",,,,,
,,,,,"Trial",,,,,
"Most serious conviction offense","Total",,"Total Trial",,"Jury",,"Bench",,"Guilty Plea",
"All offenses",100,"%",5,"%",3,"%",2,"%",95,"%"
"Violent offenses",100,"%",11,"%",9,"%",2,"%",89,"%"
"Murder /a ",100,,42,,38,,4,,58,
"Sexual assault /b",100,,12,,10,,2,,88,
"Rape",100,,19,,16,,3,,81,
"Other sexual assault",100,,8,,7,,1,,92,
"Robbery",100,,11,,8,,3,,89,
"Aggravated assault",100,,9,,6,,3,,91,
"Other violent /c",100,,9,,7,,2,,91,
"Property offenses",100,"%",3,"%",2,"%",1,"%",97,"%"
"Burglary",100,,3,,2,,1,,97,
"Larceny /d",100,,3,,2,,1,,97,
"Motor vehicle theft",100,,2,,1,,1,,98,
"Fraud /e",100,,2,,1,,1,,98,
"Drug offenses",100,"%",4,"%",2,"%",2,"%",96,"%"
"Possession",100,,3,,1,,2,,97,
"Trafficking",100,,4,,2,,2,,96,
"Weapon offenses",100,"%",7,"%",3,"%",4,"%",93,"%"
"Other offenses /f",100,"%",3,"%",2,"%",1,"%",97,"%"
,,,,,,,,,,
"Weighted distribution of all unknown conviction types (includes all cases)",,,,,,,,,,
,,,,,"Number of felons convicted by --",,,,,
,,,,,"Trial",,,,,
"Most serious conviction offense","Total",,"Total Trial",,"Jury",,"Bench",,"Guilty Plea",
"All offenses",924743,,45702,,29287,,16415,,879169,
"Violent offenses",173211,,19736,,15299,,4437,,153519,
"Murder /a ",8572,,3604,,3231,,373,,4968,
"Sexual assault /b",31526,,3703,,3062,,640,,27834,
"Rape",10611,,2069,,1707,,361,,8551,
"Other sexual assault",20914,,1651,,1369,,282,,19264,
"Robbery",36803,,4143,,3088,,1055,,32660,
"Aggravated assault",79355,,6787,,4726,,2061,,72604,
"Other violent /c",16955,,1499,,1192,,307,,15453,
"Property offenses",262026,,7037,,3698,,3338,,255028,
"Burglary",79290,,2765,,1751,,1014,,76523,
"Larceny /d",100003,,2566,,1297,,1269,,97447,
"Motor vehicle theft",11937,,253,,173,,80,,11684,
"Fraud /e",82733,,1705,,650,,1055,,81058,
"Drug offenses",319707,,12019,,6264,,5756,,307370,
"Possession",116325,,3296,,1434,,1862,,112690,
"Trafficking",203382,,8723,,4830,,3894,,194679,
"Weapon offenses",28192,,2099,,1005,,1094,,26100,
"Other offenses /f",141607,,4811,,3021,,1790,,137152,
,,,,,,,,,,
"Note:  Detail may not add to the total because of rounding.  This table is based on an estimated 558,871 cases. However, figures are adjusted for cases missing a designation of conviction type.",,,,,,,,,,
"a/ Includes nonnegligent manslaughter.",,,,,,,,,,
"b/ Includes rape.",,,,,,,,,,
"c/ Includes offenses such as negligent manslaughter and kidnaping.",,,,,,,,,,
"d/ Includes motor vehicle theft.",,,,,,,,,,
"e/ Includes forgery and embezzlement.",,,,,,,,,,
"f/ Composed of nonviolent offenses such as receiving stolen property and vandalism.",,,,,,,,,,
