"Bureau of Justice Statistics",,,,,,,,,,,,,,,,,,
"filename:  fssc0007.csv",,,,,,,,,,,,,,,,,,
"table #  7.  Convicted felons sentenced to prison by State courts, by number of conviction offenses, 2000",,,,,,,,,,,,,,,,,,
"report title:  Felony Sentences in State Courts, 2000; NCJ 198821",,,,,,,,,,,,,,,,,,
"data source:  National Judicial Reporting Program, 2000",,,,,,,,,,,,,,,,,,
"author:  Matthew Durose, Patrick Langan",,,,,,,,,,,,,,,,,,
"refer questions to:  askbjs@ojp.usdoj.gov  (202) 307-0765",,,,,,,,,,,,,,,,,,
"date of version:  June 19, 2003",,,,,,,,,,,,,,,,,,
,,,,,,,,,,,,,,,,,,
"Table 7.  Convicted felons sentenced to prison by State courts, by number of conviction offenses, 2000",,,,,,,,,,,,,,,,,,
,,,,,,,,,,,,,,,,,,
,,,,,,,,,"Percent of felons sentenced in State courts following --",,,,,,,,,
,,,"One felony conviction",,,,,,"Two felony convictions",,,,,,"Three or more felony convictions",,,
"Most serious conviction offense","Prison",,"Jail",,"Probation",,"Prison",,"Jail",,"Probation",,"Prison",,"Jail",,"Probation",
"All offenses",38,"%",29,"%",33,"%",44,"%",26,"%",30,"%",50,"%",25,"%",25,"%"
"Violent offenses",50,"%",26,"%",24,"%",61,"%",20,"%",19,"%",66,"%",19,"%",14,"%"
"Murder /a",92,,3,,5,,95,,1,,4,,96,,1,,3,
"Sexual assault /b",58,,23,,19,,73,,14,,13,,77,,12,,11,
"Robbery",70,,18,,13,,81,,9,,10,,82,,10,,7,
"Aggravated assault",37,,32,,31,,45,,28,,26,,52,,28,,20,
"Other violent /c",40,,30,,30,,50,,26,,24,,47,,29,,24,
"Property offenses",35,"%",27,"%",38,"%",40,"%",26,"%",34,"%",46,"%",26,"%",28,"%"
"Burglary",50,,26,,24,,52,,23,,25,,59,,22,,19,
"Larceny /d",31,,30,,39,,37,,30,,33,,41,,31,,29,
"Fraud /e",27,,24,,49,,29,,25,,45,,35,,28,,36,
"Drug offenses",38,"%",29,"%",33,"%",38,"%",29,"%",32,"%",41,"%",27,"%",31,"%"
"Possession",34,,31,,36,,31,,31,,38,,32,,35,,34,
"Trafficking",41,,28,,32,,41,,29,,30,,44,,25,,31,
"Weapon offenses",39,"%",29,"%",32,"%",48,"%",26,"%",26,"%",42,"%",35,"%",22,"%"
"Other offenses /f",31,"%",35,"%",34,"%",35,"%",29,"%",36,"%",43,"%",30,"%",27,"%"
,,,,,,,,,,,,,,,,,,
,,,,,,,,,"Number of felons sentenced in State courts following --",,,,,,,,,
,,,"One felony conviction",,,,,,"Two felony convictions",,,,,,"Three or more felony convictions",,,
"Most serious conviction offense","Prison",,"Jail",,"Probation",,"Prison",,"Jail",,"Probation",,"Prison",,"Jail",,"Probation",
"All offenses",258765,,197858,,224756,,63293,,37844,,43856,,46253,,23279,,23482,
"Violent offenses",58528,,30439,,27703,,19048,,6188,,5939,,16278,,4688,,3528,
"Murder /a",4461,,132,,257,,1780,,21,,82,,1582,,22,,51,
"Sexual assault /b",12221,,4858,,3909,,4338,,821,,785,,3454,,552,,475,
"Robbery",17122,,4294,,3097,,5105,,552,,638,,4815,,604,,437,
"Aggravated assault",19598,,17270,,16548,,6649,,4188,,3860,,5675,,3040,,2176,
"Other violent /c",5126,,3885,,3892,,1176,,605,,575,,752,,471,,389,
"Property offenses",63787,,49907,,69120,,17640,,11398,,15214,,15401,,8727,,9412,
"Burglary",24092,,12694,,11763,,8696,,3868,,4248,,8066,,2933,,2631,
"Larceny /d",25353,,24548,,31299,,4490,,3682,,4110,,2458,,1864,,1734,
"Fraud /e",14341,,12665,,26058,,4454,,3848,,6857,,4877,,3930,,5047,
"Drug offenses",91086,,69603,,79999,,19119,,14699,,16170,,11489,,7545,,8686,
"Possession",32040,,29239,,34186,,4527,,4415,,5512,,1848,,2035,,1981,
"Trafficking",59045,,40363,,45813,,14593,,10284,,10657,,9642,,5510,,6705,
"Weapon offenses",8159,,6169,,6841,,2218,,1217,,1182,,967,,805,,509,
"Other offenses /f",37205,,41740,,41092,,5268,,4343,,5351,,2117,,1514,,1347,
,,,,,,,,,,,,,,,,,,
"Note:  See note on table 2.  This table is based on an estimated 919,387 cases.  The number of convictions pertains to current, not past, convictions.",,,,,,,,,,,,,,,,,,
"a/ Includes nonnegligent manslaughter.",,,,,,,,,,,,,,,,,,
"b/ Includes rape.",,,,,,,,,,,,,,,,,,
"c/ Includes offenses such as negligent manslaughter and kidnaping.",,,,,,,,,,,,,,,,,,
"d/ Includes motor vehicle theft.",,,,,,,,,,,,,,,,,,
"e/ Includes forgery and embezzlement.",,,,,,,,,,,,,,,,,,
"f/ Composed of nonviolent offenses such as receiving stolen property and vandalism.",,,,,,,,,,,,,,,,,,
