"Bureau of Justice Statistics",,,,,
"filename:  fssc0009.csv",,,,,
"table #  9.  Estimated number of felony convictions in State courts, by offense and type of conviction, 2000",,,,,
"report title:  Felony Sentences in State Courts, 2000; NCJ 198821",,,,,
"data source:  National Judicial Reporting Program, 2000",,,,,
"author:  Matthew Durose, Patrick Langan",,,,,
"refer questions to:  askbjs@ojp.usdoj.gov  (202) 307-0765",,,,,
"date of version:  June 19, 2003",,,,,
,,,,,
"Table 9.  Estimated number of felony convictions in State courts, by offense and type of conviction, 2000",,,,,
,,,,,
,,,"Estimated number of felons convicted by --",,
,,,"Trial",,
"Most serious conviction offense","Total","Total Trial","Jury","Bench","Guilty Plea"
"All offenses",924700,45700,29300,16400,879200
"Violent offenses",173200,19700,15300,4400,153500
"Murder /a",8600,3600,3200,400,5000
"Sexual assault /b",31500,3700,3100,600,27800
"Rape",10600,2100,1700,400,8600
"Other sexual assault",20900,1700,1400,300,19300
"Robbery",36800,4100,3100,1100,32700
"Aggravated assault",79400,6800,4700,2100,72600
"Other violent /c",17000,1500,1200,300,15500
"Property offenses",262000,7000,3700,3300,255000
"Burglary",79300,2800,1800,1000,76500
"Larceny /d",100000,2600,1300,1300,97400
"Motor vehicle theft",11900,300,200,100,11700
"Fraud /e",82700,1700,700,1100,81100
"Drug offenses",319700,12000,6300,5800,307400
"Possession",116300,3300,1400,1900,112700
"Trafficking",203400,8700,4800,3900,194700
"Weapon offenses",28200,2100,1000,1100,26100
"Other offenses /f",141600,4800,3000,1800,137200
,,,,,
"Note:  Detail may not add to the total because of rounding.  This table is based on an estimated 558,871 cases. However, figures are adjusted for cases missing a designation of conviction type.",,,,,
"a/ Includes nonnegligent manslaughter.",,,,,
"b/ Includes rape.",,,,,
"c/ Includes offenses such as negligent manslaughter and kidnaping.",,,,,
"d/ Includes motor vehicle theft.",,,,,
"e/ Includes forgery and embezzlement.",,,,,
"f/ Composed of nonviolent offenses such as receiving stolen property and vandalism.",,,,,
