"Bureau of Justice Statistics",,,,,,,,,,,,
"Filename: tsdcps03.csv",,,,,,,,,,,,
"Table 3. Circumstances during traffic stops in which State police agencies",,,,,,,,,,,,
"required troopers to collect race data about motorists, by State, 2001",,,,,,,,,,,,
"Title of Report: Traffic Stop Data Collection Policies for State Police, 2001, NCJ 191158",,,,,,,,,,,,
"Data source: 2001 Survey of State Police Agencies",,,,,,,,,,,,
"Authors:  Peter Brien, Steven K. Smith, and Kevin Strom ",,,,,,,,,,,,
"Refer questions to:   (202) 307-0765 or askbjs@ojp.usdoj.gov",,,,,,,,,,,,
"Date version:  December 14, 2001",,,,,,,,,,,,
,,,,,,,,,,,,
"Table 3. Circumstances during traffic stops in which State police agencies",,,,,,,,,,,,
"required troopers to collect race data about motorists, by State, 2001",,,,,,,,,,,,
,,,,,,,,,,,,
,,"All stops",,"Citations",,"Arrests",,"Searches",,"Use of Force",,"No stops"
,,,,,,,,,,,,
"Alabama",,,,"x",,"x",,"x",,"x",,
"Alaska",,,,"x",,"x",,,,,,
"Arizona",,,,,,,,,,,,"x"
"Arkansas",,,,,,,,,,,,"x"
"California",,"x",,"x",,"x",,"x",,"x",,
"Colorado",,,,"x",,"x",,,,,,
"Connecticut",,"x",,"x",,"x",,"x",,"x",,
"Delaware",,,,"x",,"x",,,,"x",,
"Florida",,"x",,"x",,"x",,"x",,"x",,
,,,,,,,,,,,,
"Georgia",,,,,,,,,,"x",,
"Idaho",,,,,,,,,,,,"x"
"Illinois",,,,,,,,,,,,"x"
"Indiana",,,,"x",,"x",,,,"x",,
"Iowa",,"x",,"x",,"x",,"x",,"x",,
"Kansas",,,,"x",,"x",,,,"x",,
"Kentucky",,,,"x",,"x",,"x",,"x",,
"Louisiana",,,,"x",,"x",,,,"x",,
"Maine",,,,"x",,"x",,,,,,
,,,,,,,,,,,,
"Maryland",,,,"x",,"x",,"x",,"x",,
"Massachusetts",,"x",,"x",,"x",,"x",,"x",,
"Michigan",,"x",,"x",,"x",,"x",,"x",,
"Minnesota",,,,,,,,,,,,"x"
"Mississippi",,,,"x",,"x",,,,"x",,
"Missouri",,"x",,"x",,"x",,"x",,,,
"Montana",,,,,,,,,,,,"x"
"Nebraska",,,,"x",,"x",,"x",,"x",,
"Nevada",,,,"x",,"x",,,,"x",,
"New Hampshire",,,,"x",,"x",,,,,,
,,,,,,,,,,,,
"New Jersey",,"x",,"x",,"x",,"x",,"x",,
"New Mexico",,,,,,,,,,,,"x"
"New York",,,,,,"x",,"x",,,,
"North Carolina",,"x",,"x",,"x",,"x",,"x",,
"North Dakota",,,,,,,,,,,,"x"
"Ohio",,"x",,"x",,"x",,"x",,"x",,
"Oklahoma",,,,,,,,,,,,"x"
"Oregon",,"x",,"x",,"x",,"x",,"x",,
"Pennsylvania",,,,,,,,"x",,"x",,
"Rhode Island",,"x",,"x",,"x",,"x",,"x",,
,,,,,,,,,,,,
"South Carolina",,"x",,"x",,"x",,,,"x",,
"South Dakota",,,,,,"x",,,,,,
"Tennessee",,,,"x",,"x",,,,"x",,
"Texas",,"x",,"x",,"x",,"x",,,,
"Utah",,,," ",,,,,,,,"x"
"Vermont",,,,,,"x",,,,,,
"Virginia",,"x",,"x",,"x",,"x",,,,
"Washington",,"x",,"x",,"x",,"x",,"x",,
"West Virginia",,,,"x",,"x",,,,"x",,
"Wisconsin",,,,"x",,"x",,"x",,"x",,
"Wyoming",,,,"x",,"x",,,,,,
,,,,,,,,,,,,
,,,,,,,,,,,,
"Note: Hawaii and the District of Columbia do not have a formal State police agency.",,,,,,,,,,,,
