"Bureau of Justice Statistics",,,,
"Filename:  mlo01f5.csv",,,,
"Figure 5.  Percent of money laundering cases prosecuted, 1994-2001",,,,
"Report Title:  Money Laundering Offenders, 1994-2001   NCJ 199574",,,,
"Data source:  Federal Justice Statistics Program",,,,
"Refer questions to:  askbjs@ojp.usdoj.gov  202-307-0765",,,,
"Author:  Mark Motivans, BJS",,,,
"Date of version:  07/13/03",,,,
,,,,
,,,,
"Figure 5.  Percent of money laundering cases prosecuted, 1994-2001",,,,
,,,,
,"Title 18",,"Title 31",
"Year","Laundering/racketeering",,"Monetary record and reporting",
,"Number","Percent","Number","Percent"
,,,,
"1994",721,46.1,282,38.4
"1995",767,46.3,249,40.3
"1996",695,45.8,271,46.2
"1997",632,47.5,208,51.7
"1998",624,48.8,316,67.1
"1999",612,47.5,387,68.4
"2000",560,47.1,293,72.9
"2001",491,40.3,227,64.3
,,,,
"Note:  Represents observations where the most serious charge was a money laundering offense.",,,,
"Source:  Executive Office for U.S. Attorneys, central system file, fiscal year",,,,
