"Bureau of Justice Statistics",,
"Filename:  mlo01f3.csv",,
"Figure 3.  Suspects referred for laundering/raketeering violations by Treasury and Justice, 1994-2001",,
"Report Title:  Money Laundering Offenders, 1994-2001   NCJ 199574",,
"Data source:  Federal Justice Statistics Program",,
"Refer questions to:  askbjs@ojp.usdoj.gov  202-307-0765",,
"Author:  Mark Motivans, BJS",,
"Date of version:  07/13/03",,
,,
,,
"Figure 3.  Suspects referred for laundering/raketeering violations by Treasury and Justice, 1994-2001",,
,,
,"Title 18",
,"Laundering/racketeering",
"Year","Justice","Treasury"
"1994",543,982
"1995",725,891
"1996",536,892
"1997",474,808
"1998",425,805
"1999",522,676
"2000",545,602
"2001",560,622
,,
"Note:  Represents observations where the most serious charge was a money laundering offense.",,
"Source:  Executive Office for U.S. Attorneys, central system file, fiscal year",,
