"Bureau of Justice Statistics",
"Filename:  mlo01f4.csv",
"Figure 4.  Suspicious Activity Reports filed for money laundering violations, 2001",
"Report Title:  Money Laundering Offenders, 1994-2001   NCJ 199574",
"Data source:  Federal Justice Statistics Program",
"Refer questions to:  askbjs@ojp.usdoj.gov  202-307-0765",
"Author:  Mark Motivans, BJS",
"Date of version:  07/13/03",
,
,
"Figure 4.  Suspicious Activity Reports filed for money laundering violations, 2001",
,
,
"Year","Numer of SAR filings"
"1997",35625
"1998",47223
"1999",60983
"2000",90606
"2001",108925
,
,
"Source: Financial Crimes Enforcement Network, U.S. Department of the Treasury. The SAR Activity Review (2002).",
"Note: Data shown reflects the period of April 1, 1997 through May 31, 2001",
