"Bureau of Justice Statistics",,,,,,
"Filename:  mlo01f7.csv",,,,,,
"Figure 7.  Number of defendants with money laundering as primary or secondary offense, 1994-2001",,,,,,
"Report Title:  Money Laundering Offenders, 1994-2001   NCJ 199574",,,,,,
"Data source:  Federal Justice Statistics Program",,,,,,
"Refer questions to:  askbjs@ojp.usdoj.gov  202-307-0765",,,,,,
"Author:  Mark Motivans, BJS",,,,,,
"Date of version:  07/13/03",,,,,,
,,,,,,
,,,,,,
"Figure 7.  Number of defendants with money laundering as primary or secondary offense, 1994-2001",,,,,,
,,,,,,
,"Laundering/racketeering","Monetary record and reporting",,,,
"Year","Title 18","Title 31","drug","public order","property","violent"
"1994",1086,255,527,17,17,5
"1995",1245,242,561,51,21,2
"1996",1184,273,500,25,11,1
"1997",1395,224,702,38,11,6
"1998",1504,327,843,25,20,0
"1999",1547,338,712,30,23,6
"2000",1490,281,653,27,40,11
"2001",1247,233,565,21,41,3
,,,,,,
"Source:  Administrative Office of the U.S. Courts, criminal master file, fiscal year",,,,,,
