"Bureau of Justice Statistics",,
"Filename:  mlo01f10.csv",,
"Figure 10.  Commercial and individual money laundering defendants adjudicated, 1994-2001",,
"Report Title:  Money Laundering Offenders, 1994-2001   NCJ 199574",,
"Data source:  Federal Justice Statistics Program",,
"Refer questions to:  askbjs@ojp.usdoj.gov  202-307-0765",,
"Author:  Mark Motivans, BJS",,
"Date of version:  07/13/03",,
,,
,,
"Figure 10.  Commercial and individual money laundering defendants adjudicated, 1994-2001",,
,,
"Year","Individuals","Businesses"
"1994",1129,30
"1995",1061,12
"1996",1195,46
"1997",1225,20
"1998",1338,32
"1999",1535,40
"2000",1491,36
"2001",1398,22
,,
"Note:  Represents observations where money laundering was the most serious offense filed.",,
"Source:  Administrative Office of the U.S. Courts, criminal master file, fiscal year",,
