"Bureau of Justice Statistics",,,,,,,,,
"Filename:  cp9808.csv",,,,,,,,,
"Table 8.  Age at time of arrest for capital offense and  age of prisoners under sentence of death at yearend 1998",,,,,,,,,
"Report title: Capital Punishment 1998 NCJ 179012",,,,,,,,,
"Data source: National Prisoner Statistics (NPS-8)",,,,,,,,,
"Author:  Tracy L. Snell",,,,,,,,,
"Refer questions to: askbjs@ojp.usdoj.gov (202) 307-0765",,,,,,,,,
"Date of version: 12/03/99",,,,,,,,,
,,,,,,,,,
,,,,,,,,,
"Table 8.  Age at time of arrest for capital offense and  age of prisoners under sentence of death at yearend 1998",,,,,,,,,
,,,,,,,,,
,"Prisoners under sentence of death",,,,,,,,
,"At time of arrest",,,,,"On December 31, 1998",,,
"Age","Number*",,"Percent",,,"Number",,"Percent",
,,,,,,,,,
"Total number under",,,,,,,,,
"sentence of death on 12/31/98",3158,,100,"%",,3452,,100,"%"
,,,,,,,,,
"17 or younger",72,,2.3,,,0,,,
"18-19",340,,10.8,,,15,,0.4,
"20-24",856,,27.1,,,267,,7.7,
"25-29",727,,23,,,519,,15,
"30-34",510,,16.1,,,582,,16.9,
"35-39",336,,10.6,,,711,,20.6,
"40-44",160,,5.1,,,578,,16.7,
"45-49",94,,3,,,352,,10.2,
"50-54",36,,1.1,,,258,,7.5,
"55-59",17,,0.5,,,99,,2.9,
"60 or older",10,,0.3,,,71,,2.1,
,,,,,,,,,
"   Mean age",28,"yrs",,,,38,"yrs",,
,,,,,,,,,
"   Median age",26,"yrs",,,,37,"yrs",,
,,,,,,,,,
"Note: The youngest person under sentence of death was a black male in Alabama,  born in July 1980",,,,,,,,,
"and sentenced to death in December 1998.  The oldest person  under sentence of death was a white male",,,,,,,,,
"in Arizona, born in September 1915 and  sentenced to death in June 1983.",,,,,,,,,
"*Excludes 294 inmates for whom the date of arrest for capital offense was not available.",,,,,,,,,
