"Bureau of Justice Statistics",,,,,,
"Filename:  cp9807.csv",,,,,,
"Table 7.  Demographic characteristics of prisoners  under sentence of death, 1998              ",,,,,,
"Report title: Capital Punishment 1998 NCJ 179012",,,,,,
"Data source: National Prisoner Statistics (NPS-8)",,,,,,
"Author:  Tracy L. Snell",,,,,,
"Refer questions to: askbjs@ojp.usdoj.gov (202) 307-0765",,,,,,
"Date of version: 12/03/99",,,,,,
,,,,,,
"Table 7.  Demographic characteristics of prisoners  under sentence of death, 1998              ",,,,,,
,,,,,,
,"Prisoners under sentence of death, 1998  sentence of death  ",,,,,
"Characteristic","Yearend",,"Admissions",,"Removals",
,,,,,,
"Total number under sentence of death",3452,,285,,161,
,,,,,,
"Gender",,,,,,
"     Male",98.6,"%",97.2,"%",97.5,"%"
"     Female",1.4,,2.8,,2.5,
,,,,,,
"Race",,,,,,
"     White",55.2,"%",50.9,"%",64,"%"
"     Black ",43,,46.3,,33.5,
"     Other*",1.7,,2.8,,2.5,
,,,,,,
"Hispanic origin",,,,,,
"     Hispanic",10,"%",15.4,"%",10.2,"%"
"     Non-Hispanic",90,,84.6,,89.8,
,,,,,,
"Education",,,,,,
"     8th grade or less",14.3,"%",15.1,"%",17.1,"%"
"     9th-11th grade",37.6,,39.3,,37.1,
"     High school graduate/GED",38,,36.8,,37.1,
"     Any college",10.1,,8.8,,8.6,
"Median","11th grade",,"11th grade",,"11th grade",
,,,,,,
"Marital status",,,,,,
"     Married",24,"%",17.1,"%",23.6,"%"
"     Divorced/separated",20.8,,16,,22.3,
"     Widowed",2.7,,4.7,,4.1,
"     Never married",52.5,,62.3,,50,
,,,,,,
"Note:  Calculations are based on those cases for which data were reported.   Missing data by category were as follows: ",,,,,,
,,,,,,
,"Yearend",,"Admissions",,"    Removals ",
"Hispanic origin",299,,38,,14,
"Education",501,,46,,21,
"Marital status",327,,28,,13,
,,,,,,
"*At yearend 1997, ""other"" consisted of 28 American Indians, 17 Asians, and 11 self-identified Hispanics.",,,,,,
"During 1998, 3 American Indians, 2 Asians, and 3 self-identified Hispanics were admitted; ",,,,,,
"2 American Indians, 1 Asian, and 1 self-identified Hispanic were removed. were removed.",,,,,,
