"Filename: cf976_09.csv",,,,,,,,,,,,
"Table #:  6.9.",,,,,,,,,,,,
"Report title:  Compendium of Federal Justice Statistics, 1997, NCJ-176328",,,,,,,,,,,,
"Data source:  Federal justice statistics database maintained by The Urban Institute",,,,,,,,,,,,
"Contact:  John Scalia  (202) 616-3276",,,,,,,,,,,,
"Date of version:  May 11, 1999",,,,,,,,,,,,
,,,,,,,,,,,,
"Table 6.9.  Admissions and releases of Federal prisoners,  by offense, October 1, 1996 - September 30, 1997",,,,,,,,,,,,
,,,,,,,,,,,,
,,,,"Prisoners received",,,,"Prisoners released",,,,
,,,"Population","District court",,,,"First release",,,"Population","Net"
"Most serious original offense ",,,"at start","1 year","Over ","All",,"1 year","Over ","All","at end","population"
"of conviction\a",,,"of year","or less","1 year","other",,"or less","1 year","other\b","of year","change"
,," All offenses",92379,8539,29836,13217,,8310,23584,13133,98944,6565
"Violent offenses",,,11287,163,2087,2430,,142,1651,2516,11658,371
,"Murder/manslaughter\c",,997,9,89,116,,8,62,126,1015,18
,"Assault",,636,80,194,390,,75,160,395,670,34
,"Robbery",,8244,54,1511,1574,,41,1237,1641,8464,220
,"Rape",,122,0,1,18,,0,9,19,113,(9)
,"Other sex offenses\c",,665,16,200,197,,13,124,183,758,93
,"Kidnaping",,553,1,80,63,,2,46,76,573,20
,"Threats against the President",,70,3,12,72,,3,13,76,65,(5)
"Property offenses",,,7876,2497,3882,3513,,2442,3608,3567,8151,275
,"Fraudulent",,5907,2006,3179,2114,,1936,2897,2225,6148,241
,,"Embezzlement",326,264,164,148,,254,175,148,325,(1)
,,"Fraud\c",5046,1557,2746,1574,,1527,2476,1640,5280,234
,,"Forgery",201,78,68,183,,81,61,210,178,(23)
,,"Counterfeiting",334,107,201,209,,74,185,227,365,31
,"Other",,1969,491,703,1399,,506,711,1342,2003,34
,,"Burglary",158,16,51,137,,23,54,104,181,23
,,"Larceny\c",704,365,266,807,,364,277,802,699,(5)
,,"Motor vehicle theft",189,21,88,99,,20,69,96,212,23
,,"Arson and explosives",178,2,51,42,,3,38,41,191,13
,,"Transportation of stolen property",217,30,90,73,,25,93,86,206,(11)
,,"Other property offenses\c",523,57,157,241,,71,180,213,514,(9)
"Drug offenses",,,54742,933,16088,4382,,836,12456,4243,58610,3868
,"Trafficking",,54422,777,16009,3839,,663,12366,3817,58201,3779
,"Possession and other drug offenses",,320,156,79,543,,173,90,426,409,89
"Public-order offenses",,,17313,4767,7513,2652,,4735,5722,2591,19197,1884
,"Regulatory",,912,198,501,222,,202,382,236,1013,101
,,"Agriculture",2,0,0,1,,2,0,1,0,(2)
,,"Antitrust",3,1,0,0,,1,1,1,1,(2)
,,"Labor law",2,3,2,1,,1,2,1,4,2
,,"Food and drug",9,4,2,0,,4,3,1,7,(2)
,,"Transportation",1,0,0,0,,1,0,0,0,(1)
,,"Other regulatory offenses",895,190,497,220,,193,376,232,1001,106
,"Other",,16401,4569,7012,2430,,4533,5340,2355,18184,1783
,,"Weapons",7765,103,1968,772,,100,1641,785,8082,317
,,"Immigration offenses",4509,3602,3325,373,,3631,2398,326,5454,945
,,"Tax law violations\c",340,151,173,115,,129,183,109,358,18
,,"Bribery",104,25,22,11,,25,59,11,67,(37)
,,"Perjury, contempt, and intimidation",85,24,64,18,,26,37,18,110,25
,,"National defense",61,6,15,4,,7,7,6,66,5
,,"Escape",238,65,115,122,,54,103,120,263,25
,,"Racketeering and extortion",2953,68,1119,209,,63,764,199,3323,370
,,"Gambling",1,1,3,2,,1,0,2,4,3
,,"Liquor",4,1,0,1,,0,0,3,3,(1)
,,"Obscene material\c",123,21,130,33,,18,61,30,198,75
,,"Traffic",104,444,37,694,,435,30,674,140,36
,,"Migratory birds",11,6,4,15,,3,8,14,11,0
,,"All other offenses",103,52,37,61,,41,49,58,105,2
"Unknown or indeterminable offenses",,,1161,179,266,240,,155,147,216,1328,167
,,,,,,,,,,,,
"Note:  Total includes prisoners whose offense category could not be determined.",,,,,,,,,,,,
"(SEE PRINTED REPORT FOR FOOTNOTES)",,,,,,,,,,,,
