"Filename: cf976_11.csv",,,,,,,,
"Table #:  6.11.",,,,,,,,
"Report title:  Compendium of Federal Justice Statistics, 1997, NCJ-176328",,,,,,,,
"Data source:  Federal justice statistics database maintained by The Urban Institute",,,,,,,,
"Contact:  John Scalia  (202) 616-3276",,,,,,,,
"Date of version:  May 11, 1999",,,,,,,,
,,,,,,,,
"Table 6.11.  Number of  first releases from Federal prison, by release method and sentence length,  ",,,,,,,,
,"October 1, 1996 - September 30, 1997",,,,,,,
,,,,,,,,
,,,,"Extraordinary means",,,,
"Most serious offense",,,,"Drug","Treaty","Sentence",,
"of conviction\a",,"Total","Standard\b","treatment","transfer","commutation","Death","Other\c"
"All cases",,,,,,,,
,"All prisoners",31894,29080,1689,338,291,212,284
"Violent offenses",,1793,1724,9,3,10,46,1
"Property offenses",,6050,5808,97,11,50,17,67
,"Fraudulent",4833,4625,89,11,38,12,58
,"Other",1217,1183,8,0,12,5,9
"Drug offenses",,13292,11075,1478,312,133,110,184
"Public-order offenses",,10457,10176,105,10,95,39,32
,"Regulatory",584,556,15,0,5,2,6
,"Other",9873,9620,90,10,90,37,26
"Other prisoners\d",,302,297,0,2,3,0,0
"Sentences greater than 1 year",,,,,,,,
,"All prisoners",23584,20796,1689,338,268,209,284
"Violent offenses",,1651,1583,9,3,9,46,1
"Property offenses",,3608,3378,97,11,40,15,67
,"Fraudulent",2897,2696,89,11,32,11,58
,"Other",711,682,8,0,8,4,9
"Drug offenses",,12456,10244,1478,312,128,110,184
"Public-order offenses",,5722,5448,105,10,89,38,32
,"Regulatory",382,357,15,0,2,2,6
,"Other",5340,5091,90,10,87,36,26
"Other prisoners\d",,147,143,0,2,2,0,0
,,,,,,,,
"(SEE PRINTED REPORT FOR FOOTNOTES)",,,,,,,,
