Bureau of Justice Statistics,,,,,
filename:  cp04t06.csv,,,,,
"Text table #: 6 Number of executions by race/ethnicity and method, 1977-2004",,,,,
"report title: Capital Punishment, 2004   NCJ 211349",,,,,
data source: National Prisoner Statistics (NPS-8),,,,,
author:  Thomas P. Bonczar and Tracy L. Snell,,,,,
refer questions to: askbjs@usdoj.gov (202) 307-0765,,,,,
date of version: 11/13/05,,,,,

"Text table 6. Number of executions by race/ethnicity and method, 1977-2004",,,,,
,"Executions, 1977-2004",,,,
Method of execution,White,Black,Hispanic,American Indian,Asian
Total,546,320,64,8,6
Lethal injection,453,248,62,7,6
Electrocution,80,69,2,1,0
Lethal gas,8,3,0,0,0
Hanging,3,0,0,0,0
Firing squad,2,0,0,0,0
