Bureau of Justice Statistics,,,
filename:  cp04t02.csv,,,
"Text table #: 2 Persons under sentence  of death, by sex, race, and  Hispanic origin, 12/31/04",,,
"report title: Capital Punishment, 2004   NCJ 211349",,,
data source: National Prisoner Statistics (NPS-8),,,
author:  Thomas P. Bonczar and Tracy L. Snell,,,
refer questions to: askbjs@usdoj.gov (202) 307-0765,,,
date of version: 1/9/06,,,

"Text table 2. Persons under sentence  of death, by sex, race, and  Hispanic origin, 12/31/04",,,
,"Persons under sentence  of death, by sex, race, and  Hispanic origin, 12/31/04",,
,White,Black,Other races
Male,1817,1374,71
Hispanic ,333,13,16
Female,33,16,3
Hispanic,3,0,2
