Bureau of Justice Statistics,,
filename:  cp04ht02.csv,,
"Highlights table #: 2 Persons under sentence of death, 1994 and 2004",,
"report title: Capital Punishment, 2004   NCJ 211349",,
data source: National Prisoner Statistics (NPS-8),,
author:  Thomas P. Bonczar and Tracy L. Snell,,
refer questions to: askbjs@usdoj.gov (202) 307-0765,,
date of version: 1/9/06,,

"Highlights table 2. Persons under sentence of death, 1994 and 2004",,
,Persons under sentence of death,
,1994,2004
White,1665,1850
Black,1216,1390
American Indian,26,28
Asian,17,32
Unknown race,10,14
