Bureau of Justice Statistics,,
filename:  cp0409.csv,,
"Table #: 9  Number of persons  executed, by jurisdiction, 1930-2004",,
"report title: Capital Punishment, 2004   NCJ 211349",,
data source: National Prisoner Statistics (NPS-8),,
author:  Thomas P. Bonczar and Tracy L. Snell,,
refer questions to: askbjs@usdoj.gov (202) 307-0765,,
date of version: 11/13/05,,

"Table 9.  Number of persons  executed, by jurisdiction, 1930-2004",,
,Number executed ,
State,Since 1930,Since 1977
    U.S. total,4803,944
Texas,633,336
Georgia,402,36
New York,329,0
California,302,10
North Carolina,297,34
Florida,229,59
South Carolina,194,32
Virginia,186,94
Ohio,187,15
Alabama,165,30
Louisiana,160,27
Mississippi,160,6
Pennsylvania,155,3
Arkansas,144,26
Oklahoma,135,75
Missouri,123,61
Kentucky,105,2
Illinois,102,12
Tennessee ,94,1
New Jersey,74,0
Maryland,72,4
Arizona,60,22
Indiana,52,11
Washington,51,4
Colorado,48,1
District of Columbia,40,0
West Virginia,40,0
Nevada,40,11
Federal system,36,3
Massachusetts,27,0
Delaware,25,13
Oregon ,21,2
Connecticut,21,0
Utah,19,6
Iowa ,18,0
Kansas,15,0
New Mexico ,9,1
Montana ,8,2
Wyoming,8,1
Nebraska,7,3
Idaho,4,1
Vermont,4,0
New Hampshire,1,0
South Dakota,1,0
