Bureau of Justice Statistics,,,,
filename:  shsplj06.csv,,,,
"Table 6. Time served since admission by jail inmates and State prisoners committing suicide, by selected characteristics",,,,
report title: Suicide and Homicide in State Prisons and Local Jails   NCJ 210036,,,,
data source:  Deaths in Custody Reporting Program (DCRP),,,,
author:  Christopher J. Mumola,,,,
refer questions to: askbjs@usdoj.gov (202) 307-0765,,,,
date of version: 8/21/05,,,,

"Table 6. Time served since admission by jail inmates and State prisoners committing suicide, by selected characteristics",,,,

,Median time served since admission*,,,
Characteristic,"Local jail inmate suicides, 2000-02",,"State prisoner suicides, 2001-02",

All inmates,9,days,30,months
Gender,,,,
  Male,10,days,30,months
  Female,4,,29,
Race/Hispanic origin,,,,
"  White, non-Hispanic",9,days,21,months
"  Black, non-Hispanic",6,,40,
  Hispanic,23,,49,
Current offense,,,,
  Violent,20,days,45,months
  Property,7,,10,
  Drug,8,,18,
  Public-order,3,,9,

"*The median time served is that length of time at which half of the inmates spent less time in custody, and the other half spent more time.",,,,
