Bureau of Justice Statistics,,,,,,,,,
filename:  shspljfh.csv,,,,,,,,,
Highlight Table: Numbers of local jail inmate (2000-2002) and State prisoner (2001-2002) deaths reported to the BJS Deaths in Custody Reporting Program,,,,,,,,,
report title: Suicide and Homicide in State Prisons and Local Jails   NCJ 210036,,,,,,,,,
data source:  Deaths in Custody Reporting Program (DCRP),,,,,,,,,
author:  Christopher J. Mumola,,,,,,,,,
refer questions to: askbjs@usdoj.gov (202) 307-0765,,,,,,,,,
date of version: 8/21/05,,,,,,,,,

Highlights Table: Numbers of local jail inmate (2000-2002) and State prisoner (2001-2002) deaths reported to the BJS Deaths in Custody Reporting Program,,,,,,,,,

,Local jail inmate deaths,,,,,State prison inmate deaths,,,
Cause,2000,2001,2002,2000-2002 percent,,2001,2002,2001-2002 percent,

All causes,912,953,978,100,%,"2,878","2,946",100,%

Illness,462,432,459,47.6,%,"2,304","2,379",80.4,%
AIDS,60,59,50,5.9,,270,245,8.8,
Suicide,289,315,314,32.3,,169,168,5.8,
Homicide,17,22,20,2.1,,39,48,1.5,
Accident,25,35,35,3.3,,23,31,0.9,
Intoxication,37,58,54,5.2,,35,37,1.2,
Other/unknown,22,32,46,3.6,,38,38,1.3,
