Bureau of Justice Statistics,,
filename:  shsplj08.csv,,
"Table 8. Time served, time of day, and location of homicide events in State prisons, 2001-02",,
report title: Suicide and Homicide in State Prisons and Local Jails   NCJ 210036,,
data source:  Deaths in Custody Reporting Program (DCRP),,
author:  Christopher J. Mumola,,
refer questions to: askbjs@usdoj.gov (202) 307-0765,,
date of version: 8/21/05,,

"Table 8. Time served, time of day, and location of homicide events in State prisons, 2001-02",,

,"Percent of State prison homicides, 2001-02",

Time served after admission,,
  Less than 1 month,1.1,%
  1-5 months,6.9,
  6-11 months,11.5,
  12-23 months,13.8,
  24-59 months,29.9,
  60-119 months,24.1,
  120 months or more,12.6,
Time of day,,
  Overnight (midnight - 6 a.m.),11.4,%
  Morning (6 a.m. - noon),38.6,
  Afternoon (noon - 6 p.m.),28.6,
  Evening (6 p.m. - midnight),21.4,
Location of suicide event,,
  Inmate's cell/room,60.5,%
  Temporary holding area,2.6,
  Common area/a,28.9,
  Outside of the facility/b,2.6,
  Elsewhere,5.3,

"a/Includes cafeteria, exercise yard, library, day room, recreational area, and workshops."
"b/Includes inmates on work details or work release, under community supervision by the prison, or in transit."
