Bureau of Justice Statistics,,,,,
filename:  shspljbt1.csv,,,,,
"Box table 1.  Local jail inmate mortality rate, per 100,000 inmates, by cause, 1983-2002",,,,,
report title: Suicide and Homicide in State Prisons and Local Jails   NCJ 210036,,,,,
data source:  Deaths in Custody Reporting Program (DCRP),,,,,
author:  Christopher J. Mumola,,,,,
refer questions to: askbjs@usdoj.gov (202) 307-0765,,,,,
date of version: 8/21/05,,,,,

"Box table 1.  Local jail inmate mortality rate, per 100,000 inmates, by cause, 1983-2002",,,,,

,"Local jail inmate mortality rate, per 100,000 inmates",,,,
Year,All causes,Illness/natural cause,AIDS,Suicide,Homicide
2002,147,69,8,47,3
2001,151,68,9,50,3
2000,147,74,10,47,3
1999,154,64,13,54,5
1993,149,67,15,54,4
1988,199,82,20,85,3
1983,232,88,--,129,5

Note: Mortality rates are based on average daily population for each year.  Data on deaths for 1983-99 are from the Census of Jails; data from 2000-02 are from the Deaths in Custody data series.,,,,,
 -- Not available.,,,,,
