Bureau of Justice Statistics,,,
filename:  shspljtt6.csv,,,
"Text table 6.  Percent of local jail inmate homicides, by time served after admission, 2000-02",,,
report title: Suicide and Homicide in State Prisons and Local Jails   NCJ 210036,,,
data source:  Deaths in Custody Reporting Program (DCRP),,,
author:  Christopher J. Mumola,,,
refer questions to: askbjs@usdoj.gov (202) 307-0765,,,
date of version: 8/21/05,,,

"Text table 6.  Percent of local jail inmate homicides, by time served after admission, 2000-02",,,

Time served after admission,,"Percent of jail inmate homicides, 2000-02",

Same day,,5.3,%
Next day,,7,
2-7 days,,17.5,
8-14 days,,15.8
15-30 days,,10.5
31-60 days,,14
61-180 days,,14
181 days or more,,15.8
