"Bureau of Justice Statistics",,,,,,,,,,
"Filename:  cf01t3_04.csv",,,,,,,,,,
"Table 3.4.  Form of pretrial detention, by offense, October 1, 2000 - September 30, 2001",,,,,,,,,,
"Report title:  Compendium of Federal Justice Statistics, 2001   NCJ 201627",,,,,,,,,,
"Data source:  Federal justice statistics database maintained by The Urban Institute",,,,,,,,,,
"Author:  Urban Institute under the supervision of BJS",,,,,,,,,,
"Refer  questions to:  askbjs@ojp.usdoj.gov  202-307-0765",,,,,,,,,,
"Date of version: 11/25/03",,,,,,,,,"F",
,,,,,,,,,,
,,,,,,,,,,
"Table 3.4.  Form of pretrial detention, by offense, October 1, 2000 - September 30, 2001",,,,,,,,,,
,,,,,,,,,,
,,,,"Of defendants detained at any time prior to case disposition, percent detained by--",,,,,,
,,,,,"Held on bail for--",,,,"Number of defendants",
"Most serious offense charged",,,"Percent detained","Temporary detention/a","Part of pre-trial period","All of pre-trial period","Court","Other detentions","Detained","All defendants"
,,"All offenses/b",72.1,2.2,22.0,11.6,53.4,10.8,49199,68214
"Violent offenses",,,80.0,0.7,16.6,3.6,62.8,16.4,2579,3225
,"Murder/c",,89.3,0.7,16.9,2.1,66.2,14.1,142,159
,"Negligent manslaughter",,57.1,"--","--","--","--","--",8,14
,"Assault",,55.6,0.0,30.3,3.1,51.5,15.1,456,820
,"Robbery",,90.9,0.8,11.3,4.3,66.8,16.8,1677,1845
,"Sexual abuse/c",,68.8,0.0,32.8,0.6,53.4,13.2,174,253
,"Kidnaping",,91.0,3.3,13.2,2.2,60.4,20.9,91,100
,"Threats against the President",,91.2,0.0,9.7,0.0,64.5,25.8,31,34
"Property offenses",,,37.7,0.9,38.6,5.8,41.6,13.0,4960,13170
,"Fraudulent",,37.7,1.0,38.6,6.1,41.4,12.9,3901,10361
,,"Embezzlement",15.8,1.4,51.8,7.3,29.5,10.0,220,1394
,,"Fraud/c",39.8,1.0,36.8,6.1,42.9,13.1,2998,7541
,,"Forgery",40.9,0.0,45.9,4.7,37.6,11.8,85,208
,,"Counterfeiting",49.1,0.7,41.6,6.0,38.8,12.9,598,1218
,"Other",,37.7,0.8,38.6,4.6,42.3,13.7,1059,2809
,,"Burglary",72.4,0.0,30.4,3.3,44.6,21.7,92,127
,,"Larceny/c",31.0,0.5,45.2,4.9,37.9,11.5,652,2103
,,"Motor vehicle theft",65.6,1.3,22.8,4.7,55.0,16.1,149,227
,,"Arson and explosives",62.3,3.9,27.6,1.3,53.9,13.2,76,122
,,"Transportation of stolen property",44.1,0.0,29.7,9.4,45.3,15.6,64,145
,,"Other property offenses/c",30.6,0.0,46.2,0.0,30.8,23.1,26,85
"Drug offenses",,,83.7,2.3,25.2,9.7,53.2,9.5,22430,26802
,"Trafficking",,85.3,2.0,25.2,10.1,53.5,9.2,20864,24458
,"Other drug offenses",,66.8,6.9,25.4,4.3,49.4,14.0,1566,2344
"Public-order offenses",,,40.7,1.0,28.3,4.7,47.8,18.1,2960,7275
,"Regulatory",,44.9,1.6,29.0,7.4,39.8,22.2,1027,2286
,,"Agriculture",7.5,"--","--","--","--","--",8,106
,,"Antitrust","--","...","...","...","...","...",0,9
,,"Food and drug",32.0,0.0,50.0,6.3,37.5,6.3,16,50
,,"Transportation",38.2,0.0,30.8,0.0,69.2,0.0,26,68
,,"Civil rights",27.3,0.0,23.8,0.0,52.4,23.8,21,77
,,"Communications",20.6,0.0,42.9,7.1,35.7,14.3,14,68
,,"Custom laws",62.0,0.0,52.6,12.3,35.1,0.0,57,92
,,"Postal laws",21.5,0.0,62.5,3.1,21.9,12.5,32,149
,,"Other regulatory offenses",51.2,1.9,25.2,7.7,40.0,25.2,853,1667
,"Other",,38.7,0.7,28.0,3.3,52.1,15.9,1933,4989
,,"Tax law violations/c",15.4,0.0,78.0,2.4,14.6,4.9,82,533
,,"Bribery",38.6,0.0,54.2,3.4,40.7,1.7,59,153
,,"Perjury, contempt, and intimidation",52.8,1.0,36.2,3.8,43.8,15.2,105,199
,,"National defense",34.1,0.0,24.1,3.4,58.6,13.8,29,85
,,"Escape",92.3,0.9,6.8,1.7,70.7,19.9,573,621
,,"Racketeering and extortion",64.6,0.8,24.8,2.7,58.5,13.1,480,743
,,"Gambling",11.1,"--","--","--","--","--",5,45
,,"Liquor offenses","--","--","--","--","--","--",2,7
,,"Nonviolent sex offenses",43.9,0.4,40.2,4.3,39.5,15.6,276,628
,,"Obscene material/c",43.9,0.0,48.0,4.0,36.0,12.0,25,57
,,"Traffic",9.0,1.8,47.3,9.1,25.5,16.4,110,1223
,,"Migratory birds",10.7,"--","--","--","--","--",3,28
,,"All other offenses/c",27.6,0.5,32.6,4.9,39.7,22.3,184,667
"Weapon offenses",,,76.0,1.3,23.5,2.6,56.8,15.8,3204,4214
"Immigration offenses",,,97.0,3.4,9.3,22.4,56.9,8.0,12998,13405
,,,,,,,,,,
,,,,,,,,,,
"--Too few cases to obtain statistically reliable data.",,,,,,,,,,
"...No cases of this type occurred in the data.",,,,,,,,,,
"(SEE PRINTED REPORT FOR FOOTNOTES)",,,,,,,,,,
,,,,,,,,,,
,,,,,,,,,,
,,,,"    ",,,,,,
