"Bureau of Justice Statistics",,,,,,,,,,,,
"filename:  cpu97421.csv",,,,,,,,,,,,
"table: 4.21",,,,,,,,,,,,
"report title: Correctional Populations in the United States, 1997  chapter 4  NCJ 177613",,,,,,,,,,,,
"data sources:  Surveys of Inmates in State or Federal Correctional Facilities, 1997",,,,,,,,,,,,
"authors: Caroline Wolf Harlow, Tracy L. Snell, and Christopher J. Mumola",,,,,,,,,,,,
"refer questions to: askbjs@ojp.usdoj.gov (202) 307-0765",,,,,,,,,,,,
"date of version: 9-8-00",,,,,,,,,,,,
,,,,,,,,,,,,
"Table 4.21.  State and Federal inmates' participation in drug treatment since admission, by time",,,,,,,,,,,,
"to expected release and type of drug used regularly in the month before the offense, 1997",,,,,,,,,,,,
,,,,,,,,,,,,
,"Percent of inmates reporting drug treatment since admission",,,,,,,,,,,
,"Type of drug used regularly in the month before the offense/a",,,,,,,,,,,
"Time to expected",,,"Drugs other",,,,"   Cocaine ",,"Heroin and",,,
"release date","   Any drugs",,"than marijuana/b",,"   Marijuana",,"   or crack",,"other opiates",,"  Stimulants/c",
," ",,,,,,,,,,,
"State inmates",14.9,"%",18.4,"%",12.6,"%",20.7,"%",21.0,"%",14.6,"%"
,,,,,,,,,,,,
"  Less than 6 months",19.7,,23.1,,17.6,,26.1,,28.5,,16.9,
"  6-12 months",17.5,,20.0,,15.6,,22.2,,20.9,,13.1,
"  Greater than 1 year",12.7,,16.3,,10.4,,18.4,,18.1,,13.9,
,,,,,,,,,,,,
"Federal inmates",15.8,"%",18.9,"%",13.3,"%",19.7,"%",24.3,"%",19.1,"%"
,,,,,,,,,,,,
"  Less than 6 months",26.3,,30.7,,26.2,,30.9,,37.5,,27.3,
"  6-12 months",21.4,,23.6,,21.2,,26.9,,32.9,,11.7,
"  Greater than 1 year",13.2,,15.7,,9.7,,16.6,,20.7,,17.6,
,,,,,,,,,,,,
"Note: Treatment for drug abuse includes time in a residential facility, professional counseling, detoxification, and use of a maintenance drug.",,,,,,,,,,,,
"a/Regular use is defined as once a week for at least a month.",,,,,,,,,,,,
"b/Includes depressants, hallucinogens, and stimulants, as well as cocaine-based and opiate-based drugs..",,,,,,,,,,,,
"c/Includes amphetamines and methamphetamines.",,,,,,,,,,,,
