"Bureau of Justice Statistics",,,,,,,,,,,,,,,,,,
"filename:  cpu97409.csv",,,,,,,,,,,,,,,,,,
"table: 4.9",,,,,,,,,,,,,,,,,,
"report title: Correctional Populations in the United States, 1997  chapter 4  NCJ 177613",,,,,,,,,,,,,,,,,,
"data sources:  Surveys of Inmates in State or Federal Correctional Facilities, 1997",,,,,,,,,,,,,,,,,,
"authors: Caroline Wolf Harlow, Tracy L. Snell, and Christopher J. Mumola",,,,,,,,,,,,,,,,,,
"refer questions to: askbjs@ojp.usdoj.gov (202) 307-0765",,,,,,,,,,,,,,,,,,
"date of version: 9-8-00",,,,,,,,,,,,,,,,,,
,,,,,,,,,,,,,,,,,,
"Table 4.9. Sentence length, time served to interview, and total time to be served,",,,,,,,,,,,,,,,,,,
"by current offense for Federal prison inmates, 1997",,,,,,,,,,,,,,,,,,
,,,,,,,,,,,,,,,,,,
,,,,,,,,,,,,"Time from sentence",,,,,,
,,"Sentence length ",,,,,,"To date of interview",,,,,,"To date of expected release",,,,
" ",,"Median",,,"Mean",,,"Median",,,"Mean",,,"Median",,,"Mean",
,,,,,,,,,,,,,,,,,,
"  Total",86631,96,"mo",,126.5,"mo",,38,"mo",,48.5,"mo",,84,"mo",,105.6,"mo"
,,,,,,,,,,,,,,,,,,
"Violent",12798,125,"mo",,165.3,"mo",,55,"mo",,72.4,"mo",,107,"mo",,137.4,"mo"
"  Homicide",1326,396,,,251.8,,,101,,,122.2,,,243,,,250.3,
"  Sexual assault",678,135,,,192.3,,,60,,,67.9,,,125,,,116.1,
"  Robbery",8685,120,,,157.9,,,54,,,67.0,,,103,,,127.5,
"  Assault",1114,96,,,157.8,,,56,,,61.8,,,102,,,128.8,
"  Other violent",994,108,,,152.8,,,38,,,68.8,,,79,,,133.9,
,,,,,,,," ",,,,,,,,,,
"Property",5838,36,"mo",,59.0,"mo",,18,"mo",,27.3,"mo",,32,"mo",,47.8,"mo"
"  Burglary",265,72,,,86.0,,,50,,,60.2,,,88,,,116.1,
"  Larceny",400,24,,,53.9,,,19,,,39.6,,,37,,,55.0,
"  Fraud",4231,33,,,53.7,,,15,,,21.2,,,28,,,38.3,
"  Other property",943,36,,,77.8,,,32,,,39.5,,,45,,,68.9,
,,,,,,,,,,,,,,,,,,
"Drug",54314,114,"mo",,129.4,"mo",,40,"mo",,47.7,"mo",,91,"mo",,109.0,"mo"
"  Possession",9764,90,,,109.7,,,44,,,48.0,,,84,,,97.8,
"  Trafficking",39628,111,,,131.3,,,37,,,46.5,,,90,,,108.0,
"  Other drug",4922,135,,,155.5,,,50,,,56.4,,,121,,,141.8,
,,,,,,,,,,,,,,,,,,
"Public-order",12771,69,"mo",,107.2,"mo",,28,"mo",,38.0,"mo",,60,"mo",,86.4,"mo"
"  Weapons",5981,95,,,137.7,,,38,,,44.1,,,84,,,113.0,
"  Other public-order",6791,53,,,79.7,,,22,,,32.7,,,45,,,62.5,
,,,,,,,,,,,,,,,,,,
"Other",910,97,"mo",,142.9,"mo",,33,"mo",,41.5,"mo",,91,"mo",,104.6,"mo"
,,,,,,,,,,,,,,,,,,
"Note:  Because data on sentence length and time served are restricted to persons serving sentences",,,,,,,,,,,,,,,,,,
"at the time of the survey, they overstate sentences of those entering prison.  Persons with shorter sentences",,,,,,,,,,,,,,,,,,
"leave prison more quickly, resulting in a longer average sentence among persons in the inmate sample.",,,,,,,,,,,,,,,,,,
"Time served to date of interview and to date of expected release include any jail time applied",,,,,,,,,,,,,,,,,,
"to their sentence.",,,,,,,,,,,,,,,,,,
