"Bureau of Justice Statistics",,,,,,,,,,,,,,,,,,
"filename:  cpu97408.csv",,,,,,,,,,,,,,,,,,
"table: 4.8",,,,,,,,,,,,,,,,,,
"report title: Correctional Populations in the United States, 1997  chapter 4  NCJ 177613",,,,,,,,,,,,,,,,,,
"data sources:  Surveys of Inmates in State or Federal Correctional Facilities, 1997",,,,,,,,,,,,,,,,,,
"authors: Caroline Wolf Harlow, Tracy L. Snell, and Christopher J. Mumola",,,,,,,,,,,,,,,,,,
"refer questions to: askbjs@ojp.usdoj.gov (202) 307-0765",,,,,,,,,,,,,,,,,,
"date of version: 9-8-00",,,,,,,,,,,,,,,,,,
,,,,,,,,,,,,,,,,,,
"Table 4.8. Sentence length, time served to interview, and total time to be served,",,,,,,,,,,,,,,,,,,
"by current offense for State prison inmates, 1997",,,,,,,,,,,,,,,,,,
,,,,,,,,,,,,,,,,,,
,,,,,,,,,,,,"Time from sentence",,,,,,
,,"Maximum sentence",,,,,,"To date of interview",,,,,,"To date of expected release",,,,
" ","Number","Median",,,"Mean",,,"Median",,,"Mean",,,"Median",,,"Mean",
,,,,,,,,,,,,,,,,,,
"  Total",1013708,120,"mo",,160.4,"mo",,33,"mo",,50.2,"mo",,58,"mo",,90.5,"mo"
,,,,,,,,,,,,,,,,,,
"Violent",484463,180,"mo",,226.1,"mo",,51,"mo",,70.1,"mo",,97,"mo",,132.8,"mo"
"  Murder",121510,744,,,376.5,,,89,,,107.4,,,195,,,221.7,
"  Negligent manslaughter",16438,180,,,199.9,,,52,,,57.3,,,89,,,102.0,
"  Rape",26508,300,,,314.0,,,77,,,92.0,,,149,,,174.7,
"  Sexual assault",60956,180,,,207.3,,,43,,,55.1,,,87,,,117.4,
"  Robbery",145548,144,,,206.2,,,46,,,61.2,,,81,,,109.7,
"  Assault",94200,108,,,146.7,,,32,,,44.7,,,63,,,88.6,
"  Other violent",19303,148,,,196.9,,,39,,,60.3,,,77,,,121.3,
,,,,,,,,,,,,,,,,,,
"Property",222294,72,"mo",,119.0,"mo",,27,"mo",,37.0,"mo",,44,"mo",,64.4,"mo"
"  Burglary",108746,108,,,146.1,,,32,,,42.4,,,54,,,75.1,
"  Larceny",42119,54,,,85.2,,,21,,,30.0,,,32,,,49.9,
"  Motor vehicle theft",18187,60,,,87.9,,,23,,,35.4,,,39,,,60.7,
"  Fraud",27160,60,,,104.1,,,19,,,27.1,,,32,,,46.4,
"  Stolen property",16189,60,,,89.9,,,22,,,34.4,,,38,,,60.6,
"  Other property",9893,66,,,117.0,,,28,,,40.2,,,43,,,71.3,
,,,,,,,,,,,,,,,,,,
"Drug",208900,60,"mo",,109.7,"mo",,21,"mo",,28.8,"mo",,37,"mo",,49.5,"mo"
"  Possession",89152,48,,,90.5,,,17,,,25.1,,,30,,,43.6,
"  Trafficking",114145,84,,,124.4,,,23,,,31.6,,,42,,,54.3,
"  Other drug",5602,84,,,115.2,,,22,,,31.5,,,33,,,45.6,
,,,,,,,,,,,,,,,,,,
"Public-order",95514,48,"mo",,81.9,"mo",,18,"mo",,28.1,"mo",,30,"mo",,48.0,"mo"
"  Weapons",24465,54,,,81.8,,,22,,,31.1,,,38,,,51.7,
"  Violation of probation/parole",28572,42,,,75.7,,,19,,,28.5,,,28,,,48.3,
"  Other public-order",42476,48,,,86.1,,,14,,,26.2,,,26,,,45.6,
,,,,,,,,,,,,,,,,,,
"Other",2538,96,"mo",,104.3,"mo",,35,"mo",,47.3,"mo",,62,"mo",,79.9,"mo"
,,,,,,,,,,,,,,,,,,
"Note: Because data on sentence length and time served are restricted to persons serving sentences",,,,,,,,,,,,,,,,,,
"at the time of the survey, they overstate sentences of those entering prison.  Persons with shorter sentences",,,,,,,,,,,,,,,,,,
"leave prison more quickly, resulting in a longer average sentence among persons in the inmate sample.",,,,,,,,,,,,,,,,,,
"Time served to date of interview and to date of expected release include any jail time applied",,,,,,,,,,,,,,,,,,
"to their sentence.",,,,,,,,,,,,,,,,,,
