"Bureau of Justice Statistics",,,,,,,,,,,,,
"filename:  ncrp9808.csv",,,,,,,,,,,,,
"data source:  National Corrections Reporting Program, 1998",,,,,,,,,,,,,
"refer questions to:  askbjs@ojp.usdoj.gov 202-307-0765",,,,,,,,,,,,,
"contact:  Timothy Hughes",,,,,,,,,,,,,
"date of version 10/23/00",,,,,,,,,,,,,
,,,,,,,,,,,,,
"NCRP9808 -  State prison releases, 1998:  Time served in prison, ",,,,,,,,,,,,,
"by offense and release type",,,,,,,,,,,,,
"  ",,,,,,,,,,,,,
,"First releases from State prison",,,,,,,"Subsequent releases from State prison",,,,,
"Most serious","Percent",,"Time served in prison",,,,,"Percent",,"Time served in prison",,,
"offense","of releases",,"Median",,"    Mean",,,"of releases",,"Median",,"    Mean",
,,,,,,,,,,,,,
"         All offenses",100.0,"%",18,"mos.",28,"mos.",,100.0,"%",6,"mos.",13,"mos."
,,,,,,,,,,,,,
"Violent offenses",25.6,"%",30,"mos.",43,"mos.",,24.4,"%",8,"mos.",19,"mos."
"   Homicide",2.1,,58,,73,,,1.7,,9,,32,
"      Murder/nonnegligent manslaughter",1.2,,82,,96,,,1.2,,10,,36,
"         Murder",0.8,,90,,104,,,0.7,,15,,51,
"         Nonnegligent manslaughter",0.3,,67,,74,,,0.5,,7,,16,
"      Negligent manslaughter",1.0,,37,,46,,,0.4,,9,,20,
"      Unspecified homicide",0.0,"*",25,,35,,,0.0,,15,,33,
"   Kidnaping",0.5,,36,,50,,,0.5,,7,,19,
"   Rape",1.4,,52,,67,,,1.4,,10,,30,
"   Other sexual assault",3.6,,32,,42,,,2.3,,7,,14,
"   Robbery",8.6,,34,,46,,,10.4,,9,,21,
"   Assault",8.1,,21,,31,,,7.2,,7,,13,
"   Other violent",1.2,,15,,21,,,0.9,,6,,11,
,,,,,,,,,,,,,
"Property offenses",31.0,"%",15,"mos.",25,"mos.",,34.2,"%",6,"mos.",13,"mos."
"   Burglary",13.0,,20,,31,,,14.7,,6,,15,
"   Larceny/theft",7.8,,13,,21,,,9.5,,6,,10,
"   Motor vehicle theft",2.4,,13,,23,,,3.8,,6,,9,
"   Arson",0.6,,23,,33,,,0.4,,7,,17,
"   Fraud",4.5,,12,,20,,,3.0,,7,,13,
"   Stolen property",1.9,,13,,20,,,2.3,,6,,11,
"   Other property",0.9,,11,,17,,,0.5,,10,,18,
,,,,,,,,,,,,,
"Drug offenses",32.5,"%",15,"mos.",22,"mos.",,32.2,"%",6,"mos.",11,"mos."
"   Possession",9.5,,12,,20,,,7.3,,6,,10,
"   Trafficking",18.5,,17,,24,,,16.9,,6,,11,
"   Other/unspecified drug",4.5,,12,,20,,,7.9,,5,,10,
,,,,,,,,,,,,,
"Public-order offenses",10.5,"%",13,"mos.",19,"mos.",,8.4,"%",7,"mos.",11,"mos."
"   Weapons",2.8,,14,,20,,,3.3,,8,,11,
"   Driving while intoxicated",3.5,,11,,14,,,2.3,,5,,8,
"   Other public-order",4.2,,13,,21,,,2.8,,8,,14,
,,,,,,,,,,,,,
"Other offenses",0.4,"%",15,"mos.",23,"mos.",,0.8,"%",5,"mos.",10,"mos."
,,,,,,,,,,,,,
"         Number of releases",259284,,,,,,,145187,,,,,
,,,,,,,,,,,,,
,,,,,,,,,,,,,
"Note:  Data are based on release type with a total sentence of more than a year for whom ",,,,,,,,,,,,,
"the most serious offense and time served were reported.  All data exclude persons ",,,,,,,,,,,,,
"released from prison by escape, death, transfer, appeal, or detainer.",,,,,,,,,,,,,
"* Less than 0.05%.",,,,,,,,,,,,,
