Bureau of Justice Statistics,,,
file name: ichrbc05f2.csv,,,
report title: Improving Criminal History Records for Background Checks,,,
"Figure 2: Among the almost 48 million firearm transfer applications, 1999-2004, checks approved 98.1% and rejected 1.9%",,,
"data source: Table 8 - Background Checks for Firearm Transfers, 2003",,,
author:  Gerard Ramker,,,
refer questions to: askbjs@usdoj.gov (202) 307-0765,,,
date of version: 07/07/06,,,

"Among the almost 48 million firearm transfer applications, 1999-2004, checks approved 98.1% and rejected 1.9%",,,
,Firearm applications,Percent,
Total inquiries,47999000,,
Rejections,896000,1.9,%
Approvals,47103000,98.1,%
Appealed,138154,15.4,%
Not appealed,"757,846",84.6,%
Reversed,49159,35.6,%
Affirmed,"88,995",64.4,%
