Bureau of Justice Statistics,
file name: ichrbc05t1.csv,
report title: Improving Criminal History Records for Background Checks,
" Table 1. Pre-Sale Firearms Background Check Databases Used for NICS Checks and Record Holdings, January 2006",
"data source: FBI CJIS - Janauary 1, 2006",
author:  Gerard Ramker,
refer questions to: askbjs@usdoj.gov (202) 307-0765,
date of version: 07/07/06,

"Table 1. Pre-sale firearms background check databases used for NICS checks and record holdings, January 2006",

,Number of Records
Total records checked,"63,177,363"

Interstate Identification Index (III),
Total,"56,177,106"
State Indexed III Records,"36,233,286"
FBI Maintained III Records*,"19,943,820"

NICS Prohibited Persons Index,
Total,"3,960,682"
Denied Persons File,"367,933"
Illegal/Unlawful Aliens Records,"3,329,853"
Controlled Substance Abuse Records,619
Dishonorable Dischargees,"15,046"
Citizenship Renounced,"12,603"
Mental Defective Records,"234,628"

National Crime Information Center (NCIC) Files,
Total,"3,039,575"
Wanted Persons & Foreign Fugitives,"1,241,700"
Immigration Violator,"163,583"
Protection Order File,"949,858"
Convicted Persons on Supervised Release,"269,962"
National Sex Offender Registry,"414,472"

*Includes federal & foreign offender records,
