"Bureau of Justice Statistics",,,,,,,,
"filename:cfj952_5 .csv",,,,,,,,
"contents: Federal case processing data",,,,,,,,
"data source: Federal Justice Statistics database maintained by the Urban institute.",,,,,,,,
"refer questions to: scalia@ojp.usdoj.gov (202) 616-3276",,,,,,,,
"coordinator: John Scalia and Steve Smith (202) 616-3485",,,,,,,,
"date of version:  2/20/98",,,,,,,,
,,,,,,,,
"Table 2.5.  Pretrial detention hearing outcomes, by offense, October 1, 1994 - ",,,,,,,,
,,"September 30, 1995",,,,,,
,,,,,,,,
,,,,"Defendants with pretrial detention hearings",,,,
,,,,,,,,"Of defen-"
,,,,,,,,"dants with"
,,,,,,,"Percent of","hearings"
,,,,"Number of defendants",,,"defendants","held, percent"
,,,"All","Hearings","Ordered",,"with hearings","ordered"
"Most serious offense charged",,,"defendants","held","detained",,"held","detained"
,,"   All offenses\a",45635,18935,13955,,42,74
"Violent offenses",,,2706,1741,1400,,64,80
,,"Murder\b",183,123,102,,67,83
,,"Negligent manslaughter",8,2,1,,"--","--"
,,"Assault",595,251,171,,42,68
,,"Robbery",1472,1137,972,,77,86
,,"Rape",176,78,46,,44,59
,,"Other sex offenses\b",133,47,27,,35,57
,,"Kidnaping",99,74,58,,75,78
,,"Threats against the President",40,29,23,,73,79
"Property offenses",,,11966,2218,1413,,19,64
,"Fraudulent",,9052,1660,1046,,18,63
,,"Embezzlement",1503,90,57,,6,63
,,"Fraud\b",6505,1277,821,,20,64
,,"Forgery",357,66,42,,19,64
,,"Counterfeiting",687,227,126,,33,56
,"Other",,2914,558,367,,19,66
,,"Burglary",138,56,49,,41,88
,,"Larceny\b",2068,288,176,,14,61
,,"Motor vehicle theft",268,85,61,,32,72
,,"Arson and explosives",163,60,33,,37,55
,,"Transportation of stolen property",171,51,33,,30,65
,,"Other property offenses\b",106,18,15,,17,83
"Drug offenses",,,17893,10287,7338,,58,71
,,"Trafficking",15421,9181,6597,,60,72
,,"Other drug offenses",2472,1106,741,,45,67
"Public-order offenses",,,12879,4644,3777,,36,81
,"Regulatory",,1394,269,161,,19,60
,,"Agriculture",117,6,4,,5,"--"
,,"Antitrust",17,2,2,,12,"--"
,,"Food and drug",37,2,0,,5,"--"
,,"Transportation",54,17,11,,32,65
,,"Civil rights",75,16,10,,21,63
,,"Communications",54,6,3,,11,"--"
,,"Custom laws",76,19,12,,25,63
,,"Postal laws",180,13,6,,7,46
,,"Other regulatory offenses",784,188,113,,24,60
,"Other",,11485,4375,3616,,38,83
,,"Weapons",2591,1225,923,,47,75
,,"Immigration offenses",5103,2286,2034,,45,89
,,"Tax law violations\b",699,26,14,,4,54
,,"Bribery",200,20,13,,10,65
,,"Perjury, contempt, and intimidation",175,55,33,,31,60
,,"National defense",59,18,13,,31,72
,,"Escape",557,378,326,,68,86
,,"Racketeering and extortion",587,267,202,,46,76
,,"Gambling",196,11,4,,6,36
,,"Liquor offenses",7,2,0,,"--","--"
,,"Obscene material\b",38,5,4,,13,"--"
,,"Migratory birds",31,0,0,,0,"..."
,,"All other offenses\b",1242,82,50,,7,61
,,,,,,,,
"--Too few cases to obtain statistically reliable data.",,,,,,,,
"...No case of this type occurred in the data.",,,,,,,,
"(SEE PRINTED REPORT FOR FOOTNOTES)",,,,,,,,
