"Bureau of Justice Statistics",,,,,,,,,,,,
"filename: cfj952_4.csv",,,,,,,,,,,,
"contents: Federal case processing data",,,,,,,,,,,,
"data source: Federal Justice Statistics database maintained by the Urban institute.",,,,,,,,,,,,
"refer questions to: scalia@ojp.usdoj.gov (202) 616-3276",,,,,,,,,,,,
"coordinator: John Scalia and Steve Smith (202) 616-3485",,,,,,,,,,,,
"date of version:  2/20/98",,,,,,,,,,,,
,,,,,,,,,,,,
"Table 2.4.  Form of pretrial detention, by defendant characteristics, October 1, 1994 - September 30, 1995",,,,,,,,,,,,
,,,,,,,,,,,,
,,,,,"Of defendants detained at any time prior to case disposition, percent",,,,,,,
,,,,,"detained by--",,,,,,,
,,,,,,"Held on bail for--",,,,,"Number of defendants",
,,,,"Percent","Temporary","Part of pre-","All of pre-",,"Other",,,"All "
"Defendant characteristic",,,,"detained","detention\a","trial period","trial period","Denied bail","detentions",,"Detained","defendants"
,,,,,,,,,,,,
,,," All offenders\b",59,3,24,14,52,8,,27004,45635
"Sex",,,,,,,,,,,,
,"Male",,,63,3,22,14,53,8,,24410,38570
,"Female",,,37,1,40,12,42,6,,2593,7058
"Race",,,,,,,,,,,,
,"White",,,58,3,24,18,48,7,,17408,30054
,"Black",,,64,2,24,6,58,9,,8287,13025
,"Other",,,51,1,26,5,59,9,,1309,2556
"Ethnicity",,,,,,,,,,,,
,"Hispanic",,,83,4,20,23,48,5,,11759,14100
,"Non-Hispanic",,,49,2,28,6,55,10,,14946,30742
"Age",,,,,,,,,,,,
,"16-18 years",,,65,3,30,13,48,7,,545,840
,"19-20 years",,,65,3,29,12,48,8,,1469,2251
,"21-30 years",,,68,3,23,14,53,7,,11043,16331
,"31-40 years",,,61,3,24,13,53,7,,7976,13159
,"Over 40 years",,,43,3,28,12,50,8,,4726,11067
"Education",,,,,,,,,,,,
,"Less than high school graduate",,,72,4,23,13,53,7,,9911,13689
,"High school graduate",,,52,2,29,8,53,9,,6527,12486
,"Some college",,,44,2,35,8,48,8,,3461,7849
,"College graduate",,,31,2,36,9,45,9,,1088,3485
"Marital status",,,,,,,,,,,,
,"Never married",,,65,2,26,10,54,8,,9063,13995
,"Divorced/separated",,,53,3,29,9,50,9,,3860,7309
,"Married",,,47,3,28,12,50,7,,6480,13703
,"Common law",,,71,4,25,12,53,6,,2077,2915
,"Other",,,72,2,13,26,51,7,,5524,7713
"Employment status at arrest",,,,,,,,,,,,
,"Unemployed",,,68,2,23,10,55,10,,11709,17112
,"Employed",,,47,3,32,11,49,5,,10319,21944
"Criminal record",,,,,,,,,,,,
,"No convictions\c",,,46,2,29,16,48,5,,7525,16457
,"Misdemeanor only",,,52,2,35,12,45,6,,3720,7172
,"Felony",,,,,,,,,,,
,,"Nonviolent",,74,3,17,15,55,10,,6794,9192
,,"Violent",,84,3,14,12,61,11,,5198,6222
"Number of prior convictions",,,,,,,,,,,,
,"1",,,58,3,28,11,51,7,,4202,7212
,"2 to 4",,,71,3,20,13,55,9,,6545,9252
,"5 or more",,,81,3,14,16,57,11,,4965,6122
"Criminal justice status",,,,,,,,,,,,
,"Not under supervision",,,51,2,30,15,48,6,,15777,31164
,"Pretrial release",,,64,3,28,5,57,7,,1454,2274
,"Probation",,,69,5,25,9,56,5,,1693,2443
,"Parole",,,87,7,9,12,65,8,,1570,1802
"Court appearance history",,,,,,,,,,,,
,"No prior arrests",,,47,3,29,16,48,5,,8268,17749
,"Failure to appear",,,,,,,,,,,
,,"None",,64,3,24,13,53,9,,14584,22784
,,"1",,80,2,17,14,57,10,,2246,2811
,,"More than 1",,83,2,17,16,58,8,,1906,2289
"Drug abuse",,,,,,,,,,,,
,"No known abuse",,,51,3,28,12,50,7,,13857,26967
,"Drug history",,,67,3,27,8,54,9,,6325,9513
,,,,,,,,,,,,
"(SEE PRINTED REPORT FOR FOOTNOTES)",,,,,,,,,,,,
