"Bureau of Justice Statistics",,,,,,,,,,,
"filename: cfj952_9.csv",,,,,,,,,,,
"contents: Federal case processing data",,,,,,,,,,,
"data source: Federal Justice Statistics database maintained by the Urban institute.",,,,,,,,,,,
"refer questions to: scalia@ojp.usdoj.gov (202) 616-3276",,,,,,,,,,,
"coordinator: John Scalia and Steve Smith (202) 616-3485",,,,,,,,,,,
"date of version:  2/20/98",,,,,,,,,,,
,,,,,,,,,,,
"Table 2.9.  Behavior of defendants released prior to trial, by defendant characteristics,",,,,,,,,,,,
,,,"October 1, 1994 - September 30, 1995",,,,,,,,
,,,,,,,,,,,
,,,,"Percent of released defendants who had--",,,,,,,
,,,,,"Violations while on release",,,,,,
,,,,,"At least",,,,"Technical",,"Number of"
,,,,"No","one","Failed to","New offense charged",,"violations of","Release ","released "
"Defendant characteristic",,,,"violation","violation","appear","Felony","Misdemeanor","bail conditions","revoked","defendants"
,,," All defendants\a",84,16,3,2,2,12,6,26380
"Sex",,,,,,,,,,,
,"Male",,,82,18,3,2,2,13,6,20711
,"Female",,,88,12,2,1,1,10,4,5662
"Race",,,,,,,,,,,
,"White",,,85,15,3,2,1,11,5,17576
,"Black",,,78,22,3,3,2,17,8,7141
,"Other",,,88,12,1,1,1,9,6,1663
"Ethnicity",,,,,,,,,,,
,"Hispanic",,,82,19,5,2,1,12,5,5028
,"Non-Hispanic",,,84,16,2,2,2,13,6,20778
"Age",,,,,,,,,,,
,"16-18 years",,,76,24,4,3,3,18,11,492
,"19-20 years",,,76,24,4,3,2,18,8,1262
,"21-30 years",,,80,20,3,3,2,15,7,8362
,"31-40 years",,,82,18,3,2,2,14,6,7472
,"Over 40 years",,,90,10,2,1,1,8,3,7927
"Education",,,,,,,,,,,
,"Less than high school graduate",,,76,24,4,3,2,18,9,6586
,"High school graduate",,,82,18,2,2,2,14,6,8217
,"Some college",,,86,14,2,2,1,11,4,5792
,"College graduate",,,93,8,1,1,1,5,2,2844
"Marital status",,,,,,,,,,,
,"Never married",,,77,23,3,3,2,18,8,7725
,"Divorced/separated",,,81,19,3,2,2,15,7,4784
,"Married",,,89,11,2,2,1,8,3,9412
,"Common laws",,,77,23,4,3,2,17,9,1457
,"Other",,,92,8,2,1,1,6,3,3002
"Employment status at arrest",,,,,,,,,,,
,"Unemployed",,,77,23,4,3,2,17,9,8675
,"Employed",,,86,14,2,2,1,11,5,15457
"Criminal record",,,,,,,,,,,
,"No convictions\b",,,92,9,2,1,1,6,2,11478
,"Misdemeanor only",,,79,21,2,2,2,17,8,4992
,"Felony",,,,,,,,,,
,,"Nonviolent",,76,24,3,3,2,18,9,3862
,,"Violent",,70,30,4,5,3,24,14,1920
"Number of prior convictions",,,,,,,,,,,
,"1",,,82,18,2,2,1,14,6,4415
,"2 to 4",,,75,25,3,3,2,20,10,4342
,"5 or more",,,67,33,4,4,4,25,15,2017
"Criminal justice status",,,,,,,,,,,
,"Not under supervision",,,86,14,2,1,1,10,4,20839
,"Pretrial release",,,70,30,3,5,3,23,11,1307
,"Probation",,,74,26,4,4,3,19,11,1265
,"Parole",,,72,28,3,5,2,22,11,404
"Court appearance history",,,,,,,,,,,
,"No prior arrests",,,91,9,2,1,1,6,2,12226
,"Failure to appear",,,,,,,,,,
,,"None",,79,21,3,3,2,16,8,12306
,,"1",,68,32,5,4,5,24,13,1053
,,"More than 1",,59,41,6,4,4,34,19,793
"Drug abuse",,,,,,,,,,,
,"No known abuse",,,88,12,2,2,1,8,4,17743
,"Drug history",,,65,35,4,3,3,30,14,5201
,,,,,,,,,,,
"(SEE PRINTED REPORT FOR FOOTNOTES)",,,,,,,,,,,
