"Bureau of Justice Statistics",,,,,,,,,,,
"filename:cfj952_1 .csv",,,,,,,,,,,
"contents: Federal case processing data",,,,,,,,,,,
"data source: Federal Justice Statistics database maintained by the Urban institute.",,,,,,,,,,,
"refer questions to: scalia@ojp.usdoj.gov (202) 616-3276",,,,,,,,,,,
"coordinator: John Scalia and Steve Smith (202) 616-3485",,,,,,,,,,,
"date of version:  2/20/98",,,,,,,,,,,
,,,,,,,,,,,
"Table 2.1.  Type of pretrial release, by offense, October 1, 1994 - September 30, 1995",,,,,,,,,,,
,,,,,,,,,,,
,,,,,,,,,,,
,,,,"Of defendants released at any time prior to case",,,,,,,
,,,,"disposition, percent released on--",,,,,,"Number of defendants",
,,,"Percent",,"Unsecured","Personal","Conditional",,,,"All"
"Most serious offense charged",,,"released","Financial\a","bond","recognizance","release",,,"Released","defendants"
,,"All offenses\b",58,17,48,30,5,,,26380,45635
"Violent offenses",,,38,15,39,40,6,,,1040,2706
,,"Murder\c",43,20,28,46,6,,,79,183
,,"Negligent manslaughter","--","...","--","--","...",,,6,8
,,"Assault",67,8,40,44,8,,,396,595
,,"Robbery",20,27,44,27,2,,,301,1472
,,"Rape",72,6,24,62,9,,,126,176
,,"Other sex offenses\c",73,12,49,32,7,,,97,133
,,"Kidnaping",24,25,46,21,8,,,24,99
,,"Threats against the President",28,"...",64,27,9,,,11,40
"Property offenses",,,82,10,52,36,2,,,9782,11966
,"Fraudulent",,82,11,53,34,2,,,7429,9052
,,"Embezzlement",95,3,50,47,1,,,1425,1503
,,"Fraud\c",80,12,54,33,2,,,5200,6505
,,"Forgery",80,9,65,26,0,,,286,357
,,"Counterfeiting",75,21,55,23,1,,,518,687
,"Other",,81,7,49,41,3,,,2353,2914
,,"Burglary",46,16,49,29,6,,,63,138
,,"Larceny\c",86,5,48,43,4,,,1784,2068
,,"Motor vehicle theft",63,11,62,23,4,,,170,268
,,"Arson and explosives",73,12,53,35,1,,,119,163
,,"Transportation of stolen property",73,21,60,19,"...",,,125,171
,,"Other property offenses\c",87,1,22,76,1,,,92,106
"Drug offenses",,,49,30,48,20,3,,,8807,17893
,,"Trafficking",47,32,49,17,2,,,7310,15421
,,"Other drug offenses",61,18,42,35,5,,,1497,2472
"Public-order offenses",,,51,12,42,34,13,,,6601,12879
,"Regulatory",,80,11,51,36,2,,,1121,1394
,,"Agriculture",97,4,49,48,"...",,,113,117
,,"Antitrust",88,"...",67,27,7,,,15,17
,,"Food and drug",95,3,43,51,3,,,35,37
,,"Transportation",78,10,60,29,2,,,42,54
,,"Civil rights",87,14,72,11,3,,,65,75
,,"Communications",91,12,53,35,"...",,,49,54
,,"Custom laws",83,30,43,25,2,,,63,76
,,"Postal laws",92,1,61,34,4,,,165,180
,,"Other regulatory offenses",73,13,46,39,2,,,574,784
,"Other",,48,13,40,33,15,,,5480,11485
,,"Weapons",52,18,55,25,2,,,1345,2591
,,"Immigration offenses",25,16,21,10,53,,,1251,5103
,,"Tax law violations\c",96,4,52,40,4,,,673,699
,,"Bribery",93,11,49,40,"...",,,185,200
,,"Perjury, contempt, and intimidation",78,16,48,34,2,,,136,175
,,"National defense",66,10,39,44,8,,,39,59
,,"Escape",20,21,50,26,4,,,112,557
,,"Racketeering and extortion",57,30,52,17,1,,,333,587
,,"Gambling",97,10,57,33,"...",,,190,196
,,"Liquor offenses","--","--","--","--","...",,,7,7
,,"Obscene material\c",87,6,73,21,"...",,,"33.0",38
,,"Migratory birds",100,7,26,68,"...",,,31,31
,,"All other offenses\c",92,2,24,66,7,,,1145,1242
"--Too few cases to obtain statistically reliable data.",,,,,,,,,,,
"...No case of this type occurred in the data. ",,,,,,,,,,,
"(SEE PRINTED REPORT FOR FOOTNOTES)",,,,,,,,,,,
