"Bureau of Justice Statistics",,,,,,,,,
"filename: cfj952_8.csv",,,,,,,,,
"contents: Federal case processing data",,,,,,,,,
"data source: Federal Justice Statistics database maintained by the Urban institute.",,,,,,,,,
"refer questions to: scalia@ojp.usdoj.gov (202) 616-3276",,,,,,,,,
"coordinator: John Scalia and Steve Smith (202) 616-3485",,,,,,,,,
"date of version:  2/20/98",,,,,,,,,
,,,,,,,,,
"Table 2.8.  Behavior of defendants released prior to trial, by type of release, October 1, 1994 - ",,,,,,,,,
,"September 30, 1995",,,,,,,,
,,,,,,,,,
,,"Percent of released defendants who had--",,,,,,,
,,,"      Violations while on release",,,,,,
,,,,,,,"Technical",,
,,,"At least",,,,"violations",,"Number of"
,,"No","one","Failed to","New offense charged",,"of bail","Release ","released"
"Type of release",,"violation","violation","appear","Felony","Misdemeanor","conditions","revoked","defendants"
,"   All releases",84,16,3,2,2,12,6,26380
"Financial release",,78,22,4,3,2,16,7,4534
,"Percentage/cash bond",77,23,6,3,2,15,7,2225
,"Collateral bond",77,23,3,4,2,18,8,1678
,"Corporate surety",81,19,3,3,1,14,8,631
"Unsecured bond",,87,13,2,1,1,10,5,7958
"Personal recognizance",,82,18,3,2,2,14,6,12521
"Conditional release",,96,4,1,0,0,3,2,1367
,,,,,,,,,
"(SEE PRINTED REPORT FOR FOOTNOTES)",,,,,,,,,
