"Bureau of Justice Statistics",,,,,,,,,,
"filename: cfj952_10.csv",,,,,,,,,,
"contents: Federal case processing data",,,,,,,,,,
"data source: Federal Justice Statistics database maintained by the Urban institute.",,,,,,,,,,
"refer questions to: scalia@ojp.usdoj.gov (202) 616-3276",,,,,,,,,,
"coordinator: John Scalia and Steve Smith (202) 616-3485",,,,,,,,,,
"date of version:  2/20/98",,,,,,,,,,
,,,,,,,,,,
"Table 2.10.",,,"Length of pretrial detention, by form of release or detention, and most serious",,,,,,,
,,,"offense charged, October 1, 1994 - September 30, 1995",,,,,,,
,,,,,,,,,,
,,,,"Among defendants detained for any time prior to case disposition, the ",,,,,,
,,,,"average number of days detained\a",,,,,,
,,,,"Released on--",,,,,"Not released",
"Most serious offense",,,,"Financial","Unsecured","Personal","Conditional",,"Financial",
"charged",,,,"conditions","bond\b","recognizance","release",,"condition","Denied bail"
,," All offenses",,39,42,52,36,,73,121
"Violent offenses",,,,40,41,48,71,,116,137
,"Murder\c",,,31,2,61,"--",,"--",188
,"Negligent manslaughter",,,"...","...","--","...",,"...","--"
,"Assault",,,49,28,34,54,,74,101
,"Robbery",,,36,45,69,"--",,124,136
,"Rape",,,"--",57,22,14,,"--",142
,"Other sex offenses\c",,,35,34,23,"--",,"--",83
,"Kidnaping",,,"--",85,"--","--",,"--",184
,"Threats against the President",,,"...","--","--","...",,"...",143
"Property offenses",,,,37,42,36,25,,62,96
,"Fraudulent",,,37,44,34,25,,60,90
,,"Embezzlement",,37,23,33,"...",,"--",88
,,"Fraud\c",,40,47,38,23,,49,91
,,"Forgery",,23,42,18,"...",,44,76
,,"Counterfeiting",,27,36,27,"--",,104,91
,"Other",,,35,39,41,25,,69,112
,,"Burglary",,"--",42,83,"--",,"--",123
,,"Larceny\c",,31,36,32,29,,61,101
,,"Motor vehicle theft",,39,40,22,"...",,"--",117
,,"Arson and explosives",,7,39,30,"...",,"--",194
,,"Transportation of stolen property",,26,77,22,"...",,"--",77
,,"Other property offenses\c",,"--",39,142,"...",,"...","--"
"Drug offenses",,,,40,41,59,83,,100,142
,"Trafficking",,,41,41,61,79,,103,144
,"Other drug offenses",,,36,39,46,116,,73,119
"Public-order offenses",,,,35,47,51,15,,52,85
,"Regulatory",,,37,29,43,57,,79,88
,"Other",,,34,49,52,14,,52,85
,,"Weapons",,46,72,63,12,,98,126
,,"Immigration offenses",,23,21,38,14,,48,66
,,"Tax law violations\c",,56,52,36,"...",,"--","--"
,,"Bribery",,22,50,1,"...",,"--","--"
,,"Perjury, contempt, and intimidation",,30,8,51,"--",,"--",96
,,"National defense",,"...","...","...","...",,"--",94
,,"Escape",,24,40,57,"--",,54,63
,,"Racketeering and extortion",,34,73,160,"--",,163,171
,,"Gambling",,49,13,25,"...",,"...","--"
,,"Liquor offenses",,"...","...","--","...",,"...","..."
,,"Obscene material\c",,"--",154,"...","...",,"--","--"
,,"Migratory birds",,"...","...","...","...",,"...","..."
,,"All other offenses\c",,13,21,22,"...",,"--",40
,,,,,,,,,,
"--Too few cases to obtain statistically reliable data.",,,,,,,,,,
"...No case of this type occurred in the data.",,,,,,,,,,
"(SEE PRINTED REPORT FOR FOOTNOTES)",,,,,,,,,,
