Bureau of Justice Statistics,,
Filename: lpdppt20stf04.csv,,
"Figure 4. Selected reasons local police departments did not regularly check immigration status, 2020",,
"Report title: Local Police Departments, Procedures, Policies, and Technology, 2020 � Statistical Tables   NCJ 307405",,
"Data Source: Bureau of Justice Statistics, Law Enforcement Management and Administrative Statistics survey, 2020",,
"Authors: Sean E. Goodison, PhD; and Connor Brooks, BJS Statisticians",,
Refer questions to: askbjs@usdoj.gov 202-307-0765,,
Date of version: 11/15/23,,
,,
"Figure 4. Selected reasons local police departments did not regularly check immigration status, 2020",,
Reason for not regularly checking immigration status,Percent,
Unable to verify status while in the field,18.4,%
Concerned about victims not reporting to police,13.4,
Concerned that officers will be perceived as using racial profiling,13.3,
Concerned about losing public�s trust,12.6,
Prohibited by local or state legislation,10.8,
Prohibited by departmental policy,10.4,
Note: Estimates are based on the 46% of local police departments that reported they did not regularly check immigration status under any of the selected circumstances. Respondents could indicate more than one reason they did not regularly check immigration status. See appendix table 11 for estimates and standard errors.,,
"Source: Bureau of Justice Statistics, Law Enforcement Management and Administrative Statistics survey, 2020.",,
