﻿Bureau of Justice Statistics,,
Filename: fjs22f11.csv,,
"Figure 11. Universe of prisoners held under the Federal Bureau of Prisons’ jurisdiction, fiscal year-end 2022",,
"Report title: Federal Justice Statistics, 2022  NCJ 307553",,
"Data Source: Bureau of Justice Statistics, based on data from the Federal Bureau of Prisons, SENTRY database, fiscal year-end 2022",,
"Author: Mark Motivans, PhD, BJS Statistician",,
Refer questions to: askbjs@usdoj.gov 202-307-0765,,
Date of version: 01/18/2024,,
,,
"Figure 11. Universe of prisoners held under the Federal Bureau of Prisons’ jurisdiction, fiscal year-end 2022",,
,Total,"158,437"
Federally sentenced prisoners in the Federal Bureau of Prisons,,"137,603"
All other prisoners*,,"20,834"
"Note: 158,437 persons were under the Federal Bureau of Prisons' jurisdiction at fiscal year-end 2022. Excludes records missing commitment offense; persons sentenced to the Federal Bureau of Prisons (BOP) by the District of Columbia Superior Court, military prisoners transferred to BOP facilities to serve their sentence, U.S. citizen prisoners transferred to the United States from another country to serve their sentence closer to home, persons convicted of a state offense but serving time in a federal prison for their security needs, and prisoners designated to community confinement, home confinement, presentence detention, a hospital, or Immigration and Customs Enforcement detention.",,
*Includes federally sentenced prisoners held in private facilities.,,
"Source: Bureau of Justice Statistics, based on data from the Federal Bureau of Prisons, SENTRY database, fiscal year-end 2022.",,
