﻿Bureau of Justice Statistics,,,,,
Filename: fjs22f01.csv,,,,,
"Figure 1. Suspects and defendants processed in the federal criminal justice system, FY 2000–2022",,,,,
"Report title: Federal Justice Statistics, 2022  NCJ 307553",,,,,
"Data Source: Bureau of Justice Statistics, based on data from the U.S. Marshals Service, Prisoner Tracking, Justice Detainee, and CAPTURE information systems; Executive Office for U.S. Attorneys, National Legal Information Office Network System database; and Administrative Office of the U.S. Courts, Criminal Master File, fiscal years 2000–2022",,,,,
"Author: Mark Motivans, PhD, BJS Statistician",,,,,
Refer questions to: askbjs@usdoj.gov 202-307-0765,,,,,
Date of version: 01/18/2024,,,,,
,,,,,
"Figure 1. Suspects and defendants processed in the federal criminal justice system, FY 2000–2022",,,,,
Fiscal year,Suspects investigated/a,Suspects arrested/b,Defendants charged/c,Defendants convicted/d,Defendants sentenced to prison/d
2000,"123,559","115,025","83,251","68,156","50,451"
2001,"121,818","116,777","82,614","68,533","51,057"
2002,"124,335","121,610","87,727","71,798","53,682"
2003,"130,078","124,708","92,085","75,805","57,629"
2004,"141,215","138,223","92,645","74,782","58,106"
2005,"137,590","137,411","91,578","78,042","61,151"
2006,"133,935","144,072","87,650","79,904","63,699"
2007,"138,410","151,844","88,742","79,356","62,893"
2008,"178,570","173,463","91,835","82,823","64,529"
2009,"188,341","181,726","97,513","86,975","67,499"
2010,"187,916","179,034","99,921","89,902","69,494"
2011,"187,735","177,547","103,021","92,240","70,049"
2012,"190,596","172,248","92,789","87,908","67,582"
2013,"190,267","188,164","89,843","82,838","64,390"
2014,"160,505","165,265","80,051","78,155","60,626"
2015,"157,313","153,478","78,742","72,427","56,018"
2016,"151,994","151,460","76,276","69,487","54,274"
2017,"143,684","142,008","75,936","68,553","52,898"
2018,"195,842","195,771","86,024","72,588","54,112"
2019,"203,030","206,630","91,520","78,256","56,366"
2020,"135,993","120,112","73,256","65,848","44,429"
2021,"105,121","78,068","73,835","58,271","43,157"
2022,"102,329","96,857","67,807","65,470","49,897"
"Note: Suspects or defendants who had more than one arrest, charge, or case are counted separately for each occurence. See appendix table 1 for counts.",,,,,
a/Suspects in matters investigated by U.S. attorneys.,,,,,
"b/Suspects arrested by federal law enforcement. Excludes District of Columbia Superior Court arrests. For 2020 to 2022 arrests, the custody start date is used instead of the arrest date. See Methodology.",,,,,
c/Defendants charged with a felony or a misdemeanor offense in U.S. district court.,,,,,
d/Defendants in cases adjudicated with a felony or a misdemeanor offense in U.S. district court.,,,,,
"Source: Bureau of Justice Statistics, based on data from the U.S. Marshals Service, Prisoner Tracking, Justice Detainee, and CAPTURE information systems; Executive Office for U.S. Attorneys, National Legal Information Office Network System database; and Administrative Office of the U.S. Courts, Criminal Master File, fiscal years 2000–2022.",,,,,
