﻿Bureau of Justice Statistics,,,,,,,,,,,,,,,,,
Filename: fjs22t06.csv,,,,,,,,,,,,,,,,,
"Table 6. Disposition and case-processing time of defendants in cases adjudicated in U.S. district court, by most serious offense and judicial district, FY 2022",,,,,,,,,,,,,,,,,
"Report title: Federal Justice Statistics, 2022  NCJ 307553",,,,,,,,,,,,,,,,,
"Data Source: Bureau of Justice Statistics, based on data from the Administrative Office of the U.S. Courts, Criminal Master File, fiscal year 2022",,,,,,,,,,,,,,,,,
"Author: Mark Motivans, PhD, BJS Statistician",,,,,,,,,,,,,,,,,
Refer questions to: askbjs@usdoj.gov 202-307-0765,,,,,,,,,,,,,,,,,
Date of version: 01/18/2024,,,,,,,,,,,,,,,,,
,,,,,,,,,,,,,,,,,
"Table 6. Disposition and case-processing time of defendants in cases adjudicated in U.S. district court, by most serious offense and judicial district, FY 2022",,,,,,,,,,,,,,,,,
,,,,,,Convicted,,,,,,Not convicted,,,,,
,,,,Total cases adjudicated,,Total,,Guilty plea,,Bench/jury trial,,Total,,Bench/jury trial,,Dismissed,
,All offenses,,,"71,542",,91.5,%,89.6,%,1.9,%,8.5,%,0.5,%,8,%
Most serious offense at adjudication,,,,,,,,,,,,,,,,,
,Felony,,,"67,055",,93.2,%,91.2,%,2,%,6.8,%,0.5,%,6.4,%
,,Violent,,"2,970",,89.2,,83.1,,6,,10.8,,1.4,,9.4,
,,Property,,"7,426",,90.1,,87.3,,2.7,,9.9,,0.7,,9.3,
,,,Fraud,"6,439",,89.7,,86.9,,2.8,,10.3,,0.7,,9.6,
,,,Other/a,987,,92.4,,90.1,,2.3,,7.6,,0.4,,7.2,
,,Drug,,"22,396",,91.6,,89.8,,1.9,,8.4,,0.3,,8,
,,Public order,,"6,569",,91,,87,,4.1,,9,,0.9,,8.1,
,,,Regulatory,722,,87.7,,82.1,,5.5,,12.3,,3.6,,8.7,
,,,Other/b,"5,847",,91.4,,87.6,,3.9,,8.6,,0.6,,8,
,,Weapons,,"10,109",,93.9,,91.6,,2.2,,6.1,,0.7,,5.5,
,,Immigration,,"17,585",,97.6,,97.2,,0.3,,2.4,,0.1,,2.3,
,Misdemeanor,,,"4,487",,66.6,,65.8,,0.8,,33.4,,0.4,,33.1,
Federal judicial district,,,,,,,,,,,,,,,,,
,U.S.-Mexico border,,,"24,596",,95.8,%,95.1,%,0.7,%,4.2,%,0.2,%,4,%
,,Arizona,,"4,687",,96.5,,95.8,,0.7,,3.5,,0.2,,3.3,
,,California Southern,,"4,013",,87.7,,87.2,,0.5,,12.3,,0.4,,11.9,
,,New Mexico,,"2,208",,97.1,,96.8,,0.3,,2.9,,0.1,,2.9,
,,Texas Southern,,"7,498",,97.4,,97,,0.4,,2.6,,0.2,,2.4,
,,Texas Western,,"6,190",,98.2,,96.9,,1.4,,1.8,,0.2,,1.5,
,Other judicial districts,,,"46,946",,89.2,,86.7,,2.6,,10.8,,0.6,,10.2,
,Median time from filing to disposition/c,,,314, days,309,days,302,days,776,days,415,days,413,days,314,days
"Note: Details may not sum to totals due to rounding. Includes information on felony defendants; Class A misdemeanor defendants, whether cases were handled by U.S. district judges or U.S. magistrate judges; and other misdemeanor defendants, provided their cases were handled by U.S. district judges. Court personnel determine the most serious offense at adjudication as the offense with the greatest statutory maximum sentence. The unit of count is a defendant in a case adjudicated in U.S. district court. Defendants in more than one case are counted separately. The median is the midpoint between the slowest and fastest processing times. A median of 314 days means that half of the defendants received a disposition in less than 314 days and half received a disposition in more than 314 days.",,,,,,,,,,,,,,,,,
"a/Includes burglary, larceny, motor vehicle theft, arson, transportation of stolen property, and other property offenses, such as destruction of property and trespassing.",,,,,,,,,,,,,,,,,
"b/Includes nonregulatory violations concerning tax law (tax fraud), bribery, perjury, national defense, escape, racketeering and extortion, gambling, liquor, mailing or transporting obscene materials, traffic, migratory birds, conspiracy, aiding and abetting, jurisdiction, and other offenses.",,,,,,,,,,,,,,,,,
c/Includes the interval from the time a case was filed in U.S. district court to sentencing for defendants who were convicted and the interval from case filing to disposition for defendants who were not convicted or whose cases were dismissed.,,,,,,,,,,,,,,,,,
"Source: Bureau of Justice Statistics, based on data from the Administrative Office of the U.S. Courts, Criminal Master File, fiscal year 2022.",,,,,,,,,,,,,,,,,
