﻿Bureau of Justice Statistics,,
Filename: fjs22f02.csv,,
"Figure 2. Suspects investigated and arrested in the federal criminal justice system, October 1, 2019–September 30, 2022",,
"Report title: Federal Justice Statistics, 2022  NCJ 307553",,
"Data Source: Bureau of Justice Statistics, based on data from the U.S. Marshals Service, CAPTURE information system; and Executive Office for U.S. Attorneys, National Legal Information Office Network System database, fiscal years 2020–2022",,
"Author: Mark Motivans, PhD, BJS Statistician",,
Refer questions to: askbjs@usdoj.gov 202-307-0765,,
Date of version: 01/18/2024,,
,,
"Figure 2. Suspects investigated and arrested in the federal criminal justice system, October 1, 2019–September 30, 2022",,
Month,Suspects investigated/a,Suspects arrested/b
 October 2019,"16,027","15,687"
 November 2019,"13,576","13,872"
 December 2019,"13,031","14,288"
 January 2020,"15,360","15,205"
 February 2020,"15,996","16,511"
 March 2020,"12,995","12,325"
 April 2020,"6,529","2,369"
 May 2020,"6,834","3,157"
 June 2020,"8,338","5,426"
 July 2020,"8,727","6,361"
 August 2020,"9,057","7,105"
 September 2020,"9,523","7,806"
 October 2020,"9,926","7,441"
 November 2020,"7,794","5,955"
 December 2020,"7,704","5,832"
 January 2021,"9,209","5,520"
 February 2021,"8,562","5,562"
 March 2021,"10,771","6,877"
 April 2021,"9,544","6,673"
 May 2021,"8,673","6,804"
 June 2021,"8,619","7,022"
 July 2021,"8,165","6,585"
 August 2021,"8,424","6,826"
 September 2021,"7,730","6,971"
 October 2021,"8,258","7,826"
 November 2021,"7,367","7,228"
 December 2021,"6,806","6,783"
 January 2022,"8,537","6,674"
 February 2022,"8,356","7,537"
 March 2022,"10,140","9,292"
 April 2022,"8,998","8,362"
 May 2022,"8,949","8,719"
 June 2022,"8,669","8,676"
 July 2022,"8,036","8,006"
 August 2022,"9,575","9,269"
 September 2022,"8,638","8,485"
Note: See appendix table 2 for counts.,,
a/Suspects in matters investigated by U.S. attorneys. Suspects investigated in more than one matter are counted separately.,,
"b/Suspects arrested by federal law enforcement. Each arrest is counted separately, so persons with more than one arrest are counted more than once. Excludes District of Columbia Superior Court arrests. For 2020 to 2022 arrests, the custody start date is used instead of the arrest date (as in prior years) because not all bookings in 2020 to 2022 had arrest dates, due to the U.S. Marshals Service’s transition to a new data system. The custody date is used to ensure all bookings are enumerated, including records that are missing an arrest date. See Methodology.",,
"Source: Bureau of Justice Statistics, based on data from the U.S. Marshals Service, CAPTURE information system; and Executive Office for U.S. Attorneys, National Legal Information Office Network System database, fiscal years 2020–2022",,
