﻿Bureau of Justice Statistics,,,,,,,,,,,,,,,,,,,,
Filename: fjs22t12.csv,,,,,,,,,,,,,,,,,,,,
"Table 12. Time served by persons released by standard means from the Federal Bureau of Prisons, by commitment offense and demographic characteristics, FY 2022",,,,,,,,,,,,,,,,,,,,
"Report title: Federal Justice Statistics, 2022  NCJ 307553",,,,,,,,,,,,,,,,,,,,
"Data Source: Bureau of Justice Statistics, based on data from the Federal Bureau of Prisons, SENTRY database, fiscal year 2022",,,,,,,,,,,,,,,,,,,,
"Author: Mark Motivans, PhD, BJS Statistician",,,,,,,,,,,,,,,,,,,,
Refer questions to: askbjs@usdoj.gov 202-307-0765,,,,,,,,,,,,,,,,,,,,
Date of version: 01/18/2024,,,,,,,,,,,,,,,,,,,,
,,,,,,,,,,,,,,,,,,,,
"Table 12. Time served by persons released by standard means from the Federal Bureau of Prisons, by commitment offense and demographic characteristics, FY 2022",,,,,,,,,,,,,,,,,,,,
,,,Median time served,,,,,,,,,,,,,,,,,
,,,,,,,Property ,,,,,,Public order ,,,,,,,
Demographic characteristic,,Number of persons released,All offenses,,Violent,,Fraudulent,,Other/a,,Drug,,Regulatory,,Other/b,,Weapons,,Immigration,
,Total,"26,048",39.2,mos.,55.5,mos.,28.1,mos.,25.9,mos.,52.8,mos.,25.6,mos.,65.6,mos.,42.7,mos.,15.3,mos.
Sex,,,,,,,,,,,,,,,,,,,,
,Male,"24,194",39.7,mos.,58.1,mos.,28.2,mos.,29,mos.,54.7,mos.,27.1,mos.,66.5,mos.,43.4,mos.,15.3,mos.
,Female,"1,831",28.2,,30.7,,22.2,,12,,35,,20.4,,39.2,,31.6,,12.8,
Race/ethnicity,,,,,,,,,,,,,,,,,,,,
,White/c,"5,754",48.6,mos.,53.7,mos.,28.1,mos.,25.6,mos.,53.8,mos.,25.6,mos.,68.2,mos.,40.9,mos.,15.3,mos.
,Black/c,"7,765",51.1,,81.4,,30.6,,23.3,,61.4,,27.3,,70.3,,43.9,,15.8,
,Hispanic,"11,491",28.1,,57.4,,23.9,,31.5,,51.1,,25.6,,61.2,,42.2,,15.3,
,Asian/Native Hawaiian/Other Pacific Islander/c,371,36.7,,33.4,,26.8,,12.8,,51.2,,29.4,,39.2,,43.5,,20,
,American Indian/Alaska Native/c,644,35,,38.5,,26.8,,30.9,,42.6,,22.8,,23.7,,40.7,,15.3,
Age at release,,,,,,,,,,,,,,,,,,,,
,19 or younger,54,12.8,mos.,^,,^,,^,,^,,^,,^,,^,,12.8,mos.
,20–24,"1,493",20.5,,25.2,mos.,12.7,mos.,11.9,mos.,25.6,mos.,16.1,mos.,20.8,mos.,25.6,mos.,12.8,
,25–29,"3,500",30.6,,44,,22.1,,26,,34.9,,25.5,,51.1,,32.4,,13.6,
,30–34,"4,827",36,,45.2,,30.7,,23.1,,51.1,,26,,61.3,,40.7,,14.5,
,35–39,"4,721",41,,56.6,,27.1,,35.8,,56.1,,23.9,,68.7,,50.8,,15.3,
,40–44,"4,058",45.2,,67.8,,28.3,,31.5,,64,,22.5,,74.3,,52.4,,15.3,
,45–49,"2,809",50.3,,90.2,,30.7,,31.6,,71.6,,25.6,,81.8,,62.3,,17,
,50–54,"1,939",51.2,,68,,35,,25.6,,74.2,,26.8,,81.7,,75.7,,17.8,
,55–59,"1,228",52,,81.8,,31.5,,25.5,,75.9,,30.6,,74.8,,102.23,,18.7,
,60–64,773,59.7,,78.8,,22.1,,29,,76.3,,30.6,,82.7,,102.83,,23,
,65 or older,623,63.1,,113.8,,35.4,,23,,89.1,,30.7,,66.5,,151.4,,12.8,
Citizenship,,,,,,,,,,,,,,,,,,,,
,U.S. citizen,"17,740",47.3,mos.,56.3,mos.,27.3,mos.,25.8,mos.,53.8,mos.,25.1,mos.,66.5,mos.,42.6,mos.,15.3,mos.
,Non-U.S. citizen,"8,215",25.5,,48.6,,28.2,,28.1,,51.2,,28.1,,51.1,,51.1,,15.3,
"Note: Includes persons committed by U.S. district court and released during fiscal year 2022 from the Federal Bureau of Prisons (BOP) by the most common ways persons exit prison, such as upon serving an entire sentence, serving an entire sentence with good time, and release to parole. Excludes persons sentenced to the BOP by the District of Columbia Superior Court, military prisoners transferred to BOP facilities to serve their sentence, U.S. citizen prisoners transferred to the United States from another country to serve their sentence closer to home, persons convicted of a state offense but serving time in a federal prison for their security needs, and persons released from federal prison by extraordinary means (death, commutation, or transfer). Time served is calculated as the interval between a person’s admission to and first release from BOP custody, plus any jail time served and credited. There were 23 records missing the person’s sex, 23 missing the person’s race or ethnicity, 23 missing the person’s age at release, and 93 missing the person’s citizenship status.",,,,,,,,,,,,,,,,,,,,
^Estimate is based on 10 or fewer cases.,,,,,,,,,,,,,,,,,,,,
"a/Includes burglary, larceny, motor vehicle theft, arson, transportation of stolen property, and other property offenses, such as destruction of property and trespassing.",,,,,,,,,,,,,,,,,,,,
"b/Includes nonregulatory violations concerning tax law (tax fraud), bribery, perjury, national defense, escape, racketeering and extortion, gambling, liquor, mailing or transporting obscene materials, traffic, the Migratory Bird Treaty Act, conspiracy, aiding and abetting, jurisdiction, and other offenses.",,,,,,,,,,,,,,,,,,,,
"c/Excludes persons of Hispanic origin (e.g., “white” refers to non-Hispanic white persons and “black” refers to non-Hispanic black persons). Persons self-reported race and ethnicity during the presentence interview. Information was collected for one race and one ethnicity category.",,,,,,,,,,,,,,,,,,,,
"Source: Bureau of Justice Statistics, based on data from the Federal Bureau of Prisons, SENTRY database, fiscal year 2022.",,,,,,,,,,,,,,,,,,,,
