"Bureau of Justice Statistics",,,,
"filename:  tle0002.csv",,,,
"Table 2.  Full-time community policing officers in tribally operated law enforcement agencies, by size of agency, 2000",,,,
"title: Tribal Law Enforcement, 2000, NCJ 197936",,,,
"data source:  2000 Census of State and Local Law Enforcement Agencies",,,,
"author:  Matthew J. Hickman",,,,
"refer questions to: askbjs@ojp.usdoj.gov (202)307-0765",,,,
"date of version: 1/21/03",,,,
,,,,
"Table 2.  Full-time community policing officers in tribally operated law enforcement agencies, by size of agency, 2000",,,,
,,,,
"Full-time sworn personnel","Percent of agencies using",,"Total number of officers","Average number of full-time sworn /a"
,,,,
"All sizes",73,"%",714,6
,,,,
"50 or more",57,"%",83,21
"25 to 49",92,,110,9
"10 to 24",72,,289,8
"5 to 9",74,,159,4
"Under 5",69,,73,2
,,,,
"a/ Excludes agencies that did not employ any full-time community policing officers.",,,,
