Bureau of Justice Statistics,,,,,,
Filename: jvo0320.csv,,,,,,
"Table 20. Intimate partner violence, by age of victim, 1993-2003",,,,,,
"Report title: Juvenile Victimization and Offending, 1993-2003  NCJ 209468",,,,,,
Data source: National Crime Victimization Survey,,,,,,
"Author: Katrina Baum, Ph.D.",,,,,,
Refer questions to: askbjs@usdoj.gov  202-307-0765,,,,,,
Date of version: 8/01/2005,,,,,,

"Table 20. Intimate partner violence, by age of victim, 1993-2003",,,,,,

,Average annual percent of violent crime by an intimate partner of the victim,,,,,
Victim's age and gender,Yes,,No,,Unknown,
Male,,,,,,
 12-14,0.4,%*,94.8,%,4.8,%
15-17,0.6,*,94.4,,5.1,
Female,,,,,,
 12-14,2.3,%,93.6,%,4.1,%
15-17,9.1,,87.7,,3.2,
*Based on 10 or fewer sample cases.,,,,,,
