Bureau of Justice Statistics,,,,
Filename: jvo03tt5.csv,,,,
Text table 5.  Was the offender using drugs or alcohol?,,,,
"Report title: Juvenile Victimization and Offending, 1993-2003  NCJ 209468",,,,
Data source: National Crime Victimization Survey,,,,
"Author: Katrina Baum, Ph.D.",,,,
Refer questions to: askbjs@usdoj.gov  202-307-0765,,,,
Date of version: 8/01/2005,,,,

Text table 5.  Was the offender using drugs or alcohol?,,,,

Was the offender using drugs or alcohol?,Average annual percent of violent victimizations by a juvenile,,,
, 12-14,,15-17,
Yes,4.8,%,10.6,%
No,56.7,,46,
Unknown,38.6,,43.4,
