Bureau of Justice Statistics,,,,
Filename: jvo0318.csv,,,,
"Table 18. Who reported serious violent crime to police, by age of victim, 1993-2003",,,,
"Report title: Juvenile Victimization and Offending, 1993-2003  NCJ 209468",,,,
Data source: National Crime Victimization Survey,,,,
"Author: Katrina Baum, Ph.D.",,,,
Refer questions to: askbjs@usdoj.gov  202-307-0765,,,,
Date of version: 8/01/2005,,,,

"Table 18. Who reported serious violent crime to police, by age of victim, 1993-2003",,,,

,Average annual percent of reported serious violence,,,
Person reporting violent crime,Victims 12-14,,Victims 15-17,
Victim ,19.8,%,32,%
Household member,42.2,,24.3,
Other official,18.1,,16.4,
Other,19.8,,27.4
