Bureau of Justice Statistics,,,,
Filename: jvo0317.csv,,,,
"Table 17. Reasons for not reporting violent crime to the police, by age of victim, 1993-2003",,,,
"Report title: Juvenile Victimization and Offending, 1993-2003  NCJ 209468",,,,
Data source: National Crime Victimization Survey,,,,
"Author: Katrina Baum, Ph.D.",,,,
Refer questions to: askbjs@usdoj.gov  202-307-0765,,,,
Date of version: 8/01/2005,,,,

"Table 17. Reasons for not reporting violent crime to the police, by age of victim, 1993-2003",,,,

,Average annual percent of violent victimizations,,,
Reasons for not reporting,Victims 12-14,,Victims 15-17,
Private/personal matter,15.7,%,21.9,%
Minor crime,19.2,,21.3,
Reported to other official,30.5,,16.7,
Not clear it was a crime,2.3,,2.9
Protect offender,1.1,,2.4
Afraid/fear of reprisal,2.5,,4.3
Child offender,7.8,,3.7
Other,20.9,,26.9
