Bureau of Justice Statistics,,,
Filename: jvo03f5.csv,,,
"Figure 5. Rate of rape/sexual assault victimization per 1,000 persons",,,
"Report title: Juvenile Victimization and Offending, 1993-2003  NCJ 209468",,,
Data source: National Crime Victimization Survey,,,
"Author: Katrina Baum, Ph.D.",,,
Refer questions to: askbjs@usdoj.gov  202-307-0765,,,
Date of version: 8/01/2005,,,

"Figure 5. Rate of rape/sexual assault victimization per 1,000 persons",,,

,Ages 12-17,Ages 18-24,Ages 25+
1993,5.1,7.2,1.5
1994,3.9,5.5,1.4
1995,3,4.3,1.1
1996,3.6,3,1
1997,3.7,3.5,0.9
1998,3.8,5,0.7
1999,3.7,6.3,0.8
2000,2.3,2.5,0.8
2001,2.7,3.5,0.6
2002,2.8,3.8,0.4
2003,1,2.5,0.8
