Bureau of Justice Statistics,,,,,
Filename: jvo0325.csv,,,,,
"Table 25. Homicide rates per 100,000 for juveniles under 18, victims and offenders by race, 1993-2003",,,,,
"Report title: Juvenile Victimization and Offending, 1993-2003  NCJ 209468",,,,,
Data source: FBI Supplementary Homicide Reports,,,,,
"Author: Katrina Baum, Ph.D.",,,,,
Refer questions to: askbjs@usdoj.gov  202-307-0765,,,,,
Date of version: 8/01/2005,,,,,

"Table 25. Homicide rates per 100,000 for juveniles under 18, victims and offenders by race, 1993-2003",,,,,

,,"Homicide rate per 100,000 juveniles",,,
Race of victims under age 18,Average 1993-95,Average 2001-03,Percent change,,"Average annual rate, 1993-2003"
Victims,,,,,
White,1.5,0.6,-61.1,%,1
Black,9,2.6,-71.2,,5
Other,0.4,0.6,55.2,,0.3

Offenders,,,,,
White,2.8,1.2,-57.3,%,1.9
Black,25.5,7.4,-70.9,,14.1
Other,1,1.4,46.4,,0.8
