Bureau of Justice Statistics,,,,,
Filename: jvo03f8.csv,,,,,
"Figure 8. Time of occurrence of serious violent victimization (adjusted and unadjusted for hours of exposure), by victim and age, 1999-2003",,,,,
"Report title: Juvenile Victimization and Offending, 1993-2003  NCJ 209468",,,,,
Data source: National Crime Victimization Survey,,,,,
"Author: Katrina Baum, Ph.D.",,,,,
Refer questions to: askbjs@usdoj.gov  202-307-0765,,,,,
Date of version: 8/01/2005,,,,,

"Figure 8. Time of occurrence of serious violent victimization (adjusted and unadjusted for hours of exposure), by victim and age, 1999-2003",,,,,

Time of day,,Adjusted,,Unadjusted,
Victims 12-14,Known time,,,,
,6a-3p,22.6,%,46.1,%
,3p-6p,51,,34.7,
,6p-9p,12.3,,8.3,
,9p-12a,12.4,,8.4,
,12a-6a,1.8,,2.4,
Victims 15-17,Known time,,,,
,6a-3p,10.5,%,24.2,%
,3p-6p,31.1,,23.9,
,6p-9p,26.4,,20.3,
,9p-12a,31,,23.8,
,12a-6a,0.9,,7.8,
