Bureau of Justice Statistics,,,
Filename: jvo03f7.csv,,,
"Figure 7. Rate of violent victimization per 1,000 females",,,
"Report title: Juvenile Victimization and Offending, 1993-2003  NCJ 209468",,,
Data source: National Crime Victimization Survey,,,
"Author: Katrina Baum, Ph.D.",,,
Refer questions to: askbjs@usdoj.gov  202-307-0765,,,
Date of version: 8/01/2005,,,

"Figure 7. Rate of violent victimization per 1,000 females",,,

,Ages 12-14,Ages 15-17,Ages 18+
1993,109.8,97.4,39.3
1994,103,96.7,39.5
1995,90.6,77.5,34.1
1996,67.2,74.1,33.3
1997,70.2,84.6,29.9
1998,68.3,70.6,28.4
1999,59.3,63,24.6
2000,39.4,42.7,21.1
2001,43.7,58,20.4
2002,35.4,53.2,18.7
2003,30.6,42.6,19.2
