Bureau of Justice Statistics,,,,
Filename: jvo03f12.csv,,,,
"Figure 12. Rate of homicide offending per 100,000 persons",,,,
"Report title: Juvenile Victimization and Offending, 1993-2003  NCJ 209468",,,,
Data source: FBI Supplementary Homicide Reports,,,,
"Author: Katrina Baum, Ph.D.",,,,
Refer questions to: askbjs@usdoj.gov  202-307-0765,,,,
Date of version: 8/01/2005,,,,

"Figure 12. Rate of homicide offending per 100,000 persons",,,,

,Offenders 0-11,Offenders 12-14,Offenders 15-17,Offenders 18+
1993,0,4.7,37.9,12.1
1994,0.1,4.7,37.7,11.4
1995,0,3.9,30.3,10.5
1996,0,2.9,25.3,9.8
1997,0,2.1,21.7,9
1998,0.1,1.8,17,8.5
1999,0.1,1.6,13.6,7.7
2000,0,1.3,12.1,7.9
2001,0,1.4,11.4,7.8
2002,0,1.2,11.2,7.8
2003,0,1.3,11.2,7.7
"Note:  The omitted rates for offenders ages 1-11 ranged from 0 to 1 per 100,000.",,,,
