Bureau of Justice Statistics,,
Filename: jvo03tt4.csv,,
Text table 4.  Race of juvenile offender(s),,
"Report title: Juvenile Victimization and Offending, 1993-2003  NCJ 209468",,
Data source: National Crime Victimization Survey,,
"Author: Katrina Baum, Ph.D.",,
Refer questions to: askbjs@usdoj.gov  202-307-0765,,
Date of version: 8/01/2005,,

Text table 4.  Race of juvenile offender(s),,

Race of juvenile offender(s),Average annual percent of violent crimes committed by juvenile(s),
Total ,100,%
White,59.1,
Black,25.2,
Other,11.4,
More than 1 racial group,2.6
Unknown,1.7
