Bureau of Justice Statistics,,,,,
Filename: jvo0324.csv,,,,,
"Table 24. Homicide rates per 100,000 for juveniles under 18, victims and offenders by gender, 1993-2003",,,,,
"Report title: Juvenile Victimization and Offending, 1993-2003  NCJ 209468",,,,,
Data source: FBI Supplementary Homicide Reports,,,,,
"Author: Katrina Baum, Ph.D.",,,,,
Refer questions to: askbjs@usdoj.gov  202-307-0765,,,,,
Date of version: 8/01/2005,,,,,

"Table 24. Homicide rates per 100,000 for juveniles under 18, victims and offenders by gender, 1993-2003",,,,,

,,"Homicide rate per 100,000 juveniles",,,
Gender,1993-95,2001-03,Percent change,,"Average annual rate, 1993-2003"
Victims,,,,,
Male,4.4,1.4,-67.9,%,2.6
Female,0.9,0.3,-60.7,,0.6
Offenders,,,,,
Male,11.8,3.8,-67.7,%,6.9
Female,0.6,0.4,-36.8,,0.5
