Bureau of Justice Statistics,,,,,,
Filename: jvo0326.csv,,,,,,
"Table 26. Relationship of homicide victim to offender, by age of victim, 1993-2003",,,,,,
"Report title: Juvenile Victimization and Offending, 1993-2003  NCJ#209468",,,,,,
Data source: FBI Supplementary Homicide Reports,,,,,,
"Author: Katrina Baum, Ph.D.",,,,,,
Refer questions to: askbjs@usdoj.gov  202-307-0765,,,,,,
Date of version: 8/01/2005,,,,,,

"Table 26. Relationship of homicide victim to offender, by age of victim, 1993-2003",,,,,,

,"Average annual percent of homicides, 1993-2003, by age of victim",,,,,
Relationship,0-11,, 12-14,,15-17,
Relative or intimate,58,%,18,%,6.6,%
Other known,24.1,,38.6,,36.6,
Stranger,4.5,,14.4,,16,
Unknown,13.4,,28.9,,40.8
