﻿Bureau of Justice Statistics,,,,,,,,,,,,,,,,
Filename: fpscfsa22t10.csv,,,,,,,,,,,,,,,,
"Table 10. Recidivism risk classification of persons in federal prison, by demographic and sentence characteristics, 2021",,,,,,,,,,,,,,,,
"Report title: Federal Prisoner Statistics Collected under the First Step Act, 2022  NCJ 304953",,,,,,,,,,,,,,,,
"Data source: Bureau of Justice Statistics, National Prisoner Statistics, First Step Act Supplement, 2021",,,,,,,,,,,,,,,,
"Author: E. Ann Carson, PhD, BJS statistician",,,,,,,,,,,,,,,,
Refer questions to: askbjs@usdoj.gov 202-307-0765,,,,,,,,,,,,,,,,
Date of version: 12/6/2022,,,,,,,,,,,,,,,,
,,,,,,,,,,,,,,,,
"Table 10. Recidivism risk classification of persons in federal prison, by demographic and sentence characteristics, 2021",,,,,,,,,,,,,,,,
,,Total,,,Minimum risk,,,Low risk,,,Medium risk,,,High risk,,
Characteristic,, Number  ,Percent,, Number  ,Percent,, Number  ,Percent,, Number  ,Percent,, Number  ,Percent,
,Total persons in federal prison with risk classification/a,"142,871",100,%,"21,682",15.2,%,"44,632",31.2,%,"27,574",19.3,%,"48,983",34.3,%
Sex,,,,,,,,,,,,,,,,
,Male,"132,641",100,%,"18,774",14.2,%,"39,730",30,%,"25,870",19.5,%,"48,267",36.4,%
,Female,"10,230",100,%,"2,908",28.4,,"4,902",47.9,,"1,704",16.7,,716,7,
Race/b,,,,,,,,,,,,,,,,
,White,"82,661",100,%,"17,112",20.7,%,"29,461",35.6,%,"14,577",17.6,%,"21,511",26,%
,Black,"54,658",100,%,"3,640",6.7,,"13,366",24.5,,"11,966",21.9,,"25,686",47,
,Asian/Native Hawaiian/Other Pacific Islander,"2,002",100,%,614,30.7,,741,37,,280,14,,367,18.3,
,American Indian/Alaska Native,"3,550",100,%,316,8.9,,"1,064",30,,751,21.2,,"1,419",40,
Ethnicity,,,,,,,,,,,,,,,,
,Hispanic,"41,929",100,%,"6,996",16.7,%,"16,974",40.5,%,"8,096",19.3,%,"9,863",23.5,%
,Non-Hispanic,"100,942",100,%,"14,686",14.5,,"27,658",27.4,,"19,478",19.3,,"39,120",38.8,
Age,,,,,,,,,,,,,,,,
,24 or younger,"4,829",100,%,12,0.2,%,824,17.1,%,"1,620",33.5,%,"2,373",49.1,%
,25–34,"37,556",100,%,"1,014",2.7,,"11,079",29.5,,"7,660",20.4,,"17,803",47.4,
,35–44,"50,120",100,%,"4,120",8.2,,"15,674",31.3,,"9,896",19.7,,"20,430",40.8,
,45–54,"31,341",100,%,"7,260",23.2,,"11,252",35.9,,"5,937",18.9,,"6,892",22,
,55–64,"14,163",100,%,"6,115",43.2,,"4,582",32.4,,"2,091",14.8,,"1,375",9.7,
,65 or older,"4,862",100,%,"3,161",65,,"1,221",25.1,,370,7.6,,110,2.3,
Sentence length,,,,,,,,,,,,,,,,
,Less than 1 year,"1,573",100,%,182,11.6,%,420,26.7,%,355,22.6,%,616,39.2,%
,1–2.9 years,"12,521",100,%,"1,501",12,,"3,856",30.8,,"2,687",21.5,,"4,477",35.8,
,3–4.9 years,"13,937",100,%,"1,779",12.8,,"3,993",28.7,,"2,665",19.1,,"5,500",39.5,
,5–9.9 years,"38,162",100,%,"5,141",13.5,,"11,310",29.6,,"7,155",18.7,,"14,556",38.1,
,10–14.9 years,"32,782",100,%,"5,173",15.8,,"10,748",32.8,,"6,301",19.2,,"10,560",32.2,
,15–19.9 years,"18,126",100,%,"2,916",16.1,,"5,427",29.9,,"3,548",19.6,,"6,235",34.4,
,20–50 years,"20,301",100,%,"3,862",19,,"6,709",33,,"3,900",19.2,,"5,830",28.7,
,More than 50 years,"1,313",100,%,270,20.6,,467,35.6,,234,17.8,,342,26,
,Life,"3,857",100,%,826,21.4,,"1,603",41.6,,670,17.4,,758,19.7,
,Death,45,100,%,7,15.6,,20,44.4,,6,13.3,,12,26.7,
,Missing,254,100,%,25,9.8,,79,31.1,,53,20.9,,97,38.2,
"Note: This table responds to P.L. 115–391 Section 610, Item 26, which requested a breakdown of persons in federal prison by risk levels and demographic and sentence characteristics. Details may not sum to totals due to rounding. Recidivism risk assessment scores were assigned to persons using the Prisoner Assessment Tool Targeting Estimated Risk and Needs (PATTERN), which the Federal Bureau of Prisons (BOP) developed using an approved list of evidence-based recidivism reduction programs and productive activities. Future recidivism is defined as a return to BOP custody or rearrest within 3 years, excluding all traffic offenses except DUI/DWI. Because PATTERN scores were assigned for the first time in 2020, these data were unavailable in reports prior to 2021 in the Federal Prisoner Statistics Collected under the First Step Act series. PATTERN assessments are sex-specific, and thresholds for the risk levels differ for violent and nonviolent offenders. See the BOP website (https://www.bop.gov/inmates/fsa/pattern.jsp) for details on PATTERN. See the National Institute of Justice website for validation of the tool (https://www.ojp.gov/pdffiles1/nij/303859.pdf).",,,,,,,,,,,,,,,,
"a/Another 14,443 persons in BOP custody did not have a PATTERN risk level because they were in pretrial detention, had not been in BOP custody for a sufficient time to receive a PATTERN assessment, or had legal conditions in which PATTERN would not apply.",,,,,,,,,,,,,,,,
b/Includes both Hispanic and non-Hispanic prisoners. The BOP does not track persons of two or more or other races.,,,,,,,,,,,,,,,,
"Source: Bureau of Justice Statistics, National Prisoner Statistics, First Step Act Supplement, 2021.",,,,,,,,,,,,,,,,
