﻿Bureau of Justice Statistics,,,,,,,,,,,,,,,,
Filename: fpscfsa22t11.csv,,,,,,,,,,,,,,,,
"Table 11. Approved evidence-based recidivism reduction programs and productive activities, by facility availability and prisoner needs met, 2021",,,,,,,,,,,,,,,,
"Report title: Federal Prisoner Statistics Collected under the First Step Act, 2022  NCJ 304953",,,,,,,,,,,,,,,,
"Data source: Bureau of Prisons, First Step Act Approved Programs Guide, January 2022",,,,,,,,,,,,,,,,
"Author: E. Ann Carson, PhD, BJS statistician",,,,,,,,,,,,,,,,
Refer questions to: askbjs@usdoj.gov 202-307-0765,,,,,,,,,,,,,,,,
Date of version: 12/6/2022,,,,,,,,,,,,,,,,
,,,,,,,,,,,,,,,,
"Table 11. Approved evidence-based recidivism reduction programs and productive activities, by facility availability and prisoner needs met, 2021",,,,,,,,,,,,,,,,
,,,,Program met needs of persons in prison concerning—,,,,,,,,,,,,
Program/activity,,BOP facilities that offered program/activity,Hours of program credit,Anger/hostility,Antisocial peers,Cognitions,Dyslexia,Education,Family/parenting,Finance/poverty,Medical,Mental health,Recreation/leisure/fitness,Substance abuse,Trauma,Work
Evidence-based recidivism reduction program,,,,,,,,,,,,,,,,
,Anger Management,122,18,x,,x,,,,,,,,,,
,Assert Yourself for Female Offenders,28,8,,,x,,,x,,,,,,,
,Basic Cognitive Skills,122,24,,,x,,,,,,,,,,
,BRAVE,5,500,,x,x,,,,,,,,,,
,Bureau Literacy Program,122,240,,,,,x,,,,,,,,
,Challenge Program,12,500,x,x,x,,,,,,x,,x,,
,Cognitive Processing Therapy,122,10,,,x,,,,,,x,,,x,
,Criminal Thinking,122,27,,x,x,,,,,,,,,,
,Dialectical Behavior Therapy,122,50,,,x,,,,,,x,,,x,
,Emotional Self-Regulation,122,24,,,x,,,,,,x,,,,
,Federal Prison Industries,52,500,,,,,,,,,,,,,x
,Female Integrated Treatment*,2,500,,x,x,,,,,,x,,x,x,x
,Foundation,28,15,,,x,,x,,,,x,,,,x
,Illness Management and Recovery,122,60,,,,,,,,,x,,,,
,Life Connections Program,6,500,,,,,,x,,,,,,,
,Mental Health Step Down Program,4,500,,x,x,,,,,,x,,,,
,Money Smart for Adults,122,32,,,,,,,x,,,,,,
,Money Smart for Older Adults,122,28,,,,,,,x,,,,,,
,National Parenting from Prison Program,122,40,,,,,,x,,,,,,,
,Non-residential Drug Abuse Program   ,122,24,,,x,,,,,,,,x,,
,Occupational Education Program,122,,,,,,,,,,,,,,
,Vocational Training Programs,/,125,,,,,,,,,,,,,x
,Apprenticeship Programs,/,500,,,,,,,,,,,,,x
,Certification Programs,/,50,,,,,,,,,,,,,x
,Post-secondary Education,15,500,,,,,,,,,,,,,x
,Residential Drug Abuse Program,71,500,,x,x,,,,,,x,,x,,
,Resolve Program,31,20-90,,,x,,,,,,x,,,x,
,Seeking Safety and Seeking Strength,122,15,,x,x,,,,,,x,,x,x,
,Sex Offender Treatment Program Non-residential,9,500,,,x,,,,,,,,,,
,Sex Offender Treatment Program Residential,2,500,,x,x,,,,,,,,,,
,Skills Program,2,500,,x,x,,,,,,x,,,,
,Social Skills Training,122,60,,x,x,,,,,,x,,,,
,STAGES Program,2,500,,x,x,,,,,,x,,,x,
,Threshold Program,122,72,,,,,,x,,,,,,,
,Women's Basic Financial Literacy* ,27,18,,,,,,,x,,,,,,
,Women's Career Exploration Series*,27,32,,,,,,,,,,,,,x
Productive activities,,,,,,,,,,,,,,,,
,A Healthier Me*,27,10,,,,,,,,,,x,,,
,A Matter of Balance,122,16,,,,,,,,,,x,,,
,AARP Foundation Finances 50+,122,5,,,,,,,x,,,,,,
,Access*,27,10,,,x,,,,,,x,,,x,
,Alcoholics Anonymous Support Group,122,50,,,,,,,,,,,x,,
,Aleph Institute,122,50,,x,x,,x,,,,,,,,
,Arthritis Foundation Walk with Ease,122,6,,,,,,,,x,,x,,,
,Beyond Violence: Prevention Program for Criminal-Justice Involved Women*,27,40,x,,x,,,,,,,,,,
,Brain Health as You Age,122,5,,,,,,,,x,,x,,,
,Brief Cognitive Behavioral Therapy (CBT) for Suicidal Individuals,122,20,,,,,,,,,x,,,,
,CBT for Eating Disorders,122,20,,,,,,,,,x,,,,
,CBT for Insomnia,122,10,,,,,,,,,x,,,,
,CBT for Prison Gambling,122,20,,x,x,,,,,,,,,,
,Change Plan*,27,15,,,x,,x,,,,x,,,,x
,Circle of Strength*,27,20,,,x,,,,,,x,,,x,
,Disabilities Education Program,122,10,,x,x,,,,,x,,,,,
,Drug Education,122,15,,,,,,,,,,,x,,
,Embracing Interfaith Cooperation,122,10,,,x,,,,,,,,,,
,English as a Second Language,122,500,,,,,x,,,,,,,,x
,Federal Prison Industries Lean Basic Training,51,16,,,,,,,,,,,,,x
,Franklin Covey 7 Habits on the Inside,122,50,,,,,,x,,,,,,,
,Getting to Know Your Healthy Aging Body,122,12,,,,,,,,x,,x,,,
,Health and Wellness Throughout the Lifespan,122,3,,,,,,,,x,,x,,,
,Healthy Steps for Older Adults,122,3,,,,,,,,x,,x,,,
,Hooked on Phonics,122,500,,,,x,,,,,,,,,
,Houses of Healing,122,24,,,x,,,,,,,,,,
,K2 Awareness Program,122,5,,,,,,,,,,,x,,
,Living a Healthy Life with Chronic Conditions,122,24,,,,,,,,x,,x,,,
,Managing your Diabetes,122,12,,,,,,,,x,,,,,
,Mindfulness-Based Cognitive Therapy,122,16,,,,,,,,,x,,,,
,Narcotics Anonymous,122,50,,,,,,,,,,,x,,
,National Diabetes Prevention Program,122,16,,,,,,,,x,,x,,,
,PEER,122,10,,x,,,,,,,,,,,
,Pu’a Foundation Reentry Program,1,20,,,,,,x,,,,,,x,
,Resilience Support,122,8,,x,x,,,,,,,,,,
,Service Fit,122,16,,,,,,,,,,x,,,
,Sexual Self-Regulation,122,100,,,x,,,,,,,,,,
,Soldier On,122,15,,x,,,,,,,,,,x,
,Square One: Essentials for Women*,27,12,,,,,,,x,,x,x,,,
,Start Now,122,32,x,,x,,,,,,,,,,
,Supported Employment,122,20,,,,,x,,,,x,,,,x
,Talking with Your Doctor: Guide for Older Adults,122,5,,,,,,,,x,,x,,,
,Trauma Education,122,8,,,,,,,,,x,,,x,
,Ultra Key 6: The Ultimate Keyboarding Tutor,122,20,,,,,x,,,,,,,,x
,Understanding Your Feelings: Shame and Low Self Esteem*,27,7,,,x,,,,,,x,,,x,
,Victim Impact: Listen and Learn,122,26,,,x,,,,,,,,,,
,Wellness Recovery Action Plan,122,20,,,,,,,,,x,,,,
,Women in the 21st Century Workplace*,27,10,,,,,x,,,,,,,,x
,Women’s Aging: Aging Well*,27,10,,,,,,,,x,,x,,,
,Women’s Relationships*,27,5,,x,x,,,x,,,,,,,
,Women’s Relationships II*,27,74,,x,x,,,x,,,,,,x,
,Women’s Reflections Group,27,36,,x,x,,,,,,,,,,
"Note: This table responds to P.L. 115–391 Section 610, Item 23, which requested the capacity of each approved evidence-based recidivism reduction program (EBRR) and productive activity (PA) available to persons held in Federal Bureau of Prisons (BOP) facilities. Includes EBRRs and PAs that the BOP accepted to yield First Step Act good time credits. Includes 122 facilities operated by the BOP during 2021. Excludes privately operated federal correctional facilities. Program availability does not imply program participation. Details on each program can be found in the First Step Act Approved Programs Guide (https://www.bop.gov/inmates/fsa/docs/fsa_program_guide_2201.pdf).",,,,,,,,,,,,,,,,
"*Offered in facilities that housed only females. In 2021, the BOP operated 27 such facilities.",,,,,,,,,,,,,,,,
/Not reported.,,,,,,,,,,,,,,,,
"Source: Bureau of Prisons, First Step Act Approved Programs Guide, January 2022.",,,,,,,,,,,,,,,,
