﻿Bureau of Justice Statistics,,,,,,,,,,,,,
Filename: fpscfsa22t01.csv,,,,,,,,,,,,,
"Table 1. Selected characteristics of federal prisoners, 2018–2021",,,,,,,,,,,,,
"Report title: Federal Prisoner Statistics Collected under the First Step Act, 2022  NCJ 304953",,,,,,,,,,,,,
"Data source: Bureau of Justice Statistics, National Prisoner Statistics, First Step Act Supplement, 2018–2021; National Prisoner Statistics Summary of Sentenced Population Movement, 2018–2021; and Survey of Prison Inmates, 2016",,,,,,,,,,,,,
"Author: E. Ann Carson, PhD, BJS statistician",,,,,,,,,,,,,
Refer questions to: askbjs@usdoj.gov 202-307-0765,,,,,,,,,,,,,
Date of version: 12/6/2022,,,,,,,,,,,,,
,,,,,,,,,,,,,
"Table 1. Selected characteristics of federal prisoners, 2018–2021",,,,,,,,,,,,,
,,2018,,,2019,,,2020,,,2021,,
Characteristic (FSA item),,Number,Percent,,Number,Percent,,Number,Percent,,Number,Percent,
Veteran status,,"179,213",100,%,"174,391",100,%,"151,283",100,%,"156,542",100,%
,Veteran (Item 1)/a,"10,732",6,,"10,252",5.9,,"9,199",6.1,,"8,764",5.6,
,Nonveteran,"168,481",94,,"164,139",94.1,,"142,084",93.9,,"147,778",94.4,
"Minor children/b,c",,"179,213",100,%,"174,391",100,%,"151,283",100,%,"156,542",100,%
,Had minor children (Item 7),"80,559",45,,"85,949",49.3,,"78,344",51.8,,"77,404",49.4,
,Did not have minor children,"98,614",55,,"88,442",50.7,,"72,939",48.2,,"79,138",50.6,
Marital status (Item 8)/d,,"179,213",100,%,"174,391",100,%,"151,283",100,%,"156,542",100,%
,Never married,"95,200",53.1,,"92,600",53.1,,"80,300",53.1,,"83,100",53.1,
,Married,"38,400",21.4,,"37,300",21.4,,"32,400",21.4,,"33,500",21.4,
,Divorced,"32,400",18.1,,"31,600",18.1,,"27,400",18.1,,"28,300",18.1,
,Separated,"10,000",5.6,,"9,800",5.6,,"8,500",5.6,,"8,800",5.6,
,Widowed,"3,200",1.8,,"3,100",1.8,,"2,700",1.8,,"2,800",1.8,
"Citizenship status/c,e",,"179,213",100,%,"174,391",100,%,"151,283",100,%,"156,542",100,%
,U.S. citizen,"145,756",81.3,,"142,933",82,,"127,274",84.1,,"132,511",84.6,
,Non-U.S. citizen (Item 20),"33,457",18.7,,"31,458",18,,"24,009",15.9,,"24,031",15.4,
English-speaking status/c,,"179,213",100,%,"174,391",100,%,"151,283",100,%,"156,542",100,%
,English was first language,"155,646",86.8,,"152,469",87.4,,"134,095",88.6,,"139,693",89.2,
,English was second language (Item 11),"23,567",13.2,,"21,922",12.6,,"17,188",11.4,,"16,849",10.8,
Education status prior to BOP imprisonment/c,,"179,213",100,%,"174,391",100,%,"151,283",100,%,"156,542",100,%
,Had a high school diploma/general equivalency degree/other equivalent certificate,"127,777",71.3,,"122,975",70.5,,"108,481",71.7,,"110,560",70.6,
,Did not have a high school diploma/general equivalency degree/other equivalent certificate (Item 9),"51,436",28.7,,"51,416",29.5,,"42,802",28.3,,"45,982",29.4,
Persons who earned a GED/equivalent certificate while imprisoned (Item 10)/f,,"3,355",:,,"3,791",:,,"1,368",:,,"2,005",:,
Population in segregated housing (Item 2)/g,,,,,,,,,,,,,
,Special housing unit,"10,214",:,,"10,649",:,,"10,236",:,,"9,261",:,
,Special management unit,"1,054",:,,"1,000",:,,"1,094",:,,824,:,
,Administrative maximum,407,:,,386,:,,373,:,,348,:,
Note: The item numbers in this table refer to the numbered measures codified in P.L. 115–391 Section 610.,,,,,,,,,,,,,
:Not calculated. Percentages were not calculated because the total number of persons who were held in federal correctional facilities during the calendar year was unavailable.,,,,,,,,,,,,,
"a/Includes persons held on December 9, 2018, November 12, 2019, December 16, 2020, and December 25, 2021 in the custody of publicly or privately operated federal correctional facilities, per the Federal Bureau of Prisons (BOP). Percentages are based on all prisoners in the custody of publicly or privately operated federal correctional facilities on December 31 of each year, per the National Prisoner Statistics (NPS) program, 2021.",,,,,,,,,,,,,
b/A minor child is defined by the BOP as a person age 20 or younger who is listed as a dependent of the prisoner and may be a biological or legally adopted child or a stepchild.,,,,,,,,,,,,,
"c/Includes persons in the custody of publicly or privately operated federal correctional facilities on December 31 of each year, per the NPS. Percentages are based on all persons in the custody of publicly or privately operated federal correctional facilities on December 31 of each year.",,,,,,,,,,,,,
"d/Counts are imputed using the distribution of marital status from BJS’s 2016 Survey of Prison Inmates and are based on the total population of persons under BOP jurisdiction as of December 31 of each year, per the BOP.",,,,,,,,,,,,,
e/The BOP does not have data on immigration status. Citizenship data are collected by the BOP and subject to verification by U.S. Immigration and Customs Enforcement.,,,,,,,,,,,,,
f/Includes all persons in the custody of publicly or privately operated federal correctional facilities who earned a GED or equivalent certificate during the year. Percentages were not calculated because the total number of persons who were held in federal correctional facilities during the calendar year was not available.,,,,,,,,,,,,,
g/Includes persons held in segregated housing units at any time during the year. Some persons may be counted more than once if they were held in segregated housing at multiple times or in different housing units during the year. Excludes persons held in community-based or privately operated federal correctional facilities. See Terms and definitions.,,,,,,,,,,,,,
"Source: Bureau of Justice Statistics, National Prisoner Statistics, First Step Act Supplement, 2018–2021; National Prisoner Statistics Summary of Sentenced Population Movement, 2018–2021; and Survey of Prison Inmates, 2016.",,,,,,,,,,,,,
