Bureau of Justice Statistics,,,,
Filename: cv07f05.csv,,,,
Figure 5. Transition from PAPI to CAPI in 2006 affected the victimization rate reported for property crime,,,,
"Report title: Criminal Victimization, 2007 NCJ 224390",,,,
Data source: National Crime Victimization Survey,,,,
"Author:  Michael R. Rand, BJS Statistician",,,,
Refer questions to:  askbjs@usdoj.gov (202) 307-0765,,,,
Date of version:  12/17/2008,,,,

Figure 5. Transition from PAPI to CAPI in 2006 affected the victimization rate reported for property crime,,,,
,"Crime rate per 1,000 households",,,
,CAPI,CATI,PAPI,Overall
2004-1st,,186.975,142.328,165.813
2004-2nd,,172.456,140.861,156.479
2005-1st,,169.533,139.095,153.191
2005-2nd,,179.495,138.089,155.261
2006-1st,,172.185,143.835,151.429
2006-2nd,172.507,163.664,,169.519
2007-1st,153.437,151.551,,152.951
2007-2nd,140.115,,,140.115
Calendar years shown in 6-month intervals January-June (1st) and July-December (2nd),,,,
