Bureau of Justice Statistics,,,,,,,,
Filename: cv07t01.csv,,,,,,,,
"Table 1. Criminal victimization, numbers, rates, and percent change, by type of crime, 2005 and 2007",,,,,,,,
"Report title:  Criminal Victimization, 2007 NCJ 224390",,,,,,,,
Data source: National Crime Victimization Survey,,,,,,,,
"Author: Michael R. Rand, BJS Statistician",,,,,,,,
Refer questions to: askbjs@usdoj.gov or (202) 307-0765,,,,,,,,
Date of version: 12/17/2008,,,,,,,,

"Table 1. Criminal victimization, numbers, rates, and percent change, by type of crime, 2005 and 2007",,,,,,,,
,,,Number of victimizations,,Rates/a,,Percent change 2005-2007/c,
Type of crime,,,2005/b,2007,2005/b,2007,,
,All crimes ,,"23,452,100","22,879,700",~,~,,
Violent crimes/d,,,"5,162,400","5,177,100",21.1,20.7,-1.9,%
,Rape/sexual assault,,"190,600","248,300",0.8,1,25,
,Robbery,,"630,100","597,300",2.6,2.4,-7.7,
,Assault,,"4,341,600","4,331,500",17.8,17.3,-2.8,
,,Aggravated ,"1,046,500","858,900",4.3,3.4,-20.9,*
,,Simple ,"3,295,200","3,472,600",13.5,13.9,3,
Personal theft/e,,,"229,500","194,100",0.9,0.8,-11.1,%
Property crimes,,,"18,060,200","17,508,500",154.2,146.5,-5,%**
,Household burglary,,"3,464,500","3,215,100",29.6,26.9,-9.1,**
,Motor vehicle theft,,"981,900","979,600",8.4,8.2,-2.4,
,Theft,,"13,613,800","13,313,800",116.3,111.4,-4.2,
"Note: Detail may not add to total because of rounding. Total population age 12 or older was 244,505,300 in 2005 and 250,344,870 in 2007. Total number of households was 117,099,820 in 2005 and 119,503,530 in 2007. Estimates for 2006 were not presented because they are not comparable to other years.",,,,,,,,
~Not applicable.,,,,,,,,
*Difference is significant at the 95%-confidence level.,,,,,,,,
**Difference is significant at the 90%-confidence level.,,,,,,,,
a/Estimates for 2005 have been updated and do not match those presented in previous editions of this bulletin.,,,,,,,,
"b/Victimization rates are per 1,000 persons age 12 or older or per 1,000 households.",,,,,,,,
c/Percent change calculated based on unrounded estimates.,,,,,,,,
d/Excludes murder because the NCVS is based on interviews with victims and therefore cannot measure murder.,,,,,,,,
"e/Includes pocket picking, completed purse snatching, and attempted purse snatching."
