Bureau of Justice Statistics,,,,,,
Filename: cv07t02.csv,,,,,,
"Table 2. Rates of criminal victimization and percent change, by type of crime, 1998 and 2007",,,,,,
"Report title:  Criminal Victimization, 2007 NCJ 224390",,,,,,
Data source: National Crime Victimization Survey,,,,,,
"Author: Michael R. Rand, BJS Statistician",,,,,,
Refer questions to: askbjs@usdoj.gov or (202) 307-0765,,,,,,
Date of version: 12/17/2008,,,,,,

"Table 2. Rates of criminal victimization and percent change, by type of crime, 1998 and 2007",,,,,,
,,,"Victimization rates (per 1,000 persons age 12 or older or per 1,000 households)",,,
Type of crime,,,1998,2007,Percent change 1998-2007/a,
Violent crimes/b,,,36.6,20.7,-43.4,%*
,Rape/sexual assault,,1.5,1,-33.3,*
,Robbery,,4,2.4,-40,*
,Assault,,31.1,17.3,-44.4,*
,,Aggravated ,7.5,3.4,-54.7,*
,,Simple ,23.5,13.9,-40.9,*
Personal theft/c,,,1.3,0.8,-38.5,%*
Property crimes,,,217.4,146.5,-32.6,%*
,Household burglary,,38.5,26.9,-30.1,*
,Motor vehicle theft,,10.8,8.2,-24.1,*
,Theft,,168.1,111.4,-33.7,*
"Note: In 1998 the total population age 12 or older was 221,880,960 and 250,344,870 in 2007. The total number of households in 1998 was 105,322,920 and 119,503,530 in 2007.",,,,,,
*Difference is significant at the 95%-confidence level.,,,,,,
a/Differences between the annual rates shown do not take into account changes that may have occurred during interim years.,,,,,,
b/Excludes murder because the NCVS is based on interviews with victims and therefore cannot measure murder.,,,,,,
"c/Includes pocket picking, completed purse snatching, and attempted purse snatching.",,,,,,
