Bureau of Justice Statistics,,
Filename: svrjja1318f04.csv,,
"Figure 4. Allegations and substantiated incidents of youth-on-youth sexual harassment in state juvenile systems and local and private juvenile facilities, 2013-2018",,
"Report title: Sexual Victimization Reported by Juvenile Justice Authorities, 2013-2018 NCJ 300029",,
"Data source: Bureau of Justice Statistics, Survey of Sexual Victimization, 2013-2018",,
"Authors: Laura M. Maruschak and Emily D. Buehler, Ph.D., BJS Statisticians",,
Refer questions to: askbjs@usdoj.gov 202-307-0765,,
Date of version: 6/2/2021,,
,,
"Figure 4. Allegations and substantiated incidents of youth-on-youth sexual harassment in state juvenile systems and local and private juvenile facilities, 2013-2018",,
,Number,
Year,Allegations,Substantiated incidents
2013,577,171
2014,"1,151",378
2015,"1,300",341
2016,"1,439",384
2017,"1,318",320
2018,"1,225",305
Note: See appendix table 8 for numbers and standard errors.,,
"Source: Bureau of Justice Statistics, Survey of Sexual Victimization, 2013-2018.",,
