Bureau of Justice Statistics,,,,,,,
Filename: svrjja1318at09.csv,,,,,,,
"Appendix table 9. Standard errors for table 5: Allegations of youth-on-youth sexual harassment in state juvenile systems and local and private juvenile facilities, by outcome of investigation,�2013-18",,,,,,,
"Report title: Sexual Victimization Reported by Juvenile Justice Authorities, 2013-2018 NCJ 300029",,,,,,,
"Data source: Bureau of Justice Statistics, Survey of Sexual Victimization, 2013-2018",,,,,,,
"Authors: Laura M. Maruschak and Emily D. Buehler, Ph.D., BJS Statisticians",,,,,,,
Refer questions to: askbjs@usdoj.gov 202-307-0765,,,,,,,
Date of version: 6/2/2021,,,,,,,
,,,,,,,
"Appendix Table 9. Standard errors for table 5: Allegations of youth-on-youth sexual harassment in state juvenile systems and local and private juvenile facilities, by outcome of investigation,�2013-18",,,,,,,
,,All facilities,,,Local and private juvenile facilities,,
Type of outcome,,Number,Percent by outcome,,Number,Percent by outcome,
,Total,181,~,,181,~,
Substantiated,,99,1.1,%,99,2.41,% 
Unsubstantiated,,103,1.07,,103,2.35,
Unfounded,,73,0.87,,73,1.92,
Under investigation,,7,:,,7,:,
:Not calculated.,,,,,,,
~Not applicable.,,,,,,,
"Source: Bureau of Justice Statistics, Survey of Sexual Victimization, 2013-2018.",,,,,,,
