Bureau of Justice Statistics,,
Filename: svrjja1318f01.csv,,
"Figure 1. Allegations and substantiated incidents of sexual victimization in state juvenile systems and local and private juvenile facilities, 2013-2018",,
"Report title: Sexual Victimization Reported by Juvenile Justice Authorities, 2013-2018 NCJ 300029",,
"Data source: Bureau of Justice Statistics, Survey of Sexual Victimization, 2013-2018",,
"Authors: Laura M. Maruschak and Emily D. Buehler, Ph.D., BJS Statisticians",,
Refer questions to: askbjs@usdoj.gov 202-307-0765,,
Date of version: 6/2/2021,,
,,
"Figure 1. Allegations and substantiated incidents of sexual victimization in state juvenile systems and local and private juvenile facilities, 2013-2018",,
,Number,
Year,Allegations,Substantiated incidents
2013,"1,306",223
2014,"1,862",284
2015,"1,851",301
2016,"2,301",354
2017,"2,274",279
2018,"2,467",321
Note: Excludes youth-on-youth sexual harassment. See tables 1 and 4 for numbers and appendix tables 2 and 7 for standard errors.,,
"Source: Bureau of Justice Statistics, Survey of Sexual Victimization, 2013-2018.",,
