Bureau of Justice Statistics,,,,,,,
Filename: cp13stt09.csv,,,,,,,
"Table 9. Inmates removed from under sentence of death, by region, jurisdiction, and method of removal, 2013",,,,,,,
"Report title: Capital Punishment, 2013 - Statistical Tables NCJ 248448",,,,,,,
Data source: National Prisoner Statistics (NPS-8),,,,,,,
Authors: Tracy L. Snell,,,,,,,
Refer questions to: askbjs@usdoj.gov (202) 307-0765,,,,,,,
Date of version: 11/28/14,,,,,,,
 ,,,,,,,
"Table 9. Inmates removed from under sentence of death, by region, jurisdiction, and method of removal, 2013",,,,,,,
,,,,,Appeals or higher courts overturned,,
Region and jurisdiction,,Total,Execution,Other death,Capital statute,Conviction,Sentence
U.S. total,,115,39,31,1,12,32
,Federal,2,0,1,0,0,1
,State,113,39,30,1,12,31
Northeast,,7,0,1,0,0,6
,Pennsylvania,7,0,1,0,0,6
Midwest,,11,5,3,0,0,3
,Indiana,1,0,0,0,0,1
,Missouri,3,2,1,0,0,0
,Ohio,6,3,2,0,0,1
,South Dakota,1,0,0,0,0,1
South,,77,32,15,0,11,19
,Alabama,6,1,2,0,2,1
,Arkansas,1,0,0,0,1,0
,Florida,19,7,7,0,3,2
,Georgia,7,1,0,0,0,6
,Kentucky,1,0,0,0,1,0
,Louisiana,1,0,0,0,0,1
,Mississippi,1,0,0,0,0,1
,North Carolina,2,0,1,0,0,1
,Oklahoma,9,6,0,0,3,0
,South Carolina,4,0,2,0,0,2
,Tennessee,4,0,2,0,0,2
,Texas,20,16,1,0,1,2
,Virginia,2,1,0,0,0,1
West,,18,2,11,1,1,3
,Arizona,7,2,3,1,1,0
,California,8,0,7,0,0,1
,Nevada,1,0,0,0,0,1
,Oregon,2,0,1,0,0,1
"Source: Bureau of Justice Statistics, National Prisoner Statistics Program (NPS-8), 2013.",,,,,,,
