Bureau of Justice Statistics,,,,,,
Filename: cp13stt07.csv,,,,,,
"Table 7. Hispanic or Latino prisoners under sentence of death, by region and jurisdiction, 2012 and 2013",,,,,,
"Report title: Capital Punishment, 2013 - Statistical Tables NCJ 248448",,,,,,
Data source: National Prisoner Statistics (NPS-8),,,,,,
Authors: Tracy L. Snell,,,,,,
Refer questions to: askbjs@usdoj.gov (202) 307-0765,,,,,,
Date of version: 12/01/14,,,,,,
 ,,,,,,
"Table 7. Hispanic or Latino prisoners under sentence of death, by region and jurisdiction, 2012 and 2013",,,,,,
Region and jurisdiction,,"Under sentence of death, 12/31/12","Received under sentence of death, 2013","Removed from death row (excluding executions),  2013","Executed, 2013","Under sentence of death, 12/31/13"
U.S. total,,387,15,10,3,389
,Federal,8,0,1,0,7
,State,379,15,9,3,382
Northeast,,20,0,0,0,20
,Pennsylvania,20,0,0,0,20
Midwest,,9,0,0,0,9
,Nebraska,5,0,0,0,5
,Ohio,4,0,0,0,4
South,,135,2,6,3,128
,Alabama,2,0,0,0,2
,Delaware,3,0,0,0,3
,Florida,33,1,2,0,32
,Georgia,3,0,1,0,2
,Louisiana,2,0,0,0,2
,North Carolina,4,0,0,0,4
,Oklahoma,1,0,0,0,1
,South Carolina,1,0,0,0,1
,Tennessee,1,0,0,0,1
,Texas,85,1,3,3,80
West,,215,13,3,0,225
,Arizona,25,1,0,0,26
,California,175,12,3,0,184
,Idaho,1,0,0,0,1
,Nevada,8,0,0,0,8
,Oregon,3,0,0,0,3
,Utah,3,0,0,0,3
"Note: Counts of Hispanic or Latino inmates under sentence of death at yearend 2012 have been revised from those reported in Capital Punishment, 2012 - Statistical Tables (NCJ 245789, BJS web, May 2014). Revised counts exclude 1 inmate in New Mexico who was erroneously reported as Hispanic or Latino.",,,,,,
"Source: Bureau of Justice Statistics, National Prisoner Statistics Program (NPS-8), 2013.",,,,,,
