"Bureau of Justice Statistics",,,,,,
"filename: ttv9608.csv",,,,,,
"table #: 8 Plaintiff winners with awards reduced due to contributory negligence in the Nation's 75 largest counties, 1996",,,,,,
"report title: Tort Trials and Verdicts in Large Counties, 1996, NCJ 179769",,,,,,
"data source: Civil Justice Survey of State Courts, 1996",,,,,,
"authors: Marika F.X. Litras, Sidra Lea Gifford, Carol J. DeFrances, David B. Rottman, Neil LaFountain, Brian J. Ostrom",,,,,,
"refer questions to: askbjs@ojp.usdoj.gov (202) 307-0765",,,,,,
"date of version: 08/09/00",,,,,,
,,,,,,
"Table 8.  Plaintiff winners with awards reduced due to contributory negligence in the Nation's 75 largest counties, 1996",,,,,,
,,,,,,
,"Number of","Cases with awards reduced",,,,
,"tort trials with a",,,,"Mean percent",
"Type of case","plaintiff winner","Percent",,"Number","reduction",
,,,,,,
"     All tort trials/a",4842,15.6,"%",755,43.0,"%"
,,,,,,
"Automobile",2822,13.5,"%",381,42.1,"%"
"Premises liability",871,29.0,,253,44.9,
"Asbestos",81,13.1,,11,58.1,
"Other product liability/b",82,12.1,,17,38.7,
"Intentional tort",280,3.6,,10,24.8,
"Medical malpractice",267,9.6,,26,35.9,
"Professional malpractice",79,3.8,,3,27.6,
"Slander/libel",35,"--",,"--","--",
"Other negligence",324,16.8,,54,45.7,
,,,,,,
"     Jury trials",4075,17.8,"%",727,43.3,"%"
,,,,,,
"Automobile",2501,14.5,"%",362,42.3,"%"
"Premises liability",677,36.2,,245,45.6,
"Asbestos",79,13.4,,11,58.1,
"Other product liability/b",57,30.4,,17,38.7,
"Intentional tort",197,5.1,,10,24.8,
"Medical malpractice",244,10.2,,25,35.8,
"Professional malpractice",40,7.5,,3,27.6,
"Slander/libel",26,"--",,"--","--",
"Other negligence",254,21.4,,54,45.7,
,,,,,,
"     Bench trials",707,3.0,"%",21,31.6,"%"
,,,,,,
"Automobile",294,4.0,"%",12,35.7,"%"
"Premises liability",177,4.5,,8,24.5,
"Asbestos","--","--",,"--","--",
"Other product liability/b",24,"--",,"--","--",
"Intentional tort",81,"--",,"--","--",
"Medical malpractice",20,4.9,,1,40.0,
"Professional malpractice",37,,,"--","--",
"Slander/libel",9,"--",,"--","--",
"Other negligence",66,"--",,"--","--",
,,,,,,
"Note:  Data for case type and whether awards were reduced for contributory negligence",,,,,,
"were available for 99.4% of sampled cases with a plaintiff winner and known final award amount.  ",,,,,,
"Detail may not sum to total due to rounding.",,,,,,
"-- No cases recorded in the sample.",,,,,,
"a/All tort trials include bench and jury trials, trials with a directed verdict, judgments",,,,,,
"notwithstanding the verdict, and jury trials for defaulted defendants.",,,,,,
"b/Includes breast implant tort trials, other product liability cases as described on page 3, ",,,,,,
"and product liability trials with unknown product type.",,,,,,
