"Bureau of Justice Statistics",,,,,,,,
"filename: ttv96b3.csv",,,,,,,,
"table #: Box 3 Tort jury trials in 1992",,,,,,,,
"report title: Tort Trials and Verdicts in Large Counties, 1996, NCJ 179769",,,,,,,,
"data source: Civil Justice Survey of State Courts, 1996",,,,,,,,
"authors: Marika F.X. Litras, Sidra Lea Gifford, Carol J. DeFrances, David B. Rottman, Neil LaFountain, Brian J. Ostrom",,,,,,,,
"refer questions to: askbjs@ojp.usdoj.gov (202) 307-0765",,,,,,,,
"date of version: 08/09/00",,,,,,,,
,,,,,,,,
"Box 3. Tort jury trials in 1992",,,,,,,,
,,,,,,,,
,"Number of",,,,,,,
,"jury trials for","Percent",,,"Final awards to plaintiff winners",,,
,"which the win-","plaintiff",,,"Number ","Median ","Percent over",
"Case type ","ner was known","winners/a",,,"of cases","(in thousands)","$1 million",
,,,,,,,,
"     All jury tort trials",9377,50.3,"%",,4574,$57,8.3,"%"
,,,,,,,,
"Automobile",3880,60.4,"%",,2280,$33,4.4,"%"
"Premises liability",1944,44.5,,,841,65,6.1,
"Product liability/b",637,55.7,,,342,124,15.6,
"Intentional tort",435,46.6,,,195,58,6.6,
"Medical malpractice",1354,30.5,,,403,225,24.8,
"Professional malpractice",176,53.4,,,92,174,16.7,
"Slander/libel",66,41.6,,,27,28,13.9,
"Other negligence",885,46.9,,,393,72,11.1,
,,,,,,,,
"Note: The number of trials excludes cases with a directed verdict and cases in which the trial winner was not known.",,,,,,,,
"Data on jury trial winners and final award amounts were available for 96.6% of sampled jury tort trials.  ",,,,,,,,
"The 1992 final award amounts are adjusted for inflation and presented in 1996 dollars.  ",,,,,,,,
"Final award amounts include both compensatory and punitive damages.  ",,,,,,,,
"In this study, cases are classified by the primary case type, though many cases have multiple claims (contract and tort).  ",,,,,,,,
"Under laws in almost all States, only tort claims qualify for punitive damages.  If a contract or",,,,,,,,
"real property case involved punitive damages, it involved a related tort claim.",,,,,,,,
"For additional information, see Tort Cases in Large Counties, 1992 (NCJ 153177).",,,,,,,,
"a/Excludes cases with a directed verdict, cases in which the plaintiff and defendant ",,,,,,,,
"won damages and cases in which the plaintiff won the liability trial.",,,,,,,,
"b/Includes asbestos, breast implant, and other product liability trials.",,,,,,,,
"Data source:  Civil Justice Survey of State Courts, 1992 (ICPSR 6587).  Data can be obtained ",,,,,,,,
"from the National Archive of Criminal Justice Data (NACJD): http://www.icpsr.umich.edu/NACJD/home.html",,,,,,,,
