"Bureau of Justice Statistics",
"filename: ttv96hi.csv",
"table #: Highlights Median final award amounts (compensatory and punitive) to plaintiff ",
"winners in tort trial cases in the Nation's 75 largest counties, 1996",
"report title: Tort Trials and Verdicts in Large Counties, 1996, NCJ 179769",
"data source: Civil Justice Survey of State Courts, 1996",
"authors: Marika F.X. Litras, Sidra Lea Gifford, Carol J. DeFrances, David B. Rottman, Neil LaFountain, Brian J. Ostrom",
"refer questions to: askbjs@ojp.usdoj.gov (202) 307-0765",
"date of version: 06/19/00",
,
"Highlights.  Median final award amounts (compensatory and punitive) to plaintiff ",
"winners in tort trial cases in the Nation's 75 largest counties, 1996",
,
,"Median final"
"Case type","award"
,
"Asbestos",$308755
"Medical malpractice",285576
"Other product liability",176787
"Professional malpractice",85525
"Other negligence",76363
"Premises liability",57340
"Intentional tort",32000
"All tort cases",30500
"Slander/libel",21759
"Automobile",17931
