Bureau of Justice Statistics,,,,
Filename: sco8704t05.csv,,,,
"Table 5. Trial court budgets funded entirely by state government, 1987 and 2004",,,,
"Report Title: State Court Organization, 1987-2004",,,,
"Data Source: State Court Organization -1987, 1993, 1998, 2004",,,,
Refer questions to: askbjs@usdoj.gov 202-307-0765,,,,
"Author: Lynn Langton, Thomas H. Cohen",,,,
Date of version. 10/31/07,,,,

"Table 5. Trial court budgets funded entirely by state government, 1987 and 2004",,,,

,Number of states providing full state funding,,,
Trial court expenses ,In all general jurisidiction courts,,In all limited jurisidiction courts,
,1987,2004/a,1987/b,2004/c
Judicial salaries,43,44,10,13
Court reporters,31,34,8,11
Capital equipment,21,20,8,11
Building/ property expenses,7,9,4,9
General operating expenses,15,22,7,10
Note: Includes trial courts in all 50 states for which data were available. ,,,,
"a/Two states were missing funding data for the categories of capital equipment, building/ property, and general operating expenses.  One states either did not have court reporters or could not provide data on the funding of court reporters.",,,,
b/States without limited jurisdiction trial courts are not included.  An additional ten states either did not have court reporters or could not provide information on the funding of court reporters.,,,,
c/States without limited jurisdiction trial courts are not included. An additional two states either did not have court reporters or could not provide data on the funding of court reporters.  One state did not provide information on capital equipment or building/property expenses,,,,
