Bureau of Justice Statistics,,,,
Filename: sco8704f1.csv,,,,
"Figure 1. Percent change in total number of judges, 1987-2004.",,,,
"Report Title: State Court Organization, 1987-2004",,,,
"Data Source: State Court Organization -1987, 1993, 1998, 2004",,,,
Refer questions to: askbjs@usdoj.gov 202-307-0765,,,,
"Author: Lynn Langton, Thomas H. Cohen",,,,
Date of version. 10/31/07,,,,

"Figure 1: Percent change in total number of judges, 1987-2004.",,,,

State,Percent change in number of judges from 1987-2004,,Percent change in total number of judges,

Alabama,,,21,%
Alaska,,,15,
Arizona,,,9,
Arkansas,,,-4
California,,,12
Colorado,,,8
Connecticut,,,17
Delaware,,,12
Florida,,,37
Georgia,,,138
Hawaii,,,29
Idaho,,,17
Illinois,,,11
Indiana,,,7
Iowa,,,6
Kansas,,,-7
Kentucky,,,10
Louisiana,,,-1
Maine,,,13
Maryland,,,17
Massachusetts,,,33
Michigan,,,7
Minnesota,,,23
Mississippi,,,3
Missouri,,,7
Montana,,,1
Nebraska,,,17
Nevada,,,33
New Hampshire,,,-14
New Jersey,,,6
New Mexico,,,13
New York,,,3
North Carolina,,,49
North Dakota,,,-38
Ohio,,,8
Oklahoma,,,4
Oregon,,,27
Pennsylvania,,,19
Rhode Island,,,51
South Carolina,,,13
South Dakota,,,8
Tennessee,,,3
Texas,,,5
Utah,,,-8
Vermont,,,20
Virginia,,,32
Washington,,,17
West Virginia,,,12
Wisconsin,,,17
Wyoming,,,2
