Bureau of Justice Statistics,,,,
Filename: sco8704t07.csv,,,,
"Table 7: Methods of state judicial selection to fill initial term positions, 1987-2004.",,,,
"Report Title: State Court Organization, 1987-2004",,,,
"Data Source: State Court Organization -1987, 1993, 1998, 2004",,,,
Refer questions to: askbjs@usdoj.gov 202-307-0765,,,,
"Author: Lynn Langton, Thomas H. Cohen",,,,
Date of version. 10/31/07,,,,

"Table 7: Methods of state judicial selection to fill initial term positions, 1987-2004.",,,,

,,Number of states using-,,
Type of judge,,Appointment/a,Partisan election,Nonpartisan election
Appellate judges,,,,
,1987/b,27,9,14
,1993/b,27,10,13
,1998,28,8,14
,2004,28,7,15
General jurisdiction trial court judges/c,,,,
,1987,20,12,18
,1993,20,12,18
,1998,20,12,18
,2004,20,11,19
Note: Data collected from all 50 states. ,,,,
"a/Includes judicial nominating committee, gubernatorial, legislative, and court appointment.",,,,
"b/Until Tennessee began appointing all appellate judges in 1994, the State's Supreme Court justices were selected through partisan election, while intermediate appellate court judges were appointed to the bench.  Because the Supreme Court is the highest state appellate court, Tennessee is counted as using partisan election in 1987 and 1993. ",,,,
"c/For trial courts in Arizona, Kansas, Indiana, and Missouri, selection methods for judges were not uniform within jurisdictions.  For these states, the data reflect the selection method used for the largest proportion of judges.",,,,
