Bureau of Justice Statistics,
Filename: sco8704tt02.csv,
Text Table 2: Few states adopted unified court systems,
"Report Title: State Court Organization, 1987-2004",
"Data Source: State Court Organization -1987, 1993, 1998, 2004",
Refer questions to: askbjs@usdoj.gov 202-307-0765,
"Author: Lynn Langton, Thomas H. Cohen",
Date of version. 10/31/07,

Text Table 2: Few states adopted unified court systems,

Year,Number of states with unified court systems 
1987,4
1993,4
1998,9
2004,10
Note: Includes data for all 50 states.
