Bureau of Justice Statistics,,,
Filename: sco8704btt01.csv,,,
Box Text Table 01. Intermediate Appellate Courts established to alleviate caseload burdens on Courts of Last Resort.,,,
"Report Title: State Court Organization, 1987-2004",,,
"Data Source: State Court Organization -1987, 1993, 1998, 2004",,,
Refer questions to: askbjs@usdoj.gov 202-307-0765,,,
"Author: Lynn Langton, Thomas H. Cohen",,,
Date of version. 10/31/07,,,

Box Text Table 01. Intermediate Appellate Courts established to alleviate caseload burdens on Courts of Last Resort.,,,

Year,States with IACs,Total number of IAC judges,Median number of IAC judges per state.
1972,23,391,12
1980,34,585,12
1987,37,769,13
1993,38,857,14
1998,39,922,14
2004,39,964,15
Note: Includes data for all 50 states. Median number of judges per state does not include states which did not have an IAC.,,,
