Bureau of Justice Statistics,,,,,
Filename: sco8704t02.csv,,,,,
"Table 2. State court judges and clerks by jurisdictional level of court, 1987-2004",,,,,
"Report Title: State Court Organization, 1987-2004",,,,,
"Data Source: State Court Organization -1987, 1993, 1998, 2004",,,,,
Refer questions to: askbjs@usdoj.gov 202-307-0765,,,,,
"Author: Lynn Langton, Thomas H. Cohen",,,,,
Date of version. 10/31/07,,,,,

"Table 2. State court judges and clerks by jursidictional level of court, 1987-2004",,,,,

,,Number of court staff ,,,
Category of court,,1987,1993,1998,2004
Courts of last resort ,,,,,
,Total judges,338,340,340,340
,Total law clerks,657,744,769,837
,Average law clerks per --,,,,
,    Chief justice/a,2.1,2.2,2.4,2.6
,    Associate justice/a,1.8,2,2.1,2.3
Intermediate appellate courts,,,,,
,Total judges,769,857,922,964
,Total law clerks,"1,269","1,552","1,727","1,963"
,Average law clerks per --,,,,
,     Chief justice/b,2,2.2,2.3,2.4
,     Associate justice/c,1.6,2,2.1,2.2
Trial courts,,,,,
,Total judges/d,"23,913","24,418","25,678","26,557"
"Number of trial and appellate judges per 100,000 persons",,9.9,9.5,9.5,9.1
Note: Staffing figures include courts from all 50 states unless otherwise noted. Law clerk refers to an individual who has passed the Bar exam and works under a judge assisting with case research and analysis.  ,,,,,
"a/Data not available for Pennsylvania (1987, 1993, 1998).",,,,,
"b/Data not available for Ohio (1987) and Texas (1993, 1998).",,,,,
"c/Data not available for Ohio (1987), Texas (1993, 1998), and Oklahoma (1993,1998, 2004).",,,,,
d/Includes both general and limited jurisdiction trial court judges.
