Bureau of Justice Statistics,,,,,,
Filename: sco8704t04.csv,,,,,,
"Table 4. Trial court types and judges by jurisdictional level, 1987-2004.",,,,,,
"Report Title: State Court Organization, 1987-2004",,,,,,
"Data Source: State Court Organization -1987, 1993, 1998, 2004",,,,,,
Refer questions to: askbjs@usdoj.gov 202-307-0765,,,,,,
"Author: Lynn Langton, Thomas H. Cohen",,,,,,
Date of version. 10/31/07,,,,,,

"Table 4. Trial court types and judges by jurisdictional level, 1987-2004.",,,,,,

,,Percentage of courts or judges categorized as--,,,,
Court types and judges,,Total number,General jurisdiction,,Limited jurisdiction,
Trial court types*,,,,,,
,1987,206,33,%,67,%
,1993,210,34,,66,
,1998,204,34,,66,
,2004,194,36,,64,
Trial court judges,,,,,,
,1987,"23,913",33,%,67,%
,1993,"24,418",35,,65,
,1998,"25,678",35,,65,
,2004,"26,557",39,,61,
Note: Includes data for all 50 states.,,,,,,
"*The term ""types"" is used here to refer to the various kinds of general and limited jurisdiction courts that exist within the 50 state court systems. For example, Illinois in 2004 had one type of general jurisdiction court, called the circuit court. By contrast, in 2004 New York had two types of general jurisdiction courts (called the supreme court and the county court) and eight types of limited jurisdiction courts (called court of claims, surrogate's court, family court, district court, city court, civil court of the city of New York, criminal court of the city of New York, and town and village justice court). For detailed charts of each state's court structure, see the BJS publication State Court Organization 2004, available online at <http://www.ojp.usdoj.gov/bjs/pub/sco04.pdf>.",,,,,,
