Bureau of Justice Statistics,
Filename: sco8704tt05.csv,
Text Table 5. Increased use of judical nominating committees to select judges,
"Report Title: State Court Organization, 1987-2004",
"Data Source: State Court Organization -1987, 1993, 1998, 2004",
Refer questions to: askbjs@usdoj.gov 202-307-0765,
"Author: Lynn Langton, Thomas H. Cohen",
Date of version. 10/31/07,

Text Table 5: Increased use of judicial nominating committees to select judges,

Year,Number of states with a judicial nominating committee
1987,33
1993,33
1998,34
2004,36
Note: Data collected from all 50 states.
