Bureau of Justice Statistics,
Filename: sco8704tt04.csv,
Text Table 4: Use of active sentencing commissions fluctuated,
"Report Title: State Court Organization, 1987-2004",
"Data Source: State Court Organization -1987, 1993, 1998, 2004",
Refer questions to: askbjs@usdoj.gov 202-307-0765,
"Author: Lynn Langton, Thomas H. Cohen",
Date of version. 10/31/07,

Text Table 4: Use of active sentencing commissions fluctuated,

Year,Number of states with active sentencing commission
1987,15
1993,25
1998,17
2004,23
Note: Includes data for all 50 states.
