Bureau of Justice Statistics,,,,,,,,,,,,,,,,,,,,,,,,,,,
Filename: fpscufsa24t08.csv,,,,,,,,,,,,,,,,,,,,,,,,,,,
"Table 8. Volunteer levels in Federal Bureau of Prisons facilities, by location, December 31, 2023",,,,,,,,,,,,,,,,,,,,,,,,,,,
"Report title: Federal Prisoner Statistics Collected Under the First Step Act, 2024   NCJ 309537",,,,,,,,,,,,,,,,,,,,,,,,,,,
"Data Source: Bureau of Justice Statistics, National Prisoner Statistics, First Step Act Supplement, 2023",,,,,,,,,,,,,,,,,,,,,,,,,,,
"Author: Derek Mueller, PhD, BJS Statistician",,,,,,,,,,,,,,,,,,,,,,,,,,,
Refer questions to: askbjs@usdoj.gov 202-307-0765,,,,,,,,,,,,,,,,,,,,,,,,,,,
Date of version: 12/11/24,,,,,,,,,,,,,,,,,,,,,,,,,,,
,,,,,,,,,,,,,,,,,,,,,,,,,,,
"Table 8. Volunteer levels in Federal Bureau of Prisons facilities, by location, December 31, 2023",,,,,,,,,,,,,,,,,,,,,,,,,,,
Locations,,Any level,Level I/a,Level II/b,,,,,,,,,,,,,,,,,,,,,,,
,Total volunteers,"4,884","1,089","3,795",,,,,,,,,,,,,,,,,,,,,,,
Alderson,,36,11,25,,,,,,,,,,,,,,,,,,,,,,,
Aliceville,,82,23,59,,,,,,,,,,,,,,,,,,,,,,,
Allenwood/c,,151,45,106,,,,,,,,,,,,,,,,,,,,,,,
Ashland,,38,0,38,,,,,,,,,,,,,,,,,,,,,,,
Atlanta,,28,3,25,,,,,,,,,,,,,,,,,,,,,,,
Atwater,,31,0,31,,,,,,,,,,,,,,,,,,,,,,,
Bastrop,,26,0,26,,,,,,,,,,,,,,,,,,,,,,,
Beaumont/c,,76,23,53,,,,,,,,,,,,,,,,,,,,,,,
Beckley,,19,7,12,,,,,,,,,,,,,,,,,,,,,,,
Bennettsville,,14,0,14,,,,,,,,,,,,,,,,,,,,,,,
Berlin,,16,0,16,,,,,,,,,,,,,,,,,,,,,,,
Big Sandy,,25,2,23,,,,,,,,,,,,,,,,,,,,,,,
Big Spring,,9,0,9,,,,,,,,,,,,,,,,,,,,,,,
Brooklyn,,84,44,40,,,,,,,,,,,,,,,,,,,,,,,
Bryan,,19,0,19,,,,,,,,,,,,,,,,,,,,,,,
Butner/c,,114,7,107,,,,,,,,,,,,,,,,,,,,,,,
Canaan,,6,0,6,,,,,,,,,,,,,,,,,,,,,,,
Carswell,,84,0,84,,,,,,,,,,,,,,,,,,,,,,,
Chicago,,16,1,15,,,,,,,,,,,,,,,,,,,,,,,
Coleman/c,,67,16,51,,,,,,,,,,,,,,,,,,,,,,,
Cumberland,,28,5,23,,,,,,,,,,,,,,,,,,,,,,,
Danbury,,46,13,33,,,,,,,,,,,,,,,,,,,,,,,
Devens,,36,16,20,,,,,,,,,,,,,,,,,,,,,,,
Dublin,,79,6,73,,,,,,,,,,,,,,,,,,,,,,,
Duluth,,18,0,18,,,,,,,,,,,,,,,,,,,,,,,
Edgefield,,11,0,11,,,,,,,,,,,,,,,,,,,,,,,
El Reno,,28,1,27,,,,,,,,,,,,,,,,,,,,,,,
Elkton,,117,59,58,,,,,,,,,,,,,,,,,,,,,,,
Englewood,,49,1,48,,,,,,,,,,,,,,,,,,,,,,,
Estill,,17,0,17,,,,,,,,,,,,,,,,,,,,,,,
Fairton,,36,1,35,,,,,,,,,,,,,,,,,,,,,,,
Florence/c,,48,3,45,,,,,,,,,,,,,,,,,,,,,,,
Forrest City/c,,33,7,26,,,,,,,,,,,,,,,,,,,,,,,
Fort Dix,,146,49,97,,,,,,,,,,,,,,,,,,,,,,,
Fort Worth,,65,1,64,,,,,,,,,,,,,,,,,,,,,,,
Gilmer,,37,19,18,,,,,,,,,,,,,,,,,,,,,,,
Greenville,,35,0,35,,,,,,,,,,,,,,,,,,,,,,,
Guaynabo,,42,0,42,,,,,,,,,,,,,,,,,,,,,,,
Hazelton/c,,65,12,53,,,,,,,,,,,,,,,,,,,,,,,
Herlong,,48,5,43,,,,,,,,,,,,,,,,,,,,,,,
Honolulu,,45,7,38,,,,,,,,,,,,,,,,,,,,,,,
Houston,,13,1,12,,,,,,,,,,,,,,,,,,,,,,,
Jesup,,17,0,17,,,,,,,,,,,,,,,,,,,,,,,
La Tuna,,50,0,50,,,,,,,,,,,,,,,,,,,,,,,
Leavenworth,,10,2,8,,,,,,,,,,,,,,,,,,,,,,,
Lee,,11,3,8,,,,,,,,,,,,,,,,,,,,,,,
Lewisburg,,56,6,50,,,,,,,,,,,,,,,,,,,,,,,
Lexington,,74,8,66,,,,,,,,,,,,,,,,,,,,,,,
Lompoc/c,,158,55,103,,,,,,,,,,,,,,,,,,,,,,,
Loretto,,79,2,77,,,,,,,,,,,,,,,,,,,,,,,
Los Angeles,,83,33,50,,,,,,,,,,,,,,,,,,,,,,,
Manchester,,35,0,35,,,,,,,,,,,,,,,,,,,,,,,
Marianna,,22,8,14,,,,,,,,,,,,,,,,,,,,,,,
Marion,,59,9,50,,,,,,,,,,,,,,,,,,,,,,,
McCreary,,34,7,27,,,,,,,,,,,,,,,,,,,,,,,
McDowell,,9,2,7,,,,,,,,,,,,,,,,,,,,,,,
McKean,,23,14,9,,,,,,,,,,,,,,,,,,,,,,,
Memphis,,13,0,13,,,,,,,,,,,,,,,,,,,,,,,
Mendota,,37,14,23,,,,,,,,,,,,,,,,,,,,,,,
Miami North,,21,5,16,,,,,,,,,,,,,,,,,,,,,,,
Miami South,,33,16,17,,,,,,,,,,,,,,,,,,,,,,,
Milan,,206,105,101,,,,,,,,,,,,,,,,,,,,,,,
Montgomery,,34,15,19,,,,,,,,,,,,,,,,,,,,,,,
Morgantown,,19,2,17,,,,,,,,,,,,,,,,,,,,,,,
Oakdale/c,,19,5,14,,,,,,,,,,,,,,,,,,,,,,,
Oklahoma City,,7,0,7,,,,,,,,,,,,,,,,,,,,,,,
Otisville,,58,30,28,,,,,,,,,,,,,,,,,,,,,,,
Oxford,,10,2,8,,,,,,,,,,,,,,,,,,,,,,,
Pekin,,0,0,0,,,,,,,,,,,,,,,,,,,,,,,
Pensacola,,30,2,28,,,,,,,,,,,,,,,,,,,,,,,
Petersburg/c,,24,0,24,,,,,,,,,,,,,,,,,,,,,,,
Philadelphia,,56,7,49,,,,,,,,,,,,,,,,,,,,,,,
Phoenix,,136,14,122,,,,,,,,,,,,,,,,,,,,,,,
Pollock/c,,25,7,18,,,,,,,,,,,,,,,,,,,,,,,
Ray Brook,,42,0,42,,,,,,,,,,,,,,,,,,,,,,,
Rochester,,137,1,136,,,,,,,,,,,,,,,,,,,,,,,
Safford,,108,77,31,,,,,,,,,,,,,,,,,,,,,,,
San Diego,,25,5,20,,,,,,,,,,,,,,,,,,,,,,,
Sandstone,,92,17,75,,,,,,,,,,,,,,,,,,,,,,,
Schuylkill,,17,5,12,,,,,,,,,,,,,,,,,,,,,,,
Seagoville,,35,18,17,,,,,,,,,,,,,,,,,,,,,,,
SeaTac,,27,0,27,,,,,,,,,,,,,,,,,,,,,,,
Sheridan,,26,0,26,,,,,,,,,,,,,,,,,,,,,,,
Springfield,,27,0,27,,,,,,,,,,,,,,,,,,,,,,,
Talladega,,65,0,65,,,,,,,,,,,,,,,,,,,,,,,
Tallahassee,,81,13,68,,,,,,,,,,,,,,,,,,,,,,,
Terminal Island,,64,2,62,,,,,,,,,,,,,,,,,,,,,,,
Terre Haute/c,,86,8,78,,,,,,,,,,,,,,,,,,,,,,,
Texarkana,,14,2,12,,,,,,,,,,,,,,,,,,,,,,,
Thomson,,13,2,11,,,,,,,,,,,,,,,,,,,,,,,
Three Rivers,,33,14,19,,,,,,,,,,,,,,,,,,,,,,,
Tucson/c,,122,26,96,,,,,,,,,,,,,,,,,,,,,,,
Victorville/c,,296,128,168,,,,,,,,,,,,,,,,,,,,,,,
Waseca,,55,0,55,,,,,,,,,,,,,,,,,,,,,,,
Williamsburg,,21,3,18,,,,,,,,,,,,,,,,,,,,,,,
Yankton,,30,4,26,,,,,,,,,,,,,,,,,,,,,,,
Yazoo City/c,,37,3,34,,,,,,,,,,,,,,,,,,,,,,,
"Note: This table responds to P.L. 115�391 Section 610, Item 24. Includes volunteers in publicly operated federal correctional facilities on December 31, 2023. For calendar year 2023, data on volunteers were provided at the institution level rather than the facility level as in previous years.",,,,,,,,,,,,,,,,,,,,,,,,,,,
a/Level I volunteers are authorized to perform a service for 4 days or less per year in a Federal Bureau of Prisons (FBOP) facility or administrative office. Level I volunteers receive general training but not a badge for the facility where they volunteer.,,,,,,,,,,,,,,,,,,,,,,,,,,,
b/Level II volunteers are authorized to perform a service for 5 days or more per year in an FBOP facility or administrative office. Level II volunteers must attend volunteer or mentor training and receive a badge for the facility where they volunteer. ,,,,,,,,,,,,,,,,,,,,,,,,,,,
c/Federal Correctional Complexes that consist of multiple facilities are reported as a single institution in this table.,,,,,,,,,,,,,,,,,,,,,,,,,,,
"Source: Bureau of Justice Statistics, National Prisoner Statistics, First Step Act Supplement, 2023.",,,,,,,,,,,,,,,,,,,,,,,,,,,
,,,,,,,,,,,,,,,,,,,,,,,,,,,
,,,,,,,,,,,,,,,,,,,,,,,,,,,
,,,,,,,,,,,,,,,,,,,,,,,,,,,
,,,,,,,,,,,,,,,,,,,,,,,,,,,
,,,,,,,,,,,,,,,,,,,,,,,,,,,
,,,,,,,,,,,,,,,,,,,,,,,,,,,
,,,,,,,,,,,,,,,,,,,,,,,,,,,
,,,,,,,,,,,,,,,,,,,,,,,,,,,
,,,,,,,,,,,,,,,,,,,,,,,,,,,
,,,,,,,,,,,,,,,,,,,,,,,,,,,
,,,,,,,,,,,,,,,,,,,,,,,,,,,
,,,,,,,,,,,,,,,,,,,,,,,,,,,
,,,,,,,,,,,,,,,,,,,,,,,,,,,
,,,,,,,,,,,,,,,,,,,,,,,,,,,
,,,,,,,,,,,,,,,,,,,,,,,,,,,
,,,,,,,,,,,,,,,,,,,,,,,,,,,
,,,,,,,,,,,,,,,,,,,,,,,,,,,
,,,,,,,,,,,,,,,,,,,,,,,,,,,
,,,,,,,,,,,,,,,,,,,,,,,,,,,
,,,,,,,,,,,,,,,,,,,,,,,,,,,
,,,,,,,,,,,,,,,,,,,,,,,,,,,
,,,,,,,,,,,,,,,,,,,,,,,,,,,
,,,,,,,,,,,,,,,,,,,,,,,,,,,
,,,,,,,,,,,,,,,,,,,,,,,,,,,
,,,,,,,,,,,,,,,,,,,,,,,,,,,
,,,,,,,,,,,,,,,,,,,,,,,,,,,
,,,,,,,,,,,,,,,,,,,,,,,,,,,
,,,,,,,,,,,,,,,,,,,,,,,,,,,
