"Bureau of Justice Statistics",,,,,,,,,,,
"filename:  cpu96811.csv",,,,,,,,,,,
"table: 8.11",,,,,,,,,,,
"report title:  Correctional Populations in the United States, 1996 chapter 8 NCJ 170013",,,,,,,,,,,
"data sources:  U.S. military survey",,,,,,,,,,,
"authors:  James J. Stephan and Christopher J. Mumola",,,,,,,,,,,
"refer questions to:  askbjs@ojp.usdoj.gov (202) 307-0765",,,,,,,,,,,
"date of version:  3/26/95",,,,,,,,,,,
,,,,,,,,,,,
"Table 8.11.   Admissions to U.S. military confinement facilities, by type of admission, and branch of service",,,,,,,,,,,
"to which prisoners belonged, 1996",,,,,,,,,,,
,,,,,,,,,,,
,"Number of admissions",,,,,,"Percent of admissions",,,,
,"Air",,"Marine",,"Coast",,"Air",,"Marine",,"Coast"
"Type of admission","Force","Army","Corps","Navy","Guard",,"Force","Army","Corps","Navy","Guard"
,,,,,,,,,,,
"Total",488,1087,1570,1197,37,,100.0,100.0,100.0,100.0,100.0
,,,,,,,,,,,
"New court commitments",333,1046,1499,1049,31,,68.2,96.2,95.5,87.6,83.8
"From summary court",6,153,689,354,2,,1.2,14.1,43.9,29.6,5.4
"From special court ",54,124,697,501,12,,11.1,11.4,44.4,41.9,32.4
"From general court",273,769,113,194,17,,55.9,70.7,7.2,16.2,45.9
,,,,,,,,,,,
"Parole violators returned",14,39,4,1,1,,2.9,3.6,0.3,0.1,2.7
,,,,,,,,,,,
"Transfers from",,,,,,,,,,,
"other military confinement",141,1,66,147,5,,28.9,0.1,4.2,12.3,13.5
,,,,,,,,,,,
"Escapees returned",0,1,1,0,0,,0.0,0.1,0.1,0.0,0.0
,,,,,,,,,,,
"Note:  Detail may not add to total because of rounding.",,,,,,,,,,,
"*  Excludes prisoners held in Air Force confinement facilities.",,,,,,,,,,,
