"Bureau of Justice Statistics",,,,,,,,,,,,
"filename:  cpu96807.csv",,,,,,,,,,,,
"table: 8.7",,,,,,,,,,,,
"report title:  Correctional Populations in the United States, 1996 chapter 8 NCJ 170013",,,,,,,,,,,,
"data sources:  U.S. military survey",,,,,,,,,,,,
"authors:  James J. Stephan and Christopher J. Mumola",,,,,,,,,,,,
"refer questions to:  askbjs@ojp.usdoj.gov (202) 307-0765",,,,,,,,,,,,
"date of version:  3/26/95",,,,,,,,,,,,
,,,,,,,,,,,,
"Table 8.7. Percent of prisoners under military jurisdiction, by most serious offense, by officer or enlisted status,",,,,,,,,,,,,
"and branch of service, December 31, 1996",,,,,,,,,,,,
,,,,,,,,,,,,
,,,,,"Branch of service to which prisoners belonged /b",,,,,"Branch of service holding prisoners",,
,"All inmates /a",,,,"Air",,"Marine",,,,"Marine",
,"Total","Officers","Enlisted",,"Force"," Army","Corps","Navy",," Army","Corps","Navy "
"All offenses",100.0,100.0,100.0,,100.0,100.0,100.0,100.0,,100.0,100.0,100.0
,,,,,,,,,,,,
"Violent offenses",52.7,65.4,52.5,,59.7,56.6,38.0,52.5,,65.9,23.5,39.9
"Murder/c",10.8,7.7,10.9,,8.1,14.7,9.2,5.3,,17.3,1.1,0.4
"Negligent manslaughter",0.3,0.0,0.3,,0.2,0.3,0.4,0.6,,0.2,0.4,0.6
"Rape",16.4,13.5,16.4,,19.8,18.8,8.0,16.0,,21.9,4.4,10.8
"Other sexual assault",15.3,36.5,14.9,,25.4,12.0,8.4,21.3,,16.6,6.6,19.6
"Robbery",1.4,0.0,1.5,,0.2,1.5,3.1,0.8,,1.5,2,0.6
"Assault",8.2,7.7,8.3,,5.8,9.1,8.8,8.4,,8.3,8.8,7.6
"Other violent",0.2,0.0,0.2,,0.2,0.3,0.0,0.0,,0.2,0,0.2
,,,,,,,,,,,,
"Property offenses",18.7,21.2,18.7,,15.3,22.0,18.1,13.5,,16.5,23.2,21.2
"Burglary",2.7,0.0,2.8,,0.8,2.7,4.5,2.8,,1.5,5.5,3.8
"Larceny/theft",11.7,21.2,11.4,,9.3,16.1,8.2,5.9,,13,10.4,8.8
"Motor vehicle theft",0.1,0.0,0.1,,0.2,0.0,0.4,0.0,,0,0.4,0.2
"Arson",0.3,0.0,0.3,,0.4,0.3,0.0,0.6,,0.2,0,0.8
"Fraud",2.5,0.0,2.6,,2.9,1.9,2.7,3.4,,1.5,3.1,5.2
"Stolen property",0.9,0.0,1.0,,1.0,0.5,1.8,0.6,,0,3.1,1.8
"Other property",0.4,0.0,0.4,,0.6,0.4,0.4,0.3,,0.3,0.7,0.6
,,,,,,,,,,,,
"Drug offenses",18.4,9.6,18.6,,17.4,14.9,28.3,16.6,,11.8,35,23
"Possession",12.2,7.7,12.3,,12.0,11.2,18.1,7.9,,10.1,20.6,11
"Trafficking",6.1,1.9,6.2,,5.2,3.7,10.3,8.4,,1.7,14.4,11.6
"Other/unspecified ",0.1,0.0,0.1,,0.2,0.0,0.0,0.3,,0,0,0.4
,,,,,,,,,,,,
"Public-order offenses",1.4,0.0,1.4,,1.0,1.6,1.0,1.4,,1.4,1.3,1.2
"Weapons",0.2,0.0,0.3,,0.2,0.2,0.2,0.6,,0,0.7,0.6
"Driving while intoxicated",0.2,0.0,0.2,,0.2,0.1,0.4,0.3,,0,0.7,0.4
"Other public-order",0.9,0.0,0.9,,0.6,1.4,0.4,0.6,,1.4,0,0.2
,,,,,,,,,,,,
"Military offenses /d",8.7,3.8,8.8,,6.4,4.8,14.6,15.4,,4.4,17,14
,,,,,,,,,,,,
"Other offenses",0.1,0.0,0.1,,0.2,0.0,0.0,0.6,,0,0,0.6
,,,,,,,,,,,,
"Number of prisoners",2437,52,2385,,484,1097,487,356,,1486,452,499
,,,,,,,,,,,,
"Note:  Detail may not add to total because of rounding.",,,,,,,,,,,,
"a/Counts include both pre- and post-trial prisoners held by the Army, but only post-trial prisoners held by the Navy and Marine Corps.",,,,,,,,,,,,
"Prisoners held in Air Force confinement facilities are excluded.",,,,,,,,,,,,
"b/Excludes 13 prisoners held for the Coast Guard.",,,,,,,,,,,,
"c/Includes nonnegligent manslaughter.",,,,,,,,,,,,
"d/Includes desertion, AWOL, disrespect, insubordination, failure to obey, false offense statement, conduct unbecoming an officer,",,,,,,,,,,,,
"and other infractions.",,,,,,,,,,,,
