"Bureau of Justice Statistics",,,,,,,
"filename:  cpu96810.csv",,,,,,,
"table: 8.10",,,,,,,
"report title:  Correctional Populations in the United States, 1996 chapter 8 NCJ 170013",,,,,,,
"data sources:  U.S. military survey",,,,,,,
"authors:  James J. Stephan and Christopher J. Mumola",,,,,,,
"refer questions to:  askbjs@ojp.usdoj.gov (202) 307-0765",,,,,,,
"date of version:  3/26/95",,,,,,,
,,,,,,,
"Table 8.10.   Percent of admissions to U.S. military confinement facilities, by type of admission,",,,,,,,
"officer or enlisted status, and branch of service holding prisoners, 1996",,,,,,,
,,,,,,,
,"Percent of admissions",,,,,,
," All inmates *",,,,,"Marine",
"Type of admission","Total","Officers","Enlisted",,"Army","Corps","Navy"
,,,,,,,
"Total",100.0,100.0,100.0,,100.0,100.0,100.0
,,,,,,,
"New court commitments",90.4,51.5,91.0,,77.1,96.8,92.6
"From summary court",27.5,0.0,27.9,,7.3,37.8,30.4
"From special court ",31.7,0.0,32.2,,8.7,45.8,32.9
"From general court",31.2,51.5,30.9,,61.1,13.2,29.4
,,,,,,,
"Parole violators returned",1.3,0.0,1.4,,5.0,0.3,0.2
,,,,,,,
"Transfers from",,,,,,,
"other military confinement",8.2,48.5,7.6,,18.0,2.9,7.2
,,,,,,,
"Escapees returned",0.0,0.0,0.0,,0.0,0.1,0.1
,,,,,,,
"Number of admissions",4379,68,4311,,1046,1559,1774
,,,,,,,
"Note:  Detail may not add to total because of rounding.",,,,,,,
"*  Excludes prisoners held in Air Force confinement facilities.",,,,,,,
