"Bureau of Justice Statistics",,,,,,,,,,,,,
"filename:  cpu9686.csv",,,,,,,,,,,,,
"table: 8.6",,,,,,,,,,,,,
"report title:  Correctional Populations in the United States, 1996 chapter 8 NCJ 170013",,,,,,,,,,,,,
"data sources:  U.S. military survey",,,,,,,,,,,,,
"authors:  James J. Stephan and Christopher J. Mumola",,,,,,,,,,,,,
"refer questions to:  askbjs@ojp.usdoj.gov (202) 307-0765",,,,,,,,,,,,,
"date of version:  3/26/95",,,,,,,,,,,,,
,,,,,,,,,,,,,
"Table 8.6.   Number of prisoners under military jurisdiction, by most serious offense, officer or enlisted status, ",,,,,,,,,,,,,
"and branch of service,  December 31, 1996",,,,,,,,,,,,,
,,,,,,,,,,,,,
,,,,,"Branch of service to which prisoners belonged",,,,,,"Branch of service holding prisoners",,
,"All inmates a_/",,,,"Air",,"Marine",,"Coast",,,"Marine",
,"Total","Officers","Enlisted",,"Force"," Army","Corps","Navy","Guard",," Army","Corps","Navy"
"All offenses",2437,52,2385,,484,1097,487,356,13,,1486,452,499
,,,,,,,,,,,,,
"Violent offenses",1285,34,1251,,289,621,185,187,3,,980,106,199
"Murder b_/",264,4,260,,39,161,45,19,0,,257,5,2
"Negligent manslaughter",8,0,8,,1,3,2,2,0,,3,2,3
"Rape",399,7,392,,96,206,39,57,1,,325,20,54
"Other sexual assault",374,19,355,,123,132,41,76,2,,246,30,98
"Robbery",35,0,35,,1,16,15,3,0,,23,9,3
"Assault",201,4,197,,28,100,43,30,0,,123,40,38
"Other violent",4,0,4,,1,3,0,0,0,,3,0,1
,,,,,,,,,,,,,
"Property offenses",456,11,445,,74,241,88,48,5,,245,105,106
"Burglary",67,0,67,,4,30,22,10,1,,23,25,19
"Larceny/theft",284,11,273,,45,177,40,21,1,,193,47,44
"Motor vehicle theft",3,0,3,,1,0,2,0,0,,0,2,1
"Arson",7,0,7,,2,3,0,2,0,,3,0,4
"Fraud",62,0,62,,14,21,13,12,2,,22,14,26
"Stolen property",23,0,23,,5,6,9,2,1,,0,14,9
"Other property",10,0,10,,3,4,2,1,0,,4,3,3
,,,,,,,,,,,,,
"Drug offenses",448,5,443,,84,164,138,59,3,,175,158,115
"Possession",298,4,294,,58,123,88,28,1,,150,93,55
"Trafficking",148,1,147,,25,41,50,30,2,,25,65,58
"Other/unspecified ",2,0,2,,1,0,0,1,0,,0,0,2
,,,,,,,,,,,,,
"Public-order offenses",33,0,33,,5,18,5,5,0,,21,6,6
"Weapons",6,0,6,,1,2,1,2,0,,0,3,3
"Driving while intoxicated",5,0,5,,1,1,2,1,0,,0,3,2
"Other public-order",22,0,22,,3,15,2,2,0,,21,0,1
,,,,,,,,,,,,,
"Military offenses c_/",212,2,210,,31,53,71,55,2,,65,77,70
,,,,,,,,,,,,,
"Other offenses",3,0,3,,1,0,0,2,0,,0,0,3
,,,,,,,,,,,,,
"a  Counts include both pre- and post-trial prisoners held by the Army, but only post-trial prisoners held by the Navy and Marine Corps.",,,,,,,,,,,,,
"    Prisoners held in Air Force confinement facilities are excluded.",,,,,,,,,,,,,
"b  Includes nonnegligent manslaughter.",,,,,,,,,,,,,
"c  Includes desertion, AWOL, disrespect, insubordination, failure to obey, false offense statement, conduct unbecoming an officer,",,,,,,,,,,,,,
"    and other infractions.",,,,,,,,,,,,,
