"Bureau of Justice Statistics",,,,,,,,,,
"filename: lemas00tc.csv",,,,,,,,,,
"Table C:  Summary data for State and local law enforcement agencies with 100 or more officers, by type of agency, 2000",,,,,,,,,,
"Report title: Law Enforcement Management and Administrative Statistics, 2000:  Data for Individual State and Local Agencies with 100 or More Officers  NCJ 203350",,,,,,,,,,
"data source: 2000 LEMAS survey",,,,,,,,,,
"authors:  Brian A. Reaves and Matthew J. Hickman",,,,,,,,,,
"refer questions to: askbjs@ojp.usdoj.gov (202)307-0765",,,,,,,,,,
"date of version:  3/02/04",,,,,,,,,,
,,,,,,,,,,
"Table C:  Summary data for State and local law enforcement agencies with 100 or more officers, by type of agency, 2000",,,,,,,,,,
,,,,,,,,,,
," ",,"Local law enforcement agencies",,,," ",,,
,"       Total",,"County police",,"Municipal police   ",,"      Sheriff",,"Primary State law enforcement agencies",
"Item description","     (N=755)",,"      (N=32)",,"    (N=501)",,"     (N=222)",,"  (N=49)",
,,,,,,,,,,
"PERSONNEL",,,,,,,,,,
,,,,,,,,,,
"Number of agencies by number of full-time sworn personnel",,,,,,,,,,
"     1,000 or more",59,,8,,39,,12,,17,
"     500-999",61,,4,,33,,24,,17,
"     250-499",159,,11,,88,,60,,9,
"     100-249",476,,9,,341,,126,,6,
,,,,,,,,,,
"Total number of:",,,,,,,,,,
"     Full-time employees",498530,,31945,,312201,,154384,,87028,
"     Full-time sworn personnel",346937,,24345,,239683,,82909,,56348,
"     Uniformed officers assigned to respond to calls for service",200782,,14419,,150465,,35898,,40387,
,,,,,,,,,,
"Average number of full-time employees per 10,000 residents",,,,,,,,,,
"     Total ",25,,17,,29,,17,,4,
"     Sworn ",18,,11,,22,,10,,2,
,,,,,,,,,,
"Average percent of:",,,,,,,,,,
"     Full-time employees who are sworn officers ",72,"%",78,"%",77,"%",60,,66,"%"
"     Sworn officers regularly assigned to respond to calls for service",57,,61," ",61," ",47,,72," "
,,,,,,,,,,
"Median percent change (1996-2000) in number of full-time personnel:",,,,,,,,,,
"     Total",8,"%",8,"%",6,"%",13,,6,"%"
"     Sworn",6,,11,,5,,10,,5,
"     Civilian",10,,7,,7,,18,,10,
,,,,,,,,,,
"Average percent of sworn employees by job function category",,,,,,,,,,
"     Patrol",53,"%",59,"%",59,"%",41,,69,"%"
"     Investigations",15,,18,,16,,13,,11,
"     Jail operations",6,,1,,1,,19,,0,
"     Court security",3,,"-- ",,"-- ",,8,,1,
"     Process serving",1,,"-- ",,"-- ",,4,,1,
,,,,,,,,,,
"Overall percent of sworn personnel who were:",,,,,,,,,,
"     Female",14,"%",12,"%",14,"%",14,,6,"%"
"     Any racial/ethnic minority",29,,23,,32,,22,,16,
"       Black, non-Hispanic",15,,11,,17,,10,,8,
"       Hispanic, any race",11,,8,,12,,9,,6,
"       Other minority",3,,4,,3,,2,,2,
,,,,,,,,,,
"Average percent of sworn personnel who were:",,,,,,,,,,
"     Female",11,"%",11,"%",10,"%",13,,6,"%"
"     Racial/ethnic minority",19,,23," ",20,,16,,12,
,,,,,,,,,,
"Percent of agencies using screening methods for selection of new officer recruits",,,,,,,,,,
"     Background investigation",97,"%",97,"%",98,"%",95,,98,"%"
"     Credit history check",78,,90,,79,,73,,94,
"     Criminal record check",98,,99,,97,,95,,100,
"     Driving record check",97,,94,,99,,94,,100,
"     Drug test",89,,97," ",90,,87,,76,
,,,,,,,,,,
"     Medical exam",94,"%",97,"%",96,"%",92,,98,"%"
"     Personal interview",96,,94,,97,,95,,100,
"     Personality inventory",53,,55,,58,,42,,49,
"     Physical agility test",77,,77,,85,,59,,90,
"     Polygraph exam",61,,77,,62,,55,,67,
,,,,,,,,,,
"     Psychological evaluation",91,"%",87,"%",95,"%",80,,92,"%"
"     Second language ability test",4,,3,,5,,1,,2,
"     Voice stress analyzer",10,,13,,7,,16,,2,
"     Volunteer/community service check",7,,7,,7,,7,,10,
"     Written aptitude test",76,,87,,80,,65,,92,
,,,,,,,,,,
"Percent of agencies with college requirement for new officers",,,,,,,,,,
"     4-year college degree",2,"%",6,"%",2,"%",0,,2,"%"
"     2-year college degree",8,,3,,9,,6,,12,
"     Nondegree college requirement",15,,16,,17,,8,,18,
,,,,,,,,,,
"Median number of training hours required for officers",,,,,,,,,,
"     Academy training hours for new officers",680,,896,,720,,640,,960,
"     Field training hours for new officers",480,,480,,520,,476,,480,
"     Annual in-service training hours for field/patrol officers",40,,40,,40,,37,,24,
,,,,,,,,,,
"BUDGET AND PAY",,,,,,,,,,
,,,,,,,,,,
"Median fiscal 2000 operating budget",,,,,,,,,,
"     Per employee",$62542,,$66079,,$64144,,$90237,,$73284,
"     Per sworn officer",$87917,,$90237,,$83638,,$108184,,$107968,
"     Per resident",$155,,$112,,$173,,$85,,$25,
,,,,,,,,,,
"Average base starting salary",,,,,,,,,,
"     Chief executive",$83549,,$83398,,$81984,,$87078,,$82662,
"     Sergeant or equivalent",$45683,,$44968,,$48518,,$39445,,$42679,
"     Entry-level officer",$31973,,$31090,,$33233,,$29280,,$30670,
,,,,,,,,,,
"Percent of agencies authorizing collective bargaining ",,,,,,,,,,
"     Sworn employees",63,"%",52,"%",72,"%",42,,51,"%"
"     Civilian employees",52," ",47,,60,,36,,47,
,,,,,,,,,,
"Percent of agencies authorizing special pay for officers",,,,,,,,,,
"     Educational incentive pay",61,"%",20,"%",68,"%",51,,27,"%"
"     Hazardous duty pay",27,,40,,26,,28,,41,
"     Merit pay",37,,57,,32,,47,,43,
"     Shift differential pay",44,,57,,49,,32,,53,
"     Special skills proficiency pay",36,,33,,37,,35,,33,
"     Tuition reimbursement",69,,70,,73,,59,,65,
,,,,,,,,,,
"OPERATIONS",,,,,,,,,,
,,,,,,,,,,
"Percent of agencies that deploy each type of patrol unit on a routine basis",,,,,,,,,,
"      Bicycle patrol units",81,"%",84,"%",92,"%",57,,29,"%"
"      Foot patrol units",62,,58,,74,,35,,18,
"      Horse patrol units",23,,16,,24,,21,,4,
"      Marine patrol units",30,,39,,19,,56,,18,
"      Motorcycle patrol units",69,,68,,77,,51,,51,
,,,,,,,,,,
"Percent of agencies participating in a 9-1-1 emergency system",,,,,,,,,,
"      Expanded/enhanced 9-1-1 system",93,"%",97,"%",94,"%",91,,49,"%"
"      Basic 9-1-1 system",6,,3,,6,,6,,20,
,,,,,,,,,,
"Percent of agencies regularly performing the following functions:",,,,,,,,,,
"      Dispatching calls for service",83,"%",81,"%",83,"%",82,,92,"%"
"      Search and rescue",59,,77,,43,,91,,71,
"      Special weapons and tactics (SWAT)",89,,97,,89,,88,,84,
"      Training academy operation",45,,81,,40," ",52,,92,
,,,,,,,,,,
"Percent of agencies with sworn personnel assigned full-time to:",,,,,,,,,,
"      Special unit for drug enforcement",77,"%",87,"%",79,"%",69,,71,"%"
"      Multi-agency drug enforcement task force",81,,77,,81,,83,,65,
,,,,,,,,,,
"Average number of officers assigned full-time to:",,,,,,,,,,
"      Multi-agency drug enforcement task force",5,,8,,5,,6,,52,
"      Special unit for drug enforcement",22,,27,,25,,11,,28,
,,,,,,,,,,
"Agencies with receipts from a drug asset forfeiture program",,,,,,,,,,
"      Percent of agencies with receipts during fiscal year",93,"%",100,"%",93,"%",91,,94,"%"
"      Median total value of money, goods, and property received",$92510,,$315154,,$87025,,$80000,,$553710,
"      Total value of receipts per sworn officer employed",$898,,$1417,,$802,,$1025,,$536,
,,,,,,,,,,
"Percent of agencies regularly performing court-related functions",,,,,,,,,,
"      Execute arrest warrants",97,"%",100,"%",95,"%",100,,76,"%"
"      Provide court security",49,,10,,30,,98,,12,
"      Serve civil process",41,,23,,17,,98,,8,
,,,,,,,,,,
"Percent of agencies operating detention facilities",,,,,,,,,,
"      Jail operation",50,"%",13,"%",34,"%",91,,0,"%"
"      Lockup operation",45,,55," ",52," ",27,,8,
,,,,,,,,,,
"Median capacity of lockup facilities",,,,,,,,,,
"      Adult capacity",19,,24,,16,,44,,15,
"      Juvenile capacity",4,,7,,4,,8,,0,
,,,,,,,,,,
"COMMUNITY POLICING ",,,,,,,,,,
,,,,,,,,,,
"Percent of agencies with:",,,,,,,,,,
"      Community policing plan that is formally written",55,"%",69,"%",59,"%",43,,35,"%"
"      Community policing unit with personnel assigned full-time",65,,66,,68,,57,,25,
"      Community sub-stations (fixed or mobile)",72,,81,,76,,63,,33,
,,,,,,,,,,
"Percent of agencies with full-time:",,,," ",," ",,,," "
"      Community policing officers",93,"%",94,"%",95,"%",88,,53,"%"
"      School resource officers",83," ",55," ",84," ",86,,22," "
,,,,,,,,,,
"Average percent of sworn personnel assigned full-time as:",,,,,,,,,,
"      Community policing officers",16,"%",24,"%",17,"%",12,,9,"%"
"      School resource officers",3," ",3,,3,,4,,1,
" ",,,,,,,,,,
"Percent of agencies in which all of the following received community policing training during the 3 years ending June 30, 2000:",,,,,,,,,,
"      New officer recruits",74,"%",76,"%",79,"%",61,,47,"%"
"      In-service officers",27,,31,,30,,21,,10,
"      Civilian personnel ",8,,3,,9,,5,,6,
,,,,,,,,,,
"Percent of agencies in which at least some of the following received community policing training during the 3 years ending June 30, 2000:",,,,,,,,,,
"      New officer recruits",86,"%",83,"%",90,"%",77,,57,"%"
"      In-service officers",85,,76,,87,,80,,53,
"      Civilian personnel ",40,,31," ",43,,34,,20,
,,,,,,,,,,
"Percent of agencies engaging in the following during the 12-month period ending June 30, 2000",,,,,,,,,,
"      Actively encouraged patrol officers to engage in problem-solving",58,"%",48,"%",65,"%",45,,31,"%"
"      Assigned detectives to cases based on geographic areas/beats",48,,71,,43,,54,,53,
"      Formed problem-solving partnerships through written agreements",50,,48,,52,,46,,33,
"      Gave patrol officers responsibility for specific geographic areas",88,,84,,90,,83,,53,
,,,,,,,,,,
"      Included problem-solving projects in criteria for evaluating officers",34,"%",48,"%",35,"%",28,,22,"%"
"      Trained citizens in community policing",54,,58,,57,,45,,29,
"      Conducted a citizen police academy",64,,52,,72,,47,,18,
"      Upgraded technology to support community policing",65,,55,,71,,52,,41,
,,,,,,,,,,
"Percent of agencies meeting with the following types of groups during 12-month period ending June 30, 2000",,,,,,,,,,
"      Advocacy groups",54,"%",55,"%",55,"%",52,,33,"%"
"      Business groups",69,,77,,73,,60,,43,
"      Domestic violence groups",64,,65,,62,,67,,37,
"      Local public agencies",62,,58,,62,,64,,57,
"      Neighborhood associations",89,,87,,92,,84,,43,
,,,,,,,,,,
"      Religious groups",46,"%",39,"%",48,"%",42,,20,"%"
"      School groups",79,,74," ",79,,81,,65,
"      Senior citizen groups",59,,74,,56,,63,,37,
"      Tenants' associations",45,,61,,50,,30,,14,
"      Youth service organizations",54,,45,,56,,50,,33,
,,,,,,,,,,
"Percent of agencies conducting citizen surveys during the 12-month period ending June 30, 2000, on the following topics",,,,,,,,,,
"      Perceptions of crime/disorder problems",39,"%",42,"%",41,"%",31,,18,"%"
"      Personal crime experiences",25,,29,,26,,24,,14,
"      Satisfaction with police services",47,,52,,49,,42,,35,
"      Reporting of crimes to law enforcement",23,,29,,23,,22,,10,
,,,,,,,,,,
"Percent of agencies using survey data for the following purposes:",,,,,,,,,,
"      Allocating resource to targeted neighborhoods",30,"%",23,"%",31,"%",28,,14,"%"
"      Evaluating program effectiveness",44,,61,,45," ",40,,31,
"      Formulating agency policy and procedures",28,,42,,29," ",25,,22,
"      Prioritizing crime/disorder problems",31,,42,,31,,29,,20,
"      Providing information to patrol officers",37,,48,,35,,38,,20,
"      Redistricting beat/reporting areas",12,,19,,12,,10,,2,
"      Training development",28,,42,,29,,26,,20,
,,,,,,,,,,
"POLICIES AND PROGRAMS",,,,,,,,,,
,,,,,,,,,,
"Percent of agencies operating a special unit with full-time personnel for youth and family problems",,,,,,,,,,
"      Child abuse",47,"%",62,"%",46,"%",48,,8,"%"
"      Domestic violence",46,,48,,48,,42,,10,
"      Drug education in schools",73,,79,,71,,76,,39,
"      Gangs",46,,55,,48,,41,,18,
"      Juvenile crime",64,,62,,72,,46,,10,
"      Missing children",35,,48,,37,,27,,31,
"      Youth outreach",34,,50,,34,,33,,6,
,,,,,,,,,,
"Percent of agencies operating a special unit with full-time personnel for:",,,,,,,,,,
"      Bias-related crime",7,"%",17,"%",7,"%",5,,2,"%"
"      Community crime prevention",70,,76,,72,,64,,20,
"      Crime analysis",61,,79,,66,,49,,47,
"      Cybercrime",15,,28,,13,,19,,35,
"      Drunk drivers",28,,38,,27,,32,,35,
,,,,,,,,,,
"      Environmental crime",8,"%",17,"%",4,"%",15,,14,"%"
"      Internal affairs",79,,93,,82,,71,,84,
"      Prosecutor relations",21,,24,,24,,14,,14,
"      Repeat offenders",14,,28,,15,,12,,4,
"      Research and planning",54,,86,,58,,41,,76,
"      Victim assistance",37,,40,,31,,36,,18,
,,,,,,,,,,
"Percent of agencies with a written policy pertaining to:",,,,,,,,,,
"      Code of conduct and appearance",99,"%",100,"%",99,"%",100,,100,"%"
"      Maximum work hours allowed for officers",70,,72,,69,,74,,67,
"      Off-duty employment of officers",98,,100,,98,,100,,100,
"      Use of nonlethal force",98,,100," ",98,,97,,98,
"      Use of deadly force/firearm discharge",100,,100,,100,,100,,100,
,,,,,,,,,,
"Percent of agencies with a pursuit driving policy best described as:",,,,,,,,,,
"      Discouragement (all pursuits are discouraged)",4,"%",3,"%",5,"%",3,,0,"%"
"      Judgmental (officer's discretion)",19,,17,,17,,24,,45,
"      Restrictive (based on criteria such as type of offense or speed)",73,,76,,75,,69,,51,
"      Other type of policy ",4,,3,,4,,4,,4,
,,,,,,,,,,
"Percent of agencies with:",,,,,,,,,,
"      Civilian complaint review board in jurisdiction",15,"%",21,"%",19,"%",6,,2,"%"
"      Civilian complaint review board with subpoena powers in jurisdiction ",6,,10,,7," ",2,,2,
,,,,,,,,,,
"EQUIPMENT ",,,,,,,,,,
,,,,,,,,,,
"Average number of cars operated per 100 sworn personnel",,,,,,,,,,
"      Total cars",63,,79,,59,,68,,103,
"      Marked cars",38,,47,,36,,43,,72,
"      Unmarked cars",25,,33,,24,,26,,31,
,,,,," ",,,,,
"Percent of agencies operating land vehicles other than cars",,,,,,,,,,
"      4-wheel vehicles (SUV, truck, van)",94,"%",97,"%",93,"%",96,,94,"%"
"      Motorcycles",73,,77,,82," ",54,,61,
"      Bicycles",86,,90,,95,,65,,31,
,,,,,,,,,,
"Percent of agencies operating off-land vehicles",,,,,,,,,,
"      Airplanes",11,"%",16,"%",5,"%",22,,86,"%"
"      Boats",42,,42,,28,,73,,31,
"      Helicopters",20,,48,,13,,33,,69,
,,,,,,,,,,
"Percent of agencies allowing officers to drive marked vehicles for:",,,,,,,,,,
"      Commuting purposes only",37,"%",32,"%",32,"%",50,,76,"%"
"      Off-duty personal use",24,,45,,19,,31,,16,
,,,,,,,,,,
"Percent of agencies maintaining animals for law enforcement use",,,,,,,,,,
"      Dogs",87,"%",90,"%",86,"%",89,,94,"%"
"      Horses",21,,19,,23,,17,,6,
,,,,,,,,,,
"EQUIPMENT (CONT.)",,,,,,,,,,
,,,,,,,,,,
"Percent of agencies authorizing the following sidearms:",,,,,,,,,,
"   Semiautomatics",,,,,,,,,,
"        10mm ",28,"%",16,"%",29,"%",29,,29,"%"
"          9mm",75,,58,,77,,74,,47,
"         .45 ",57,,39,,54,,67,,49,
"         .40 ",66,,55,,66,,67,,78,
"         .380 ",50,,32,,50,,53,,43,
"   Revolver, any caliber",53,,42,,52,,57,,39,
,,,,,,,,,,
"Percent of agencies supplying or giving cash allowance to officers for: ",,,,,,,,,,
"      Primary sidearm ",83,"%",87,"%",86,"%",76,,98,"%"
"      Backup sidearm ",9,,10,,9,,11,,18,
"      Body armor",95,,94,,95,,94,,98,
"      Uniform",96,,94,,97,,95,,98,
,,,,,,,,,,
"Percent of agencies requiring that body armor be worn by:",,,,,,,,,,
"      All regular field officers ",50,"%",41,"%",46,"%",59,,37,"%"
"      Some regular field officers ",14,,14,,14,,16,,16,
,,,,,,,,,,
"Percent of agencies authorizing the use of impact devices as nonlethal weapons",,,,,,,,,,
"      Baton, any type",97,"%",91,"%",98,"%",92,,98,"%"
"      Baton, collapsible",82,,74,,82,,81,,37,
"      Baton, PR-24",42,,23,,44,,39,,31,
"      Baton, traditional",48,,32,,50,,45,,82,
"      Rubber bullet",11,,3,,10,,14,,10,
"      Soft projectile",30,,16,,31,,29,,14,
,,,,,,,,,,
"Percent of agencies authorizing the personal issue of chemical agents for use as nonlethal weapons",,,,,,,,,,
"      Pepper spray (OC)",91,"%",87,"%",93,"%",87,,96,"%"
"      Tear gas (CN)",2,,7,,1,,2,,0,
"      CS",5,,0,,4,,7,,4,
,,,,,,,,,,
"Percent of agencies authorizing the use of chemical agents as nonlethal weapons for tactical operations",,,,,,,,,,
"      Pepper spray (OC)",39,"%",52,"%",41,"%",35,,43,"%"
"      Tear gas (CN)",61,,68,,62,,57,,61,
"      CS",57,,55,,59,,54,,65,
,,,,,,,,,,
"Percent of agencies authorizing the use of other nonlethal weapons/actions",,,,,,,,,,
"      Capture net",2,"%",0,"%",3,"%",1,,0,"%"
"      Electrical device - hand-held, direct contact",8,,0,,5,,14,,2,
"      Electrical device - hand-held, stand off ",15,,13,,16," ",15,,4,
"      Flash/bang grenade",56,,55," ",57,,54,,43,
"      Hold or neck restraint",17,,23,,18,,14,,12,
,,,,,,,,,,
"Percent of agencies using video cameras",,,,,,,,,,
"      In patrol cars",44,"%",42,"%",39,"%",54,,94,"%"
"      Fixed-site surveillance",26,,23,,26,,27,,22,
"      Mobile surveillance",35,,48,,33,,36,,27,
"      Traffic enforcement",24,,39,,24,,23,,14,
,,,,,,,,,,
"Average number of in-car video cameras in use",,,,,,,,,,
"      Total",23,,27,,25,,19,,183,
"      Per 100 officers",9,,12,,10,,7,,24,
,,,,,,,,,,
"Percent of agencies using night vision/electro-optic equipment",,,,,,,,,,
"      Image intensifier",20,"%",36,"%",19,"%",22,,27,"%"
"      Infrared (thermal) imagers",41,,58,,38,,47,,55,
"      Laser range finders",19,,29,,18,,21,,39,
,,,,,,,,,,
"Percent of agencies using vehicle stopping/tracking devices",,,,,,,,,,
"      Electrical/engine disruption",3,"%",7,"%",3,"%",2,,4,"%"
"      Stolen vehicle tracking ",31,,48,,34,,20,,29,
"      Tire deflation spikes",53,,52,,47,,66,,94,
,,,,,,,,,,
"COMPUTERS AND INFORMATION SYSTEMS",,,,,,,,,,
,,,,,,,,,,
"Percent of agencies using in-field computers or terminals",,,,,,,,,,
"      Any type",79,"%",74,"%",83,"%",71,,80,"%"
"      Car-mounted",68,,58,,72,,59,,59,
"      Other ",49,,55,,51,,43,,59,
,,,,,,,,,,
"Average number of in-field computers/terminals per 100 sworn personnel",,,,,,,,,,
"      Car-mounted",28,,26,,31,,23,,34,
"      Other",20,,17,,22,,17,,28,
,,,,,,,,,,
"Percent of agencies in which at least some in-field officers have direct access via computer to information on:",,,,,,,,,,
"      Calls for service",45,"%",31,"%",48,"%",41,,14,"%"
"      Criminal history records",36,,24,,38," ",37,,37,
"      Driving records",61,,58,,65,,53,,53,
"      Linked files for crime analysis",10,,7,,10,,12,,12,
"      Motor vehicle records",69,,62,,74,,53,,53,
,,,,,,,,,,
"Percent of agencies in which primary method of transmitting criminal incident reports to central information system is:",,,,,,,,,,
"      Computer medium (e.g., disk transfer)",7,"%",7,"%",7,"%",8,,11,"%"
"      Data device (e.g., laptop download)",5,,3,,4,,7,,9,
"      Paper report",78,,79,,80,,73,,78,
"      Telephone line (voice)",6,,10,,5,,7,,2,
"      Wireless transmission (cellular, UHF)",4,,0,,3,,4,,0,
,,,,,,,,,,
"Percent of agencies using digital imaging for:",,,,,,,,,,
"      Fingerprints",65,"%",68,"%",60,"%",75,,35,"%"
"      Mug shots",74,,68,,72,,80,,29,
"      Suspect composites",52,,55,,50,,56,,20,
" ",,,,,,,,,,
"Percent of agencies with Automated Fingerprint Identification System (AFIS) facilities",,,,,,,,,,
"      Exclusive or shared ownership of an AFIS system",42,"%",61,"%",38,"%",49,,61,"%"
"      Remote terminal access only",33,,26,,33,,36,,10,
,,,,,,,,,,
"Percent of agencies using computers for:",,,,,,,,,,
"      Automated booking",56,"%",45,"%",48,"%",78,,4,"%"
"      Crime analysis",80,,81," ",86," ",66,,63," "
"      Crime investigations",75,,81,,77,,71,,59,
"      Crime mapping",63,,71,,71,,45,,37,
"      Dispatch",85,,81,,90,,76,,59,
"      Fleet management",52,,71,,50,,54,,74,
,,,,,,,,,,
"      In-field communications",50,"%",39,"%",57,"%",38,,61,"%"
"      In-field report writing",34,,19,,34,,36,,71,
"      Interagency information sharing",55,,74,,54,,55,,71,
"      Internet access",87,,94,,87,,87,,96,
"      Personnel records",71,,84,,70,,72,,92,
"      Records management",86,,90,,87,,81,,86,
"      Resource allocation",38,,58,,38,,36,,57,
,,,,,,,,,,
"Percent of agencies maintaining computerized files on:",,,,,,,,,,
"      Alarms",74,"%",61,"%",80,"%",60,,12,"%"
"      Arrests",91,,87," ",92," ",89,,63," "
"      Calls for service",90,,81,,93,,85,,59,
"      Crime analysis (linked files)",50,,65,,55,,37,,35,
"      Criminal histories",63,,61,,62,,64,,51,
"      Fingerprints",46,,68,,42,,52,,55,
"      Incident reports",88,,90,,90,,85,,63,
,,,,,,,,,,
"      Stolen property",77,"%",71,"%",78,"%",77,,39,"%"
"      Summonses",42,,55,,36,,54,,31,
"      Traffic accidents",75,,74,,82,,59,,76,
"      Traffic citations",71,,77,,72,,67,,74,
"      Traffic stops",51," ",52," ",51,,51,,41,
"      Use-of-force incidents",47,,58,,48,,42,,49,
"      Warrants",71,,61,,64,,86,,37,
