"Bureau of Justice Statistics",,,,,,,,,,,,,,
"filename: cpu98813.csv",,,,,,,,,,,,,,
"table: 8.13",,,,,,,,,,,,,,
"report title: Correctional Populations in the United States,1998 chapter 8 NCJ 192929",,,,,,,,,,,,,,
"data source: U.S. Military Survey, 1998",,,,,,,,,,,,,,
"author: Christopher Mumola",,,,,,,,,,,,,,
"refer questions to: askbjs@ojp.usdoj.gov (202) 307-0765",,,,,,,,,,,,,,
"date of version: 2-21-02",,,,,,,,,,,,,,
,,,,,,,,,,,,,,
"Table 8.13.  Number of releases from U.S. military confinement facilities, by method of release, officer/enlisted",,,,,,,,,,,,,,
"status, and branch of service, 1998",,,,,,,,,,,,,,
,,,,,,,,,,,,,,
,,,,,"Branch of service holding prisoners",,,,,"Branch of service to which prisoners belonged",,,,
,,"All inmates",,,"Air",,"Marine",,,"Air",,"Marine",,"Coast"
"Method of release","Total ","Officers","Enlisted",,"Force","Army","Corps","Navy",,"Force","Army","Corps","Navy","Guard"
,,,,,,,,,,,,,,
"          All methods",6436,77,6359,,585,1195,2991,1665,,989,1212,2873,1339,23
,,,,,,,,,,,,,,
"Unconditional",3664,16,3648,,324,643,1918,779,,490,666,1864,633,11
"      Expiration of sentence",3519,12,3507,,303,606,1834,776,,471,621,1785,631,11
"      Clemency",10,0,10,,5,0,5,0,,5,0,5,0,0
"      Other unconditional",135,4,131,,16,37,79,3,,14,45,74,2,0
,,,,,,,,,,,,,,
"Conditional releases",1856,38,1818,,17,145,933,761,,178,174,848,646,10
"      Parole",162,2,160,,2,75,13,72,,70,56,10,25,1
"      Restoration to duty",93,10,83,,13,33,47,0,,32,11,47,2,1
"      Other conditional",1601,26,1575,,2,37,873,689,,76,107,791,619,8
,,,,,,,,,,,,,,
"Transfers",913,23,890,,243,405,140,125,,318,372,161,60,2
"      To other military branch",569,23,546,,216,111,139,103,,230,183,138,16,2
"      To Federal civilian facility",344,0,344,,27,294,1,22,,88,189,23,44,0
,,,,,,,,,,,,,,
"Other*",3,0,3,,1,2,0,0,,3,0,0,0,0
"      Escape from confinement",2,0,2,,0,2,0,0,,2,0,0,0,0
"      Suicide",0,0,0,,0,0,0,0,,0,0,0,0,0
"      Medical",0,0,0,,0,0,0,0,,0,0,0,0,0
"      Unspecified",1,0,1,,1,0,0,0,,1,0,0,0,0
,,,,,,,,,,,,,,
"*No 1998 releases from military confinement facilities occurred as the result of death other than suicide.",,,,,,,,,,,,,,
