Bureau of Justice Statistics,,,
Filename: ropfcs05p0510t02.csv,,,
"Table 2. Percent of offenders placed on federal community supervision in 2005, by most serious conviction offense",,,
Report title: Recidivism of Offenders Placed on Federal Community Supervision in 2005: Patterns from 2005 to 2010 NCJ 249743,,,
"Data source(s): Bureau of Justice Statistics, Recidivism of Offenders Placed on Federal Community Supervision in 2005 data collection.",,,
"Author(s): Joshua A. Markman, Matthew R. Durose and Ramona R. Rantala, BJS Statisticians. Andrew D. Tiedt, Ph.D., Former BJS Statistician ",,,
Refer questions to: askbjs@usdoj.gov or 202-307-0765 ,,,
Date of version: 06/21/2016,,,
,,,
"Table 2. Percent of offenders placed on federal community supervision in 2005, by most serious conviction offense",,,
Most serious conviction offense,,Percent,
,Total,100,%
Violent/a,,6.2,
Property,,24.1,
Drug,,38.3,
Other public order/b,,23.9,
Sex offense/c,,1.9,
Immigration,,5.7,
,Number of offenders placed on federal community supervision in 2005,"42,977",
,,,
a/Excludes rape and sexual assault.,,,
b/Excludes immigration and other sex offenses.,,,
"c/Includes rape and sexual assault; possession, distribution, and production of child pornography; and transportation for illegal sexual purposes.",,,
"Source: Bureau of Justice Statistics, Recidivism of Offenders Placed on Federal Community Supervision in 2005 data collection.",,,
