Bureau of Justice Statistics,,,
Filename: ropfcs05p0510f01.csv,,,
"Figure 1. Cumulative percent of offenders placed on federal community supervision in 2005 who were arrested for a new crime, by type of arrest, 2005�10",,,
Report title: Recidivism of Offenders Placed on Federal Community Supervision in 2005: Patterns from 2005 to 2010 NCJ 249743,,,
"Data source(s): Bureau of Justice Statistics, Recidivism of Offenders Placed on Federal Community Supervision in 2005 data collection.",,,
"Author(s): Joshua A. Markman, Matthew R. Durose and Ramona R. Rantala, BJS Statisticians. Andrew D. Tiedt, Ph.D., Former BJS Statistician ",,,
Refer questions to: askbjs@usdoj.gov or 202-307-0765 ,,,
Date of version: 06/21/2016,,,
,,,
"Figure 1. Cumulative percent of offenders placed on federal community supervision in 2005 who were arrested for a new crime, by type of arrest, 2005�10",,,
,Federal arrest,Nonfederal arrest,Any arrest
6 months,5.5,6.1,10.3
1 year,10.7,11,18.3
18 months,14.2,14.8,23.3
2 years,17.6,18.7,28.4
30 months,19.7,21.9,31.7
3 years,21.7,25.1,35.1
42 months,22.8,27.6,37.3
4 years,23.8,30.2,39.6
54 months,24.4,32.2,41.4
5 years,25.1,34.3,43.1
"Note: Nonfederal arrests consist of those made by state and local law enforcement agencies. Offenders could have a federal arrest, a nonfederal arrest, or both. See appendix table 1 for percentages.",,,
"Source: Bureau of Justice Statistics, Recidivism of Offenders Placed on Federal Community Supervision in 2005 data collection.",,,
