Bureau of Justice Statistics,,,,,,,,
filename:  ncrp0201.cvs,,,,,,,,
"Table 1.   State prison admissions, 2002:  Offense, by type of admission",,,,,,,,
"data source:  National Corrections Reporting Program, 2002",,,,,,,,
author:  Timothy Hughes ,,,,,,,,
refer questions to:  askbjs@usdoj.gov      202-307-0765,,,,,,,,
date of version 08/31/05,,,,,,,,

"Table 1.  State prison admissions, 2002:  Offense, by type of admission",,,,,,,,

,,Percent of State prison admissions,,,,,,
Most serious offense,All admissions\1,,New court commitments,,Parole revocations,,  Other\2,
All offenses,100,%,100,%,100,%,100,%
Violent offenses,27.2,%,28.6,%,23.3,%,33,%
Homicide,2.6,,2.9,,1.6,,6,
Murder/nonnegligent manslaughter,1.9,,2.1,,1.2,,5.4,
Murder,1.6,,1.8,,0.9,,4.4,
Nonnegligent manslaughter,0.3,,0.3,,0.3,,1,
Negligent manslaughter,0.6,,0.8,,0.4,,0.6,
Unspecified homicide,0,*,0.1,,0,*,0,*
Kidnapping,0.6,,0.7,,0.5,,1.2,
Rape,1.5,,1.6,,1,,5.8,
Other sexual assault,3.9,,4.6,,2.6,,2.1,
Robbery,8.1,,7.9,,8.4,,9.9,
Assault,9,,9.4,,7.9,,7.2,
Other violent,1.4,,1.5,,1.3,,0.9,
Property offenses,29.5,%,27.5,%,32.9,%,33.4,%
Burglary,11.5,,10.4,,13.5,,14.3,
Larceny/theft,7.3,,6.7,,8.4,,7.8,
Motor vehicle theft,2.7,,2.1,,4,,0.8,
Arson,0.5,,0.5,,0.4,,0.6,
Fraud,4.4,,4.8,,3.6,,5.7,
Stolen property,2.2,,2,,2.4,,2.6,
Other property,1,,1.1,,0.7,,1.6,
Drug offenses,31.3,%,30.5,%,34.5,%,22.2,%
Possession,9.7,,9.8,,9.6,,9.2,
Trafficking,14.7,,14.5,,15.7,,10.6,
Other/unspecified drug,7,,6.2,,9.2,,2.4,
Public-order offenses,11.5,%,12.8,%,8.8,%,10.6,%
Weapons,3.2,,3.3,,3.3,,1.4,
Driving while intoxicated,3.3,,4,,2,,3.7,
Other public-order,5,,5.6,,3.5,,5.5,
Other offenses,0.5,%,0.5,%,0.5,%,0.8,%
Number of admissions,"508,955",,"322,327",,"163,606",,"14,201",

"Note:  Data on most serious offense were reported for 99.6% of the 511,221 admissions to State prison with a total sentence of more than a year.  Detail may not add to total because of rounding.",,,,,,,,
*Less than 0.05%.,,,,,,,,
"1\Includes 7,231 cases missing admission type.",,,,,,,,
2\Includes escapee returned and transfer/appeal bond.
