Bureau of Justice Statistics,,,,,,,,,,,,,,,,,,,
filename:  ncrp0214.csv,,,,,,,,,,,,,,,,,,,
"Table 14.  State parole discharges, 2002:  Method of parole discharge, by offense",,,,,,,,,,,,,,,,,,,
"data source:  National Corrections Reporting Program, 2002",,,,,,,,,,,,,,,,,,,
author:  Timothy Hughes ,,,,,,,,,,,,,,,,,,,
refer questions to:  askbjs@usdoj.gov      202-307-0765,,,,,,,,,,,,,,,,,,,
date of version 08/31/05,,,,,,,,,,,,,,,,,,             ,

"Table 14.  State parole discharges, 2002:  Method of parole discharge, by offense",,,,,,,,,,,,,,,,,,,

,,,,,All State parole discharges,,,,,,,,,,,,,,
Most serious offense,   Number,   Total,,Successful completion of term,,Absconder,,Returned to prison with new sentence,,Returned to prison with parole revocation,,Returned to prison with revocation pending,,Transfer,,   Death,,  Other,
All offenses,"290,548",100,%,44.5,%,2.5,%,9,%,18.2,%,23.7,%,0.1,%,1.1,%,1,%
Violent offenses,"72,657",100,%,44,%,3.8,%,8.6,%,18.2,%,22.9,%,0.1,%,1.3,%,1.1,%
Homicide,"6,080",100,,56.5,,1.1,,5.6,,18.7,,14.7,,0.1,,2.7,,0.5,
Murder/nonnegligent manslaughter,"4,307",100,,52.9,,0.7,,6.5,,20.5,,15.6,,0.1,,3.1,,0.5,
Murder,"3,068",100,,53.2,,0.5,,7.1,,23.2,,11.5,,0.2,,3.8,,0.5,
Nonnegligent manslaughter,"1,239",100,,52.1,,1.3,,5.1,,13.7,,25.7,,.,,1.5,,0.6,
Negligent manslaughter,"1,680",100,,65.1,,2.1,,3.4,,14.2,,13.1,,0.2,,1.4,,0.6,
Unspecified homicide,93,100,,66.7,,2.2,,4.3,,19.4,,1.1,,.,,6.5,,.,
Kidnapping,"1,534",100,,45.1,,3.4,,10.7,,12.4,,25.6,,0.1,,1.1,,1.6,
Rape,"3,617",100,,48.7,,0.7,,5.6,,26.6,,16.3,,0.1,,1.7,,0.3,
Other sexual assault,"7,089",100,,47.2,,0.5,,6.5,,16.4,,27.4,,0,*,1.2,,0.6,
Robbery,"25,574",100,,43.7,,2.4,,9.8,,23.8,,17.5,,0.2,,1.4,,1.2,
Assault,"25,078",100,,40.3,,7.2,,9,,12.4,,28.8,,0,*,0.9,,1.4,
Other violent,"3,685",100,,39.4,,3.7,,8.8,,15.4,,31.3,,0,*,0.5,,0.9,
Property offenses,"86,279",100,%,39.7,%,2.3,%,10.8,%,19.5,%,25.5,%,0.1,%,1,%,1,%
Burglary,"36,604",100,,40.1,,2.2,,9.8,,23.8,,21.8,,0.1,,1.2,,1,
Larceny ,"21,420",100,,39.8,,2.5,,11.7,,15.4,,28.7,,0.1,,1,,0.8,
Motor vehicle theft,"8,498",100,,30.2,,0.5,,15.4,,11.8,,40.7,,0,*,0.6,,0.7,
Arson,"1,386",100,,51.2,,5.6,,6.1,,20.3,,14.5,,0.1,,1.4,,0.8,
Fraud,"10,414",100,,49.7,,2.2,,8.8,,20.5,,16.5,,0.1,,1,,1.2,
Stolen property,"6,111",100,,29,,4.2,,12.8,,15.9,,35.3,,.,,0.8,,2,
Other property,"1,846",100,,45.3,,2.7,,7.3,,23.8,,19.7,,.,,0.8,,0.4,
Drug offenses,"102,838",100,%,47,%,1.8,%,7.8,%,17.7,%,23.7,%,0.1,%,1,%,0.8,%
Possession,"27,460",100,,47.5,,2.7,,7.8,,15.5,,24.3,,0.1,,1.2,,1,
Trafficking,"50,658",100,,49.6,,1.5,,8.1,,18.8,,20.3,,0.1,,0.9,,0.8,
Other/unspecified drug,"24,720",100,,41.3,,1.5,,7.2,,17.9,,30.2,,0,*,1.2,,0.7,
Public-order offenses,"26,917",100,%,51.4,%,2.9,%,8.6,%,14.9,%,20.2,%,0,*%,1,%,1,%
Weapons,"8,543",100,,42.1,,1.6,,12,,12.7,,29.9,,0,*,0.9,,0.8,
Driving while intoxicated,"8,975",100,,67,,1.4,,5.4,,9.8,,14.6,,0,*,1.4,,0.4,
Other public-order,"9,399",100,,44.9,,5.5,,8.5,,21.9,,16.8,,0.1,,0.7,,1.7,
Other offenses,"1,857",100,%,46.3,%,0.4,%,5.4,%,26.3,%,20,%,.,%,0.7,%,0.9,%

"Note:  Data were reported for 94.5% of the 307,504 State parole discharges who had entered prison with a total sentence of more than a year for whom most serious offense and method of parole discharge were reported. ",,,,,,,,,,,,,,,,,,,
*Less than 0.05%.,,,,,,,,,,,,,,,,,,,


,       
