Bureau of Justice Statistics,,,,,,,
Filename: fdcda21stt06.csv,,,,,,,
"Table 6. Arrest-related deaths, by law enforcement actions, FY 2021",,,,,,,
"Report title: Federal Deaths in Custody and During Arrest, 2021 � Statistical Tables� NCJ 307033",,,,,,,
"Data Source: Bureau of Justice Statistics, Federal Law Enforcement Agency Deaths in Custody Reporting Program, fiscal year 2021",,,,,,,
"Authors: Connor Brooks and Sean E. Goodison, PhD, BJS Statisticians",,,,,,,
Refer questions to: askbjs@usdoj.gov 202-307-0765,,,,,,,
Date of version: 11/17/2023,,,,,,,
 ,,,,,,,
"Table 6. Arrest-related deaths, by law enforcement actions, FY 2021",,,,,,,
,Yes,,,No,,,
Law enforcement action,Number,Percent,,Number,Percent,,Unknown/missing*
Arrested/attempted to arrest decedent,35,34,%,68,66,%,2
Engaged in motor vehicle pursuit,20,19.6,,82,80.4,,3
Restrained decedent with equipment,11,11.6,,84,88.4,,10
Engaged in foot pursuit,14,13.6,,89,86.4,,2
Fought/struggled with decedent,10,9.8,,92,90.2,,3
Placed decedent in prone position,7,7.5,,86,92.5,,12
Physically restrained decedent,5,5.3,,90,94.7,,10
Note: Respondents were able to indicate more than one law enforcement action for each case.,,,,,,,
*Includes deaths where the investigation was pending at the time of data collection. These were excluded from the percentage calculations.,,,,,,,
"Source: Bureau of Justice Statistics, Federal Law Enforcement Agency Deaths in Custody Reporting Program, fiscal year 2021.",,,,,,,
