Bureau of Justice Statistics,,,,,,
File name: mlj0014stt14.csv,,,,,,
"Table 14. Number, percent, average daily population, and mortality rate per 100,000 local jail inmate deaths, by hold status, 2014",,,,,,
"Report title: Mortality in Local Jails, 2000-2014- Statistical Tables,  NCJ 250169",,,,,,
"Data source: Bureau of Justice Statistics, Deaths in Custody Reporting Program, 2014.",,,,,,
"Author:  Margaret E. Noonan, BJS Statistician",,,,,,
Refer questions to: askbjs@usdoj.gov (202) 307-0765,,,,,,
Date of version: 12/15 /2016,,,,,,
,,,,,,
"Table 14. Number, percent, average daily population, and mortality rate per 100,000 local jail inmate deaths, by hold status, 2014",,,,,,
Hold status,,Number of deaths,Percent of total jail population,,Average daily population,"Mortality rate per 100,000 local jail inmates"
,Total,"1,053",100,%,"750,128",140
Hold status/a,,121,14.8,%,"110,932",109
,Immigration and Customs Enforcement,7,1.9,,"14,271",49
,U.S. Marshals,31,3.7,,"27,603",112
,Other/b,83,9.2,,"69,057",128
No hold,,932,85.2,%,"639,196",146
"Note: Average daily population was calculated for Immigration and Customs Enforcement, U.S. Marshals, and other authorities based on their proportion of the confined population on December 31. ",,,,,,
"a/Includes contractual, temporary, courtesy, or ad hoc holds for federal, local, or state authorities.",,,,,,
"b/Includes state or federal prison, Bureau of Indian Affairs, or any other jail jurisdiction.",,,,,,
"Source: Bureau of Justice Statistics, Deaths in Custody Reporting Program, 2014.",,,,,,
