Bureau of Justice Statistics,,,,,
Filename:  fjs1112m03.csv,,,,,
"Map 3. Number of suspects arrested and booked by the U.S. Marshals Service for a sex offense by district of arrest, 2008-2012",,,,,
"Report title: Federal Justice Statistics, 2011-2012 NCJ # 248493",,,,,
"Data Source: Bureau of Justice Statistics, Federal Justice Statistics Program.",,,,,
"Author:  Mark Motivans, BJS",,,,,
Refer questions to: askbjs@usdoj.gov   202-307-0765,,,,,
Date of version: 1/7/2015,,,,,
,,,,,
"Map 3. Number of suspects arrested and booked by the U.S. Marshals Service for a sex offense by district of arrest, 2008-2012",,,,,
,,,,,
Federal judicial district,Number,,,,
Total," 15,779 ",,,,
Alabama Northern, 67 ,,,,
Alabama Southern, 153 ,,,,
Alabama Middle, 98 ,,,,
Alaska, 47 ,,,,
Arizona, 392 ,,,,
Arkansas Eastern, 113 ,,,,
Arkansas Western, 121 ,,,,
California Central, 425 ,,,,
California Eastern, 335 ,,,,
California Northern, 157 ,,,,
California Southern, 312 ,,,,
Colorado, 108 ,,,,
Connecticut, 96 ,,,,
Delaware, 61 ,,,,
District of Columbia, 137 ,,,,
Florida Northern, 464 ,,,,
Florida Southern, 122 ,,,,
Florida Middle, 359 ,,,,
Georgia Middle, 51 ,,,,
Georgia Northern, 182 ,,,,
Georgia Southern, 76 ,,,,
Guam, 18 ,,,, 
Hawaii, 58 ,,,,
Idaho, 101 ,,,,
Illinois Central, 221 ,,,,
Illinois Nothern, 134 ,,,,
Illinois Southern, 124 ,,,,
Indiana Northern, 114 ,,,,
Indiana Southern, 195 ,,,,
Iowa Northern, 140 ,,,,
Iowa Southern, 215 ,,,,
Kansas, 131 ,,,,
Kentucky Eastern, 143 ,,,,
Kentucky Western, 132 ,,,,
Louisiana Eastern, 45 ,,,,
Louisiana Middle, 28 ,,,,
Louisiana Western, 188 ,,,,
Maine, 57 ,,,,
Maryland, 251 ,,,,
Massachusetts, 127 ,,,,
Michigan Eastern, 311 ,,,,
Michigan Western, 136 ,,,,
Minnesota, 146 ,,,,
Mississippi Northern, 117 ,,,,
Mississippi Southern, 80 ,,,,
Missouri Eastern, 380 ,,,,
Missouri Western, 240 ,,,,
Montana, 319 ,,,,
Nebraska, 232 ,,,,
Nevada, 219 ,,,,
New Hampshire, 53 ,,,,
New Jersey, 199 ,,,,
New Mexico, 262 ,,,,
New York Eastern, 171 ,,,,
New York Northern, 278 ,,,,
New York Southern, 174 ,,,,
New York Western, 319 ,,,,
North Carolina Eastern, 109 ,,,,
North Carolina Middle, 112 ,,,,
North Carolina Western, 158 ,,,,
North Dakota, 166 ,,,,
Ohio Northern, 204 ,,,,
Ohio Southern, 283 ,,,,
Oklahoma Eastern, 44 ,,,,
Oklahoma Northern, 56 ,,,,
Oklahoma Western, 138 ,,,,
Oregon, 225 ,,,,
Pennsylvania Eastern, 155 ,,,,
Pennsylvania Middle, 160 ,,,,
Pennsylvania Western, 245 ,,,,
Puerto Rico, 119 ,,,,
Rhode Island, 54 ,,,,
South Carolina, 150 ,,,,
South Dakota, 372 ,,,,
Tennessee Eastern, 149 ,,,,
Tennessee Middle, 120 ,,,,
Tennessee Western, 104 ,,,,
Texas Eastern, 203 ,,,,
Texas Northern, 294 ,,,,
Texas Southern, 271 ,,,,
Texas Western, 484 ,,,,
Utah, 203 ,,,,
Vermont, 85 ,,,,
Virgin Islands, 10 ,,,,
Virginia Eastern, 360 ,,,,
Virginia Western, 87 ,,,,
Washington Eastern, 108 ,,,,
Washington Western, 204 ,,,,
West  Virginia Southern, 55 ,,,,
West Virginia Northern, 80 ,,,,
Wisconsin Eastern, 126 ,,,,
Wisconsin Western, 49 ,,,,
Wyoming, 103 ,,,,
"Data sources:  U.S. Marshals Service, Prisoner Tracking and Justice Detainee Information Systems",,,,,
Note 59 arrests were missing district.,,,,,
