Bureau of Justice Statistics,,,,,,,,,,,,,,,,,,
Filename:  fjs1112t11.csv,,,,,,,,,,,,,,,,,,
"Table 11. Disposition and case processing time of defendants in cases terminated in U.S. district court, 2012",,,,,,,,,,,,,,,,,,
"Report title: Federal Justice Statistics, 2011-2012 NCJ # 248493",,,,,,,,,,,,,,,,,,
"Data Source: Bureau of Justice Statistics, Federal Justice Statistics Program.",,,,,,,,,,,,,,,,,,
"Author:  Mark Motivans, BJS",,,,,,,,,,,,,,,,,,
Refer questions to: askbjs@usdoj.gov   202-307-0765,,,,,,,,,,,,,,,,,,
Date of version: 1/7/2015,,,,,,,,,,,,,,,,,,
,,,,,,,,,,,,,,,,,,
"Table 11. Disposition and case processing time of defendants in cases terminated in U.S. district court, 2012",,,,,,,,,,,,,,,,,,
,,,,,,,,,,,,,,,,,,
 ,,,,Total cases terminated,,,Percent convicted,,,,,,Percent not convicted,,,,,
Most serious offense at termination,,,,Number,Percent,,Total,,Guilty plea,,Bench/jury trial,,Total,,Bench/jury trial,,Dismissed,
,All offenses,,,"96,260",100,%,91.3,%,88.9,%,2.2,%,8.7,%,0.5,%,8.2,%
Type of charge,,,,,,,,,,,,,,,,,,
,Felony,,,"87,172",100,%,93.3,%,90.9,%,2.4,%,6.7,%,0.5,%,6.2,%
,,Violent,,"1,951",100,%,91.1,,85.6,,5.6,,8.9,,0.9,,7.9,
,,Property,,"13,129",100,%,91.2,,87.8,,3.4,,8.8,,0.7,,8.1,
,,,Fraud,"11,678",100,%,91.6,,88,,3.5,,8.5,,0.7,,7.7,
,,,Other,"1,453",100,%,88.4,,85.7,,2.7,,11.6,,0.6,,11,
,,Drug,,"29,058",100,%,92.3,,89.8,,2.5,,7.8,,0.4,,7.4,
,,Public order,,"5,194",100,%,88.2,,83.1,,5.1,,11.8,,1.2,,10.7,
,,,Regulatory,991,100,%,87.3,,83.3,,4,,12.7,,1.4,,11.3,
,,,Other,"4,205",100,%,88.4,,83,,5.3,,11.6,,1.1,,10.5,
,,Sex offense,,"2,733",100,%,95,,90.6,,4.3,,5.1,,0.8,,4.2,
,,Weapons,,"7,904",100,%,92.8,,88.8,,4,,7.3,,0.8,,6.5,
,,Immigration,,"26,579",100,%,96.7,,96.3,,0.3,,3.3,,0.1,,3.3,
,Misdemeanor,,,"9,088",100,%,72.3,,71.6,,0.7,,27.7,,0.5,,27.3,
U.S.-Mexico border district,,,,,,,,,,,,,,,,,,
,Yes,,,"36,047",100,%,94.7,%,93.9,%,0.8,%,5.3,%,0.2,%,5.2,%
,No,,,"60,213",100,%,89.3,,86.2,,3.1,,10.7,,0.6,,10.1,
Median days from filing of disposition,,,,,~,,206 days,,,,505 days,,248 days,,281 days,,245 days,
Note: Offense type was missing for 624 records. The median is the midpoint or the number of days for which half of the defendant�s cases were disposed more slowly than the median days and half were disposed more quickly.,,,,,,,,,202 days,,,,,,,,,
~Not applicable.,,,,,,,,,,,,,,,,,,
"Source: Bureau of Justice Statistics, based on data from the Administrative Office of the U.S. Courts, criminal master file, fiscal year 2012.",,,,,,,,,,,,,,,,,,
