Bureau of Justice Statistics,,,,,,,,,,,,,
Filename:  fjs1112t13.csv,,,,,,,,,,,,,
"Table 13.Defendants convicted and sentenced to a federal prison term, by type of offense, 2008 and 2012",,,,,,,,,,,,,
"Report title: Federal Justice Statistics, 2011-2012 NCJ # 248493",,,,,,,,,,,,,
"Data Source: Bureau of Justice Statistics, Federal Justice Statistics Program.",,,,,,,,,,,,,
"Author:  Mark Motivans, BJS",,,,,,,,,,,,,
Refer questions to: askbjs@usdoj.gov   202-307-0765,,,,,,,,,,,,,
Date of version: 1/7/2015,,,,,,,,,,,,,
,,,,,,,,,,,,,
"Table 13.Defendants convicted and sentenced to a federal prison term, by type of offense, 2008 and 2012",,,,,,,,,,,,,
,,,,,,,,,,,,,
,,,,Number convicted,,Percent sentenced to prison,,,,Median prison term imposed,,,
Most serious offense at termination,,,,2008,2012,2008,,2012,,2008,,2012,
,All offenses,,,"82,823","87,908",78.7,%,77.3,%,30, mos.,33, mos.
Type of offenses,,,,,,,,,,,,,
,Felony,,,"75,958","81,340",84.7,%,81.2,%,37, mos.,35, mos.
,,Violent,,"2,061","1,778",93.6,,92.2,,65,,63,
,,Property,,"11,908","11,975",63.3,,61.8,,21,,24,
,,,Fraud,"10,371","10,691",64.9,,62.9,,21,,24,
,,,Other,"1,537","1,284",52.2,,52.9,,18,,18,
,,Drug,,"26,323","26,806",92.1,,90.8,,60,,60,
,,Public order,,"4,738","4,581",68.1,,70.7,,30,,31,
,,,Regulatory,810,865,47.9,,54.3,,21,,21,
,,,Other,"3,928","3,716",72.3,,74.5,,30,,36,
,,Sex offense,,"2,077","2,597",96.6,,96.8,,82,,96,
,,Weapons,,"8,054","7,332",92.6,,91.5,,60,,51,
,,Immigration,,"20,671","25,695",86.1,,76.6,,18,,16,
,Misdemeanor,,,"6,865","6,568",11.8,,28.8,,3,,5,
U.S.-Mexico border district*,,,,,,,,,,,,,
,Yes,,,"25,436","34,129",86.4,%,80.9,%,18, mos.,16, mos.
,No,,,"57,387","53,779",75.2,,75,,36,,36,
Note: Sentence type was missing for 780 records in 2008 and 452 in 2012. ,,,,,,,,,,,,,
"*Includes Arizona, California Southern, New Mexico, Texas Western, and Texas Southern.",,,,,,,,,,,,,
"Source: Bureau of Justice Statistics, based on data from the Administrative Office of the U.S. Courts, criminal master file, fiscal years 2008 and 2012.",,,,,,,,,,,,,
