Bureau of Justice Statistics,,
Filename:  fjs1112f10.csv,,
"Figure 10. Country of citizenship of offenders charged in U.S. district court, 2012",,
"Report title: Federal Justice Statistics, 2011-2012 NCJ # 248493",,
"Data Source: Bureau of Justice Statistics, Federal Justice Statistics Program.",,
"Author:  Mark Motivans, BJS",,
Refer questions to: askbjs@usdoj.gov   202-307-0765,,
Date of version: 1/7/2015,,
,,
"Figure 10. Country of citizenship of offenders charged in U.S. district court, 2012",,
,,
Country of citizenship,Percent,
United States,57.2,%
Mexico,33.5,
Canada,0.2,
Carribean,1.9,
Central America,4.6,
South America,1.0,
Asia and Oceania,0.8,
Europe,0.5,
Africa,0.4,
"Note: Includes defendants charged with a felony or Class A misdemeanor offense as the most serious charge. A total of 76,369 defendants were charged in U.S. district court in 2012.",,
*Countries aggregated by region.,,
"Source: Bureau of Justice Statistics, based on data from the Administrative Office of the U.S. Courts, Probation and Pretrial Services Automated Case Tracking System (PACTS), fiscal year 2012.",,
