Bureau of Justice Statistics,,,,,,,,,,,,,,
Filename:  fjs1112t12.csv,,,,,,,,,,,,,,
"Table 12.Disposition and sentence received in cases terminated in U.S. district court, 2008, 2011, and 2012",,,,,,,,,,,,,,
"Report title: Federal Justice Statistics, 2011-2012 NCJ # 248493",,,,,,,,,,,,,,
"Data Source: Bureau of Justice Statistics, Federal Justice Statistics Program.",,,,,,,,,,,,,,
"Author:  Mark Motivans, BJS",,,,,,,,,,,,,,
Refer questions to: askbjs@usdoj.gov   202-307-0765,,,,,,,,,,,,,,
Date of version: 1/7/2015,,,,,,,,,,,,,,
,,,,,,,,,,,,,,
"Table 12.Disposition and sentence received in cases terminated in U.S. district court, 2008, 2011, and 2012",,,,,,,,,,,,,,
,,,,,,,,,,,,,,
,,,,2008,,,2011,,,2012,,,,
Cases terminated,,,,Number,Percent,,Number,Percent,,Number,Percent,,"Average annual growth rate, 2008�2012/a",
Disposition,,,,,,,,,,,,,,
,Total disposed,,,"91,728",100,%,"101,500",100,%,"96,260",100,%,1.3,%
,,Convicted,,"82,823",90.3,%,"92,240",90.9,%,"87,908",91.3,%,1.6,%
,,,Plea,"80,184",87.4,,"89,918",87.2,,"85,774",89.1,,1.8,
,,,Bench/jury trial,"2,639",2.9,,"2,322",3.6,,"2,134",2.2,,-5.1,
,,Not convicted,,"8,905",9.7,,"9,260",9.1,,"8,352",8.7,,-1.4,
,,,Dismissed,"8,360",9.1,,"8,841",8.7,,"7,922",8.2,,-1.1,
,,,Bench/jury trial,545,0.6,,419,0.4,,430,0.5,,-5.5,
Sentence imposed/b,,,,,,,,,,,,,,
,Total convicted ,,,"82,823",100,%,"92,240",100,%,"87,908",100,%,1.6,%
,,Prison/c,,"64,529",78.7,,"70,049",76.4,,"67,582",77.3,,1.2,
,,Probation only,,"9,526",11.6,,"9,886",10.8,,"9,090",10.4,,-1.1,
,,Fine only,,"2,803",3.4,,"2,796",3.1,,"1,985",2.3,,-7.3,
,,Suspended sentence,,"5,185",6.3,,"8,970",9.8,,"8,799",10.1,,14.7,
"Note: Percentages are based on available data. Sentence type was missing for 780 records in 2008, 539 records in 2011, and 452 records in 2012.",,,,,,,,,,,,,,
a/Calculated using each fiscal year count from 2008 to 2012.,,,,,,,,,,,,,,
b/Excludes cases missing sentence imposed.,,,,,,,,,,,,,,
"c/Includes all sentences to incarceration, including split sentences.",,,,,,,,,,,,,,
"Source: Bureau of Justice Statistics, based on data from the Administrative Office of the U.S. Courts, criminal master file, fiscal years 2008, 2011, and 2012.",,,,,,,,,,,,,,
