Bureau of Justice Statistics,,,,
Filename:  fjs1112m01.csv,,,,
"Map 1. Number of suspects arrested and booked by the U.S. Marshals Service by district, 2012",,,,
"Report title: Federal Justice Statistics, 2011-2012 NCJ # 248493",,,,
"Data Source: Bureau of Justice Statistics, Federal Justice Statistics Program.",,,,
"Author:  Mark Motivans, BJS",,,,
Refer questions to: askbjs@usdoj.gov   202-307-0765,,,,
Date of version: 1/7/2015,,,,
,,,,
"Map 1. Number of suspects arrested and booked by the U.S. Marshals Service by district, 2012",,,,
,,,,
Federal judicial district,Number,,,
Total," 172,248 ",,,
Alabama Middle, 343 ,,,
Alabama Northern, 548 ,,,
Alabama Southern, 465 ,,,
Alaska, 210 ,,,
Arizona," 31,192 ",,,
Arkansas Eastern, 658 ,,,
Arkansas Western, 448 ,,,
California Central," 2,527 ",,,
California Eastern," 1,186 ",,,
California Northern," 1,054 ",,,
California Southern," 7,564 ",,,
Colorado, 893 ,,,
Connecticut, 634 ,,,
Delaware, 153 ,,,
District of Columbia," 2,120 ",,,
Florida Middle," 2,388 ",,,
Florida Northern, 526 ,,,
Florida Southern," 2,711 ",,,
Georgia Middle, 557 ,,,
Georgia Northern, 824 ,,,
Georgia Southern, 539 ,,,
Guam/NMI, 166 ,,,
Hawaii, 326 ,,,
Idaho, 373 ,,,
Illinois Central, 667 ,,,
Illinois Northern," 1,122 ",,,
Illinois Southern, 581 ,,,
Indiana Northern, 564 ,,,
Indiana Southern, 511 ,,,
Iowa Northern, 469 ,,,
Iowa Southern, 538 ,,,
Kansas," 1,131 ",,,
Kentucky Eastern, 767 ,,,
Kentucky Western, 531 ,,,
Louisiana Eastern, 422 ,,,
Louisiana Middle, 209 ,,,
Louisiana Western, 453 ,,,
Maine, 335 ,,,
Maryland," 1,091 ",,,
Massachusetts, 709 ,,,
Michigan Eastern," 1,411 ",,,
Michigan Western, 560 ,,,
Minnesota, 577 ,,,
Mississippi Northern, 273 ,,,
Mississippi Southern, 519 ,,,
Missouri Eastern," 1,066 ",,,
Missouri Western," 1,042 ",,,
Montana, 363 ,,,
Nebraska, 850 ,,,
Nevada," 1,044 ",,,
New Hampshire, 223 ,,,
New Jersey," 1,148 ",,,
New Mexico," 5,866 ",,,
New York Eastern," 1,319 ",,,
New York Northern, 760 ,,,
New York Southern," 1,990 ",,,
New York Western, 929 ,,,
North Carolina Eastern, 985 ,,,
North Carolina Middle, 503 ,,,
North Carolina Western, 949 ,,,
North Dakota, 506 ,,,
Ohio Northern," 1,557 ",,,
Ohio Southern, 808 ,,,
Oklahoma Eastern, 159 ,,,
Oklahoma Northern, 275 ,,,
Oklahoma Western, 559 ,,,
Oregon, 994 ,,,
Pennsylvania Eastern," 1,078 ",,,
Pennsylvania Middle, 627 ,,,
Pennsylvania Western, 716 ,,,
Puerto Rico," 1,891 ",,,
Rhode Island, 218 ,,,
South Carolina," 1,251 ",,,
South Dakota, 896 ,,,
Tennessee Eastern, 979 ,,,
Tennessee Middle, 381 ,,,
Tennessee Western, 699 ,,,
Texas Eastern," 1,201 ",,,
Texas Northern," 1,453 ",,,
Texas Southern," 31,417 ",,,
Texas Western," 26,518 ",,,
Utah, 669 ,,,
Vermont, 258 ,,,
Virgin Islands, 75 ,,,
Virginia Eastern," 2,061 ",,,
Virginia Western, 647 ,,,
Washington Eastern, 359 ,,,
Washington Western," 1,031 ",,,
West Virginia Northern, 395 ,,,
West Virginia Southern, 513 ,,,
Wisconsin Eastern, 621 ,,,
Wisconsin Western, 196 ,,,
Wyoming, 358 ,,,
"Data sources:  U.S. Marshals Service, Prisoner Tracking and Justice Detainee Information Systems",,,,
