Bureau of Justice Statistics,,,
Filenames:  cv3lma98f6.cvs,,,
"Report title:  Crime an Victimization in the Three Largest Metropolitan Areas, 1980-98",,,
Data source:  National Crime Victimization Survey and Uniform Crime Report,,,
Author (s):  Janet L. Lauritsen and Robin J. Schaum,,,
Refer questions to:  askbjs@usdoj.gov   202-307-0765,,,
"Date of version:  Feburary 24, 2005",,,

Robbery rates for Los Angeles Metropolitan Area,,,

,NCVS robbery victimizations*,UCR robberies,NCVS robberies reported*
1980,11.95,6.44,6.25
1981,12.31,6.64,6.55
1982,13.87,7.4,6.56
1983,13.86,7.39,6.22
1984,12.93,6.26,5.89
1985,10.9,5.24,5.78
1986,11,4.91,5.88
1987,11.04,4.85,5.18
1988,11.5,4.61,5.31
1989,11.18,4.34,6.18
1990,11.41,4.39,7.11
1991,12.06,4.64,7.59
1992,12.65,5.27,7.62
1993,12.98,5.48,7.25
1994,13.74,6.25,6.17
1995,12.93,4.99,5.76
1996,12.11,4.47,5.06
1997,10.11,3.73,4.19
1998,8.61,3.81,3.33

*3-year moving average,,,
