Bureau of Justice Statistics,,,
Filenames:  cv3lma98f8.cvs,,,
"Report title:  Crime an Victimization in the Three Largest Metropolitan Areas, 1980-98",,,
Data source:  National Crime Victimization Survey and Uniform Crime Report,,,
Author (s):  Janet L. Lauritsen and Robin J. Schaum,,,
Refer questions to:  askbjs@usdoj.gov   202-307-0765,,,
"Date of version:  Feburary 24, 2005",,,

Aggravated assault rates for Chicago Metropolitan Area,,,

,NCVS aggravated assault victimizations*,UCR aggravated assaults,NCVS aggravated assaults reported*
1980,12.17,6.27,
1981,13.43,7.54,
1982,13.64,8.26,
1983,13.77,8.47,2.88
1984,13.26,7.57,5.46
1985,10.53,5.25,5.46
1986,9.61,5.53,6.22
1987,8.31,5.05,6.34
1988,8.83,5.39,6.56
1989,8.9,4.92,6.93
1990,8.84,4.56,7.57
1991,9.26,4.51,7.72
1992,8.78,4.11,7.45
1993,9.82,5.78,7.8
1994,9.57,5.83,7.68
1995,9.67,5.69,7.54
1996,7.13,3.1,6.9
1997,6.78,3.38,6.75
1998,7.3,3.68,6.63

*3-year moving average,,,
