Bureau of Justice Statistics,,,
Filenames:  cv3lma98f3.cvs,,,
"Report title:  Crime an Victimization in the Three Largest Metropolitan Areas, 1980-98",,,
Data source:  National Crime Victimization Survey and Uniform Crime Report,,,
Author (s):  Janet L. Lauritsen and Robin J. Schaum,,,
Refer questions to:  askbjs@usdoj.gov   202-307-0765,,,
"Date of version:  Feburary 24, 2005",,,

Burglary rates for Los Angeles Metropolitan Area,,,

,NCVS burglary victimizations*,NCVS burglaries reported*,UCR burglaries
1980,64.6,33.01,25.91
1981,59.21,30.71,25.18
1982,57.04,30.48,23.17
1983,48.69,26.1,20.89
1984,46.96,23.96,18.53
1985,39.13,17.95,17.54
1986,37.76,16.77,17.1
1987,35.33,15.74,14.24
1988,37.2,16.6,13.65
1989,38.51,17.99,13.92
1990,41.19,20.55,13.87
1991,42.81,20.93,14.43
1992,41.24,18.91,14.22
1993,39.95,16.87,12.79
1994,34.28,14.42,11.43
1995,32.18,13.05,10.65
1996,25.89,11.04,9.57
1997,23.54,10.51,8.32
1998,19.86,9.54,7.25

*3-year moving average,,,
