Bureau of Justice Statistics,,,
Filenames:  cv3lma98f5.cvs,,,
"Report title:  Crime an Victimization in the Three Largest Metropolitan Areas, 1980-98",,,
Data source:  National Crime Victimization Survey and Uniform Crime Report,,,
Author (s):  Janet L. Lauritsen and Robin J. Schaum,,,
Refer questions to:  askbjs@usdoj.gov   202-307-0765,,,
"Date of version:  Feburary 24, 2005",,,

Robbery rates for Chicago Metropolitan Area,,,

,NCVS robbery victimizations*,UCR robberies,NCVS robberies reported*
1980,12.69,6.33,
1981,13.59,8.42,
1982,11.89,7.65,
1983,10.32,6.21,4.31
1984,9.14,4.47,5.16
1985,8.84,2.99,4.86
1986,9.24,4.27,5.5
1987,7.59,3.84,5.35
1988,7.13,4.25,5.23
1989,7.46,3.75,5.74
1990,7.73,3.7,6.66
1991,9.57,5.02,7.7
1992,8.92,5.02,6.76
1993,9.72,6.29,6.15
1994,9.72,6.26,5.9
1995,9.49,5.59,5.24
1996,7.82,3.99,4.66
1997,6.95,3.69,4.43
1998,5.56,3.42,4.01

*3-year moving average,,,
