Bureau of Justice Statistics,,
Filename: crcusdc06f01.csv,,
"Figure 1 Civil rights jury trials increasingly more common than bench trials in U.S. district courts, 1990 - 2006",,
"Bulletin title: Civil Rights Complaints in U.S. District Courts, 1990 - 2006  NCJ  222989",,
"Data source: Federal Judicial Center, Integrated Data Base (Civil), fiscal years, 1990 - 2006",,
Refer questions to:  askbjs@usdoj.gov   202-307-0765,,
Authors:  Tracey Kyckelhahn and Thomas H. Cohen,,
Date of version:  08/19/2008,,

"Figure 1. Civil rights jury trials increasingly more common than bench trials in U.S. district courts, 1990 - 2006",,
,Number of civil rights cases concluded by jury or bench trial,
Year,Jury trials,Bench trials
1990,651,616
1991,645,618
1992,759,659
1993,851,611
1994,"1,104",602
1995,"1,164",549
1996,"1,412",473
1997,"1,467",395
1998,"1,509",340
1999,"1,409",314
2000,"1,315",279
2001,"1,169",228
2002,"1,093",213
2003,"1,014",185
2004,875,168
2005,884,164
2006,825,126
Note: Directed verdicts not included,,
