Bureau of Justice Statistics,,,,,,,,,,,,
Filename: crcusdc06t03.csv,,,,,,,,,,,,
"Table 3. Civil rights complaints with the U.S. Government involved as plaintiff or defendant filed in U.S. district courts, by type, 1990 - 2006",,,,,,,,,,,,
"Bulletin title: Civil Rights Complaints in U.S. District Courts, 1990 - 2006  NCJ  222989",,,,,,,,,,,,
"Data source: Federal Judicial Center, Integrated Data Base (Civil), fiscal years, 1990 - 2006",,,,,,,,,,,,
Refer questions to:  askbjs@usdoj.gov   202-307-0765,,,,,,,,,,,,
Authors:  Tracey Kyckelhahn and Thomas H. Cohen,,,,,,,,,,,,
Date of version:  08/13/2008,,,,,,,,,,,,

"Table 3. Civil rights complaints with the U.S. Government involved as plaintiff or defendant filed in U.S. district courts, by type, 1990 - 2006",,,,,,,,,,,,

,U.S. government as plaintiff,,,,,,U.S. government as defendant,,,,,

Year,Total,Employment,Voting,Housing,Welfare,Other*,Total,Employment,Voting,Housing,Welfare,Other*

1990,747,601,10,37,5,94,"1,736",876,6,20,17,817
1995,668,410,8,115, --,135,"2,358","1,275",12,38,13,"1,020"
2000,633,425,16,50, --,142,"2,387","1,362",10,32,7,976
2001,710,516,7,55,1,131,"2,322","1,270",15,43,7,987
2002,649,464,8,55,1,121,"2,380","1,266",17,27,9,"1,061"
2003,599,445,3,34, --,117,"2,315","1,294",5,20,2,994
2004,603,435,12,35,1,120,"2,262","1,271",9,18,6,958
2005,534,420,8,42, --,64,"2,172","1,166",15,22,6,963
2006,499,373,16,32,--,78,"1,961",938,12,18,7,986

" *Types of civil rights cases within the ""other"" category cannot be distinguished.",,,,,,,,,,,,
 --No cases recorded.,,,,,,,,,,,,
"Source: Annual Report of the Director. Washington, D.C. : Administrative Office",,,,,,,,,,,,
of the United States Courts (table C-2).,,,,,,,,,,,,
