Bureau of Justice Statistics,,,,
Filename: crcusdc06f03.csv,,,,
"Figure 3. Civil rights cases involving employment discrimination demonstrated the same trend as civil rights cases overall, 1990 - 2006",,,,
"Bulletin title: Civil Rights Complaints in U.S. District Courts, 1990 - 2006  NCJ  222989",,,,
"Data source: Federal Judicial Center, Integrated Data Base (Civil), fiscal years, 1990 - 2006",,,,
Refer questions to:  askbjs@usdoj.gov   202-307-0765,,,,
Authors:  Tracey Kyckelhahn and Thomas H. Cohen,,,,
Date of version:  08/13/2008,,,,

"Figure 3. Civil rights cases involving employment discrimination demonstrated the same trend as civil rights cases overall, 1990 - 2006",,,,
,Number of civil rights cases filed in U.S. district courts,,,
Year,Total,Employment,Other claims,"Housing, voting, welfare"
1990,"18,922","8,413","9,909",600
1991,"19,892","8,370","10,693",829
1992,"24,233","10,771","12,316","1,146"
1993,"27,655","12,962","13,776",917
1994,"32,622","15,965","15,581","1,076"
1995,"36,600","19,059","16,482","1,059"
1996,"42,007","23,152","17,611","1,244"
1997,"43,278","23,796","18,396","1,086"
1998,"42,354","23,735","17,607","1,012"
1999,"41,304","22,490","17,513","1,301"
2000,"40,908","21,032","18,345","1,531"
2001,"40,910","21,157","18,248","1,505"
2002,"40,420","20,955","17,847","1,618"
2003,"40,516","20,507","18,482","1,527"
2004,"40,239","19,746","19,037","1,456"
2005,"36,096","16,930","18,061","1,105"
2006,"32,865","14,353","17,663",849
