Bureau of Justice Statistics,,,,,,
Filename: crcusdc06t02.csv,,,,,,
"Table 2. Types of civil rights complaints involving a private suit filed in U.S. district courts, 1990 - 2006",,,,,,
"Bulletin title: Civil Rights Complaints in U.S. District Courts, 1990 - 2006  NCJ  222989",,,,,,
"Data source: Federal Judicial Center, Integrated Data Base (Civil), fiscal years, 1990 - 2006",,,,,,
Refer questions to:  askbjs@usdoj.gov   202-307-0765,,,,,,
Authors:  Tracey Kyckelhahn and Thomas H. Cohen,,,,,,
Date of version:  08/13/2008,,,,,,

"Table 2. Types of civil rights complaints involving a private suit filed in U.S. district courts, 1990 - 2006",,,,,,

,,Type of civil rights complaints involving private suits,,,,
Year,Total number,Employment,Voting,Housing,Welfare,Other*

1990,"16,310","6,936",114,284,107,"8,869"
1995,"33,574","17,374",188,582,103,"15,327"
2000,"37,888","19,245",141,"1,202",73,"17,227"
2001,"37,878","19,371",173,"1,151",53,"17,130"
2002,"37,391","19,225",209,"1,231",61,"16,665"
2003,"37,602","18,768",139,"1,261",63,"17,371"
2004,"37,374","18,040",152,"1,169",54,"17,959"
2005,"33,390","15,344",143,821,48,"17,034"
2006,"30,405","13,042",122,593,49,"16,599"

" *Types of civil rights cases within the ""other"" category cannot be distinguished.",,,,,,
"Source: Annual Report of the Director.  Washington, D.C.: Administrative Office of the United States Courts (table C-2).",,,,,,
