Bureau of Justice Statistics,,,,,,,
Filename:  fjs09st105.csv,,,,,,,
"Table 1.5  Warrants cleared and median time from initiation to clearance, by warrant type, October 1, 2008 - September 30, 2009",,,,,,,
"Report title: Federal Justice Statistics, 2009 - Statistical Tables NCJ 233464 ",,,,,,,
Data source:  Federal Justice Statistics Program  ,,,,,,,
Author:  Urban Institute under the supervision of BJS,,,,,,,
Refer questions to:  askbjs@usdoj.gov  202-307-0765,,,,,,,
Date of version: 1/18/11,,,,,,,
,,,,,,,
,,,,,,,
"Table 1.5  Warrants cleared and median time from initiation to clearance, by warrant type, October 1, 2008 - September 30, 2009",,,,,,,
,,,,,,,
Warrant type,,,Number,Percent,,Median days from initiation to clearance,
,All warrants cleared during FY 2009,,"225,684",100,%,13,days
Federal,,,"86,989",38.5,%,14,days
,Felony,,"75,648",33.5,%,9,days
,,Escape,853,0.4,,18,days
,,Bond violation,"5,121",2.3,,14,days
,,Parole violation,"2,317",1,,37,days
,,Probation violation,"17,178",7.6,,13,days
,,DEA related,"10,840",4.8,,10,days
,,Federal agency without arrest power,248,0.1,,5,days
,,Other Federal agency with arrest power,"38,043",16.9,,7,days
,,Other,"1,048",0.5,,11,days
,Nonfelony,,"11,341",5,%,428,days
,,Traffic,"5,717",2.5,,453,days
,,Misdemeanor,"5,624",2.5,,395,days
State or local,,,"138,695",61.5,%,13,days
,,,,,,,
Note: Analysis based on the cohort of all warrants cleared during FY 2009.,,,,,,,
"Source: U.S. Marshals Service Warrant Information Network, fiscal year.",,,,,,,
