Bureau of Justice Statistics,,,,,,,,,
Filename:  fjs09st202.csv,,,,,,,,,
"Table 2.2.  Disposition of suspects in criminal matters concluded, by offense,  October 1, 2008 - September 30, 2009",,,,,,,,,
"Report title: Federal Justice Statistics, 2009 - Statistical Tables NCJ 233464",,,,,,,,,
Data source:  Federal Justice Statistics Program  ,,,,,,,,,
Author:  Urban Institute under the supervision of BJS,,,,,,,,,
Refer questions to:  askbjs@usdoj.gov  202-307-0765,,,,,,,,,
Date of version: 1/18/11,,,,,,,,,
,,,,,,,,,
,,,,,,,,,
"Table 2.2.  Disposition of suspects in criminal matters concluded, by offense,  October 1, 2008 - September 30, 2009",,,,,,,,,
,,,,,,,,,
,,,,Percent of suspects in criminal matters concluded,,,,,
Most serious offense investigated,,,Number,Prosecuted in U.S. district court,,Disposed by U.S. magistrates,,Declined,
,All offenses/a,,"193,234",47.6,%,37,%,15.4,%
Violent offenses,,,"5,463",58.1,%,7.9,%,34,%
,Murder/b,,871,52.5,,16.1,,31.5,
,Assault,,"1,132",51.9,,10.7,,37.5,
,Robbery,,"1,993",75.4,,5.5,,19.1,
,Sexual abuse/b,,933,48.3,,4.1,,47.6,
,Kidnapping,,271,55.4,,7.7,,36.9,
,Threats against the President,,263,10.3,,1.1,,88.6,
Property offenses,,,"26,161",50.1,%,12.8,%,37.1,%
,Fraudulent,,"23,811",49.9,%,13.1,%,36.9,%
,,Embezzlement,"3,758",48.8,,19.7,,31.5,
,,Fraud/b,"18,724",49.3,,12.4,,38.4,
,,Forgery,905,66,,5.2,,28.8,
,,Counterfeiting,424,55.4,,5.7,,38.9,
,Other,,"2,350",52.1,%,9.5,%,38.3,%
,,Burglary,50,60,,2,,38,
,,Larceny/b,907,53.5,,13.7,,32.9,
,,Motor vehicle theft,466,58.4,,3.6,,38,
,,Arson and explosives,556,41.7,,4.3,,54,
,,Transportation of stolen property,34,47.1,,8.8,,44.1,
,,Other property offenses/b,337,56.4,,16.3,,27.3,
Drug offenses,,,"37,721",76.7,%,7.9,%,15.4,%
Public-order offenses,,,"23,067",43.2,%,21.4,%,35.4,%
,Regulatory,,"5,308",37.8,%,11.9,%,50.3,%
,,Agriculture,51,58.8,,3.9,,37.3,
,,Antitrust,21,66.7,,0,,33.3,
,,Food and drug,150,43.3,,6.7,,50,
,,Transportation,229,55,,10.9,,34.1,
,,Civil rights,899,13.9,,0.7,,85.4,
,,Communications,38,31.6,,0,,68.4,
,,Custom laws,247,57.5,,14.6,,27.9,
,,Postal laws,152,53.3,,25.7,,21.1,
,,Other regulatory offenses,"3,521",40,,14.6,,45.3,
,Other,,"17,759",44.8,%,24.3,%,31,%
,,Tax law violations/b,"1,044",59.3,,1.6,,39.1,
,,Bribery,306,48.4,,2.9,,48.7,
,,"Perjury, contempt, and intimidation",422,36.3,,4.7,,59,
,,National defense,636,28.9,,16.2,,54.9,
,,Escape,"1,937",46,,28.4,,25.6,
,,Racketeering and extortion,"3,487",52.3,,4.1,,43.6,
,,Nonviolent sex offenses,"3,995",59.9,,4.1,,36,
,,Gambling,105,43.8,,12.4,,43.8,
,,Liquor offenses,18,16.7,,33.3,,50,
,,Obscene material/b,44,68.2,,0,,31.8,
,,Traffic,168,6,,93.5,,0.6,
,,Wildlife,442,39.6,,26.5,,33.9,
,,Environmental,11,45.5,,9.1,,45.5,
,,"Conspiracy, aiding and abetting, and jurisdictional offenses","4,351",27.5,,66.8,,5.7,
,,All other offenses/b,793,34.6,,13.4,,52.1,
Weapon offenses,,,"11,749",69,%,2.9,%,28.1,%
Immigration offenses,,,"88,313",31.9,%,67.2,%,0.9,%
,,,,,,,,,
"Note: The data in this table are not directly comparable to data in the 1993 or prior compendia; see Chapter notes, items 1 and 2, p. 37.",,,,,,,,,
"a/Includes 760 suspects for whom an offense category could not be determined. These include 447 prosecuted in U.S. district court, 128 disposed by U.S. magistrates, and 185 that were declined. See Chapter notes, item 4, p. 37.",,,,,,,,,
"b/In this table ""Murder"" includes nonnegligent manslaughter; ""Sexual abuse"" includes only violent sex offenses; ""Fraud"" excludes tax fraud; ""Larceny"" excludes transportation of stolen property; ""Other property offenses"" excludes fraudulent property offenses and includes destruction of property and trespassing; ""Tax law violations"" includes tax fraud; ""Obscene material"" denotes the mail or transport thereof; and ""All other offenses"" includes offenses with unclassifiable offense type.",,,,,,,,,
"Source: Executive Office for U.S. Attorneys, National LIONS system file",,,,,,,,,
