Bureau of Justice Statistics,,,,
Filename:  fjs09st102.csv,,,,
"Table 1.2.  Suspects arrested for federal offenses and booked by the U.S. Marshals Service, by arresting agency, October 1, 2008 - September 30, 2009",,,,
"Report title: Federal Justice Statistics, 2009 - Statistical Tables NCJ 233464",,,,
Data source:  Federal Justice Statistics Program  ,,,,
Author:  Urban Institute under the supervision of BJS,,,,
Refer questions to:  askbjs@usdoj.gov  202-307-0765,,,,
Date of version: 1/18/11,,,,
,,,,
,,,,
"Table 1.2.  Suspects arrested for federal offenses and booked by the U.S. Marshals Service, by arresting agency, October 1, 2008 - September 30, 2009",,,,
,,,,
,,Most serious offense at arrest,,
,,,,
Arresting agency,,All offenses,Percent,
,All agencies,"183,986",100,%
Department of Agriculture,,260,0.1,%
Department of Defense,,498,0.3,%
Department of Homeland Security,,"99,501",54.1,%
,Customs and Border Protection,"73,385",39.9,
,Immigration and Customs Enforcement,"24,133",13.1,
,Secret Service,"1,982",1.1,
,Other DHS,1,0,
Department of the Interior,,"1,287",0.7,%
,Bureau of Indian Affairs,157,0.1,
,Park Police,107,0.1,
,Other DOI,"1,023",0.6,
Department of Justice,,"68,917",37.5,%
,"Bureau of Alcohol, Tobacco, Firearms and Explosives","6,140",3.3,
,Drug Enforcement Administration,"11,855",6.4,
,Federal Bureau of Investigation,"10,296",5.6,
,Marshals Service,"40,493",22,
,Other DOJ,133,0.1,
Department of State,,329,0.2,%
Department of the Treasury,,718,0.4,%
Federal judiciary,,568,0.3,%
U.S. Postal Service,,"1,266",0.7,%
Other,,"10,641",5.8,%
,"Self-report, subpoena","2,771",1.5,
,State and local,"5,382",2.9,
,Task force,408,0.2,
,Other,"2,081",1.1,
,,,,
"Note: The Homeland Security Act of 2002 took effect in March 2003, establishing DHS and reorganizing several federal agencies into new or different departments.  As a result, counts of arrests and bookings by the Departments of Homeland Security, Justice, and the Treasury are not comparable to 2003 and prior reports. Agency-specific data within departments are comparable to earlier years. The arresting agency may be different from the federal agency that initiated the investigation involving the arrestee.",,,,
"Source: U.S. Marshals Service Prisoner Tracking System file, fiscal year.",,,,
