Bureau of Justice Statistics,,,,
Filename:  fjs09st103.csv,,,,
"Table 1.3.  Characteristics of federal arrestees booked by the U.S.Marshals Service, October 1, 2008 - September 30, 2009",,,,
"Report title: Federal Justice Statistics, 2009 - Statistical Tables NCJ 233464 ",,,,
Data source:  Federal Justice Statistics Program  ,,,,
Author:  Urban Institute under the supervision of BJS,,,,
Refer questions to:  askbjs@usdoj.gov  202-307-0765,,,,
Date of version: 1/18/11,,,,
,,,,
,,,,
"Table 1.3.  Characteristics of federal arrestees booked by the U.S. Marshals Service, October 1, 2008 - September 30, 2009",,,,
,,,,
,,,,
,,,,
Arrestee characteristic,,All offenses,,
,,,,
,All arrestees,"183,986",100,%
Male/female,,,,
,Male,"159,842",86.9,%
,Female,"24,142",13.1,%
Race,,,,
,White,"144,929",79.6,%
,Black or African American,"32,872",18.1,%
,American Indian or Alaska Native,"2,291",1.3,%
,Asian/Native Hawaiian or Other Pacific Islander,"1,883",1,%
Age,,,,
,Under 19 years,"3,680",2.2,%
,19-20 years,"9,034",5.5,%
,21-30 years,"64,108",39.1,%
,31-40 years,"50,168",30.6,%
,Over 40 years,"37,143",22.6,%
Citizenship,,,,
,U.S. citizen,"71,412",45.8,%
,Not U.S. citizen,"84,640",54.2,%
,,,,
"Notes: Summing arrestees on a characteristic may not yield the total number of arrestees because some arrestees lack information on that characteristic. The data in this table are not directly comparable to the data in 2002 and prior years.  See ""Compendium of Federal Justice Statistics, 2004,"" Chapter 1, Chapter Notes, p. 24.",,,,
"Source: U.S. Marshals Service Prisoner Tracking System file, fiscal year.",,,,
