Bureau of Justice Statistics,,,,,,,
Filename:  fjs09st403.csv,,,,,,,
"Table 4.3.  Criminal cases disposed by U.S. magistrates, by offense, October 1, 2008 - September 30, 2009",,,,,,,
"Report title: Federal Justice Statistics, 2009 - Statistical Tables NCJ 233464 ",,,,,,,
Data source:  Federal Justice Statistics Program  ,,,,,,,
Author:  Urban Institute under the supervision of BJS,,,,,,,
Refer questions to:  askbjs@usdoj.gov  202-307-0765,,,,,,,
Date of version: 1/18/11,,,,,,,
,,,,,,,
,,,,,,,
"Table 4.3.  Criminal cases disposed by U.S. magistrates, by offense, October 1, 2008 - September 30, 2009",,,,,,,
,,,,,,,
Most serious offense charged,,,Total,Convicted,Not convicted,Percent convicted,
,All offenses,,"10,039","7,035","3,004",70.1,%
Violent offenses/a,,,326,186,140,57.1,%
,Assault,,307,170,137,55.4,
,Robbery,,18,15,3,83.3,
,Sexual abuse/b,,1,1,0,^,
Property offenses,,,"3,151","2,483",668,78.8,%
,Fraudulent,,"1,801","1,765",36,98,%
,,Embezzlement,71,68,3,95.8,
,,Fraud/b,"1,714","1,685",29,98.3,
,,Forgery,6,3,3,^,
,,Counterfeiting,10,9,1,^,
,Other,,"1,350",718,632,53.2,%
,,Burglary,2,2,0,^,
,,Larceny/b,"1,202",634,568,52.7,
,,Motor vehicle theft,1,1,0,^,
,,Arson and explosives,4,3,1,^,
,,Other property offenses/b,141,78,63,55.3,
Drug offenses,,,"1,243",829,414,66.7,%
,Possession and other drug offenses,,"1,118",744,374,66.5,
,Trafficking,,123,83,40,67.5,
,Other drug offenses,,2,2,0,^,
Public-order offenses,,,"5,050","3,309","1,741",65.5,%
,Regulatory,,390,271,119,69.5,%
,,Food and drug,19,19,0,100,
,,Transportation,20,18,2,90,
,,Civil rights,6,5,1,^,
,,Communications,10,10,0,^,
,,Customs laws,6,5,1,^,
,,Postal laws,44,42,2,95.5,
,,Other regulatory offenses,285,172,113,60.4,
,Other,,"4,660","3,038","1,622",65.2,%
,,Tax law violations/b,53,51,2,96.2,
,,Bribery,4,4,0,^,
,,"Perjury, contempt, and intimidation",8,7,1,^,
,,National defense,52,23,29,44.2,
,,Escape,47,22,25,46.8,
,,Racketeering and extortion,9,9,0,^,
,,Non-violent sex offenses,2,2,0,^,
,,Wildlife,221,160,61,72.4,
, ,Environmental,9,9,0,^,
,,Traffic offenses,"3,799","2,556","1,243",67.3,
,,Liquor offenses,9,9,0,^,
,,Other offenses/b,447,186,261,41.6,
Weapon offenses,,,52,30,22,57.7,%
Immigration offenses,,,214,196,18,91.6,%
,,,,,,,
^ Too few cases to obtain statistically reliable data.,,,,,,,
a/May include some nonviolent offenses.,,,,,,,
"b/In this table ""Sexual abuse"" includes only violent sex offenses; ""Fraud"" excludes tax fraud; ""Larceny"" excludes transportation of stolen property;  ""Other property offenses"" excludes fraudulent property offenses and includes destruction of property and trespassing; ""Tax law violations"" includes tax fraud; and ""Other offenses"" includes offenses with unclassifiable offense type.",,,,,,,
"Source: Administrative Office of the U.S. Courts criminal master file, fiscal year.",,,,,,,
