Bureau of Justice Statistics,,,,,,
Filename: jic13t06.csv,,,,,,
"Table 6: Admissions and expected length of stay in Indian country jails, by facility size, June 2013",,,,,,
"Report title: Jails in Indian Country, 2013 NCJ 247017",,,,,,
Data source: Survey of Jails in Indian Country (SJIC),,,,,,
Author: Todd D. Minton,,,,,,
Refer questions to: askbjs@usdoj.gov   202-307-0765,,,,,,
Date of version: 7/31/2014,,,,,,
 ,,,,,,
"Table 6. Admissions and expected length of stay in Indian country jails, by facility size, June 2013",,,,,,
Facility size/a,,Number of facilities,ADP/b,Estimated monthly admissions/c,Expected average length of stay/d,
,Total,79,"2,141","10,977",5.9, days
9 or fewer,,4,7,77,2.7,
10 to 24,,23,197,"1,783",3.3,
25 to 49,,34,769,"5,886",3.9,
50 or more,,18,"1,169","3,231",10.9,
Note: Detail may not sum to total due to rounding.,,,,,,
"a/Based on the rated capacity, or the maximum number of beds or inmates assigned by a rating official. The rated capacity was estimated for two facilities that that did not respond to the survey and for three facilities that responded to the survey but did not report their rated capacity.",,,,,,
"b/Average daily population (ADP) is the sum of the number of inmates held on each day in June, divided by 30. Data were estimated for one facility that responded to the survey, but did not report their ADP.",,,,,,
c/Data were estimated for two facilities in 2013 that did not respond to the survey (49 admissions combined).,,,,,,
"d/Calculated by dividing the average daily population (ADP) by the number of June admissions, and multiplying by 30. See Methodology for details on estimating expected length of stay.",,,,,,
"Source: Bureau of Justice Statistics, Annual Survey of Jails in Indian Country, 2013.",,,,,,
