Bureau of Justice Statistics,,,,,,,,
Filename: jic13t03.csv,,,,,,,,
"Table 3: Indian country jails and percent of inmate population, by facility size, midyear 2013",,,,,,,,
"Report title: Jails in Indian Country, 2013 NCJ 247017",,,,,,,,
Data source: Survey of Jails in Indian Country (SJIC),,,,,,,,
Author: Todd D. Minton,,,,,,,,
Refer questions to: askbjs@usdoj.gov   202-307-0765,,,,,,,,
Date of version: 7/31/2014,,,,,,,,
 ,,,,,,,,
"Table 3. Indian country jails and percent of inmate population, by facility size, midyear 2013",,,,,,,,
,,Number,,,Percent ,,,
Facility size/a,,Facilities,Inmates/b,,Facilities,,Inmates,
,Total,79,"2,287",,100,%,100,%
9 or fewer,,4,9,,5.1,,0.4,
10 to 24,,23,268,,29.1,,11.7,
25 to 49,,34,860,,43,,37.6,
50 or more,,18,"1,150",,22.8,,50.3,
"a/Based on the rated capacity, or the maximum number of beds or inmates assigned by a rating official. The rated capacity was estimated for two facilities that that did not respond to the survey and for three facilities that responded to the survey, but did not report their rated capacity.",,,,,,,,
b/The number of inmates held on the last weekday in June.,,,,,,,,
"Source: Bureau of Justice Statistics, Annual Survey of Jails in Indian Country, 2013.",,,,,,,,
