"Filename: cf974_04.csv",,,,,,,,,,,,
"Table #:  4.4.",,,,,,,,,,,,
"Report title:  Compendium of Federal Justice Statistics, 1997, NCJ-176328",,,,,,,,,,,,
"Data source:  Federal justice statistics database maintained by The Urban Institute",,,,,,,,,,,,
"Contact:  John Scalia  (202) 616-3276",,,,,,,,,,,,
"Date of version:  May 11, 1999",,,,,,,,,,,,
,,,,,,,,,,,,
"Table 4.4.  Convicted offenders sentenced to incarceration, by offense and offender characteristics,",,,,,,,,,,,,
,,,"October 1, 1996 - September 30, 1997",,,,,,,,,
,,,,,,,,,,,,
,,,,,"Percent of all convicted offenders who were incarcerated in cases terminated during 1997",,,,,,,
,,,,"Total",,"Felonies",,,,,,
,,,,"number of","All","Violent","Property offenses",,"Drug","Public-order offenses",,
"Offender characteristic",,,,"offenders","offenses\a","offenses","Fraudulent","Other","offenses","Regulatory","Other","Misdemeanors"
,,," All offenders\a",56570,69.7,91.1,59.2,59.3,92.3,49.8,83.9,17.4
"Sex",,,,,,,,,,,,
,"Male",,,42116,78.4,92.3,63.0,66.4,94.1,55.0,86.5,26.2
,"Female",,,7445,53.8,81.6,50.1,33.2,81.5,47.6,54.0,14.3
"Race",,,,,,,,,,,,
,"White",,,31784,74.6,90.1,60.9,60.4,91.1,53.3,83.6,25.5
,"Black",,,13799,79.4,96.9,59.0,56.1,95.4,57.1,89.7,23.0
,"Other",,,2382,63.0,86.7,54.3,58.7,86.4,49.3,63.2,18.5
"Ethnicity",,,,,,,,,,,,
,"Hispanic",,,16633,83.2,92.6,58.6,65.0,93.9,68.2,88.4,35.6
,"Non-Hispanic",,,32540,71.0,91.6,60.0,58.6,91.6,47.0,79.5,18.6
"Age",,,,,,,,,,,,
,"16-18 years",,,427,52.0,84.4,44.4,66.7,80.7,66.7,64.7,9.8
,"19-20 years",,,2068,73.5,95.5,50.3,59.0,92.7,55.8,89.4,17.4
,"21-30 years",,,18237,78.8,93.4,58.5,57.5,93.2,60.0,89.2,22.0
,"31-40 years",,,14733,77.5,92.2,61.9,61.2,92.6,57.6,87.0,24.0
,"Over 40 years",,,12902,68.9,88.1,59.4,58.9,91.5,45.4,72.9,19.8
"Citizenship",,,,,,,,,,,,
,"U.S. citizen",,,34020,73.0,92.0,59.7,57.6,91.3,49.2,79.5,19.9
,"Not U.S. citizen",,,14384,81.8,83.3,60.7,73.6,95.4,65.1,89.1,34.5
"Education",,,,,,,,,,,,
,"Less than high school graduate",,,18822,85.2,93.8,62.0,69.1,94.3,64.2,88.9,33.4
,"High school graduate",,,13552,74.4,93.5,58.6,55.4,91.6,56.1,82.5,21.1
,"Some college",,,9358,68.7,89.4,59.4,53.8,90.1,47.4,74.8,17.0
,"College graduate",,,3585,59.5,75.3,60.2,61.4,85.7,38.6,60.8,12.4
"Criminal record",,,,,,,,,,,,
,"No convictions",,,22588,63.6,83.2,50.9,45.1,89.4,48.7,62.5,17.6
,"Prior adult convictions\b",,,24847,87.2,96.3,73.4,73.0,95.3,66.5,94.3,36.7
,,,,,,,,,,,,
"(SEE PRINTED REPORT FOR FOOTNOTES)",,,,,,,,,,,,
