"Filename: cf974_06",,,,,,,,,,,
"Table #:  4.6.",,,,,,,,,,,
"Report title:  Compendium of Federal Justice Statistics, 1997, NCJ-176328",,,,,,,,,,,
"Data source:  Federal justice statistics database maintained by The Urban Institute",,,,,,,,,,,
"Contact:  John Scalia  (202) 616-3276",,,,,,,,,,,
"Date of version:  May 11, 1999",,,,,,,,,,,
,,,,,,,,,,,
"Table 4.6.  Median incarceration sentence lengths imposed, by offense and offender characteristics, ",,,,,,,,,,,
,,,"October 1, 1996 - September 30, 1997",,,,,,,,
,,,,,,,,,,,
,,,,"Median sentence length for offenders convicted of--",,,,,,,
,,,,,"Felonies",,,,,,
,,,,"All","Violent","Property offenses",,"Drug","Public-order offenses",,
"Offender characteristic",,,,"offenses\a","offenses","Fraudulent","Other","offenses","Regulatory","Other","Misdemeanors"
,,," All offenders\a",30,60,15,18,57,15,24,3
"Sex",,,,,,,,,,,
,"Male",,,36,60,15,20,60,15,24,3
,"Female",,,21,38,12,12,36,12,15,2
"Race",,,,,,,,,,,
,"White",,,27,51,15,21,41,15,24,3
,"Black",,,60,70,12,12,75,21,60,6
,"Other",,,24,44,12,12,41,12,24,6
"Ethnicity",,,,,,,,,,,
,"Hispanic",,,24,57,11,21,42,13,24,1
,"Non-Hispanic",,,37,57,15,18,60,18,42,6
"Age",,,,,,,,,,,
,"16-18 years",,,23,49,4,18,24,16,9,3
,"19-20 years",,,30,50,8,12,37,12,24,2
,"21-30 years",,,36,60,12,15,57,15,24,4
,"31-40 years",,,33,63,14,18,57,17,24,5
,"Over 40 years",,,30,51,15,21,57,15,24,6
"Citizenship",,,,,,,,,,,
,"U.S. citizen",,,37,57,15,18,60,18,46,6
,"Not U.S. citizen",,,24,46,12,21,40,12,24,1
"Education",,,,,,,,,,,
,"Less than high school graduate",,,37,63,12,21,51,15,24,5
,"High school graduate",,,37,57,13,15,57,18,37,6
,"Some college",,,33,57,15,18,60,15,33,6
,"College graduate",,,22,24,15,20,48,13,21,6
"Criminal record",,,,,,,,,,,
,"No convictions",,,27,37,12,15,37,14,12,2
,"Prior adult convictions\b",,,41,70,16,20,66,18,27,6
,,,,,,,,,,,
"(SEE PRINTED REPORT FOR FOOTNOTES)",,,,,,,,,,,
