Bureau of Justice Statistics,,,,,,
Filename: psc20at10.csv,,,,,,
"Appendix table 10. Standard errors for table 7: Percent of state prosecutor offices with written and unwritten policies for case processing practices and duties, by type of policy, 2020",,,,,,
"Report title: Prosecutors in State Courts, 2020   NCJ 309440",,,,,,
"Data Source: Bureau of Justice Statistics, National Survey of Prosecutors, 2020",,,,,,
"Authors: George E. Browne, PhD, and Mark A. Motivans, PhD, BJS Statisticians",,,,,,
Refer questions to: askbjs@usdoj.gov 202-307-0765,,,,,,
Date of version: 11/14/2024,,,,,,
,,,,,,
"Appendix table 10. Standard errors for table 7: Percent of state prosecutor offices with written and unwritten policies for case processing practices and duties, by type of policy, 2020",,,,,,
,Case processing practices,,,,,
Type of policy,Written,,Unwritten ,,None,
Attorney caseload size,0.53,%,2.08,%,2.19,%
Bail recommendations for felony defendants,1.71,,3.17,,3.01,
Bail recommendations for misdemeanor defendants,1.55,,3.07,,3.19,
Charging standards (other than bail),1.95,,3.24,,2.81,
Conviction integrity,1.36,,3.18,,3.04,
Diversion/problem-solving courts,3.05,,3.15,,2.27,
Plea bargains,1.97,,3.19,,2.76,
Declining any cases referred without review,1.63,,3.03,,3.1,
"Source: Bureau of Justice Statistics, National Survey of Prosecutors, 2020.",,,,,,
