Bureau of Justice Statistics,,,,,,,,
Filename: psc20t07.csv,,,,,,,,
"Table 7. Percent of state prosecutor offices with written and unwritten policies for case processing practices and duties, by type of policy, 2020",,,,,,,,
"Report title: Prosecutors in State Courts, 2020   NCJ 309440",,,,,,,,
"Data Source: Bureau of Justice Statistics, National Survey of Prosecutors, 2020",,,,,,,,
"Authors: George E. Browne, PhD, and Mark A. Motivans, PhD, BJS Statisticians",,,,,,,,
Refer questions to: askbjs@usdoj.gov 202-307-0765,,,,,,,,
Date of version: 11/14/2024,,,,,,,,
,,,,,,,,
"Table 7. Percent of state prosecutor offices with written and unwritten policies for case processing practices and duties, by type of policy, 2020",,,,,,,,
,Case processing practices,,,,,,,
Type of policy,Total,,Written,,Unwritten ,,None,
Attorney caseload size,100,%,1,%,14,%,85.1,%
Bail recommendations for felony defendants,100,,12.8,,53,,34.2,
Bail recommendations for misdemeanor defendants,100,,10.7,,44.1,,45.2,
Charging standards (other than bail),100,,16.5,,55.4,,28.1,
Conviction integrity,100,,8.2,,41,,50.8,
Diversion/problem-solving courts,100,,42.9,,41.6,,15.5,
Plea bargains,100,,15.9,,57.8,,26.3,
Declining any cases referred without review,100,,10.1,,35.9,,53.9,
Note: Information on state prosecutor offices case processing policy practices was missing for 395 offices (unweighted). Details may not sum to totals due to rounding. See appendix table 10 for standard errors.,,,,,,,,
"Source: Bureau of Justice Statistics, National Survey of Prosecutors, 2020.",,,,,,,,
