Bureau of Justice Statistics,,,,,,
Filename: psc20t08.csv,,,,,,
"Table 8. Percent of state prosecutor offices directly providing and referring victims to victim services, by type of service, 2020",,,,,,
"Report title: Prosecutors in State Courts, 2020   NCJ 309440",,,,,,
"Data Source: Bureau of Justice Statistics, National Survey of Prosecutors, 2020",,,,,,
"Authors: George E. Browne, PhD, and Mark A. Motivans, PhD, BJS Statisticians",,,,,,
Refer questions to: askbjs@usdoj.gov 202-307-0765,,,,,,
Date of version: 11/14/2024,,,,,,
,,,,,,
"Table 8. Percent of state prosecutor offices directly providing and referring victims to victim services, by type of service, 2020",,,,,,
Type of victim services,Direct assistance/a,,Referrals/b,,None/c,
Child abuse,69.5,%,73.2,%,8.3,%
Elder abuse,55.5,,55,,25.3,
Hate crime victimization,28.5,,26.5,,60.3,
Homicide support,58.7,,54.2,,26.9,
Human trafficking,28.4,,29.5,,60.6,
Sexual assault,68.3,,69.3,,9.8,
Domestic or other dating violence,70,,74.5,,5.6,
Note: Information on victim assistance and referrals was missing for 403 offices (unweighted). Some offices both provided direct assistance and referred victims to outside services. Offices that reported none did not provide direct assistance or refer victims to outside services for the associated crimes in 2020. Details may not sum to totals because direct assistance and referrals were not mutually exclusive. See appendix table 11 for standard errors.,,,,,,
a/Includes cases where staff (formally trained or otherwise) provided victim assistance.,,,,,,
b/Includes cases where victims or their families were connected with an outside organization for assistance.,,,,,,
c/Direct assistance or referrals not provided in 2020. Offices that did not provide any assistance or referrals may have not had any cases or victims for the associated crimes in 2020.,,,,,,
"Source: Bureau of Justice Statistics, National Survey of Prosecutors, 2020.",,,,,,
