Bureau of Justice Statistics,
Filename: psc20f03.csv,
"Figure 3. Number of staff in state prosecutor offices, 1992�2020",
"Report title: Prosecutors in State Courts, 2020   NCJ 309440",
"Data Source: Bureau of Justice Statistics, National Survey of Prosecutors, 1992, 1994, 1996, 2001, 2005, and 2020",
"Authors: George E. Browne, PhD, and Mark A. Motivans, PhD, BJS Statisticians",
Refer questions to: askbjs@usdoj.gov 202-307-0765,
Date of version: 11/14/2024,
,
"Figure 3. Number of staff in state prosecutor offices, 1992�2020",
Year ,Number of staff
1992,"57,000"
1994,"65,000"
1996,"71,000"
2001,"79,000"
2005,"78,000"
2020,"82,000"
Note: Includes both part- and full-time attorneys and non-attorneys. See appendix table 5 for totals.,
"Source: Bureau of Justice Statistics, National Survey of Prosecutors, 1992, 1994, 1996, 2001, 2005, and 2020.",
