"Bureau of Justice Statistics",,,,,,,,,,,,,,,,,,,,,,,
"filename: ppus98a1.csv",,,,,,,,,,,,,,,,,,,,,,,
"Supplement to Table 1.  Community corrections among the States, yearend 1998",,,,,,,,,,,,,,,,,,,,,,,
"Title of report: Probation and Parole in the United States, 1998, NCJ 178234",,,,,,,,,,,,,,,,,,,,,,,
"Data source: 1998 Probation Data Survey and 1998 Parole Data Survey",,,,,,,,,,,,,,,,,,,,,,,
"Author: Tom Bonczar",,,,,,,,,,,,,,,,,,,,,,,
"Refer questions to: askbjs@ojp.usdoj.gov (202) 307-0765",,,,,,,,,,,,,,,,,,,,,,,
"date of version: 8/12/99",,,,,,,,,,,,,,,,,,,,,,,
,,,,,,,,,,,,,,,,,,,,,,,
,"States in descending order of",,,,"States in descending order of",,,,"States in descending order of",,,,"States in descending order of",,,,"States in descending order of",,,,"States in descending order of",,
,"probation population, 12/31/98",,,,"percent change in probation",,,,"number on probation, 12/31/98,",,,,"parole population, 12/31/98",,,,"percent change in parole",,,,"number on parole, 12/31/98,",,
,,,,,"population, 12/31/98",,,,"per 100,000 adult residents",,,,,,,,"population, 12/31/98",,,,"per 100,000 adult residents",,
,,,,,,,,,,,,,,,,,,,,,,,
,,,,,,,,,,,,,,,,,,,,,,,
,,,,,,,"Percent",,,,"Number on",,,,,,,,"Percent",,,,"Number"
,,,,,,,"change",,,,"probation on",,,,,,,,"change",,,,"on parole on"
,,,"Probation",,,,"in probation",,,,"12/31/98 per",,,,"Parole",,,,"in parole",,,,"12/31/98 per"
,"Region and",,"population,",,"Region and",,"population",,"Region and",,"100,000 adult",,"Region and",,"population,",,"Region and",,"population",,"Region and",,"100,000 adult"
,"jurisdiction",,"12/31/98",,"jurisdiction",,"during 1998",,"jurisdiction",,"residents",,"jurisdiction",,"12/31/98",,"jurisdiction",,"during 1998",,"jurisdiction",,"residents"
,,,,,,,,,,,,,,,,,,,,,,,
1,"   Texas",,443758,,"   Vermont",,21.0,,"   Washington",,3619,,"   Texas",,112022,,"   Ohio",,66.2,,"   Pennsylvania",,910
2,"   California",,324427,,"   Idaho",,20.6,,"   Delaware",,3548,,"   California",,110617,,"   Idaho",,55.4,,"   Texas",,793
3,"   Florida",,239021,,"   Arkansas",,18.7,,"   Texas",,3140,,"   Pennsylvania",,83168,,"   North Dakota",,50.9,,"   Oregon ",,703
4,"   New York ",,190518,,"   New Mexico",,17.5,,"   Rhode Island",,2710,,"   New York ",,59548,,"   South Dakota",,32.2,,"   Louisiana",,590
5,"   Michigan",,172147,,"   Arizona",,17.3,,"   Georgia",,2702,,"   Illinois",,30432,,"   Colorado",,25.7,,"   California",,466
6,"   Washington",,152609,,"   Alabama",,13.8,,"   Minnesota",,2625,,"   Georgia",,20482,,"   Minnesota",,22.4,,"   New York ",,436
7,"   Georgia",,151865,,"   Pennsylvania",,11.9,,"   Michigan",,2369,,"   Louisiana",,18759,,"   Connecticut",,19.0,,"   Maryland",,404
8,"   New Jersey",,133227,,"   Illinois",,10.4,,"   Indiana",,2326,,"   Oregon ",,17270,,"   Nevada",,17.1,,"   Georgia",,364
9,"   Illinois",,131850,,"   Montana",,9.6,,"   Connecticut",,2316,,"   Maryland",,15528,,"   Utah ",,15.0,,"   Illinois",,344
10,"   Pennsylvania",,121094,,"   Iowa",,9.6,,"   New Jersey",,2175,,"   Michigan",,15331,,"   Arkansas",,11.4,,"   Arkansas",,338
11,"   Ohio",,117618,,"   Nevada",,7.6,,"   Florida",,2101,,"   New Jersey",,14557,,"   Arizona",,10.8,,"   Nevada",,317
12,"   North Carolina",,104698,,"   Kentucky",,6.6,,"   Vermont",,2068,,"   Ohio",,11304,,"   Hawaii",,10.0,,"   Kansas",,312
13,"   Indiana",,101900,,"   California",,6.5,,"   Maryland",,2029,,"   Missouri",,10366,,"   West Virginia",,9.1,,"   Utah ",,270
14,"   Minnesota",,90973,,"   Delaware",,6.3,,"   North Carolina",,1861,,"   Wisconsin ",,8927,,"   New Mexico",,9.0,,"   Missouri",,257
15,"   Maryland",,78051,,"   New Hampshire ",,6.1,,"   Oregon",,1824,,"   Tennessee",,7605,,"   Mississippi",,8.1,,"   New Jersey",,238
16,"   Connecticut",,57510,,"   Alaska",,5.8,,"   Arkansas",,1782,,"   Florida",,7421,,"   Iowa",,7.7,,"   Wisconsin ",,231
17,"   Wisconsin",,55276,,"   Indiana",,5.3,,"   Hawaii",,1756,,"   Alabama",,6785,,"   Michigan",,6.8,,"   Hawaii",,225
18,"   Arizona",,52580,,"   New York ",,5.2,,"   Colorado",,1631,,"   Virginia",,6700,,"   Alabama",,6.7,,"   Michigan",,211
19,"   Missouri",,48006,,"   Colorado",,5.0,,"   Arizona",,1544,,"   Arkansas",,6371,,"   Kentucky",,6.5,,"   Alabama",,208
20,"   Colorado",,47792,,"   Washington",,4.9,,"   Illinois",,1488,,"   Kansas",,6025,,"   Pennsylvania",,6.3,,"   South Dakota",,203
21,"   Massachusetts",,46567,,"   Mississippi",,4.8,,"   South Carolina",,1436,,"   North Carolina",,5740,,"   Wyoming",,6.2,,"   Tennessee",,186
22,"   Oregon",,44809,,"   Maryland",,4.6,,"   Wisconsin",,1427,,"   Colorado",,5204,,"   California",,5.9,,"   Colorado",,178
23,"   Alabama",,44047,,"   Tennessee",,4.4,,"   Ohio",,1406,,"   Kentucky",,4508,,"   New Hampshire",,5.4,,"   Vermont",,154
24,"   South Carolina",,41309,,"   Michigan",,4.0,,"   New York ",,1393,,"   Massachusetts",,4489,,"   Indiana",,5.3,,"   Kentucky",,153
25,"   Tennessee",,37408,,"   Missouri",,3.7,,"   California",,1366,,"   South Carolina",,4359,,"   Alaska",,4.2,,"   South Carolina",,152
26,"   Arkansas",,33583,,"   Ohio",,3.6,,"   Alabama",,1348,,"   Indiana",,4258,,"   Oregon ",,2.7,,"   Idaho",,145
27,"   Louisiana",,33028,,"   Rhode Island",,3.5,,"   Pennsylvania",,1325,,"   Nevada",,4055,,"   Texas",,2.4,,"   New Mexico",,144
28,"   Virginia",,30576,,"   Wisconsin",,2.7,,"   Nebraska",,1309,,"   Utah ",,3772,,"   Vermont",,2.1,,"   Ohio",,135
29,"   Oklahoma",,28942,,"   Connecticut",,2.7,,"   Missouri",,1191,,"   Arizona",,3742,,"   Illinois",,0.3,,"   Virginia",,130
30,"   Rhode Island",,20343,,"   Wyoming     ",,2.2,,"   Oklahoma",,1173,,"   Minnesota",,2995,,"   New York ",,-0.2,,"   New Hampshire",,129
31,"   Delaware",,20030,,"   New Jersey",,2.0,,"   Wyoming     ",,1088,,"   Iowa",,2194,,"   Maryland",,-1.5,,"   Wyoming",,127
32,"   Iowa",,18447,,"   Hawaii",,2.0,,"   Alaska",,1057,,"   Hawaii",,2009,,"   Kansas",,-2.0,,"   Alaska",,117
33,"   Kansas",,16163,,"   Virginia",,1.9,,"   Louisiana",,1039,,"   New Mexico",,1773,,"   Massachusetts",,-2.3,,"   Arizona",,110
34,"   Nebraska",,15937,,"   Oregon",,1.9,,"   Massachusetts",,993,,"   Oklahoma",,1532,,"   Maine",,-3.0,,"   Iowa",,103
35,"   Hawaii",,15711,,"   Texas",,1.3,,"   Nevada",,981,,"   Mississippi",,1489,,"   Delaware",,-3.2,,"   Montana",,102
36,"   Kentucky",,12892,,"   Georgia",,1.3,,"   Tennessee",,913,,"   Idaho",,1274,,"   Louisiana",,-5.9,,"   North Carolina",,102
37,"   Nevada",,12561,,"   West Virginia",,1.0,,"   Idaho",,875,,"   Connecticut",,1185,,"   Wisconsin ",,-6.4,,"   Delaware",,101
38,"   Mississippi",,11530,,"   Oklahoma",,0.5,,"   Iowa",,862,,"   New Hampshire",,1141,,"   Georgia",,-6.5,,"   Indiana",,97
39,"   New Mexico",,10460,,"   Massachusetts",,0.3,,"   New Mexico",,849,,"   South Dakota",,1088,,"   Nebraska ",,-9.3,,"   Massachusetts",,96
40,"   Utah",,9475,,"   Florida",,-0.3,,"   Kansas",,837,,"   West Virginia",,975,,"   South Carolina",,-9.4,,"   Minnesota",,86
41,"   Vermont",,9297,,"   Utah",,-0.5,,"   Montana",,782,,"   Vermont",,691,,"   Rhode Island",,-10.8,,"   Mississippi",,75
42,"   Idaho",,7677,,"   North Carolina",,-0.7,,"   Maine",,730,,"   Montana",,667,,"   Montana",,-11.7,,"   West Virginia",,69
43,"   Maine",,6953,,"   Kansas",,-1.1,,"   Utah",,678,,"   Nebraska ",,624,,"   Tennessee",,-12.5,,"   Florida",,65
44,"   West Virginia",,6362,,"   North Dakota",,-1.6,,"   South Dakota",,648,,"   Delaware",,572,,"   Florida",,-12.5,,"   Oklahoma",,62
45,"   New Hampshire ",,5175,,"   Maine",,-3.1,,"   Virginia",,594,,"   Alaska",,492,,"   New Jersey",,-13.9,,"   Rhode Island",,62
46,"   Montana",,5133,,"   Nebraska",,-3.1,,"   New Hampshire ",,584,,"   Rhode Island",,469,,"   Missouri",,-17.2,,"   Nebraska ",,51
47,"   Alaska",,4456,,"   South Carolina",,-4.1,,"   Mississippi",,578,,"   Wyoming",,448,,"   Oklahoma",,-20.5,,"   Connecticut",,48
48,"   Wyoming     ",,3825,,"   Minnesota",,-4.2,,"   North Dakota",,559,,"   Washington",,375,,"   Washington",,-21.9,,"   North Dakota",,37
49,"   South Dakota",,3480,,"   South Dakota",,-6.7,,"   West Virginia",,452,,"   North Dakota",,175,,"   North Carolina",,-29.6,,"   Washington",,9
50,"   North Dakota",,2658,,"   Louisiana",,-6.8,,"   Kentucky",,437,,"   Maine",,65,,"   Virginia",,-37.4,,"   Maine",,7
,,,,,,,,,,,,,,,,,,,,,,,
,"   District of Columbia",,10605,,"   District of Columbia",,5.6,,"   District of Columbia",,2524,,"   District of Columbia",,6625,,"   District of Columbia",,-14.6,,"   District of Columbia",,1577
,,,,,,,,,,,,,,,,,,,,,,,
,"   Federal",,33254,,"   Federal",,-0.8,,"   Federal",,17,,"   Federal",,66761,,"   Federal",,5.1,,"   Federal",,33
