"Bureau of Justice Statistics",,,,
"filename: ppus9803.csv",,,,
"Table 3.  Change in the number of adults on probation, 1990-98",,,,
"Title of report: Probation and Parole in the United States, 1998, NCJ 178234",,,,
"Data source:  1990  to 1998 Probation Data Surveys",,,,
"Author: Tom Bonczar",,,,
"Refer questions to: askbjs@ojp.usdoj.gov (202) 307-0765",,,,
"date of version: 8/12/99",,,,
,,,,
"Table 3.  Change in the number of",,,,
"adults on probation, 1990-98",,,,
,,,,
,"Annual increase",,,
,,,,
"Year","Number",,"Percent change",
,,,,
"1991",58238,,2.2,"%"
"1992",83139,,3.0,
"1993",91450,,3.3,
"1994",77961,,2.7,
,,,,
"1995",96839,,3.2,
"1996",87135,,2.8,
"1997",131772,,4.2,
"1998",120845,,3.7,
,,,,
"Total increase,",,,,
"1990-98",747379,,28.0,"%"
,,,,
"Average annual increase,",,,,
"1990-98",93422,,3.1,"%"
