Bureau of Justice Statistics,
Filename:  cfjs03f1_03.csv,
"Figure 1.3.  Type of drug violation, October 1, 2002 - September 30, 2003",
"Report title:  Compendium of Federal Justice Statistics, 2003  NCJ 210299",
Data source:  Federal justice statistics database maintained by The Urban Institute,
Author:  Urban Institute under the supervision of BJS,
Refer questions to:  askbjs@usdoj.gov  202-307-0765,
"Date of version:  October 23, 2005",


"Figure 1.3.  Type of drug violation, October 1, 2002 - September 30, 2003",

Type of drug violation,Number of drug arrests
Conspiracy,"9,182"
Distribution/ possession with intent to deliver,"9,584"
Simple possession,"4,198"
Manufacturing/other,"3,886"

"Data source: Drug Enforcement Administration Defendant Statistical System, fiscal year.",
