Bureau of Justice Statistics,,,,,,,
Filename: py09act02.csv,,,,,,,
"Table 2.  Change in the U.S. prison population, 2000-2009",,,,,,,
"Report title: Prisoners at yearend 2009-Advance Counts, NCJ 230189",,,,,,,
"Data source: National Prisoner Statistics, 1b",,,,,,,
"Authors: Heather C. West, Ph.D. ",,,,,,,
Refer questions to: askbjs@usdoj.gov   202-307-0765,,,,,,,
"Date of version: June 16, 2010",,,,,,,
,,,,,,,
"Table 2.  Change in the U.S. prison population, 2000-2009",,,,,,,
,,,,,,,
,Six-month change,,,,,,
Year,First 6 months of the year (December through June),Percent of annual change,,Second 6 months of the year (June through December),Percent of annual change,,Annual change (December through December)
2000,"27,243",98.8,%,317,1.2,%,"27,560"
2001,"14,270",111.7,,"-1,499",-11.7,,"12,771"
2002,"15,905",44,,"20,207",56,,"36,112"
2003,"24,053",84.5,,"4,404",15.5,,"28,457"
2004,"23,233",81.5,,"5,266",18.5,,"28,499"
2005,"16,866",54.7,,"13,963",45.3,,"30,829"
2006,"30,306",72.1,,"11,710",27.9,,"42,016"
2007,"24,666",87.2,,"3,634",12.8,,"28,300"
2008,"12,297",105,,-783,-6.8,,"11,514"
2009,"7,719",198.1,,"-3,822",-98.1,,"3,897"
,,,,,,,
,,,,,,,
,,,,,,,
,,,,,,,
,,,,,,,
,,,,,,,
,,,,,,,
