Bureau of Justice Statistics,,,,
Filename: fleo16stt01.csv,,,,
"Table 1. Distribution of full-time federal law enforcement officers, by department or branch, 2016",,,,
"Report title: Federal Law Enforcement Officers, 2016 - Statistical Tables  NCJ 251922",,,,
"Data Source: Bureau of Justice Statistics, Census of Federal Law Enforcement Officers, 2016.",,,,
"Author: Connor Brooks, BJS Statistician",,,,
Refer questions to: askbjs@usdoj.gov   202-307-0765,,,,
Date of version: 10/25/19,,,,
,,,,
"Table 1. Distribution of full-time federal law enforcement officers, by department or branch, 2016",,,,
Department/branch,,Number,Percent,
,Total,"132,110",100,%
Department of Homeland Security,,"62,125",47,
Department of Justice,,"43,666",33.1,
Other executive branch agencies,,"15,414",11.7,
Independent agencies,,"4,943",3.7,
Judicial branch,,"4,141",3.1,
Legislative branch,,"1,821",1.4,
"Source: Bureau of Justice Statistics, Census of Federal Law Enforcement Officers, 2016.",,,,
