Bureau of Justice Statistics,,
Filename: fleo16stf01.csv,,
"Figure 1. Distribution of full-time federal law enforcement officers, by department or branch, 2016 ",,
"Report title: Federal Law Enforcement Officers, 2016 - Statistical Tables  NCJ 251922",,
"Data Source: Bureau of Justice Statistics, Census of Federal Law Enforcement Officers, 2016.",,
"Author: Connor Brooks, BJS Statistician",,
Refer questions to: askbjs@usdoj.gov   202-307-0765,,
Date of version: 10/25/19,,
,,
"Figure 1. Distribution of full-time federal law enforcement officers, by department or branch, 2016 ",,
Department/branch,Percent,
Department of Homeland Security,47,%
Department of Justice,33.1,
Other executive branch agencies,11.7,
Independent agencies,3.7,
Judicial branch,3.1,
Legislative branch,1.4,
Note: See table 1 for counts and percentages.,,
"Source: Bureau of Justice Statistics, Census of Federal Law Enforcement Officers, 2016.",,
