"Bureau of Justice Statistics",,,,,,,,
"Filename:  cf01t6_05.csv",,,,,,,,
"Table 6.5.  Criminal appeals cases terminated on the merits, by nature of offense, October 1, 2000 - September 30, 2001",,,,,,,,
"Report title:  Compendium of Federal Justice Statistics, 2001   NCJ 201627",,,,,,,,
"Data source:  Federal justice statistics database maintained by The Urban Institute",,,,,,,,
"Author:  Urban Institute under the supervision of BJS",,,,,,,,
"Refer  questions to:  askbjs@ojp.usdoj.gov  202-307-0765",,,,,,,,
"Report title:  Compendium of Federal Justice Statistics",,,,,,,,
"Date of version: 11/25/03",,,,,,,,
,,,,,,,,
"Table 6.5.  Criminal appeals cases terminated on the merits, by nature of offense, October 1, 2000 - September 30, 2001",,,,,,,,
,,,,,,,,
,,,,"Percent of criminal appeals cases terminated on the merits",,,,
"Most serious offense",,,"Total","Affirmed","Remanded or reversed","Partially affirmed","Dismissed","Other"
,,"All offenses",8577,79.0,9.1,4.4,7.1,0.4
"Violent offenses",,,498,76.3,12.9,3.8,6.6,0.4
,"Murder*",,84,76.2,10.7,4.8,8.3,0.0
,"Negligent manslaughter",,1,"--","--","--","--","--"
,"Assault",,51,76.5,15.7,2.0,5.9,0.0
,"Robbery",,233,79.8,11.6,4.3,4.3,0.0
,"Sexual abuse*",,79,77.2,8.9,3.8,10.1,0.0
,"Kidnaping",,47,61.7,23.4,2.1,8.5,4.3
,"Threats against the President",,3,"--","--","--","--","--"
"Property offenses",,,1269,77.7,9.7,5.8,6.1,0.8
,"Fraudulent",,973,78.2,9.5,5.2,6.3,0.8
,,"Embezzlement",69,75.4,4.3,10.1,7.2,2.9
,,"Fraud*",809,77.3,10.8,5.1,6.2,0.7
,,"Forgery",12,83.3,0.0,8.3,8.3,0.0
,,"Counterfeiting",83,89.2,2.4,2.4,6.0,0.0
,"Other",,296,76.0,10.5,7.4,5.4,0.7
,,"Burglary",4,"--","--","--","--","--"
,,"Larceny",121,80.2,9.9,5.8,4.1,0.0
,,"Motor vehicle theft",64,75.0,6.3,12.5,3.1,3.1
,,"Arson and explosives",57,73.7,15.8,7.0,3.5,0.0
,,"Transportation of stolen property",45,68.9,11.1,4.4,15.6,0.0
,,"Other property offenses",5,"--","--","--","--","--"
"Drug offenses",,,3449,78.1,8.3,5.3,7.9,0.4
"Public-order offenses",,,756,75.0,12.2,7.7,4.5,0.7
,"Regulatory",,140,66.4,22.9,6.4,4.3,0.0
,,"Agriculture",13,46.2,46.2,7.7,0.0,0.0
"        Antitrust",,,7,"--","--","--","--","--"
,,"Food and drug",6,"--","--","--","--","--"
,,"Transportation",14,57.1,21.4,21.4,0.0,0.0
,,"Civil rights",21,57.1,38.1,4.8,0.0,0.0
,,"Communications",1,"--","--","--","--","--"
,,"Custom laws",12,75.0,16.7,0.0,8.3,0.0
,,"Postal laws",3,"--","--","--","--","--"
,,"Other regulatory offenses",63,69.8,17.5,6.3,6.3,0.0
,"Other",,616,76.9,9.7,8.0,4.5,0.8
,,"Tax law violations*",71,84.5,5.6,7.0,1.4,1.4
,,"Bribery",15,93.3,6.7,0.0,0.0,0.0
,,"Perjury, contempt, and intimidation",73,53.4,15.1,27.4,2.7,1.4
,,"National defense",12,100.0,0.0,0.0,0.0,0.0
,,"Escape",63,69.8,12.7,4.8,12.7,0.0
,,"Racketeering and extortion",256,81.3,8.6,5.5,4.7,0.0
,,"Gambling",2,"--","--","--","--","--"
"        Liquor offenses",,,1,"--","--","--","--","--"
,,"Nonviolent sex offenses",88,76.1,10.2,6.8,5.7,1.1
,,"Obscene material*",3,"--","--","--","--","--"
,,"Traffic",7,"--","--","--","--","--"
,,"Migratory birds",1,"--","--","--","--","--"
,,"All other offenses*",24,70.8,16.7,4.2,0.0,8.3
"Weapon offenses",,,915,83.3,8.5,3.0,4.9,0.3
"Immigration offenses",,,1357,84.5,6.6,0.6,8.3,0.1
"Unknown or indeterminable offense",,,333,72.1,14.4,3.6,9.0,0.9
,,,,,,,,
"--Too few cases to obtain statistically reliable data.",,,,,,,,
