Bureau of Justice Statistics,,,
Filename: iaichrf10.cvs,,,
"Figure 10. State repository backlog, by type of record, 1995-2001",,,
Report title: Improving Access to and Integrity of Criminal History Records #NCJ 200581,,,
Data source: Survey of State Criminal History Information Systems,,,
Author: Peter M. Brien,,,
Refer questions to: askbjs@usdoj.gov 202-307-0765,,,
Date: 7/20/2005,,,

"Figure 10. State repository backlog, by type of record, 1995-2001",,,

,Number of records in State repository backlogs,,
,Fingerprint cards,Court disposition forms,Custody supervision reports
1995,664393,2213600,270075
1997,710950,938400,46500
1999,611150,1279550,126310
2001,354300,2047600,134020
