Bureau of Justice Statistics,
Filename: iaichrf6.cvs,
"Figure 6. Number of files in the National Protection Order File, 2000-03",
Report title: Improving Access to and Integrity of Criminal History Records #NCJ 200581,
"Data source: FBI, National Crime Information Center",
Author: Peter M. Brien,
Refer questions to: askbjs@usdoj.gov 202-307-0765,
Date: 7/20/2005,

"Figure 6. Number of files in the National Protection Order File, 2000-03",

NCIC File,Protection Order File
2000,
Jan,233819
Feb,246321
Mar,258449
Apr,272009
May,284197
Jun,313112
Jul,327762
Aug,340979
Sep,381436
Oct,396546
Nov,407229
Dec,411570
2001,
Jan,418982
Feb,428170
Mar,435904
Apr,446257
May,463420
Jun,489040
Jul,501211
Aug,523010
Sep,537353
Oct,552778
Nov,561709
Dec,570632
2002,
Jan,601089
Feb,609759
Mar,638753
Apr,652136
May,672241
Jun,672241
Jul,688439
Aug,721131
Sep,735308
Oct,748126
Nov,756715
Dec,758657
2003,
Jan,760458
Feb,754033
