Bureau of Justice Statistics,,,
Filename: iaichrf9.cvs,,,
"Figure 9. Average number of days required for repositories to post information to a record, 1995-2001",,,
Report title: Improving Access to and Integrity of Criminal History Records #NCJ 200581,,,
Data source: Survey of State Criminal History Information Systems,,,
Author: Peter M. Brien,,,
Refer questions to: askbjs@usdoj.gov 202-307-0765,,,
Date: 7/20/2005,,,

"Figure 9. Average number of days required for repositories to post information to a record, 1995-2001",,,

,Average number of days required for respositories to post,,
,Arrest information ,Final court dispositions,Prison admissions
1995,32,33,49
1997,31,34,29
1999,28,24,43
2001,13,25,22
