Bureau of Justice Statistics,,,,,,,,,
Filename: p06at12,,,,,,,,,
"Appendix table 12: Prisoners under military jurisdiction, by branch of service, yearend 2005 and  2006",,,,,,,,,
Report title: Prisoners in 2006 NCJ 219416,,,,,,,,,
"Data source: National Prisoner Statistics, 1B",,,,,,,,,
"Author(s): William J. Sabol, Heather Couture, and Paige M. Harrison",,,,,,,,,
Refer questions to: askbjs@usdoj.gov 202-307-0765,,,,,,,,,
Date of version: 12/5/07,,,,,,,,,

"Appendix table 12. Prisoners under military jurisdiction, by branch of service, yearend 2005 and 2006",,,,,,,,,
,,Total,,,,Sentenced to more than 1 year,,,
Branch of service,,2005,2006,"Percent change, 2005-06",,2005,2006,"Percent change, 2005-06",
,Total,"2,322","1,944",-16.3,%,"1,340","1,135",-15.3,%
To which prisoners belonged,,,,,,,,,
,Air Force,422,328,-22.3,,258,215,-16.7,
,Army,949,880,-7.3,,638,542,-15,
,Marine Corps,527,407,-22.8,,209,167,-20.1
,Navy,406,315,-22.4,,223,201,-9.9
,Coast Guard,18,14,-22.2,,12,10,-16.7
Holding prisoners,,,,,,,,
,Air Force,120,92,-23.3,,24,20,-16.7
,Army,"1,059",996,-5.9,,818,711,-13.1
,Marine Corps,470,329,-30,,133,98,-26.3
,Navy,673,527,-21.7,,365,306,-16.2
