Bureau of Justice Statistics,,,,,,,,,,
Filename: p06at11,,,,,,,,,,
"Appendix table 11: Prisoners in custody of correctional authorities in the U.S. territories and commonwealths, yearend 2005 and 2006",,,,,,,,,,
Report title: Prisoners in 2006 NCJ 219416,,,,,,,,,,
"Data source: National Prisoner Statistics, 1B",,,,,,,,,,
"Author(s): William J. Sabol, Heather Couture, and Paige M. Harrison",,,,,,,,,,
Refer questions to: askbjs@usdoj.gov 202-307-0765,,,,,,,,,,
Date of version: 12/5/07,,,,,,,,,,

"Appendix table 11. Prisoners in custody of correctional authorities in the U.S. territories and commonwealths, yearend 2005 and 2006",,,,,,,,,,
,,Total,,,,Sentenced to more than 1 year,,,,
Jurisdiction,,2005,2006,"Percent change, 2005-2006",,2005,2006,"Percent change, 2005-2006",,"Incarceration rate, 2006*"
,Total,"15,735","15,205",-3.4,%,"12,399","11,743",-5.3,%,
American Samoa,,222,210,-5.4,,174,113,-35.1,,301
Guam,,505,495,-2,,238,337,41.6,,139
Commonwealth of the Northern Marina Islands,,149,126,-15.4,,83,76,-8.4,,101
Commonwealth of Puerto Rico,,"14,263","13,788",-3.3,,"11,469","10,789",-5.9,,292
U.S. Virgin Islands,,596,586,-1.7,,435,428,-1.6,,401
"*The number of prisoners with a sentence of more than 1 year per 100,000 persons in the resident population.  July 1, 2006 population estimates were provided by the U.S. Census Bureau, International Data Base.",,,,,,,,,,
