Bureau of Justice Statistics,,,,
Filename: p06bt01,,,,
Box table 1: Total incarcerated population at yearend 2006,,,,
Report title: Prisoners in 2006 NCJ 219416,,,,
"Data source: National Prisoner Statistics, 1B",,,,
"Author(s): William J. Sabol, Heather Couture, and Paige M. Harrison",,,,
Refer questions to: askbjs@usdoj.gov 202-307-0765,,,,
Date of version: 11/28/07,,,,

Box table 1.Total incarcerated population at yearend 2006,,,,
,Number of inmates in custody,,,
,2005,2006,"Percent change, 2005-2006",
Total,"2,320,634","2,385,213",2.8,%
Federal and State prisons/a,"1,448,344","1,492,973",3.1,
Territorial prisons,"15,735","15,205",-3.4,
Local jails/b,"747,529","766,010",2.5,
ICE facilities,"10,104","14,482",43.3
Military facilties,"2,322","1,944",-16.3
Jails in Indian country/c,"1,745","1,745",0
Juvenile facilties/d,"94,875","92,854",-2.1
Note: Data are based on custody counts.  See Appendix tables 11 and 12 for custody counts in U.S. Territories and Commonwealths.,,,
a/Excludes State and Federal prisoners housed in local jails.,,,
b/As of June 30 of each year.,,,
"c/As of June 30, 2004",,,
"d/Counts are form the Census of Juveniles in Residential Placement (CJRP), conducted by Office of Juvenile Justice and Delinquency Prevention.  The 2005 counts if for October 22, 2003; for 2006, the count is as of March 29, 2006. ",,,
