Bureau of Justice Statistics,,,,
Filename: p06t05,,,,
"Table 5: State and prison populations as a percent of capacity, 1995 and 2000-2006",,,,
Report title: Prisoners in 2006 NCJ 219416,,,,
"Data source: National Prisoner Statistics, 1B",,,,
"Author(s): William J. Sabol, Heather Couture, and Paige M. Harrison",,,,
Refer questions to: askbjs@usdoj.gov 202-307-0765,,,,
Date of version: 12/5/07,,,,

"Table 5: State and prison populations as a percent of capacity, 1995 and 2000-2006",,,,
Year,Highest capacity,,Lowest capacity,
1995,114,%,125,%
2000,100,,115,
2001,101,,116,
2002,101,,117,
2003,100,,116,
2004,99,,115
2005,99,,114
2006,98,,114
"State capacity, 2006","1,253,261",,"1,074,570"
"Note: Capacity excludes prisoners held in local jails and in privately operated facilities, with exceptions.  See Appendix table 5 for State-level data and States that include private facilities in capacity.",,,
