Bureau of Justice Statistics,,,,,
Filename: p06t10,,,,,
"Table 10: Ratio of incarceration rates for prisoners under State or Federal jurisdiction sentenced to more than 1 year, by gender, race, and Hispanic origin",,,,,
Report title: Prisoners in 2006 NCJ 219416,,,,,
"Data source: National Prisoner Statistics, 1B",,,,,
"Author(s): William J. Sabol, Heather Couture, and Paige M. Harrison",,,,,
Refer questions to: askbjs@usdoj.gov 202-307-0765,,,,,
Date of version: 12/5/07,,,,,

"Table 10. Ratio of incarceration rates for prisoners under State or Federal jurisdiction sentenced to more than 1 year, by gender, race and Hispanic origin",,,,,
"Gender, race, Hispanic origin",,,"Ratios of incarceration rates per 100,000 U.S. residents",,
Male,,,2000,2005,2006
,Black to white/a,,7.8,6.7,6.2
,Hispanic to white/b,,3.5,2.6,2.6
Female,,,,,
,Black to white/a,,5.3,3.5,3.1
,Hispanic to white/b,,2.4,1.7,1.7
"Note: Number of sentenced prisoners under State or Federal jurisdiction per 100,000 U.S. residents.  See Appendix table 7 for distributions by age and gender.",,,,,
a/Excludes Hispanic or Latino persons.,,,,,
b/Hispanic refers to Hispanic or Latino persons.  White excludes Hispanic or Latino persons.  Black or African-American excluded from both categories.,,,,,
