﻿Bureau of Justice Statistics,,,,,,,,,,,,,,,,,,,
Filename: cbpp20t04.csv,,,,,,,,,,,,,,,,,,,
"Table 4. U.S. residents age 16 or older whose most recent police contact was police-initiated, by reason and demographic characteristics, 2020",,,,,,,,,,,,,,,,,,,
"Report title: Contacts Between Police and the Public, 2020 NCJ 304527",,,,,,,,,,,,,,,,,,,
"Data Source: Bureau of Justice Statistics, Police-Public Contact Survey, 2020",,,,,,,,,,,,,,,,,,,
"Authors: Susannah N. Tapp, Ph.D., and Elizabeth J. Davis, BJS Statisticians",,,,,,,,,,,,,,,,,,,
Refer questions to: askbjs@usdoj.gov 202-307-0765,,,,,,,,,,,,,,,,,,,
Date of version: 11/18/2022,,,,,,,,,,,,,,,,,,,
,,,,,,,,,,,,,,,,,,,
"Table 4. U.S. residents age 16 or older whose most recent police contact was police-initiated, by reason and demographic characteristics, 2020",,,,,,,,,,,,,,,,,,,
,,,,,Reason,,,,,,,,,,,,,,
,,Police-initiated most recent contact,,,"Traffic stop, driver/a",,,"Traffic stop, passenger",,,Street stop/b,,,Arrested/c,,,"Approached, other/d",,
Demographic characteristic,,Number,Percent,,Number,Percent,,Number,Percent,,Number,Percent,,Number,Percent,,Number,Percent,
,Total,"21,837,200",100,%,"13,718,100",62.8,%,"3,468,300",15.9,%,"1,918,800",8.8,%,"268,600",1.2,%,"2,463,500",11.3,%
Sex,,,,,,,,,,,,,,,,,,,
,Male*,"12,102,900",100,%,"8,267,700",68.3,%,"1,327,200",11,%,"1,077,600",8.9,%,"190,100",1.6,%,"1,240,300",10.2,%
,Female,"9,734,300",100,,"5,450,500",56, †,"2,141,000",22, †,"841,200",8.6,,"78,500",0.8,,"1,223,200",12.6,
Race/Hispanic origin,,,,,,,,,,,,,,,,,,,
,White/e*,"14,376,600",100,%,"9,031,500",62.8,%,"2,127,300",14.8,%,"1,311,500",9.1,%,"177,300",1.2,%,"1,728,900",12,%
,Black/e,"2,484,900",100,,"1,537,100",61.9,,"364,000",14.6, ‡,"252,300",10.2,,"43,100",1.7,,"288,300",11.6,
,Hispanic,"3,179,600",100,,"2,061,600",64.8,,"595,900",18.7,,"221,800",7, ‡,"36,100",1.1,,"264,200",8.3,
,Asian/e,"1,162,400",100,,"759,900",65.4, †,"206,100",17.7, †,"79,500",6.8,,:,:,,"110,600",9.5, †
,"Other/e,f","633,700",100,,"328,000",51.8, †,"174,900",27.6, †,"53,700",8.5,,:,:,,"71,500",11.3, †
Age,,,,,,,,,,,,,,,,,,,
,16–24*,"4,742,000",100,%,"2,663,000",56.2,%,"1,243,500",26.2,%,"485,700",10.2,%,"55,600",1.2,%,"294,200",6.2,%
,25–44,"8,964,400",100,,"6,014,500",67.1, ‡,"1,208,000",13.5,,"726,900",8.1,,"126,100",1.4,,"888,900",9.9, †
,45–64,"5,839,500",100,,"3,731,200",63.9, †,"719,100",12.3, †,"471,500",8.1,,"75,800",1.3, †,"841,800",14.4, †
,65 or older,"2,291,400",100,,"1,309,500",57.1, †,"297,700",13,,"234,700",10.2, †,:,:,,"438,600",19.1, †
Note: Details may not sum to totals due to rounding. See appendix table 4 for standard errors.,,,,,,,,,,,,,,,,,,,
*Comparison group.,,,,,,,,,,,,,,,,,,,
†Difference with comparison group is significant at the 95% confidence level.,,,,,,,,,,,,,,,,,,,
‡Difference with comparison group is significant at the 90% confidence level. ,,,,,,,,,,,,,,,,,,,
":Not shown. Sample size is below the minimum threshold, or coefficient of variation is greater than 50%. ",,,,,,,,,,,,,,,,,,,
"a/Estimates are based on the driving population, which was 234,321,518 in 2020.",,,,,,,,,,,,,,,,,,,
b/Includes residents who were approached by police while in a public place or parked vehicle.,,,,,,,,,,,,,,,,,,,
"c/Includes residents who reported an arrest outside of the context of a traffic stop, street stop, or traffic accident as the sole type of police contact. A contact that involved arrest as an outcome of another type of contact is counted in the initial type.",,,,,,,,,,,,,,,,,,,
"d/Includes residents who reported police-initiated contact for some other reason, such as for information about a crime, to inform the resident about issues in the neighborhood or perform a wellness check, police accidentally went to the wrong address, police were looking for a lost pet, or as part of the resident’s work as a first responder or volunteer. ",,,,,,,,,,,,,,,,,,,
"e/Excludes persons of Hispanic origin (e.g., “white” refers to non-Hispanic white persons and “black” refers to non-Hispanic black persons).",,,,,,,,,,,,,,,,,,,
"f/Includes persons who are American Indian or Alaska Native, Native Hawaiian or Other Pacific Islander, or of two or more races. ",,,,,,,,,,,,,,,,,,,
"Source: Bureau of Justice Statistics, Police-Public Contact Survey, 2020.",,,,,,,,,,,,,,,,,,,
