﻿Bureau of Justice Statistics,,,,,
Filename: cbpp20at07.csv,,,,,
"Appendix Table 7. Standard errors for table 7: Percent of U.S. residents age 16 or older whose most recent police contact involved misconduct, by demographic characteristics, 2018 and 2020",,,,,
"Report title: Contacts Between Police and the Public, 2020 NCJ 304527",,,,,
"Data Source: Bureau of Justice Statistics, Police-Public Contact Survey, 2018 and 2020",,,,,
"Authors: Susannah N. Tapp, Ph.D., and Elizabeth J. Davis, BJS Statisticians",,,,,
Refer questions to: askbjs@usdoj.gov 202-307-0765,,,,,
Date of version: 11/18/2022,,,,,
,,,,,
"Appendix Table 7. Standard errors for table 7: Percent of U.S. residents age 16 or older whose most recent police contact involved misconduct, by demographic characteristics, 2018 and 2020",,,,,
,,2018,,2020,
Any misconduct,,0.09,%,0.11,%
,Slur,0.03,,0.03,
,Bias,0.09,,0.11,
,Sexual misconduct,0.03,,:,
Sex,,,,,
,Male,0.15,%,0.18,%
,Female,0.1,,0.12,
Race/Hispanic origin,,,,,
,White,0.07,%,0.06,%
,Black,0.61,,0.82,
,Hispanic,0.26,,0.23,
,Other,0.33,,0.44,
Age,,,,,
,16–24,0.33,%,0.44,%
,25–44,0.15,,0.21,
,45–64,0.12,,0.11,
,65 or older,0.08,,0.12,
":Not calculated. Sample size is below the minimum threshold, or coefficient of variation is greater than 50%.",,,,,
"Source: Bureau of Justice Statistics, Police-Public Contact Survey, 2018 and 2020.",,,,,
