﻿Bureau of Justice Statistics,,,,,,,,,,,,,,,,,,,,,
Filename: cbpp20at08.csv,,,,,,,,,,,,,,,,,,,,,
"Appendix Table 8. Standard errors for table 8: Percent of U.S. residents age 16 or older whose most recent police contact was police-initiated or related to a traffic accident, by race or Hispanic origin and police action, 2018 and 2020",,,,,,,,,,,,,,,,,,,,,
"Report title: Contacts Between Police and the Public, 2020 NCJ 304527",,,,,,,,,,,,,,,,,,,,,
"Data Source: Bureau of Justice Statistics, Police-Public Contact Survey, 2018 and 2020",,,,,,,,,,,,,,,,,,,,,
"Authors: Susannah N. Tapp, Ph.D., and Elizabeth J. Davis, BJS Statisticians",,,,,,,,,,,,,,,,,,,,,
Refer questions to: askbjs@usdoj.gov 202-307-0765,,,,,,,,,,,,,,,,,,,,,
Date of version: 11/18/2022,,,,,,,,,,,,,,,,,,,,,
,,,,,,,,,,,,,,,,,,,,,
"Appendix Table 8. Standard errors for table 8: Percent of U.S. residents age 16 or older whose most recent police contact was police-initiated or related to a traffic accident, by race or Hispanic origin and police action, 2018 and 2020",,,,,,,,,,,,,,,,,,,,,
,,2018,,,,,,,,,,2020,,,,,,,,,
,,,,Race/Hispanic origin,,,,,,,,,,Race/Hispanic origin,,,,,,,
,,Total,,White,,Black,,Hispanic,,Other ,,Total,,White,,Black,,Hispanic,,Other,
,Any police action,0.22,%,0.22,%,0.93,%,0.78,%,0.75,%,0.28,%,0.31,%,1.28,%,0.63,%,0.7,%
Shouting,,0.16,%,0.15,%,0.56,%,0.51,%,0.57,%,0.17,%,0.2,%,0.79,%,0.4,%,0.51,%
Cursing,,0.11,%,0.09,%,0.58,%,0.28,%,:,,0.11,%,0.12,%,0.59,%,:,,:,
Threat/nonfatal use of force,,0.21,%,0.2,%,0.86,%,0.72,%,0.69,%,0.25,%,0.27,%,1.2,%,0.55,%,0.61,%
,Threat of force,0.12,,0.1,,0.62,,0.39,,:,,0.11,,0.07,,0.68,,0.31,,:,
,Handcuffing,0.19,,0.17,,0.79,,0.65,,0.69,,0.22,,0.26,,0.74,,0.51,,0.6,
,Pushing/grabbing/hitting/kicking,0.11,,0.09,,0.56,,0.39,,0.47,,0.11,,0.11,,0.57,,0.29,,:,
,Using weapon/other force,0.09,,0.06,,0.33,,0.31,,:,,0.08,,0.05,,:,,:,,:,
":Not calculated. Sample size is below the minimum threshold, or coefficient of variation is greater than 50%.",,,,,,,,,,,,,,,,,,,,,
"Source: Bureau of Justice Statistics, Police-Public Contact Survey, 2018 and 2020.",,,,,,,,,,,,,,,,,,,,,
