Bureau of Justice Statistics,,,,,,,,
Filename: jic22t02.csv,,,,,,,,
"Table 2. Indian country jails and persons held, by facility size, midyear 2022",,,,,,,,
"Report title: Jails in Indian Country, 2022   NCJ 306307",,,,,,,,
"Data Source: Bureau of Justice Statistics, Annual Survey of Jails in Indian Country, 2022",,,,,,,,
"Author: Todd D. Minton, BJS Statistician",,,,,,,,
Refer questions to: askbjs@usdoj.gov 202-307-0765,,,,,,,,
Date of version: 5/19/2023,,,,,,,,
 ,,,,,,,,
"Table 2. Indian country jails and persons held, by facility size, midyear 2022",,,,,,,,
,,Number/b,,,Percent,,,
Facility size/a,,Facilities ,Inmates,,Facilities ,,Inmates,
,Total,80,"2,250",,100,%,100,%
24 or fewer ,,23,160,,28.8,,7.1,
25�49,,30,500,,37.5,,22.2,
50 or more,,27,"1,590",,33.8,,70.7,
Note: Data were imputed for nonresponse and rounded to the nearest 10. Details may not sum to totals due to rounding.,,,,,,,,
"a/Based on the rated capacity, which is the maximum number of beds or inmates assigned by a rating official to a facility, excluding separate temporary holding areas.",,,,,,,,
b/As of the last weekday in June. ,,,,,,,,
"Source: Bureau of Justice Statistics, Annual Survey of Jails in Indian Country, 2022.",,,,,,,,
