Bureau of Justice Statistics,,,,,
Filename: jic22t03.csv,,,,,
"Table 3. Average daily population, admissions, and average length of stay in Indian country jails, by facility size, June 2022",,,,,
"Report title: Jails in Indian Country, 2022   NCJ 306307",,,,,
"Data Source: Bureau of Justice Statistics, Annual Survey of Jails in Indian Country, 2022",,,,,
"Author: Todd D. Minton, BJS Statistician",,,,,
Refer questions to: askbjs@usdoj.gov 202-307-0765,,,,,
Date of version: 5/19/2023,,,,,
 ,,,,,
"Table 3. Average daily population, admissions, and average length of stay in Indian country jails, by facility size, June 2022",,,,,
Facility size/a,,ADP/b,June admissions/c,Average length of stay/d,
,Total,"2,170","5,570",11.7, days
24 or fewer ,,130,830,4.7,
25�49,,480,"2,170",6.6,
50 or more,,"1,550","2,560",18.2,
Note: Data were imputed for nonresponse and rounded to the nearest 10. Details may not sum to totals due to rounding.,,,,,
"a/Based on the rated capacity, which is the maximum number of beds or inmates assigned by a rating official to a facility, excluding separate temporary holding areas.",,,,,
"b/Average daily population (ADP) is the sum of the number of inmates held each day in June, divided by 30.",,,,,
c/Data were imputed for 5 nonresponding facilities in 2022 (370 admissions combined). Data were imputed for 1 facility (20 admissions) that responded to the survey but did not report admissions. ,,,,,
d/The ADP divided by the number of June admissions and multiplied by 30. See Methodology.,,,,,
"Source: Bureau of Justice Statistics, Annual Survey of Jails in Indian Country, 2022.",,,,,
