"Bureau of Justice Statistics",,,,,
"filename:  mhtip1.csv",,,,,
"Table 1.  Measures of mental illness among State prison inmates, 1997",,,,,
"title: Mental Health and Treatment of Inmates and Probationers, NCJ 174463",,,,,
"data source:  1997 Survey of Inmates in State Correctional Facilities",,,,,
"author:  Paula Ditton",,,,,
"refer questions to: askbjs@ojp.usdoj.gov (202)307-0765",,,,,
"date of version: 07/11/99",,,,,
,,,,,
"Table 1.  Measures of mental illness among State prison inmates, 1997",,,,,
,,,,,
,,"Percent",,"Cumulative",
,,,,"percent",
"Reported a mental or",,,,,
"emotional condition",,10.1,"%",10.1,"%"
,,,,,
"Because of a mental or",,,,,
"emotional problem, inmate had...",,,,,
"  Been admitted to a mental",,,,,
"  hospital overnight",,10.7,"%",16.2,"%"
,,,,,
"  Taken a prescribed",,,,,
"  medication",,18.9,"%",23.9,"%"
,,,,,
"  Received professional",,,,,
"  counseling or therapy",,21.8,"%",29.7,"%"
,,,,,
"  Received other mental health ",,,,,
"  services",,3.3,"%",30.2,"%"
