"Bureau of Justice Statistics",,,,,,,,,,,,,,,,
"filename:  mhtip11.csv",,,,,,,,,,,,,,,,
"Table 11.  Alcohol dependence and experiences of inmates and probationers while under the influence of alcohol, by mental health history",,,,,,,,,,,,,,,,
"title: Mental Health and Treatment of Inmates and Probationers, NCJ 174463",,,,,,,,,,,,,,,,
"data source:  1997 Survey of Inmates in State and Federal Correctional Facilities,",,,,,,,,,,,,,,,,
"1996 Survey of Inmates in Local Jails, and the 1995 Survey of Adults on Probation",,,,,,,,,,,,,,,,
"author:  Paula Ditton",,,,,,,,,,,,,,,,
"refer questions to: askbjs@ojp.usdoj.gov (202)307-0765",,,,,,,,,,,,,,,,
"date of version: 07/11/99",,,,,,,,,,,,,,,,
,,,,,,,,,,,,,,,,
"Table 11.  Alcohol dependence and experiences of inmates and probationers while under the influence of alcohol, by mental health history",,,,,,,,,,,,,,,,
,,,,,,,,,,,,,,,,
,,"State prison",,,,"Federal prison",,,,"Local jail",,,,"Probation",,
,"Mentally ill",,"Other",,"Mentally ill",,"Other",,"Mentally ill",,"Other",,"Mentally ill",,"Other",
,"inmates",,"inmates",,"inmates",,"inmates",,"inmates",,"inmates",,"probationers",,"probationers",
,,,,,,,,,,,,,,,,
"History of alcohol dependence* ",34.4,"%",22.4,"%",23.9,"%",15.6,"%",37.9,"%",24.3,"%",34.8,"%",22.1,"%"
,,,,,,,,,,,,,,,,
"Because of your drinking, have you ever --",,,,,,,,,,,,,,,,
"   Lost a job?",16.7,"%",9.0,"%",8.7,"%",4.7,"%",18.0,"%",10.3,"%",19.4,"%",5.3,"%"
,,,,,,,,,,,,,,,,
"   Had job or school trouble ",,,,,,,,,,,,,,,,
"   (such as demotion at work or ",,,,,,,,,,,,,,,,
"   dropping out of school)?",24.0,,13.8,,15.4,,7.1,,"--",,"--",,25.2,,10.5,
,,,,,,,,,,,,,,,,
"   Been arrested or held at a police ",,,,,,,," ",,,,,,,,
"   station?",35.2,,28.3,,30.7,,18.3,,41.5,,30.7,,45.7,,41.1,
,,,,,,,,,,,,,,,,
"While drinking have you ever --",,,,,,,,,,,,,,,,
"   Gotten into a physical fight ?",45.7,"%",37.0,"%",36.4,"%",21.7,"%",49.8,"%",34.1,"%",43.9,"%",30.3,"%"
,,,,,,,,,,,,,,,,
"   Had as much as a fifth of liquor",,,,,,,,,,,,,,,,
"   in 1 day, 20 drinks, 3 six-packs",,,,,,,,,,,,,,,,
"   of beer, or 3 bottles of wine?",48.8,,39.5,,43.9,,29.2,,52.9,,38.0,,45.7,,33.7,
,,,,,,,,,,,,,,,,
"* Measured by 3 or more positive CAGE responses.  For description of the CAGE diagnostic measure see text.",,,,,,,,,,,,,,,,
