"Bureau of Justice Statistics",,,,,,,,,,,,,,,,,
"filename:  mhtip9.csv",,,,,,,,,,,,,,,,,
"Table 9.  Prior physical or sexual abuse of inmates and probationers, by mental health status",,,,,,,,,,,,,,,,,
"title: Mental Health and Treatment of Inmates and Probationers, NCJ 174463",,,,,,,,,,,,,,,,,
"data source:  1997 Survey of Inmates in State and Federal Correctional Facilities,",,,,,,,,,,,,,,,,,
"1996 Survey of Inmates in Local Jails, and the 1995 Survey of Adults on Probation",,,,,,,,,,,,,,,,,
"author:  Paula Ditton",,,,,,,,,,,,,,,,,
"refer questions to: askbjs@ojp.usdoj.gov (202)307-0765",,,,,,,,,,,,,,,,,
"date of version: 07/11/99",,,,,,,,,,,,,,,,,
,,,,,,,,,,,,,,,,,
,,,,,,,,,,,,,,,,,
"Table 9.  Prior physical or sexual abuse of inmates and probationers, by mental health status",,,,,,,,,,,,,,,,,
,,,,,,,,,,,,,,,,,
,,,"State prison",,,,"Federal prison",,,,"Local jail",,,,"Probation",,
,,"Mentally ill",,"Other",,"Mentally ill",,"Other",,"Mentally ill",,"Other",,"Mentally ill",,"Other",
,,"inmates",,"inmates",,"inmates",,"inmates",,"inmates",,"inmates",,"probationers",,"probationers",
,,,,,,,,,,,,,,,,,
"Ever abused before admission",,36.9,"%",15.2,"%",34.1,"%",7.6,"%",36.5,"%",12.5,"%",38.8,"%",12.1,"%"
"   Male",,32.8,,13.1,,30.0,,5.5,,30.7,,9.6,,31.0,,6.5,
"   Female",,78.4,,50.9,,64.1,,36.1,,72.9,,40.3,,59.4,,35.7,
,,,,,,,,,,,,,,,,,
"Physically abused",,31.0,"%",12.5,"%",27.5,"%",6.4,"%",30.0,"%",10.1,"%",28.1,"%",9.8,"%"
"     Male",,27.4,,10.8,,24.5,,4.7,,25.3,,8.0,,21.0,,5.1,
"     Female",,67.6,,40.2,,50.0,,29.4,,59.8,,30.8,,46.7,,29.7,
,,,,,,,,,,,,,,,,,
"Sexually abused",,19.0,"%",5.8,"%",15.6,"%",2.7,"%",23.5,"%",5.9,"%",21.9,"%",5.8,"%"
"     Male",,15.0,,4.1,,11.6,,1.5,,17.2,,3.4,,14.2,,2.4,
"     Female",,58.9,,33.1,,45.0,,19.3,,63.4,,29.6,,42.3,,19.9,
