"Bureau of Justice Statistics",,,,
"filename:  mhtip1a.csv",,,,
"Text table page 4.  Victim characteristics and use of weapon, by mental health",,,,
"status of violent State prisoners",,,,
"title: Mental Health and Treatment of Inmates and Probationers, NCJ 174463",,,,
"data source:  1997 Survey of Inmates in State Correctional Facilities",,,,
"author:  Paula Ditton",,,,
"refer questions to: askbjs@ojp.usdoj.gov (202)307-0765",,,,
"date of version: 07/11/99",,,,
,,,,
"Victim characteristics and use of weapon, by mental health status of violent State prisoners",,,,
,,,,
,"Mentally ill",,"Other",
,"inmates",,"inmates",
,,,,
"Gender of victim(s)",,,,
"  Male",44.3,"%",51.5,"%"
"  Female",44,,37.5,
"  Both males and females",11.7,,10.9,
,,,,
"Age of youngest victim",,,,
"   12 or younger",15.4,"%",10.2,"%"
"   13-17",11.6,,11,
"   18-24",17.3,,20.7,
"   25-34",25.7,,30.9,
"   35-54",23.8,,22.8,
"   55 or older",6.2,,4.3,
,,,,
"Victim-offender relationship",,,,
"   Knew victim/a",60.8,"%",52.1,"%"
"   Relative",15.6,,10.3,
"   Intimate/b",11.6,,8.6,
"   Friend/acquaintance",29.8,,27.7,
"   Other/c",6.5,,6.9,
"   Knew none of victims",39.1,,47.9,
,,,,
"Use of weapon",,,,
"   Yes",44,"%",41.9,"%"
"   No",56,,58.1,
,,,,
"a:  More than one victim may have been reported.",,,,
"b:  Includes spouse, ex-spouse, boyfriend, girlfriend, ex-boyfriend, and ex-girlfriend.",,,,
"c:  Includes those known by sight only.",,,,
