Bureau of Justice Statistics,,,
Filename:   cpp05t06.csv,,,
Table 6. Reasons police gave drivers for pulling them over in 2005  ,,,
"Report title:   Contacts between Police and the Public, 2005; NCJ 215243",,,
Data source:   2005 Police-Public Contact Survey,,,
"Authors:   Matthew Durose, Erica Smith, Patrick Langan",,,
Refer questions to:   askbjs@usdoj.gov   (202) 307-0765,,,
"Date of version: April 29, 2007 ",,,

Table 6. Reasons police gave drivers for pulling them over in 2005  ,,,

Reason for traffic stop,,Percent of stopped drivers,
,Total,100,%
Speeding,,53.3,%
Vehicle defect,,9.6,
Record check,,10.7,
Roadside check for drunk drivers,,2.2
Seatbelt violation,,4.7
Illegal turn or lane change,,5.7
Stop sign/light violation,,7.2
Other traffic violation,,2.6
Other,,3.9

Note: Detail may not add to total because of rounding. Table excludes 2% of stopped drivers who said police had not given a reason for the stop. ,,
