Bureau of Justice Statistics,,,,,
Filename:   cpp05t10.csv,,,,,
Table 10. Demographic characteristics of persons who had a police contact in which force was used in 2005 ,,,,,
"Report title:   Contacts between Police and the Public, 2005; NCJ 215243",,,,,
Data source:   2005 Police-Public Contact Survey,,,,,
"Authors:   Matthew Durose, Erica Smith, Patrick Langan",,,,,
Refer questions to:   askbjs@usdoj.gov   (202) 307-0765,,,,,
"Date of version: April 29, 2007 ",,,,,

Table 10. Demographic characteristics of persons who had a police contact in which force was used in 2005 ,,,,,

,,Percent of persons who had contact with police in 2005,,,
Characteristic of resident,,Total,,Contacts in which force was used,
,Total ,100,%,100,%
Gender,,,,,
,Male,54,%,72.4,%
,Female,46,,27.6,
Race/Hispanic origin,,,,,
,White/a,76,%,56.8,%
,Black/African American/a,10,,26.3,
,Hispanic/Latino,10,,13.7,
,"Other/a,b",4,,--,
,Two or more races/a,1.1,,2.7,c
Age,,,,,
,16-29,35,%,60.3,%
,30 or older,66,,39.7,
Estimated number,,"43,537,370",,"707,520",

--Less than 0.5%.,,,,,
a/Excludes persons of Hispanic origin.,,,,,
"b/Includes American Indians, Alaska Natives, Asians, Native Hawaiians, and other Pacific Islanders.",,,,,
c/Estimate is based on 10 or fewer sample cases.,,,,,
