Bureau of Justice Statistics,,,,,
Filename:   cpp05t01.csv,,,,,
"Table 1. Percent of U.S. population who had contact with police in 2002 and 2005, by demographic characteristics",,,,,
"Report title:   Contacts between Police and the Public, 2005; NCJ 215243",,,,,
Data source:   2005 Police-Public Contact Survey,,,,,
"Authors:   Matthew Durose, Erica Smith, Patrick Langan",,,,,
Refer questions to:   askbjs@usdoj.gov   (202) 307-0765,,,,,
"Date of version: April 29, 2007 ",,,,,

"Table 1. Percent of U.S. population who had contact with police in 2002 and 2005, by demographic characteristics",,,,,

,,Percent of U.S. population age 16 or older who had contact with police,,,
Characteristic of resident,,2002,,2005,
,Total,21,%,19.1,%
Gender,,,,,
,Male,23,%,21.1,%
,Female,19.2,,17.2,
Race/Hispanic origin,,,,,
,White/a,22,%,20.2,%
,Black/African American/a,19,,16.5,
,Hispanic/Latino,17.5,,15.8,
,"Other/a,b",16.2,,15.2,
,Two or more races/a,--,,27.6,
Age,,,,,
,16-17,21,%,20.8,%
,18-24,32,,29.3,
,25-34,25,,23.2,
,35-44,23.1,,20.4,
,45-54,20.3,,19,
,55-64,16,,14.5,
,65 or older,10,,8.3,
Estimated number,,"45,278,880",,"43,537,370",

Note: Detail may not add to total because of rounding. See Methodology for the distribution of the number of police contacts and the U.S. population. 
 --Not available. See Methodology for more information.
a/Excludes persons of Hispanic origin.
"b/Includes American Indians, Alaska Natives, Asians, Native Hawaiians, and other Pacific Islanders.   "
