Bureau of Justice Statistics,,,,,,,,,
Filename:   cpp05t09.csv,,,,,,,,,
"Table 9. Number and percent of contacts with police in which force was used in 2002 and 2005, by demographic characteristics  ",,,,,,,,,
"Report title:   Contacts between Police and the Public, 2005; NCJ 215243",,,,,,,,,
Data source:   2005 Police-Public Contact Survey,,,,,,,,,
"Authors:   Matthew Durose, Erica Smith, Patrick Langan",,,,,,,,,
Refer questions to:   askbjs@usdoj.gov   (202) 307-0765,,,,,,,,,
"Date of version: April 29, 2007 ",,,,,,,,,

"Table 9. Number and percent of contacts with police in which force was used in 2002 and 2005, by demographic characteristics  ",,,,,,,,,

,,Contacts with police in which force was used,,,,,,,
,,Number,,,,Percent,,,
Characteristic of resident ,,2002,,2005,,2002,,2005,
,Total,"664,460",,"707,520",,1.5,%,1.6,%
Gender,,,,,,,,,
,Male,"520,180",,"512,350",,2.2,%,2.2,%
,Female,"144,280",,"195,170",,0.7,,1,
Race/Hispanic origin,,,,,,,,,
,Whitea,"373,850",,"401,610",,1.1,%,1.2,%
,Black or African American/a,"172,660",,"186,060",,3.5,,4.4,
,Hispanic/Latino,"102,670",,"97,190",,2.5,,2.3,
,"Other/a,b","15,280",c,"3,350",c,1.1,c,/,
,Two or more races/a,--,,"19,310",c,--,,4,c
Age,,,,,,,,,
,16-19,"152,120",,"158,960",,3.5,%,3.8,%
,20-29,"230,030",,"267,990",,2.1,,2.5,
,30-39,"116,770",,"137,590",,1.2,,1.6,
,40-49,"95,290",,"67,300",,1,,0.7,
,50-59,"49,720",,"39,930",,0.8,,0.7,
,60 or older,"20,540",c,"35,740",,/,,0.8,

Note: Table is based on the resident�s most recent contact with police in 2005. Use of force includes threat of force. Detail may not sum to total because of rounding. See Methodology for distribution of U.S. population who had contact with police. 
 --Not available. See Methodology for more information.
/Less than 0.5%. 
a/Excludes persons of Hispanic origin.
"b/Includes American Indians, Alaska Natives, Asians, Native Hawaiians, and other Pacific Islanders. "
c/Estimate is based on 10 or fewer sample cases.
