Bureau of Justice Statistics,,,,,
Filename:   cpp05st01.csv,,,,,
Summary table 1. Reasons for contact with police in 2002 and 2005,,,,,
"Report title:   Contacts between Police and the Public, 2005; NCJ 215243",,,,,
Data source:   2005 Police-Public Contact Survey,,,,,
"Authors:   Matthew Durose, Erica Smith, Patrick Langan",,,,,
Refer questions to:   askbjs@usdoj.gov   (202) 307-0765,,,,,
"Date of version: April 29, 2007 ",,,,,

Summary table 1. Reasons for contact with police in 2002 and 2005,,,,,

,,Percent of all contacts,,,
Reason for contact,,2002,,2005,
Traffic-related contacts,,53,%,56,%
,Driver during traffic stop,37,,41,
,Passenger during traffic stop,3,,3,
,Traffic accident,13,,12
Reported problem to police,,26,,24
Other reasons,,21,,20











,,,,

