Bureau of Justice Statistics,,,,,,,,,,,,
Filename:   cpp05t07.csv,,,,,,,,,,,,
"Table 7. Enforcement actions taken by police during traffic stops in 2005, by the reason for being stopped",,,,,,,,,,,,
"Report title:   Contacts between Police and the Public, 2005; NCJ 215243",,,,,,,,,,,,
Data source:   2005 Police-Public Contact Survey,,,,,,,,,,,,
"Authors:   Matthew Durose, Erica Smith, Patrick Langan",,,,,,,,,,,,
Refer questions to:   askbjs@usdoj.gov   (202) 307-0765,,,,,,,,,,,,
"Date of version: April 29, 2007 ",,,,,,,,,,,,

"Table 7. Enforcement actions taken by police during traffic stops in 2005, by the reason for being stopped",,,,,,,,,,,,

,,Percent of drivers who were �,,,,,,,,,,
Reason for traffic stop,,Total,,Arrested,,Ticketed,,Issued a written warning,,Given a verbal warning,,No enforcement action was taken
,All reasons,100,%,2.4,,57.4,,9.1,,17.7,,13.5
Speeding,,100,%,1.1,,71.1,,10.1,,15,,2.8
Vehicle defect,,100,%,3.5,,32.2,,14.9,,35,,14.4
Record check,,100,%,1.9,*,34.1,,6.6,,12.8,,44.5
Roadside check for drunk drivers,,100,%,16.4,,7.9,*,--,,7.8,*,67.8
Seatbelt violation,,100,%,--,,74.3,,2.3,*,10.9,,12.4
Illegal turn or lane change,,100,%,1.9,*,57.9,,8.1,,22.7,,9.4
Stop sign/light violation,,100,%,2,*,57.9,,10.1,,24.9,,5.1
Other traffic offense,,100,%,7.3,*,32.1,,11.6,,25.5,,23.5
Other,,100,%,7.1,*,28.8,,2.3,*,17.1,,44.6

"Note: Data on whether drivers were arrested, ticketed, or issued a verbal or written warning were known for 96.3% of cases. Detail may not add to total because of rounding.",,,,,,,,,,,,
*Estimate is based on 10 or fewer sample cases.,,,,,,,,,,,,
--Less than 0.5%.,,,,,,,,,,,,
