Bureau of Justice Statistics,,,,,
Filename:   cpp05t03.csv,,,,,
Table 3. Reasons for face-to-face contact with police in 2002 and 2005,,,,,
"Report title:   Contacts between Police and the Public, 2005; NCJ 215243",,,,,
Data source:   2005 Police-Public Contact Survey,,,,,
"Authors:   Matthew Durose, Erica Smith, Patrick Langan",,,,,
Refer questions to:   askbjs@usdoj.gov   (202) 307-0765,,,,,
"Date of version: April 29, 2007 ",,,,,

Table 3. Reasons for face-to-face contact with police in 2002 and 2005,,,,,

,,U.S. population age 16 or older who had contact with police,,,
Reason for most recent contact,,2002,,2005,
,Total,100,%,100,%
Traffic-related contacts,,52.8,%,56.3,%
,Driver during traffic stop,37.1,,40.9,
,Passenger during traffic stop,2.7,,2.9,
,Traffic accident,13,,12.5,
Other contacts,,47.2,%,43.7,%
,Person reported crime/problem to police,26.4,,23.7,
,Police provided assistance or service,7.2,,6.2,
,Police investigating crime,5.8,,5.6,
,Person suspected of wrong-doing by police,2.6,,2.8,
,Other reason*,5.3,,5.3,
Estimated number,,"45,278,880",,"43,537,370",

Note: Data were based on the most recent contact with police in 2005. Detail may not add to total because of rounding. ,,,,,
*Includes a small percentage of cases in which the reason for contact was unknown.,,,,,
