Bureau of Justice Statistics,,,,,
Filename:   cpp05bx02.csv,,,,,
Box 2. The likelihood of being searched during a traffic stop was unchanged between 2002 and 2005,,,,,
"Report title:   Contacts between Police and the Public, 2005; NCJ 215243",,,,,
Data source:   2005 Police-Public Contact Survey,,,,,
"Authors:   Matthew Durose, Erica Smith, Patrick Langan",,,,,
Refer questions to:   askbjs@usdoj.gov   (202) 307-0765,,,,,
"Date of version: April 29, 2007 ",,,,,

Box 2. The likelihood of being searched during a traffic stop was unchanged between 2002 and 2005,,,,,

,,Percent of stopped drivers searched by police,,,
Characteristic of stopped driver,,2002,,2005,
,Total,5,%,4.8,%
Gender,,,,,
,Male,7.1,%,6.8,%
,Female,1.8,,1.6,
Race/Hispanic origin,,,,,
,White/a,3.5,%,3.6,%
,Black/African American/a,10.2,,9.5,
,Hispanic/Latino,11.4,,8.8,
,"Other/a,b",2.9,c,4.6,c
Age,,,,,
,16-19,8.9,%,9.5,%
,20-29,6.6,,8.1,
,30-39,6.4,,3.3,
,40-49,3.4,,3.3,
,50-59,1.5,,2.3,
,60 or older,--,,--,

"Note: Total includes drivers of two or more races, not shown separately.",,,,,
--Less than 0.5%.,,,,,
a/Excludes persons of Hispanic origin.
"b/Includes American Indians, Alaska Natives, Asians, Native Hawaiians, and other Pacific Islanders."
c/Estimate is based on 10 or fewer sample cases.
