Bureau of Justice Statistics,,,,,,,,
Filename:   cpp05t13.csv,,,,,,,,
"Table 13. Characteristics of contacts with police in which force was used in 2005, by race/Hispanic origin   ",,,,,,,,
"Report title:   Contacts between Police and the Public, 2005; NCJ 215243",,,,,,,,
Data source:   2005 Police-Public Contact Survey,,,,,,,,
"Authors:   Matthew Durose, Erica Smith, Patrick Langan",,,,,,,,
Refer questions to:   askbjs@usdoj.gov   (202) 307-0765,,,,,,,,
"Date of version: April 29, 2007 ",,,,,,,,

"Table 13. Characteristics of contacts with police in which force was used in 2005, by race/Hispanic origin   ",,,,,,,,
,,,Race/Hispanic origin of resident,,,,,
Characteristic of contact involving force,Total,,White/a,,Black/African American/a,,Hispanic/Latino,
Searched the resident,54.1,%,48.5,%,53.4,%,71.9,%
Handcuffed the resident,41.2,,36.9,,40.9,,50,
Arrested the resident,31.7,,30.9,,27.1,,37.8,b
Actions of resident may have caused police to use force,16.8,,19,,11.7,b,17,b
Estimated number,"707,520",,"401,610",,"186,060",,"97,190"

"Note: Use of force includes threat of force. Data on whether resident was searched were reported for 84%; handcuffed for 91.5%; arrested for 91.5%; caused force for 82.4%. Total includes estimates for persons identifying with other races and two or more races, not shown separately.  ",,,,,,,
a/Excludes persons of Hispanic origin.,,,,,,,
b/Estimate is based on 10 or fewer sample cases.,,,,,,,
