Bureau of Justice Statistics,,,,,,,,,
Filename:   cpp05t08.csv,,,,,,,,,
"Table 8. Enforcement actions taken by police during traffic stops in 2005, by demographic characteristics   ",,,,,,,,,
"Report title:   Contacts between Police and the Public, 2005; NCJ 215243",,,,,,,,,
Data source:   2005 Police-Public Contact Survey,,,,,,,,,
"Authors:   Matthew Durose, Erica Smith, Patrick Langan",,,,,,,,,
Refer questions to:   askbjs@usdoj.gov   (202) 307-0765,,,,,,,,,
"Date of version: April 29, 2007 ",,,,,,,,,

"Table 8. Enforcement actions taken by police during traffic stops in 2005, by demographic characteristics   ",,,,,,,,,

,,Percent of drivers who were �,,,,,,,
Characteristic of stopped driver,,Total,,Arrested,,Ticketed,Issued a written warning,Given a verbal warning,No enforcement action was taken
,Total,100,%,2.4,,57.4,9.1,17.7,13.5
Gender,,,,,,,,,
,Male,100,%,3.2,,59.2,7.6,16.5,13.4
,Female,100,%,1.1,,54.4,11.4,19.5,13.5
Race/Hispanic origin,,,,,,,,,
,White/a,100,%,2.1,,56.2,9.7,18.6,13.4
,Black/African American/a,100,%,4.5,,55.8,8.4,13.7,17.6
,Hispanic/Latino,100,%,3.1,,65,5.9,14.5,11.6
,"Other/a,b",100,%,1.9,c,63.6,7,16,11.5
Age,,,,,,,,,
,16-19,100,%,2.2,c,60.7,8.7,19.2,9.2
,20-29,100,%,4.8,,58.8,8.1,18,10.4
,30-39,100,%,1.9,,60.8,8.1,15.3,13.9
,40-49,100,%,1.6,,56.4,10,17.6,14.5
,50-59,100,%,1.3,c,52.4,9.7,19,17.5
,60 or older,100,%,--,,50.4,12.2,19.2,18.2

"Note: Total includes estimates for persons identifying with two or more races, not shown separately. Data on whether drivers were arrested, ticketed, or issued a verbal or written warning were known for 96.3% of cases. Detail may not add to total because of rounding.",,,,,,,,,
--Less than 0.5%.,,,,,,,,,
a/Excludes persons of Hispanic origin.
"b/Includes American Indians, Alaska Natives, Asians, Native Hawaiians, and other Pacific Islanders."
c/Estimate is based on 10 or fewer sample cases.
