Bureau of Justice Statistics,,,,,,,,,,
File name: svryjf18t05.csv,,,,,,,,,,
"Table 5. Percent of youth in juvenile facilities reporting sexual victimization, by consent type and state, 2018",,,,,,,,,,
"Report title: Sexual Victimization Reported by Youth in Juvenile Facilities, 2018   NCJ 253042",,,,,,,,,,
"Data source: Bureau of Justice Statistics, National Survey of Youth in Custody, 2018.",,,,,,,,,,
"Authors: Erica L. Smith, BJS Statistician, and Jessica Stroop, former BJS Statistician",,,,,,,,,,
Refer questions to: askbjs@usdoj.gov (202) 307-0765,,,,,,,,,,
Date of version: 12/11/19,,,,,,,,,,
,,,,,,,,,,
"Table 5. Percent of youth in juvenile facilities reporting sexual victimization, by consent type and state, 2018",,,,,,,,,,
,,,,,Youth reporting sexual victimization,,,,,
,,,,,,,95% confidence interval,,,
State/type of consent,,Number of respondents,Response rate/a,,Percent/b,,Lower bound,,Upper bound,
,All facilities � U.S. total,"6,049",53.6,%,7.1,%,6.3,%,7.9,%
In loco parentis consent/c,,"4,284",71.3,%,7.5,%,6.7,%,8.4,%
,Alabama ,164,83.7,,3.6,,1.6,,7.7,
,Alaska/d,49,86.6,,8.2,,3.2,,19.4,
,Arizona ,98,62,,8.2,,4.1,,15.6,
,Arkansas ,162,73.3,,9.8,,6,,15.5,
,Colorado ,318,71,,5.4,,3.3,,8.7,
,Florida ,856,67.3,,8.9,,7.1,,11.2,
,Idaho ,201,84.1,,8.8,,5.5,,13.6,
,Illinois/d ,166,66.2,,9.6,,6,,15.1,
,Indiana ,242,80.1,,6.7,,4.2,,10.3,
,Iowa ,57,67.1,,12.3,,6.1,,23.3,
,Kansas ,115,70.7,,8.1,,4.4,,14.5,
,Kentucky ,105,75.7,,6.2,,3,,12.2,
,Maine ,22,59.5,,9.1,,2.4,,28.5,
,Mississippi ,32,54.2,,3.1,,0.5,,16.2,
,Missouri ,401,86.1,,4,,2.5,,6.5,
,Montana ,24,68.6,,8.3,,2.2,,26.5,
,New Mexico ,91,73.4,,1.1,,0.2,,5.9,
,North Dakota/d,19,47.4,,0,,0,,12.7,
,Oregon ,349,72.4,,6,,3.8,,9.4,
,Rhode Island ,37,62.3,,5.2,,1.4,,18,
,Texas ,610,65.8,,10.3,,7.9,,13.3,
,West Virginia ,79,78.2,,5.5,,2.1,,13.4,
Parental/guardian consent/e ,,"1,765",33.4,%,6.6,%,5.2,%,8.2,%
,California/d,173,41.7,,3.8,,1.9,,7.7,
,Georgia ,288,50.6,,5.2,,3.2,,8.3,
,Louisiana ,139,43,,6.1,,1.4,,23.3,
,Maryland ,26,23,,7.5,,1.2,,34.7,
,Massachusetts ,23,40.4,,0,,0,,11.5,
,Michigan ,43,19.6,,3,,0.5,,15.7,
,Minnesota ,21,41.2,,6.6,,2.2,,17.9,
,Nebraska ,23,11.2,,8.2,,1.9,,29.2,
,Nevada ,19,10.7,,0,,0,,15.8,
,New Jersey ,107,48.7,,9.3,,5.3,,15.7,
,New York ,88,38.6,,4.7,,1.7,,12.6,
,North Carolina ,64,35,,0,,0,,5,
,Ohio ,140,34.4,,15.3,,10,,22.5,
,Oklahoma ,44,24,,5.1,,1.6,,14.5,
,Pennsylvania ,98,37.9,,0.8,,0.1,,4.8,
,South Carolina ,25,8.6,,0,,0,,15.4,
,South Dakota ,15,51.7,,0,,0,,12.2,
,Tennessee ,39,24.5,,2.4,,0.4,,13,
,Utah ,49,43.4,,3.1,,0.5,,16.3,
,Virginia ,92,37.6,,5.1,,1.8,,13.9,
,Washington ,114,34.4,,6.2,,2.4,,15.4,
,Wisconsin ,30,13.8,,21.5,,8.7,,43.9,
,Wyoming/d,36,50.5,,0,,0,,6.9,
"Note: Data for Connecticut, Delaware, the District of Columbia, Hawaii, New Hampshire, and Vermont are not reported due to insufficient data to provide a state rate. See Methodology.",,,,,,,,,,
a/Percentage of youth responding. Excludes interviews with extreme or inconsistent response patterns. Based on all participating facilities. ,,,,,,,,,,
"b/Youth were asked to report on incidents of sexual victimization by another youth or facility staff in the past 12 months, or since admission to the facility if they had been in the facility for less than 12 months.",,,,,,,,,,
c/States in which facility administrators provide consent to contact youth in place of the parent.,,,,,,,,,,
"d/Number of respondents and weighted percentages include youth in all participating facilities, except one facility for which estimates were not published to protect against imputation of a victimization estimate for the eliminated facility. See Methodology.",,,,,,,,,,
e/States in which facilities require parental or guardian consent to allow youth to participate in the survey.,,,,,,,,,,
"Source: Bureau of Justice Statistics, National Survey of Youth in Custody, 2018.",,,,,,,,,,
