"Bureau of Justice Statistics",,,,,,,,
"filename:  pdlc0002.csv",,,,,,,,
"Table 2. Number of full-time sworn personnel in police departments serving cities with a population of 250,000 or more, 1990 and 2000",,,,,,,,
"title: Police Departments in Large Cities, 1990-2000, NCJ 175703",,,,,,,,
"data source:  2000 Law Enforcement Management and Administrative Statistics",,,,,,,,
"authors:  Brian A. Reaves, Ph.D., and Matthew J. Hickman",,,,,,,,
"refer questions to: askbjs@ojp.usdoj.gov (202)307-0765",,,,,,,,
"date of version: 05/07/02",,,,,,,,
,,,,,,,,
"Table 2. Number of full-time sworn personnel in police departments serving cities with a population of 250,000 or more, 1990 and 2000",,,,,,,,
,,,,,,,,
,,,"Number of full-time sworn personnel",,,,,
"Population","Per  agency",,,"Per 100,000 residents",,,"Per 10  square miles",
"served",1990,2000,,1990,2000,,1990,2000
,,,,,,,,
"   Total ",2101,2465,,289,310,,66,78
,,,,,,,,
"1,000,000 or more",7113,8717,,331,364,,65,79
"500,000-999,999",1647,1810,,271,274,,63,69
"350,000-499,999",841,972,,219,231,,65,75
"250,000-349,999",730,796,,239,256,,105,114
