"Bureau of Justice Statistics",,,,,,,,,,,
"filename:  pdlc0006.csv",,,,,,,,,,,
"Table 6. Annual operating budget of police departments serving cities with a population of 250,000 or more, 1990 and 2000",,,,,,,,,,,
"title: Police Departments in Large Cities, 1990-2000, NCJ 175703",,,,,,,,,,,
"data source:  2000 Law Enforcement Management and Administrative Statistics",,,,,,,,,,,
"authors:  Brian A. Reaves, Ph.D., and Matthew J. Hickman",,,,,,,,,,,
"refer questions to: askbjs@ojp.usdoj.gov (202)307-0765",,,,,,,,,,,
"date of version: 05/07/02",,,,,,,,,,,
,,,,,,,,,,,
"Table 6. Annual operating budget of police departments serving cities with a population of 250,000 or more, 1990 and 2000",,,,,,,,,,,
,,,,,,,,,,,
,,,"Annual operating budget ",,,,,,,,
"Population","Per agency",,,"Per resident",,,"Per employee",,,"Per sworn employee",
"served",1990,2000,,1990,2000,,1990,2000,,1990,2000
,,,,,,,,,,,
"   Total ",$176134761,$211581036,,$242,$266,,$64493,$64323,,$83814,$85786
,,,,,,,,,,,
"1,000,000 or more",586494149,695642921,,$272,$290,,$64024,$60061,,$82450,$79804
"500,000-999,999",138511331,165117265,,228,250,,64667,69391,,84109,91127
"350,000-499,999",77063388,99818601,,200,237,,67715,73811,,91352,102539
"250,000-349,999",59757009,71229731,,196,229,,62470,65788,,81747,89364
,,,,,,,,,,,
"Note:  All data are presented in 2000 dollars.",,,,,,,,,,,
