"Bureau of Justice Statistics",,,,,,,,,,
"filename:  pdlc00b1.csv",,,,,,,,,,
"In-text Box 1. Fifteen largest local police departments serving cities with a population of 250,000 or more, by number of full-time sworn personnel and number of full-time sworn personnel per 100,000 residents served, 1990 and 2000",,,,,,,,,,
"title: Police Departments in Large Cities, 1990-2000, NCJ 175703",,,,,,,,,,
"data source:  2000 Law Enforcement Management and Administrative Statistics",,,,,,,,,,
"authors:  Brian A. Reaves, Ph.D., and Matthew J. Hickman",,,,,,,,,,
"refer questions to: askbjs@ojp.usdoj.gov (202)307-0765",,,,,,,,,,
"date of version: 05/07/02",,,,,,,,,,
,,,,,,,,,,
"In-text Box 1. Fifteen largest local police departments serving cities with a population of 250,000 or more, by number of full-time sworn personnel and number of full-time sworn personnel per 100,000 residents served, 1990 and 2000",,,,,,,,,,
,,,,,,,,,,
"Number of full-time sworn personnel",,,,,,"Number of full-time sworn personnel per 100,000 residents",,,,
"City",1990,,"City",2000,,"City",1990,,"City",2000
,,,,,,,,,,
"New York (NY) ",31236,,"New York (NY) ",40435,,"Washington (DC)",742,,"Washington (DC)",631
"Chicago (IL) ",11837,,"Chicago (IL) ",13466,,"Detroit (MI)",447,,"Newark (NJ)",536
"Los Angeles (CA)",8295,,"Los Angeles (CA)",9341,,"New York (NY) ",427,,"New York (NY) ",505
"Philadelphia (PA) ",6523,,"Philadelphia (PA) ",7024,,"Chicago (IL) ",425,,"Baltimore (MD)",466
"Detroit (MI)",4595,,"Houston (TX)",5343,,"Philadelphia (PA) ",411,,"Chicago (IL) ",465
"Washington (DC)",4506,,"Detroit (MI)",4154,,"Atlanta (GA)",396,,"Philadelphia (PA) ",463
"Houston (TX)",4104,,"Washington (DC)",3612,,"Baltimore (MD)",389,,"Detroit (MI)",437
"Baltimore (MD)",2861,,"Baltimore (MD)",3034,,"St. Louis (MO)",389,,"St. Louis (MO)",428
"Dallas (TX)",2635,,"Dallas (TX)",2862,,"Newark (NJ)",368,,"Cleveland (OH)",381
"Boston (MA)",2053,,"Phoenix (AZ)",2626,,"Boston (MA)",357,,"Boston (MA)",367
"Phoenix (AZ)",1949,,"San Francisco (CA)",2227,,"Cleveland (OH)",348,,"Atlanta (GA) ",354
"Milwaukee (WI)",1866,,"Las Vegas (NV)",2168,,"Buffalo (NY)",315,,"New Orleans (LA)",343
"San Diego (CA)",1816,,"Boston (MA)",2164,,"Pittsburgh (PA)",312,,"Milwaukee (WI)",335
"Honolulu (HI)",1781,,"San Diego (CA)",2022,,"Miami (FL)",310,,"Buffalo (NY)",317
"San Francisco (CA)",1777,,"Milwaukee (WI)",1998,,"Milwaukee (WI)",297,,"Cincinnati (OH)",311
