"Bureau of Justice Statistics",,
"filename:  pdlc0018.csv",,
"Table 18. Use of bicycles by police departments serving cities with a population of 250,000 or more, 1990 and 2000",,
"title: Police Departments in Large Cities, 1990-2000, NCJ 175703",,
"data source:  2000 Law Enforcement Management and Administrative Statistics",,
"authors:  Brian A. Reaves, Ph.D., and Matthew J. Hickman",,
"refer questions to: askbjs@ojp.usdoj.gov (202)307-0765",,
"date of version: 05/07/02",,
,,
"Table 18. Use of bicycles by police departments serving cities with a population of 250,000 or more, 1990 and 2000",,
,,
"Population ","Percent of agencies using bicycles",
"served",1990,2000
,,
"   All sizes",39,98
,,
"1,000,000 or more",50,100
"500,000-999,999",38,100
"350,000-499,999",41,100
"250,000-349,999",29,93
