"Bureau of Justice Statistics",,
"filename:  pdlc0004.csv",,
"Table 4. Minimum education requirement for new officers in police departments serving cities with a population of 250,000 or more, 1990 and 2000",,
"title: Police Departments in Large Cities, 1990-2000, NCJ 175703",,
"data source:  2000 Law Enforcement Management and Administrative Statistics",,
"authors:  Brian A. Reaves, Ph.D., and Matthew J. Hickman",,
"refer questions to: askbjs@ojp.usdoj.gov (202)307-0765",,
"date of version: 05/07/02",,
,,
"Table 4. Minimum education requirement for new officers in police departments serving cities with a population of 250,000 or more, 1990 and 2000",,
,,
"Minimum","Percent of agencies",
"requirement",1990,2000
,,
"Total",100,100
,,
"4 year degree",1.6,4.8
"2 year degree ",4.8,9.7
"Some college*",12.9,22.6
"High school",79.0,62.9
"None",1.6,0.0
,,
"*Non-degree requirements only.",,
