"Bureau of Justice Statistics",,,,,,,
"filename:  pdlc0019.csv",,,,,,,
"Table 19. Marked vehicle use policies of police departments serving cities with a population of 250,000 or more, 1990 and 2000",,,,,,,
"title: Police Departments in Large Cities, 1990-2000, NCJ 175703",,,,,,,
"data source:  2000 Law Enforcement Management and Administrative Statistics",,,,,,,
"authors:  Brian A. Reaves, Ph.D., and Matthew J. Hickman",,,,,,,
"refer questions to: askbjs@ojp.usdoj.gov (202)307-0765",,,,,,,
"date of version: 05/07/02",,,,,,,
,,,,,,,
"Table 19. Marked vehicle use policies of police departments serving cities with a population of 250,000 or more, 1990 and 2000",,,,,,,
,,,,,,,
,,"Percent of agencies allowing officers to take marked vehicles home",,,,,
,,1990,,,,2000,
"Population","  Total","  Personal use allowed","  Personal use not allowed",,"  Total","  Personal use allowed","  Personal use not allowed"
"served",,,,,,,
"   All sizes",39,24,15,,55,13,42
,,,,,,,
"1,000,000 or more",20,20,0,,10,0,10
"500,000-999,999",33,19,14,,67,19,48
"350,000-499,999",59,35,24,,71,18,53
"250,000-349,999",36,21,14,,50,7,43
,,,,,,,
"Note:  Detail may not add to total because of rounding.",,,,,,,
