"Bureau of Justice Statistics",,
"filename:  pdlc00t1.csv",,
"In-Text Table 1. Estimated value of drug asset forfeiture receipts, police departments serving cities with a population of 250,000 or more, 1999",,
"title: Police Departments in Large Cities, 1990-2000, NCJ 175703",,
"data source:  2000 Law Enforcement Management and Administrative Statistics",,
"authors:  Brian A. Reaves, Ph.D., and Matthew J. Hickman",,
"refer questions to: askbjs@ojp.usdoj.gov (202)307-0765",,
"date of version: 05/07/02",,
,,
"In-Text Table 1. Estimated value of drug asset forfeiture receipts, police departments serving cities with a population of 250,000 or more, 1999",,
,,
"Population","Total","Per"
"served","in millions","officer"
,,
"   All sizes",$108.2,$708
,,
"1,000,000 or more",$58.7,$674
"500,000-999,999",25.0,657
"350,000-499,999",14.0,845
"250,000-349,999",10.5,939
