"Bureau of Justice Statistics",,,,,,,
"filename:  pdlc0015.csv",,,,,,,
"Table 15. Body armor policies for field/patrol officers in police departments serving cities with a population of 250,000 or more, 1990 and 2000",,,,,,,
"title: Police Departments in Large Cities, 1990-2000, NCJ 175703",,,,,,,
"data source:  2000 Law Enforcement Management and Administrative Statistics",,,,,,,
"authors:  Brian A. Reaves, Ph.D., and Matthew J. Hickman",,,,,,,
"refer questions to: askbjs@ojp.usdoj.gov (202)307-0765",,,,,,,
"date of version: 05/07/02",,,,,,,
,,,,,,,
"Table 15. Body armor policies for field/patrol officers in police departments serving cities with a population of 250,000 or more, 1990 and 2000",,,,,,,
,,,,,,,
,"Percent of agencies requiring field/patrol  officers to wear protective body armor",,,,,,
"Population",,1990,,,,2000,
"served","Total","All","Some",,"Total","All","Some"
,,,,,,,
"   All sizes",31,21,10,,69,48,21
,,,,,,,
"1,000,000 or more",50,30,20,,70,60,10
"500,000-999,999",29,19,10,,81,43,38
"350,000-499,999",30,18,12,,77,59,18
"250,000-349,999",21,21,0,,43,36,7
