"Bureau of Justice Statistics",,
"filename:  pdlc0021.csv",,
"Table 21. Use of an enhanced 9-1-1 system by police departments serving cities with a population of 250,000 or more, 1990 and 2000",,
"title: Police Departments in Large Cities, 1990-2000, NCJ 175703",,
"data source:  2000 Law Enforcement Management and Administrative Statistics",,
"authors:  Brian A. Reaves, Ph.D., and Matthew J. Hickman",,
"refer questions to: askbjs@ojp.usdoj.gov (202)307-0765",,
"date of version: 05/07/02",,
,,
"Table 21. Use of an enhanced 9-1-1 system by police departments serving cities with a population of 250,000 or more, 1990 and 2000",,
,,
"Population","Percent of agencies with enhanced 9-1-1",
"served",1990,2000
,,
"   All sizes",76,97
,,
"1,000,000 or more",80,90
"500,000-999,999",76,100
"350,000-499,999",82,100
"250,000-349,999",64,93
