"Bureau of Justice Statistics",,,,,
"filename:  pdlc0012.csv",,,,,
"Table 12. Officers assigned to a multi-agency drug task force by police departments serving cities with a population of 250,000 or more, 1990 and 2000",,,,,
"title: Police Departments in Large Cities, 1990-2000, NCJ 175703",,,,,
"data source:  2000 Law Enforcement Management and Administrative Statistics",,,,,
"authors:  Brian A. Reaves, Ph.D., and Matthew J. Hickman",,,,,
"refer questions to: askbjs@ojp.usdoj.gov (202)307-0765",,,,,
"date of version: 05/07/02",,,,,
,,,,,
"Table 12. Officers assigned to a multi-agency drug task force by police departments serving cities with a population of 250,000 or more, 1990 and 2000",,,,,
,,,,,
,,"Officers assigned full-time to drug task force: ",,,
" ",1990,,,2000,
"Population","Average","Average",,"Average","Average"
"served","number","percent",,"number","percent"
"   All sizes",13,1.0,,15,0.9
,,,,,
"1,000,000 or more",21,0.3,,48,0.7
"500,000-999,999",15,0.8,,11,0.7
"350,000-499,999",10,1.5,,10,1.1
"250,000-349,999",6,1.1,,8,1.2
