"Bureau of Justice Statistics",,
"filename:  pdlc0005.csv",,
"Table 5. Minimum training requirement for new officers in police departments serving cities with a population of 250,000 or more, 1990 and 2000",,
"title: Police Departments in Large Cities, 1990-2000, NCJ 175703",,
"data source:  2000 Law Enforcement Management and Administrative Statistics",,
"authors:  Brian A. Reaves, Ph.D., and Matthew J. Hickman",,
"refer questions to: askbjs@ojp.usdoj.gov (202)307-0765",,
"date of version: 05/07/02",,
,,
"Table 5. Minimum training requirement for new officers in police departments serving cities with a population of 250,000 or more, 1990 and 2000",,
,,
"Type of training","Median number of",
"and population","training hours required",
"served",1990,2000
,,
" Classroom training",,
"   All sizes ",760,880
,,
"1,000,000 or more",831,1111
"500,000-999,999",760,852
"350,000-499,999",760,897
"250,000-349,999",756,880
,,
" Field training",,
"   All sizes",520,600
,,
"1,000,000 or more",500,500
"500,000-999,999",540,560
"350,000-499,999",520,648
"250,000-349,999",490,610
