"Bureau of Justice Statistics",,,,,
"Filename:  fdo9904.csv",,,,,
"Table 4.  Prior criminal history of defendants charged with a drug offense in U.S. district courts, 1999",,,,,
"Report Title:  Federal Drug Offenders, 1999, with trends 1984-99 (NCJ 187285)",,,,,
"Data source:  Federal Justice Statistics Program",,,,,
"Refer questions to:  askbjs@ojp.usdoj.gov  202-307-0765",,,,,
"Author:  John Scalia, BJS",,,,,
"Date of version:  08/16/01",,,,,
,,,,,
,,,,,
"Table 4.  Prior criminal history of defendants charged with a drug offense in U.S. district courts, 1999",,,,,
,,,,,
,,,,,
"Characteristic",,,"Number","Percent",
,"Total*",,30099,100.0,"%"
,,,,,
"Number of prior arrests",,,,,
,"None",,10061,35.0,"%"
,"1",,3948,13.7,
,"2 to 4",,6582,22.9,
,"5 or more",,8135,28.3,
,,,,,
"Number of prior convictions",,,,,
,"None",,14035,48.9,"%"
,"1",,4758,16.6,
,"2 to 4",,6170,21.5,
,"5 or more",,3763,13.1,
,,,,,
"Nature of prior convictions",,,,,
,"No priors convictions",,14035,48.9,"%"
,"Felony",,9806,34.2,
,,"Violent",3757,13.1,
,,"Drug",4733,16.5,
,,"Other",1316,4.6,
,"Misdemeanor",,4885,17.0,
,,,,,
"Criminal justice status at arrest",,,,,
,"Not under supervision",,18988,66.1,"%"
,"Pretrial release",,1935,6.7,
,"Parole or supervised release",,673,2.3,
,"Probation",,1744,6.1,
,"Other",,5386,18.7,
,,,,,
"Note:  Represents observations where the drug offense was the most serious offense charged.  ""Other"" includes outstanding warrants, escape, and unlawful immigration.",,,,,
"* Detail excludes observations where a particular characteristics is not reported.",,,,,
"Data source:  Administrative Office of the U.S. Courts, pretrial services data file, fiscal year.",,,,,
