"Bureau of Justice Statistics",,,,,,,,,,,,,,
"Filename:  fdo9901.csv",,,,,,,,,,,,,,
"Table 1.  Suspects investigated in referrals evaluated for prosecution, by U.S. attorneys, by statutory offense, 1999",,,,,,,,,,,,,,
"Report Title:  Federal Drug Offenders, 1999, with trends 1984-99 (NCJ 187285)",,,,,,,,,,,,,,
"Data source:  Federal Justice Statistics Program",,,,,,,,,,,,,,
"Refer questions to:  askbjs@ojp.usdoj.gov  202-307-0765",,,,,,,,,,,,,,
"Author:  John Scalia, BJS",,,,,,,,,,,,,,
"Date of version:  5/24/01",,,,,,,,,,,,,,
,,,,,,,,,,,,,,
"Table 1.  Suspects identified in matters evaluated for prosecution by U.S. attorneys, by statutory offense, 1999",,,,,,,,,,,,,,
,,,,,,,,,,,,,,
,,,,,,,"Referrals evaluated for prosecution",,,,,,,
,,,"Suspects",,,,,,"Number of suspects in referrals (percent of referrals)",,,,,
"Most serious offense investigated",,,"Number","Percent",,,"Total number of matters",,"1",,"2 to 4",,"5 or more",
,"Total",,38288,100.0,"%",,22388,,72.0,"%",23.0,"%",5.1,"%"
,,,,,,,,,,,,,,
"Drug Trafficking",,,37318,97.5,"%",,21407,,71.0,"%",23.8,"%",5.3,"%"
,"Continuing criminal enterprise",,214,0.6,,,92,,27.2,,23.9,,48.9,
,"Manufacturing",,453,1.2,,,290,,37.2,,44.5,,18.3,
,"Protected locations",,370,1.0,,,240,,64.6,,29.2,,6.3,
,"Drug trafficking, generally",,26838,70.1,,,17297,,72.9,,23.0,,4.1,
,"Conspiracy only",,9443,24.7,,,3488,,66.0,,25.3,,8.7,
,,,,,,,,,,,,,,
"Simple Possession",,,785,2.1,"%",,747,,96.0,"%",4.0,"%",0.0,"%"
,,,,,,,,,,,,,,
"Other drug offenses ",,,185,0.5,"%",,159,,91.2,"%",8.8,"%",0.0,"%"
,,,,,,,,,,,,,,
"Note:  Include suspects in referrals concluded during fiscal year 1999.",,,,,,,,,,,,,,
"Data source:  Executive Office for U.S. Attorneys, central system data file, fiscal year.",,,,,,,,,,,,,,
