"Bureau of Justice Statistics",,,,,,,,,,,,,,,,,
"Filename:  fdo9909.csv",,,,,,,,,,,,,,,,,
"Table 9.  Drug offenders incarcerated in Federal prisons, by role in the offense and primary drug involved, 1997",,,,,,,,,,,,,,,,,
"Report Title:  Federal Drug Offenders, 1999, with trends 1984-99 (NCJ 187285)",,,,,,,,,,,,,,,,,
"Data source:  Federal Justice Statistics Program",,,,,,,,,,,,,,,,,
"Refer questions to:  askbjs@ojp.usdoj.gov  202-307-0765",,,,,,,,,,,,,,,,,
"Author:  John Scalia, BJS",,,,,,,,,,,,,,,,,
"Date of version:  5/24/01",,,,,,,,,,,,,,,,,
,,,,,,,,,,,,,,,,,
,,,,,,,,,,,,,,,,,
"Table 9.  Drug offenders incarcerated in Federal prisons, by role in the offense and primary drug involved, 1997",,,,,,,,,,,,,,,,,
,,,,,,,,,,,,,,,,,
,,,,"Primary drug involved",,,,,,,,,,,,,
"Role in the offense",,"Total",,"Opiates",,"Methamphetamine",,"Crack",,"Cocaine powder",,"Marijuana",,"Hallucin-ogens",,"Other",
,,,,,,,,,,,,,,,,,
,"Total",100,"%",100,"%",100,"%",100,"%",100,"%",100,"%",100,"%",100,"%"
,,,,,,,,,,,,,,,,,
"Importer",,11,"%",19,"%",4,"%",1,"%",14,"%",24,"%",0,"%",2,"%"
"Manufacturer",,5,,3,,22,,4,,1,,7,,9,,11,
"Dealer",,42,,36,,42,,61,,38,,24,,67,,38,
,"Above street-level",25,,23,,21,,45,,20,,7,,41,,22,
,"Street-level",4,,4,,6,,2,,5,,3,,2,,6,
,"Other",13,,9,,14,,13,,13,,14,,24,,10,
"User only",,14,,16,,15,,12,,13,,18,,2,,17,
"Other",,26,,27,,17,,22,,32,,26,,23,,33,
,,,,,,,,,,,,,,,,,
,"Number of inmates",51055,,4331,,5481,,13253,,18762,,7848,,600,,779,
,,,,,,,,,,,,,,,,,
"Data source:  BJS, Survey of Inmates in Federal Correctional Facilities, 1997.",,,,,,,,,,,,,,,,,
