"Bureau of Justice Statistics",
"Filename:  fdo99fH.csv",
"Highlights Figure:  Defendants charged with a drug offense in U.S. district courts, 1984-99",
"Report Title:  Federal Drug Offenders, 1999, with trends 1984-99 (NCJ 187285)",
"Data source:  Federal Justice Statistics Program",
"Refer questions to:  askbjs@ojp.usdoj.gov  202-307-0765",
"Author:  John Scalia, BJS",
"Date of version:  5/24/01",
,
,
"Highlights Figure:  Defendants charged with a drug offense in U.S. district courts, 1984-99.",
,
"Year","Prosecuted"
1984,11854
1985,13719
1986,15762
1987,17120
1988,19465
1989,22998
1990,22075
1991,23578
1992,25033
1993,23114
1994,20275
1995,20983
1996,21677
1997,24693
1998,28021
1999,29306
,
"Note:  represents defendants for whom the drug offense represented the most serious offense charged.",
"Data source:  BJS, Federal Justice Statistics Program.",
