"Bureau of Justice Statistics",,,
"Filename:  fdo99f1.csv",,,
"Figure 1.  Suspects in matters involving drug offenses evaluated for prosecution by U.S. attorneys, by Federal judicial district, 1999",,,
"Report Title:  Federal Drug Offenders, 1999, with trends 1984-99 (NCJ 187285)",,,
"Data source:  Federal Justice Statistics Program",,,
"Refer questions to:  askbjs@ojp.usdoj.gov  202-307-0765",,,
"Author:  John Scalia, BJS",,,
"Date of version:  08/16/01",,,
,,,
,,,
"Figure 1.  Suspects in matters involving drug offenses evaluated for prosecution by U.S. attorneys, by Federal judicial district, 1999",,,
,,,
,,,
"Federal Judicial District","Number of defendants","Percent",
,,,
"Total",38288,100.0,"%"
,,,
"Alaska",129,0.3,
"Alabama, Middle",113,0.3,
"Alabama, Northern",262,0.7,
"Alabama, Southern",187,0.5,
"Arkansas, Eastern",174,0.5,
"Arkansas, Western",102,0.3,
"Arizona",1541,4.1,
"California, Central",808,2.1,
"California, Eastern",350,0.9,
"California, Northern",286,0.8,
"California, Southern",2525,6.7,
"Colorado",433,1.1,
"Connecticut",176,0.5,
"District of Columbia",404,1.1,
"Delaware",48,0.1,
"Florida, Middle",1216,3.2,
"Florida, Northern",310,0.8,
"Florida, Southern",1570,4.2,
"Georgia, Middle",265,0.7,
"Georgia, Northern",476,1.3,
"Georgia, Southern",139,0.4,
"Guam",92,0.2,
"Hawaii",287,0.8,
"Iowa, Northern",250,0.7,
"Iowa, Southern",393,1.0,
"Idaho",102,0.3,
"Illinois, Central",245,0.6,
"Illinois, Northern",400,1.1,
"Illinois, Southern",331,0.9,
"Indiana, Northern",279,0.7,
"Indiana, Southern",135,0.4,
"Kansas",318,0.8,
"Kentucky, Eastern",495,1.3,
"Kentucky, Western",179,0.5,
"Louisiana, Eastern",260,0.7,
"Louisiana, Middle",73,0.2,
"Louisiana, Western",184,0.5,
"Massachusetts",357,0.9,
"Maryland",375,1.0,
"Maine",96,0.3,
"Michigan, Eastern",594,1.6,
"Michigan, Western",153,0.4,
"Minnesota",315,0.8,
"Missouri, Eastern",417,1.1,
"Missouri, Western",502,1.3,
"Mississippi, Northern",162,0.4,
"Mississippi, Southern",223,0.6,
"Montana",260,0.7,
"North Carolina, Eastern",298,0.8,
"North Carolina, Middle",288,0.8,
"North Carolina, Western",479,1.3,
"North Dakota",77,0.2,
"Nebraska",398,1.1,
"New Hampshire",126,0.3,
"New Jersey",389,1.0,
"New Mexico",873,2.3,
"Northern Marianas Islands",7,0.0,
"Nevada",216,0.6,
"New York, Eastern",919,2.4,
"New York, Northern",376,1.0,
"New York, Southerm",831,2.2,
"New York, Western",215,0.6,
"Ohio, Northern",298,0.8,
"Ohio, Southern",297,0.8,
"Oklahoma, Eastern",53,0.1,
"Oklahoma, Northern",151,0.4,
"Oklahoma, Western",154,0.4,
"Oregon",246,0.7,
"Pennsylvania, Eastern",530,1.4,
"Pennsylvania, Middle",240,0.6,
"Pennsylvania, Western",221,0.6,
"Puerto Rico",704,1.9,
"Rhode Island",73,0.2,
"South Carolina",474,1.3,
"South Dakota",102,0.3,
"Tennessee, Eastern",316,0.8,
"Tennessee, Middle",141,0.4,
"Tennessee, Western",293,0.8,
"Texas, Eastern",449,1.2,
"Texas, Northern",464,1.2,
"Texas, Southern",2287,6.1,
"Texas, Western",2887,7.6,
"Utah",221,0.6,
"Virginia,Eastern",929,2.5,
"Virgina, Western",312,0.8,
"Virgin Islands",54,0.1,
"Vermont",114,0.3,
"Washington, Eastern",126,0.3,
"Washington, Western",232,0.6,
"Wisconsin,Eastern",111,0.3,
"Wisconsin, Western",62,0.2,
"West Virginia, Northern",264,0.7,
"West Virgina, Southern",365,1.0,
"Wyoming",113,0.3,
,,,
"Data source.  Executive Office for U.S. Attorneys, central system data file, FY1999.",,,
