Bureau of Justice Statistics,,,,,,,,,,,,
Filename: fjs21t02.csv,,,,,,,,,,,,
"Table 2. Federal arrests, by most serious offense and judicial district, FY 2020 and FY 2021",,,,,,,,,,,,
"Report title: Federal Justice Statistics, 2021   NCJ 305127",,,,,,,,,,,,
"Data Source: Bureau of Justice Statistics, based on data from the U.S. Marshals Service, CAPTURE information system, fiscal years 2020 and 2021",,,,,,,,,,,,
"Author: Mark Motivans, PhD, BJS Statistician",,,,,,,,,,,,
Refer questions to: askbjs@usdoj.gov 202-307-0765,,,,,,,,,,,,
Date of version: 12/29/2022,,,,,,,,,,,,
,,,,,,,,,,,,
"Table 2. Federal arrests, by most serious offense and judicial district, FY 2020 and FY 2021",,,,,,,,,,,,
,,,FY 2020,,,,FY 2021,,,,,
,,,Number,Percent,,,Number,Percent,,,"Percent change, 2020�2021",
,Total arrests,,"120,112",100,%,,"78,068",100,%,,-35,%
Most serious offense at arrest,,,,,,,,,,,,
,Violent,,"2,996",2.6,%,,"2,834",3.8,%,,-5.4,%
,Property,,"6,846",5.9,,,"7,612",10.3,,,11.2,
,,Fraud,"5,838",5.1,,,"6,466",8.8,,,10.8,
,,Other,"1,008",0.9,,,"1,146",1.6,,,13.7,
,Drug,,"18,170",15.7,,,"16,555",22.5,,,-8.9,
,Public order,,"5,328",4.6,,,"5,483",7.4,,,2.9,
,,Regulatory,170,0.1,,,194,0.3,,,14.1,
,,Other,"5,158",4.5,,,"5,289",7.2,,,2.5,
,Weapons,,"6,895",6,,,"5,840",7.9,,,-15.3,
,Immigration,,"51,723",44.8,,,"14,446",19.6,,,-72.1,
,Material witness,,"5,159",4.5,,,"3,603",4.9,,,-30.2,
,Supervision violation,,"18,462",16,,,"17,256",23.4,,,-6.5,
Federal judicial district ,,,,,,,,,,,,
,U.S.-Mexico border district,,"67,361",56.1,%,,"29,664",38,%,,-56,%
,,Arizona,"15,852",13.2,,,"5,397",6.9,,,-66,
,,California Southern,"9,123",7.6,,,"4,671",6,,,-48.8,
,,New Mexico,"5,215",4.3,,,"2,497",3.2,,,-52.1,
,,Texas Southern,"25,270",21,,,"10,430",13.4,,,-58.7,
,,Texas Western,"11,901",9.9,,,"6,669",8.5,,,-44,
,Other,,"52,751",43.9,,,"48,404",62,,,-8.2,
"Note: Details may not sum to totals due to rounding. Each arrest is counted separately, so individuals with more than one arrest are counted more than once. The most serious offense at arrest is determined by the deputy U.S. marshal at booking. The federal district is the location of the federal court where booking takes place. For 2020 and 2021 arrests, the custody start date is used instead of the arrest date (as in prior years) because not all bookings in 2020 and 2021 had arrest dates, due to the U.S. Marshals Service�s transition to a new data system. The custody date is used to ensure all bookings are enumerated, including records that are missing an arrest date. See Methodology.",,,,,,,,,,,,
"Source: Bureau of Justice Statistics, based on data from the U.S. Marshals Service, CAPTURE information system, fiscal years 2020 and 2021.",,,,,,,,,,,,
