Bureau of Justice Statistics,,,,
Filename: fjs21at08.csv,,,,
"Appendix table 8. Percentages for figure 10: Persons under federal supervision in the community, by commitment offense, fiscal year-end 2011 and 2021",,,,
"Report title: Federal Justice Statistics, 2021   NCJ 305127",,,,
"Data Source: Bureau of Justice Statistics, based on data from the Administrative Office of the U.S. Courts, Probation and Pretrial Services Automated Case Tracking System, fiscal year-end 2011 and 2021",,,,
"Author: Mark Motivans, PhD, BJS Statistician",,,,
Refer questions to: askbjs@usdoj.gov 202-307-0765,,,,
Date of version: 12/29/2022,,,,
,,,,
"Appendix table 8. Percentages for figure 10: Persons under federal supervision in the community, by commitment offense, fiscal year-end 2011 and 2021",,,,
Commitment offense,2011,,2021,
Violent,5.3,%,5.1,%
Fraudulent property,17.7,,12.6,
Other property,4,,2.4,
Drug,47,,43.2,
Regulatory public order,1.9,,1.3,
Other public order,8.3,,13.9,
Weapons,11.9,,16.2,
Immigration,3.9,,5.4,
Note: Data are based on the offense with the longest sentence. The unit of count is a person serving a term under federal supervision in the community. Percentages are based on nonmissing data. There were 297 records missing commitment offense in 2011 and 218 missing commitment offense in 2021. ,,,,
"Source: Bureau of Justice Statistics, based on data from the Administrative Office of the U.S. Courts, Probation and Pretrial Services Automated Case Tracking System, fiscal year-end 2011 and 2021.",,,,
