Bureau of Justice Statistics,,,,,,,,,,,,
Filename: fjs21at07.csv,,,,,,,,,,,,
"Appendix table 7. Percentages for figure 9: Federally sentenced persons released from the Federal Bureau of Prisons, by most serious commitment offense and time served, FY 2021",,,,,,,,,,,,
"Report title: Federal Justice Statistics, 2021   NCJ 305127",,,,,,,,,,,,
"Data Source: Bureau of Justice Statistics, based on data from the Federal Bureau of Prisons, SENTRY database, fiscal year 2021",,,,,,,,,,,,
"Author: Mark Motivans, PhD, BJS Statistician",,,,,,,,,,,,
Refer questions to: askbjs@usdoj.gov 202-307-0765,,,,,,,,,,,,
Date of version: 12/29/2022,,,,,,,,,,,,
,,,,,,,,,,,,
"Appendix table 7. Percentages for figure 9: Federally sentenced persons released from the Federal Bureau of Prisons, by most serious commitment offense and time served, FY 2021",,,,,,,,,,,,
,Cumulative percent,,,,,,,,,,,
Time served,Violent,,Property,,Drug,,Public order,,Weapons,,Immigration,
Up to 1 year,3.7,%,16.9,%,4,%,10.5,%,4.3,%,26.5,%
2,16.9,,46.6,,18.6,,26.3,,20.4,,74.4,
3,33,,68.5,,35.6,,40.8,,42.7,,91.3,
4,44.3,,77.9,,44.8,,48.6,,55.5,,96,
5,53.3,,86.1,,58.6,,58.9,,66.9,,98.1,
6,60.5,,89.4,,66.5,,66.1,,72.8,,99.2,
7,66.7,,92.6,,72.4,,72.9,,77.2,,99.5,
8,71.2,,93.8,,76.4,,77,,80.2,,99.6,
9,77.9,,96,,84.7,,85.4,,85,,99.8,
10,81.2,,96.8,,88.2,,87.9,,87.2,,100,
11,85.9,,97.6,,90.8,,90.9,,88.1,,100,
12,88.8,,98.1,,92.3,,92.5,,88.9,,100,
13,91.1,,98.5,,93.8,,94.9,,92,,100,
14,93.2,,98.6,,95.3,,96.1,,94.2,,100,
Served at least 15 years,94.6,,99,,96.2,,97.2,,95.5,,100,
Number of persons released,"1,419",,"2,679",,"10,958",,"4,364",,"6,428",,"5,068",
"Note: Includes persons committed by a U.S. district court and released during fiscal year 2021 from the Federal Bureau of Prisons (BOP) by the most common ways persons exit prison, such as upon serving an entire sentence, serving an entire sentence with good time, and release to parole. Excludes persons sentenced to the BOP by the District of Columbia Superior Court, military prisoners transferred to BOP facilities to serve their sentence, U.S. citizen prisoners transferred to the United States from another country to serve their sentence closer to home, persons convicted of a state offense but serving time in a federal prison for their security needs, and persons released from federal prison by extraordinary means (death, commutation, or transfer). Time served is calculated as the interval between a person�s admission to and first release from BOP custody, plus any jail time served and credited. ",,,,,,,,,,,,
"Source: Bureau of Justice Statistics, based on data from the Federal Bureau of Prisons, SENTRY database, fiscal year 2021.",,,,,,,,,,,,
