"Bureau of Justice Statistics",,,,,,,,,,,,,,,,
"filename:  ncrp0010.csv",,,,,,,,,,,,,,,,
"NCRP0010 -  First releases from State prison, 2000:  Sentence length, time served in prison, by offense, and gender",,,,,,,,,,,,,,,,
"data source:  National Corrections Reporting Program, 2000",,,,,,,,,,,,,,,,
"author:  Timothy Hughes ",,,,,,,,,,,,,,,,
"refer questions to:  askbjs@ojp.usdoj.gov      202-307-0765",,,,,,,,,,,,,,,,
"date of version 6/20/03",,,,,,,,,,,,,,,,
,"First releases from State prison",,,,,,,,,,,,,,,
,"Male",,,,,,,,"Female",,,,,,,
,"Maximum sentence length",,,,"Time served in prison",,,,"Maximum sentence length",,,,"Time served in prison",,,
"Most serious offense","Median\1",,"Mean\2",,"Median",,"Mean",,"Median\1",,"Mean\2",,"Median",,"Mean",
,,,,,,,,,,,,,,,,
"All offenses",38,"mos.",62,"mos.",18,"mos.",30,"mos.",36,"mos.",48,"mos.",12,"mos.",18,"mos."
"Violent offenses",60,"mos.",86,"mos.",31,"mos.",47,"mos.",48,"mos.",71,"mos.",22,"mos.",33,"mos."
"Homicide",120,,151,,71,,85,,120,,130,,50,,63,
"Murder/nonnegligent manslaughter",180,,185,,94,,107,,180,,167,,76,,85,
"Murder",180,,198,,100,,114,,180,,179,,83,,94,
"Nonnegligent manslaughter",132,,155,,80,,86,,132,,146,,61,,66,
"Negligent manslaughter",72,,104,,40,,51,,65,,95,,31,,40,
"Unspecified homicide",72,,87,,32,,45,,48,,82,,34,,38,
"Kidnaping",60,,88,,31,,52,,44,,54,,18,,30,
"Rape",96,,123,,63,,76,,96,,114,,55,,59,
"Other sexual assault",60,,74,,31,,42,,60,,72,,26,,38,
"Robbery",62,,97,,37,,50,,54,,72,,21,,30,
"Assault",36,,59,,21,,32,,36,,50,,18,,25,
"Other violent",36,,47,,16,,23,,36,,49,,16,,22,
"Property offenses",36,"mos.",54,"mos.",15,"mos.",25,"mos.",30,"mos.",42,"mos.",11,"mos.",16,"mos."
"Burglary",48,,68,,19,,31,,36,,49,,13,,19,
"Larceny/theft",32,,43,,13,,20,,24,,37,,10,,15,
"Motor vehicle theft",32,,39,,12,,19,,24,,32,,10,,12,
"Arson",60,,83,,25,,37,,48,,66,,23,,25,
"Fraud",36,,46,,12,,19,,36,,44,,11,,16,
"Stolen property",36,,45,,13,,22,,27,,40,,11,,17,
"Other property",36,,42,,11,,17,,35,,35,,11,,14,
"Drug offenses",36,"mos.",55,"mos.",15,"mos.",22,"mos.",36,"mos.",46,"mos.",12,"mos.",16,"mos."
"Possession",36,,43,,11,,17,,36,,39,,10,,13,
"Trafficking",48,,60,,18,,25,,36,,52,,14,,18,
"Other/unspecified drug",36,,52,,13,,21,,24,,41,,10,,14,
"Public-order offenses",32,"mos.",41,"mos.",13,"mos.",19,"mos.",24,"mos.",37,"mos.",11,"mos.",16,"mos."
"Weapons",36,,42,,16,,22,,36,,40,,12,,17,
"Driving while intoxicated",30,,37,,11,,13,,30,,37,,10,,12,
"Other public-order",30,,44,,14,,22,,24,,37,,12,,18,
"Other offenses",48,"mos.",70,"mos.",16,"mos.",25,"mos.",36,"mos.",55,"mos.",12,"mos.",20,"mos."
"Number of first releases",," ",196225,," "," ",,,," ",22818,," "," ",,
,,,,,,,,,,,,,,,,
"Note:  Data are based on all first releases with a total sentence of more than a year for whom the most serious offense, sentence length, time served in prison, and gender were reported.",,,,,,,,,,,,,,,,
"1\Includes sentences of life without parole, life plus additional years, life, and death.",,,,,,,,,,,,,,,,
"2\Excludes sentences of life without parole, life plus additional years, life, and death.",,,,,,,,,,,,,,,,
