Bureau of Justice Statistics,,,,,,
Filename: mprpspi16stt01.csv,,,,,,
"Table 1. Prevalence of ever having a chronic condition or infectious disease among all state and federal prisoners, 2016",,,,,,
"Report title: Medical Problems Reported by Prisoners: Survey of Prison Inmates, 2016  NCJ 252644",,,,,,
"Data source: Bureau of Justice Statistics, Survey of Prison Inmates, 2016",,,,,,
"Authors: Laura M. Maruschak, BJS Statistician, and Jennifer Bronson, Ph.D., and Mariel Alper, Ph.D., former BJS Statisticians",,,,,,
Refer questions to: askbjs@usdoj.gov 202-307-0765,,,,,,
Date of version: 6/2/2021,,,,,,
,,,,,,
"Table 1. Prevalence of ever having a chronic condition or infectious disease among all state and federal prisoners, 2016",,,,,,
Chronic condition/infectious disease,,Percent,,,Standard error,
Ever had a chronic condition/a,,50.4,%,,0.67,%
,High blood pressure/hypertension,28.9,,,0.59,
,Arthritis/b,17,,,0.46,
,Asthma ,16,,,0.39,
Ever had an infectious disease/c,,16.6,%,,0.44,%
,Hepatitis C,8.9,,,0.38,
Note: Prisoners could report more than one chronic condition or infectious disease. See appendix table 1 for prisoner estimates.,,,,,,
"a/Includes prisoners who self-reported they had ever been told by a doctor, nurse, or other healthcare provider they had a chronic condition. See Methodology.",,,,,,
"b/Includes rheumatoid arthritis, gout, lupus, or fibromyalgia.",,,,,,
"c/Includes prisoners who self-reported they had ever been told by a doctor, nurse, or other healthcare provider they had an infectious disease. See Methodology.",,,,,,
"Source: Bureau of Justice Statistics, Survey of Prison Inmates, 2016.",,,,,,
