Bureau of Justice Statistics,,,,,,,,,,,,,
Filename:  svrfsp08atol.csv,,,,,,,,,,,,,
"Appendix table 1. Standard errors for table 4: Type of coercion and physical injury of former state prisoners who reported sexual victimization, by type of incident",,,,,,,,,,,,,
"Report title:  Sexual Victimizations Reported by Former State Prisoners, 2008",,,,,,,,,,,,,
Data source:  National Former Prisoner Survey,,,,,,,,,,,,,
Author: Allen Beckj,,,,,,,,,,,,,
Refer questions to:  askbjs@ojp.usdoj.gov (202) 307-0765,,,,,,,,,,,,,
Date of version:  5/17/2012,,,,,,,,,,,,,
,,,,,,,,,,,,,
,,,,,,,,,,,,,
"Appendix table 1. Standard errors for table 4: Type of coercion and physical injury of former state prisoners who reported sexual victimization, by type of incident",,,,,,,,,,,,,
,,,Inmate-on-inmate,,,,,Staff sexual misconduct,,,,,
Type of coercion,,,Total/a,,Nonconsensual sexual acts,,,Total,,Willing activity/b,,Unwilling activity/b,
,Force/threat,,1.73,%,1.92,%,,1.49,%,0.99,%,4.28,%
,,Threatened with harm or a weapon,1.76,,1.86,,,1.43,,1,,4.84,
,,Persuaded/talked into it,1.73,,2.26,,,1.82,,1.93,,3.73,
,,Physically held down or restrained,1.84,,2.51,,,0.96,,0.57,,3.65,
,,Physically harmed/injured,1.39,,1.76,,,1.02,,0.58,,3.84,
,Coercion other than force/threat,,1.57,%,1.91,%,,1.78,%,1.9,%,2.69,%
,,Offered/given protection from other inmates,1.67,,2.07,,,1.13,,0.95,,2.84,
,,Given bribe/blackmailed,1.74,,2.3,,,1.68,,1.75,,3.51,
,,Given drugs/alcohol,1.05,,1.35,,,1.31,,1.37,,3.53,
,,Pay off debt/c,0.98,,1.28,,,0.71,,0.78,,2.08,
,,Offered/given protection from another correctional officer/c,~,,~,,,2.12,,1.74,,5.97,
,,Offered favors or special privileges ,~,,~,,,1.83,,1.83,,4.04,
Physically injured ,,,1.62,%,2.03,%,,0.79,%,0.68,%,3,%
,Excluding minor injuries,,1.36,,1.81,,,0.74,,0.64,,2.84,
,Knife/stab wounds,,0.77,,1.05,,,0.3,,0.21,,1.28,
,Broken bones,,0.83,,1.13,,,0.26,,0.29,,1.05,
,"Anal/vaginal tearing, severe pain, or bleeding",,1.25,,1.91,,,0.65,,0.55,,2.6,
,Teeth chipped/knocked out,,1.19,,1.68,,,0.53,,0.31,,2.16,
,Internal injuries,,0.95,,1.31,,,0.37,,0.29,,1.5,
,Knocked unconscious,,1.11,,1.53,,,0.25,,0.2,,1.08,
,"Bruises, a black eye, sprains, cuts,  scratches, swelling, or welts",,1.6,,2.04,,,0.62,,0.39,,2.48,
~Not applicable.,,,,,,,,,,,,,
a/Includes abusive sexual contacts.,,,,,,,,,,,,,
b/Includes touching only.,,,,,,,,,,,,,
c/Not included in the pretest interviews. See Methodology for a detailed discussion of the merged data files.,,,,,,,,,,,,,
"Source: BJS, National Former Prisoner Survey, 2008.",,,,,,,,,,,,,
