Bureau of Justice Statistics,,,,,
Filename:  svrfsp08at18.csv,,,,,
"Appendix table 18. Reasons for not reporting sexual victimization to facility staff, by type of victimization",,,,,
"Report title:  Sexual Victimizations Reported by Former State Prisoners, 2008",,,,,
Data source:  National Former Prisoner Survey,,,,,
Author: Allen Beck,,,,,
Refer questions to:  askbjs@ojp.usdoj.gov (202) 307-0765,,,,,
Date of version:  5/17/2012,,,,,
 ,,,,,
"Appendix Table 18. Reasons for not reporting sexual victimization to facility staff, by type of victimization",,,,,
Reason for not reporting,,Inmate-on-inmate,,Staff sexual misconduct,
,Number of victims not reporting victimization to staff*,"16,870",,"25,200",
Afraid/scared of perpetrator,,51.6,%,~,%
Afraid of being punished by staff ,,40.7,,38.3,
Afraid of being charged with making  a false report,,24.9,,25.4,
Didn�t want anyone to know,,70.1,,~,
Embarassed/ashamed ,,68.5,,14.6,
Thought staff would not investigate,,43.3,,21.9,
Thought perpetrator would not be   punished,,40.6,,~,
Didn�t want staff to get in trouble,,~,,70.5,
Had sex or sexual contact willingly,,~,,79.8,
~Not asked of victims.,,,,,
*Represents the item with largest number of valid responses.,,,,,
"Source: BJS, National Former Prisoner Survey, 2008.",,,,,
