Bureau of Justice Statistics,,,,,
Filename:  svrfsp08t19.csv,,,,,
"Table 19. Facility responses to the reporting of sexual victimization to staff, by type of incident",,,,,
"Report title:  Sexual Victimizations Reported by Former State Prisoners, 2008",,,,,
Data source:  National Former Prisoner Survey,,,,,
Author: Allen Beck,,,,,
Refer questions to:  askbjs@ojp.usdoj.gov (202) 307-0765,,,,,
Date of version:  5/17/2012,,,,,
,,,,,
"Table 19. Facility responses to the reporting of sexual victimization to staff, by type of incident",,,,,
,,Inmate-on-inmate,,Staff sexual misconduct,
,Number of victims reporting to   facility staff,"10,200",,"1,600",
Facility response to reported sexual  victimization/a,,63,%,85.5,%
,Moved victim to administrative  segregation/protective housing,34.3,,41.2,
,Placed victim in medical unit/ward/ hospital,10.9,,12.2,
,Confined victim to cell,24.3,,35.2,
,Assigned victim to higher level of custody to victim,14.3,,26.6,
,Offered victim a transfer,17.6,,39.1,
,Victim written up,28.5,,46.3,
,Victim spoke to investigator/b,28.3,,53.9,
,Perpetrator punished/segregated,28.6,,~,
No facility response reported by victim,,37,%,14.5,%
Note: An additional 200 victims of inmate-on-inmate victimization reported that someone else reported his/her victimization to staff. See appendix table 6 for estimated standard errors.,,,,,
~Not asked of victims of staff sexual misconduct.,,,,,
a/Detail may not sum to total because multiple responses were allowed for this item.,,,,,
b/Category not included in the pretest interviews. See Methodology for a detailed discussion of merged data files. ,,,,,
"Source: BJS, National Former Prisoner Survey, 2008.",,,,,
