Bureau of Justice Statistics,,,,,
Filename:  svrfsp08t02.csv,,,,,
Table 2. Former state prisoners reporting sexual victimization in a community-based correctional facility,,,,,
"Report title:  Sexual Victimizations Reported by Former State Prisoners, 2008",,,,,
Data source:  National Former Prisoner Survey,,,,,
Author: Allen Beck,,,,,
Refer questions to:  askbjs@ojp.usdoj.gov (202) 307-0765,,,,,
Date of version:  5/17/2012,,,,,
,,,,,
Table 2. Former state prisoners reporting sexual victimization in a community-based correctional facility,,,,,
,,Percent of former inmates who served ,,,
,,time in a community-based facility,,,
Type of incident,,Before release/a,,After release/b,
Number of former inmates,,"65,500",,"66,400",
,Total,2,%,0.9,%
Inmate-on-inmate,,0.7,,0.4,
Staff sexual misconduct,,1.4,,0.5,
"a/Includes pre-release community-based facilities, such as halfway houses, residential treatment centers, restitution centers, and other pre-release centers.",,,,,
b/Includes post-release community-based treatment facilities only.,,,,,
"Source: BJS, National Former Prisoner Survey, 2008.",,,,,
