Bureau of Justice Statistics,,,,,,,
Filename:  svrfsp08t07.csv,,,,,,,
"Table 7. Staff sexual misconduct and type of activity, by sex of victim and sex of staff",,,,,,,
"Report title:  Sexual Victimizations Reported by Former State Prisoners, 2008",,,,,,,
Data source:  National Former Prisoner Survey,,,,,,,
Author: Allen Beck,,,,,,,
Refer questions to:  askbjs@ojp.usdoj.gov (202) 307-0765,,,,,,,
Date of version:  5/17/2012,,,,,,,
,,,,,,,
"Table 7. Staff sexual misconduct and type of activity, by sex of victim and sex of staff",,,,,,,
,,All staff sexual misconduct,,Willing activity,,Unwilling activity,
,Total,100,%,100,%,100,%
Male victims,,,,,,,
,Female staff only,78.7,%,86,%,42.2,%
,Male staff only,6.8,,4.4,,23.1,
,Both male and female staff,4.6,,2.7,,10.9,
Female victims,,,,,,,
,Female staff only,1.3,%,1.1,%,2.8,%
,Male staff only,8.1,,5.5,,19.2,
,Both male and female staff,0.5,,0.3,,1.8,
"Source: BJS, National Former Prisoner Survey, 2008.",,,,,,,
