Bureau of Justice Statistics,,,,,,,,,,,,,,,
Filename:  svrfsp08t01.csv,,,,,,,,,,,,,,,
"Table 1. Former state prisoners reporting sexual victimization during most recent period of incarceration, by type of victimization and facility",,,,,,,,,,,,,,,
"Report title:  Sexual Victimizations Reported by Former State Prisoners, 2008",,,,,,,,,,,,,,,
Data source:  National Former Prisoner Survey,,,,,,,,,,,,,,,
Author: Allen Beck,,,,,,,,,,,,,,,
Refer questions to:  askbjs@ojp.usdoj.gov (202) 307-0765,,,,,,,,,,,,,,,
Date of version:  5/17/2012,,,,,,,,,,,,,,,
,,,,,,,,,,,,,,,
"Table 1. Former state prisoners reporting sexual victimization during most recent period of incarceration, by type of victimization and facility",,,,,,,,,,,,,,,
,,,,,,,,,,,,,,,
,,,Estimated number of victims,Percent of former prisoners/a,,,,,,Standard errors/b,,,,,
Type of incident,,,,All/c,,Prison,,Jail,,All,,Prison,,Jail,
,Total,,"49,000",9.6,%,7.5,%,1.8,%,0.29,%,0.26,%,0.14,%
Inmate-on-inmate,,,"27,300",5.4,%,3.7,%,1,%,0.24,%,0.19,%,0.09,%
,Nonconsensual sexual acts,,"18,700",3.7,,2.6,,0.6,,0.17,,0.14,,0.06,
,Abusive sexual contacts only,,"7,900",1.6,,0.9,,0.2,,0.13,,0.09,,0.04,
Staff sexual misconduct,,,"27,100",5.3,%,4.7,%,1,%,0.22,%,0.22,%,0.1,%
,Unwilling activity,,"6,300",1.2,%,1,%,0.2,%,0.11,%,0.11,%,0.03,%
,,Excluding touching,"5,100",1,,0.8,,0.1,,0.1,,0.1,,0.02,
,,Touching only,"1,100",0.2,,0.2,,0,,0.05,,0.04,,0.02,
,Willing activity,,"23,300",4.6,%,4,%,0.7,%,0.21,%,0.21,%,0.08,%
,,Excluding touching,"22,200",4.3,,3.4,,0.3,,0.21,,0.21,,0.06,
,,Touching only,"1,100",0.2,,0.2,,0,,0.04,,0.04,,0.01,
Note: Former prison inmates include only persons who were under active community supervision following a period of incarceration in state prison. See Methodology for sample description. Detail may not sum to total because former inmates may have reported more than one type of victimization or victimization in more than one type of facility. ,,,,,,,,,,,,,,,
"a/Based on the most recent period of incarceration, which may include time spent in local jail prior to admission to state prison and time spent in a post-release community treatment facility following release from prison.",,,,,,,,,,,,,,,
b/Standard errors may be used to construct confidence intervals around each estimate.  See Methodology for calculations.,,,,,,,,,,,,,,,
c/Includes former inmates victimized in a post-release community-treatment facility (0.1%) and in facilities for which type was not reported (1.4%). ,,,,,,,,,,,,,,,
"Source: BJS, National Former Prisoner Survey, 2008. ",,,,,,,,,,,,,,,
