Bureau of Justice Statistics,,,,,,,,,
Filename:  svrfsp08t21.csv,,,,,,,,,
"Table 21. HIV testing and results for former state prisoners, by type of victim",,,,,,,,,
"Report title:  Sexual Victimizations Reported by Former State Prisoners, 2008",,,,,,,,,
Data source:  National Former Prisoner Survey,,,,,,,,,
Author: Allen Beck,,,,,,,,,
Refer questions to:  askbjs@ojp.usdoj.gov (202) 307-0765,,,,,,,,,
Date of version:  5/17/2012,,,,,,,,,
,,,,,,,,,
"Table 21. HIV testing and results for former state prisoners, by type of victim",,,,,,,,,
,,All former state prisoners,,Nonvictims,,Inmate-on-inmate victims,,Staff-on-inmate victims,
,Number ,"510,800",,"461,800",,"27,300",,"27,100",
Tested for HIV,,,,,,,,,
,Percent,89.9,%,89.5,%,93,%,95,%
,Standard error,0.39,%,0.43,%,0.92,%,0.89,%
Tested positive for HIV,,,,,,,,,
,Percent,2.8,%,2.6,%,6.5,%,4.6,%
,Standard error,0.16,%,0.16,%,0.93,%,0.88,%
"Source: BJS, National Former Prisoner Survey, 2008.",,,,,,,,,
