Bureau of Justice Statistics,,,,,,,,,,,,
Filename:  svrfsp08t05.csv,,,,,,,,,,,,
"Table 5. Circumstances surrounding sexual victimization of former state prisoners, by type of incident",,,,,,,,,,,,
"Report title:  Sexual Victimizations Reported by Former State Prisoners, 2008",,,,,,,,,,,,
Data source:  National Former Prisoner Survey,,,,,,,,,,,,
Author: Allen Beck,,,,,,,,,,,,
Refer questions to:  askbjs@ojp.usdoj.gov (202) 307-0765,,,,,,,,,,,,
Date of version:  5/17/2012,,,,,,,,,,,,
,,,,,,,,,,,,
"Table 5. Circumstances surrounding sexual victimization of former state prisoners, by type of incident",,,,,,,,,,,,
,,,,,,,Staff sexual misconduct,,,,,
,,Inmate-on-inmate,,,,,,,Willing ,,Unwilling ,
Circumstance,,Total/a,,Nonconsensual sexual acts,,,Total,,activity/b,,activity/b,
,Number of victims/c,"27,300",,"18,700",,,"27,100",,"23,300",,"6,300",
Time of day/d,,,,,,,,,,,,
,6 a.m. to noon,30.4,%,30.3,%,,41.7,%,41.7,%,44.5,%
,Noon to 6 p.m.,35.5,,34,,,37.6,,37.7,,35.6,
,6 p.m. to midnight,52.2,,56.6,,,46.4,,46.6,,50.9,
,Midnight to 6 a.m.,41.3,,52.8,,,54.5,,56.5,,51.3,
Where occurred/d,,,,,,,,,,,,
,Victim�s cell/room/sleeping area,61.9,%,71.3,%,,42.8,%,43.8,%,45.9,%
,Another inmate�s cell/room,24.3,,31.5,,,9,,9.9,,8.5,
,Shower/bathroom,36.7,,38.4,,,35,,36.5,,33.8,
,Yard/recreation area,21.8,,19.2,,,10.8,,10.2,,11.8,
,Workplace,17.9,,19.8,,,54.5,,55.8,,57.4,
,"Closet, office, or other locked room",13.1,,17.2,,,69.8,,71.7,,67,
,Classroom/library,9.6,,11.3,,,33.8,,34.5,,33.6,
,Elsewhere in facility,11.3,,11.6,,,13.3,,13.7,,12.1,
,Off facility grounds/e,5.4,,5.9,,,9.9,,9.9,,14.4,
Number of perpetrators,,,,,,,,,,,,
,1,53.8,%,48.1,%,,52.8,%,52,%,53.6,%
,2,25.4,,28,,,27,,27.5,,22,
,3 or more,20.8,,23.9,,,20.3,,20.5,,24.4,
Number of times,,,,,,,,,,,,
,1,42.4,%,36.4,%,,14.2,%,13.2,%,11,%
,2,26.2,,26.5,,,22.3,,22.2,,19.3,
,3 or more,31.3,,37.1,,,63.5,,64.6,,69.7,
Note: See appendix table 2 for estimated standard errors.,,,,,,,,,,,,
a/Includes abusive sexual contacts.,,,,,,,,,,,,
b/Includes touching only.,,,,,,,,,,,,
c/Detail may not sum to total because respondents may have reported more than one type of victimization.,,,,,,,,,,,,
d/Detail may sum to total because multiple responses were allowed for this item.,,,,,,,,,,,,
"e/Includes incidents that occurred in a temporary holding facility, on work release, in a medical facility, in a vehicle, or at a courthouse.",,,,,,,,,,,,
"Source: BJS, National Former Prisoner Survey, 2008.",,,,,,,,,,,,
