Bureau of Justice Statistics,,,,,,,,,,,,
Filename:  svrfsp08t04.csv,,,,,,,,,,,,
"Table 4. Type of coercion and physical injury of former state prisoners who reported sexual victimization, by type of incident",,,,,,,,,,,,
"Report title:  Sexual Victimizations Reported by Former State Prisoners, 2008",,,,,,,,,,,,
Data source:  National Former Prisoner Survey,,,,,,,,,,,,
Author: Allen Beck,,,,,,,,,,,,
Refer questions to:  askbjs@ojp.usdoj.gov (202) 307-0765,,,,,,,,,,,,
Date of version:  5/17/2012,,,,,,,,,,,,
 ,,,,,,,,,,,,
"Table 4. Type of coercion and physical injury of former state prisoners who reported sexual victimization, by type of incident",,,,,,,,,,,,
,,,Inmate-on-inmate,,Staff sexual misconduct,,,,,,,
,,,,,,,,,Willing ,,Unwilling activityb,
,,,Total/a,,Nonconsensual sexual acts,,Total,,activity/b,,,
,Number of victims,,"27,300",,"18,700",,"27,100",,"23,300",,"6,300",
Type of coercion/c,,,,,,,,,,,,
,Force/threat,,58.6,%,65.6,%,12.3,%,5.4,%,48.2,%
,,Threatened with harm or a weapon,53.1,,59.7,,11,,5.2,,43.9,
,,Physically held down or restrained,28.1,,34.2,,4.9,,1.5,,19.2,
,,Physically harmed/injured,24.8,,30,,4.1,,1.6,,15.2,
,Coercion other than force/threat,,51.7,%,63,%,62.4,%,61.6,%,87,%
,,Persuaded/talked into it,34.3,,45.4,,35.2,,33.9,,71.9,
,,Offered/given protection from other inmates,24.4,,29.4,,6.5,,5,,16.5,
,,Given bribe/blackmailed,25.6,,31.3,,27.2,,24.3,,60.4,
,,Given drugs/alcohol,9,,12,,18.6,,19.9,,21,
,,Pay off debt/d,8.2,,10.8,,3.1,,2.7,,6.5,
,,Offered/given protection from another correctional officer/d,~,,~,,13.3,,10.3,,34.2,
,,Offered favors or special privileges ,~,,~,,49.6,,49.1,,72,
Physically injuredc ,,,29.7,%,35.3,%,4.1,%,2.1,%,16.5,%
,Excluding minor injuries ,,22.9,,28.4,,3.2,,1.6,,13,
,Knife/stab wounds,,4.4,,5.1,,0.6,,0.2,,2.6,
,Broken bones,,4.3,,5.5,,0.5,,0.5,,1.9,
,"Anal/vaginal tearing, severe pain, or bleeding",,11.7,,17,,2.1,,1,,8.8,
,Teeth chipped/knocked out,,11.5,,13.9,,1.6,,0.6,,6.3,
,Internal injuries,,6.3,,7.4,,1.2,,0.5,,4.9,
,Knocked unconscious,,8.4,,10.5,,0.6,,0.4,,2.5,
,"Bruises, a black eye, sprains, cuts,  scratches, swelling, or welts",,28.6,,33.8,,2.9,,1,,11.8,
Note: See appendix table 1 for estimated standard errors.,,,,,,,,,,,,
~Not applicable.,,,,,,,,,,,,
a/Includes abusive sexual contacts.,,,,,,,,,,,,
b/Includes touching only.,,,,,,,,,,,,
c/Detail may not sum to total because multiple responses were allowed for this item.,,,,,,,,,,,,
d/Not included in the pretest interviews. See Methodology for a detailed discussion of the merged pretest and full survey data files.,,,,,,,,,,,,
"Source: BJS, National Former Prisoner Survey, 2008.",,,,,,,,,,,,
