Bureau of Justice Statistics,,,,,,,,,,,,,,,,,,
Filename: fpcseo06t7.csv,,,,,,,,,,,,,,,,,,
"Table 7.  Disposition and sentence received in cases concluded with a child exploitation offense, 1996 and 2006",,,,,,,,,,,,,,,,,,
"Report Title: Federal Prosecution of Child Sex Exploitation Offenders, 2006 NCJ 219412",,,,,,,,,,,,,,,,,,
Data Source: Federal Justice Statistics Program,,,,,,,,,,,,,,,,,,
Refer questions to: askbjs@usdoj.gov or (202) 307-0765,,,,,,,,,,,,,,,,,,
"Authors: Mark Motivans, Tracey Kyckelhahn",,,,,,,,,,,,,,,,,,
Date of version. 11/20/07,,,,,,,,,,,,,,,,,,

"Table 7.  Disposition and sentence received in cases concluded with a child exploitation offense, 1996 and 2006",,,,,,,,,,,,,,,,,,

Disposition/sentence imposed,,,Total,,,,Sex abuse,,,,Child pornography,,,,Sex transportation,,,
,,,2006,,1996,,2006,,1996,,2006,,1996,,2006,,1996,
        Cases concluded,,,,,,,,,,,,,,,,,,
,Number,,"1,850",,472,,276,,276,,"1,209",,161,,365,,35,
Convicted,,,93.1,%,87.1,%,86.2,%,80.8,%,95.1,%,96.9,%,91.8,%,91.4,%
,Plea,,88.6,,77.1,,76.1,,70.7,,92.2,,91.3,,86,,62.8,
,Trial,,4.5,,10,,10.1,,10.1,,2.9,,5.6,,5.8,,28.6,
Not convicted,,,6.9,,12.9,,13.8,,19.2,,4.9,,3.1,,8.2,,8.6,
,Dismissed,,6.2,,8.3,,11.2,,11.6,,4.5,,3.1,,8,,5.7,
,Trial,,0.7,,4.7,,2.6,,7.6,,0.4,,0,,0.2,,2.9,
Sentence imposed/a,,,,,,,,,,,,,,,,,,
,,Number,"1,723",,411,,238,,223,,"1,150",,156,,335,,32,
,Prison/b,,95.7,%,81.4,%,86.4,%,83.3,%,97.1,%,76.8,%,97.6,%,90.6,%
,Probation only,,4,,17.6,,13.2,,16.2,,2.7,,21.3,,2.1,,9.4,
,Fine only,,0.2,,1,,0.4,,0.5,,0.2,,1.9,,0.3,,0,
Median prison sentence imposed (mos),,,63,mos,33,mos,70,mos,44,mos,63,mos,15,mos,60,mos,60,mos
Note: Includes cases with a child exploitation statute as one of five offenses at termination. Percents based on non-missing data.,,,,,,,,,,,,,,,,,,
a/Based on the number convicted,,,,,,,,,,,,,,,,,,
b/Includes all sentences to incarceration including split sentences.,,,,,,,,,,,,,,,,,,
"Data source: Administrative Office of the U.S. Courts, criminal master file, fiscal year 2006.",,,,,,,,,,,,,,,,,,
