Bureau of Justice Statistics,,,,,,,,,,
Filename: fpcseo06t01.csv,,,,,,,,,,
"Table 1. Suspects referred to U.S. attorneys with sex exploitation offense as lead charge, 1994 and 2006",,,,,,,,,,
"Report Title: Federal Prosecution of Child Sex Exploitation Offenders, 2006 NCJ 219412",,,,,,,,,,
Data Source: Federal Justice Statistics Program,,,,,,,,,,
Refer questions to: askbjs@usdoj.gov or ( 202) 307-0765,,,,,,,,,,
"Authors: Mark Motivans, Tracey Kyckelhahn",,,,,,,,,,
Date of version: 12/20/07,,,,,,,,,,

"Table 1. Suspects referred to U.S. attorneys with sex exploitation offense as lead charge, 1994 and 2006",,,,,,,,,,

,,2006,,,1994,,,Percent growth *,,
Lead charge,,Number,Percent,,Number,Percent,,Number,Percent,
,Total,"3,661",100,%,774,100,%,"2,887",100,%
Child pornography,,"2,539",69.4,,169,21.8,,"2,370",82.1,
Sexual abuse,,601,16.4,,568,73.4,,33,1.1,
Sex transportation,,521,14.2,,37,4.8,,484,16.8
*Percent growth is the distribution of the increase in referrals from 1994 to 2006.,,,,,,,,,
"Source:  Executive Office for U.S.  Attorneys, National LIONS database,  fiscal year 2006.",,,,,,,,,
