Bureau of Justice Statistics,,,
Filename: fpcseo06f01.csv,,,
Figure 1. Federal prosecutions for child sex exploitation offenders,,,
"Report Title: Federal Prosecution of Child Sex Exploitation Offenders, 2006 NCJ 219412",,,
Data Source: Federal Justice Statistics Program,,,
Refer questions to: askbjs@usdoj.gov or (202) 307-0765,,,
"Authors: Mark Motivans, Tracey Kyckelhahn",,,
Date of version. 12/20/07,,,

Figure 1. Federal prosecutions for child sex exploitation offenders,,,

,Number of suspects in matters prosecuted,,
Fiscal year,Sex abuse,Child pornography,Sex transportation
1994,221,76,15
1995,258,112,19
1996,275,350,30
1997,293,345,49
1998,307,354,86
1999,306,466,129
2000,276,522,156
2001,272,591,197
2002,315,737,184
2003,304,819,205
2004,328,"1,127",258
2005,289,"1,298",400
2006,300,"1,390",349
Note: Includes matters with a child sex exploitation offense as lead charge.,,,
"Source:  Executive Office for U.S.  Attorneys, National LIONS database,  fiscal year 2006.",,,
