Bureau of Justice Statistics,,,
Filename: fpcseo06f06.csv,,,
"Figure 6. Fifty-eight percent of Federal sex abuse suspects in matters concluded were in 4 Federal judicial districts, 2004-2006",,,
"Report Title: Federal Prosecution of Child Sex Exploitation Offenders, 2006 NCJ 219412",,,
Data Source: Federal Justice Statistics Program,,,
Refer questions to: askbjs@usdoj.gov or (202) 307-0765,,,
"Authors: Mark Motivans, Tracey Kyckelhahn",,,
Date of version: 12/20/07,,,

"Figure 6. Fifty-eight percent of Federal sex abuse suspects in matters concluded were in 4 Federal judicial districts, 2004-2006",,,

Federal judicial district,Number,Percent,
Alaska,4,0.2,%
Alabama Middle,4,0.2,
Alabama Northern,1,0.1,
Alabama Southern,0,0,
Arkansas Eastern,6,0.3
Arkansas Western,2,0.1
Arizona,373,18.3
California Central,10,0.5
California Eastern,5,0.2
California Northern,9,0.4
California Southern,1,0.1
Colorado,16,0.8
Connecticut,2,0.1
District of Columbia,1,0.1
Delaware,1,0.1
Florida Middle,10,0.5
Florida Northern,16,0.8
Florida Southern,10,0.5
Georgia Middle,5,0.2
Georgia Northern,3,0.2
Georgia Southern,9,0.4
Hawaii,9,0.4
Iowa Northern,2,0.1
Iowa Southern,0,0
Idaho,46,2.3
Illinois Central,2,0.1
Illinois Nothern,4,0.2
Illinois Southern,1,0.1
Indiana Northern,0,0
Indiana Southern,0,0
Kansas,4,0.2
Kentucky Eastern,8,0.4
Kentucky Western,18,0.9
Louisiana Eastern,0,0
Louisiana Middle,0,0
Louisiana Western,5,0.2
Massachusetts,4,0.2
Maryland,4,0.2
Maine,0,0
Michigan Eastern,7,0.3
Michigan Western,34,1.7
Minnesota,30,1.5
Missouri Eastern,1,0.1
Missouri Western,4,0.2
Mississippi Northern,4,0.2
Mississippi Southern,35,1.7
Montana,113,5.5
North Carolina Eastern,15,0.7
North Carolina Middle,1,0.1
North Carolina Western,17,0.8
North Dakota,90,4.4
Nebraska,32,1.6
New Hampshire,0,0
New Jersey,7,0.3
New Mexico,290,14.2
Nevada,28,1.4
New York Eastern,4,0.2
New York Northern,1,0.1
New York Southern,6,0.3
New York Western,6,0.3
Ohio Northern,6,0.3
Ohio Southern,2,0.1
Oklahoma Eastern,4,0.2
Oklahoma Northern,2,0.1
Oklahoma Western,29,1.4
Oregon,25,1.2
Pennsylvania Eastern,5,0.2
Pennsylvania Middle,4,0.2
Pennsylvania Western,4,0.2
Rhode Island,0,0
South Carolina,4,0.2
South Dakota,438,21.4
Tennessee Eastern,0,0
Tennessee Middle,0,0
Tennessee Western,1,0.1
Texas Eastern,1,0.1
Texas Northern,9,0.4
Texas Southern,4,0.2
Texas Western,29,1.4
Utah,19,0.9
Virginia Eastern,29,1.4
Virginia Western,1,0.1
Vermont,1,0.1
Washington Eastern,17,0.8
Washington Western,21,1
Wisconsin Eastern,10,0.5
Wisconsin Western,4,0.2
West Virginia Northern,3,0.2
West  Virginia Southern,4,0.2
Wyoming,41,2
"Note: There were 2,060 suspects in matters concluded with sex abuse as lead charge from 2004 to 2006.",,
"Source: Executive Office for U.S. Attorneys, National LIONS file, fiscal year 2004-2006.",,
