Bureau of Justice Statistics,,,,,,,,,,,
Filename: fssc06stt42a.csv,,,,,,,,,,,
"Table 4.2a. Case totals and standard errors for Table 4.2, Types of felony sentences imposed in state courts, by offense and type of conviction, 2006 ",,,,,,,,,,,
"Report title: Felony Sentences in State Courts, 2006 - Statistical Tables  NCJ 226846",,,,,,,,,,,
Data source(s): National Judicial Reporting Program,,,,,,,,,,,
"Author(s): Sean P. Rosenmerkel, Mattew R. Durose and Donald J. Farole, Jr.",,,,,,,,,,,
Refer questions to: askbjs@usdoj.gov or 202-307-0765,,,,,,,,,,,
Date of version: 11/9/2010,,,,,,,,,,,
,,,,,,,,,,,
"Table 4.2a. Case totals and standard errors for Table 4.2, Types of felony sentences imposed in state courts, by offense and type of conviction, 2006 ",,,,,,,,,,,
,,,,,,,,,,,
,,,,Standard error,,,,,,,
,,Weighted case total,,Percent of felons sentenced to�,,,,,,,
Most serious conviction offense,,,,Prison,,Jail,,Probation,,Other,
Trial,,,,,,,,,,,
,All offenses,"35,110",,5.3,%,2.6,%,4.9,%,1.9,%
Violent offenses,,"11,610",,3.2,%,1.7,%,1.8,%,1.7,%
,Murder/Nonnegligent manslaughter,"1,810",,1.8,,0.7,,0.0,,1.5,
,Sexual assault,"2,140",,3.1,,1.7,,2.0,,2.3,
,Robbery,"2,520",,2.3,,2.4,,0.5,,0.8,
,Aggravated assault,"4,300",,5.5,,2.3,,3.2,,2.8,
,Other violent,840,,5.0,,4.4,,4.2,,1.6,
Property offenses,,"9,160",,6.9,%,3.2,%,6.9,%,1.6,%
,Burglary,"3,490",,5.2,,2.4,,5.0,,1.0,
,Larceny,"2,970",,7.8,,3.8,,9.1,,2.2,
,Fraud/Forgery,"2,710",,9.4,,4.0,,8.0,,2.4,
Drug offenses,,"9,330",,7.4,%,4.2,%,7.9,%,3.2,%
,Possession,"1,720",,6.0,,4.9,,3.7,,2.1,
,Trafficking,"7,610",,9.0,,4.0,,9.2,,3.6,
Weapon offenses,,"1,400",,3.8,%,2.7,%,3.0,%,2.3,%
Other specified offenses,,"3,620",,6.0,%,3.6,%,3.4,%,1.8,%
,,,,,,,,,,,
Guilty plea,,,,,,,,,,,
,All offenses,"592,420",,1.4,%,1.9,%,1.8,%,0.4,%
Violent offenses,,"101,680",,1.7,%,2.4,%,1.7,%,0.4,%
,Murder/Nonnegligent manslaughter,"2,870",,1.2,,0.3,,0.9,,0.7,
,Sexual assault,"15,460",,2.3,,1.7,,1.5,,0.3,
,Robbery,"21,330",,1.3,,1.3,,1.3,,0.3,
,Aggravated assault,"50,470",,1.8,,3.2,,2.4,,0.5,
,Other violent,"11,550",,2.5,,3.9,,3.0,,1.1,
Property offenses,,"164,140",,1.4,%,2.2,%,2.0,%,0.5,%
,Burglary,"49,910",,1.9,,2.1,,1.9,,0.4,
,Larceny,"61,220",,1.0,,2.8,,2.6,,0.5,
,Fraud/Forgery,"53,010",,1.9,,1.9,,2.1,,0.8,
Drug offenses,,"206,750",,1.6,%,1.8,%,2.0,%,0.4,%
,Possession,"82,480",,2.1,,2.6,,2.6,,0.5,
,Trafficking,"124,270",,1.7,,1.6,,2.4,,0.5,
Weapon offenses,,"17,390",,2.0,%,3.2,%,2.5,%,0.6,%
Other specified offenses,,"102,470",,1.6,%,2.1,%,1.8,%,0.6,%
Note: This table provides case totals and standard errors for the weighted percentages in Table 4.2. Estimates are based on cases in which the type of conviction and sentence type was reported. ,,,,,,,,,,,
,,,,,,,,,,,
