Bureau of Justice Statistics,,,,,,,,,,,,,,,,
Filename: fssc06stt34.csv,,,,,,,,,,,,,,,,
"Table 3.4. Types of felony sentences imposed in state courts, by offense and race of felons, 2006",,,,,,,,,,,,,,,,
"Report title: Felony Sentences in State Courts, 2006 - Statistical Tables  NCJ 226846",,,,,,,,,,,,,,,,
Data source(s): National Judicial Reporting Program,,,,,,,,,,,,,,,,
"Author(s): Sean P. Rosenmerkel, Mattew R. Durose and Donald J. Farole, Jr.",,,,,,,,,,,,,,,,
Refer questions to: askbjs@usdoj.gov or 202-307-0765,,,,,,,,,,,,,,,,
Date of version: 12/30/2009,,,,,,,,,,,,,,,,
,,,,,,,,,,,,,,,,
"Table 3.4.  Types of felony sentences imposed in state courts, by offense and race of felons, 2006",,,,,,,,,,,,,,,,
,,,,,,,,,,,,,,,,
,,Percent of felons sentenced to�,,,,,,,,,,,,,,
,,,,,Incarceration,,,,,,,Nonincarceration,,,,
Most serious conviction offense,,Total,,,Total,,Prison,,Jail,,,Total,,Probation,,Other
,,,,,,,,,,,,,,,,
White,,,,,,,,,,,,,,,,
,All offenses,100,%,,66,,37,,29,,,34,,29,,4
Violent offenses,,100,%,,74,,52,,23,,,26,,22,,3
,Murder/Nonnegligent manslaughter,100,%,,93,,92,,2,,,7,,4,,3
,Sexual assaulta,100,%,,81,,64,,16,,,19,,16,,4
,Robbery,100,%,,83,,70,,14,,,17,,15,,2
,Aggravated assault,100,%,,69,,40,,29,,,31,,27,,3
,Other violentb ,100,%,,68,,40,,28,,,32,,27,,4
Property offenses,,100,%,,65,,36,,29,,,35,,30,,5
,Burglary,100,%,,71,,46,,25,,,29,,25,,4
,Larceny,100,%,,66,,32,,34,,,34,,30,,4
,Fraud/Forgeryc,100,%,,59,,31,,27,,,41,,35,,6
Drug offenses,,100,%,,61,,31,,30,,,39,,34,,5
,Possession,100,%,,63,,28,,35,,,37,,33,,4
,Trafficking,100,%,,59,,33,,26,,,41,,35,,6
Weapon offenses,,100,%,,73,,45,,28,,,27,,23,,4
Other specified offensesd,,100,%,,69,,34,,35,,,31,,27,,4
,,,,,,,,,,,,,,,,
Black,,,,,,,,,,,,,,,,
,All offenses,100,%,,72,,45,,27,,,28,,25,,4
Violent offenses,,100,%,,78,,58,,20,,,22,,19,,3
,Murder/Nonnegligent manslaughter,100,%,,95,,93,,2,,,5,,3,,2
,Sexual assaulta,100,%,,80,,65,,15,,,20,,16,,4
,Robbery,100,%,,86,,71,,14,,,14,,12,,2
,Aggravated assault,100,%,,72,,46,,26,,,28,,23,,4
,Other violentb ,100,%,,68,,37,,31,,,32,,28,,4
Property offenses,,100,%,,69,,41,,28,,,31,,27,,4
,Burglary,100,%,,78,,57,,20,,,22,,20,,3
,Larceny,100,%,,69,,36,,33,,,31,,28,,3
,Fraud/Forgeryc,100,%,,60,,30,,30,,,40,,35,,5
Drug offenses,,100,%,,70,,43,,27,,,30,,25,,4
,Possession,100,%,,71,,38,,33,,,29,,24,,5
,Trafficking,100,%,,70,,46,,25,,,30,,26,,4
Weapon offenses,,100,%,,73,,45,,28,,,27,,25,,2
Other specified offensesd,,100,%,,70,,38,,31,,,30,,27,,3
"Note: For persons receiving a combination of sentences, the sentence designation came from the most severe penalty imposed�prison being the most severe, followed by jail, probation, and then other sentences, such as a fine, community service, or treatment. Prison includes death sentences. In this table ""probation"" is defined as straight probation. Detail may not sum to total because of rounding. Racial categories include persons of Latino or Hispanic origin.",,,,,,,,,,,,,,,,
aIncludes rape.,,,,,,,,,,,,,,,,
bIncludes offenses such as negligent manslaughter and kidnapping.,,,,,,,,,,,,,,,,
cIncludes embezzlement.,,,,,,,,,,,,,,,,
dComprises nonviolent offenses such as vandalism and receiving stolen property.,,,,,,,,,,,,,,,,
