Bureau of Justice Statistics,,,,,,,,,,,,,
Filename: fssc06stt24a.csv,,,,,,,,,,,,,
"Table 2.4a. Case totals and standard errors for Table 2.4, Mean length of felony sentences imposed in state courts, by number of convictions and offense, 2006",,,,,,,,,,,,,
"Report title: Felony Sentences in State Courts, 2006 - Statistical Tables  NCJ 226846",,,,,,,,,,,,,
Data source(s): National Judicial Reporting Program,,,,,,,,,,,,,
"Author(s): Sean P. Rosenmerkel, Mattew R. Durose and Donald J. Farole, Jr.",,,,,,,,,,,,,
Refer questions to: askbjs@usdoj.gov or 202-307-0765,,,,,,,,,,,,,
Date of version: 11/9/2010,,,,,,,,,,,,,
,,,,,,,,,,,,,
"Table 2.4a. Case totals and standard errors for Table 2.4, Mean length of felony sentences imposed in state courts, by number of convictions and offense, 2006",,,,,,,,,,,,,
,,,,,,,,,,,,,
,,,Mean maximum sentence length for felons sentenced to�,,,,,,,,,,
,,,Prison,,,,Jail,,,,Probation,,
Most serious conviction offense,,,Weighted case total,Standard error,,,Weighted case total,Standard error,,,Weighted case total,Standard error,
One conviction offense,,,,,,,,,,,,,
,All offenses,,"304,410",1.5,mo.,,"240,120",0.1,mo.,,"230,560",1.5,mo.
Violent offenses,,,"64,480",2.2,mo.,,"32,560",0.2,mo.,,"30,440",1.5,mo.
,Murder/Nonnegligent manslaughter,,"3,550",6.6,,,70,0.7,,,170,6.9,
,Sexual assault,,"11,770",3.8,,,"3,610",0.3,,,"3,750",2.6,
,Robbery,,"17,350",2.8,,,"4,000",0.4,,,"4,120",1.6,
,Aggravated assault,,"25,590",1.8,,,"20,070",0.2,,,"17,980",1.6,
,Other violent,,"6,210",2.3,,,"4,810",0.2,,,"4,420",3.2,
Property offenses,,,"74,600",1.5,mo.,,"65,850",0.1,mo.,,"64,790",1.3,mo.
,Burglary,,"26,360",1.8,,,"15,210",0.2,,,"15,110",2.2,
,Larceny,,"31,880",1.7,,,"34,550",0.2,,,"27,740",1.2,
,Fraud/Forgery,,"16,360",2.3,,,"16,090",0.2,,,"21,940",1.2,
Drug offenses,,,"98,670",2,mo.,,"82,210",0.1,mo.,,"85,890",1.7,mo.
,Possession,,"43,500",2.8,,,"42,080",0.2,,,"46,000",2.3,
,Trafficking,,"55,170",2.3,,,"40,140",0.2,,,"39,890",2.4,
Weapon offenses,,,"11,650",2.2,mo.,,"8,270",0.2,mo.,,"7,540",3,mo.
Other specified offenses,,,"55,010",1.9,mo.,,"51,230",0.1,mo.,,"41,900",1.7,mo.
,,,,,,,,,,,,,
Two or more conviction offenses,,,,,,,,,,,,,
,All offenses,,"133,520",3.6,mo.,,"47,310",0.1,mo.,,"53,900",1.6,mo.
Violent offenses,,,"38,550",5.4,mo.,,"8,090",0.2,mo.,,"8,180",2.3,mo.
,Murder/Nonnegligent manslaughter,,"2,180",16.9,,,80,0.8,,,60,18.1,
,Sexual assault,,"8,150",11.8,,,"1,060",0.7,,,"1,200",5.7,
,Robbery,,"11,160",5.5,,,960,0.4,,,"1,210",4.1,
,Aggravated assault,,"14,930",3,,,"5,340",0.2,,,"4,980",2.2,
,Other violent,,"2,130",8.9,,,650,0.4,,,730,4.1,
Property offenses,,,"43,850",3.5,mo.,,"18,240",0.2,mo.,,"21,430",1.7,mo.
,Burglary,,"20,970",3.8,,,"6,450",0.2,,,"7,630",1.7,
,Larceny,,"9,320",3.3,,,"5,280",0.2,,,"4,240",2.1,
,Fraud/Forgery,,"13,560",5.6,,,"6,520",0.2,,,"9,560",2.1,
Drug offenses,,,"37,870",4.2,mo.,,"14,080",0.2,mo.,,"18,360",1.4,mo.
,Possession,,"9,400",4.9,,,"4,160",0.2,,,"5,360",2.7,
,Trafficking,,"28,470",4.7,,,"9,930",0.2,,,"13,010",1.6,
Weapon offenses,,,"4,730",5,mo.,,"1,670",0.2,mo.,,"1,550",3.6,mo.
Other specified offenses,,,"8,520",2.9,mo.,,"5,210",0.2,mo.,,"4,380",3.1,mo.
Note: This table provides case totals and standard errors for the weighted means in Table 2.4. Estimates are based on cases in which the number of conviction offenses and sentence length was reported. ,,,,,,,,,,,,,
