Bureau of Justice Statistics,,,,,,,,
Filename: fssc06stt22.csv,,,,,,,,
"Table 2.2. Number of felony convictions for persons sentenced in state courts, by most serious offense, 2006",,,,,,,,
"Report title: Felony Sentences in State Courts, 2006 - Statistical Tables  NCJ 226846",,,,,,,,
Data source(s): National Judicial Reporting Program,,,,,,,,
"Author(s): Sean P. Rosenmerkel, Mattew R. Durose and Donald J. Farole, Jr.",,,,,,,,
Refer questions to: askbjs@usdoj.gov or 202-307-0765,,,,,,,,
Date of version: 12/30/2009,,,,,,,,
,,,,,,,,
"Table 2.2.  Number of felony convictions for persons sentenced in state courts, by most serious offense, 2006",,,,,,,,
,,,,,,,,
,,,,Percent of felons sentenced for�,,,,
Most serious conviction offense,,Total,,One felony conviction,,Two felony convictions,,Three or more felony convictions
,All offenses,100,%,77,,15,,7
Violent offenses,,100,%,71,,19,,11
,Murder/Nonnegligent manslaughter,100,%,60,,22,,18
,Sexual assaulta,100,%,65,,20,,15
,Robbery,100,%,66,,21,,13
,Aggravated assault,100,%,73,,18,,9
,Other violentb,100,%,83,,13,,4
Property offenses,,100,%,72,,18,,10
,Burglary,100,%,62,,23,,15
,Larceny,100,%,84,,12,,4
,Fraud/Forgeryc,100,%,67,,20,,13
Drug offenses,,100,%,80,,14,,6
,Possession,100,%,88,,10,,2
,Trafficking,100,%,73,,18,,9
Weapon offenses,,100,%,78,,17,,5
Other specified offensesd,,100,%,90,,8,,2
Note: Data on number of conviction offenses were reported for 100% of convicted felons. The number of convictions is based on current convictions only. Detail may not sum to total because of rounding.,,,,,,,,
aIncludes rape.,,,,,,,,
bincludes offenses such as negligent manslaughter and kidnapping.,,,,,,,,
cIncludes embezzelment.,,,,,,,,
dComprises nonviolent offenses such as vandalism and receiving stolen property.,,,,,,,,
