Bureau of Justice Statistics,,,,,,,,,,,
Filename: fssc06stt34a.csv,,,,,,,,,,,
"Table 3.4a. Case totals and standard errors for Table 3.4, Types of felony sentences imposed in state courts, by offense and race of felons, 2006 ",,,,,,,,,,,
"Report title: Felony Sentences in State Courts, 2006 - Statistical Tables  NCJ 226846",,,,,,,,,,,
Data source(s): National Judicial Reporting Program,,,,,,,,,,,
"Author(s): Sean P. Rosenmerkel, Mattew R. Durose and Donald J. Farole, Jr.",,,,,,,,,,,
Refer questions to: askbjs@usdoj.gov or 202-307-0765,,,,,,,,,,,
Date of version: 11/9/2010,,,,,,,,,,,
,,,,,,,,,,,
"Table 3.4a. Case totals and standard errors for Table 3.4, Types of felony sentences imposed in state courts, by offense and race of felons, 2006 ",,,,,,,,,,,
,,,,,,,,,,,
,,,,Standard error,,,,,,,
,,Weighted case total,,Percent of felons sentenced to�,,,,,,,
Most serious conviction offense,,,,Prison,,Jail,,Probation,,Other,
White,,,,,,,,,,,
,All offenses,"494,020",,1.3,%,1.3,%,1.3,%,0.6,%
Violent offenses,,"86,380",,1.4,%,1.8,%,1.4,%,0.5,%
,Murder/Nonnegligent manslaughter,"3,040",,1.5,,0.4,,0.9,,1.3,
,Sexual assault,"17,960",,1.9,,1.6,,1.3,,0.9,
,Robbery,"12,970",,1.5,,1.4,,1.3,,0.4,
,Aggravated assault,"41,790",,1.6,,2.2,,1.8,,0.6,
,Other violent,"10,610",,2.2,,2.7,,2.2,,0.8,
Property offenses,,"153,520",,1.3,%,1.3,%,1.4,%,0.7,%
,Burglary,"49,400",,1.7,,1.6,,1.6,,0.8,
,Larceny,"58,380",,1.4,,1.6,,1.5,,0.9,
,Fraud/Forgery,"45,740",,1.8,,1.5,,1.7,,1.1,
Drug offenses,,"153,510",,1.5,%,1.2,%,1.5,%,0.7,%
,Possession,"65,830",,2.2,,2.0,,2.6,,0.9,
,Trafficking,"87,670",,1.5,,1.3,,1.6,,0.8,
Weapon offenses,,"10,660",,2.3,%,2.4,%,1.8,%,0.9,%
Other specified offenses,,"89,960",,1.7,%,1.7,%,1.5,%,0.7,%
,,,,,,,,,,,
Black,,,,,,,,,,,
,All offenses,"310,120",,1.2,%,1.2,%,1.3,%,0.6,%
Violent offenses,,"58,460",,1.6,%,1.7,%,1.3,%,0.8,%
,Murder/Nonnegligent manslaughter,"3,360",,1.2,,0.5,,0.8,,0.9,
,Sexual assault,"5,870",,1.6,,1.4,,1.3,,0.9,
,Robbery,"17,700",,1.4,,1.1,,1.1,,0.7,
,Aggravated assault,"27,250",,2.0,,2.4,,1.6,,1.1,
,Other violent,"4,280",,3.2,,3.5,,5.1,,1.4,
Property offenses,,"77,020",,1.5,%,1.3,%,1.3,%,0.8,%
,Burglary,"24,090",,1.7,,1.3,,1.4,,0.7,
,Larceny,"30,500",,1.5,,1.4,,1.5,,0.6,
,Fraud/Forgery,"22,430",,2.1,,1.7,,1.9,,1.5,
Drug offenses,,"121,440",,1.4,%,1.2,%,1.9,%,0.5,%
,Possession,"37,610",,1.5,,1.7,,1.8,,0.4,
,Trafficking,"83,830",,1.6,,1.3,,2.3,,0.7,
Weapon offenses,,"13,780",,1.6,%,1.7,%,1.4,%,0.5,%
Other specified offenses,,"39,430",,1.8,%,1.3,%,1.4,%,0.5,%
Note: This table provides case totals and standard errors for the weighted percentages in Table 3.4. Estimates are based on cases in which the race of felon and sentence type was reported. ,,,,,,,,,,,
,,,,,,,,,,,
