Bureau of Justice Statistics,,,,,,,,,,,,,,,,,,,,
Filename: fssc06stt32a.csv,,,,,,,,,,,,,,,,,,,,
"Table 3.2a. Standard errors for Table 3.2, Gender and race of persons convicted of felonies in state courts, 2006",,,,,,,,,,,,,,,,,,,,
"Report title: Felony Sentences in State Courts, 2006 - Statistical Tables  NCJ 226846",,,,,,,,,,,,,,,,,,,,
Data source(s): National Judicial Reporting Program,,,,,,,,,,,,,,,,,,,,
"Author(s): Sean P. Rosenmerkel, Mattew R. Durose and Donald J. Farole, Jr.",,,,,,,,,,,,,,,,,,,,
Refer questions to: askbjs@usdoj.gov or 202-307-0765,,,,,,,,,,,,,,,,,,,,
Date of version: 11/9/2010,,,,,,,,,,,,,,,,,,,,
,,,,,,,,,,,,,,,,,,,,
"Table 3.2a. Standard errors for Table 3.2, Gender and race of persons convicted of felonies in state courts, 2006",,,,,,,,,,,,,,,,,,,,
,,,,,,,,,,,,,,,,,,,,
,,,Standard error,,,,,,,,,,,,,,,,,
,,,Percent of convicted felons,,,,,,,,,,,,,,,,,
,,,Gender,,,,,Race,,,,,,,,,,,,
Most serious conviction offense,,,Male,,Female,,,White,,Black,,Other,,,,,,,,
,All offenses,,0.3,%,0.3,%,,1.3,%,1.3,%,0.2,%,,,,,,,
Violent offenses,,,0.2,%,0.2,%,,1.7,%,1.6,%,0.3,%,,,,,,,
,Murder/Nonnegligent manslaughter,,0.9,,0.9,,,2.4,,2.4,,0.4,,,,,,,,
,Sexual assault,,0.5,,0.5,,,1.4,,1.4,,0.3,,,,,,,,
,,Rape,1.1,,1.1,,,1.9,,1.8,,0.4,,,,,,,,
,,Other sexual assault,0.4,,0.4,,,1.5,,1.5,,0.3,,,,,,,,
,Robbery,,0.3,,0.3,,,2.0,,2.0,,0.2,,,,,,,,
,Aggravated assault,,0.4,,0.4,,,1.9,,1.8,,0.4,,,,,,,,
,Other violent,,0.9,,0.9,,,2.2,,2.2,,0.6,,,,,,,,
Property offenses,,,0.3,%,0.3,%,,1.3,%,1.3,%,0.3,%,,,,,,,
,Burglary,,0.4,,0.4,,,1.6,,1.6,,0.3,,,,,,,,
,Larceny,,0.4,,0.4,,,1.3,,1.3,,0.3,,,,,,,,
,,Motor vehicle theft,0.7,,0.7,,,1.8,,1.8,,1.1,,,,,,,,
,Fraud/Forgery,,0.7,,0.7,,,1.4,,1.4,,0.2,,,,,,,,
Drug offenses,,,0.4,%,0.4,%,,1.5,%,1.5,%,0.2,%,,,,,,,
,Possession,,0.5,,0.5,,,1.6,,1.6,,0.2,,,,,,,,
,Trafficking,,0.5,,0.5,,,1.9,,1.9,,0.1,,,,,,,,
Weapon offenses,,,0.3,%,0.3,%,,1.6,%,1.6,%,0.3,%,,,,,,,
Other specified offenses ,,,0.4,%,0.4,%,,1.4,%,1.5,%,0.5,%,,,,,,,
Note: This table provides standard errors for the weighted percentages in Table 3.2. ,,,,,,,,,,,,,,,,,,,,
Estimates are based on cases in which the gender and race of felon was reported.,,,,,,,,,,,,,,,,,,,,
