Bureau of Justice Statistics,,,,,,
Filename: fssc06stt14.csv,,,,,,
"Table 1.4. Estimated percent of felons sentenced to life in state prison, by offense, 2006",,,,,,
"Report title: Felony Sentences in State Courts, 2006 - Statistical Tables  NCJ 226846",,,,,,
Data source(s): National Judicial Reporting Program,,,,,,
"Author(s): Sean P. Rosenmerkel, Mattew R. Durose and Donald J. Farole, Jr.",,,,,,
Refer questions to: askbjs@usdoj.gov or 202-307-0765,,,,,,
Date of version: 12/30/2009,,,,,,
,,,,,,
"Table 1.4.  Estimated percent of felons sentenced to life in state prison, by offense, 2006",,,,,,
,,,,,,
Most serious conviction offense,,,All sentencesa,,All prison sentences,
Total estimated number,,,"1,132,290",,"460,600",
,All offenses,,0.3,%,0.8,%
Violent offenses,,,1.7,%,3.1,%
,Murder/Nonnegligent manslaughter,,23.1,,25,
,Sexual assault,,2,,3,
,,Rape,3.8,,5.3,
,,Other sexual assaultb,0.5,,0.8,
,Robbery,,1,,1.5,
,Aggravated assault,,0.3,,0.6,
,Other violentc,,0.2,,0.4,
Non-violent offensesd,,,0,%,0.1,%
Note: Data on sentence length were reported for 95% of incarceration sentences. Percentages based on the maximum sentence imposed.,,,,,,
aIncludes sentences to probation and jail as well as prison.,,,,,,
bIncludes offenses such as statutory rape and incest with a minor.,,,,,,
cIncludes offenses such as negligent manslaughter and kidnapping.,,,,,,
"dIncludes offenses such as burglary, larceny, fraud, drug possession, drug trafficking, ",,,,,,
and weapon offenses.,,,,,,
