Bureau of Justice Statistics,,,,
Filename: fssc06sttt01.csv,,,,
Text table 1,,,,
"Report title: Felony Sentences in State Courts, 2006 - Statistical Tables  NCJ 226846",,,,
Data source(s): National Judicial Reporting Program,,,,
"Author(s): Sean P. Rosenmerkel, Mattew R. Durose and Donald J. Farole, Jr.",,,,
Refer questions to: askbjs@usdoj.gov or 202-307-0765,,,,
Date of version: 12/30/2009,,,,
,,,,
Text table 1.,,,,
,,,,
,,Persons sentenced for a felony in state courts,,
,,Estimated number,,"Rate per 100,000 residents age 18 or older"
1990,,"829,340",,447
1994,,"872,220",,448
1998,,"927,720",,454
2002,,"1,051,000",,489
2006,,"1,132,290",,503
Note: See Methodology for source of resident population estimates.,,,,
