Bureau of Justice Statistics,,,,,,
Filename: fssc06stt11a.csv,,,,,,
"Table 1.1a Standard errors for Table 1.1, Estimated number of felony convictions in state courts, 2006",,,,,,
"Report title: Felony Sentences in State Courts, 2006 - Statistical Tables  NCJ 226846",,,,,,
Data source(s): National Judicial Reporting Program,,,,,,
"Author(s): Sean P. Rosenmerkel, Mattew R. Durose and Donald J. Farole, Jr.",,,,,,
Refer questions to: askbjs@usdoj.gov or 202-307-0765,,,,,,
Date of version: 11/9/2010,,,,,,
,,,,,,
"Table 1.1a Standard errors for Table 1.1, Estimated number of felony convictions in state courts, 2006",,,,,,
,,,,,,
,,,Standard error,,,
Most serious conviction offense,,,Number,,Percent,
,All offenses,,"41,249",,--,%
Violent offenses,,,"8,110",,0.3,%
,Murder/Nonnegligent manslaughter,,414,,0,
,,Murder,340,,0,
,,Nonnegligent manslaughter,160,,0,
,Sexual assault,,"1,351",,0.1,
,,Rape,844,,0.1,
,,Other sexual assault,988,,0.1,
,Robbery,,"1,910",,0.1,
,,Armed ,977,,0.1,
,,Unarmed,533,,0.1,
,,Unspecified,"1,553",,0.1,
,Aggravated assault,,"4,987",,0.2,
,Other violent,,"1,396",,0.1,
Property offenses,,,"11,463",,0.4,%
,Burglary,,"4,156",,0.2,
,,Residential,"2,622",,0.2,
,,Nonresidential,"1,541",,0.1,
,,Unspecified,"4,005",,0.3,
,Larceny,,"4,820",,0.2,
,,Motor vehicle theft,"1,688",,0.1,
,,Other theft,"4,492",,0.2,
,Fraud/Forgery,,"4,383",,0.3,
,,Fraud ,"2,846",,0.2,
,,Forgery,"2,390",,0.2,
Drug offenses,,,"15,700",,0.5,%
,Possession,,"8,568",,0.7,
,Trafficking,,"13,232",,0.8,
,,Marijuana,"2,647",,0.2,
,,Other,"9,150",,0.7,
,,Unspecified,"6,604",,0.5,
Weapon offenses,,,"1,975",,0.1,%
Other specified offenses,,,"8,935",,0.5,%
Note: This table provides standard errors for the weighted case totals and percentages in Table 1.1. ,,,,,,
