Bureau of Justice Statistics,,,,,,,,,,,,
Filename: fssc06stt23a.csv,,,,,,,,,,,,
"Table 2.3a. Case totals and standard errors for Table 2.3, Convicted felons sentenced to prison in state courts, by number of convictions, 2006",,,,,,,,,,,,
"Report title: Felony Sentences in State Courts, 2006 - Statistical Tables  NCJ 226846",,,,,,,,,,,,
Data source(s): National Judicial Reporting Program,,,,,,,,,,,,
"Author(s): Sean P. Rosenmerkel, Mattew R. Durose and Donald J. Farole, Jr.",,,,,,,,,,,,
Refer questions to: askbjs@usdoj.gov or 202-307-0765,,,,,,,,,,,,
Date of version: 11/9/2010,,,,,,,,,,,,
,,,,,,,,,,,,
"Table 2.3a. Case totals and standard errors for Table 2.3, Convicted felons sentenced to prison in state courts, by number of convictions, 2006",,,,,,,,,,,,
,,,,,,,,,,,,
,,Percent of felons sentenced to prison for�,,,,,,,,,,
,,One felony conviction,,,,Two felony convictions,,,,Three or more felony convictions,,
Most serious conviction offense,,Weighted case total,Standard error,,,Weighted case total,Standard error,,,Weighted case total,Standard error,
All offenses,,"314,650",1.1,%,,"88,580",1.3,%,,"52,420",1.5,%
Violent offenses,,"67,710",1.3,%,,"24,020",1.2,%,,"17,030",1.4,%
,Murder/Nonnegligent manslaughter,"4,820",0.8,,,"1,670",1.7,,,"1,510",1.4,
,Sexual assault,"12,340",1.6,,,"4,600",2.6,,,"4,010",1.9,
,Robbery,"17,690",1.2,,,"6,770",1.5,,,"4,790",1.4,
,Aggravated assault,"26,500",1.6,,,"9,380",1.6,,,"6,110",2.0,
,Other violent,"6,360",1.9,,,"1,600",3.6,,,610,5.4,
Property offenses,,"76,310",1.2,%,,"26,110",1.6,%,,"18,580",1.5,%
,Burglary,"26,790",1.3,,,"11,780",1.9,,,"9,510",1.7,
,Larceny,"32,570",1.4,,,"6,780",1.8,,,"2,850",2.4,
,Fraud/Forgery,"16,950",1.6,,,"7,550",2.4,,,"6,220",2.3,
Drug offenses,,"101,280",1.3,%,,"25,290",1.6,%,,"13,330",2.3,%
,Possession,"44,210",1.8,,,"7,690",2.9,,,"1,860",5.3,
,Trafficking,"57,070",1.3,,,"17,600",1.7,,,"11,470",2.4,
Weapon offenses,,"11,940",1.8,%,,"3,570",2.8,%,,"1,360",2.5,%
Other specified offenses,,"57,410",1.4,%,,"6,590",2.2,%,,"2,120",2.9,%
Note: This table provides case totals and standard errors for the weighted percentages in Table 2.3. Estimates are based on cases in which the number of conviction offenses and sentence type was reported.,,,,,,,,,,,,
