Bureau of Justice Statistics,,,,
filename:   scs0423.csv,,,,
"Table 2.3.  Average age of convicted felons in State courts, 2004",,,,
"report title:   State Court Sentencing of Convicted Felons, 2004 - Statistical Tables; NCJ 217995 ",,,,
data source:   2004 National Judicial Reporting Program,,,,
author(s):   Matthew Durose,,,,
refer questions to:   askbjs@usdoj.gov   (202) 307-0765,,,,
"date of version:   July 22, 2007",,,,

"Table 2.3.  Average age of convicted felons in State courts, 2004",,,,

,Average age in years,,,
Most serious conviction offense,Mean,,Median,
All offenses,32,yr,31,yr
Violent offenses,31,yr,29,yr
Murder/a,31,,27,
Sexual assault/b,34,,32,
Rape,34,,33,
Other sexual assault,34,,32,
Robbery,27,,24,
Aggravated assault,32,,30,
Other violent/c,33,,31,
Property offenses,32,yr,30,yr
Burglary,29,,26,
Larceny/d,33,,31,
Motor vehicle theft,28,,25,
Fraud/e ,33,,32,
Drug offenses,33,yr,31,yr
Possession,34,,33,
Trafficking,32,,30,
Weapon offenses,30,yr,27,yr
Other offenses/f ,34,yr,33,yr

"Note:  Data on age were available for 916,906 cases."
a/Includes nonnegligent manslaughter.
b/Includes rape.
c/Includes offenses such as negligent manslaughter and kidnaping.
d/Includes motor vehicle theft.
e/Includes forgery and embezzlement.
f/Composed of nonviolent offenses such as receiving stolen property and vandalism.
