Bureau of Justice Statistics,,,,,,,,,,,,,,
filename:   scs0424.csv,,,,,,,,,,,,,,
"Table 2.4.  Distribution of types of felony sentences imposed in State courts, by offense and gender of felons, 2004",,,,,,,,,,,,,,
"report title:   State Court Sentencing of Convicted Felons, 2004 - Statistical Tables; NCJ 217995 ",,,,,,,,,,,,,,
data source:   2004 National Judicial Reporting Program,,,,,,,,,,,,,,
author(s):   Matthew Durose,,,,,,,,,,,,,,
refer questions to:   askbjs@usdoj.gov   (202) 307-0765,,,,,,,,,,,,,,
"date of version:   July 22, 2007",,,,,,,,,,,,,,

"Table 2.4.  Distribution of types of felony sentences imposed in State courts, by offense and gender of felons, 2004",,,,,,,,,,,,,,

,Percent of felons sentenced to  --,,,,,,,,,,,,,
,,,Incarceration,,,,,,Nonincarceration,,,,,
Most serious conviction offense,Total,,Total,,Prison,,Jail,,Total,,Probation,,Other,
Male,,,,,,,,,,,,,,
All offenses,100,%,72,%,42,%,30,%,28,%,25,%,3,%
Violent offenses,100,%,80,%,57,%,24,%,20,%,18,%,2,%
Murder/a,100, ,93, ,90, ,3, ,7, ,6, ,2, 
Sexual assault/b,100,,82,,62,,19,,18,,16,,2,
Robbery,100,,88,,73,,15,,12,,11,,1,
Aggravated assault,100,,75,,46,,29,,25,,23,,2,
Other violent/c ,100,,77,,44,,33,,23,,20,,3,
Property offenses,100,%,72,%,41,%,31,%,28,%,26,%,3,%
Burglary,100,,77,,51,,26,,23,,22,,1,
Larceny/d,100,,74,,38,,36,,26,,24,,2,
Fraud/e,100,,61,,32,,29,,39,,34,,5,
Drug offenses,100,%,69,%,39,%,30,%,31,%,27,%,4,%
Possession,100,,66,,36,,30,,34,,29,,5,
Trafficking,100,,71,,41,,30,,29,,26,,3,
Weapon offenses,100,%,75,%,46,%,29,%,25,%,24,%,1,%
Other offenses/f,100,%,70,%,34,%,36,%,30,%,28,%,2,%

Female,,,,,,,,,,,,,,
All offenses,100,%,60,%,27,%,33,%,40,%,36,%,3,%
Violent offenses,100,%,65,%,35,%,29,%,35,%,33,%,3,%
Murder/a,100, ,87, ,84, ,3, ,13, ,13, ,0,*
Sexual assault/b,100,,68,,44,,25,,32,,27,,5,*
Robbery,100,,79,,58,,21,,21,,20,,1,
Aggravated assault,100,,59,,27,,32,,41,,38,,3,
Other violent/c ,100,,69,,33,,36,,31,,28,,3,*
Property offenses,100,%,58,%,27,%,32,%,42,%,39,%,3,%
Burglary,100,,72,,38,,35,,28,,26,,1,
Larceny/d,100,,59,,25,,34,,41,,37,,3,
Fraud/e,100,,54,,25,,29,,46,,43,,3,
Drug offenses,100,%,60,%,26,%,34,%,40,%,35,%,4,%
Possession,100,,59,,25,,35,,41,,35,,6,
Trafficking,100,,61,,28,,33,,39,,36,,3,
Weapon offenses,100,%,64,%,31,%,32,%,36,%,35,%,2,%*
Other offenses/f,100,%,63,%,24,%,38,%,37,%,35,%,3,%

"Note:  For persons receiving a combination of sentences, the sentence designation came from the most severe penalty imposed -- prison being the most severe, followed by jail, then probation.  Prison includes death sentences. In this table ""probation"" is defined as straight probation.  Detail may not sum to total because of rounding.",,,,,,,,,,,,,,
*Estimate is based on 10 or fewer sample cases.,,,,,,,,,,,,,,
a/Includes nonnegligent manslaughter.,,,,,,,,,,,,,,
b/Includes rape.,,,,,,,,,,,,,,
c/Includes offenses such as negligent manslaughter and kidnaping.,,,,,,,,,,,,,,
d/Includes motor vehicle theft.,,,,,,,,,,,,,,
e/Includes forgery and embezzlement.,,,,,,,,,,,,,,
f/Composed of nonviolent offenses such as receiving stolen property and vandalism.,,,,,,,,,,,,,,
