Bureau of Justice Statistics,
Filename: ssprfsm04apc.csv,
Appendix C. State agency Internet sites: firearm information pages and checking agency home pages,
"Report Title: Survey of State Procedures Related to Firearm Sales, Midyear 2004   NCJ 209288",
Data source: Firearm Inquiry Statistics (FIST),
Refer questions to: askbjs@usdoj.gov  202-307-0765,
"Authors: Devon Adams and Ronald J. Frandsen, REJIS",
Date of version: 8/21/05,

Appendix C.  State agency Internet sites: firearm information pages and checking agency home pages,

Agency,Site address
Alabama Attorney General,<http://www.ago.state.al.us/issue/Alabama_Weapon_Law.pdf>
Alaska Department of Public Safety,<http://www.dps.state.ak.us/PermitsLicensing/index.asp>
Arizona Department of Public Safety,<http://www.dps.state.az.us/ccw/welcome.htm>
Arkansas State Police,<http://www.asp>.state.ar.us/chl/chl.html>
California Department of Justice Firearms Division,<http://caag.state.ca.us/firearms/>
Colorado Bureau of Investigation Insta-Check Unit,<http://cbi.state.co.us/ic/index.asp>
Connecticut State Police Special Licensing and Firearms,<http://www.state.ct.us/dps/SLFU/index.html>
Delaware State Police Bureau of Identification,<http://www.state.de.us/dsp/sbi.htm#Firearms>
Florida Department of Law Enforcement,<http://www.fdle.state.fl.us/publications/faq/firearm_faq.asp>
Georgia Bureau of Investigation Crime Information Center,<http://www.state.ga.us/gbi/gunckar.html>
Honolulu Police Department Firearms Unit,<http://www.honolulupd.org/info/gunlaw1.htm>
Illinois State Police,<http://www.isp.state.il.us/services/services.htm>
Indiana State Police,<http://www.in.gov/isp/firearms/>
Iowa Department of Public Safety Division of Administrative Services,<http://www.state.ia.us/government/dps/asd/license.htm>
Kentucky State Police,<http://www.kentuckystatepolice.org/conceal.htm>
Louisiana State Police Concealed Handgun Section,<http://www.lsp.org/handguns.html>
Maryland State Police Firearms Enforcement Section,<http://www.mdarchives.state.md.us/msa/mdmanual/23dsp/html/23agen.html#firearms>
Massachusetts Firearms Record Bureau,<http://www.state.ma.us/chsb/frb/frb.html>
Michigan State Police Criminal Justice Information Center,"<http://www.michigan.gov/msp/0,1607,7-123-1645_3500_4615---,00.html>"
Minnesota Bureau of Criminal Apprehension,<http://www.dps.state.mn.us/bca/CJIS/Documents/CarryPermit/Permit%20to%20Carry.html>
Mississippi Department of Public Safety,<http://www.dps.state.ms.us/dps/dps.nsf/divpages/hp2firearm?OpenDocument>
Montana Department of Justice Legal Services,<http://www.doj.state.mt.us/enforcement/concealedweapons.asp>
Nevada Highway Patrol Firearms Program,<http://nvrepository.state.nv.us/pos.htm>
New Hampshire State Police,<http://www.state.nh.us/safety/nhsp/plu.html>
New Jersey State Police Bureau of Identification,<http://www.njsp.org/about/id.html>
New Mexico Department of Public Safety,<http://www.dps.nm.org/faq/concealed_weapon.htm>
New York State Police Pistol Permit Bureau,<http://www.troopers.state.ny.us/Firearms/Firearmsindex.html>
North Carolina Department of Justice,<http://www.jus.state.nc.us/NCJA/ncfirearmslaws.pdf>
North Dakota Bureau of Criminal Investigation,<http://www.ag.state.nd.us/BCI/BCI.htm>
Ohio Attorney General,<http://www.ag.state.oh.us/web_applications/concealcarry/About.asp>
Oklahoma State Bureau of Investigation,<http://www.osbi.state.ok.us/PublicServices.htm>
Oregon State Police,<http://egov.oregon.gov/OSP/>
Pennsylvania State Police Firearms Division,<http://www.psp2.state.pa.us/ri/>
Rhode Island Bureau of Criminal Investigation,<http://www.riag.ri.gov/criminal/bci.php>
South Carolina Law Enforcement Division,<http://www.sled.state.sc.us/>
Tennessee Bureau of Investigation Instant Check System,<http://www.tbi.state.tn.us/divisions/isd_tics.htm>
Texas Department of Public Safety Concealed Handgun Licensing Section,<http://www.txdps.state.tx.us/administration/crime_records/chl/chlsindex.htm>
Utah Bureau of Criminal Identification,<http://bci.utah.gov/Brady/BradyHome.html#BRADY>
Vermont Department of Public Safety,<http://170.222.24.9/cjs/vtnics.html>
Virginia State Police Firearm Transaction Center,<http://www.vsp.state.va.us/cjis_ftc.htm>
Washington State Department of Licensing,<http://www.dol.wa.gov/ppu/firfront.htm>
West Virginia State Police Legal Division,<http://www.wvstatepolice.com/legal/>
Wisconsin Department of Justice Handgun Hotline,<http://www.doj.state.wi.us/dles/cib/handgunhotline.asp>
Wyoming Attorney General,<http://attorneygeneral.state.wy.us/dci/index.html>
