Bureau of Justice Statistics,
Filename: ssprfsm0412.csv,
"Table 12.  Revisions of sales regulations and other significant changes in State firearm laws, July 1, 2003 to June 30, 2004",
"Report Title: Survey of State Procedures Related to Firearm Sales, Midyear 2004   NCJ 209288",
Data source: Firearm Inquiry Statistics (FIST),
Refer questions to: askbjs@usdoj.gov  202-307-0765,
"Authors: Devon Adams and Ronald J. Frandsen, REJIS",
Date of version: 8/21/05,

"Table 12.  Revisions of sales regulations and other significant changes in State firearm laws, July 1, 2003 to June 30, 2004",

State,Topic; summary of change in law; citation; effective date
Alabama,"Background checks:  All firearm transfers by a licensed importer, manufacturer, or dealer shall be subject to a NICS check.  Act 2004-641; 06/04."
,State data:  Data needed for a NICS check shall be provided to the Criminal Justice Information Center by State and local agencies.  A court order for involuntary commitment of a person who has a history of inappropriate use of firearms or poses a threat to do so shall be forwarded to CJIC and entered into the State system and the NICS.  Act 2004-641; 06/04.

Alaska,Permits:  The statute that required a person to possess a permit while carrying a concealed handgun was repealed.  A person who may legally carry a firearm may now carry it concealed without a permit.  18.65.750; 09/09/03. 
California,Prohibited persons:  A misdemeanor conviction for certain offenses that involved discharging a firearm now causes a lifetime possession ban instead of a 10-year ban.  Crimes involving carrying firearms were added to those that prohibit a juvenile offender from having firearms until age 30.  It is now an offense to possess a firearm while subject to a protective order based on elder or dependent adult abuse.  Penal Code 12021; 01/01/04.
,Background checks:  A determination of a person's eligibility to possess firearms may be requested directly from DOJ by that person for a $20 fee.  Penal Code 12077.5; 01/01/04.
,Purchaser fees:  An amendment clarified that in a private party transfer a dealer may charge a $10 fee per firearm in addition to a $20 DOJ fee.  Penal Code 12077; 01/01/04.
Connecticut,"Prohibited persons:  Amendments made it a crime for a person to possess a firearm, pistol or revolver while subject to a foreign order of protection.  53a-217, 53a-217c; 10/01/03."
,State data:  The registry of protective orders statute was amended to provide that the registry shall contain foreign orders of protection.  51-5c; 10/01/03.
Florida,Prohibited persons:  Cyberstalking was added to the enumerated offenses that will cause nonapproval of a firearm transaction.  790.065; 10/01/03.
,"Background checks:  The sunset date for the State's instant check law was extended to October 1, 2009.  790.065; 05/21/04."
,"Registration:  A new statute prohibits the knowing and willful creation or maintenance of any list, record, or registry of privately owned firearms or firearm owners.  790.335; 05/13/04."
Idaho,"Restoration of rights:  A person convicted of murder or voluntary manslaughter may not ship, transport, possess or receive a firearm after discharge from custody, regardless of when the conviction occurred.  18-310; 07/01/03."
Illinois,Prohibited persons:  An amendment prohibits issuance of a FOID card to a person who is currently adjudicated or had been adjudicated delinquent for an offense that would be a felony if committed by an adult.  430:65/8; 01/01/04.
,"Prohibited firearms:  An exception to the unlawful use of weapons statute allows a business that designs and manufactures ammunition to use a device, attachment, or weapon solely to test ammunition.  720: 5/24-2; 08/05/03. "
,Regulated sales:  An amendment makes it an offense to be engaged in the business of selling firearms without a federal license.  720:5/24-3; 07/10/03.
,Waiting period:  An amendment exempted a firearm sale to a licensed dealer from waiting period requirements.  720:5/24-3; 07/10/03.
,Appeals of denials:  A person who was adjudicated delinquent for an offense that would be a felony if committed by an adult may appeal a FOID denial to circuit court if at least 10 years have elapsed since adjudication.  430:65/10; 01/01/04.
,Arrests of denied persons:  The unlawful purchase of a firearm statute was amended to clarify that the sentencing provisions apply to an unlawful attempt to purchase firearms.  720:5/24-3.5; 08/07/03.
Indiana,"Prohibited persons:  A new section makes it unlawful for a person who has been convicted of domestic battery to knowingly or intentionally possess a firearm, unless the person's rights have been restored.  35-47-4-6; 07/01/03."
,"Restoration  of rights:  A person who has been convicted of a crime of domestic violence may petition the court for restoration of the right to possess a firearm, not earlier than 5 years after the date of conviction.  3-7-13-5, 33-4-5-7; 07/01/03."
Louisiana,Prohibited persons:  Convictions for sex offenses were added to the list of crimes that prohibit a person from possessing a firearm or carrying a concealed weapon.  14:95.1; 08/15/03.  A new law created a domestic abuse battery crime and provided that a misdemeanor sentence may be suspended if the offender refrains from owning or possessing a firearm for the entire length of sentence.  14:35.3; 08/15/03.
Maine,Prohibited persons:  A new law allows a court that issues a domestic violence restraining order to require that firearms owned by the defendant be temporarily relinquished.  19-A:4006:2-A; 09/13/03.
,Permits:  Concealed firearm permit laws were amended to be consistent with the statute regarding possession of firearms by prohibited persons.  25:2002:10A; 09/13/03.
Maryland,"Relevant laws:  Regulated firearms laws and other provisions in the former Article 27 of the Maryland Code were recodified in a new article.  Public Safety Article, Title 5; 10/01/03."
Massachusetts,"Purchaser fees:  The firearm identification card and license to carry statutes were amended to raise the application fee from $25 to $100.  140-129B,  140-131; 07/31/03."
Michigan,"Permits:  Purchasing, owning, carrying, possessing, using, or transporting an antique firearm was exempted from pistol licensing and safety inspection requirements.  28.422, 28.429, 28.432; 05/13/04."
Minnesota,"Restoration  of rights:  A lifetime firearm possession ban, instead of a 10-year restriction, is imposed on a person who committed a crime of violence and was discharged from a sentence on or after 08/01/93, unless the person's firearm rights are specially restored.  609.165; 08/01/03.  The definition of crimes of violence no longer includes misdemeanors or gross misdemeanors.  A person who commits a gross misdemeanor may not possess a firearm for 3 years from the date of conviction.  624.712; 08/01/03."
Missouri,Permits:  A new section authorizes county sheriffs to issue permits to carry concealed handguns.  571.101 to 571.121; 10/11/03.
Nevada,"Prohibited persons:  A new section makes it illegal to knowingly transfer a firearm to a person who is under indictment for or convicted of a felony, a fugitive, adjudicated mentally ill, committed to a mental health facility, or illegally in the U.S.  202.362; 10/01/03.  An amendment prohibited ownership, possession, or control of a firearm by a person who is a fugitive, an unlawful drug user or addict, adjudicated mentally ill, committed to a mental health facility, or illegally in the U.S.  202.360; 10/01/03."
,"Prohibited firearms:  An amendment makes it illegal to manufacture or cause to be manufactured, import into the State, keep, offer or expose for sale, or give, lend, possess or use a machine gun unless authorized by federal law.  202.350; 10/01/03."
New Mexico,"Permits: A new article authorized the Department of Public Safety to issue concealed handgun licenses.  Chapter 29, Article 19; 07/01/03."
North Carolina,"Prohibited persons  The statute that makes it unlawful for a person to purchase a firearm while subject to a domestic violence order was amended to make it unlawful for such a person to own, possess, or receive a firearm, machine gun, or permit.  14-269.8; 12/01/03.  A new section provides that a court in certain cases shall order a person subject to a domestic violence order to surrender all firearms, machine guns, and permits to the county sheriff.  50B-3.1; 12/01/03."
Ohio,"Prohibited persons  An amendment expanded the definition of mentally ill persons who cannot acquire, have, carry or use any firearm.  2923.13; 04/08/04."
,Permits:  A new section authorizes county sheriffs to issue licenses to carry concealed handguns.  2923.125; 04/08/04.
,State data:  Probate judges and hospital officers are required to send notices of involuntary commitments to the Bureau of Criminal Identification and Investigation for use in conducting concealed handgun license checks.  5122.311; 04/08/04.
Pennsylvania,"Prohibited persons:  A new section was established under the Vehicle Code for DUI. Under certain circumstances, individuals may be prohibited under Federal law with as little as two DUI convictions.   75 PA C.S. 3802; 02/01/04."
South Carolina,Regulated sales:  An amendment deleted the provisions that prohibit a person from purchasing more than one pistol on an application or purchasing more than one pistol during each thirty day period.  23-31-140; 05/24/04.
Texas,Prohibited persons:  An amendment makes it an offense for a person to possess a firearm while subject to a sexual assault protective order.  Penal Code 46.04; 09/01/03.
Utah,"Permits:  An amendment modified the type and amount of information an applicant is required to provide in order to receive a permit to carry a concealed firearm.  53-5-704,  53-5-706; 05/03/04."
,"Background checks:  An amendment makes Utah law consistent with federal law regarding the purchase of firearms and requires that only one photo identification rather than two be presented by a purchase applicant.  76-10-524,  76-10-526; 05/03/04."
Virginia,"Regulated sales:  Amendments defined antique, curio, and relic firearms in a manner consistent with Federal law, and revised the definitions of firearm, handgun, and assault rifle.  Title 18.2; 07/01/03."
Wyoming,"Regulated sales:  The statutes that allowed a resident of a contiguous State to purchase a long gun in Wyoming and allowed a Wyoming resident to purchase a long gun in a contiguous State were repealed.  6-8-301, 6-8-302, 6-8-303; 07/01/03."
