Bureau of Justice Statistics,,,,,,
Filename: ssprfsm0409.csv,,,,,,
"Table 9.  Notification procedures of State agencies regarding denied persons subject to arrest, June 30, 2004",,,,,,
"Report Title: Survey of State Procedures Related to Firearm Sales, Midyear 2004   NCJ 209288",,,,,,
Data source: Firearm Inquiry Statistics (FIST),,,,,,
Refer questions to: askbjs@usdoj.gov  202-307-0765,,,,,,
"Authors: Devon Adams and Ronald J. Frandsen, REJIS",,,,,,
Date of version: 8/21/05,,,,,,

"Table 9.  Notification procedures of State agencies regarding denied persons subject to arrest, June 30, 2004",,,,,,

,Notice of outstanding warrant,,,Notice of false application or illegal attempt to buy,,
State,Agency with jurisdiction/a,Special State unit/b,,Agency with jurisdiction/a,Special State unit/b,ATF
California,X,--,,X,--,--
Colorado,X,--,,X,--,X
Connecticut,X,--,,--,X,--
Delaware,X,--,,X,--,--
Florida,X,--,,X,X,X
Georgia,X,--,,X,--,X
Illinois,X,--,,--,X,X
Indiana,X,--,,--,--,X
Maryland,--,X,,--,X,--
Nevada,X,--,,--,--,X
New Hampshire,X,--,,X,--,X
New Jersey,X,X,,--,X,--
Oregon,X,--,,X,--,--
Pennsylvania,X,--,,X,--,X
Tennessee,X,--,,--,--,X
Utah,X,--,,X,--,X
Virginia,--,X,,--,X,X
Wisconsin,X,X,,X,X,X
   Totals,16,4,,10,7,12

Note: States listed have one statewide agency that checks purchase or permit applicants.
 ---Not applicable or information not available.
"a/May include Federal, State, or local agencies that issued a warrant or have jurisdiction over the site of the transaction or the location of the denied person's residence."
b/Includes units within the same agency as the checking unit.
