Bureau of Justice Statistics,,,,
Filename: ssprfsm0410.csv,,,,
"Table 10.  Data accessed for firearm background checks: domestic violence, June 30, 2004",,,,
"Report Title: Survey of State Procedures Related to Firearm Sales, Midyear 2004   NCJ 209288",,,,
Data source: Firearm Inquiry Statistics (FIST),,,,
Refer questions to: askbjs@usdoj.gov  202-307-0765,,,,
"Authors: Devon Adams and Ronald J. Frandsen, REJIS",,,,
Date of version: 8/21/05,,,,

"Table 10.  Data accessed for firearm background checks: domestic violence, June 30, 2004",,,,

,Restraining (protective) orders,Entered into ,Domestic violence misdemeanor convictions,
Jurisdiction,Statewide database,NCIC file,In criminal history (CH) records,Method used to distinguish from other misdemeanors in CH\a
Federal,---,X,X,Flagged records (from States) 
Alabama,X,X,X,Flagged records
Alaska,X,X,X,Flagged records
Arizona,X,X,X,Flagged records
Arkansas,X,X,X,Flagged records
California,X,X,X,Flagged records
Colorado,X,X,X,Flagged records
Connecticut,X,X,X,Flagged records
Delaware,X,X,X,Flagged records
Florida,X,X,X,
Georgia,X,X,X,Flagged records
Hawaii,X,---,X,Flagged records
Idaho,---,X,X,
Illinois,X,X,X,Flagged records
Indiana,X,X,---,
Iowa,X,X,X,Flagged records
Kansas,X,X,X,Statute citations
Kentucky,X,X,X,
Louisiana,X,X,X,Modifier denoting DV
Maine,X,X,---,
Maryland,X,X,X,Flagged records
Massachusetts,X,X,X,Included in crimes of violence\b
Michigan,X,X,X,Flagged records
Minnesota,X,X,X,Offense codes
Mississippi,---,---,---,
Missouri,X,X,X,Flagged records
Montana,---,X,X,Flagged records
Nebraska,X,X,X,Flagged records
Nevada,X,---,X,Flagged records
New Hampshire,X,X,X,Flagged records
New Jersey,X,---,X,Flagged records
New Mexico,X,X,X,Flagged records
New York,X,X,---,
North Carolina,---,X,X,Flagged records
North Dakota,X,X,---,
Ohio,---,X,---,
Oklahoma,---,X,X,Offense codes / flagged records
Oregon,X,X,X,Flagged records
Pennsylvania,X,X,X,Flagged records
Rhode Island,X,X,X,Flagged records
South Carolina,---,X,X,Flagged records
South Dakota,X,X,X,Flagged records
Tennessee,X,X,X,Flagged records
Texas,X,X,X,Flagged records
Utah,X,---,X,Flagged records
Vermont,X,X,X,Flagged records
Virginia,X,X,X,Flagged records
Washington,X,X,X,Flagged records
West Virginia,X,X,X,
Wisconsin,X,X,X,Flagged records
Wyoming,X,X,X,Flagged records
   State totals,43,45,44

X Data are accessed by checking agencies within the jurisdiction (may not be available to other checking agencies).,,,
 ---Not applicable or information not available.,,,
a/Extent of flagging and ability to distinguish domestic crimes from other misdemeanors varies significantly by jurisdiction.  ,,,
b/Domestic misdemeanors are not flagged because all crimes of violence are disqualifying offenses. ,,,
