Bureau of Justice Statistics,,
Filename: ssprfsm04apa1.csv,,
"Appendix A-1.  Federal and State firearm laws, June 30, 2004",,
"Report Title: Survey of State Procedures Related to Firearm Sales, Midyear 2004   NCJ 209288",,
Data source: Firearm Inquiry Statistics (FIST),,
Refer questions to: askbjs@usdoj.gov  202-307-0765,,
"Authors: Devon Adams and Ronald J. Frandsen, REJIS",,
Date of version: 8/21/05,,

"Appendix A-1.  Federal and State firearm laws, June 30, 2004",,

Jurisdiction,Title of laws,Relevant sections
United States,Code,18-922 et seq; 26-5801 et seq.
Alabama,Code,13A-11-50 et seq.
Alaska,Statutes,11.61.190 et seq; 18.65.700 et seq.
Arizona,Revised Statutes,13-905 et seq; 13-3101 et seq.
Arkansas,Code,5-73-101 et seq; 5-73-201 et seq.
California,Penal Code,12000 et seq; WeIf. & Inst. Code 8100 et seq.
Colorado,Revised Statutes,12-26.1-101; 18-12-101 et seq; 24-33.5-424
Connecticut,General Statutes,29-27 et seq; 53-202 et seq; 53a-211 et seq.
Delaware,Code,11-1441 et seq; 24-901 et seq.
Florida,Statutes,790.001 et seq.
Georgia,Official Code,16-11-101.1 et seq; 16-11-170 et seq.
Hawaii,Revised Statutes,134-1 et seq.
Idaho,Code,18-310; 18-3302 et seq. 
Illinois,Compiled Statutes,430:65/0.01 et seq; 720:5/24-1 et seq; 725:5/112A-14
Indiana,Code,34-26-2-12; 35-47-1-1 et seq.
Iowa,Code,702.7; 724.1 et seq.
Kansas,Statutes,21-4201 et seq.
Kentucky,Revised Statutes,237.060 et seq; 431.064; 527.010 et seq.
Louisiana,Revised Statutes,"14:35.3, 91, 95 et seq; 40:1379.3, 1751 et seq."
Maine,Revised Statutes,15.393; 17A.554A et seq; 17A.1051; 25.2001 et seq
Maryland,Code,Criminal Law Title 4; Public Safety Title 5
Massachusetts,Laws,140-121 et seq; 269-10
Michigan ,Compiled Laws,3.111 et seq; 28.421 et seq; 750.222 et seq.
Minnesota,Statutes,609.165; 609.66 et seq; 624.71 et seq.
Mississippi,Code,45-9-101; 97-37-1 et seq.
Missouri,Revised Statutes,"407.500, 505; 571.010 et seq."
Montana,Code,45-8-301 et seq; 46-18-801
Nebraska,Revised Statutes,28-1201 et seq; 69-2401 et seq.
Nevada,Revised Statutes,176A.860; 202.253 et seq; 213.090
New Hampshire,Revised Statutes,Chapters 159 and 159-D
New Jersey,Statutes,2C:39-1 et seq; 2C:58-1 et seq.
New Mexico,Statutes,30-7-1 et seq.
New York,Penal Law,Articles 265 & 400; Gen. Bus. Law art. 39-DD
North Carolina,General Statutes,14-269.7 et seq; 14-402 et seq.
North Dakota,Century Code,62.1-01 et seq.
Ohio,Revised Code,2923.11 et seq.
Oklahoma,Statutes,21-1271.1 et seq.
Oregon,Revised Statutes,166.170 et seq.
Pennsylvania,Consolidated Statutes,18-6101 et seq.
Rhode Island,General Laws,11-47-1 et seq.
South Carolina,Code of Laws,16-23-10 et seq; 23-31-10 et seq.
South Dakota,Codified Laws,Chapters  22-14 and 23-7
Tennessee,Code,39-17-1301 et seq. 
Texas,Penal Code,"30.06; 42.12; 46.01 et seq; Govt. Code Ch. 411, subch. H "
Utah,Code,53-5-702 et seq; 76-10-501 et seq.
Vermont,Statutes,13-4001 et seq.
Virginia,Code,18.2-279 et seq; 54.1-4201.1; 59.1-148.2
Washington,Revised Code,9.41.010 et seq.
West Virginia,Code,61-7-1 et seq.
Wisconsin,Statutes,175.30; 175.35; 941.20 et seq; 948.60
Wyoming,Statutes,6-8-101 et seq.
