Bureau of Justice Statistics,,,,,,
Filename: ssprfsm0407.csv,,,,,,
"Table 7.  Prohibited and restricted firearms, June 30, 2004",,,,,,
"Report Title: Survey of State Procedures Related to Firearm Sales, Midyear 2004   NCJ 209288",,,,,,
Data source: Firearm Inquiry Statistics (FIST),,,,,,
Refer questions to: askbjs@usdoj.gov  202-307-0765,,,,,,
"Authors: Devon Adams and Ronald J. Frandsen, REJIS",,,,,,
Date of version: 8/21/05,,,,,,

"Table 7.  Prohibited and restricted firearms, June 30, 2004",,,,,,

Jurisdiction,Assault weapon,Machine gun,Short-barrel rifle,Short-barrel shotgun,Unsafe handgun,Other types of firearms
Federal,X,X,X,X,---,Firearm undetectable by airport security
Alabama,---,---,X,X,---,---
Alaska,---,X,X,X,---,---
Arizona,---,X,X,X,---,---
Arkansas,---,X,X,X,---,Silent discharge firearm
California,X,X,X,X,X,"Unrecognizable, cane, wallet, and zip guns, etc."
Colorado,---,X,X,X,---,---
Connecticut,X,X,---,X,---,---
Delaware,---,X,---,X,---,---
Florida,---,X,X,X,---,---
Georgia,---,X,X,X,---,---
Hawaii,X,X,X,X,X,---
Idaho,---,---,---,---,---,---
Illinois,---,X,X,X,X,Firearm shaped like a wireless telephone
Indiana,---,X,---,X,---,---
Iowa,---,X,X,X,---,Silenced firearm
Kansas,---,X,X,X,---,---
Kentucky,---,---,---,---,---,---
Louisiana,---,X,X,X,---,---
Maine,---,X,---,---,---,---
Maryland,X,X,X,X,X,---
Massachusetts,X,X,X,X,X,---
Michigan ,---,X,X,X,---,---
Minnesota,---,X,---,X,X,---
Mississippi,---,---,---,---,---,---
Missouri,---,X,X,X,---,---
Montana,---,---,X,X,---,---
Nebraska,---,X,X,X,---,---
Nevada,---,X,X,X,---,---
New Hampshire,---,---,---,---,---,---
New Jersey,X,X,---,X,---,---
New Mexico,---,---,---,---,---,---
New York,X,X,X,X,---,Disguised gun
North Carolina,---,X,X,X,---,Barrel with bore over 1/2 inch in diameter
North Dakota,---,X,X,X,---,---
Ohio,---,X,X,X,---,Zip gun
Oklahoma,---,---,X,X,---,---
Oregon,---,X,X,X,---,---
Pennsylvania,---,X,---,X,---,Silent discharge firearm
Rhode Island,---,X,X,X,---,---
South Carolina,X,X,X,X,X,---
South Dakota,---,X,---,X,---,---
Tennessee,---,X,X,X,---,---
Texas,---,X,X,X,---,Zip gun
Utah,---,---,---,---,---,---
Vermont,---,---,---,---,---,Zip gun
Virginia,X,X,X,X,---,Plastic firearm
Washington,---,X,X,X,---,---
West Virginia,---,X,---,---,---,---
Wisconsin,---,X,X,X,---,---
Wyoming,---,---,---,---,---,---
  State Totals,9,39,33,40,7,

See Glossary for definitions of firearm types.  The table does not include firearm accessories.
"X - Possession is prohibited or allowed only under limited exceptions, or there is a registration requirement."
