Bureau of Justice Statistics,,
filename:  cv0478.csv,,
"Table 78.  Percent of victimizations in which injured victims had health insurance coverage or were eligible for public medical services, by selected characteristics of victims",,
"data source: National Criminal Victimization Survey, 2004  NCJ 213257",,
produced by:  Cathy Maston ,,
authors:  Patsy Klaus and Cathy Maston,,
refer questions to: askbjs@usdoj.gov  202-307-0765,,
data of version:  05/01/06,,

"Table 78. Personal crimes of violence, 2004:  Percent of victimizations in which injured victims had health insurance coverage or were eligible for public medical services, by selected characteristics of victims",,
Characteristic,Percent of victimizations,
Race,,
All races/a,69.2,%
White only,67.2,
Black only,83.5,
Annual family income/b,,
"Less than $7,500",55.8,*
"$7,500-$14,999",71.6,
"$15,000-$24,999",67.6,
"$25,000-$34,999",64.7,
"$35,000-$49,999",50.2,
"$50,000-$74,999",81.5,
"$75,000 or more",89.1,
Gender,,
Male,65.5,
Female,73.5,
Age,,
 12-15,71.3,
16-19,67.8,
20-24,63,
25-34,73.8,
35-49,64.1,
50-64,82.9,
65 and over,100,*
Note: Data includes only those victimizations in which the victim received medical attention.,,
*Estimate is based on about 10 or fewer sample cases.,,
"a/Includes data on persons of ""Other"" races, and persons indicating two or more races, not shown separately.",,
b/Excludes data on persons whose family income level was not ascertained.,,
