Bureau of Justice Statistics,,,,,,
filename:  cv0479.csv,,,,,,
"Table 79.  Percent of victimizations in which victims received hospital care, by selected characteristics of victims and type of crime",,,,,,
"data source: National Criminal Victimization Survey, 2004  NCJ 213257",,,,,,
produced by:  Cathy Maston ,,,,,,
authors:  Patsy Klaus and Cathy Maston,,,,,,
refer questions to: askbjs@usdoj.gov  202-307-0765,,,,,,
data of version:  05/01/06,,,,,,

"Table 79. Personal crimes of violence, 2004:  Percent of victimizations in which victims received hospital care, by selected characteristics of victims and type of crime",,,,,,
,Percent of victimizations,,,,,
Characteristic,Crime of violence/a,,Robbery,,Assault,
Gender,,,,,,
Both genders,6.3,%,10.7,%,5.4,%
Male,6.1,,8.7,*,5.8,
Female,6.5,,14.6,*,4.9,
Age,,,,,,
 12-19,5.2,,10.3,*,4.5,
20-34,5.7,,1.7,*,5.4,
35-49,8.6,,13.5,*,7.5,
50-64,6.6,,29.2,*,4.3,*
65 and over,2.7,*,22.6,*,0,*
Race/b,,,,,,
White only,5.9,,12.2,,4.8,
Black only,8.6,,7.1,*,9.6,
Victim-offender relationship,,,,,,
Strangers,6.7,,12.6,,5.5,
Nonstrangers,5.8,,7.4,*,5.3,
*Estimate is based on about 10 or fewer sample cases.,,,,,,
"a/Includes data on rape and sexual assault, not shown separately.",,,,,,
"b/Excludes data on persons of ""Other"" races and persons indicating two or more races.",,,,,,
