Bureau of Justice Statistics,,,,,,,,,,,,,,,,,,,
filename:  cv0485.csv,,,,,,,,,,,,,,,,,,,
"Table 85. Percent distribution of victimizations resulting in theft loss, by race of victims, type of crime and value of loss",,,,,,,,,,,,,,,,,,,
"data source: National Criminal Victimization Survey, 2004  NCJ 213257",,,,,,,,,,,,,,,,,,,
produced by:  Cathy Maston ,,,,,,,,,,,,,,,,,,,
authors:  Patsy Klaus and Cathy Maston,,,,,,,,,,,,,,,,,,,
refer questions to: askbjs@usdoj.gov  202-307-0765,,,,,,,,,,,,,,,,,,,
data of version:  05/01/06,,,,,,,,,,,,,,,,,,,

"Table 85. Selected personal and property crimes, 2004:  Percent distribution of victimizations resulting in theft loss, by race of victims, type of crime and value of loss",,,,,,,,,,,,,,,,,,,
,,Percent of victimizations resulting in theft loss,,,,,,,,,,,,,,,,,
Race and type of crime,Number of victimizations, Total,,No monetary value,,Less than $50,,$50-$99,,$100-$249,,$250-$499,,$500-$999,,"$ 1,000 or more",,Not known and not available,
All races/a,,,,,,,,,,,,,,,,,,,
All personal crimes/b,"516,240",100,%,2.1,%*,27.3,%,10.2,%,26.3,%,7.6,%,5.2,%*,3.6,%*,17.7,%
Robbery,"299,240",100,,1.6,*,25.9,,10.3,*,29.1,,10.3,*,7.9,*,5.5,*,9.6,*
Purse snatching/Pocket picking,"209,230",100,,1.5,*,30.3,,9.5,*,23.3,,3.9,*,1.7,*,1.1,*,28.6,
All property crimes,"16,832,680",100,%,2.7,%,23.2,%,12.6,%,20.4,%,10.6,%,7.3,%,13.3,%,10,%
Household burglary,"2,469,520",100,,0.9,*,9,,9.5,,18.5,,14.1,,11.1,,28.2,,8.7,
Motor vehicle theft,"779,220",100,,0.3,*,0,,0.5,*,0,*,1.4,*,3.6,*,86.3,,8,
Theft,"13,583,940",100,,3.1,,27.2,,13.8,,21.9,,10.5,,6.8,,6.4,,10.3,
White only,,,,,,,,,,,,,,,,,,,
All personal crimes/b,"356,430",100,%,1.5,%*,25.3,%,9.7,%,28.8,%,5.3,%*,4.7,%*,3.8,%*,20.9,%
Robbery,"197,930",100,,1.1,*,26.7,,7.8,*,33.9,,5.3,*,8.4,*,5.6,*,11.2,*
Purse snatching/Pocket picking,"150,730",100,,0,*,24.9,,11.6,*,23.6,,5.4,*,0,*,1.6,*,33,
All property crimes,"13,579,830",100,%,2.6,%,23.9,%,12.2,%,20.6,%,10.8,%,7.4,%,12.6,%,9.8,%
Household burglary,"1,926,350",100,,0.7,*,9.7,,8.1,,19.6,,14.4,,11.2,,27.9,,8.4,
Motor vehicle theft,"543,380",100,,0,*,0,*,0.7,*,0,*,1.9,*,3.3,*,85.6,,8.4,
Theft,"11,110,090",100,,3.1,,27.6,,13.5,,21.8,,10.6,,7,,6.4,,10.1,
Black only,,,,,,,,,,,,,,,,,,,
All personal crimes/b,"118,630",100,%,0,%*,27.1,%*,12.7,%*,23.1,%*,12.7,%*,8.7,%*,4.4,%*,11.3,%*
Robbery,"76,490",100,,0,*,21.2,*,16.4,*,18.5,*,19.7,*,8.9,*,6.8,*,8.5,*
Purse snatching/Pocket picking,"42,130",100,,0,*,37.9,*,5.9,*,31.5,*,0,*,8.4,*,0,*,16.5,*
All property crimes,"2,413,640",100,%,3.2,%,20.1,%,13.7,%,18.7,%,9.7,%,7.4,%,16,%,11.2,%
Household burglary,"438,910",100,,1.7,*,6.4,*,14.1,,15.2,,13.6,,11.8,,26.7,,10.6,
Motor vehicle theft,"182,150",100,,1.1,*,0,*,0,*,0,*,0,*,4.4,*,85.4,,9.1,*
Theft,"1,792,580",100,,3.8,,25.5,,15,,21.5,,9.7,,6.6,,6.3,,11.6,
Note: Detail may not add to total shown because of rounding.,,,,,,,,,,,,,,,,,,,
*Estimate is based on about 10 or fewer sample cases.,,,,,,,,,,,,,,,,,,,
"a/Includes data on persons of ""Other"" races and persons indicating two or more races, not shown separately.",,,,,,,,,,,,,,,,,,,
"b/Includes data on rape and sexual assault, not shown separately, but excludes data on assault, which by definition does not involve theft.",,,,,,,,,,,,,,,,,,,
