Bureau of Justice Statistics,,,,
filename:  cv0488.csv,,,,
"Table 88. Percent of victimizations resulting in loss of time from work, by type of crime and race of victims",,,,
"data source: National Criminal Victimization Survey, 2004  NCJ 213257",,,,
produced by:  Cathy Maston ,,,,
authors:  Patsy Klaus and Cathy Maston,,,,
refer questions to: askbjs@usdoj.gov  202-307-0765,,,,
data of version:  05/01/06,,,,

"Table 88. Selected personal and property crimes, 2004:  Percent of victimizations resulting in loss of time from work, by type of crime and race of victims",,,,
,Percent of all victimizations,,,
Type of crime,White only,,Black only,
All personal crimes/a,6.1,%,7.3,%
Crimes of violence,6,,7.2,
Completed violence,12.9,,16.1,
Attempted/threatened violence,2.7,,0.7,*
Rape/Sexual assault/b,14.3,*,0,*
Robbery,11.2,,12.8,*
Assault,5.1,,6.8,
All property crimes,5.5,%,6.4,%
Completed,5.5,,6.6,
Attempted,5.8,,4.7,*
Household burglary,6.7,,6.2,
Motor vehicle theft                     ,20,,19.4,
Theft,4.3,,5,
Note: Excludes data on persons with races other than White only or Black only.,,,,
"Excludes data on persons of ""Other"" races and persons indicating two or more races.",,,,
*Estimate is based on about 10 or fewer sample cases.,,,,
"a/Includes data on purse snatching/pocket picking, not shown separately.",,,,
b/Includes verbal threats of rape and threats of sexual assault.,,,,







































































































































,,,,,,,,,,,,,,,,,,,,,"55,660",b%,6.3
,,,,,,,,,,,,,,,,,,,,,"55,660",,6.7
,,,,,,,,,,,,,,,,,,,,,"31,210",*,9.7
,,,,,,,,,,,,,,,,,,,,,"24,450",*,4.8
,,,,,,,,,,,,,,,,,,,,,0,*,0
,,,,,,,,,,,,,,,,,,,,,"20,050",*,11.9
,,,,,,,,,,,,,,,,,,,,,"35,610",,5.6
,,,,,,,,,,,,,,,,,,,,,"198,730",b%,7.5
,,,,,,,,,,,,,,,,,,,,,"186,540",,7.7
,,,,,,,,,,,,,,,,,,,,,"12,190",*,5
,,,,,,,,,,,,,,,,,,,,,"55,390",,10.2
,,,,,,,,,,,,,,,,,,,,,"45,100",,21.1
,,,,,,,,,,,,,,,,,,,,,"98,240",,5.2
