Bureau of Justice Statistics,,
filename:  cv0487.csv,,
"Table 87. Percent of victimizations resulting in loss of time from work, by type of crime",,
"data source: National Criminal Victimization Survey, 2004  NCJ 213257",,
produced by:  Cathy Maston ,,
authors:  Patsy Klaus and Cathy Maston,,
refer questions to: askbjs@usdoj.gov  202-307-0765,,
data of version:  05/01/06,,

"Table 87. Selected personal and property crimes, 2004: Percent of victimizations resulting in loss of time from work, by type of crime",,
Type of crime         ,Percent of all victimizations,
All personal crimes/a,6.4,%
Crimes of violence,6.3,
Completed violence,13.1,
Attempted/threatened violence,2.9,
Rape/Sexual assault/b,10.6,*
Robbery,11.2,
Completed/property taken,15.3,
With injury,15.2,*
Without injury,15.3,*
Attempted to take property,5.2,*
With injury,14.8,*
Without injury,0,*
Assault,5.6,
Aggravated,8.9,
Simple,4.6,
All property crimes                         ,5.6,%
Household burglary                                ,6.7,
Completed                            ,7,
Forcible entry                     ,10.7,
Unlawful entry without force       ,4.8,
Attempted forcible entry             ,5.2,*
Motor vehicle theft                     ,19.6,
Completed                            ,22.1,
Attempted                            ,11.1,*
Theft,4.4,
Completed,4.4,
Less than $50,2.9,
$50 - $249,2.8,
$250 or more,8.4,
Amount not available,5.2,
Attempted,3.8,*
Note: Detail may not add to total shown because of rounding.,,
*Estimate is based on about 10 or fewer sample cases.,,
"a/Includes data on purse snatching/pocket picking, not shown separately",,
b/Includes verbal threats of rape and threats of sexual assault.,,
