Bureau of Justice Statistics,,,,,,,,,,,,,,,
filename:  cv0459.csv,,,,,,,,,,,,,,,
"Table 59. Percent distribution of incidents, by type of crime and time of occurrence",,,,,,,,,,,,,,,
"data source: National Criminal Victimization Survey, 2004  NCJ 213257",,,,,,,,,,,,,,,
produced by:  Cathy Maston ,,,,,,,,,,,,,,,
authors:  Patsy Klaus and Cathy Maston,,,,,,,,,,,,,,,
refer questions to: askbjs@usdoj.gov  202-307-0765,,,,,,,,,,,,,,,
data of version:  05/01/06,,,,,,,,,,,,,,,

"Table 59. Personal and property crimes, 2004:  Percent distribution of incidents, by type of crime and time of occurrence",,,,,,,,,,,,,,,
              ,,Percent of incidents,,,,,,,,,,,,,
                                                                                      ,,,,,,Nighttime,,,,,,,,,
Type of crime,Number of incidents,Total,,Daytime 6 a.m.-6 p.m.,,  Total,,6 p.m. -midnight,,Midnight -6 a.m.,,Not known,,Not known and not available,
Crimes of violence,"4,781,660",100,%,50.9,%,47.3,%,35.8,%,10.5,%,1,%,1.8,%
Completed violence,"1,577,590",100,,44,,55.2,,39.1,,14.9,,1.2,*,0.8,*
Attempted/threatened violence,"3,204,070",100,,54.3,,43.5,,34.2,,8.4,,0.8,*,2.2,
Rape/Sexual assault/a,"207,240",100,,34.8,,62.9,,34.3,,24.3,,4.3,*,2.3,*
Robbery,"459,800",100,,45.1,,54.4,,41.4,,13,,0,*,0.5,*
Completed/property taken,"272,310",100,,48,,52,,43.8,,8.2,*,0,*,0,*
With injury,"99,130",100,,42.1,,57.9,,52.9,,5,*,0,*,0,*
Without injury,"173,180",100,,51.4,,48.6,,38.6,,10,*,0,*,0,*
Attempted to take property,"187,490",100,,40.9,,57.8,,37.9,,19.9,,0,*,1.2,*
With injury,"66,870",100,,51.4,,48.6,*,27.9,*,20.7,*,0,*,0,*
Without injury,"120,620",100,,35.1,,63,,43.4,,19.5,*,0,*,1.9,*
Assault,"4,114,620",100,,52.4,,45.8,,35.3,,9.6,,0.9,,1.9,
Aggravated,"895,340",100,,42.9,,55,,39.8,,13.2,,1.9,*,2.1,*
Simple,"3,219,280",100,,55,,43.2,,34,,8.5,,0.6,*,1.8,
Purse snatching/Pocket picking,"222,490",100,,61.2,,33.6,,30.4,,3.1,*,0,*,5.2,*
Property crimes,"18,654,400",100,%,37.2,%,43.2,%,13.4,%,16.8,%,12.9,%,19.6,%
Household burglary,"3,427,690",100,,40.4,,34.4,,13.9,,12.5,,8,,25.2,
Completed,"2,909,160",100,,41.6,,33.1,,14.1,,11.2,,7.8,,25.3,
Forcible entry,"1,095,560",100,,49.8,,33.2,,14,,11.2,,8.1,,17,
Unlawful entry without force,"1,813,600",100,,36.6,,33,,14.2,,11.2,,7.7,,30.4,
Attempted forcible entry,"518,530",100,,33.9,,41.8,,12.7,,19.7,,9.4,,24.2,
Motor vehicle theft,"1,014,770",100,,22.6,,68.2,,16,,31.6,,20.6,,9.3,
Completed,"779,220",100,,24.4,,66.8,,16.1,,30.2,,20.4,,8.9,
Attempted,"235,560",100,,16.6,,72.8,,15.5,,36.2,,21.1,,10.6,*
Theft,"14,211,940",100,,37.5,,43.5,,13.1,,16.8,,13.6,,19,
Completed,"13,583,940",100,,37.9,,42.6,,12.8,,16.2,,13.6,,19.5,
Less than $50,"4,114,020",100,,41.3,,36.4,,11.2,,12.9,,12.4,,22.2,
$50 - $249,"4,846,570",100,,37.5,,43.3,,13.7,,15.7,,13.8,,19.2,
$250 or more,"3,259,970",100,,32.4,,52.4,,13.1,,23,,16.2,,15.3,
Amount not available,"1,363,380",100,,41.7,,35.7,,13.4,,12,,10.3,,22.7,
Attempted,"628,000",100,,30.1,,62.9,,20.9,,29.1,,12.9,,7,
Note: Detail may not add to total shown because of rounding.,,,,,,,,,,,,,,,
*Estimate is based on about 10 or fewer sample cases.,,,,,,,,,,,,,,,
a/Includes verbal threats of rape and threats of sexual assault.,,,,,,,,,,,,,,,
