Bureau of Justice Statistics,,,,,,,,,,,,,
filename:  cv0464.csv,,,,,,,,,,,,,
"Table 64. Percent distribution of incidents, by victim's activity at time of incident and type of crime ",,,,,,,,,,,,,
"data source: National Criminal Victimization Survey, 2004  NCJ 213257",,,,,,,,,,,,,
produced by:  Cathy Maston ,,,,,,,,,,,,,
authors:  Patsy Klaus and Cathy Maston,,,,,,,,,,,,,
refer questions to: askbjs@usdoj.gov  202-307-0765,,,,,,,,,,,,,
data of version:  05/01/06,,,,,,,,,,,,,

"Table 64. Personal and property crimes, 2004:  Percent distribution of incidents, by victim's activity at time of incident and type of crime ",,,,,,,,,,,,,
,,Percent of incidents,,,,,,,,,,,
Type of crime,Number of incidents,  Total,,Working or on duty,,On the way to or from work,,On the way to or from school,,On the way to or from some other place,,Shopping or running errands,
Crimes of violence,"4,781,660",100,%,15.9,%,4,%,2.9,%,8.1,%,3.8,%
   Rape/Sexual assault/a,"207,240",100,%,10.4,*,0,*,1.9,*,0,*,1.2,*
   Robbery,"459,800",100,%,5.5,*,5.8,*,6.5,*,21,,9.6,
   Aggravated assault,"895,340",100,%,18.4,,3.4,*,2.9,*,9.6,,2.3,*
   Simple assault,"3,219,280",100,%,17,,4.2,,2.5,,6.4,,3.5,,
Purse snatching/Pocket picking,"222,490",100,%,2.9,*,5.2,*,1.9,*,6.7,*,35.6,,
Property crimes,"18,654,400",100,%,12.8,%,0.9,%,1,%,1.2,%,4.7,%,
   Household burglary,"3,427,690",100,%,18.9,,1.1,,0.7,*,2,,5.3,,
   Motor vehicle theft,"1,014,770",100,%,10.2,,0.7,*,0.3,*,0.7,*,4.6,,
   Theft,"14,211,940",100,%,11.6,,0.8,,1.1,,1,,4.5,,
,Percent of incidents,,,,,,,,,,,,,
Type of crime,Attending school,,Leisure activity away from home,,Sleeping,,Other activities at home,,  Other,,Don't know,,Not available,
Crimes of violence,9.5,%,22.4,%,2.3,%,22.5,%,8.1,%,0.4,%*,0,%*
   Rape/Sexual assault/a,5.7,*,40.3,,11.8,*,26.4,,2.3,*,0,*,0,*
   Robbery,3.6,*,13.4,,2.8,*,17.5,,12.9,,1.3,*,0,*
   Aggravated assault,4.4,,25.4,,1.4,*,24.3,,7.7,,0.2,*,0,*
   Simple assault,12,,21.7,,1.9,,22.5,,7.9,,0.4,*,0,*
Purse snatching/Pocket picking,9.5,*,27.2,,1.3,*,1,*,2.7,*,6.1,*,0,*
Property crimes,5.9,%,14.1,%,27.3,%,11.7,%,5.1,%,15.4,%,0,%*
   Household burglary,1.3,,18.6,,17.5,,11,,5.5,,18.1,,0,*
   Motor vehicle theft,0.2,*,11.1,,50.1,,12.6,,3.5,,5.9,,0,*
   Theft,7.4,,13.2,,28,,11.8,,5.1,,15.4,,0,*
Note: Detail may not add to total shown because of rounding.,,,,,,,,,,,,,,
*Estimate is based on about 10 or fewer sample cases.,,,,,,,,,,,,,,
a/Includes verbal threats of rape and threats of sexual assault.,,,,,,,,,,,,,,









































































0,0
0,0
0,0
0,0
0,0
0,0
0,0
0,0
0,0
0,0
