"filename: clegrf9.csv",,,,
"table #: Graph figure 9",,,,
"report title: Law Enforcement Agencies",,,,
"data source: Law Enforcement",,,,
"author: Brian Reaves (202)633-3041",,,,
"date of version: 12/11/96",,,,
,,,,
,,,,
,,,,
"Nonlethal weapons authorized for use by sworn police ",,,,
"officers and nonsworn security officers in campus law ",,,,
"enforcement agencies, 1995",,,,
,,,,
"Type of                    ","Sworn  ",,"Nonsworn  ",
"nonlethal weapon   ","police",," security",
,,,,
"Any type            ",95,"%",39,"%"
"Baton               ",84,,22,
"Pepper sray         ",64,,28,
"Tear gas            ",13,,8,
"Choke/carotid hold   ",7,,2,
