"filename: clegrf10.csv",,,,
"table #: Graph figure 10",,,,
"report title: Law Enforcement Agencies",,,,
"data source: Law Enforcement",,,,
"author: Brian Reaves (202)633-3041",,,,
"date of version: 12/11/96",,,,
,,,,
,,,,
,,,,
"Use of computers by campus police in 1995 and local police",,,,
"in 1993, for agencies with at least 10 but fewer than 100",,,,
"full-time sworn personnel",,,,
,,,,
"Computer functions  ","Campus   ",,"Local",
,,,,
"Criminal investigation   ",70,"%",64,"%"
"Dispatch        ",64,,52,
"Crime analysis   ",60,,50,
"Fleet management   ",29,,30,
"Manpower allocation   ",28,,28,
,,,,
"Computerized files",,,,
,,,,
"Arrests   ",73,"%",81,"%"
"Calls for service   ",66,,72,
"Criminal history   ",57,,54,
"Stolen property   ",59,,61,
"Traffic citations    ",55,,69,
"UCR incident-Based   ",47,,29,
"Vehicle registration    ",57,,28,
