"filename: clegrf8.csv",,,,,,
"table #: Graph figure 8",,,,,,
"report title: Law Enforcement Agencies",,,,,,
"data source: Law Enforcement",,,,,,
"author: Brian Reaves (202)633-3041",,,,,,
"date of version: 12/11/96",,,,,,
,,,,,,
,,,,,,
"Selected responsibilities of campus law enforcement",,,,,,
" agencies serving the 50 largest and 50 smallest campuses in the survey. 1995",,,,,,
,,,,,,
"Type of ",,,,,,
"function         ","Fifty largest   ",,"Fifty smallest",,"Total",
,,,,,,
"Building lockup       ",64,"%",100,"%",85,"%"
,,,,,,
"Central alarm ",,,,,,
"monitoring            ",94,," 68",,80,
,,,,,,
"Investigation of",,,,,,
" serious crimes       ",96,,60,,81,
,,,,,,
"Medical center ",,,,,,
"security              ",40,,6,,12,
,,,,,,
"Nuclear facility  ",,,,,,
"security escorts      ",32,,0,,7,
,,,,,,
"Personal safety ",,,,,,
"escorts               ",68,,92,,86,
,,,,,,
"Parking enforcement   ",52,,96,,85,
,,,,,,
"Stadium/arena event ",,,,,,
"security              ",98,,64,,80,
,,,,,,
"Traffic enforcement   ",90,,80,,84,
