"filename: clegrf4.csv",,
"table #: Graph figure 4",,
"report title: Law Enforcement Agencies",,
"data source: Law Enforcement",,
"author: Brian Reaves (202)633-3041",,
"date of version: 12/11/96",,
,,
,,
,,
"Figure 4. Hours of training required for new recurits",,
" in campus law enforcement agencies, by size ",,
"of campus enrollment and type of officer, 1995",,
,,
,"Sworn","Nonsworn"
"Campus enrollment","police","security"
"10,000 or more","     807",183
"5,000-9,999  ","      634"," 193"
"2,500-4,999  ","      529"," 165"
