"filename: clegrf6.csv",
"table #: Graph figure 6",
"report title: Law Enforcement Agencies",
"data source: Law Enforcement",
"author: Brian Reaves (202)633-3041",
"date of version: 12/11/96",
,
,
"Average starting salary for entry-level sworn police",
"officers and nonsworn security officers in all campus ",
"law enforcement agencies and for entry-level sworn officers, by region, 1995",
,
"All regions",
"Sworn police              ",$22435
"Nonsworn security",17906
,
"Pacific                   ",$31468
"East North Central        ",24199
"Middle Atlantic           ",23983
"New England               ",23825
"Mountain                  ",23239
"West North Central        ",20922
"South Atlantic            ",20279
"West South Central        ",18269
"East South Central        ",16912
,
,
,
,
"Note:  See appendix table B for which States belong to the regions.",
