"Bureau of Justice Statistics",,,,,,,,,,,,,,,,,,
"filename:  lem9903b.csv",,,,,,,,,,,,,,,,,,
"Table 3b.  Number of full-time and part-time nonsworn employees, and primary job function category ",,,,,,,,,,,,,,,,,,
"of full-time nonsworn employees in State law enforcement agencies, 1999",,,,,,,,,,,,,,,,,,
"report title:  Law Enforcement Management and Administrative Statistics, 1999:",,,,,,,,,,,,,,,,,,
"                  Data for Individual State and Local Agencies with 100 or More Officers    NCJ 184481",,,,,,,,,,,,,,,,,,
"data source:  1999 LEMAS survey",,,,,,,,,,,,,,,,,,
"authors:  Brian A. Reaves and Timothy C. Hart",,,,,,,,,,,,,,,,,,
"refer questions to:  askbjs@ojp.usdoj.gov  (202) 307-0765",,,,,,,,,,,,,,,,,,
"date of version:  11/10/00",,,,,,,,,,,,,,,,,,
,,,,,,,,,,,,,,,,,,
,,,,,,,,,,,,,,,,,,
,"        Number of nonsworn ",,,,,,,,,,,,,,,,,
,"        employees, 1999",,,,,,"               Percent of full-time nonsworn employees working in:",,,,,,,,,,,
,,,"      Full-",,"    Part-",,"  Admini-",,"Field",,"Technical ",,"Jail",," Court",,,
"Name of agency","    Total",,"      time",,"    time",,"  stration",,"operations",,"support",,"operations",," operations",,"     Other",
,,,,,,,,,,,,,,,,,,
"Alabama Department of Public Safety",500,,500,,0,,0,"%",0,"%",100,"%",0,"%",0,"%",0,"%"
"Alaska State Troopers",372,,369,,3,,26,,0,,64,,0,,11,,0,
"Arizona Department of Public Safety",607,,607,,0,,38,,0,,62,,0,,0,,0,
"Arkansas State Police",301,,301,,0,,26,,12,,50,,0,,0,,13,
"California Highway Patrol",3149,,3074,,75,,28,,0,,72,,0,,0,,0,
"Colorado State Patrol",160,,160,,0,,63,,0,,38,,0,,0,,0,
"Connecticut State Police",563,,563,,0,,17,,0,,83,,0,,0,,0,
"Delaware State Police",229,,185,,44,,11,,0,,89,,0,,0,,0,
"Florida Highway Patrol",497,,497,,0,,0,,0,,100,,0,,0,,0,
"Georgia State Patrol",1034,,1022,,12,,3,,28,,69,,0,,0,,0,
,".",,".",," ",," ",," ",," ",," ",," ",," ",
"Idaho State Police",269,,238,,31,,16,,1,,69,,0,,0,,14,
"Illinois State Police",1604,,1604,,0,,0,,0,,100,,0,,0,,0,
"Indiana State Police",668,,662,,6,,0,,62,,38,,0,,0,,0,
"Iowa State Patrol",157,,141,,16,,0,,0,,87,,0,,0,,13,
"Kansas Highway Patrol",248,,248,,0,,6,,37,,57,,0,,0,,0,
"Kentucky State Police",726,,713,,13,,6,,2,,92,,0,,0,,0,
"Louisiana State Police",556,,556,,0,,24,,23,,48,,0,,0,,4,
"Maine State Police",171,,171,,0,,2,,15,,83,,0,,0,,0,
"Maryland State Police",720,,720,,0,,7,,0,,93,,0,,0,,0,
"Massachusetts State Police",300,,275,,25,,11,,0,,89,,0,,0,,0,
,".",,".",," ",," ",," ",," ",," ",," ",," ",
"Michigan State Police",1122,,1027,,95,,3,,60,,37,,0,,0,,0,
"Minnesota State Patrol",239,,239,,0,,4,,36,,60,,0,,0,,0,
"Mississippi Highway Safety Patrol",288,,288,,0,,3,,0,,97,,0,,0,,0,
"Missouri State Highway Patrol",1080,,1066,,14,,1,,15,,84,,0,,0,,0,
"Montana Highway Patrol",65,,53,,12,,0,,0,,100,,0,,0,,0,
"Nebraska State Patrol",172,,172,,0,,74,,0,,26,,0,,0,,0,
"Nevada Highway Patrol",201,,201,,0,,0,,0,,100,,0,,0,,0,
"New Hampshire State Police",133,,93,,40,,2,,5,,92,,0,,0,,0,
"New Jersey State Police",1090,,1090,,0,,18,,10,,72,,0,,0,,0,
"New Mexico State Police",416,,416,,0,,2,,0,,98,,0,,0,,0,
,".",,".",," ",," ",," ",," ",," ",," ",," ",
"New York State Police",952,,841,,111,,45,,1,,54,,0,,0,,0,
"North Carolina State Highway Patrol",453,,453,,0,,0,,0,,100,,0,,0,,0,
"North Dakota Highway Patrol",69,,61,,8,,10,,0,,31,,0,,0,,59,
"Ohio State Highway Patrol",1118,,1118,,0,,18,,15,,25,,0,,0,,43,
"Oklahoma Highway Patrol",556,,556,,0,,5,,0,,95,,0,,0,,0,
"Oregon State Police",380,,380,,0,,7,,19,,74,,0,,0,,0,
"Pennsylvania State Police",1336,,1336,,0,,7,,87,,7,,0,,0,,0,
"Rhode Island State Police",43,,43,,0,,2,,0,,98,,0,,0,,0,
"South Carolina Highway Patrol",255,,255,,0,,45,,0,,55,,0,,0,,0,
"South Dakota Highway Patrol",81,,81,,0,,17,,0,,83,,0,,0,,0,
,".",,".",," ",," ",," ",," ",," ",," ",," ",
"Tennessee Department of Safety",899,,899,,0,,0,,0,,100,,0,,0,,0,
"Texas Department of Public Safety",3885,,3743,,142,,9,,0,,91,,0,,0,,0,
"Utah Highway Patrol",46,,38,,8,,21,,50,,16,,0,,0,,13,
"Vermont State Police",131,,75,,56,,0,,0,,100,,0,,0,,0,
"Virginia State Police",804,,626,,178,,2,,0,,98,,0,,0,,0,
"Washington State Patrol",1158,,1158,,0,,10,,34,,56,,0,,0,,0,
"West Virginia State Police",383,,347,,36,,8,,0,,92,,0,,0,,0,
"Wisconsin State Patrol",155,,155,,0,,2,,13,,85,,0,,0,,0,
"Wyoming Highway Patrol",135,,134,,1,,4,,57,,39,,0,,0,,0,
,,,,,,,,,,,,,,,,,,
,,,,,,,,,,,,,,,,,,
"x-Percentages could not be calculated because the agency had no full-time civilian employees.",,,,,,,,,,,,,,,,,,
