Bureau of Justice Statistics,
Filename: cp09st21.csv,
"Table 21. Advance count of executions: January 1, 2010 - November 30, 2009",
"Report title: Capital Punishment, 2009 - Statistical Tables NCJ 231676",
Data source: National Prisoner Statistics (NPS-8),
Authors: Tracy L. Snell,
Refer questions to: askbjs@usdoj.gov (202) 307-0765,
Date of version: 12/02/10,
,
"Table 21. Advance count of executions: January 1, 2010 - November 30, 2009",
Jurisdiction,Number of executions
Texas,17
Ohio,8
Alabama,5
Mississippi,3
Virginia,3
Georgia,2
Oklahoma,2
Florida,1
Louisiana,1
Arizona,1
Utah,1
Washington,1
,
Total,45
"Note: Of the 45 executions carried out during this period, 43 were by lethal injection. One execution in Virginia was carried out by electrocution, and 1 in Utah was carried out by firing squad. One woman was executed in Virginia.",
