Bureau of Justice Statistics,,,
Filename: cp09st08.csv,,,
"Table 8. Persons under sentence of death, by sex, race, and Hispanic origin, December 31, 2009",,,
"Report title: Capital Punishment, 2009 - Statistical Tables NCJ 231676",,,
Data source: National Prisoner Statistics (NPS-8),,,
Authors: Tracy L. Snell,,,
Refer questions to: askbjs@usdoj.gov (202) 307-0765,,,
Date of version: 12/02/10,,,
,,,
"Table 8. Persons under sentence of death, by sex, race, and Hispanic origin, December 31, 2009",,,
,,,
,,Persons under sentence of death,
,,Male,Female
White,,"1,738",42
,Hispanic,346,4
Black,,"1,302",15
,Hispanic,10,0
All other races*,,73,3
,Hispanic,14,2
"*Includes American Indians, Alaska Natives, Asians, Native Hawaiians, and other Pacific Islanders.",,,
