Bureau of Justice Statistics,,,,,,,,,,,,,,,,
Filename: cp09st06.csv,,,,,,,,,,,,,,,,
"Table 6. Women under sentence of death, by region, jurisdiction, and race, 2008 and 2009",,,,,,,,,,,,,,,,
"Report title: Capital Punishment, 2009 - Statistical Tables NCJ 231676",,,,,,,,,,,,,,,,
Data source: National Prisoner Statistics (NPS-8),,,,,,,,,,,,,,,,
Authors: Tracy L. Snell,,,,,,,,,,,,,,,,
Refer questions to: askbjs@usdoj.gov (202) 307-0765,,,,,,,,,,,,,,,,
Date of version: 12/02/10,,,,,,,,,,,,,,,,
,,,,,,,,,,,,,,,,
"Table 6. Women under sentence of death, by region, jurisdiction, and race, 2008 and 2009",,,,,,,,,,,,,,,,
Region and jurisdiction,,"Under sentence of death, 12/31/08",,,,"Received under sentence of death, 2009",,,,"Removed from death row, 2009",,,,"Under sentence of death, 12/31/09",,
,,Total/a,White/b,Black/b,,Total/a,White/b,Black/b,,Total/a,White/b,Black/b,,Total/a,White/b,Black/b
,U.S. total,58,40,15,,2,2,0,,0,0,0,,60,42,15
,Federal,2,2,0,,0,0,0,,0,0,0,,2,2,0
,State,56,38,15,,2,2,0,,0,0,0,,58,40,15
Northeast,,5,2,3,,0,0,0,,0,0,0,,5,2,3
,Pennsylvania,5,2,3,,0,0,0,,0,0,0,,5,2,3
Midwest,,2,1,1,,0,0,0,,0,0,0,,2,1,1
,Indiana,1,0,1,,0,0,0,,0,0,0,,1,0,1
,Ohio,1,1,0,,0,0,0,,0,0,0,,1,1,0
South,,31,21,9,,1,1,0,,0,0,0,,32,22,9
,Alabama,4,2,2,,1,1,0,,0,0,0,,5,3,2
,Florida,1,1,0,,0,0,0,,0,0,0,,1,1,0
,Georgia,1,1,0,,0,0,0,,0,0,0,,1,1,0
,Kentucky,1,1,0,,0,0,0,,0,0,0,,1,1,0
,Louisiana,2,1,1,,0,0,0,,0,0,0,,2,1,1
,Mississippi,3,3,0,,0,0,0,,0,0,0,,3,3,0
,North Carolina,5,2,2,,0,0,0,,0,0,0,,5,2,2
,Oklahoma,1,1,0,,0,0,0,,0,0,0,,1,1,0
,Tennessee,2,2,0,,0,0,0,,0,0,0,,2,2,0
,Texas,10,6,4,,0,0,0,,0,0,0,,10,6,4
,Virginia,1,1,0,,0,0,0,,0,0,0,,1,1,0
West,,18,14,2,,1,1,0,,0,0,0,,19,15,2
,Arizona,2,2,0,,0,0,0,,0,0,0,,2,2,0
,California,15,11,2,,1,1,0,,0,0,0,,16,12,2
,Idaho,1,1,0,,0,0,0,,0,0,0,,1,1,0
Note: No women were removed from under sentence of death during 2009.,,,,,,,,,,,,,,,,
"a/Includes American Indians, Alaska Natives, Asians, Native Hawaiians, and other Pacific Islanders.",,,,,,,,,,,,,,,,
"b/The reporting of race and Hispanic origin differs from that presented in other tables in this document. In this table, counts of white and black inmates include persons of Hispanic/Latino origin.",,,,,,,,,,,,,,,,
