Bureau of Justice Statistics,,,,,,
Filename: cp09st02.csv,,,,,,
"Table 2. Method of execution, by state, 2009",,,,,,
"Report title: Capital Punishment, 2009 - Statistical Tables NCJ 231676",,,,,,
Data source: National Prisoner Statistics (NPS-8),,,,,,
Authors: Tracy L. Snell,,,,,,
Refer questions to: askbjs@usdoj.gov (202) 307-0765,,,,,,
Date of version: 12/02/10,,,,,,
,,,,,,
"Table 2. Method of execution, by state, 2009",,,,,,
State,,Lethal injection   ,Electrocution,Lethal gas   ,Hanging,Firing squad
,Total,36,9,4,3,2
Alabama,,X,X,,,
Arizona/a,,X,,X,,
Arkansas/b,,X,X,,,
California,,X,,X,,
Colorado,,X,,,,
Connecticut,,X,,,,
Delaware/c,,X,,,X,
Florida,,X,X,,,
Georgia,,X,,,,
Idaho,,X,,,,
Illinois/d,,X,X,,,
Indiana,,X,,,,
Kansas,,X,,,,
Kentucky/e,,X,X,,,
Louisiana,,X,,,,
Maryland,,X,,,,
Mississippi,,X,,,,
Missouri,,X,,X,,
Montana,,X,,,,
Nebraska,,X,,,,
Nevada,,X,,,,
New Hampshire/f,,X,,,X,
New York,,X,,,,
North Carolina,,X,,,,
Ohio,,X,,,,
Oklahoma/g,,X,X,,,X
Oregon,,X,,,,
Pennsylvania,,X,,,,
South Carolina,,X,X,,,
South Dakota,,X,,,,
Tennessee/h,,X,X,,,
Texas,,X,,,,
Utah/i,,X,,,,X
Virginia,,X,X,,,
Washington,,X,,,X,
Wyoming/j,,X,,X,,
"Note: The method of execution of federal prisoners is lethal injection, pursuant to 28 CFR, Part 26. For offenses prosecuted under the Violent Crime Control and Law Enforcement Act of 1994, the execution method is that of the state in which the conviction took place (18 U.S.C. 3596).",,,,,,
"a/Authorizes lethal injection for persons sentenced after November 15, 1992; inmates sentenced before that date may select lethal injection or gas.",,,,,,
"b/Authorizes lethal injection for those whose offense occurred on or after July 4, 1983; inmates whose offense occurred before that data may select lethal injection or electrocution.",,,,,,
"c/Authorizes lethal injection for those whose capital offense occurred on or after June 13, 1986; those who committed the offense before that date may select lethal injection or hanging.",,,,,,
d/Authorizes electrocution only if lethal injection is held illegal or unconstitutional.,,,,,,
"e/Authorizes lethal injection for persons sentenced on or after March 31, 1998; inmates sentenced before that data may select lethal injection or electrocution.",,,,,,
f/Authorizes hanging only if lethal injection cannot be given.,,,,,,
"g/Authorizes electrocution if lethal injection is held to be unconstitutional, and firing squad if both lethal injection and electrocution are held to be unconstitutional.",,,,,,
"h/Authorizes lethal injection for those whose capital offense occurred after December 31, 1998; those who committed the offense before that date may select electrocution by written waiver.",,,,,,
"i/Authorizes firing squad if lethal injection is held unconstitutional. Inmates who selected execution by firing squad prior to May 3, 2004, may still be entitled to execution by that method.",,,,,,
j/Authorizes lethal gas if lethal injection is held to be unconstitutional.,,,,,,
