Bureau of Justice Statistics,,,,,,,,,
Filename: cp09st14.csv,,,,,,,,,
"Table 14. Executions and other dispositions of inmates sentenced to death, by race and Hispanic origin, 1977-2009",,,,,,,,,
"Report title: Capital Punishment, 2009 - Statistical Tables NCJ 231676",,,,,,,,,
Data source: National Prisoner Statistics (NPS-8),,,,,,,,,
Authors: Tracy L. Snell,,,,,,,,,
Refer questions to: askbjs@usdoj.gov (202) 307-0765,,,,,,,,,
Date of version: 12/02/10,,,,,,,,,
,,,,,,,,,
"Table 14. Executions and other dispositions of inmates sentenced to death, by race and Hispanic origin, 1977-2009",,,,,,,,,
,,,,Prisoners executed ,,,Prisoners who received other dispositions/a ,,
Race/Hispanic origin,,Total under sentence of death 1977-2009/b,,Number  ,"  Percent
  of total",,Number,"  Percent
  of total",
,Total,"7,773",,"1,188",15.3,%,"3,412",43.9,%
White/c,,"3,774",,672,17.8,,"1,672",44.3,
Black/c,,"3,184",,411,12.9,,"1,466",46,
Hispanic,,694,,91,13.1,,227,32.7,
"All other races/c,d",,121,,14,11.6,,47,38.8,
"Note: In 1972, the U.S. Supreme Court invalidated capital punishment statutes in several states (Furman v. Georgia, 408 U.S. 238 (1972)), effecting a moratorium on executions. Executions resumed in 1977 when the Supreme Court found that revisions to several state statutes had effectively addressed the issues previously held unconstitutional (Gregg v. Georgia, 428 U.S. 153 (1976) and its companion cases).",,,,,,,,,
"a/Includes persons removed from a sentence of death because of statutes struck down on appeal, sentences or convictions vacated, commutations, or death by other than execution. ",,,,,,,,,
"b/Includes 6 persons sentenced to death prior to 1977 who were still under sentence of death on December 31, 2009; 374 persons sentenced to death prior to 1977 whose death sentence was removed between 1977 and December 31, 2009; and 7,393 persons sentenced to death between 1977 and 2009.",,,,,,,,,
c/Excludes persons of Hispanic/Latino origin.,,,,,,,,,
"d/Includes American Indians, Alaska Natives, Asians, Native Hawaiians, and other Pacific Islanders.",,,,,,,,,
