Bureau of Justice Statistics,,,,,,,,
Filename: cp09st11.csv,,,,,,,,
"Table 11. Inmates removed from under sentence of death, by juridiction and method of removal, 2009",,,,,,,,
"Report title: Capital Punishment, 2009 - Statistical Tables NCJ 231676",,,,,,,,
Data source: National Prisoner Statistics (NPS-8),,,,,,,,
Authors: Tracy L. Snell,,,,,,,,
Refer questions to: askbjs@usdoj.gov (202) 307-0765,,,,,,,,
Date of version: 12/02/10,,,,,,,,
,,,,,,,,
"Table 11. Inmates removed from under sentence of death, by juridiction and method of removal, 2009",,,,,,,,
,,"Inmates removed from under sentence of death, 2009",,,,,,
,,,,,Appeals or higher courts overturned:,,,
Region and jurisdiction,,Total,Execution,Other death,Capital statute ,Conviction,Sentence,Sentence commuted
U.S. total,,149,52,27,4,22,42,2
Northeast,,13,0,2,0,2,9,0
,Pennsylvania,13,0,2,0,2,9,0
Midwest,,16,7,0,0,1,7,1
,Indiana,2,1,0,0,0,1,0
,Missouri,1,1,0,0,0,0,0
,Ohio,12,5,0,0,1,5,1
,South Dakota,1,0,0,0,0,1,0
South,,101,45,14,2,18,21,1
,Alabama,14,6,5,0,1,2,0
,Arkansas,1,0,0,1,0,0,0
,Delaware,2,0,0,1,1,0,0
,Florida,17,2,5,0,5,5,0
,Georgia,6,3,2,0,1,0,0
,Kentucky,1,0,1,0,0,0,0
,Louisiana,4,0,0,0,3,1,0
,Mississippi,2,0,0,0,0,2,0
,North Carolina,4,0,0,0,0,4,0
,Oklahoma,7,3,0,0,3,1,0
,South Carolina,5,2,0,0,1,2,0
,Tennessee,2,2,0,0,0,0,0
,Texas,33,24,1,0,3,4,1
,Virginia,3,3,0,0,0,0,0
West,,19,0,11,2,1,5,0
,Arizona,1,0,0,0,0,1,0
,California,13,0,9,0,1,3,0
,Nevada,2,0,1,0,0,1,0
,Oregon,3,0,1,2,0,0,0
