Bureau of Justice Statistics,,,,,,,
Filename: cp09st16.csv,,,,,,,
"Table 16. Number of executions, by jurisdiction and method, 1977-2009",,,,,,,
"Report title: Capital Punishment, 2009 - Statistical Tables NCJ 231676",,,,,,,
Data source: National Prisoner Statistics (NPS-8),,,,,,,
Authors: Tracy L. Snell,,,,,,,
Refer questions to: askbjs@usdoj.gov (202) 307-0765,,,,,,,
Date of version: 12/02/10,,,,,,,
,,,,,,,
"Table 16. Number of executions, by jurisdiction and method, 1977-2009",,,,,,,
,,,Method of execution,,,,
Jurisdiction,,Number executed,Lethal injection,Electrocution,Lethal gas,Hanging,Firing squad
U.S. total,,"1,188","1,016",156,11,3,2
,Federal,3,3,0,0,0,0
,Alabama,44,20,24,0,0,0
,Arizona,23,21,0,2,0,0
,Arkansas,27,26,1,0,0,0
,California,13,11,0,2,0,0
,Colorado,1,1,0,0,0,0
,Connecticut,1,1,0,0,0,0
,Delaware,14,13,0,0,1,0
,Florida,68,24,44,0,0,0
,Georgia,46,23,23,0,0,0
,Idaho,1,1,0,0,0,0
,Illinois,12,12,0,0,0,0
,Indiana,20,17,3,0,0,0
,Kentucky,3,2,1,0,0,0
,Louisiana,27,7,20,0,0,0
,Maryland,5,5,0,0,0,0
,Mississippi,10,6,0,4,0,0
,Missouri,67,67,0,0,0,0
,Montana,3,3,0,0,0,0
,Nebraska,3,0,3,0,0,0
,Nevada,12,11,0,1,0,0
,New Mexico,1,1,0,0,0,0
,North Carolina,43,41,0,2,0,0
,Ohio,33,33,0,0,0,0
,Oklahoma,91,91,0,0,0,0
,Oregon,2,2,0,0,0,0
,Pennsylvania,3,3,0,0,0,0
,South Carolina,42,35,7,0,0,0
,South Dakota,1,1,0,0,0,0
,Tennessee,6,5,1,0,0,0
,Texas,447,447,0,0,0,0
,Utah,6,4,0,0,0,2
,Virginia,105,76,29,0,0,0
,Washington,4,2,0,0,2,0
,Wyoming,1,1,0,0,0,0
"Note: In 1972, the U.S. Supreme Court invalidated capital punishment statutes in several states (Furman v. Georgia, 408 U.S. 238 (1972)), effecting a moratorium on executions. Executions resumed in 1977 when the Supreme Court found that revisions to several state statutes had effectively addressed the issues previously held unconstitutional (Gregg v. Georgia, 428 U.S. 153 (1976) and its companion cases).",,,,,,,
