Bureau of Justice Statistics,,,,,,
Filename: cp09st09.csv,,,,,,
"Table 9. Elapsed time since sentencing for inmates under sentence of death, by sex, race, and Hispanic origin, December 31, 2009",,,,,,
"Report title: Capital Punishment, 2009 - Statistical Tables NCJ 231676",,,,,,
Data source: National Prisoner Statistics (NPS-8),,,,,,
Authors: Tracy L. Snell,,,,,,
Refer questions to: askbjs@usdoj.gov (202) 307-0765,,,,,,
Date of version: 12/02/10,,,,,,
,,,,,,
"Table 9. Elapsed time since sentencing for inmates under sentence of death, by sex, race, and Hispanic origin, December 31, 2009",,,,,,
,,Elapsed time since sentencing,,,,
"Inmates under
sentence of death",,Mean,,Median,,
,Total,152, mo,146, mo,
Male,,153,,147,,
Female,,118,,115,,
White*,,155,,150,,
Black*,,155,,151,,
Hispanic,,133,,129,,
"Note: For those persons sentenced to death more than once, the data are based on the most recent death sentence.",,,,,,
*Excludes persons of Hispanic/Latino origin.,,,,,,
