Bureau of Justice Statistics,,,
Filename: cpus13f03.csv,,,
"Figure 3. Percent of females supervised by adult correctional systems, by correctional status, 2000, 2010, and 2013",,,
"Report title: Correctional Populations in the United States, 2013 NCJ 248479",,,
"Data Source: Bureau of Justice Statistics, Annual Surveys of Probation and Parole, Deaths in Custody Reporting Program - Annual Summary on Inmates under Jail Jurisdiction, and National Prisoner Statistics Program, 2013. The adult resident population estimates are based on unpublished U.S. adult state resident populations on January 1, 2014.",,,
"Author: Lauren E. Glaze, Danielle Kaeble",,,
Refer questions to: askbjs@usdoj.gov   202-307-0765,,,
Date of version: 12/19/2014,,,
,,,
"Figure 3. Percent of females supervised by adult correctional systems, by correctional status, 2000, 2010, and 2013",,,
,2000,2010,2013
Total correctional population/a,16.7,17.8,18.2
Probation,21.8,24,24.6
Parole ,12.4,12.3,12
Local jail,11.4,12.3,14
Prison ,6.7,7,7.1
"Note: Estimates of probationers, parolees, and prisoners are for December 31; estimates of local jail inmates are for the last weekday of June. Includes estimates for nonresponding jurisdictions. See Methodology.",,,
*Total was adjusted to account for offenders with multiple correctional statuses. See Methodology.,,,
"Source: Bureau of Justice Statistics, Annual Surveys of Probation and Parole, Annual Survey of Jails, and National Prisoner Statistics Program, 2000, 2010, and 2013.",,,
