Bureau of Justice Statistics,,,,,,,,,,,,,,,,,,,,,
Filename: cpus13t05.csv,,,,,,,,,,,,,,,,,,,,,
"Table 5. Estimated number of persons supervised by adult correctional systems and change in the population, by sex and correctional status, 2000, 2010, and 2013",,,,,,,,,,,,,,,,,,,,,
"Report title: Correctional Populations in the United States, 2013 NCJ 248479",,,,,,,,,,,,,,,,,,,,,
"Data Source: Bureau of Justice Statistics, Annual Surveys of Probation and Parole, Annual Survey of Jails, and National Prisoner Statistics Program, 2000, 2010, and 2013.",,,,,,,,,,,,,,,,,,,,,
"Author: Lauren E. Glaze, Danielle Kaeble",,,,,,,,,,,,,,,,,,,,,
Refer questions to: askbjs@usdoj.gov   202-307-0765,,,,,,,,,,,,,,,,,,,,,
Date of version: 12/19/2014,,,,,,,,,,,,,,,,,,,,,
,,,,,,,,,,,,,,,,,,,,,
"Table 5. Estimated number of persons supervised by adult correctional systems and change in the population, by sex and correctional status, 2000, 2010, and 2013",,,,,,,,,,,,,,,,,,,,,
,,Total correctional population*,,,,Probation,,,,Parole,,,,Local jail,,,,Prison,,,
,,Males,,Females,,Males,,Females,,Males,,Females,,Males,,Females,,Males,,Females,
2000,,"5,389,600",,"1,078,400",,"3,003,300",,"836,200",,"635,800",,"89,700",,"550,200",,"71,000",,"1,301,000",,"93,200",
2010,,"5,824,400",,"1,264,100",,"3,081,000",,"974,500",,"737,300",,"103,400",,"656,400",,"92,400",,"1,500,900",,"112,900",
2013,,"5,642,700",,"1,256,300",,"2,948,500",,"962,100",,"751,000",,"102,200",,"628,900",,"102,400",,"1,463,500",,"111,300",
"Percent change, 2000�2010",,,,,,,,,,,,,,,,,,,,,
,Total,8.1,%,17.2,%,2.6,%,16.5,%,16,%,15.3,%,19.3,%,30.1,%,15.4,%,21.1,%
,Average annual,0.8,,1.6,,0.3,,1.5,,1.5,,1.4,,1.8,,2.6,,1.4,,1.9,
"Percent change, 2010�2013",,,,,,,,,,,,,,,,,,,,,
,Total,-3.1,%,-0.6,%,-4.3,%,-1.3,%,1.9,%,-1.2,%,-4.2,%,10.8,%,-2.5,%,-1.4,%
,Average annual,-1.1,,-0.2,,-1.5,,-0.4,,0.6,,-0.4,,-1.4,,3.4,,-0.8,,-0.5,
"Note: Estimates of probationers, parolees, and prisoners are for December 31; estimates of local jail inmates are for the last weekday in June. Counts were rounded to nearest 100 and include estimates for nonresponding jurisdictions. Detail may not sum to total due rounding and adjustments made to account for persons with multiple correctional statuses. See Methodology.",,,,,,,,,,,,,,,,,,,,,
*Total was adjusted to account for offenders with multiple correctional statuses. See Methodology.,,,,,,,,,,,,,,,,,,,,,
"Source: Bureau of Justice Statistics, Annual Surveys of Probation and Parole, Annual Survey of Jails, and National Prisoner Statistics Program, 2000, 2010, and 2013.",,,,,,,,,,,,,,,,,,,,,
