Bureau of Justice Statistics,,,,,,
Filename: fdcda1617stt01.csv,,,,,,
"Table 1. Number of deaths, by type of death and federal agency, FY 2016 and FY 2017",,,,,,
"Report title: Federal Deaths in Custody and During Arrest, 2016-2017 � Statistical Tables  NCJ 252838",,,,,,
"Data Source: Bureau of Justice Statistics, Federal Law Enforcement Agency Deaths in Custody Reporting Program, fiscal years 2016 and 2017",,,,,,
"Authors: Connor Brooks and Kevin M. Scott, Ph.D., BJS Statisticians, and Anthony Whyde, former BJS Statistician",,,,,,
Refer questions to: askbjs@usdoj.gov 202-307-0765,,,,,,
Date of version: 12/29/2020,,,,,,
,,,,,,
"Table 1. Number of deaths, by type of death and federal agency, FY 2016 and FY 2017",,,,,,
,,2016,,,2017,
,,Arrest-related deaths,Deaths in custody,,Arrest-related deaths,Deaths in custody
,Total deaths,51,468,,41,429
Department of Homeland Security,,,,,,
,Coast Guard,1,0,,0,0
,Customs and Border Protection,10,0,,4,3
,Immigration and Customs Enforcement,0,10,,0,12
Department of the Interior,,,,,,
,Bureau of Indian Affairs/a,4,1,,4,1
,National Park Service Rangers,0,0,,1,0
Department of Justice,,,,,,
,"Bureau of Alcohol, Tobacco, Firearms and Explosives/b",1,0,,2,0
,Drug Enforcement Administration,1,0,,5,0
,Federal Bureau of Investigation/c,9,0,,7,0
,Federal Bureau of Prisons/d,~,412,,~,391
,U.S. Marshals Service/e,25,45,,16,22
Amtrak Police,,0,0,,1,0
U.S. Capitol Police,,0,0,,1,0
~Not applicable. Agency did not report having any arrest functions.,,,,,,
a/Includes one arrest-related death in fiscal year (FY) 2016 also reported by the Federal Bureau of Prisons (BOP). This is counted only in the Bureau of Indian Affairs total. ,,,,,,
"b/Includes one arrest-related death in FY 2016 also reported by the U.S. Marshals Service. This is counted only in the Bureau of Alcohol, Tobacco, Firearms and Explosives total.",,,,,,
c/Includes one arrest-related death in FY 2016 also reported by the U.S. Marshals Service. This is counted only in the Federal Bureau of Investigation (FBI) total.,,,,,,
d/Includes 13 deaths in custody in FY 2016 and 4 in FY 2017 also reported by the U.S. Marshals Service. These are counted only in the BOP totals.,,,,,,
e/Includes one arrest-related death in FY 2016 also reported by the FBI and one death in custody in FY 2016 also reported by the U.S. Postal Inspection Service. These are counted only in the U.S. Marshals Service total.,,,,,,
"Source: Bureau of Justice Statistics, Federal Law Enforcement Agency Deaths in Custody Reporting Program, fiscal years 2016 and 2017.",,,,,,
