Bureau of Justice Statistics,,,,,,,,,,,,,
Filename: fdcda1617stt07.csv,,,,,,,,,,,,,
"Table 7. Law enforcement use of weapons and response during arrest-related deaths, FY 2016 and 2017",,,,,,,,,,,,,
"Report title: Federal Deaths in Custody and During Arrest, 2016-2017 � Statistical Tables  NCJ 252838",,,,,,,,,,,,,
"Data Source: Bureau of Justice Statistics, Federal Law Enforcement Agency Deaths in Custody Reporting Program, fiscal years 2016 and 2017",,,,,,,,,,,,,
"Authors: Connor Brooks and Kevin M. Scott, Ph.D., BJS Statisticians, and Anthony Whyde, former BJS Statistician",,,,,,,,,,,,,
Refer questions to: askbjs@usdoj.gov 202-307-0765,,,,,,,,,,,,,
Date of version: 12/29/2020,,,,,,,,,,,,,
,,,,,,,,,,,,,
"Table 7. Law enforcement use of weapons and response during arrest-related deaths, FY 2016 and 2017",,,,,,,,,,,,,
,,,Total,,,,2016,,,,2017,,
,,,Number,Percent/a,,,Number,Percent/a,,,Number,Percent/a,
,Total arrest-related deaths,,92,100,%,,51,100,%,,41,100,%
Officer used a weapon,,,,,,,,,,,,,
,"Yes/b,c",,53,60.9,%,,27,58.7,%,,26,63.4,%
,,Firearm/d,47,88.7,,,24,88.9,,,23,88.5,
,,Hands/feet/fists,3,5.7,,,3,11.1,,,0,0,
,,Baton/blunt instrument,2,3.8,,,1,3.7,,,1,3.8,
,,Explosive device,2,3.8,,,0,0,,,2,7.7,
,,Pepper/OC spray,1,1.9,,,0,0,,,1,3.8,
,,Other,3,5.7,,,1,3.7,,,2,7.7,
,No,,34,39.1,,,19,41.3,,,15,36.6,
,Unknown/missing/e,,5,~,,,5,~,,,0,~,
Agencies that responded to incident/d,,,,,,,,,,,,,
,1,,9,11.7,%,,7,17.9,%,,2,5.3,%
,2 or more,,68,88.3,,,32,82.1,,,36,94.7,
,Unknown/unavailable pending investigation,,15,~,,,12,~,,,3,~,
~Excluded from percentage calculations. ,,,,,,,,,,,,,
a/Percentages are calculated using deaths with valid information. Percentages may not sum to 100% due to rounding. ,,,,,,,,,,,,,
"b/Details may not sum to totals because respondents could select more than one response per incident. No respondents reported that officers used a conducted-energy weapon (e.g., a Taser or stun gun).",,,,,,,,,,,,,
c/Percentages are based on the number of incidents in which law enforcement used any weapon.,,,,,,,,,,,,,
d/Counts of officers who discharged a firearm in 2017 are adjusted for conflicting responses where an agency indicated that no officers discharged a firearm in question 15  but that at least one officer did in question 16.,,,,,,,,,,,,,
e/Includes deaths where the investigation was pending at the time of the data collection.,,,,,,,,,,,,,
"Source: Bureau of Justice Statistics, Federal Law Enforcement Agency Deaths in Custody Reporting Program, fiscal years 2016 and 2017.",,,,,,,,,,,,,
