Bureau of Justice Statistics,,,,,,,,,,,
Filename: fdcda1617stf01.csv,,,,,,,,,,,
"Figure 1. Percent of deaths, by type and manner of death, FY 2016 and FY 2017",,,,,,,,,,,
"Report title: Federal Deaths in Custody and During Arrest, 2016-2017 � Statistical Tables  NCJ 252838",,,,,,,,,,,
"Data Source: Bureau of Justice Statistics, Federal Law Enforcement Agency Deaths in Custody Reporting Program, fiscal years 2016 and 2017",,,,,,,,,,,
"Authors: Connor Brooks and Kevin M. Scott, Ph.D., BJS Statisticians, and Anthony Whyde, former BJS Statistician",,,,,,,,,,,
Refer questions to: askbjs@usdoj.gov 202-307-0765,,,,,,,,,,,
Date of version: 12/29/2020,,,,,,,,,,,
,,,,,,,,,,,
"Figure 1. Percent of deaths, by type and manner of death, FY 2016 and FY 2017",,,,,,,,,,,
,Homicide*,,,Suicide,,,Accident,,,Illness,
Arrest-related deaths,46.6,%,,42,%,,4.5,%,,6.8,%
Deaths in custody,3.2,%,,6.7,%,,3.3,%,,86.4,%
Note: See appendix table 1 for counts and percentages.,,,,,,,,,,,
*Homicide is the willful killing of one person by another and includes justifiable homicide by a law enforcement officer.,,,,,,,,,,,
"Source: Bureau of Justice Statistics, Federal Law Enforcement Agency Deaths in Custody Reporting Program, fiscal years 2016 and 2017.",,,,,,,,,,,
