Bureau of Justice Statistics,,,,,,,,,,,,
Filename: fdcda1617stt04.csv,,,,,,,,,,,,
"Table 4. Arrest-related deaths, by reason for law enforcement contact and alleged decedent offense, FY 2016 and FY 2017",,,,,,,,,,,,
"Report title: Federal Deaths in Custody and During Arrest, 2016-2017 � Statistical Tables  NCJ 252838",,,,,,,,,,,,
"Data Source: Bureau of Justice Statistics, Federal Law Enforcement Agency Deaths in Custody Reporting Program, fiscal years 2016 and 2017",,,,,,,,,,,,
"Authors: Connor Brooks and Kevin M. Scott, Ph.D., BJS Statisticians, and Anthony Whyde, former BJS Statistician",,,,,,,,,,,,
Refer questions to: askbjs@usdoj.gov 202-307-0765,,,,,,,,,,,,
Date of version: 12/29/2020,,,,,,,,,,,,
,,,,,,,,,,,,
"Table 4. Arrest-related deaths, by reason for law enforcement contact and alleged decedent offense, FY 2016 and FY 2017",,,,,,,,,,,,
,,Total,,,,2016,,,,2017,,
,,Number,Percent/a,,,Number,Percent/a,,,Number,Percent/a,
,Total arrest-related deaths,92,100,%,,51,100,%,,41,100,%
Reason for initial officer contact with decedent,,,,,,,,,,,,
,Service of warrant,47,54.7,%,,30,63.8,%,,17,43.6,%
,General law enforcement response/patrol,18,20.9,,,13,27.7,,,5,12.8,
,Criminal investigation,15,17.4,,,2,4.3,,,13,33.3,
,Inspection,2,2.3,,,1,2.1,,,1,2.6,
,Detention/transport to detention,1,1.2,,,1,2.1,,,0,0,
,Other,3,3.5,,,0,0,,,3,7.7,
,Unknown/missing/b,6,~,,,4,~,,,2,~,
Decedent�s most serious alleged offense/c,,,,,,,,,,,,
,Violent,24,43.6,%,,6,26.1,%,,18,56.3,%
,Property/d,1,1.8,,,1,4.3,,,0,0,
,Drugs,8,14.5,,,3,13,,,5,15.6,
,Weapons,7,12.7,,,2,8.7,,,5,15.6,
,Public order,7,12.7,,,4,17.4,,,3,9.4,
,Immigration violation,8,14.5,,,7,30.4,,,1,3.1,
,Unknown/missing/b,1,~,,,0,~,,,1,~,
Note: No respondents reported court operations or security and protection as a reason for initial officer contact with the decedent.,,,,,,,,,,,,
~Excluded from percentage calculations.,,,,,,,,,,,,
a/Percentages are calculated using deaths with valid information. Percentages may not sum to 100% due to rounding. ,,,,,,,,,,,,
b/Includes deaths where the investigation was pending at the time of the data collection.,,,,,,,,,,,,
c/Percentages are based on the number of decedents who allegedly committed an offense in the events leading up to their death.,,,,,,,,,,,,
"d/Includes burglary, larceny, fraud, and other property offenses.",,,,,,,,,,,,
"Source: Bureau of Justice Statistics, Federal Law Enforcement Agency Deaths in Custody Reporting Program, fiscal years 2016 and 2017.",,,,,,,,,,,,
