"Bureau of Justice Statistics",,,,,,,,,,,,,
"filename:  cv0018.csv",,,,,,,,,,,,,
"Table 18: Number of victimizations and victimization rates on the basis of thefts",,,,,,,,,,,,,
"per 1,000 households and of thefts per 1,000 vehicles owned,",,,,,,,,,,,,,
"by selected household characteristics",,,,,,,,,,,,,
"data source: National Criminal Victimization Survey, 2000   NCJ 188290",,,,,,,,,,,,,
"produced by:  Cathy Maston ",,,,,,,,,,,,,
"authors:  Patsy Klaus and Cathy Maston",,,,,,,,,,,,,
"refer questions to:  askbjs@ojp.usdoj.gov     202-307-0765",,,,,,,,,,,,,
"date of version: 07/13/01",,,,,,,,,,,,,
,,,,,,,,,,,,,
,,,,,,,,,,,,,
"Table 18. Motor vehicle theft, 2000:",,,,,,,,,,,,,
,,,,,,,,,,,,,
"Number of victimizations and victimization rates on the basis of thefts",,,,,,,,,,,,,
"per 1,000 households and of thefts per 1,000 vehicles owned,",,,,,,,,,,,,,
"by selected household characteristics",,,,,,,,,,,,,
,,,,,,,,,,,,,
,,,,,,,,"                   Based on vehicles owned",,,,,
"                                                                                                           ",,"                      Based on households",,,,,,"Number of",,,,,
,,"Number of",,"Number of ",,"Rate per",,"vehicles",,"Number of ",,"Rate per",
"Characteristic",,"households",,"thefts",,"1,000",,"owned",,"thefts",,"1,000",
,,,,,,,,,,,,,
"Race of head of household",,,,,,,,,,,,,
"   All races",,108352960,,937050,,8.6,,200213050,,1006630,,5.0,
"      White",,90887030,,717650,,7.9,,174830410,,770780,,4.4,
"      Black",,13537890,,178650,,13.2,,18580020,,191010,,10.3,
"      Other",,3928040,,40760,,10.4,,6802630,,44830,,6.6,
"                                                                                                           ",,,,,,,,,,,,,
"Age of head of household",,,,,,,,,,,,,
"   12-19",,1025230,,17570,"*",17.1,"*",1430780,,17570,"*",12.3,"*"
"   20-34",,25250310,,354920,,14.1,,43420750,,389400,,9.0,
"   35-49",,36110140,,324070,,9.0,,74324830,,354140,,4.8,
"   50-64",,24122850,,161020,,6.7,,50485930,,166060,,3.3,
"   65 and over",,21844420,,79470,,3.6,,30550760,,79470,,2.6,
"                                                                                                           ",,,,,,,,,,,,,
"Form of tenure",,,,,,,,,,,,,
"   Owned or being bought",,72660440,,486840,,6.7,,153274540,,527000,,3.4,
"   Rented",,35692510,,450210,,12.6,,46938510,,479630,,10.2,
,,,,,,,,,,,,,
"Locality of residence",,,,,,,,,,,,,
"   Urban",,31742790,,416080,,13.1,,47740570,,436530,,9.1,
"   Suburban",,49919960,,404290,,8.1,,98730280,,446830,,4.5,
"   Rural",,26690210,,116680,,4.4,,53742210,,123270,,2.3,
,,,,,,,,,,,,,
"Note: Detail may not add to total shown because of rounding.",,,,,,,,,,,,,
"The number of thefts based on vehicles owned is equal to or higher than the corresponding figure based on",,,,,,,,,,,,,
"households because the former includes all completed or attempted vehicle thefts, regardless of the final",,,,,,,,,,,,,
"classification of the event; personal crimes of contact and burglary occurring in conjunction with motor vehicle thefts",,,,,,,,,,,,,
"take precedence in determining the final classification based on the number of households.",,,,,,,,,,,,,
"The term ""Urban"" is used to denote ""Central cities.""",,,,,,,,,,,,,
"The term ""Suburban"" is used to denote ""Outside central cities.""",,,,,,,,,,,,,
"The term ""Rural"" is used to denote ""Nonmetropolitan areas.""",,,,,,,,,,,,,
"*Estimate is based on about 10 or fewer sample cases.",,,,,,,,,,,,,
