"Bureau of Justice Statistics",,,,,,,,,
"filename:  cv0011.csv",,,,,,,,,
"Table 11: Victimization rates for persons age 12 and over,",,,,,,,,,
"by type of crime and marital status of victims",,,,,,,,,
"data source: National Criminal Victimization Survey, 2000   NCJ 188290",,,,,,,,,
"produced by:  Cathy Maston ",,,,,,,,,
"authors:  Patsy Klaus and Cathy Maston",,,,,,,,,
"refer questions to:  askbjs@ojp.usdoj.gov     202-307-0765",,,,,,,,,
"date of version: 07/13/01",,,,,,,,,
,,,,,,,,,
,,,,,,,,,
"Table 11. Personal crimes, 2000:",,,,,,,,,
,,,,,,,,,
"Victimization rates for persons age 12 and over,",,,,,,,,,
"by type of crime and marital status of victims",,,,,,,,,
"                                                                                                       ",,,,,,,,,
,,"                               Rate per 1,000 persons age 12 and over",,,,,,,
"                                                                                                       ",,"        Never ",,,,,,"     Divorced or",
"Type of crime",,"        married",,"           Married",,"         Widowed",,"     separated",
,,,,,,,,,
,,,,,,,,,
"All personal crimes",,53.7,,13.3,,9.4,,43.6,
,,,,,,,,,
"Crimes of violence",,51.4,,12.8,,8.1,,42.2,
"   Completed violence",,17.8,,3.2,,2.6,,15.0,
"   Attempted/threatened violence",,33.6,,9.6,,5.5,,27.2,
"   Rape/Sexual assault",,2.6,,0.1,"*",0.2,"*",2.3,
"      Rape/Attempted rape",,1.5,,0.1,"*","0.0 ","*",1.5,
"         Rape",,0.9,,"0.0 ","*","0.0 ","*",1.1,
"         Attempted rape/a",,0.6,,"0.0 ","*","0.0 ","*",0.4,"*"
"      Sexual assault/b",,1.1,,0.1,"*",0.2,"*",0.8,"*"
"   Robbery",,5.7,,1.8,,1.3,"*",3.8,
"      Completed/property taken",,4.0,,1.4,,0.9,"*",2.5,
"         With injury",,1.1,,0.5,,0.3,"*",0.9,"*"
"         Without injury",,2.9,,0.9,,0.6,"*",1.5,
"      Attempted to take property",,1.7,,0.4,,0.4,"*",1.3,
"         With injury",,0.5,,0.1,"*",0.3,"*",0.6,"*"
"         Without injury",,1.2,,0.3,,0.1,"*",0.8,"*"
"   Assault",,43.0,,10.8,,6.6,,36.2,
"      Aggravated",,10.7,,2.6,,2.3,,7.8,
"         With injury",,3.0,,0.5,,0.6,"*",2.6,
"         Threatened with weapon",,7.7,,2.1,,1.7,"*",5.2,
"      Simple",,32.3,,8.2,,4.3,,28.3,
"         With minor injury",,9.0,,1.2,,0.9,"*",8.0,
"         Without injury",,23.4,,7.1,,3.3,,20.3,
"  Purse snatching/Pocket picking",,2.3,,0.5,,1.3,"*",1.3,
"                                                                                          ",,,,,,,,,
"Population age 12 and over",,71391530,,116032860,,13657920,,24406470,
,,,,,,,,,
"Note: Detail may not add to total shown because of rounding.",,,,,,,,,
"Excludes data on persons whose marital status was not ascertained.",,,,,,,,,
"*Estimate is based on about 10 or fewer sample cases.",,,,,,,,,
"a/Includes verbal threats of rape.",,,,,,,,,
"b/Includes threats.",,,,,,,,,
