"Bureau of Justice Statistics",,,,,,,,
"filename:  cv0001.csv",,,,,,,,
"Table 1: Number, percent distribution, and rate of victimizations,",,,,,,,,
"by type of crime",,,,,,,,
"data source: National Criminal Victimization Survey, 2000   NCJ 188290",,,,,,,,
"produced by:  Cathy Maston ",,,,,,,,
"authors:  Patsy Klaus and Cathy Maston",,,,,,,,
"refer questions to:  askbjs@ojp.usdoj.gov     202-307-0765",,,,,,,,
"date of version: 07/13/01",,,,,,,,
,,,,,,,,
,,,,,,,,
"Table 1. Personal and property crimes, 2000:",,,,,,,,
,,,,,,,,
"Number, percent distribution, and rate of victimizations,",,,,,,,,
"by type of crime",,,,,,,,
,,,,,,,,
"              ",,,,,"Percent ",,,"Rate per"
" ",,,"Number of",,"of all ",,,"1,000 persons"
"Type of crime",,,"victimizations",,"victimizations",,,"or households"
,,,,,,,,
,,,,,,,,
"All crimes",,,25893340,,100.0,"%",,"         ..."
"                                                                                      ",,,,,,,,
"Personal crimes",,,6596690,,25.5,"%",,29.1
,,,,,,,,
"Crimes of violence",,,6322730,,24.4,,,27.9
"   Completed violence",,,2044050,,7.9,,,9.0
"   Attempted/threatened violence",,,4278690,,16.5,,,18.9
"   Rape/Sexual assault",,,260950,,1.0,,,1.2
"      Rape/Attempted rape",,,147160,,0.6,,,0.6
"         Rape",,,92440,,0.4,,,0.4
"         Attempted rape/a",,,54720,,0.2,,,0.2
"      Sexual assault/b",,,113790,,0.4,,,0.5
"   Robbery",,,731780,,2.8,,,3.2
"      Completed/property taken",,,520120,,2.0,,,2.3
"         With injury",,,160480,,0.6,,,0.7
"         Without injury",,,359640,,1.4,,,1.6
"      Attempted to take property",,,211660,,0.8,,,0.9
"         With injury",,,65700,,0.3,,,0.3
"         Without injury",,,145960,,0.6,,,0.6
"   Assault",,,5330010,,20.6,,,23.5
"      Aggravated",,,1292510,,5.0,,,5.7
"         With injury",,,346090,,1.3,,,1.5
"         Threatened with weapon",,,946420,,3.7,,,4.2
"      Simple",,,4037500,,15.6,,,17.8
"         With minor injury",,,989020,,3.8,,,4.4
"         Without injury",,,3048480,,11.8,,,13.4
"Purse snatching/Pocket picking",,,273960,,1.1,,,1.2
"   Completed purse snatching",,,57040,,0.2,,,0.3
"   Attempted purse snatching",,,8850,"*","0.0 ","*",,"0.0 "
"   Pocket picking",,,208060,,0.8,,,0.9
,,,,,,,,
"Total population age 12 and over",,,226804610,,"...",,,"..."
,,,,,,,,
"Property crimes",,,19296650,,74.5,"%",,178.1
,,,,,,,,
"Household burglary",,,3443700,,13.3,,,31.8
"   Completed",,,2909460,,11.2,,,26.9
"      Forcible entry",,,1037860,,4.0,,,9.6
"      Unlawful entry without force",,,1871600,,7.2,,,17.3
"   Attempted forcible entry",,,534240,,2.1,,,4.9
"Motor vehicle theft",,,937050,,3.6,,,8.6
"   Completed",,,641850,,2.5,,,5.9
"   Attempted",,,295200,,1.1,,,2.7
"Theft",,,14915900,,57.6,,,137.7
"   Completed",,,14299970,,55.2,,,132.0
"      Less than $50",,,4707270,,18.2,,,43.4
"      $50 - $249",,,5296630,,20.5,,,48.9
"      $250 or more",,,3176630,,12.3,,,29.3
"      Amount not available",,,1119440,,4.3,,,10.3
"   Attempted",,,615930,,2.4,,,5.7
,,,,,,,,
"Total number of households",,,108352960,,"           ...",,,"           ..."
,,,,,,,,
"Note: Detail may not add to total shown because of rounding.",,,,,,,,
"*Estimate is based on about 10 or fewer sample cases.",,,,,,,,
"Percent distribution is based on unrounded figures.",,,,,,,,
"...Not applicable.",,,,,,,,
"a/Includes verbal threats of rape.",,,,,,,,
"b/Includes threats.",,,,,,,,
