"Bureau of Justice Statistics",,,,,,,,,,,
"filename:  cv0019.csv",,,,,,,,,,,
"Table 19: Victimization rates by type of crime",,,,,,,,,,,
"and age of head of household",,,,,,,,,,,
"data source: National Criminal Victimization Survey, 2000   NCJ 188290",,,,,,,,,,,
"produced by:  Cathy Maston ",,,,,,,,,,,
"authors:  Patsy Klaus and Cathy Maston",,,,,,,,,,,
"refer questions to:  askbjs@ojp.usdoj.gov     202-307-0765",,,,,,,,,,,
"date of version: 07/13/01",,,,,,,,,,,
,,,,,,,,,,,
,,,,,,,,,,,
"Table 19. Property crimes, 2000:",,,,,,,,,,,
,,,,,,,,,,,
"Victimization rates by type of crime and age of head of household",,,,,,,,,,,
"                                                                                                      ",,,,,,,,,,,
,,"                                                          Rate per 1,000 households",,,,,,,,,
"Type of crime",,"12-19",,"20-34",,"35-49",,"50-64",,"     65 and over",
,,,,,,,,,,,
"Property crimes",,539.2,,227.8,,223.6,,144.4,,65.7,
,,,,,,,,,,,
"  Household burglary",,134.3,,40.8,,36.5,,25.6,,15.6,
"    Completed",,125.1,,33.1,,31.9,,21.1,,13.1,
"      Forcible entry",,45.6,,11.9,,11.3,,8.1,,4.1,
"      Unlawful entry without force",,79.5,,21.1,,20.6,,13.1,,9.0,
"    Attempted forcible entry",,9.2,"*",7.8,,4.6,,4.5,,2.5,
"  Motor vehicle theft",,17.1,"*",14.1,,9.0,,6.7,,3.6,
"    Completed",,7.9,"*",9.5,,5.8,,5.1,,2.9,
"    Attempted",,9.3,"*",4.6,,3.2,,1.6,,0.7,"*"
"  Theft",,387.7,,172.9,,178.1,,112.2,,46.4,
"    Completed",,380.1,,165.2,,172.2,,105.6,,44.6,
"       Less than $50",,109.3,,47.5,,59.3,,36.0,,17.5,
"       $50 - $249",,137.8,,63.5,,64.7,,37.7,,14.0,
"       $250 or more",,115.5,,42.7,,34.6,,23.5,,7.6,
"       Amount not available",,17.5,"*",11.5,,13.6,,8.4,,5.5,
"     Attempted",,7.6,"*",7.7,,5.9,,6.6,,1.8,
,,,,,,,,,,,
"Total number of households",,1025230,,25250310,,36110140,,24122850,,21844420,
,,,,,,,,,,,
"Note: Detail may not add to total shown because of rounding.",,,,,,,,,,,
"*Estimate is based on about 10 or fewer sample cases.",,,,,,,,,,,
