"Bureau of Justice Statistics",,,,,,,,,,,,,
"filename:  cv0005.csv",,,,,,,,,,,,,
"Table 5: Number of victimizations and victimization rates for persons age 12 and over",,,,,,,,,,,,,
"by type of crime and race of victims",,,,,,,,,,,,,
"data source: National Criminal Victimization Survey, 2000   NCJ 188290",,,,,,,,,,,,,
"produced by:  Cathy Maston ",,,,,,,,,,,,,
"authors:  Patsy Klaus and Cathy Maston",,,,,,,,,,,,,
"refer questions to:  askbjs@ojp.usdoj.gov     202-307-0765",,,,,,,,,,,,,
"date of version: 07/13/01",,,,,,,,,,,,,
,,,,,,,,,,,,,
,,,,,,,,,,,,,
"Table 5. Personal crimes, 2000:",,,,,,,,,,,,,
,,,,,,,,,,,,,
"Number of victimizations and victimization rates for persons age 12 and over,",,,,,,,,,,,,,
"by type of crime and race of victims",,,,,,,,,,,,,
,,,,,,,,,,,,,
"              ",,,,"                        Rate per 1,000 persons age 12 and over",,,,,,,,,
,,,"White",,,"         ","Black",,,,"Other",,
,,,,,,,,,,,,,
"Type of crime",,"Number",,"Rate",,"Number",,"Rate",,"Number",,"Rate",
,,,,,,,,,,,,,
,,,,,,,,,,,,,
"All personal crimes",,5340590,,28.2,,1041910,,37.2,,214190,,22.5,
,,,,,,,,,,,,,
"Crimes of violence",,5137880,,27.1,,988120,,35.3,,196730,,20.7,
"   Completed violence",,1603780,,8.5,,353350,,12.6,,86920,,9.1,
"   Attempted/threatened violence",,3534110,,18.7,,634770,,22.7,,109810,,11.5,
"   Rape/Sexual assault",,216350,,1.1,,33780,,1.2,,10810,"*",1.1,"*"
"      Rape/Attempted rape",,113270,,0.6,,28600,,1.0,,5280,"*",0.6,"*"
"         Rape",,74260,,0.4,,12900,"*",0.5,"*",5280,"*",0.6,"*"
"         Attempted rape/a",,39020,,0.2,,15700,"*",0.6,"*","0 ","*","0.0 ","*"
"      Sexual assault/b",,103080,,0.5,,5180,"*",0.2,"*",5530,"*",0.6,"*"
"   Robbery",,503740,,2.7,,201320,,7.2,,26720,,2.8,
"      Completed/property taken",,350640,,1.9,,145600,,5.2,,23880,"*",2.5,"*"
"         With injury",,107840,,0.6,,39730,,1.4,,12910,"*",1.4,"*"
"         Without injury",,242800,,1.3,,105860,,3.8,,10980,"*",1.2,"*"
"      Attempted to take property",,153100,,0.8,,55730,,2.0,,2830,"*",0.3,"*"
"         With injury",,46570,,0.2,,19120,"*",0.7,"*","0 ","*","0.0 ","*"
"         Without injury",,106530,,0.6,,36600,,1.3,,2830,"*",0.3,"*"
"   Assault",,4417790,,23.3,,753010,,26.9,,159200,,16.7,
"      Aggravated",,1026430,,5.4,,216690,,7.7,,49390,,5.2,
"         With injury",,265040,,1.4,,64290,,2.3,,16750,"*",1.8,"*"
"         Threatened with weapon",,761390,,4.0,,152390,,5.4,,32640,,3.4,
"      Simple",,3391360,,17.9,,536330,,19.2,,109810,,11.5,
"         With minor injury",,828170,,4.4,,125380,,4.5,,35470,,3.7,
"         Without injury",,2563190,,13.5,,410950,,14.7,,74340,,7.8,
"Purse snatching/Pocket picking",,202700,,1.1,,53790,,1.9,,17460,"*",1.8,"*"
"                                                                                          ",,,,,,,,,,,,,
"Population age 12 and over",,189308050,,"...",,27978180,,"...",,9518390,,"...",
,,,,,,,,,,,,,
"Note: Detail may not add to total shown because of rounding.",,,,,,,,,,,,,
"*Estimate is based on about 10 or fewer sample cases.",,,,,,,,,,,,,
"...Not applicable.",,,,,,,,,,,,,
"a/Includes verbal threats of rape.",,,,,,,,,,,,,
"b/Includes threats.",,,,,,,,,,,,,
