Bureau of Justice Statistics,,,,
Filename:  iscs08f2_2.csv,,,,
"Figure 2.2. Rate of student-reported nonfatal crimes against students ages 12�18 at and  away from school per 1,000 students, by age and type of crime: 2007",,,,
Report title: Indicators of School Crime and Safety: 2009  NCJ# 228478,,,,
Data source:  National Crime Victimization Survey (NCVS),,,,
"Author:  Rachel Dinkes & Jana Kemp, American Institutes for Research; Katrina Baum, Bureau of Justice Statistics",,,,
Refer questions to:  askbjs@usdoj.gov  202-307-0765,,,,
Date of version 5/12/09,,,,

"Figure 2.2. Rate of student-reported nonfatal crimes against students ages 12�18 at and  away from school per 1,000 students, by age and type of crime: 2007",,,,
,At school,,Away from school,
,Age,,Age,
,12-14 years,15-18 years,12-14 years,15-18 years
Total,67,49,32,48
Theft,32,31,19,23
Violent,35,18,13,25
Serious violent/a,5,4,5,7
 -- Reporting standards not met.,,,,
a/Serious violent crimes are also included in violent crimes.,,,,
"NOTE: Serious violent crimes include rape, sexual assault, robbery, and aggravated assault.  Violent crimes include serious violent crimes and simple assault. Theft includes purse snatching, pick pocketing, all burglaries, attempted forcible entry, and all attempted and completed thefts except motor vehicle thefts. Theft does not include robbery in which threat or use of force is involved. Total crimes include violent crimes and theft.  ""At school"" includes inside the school building, on school property, or on the way to or from school. Although Indicators 2 and 3 present information on similar topics, the survey sources for these two indicators offer with respect to time coverage and administration. For some information on these two surveys, please see appendix A. Detail may not sum to totals because of rounding.",,,,
"SOURCE:  U.S. Department of Justice, Bureau of Justice Statistics, National Crime Victimization Survey (NCVS), 2006.",,,,
