Bureau of Justice Statistics,,,,
Filename:  iscs08f2_1.csv,,,,
"Figure 2.1. Rate of student-reported nonfatal crimes against students ages 12�18 and rate of crimes per 1,000 students, by location, type of crime and year: 1992-2007",,,,
Report title: Indicators of School Crime and Safety: 2008  NCJ# 228478,,,,
Data source:  National Crime Victimization Survey (NCVS),,,,
"Author:  Rachel Dinkes & Jana Kemp, American Institutes for Research; Katrina Baum, Bureau of Justice Statistics",,,,
Refer questions to:  askbjs@usdoj.gov  202-307-0765,,,,
Date of version 5/12/09,,,,
,,,,
"Figure 2.1. Rate of student-reported nonfatal crimes against students ages 12�18 and rate of crimes per 1,000 students, by location, type of crime and year: 1992-2007",,,,
"Rate per 1,000 ",,,,
Year,Total ,Theft,Violent,Serious Violent 
At school,,,,
1992,144,95,48,10
1993,155,96,59,12
1994,150,94,56,13
1995,135,85,0.5,9
1996,121,78,43,9
1997,102,63,40,8
1998,101,58,43,9
1999,92,59,33,7
2000,72,46,26,5
2001,73,45,28,6
2002,64,40,24,3
2003,73,45,28,6
2004,55,33,22,4
2005,56,32,24,5
2007,57,31,26,4
Away from school ,,,,
1992,138,68,71,32
1993,139,69,70,35
1994,129,60,69,33
1995,119,61,58,23
1996,117,62,55,26
1997,117,58,59,24
1998,95,46,48,21
1999,78,39,39,18
2000,74,40,34,14
2001,61,33,28,11
2002,55,29,26,11
2003,60,28,32,12
2004,48,27,21,9
2005,46,23,24,10
2007,41,21,20,6
1/Serious violent crimes are also included in violent crimes.,,,,
"NOTE: There were changes in the sample design and survey methodology in the 2006 National Crime Victimization Survey (NCVS) that impacted survey estimates. Due to this redesign, 2006 data are not presented in this indicator. Data from 2007 are comparable to earlier years. For more information, please see appendix A. Serious violent crimes include rape, sexual assauly, robery, and aggravated assault. Violent crimes include serious violent crimes and simple assault. Theft includes purse snatching, pick pocketing, all burglaries, ettempted forcible entry, and all attempted and completed thefts except motor vehicle thefts. Theft does not include robery in which threat or use of force is involved. Total crimes include violent crimes and theft. ""At school"" includes inside the school buildign, on school property, or on the way to or from school. Although Indicators 2 and 3 present information on similar topics, the survey sourcesfor thesetwoindicators differ with respect to time coverage and administration. For more information on these two surveys, please see appendix A. Estimates were revised and may differ from previously published data.",,,,
"SOURCE: U.S. Department of Justice, Bureau of Justice Statistics, National Crime Victimization Survey (NCVS),1992-2007.",,,,
