Bureau of Justice Statistics,
Filename: iscs09f18_1.csv,
Figure 18.1. Percentage of students ages 12�18 who reported avoiding school activities or one or more places in school because of fear of attack or harm during the school year: 2007,
Report title: Indicators of School Crime and Safety: 2009  NCJ# 228478,
Data source: School Crime Supplement (SCS) to the National Crime Victimization Survey,
"Author:  Rachel Dinkes & Jana Kemp, American Institutes for Research; Katrina Baum, Bureau of Justice Statistics",
Refer questions to:  askbjs@usdoj.gov  202-307-0765,
Date of version 5/12/09,

Figure 18.1. Percentage of students ages 12�18 who reported avoiding school activities or one or more places in school because of fear of attack or harm during the school year: 2007,
Total,7
Avoided school activities,3
Any activities,2
Any class,1
Stayed home from school,1
Avoided one or more places in school,6
Entrance to the school,1
Hallways or stairs in school,3
Parts of the school cafeteria,2
Any school restrooms,3
Other places inside the school building,1

"SOURCE: U.S. Department of Justice, Bureau of Justice Statistics, School Crime Supplement (SCS) to the National Crime Victimization Survey, 2007.",
