Bureau of Justice Statistics,,,
Filename: iscs09f19_2.csv,,,
"Figure 19.2. Percentage distribution of serious actions taken by public schools, by type of action and type of offense: School year 2007-08",,,
Report title: Indicators of School Crime and Safety: 2009  NCJ# 228478,,,
Data source: School Survey on Crime and Safety (SSOCS),,,
"Author:  Rachel Dinkes & Jana Kemp, American Institutes for Research; Katrina Baum, Bureau of Justice Statistics",,,
Refer questions to:  askbjs@usdoj.gov  202-307-0765,,,
Date of version 5/12/09,,,

"Figure 19.2. Percentage distribution of serious actions taken by public schools, by type of action and type of offense: School year 2007-08",,,
Type of offense,Out-of-school suspensions lasting 5 days or more,removal with no services for remainder of school year,transfer to specialized schools
Total,76,5,19
Physical attacks or fights,79,4,17
Insubordination,82,13,/
"Distribution, possession or use of alcohol",74,5,22
"Distribution, possession or use of illegal drugs",55,9,36
Use or possession of a firearm or explosive device,53,18,29
Use or possession of a weapon other than a firearm or explosive device,60,8,32
/ Reporting standards not met,,,
"NOTE:  Responses were provided by the principal or the person most knowledgeable about crime and safety issues at the school. Serious disciplinary actions include removals with no continuing services fir at least the remainder of the school year, transfers to specialized schools for disciplinary reasons, and out-of-school suspensions lasting 5 or more days, but less than the remainder of the school year. Respondents were instructed to respond only for offenses that occurred during normal school hours or when school activities or events were in session, unless the survey specified otherwise. Details may not sum to totals because of rounding. ",,,
"SOURCE: U.S. Department of Education, National Center for Education Statistics, 2007-08 School Survey on Crime and Safety (SSOCS),2008.",,,
