Bureau of Justice Statistics,,,
Filename: iscs09f11_1.csv,,,
"Figure 11.1. Percentage of students ages 12-18 who reported being bullied at school and being cyber-bullied anywhere during the previous school year, by sex: 2007",,,
Report title: Indicators of School Crime and Safety: 2009 NCJ# 228478,,,
Data source: School Crime Supplement (SCS) to the National Crime Victimization Survey,,,
"Author:  Rachel Dinkes & Jana Kemp, American Institutes for Research; Katrina Baum, Bureau of Justice Statistics",,,
Refer questions to:  askbjs@usdoj.gov  202-307-0765,,,
Date of version 5/12/09,,,
,,,
"Figure 11.1. Percentage of students ages 12-18 who reported being bullied at school and being cyber-bullied anywhere during the previous school year, by sex: 2007",,,
,Total,Male,Female
Total,32,31,34
Bullied at school,32,30,33
Cyber-bullied/a anywhere,4,2,5
a/ Cyber-bullied includes students who responded that another student posted hurtful information about the respondent on the Internet; made unwanted contact by threatening or insulting the respondent via instant messaging; or made unwanted contact by threatening or insulting the respondent via text (SMS) messaging. The latter category did not meet statistical standards to be reported separately.,,,
"NOTE:  ""At school"" includes the school building, on school property, on a school bus, or going to and from school.  Types of bullying do not sum to total because students could have experienced more than one type of bullying.  In 2005, the unit response rate for this survey did not meet NCES statistical standards, therefore, interpret the data with caution.  For more information, please see appendix A. Population size for students ages 12-18 is 25,811,000 in 2005.",,,
"SOURCE: U.S. Department of Justice, Bureau of Justice Statistics, School Crime Supplement (SCS) to the National Crime Victimization Survey, 2007.",,,
