Bureau of Justice Statistics,,,,,,,,
Filename: iscs08f5_2.csv,,,,,,,,
"Figure 5.2. Percentage of public and private school teachers who reported that they were threatened with injury or that they were physically attacked by a student from school during the previous 12 months, by urbanicity and school sector: 2003-04",,,,,,,,
Report title: Indicators of School Crime and Safety: 2009  NCJ# 228478,,,,,,,,
Data source:  National Crime Victimization Survey (NCVS),,,,,,,,
"Author:  Rachel Dinkes & Jana Kemp, American Institutes for Research; Katrina Baum, Bureau of Justice Statistics",,,,,,,,
Refer questions to:  askbjs@usdoj.gov  202-307-0765,,,,,,,,
Date of version 5/12/09,,,,,,,,

"Figure 5.2. Percentage of public and private school teachers who reported that they were threatened with injury or that they were physically attacked by a student from school during the previous 12 months, by urbanicity and instructional level:  2003-04",,,,,,,,
,,Elementary,Secondary,,,,,
Threatened with injury ,,,,,,,,
,City,9,11,,,,,
,Suburban,5,7,,,,,
,Town,8,7,,,,,
,Rural,5,7,,,,,
Physically attacked ,,,
,City,7,3
,Suburban,5,2
,Town,6,2
,Rural,4,2
! Interpret data with caution.,,,
"NOTE:  Instructional level divides teachers into elementary or secondary based on a combination of the grades taught, main teaching assignment, and the structure of the teachers' class(es). Please see the glossary for a more detailed definition. Teachers who taught only prekindergarten students are excluded. The public sector includes public, public charter, and Bureau of Indian Affairs school teachers.  Population sizes for teachers is 3,704,000 in 2003-04.  ",,,
"SOURCE: U.S. Department of Education, National Center for Education Statistics, Schools and Staffing Survey (SASS), ""Public, Private, and Charter Teacher and School Questionnaire,"" 2003-04; ""Charter School Questionnaire,"" 2003-04; and ""Bureau of Indian Affairs Questionnaire,"" 2003-04.",,,
