Bureau of Justice Statistics,,
Filename: iscs09f15_2.csv,,
"Figure 15.2. Percentage of students in grades 9-12 who reported using alcohol during the previous 30 days, by location and grade: 2007",,
Report title: Indicators of School Crime and Safety: 2009  NCJ# 228478,,
Data source: Youth Risk Behavior Surveillance System (YRBSS),,
"Author:  Rachel Dinkes & Jana Kemp, American Institutes for Research; Katrina Baum, Bureau of Justice Statistics",,
Refer questions to:  askbjs@usdoj.gov  202-307-0765,,
Date of version 5/12/09,,

"Figure 15.2. Percentage of students in grades 9-12 who reported using alcohol during the previous 30 days, by location and grade: 2007",,
,Anywhere,On school property
9th grade,36,3
10th grade,42,4
11th grade,49,4
12th grade,55,5
"NOTE: ""On school property"" was not defined for survey respondents. The term ""anywhere"" is not used in the YRBS questionnaire. Students are simply how many days did they have at least one drink of alcohol during the past 30 days. ",,
"SOURCE: Centers for Disease Control and Prevention, National Center for Chronic Disease Prevention and Health Promotion, Youth Risk Behavior Surveillance System (YRBSS), ""Youth Risk Behavior Survey"" (YRBS), 2007."
