Bureau of Justice Statistics,,,
Filename: iscs09f12_2.csv,,,
"Figure 12.2. Percentage of public and private school teachers who agreed or strongly agreed that school rules are enforced by other teachers and by the principal, by school level: 2007-08",,,
Report title: Indicators of School Crime and Safety: 2009  NCJ# 228478,,,
Data source: Schools and Staffing Survey (SASS),,,
"Author:  Rachel Dinkes & Jana Kemp, American Institutes for Research; Katrina Baum, Bureau of Justice Statistics",,,
Refer questions to:  askbjs@usdoj.gov  202-307-0765,,,
Date of version 5/12/09,,,

"Figure 12.2. Percentage of public and private school teachers who agreed or strongly agreed that school rules are enforced by other teachers and by the principal, by school level: 2007-08",,,
,By other teachers,,By the principal
Total,72,,89
Elementary,79,,89
Secondary,56,,86
"Respondents were asked whether ""rules for student behavior are consistently enforced by teachers in this school, even for the students not in their classes""",,,
"Respondents were asked whether their ""principal enforces school rules for students conduct and backs me up when I need it""",,,
"NOTE:  Teachers who taught only prekindergarten students are excluded.  Elementary schools are defined as schools in which the lowest grade is less than or equal to grade 6 and the highest grade is less than or equal to grade 8. Secondary schools are defined as schools in which the lowest grade is greater than or equal to grade 7. Combined schools are included in totals, but are not shown separately."
"SOURCE: U.S. Department of Education, National Center for Education Statistics, Schools and Staffing Survey (SASS), ""Public School Teacher Data Files,"" ""Private School Teacher Data File,"" and ""Bureau of Indian Affairs Teacher Data File,"" 2007-08."
