Bureau of Justice Statistics,,
Filename: iscs09f13_2.csv,,
"Figure 13.2. Percentage of students in grades 9-12 who reported having been in a physical fight during the previous 12 months, by location and grade: 2007",,
Report title: Indicators of School Crime and Safety: 2009  NCJ# 228478,,
Data source: Youth Risk Behavior Surveillance System (YRBSS),,
"Author:  Rachel Dinkes & Jana Kemp, American Institutes for Research; Katrina Baum, Bureau of Justice Statistics",,
Refer questions to:  askbjs@usdoj.gov  202-307-0765,,
Date of version 5/12/09,,

"Figure 13.2. Percentage of students in grades 9-12 who reported having been in a physical fight during the previous 12 months, by location and grade: 2007",,
Anywhere,,Percent
,Total,36
,9th grade,41
,10th grade,36
,11th grade,35
,12th grade,28
On school property,,
,Total,12
,9th grade,17
,10th grade,12
,11th grade,11
,12th grade,9
"NOTE: ""On school property"" was not defined for survey respondents. The term anywhere is not used in the YRBS questionnaire; students are simply asked how many times in the last 12 months they had been in a physical fight. ",,
"SOURCE: Centers for Disease Control and Prevention, National Center for Chronic Disease Prevention and Health Promotion, Youth Risk Behavior Surveillance System (YRBSS), ""Youth Risk Behavior Survey"" (YRBS), 2007.",,
