"Bureau of Justice Statistics",,,,,,,,,,,
"filename:  cv0196.csv",,,,,,,,,,,
"Table 96: Percent of victimizations reported to the police,",,,,,,,,,,,
"by type of crime and age of victims",,,,,,,,,,,
"data source: National Criminal Victimization Survey, 2001   NCJ 197064",,,,,,,,,,,
"produced by:  Cathy Maston ",,,,,,,,,,,
"authors:  Patsy Klaus and Cathy Maston",,,,,,,,,,,
"refer questions to:  askbjs@ojp.usdoj.gov     202-307-0765",,,,,,,,,,,
"date of version: 10/31/02",,,,,,,,,,,
,,,,,,,,,,,
,,,,,,,,,,,
"Table 96. Personal crimes, 2001:",,,,,,,,,,,
,,,,,,,,,,,
"Percent of victimizations reported to the police,",,,,,,,,,,,
"by type of crime and age of victims",,,,,,,,,,,
"       ",,,,,,,,,,,
,,"                               Percent of victimizations reported to the police",,,,,,,,,
,,,,,,,,,,"65 and",
"Type of crime",,"12-19",,"20-34",,"35-49",,"50-64",,"over",
,,,,,,,,,,,
"All personal crimes",,35.4,"%",53.3,"%",54.9,"%",61.1,"%",65.6,"%"
,,,,,,,,,,,
"Crimes of violence",,35.7,,54.1,,54.8,,61.9,,69.6,
"   Completed violence",,44.4,,69.3,,65.5,,78.5,,89.5,
"   Attempted/threatened violence",,31.4,,45.3,,50.9,,57.2,,58.0,
"   Rape/Sexual assault/a",,32.9,"*",33.0,,56.8,,"0.0","*",50.9,"*"
"   Robbery",,39.1,,66.5,,64.7,,74.9,,95.0,
"      Completed/property taken",,44.5,,77.4,,65.6,,83.7,"*",93.7,
"         With injury",,71.9,"*",94.7,,67.3,,79.6,"*",100.0,"*"
"         Without injury",,31.8,"*",68.4,,63.9,,87.1,"*",80.3,"*"
"      Attempted to take property",,30.0,"*",42.7,,62.7,"*",56.1,"*",100.0,"*"
"         With injury",,26.7,"*",73.3,"*",100.0,"*",100.0,"*",100.0,"*"
"         Without injury",,32.7,"*",26.0,"*",57.6,"*",39.2,"*",100.0,"*"
"   Assault",,35.4,,53.6,,53.7,,61.4,,52.8,
"      Aggravated",,45.6,,61.0,,67.3,,68.0,,83.6,"*"
"         With injury",,47.4,,74.1,,77.7,,73.6,"*",100.0,"*"
"         Threatened with weapon",,44.5,,54.7,,63.1,,66.5,,81.5,"*"
"      Simple",,32.5,,50.9,,48.8,,59.3,,43.8,"*"
"         With minor injury",,43.4,,72.3,,61.5,,87.8,,100.0,"*"
"         Without injury",,29.1,,42.1,,45.9,,55.1,,41.0,"*"
"Purse snatching/Pocket picking",,27.6,"*",29.3,"*",57.8,"*",36.2,"*",46.6,"*"
,,,,,,,,,,,
"*Estimate is based on about 10 or fewer sample cases.",,,,,,,,,,,
"a/Includes verbal threats of rape and threats of sexual assault.",,,,,,,,,,,
