"Bureau of Justice Statistics",,,,,,,,,,,,,,,,,,,
"filename:  cv01108.csv",,,,,,,,,,,,,,,,,,,
"Table 108: Percent distribution of incidents, by police activity",,,,,,,,,,,,,,,,,,,
"during initial contact with victim and type of crime",,,,,,,,,,,,,,,,,,,
"data source: National Criminal Victimization Survey, 2001   NCJ 197064",,,,,,,,,,,,,,,,,,,
"produced by:  Cathy Maston ",,,,,,,,,,,,,,,,,,,
"authors:  Patsy Klaus and Cathy Maston",,,,,,,,,,,,,,,,,,,
"refer questions to:  askbjs@ojp.usdoj.gov     202-307-0765",,,,,,,,,,,,,,,,,,,
"date of version: 10/31/02",,,,,,,,,,,,,,,,,,,
,,,,,,,,,,,,,,,,,,,
,,,,,,,,,,,,,,,,,,,
"Table 108. Personal and property crimes, 2001:",,,,,,,,,,,,,,,,,,,
,,,,,,,,,,,,,,,,,,,
"Percent distribution of incidents, by police activity",,,,,,,,,,,,,,,,,,,
"during initial contact with victim and type of crime",,,,,,,,,,,,,,,,,,,
,,,,,,,,,,,,,,,,,,,
,,,,"                                                                                               Percent of incidents",,,,,,,,,,,,,,,
,,,,,,,,,,,,"Questioned",,,,,,,
"                                                                                               ",,,,,,"Took",,"Looked",,"Took",,"witnesses/",,"Promised",,"Promised to",,"Made",
"Type of crime",,,," Total",,"report",,"around",,"evidence",,"suspects",,"surveillance",,"investigate",,"arrest",
,,,,,,,,,,,,,,,,,,,
"Crimes of violence/a",,,,100,"%",37.7,"%",6.6,"%",3.2,"%",18.6,"%",1.7,"%",6.4,"%",10.8,"%"
,,,,,,,,,,,,,,,,,,,
"   Robbery",,,,100,,42.9,,10.1,,2.2,"*",10.7,,1.3,"*",10.1,,7.0,
"   Aggravated assault",,,,100,,32.6,,6.8,,7.6,,19.6,,1.0,"*",9.0,,11.1,
"   Simple assault",,,,100,,39.1,,5.6,,1.0,"*",20.4,,2.1,,3.9,,11.6,
"Purse snatching/Pocket picking",,,,100,,52.0,,14.8,"*","0.0","*",8.7,"*",9.0,"*",2.9,"*","0.0","*"
,,,,,,,,,,,,,,,,,,,
"Property crimes",,,,100,"%",48.5,"%",20.1,"%",7.3,"%",5.6,"%",2.3,"%",8.4,"%",1.2,"%"
,,,,,,,,,,,,,,,,,,,
"   Household burglary",,,,100,,40.4,,25.5,,10.6,,6.1,,2.7,,8.9,,1.4,
"   Motor vehicle theft",,,,100,,52.8,,15.3,,4.7,,5.8,,2.2,"*",11.3,,2.2,"*"
"   Theft",,,,100,,53.1,,17.5,,5.7,,5.3,,2.1,,7.5,,0.9,
,,,,,,,,,,,,,,,,,,,
,,,,,,,,,,,,,,,,,,,
,,,,,,,,,,,,,,,,,,,
,,,,"                        Percent of incidents",,,,,,,,,,,,,,,
,,,,,,,,,,,,,,,,,,,
,,,,"Other",,"Don't",,"Not",,,,,,,,,,,
"Type of crime",,,,"actions",,"know",,"applicable",,,,,,,,,,,
,,,,,,,,,,,,,,,,,,,
"Crimes of violence/a",,,,12.5,"%",1.4,"%",1.1,"%",,,,,,,,,,
,,,,,,,,,,,,,,,,,,,
"   Robbery",,,,12.2,,2.5,"*",0.9,"*",,,,,,,,,,
"   Aggravated assault",,,,10.6,,1.1,"*",0.6,"*",,,,,,,,,,
"   Simple assault",,,,13.8,,1.4,,1.2,"*",,,,,,,,,,
"Purse snatching/Pocket picking",,,,6.3,"*",6.4,"*","0.0","*",,,,,,,,,,
,,,,,,,,,,,,,,,,,,,
"Property crimes",,,,4.3,"%",0.7,"%",1.4,"%",,,,,,,,,,
,,,,,,,,,,,,,,,,,,,
"   Household burglary",,,,3.1,,0.4,"*",0.9,"*",,,,,,,,,,
"   Motor vehicle theft",,,,4.0,,1.3,"*",0.5,"*",,,,,,,,,,
"   Theft",,,,5.1,,0.8,,2.0,,,,,,,,,,,
,,,,,,,,,,,,,,,,,,,
"Note: Detail may not add to total shown because of rounding.",,,,,,,,,,,,,,,,,,,
"*Estimate is based on about 10 or fewer sample cases.",,,,,,,,,,,,,,,,,,,
"a/Crimes of violence includes data on rape and sexual assault, not shown separately.",,,,,,,,,,,,,,,,,,,
