"Bureau of Justice Statistics",,,,,,,,,,,,,
"filename:  cv0194.csv",,,,,,,,,,,,,
"Table 94: Percent of victimizations reported to the police, by type of crime,",,,,,,,,,,,,,
"victim-offender relationship and race of victims",,,,,,,,,,,,,
"data source: National Criminal Victimization Survey, 2001   NCJ 197064",,,,,,,,,,,,,
"produced by:  Cathy Maston ",,,,,,,,,,,,,
"authors:  Patsy Klaus and Cathy Maston",,,,,,,,,,,,,
"refer questions to:  askbjs@ojp.usdoj.gov     202-307-0765",,,,,,,,,,,,,
"date of version: 10/31/02",,,,,,,,,,,,,
,,,,,,,,,,,,,
,,,,,,,,,,,,,
"Table 94. Violent crimes, 2001:",,,,,,,,,,,,,
,,,,,,,,,,,,,
"Percent of victimizations reported to the police, by type of crime,",,,,,,,,,,,,,
"victim-offender relationship and race of victims",,,,,,,,,,,,,
,,,,,,,,,,,,,
,,"                                          Percent of all victimizations reported to the police",,,,,,,,,,,
,,"        All victimizations",,,,"      Involving strangers",,,,"     Involving nonstrangers",,,
"Type of crime",,"White",,"Black",,"White",,"Black",,"White",,"Black",
,,,,,,,,,,,,,
"Crimes of violence",,48.4,"%",55.8,"%",52.0,"%",64.9,"%",45.1,"%",47.9,"%"
,,,,,,,,,,,,,
"   Completed violence",,61.2,,63.7,,68.0,,69.5,,55.9,,57.0,
"   Attempted/threatened violence",,42.8,,50.9,,45.8,,61.2,,39.7,,43.4,
"   Rape/Sexual assault/a",,39.3,,35.3,"*",50.2,,100.0,"*",33.0,,29.6,"*"
"   Robbery",,61.1,,55.7,,63.5,,52.6,,52.9,,67.7,"*"
"      Completed/property taken",,68.1,,61.8,,73.0,,62.1,,53.3,,60.6,"*"
"         With injury",,80.9,,83.5,"*",88.3,,79.1,"*",65.7,,100.0,"*"
"         Without injury",,58.3,,50.3,"*",63.4,,52.9,"*",37.2,"*",41.3,"*"
"      Attempted to take property",,47.6,,36.4,"*",46.6,,25.0,"*",51.9,"*",100.0,"*"
"         With injury",,54.9,,50.2,"*",58.8,"*","0.0","*",44.3,"*",100.0,"*"
"         Without injury",,44.0,,30.4,"*",41.5,,30.4,"*",59.1,"*","0.0","*"
"   Assault",,47.3,,56.7,,49.5,,67.8,,45.4,,48.2,
"      Aggravated",,58.1,,64.0,,62.5,,72.6,,52.3,,56.0,
"         With injury",,63.2,,76.8,,67.0,,75.0,,59.4,,80.0,"*"
"         Threatened with weapon",,55.8,,56.8,,60.8,,70.3,,48.3,,48.2,
"      Simple",,43.8,,53.5,,43.9,,65.3,,43.8,,45.1,
"         With minor injury",,61.0,,64.3,,64.2,,71.7,,59.7,,57.9,
"         Without injury",,38.8,,49.1,,40.3,,62.2,,37.5,,40.6,
,,,,,,,,,,,,,
"Note: Excludes data on persons of ""Other"" races.",,,,,,,,,,,,,
"*Estimate is based on about 10 or fewer sample cases.",,,,,,,,,,,,,
"a/Includes verbal threats of rape and threats of sexual assault.",,,,,,,,,,,,,
