"Bureau of Justice Statistics",,,,,,,,,,,,,,,,,
"filename:  cv01109.csv",,,,,,,,,,,,,,,,,
"Table 109: Percent distribution of the kind of agency providing assistance",,,,,,,,,,,,,,,,,
"by type of crime",,,,,,,,,,,,,,,,,
"data source: National Criminal Victimization Survey, 2001   NCJ 197064",,,,,,,,,,,,,,,,,
"produced by:  Cathy Maston ",,,,,,,,,,,,,,,,,
"authors:  Patsy Klaus and Cathy Maston",,,,,,,,,,,,,,,,,
"refer questions to:  askbjs@ojp.usdoj.gov     202-307-0765",,,,,,,,,,,,,,,,,
"date of version: 10/31/02",,,,,,,,,,,,,,,,,
,,,,,,,,,,,,,,,,,
,,,,,,,,,,,,,,,,,
"Table 109. Personal and property crimes, 2001:",,,,,,,,,,,,,,,,,
,,,,,,,,,,,,,,,,,
"Percent distribution of the kind of agency providing assistance",,,,,,,,,,,,,,,,,
"by type of crime",,,,,,,,,,,,,,,,,
,,,,,,,,,,,,,,,,,
,,,,"                                                      Percent of agency type providing assistance",,,,,,,,,,,,,
,,,,,,,,,,"Don't know",,"Received",,"Don't know",,,
" ",,"Number of",,,,,,,,"type of",,"no",,"if assistance",,"        Not",
"Type of crime",,"vicitmizations",,"Total",,"Government",,"Private",,"agency",,"assistance",,"was provided",,"        applicable",
,,,,,,,,,,,,,,,,,
"Personal crimes",,5932190,,100,"%",4.1,"%",1.9,"%",1.3,"%",92.1,"%",0.3,"%*",0.3,"%*"
,,,,,,,,,,,,,,,,,
"Crimes of violence",,5743820,,100,,4.2,,2.0,,1.3,,92.0,,0.3,"*",0.3,"*"
"   Completed violence",,1828280,,100,,6.4,,4.0,,1.8,,87.6,,0.3,"*","0.0","*"
"   Attempted/threatened violence",,3915540,,100,,3.2,,1.0,,1.1,,94.1,,0.3,"*",0.4,"*"
"   Rape/Sexual assault/a",,248250,,100,,6.8,"*",7.3,"*",4.8,"*",81.1,,"0.0","*","0.0","*"
"   Robbery",,630690,,100,,4.1,"*",2.0,"*",1.0,"*",92.6,,0.3,"*","0.0","*"
"   Assault",,4864890,,100,,4.1,,1.7,,1.2,,92.5,,0.3,"*",0.3,"*"
"      Aggravated",,1222160,,100,,4.1,,1.3,"*",2.3,,91.9,,0.4,"*","0.0","*"
"      Simple",,3642720,,100,,4.0,,1.8,,0.8,"*",92.7,,0.2,"*",0.4,"*"
"Purse snatching/",,188370,,100,,1.2,"*","0.0","*",1.2,"*",96.2,,1.4,"*","0.0","*"
"  Pocket picking",,,,,,,,,,,,,,,,,
,,,,,,,,,,,,,,,,,
"Property crimes",,18283510,,100,"%",0.8,"%",0.8,"%",0.1,"%*",97.7,"%",0.2,"%",0.4,"%"
,,,,,,,,,,,,,,,,,
"Household burglary",,3139700,,100,,1.9,,0.7,"*",0.1,"*",96.6,,0.3,"*",0.4,"*"
"Motor vehicle theft",,1008720,,100,,1.7,"*",1.4,"*",0.2,"*",95.8,,0.4,"*",0.5,"*"
"Theft",,14135090,,100,,0.5,,0.8,,0.1,"*",98.1,,0.2,,0.4,
,,,,,,,,,,,,,,,,,
"*Estimate is based on about 10 or fewer sample cases.",,,,,,,,,,,,,,,,,
"a/Includes verbal threats of rape and threats of sexual assault.",,,,,,,,,,,,,,,,,
