"Bureau of Justice Statistics",,,,,,,,,,,,,,,,,,,
"filename:  cv01107.csv",,,,,,,,,,,,,,,,,,,
"Table 107: Percent distribution of incidents where police came to the victim,",,,,,,,,,,,,,,,,,,,
"by police response time and type of crime",,,,,,,,,,,,,,,,,,,
"data source: National Criminal Victimization Survey, 2001   NCJ 197064",,,,,,,,,,,,,,,,,,,
"produced by:  Cathy Maston ",,,,,,,,,,,,,,,,,,,
"authors:  Patsy Klaus and Cathy Maston",,,,,,,,,,,,,,,,,,,
"refer questions to:  askbjs@ojp.usdoj.gov     202-307-0765",,,,,,,,,,,,,,,,,,,
"date of version: 10/31/02",,,,,,,,,,,,,,,,,,,
,,,,,,,,,,,,,,,,,,,
,,,,,,,,,,,,,,,,,,,
"Table 107. Personal and property crimes, 2001:",,,,,,,,,,,,,,,,,,,
,,,,,,,,,,,,,,,,,,,
"Percent distribution of incidents where police came to the victim,",,,,,,,,,,,,,,,,,,,
"by police response time and type of crime",,,,,,,,,,,,,,,,,,,
,,,,,,,,,,,,,,,,,,,
,,,,"                                                                                                  Percent of incidents",,,,,,,,,,,,,,,
,,,,,,,,,,,,,,"  Longer",,"Length of",,,
"                                                                                               ",,,,,,"Within 5",,"6-10",,"11 minutes-",," Within",,"  than 1",,"time not",,"Not",
"Type of crime",,,," Total",,"minutes",,"minutes",,"1 hour",,"1 day",,"  day",,"known",,"ascertained",
,,,,,,,,,,,,,,,,,,,
"Crimes of violence/a",,,,100,"%",31.7,"%",28.0,"%",31.4,"%",4.1,"%",1.2,"%*",3.7,"%","0.0","%*"
,,,,,,,,,,,,,,,,,," ",
"   Robbery",,,,100,,36.2,,24.7,,35.0,,0.9,"*",1.0,"*",2.1,"*","0.0","*"
"   Aggravated assault",,,,100,,34.9,,25.2,,30.3,,4.8,"*",0.7,"*",4.2,"*","0.0","*"
"   Simple assault",,,,100,,30.2,,29.6,,31.0,,4.3,,0.8,"*",4.0,,"0.0","*"
,,,,,,,,,,,,,,,,,,,
"Property crimes",,,,100,"%",10.2,"%",19.6,"%",50.0,"%",12.7,"%",1.7,"%",5.6,"%",0.1,"%*"
,,,,,,,,,,,,,,,,,,,
"   Household burglary",,,,100,,11.2,,17.9,,50.8,,13.4,,1.7,"*",4.8,,0.1,"*"
"   Motor vehicle theft",,,,100,,7.9,,24.9,,47.9,,10.2,,1.6,"*",7.0,,0.5,"*"
"   Theft",,,,100,,10.2,,19.4,,50.1,,12.9,,1.7,,5.8,,"0.0","*"
,,,,,,,,,,,,,,,,,,,
"Note: Detail may not add to total shown because of rounding.",,,,,,,,,,,,,,,,,,,
"*Estimate is based on about 10 or fewer sample cases.",,,,,,,,,,,,,,,,,,,
"a/Crimes of violence includes data on rape and sexual assault, not shown separately.",,,,,,,,,,,,,,,,,,,
