Bureau of Justice Statistics,,,,,,,
Filename:  svjfry12t02.csv,,,,,,,
"Table 2. Prevalence of  sexual victimization by another youth, by victims' race, Hispanic origin, and sexual victimization, National Survey of Youth in Custody, 2012",,,,,,,
"Report title: Sexual Victimization in Juvenile Facilities Reported by Youth, 2012 - Supplemental Tables",,,,,,,
"Data source: Bureau of Justice Statistics, National Survey of Youth in Custody, 2012",,,,,,,
"Author(s): Allen J. Beck , Ph.D., BJS Statistician",,,,,,,
Refer questions to: askbjs@usdoj.gov (202) 307-0765,,,,,,,
Date of version: ,,,,,,,
,,,,,,,
"Table 2. Prevalence of  sexual victimization by another youth, by victims' race, ",,,,,,,
"Hispanic origin, and sexual orientation, National Survey of Youth in Custody, 2012",,,,,,,
,,,,Victims of any sexual victimization by another youth ,,,
Victim,,Number of youth,,,,,
characteristic,,,,Percent,,Standard error,
Whitea,,,,,,,
,Heterosexual*,"5,325",,2.7,%,0.61,%
,Non-heterosexualc,"1,098",,10.3,**,1.46,
Blacka,,,,,,,
,Heterosexual*,"6,859",,0.7,%,0.14,%
,Non-heterosexual,606,,9.1,**,2.98,
Hispanic,,,,,,,
,Heterosexual*,"2,664",,0.9,%,0.32,%
,Non-heterosexual,268,,13.9,**,3.12,
Othera,,,,,,,
,Heterosexual*,437,,0.9,%!,0.51,%
,Non-heterosexual,109,,10.5,**,3.59,
"Two or more racesa,b",,,,,,,
,Heterosexual*,274,,1.2,%!,0.82,%
,Non-heterosexual,75,,6,!,3.43,
*Comparison group.,,,,,,,
**Difference with comparison group is significant at the 95%-confidence level. ,,,,,,,
"!Interpret with caution, coefficient of variation is gerater than 50%.",,,,,,,
aExcludes persons of Hispanic or Latino origin.,,,,,,,
"bIncludes American Indian, Alaska Native, Asian, Native Hawaiian, and other Pacific Islander.",,,,,,,
"cIncludes gay, lesbian, bisexual, and other sexual orientations. ",,,,,,,
"Source: Bureau of Justice Statistics, National Survey of Youth in Custody, 2012.",,,,,,,
