"Bureau of Justice Statistics",,,,
"filename:  cv0291b.csv",,,,
"Table 91b. Percent of victimizations reported to the police, by type of crime and gender and race or ethnicity of victims",,,,
"data source: National Criminal Victimization Survey, 2002   NCJ  200561",,,,
"produced by:  Cathy Maston ",,,,
"authors:  Patsy Klaus and Cathy Maston",,,,
"refer questions to:  askbjs@ojp.usdoj.gov     202-307-0765",,,,
"date of version: 08/31/03",,,,
,,,,
"Table 91b. Violent crimes, 2002: Percent of victimizations reported to the police, by type of crime and gender and race or ethnicity of victims",,,,
"       ",,,,
,"Percent of all victimizations reported to the police",,,
"Characteristic","Crimes of violence/a",,"Property crimes",
,,,,
"Total",48.5,"%",40.2,"%"
,,,,
"     Male",,,,
"          White",44.0,,40.2,
"          Black",48.0,,46.8,
,,,,
"     Female",,,,
"          White",50.7,,38.1,
"          Black",61.7,,44.7,
,,,,
"     Male",,,,
"          Hispanic",47.0,,37.5,
"          Non-Hispanic",44.0,,41.5,
,,,,
"     Female",,,,
"          Hispanic",55.5,,39.9,
"          Non-Hispanic",52.8,,39.4,
,,,,
"Note:  Excludes data on persons of ""Other"" races.",,,,
"Excludes data on persons whose ethnicity was not ascertained.",,,,
"a/Includes data on rape and sexual assault, not shown separately.",,,,
