"Bureau of Justice Statistics",,,,,,
"filename:  cv0292.csv",,,,,,
"Table 92. Percent of victimizations reported to the police, by selected characteristics of victims and type of crime",,,,,,
"data source: National Criminal Victimization Survey, 2002   NCJ  200561",,,,,,
"produced by:  Cathy Maston ",,,,,,
"authors:  Patsy Klaus and Cathy Maston",,,,,,
"refer questions to:  askbjs@ojp.usdoj.gov     202-307-0765",,,,,,
"date of version: 08/31/03",,,,,,
,,,,,,
"Table 92. Personal crimes, 2002: Percent of victimizations reported to the police, by selected characteristics of victims and type of crime",,,,,,
,,,,,,
,"        Percent of all victimizations reported to the police",,,,,
"Characteristic","All personal crimes",,"  Crimes of violence/a",,"Purse snatching/Pocket picking",
,,,,,,
"Gender",,,,,,
"Both genders",48.4,"%",48.5,"%",46.4,"%"
"Male",44.3,,44.6,,30.7,"*"
"Female",53.2,,53.0,,59.1,
"                                                    ",,,,,,
"Race",,,,,,
"White",47.0,,47.1,,46.3,
"Black",55.0,,55.2,,46.8,"*"
,,,,,,
"Ethnicity",,,,,,
"Hispanic",50.0,,50.4,,23.4,"*"
"Non-Hispanic",48.2,,48.2,,47.9,
,,,,,,
"*Estimate is based on about 10 or fewer sample cases.",,,,,,
"a/Crimes of violence includes data on rape, sexual assault, robbery, and both aggravated and simple assault, not shown separately.",,,,,,
