"Bureau of Justice Statistics",,,,,,,,
"filename:  cv02100.csv",,,,,,,,
"Table 100. Percent of victimizations reported to the police, by value of loss and type of crime",,,,,,,,
"data source: National Criminal Victimization Survey, 2002   NCJ  200561",,,,,,,,
"produced by:  Cathy Maston ",,,,,,,,
"authors:  Patsy Klaus and Cathy Maston",,,,,,,,
"refer questions to:  askbjs@ojp.usdoj.gov     202-307-0765",,,,,,,,
"date of version: 08/31/03",,,,,,,,
,,,,,,,,
"Table 100. Property crimes, 2002: Percent of victimizations reported to the police, by value of loss and type of crime",,,,,,,,
,,,,,,,,
,"          Percent of all victimizations reported to the police",,,,,,,
"Value of loss/a","All property crimes",,"Household burglary",,"Motor vehicle theft",,"Theft",
,,,,,,,,
"All losses/b",39.5,"%",59.2,"%",95.8,"%",32.7,"%"
"Less than $10/c",27.5,,47.5,,"0.0","*",26.0,
"$10 -$49",14.1,,24.1,,"0.0","*",13.5,
"$50-$99",19.4,,25.5,,"0.0","*",18.8,
"$100-$249",36.4,,52.4,,100.0,"*",34.0,
"$250-$499",50.2,,54.0,,100.0,"*",48.6,
"$500-$999",58.0,,62.9,,100.0,"*",55.0,
"$1,000 or more",81.1,,85.4,,96.0,,68.5,
,,,,,,,,
"*Estimate is based on about 10 or fewer sample cases.",,,,,,,,
"a/The proportions refer only to losses of cash and/or property, and exclude the value of property damage.",,,,,,,,
"b/Includes data for victims who did not provide a specific value for their losses.",,,,,,,,
"c/Includes items that had no value.",,,,,,,,
