"Bureau of Justice Statistics",,,,,,
"filename:  cv0298.csv",,,,,,
"Table 98. Percent of victimizations reported to the police, by type of crime and form of tenure",,,,,,
"data source: National Criminal Victimization Survey, 2002   NCJ  200561",,,,,,
"produced by:  Cathy Maston ",,,,,,
"authors:  Patsy Klaus and Cathy Maston",,,,,,
"refer questions to:  askbjs@ojp.usdoj.gov     202-307-0765",,,,,,
"date of version: 08/31/03",,,,,,
,,,,,,
"Table 98. Property crimes, 2002: Percent of victimizations reported to the police, by type of crime and form of tenure",,,,,,
,,,,,,
,"Percent of victimizations reported to the police",,,,,
"Type of crime","Both forms",,"Owned",,"Rented",
,,,,,,
"Property crimes",40.2,"%",40.9,"%",39.2,"%"
,,,,,,
"   Household burglary",57.9,,58.0,,57.7,
"      Completed",58.8,,59.9,,57.0,
"         Forcible entry",77.2,,82.0,,71.1,
"         Unlawful entry without force",46.9,,47.3,,46.3,
"      Attempted forcible entry",52.9,,45.4,,61.0,
"   Motor vehicle theft",86.1,,86.4,,85.8,
"      Completed",95.8,,97.5,,94.3,
"      Attempted",49.4,,50.2,,48.3,
"   Theft",32.8,,34.3,,30.8,
"      Completed",32.7,,34.2,,30.5,
"         Less than $50",17.1,,17.6,,16.3,
"         $50 - $249",28.3,,30.9,,24.9,
"         $250 or more",56.4,,58.9,,53.2,
"         Amount not available",39.5,,46.0,,29.1,
"      Attempted",36.5,,36.0,,37.4,
