"Bureau of Justice Statistics",,,,,,,,,,,,
"filename:  cv9607.csv",,,,,,,,,,,,
"Table 7: Number of victimizations and victimization rates for persons age 12 and  over,",,,,,,,,,,,,
"by type of crime and ethnicity of victims",,,,,,,,,,,,
"data source: National Criminal Victimization Survey, 1996   NCJ 174445",,,,,,,,,,,,
"produced by:  Cathy Maston ",,,,,,,,,,,,
"authors:  Patsy Klaus and Cathy Maston",,,,,,,,,,,,
"refer questions to:  askbjs@ojp.usdoj.gov     202-307-0765",,,,,,,,,,,,
"date of version: 06/30/00",,,,,,,,,,,,
,,,,,,,,,,,,
,,,,,,,,,,,,
"Table 7. Personal crimes, 1996:",,,,,,,,,,,,
,,,,,,,,,,,,
"Number of victimizations and victimization rates for persons age 12 and over,",,,,,,,,,,,,
"by type of crime and ethnicity of victims",,,,,,,,,,,,
"                                                                                                       ",,,,,,,,,,,,
,,"                                                                                                                                                                                    Rate per 1,000 persons age 12 and over",,,,,,,,,,
,,,"Total/a",,,,"Hispanic",,,"                                        Non-Hispanic",,
"Type of crime",,"Number",,"Rate",,"Number",,"Rate",,"Number",,"Rate"
,,,,,,,,,,,,
,,,,,,,,,,,,
"All personal crimes",,9443260,,43.5,,958130,,46.7,,8360060,,42.9
,,,,,,,,,,,,
"Crimes of violence",,9124960,,42.0,,902720,,44.0,,8104100,,41.6
"   Completed violence",,2700040,,12.4,,305180,,14.9,,2335100,,12.0
"   Attempted/threatened violence",,6424920,,29.6,,597540,,29.1,,5769000,,29.6
"   Rape/Sexual assault",,307100,,1.4,,24280,"*",1.2,"*",271910,,1.4
"      Rape/Attempted rape",,196660,,0.9,,13660,"*",0.7,"*",183010,,0.9
"         Rape",,97580,,0.4,,8150,"*",0.4,"*",89430,,0.5
"         Attempted rape/b",,99080,,0.5,,5500,"*",0.3,"*",93570,,0.5
"      Sexual assault/c",,110430,,0.5,,10620,"*",0.5,"*",88900,,0.5
"   Robbery",,1134330,,5.2,,171820,,8.4,,949820,,4.9
"      Completed/property taken",,757340,,3.5,,114780,,5.6,,629890,,3.2
"         With injury",,249530,,1.1,,45620,,2.2,,201500,,1.0
"         Without injury",,507810,,2.3,,69150,,3.4,,428380,,2.2
"      Attempted to take property",,376980,,1.7,,57050,,2.8,,319940,,1.6
"         With injury",,79460,,0.4,,10410,"*",0.5,"*",69040,,0.4
"         Without injury",,297520,,1.4,,46630,,2.3,,250890,,1.3
"   Assault",,7683540,,35.4,,706620,,34.5,,6882370,,35.3
"      Aggravated",,1910370,,8.8,,216460,,10.6,,1663870,,8.5
"         With injury",,512880,,2.4,,65580,,3.2,,439230,,2.3
"         Threatened with weapon",,1397480,,6.4,,150880,,7.4,,1224640,,6.3
"      Simple",,5773170,,26.6,,490160,,23.9,,5218500,,26.8
"         With minor injury",,1240330,,5.7,,106050,,5.2,,1106180,,5.7
"         Without injury",,4532840,,20.9,,384110,,18.7,,4112320,,21.1
"  Purse snatching/Pocket picking",,318300,,1.5,,55410,,2.7,,255960,,1.3
"                                                                                          ",,,,,,,,,,,,
"Population age 12 and over",,217234280,,"...",,20502470,,"...",,194729590,,"..."
,,,,,,,,,,,,
"Note: Detail may not add to total shown because of rounding.",,,,,,,,,,,,
"* Estimate is based on about 10 or fewer sample cases.",,,,,,,,,,,,
"... Not applicable.",,,,,,,,,,,,
"a/Includes data on persons whose ethnicity was not ascertained, which are not shown separately.",,,,,,,,,,,,
"b/Includes verbal threats of rape.",,,,,,,,,,,,
"c/Includes threats.",,,,,,,,,,,,
