"Bureau of Justice Statistics",,,,,,,,,,,,
"filename:  cv9621.csv",,,,,,,,,,,,
"Table 21: Victimization rates by race of head of household,",,,,,,,,,,,,
"annual family income and type of household burglary",,,,,,,,,,,,
"data source: National Criminal Victimization Survey, 1996   NCJ 174445",,,,,,,,,,,,
"produced by:  Cathy Maston ",,,,,,,,,,,,
"authors:  Patsy Klaus and Cathy Maston",,,,,,,,,,,,
"refer questions to:  askbjs@ojp.usdoj.gov     202-307-0765",,,,,,,,,,,,
"date of version: 06/30/00",,,,,,,,,,,,
,,,,,,,,,,,,
,,,,,,,,,,,,
,,,,,,,,,,,,
"Table 21. Household burglary, 1996:",,,,,,,,,,,,
,,,,,,,,,,,,
"Victimization rates by race of head of household,",,,,,,,,,,,,
"annual family income and type of household burglary",,,,,,,,,,,,
"       ",,,,,,,,,,,,
"                                                                                          ",,,,,,,,,,"Rate per 1,000 households",,
,,,,,,,,,"              Completed household burglary",,,
,,,"Total",,"All household",,"Forcible",,"Unlawful entry",,"Attempted",
"Race and income",,,"households",,"burglaries",,"entry",,"without force",,"forcible entry",
,,,,,,,,,,,,
,,,,,,,,,,,,
"White",,,,,,,,,,,,
,"Less than $7,500",,6468290,,63.3,,16.3,,37.2,,9.9,
,"$7,500-$14,999",,10623360,,57.0,,18.4,,28.9,,9.8,
,"$15,000-$24,999",,13189490,,42.9,,13.2,,19.6,,10.0,
,"$25,000-$34,999",,11765480,,45.4,,17.0,,22.5,,5.9,
,"$35,000-$49,999",,13246120,,38.3,,10.5,,22.4,,5.4,
,"$50,000-$74,999",,11273780,,36.7,,9.3,,23.4,,4.0,
,"$75,000 or more",,8708520,,42.9,,7.3,,29.6,,5.9,
,,,,,,,,,,,,
"Black",,,,,,,,,,,,
,"Less than $7,500",,2365540,,104.4,,43.9,,40.7,,19.7,
,"$7,500-$14,999",,2172070,,72.4,,31.2,,33.1,,8.1,"*"
,"$15,000-$24,999",,2038870,,71.0,,25.5,,33.1,,12.3,
,"$25,000-$34,999",,1389710,,63.8,,30.9,,16.0,"*",16.8,"*"
,"$35,000-$49,999",,1235060,,56.9,,33.5,,11.8,"*",11.6,"*"
,"$50,000-$74,999",,790490,,52.1,,29.2,"*",20.0,"*",2.9,"*"
,"$75,000 or more",,401110,,41.4,"*",0.0,"*",21.3,"*",20.1,"*"
,,,,,,,,,,,,
,,,,,,,,,,,,
"Note: Detail may not add to total shown because of rounding.",,,,,,,,,,,,
"Excludes data on families whose income level was not ascertained and data on persons of ""Other"" races.",,,,,,,,,,,,
"* Estimate is based on about 10 or fewer sample cases.",,,,,,,,,,,,
