"Bureau of Justice Statistics",,,,,,,,
"filename:  cv9601.csv",,,,,,,,
"Table 1: Number, percent distribution, and rate of victimizations,",,,,,,,,
"by type of crime",,,,,,,,
"data source: National Criminal Victimization Survey, 1996   NCJ 174445",,,,,,,,
"produced by:  Cathy Maston ",,,,,,,,
"authors:  Patsy Klaus and Cathy Maston",,,,,,,,
"refer questions to:  askbjs@ojp.usdoj.gov     202-307-0765",,,,,,,,
"date of version: 06/30/00",,,,,,,,
,,,,,,,,
,,,,,,,,
"Table 1. Personal and property crimes, 1996:",,,,,,,,
,,,,,,,,
"Number, percent distribution, and rate of victimizations,",,,,,,,,
"by type of crime",,,,,,,,
,,,,,,,,
"              ",,,,"Percent ",,,"Rate per",
" ",,"Number of",,"of all ",,,,"1,000 persons"
"Type of crime",,"victimizations",,"victimizations",,,,"or households"
"All crimes",,36795860,,100.0,"%",,"         ...",
"                                                                                      ",,,,,,,,
"Personal crimes",,9443260,,25.7,"%",,43.5,
,,,,,,,,
"Crimes of violence",,9124960,,24.8,,,42.0,
"   Completed violence",,2700040,,7.3,,,12.4,
"   Attempted/threatened violence",,6424920,,17.5,,,29.6,
"   Rape/Sexual assault",,307100,,0.8,,,1.4,
"      Rape/Attempted rape",,196660,,0.5,,,0.9,
"         Rape",,97580,,0.3,,,0.4,
"         Attempted rape/a",,99080,,0.3,,,0.5,
"      Sexual assault/b",,110430,,0.3,,,0.5,
"   Robbery",,1134330,,3.1,,,5.2,
"      Completed/property taken",,757340,,2.1,,,3.5,
"         With injury",,249530,,0.7,,,1.1,
"         Without injury",,507810,,1.4,,,2.3,
"      Attempted to take property",,376980,,1.0,,,1.7,
"         With injury",,79460,,0.2,,,0.4,
"         Without injury",,297520,,0.8,,,1.4,
"   Assault",,7683540,,20.9,,,35.4,
"      Aggravated",,1910370,,5.2,,,8.8,
"         With injury",,512880,,1.4,,,2.4,
"         Threatened with weapon",,1397480,,3.8,,,6.4,
"      Simple",,5773170,,15.7,,,26.6,
"         With minor injury",,1240330,,3.4,,,5.7,
"         Without injury",,4532840,,12.3,,,20.9,
"Purse snatching/Pocket picking",,318300,,0.9,,,1.5,
"   Completed purse snatching",,50530,,0.1,,,0.2,
"   Attempted purse snatching",,24800,"*",0.1,"*",,0.1,
"   Pocket picking",,242970,,0.7,,,1.1,
,,,,,,,,
"Total population age 12 and over",,217234280,,"...",,,"...",
,,,,,,,,
"Property crimes",,27352600,,74.3,"%",,266.3,
,,,,,,,,
"Household burglary",,4844690,,13.2,,,47.2,
"   Completed",,4055830,,11.0,,,39.5,
"      Forcible entry",,1511180,,4.1,,,14.7,
"      Unlawful entry without force",,2544650,,6.9,,,24.8,
"   Attempted forcible entry",,788860,,2.1,,,7.7,
"Motor vehicle theft",,1387440,,3.8,,,13.5,
"   Completed",,938300,,2.6,,,9.1,
"   Attempted",,449130,,1.2,,,4.4,
"Theft",,21120480,,57.4,,,205.7,
"   Completed",,20302810,,55.2,,,197.7,
"      Less than $50",,7579770,,20.6,,,73.8,
"      $50 - $249",,7373550,,20.0,,,71.8,
"      $250 or more",,4216070,,11.5,,,41.1,
"      Amount not available",,1133430,,3.1,,,11.0,
"   Attempted",,817660,,2.2,,,8.0,
,,,,,,,,
"Total number of households",,102697490,,"           ...",,,"           ...",
,,,,,,,,
"Note: Detail may not add to total shown because of rounding.",,,,,,,,
"Percent distribution is based on unrounded figures.",,,,,,,,
"* Estimate is based on about 10 or fewer sample cases. ",,,,,,,,
"... Not applicable.",,,,,,,,
"a/Includes verbal threats of rape.",,,,,,,,
"b/Includes threats.",,,,,,,,
