"Bureau of Justice Statistics",,,,,,,,
"filename:'CFJ945_5.csv",,,,,,,,
"Compendium of Federal Justice Statistics, 1994",,,,,,,,
"table # 5.5",,,,,,,,
"contents:  Federal case processing data",,,,,,,,
"data source: Federal Justice Statistics database maintained by the Urban Institute",,,,,,,,
"refer questions to: Scalia@ojp.usdoj.gov (202) 616-3276",,,,,,,,
"coordinator: John Scalia and Steve Smith (202) 616-3485",,,,,,,,
"date of version 2/20/98",,,,,,,,
,,,,,,,,
"Table 5.5.  Criminal appeals cases terminated on the merits, by nature of offense, 1994",,,,,,,,
,,,,,,,,
,,,,"Percent of criminal appeals cases terminated on the merits",,,,
,,,,,"Remanded or","Partial",,
"Offense of conviction",,,"Total","Affirmed","reversed","Part","Dismissed","Other"
,,"All offenses\a",9265,79.1,9.6,6.6,3.3,1.5
"Violent offenses",,,764,76.3,10.2,5.4,4.7,3.4
,,"Murder\b",91,79.1,7.7,8.8,0.0,4.4
,,"Negligent manslaughter",0,"...","...","...","...","..."
,,"Assault",86,76.7,15.1,4.7,2.3,1.2
,,"Robbery",458,74.7,10.3,4.1,7.0,3.9
,,"Rape",51,82.4,7.8,2.0,2.0,5.9
,,"Other sex offenses\b",27,77.8,7.4,14.8,0.0,0.0
,,"Kidnaping",42,83.3,2.4,11.9,2.4,0.0
,,"Threats against the President",9,55.6,44.4,0.0,0.0,0.0
"Property offenses",,,1504,74.3,12.4,7.8,3.4,2.0
,"Fraudulent",,1153,74.4,12.3,8.0,3.0,2.3
,,"Embezzlement",115,76.5,11.3,9.6,1.7,0.9
,,"Fraud\b",926,74.3,12.6,7.6,2.9,2.6
,,"Forgery",52,71.2,9.6,11.5,7.7,0.0
,,"Counterfeiting",60,75.0,11.7,8.3,3.3,1.7
,"Other",,351,74.1,12.8,7.4,4.6,1.1
,,"Burglary",25,72.0,12.0,0.0,8.0,8.0
,,"Larceny",133,68.4,14.3,7.5,9.0,0.8
,,"Motor vehicle theft",55,81.8,10.9,7.3,0.0,0.0
,,"Arson and explosives",56,85.7,5.4,7.1,1.8,0.0
,,"Transportation of stolen property",71,74.6,11.3,11.3,1.4,1.4
,,"Other property offenses",11,45.5,54.5,0.0,0.0,0.0
"Drug offenses",,,4775,81.6,7.6,6.8,2.9,1.0
"Public-order offenses",,,2031,77.2,11.9,6.2,3.5,1.2
,"Regulatory",,231,68.0,16.5,9.1,3.9,2.6
,,"Agriculture",12,91.7,8.3,0.0,0.0,0.0
,,"Antitrust",10,50.0,0.0,40.0,0.0,10.0
,,"Food and drug",10,80.0,10.0,0.0,10.0,0.0
,,"Transportation",11,81.8,9.1,0.0,0.0,9.1
,,"Civil rights",27,63.0,22.2,14.8,0.0,0.0
,,"Communications",6,100.0,0.0,0.0,0.0,0.0
,,"Custom laws",10,30.0,20.0,50.0,0.0,0.0
,,"Postal laws",6,100.0,0.0,0.0,0.0,0.0
,,"Other regulatory offenses",139,66.2,19.4,5.8,5.8,2.9
,"Other",,1800,78.4,11.3,5.8,3.4,1.1
,,"Weapons",1025,78.8,11.6,5.3,3.4,0.9
,,"Immigration offenses",195,84.6,6.7,1.0,4.6,3.1
,,"Tax law violations\b",115,80.9,7.0,9.6,2.6,0.0
,,"Bribery",35,71.4,8.6,11.4,8.6,0.0
,,"Perjury, contempt, and intimidation",77,75.3,14.3,9.1,1.3,0.0
,,"National defense",17,64.7,23.5,0.0,11.8,0.0
,,"Escape",71,85.9,5.6,2.8,2.8,2.8
,,"Racketeering and extortion",220,74.1,14.1,7.7,3.2,0.9
,,"Gambling",8,37.5,62.5,0.0,0.0,0.0
,,"Liquor offenses",1,100.0,0.0,0.0,0.0,0.0
,,"Obscene material\b",12,25.0,8.3,66.7,0.0,0.0
,,"Migratory birds",16,81.3,18.8,0.0,0.0,0.0
,,"Traffic",2,50.0,50.0,0.0,0.0,0.0
,,"All other offenses\b",6,100.0,0.0,0.0,0.0,0.0
"Unknown or indeterminable offense",,,191,82.7,7.9,1.0,5.8,2.6
,,,,,,,,
"a\Includes appeals for which an offense category could not be determined.",,,,,,,,
"b\See data note 1.",,,,,,,,
