"Bureau of Justice Statistics",,,,,,,,,
"filename:'CFJ945_1.csv",,,,,,,,,
"Compendium of Federal Justice Statistics, 1994, NCJ-163063, April 1998",,,,,,,,,
"table # 5.1",,,,,,,,,
"contents:  Federal case processing data",,,,,,,,,
"data source: Federal Justice Statistics database maintained by the Urban Institute",,,,,,,,,
"refer questions to: Scalia@ojp.usdoj.gov (202) 616-3276",,,,,,,,,
"coordinator: John Scalia and Steve Smith (202) 616-3485",,,,,,,,,
"date of version 2/20/98",,,,,,,,,
,,,,,,,,,
"Table 5.1.  Criminal appeals filed, by type of criminal case and offense, 1994",,,,,,,,,
,,,,,,,,,
,,,"Number of criminal appeals filed",,,,,,
,,,,,"Guidelines-based appeals",,,,
,,,,,,,,"Sentenced",
,,,,,,"Sentenced","Conviction","and",
"Offense of conviction",,,"Total","Preguideline","Total","only","only","conviction","Other"
,,"All offenses",10674,1450,9224,2614,1344,4824,442
"Violent offenses",,,856,124,732,256,91,342,43
,,"Murder*",125,57,68,9,11,43,5
,,"Negligent manslaughter",1,0,1,1,0,0,0
,,"Assault",103,19,84,28,12,40,4
,,"Robbery",504,40,464,181,55,201,27
,,"Rape",44,3,41,18,5,18,0
,,"Other sex offenses*",26,1,25,6,6,12,1
,,"Kidnaping",45,2,43,12,2,25,4
,,"Threats against the President",8,2,6,1,0,3,2
"Property offenses",,,1949,244,1705,556,227,845,77
,"Fraudulent",,1410,183,1227,412,159,595,61
,,"Embezzlement",101,14,87,22,12,46,7
,,"Fraud*",1182,150,1032,351,130,503,48
,,"Forgery",68,12,56,22,12,20,2
,,"Counterfeiting",59,7,52,17,5,26,4
,"Other",,539,61,478,144,68,250,16
,,"Burglary",23,3,20,7,4,8,1
,,"Larceny",240,28,212,74,34,98,6
,,"Motor vehicle theft",135,11,124,31,16,76,1
,,"Arson and explosives",66,11,55,12,9,31,3
,,"Transportation of stolen property",62,6,56,17,2,33,4
,,"Other property offenses",13,2,11,3,3,4,1
"Drug offenses",,,5102,607,4495,1160,675,2445,215
"Public-order offenses",,,2439,329,2110,577,319,1118,96
,"Regulatory",,288,59,229,63,35,121,10
,,"Agriculture",12,1,11,3,1,7,0
,,"Antitrust",7,0,7,1,1,5,0
,,"Food and drug",12,2,10,5,0,4,1
,,"Transportation",13,0,13,2,3,6,2
,,"Civil rights",26,8,18,1,6,10,1
,,"Communications",8,2,6,1,2,2,1
,,"Custom laws",18,4,14,4,2,7,1
,,"Postal laws",12,1,11,3,6,1,1
,,"Other regulatory offenses",180,41,139,43,14,79,3
,"Other",,2151,270,1881,514,284,997,86
,,"Weapons",1141,115,1026,246,167,570,43
,,"Immigration offenses",261,24,237,103,23,106,5
,,"Tax law violations*",146,38,108,26,13,62,7
,,"Bribery",54,5,49,15,6,26,2
,,"Perjury, contempt, and intimidation",108,16,92,16,23,46,7
,,"National defense",19,6,13,4,4,5,0
,,"Escape",119,18,101,37,12,47,5
,,"Racketeering and extortion",259,37,222,58,27,125,12
,,"Gambling",9,2,7,1,2,2,2
,,"Liquor offenses",2,0,2,2,0,0,0
,,"Obscene material*",5,1,4,3,0,0,1
,,"Migratory birds",21,4,17,3,5,7,2
,,"Traffic",2,1,1,0,1,0,0
,,"All other offenses*",5,3,2,0,1,1,0
"Unknown or indeterminable offense",,,328,146,182,65,32,74,11
,,,,,,,,,
"*See data note 1.",,,,,,,,,
