"Bureau of Justice Statistics",,,,,,,,,
"filename:'CFJ945_3.csv",,,,,,,,,
"Compendium of Federal Justice Statistics, 1994",,,,,,,,,
"table # 5.3",,,,,,,,,
"contents:  Federal case processing data",,,,,,,,,
"data source: Federal Justice Statistics database maintained by the Urban Institute",,,,,,,,,
"refer questions to: Scalia@ojp.usdoj.gov (202) 616-3276",,,,,,,,,
"coordinator: John Scalia and Steve Smith (202) 616-3485",,,,,,,,,
"date of version 2/20/98",,,,,,,,,
,,,,,,,,,
"Table 5.3.  Criminal appeals terminated, by type of criminal case and offense, 1994",,,,,,,,,
,,,,,,,,,
,,,"Number of criminal appeals terminated",,,,,,
,,,,,"Guidelines-based appeals",,,,
,,,,,,,,"Sentenced",
,,,,,,"Sentenced","Conviction","and",
"Offense of conviction",,,"Total","Preguideline","Total","only","only","conviction","Other"
,,"All offenses",11708,1721,9987,2710,1496,5347,434
"Violent offenses",,,913,108,805,250,132,405,18
,,"Murder*",108,38,70,5,24,38,3
,,"Negligent manslaughter",1,0,1,1,0,0,0
,,"Assault",105,12,93,16,18,53,6
,,"Robbery",548,46,502,190,68,236,8
,,"Rape",60,2,58,19,11,28,0
,,"Other sex offenses*",32,3,29,2,6,21,0
,,"Kidnaping",49,7,42,13,5,23,1
,,"Threats against the President",10,0,10,4,0,6,0
"Property offenses",,,2024,358,1666,538,244,815,69
,"Fraudulent",,1564,292,1272,415,180,623,54
,,"Embezzlement",151,31,120,35,9,66,10
,,"Fraud*",1271,242,1029,343,150,496,40
,,"Forgery",62,13,49,17,6,24,2
,,"Counterfeiting",80,6,74,20,15,37,2
,"Other",,460,66,394,123,64,192,15
,,"Burglary",31,5,26,8,5,12,1
,,"Larceny",188,24,164,66,22,70,6
,,"Motor vehicle theft",69,5,64,13,14,35,2
,,"Arson and explosives",74,12,62,17,15,28,2
,,"Transportation of stolen property",86,16,70,16,7,43,4
,,"Other property offenses",12,4,8,3,1,4,0
"Drug offenses",,,5870,728,5142,1272,749,2871,250
"Public-order offenses",,,2594,387,2207,587,350,1183,87
,"Regulatory",,298,59,239,65,44,116,14
,,"Agriculture",12,2,10,2,2,6,0
,,"Antitrust",10,0,10,3,3,4,0
,,"Food and drug",11,6,5,3,1,1,0
,,"Transportation",12,0,12,1,3,6,2
,,"Civil rights",33,8,25,2,6,14,3
,,"Communications",6,0,6,2,3,1,0
,,"Custom laws",12,3,9,3,1,5,0
,,"Postal laws",11,2,9,1,5,1,2
,,"Other regulatory offenses",191,38,153,48,20,78,7
,"Other",,2296,328,1968,522,306,1067,73
,,"Weapons",1246,150,1096,268,187,605,36
,,"Immigration offenses",254,25,229,90,14,120,5
,,"Tax law violations*",170,37,133,28,28,71,6
,,"Bribery",52,15,37,10,2,24,1
,,"Perjury, contempt, and intimidation",114,16,98,21,20,50,7
,,"National defense",21,9,12,5,3,4,0
,,"Escape",111,18,93,42,9,38,4
,,"Racketeering and extortion",266,48,218,48,32,128,10
,,"Gambling",10,1,9,0,1,6,2
,,"Liquor offenses",3,0,3,2,0,1,0
,,"Obscene material*",14,4,10,4,0,5,1
,,"Migratory birds",26,3,23,4,7,11,1
,,"Traffic",2,0,2,0,1,1,0
,,"All other offenses*",7,2,5,0,2,3,0
"Unknown or indeterminable offense",,,307,140,167,63,21,73,10
,,,,,,,,,
"*See data note 1.",,,,,,,,,
