Bureau of Justice Statistics,,,,,,,,
filename: cjf06t0.csv,,,,,,,,
" Table  5.  Number of jail facilities by gender of inmates authorized to house, 2006",,,,,,,,
Data source: 2006 Census of Jail Facilities,,,,,,,,
author: James Stephan,,,,,,,,
refer questions to: askbjs@ojp.usdoj.gov (202)307-0765,,,,,,,,
"date of version: December 19, 2011",,,,,,,,
,,,,,,,,
"Table 5.  Number of jail facilities by sex of inmates authorized to house, 2006",,,,,,,,
,,,,,,,,
,,,,,,Number of facilities,,
,,,,,,authorized to house --,,
,,,,,,,,
,,,,,Total ,,,Both
Region &,,,,,reporting ,Men ,Women ,Men and
jurisdiction,,,Total,,gender data,only, only,women
,,,,,,,,
U.S.total,,,"3,283",,"3,246",425,32,"2,789"
,,,,,,,,
Federal,,,12,,12,2,0,10
State,,,"3,271",,"3,234",423,32,"2,779"
,,,,,,,,
Northeast, ,,223,,222,45,7,170
,Maine,,15,,15,1,0,14
,Massachusetts,,22,,22,9,1,12
,New Hampshire,,10,,10,1,0,9
,New Jersey,,25,,25,3,1,21
,New York,,74,,74,18,2,54
,Pennsylvania,,77,,76,13,3,60
,,,,,,,,
Midwest, ,,969,,963,89,1,873
,Illinois,,94,,93,3,0,90
,Indiana,,95,,94,6,0,88
,Iowa,,94,,94,9,0,85
,Kansas,,98,,96,13,0,83
,Michigan,,93,,93,8,0,85
,Minnesota,,78,,78,10,1,67
,Missouri,,122,,122,14,0,108
,Nebraska,,63,,63,9,0,54
,North Dakota,,22,,22,1,0,21
,Ohio,,104,,104,12,0,92
,South Dakota,,29,,29,2,0,27
,Wisconsin,,77,,75,2,0,73
,,,,,,,,
South, ,,"1,558",,"1,536",219,15,"1,302"
,Alabama,,141,,141,8,0,133
,Arkansas,,83,,82,11,0,71
,Dist. of Col.,,6,,6,3,1,2
,Florida,,102,,101,13,2,86
,Georgia,,193,,193,39,1,153
,Kentucky,,78,,77,7,0,70
,Louisiana,,115,,111,48,5,58
,Maryland,,30,,30,1,0,29
,Mississippi,,95,,95,16,2,77
,North Carolina,,104,,103,18,1,84
,Oklahoma,,93,,93,1,0,92
,South Carolina,,52,,52,7,0,45
,Tennessee,,109,,103,11,1,91
,Texas,,266,,258,25,1,232
,Virginia,,78,,78,11,1,66
,West Virginia,,13,,13,0,0,13
,,,,,,,,
West, ,,521,,513,70,9,434
,Alaska,,15,,15,0,0,15
,Arizona,,30,,30,10,1,19
,California,,130,,127,35,7,85
,Colorado,,62,,62,4,1,57
,Idaho,,40,,39,7,0,32
,Montana,,40,,40,3,0,37
,Nevada,,22,,21,0,0,21
,New Mexico,,32,,31,1,0,30
,Oregon,,36,,36,3,0,33
,Utah,,28,,27,2,0,25
,Washington,,64,,63,5,0,58
,Wyoming,,22,,22,0,0,22
,,,,,,,,
"Note:  Data as of June 30, 1999 and March 31, 2006. ",,,,,,,,
"Five States -- Connecticut, Delaware, Hawaii, Rhode Island, and Vermont had integrated jail/prison systems and were excluded from the report.  Except for 15 locally operated jails, Alaska has an integrated",,,,,,,,
jail/prison system. Information on gender of inmates authorized to house was not reported for 37 facilities.,,,,,,,,
