Bureau of Justice Statistics,,,,
filename: cjf06t06.csv,,,,
"Table 6.  Number of contract jail facilities, 1999 and 2006",,,,
"report title:  Census of Jail Facilities, 2006  NCJ  230188",,,,
data source: 2006 Census of Jail Facilities,,,,
author: James Stephan,,,,
refer questions to: askbjs@ojp.usdoj.gov (202)307-0765,,,,
"date of version: December 19, 2011",,,,
,,,,
"Table 6.  Number of contract jail facilities, 1999 and 2006",,,,
,,,,
,,1999,2006,Difference
Region and jurisdiction,,,,
U.S. total/*,,47,37,-10
,,,,
Northeast, ,5,4,-1
,Maine,0,0,0
,Massachusetts,0,0,0
,New Hampshire,0,0,0
,New Jersey,0,0,0
,New York,0,0,0
,Pennsylvania,5,4,-1
,,,,
Midwest, ,7,8,1
,Illinois,1,1,0
,Indiana,1,1,0
,Iowa,0,0,0
,Kansas,1,1,0
,Michigan,0,0,0
,Minnesota,1,1,0
,Missouri,1,3,2
,Nebraska,0,0,0
,North Dakota,0,0,0
,Ohio,2,1,-1
,South Dakota,0,0,0
,Wisconsin,0,0,0
,,,,
South, ,20,16,-4
,Alabama,0,1,1
,Arkansas,0,0,0
,District of Columbia,0,0,0
,Florida,5,3,-2
,Georgia,1,0,-1
,Kentucky,2,0,-2
,Louisiana,0,0,0
,Maryland,0,0,0
,Mississippi,1,1,0
,North Carolina,0,0,0
,Oklahoma,0,0,0
,South Carolina,0,0,0
,Tennessee,3,3,0
,Texas,8,8,0
,Virginia,0,0,0
,West Virginia,0,0,0
,,,,
West, ,15,9,-6
,Alaska,0,0,0
,Arizona,0,0,0
,California,8,5,-3
,Colorado,2,1,-1
,Idaho,0,0,0
,Montana,0,0,0
,Nevada,0,0,0
,New Mexico,4,3,-1
,Oregon,0,0,0
,Utah,0,0,0
,Washington,1,0,-1
,Wyoming,0,0,0
"Note: Data as of March 31, 2006. Excludes combined prison-jail systems in Alaska, Connecticut, Delaware, Hawaii, Rhode Island, and Vermont; includes 15 locally operated jails in Alaska. ",,,,
,,,,
* Administered by private or public entities under contract to city or county governments.,,,,
