Bureau of Justice Statistics,,,,,,,,,,
filename  cjf06t04.csv,,,,,,,,,,
"Table 4. Number of  local jail facilities by function, 2006",,,,,,,,,,
"report title:  Census of Jail Facilities, 2006  NCJ  230188",,,,,,,,,,
data source: 2006 Census of Jail Facilities,,,,,,,,,,
author: James Stephan,,,,,,,,,,
refer questions to: askbjs@ojp.usdoj.gov  (202) 307-0765,,,,,,,,,,
"date of version:December 19, 2011",,,,,,,,,,
,,,,,,,,,,
"Table 4. Number of  local jail facilities by function, 2006",,,,,,,,,,
,,,,,,,,,,
,,,,,,,,,,
,,,,Number of jail facilities that provided --,,,,,,
,,,,,,,,,,
Region,,,Probationer/a,,,Hospitaliza-,,,,
and ,,General,parolee,Work ,"Reception,",tion or,Youthful,Alcohol,,
State,,population,return to,release or,"diagnosis, or",medical,offender ,or drug,Boot,
,,confinement,custody,prerelease,classification,treatment,confinement,treament,camp,Other /b.
    Number of ,,,,,,,,,,
    jail facilities reporting /c.,,,,,,,,,,
,,"3,184","2,142","1,496",805,421,382,314,19,72
Northeast,,,,,,,,,,
, ,213,175,119,98,52,64,55,1,9
,Maine,15,13,10,6,1,0,2,0,0
,Massachusetts,21,17,14,12,7,4,10,1,2
,New Hampshire,10,6,7,4,2,0,2,0,0
,New Jersey,25,22,16,16,9,3,9,0,1
,New York,70,52,8,23,11,28,5,0,4
,Pennsylvania,72,65,64,37,22,29,27,0,2
Midwest,,,,,,,,,,
, ,955,639,579,223,66,89,71,4,7
,Illinois,92,56,64,23,11,12,6,0,0
,Indiana,93,60,42,10,3,2,5,1,1
,Iowa,94,63,59,14,4,21,2,0,0
,Kansas,96,73,56,8,6,2,6,1,2
,Michigan,92,72,68,44,16,16,22,1,4
,Minnesota,76,64,66,42,7,5,4,0,0
,Missouri,122,70,40,9,6,2,6,1,0
,Nebraska,63,42,44,16,4,8,4,0,0
,North Dakota,22,19,20,6,0,4,1,0,0
,Ohio,102,52,39,33,8,6,14,0,0
,South Dakota,28,15,22,4,0,5,1,0,0
,Wisconsin,75,53,59,14,1,6,0,0,0
South,,,,,,,,,,
, ,"1,521","1,005",574,355,241,173,146,9,38
,Alabama,141,71,49,19,21,25,10,1,1
,Arkansas,81,53,26,11,5,7,2,0,1
,Dist. of Col.,3,4,4,2,1,2,1,0,0
,Florida,95,54,30,30,19,16,13,3,5
,Georgia,191,127,45,27,33,6,8,0,4
,Kentucky,77,62,65,32,17,0,29,1,9
,Louisiana,110,61,35,29,14,6,4,1,2
,Maryland,30,16,20,10,4,2,8,0,3
,Mississippi,92,76,41,28,42,55,25,1,0
,North Carolina,102,65,27,24,22,18,6,1,1
,Oklahoma,92,59,19,17,10,16,4,0,0
,South Carolina,51,27,15,14,8,2,3,0,5
,Tennessee,106,84,48,13,12,5,16,0,4
,Texas,259,185,98,83,26,6,11,1,2
,Virginia,78,53,44,15,7,7,6,0,1
,West Virginia,13,8,8,1,0,0,0,0,0
West,,,,,,,,,,
, ,495,323,224,129,62,56,42,5,18
,Alaska,15,9,0,2,0,1,0,0,0
,Arizona,27,15,18,8,4,5,1,0,1
,California,119,75,38,37,23,3,10,2,8
,Colorado,58,48,52,16,6,10,6,1,5
,Idaho,39,33,29,20,6,11,6,0,1
,Montana,39,20,6,5,4,4,2,0,0
,Nevada,22,13,4,4,2,0,1,0,0
,New Mexico,31,25,15,12,5,7,3,0,1
,Oregon,35,27,15,10,7,3,4,1,0
,Utah,26,13,14,3,0,1,2,0,0
,Washington,62,29,24,10,4,6,5,0,2
,Wyoming,22,16,9,2,1,5,2,1,0
"Note: Data as March 31, 2006. Data may sum to more than the total because some facilities had more than one function.",,,,,,,,,,
"Excludes combined prison jail systems in Alaska, Connecticut, Delaware, Hawaii, Rhode Island, and Vermont; includes 15 locally operated jail in Alaska.",,,,,,,,,,
a. Probationers and parolees who have been returned to jail.,,,,,,,,,,
"b. Includes psychiatric care housing, inmates under state jurisdiction for a limited period, jurisdiction maintenance, and law library services.",,,,,,,,,,
c. Includes only facilities that provided these jail functions.,,,,,,,,,,
