Bureau of Justice Statistics,,,,,,
Filename: dcfsa19t04.csv,,,,,,
"Table 4. Prohibited acts by federal prisoners that resulted in reductions in rewards, incentives, or time credits, by security level of facility, 2018",,,,,,
"Report title: Data Collected Under the First Step Act, 2019   NCJ 254268",,,,,,
"Data Source:  Bureau of Justice Statistics, National Prisoner Statistics, First Step Act Supplement, 2018.",,,,,,
"Author: E. Ann Carson, Ph.D., BJS Statistician",,,,,,
Refer questions to: askbjs@usdoj.gov   202-307-0765,,,,,,
Date of version: 3/9/2020,,,,,,
,,,,,,
"Table 4. Prohibited acts by federal prisoners that resulted in reductions in rewards, incentives, or time credits, by security level of facility, 2018",,,,,,
,,Severity of act,,,,
Security level of facility,,Total,Low,Moderate,High,Greatest
,Total prohibited acts,"87,628",333,"43,690","23,331","20,274"
Administrative,,"9,764",91,"5,376","2,906","1,391"
Minimum,,"1,798",27,"1,168",205,398
Low,,"14,495",85,"8,112","2,760","3,538"
Medium,,"39,897",103,"21,176","9,543","9,075"
High,,"21,674",27,"7,858","7,917","5,872"
"Note: This table responds to P.L. 115-391 Section 610, Item 21. Includes prohibited acts by prisoners in the custody of publicly operated federal correctional facilities in 2018. Excludes acts by prisoners held in privately operated federal correctional facilities. Time credits for the First Step Act were not earned in 2018 and were therefore unaffected by prohibited acts. See Terms and definitions.",,,,,,
"Source: Bureau of Justice Statistics, National Prisoner Statistics, First Step Act Supplement, 2018.",,,,,,
