Bureau of Justice Statistics,,,
Filename: dcfsa19t02.csv,,,
"Table 2. Medical conditions, testing, and treatment of federal prisoners, 2018",,,
"Report title: Data Collected Under the First Step Act, 2019   NCJ 254268",,,
"Data Source: Bureau of Justice Statistics, National Prisoner Statistics, First Step Act Supplement, 2018.",,,
"Author: E. Ann Carson, Ph.D., BJS Statistician",,,
Refer questions to: askbjs@usdoj.gov   202-307-0765,,,
Date of version: 3/9/2020,,,
,,,
"Table 2. Medical conditions, testing, and treatment of federal prisoners, 2018",,,
"Medical condition, testing, and treatment/FSA item",,,Number
Pregnancy outcomes (Item 3)/a,,,
,Total pregnancies/a,,171
,,Live birth,86
,,Unknown because prisoner was released before pregnancy's conclusion,77
,,Miscarriage,5
,,Abortion,3
,,Ectopic pregnancy,0
,,Maternal death,0
,,Neonatal death,0
,,Preterm birth,0
,,Stillbirth,0
Incidents of restraints used on prisoners during pregnancy (Item 12)/b,,,
,Total incidents,,2
,,Prisoner was pregnant,2
,,Prisoner was in labor,0
,,Prisoner was in postpartum recovery,0
,Total prisoners,,1
,,Hand restraints used,2
,,Leg restraints used,0
Prisoners who received medication-assisted treatment approved by the U.S. Food and Drug Administration while in BOP custody to treat a substance-abuse disorder (Item 5)/c,,,0
Prisoners who volunteered for/participated in substance-abuse treatment programs (Item 4)/d,,,
,Non-Residential Drug Abuse Program,,
,,Volunteered,"16,077"
,,Participated,"24,190"
,Residential Drug Abuse Program,,
,,Volunteered,"8,903"
,,Participated,"15,138"
,Challenge Program,,
,,Volunteered,675
,,Participated,"1,670"
"a/Outcomes are not mutually exclusive. Includes prisoners who were female, in the custody of publicly operated federal correctional facilities and community-based facilities, and known to be pregnant during the year. The Federal Bureau of Prisons (BOP) does not house females in privately operated federal correctional facilities.",,,
b/Includes prisoners in the custody of publicly operated federal correctional facilities. Excludes prisoners held in privately operated federal correctional facilities during the year. The BOP does not house females in privately operated federal correctional facilities.,,,
c/Includes prisoners in the custody of publicly operated federal correctional facilities who received medication-assisted treatment during the year.,,,
"d/Includes prisoners in the custody of publicly or privately operated federal correctional facilities during the year. Participation in the program depends on available space or expected release date. Not all volunteers participated, and not all participants volunteered. See Terms and definitions.",,,
"Source: Bureau of Justice Statistics, National Prisoner Statistics, First Step Act Supplement, 2018.",,,
