"Bureau of Justice Statistics",,,,,,,,,,,,,,,,,,,
"filename:  cv9976.csv",,,,,,,,,,,,,,,,,,,
"Table 76: Percent distribution of victims receiving medical care,",,,,,,,,,,,,,,,,,,,
"by type of crime and where care was received",,,,,,,,,,,,,,,,,,,
"data source: National Criminal Victimization Survey, 1999   NCJ 184938",,,,,,,,,,,,,,,,,,,
"produced by:  Cathy Maston ",,,,,,,,,,,,,,,,,,,
"authors:  Patsy Klaus and Cathy Maston",,,,,,,,,,,,,,,,,,,
"refer questions to:  askbjs@ojp.usdoj.gov     202-307-0765",,,,,,,,,,,,,,,,,,,
"date of version: 11/13/00",,,,,,,,,,,,,,,,,,,
,,,,,,,,,,,,,,,,,,,
,,,,,,,,,,,,,,,,,,,
"Table 76. Personal crimes of violence, 1999:",,,,,,,,,,,,,,,,,,,
,,,,,,,,,,,,,,,,,,,
"Percent distribution of victims receiving medical care,",,,,,,,,,,,,,,,,,,,
"by type of crime and where care was received",,,,,,,,,,,,,,,,,,,
,,,,,,,,,,,,,,,,,,,
,,,,"                                                                         Percent distribution of where care was received",,,,,,,,,,,,,,,
,,,,,,,,,,,,,,"Emergency",,,,,
,,"Number of",,,,,,"At home",,"Health unit",,"Doctor's",,"room at",,,,,
,,"locations where",,,,,,"or neighbor's",,"at work or",,"office",,"hospital;",,,,,
,,"victims received",,,,"At the",,"or friend's",,"first-aid",,"or health",,"emergency",,,,,
"Type of crime",,"medical care",," Total",,"scene",,"home",,"station",,"clinic",,"clinic",,"Hospital",,"Other",
,,,,,,,,,,,,,,,,,,,
,,,,,,,,,,,,,,,,,,,
"Crimes of violence",,972250,,100,"%",9.4,"%",26.2,"%",3.9,"%",10.0,"%",32.7,"%",13.0,"%",3.7,"%"
,,,,,,,,,,,,,,,,,,,
"   Completed violence",,921860,,100,,9.9,,24.7,,3.8,,10.2,,33.2,,13.3,,3.9,
"   Attempted/threatened violence",,50390,,100,,"0.0 ","*",53.4,"*",6.5,"*",6.3,"*",25.3,"*",8.6,"*","0.0 ","*"
"   Rape/Sexual assault/a",,102700,,100,,6.6,"*",20.2,"*",3.3,"*",21.5,"*",20.9,"*",24.7,"*",2.8,"*"
"   Robbery",,119120,,100,,4.9,"*",44.8,,4.9,"*","0.0 ","*",34.0,,11.5,"*","0.0 ","*"
"      Completed/property taken",,78460,,100,,7.4,"*",37.8,,3.2,"*","0.0 ","*",39.7,,11.9,"*","0.0 ","*"
"      Attempted to take property",,40660,,100,,"0.0 ","*",58.4,"*",8.0,"*","0.0 ","*",22.9,"*",10.7,"*","0.0 ","*"
"   Assault",,750440,,100,,10.5,,24.0,,3.8,"*",10.1,,34.2,,11.7,,4.4,
"      Aggravated",,349560,,100,,10.1,,21.3,,1.4,"*",8.3,,35.9,,19.4,,2.5,"*"
"      Simple",,400880,,100,,10.9,,26.4,,5.9,"*",11.6,,32.7,,4.9,"*",6.2,"*"
,,,,,,,,,,,,,,,,,,,
,,,,,,,,,,,,,,,,,,,
"Note: Detail may not add to total shown because of rounding.",,,,,,,,,,,,,,,,,,,
"Some respondents may have received medical attention at more than one location.",,,,,,,,,,,,,,,,,,,
"* Estimate is based on about 10 or fewer sample cases.",,,,,,,,,,,,,,,,,,,
"a/Includes verbal threats of rape and threats of sexual assault.",,,,,,,,,,,,,,,,,,,
