"Bureau of Justice Statistics",,,,,,,,,,,,,,,,,,,
"filename:  cv9974.csv",,,,,,,,,,,,,,,,,,,
"Table 74: Percent distribution of victimizations in which",,,,,,,,,,,,,,,,,,,
"self-protective measures taken by the victim were harmful",,,,,,,,,,,,,,,,,,,
"data source: National Criminal Victimization Survey, 1999   NCJ 184938",,,,,,,,,,,,,,,,,,,
"produced by:  Cathy Maston ",,,,,,,,,,,,,,,,,,,
"authors:  Patsy Klaus and Cathy Maston",,,,,,,,,,,,,,,,,,,
"refer questions to:  askbjs@ojp.usdoj.gov     202-307-0765",,,,,,,,,,,,,,,,,,,
"date of version: 11/13/00",,,,,,,,,,,,,,,,,,,
,,,,,,,,,,,,,,,,,,,
,,,,,,,,,,,,,,,,,,,
"Table 74. Personal crimes of violence, 1999:",,,,,,,,,,,,,,,,,,,
,,,,,,,,,,,,,,,,,,,
"Percent distribution of victimizations in which",,,,,,,,,,,,,,,,,,,
"self-protective measures taken by the victim were harmful",,,,,,,,,,,,,,,,,,,
,,,,,,,,,,,,,,,,,,,
,,,,"                                                                                                       Percent of victimizations",,,,,,,,,,,,,,,
,,,,,,"Made",,"Led to ",,"  Caused",,,,,,"Made",,,
"       ",,,,,,"offender",,"injury or",,"  greater",,"  Caused",,"  Let",,"situation",,,
"                                                                                                                            ",,"Number of",,,,"angrier, more",,"greater",,"  property",,"  others to",,"  offender",,"worse in",,"  Not",
"Type of crime",,"victimizations",," Total",,"aggressive",,"injury",,"  damage",,"  get hurt",,"  get away",,"other ways",,"  available",
,,,,,,,,,,,,,,,,,,,
,,,,,,,,,,,,,,,,,,,
"Crimes of violence/a",,943740,,100,"%",70.9,"%",6.9,"%",1.2,"%*",2.6,"%*",2.8,"%",14.5,"%",1.1,"%*"
,,,,,,,,,,,,,,,,,,,
"   Robbery",,99240,,100,,51.8,,14.1,"*",4.2,"*",2.7,"*",13.3,"*",14.0,"*","0.0 ","*"
"   Assault",,788310,,100,,74.2,,4.8,,0.9,"*",2.7,"*",1.1,"*",14.9,,1.3,"*"
"      Aggravated",,178860,,100,,70.4,,10.3,"*","0.0 ","*",1.3,"*","0.0 ","*",18.0,,"0.0 ","*"
"      Simple",,609460,,100,,75.3,,3.2,"*",1.2,"*",3.2,"*",1.4,"*",14.0,,1.7,"*"
,,,,,,,,,,,,,,,,,,,
,,,,,,,,,,,,,,,,,,,
"Note: Detail may not add to total shown because of rounding.",,,,,,,,,,,,,,,,,,,
"Excludes victimizations in which no self-protective actions were taken.",,,,,,,,,,,,,,,,,,,
"* Estimate is based on about 10 or fewer sample cases.",,,,,,,,,,,,,,,,,,,
"a/Includes data on rape and sexual assault, not shown separately.",,,,,,,,,,,,,,,,,,,
