"Bureau of Justice Statistics",,,,,,,,,,,,,,,,,,
"filename:  cv9960.csv",,,,,,,,,,,,,,,,,,
"Table 60: Percent distribution of incidents, by type of crime,",,,,,,,,,,,,,,,,,,
"type of offender and time of occurrence",,,,,,,,,,,,,,,,,,
"data source: National Criminal Victimization Survey, 1999   NCJ 184938",,,,,,,,,,,,,,,,,,
"produced by:  Cathy Maston ",,,,,,,,,,,,,,,,,,
"authors:  Patsy Klaus and Cathy Maston",,,,,,,,,,,,,,,,,,
"refer questions to:  askbjs@ojp.usdoj.gov     202-307-0765",,,,,,,,,,,,,,,,,,
"date of version: 11/13/00",,,,,,,,,,,,,,,,,,
,,,,,,,,,,,,,,,,,,
,,,,,,,,,,,,,,,,,,
"Table 60. Personal robbery and assault",,,,,,,,,,,,,,,,,,
"by armed or unarmed offenders, 1999:",,,,,,,,,,,,,,,,,,
,,,,,,,,,,,,,,,,,,
"Percent distribution of incidents, by type of crime,",,,,,,,,,,,,,,,,,,
"type of offender and time of occurrence",,,,,,,,,,,,,,,,,,
,,,,,,,,,,,,,,,,,,
,,,,,"                                                                                                      Percent of incidents",,,,,,,,,,,,,
,,,,,,,"Daytime",,"                                                    Nighttime",,,,,,,,"Not known",
"Type of crime",,,"  Number of",,,,"6 a.m. -",,,,"6 p.m.-",,"Midnight -",,"  Not",,"and not",
"and offender",,,"  incidents",,"Total",,"6 p.m.",,"  Total",,"midnight",,"6 a.m.",,"  known",,"available",
,,,,,,,,,,,,,,,,,,
,,,,,,,,,,,,,,,,,,
"Robbery",,,,,,,,,,,,,,,,,,
,"By armed offenders",,333320,,100,"%",28.6,"%",48.8,"%",0.4,"%*",16.8,"%",31.7,"%",22.6,"%"
,"By unarmed offenders",,311820,,100,"%",57.0,,32.7,,3.2,"*",16.0,,13.6,,10.3,
,,,,,,,,,,,,,,,,,,
"Assault",,,,,,,,,,,,,,,,,,
,"By armed offenders",,1231850,,100,"%",44.8,,40.6,,1.8,"*",20.8,,17.9,,14.6,
,"By unarmed offenders",,3922580,,100,"%",57.5,,33.2,,3.0,,14.3,,15.9,,9.4,
,,,,,,,,,,,,,,,,,,
,,,,,,,,,,,,,,,,,,
"Note: Detail may not add to total shown because of rounding.",,,,,,,,,,,,,,,,,,
"Excludes data in which the presence of a weapon was not ascertained.",,,,,,,,,,,,,,,,,,
"* Estimate is based on about 10 or fewer sample cases.",,,,,,,,,,,,,,,,,,
