"Bureau of Justice Statistics",,,,,,
"filename:  cv9988.csv",,,,,,
"Table 88: Percent of victimizations resulting in loss of time",,,,,,
"from work, by type of crime and race of victims",,,,,,
"data source: National Criminal Victimization Survey, 1999   NCJ 184938",,,,,,
"produced by:  Cathy Maston ",,,,,,
"authors:  Patsy Klaus and Cathy Maston",,,,,,
"refer questions to:  askbjs@ojp.usdoj.gov     202-307-0765",,,,,,
"date of version: 11/13/00",,,,,,
,,,,,,
,,,,,,
"Table 88. Selected personal and property crimes, 1999:",,,,,,
,,,,,,
"Percent of victimizations resulting in loss of time",,,,,,
"from work, by type of crime and race of victims",,,,,,
,,,,,,
,,,"                Percent of all victimizations",,,
"Type of crime",,,"       White",,"       Black",
"All personal crimes/a",,,6.9,"%",7.4,"%"
,,,,,,
"Crimes of violence",,,7.0,,7.5,
"   Completed violence",,,15.1,,16.4,
"   Attempted/threatened violence",,,3.5,,2.7,"*"
"   Rape/Sexual assault/b",,,12.6,,7.0,"*"
"   Robbery",,,6.7,,12.9,"*"
"   Assault",,,6.7,,6.2,
,,,,,,
"All property crimes",,,5.0,"%",5.0,"%"
,,,,,,
"   Completed",,,5.1,,5.1,
"   Attempted",,,3.8,,2.9,"*"
"   Household burglary",,,5.7,,6.3,
"   Motor vehicle theft                     ",,,19.2,,14.3,
"   Theft",,,4.0,,3.8,
,,,,,,
"Note: Excludes data on persons of ""Other"" races.",,,,,,
"* Estimate is based on about 10 or fewer sample cases.",,,,,,
"a/Includes data on purse snatching/pocket picking, not shown separately.",,,,,,
"b/Includes verbal threats of rape and threats of sexual assault.",,,,,,
