"Bureau of Justice Statistics",,,,,,,,,,,,,,,,
"filename: eacpap01.csv",,,,,,,,,,,,,,,,
"Appendix table#:  1 Standard error for estimates of educational attainment",,,,,,,,,,,,,,,,
"report title: Education and Correctional Populations NCJ 195670",,,,,,,,,,,,,,,,
"Sources: BJS, Survey of Inmates in State and Federal Correctional Facilities, 1997 and 1991; BJS, Survey of Inmates in Local Jails, 1996 and 1989; BJS, Survey of Adults on Probation, 1995; and Bureau of Labor Statistics, Current Population",,,,,,,,,,,,,,,,
"author:  Caroline Wolf Harlow",,,,,,,,,,,,,,,,
"refer questions to: askbjs@ojp.usdoj.gov/bjs/ 202-307-0765",,,,,,,,,,,,,,,,
"date of version: 11/4/02",,,,,,,,,,,,,,,,
,,,,,,,,,,,,,,,,
"Appendix table 1.  Standard error for estimates of educational attainment",,,,,,,,,,,,,,,,
,,,,,,,,,,,,,,,,
,,,,"Prison inmates",,,,,,,,,,,,
"Educational attainment",,"State",,,,"Federal",,,,"Local jail inmates",,,,,"General ",
,1997,,1991,,1997,,1991,,1996,,1989,,"Probationers",,"population",
,,,,,,,,,,,,,,,,
"8th grade or less",0.4,"%",0.5,"%",0.7,"%",0.5,"%",0.5,"%",0.6,"%",0.7,"%",0.1,"%"
"Some high school",0.5,,0.6,,0.7,,0.5,,0.7,,0.8,,1.0,,0.1,
"GED ",0.5,,0.6,,0.9,,0.6,,0.6,,0.5,,0.8,," ...",
"High school diploma",0.4,,0.6,,0.9,,0.7,,0.7,,0.7,,1.2,,0.2,
"Some college",0.3,,0.4,,0.8,,0.6,,0.5,,0.5,,1.0,,0.2,
"College graduate or more",0.2,,0.2,,0.6,,0.4,,0.3,,0.3,,0.5,,0.2,
,,,,,,,,,,,,,,,,
" ... Not available.",,,,,,,,,,,,,,,,
,,,,,,,,,,,,,,,,
"Sources:  BJS, Survey of Inmates in State and Federal Correctional Facilities, 1997 and 1991; BJS, Survey of Inmates in Local Jails, 1996 and 1989; BJS, Survey of Adults on Probation, 1995; and Bureau of Labor Statistics, Current Populatio",,,,,,,,,,,,,,,,
,,,,,,,,,,,,,,,,
,,,,,,,,,,,,,,,,
,,,,,,,,,,,,,,,,
,,,,,,,,,,,,,,,,
,,,,,,,,,,,,,,,,
,,,,,,,,,,,,,,,,
,,,,,,,,,,,,,,,,
,,,,,,,,,,,,,,,,
,,,,,,,,,,,,,,,,
,,,,,,,,,,,,,,,,
,,,,,,,,,,,,,,,,
,,,,,,,,,,,,,,,,
,,,,,,,,,,,,,,,,
"d:\education3\edap1.csv",,,,,,,,,,,,,,,,
