"Bureau of Justice Statistics",,,,,,,,,,,,
"filename: eacp12.csv",,,,,,,,,,,,
"table#: 12 Educational attainment, by presence of selected disabilities, for State prison inmates, 1997 ",,,,,,,,,,,,
"report title: Education and Correctional Populations NCJ 195670",,,,,,,,,,,,
"source data: BJS, Survey of Inmates in State and Federal Correctional Facilities, 1997",,,,,,,,,,,,
"author:  Caroline Wolf Harlow",,,,,,,,,,,,
"refer questions to: askbjs@ojp.usdoj.gov/bjs/ 202-307-0765",,,,,,,,,,,,
"date of version: 11/4/02",,,,,,,,,,,,
,,,,,,,,,,,,
"Table 12. Educational attainment, by presence of selected disabilities, for State prison inmates, 1997",,,,,,,,,,,,
,,,,,,,,,,,,
,,,,,,,,,,,,
"Educational attainment","None",,"Total*",,"Learning",,"Speech",,"Physical",,"Mental condition",
,,,,," ",,,,,,,
"8th grade or less",11.9,"%",17.5,"%",30.3,"%",24.8,"%",16.4,"%",17.3,"%"
"Some high school",24.9,,26.4,,35.8,,33.9,,23.9,,24.1,
"GED",30.4,,25.6,,16.5,,19.0,,25.6,,27.5,
"High school diploma",21.3,,19.3,,14.1,,15.2,,20.6,,19.0,
"Some college",9.1,,8.9,,3.0,,6.1,,10.6,,9.4,
"College graduate or more",2.3,,2.3,,0.2,,1.0,,2.9,,2.7,
,,,,,,,,,,,,
"Number of prison inmates",636443,,417776,,103789,,39166,,125257,,169904,
,,,,,,,,,,,,
"Note:  Percentages may not add to 100% due to rounding.",,,,,,,,,,,,
" * Total disability includes a limiting condition, difficulty seeing, difficulty hearing, learning disability, speech disability, physical disability, and mental or emotional condition.",,,,,,,,,,,,
,,,,,,,,,,,,
,,,,,,,,,,,,
"Source: BJS, Survey of Inmates in State and Federal Correctional Facilities, 1997",,,,,,,,,,,,
