"Bureau of Justice Statistics",,,,
"filename: eacp06.csv",,,,
"table#:  6 Education, by gender, for State prison inmates, 1997",,,,
"report title: Education and Correctional Populations NCJ 195670",,,,
"source data: BJS, Survey of Inmates in State and Federal Correctional Facilities, 1997",,,,
"author:  Caroline Wolf Harlow",,,,
"refer questions to: askbjs@ojp.usdoj.gov/bjs/ 202-307-0765",,,,
"date of version: 11/4/02",,,,
,,,,
"Table 6.  Education, by gender, for State prison inmates, 1997",,,,
,,,,
,"Percent of State prison inmates",,,
,"Male",,"Female",
"Educational attainment",,,,
,,," ",
"8th grade or less",14.3,"%",13.6,"%"
"Some high school",25.3,,28.2,
"GED",28.9,,22.3,
"High school diploma",20.4,,21.6,
"Postsecondary/some college",8.8,,11.2,
"College graduate or more",2.3,,3.1,
,,,,
"High school completion"," ",," ",
,,," ",
"Completed high school",25.2,"%",30.3,"%"
"  Earned GED",35.2,,27.9,
"    In prison/jail",26.3,,15.9,
"    Outside prison/jail",8.9,,11.9,
,,,,
"Educational programs"," ",,,
,,,,
"  Total",52.0,"%",50.1,"%"
"    Basic",3.1,,3.3,
"    GED/High school",23.6,,21.3,
"    College",10.0,,9.1,
"    English as a second language",1.2,,0.5,
"    Vocational",32.4,,29.5,
"    Other",2.5,,3.8,
,,,,
"Number of prison inmates",989419,,66076,
,,,,
"Note:  Detail may not add to total due to rounding or inmates' participation in more than one educational program.",,,,
"Source: BJS, Survey of Inmates in State and Federal Correctional Facilities, 1997.",,,,
