"Bureau of Justice Statistics",,,,,,,,,,,,
"filename: eacpbox.csv",,,,,,,,,,,,
"Box table:  Educational attainment of males, ages 20 through 39, by race/Hispanic origin, for State prison inmates and the general population.",,,,,,,,,,,,
"report title: Education and Correctional Populations NCJ 195670",,,,,,,,,,,,
"source data: BJS, Survey of Inmates in State and Federal Correctional Facilities, 1997; Bureau of Labor Statistics, Current Population Survey, March supplement, 1997.",,,,,,,,,,,,
"author:  Caroline Wolf Harlow",,,,,,,,,,,,
"refer questions to: askbjs@ojp.usdoj.gov/bjs/ 202-307-0765",,,,,,,,,,,,
"date of version: 11/4/02",,,,,,,,,,,,
,,,,,,,,,,,,
"Educational attainment of males, ages 20 through 39, by race/Hispanic origin,  for State prison inmates and the general population",,,,,,,,,,,,
,,,,,,,,,,,,
,,,,,,,,,,,,
,"Percent of males ages 20 through 39 by race/Hispanic origin",,,,,,,,,,,
,,,,,,,,,,,,
,,"White",,,,"Black",,,,"Hispanic",,
"Educational attainment","General population",,"State prison inmates",,"General population",,"State prison inmates",,"General population",,"State prison inmates",
,,,,,,,,,,,,
"8th grade or less",4.3,"%",9.9,"%",2.3,"%",9.9,"%",20.9,"%",24.1,"%"
"Some high school",9.6,,17.8,,13.3,,34.0,,20.4,,27.7,
"High school diploma",32.1,,61.0,,40.5,,47.9,,27.0,,41.6,
"Postsecondary/some college",30.7,,9.3,,32.4,,7.1,,22.8,,5.3,
"College graduate or more",23.4,,1.9,,11.5,,1.1,,8.9,,1.4,
,,,,,,,,,,,,
"Note: Probationers excluded from general population.  Percentages may not add to 100% due to rounding.",,,,,,,,,,,,
"Sources: BJS, Survey of Inmates in State and Federal Correctional Facilities, 1997: Bureau of Labor Statistics, Current Population Survey, March supplement, 1997.",,,,,,,,,,,,
