"Bureau of Justice Statistics",,,,
"filename: eacp09.csv",,,,
"table#:  9 Education, by military service, for State prison inmates, 1997",,,,
"report title: Education and Correctional Populations NCJ 195670",,,,
"source data: BJS, Survey of Inmates in State and Federal Correctional Facilities, 1997",,,,
"author:  Caroline Wolf Harlow",,,,
"refer questions to: askbjs@ojp.usdoj.gov/bjs/ 202-307-0765",,,,
"date of version: 11/4/02",,,,
,,,,
,,,,
"Table 9. Education, by military service, for State prison inmates, 1997",,,,
,,,,
,"Percent of State prison inmates ",,,
,"Yes",,"No",
"Educational attainment",,,,
,,,,
"8th grade or less",4.4,"%",15.6,"%"
"Some high school",7.4,,28.1,
"GED",27.2,,28.7,
"High school diploma",32.5,,18.8,
"Some college",22.2,,7.1,
"College graduate or more",6.2,,1.8,
,,,,
"High school completion",,,,
,,,,
"Completed high school",49.9,"%",22.0,"%"
"  Earned GED",38.3,,34.3,
"    In prison/jail",18.7,,26.7,
"    Outside prison/jail",19.6,,7.6,
,,,,
"Educational programs since admission",,,,
,,,,
"  Total",47.7,"%",52.5,"%"
"    Basic",1.3,,3.4,
"    GED/High school",9.9,,25.4,
"    College",16.9,,8.9,
"    English as a second language",0.4,,1.3,
"    Vocational",35.6,,31.7,
"    Other",2.8,,2.6,
,,,,
"Number of prison inmates",132178,,922715,
,,,,
"Note:  Detail may not add to total due to rounding or  inmates' participation in more than one educational program.",,,,
"Source: BJS, Survey of Inmates in State and Federal Correctional Facilities, 1997",,,,
