"Bureau of Justice Statistics",,,,
"filename: eacptxt.csv",,,,
"Text table:   Most important reason for dropping out of school",,,,
"report title: Education and Correctional Populations NCJ 195670",,,,
"source data: BJS, Survey of Inmates in Local Jails, 1995; National Center for Educational Statistics, National Adult Literacy Survey, 1992",,,,
"author:  Caroline Wolf Harlow",,,,
"refer questions to: askbjs@ojp.usdoj.gov/bjs/ 202-307-0765",,,,
"date of version: 11/4/02",,,,
,,,,
,,,,
,,,,
"Most important reason for dropping out of school,","Local jail inmates",,"General population",
,,,,
"  Behavior or academic problems or lost interest",34.9,"%",17.2,"%"
"  Family or personal problems ",16.4,,18.6,
"  Convicted of crime, sent to correctional facility ",11.1,," ...",
"  Involved in illegal activities",4.8,," ...",
"  Went to work or the military",13.0,,23.9,
"  Financial problems",8.8,,15.3,
"  Pregnancy",3.7,,6.4,
"  Other",1.1,,17.7,
"  No reason",6.3,,0.9,
," ",," ",
"Note: General population includes persons 18 or older.",,,,
" ... Not available.",,,,
"Sources:  BJS, Survey of Local Jail Inmates, 1996; National Center for Educational Statistics, National Adult Literacy Survey, 1992.",,,,
