"Bureau of Justice Statistics",,,,,,
"filename: eacp07.csv",,,,,,
"table#:  7 Education, by race/Hispanic origin, for State prison inmates, 1997",,,,,,
"report title: Education and Correctional Populations NCJ 195670",,,,,,
"source data: BJS, Survey of Inmates in State and Federal Correctional Facilities, 1997",,,,,,
"author:  Caroline Wolf Harlow",,,,,,
"refer questions to: askbjs@ojp.usdoj.gov/bjs/ 202-307-0765",,,,,,
"date of version: 11/4/02",,,,,,
,,,,,,
"Table 7. Education, by race/Hispanic origin, for State prison inmates, 1997",,,,,,
,,,,,,
,"Percent of State prison inmates",,,,,
,"White",,"Black",,"Hispanic",
"Educational attainment",,,,,,
,,,,,,
"8th grade or less",10.9,"%",11.7,"%",27.9,"%"
"Some high school",16.3,,32.4,,25.1,
"GED",35.2,,24.8,,24.7,
"High school diploma",22.8,,21.0,,14.9,
"Some college",11.4,,8.4,,5.5,
"College graduate or more",3.5,,1.6,,1.9,
,,,,,,
"High school completion",,,,,,
,,,,,,
"Completed high school",29.9,"%",25.5,"%",17.2,"%"
"  Earned GED",42.9,,30.4,,29.7,
"    In prison/jail",30.0,,23.2,,23.4,
"    Outside prison/jail",12.9,,7.2,,6.3,
,,,,,,
"Educational programs since admission",,,,,,
,,,,,,
"  Total",48.8,"%",53.8,"%",52.6,"%"
"    Basic",2.1,,3.3,,4.8,
"    GED/High school",18.7,,26.1,,25.4,
"    College",12.4,,9.0,,7.1,
"    English as a second language",0.1,,0.1,,6.4,
"    Vocational",32.0,,33.7,,29.1,
"    Other",3.0,,2.5,,1.8,
,,,,,,
"Number of prison inmates",351742,,490384,,179301,
,,,,,,
"Note:  Detail may not add to totaldue to rounding or inmates' participation in more than one educational program.",,,,,,
"Source: BJS, Survey of Inmates in State and Federal Correctional Facilities, 1997",,,,,,
