Bureau of Justice Statistics,,,,,,,,,,,,,
Filename:  cf04t6_05.csv,,,,,,,,,,,,,
"Table 6.5. Criminal appeals cases terminated on the merits, by offense, October 1, 2003 - September 30, 2004",,,,,,,,,,,,,
"Report title:  Compendium of Federal Justice Statistics, 2004  NCJ #",,,,,,,,,,,,,
Data source:  Federal justice statistics database maintained by The Urban Institute,,,,,,,,,,,,,
Author:  Urban Institute under the supervision of BJS,,,,,,,,,,,,,
Refer questions to:  askbjs@usdoj.gov  202-307-0765,,,,,,,,,,,,,
Date of version:  July 2006,,,,,,,,,,,,,


"Table 6.5. Criminal appeals cases terminated on the merits, by offense, October 1, 2003 - September 30, 2004",,,,,,,,,,,,,

,,,,Percent of criminal appeals cases terminated on the merits,,,,,,,,,
Most serious offense,,,Total,Affirmed,,Remanded or reversed,,Partially affirmed,,Dismissed,,Other,
,All offenses/a,,"8,135",79.7,%,8.4,%,3.6,%,8.1,%,0.3,%
Violent offenses,,,427,78.5,%,8.4,%,4.7,%,8.4,%,0,%
,Murder/b,,69,63.8,%,13,%,17.4,%,5.8,%,0,%
,Assault,,48,79.2,%,10.4,%,2.1,%,8.3,%,0,%
,Robbery,,164,83.5,%,4.9,%,0.6,%,11,%,0,%
,Sexual abuse/b,,98,75.5,%,14.3,%,3.1,%,7.1,%,0,%
,Kidnapping,,44,86.4,%,0,%,6.8,%,6.8,%,0,%
,Threats against the President,,4,^,%,^,%,^,%,^,%,^,%
Property offenses,,,"1,156",74.2,%,12.4,%,6.3,%,6.9,%,0.2,%
,Fraudulent,,912,73.9,%,13.2,%,5.8,%,6.9,%,0.2,%
,,Embezzlement,41,90.2,%,9.8,%,0,%,0,%,0,%
,,Fraud/b,770,72.3,%,13.8,%,6.8,%,6.9,%,0.3,%
,,Forgery,1,^,%,^,%,^,%,^,%,^,%
,,Counterfeiting,100,79,%,10,%,1,%,10,%,0,%
,Other,,244,75.4,%,9.4,%,8.2,%,7,%,0,%
,,Burglary,5,^,%,^,%,^,%,^,%,^,%
,,Larceny/b,116,79.3,%,5.2,%,9.5,%,6,%,0,%
,,Motor vehicle theft,41,82.9,%,4.9,%,7.3,%,4.9,%,0,%
,,Arson and explosives,47,61.7,%,23.4,%,10.6,%,4.3,%,0,%
,,Transportation of stolen property,31,80.6,%,9.7,%,3.2,%,6.5,%,0,%
,,Other property offenses/b,4,^,%,^,%,^,%,^,%,^,%
Drug offenses,,,"3,082",80,%,7.1,%,3,%,9.6,%,0.2,%
Public-order offenses,,,562,68.7,%,14.1,%,8.2,%,7.5,%,1.6,%
,Regulatory,,77,67.5,%,15.6,%,9.1,%,6.5,%,1.3,%
,,Antitrust,6,^,%,^,%,^,%,^,%,^,%
,,Food and drug,5,^,%,^,%,^,%,^,%,^,%
,,Transportation,6,^,%,^,%,^,%,^,%,^,%
,,Civil rights,17,76.5,%,11.8,%,0,%,5.9,%,5.9,%
,,Communications,2,^,%,^,%,^,%,^,%,^,%
,,Custom laws,12,66.7,%,16.7,%,8.3,%,8.3,%,0,%
,,Postal laws,5,^,%,^,%,^,%,^,%,^,%
,,Other regulatory offenses,24,58.3,%,16.7,%,16.7,%,8.3,%,0,%
,Other,,485,68.9,%,13.8,%,8,%,7.6,%,1.6,%
,,Tax law violations/b,48,54.2,%,18.8,%,18.8,%,6.3,%,2.1,%
,,Bribery,8,^,%,^,%,^,%,^,%,^,%
,,"Perjury, contempt, and intimidation",53,75.5,%,9.4,%,7.5,%,5.7,%,1.9,%
,,National defense,10,^,%,^,%,^,%,^,%,^,%
,,Escape,46,71.7,%,10.9,%,0,%,17.4,%,0,%
,,Racketeering and extortion,154,70.8,%,10.4,%,8.4,%,6.5,%,3.9,%
,,Gambling,2,^,%,^,%,^,%,^,%,^,%
,,Nonviolent sex offenses,95,66.3,%,21.1,%,4.2,%,8.4,%,0,%
,,Obscene material/b,7,^,%,^,%,^,%,^,%,^,%
,,Traffic offenses,15,80,%,13.3,%,0,%,6.7,%,0,%
,,Wildlife,5,^,%,^,%,^,%,^,%,^,%
,,Environmental,2,^,%,^,%,^,%,^,%,^,%
,,All other offenses/b,40,60,%,17.5,%,12.5,%,10,%,0,%
Weapon offenses,,,"1,219",82.1,%,8.8,%,2.5,%,6.2,%,0.3,%
Immigration offenses,,,"1,393",86.6,%,5,%,1.5,%,6.9,%,0,%

"Note:  For further information, see Chapter notes, p. 88.",,,,,,,,,,,,,
^ Too few cases to obtain statistically reliable data.
a/Total includes 296 appeals terminated on the merits for which an offense category could not be determined.
"b/In this table ""Murder"" includes nonnegligent manslaughter; ""Sexual abuse"" includes only violent sex offenses; ""Fraud"" excludes tax fraud; ""Larceny"" excludes transportation of stolen property; ""Other property offenses"" excludes fraudulent property offenses and includes destruction of property and trespassing; ""Tax law violations"" includes tax fraud; and ""All other offenses"" includes offenses with unclassifiable offense type."
