Bureau of Justice Statistics,,,,,,,,
Filename:  cf04t6_02.csv,,,,,,,,
"Table 6.2.  Criminal appeals filed and criminal appeals terminated, by offense, October 1, 2003 - September 30, 2004",,,,,,,,
"Report title:  Compendium of Federal Justice Statistics, 2004  NCJ # 213476",,,,,,,,
Data source:  Federal justice statistics database maintained by The Urban Institute,,,,,,,,
Author:  Urban Institute under the supervision of BJS,,,,,,,,
Refer questions to:  askbjs@usdoj.gov  202-307-0765,,,,,,,,
"Date of version:  November 13, 2006",,,,,,,,


"Table 6.2.  Criminal appeals filed and criminal appeals terminated, by offense, October 1, 2003 - September 30, 2004",,,,,,,,

,,,Criminal appeals filed during 2004,,,Criminal appeals terminated during 2004,,
Offense of conviction,,,Number,Percent/a,,Number,Percent/a,
,All offenses/b,,"12,517",100,%,"11,076",100,%
Violent offenses,,,673,5.6,%,572,5.4,%
,Murder/c,,110,0.9,%,103,1,%
,Assault,,82,0.7,%,74,0.7,%
,Robbery,,277,2.3,%,216,2,%
,Sexual abuse/c,,144,1.2,%,118,1.1,%
,Kidnapping,,55,0.5,%,57,0.5,%
,Threats against the President,,5,--,%,4,--,%
Property offenses,,,"1,873",15.5,%,"1,685",15.9,%
,Fraudulent,,"1,524",12.6,%,"1,349",12.7,%
,,Embezzlement,65,0.5,%,60,0.6,%
,,Fraud/c,"1,302",10.8,%,"1,141",10.8,%
,,Forgery,7,0.1,%,4,--,%
,,Counterfeiting,150,1.2,%,144,1.4,%
,Other,,349,2.9,%,336,3.2,%
,,Burglary,10,0.1,%,5,--,%
,,Larceny/c,199,1.7,%,172,1.6,%
,,Motor vehicle theft,48,0.4,%,47,0.4,%
,,Arson and explosives,42,0.3,%,58,0.5,%
,,Transportation of stolen property,40,0.3,%,48,0.5,%
,,Other property offenses/c,10,0.1,%,6,0.1,%
Drug offenses,,,"4,678",38.8,%,"4,256",40.2,%
Public-order offenses,,,955,7.9,%,836,7.9,%
,Regulatory,,142,1.2,%,124,1.2,%
,,Antitrust,2,--,%,6,0.1,%
,,Food and drug,5,--,%,6,0.1,%
,,Transportation,29,0.2,%,20,0.2,%
,,Civil rights,30,0.2,%,21,0.2,%
,,Communications,4,--,%,3,--,%
,,Custom laws,3,--,%,15,0.1,%
,,Postal laws,5,--,%,6,0.1,%
,,Other regulatory offenses,64,0.5,%,47,0.4,%
,Other,,813,6.7,%,712,6.7,%
,,Tax law violations/c,117,1,%,84,0.8,%
,,Bribery,32,0.3,%,15,0.1,%
,,"Perjury, contempt, and intimidation",76,0.6,%,76,0.7,%
,,National defense,14,0.1,%,17,0.2,%
,,Escape,54,0.4,%,61,0.6,%
,,Racketeering and extortion,210,1.7,%,223,2.1,%
,,Gambling,6,--,%,3,--,%
,,Nonviolent sex offenses,206,1.7,%,136,1.3,%
,,Obscene material/c,7,0.1,%,9,0.1,%
,,Traffic offenses,10,0.1,%,16,0.2,%
,,Wildlife,10,0.1,%,7,0.1,%
,,Environmental,5,--,%,4,--,%
,,All other offenses/c,66,0.5,%,61,0.6,%
Weapon offenses,,,"2,024",16.8,%,"1,554",14.7,%
Immigration offenses,,,"1,856",15.4,%,"1,678",15.9,%

"Note:  For further information, see Chapter notes, p. 88.",,,,,,,,
--Less than .05%.
a/Percentage distribution based on appeals for which an offense category could be determined.
b/Totals include 458 appeals filed and 495 appeals terminated for which an offense category could not be determined.
"c/In this table ""Murder"" includes nonnegligent manslaughter; ""Sexual abuse"" includes only violent sex offenses; ""Fraud"" excludes tax fraud; ""Larceny"" excludes transportation of stolen property; ""Other property offenses"" excludes fraudulent property offenses and includes destruction of property and trespassing; ""Tax law violations"" includes tax fraud; ""Obscene material"" denotes the mail or transport thereof; and ""All other offenses"" includes offenses with unclassifiable offense type."
