Bureau of Justice Statistics,,,
Filename:   cpp0224.csv,,,
Table 24: Conduct of residents age 16 or older during contact that involved police use of force in 2002,,,
Report title:   Contacts between Police and the Public: Findings from the 2002 National Survey; NCJ 207845,,,
Data source:   2002 Police-Public Contact Survey,,,
"Authors:   Matthew Durose, Erica Schmitt, Patrick Langan",,,
Refer questions to:   askbjs@usdoj.gov   (202) 307-0765,,,
"Date of version: April 8, 2005",,,

Table 24. Conduct of residents age 16 or older during contact that involved police use of force in 2002,,,

,Contacts with police in which force was used or threatened,,
Conduct of resident during contact,Number,Percent,

Total ,"664,458",100,%

Residents who engaged in at least one type of behavior,"177,146",26.7,
"Argue with, curse at, insult, or verbally threaten the police","161,057",24.2,
Disobey or interfere with officer(s),"39,664",6,
Try to get away from police,"20,254",3,*
"Push, grab, or hit officer(s)","3,460",0.5,*
"Resist being handcuffed, arrested, or searched","38,651",5.8,
Other physical behavior against police,"3,071",0.5,*

Note: Respondents could report more than one type of behavior. ,,,
*Estimate based on 10 or fewer sample cases.,,,
