Bureau of Justice Statistics,,,
Filename:   cpp0222.csv,,,
Table 22: Type of criminal evidence found on or near residents age 16 or older during contact that involved police use of force in 2002,,,
Report title:   Contacts between Police and the Public: Findings from the 2002 National Survey; NCJ 207845,,,
Data source:   2002 Police-Public Contact Survey,,,
"Authors:   Matthew Durose, Erica Schmitt, Patrick Langan",,,
Refer questions to:   askbjs@usdoj.gov   (202) 307-0765,,,
"Date of version: April 8, 2005",,,

Table 22. Type of criminal evidence found on or near residents age 16 or older during contact that involved police use of force in 2002,,,

,Contacts with police in which force was used or threatened,,
Type of criminal evidence found,Number,Percent,

Total ,"664,458",100,%

Persons with any evidence found,"43,309",6.5,
Weapons,"19,580",2.9,*
Drugs,"15,316",2.3,*
Open alcohol container(s),"10,491",1.6,*
Other evidence of crime,"10,633",1.6,*

Note: Included are items found in the vehicles of stopped drivers. Respondents could report more than one item found in a search. ,,,
*Estimate based on 10 or fewer sample cases.,,,
