Bureau of Justice Statistics,,,
Filename:   cpp0212.csv,,,
"Table 12: Among drivers arrested by police, percent searched, 2002",,,
Report title:   Contacts between Police and the Public: Findings from the 2002 National Survey; NCJ 207845,,,
Data source:   2002 Police-Public Contact Survey,,,
"Authors:   Matthew Durose, Erica Schmitt, Patrick Langan",,,
Refer questions to:   askbjs@usdoj.gov   (202) 307-0765,,,
"Date of version: April 8, 2005",,,

"Table 12. Among drivers arrested by police, percent searched, 2002",,,


,Number,Percent,
Total arrested,"448,094",100,%

Driver was searched,"329,347",74,%
Driver was not searched,"118,748",26

"Note:  Detail may not add to total because of rounding.  The 329,347 include searches of the driver, the vehicle or both.",,
