Bureau of Justice Statistics,,,
Filename:   cpp0223.csv,,,
Table 23: Type of charge filed against residents age 16 or older whose contact involved police use of force in 2002,,,
Report title:   Contacts between Police and the Public: Findings from the 2002 National Survey; NCJ 207845,,,
Data source:   2002 Police-Public Contact Survey,,,
"Authors:   Matthew Durose, Erica Schmitt, Patrick Langan",,,
Refer questions to:   askbjs@usdoj.gov   (202) 307-0765,,,
"Date of version: April 8, 2005",,,

Table 23. Type of charge filed against residents age 16 or older whose contact involved police use of force in 2002,,,

,Contacts with police in which force was used or threatened,,
Type of offense charge,Number,Percent,

Total ,"664,458",100,%

Persons with at least one charge filed,"262,342",39.5,
Assaulting an officer,"6,311",0.9,*
Resisting arrest,"30,095",4.5,
Drug offense,"16,463",2.5,*
Possession of a weapon,"3,460",0.5,*
Disorderly conduct,"64,717",9.7,
Traffic offense,"92,159",13.9,
Other charge,"96,448",14.5,

Note: Respondents could report more than one type of charge.,,,
*Estimate based on 10 or fewer sample cases.,,,
