Bureau of Justice Statistics,,,
Filename:   cpp0219.csv,,,
Table 19: Type of force police used or threatened against residents age 16 or older during face-to-face contact in 2002,,,
Report title:   Contacts between Police and the Public: Findings from the 2002 National Survey; NCJ 207845,,,
Data source:   2002 Police-Public Contact Survey,,,
"Authors:   Matthew Durose, Erica Schmitt, Patrick Langan",,,
Refer questions to:   askbjs@usdoj.gov   (202) 307-0765,,,
"Date of version: April 8, 2005",,,

Table 19. Type of force police used or threatened against residents age 16 or older during face-to-face contact in 2002,,,

,Contacts with police in which force was used or threatened,,
,Number,Percent,

Total,"664,458",100,%

Pushed or grabbed by officer(s),"277,433",41.8,%
Kicked or hit by officer(s) ,"54,682",8.2,
Officer(s) pointed gun at resident     ,"125,872",18.9,
Used or threatened to use any other force ,"377,628",56.8,

Note: Detail may not add to total because of rounding.,,,
Percents do not sum to 100 because some respondents reported more than one type of force or threat of force.  ,,,
