Bureau of Justice Statistics,,,,
Filename:   cpp0225.csv,,,,
"Table 25: Among residents age 16 or older who had contact with police in 2002, percent whose contact involved police use of force, by conduct of residents during contact",,,,
Report title:   Contacts between Police and the Public: Findings from the 2002 National Survey; NCJ 207845,,,,
Data source:   2002 Police-Public Contact Survey,,,,
"Authors:   Matthew Durose, Erica Schmitt, Patrick Langan",,,,
Refer questions to:   askbjs@usdoj.gov   (202) 307-0765,,,,
"Date of version: April 8, 2005",,,,

"Table 25. Among residents age 16 or older who had contact with police in 2002, percent whose contact involved police use of force, by conduct of residents during contact",,,,

,,Contacts with police in which force was used or threatened,,
Conduct of resident during contact,Number of persons with police contact,Number,Percent,

Total ,"45,278,884","664,458",1.5,%

Residents who engaged in at least one type of behavior,"792,060","177,146",22.4,
"Argue with, curse at, insult, or verbally threaten the police","706,156","161,057",22.8,
Disobey or interfere with officer(s),"117,157","39,664",33.9,
Try to get away from police,"49,533","20,254",40.9,*
"Push, grab, or hit officer(s)","11,662","3,460",29.7,*
"Resist being handcuffed, arrested, or searched","56,575","38,651",68.3,
Other physical behavior against police,"11,235","3,071",27.3,*

Residents who did not engage in any of the above behaviors,"44,486,824","487,312",1.1,

Note: Respondents could report more than one type of behavior.,,,,
*Estimate based on 10 or fewer sample cases.,,,,
