Bureau of Justice Statistics,,,,,,,
Filename: jim10stt01.csv,,,,,,,
"Table 1: Inmates confined in local jails at midyear, average daily population, and incarceration rates, 2000-2010",,,,,,,
Report title: Jail Inmates at Midyear 2010-Statistical Tables NCJ 233431,,,,,,,
Data source: Annual Survey of Jails,,,,,,,
Author: Todd D. Minton,,,,,,,
Refer questions to: askbjs@usdoj.gov   202-307-0765,,,,,,,
"Date of version: July 11, 2011",,,,,,,
 ,,,,,,,
"Table 1. Inmates confined in local jails at midyear, average daily population, and incarceration rates, 2000-2010",,,,,,,
,,Inmates confined at midyear,,Average daily population/a,,,
Year,Number,Percentage change,,Number,Percentage change,,Jail incarceration rate/b
2000,"621,149",2.5,%,"618,319",1.7,%,220
2001,"631,240",1.6,,"625,966",1.2,,222
2002,"665,475",5.4,,"652,082",4.2,,231
2003,"691,301",3.9,,"680,760",4.4,,238
2004,"713,990",3.3,,"706,242",3.7,,243
2005,"747,529",4.7,,"733,442",3.9,,252
2006,"765,819",2.4,,"755,320",3,,256
2007,"780,174",1.9,,"773,138",2.4,,259
2008/c,"785,533",0.7,,"776,573",0.4,,258
2009/c,"767,434",-2.3,,"768,135",-1.1,,250
2010,"748,728",-2.4,,"748,553",-2.5,,242
Average annual change,,,,,,,
,2000-2009,2.4,%,,2.4,%,
,2009-2010,-2.4,,,-2.5,,
"a/Average daily population is the sum of all inmates in jail each day for a year, divided by the number of days in the year.",,,,,,,
"b/Number of inmates confined at midyear per 100,000 U.S. residents.",,,,,,,
c/Based on revised data from selected jail jurisdictions for the number of inmates confined at midyear 2008 and 2009 and for the average daily population in 2009. See Methodology for a description of revised data.,,,,,,,
