Bureau of Justice Statistics,,,,,,,,,,,,,
Filename: jim10stt03.csv,,,,,,,,,,,,,
"Table 3: Inmates confined in local jails at midyear, by size of jurisdiction, 2009 and 2010",,,,,,,,,,,,,
Report title: Jail Inmates at Midyear 2010-Statistical Tables NCJ 233431,,,,,,,,,,,,,
Data source: Annual Survey of Jails,,,,,,,,,,,,,
Author: Todd D. Minton,,,,,,,,,,,,,
Refer questions to: askbjs@usdoj.gov   202-307-0765,,,,,,,,,,,,,
"Date of version: April 14, 2011",,,,,,,,,,,,,
,,,,,,,,,,,,,
"Table 3. Inmates confined in local jails at midyear, by size of jurisdiction, 2009 and 2010",,,,,,,,,,,,,
,,Number of inmates,,,,,,,,Percentage of all inmates,,,
Jurisdiction size/a,,2009,2010,,Difference,,Percentage change,,,2009,,2010,
,Total/b,"767,434","748,728",,"-18,706",,-2.4,%,,100,%,100,%
Fewer than 50 inmates,,"22,046","22,806",,760,,3.4,%,,2.9,%,3,%
50 to 99,,"37,838","37,460",,-378,,-1,,,4.9,,5,
100 to 249,,"86,279","88,750",,"2,471",,2.9,,,11.2,,11.9,
250 to 499,,"108,462","106,826",,"-1,636",,-1.5,,,14.1,,14.3,
500 to 999,,"123,442","121,704",,"-1,738",,-1.4,,,16.1,,16.3,
"1,000 or more/b",,"389,368","371,181",,"-18,187",,-4.7,,,50.7,,49.6,
Note: Detail may not add to total due to rounding.,,,,,,,,,,,,,
"a/Based on the average daily population during the 12-month period ending June 30, 2009. Average daily population is the sum of all inmates in jail each day for a year, divided by the number of days in the year.",,,,,,,,,,,,,
b/Based on revised data from selected jail jurisdictions for the number of inmates confined at midyear 2009. See Methodology for a description of revised data.,,,,,,,,,,,,,
