Bureau of Justice Statistics,,,,,,,,
Filename: jim10stt06.csv,,,,,,,,
"Table 6: Number of inmates in local jails, by characteristic, midyear 2000 and 2005�2010",,,,,,,,
Report title: Jail Inmates at Midyear 2010-Statistical Tables NCJ 233431,,,,,,,,
Data source: Annual Survey of Jails,,,,,,,,
Author: Todd D. Minton,,,,,,,,
Refer questions to: askbjs@usdoj.gov   202-307-0765,,,,,,,,
"Date of version: July 11, 2011",,,,,,,,
,,,,,,,,
"Table 6. Number of inmates in local jails, by characteristic, midyear 2000 and 2005�2010",,,,,,,,
Characteristic,,2000,2005,2006,2007,2008/a,2009/a,2010
,Total,"621,149","747,529","765,819","780,174","785,533","767,434","748,728"
Sex,,,,,,,,
,Male,"550,162","652,958","666,819","679,654","685,862","673,728","656,360"
,Female,"70,987","94,571","99,000","100,520","99,670","93,706","92,368"
Adults,,"613,534","740,770","759,717","773,341","777,829","760,216","741,168"
,Male,"543,120","646,807","661,164","673,346","678,657","667,039","649,284"
,Female,"70,414","93,963","98,552","99,995","99,172","93,176","91,884"
Juveniles/b,,"7,615","6,759","6,102","6,833","7,703","7,218","7,560"
,Held as adults/c,"6,126","5,750","4,835","5,649","6,410","5,846","5,647"
,Held as juveniles,"1,489","1,009","1,268","1,184","1,294","1,373","1,912"
Race/Hispanic origin/d,,,,,,,,
,White/e,"260,500","331,000","336,500","338,200","333,300","326,400","331,600"
,Black/African American/e,"256,300","290,500","295,900","301,700","308,000","300,500","283,200"
,Hispanic/Latino,"94,100","111,900","119,200","125,500","128,500","124,000","118,100"
,"Other/e,f","10,200","13,000","13,500","13,900","14,000","14,800","15,000"
,Two or more races/e,...,"1,000",700,800,"1,300","1,800",800
Note: Detail may not sum to total due to rounding.,,,,,,,,
...Not collected.,,,,,,,,
a/Based on revised data from selected jail jurisdictions for the number of inmates confined at midyear 2008 and 2009. See Methodology for a description of revised data.,,,,,,,,
b/Juveniles are persons under the age of 18 at midyear.,,,,,,,,
c/Includes juveniles who were tried or awaiting trial as adults.,,,,,,,,
d/Estimates are based on reported data adjusted for nonresponse.,,,,,,,,
e/Excludes persons of Hispanic or Latino origin.,,,,,,,,
"f/Includes American Indians, Alaska Natives, Asians, Native Hawaiians, and other Pacific Islanders.",,,,,,,,
