Bureau of Justice Statistics,,,,,,,,
Filename: scpdvct02.csv,,,,,,,,
Table 2. Prosecution rates of domestic and non-domestic violence defendants charged in 15 large counties during May 2002,,,,,,,,
Report Title: State Court Processing of Domestic Violence Cases NCJ 214993,,,,,,,,
Data Source: BJS Domestic Violence Case Processing Database ,,,,,,,,
Refer questions to: askbjs@usdoj.gov or (202) 307-0765,,,,,,,,
"Authors: Erica Smith, Matthew Durose, Patrick Langan ",,,,,,,,
Date of version: 2/7/2008,,,,,,,,

Table 2. Prosecution rates of domestic and non-domestic violence defendants charged in 15 large counties during May 2002,,,,,,,,

,"Percent prosecuted, for felony defendants charged with �",,,,,,,
,Sexual assault,,,,Aggravated assault,,,
Prosecution outcome ,Domestic,,Non-domestic,,Domestic,,Non-domestic,
All defendants,100,%,100,%,100,%,100,%
Prosecuted,88.9,,73,,65.6,,66.9,
Not prosecuted ,11.1,,27,,34.4,,33.1

Number of defendants,90,,174,,520,,"1,018"
