Bureau of Justice Statistics,,,,,,,,
Filename: scpdvct10.csv,,,,,,,,
Table 10. Pretrial release or detention of domestic and non-domestic violence defendants charged in 15 large counties during May 2002,,,,,,,,
Report Title: State Court Processing of Domestic Violence Cases NCJ 214993,,,,,,,,
Data Source: BJS Domestic Violence Case Processing Database ,,,,,,,,
Refer questions to: askbjs@usdoj.gov or (202) 307-0765,,,,,,,,
"Authors: Erica Smith, Matthew Durose, Patrick Langan ",,,,,,,,
Date of version: 2/7/2008,,,,,,,,

Table 10. Pretrial release or detention of domestic and non-domestic violence defendants charged in 15 large counties during May 2002,,,,,,,,
,Sexual assault,,,,Aggravated assault,,,
Pretrial release/detention,Domestic,,Non-domestic,,Domestic,,Non-domestic,
All defendants,100,%,100,%,100,%,100,%
Released before case disposition,41.6,,46.8,,53.9,,62.3,
Detained until case disposition,58.4,,53.2,,46.1,,37.7,

Number of defendants,89,,173,,514,,989

Note: Data on pretrial release or detention were missing for 1.1% of domestic cases and 2.5% of non-domestic cases.,,,,,,,
