Bureau of Justice Statistics,,,,,,,,
Filename: scpdvct13.csv,,,,,,,,
Table 13. Demographic characteristics of domestic and non-domestic violence victims in 29 states and the District of Columbia in 2004,,,,,,,,
Report Title: State Court Processing of Domestic Violence Cases NCJ 214993,,,,,,,,
Data Source: BJS Domestic Violence Case Processing Database ,,,,,,,,
Refer questions to: askbjs@usdoj.gov or (202) 307-0765,,,,,,,,
"Authors: Erica Smith, Matthew Durose, Patrick Langan ",,,,,,,,
Date of version: 3/4/2008,,,,,,,,

Table 13. Demographic characteristics of domestic and non-domestic violence victims in 29 states and the District of Columbia in 2004,,,,,,,,

,Sexual assault,,,,Aggravated assault,,,
Victim characteristic,Domestic,,Non-domestic,,Domestic,,Non-domestic,
Total,100,%,100,%,100,%,100,%
Gender,,,,,,,,
Male,13.6,%,12.6,%,35.5,%,70.9,%
Female,86.4,,87.4,,64.5,,29.1,
Race,,,,,,,,
White,83.9,%,81.2,%,67,%,70.1,%
Black,14.9,,17.8,,31.9,,28.9,
Other race*,1.1,,1,,1.1,,1,
Hispanic/Latino origin,,,,,,,,
Hispanic/Latino,8.6,%,6,%,5.9,%,6.7,%
Non-Hispanic/Latino,91.4,,94,,94.1,,93.3,
Age at offense,,,,,,,,
17 or younger,82.1,%,72.6,%,11.6,%,19,%
12 or younger,45.7,,28.2,,5.1,,5,
18-24,6.8,,13.8,,20.5,,26.2,
25-34,5.9,,6.7,,25.8,,24,
35-54,4.8,,6.1,,37.3,,27.3,
55 or older,0.5,,0.8,,5,,3.6,

Number of cases with an arrest,"3,993",,"6,985",,"25,904",,"28,925"

Note: Detail may not sum to total because of rounding. Data were missing on victim gender for 0.1% of domestic cases; race for 1.6%; Hispanic origin for 9.4%; age for 1.7%. Data were missing on victim gender for 0.5% of non-domestic cases; race for 2.9%; Hispanic origin for 14.5%; age for 3.3%.,,,,,,,
"*Other race includes American Indians, Alaska Natives, Asians, Native Hawaiians, other Pacific Islanders, and persons identifying two or more races.",,,,,,,
"Source: National Incident-Based Reporting System, 2004.",,,,,,,
