Bureau of Justice Statistics,,,,,,,,
Filename: scpdvct07.csv,,,,,,,,
Table 7. Pretrial release of domestic and non-domestic violence defendants charged in 15 large counties during May 2002 who had a protection order as a condition of release,,,,,,,,
Report Title: State Court Processing of Domestic Violence Cases NCJ 214993,,,,,,,,
Data Source: BJS Domestic Violence Case Processing Database ,,,,,,,,
Refer questions to: askbjs@usdoj.gov or (202) 307-0765,,,,,,,,
"Authors: Erica Smith, Matthew Durose, Patrick Langan ",,,,,,,,
Date of version: 2/7/2008,,,,,,,,

Table 7. Pretrial release of domestic and non-domestic violence defendants charged in 15 large counties during May 2002 who had a protection order as a condition of release,,,,,,,,

,Sexual assault,,,,Aggravated assault,,,
Pretrial release,Domestic,,Non-domestic,,Domestic,,Non-domestic,
All released ,100,%,100,%,100,%,100,%
With protection order,21.6,,0,*,46.6,,4.4,
Without protection order,78.4,,100,,53.4,,95.6,

Number released,37,,81,,277,,616

*Based on 10 or fewer sample cases.,,,,,,,
