Bureau of Justice Statistics,,,,,,,
Filename: bcft1314stt08.csv,,,,,,,
Table 8. Number of checking agencies in the 2014 Firearm Inquiry Statistics survey,,,,,,,
"Report title: Background Checks for Firearm Transfers, 2013-14  NCJ 249849",,,,,,,
"Data source(s):  Bureau of Justice Statistics, Firearm Inquiry Statistics program, 2014.",,,,,,,
"Author(s):  Jennifer C. Karberg, Ronald J. Frandsen, Joseph M. Durso, Trent D. Buskirk, Ph.D. Regional Justice Information Service, Allina D. Lee Bureau of Justice Statistics  ",,,,,,,
Refer questions to: askbjs@usdoj.gov or 202-307-0765 ,,,,,,,
Date of version: 06/30/2016,,,,,,,
,,,,,,,
Table 8. Number of checking agencies in the 2014 Firearm Inquiry Statistics survey,,,,,,,
Checking agencies,,,Total,Sample,Responses,Response rate,
,Total,,"1,319",845,679,80,%
Statewide*,,,32,32,32,100,%
Local,,,"1,287",813,647,80,%
,Population served,,,,,,
,,"9,999 or fewer",574,289,223,77,%
,,"10,000�99,999",600,411,338,81,
,,"100,000�199,999",64,64,48,75,
,,"200,000 or more",49,49,38,78,
Note: Agencies that were ineligible to participate in the FIST survey were deemed out of scope and removed from all counts of checking agencies.,,,,,,,
*The same agencies were also surveyed for 2013 data. The response rate among state agency reporters for 2013 was 97% (31 responses).,,,,,,,
"Source: Bureau of Justice Statistics, Firearm Inquiry Statistics program, 2014. ",,,,,,,
