Bureau of Justice Statistics,,,,,,,
Filename: bcft1314stat05.csv,,,,,,,
"Appendix table 5. Reasons for denial of firearm transfer and permit applications, by checking agencies, 2013 and 2014",,,,,,,
"Report title: Background Checks for Firearm Transfers, 2013-14  NCJ 249849",,,,,,,
"Data source(s):Bureau of Justice Statistics, Firearm Inquiry Statistics program, 2013 and 2014; and FBI, National Instant Criminal Background Check System Section Federal Denials, 2013 and 2014.",,,,,,,
"Author(s):  Jennifer C. Karberg, Ronald J. Frandsen, Joseph M. Durso, Trent D. Buskirk, Ph.D. Regional Justice Information Service, Allina D. Lee Bureau of Justice Statistics  ",,,,,,,
Refer questions to: askbjs@usdoj.gov or 202-307-0765 ,,,,,,,
Date of version: 06/30/2016,,,,,,,
,,,,,,,
"Appendix table 5. Reasons for denial of firearm transfer and permit applications, by checking agencies, 2013 and 2014",,,,,,,
,,2013,,,2014,,
Reason for denial,,FBI/a,State,,FBI/a,State,Local
,Total,"88,203","37,738",,"90,895","49,979","7,022"
Felony indictment/charge,,"4,907","1,316",,"4,956","4,334",187
Felony conviction,,"37,843","10,228",,"38,379","11,126","1,133"
Felony arrest with no disposition,,~,"2,922",,~,"2,179",179
Fugitive from justice,,"16,071","4,879",,"17,400","5,413",225
Domestic violence misdemeanor,,"5,342","2,375",,"6,190","3,034","1,052"
Domestic violence restraining order,,"2,761","2,066",,"2,650","2,447",327
Drug user/addict,,"9,178","1,391",,"9,449","2,632",322
Mental health commitment/adjudication,,"2,932","1,336",,"3,557","2,650",484
Illegal/unlawful alien,,"1,121",898,,"1,431","1,325",81
State law prohibition,,"7,795","9,018",,"6,661","12,851","1,396"
Local law prohibition,,/,/ ,,/,/,159
Other prohibitions/b,,253,"1,309",,222,"1,988","1,477"
"Note: Applications include transfers and permits. Reasons for denial were based on 18 U.S.C. � 922 and state laws. Totals were based on agencies that reported counts on reasons for denial. Local data are not available for 2013. For more information on reporting agencies and sample design, see Methodology.",,,,,,,
"~Not applicable. This is a not a federal disqualifier, but a disqualifer that is used in certain states.",,,,,,,
/Not reported. This does not apply to the FBI or state agency reporters.,,,,,,,
"a/During 2008, the FBI instituted a new classification system and reclassified all denials from 1999 to 2008. Therefore, totals are not comparable with those in editions of this report prior to 2008. ",,,,,,,
"b/Includes juveniles, persons dishonorably discharged from the U.S. Armed Forces, persons who have renounced U.S. citizenship, and other unspecified persons.",,,,,,,
"Sources: Bureau of Justice Statistics, Firearm Inquiry Statistics program, 2013 and 2014; and FBI, National Instant Criminal Background Check System Section Federal Denials, 2013 and 2014.",,,,,,,
