Bureau of Justice Statistics,,,,,
Filename: bcft1314stat01.csv,,,,,
"Appendix table 1. Estimated standard errors for firearm applications received and denied by local agencies, 2014",,,,,
"Report title: Background Checks for Firearm Transfers, 2013-14  NCJ 249849",,,,,
"Data source(s):  Bureau of Justice Statistics, Firearm Inquiry Statistics program, 2014..",,,,,
"Author(s):  Jennifer C. Karberg, Ronald J. Frandsen, Joseph M. Durso, Trent D. Buskirk, Ph.D. Regional Justice Information Service, Allina D. Lee Bureau of Justice Statistics  ",,,,,
Refer questions to: askbjs@usdoj.gov or 202-307-0765 ,,,,,
Date of version: 06/30/2016,,,,,
,,,,,
"Appendix table 1. Estimated standard errors for firearm applications received and denied by local agencies, 2014",,,,,
,,Applications,Denials,Percent denied,
,Total,"19,265",731,0.07,%
Purchase permits,,,,,
Exempt carry permits,,"13,860",678,0.2,%
Other approvals,,"7,957",171,0.04,
,,"7,658",56,0.04,
"Source: Bureau of Justice Statistics, Firearm Inquiry Statistics program, 2014.",,,,,
