"Bureau of Justice Statistics",,,,,,,,,
"Filename: cfjs02308.csv",,,,,,,,,
"Table 3.8.  Behavior of defendants released prior to trial, by offense, October 1, 2001 - September 30, 2002",,,,,,,,,
"Report title:  Compendium of Federal Justice Statistics, 2002   NCJ  205368",,,,,,,,,
"Data source:  Federal justice statistics database maintained by The Urban Institute",,,,,,,,,
"Author:  Urban Institute under the supervision of BJS",,,,,,,,,
"Refer  questions to:  askbjs@usdoj.gov  202-307-0765",,,,,,,,,
"Date of version:  9/17/04",,,,,,,,,
,,,,,,,,,
,,,,,,,,,
"Table 3.8.  Behavior of defendants released prior to trial, by offense, October 1, 2001 - September 30, 2002",,,,,,,,,
,,,,,,,,,
,,"Percent of released defendants who had-- ",,,,,,,
,,,"Violations while on release",,,,,,
,,,,,"New offense charged",,,,
"Most serious offense charged",,"No violation","At least  one violation","Failed to  appear","Felony","Misdemeanor","Technical violations of bail conditions","Release revoked","Number of released defendants"
," All offenses*",80.5,19.5,2.2,1.9,1.8,17.9,7.5,32140
"Violent offenses",,76.4,23.6,1.8,1.6,2.4,22.8,12.3,1091
"Property offenses",,86.9,13.1,1.6,1.6,1.2,11.8,5.2,10838
,"Fraudulent offenses",87.8,12.2,1.6,1.7,1,10.9,4.5,8701
,"Other property offenses",83.3,16.7,1.6,1.2,1.7,15.6,8,2137
"Drug offenses",,70.5,29.5,3.3,2.4,2.8,27.3,10.9,11396
"Public-order offenses",,92.4,7.6,0.9,1,0.7,6.7,2.4,5441
,"Regulatory offenses",91.8,8.2,1,0.8,0.6,7.6,2.4,1634
,"Other offenses",92.7,7.3,0.8,1.1,0.8,6.3,2.4,3807
"Weapon offenses",,69.4,30.6,2.6,3.9,3,28.5,13.4,2054
"Immigration offenses",,85.8,14.2,3.3,1.4,1.2,12.1,5.3,1253
,,,,,,,,,
"Note:  Data describe defendants whose pretrial services were terminated during fiscal year 2002.  A defendant with more than 'one type of violation appears in more than one column.  ",,,,,,,,,
"A defendant with more than one of the same type of violation appears only once in that column.  Therefore, the sum of individual violations exceeds the total.  Not all violations resulted in revocation.  For further information, see Chapte",,,,,,,,,
" *Includes 67 defendants for whom an offense category could not be determined.",,,,,,,,,
