"Bureau of Justice Statistics",,,,,,,,
"Filename:  cfjs02307.csv",,,,,,,,
"Table 3.7.  Pretrial detention hearing outcomes, by defendant characteristics, October 1, 2001 - September 30, 2002",,,,,,,,
"Report title:  Compendium of Federal Justice Statistics, 2002   NCJ  205368",,,,,,,,
"Data source:  Federal justice statistics database maintained by The Urban Institute",,,,,,,,
"Author:  Urban Institute under the supervision of BJS",,,,,,,,
"Refer  questions to:  askbjs@usdoj.gov  202-307-0765",,,,,,,,
"Date of version:  9/17/04",,,,,,,,
,,,,,,,,
,,,,,,,,
"Table 3.7.  Pretrial detention hearing outcomes, by defendant characteristics, October 1, 2001 - September 30, 2002",,,,,,,,
,,,,,,,,
,,,,,"Defendants with pretrial detention hearings",,,
,,,,,"Number of defendants",,,
"Defendant characteristic",,,,"All defendants","Hearings held","Ordered detained","Percent of defendants with hearings held","Of defendants with hearings held, percent ordered detained"
,,," All defendants/a",71572,38764,28301,54.2,73
"Male/Female",,,,,,,,
,"Male",,,60049,34600,25968,57.6,75.1
,"Female",,,11426,4143,2317,36.3,55.9
"Race",,,,,,,,
,"White",,,49868,26758,19944,53.7,74.5
,"Black",,,17935,9891,7087,55.1,71.7
,"Native American",,,1184,702,412,59.3,58.7
,"Asian/Pacific Islander",,,1619,912,519,56.3,56.9
"Ethnicity",,,,,,,,
,"Hispanic",,,29790,19589,15717,65.8,80.2
,"Non-Hispanic",,,41337,19000,12474,46,65.7
"Age",,,,,,,,
,"16-18 years",,,1290,707,491,54.8,69.4
,"19-20 years",,,4305,2294,1587,53.3,69.2
,"21-30 years",,,28235,16651,12447,59,74.8
,"31-40 years",,,20812,11701,8648,56.2,73.9
,"Over 40 years",,,16772,7349,5086,43.8,69.2
"Education",,,,,,,,
,"Less than high school graduate",,,21245,12569,8848,59.2,70.4
,"High school graduate",,,17455,8652,5502,49.6,63.6
,"Some college",,,10112,4028,2385,39.8,59.2
,"College graduate",,,4453,1236,684,27.8,55.3
"Marital status",,,,,,,,
,"Never married",,,22296,12409,8516,55.7,68.6
,"Divorced/separated",,,9850,4710,3024,47.8,64.2
,"Married",,,17698,7835,5071,44.3,64.7
,"Common law",,,4994,2835,1893,56.8,66.8
,"Other",,,16734,10975,9797,65.6,89.3
"Employment status at arrest",,,,,,,,
,"Unemployed",,,24597,14272,9886,58,69.3
,"Employed",,,30101,13088,8132,43.5,62.1
"Criminal record",,,,,,,,
,"No convictions/b",,,20803,8599,5444,41.3,63.3
,"Misdemeanor only",,,11924,5732,3781,48.1,66
,"Felony",,,,,,,
,,"Nonviolent",,16096,9940,7870,61.8,79.2
,,"Violent",,11558,7962,6383,68.9,80.2
"Number of prior convictions",,,,,,,,
,"1",,,11533,6135,4460,53.2,72.7
,"2 to 4",,,16165,9643,7359,59.7,76.3
,"5 or more",,,11880,7856,6215,66.1,79.1
"Criminal justice status",,,,,,,,
,"Not under supervision",,,42592,19308,12532,45.3,64.9
,"Pretrial release",,,2738,1553,1048,56.7,67.5
,"Probation",,,3971,2062,1498,51.9,72.6
,"Parole",,,1588,1064,893,67,83.9
"Court appearance history",,,,,,,,
,"No prior arrests",,,23028,10591,7247,46,68.4
,"Failure to appear",,,,,,,
,,"None",,38073,21090,15544,55.4,73.7
,,"1",,5012,3255,2464,64.9,75.7
,,"More than 1",,5459,3828,3046,70.1,79.6
"Drug abuse",,,,,,,,
,"No known abuse",,,32690,14427,9231,44.1,64
,"Drug history",,,18117,10435,7021,57.6,67.3
,,,,,,,,
"Note:  Percentages in this table are not directly comparable to those in the 1993 and prior Compendia; see Chapter notes, items 1 and 2, p. 51.",,,,,,,,
"a\ Includes defendants for whom these characteristics are unknown.",,,,,,,,
"b\ Includes only those defendants whose PSA records explicitly showed no prior convictions.",,,,,,,,
