"Bureau of Justice Statistics",,,,,,,,
"Filename:  cfjs02704.csv",,,,,,,,
"Table 7.4.  Characteristics of offenders terminating probation supervision, October 1, 2001 - September 30, 2002",,,,,,,,
"Report title:  Compendium of Federal Justice Statistics, 2002   NCJ  205368",,,,,,,,
"Data source:  Federal justice statistics database maintained by The Urban Institute",,,,,,,,
"Author:  Urban Institute under the supervision of BJS",,,,,,,,
"Refer  questions to:  askbjs@usdoj.gov  202-307-0765",,,,,,,,
"Date of version:  9/17/04",,,,,,,,
,,,,,,,,
,,,,,,,,
"Table 7.4.  Characteristics of offenders terminating probation supervision, October 1, 2001 - September 30, 2002",,,,,,,,
,,,,,,,,
,,,"Percent of probation supervisions terminating with--",,,,,
,,,,"Technical violations/a",,,,
"Offender characteristic",,"Number of probation terminations","No violation","Drug use","Fugitive status","Other","New crime/b","Administrative case closures"
," All offenders/c",15116,79.5,3.7,2.5,5.9,6.6,1.9
"Male/Female",,,,,,,,
,"Male",10836,77.8,3.8,2.5,6.3,7.6,2
,"Female",4253,83.6,3.4,2.5,4.9,4.1,1.5
"Race",,,,,,,,
,"White",9980,81.3,3.3,2.2,4.7,6.5,1.9
,"Black",3864,76,4.7,2.4,8,7,1.9
,"Native American",485,53.8,5.4,10.1,18.4,10.7,1.6
,"Asian/Pacific Islander",492,90.2,1.6,1.8,2.8,2.6,0.8
"Ethnicity",,,,,,,,
,"Hispanic",2408,74.3,2.4,3.2,5,12.9,2.1
,"Non-Hispanic",12556,80.4,3.9,2.3,6.1,5.4,1.8
"Age",,,,,,,,
,"16-18 years",157,47.1,10.2,8.3,15.9,17.2,1.3
,"19-20 years",615,59,8.1,5.5,12.2,13.2,2
,"21-30 years",4465,72.1,5,3.5,8,9.9,1.5
,"31-40 years",4023,80.4,4,2.4,5.9,6,1.4
,"Over 40 years",5851,87.5,1.8,1.3,3.4,3.5,2.5
"Education",,,,,,,,
,"Less than high school graduate",3679,69.6,5.9,4.1,9.1,9.2,2.1
,"High school graduate",5419,80.1,4,2.5,6.2,5.7,1.6
,"Some college",3368,86.5,2.2,1.4,3.9,4.3,1.7
,"College graduate",1881,90.9,1.1,0.9,2.8,2.3,2.2
"Drug abuse",,,,,,,,
,"No known abuse",11894,84,1.8,1.8,4.7,5.8,1.9
,"Drug history",3222,62.9,10.3,5.1,10.4,9.5,1.8
,,,,,,,,
"a/Violation of supervision conditions other than charges for new offenses.",,,,,,,,
"b/Includes both ""major"" and ""minor"" offenses.",,,,,,,,
"c/Total includes offenders whose characteristics could not be determined.",,,,,,,,
