"Bureau of Justice Statistics",,,,,,,,
"Filename:  cfjs02301.csv",,,,,,,,
"Table 3.1.  Release decision after two hearings, by offense, October 1, 2001 - September 30, 2002",,,,,,,,
"Report title:  Compendium of Federal Justice Statistics, 2002   NCJ  205368",,,,,,,,
"Data source:  Federal justice statistics database maintained by The Urban Institute",,,,,,,,
"Author:  Urban Institute under the supervision of BJS",,,,,,,,
"Refer  questions to:  askbjs@usdoj.gov  202-307-0765",,,,,,,,
"Date of version:  9/17/04",,,,,,,,
,,,,,,,,
,,,,,,,,
"Table 3.1.  Release decision after two hearings, by offense, October 1, 2001 - September 30, 2002",,,,,,,,
,,,,,,,,
,,,"      After initial hearing",,,,"After detention hearing/a",
"Most serious offense charged","All defendants","Percent released","Released","Detained","Dismissed","Continued/held over","Released","Detained"
"          All offenses/b",78060,37.1,22101,12825,280,42854,6892,35648
"Violent offenses",3427,28.3,655,415,20,2337,315,1999
"    Murder/c",200,21.5,27,24,1,148,16,132
"    Negligent manslaughter",20,70,5,0,0,15,9,6
"    Assault",840,52.4,341,66,15,418,99,315
"    Robbery",1890,15,156,284,1,1449,128,1307
"    Sexual abuse/c",325,51.7,116,15,1,193,52,138
"    Kidnaping",109,14.7,8,12,2,87,8,78
"    Threats against the President",43,11.6,2,14,0,27,3,23
"Property offenses",14389,72.7,9021,896,35,4437,1433,2955
"    Fraudulent",11677,72.9,7324,745,11,3597,1190,2368
"        Embezzlement",1319,91.7,1157,30,0,132,53,77
"        Fraud/c",8971,71,5356,573,8,3034,1017,1985
"        Forgery",154,69.5,96,14,1,43,11,32
"        Counterfeiting",1233,66.8,715,128,2,388,109,274
"    Other",2712,71.5,1697,151,24,840,243,587
"        Burglary",84,46.4,24,6,2,52,15,37
"        Larceny/c",2064,77,1420,91,20,533,170,357
"        Motor vehicle theft",148,31.8,38,20,0,90,9,79
"        Arson and explosives",171,51.5,66,19,0,86,22,63
"        Transportation of stolen property",148,67.6,86,7,1,54,14,39
"        Other property offenses/c",97,78.4,63,8,1,25,13,12
"Drug offenses",29835,31,5759,4401,76,19599,3498,15943
"    Trafficking",27107,29.1,4619,4112,55,18321,3268,14908
"    Other drug offenses",2728,50.2,1140,289,21,1278,230,1035
"Public-order offenses",8264,62.8,4540,846,108,2770,649,2107
"    Regulatory",2508,56.1,1202,408,29,869,206,662
"        Agriculture",4,"---",3,0,0,1,1,"    0"
"        Antitrust",9,"---",9,0,0,"    0","   0","    0"
"        Food and drug",55,94.5,48,2,0,5,4,1
"        Transportation",125,72.8,70,9,0,46,21,24
"        Civil rights",45,80,32,0,1,12,4,8
"        Communications",53,86.8,37,1,0,15,9,6
"        Custom laws",72,52.8,32,15,0,25,6,19
"        Postal laws",140,85.7,111,3,0,26,9,17
"        Other regulatory offenses",2005,50.5,860,378,28,739,152,587
"    Other",5756,65.7,3338,438,79,1901,443,1445
"        Tax law violations/c",520,94.2,446,13,1,60,44,16
"        Bribery",129,82.2,79,6,"     0",44,27,17
"        Perjury, contempt, and intimidation",204,63.2,98,23,"     0",83,31,50
"        National defense",113,76.1,80,6,1,26,6,20
"        Escape",753,9.7,47,152,7,547,26,517
"        Racketeering and extortion",1059,50.6,398,90,"     0",571,138,430
"        Gambling",28,85.7,23,1,"     0",4,1,3
"        Liquor offenses",4,"---",1,"     0","     0",3,1,2
"        Nonviolent sex offenses",811,62.8,389,60,1,361,120,238
"        Obscene material/c",64,60.9,33,9,"     0",22,6,16
"        Traffic offenses",1309,91.6,1187,34,54,34,12,22
"        Wildlife",118,94.1,107,4,"     0",7,4,3
"        Environmental",29,100,28,"     0","     0",1,1,"    0"
"        All other offenses/c",615,72.8,422,40,15,138,26,111
"Weapon offenses",6009,36.5,1574,767,9,3659,619,3005
"Immigration offenses",16026,5.4,499,5487,32,10008,367,9606
,,,,,,,,
,,,,,,,,
"---Too few cases to obtain statistically reliable data.",,,,,,,,
"a\ Includes only those defendants whose detention hearing was within the fiscal year.  There were 35 dismissals and 279 defendants whose release decision was still pending.",,,,,,,,
"b\ Includes 110 defendants with unknown or indeterminable offenses. ",,,,,,,,
"c\ In this table, ""Murder"" includes nonnegligent manslaughter; ""Sexual abuse"" includes only violent sex offenses; ""Fraud"" excludes tax fraud; '""Larceny"" excludes transportation of stolen property;",,,,,,,,
"""Other property offenses"" excludes fraudulent property offenses, and includes destruction of property and trespassing; ""Tax law violations"" includes tax fraud; ""Obscene material"" denotes the mail or transport thereof; ",,,,,,,,
"and ""All other offenses"" includes offenses with unclassifiable offense type.",,,,,,,,
