"Bureau of Justice Statistics",,,,,,,,,,,,,,
"Filename:  cfjs02504.csv",,,,,,,,,,,,,,
"Table 5.4.  Convicted offenders sentenced to incarceration, by offense and offender characteristics, October 1, 2001 - September 30, 2002",,,,,,,,,,,,,,
"Report title:  Compendium of Federal Justice Statistics, 2002   NCJ  205368",,,,,,,,,,,,,,
"Data source:  Federal justice statistics database maintained by The Urban Institute",,,,,,,,,,,,,,
"Author:  Urban Institute under the supervision of BJS",,,,,,,,,,,,,,
"Refer  questions to:  askbjs@ojp.usdoj.gov  202-307-0765",,,,,,,,,,,,,,
"Date of version:  9/17/04",,,,,,,,,,,,,,
,,,,,,,,,,,,,,
,,,,,,,,,,,,,,
"Table 5.4.  Convicted offenders sentenced to incarceration, by offense and offender characteristics, October 1, 2000 - September 30, 2001",,,,,,,,,,,,,,
,,,"",,,,,,,,,,,
,,,,,"Percent of all convicted offenders who were incarcerated in cases terminated during 2002",,,,,,,,,
,,,,,,"Felonies",,,,,,,,
,,,,,,,"Property offenses",,,"Public-order offenses",,,,
"Offender characteristic",,,,"Total number of convicted offenders","All offenses","Violent offenses","Fraudulent","Other","Drug offenses","Regulatory","Other","Weapon","Immigration","Misdemeanors"
,,," All offenders/a",71798,74.8,93.4,59.9,54.8,91.3,45.7,74.7,92.3,89.4,16.6
"Male/Female",,,,,,,,,,,,,,
,"Male",,,55576,82.7,95.0,65.4,62.2,93.1,52.0,78.1,93.4,91.2,26.0
,"Female",,,9268,57.1,80.3,46.9,34.5,80.4,38.5,59.1,67.3,63.2,14.6
"Race",,,,,,,,,,,,,,
,"White",,,44377,79.5,93.1,60.9,58.3,90.0,49.2,74.9,89.2,91.5,27.4
,"Black",,,16744,81.6,96.6,61.3,46.8,95.0,53.0,83.6,95.9,82.1,17.9
,"Native American",,,945,73.8,92.5,47.8,51.3,78.9,"--",76.2,91.4,59.5,20.0
,"Asian/Pacific Islander",,,1441,56.8,74.3,53.8,47.1,86.7,34.0,63.5,82.5,33.7,5.8
,"Other",,,192,61.5,"--",56.4,"--",94.3,"--","--",92.3,40.0,11.5
"Ethnicity",,,,,,,,,,,,,,
,"Hispanic",,,26042,86.7,90.3,63.8,59.5,91.8,53.4,82.7,93.5,92.0,46.7
,"Non-Hispanic",,,38561,74.2,94.2,59.7,54.0,91.1,45.7,74.7,92.4,69.7,15.0
"Age",,,,,,,,,,,,,,
,"16-18 years",,,406,62.1,82.9,50.0,50.0,79.2," --"," --",78.6,73.9,8.7
,"19-20 years",,,2916,75.0,95.7,46.1,44.6,87.0,58.1,74.5,93.8,84.2,14.4
,"21-30 years",,,23996,83.2,93.4,57.6,52.7,92.3,55.4,82.3,94.9,91.2,29.4
,"31-40 years",,,19079,82.7,95.2,62.4,62.0,92.4,52.2,78.7,92.7,93.0,30.3
,"Over 40 years",,,15925,73.5,93.0,59.1,52.9,90.0,41.0,71.0,86.0,91.1,20.1
"Citizenship",,,,,,,,,,,,,,
,"U.S. citizen",,,42361,75.7,94.1,58.7,53.4,90.6,48.0,75.3,92.6,78.0,16.0
,"Not U.S. citizen",,,21823,86.5,89.3,67.6,68.9,93.2,51.9,80.1,92.3,91.1,48.0
"Education",,,,,,,,,,,,,,
,"Less than high school graduate",,,27274,87.2,92.8,61.3,55.9,93.0,57.2,81.9,94.1,92.9,32.5
,"High school graduate",,,18451,77.9,95.6,58.1,54.9,91.3,46.0,76.6,92.4,87.8,14.9
,"Some college",,,10196,70.5,92.2,58.0,52.0,88.4,46.8,75.0,89.1,81.7,14.3
,"College graduate",,,3874,63.2,92.0,62.5,56.1,82.9,40.0,67.0,75.3,65.9,18.0
"Criminal record",,,,,,,,,,,,,,
,"No convictions",,,25783,67.2,86.5,50.6,42.5,86.9,42.9,67.9,79.5,69.7,14.9
,"Prior adult convictions/b",,,39180,86.7,97.1,71.6,66.3,94.9,57.6,85.1,94.7,94.1,31.5
,,,,,,,,,,,,,,
"-- Too few cases to obtain statistically reliable data.",,,,,,,,,,,,,,
"Note:  By definition, corporations are excluded from the offender characteristics reported.   Offenders serving life sentences and indeterminate sentences are included.  Offenders are classified by the most serious offense of conviction.",,,,,,,,,,,,,,
"The percentages in this table report the percent of convicted persons having a particular characteristic who were incarcerated.  For example, 82.7% of all convicted males were incarcerated, and 95% of males convicted of a violent offense",,,,,,,,,,,,,,
"were incarcerated.  Offender characteristics are not comparable to the 1993 and prior compendia; see Chapter notes, item 2, p. 75.",,,,,,,,,,,,,,
"a\ Includes corporations and offenders for whom offense or characteristics are unknown.",,,,,,,,,,,,,,
"b\ Prior adult convictions are limited; see Chapter notes, item 3, p. 75.  Classifications of lengths of prior sentences of incarceration differ from the 1993 and prior compendia and are not directly comparable to those earlier years; ",,,,,,,,,,,,,,
"see Chapter notes, item 3, p. 75.",,,,,,,,,,,,,,
