"Bureau of Justice Statistics",,,,,,,,,,,,
"Filename:  cfjs02503.csv",,,,,,,,,,,,
"Table 5.3.  Sentences imposed on convicted offenders, by offense of conviction and method of disposition, October 1, 2001 - September 30, 2002",,,,,,,,,,,,
"Report title:  Compendium of Federal Justice Statistics, 2002   NCJ  205368",,,,,,,,,,,,
"Data source:  Federal justice statistics database maintained by The Urban Institute",,,,,,,,,,,,
"Author:  Urban Institute under the supervision of BJS",,,,,,,,,,,,
"Refer  questions to:  askbjs@usdoj.gov  202-307-0765",,,,,,,,,,,,
"Date of version:  9/17/04",,,,,,,,,,,,
,,,,,,,,,,,,
,,,,,,,,,,,,
"Table 5.3.  Sentences imposed on convicted offenders, by offense of conviction and method of disposition, October 1, 2001 - September 30, 2002",,,,,,,,,,,,
,,,,,,,,,,,,
,,,,,,,,,,"Offenders sentenced to some incarceration",,
,,,,,,,"Number of offenders in terminated cases convicted and sentenced to--",,," ","Sentence length/c",
"Offense of conviction and method of disposition",,,,,,"Number of convicted offenders","Incarceration/a","Probation/b","Fine (only)","Percent of convicted offenders","Mean","Median"
,,,,,,,,,,,,
,,,,"All offenses/d",,71798,53682,12190,2897,74.8,57.1,33.0
,"Guilty plea/e",,,,,69072,51308,11973,2774,74.3,53.3,33.0
,"Trial",,,,,2726,2374,217,123,87.1,144.4,84.0
"Felonies",,,,,,63238,52246,8178,257,82.6,58.4,36.0
,"Guilty plea",,,,,60816,49949,8060,252,82.1,54.5,33.0
,"Trial",,,,,2422,2297,118,5,94.8,149.2,90.5
,"Violent offenses",,,,,2578,2408,132,4,93.4,88.5,60.0
,,"Guilty plea",,,,2414,2249,128,4,93.2,81.3,60.0
,,"Trial",,,,164,159,4,0,97,204.4,108.0
,"Property offenses",,,,,13101,7746,4421,111,59.1,25,15.0
,,,"Guilty plea",,,12589,7307,4359,108,58,22.6,15.0
,,,"Trial",,,512,439,62,3,85.7,65.6,36.0
,"Drug offenses",,,,,26234,23951,1507,35,91.3,76,57.0
,,"Guilty plea",,,,25241,22966,1493,35,91,71.4,52.0
,,"Trial",,,,993,985,14,0,99.2,195.8,151.0
,"Public-order offenses",,,,,4630,3053,1362,62,65.9,38.5,24.0
,,,"Guilty plea",,,4407,2852,1342,61,64.7,36.7,24.0
,,,"Trial",,,223,201,20,1,90.1,66,41.0
,"Weapon offenses",,,,,5563,5134,401,11,92.3,83.9,51.0
,,,"Guilty plea",,,5154,4732,387,10,91.8,75.4,49.0
,,,"Trial",,,409,402,14,1,98.3,188.5,120.0
,"Immigration offenses",,,,,11132,9954,355,34,89.4,27.9,24.0
,,,"Guilty plea",,,11011,9843,351,34,89.4,27.6,24.0
,,,"Trial",,,121,111,4,0,91.7,48.9,41.0
"Misdemeanors",,,,,,8499,1408,3980,2638,16.6,9.8,4.0
,"Guilty plea/e",,,,,8198,1334,3881,2520,16.3,10,4.5
,"Trial",,,,,301,74,99,118,24.6,5.7,3.0
,,,,,,,,,,,,
"a\ All sentences to incarceration, including split, mixed, life, and indeterminate sentences.",,,,,,,,,,,,
"b\ Includes offenders with split and mixed sentences. ",,,,,,,,,,,,
"c\ Excludes sentences of life, death, and indeterminate sentences (1% of all incarceration).",,,,,,,,,,,,
"d\ Total includes offenders whose sentence could not be determined and 61 defendants for whom offense category could not be determined, 28 of whom received a sentence of incarceration and 32 received a sentence of probation. ",,,,,,,,,,,,
"For further information, see Chapter notes, item 1, p. 75.",,,,,,,,,,,,
"e\ Includes nolo contendere.",,,,,,,,,,,,
