"Bureau of Justice Statistics",,,,,,,,,,
"Filename:  cfjs02705.csv",,,,,,,,,,
"Table 7.5.  Outcomes of supervised release, by offense, October 1, 2001 - September 30, 2002",,,,,,,,,,
"Report title:  Compendium of Federal Justice Statistics, 2002   NCJ  205368",,,,,,,,,,
"Data source:  Federal justice statistics database maintained by The Urban Institute",,,,,,,,,,
"Author:  Urban Institute under the supervision of BJS",,,,,,,,,,
"Refer  questions to:  askbjs@usdoj.gov  202-307-0765",,,,,,,,,,
"Date of version:  9/17/04",,,,,,,,,,
,,,,,,,,,,
,,,,,,,,,,
"Table 7.5.  Outcomes of supervised release, by offense, October 1, 2001 - September 30, 2002",,,,,,,,,,
,,,,,,,,,,
,,,,,"Percent of supervised releases terminating with--",,,,,
,,,,,,"Technical violations/b",,,,
"Most serious offense of conviction/a",,,,"Number of supervised  release terminations","No violation","Drug use","Fugitive status","Other","New crime/c","Administrative case closures"
,,," All offenses",27678,62.2,8.4,5.1,9,13.1,2.2
"Felonies",,,,27067,62.1,8.4,5.1,9,13.1,2.2
,"Violent offenses",,,2121,41.4,12.5,8.7,16.7,17.3,3.4
,,"Murder/d",,104,40.4,7.7,22.1,15.4,13.5,1
,,"Negligent manslaughter",,5,"--","--","--","--","--","--"
,,"Assault",,272,38.2,6.6,12.5,20.2,19.5,2.9
,,"Robbery",,1522,42.4,14.8,7.2,15.1,17.4,3.2
,,"Sexual abuse/d",,166,38.6,7.8,9.6,24.7,14.5,4.8
,,"Kidnapping",,31,54.8,"--","--",16.1,25.8,3.2
,,"Threats against the President",,21,19,9.5,9.5,33.3,4.8,23.8
,"Property offenses",,,7195,69.2,5.5,4.7,9,9.8,1.8
,,"Fraudulent",,5898,71.7,4.9,4,8.4,9.1,1.9
,,,"Embezzlement",736,84,1.8,2.7,5.8,5,0.7
,,,"Fraud/d",4381,72.6,4.5,3.8,8.2,8.7,2.2
,,,"Forgery",109,53.2,8.3,4.6,16.5,17.4,"--"
,,,"Counterfeiting",672,55.5,10.6,7,11.2,14.1,1.6
,,"Other",,1297,57.7,8.2,7.9,11.8,13,1.5
,,,"Burglary",99,34.3,5.1,10.1,23.2,24.2,3
,,,"Larceny/d",791,56,9.9,8.6,12.3,12,1.3
,,,"Motor vehicle theft",152,60.5,8.6,6.6,7.9,14.5,2
,,,"Arson and explosives",116,67.2,3.4,6,12.9,8.6,1.7
,,,"Transportation of stolen property",119,75.6,4.2,5,2.5,11.8,0.8
,,,"Other property offenses/d",20,55,5,5,15,20,"--"
,"Drug offenses",,,12320,64.1,9.6,4.5,7.5,12.3,2.1
,,"Trafficking",,11090,63.5,9.8,4.7,7.4,12.4,2.1
,,"Possession and other drug offenses",,1230,69.3,8,2.1,7.6,11,2
,"Public-order offenses",,,2295,73.2,4.3,4,6.8,9.3,2.4
,,"Regulatory",,654,69.7,5.2,6.7,5.7,10.1,2.6
,,,"Agriculture",0,"...","...","...","...","...","..."
,,,"Antitrust",5,"--","--","--","--","--","--"
,,,"Food and drug",16,81.3,12.5,"--","--","--",6.3
,,,"Transportation",19,89.5,"--","--",10.5,"--","--"
,,,"Civil rights",58,77.6,5.2,3.4,1.7,10.3,1.7
,,,"Communications",23,87,4.3,0,4.3,4.3,"--"
,,,"Custom laws",48,58.3,4.2,10.4,6.3,8.3,12.5
,,,"Postal laws",20,55,5,10,30,"--","--"
,,,"Other regulatory offenses",465,68.2,5.4,7.5,5.2,11.8,1.9
,,"Other",,1641,74.6,4,2.9,7.3,9,2.3
,,,"Tax law violations/d",351,91.5,0.9,1.4,2.8,2.3,1.1
,,,"Bribery",60,91.7,1.7,"--","--",5,1.7
,,,"Perjury, contempt, and intimidation",102,76.5,5.9,"--",5.9,9.8,2
,,,"National defense",11,81.8,"--","--","--",9.1,9.1
,,,"Escape",179,39.7,10.6,10.1,13.4,23.5,2.8
,,,"Racketeering and extortion",564,75.7,4.8,1.8,5.7,8.5,3.5
,,,"Gambling",37,91.9,"--",2.7,5.4,"--","--"
,,,"Nonviolent sex offenses",195,69.2,1,4.1,14.9,9.7,1
,,,"Obscene material/d",20,70,"--","--",15,15,"--"
,,,"Wildlife",8,"--","--","--","--","--","--"
,,,"Environmental",7,"--","--","--","--","--","--"
,,,"All other offenses/d",107,63.6,6.5,4.7,11.2,12.1,1.9
"    Weapon offenses",,,,2128,49,11.8,6.2,11.8,18.1,3.1
"    Immigration offenses",,,,972,34.1,7.3,9.1,9.8,38.3,1.5
"Misdemeanors/d",,,,611,63.2,8.8,4.1,10.8,10.6,2.5
,"Fraudulent property offense",,,66,68.2,9.1,1.5,10.6,7.6,3
,"Larceny",,,114,64,8.8,3.5,10.5,11.4,1.8
,"Drug possession/d",,,173,56.6,12.7,5.2,11,14.5,"--"
,"Immigration",,,12,75,"--",8.3,"--",16.7,"--"
,"Traffic offenses",,,69,68.1,7.2,1.4,13,8.7,1.4
,"Other misdemeanors",,,177,64.4,6.2,5.1,10.7,7.9,5.6
,,,,,,,,,,
"Note:  Offenses for 36 felony offenders could not be determined; see Chapter notes, item 3, p. 107.",,,,,,,,,,
"--Too few cases to obtain statistically reliable data.",,,,,,,,,,
"...No cases of this type occurred in the data.",,,,,,,,,,
"a/See Chapter notes, item 1, p. 107, and ""Offense classifications"" in Methodology, p. 109.",,,,,,,,,,
"b/Supervision terminated with incarceration or removal to inactive status for violation of supervision conditions other than charges for new offenses.",,,,,,,,,,
"c/Supervision terminated with incarceration or removal to inactive status after arrest for a ""major"" or ""minor"" offense.",,,,,,,,,,
"d/In this table, ""Murder"" includes nonnegligent manslaughter; ""Sexual abuse"" 'includes only violent sex offenses; 'Fraud"" excludes tax fraud; ""Larceny"" excludes transportation of stolen property; ",,,,,,,,,,
"Other property offenses"" excludes fraudulent property offenses, and includes destruction of property and trespassing; Tax law violations"" includes tax fraud; ""Obscene material"" denotes the mail or transport thereof; ",,,,,,,,,,
"""Misdemeanors"" includes misdemeanors, petty offenses, and unknown offense levels; and ""Drug possession"" also includes other drug misdemeanors.",,,,,,,,,,
