Bureau of Justice Statistics,,,,,
Filename: fjs1516f05.csv,,,,,
"Figure 5. Race/Hispanic origin of federally sentenced offenders in the custody of the Federal Bureau of Prisons, by most serious commitment offense, Fiscal Year-end 2016",,,,,
"Report title: Federal Justice Statistics, 2015 -2016   NCJ 251770",,,,,
"Data source:  Bureau of Justice Statistics, based on data from the Federal Bureau of Prisons, SENTRY database, fiscal year-end 2016",,,,,
"Author: Mark Motivans, Ph.D.,  BJS Statistician",,,,,
Refer questions to: askbjs@usdoj.gov or 202-307-0765 ,,,,,
Date of version: 01/17/19,,,,,
,,,,,
"Figure 5. Race/Hispanic origin of federally sentenced offenders in the custody of the Federal Bureau of Prisons, by most serious commitment offense, Fiscal Year-end 2016",,,,,
,White,Black,Hispanic,American Indian/Alaska Native,Asian/Native Hawaiian/Other Pacific Islander
Violent,3164,3714,"1,149",2014,93
Property,4508,3913,1650,152,365
Drug,17624,30304,"31,468",542,1107
Public order,14255,4857,"3,854",284,470
Weapons,6972,16409,4557,412,247
Immigration,428,208,"14,754",13,11
"Note: Based on the offense with the longest sentence. The unit of count is the individual, federally sentenced prisoner in the custody of the Federal Bureau of Prisons on September 30, 2016. Includes prisoners sentenced in U.S. district court and excludes District of Columbia code offenders, military code offenders, foreign treaty transfers, state boarders, and pre-sentenced offenders. See Methodology for universe of prisoners in federal prison. Percentages are based on non-missing data. Most serious commitment offense was missing for 880 records in 2016.",,,,,
"Source: Bureau of Justice Statistics, based on data from the Federal Bureau of Prisons, SENTRY database, fiscal year-end 2016",,,,,
