"Bureau of Justice Statistics",,,,,,,,,
"filename: sco9838.csv",,,,,,,,,
"table#:  38 The Defense of Insanity: Standards and Procedures",,,,,,,,,
"report title: State Court Organization, 1998 NCJ 178932",,,,,,,,,
"author:  David  B. Rottman, Carol R. Flango, Milissa T. Cantrell, Randall Hansen",,,,,,,,,
"refer questions to: askbjs@ojp.usdoj.gov (202) 307-0765",,,,,,,,,
"date of version: 05/19/2000",,,,,,,,,
,,,,,,,,,
"Table 38. The Defense of Insanity: Standards and Procedures",,,,,,,,,
,,,,,,,,,
,,,,,,,,,
,"Pre-Trial",,"Trial",,,,"Post-Trial",,
,"Standard of proof in disposition hearing:","Bifurcated","Standard of proof","Burden of Proof: Defendant (D) Prosecutor (P)","Jury informed of verdict consequences","Test for Insanity","Insanity verdict","Treatment: Mandatory (M) Discretionary (D)","Post-conviction release authority"
,,,,,,,,,
"Alabama","C",,"C","D",,"MN","NGBD","D","Court"
,,,,,,,,,
"Alaska","C",,"P","D","X","MN (nature and quality prong only) /1","NGBI/GBMI","D for NGBI;M for GBMI","Court"
,,,,,,,,,
"Arizona","C",,"C","D",,"MN (nature and quality) /2","NGBI/GBI","D","Court"
,,,,,,,,,
"Arkansas","P /3",,"P","D","X","A.L.I.  (MINUS ""SUBSTANTIAL"")","NGBD","D","Court"
,,,,,,,,,
"California","P","X","P","D","X","MN","NGBI","D","Court"
,,,,,,,,,
"Colorado","P",,"B","P","X","MN and Irresistible Impulse","NGBI","M","Court"
,,,,,,,,,
"Connecticut","C",,"P","D","X","A.L.I. (requires lack of capacity to conform)","NGBD","D","Court"
,,,,,,,,,
"Delaware","P",,"P","D",,"A.L.I.  (CRIMINAL PRONG ONLY)","NGBI","M","Court"
,,,,,,,,,
"District of Columbia","P /4","X /5","P","D","X","A.L.I.","NGBI","M","Court"
,,,,,,,,,
"Florida","P","X","B","P","X","MN","NGBI","D","Court"
,,,,,,,,,
"Georgia","P",,"P for NGBI; B for GBMI/ GBMR","D","X","MN and delusional compulsion.","NGBI/GBMI/ GBMR","M for NGBI D for GBMI/ GBMR","Court"
,,,,,,,,,
"Hawaii","P",,"P","D","X","A.L.I. /6","Acquitted for physical or mental disorder","D","Court"
,,,,,,,,,
"Idaho /7","/8","No Insanity Defense",,,,,"GBI","D","Court"
,,,,,,,,,
"Illinois","P",,"C","D",,"A.L.I. (requires lack of substantial capacity to conform)","NGBI","D","Court"
,,,,,,,,,
"Indiana","P",,"B","P",,"A.L.I. (no control prong) /9","Not responsible by Insanity","D","Court"
,,,,,,,,,
"Iowa","P",,"P","D",,"MN","NGBI","M","Court"
,,,,,,,,,
"Kansas","P",,"B","P","X","MN","NGBD","M","Court"
,,,,,,,,,
"Kentucky","P /10",,"P","D","X","A.L.I.","NGBI","D","Court"
,,,,,,,,,
"Louisiana","P",,"P","D",,"MN","NGBI","M","Court"
,,,,,,,,,
"Maine","P","X","P","D",,"A.L.I. (no control prong) /11","Not responsible for mental defect reasons","M","Court"
,,,,,,,,,
"Maryland","B","X","P","D","X","A.L.I.","Not responsible by reason of insanity","D","Court"
,,,,,,,,,
"Massachusetts","P",,"B","P","X, if requested by defendant","A.L.I.","NGBI","D","State Hospital /12"
,,,,,,,,,
"Michigan","P",,"P","D",,"A.L.I.","NGBI","M","N/S"
,,,,,,,,,
"Minnesota","P","X","P","D",,"MN","NGBI","M","Court"
,,,,,,,,,
"Mississippi","P","X","B","P",,"MN","ABI","D","N/S"
,,,,,,,,,
"Missouri","P",,"P","D",,"MN and incapacity to conform conduct to requirements of law","NGBD","M","Court"
,,,,,,,,,
"Montana /13","P",,,,,"N/A","GBI","D","Court"
,,,,,,,,,
"Nebraska","P /14",,"P","D",,"MN","NGBI","D","Court"
,,,,,,,,,
"Nevada","P",,"P","D",,"N/S","GBMI","D",
,,,,,,,,,
"New Hampshire","P","X","C","D","X","/15","NGBI","M","Court"
,,,,,,,,,
"New Jersey","P",,"P","D","X","MN","NGBI","D","Court"
,,,,,,,,,
"New Mexico","P",,"B","P",,"MN or Irresistible Impulse","NGBI","D","Court"
,,,,,,,,,
"New York","P",,"P","D","X","A.L.I.","Not responsible by reason of mental defect","D","Court"
,,,,,,,,,
"North Carolina","P",,"Jury Satisfied","D","X","MN","NGBI","M","Court"
,,,,,,,,,
"North Dakota /16","P","X","P","D","X","A.L.I.","NG,lack of criminal responsibility","D","Court Annual Review"
,,,,,,,,,
"Ohio","P",,"P","D",,"MN","NGBI","D","Court"
,,,,,,,,,
"Oklahoma","B","X","B","P",,"MN","AGI","D","Court"
,,,,,,,,,
"Oregon","P",,"P","D","X","A.L.I.","Guilty except for insanity","D","Psych. Security Review Board"
,,,,,,,,,
"Pennsylvania","P","X","B","P","X","MN","NGBI","D","Court"
,,,,,,,,,
"Puerto Rico","Reasonable Grounds",,"B","P",,"A.L.I.","NGBI","D /17","Court"
,,,,,,,,,
"Rhode Island","P",,"P","D",,"A.L.I.","NGBI","D","Court"
,,,,,,,,,
"South Carolina","P",,"P","D","X /18","MN","NGBI","M(120 days)","Chief Admin. Judge"
,,,,,,,,,
"South Dakota","P",,"C","D",,"MN","NGBI","D","Court"
,,,,,,,,,
"Tennessee","P",,"C","D","X","A.L.I.","NGBI","M","Court"
,,,,,,,,,
"Texas","P",,"P","D",,"MN and Irresistible Impulse","NGBI","D for nonviolent, M for violent ","Court"
,,,,,,,,,
"Utah /19","No Insanity Defense",,,,,,"GBI","D","Court"
,,,,,,,,,
"Vermont","P",,"B","P",,"A.L.I.","NGBI","D","Dev/Men Health Services /20"
"Virginia","P",,"P","D",,"MN and Irresistible Impulse","NGBI","D","Court"
,,,,,,,,,
"Washington","P",,"P","D",,"MN","NGBI","D","Court"
,,,,,,,,,
"West Virginia","P",,"B","P","X","A.L.I.","NGBD","M","Court"
,,,,,,,,,
"Wisconsin","/21","X","/21","D","X","A.L.I.","NGBD","D","Court"
,,,,,,,,,
"Wyoming","P",,"P","D",,"A.L.I.","NGMI/D","D","Court"
,,,,,,,,,
"Federal","P",,"C","D",,"MN","NGBI","M /22","Court /23"
,,,,,,,,,
"Definitions:",,,,,,,,,
,,,,,,,,,
"MNaghten",,,,,,,,,
"Accused party, at the time of committing the act, was laboring under a defect of reason from disease of the mind, not to know the nature and quality of the act he/she was doing, or if he/she knew it, that he/she did not know it was wrong.",,,,,,,,,
,,,,,,,,,
"A.L.I.",,,,,,,,,
"Accused lacks substantial capacity to appreciate the criminality (wrongfulness) of his/her conduct or conform his/her conduct to the requirements of the law.",,,,,,,,,
,,,,,,,,,
"Irresistible Impulse",,,,,,,,,
"If a mental disorder caused individual to experience an irresistible impulse to commit the offense, even if he/she remained able to understand the nature of the offense and its wrongfulness.",,,,,,,,,
,,,,,,,,,
"FOOTNOTES:",,,,,,,,,
" ",,,,,,,,,
" Alaska",,,,,,,,,
"1/ Wrongfulness prong is basis for GBMI verdict.",,,,,,,,,
,,,,,,,,,
"Arizona",,,,,,,,,
"2/ Wrongfulness prong is basis for GBI verdict.",,,,,,,,,
,,,,,,,,,
"Arkansas",,,,,,,,,
"3/ Burden of proof is not explicitly stated, but sounds like PE in caselaw.",,,,,,,,,
,,,,,,,,,
"District of Columbia",,,,,,,,,
"4/ Burden of proof not explicitly stated, but caselaw sounds like PE with heavy reliance on expert witness conclusions.",,,,,,,,,
"5/ At discretion of trial court.",,,,,,,,,
,,,,,,,,,
"Hawaii",,,,,,,,,
"6/ Expands disability defense so conduct can be a result of physical or mental disease, disorder, or defect.",,,,,,,,,
,,,,,,,,,
"Idaho",,,,,,,,,
"7/ Insanity defense abolished; evidence of mental defect may negate an offense element.",,,,,,,,,
"8/ Burden of proof is not explicitly stated, but sounds like PE in caselaw.",,,,,,,,,
,,,,,,,,,
"Indiana",,,,,,,,,
"9/ Mental disease/defect must be a severely abnormal mental condition that grossly and demonstrably impairs perception.",,,,,,,,,
,,,,,,,,,
"Kentucky",,,,,,,,,
"10/ Burden of proof is not explicitly stated, but sounds like PE in caselaw.",,,,,,,,,
,,,,,,,,,
"Maine",,,,,,,,,
"11/ Mental disease/defect must be a severely abnormal mental condition that grossly and demonstrably impairs perception.",,,,,,,,,
,,,,,,,,,
"Massachusetts:",,,,,,,,,
"12/ District attorney must be informed of release and given opportunity to file civil commitment.",,,,,,,,,
,,,,,,,,,
"Montana",,,,,,,,,
"13/ Insanity defense abolished; evidence of mental defect may negate an offense element.",,,,,,,,,
,,,,,,,,,
"Nebraska",,,,,,,,,
"14/ Burden of proof is not explicitly states, but sounds like PE in caselaw.",,,,,,,,,
,,,,,,,,,
"New Hampshire",,,,,,,,,
"15/ Legislature has not adopted a test: Courts have held that the insanity must negate criminal intent for NGBI verdict.",,,,,,,,,
,,,,,,,,,
"North Dakota",,,,,,,,,
"16/ Availability of insanity defense tied to the elements of offense.  Effectively abolishes insanity defense for crimes not requiring intention, knowledge, or recklessness.",,,,,,,,,
,,,,,,,,,
"Puerto Rico",,,,,,,,,
"17/ If court has reasonable grounds to believe imposition is necessary due to his/her dangerous character.",,,,,,,,,
,,,,,,,,,
"South Carolina",,,,,,,,,
"18/ But only if the jury has the right to fix punishment as well as decide guilt or innocence.",,,,,,,,,
,,,,,,,,,
"Utah",,,,,,,,,
"19/ Insanity defense abolished, evidence of mental defect may negate an offense element.",,,,,,,,,
,,,,,,,,,
"Vermont",,,,,,,,,
"20/ Court may retain the release authority.",,,,,,,,,
,,,,,,,,,
"Wisconsin:",,,,,,,,,
"21/ Greater weight of the credible evidence.",,,,,,,,,
,,,,,,,,,
"Federal",,,,,,,,,
"22/ Unless defense can prove by CCE that his release would not create a substantial risk of bodily injury or serious damage to property due to a present mental disease or defect.",,,,,,,,,
"23/ Upon certification by director of mental facility that defendants release or conditional release would no longer create a substation risk.",,,,,,,,,
