"Bureau of Justice Statistics",,,,,,,
"filename: sco9837.csv",,,,,,,
"table#:  37 Media Coverage of Trial and Appellate Courts",,,,,,,
"report title: State Court Organization, 1998 NCJ 178932",,,,,,,
"author:  David  B. Rottman, Carol R. Flango, Milissa T. Cantrell, Randall Hansen",,,,,,,
"refer questions to: askbjs@ojp.usdoj.gov (202) 307-0765",,,,,,,
"date of version: 05/19/2000",,,,,,,
,,,,,,,
,,,,,,,
"Table 37. Media Coverage of Trial and Appellate Courts",,,,,,,
,,,,,,,
,,,,,"Limitations on Coverage                                 ",,
,"Effective Date:","Who must consent?","Who may object?","Effect of Objection","Number","Procedures","Personal"
,,,,,,,
,,,,,,,
"Alabama",,,,,,,
"Supreme Court","2/1/76","Attorneys, parties present, and judge","Witness, attorney, party, or judge","Personal exclusion","4 SP, 2 TV ","~","Objecting witness, attorney, party, or judge"
"Court of Criminal Appeals",,,,,,,
"Court of Civil Appeals",,,,,,,
"Circuit Court",,"Judge, accused, prosecution, plaintiffs, and defendants","Witness, juror, attorney, or party","Personal exclusion","~","~","Objecting witness, juror, attorney, or party"
"District Court",,,,,,,
"Municipal Court",,,,,,,
"Probate Court",,,,,,,
,,,,,,,
"Alaska /1",,,,,,,
"Supreme Court","1/15/90","Judge, victim, all parties in family proceedings","~","~","2 TV; 2 SP; 2 AS","Conferences of counsel","Jurors, except for return of verdict"
"Court of Appeals",,,,,,,
"Superior Court",,,,,,,
"District Court",,,,,,,
,,,,,,,
"Arizona",,,,,,,
"Supreme Court","7/1/83","Judge","Party, witness","~","At judges discretion","Juvenile court, adoption proceedings, conference of counsel","Adversely impacted witnesses, jurors"
"Court of Appeals",,,,,,,
"Superior Court",,,,,,,
"Tax Court",,,,,,,
"Justice of the Peace Court",,,,,,,
"Municipal Court",,,,,,,
,,,,,,,
"Arkansas",,,,,,,
"Supreme Court","3/8/82","Judge","Party, attorney, or witness","Total exclusion for party or attorney; personal exclusion for witness","1 TV; 1 SP; 1 AS","Conferences of counsel, juvenile and domestic relations proceedings","Objecting witness, jurors, victims of sex offenses, undercover police, informants, minors without parental consent"
"Court of Appeals",,,,,,,
"Circuit Court",,,,,,,
"Chancery/Probate Court",,,,,,,
,,,,,,,
"California",,,,,,,
"Supreme Court","7/1/84","Judge","~","~","1 TV; 1 SP","Proceedings held in chambers or closed to public, jury selection, conferences of counsel","Jurors, spectators"
"Courts of Appeal",,,,,,,
"Superior Court",,,,,,,
"Municipal",,,,,,,
,,,,,,,
"Colorado /2",,,,,,,
"Supreme Court","2/27/56","Judge","Witness, party","Judges discretion","1 TV, 2 TV w/ permission, 1 SP","Pretrial hearings other than advisements and arraignments; voir dire; conferences of counsel","Jury"
"Court of Appeals",,,,,,,
"District Court",,,,,,,
"Denver Probate Court",,,,,,,
"Denver Juvenile Court",,,,,,,
"Water Court",,,,,,,
,,,,,,,
"Connecticut",,,,,,,
"Supreme Court","10/1/84","Judge, parties","Party, witness, lawyer","Personal exclusion","1 TV, 1 SP, 1 AS","Family relations matters, Conferences of counsel, recess, cases involving sex offenses or trade secrets","~"
"Appellate Court",,,,,,,
"Superior Court",,"Judge","Party, witness, lawyer","Personal exclusion","1 TV, 1 AS, 1SP","Voir dire, family relations, sentencing hearing of trial not broadcast, conferences of counsel, recess","Jury"
,,,,,,,
"Delaware",,,,,,,
"All Courts","5/1/82","~","~","~","~","~","~"
,,,,,,,
"Florida",,,,,,,
"Supreme Court","1/1/93","Judge","~","~","2 TV, 1 SP, 1 AS","Conference of counsel","~"
"District Courts of Appeal",,,,,,,
"Circuit Court",,"Judge","~","~","1 TV, 1 SP, 1 AS","Conference of counsel","~"
"County Court",,,,,,,
,,,,,,,
"Georgia",,,,,,,
"Supreme Court","5/12/77","~","~","~","4 TV, 4 SP","~","~"
"Superior Court",,"Judge","~","~","1 AS, 1 SP, 1 TV","~","Jurors"
"State Court ",,,,,,,
"Juvenile Court","3/21/91","Judge","~","~","1 AS, 1 SP, 1 TV","~","Juvenile"
"Probate Court","7/1/85",,,,,,"~"
,,,,,,,
"Hawaii /3",,,,,,,
"Supreme Court","12/7/87","None required","Party, judge","Hearing","1 TV, 1 AS, 1 SP; 2 TV and SP w/ judges permission","Conferences of counsel, proceedings in judicial chambers","Jurors"
"Intermediate Court of Appeals",,,,,,,
"Circuit and Family Court",,"Judge",,,,,
"District Court",,,,,,,
,,,,,,,
"Idaho",,,,,,,
"Supreme Court","~ /4","~","Court","Total exclusion","~","Conferences of counsel","~"
"Court of Appeals","11/12/81",,,,,"~",
,,,,,,,
"Illinois",,,,,,,
"Supreme Court","1/2/85","None required","Judge","Total exclusion","1 TV, 1 AS, 1 SP","Conferences of counsel","~"
"Appellate Court",,,,,,,
,,,,,,,
"Iowa",,,,,,,
"Supreme Court","1/1/82","Judge","Witness, victim","Personal exclusion5","1 AS, 2 SP, 2 TV","Juvenile, dissolution, adoption, child custody, trade secrets, voir dire, conferences of counsel","Jurors (except return of verdict)"
"Court of Appeals",,,,,,,
"District Court",,,,,,,
,,,,,,,
"Kansas",,,,,,,
"Supreme Court",1993,"~","Judge, witness, victim, informant, undercover agent, relocated witness, juvenile","Personal exclusion, total exclusion possible by judge","1 TV, 1 SP, 1 AS","Conferences of counsel, audio, evidentiary suppression hearing, divorce case involving trade secrets","Jurors, accused while in restraints"
"Court of Appeals",,,,,,,
"District Court",,,,,,,
"Municipal Court",,,,,,,
,,,,,,,
"Kentucky",,,,,,,
"Supreme Court","7/1/81","Judge","~","~","2 TV, 1 SP, 1 AS","Conferences of council","~"
"Court of Appeals",,,,,,,
"Circuit Court",,,,,"1 TV, 1 SP, 1 AS",,
"District Court",,,,,,,
,,,,,,,
"Louisiana",,,,,,,
"Supreme Courts","4/30/85","Judge","Party, attorney","Hearing","2 TV, 1 SP,1 AS","Private proceedings, recess, conferences of counsel","~"
"Courts of Appeal",,,,,,,
,,,,,,,
"Maine",,,,,,,
"Supreme Judicial Court","3/13/84","Court","~","~","1 TV, 1 SP,1 AS","~","~"
,,,,,,,
"Maryland",,,,,,,
"Court of Appeals","7/1/82","All parties except a government party; judge","Party, witness, Juror","Hearing","1 TV, 1 AS, 1 SP","Divorce and custody, evidence suppression proceedings, cases involving trade secrets, private hearings, conferences of counsel, criminal cases","Determined by judge"
"Court of Special Appeals",,,,,,,
"Circuit Court","7/1/84",,,,,,
"District Court",,,,,,,
"Orphan's Court",,,,,,,
,,,,,,,
"Massachusetts",,,,,,,
"Supreme Judicial Court","1/1/83","Judge","~","~","1 TV, 1 SP","Voir dire, hearing of motions to suppress or dismiss or of probable cause, conferences of counsel","Person likely to incur harm due to coverage, jurors"
"Appeals Court",,,,,,,
"Superior Court",,,,,,,
"District Court",,,,,,,
"Boston Municipal Court",,,,,,,
"Juvenile Court",,,,,,,
"Housing Court",,,,,,,
"Land Court",,,,,,,
"Probate & Family Court",,,,,,,
,,,,,,,
"Michigan",,,,,,,
"Supreme Court","1/1/89","Judge","~","~","2 TV, 2 SP,1 AS","Conferences of counsel","Witnesses as determined by judge, jurors"
"Court of Appeals",,,,,,,
"Circuit Court",,,,,,,
"Court of Claims",,,,,,,
"District Court",,,,,,,
"Probate Court",,,,,,,
"Municipal Court",,,,,,,
,,,,,,,
"Minnesota",,,,,,,
"Supreme Court","9/28/83","~","~","~","1 TV, 2 SP","~","~"
"Court of Appeals",,,,,,,
"District Court","4/18/83","Judge and all parties","Witness","Personal exclusion","1 TV, 1 SP, 1AS","Voir dire, hearings away from jury, judge not present, child custody, divorce, sex crimes and trade secrets","Objecting witness, jurors, informants, relocated witnesses and undercover agents"
,,,,,,,
"Missouri",,,,,,,
"Supreme Court","8/21/95","Judge","Any participant","Partial/ personal exclusion","1 SP with 2 SC; 1 TV;1 AS","Private, juvenile or family proceedings; jury selection; conferences of counsel or bench","Jurors"
"Court of Appeals",,,,,,,
"Circuit Court",,,,,,,
"Municipal Court",,,,,,,
,,,,,,,
"Montana",,,,,,,
"Supreme Court","4/18/80","No consent required","~","~","~","~","~"
"District Court",,,,,,,
,,,,,,,
"Nebraska",,,,,,,
"Supreme Court","10/1/83","No consent required","Any person authorized by Chief Justice","At discretion of Chief Justice","1 SC, 1 TV,1 AS","Conferences of counsel ","None"
"Court of Appeals","1/1/92",,,,,,
"District Court","~","Fourth Judicial District Court has prohibited coverage.  Other courts have not made any rules pertaining to media as authorized by Rule18.",,,,,
"Separate Juvenile Court",,,,,,,
"Workers' Compensation ",,,,,,,
"County Court",,,,,,,
,,,,,,,
"Nevada",,,,,,,
"Supreme Court","5/30/88","Judge","~","Personal exclusion","1 TV; 1 SP; 1 AS","Conferences of counsel; voir dire; (only public proceedings)","Jury /6, non- consenting participants"
"District Court",,,,,,,
"Justice Court",,,,,,,
"Municipal Court",,,,,,,
,,,,,,,
"New Hampshire",,,,,,,
"Supreme Court","3/97","Judge","~","~","~","~","~"
"Superior Court","3/94","Judge","Judge, attorney, party, witness","Total exclusion","~ /7","Conferences of counsel","Jury (in criminal cases)"
"District Court",,,,,,,
"Municipal Court",,,,,,,
"Probate Court",,,,,,,
,,,,,,,
"New Jersey",,,,,,,
"Supreme Court","10/8/80","Judge /8","~","~","2 TV; 2 SC; 1 AS","Conferences of counsel; cases involving minors; family, or trade secrets","Jury"
"Appellate Division of Superior Court",,,,,,,
"Superior Court","6/9/81",,,,,,
"Tax Court",,,,,,,
"Municipal Court","9/1/86",,,,,,
,,,,,,,
"New Mexico",,,,,,,
"Supreme Court","1/1/83 /9","No consent required","Any party","Total exclusion if judge grants motion; otherwise, no effect","1 TV; 2 AS; 2 SP ","Conferences of  counsel or bench, jury selection, admissibility hearings","Jury, certain witnesses at discretion of court"
"Court of Appeals",,,,,,,
"District Court",,,,,,,
"Bernalillo County Metropolitan Court","3/1/87 /9",,,,,,
,,,,,,,
"New York",,,,,,,
"Court of Appeals","1/1/81","Court","Counsel and parties, for good cause only","Courts discretion","2 TV, 2 SC, 1 AS","Conferences of counsel","~"
"Appellate Divisions of Supreme Court",,,,,,,
"Appellate Terms of Supreme Court",,,,,,,
,,,,,,,
"North Carolina",,,,,,,
"Supreme Court","6/13/90","No consent required","~","~","2 TV, 1 SC,1 AS","Proceedings involving children or families, probable cause hearings, evidence suppression, trade secrets, and proceedings in camera; proceedings before clerks of court and magistrates; jury selection; conferences of counsel","Jury, certain categories of witnesses"
"Court of Appeals",,,,,,,
"Superior Court",,,,,,,
"District Court",,,,,,,
,,,,,,,
"North Dakota",,,,,,,
"Supreme Court","7/1/80 /10","Court","Any party, or other person specifically authorized by judge","Total/ partial exclusion on good cause shown","1 TV, 1 SC,1 AS","Prosecution of sex offenses","Certain witnesses; juveniles if illegal sexual activity is part of offense"
"District Court",,,,,,,
"Municipal Court",,,,,,,
,,,,,,,
"Ohio",,,,,,,
"Supreme Court","1/1/82","Chief judge","~","~","1 portable camera, 1 SC, 1 AS","Proceedings while court not in session, conferences of counsel","~"
"Court of Appeals",,,,,,,
"Court of Common Pleas",,"Judge","Victims, witnesses","Personal exclusion","1 TV; 1 SC; 1 AS","Conferences of counsel","Jurors"
"Municipal Court",,,,,,,
,,,,,,,
"Oklahoma",,,,,,,
"Supreme Court","2/22/82 /11","Judge; accused in criminal trial","Party, witness, juror","Personal exclusion","~","Private proceedings","~"
"Court of Criminal Appeals",,,,,,,
"Court of Civil Appeals",,,,,,,
"District Court",,,,,,,
"Municipal Court Not of Record","~",,,,,,
"Municipal Criminal Court of Record",,,,,,,
"Workers' Compensation Court",,,,,,,
"Court of Tax Review",,,,,,,
,,,,,,,
"Oregon",,,,,,,
"Supreme Court","8/1/92","Judge","Witness","Personal exclusion","1 TV","At victims request, Sex offense proceedings; court recess proceedings in chambers; proceedings without the jury; voir dire; conferences of counsel; family/ children proceedings","Jurors"
"Court of Appeals","8/1/92",,,,,,
"Circuit Court","9/1/97",,,,,,
"Tax Court","~",,,,,,
"County Court","~",,,,,,
"Justice Court","~",,,,,,
"District Court","8/1/90",,,,,,
"Municipal Court","~",,,,,,
,,,,,,,
"Pennsylvania",,,,,,,
"Commonwealth Court","10/1/80","All parties, witnesses","Anyone","Total exclusion","1 TV","Only civil non-jury proceedings may be recorded","~"
"Court of Common Pleas",,,,,,,
"Philadelphia Municipal",,,,,,,
,,,,,,,
"Rhode Island",,,,,,,
"Supreme Court","3/8/93","No consent required","Any participant","Personal exclusion","2 TV; 2 SC;1 AS","Hearings taking place outside presence of jury; conferences of counsel; voir dire","Jurors"
,,,,,,,
"Superior Court",,,,,"1 TV; 2 SC;1 AS",,
,,,,,,,
"Workers' Compensation",,,,,,,
"District Court",,,,,,,
"Family Court",,,,,,"Hearings taking place outside presence of jury; conferences of counsel; voir dire; juvenile/ adoption proceedings","Jurors, juveniles"
"Probate Court","~",,,,,,
"Municipal Court",,,,,,,
,,,,,,,
"South Carolina",,,,,,,
"Supreme Court","10/21/93","Judge","~","~","2 TV; 1 radio recorder; 2 SC","Procedures which are closed to public; conferences of counsel","Jury"
"Court of Appeals",,,,,,,
"Circuit Court",,,,,,,
"Family Court",,,,,,,
"Magistrate Court",,,,,,,
"Probate Court",,,,,,,
"Municipal Court",,,,,,,
,,,,,,,
"Tennessee /12",,,,,,,
"Supreme Court","1/1/96","Pursuant to Supreme Court Rule 30, the presiding judge has the discretion to refuse, limit, terminate, or temporarily suspend media coverage of an entire case or portions thereof, in order to (i) control the conduct of the proceedings befo","2 TV; 2 SC;1 AS","Jury selection, closed proceedings, conferences of counsel; any proceeding when jury out; out-of-court activities of sequestered. jurors","Jurors, juveniles",,
"Court of Appeals",,,,,,,
"Court of Criminal Appeals",,,,,,,
"Circuit Court",,,,,,,
"Chancery Court",,,,,,,
"Criminal Court",,,,,,,
"Probate Court",,,,,,,
"Municipal Court",,,,,,,
"General Sessions Court",,,,,,,
"Juvenile Court",,"Accused parties; witnesses","Witness; accused party (criminal case); any party (civil case) ","Total exclusion if party; partial exclusion if witness",,,
,,,,,,,
"Texas",,,,,,,
"Supreme Court","1/1/90 /13","Court","Any party","At discretion of court","~","~","~"
"Court of Criminal Appeals",,,,,,,
"Courts of Appeals",,,,,,,
"District Courts",,"Parties, witnesses","~","Total exclusion","~","~","~"
"Constitutional County",,,,,,,
,,,,,,,
"Utah /14",,,,,,,
"Supreme Court","4/1/97","Court","Any party","Total exclusion at discretion of court","1 TV, SC","~","~"
"Court of Appeals",,,,,,,
"District Court",,"Judge","Any party","Personal or total exclusion at discretion of court","SC only","~","Jurors"
"Justice Court",,,,,,,
"Juvenile Court /15",,,,,,,
,,,,,,,
"Vermont",,,,,,,
"Supreme Court","3/12/92","No consent required","~","~","2 TV; 1 SP w/ 2 SC; 1 AS","Conferences of counsel or bench","~"
"Superior Court",,"No consent required","Party or witness","Total exclusion if court grants motion","1 TV; 1 SP w/ 2 SC; 1 AS","Court recesses; conference of counsel","Jurors"
"District Court",,,,,,,
"Probate Court",,,,,,,
"Environmental Court",,,,,,,
,,,,,,,
"Virginia",,,,,,,
"Supreme Court","7/1/92","No consent required","Parties","Partial/ total at discretion of judge","2 TV; 1 SP with 2 SC; 1 AS","Jury selection; conference of counsel; family proceedings; juvenile proceedings; trade secrets; sex offenses, in camera proceedings","Certain categories of witnesses; jurors; juveniles"
"Court of Appeals",,,,,,,
"Circuit Court",,,,,,,
"District Court",,,,,,,
,,,,,,,
"Washington",,,,,,,
"Supreme Court","9/20/76","Judge","~","~","~","~","~"
"Court of Appeals",,,,,,,
"Superior Court",,,,,,,
"District Court",,,,,,,
"Municipal Court",,,,,,,
,,,,,,,
"West Virginia",,,,,,,
"Supreme Court of Appeals","2/1/89","AOC Information Services Director","Parties, witnesses, counsel","Partial exclusion","1 TV; 2 SP (2 total); 1 AS","Proceedings closed to public; conferences of counsel","~"
"Circuit Court","2/1/89","Presiding Judge",,,,,
"Magistrate Court","2/1/89","Presiding Magistrate",,,,,
,,,,,,,
"Wisconsin",,,,,,,
"Supreme Court","7/1/79","No consent required","Any participant","Partial/total exclusion at discretion of judge, but presumption favors coverage","3 TV; 3 SP; 1 AS","Conferences of counsel; recesses of court","Jurors (unless they consent)"
"Court of Appeals",,,,,,,
"Circuit Court",,,,,,,
"Municipal Court",,,,,,,
,,,,,,,
"Wyoming",,,,,,,
"Supreme Court","9/2/82","Court","Any participant","Personal exclusion","~","Conference of counsel","Jury"
"District Court","12/27/91",,,,,,
"Justice of the Peace Court","~",,,,,,
"Municipal Court",,,,,,,
"County Court",,,,,,,
,,,,,,,
"Federal Courts /16","~","~","Judge","Discretion of court",,,
" ",,,,,,,
"Note:  Only states and courts that allow media coverage appear on the table.  DC, IN, MS, and SD do not have any camera coverage.",,,,,,,
,,,,,,,
"FOOTNOTES:",,,,,,,
,,,,,,,
" Alaska:",,,,,,,
"1/ Interlocutory appellate review is available.",,,,,,,
,,,,,,,
"Colorado:",,,,,,,
"2/ A party only may seek review of ruling by original proceeding, if otherwise appropriate, or by post-trial appeal.",,,,,,,
,,,,,,,
"Hawaii:",,,,,,,
"3/ Interlocutory appellate review available.",,,,,,,
,,,,,,,
"Idaho: ",,,,,,,
"4/ Supreme court in Boise 8/27/79; supreme court on circuit 10/1/80.",,,,,,,
,,,,,,,
"Iowa:",,,,,,,
"5/ Only victims of sex offenses get automatic exclusion; other victim and witness objections are presumed valid but may be rebutted.",,,,,,,
,,,,,,,
"Nevada:",,,,,,,
"6/ Rule 238 recognizes that it may be impossible not to photograph some jurors as part of the proceedings, but the media may not deliberately photograph the jury.",,,,,,,
,,,,,,,
"New Hampshire:",,,,,,,
"7/ TV cameras only allowed in courtrooms with facilities for cameras and media personnel that obscure cameras from view of jury.",,,,,,,
,,,,,,,
"New Jersey:",,,,,,,
"8/ Any party or media representative aggrieved by any decision of the court concerning coverage may move for leave to appeal to the appellate division.",,,,,,,
,,,,,,,
"New Mexico:",,,,,,,
"9/ Amended, effective 9/1/89.",,,,,,,
,,,,,,,
"North Dakota:",,,,,,,
"10/ Amended effective 7/1/95.",,,,,,,
,,,,,,,
"Oklahoma: ",,,,,,,
"11/ Amended effective 11/1/97.",,,,,,,
,,,,,,,
"Tennessee:",,,,,,,
"12/ The rules listed on this table for Tennessee were formerly articulated in its Canons of Judicial Conduct (Supreme Court Rule 10, Canon 3(A)(7)).  Several Tennessee courts adopted rules for the media pursuant to those guidelines and hav",,,,,,,
,,,,,,,
"Texas: ",,,,,,,
"13/ Amended effective 9/1/97.",,,,,,,
,,,,,,,
"Utah: ",,,,,,,
"14/ Only still photography allowed in trial courts.",,,,,,,
"15/ Still photography in the juvenile courts is subject to the same regulations as in district court but becomes applicable only in hearings designated by statute or rule as public hearings.",,,,,,,
,,,,,,,
"Federal Courts:",,,,,,,
"16 /On September 13, 1990, the Federal Judicial Conference approved a three year experiment allowing cameras in two appellate courts and six district courts, beginning on July 1, 1991.  The experiment was limited to civil cases and gives j",,,,,,,
"permit each court of appeals to decide for itself whether to allow cameras access.  Currently only the second and ninth circuits allow coverage.  No cameras are permitted in US district courts.",,,,,,,
