Bureau of Justice Statistics,,,,,,,,,,,,,,,,,
filename:  ncrp0813.csv,,,,,,,,,,,,,,,,,
"Table 13. First entries to parole supervision from state prison, 2008:  Offense, by sex, race, and Hispanic origin",,,,,,,,,,,,,,,,,
"data source:  National Corrections Reporting Program, 2008",,,,,,,,,,,,,,,,,
author:  Tom Bonczar ,,,,,,,,,,,,,,,,,
refer questions to:  askbjs@usdoj.gov      202-307-0765,,,,,,,,,,,,,,,,,
date of version 11/9/10,,,,,,,,,,,,,,,,,
,,,,,,,,,,,,,,,,,
"Table 13. First entries to parole supervision from state prison, 2008:  Offense, by sex, race, and Hispanic origin",,,,,,,,,,,,,,,,,
 ,,,,First entries to parole supervision,,,,,,,,,,,,,
Most serious offense,,,,All,,Male, ,Female,,White\1,,Black\1,,Other\2,,Hispanic\3,
,All offenses,,,100,%,100,%,100,%,100,%,100,%,100,%,100,%
Violent offenses,,,,26.4,%,28,%,14.8,%,23.2,%,28.9,%,33.2,%,28.7,%
,Homicide,,,2.3,,2.4,,2,,2,,2.9,,3.1,,2.2,
,,Murder/nonnegligent manslaughter,,1.5,,1.5,,1,,0.9,,2.1,,1.8,,1.5,
,,,Murder,1.1,,1.2,,0.7,,0.7,,1.7,,1.3,,0.9,
,,,Nonnegligent manslaughter,0.4,,0.4,,0.3,,0.2,,0.4,,0.5,,0.6,
,,Negligent manslaughter,,0.8,,0.8,,1,,1,,0.7,,1.3,,0.7,
,,Unspecified homicide,,0,*,0,*,0,*,0,*,0.1, ,0,,0,*
,Kidnapping,,,0.6,,0.7,,0.2,,0.6,,0.6,,0.9,,0.7,
,Rape,,,1.4,,1.6,,0.1,,1.7,,1.2,,1.9,,1,
,Other sexual assault,,,3.1,,3.5,,0.5,,4,,1.7,,5.1,,3.6,
,Robbery,,,7.5,,7.9,,4,,4.7,,11.3,,5.4,,6.8,
,Assault,,,9.7,,10.2,,5.8,,8.3,,9.9,,14.1,,11.9,
,Other violent,,,1.9,,1.8,,2.1,,2,,1.4,,2.7,,2.4,
Property offenses,,,,27.1,%,25.7,%,36.6,%,32.9,%,21.2,%,26.4,%,23,%
,Burglary,,,10.6,,11.1,,7.3,,12.6,,8.7,,8.7,,9.6,
,Larceny ,,,6.2,,5.6,,10.9,,7.6,,5.3,,6,,4.1,
,Motor vehicle theft,,,2.6,,2.6,,2.3,,2.5,,1.5,,3.3,,4.3,
,Arson,,,0.4,,0.4,,0.5,,0.6,,0.3,,0.7,,0.3,
,Fraud,,,4.5,,3.2,,13.1,,6.2,,3.4,,4.5,,2.1,
,Stolen property,,,1.6,,1.6,,1.7,,2,,1.1,,1.6,,1.7,
,Other property,,,1.1,,1.2,,0.8,,1.3,,0.9,,1.6,,0.9,
Drug offenses,,,,32.1,%,31.2,%,38.9,%,27.7,%,38.7,%,19.4,%,32.7,%
,Possession,,,10.8,,10.3,,14.4,,10,,11.3,,7.3,,12.4,
,Trafficking,,,15.6,,15.5,,16.5,,12.5,,19.7,,8,,16.9,
,Other/unspecified drug,,,5.7,,5.4,,8,,5.2,,7.7,,4.1,,3.4,
Public-order offenses,,,,13.9,%,14.6,%,8.9,%,15.6,%,10.7,%,20.5,%,15.2,%
,Weapons,,,3.8,,4.2,,1.1,,2.4,,4.9,,3.3,,5,
,Driving while intoxicated,,,4.8,,5,,3.2,,6.7,,1.2,,9.2,,6.6,
,Other public-order,,,5.3,,5.4,,4.6,,6.5,,4.7,,8.1,,3.6,
Other offenses,,,,0.5,%,0.5,%,0.7,%,0.6,%,0.5,%,0.5,%,0.4,%
,Number of parole entries,,,"222,760",,"195,575",,"27,181",,"98,225",,"81,389",,"4,369",,"41,883",
"Note:  Data on most serious offense were reported for 99.5% of the 223,874 state parole entries who had entered prison with a total sentence of more than a year.",,,,,,,,,,,,,,,,,
*Less than 0.05%.,,,,,,,,,,,,,,,,,
1\Includes persons of Hispanic origin.,,,,,,,,,,,,,,,,,
"2\Includes American Indians/Alaskan Natives, Asians, Native Hawaiians, or other Pacific Islanders.",,,,,,,,,,,,,,,,,
3\Includes persons of all races.,,,,,,,,,,,,,,,,,
