Bureau of Justice Statistics,,,,,,,,,,
filename:  ncrp0812.csv,,,,,,,,,,
"Table 12. First entries to parole supervision from state prison, 2008:  Method of prison release, by offense",,,,,,,,,,
"data source:  National Corrections Reporting Program, 2008",,,,,,,,,,
author:  Tom Bonczar ,,,,,,,,,,
refer questions to:  askbjs@usdoj.gov      202-307-0765,,,,,,,,,,
date of version 11/9/10,,,,,,,,,,
,,,,,,,,,,
"Table 12. First entries to parole supervision from state prison, 2008:  Method of prison release, by offense",,,,,,,,,,
 ,,,,First entries to parole supervision,,,,,,
Most serious offense,,,,   Number,    Total,,Discretionary release, ,Mandatory release,
,All offenses,,,"180,711",100.0,%,53.4,%,46.6,%
Violent offenses,,,,"47,927",100.0,,44.1,,55.9,%
,Homicide,,,"4,439",100.0,,51.5,,48.5,
,,Murder/nonnegligent manslaughter,,"3,024",100.0,,54.3,,45.7,
,,,Murder,"2,250",100.0,,61.1,,38.9,
,,,Nonnegligent manslaughter,774,100.0,,34.4,,65.6,
,,Negligent manslaughter,,"1,354",100.0,,43.7,,56.3,
,,Unspecified homicide,,61,100.0,,85.2,,14.8,
,Kidnapping,,,"1,048",100.0,,34.0,,66.0,
,Rape,,,"2,325",100.0,,35.7,,64.3,
,Other sexual assault,,,"5,479",100.0,,39.2,,60.8,
,Robbery,,,"13,713",100.0,,47.1,,52.9,
,Assault,,,"17,308",100.0,,42.3,,57.7,
,Other violent,,,"3,615",100.0,,47.8,,52.2,
Property offenses,,,,"47,115",100.0,%,55.5,%,44.5,%
,Burglary,,,"18,547",100.0,,58.3,,41.7,
,Larceny,,,"10,860",100.0,,57.4,,42.6,
,Motor vehicle theft,,,"4,777",100.0,,24.8,,75.2,
,Arson,,,776,100.0,,57.7,,42.3,
,Fraud,,,"7,528",100.0,,67.0,,33.0,
,Stolen property,,,"2,793",100.0,,43.5,,56.5,
,Other property,,,"1,834",100.0,,66.7,,33.3,
Drug offenses,,,,"58,912",100.0,%,57.8,%,42.2,%
,Possession,,,"20,473",100.0,,67.0,,33.0,
,Trafficking,,,"29,291",100.0,,51.1,,48.9,
,Other/unspecified drug,,,"9,148",100.0,,58.5,,41.5,
Public-order offenses,,,,"25,734",100.0,%,56.3,%,43.7,%
,Weapons,,,"7,386",100.0,,40.6,,59.4,
,Driving while intoxicated,,,"9,020",100.0,,68.0,,32.0,
,Other public-order,,,"9,328",100.0,,57.5,,42.5,
Other offenses,,,,"1,023",100.0,%,69.7,%,30.3,%
"Note: Data on the most serious offense and method of release were reported for 99.5% of the 223,874 State parole entries who had entered prison with a total sentence of more than a year.",,,,,,,,,,
