Bureau of Justice Statistics,,
filename: bvvctt02.csv,,
"Text table 2. Rate per 1,000 persons age 12 or older of violent crime victims who perceived offender to be a gang member, 2001-2005",,
"report title: Black Victims of Violent Crime, NCJ 214258",,
data source: National Crime Victimization Survey,,
"author: Erika Harrell, Ph.D.",,
refer questions to: askbjs@usdoj.gov  (202) 307-0765,,
date of version: 08-08-07,,

"Text table 2. Rate per 1,000 persons age 12 or older of violent crime victims who perceived offender to be a gang member, 2001-2005",,
Race/Hispanic origin of victims who perceived offender to be a gang member,"Rate per 1,000 persons age 12 or older, 2001-2005",
Black/African American/a,2.5,
White/a,0.9,
American Indian/Alaska Native/a,1.8,/b
Asian/Pacific Islander/a,0.5,/b
Hispanic/Latino,2.7,
a/Not Hispanic or Latino.
b/Based on 10 or fewer cases.
