Bureau of Justice Statistics,,
filename: bvvctt03.csv,,
"Text table 3. Percent of violent crime against black victims who perceived offender to be a gang member, 2001-2005",,
"report title: Black Victims of Violent Crime, NCJ 214258",,
data source: National Crime Victimization Survey,,
"author: Erika Harrell, Ph.D.",,
refer questions to: askbjs@usdoj.gov  (202) 307-0765,,
date of version: 08-08-07,,

"Text table 3. Percent of violent crime against black victims who perceived offender to be a gang member, 2001-2005",,
Victims perceived offender to be a gang member,"Percent of nonfatal violent crime against blacks, 2001-2005 ",
Gang member,9.1,%
Not a gang member,47.8,
Unsure of gang membership,43,
Note: Detail may not add to 100% due to rounding.,,
