Bureau of Justice Statistics,,,
filename: bvvcsf01.csv,,,
"Summary figure 1. Nonfatal violent victimization declined for blacks/African Americans, whites, and Hispanics age 12 or older between 1993 and 2005",,,
"report title: Black Victims of Violent Crime, NCJ 214258",,,
data source: National Crime Victimization Survey,,,
"author: Erika Harrell, Ph.D.",,,
refer questions to: askbjs@usdoj.gov   (202) 307-0765,,,
date of version: 08-08-07,,,

"Summary figure 1. Nonfatal violent victimization declined for blacks/African Americans, whites, and Hispanics age 12 or older between 1993 and 2005",,,
,"Rate of nonfatal violent victimization per 1,000 persons age 12 or older",,
Year,Black*,White*,Hispanic
1993,69.3,52.5,62.8
1994,63.2,52,63.3
1995,57.3,45,56.8
1996,54.5,42.2,48.7
1997,50.8,39.9,40.5
1998,42.8,38.5,34.8
1999,42.2,32,34.4
2000,34.3,26.6,27.9
2001,29.7,24.5,30.7
2002,27.7,23.1,21
2003,29.6,23.8,25.2
2004,27.8,20.9,19.8
2005,28.6,21.9,25.6
*Not Hispanic or Latino.,,,
