Bureau of Justice Statistics,,,,,,,,,
filename: bvvct06.csv,,,,,,,,,
"Table 6. Victim/offender relationship among black/African American victims and other victims, by gender, 2001-2005",,,,,,,,,
"title: Black Victims of Violent Crime, NCJ 214258",,,,,,,,,
data source: National Crime Victimization Survey,,,,,,,,,
"author: Erika Harrell, Ph.D.",,,,,,,,,
refer questions to: askbjs@usdoj.gov (202) 307-0765,,,,,,,,,
date of version: 08-08-07,,,,,,,,,

"Table 6. Victim/offender relationship among black/African American victims and other victims, by gender 2001-2005",,,,,,,,,
,,Percent of violent victimization,,,,,,,
,,Black/African American victims/a,,,,Other victims/b,,,
Victim/offender relationship,,Male,,Female,,Male,,Female,
,Total,100,%,100,%,100,%,100,%
Intimate,,4.6,,20.9,,3.5,,21.6,
Other relatives,,3.9,,7.9,,4.7,,9.1,
Well known/casual acquaintance,,35.6,,37.9,,34.1,,35.9
Stranger,,55.9,,33.4,,57.7,,33.4
Note: Excludes data in which the victim/offender relationship was unknown. Detail may not add to 100% due to rounding.,,,,,,,,
a/Not Hispanic or Latino.,,,,,,,,
"b/Includes non-Hispanic whites, non-Hispanic American Indians, non-Hispanic Asians and other Pacific Islanders, and Hispanic or Latino persons of any race.",,,,,,,,
