Bureau of Justice Statistics,,,
filename: bvvcf05.csv,,,
"Figure 5. Serious violent crime in which the offender had a weapon, by race/Hispanic origin, 1993-2005",,,
"report title: Black Victims of Violent Crime, NCJ 214258",,,
data source: National Crime Victimization Survey,,,
"author: Erika Harrell, Ph.D.",,,
refer questions to: askbjs@usdoj.gov  (202) 307-0765,,,
date of version: 08-08-07,,,

"Figure 5. Serious violent crime in which the offender had a weapon, by race/Hispanic origin, 1993-2005",,,
,Percent of serious violent crime,,
Year,Black*,White*,Hispanic
1993,74.3,70.3,79.3
1994,76.8,71.7,70.7
1995,76.1,68.8,75.6
1996,78.7,72.4,76.4
1997,76.2,69.1,67.5
1998,68.5,66.5,70.1
1999,80.6,66.5,68.9
2000,68.9,69.1,76.9
2001,79.2,68.6,72.3
2002,69.6,69.6,78.2
2003,76,67.4,68
2004,69.8,73.8,72.6
2005,71.5,63.5,69.5
*Not Hispanic or Latino.,,,
