Bureau of Justice Statistics,,
filename: bvvctt01.csv,,
"Text table 1. Serious violent crime as a percent of all nonfatal violent crime, 2001-2005 ",,
"report title: Black Victims of Violent Crime, NCJ 214258",,
data source: National Crime Victimization Survey,,
"author: Erika Harrell, Ph.D.",,
refer questions to: askbjs@usdoj.gov   (202) 307-0765,,
date of version: 08-08-07,,

"Text table 1. Serious violent crime as a percent of all nonfatal violent crime, 2001-2005 ",,
Race/Hispanic origin,"Serious violent crime as a percent of all nonfatal violent crime, 2001-2005",
Black/African American*,48,%
White*,31,
American Indian/Alaska Native*,30.5,
Asian/Pacific Islander*,42.1,
Hispanic/Latino,40.1,
*Not Hispanic or Latino.
