Bureau of Justice Statistics,,,,,,,
filename: bvvct07.csv,,,,,,,
"Table 7. Injury and treatment of black/African American victims of violent crime, 2001-2005",,,,,,,
"title: Black Victims of Violent Crime, NCJ 214258",,,,,,,
data source: National Crime Victimization Survey,,,,,,,
"author: Erika Harrell, Ph.D.",,,,,,,
refer questions to: askbjs@usdoj.gov (202) 307-0765,,,,,,,
date of version: 08-08-07,,,,,,,

"Table 7. Injury and treatment of black/African American victims of violent crime, 2001-2005",,,,,,,
,,,,Percent of violent victimization,,,
Injury and treatment,,,,All,,Injured,
,Total,,,100,%,,
Not injured,,,,68.9,%,,
Injured,,,,31.1,%,100,%
,Not treated,,,16.9,,54.3,
,Treated,,,14.2,,45.7,
,,"At scene, home, neighbors, or friends",,4.2,,13.4,
,,"Doctor's office, clinic, health unit, stadium, park",,0.9,,3,
,,Hospital ,,,,,
,,,Not admitted,7.4,,23.7,
,,,Overnight stay,1.6,,5,
,,Other locations,,0.2,*,0.6,*
Note: Excludes persons who did not know it they had been injured or treated for an injury. Detail may not add to total due to rounding.,,,,,,,
*Based on 10 or fewer sample cases.,,,,,,,
