"Bureau of Justice Statistics",,,,,,,,
"filename: csfcf00at8.csv",,,,,,,,
"table title:  Appendix table 8.  Average daily population in correctional facilities under State authority, June 30, 1995 and 2000",,,,,,,,
"title:  Census of State and Federal Correctional Facilities, 2000",,,,,,,,
"data source: BJS, Census of State and Federal Correctional Facilities, 2000",,,,,,,,
"authors:  James J. Stephan and Jennifer C. Karberg",,,,,,,,
"refer questions to: askbjs@ojp.usdoj.gov      (202)307-0765",,,,,,,,
"date of version:  08/19/03",,,,,,,,
,,,,,,,,
,,,,,,,,
,,,,,,,,
"Appendix table 8.  Average daily population in correctional facilities under State authority, June 30, 1995 and 2000",,,,,,,,
,,,,,,,,
,,,,,"Average daily population",,,
"Region and jurisdiction",,,1995,,2000,,"Percent change, 1995-2000",
,,,,,,,,
"     U.S. total",,,990617,,1289889,,30.2,"%"
,,,,,,,,
"     Public",,,974191,,1198705,,23.0,"%"
"     Private",,,16426,,91184,,455.1,
,,,,,,,,
,,,,,,,,
"     Federal",,,80053,,108529,,35.6,"%"
"     State",,,910564,,1181360,,29.7,
,,,,,,,,
"Region (excluding Federal)",,,,,,,,
"Northeast",,,147236,,173139,,17.6,"%"
"Connecticut",,,14745,,17141,,16.2,
"Maine",,,1498,,1649,,10.1,
"Massachusetts",,,10579,,10935,,3.4,
"New Hampshire",,,2129,,2321,,9.0,
"New Jersey",,,19010,,27119,,42.7,
"New York",,,66980,,72678,,8.5,
"Pennsylvania",,,28221,,36841,,30.5,
"Rhode Island",,,3049,,3211,,5.3,
"Vermont",,,1025,,1244,,21.4,
,,,,,,,,
,,,,,,,,
"Midwest",,,183025,,231159,,26.3,"%"
"Illinois",,,35959,,44304,,23.2,
"Indiana",,,14044,,17547,,24.9,
"Iowa",,,6500,,8762,,34.8,
"Kansas",,,6364,,8693,,36.6,
"Michigan",,,40398,,46927,,16.2,
"Minnesota",,,4481,,6764,,50.9,
"Missouri",,,17548,,26995,,53.8,
"Nebraska",,,2692,,3498,,29.9,
"North Dakota",,,619,,1004,,62.2,
"Ohio",,,42674,,48851,,14.5,
"South Dakota",,,1805,,2524,,39.8,
"Wisconsin",,,9941,,15290,,53.8,
,,,,,,,,
,,,,,,,,
"South",,,383438,,509670,,32.9,"%"
"Alabama",,,17064,,22130,,29.7,
"Arkansas",,,8276,,10355,,25.1,
"Delaware",,,4587,,5884,,28.3,
"District of Columbia",,,8599,,4000,,(53.5),
"Florida",,,58778,,69683,,18.6,
"Georgia",,,28306,,42486,,50.1,
"Kentucky",,,9936,,11974,,20.5,
"Louisiana",,,16029,,19010,,18.6,
"Maryland",,,20849,,22435,,7.6,
"Mississippi",,,9246,,13811,,49.4,
"North Carolina",,,23460,,30917,,31.8,
"Oklahoma",,,14308,,23537,,64.5,
"South Carolina",,,17713,,21182,,19.6,
"Tennessee",,,12775,,18220,,42.6,
"Texas",,,110407,,159769,,44.7,
"Virginia",,,20932,,31382,,49.9,
"West Virginia",,,2173,,2895,,33.2,
,,,,,,,,
,,,,,,,,
"West",,,196865,,267392,,35.8,"%"
"Alaska",,,3169,,3354,,5.8,
"Arizona",,,20638,,30490,,47.7,
"California",,,124056,,163014,,31.4,
"Colorado",,,8293,,15451,,86.3,
"Hawaii",,,3224,,3618,,12.2,
"Idaho",,,2599,,3907,,50.3,
"Montana",,,1654,,2040,,23.3,
"Nevada",,,6853,,9369,,36.7,
"New Mexico",,,3888,,4914,,26.4,
"Oregon",,,6930,,9429,,36.1,
"Utah",,,3581,,4784,,33.6,
"Washington",,,10901,,14524,,33.2,
"Wyoming",,,1079,,2498,,131.5,
