"Bureau of Justice Statistics",,,,,,,,,,,,,
"filename: csfcf00t26.csv",,,,,,,,,,,,,
"table title:  Table 26.  Number of inmates under age 18 in correctional facilities under State authority, by facility security level and region, June 30, 2000",,,,,,,,,,,,,
"title:  Census of State and Federal Correctional Facilities, 2000",,,,,,,,,,,,,
"data source: BJS, Census of State and Federal Correctional Facilities, 2000",,,,,,,,,,,,,
"authors:  James J. Stephan and Jennifer C. Karberg",,,,,,,,,,,,,
"refer questions to: askbjs@ojp.usdoj.gov      (202)307-0765",,,,,,,,,,,,,
"date of version:  08/19/03",,,,,,,,,,,,,
,,,,,,,,,,,,,
,,,,,,,,,,,,,
,,,,,,,,,,,,,
"Table 26.  Number of inmates under age 18 in correctional facilities under State authority, by facility security level and region, June 30, 2000",,,,,,,,,,,,,
,,,,,,,,,,,,,
,,,,,,,"Inmates under age 18",,,,,,
,,,"All facilities",,,,"Confinement",,,,"Community-based",,
"Type and region","Total ",,"Maximum *","Medium","Minimum/low",,"Maximum * ","Medium ","Minimum/low ",,"Maximum * ","Medium ","Minimum/low  "
,,,,,,,,,,,,,
"           U.S. total",4095,,2008,1582,505,,2008,1490,444,,0,92,61
,,,,,,,,,,,,,
"State",3927,,2007,1441,479,,2007,1427,437,,0,14,42
"Private",168,,1,141,26,,1,63,7,,0,78,19
,,,,,,,,,,,,,
"Northeast",760,,461,233,66,,461,231,66,,0,2,0
"Midwest",699,,244,225,230,,244,234,197,,0,1,33
"South",2150,,1132,819,199,,1132,730,175,,0,89,24
"West",486,,171,305,10,,171,305,6,,0,0,4
,,,,,,,,,,,,,
"Note:  As of June 30, 2000, there were no persons under age 18 in Federal facilities.  Age information was not available on 1,471 State inmates.",,,,,,,,,,,,,
"* Includes facilities with security characterized as ""close"", "" high"", or ""super maximum.""",,,,,,,,,,,,,
