"Bureau of Justice Statistics",,,,,,,
"filename: csfcf00t4.csv",,,,,,,
"table title:  Table 4.  Number of inmates in State and Federal correctional facilities, by race, Hispanic origin, and region, June 30, 2000",,,,,,,
"title:  Census of State and Federal Correctional Facilities, 2000",,,,,,,
"data source: BJS, Census of State and Federal Correctional Facilities, 2000",,,,,,,
"authors:  James J. Stephan and Jennifer C. Karberg",,,,,,,
"refer questions to: askbjs@ojp.usdoj.gov      (202)307-0765",,,,,,,
"date of version:  08/19/03",,,,,,,
,,,,,,,
,,,,,,,
,,,,,,,
"Table 4.  Number of inmates in State and Federal correctional facilities, by race, Hispanic origin, and region, June 30, 2000",,,,,,,
,,,,,,,
,"Total","White /a","Black /a","Hispanic","American Indian/Alaska Native","Asian/Pacific  Islander/b","Not reported"
"     U.S. total",,,,,,,
"        (Estimated)",1305253,453300,587300,203700,13240,9670,37930
,,,,,,,
"Federal/c",110974,29800,44800,33200,1640,1480,0
"State ",1101202,395637,506408,151810,9968,6527,30852
"Private",93077,27905,36066,18728,1634,1662,7082
,,,,,,,
"   Regional (excludes Federal)",,,,,,,
"Northeast",171999,44367,86207,37872,435,885,2233
"Midwest",233993,103374,115423,10165,2721,849,1461
"South",518912,177688,279531,49417,2006,759,9511
"West",269375,98113,61313,73084,6440,5696,24729
,,,,,,,
"a/ Excludes persons of Hispanic origin.",,,,,,,
"b/ Includes Native Hawaiians.",,,,,,,
"c/ Federal total was estimated based on Federal Justice Statistics data for September 30, 2000 and rounded to the nearest 100 for whites, blacks, and Hispanics, ",,,,,,,
"and to the nearest 10 for American Indian/Alaska Native, Asian/Pacific Islanders, and not reported categories.",,,,,,,
