"Bureau of Justice Statistics",,,,,,,,,,,,
"filename: csfcf00at6.csv",,,,,,,,,,,,
"table title:  Appendix table 6.  Number of correctional facilities under State or Federal authority, by type and size, June 30, 2000",,,,,,,,,,,,
"title:  Census of State and Federal Correctional Facilities, 2000",,,,,,,,,,,,
"data source: BJS, Census of State and Federal Correctional Facilities, 2000",,,,,,,,,,,,
"authors:  James J. Stephan and Jennifer C. Karberg",,,,,,,,,,,,
"refer questions to: askbjs@ojp.usdoj.gov      (202)307-0765",,,,,,,,,,,,
"date of version:  08/19/03",,,,,,,,,,,,
,,,,,,,,,,,,
,,,,,,,,,,,,
,,,,,,,,,,,,
"Appendix table 6.  Number of correctional facilities under State or Federal authority, by type and size, June 30, 2000",,,,,,,,,,,,
,,,,,,,,,,,,
"Region and jurisdiction",,,"Confinement  facilities fewer than 250 inmates","Confinement facilities 250-499","Confinement facilities 500-999","Confinement facilities 1,000-2,499","Confinement facilities, 2,500 or more",,"Community-based facilities fewer than 100 inmates","Community-based facilities 100-249","Community-based facilities 250-499","Community-based facilities 500 or more"
,,,,,,,,,,,,
"     U.S. total",,,225,184,301,434,64,,303,117,31,9
,,,,,,,,,,,,
"     Public",,,208,166,263,406,64,,178,85,28,6
"     Private",,,17,18,38,28,0,,125,32,3,3
,,,,,,,,,,,,
"     Federal",,,2,2,19,60,1,,0,0,0,0
"     State",,,223,182,282,374,63,,303,117,31,9
,,,,,,,,,,,,
"Region (excluding Federal)",,,,,,,,,,,,
"Northeast",,,29,26,52,63,5,,43,12,5,1
"Connecticut",,,0,3,12,5,0,,0,0,0,0
"Maine",,,4,1,1,0,0,,2,0,0,0
"Massachusetts",,,5,4,6,3,0,,4,3,0,0
"New Hampshire",,,3,1,0,1,0,,3,0,0,0
"New Jersey",,,5,5,4,9,2,,13,3,1,1
"New York",,,4,7,21,30,1,,3,2,4,0
"Pennsylvania",,,1,2,5,15,2,,17,2,0,0
"Rhode Island",,,1,2,3,0,0,,0,1,0,0
"Vermont",,,6,1,0,0,0,,1,1,0,0
,,,,,,,,,,,,
"Midwest",,,53,30,55,97,3,,30,24,8,1
"Illinois",,,8,3,4,19,2,,4,7,1,0
"Indiana",,,8,2,4,6,1,,2,2,0,0
"Iowa",,,0,2,4,2,0,,19,1,1,1
"Kansas",,,2,1,4,3,0,,0,1,0,0
"Michigan",,,15,7,20,19,0,,0,6,3,0
"Minnesota",,,0,3,3,3,0,,0,0,0,0
"Missouri",,,5,3,4,13,0,,1,0,2,0
"Nebraska",,,3,1,2,1,0,,0,1,1,0
"North Dakota",,,2,0,1,0,0,,0,0,0,0
"Ohio",,,3,4,2,25,0,,1,0,0,0
"South Dakota",,,1,0,1,1,0,,3,6,0,0
"Wisconsin",,,6,4,6,5,0,,0,0,0,0
,,,,,,,,,,,,
"South",,,95,84,143,187,19,,133,62,15,5
"Alabama",,,2,3,3,11,0,,2,8,7,0
"Arkansas",,,0,1,4,3,0,,2,1,2,2
"Delaware",,,1,1,0,3,0,,0,4,0,0
"District of Columbia",,,0,0,2,1,0,,3,2,0,0
"Florida",,,11,8,14,36,0,,31,6,0,0
"Georgia",,,19,5,13,20,0,,20,7,0,0
"Kentucky",,,2,1,9,3,0,,9,1,0,0
"Louisiana",,,0,0,2,7,1,,3,3,1,0
"Maryland",,,1,3,5,7,2,,4,3,1,0
"Mississippi",,,1,2,3,2,1,,18,1,0,0
"North Carolina",,,23,19,24,2,0,,5,5,2,0
"Oklahoma",,,4,4,13,7,0,,19,5,0,0
"South Carolina",,,2,6,6,10,0,,3,6,1,0
"Tennessee",,,0,3,3,9,0,,0,0,0,0
"Texas",,,6,18,27,56,14,,4,7,1,3
"Virginia",,,17,9,13,10,1,,8,3,0,0
"West Virginia",,,6,1,2,0,0,,2,0,0,0
,,,,,,,,,,,,
"West",,,46,42,32,27,36,,97,19,3,2
"Alaska",,,9,5,0,0,0,,10,0,0,0
"Arizona",,,0,2,2,8,3,,2,0,0,1
"California",,,4,8,5,3,30,,36,3,2,1
"Colorado",,,7,9,9,2,0,,16,5,0,0
"Hawaii",,,4,2,1,1,0,,2,0,0,0
"Idaho",,,2,3,2,1,0,,5,0,0,0
"Montana",,,3,0,0,1,0,,1,3,0,0
"Nevada",,,4,1,3,4,0,,3,5,0,0
"New Mexico",,,2,3,4,1,0,,0,0,0,0
"Oregon",,,5,4,1,2,1,,0,0,0,0
"Utah",,,1,1,1,0,1,,4,1,0,0
"Washington",,,2,4,2,4,1,,15,1,1,0
"Wyoming",,,3,0,2,0,0,,3,1,0,0
