"Bureau of Justice Statistics",,,,,,,,
"filename: csfcf00t23.csv",,,,,,,,
"table title:  Table 23.  Number of inmates per employee in State and Federal correctional facilities by type of facility and occupational category, 1995 and 2000",,,,,,,,
"title:  Census of State and Federal Correctional Facilities, 2000",,,,,,,,
"data source: BJS, Census of State and Federal Correctional Facilities, 2000",,,,,,,,
"authors:  James J. Stephan and Jennifer C. Karberg",,,,,,,,
"refer questions to: askbjs@ojp.usdoj.gov      (202)307-0765",,,,,,,,
"date of version:  08/19/03",,,,,,,,
,,,,,,,,
,,,,,,,,
,,,,,,,,
"Table 23.  Number of inmates per employee in State and Federal correctional facilities by type of facility and occupational category, 1995 and 2000",,,,,,,,
,,,,,,,,
,,,,"Number of inmates per employee",,,,
,"All facilties ",,,"Confinement ",,,"Community-based ",
"Occupational category",1995,2000,,1995,2000,,1995,2000
,,,,,,,,
"      Total",2.9,3.0,,2.9,3.0,,3.8,3.8
,,,,,,,,
"Administrative",107.6,107.5,,110.6,111.5,,58.0,61.5
"Custody/security",4.6,4.8,,4.6,4.8,,6.2,6.5
"Clerical/maintenance/food service",20.1,24.8,,20,24.6,,23.8,28.8
"Educational",94.5,95.4,,92.2,93.4,,390.5,165.8
"Professional/technical",22.6,23.2,,22.4,23.1,,29.3,27.7
,,,,,,,,
"Note:  Ratios are based on inmate population at midyear divided by all payroll, nonpayroll full-time, part-time, and contract staff, excluding volunteers.",,,,,,,,
