"Bureau of Justice Statistics",,,,,,,,,
"filename: csfcf00t21.csv",,,,,,,,,
"table title:  Table 21.  Number of employees in correctional facilities under State authority, by type of facility, gender of inmates housed, and occupational category, June 30, 2000",,,,,,,,,
"title:  Census of State and Federal Correctional Facilities, 2000",,,,,,,,,
"data source: BJS, Census of State and Federal Correctional Facilities, 2000",,,,,,,,,
"authors:  James J. Stephan and Jennifer C. Karberg",,,,,,,,,
"refer questions to: askbjs@ojp.usdoj.gov      (202)307-0765",,,,,,,,,
"date of version:  08/19/03",,,,,,,,,
,,,,,,,,,
,,,,,,,,,
,,,,,,,,,
"Table 21.  Number of employees in correctional facilities under State authority, by type of facility, gender of inmates housed, and occupational category, June 30, 2000",,,,,,,,,
,,,,,,,,,
,,,,"Number of employees",,,,,
,,,,,,,,,
,,"In confinement facilities housing --",,,,,"In community-based housing --",,
"Occupational category and  jurisdiction","Total","Males only ","Females only ","Both sexes",,"Total","Males only ","Females only ","Both sexes"
,,,,,,,,,
"All employees *",381214,331821,22079,27314,,16119,9680,1314,5125
"Administrative",9415,8049,540,826,,986,590,91,305
"Custody/security",248567,219099,12934,16534,,9374,5844,689,2841
"Clerical/maintenance/food service",48957,42904,3109,2944,,2105,1274,142,689
"Educational",12490,10957,866,667,,366,255,26,85
"Professional/technical",42302,35262,2945,4095,,2194,1144,240,810
"     ",,,,,,,,,
"Note:  Data include all full-time, part-time, payroll, nonpayroll, and contract employees.  Volunteers are excluded.",,,,,,,,,
"*  Includes employees with unspecified occupations.",,,,,,,,,
