"Bureau of Justice Statistics",,,,,,,
"filename: csfcf00t7.csv",,,,,,,
"Table 7.  Number of State and Federal correctional facilities, by size, June 30, 2000",,,,,,,
"title:  Census of State and Federal Correctional Facilities, 2000",,,,,,,
"data source: BJS, Census of State and Federal Correctional Facilities, 2000",,,,,,,
"authors:  James J. Stephan and Jennifer C. Karberg",,,,,,,
"refer questions to: askbjs@ojp.usdoj.gov      (202)307-0765",,,,,,,
"date of version:  08/19/03",,,,,,,
,,,,,,,
,,,,,,,
,,,,,,,
"Table 7.  Number of State and Federal correctional facilities, by size, June 30, 2000",,,,,,,
,,,,,,,
,,,,"Size of facility*",,,
,"Total","Fewer than 100 inmates","100-249","250-749","750-1,499","1,500-2,499","2,500+"
,,,,,,,
"    U.S. total",1668,357,289,360,421,176,65
,,,,,,,
"  Federal",84,0,2,10,49,22,1
"  State",1320,225,244,304,339,144,64
"  Private",264,132,43,46,33,10,0
,,,,,,,
"   Region (excluding Federal)",,,,,,,
,,,,,,,
"Northeast",236,52,32,55,61,31,5
"Midwest",301,43,64,62,81,48,3
"South",743,151,139,172,200,62,19
"West",304,111,52,61,30,13,37
,,,,,,,
"*Based on average daily population, July 1, 1999, to June 30, 2000",,,,,,,
