"Bureau of Justice Statistics",,,,,,,
"filename: csfcf00t3.csv",,,,,,,
"table title:  Table 3.  Number of State and Federal Correctional facilities and inmates, by region, June 30, 2000",,,,,,,
"title:  Census of State and Federal Correctional Facilities, 2000",,,,,,,
"data source: BJS, Census of State and Federal Correctional Facilities, 2000",,,,,,,
"authors:  James J. Stephan and Jennifer C. Karberg",,,,,,,
"refer questions to: askbjs@ojp.usdoj.gov      (202)307-0765",,,,,,,
"date of version:  08/19/03",,,,,,,
,,,,,,,
,,,,,,,
"Table 3.  Number of State and Federal Correctional facilities and inmates, by region, June 30, 2000",,,,,,,
,,,,,,,
,"Number of facilities",,"Number of inmates ",,,,
,1995,2000,1995,2000,"Population percent change 1995-2000",,"Inmates per 100,000 population in 2000*"
,,,,,,,
"    U.S. total/a",1464,1668,1023572,1305253,28,"%",464
,,,,,,,
"Federal",77,84,80960,110974,37,"%",39
"State",1277,1320,925949,1101202,19,,391
"Private",110,264,16663,93077,459,,33
,,,,,,,
"Region (excluding Federal)",,,,,,,
"   Northeast",204,236,150794,171999,14,"%",321
"   Midwest",275,301,188155,233993,24,,363
"   South",636,743,402110,518912,29,,518
"   West",272,304,201553,269375,34,,426
,,,,,,,
"*Rates per 100,000 are based on the U.S. resident population for July 1, 2000.  ",,,,,,,
"Counts represent all inmates, regardeless of sentence length, held in facilities covered by the 2000 Census of State and Federal Correctional Facilities.",,,,,,,
