"Bureau of Justice Statistics",,,,,,,,,,,,
"filename: csfcf00at17.csv",,,,,,,,,,,,
"table title:  Appendix table 17.  Number of facilities under State or Federal authority that provided counseling programs to inmates, midyear 2000 ",,,,,,,,,,,,
"title:  Census of State and Federal Correctional Facilities, 2000",,,,,,,,,,,,
"data source: BJS, Census of State and Federal Correctional Facilities, 2000",,,,,,,,,,,,
"authors:  James J. Stephan and Jennifer C. Karberg",,,,,,,,,,,,
"refer questions to: askbjs@ojp.usdoj.gov      (202)307-0765",,,,,,,,,,,,
"date of version:  08/19/03",,,,,,,,,,,,
,,,,,,,,,,,,
,,,,,,,,,,,,
,,,,,,,,,,,,
"Appendix table 17.  Number of facilities under State or Federal authority that provided counseling programs to inmates, midyear 2000 ",,,,,,,,,,,,
,,,,,,,,,,,,
,,"Facilities providing programs in   -- ",,,,,,,,,,
"Region and jurisdiction","Total number of facilities","Any counseling","Drug dependency counseling or awareness","Alcohol dependency counseling or awareness","Psychological or psychiatric counseling","HIV/AIDS counseling","Sex offender counseling ","Job-seeking counseling","Life skills and community adjustment counseling","Parenting and child rearing counseling","Other counseling","No counseling provided"
,,,,,,,,,,,,
"     U.S. total",1668,1603,1480,1464,1038,899,538,1076,1187,763,400,24
,,,,,,,,,,,,
"     Public",1404,1361,1252,1239,926,766,487,890,977,632,361,23
"     Private",264,242,228,225,112,133,51,186,210,131,39,1
,,,,,,,,,,,,
"   Federal",84,77,77,77,77,69,38,74,75,74,11,0
"     State",1584,1526,1403,1387,961,830,500,1002,1112,689,389,24
,,,,,,,,,,,,
"Region (excluding Federal)",,,,,,,,,,,,
"Northeast",236,232,217,216,172,188,89,189,200,140,79,1
"Connecticut",20,20,19,19,17,19,9,14,14,13,8,0
"Maine",8,8,7,8,6,4,4,5,5,3,2,0
"Massachusetts",25,23,21,21,20,18,8,19,21,11,5,0
"New Hampshire",8,8,8,8,4,5,3,3,6,4,1,0
"New Jersey",43,42,39,39,23,27,9,32,38,25,9,1
"New York",72,72,69,68,56,66,18,67,66,43,22,0
"Pennsylvania",44,44,40,40,32,36,31,41,39,33,28,0
"Rhode Island",7,7,6,5,6,5,4,2,4,3,2,0
"Vermont",9,8,8,8,8,8,3,6,7,5,2,0
,,,,,,,,,,,,
"Midwest",301,293,266,266,203,164,137,214,225,151,57,7
"Illinois",48,46,43,43,34,36,22,43,43,31,6,2
"Indiana",25,25,24,24,16,16,7,20,22,15,3,0
"Iowa",30,29,26,25,15,8,19,21,24,18,8,0
"Kansas",11,11,10,10,7,8,6,7,7,7,1,0
"Michigan",70,65,60,60,43,31,33,40,41,15,14,5
"Minnesota",9,9,7,7,5,1,4,4,3,4,0,0
"Missouri",28,28,27,26,20,20,5,13,20,13,6,0
"Nebraska",9,9,8,8,9,,8,8,8,7,0,0
"North Dakota",3,3,2,2,1,1,1,1,1,,0,0
"Ohio",34,34,34,34,32,28,13,28,31,21,8,0
"South Dakota",4,4,4,4,3,3,3,3,3,3,0,0
"Wisconsin",30,30,21,23,18,12,16,26,22,17,11,0
,,,,,,,,,,,,
"South",743,719,665,647,412,338,190,395,455,236,189,11
"Alabama",36,32,29,30,18,6,9,13,12,5,3,3
"Arkansas",15,15,14,13,9,8,3,13,1,,0,0
"Delaware",9,8,8,8,8,7,4,6,4,6,0,0
"District of Columbia",8,8,6,7,5,8,5,5,6,4,0,0
"Florida",106,104,86,62,9,3,21,8,38,13,48,2
"Georgia",84,81,80,78,37,52,37,69,64,24,30,1
"Kentucky",25,25,24,24,15,14,6,13,20,17,5,0
"Louisiana",17,12,11,12,11,11,10,12,12,12,1,0
"Maryland",26,25,20,21,17,17,4,14,15,7,6,1
"Mississippi",28,27,23,24,10,4,1,11,13,4,4,1
"North Carolina",80,79,77,77,63,48,26,42,50,21,12,0
"Oklahoma",52,48,45,45,28,21,6,32,39,21,6,1
"South Carolina",34,33,26,30,14,10,10,17,25,10,4,1
"Tennessee",15,15,14,14,14,13,12,7,14,1,0,0
"Texas",136,135,131,131,95,112,16,117,120,75,48,1
"Virginia",61,61,60,60,49,0,11,6,12,6,18,0
"West Virginia",11,11,11,11,10,4,9,10,10,10,4,0
,,,,,,,,,,,,
"West",304,282,255,258,174,140,84,204,232,162,64,5
"Alaska",24,22,16,16,12,13,4,19,21,15,5,1
"Arizona",18,17,16,17,16,7,5,9,14,9,3,0
"California",92,79,76,78,44,52,14,62,64,47,13,1
"Colorado",48,46,45,45,35,17,22,37,39,27,9,0
"Hawaii",10,10,10,10,9,10,4,9,10,9,5,0
"Idaho",13,13,12,12,9,5,3,11,12,8,3,0
"Montana",8,7,7,7,5,5,5,5,6,5,4,0
"Nevada",20,20,18,18,9,6,6,9,13,10,4,0
"New Mexico",10,10,9,9,10,6,5,9,9,7,1,0
"Oregon",13,13,12,12,8,11,2,9,12,8,3,0
"Utah",9,9,8,8,5,3,6,7,9,6,0,0
"Washington",30,27,18,18,6,0,1,12,14,6,12,3
"Wyoming",9,9,8,8,6,5,7,6,9,5,2,0
,,,,,,,,,,,,
"Note:  Information on counseling  programs was not reported in 41 facilities.",,,,,,,,,,,,
