"Bureau of Justice Statistics",,,
"filename: csfcf00at18.csv",,,
"table title:  Appendix table 18.  Number of facilities under State or Federal authority that operated boot camp programs, midyear 1995 and 2000",,,
"title:  Census of State and Federal Correctional Facilities, 2000",,,
"data source: BJS, Census of State and Federal Correctional Facilities, 2000",,,
"authors:  James J. Stephan and Jennifer C. Karberg",,,
"refer questions to: askbjs@ojp.usdoj.gov      (202)307-0765",,,
"date of version:  08/19/03",,,
,,,
,,,
,,,
"Appendix table 18.  Number of facilities under State or Federal authority that operated boot camp programs, midyear 1995 and 2000",,,
,,,
"Region and jurisdiction","Facilities with boot camp programs in 1995","Facilities with boot camp programs in 2000","Number of inmates participating in 2000"
,,,
"     U.S. total",65,95,12751
,,,
"     Public",64,90,12419
"     Private",1,5,332
,,,
"   Federal",2,3,407
"     State",63,92,12344
,,,
"Region (excluding Federal)",,,
"Northeast",11,10,2646
"Connecticut",2,0,0
"Maine",0,0,0
"Massachusetts",1,1,120
"New Hampshire",1,0,0
"New Jersey",0,1,88
"New York",5,5,2193
"Pennsylvania",0,1,241
"Rhode Island",1,2,4
"Vermont",1,0,0
,,,
"Midwest",9,17,2126
"Illinois",4,4,500
"Indiana",0,0,0
"Iowa",0,1,40
"Kansas",0,2,181
"Michigan",1,3,417
"Minnesota",1,1,0
"Missouri",1,3,748
"Nebraska",0,0,0
"North Dakota",0,0,0
"Ohio",1,2,143
"South Dakota",0,0,0
"Wisconsin",1,1,97
,,,
"South",29,53,6497
"Alabama",0,1,122
"Arkansas",1,1,169
"Delaware",0,2,287
"District of Columbia",0,0,0
"Florida",1,2,118
"Georgia",6,20,2802
"Kentucky",3,2,127
"Louisiana",2,2,213
"Maryland",2,2,274
"Mississippi",2,3,405
"North Carolina",2,2,183
"Oklahoma",3,3,646
"South Carolina",4,4,454
"Tennessee",1,1,45
"Texas",2,2,101
"Virginia",0,6,551
"West Virginia",0,0,0
,,,
"West",14,12,1075
"Alaska",0,0,0
"Arizona",1,0,0
"California",5,0,0
"Colorado",1,3,165
"Hawaii",0,2,98
"Idaho",1,1,279
"Montana",2,1,54
"Nevada",1,2,178
"New Mexico",0,0,0
"Oregon",1,1,170
"Utah",0,0,0
"Washington",1,1,96
"Wyoming",1,1,35
,,,
"Note:  Information on boot camp  programs was not reported in 36 facilities.",,,
