"Bureau of Justice Statistics",,,
"filename: csfcf00t12.csv",,,
"table title:  Table 12.  Number of inmates in correctional facilities under State or Federal authority, by custody level of inmate, June 30, 2000",,,
"title:  Census of State and Federal Correctional Facilities, 2000",,,
"data source: BJS, Census of State and Federal Correctional Facilities, 2000",,,
"authors:  James J. Stephan and Jennifer C. Karberg",,,
"refer questions to: askbjs@ojp.usdoj.gov      (202)307-0765",,,
"date of version:  08/19/03",,,
,,,
,,,
,,,
"Table 12.  Number of inmates in correctional facilities under State or Federal authority, by custody level of inmate, June 30, 2000",,,
,,,
"Custody level of inmate","All facilities","Confinement","Community-based"
,,,
"Inmates in Federal facilities",,,
"     Total",110974,110974,0
"Maximum",12369,12369,0
"Medium",29475,29475,0
"Minimum",67718,67718,0
"Not classified*",1412,1412,0
,,,
"Inmates in State facilities",,,
"     Total",1101202,1055746,45456
"Maximum",228713,228308,405
"Medium",441479,434331,7148
"Minimum",362295,326824,35471
"Not classified*",68715,66283,2432
,,,
"Inmates in private facilities",,,
"     Total",93077,77854,15223
"Maximum",3715,3301,414
"Medium",38604,37897,707
"Minimum",44340,32793,11547
"Not classified*",6418,3863,2555
,,,
"Note:  Custody level of inmate refers to the classification of inmate held, and determines the level of restriction and supervision the inmate will be subject to within a correctional facility. ",,,
"*Not classified includes unsentenced inmates or sentenced inmates awaiting classification.",,,
