"Bureau of Justice Statistics",,,,,,
"filename: csfcf00at20.csv",,,,,,
"table title:  Appendix table 20.  Number of inmate deaths in correctional facilities under State or Federal authority, July 1, 1999 to June 30, 2000",,,,,,
"title:  Census of State and Federal Correctional Facilities, 2000",,,,,,
"data source: BJS, Census of State and Federal Correctional Facilities, 2000",,,,,,
"authors:  James J. Stephan and Jennifer C. Karberg",,,,,,
"refer questions to: askbjs@ojp.usdoj.gov      (202)307-0765",,,,,,
"date of version:  08/19/03",,,,,,
,,,,,,
,,,,,,
,,,,,,
"Appendix table 20.  Number of inmate deaths in correctional facilities under State or Federal authority, July 1, 1999 to June 30, 2000",,,,,,
,,,,,,
,"Cause of death",,,,,
"Region and jurisdiction","Total/a","Illness/natural cause excluding AIDS","AIDS/b","Suicide","Homicide by other inmates(s)","Other causes/c"
,,,,,,
,,,,,,
"     U.S. total",3175,2402,302,198,56,217
,,,,,,
"     Public",3108,2358,293,192,54,211
"     Private",67,44,9,6,2,6
,,,,,,
"   Federal",253,216,18,13,3,3
"     State",2922,2186,284,185,53,214
,,,,,,
"Region (excluding Federal)",,,,,,
"Northeast",433,301,66,34,5,27
"Connecticut",32,17,11,2,1,1
"Maine",9,7,0,2,0,0
"Massachusetts",15,9,1,2,0,3
"New Hampshire",3,2,1,0,0,0
"New Jersey",76,50,20,4,1,1
"New York",183,131,21,12,3,16
"Pennsylvania",110,82,12,10,0,6
"Rhode Island",4,2,0,2,0,0
"Vermont",1,1,0,0,0,0
,,,,,,
"Midwest",560,458,34,46,3,19
"Illinois",84,59,9,11,0,5
"Indiana",53,49,0,3,0,1
"Iowa",9,6,0,2,0,1
"Kansas",14,13,0,1,0,0
"Michigan",112,97,1,6,3,5
"Minnesota",7,5,0,2,0,0
"Missouri",44,32,4,4,0,4
"Nebraska",10,10,0,0,0,0
"North Dakota",0,0,0,0,0,0
"Ohio",204,170,19,12,0,3
"South Dakota",2,1,0,1,0,0
"Wisconsin",21,16,1,4,0,0
,,,,,,
"South",1407,1017,163,66,31,130
"Alabama",77,60,8,1,2,6
"Arkansas",24,18,0,2,0,4
"Delaware",7,3,2,0,0,2
"District of Columbia",6,3,1,0,2,0
"Florida",190,102,57,6,2,23
"Georgia",105,79,15,8,0,3
"Kentucky",46,41,0,0,0,5
"Louisiana",85,70,10,2,1,2
"Maryland",38,16,11,4,4,3
"Mississippi",18,15,2,0,1,0
"North Carolina",67,54,6,2,0,5
"Oklahoma",74,49,5,5,1,14
"South Carolina",20,12,0,3,2,3
"Tennessee",93,83,2,2,4,2
"Texas",471,358,29,29,9,46
"Virginia",79,47,15,2,3,12
"West Virginia",7,7,0,0,0,0
,,,,,,
"West",522,410,21,39,14,38
"Alaska",7,5,0,0,0,2
"Arizona",69,60,2,3,0,4
"California",287,212,15,24,9,27
"Colorado",30,27,0,1,0,2
"Hawaii",8,5,0,3,0,0
"Idaho",10,10,0,0,0,0
"Montana",4,4,0,0,0,0
"Nevada",32,25,4,2,0,1
"New Mexico",10,7,0,0,2,1
"Oregon",24,20,0,3,1,0
"Utah",8,6,0,1,0,1
"Washington",30,28,0,1,1,0
"Wyoming",3,1,0,1,1,0
,,,,,,
"a/ Includes 22 deaths in one New Jersey facility which did not report the causes.",,,,,,
"b/ The immediate cause of death may be Pneumonocystis , Kaposi's sarcoma, or other diseases related to HIV infection.",,,,,,
"c/ Includes deaths by persons other than inmates; executions; work crew and  automobile accidents, drug overdoses; drowning in attempted escape; and complications following organ donor host surgery.",,,,,,
