"Bureau of Justice Statistics",,,,,,,
"filename: csfcf00t20.csv",,,,,,,
"table title:  Table 20.  Number of employees in correctional facilities under State and Federal authority by occupational category and region, June 30, 2000",,,,,,,
"title:  Census of State and Federal Correctional Facilities, 2000",,,,,,,
"data source: BJS, Census of State and Federal Correctional Facilities, 2000",,,,,,,
"authors:  James J. Stephan and Jennifer C. Karberg",,,,,,,
"refer questions to: askbjs@ojp.usdoj.gov      (202)307-0765",,,,,,,
"date of version:  08/19/03",,,,,,,
,,,,,,,
,,,,,,,
,,,,,,,
"Table 20.  Number of employees in correctional facilities under State and Federal authority by occupational category and region, June 30, 2000",,,,,,,
,,,,,,,
,,"Number of employees in correctional facilities by occupational category",,,,,
,,,,,,,
"Jurisdiction and  region","All employees","Administrative","Custody/security","Clerical/maintenance/food service","Educational","Professional/technical","Other/unspecified employees"
,,,,,,,
"     Total",430033,12144,270317,52732,13688,56182,24970
"Federal",32700,1743,12376,1670,832,11686,4393
"State",372976,8953,243352,48463,11763,41499,18946
"Private",24357,1448,14589,2599,1093,2997,1631
,,,,,,,
"     Region(excluding Federal)",,,,,,,
"Northeast",72758,1305,47496,10211,2457,9058,2231
"Midwest",82808,3094,50580,12344,2662,9818,4310
"South",160580,4113,109443,15526,4822,16485,10191
"West",81187,1889,50422,12981,2915,9135,3845
,,,,,,,
"Note:  Includes all full-time, part-time, payroll, nonpayroll, and contract staff.  Excludes community volunteers.",,,,,,,
