"Bureau of Justice Statistics",,,,,,,,,,,
"filename: csfcf00at12.csv",,,,,,,,,,,
"table title:  Appendix table 12.  Number of  correctional facilities under State or Federal authority, by primary function, midyear 2000",,,,,,,,,,,
"title:  Census of State and Federal Correctional Facilities, 2000",,,,,,,,,,,
"data source: BJS, Census of State and Federal Correctional Facilities, 2000",,,,,,,,,,,
"authors:  James J. Stephan and Jennifer C. Karberg",,,,,,,,,,,
"refer questions to: askbjs@ojp.usdoj.gov      (202)307-0765",,,,,,,,,,,
"date of version:  08/19/03",,,,,,,,,,,
,,,,,,,,,,,
,,,,,,,,,,,
,,,,,,,,,,,
"Appendix table 12.  Number of  correctional facilities under State or Federal authority, by primary function, midyear 2000",,,,,,,,,,,
,,,,,,,,,,,
,,"Number of facilities by  primary function/a",,,,,,,,,
"Region and jurisdiction",,"General adult population","Boot camp","Reception, diagnosis, classification","Medical treatment, hospitalization","Mental health, psychiatric confinement","Alcohol or drug treatment","Youthful offender","Community corrections, work release, prerelease","Return to custody","Other/b"
,,,,,,,,,,,
"     U.S. total",,1011,29,62,12,13,57,19,425,18,22
,,,,,,,,,,,
"     Public",,928,27,59,12,12,36,18,282,11,19
"     Private",,83,2,3,0,1,21,1,143,7,3
,,,,,,,,,,,
"   Federal",,80,0,0,3,0,0,0,0,0,1
"     State",,931,29,62,9,13,57,19,425,18,21
,,,,,,,,,,,
"Region (excluding Federal)",,,,,,,,,,,
"Northeast",,141,7,8,1,3,11,3,52,3,7
"Connecticut",,17,0,1,0,0,0,1,0,0,1
"Maine",,5,0,1,0,0,0,0,2,0,0
"Massachusetts",,15,1,1,0,1,0,0,5,0,2
"New Hampshire",,3,0,0,0,1,1,0,3,0,0
"New Jersey",,12,1,2,1,1,6,2,16,1,1
"New York",,52,4,1,0,0,3,0,9,1,2
"Pennsylvania",,24,1,1,0,0,1,0,16,1,0
"Rhode Island",,5,0,1,0,0,0,0,0,0,1
"Vermont",,8,0,0,0,0,0,0,1,0,0
,,,,,,,,,,,
"Midwest",,198,9,10,1,2,14,1,59,3,4
"Illinois",,31,4,1,0,0,1,0,11,0,0
"Indiana",,19,0,1,0,0,0,0,5,0,0
"Iowa",,9,0,1,0,0,1,0,19,0,0
"Kansas",,8,2,0,0,0,0,0,1,0,0
"Michigan",,51,1,2,0,1,1,0,9,3,2
"Minnesota",,9,0,0,0,0,0,0,0,0,0
"Missouri",,16,0,1,0,0,8,0,3,0,0
"Nebraska",,5,0,1,0,0,1,0,2,0,0
"North Dakota",,3,0,0,0,0,0,0,0,0,0
"Ohio",,28,1,2,1,1,1,0,0,0,0
"South Dakota",,3,0,0,0,0,0,0,1,0,0
"Wisconsin",,16,1,1,0,0,1,1,8,0,2
,,,,,,,,,,,
"South",,434,10,34,7,6,19,15,202,9,7
"Alabama",,15,1,1,0,0,0,0,17,0,2
"Arkansas",,10,0,0,0,1,0,0,4,0,0
"Delaware",,5,0,0,0,0,0,0,4,0,0
"District of Columbia",,3,0,0,0,0,0,0,5,0,0
"Florida",,58,1,3,1,0,1,5,37,0,0
"Georgia",,48,3,3,1,0,1,1,23,3,1
"Kentucky",,13,0,1,0,1,0,0,10,0,0
"Louisiana",,10,0,0,0,0,0,0,7,0,0
"Maryland",,16,1,1,0,0,0,0,8,0,0
"Mississippi",,8,0,0,0,1,0,0,18,1,0
"North Carolina",,56,3,3,1,0,0,5,12,0,0
"Oklahoma",,28,0,0,0,0,2,0,22,0,0
"South Carolina",,18,0,1,2,0,1,2,10,0,0
"Tennessee",,13,0,1,1,0,0,0,,0,0
"Texas",,87,0,14,1,2,11,1,12,5,3
"Virginia",,39,1,6,0,1,2,0,11,0,1
"West Virginia",,7,0,0,0,0,1,1,2,0,0
,,,,,,,,,,,
"West",,158,3,10,0,2,13,0,112,3,3
"Alaska",,12,0,2,0,0,0,0,10,0,0
"Arizona",,12,0,1,0,0,3,0,2,0,0
"California",,40,0,2,0,1,3,0,43,3,0
"Colorado",,24,1,2,0,1,4,0,16,0,0
"Hawaii",,6,0,0,0,0,2,0,1,0,1
"Idaho",,7,0,0,0,0,0,0,6,0,0
"Montana",,3,1,0,0,0,0,0,4,0,0
"Nevada",,13,0,0,0,0,1,0,5,0,1
"New Mexico",,9,0,1,0,0,0,0,0,0,0
"Oregon",,11,1,1,0,0,0,0,0,0,0
"Utah",,4,0,0,0,0,0,0,5,0,0
"Washington",,12,0,1,0,0,0,0,16,0,1
"Wyoming",,5,0,0,0,0,0,0,4,0,0
,,,,,,,,,,,
"a/ A facility may have more than one function.  Primary function refers to the function that applies to the largest number of inmates in a facility.",,,,,,,,,,,
"b/ Includes geriatric care, sex offender evaluation, immigration hearings, confinement for the physically disabled, and inmate labor crews. ",,,,,,,,,,,
