"Bureau of Justice Statistics",,,,
"filename: csfcf00t5.csv",,,,
"table title:  Table 5.  Average daily population in State and Federal correctional facilities, by region, 1995 and 2000",,,,
"title:  Census of State and Federal Correctional Facilities, 2000",,,,
"data source: BJS, Census of State and Federal Correctional Facilities, 2000",,,,
"authors:  James J. Stephan and Jennifer C. Karberg",,,,
"refer questions to: askbjs@ojp.usdoj.gov      (202)307-0765",,,,
"date of version:  08/19/03",,,,
,,,,
,,,,
,,,,
"Table 5.  Average daily population in State and Federal correctional facilities, by region, 1995 and 2000",,,,
,"Average daily population ",,,
,1995,2000,"Percent change, 1995-2000",
,,,,
"          U.S. total",990617,1289889,30.2,"%"
,,,,
"   Federal",80053,108529,35.6,"%"
"   State",894138,1090176,21.9,
"   Private",16426,91184,455.1,
,,,,
"   Region (excluding Federal)",,,,
"Northeast",147236,173139,17.6,"%"
"Midwest",183025,231159,26.3,
"South",383438,509670,32.9,
"West",196865,267392,35.8,
,,,,
"Note:  Average daily population in 2000 was calculated either by totaling daily populations for the annual period and dividing by 366 or by summing the monthly average daily populations for the annual period and dividing by 12.",,,,
