"Bureau of Justice Statistics",,,,,,,,,
"filename: csfcf00at15.csv",,,,,,,,,
"table title:  Appendix table 15.  Number of correctional facilities under State or Federal authority that provided work programs, and number of inmates with work assignments, midyear 2000",,,,,,,,,
"title:  Census of State and Federal Correctional Facilities, 2000",,,,,,,,,
"data source: BJS, Census of State and Federal Correctional Facilities, 2000",,,,,,,,,
"authors:  James J. Stephan and Jennifer C. Karberg",,,,,,,,,
"refer questions to: askbjs@ojp.usdoj.gov      (202)307-0765",,,,,,,,,
"date of version:  08/19/03",,,,,,,,,
,,,,,,,,,
,,,,,,,,,
,,,,,,,,,
"Appendix table 15.  Number of correctional facilities under State or Federal authority that provided work programs, and number of inmates with work assignments, midyear 2000",,,,,,,,,
,,,,,,,,,
,"Total number of facilities","Facilities operating one or more work programs","Inmates participating in one or more work programs","Facilities with prison industries","Facilities with facility support services","Facilities with farming ","Facilities with public works","Facilities with other work programs ","Facilities with no work programs"
,,,,,,,,,
"     U.S. total",1668,1519,808118,572,1381,373,953,287,106
,,,,,,,,,
"     Public",1404,1326,757630,550,1238,352,863,232,57
"     Private",264,193,50488,22,143,21,90,55,49
,,,,,,,,,
"   Federal",84,77,75368,68,77,6,33,3,0
"     State",1584,1442,732750,504,1304,367,920,284,106
,,,,,,,,,
"Region (excluding Federal)",,,,,,,,,
"Northeast",236,206,96606,76,190,35,116,34,27
"Connecticut",20,20,8349,4,18,2,11,5,0
"Maine",8,8,1328,4,8,3,6,3,0
"Massachusetts",25,23,4365,8,20,4,9,3,0
"New Hampshire",8,7,2098,3,7,1,3,2,1
"New Jersey",43,34,17277,12,28,6,18,8,9
"New York",72,71,35785,19,66,16,39,12,1
"Pennsylvania",44,28,25030,21,28,2,26,1,16
"Rhode Island",7,7,1948,2,7,0,2,0,0
"Vermont",9,8,426,3,8,1,2,0,0
,,,,,,,,,
"Midwest",301,284,155956,119,258,42,167,54,16
"Illinois",48,47,31608,21,43,2,33,8,1
"Indiana",25,22,10823,10,19,3,15,4,3
"Iowa",30,22,5851,5,16,4,10,12,7
"Kansas",11,11,5654,6,11,5,10,1,0
"Michigan",70,69,28240,17,63,6,36,13,1
"Minnesota",9,9,1172,9,6,0,2,1,0
"Missouri",28,25,23294,10,25,3,16,2,3
"Nebraska",9,9,3019,4,6,0,4,2,0
"North Dakota",3,3,364,1,3,1,1,0,0
"Ohio",34,34,38955,21,34,12,20,5,0
"South Dakota",4,4,1244,3,4,0,4,1,0
"Wisconsin",30,29,5732,12,28,6,16,5,1
,,,,,,,,,
"South",743,713,335045,197,653,240,502,137,15
"Alabama",36,34,15481,9,28,16,25,13,1
"Arkansas",15,15,10403,2,15,4,8,2,0
"Delaware",9,7,1788,3,7,2,5,1,1
"District of Columbia",8,7,932,1,5,0,5,1,1
"Florida",106,106,57970,21,95,40,82,64,0
"Georgia",84,82,31926,16,70,13,58,20,0
"Kentucky",25,25,8872,9,22,6,20,3,0
"Louisiana",17,12,17030,11,12,11,12,1,0
"Maryland",26,25,10161,8,24,4,10,7,1
"Mississippi",28,27,6283,4,20,4,21,1,1
"North Carolina",80,78,16399,25,75,14,60,9,1
"Oklahoma",52,49,15523,14,38,13,38,4,0
"South Carolina",34,32,16260,17,30,12,20,6,2
"Tennessee",15,15,14142,10,15,5,11,0,0
"Texas",136,127,109740,38,126,87,105,5,7
"Virginia",61,61,0,2,61,6,12,0,0
"West Virginia",11,11,2135,7,10,3,10,0,0
,,,,,,,,,
"West",304,239,145143,112,203,50,135,59,48
"Alaska",24,20,1752,6,19,1,10,2,3
"Arizona",18,16,13180,8,16,8,11,3,1
"California",92,68,91686,25,54,13,41,23,12
"Colorado",48,37,8183,16,26,5,17,10,9
"Hawaii",10,10,2157,6,8,3,7,3,0
"Idaho",13,12,1040,4,11,1,5,6,1
"Montana",8,6,856,3,5,1,1,2,1
"Nevada",20,20,3684,8,16,2,11,6,0
"New Mexico",10,10,2866,7,10,1,5,0,0
"Oregon",13,12,8201,11,12,4,9,2,1
"Utah",9,6,469,3,6,2,3,0,3
"Washington",30,16,9402,13,14,6,11,0,14
"Wyoming",9,6,1667,2,6,3,4,2,3
,,,,,,,,,
"Note:  'Some facilities provided more than one work program.  Information on work programs was not  reported in 43 State facilities.",,,,,,,,,
