"Bureau of Justice Statistics",,
"filename: csfcf00at19.csv",,
"table title:  Appendix table 19. Number of inmates under age 18 in correctional facilities under State or Federal authority, midyear 1995 and 2000",,
"title:  Census of State and Federal Correctional Facilities, 2000",,
"data source: BJS, Census of State and Federal Correctional Facilities, 2000",,
"authors:  James J. Stephan and Jennifer C. Karberg",,
"refer questions to: askbjs@ojp.usdoj.gov      (202)307-0765",,
"date of version:  08/19/03",,
,,
,,
,,
"Appendix table 19. Number of inmates under age 18 in correctional facilities under State or Federal authority, midyear 1995 and 2000",,
,,
"Region and jurisdiction","Number of inmates under age 18 in 1995","Number of inmates under age 18 in 2000"
,,
"     U.S. total",5309,4095
,,
"     Public",5303,3927
"     Private",6,168
,,
"   Federal",0,0
"     State",5309,4095
,,
"Region (excluding Federal)",,
"Northeast",1388,760
"Connecticut",736,382
"Maine",0,0
"Massachusetts",2,7
"New Hampshire",0,1
"New Jersey",39,15
"New York",498,265
"Pennsylvania",98,70
"Rhode Island",8,6
"Vermont",7,14
,,
"Midwest",796,699
"Illinois",181,157
"Indiana",69,48
"Iowa",21,41
"Kansas",28,28
"Michigan",154,97
"Minnesota",22,18
"Missouri",109,89
"Nebraska",37,11
"North Dakota",0,0
"Ohio",94,106
"South Dakota",5,8
"Wisconsin",76,96
,,
"South",2696,2150
"Alabama",122,62
"Arkansas",165,156
"Delaware",51,18
"District of Columbia",27,0
"Florida",804,469
"Georgia",136,158
"Kentucky",2,0
"Louisiana",18,17
"Maryland",200,137
"Mississippi",169,24
"North Carolina",457,283
"Oklahoma",61,29
"South Carolina",117,139
"Tennessee",44,21
"Texas",251,599
"Virginia",72,38
"West Virginia",0,0
,,
"West",429,486
"Alaska",20,9
"Arizona",99,152
"California",8,117
"Colorado",112,20
"Hawaii",6,1
"Idaho",16,4
"Montana",2,7
"Nevada",22,19
"New Mexico",24,7
"Oregon",17,14
"Utah",18,8
"Washington",69,78
"Wyoming",16,50
,,
"Note:  Seven facilities in 2000 did not report on the number of inmates under age 18.",,
