"Bureau of Justice Statistics",,,,,,,,
"filename: csfcf00t8.csv",,,,,,,,
"table title:  Table 8.  Number of State and Federal correctional facilities, by facility type and function, June 30, 2000",,,,,,,,
"title:  Census of State and Federal Correctional Facilities, 2000",,,,,,,,
"data source: BJS, Census of State and Federal Correctional Facilities, 2000",,,,,,,,
"authors:  James J. Stephan and Jennifer C. Karberg",,,,,,,,
"refer questions to: askbjs@ojp.usdoj.gov      (202)307-0765",,,,,,,,
"date of version:  08/19/03",,,,,,,,
,,,,,,,,
,,,,,,,,
,,,,,,,,
"Table 8.  Number of State and Federal correctional facilities, by facility type and function, June 30, 2000",,,,,,,,
,,"Confinement",,,,,"Community-based ",
"Facility function","Total ","Federal ","State ","Private ",,"Total","State","Private"
,,,,,,,,
"Total",1208,84,1023,101,,460,297,163
"General confinement",1081,82,919,80,,83,57,26
"Boot camp",84,3,78,3,,11,9,2
"Reception, diagnosis, or classification",173,3,165,5,,5,3,2
"Medical treatment or hospitilization",142,7,132,3,,1,1,0
"Alcohol/drug treatment",200,16,164,20,,49,22,27
"Youthful offender confinement",36,0,35,1,,0,0,0
"Work release/pre-release",107,1,95,11,,426,277,149
"Returned to custody confinement",58,2,48,8,,20,11,9
"Other*",317,11,298,8,,36,15,21
,,,,,,,,
"Note:  Figures add to more than the total number of facilities because facilities may have more than one function.",,,,,,,,
"*Includes psychiatric, geriatric, pre-sentence, conservation camp, work camp, community service, protective custody, transfer, sex offender, public works, death row, and skilled nursing functions.",,,,,,,,
