"Bureau of Justice Statistics",,,,,,
"filename: csfcf00at25.csv",,,,,,
"table title:  Appendix table 25.   Number of payroll employees, by race and Hispanic origin, in correctional facilities under State or Federal authority, June 30, 2000",,,,,,
"title:  Census of State and Federal Correctional Facilities, 2000",,,,,,
"data source: BJS, Census of State and Federal Correctional Facilities, 2000",,,,,,
"authors:  James J. Stephan and Jennifer C. Karberg",,,,,,
"refer questions to: askbjs@ojp.usdoj.gov      (202)307-0765",,,,,,
"date of version:  08/19/03",,,,,,
,,,,,,
,,,,,,
,,,,,,
"Appendix table 25.   Number of payroll employees, by race and Hispanic origin, in correctional facilities under State or Federal authority, June 30, 2000",,,,,,
,,,,,,
,"Number of payroll employees in correctional facilities",,,,,
"Region and jurisdiction","Total ","White/a","Black/a","Hispanic","Other race/b","Race unknown"
,,,,,,
"     U.S. total",407731,272436,83697,31697,7890,12011
,,,,,,
,,,,,,
"     Public",385830,261464,77685,28472,7430,10779
"     Private",21901,10972,6012,3225,460,1232
,,,,,,
"   Federal",32684,21345,6796,3440,1085,18
"     State",375047,251091,76901,28257,6805,11993
,,,,,,
"Region (excluding Federal)",,,,,,
"Northeast",69329,55479,9204,2600,552,1494
"Connecticut",5919,4017,1292,566,44,0
"Maine",921,833,7,6,8,67
"Massachusetts",4744,4251,313,140,26,14
"New Hampshire",1084,1051,9,18,3,3
"New Jersey",9197,5209,3301,585,80,22
"New York",32181,26457,2974,1097,334,1319
"Pennsylvania",13482,12062,1224,144,46,6
"Rhode Island",1171,1040,81,41,9,0
"Vermont",630,559,3,3,2,63
,,,,,,
"Midwest",77822,63517,8991,1221,908,3185
"Illinois",13391,11246,1777,282,81,5
"Indiana",6454,3140,829,63,15,2407
"Iowa",3496,3266,136,61,32,1
"Kansas",2773,2477,154,67,45,30
"Michigan",17163,14045,2330,351,378,59
"Minnesota",3284,3065,98,33,73,15
"Missouri",8641,8072,468,56,39,6
"Nebraska",1252,1119,72,46,15,0
"North Dakota",316,306,0,0,10,0
"Ohio",14997,11704,2962,181,150,0
"South Dakota",507,481,7,4,15,0
"Wisconsin",5548,4596,158,77,55,662
,,,,,,
"South",149876,86164,51479,8844,1662,1727
"Alabama",3078,1281,1767,2,5,23
"Arkansas",2626,1115,1408,2,0,101
"Delaware",1633,885,693,34,21,0
"District of Columbia",1450,55,1354,34,7,0
"Florida",24866,17306,6081,1038,342,99
"Georgia",12929,6841,5882,79,35,92
"Kentucky",3388,3121,242,13,10,2
"Louisiana",5842,3342,2454,10,14,22
"Maryland",7309,3384,3166,21,17,721
"Mississippi",4333,1271,3055,3,4,0
"North Carolina",13284,7584,5322,103,266,9
"Oklahoma",5865,4614,564,129,483,75
"South Carolina",6074,2235,3755,40,26,18
"Tennessee",5641,4057,1436,97,44,7
"Texas",38779,21875,8854,7145,351,554
"Virginia",11492,5937,5423,94,34,4
"West Virginia",1287,1261,23,0,3,0
,,,,,,
"West",78020,45931,7227,15592,3683,5587
"Alaska",1216,915,80,34,163,24
"Arizona",10179,6333,609,2647,311,279
"California",41761,21733,5525,10064,1436,3003
"Colorado",5977,4404,267,1113,124,69
"Hawaii",1787,317,65,41,1127,237
"Idaho",1311,910,15,46,18,322
"Montana",1055,411,2,6,9,627
"Nevada",1836,1409,129,88,42,168
"New Mexico",1980,488,58,972,67,395
"Oregon",2933,2215,69,156,78,415
"Utah",1535,1402,19,38,29,47
"Washington",5678,4834,375,203,265,1
"Wyoming",772,560,14,184,14,0
,,,,,,
"a/ Excludes persons of Hispanic origin.",,,,,,
"b/ Includes 3,218 American Indians or  Alaska Natives, 3,384 Asians, and 1,288 Native Hawaiians or other Pacific Islanders.",,,,,,
