"Bureau of Justice Statistics",,,,,,
"filename: csfcf00at22.csv",,,,,,
"table title:  Appendix table 22.   All employees and correctional officers in correctional facilities under State or Federal authority, by gender, midyear 2000",,,,,,
"title:  Census of State and Federal Correctional Facilities, 2000",,,,,,
"data source: BJS, Census of State and Federal Correctional Facilities, 2000",,,,,,
"authors:  James J. Stephan and Jennifer C. Karberg",,,,,,
"refer questions to: askbjs@ojp.usdoj.gov      (202)307-0765",,,,,,
"date of version:  08/19/03",,,,,,
,,,,,,
,,,,,,
,,,,,,
"Appendix table 22.   All employees and correctional officers in correctional facilities under State or Federal authority, by gender, midyear 2000",,,,,,
,,,,,,
"Region and jurisdiction","Total employees","Male employees","Female employees ","Total correctional officers ","Male correctional officers ","Female correctional officers "
,,,,,,
"     U.S. total",430033,288306,141727,270317,206222,64095
,,,,,,
"     Public",405676,275846,130830,255728,197077,58651
"     Private",24357,13460,10879,14589,9145,5444
,,,,,,
"   Federal",32700,23724,8976,12376,10881,1495
"     State",397333,264582,132751,257941,195341,62600
,,,,,,
"Region (excluding Federal)",,,,,,
"Northeast",72758,55816,16942,47496,42470,5026
"Connecticut",6670,4837,1833,4488,3734,754
"Maine",960,757,203,571,528,43
"Massachusetts",5834,4401,1433,3875,3451,424
"New Hampshire",1103,804,299,612,534,78
"New Jersey",9722,7307,2415,6626,5642,984
"New York",33050,25701,7349,22108,20204,1904
"Pennsylvania",13493,10452,3041,7800,7098,702
"Rhode Island",1214,1024,190,960,881,79
"Vermont",712,533,179,456,398,58
,,,,,,
"Midwest",82808,56252,26556,50580,39589,10991
"Illinois",15127,10966,4161,9346,7871,1475
"Indiana",6745,4257,2488,4040,2883,1157
"Iowa",3675,2447,1228,2145,1693,452
"Kansas",3731,2411,1320,1960,1562,398
"Michigan",17530,12311,5219,11721,9263,2458
"Minnesota",3478,2212,1266,1957,1460,497
"Missouri",9297,5978,3319,5448,4035,1413
"Nebraska",1252,924,328,709,574,135
"North Dakota",321,218,103,257,191,66
"Ohio",15762,10545,5217,9372,7175,2197
"South Dakota",567,403,164,338,248,90
"Wisconsin",5323,3580,1743,3287,2634,653
,,,,,,
"South",160580,98399,62181,109443,73974,35469
"Alabama",3295,2382,913,2367,1925,442
"Arkansas",2626,1396,1230,2195,1214,981
"Delaware",1863,1285,578,1429,1123,306
"District of Columbia",1562,916,646,1238,753,485
"Florida",24891,16224,8667,19133,13503,5630
"Georgia",14270,8139,6131,9084,5975,3109
"Kentucky",3746,2530,1216,2377,1858,519
"Louisiana",6065,3635,2430,4782,3087,1695
"Maryland",8181,5358,2823,5765,4054,1711
"Mississippi",4403,1949,2454,3143,1418,1725
"North Carolina",13959,9085,4874,10162,7397,2765
"Oklahoma",6274,4035,2239,3453,2665,788
"South Carolina",6222,3378,2844,4142,2482,1660
"Tennessee",5876,3508,2368,3697,2480,1217
"Texas",43678,26035,17643,27424,17682,9742
"Virginia",12133,7525,4608,8246,5694,2552
"West Virginia",1536,1019,517,806,664,142
,,,,,,
"West",81187,54115,27072,50422,39308,11114
"Alaska",1310,904,406,821,636,185
"Arizona",10513,6995,3518,7436,5612,1824
"California",43494,28724,14770,25270,19627,5643
"Colorado",6057,3969,2088,4406,3349,1057
"Hawaii",1805,1329,476,1229,1044,185
"Idaho",1290,856,434,795,626,169
"Montana",1086,632,454,583,461,122
"Nevada",1937,1381,556,1293,1057,236
"New Mexico",2356,1677,679,1469,1245,224
"Oregon",3262,2229,1033,1993,1632,361
"Utah",1576,1132,444,893,774,119
"Washington",5678,3781,1897,3757,2906,851
"Wyoming",823,506,317,477,339,138
