Bureau of Justice Statistics,,,,,,,,,,,,,,,,
Filename: itrh0510at02.csv,,,,,,,,,,,,,,,,
"Appendix table 2. Standard errors for households in which at least one member was a victim of one or more types of identity theft, 2005, 2006, 2007, 2009, and 2010",,,,,,,,,,,,,,,,
"Report title: Identity Theft Reported by Households, 2005-2010",,,,,,,,,,,,,,,,
"Data source: BJS National Crime Victimization Survey, 2005-2010",,,,,,,,,,,,,,,,
Author: Lynn Langton,,,,,,,,,,,,,,,,
Refer questions to: askbjs@usdoj.gov 202-307-0765,,,,,,,,,,,,,,,,
Date of release: 11/30/11,,,,,,,,,,,,,,,,
,,,,,,,,,,,,,,,,
"Appendix table 2. Standard errors for households in which at least one member was a victim of one or more types of identity theft, 2005, 2006, 2007, 2009, and 2010",,,,,,,,,,,,,,,,
,,2005,,,2006,,,2007,,,2009,,,2010,,
Type of identity theft,,Number,Percent of all households,,Number,Percent of all households,,Number ,Percent of all households,,Number,Percent of all households,,Number,Percent of all households,
All types of identity theft,,"212,884",0.2,%,"226,907",0.2,%,"219,163",0.2,%,"247,835",0.2,%,"218,900",0.2,%
,Existing credit card,"130,388",0.1,,"145,069",0.1,,"143,624",0.1,,"174,135",0.1,,"152,765",0.1,
,Other existing account,"87,183",0.1,,"105,326",0.1,,"94,003",0.1,,"104,972",0.1,,"98,601",0.1,
,Personal information,"68,208",0.1,,"73,803",0.1,,"65,129",0.1,,"57,557",0,,"53,945",0,
,Multiple types ,"55,953",0,,"70,245",0.1,,"67,147",0.1,,"59,535",0,,"61,533",0.1,
