"Bureau of Justice Statistics",,,,,,,,,
"Filename:  cf961_05.csv",,,,,,,,,
"Table #:  1.5",,,,,,,,,
"Report title:  Compendium of Federal Justice Statistics, 1996",,,,,,,,,
"Data source:  Federal justice statistics database maintained by The Urban Institute",,,,,,,,,
"refer questions to:  John Scalia  (202) 616-3276   askbjs@ojp.usdoj.gov/bjs",,,,,,,,,
"Date of version:  November 3, 1998",,,,,,,,,
,,,,,,,,,
"Table 1.5.  Mean and median processing times from receipt to filing or declination, by offense,",,,,,,,,,
,"October 1, 1995 - September 30, 1996",,,,,,,,
,,,,,,,,,
,,"Number of months from receipt of matter to decision",,,,,,,
,,,"Disposed by U.S. magistrate",,,,"Concluded by U.S. attorney",,
,,,,,,,,"Prosecuted",
"Most serious offense",,"All",," ","Not",,,"in U.S.",
"investigated\a",,"suspects","Total","Convicted","convicted",,"Total","district court\b","Declined"
,,,,,,,,,
"Mean number of months",,,,,,,,,
," All offenses/c",10.3,10.5,3.7,13.0,,10.3,5.3,18.6
"Violent offenses",,6.1,12.1,5.1,13.2,,5.8,2.9,11.1
"Property offenses",,15.2,14.3,4.6,18.6,,15.2,9.0,21.9
,"Fraudulent offenses\d",15.8,14.7,4.6,19.3,,15.9,9.5,22.6
,"Other offenses\e",10.6,12.0,4.3,14.8,,10.5,5.4,16.7
"Drug offenses",,6.7,7.2,2.2,9.2,,6.7,3.7,15.6
"Public-order offenses",,9.9,10.9,4.1,13.4,,9.7,4.5,17.9
,"Regulatory offenses      ",14.6,12.7,8.7,15.4,,14.7,9.9,16.8
,"Other offenses",8.9,10.8,3.6,13.3,,8.5,4.0,18.5
"Median number of months",,,,,,,,,
,"   All offenses\c",2.8,1.6,1.4,1.7,,3.0,0.9,12.9
"Violent offenses",,1.4,1.3,2.1,1.1,,1.5,0.7,6.6
"Property offenses",,8.5,2.7,2.7,2.7,,8.9,3.0,16.6
,"Fraudulent offenses\d",9.0,2.7,2.5,2.9,,9.5,3.5,17.3
,"Other offenses\e",4.5,2.5,3.2,2.1,,4.7,1.4,12.9
"Drug offenses",,1.0,0.9,1.4,0.6,,1.0,0.7,10.8
"Public-order offenses",,2.2,2.1,0.9,2.8,,2.2,0.7,11.8
,"Regulatory offenses",8.3,6.3,5.8,8.3,,8.5,2.3,11.1
,"Other offenses",1.6,2.0,0.7,2.6,,1.5,0.7,12.4
"Number of suspects\f",,94970,8232,2233,5999,,86738,54164,32574
"With unknown or indeterminable ",,,,,,,,,
,"offense or processing time\g ",4523,680,272,408,,3843,3136,707
,,,,,,,,,
"(SEE PRINTED REPORT FOR FOOTNOTES)",,,,,,,,,
