"Bureau of Justice Statistics",,,,,,,,,,,
"Filename:  cf961_02.csv",,,,,,,,,,,
"Table #:  1.2",,,,,,,,,,,
"Report title:  Compendium of Federal Justice Statistics, 1996",,,,,,,,,,,
"Data source:  Federal justice statistics database maintained by The Urban Institute",,,,,,,,,,,
"refer questions to:  John Scalia  (202) 616-3276   askbjs@ojp.usdoj.gov/bjs",,,,,,,,,,,
"Date of version:  November 3, 1998",,,,,,,,,,,
,,,,,,,,,,,
,,,,,,,,,,,
,,,,,,,,,,,
"Table 1.2.  Disposition of suspects in matters concluded, by offense, October 1, 1995 - September 30, 1996",,,,,,,,,,,
,,,,,,,,,,,
,,,"Suspects in criminal matters concluded",,,,,,,,
,,,,"Number",,,,,"Percent",,
,,,,"Prosecuted",,"Disposed",,,"Prosecuted",,"Disposed"
,,,,"in U.S. dis-",,"by U.S.",,,"in U.S. dis-",,"by U.S."
"Most serious offense investigated\a",,,"Total","trict court\b","Declined","magistrates",,"Total","trict court\b","Declined","magistrates"
,," All offenses\c",98454,56938,32832,8684,,100,57.8,33.3,8.8
"Violent offenses",,,6107,3784,2028,295,,100,62.0,33.2,4.8
,"Murder/manslaughter\d",,475,297,153,25,,100,62.5,32.2,5.3
,"Assault",,1127,536,482,109,,100,47.6,42.8,9.7
,"Robbery",,2691,2099,478,114,,100,78.0,17.8,4.2
,"Rape",,705,275,426,4,,100,39.0,60.4,0.6
,"Other sex offenses\d",,689,388,285,16,,100,56.3,41.4,2.3
,"Kidnaping",,317,164,130,23,,100,51.7,41.0,7.3
,"Threats against the President",,103,25,74,4,,100,24.3,71.8,3.9
"Property offenses",,,31038,15270,13997,1771,,100,49.2,45.1,5.7
,"Fraudulent",,27294,13337,12446,1511,,100,48.9,45.6,5.5
,,"Embezzlement",4169,2110,1578,481,,100,50.6,37.9,11.5
,,"Fraud\d",21297,10111,10356,830,,100,47.5,48.6,3.9
,,"Forgery",1395,803,412,180,,100,57.6,29.5,12.9
,,"Counterfeiting",433,313,100,20,,100,72.3,23.1,4.6
,"Other",,3744,1933,1551,260,,100,51.6,41.4,6.9
,,"Burglary",50,31,19,0,,100,62.0,38.0,0
,,"Larceny\d",1751,1080,531,140,,100,61.7,30.3,8.0
,,"Motor vehicle theft",827,389,411,27,,100,47.0,49.7,3.3
,,"Arson and explosives",676,251,398,27,,100,37.1,58.9,4.0
,,"Transportation of stolen property",150,80,61,9,,100,53.3,40.7,6.0
,,"Other property offenses\d",290,102,131,57,,100,35.2,45.2,19.7
"Drug offenses",,,30708,21548,6898,2262,,100,70.2,22.5,7.4
"Public-order offenses",,,29562,15974,9460,4128,,100,54.0,32.0,14.0
,"Regulatory",,4843,1396,3172,275,,100,28.8,65.5,5.7
,,"Agriculture",351,135,197,19,,100,38.5,56.1,5.4
,,"Antitrust",58,34,24,0,,100,58.6,41.4,0
,,"Food and drug",204,68,117,19,,100,33.3,57.4,9.3
,,"Transportation",328,141,179,8,,100,43.0,54.6,2.4
,,"Civil rights",1559,97,1459,3,,100,6.2,93.6,0.2
,,"Communications",102,31,66,5,,100,30.4,64.7,4.9
,,"Custom laws",375,173,164,38,,100,46.1,43.7,10.1
,,"Postal laws",252,117,59,76,,100,46.4,23.4,30.2
,,"Other regulatory offenses",1614,600,907,107,,100,37.2,56.2,6.6
,"Other",,24719,14578,6288,3853,,100,59.0,25.4,15.6
,,"Weapons",4673,2935,1601,137,,100,62.8,34.3,2.9
,,"Immigration offenses",6929,5830,324,775,,100,84.1,4.7,11.2
,,"Tax law violations\d",1403,862,509,32,,100,61.4,36.3,2.3
,,"Bribery",405,168,212,25,,100,41.5,52.3,6.2
,,"Perjury, contempt, and intimidation",681,283,367,31,,100,41.6,53.9,4.6
,,"National defense",267,93,142,32,,100,34.8,53.2,12.0
,,"Escape",3369,784,681,1904,,100,23.3,20.2,56.5
,,"Racketeering and extortion",3673,1718,1838,117,,100,46.8,50.0,3.2
,,"Gambling",275,162,104,9,,100,58.9,37.8,3.3
,,"Liquor offenses",21,14,7,0,,100,66.7,33.3,0
,,"Obscene material\d",32,15,13,4,,100,46.9,40.6,12.5
,,"Migratory birds",146,96,36,14,,100,65.8,24.7,9.6
,,"Conspiracy, aiding and abetting, traffic, and jurisdictional offenses",2517,1414,362,741,,100,56.2,14.4,29.4
,,"All other offenses\d",328,204,92,32,,100,62.2,28.0,9.8
"Unknown or indeterminable offense",,,1039,362,449,228,,100,34.8,43.2,21.9
,,,,,,,,,,,
"(SEE PRINTED REPORT FOR FOOTNOTES)",,,,,,,,,,,
