"Bureau of Justice Statistics",,,,,,,,
"filename:  sdna9805.csv",,,,,,,,
"Table 5.  Sources of funding for DNA laboratories, 1997-98",,,,,,,,
"title:  Survey of DNA Crime Laboratories, 1998 NCJ # 179104",,,,,,,,
"data source:  Survey of DNA Crime Laboratories, 1998",,,,,,,,
"author:  Greg W. Steadman",,,,,,,,
"refer questions to:  askbjs@ojp.usdoj.gov (202) 307-0765",,,,,,,,
"date of version:  2/14/00",,,,,,,,
,,,,,,,,
"Table 5.  Sources of funding for DNA laboratories, 1997-98",,,,,,,,
,,,,,,,,
,"Number of",,,,"Number of",,,
,"reported","Percent of budget, 1997",,,"reported","Percent of budget, 1998",,
,"budgets","Mean","Minimum","Maximum","budgets","Mean","Minimum","Maximum"
,,,,,,,,
"State",74,43%,0%,100%,75,43%,0%,100%
"County",74,22%,0%,100%,75,21%,0%,100%
"City",74,17%,0%,100%,75,14%,0%,100%
"Grants",74,14%,0%,100%,75,18%,0%,100%
"Other",74,4%,0%,90%,75,3%,0%,75%
