"Bureau of Justice Statistics",,,,,,,,,,,,,,,
"filename:  cv9952.csv",,,,,,,,,,,,,,,
"Table 52: Victimization rates for persons age 12 and over,",,,,,,,,,,,,,,,
"by type of crime and locality of residence of victims",,,,,,,,,,,,,,,
"data source: National Criminal Victimization Survey, 1999   NCJ 184938",,,,,,,,,,,,,,,
"produced by:  Cathy Maston ",,,,,,,,,,,,,,,
"authors:  Patsy Klaus and Cathy Maston",,,,,,,,,,,,,,,
"refer questions to:  askbjs@ojp.usdoj.gov     202-307-0765",,,,,,,,,,,,,,,
"date of version: 11/13/00",,,,,,,,,,,,,,,
,,,,,,,,,,,,,,,
,,,,,,,,,,,,,,,
"Table 52. Personal crimes, 1999:",,,,,,,,,,,,,,,
,,,,,,,,,,,,,,,
"Victimization rates for persons age 12 and over,",,,,,,,,,,,,,,,
"by type of crime and locality of residence of victims",,,,,,,,,,,,,,,
,,,,,,,,,,,,,,,
,,,,,,"                 Rates per 1,000 persons age 12 and over",,,,,,,,,
,,"            All",,,"Total",,,"                  50,000-249,999",,,,"              250,000-499,999",,,
"Type of crime         ",,"            areas",,"Urban",,"Suburban",,"Urban",,"Suburban",,"Urban",,"Suburban",
,,,,,,,,,,,,,,,
,,,,,,,,,,,,,,,
"Personal Crimes",,33.7,,41.5,,33.7,,42.2,,32.8,,42.1,,30.9,
,,,,,,,,,,,,,,,
"  Crimes of violence",,32.8,,39.8,,32.8,,41.2,,32.1,,40.6,,30.1,
"    Completed violence",,10.1,,13.7,,9.0,,12.2,,9.0,,14.2,,8.5,
"    Attempted/threatened violence",,22.6,,26.2,,23.8,,29.0,,23.1,,26.4,,21.6,
"    Rape/Sexual assault/a",,1.7,,2.3,,1.6,,3.4,,1.6,,1.9,"*",1.1,"*"
"    Robbery",,3.6,,6.7,,2.8,,2.4,,2.1,,7.1,,3.0,
"      Completed/property taken",,2.4,,4.5,,1.7,,1.8,,0.9,,4.7,,1.8,
"        With injury",,0.8,,1.4,,0.6,,0.6,"*",0.3,"*",1.5,"*",0.7,"*"
"        Without injury",,1.5,,3.1,,1.1,,1.1,"*",0.7,"*",3.2,,1.1,"*"
"      Attempted to take property",,1.2,,2.2,,1.1,,0.6,"*",1.2,,2.4,"*",1.2,
"        With injury",,0.3,,0.6,,0.3,,"0.0 ","*",0.4,"*",0.2,"*",0.3,"*"
"        Without injury",,0.9,,1.5,,0.8,,0.6,"*",0.7,"*",2.1,"*",0.9,"*"
"    Assault",,27.4,,30.9,,28.4,,35.4,,28.4,,31.6,,26.0,
"      Aggravated",,6.7,,8.5,,6.6,,6.3,,6.7,,10.7,,5.9,
"        With injury",,2.0,,2.9,,1.6,,2.2,,1.4,,3.5,,1.6,
"        Threatened with weapon",,4.7,,5.6,,5.1,,4.1,,5.3,,7.3,,4.3,
"      Simple",,20.8,,22.4,,21.7,,29.1,,21.7,,20.8,,20.1,
"        With minor injury",,4.4,,4.6,,4.6,,5.6,,5.3,,4.1,,4.2,
"        Without injury",,16.3,,17.8,,17.2,,23.5,,16.4,,16.7,,15.9,
"  Purse snatching/",,,,,,,,,,,,,,,
"    Pocket picking",,0.9,,1.6,,0.9,,1.0,"*",0.7,"*",1.5,"*",0.8,"*"
,,,,,,,,,,,,,,,
"Population age 12 and over",,224568370,,62576810,,105313560,,18469740,,31618040,,9847300,,25702200,
,,,,,,,,,,,,,,,
,,,,,,,,,,,,,,,
,,"                                             Rate per 1,000 persons age 12 and over",,,,,,,,,,,,,
,,"                     500,000-999,999",,,,"                  1,000,000 or more",,,,,,,,,
,,"Urban",,"Suburban",,"Urban",,"Suburban",,"Rural",,,,,
,,,,,,,,,,,,,,,
,,,,,,,,,,,,,,,
"Personal Crimes",,43.4,,34.9,,39.3,,36.8,,25.1,,,,,
,,,,,,,,,,,,,,,
"  Crimes of violence",,42.0,,33.9,,36.9,,35.6,,24.9,,,,,
"    Completed violence",,13.5,,9.4,,14.8,,9.1,,8.4,,,,,
"    Attempted/threatened violence",,28.6,,24.5,,22.0,,26.5,,16.5,,,,,
"    Rape/Sexual assault/a",,1.4,"*",1.6,,2.0,,2.3,,1.3,,,,,
"    Robbery",,8.8,,2.4,,8.9,,4.1,,1.7,,,,,
"      Completed/property taken",,5.7,,1.9,,6.0,,2.3,,1.3,,,,,
"        With injury",,2.1,"*",0.7,"*",1.5,,0.9,"*",0.6,,,,,
"        Without injury",,3.6,,1.2,,4.5,,1.4,"*",0.6,,,,,
"      Attempted to take property",,3.1,,0.5,"*",2.9,,1.8,,0.4,"*",,,,
"        With injury",,1.7,"*",0.1,"*",0.7,"*",0.3,"*",0.1,"*",,,,
"        Without injury",,1.4,"*",0.4,"*",2.1,,1.5,,0.3,"*",,,,
"    Assault",,31.8,,29.9,,26.0,,29.2,,22.0,,,,,
"      Aggravated",,9.5,,7.0,,8.7,,6.8,,4.8,,,,,
"        With injury",,2.7,,2.0,,3.3,,1.3,"*",1.8,,,,,
"        Threatened with weapon",,6.8,,5.1,,5.4,,5.5,,3.0,,,,,
"      Simple",,22.3,,22.9,,17.3,,22.3,,17.1,,,,,
"        With minor injury",,3.7,,4.4,,4.3,,4.1,,4.1,,,,,
"        Without injury",,18.5,,18.5,,12.9,,18.3,,13.0,,,,,
"  Purse snatching/",,,,,,,,,,,,,,,
"    Pocket picking",,1.4,"*",1.0,"*",2.4,,1.3,"*",0.2,"*",,,,
,,,,,,,,,,,,,,,
"Population age 12 and over",,13393870,,27461170,,20865900,,20532150,,56678000,,,,,
,,,,,,,,,,,,,,,
,,,,,,,,,,,,,,,
"Note: Detail may not add to total shown because of rounding.",,,,,,,,,,,,,,,
"The term ""Urban"" is used to denote ""Central cities.""",,,,,,,,,,,,,,,
"The term ""Suburban"" is used to denote ""Outside central cities.""",,,,,,,,,,,,,,,
"The term ""Rural"" is used to denote ""Nonmetropolitan areas.""",,,,,,,,,,,,,,,
"The population range categories shown for ""Urban"" and ""Suburban"" are based on the size of the core city",,,,,,,,,,,,,,,
"of a Metropolitan Statistical Area (MSA) and do not reflect the population of the entire MSA.",,,,,,,,,,,,,,,
"* Estimate is based on about 10 or fewer sample cases.",,,,,,,,,,,,,,,
"a/Includes verbal threats of rape and threats of sexual assault.",,,,,,,,,,,,,,,
