"Bureau of Justice Statistics",,,,,,,,,,,,,,,,
"filename:  cv9950.csv",,,,,,,,,,,,,,,,
"Table 50: Victimization rates for persons age 12 and over,",,,,,,,,,,,,,,,,
"by type of crime and number of years lived at current residence",,,,,,,,,,,,,,,,
"data source: National Criminal Victimization Survey, 1999   NCJ 184938",,,,,,,,,,,,,,,,
"produced by:  Cathy Maston ",,,,,,,,,,,,,,,,
"authors:  Patsy Klaus and Cathy Maston",,,,,,,,,,,,,,,,
"refer questions to:  askbjs@ojp.usdoj.gov     202-307-0765",,,,,,,,,,,,,,,,
"date of version: 11/13/00",,,,,,,,,,,,,,,,
,,,,,,,,,,,,,,,,
,,,,,,,,,,,,,,,,
"Table 50. Violent crimes, 1999:",,,,,,,,,,,,,,,,
,,,,,,,,,,,,,,,,
"Victimization rates for persons age 12 and over,",,,,,,,,,,,,,,,,
"by type of crime and number of years lived at current residence",,,,,,,,,,,,,,,,
,,,,,,,,,,,,,,,,
"       ",,"                                                                                            Rate per 1,000 persons age 12 and over",,,,,,,,,,,,,,
,,,,"  Less than",,"        6 months",,,,,,,,,,"       5 years"
"Type of crime",,"Total",,"  6 months/a",,"        to 1 year",,"          1 year",,"        2 years",,"        3 years",,"       4 years",,"       or more"
,,,,,,,,,,,,,,,,
,,,,,,,,,,,,,,,,
"  Crimes of violence",,32.8,,81.2,,57.7,,52.1,,34.9,,30.6,,26.7,,20.6
,,,,,,,,,,,,,,,,
"    Completed violence",,10.2,,28.9,,16.4,,14.7,,14.0,,10.1,,8.9,,5.5
"    Attempted/threatened violence",,22.7,,52.3,,41.3,,37.4,,20.8,,20.6,,17.8,,15.1
"    Rape/Sexual assault/b",,1.7,,5.5,,3.6,,2.8,,2.0,,1.9,,1.1,"*",0.7
"    Robbery",,3.6,,7.8,,7.5,,6.9,,4.0,,4.3,,2.9,,2.0
"      Completed/property taken",,2.3,,4.5,,4.7,,5.5,,2.9,,2.9,,2.7,,1.2
"      Attempted to take property",,1.3,,3.3,,2.9,,1.4,"*",1.1,"*",1.4,"*",0.2,"*",0.8
"    Assault",,27.5,,67.9,,46.6,,42.4,,28.9,,24.4,,22.7,,17.9
"      Aggravated",,6.7,,21.3,,11.9,,9.3,,6.2,,6.9,,4.8,,3.8
"        With injury",,2.0,,6.8,,2.5,,2.5,,2.6,,1.5,"*",0.5,"*",1.3
"        Threatened with weapon",,4.7,,14.5,,9.3,,6.7,,3.7,,5.4,,4.4,,2.6
"      Simple",,20.8,,46.6,,34.7,,33.1,,22.6,,17.5,,17.9,,14.0
"        With minor injury",,4.5,,13.3,,6.3,,4.7,,6.8,,3.9,,5.1,,2.5
"        Without injury",,16.3,,33.3,,28.5,,28.4,,15.8,,13.6,,12.8,,11.5
,,,,,,,,,,,,," ",," ",
"Total population",,223138720,,19037630,,14444890,,16392800,,20360340,,16060560,,11476580,,125365910
"  age 12 and over",,,,,,,,,,,,,,,,
,,,,,,,,,,,,,,,,
"Note:  Detail may not add to total shown because of rounding.",,,,,,,,,,,,,,,,
"Excludes data on persons whose mobility was not ascertained.",,,,,,,,,,,,,,,,
"* Estimate is based on about 10 or fewer sample cases.",,,,,,,,,,,,,,,,
"a/These numbers are unbounded estimates. ",,,,,,,,,,,,,,,,
"b/Includes verbal threats of rape and threats of sexual assault.",,,,,,,,,,,,,,,,
