"Bureau of Justice Statistics",,,,,,,,,,,,,,,,,,,,,,
"filename:  scs9621.csv",,,,,,,,,,,,,,,,,,,,,,
"table #:  Table 2.1.  Demographic characteristics of persons convicted of felonies by State courts, by offense, 1996",,,,,,,,,,,,,,,,,,,,,,
"report title:  State Court Sentencing of Convicted Felons, 1996; NCJ 175708",,,,,,,,,,,,,,,,,,,,,,
"data source:  National Judicial Reporting Program, 1996",,,,,,,,,,,,,,,,,,,,,,
"authors:  David J. Levin, Patrick A. Langan, & Jodi M. Brown ",,,,,,,,,,,,,,,,,,,,,,
"refer questions to:  askbjs@ojp.usdoj.gov  (202) 307-0765",,,,,,,,,,,,,,,,,,,,,,
"date of version:  May 14, 1999",,,,,,,,,,,,,,,,,,,,,,
,,,,,,,,,,,,,,,,,,,,,,
,,,,,,,,,,,,,,,,,,,,,,
"Please note: The source table starting in A16 was used to generate data for the second table.",,,,,,,,,,,,,,,,,,,,,,
"Lotus formulas in the percent table starting in A40 are active,  changing the data in the source ",,,,,,,,,,,,,,,,,,,,,,
"table will change the data in the  published table.",,,,,,,,,,,,,,,,,,,,,,
"Table 2.1.  Demographic characteristics of persons convicted of felonies by State courts, by offense, 1996",,,,,,,,,,,,,,,,,,,,,,
,,,,,,,,,,,,,,,,,,,,,,
"Source table",,,,,,,,,,,,,,,,,,,,,,
"Count",,,,,,,,,,,,,,,,,,,,,,
,,,,,,,,,,"Number of convicted felons",,,,,,,,,,,,
,,"Sex",,,,,"Race",,,,,,,,,"Age at sentencing",,,,,,
"Most serious conviction offense","male",,"female",,"white",,"black",,"other",,"13-19",,"20-29",,"30-39",,"40-49",,"50-59",,"60+",
"All Offenses",656812,,125267,,323327,,268219,,11188,,64695,,300042,,240055,,102759,,22096,,6386,
"Violent Offenses",124482,,10928,,53332,,47740,,2252,,15419,,52958,,34728,,15134,,4477,,2132,
"Murder/a",8510,,820,,3373,,4132,,147,,1145,,4207,,1802,,869,,263,,142,
"Sexual assault/b",23317,,348,,12800,,4999,,485,,1320,,7212,,6984,,3940,,1781,,1012,
"Robbery",33008,,2415,,9255,,18815,,515,,6860,,14432,,6772,,1729,,261,,23,
"Aggravated assault",50164,,6327,,22850,,17692,,945,,5412,,22750,,15678,,6980,,1721,,737,
"Other violent/c",9483,,1018,,5054,,2101,,159,,683,,4357,,3492,,1616,,451,,219,
"Property Offenses",175634,,52878,,108586,,70770,,3980,,24296,,91926,,70149,,27786,,5088,,1196,
"Burglary",67378,,5343,,36407,,21271,,1288,,11692,,30470,,19299,,6399,,847,,146,
"Larceny/d",71622,,21837,,42382,,30422,,1984,,9758,,37068,,29560,,11962,,2597,,570,
"Fraud/e",36634,,25697,,29796,,19076,,708,,2847,,24388,,21290,,9425,,1645,,479,
"Drug Offenses",235256,,47948,,96935,,113865,,3079,,15495,,108031,,93258,,41138,,7423,,1576,
"Possession",86359,,20570,,38108,,37613,,1366,,4549,,37870,,42215,,18089,,2917,,550,
"Trafficking",148897,,27378,,58828,,76252,,1713,,10946,,70162,,51043,,23049,,4506,,1027,
"Weapons offenses",25311,,1088,,8594,,12050,,197,,2950,,11060,,6339,,2759,,814,,243,
"Other offenses/f",96129,,12426,,55881,,23794,,1681,,6534,,36067,,35582,,15942,,4293,,1239,
,,,,,,,,,,,,,,,,,,,,,,
,,,,,,,,,,,,,,,,,,,,,,
"Percent",,,,,,,,,,,,,,,,,,,,,,
"Table 2.1.  Demographic characteristics of persons convicted of felonies by State courts, by offense, 1996",,,,,,,,,,,,,,,,,,,,,,
,,,,,,,,,,"Percent of convicted felons",,,,,,,,,,,,
,,"Sex",,,,,"Race",,,,,,,,,"Age at sentencing",,,,,,
"Most serious conviction offense","male",,"female",,"white",,"black",,"other",,"13-19",,"20-29",,"30-39",,"40-49",,"50-59",,"60+",
"All Offenses",84,"%",16,"%",54,"%",44,"%",2,"%",9,"%",41,"%",33,"%",14,"%",3,"%",1,"%"
"Violent Offenses",92,"%",8,"%",52,"%",46,"%",2,"%",12,"%",42,"%",28,"%",12,"%",4,"%",2,"%"
"Murder/a",91,,9,,44,,54,,2,,14,,50,,21,,10,,3,,2,
"Sexual assault/b",99,,1,,70,,27,,3,,6,,32,,31,,18,,8,,5,
"Robbery",93,,7,,32,,66,,2,,23,,48,,23,,6,,1,,0,
"Aggravated assault",89,,11,,55,,43,,2,,10,,43,,29,,13,,3,,1,
"Other violent/c",90,,10,,69,,29,,2,,6,,40,,32,,15,,4,,2,
"Property Offenses",77,"%",23,"%",59,"%",39,"%",2,"%",11,"%",42,"%",32,"%",13,"%",2,"%",1,"%"
"Burglary",93,,7,,62,,36,,2,,17,,44,,28,,9,,1,,0,
"Larceny/d",77,,23,,56,,41,,3,,11,,41,,32,,13,,3,,1,
"Fraud/e",59,,41,,60,,38,,1,,5,,41,,35,,16,,3,,1,
"Drug Offenses",83,"%",17,"%",45,"%",53,"%",2,"%",6,"%",40,"%",35,"%",15,"%",3,"%",1,"%"
"Possession",81,,19,,49,,49,,2,,4,,36,,40,,17,,3,,1,
"Trafficking",84,,16,,43,,56,,1,,7,,44,,32,,14,,3,,1,
"Weapons offenses",96,"%",4,"%",41,"%",58,"%",1,"%",12,"%",46,"%",26,"%",11,"%",3,"%",1,"%"
"Other offenses/f",89,"%",11,"%",69,"%",29,"%",2,"%",7,"%",36,"%",36,"%",16,"%",4,"%",1,"%"
,,,,,,,,,,,,,,,,,,,,,,
"Note:  Data on sex were available for 782,079 cases; on race, 602,734; and on age 736,117.",,,,,,,,,,,,,,,,,,,,,,
"Racial categories include Hispanics",,,,,,,,,,,,,,,,,,,,,,
"-- Less than 0.5%.",,,,,,,,,,,,,,,,,,,,,,
"a/ Includes nonnegligent manslaughter.",,,,,,,,,,,,,,,,,,,,,,
"b/ Includes rape.",,,,,,,,,,,,,,,,,,,,,,
"c/ Includes offenses such as negligent manslaughter and kidnaping.",,,,,,,,,,,,,,,,,,,,,,
"d/ Includes motor vehicle theft.",,,,,,,,,,,,,,,,,,,,,,
"e/ Includes forgery and embezzlement.",,,,,,,,,,,,,,,,,,,,,,
"f/ Composed of nonviolent offenses such as receiving stolen property and vandalism.",,,,,,,,,,,,,,,,,,,,,,
