"Bureau of Justice Statistics",,,,,,
"filename:  scs9623.csv",,,,,,
"table #:  Table 2.3.  Average age of convicted felons in State courts, by offense, 1996",,,,,,
"report title:  State Court Sentencing of Convicted Felons, 1996; NCJ 175708",,,,,,
"data source:  National Judicial Reporting Program, 1996",,,,,,
"authors:  David J. Levin, Patrick A. Langan, & Jodi M. Brown ",,,,,,
"refer questions to:  askbjs@ojp.usdoj.gov  (202) 307-0765",,,,,,
"date of version:  May 14, 1999",,,,,,
,,,,,,
"Table 2.3.  Average age of convicted felons in State courts, by offense, 1996",,,,,,
,,,,,,
,,,,"Average",,
"Most serious",,,,"age in years",,
"conviction offense",,,"Mean",,"Median",
,,"All offenses",31,"yr",30,"yr"
"Violent offenses",,,30,"yr",28,"yr"
,"Murder/a",,29,,25,
,"Sexual assault/b",,35,,33,
,"Robbery",,26,,24,
,"Aggravated assault",,31,,29,
,"Other violent/c",,32,,31,
"Property Offenses",,,30,"yr",29,"yr"
,"Burglary",,28,,26,
,"Larceny/d",,30,,29,
,"Fraud/e",,32,,31,
"Drug Offenses",,,31,"yr",30,"yr"
,"Possession",,32,,32,
,"Trafficking",,31,,29,
"Weapons offenses",,,30,"yr",27,"yr"
"Other offenses/f",,,32,"yr",31,"yr"
,,,,,,
"a/ Includes nonnegligent manslaughter.",,,,,,
"b/ Includes rape.",,,,,,
"c/ Includes offenses such as negligent manslaughter and kidnaping.",,,,,,
"d/ Includes motor vehicle theft.",,,,,,
"e/ Includes forgery and embezzlement.",,,,,,
"f/ Composed of nonviolent offenses such as receiving stolen property and vandalism.",,,,,,
