Bureau of Justice Statistics,,,,,,,,,,,,,,
Filename: pim07f05.csv,,,,,,,,,,,,,,
Figure 5: Percentage of all commitments to state prisons for parole violators,,,,,,,,,,,,,,
Report title: Prison Inmates at Midyear 2007 NCJ 221944,,,,,,,,,,,,,,
"Data source: National Prisoner Statistics, 1A",,,,,,,,,,,,,,
Authors: William J. Sabol and Heather Couture,,,,,,,,,,,,,,
Refer questions to: askbjs@usdoj.gov   202-307-0765,,,,,,,,,,,,,,
"Date of version: May 15, 2008",,,,,,,,,,,,,,

Figure 5. Percentage of all commitments to state prisons for parole violators,,,,,,,,,,,,,,
,12 months ending December 31,,,,,,,,,,,,,
,2000,,2001,,2002,,2003,,2004,,2005,,2006,
All states,35,%,36.3,%,33.9,%,33.1,%,33.9,%,34.3,%,34.6,%
Excluding California,25.9,,27.1,,25,,24.9,,27.2,,27.6,,27,
