Bureau of Justice Statistics,,,,,,,,
Filename: pim07t10.csv,,,,,,,,
"Table 10:Estimated number of inmates held in state or federal prison or in local jails per 100,000 residents, by gender, race, Hispanic origin, and age, June 30, 2007",,,,,,,,
Report title: Prison Inmates at Midyear 2007 NCJ 221944,,,,,,,,
"Data source: National Prisoner Statistics, 1A",,,,,,,,
Authors: William J. Sabol and Heather Couture,,,,,,,,
Refer questions to: askbjs@usdoj.gov   202-307-0765,,,,,,,,
"Date of version: May 15, 2008",,,,,,,,

"Table 10. Estimated number of inmates held in state or federal prison or in local jails per 100,000 residents, by gender, race, Hispanic origin, and age, June 30, 2007",,,,,,,,
,Male,,,,Female,,,
Age,Total/a,White/b,Black/b,Hispanic,Total/a,White/b,Black/b,Hispanic
Total,"1,406",773,"4,618","1,747",136,95,348,146
18-19,"1,995","1,016","5,710","2,383",133,90,245,187
20-24,"3,256","1,631","9,692","4,043",304,226,612,357
25-29,"3,286","1,686","10,384","3,607",311,233,697,310
30-34,"3,317","1,904","10,688","3,388",369,288,893,313
35-39,"2,844","1,704","9,577","2,824",371,278,957,309
40-44,"2,496","1,566","8,148","2,489",297,205,808,256
45-49,"1,630",968,"5,665","2,025",157,103,449,167
50-54,940,569,"3,300","1,342",74,54,183,94
55-59,571,394,"1,751",995,35,26,64,76
60-64,313,242,890,628,16,12,51,22
65 or older,111,84,373,195,4,4,7,4
"Note: Based on the U.S. resident population estimates for July 1, 2007, by gender, race, Hispanic origin, and age. Detailed categories exclude persons who reported two or more races.",,,,,,,,
"a/Includes American Indians, Alaska Natives, Asians, Native Hawaiians, and other Pacific Islanders, and persons identifying two or more races.",,,,,,,,
b/Excludes persons of Hispanic or Latino origin.,,,,,,,,
