Bureau of Justice Statistics,,,,,
Filename: pim07t11.csv,,,,,
"Table 11: Total change in number of persons held in custody in prison or local jail, June 30, 2000 to 2007",,,,,
Report title: Prison Inmates at Midyear 2007 NCJ 221944,,,,,
"Data source: National Prisoner Statistics, 1A",,,,,
Authors: William J. Sabol and Heather Couture,,,,,
Refer questions to: askbjs@usdoj.gov   202-307-0765,,,,,
"Date of version: May 15, 2008",,,,,

"Table 11. Total change in number of persons held in custody in prison or local jail, June 30, 2000 to 2007",,,,,
,,,Total,Percent,
Total/a,,,"367,200",100,%
,Males,,"315,100",85.8,%
,,White/b,"91,800",25,
,,Black/b,"23,100",6.3,
,,Hispanic,"120,000",32.7,
,Females,,"52,100",14.2,%
,,White/b,"32,900",9,
,,Black/b,"-1,900",-0.5,
,,Hispanic,"12,600",3.4,
Note: Numbers are estimated and rounded to the nearest 100.,,,,,
"a/Includes American Indians, Alaska Natives, Asians, Native Hawaiians, and other Pacific Islanders, and persons identifying two or more races.",,,,,
b/Excludes persons of Hispanic or Latino origin.,,,,,
