Bureau of Justice Statistics,,,,,,,
Filename: pim07at12.csv,,,,,,,
"Appendix table 12: Reported number of inmates under age 18 held in state prisons,by region and jurisdiction, and gender, June 30, 2006, and June 30, 2007",,,,,,,
Report title: Prison Inmates at Midyear 2007 NCJ 221944,,,,,,,
"Data source: National Prisoner Statistics, 1A",,,,,,,
Authors: William J. Sabol and Heather Couture,,,,,,,
Refer questions to: askbjs@usdoj.gov   202-307-0765,,,,,,,
"Date of version: May 15, 2008",,,,,,,

"Appendix table 12. Reported number of inmates under age 18 held in state prisons,by region and jurisdiction, and gender, June 30, 2006, and June 30, 2007",,,,,,,
,,30-Jun-06,,,30-Jun-07,,
Region and jurisdiction,,Total,Male,Female,Total,Male,Female
,State,"2,364","2,260",104,"2,280","2,189",91
Northeast,,714,681,33,788,752,36
,Connecticut/a,425,405,20,444,417,27
,Maine,0,0,0,0,0,0
,Massachusetts,4,3,1,4,3,1
,New Hampshire,1,0,1,0,0,0
,New Jersey/b,17,17,0,21,21,0
,New York,219,211,8,248,243,5
,Pennsylvania,38,36,2,60,58,2
,Rhode Island/a,5,5,0,5,5,0
,Vermont/a,5,4,1,6,5,1
Midwest,,447,430,17,422,405,17
,Illinois,103,95,8,/,/,/
,Indiana,27,25,2,52,51,1
,Iowa,17,17,0,15,15,0
,Kansas,13,12,1,10,10,0
,Michigan,112,112,0,149,144,5
,Minnesota,11,11,0,10,10,0
,Missouri,38,37,1,21,17,4
,Nebraska,8,8,0,13,12,1
,North Dakota,1,1,0,0,0,0
,Ohio,64,63,1,93,93,0
,South Dakota/b,1,0,1,5,4,1
,Wisconsin,52,49,3,54,49,5
South,,"1,036",988,48,836,804,32
,Alabama,70,67,3,108,106,2
,Arkansas,17,17,0,19,19,0
,Delaware/a,23,23,0,28,28,0
,Florida,221,210,11,/,/,/
,Georgia/b,61,57,4,65,60,5
,Kentucky,0,0,0,0,0,0
,Louisiana/b,9,9,0,11,11,0
,Maryland,68,66,2,38,35,3
,Mississippi,38,37,1,72,71,1
,North Carolina/b,188,176,12,161,152,9
,Oklahoma,5,4,1,6,6,0
,South Carolina,129,121,8,123,120,3
,Tennessee,14,14,0,25,25,0
,Texas,162,156,6,150,141,9
,Virginia,31,31,0,30,30,0
,West Virginia,~,~,~,~,~,~
West,,167,161,6,234,228,6
,Alaska/a,4,4,0,10,10,0
,Arizona,112,111,1,129,125,4
,California/b,~,~,~,~,~,~
,Colorado,33,29,4,37,35,2
,Hawaii/a,1,1,0,1,1,0
,Idaho,3,2,1,1,1,0
,Montana,0,0,0,0,0,0
,Nevada,/,/,/,47,47,0
,New Mexico,0,0,0,0,0,0
,Oregon,6,6,0,/,/,/
,Utah,5,5,0,5,5,0
,Washington/b,0,0,0,3,3,0
,Wyoming,3,3,0,1,1,0
/Not reported.,,,,,,,
~Not applicable.,,,,,,,
a/Prisons and jails formed one integrated system. Data included total jail and prison populations.,,,,,,,
b/Counts include those held in privately operated facilities.,,,,,,,
