Bureau of Justice Statistics,,,,,,,,,,,,,,,,,
Filename: pim07at10.csv,,,,,,,,,,,,,,,,,
"Appendix table 10: Estimated percentage of persons held in state or federal prisons or local jails, by gender, race, Hispanic origin, and age, June 30, 2007",,,,,,,,,,,,,,,,,
Report title: Prison Inmates at Midyear 2007 NCJ 221944,,,,,,,,,,,,,,,,,
"Data source: National Prisoner Statistics, 1A",,,,,,,,,,,,,,,,,
Authors: William J. Sabol and Heather Couture,,,,,,,,,,,,,,,,,
Refer questions to: askbjs@usdoj.gov   202-307-0765,,,,,,,,,,,,,,,,,
"Date of version: May 15, 2008",,,,,,,,,,,,,,,,,

"Appendix table 10. Estimated percentage of persons held in state or federal prisons or local jails, by gender, race, Hispanic origin, and age, June 30, 2007",,,,,,,,,,,,,,,,,
,Male,,,,,,,,Female,,,,,,,,
Age,Total/a,,White/b,,Black/b,,Hispanic,,Total/a,,White/b,,Black/b,,Hispanic,,
18-19,4.1,%,3.6,%,4.5,%,4.3,%,2.6,%,2.4,%,2.2,%,4,%,
20-24,16.9,,14.3,,17.9,,19.5,,14.9,,14.7,,13.3,,19,,
25-29,16.9,,14.1,,17.6,,20.4,,15.4,,15,,14.8,,17.8,,
30-34,15.7,,14.5,,15.4,,18,,17,,17,,17.2,,17.8,,
35-39,14.5,,15,,14.5,,13.4,,18.7,,18.9,,19.5,,16.2
40-44,13.1,,15.1,,12.7,,10.2,,15.7,,15.5,,17.2,,12.1
45-49,8.8,,10.3,,8.7,,6.8,,8.7,,8.7,,9.6,,6.9
50-54,4.6,,5.7,,4.4,,3.4,,3.8,,4.3,,3.4,,3.1
55-59,2.4,,3.5,,1.8,,1.8,,1.6,,1.9,,1,,1.9
60-64,1,,1.7,,0.6,,0.8,,0.6,,0.7,,0.6,,0.3
65 or older,0.8,,1.4,,0.6,,0.5,,0.4,,0.6,,0.1,,0.3
Note: Detailed categories exclude persons who reported two or more race. Totals do not sum to 100%. ,,,,,,,,,,,,,,,
Percentage of inmates under 18 years is not shown.,,,,,,,,,,,,,,,
"a/Includes American Indians, Alaska Natives, Asians, Native Hawaiians, and other Pacific Islanders.",,,,,,,,,,,,,,,
b/Excludes persons of Hispanic or Latino origin.,,,,,,,,,,,,,,,
