Bureau of Justice Statistics,,,,,,,,
Filename: pim07at04.csv,,,,,,,,
"Appendix table 4.  Female prisoners under the jurisdiction of state or federal correctional authorities, by region and jurisdiction, December 31, 2000 and 2006, and June 30, 2007",,,,,,,,
Report title: Prison Inmates at Midyear 2007 NCJ 221944,,,,,,,,
"Data source: National Prisoner Statistics, 1A",,,,,,,,
Authors: William J. Sabol and Heather Couture,,,,,,,,
Refer questions to: askbjs@usdoj.gov   202-307-0765,,,,,,,,
"Date of version: May 15, 2008",,,,,,,,

"Appendix table 4. Female prisoners under the jurisdiction of state or federal correctional authorities, by region and jurisdiction, December 31, 2000 and 2006, and June 30, 2007",,,,,,,,
,,Number of prisoners,,,Average annual change,,Percent change,
Region and jurisdiction,,12/31/2000,12/31/2006,6/30/2007,12/31/2000-12/31/2006,,12/31/2006-6/30/2007,
U.S. Total/a,,"93,234","112,474","115,308",3.2,%,2.5,%
,Federal ,"10,245","12,975","13,572",4,,4.6,
,State/a,"82,989","99,499","101,736",3.1,,2.2,
Northeast,,"9,082","9,730","9,869",1.2,%,1.4,%
,Connecticut/b,"1,406","1,594","1,610",2.1,,1,
,Maine,66,145,135,14,,-6.9,
,Massachusetts,663,846,851,4.1,,0.6,
,New Hampshire,120,172,194,6.2,,12.8,
,New Jersey,"1,650","1,428","1,412",-2.4,,-1.1,
,New York,"3,280","2,859","2,837",-2.3,,-0.8,
,Pennsylvania,"1,579","2,249","2,403",6.1,,6.8,
,Rhode Island/b,238,280,278,2.7,,-0.7,
,Vermont/b,80,157,149,11.9,,-5.1,
Midwest,,"14,598","17,674","18,047",3.2,%,2.1,%
,Illinois,"2,849","2,720",/,-0.8,,:,
,Indiana,"1,452","2,167","2,269",6.9,,4.7,
,Iowa/c,592,791,763,4.9,,-3.5,
,Kansas,504,638,653,4,,2.4,
,Michigan,"2,131","2,170","2,101",0.3,,-3.2,
,Minnesota,368,562,648,7.3,,15.3,
,Missouri,"1,993","2,579","2,512",4.4,,-2.6,
,Nebraska,266,413,415,7.6,,0.5,
,North Dakota,68,157,144,15,,-8.3,
,Ohio,"2,808","3,701","3,891",4.7,,5.1,
,South Dakota,200,350,396,9.8,,13.1,
,Wisconsin,"1,367","1,426","1,477",0.7,,3.6,
South,,"39,652","47,088","48,453",2.9,%,2.9,%
,Alabama,"1,826","2,050","2,171",1.9,,5.9,
,Arkansas,772,"1,042","1,067",5.1,,2.4,
,Delaware/b,597,573,639,-0.7,,11.5,
,District of Columbia/d,356,~,~,~,,~,
,Florida,"4,105","6,489","6,691",7.9,,3.1,
,Georgia/c,"2,758","3,557","3,530",4.3,,-0.8,
,Kentucky,"1,061","2,058","2,378",11.7,,15.5,
,Louisiana,"2,219","2,389","2,399",1.2,,0.4,
,Maryland,"1,219","1,081","1,169",-2,,8.1,
,Mississippi,"1,669","1,789","1,882",1.2,,5.2,
,North Carolina,"1,903","2,686","2,710",5.9,,0.9,
,Oklahoma,"2,394","2,547","2,618",1,,2.8,
,South Carolina,"1,420","1,603","1,651",2,,3,
,Tennessee,"1,369","1,958","1,989",6.1,,1.6,
,Texas,"13,622","13,799","13,957",0.2,,1.1,
,Virginia,"2,059","2,893","2,986",5.8,,3.2,
,West Virginia,303,574,616,11.2,,7.3,
West,,"19,657","25,007","25,367",4.1,%,1.4,%
,Alaska/b,284,518,621,10.5,,19.9,
,Arizona/c,"1,964","3,156","3,279",8.2,,3.9,
,California,"11,161","11,977","12,117",1.2,,1.2,
,Colorado,"1,333","2,302","2,327",9.5,,1.1,
,Hawaii/b,561,734,755,4.6,,2.9,
,Idaho,493,777,798,7.9,,2.7,
,Montana,306,361,302,2.8,,-16.3,
,Nevada,846,"1,136","1,155",5,,1.7
,New Mexico,511,667,620,4.5,,-7
,Oregon,596,"1,020","1,044",9.4,,2.4
,Utah,381,620,637,8.5,,2.7
,Washington,"1,065","1,496","1,474",5.8,,-1.5
,Wyoming,156,243,238,7.7,,-2.1
/Not reported.,,,,,,,
:Not calculated.,,,,,,,
~ Not applicable. See footnote d.,,,,,,,
a/Totals estimated. Illinois did not provide data.,,,,,,,
b/Prisons and jails form one integrated system. Data include total jail and prison populations.,,,,,,,
c/Population based on custody counts.,,,,,,,
"d/As of December 31, 2001, sentenced felons from the District of Columbia were the responsibility of the Federal Bureau of Prisons.",,,,,,,
