Bureau of Justice Statistics,,,,,
Filename: pim07t13.csv,,,,,
"Table 13: Number of persons under age 18 held in state prisons, June 30, 2000-2007",,,,,
Report title: Prison Inmates at Midyear 2007 NCJ 221944,,,,,
"Data source: National Prisoner Statistics, 1A",,,,,
Authors: William J. Sabol and Heather Couture,,,,,
Refer questions to: askbjs@usdoj.gov   202-307-0765,,,,,
"Date of version: May 15, 2008",,,,,

"Table 13. Number of persons under age 18 held in state prisons, June 30, 2000-2007",,,,,
Year,Total,,Male,,Female
2000,"3,896",,"3,721",,175
2001,"3,147",,"3,010",,137
2002,"3,038",,"2,927",,111
2003,"2,741",,"2,627",,114
2004,"2,485",,"2,375",,110
2005,"2,208",,"2,118",,90,
2006/a,"2,364",,"2,260",,104,
2006/b,"2,390",,"2,286",,104,
2007/a,"2,280",,"2,189",,91,
2007/b,"2,639",,"2,523",,116,
"Average annual change, 2000-2006",,,,,,
,-8,%,-8,%,-8.3,%
a/Totals based on numbers reported by states.  ,,,,,,
"b/Estimated totals. Nevada did not provide data on juveniles in custody at midyear 2006.  Florida, Illinois, and Oregon did not provide data on juveniles in custody at midyear 2007. See Methodology.",,,,,,
