Bureau of Justice Statistics,,,,,,,
Filename: pim07t01.csv,,,,,,,
"Table 1: Prisoners under state or federal jurisdiction, by selected characteristics, December 31, 2000 and 2006, and June 30, 2007",,,,,,,
Report title: Prison Inmates at Midyear 2007 NCJ 221944,,,,,,,
"Data source: National Prisoner Statistics, 1A",,,,,,,
Authors: William J. Sabol and Heather Couture,,,,,,,
Refer questions to: askbjs@usdoj.gov   202-307-0765,,,,,,,
"Date of version: May 15, 2008",,,,,,,

"Table 1. Prisoners under state or federal jurisdiction, by selected characteristics, December 31, 2000 and 2006, and June 30, 2007",,,,,,,
,,,Number of prisoners,,,Percent,
,,,12/31/2000,12/31/2006,6/30/2007,6/30/2007,
Total/a,,,"1,391,261","1,570,115","1,595,034",100,%
,Federal,,"145,416","193,046","199,118",12.5,
,State,,"1,245,845","1,377,069","1,395,916",87.5,
,Gender,,,,,,
,,Male,"1,298,027","1,457,641","1,479,726",92.8,%
,,Female,"93,234","112,474","115,308",7.2,
,Sentence length,,,,,,
,,More than 1 year,"1,331,278","1,502,179","1,528,041",95.8,%
,,1 year or less/b,"59,983","67,936","66,993",4.2,
,Sentenced imprisonment rate/c,,,,,,
,,Total,478,501,509,,
,,Male,915,943,957,,
,,Female,59,68,69,,
a/Includes prisoners under the authority of state or federal correctional officials regardless of the facility in which they were held.,,,,,,,
b/Includes unsentenced prisoners.,,,,,,,
"c/Imprisonment rates are based on U.S. Census Bureau population estimates per 100,000 U.S. residents. Resident population estimates are as of January 1 for yearend and July 1 for midyear.",,,,,,,
