Bureau of Justice Statistics,,,,,,,
Filename: pim07at11.csv,,,,,,,
"Appendix table 11: Reported number of non-U.S. citizens held in state or federal prisons, by region and jurisdiction, and gender, June 30, 2006 and June 30, 2007",,,,,,,
Report title: Prison Inmates at Midyear 2007 NCJ 221944,,,,,,,
"Data source: National Prisoner Statistics, 1A",,,,,,,
Authors: William J. Sabol and Heather Couture,,,,,,,
Refer questions to: askbjs@usdoj.gov   202-307-0765,,,,,,,
"Date of version: May 15, 2008",,,,,,,

"Appendix table 11. Reported number of non-U.S. citizens held in state or federal prisons, by region and jurisdiction, and gender, June 30, 2006 and June 30, 2007",,,,,,,
,,"June 30, 2006",,,"June 30, 2007",,
Region and jurisdiction,,Total,Male,Female,Total,Male,Female
U.S. Total,,"91,053","87,353","3,700","87,226","83,657","3,569"
,Federal ,"33,701","31,556","2,145","31,469","29,348","2,121"
,State,"57,352","55,797","1,555","55,757","54,309","1,448"
Northeast,,"9,361","9,011",350,"9,055","8,726",329
,Connecticut/a,956,881,75,788,734,54
,Maine,10,10,0,15,14,1
,Massachusetts,915,863,52,958,917,41
,New Hampshire,55,51,4,52,49,3
,New Jersey,/,/,/,/,/,/
,New York/b,"6,912","6,699",213,"6,716","6,496",220
,Pennsylvania,497,492,5,507,500,7
,Rhode Island/a,/,/,/,/,/,/
,Vermont/a,16,15,1,19,16,3
Midwest,,"4,343","4,227",116,"3,238","3,135",103
,Illinois,"1,277","1,245",32,/,/,/
,Indiana,388,381,7,450,439,11
,Iowa,189,186,3,200,195,5
,Kansas,264,261,3,281,276,5
,Michigan,664,655,9,621,614,7
,Minnesota,304,294,10,284,275,9
,Missouri/b,409,385,24,447,423,24
,Nebraska,185,185,0,175,174,1
,North Dakota,7,6,1,16,15,1
,Ohio,603,577,26,699,660,39
,South Dakota,53,52,1,65,64,1
,Wisconsin,/,/,/,/,/,/
South,,"19,182","18,612",570,"16,169","15,717",452
,Alabama,52,52,0,108,105,3
,Arkansas,165,165,0,174,168,6
,Delaware/a,263,255,8,307,295,12
,Florida,"5,987","5,731",256,/,/,/
,Georgia,888,872,16,"1,906","1,849",57
,Kentucky,/,/,/,44,43,1
,Louisiana,108,99,9,107,100,7
,Maryland/b,488,463,25,570,549,21
,Mississippi,~,~,~,~,~,~
,North Carolina,"1,299","1,272",27,"1,461","1,430",31
,Oklahoma/c,283,271,12,339,326,13
,South Carolina,224,218,6,309,303,6
,Tennessee/b,180,173,7,233,227,6
,Texas,"9,227","9,025",202,"9,422","9,185",237
,Virginia,/,/,/,"1,187","1,135",52
,West Virginia,18,16,2,2,2,0
West,,"24,466","23,947",519,"27,295","26,731",564
,Alaska/a,11,11,0,14,14,0
,Arizona,"4,432","4,352",80,"4,874","4,797",77
,California/d,"15,849","15,528",321,"18,447","18,060",387
,Colorado/b,"1,137","1,108",29,"1,123","1,093",30
,Hawaii/a,103,95,8,99,94,5
,Idaho,233,217,16,292,282,10
,Montana,6,6,0,5,5,0
,Nevada,/,/,/,"1,053","1,029",24
,New Mexico,122,121,1,156,156,0
,Oregon,"1,292","1,244",48,/,/,/
,Utah,258,255,3,223,220,3
,Washington,951,938,13,945,918,27
,Wyoming,72,72,0,64,63,1
/Not reported.,,,,,,,
~Not applicable.,,,,,,,
a/Prisons and jails form one integrated system. Data included total jail and prison populations.,,,,,,,
b/Non-U.S. citizen defined as foreign-born.,,,,,,,
c/Non-U.S. citizen defined as inmates held by U.S. Immigration and Customs Enforcement (ICE) or categorized as being of alien status.,,,,,,,
d/Non-U.S. citizen defined as inmates held by U.S. Immigration and Customs Enforcement (ICE).,,,,,,,
