Bureau of Justice Statistics,,,,,,,,
Filename: pim07t07.csv,,,,,,,,
"Table 7: Number of prisoners under jurisdiction in local jails, June 30, 2001-2007",,,,,,,,
Report title: Prison Inmates at Midyear 2007 NCJ 221944,,,,,,,,
"Data source: National Prisoner Statistics, 1A",,,,,,,,
Authors: William J. Sabol and Heather Couture,,,,,,,,
Refer questions to: askbjs@usdoj.gov   202-307-0765,,,,,,,,
"Date of version: May 15, 2008",,,,,,,,

"Table 7. Number of prisoners under jurisdiction in local jails, June 30, 2001-2007",,,,,,,,
,Number of prisoners,,,,,,,
Year,Total,,Federal,,State,,Percent of all prisoners,
2001,"67,901",,"2,923",,"64,978",,4.8,%
2002,"71,248",,"3,336",,"67,912",,5,
2003,"73,698",,"1,379",,"72,319",,4.9,
2004,"76,067",,"1,066",,"75,001",,5.1,
2005,"75,993",,"1,066",,"74,927",,5
2006,"77,903",,"1,882",,"76,021",,5
2007,"79,688",,"2,125",,"77,563",,5
"Average annual change, 2000-2006",,,,,,,
,2.8,%,-8.4,%,3.2,%,
"Percent change, 2006-2007",,,,,,,
,2.3,,12.9,,2,,
Note: Jurisdiction counts for prisoners in local jails were not collected at midyear 2000.,,,,,,,
