"Bureau of Justice Statistics",,,,,,,,,,,,,,,,,,
"Filename:  orfp9704.csv",,,,,,,,,,,,,,,,,,
"Table 4.  Reason for return to Federal prison, by supervision requirement and offense of conviction, 1986-97",,,,,,,,,,,,,,,,,,
"Report title:  Offenders Returning to Federal Prison, 1986-97    NCJ  182991",,,,,,,,,,,,,,,,,,
"Data source:  Federal Justice Statistics Program",,,,,,,,,,,,,,,,,,
"Refer questions to:  askbjs@ojp.usdoj.gov  202-307-0765",,,,,,,,,,,,,,,,,,
"Authors:  William J. Sabol, Ph.D., William P. Adams, Barbara Parthasarathy, Yan Yuan -- The Urban Institute",,,,,,,,,,,,,,,,,,
"Contact:  John Scalia",,,,,,,,,,,,,,,,,,
"Date of version:  9/8/00",,,,,,,,,,,,,,,,,,
,,,,,,,,,,,,,,,,,,
,,,,,,,,,,,,,,,,,,
,,,,,,,,,,,,,,,,,,
,,,,,,,,,,,,,,,,,,
,,,,,,,,,,,,,,,,,,
"Table 4.  Reason for return to Federal prison, by supervision requirement and offense of conviction, 1986-97",,,,,,,,,,,,,,,,,,
,,,,,,,,,,,,,,,,,,
,,,"Released onto parole or supervised release",,,,,,,,,,"Not released onto supervision",,,,,
,,,"Percentage returning for:",,,,,,,,,,"Percentage returning for:",,,,,
,,"Number ",,,,,"Technical ",,,,,"Number ",,,,,,
"Offense of conviction",,"released","All reasons",,"New crimes",,"violations",,"Other reasons",,,"released","All reasons",,"New crimes",,"Other reasons",
"All offenses*",,130494,18.4,"%",2.7,"%",15.5,"%",0.2,"%",,84769,11.7,"%",8.1,"%",3.6,"%"
"Violent",,11337,34.9,,4.2,,30.0,,0.7,,,1699,15.1,,5.9,,9.2,
,"Robbery",8362,37.2,,4.5,,32.0,,0.7,,,518,21.8,,6.2,,15.6,
,"Other violent",2975,28.5,,3.2,,24.6,,0.7,,,1181,12.2,,5.8,,6.4,
"Property",,33038,19.9,,2.5,,17.2,,0.2,,,15390,9.6,,2.5,,7.1,
,"Fraud",16324,15.8,,2.4,,13.3,,0.1,,,7646,7.5,,2.1,,5.4,
,"Other property",16714,23.9,,2.6,,21.1,,0.2,,,7744,11.7,,2.9,,8.8,
"Drugs",,61592,14.0,,1.8,,12.2,,0.1,,,11136,9.7,,2.2,,7.4,
"Public order",,23818,19.7,,4.6,,14.8,,0.3,,,55384,12.6,,11,,1.6,
,"Weapons",7095,28.0,,3.1,,24.6,,0.3,,,2108,11.2,,4.1,,7.2,
,"Immigration",5480,21.3,,11.8,,9.3,,0.2,,,44229,13.8,,13.1,,0.8,
,"Other public order",11243,13.6,,2.0,,11.4,,0.3,,,9047,7,,2.5,,4.5,
,,,,,,,,,,,,,,,,,,
"* Includes offenders with an indeterminable offense category",,,,,,,,,,,,,,,,,,
"Data source: Federal Bureau of Prisons, SENTRY data file, 1986-1997.",,,,,,,,,,,,,,,,,,
