"Bureau of Justice Statistics",,,,,,,,,,,,
"Filename:  orfp97f3.csv",,,,,,,,,,,,
"Figure  3.  Time served by offenders returning to Federal prison within 3 years of release from a ",,,,,,,,,,,,
"    U.S. district court commitment, by offense of conviction and applicable sentencing policy, 1986-97",,,,,,,,,,,,
"Report title:  Offenders Returning to Federal Prison, 1986-97    NCJ  182991",,,,,,,,,,,,
"Data source:  Federal Justice Statistics Program",,,,,,,,,,,,
"Refer questions to:  askbjs@ojp.usdoj.gov  202-307-0765",,,,,,,,,,,,
"Authors:  William J. Sabol, Ph.D., William P. Adams, Barbara Parthasarathy, Yan Yuan -- The Urban Institute",,,,,,,,,,,,
"Contact:  John Scalia",,,,,,,,,,,,
"Date of version:  9/8/00",,,,,,,,,,,,
,,,,,,,,,,,,
,,,,,,,,,,,,
,,,,,,,,,,,,
,,,,,,,,,,,,
,,,,,,,,,,,,
"Figure  3.  Time served by offenders returning to Federal prison within 3 years of release from a ",,,,,,,,,,,,
"U.S. district court commitment, by offense of conviction and applicable sentencing policy, 1986-97",,,,,,,,,,,,
,,,,,,,,,,,,
,,,,,,,,,,,,
,,,,,,"Applicable sentencing policy",,,,,,
,,,,"Total",,,"Old law",,,,"New law",
,,,,"Average expected",,,,"Average expected",,,,"Average expected"
"Return offense of conviction",,"Number returned",," length of stay (mos.)",,"Number returned",,"length of stay (mos.)",,"Number returned",,"length of stay (mos.)"
"All offenses*",,33791,,16.0,,13321,,15.1,,20470,,16.5
"Violent",,4253,,27.5,,2691,,21.1,,1562,,38.6
,"Robbery",3279,,29.3,,2202,,20.8,,1077,,46.7
,"Other violent",974,,21.5,,489,,22.5,,485,,20.5
"Property",,7876,,12.3,,3440,,14.2,,4436,,10.9
,"Fraud",3136,,12.0,,1111,,14.1,,2025,,10.9
,"Other property",4740,,12.6,,2329,,14.2,,2411,,11.0
"Drugs",,9718,,19.8,,4236,,14.9,,5482,,23.5
"Public order",,11815,,11.2,,2909,,11.0,,8906,,11.2
,"Weapons",2160,,16.6,,612,,15.2,,1548,,17.2
,"Immigration",7312,,8.8,,1362,,7.2,,5950,,9.2
,"Other public order",2343,,13.5,,935,,13.9,,1408,,13.3
,,,,,,,,,,,,
"Note:  Does not include offenders who returned for reasons other than a new crime or a supervision violation",,,,,,,,,,,,
"*Includes offenders with an indeterminable offense category.",,,,,,,,,,,,
" ",,,,,,,,,,,,
"Data source: Federal Bureau of Prisons, SENTRY data file, 1986-1997.",,,,,,,,,,,,
