"Bureau of Justice Statistics",,,
"Filename:  orfp97h.csv",,,
"Table:  'Highlights Figure. Proportion of offenders returning to Federal prison, by year of release and time since release, 1986-97",,,
"Report title:  Offenders Returning to Federal Prison, 1986-97    NCJ  182991",,,
"Data source:  Federal Justice Statistics Program",,,
"Refer questions to:  askbjs@ojp.usdoj.gov  202-307-0765",,,
"Authors:  William J. Sabol, Ph.D., William P. Adams, Barbara Parthasarathy, Yan Yuan -- The Urban Institute",,,
"Contact:  John Scalia",,,
"Date of version:  9/8/00",,,
,,,
,,,
,,,
,,,
,,,
"Highlights Figure. Proportion of offenders returning to Federal prison, by year of release and time since release, 1986-97",,,
,,,
,"Percent of releasees returning to Federal prison --",,
"Year of release","Within 1 year","Within 2 years","Within 3 years"
1986,4.3,8.5,11.4
1987,5,9.8,12.9
1988,5.2,10.1,13.5
1989,6.5,11.2,14.5
1990,7.1,12.1,15.6
1991,7.9,13.6,17.4
1992,7.7,14.2,18.2
1993,7.7,14.1,18.2
1994,7.6,14.1,18.6
1995,7.7,14.3,
1996,6.4,,
,,,
"Data source:  Federal Bureau of Prisons, SENTRY data file, 1986-97",,,
