"Bureau of Justice Statistics",,,
"Filename:  orfp9703.csv",,,
"Table 3.  Offenders returning to Federal prison within 3 years of release from a ",,,
"U.S. district court commitment, by demographic characteristics, 1986-97",,,
"Report title:  Offenders Returning to Federal Prison, 1986-97    NCJ  182991",,,
"Data source:  Federal Justice Statistics Program",,,
"Refer questions to:  askbjs@ojp.usdoj.gov  202-307-0765",,,
"Authors:  William J. Sabol, Ph.D., William P. Adams, Barbara Parthasarathy, Yan Yuan -- The Urban Institute",,,
"Contact:  John Scalia",,,
"Date of version:  9/8/00",,,
,,,
,,,
,,,
"Table 3.  Offenders returning to Federal prison within 3 years of release from a ",,,
"U.S. district court commitment, by demographic characteristics, 1986-97",,,
,,,
,,"Number of ",
"Characteristic",,"first releases","Percent returned"
"Total*",,215263,15.7
,,,
"Gender",,,
,"Male",192452,16.2
,"Female",22382,11.6
,,,
"Race",,,
,"White",168733,13.4
,"Black",41290,24.4
,"Other",5240,21.6
,,,
"Hispanic",,,
,"Non-Hispanic",81093,13.7
,"Hispanic",133741,17.0
,,,
"Age",,,
,"Under 21",9538,13.9
,"21 to 40",148504,17.7
,"Over 40",56783,11.0
,,,
"Citizenship",,,
,"Citizen",80992,11.1
,"Noncitizen",133842,18.5
,,,
"*Includes observations for which gender, race, ehtnicity, age, or citizens may have been missing.",,,
"Data source:  Federal Bureau of Prisons, SENTRY data file, 1986-97",,,
