"Bureau of Justice Statistics",,,,,,,,,,,
"Filename:  orfp9705.csv",,,,,,,,,,,
"Table 5.  Offenders returning to Federal prison within 3 years of release from a ",,,,,,,,,,,
"U.S. district court commitment, by time served and applicable sentencing policy, 1986-97",,,,,,,,,,,
"Report title:  Offenders Returning to Federal Prison, 1986-97    NCJ  182991",,,,,,,,,,,
"Data source:  Federal Justice Statistics Program",,,,,,,,,,,
"Refer questions to:  askbjs@ojp.usdoj.gov  202-307-0765",,,,,,,,,,,
"Authors:  William J. Sabol, Ph.D., William P. Adams, Barbara Parthasarathy, Yan Yuan -- The Urban Institute",,,,,,,,,,,
"Contact:  John Scalia",,,,,,,,,,,
"Date of version:  9/8/00",,,,,,,,,,,
,,,,,,,,,,,
,,,,,,,,,,,
,,,,,,,,,,,
"Table 5.  Offenders returning to Federal prison within 3 years of release from a ",,,,,,,,,,,
"U.S. district court commitment, by time served and applicable sentencing policy, 1986-97",,,,,,,,,,,
,,,,,,,,,,,
,,,,,"Applicable sentencing policy",,,,,,
,"All offenders",,,,"Old law",,,,"New law",,
"Time served","First releases","Percent returned",,,"First releases","Percent returned",,,"First releases","Percent returned",
"Total",215263,15.7,"%",,111577,13.7,"%",,103686,17.9,"%"
"Less than 1 year",105976,13.7,,,45558,10.7,,,60418,16.0,
"1 to 2 years",45841,17.1,,,21309,11.5,,,24532,22.0,
"2 to 3 years",27888,15.7,,,17799,13.1,,,10089,20.3,
"3 to 5 years",23828,17.4,,,16183,17.4,,,7645,17.4,
"More than 5 years",11730,25.3,,,10728,26.2,,,1002,15.2,
,,,,,,,,,,,
"Data source: Federal Bureau of Prisons, SENTRY data file, 1986-1997.",,,,,,,,,,," "
