"Bureau of Justice Statistics",,,,,,
"Filename:  cp00a4.csv",,,,,,
"Appendix table 4.  Executions, by State and method, 1977-2000",,,,,,
"Report title: Capital Punishment 2000 NCJ 190598",,,,,,
"Data source: National Prisoner Statistics (NPS-8)",,,,,,
"Author:  Tracy L. Snell",,,,,,
"Refer questions to: askbjs@ojp.usdoj.gov (202) 307-0765",,,,,,
"Date of version: 11/28/01",,,,,,
,,,,,,
,,,,,,
"Appendix table 4.  Executions, by State and method, 1977-2000",,,,,,
,,,,,,
,,,,,,
"State","Number executed","Lethal injection","Electrocution","Lethal gas","Hanging","Firing squad"
,,,,,,
"Total",683,518,149,11,3,2
,,,,,,
"Alabama",23,0,23,0,0,0
"Arizona",22,20,0,2,0,0
"Arkansas",23,22,1,0,0,0
"California",8,6,0,2,0,0
"Colorado",1,1,0,0,0,0
"Delaware",11,10,0,0,1,0
"Florida",50,6,44,0,0,0
"Georgia",23,0,23,0,0,0
"Idaho",1,1,0,0,0,0
"Illinois",12,12,0,0,0,0
"Indiana",7,4,3,0,0,0
"Kentucky",2,1,1,0,0,0
"Louisiana",26,6,20,0,0,0
"Maryland",3,3,0,0,0,0
"Mississippi",4,0,0,4,0,0
"Missouri",46,46,0,0,0,0
"Montana",2,2,0,0,0,0
"Nebraska",3,0,3,0,0,0
"Nevada",8,7,0,1,0,0
"North Carolina",16,14,0,2,0,0
"Ohio",1,1,0,0,0,0
"Oklahoma",30,30,0,0,0,0
"Oregon",2,2,0,0,0,0
"Pennsylvania",3,3,0,0,0,0
"South Carolina",25,20,5,0,0,0
"Texas",1,1,0,0,0,0
"Utah",239,239,0,0,0,0
"Virginia",6,4,0,0,0,2
"Washington",81,55,26,0,0,0
"Wyoming",3,1,0,0,2,0
,1,1,0,0,0,0
"Note:  Lethal injection was used in 76% of the executions carried out.  Fourteen States -- ",,,,,,
"Arizona, Arkansas, California, Delaware, Florida, Indiana, Kentucky, Louisiana, Nevada",,,,,,
"North Carolina, South Carolina, Utah, Virginia, and Washington -- have employed 2 methods.",,,,,,
