"Bureau of Justice Statistics",,,,,,,,,
"Filename:  cp00a1.csv",,,,,,,,,
"Appendix table 1.  Prisoners sentenced to death and the outcome sentence, by year of sentencing, 1973-2000",,,,,,,,,
"Report title: Capital Punishment 2000 NCJ 190598",,,,,,,,,
"Data source: National Prisoner Statistics (NPS-8)",,,,,,,,,
"Author:  Tracy L. Snell",,,,,,,,,
"Refer questions to: askbjs@ojp.usdoj.gov (202) 307-0765",,,,,,,,,
"Date of version: 11/28/01",,,,,,,,,
,,,,,,,,,
,,,,,,,,,
"Appendix table 1.  Prisoners sentenced to death and the outcome sentence, by year of sentencing, 1973-2000",,,,,,,,,
,,,,,,,,,
,,"Number of prisoners removed from under sentence of death      ",,,,,,,"Under"
,"Number","       ",,"Appeal or higher courts overturned",,,,"Other or","sentence "
,"sentenced ","  ","Other","Death pen-  ",,"   ","Sentence","unknown","of death,"
"Year of sentence","to death","Execution","death","alty statute","Conviction","Sentence","commuted","reasons","12/31/2000"
,,,,,,,,,
1973,42,2,0,14,9,8,9,0,0
1974,149,10,4,65,15,30,22,1,2
1975,298,6,4,171,24,67,21,2,3
1976,233,14,5,136,17,43,15,0,3
1977,137,19,3,40,26,32,7,0,10
1978,185,35,6,21,36,62,8,0,17
,,,,,,,,,
1979,152,28,13,2,28,58,5,1,17
1980,173,42,13,3,29,48,7,0,31
1981,224,51,13,0,42,73,5,1,39
1982,266,55,14,0,36,68,7,1,85
1983,252,57,15,1,26,59,7,2,85
1984,285,51,10,2,39,61,6,8,108
,,,,,,,,,
1985,267,34,6,1,42,69,4,3,108
1986,300,47,19,0,45,52,6,5,126
1987,289,38,15,5,36,57,2,6,130
1988,292,37,12,0,33,54,3,0,153
1989,259,26,10,0,29,50,4,0,140
1990,253,26,8,0,33,37,2,0,147
,,,,,,,,,
1991,266,21,9,0,31,33,3,0,169
1992,288,21,9,0,21,36,5,0,196
1993,289,20,11,0,17,22,5,0,214
1994,318,14,7,0,21,23,2,0,251
1995,320,16,8,0,15,21,1,0,259
,,,,,,,,,
1996,318,9,4,0,14,27,1,0,263
1997,278,1,3,0,13,9,0,0,252
1998,303,3,2,0,3,3,0,0,292
1999,280,0,0,0,1,0,0,0,279
2000,214,0,0,0,0,0,0,0,214
,,,,,,,,,
"Total,",,,,,,,,,
"1973-2000",6930,683,223,461,681,1102,157,30,3593
,,,,,,,,,
,,,,,,,,,
"Note:  For those persons sentenced to death more than once, the numbers are based on the most recent death sentence.",,,,,,,,,
