"Bureau of Justice Statistics",,,,,,,,,,
"Filename:  cp0012.csv",,,,,,,,,,
"Table 12.  Time under sentence of death  and execution, by race, 1977-2000",,,,,,,,,,
"Report title: Capital Punishment 2000 NCJ 190598",,,,,,,,,,
"Data source: National Prisoner Statistics (NPS-8)",,,,,,,,,,
"Author:  Tracy L. Snell",,,,,,,,,,
"Refer questions to: askbjs@ojp.usdoj.gov (202) 307-0765",,,,,,,,,,
"Date of version: 11/28/01",,,,,,,,,,
,,,,,,,,,,
,,,,,,,,,,
"Table 12.  Time under sentence of death  and execution, by race, 1977-2000",,,,,,,,,,
,,,,,,,,,,
,"     ",,,,"Average elapsed time from",,,,,
"Year of","Number executed   ",,,,"sentence to execution for:",,,,,
"execution","All races*","White","Black",,"All races*",,"White",,"Black",
,,,,,,,,,,
"    Total",,,,,,"mos.",," mos.",," mos."
,,,,,,,,,,
"1977-83",11,9,2,,51," mos.",49," mos.",58," mos."
1984,21,13,8,,74,,76,,71,
1985,18,11,7,,71,,65,,80,
1986,18,11,7,,87,,78,,102,
1987,25,13,12,,86,,78,,96,
1888,11,6,5,,80,,72,,89,
1989,16,8,8,,95,,78,,112,
1990,23,16,7,,95,,97,,91,
1991,14,7,7,,116,,124,,107,
1992,31,19,11,,114,,104,,135,
1993,38,23,14,,113,,112,,121,
1994,31,20,11,,122,,117,,132,
1995,56,33,22,,134,,128,,144,
1996,45,31,14,,125,,112,,153,
1997,74,45,27,,133,,126,,147,
1998,68,48,18,,130,,128,,132,
1999,98,61,33,,143,,143,,141,
2000,85,49,35,,137,,134,,142,
,,,,,,,,,,
"Note:  Average time was calculated from the most recent sentencing date.",,,,,,,,,,
"*Includes American Indians and Asians.",,,,,,,,,,
