"Bureau of Justice Statistics",,,,,,,,
"Filename:  cp0011.csv",,,,,,,,
"Table 11.  Prisoners under sentence of death who were executed or received other dispositions, by race and Hispanic origin, 1977-2000",,,,,,,,
"Report title: Capital Punishment 2000 NCJ 190598",,,,,,,,
"Data source: National Prisoner Statistics (NPS-8)",,,,,,,,
"Author:  Tracy L. Snell",,,,,,,,
"Refer questions to: askbjs@ojp.usdoj.gov (202) 307-0765",,,,,,,,
"Date of version: 11/28/01",,,,,,,,
,,,,,,,,
,,,,,,,,
"Table 11.  Prisoners under sentence of death who were executed or received other dispositions, by race and Hispanic origin, 1977-2000",,,,,,,,
,,,,,,,,
,,,,,,"Prisoners who received",,
,"Total under",,"Prisoners executed       ",,,"other dispositions \a",,
,"sentence of ",,"  ","Percent",,"  ","      Percent",
"Race/Hispanic origin \b","death, 1977-2000 \c",,"Number","of total \d",,"Number","      of total \d",
,,,,,,,,
"   Total",6588,,683,10.4,"%",2312,35.1,"%"
,,,,,,,,
"White",3243,,377,11.6,,1187,36.6,"%"
"Black",2722,,246,9.0,,956,35.1,
"Hispanic",524,,49,9.4,,136,26.0,
"Other",99,,11,11.1,,33,33.3,
,,,,,,,,
,,,,,,,,
"a/ Includes persons removed from a sentence of death because of statutes struck down on appeal, sentences or convictions",,,,,,,,
"vacated, commutations, or death by other than execution.",,,,,,,,
"b/ White, black, and other categories exclude Hispanics.",,,,,,,,
"c/ Includes persons sentenced to death prior to 1977  who were still under sentence of death on 12/31/00 (8), ",,,,,,,,
"persons sentenced to death prior to 1977 whose death sentence was removed between 1977 and 12/31/00 (372),",,,,,,,,
"and persons sentenced to death between 1977 and 12/31/00 (6,208).",,,,,,,,
