Bureau of Justice Statistics,,,,,,,,,,,,,,,,,
filename:  ncrp0603.csv,,,,,,,,,,,,,,,,,
"Table 3. Parole violators returned to state prison, 2006:  Offense, by age at admission",,,,,,,,,,,,,,,,,
"data source:  National Corrections Reporting Program, 2006",,,,,,,,,,,,,,,,,
author:  Tom Bonczar ,,,,,,,,,,,,,,,,,
refer questions to:  askbjs@usdoj.gov      202-307-0765,,,,,,,,,,,,,,,,,
date of version 5/25/10,,,,,,,,,,,,,,,,,
,,,, ,,,,,,,,,,,,,
"Table 3. Parole violators returned to state prison, 2006:  Offense, by age at admission",,,,,,,,,,,,,,,,,
,,,,,,,,,,,,,,,,,
,,,,Age at admission for parole violators returned to state prison,,,,,,,,,,,,,
,,,,Under 18,,18-24,,25-29,,30-34,,35-44,,45-54,,55 or older,
,All offenses,,,100,%,100,%,100,%,100,%,100,%,100,%,100,%
Violent offenses,,,,41.2,%,24.6,%,25,%,24.5,%,21.8,%,21.6,%,26.9,%
,Homicide,,,0,,0.6,,1.2,,1.7,,1.5,,1.7,,3.6,
,,Murder/nonnegligent manslaughter,,0,,0.4,,0.9,,1.3,,1.1,,1.3,,2.8,
,,,Murder,0,,0.3,,0.6,,0.8,,0.8,,1,,2.3,
,,,Nonnegligent manslaughter,0,,0.1,,0.3,,0.4,,0.3,,0.3,,0.5,
,,Negligent manslaughter,,0,,0.2,,0.3,,0.4,,0.4,,0.4,,0.7,
,,Unspecified homicide,,0,,0,*,0,*,0,*,0,*,0,*,0.1,
,Kidnapping,,,0,,0.6,,0.5,,0.5,,0.5,,0.5,,0.3,
,Rape,,,0,,0.5,,0.7,,0.8,,1,,1.4,,1.9,
,Other sexual assault,,,0,,2.4,,2.6,,2.6,,2.8,,3.8,,8,
,Robbery,,,29.4,,8.8,,7.9,,7,,6.7,,6.1,,5.8,
,Assault,,,11.8,,10.1,,10.5,,10,,7.7,,6.9,,6.3,
,Other violent,,,0,,1.5,,1.7,,1.8,,1.5,,1.2,,1,
Property offenses,,,,23.5,%,38.3,%,32.6,%,30.6,%,34,%,32.1,%,28.9,%
,Burglary,,,5.9,,14.9,,12,,10.5,,12.4,,12.5,,10.7,
,Larceny ,,,11.8,,5.7,,5.5,,5.8,,8.8,,10.4,,10.9,
,Motor vehicle theft,,,0,,9.6,,6.8,,5.8,,4.6,,2.6,,1.7,
,Arson,,,0,,0.2,,0.4,,0.3,,0.3,,0.3,,0.7,
,Fraud,,,0,,2.9,,3.7,,4.6,,4.6,,3.6,,3.6,
,Stolen property,,,0,,3.2,,3.1,,2.9,,2.7,,2,,1.1,
,Other property,,,5.9,,1.7,,1.1,,0.7,,0.7,,0.5,,0.3,
Drug offenses,,,,11.8,%,25.4,%,31.2,%,33.7,%,33.9,%,35.9,%,33.1,%
,Possession,,,5.9,,8.2,,9.4,,10.6,,10.2,,9.1,,6.5,
,Trafficking,,,0,,12,,14.5,,15.5,,15.2,,15.5,,15.1,
,Other/unspecified drug,,,5.9,,5.2,,7.2,,7.6,,8.5,,11.3,,11.5,
Public-order offenses,,,,11.8,%,11,%,10.5,%,10.6,%,9.9,%,9.9,%,10.8,%
,Weapons,,,0,,6.9,,5.7,,4.5,,2.7,,1.9,,1.7,
,Driving while intoxicated,,,0,,0.3,,1,,1.8,,2.6,,3.8,,5.1,
,Other public-order,,,11.8,,3.7,,3.8,,4.3,,4.5,,4.3,,4,
Other offenses,,,,11.8,%,0.8,%,0.7,%,0.6,%,0.5,%,0.4,%,0.3,%
,Number of admissions,,,17,,"21,368",,"31,287",,"24,797",,"51,436",,"25,495",,"4,577",
,,,,,,,,,,,,,,,,,
Detail may not add to total because of rounding.,,,,,,,,,,,,,,,,,
*Less than 0.05%.,,,,,,,,,,,,,,,,,
,,,,,,,,,,,,,,,,,
,,,,,,,,,,,,,,,,,
 ,,,,,,,,,,,,,,,,,
