Bureau of Justice Statistics,,,,,,,,
Filename:  scs02311.csv,,,,,,,,
"Report title:  State Court Sentencing of Convicted Felons, 2002 - Statistical Tables; NCJ 208910",,,,,,,,
Data source:  2002 National Judicial Reporting Program,,,,,,,,
"Authors:  Matthew Durose, Patrick Langan",,,,,,,,
Refer questions to:   askbjs@usdoj.gov   (202) 307-0765,,,,,,,,
"Date of version:  April 15, 2005",,,,,,,,

"Table 3.11.  Felons sentenced to probation in State courts, by offense and age at sentencing, 2002",,,,,,,,

,Percent of felons' age group who received a probation sentence,,,,,,,
Most serious conviction offense,Under 20,,20-29,,30-39,,40 or older,

All offenses,67,%,58,%,55,%,56,%
Violent offenses,57,%,48,%,48,%,52,%
Murder /a,26,,18,,19,,23,
Sexual assault /b,66,,52,,47,,45,
Robbery,51,,37,,30,,33,
Aggravated assault,63,,56,,55,,59,
Other violent /c,73,,52,,54,,58,
Property offenses,73,%,64,%,57,%,55,%
Burglary,72,,59,,46,,44,
Larceny /d,72,,63,,55,,53,
Fraud /e,83,,71,,67,,66,
Drug offenses,68,%,59,%,57,%,58,%
Possession,68,,62,,62,,62,
Trafficking,69,,58,,53,,54,
Weapon offenses,55,%,46,%,46,%,54,%
Other offenses /f,68,%,60,%,55,%,58,%

"Note: This table is based on an estimated 744,317 cases.  In this table persons are counted as probation cases so long as their sentences included probation and without regard to whether a term of incarceration was also included.",,,,,,,,
a/ Includes nonnegligent manslaughter. ,,,,,,,,
b/ Includes rape.
c /Includes offenses such as negligent manslaughter and kidnaping.
d/ Includes motor vehicle theft.
e/ Includes forgery and embezzlement.
f/ Composed of nonviolent offenses such as receiving stolen property and vandalism.
