Bureau of Justice Statistics,,,,,,,,,,
Filename:  scs0233.csv,,,,,,,,,,
"Report title:  State Court Sentencing of Convicted Felons, 2002 - Statistical Tables; NCJ 208910",,,,,,,,,,
Data source:  2002 National Judicial Reporting Program,,,,,,,,,,
"Authors:  Matthew Durose, Patrick Langan",,,,,,,,,,
Refer questions to:   askbjs@usdoj.gov   (202) 307-0765,,,,,,,,,,
"Date of version:  April 15, 2005",,,,,,,,,,

"Table 3.3.  Average probation sentence lengths of felons convicted in State courts, by offense, 2002",,,,,,,,,,

,,Probation sentence (in months) in case of --,,,,,,,,
,,,,,,,Split sentence,,,
Most serious conviction offense,Total,,Straight probation,,Total,,Prison,,Jail,
Mean sentence,,,,,,,,,,
All offenses,40,mo,38,mo,39,mo,45,mo,37,mo
Violent offenses,49,mo,43,mo,47,mo,61,mo,41,mo
Murder /a,75,,76,,76,,82,,54,
Sexual assault /b,66,,54,,62,,76,,56,
Robbery,53,,52,,53,,58,,46,
Aggravated assault,43,,39,,41,,55,,37,
Other violent /c,41,,37,,40,,50,,37,
Property offenses,40,mo,37,mo,39,mo,43,mo,38,mo
Burglary,43,,40,,42,,46,,41,
Larceny /d,35,,36,,36,,35,,35,
Fraud /e,42,,36,,39,,48,,37,
Drug offenses,39,mo,36,mo,38,mo,42,mo,36,mo
Possession,33,,33,,33,,36,,31,
Trafficking,43,,39,,41,,47,,40,
Weapon offenses,32,mo,35,mo,33,mo,29,mo,33,mo
Other offenses /f,35,mo,37,mo,36,mo,37,mo,34,mo
Median sentence,,,,,,,,,,
All offenses,36,mo,36,mo,36,mo,36,mo,36,mo
Violent offenses,36,mo,36,mo,36,mo,36,mo,36,mo
Murder /a,60,,60,,60,,60,,60,
Sexual assault /b,48,,36,,36,,60,,36,
Robbery,36,,60,,48,,48,,36,
Aggravated assault,36,,36,,36,,36,,36,
Other violent /c,36,,36,,36,,36,,36,
Property offenses,36,mo,36,mo,36,mo,36,mo,36,mo
Burglary,36,,36,,36,,36,,36,
Larceny /d,36,,36,,36,,30,,36,
Fraud /e,36,,36,,36,,32,,36,
Drug offenses,36,mo,36,mo,36,mo,30,mo,36,mo
Possession,24,,36,,30,,24,,36,
Trafficking,36,,36,,36,,36,,36,
Weapon offenses,30,mo,30,mo,30,mo,24,mo,36,mo
Other offenses /f,34,mo,36,mo,36,mo,24,mo,36,mo

Note: See note on table 3.1.
a/ Includes nonnegligent manslaughter. 
b/ Includes rape.
c/ Includes offenses such as negligent manslaughter and kidnaping.
d/ Includes motor vehicle theft.
e/ Includes forgery and embezzlement.
f/ Composed of nonviolent offenses such as receiving stolen property and vandalism.
