Bureau of Justice Statistics,,,,,,,,
Filename:  scs0216.csv,,,,,,,,
"Report title:  State Court Sentencing of Convicted Felons, 2002 - Statistical Tables; NCJ 208910",,,,,,,,
Data source:  2002 National Judicial Reporting Program,,,,,,,,
"Authors:  Matthew Durose, Patrick Langan",,,,,,,,
Refer questions to:   askbjs@usdoj.gov   (202) 307-0765,,,,,,,,
"Date of version:  April 15, 2005",,,,,,,,

"Table 1.6.  Distribution of the number of felony convictions for persons sentenced in State courts, by most serious offense, 2002",,,,,,,,

,,,Percent of felons sentenced for -- ,,,,,
Most serious conviction offense,Total,,One felony conviction,,Two felony convictions,,Three or more felony convictions,
All offenses,100,%,72,%,18,%,10,%
Violent offenses,100,%,64,%,22,%,14,%
Murder /a,100,,60,,22,,18,
Sexual assault /b,100,,63,,22,,15,
Robbery,100,,63,,22,,15,
Aggravated assault,100,,64,,23,,13,
Other violent /c,100,,74,,18,,8,
Property offenses,100,%,68,%,19,%,13,%
Burglary,100,,57,,24,,19,
Larceny /d,100,,79,,16,,5,
Fraud /e,100,,65,,19,,16,
Drug offenses,100,%,75,%,17,%,8,%
Possession,100,,81,,13,,6,
Trafficking,100,,71,,20,,9,
Weapon offenses,100,%,73,%,18,%,9,%
Other offenses /f,100,%,83,%,13,%,4,%
,,,Number of felons sentenced for --,,,,,
Most serious conviction offense,Total,,One felony conviction,,Two felony convictions,,Three or more felony convictions,
All offenses,1051002,,755445,,191363,,104194,
Violent offenses,197029,,126711,,44013,,26306,
Murder /a,8993,,5359,,2019,,1615
Sexual assault /b,35500,,22407,,7864,,5228
Robbery,38425,,24178,,8354,,5892
Aggravated assault,95599,,61017,,22394,,12188
Other violent /c,18512,,13749,,3381,,1383
Property offenses,325196,,220276,,63142,,41778
Burglary,100635,,57240,,24160,,19236
Larceny /d,124320,,97939,,19411,,6971
Fraud /e,100240,,65098,,19572,,15571
Drug offenses,340335,,254274,,58472,,27590
Possession,127529,,103140,,16552,,7837
Trafficking,212807,,151135,,41919,,19753
Weapon offenses,32467,,23783,,5878,,2807
Other offenses /f,155974,,130401,,19859,,5714

"Note:  This table is based on an estimated 1,051,002 cases.  The number of convictions pertains to current, not past, convictions.",,,,,,,
a/ Includes nonnegligent manslaughter.
b/ Includes rape.
c/ Includes offenses such as negligent manslaughter and kidnaping.
d/ Includes motor vehicle theft.
e/ Includes forgery and embezzlement.
f/ Composed of nonviolent offenses such as receiving stolen property and vandalism.
