Bureau of Justice Statistics,,,,,,,,
Filename:  scs02212.csv,,,,,,,,
"Report title:  State Court Sentencing of Convicted Felons, 2002 - Statistical Tables; NCJ 208910",,,,,,,,
Data source:  2002 National Judicial Reporting Program,,,,,,,,
"Authors:  Matthew Durose, Patrick Langan",,,,,,,,
Refer questions to:   askbjs@usdoj.gov   (202) 307-0765,,,,,,,,
"Date of version:  April 15, 2005",,,,,,,,

"Table 2.12.  Mean length of State felony sentences to incarceration or prison, by gender, race, and offense, 2002",,,,,,,,

,Mean sentence length (in months) for persons who were -- ,,,,,,,
,,White,,,,Black,,
Most serious conviction offense,Male,,Female,,Male,,Female,

Sentenced to incarceration /a,,,,,,,,
All offenses,36,mo,23,mo,46,mo,27,mo
Violent offenses,63,mo,38,mo,82,mo,51,mo
Murder /b,213,,121,,240,,247,
Sexual assault /c,85,,43,,95,,34,
Robbery,78,,54,,92,,57,
Aggravated assault,36,,25,,48,,29,
Other violent /d,36,,39,,40,,25,
Property offenses,29,mo,20,mo,34,mo,20,mo
Burglary,37,,26,,44,,22,
Larceny /e,22,,16,,23,,16,
Fraud /f,25,,20,,30,,23,
Drug offenses,32,mo,24,mo,39,mo,27,mo
Possession,20,,14,,23,,15,
Trafficking,38,,30,,45,,33,
Weapon offenses,27,mo,17,mo,30,mo,23,mo
Other offenses /g,22,mo,14,mo,23,mo,19,mo
Sentenced to prison,,,,,,,,
All offenses,54,mo,40,mo,66,mo,47,mo
Violent offenses,87,mo,61,mo,104,mo,81,mo
Murder /b,221,,136,,247,,251,
Sexual assault /c,107,,55,,117,,74,
Robbery,94,,76,,105,,72,
Aggravated assault,55,,46,,68,,51,
Other violent /d,57,,53,,59,,50,
Property offenses,42,mo,35,mo,49,mo,36,mo
Burglary,48,,47,,59,,44,
Larceny /e,33,,31,,35,,29,
Fraud /f,38,,32,,47,,40,
Drug offenses,48,mo,44,mo,56,mo,41,mo
Possession,31,,30,,33,,26,
Trafficking,55,,51,,63,,47,
Weapon offenses,40,mo,27,mo,44,mo,39,mo
Other offenses /g,36,mo,25,mo,38,mo,38,mo

Note: See note on tables 1.3 and 2.1.
Racial categories include Hispanics.
a/ Includes prison and jail sentences.
b/ Includes nonnegligent manslaughter. 
c/ Includes rape.
d/ Includes offenses such as negligent manslaughter and kidnaping.
e/ Includes motor vehicle theft.
f/ Includes forgery and embezzlement.
g/ Composed of nonviolent offenses such as receiving stolen property and vandalism.
