Bureau of Justice Statistics,,,,,,,,,,,,,,
Filename:  scs02412.csv,,,,,,,,,,,,,,
"Report title:  State Court Sentencing of Convicted Felons, 2002 - Statistical Tables; NCJ 208910",,,,,,,,,,,,,,
Data source:  2002 National Judicial Reporting Program,,,,,,,,,,,,,,
"Authors:  Matthew Durose, Patrick Langan",,,,,,,,,,,,,,
Refer questions to:   askbjs@usdoj.gov   (202) 307-0765,,,,,,,,,,,,,,
"Date of version:  April 15, 2005",,,,,,,,,,,,,,

"Table 4.12.  Average felony sentence lengths in State courts, by number of felony convictions, type of conviction, and type of sentence, 2002",,,,,,,,,,,,,,

,,Maximum sentence length (in months) for convictions by --,,,,,,,,,,,,
,,Total,,,,,Trial,,,,,Guilty plea,,
Type of sentence,Mean,,Median,,,Mean,,Median,,,Mean,,Median,

One felony conviction,,,,,,,,,,,,,,
Incarceration,32,mo,18,mo,,71,mo,36,mo,,29,mo,15,mo
Prison,48,,33,,,99,,60,,,47,,36,
Jail,7,,6,,,9,,6,,,7,,6,
Probation,37,,36,,,34,,36,,,34,,24,
More than one felony conviction,,,,,,,,,,,,,,
Incarceration,45,mo,24,mo,,108,mo,60,mo,,42,mo,24,mo
Prison,62,,36,,,133,,87,,,61,,46,
Jail,7,,6,,,7,,6,,,7,,6,
Probation,39,,36,,,38,,36,,,40,,36,

"Note:  See note on tables 1.2 and 1.3.  The number of convictions pertains to current, not past convictions.  ""Total"" includes all cases, whether or not conviction type was known. ",,,,,,,,,,,,,,
