Bureau of Justice Statistics,,,,,,,,
Filename:  scs0226.csv,,,,,,,,
"Report title:  State Court Sentencing of Convicted Felons, 2002 - Statistical Tables; NCJ 208910",,,,,,,,
Data source:  2002 National Judicial Reporting Program,,,,,,,,
"Authors:  Matthew Durose, Patrick Langan",,,,,,,,
Refer questions to:   askbjs@usdoj.gov   (202) 307-0765,,,,,,,,
"Date of version:  April 20, 2006",,,,,,,,

"Table 2.6.  Mean length of felony State court sentences imposed, by offense and gender of felons, 2002",,,,,,,,

,Maximum sentence length (in months) for felons sentenced to -- ,,,,,,,
,,,Incarceration,,,,,
Most serious conviction offense,Total,,Prison,,Jail,,Probation,
Male,,,,,,,,
All offenses,39,mo,57,mo,7,mo,36,mo
Violent offenses,66,mo,90,mo,8,mo,42,mo
Murder /a,229,,237,,10,,64,
Sexual assault /b,80,,104,,8,,56,
Robbery,82,,96,,11,,49,
Aggravated assault,38,,58,,7,,37,
Other violent /c,35,,55,,7,,36,
Property offenses,29,mo,43,mo,7,mo,36,mo
Burglary,37,,51,,8,,39,
Larceny /d,21,,33,,7,,34,
Fraud /e,26,,40,,6,,34,
Drug offenses,34,mo,51,mo,7,mo,35,mo
Possession,20,,31,,5,,30,
Trafficking,40,,58,,8,,37,
Weapon offenses,26,mo,40,mo,7,mo,32,mo
Other offenses /f,22,mo,35,mo,6,mo,32,mo
Female,,,,,,,,
All offenses,23,mo,42,mo,6,mo,35,mo
Violent offenses,42,mo,70,mo,6,mo,36,mo
Murder /a,176,,187,,12,*,80,
Sexual assault /b,41,,57,,7,,43,
Robbery,55,,75,,9,,41,
Aggravated assault,25,,48,,6,,34,
Other violent /c,39,,60,,6,,40,
Property offenses,19,mo,34,mo,5,mo,36,mo
Burglary,23,,44,,5,,36,
Larceny /d,15,,30,,6,,35,
Fraud /e,20,,34,,5,,36,
Drug offenses,24,mo,42,mo,6,mo,33,mo
Possession,14,,28,,4,,28,
Trafficking,30,,48,,7,,36,
Weapon offenses,18,mo,32,mo,5,mo,28,mo
Other offenses /f,16,mo,30,mo,5,mo,33,mo

Note: See note on tables 1.3 and 2.1.
*Estimate based on 10 or fewer sample cases.
a/ Includes nonnegligent manslaughter. 
b/ Includes rape.
c/ Includes offenses such as negligent manslaughter and kidnaping.
d/ Includes motor vehicle theft.
e/ Includes forgery and embezzlement.
f/ Composed of nonviolent offenses such as receiving stolen property and vandalism.
