Bureau of Justice Statistics,,,,,,,,
Filename:  scs0246.csv,,,,,,,,
"Report title:  State Court Sentencing of Convicted Felons, 2002 - Statistical Tables; NCJ 208910",,,,,,,,
Data source:  2002 National Judicial Reporting Program,,,,,,,,
"Authors:  Matthew Durose, Patrick Langan",,,,,,,,
Refer questions to:   askbjs@usdoj.gov   (202) 307-0765,,,,,,,,
"Date of version:  April 15, 2005",,,,,,,,

"Table 4.6.  Distribution of types of sentences imposed on felons convicted of murder or nonnegligent  manslaughter, by type of conviction, 2002",,,,,,,,

,Type of sentence for murder or nonnegligent manslaughter,,,,,,,
Type of conviction,Total,,Life,,Death,,Other*,

Total,100,%,24,%,1,%,75,%
Trial,100,,42,,1,,57,
Jury,100,,45,,2,,53,
Bench,100,,34,,0,,66
Guilty plea,100,,13,,0,,87

Note: Zero represents no cases in sample.,,,,,,,
"*Includes a probation or an incarceration sentence expressed in days, months, or years.",,,,,,,
