Bureau of Justice Statistics,,,,,,,,,,,,,,
Filename:  scs0248.csv,,,,,,,,,,,,,,
"Report title:  State Court Sentencing of Convicted Felons, 2002 - Statistical Tables; NCJ 208910",,,,,,,,,,,,,,
Data source:  2002 National Judicial Reporting Program,,,,,,,,,,,,,,
"Authors:  Matthew Durose, Patrick Langan",,,,,,,,,,,,,,
Refer questions to:   askbjs@usdoj.gov   (202) 307-0765,,,,,,,,,,,,,,
"Date of version:  April 15, 2005",,,,,,,,,,,,,,

"Table 4.8.  Distribution of types of felony sentences imposed in State courts, by number of felony convictions and type of conviction, 2002",,,,,,,,,,,,,,

,,,,,Percent of felons sentenced to --,,,,,,,,,
,,,,,Incarceration,,,,,,Nonincarceration,,,
Type of conviction,Total,,Total,,Prison,,Jail,,Total,,Probation,,Other,

One felony conviction,,,,,,,,,,,,,,
Total,100,%,66,%,33,%,32,%,34,%,31,%,3,%
Trial,100,,78,,54,,24,,22,,19,,3,
Jury,100,,88,,72,,16,,12,,10,,2,
Bench,100,,67,,36,,31,,33,,28,,4,
Guilty plea,100,,65,,32,,33,,35,,31,,3,
Total,100,%,68,%,44,%,24,%,32,%,29,%,3,%
Jury,100,,92,,79,,13,,8,,7,,1,
Bench,100,,64,,47,,17,,36,,29,,7,
Guilty plea,100,,67,,43,,24,,33,,30,,3,

Note:  See note on table 1.2.,,,,,,,,,,,,,,
"The number of convictions pertains to current, not past convictions.",,,,,,,,,,,,,,
Detail may not sum to total because of rounding.,,,,,,,,,,,,,,
