Bureau of Justice Statistics,,,,,,,,,,,,,,
Filename:  scs0225.csv,,,,,,,,,,,,,,
"Report title:  State Court Sentencing of Convicted Felons, 2002 - Statistical Tables; NCJ 208910",,,,,,,,,,,,,,
Data source:  2002 National Judicial Reporting Program,,,,,,,,,,,,,,
"Authors:  Matthew Durose, Patrick Langan",,,,,,,,,,,,,,
Refer questions to:   askbjs@usdoj.gov   (202) 307-0765,,,,,,,,,,,,,,
"Date of version:  April 15, 2005",,,,,,,,,,,,,,

"Table 2.5.  Distribution of types of felony sentences imposed in State courts, by race of felons and offense, 2002",,,,,,,,,,,,,,

,,,,Percent of felons sentenced to --,,,,,,,,,,
,,,,Incarceration,,,,,,Nonincarceration,,,,
Most serious conviction offense,Total,,Total,,Prison,,Jail,,Total,,Probation,,Other,
White,,,,,,,,,,,,,,
All offenses,100,%,64,%,36,%,29,%,36,%,33,%,3,%
Violent offenses,100,%,74,%,47,%,27,%,26,%,24,%,2,%
Murder /a,100,,92,,86,,6,,8,,7,,1,
Sexual assault /b,100,,81,,57,,24,,19,,17,,2,
Robbery,100,,84,,64,,20,,16,,14,,2,
Aggravated assault,100,,67,,36,,31,,33,,30,,2,
Other violent /c,100,,70,,38,,33,,30,,27,,3,
Property offenses,100,%,63,%,35,%,28,%,37,%,34,%,3,%
Burglary,100,,72,,46,,27,,28,,25,,2,
Larceny /d,100,,61,,30,,31,,39,,37,,3,
Fraud /e,100,,55,,28,,27,,45,,41,,4,
Drug offenses,100,%,57,%,32,%,25,%,43,%,39,%,5,%
Possession,100,,52,,26,,26,,48,,40,,7,
Trafficking,100,,59,,35,,24,,41,,38,,3,
Weapon offenses,100,%,69,%,38,%,31,%,31,%,27,%,4,%
Other offenses/f,100,%,68,%,31,%,37,%,32,%,29,%,3,%
Black,,,,,,,,,,,,,,
All offenses,100,%,69,%,42,%,27,%,31,%,29,%,2,%
Violent offenses,100,%,80,%,58,%,22,%,20,%,19,%,1,%
Murder /a,100,,96,,94,,2,,4,,4,,0,
Sexual assault /b,100,,84,,64,,20,,16,,15,,1,
Robbery,100,,88,,73,,15,,12,,11,,1,
Aggravated assault,100,,71,,43,,28,,29,,27,,1,
Other violent /c,100,,74,,41,,33,,26,,24,,2,
Property offenses,100,%,65,%,37,%,28,%,35,%,33,%,2,%
Burglary,100,,77,,52,,25,,23,,21,,2,
Larceny /d,100,,64,,33,,31,,36,,34,,1,
Fraud /e,100,,53,,26,,27,,47,,44,,2,
Drug offenses,100,%,67,%,41,%,26,%,33,%,30,%,2,%
Possession,100,,66,,36,,30,,34,,30,,3,
Trafficking,100,,67,,43,,24,,33,,31,,2,
Weapon offenses,100,%,68,%,37,%,31,%,32,%,30,%,2,%
Other offenses /f,100,%,67,%,29,%,38,%,33,%,31,%,2,%

Note: See note on tables 1.2 and 2.1. Detail may not sum to total because of rounding. Racial categories include Hispanics.
-- Less than 0.5%.
a/ Includes nonnegligent manslaughter. 
b/ Includes rape.
c/ Includes offenses such as negligent manslaughter and kidnaping.
d/ Includes motor vehicle theft.
e/ Includes forgery and embezzlement.
f/ Composed of nonviolent offenses such as receiving stolen property and vandalism.
