Bureau of Justice Statistics,,,,,,,,,,,,
Filename:  scs0213.csv,,,,,,,,,,,,
"Report title:  State Court Sentencing of Convicted Felons, 2002 - Statistical Tables; NCJ 208910",,,,,,,,,,,,
Data source:  2002 National Judicial Reporting Program,,,,,,,,,,,,
"Authors:  Matthew Durose, Patrick Langan",,,,,,,,,,,,
Refer questions to:   askbjs@usdoj.gov   (202) 307-0765,,,,,,,,,,,,
"Date of version:  April 15, 2005",,,,,,,,,,,,

"Table 1.3.  Average felony sentence lengths in State courts, by offense and type of sentence, 2002",,,,,,,,,,,,

,Maximum sentence length in months for felons sentenced to -- ,,,,,,,,,,,
Mean,,,,Incarceration,,,,,,,,
,Total Incarceration,,,Prison,,,Jail,,,Probation,,
Most serious conviction offense,Count,Mean,,Count,Mean,,Count,Mean,,Count,Mean,
All offenses,659273,36,mo,413998,53,mo,245275,7,mo,280527,38,mo
Violent offenses,136387,62,mo,97515,84,mo,38872,8,mo,39008,43,mo
Murder /a,6066,217,,5850,225,,217,10,,382,76,
Sexual assault /b,26125,78,,19893,100,,6233,8,,5500,54,
Rape,8681,104,,6670,132,,2011,9,,986,65,
Other sexual assault,17444,65,,13222,84,,4221,8,,4514,51,
Robbery,30977,79,,26173,91,,4804,11,,4710,52,
Aggravated assault,60554,37,,38223,54,,22332,7,,24688,39,
Other violent /c,12664,33,,7377,51,,5287,8,,3729,37,
Property offenses,197020,28,mo,119880,41,mo,77140,7,mo,95237,37,mo
Burglary,67391,36,,45718,50,,21673,7,,23842,40,
Larceny /d,77166,22,,43528,34,,33638,6,,35597,36,
Motor vehicle theft,12743,18,,6617,30,,6126,6,,3736,33,
Fraud /e,52463,24,,30635,38,,21828,6,,35798,36,
Drug offenses,208598,32,mo,130272,48,mo,78326,6,mo,97561,36,mo
Possession,72717,22,,42572,35,,30146,5,,39607,33,
Trafficking,135881,38,,87701,55,,48180,7,,57953,39,
Weapon offenses,21562,28,mo,14201,38,mo,7360,7,mo,7605,35,mo
Other offenses /f,95707,23,mo,52129,38,mo,43577,6,mo,41116,37,mo
Median,,,,,,,,,,,,
,,,,Incarceration,,,,,,,,
,Total Incarceration,,,Prison,,,Jail,,,Probation,,
Most serious conviction offense,Count,Median,,Count,Median,,Count,Median,,Count,Median,
All offenses,663957,19,mo,418683,36,mo,245275,6,mo,281210,36,mo
Violent offenses,140003,36,mo,101131,51,mo,38872,6,mo,39009,36,mo
Murder /a,8208,240,,7991,240,,217,12,,382,60,
Sexual assault /b,26774,48,,20542,60,,6233,6,,5500,36,
Rape,9079,60,,7068,96,,2011,7,,986,60,
Other sexual assault,17695,36,,13474,60,,4221,6,,4514,36,
Robbery,31492,52,,26688,60,,4804,12,,4710,60,
Aggravated assault,60818,24,,38487,36,,22332,6,,24689,36,
Other violent /c,12710,16,,7424,30,,5287,6,,3729,36,
Property offenses,197227,16,mo,120087,28,mo,77140,6,mo,95237,36,mo
Burglary,67580,24,,45907,36,,21673,6,,23842,36,
Larceny /d,77173,13,,43535,24,,33638,6,,35597,36,
Motor vehicle theft,12748,12,,6622,24,,6126,6,,3736,24,
Fraud /e,52473,12,,30645,24,,21828,5,,35798,36,
Drug offenses,209407,18,mo,131082,36,mo,78326,6,mo,98198,36,mo
Possession,73086,12,,42941,24,,30146,3,,39618,36,
Trafficking,136321,24,,88141,36,,48180,6,,58579,36,
Weapon offenses,21598,24,mo,14238,24,mo,7360,6,mo,7605,30,mo
Other offenses /f,95723,12,mo,52146,27,mo,43577,4,mo,41161,36,mo

"Note:  See note on table 1.2.  Means exclude sentences to death or to life in prison.  This table is based on an estimated 945,167 cases.",,,,,,,,,,,,
a/ Includes nonnegligent manslaughter.,,,,,,,,,,,,
b/ Includes rape.,,,,,,,,,,,,
c/ Includes offenses such as negligent manslaughter and kidnaping.,,,,,,,,,,,,
d/ Includes motor vehicle theft.,,,,,,,,,,,,
e/ Includes forgery and embezzlement.,,,,,,,,,,,,
f/ Composed of nonviolent offenses such as receiving stolen property and vandalism.,,,,,,,,,,,,
