Bureau of Justice Statistics,,,,,,,,,,,,,,,,,,,,,,
Filename:  scs0221.csv,,,,,,,,,,,,,,,,,,,,,,
"Report title:  State Court Sentencing of Convicted Felons, 2002 - Statistical Tables; NCJ 208910",,,,,,,,,,,,,,,,,,,,,,
Data source:  2002 National Judicial Reporting Program,,,,,,,,,,,,,,,,,,,,,,
"Authors:  Matthew Durose, Patrick Langan",,,,,,,,,,,,,,,,,,,,,,
Refer questions to:   askbjs@usdoj.gov   (202) 307-0765,,,,,,,,,,,,,,,,,,,,,,
"Date of version:  April 15, 2005",,,,,,,,,,,,,,,,,,,,,,

"Table 2.1.  Demographic characteristics of persons convicted of felonies in State courts, by offense, 2002",,,,,,,,,,,,,,,,,,,,,,

,,,,,,,,,,Percent of convicted felons,,,,,,,,,,,,
,,Sex,,,,,Race,,,,,,,,,Age at sentencing,,,,,,
,Male,,Female,,White,,Black,,Other,,Under 20,,20-29,,30-39,,40-49,,50-59,,60+,
Most serious conviction offense,,,,,,,,,,,,,,,,,,,,,,
All offenses,83,%,17,%,60,%,37,%,3,%,7,%,41,%,29,%,18,%,4,%,1,%
Violent offenses,89,%,11,%,57,%,39,%,4,%,9,%,42,%,26,%,16,%,5,%,2,%
Murder /a,90,,10,,45,,51,,4,,8,,51,,22,,13,,5,,1,
Sexual assault /b,97,,3,,71,,25,,4,,7,,37,,25,,18,,8,,5,
Rape,98,,2,,63,,33,,4,,8,,38,,26,,19,,5,,4,
Other sexual assault,97,,3,,75,,21,,4,,6,,36,,25,,18,,10,,5,
Robbery,92,,8,,39,,59,,2,,21,,49,,19,,9,,2,,--,
Aggravated assault,85,,15,,57,,38,,5,,6,,41,,28,,18,,5,,2,
Other violent /c,88,,12,,70,,25,,5,,6,,38,,28,,20,,6,,2,
Property offenses,75,%,25,%,64,%,33,%,3,%,8,%,41,%,29,%,17,%,4,%,1,%
Burglary,91,,9,,66,,31,,3,,15,,47,,23,,13,,2,,--,
Larceny /d,75,,25,,62,,35,,3,,7,,39,,30,,19,,4,,1,
Motor vehicle theft,89,,11,,67,,26,,7,,12,,52,,25,,10,,1,,--,
Fraud /e,58,,42,,64,,34,,2,,3,,39,,35,,18,,4,,1,
Drug offenses,83,%,17,%,55,%,43,%,2,%,5,%,41,%,29,%,19,%,5,%,1,%
Possession,79,,21,,61,,36,,3,,3,,36,,32,,23,,5,,1,
Trafficking,85,,15,,51,,47,,2,,6,,45,,27,,17,,4,,1,
Weapon offenses,95,%,5,%,47,%,50,%,3,%,9,%,50,%,23,%,13,%,4,%,1,%
Other offenses /f,88,%,12,%,69,%,27,%,4,%,5,%,34,%,31,%,22,%,6,%,2,%,
,,,,,,,,,,,,Estimated number of convicted felons,,,,,,,,,,,
,,,,Sex,,,,,Race,,,,,,,,,Age at sentencing,,,,,
Most serious conviction offense,,,Male,,Female,,White,,Black,,Other,,Under 20,,20-29,,30-39,,40-49,,50-59,,60+

All offenses,,,873330,,177680,,628690,,391450,,30860,,73940,,427740,,299760,,190310,,47510,,11730
Violent offenses,,,175960,,21070,,111450,,77750,,7830,,18650,,83260,,50450,,31350,,9660,,3670
Property offenses,,,245380,,79810,,208520,,108000,,8670,,27510,,134640,,94800,,54140,,11890,,2220
Drug offenses,,,282770,,57570,,185150,,147480,,7710,,16160,,140780,,99330,,66010,,15440,,2610
Weapon offenses,,,30850,,1610,,15260,,16160,,1050,,3020,,16090,,7540,,4260,,1250,,300
Other offenses /f,,,137100,,18880,,107820,,42680,,5480,,8080,,52470,,48040,,35130,,9360,,2900

"Note:  Percentages on sex are based on an estimated 714,307 cases; on race, 612,161; and on age, 744,317.  However, estimated numbers are adjusted for cases missing a designation of sentence type.",,,,,,,,,,,,,,,,,,,,,,,
--Less than 0.5%.,,,,,,,,,,,,,,,,,,,,,,,
a/ Includes nonnegligent manslaughter.,,,,,,,,,,,,,,,,,,,,,,,
b/ Includes rape.,,,,,,,,,,,,,,,,,,,,,,,
c/ Includes offenses such as negligent manslaughter and kidnaping.
d/ Includes motor vehicle theft.
e/ Includes forgery and embezzlement.
f/ Composed of nonviolent offenses such as receiving stolen property and vandalism.
