Bureau of Justice Statistics,,,,,,,,
Filename:  scs0235.csv,,,,,,,,
"Report title:  State Court Sentencing of Convicted Felons, 2002 - Statistical Tables; NCJ 208910",,,,,,,,
Data source:  2002 National Judicial Reporting Program,,,,,,,,
"Authors:  Matthew Durose, Patrick Langan",,,,,,,,
Refer questions to:   askbjs@usdoj.gov   (202) 307-0765,,,,,,,,
"Date of version:  April 15, 2005",,,,,,,,

"Table 3.5.  Distribution of the number of felony convictions for persons sentenced to probation in State courts, by offense, 2002",,,,,,,,

,Percent of felons sentenced to probation for --,,,,,,,
Most serious conviction offense,One or more felony convictions,,One felony conviction,,Two felony convictions,,Three or more felony convictions,

All offenses,57,%,56,%,59,%,57,%
Violent offenses,50,%,50,%,51,%,46,%
Murder /a,19,,16,,25,,19,
Sexual assault /b,49,,51,,45,,47,
Robbery,36,,33,,41,,40,
Aggravated assault,57,,59,,57,,52,
Other violent /c,56,,55,,62,,53,
Property offenses,60,%,58,%,63,%,63,%
Burglary,55,,52,,59,,60,
Larceny /d,58,,56,,64,,64,
Fraud /e,67,,66,,67,,66,
Drug offenses,58,%,57,%,60,%,57,%
Possession,63,,63,,60,,67,
Trafficking,54,,53,,60,,53,
Weapon offenses,51,%,49,%,55,%,56,%
Other offenses /f,57,%,56,%,63,%,59,%

Note: See note on table  3.1.,,,,,,,,
"The number of convictions pertains to current, not past, convictions.",,,,,,,,
a/ Includes nonnegligent manslaughter. 
b/ Includes rape.
c/ Includes offenses such as negligent manslaughter and kidnaping.
d/ Includes motor vehicle theft.
e/ Includes forgery and embezzlement.
f/ Composed of nonviolent offenses such as receiving stolen property and vandalism.
