Bureau of Justice Statistics,,,,,,,,,,,,,,,,
Filename:  scs0239.csv,,,,,,,,,,,,,,,,
"Report title:  State Court Sentencing of Convicted Felons, 2002 - Statistical Tables; NCJ 208910",,,,,,,,,,,,,,,,
Data source:  2002 National Judicial Reporting Program,,,,,,,,,,,,,,,,
"Authors:  Matthew Durose, Patrick Langan",,,,,,,,,,,,,,,,
Refer questions to:   askbjs@usdoj.gov   (202) 307-0765,,,,,,,,,,,,,,,,
"Date of version:  April 15, 2005",,,,,,,,,,,,,,,,

"Table 3.9.  Offense distribution of convicted felons receiving sentences with or without probation in State courts, by race of felons, 2002",,,,,,,,,,,,,,,,

,Percent of sentences to probation,,,,,,,,Percent of sentences without probation,,,,,,,
Most serious conviction offense,All,,White,,Black,,Other,,All,,White,,Black,,Other,
All offenses,100,%,100,%,100,%,100,%,100,%,100,%,100,%,100,%
Violent offenses,16,%,17,%,18,%,24,%,22,%,21,%,24,%,31,%
Murder /a,--,,--,,--,,--,,2,,1,,2,,3,
Sexual assault /b,3,,4,,2,,4,,4,,5,,3,,5,
Robbery,2,,2,,4,,2,,5,,4,,8,,5,
Aggravated assault,9,,9,,10,,15,,9,,9,,9,,14,
Other violent /c,2,,2,,1,,3,,2,,2,,1,,4,
Property offenses,33,%,34,%,29,%,30,%,29,%,32,%,26,%,25,%
Burglary,9,,11,,8,,11,,10,,13,,10,,9,
Larceny /d,12,,12,,11,,10,,11,,11,,10,,9,
Fraud /e,11,,11,,11,,8,,7,,8,,6,,6,
Drug offenses,33,%,30,%,38,%,26,%,32,%,27,%,36,%,22,%
Possession,14,,12,,11,,12,,10,,9,,10,,8,
Trafficking,19,,18,,27,,14,,21,,18,,27,,14,
Weapon offenses,3,%,2,%,3,%,3,%,4,%,2,%,4,%,4,%
Other offenses /f,15,%,17,%,12,%,17,%,15,%,17,%,10,%,19,%

Note: See note on table 3.1.,,,,,,,,,,,,,,,,
"This table is based on an estimated 612,161 cases.",,,,,,,,,,,,,,,,
Detail may not sum to total because of rounding.,,,,,,,,,,,,,,,,
Racial categories include Hispanics.
-- Less than 0.5%.
a/ Includes nonnegligent manslaughter. 
b/ Includes rape.
c/ Includes offenses such as negligent manslaughter and kidnaping.
d/ Includes motor vehicle theft.
e/ Includes forgery and embezzlement.
f/ Composed of nonviolent offenses such as receiving stolen property and vandalism.
