Bureau of Justice Statistics,,,,,,,,,,,,,,,,,,
Filename:  scs0217.csv,,,,,,,,,,,,,,,,,,
"Report title:  State Court Sentencing of Convicted Felons, 2002 - Statistical Tables; NCJ 208910",,,,,,,,,,,,,,,,,,
Data source:  2002 National Judicial Reporting Program,,,,,,,,,,,,,,,,,,
"Authors:  Matthew Durose, Patrick Langan",,,,,,,,,,,,,,,,,,
Refer questions to:   askbjs@usdoj.gov   (202) 307-0765,,,,,,,,,,,,,,,,,,
"Date of version:  April 15, 2005",,,,,,,,,,,,,,,,,,

"Table 1.7.  Convicted felons sentenced to prison in State courts, by number of convictions, 2002",,,,,,,,,,,,,,,,,,

,,,,,,,,,Percent of felons sentenced for --,,,,,,,,,
,,,One felony conviction,,,,,,Two felony convictions,,,,,,Three or more felony convictions,,,
Most serious conviction offense,Prison,,Jail,,Probation,,Prison,,Jail,,Probation,,Prison,,Jail,,Probation,
All offenses,38,%,29,%,33,%,45,%,27,%,29,%,56,%,22,%,22,%
Violent offenses,48,%,27,%,25,%,57,%,23,%,21,%,67,%,18,%,15,%
Murder /a,90,,4,,6,,91,,4,,5,,95,,3,,2,
Sexual assault /b,54,,25,,21,,67,,18,,15,,69,,18,,13,
Robbery,67,,16,,16,,74,,15,,11,,80,,11,,9,
Aggravated assault,36,,31,,32,,46,,27,,27,,58,,22,,20,
Other violent /c,40,,36,,24,,44,,32,,24,,52,,28,,20,
Property offenses,35,%,29,%,36,%,40,%,28,%,32,%,51,%,24,%,25,%
Burglary,43,,26,,31,,47,,26,,26,,58,,24,,18,
Larceny /d,34,,32,,34,,38,,30,,32,,48,,27,,25,
Fraud /e,28,,29,,44,,32,,29,,39,,44,,22,,33,
Drug offenses,36,%,27,%,36,%,43,%,27,%,30,%,56,%,21,%,23,%
Possession,31,,29,,40,,41,,28,,31,,56,,23,,21,
Trafficking,40,,26,,34,,44,,26,,30,,56,,20,,24,
Weapon offenses,44,%,28,%,28,%,45,%,27,%,28,%,53,%,27,%,20,%
Other offenses /f,34,%,36,%,30,%,36,%,31,%,33,%,50,%,27,%,23,%
,,,,,,,,,Number of felons sentenced for --,,,,,,,,,
,,,One felony conviction,,,,,,Two felony convictions,,,,,,Three or more felony convictions,,,
Most serious conviction offense,Prison,,Jail,,Probation,,Prison,,Jail,,Probation,,Prison,,Jail,,Probation,
All offenses,283171,,220709,,249370,,84961,,50819,,54947,,58719,,22643,,22592
Violent offenses,60658,,33919,,31741,,24932,,9915,,9063,,17628,,4637,,3988
Murder /a,4829,,192,,336,,1830,,81,,98,,1535,,41,,39
Sexual assault /b,12011,,5693,,4658,,5272,,1396,,1177,,3601,,924,,699
Robbery,16238,,3920,,3961,,6147,,1288,,915,,4680,,649,,544
Aggravated assault,22099,,19135,,19559,,10203,,6066,,6067,,7097,,2641,,2425
Other violent /c,5481,,4979,,3227,,1479,,1084,,806,,715,,381,,282
Property offenses,76028,,64291,,79490,,25052,,17712,,20151,,21366,,9936,,10385
Burglary,24409,,14831,,17892,,11350,,6335,,6336,,11109,,4647,,3437
Larceny /d,33640,,30973,,33197,,7385,,5772,,6196,,3344,,1848,,1753
Fraud /e,17979,,18488,,28401,,6317,,5605,,7620,,6914,,3441,,5194
Drug offenses,92393,,68749,,92419,,25263,,15479,,17492,,15394,,5780,,6352
Possession,32244,,29655,,41014,,6713,,4626,,5184,,4409,,1764,,1663
Trafficking,60149,,39095,,51405,,18550,,10853,,12308,,10985,,4015,,4689
Weapon offenses,10377,,6687,,6605,,2639,,1609,,1614,,1468,,753,,564
Other offenses /f,43715,,47063,,39115,,7075,,6104,,6628,,2863,,1538,,1303

"Note:  See note on table 1.2.  This table is based on an estimated 1,047,931 cases.  The number of convictions pertains to current, not past, convictions."
a/ Includes nonnegligent manslaughter.
b/ Includes rape.
c/ Includes offenses such as negligent manslaughter and kidnaping.
d/ Includes motor vehicle theft.
e/ Includes forgery and embezzlement.
f/ Composed of nonviolent offenses such as receiving stolen property and vandalism.
