Bureau of Justice Statistics,,,,,,,,
Filename: vit18at02.csv,,,,,,,,
"Appendix table 2. Standard errors for table 2: The most recent incident of identity theft based on all reported incidents and restricted data, by type of theft, 2018",,,,,,,,
"Report title: Victims of Identity Theft, 2018� NCJ 256085",,,,,,,,
"Data source: Bureau of Justice Statistics, National Crime Victimization Survey, Identity Theft Supplement, 2018",,,,,,,,
"Author: Erika Harrell, Ph.D., BJS Statistician",,,,,,,,
Refer questions to: askbjs@usdoj.gov 202-307-0765,,,,,,,,
Date of version: 4/1/2021,,,,,,,,
,,,,,,,,
"Appendix Table 2. Standard errors for table 2: The most recent incident of identity theft based on all reported incidents and restricted data, by type of theft, 2018",,,,,,,,
,,Number of victims,,Percent of all persons age 16 or older,,,,
Type of identity theft,,Full data,Restricted,Full data,,,Restricted,
,Total,"359,413","353,643",0.14,%,,0.14,%
Misused only one type of existing account,,"328,602","323,848",0.13,%,,0.13,%
,Credit card,"222,341","219,577",0.09,,,0.09,
,Bank,"207,723","204,306",0.08,,,0.08,
,Other,"82,233","80,543",0.03,,,0.03,
Opened new account only,,"64,838","63,605",0.03,%,,0.02,%
Misused personal information only,,"53,395","50,055",0.02,%,,0.02,%
Misused multiple types,,"91,258","89,754",0.04,%,,0.03,%
,Existing account only,"74,262","73,241",0.03,,,0.03,
,Other,"49,353","48,288",0.02,,,0.02,
"Source: Bureau of Justice Statistics, National Crime Victimization Survey, Identity Theft Supplement, 2018.",,,,,,,,
