Bureau of Justice Statistics,,,,,,,,
Filename: vit18at19.csv,,,,,,,,
"Appendix table 19. Standard errors for table 13: Persons age 16 or older who experienced identity theft in their lifetime, by type of identity theft experienced outside of the past year and ongoing problems from identity theft, 2018",,,,,,,,
"Report title: Victims of Identity Theft, 2018� NCJ 256085",,,,,,,,
"Data source: Bureau of Justice Statistics, National Crime Victimization Survey, Identity Theft Supplement, 2018",,,,,,,,
"Author: Erika Harrell, Ph.D., BJS Statistician",,,,,,,,
Refer questions to: askbjs@usdoj.gov 202-307-0765,,,,,,,,
Date of version: 4/1/2021,,,,,,,,
,,,,,,,,
"Appendix Table 19. Standard errors for table 13: Persons age 16 or older who experienced identity theft in their lifetime, by type of identity theft experienced outside of the past year and ongoing problems from identity theft, 2018",,,,,,,,
Identity theft during lifetime and outside of past 12 months,,,Number of victims,Percent of all persons age 16 or older,,,Percent of victims whose problems from identity theft were unresolved,
At least one incident of identity theft during lifetime,,,"511,628",0.2,%,,0.24,%
At least one incident of identity theft outside past 12 months,,,"401,805",0.16,%,,0.24,%
,Misused only one type of existing account,,"349,545",0.14,,,0.18,
,,Credit card,"257,861",0.1,,,0.18,
,,Bank,"211,071",0.08,,,0.34,
,,Other,"55,435",0.02,,,1.55,
,Opened new account only,,"88,250",0.03,,,1.44,
,Misused personal information only,,"104,482",0.04,,,1.22,
,Misused multiple types,,"104,567",0.04,,,1.29,
,,Existing account only,"68,504",0.03,,,1.14,
,,Other,"75,112",0.03,,,2.08,
"Source: Bureau of Justice Statistics, National Crime Victimization Survey, Identity Theft Supplement, 2018.",,,,,,,,
