Bureau of Justice Statistics,,,,,,,,
Filename: vit18at05.csv,,,,,,,,
"Appendix table 5. Standard errors for table 5: Ways victims discovered identity theft, by type of theft, 2018",,,,,,,,
"Report title: Victims of Identity Theft, 2018� NCJ 256085",,,,,,,,
"Data source: Bureau of Justice Statistics, National Crime Victimization Survey, Identity Theft Supplement, 2018",,,,,,,,
"Author: Erika Harrell, Ph.D., BJS Statistician",,,,,,,,
Refer questions to: askbjs@usdoj.gov 202-307-0765,,,,,,,,
Date of version: 4/1/2021,,,,,,,,
,,,,,,,,
"Appendix Table 5. Standard errors for table 5: Ways victims discovered identity theft, by type of theft, 2018",,,,,,,,
Way victims discovered identity theft,Any identity theft,,,Misuse of existing account,,,Other identity theft,
Contacted by financial institution about suspicious activity,0.71,%,,0.73,%,,1.66,%
Noticed fraudulent charges on account,0.56,,,0.58,,,0.78,
Noticed money missing from account,0.39,,,0.42,,,0.51,
Contacted financial institution to report a theft,0.33,,,0.35,,,0.77,
"Credit card declined, check bounced, or account closed due to insufficient funds",0.24,,,0.25,,,0.49,
Notified by company or agency,0.29,,,0.25,,,2.28,
Received a bill or contacted about an unpaid bill,0.23,,,0.21,,,1.83,
"Problems with applying for a loan, applying for governmental benefits, or filing income taxes",0.13,,,0.08,,,1.62,
Discovered through credit report or credit monitoring service,0.17,,,0.15,,,1.49,
Received merchandise or card that victim did not order or did not receive product the victim ordered,0.1,,,0.08,,,1,
Notified by police,0.07,,,0.04,,,0.86,
Another way,0.27,,,0.26,,,1.47,
Number of victims,"353,062",,,"341,294",,,"77,086",
"Source: Bureau of Justice Statistics, National Crime Victimization Survey, Identity Theft Supplement, 2018.",,,,,,,,
