"Bureau of Justice Statistics",,,,,,,,,,,,,,
"Filename:  cfjs02405.csv",,,,,,,,,,,,,,
"Table 4.5.  Characteristics of convicted offenders, October 1, 2001 - September 30, 2002",,,,,,,,,,,,,,
"Report title:  Compendium of Federal Justice Statistics, 2002   NCJ  205368",,,,,,,,,,,,,,
"Data source:  Federal justice statistics database maintained by The Urban Institute",,,,,,,,,,,,,,
"Author:  Urban Institute under the supervision of BJS",,,,,,,,,,,,,,
"Refer  questions to:  askbjs@usdoj.gov  202-307-0765",,,,,,,,,,,,,,
"Date of version:  9/17/04",,,,,,,,,,,,,,
,,,,,,,,,,,,,,
,,,,,,,,,,,,,,
"Table 4.5.  Characteristics of convicted offenders, October 1, 2001 - September 30, 2002",,,,,,,,,,,,,,
,,,,,,,,,,,,,,
,,,,,"Percent of convicted offenders",,,,,,,,,
,,,,,,"Felonies",,,,,,,,
"Offender",,,,,,,"Property offenses",,,"Public-order offenses",,,,""
"characteristic",,,,"Total number of convicted offenders","All offenses/a","Violent offenses","Fraudulent","Other","Drug offenses","Regulatory","Other","Weapon","Immigration","Misdemeanors"
,,,"All offenders/b",71798,71798,2578,11107,1994,26234,1403,3227,5563,11132,8504
"Male/Female",,,,,,,,,,,,,,
,"Male",,,55576,85.7,92.4,73,73.3,86.5,77.2,88.4,96.8,95.4,76.5
,"Female",,,9268,14.3,7.6,27,26.7,13.5,22.8,11.6,3.2,4.6,23.5
"Race",,,,,,,,,,,,,,
,"White",,,44377,69.7,50.2,63.1,67.7,67.8,80.2,74.7,47.5,93.6,70.4
,"Black",,,16744,26.3,32.4,31.9,24,29.8,14.9,18.2,50.1,4.2,23.8
,"American Indian/Alaskan",,,945,1.5,15.5,0.6,4.2,0.8,0.8,1.4,1.1,0.3,1.8
,"Asian/Pacific Islander",,,1441,2.3,1.5,3.9,3.8,1.4,3.9,5.4,1.1,1.6,3.4
,"Other",,,192,0.3,0.3,0.5,0.3,0.2,0.2,0.2,0.2,0.2,0.6
"Ethnicity",,,,,,,,,,,,,,
,"Hispanic",,,26042,40.3,10.1,18,13.7,43.8,40.3,15.8,13.2,90.7,27.2
,"Non-Hispanic",,,38561,59.7,89.9,82,86.3,56.2,59.7,84.2,86.8,9.3,72.8
"Age",,,,,,,,,,,,,,
,"16-18 years",,,406,0.7,1.5,0.2,0.9,0.8,0.3,0.1,0.3,0.5,2
,"19-20 years",,,2916,4.7,7,2.4,4.9,5.6,2.6,1.7,5.7,3.2,8.7
,"21-30 years",,,23996,38.5,37,28.2,28.3,42.8,31.5,22,48,41.9,36.8
,"31-40 years",,,19079,30.6,29.9,31.3,27.7,30.3,29.6,28.7,26.5,36.6,24.4
,"Over 40 years",,,15925,25.6,24.6,37.9,38.2,20.6,36.1,47.4,19.6,17.9,28.1
"Citizenship",,,,,,,,,,,,,,
,"U.S. citizen",,,42361,66,94.4,80.1,91.2,70.1,68.3,88.1,93.2,8.6,75
,"Not U.S. citizen",,,21823,34,5.6,19.9,8.8,29.9,31.7,11.9,6.8,91.4,25
"Education",,,,,,,,,,,,,,
,"Less than high school graduate",,,27274,45.6,35.7,21.8,28.8,50.5,37.4,24.1,46.7,80.5,25.2
,"High school graduate",,,18451,30.9,41.5,31.5,37.4,32.3,29.5,31,39.6,13.2,39.7
,"Some college",,,10196,17.1,17.9,30,24.9,14.4,20.9,25.6,12.3,4.8,24.2
,"College graduate",,,3874,6.5,4.9,16.7,8.9,2.9,12.2,19.3,1.4,1.5,10.9
"Criminal record",,,,,,,,,,,,,,
,"No convictions",,,25783,39.7,30.4,53.6,48,44.6,61.4,53.6,14.6,17.1,49.7
,"Prior adult convictions/c",,,39180,60.3,69.6,46.4,52,55.4,38.6,46.4,85.4,82.9,50.3
,,,,,,,,,,,,,,
"Note:  Offender characteristics are not comparable with data the 1993 and prior compendia; see Chapter notes, item 1, p. 62.  Offenders are classified by the most serious offense charged.",,,,,,,,,,,,,,
"a\ Includes suspects for whom offense category could not be determined.",,,,,,,,,,,,,,
"b\ May include some nonviolent offenses.",,,,,,,,,,,,,,
"c\ See Chapter notes, item 3, p. 62",,,,,,,,,,,,,,
