Bureau of Justice Statistics,,,,
Filename: ji18at08.csv,,,,
"Appendix table 8. Standard errors for table 6: Jail capacity, midyear population, and percent of capacity occupied in local jails, 2005-2018",,,,
Report title: Jail Inmates in 2018   NCJ 253044,,,,
"Data Source:  Bureau of Justice Statistics, Annual Survey of Jails, 2006-2018; and Census of Jail Inmates, 2005.",,,,
"Author: Zhen Zeng, Ph.D., BJS Statistician",,,,
Refer questions to: askbjs@usdoj.gov   202-307-0765,,,,
Date of version: 3/31/2020,,,,
,,,,
"Appendix table 8. Standard errors for table 6: Jail capacity, midyear population, and percent of capacity occupied in local jails, 2005-2018",,,,
Year,Jail capacity,Midyear population,Percent of capacity occupied,
2005,~,~,~,
2006,"4,741","3,552",0.41,%
2007,"5,056","3,720",0.45,
2008,"5,063","4,016",0.42,
2009,"6,460","4,231",0.45,
2010,"11,013","5,430",0.88,
2011,"11,776","6,009",0.88,
2012,"10,217","7,684",0.48,
2013,"13,198","8,042",0.49,
2014,"11,082","8,382",0.43,
2015,"9,518","7,188",0.41,
2016,"8,467","5,943",0.43,
2017,"9,217","6,614",0.48,
2018,"9,622","7,122",0.5,
~Not applicable. Data represent a complete enumeration based on the 2005 Census of Jail Inmates.,,,,
"Source: Bureau of Justice Statistics, Annual Survey of Jails, 2006-2018; and Census of Jail Inmates, 2005.",,,,
