Bureau of Justice Statistics,,,,,,,
Filename: ji18at09.csv,,,,,,,
"Appendix table 9. Standard errors for table 7: Percent of jail capacity occupied at midyear, by size of jurisdiction, 2018",,,,,,,
Report title: Jail Inmates in 2018   NCJ 253044,,,,,,,
"Data Source: Bureau of Justice Statistics, Annual Survey of Jails, 2018.",,,,,,,
"Author: Zhen Zeng, Ph.D., BJS Statistician",,,,,,,
Refer questions to: askbjs@usdoj.gov   202-307-0765,,,,,,,
Date of version: 3/31/2020,,,,,,,
,,,,,,,
"Appendix table 9. Standard errors for table 7: Percent of jail capacity occupied at midyear, by size of jurisdiction, 2018",,,,,,,
Jail jurisdiction size (ADP),,Midyear population,Rated capacity,Percent of capacity occupied at midyear,,Percent of jail jurisdictions operating at more than 100% of rated capacity at midyear,
,Total,"7,122","9,622",0.5,%,1.88,%
Less than 50 inmates,,"2,207","3,873",3.38,,3.1,
50-99,,"3,725","5,516",3.35,,5.88,
100-249,,"5,488","6,783",2.03,,4.13,
250-499,,"4,788","5,204",1.3,,3.04,
500-999,,"3,915","4,638",0.64,,1.41,
"1,000-2,499",,"2,683","3,374",0.52,,0.94,
"2,500 or more",,"6,092","8,320",0.75,,1.1,
"Source: Bureau of Justice Statistics, Annual Survey of Jails, 2018.",,,,,,,
