Bureau of Justice Statistics,,,,
Filename: ji18at02.csv,,,,
"Appendix table 2. Jail incarceration rates at midyear, by race or ethnicity, 1990-2018",,,,
Report title: Jail Inmates in 2018   NCJ 253044,,,,
"Data Source: Bureau of Justice Statistics, Annual Survey of Jails, 1990-2004 and 2006-2018; and Census of Jail Inmates, 2005. ",,,,
"Author: Zhen Zeng, Ph.D., BJS Statistician",,,,
Refer questions to: askbjs@usdoj.gov   202-307-0765,,,,
Date of version: 3/31/2020,,,,
,,,,
"Appendix table 2. Jail incarceration rates at midyear, by race or ethnicity, 1990-2018",,,,
Year,Total,White,Black,Hispanic
1990,162,90,586,257
1991,169,92,620,259
1992,174,94,646,266
1993,178,94,660,275
1994,188,100,690,289
1995,193,105,698,275
1996,195,111,667,288
1997,212,117,729,302
1998,219,125,742,302
1999,222,127,761,299
2000,223,133,755,276
2001,221,138,736,251
2002,231,148,754,255
2003,238,153,764,268
2004,244,161,769,263
2005,253,167,803,263
2006,256,169,810,271
2007,259,170,817,276
2008,258,167,825,274
2009,250,163,797,256
2010,242,167,745,235
2011,236,167,721,219
2012,237,173,709,212
2013,231,174,668,199
2014,233,178,667,200
2015,226,178,640,184
2016,229,180,633,196
2017,229,187,616,185
2018,226,187,592,183
"Note: Rates are based on the number of inmates held on the last weekday in June. Results may differ from previous reports in the series due to data updates from jail authorities. In 2015 and 2016, the Annual Survey of Jails collected inmate counts by race or ethnicity at year-end. Because jails typically hold fewer inmates at year-end than at midyear, the 2015 and 2016 incarceration rates were adjusted for seasonal variation and represent estimated midyear rates. See Methodology. ",,,,
"Source: Bureau of Justice Statistics, Annual Survey of Jails, 1990-2004 and 2006-2018; and Census of Jail Inmates, 2005. ",,,,
