Bureau of Justice Statistics,,,,,,,,,,,,
Filename: ji18at04.csv,,,,,,,,,,,,
"Appendix table 4. Standard errors for table 2: Jail incarceration rates, by sex and race or ethnicity, 2005, 2008, and 2010-2018",,,,,,,,,,,,
Report title: Jail Inmates in 2018   NCJ 253044,,,,,,,,,,,,
"Data Source: Bureau of Justice Statistics, Annual Survey of Jails, 2008 and 2010-2018; and Census of Jail Inmates, 2005.",,,,,,,,,,,,
"Author: Zhen Zeng, Ph.D., BJS Statistician",,,,,,,,,,,,
Refer questions to: askbjs@usdoj.gov   202-307-0765,,,,,,,,,,,,
Date of version: 3/31/2020,,,,,,,,,,,,
,,,,,,,,,,,,
"Appendix table 4. Standard errors for table 2: Jail incarceration rates, by sex and race or ethnicity, 2005, 2008, and 2010-2018",,,,,,,,,,,,
Characteristic,,2005,2008,2010,2011,2012,2013,2014,2015,2016,2017,2018
Total,,~,1.3,1.8,1.9,2.5,2.5,2.6,2.2,1.9,2,2.2
,Adults,~,1.7,2.3,2.5,3.2,3.3,3.3,2.9,2.4,2.6,2.8
Sex,,,,,,,,,,,,
,Male,~,2.4,3.2,3.4,4.4,4.6,4.5,4,3.3,3.5,3.8
,Female,~,0.7,0.6,0.7,0.9,0.9,0.9,0.8,0.8,0.8,0.9
Race/ethnicity,,,,,,,,,,,,
,White,~,1.6,1.8,1.9,2.2,2.3,2.3,2.1,2.2,2.3,2.6
,Black,~,8,8.4,8.9,11.9,12.4,11.9,8.9,9.1,9.8,10.3
,Hispanic,~,4,4.2,5,5.6,4.8,4.9,5.8,3.4,3.7,3.8
,American Indian/Alaska Native,~,31.3,44.3,40.7,37.5,40,39.4,38.2,35.7,33.2,37.9
,Asian,~,0.9,0.8,1.2,1.4,0.8,0.9,0.9,0.8,0.9,0.7
,Other,~,1,2.8,2.4,2.9,3.2,3.1,2.3,4.8,3.5,10.1
~Not applicable. Data represent a complete enumeration based on the 2005 Census of Jail Inmates.,,,,,,,,,,,,
"Source: Bureau of Justice Statistics, Annual Survey of Jails, 2008 and 2010-2018; and Census of Jail Inmates, 2005.",,,,,,,,,,,,
