Bureau of Justice Statistics,,,,,,,,
Filename: ji18at07.csv,,,,,,,,
"Appendix table 7. Standard errors for table 5: Average daily jail population, by size of jurisdiction, 2018",,,,,,,,
Report title: Jail Inmates in 2018   NCJ 253044,,,,,,,,
"Data Source:  Bureau of Justice Statistics, Annual Survey of Jails, 2018.",,,,,,,,
"Author: Zhen Zeng, Ph.D., BJS Statistician",,,,,,,,
Refer questions to: askbjs@usdoj.gov   202-307-0765,,,,,,,,
Date of version: 3/31/2020,,,,,,,,
,,,,,,,,
"Appendix table 7. Standard errors for table 5: Average daily jail population, by size of jurisdiction, 2018",,,,,,,,
,,Jail jurisdictions,,,Total ADP,,,
Jail jurisdiction size (ADP),,Number,Percent,,Number,Percent,,Mean ADP
,Total,<0.1,~,,"6,967",~,,2.5
Less than 50 inmates,,51.6,1.82,%,"2,157",0.3,%,1.6
50-99,,55.7,1.96,,"3,806",0.51,,1.5
100-249,,35.4,1.25,,"5,379",0.7,,4
250-499,,13.6,0.48,,"4,563",0.61,,4.5
500-999,,6.2,0.22,,"3,830",0.52,,5
"1,000-2,499",,1.7,0.06,,"2,716",0.46,,10.4
"2,500 or more",,1.2,0.04,,"6,113",0.72,,92.5
~Not applicable. ,,,,,,,,
"Source: Bureau of Justice Statistics, Annual Survey of Jails, 2018.",,,,,,,,
