Bureau of Justice Statistics,,,,,,,,
Filename: ji18at05.csv,,,,,,,,
"Appendix table 5. Standard errors for table 3: Number of confined inmates in local jails, by characteristics, 2005, 2008, 2010, and 2015�2018",,,,,,,,
Report title: Jail Inmates in 2018   NCJ 253044,,,,,,,,
"Data Source: Bureau of Justice Statistics, Annual Survey of Jails, 2008, 2010, and 2015-2018;  and Census of Jail Inmates, 2005.",,,,,,,,
"Author: Zhen Zeng, Ph.D., BJS Statistician",,,,,,,,
Refer questions to: askbjs@usdoj.gov   202-307-0765,,,,,,,,
Date of version: 3/31/2020,,,,,,,,
,,,,,,,,
"Appendix table 5. Standard errors for table 3: Number of confined inmates in local jails, by characteristics, 2005, 2008, 2010, and 2015�2018",,,,,,,,
Characteristic,,2005,2008,2010,2015,2016,2017,2018
,Total,~,"4,016","5,430","7,198","6,013","6,614","7,122"
Sex,,,,,,,,
,Male,~,"3,570","4,832","6,242","5,237","5,680","6,078"
,Female,~,"1,125",999,"1,307","1,247","1,351","1,457"
Adults,,~,"4,012","5,400","7,187","5,971","6,569","7,073"
,Male,~,"3,568","4,794","6,230","5,197","5,635","6,038"
,Female,~,"1,123",994,"1,306","1,247","1,349","1,457"
Juvenile,,~,170,263,121,158,128,218
,Held as adult,~,149,246,117,118,127,108
,Held as juvenile,~,88,255,45,98,36,182
Race/ethnicity,,,,,,,,
,White,~,"3,115","3,589","4,192","4,361","4,629","5,064"
,Black,~,"2,995","3,194","3,548","3,680","3,987","4,197"
,Hispanic,~,"1,878","2,131","3,297","1,981","2,165","2,307"
,American Indian/Alaska Native,~,730,"1,031",906,853,798,917
,Asian,~,117,117,157,137,155,138
,Other,~,48,160,167,349,259,776
Conviction status,,,,,,,,
,Convicted,~,"2,978","3,292","4,937","3,458","3,568","3,888"
,Unconvicted,~,"3,552","4,515","4,731","5,690","5,792","6,160"
Most serious type of offense,,,,,,,,
,Felony ,...,...,...,"5,701","5,482","5,810","6,443"
,Misdemeanor ,...,...,...,"3,106","2,899","3,388","3,461"
,Other,...,...,...,"1,822","1,361","1,774","1,963"
...Not collected. The ASJ began collecting inmate counts by offense severity in 2015.,,,,,,,,
~Not applicable. Data represent a complete enumeration based on the 2005 Census of Jail Inmates.,,,,,,,,
"Source: Bureau of Justice Statistics, Annual Survey of Jails, 2008, 2010, and 2015-2018;  and Census of Jail Inmates, 2005.",,,,,,,,
