Bureau of Justice Statistics,,,
Filename: ji18at11.csv,,,
"Appendix table 11. Standard errors for table 9: Persons under jail supervision, by confinement status, 2005-2018",,,
Report title: Jail Inmates in 2018   NCJ 253044,,,
"Data Source: Bureau of Justice Statistics, Annual Survey of Jails, 2006�2018; and Census of Jail Inmates, 2005.",,,
"Author: Zhen Zeng, Ph.D., BJS Statistician",,,
Refer questions to: askbjs@usdoj.gov   202-307-0765,,,
Date of version: 3/31/2020,,,
,,,
"Appendix table 11. Standard errors for table 9: Persons under jail supervision, by confinement status, 2005-2018",,,
Year,Total ,Held in jail,Supervised outside of a jail facility
2005,~,~,~
2006,"3,783","3,552","1,151"
2007,"4,041","3,720","1,267"
2008,"4,732","4,016","2,327"
2009,"4,548","4,231","1,535"
2010,"5,897","5,430","1,960"
2011,"6,446","6,009","1,832"
2012,"8,438","7,684","2,418"
2013,"8,692","8,042","2,351"
2014,"9,248","8,382","2,707"
2015,"7,510","7,188","1,548"
2016,"6,543","5,943","1,868"
2017,"7,250","6,614","2,194"
2018,"8,057","7,122","2,859"
~Not applicable. Data represent a complete enumeration based on the 2005 Census of Jail Inmates.,,,
"Source: Bureau of Justice Statistics, Annual Survey of Jails, 2006�2018; and Census of Jail Inmates, 2005.",,,
