Bureau of Justice Statistics,,,,,,,,,,
File name: so07stt01.csv,,,,,,,,,,
"Table 1. General purpose state and local law enforcement agencies sworn and civilian personnel, by employment status and type of agency, 2007",,,,,,,,,,
"Report title: Sheriffs' Offices, 2007 - Statistical Tables",,,,,,,,,,
"Data source: Bureau of Justice Statistics, Law Enforcement Management and Administrative Statistics survey, 2007",,,,,,,,,,
Author: Andrea M. Burch,,,,,,,,,,
Refer questions to askbjs@usdoj.gove or 202-307-0765,,,,,,,,,,
"Date of version: December 6, 2012.",,,,,,,,,,
,,,,,,,,,,
"Table 1. General purpose state and local law enforcement agencies sworn and civilian personnel, by employment status and type of agency, 2007",,,,,,,,,,
,,,,Sworn personnel,,,,Civilian personnel,,
Type of agency,,Number of agencies,Total personnel,Total,Full-time,Part-time,,Total,Full-time,Part-time
,Total,"15,636","1,119,309","730,470","696,346","34,124",,"388,839","344,382","44,457"
Local police,,"12,575","655,337","488,349","463,147","25,202",,"166,988","137,880","29,108"
Sheriffs' offices*,,"3,012","369,084","181,072","172,241","8,831",,"188,012","174,096","13,916"
Primary state,,49,"94,888","61,049","60,958",91,,"33,839","32,406","1,433"
Note: Table excludes agencies not employing the equivalent of at least 1 full-time employee.,,,,,,,,,,
*Excludes approximately 50 sheriffs' offices without an area of primary law enforcement jurisdiction.,,,,,,,,,,
"Source: Bureau of Justice Statistics, Law Enforcement Management and Administrative Statistics survey, 2007.",,,,,,,,,,
