Bureau of Justice Statistics,,,,,,,,,,,,,,,,,,,,,
Filename: fjs16stt7.3.csv,,,,,,,,,,,,,,,,,,,,,
"Table 7.3. Outcomes of offenders terminating probation supervision, by offense, FY 2016",,,,,,,,,,,,,,,,,,,,,
"Report title: Federal Justice Statistics, 2016 - Statistical Tables  NCJ 251772",,,,,,,,,,,,,,,,,,,,,
"Data Source: Bureau of Justice Statistics, based on data from the Administrative Office of the U.S. Courts, Probation and Pretrial Services Automated Case Tracking System, fiscal year 2016",,,,,,,,,,,,,,,,,,,,,
"Author: Mark Motivans, Ph.D., BJS Statistician",,,,,,,,,,,,,,,,,,,,,
Refer questions to: askbjs@usdoj.gov 202-307-0765,,,,,,,,,,,,,,,,,,,,,
Date of version: 12/29/2020,,,,,,,,,,,,,,,,,,,,,
,,,,,,,,,,,,,,,,,,,,,
"Table 7.3. Outcomes of offenders terminating probation supervision, by offense, FY 2016",,,,,,,,,,,,,,,,,,,,,
,,,,,Percent of probation supervisions terminating with�,,,,,,,,,,,,,,,,
,,,,,,,,Technical violations/a,,,,,,,,,,,,,
Most serious offense,,,,Number of probation terminations,No violation,,,Drug use,,,Fugitive status,,,Other,,,New crime/b,,,Administrative case closures,
,All offenses,,,"9,951",89.2,%,,0.3,%,,0.5,%,,0.8,%,,0.9,%,,8.3,%
Felonies,,,,"6,385",88.4,%,,0.3,%,,0.5,%,,0.6,%,,1,%,,9.3,%
,Violent offenses,,,133,68.3,,,...,,,3,,,3,,,3,,,22.8,
,,Murder,,16,46.2,,,...,,,...,,,7.7,,,7.7,,,38.5,
,,Assault,,57,75,,,...,,,7.5,,,...,,,5,,,12.5,
,,Robbery,,25,69.6,,,...,,,...,,,...,,,...,,,30.4,
,,Sexual abuse,,29,75,,,...,,,...,,,5,,,...,,,20,
,,Kidnapping,,4,^,,,...,,,...,,,^,,,...,,,...,
,,Threats against the President,,2,...,,,...,,,...,,,...,,,...,,,^,
,Property offenses,,,"2,973",92.4,,,0.1,,,0.2,,,0.5,,,0.6,,,6.2,
,,Fraudulent,,"2,357",92.7,,,<0.1,,,0.1,,,0.4,,,0.6,,,6.1,
,,,Embezzlement,204,93.8,,,...,,,1,,,0.5,,,1,,,3.6,
,,,Fraud,"1,948",92.8,,,0.1,,,0.1,,,0.3,,,0.5,,,6.3,
,,,Forgery,12,100,,,...,,,...,,,...,,,...,,,...,
,,,Counterfeiting,193,90.1,,,...,,,...,,,1.9,,,0.6,,,7.5,
,,Other,,616,90.9,,,0.2,,,0.4,,,0.9,,,0.9,,,6.7,
,,,Burglary,6,^,,,...,,,^,,,...,,,...,,,^,
,,,Larceny,553,92.1,,,0.2,,,0.2,,,0.8,,,0.8,,,5.9,
,,,Motor-vehicle theft,1,^,,,...,,,...,,,...,,,...,,,...,
,,,Arson/explosives,23,72.2,,,...,,,...,,,5.6,,,5.6,,,16.7,
,,,Transportation of stolen property,24,83.3,,,...,,,...,,,...,,,...,,,16.7,
,,,Other property offenses,9,^,,,...,,,...,,,...,,,...,,,...,
,Drug offenses,,,"1,500",82.3,,,0.1,,,0.7,,,0.5,,,0.8,,,15.6,
,,Trafficking,,"1,165",81.8,,,0.2,,,0.7,,,0.6,,,1,,,15.7,
,,Possession/other drug offenses,,335,83.8,,,...,,,0.6,,,0.3,,,...,,,15.2,
,Public-order offenses,,,987,93.1,,,0.5,,,0.2,,,0.5,,,0.5,,,5.1,
,,Regulatory,,427,95.6,,,0.5,,,...,,,0.7,,,0.5,,,2.7,
,,,Agriculture,2,^,,,...,,,...,,,...,,,...,,,...,
,,,Antitrust,5,^,,,...,,,...,,,...,,,...,,,...,
,,,Food/drug,32,96.7,,,...,,,...,,,3.3,,,...,,,...,
,,,Transportation,39,94.1,,,...,,,...,,,2.9,,,...,,,2.9,
,,,Civil rights,9,^,,,...,,,...,,,...,,,...,,,^,
,,,Communications,10,^,,,...,,,...,,,...,,,...,,,^,
,,,Customs laws,22,95.2,,,...,,,...,,,...,,,...,,,4.8,
,,,Postal laws,21,95.2,,,4.8,,,...,,,...,,,...,,,...,
,,,Other regulatory offenses,287,96.3,,,0.4,,,...,,,0.4,,,0.7,,,2.2,
,,Other,,560,91.2,,,0.6,,,0.4,,,0.4,,,0.6,,,6.9,
,,,Tax-law violations,176,94.9,,,...,,,...,,,...,,,...,,,5.1,
,,,Bribery,42,92.9,,,...,,,...,,,...,,,...,,,7.1,
,,,Perjury/contempt/intimidation,32,86.2,,,3.4,,,...,,,...,,,...,,,10.3,
,,,National defense,20,94.4,,,...,,,...,,,...,,,...,,,5.6,
,,,Escape,8,^,,,^,,,...,,,...,,,^,,,...,
,,,Racketeering/extortion,121,91.5,,,...,,,...,,,0.8,,,0.8,,,6.8,
,,,Gambling,14,100,,,...,,,...,,,...,,,...,,,...,
,,,Other sex offenses/c,66,81.4,,,...,,,3.4,,,1.7,,,...,,,13.6,
,,,Wildlife,15,100,,,...,,,...,,,...,,,...,,,...,
,,,Environmental,16,100,,,...,,,...,,,...,,,...,,,...,
,,,All other felonies,50,83.3,,,2.4,,,...,,,...,,,2.4,,,11.9,
,Weapons offenses,,,455,79.9,,,0.7,,,0.2,,,...,,,1.9,,,17.2,
,Immigration offenses,,,337,83.4,,,1.7,,,2.1,,,2.8,,,4.2,,,5.9,
Misdemeanors,,,,"3,525",90.8,%,,0.4,%,,0.5,%,,1,%,,0.9,%,,6.4,%
,Fraudulent property offenses,,,171,98.8,,,...,,,0.6,,,...,,,...,,,0.6,
,Larceny,,,367,90.4,,,0.3,,,0.6,,,2.2,,,1.2,,,5.3,
,Drug possession,,,588,86.2,,,0.8,,,0.4,,,1.4,,,0.4,,,10.8,
,Immigration misdemeanors,,,73,90.3,,,...,,,3.2,,,1.6,,,...,,,4.8,
,Traffic ,,,"1,456",91.4,,,0.2,,,0.6,,,0.8,,,0.8,,,6.2,
,Other misdemeanors,,,870,91.2,,,0.6,,,0.1,,,1,,,1.3,,,5.8,
Note: Murder includes non-negligent manslaughter; sexual abuse includes only violent sex offenses; fraud excludes tax fraud; larceny excludes transportation of stolen property; other property offenses excludes fraudulent property offenses and includes destruction of property and trespassing; tax-law violations includes tax fraud; other felonies and other misdemeanors include unclassifiable offenses; and drug possession includes other drug misdemeanors. Details may not sum to totals due to rounding. Offenses for 41 offenders could not be classified.,,,,,,,,,,,,,,,,,,,,,
...Not available. No cases of this type occurred.,,,,,,,,,,,,,,,,,,,,,
^Too few cases to provide a reliable estimate.,,,,,,,,,,,,,,,,,,,,,
a/Supervision terminated with incarceration or removal to inactive status for violation of supervision conditions other than charges for new offenses.,,,,,,,,,,,,,,,,,,,,,
b/Supervision terminated with incarceration or removal to inactive status after arrest for a new major or minor offense.,,,,,,,,,,,,,,,,,,,,,
c/Excludes sexual abuse. See Terms and definitions.,,,,,,,,,,,,,,,,,,,,,
"Source: Bureau of Justice Statistics, based on data from the Administrative Office of the U.S. Courts, Probation and Pretrial Services Automated Case Tracking System, fiscal year 2016.",,,,,,,,,,,,,,,,,,,,,
