Bureau of Justice Statistics,,,,,,,,,,,
Filename: fjs16stt8.1.csv,,,,,,,,,,,
"Table 8.1. Admissions and releases of federal prisoners, by offense, FY 2016",,,,,,,,,,,
"Report title: Federal Justice Statistics, 2016 - Statistical Tables  NCJ 251772",,,,,,,,,,,
"Data Source: Bureau of Justice Statistics, based on data from the Federal Bureau of Prisons, SENTRY database, fiscal year 2016",,,,,,,,,,,
"Author: Mark Motivans, Ph.D., BJS Statistician",,,,,,,,,,,
Refer questions to: askbjs@usdoj.gov 202-307-0765,,,,,,,,,,,
Date of version: 12/29/2020,,,,,,,,,,,
,,,,,,,,,,,
"Table 8.1. Admissions and releases of federal prisoners, by offense, FY 2016",,,,,,,,,,,
,,,,Prisoners admitted to district court,,,First release,,,,
Most serious offense ,,,Population at start of year,1 year or less,More than 1 year,All other/a,1 year or less,More than 1 year,All other/a,Population at end of year,Net population change
,All prisoners,,"190,285","10,541","41,075","10,713","12,247","54,457","11,452","174,458","-15,827"
Violent offenses,,,"10,955",89,"1,460","1,092",112,"1,657","1,140","10,687",-268
,Murder/manslaughter,,"1,357",3,102,97,3,85,102,"1,369",12
,Assault,,"1,219",65,408,327,86,388,313,"1,232",13
,Robbery,,"6,381",13,721,491,16,966,571,"6,053",-328
,Sexual abuse,,"1,159",7,170,160,6,160,130,"1,200",41
,Kidnapping,,800,1,49,12,0,48,12,802,2
,Threats against the President,,39,0,10,5,1,10,12,31,-8
Property offenses,,,"12,045",835,"3,814","1,255","1,008","4,474","1,423","11,044","-1,001"
,Fraudulent,,"10,278",666,"3,283",900,805,"3,864","1,025","9,433",-845
,,Embezzlement,132,23,54,16,21,67,13,124,-8
,,Fraud,"9,639",602,"3,081",673,734,"3,593",786,"8,882",-757
,,Forgery,65,6,31,37,8,23,30,78,13
,,Counterfeiting,442,35,117,174,42,181,196,349,-93
,Other,,"1,767",169,531,355,203,610,398,"1,611",-156
,,Burglary,163,4,35,54,7,38,60,151,-12
,,Larceny,781,138,306,180,159,327,206,713,-68
,,Motor-vehicle theft,79,10,16,21,10,21,30,65,-14
,,Arson/explosives,165,0,22,20,1,35,17,154,-11
,,Transportation of stolen property,92,7,32,7,12,37,7,82,-10
,,Other property offenses,487,10,120,73,14,152,78,446,-41
Drug offenses,,,"94,163","1,710","16,136","4,282","2,011","26,516","4,551","83,213","-10,950"
,Trafficking,,"93,626",507,"16,129","4,237",606,"26,504","4,504","82,885","-10,741"
,Possession/other drug offenses,,537,"1,203",7,45,"1,405",12,47,328,-209
Public-order offenses,,,"23,081",477,"5,689","1,130",584,"4,559","1,158","24,076",995
,Regulatory,,"3,066",144,"1,074",182,169,"1,050",190,"3,057",-9
,Other,,"20,015",333,"4,615",948,415,"3,509",968,"21,019","1,004"
,,Tax-law violations,491,68,164,13,80,219,22,415,-76
,,Bribery,74,12,33,6,10,34,4,77,3
,,Perjury/contempt/intimidation,81,10,31,13,17,37,11,70,-11
,,National defense,213,3,40,7,1,34,5,223,10
,,Escape,50,60,323,128,63,110,128,260,210
,,Racketeering/extortion,"6,486",49,"1,281",188,62,"1,267",204,"6,471",-15
,,Gambling,0,0,0,0,0,0,0,0,0
,,Liquor,1,0,1,0,0,0,0,2,1
,,Other sex offenses/b,"11,870",17,"2,404",279,27,"1,452",275,"12,816",946
,,Traffic,63,65,4,27,98,4,40,17,-46
,,Wildlife,7,3,2,2,7,2,2,3,-4
,,Environmental,8,6,7,1,8,2,1,11,3
,,All other offenses,671,40,325,284,42,348,276,654,-17
Weapons offenses,,,"30,696",173,"5,773","2,135",170,"7,241","2,277","29,089","-1,607"
Immigration offenses,,,"18,311","7,168","7,986",743,"8,244","9,730",805,"15,429","-2,882"
"Note: An offense category could not be determined for 382 prisoners admitted in fiscal year 2016, 496 prisoners released in fiscal year 2016, 1,034 prisoners at the start of fiscal year 2016, and 920 prisoners at the end of fiscal year 2016. Murder includes non-negligent manslaughter; sexual abuse includes only violent sex offenses; fraud excludes tax fraud; larceny excludes transportation of stolen property; other property offenses excludes fraudulent property offenses and includes destruction of property and trespassing; tax-law violations includes tax fraud; and all other offenses includes unclassifiable offenses.",,,,,,,,,,,
a/Includes individuals who had a missing sentence or an admission code of other than U.S. district court commitment.,,,,,,,,,,,
b/Excludes sexual abuse. See Terms and definitions.,,,,,,,,,,,
"Source: Bureau of Justice Statistics, based on data from the Federal Bureau of Prisons, SENTRY database, fiscal year 2016.",,,,,,,,,,,
