Bureau of Justice Statistics,,,,,,,,,,,,,,,,,,,,,,
Filename: fjs16stt7.6.csv,,,,,,,,,,,,,,,,,,,,,,
"Table 7.6. Outcomes of offenders terminating supervised release, by offender demographic characteristics, FY 2016",,,,,,,,,,,,,,,,,,,,,,
"Report title: Federal Justice Statistics, 2016 - Statistical Tables  NCJ 251772",,,,,,,,,,,,,,,,,,,,,,
"Data Source: Bureau of Justice Statistics, based on data from the Administrative Office of the U.S. Courts, Probation and Pretrial Services Automated Case Tracking System, fiscal year 2016",,,,,,,,,,,,,,,,,,,,,,
"Author: Mark Motivans, Ph.D., BJS Statistician",,,,,,,,,,,,,,,,,,,,,,
Refer questions to: askbjs@usdoj.gov 202-307-0765,,,,,,,,,,,,,,,,,,,,,,
Date of version: 12/29/2020,,,,,,,,,,,,,,,,,,,,,,
,,,,,,,,,,,,,,,,,,,,,,
"Table 7.6. Outcomes of offenders terminating supervised release, by offender demographic characteristics, FY 2016",,,,,,,,,,,,,,,,,,,,,,
,,,Percent terminating supervised release with�,,,,,,,,,,,,,,,,,,,
,,,,,,,,,Technical violations/a,,,,,,,,,,,,,
Offender characteristic,,Number of released terminations,Total,,,No violation,,,Drug use,,,Fugitive status,,,Other,,,New crime/b,,,Administrative case closures ,
,All offenders/c,"48,399",100,%,,73.2,%,,1.9,%,,2.1,%,,2.6,%,,5.3,%,,14.7,%
Sex,,,,,,,,,,,,,,,,,,,,,,
,Male,"41,274",100,%,,71.2,%,,2,%,,2.2,%,,2.8,%,,6,%,,15.8,%
,Female,"7,125",100,%,,84.4,,,1.6,,,1.7,,,1.6,,,1.9,,,8.8,
Race,,,,,,,,,,,,,,,,,,,,,,
,White,"27,187",100,%,,74.7,%,,2.2,%,,1.9,%,,2.4,%,,4.2,%,,14.5,%
,Black/African American,"17,484",100,%,,72.2,,,1.3,,,1.9,,,2.5,,,7.1,,,15.1,
,American Indian/Alaska Native,"2,195",100,%,,51.4,,,4,,,9.3,,,9.4,,,8.9,,,17,
,Asian/Native Hawaiian/Other Pacific Islander,"1,026",100,%,,83.6,,,1.7,,,1.2,,,1.7,,,1.2,,,10.7,
,Two or more races,192,100,%,,82.1,,,1.2,,,1.7,,,0.6,,,2.3,,,12.1,
Ethnicity,,,,,,,,,,,,,,,,,,,,,,
,Hispanic,"11,838",100,%,,69.2,%,,2.8,%,,2.6,%,,2.9,%,,5,%,,17.5,%
,Non-Hispanic,"35,954",100,%,,74.6,,,1.6,,,2,,,2.5,,,5.5,,,13.7,
Age,,,,,,,,,,,,,,,,,,,,,,
,17 or younger,2,100,%,,^,,,...,,,...,,,...,,,...,,,...,
,18-19,19,100,%,,20,%,,...,,,...,,,...,,,...,,,80,%
,20-24,"1,457",100,%,,71.3,,,0.3,%,,...,,,0.4,%,,0.9,%,,27.1,
,25-29,"4,749",100,%,,83.3,,,0.1,,,0.2,%,,0.1,,,0.5,,,15.8,
,30-34,"6,797",100,%,,86,,,<0.1,,,0.3,,,0.1,,,0.6,,,13,
,35-39,"7,650",100,%,,89,,,0.1,,,0.1,,,0.2,,,0.2,,,10.4,
,40-44,"6,254",100,%,,90.2,,,<0.1,,,0.1,,,0.2,,,0.2,,,9.3,
,45-49,"4,946",100,%,,91,,,0.1,,,0.2,,,0.1,,,0.2,,,8.5,
,50-54,"3,814",100,%,,90.6,,,...,,,0.1,,,<0.1,,,0.2,,,9.1,
,55-59,"2,616",100,%,,91.4,,,...,,,<0.1,,,0.1,,,0.1,,,8.3,
,60-64,"1,644",100,%,,90.5,,,...,,,0.1,,,0.1,,,0.1,,,9.1,
,65 or older,"1,661",100,%,,87.6,,,...,,,0.1,,,...,,,...,,,12.3,
"Note: Details may not sum to totals due to rounding. Data were missing for the following: race (315), ethnicity (607), and age (6,790).",,,,,,,,,,,,,,,,,,,,,,
...Not available. No cases of this type occurred.,,,,,,,,,,,,,,,,,,,,,,
a/Supervision terminated with incarceration or removal to inactive status for violation of supervision conditions other than charges for new offenses.,,,,,,,,,,,,,,,,,,,,,,
b/Supervision terminated with incarceration or removal to inactive status after arrest for a new major or minor offense.,,,,,,,,,,,,,,,,,,,,,,
c/Total includes offenders whose characteristics could not be determined.,,,,,,,,,,,,,,,,,,,,,,
"Source: Bureau of Justice Statistics, based on data from the Administrative Office of the U.S. Courts, Probation and Pretrial Services Automated Case Tracking System, fiscal year 2016.",,,,,,,,,,,,,,,,,,,,,,
