Bureau of Justice Statistics,,,,,,,,,,,,,,,,,,,,,,,,
Filename: fjs16stt7.7.csv,,,,,,,,,,,,,,,,,,,,,,,,
"Table 7.7. Outcomes of offenders terminating parole, by offense, FY 2016",,,,,,,,,,,,,,,,,,,,,,,,
"Report title: Federal Justice Statistics, 2016 - Statistical Tables  NCJ 251772",,,,,,,,,,,,,,,,,,,,,,,,
"Data Source: Bureau of Justice Statistics, based on data from the Administrative Office of the U.S. Courts, Probation and Pretrial Services Automated Case Tracking System, fiscal year 2016",,,,,,,,,,,,,,,,,,,,,,,,
"Author: Mark Motivans, Ph.D., BJS Statistician",,,,,,,,,,,,,,,,,,,,,,,,
Refer questions to: askbjs@usdoj.gov 202-307-0765,,,,,,,,,,,,,,,,,,,,,,,,
Date of version: 12/29/2020,,,,,,,,,,,,,,,,,,,,,,,,
 ,,,,,,,,,,,,,,,,,,,,,,,,
"Table 7.7. Outcomes of offenders terminating parole, by offense, FY 2016",,,,,,,,,,,,,,,,,,,,,,,,
,,,,,,,,Percent of parolees terminating with�,,,,,,,,,,,,,,,,
,,,,,,,,,,,Technical violations/a,,,,,,,,,,,,,
Most serious offense ,,,,Number of parole terminations,Total,,,No violation,,,Drug use,,,Fugitive status,,,Other,,,New crime/b,,,Administrative case closures,
,All offenses,,,439,100,%,,73.8,%,,2,%,,1.7,%,,3.2,%,,4.2,%,,15.2,%
Felonies,,,,438,100,%,,73.8,%,,2,%,,1.7,%,,3.2,%,,4.2,%,,15.2,%
,Violent offenses,,,242,100,%,,70.6,,,1.8,,,2.6,,,2.6,,,6.1,,,16.2,
,,Murder,,68,100,%,,60,,,3.1,,,4.6,,,1.5,,,9.2,,,21.5,
,,Assault,,25,100,%,,83.3,,,...,,,...,,,...,,,...,,,16.7,
,,Robbery,,59,100,%,,64.9,,,3.5,,,5.3,,,7,,,8.8,,,10.5,
,,Sexual abuse,,77,100,%,,82.9,,,...,,,...,,,1.4,,,4.3,,,11.4,
,,Kidnapping,,13,100,%,,58.3,,,...,,,...,,,...,,,...,,,41.7,
,,Threats against the President,,0,100,%,,...,,,...,,,...,,,...,,,...,,,...,
,Property offenses,,,33,100,%,,65.5,,,3.4,,,...,,,13.8,,,3.4,,,13.8,
,,Fraudulent,,13,100,%,,69.2,,,7.7,,,...,,,15.4,,,...,,,7.7,
,,,Embezzlement,0,100,%,,...,,,...,,,...,,,...,,,...,,,...,
,,,Fraud,10,100,%,,^,,,...,,,...,,,^,,,...,,,^,
,,,Forgery,0,100,%,,...,,,...,,,...,,,...,,,...,,,...,
,,,Counterfeiting,3,100,%,,^,,,^,,,...,,,...,,,...,,,...,
,,Other,,20,100,%,,62.5,,,...,,,...,,,12.5,,,6.3,,,18.8,
,,,Burglary,5,100,%,,^,,,...,,,...,,,^,,,^,,,^,
,,,Larceny,12,100,%,,80,,,...,,,...,,,10,,,...,,,10,
,,,Motor-vehicle theft,2,100,%,,...,,,...,,,...,,,...,,,...,,,^,
,,,Arson/explosives,1,100,%,,...,,,...,,,...,,,...,,,...,,,...,
,,,Transportation of stolen property,0,100,%,,...,,,...,,,...,,,...,,,...,,,...,
,,,Other property offenses,0,100,%,,...,,,...,,,...,,,...,,,...,,,...,
,Drug offenses,,,74,100,%,,84.5,,,...,,,...,,,...,,,...,,,15.5,
,,Trafficking,,61,100,%,,82.8,,,...,,,...,,,...,,,...,,,17.2,
,,Possession/other drug offenses,,13,100,%,,92.3,,,...,,,...,,,...,,,...,,,7.7,
,Public-order offenses,,,57,100,%,,85.5,,,1.8,,,1.8,,,1.8,,,...,,,9.1,
,,Regulatory,,2,100,%,,^,,,...,,,^,,,...,,,...,,,...,
,,,Agriculture,0,100,%,,...,,,...,,,...,,,...,,,...,,,...,
,,,Antitrust,0,100,%,,...,,,...,,,...,,,...,,,...,,,...,
,,,Food/drug,0,100,%,,...,,,...,,,...,,,...,,,...,,,...,
,,,Transportation,1,100,%,,^,,,...,,,...,,,...,,,...,,,...,
,,,Civil rights,0,100,%,,...,,,...,,,...,,,...,,,...,,,...,
,,,Communications,0,100,%,,...,,,...,,,...,,,...,,,...,,,...,
,,,Customs laws,0,100,%,,...,,,...,,,...,,,...,,,...,,,...,
,,,Postal laws,1,100,%,,...,,,...,,,^,,,...,,,...,,,...,
,,,Other regulatory offenses,0,100,%,,...,,,...,,,...,,,...,,,...,,,...,
,,Other,,55,100,%,,86.8,,,1.9,,,...,,,1.9,,,...,,,9.4,
,,,Tax-law violations,0,100,%,,...,,,...,,,...,,,...,,,...,,,...,
,,,Bribery,1,100,%,,^,,,...,,,...,,,...,,,...,,,...,
,,,Perjury/contempt/intimidation,0,100,%,,...,,,...,,,...,,,...,,,...,,,...,
,,,National defense,2,100,%,,^,,,...,,,...,,,...,,,...,,,^,
,,,Escape,1,100,%,,^,,,...,,,...,,,...,,,...,,,...,
,,,Racketeering/extortion,10,100,%,,^,,,^,,,...,,,...,,,...,,,^,
,,,Gambling,0,100,%,,...,,,...,,,...,,,...,,,...,,,...,
,,,Other sex offenses/c,41,100,%,,90.2,,,...,,,...,,,2.4,,,...,,,7.3,
,,,Wildlife,0,100,%,,...,,,...,,,...,,,...,,,...,,,...,
,,,Environmental,0,100,%,,...,,,...,,,...,,,...,,,...,,,...,
,,,All other felonies,0,100,%,,...,,,...,,,...,,,...,,,...,,,...,
,Weapons offenses,,,32,100,%,,56,,,8,,,...,,,8,,,8,,,20,
,Immigration offenses,,,0,100,%,,...,,,...,,,...,,,...,,,...,,,...,
Misdemeanors,,,,1,100,%,,^,,,...,,,...,,,...,,,...,,,...,
,Fraudulent property offenses,,,0,100,%,,...,,,...,,,...,,,...,,,...,,,...,
,Larceny,,,0,100,%,,...,,,...,,,...,,,...,,,...,,,...,
,Drug possession,,,0,100,%,,...,,,...,,,...,,,...,,,...,,,...,
,Immigration misdemeanors,,,0,100,%,,...,,,...,,,...,,,...,,,...,,,...,
,Traffic,,,0,100,%,,...,,,...,,,...,,,...,,,...,,,...,
,Other misdemeanors,,,1,100,%,,^,,,...,,,...,,,...,,,...,,,...,
Note: Murder includes non-negligent manslaughter; sexual abuse includes only violent sex offenses; fraud excludes tax fraud; larceny excludes transportation of stolen property; other property offenses excludes fraudulent property offenses and includes destruction of property and trespassing; tax-law violations includes tax fraud; other felonies and other misdemeanors include unclassifiable offenses; and drug possession includes other drug misdemeanors. Details may not sum to totals due to rounding. ,,,,,,,,,,,,,,,,,,,,,,,,
...Not available. No cases of this type occurred.,,,,,,,,,,,,,,,,,,,,,,,,
^Too few cases to provide a reliable estimate.,,,,,,,,,,,,,,,,,,,,,,,,
a/Supervision terminated with incarceration or removal to inactive status for violation of supervision conditions other than charges for new offenses.,,,,,,,,,,,,,,,,,,,,,,,,
b/Supervision terminated with incarceration or removal to inactive status after arrest for a new major or minor offense.,,,,,,,,,,,,,,,,,,,,,,,,
c/Excludes sexual abuse. See Terms and definitions.,,,,,,,,,,,,,,,,,,,,,,,,
"Source: Bureau of Justice Statistics, based on data from the Administrative Office of the U.S. Courts, Probation and Pretrial Services Automated Case Tracking System, fiscal year 2016.",,,,,,,,,,,,,,,,,,,,,,,,
