Bureau of Justice Statistics,,,,,,,,,,,,,,,,,,,,,,,,,,,,
Filename: fjs16stt8.4.csv,,,,,,,,,,,,,,,,,,,,,,,,,,,,
"Table 8.4. Demographic characteristics of offenders first released from prison, by offense, FY 2016",,,,,,,,,,,,,,,,,,,,,,,,,,,,
"Report title: Federal Justice Statistics, 2016 - Statistical Tables  NCJ 251772",,,,,,,,,,,,,,,,,,,,,,,,,,,,
"Data Source: Bureau of Justice Statistics, based on data from the Federal Bureau of Prisons, SENTRY database, fiscal year 2016",,,,,,,,,,,,,,,,,,,,,,,,,,,,
"Author: Mark Motivans, Ph.D., BJS Statistician",,,,,,,,,,,,,,,,,,,,,,,,,,,,
Refer questions to: askbjs@usdoj.gov 202-307-0765,,,,,,,,,,,,,,,,,,,,,,,,,,,,
Date of version: 12/29/2020,,,,,,,,,,,,,,,,,,,,,,,,,,,,
,,,,,,,,,,,,,,,,,,,,,,,,,,,,
"Table 8.4. Demographic characteristics of offenders first released from prison, by offense, FY 2016",,,,,,,,,,,,,,,,,,,,,,,,,,,,
,,,,,,Percent of released offenders convicted of�,,,,,,,,,,,,,,,,,,,,,,
,,,,,,,,,Property offenses,,,,,,,,,Public-order offenses,,,,,,,,,,
Offender characteristic,,Total number of released offenders,All offenses,,,Violent offenses,,,Fraudulent,,,Other,,,Drug offenses,,,Regulatory,,,Other,,,Weapons offenses,,,Immigration offenses,
Number of releases,,"66,704","66,704",,,"1,769",,,"4,669",,,813,,,"28,527",,,"1,219",,,"3,924",,,"7,411",,,"17,974",
Sex,,,,,,,,,,,,,,,,,,,,,,,,,,,,
,Male,"60,591",90.9,%,,92.5,%,,74.8,%,,78.6,%,,89.2,%,,76,%,,91.4,%,,97.6,%,,96.3,%
,Female,"6,083",9.1,,,7.5,,,25.2,,,21.4,,,10.8,,,24,,,8.6,,,2.4,,,3.7,
Race,,,,,,,,,,,,,,,,,,,,,,,,,,,,
,White,"48,139",72.2,%,,42.1,%,,62.9,%,,61.6,%,,66.4,%,,72,%,,75,%,,44.8,%,,98,%
,Black/African American,"16,507",24.8,,,29.8,,,32.4,,,28.9,,,31.3,,,21.2,,,19.9,,,52.6,,,1.6,
,American Indian/Alaska Native,"1,025",1.5,,,27.3,,,0.3,,,6.3,,,0.8,,,1.1,,,2.4,,,1.4,,,0.2,
,Asian/Native Hawaiian/Other Pacific Islander,"1,003",1.5,,,0.8,,,4.4,,,3.2,,,1.6,,,5.7,,,2.7,,,1.1,,,0.2,
Ethnicity,,,,,,,,,,,,,,,,,,,,,,,,,,,,
,Hispanic,"34,295",51.4,%,,10.5,%,,22.1,%,,15.1,%,,46.1,%,,21.2,%,,17.9,%,,19.5,%,,96.4,%
,Non-Hispanic,"32,379",48.6,,,89.5,,,77.9,,,84.9,,,53.9,,,78.8,,,82.1,,,80.5,,,3.6,
Age,,,,,,,,,,,,,,,,,,,,,,,,,,,,
,17 or younger,6,<0.1,%,,0.1,%,,...,,,0.2,%,,...,,,...,,,<0.1,%,,...,,,<0.1,%
,18-19,315,0.5,,,0.3,,,0.1,%,,0.2,,,0.6,%,,0.2,%,,0.1,,,<0.1,%,,0.7,
,20-24,"3,969",6,,,7.1,,,3.5,,,6.9,,,5.9,,,2.9,,,3.8,,,5,,,7.6,
,25-29,"8,557",12.8,,,14.6,,,10.5,,,11.2,,,11.7,,,7.2,,,10.5,,,16.6,,,14.6,
,30-34,"11,813",17.7,,,14.2,,,13.5,,,13.9,,,16.9,,,9.9,,,13,,,22.5,,,20.4,
,35-39,"12,364",18.5,,,13.7,,,15.3,,,14.1,,,19.7,,,13.3,,,12.9,,,19.3,,,19.5,
,40-44,"10,128",15.2,,,12.5,,,14.1,,,10.3,,,16,,,16,,,12.4,,,13.6,,,15.9,
,45-49,"7,462",11.2,,,11.6,,,12.5,,,13,,,11.6,,,15.5,,,12.3,,,9,,,10.6,
,50-54,"5,227",7.8,,,10.4,,,10.8,,,10.8,,,8.1,,,10.7,,,11,,,6,,,6.1,
,55-59,"3,344",5,,,7.3,,,8,,,7.9,,,4.8,,,10.2,,,8.7,,,4.3,,,3.1,
,60-64,"1,827",2.7,,,4.8,,,5.2,,,5,,,2.7,,,6.7,,,6.5,,,2,,,1,
,65 or older,"1,662",2.5,,,3.5,,,6.5,,,6.3,,,2.1,,,7.5,,,8.9,,,1.4,,,0.5,
Citizenship,,,,,,,,,,,,,,,,,,,,,,,,,,,,
,U.S. citizen,"38,831",58.3,%,,94.7,%,,80,%,,93.1,%,,69.9,%,,84.5,%,,90.5,%,,93.3,%,,5.5,%
,Non-U.S. citizen,"27,803",41.7,,,5.3,,,20,,,6.9,,,30.1,,,15.5,,,9.5,,,6.7,,,94.5,
"Note: Total includes prisoners whose offense category could not be determined. Percentages are based only on the prison populations for whom characteristics were known. Details may not sum to totals due to rounding. Data were missing for the following: offense (398), sex (30), race (30), ethnicity (30), age (30), and citizenship (70).",,,,,,,,,,,,,,,,,,,,,,,,,,,,
...Not available. No cases of this type occurred.,,,,,,,,,,,,,,,,,,,,,,,,,,,,
"Source: Bureau of Justice Statistics, based on data from the Federal Bureau of Prisons, SENTRY database, fiscal year 2016.",,,,,,,,,,,,,,,,,,,,,,,,,,,,
