Bureau of Justice Statistics,
Filename: tssp18f01.csv,
"Figure 1. Median time served in state prison before initial release, by most serious offense, 2018",
"Report title: Time Served in State Prison, 2018 �NCJ 255662",
"Data source: Bureau of Justice Statistics, National Corrections Reporting Program, 2018",
"Author: Danielle Kaeble, BJS Statistician",
Refer questions to: askbjs@usdoj.gov 202-307-0765,
Date of version: 3/30/2021,
,
"Figure 1. Median time served in state prison before initial release, by most serious offense, 2018",
Most serious offense,Number of years
Murder,17.5
Rape,7.2
Other violent offenses,2.4
Property offenses,1.08
Drug trafficking,1.4
Drug possession,0.73
Public order/other,1.08
All offenses,1.3
"Note: Initial release does not refer to first-time offenders but to offenders� first release from a given sentence (whether they are first-time offenders or not), as opposed to a re-release after a subsequent parole violation. Statistics are based on 44 states, and data exclude state prisoners with sentences of one year or less; those with missing values for most serious offense or calculated time served; those released by transfer, appeal, or detainer; and those who escaped. Data include 3,266 deaths in 2018. See table 1 for details and descriptions of offenses.",
"Source: Bureau of Justice Statistics, National Corrections Reporting Program, 2018.",
