Bureau of Justice Statistics,,,,,
Filename: tssp18t04.csv,,,,,
"Table 4. Deaths among state prisoners awaiting their initial release, by most serious offense, 2018",,,,,
"Report title: Time Served in State Prison, 2018 �NCJ 255662",,,,,
"Data source: Bureau of Justice Statistics, National Corrections Reporting Program, 2018",,,,,
"Author: Danielle Kaeble, BJS Statistician",,,,,
Refer questions to: askbjs@usdoj.gov 202-307-0765,,,,,
Date of version: 3/30/2021,,,,,
,,,,,
"Table 4. Deaths among state prisoners awaiting their initial release, by most serious offense, 2018",,,,,
Most serious offense,,Percent,,,Number
,All offenses,100,%,,"3,266"
Violent,,70.8,%,,"2,311"
,Murder,25.5,,,834
,Non-negligent manslaughter/a,1,,,33
,Negligent manslaughter,1.4,,,45
,Rape,10.9,,,356
,Other sexual assault,12.7,,,414
,Robbery,7.2,,,234
,Assault,8.5,,,277
,Other violent/b,3.6,,,118
Property,,9.8,%,,320
,Burglary,5.2,,,170
,Larceny-theft,1.9,,,63
,Motor-vehicle theft,0.1,,,3
,Fraud/c,1.3,,,43
,Other property/d,1.3,,,41
Drug,,8.9,%,,291
,Possession,1.6,,,53
,Trafficking,4.3,,,140
,Other drug/e,3,,,98
Public order,,9.6,%,,315
,Weapons,2.5,,,82
,Other public order/f,7.1,,,233
Other/unspecified,,0.3,%,,9
"Note: Details may not sum to totals due to rounding. Counts may differ from those published elsewhere due to non-reporting states. First release does not refer to first-time offenders but to offenders� first release after a given sentence (whether they are first-time offenders or not), as opposed to a re-release after a subsequent parole violation. Statistics are based on state prisoners who were released for the first time from their sentence in 42 states, and data exclude state prisoners with sentences of one year or less.",,,,,
a/Includes unspecified and other homicides.,,,,,
"b/Includes kidnapping, blackmail, extortion, hit and run with injury, and other unknown violent offenses.",,,,,
c/Includes forgery and embezzlement. ,,,,,
"d/Includes arson, receiving and trafficking of stolen property, destruction of property, trespassing, and other unknown property offenses.",,,,,
"e/Includes forging prescriptions, possession of drug paraphernalia, and other unspecified offenses.",,,,,
"f/Includes DUIs/DWIs; court offenses; commercialized vice, morals, and decency offenses; liquor law violations; and other public-order offenses.",,,,,
"Source: Bureau of Justice Statistics, National Corrections Reporting Program, 2018.",,,,,
