Bureau of Justice Statistics,,,,,,,,,
Filename: tssp18t01.csv,,,,,,,,,
"Table 1. Time served in state prison before initial release, by most serious offense, 2018",,,,,,,,,
"Report title: Time Served in State Prison, 2018 �NCJ 255662",,,,,,,,,
"Data source: Bureau of Justice Statistics, National Corrections Reporting Program, 2018",,,,,,,,,
"Author: Danielle Kaeble, BJS Statistician",,,,,,,,,
Refer questions to: askbjs@usdoj.gov 202-307-0765,,,,,,,,,
Date of version: 3/30/2021,,,,,,,,,
,,,,,,,,,
"Table 1. Time served in state prison before initial release, by most serious offense, 2018",,,,,,,,,
,,,,,Time served in prison/a,,,,
Most serious offense,,Percent of total releases,,,Median/b ,,,Mean,
,All offenses,100,%,,1.3, yrs.,,2.7, yrs.
Violent,,29.8,%,,2.4, yrs.,,4.8, yrs.
,Murder,1.7,,,17.5,,,17.8,
,Non-negligent manslaughter/c,0.4,,,7,,,8.2,
,Negligent manslaughter,0.8,,,3.7,,,5.3,
,Rape  ,1.5,,,7.2,,,9.6,
,Other sexual assault,3.4,,,3.6,,,5,
,Robbery,7.4,,,3.2,,,4.8,
,Assault,11.6,,,1.4,,,2.5,
,Other violent/d,2.3,,,1.5,,,3.5,
Property,,25.7,%,,13, mos.,,21, mos.
,Burglary,10.6,,,17,,,27,
,Larceny-theft,6.8,,,11,,,17,
,Motor-vehicle theft,1.5,,,11,,,15,
,Fraud/e,3.8,,,11,,,17,
,Other property/f,3,,,12,,,20,
Drug,,24.6,%,,12, mos.,,21, mos.
,Possession,8.6,,,9,,,13,
,Trafficking,9.4,,,17,,,26,
,Other drug/g,6.6,,,14,,,23,
Public order,,19.2,%,,13, mos.,,21, mos.
,Weapons,5.9,,,15,,,23,
,Other public order/h,13.3,,,12,,,20,
Other/unspecified,,0.7,%,,16, mos.,,31, mos.
,Number of releases,"376,993",,,~,,,~,
"Note: Details may not sum to totals due to rounding. Initial release does not refer to first-time offenders but to offenders� first release from a given sentence (whether they are first-time offenders or not), as opposed to a re-release after a subsequent parole violation. Statistics are based on 44 states, and data exclude state prisoners with sentences of one year or less; those with missing values for most serious offense or calculated time served; those released by transfer, appeal, or detainer; and those who escaped. Data include 3,266 deaths in 2018.",,,,,,,,,
~Not applicable. ,,,,,,,,,
a/Excludes time served in jail. ,,,,,,,,,
b/The statistical median represents the value at which 50% of the values are larger and 50% are smaller in a sequence of numbers.,,,,,,,,,
c/Includes unspecified and other homicides.,,,,,,,,,
"d/Includes kidnapping, blackmail, extortion, hit and run with injury, and other unknown violent offenses.",,,,,,,,,
e/Includes forgery and embezzlement. ,,,,,,,,,
"f/Includes arson, receiving and trafficking of stolen property, destruction of property, trespassing, and other unknown property offenses.",,,,,,,,,
"g/Includes forging prescriptions, possession of drug paraphernalia, and other unspecified offenses. ",,,,,,,,,
"h/Includes DUIs/DWIs; court offenses; commercialized vice, morals, and decency offenses; liquor law violations; and other public-order offenses.",,,,,,,,,
"Source: Bureau of Justice Statistics, National Corrections Reporting Program, 2018.",,,,,,,,,
