Bureau of Justice Statistics,,,,,,,,,,,,,,
Filename:  cf04t3_11.csv,,,,,,,,,,,,,,
"Table 3.11. Length of pretrial detention for cases terminated, by form of release or detention, and most serious offense charged, October 1, 2003 - September 30, 2004",,,,,,,,,,,,,,
"Report title:  Compendium of Federal Justice Statistics, 2004  NCJ # 213476",,,,,,,,,,,,,,
Data source:  Federal justice statistics database maintained by The Urban Institute,,,,,,,,,,,,,,
Author:  Urban Institute under the supervision of BJS,,,,,,,,,,,,,,
Refer questions to:  askbjs@usdoj.gov  202-307-0765,,,,,,,,,,,,,,
"Date of version:  November 13, 2006",,,,,,,,,,,,,,


"Table 3.11. Length of pretrial detention for cases terminated, by form of release or detention, and most serious offense charged, October 1, 2003 - September 30, 2004",,,,,,,,,,,,,,

,,,"Among defendants detained for any time prior to case disposition, the average number of days detained/a",,,,,,,,,,,
,,,Released on--,,,,,,,,Not released,,,
Most serious offense charged,,,Financial conditions,,Unsecured bond/b,,Personal recognizance,,Conditional release,,Financial condition,,Detained by court,
,All offenses,,27.2,days,36.9,days,35.9,days,112.4,days,71.2,days,108.3,days
Violent offenses,,,40.8,days,50.8,days,46.9,days,272.3,days,60.8,days,156.2,days
,Murder/c,,^,days,^,days,60.9,days,^,days,...,days,179.9,days
,Negligent manslaughter,,...,days,^,days,^,days,...,days,...,days,^,days
,Assault,,43.2,days,53.2,days,43.4,days,358.2,days,^,days,123.7,days
,Robbery,,27,days,48.3,days,63,days,^,days,74.8,days,160.5,days
,Sexual abuse/c,,23.7,days,48.7,days,31.7,days,^,days,...,days,151.8,days
,Kidnapping,,^,days,^,days,^,days,...,days,^,days,177.4,days
,Threats against the President,,^,days,^,days,^,days,...,days,^,days,257.3,days
Property offenses,,,25.4,days,41.9,days,32.9,days,68,days,95,days,97.5,days
,Fraudulent,,26.3,days,39.7,days,30.5,days,70.7,days,94.2,days,93.4,days
,,Embezzlement,15.4,days,17.9,days,6.3,days,...,days,^,days,92.1,days
,,Fraud/c,26.9,days,38.3,days,29.9,days,69.7,days,97.1,days,94.9,days
,,Forgery,41.5,days,17.3,days,69.8,days,^,days,^,days,84.1,days
,,Counterfeiting,22.8,days,53,days,34.2,days,^,days,86.5,days,83.7,days
,Other,,17,days,50.8,days,37.3,days,57.3,days,100.1,days,114.5,days
,,Burglary,^,days,13.2,days,23.3,days,^,days,^,days,96.2,days
,,Larceny/c,19.4,days,62.8,days,43.4,days,34,days,89.7,days,87.7,days
,,Motor vehicle theft,^,days,17.9,days,14.5,days,^,days,^,days,150.3,days
,,Arson and explosives,^,days,26.8,days,13.8,days,^,days,^,days,170.8,days
,,Transportation of stolen property,^,days,92.4,days,67,days,...,days,^,days,212.4,days
,,Other property offenses/c,^,days,5.3,days,4.7,days,^,days,...,days,^,days
Drug offenses,,,27.9,days,34.5,days,35.7,days,112.6,days,94.7,days,133.9,days
,Trafficking,,27.7,days,34.3,days,35.4,days,117.3,days,95.3,days,133.9,days
,Other drug offenses,,30.1,days,37,days,39.9,days,74.1,days,89.3,days,134.8,days
Public-order offenses,,,23.5,days,34.5,days,25.1,days,117,days,78.1,days,104.4,days
,Regulatory,,19.1,days,50.2,days,23.1,days,148.5,days,46,days,76.1,days
,Other,,27,days,26.9,days,26.5,days,95.4,days,118.2,days,115.3,days
,,Tax law violations/c,4.6,days,34.8,days,23.1,days,...,days,...,days,109.3,days
,,Bribery,81.6,days,25,days,1,days,^,days,^,days,^,days
,,"Perjury, contempt, and intimidation",^,days,33.3,days,59.8,days,^,days,^,days,114.3,days
,,National defense,8,days,55,days,2,days,^,days,^,days,111.7,days
,,Escape,10.3,days,18.1,days,32.5,days,^,days,57.5,days,65.5,days
,,Racketeering and extortion,32,days,28.1,days,22.1,days,^,days,224.4,days,183,days
,,Gambling,^,days,1,days,...,days,^,days,...,days,^,days
,,Liquor offenses,...,days,...,days,6.1,days,...,days,...,days,^,days
,,Nonviolent sex offenses,21.2,days,22.3,days,38.2,days,^,days,^,days,134.3,days
,,Obscene material/c,^,days,...,days,^,days,^,days,^,days,^,days
,,Traffic,2.5,days,26.4,days,12.4,days,56,days,...,days,34.5,days
,,Wildlife,^,days,...,days,...,days,^,days,^,days,^,days
,,Environmental,^,days,...,days,^,days,^,days,^,days,...,days
,,All other offenses/c,13,days,35.5,days,21.9,days,28,days,^,days,80.4,days
Weapons offenses,,,33.9,days,44.1,days,44.5,days,131.9,days,90.6,days,126.6,days
Immigration offenses,,,20.6,days,23.8,days,17.6,days,100.1,days,52.4,days,68.1,days

^ Too few cases to obtain statistically reliable data.,,,,,,,,,,,,,,
...No case of this type occurred in the data.,,,,,,,,,,,,,,
"a/Data describe 78,219 defendants who terminated pretrial services during fiscal year 2004. Data exclude defendants for whom periods of detention could not be determined or were unavailable. For further information, see Chapter notes, item 1, p. 56.",,,,,,,,,,,,,,
"b/Includes deposit bond, surety bond, and collateral bond.",,,,,,,,,,,,,,
"c/In this table, ""Murder"" includes nonnegligent manslaughter; ""Sexual abuse"" includes only violent sex offenses; ""Fraud"" excludes tax fraud; ""Larceny"" excludes transportation of stolen property; ""Other property offenses"" excludes fraudulent property offenses and includes destruction of property and trespassing; ""Tax law violations"" includes tax fraud; ""Obscene material"" denotes the mail or transport thereof; and ""All other offenses"" includes offenses with unclassifiable offense type."
