Bureau of Justice Statistics,,,,,,
Filename: jeee12t20.csv,,,,,,
Table 20. Supplemental data for 49 large city governments,,,,,,
"Report title: Justice Expenditure and Employment Extracts 2012 - Final, NCJ 250326",,,,,,
Data source: Justice Expenditure and Employment Extracts Program (JEEE),,,,,,
"Author: Jennifer Bronson, Ph.D., BJS Statistician",,,,,,
Refer questions to: askbjs@ojp.usdoj.gov (202) 307-0765,,,,,,
Date of version: 6/29/2018,,,,,,
,,,,,,
Table 20. Supplemental data for 49 large city governments,,,,,,
,,,,,,
,,"Expenditures, fiscal year 2012 (thousands of dollars)",,,,
,,All functions,,,"Full-time equivalent employment, March 2012",
City,"Population, 2012/a",Total (direct and intergovernmental),Direct expenditure only,Total general expenditure/b,All functions,General functions only/c
,,,,,,
"Albuquerque, NM",554888,1016998,1015193,825548,6321,5592
"Atlanta, GA",444002,2235459,2215263,1567457,7485,7174
"Austin, TX",865184,3194297,3194297,1511495,12580,10460
"Baltimore, MD",622705,4131275,4062561,3659497,25751,24968
"Baton Rouge, LA",229997,1305590,1292257,1203574,7578,7438
"Boston, MA",642031,3696699,3386931,3015689,19230,19023
,,,,,,
"Buffalo, NY",259947,1544147,1542562,1532082,8627,8524
"Charlotte, NC",774707,1587471,1578982,1257322,7175,6090
"Chicago, IL",2715521,9368169,9368169,7439104,33124,31298
"Cincinnati, OH",296788,1123669,1121804,783896,5283,4598
"Cleveland, OH",391376,1334238,1324996,897745,7389,5985
"Columbus, OH",811251,1586219,1585128,1353327,8035,7453
,,,,,,
"Dallas, TX",1243131,3306454,3294935,2542831,14235,12970
"Denver, CO",633976,3080081,3080081,2666832,12265,11153
"Detroit, MI",698682,3360107,3350432,2248401,12423,9695
"El Paso, TX",676401,871136,871136,621593,6260,5452
"Fort Worth, TX",779375,1448368,1448368,1116700,6536,5912
"Honolulu, HI",976711,2324071,2324071,1553966,9144,8626
,,,,,,
"Houston, TX",2177376,4540802,4490898,3695213,21007,20185
"Indianapolis, IN",834673,4032589,3981617,3151630,12737,11301
"Jacksonville, FL",837790,4266035,4114976,1860110,10194,8162
"Kansas City, MO",464511,1911798,1861297,1645099,6366,5853
"Long Beach, CA",468601,1975208,1975208,1760551,5861,4784
"Los Angeles, CA",3864724,15611941,15610417,8678060,51924,42899
,,,,,,
"Memphis, TN",659537,4310069,4307752,2276856,24196,21082
"Miami, FL",416952,943534,893534,740715,3878,3878
"Milwaukee, WI",599114,1457882,1419251,1000483,6449,6139
"Minneapolis, MN",392913,1114742,1061357,937235,5053,4811
"Nashville, TN",625488,3936715,3934943,2404691,20970,19529
"Newark, NJ",278414,861894,798256,810622,3857,3760
,,,,,,
"New Orleans, LA",370011,1831696,1831196,1674791,6568,5593
"New York, NY",8365069,104640000,96466237,79503238,404260,356784
"Oakland, CA",402074,1376097,1376097,1312390,3940,3940
"Oklahoma City, OK",599977,1055878,1034771,835103,4418,3918
"Omaha, NE",438188,642789,628267,580314,2825,2825
"Philadelphia, PA",1550584,7099140,6958441,5416858,29349,26503
,,,,,,
"Phoenix, AZ",1490625,3442022,3429187,2651717,13392,12278
"Pittsburgh, PA",306470,630736,630736,548857,3153,3153
"Portland, OR",603366,1553610,1553610,1280835,5804,5215
"St. Louis, MO",319083,1382024,1352024,1179835,6288,5978
"San Antonio, TX",1386305,4261688,4261688,1743282,15382,10640
"San Diego, CA",1340076,3155570,3151645,2359667,9425,8735
,,,,,,
"San Francisco, CA",829517,8828177,8796689,5703995,28349,22027
"San Jose, CA",985401,1746037,1708498,1409190,5214,4956
"Seattle, WA",635521,2793160,2616931,1658162,10193,7705
"Toledo, OH",283291,440352,407996,399159,2142,1856
"Tucson, AZ",526510,911879,911879,608535,4691,4222
"Tulsa, OK",394736,864642,863815,712633,3932,3423
"Washington, DC",635342,11796247,11361964,10765049,33956,33558
Note: Local government data are estimates subject to variability.,,,,,,
"a/Population figures are from the Bureau of the Census, Annual Estimates of the Resident Population for the United States, regions, states, and Puerto Rico: April 1, 2010 to July 1, 2015 (May 2016).",,,,,,
"b/""Total general expenditure"" excludes utilities, county-operated liquor stores, and insurance trust benefits.",,,,,,
"c/""General functions only"" FTE excludes utilities and county-operated liquor stores.",,,,,,
