Bureau of Justice Statistics,,,,,,,
Filename: jeee12t02.csv,,,,,,,
"Table 2. Percent distribution of employment and payrolls for the justice system by level of government, March 2012",,,,,,,
"Report title: Justice Expenditure and Employment Extracts 2012 Final, NCJ 250326",,,,,,,
Data source: Justice Expenditure and Employment Extracts Program (JEEE),,,,,,,
"Author: Jennifer Bronson, Ph.D., BJS Statistician",,,,,,,
Refer questions to: askbjs@ojp.usdoj.gov (202) 307-0765,,,,,,,
Date of version: 6/29/2018,,,,,,,
,,,,,,,
"Table 2. Percent distribution of employment and payrolls for the justice system by level of government, March 2012",,,,,,,
(Payroll amounts in thousands of dollars),,,,,,,
,,,,,,,
,,,,,Percent distribution,,
Activity,All governments,Federal Government,State governments,Local governments,Federal Government,State governments,Local governments
Total justice system:,,,,,,,
Total employees,2411138,293065,732039,1386034,12.2,30.4,57.5
Full time employees,-,-,711306,1246319,-,36.3,63.7
Full-time equivalent employment,-,-,722031,1302086,-,35.7,64.3
March payrolls,11854294,1904606,3364674,6585014,16.1,28.4,55.5
,,,,,,,
Police protection:,,,,,,,
Total employees,1163330,192354,102715,868261,16.5,8.8,74.6
Full time employees,-,-,99924,774983,-,11.4,88.6
Full-time equivalent employment,-,-,101086,811222,-,11.1,88.9
March payrolls,6149401,1216717,561105,4371579,19.8,9.1,71.1
,,,,,,,
Judicial and legal:,,,,,,,
Total employees,495102,62756,176949,255397,12.7,35.7,51.6
Full time employees,-,-,167998,223041,-,43,57
Full-time equivalent employment,-,-,172456,235471,-,42.3,57.7
March payrolls,2496932,463549,915346,1118037,18.6,36.7,44.8
,,,,,,,
Corrections:,,,,,,,
Total employees,752706,37955,452375,262376,5,60.1,34.9
Full time employees,-,-,443384,248295,-,64.1,35.9
Full-time equivalent employment,-,-,448489,255393,-,63.7,36.3
March payrolls,3207961,224340,1888223,1095398,7,58.9,34.1
Note: March payroll data may not sum to total because of rounding. The federal budget source provides only total employment for the federal government; that figure is included in the denominator used to compute the percent distribution of full time employees and full time equivalent employment for state and local governments.,,,,,,,
