Bureau of Justice Statistics,,,,,,,,,,,
Filename: jeee12t17.csv,,,,,,,,,,,
"Table 17. Police protection sworn and nonsworn employment and payrolls and percent distribution of full-time equivalent employment of 49 large city governments, March 2012",,,,,,,,,,,
"Report title: Justice Expenditure and Employment Extracts 2012 - Final, NCJ 250326",,,,,,,,,,,
Data source: Justice Expenditure and Employment Extracts Program (JEEE),,,,,,,,,,,
"Author: Jennifer Bronson, Ph.D., BJS Statistician",,,,,,,,,,,
Refer questions to: askbjs@ojp.usdoj.gov (202) 307-0765,,,,,,,,,,,
Date of version: 6/29/2018,,,,,,,,,,,
,,,,,,,,,,,
"Table 17. Police protection sworn and nonsworn employment and payrolls and percent distribution of full-time equivalent employment of 49 large city governments, March 2012",,,,,,,,,,,
(Payroll amounts in thousands of dollars),,,,,,,,,,,
,,,,,,,,,,,
,Sworn,,,,,,Nonsworn,,,,
,Number of employees,,Fulltime equivalent employment,,,,Number of employees,,Fulltime equivalent employment,,
City,Total,Fulltime only,Number,Percent of total police protection fulltime equivalent,March payrolls,Average earnings of fulltime employees (dollars),Total, Fulltime only,Number,Percent of total police protection fulltime equivalent, March payrolls
"Albuquerque, NM",1038,1038,1038,70.9,7610,7331,510,361,427,29.1,2217
"Atlanta, GA",1759,1759,1759,77.9,7572,4304,500,500,500,22.1,1969
"Austin, TX",1617,1617,1617,71.7,13206,8167,686,623,637,28.3,2390
"Baltimore, MD",2974,2974,2974,80,17866,6007,837,522,742,20,2824
"Baton Rouge, LA",755,755,755,56.5,2769,3667,627,394,582,43.5,1766
"Boston, MA",2136,2136,2136,76.1,16816,7873,790,589,669,23.9,3741
,,,,,,,,,,,
"Buffalo, NY",754,754,754,84.2,5251,6965,142,142,142,15.8,718
"Charlotte, NC",1805,1774,1786,79.4,10510,5884,471,460,464,20.6,1867
"Chicago, IL",12036,12036,12036,91.7,82871,6885,1539,683,1095,8.3,4653
"Cincinnati, OH",1018,1018,1018,86,6369,6256,199,115,166,14,539
"Cleveland, OH",1386,1377,1378,77.2,7214,5232,702,358,407,22.8,1923
"Columbus, OH",1876,1876,1876,85.7,11926,6357,319,308,313,14.3,1518
,,,,,,,,,,,
"Dallas, TX",3452,3452,3452,84.8,19530,5658,835,529,617,15.2,1920
"Denver, CO",1410,1410,1410,71.3,10656,7558,598,546,567,28.7,2379
"Detroit, MI",2894,2894,2894,87.7,19187,6630,406,406,406,12.3,2067
"El Paso, TX",1058,1055,1057,82.9,6282,5953,218,218,218,17.1,604
"Fort Worth, TX",1613,1613,1613,77.6,10319,6398,624,400,466,22.4,1606
"Honolulu, HI",2032,2032,2032,78.8,14970,7367,610,530,546,21.2,2002
,,,,,,,,,,,
"Houston, TX",5286,5286,5286,80.8,32026,6059,1260,1259,1260,19.2,4329
"Indianapolis, IN",1611,1611,1611,84.5,7049,4376,318,292,296,15.5,941
"Jacksonville, FL",1607,1607,1607,69.5,9270,5768,1046,630,706,30.5,2353
"Kansas City, MO",1364,1364,1364,69.9,2878,2110,588,588,588,30.1,1569
"Long Beach, CA",883,883,883,72.7,8759,9919,376,271,331,27.3,1650
"Los Angeles, CA",10074,10074,10074,78.1,82423,8182,2834,2824,2827,21.9,17129
,,,,,,,,,,,
"Memphis, TN",2401,2401,2401,80.6,10616,4422,600,357,578,19.4,1868
"Miami, FL",1234,1234,1234,83.5,5890,4773,243,243,243,16.5,1299
"Milwaukee, WI",1869,1869,1869,78.1,11140,5960,695,457,525,21.9,1710
"Minneapolis, MN",869,869,869,71.4,5597,6441,348,348,348,28.6,1498
"Nashville, TN",1315,1315,1315,73.5,6537,4971,600,384,475,26.5,1513
"Newark, NJ",1075,1075,1075,84.8,8466,7875,249,121,192,15.2,758
,,,,,,,,,,,
"New Orleans, LA",1561,1561,1561,96.8,5841,3742,53,48,51,3.2,182
"New York, NY",48316,46122,46857,92.8,340260,7316,3729,3558,3654,7.2,26275
"Oakland, CA",654,654,654,63.6,7564,11566,429,297,374,36.4,1908
"Oklahoma City, OK",988,988,988,78.3,6708,6790,380,234,274,21.7,1047
"Omaha, NE",807,773,796,82.7,5348,6816,176,149,166,17.3,638
"Philadelphia, PA",6599,6599,6599,86.2,42928,6505,1706,803,1058,13.8,4080
,,,,,,,,,,,
"Phoenix, AZ",3039,3039,3039,74.5,20430,6723,1059,1036,1039,25.5,4371
"Pittsburgh, PA",876,876,876,90.7,5919,6757,121,50,90,9.3,269
"Portland, OR",936,933,935,71.3,7076,7572,382,369,376,28.7,2018
"St. Louis, MO",1371,1371,1371,72.3,6339,4624,525,524,524,27.7,1992
"San Antonio, TX",2455,2451,2453,79.8,12710,5184,807,570,621,20.2,1991
"San Diego, CA",1821,1821,1821,78.3,15183,8338,613,474,504,21.7,2771
,,,,,,,,,,,
"San Francisco, CA",2634,2634,2634,83.1,25674,9747,535,535,535,16.9,3638
"San Jose, CA",1046,1046,1046,74.9,10719,10248,478,306,351,25.1,2082
"Seattle, WA",1416,1416,1416,78.8,12757,9010,383,374,380,21.2,2231
"Toledo, OH",429,429,429,80,2071,4828,107,107,107,20,357
"Tucson, AZ",861,861,861,69.9,5006,5814,375,358,371,30.1,1703
"Tulsa, OK",751,751,751,84.8,4164,5545,175,118,135,15.2,427
"Washington, DC",3797,3797,3797,86.6,27253,7177,589,589,589,13.4,3394
Note: Payroll data shown here may not sum to equal police protection March payroll data in table 16 due to rounding.,,,,,,,,,,,
