Bureau of Justice Statistics,
filename:  meco04tt02.csv,
Text Table 2. Average number of FTEs by size of jurisdiction,
"title: Medical Examiners and Coroners' Offices, 2004, NCJ 216756",
data source: 2005 Census of Medical Examiner and Coroners' Offices,
"authors:  Matthew J. Hickman, Ph.D., and Kristen A. Hughes, MPA",
refer questions to: askbjs@usdoj.gov (202)307-0765,
date of version: 5/7/2007,

Text Table 2. Average number of FTEs by size of jurisdiction,

Jurisdiction size,Average number of FTEs
"Large (250,000 or more)",22
"Medium (25,000 to 249,999)",2
"Small (Less than 25,000)",1
