Bureau of Justice Statistics,,,
filename:  meco04tt04.csv,,,
Text Table 4. Response rate of census by number of offices and size of population,,,
"title: Medical Examiners and Coroners' Offices, 2004, NCJ 216756",,,
data source: 2005 Census of Medical Examiner and Coroners' Offices,,,
"authors:  Matthew J. Hickman, Ph.D., and Kristen A. Hughes, MPA",,,
refer questions to: askbjs@usdoj.gov (202)307-0765,,,
date of version: 5/7/2007,,,

Text Table 4. Response rate of census by number of offices and size of population,,,

Population served,Total,Response rate,
Total,"1,998",85.9,%
"1,000,000 or more",57,98.2,%
"500,000 to 999,999",68,94.1,
"250,000 to 499,999",80,88.8,
"100,000 to 249,999",192,88.5
"50,000 to 99,999",240,86.3
"25,000 to 49,999",428,83.9
"10,000 to 24,999",542,83.9
"2,500 to 9,999",326,85.6
"Less than 2,500",65,86.2
