Bureau of Justice Statistics,,,,,,
filename:  meco04boxtt02.csv,,,,,,
Box Text Table 2. Five offices account for 54% of all unidentified human remains on record nationally,,,,,,
"title: Medical Examiners and Coroners' Offices, 2004, NCJ 216756",,,,,,
data source: 2005 Census of Medical Examiner and Coroners' Offices,,,,,,
"authors:  Matthew J. Hickman, Ph.D., and Kristen A. Hughes, MPA",,,,,,
refer questions to: askbjs@usdoj.gov (202)307-0765,,,,,,
date of version: 5/7/2007,,,,,,

Box Text Table 2. Five offices account for 54% of all unidentified human remains on record nationally,,,,,,

,,Population of jurisdiction served,Unidentified decedents on record,,,
City,State,,Number ,Percent,,Year of earliest case
New York                ,NY      ,"8,085,000","3,612",26.8,%,1996
Cleveland               ,OH      ,"1,363,000","2,184",16.2,,1900
Los Angeles             ,CA      ,"9,900,000",800,5.9,,1968
Houston                 ,TX      ,"3,644,000",411,3,,1957
San Bernardino          ,CA      ,"1,900,000",307,2.3,,...

Note: Excludes offices in Louisiana.,,,,,,
...Data not available.,,,,,,
