Bureau of Justice Statistics,,,,
filename:  meco04tt05.csv,,,,
Text Table 5. Response rate of census by number and type of office,,,,
"title: Medical Examiners and Coroners' Offices, 2004, NCJ 216756",,,,
data source: 2005 Census of Medical Examiner and Coroners' Offices,,,,
"authors:  Matthew J. Hickman, Ph.D., and Kristen A. Hughes, MPA",,,,
refer questions to: askbjs@usdoj.gov (202)307-0765,,,,
date of version: 5/7/2007,,,,

Text Table 5. Response rate of census by number and type of office,,,,

Type of office,,Total,Response rate,
Total,,"1,998",85.9,%
County coroner office,,"1,590",85.9,%
,"Large jurisdiction (250,000 or more)",82,89,
,"Medium jurisdiction (25,000 to 249,999)",660,86.4,
,"Small jurisdiction (Less than 25,000)",848,85.3,
County medical examiner office,,316,84.2,%
,"Large jurisdiction (250,000 or more)",69,94.2,
,"Medium jurisdiction (25,000 to 249,999)",172,83.1,
,"Small jurisdiction (Less than 25,000)",75,77.3,
District or regional medical examiner office,,35,94.3,%
District or regional coroner office,,29,82.8,
State medical examiner office,,24,100,
City medical examiner office,,3,100,
Other,,1,100,
