Bureau of Justice Statistics,,
filename:  meco04f02.csv,,
Figure 2. Medical examiners and coroners' offices conducted investigations for about 1 in 5 deaths in the United States,,
"title: Medical Examiners and Coroners' Offices, 2004, NCJ 216756",,
data source: 2005 Census of Medical Examiner and Coroners' Offices,,
"authors:  Matthew J. Hickman, Ph.D., and Kristen A. Hughes, MPA",,
refer questions to: askbjs@usdoj.gov (202)307-0765,,
date of version: 5/7/2007,,

Figure 2. Medical examiners and coroners' offices conducted investigations for about 1 in 5 deaths in the United States,,

Total human deaths,Cases referred to ME/C offices,Cases accepted for investigation
"2,398,000","956,000","487,000"

Note: Excludes offices in Lousiana,,
