﻿Bureau of Justice Statistics,,,,,,,
Filename: csllea18stt14.csv,,,,,,,
"Table 14. Special jurisdiction law enforcement agencies and full-time sworn personnel, by type of jurisdiction, 2018",,,,,,,
"Report title: Census of State and Local Law Enforcement Agencies, 2018 – Statistical Tables  NCJ 302187",,,,,,,
"Data Source: Bureau of Justice Statistics, Census of State and Local Law Enforcement Agencies, 2008 and 2018",,,,,,,
"Authors: Andrea M. Gardner and Kevin M. Scott, Ph.D., BJS Statisticians",,,,,,,
Refer questions to: askbjs@usdoj.gov 202-307-0765,,,,,,,
Date of version: 10/19/2022,,,,,,,
,,,,,,,
"Table 14. Special jurisdiction law enforcement agencies and full-time sworn personnel, by type of jurisdiction, 2018",,,,,,,
,,Agencies,,,Full-time sworn personnel ,,
Type of jurisdiction,,Number,"Percent change, 2008–2018",,Number,"Percent change, 2008–2018",
,All types,"1,753",1.2,%,"60,833",6.8,%
Public buildings/facilities,,"1,171",4,,"25,322",18.2,
Natural resources,,245,-0.4,,"13,390",-8.1,
Transportation systems/facilities,,145,-13.2,,"11,486",-0.2,
Criminal investigations,,92,-34.3,,"6,440",-11.9,
Special enforcement,,86,59.3,,"3,091",43,
Other,,15,...,,"1,104",...,
Note: Excludes agencies that did not employ at least one full-time equivalent (FTE) sworn officer. FTE is the number of full-time sworn officers plus half the number of part-time sworn officers. See appendix table 16 for standard errors.,,,,,,,
...Not available. Other special jurisdiction agencies were not included in 2008.,,,,,,,
"Source: Bureau of Justice Statistics, Census of State and Local Law Enforcement Agencies, 2008 and 2018.",,,,,,,
