﻿Bureau of Justice Statistics,,,,,,,,,,,,,,
Filename: csllea18stat07.csv,,,,,,,,,,,,,,
"Appendix table 7. Standard errors for table 5: Percent of full-time sworn state and local law enforcement officers who were female, by type and size of agency, 2018",,,,,,,,,,,,,,
"Report title: Census of State and Local Law Enforcement Agencies, 2018 – Statistical Tables  NCJ 302187",,,,,,,,,,,,,,
"Data Source: Bureau of Justice Statistics, Census of State and Local Law Enforcement Agencies, 2018",,,,,,,,,,,,,,
"Authors: Andrea M. Gardner and Kevin M. Scott, Ph.D., BJS Statisticians",,,,,,,,,,,,,,
Refer questions to: askbjs@usdoj.gov 202-307-0765,,,,,,,,,,,,,,
Date of version: 10/19/2022,,,,,,,,,,,,,,
,,,,,,,,,,,,,,
"Appendix table 7. Standard errors for table 5: Percent of full-time sworn state and local law enforcement officers who were female, by type and size of agency, 2018",,,,,,,,,,,,,,
Size of agency,,All types,,Local police,,Sheriff’s office,,Primary state,Tribal,,Special jurisdiction,,Constable/marshal,
,All sizes,0.06,%,0.08,%,0.11,%,~,0.41,%,0.09,%,0.35,%
500 or more FTE sworn officers,,0.1,,0.08,,0.27,,~,:,,0.51,,<0.05,
250–499,,0.09,,0.07,,0.18,,~,:,,0.23,,0.44,
100–249,,0.05,,<0.05,,0.11,,~,1.12,,0.26,,0.71,
50–99,,<0.05,,<0.05,,0.1,,:,0.71,,0.19,,1.12,
25–49,,<0.05,,<0.05,,0.07,,:,0.69,,0.1,,0.38,
24 or fewer,,<0.05,,<0.05,,0.05,,:,0.31,,0.08,,0.43,
~Not applicable. Counts were not estimated.,,,,,,,,,,,,,,
:Not calculated. No agencies of this type and size were reported. ,,,,,,,,,,,,,,
"Source: Bureau of Justice Statistics, Census of State and Local Law Enforcement Agencies, 2018.",,,,,,,,,,,,,,
