﻿Bureau of Justice Statistics,,,,,,
Filename: csllea18stat01.csv,,,,,,
"Appendix table 1. Estimates and standard errors for figure 1: Full-time state and local law enforcement employees, 1996, 2008, and 2018",,,,,,
"Report title: Census of State and Local Law Enforcement Agencies, 2018 – Statistical Tables  NCJ 302187",,,,,,
"Data Source: Bureau of Justice Statistics, Census of State and Local Law Enforcement Agencies, 1996, 2008, and 2018",,,,,,
"Authors: Andrea M. Gardner and Kevin M. Scott, Ph.D., BJS Statisticians",,,,,,
Refer questions to: askbjs@usdoj.gov 202-307-0765,,,,,,
Date of version: 10/19/2022,,,,,,
,,,,,,
"Appendix table 1. Estimates and standard errors for figure 1: Full-time state and local law enforcement employees, 1996, 2008, and 2018",,,,,,
,Full-time employees,,,,,
,Estimate,,,Standard error,,
Year,Total,Sworn,Civilian*,Total,Sworn,Civilian
1996,"921,978","663,535","258,443",~,~,~
2008,"1,133,915","765,246","368,669",~,~,~
2018,"1,214,260","787,565","426,695",9016.6,5450.7,4606.3
~Not applicable.,,,,,,
*Includes officers and deputies with limited or no arrest powers and nonsworn employees.,,,,,,
"Source: Bureau of Justice Statistics, Census of State and Local Law Enforcement Agencies, 1996, 2008, and 2018.",,,,,,
