﻿Bureau of Justice Statistics,,,
Filename: csllea18stf02.csv,,,
"Figure 2. Full-time state and local law enforcement employees per 100,000 U.S. residents, 1996, 2008, and 2018",,,
"Report title: Census of State and Local Law Enforcement Agencies, 2018 – Statistical Tables  NCJ 302187",,,
"Data Source: Bureau of Justice Statistics, Census of State and Local Law Enforcement Agencies, 1996, 2008, and 2018; and U.S. Census Bureau, Annual Estimates of the Resident Population for the United States, Regions, States, and Puerto Rico, 2018",,,
"Authors: Andrea M. Gardner and Kevin M. Scott, Ph.D., BJS Statisticians",,,
Refer questions to: askbjs@usdoj.gov 202-307-0765,,,
Date of version: 10/19/2022,,,
,,,
"Figure 2. Full-time state and local law enforcement employees per 100,000 U.S. residents, 1996, 2008, and 2018",,,
,"Full-time employees per 100,000 U.S. residents",,
Year,Total,Sworn,Civilian*
1996,348,250,97
2008,373,251,121
2018,372,241,131
Note: See appendix table 4 for standard errors.,,,
*Includes officers and deputies with limited or no arrest powers and nonsworn employees.,,,
"Source: Bureau of Justice Statistics, Census of State and Local Law Enforcement Agencies, 1996, 2008, and 2018; and U.S. Census Bureau, Annual Estimates of the Resident Population for the United States, Regions, States, and Puerto Rico, 2018.",,,
