﻿Bureau of Justice Statistics,,,,,,,,
Filename: csllea18stt12.csv,,,,,,,,
"Table 12. Full-time primary state law enforcement agency employees, by size of agency, 2018",,,,,,,,
"Report title: Census of State and Local Law Enforcement Agencies, 2018 – Statistical Tables  NCJ 302187",,,,,,,,
"Data Source: Bureau of Justice Statistics, Census of State and Local Law Enforcement Agencies, 2018",,,,,,,,
"Authors: Andrea M. Gardner and Kevin M. Scott, Ph.D., BJS Statisticians",,,,,,,,
Refer questions to: askbjs@usdoj.gov 202-307-0765,,,,,,,,
Date of version: 10/19/2022,,,,,,,,
,,,,,,,,
"Table 12. Full-time primary state law enforcement agency employees, by size of agency, 2018",,,,,,,,
,,,Full-time employees,,,Part-time employees,,
Size of agency/a,,Primary state agencies,Total,Sworn,Civilian*,Total,Sworn,Civilian*
,All sizes,49,"92,756","60,451","32,305",690,139,551
"1,000 or more FTE sworn officers",,19,"69,126","45,141","23,985",187,0,187
500–999,,14,"15,720","10,153","5,567",356,75,281
250–499,,11,"6,554","4,187","2,367",132,64,68
100–249,,5,"1,356",970,386,15,0,15
Note: Excludes agencies that did not employ at least one full-time equivalent (FTE) sworn officer. FTE is the number of full-time sworn officers plus half the number of part-time sworn officers. Excludes Hawaii because it did not have a primary state police department.,,,,,,,,
*Includes officers with limited or no arrest powers and nonsworn employees.,,,,,,,,
a/No primary state law enforcement agency has fewer than 100 FTE sworn officers.,,,,,,,,
"Source: Bureau of Justice Statistics, Census of State and Local Law Enforcement Agencies, 2018.",,,,,,,,
