﻿Bureau of Justice Statistics,,,
Filename: csllea18stat16.csv,,,
"Appendix table 16. Standard errors for table 15: Special jurisdiction law enforcement agencies and full-time sworn personnel, by jurisdiction detail, 2018",,,
"Report title: Census of State and Local Law Enforcement Agencies, 2018 – Statistical Tables  NCJ 302187",,,
"Data Source: Bureau of Justice Statistics, Census of State and Local Law Enforcement Agencies, 2018",,,
"Authors: Andrea M. Gardner and Kevin M. Scott, Ph.D., BJS Statisticians",,,
Refer questions to: askbjs@usdoj.gov 202-307-0765,,,
Date of version: 10/19/2022,,,
,,,
"Appendix table 16. Standard errors for table 15: Special jurisdiction law enforcement agencies and full-time sworn personnel, by jurisdiction detail, 2018",,,
Jurisdiction detail,,Agencies,Full-time sworn personnel 
,Total,<0.05,553.7
Public buildings/facilities,,<0.05,231.8
,4-year university/college,3,152.2
,2-year college,2.9,63.3
,Public school district,3.1,137.6
,State government buildings,1.1,52.3
,Medical school/campus,0.7,158.9
,Public hospital/health facility,1.2,40.2
,Public housing,0.6,21.5
,Other state-owned facilities,0.6,12.8
Natural resources,,<0.05,54.2
,Fish and wildlife conservation laws,1.2,18.8
,Parks and recreational areas,1.3,43
,Environmental laws,0.4,10.2
,Water resources,0.9,29.3
,Forest resources,0.6,10.2
,Levee district,0.4,7.2
,Multifunction natural resources,0.8,39.5
Transportation systems/facilities,,<0.05,475.3
,Airports,1,150.1
,Railroad only,0.4,74.5
,Mass transit system,0.9,269.8
,Commercial vehicles,0.5,168.1
,Harbor/port facilities,0.8,446.8
,Bridges/tunnels,0.5,15.6
,Multiple types,0.6,96.8
Criminal investigations,,<0.05,118.4
,State bureau of investigation,0.7,40.9
,County/city investigations,0.3,52.6
,Fraud investigations,0.9,47.6
,Tax/revenue enforcement,0.9,15.7
,Attorney general,1,106.5
,Other/multiple types,0.9,44.4
Special enforcement,,<0.05,80.8
,Alcohol/tobacco laws,1.2,79.8
,Agricultural laws,0.9,56.8
,Narcotics laws,0.4,30.2
,Gaming laws,0.9,26.3
,Racing laws,0.5,0.5
,Motor vehicle/DMV,0.5,51.6
,Other/multiple types,0.9,53
Other,,<0.05,59.2
"Source: Bureau of Justice Statistics, Census of State and Local Law Enforcement Agencies, 2018.",,,
