﻿Bureau of Justice Statistics,,,,,,,,
Filename: csllea18stat10.csv,,,,,,,,
"Appendix table 10. Standard errors for table 7: Local police department employees, by size of department, 2018",,,,,,,,
"Report title: Census of State and Local Law Enforcement Agencies, 2018 – Statistical Tables  NCJ 302187",,,,,,,,
"Data Source: Bureau of Justice Statistics, Census of State and Local Law Enforcement Agencies, 2018",,,,,,,,
"Authors: Andrea M. Gardner and Kevin M. Scott, Ph.D., BJS Statisticians",,,,,,,,
Refer questions to: askbjs@usdoj.gov 202-307-0765,,,,,,,,
Date of version: 10/19/2022,,,,,,,,
,,,,,,,,
"Appendix table 10. Standard errors for table 7: Local police department employees, by size of department, 2018",,,,,,,,
,,,Full-time employees,,,Part-time employees,,
Size of department,,Local police departments,Total,Sworn,Civilian,Total,Sworn,Civilian
,All sizes,~,7601.2,5060.1,2662.8,667.3,120.9,686.8
"1,000 or more FTE sworn officers",,0.8,7665.1,5112.5,2671.5,645.3,39.7,674.7
500–999,,1,816.5,641.4,193,77.1,34.7,69.7
250–499,,1.1,514.3,393,132.5,63,23.1,55.2
100–249,,1.7,343.6,250.6,116.1,79.1,34,67.6
50–99,,2,172.5,130.6,59.5,81.6,27.6,77.8
25–49,,3.7,147.1,115.9,45.6,74.5,42.3,56
10–24,,7.2,116.8,93.1,39.4,89.9,70.5,50.6
5–9,,10,63.8,52.9,22.2,73.9,66.5,26.3
2–4,,9.7,29.4,24.2,12.9,39.4,34.5,15.5
1,,6.3,7.8,6.1,4.1,9.2,4,8.3
~Not applicable.,,,,,,,,
"Source: Bureau of Justice Statistics, Census of State and Local Law Enforcement Agencies, 2018.",,,,,,,,
