﻿Bureau of Justice Statistics,
Filename: csllea18stt10.csv,
"Table 10. Largest tribal police departments, by number of full‑time sworn personnel, 2018",
"Report title: Census of State and Local Law Enforcement Agencies, 2018 – Statistical Tables  NCJ 302187",
"Data Source: Bureau of Justice Statistics, Census of State and Local Law Enforcement Agencies, 2018",
"Authors: Andrea M. Gardner and Kevin M. Scott, Ph.D., BJS Statisticians",
Refer questions to: askbjs@usdoj.gov 202-307-0765,
Date of version: 10/19/2022,
 ,
"Table 10. Largest tribal police departments, by number of full‑time sworn personnel, 2018",
Agency,Full-time sworn personnel
Navajo Department of Law Enforcement (AZ),230
Seminole Police Department (FL),155
Salt River Tribal Police Department (AZ),132
Gila River Tribal Police Department (AZ),127
Tohono O'Odham Tribal Police (AZ),90
Cherokee Police Department (NC),77
Chickasaw Lighthorse Police Department (OK),63
Pine Ridge Police Department (SD),54
Pokagon Tribal Police Department (MI),52
Muscogee Creek Lighthorse Police Department (FL),47
Poarch Creek Police Department (AL),47
Laguna Tribal Police Department (NM),44
Choctaw Police Department (MS),44
Miccosukee Police Department (FL),42
Tulalip Tribal Police Department (WA),41
Choctaw Nation Tribal Police Department (OK),38
Oneida Indian Nation Police Department (NY),36
Fort Hall Tribal Police Department (ID),35
Shiprock Department of Law Enforcement (NM),35
Red Lake Department of Public Safety (MN),34
Cherokee Nation Marshal Service (OK),33
Colville Tribal Police Department (WA),30
Rosebud Sioux Tribal Police (SD),30
Saint Regis Mohawk Police Department (NY),30
Citizen Potawatomi Nation Tribal Police (OK),29
Leech Lake Tribal Police Department (MN),29
"Source: Bureau of Justice Statistics, Census of State and Local Law Enforcement Agencies, 2018.",
