"Bureau of Justice Statistics",,,,,,,,,,,
"Filename: cf985_05.csv",,,,,,,,,,,
"Table 5.5.  Average incarceration sentence lengths imposed, by offense and offender characteristics, October 1, 1997 - September 30, 1998",,,,,,,,,,,
"Report title:  Compendium of Federal Justice Statistics, 1998   NCJ 180258 ",,,,,,,,,,,
"Data source:  Federal Justice Statistics Program (database maintained by the Urban Institute)",,,,,,,,,,,
"Refer questions to:  askbjs@ojp.usdoj.gov   202-307-0765",,,,,,,,,,,
"Contact person:  John Scalia",,,,,,,,,,,
"Date of version:   5/18/00",,,,,,,,,,,
,,,,,,,,,,,
"Table 5.5.  Average incarceration sentence lengths imposed, by offense and offender characteristics,",,,,,,,,,,,
,,,"October 1, 1997 - September 30, 1998",,,,,,,,
,,,,,,,,,,,
,,,,,,"Mean sentence length in months for offenders convicted of--",,,,,
,,,,,"Felonies",,,,,,
,,,,"All","Violent","Property offenses",,"Drug","Public-order offenses",,
"Offender characteristic",,,,"offenses\a","offenses","Fraudulent","Other","offenses","Regulatory","Other","Misdemeanors"
,,," All offenders\a",58.8,84.2,22.3,40.3,78.8,27.9,48.1,11.4
"Male/Female",,,,,,,,,,,
,"Male",,,61.8,85.3,23.3,40.1,82.4,29.6,48.7,14.0
,"Female",,,36.2,54.4,16.6,19.4,50.0,21.7,34.0,9.0
"Race",,,,,,,,,,,
,"White",,,46.7,78.0,22.0,37.6,61.8,24.1,36.9,11.5
,"Black",,,90.2,100.1,22.3,35.7,109.8,42.2,97.2,21.1
,"Other",,,50.3,69.2,18.5,29.2,68.7,25.6,47.4,5.8
"Ethnicity",,,,,,,,,,,
,"Hispanic",,,44.7,86.3,19.0,48.0,61.3,20.1,30.6,9.9
,"Non-Hispanic",,,69.1,83.4,22.3,35.5,91.7,32.4,76.6,16.7
"Age",,,,,,,,,,,
,"16-18 years",,,52.7,107.1,36.6,21.9,36.6,5.0,65.0,3.4
,"19-20 years",,,47.3,74.8,15.2,27.8,49.3,29.9,46.3,16.0
,"21-30 years",,,63.2,83.1,18.0,35.9,79.3,29.6,52.4,15.5
,"31-40 years",,,61.1,88.9,21.0,34.6,82.2,25.7,48.2,16.8
,"Over 40 years",,,55.7,76.8,25.9,39.3,79.8,28.1,46.2,14.2
"Citizenship",,,,,,,,,,,
,"U.S. citizen",,,68.8,83.5,22.1,35.7,86.9,30.9,76.1,18.3
,"Not U.S. citizen",,,42.3,84.2,21.1,43.2,61.1,21.5,30.8,7.5
"Education",,,,,,,,,,,
,"Less than high school graduate",,,60.3,90.0,20.2,37.0,75.5,26.3,45.4,16.7
,"High school graduate",,,68.1,86.5,20.8,32.0,83.6,28.2,70.6,18.1
,"Some college",,,58.5,72.8,22.3,43.6,80.3,27.6,67.9,12.7
,"College graduate",,,39.6,48.2,25.2,35.0,69.3,35.7,35.9,12.7
"Criminal record",,,,,,,,,,,
,"No convictions",,,44.0,58.4,20.1,35.2,55.9,26.6,34.7,10.4
,"Prior adult convictions\b",,,69.8,95.4,23.6,37.4,97.3,30.3,54.0,16.2
,,,,,,,,,,,
"(SEE PRINTED REPORT FOR FOOTNOTES)",,,,,,,,,,,
