Bureau of Justice Statistics,,,,,,,,,
Filename: cpus1718at03.csv,,,,,,,,,
"Appendix table 3. Number of persons incarcerated by other adult correctional systems, 2008, 2017, and 2018",,,,,,,,,
"Report title: Correctional Populations in the United States, 2017-2018  NCJ 252157",,,,,,,,,
"Data Source: Bureau of Justice Statistics, National Prisoner Statistics program and Survey of Jails in Indian Country, 2008, 2017, and 2018; and U.S. Department of Defense, Office of the Under Secretary for Defense for Personnel and Readiness, 2008, 2017, and 2018",,,,,,,,,
"Authors: Laura M. Maruschak and Todd D. Minton, BJS Statisticians",,,,,,,,,
Refer questions to: askbjs@usdoj.gov 202-307-0765,,,,,,,,,
Date of version: 8/27/2020,,,,,,,,,
,,,,,,,,,
"Appendix table 3. Number of persons incarcerated by other adult correctional systems, 2008, 2017, and 2018",,,,,,,,,
,,Number of persons,,,,Percent change,,,
Other adult correctional systems,,2008,2017,2018,,2008-2018,,2017-2018,
,Total,"17,170","14,900","14,200",,-17.4,%,-4.8,%
Territorial prisons/a,,"13,600","11,000","10,200",,-24.8,,-6.7,
Jails in Indian country/b,,"1,920","2,680","2,680",,-22,,0,
Military facilities/c,,"1,650","1,270","1,290",,39.3,,1.5,
"Note: Counts of persons in these facilities are excluded from estimates of the incarcerated populations in figure 1 and tables 1 through 4, as these persons are not under the jurisdiction of state or federal prisons or held in confinement facilities operated under the authority of a sheriff, police chief, or city or county administrator. Details may not sum to totals due to rounding.",,,,,,,,,
"a/The 2017 and 2018 totals include population counts that were estimated for some territories due to non-response. Estimates are based on the number of persons held on December 31 and are rounded to the nearest 100. See Prisoners in 2018 (NCJ 253516, BJS, April 2020) for more details. ",,,,,,,,,
"b/Estimates are based on the number of persons held on the last weekday in June and are rounded to the nearest 10. The 2017 and 2018 estimates are based on preliminary data. See Jails in Indian Country, 2016 (NCJ 250981, BJS, December 2017) for more details.",,,,,,,,,
"c/Estimates are based on the number of persons held on December 31 and are rounded to the nearest 10. See Prisoners in 2018 (NCJ 253516, BJS, April 2020) for more details. ",,,,,,,,,
"Source: Bureau of Justice Statistics, National Prisoner Statistics program and Survey of Jails in Indian Country, 2008, 2017, and 2018; and U.S. Department of Defense, Office of the Under Secretary for Defense for Personnel and Readiness, 2008, 2017, and 2018.",,,,,,,,,
