Bureau of Justice Statistics,,,,,,,,,
Filename: cpus1718t04.csv,,,,,,,,,
"Table 4. Rate of persons supervised by adult correctional systems in the U.S., by correctional status, 2008-2018",,,,,,,,,
"Report title: Correctional Populations in the United States, 2017-2018  NCJ 252157",,,,,,,,,
"Data Source: Bureau of Justice Statistics, Annual Probation Survey, Annual Parole Survey, Annual Survey of Jails, and National Prisoner Statistics program, 2008-2018; and U.S. Census Bureau, post-censal estimated resident populations for January 1 of each year, 2009-2019",,,,,,,,,
"Authors: Laura M. Maruschak and Todd D. Minton, BJS Statisticians",,,,,,,,,
Refer questions to: askbjs@usdoj.gov 202-307-0765,,,,,,,,,
Date of version: 8/27/2020,,,,,,,,,
,,,,,,,,,
"Table 4. Rate of persons supervised by adult correctional systems in the U.S., by correctional status, 2008-2018",,,,,,,,,
,Total correctional population/a,,,,Community-supervision population,,,Incarcerated population/b,
Year,"Adults supervised per 100,000 U.S. adult residents/c",U.S. adult residents under correctional supervision,"Adults supervised per 100,000 U.S. residents of all ages/d",,"Adults on probation/parole per 100,000 U.S. adult residents/c","Adults on probation/parole per 100,000 U.S. residents of all ages/d",,"Adults in prison/local jail per 100,000 U.S. adult residents/c","Adults in prison/local jail per 100,000 U.S. residents of all ages/d"
2008,"3,160",1 in 32,"2,390",,"2,200","1,670",,"1,000",760
2009,"3,100",1 in 32,"2,350",,"2,150","1,630",,980,750
2010,"3,000",1 in 33,"2,280",,"2,070","1,570",,960,730
2011,"2,930",1 in 34,"2,240",,"2,020","1,540",,940,720
2012,"2,880",1 in 35,"2,210",,"1,980","1,520",,920,710
2013,"2,830",1 in 35,"2,170",,"1,950","1,490",,910,700
2014,"2,780",1 in 36,"2,140",,"1,910","1,470",,900,690
2015,"2,710",1 in 37,"2,090",,"1,870","1,440",,870,680
2016,"2,640",1 in 38,"2,040",,"1,810","1,400",,860,670
2017,"2,590",1 in 39,"2,010",,"1,780","1,380",,850,660
2018,"2,510",1 in 40,"1,950",,"1,730","1,340",,830,650
Note: Rates are estimated to the nearest 10. Rates include a small number of persons age 17 or younger who were under adult correctional supervision. Estimates may have been revised based on updated reporting and may differ from numbers in past reports. See the Key Statistics page on the BJS website for correctional-population statistics prior to 2008. ,,,,,,,,,
"a/Offenders who were supervised in the community by probation or parole agencies, were under the jurisdiction of state or federal prisons, or were in the custody of local jails.",,,,,,,,,
b/Offenders who were under the jurisdiction of state or federal prisons or were held in local jails. ,,,,,,,,,
c/Rates were calculated using U.S. Census Bureau estimates of the U.S. resident population of persons age 18 or older for January 1 of the following year.,,,,,,,,,
d/Rates were calculated using U.S. Census Bureau estimates of the U.S. resident population of persons of all ages for January 1 of the following year.,,,,,,,,,
"Source: Bureau of Justice Statistics, Annual Probation Survey, Annual Parole Survey, Annual Survey of Jails, and National Prisoner Statistics program, 2008-2018; and U.S. Census Bureau, post-censal estimated resident populations for January 1 of each year, 2009-2019.",,,,,,,,,
