"Bureau of Justice Statistics",,,
"filename: idslc04.csv",,,
"table#:  4  Caseload for indigent criminal defense services in the Nation's 100 largest counties, 1999",,,
"report title: Indigent Defense Services in Large Counties, 1999  NCJ 184932",,,
"data source: National Survey of Indigent Defense Systems, 1999",,,
"author:  Carol J. DeFrances and Marika F. X. Litras",,,
"refer questions to: askbjs@ojp.usdoj.gov (202) 307-0765",,,
"date of version: 11/29/2000",,,
,,,
"Table 4.  Caseload for indigent criminal defense services in the Nation's 100 largest counties, 1999",,,
,,,
"Type","Number of cases in 100 counties",,
"of case","Total","Median","Mean"
,,,
"Total",4174079,23872,43480
,,,
"Criminal /a",3357336,20273,34972
"Juvenile  related /b"," 381,178"," 2,752"," 3,971"
"Civil /c",87258,359,909
"Other /d",344678,17,3590
,,,
"Note: Caseload information is based on 96 counties.  Caseload data were not available for assigned counsel programs in 19 counties.",,,
"Data were not provided and could not be estimated for the four most populous counties in Maryland.",,,
"a/ Includes felony capital, felony non-capital, misdemeanors that carry a jail sentence, ordinance infractions, appeals, probation revocations, and parole revocations.",,,
"b/ Includes juvenile delinquency, delinquency appeals, juveniles proceeded against in adult criminal court, juvenile status offense, and juvenile transfer hearings.",,,
"c/ Includes mental commitment, State post-conviction habeas corpus, and Federal habeas corpus. ",,,
"d/ includes juvenile dependency , abuse and neglect, paternity, guardianship, contempt, traffic, special proceedings, and other case types.",,,
