"filename: cfj93b07.csv",,,,,,,,,,,,,,,,
"table #: 2.7",,,,,,,,,,,,,,,,
"report title: Compendium of Federal Justice Statistics, 1993, NCJ 160089, October 1996",,,,,,,,,,,,,,,,
"data source: Court and Sentencing Statistics",,,,,,,,,,,,,,,,
"author: John Scalia (202) 633-3045",,,,,,,,,,,,,,,,
"date of version: 10-31-96",,,,,,,,,,,,,,,,
,,,,,,,,,,,,,,,,
,,,,,,,,,,,,,,,,
"Table 2.7.  Behavior of defendants released prior to trial, by offense, 1993",,,,,,,,,,,,,,,,
,,,,,,,,,,,,,,,,
,,"Percent of released defendants who had:",,,,,,,,,,,,,,
,,,,"Violations while on release",,,,,,,,,,,,
,,,,,,,,,,,,"Technical",,,,
,,,,"At least ",,,,,,,,"violations",,,,"Number of"
"Most serious offense",,"No",,"one",,"Failed to ",,"New offenses charged",,,,"of bail",,"Release",,"released"
"charged",,"violation",,"violation",,"appear",,"Felony",,"Misdemeanor",,"conditions",,"revoked",,"defendants"
,,,,,,,,,,,,,,,,
," All offenses*",85.9,"%",14.1,"%",2.3,"%",1.8,"%",1.4,"%",9.8,"%",5.1,"%",29259
,,,,,,,,,,,,,,,,
"Violent offenses",,81.6,"%",18.4,"%",2.0,"%",2.0,"%",1.9,"%",13.5,"%",10.1,"%",1279
,,,,,,,,,,,,,,,,
"Property offenses",,90.7,"%",9.3,"%",1.6,"%",1.6,"%",1.1,"%",5.9,"%",3.2,"%",10373
,"Fraudulent offenses",92.3,,8.5,,1.6,,1.5,,0.8,,5.4,,2.8,,7779
,"Other property offenses",88.2,,11.8,,1.8,,2.2,,1.7,,7.4,,4.6,,2594
,,,,,,,,,,,,,,,,
"Drug ofenses",,78.9,"%",21.1,"%",3.2,"%",2.3,"%",1.8,"%",15.2,"%",7.3,"%",10886
,,,,,,,,,,,,,,,,
"Public-order offenses",,90.5,"%",9.5,"%",1.7,"%",1.4,"%",1.0,"%",6.2,"%",3.5,"%",6713
,"Regulatory offenses",93.6,,6.4,,1.2,,0.5,,0.6,,4.5,,1.8,,1101
,"Other offenses",89.9,,10.1,,1.8,,1.6,,1.1,,6.5,,3.9,,5612
,,,,,,,,,,,,,,,,
"(SEE PRINTED REPORT FOR FOOTNOTES)",,,,,,,,,,,,,,,,
