"filename: cfj93b08.csv",,,,,,,,,,,,,,,,
"table #:  2.08",,,,,,,,,,,,,,,,
"report title: Compendium of Federal Justice Statistics, 1993, NCJ 160089, October 1996",,,,,,,,,,,,,,,,
"data source: Court and Sentencing Statistics",,,,,,,,,,,,,,,,
"author: John Scalia (202) 633-3045",,,,,,,,,,,,,,,,
"date of version: 10-31-96",,,,,,,,,,,,,,,,
,,,,,,,,,,,,,,,,
,,,,,,,,,,,,,,,,
"Table 2.8.  Behavior of defendants released prior to trial, by type of release, 1993",,,,,,,,,,,,,,,,
,,,,,,,,,,,,,,,,
,,"Percent of released defendants who had:",,,,,,,,,,,,,,
,,,,"      Violations while on release",,,,,,,,,,,,
,,,,,,,,,,,,"Technical",,,,
,,,,"At least",,,,,,,,"violations",,,,"Number of"
,,"No",,"one",,"Failed to",,"New offense charged",,,,"of bail",,"Release ",,"released"
"Type of release",,"violation",,"violation",,"appear",,"Felony",,"Misdemeanor",,"conditions",,"revoked",,"defendants"
,,,,,,,,,,,,,,,,
"Financial release",,78.7,"%",21.3,"%",4.3,"%",2.9,"%",1.9,"%",14.1,"%",6.9,"%",5787
,"Percentage/cash bond",79.3,,20.7,,5.0,,2.6,,1.6,,13.1,,7.2,,2619
,"Collateral bond",77.3,,22.7,,3.4,,3.1,,2.1,,15.8,,7.2,,2191
,"Corporate surety",80.3,,19.7,,4.3,,2.6,,2.1,,12.9,,5.5,,977
,,,,,,,,,,,,,,,,
"Unsecured bond",,85.8,"%",14.2,"%",2.2,"%",1.9,"%",1.4,"%",9.8,"%",5.2,"%",14162
,,,,,,,,,,,,,,,,
"Personal recognizance",,88.7,"%",11.3,"%",1.3,"%",1.4,"%",1.1,"%",8.5,"%",4.5,"%",7298
,,,,,,,,,,,,,,,,
"Conditional release",,96.5,"%",3.5,"%",0.6,"%",0.3,"%",0.2,"%",2.3,"%",1.6,"%",2012
,,,,,,,,,,,,,,,,
"(SEE PRINTED REPORT FOR FOOTNOTES)",,,,,,,,,,,,,,,,
