"filename: cfj93b05.csv",,,,,,,,,,
"table #: 2.5",,,,,,,,,,
"report title: Compendium of Federal Justice Statistics, 1993, NCJ 160089, October 1996",,,,,,,,,,
"data source: Court and Sentencing Statistics",,,,,,,,,,
"author: John Scalia (202) 633-3045",,,,,,,,,,
"date of version: 10-31-96",,,,,,,,,,
,,,,,,,,,,
,,,,,,,,,,
,,,,,,,,,,
,,,,,,,,,,
"Table 2.5.  Pretrial detention hearing outcomes, by offense, 1993",,,,,,,,,,
,,,,,,,,,,
,,,,"Defendants with pretrial detention hearings",,,,,,
,,,,"Number of defendants",,,"Percent of defendants",,,
,,,"All","Hearings","Ordered",,"Hearings",,"Ordered",
"Most serious offense charged",,,"defendants","held","detained",,"held",,"detained",
,,,,,,,,,,
,,"   All offenses\a",47755,20050,14980,,42.0,"%",31.4,"%"
,,,,,,,,,,
"Violent offenses",,,3264,2168,1813,,66.4,"%",55.5,"%"
,,"Murder",252,167,131,,66.3,,52.0,
,,"Negligent manslaughter",33,6,1,,18.2,,3.0,
,,"Assault",573,237,160,,41.4,,27.9,
,,"Robbery",1932,1519,1336,,78.6,,69.2,
,,"Rape",234,111,76,,47.4,,32.5,
,,"Other sex offenses\b",97,30,24,,30.9,,24.7,
,,"Kidnaping",114,78,68,,68.4,,59.6,
,,"Threats against the President",29,20,17,,69.0,,58.6,
,,,,,,,,,,
"Property offenses",,,12307,2196,1452,,17.8,"%",11.8,"%"
,,,,,,,,,,
,"Fraudulent",,9127,1603,1021,,17.6,"%",11.2,"%"
,,"Embezzlement",1439,57,28,,4.0,,1.9,
,,"Fraud",6521,1288,840,,19.8,,12.9,
,,"Forgery",758,143,77,,18.9,,10.2,
,,"Counterfeiting",409,115,76,,28.1,,18.6,
,,,,,,,,,,
,"Other",,3180,593,431,,18.6,"%",13.6,"%"
,,"Burglary",188,106,87,,56.4,,46.3,
,,"Larceny",2134,265,184,,12.4,,8.6,
,,"Motor vehicle theft",285,65,44,,22.8,,15.4,
,,"Arson and explosives",179,69,48,,38.5,,26.8,
,,"Transportation of stolen property",264,68,53,,25.8,,20.1,
,,"Other property offenses\b",130,20,15,,15.4,,11.5,
,,,,,,,,,,
"Drug offenses",,,21142,11998,8805,,56.7,"%",41.6,"%"
,,"Trafficking",20550,11888,8713,,57.8,,42.4,
,,"Other drug",592,110,92,,18.6,,15.5,
,,,,,,,,,,
"Public-order offenses",,,11031,3688,2910,,33.4,"%",26.4,"%"
,,,,,,,,,,
,"Regulatory",,1264,196,121,,15.5,"%",9.6,"%"
,,"Agriculture",138,6,5,,4.3,,3.6,
,,"Antitrust",39,1,1,,2.6,,2.6,
,,"Food and drug",51,6,2,,11.8,,3.9,
,,"Transportation",74,12,9,,16.2,,12.2,
,,"Civil rights",71,2,1,,2.8,,1.4,
,,"Communications",53,1,0,,1.9,,0.0,
,,"Custom laws",65,16,8,,24.6,,12.3,
,,"Postal laws",154,7,4,,4.5,,2.6,
,,"Other regulatory offenses",619,145,91,,23.4,,14.7,
,,,,,,,,,,
,"Other",,9767,3492,2789,,35.8,"%",28.6,"%"
,,"Weapons",2909,1312,1045,,45.1,,35.9,
,,"Immigration offenses",3608,1400,1190,,38.8,,33.0,
,,"Tax law violations\b",627,28,17,,4.5,,2.7,
,,"Bribery",198,47,21,,23.7,,10.6,
,,"Perjury, contempt, and intimidation",235,67,45,,28.5,,19.1,
,,"National defense",132,53,28,,40.2,,21.2,
,,"Escape",424,280,244,,66.0,,57.5,
,,"Racketeering and extortion",506,245,171,,48.4,,33.8,
,,"Gambling",199,3,2,,1.5,,1.0,
,,"Obscene material\b",22,3,1,,13.6,,4.5,
,,"Migratory birds",15,2,0,,13.3,,0.0,
,,"All other offenses\b",892,52,0,,5.8,,0.0,
,,,,,,,,,,
"Note:  Defendants may also be detained for failure to meet bail",,,,,,"b\See data note 1.",,,,
"conditions, or temporarily detained pending action of other agencies.",,,,,,"See also data note 5.",,,,
"a\Includes 11 defendants for whom offense category could not be",,,,,,,,,,
"   determined, 2 of whom had pretrial detention hearings.",,,,,,,,,,
