"filename: cfj93b06.csv",,,,,,,,,,,
"table #: 2.6",,,,,,,,,,,
"report title: Compendium of Federal Justice Statistics, 1993, NCJ 160089, October 1996",,,,,,,,,,,
"data source: Court and Sentencing Statistics",,,,,,,,,,,
"author: John Scalia (202) 633-3045",,,,,,,,,,,
"date of version: 10-31-96",,,,,,,,,,,
,,,,,,,,,,,
,,,,,,,,,,,
,,,,,,,,,,,
,,,,,,,,,,,
"Table 2.6.  Pretrial detention hearings, by defendant characteristics, 1993",,,,,,,,,,,
,,,,,,,,,,,
,,,,"Defendants with pretrial detention hearings",,,,,,,
,,,,,"Number of defendants",,,"Percent of defendants",,,
,,,,"All","Hearings","Ordered",,"Hearings",,"Ordered",
"Defendant characteristic",,,,"defendants","held","detained",,"held",,"detained",
,,,,,,,,,,,
,,," All offenders\a",47755,20052,14980,,42.0,"%",31.4,"%"
,,,,,,,,,,,
"Sex",,,,,,,,,,,
,"Male",,,,18128,13807,,45.2,"%",34.4,"%"
,"Female",,,7615,1923,1172,,25.3,,15.4,
,,,,,,,,,,,
"Race",,,,,,,,,,,
,"White",,,31682,12293,8957,,38.8,"%",28.3,"%"
,"Black",,,13599,6720,5260,,49.4,,38.7,
,"Other",,,2474,1039,763,,42.0,,30.8,
,,,,,,,,,,,
"Ethnicity",,,,,,,,,,,
,"Hispanic",,,13532,7185,5408,,53.1,"%",40.0,"%"
,"Non-Hispanic",,,31523,12010,8898,,38.1,,28.2,
,,,,,,,,,,,
"Age",,,,,,,,,,,
,"16-18 years",,,755,365,277,,48.3,"%",36.7,"%"
,"19-20 years",,,2570,1179,870,,45.9,,33.9,
,"21-30 years",,,17700,8144,6241,,46.0,,35.3,
,"31-40 years",,,14398,6203,4647,,43.1,,32.3,
,"Over 40 years",,,11747,3867,2750,,32.9,,23.4,
,,,,,,,,,,,
"Education",,,,,,,,,,,
,"Less than high school graduate",,,14894,7708,5841,,51.8,"%",39.2,"%"
,"High school graduate",,,13846,5574,4012,,40.3,,29.0,
,"Some college",,,8618,3002,2031,,34.8,,23.6,
,"College graduate",,,3607,902,599,,25.0,,16.6,
,,,,,,,,,,,
"Marital status",,,,,,,,,,,
,"Never married",,,14635,7022,5299,,48.0,"%",36.2,"%"
,"Divorced/separated",,,8335,3372,2438,,40.5,,29.3,
,"Married",,,15336,5437,3837,,35.5,,25.0,
,"Common law",,,3172,1778,1308,,56.1,,41.2,
,"Other",,,6277,2443,2098,,38.9,,33.4,
,,,,,,,,,,,
"Employment status at arrest",,,,,,,,,,,
,"Unemployed",,,18526,9163,7116,,49.5,"%",38.4,"%"
,"Employed",,,23343,8507,5809,,36.4,,24.9,
"Criminal record",,,,,,,,,,,
,"No convictions",,,18420,6086,4160,,33.0,"%",22.6,"%"
,"Prior convictions",,,,,,,,,,
,,"Misdemeanor only",,7409,2751,1858,,37.1,,25.1,
,,"Felony",,,,,,,,,
,,,"Nonviolent",8788,4418,3588,,50.3,,40.8,
,,,"Violent",5990,3717,3180,,62.1,,53.1,
,,,,,,,,,,,
"Number of prior convictions",,,,,,,,,,,
,"1",,,7575,3251,2383,,42.9,"%",31.5,"%"
,"2 to 4",,,9266,4573,3589,,49.4,,38.7,
,"5 or more",,,5346,3062,2654,,57.3,,49.6,
,,,,,,,,,,,
"Criminal justice status",,,,,,,,,,,
,"Not under supervision",,,33634,12321,8575,,36.6,"%",25.5,"%"
,"Pretrial release",,,2463,1270,967,,51.6,,39.3,
,"Probation",,,3045,1578,1248,,51.8,,41.0,
,"Parole",,,1863,1209,1097,,64.9,,58.9,
,,,,,,,,,,,
"Court appearance history",,,,,,,,,,,
,"No prior arrests",,,20268,6799,4711,,33.5,"%",23.2,"%"
,"Failure to appear",,,,,,,,," ",
,,"None",,22892,10505,8019,,45.9,,35.0,
,,"1",,2574,1481,1206,,57.5,,46.9,
,,"More than 1",,2020,1267,1044,,62.7,,51.7,
,,,,,,,,,,,
"Drug abuse",,,,,,,,,,,
,"No known abuse",,,29588,11338,8092,,38.3,"%",27.3,"%"
,"Drug history",,,9440,4710,3606,,49.9,,38.2,
,,,,,,,,,,,
"a\Includes defendants for whom these characteristics are unknown.",,,,,,,"See data note 5.",,,,
"b\Includes only those defendants whose PSA records explicity",,,,,,,,,,,
"    showed no prior convictions.",,,,,,,,,,,
