Bureau of Justice Statistics,,,,,,,,,,
Filename: jic09f02.csv,,,,,,,,,,
"Figure 2: American Indians and Alaska Natives under correctional supervision in the United States, 2000-2009",,,,,,,,,,
"Report title: Jails in Indian Country, 2009 NCJ 232223",,,,,,,,,,
Data source: Survey of Jails in Indian Country (SJIC),,,,,,,,,,
Author: Todd D. Minton,,,,,,,,,,
Refer questions to: askbjs@usdoj.gov   202-307-0765,,,,,,,,,,
Date of version: 2/24/2011,,,,,,,,,,
,,,,,,,,,,
"Figure 2. American Indians and Alaska Natives under correctional supervision in the United States, 2000-2009",,,,,,,,,,
Estimated number of persons,2000,2001,2002,2003,2004,2005,2006,2007,2008,2009
Total under correctional supervision,"56,800","58,600","60,300","64,000","68,200","70,900","74,100","71,300","75,400","79,600"
Under community supervision,"36,600","37,300","38,100","40,400","45,000","45,400","46,800","43,600","47,000","50,200"
In custody,"20,200","21,300","22,200","23,600","23,200","25,500","27,300","27,700","28,400","29,400"
Note: Indian country jail populations were estimated for 2005 and 2006 based on the average annual population change for jails reporting in both 2004 and 2007.,,,,,,,,,,
