Bureau of Justice Statistics,,,,,,,,,,,,
Filename: jic09t10.csv,,,,,,,,,,,,
"Table 10: Inmates rated capacity, and percent of capacity occupied in Indian country, by facility, June 2009",,,,,,,,,,,,
"Report title: Jails in Indian Country, 2009 NCJ 232223",,,,,,,,,,,,
Data source: Survey of Jails in Indian Country (SJIC),,,,,,,,,,,,
Author: Todd D. Minton,,,,,,,,,,,,
Refer questions to: askbjs@usdoj.gov   202-307-0765,,,,,,,,,,,,
Date of version: 2/24/2011,,,,,,,,,,,,
,,,,,,,,,,,,
"Table 10. Inmates rated capacity, and percent of capacity occupied in Indian country, by facility, June 2009",,,,,,,,,,,,
,,,,,,,,,,,,
,,,Number of inmates,,,,Percent of capacity/a,,,,,
State and facility,,,Inmates in custody/b,ADP/c,Peak population in June/d,Rated capacity/e,Population on June 30/a,,ADP/a,,Peak population in June/a,
,Total,,"2,176","2,124",:,"2,891",75,%,73,%,:,
Alaska,,,,,,,,,,,,
,Metlakatla Juvenile Detention Center,,0,0,0,0,0,%,0,%,0,%
,Metlakatla Police Department and Adult Detention Center,,0,1,5,5,0,,20,,100,
Arizona,,,,,,,,,,,,
,Ak-Chin Tribal Police and Detention Center,,11,31,13,22,50,%,141,%,59,%
,Colorado River Indian Tribes Adult Detention Center,,37,33,38,36,103,,92,,106,
,Fort McDowell Police Department and Holding Facility,,8,5,8,10,80,,50,,80,
,Fort Mohave Tribal Police Department and Holding Facility,,1,0,3,6,17,,0,,50,
,Gila River Department of Rehabilitation and Supervision-Adult,,149,162,164,106,141,,153,,155,
,Gila River Department of Rehabilitation and Supervision-Juvenile,,30,25,34,106,28,,24,,32,
,Navajo Department of Corrections-Chinle,,0,0,0,0,:,,:,,:,
,Navajo Department of Corrections-Kayenta Police Department and Holding Facility,,11,11,15,10,110,,110,,150,
,Navajo Department of Corrections-Tuba City,,17,20,34,32,53,,63,,106,
,Navajo Department of Corrections-Window Rock,,34,34,75,42,81,,81,,179,
,Pascua Yaqui Police Department and Holding Facility,,1,3,4,8,13,,38,,50,
,Salt River Pima-Maricopa Department of Corrections,,25,23,29,186,13,,12,,16,
,San Carlos Department of Corrections and Rehabilitation-Adult and Juvenile Detention,,147,154,178,156,94,,99,,114,
,Supai Law Enforcement and Holding Facility,,4,1,4,8,50,,13,,50,
,Tohono O'odham Adult Detention Center,,192,194,199,107,179,,181,,186,
,Tohono O'odham Juvenile Detention Center,,25,25,28,22,114,,114,,127,
,Truxton Canyon Adult Detention Center,,105,101,105,40,263,,253,,263,
,Western Navajo Juvenile Corrections Services Center,,12,2,12,36,33,,6,,33,
,White Mountain Apache Detention Center,,95,81,139,45,211,,180,,309,
Colorado,,,,,,,,,,,,
,Chief Ignacio Justice Center Adult Detention,,34,30,37,54,63,%,56,%,69,%
,Chief Ignacio Justice Center Juvenile Detention,,10,8,11,22,45,,36,,50,
,Southern Ute Police Department and Adult Detention Center,,37,39,44,57,65,,68,,77,
Idaho,,,,,,,,,,,,
,Fort Hall Police Department and Adult Detention Center,,9,19,32,28,32,%,68,%,114,%
Michigan,,,,,,,,,,,,
,Saginaw Chippewa Tribal Police Department and Adult Detention Center,,0,0,0,6,0,%,0,%,0,%
,Sault Ste. Marie Tribal Youth Facility,,14,14,18,25,56,,56,,72,
Minnesota,,,,,,,,,,,,
,Red Lake Tribal Justice Center Adult Detention,,36,38,56,42,86,%,90,%,133,%
,Red Lake Tribal Justice Juvenile Detention,,9,5,14,26,35,,19,,54,
Mississippi,,,,,,,,,,,,
,Choctaw Justice Complex Adult Detention,,38,45,57,100,38,%,45,%,57,%
,Choctaw Justice Complex Juvenile Detention,,5,5,9,25,20,,20,,36,
Montana,,,,,,,,,,,,
,Blackfeet Adult Detention Center,,31,31,46,44,70,%,70,%,105,%
,Crow Adult Detention Center,,24,8,33,32,75,,25,,103,
,Flathead Adult Detention Center,,20,19,25,22,91,,86,,114,
,Fort Peck Indian Juvenile Services Center,,11,15,18,21,52,,71,,86,
,Fort Peck Police Department and Adult Detention Center,,31,31,39,22,141,,141,,177,
,Fort Peck Transitional Living Unit,,2,1,3,20,10,,5,,15,
,Northern Cheyenne Adult Detention Center,,38,30,43,19,200,,158,,226,
,Northern Cheyenne Youth Service Center,,22,23,26,36,61,,64,,72,
,Rocky Boy Adult Detention Center,,13,5,13,10,130,,50,,130,
Nebraska,,,,,,,,,,,,
,Omaha Tribal Police Department and Adult Detention,,17,18,28,32,53,%,56,%,88,%
Nevada,,,,,,,,,,,,
,Eastern Nevada Law Enforcement Adult Detention Facility,,12,11,20,26,46,%,42,%,77,%
New Mexico,,,,,,,,,,,,
,Acoma Tribal Police and Holding Facility,,11,10,11,20,55,%,50,%,55,%
,Jicarilla Department of Corrections-Adult and Juvenile,,27,30,45,60,45,,50,,75,
,Laguna Tribal Police and Detention Center,,52,56,60,43,121,,130,,140,
,Navajo Department of Corrections-Crownpoint,,16,8,17,14,114,,57,,121,
,Navajo Department of Corrections-Shiprock Police Department and Adult Detention,,52,9,52,34,153,,26,,153,
,Navajo Department of Corrections-Tohatchi Youth Detention,,4,1,6,13,31,,8,,46,
,Ramah Navajo Police Department and Detention Center,,0,1,8,7,0,,14,,114,
,San Juan Pueblo Police Department Holding Facility,,4,2,6,2,200,,100,,300,
,Taos Tribal Police Department and Detention,,1,1,5,8,13,,13,,63,
,Zuni Adult Detention Center,,30,25,41,28,107,,89,,146,
,Zuni Juvenile Detention Center,,1,2,4,12,8,,17,,33,
North Dakota,,,,,,,,,,,,
,Fort Totten Law Enforcement and Adult Detention Center,,15,22,42,26,58,%,85,%,162,%
,Gerald Tex Fox Justice Center Adult Detention,,11,13,30,25,44,,52,,120,
,Gerald Tex Fox Justice Center Juvenile Detention,,0,1,5,36,0,,3,,14,
,Standing Rock Law Enforcement and Adult Detention Center,,93,64,86,48,194,,133,,179,
,Turtle Mountain Law Enforcement Adult Detention,,25,25,33,30,83,,83,,110,
Oklahoma,,,,,,,,,,,,
,Iowa Tribal Police Department and Holding Facility,,1,0,2,6,17,%,0,%,33,%
,Sac and Fox Juvenile Detention Center,,15,24,28,60,25,,40,,47,
Oregon,,,,,,,,,,,,
,Warm Springs Police Department and Adult Detention Center,,40,50,64,51,78,%,98,%,125,%
South Dakota,,,,,,,,,,,,
,Cheyenne River Sioux Adult Detention Center,,24,24,59,68,35,%,35,%,87,%
,Cheyenne River Sioux Juvenile Detention Center,,7,14,23,10,70,,140,,230,
,Ki Yuksa O'Tipi Reintegration Center,,22,21,35,32,69,,66,,109,
,Kyle Police Department and Adult Detention,,16,18,44,24,67,,75,,183,
,Lower Brule Justice Center-Adult Detention,,33,27,33,38,87,,71,,87,
,Lower Brule Justice Center-Juvenile Detention,,0,0,/,22,0,,0,,0,
,Oglala Sioux Tribal Offenders Facility,,95,110,142,144,66,,76,,99,
,Rosebud Sioux Tribal Police Department and Adult Detention,,38,38,77,67,57,,57,,115,
,Rosebud Sioux Wanbli Wiconi Tipi Juvenile Detention,,22,22,32,47,47,,47,,68,
,Sisseton-Wahpeton Law Enforcement Adult Detention Center,,12,13,21,20,60,,65,,105,
Washington,,,,,,,,,,,,
,Chehalis Tribal Police Department and Adult Detention Center,,10,8,12,24,42,%,33,%,50,%
,Colville Adult Detention Center,,22,24,28,29,76,,83,,97,
,Makah Public Safety-Adult Detention,,9,7,13,14,64,,50,,93,
,Nisqually Adult Corrections,,73,70,83,70,104,,100,,119,
,Puyallup Tribal Law Enforcement and Adult Detention,,2,4,6,10,20,,40,,60,
,Quinault Nation Police Department and Holding Facility,,2,2,4,16,13,,13,,25,
,Spokane Adult Detention Center,,10,9,14,10,100,,90,,140,
Wisconsin,,,,,,,,,,,,
,Menominee Tribal Detention Facility,,53,54,55,45,118,%,120,%,122,%
Wyoming,,,,,,,,,,,,
,Wind River Adult Detention Center,,11,15,29,26,42,%,58,%,112,%
Note: The total number of inmates for the peak population is not calculated because the most crowded in June varies across the jails.,,,,,,,,,,,,
:Not calculated.,,,,,,,,,,,,
/Not reported.,,,,,,,,,,,,
a/Population as a percent of capacity occupied is calculated by dividing the population count of a facility by its rated capacity and multiplying by 100.,,,,,,,,,,,,
b/Adults and juveniles confined in jail facilities on the last weekday in June.,,,,,,,,,,,,
"c/Average daily population (ADP) is the number of inmates confined in June, divided by 30. Detail may not sum to total due to rounding.",,,,,,,,,,,,
d/Peak population is the population held on the day in June in which the custody population of a facility was the largest.,,,,,,,,,,,,
e/Rated capacity is the maximum number of beds or inmates assigned by a rating official to a facility. Excludes temporary holding areas.,,,,,,,,,,,,
