Bureau of Justice Statistics,,,,,,,,,
Filename: jic09t02.csv,,,,,,,,,
"Table 2: Inmates, rated capacity, and percent of capacity occupied in Indian country jails, 2004 and 2007-2009",,,,,,,,,
"Report title: Jails in Indian Country, 2009 NCJ 232223",,,,,,,,,
Data source: Survey of Jails in Indian Country (SJIC),,,,,,,,,
Author: Todd D. Minton,,,,,,,,,
Refer questions to: askbjs@usdoj.gov   202-307-0765,,,,,,,,,
Date of version: 2/24/2011,,,,,,,,,
,,,,,,,,,
"Table 2. Inmates, rated capacity, and percent of capacity occupied in Indian country jails, 2004 and 2007-2009",,,,,,,,,
,,2004,,2007,,2008,,2009,
Number of inmates,,,,,,,,,
,Midyear,"1,745",,"2,163",,"2,135",,"2,176",
,ADP/a,"1,622",,"2,046",,"1,903",,"2,124",
Rated capacity,,"2,162",,"2,900",,"2,963",,"2,891",
Percent of capacity occupied/b,,,,,,,,,
,Midyear,80.7,%,74.6,%,72.1,%,75.3,%
,ADP,75,,70.6,,64.2,,73.5,
Number of operating facilities,,68,,79,,82,,80,
a/Average daily population is the number of inmates confined each day in June divided by 30.,,,,,,,,,
b/The average daily population was divided by rated capacity (maximum number of beds or inmates assigned by a rating official) multiplied by 100 percent.,,,,,,,,,
