Bureau of Justice Statistics,,,,,,
Filename: jic09t01.csv,,,,,,
"Table 1: American Indians and Alaska Natives in custody or under community supervision, 2008 and 2009",,,,,,
"Report title: Jails in Indian Country, 2009 NCJ 232223",,,,,,
Data source: Survey of Jails in Indian Country (SJIC),,,,,,
Author: Todd D. Minton,,,,,,
Refer questions to: askbjs@usdoj.gov   202-307-0765,,,,,,
Date of version: 2/24/2011,,,,,,
,,,,,,
"Table 1. American Indians and Alaska Natives in custody or under community supervision, 2008 and 2009",,,,,,
,,,Number ,,Percent change,
,,,2008,2009,,
,Total,,"75,400","79,600",5.6,%
In custody at midyear,,,"28,400","29,400",3.5,%
,Local jails/a,,"9,000","9,400",4.4,
,Jails in Indian country,,"2,135","2,176",1.9,
,State prisons,,"14,264","14,646",2.7,
,Federal prisons,,"2,989","3,154",5.5,
Under community supervision/b,,,"47,000","50,200",6.8,%
,State/federal,,,,,
,,Probation,"39,100","41,600",6.4,
,,Parole,"7,900","8,600",8.9,
Note: Detail may not sum to total because of rounding.,,,,,,
a/Estimated from the Annual Survey of Jails. See Jail Inmates at Midyear 2008-Statistical Tables and Jail Inmates at Midyear 2009-Statistical Tables for estimated standard errors.,,,,,,
b/Probation and parole counts are based on yearend 2007 and 2008; counts were estimated by applying the percent of probation and parole population with known characteristics to the total number of probationers and parolees.,,,,,,
