Bureau of Justice Statistics,,,,,,,,,
Filename: jic09t07.csv,,,,,,,,,
"Table 7: Admissions and expected length of stay in Indian country jails during June, by facility size, June 2009",,,,,,,,,
"Report title: Jails in Indian Country, 2009 NCJ 232223",,,,,,,,,
Data source: Survey of Jails in Indian Country (SJIC),,,,,,,,,
Author: Todd D. Minton,,,,,,,,,
Refer questions to: askbjs@usdoj.gov   202-307-0765,,,,,,,,,
Date of version: 2/24/2011,,,,,,,,,
,,,,,,,,,
"Table 7. Admissions and expected length of stay in Indian country jails during June, by facility size, June 2009",,,,,,,,,
Facility size/a,,Number of facilities,,Average daily population/b,,Estimated monthly admissions,,Expected length of stay/c,
,Total,80,,"2,124",,"11,357",,5.6,days
Fewer than 10 inmates,,11,,9,,133,,2.1,
10 to 24,,24,,276,,"2,379",,3.5,
25 to 49,,30,,820,,"5,503",,4.5,
50 or more,,15,,"1,018",,"3,342",,9.1,
"a/Based on the rated capacity, the maximum number of beds or inmates assigned by a rating official.",,,,,,,,,
b/Detail may not sum to total due to rounding.,,,,,,,,,
"c/Expected length of stay was calculated by dividing the average daily population (ADP) by the number of June admissions, and multiplying by 30. See Methodology for details on estimating expected length of stay.",,,,,,,,,
