Bureau of Justice Statistics,,,,,,,,,,
Filename: jic09at01.csv,,,,,,,,,,
"Appendix table 1: Inmates in jails in Indian country, by type of offense, June 2009",,,,,,,,,,
"Report title: Jails in Indian Country, 2009 NCJ 232223",,,,,,,,,,
Data source: Survey of Jails in Indian Country (SJIC),,,,,,,,,,
Author: Todd D. Minton,,,,,,,,,,
Refer questions to: askbjs@usdoj.gov   202-307-0765,,,,,,,,,,
Date of version: 2/24/2011,,,,,,,,,,
,,,,,,,,,,
"Appendix table 1. Inmates in jails in Indian country, by type of offense, June 2009",,,,,,,,,,
,,,,,,,,,,
,,,Number of inmates in custody by type of offense,,,,,,,
State and facility,,Total of inmates in custody,Domestic violence,Assault,Rape/sexual assault,Other violent,DWI/DUI*,Drug offense,Other,Not reported
,Total,"2,176",252,299,42,168,229,107,955,124
Alaska,,,,,,,,,,
,Metlakatla Juvenile Detention Center,0,0,0,0,0,0,0,0,0
,Metlakatla Police Department and Adult Detention Center,0,0,0,0,0,0,0,0,0
Arizona,,,,,,,,,,
,Ak-Chin Tribal Police and Detention Center,11,6,3,2,0,0,0,0,0
,Colorado River Indian Tribes Adult Detention Center,37,3,5,3,4,0,0,22,0
,Fort McDowell Police Department and Holding Facility,8,2,3,1,2,0,0,0,0
,Fort Mohave Tribal Police Department and Holding Facility,1,0,1,0,0,0,0,0,0
,Gila River Department of Rehabilitation and Supervision-Adult,149,46,41,0,10,13,4,35,0
,Gila River Department of Rehabilitation and Supervision-Juvenile,30,3,8,0,0,0,0,19,0
,Navajo Department of Corrections-Chinle,0,0,0,0,0,0,0,0,0
,Navajo Department of Corrections-Kayenta Police Department and Holiding Facility,11,0,0,0,0,0,0,11,0
,Navajo Department of Corrections-Tuba City,17,0,2,0,0,3,1,11,0
,Navajo Department of Corrections-Window Rock,34,2,0,0,13,3,1,15,0
,Pascua Yaqui Police Department and Holding Facility,1,0,0,0,0,0,0,1,0
,Salt River Pima-Maricopa Department of Corrections,25,8,3,2,1,0,0,11,0
,San Carlos Department of Corrections and Rehabilitation-Adult and Juvenile Detention,147,6,27,1,3,3,18,89,0
,Supai Law Enforcement and Holding Facility,4,0,1,0,0,3,0,0,0
,Tohono O'odham Adult Detention Center,192,21,40,7,16,8,5,95,0
,Tohono O'odham Juvenile Detention Center,25,0,4,0,0,0,21,0,0
,Truxton Canyon Adult Detention Center,105,34,27,3,21,8,9,3,0
,Western Navajo Juvenile Corrections Services Center,12,0,1,0,0,0,0,11,0
,White Mountain Apache Detention Center,95,12,22,1,0,2,2,56,0
Colorado,,,,,,,,,,
,Chief Ignacio Justice Center Adult Detention,34,2,6,0,7,6,5,8,0
,Chief Ignacio Justice Center Juvenile Detention,10,0,3,0,0,0,0,7,0
,Southern Ute Police Department and Adult Detention Center,37,2,4,1,3,4,0,23,0
Idaho,,,,,,,,,,
,Fort Hall Police Department and Adult Detention Center,9,0,0,0,0,9,0,0,0
Michigan,,,,,,,,,,
,Saginaw Chippewa Tribal Police Department and Adult Detention Center,0,0,0,0,0,0,0,0,0
,Sault Ste. Marie Tribal Youth Facility,14,0,1,3,0,0,0,10,0
Minnesota,,,,,,,,,,
,Red Lake Tribal Justice Center Adult Detention,36,4,11,1,0,3,1,16,0
,Red Lake Tribal Justice Juvenile Detention,9,0,0,0,0,0,0,9,0
Mississippi,,,,,,,,,,
,Choctaw Justice Complex Adult Detention,38,3,2,0,2,1,3,27,0
,Choctaw Justice Complex Juvenile Detention,5,1,0,0,0,0,1,3,0
Montana,,,,,,,,,,
,Blackfeet Adult Detention Center,31,2,4,0,0,2,1,22,0
,Crow Adult Detention Center,24,2,1,0,6,4,2,9,0
,Flathead Adult Detention Center,20,3,0,0,0,2,0,15,0
,Fort Peck Indian Juvenile Services Center,11,0,1,1,1,0,0,8,0
,Fort Peck Police Department and Adult Detention Center,31,0,0,0,0,1,0,1,29
,Fort Peck Transitional Living Unit,2,1,1,0,0,0,0,0,0
,Northern Cheyenne Adult Detention Center,38,3,1,0,0,15,6,13,0
,Northern Cheyenne Youth Service Center,22,2,4,0,2,1,1,12,0
,Rocky Boy Adult Detention Center,13,0,2,0,0,1,2,8,0
Nebraska,,,,,,,,,,
,Omaha Tribal Police Department and Adult Detention,17,3,2,0,0,3,0,9,0
Nevada,,,,,,,,,,
,Eastern Nevada Law Enforcement Adult Detention Facility,12,1,1,0,1,1,0,8,0
New Mexico,,,,,,,,,,
,Acoma Tribal Police and Holding Facility,11,2,0,1,0,0,0,8,0
,Jicarilla Department of Corrections-Adult and Juvenile,27,0,0,0,0,3,0,24,0
,Laguna Tribal Police and Detention Center,52,10,4,6,3,7,0,22,0
,Navajo Department of Corrections-Crownpoint,16,0,4,0,1,0,0,11,0
,Navajo Department of Corrections-Shiprock Police Department and Adult Detention,52,12,6,0,0,9,0,25,0
,Navajo Department of Corrections-Tohatchi Youth Detention,4,3,0,0,0,0,0,1,0
,Ramah Navajo Police Department and Detention Center,0,0,0,0,0,0,0,0,0
,San Juan Pueblo Police Department Holding Facility,4,2,0,0,0,2,0,0,0
,Taos Tribal Police Department and Detention,1,0,0,0,0,0,0,1,0
,Zuni Adult Detention Center,30,2,3,2,0,5,3,15,0
,Zuni Juvenile Detention Center,1,0,0,0,0,0,0,1,0
North Dakota,,,,,,,,,,
,Fort Totten Law Enforcement and Adult Detention Center,15,2,2,0,1,1,1,8,0
,Gerald Tex Fox Justice Center Adult Detention,11,2,2,1,0,3,2,1,0
,Gerald Tex Fox Justice Center Juvenile Detention,0,0,0,0,0,0,0,0,0
,Standing Rock Law Enforcement and Adult Detention Center,93,3,5,0,21,41,0,23,0
,Turtle Mountain Law Enforcement Adult Detention,25,3,2,0,0,0,0,20,0
Oklahoma,,,,,,,,,,
,Iowa Tribal Police Department and Holding Facility,1,0,0,0,0,0,0,1,0
,Sac and Fox Juvenile Detention Center,15,0,3,0,0,0,1,11,0
Oregon,,,,,,,,,,
,Warm Springs Police Department and Adult Detention Center,40,2,8,1,0,6,3,20,0
South Dakota,,,,,,,,,,
,Cheyenne River Sioux Adult Detention Center,24,1,1,1,2,2,0,17,0
,Cheyenne River Sioux Juvenile Detention Center,7,0,1,0,3,0,0,3,0
,Ki Yuksa O'Tipi Reintegration Center,22,0,3,0,0,0,0,19,0
,Kyle Police Department and Adult Detention,16,1,0,0,0,0,0,15,0
,Lower Brule Justice Center-Adult Detention,33,5,2,0,0,20,2,4,0
,Lower Brule Justice Center-Juvenile Detention,0,0,0,0,0,0,0,0,0
,Oglala Sioux Tribal Offenders Facility,95,0,0,0,0,0,0,0,95
,Rosebud Sioux Tribal Police Department and Adult Detention,38,5,2,0,31,0,0,0,0
,Rosebud Sioux Wanbli Wiconi Tipi Juvenile Detention,22,0,4,0,0,1,1,16,0
,Sisseton-Wahpeton Law Enforcement Adult Detention Center,12,1,0,0,0,5,0,6,0
Washington,,,,,,,,,,
,Chehalis Tribal Police Department and Adult Detention Center,10,0,0,1,0,1,3,5,0
,Colville Adult Detention Center,22,8,5,2,4,2,1,0,0
,Makah Public Safety-Adult Detention,9,3,0,0,0,0,0,6,0
,Nisqually Adult Corrections,73,5,0,0,0,13,3,52,0
,Puyallup Tribal Law Enforcement and Adult Detention,2,1,0,0,0,0,0,1,0
,Quinault Nation Police Department and Holding Facility,2,0,0,1,0,0,0,1,0
,Spokane Adult Detention Center,10,2,2,0,0,3,0,3,0
Wisconsin,,,,,,,,,,
,Menominee Tribal Detention Facility,53,4,8,0,10,5,4,22,0
Wyoming,,,,,,,,,,
,Wind River Adult Detention Center,11,1,0,0,0,4,0,6,0
*Includes driving while intoxicated and driving while under the influence of drugs or alcohol.,,,,,,,,,,
