"Bureau of Justice Statistics",,,,,,,,
"Filename:  cfjs02104.csv",,,,,,,,
"Table 1.4. Characteristics of suspects arrested by Drug Enforcement Administration agents, by type of drug, October 1, 2001 - September 30, 2002",,,,,,,,
"Report title:  Compendium of Federal Justice Statistics, 2002   NCJ  205368",,,,,,,,
"Data source:  Federal justice statistics database maintained by The Urban Institute",,,,,,,,
"Author:  Urban Institute under the supervision of BJS",,,,,,,,
"Refer questions to:  askbjs@usdoj.gov  202-307-0765",,,,,,,,
"Date of version:  9/17/04",,,,,,,,
,,,,,,,,
,,,,,,,,
"Table 1.4. Characteristics of suspects arrested by Drug Enforcement Administration agents, by type of drug, October 1, 2001 - September 30, 2002",,,,,,,,
,,,,,,,,
,,,"Drug type",,,,,
"Arrestee characteristic","Total arrested","Percent arrested","Cocaine powder","Crack cocaine","Marijuana","Methamphetamines","Opiates","Other or non-drug"
"        All arrestees*",29145,100,7261,4400,5402,6406,2387,3289
"Male/Female",,,,,,,,
"    Male",24436,83.9,6239,3794,4620,5158,1991,2634
"    Female",4676,16.1,1012,601,774,1245,391,653
"Race"," "," "," "," "," "," "," "," "
"    White",20234,69.4,4971,831,4228,5943,1672,2589
"    Black",7839,26.9,2108,3516,958,134,644,479
"    Native American",139,0.5,39,7,42,39,5,7
"    Asian/Pacific Islander",534,1.8,42,20,86,199,20,167
"Ethnicity",,,,,,,,
"    Hispanic",11304,38.8,4024,532,2547,2206,1416,579
"    Non-Hispanic",16786,57.6,2989,3683,2668,3998,882,2566
"Age",,,,,,,,
"    Under 19 years",675,2.3,122,125,161,143,47,77
"    19-20 years",1805,6.2,352,342,409,347,113,242
"    21-30 years",12778,44,3243,2296,2252,2495,924,1568
"    31-40 years",8314,28.7,2224,1042,1420,2050,751,827
"    Over 40 years",5437,18.7,1287,575,1127,1342,544,562
"Citizenship",,,,,,,,
"    U.S. citizen",21456,73.6,4724,4023,3713,4788,1487,2721
"    Not U.S. citizen",6353,21.8,2144,247,1484,1263,789,426
,,,,,,,,
,,,,,,,,
"Note: Summing arrestees on a characteristic may not yield the total number of arrestees because some arrestees lack information on that characteristic.",,,,,,,,
"*Number of all arrestees will not match number of DEA arrests reported in table 1.2, as suspects arrested by DEA agents may be transferred to State or local jurisdiction and are never booked by the U.S. Marshals Service.  See Chapter notes",,,,,,,,
"Source: Drug Enforcement Administration Defendant Statistical System, fiscal year",,,,,,,,
