"Bureau of Justice Statistics",,,,,,,,,,,
"filename:  amtireg5.csv",,,,,,,,,,,
"Table 5.  Inter-rater agreement on observations of gender, race, and Hispanic origin, at an airport during 10 periods",,,,,,,,,,,
"title:  Assessing Measurement Techniques for Identifying Race, Ethnicity, and Gender: Observation-Based Data Collection in Airports and at Immigration Checkpoints, NCJ 197936",,,,,,,,,,,
"data source:  Humanalysis, Inc.",,,,,,,,,,,
"author:  Humanalysis, Inc.",,,,,,,,,,,
"contact person:  Steven Smith",,,,,,,,,,,
"refer questions to:  askbjs@ojp.usdoj.gov (202)307-0765",,,,,,,,,,,
"date of version:  1/23/03",,,,,,,,,,,
,,,,,,,,,,,
"Table 5. Inter-rater agreement on observations of gender, race, and Hispanic origin, at an airport during 10 periods",,,,,,,,,,,
,,,,,,,,,,,
,,,,,,,,,,,
"Categories used by observer A","                                                     Categories used by observer B",,,,,,,,,,
,"White male","White female","Black male","Black female","Hispanic male","Hispanic female","Asian male","Asian female","Unknown","Missing  ","Total"
"White male",964,5,0,0,5,1,0,0,0,6,981
"White female",10,716,0,3,2,4,0,1,0,10,746
"Black male",0,0,48,0,2,0,0,0,0,1,51
"Black female",0,2,0,42,1,0,0,1,0,0,46
"Hispanic male",2,0,0,0,10,0,1,0,0,0,13
"Hispanic female",0,0,0,0,0,1,0,0,0,0,1
"Asian male",0,0,0,0,1,0,54,0,0,0,55
"Asian female",0,0,0,0,0,1,0,27,0,1,29
"Unknown",0,0,0,0,0,0,0,0,0,0,0
"Missing  ",4,2,0,0,0,0,0,0,0,0,4
,,,,,,,,,,,
"  Total",980,725,48,45,21,7,55,29,0,18,1928
