Bureau of Justice Statistics,,,,,
Filename:  cshti0810t09.csv,,,,,
"Table 9. Victim and suspect outcomes in incidents opened between January 2008 and June 2009 and confirmed to be human trafficking by high data quality task forces, by type of trafficking",,,,,
"Report title: Characteristics of Suspected Human Trafficking Incidents, 2008-2010",,,,,
Data source:  Human Trafficking Reporting System,,,,,
Refer questions to:  askbjs@usdoj.gov   202-307-0765,,,,,
Authors: Duren Banks and Tracey Kyckelhahn,,,,,
Date of version:  04/28/2011,,,,,
,,,,,
"Table 9. Victim and suspect outcomes in incidents opened between January 2008 and June 2009 and confirmed to be human trafficking by high data quality task forces, by type of trafficking",,,,,
Type of incidents,,,Total,Sex Trafficking,Labor Trafficking
,Number of selected confirmed incidents,,257,218,39
Victims in confirmed incidents,,,,,
,Number of foreign victims identified,,87,43,44
,T or U visa status/a,,,,
,,Yes,21,9,12
,,No,20,8,12
,,Pending/unknown,46,26,20
Suspects in confirmed incidents,,,,,
,Suspects identified,,343,279,64
,Suspects arrested,,144,139,5
,,State arrest,114,114,0
,,Federal arrest,21,16,5
,,Both,9,9,0
,Suspects not arrested,,19,13,6
,Unknown,,180,127,53
Note: Analysis restricted to cases opened and observed between January 2008 and June 2009 in high data quality task forces. See definition of high data quality task forces on page 5.,,,,,
"a/Congress created the T and U nonimmigrant classifications with the passage of the TVPA, 2000. The T nonimmigrant status was created to provide protection to victims of severe forms of human trafficking. The U nonimmigrant status was designated for victims of certain crimes who had suffered mental or physical abuse and who were willing to assist in the investigation of human trafficking activity.",,,,,
