Bureau of Justice Statistics,,,,,,,,,,,,
Filename:  cshti0810t01.csv,,,,,,,,,,,,
"Table 1. Human trafficking incidents opened for investigation between January 2008-June 2010, by type of trafficking",,,,,,,,,,,,
"Report title: Characteristics of Suspected Human Trafficking Incidents, 2008-2010",,,,,,,,,,,,
Data source:  Human Trafficking Reporting System,,,,,,,,,,,,
Refer questions to:  askbjs@usdoj.gov   202-307-0765,,,,,,,,,,,,
Authors: Duren Banks and Tracey Kyckelhahn,,,,,,,,,,,,
Date of version:  04/28/2011,,,,,,,,,,,,
,,,,,,,,,,,,
"Table 1. Human trafficking incidents opened for investigation between January 2008-June 2010, by type of trafficking",,,,,,,,,,,,
,,,,,,,,,,,,
Type of trafficking/a,,Number,Percent/b,,,,,,,,,
,All incidents,"2,515",100.0,,,,,,,,,
Sex trafficking,,"2,065",82.1,,,,,,,,,
,Adult prostitution/ commercial sex act,"1,218",48.4,,,,,,,,,
,Prostitution or sexual exploitation of a child,"1,016",40.4,,,,,,,,,
,Sexualized labor,142,5.6,,,,,,,,,
,Other ,61,2.4,,,,,,,,,
Labor trafficking,,350,13.9,,,,,,,,,
,Commercial industry labor,132,5.2,,,,,,,,,
,Unregulated industry labor,230,9.1,,,,,,,,,
,Other ,26,1.0,,,,,,,,,
Other suspected trafficking,,65,2.6,,,,,,,,,
Unknown,,172,6.8,,,,,,,,,
,,,,,,,,,,,,
"a/Type of trafficking is identified as the type of suspected incident reported to or investigated by the law enforcement agency. The type of trafficking investigated is not necessarily the same type of trafficking that may be confirmed, charged at arrest, or prosecuted. Where the type of alleged trafficking may suggest elements of sex or labor trafficking, BJS classified the type through an analysis of the other characteristics of those cases, as identified by the investigative agencies. For example, sexualized labor was categorized as a type of alleged sex trafficking after further analyses found that investigations into sexualized labor situations were most commonly associated with characteristics of sex trafficking as opposed to labor trafficking.",,,,,,,,,,,,
b/Percent will add to more than 100 because incidents may involve more than one type of trafficking.,,,,,,,,,,,,
