Bureau of Justice Statistics,,,
Filename:  cshti0810f05.csv,,,
"Figure 5. Suspected incidents of human trafficking, by reported investigation start date",,,
"Report title: Characteristics of Suspected Human Trafficking Incidents, 2008-2010",,,
Data source:  Human Trafficking Reporting System,,,
Refer questions to:  askbjs@usdoj.gov   202-307-0765,,,
Authors: Duren Banks and Tracey Kyckelhahn,,,
Date of version:  04/28/2011,,,
,,,
"Figure 5. Suspected incidents of human trafficking, by reported investigation start date",,,
,,,
Investigation start date,Number of incidents reported,Cumulative incidents reported,
Pre-2007,132,132,
2007 Q1,106,238,
2007 Q2,114,352,
2007 Q3,153,505,
2007 Q4,147,652,
2008 Q1,327,979,
2008 Q2,320,1299,
2008 Q3,268,1567,
2008 Q4,260,1827,
2009 Q1,305,2132,
2009 Q2,280,2412,
2009 Q3,262,2674,
2009 Q4,229,2903,
2010 Q1,135,3038,
2010 Q2,129,3167,
