Bureau of Justice Statistics,,,,,
Filename:  cshti0810t04.csv,,,,,
"Table 4. Percent of incidents with valid information entered between January 2008 and June 2010, by quality of task force data",,,,,
"Report title: Characteristics of Suspected Human Trafficking Incidents, 2008-2010",,,,,
Data source:  Human Trafficking Reporting System,,,,,
Refer questions to:  askbjs@usdoj.gov   202-307-0765,,,,,
Authors: Duren Banks and Tracey Kyckelhahn,,,,,
Date of version:  04/28/2011,,,,,
,,,,,
"Table 4. Percent of incidents with valid information entered between January 2008 and June 2010, by quality of task force data",,,,,
,,Quality of task force reporting identified as ,,,
Type of information,,Low,,High,
,Type of trafficking,91,%,95,%
Human trafficking confirmed (or not),,61,,62,
Incident status is closed or inactive,,57,,65,
Agencies involved,,100,,100,
Information associated with the incident,,,,,
,Any individual-level information (suspect or victim),35,,88,
,Any suspect information,20,,62,
,Any victim information,30,,75,
"Note: High data quality task forces (18 of the 42) regularly entered new cases into the system, provided individual-level information for at least one suspect or victim, and updated case information on a regular basis. Approximately 94% of cases that would ultimately be confirmed as human trafficking or not, were confirmed within this timeframe. Low data quality task forces (24 of 42) did not demonstrate one or more of these data quality indicators.",,,,,
