Bureau of Justice Statistics,,,,,,
Filename:  cshti0810t10.csv,,,,,,
Table 10. Human trafficking case characteristics by quality of task force data,,,,,,
"Report title: Characteristics of Suspected Human Trafficking Incidents, 2008-2010",,,,,,
Data source:  Human Trafficking Reporting System,,,,,,
Refer questions to:  askbjs@usdoj.gov   202-307-0765,,,,,,
Authors: Duren Banks and Tracey Kyckelhahn,,,,,,
Date of version:  04/28/2011,,,,,,
,,,,,,
Table 10. Human trafficking case characteristics by quality of task force data,,,,,,
,,,,,,
,,Quality of task force reporting identified as -- ,,,,
,,Low,,,High,
Case characteristic,,Number,Percent,,Number,Percent
,Total number of cases opened for investigation,1209,,,1306,
Type of trafficking,,,,,,
,Sex trafficking,978,80.9,,1087,83.2
,Labor trafficking,127,10.5,,151,11.6
,Unknown,104,8.6,,68,5.2
Location of human trafficking task force in law enforcement agency,,,,,,
,Vice unit,803,66.4,,574,44
,"Criminal intelligence, organized crime, or human trafficking-dedicated unit",406,33.6,,732,56
Lead investigative agency level,,,,,,
,State/ local territorial,1061,87.8,,1143,87.5
,Federal,93,7.7,,142,10.9
,Private/ NGO,48,4,,15,1.1
,Missing/ Unknown,7,0.6,,6,0.5
Lead investigative agency type,,,,,,
,Law enforcement/ prosecution/ corrections,1149,95,,1276,97.7
,Victim advocate,48,4,,15,1.1
,Health/ human/ education services,1,0.1,,2,0.2
,Regulatory agency,4,0.3,,7,0.5
,Missing/ Unknown,7,0.6,,6,0.5
Number of agencies involved,,,,,,
,1,733,60.6,,428,32.8
,2-3,376,31.1,,633,48.5
,4-6,89,7.4,,215,16.5
,7 or more,7,0.6,,26,2
,Unknown,4,0.3,,4,0.3
Any victims identified,,362,29.9,,982,75.2
Any suspects identified,,247,20.4,,814,62.3
Confirmation outcome,,,,,,
,Confirmed to be human trafficking,146,12.1,,389,29.8
,Confirmed not to be human trafficking ,589,48.7,,420,32.2
,Pending confirmation ,474,39.2,,497,38.1
