Bureau of Justice Statistics,,,
Filename: cv08tt04.csv,,,
"Text table 4. Percent of crimes reported to police, 2008",,,
"Report title:  Criminal Victimization, 2008 NCJ 227777",,,
Data source: National Crime Victimization Survey,,,
"Author: Michael R. Rand, BJS Statistician",,,
Refer questions to: askbjs@usdoj.gov or (202) 307-0765,,,
Date of version: 09/02/2009,,,
,,,
"Text table 4. Percent of crimes reported to police, 2008",,,
Type of crime,,"Percent of crime reported to police, 2008",
Violent crime,,47.1,%
,Rape/sexual assault,41.4,
,Robbery,60.5,
,Aggravated assault,62,
,Simple assault,41.3,
Property crime,,40.3,%
 ,Burglary,56.2,
,Motor vehicle theft,79.6,
,Theft,33.6,
