Bureau of Justice Statistics,,,
Filename: cv08tt1.csv,,,
"Text table 1. Percent changes in the numer of crimes reported in the UCR, 2007-2008",,,
"Report title:  Criminal Victimization, 2008 NCJ 227777",,,
Data source: National Crime Victimization Survey,,,
"Author: Michael R. Rand, BJS Statistician",,,
Refer questions to: askbjs@usdoj.gov or (202) 307-0765,,,
Date of version: 09/02/2009,,,
,,,
"Text table 1. Percent changes in the numer of crimes reported in the UCR, 2007-2008",,,
Crime measured by the UCR,,Percent change in the number of crimes reported,
Violent crimes,,-2.5,%
,Murder,-4.4,
,Forcible rape,-2.2,
,Robbery,-1.1,
,Aggravate,-3.2,
Property crime,,-1.6,%
,Burglary,1.3,
,Larceny theft,-0.6,
,Motor vehicle theft,-13.1,
"Note: See the Preliminary Annual Uniform Crime Report from January to December 2008 <http://www.fbi.gov/ucr/08aprelim/index.html> for more information (last accessed August 17, 2009).",,,
