Bureau of Justice Statistics,,,,
Filename: cv08f02.csv,,,,
Figure 2. Property crime rates overall fell by 32% from 1999 to 2008,,,,
"Report title:  Criminal Victimization, 2008 NCJ 227777",,,,
Data source: National Crime Victimization Survey,,,,
"Author: Michael R. Rand, BJS Statistician",,,,
Refer questions to: askbjs@usdoj.gov or (202) 307-0765,,,,
Date of version: 09/02/2009,,,,
,,,,
Figure 2. Property crime rates overall fell by 32% from 1999 to 2008,,,,
,"Property crimes rate per 1,000 households",,,
,Total property crime,Burglary,Theft,Motor vehicle theft
1999,198,34.1,153.9,10
2000,178.1,31.8,137.7,8.6
2001,166.9,28.7,129,9.2
2002,159,27.7,122.3,9
2003,163.2,29.8,124.4,9
2004,161.1,29.6,122.8,8.8
2005,154.2,29.6,116.3,8.4
2006,,,,
2007,146.5,26.9,111.4,8.2
2008,134.7,26.3,101.8,6.6
Note: Data for 2006 are excluded.  See NCVS Methodological Changes in 2006 in box on page 2.,,,,
