Bureau of Justice Statistics,,,,,,,,
Filename: sop9313at02.csv,,,,,,,,
"Appendix table 2. Standard errors for appendix table 1: General purpose state and local law enforcement agencies, by type of employment, 2013",,,,,,,,
"Report title: Sheriffs' Office Personnel, 1993�2013 NCJ 249757",,,,,,,,
"Data Source: Bureau of Justice Statistics, Law Enforcement Management and Administrative Statistics Survey, 2013",,,,,,,,
"Author: Andrea M. Burch, BJS Statistician",,,,,,,,
Refer questions to: askbjs@usdoj.gov   202-307-0765,,,,,,,,
Date of version: 5/25/2016,,,,,,,,
 ,,,,,,,,
"Appendix table 2. Standard errors for appendix table 1: General purpose state and local law enforcement agencies, by type of employment, 2013",,,,,,,,
,,Full-time employees,,,,Part-time employees,,
Type of agency,,Total,Sworn,Civilian,,Total,Sworn,Civilian
,Total,"37,735","23,830","13,905",,"4,380","1,916","2,465"
Local police,,"22,859","16,470","6,389",,"2,541","1,198","1,353"
Sheriff�s office,,"14,877","7,360","7,516",,"1,839",727,"1,112"
"Source:  Bureau of Justice Statistics, Law Enforcement Management and Administrative Statistics (LEMAS) survey, 2013.",,,,,,,,
