Bureau of Justice Statistics,,,,,,,,,,,,,,,,,
Filename: jic08t08.csv,,,,,,,,,,,,,,,,,
"Table 8: Number of inmates confined in Indian country jails, by characteristic, June 2000-June 2008",,,,,,,,,,,,,,,,,
"Report title: Jails in Indian Country, 2008 NCJ 228271",,,,,,,,,,,,,,,,,
Data source: Survey of Jails in Indian Country (SJIC),,,,,,,,,,,,,,,,,
Author: Todd D. Minton,,,,,,,,,,,,,,,,,
Refer questions to: askbjs@usdoj.gov   202-307-0765,,,,,,,,,,,,,,,,,
Date of version: 12/1/2009,,,,,,,,,,,,,,,,,
,,,,,,,,,,,,,,,,,
"Table 8. Number of inmates confined in Indian country jails, by characteristic, June 2000-June 2008",,,,,,,,,,,,,,,,,
,,,Number of inmates,,,,,Percent of inmates,,,,,,,,,
Characteristic,,,2000,2002,2004,2007,2008,2000,,2002,,2004,,2007,,2008,
In custody ,,,"1,775","2,006","1,745","1,996","2,135",100,%,100,%,100,%,100,%,100,%
Gender,,,,,,,,,,,,,,,,,
,Male,,"1,421","1,618","1,346","1,582","1,678",80,%,81,%,77,%,79,%,79,%
,Female,,354,388,398,414,457,20,,19,,23,,21,,21,
Age/gender,,,,,,,,,,,,,,,,,
,Adults,,"1,498","1,699","1,546","1,743","1,882",84,%,85,%,89,%,87,%,88,%
,,Male,"1,214","1,399","1,222","1,415","1,498",68,,70,,70,,71,,70,
,,Female,284,300,324,328,384,16,,15,,19,,16,,18,
,Juveniles,,277,307,198,253,253,16,,15,,11,,13,,12,
,,Male,207,219,124,167,180,12,,11,,7,,8,,8,
,,Female,70,88,74,86,73,4,,4,,4,,4,,3,
Conviction status,,,,,,,,,,,,,,,,,
,Convicted,,"1,072","1,120",966,"1,116","1,340",61,%,57,%,58,%,59,%,63,%
,Unconvicted,,689,857,697,763,776,39,,43,,42,,41,,37,
Type of offense,,,,,,,,,,,,,,,,,
,Domestic violence,,...,291,257,362,307,...,%,15,%,18,%,20,%,15,%
,Assault,,...,...,190,233,308,...,,...,,13,,13,,15,
,Rape or sexual assault,,...,...,34,45,42,...,,...,,2,,2,,2,
,Other violence,,...,...,79,108,177,...,,...,,6,,6,,9,
,DWI/DUI*,,274,226,195,137,184,17,,11,,14,,8,,9,
,Drug law violation,,133,126,104,132,104,8,,6,,7,,7,,5,
,Other ,,...,...,569,804,954,...,,...,,40,,44,,46,
,Offense not reported,,...,...,317,175,59,/,,/,,/,,/,,/,
Note: Detailed characteristics may not be equal to the total number of confined inmates because of incomplete data. ,,,,,,,,,,,,,,,,,
See appendix tables 1-3 for a list of all facilities and inmate characteristics.,,,,,,,,,,,,,,,,,
*Includes driving while intoxicated and driving while under the influence of drugs or alcohol.,,,,,,,,,,,,,,,,,
...Not collected.,,,,,,,,,,,,,,,,,
/Not reported.,,,,,,,,,,,,,,,,,
