Bureau of Justice Statistics,,,,,,,,
Filename: jic08t03.csv,,,,,,,,
"Table 3: Indian country jails and percent of inmate population, by facility size, June 2008",,,,,,,,
"Report title: Jails in Indian Country, 2008 NCJ 228271",,,,,,,,
Data source: Survey of Jails in Indian Country (SJIC),,,,,,,,
Author: Todd D. Minton,,,,,,,,
Refer questions to: askbjs@usdoj.gov   202-307-0765,,,,,,,,
Date of version: 12/1/2009,,,,,,,,
,,,,,,,,
"Table 3. Indian country jails and percent of inmate population, by facility size, June 2008",,,,,,,,
,,Number ,,,Percent ,,,
Facility size*,,Facilities,Inmates,,Facilities,,Inmates,
,Total,82,"2,135",,100,%,100,%
Fewer than 10 inmates,,12,21,,14.6,%,1,%
10 to 24,,23,293,,28,,13.7,
25 to 49,,33,"1,134",,40.2,,53.1,
50 or more,,14,687,,17.1,,32.2,
"*Based on the rated capacity, maximum number of beds or inmates assigned by a rating official.",,,,,,,,
