Bureau of Justice Statistics,,,,
Filename: jic08t09.csv,,,,
"Table 9: Employment characteristics in Indian country jails, by job function, June 2008",,,,
"Report title: Jails in Indian Country, 2008 NCJ 228271",,,,
Data source: Survey of Jails in Indian Country (SJIC),,,,
Author: Todd D. Minton,,,,
Refer questions to: askbjs@usdoj.gov   202-307-0765,,,,
Date of version: 12/1/2009,,,,
,,,,
"Table 9. Employment characteristics in Indian country jails, by job function, June 2008",,,,
,,       Personnel,,
Job functions,,Number,Percent,
,Total/a,"1,303",100,%
Administrative/b,,149,11.4,%
Jail operations,,912,70,
Educational staff,,25,1.9,
Technical/professional,,64,4.9,
Clerical/maintenance/food service,,146,11.2,
,Number of inmates per jail operations staff,2.3,,
a/Includes 7 other job functions not shown in table.,,,,
"b/Includes jail administrators, assistants, and other personnel who work in an administrative capacity more than 50% of the time.",,,,
