Bureau of Justice Statistics,,,
Filename: jic08t05.csv,,,
"Table 5: Number of Indian country jails, by percent of capacity occupied, June 2008",,,
"Report title: Jails in Indian Country, 2008 NCJ 228271",,,
Data source: Survey of Jails in Indian Country (SJIC),,,
Author: Todd D. Minton,,,
Refer questions to: askbjs@usdoj.gov   202-307-0765,,,
Date of version: 12/1/2009,,,
,,,
"Table 5. Number of Indian country jails, by percent of rated capacity occupied, June 2008",,,
,Number of jails,,
Percent of capacity occupied/a,Midyear,ADP/b,Peak/c
More than 100%,17,16,36
75%-100%,17,14,20
50%-74%,17,17,9
25%-49%,16,14,12
Less than 25%,15,21,4
a/Rate capacity is the maximum number of beds or inmates assigned by a rating official.,,,
"b/Average daily population is the number of inmates confined in June, divided by 30. ",,,
c/Peak population is the largest one day inmate count in June 2008. Based on 81 facilities reporting on their peak population.,,,
