Bureau of Justice Statistics,,,,,,,
Filename: jic12t02.csv,,,,,,,
"Table 2: Jails in Indian country that held the majority of inmates in 2012 compared to 2011, by facility",,,,,,,
"Report title: Jails in Indian Country, 2012 NCJ 242187",,,,,,,
Data source: Survey of Jails in Indian Country (SJIC),,,,,,,
Author: Todd D. Minton,,,,,,,
Refer questions to: askbjs@usdoj.gov   202-307-0765,,,,,,,
Date of version: 6/27/2013,,,,,,,
 ,,,,,,,
"Table 2. Jails in Indian country that held the majority of inmates in 2012 compared to 2011, by facility",,,,,,,
,,Custody population at midyear*,,Change in population,,,
Facility,,2011,2012,,Number,Percent,
,"Total, 14 facilities","1,025","1,205",,180,17.6,%
Tohono O�odham Adult Detention Center (AZ),,195,229,,34,17.4,
Gila River Department of Rehabilitation and Supervision - Adult (AZ),,155,145,,-10,-6.5,
San Carlos Department of Corrections and Rehabilitation - Adult (AZ),,123,127,,4,3.3,
Oglala Sioux Tribal Offenders Facility (SD),,96,126,,30,31.3,
White Mountain Apache Detention Center (AZ),,51,95,,44,86.3,
Standing Rock Law Enforcement and Adult Detention Center (ND),,53,65,,12,22.6,
Laguna Tribal Police and Detention Center (NM),,35,63,,28,80,
Nisqually Adult Corrections (WA),,69,63,,-6,-8.7,
Colorado River Indian Tribes Adult Detention Center (AZ),,43,57,,14,32.6,
Red Lake Tribal Justice Center Adult Detention (MN),,40,50,,10,25,
Menominee Tribal Detention Facility (WI),,49,48,,-1,-2,
Choctaw Justice Complex Adult Detention (MS),,47,47,,0,0,
Shoshone Bannock Tribal Corrections (ID),,45,46,,1,2.2,
Navajo Department of Corrections - Chinle (AZ),,24,44,,20,83.3,
"Note: Based on facilities that held the most inmates on June 29, 2012. ",,,,,,,
*The number of inmates held on the last weekday in June.,,,,,,,
"Source: Bureau of Justice Statistics, Annual Survey of Jails in Indian Country, midyear 2011�2012.",,,,,,,
