Bureau of Justice Statistics,,,,
filename: cnh03tt1.csv,,,,
"report title:  Crime and the Nation's Households, 2003 NCJ 206348",,,,
data source:  National Crime Victimization Survey,,,,
"author:  Patsy Klaus, BJS Statistician",,,,
refer questions to:  askbjs@usdoj.gov (202) 307-0765,,,,
date of version: 10/26/04,,,,

"Text Table 1.  Violent and Property Crime, 2002-2003",,,,

,Percent of households,,,
Crime,2002,,2003,

Any NCVS ,14.6,%,14.7,%
    Violent ,3.2,,3,
     Property ,12.5,,12.7,
