Bureau of Justice Statistics,,,,
filename:  cnh03tt2.csv,,,,
"report title:  Crime and the Nation's Households, 2003 NCJ 206348",,,,
data source:  National Crime Victimization Survey,,,,
"author:  Patsy Klaus, BJS Statistician",,,,
refer questions to:  askbjs@usdoj.gov (202) 307-0765,,,,
date of version:  10/26/04,,,,

Text Table 2. Hispanic and Non-Hispanic,,,,

,Percent of households,,,
Crime,Hispanic head,,Non-hispanic head,

    Any NCVS ,18.4,%,14.3,%
Violent ,3.7,,3,
Property ,16.1,,12.3,

Violence by strangers or burglary,4.9,%,3.8,%

Intimate partner violence,0.3,%,0.4,%
