Bureau of Justice Statistics,,,
filename: cnh0301.csv,,,
"report title:  Crime and the Nation's Households, 2003 NCJ 206348",,,
data source: National Crime Victimization Survey,,,
"author:  Patsy Klaus, BJS Statistician ",,,
refer questions to:  askbjs@usdoj.gov (202) 307-0765,,,
date of version:  10/26//04,,,

"Table 1. Households experiencing crime, by type of crime,  2003",,,

,     Households,,
Type of victimization,Number,Percent,

Any NCVS crime,"16,749,820",14.7,%

Personal crime,"3,612,430",3.2,%

    Violent crime*,"3,478,660",3,
        Rape,"91,300",0.1,
        Sexual assault,"69,510",0.1,
        Robbery,"434,680",0.4,
        Assault,"2,977,820",2.6,
           Aggravated,"769,370",0.7,
            Simple,"2,340,190",2,

    Purse snatching/pocket picking,"146,300",0.1,

Property crime,"14,465,910",12.7,%
    Household burglary,"2,987,020",2.6,
    Motor vehicle theft,"948,710",0.8,
    Theft,"11,380,360",10,


Note:  Detail does not add to total or crime subtotals because of overlap in households experiencing various crimes.
"There were a total of 114,136,930 households in 2003. If vandalism is included among the victimizations, a total of 20,544,310 households (18%) experienced at least one crime in 2003."
*Violent crime does not include homicide.
