"Bureau of Justice Statistics",,,,,,,,,,,,,,,,,,,
"filename:  NCRP9510.csv",,,,,,,,,,,,,,,,,,,
"data source:  National Corrections Reporting Program, 1995",,,,,,,,,,,,,,,,,,,
"produced by:  Lauren Glaze",,,,,,,,,,,,,,,,,,,
"author:  Doris James Wilson (202) 616-3625 email wilsond@ojp.usdoj.gov",,,,,,,,,,,,,,,,,,,
"date of version: 02/19/99",,,,,,,,,,,,,,,,,,,
,,,,,,,,,,,,,,,,,,,
,,,,,,,,,,,,,,,,,,,
"NCRP9510 -  First releases from State prison, 1995:  Sentence length,",,,,,,,,,,,,,,,,,,,
"time served in prison, by offense and sex",,,,,,,,,,,,,,,,,,,
,,,,,,,,,,,,,,,,,,,
,"                                      First releases from State prison",,,,,,,,,,,,,,,,,,
,,,,,,,,,,,,,,,,,,,
,,,,"Male",,,,,,,,,," Female",,,,,
"Most serious","Maximum sentence length",,,,,"Time served in prison",,,,,"Maximum sentence length",,,,,"Time served in prison",,,
"offense","Median\1",,"Mean\2",,,"Median",," Mean",,,"Median\1",,"Mean\2",,,"Median",,"Mean",
,,,,,,,,,,,,,,,,,,,
"         All offenses",48,"mos.",62,"mos.",,16,"mos.",24,"mos.",,36,"mos.",51,"mos.",,11,"mos.",17,"mos."
,,,,,,,,,,,,,,,,,,,
"Violent offenses",60,"mos.",84,"mos.",,27,"mos.",38,"mos.",,54,"mos.",77,"mos.",,19,"mos.",28,"mos."
"   Homicide",120,,136,,,47,,63,,,96,,121,,,35,,48,
"      Murder/nonnegligent manslaughter",144,,172,,,67,,82,,,126,,159,,,49,,64,
"         Murder",180,,194,,,77,,91,,,144,,172,,,52,,69,
"         Nonnegligent manslaughter",126,,130,,,54,,61,,,120,,136,,,45,,53,
"      Negligent manslaughter",72,,97,,,31,,41,,,61,,90,,,25,,34,
"      Unspecified homicide",120,,117,,,39,,57,,,"- -",,"- -",,,"- -",,"- -",
"   Kidnapping",64,,95,,,30,,44,,,54,,81,,,20,,28,
"   Rape",84,,111,,,45,,59,,,78,,123,,,43,,52,
"   Other sexual assault",60,,78,,,28,,36,,,60,,79,,,22,,29,
"   Robbery",61,,92,,,29,,39,,,57,,78,,,19,,26,
"   Assault",42,,60,,,18,,27,,,36,,58,,,14,,21,
"   Other violent",36,,49,,,15,,20,,,36,,48,,,12,,18,
,,,,,,,,,,,,,,,,,,,
"Property offenses",42,"mos.",57,"mos.",,13,"mos.",21,"mos.",,36,"mos.",45,"mos.",,10,"mos.",14,"mos."
"   Burglary",48,,69,,,17,,26,,,36,,58,,,12,,18,
"   Larceny/theft",36,,48,,,11,,17,,,24,,38,,,9,,13,
"   Motor vehicle theft",36,,44,,,12,,17,,,24,,37,,,9,,13,
"   Arson",60,,80,,,20,,28,,,48,,72,,,15,,22,
"   Fraud",36,,53,,,12,,18,,,36,,48,,,9,,14,
"   Stolen property",36,,43,,,12,,17,,,24,,37,,,10,,14,
"   Other property",36,,43,,,11,,16,,,24,,40,,,8,,13,
,,,,,,,,,,,,,,,,,,,
"Drug offenses",48,"mos.",57,"mos.",,13,"mos.",19,"mos.",,36,"mos.",51,"mos.",,11,"mos.",15,"mos."
"   Possession",42,,56,,,11,,17,,,36,,49,,,8,,14,
"   Trafficking",48,,61,,,15,,20,,,37,,57,,,14,,17,
"   Other/unspecified drug",36,,46,,,12,,17,,,24,,39,,,9,,13,
,,,,,,,,,,,,,,,,,,,
"Public-order offenses",30,"mos.",39,"mos.",,11,"mos.",16,"mos.",,24,"mos.",35,"mos.",,10,"mos.",14,"mos."
"   Weapons",36,,40,,,12,,17,,,24,,33,,,11,,15,
"   Driving while intoxicated",24,,35,,,9,,12,,,24,,34,,,8,,11,
"   Other public-order",30,,42,,,12,,19,,,24,,36,,,10,,14,
,,,,,,,,,,,,,,,,,,,
"Other offenses",36,"mos.",46,"mos.",,12,"mos.",18,"mos.",,36,"mos.",44,"mos.",,10,"mos.",15,"mos."
,,,,,,,,,,,,,,,,,,,
"         Number of releases",," ",204054,,," "," ",204054,,,," ",22221,,," "," ",22221,
" ",,,,,,,,,,,,,,,,,,,
"--No statistic was calculated because there were fewer than 10 cases. ",,,,,,,,,,,,,,,,,,,
"1\Includes sentences of life without parole,",,,,,,,,,,,,,,,,,,,
"life plus additional years, life, and death.",,,,,,,,,,,,,,,,,,,
"2\Excludes sentences of life without parole,",,,,,,,,,,,,,,,,,,,
"life plus additional years, life, and death. ",,,,,,,,,,,,,,,,,,,
