Bureau of Justice Statistics,,,,,,,,,,,,,,
Filename: vpspi16stt04.csv,,,,,,,,,,,,,,
"Table 4. Military characteristics of male veterans in state and federal prison, 2016",,,,,,,,,,,,,,
"Report title: Veterans in Prison: Survey of Prison Inmates, 2016 � NCJ 252646",,,,,,,,,,,,,,
"Data source: Bureau of Justice Statistics, Survey of Prison Inmates, 2016",,,,,,,,,,,,,,
"Authors: Laura M. Maruschak, BJS Statistician, and Jennifer Bronson, Ph.D., and Mariel Alper, Ph.D., former BJS Statisticians",,,,,,,,,,,,,,
Refer questions to: askbjs@usdoj.gov 202-307-0765,,,,,,,,,,,,,,
Date of version: 3/30/2021,,,,,,,,,,,,,,
 ,,,,,,,,,,,,,,
"Table 4. Military characteristics of male veterans in state and federal prison, 2016",,,,,,,,,,,,,,
,,,,State prison,,,,,,Federal prison,,,,
Characteristic,,,,Percent,,,Standard error,,,Percent,,,Standard error,
Branch of service/a,,,,,,,,,,,,,,
,Air Force,,,10.6,%,,0.95,%,,11.2,%,,2.07,%
,Army,,,55.9,,,1.69,,,53.4,,,3.34,
,Marine Corps,,,14.6,,,1.12,,,14.5,,,2.07,
,Navy,,,20.3,,,1.48,,,24.1,,,2.65,
,Coast Guard,,,1.3,,,0.31,,,1.4, !,,0.74,
Combat experience/b,,,,,,,,,,,,,,
,None,,,71.8,%,,1.45,%,,79.4,%,,2.99,%
,Combat veteran,,,28.2,,,1.45,,,20.6,,,2.99,
,,"Combat by conflict/a,c",,,,,,,,,,,,
,,,Korea,0.7, !,,0.42,,,0.7, !,,0.68,
,,,Vietnam,41.3,,,3.24,,,36.3,,,7.73,
,,,Persian Gulf,18.8,,,2.41,,,27.4,,,6.03,
,,,Afghanistan,16.3,,,2.93,,,21.4,,,6.7,
,,,Iraq,27.6,,,3.02,,,22.1,,,5.1,
,,,Other/d,36.3,,,3.23,,,40,,,6.26,
Type of discharge,,,,,,,,,,,,,,
,Honorable,,,58.9,%,,1.4,%,,66,%,,3.56,%
,General under honorable conditions,,,15.3,,,1.02,,,11,,,2.22,
,General without honorable conditions,,,2.4,,,0.49,,,0.6, !,,0.59,
,Other than honorable,,,10,,,0.88,,,12.1,,,2.26,
,Dishonorable/bad conduct,,,6.2,,,0.91,,,5.1,,,1.74,
,Other/e,,,7.2,,,0.78,,,5.1,,,2.13,
Length of military service,,,,,,,,,,,,,,
,Less than 3 years,,,38.1,%,,1.56,%,,30.9,%,,3.2,%
,3 years to less than 5 years,,,31.1,,,1.62,,,32.1,,,3.3,
,5 years or more,,,30.8,,,1.6,,,37,,,3.49,
Note: Details may not sum to totals due to rounding. See appendix table 1 for prisoner estimates.,,,,,,,,,,,,,,
"! Interpret data with caution. Estimate is based on 10 or fewer sample cases, or coefficient of variation is greater than 50%.",,,,,,,,,,,,,,
a/Prisoners could select more than one response. ,,,,,,,,,,,,,,
b/Includes prisoners who self-reported having experienced combat in a line or combat unit during their military service.,,,,,,,,,,,,,,
c/No prisoner reported seeing combat in World War II. Percentages are based on the number of combat veterans.,,,,,,,,,,,,,,
"d/Includes other military operations (e.g., peacekeeping operations).",,,,,,,,,,,,,,
"e/Includes medical, psychological, and other unspecified types of discharge.",,,,,,,,,,,,,,
"Source: Bureau of Justice Statistics, Survey of Prison Inmates, 2016. ",,,,,,,,,,,,,,
