Bureau of Justice Statistics,,
Filename: aic02f11.csv,,
"Report title: American Indians and Crime, 1992-2002,  NCJ 203097",,
"Data source(s): Southern Ute Indian Tribe (SUIT) Community Safety Survey, 2001",,
Author: Steven W. Perry,,
Refer questions to: askbjs@usdoj.gov  (202)307-0765,,
Date of version: 12/28/04,,


"Figure 11. Violent victimizations involving drugs and alcohol related victimization, by tribal grouping",,

,Total ,Alcohol related 
All SUI Reservation tribes,106,49
Southern Ute,88,47
Other Indians,19,2
