Bureau of Justice Statistics,,,,,
Filename: aic0233.csv,,,,,
"Report title: American Indians and Crime, 1992-2002,  NCJ 203097",,,,,
"Data source(s): Survey of Jails in Indian Country, 2002",,,,,
Author: Steven W. Perry,,,,,
Refer questions to: askbjs@usdoj.gov  (202)307-0765,,,,,
Date of version: 12/28/04,,,,,


"Table 33. Tribal adult jail capacity and staff, by State and tribe, 2002 ",,,,,

,,Number of inmates,,,
 State, Tribal affiliation,Inmates in custody/a,Rated capacity/b,Jail operations staff/c,Guard-inmate ratio/d

Total,,"2,006","2,177",711,1 to 3

Alaska,Metlakatla Indian Community,0,10,5,

Arizona,Navajo Natione,220,221,77,1 to 2
,Colorado River Indian Tribes,30,36,12,   1 to 3
,Fort Mohave Indian Tribe,2,3,0,
,White Mountain Apache Tribe,60,46,14,1 to 4
,Hopi Tribe,85,96,8,1 to 11
,Tohono O'odham Nation,116,56,41,1 to 3
,Gila River Indian Community,219,252,94,1 to 2
,Salt River Pima-Maricopa Indian Community,51,56,35, 1 to 1
,San Carlos Apache Tribe,72,48,/,
,"Hualapai, Havasupai, Prescott Apache and Tonto Apache",50,45,5, 1 to 10
,Supai Tribe,7,12,0,
,Pascua Yaqui Tribe,0,4,5,

Colorado,Southern Ute Tribe,40,48,20,1 to 2
,Ute Mountain Ute Tribe,16,54,15,1 to 1

Idaho,Shoshone-Bannock Tribe,17,25,8,1 to 2

Michigan,Lake Superior Band of Chippewa,6,4,2, 1 to 3

Minnesota,Red Lake Chippewa Tribe,38,22,9,1 to 4

Mississippi,Mississippi Band of Choctaw Indians,28,40,15, 1 to 2

Montana,Blackfeet Tribe,26,69,19,1 to 1
,Crow Tribe,14,14,9,1 to 2
,Gros Ventre and Assiniboine Tribe,5,8,4, 1 to 1
,Assiniboine and Sioux Tribes,29,38,22,1 to 1
,Northern Cheyenne Tribe,29,19,4,1 to 7
,Chippewa-Cree Tribe,7,15,4,1 to 2
,Confederated Tribes of Salish and Kootenai,14,20,10, 1 to 1

Nebraska,Omaha Tribal Police Department,29,32,8, 1 to 4

Nevada,Shoshone-Paiute Tribes,13,27,6,1 to 2

New Mexico,Jicarilla Apache Tribe,29,46,12,1 to 2
,Laguna Pueblo,22,22,5,1 to 4
,Mescalero Apache Tribe,21,24,2,1 to 11
,Taos Pueblo,17,8,6,1 to 3
,Ramah Navajo,5,10,7,1 to 1
,Zuni Pueblo,20,34,12,1 to 2
,Navajo Nation/e,61,53,16,1 to 4

North Dakota,Spirit Lake Sioux Tribe,26,34,6,1 to 4
,Standing Rock Sioux Tribe,56,50,5,1 to 11
,Turtle Mountain Chippewa Tribe,22,30,5, 1 to 4
,Three Affiliated Tribes of  Fort Berthold Reservation,22,8,6, 1 to 4

Oklahoma,Ponca Tribe of Oklahoma,36,60,38,1 to 1
,Sac and Fox Nation,4,5,1,1 to 4
,,,,, 
Oregon,Warm Springs Confederated Tribes,58,44,17, 1 to 3

South Dakota,Cheyenne River Sioux Tribe,35,55,37,1 to 1
,Crow Creek Sioux Tribe,14,12,4,1 to 4
,Oglala Sioux Tribe,107,78,18,1 to 6
,Rosebud Sioux Tribe,34,68,6,1 to 6
,Sisseton-Wahpeton Sioux Tribe,22,22,3, 1 to 7

Utah,Northern Ute Tribe,7,22,4,1 to 2

Washington,Chehalis Indian Tribe,5,8,5,1 to 1
,Makah Indian Tribe,8,13,1,1 to 8
,Puyallup Tribe,4,8,7,1 to 1
,Quinault Tribe,6,12,7,1 to 1
,Spokane Tribe,5,10,3,1 to 2
,Confederated Tribes of Yakama Nation,47,50,9, 1 to 5

Wisconsin,Menominee Indian Tribe,52,45,14,1 to 4

Wyoming,Shoshone and Arapahoe Tribe,38,26,4,1 to 10

/Not reported.     ,,,,,
"a/Adults and juveniles confined in jail facilities on June 28, 2002.",,,,,
b/Rated capacity is the maximum number of beds or inmates assigned by a rating official to a facility. Excludes temporary holding areas.,,,,,
"c/Includes correctional officers, guards, and other staff who spend more than  50% of their time supervising inmates. Facility staffing was not collected on June 29, 2001.",,,,,
d/Includes the number of jail operation staff to the relative number of inmates  (inmates in custody divided by number jail operation staff) rounded to the whole number.,,,,,
"e/Data for the Navajo Department of Corrections-Window Rock in Arizona and Shiprock  in New Mexico are based on custody population on June 29, 2001. Jail operation staff data  were not provided for Window Rock or Shiprock. Domestic violence and other violent offenses were not collected on June 29, 2001. "
"Source: BJS, Jails in Indian Country, 2002. See <www.ojp.usdoj.gov/bjs/abstract/jic02.htm>. "
