Bureau of Justice Statistics,,,,,,,,,,
Filename: aic0225.csv,,,,,,,,,,
"Report title: American Indians and Crime, 1992-2002,  NCJ 203097",,,,,,,,,,
"Data source(s):  Federal Justice Statistics Program, 1994-2001",,,,,,,,,,
Author: Steven W. Perry,,,,,,,,,,
Refer questions to: askbjs@usdoj.gov  (202)307-0765,,,,,,,,,,
Date of version: 12/28/04,,,,,,,,,,


"Table 25. Offenders entering Federal prison, by race and offense type, 1994 and 2001 ",,,,,,,,,,
,Offenders entering Federal prison,,,,,,,,,
 Type of offense, All races,,American Indian ,, White,, Black,, Asian,

Persons entering prison in 2001,,,,,,,,,,
All offenses,100,%,100,%,100,%,100,%,100,%
Violent ,8.4,,54.9,,4.4,,13.3,,5.1,
Property,16.1,,17.1,,14.7,,18,,35.7,
Drug,40.1,,12.2,,38.9,,45.3,,27.3,
Other,35.4,,15.8,,42,,23.5,,31.9,

Total number ,"69,900",,"1,662",,"45,398",,"21,919",,921,

Persons entering prison in 1994,,,,,,,,,,
All offenses,100,%,100,%,100,%,100,%,100,%
Violent ,12.3,,59.7,,10.2,,12.8,,4.6,
Property,25.8,,16.8,,28.1,,22.6,,32.2,
Drug,50.4,,13,,55.6,,45.8,,29.6,
Other,11.5,,10.6,,6.1,,18.8,,33.6,

Total number ,"37,854",,865,,"21,781",,"14,556",,652,

Note: Excludes prisoners for whom race was unknown.  ,,,,,,,,,,
"Source: BJS, Federal Justice Statistics Program; Bureau of Prisons Sentry file, 1994 and 2001."
