Bureau of Justice Statistics,,,,,,,,,,
Filename: aic0213.csv,,,,,,,,,,
"Report title: American Indians and Crime, 1992-2002,  NCJ 203097",,,,,,,,,,
"Data source(s):  National Crime Victimization Survey, 1992-2001",,,,,,,,,,
Author: Steven W. Perry,,,,,,,,,,
Refer questions to: askbjs@usdoj.gov  (202)307-0765,,,,,,,,,,
Date of version: 12/28/04,,,,,,,,,,

"Table 13. Violent victimization of American Indians, by race of offender and type of victimization, 1992-2001",,,,,,,,,,

,Percent of American Indian victimizations,,,,,,,,,
Race of  offender,Violent victimizations,,Rape/sexual assault,, Robbery,,Aggravated assault,,Simple assault,

Total,100,%,100,%,100,%,100,%,100,
,,,,,,,,,,%
White,57,,78,,57,,58,,55,
Black,9,,8,,17,,10,,9
Other,34,,14,,27,,32,,37
Annual average number of victimizations,"116,050",,"5,919",,"9,090",,"28,104",,"70,123"
