Bureau of Justice Statistics,,,,
Filename: aic0224.csv,,,,
"Report title: American Indians and Crime, 1992-2002,  NCJ 203097",,,,
"Data source(s):  Federal Justice Statistics Program (FJSP), 2000",,,,
Author: Steven W. Perry,,,,
Refer questions to: askbjs@usdoj.gov  (202)307-0765,,,,
Date of version: 12/28/04,,,,


"Table 24. Criminal cases filed in U.S. district courts, by type of offense, 2000",,,,

,Percent of offenses charged,,,
 Type of offense, All cases,,Indian country cases only,
All offenses,100,%,100,%

Violent,4.7,,73.3,
Property,19.5,,9.4
Drugs,39.3,,2.1
Other,36.4,,15.3

Number of offenses,"77,990",,924
