Bureau of Justice Statistics,,,,,,,,,,
Filename: aic0208.csv,,,,,,,,,,
"Report title: American Indians and Crime, 1992-2002,  NCJ 203097",,,,,,,,,,
"Data source(s):  National Crime Victimization Survey, 1992-2001",,,,,,,,,,
Author: Steven W. Perry,,,,,,,,,,
Refer questions to: askbjs@usdoj.gov  (202)307-0765,,,,,,,,,,
Date of version: 12/28/04,,,,,,,,,,

"Table 8. Violent crime, by type of crime and race of victim, 1992-2001 ",,,,,,,,,,

,Percent of violent victimizations,,,,,,,,,
 Type of crime,All races,,American Indian,, White,, Black,, Asian,

Total,100,%,100,%,100,%,100,%,100,%

Rape/sexual assault,4,,5,,4,,4,,5,
Robbery,11,,8,,10,,19,,21
Aggravated assault,21,,25,,20,,25,,22
Simple assault,63,,61,,66,,51,,52

Annual average number of victimizations,"9,100,950",,"116,050",,"7,484,760",,"1,336,620",,"163,520"

Note: Total includes racial categories not presented.,,,,,,,,,
