Bureau of Justice Statistics,,
Filename: aic02htcv01.csv,,
"Report title: American Indians and Crime, 1992-2002,  NCJ 203097",,
"Data source(s):  Victimizations Survery, 2001",,
Author: Steven W. Perry,,
Refer questions to: askbjs@usdoj.gov  (202)307-0765,,
Date of version: 12/28/04,,

Tribal criminal victimization table 1. The Umatilla Indian Reservation,,
,Number of violent victimization,
,All victimizations,Alcohol related
All CTUIR tribes,88,53
Umatilla,52,33
Yakama,8,7
Nez Perce,13,8
All other tribes,15,5
