Bureau of Justice Statistics,,
Filename: aic02htcv03.csv,,
"Report title: American Indians and Crime, 1992-2002,  NCJ 203097",,
"Data source(s):  Zuni Pueblo Indian Reservation, 2201",,
Author: Steven W. Perry,,
Refer questions to: askbjs@usdoj.gov  (202)307-0765,,
Date of version: 12/28/04,,


Tribal criminal victimization table 3. The Zuni Pueblo Indian Reservation,,
,Percent of domestic partner violence reported by Zuni Pueblo,
,Domestic violence,
Physical,38,%
Sexual,1,
Stalking,5,
Emotional,44,
Threats,12
