Bureau of Justice Statistics,,,,,,,
Filename: aic0220.csv,,,,,,,
"Report title: American Indians and Crime, 1992-2002,  NCJ 203097",,,,,,,
"Data source(s):  Uniform Crime Reporting Program, 1991-2001",,,,,,,
Author: Steven W. Perry,,,,,,,
Refer questions to: askbjs@usdoj.gov  (202)307-0765,,,,,,,
Date of version: 12/28/04,,,,,,,


"Table 20. Violent crime arrests, by race, 1991-2001 ",,,,,,,
,  Arrests for violent crimes,,,,,,
 Year, Total,American Indian , White,   Black, Asian,,"Number of arrests of American Indians per 100,000 persons"
1992,"640,512","4,635","343,338","287,122","5,417",,216
1993,"647,448","4,888","340,237","296,066","6,257",,224
1994,"644,206","5,253","343,909","288,133","6,911",,236
1995,"618,657","5,238","336,132","270,122","7,165",,232
1996,"547,519","4,965","299,010","236,343","7,201",,217
1997,"500,621","4,691","284,523","205,823","5,584",,202
1998,"479,396","4,575","276,647","192,796","5,378",,194
1999,"419,473","4,042","248,120","162,264","5,047",,169
2000,"414,420","4,271","248,167","156,718","5,264",,173
2001,"433,764","4,345","260,983","163,192","5,244",,159

10-year average,"534,602","4,690","298,107","225,858","5,947",,

"Note: Violent crime includes murder, forcible rape, robbery, and aggravated assault. The arrest estimates include adjustments to account for law enforcement agencies that did not report.   ",,,,,,,
"Source: FBI, Crime in the United States, 2001, pg. 252, table 43. ",,,,,,,
