Bureau of Justice Statistics,,,,,,,,
Filename: aic0234.csv,,,,,,,,
"Report title: American Indians and Crime, 1992-2002,  NCJ 203097",,,,,,,,
"Data source(s): Survey of Jails in Indian Country, 2002",,,,,,,,
Author: Steven W. Perry,,,,,,,,
Refer questions to: askbjs@usdoj.gov  (202)307-0765,,,,,,,,
Date of version: 12/28/04,,,,,,,,

"Table 34. Tribal juvenile jail capacity, number in custody, offense seriousness, and staff, by State and tribe, 2002  ",,,,,,,,

,,,,      Number of juveniles in custody,,,,
, Number of juveniles,,,         Seriousness of offense        ,,,,
 State,Inmates in custody/a,Rated capacity/b,,Felony,Misdemeanor,Other/c,, Jail operations staff/d

  Total,185,341,,18,114,53,,188

Arizona,,,,,,,,
Chinle Youth Corrections,13,27,,0,13,0,,24
Gila River Juvenile Detention and  Rehabilitation Center,61,100,,0,61,0,,46
Tohono O'odham Judiciary Juvenile Detention Center,15,22,,8,7,0, ,12
Western Navajo Juvenile Services,26,36,,0,3,23,,24

Montana,,,,,,,,
Fort Peck Indian Youth Services Center,13,16,,3,10,0,,13
White Buffalo Youth Detention Center,6,24,,0,0,6,,10

New Mexico,,,,,,,,
Navajo Department of Corrections-Tohatchi Juvenile Center,3,14,,0,3,0,,8

Oklahoma,,,,,,,,
Sac & Fox Nation Juvenile Detention Facility,36,60,,1,11,24,,38

South Dakota,,,,,,,,
Klyuska O'Tipi Reintegration Centere,9,32,,6,3,0,,3
Walter Miner Law Enforce- ment Center-Juvenile,3,10,,0,3,0,,10

"a/Juveniles confined in jail facilities on June 28, 2002.   ",,,,,,,,
b/Rated capacity is the maximum number of beds or inmates assigned  by a rating official to a facility. Excludes temporary holding areas.,,,,,,,,
"c/Includes inmates being held for status offenses, unknown charges, court.",,,,,,,,
"d/Includes correctional officers, guards, and other staff who spend more  than 50% of their time supervising inmates. ",,,,,,,,
e/Custody number includes 5 adults being held for the BOP.,,,,,,,,
