Bureau of Justice Statistics,
Filename: aic02f06.csv,
"Report title: American Indians and Crime, 1992-2002,  NCJ 203097",
"Data source(s):  Uniform Crime Reporting Program, 1991-2001",
Author: Steven W. Perry,
Refer questions to: askbjs@usdoj.gov  (202)307-0765,
Date of version: 12/28/04,


"Figure 6.  Arrests of American Indians for violent crime by State and local law enforcement, 1992-2001",

1992,"4,635"
1993,"4,888"
1994,"5,253"
1995,"5,238"
1996,"4,965"
1997,"4,691"
1998,"4,575"
1999,"4,042"
2000,"4,271"
2001,"4,345"
