Bureau of Justice Statistics,,,,,,,,
Filename: aic0211.csv,,,,,,,,
"Report title: American Indians and Crime, 1992-2002,  NCJ 203097",,,,,,,,
"Data source(s):  National Crime Victimization Survey, 1992-2001",,,,,,,,
Author: Steven W. Perry,,,,,,,,
Refer questions to: askbjs@usdoj.gov  (202)307-0765,,,,,,,,
Date of version: 12/28/04,,,,,,,,


"Table 11. Violent victimization of American Indians, by victim-offender relationship and type of victimization, 1992-2001",,,,,,,,

,Percent of violent victimizations against American Indians,,,,,,,
 Violent crimes, Total,,Intimate/ family members,, Acquaintances,, Strangers,

Total violent victimizations,100,%,21,%,37,%,42,%

Rape/sexual assault,100,,25,,34,,41
Robbery,100,,15,,15,,71
Aggravated assault,100,,14,,38,,48
Simple assault,100,,25,,39,,36
