Bureau of Justice Statistics,,,,,,
Filename: aic0235.csv,,,,,,
"Report title: American Indians and Crime, 1992-2002,  NCJ 203097",,,,,,
"Data source(s): Confederated Tribes of the Umatilla Indian Reservation (CTUIR) Criminal Victimization Survey, 2001",,,,,,
Author: Steven W. Perry,,,,,,
Refer questions to: askbjs@usdoj.gov  (202)307-0765,,,,,,
Date of version: 12/28/04,,,,,,


"Table 35. CTUIR violent victimization respondents, by tribal affiliation, 2001 ",,,,,,

,Respondents,,,Violent victimizations,,
Tribe,Number,Percent,,Number,Percent,

Total,103,100,%,88,100,%

Umatilla,66,64,,52,59
Yakama,12,12,,8,9
Nez Perce,10,10,,13,15
All other tribes,15,15,,15,17

"Note: A total of 88 violent victimizations (nondomestic violent and domestic violent crimes) were reported by 67 respondents. Umatilla includes Cayus, Umatilla, and  Walla Walla tribes. ",,,,,
"All other tribes include Blackfeet, Cherokee, Cocopah, Colville, Grand Ronde, Navajo, Ponca, Shoshone-Paiute Duck Valley, Spokane, Warm Springs, and Yorok. Several victims reported multiple victimizations, and each reported violent act is counted as a separate offense. ",,,,,
