Bureau of Justice Statistics,,,
Filename: aic0201.csv,,,
"Report title: American Indians and Crime, 1992-2002,  NCJ 203097",,,
"Data source(s):  Census Bureau, Summary File 1, 2000",,,
Author: Steven W. Perry,,,
Refer questions to: askbjs@usdoj.gov  (202)307-0765,,,
Date of version: 12/28/04,,,

"Table 1. U.S. population 2000, by race ",,,

Race,Population,Percent,
    Total population,"281,421,906",100,%

American Indian and Alaska Native,"2,475,956",0.9,
White ,"211,460,626",75.1,
Black or African,"34,658,190",12.3,
Asian ,"10,242,998",3.6
Native Hawaiian or Pacific Islander ,"398,835",0.1
Some other race,"15,359,073",5.5
Two or more races,"6,826,228",2.4

"Source: U.S. Census Bureau, Census 2000 Summary File 1 (SF 1) 100-Percent Data. ",,
