"Bureau of Justice Statistics",,,
"filename: 50lcl02tt1.csv",,,
"text table 1.  Personnel in the 50 largest labs",,,
"title: 50 Largest Crime Labs, 2002, NCJ 205988",,,
"data source:  Census of Publicly Funded Forensic Crime Laboratories, 2002",,,
"authors:  Matthew J. Hickman and Joseph L. Peterson",,,
"refer questions to: askbjs@usdoj.gov (202)307-0765",,,
"date of version: 09/01/04",,,
,,,
"text table 1.  Personnel in the 50 largest labs",,,
,,,
"Personnel category","Number of FTEs","Percent of FTEs",
,,,
"Total",4348,100,"%"
,,,
"Analyst/examiner",2425,56,"%"
"Technical support",647,15,
"Managerial",513,12,
"Clerical support",368,8,
"Other",395,9,
