Bureau of Justice Statistics,,,,,,,
Filename: jim08stt05.csv,,,,,,,
"Table 5. Percent of jail capacity occupied at midyear, by size of jurisdiction, 2000, 2007, and 2008",,,,,,,
Report title: Jail Inmates at Midyear 2008 NCJ 225709,,,,,,,
Data source: Annual Survey of Jails,,,,,,,
"Authors: Todd D. Minton and William J. Sabol, Ph.D.",,,,,,,
Refer questions to: askbjs@usdoj.gov   202-307-0765,,,,,,,
"Date of version: March 27, 2009",,,,,,,

"Table 5. Percent of jail capacity occupied at midyear, by size of jurisdiction, 2000, 2007, and 2008",,,,,,,
,,Percent of capacity occupied/a,,,,,
Jurisdiction size/b,,2000,,2007/c,,2008,
,Total,91.6,%,96,%,94.8,%
Fewer than 50 inmates,,66.4,%,64.5,%,67.3,%
50 to 99,,80.4,,84.6,,83.6,
100 to 249,,94.1,,92.4,,91,
250 to 499,,95.7,,97.8,,96
500 to 999,,94.3,,99.3,,100.2
"1,000 or more",,94.1,,100.1,,97.6
a/Number of inmates at midyear divided by the rated capacity multiplied by 100.,,,,,,
b/Based on the average daily population.,,,,,,
c/Based on revised data from selected jail jurisdictions for 2007. See Methodology for a description of revised data.,,,,,,
