Bureau of Justice Statistics,,,,,,,
Filename: jim08stt01.csv,,,,,,,
"Table 1. Inmates confined in local jails at midyear, average daily jail population, and incarceration rate, 2000-2008",,,,,,,
Report title: Jail Inmates at Midyear 2008 NCJ 225709,,,,,,,
Data source: Annual Survey of Jails,,,,,,,
"Authors: Todd D. Minton and William J. Sabol, Ph.D.",,,,,,,
Refer questions to: askbjs@usdoj.gov   202-307-0765,,,,,,,
"Date of version: March 27, 2009",,,,,,,

"Table 1. Inmates confined in local jails at midyear, average daily jail population, and incarceration rate, 2000-2008",,,,,,,
,Inmates confined at midyear,,,Average daily population/a,,,
Year,Number,Percent,,Number,Percent,,Incarceration rate/b
2000,"621,149",2.5,%,"618,319",1.7,%,226
2001,"631,240",1.6,,"625,966",1.2,,222
2002,"665,475",5.4,,"652,082",4.2,,231
2003,"691,301",3.9,,"680,760",4.4,,238
2004,"713,990",3.3,,"706,242",3.7,,243
2005,"747,529",4.7,,"733,442",3.9,,252
2006/c,"765,819",2.4,,"755,320",3,,256
2007/d,"780,174",1.9,,"773,138",2.4,,259
2008,"785,556",0.7,,"776,573",0.4,,258
Average annual increase ,,,,,,,
2000-2007,,3.3,%,,3.2,%,
2007-2008,,0.7,,,0.4,,
"a/Average daily population is the sum of the number of inmates in jail each day for a year, divided by the number of days in the year.",,,,,,,
"b/Number of inmates confined at midyear per 100,000 U.S. residents.",,,,,,,
c/Based on revised data from selected jail jurisdictions for the number of inmates confined at midyear 2006. See Methodology for a description of revised data. ,,,,,,,
d/Based on revised data from selected jail jurisdictions for the number of inmates confined at midyear 2007 and the average daily population in 2007. See Methodology for a description of revised data.,,,,,,,
