Bureau of Justice Statistics,,,,,,,,,,,,
Filename: jim08stt07.csv,,,,,,,,,,,,
"Table 7. Characteristics of inmates in local jails, midyear 2000 and 2005-2008",,,,,,,,,,,,
Report title: Jail Inmates at Midyear 2008 NCJ 225709,,,,,,,,,,,,
Data source: Annual Survey of Jails,,,,,,,,,,,,
"Authors: Todd D. Minton and William J. Sabol, Ph.D.",,,,,,,,,,,,
Refer questions to: askbjs@usdoj.gov   202-307-0765,,,,,,,,,,,,
"Date of version: March 27, 2009",,,,,,,,,,,,

"Table 7. Characteristics of inmates in local jails, midyear 2000 and 2005-2008",,,,,,,,,,,,
,,,Percent of inmates ,,,,,,,,,
Characteristic,,,2000,,2005,,2006,,2007,,2008,
Gender,,,,,,,,,,,,
,Male,,88.6,%,87.3,%,87.1,%,87.1,%,87.3,%
,Female,,11.4,,12.7,,12.9,,12.9,,12.7,
Adults,,,98.8,%,99.1,%,99.2,%,99.1,%,99,%
,Male,,87.4,,86.5,,86.3,,86.3,,86.4,
,Female,,11.3,,12.6,,12.9,,12.8,,12.6,
Juveniles/a,,,1.2,,0.9,,0.8,,0.9,,1,
,Held as adults/b,,1,,0.8,,0.6,,0.7,,0.8,
,Held as juveniles,,0.2,,0.1,,0.2,,0.2,,0.2,
Race/Hispanic origin/c,,,,,,,,,,,,
,White/d,,41.9,%,44.3,%,43.9,%,43.3,%,42.5,%
,Black/African American/d ,,41.3,,38.9,,38.6,,38.7,,39.2,
,Hispanic/Latino,,15.2,,15,,15.6,,16.1,,16.4,
,"Other/d,e",,1.6,,1.7,,1.8,,1.8,,1.8,
,Two or more races/d,,...,,0.1,,0.1,,0.1,,0.2,
Conviction status/b ,,,,,,,,,,,,
,Convicted,,44,%,38,%,37.9,%,38,%,37.1,%
,,Male,39,,33.2,,32.8,,32.9,,32.3,
,,Female,5,,4.9,,5,,5.2,,4.8,
,Unconvicted,,56,,62,,62.1,,62,,62.9,
,,Male,50,,54.2,,54.3,,54.3,,55.2
,,Female,6,,7.7,,7.8,,7.7,,7.8
Note: Detail may not sum to total due to rounding.,,,,,,,,,,,
...Not collected.,,,,,,,,,,,
a/Persons under age 18 at midyear.,,,,,,,,,,,
b/Includes juveniles who were tried or awaiting trial as adults.,,,,,,,,,,,
c/Estimates based on reported data and adjusted for nonresponses.,,,,,,,,,,,
d/Excludes persons of Hispanic or Latino origin.,,,,,,,,,,,
"e/Includes American Indians, Alaska Natives, Asians, Native Hawaiians, and other Pacific Islanders.",,,,,,,,,,,
