Bureau of Justice Statistics,,
Filename: jic1718t08.csv,,
Table 8. Imputation for inmate characteristics in table 5,,
"Report title: Jails in Indian Country, 2017-2018  NCJ 252155",,
"Data Source: Bureau of Justice Statistics, Annual Survey of Jails in Indian Country, 2000, 2010, and 2015-2018",,
"Authors: Todd D. Minton, BJS Statistician, and Mary P. Cowhig, former BJS Statistician",,
Refer questions to: askbjs@usdoj.gov 202-307-0765,,
Date of version: 10/15/2020,,
,,
Table 8. Imputation for inmate characteristics in table 5,,
Characteristic and year,,
Sex/age group,,
,2000,No imputed data.
,2010,No imputed data.
,2015,Imputation for 2 facilities was based on their 2014 data.
,,Imputation for 4 facilities was based on their 2013 data.
,,Imputation for 1 facility was based on its 2012 data.
,2016,Imputation for 1 facility was based on its 2015 data.
,,Imputation for 3 facilities was based on their 2013 data.
,,Imputation for 1 facility was based on its 2012 data.
,,Imputation for 1 facility was based on the ratio of the total number of inmates in its jail at midyear 2016 to the reported number of inmates by sex in 2015.
,2017,Imputation for 4 facilities was based on their 2016 data.
,,Imputation for 1 facility was based on its 2015 data.
,,Imputation for 2 facilities was based on their 2013 data.
,,Imputation for 1 facility was based on its 2012 data.
,2018,Imputation for 3 facilities was based on their 2017 data.
,,Imputation for 3 facilities was based on their 2016 data.
,,Imputation for 2 facilities was based on their 2013 data.
,,Imputation for 1 facility was based on its 2012 data.
,,Imputation for 2 facilities was based on the ratio of the total number of inmates in their jail at midyear 2018 to the reported number of inmates by sex in 2018.
Conviction status,,
,2000,No imputed data.
,2010,Imputation for 14 facilities was based on the ratio of the total number of inmates in their jail at midyear 2010 to the reported number of inmates by conviction status in 2010.
,2015,Imputation for 2 facilities was based on their 2014 data.
,,Imputation for 4 facilities was based on their 2013 data.
,,Imputation for 1 facility was based on its 2012 data.
,2016,Imputation for 1 facility was based on its 2015 data.
,,Imputation for 3 facilities was based on the ratio of the total number of inmates in their jail at midyear 2016 to the reported number of inmates by conviction status in 2015.
,,Imputation for 3 facilities was based on their 2013 data.
,,Imputation for 1 facility was based on its 2012 data.
,2017,Imputation for 4 facilities was based on their 2016 data.
,,Imputation for 3 facilities was based on the ratio of the total number of inmates in their jail at midyear 2017 to the reported number of inmates by conviction status in 2016.
,,Imputation for 2 facilities was based on the ratio of the total number of inmates in their jail at midyear 2017 to the reported number of inmates by conviction status in 2015.
,,Imputation for 1 facility was based on its 2015 data.
,,Imputation for 2 facilities was based on their 2013 data.
,,Imputation for 1 facility was based on its 2012 data.
,2018, Imputation for 3 facilities was based on their 2017 data.
,,Imputation for 3 facilities was based on their 2016 data.
,,Imputation for 2 facilities was based on their 2013 data.
,,Imputation for 1 facility was based on its 2012 data.
,,Imputation for 3 facilities was based on the ratio of the total number of inmates in their jail at midyear 2018 to the reported number of inmates by conviction status in 2017.
Most serious offense,,
,2000,Imputation for 1 facility was based on the ratio of the total number of inmates in its jail at midyear 2000 to the reported number of inmates by offense type in 2002.
,,Imputation for 1 facility was based on the ratio of the total number of inmates in its jail at midyear 2000 to the reported number of inmates by offense type in 1999.
,2010,Imputation for 3 facilities was based on the ratio of the total number of inmates in their jail at midyear 2010 to the reported number of inmates by offense type in 2010.
,2015,Imputation for 2 facilities was based on their 2014 data.
,,Imputation for 4 facilities was based on their 2013 data.
,,Imputation for 1 facility was based on its 2011 data.
,,Imputation for 1 facility was based on the ratio of the total number of inmates in its jail at midyear 2015 to the reported number of inmates by offense type in 2015.
,2016,Imputation for 1 facility was based on its 2015 data.
,,Imputation for 3 facilities was based on their 2013 data.
,,Imputation for 1 facility was based on its 2011 data.
,,Imputation for 3 facilities was based on the ratio of the total number of inmates in their jail at midyear 2016 to the reported number of inmates by offense type in 2015.
,2017,Imputation for 4 facilities was based on their 2016 data.
,,Imputation for 3 facilities was based on the ratio of the total number of inmates in their jail at midyear 2017 to the reported number of inmates by offense type in 2016.
,,Imputation for 2 facilities was based on the ratio of the total number of inmates in their jail at midyear 2017 to the reported number of inmates by offense type in 2015.
,,Imputation for 1 facility was based on its 2015 data.
,,Imputation for 2 facilities was based on their 2013 data.
,,Imputation for 1 facility was based on its 2011 data.
,,"Imputation for 1 newly eligible facility was based on assigning 26 inmates with an unspecified most serious offense proportionally to known, reported offense categories, which reconciled the sum of individual offenses to total midyear 2017 population."
,2018,Imputation for 3 facilities was based on their 2017 data.
,,Imputation for 3 facilities was based on their 2016 data.
,,Imputation for 2 facilities was based on their 2013 data.
,,Imputation for 1 facility was based on its 2011 data.
,,Imputation for 2 facilities was based on the ratio of the total number of inmates in their jail at midyear 2018 to the reported number of inmates by offense type in 2018.
,,Imputation for 2 facilities was based on the ratio of the total number of inmates in their jail at midyear 2018 to the reported number of inmates by offense type in 2017.
Note: Imputations were based on the latest data available.,,
"Source: Bureau of Justice Statistics, Annual Survey of Jails in Indian Country, 2000, 2010, and 2015-2018.",,
