Bureau of Justice Statistics,,,,,,,,,,,,,,,,,,,,,,,,,,,
Filename: jic1718t07.csv,,,,,,,,,,,,,,,,,,,,,,,,,,,
"Table 7. Survey universe and response rates of jails in Indian country, 2004 and 2007-2018",,,,,,,,,,,,,,,,,,,,,,,,,,,
"Report title: Jails in Indian Country, 2017-2018  NCJ 252155",,,,,,,,,,,,,,,,,,,,,,,,,,,
"Data Source: Bureau of Justice Statistics, Annual Survey of Jails in Indian Country, 2004 and 2007-2018",,,,,,,,,,,,,,,,,,,,,,,,,,,
"Authors: Todd D. Minton, BJS Statistician, and Mary P. Cowhig, former BJS Statistician",,,,,,,,,,,,,,,,,,,,,,,,,,,
Refer questions to: askbjs@usdoj.gov 202-307-0765,,,,,,,,,,,,,,,,,,,,,,,,,,,
Date of version: 10/15/2020,,,,,,,,,,,,,,,,,,,,,,,,,,,
,,,,,,,,,,,,,,,,,,,,,,,,,,,
"Table 7. Survey universe and response rates of jails in Indian country, 2004 and 2007-2018",,,,,,,,,,,,,,,,,,,,,,,,,,,
,,2004,,2007,,2008,,2009/a,,2010,,2011/b,,2012/c,,2013,,2014,,2015,,2016,,2017,,2018,
Original roster of facilities/d,,,,,,,,,,,,,,,,,,,,,,,,,,,
,Number of facilities,70,,86,,86,,86,,86,,86,,89,,89,,90,,90,,90,,91,,96,
Non-operational/out-of-scope/e,,,,,,,,,,,,,,,,,,,,,,,,,,,
,Pre-survey-fielding,2,,3,,4,,6,,7,,6,,7,,11,,7,,7,,8,,7,,12,
,Post-survey-fielding,0,,0,,0,,1,,4,,3,,3,,0,,4,,7,,3,,5,,0,
Added facilities/f,,:,,:,,0,,0,,0,,3,,0,,1,,0,,0,,1,,5,,0,
Active survey universe/g,,68,,83,,82,,79,,75,,80,,79,,79,,79,,76,,80,,84,,84,
,Number of respondents,61,,79,,82,,79,,75,,80,,79,,77,,74,,69,,75,,76,,75,
,Number of non-respondents,7,,4,,0,,0,,0,,0,,0,,2,,5,,7,,5,,8,,9,
Response rate,,90,%,95,%,100,%,100,%,100,%,100,%,100,%,97,%,94,%,91,%,94,%,90,%,89,%
"Note: The survey was not conducted in 2005 and 2006. From 2004 to 2007, 7 facilities closed, 21 facilities in the 2007 survey were newly constructed or new to the collection, and 1 facility that was closed in 2004 reopened and was included in the survey. For the survey universes in 1998 to 2003, see the Jails in Indian Country report series located on the BJS website.",,,,,,,,,,,,,,,,,,,,,,,,,,,
:Not calculated.,,,,,,,,,,,,,,,,,,,,,,,,,,,
"a/Prior to the 2010 data collection, one facility in the 2009 universe was determined to be closed, resulting in a revised count of 79 active facilities for 2009.",,,,,,,,,,,,,,,,,,,,,,,,,,,
b/Two facilities in 2011 (one adult and one juvenile) were treated as one respondent in 2010.,,,,,,,,,,,,,,,,,,,,,,,,,,,
"c/Two facilities merged into one facility, resulting in a final universe of 79 facilities.",,,,,,,,,,,,,,,,,,,,,,,,,,,
d/Includes the number of facilities expected to be surveyed.,,,,,,,,,,,,,,,,,,,,,,,,,,,
"e/Includes the number of facilities determined to be closed or out of the survey�s scope, either prior to the fielding of the survey or during data collection.",,,,,,,,,,,,,,,,,,,,,,,,,,,
"f/Includes the number of facilities that were newly constructed, new to the data collection, or reopened after being temporarily closed.",,,,,,,,,,,,,,,,,,,,,,,,,,,
g/Includes the final number of facilities in the survey universe after removing non-operational and out-of-scope facilities.,,,,,,,,,,,,,,,,,,,,,,,,,,,
"Source: Bureau of Justice Statistics, Annual Survey of Jails in Indian Country, 2004 and 2007-2018.",,,,,,,,,,,,,,,,,,,,,,,,,,,
