Bureau of Justice Statistics,,,,,,
Filename: jic1718at10.csv,,,,,,
"Appendix table 10. Reported number of staff for table 6: Persons employed in jails in Indian country, by job function, midyear 2010 and 2015-2018",,,,,,
"Report title: Jails in Indian Country, 2017-2018  NCJ 252155",,,,,,
"Data Source: Bureau of Justice Statistics, Annual Survey of Jails in Indian Country, 2010 and 2015-2018",,,,,,
"Authors: Todd D. Minton, BJS Statistician, and Mary P. Cowhig, former BJS Statistician",,,,,,
Refer questions to: askbjs@usdoj.gov 202-307-0765,,,,,,
Date of version: 10/15/2020,,,,,,
,,,,,,
"Appendix table 10. Reported number of staff for table 6: Persons employed in jails in Indian country, by job function, midyear 2010 and 2015-2018",,,,,,
Job function,,2010,2015,2016,2017,2018
,Total,"1,469","1,539","1,646","1,743","1,705"
Administrative,,157,154,136,138,154
Jail operations,,"1,010","1,069","1,159","1,198","1,219"
Educational,,27,29,33,103,26
Technical/professional,,56,60,83,65,76
Clerical/maintenance/food service,,186,189,231,234,218
Other unspecified,,33,38,4,5,12
"Note: Data are based on all 75 facilities reporting complete data in 2010, 68 of 76 facilities reporting complete data in 2015, 73 of 80 facilities reporting complete data in 2016, 72 of 84 facilities reporting complete data in 2017, and 73 of 84 facilities reporting complete data in 2018.",,,,,,
"Source: Bureau of Justice Statistics, Annual Survey of Jails in Indian Country, 2010 and 2015-2018.",,,,,,
