Bureau of Justice Statistics
Filename: jic1718t09.csv
Table 9. Imputation for facility staff in table 6
"Report title: Jails in Indian Country, 2017-2018  NCJ 252155"
"Data Source: Bureau of Justice Statistics, Annual Survey of Jails in Indian Country, 2015-2018"
"Authors: Todd D. Minton, BJS Statistician, and Mary P. Cowhig, former BJS Statistician"
Refer questions to: askbjs@usdoj.gov 202-307-0765
Date of version: 10/15/2020

Table 9. Imputation for facility staff in table 6
"The 2018 imputation for 4 facilities was based on their 2017 data; for 4 facilities, their 2016 data; and for 3 facilities, their 2012 data. Data were imputed for 2 facilities (one serving adults, the other serving juveniles) by adjusting the reported 2018 staff to the 2016 adult-to-juvenile staffing ratio. "
"The 2017 imputation for 6 facilities was based on their 2016 data; for 3 facilities, their 2015 data; and for 3 facilities, their 2012 data. Data were imputed for 2 facilities (one serving adults, the other serving juveniles) by adjusting the reported 2017 staff to the 2016 adult-to-juvenile staffing ratio."
"The 2016 imputation for 3 facilities was based on their 2015 data; and for 4 facilities, their 2012 data."
"The 2015 imputation for 2 facilities was based on their 2014 data; for 5 facilities, their 2012 data; and for 1 facility, the ratio of the total number of staff at midyear 2015 to the reported job function in 2014."
"Source: Bureau of Justice Statistics, Annual Survey of Jails in Indian Country, 2015-2018."
