Bureau of Justice Statistics,,,,,,,,,,,,,,,,,,,,,
Filename: jic1718t05.csv,,,,,,,,,,,,,,,,,,,,,
"Table 5. Inmates held in jails in Indian country, by demographic characteristics, conviction status, and offense, midyear 2000, 2010, and 2015-2018  ",,,,,,,,,,,,,,,,,,,,,
"Report title: Jails in Indian Country, 2017-2018  NCJ 252155",,,,,,,,,,,,,,,,,,,,,
"Data Source: Bureau of Justice Statistics, Annual Survey of Jails in Indian Country, 2000, 2010, and 2015-2018",,,,,,,,,,,,,,,,,,,,,
"Authors: Todd D. Minton, BJS Statistician, and Mary P. Cowhig, former BJS Statistician",,,,,,,,,,,,,,,,,,,,,
Refer questions to: askbjs@usdoj.gov 202-307-0765,,,,,,,,,,,,,,,,,,,,,
Date of version: 10/15/2020,,,,,,,,,,,,,,,,,,,,,
,,,,,,,,,,,,,,,,,,,,,
"Table 5. Inmates held in jails in Indian country, by demographic characteristics, conviction status, and offense, midyear 2000, 2010, and 2015-2018  ",,,,,,,,,,,,,,,,,,,,,
,,,Number,,,,,,,Percent,,,,,,,,,,,
Characteristic,,,2000,2010,2015,2016,2017,2018,,2000,,2010,,2015,,2016,,2017,,2018,
,Total/a,,"1,775","2,119","2,510","2,540","2,820","2,870",,100,%,100,%,100,%,100,%,100,%,100,%
Sex,,,,,,,,,,,,,,,,,,,,,
,Male,,"1,420","1,640","1,870","1,860","2,130","2,150",,80,%,77,%,75,%,73,%,76,%,75,%
,Female,,350,480,640,680,690,710,,20,,23,,25,,27,,24,,25,
Age group,,,,,,,,,,,,,,,,,,,,,
,Adult,,"1,500","1,870","2,300","2,370","2,590","2,660",,84,%,88,%,92,%,93,%,92,%,93,%
,,Male,"1,210","1,480","1,730","1,750","1,980","2,020",,68,,70,,69,,69,,70,,70,
,,Female,280,390,570,620,610,640,,16,,18,,23,,24,,22,,22,
,Juvenile/b,,280,250,210,170,230,210,,16,,12,,8,,7,,8,,7,
,,Male,210,160,140,110,150,130,,12,,8,,6,,4,,5,,5,
,,Female,70,90,70,60,80,70,,4,,4,,3,,2,,3,,2,
Conviction status,,,,,,,,,,,,,,,,,,,,,
,Convicted,,"1,080","1,240","1,380","1,400","1,480","1,570",,61,%,59,%,55,%,55,%,52,%,55,%
,Unconvicted,,690,880,"1,130","1,130","1,340","1,300",,39,,41,,45,,45,,48,,45,
Most serious offense,,,,,,,,,,,,,,,,,,,,,
,Violent offense,,...,660,760,760,770,840,,...,,31,%,30,%,30,%,27,%,29,%
,,Domestic violence,...,280,330,350,340,440,,...,,13,,13,,14,,12,,15,
,,Aggravated/simple assault,...,230,240,260,250,250,,...,,11,,10,,10,,9,,9,
,,Rape/sexual assault,...,40,40,30,40,40,,...,,2,,2,,1,,1,,1,
,,Other violent,...,110,150,120,140,110,,...,,5,,6,,5,,5,,4,
,Burglary,,...,...,50,40,50,60,,...,,...,,2,,2,,2,,2,
,Larceny-theft/c,,...,...,30,50,40,40,,...,,...,,1,,2,,1,,1,
,Public intoxication/d,,...,...,440,470,510,470,,...,,...,,17,,19,,18,,16,
,DWI/DUI,,280,220,180,170,190,150,,16,%,10,,7,,7,,7,,5,
,Drug,,140,100,140,210,240,300,,8,,4,,6,,8,,9,,10,
,Other unspecified/e,,...,"1,150",920,840,"1,020","1,020",,...,,54,,37,,33,,36,,36,
"Note: Data are based on the number of inmates held on the last weekday in June. Some counts were imputed for non-response or rounded to the nearest 10. Details may not sum to totals due to rounding. See table 8 for details on items that were imputed. Estimates may differ from those previously published in the Jails in Indian Country series prior to 2014, due to imputation and rounding. See appendix tables 1 through 8 for a list of all facilities and inmate characteristics for 2017 and 2018. See appendix table 9 for the reported counts of inmate characteristics.",,,,,,,,,,,,,,,,,,,,,
...Not collected.,,,,,,,,,,,,,,,,,,,,,
a/Data on total midyear population for 2015 through 2018 were imputed for non-response and rounded to the nearest 10.,,,,,,,,,,,,,,,,,,,,,
b/Persons age 17 or younger.,,,,,,,,,,,,,,,,,,,,,
c/Excludes motor-vehicle theft.,,,,,,,,,,,,,,,,,,,,,
d/Includes drunk and disorderly conduct.,,,,,,,,,,,,,,,,,,,,,
"e/In 2013, BJS started collecting data on burglary, larceny-theft, and public intoxication. As a result, other unspecified offenses in prior years are not comparable to 2013 through 2018.",,,,,,,,,,,,,,,,,,,,,
"Source: Bureau of Justice Statistics, Annual Survey of Jails in Indian Country, 2000, 2010, and 2015-2018.",,,,,,,,,,,,,,,,,,,,,
