Bureau of Justice Statistics,,,,,,,,,,,,,,,,,,
Filename: psleapt11.csv,,,,,,,,,,,,,,,,,,
"Table 11. Primary state law enforcement agencies with personnel designated to address specific functional areas, by size of agency, 2020",,,,,,,,,,,,,,,,,,
"Report title: Primary State Law Enforcement Agencies: Personnel, 2020   NCJ 307507",,,,,,,,,,,,,,,,,,
"Data Source: Bureau of Justice Statistics, Law Enforcement Management and Administrative Statistics survey, 2020",,,,,,,,,,,,,,,,,,
"Author: Connor Brooks, BJS Statistician",,,,,,,,,,,,,,,,,,
Refer questions to: askbjs@usdoj.gov 202-307-0765,,,,,,,,,,,,,,,,,,
Date of version: 1/29/2024,,,,,,,,,,,,,,,,,,
,,,,,,,,,,,,,,,,,,
"Table 11. Primary state law enforcement agencies with personnel designated to address specific functional areas, by size of agency, 2020",,,,,,,,,,,,,,,,,,
,Total,,,,,,Agencies employing 750 or more FTE sworn officers with*�,,,,,,Agencies employing 749 or fewer FTE sworn officers with*�,,,,,
Specific functional area,Any designated personnel,,Personnel assigned full time to specialized unit,,Other designated personnel,,Any designated personnel,,Personnel assigned full time to specialized unit,,Other designated personnel,,Any designated personnel,,Personnel assigned full time to specialized unit,,Other designated personnel,
Internal affairs,100,%,93.8,%,6.3,%,100,%,100,%,0,%,100,%,87.5,%,12.5,%
"Special operations (e.g., SWAT)",100,,64.6,,35.4,,100,,87.5,,12.5,,100,,41.7,,58.3,
Traffic enforcement,95.8,,75,,20.8,,100,,70.8,,29.2,,91.7,,79.2,,12.5,
Public relations,89.6,,72.9,,16.7,,100,,95.8,,4.2,,79.2,,50,,29.2,
Research and planning,85.4,,68.8,,16.7,,100,,95.8,,4.2,,70.8,,41.7,,29.2,
Agency standards,81.3,,62.5,,18.8,,87.5,,66.7,,20.8,,75,,58.3,,16.7,
Crime analysis,77.1,,66.7,,10.4,,87.5,,75,,12.5,,66.7,,58.3,,8.3,
Bomb/explosive disposal,64.6,,45.8,,18.8,,75,,58.3,,16.7,,54.2,,33.3,,20.8,
Victim assistance,45.8,,27.1,,18.8,,50,,29.2,,20.8,,41.7,,25,,16.7,
Community policing,41.7,,20.8,,20.8,,37.5,,12.5,,25,,45.8,,29.2,,16.7,
Parking enforcement,14.6,,6.3,,8.3,,12.5,,4.2,,8.3,,16.7,,8.3,,8.3,
"*Size of agency is based on the number of full-time-equivalent (FTE) sworn officers (i.e., the number of full-time sworn officers plus half the number of part-time sworn officers).",,,,,,,,,,,,,,,,,,
"Source: Bureau of Justice Statistics, Law Enforcement Management and Administrative Statistics survey, 2020.",,,,,,,,,,,,,,,,,,
