Bureau of Justice Statistics,,
Filename: psleapf02.csv,,
"Figure 2. Percent of primary state law enforcement agencies that adopted selected policies and procedures to address COVID-19, 2020",,
"Report title: Primary State Law Enforcement Agencies: Personnel, 2020   NCJ 307507",,
"Data Source: Bureau of Justice Statistics, Law Enforcement Management and Administrative Statistics survey, 2020",,
"Author: Connor Brooks, BJS Statistician",,
Refer questions to: askbjs@usdoj.gov 202-307-0765,,
Date of version: 1/29/2024,,
,,
"Figure 2. Percent of primary state law enforcement agencies that adopted selected policies and procedures to address COVID-19, 2020",,
Policy/procedure adopted,Percent,
Exposure procedures for officers,100,%
Increased cleaning/disinfecting in station/common areas,100,
Increased cleaning/disinfecting in patrol cars,100,
Officer self-screening,97.9,
Officers wearing PPE during patrol,97.9,
Staff wearing PPE in station/common areas,97.9,
Providing PPE to persons in custody,83.3,
Intake procedures for symptomatic persons,81.3,
Routine COVID-19 officer testing,27.1,
Note: PPE denotes personal protective equipment. See appendix table 5 for estimates.,,
"Source: Bureau of Justice Statistics, Law Enforcement Management and Administrative Statistics survey, 2020.",,
