Bureau of Justice Statistics,,,,
Filename: psleapf03.csv,,,,
"Figure 3. Percent of primary state law enforcement agencies that reported a reduction in operations due to changes in policy or practice as a result of COVID-19, 2020",,,,
"Report title: Primary State Law Enforcement Agencies: Personnel, 2020   NCJ 307507",,,,
"Data Source: Bureau of Justice Statistics, Law Enforcement Management and Administrative Statistics survey, 2020",,,,
"Author: Connor Brooks, BJS Statistician",,,,
Refer questions to: askbjs@usdoj.gov 202-307-0765,,,,
Date of version: 1/29/2024,,,,
,,,,
"Figure 3. Percent of primary state law enforcement agencies that reported a reduction in operations due to changes in policy or practice as a result of COVID-19, 2020",,,,
Operation reduced,Changes in policy,,Changes in practice,
Community events,14.6,%,91.7,%
Car patrol,4.2,,54.2,
Foot patrol,2.1,,18.8,
Arrests for less-serious offenses,2.1,,68.8,
Investigations,2.1,,52.1,
Victim services,2.1,,25,
Note: Agencies could indicate reductions in operations due to changes in both policy and practice. See appendix table 6 for estimates.,,,,
"Source: Bureau of Justice Statistics, Law Enforcement Management and Administrative Statistics survey, 2020.",,,,
