Bureau of Justice Statistics,,,
Filename: psleapat03.csv,,,
"Appendix Table 3. Estimates for map 1: Full-time-equivalent sworn officers in primary state law enforcement agencies per 100,000 residents, by state, 2020",,,
"Report title: Primary State Law Enforcement Agencies: Personnel, 2020   NCJ 307507",,,
"Data Source: Bureau of Justice Statistics, Law Enforcement Management and Administrative Statistics survey, 2020",,,
"Author: Connor Brooks, BJS Statistician",,,
Refer questions to: askbjs@usdoj.gov 202-307-0765,,,
Date of version: 1/29/2024,,,
,,,
"Appendix Table 3. Estimates for map 1: Full-time-equivalent sworn officers in primary state law enforcement agencies per 100,000 residents, by state, 2020",,,
State,FTE sworn personnel,State population,"FTE sworn officers per 100,000 residents"
Alabama,779,"4,921,532",16
Alaska,274,"731,158",37
Arizona,"1,155","7,421,401",16
Arkansas,535,"3,030,522",18
California,"6,976","39,368,078",18
Colorado,743,"5,807,719",13
Connecticut,921,"3,557,006",26
Delaware,733,"986,809",74
Florida,"1,820","21,733,312",8
Georgia,"1,044","10,710,017",10
Idaho,294,"1,826,913",16
Illinois,"1,847","12,587,530",15
Indiana,"1,245","6,754,953",18
Iowa,560,"3,163,561",18
Kansas,481,"2,913,805",16
Kentucky,912,"4,477,251",20
Louisiana,"1,200","4,645,318",26
Maine,341,"1,350,141",25
Maryland,"1,441","6,055,802",24
Massachusetts,"2,249","6,893,574",33
Michigan,"1,927","9,966,555",19
Minnesota,601,"5,657,342",11
Mississippi,502,"2,966,786",17
Missouri,"1,219","6,151,548",20
Montana,230,"1,080,577",21
Nebraska,444,"1,937,552",23
Nevada,429,"3,138,259",14
New Hampshire,353,"1,366,275",26
New Jersey,"2,905","8,882,371",33
New Mexico,682,"2,106,319",32
New York,"4,758","19,336,776",25
North Carolina,"1,715","10,600,823",16
North Dakota,159,"765,309",21
Ohio,"1,551","11,693,217",13
Oklahoma,714,"3,980,783",18
Oregon,706,"4,241,507",17
Pennsylvania,"4,561","12,783,254",36
Rhode Island,249,"1,057,125",24
South Carolina,948,"5,218,040",18
South Dakota,174,"892,717",19
Tennessee,855,"6,886,834",12
Texas,"4,060","29,360,759",14
Utah,578,"3,249,879",18
Vermont,318,"623,347",51
Virginia,"1,861","8,590,563",22
Washington,"1,067","7,693,612",14
West Virginia,606,"1,784,787",34
Wisconsin,450,"5,832,655",8
Wyoming,195,"582,328",33
"Note: The number of full-time-equivalent (FTE) sworn officers is the number of full-time sworn officers plus half the number of part-time sworn officers. Agencies are grouped by the number of FTE sworn officers they employed per 100,000 residents in 2020. Hawaii�s Department of Public Safety is excluded from the Law Enforcement Management and Administrative Statistics survey.",,,
"Source: Bureau of Justice Statistics, Law Enforcement Management and Administrative Statistics survey, 2020; and U.S. Census Bureau, Annual Estimates of the Resident Population for the United States, Regions, States: April 1, 2010 to July 1, 2019, April 1, 2020, and July 1, 2020 (NST-EST2020).",,,
