Bureau of Justice Statistics,,,,,,,,,,,,,,,,,,
Filename: fvs0809.csv,,,,,,,,,,,,,,,,,,
"Table 8.9: Number of prior sentences of family violence offenders in State prison in 1997 compared to nonfamily violence offenders, by relationship",,,,,,,,,,,,,,,,,,
Report title:  Family Violence Statistics: Including Statistics on Strangers and Acquaintances NCJ 207846,,,,,,,,,,,,,,,,,,
"Data source:  Survey of Inmates in State and Federal Correctional Facilities, 1997",,,,,,,,,,,,,,,,,,
"Authors:  Matthew R. Durose, Caroline Wolf Harlow, Ph.D., Patrick A. Langan, Ph.D., Mark Motivans, Ph.D., Ramona R. Rantala, Erica L. Schmitt",,,,,,,,,,,,,,,,,,
Refer questions to:  askbjs@usdoj.gov   202-307-0765,,,,,,,,,,,,,,,,,,
Date of version:  6/12/05,,,,,,,,,,,,,,,,,,

"Table 8.9: Number of prior sentences of family violence offenders in State prison in 1997 compared to nonfamily violence offenders, by relationship",,,,,,,,,,,,,,,,,,

,,,Percent of crimes in which the victim was the offender's �,,,,,,,,,,,,,,,
,,,Family member,,,,,,,,Nonfamily member,,,,,,,
Number of prior sentences,All violent crimes,,Total,,Spouse,,Son or daughter,,Other family,,Total,,Boyfriend or girlfriend,,Friend or acquaintance,,  Stranger,

All inmates,100,%,100,%,100,%,100,%,100,%,100,%,100,%,100,%,100,%

No prior sentences,31.1,%,42.6,%,41.3,%,48.6,%,36.3,%,29.1,%,36.6,%,31.7,%,26.5,%
Prior sentences,68.9,,57.4,,58.7,,51.4,,63.7,,70.9,,63.4,,68.3,,73.5,
1,18.5,,18.1,,16.9,,15.9,,21.5,,18.6,,17.8,,18.1,,19,
2,16.4,,13.7,,12.6,,13.7,,14.7,,16.8,,14.8,,16.5,,17.2,
 3 - 5,21.1,,17.6,,18.3,,16.1,,18.8,,21.7,,14.3,,21.7,,22.5,
 6 - 10,9,,5.1,,7.4,,4.6,,4,,9.7,,13.1,,7.8,,10.6,
11 or more,4,,2.9,,3.6,,1.1,,4.6,,4.1,,3.4,,4.1,,4.2,

Total inmates,"458,148",,"66,923",,"17,440",,"26,876",,"22,607",,"391,224",,"23,283",,"151,256",,"216,686",

Percent of all inmates,100,%,14.6,%,3.8,%,5.9,%,4.9,%,85.4,%,5.1,%,33,%,47.3,%

"Note: Data identifying the victim's relationship to the offender were reported by 92.7% (458,148) of 494,349 State prison inmates  held for a violent crime in 1997. Of these 458,148 inmates with recorded relationships, number of prior sentences was reported  for 99.3%. Detail may not add to total because of rounding. ",,,,,,,,,,,,,,,,,,
"Source: BJS, 1997 Survey of Inmates in State and Federal Correctional Facilities. ",,,,,,,,,,,,,,,,,,
