Bureau of Justice Statistics,,,,,,,,,,,,,,,,,,
Filename: fvs0802.csv,,,,,,,,,,,,,,,,,,
"Table 8.2: Location of family violence compared to nonfamily violence for inmates in State prison for a violent crime in 1997, by relationship",,,,,,,,,,,,,,,,,,
Report title:  Family Violence Statistics: Including Statistics on Strangers and Acquaintances NCJ 207846,,,,,,,,,,,,,,,,,,
"Data source:  Survey of Inmates in State and Federal Correctional Facilities, 1997",,,,,,,,,,,,,,,,,,
"Authors:  Matthew R. Durose, Caroline Wolf Harlow, Ph.D., Patrick A. Langan, Ph.D., Mark Motivans, Ph.D., Ramona R. Rantala, Erica L. Schmitt",,,,,,,,,,,,,,,,,,
Refer questions to:  askbjs@usdoj.gov   202-307-0765,,,,,,,,,,,,,,,,,,
Date of version:  6/12/05,,,,,,,,,,,,,,,,,,

"Table 8.2: Location of family violence compared to nonfamily violence for inmates in State prison for a violent crime in 1997, by relationship",,,,,,,,,,,,,,,,,,

,,,Percent of crimes in which the victim was the offender's �,,,,,,,,,,,,,,,
,,,Family member,,,,,,,,Nonfamily member,,,,,,,
Offense location,All violent crimes,, Total,, Spouse,,Son or daughter,,Other family,,  Total,,Boyfriend or girlfriend,,Friend or acquaintance,, Stranger,

All inmates,100,%,100,%,100,%,100,%,100,%,100,%,100,%,100,%,100,%

Residence/home,44.5,%,89.1,%,84,%,94.3,%,87,%,36.9,%,70.6,%,52.9,%,22,%
Public place,32.9,,7.3,,11.6,,3.6,,8.5,,37.2,,18.6,,31.3,,43.3,
Commercial property,21.3,,2.1,,3.3,,0.4,,3.3,,24.6,,8.8,,14.5,,33.3,
Other place,0.6,,0.2,,0.6,,0,,0,,0.6,,0.4,,0.7,,0.6,
No one place,0.8,,1.2,,0.5,,1.7,,1.3,,0.7,,1.6,,0.6,,0.8,

Total inmates,"458,148",,"66,923",,"17,440",,"26,876",,"22,607",,"391,224",,"23,283",,"151,256",,"216,686",

Percent of all inmates,100,%,14.6,%,3.8,%,5.9,%,4.9,%,85.4,%,5.1,%,33,%,47.3,%

"Note: Data identifying the victim's relationship to the offender were reported by 92.7% (458,148) of 494,349 State prison inmates  held for a violent crime in 1997. Of these 458,148 inmates with recorded relationships, offense location was reported for 98.9%.  Detail may not add to total because of rounding. ",,,,,,,,,,,,,,,,,,
"Source: BJS, 1997 Survey of Inmates in State and Federal Correctional Facilities.",,,,,,,,,,,,,,,,,,
