Bureau of Justice Statistics,,,,,,,,,,,,,,,,,,
Filename: fvs0801.csv,,,,,,,,,,,,,,,,,,
"Table 8.1: Offenses for which family violence offenders were in State prison in 1997, compared to offenses for which nonfamily violence offenders were imprisoned, by relationship",,,,,,,,,,,,,,,,,,
Report title:  Family Violence Statistics: Including Statistics on Strangers and Acquaintances NCJ 207846,,,,,,,,,,,,,,,,,,
"Data source:  Survey of Inmates in State and Federal Correctional Facilities, 1997",,,,,,,,,,,,,,,,,,
"Authors:  Matthew R. Durose, Caroline Wolf Harlow, Ph.D., Patrick A. Langan, Ph.D., Mark Motivans, Ph.D., Ramona R. Rantala, Erica L. Schmitt",,,,,,,,,,,,,,,,,,
Refer questions to:  askbjs@usdoj.gov   202-307-0765,,,,,,,,,,,,,,,,,,
Date of version:  6/12/05,,,,,,,,,,,,,,,,,,

"Table 8.1: Offenses for which family violence offenders were in State prison in 1997, compared to offenses for which nonfamily violence offenders were imprisoned, by relationship",,,,,,,,,,,,,,,,,,

,,,Percent of crimes in which the victim was the offender's �,,,,,,,,,,,,,,,
,,,Family member,,,,,,,,Nonfamily member,,,,,,,
 Type of offense,All violent crimes,, Total,, Spouse,,Son or daughter,,Other family,, Total,,Boyfriend or girlfriend,,Friend or acquaintance,, Stranger ,

All offenses,100,%,100,%,100,%,100,%,100,%,100,%,100,%,100,%,100,%
,,,,,,,,,,,,,,,,,,
Homicide/a,29.3,%,24.9,%,46.7,%,9.1,%,26.8,%,30,%,30.8,%,35.7,%,26,%
Murder/b,25.9,,22.2,,43.1,,7.6,,23.6,,26.5,,26.9,,31.3,,23.1,
Manslaughter/c,3.4,,2.6,,3.6,,1.5,,3.3,,3.5,,3.9,,4.4,,2.9,
Sex offenses,19.0,,49.2,,6.9,,78.4,,47.1,,13.8,,21.1,,22.7,,6.8,
Rape,5.8,,9.9,,2.5,,16.3,,8.1,,5.0,,5.7,,7.0,,3.6,
Sexual assault,13.2,,39.3,,4.4,,62.1,,39.0,,8.8,,15.5,,15.7,,3.2,
Robbery,27.5,,1.5,,1.0,,0.0,,3.6,,32.0,,4.4,,14.4,,47.2,
Assault,20.5,,20.3,,39.5,,7.4,,21.0,,20.5,,36.7,,23.0,,16.9,
Other violence,3.7,,4.1,,5.8,,5.2,,1.5,,3.7,,7.0,,4.1,,3.1,

Total offenses,"458,148",,"66,923",,"17,440",,"26,876",,"22,607",,"391,224",,"23,283",,"151,256",,"216,686",

Percent of all offenses,100,%,14.6,%,3.8,%,5.9,%,4.9,%,85.4,%,5.1,%,33,%,47.3,%

"Note: Data identifying the victim's relationship to the offender were reported by 92.7% (458,148) of 494,349 State prison inmates held for a violent crime in 1997. Of these 458,148 inmates with recorded relationships, offense type was reported for all. Detail may not  add to total because of rounding. ",,,,,,,,,,,,,,,,,,
"a/Includes murder, nonnegligent manslaughter, vehicular and non-vehicular manslaughter, and negligent manslaughter. ",,,,,,,,,,,,,,,,,
b/Includes nonnegligent manslaughter. ,,,,,,,,,,,,,,,,,
"c/Includes vehicular and non-vehicular manslaughter, and negligent manslaughter.",,,,,,,,,,,,,,,,,
"Source: BJS, 1997 Survey of Inmates in State and Federal Correctional Facilities. ",,,,,,,,,,,,,,,,,
