"Bureau of Justice Statistics",,,,,,,,,,,
"filename:  cv0240.csv",,,,,,,,,,,
"Table 40. Percent distribution of single-offender victimizations, by type of crime and perceived race of offender",,,,,,,,,,,
"data source: National Criminal Victimization Survey, 2002   NCJ  200561",,,,,,,,,,,
"produced by:  Cathy Maston ",,,,,,,,,,,
"authors:  Patsy Klaus and Cathy Maston",,,,,,,,,,,
"refer questions to:  askbjs@ojp.usdoj.gov     202-307-0765",,,,,,,,,,,
"date of version: 08/31/03",,,,,,,,,,,
,,,,,,,,,,,
"Table 40. Personal crimes of violence, 2002: Percent distribution of single-offender victimizations, by type of crime and perceived race of offender",,,,,,,,,,,
,,,,,,,,,,,
"       ",,"                           Percent of single-offender victimizations",,,,,,,,,
,,,,"                         Perceived race of offender",,,,,,,
"Type of crime","Number of single-offender victimizations","  Total",," White",," Black",," Other",,"Not known and not available",
,,,,,,,,,,,
"Crimes of violence",4158290,100,"%",63.3,"%",22.8,"%",13.0,"%",0.9,"%"
,,,,,,,,,,,
"   Completed violence",1290480,100,,61.4,,25.8,,12.2,,0.7,"*"
"   Attempted/threatened violence",2867810,100,,64.2,,21.5,,13.4,,1.0,"*"
"   Rape/Sexual assault/a",202670,100,,55.8,,35.8,,8.4,"*","0.0","*"
"   Robbery",280000,100,,42.4,,45.7,,12.0,,"0.0","*"
"      Completed/property taken",191270,100,,38.7,,52.1,,9.1,"*","0.0","*"
"         With injury",74900,100,,35.8,"*",54.2,,10.0,"*","0.0","*"
"         Without injury",116360,100,,40.7,,50.8,,8.5,"*","0.0","*"
"      Attempted to take property",88730,100,,50.2,,31.7,"*",18.1,"*","0.0","*"
"         With injury",34610,100,,59.3,"*",32.6,"*",8.1,"*","0.0","*"
"         Without injury",54110,100,,44.4,"*",31.1,"*",24.5,"*","0.0","*"
"   Assault",3675610,100,,65.3,,20.4,,13.3,,1.0,
"      Aggravated",720880,100,,58.0,,24.1,,17.5,,0.5,"*"
"      Simple",2954730,100,,67.1,,19.4,,12.3,,1.2,
,,,,,,,,,,,
"Note: Detail may not add to total shown because of rounding.",,,,,,,,,,,
"*Estimate is based on about 10 or fewer sample cases.",,,,,,,,,,,
"a/Includes verbal threats of rape and threats of sexual assault.",,,,,,,,,,,
