"Bureau of Justice Statistics",,,,,,,,,,,,
"filename:  cv0244.csv",,,,,,,,,,,,
"Table 44. Percent distribution of multiple-offender victimizations, by type of crime and perceived gender of offenders",,,,,,,,,,,,
"data source: National Criminal Victimization Survey, 2002   NCJ  200561",,,,,,,,,,,,
"produced by:  Cathy Maston ",,,,,,,,,,,,
"authors:  Patsy Klaus and Cathy Maston",,,,,,,,,,,,
"refer questions to:  askbjs@ojp.usdoj.gov     202-307-0765",,,,,,,,,,,,
"date of version: 08/31/03",,,,,,,,,,,,
,,,,,,,,,,,,
"Table 44. Personal crimes of violence, 2002: Percent distribution of multiple-offender victimizations, by type of crime and perceived gender of offenders",,,,,,,,,,,,
,,,,,,,,,,,,
"       ",,,"         Percent of all multiple-offender victimizations",,,,,,,,,
"                                                                                                                                         ",,,"                            Perceived gender of offenders",,,,,,,,,
"Type of crime","Number of multiple-offender victimizations",,"Total",," All male",,"All female",,"Male and female",,"Not known and not available",
,,,,,,,,,,,,
"Crimes of violence",1091760,,100,"%",73.9,"%",10.5,"%",13.2,"%",2.5,"%*"
,,,,,,,,,,,,
"   Completed violence",433470,,100,,73.8,,10.5,,13.0,,2.7,"*"
"   Attempted/threatened violence",658280,,100,,74.0,,10.5,,13.2,,2.3,"*"
"   Rape/Sexual assault/a",39580,,100,,85.5,,"0.0","*",14.5,"*","0.0","*"
"   Robbery",219770,,100,,81.6,,4.3,"*",10.9,"*",3.3,"*"
"      Completed/property taken",181890,,100,,77.7,,5.2,"*",13.2,"*",3.9,"*"
"         With injury",89620,,100,,71.4,,7.8,"*",15.7,"*",5.1,"*"
"         Without injury",92260,,100,,83.9,,2.6,"*",10.7,"*",2.9,"*"
"      Attempted to take property",37870,,100,,100.0,,"0.0","*","0.0","*","0.0","*"
"         With injury",7970,"*",100,"*",100.0,"*","0.0","*","0.0","*","0.0","*"
"         Without injury",29900,"*",100,"*",100.0,"*","0.0","*","0.0","*","0.0","*"
"   Assault",832400,,100,,71.3,,12.6,,13.7,,2.4,"*"
"      Aggravated",242510,,100,,78.9,,6.8,"*",12.1,"*",2.1,"*"
"      Simple",589890,,100,,68.2,,15.0,,14.3,,2.5,"*"
,,,,,,,,,,,,
"Note: Detail may not add to total shown because of rounding.",,,,,,,,,,,,
"*Estimate is based on about 10 or fewer sample cases.",,,,,,,,,,,,
"a/Includes verbal threats of rape and threats of sexual assault.",,,,,,,,,,,,
