"Bureau of Justice Statistics",,,,,,,,,,,,,
"filename:  cv0248.csv",,,,,,,,,,,,,
"Table 48. Percent distribution of multiple-offender victimizations by type of crime, race of victims and perceived race of offenders",,,,,,,,,,,,,
"data source: National Criminal Victimization Survey, 2002   NCJ  200561",,,,,,,,,,,,,
"produced by:  Cathy Maston ",,,,,,,,,,,,,
"authors:  Patsy Klaus and Cathy Maston",,,,,,,,,,,,,
"refer questions to:  askbjs@ojp.usdoj.gov     202-307-0765",,,,,,,,,,,,,
"date of version: 08/31/03",,,,,,,,,,,,,
,,,,,,,,,,,,,
"Table 48. Personal crimes of violence, 2002: Percent distribution of multiple-offender victimizations by type of crime, race of victims and perceived race of offenders",,,,,,,,,,,,,
,,,,,,,,,,,,,
,,"                                               Percent of multiple-offender victimizations",,,,,,,,,,,
,,,,"                                             Perceived race of offenders",,,,,,,,,
"Type of crime and race of victim","Number of multiple-offender victimizations","Total",,"All white",,"All black",,"All other",,"Mixed races",,"Not known and not available",
,,,,,,,,,,,,,
"Crimes of violence/a",,,,,,,,,,,,,
"White",902260,100,"%",45.7,"%",16.4,"%",15.3,"%",15.8,"%",6.7,"%"
"Black",161350,100,"%",22.2,,64.3,,2.6,"*",6.7,"*",4.2,"*"
,,,,,,,,,,,,,
"Robbery",,,,,,,,,,,,,
"White",171340,100,"%",28.0,,34.3,,13.0,"*",18.9,,5.8,"*"
"Black",39350,100,"%","0.0","*",72.2,"*",10.5,"*","0.0","*",17.2,"*"
,,,,,,,,,,,,,
"Assault",,,,,,,,,,,,,
"White",703400,100,"%",50.0,,12.4,,15.9,,14.6,,7.1,
"Black",112800,100,"%",31.8,,58.6,,"0.0","*",9.6,"*","0.0","*"
,,,,,,,,,,,,,
"Note: Detail may not add to total shown because of rounding.",,,,,,,,,,,,,
"*Estimate is based on about 10 or fewer sample cases.",,,,,,,,,,,,,
"a/Includes data on rape and sexual assault, not shown separately.",,,,,,,,,,,,,
