"Bureau of Justice Statistics",,,,,,,,,,,
"filename:  cv0228.csv",,,,,,,,,,,
"Table 28. Number of victimizations and victimization rates for persons age 12 and over, by type of crime and victim-offender relationship",,,,,,,,,,,
"data source: National Criminal Victimization Survey, 2002   NCJ  200561",,,,,,,,,,,
"produced by:  Cathy Maston ",,,,,,,,,,,
"authors:  Patsy Klaus and Cathy Maston",,,,,,,,,,,
"refer questions to:  askbjs@ojp.usdoj.gov     202-307-0765",,,,,,,,,,,
"date of version: 08/31/03",,,,,,,,,,,
,,,,,,,,,,,
"Table 28. Personal crimes of violence, 2002: Number of victimizations and victimization rates for persons age 12 and over, by type of crime and victim-offender relationship",,,,,,,,,,,
,,,,,,,,,,,
"    ",,"                                                      Rate per 1,000 persons age 12 and over",,,,,,,,,
,,"                      Total",,"        Involving strangers",,,,"    Involving nonstrangers",,,
"Type of crime","Total Population","Number","Rate","Number",,"Rate",,"Number",,"Rate",
,,,,,,,,,,,
"Crimes of violence",231589260,5341410,23.1,2663220,,11.5,,2678200,,11.6,
,,,,,,,,,,,
"   Completed violence",,1753090,7.6,792810,,3.4,,960280,,4.1,
"   Attempted/threatened violence",,3588320,15.5,1870410,,8.1,,1717910,,7.4,
"   Rape/Sexual assault",,247730,1.1,83930,,0.4,,163800,,0.7,
"      Rape/Attempted rape",,167860,0.7,56010,,0.2,,111850,,0.5,
"         Rape",,90390,0.4,33400,,0.1,,56990,,0.2,
"         Attempted rape/a",,77470,0.3,22610,"*",0.1,"*",54860,,0.2,
"      Sexual assault/b",,79870,0.3,27920,"*",0.1,"*",51950,,0.2,
"   Robbery",,512490,2.2,374160,,1.6,,138330,,0.6,
"      Completed/property taken",,385880,1.7,284520,,1.2,,101360,,0.4,
"         With injury",,169980,0.7,105720,,0.5,,64260,,0.3,
"         Without injury",,215890,0.9,178790,,0.8,,37100,,0.2,
"      Attempted to take property",,126610,0.5,89650,,0.4,,36960,,0.2,
"         With injury",,42600,0.2,25950,"*",0.1,"*",16650,"*",0.1,"*"
"         Without injury",,84020,0.4,63700,,0.3,,20320,"*",0.1,"*"
"   Assault",,4581190,19.8,2205120,,9.5,,2376070,,10.3,
"      Aggravated",,990110,4.3,581560,,2.5,,408550,,1.8,
"         With injury",,316260,1.4,142540,,0.6,,173710,,0.8,
"         Threatened with weapon",,673850,2.9,439020,,1.9,,234840,,1.0,
"      Simple",,3591090,15.5,1623560,,7.0,,1967530,,8.5,
"         With minor injury",,906580,3.9,315590,,1.4,,590990,,2.6,
"         Without injury",,2684510,11.6,1307970,,5.6,,1376540,,5.9,
,,,,,,,,,,,
"Note: Detail may not add to total shown because of rounding.",,,,,,,,,,,
"*Estimate is based on about 10 or fewer sample cases.",,,,,,,,,,,
"a/Includes verbal threats of rape.",,,,,,,,,,,
"b/Includes threats.",,,,,,,,,,,
