"Bureau of Justice Statistics",,,,,,,,,,,,
"filename:  cv0242.csv",,,,,,,,,,,,
"Table 42. Personal crimes of violence, 2002: Percent distribution of single-offender victimizations, based on race of victims, by type of crime and perceived race of offender",,,,,,,,,,,,
"data source: National Criminal Victimization Survey, 2002   NCJ  200561",,,,,,,,,,,,
"produced by:  Cathy Maston ",,,,,,,,,,,,
"authors:  Patsy Klaus and Cathy Maston",,,,,,,,,,,,
"refer questions to:  askbjs@ojp.usdoj.gov     202-307-0765",,,,,,,,,,,,
"date of version: 08/31/03",,,,,,,,,,,,
,,,,,,,,,,,,
"Table 42. Personal crimes of violence, 2002: Percent distribution of single-offender victimizations, based on race of victims, by type of crime and perceived race of offender",,,,,,,,,,,,
,,,,,,,,,,,,
,,,"                                           Percent of single-offender victimizations",,,,,,,,,
,,,,,"                                    Perceived race of offender",,,,,,,
"Type of crime and race of victim","Number of single-offender victimizations",,"Total",,"White",,"Black",," Other",,"Not known and not available",
,,,,,,,,,,,,
"Crimes of violence",,,,,,,,,,,,
"White",3427980,,100,"%",72.6,"%",13.6,"%",12.6,"%",1.1,"%"
"Black",617970,,100,"%",16.2,,74.5,,9.3,,"0.0","*"
,,,,,,,,,,,,
"Completed violence",,,,,,,,,,,,
"White",1056610,,100,"%",71.8,,15.4,,12.1,,0.8,"*"
"Black",186240,,100,"%",8.6,"*",84.6,,6.7,"*","0.0","*"
,,,,,,,,,,,,
"Attempted/threatened violence",,,,,,,,,,,,
"White",2371370,,100,"%",73.0,,12.8,,12.9,,1.2,"*"
"Black",431730,,100,"%",19.5,,70.1,,10.4,,"0.0","*"
,,,,,,,,,,,,
"Rape/Sexual assault/a",,,,,,,,,,,,
"White",134140,,100,"%",76.0,,13.1,"*",10.9,"*","0.0","*"
"Black",59490,,100,"%",14.2,"*",85.8,,"0.0","*","0.0","*"
,,,,,,,,,,,,
"Robbery",,,,,,,,,,,,
"White",194910,,100,"%",54.4,,31.5,,14.1,"*","0.0","*"
"Black",70530,,100,"%",10.1,"*",85.1,,4.8,"*","0.0","*"
,,,,,,,,,,,,
"Completed/property taken",,,,,,,,,,,,
"White",128460,,100,"%",47.8,,38.7,,13.6,"*","0.0","*"
"Black",50790,,100,"%",14.0,"*",86.0,,"0.0","*","0.0","*"
,,,,,,,,,,,,
"With injury",,,,,,,,,,,,
"White",47810,,100,"%",56.0,"*",28.3,"*",15.7,"*","0.0","*"
"Black",20700,"*",100,"%*","0.0","*",100.0,"*","0.0","*","0.0","*"
,,,,,,,,,,,,
"Without injury",,,,,,,,,,,,
"White",80650,,100,"%",42.9,,44.8,,12.3,"*","0.0","*"
"Black",30090,"*",100,"%*",23.6,"*",76.4,"*","0.0","*","0.0","*"
,,,,,,,,,,,,
"Attempted to take property",,,,,,,,,,,,
"White",66450,,100,"%",67.1,,17.7,"*",15.2,"*","0.0","*"
"Black",19740,"*",100,"%*","0.0","*",82.9,"*",17.1,"*","0.0","*"
,,,,,,,,,,,,
"With injury",,,,,,,,,,,,
"White",29390,"*",100,"%*",69.9,"*",20.6,"*",9.5,"*","0.0","*"
"Black",5230,"*",100,"%*","0.0","*",100.0,"*","0.0","*","0.0","*"
,,,,,,,,,,,,
"Without injury",,,,,,,,,,,,
"White",37050,,100,"%",64.9,"*",15.3,"*",19.8,"*","0.0","*"
"Black",14510,"*",100,"%*","0.0","*",76.8,"*",23.2,"*","0.0","*"
,,,,,,,,,,,,
"Assault",,,,,,,,,,,,
"White",3098930,,100,"%",73.6,,12.5,,12.6,,1.2,
"Black",487950,,100,"%",17.4,,71.6,,11.1,,"0.0","*"
,,,,,,,,,,,,
"Aggravated",,,,,,,,,,,,
"White",565180,,100,"%",68.8,,12.4,,18.2,,0.6,"*"
"Black",146540,,100,"%",15.1,"*",69.1,,15.8,"*","0.0","*"
,,,,,,,,,,,,
"Simple",,,,,,,,,,,,
"White",2533760,,100,"%",74.7,,12.5,,11.4,,1.4,
"Black",341410,,100,"%",18.3,,72.6,,9.0,,"0.0","*"
,,,,,,,,,,,,
"Note: Detail may not add to total shown because of rounding.",,,,,,,,,,,,
"*Estimate is based on about 10 or fewer sample cases.",,,,,,,,,,,,
"a/Includes verbal threats of rape and threats of sexual assault.",,,,,,,,,,,,
