Bureau of Justice Statistics,,
filename: ttvlc01tt1.csv,,
Text table 1: Sixty-three percent of the tort jury trials with data on the nature of the jury's decision resulted in a unanimous verdict for the plaintiff or the defendant,,
"Report title:  Tort Trials and Verdicts in Large Counties, 2001, NCJ 206240",,
"data source: Civil Justice Survey of State Courts, 2001",,
authors:  Thomas H. Cohen,,
refer questions to: askbjs@usdoj.gov (202)307-0765,,
date of version: 11/15/04,,

Text table 1: Sixty-three percent of the tort jury trials with data on the nature of the jury's decision resulted in a unanimous verdict for the plaintiff or the defendant,,

Selected  case types,Percent of jury verdicts that were unanimous,
All tort trials,63,%
Automobile,66.8,
Premises liability,65.6,
Product liability,62.9,
Medical malpractice,57.4
Intentional tort,41.5

"Note: Only includes States that permitted non-unanimous verdicts. States that required unanimous verdicts were not included. Data on the unanimity of jury verdicts were available in 64.3% of the 4,797 jury trials.",
