Bureau of Justice Statistics,,,,,,,,,,,
filename: ttvlc01t9.csv,,,,,,,,,,,
"Table 9. Type of post verdict relief granted to plaintiffs or defendants in tort trials in State courts in the Nation's 75 largest counties, 2001",,,,,,,,,,,
"Report title:  Tort Trials and Verdicts in Large Counties, 2001, NCJ 206240",,,,,,,,,,,
"data source: Civil Justice Survey of State Courts, 2001",,,,,,,,,,,
authors:  Thomas H. Cohen,,,,,,,,,,,
refer questions to: askbjs@usdoj.gov (202)307-0765,,,,,,,,,,,
date of version: 11/15/04,,,,,,,,,,,

"Table 9. Type of post verdict relief granted to plaintiffs or defendants in tort trials in State courts in the Nation's 75 largest counties, 2001",,,,,,,,,,,

,Post verdict relief in tort trials,,,Percent of tort trials in which litigants sought and were granted relief/a,,,,,,,
Post verdict relief granted to --,Number sought/b,Percent in which relief granted,,JNOV or amended judgment,,New trial,,Award modification,,Other relief,

Plaintiff prevailed/c,,,,,,,,,,,
    Plaintiffs,731,41.6,%,5,%,8.6,%,66.1,%,21,%
    Defendants,901,28,,9.8,,14,,61.4,,16.8,

Plaintiff did not prevail/d,,,,,,,,,,,
    Plaintiffs,816,8.7,%,4.2,%,53.5,%,6.2,%,37.5,%
    Defendants,124,32.8,,7.4,,17.9,,7.1,,70.5,

"Note: Post verdict motions filed by plaintiffs or defendants include motions for judgments notwithstanding the verdict, amended judgments, new trials, award modifications, and other relief.",,,,,,,,,,,
a/The type of post verdict relief granted may not sum to 100% because the post verdict relief categories are not mutually exclusive. ,,,,,,,,,,,
b/The number of litigants seeking post verdict relief in table 9 differs from the number posted in table 8 because of missing or incomplete post verdict relief granted data.  ,,,,,,,,,,,
"c/Among tort trials where plaintiffs prevailed, data on the granting of post verdict relief were available for 95.5% of the 766 trials where the plaintiff sought post verdict relief and 96.6% of the 933 trials where the defendant sought ",,,,,,,,,,,
post verdict relief. ,,,,,,,,,,,
"d/Among tort trials where plaintiffs did not prevail, data on the granting of post verdict relief were available for 98.1% of the 831 trials where the plaintiff sought post verdict relief and 95.5% of the 129 trials where the defendant ",,,,,,,,,,,
sought post verdict relief.  ,,,,,,,,,,,
