Bureau of Justice Statistics,,,,,,,,,,,
filename: ttvlc01t3.csv,,,,,,,,,,,
"Table 3. Tort trial plaintiff winners in State courts in the Nation's  75 largest counties, 2001",,,,,,,,,,,
"Report title:  Tort Trials and Verdicts in Large Counties, 2001, NCJ 206240",,,,,,,,,,,
"data source: Civil Justice Survey of State Courts, 2001",,,,,,,,,,,
authors:  Thomas H. Cohen,,,,,,,,,,,
refer questions to: askbjs@usdoj.gov (202)307-0765,,,,,,,,,,,
date of version: 11/15/04,,,,,,,,,,,

"Table 3. Tort trial plaintiff winners in State courts in the Nation's  75 largest counties, 2001",,,,,,,,,,,

,All tort trials/a,,,,Jury trials/b,,,,Bench trials,,
,,Plaintiff ,,,,Plaintiff ,,,,Plaintiff ,
Case type,Number/c,winners ,,,Number/c,winners ,,,Number/c,winners ,

Tort cases,"7,798",51.6,%,,"7,085",50.7,%,,570,64.7,%

Automobile,"4,121",61.2,%,,"3,812",60.2,%,,250,78,%
Premises liability,"1,260",42,,,"1,151",41.5,,,78,57.7,
Product liability,154,44.2,,,141,44.7,,,8,50,
Asbestos,30,60,,,29,62.1,,, --, --,
Other,124,40.3,,,112,40.2,,,8,50,
Intentional tort,366,56.8,,,281,53.7,,,73,68.5,
Medical malpractice,"1,149",26.8,,,"1,107",26.3,,,32,50,
Professional malpractice,99,52.5,,,67,55.2,,,32,43.8,
Slander/libel,94,41.5,,,74,47.3,,,18,22.2,
Animal attack,99,66.7,,,86,68.6,,,13,53.8,
Conversion,28,46.4,,,13,61.5,,,13,23.1,
"False arrest, imprisonment",45,42.2,,,34,50,,,9,22.2,
Other or unknown tort,383,50.9,,,319,50.2,,,44,65.9,

Note: Data on plaintiff winners were available for 99.9% of all tort trials.  ,,,,,,,,,,,
Detail may not sum to total because of rounding.
 --No cases recorded.
"a/Includes bench and jury trials, trials with a directed verdict, judgments notwithstanding the verdict, and jury trials for defaulted defendants.  "
"b/Does not include jury trials that involved trials with a directed verdict, judgments notwithstanding the verdict, and jury trials for defaulted defendants."
c/Excludes bifurcated trials where the plaintiff litigated only the damage claim.
