Bureau of Justice Statistics,,,,,,
Filename:  fdluc04f04.csv,,,,,,
"Figure 4. Over half of felony defendants with more than 1 prior felony conviction sentenced to prison, 2004",,,,,,
"Bulletin title: Felony Defendants in Large Urban Counties, 2004,  NCJ  221152",,,,,,
Data source:  2004 State Court Processing Statistics Program,,,,,,
Refer questions to:  askbjs@usdoj.gov   202-307-0765,,,,,,
Authors:  Tracey Kyckelhahn and Thomas H. Cohen,,,,,,
Date of version:  04/24/2008,,,,,,

"Figure 4. Over half of felony defendants with more than 1 prior felony conviction sentenced to prison, 2004",,,,,,
Defendant's rior criminal history,Prison,,Jail,,Probation,
No prior convictions,22,%,45,%,32,%
Prior misdemeanor convictions only,20,%,51,%,28,%
1 prior felony conviction,37,%,38,%,23,%
More than 1 prior felony conviction,53,%,32,%,15,%
