Bureau of Justice Statistics,,
Filename:  fdluc04f02.csv,,
"Figure 2. More than a third of felony defendants in the nation's 75 most populous counties charged with drug offenses, 2004",,
"Title: Felony Defendants in Large Urban Counties, 2004   NCJ  221152",,
Data source:  2004 State Court Processing Statistics Program,,
Refer questions to:  askbjs@usdoj.gov   202-307-0765,,
Authors:  Tracey Kyckelhahn and Thomas H. Cohen,,
Date of version:  04/24/2008,,

"Figure 2. More than a third of felony defendants in the nation's 75 most populous counties charged with drug offenses, 2004",,
, Percent of defendants,
Other drug,21.6,%
Drug trafficking,15,
Assault,12,
Burglary,7.9,
Larceny/theft,7.8,
Robbery,5.4
