Bureau of Justice Statistics,,,,,,
Filename:  fdluc04stata.csv,,,,,,
"Appendix table A.  Population, sampling weights, and number of cases, by SCPS jurisdiction, 2004",,,,,,
"Report title: Felony Defendants in Large Urban Counties, 2004 - Statistical Tables  NCJ  221374",,,,,,
Data source:  2004 State Court Processing Statistics Program,,,,,,
Refer questions to:  askbjs@usdoj.gov   202-307-0765,,,,,,
Authors:  Tracey Kyckelhahn and Thomas H. Cohen,,,,,,
Date of version:  04/24/2008,,,,,,

"Appendix table A.  Population, sampling weights, and number of cases, by SCPS jurisdiction, 2004",,,,,,

 ,,Sampling weights,,,Number of cases,
County (State),Population,Filings,County,Total,Unweighted,Weighted
Total,,,,,"15,761","57,497"
Jefferson (AL),"657,276",2,2.2,4.4,228,1003
Maricopa (AZ),"3,498,347",4,1,4,562,"2,248"
Pima (AZ),"905,848",1,2.5,2.5,515,"1,288"
Alameda (CA),"1,452,735",2,2.2,4.4,355,"1,562"
Contra Costa (CA),"1,007,254",1,2.5,2.5,257,643
Los Angeles (CA),"9,917,538",4,1,4,"1,261","5,044"
Orange (CA),"2,983,977",2,1.8,3.6,634,"2,282"
Riverside (CA),"1,868,528",2,1.8,3.6,633,"2,279"
San Bernardino (CA),"1,914,795",2,1.8,3.6,557,"2,005"
San Diego (CA),"2,933,929",4,1,4,360,"1,440"
San Mateo (CA),"698,912",1,2.5,2.5,194,485
Santa Clara (CA),"1,685,568",2,1.8,3.6,366,"1,318"
Broward (FL),"1,754,984",4,1,4,133,532
Miami-Dade (FL),"2,354,000",4,1,4,719,"2,876"
Palm Beach (FL),"1,241,846",2,1.8,3.6,340,"1,224"
Pinellas  (FL),"926,350",2,1.8,3.6,374,"1,346"
Fulton (GA),"905,802",4,1,4,254,1016
Honolulu (HI),"897,969",1,2.5,2.5,101,253
Cook (IL),"5,326,269",4,1,4,757,"3,028"
Marion (IN),"860,674",2,1.8,3.6,425,"1,530"
Baltimore (MD),"779,938",1,2.5,2.5,329,823
Montgomery (MD),"921,264",1,2.5,2.5,185,463
Wayne (MI),"2,008,343",4,1,4,250,"1,000"
Essex (NJ),"793,079",2,1.8,3.6,581,"2,092"
Bronx (NY),"1,367,529",2,2.2,4.4,384,"1,690"
Kings (NY),"2,497,859",2,2.2,4.4,321,"1,412"
Nassau (NY),"1,336,843",1,2.5,2.5,245,613
Queens (NY),"2,250,718",1,2.5,2.5,595,"1,488"
Westchester (NY),"946,577",1,2.5,2.5,373,933
Franklin (OH),"1,086,152",2,2.2,4.4,181,796
Montgomery (PA),"772,628",2,2.2,4.4,112,493
Philadelphia (PA),"1,465,475",2,1.8,3.6,660,"2,376"
Shelby (TN),"903,362",2,1.8,3.6,273,983
Dallas (TX),"2,290,710",4,1,4,268,1072
El Paso (TX),"712,481",1,2.5,2.5,307,768
Harris (TX),"3,695,348",4,1,4,648,"2,592"
Tarrant (TX),"1,586,277",2,2.2,4.4,386,"1,698"
Travis (TX),"869,359",2,2.2,4.4,208,915
Salt Lake (UT),"936,194",2,2.2,4.4,257,1131
Fairfax (VA),"1,003,496",2,2.2,4.4,173,761

"Note: In some of the 40 counties included in the 2004 SCPS study, prosecutors did not screen out any felony arrests before filing charges. In these counties, the SCPS sample cases are representative of all felony cases received by prosecutors and any cases subsequently screened out by the prosecutor are included in the SCPS dismissal category. In other counties, all felony arrests were reviewed by prosecutors before the decision to file felony charges was made. In these jurisdictions, the SCPS sample cases do not include those in which a person was arrested for a felony but felony charges were not filed. Weights are rounded to second decimal place.  Populations are Census Bureau figures for July 1, 2004.",,,,,,
