Bureau of Justice Statistics,,,,,,,,
Filename:  fdluc04t01.csv,,,,,,,,
"Table 1.  Race and Hispanic origin of felony defendants, by most serious arrest charge, 2004",,,,,,,,
"Bulletin title: Felony Defendants in Large Urban Counties, 2004,  NCJ  221374",,,,,,,,
Data source:  2004 State Court Processing Statistics Program,,,,,,,,
Refer questions to:  askbjs@usdoj.gov   202-307-0765,,,,,,,,
Authors:  Tracey Kyckelhahn and Thomas H. Cohen ,,,,,,,,
Date of version:  04/24/2008,,,,,,,,

"Table 1.  Race and Hispanic origin of felony defendants, by most serious arrest charge, 2004",,,,,,,,

,Percent of felony defendants in the 75 largest counties,,,,,,,
Most serious arrest charge,Black non-Hispanic,,White non-Hispanic,,"Hispanic, any race",,Other non-Hispanic,
All offenses,42,%,29,%,28,%,2,%
Violent offenses,44,,24,,30,,2,
Property offenses,38,,33,,26,,3,
Drug offenses,44,,27,,27,,2
Public-order offenses,38,,32,,27,,3
