Bureau of Justice Statistics,,,,,,,,,,,,
Filename: svrjca0506t12.csv,,,,,,,,,,,,
"Table 12. Injury and medical follow-up for victims of staff sexual misconduct and harassment, by type of facility, 2005-06",,,,,,,,,,,,
"Report title: Sexual Violence Reported by Juvenile Correctional Authorities, 2005-06 NCJ 215337",,,,,,,,,,,,
"Data source: Survey of Sexual Violence, 2005-06",,,,,,,,,,,,
"Author(s): Allen J. Beck, Devon B. Adams, and Paul Guerino",,,,,,,,,,,,
Refer questions to: askbjs@usdoj.gov or (202) 307-0765,,,,,,,,,,,,
Date of version: 07/31/08,,,,,,,,,,,,

"Table 12. Injury and medical follow-up for victims of staff sexual misconduct and harassment, by type of facility, 2005-06",,,,,,,,,,,,
,,,,,,,,,Type of facility,,,
,,,,,All incidents,,Staff sexual misconduct*,,State juvenile systems,,Local/private juvenile facilities,
Victim injured,,,,,,,,,,,,
,No,,,,98,%,99,%,99,%,97,%
,Yes,,,,2,,1,,1,,3,
Medical follow-up for victims,,,,,,,,,,,,
,Given medical examination,,,,4,%,5,%,5,%,3,%
,Administered rape kit,,,,3,,4,,0,,5,
,Tested for HIV/AIDS,,,,14,,18,,3,,20,
,Tested for other STD,,,,14,,18,,5,,20,
,Provided counseling or mental health treatment,,,,47,,56,,33,,56,
,None of the above (no medical follow-up),,,,52,,43,,65,,44,
*Excludes incidents of staff sexual harassment.,,,,,,,,,,,,
