Bureau of Justice Statistics,,,,,,,,,,,
Filename: svrjca0506t06.csv,,,,,,,,,,,
"Table 6. Characteristics of victims in substantiated incidents in state juvenile systems and local or private juvenile facilities, by type of violence, 2005-06",,,,,,,,,,,
"Report title: Sexual Violence Reported by Juvenile Correctional Authorities, 2005-06 NCJ 215337",,,,,,,,,,,
"Data source: Survey of Sexual Violence, 2005-06",,,,,,,,,,,
"Author(s): Allen J. Beck, Devon B. Adams, and Paul Guerino",,,,,,,,,,,
Refer questions to: askbjs@usdoj.gov or (202) 307-0765,,,,,,,,,,,
Date of version: 07/31/08,,,,,,,,,,,

"Table 6. Characteristics of victims in substantiated incidents in state juvenile systems and local or private juvenile facilities, by type of violence, 2005-06",,,,,,,,,,,
,,,,Facility type,,,,Type of violence,,,
,,All facilities,,State juvenile systems,,Local/private juvenile facilities,,Youth-on-youth,,Staff-on-youth,
Number of victims,,730,,293,,437,,458,,272,
Gender,,,,,,,,,,,
,Male,64,%,73,%,58,%,73,%,49,%
,Female,36,,27,,42,,27,,51,
Age,,,,,,,,,,,
,12 or younger,9,%,2,%,13,%,13,%,2,%
,13-15,34,,34,,34,,46,,14,
,16-17,46,,42,,48,,34,,65,
,18-19,9,,17,,4,,5,,16,
,20 or older,3,,4,,2,,2,,3,
Race/Hispanic origin,,,,,,,,,,,
,White/a,54,%,55,%,53,%,59,%,46,%
,Black/a,33,,31,,34,,26,,45,
,Hispanic,11,,11,,11,,13,,7,
,"Other/a,b",2,,3,,1,,2,,2,
Note: Detail may not sum to 100% due to rounding.,,,,,,,,,,,
a/Excludes victims of Hispanic/Latino origin.,,,,,,,,,,,
"b/Includes American Indians, Alaska Natives, Asians, Native Hawaiians, other Pacific Islanders, and persons identifying two or more races.",,,,,,,,,,,
