Bureau of Justice Statistics,,,,,
Filename: svrjca0506at04b.csv,,,,,
"Appendix table 4b. Locally operated juvenile facilities with no reported allegations of youth-on-youth sexual violence, by jurisdiction, 2006",,,,,
"Report title: Sexual Violence Reported by Juvenile Correctional Authorities, 2005-06 NCJ 215337",,,,,
"Data source: Survey of Sexual Violence, 2005-06",,,,,
"Author(s): Allen J. Beck, Devon B. Adams, and Paul Guerino",,,,,
Refer questions to: askbjs@usdoj.gov or (202) 307-0765,,,,,
Date of version: 07/31/08,,,,,

"Appendix table 4b. Locally operated juvenile facilities with no reported allegations of youth-on-youth sexual violence, by jurisdiction, 2006",,,,,
,,Number of youth held,,,Number of youth held
Total number of youth held,,"9,806",,,
Alabama,,,Montana,,
,Jefferson Co. Youth Detention Center,77,,Flathead Co. Juvenile Detention Center,7
,Juvenile Detention (Mobile)                                                                                                                                                                                                                             ,79,,Secure Detention (Billings)                                                                                                                                                                                                                                           ,18
Arizona,,,Nebraska,,
,Detention Center (Tucson),96,,Douglas Co. Youth Center                                                                                                                                                                                                                                        ,134
,Eastern Arizona Regional Juvenile Detention,34,,Lancaster Co. Youth Services Center,63
,Maricopa Co. Juvenile Court Center - Mesa,107,Nevada,,
,Maricopa Co. Juvenile Court Center - Phoenix                                                                                                                                                                                                                     ,265,,Clark Co. Dept. of Juvenile Justice Services                                                                                                                                                                                                                      ,174
,Mohave County,20,,Douglas Co. Juvenile Detention Facility,12
Arkansas,,,New Jersey,,
,Pulaski Co. Juvenile Detention Center                                                                                                                                                                                                                      ,31,,Essex Co. Juvenile Detention Center                                                                                                                                                                                                                              ,124
,Yell County,13,,Middlesex Co. Juvenile Detention Center                                                                                                                                                                                                                      ,74
California,,,,Warren Acres Juvenile Detention Center,7
,Alameda County,221,New Mexico,,
,Camp Barrett,147,,Camp Sierra Blanca,19
,Camp C B Afflerbaugh,93,,Santa Fe Co. Youth Development Program                                                                                                                                                                                                                    ,50
,Camp David Gonzales,98,New York,,
,Camp Joseph Scott,93,,Barbara Blum Non Secure Detention,7
,Camp Judith Resknik,98,North Carolina,,
,Camp Wilmont Sweeney,65,,Gatling Juvenile Diagnostic Center                                                                                                                                                                                                                              ,10
,Central Valley Juvenile Detention & Assessment Center,228,,Emergency Runaway Shelter,2
,Fouts Springs Youth Facility,58,North Dakota,,
,Fresno Co. Juvenile Justice Campus,328,,Cass Co. Juvenile Detention Center                                                                                                                                                                                                                               ,8
,Hillcrest Juvenile Hall,144,Ohio,,
,James G. Bowles Juvenile Hall,145,,Clermont Co. Juvenile Court,18
,Juvenile Hall (Contra Costa County),166,,County Detention Center (Cleveland),137
,Juvenile Justice Center (Redding)                                                                                                                                                                                                                                         ,58,,Edward J. Ruzzo Juvenile Justice Center,25
,Juvenile Ranch Facility,110,,Hamilton Co. Juvenile Court Youth Center                                                                                                                                                                                                                        ,151
,Kings Co. Juvenile Center,62,,Hillcrest Training School,116
,Lacy Juvenile Annex,51,,Juvenile Detention Center (Zainesville),28
,Los Pinos Conservation Camp,133,,Juvenile Detention Home (Akron),43
,Mendocino Co. Juvenile Hall,24,,Lorain Co. Detention Home,45
,Orin Allen Youth Rehabilitation Facility,98,,West Central Juvenile Rehabilitation Center,29
,Riverside Juvenile Hall                                                                                                                                                                                                                                        ,138,Oklahoma,,
,Sacramento Co. Juvenile Hall,327,,Oklahoma Co. Juvenile Detention Center                                                                                                                                                                                                                          ,73
,San Joaquin Co. Juvenile Hall,168,,Texas Co. Juvenile Detention Center,6
,San Luis Obispo Co. Juvenile Hall,40,,Tulsa Co. Juvenile Detention Home,52
,Santa Clara Co. Juvenile Hall,243,Oregon,,
,Solano Co. Juvenile Hall,85,,Community Juvenile Justice Center,29
,Warren E. Thornton Youth Center,84,,Donald E. Long Home                                                                                                                                                                                                                  ,58
,Youth Guidance Center,119,,Jackson Co. Juvenile Detention Facility,48
Colorado,,,Pennsylvania,,
,Jefferson Co. Juvenile Residential Work Crew                                                                                                                                                                                                                     ,5,,Berks Co. Youth Center,56
Florida,,,,Cambria Co. Detention Center,6
,Manatee Youth Academy,17,,Lancaster Co. Youth Intervention Center,49
,Polk Co. S.T.A.R. Program,53,,Youth Study Center,108
Idaho,,,South Carolina,,
,District 1 Juvenile Detention Center,51,,Juvenile Detention (N. Charleston)                                                                                                                                                                                                                                     ,34
,Southwest Idaho Juvenile Detention Center                                                                                                                                                                                                                    ,52,Tennessee,,
Illinois,,,,Juvenile Detention (Chattanooga),23
,Cook Co. Juvenile Temporary Detention Center                                                                                                                                                                                                                     ,393,Texas,,
,Kane Co. Juvenile Justice Center                                                                                                                                                                                                                           ,50,,Barbara Culver Juvenile Justice Detention Center,14
,Mary Davis Detention Home,35,,Bexar Co. Juvenile Detention Center,239
,LaSalle Co. Detention Home,17,,Bowie Co. Juvenile Center,38
Indiana,,,,Collins Co. Juvenile Detention,74
,Allen Co. Juvenile Center,86,,Dallas Co. Detention Center                                                                                                                                                                                                                               ,346
,Clark Co. Juvenile Detention Center,12,,Dallas Co. Secure Post,96
,Elkhart Co. Juvenile Detention Center,22,,Dallas Co. Youth Village,88
,Marion Co. Juvenile Justice Complex                                                                                                                                                                                                                            ,112,,Delta Boot Camp                                                                                                                                                                                                                                                 ,129
Iowa,,,,Gardner-Betts Juvenile Justice Center,67
,Polk Co. Juvenile Detention Center                                                                                                                                                                                                                         ,20,,Harris Co. Youth Village,98
Kansas,,,,Hunt Co. Juvenile Detention Center,19
,Johnson Co. Juvenile Detention Center                                                                                                                                                                                                                   ,56,,Juvenile Detention Center (Houston),236
,Juvenile Detention Facility (Wichita),71,,"Shelter Harbor (North, South, East, West)",56
Kentucky,,,,Williamson Co. Juvenile Detention Center,20
,Louisville Metro Youth Detention Center                                                                                                                                                                                                                ,75,Virginia,,
Louisiana,,,,Detention Home (Disputanta),16
,Florida Parishes Juvenile Detention Center                                                                                                                                                                                                                     ,67,,Norfolk Detention Home                                                                                                                                                                                                                                       ,70
,L. Robert Rivarde Memorial Home,43,,Tidewater Detention Home,54
Michigan,,,Washington,,
,Macomb Co. Juvenile Justice Center,77,,Benton Franklin Juvenile Justice Center,42
,Secure Detention (Berrien Center),22,,Clallam Co. Youth Service Center,17
,Wayne Co. Juvenile Detention Facility                                                                                                                                                                                                                                    ,135,,Juvenile Detention Facility (Port Orchard),29
Minnesota,,,,Juvenile Detention (Yakima),24
,Ramsey Co. Juvenile Detention Center,67,,King Co. Department of Juvenile Detention,68
Mississippi,,,,Pierce Co. Juvenile Court,64
Missouri,,,Wisconsin,,
,St. Louis (City) Juvenile Detention Center                                                                                                                                                                                                                ,89,,Milwaukee Co. Juvenile Detention Home                                                                                                                                                                                                                        ,86
