Bureau of Justice Statistics,,,,,,,
Filename: svrjca0506t10.csv,,,,,,,
"Table 10. Characteristics of staff involved in staff-on-youth sexual misconduct and harassment, by gender, 2005-06",,,,,,,
"Report title: Sexual Violence Reported by Juvenile Correctional Authorities, 2005-06 NCJ 215337",,,,,,,
"Data source: Survey of Sexual Violence, 2005-06",,,,,,,
"Author(s): Allen J. Beck, Devon B. Adams, and Paul Guerino",,,,,,,
Refer questions to: askbjs@usdoj.gov or (202) 307-0765,,,,,,,
Date of version: 07/31/08,,,,,,,

"Table 10. Characteristics of staff involved in staff-on-youth sexual misconduct and harassment, by gender, 2005-06",,,,,,,
,,,,Gender of staff,,,
,,Total,,Male,,Female,
Number of staff perpetrators,,249,,136,,113,
Age of staff,,,,,,,
,24 or younger,19,%,5,%,35,%
,25-29,44,,55,,31,
,30-34,9,,5,,15,
,35-39,12,,15,,8,
,40 or older,12,,14,,10,
,Not reported,3,,5,,1,
Race/Hispanic origin of staff ,,,,,,,
,White/a,37,%,25,%,51,%
,Black/a,44,,48,,40,
,Hispanic,19,,27,,9,
,"Other/a,b",0,,0,,0,
Type of staff involved,,,,,,,
,Full/part-time employee,94,%,97,%,91,%
,Contract employee,5,,2,,8,
,Other/don't know,1,,2,,1,
Position of staff involved,,,,,,,
,Administrator,0,%,1,%,0,%
,Supervision staff,53,,39,,69,
,Maintenance/support,7,,4,,10,
,Medical/health care/counselor,3,,2,,5,
,Educational,15,,24,,4,
,Other program staff,24,,30,,16,
How long at facility,,,,,,,
,Less than 6 months,37,%,27,%,48,%
,6 months to 1 year,17,,13,,23,
,1 to 5 years,38,,47,,26,
,5 years or more,9,,13,,4,
Note: Detail may not sum to 100% due to rounding.,,,,,,,
a/Excludes persons of Hispanic/Latino origin.,,,,,,,
"b/Includes American Indians, Alaska Natives, Asians, Native Hawaiians, other Pacific Islanders, and persons identifying two or more races.",,,,,,,
