Bureau of Justice Statistics,,,,,,,,,
Filename: svrjca0506t09.csv,,,,,,,,,
"Table 9. Characteristics of perpetrators involved in substantiated incidents of youth-on-youth sexual violence, 2005-06",,,,,,,,,
"Report title: Sexual Violence Reported by Juvenile Correctional Authorities, 2005-06 NCJ 215337",,,,,,,,,
"Data source: Survey of Sexual Violence, 2005-06",,,,,,,,,
"Author(s): Allen J. Beck, Devon B. Adams, and Paul Guerino",,,,,,,,,
Refer questions to: askbjs@usdoj.gov or (202) 307-0765,,,,,,,,,
Date of version: 07/31/08,,,,,,,,,

"Table 9. Characteristics of perpetrators involved in substantiated incidents of youth-on-youth sexual violence, 2005-06",,,,,,,,,
,,,,Type of incident,,,,,
,,All incidents,,Voluntary,,Abusive sexual contact,,Nonconsensual sexual act,
Number of perpetrators,,,,,,,,,
,1,91,%,87,%,97,%,91,%
,2 or more ,9,,13,,3,,9,
Gender of perpetrator/a,,,,,,,,,
,Male,78,%,73,%,77,%,85,%
,Female,22,,27,,23,,15,
Age of perpetrator/a,,,,,,,,,
,12 or younger,3,%,3,%,3,%,2,%
,13-15,40,,48,,23,,48,
,16-17,47,,38,,59,,44,
,18-19,9,,10,,13,,5,
,20 or older,1,,1,,2,,1,
Race/Hispanic origin of perpetrator/a,,,,,,,,,
,White/b,40,%,38,%,39,%,43,%
,Black/b,49,,45,,50,,54,
,Hispanic,9,,17,,6,,4,
,"Other/b,c",2,,0,,5,,0,
a/The number of perpetrators totaled 462: gender was reported for 454; age for 434; and race/Hispanic origin for 432.,,,,,,,,,
b/Excludes persons of Hispanic/Latino origin.,,,,,,,,,
"c/Includes American Indians, Alaska Natives, Asians, Native Hawaiians, other Pacific Islanders, and persons identifying two or more races.",,,,,,,,,
