Bureau of Justice Statistics,,,,,,,
Filename: svrjca0506t15.csv,,,,,,,
"Table 15. Standard errors for characteristics of substantiated incidents of sexual violence, 2005-06",,,,,,,
"Report title: Sexual Violence Reported by Juvenile Correctional Authorities, 2005-06 NCJ 215337",,,,,,,
"Data source: Survey of Sexual Violence, 2005-06",,,,,,,
"Author(s): Allen J. Beck, Devon B. Adams, and Paul Guerino",,,,,,,
Refer questions to: askbjs@usdoj.gov or (202) 307-0765,,,,,,,
Date of version: 07/31/08,,,,,,,

"Table 15. Standard errors for characteristics of substantiated incidents of sexual violence, 2005-06",,,,,,,
,,,All facilities,,,Local/private juvenile facilities,
,,,Estimate,Standard error,,Estimate,Standard error
Type of incident,,,,,,,
,Youth-on-youth,,,,,,
,,Voluntary sexual act,21.8,3.3,,19,5.6
,,Abusive sexual contact,21,4.1,,19.9,6.9
,,Nonconsensual sexual act,20.5,3.6,,22.6,6.1
,Staff-on-youth,,,,,,
,,Sexual misconduct,28.3,4.6,,28.8,7.7
,,Sexual harassment,8.4,4.2,,9.6,7
Where occurred,,,,,,,
,Victim's room,,26.5,4.6,,29.3,7.7
,Dormitory,,15.9,2.3,,13.8,3.8
,Common area,,24.9,4.3,,24,7.3
,Program service area,,18.7,2.3,,11.9,3.5
,Outside the facility,,17.2,5.8,,25,9.2
Time of day,,,,,,,
,6 a.m. to noon,,15.5,2.1,,13.3,3.5
,Noon to 6 p.m.,,35.2,4.8,,35.1,8.2
,6 p.m. to midnight,,43.7,5.2,,46.9,8.8
,Midnight to 6 a.m.,,11.7,2.8,,10.5,4.8
Who reported,,,,,,,
,Victim,,52.3,4.8,,57.6,7.9
,Another youth,,16.7,2.8,,13.5,4.7
,Line staff,,25,4.2,,25.2,7.1
,Administrative staff,,4.9,2.8,,5.8,4.8
Gender of victim,,,,,,,
,Male,,63.3,4.4,,57,7.1
,Female,,36.7,4.4,,43,7.1
Age of victim,,,,,,,
,12 or younger,,8.6,2.6,,13,4.4
,13-15,,33.3,4.1,,33.3,6.8
,16-17,,45.4,4.8,,48.3,7.9
,18-19,,9,1,,3.7,1.4
,20 or older,,2.5,0.6,,1.7,1
Race/Hispanic origin of victim,,,,,,,
,White/a,,53.9,4.9,,53.2,8.2
,Black/a,,33.1,4.6,,34.2,7.6
,Hispanic,,10.9,2.9,,11.1,4.8
,"Other/a,b",,2.2,0.5,,1.4,0.7
Note: Incidents occurring in state juvenile systems were not subject to sampling error. ,,,,,,,
a/Excludes victims of Hispanic/Latino origin.,,,,,,,
"b/Includes American Indians, Alaska Natives, Asians, Native Hawaiians, other Pacific Islanders, and persons identifying two or more races.",,,,,,,
