"Bureau of Justice Statistics",,,
"Filename:  iofcjf4.csv",,,
"Figure 4.  Immigration offenders, 1985-2000",,,
"Report Title:  Immigration Offenders in the Federal Criminal Justice System, 2000   NCJ 191745",,,
"Data source:  Federal Justice Statistics Program",,,
"Refer questions to:  askbjs@ojp.usdoj.gov  202-307-0765",,,
"Author:  John Scalia and Marika Litras, BJS",,,
"Date of version:  06/07/02",,,
,,,
"Figure 4.  Immigration offenders, 1985-2000",,,
,,,
"Year","Suspects investigated","Defendants charged","Admitted to prison"
,,,
1985,7239,6744,"--  "
1986,8858,8237,7440
1987,7424,6677,6571
1988,7255,6818,5170
1989,7854,7493,5870
1990,8784,8313,7488
1991,7854,6632,6228
1992,6470,5904,5108
1993,5934,5390,5036
1994,5526,5006,5514
1995,7256,6294,5873
1996,7122,6605,6252
1997,9366,8472,7300
1998,14144,12879,9762
1999,15539,14729,11857
2000,16495,15613,13151
,,,
"Note:  Represents observations where the most serious offense was an immigration offense.",,,
"Sources:  Compendium of Federal Justice Statistics, annual",,,
