"Bureau of Justice Statistics",,,,
"Filename:  iofcj01.csv",,,,
"Table 1.  Suspects referred to U.S. attorneys for an immigration offenses as the most serious charge, 2000",,,,
"Report Title:  Immigration Offenders in the Federal Criminal Justice System, 2000   NCJ 191745",,,,
"Data source:  Federal Justice Statistics Program",,,,
"Refer questions to:  askbjs@ojp.usdoj.gov  202-307-0765",,,,
"Author:  John Scalia and Marika F. X. Litras, BJS",,,,
"Date of version:  06/07/02",,,,
,,,,
"Table 1.  Suspects referred to U.S. attorneys for an immigration offenses as the most serious offense, 2000",,,,
,,,,
"Immigration offense",,"Number","Percent",
,,,,
,"Total",16495,100.0,"%"
,,,,
"Smuggling, transporting, or harboring unlawful aliens",,3338,20.2,"%"
,,,,
"Unlawful entry or reentry",,12352,74.9,"%"
,"Improper entry",4018,24.4,
,"Reentry by removed aliens",8334,50.5,
,,,,
"Misuse of visas and other",,805,4.9,"%"
,,,,
"Data source: Executive Office for U.S. Attorneys, central system data file, fiscal year.",,,,
