"Bureau of Justice Statistics",
"Filename:  iofcjhi.csv",
"Figure.  Hilite, Federal immigration suspects, 1985-2000",
"Report Title:  Immigration Offenders in the Federal Criminal Justice System, 2000   NCJ 191745",
"Data source:  Federal Justice Statistics Program",
"Refer questions to:  askbjs@ojp.usdoj.gov  202-307-0765",
"Author:  John Scalia and Marika Litras, BJS",
"Date of version:  06/07/02",
,
"Figure.  Hilite, Federal immigration suspects, 1985-2000",
,
"Year","Federal immigration suspects"
,
1985,7239
1986,8858
1987,7424
1988,7255
1989,7854
1990,8784
1991,7854
1992,6470
1993,5934
1994,5526
1995,7256
1996,7122
1997,9366
1998,14144
1999,15539
2000,16495
,
"Note:  Represents observations where the most serious offense was an immigration offense.",
"Sources:  Compendium of Federal Justice Statistics, annual",
