"Bureau of Justice Statistics",,,,,,,,,,,,,
"Filename:  iofcj02.csv",,,,,,,,,,,,,
"Table 2.  Nationality of suspects in matters referred to U.S. attorneys for an  immigration offenses as the most serious charge, 2000",,,,,,,,,,,,,
"Report Title:  Immigration Offenders in the Federal Criminal Justice System, 2000   NCJ 191745",,,,,,,,,,,,,
"Data source:  Federal Justice Statistics Program",,,,,,,,,,,,,
"Refer questions to:  askbjs@ojp.usdoj.gov  202-307-0765",,,,,,,,,,,,,
"Author:  John Scalia and Marika Litras, BJS",,,,,,,,,,,,,
"Date of version:  06/07/02",,,,,,,,,,,,,
,,,,,,,,,,,,,
"Table 2.  Nationality of suspects in matters referred to U.S. attorneys for an  immigration offenses as the most serious charge, 2000",,,,,,,,,,,,,
,,,,,,,,,,,,,
,,,,,,,,,,,,,
,,,,"Unlawful entry or reentry",,,,,,,,,
"Geographic region and nationality",,"Number",,"Total",,"Improper entry",,"Reentry by removed alien",,"Smuggling",,"Misuse of visas/other",
,,,,,,,,,,,,,
,"Total*",16495,,74.9,"%",24.4,"%",50.5,"%",20.2,"%",4.9,"%"
"U.S. Citizen",,1110,,29.8,,13.3,,16.5,,64.3,,6.0,
"Mexico",,9425,,86.6,,23.7,,62.9,,10.8,,2.6,
"Other countries*",,1817,,82.9,,45.5,,37.4,,9.7,,7.5,
"Asia & Oceania",,,,,,,,,,,,,
"China",,433,,93.1,,92.4,,0.7,,5.1,,1.9,
"Other",,165,,60.6,,35.8,,24.9,,28.5,,10.9,
"Central America",,,,,,,,,,,,,
"Honduras",,223,,91.9,,31.8,,60.1,,3.6,,4.5,
"El Salvador",,113,,92.0,,40.7,,51.3,,6.2,,1.8,
"Guatamala",,67,,77.6,,22.4,,55.2,,1.5,,20.9,
"Other",,25,,92.0,,32.0,,60.0,,4.0,,4.0,
"Caribbean",,,,,,,,,,,,,
"Dominican Republic",,190,,89.0,,13.2,,75.8,,4.7,,6.3,
"Other",,198,,85.4,,40.4,,45.0,,9.1,,5.6,
"Europe",,134,,73.1,,29.9,,43.3,,16.4,,10.5,
"South America",,,,,,,,,,,,,
"Colombia",,55,,70.9,,7.3,,63.6,,10.9,,18.2,
"Other",,56,,73.2,,21.4,,51.8,,10.7,,16.1,
"Not indicated on arrest record",,2835,,78.1,,25.5,,52.6,,13.4,,8.5,
,,,,,,,,,,,,,
"* Includes 1,308 suspects for whom an investigation record could not be matched with an arrest record to ascertain nationality.",,,,,,,,,,,,,
"**Includes 158 suspects from other countries not listed explicitly.",,,,,,,,,,,,,
"Data source:  Composite:  Executive Office for U.S. Attorneys and U.S. Marshals Service, Prisoner Tracking System, annual.",,,,,,,,,,,,,
