"Bureau of Justice Statistics",,,
"Filename:  iofcj02.csv",,,
"Table 4.  Defendants convicted in Federal courts of smuggling, transporting, or harboring unlawful aliens, 1999.",,,
"Report Title:  Immigration in the Federal Criminal Justice System, 2000",,,
"Data source:  Federal Justice Statistics Program",,,
"Refer questions to:  askbjs@ojp.usdoj.gov  202-307-0765",,,
"Author:  John Scalia and Marika Litras, BJS",,,
"Date of version:  06/07/01",,,
,,,
"Table 4.  Defendants convicted in Federal courts of smuggling, transporting, or harboring unlawful aliens, 1999.",,,
,,,
"Characteristic","Number","Percent",
,,,
"Total",1796,,
"Defendant committed the offense for profit",170,9.5,"%"
"Defendant organized or otherwise led a smuggling operation",90,5.0,
"Number of aliens smuggled into U.S.",,100.0,"%"
"5 or fewer",540,30.1,
"6 to 24",945,52.6,
"25 to 99",232,12.9,
"100 or more",79,4.4,
"Injury caused",,100.0,"%"
"None",1442,80.3,"%"
"Risk of injury only",323,18.0,
"Actual injury",31,1.7,
"Death",14,0.8,
"Serious, permanent, or life threatening",11,0.6,
"Other",6,0.3,
,,,
"Data source:  U.S. Sentencing Commission, monitoring data file, fiscal year.",,,
