Bureau of Justice Statistics,,,,,,,,
File name:pffclrs14at02.csv,,,,,,,,
"Appendix Table 2: Standard errors for table 2: Functions performed by publicly funded forensic crime labs, by type of jurisdiction, 2014",,,,,,,,
"Report title: Publicly Funded Forensic Crime Laboratories: Resources and Services, 2014,  NCJ 250151",,,,,,,,
"Data source:  Bureau of Justice Statistics, Census of Publicly Funded Forensic Crime Laboratories, 2002, 2005, 2009, and 2014",,,,,,,,
"Author: Matthew R. Durose and Andrea M. Burch, BJS Statisticians, and Kelly Walsh and Emily Tiry, Urban Institute",,,,,,,,
Refer questions to: askbjs@usdoj.gov (202) 307-0765,,,,,,,,
Date of version: 11/22/2016,,,,,,,,
,,,,,,,,
"Appendix Table 2: Standard errors for table 2: Functions performed by publicly funded forensic crime labs, by type of jurisdiction, 2014",,,,,,,,
,,,,,,,,
Forensic function,Federal,,State,,County,,Municipal,
Controlled substances,5,%,0.6,%,1.5,%,2.8,%
Crime scene,5.7,,0.8,,1.9,,2.5,
Digital evidence,5.1,,0.4,,1.4,,2.7,
Firearms/toolmarks,4.6,,0.8,,1.8,,2.8,
Forensic biology casework,4.6,,0.7,,1.7,,2.5,
Forensic biology from convicted,,,,,,,,
   offender/arrestee samples,3.8,,0.5,,1.1,,1,
Impressions ,4.5,,0.7,,1.8,,2.6,
Latent prints ,5.2,,0.8,,1.8,,1.8,
Questioned documents,5.5,,0.4,,0.9,,1.5,
Toxicology ,2.3,,0.8,,1.9,,2.7,
Trace evidence,4.6,,0.8,,1.8,,2.3,
�Not available.,,,,,,,,
"Source: Bureau of Justice Statistics, Census of Publicly Funded Forensic Crime Laboratories, 2014.",,,,,,,,
