Bureau of Justice Statistics,,,,
File name:pffclrs14at03.csv,,,,
"Appendix Table 3: Standard errors for table 3: Percent of publicly funded forensic crime labs that examined trace evidence, by type of examination, 2009 and 2014",,,,
"Report title: Publicly Funded Forensic Crime Laboratories: Resources and Services, 2014,  NCJ 250151",,,,
"Data source: Bureau of Justice Statistics, Census of Publicly Funded Forensic Crime Laboratories, 2009 and 2014",,,,
"Author: Matthew R. Durose and Andrea M. Burch, BJS Statisticians, and Kelly Walsh and Emily Tiry, Urban Institute",,,,
Refer questions to: askbjs@usdoj.gov (202) 307-0765,,,,
Date of version: 11/22/2016,,,,
,,,,
"Appendix Table 3: Standard errors for table 3: Percent of publicly funded forensic crime labs that examined trace evidence, by type of examination, 2009 and 2014",,,,
,,,,
Trace evidence,2009,,2014,
Explosives analysis,1.9,%,2.2,%
Fiber examination,2.2,,2.5,
Fire debris analysis,2,,2.3,
Gunshot residue,1.9,,2.2,
Hair examination,2.3,,2.6,
Paint analysis,2.1,,2.4,
Unknown chemical,2.1,,2.4,
"Source: Bureau of Justice Statistics, Census of Publicly Funded Forensic Crime Laboratories, 2009 and 2014.",,,,
