Bureau of Justice Statistics,,,,,,,,
Filename: jagp23t03.csv,,,,,,,,
"Table 3. Sex Offender Registration and Notification Act bonus fund allocations, fiscal year 2023",,,,,,,,
"Report title: Justice Assistance Grant (JAG) Program, 2023    NCJ 308873",,,,,,,,
"Data Source: Bureau of Justice Statistics calculations based on data from Justice Assistance Grant awards, fiscal year 2022",,,,,,,,
"Authors: Lizabeth Remrey, PhD, and Alexia Cooper, PhD, BJS Statisticians",,,,,,,,
Refer questions to: askbjs@usdoj.gov 202-307-0765,,,,,,,,
Date of version: 8/1/2024,,,,,,,,
,,,,,,,,
"Table 3. Sex Offender Registration and Notification Act bonus fund allocations, fiscal year 2023",,,,,,,,
,,,Bonus award amount,,,,,
,Total,$," 2,648,742 ",,,,,
Alabama,,," 133,420 ",,,,,
American Samoa*,,," 4,437 ",,,,,
Colorado,,," 139,521 ",,,,,
Delaware,,," 29,995 ",,,,,
Florida,,," 491,477 ",,,,,
Guam*,,," 6,622 ",,,,,
Kansas,,," 75,533 ",,,,,
Louisiana,,," 136,478 ",,,,,
Maryland,,," 153,461 ",,,,,
Michigan,,," 251,722 ",,,,,
Mississippi,,," 63,801 ",,,,,
Missouri,,," 167,277 ",,,,,
Northern Mariana Islands*,,," 2,185 ",,,,,
Nevada,,," 86,816 ",,,,,
Ohio,,," 242,382 ",,,,,
Oklahoma,,," 103,886 ",,,,,
South Carolina,,," 141,552 ",,,,,
South Dakota,,," 27,812 ",,,,,
Tennessee,,," 209,628 ",,,,,
U.S. Virgin Islands*,,," 6,622 ",,,,,
Virginia,,," 157,147 ",,,,,
Wyoming,,," 16,968 ",,,,,
Note: Details may not sum to totals due to rounding. ,,,,,,,,
*U.S. territory.,,,,,,,,
"Source: Bureau of Justice Statistics calculations based on data from Justice Assistance Grant awards, fiscal year 2022.",,,,,,,,
,,,,,,,,
,,,,,,,,
,,,,,,,,
,,,,,,,,
,,,,,,,,
