Bureau of Justice Statistics,,,,,,
Filename: jagp23t05.csv,,,,,,
"Table 5. Prison Rape Elimination Act bonus fund allocations for U.S. territories and the District of Columbia, fiscal year 2023",,,,,,
"Report title: Justice Assistance Grant (JAG) Program, 2023    NCJ 308873",,,,,,
"Data Source: Bureau of Justice Statistics calculations based on data from Justice Assistance Grant awards, fiscal year 2023",,,,,,
"Authors: Lizabeth Remrey, PhD, and Alexia Cooper, PhD, BJS Statisticians",,,,,,
Refer questions to: askbjs@usdoj.gov 202-307-0765,,,,,,
Date of version: 8/1/2024,,,,,,
,,,,,,
"Table 5. Prison Rape Elimination Act bonus fund allocations for U.S. territories and the District of Columbia, fiscal year 2023",,,,,,
,,,Bonus award amount,,,
,Total,$," 2,230 ",,,
American Samoa,,, 176 ,,,
Guam,,, 263 ,,,
Puerto Rico,,, 911 ,,,
U.S. Virgin Islands,,, 263 ,,,
District of Columbia,,, 617 ,,,
Note: Details may not sum to totals due to rounding. All awards were rounded down to the nearest dollar to ensure the total did not exceed the available bonus funds.,,,,,,
"Source: Bureau of Justice Statistics calculations based on data from Justice Assistance Grant awards, fiscal year 2023.",,,,,,
,,,,,,
,,,,,,
,,,,,,
,,,,,,
,,,,,,
,,,,,,
,,,,,,
,,,,,,
,,,,,,
,,,,,,
,,,,,,
,,,,,,
,,,,,,
,,,,,,
,,,,,,
,,,,,,
,,,,,,
,,,,,,
,,,,,,
,,,,,,
,,,,,,
,,,,,,
,,,,,,
,,,,,,
,,,,,,
,,,,,,
,,,,,,
,,,,,,
,,,,,,
,,,,,,
,,,,,,
,,,,,,
,,,,,,
,,,,,,
,,,,,,
,,,,,,
,,,,,,
,,,,,,
,,,,,,
,,,,,,
,,,,,,
,,,,,,
,,,,,,
,,,,,,
,,,,,,
,,,,,,
,,,,,,
,,,,,,
,,,,,,
