Bureau of Justice Statistics,,,,,,,,,,,,,,,,,,,
Filename: cpffcl0212.csv,,,,,,,,,,,,,,,,,,,
"Table 12. Median number of requests for forensic services and estimated yearend backlog in the Nation's publicly funded forensic crime laboratories, by size of laboratory, 2002",,,,,,,,,,,,,,,,,,,
"Report title: Census of Publicly Funded Forensic Crime Laboratories, 2002, NCJ 207205",,,,,,,,,,,,,,,,,,,
Data source: Census of Publicly Funded Forensic Crime Laboratories,,,,,,,,,,,,,,,,,,,
Author: Matthew J. Hickman,,,,,,,,,,,,,,,,,,,
Refer questions to: askbjs@usdoj.gov (202) 307-0765,,,,,,,,,,,,,,,,,,,
Date of version: 2/18/05,,,,,,,,,,,,,,,,,,,

"Table 12. Median number of requests for forensic services and estimated yearend backlog in the Nation's publicly funded forensic crime laboratories, by size of laboratory, 2002",,,,,,,,,,,,,,,,,,,

,Median number of --,,,,,,,,,,,,,,,,,,
 Number of FTE employees,"Back-logged requests as of January 1, 2002", New requests received , Requests completed,Back-logged requests at yearend,,,,,,,,,,,,,,,

  All laboratories,394,"4,892","4,559",646,,,,,,,,,,,,,,,
,,,,,,,,,,,,,,,,,,,
100 or more,"5,164","35,146","37,201","3,682",,,,,,,,,,,,,,,
50 to 99,"1,343","12,949","11,854","1,816",,,,,,,,,,,,,,,
25 to 49,678,"6,963","6,458","1,426",,,,,,,,,,,,,,,
10 to 24,373,"4,776","4,335",520,,,,,,,,,,,,,,,
Fewer than 10,70,"1,705","1,610",72,,,,,,,,,,,,,,,

,,,,,,,,,,,,,,,,,,,
,,,,,,,,,,,,,,,,,,,
,,,,,,,,,,,,,,,,,,,
,,,,,,,,,,,,,,,,,,,
,,,,,,,,,,,,,,,,,,,

,,,,,,,,,,,,,,,,,,,
