Bureau of Justice Statistics,,,,,,,,,,
Filename: cpffcl0216.csv,,,,,,,,,,
"Table 16. Outsourcing of requests for forensic services, by size of laboratory, 2002",,,,,,,,,,
"Report title: Census of Publicly Funded Forensic Crime Laboratories, 2002, NCJ 207205",,,,,,,,,,
Data source: Census of Publicly Funded Forensic Crime Laboratories,,,,,,,,,,
Author: Matthew J. Hickman,,,,,,,,,,
Refer questions to: askbjs@usdoj.gov (202) 307-0765,,,,,,,,,,
Date of version: 2/18/05,,,,,,,,,,

"Table 16. Outsourcing of requests for forensic services, by size of laboratory, 2002",,,,,,,,,,

,,,Percent of labs outsourcing --,,,,,,,
Number of FTE employees,Any outsourcing,,DNA analysis ,, Toxicology,,CODIS samples,,Controlled substances,

  All laboratories,41,%,19,%,14,%,9,%,5,%

100 or more,71,%,43,%,21,%,21,%,0,%
50 to 99,64,,28,,17,,19,,3,
25 to 49,42,,22,,11,,13,,4,
10 to 24,42,,17,,18,,7,,6,
Fewer than 10,24,,10,,10,,1,,5,
