Bureau of Justice Statistics,,,,,,,,
Filename: cpffcl0215.csv,,,,,,,,
"Table 15. Estimated additional personnel needs in order to achieve a 30-day turnaround on all requests for forensic services received, by type of function, 2002",,,,,,,,
"Report title: Census of Publicly Funded Forensic Crime Laboratories, 2002, NCJ 207205",,,,,,,,
Data source: Census of Publicly Funded Forensic Crime Laboratories,,,,,,,,
Author: Matthew J. Hickman,,,,,,,,
Refer questions to: askbjs@usdoj.gov (202) 307-0765,,,,,,,,
Date of version: 2/18/05,,,,,,,,

"Table 15. Estimated additional personnel needs in order to achieve a 30-day turnaround on all requests for forensic services received, by type of function, 2002",,,,,,,,

, Number of FTEs currently performing function,,,Number of additional FTEs needed to achieve 30-day turnaround,,, Estimated cost of additional FTEs,
Type of function,Total ,Median,,Total ,Median,,Total,Median

Total,"5,813",9,,"1,917",2,,"$70,208,000 ","$161,000 "

Controlled substances,"2,232",4,,355,1,,"$11,253,000 ","$50,300 "
Firearms/toolmarks,448,2,,196,1,,"$7,238,000 ","$40,700 "
Biology screening,347,2,,165,1,,"$6,053,000 ","$50,200 "
DNA analysis,465,3,,369,2,,"$14,421,000 ","$82,100 "
Latent prints,582,3,,298,1,,"$10,488,000 ","$69,400 "

Trace,322,2,,150,1,,"$5,733,000 ","$49,200 "
Crime scene,564,4,,75,0,,"$2,753,000 ","$73,700 "
Toxicology,466,2,,145,1,,"$5,359,000 ","$50,000 "
Questioned documents,119,2,,56,0,,"$2,405,000 ","$38,400 "
Computer crimes,82,2,,63,1,,"$3,304,000 ","$56,000 "

Other functions,162,1,,31,0,,"$1,149,000 ","$39,300 "
