Bureau of Justice Statistics,,
Filename: cpffcl02f2.csv,,
"Figure 2. Procedures included in standard protocols for latent prints, 2002",,
"Report title: Census of Publicly Funded Forensic Crime Laboratories, 2002, NCJ 207205",,
Data source: Census of Publicly Funded Forensic Crime Laboratories,,
Author: Matthew J. Hickman,,
Refer questions to: askbjs@usdoj.gov (202) 307-0765,,
Date of version: 2/18/05,,

"Figure 2. Procedures included in standard protocols for latent prints, 2002",,


Chemical or laser processing,97.4,%
Comparison with known prints,93.5,
AFIS search,91.0,
Computer enhancement,64.7,
Limit number of items,33.1
