Bureau of Justice Statistics,,,,,,,,,,,,,,,,,,,
Filename: cpffcl0210.csv,,,,,,,,,,,,,,,,,,,
"Table 10. Cases received and yearend case backlog, by type of jurisdiction served, 2002",,,,,,,,,,,,,,,,,,,
"Report title: Census of Publicly Funded Forensic Crime Laboratories, 2002, NCJ 207205",,,,,,,,,,,,,,,,,,,
Data source: Census of Publicly Funded Forensic Crime Laboratories,,,,,,,,,,,,,,,,,,,
Author: Matthew J. Hickman,,,,,,,,,,,,,,,,,,,
Refer questions to: askbjs@usdoj.gov (202) 307-0765,,,,,,,,,,,,,,,,,,,
Date of version: 2/18/05,,,,,,,,,,,,,,,,,,,

"Table 10. Cases received and yearend case backlog, by type of jurisdiction served, 2002",,,,,,,,,,,,,,,,,,,

,Cases received during 2002,,,Cases backlogged at yearend,,,,,,,,,,,,,,,
Type of jurisdiction, Total, Median,, Total, Median,,,,,,,,,,,,,,

All laboratories,"2,695,269","4,429",,"262,637",370,,,,,,,,,,,,,,
,,,,,,,,,,,,,,,,,,,
State / Regional,"1,133,702","4,092",,"145,167",472,,,,,,,,,,,,,,
County,"791,310","5,756",,"58,804",521,,,,,,,,,,,,,,
Municipal,"684,097","5,933",,"49,890",153,,,,,,,,,,,,,,
Federal / National,"86,160","1,296",,"8,776",136,,,,,,,,,,,,,,
,,,,,,,,,,,,,,,,,,,
