Bureau of Justice Statistics,,,,,,,
Filename: cpffcl0204.csv,,,,,,,
"Table 4. Employment by publicly funded forensic crime laboratories in the United States, by type of jurisdiction served, 2002",,,,,,,
"Report title: Census of Publicly Funded Forensic Crime Laboratories, 2002, NCJ 207205",,,,,,,
Data source: Census of Publicly Funded Forensic Crime Laboratories,,,,,,,
Author: Matthew J. Hickman,,,,,,,
Refer questions to: askbjs@usdoj.gov (202) 307-0765,,,,,,,
Date of version: 2/18/05,,,,,,,

"Table 4. Employment by publicly funded forensic crime laboratories in the United States, by type of jurisdiction served, 2002",,,,,,,

,FTE employees in listed categories -,,,,,,
Type of jurisdiction,Analyst / examiner,Technical support, Managerial,Clerical support, Other,,

All laboratories,"5,651",1162,"1,133",843,573,,
,,,,,,,
State / Regional,"2,959",580,556,462,225,,
County,"1,046",232,229,167,84,,
Municipal,953,237,204,104,244,,
Federal / National,693,114,145,111,20,,
,,,,,,,
