Bureau of Justice Statistics,,
Filename: cpffcl02f1.csv,,
"Figure 1. Forensic crime laboratory functions, 2002",,
"Report title: Census of Publicly Funded Forensic Crime Laboratories, 2002, NCJ 207205",,
Data source: Census of Publicly Funded Forensic Crime Laboratories,,
Author: Matthew J. Hickman,,
Refer questions to: askbjs@usdoj.gov (202) 307-0765,,
Date of version: 2/18/05,,

"Figure 1. Forensic crime laboratory functions, 2002",,


Controlled substance,90.0,%
Biology screening,64.8,
Firearms/toolmarks,62.8,
Crime scenes,61.6,
Latent prints,60.5
Trace evidence,58.7
DNA analysis,55.1
Toxicology,47.8
Questioned documents,25.8
Computer crimes,11.3
