Bureau of Justice Statistics,,,,,,,
Filename: cpffcl0203.csv,,,,,,,
"Table 3. Employment by publicly funded forensic crime laboratories in the United States, by size of laboratory, 2002",,,,,,,
"Report title: Census of Publicly Funded Forensic Crime Laboratories, 2002, NCJ 207205",,,,,,,
Data source: Census of Publicly Funded Forensic Crime Laboratories,,,,,,,
Author: Matthew J. Hickman,,,,,,,
Refer questions to: askbjs@usdoj.gov (202) 307-0765,,,,,,,
Date of version: 2/18/05,,,,,,,

"Table 3. Employment by publicly funded forensic crime laboratories in the United States, by size of laboratory, 2002",,,,,,,

,FTE employees in listed categories -,,,,,,
Number of FTE employees,Analyst / examiner,Technical support, Managerial,Clerical support, Other,,

All laboratories,"5,651",1162,"1,133",843,573,,
,,,,,,,
100 or more,"1,251",264,308,215,233,,
50 to 99,"1,828",463,307,256,179,,
25 to 49,"1,333",211,267,175,108,,
10 to 24,933,179,169,128,38,,
Fewer than 10,306,46,82,69,15,,
