Bureau of Justice Statistics,,,,,,,,,,,,,,,,,,,
Filename: cpffcl0209.csv,,,,,,,,,,,,,,,,,,,
"Table 9. Cases received and yearend case backlog, by size of laboratory, 2002",,,,,,,,,,,,,,,,,,,
"Report title: Census of Publicly Funded Forensic Crime Laboratories, 2002, NCJ 207205",,,,,,,,,,,,,,,,,,,
Data source: Census of Publicly Funded Forensic Crime Laboratories,,,,,,,,,,,,,,,,,,,
Author: Matthew J. Hickman,,,,,,,,,,,,,,,,,,,
Refer questions to: askbjs@usdoj.gov (202) 307-0765,,,,,,,,,,,,,,,,,,,
Date of version: 2/18/05,,,,,,,,,,,,,,,,,,,

"Table 9. Cases received and yearend case backlog, by size of laboratory, 2002",,,,,,,,,,,,,,,,,,,

,Cases received during 2002,,,Cases backlogged at yearend,,,,,,,,,,,,,,,
Number of FTE employees, Total, Median,, Total, Median,,,,,,,,,,,,,,

All laboratories,"2,695,269","4,429",,"262,637",370,,,,,,,,,,,,,,
,,,,,,,,,,,,,,,,,,,
100 or more,"567,725","31,388",,"53,883",3190,,,,,,,,,,,,,,
50 to 99,"692,067","11,983",,"74,445","1,100",,,,,,,,,,,,,,
25 to 49,"640,145","7,102",,"63,459",784,,,,,,,,,,,,,,
10 to 24,"581,036","4,590",,"53,075",347,,,,,,,,,,,,,,
Fewer than 10,"214,296","1,997",,"17,775",101,,,,,,,,,,,,,,
