Bureau of Justice Statistics,,,,,,,,,,,,,,,,,,,
Filename: cpffcl0214.csv,,,,,,,,,,,,,,,,,,,
"Table 14. Expected and actual requests completed per examiner FTE, by type of function, 2002",,,,,,,,,,,,,,,,,,,
"Report title: Census of Publicly Funded Forensic Crime Laboratories, 2002, NCJ 207205",,,,,,,,,,,,,,,,,,,
Data source: Census of Publicly Funded Forensic Crime Laboratories,,,,,,,,,,,,,,,,,,,
Author: Matthew J. Hickman,,,,,,,,,,,,,,,,,,,
Refer questions to: askbjs@usdoj.gov (202) 307-0765,,,,,,,,,,,,,,,,,,,
Date of version: 2/18/05,,,,,,,,,,,,,,,,,,,

"Table 14. Expected and actual requests completed per examiner FTE, by type of function, 2002",,,,,,,,,,,,,,,,,,,

,Median requests completed per FTE,,,,,,,,,,,,,,,,,,
Type of function,Expected,Actual ,,,,,,,,,,,,,,,,,

Controlled substances,892,810,,,,,,,,,,,,,,,,,
Biology screening,159,153,,,,,,,,,,,,,,,,,
Firearms/toolmarks,142,115,,,,,,,,,,,,,,,,,
Crime scene,96,86,,,,,,,,,,,,,,,,,
Latent prints,264,286,,,,,,,,,,,,,,,,,
,,,,,,,,,,,,,,,,,,,
Trace,100,93,,,,,,,,,,,,,,,,,
DNA analysis,74,67,,,,,,,,,,,,,,,,,
Toxicology,490,614,,,,,,,,,,,,,,,,,
Questioned documents,100,98,,,,,,,,,,,,,,,,,
Computer crimes,60,46,,,,,,,,,,,,,,,,,
,,,,,,,,,,,,,,,,,,,
,,,,,,,,,,,,,,,,,,,

,,,,,,,,,,,,,,,,,,,
