Bureau of Justice Statistics,,,,,,,,,,,,,,,,,,,
Filename: cpffcl0211.csv,,,,,,,,,,,,,,,,,,,
"Table 11. Requests for forensic services and estimated yearend backlog in the Nation's publicly funded forensic crime laboratories, by type of function, 2002",,,,,,,,,,,,,,,,,,,
"Report title: Census of Publicly Funded Forensic Crime Laboratories, 2002, NCJ 207205",,,,,,,,,,,,,,,,,,,
Data source: Census of Publicly Funded Forensic Crime Laboratories,,,,,,,,,,,,,,,,,,,
Author: Matthew J. Hickman,,,,,,,,,,,,,,,,,,,
Refer questions to: askbjs@usdoj.gov (202) 307-0765,,,,,,,,,,,,,,,,,,,
Date of version: 2/18/05,,,,,,,,,,,,,,,,,,,

"Table 11. Requests for forensic services and estimated yearend backlog in the Nation's publicly funded forensic crime laboratories, by type of function, 2002",,,,,,,,,,,,,,,,,,,

,"Back-logged requests as of January 1, 2002",,,New requests received during 2002,,,Requests completed in 2002,,,Estimated back-logged requests at yearend,,,,,,,,,
Type of function,Total,Median,,Total,Median,,Total,Median,,Total,Median,,,,,,,,

Total,"289,938",394,,"2,706,785","4,892",,"2,495,313","4,559",,"501,410",646,,,,,,,,
,,,,,,,,,,,,,,,,,,,
Controlled substances,"95,404",171,,"1,291,488",3045,,"1,154,221","2,822",,"232,671",294,,,,,,,,
Biology screening,"18,456",66,,"88,857",381,,"76,332",332,,"30,981",102,,,,,,,,
Firearms/toolmarks,"22,636",43,,"104,068",290,,"88,997",240,,"37,707",65,,,,,,,,
Crime scene,"1,579",0,,"166,588",65,,"165,461",53,,"2,706",1,,,,,,,,
Latent prints,"50,245",119,,"274,225",860,,"238,135",786,,"86,335",140,,,,,,,,

Trace,"9,997",30,,"41,531",132,,"36,878",124,,"14,650",40,,,,,,,,
DNA analysis,"29,516",72,,"60,887",246,,"41,592",172,,"48,811",131,,,,,,,,
Toxicology,"17,523",30,,"467,752","1,541",,"455,624","1,457",,"29,651",51,,,,,,,,
Questioned documents,"3,391",23,,"16,683",131,,"15,562",123,,"4,512",27,,,,,,,,
Computer crimes,952,20,,"2,839",49,,"2,757",45,,"1,034",34,,,,,,,,

Other functions,"40,239",12,,"191,867",165,,"219,754",107,,"12,352",21,,,,,,,,
