Bureau of Justice Statistics,,,,,,,,,,,,
Filename: cpffcl0223.csv,,,,,,,,,,,,
"Table 23. Laboratories receiving at least some funding from various sources, by type of jurisdiction served, 2002",,,,,,,,,,,,
"Report title: Census of Publicly Funded Forensic Crime Laboratories, 2002, NCJ 207205",,,,,,,,,,,,
Data source: Census of Publicly Funded Forensic Crime Laboratories,,,,,,,,,,,,
Author: Matthew J. Hickman,,,,,,,,,,,,
Refer questions to: askbjs@usdoj.gov (202) 307-0765,,,,,,,,,,,,
Date of version: 2/18/05,,,,,,,,,,,,

"Table 23. Laboratories receiving at least some funding from various sources, by type of jurisdiction served, 2002",,,,,,,,,,,,

,Percent of labs receiving funding from --,,,,,,,,,,,
Type of jurisdiction,State government,,Local  government,,Federal government,, Grants,, Fees,,,

  All laboratories,67,%,41,%,21,%,55,%,29,%,,
,,,,,,,,,,,,
State / Regional,96,%,9,%,29,%,53,%,31,%,,
County,28,,91,,7,,61,,30,,,
Municipal,14,,97,,9,,53,,16,,,
,,,,,,,,,,,,
,,,,,,,,,,,,
