"Bureau of Justice Statistics",,,,,,,,,,,,,,,
"filename:  pjim9809.csv",,,,,,,,,,,,,,,
"table #. 9",,,,,,,,,,,,,,,
"report title:  Prison and Jail Inmates at Midyear 1998   NCJ  173414",,,,,,,,,,,,,,,
"data sources:  National Prisoner Statistics Program (NPS-1A); Annual Survey of Jails",,,,,,,,,,,,,,,
"author:  Darrell K. Gilliard ",,,,,,,,,,,,,,,
"refer questions to:  askbjs@ojp.usdoj.gov (202) 307-0765",,,,,,,,,,,,,,,
"date of version:  03/15/99",,,,,,,,,,,,,,,
,,,,,,,,,,,,,,,
,,,,,,,,,,,,,,,
,,,,,,,,,,,,,,,
"Table 9.  The 25 largest local jail jurisdictions:  Number of inmates held,",,,,,,,,,,,,,,,
"average, daily population, rated capacity, midyear 1996-98",,,,,,,,,,,,,,,
,,,,,,,,,,,,,,,
,,,,,,,,,,,,,"     Pecercent of capacity",,
,"       Number or inmates held/a",,,,"        Average daily population/b",,,,"               Rated capacity/c",,,,"     occupied on June 30/d",,
"   Jurisdiction",1996,1997,1998,,1996,1997,1998,,1996,1997,1998,,1996,1997,1998
,,,,,,,,,,,,,,,
"Los Angeles County, CA",18627,21962,21268,,18167,19931,21136,,20099,21416,21366,,93,103,100
"New York City, NY",19890,17528,17680,,18382,19205,17524,,20862,22634,22584,,95,77,78
"Cook County, IL",8713,9189,9321,,9169,9100,9297,,9617,9376,9776,,91,98,95
"Dade County, FL",6357,7320,7036,,6499,7157,7836,,6387,6237,6005,,100,117,117
"Harris County, TX",7703,8224,7587,,7140,8153,7781,,8698,8657,8657,,89,95,88
,,,,,,,,,,,,,,,
"Dallas County, TX",6380,6439,6941,,5862,6528,7000,,8374,8182,8182,,76,79,85
"Maricopa County, AZ",5679,6732,7019,,5542,6520,6910,,6252,6252,6252,,91,108,112
"Orleans Parish,  LA",5368,6537,6670,,5433,6270,6398,,7174,7174,7174,,75,91,93
"Philadelphia County, PA",5695,5563,5990,,5341,5600,5753,,5600,5600,6179,,102,99,97
"San Diego County, CA",5549,5709,6040,,5522,5588,5745,,4653,5539,5815,,119,103,104
,,,,,,,,,,,,,,,
"Shelby County, TN",5264,5568,5808,,5153,5297,5627,,6364,6532,6583,,83,85,88
"Orange County, CA",5326,5368,5546,,5143,5246,5374,,3821,3821,3821,,139,140,145
"San Bernardino County, CA",3958,4156,5713,,4119,4500,5103,,4957,5000,5000,,80,83,114
"Santa Clara County, CA",4213,4588,4658,,4314,4317,4722,,3774,3774,3774,,112,122,123
"Broward County, FL",3528,4125,4640,,3470,4129,4289,,3656,3736,3756,,96,110,124
,,,,,,,,,,,,,,,
"Fulton County, GA",2489,3982,3827,,2395,3401,4276,,2320,2987,2987,,107,133,128
"Alameda County, CA",3994,4098,4164,,3954,4109,3823,,4264,4218,4590,,94,97,91
"Baltimore City , MD",3309,3598,3881,,3300,3636,3791,,2933,2933,2966,,113,123,131
"Orange County, FL",3120,3411,3865,,3332,3321,3547,,3329,3234,3234,,94,105,120
"Tarrant County, TX",2881,3366,3572,,2876,3291,3529,,4193,4193,4739,,69,80,75
,,,,,,,,,,,,,,,
"Sacramento County, CA",3093,3505,3654,,3217,3329,3507,,3700,3871,3871,,84,91,94
"Bexar County, TX",3058,3683,3368,,2821,3491,3398,,3640,3670,3670,,84,100,92
"Hillsborough County, FL",2661,3155,3101,,2679,2973,3062,,2757,2877,2909,,97,110,107
"Milwaukee County, WI",2653,2876,2850,,2695,2757,2918,,2274,2274,2466,,117,126,116
"Duval County, FL",2384,2743,2899,,2473,2687,2755,,3300,3100,3000,,72,88,97
,,,,,,,,,,,,,,,
"Notes:  Jurisdicitions are ordered by their average daily population in 1998.",,,,,,,,,,,,,,,
"a/Number jail inmates in custody.",,,,,,,,,,,,,,,
"b/Based on the average daily population for the year ending June 30.",,,,,,,,,,,,,,,
"The average daily population is the sum of the number of inmates in jail",,,,,,,,,,,,,,,
"each day for a year, divided by the number of days in the year.",,,,,,,,,,,,,,,
"c/Rated capacity is the number of beds or inmates assigned by a rating official",,,,,,,,,,,,,,,
"to facilities within each jurisdiction.",,,,,,,,,,,,,,,
"d/The number of inmates divided by the rated capacity multiplied by 100.  ",,,,,,,,,,,,,,,
