"Bureau of Justice Statistics",,,,
"filename:  pjim9805.csv",,,,
"table #. 5",,,,
"report title:  Prison and Jail Inmates at Midyear 1998   NCJ  173414",,,,
"data sources:  National Prisoner Statistics Program (NPS-1A); Annual Survey of Jails",,,,
"author:  Darrell K. Gilliard ",,,,
"refer questions to:  askbjs@ojp.usdoj.gov (202) 307-0765",,,,
"date of version:  03/15/99",,,,
,,,,
,,,,
,,,,
"Table 5. Persons under jail supervision,",,,,
"by confinement status and type of program,",,,,
"midyear 1995-98",,,,
,,,,
,,"Number of persons",,
,,"under jail supervision",,
,1995,1996,"1997",1998
,,,,
"      Total",541913,591469,637319,664847
,,,,
"Held in jail",507044,518492,567079,592462
,,,,
"Supervised outside",,,,
"   of a jail facility/a",34869,72977,70239,72385
,,,,
"      Electronic monitoring",6788,7480,8699,10827
"      Home detention/b",1376,907,1164,370
"      Day reporting",1283,3298,2768,3089
"      Community service",10253,17410,15918,17518
"      Weekender programs",1909,16336,17656,17249
"      Other pretrial supervision",3229,2135,7368,6048
"      Other work programs/c",9144,14469,6631,7089
"      Treatment programs/d","--",10425,6693,5702
"      Other",887,517,3342,4493
,,,,
,,,,
"--Not available.",,,,
"a/Excludes persons supervised by a probation or parole agency.",,,,
"b/Includes only those without electronic monitoring.",,,,
"c/Includes persons in work release programs, work",,,,
"gang/crews, and other work alternative programs",,,,
"administered by the jurisdiction.",,,,
"d/Includes persons under drug, alcohol, mental health, and other",,,,
"medical treatment.",,,,
