"Bureau of Justice Statistics",,,,,,,,
"filename:   cnh02t03.csv",,,,,,,,
"Table 3.  Households that experienced crime, by household size, 2002",,,,,,,,
"report title:   Crime and the Nation's Households, 2002, NCJ 201797",,,,,,,,
"data source:  National Crime Victimization Survey",,,,,,,,
"author:  Patsy Klaus, BJS Statistician",,,,,,,,
"refer questions to:  askbjs@ojp.usdoj.gov (202) 307-0765",,,,,,,,
"date of version:   01/06/04",,,,,,,,
,,,,,,,,
"Table 3.  Households that experienced crime, by household size, 2002",,,,,,,,
,,,,,,,,
,"Percent of households, by number of members",,,,,,,
,"1 member",," 2-3",," 4-5",,"6 or more",
,,,,,,,,
"  Any NCVS crime",9.9,"%",13.9,"%",21.2,"%",25.9,"%"
"Violent crime",1.9,,3.0,,4.6,,7.3,
"Property crime",8.4,,11.9,,18.4,,21.6,
,,,,,,,,
"Violence by strangers or burglary",3.1,"%",3.7,"%",5.1,"%",6.1,"%"
,,,,,,,,
"Intimate partner violence",0.3,"%",0.4,"%",0.4,"%",0.4,"%"
,,,,,,,,
"Note:  Murder and vandalism are not measured.",,,,,,,,
