"Bureau of Justice Statistics",,,,,,,,,
"filename:  cnh02ht.csv",,,,,,,,,
"Highlight: Percent of U.S. households experiencing violent or property crime",,,,,,,,,
"report title:   Crime and the Nation's Households, 2002, NCJ 201797",,,,,,,,,
"data source:  National Crime Victimization Survey",,,,,,,,,
"author:  Patsy Klaus, BJS Statistician",,,,,,,,,
"refer questions to:  askbjs@ojp.usdoj.gov (202) 307-0765",,,,,,,,,
"date of version:  01/08/04",,,,,,,,,
,,,,,,,,,
"Highlight:  Percent of U.S. households experiencing violent or property crime",,,,,,,,,
,,,,,,,,,
,"Percent of U.S. households",,,,,,,,
,1994,1995,1996,1997,1998,1999,2000,2001,2002
,,,,,,,,,
"NCVS total crime",25.0,23.4,22.4,20.9,19.1,17.7,16.2,14.9,14.6
"Property crime",21.1,19.9,19.0,17.7,16.0,14.9,13.6,12.6,12.5
"Violent crime",7.0,6.3,5.9,5.5,5.0,4.4,3.9,3.6,3.2
