"Bureau of Justice Statistics",,,
"filename:   cnh02t01.csv",,,
"Table 1.  Households experiencing crime in 2002",,,
"report title:   Crime and the Nation's Households, 2002, NCJ 201797",,,
"data source:  National Crime Victimization Survey",,,
"author:  Patsy Klaus, BJS Statistician",,,
"refer questions to:  askbjs@ojp.usdoj.gov (202) 307-0765",,,
"date of version:   01/06/04",,,
,,,
"Table 1.  Households experiencing crime in 2002",,,
,,,
,"Households",,
"Type of victimization","Number","Percent",
,,,
"  Any NCVS crime",16080430,14.6,"%"
,,,
"Personal crime",3624440,3.3,
,,,
"     Violent crime*",3520360,3.2,"%"
"        Rape",107600,0.1,
"        Sexual assault",69190,0.1,
"        Robbery",392280,0.4,
"        Assault",3073250,2.8,
"           Aggravated",753330,0.7,
"           Simple",2456660,2.2,
,,,
"Purse snatching/pocket picking",117680,0.1,
,,,
"     Property crime",13778470,12.5,"%"
"         Household burglary",2695820,2.4,
"         Motor vehicle theft",935590,0.8,
"         Theft",10902680,9.9,
,,,
"Note: Detail does not add to total or crime subtotals because of overlap in households experiencing various crimes.  There was a total of 110,323,840 households in 2002.  ",,,
"If vandalism is included among the victimizations, a total of 19,855,490 households (18%) experienced at least one crime in 2002.",,,
"*Violent crime does not include homicide.",,,
