"Bureau of Justice Statistics",,,,
"filename:   cnh02tt01.csv",,,,
"Text Table 1.  Percent of households by Hispanic and Non-Hispanic",,,,
"report title:   Crime and the Nation's Households, 2002, NCJ 201797",,,,
"data source:  National Crime Victimization Survey",,,,
"author:  Patsy Klaus, BJS Statistician",,,,
"refer questions to:  askbjs@ojp.usdoj.gov (202) 307-0765",,,,
"date of version:   01/06/04",,,,
,,,,
"Text Table 1.  Percent of households by Hispanic and Non-Hispanic",,,,
,,,,
,"Percent of households",,,
,"Hispanic head of household",,"Non-Hispanic head of household",
,,,,
"  Any NCVS crime",19.3,"%",14.1,"%"
"Violent crime",4.2,,3.1,
"Property crime",16.8,,12.0,
,,,,
"Violence by strangers or burglary",4.6,"%",3.8,"%"
,,,,
"Intimate partner violence",0.4,"%",0.4,"%"
