"Bureau of Justice Statistics",,,,,,,,,
"filename:   cnh02f01.csv",,,,,,,,,
"Figure 1.  Percent of households burglarized or with a member age 12 or older who experienced a nonfatal violent crime by a stranger",,,,,,,,,
"report title:   Crime and the Nation's Households, 2002, NCJ 201797",,,,,,,,,
"data source:  National Crime Victimization Survey",,,,,,,,,
"author:  Patsy Klaus, BJS Statistician",,,,,,,,,
"refer questions to:  askbjs@ojp.usdoj.gov (202) 307-0765",,,,,,,,,
"date of version:   01/06/04",,,,,,,,,
,,,,,,,,,
"Figure 1.  Percent of households burglarized or with a member age 12 or older who experienced a nonfatal violent crime by a stranger",,,,,,,,,
,,,,,,,,,
"Percent by year",1994,1995,1996,1997,1998,1999,2000,2001,2002
,,,,,,,,,
"Violence by strangers or burglary",7.9,7.2,6.7,6.2,5.4,4.9,4.5,4.0,3.9
