"Bureau of Justice Statistics",,,,,,
"filename:   cnh02t02.csv",,,,,,
"Table 2.  Households that experienced crime, by urban, suburban, and rural location, 2002 ",,,,,,
"report title:   Crime and the Nation's Households, 2002, NCJ 201797",,,,,,
"data source:  National Crime Victimization Survey",,,,,,
"author:  Patsy Klaus, BJS Statistician",,,,,,
"refer questions to:  askbjs@ojp.usdoj.gov (202) 307-0765",,,,,,
"date of version:   01/06/04",,,,,,
,,,,,,
"Table 2.  Households that experienced crime, by urban, suburban, and rural location, 2002 ",,,,,,
,,,,,,
,,,"Percent of households",,,
,"Urban",,"Suburban",,"Rural",
,,,,,,
"  Any NCVS crime",19.1,"%",13.3,"%",10.9,"%"
,,,,,,
"Violent crime",4.3,,2.8,,2.4,
"Property crime",16.3,,11.4,,9.3,
,,,,,,
"Violence by strangers or burglary",5.5,"%",3.3,"%",2.8,"%"
,,,,,,
"Intimate partner violence",0.6,"%",0.3,"%",0.3,"%"
,,,,,,
"Note:  Murder and vandalism are not measured.",,,,,,
