"Bureau of Justice Statistics",,,,,,,,,,,,,,,,,,,
"filename:  cv9573.csv",,,,,,,,,,,,,,,,,,,
"Table 73: Percent distribution of victimizations in which",,,,,,,,,,,,,,,,,,,
"self-protective measures taken by the victim were helpful",,,,,,,,,,,,,,,,,,,
"data source: National Criminal Victimization Survey, 1995    NCJ 171129",,,,,,,,,,,,,,,,,,,
"produced by:  Cathy Maston and Jayne Robinson",,,,,,,,,,,,,,,,,,,
"authors:  Patsy Klaus and Cathy Maston",,,,,,,,,,,,,,,,,,,
"refer questions to:  askbjs@ojp.usdoj.gov     202-307-0765",,,,,,,,,,,,,,,,,,,
"date of version: 03/01/00",,,,,,,,,,,,,,,,,,,
,,,,,,,,,,,,,,,,,,,
,,,,,,,,,,,,,,,,,,,
"Table 73. Personal crimes of violence, 1995:",,,,,,,,,,,,,,,,,,,
,,,,,,,,,,,,,,,,,,,
"Percent distribution of victimizations in which",,,,,,,,,,,,,,,,,,,
"self-protective measures taken by the victim were helpful",,,,,,,,,,,,,,,,,,,
"       ",,,,,,,,,,,,,,,,,,,
,,,,,,,,,,"Percent of victimizations",,,,,,,,,
,,,,,,"     Avoided",,,,,,,,,,,,,
"       ",,,,,,"     injury",,,,,,,,"   Protected",,,,,
"                                                                                                          ",,"Number of",,,,"     or greater",,"Scared",,,,"  Protected",,"   other",,"  In other",,"   Not",
"Type of crime",,"victimizations",," Total",,"     injury",,"offender off",,"    Escaped",,"  property",,"   people",,"  ways",,"   available",
,,,,,,,,,,,,,,,,,,,
,,,,,,,,,,,,,,,,,,,
"Crimes of violence",,6458050,,100,"%",46.6,"%",17.1,"%",15.2,"%",4.2,"%",5.6,"%",11.1,"%",0.1,"%*"
,,,,,,,,,,,,,," ",,,,,
"   Rape/Sexual assault/1",,167920,,100,"%",41.6,,20.3,,25.0,,1.6,"*",3.1,"*",8.4,"*",0.0,"*"
"   Robbery",,770940,,100,"%",37.0,,17.5,,18.8,,15.5,,3.7,,7.6,,0.0,"*"
"   Assault",,5519190,,100,"%",48.1,,17.0,,14.4,,2.8,,6.0,,11.6,,0.1,"*"
"      Aggravated",,1403940,,100,"%",47.9,,13.5,,18.5,,3.4,,7.6,,9.1,,0.0,"*"
"      Simple",,4115260,,100,"%",48.2,,18.2,,13.0,,2.5,,5.5,,12.5,,0.2,"*"
,,,,,,,,,,,,,,,,,,,
,,,,,,,,,,,,,,,,,,,
"Note: Detail may not add to total shown because of rounding.",,,,,,,,,,,,,,,,,,,
"Excludes victimizations in which no self-protective actions were taken.",,,,,,,,,,,,,,,,,,,
"* Estimate is based on about 10 or fewer sample cases.",,,,,,,,,,,,,,,,,,,
"1/Includes verbal threats of rape and threats of sexual assault.",,,,,,,,,,,,,,,,,,,
