"Bureau of Justice Statistics",,,,,,,,,,,,,,,
"filename:  cv9570.csv",,,,,,,,,,,,,,,
"Table 70: Percent distribution of self-protective measures employed",,,,,,,,,,,,,,,
"by victims, by type of measure and type of crime",,,,,,,,,,,,,,,
"data source: National Criminal Victimization Survey, 1995    NCJ 171129",,,,,,,,,,,,,,,
"produced by:  Cathy Maston and Jayne Robinson",,,,,,,,,,,,,,,
"authors:  Patsy Klaus and Cathy Maston",,,,,,,,,,,,,,,
"refer questions to:  askbjs@ojp.usdoj.gov     202-307-0765",,,,,,,,,,,,,,,
"date of version: 03/01/00",,,,,,,,,,,,,,,
,,,,,,,,,,,,,,,
,,,,,,,,,,,,,,,
"Table 70. Personal crimes of violence, 1995:",,,,,,,,,,,,,,,
,,,,,,,,,,,,,,,
"Percent distribution of self-protective measures employed",,,,,,,,,,,,,,,
"by victims, by type of measure and type of crime",,,,,,,,,,,,,,,
,,,,,,,,,,,,,,,
,,,,"Percent of self-protective measures",,,,,,,,,,,
,,,"    Crimes",,,,"  Attempted/",,"     Rape/",,,,,,
,,,"    of",,"    Completed",,"  threatened",,"    Sexual",,,,,,
"Self-protective measure",,,"    violence",,"    violence",,"  violence",,"    assault/1",,,,,,
,,,,,,,,,,,,,,,
,,,,,,,,,,,,,,,
"Total number of self-protective measures",,,100.0,"%",100.0,"%",100.0,"%",100.0,"%",,,,,
,"Attacked offender with weapon",,1.3,,1.4,,1.3,,0.0,"*",,,,,
,"Attacked offender without weapon",,11.1,,15.8,,9.0,,8.3,,,,,,
,"Threatened offender with weapon",,1.9,,0.7,"*",2.4,,0.7,"*",,,,,
,"Threatened offender without weapon",,2.1,,1.4,,2.4,,1.4,"*",,,,,
,"Resisted or captured offender",,20.4,,30.4,,15.9,,24.9,,,,,,
,"Scared or warned offender",,8.3,,7.2,,8.8,,16.8,,,,,,
,"Persuaded or appeased offender",,12.4,,11.2,,13.0,,20.7,,,,,,
,"Ran away or hid",,15.6,,11.4,,17.5,,9.2,,,,,,
,"Got help or gave alarm",,8.7,,6.2,,9.9,,4.3,"*",,,,,
,"Screamed from pain or fear",,1.8,,3.9,,0.9,,4.2,"*",,,,,
,"Took other measures",,16.3,,10.5,,19.0,,9.6,,,,,,
,,,,,,,,,,,,,,,
,,,,,,,,,,,,,,,
,,,,,,,,,,,,,,,
,,,,,,,,,,,,,,,
,,,"                                            Percent of self-protective measure",,,,,,,,,,,,
,,,"Robbery",,,,,,,,,,,,
,,,,,"         With",,"         Without",,"Assault",,,,,,
"Self-protective measure",,,"Total",,"         injury",,"         injury",,"Total",,"Aggravated",,"Simple",,
,,,,,,,,,,,,,,,
,,,,,,,,,,,,,,,
"Total number of self-protective measures",,,100.0,"%",100.0,"%",100.0,"%",100.0,"%",100.0,"%",100.0,"%",
,"Attacked offender with weapon",,4.0,,5.3,"*",3.2,"*",1.1,,1.4,,1.0,,
,"Attacked offender without weapon",,10.2,,15.4,,7.0,,11.4,,9.4,,12.0,,
,"Threatened offender with weapon",,2.0,"*",2.1,"*",1.9,"*",1.9,,2.9,,1.6,,
,"Threatened offender without weapon",,2.0,"*",0.0,"*",3.1,"*",2.1,,1.8,,2.2,,
,"Resisted or captured offender",,25.2,,32.5,,20.8,,19.6,,17.8,,20.2,,
,"Scared or warned offender",,8.5,,9.8,,7.7,,7.9,,7.7,,7.9,,
,"Persuaded or appeased offender",,13.0,,5.3,"*",17.6,,11.9,,10.4,,12.5,,
,"Ran away or hid",,14.9,,12.6,,16.2,,16.0,,23.1,,13.7,,
,"Got help or gave alarm",,6.4,,5.3,"*",7.0,,9.2,,8.5,,9.5,,
,"Screamed from pain or fear",,2.4,"*",2.8,"*",2.2,"*",1.6,,1.6,,1.6,,
,"Took other measures",,11.5,,9.1,,13.0,,17.3,,15.5,,17.8,,
,,,,,,,,,,,,,,,
,,,,,,,,,,,,,,,
,,,,,,,,,,,,,,,
"Note: Detail may not add to total shown because of rounding.",,,,,,,,,,,,,,,
"Some respondents may have cited more than one self-protective measure employed.",,,,,,,,,,,,,,,
"* Estimate is based on about 10 or fewer sample cases.",,,,,,,,,,,,,,,
"1/Includes verbal threats of rape and threats of sexual assault.",,,,,,,,,,,,,,,
,,,,,,,,,,,,,,,
,,,,,,,,,,,,,,,
,,,,,,,,,,,,,,,
,,,,,,,,,,,,,,,
,,,,,,,,,,,,,,,
,,,,,,,,,,,,,,,
,,,,,,,,,,,,,,,
,,,,,,,,,,,,,,,
,,,,,,,,,,,,,,,
,,,,,,,,,,,,,,,
,,,,,,,,,,,,,,,
,,,,,,,,,,,,,,,
,,,,,,,,,,,,,,,
,,,,,,,,,,,,,,,
,,,,,,,,,,,,,,,
,,,,,,,,,,,,,,,
,,,,,,,,,,,,,,,
,,,,,,,,,,,,,,,
,,,,,,,,,,,,,,,
,,,,,,,,,,,,,,,
,,,,,,,,,,,,,,,
,,,,,,,,,,,,,,,
,,,,,,,,,,,,,,,
,,,,,,,,,,,,,,,
,,,,,,,,,,,,,,,
,,,,,,,,,,,,,,,
,,,,,,,,,,,,,,,
,,,,,,,,,,,,,,,
,,,,,,,,,,,,,,,
,,,,,,,,,,,,,,,
,,,,,,,,,,,,,,,
,,,,,,,,,,,,,,,
,,,,,,,,,,,,,,,
,,,,,,,,,,,,,,,
,,,,,,,,,,,,,,,
,,,,,,,,,,,,,,,
,,,,,,,,,,,,,,,
,,,,,,,,,,,,,,,
,,,,,,,,,,,,,,,
,,,,,,,"      Criminal Victimization in the United States, 1995",,,,,,,,79
