"Bureau of Justice Statistics",,,,,,,,
"filename:  cv9579.csv",,,,,,,,
"Table 79: Percent of victimizations in which victims ",,,,,,,,
"received hospital care, by selected ",,,,,,,,
"characteristics of victims and type of crime",,,,,,,,
"data source: National Criminal Victimization Survey, 1995    NCJ 171129",,,,,,,,
"produced by:  Cathy Maston and Jayne Robinson",,,,,,,,
"authors:  Patsy Klaus and Cathy Maston",,,,,,,,
"refer questions to:  askbjs@ojp.usdoj.gov     202-307-0765",,,,,,,,
"date of version: 03/01/00",,,,,,,,
,,,,,,,,
,,,,,,,,
"Table 79. Personal crimes of violence, 1994:",,,,,,,,
,,,,,,,,
"Percent of victimizations in which victims ",,,,,,,,
"received hospital care, by selected ",,,,,,,,
"characteristics of victims and type of crime",,,,,,,,
,,,,,,,,
,,," Percent of victimizations",,,,,
,,,"Crimes of",,,,,
"Characteristic",,,"violence/1",,"Robbery",,"Assault",
"Sex",,,,,,,,
"                                                                                      ","Both sexes",,4.2,"%",5.5,"%",3.7,"%"
,"Male",,3.8,,6.5,,3.4,
,"Female",,4.7,,3.4,"*",4.3,
,,,,,,,,
"Age",,,,,,,,
,"12-19",,3.2,,1.9,"*",3.0,
,"20-34",,4.6,,4.7,"*",4.4,
,"35-49",,5.6,,9.1,,4.7,
,"50-64",,3,"*",14.7,"*",1.3,"*"
,"65 and over",,1.5,"*",0.0,"*",1.9,"*"
,,,,,,,,
"Race/2",,,,,,,,
,"White",,3.7,,4.9,,3.4,
,"Black",,6.9,,7.9,,6.0,
,,,,,,,,
"Victim-offender relationship",,,,,,,,
,"Strangers",,4.0,,5.8,,3.5,
,"Nonstrangers",,4.4,,4.5,"*",4.0,
,,,,,,,,
"* Estimate is based on about 10 or fewer sample cases.",,,,,,,,
"1/Includes data on rape and sexual assault, not shown separately.",,,,,,,,
"2/Excludes data on persons of ""Other"" races.",,,,,,,,
