"Bureau of Justice Statistics",,,,,,,,,,,,,,,,
"filename:  cv9590.csv",,,,,,,,,,,,,,,,
"Table 90: Percent distribution of victimizations resulting in loss of time",,,,,,,,,,,,,,,,
"from work, by race of victims, type of crime and number of days lost",,,,,,,,,,,,,,,,
"data source: National Criminal Victimization Survey, 1995    NCJ 171129",,,,,,,,,,,,,,,,
"produced by:  Cathy Maston and Jayne Robinson",,,,,,,,,,,,,,,,
"authors:  Patsy Klaus and Cathy Maston",,,,,,,,,,,,,,,,
"refer questions to:  askbjs@ojp.usdoj.gov     202-307-0765",,,,,,,,,,,,,,,,
"date of version: 03/01/00",,,,,,,,,,,,,,,,
,,,,,,,,,,,,,,,,
,,,,,,,,,,,,,,,,
,,,,,,,,,,,,,,,,
"Table 90. Selected personal and property crimes, 1995:",,,,,,,,,,,,,,,,
,,,,,,,,,,,,,,,,
"Percent distribution of victimizations resulting in loss of time",,,,,,,,,,,,,,,,
"from work, by race of victims, type of crime and number of days lost",,,,,,,,,,,,,,,,
,,,,,,,,,,,,,,,,
,,,,,,,,,," Percent of victimizations",,,,,,
,,,,,,,,,,,,,,,"Not known",
,,,"Number of",,,,"Less than",,"1-5",,"6-10",,"11 days",,"and not",
"Race and type of crime",,,"victimizations",," Total",,"1 day",,"days",,"days",,"or more",,"available",
,,,,,,,,,,,,,,,,
,,,,,,,,,,,,,,,,
"White",,,,,,,,,,,,,,,,
"     All personal crimes/1",,,544380,,100,"%",25.2,"%",53.0,"%",8.4,"%",11.8,"%",1.6,"%*"
,,,,,,,,,,,,,,,,
"     Crimes of violence",,,528140,,100,"%",24.2,,53.3,,8.7,,12.2,,1.6,"*"
,,,,,,,,,,,,,,,,
"     All property crimes",,,1277650,,100,"%",49.6,"%",43.5,"%",2.8,"%",1.2,"%*",2.9,"%"
,,,,,,,,,,,,,,,,
"     Household burglary",,,282530,,100,"%",36.6,,52.7,,5.5,"*",2.2,"*",2.9,"*"
"     Motor vehicle theft",,,206130,,100,"%",35.1,,58.8,,1.0,"*",2.2,"*",2.8,"*"
"     Theft",,,788990,,100,"%",58.0,,36.3,,2.3,"*",0.5,"*",2.9,"*"
,,,,,,,,,,,,,,,,
"Black",,,,,,,,,,,,,,,,
"     All personal crimes/1",,,105770,,100,"%",33.8,"%",41.4,"%",0.0,"%*",24.8,"%",0.0,"%*"
,,,,,,,,,,,,,,,,
"     Crimes of violence",,,105770,,100,"%",33.8,,41.4,,0.0,"*",24.8,,0.0,"*"
,,,,,,,,,,,,,,,,
"     All property crimes",,,247680,,100,"%",38.1,"%",55.4,"%",2.2,"%*",0.9,"%*",3.3,"%*"
,,,,,,,,,,,,," ",,,
"     Household burglary",,,60530,,100,"%",20.0,"*",67.7,,9.2,"*",0.0,"*",3.2,"*"
"     Motor vehicle theft",,,75920,,100,"%",29.9,"*",70.1,,0.0,"*",0.0,"*",0.0,"*"
"     Theft",,,111220,,100,"%",53.6,,38.7,,0.0,"*",2.0,"*",5.7,"*"
,,,,,,,,,,,,,,,,
,,,,,,,,,,,,,,,,
"Note: Detail may not add to total shown because of rounding.",,,,,,,,,,,,,,,,
"Excludes data on persons of ""Other"" races.",,,,,,,,,,,,,,,,
"* Estimate is based on about 10 or fewer sample cases.",,,,,,,,,,,,,,,,
"1/Includes data on rape, sexual assault, robbery, assault, and purse snatching/pocket picking, not shown separately.",,,,,,,,,,,,,,,,
,,,,,,,,,,,,,,,,
,,,,,,,,,,,,,,,,
,,,,,,,,,,,,,,,,
,,,,,,,,,,,,,,,,
,,,,,,,,,,,,,,,,
,,,,,,,,,,,,,,,,
,,,,,,,,,,,,,,,,
,,,,,,,,,,,,,,,,
,,,,,,,,,,,,,,,,
,,,,,,,,,,,,,,,,
,,,,,,,,,,,,,,,,
,,,,,,,,,,,,,,,,
,,,,,,,,,,,,,,,,
,,,,,,,,,,,,,,,,
92,"     Criminal Victimization in the United States, 1995",,,,,,,,,,,,,,,
