"Bureau of Justice Statistics",,,,,,,,,
"Filename: umchri17.csv",,,,,,,,,
"Appendix 17: Methods to link disposition information to arrest/charge information on criminal history record, 1999",,,,,,,,,
"Title of Report: Use and Management of Criminal History Record Information: A Comprehensive Report, 2001 Update",,,,,,,,,
"Data source:  BJS/SEARCH Survey of Criminal History Information Systems, 1999 as shown in ",,,,,,,,,
"Table 16: Methods to link disposition information to arrest/charge information on criminal history record, 1999, Survey of State Criminal History Information Systems, 1999, NCJ 184793 ",,,,,,,,,
"Author: SEARCH",,,,,,,,,
"Contact: Carol Kaplan",,,,,,,,,
"Refer questions to:   (202) 307-0765 or askbjs@ojp.usdoj.gov",,,,,,,,,
"Date version:  10/31/00",,,,,,,,,
,,,,,,,,,
"Appendix 17: Methods to link disposition information to arrest/charge information on criminal history record, 1999",,,,,,,,,
,,,,,,,,,
"Table 16: Methods to link disposition information to arrest/charge information on criminal history record, 1999",,,,,,,,,
,,,,,,,,,
,,"Unique tracking",,,,,"Name and ",,
,,"number for",,,,,"reporting",,
,,"individual","Unique arrest","Unique charge",,,"agency case",,
"State",,"subjects","event identifier","identifier","Arrest date","Subject name","number","Other",
,,,,,,,,,
"Alabama","*","X","X",,"X","X",,,
"Alaska","*","X","X","X","X","X",,,
"Arizona","*","X","X","X","X","X","X",,
"Arkansas","*","X","X","X","X","X","X",,
"California","*","X","X","X","X","X","X","X ","a"
,,,,,,,,,
"Colorado",,,"X",,,,,,
"Connecticut","*",,"X",,,,,,
"Delaware","*","X","X","X","X","X","X","X ","b"
"District of Columbia","*","X","X","X","X","X","X",,
"Florida","*","X","X","X","X","X","X","X ","c"
,,,,,,,,,
"Georgia",,,"X",,"X",,,,
"Hawaii","*","X","X","X","X","X",,,
"Idaho",,"X","X",,"X","X","X",,
"Illinois",,"X","X","X","X","X","X",,
"Indiana","*","X","X","X","X","X","X",,
,,,,,,,,,
"Iowa","*","X",,,"X","X","X",,
"Kansas","*",,"X",,"X","X","X",,
"Kentucky","*",,,"X",,"X",,,
"Louisiana","*","X",,,"X","X","X","X ","d"
"Maine","*",,,,"X","X","X",,
,,,,,,,,,
"Maryland","*","X","X","X","X","X","X",,
"Massachusetts","*",,"X",,"X","X","X","X ","e"
"Michigan ","f","X",,,,,,,
"Minnesota",,,,,,"X","X","X ","g"
"Mississippi","*",,"X",,"X",,,,
,,,,,,,,,
"Missouri","*","X","X","X","X","X",,,
"Montana",,"X","X",,,"X",,,
"Nebraska","*",,"X",,,,,,
"Nevada","*","X","X","X",,,,,
"New Hampshire",,"X",,,,"X",,"X ","h"
,,,,,,,,,
"New Jersey","*","X","X","X","X","X","X","X ","I"
"New Mexico","*j","X",,"X","X","X","X",,
"New York","*","X","X",,"X",,,,
"North Carolina",,"X","X",,"X","X",,,
"North Dakota","*","X","X",,"X","X","X",,
,,,,,,,,,
"Ohio",,,"X",,"X",,,,
"Oklahoma","*","X","X",,"X","X","X",,
"Oregon",,,"X",,,,,,
"Pennsylvania","*",,"X",,,,,,
"Puerto Rico",,,,,,,,,
,,,,,,,,,
"Rhode Island","*","X",,,,"X",,,
"South Carolina","*",,,,,,,"X ","k"
"South Dakota","*","X","X","X","X","X","X",,
"Tennessee",,,"X",,"X","X",,,
"Texas","*","X","X","X","X",,,,
,,,,,,,,,
"Utah",,"X","X",,"X","X",,,
"Vermont","*",,"X","X","X","X","X",,
"Virgin Islands","*",,,,"X","X",,,
"Virginia","*",,,"X",,,,"X ","l"
"Washington","*","X","X","X","X","X","X","X ","m"
,,,,,,,,,
"West Virginia","*",,"X",,,,,,
"Wisconsin",,,"X",,"X","X","X","X","I"
"Wyoming","*","X","X","X","X","X","X",,
,,,,,,,,,
,,,,,,,,,
"Explanatory Notes for Table 16",,,,,,,,,
,,,,,,,,,
"The notes below expand on the data in Table 16.  The explanatory information was provided by the respondent.",,,,,,,,,
,,,,,,,,,
"Note:  State repositories were asked to list all methods that may be utilized to link disposition information.  Matching of several items of ",,,,,,,,,
"information may be used to confirm that the appropriate link is being made.  Also, if information of one type is missing, repositories may ",,,,,,,,,
"look to other types of information contained on the disposition report.",,,,,,,,,
,,,,,,,,,
"* Method(s) utilized by the State repository for linking disposition information and arrest/charge information also permit the linking of dispositions to particular charges and/or specific counts.",,,,,,,,,
,,,,,,,,,
"a Arrest agency and booking number.",,,,,,,,,
,,,,,,,,,
"b Criminal Justice Information System (CJIS) case number.",,,,,,,,,
,,,,,,,,,
"c Originating agency number (ORI), Florida Department of Law Enforcement or FBI number, sex, race, date of birth.",,,,,,,,,
,,,,,,,,,
"d Submission of fingerprints.",,,,,,,,,
,,,,,,,,,
"e Probation control file (PCF) number.",,,,,,,,,
,,,,,,,,,
"f The record reflects an authorized criminal case providing whatever charges are filed for the case by the arresting agency, prosecutor and court.",,,,,,,,,
,,,,,,,,,
"g Date of birth and reporting agency's ORI number.",,,,,,,,,
,,,,,,,,,
"h State Identification (SID) number.",,,,,,,,,
,,,,,,,,,
"i ORI number.",,,,,,,,,
,,,,,,,,,
"j Not in all cases.",,,,,,,,,
,,,,,,,,,
"k Warrant number arrest event identifier.",,,,,,,,,
,,,,,,,,,
"l Thumbprints.",,,,,,,,,
,,,,,,,,,
"m Arrest offenses and process control number.",,,,,,,,,
