Bureau of Justice Statistics,,,,,,,,,,,,,,,,,,,
Filename: slleta18stat04.csv,,,,,,,,,,,,,,,,,,,
"Appendix table 4. Standard errors for table 3: Recruits who started and completed basic training, by race or ethnicity, 2018",,,,,,,,,,,,,,,,,,,
"Report title: State and Local Law Enforcement Training Academies, 2018 - Statistical Tables  NCJ 255915 ",,,,,,,,,,,,,,,,,,,
"Data source: Bureau of Justice Statistics, Census of Law Enforcement Training Academies, 2018",,,,,,,,,,,,,,,,,,,
"Author: Emily D. Buehler, Ph.D., BJS Statistician",,,,,,,,,,,,,,,,,,,
Refer questions to: askbjs@usdoj.gov 202-307-0765,,,,,,,,,,,,,,,,,,,
Date of version: 07/07/2021,,,,,,,,,,,,,,,,,,,
,,,,,,,,,,,,,,,,,,,
"Appendix table 4. Standard errors for table 3: Recruits who started and completed basic training, by race or ethnicity, 2018",,,,,,,,,,,,,,,,,,,
,,Total recruits,,White,,Black,,Hispanic,,Asian,,American Indian/Alaska Native,,Native Hawaiian/Other Pacific Islander,,Two or more races,,Unknown,
Started basic training ,,937,,0.42,%,0.21,%,0.34,%,0.11,%,0.02,%,0.01,%,0.03,%,0.05,%
Completed basic training,,853,,0.45,,0.21,,0.36,,0.12,,0.01,,0.01,,0.03,,0.05,
Completion ratio ,,0.18,%,0.17,%,0.28,%,0.33,%,0.82,%,1.05,%,1.13,%,0.87,%,0.47,%
"Source: Bureau of Justice Statistics, Census of Law Enforcement Training Academies, 2018.",,,,,,,,,,,,,,,,,,,
