Bureau of Justice Statistics,,,,
Filename: slleta18stt16.csv,,,,
"Table 16. Academies that provided ongoing or refresher training to full-time instructors, by methods used to develop instructor training content, 2018",,,,
"Report title: State and Local Law Enforcement Training Academies, 2018 - Statistical Tables  NCJ 255915 ",,,,
"Data source: Bureau of Justice Statistics, Census of Law Enforcement Training Academies, 2018",,,,
"Author: Emily D. Buehler, Ph.D., BJS Statistician",,,,
Refer questions to: askbjs@usdoj.gov 202-307-0765,,,,
Date of version: 07/07/2021,,,,
,,,,
"Table 16. Academies that provided ongoing or refresher training to full-time instructors, by methods used to develop instructor training content, 2018",,,,
Method for developing instructor training content,,Number,Percent,
,Any,479,70.6,%
Job task/needs analysis,,307,64.4,
State/POST commission,,386,80.7,
Subject matter expert,,350,73.3,
Law enforcement advisory board,,248,51.9,
Academy staff input,,448,93.3,
Note: POST stands for Peace Officer Standards and Training. See appendix table 17 for standard errors.,,,,
"Source: Bureau of Justice Statistics, Census of Law Enforcement Training Academies, 2018.",,,,
