Bureau of Justice Statistics,,,,,,,
Filename: slleta18stt07.csv,,,,,,,
"Table 7. Subject areas that academies offered and recruits received during basic training and average length of instruction,�2018",,,,,,,
"Report title: State and Local Law Enforcement Training Academies, 2018 - Statistical Tables  NCJ 255915 ",,,,,,,
"Data source: Bureau of Justice Statistics, Census of Law Enforcement Training Academies, 2018",,,,,,,
"Author: Emily D. Buehler, Ph.D., BJS Statistician",,,,,,,
Refer questions to: askbjs@usdoj.gov 202-307-0765,,,,,,,
Date of version: 07/07/2021,,,,,,,
,,,,,,,
"Table 7. Subject areas that academies offered and recruits received during basic training and average length of instruction,�2018",,,,,,,
Subject area,,Percent of academies,,Percent of recruits,,Average length of instruction*,
Operations,,,,,,,
,Basic first aid/CPR,96.8,%,92.9,%,24, hours
,Computers,62.9,,65.2,,12,
,Emergency vehicle operation,97,,96.8,,40,
,Evidence processing,96.3,,96.8,,16,
,Intelligence gathering,64.8,,66.9,,10,
,Interrogation,95.3,,96.6,,13,
,Investigations,97.2,,97.5,,36,
,Patrol procedures,98,,99,,52,
,Radar/lidar,49.8,,40.8,,18,
,Report writing,99.5,,99.7,,24,
,Traffic accidents,96.6,,97.3,,26,
Weapons/defensive tactics,,,,,,,
,Deescalation/verbal judo,88.3,%,92.3,%,18, hours
,Defensive tactics,99.5,,99.7,,61,
,Firearms skills,99.3,,99.5,,73,
,Nonlethal weapons,92.3,,91.4,,20,
Legal,,,,,,,
,Criminal/constitutional law,99.3,%,99.3,%,51, hours
,Juvenile justice law,97.1,,97.8,,11,
,Traffic law,97.2,,98.6,,26,
Community policing,,,,,,,
,Community building,77,%,79.5,%,11, hours
,Crime mapping,26.3,,23.3,,6,
,Cultural diversity,93.8,,96.8,,14,
,Mediation/conflict management,74.7,,77.9,,13,
,Problem solving,74.9,,79.5,,16,
,Research methods to study crime/disorder,31.4,,36.8,,9,
Self-improvement,,,,,,,
,Basic foreign language,24.5,%,24,%,14, hours
,Communications,89.1,,92.2,,16,
,Ethics and integrity,99.3,,99.6,,12,
,Health and fitness,98,,97,,50,
,Professionalism,87.1,,89.4,,12,
,Stress prevention,87.5,,89.9,,9,
Special topics,,,,,,,
,Active shooter response,90.4,%,91.6,%,14, hours
,Clandestine drug labs,69.6,,67.9,,5,
,Crimes against children,90.4,,95.2,,8,
,Cyber/internet crimes,63.3,,62.3,,4,
,Domestic violence,97.7,,98.8,,15,
,DUI/sobriety,94.1,,95.2,,25,
,Elder abuse,73.4,,78.8,,4,
,Emergency management,80.8,,82.3,,9,
,Gangs,82.1,,89.1,,5,
,Hate/bias crimes,82.2,,86.9,,5,
,Human trafficking,75.9,,73.1,,5,
,Mental illness,96.9,,98.1,,16,
,Opioids,81.5,,84.7,,5,
,Sexual assault,93.5,,97,,7,
,Sexual harassment,77.2,,80,,4,
,Terrorism,86.3,,88.5,,6,
,Victim response,87.5,,88.1,,6,
Note: Percentage of recruits is based on recruits who started basic training. See appendix table 8 for standard errors.,,,,,,,
*Includes academies that reported offering the subject area.,,,,,,,
"Source: Bureau of Justice Statistics, Census of Law Enforcement Training Academies, 2018.",,,,,,,
