Bureau of Justice Statistics,,,,,,,,,,,,
Filename: slleta18stat06.csv,,,,,,,,,,,,
"Appendix table 6. Standard errors for table 5: Characteristics of training academies, recruits, and training provided, by region, 2018",,,,,,,,,,,,
"Report title: State and Local Law Enforcement Training Academies, 2018 - Statistical Tables  NCJ 255915 ",,,,,,,,,,,,
"Data source: Bureau of Justice Statistics, Census of Law Enforcement Training Academies, 2018",,,,,,,,,,,,
"Author: Emily D. Buehler, Ph.D., BJS Statistician",,,,,,,,,,,,
Refer questions to: askbjs@usdoj.gov 202-307-0765,,,,,,,,,,,,
Date of version: 07/07/2021,,,,,,,,,,,,
,,,,,,,,,,,,
"Appendix table 6. Standard errors for table 5: Characteristics of training academies, recruits, and training provided, by region, 2018",,,,,,,,,,,,
,,,Nationwide,,Northeast,,Midwest,,South,,West,
All academies,,,0,,3,,3,,4,,3,
,Law enforcement-operated,,0,%,1.64,%,1.06,%,0.66,%,1.37,%
,College-/technical school-operated,,0,,1.64,,1.06,,0.66,,1.37,
,Total,,937,,735,,294,,541,,525,
Recruits trained at academies,,,,,,,,,,,,
,Law enforcement-operated,,0.7,%,1.35,%,1.61,%,1.01,%,2.27,%
,College-/technical school-operated,,0.7,,1.35,,1.61,,1.01,,2.27,
Number of recruits who started basic training,,,,,,,,,,,,
,Male,,725,,584,,239,,440,,383,
,Female ,,249,,154,,59,,117,,177,
Percent of recruits who started basic training ,,,,,,,,,,,,
,Male,,0.21,%,0.39,%,0.24,%,0.19,%,0.83,%
,Female ,,0.21,,0.39,,0.24,,0.19,,0.83,
Percent of recruits who did not complete basic training,,,,,,,,,,,,
,Total,,0.22,%,0.36,%,0.38,%,0.33,%,0.51,%
,,Male,0.19,,0.39,,0.37,,0.27,,0.42,
,,Female ,0.47,,0.41,,0.55,,0.68,,1.26,
Average length of training ,,,,,,,,,,,,
,Basic ,,3.1, hours,6.1, hours,6.7, hours,4.7, hours,8.5, hours
,Field,,15,,20.5,,42.6,,22.9,,15.3,
"Source: Bureau of Justice Statistics, Census of Law Enforcement Training Academies, 2018.",,,,,,,,,,,,
