Bureau of Justice Statistics,,,,,,,,
Filename: slleta18stat03.csv,,,,,,,,
"Appendix table 3. Standard errors for table 2: Completion status of basic training recruits, by sex, 2018",,,,,,,,
"Report title: State and Local Law Enforcement Training Academies, 2018 - Statistical Tables  NCJ 255915 ",,,,,,,,
"Data source: Bureau of Justice Statistics, Census of Law Enforcement Training Academies, 2018",,,,,,,,
"Author: Emily D. Buehler, Ph.D., BJS Statistician",,,,,,,,
Refer questions to: askbjs@usdoj.gov 202-307-0765,,,,,,,,
Date of version: 07/07/2021,,,,,,,,
,,,,,,,,
"Appendix table 3. Standard errors for table 2: Completion status of basic training recruits, by sex, 2018",,,,,,,,
Outcome and reason for noncompletion,,,All recruits ,,Male,,Female,
,Total,,~,,~,,~,
Completed basic training,,,0.22,%,0.19,%,0.47,%
Did not complete basic training ,,,0.22,%,0.19,%,0.47,%
,Voluntary withdrawal,,0.1,,0.11,,0.12,
,Involuntary noncompletion,,0.12,,0.11,,0.25,
,,Injury/illness,0.03,,0.03,,0.06,
,,"Failure to qualify, firearms",0.03,,0.02,,0.1,
,,"Failure to qualify, driving",0.02,,0.01,,0.03,
,,"Failure to qualify, other",0.03,,0.03,,0.04,
,,Inability to meet physical standards,0.05,,0.04,,0.09,
,,Academic,0.05,,0.05,,0.08,
,,Disciplinary,0.02,,0.02,,0.03,
,,Withdrawn by sponsoring agency,0.01,,0.02,,0.02,
,Other reason,,0.03,,0.02,,0.04,
,Unknown/information unavailable,,0.16,,0.11,,0.39,
~Not applicable. ,,,,,,,,
"Source: Bureau of Justice Statistics, Census of Law Enforcement Training Academies, 2018.",,,,,,,,
