"Bureau of Justice Statistics",,,,,,,,,,,,,,,,,,
"filename:  cv9762.csv",,,,,,,,,,,,,,,,,,
"Table 62: Percent distribution of incidents, by type of crime,",,,,,,,,,,,,,,,,,,
"type of offender and place of occurrence",,,,,,,,,,,,,,,,,,
"data source: National Criminal Victimization Survey, 1997   NCJ 174446",,,,,,,,,,,,,,,,,,
"produced by:  Cathy Maston ",,,,,,,,,,,,,,,,,,
"authors:  Patsy Klaus and Cathy Maston",,,,,,,,,,,,,,,,,,
"refer questions to:  askbjs@ojp.usdoj.gov     202-307-0765",,,,,,,,,,,,,,,,,,
"date of version: 07/15/00",,,,,,,,,,,,,,,,,,
,,,,,,,,,,,,,,,,,,
,,,,,,,,,,,,,,,,,,
"Table 62. Personal robbery and assault",,,,,,,,,,,,,,,,,,
"by armed or unarmed offenders, 1997:",,,,,,,,,,,,,,,,,,
,,,,,,,,,,,,,,,,,,
"Percent distribution of incidents, by type of crime,",,,,,,,,,,,,,,,,,,
"type of offender and place of occurrence",,,,,,,,,,,,,,,,,,
,,,,,,,,,,,,,,,,,,
,,,,,,,,,,"Percent of incidents",,,,,,,,
,,,,,,,,,,,,,"At, in, or near",,,,,
,,,,,,,,,,,"  On the ",,"a friend's",,"Inside a",,,
,,,,,,,"At or in",,,,"  street",,"relative's or",,"restaurant,",,"Other",
"Type of crime",,,"  Number of",,,,"respondent's",,"  Near",,"  near",,"neighbor's",,"bar, or",,"commercial",
"and offender",,,"  incidents",,"  Total",,"home",,"  home",,"  home",,"home",,"nightclub",,"building",
,,,,,,,,,,,,,,,,,,
,,,,,,,,,,,,,,,,,,
"Robbery",,,,,,,,,,,,,,,,,,
,"By armed offenders",,415990,,100,"%",10.5,"%",4.5,"%*",4.7,"%*",2.6,"%*",3.0,"%*",4.2,"%*"
,"By unarmed offenders",,342010,,100,"%",25.3,,4.5,"*",3.3,"*",8.0,"*",1.1,"*",3.8,"*"
,,,,,,,,,,,,,,,,,,
"Assault",,,,,,,,,,,,,,,,,,
,"By armed offenders",,1571690,,100,"%",14.7,,12.3,,3.6,,9.7,,4.7,,6.2,
,"By unarmed offenders",,4671640,,100,"%",15.0,,9.9,,3.3,,8.2,,6.2,,9.2,
,,,,,,,,,,,,,,,,,,
,,,,,,,,,,,,,,,,,,
,,,,,,,,,,,,,,,,,,
,,,,,,,,,,,,,,,,,,
,,,,,,,"Percent of incidents",,,,,,,,,,,
,,,,,"Inside",,"In",,,,"On public",,,,,,,
,,,,,"school",,"apartment",,"On street",,"trans-",,,,,,,
"       ",,,"      Parking",,"building/on",,"yard, park,",,"other ",,"portation",,,,,,,
"Type of crime",,,"      lot or",,"school",,"field, or",,"than near",,"or inside",,,,,,,
"and offender",,,"      garage",,"property",,"playground",,"own home",,"station",,"   Other",,,,,
,,,,,,,,,,,,,,,,,,
,,,,,,,,,,,,,,,,,,
"Robbery",,,,,,,,,,,,,,,,,,
,"By armed offenders",,14.1,"%",4.2,"%*",1.7,"%*",39.8,"%",3.5,"%*",7.2,"%",,,,
,"By unarmed offenders",,11.1,,10.0,,0.0,"*",21.2,,2.8,"*",8.9,,,,,
,,,,,,,,,,,,,,,,,,
"Assault",,,,,,,,,,,,,,,,,,
,"By armed offenders",,7.3,,5.6,,2.9,,23.9,,1.0,"*",8.0,,,,,
,"By unarmed offenders",,5.7,,17.8,,2.9,,13.0,,0.8,,8.0,,,,,
,,,,,,,,,,,,,,,,,,
,,,,,,,,,,,,,,,,,,
"Note: Detail may not add to total shown because of rounding.",,,,,,,,,,,,,,,,,,
"Excludes incidents in which the presence of a weapon was not ascertained.",,,,,,,,,,,,,,,,,,
"* Estimate is based on about 10 or fewer sample cases.",,,,,,,,,,,,,,,,,,
