"Bureau of Justice Statistics",,,,,,,,,,,,,,,,,,,,,,,
"filename:  cv9769.csv",,,,,,,,,,,,,,,,,,,,,,,
"Table 69: Percent of victimizations in which victims took self-protective",,,,,,,,,,,,,,,,,,,,,,,
"measures, by characteristics of victims and type of crime",,,,,,,,,,,,,,,,,,,,,,,
"data source: National Criminal Victimization Survey, 1997   NCJ 174446",,,,,,,,,,,,,,,,,,,,,,,
"produced by:  Cathy Maston ",,,,,,,,,,,,,,,,,,,,,,,
"authors:  Patsy Klaus and Cathy Maston",,,,,,,,,,,,,,,,,,,,,,,
"refer questions to:  askbjs@ojp.usdoj.gov     202-307-0765",,,,,,,,,,,,,,,,,,,,,,,
"date of version: 07/15/00",,,,,,,,,,,,,,,,,,,,,,,
,,,,,,,,,,,,,,,,,,,,,,,
,,,,,,,,,,,,,,,,,,,,,,,
"Table 69. Personal crimes of violence, 1997:",,,,,,,,,,,,,,,,,,,,,,,
,,,,,,,,,,,,,,,,,,,,,,,
"Percent of victimizations in which victims took self-protective",,,,,,,,,,,,,,,,,,,,,,,
"measures, by characteristics of victims and type of crime",,,,,,,,,,,,,,,,,,,,,,,
"       ",,,,,,,,,,,,,,,,,,,,,,,
,,,,,,,,,,,"Percent of all victimizations",,,,,,,,,,,,
,,,"Crimes",,"Completed",,"Attempted/",,"Rape/",,,,"Robbery",,,,,,,"Assault",,,
,,,"of",,"violence",,"threatened",,"Sexual",,,," With",,"Without",,,,,"Aggra-",,,
"Characteristic",,,"violence",,,,"violence",,"assault/a",," Total",," injury",,"injury",,," Total",,"vated",,"Simple",
,,,,,,,,,,,,,,,,,,,,,,,
,,,,,,,,,,,,,,,,,,,,,,,
"Gender",,,,,,,,,,,,,,,,,,,,,,,
,"Male",,70.5,"%",69.1,"%",71.1,"%",64.3,"%*",61.6,"%",67.6,"%",58.5,"%",,72.0,"%",76.0,"%",70.4,"%"
,"Female",,73.0,,75.9,,71.6,,81.1,,67.5,,80.2,,61.4,,,72.8,,73.5,,72.7,
,,,,,,,,,,,,,,,,,,,,,,,
"Race",,,,,,,,,,,,,,,,,,,,,,,
,"White",,72.5,,73.5,,72.1,,76.2,,65.7,,70.8,,63.0,,,73.1,,77.6,,71.7,
,"Black",,67.3,,65.1,,68.5,,93.6,,50.0,,66.4,,43.9,,,69.4,,66.4,,70.7,
,,,,,,,,,,,,,,,,,,,,,,,
"Age",,,,,,,,,,,,,,,,,,,,,,,
,"12-19",,70.0,,72.4,,68.8,,85.1,,55.6,,58.4,,54.5,,,70.9,,74.4,,69.8,
,"20-34",,73.9,,75.3,,73.2,,75.9,,70.1,,81.8,,64.1,,,74.2,,76.4,,73.5,
,"35-49",,73.6,,73.8,,73.5,,75.8,,70.8,,80.0,,65.9,,,73.9,,79.1,,72.0,
,"50-64",,64.2,,51.4,,67.8," ",100.0,"*",51.0,,54.5,"*",48.6,"*",,65.8,,53.2,,69.6,
,"65 and over",,54.3,,36.5,"*",63.0,,30.3,"*",38.4,"*",48.3,"*",33.9,"*",,59.7,,61.8,"*",59.2,
,,,,,,,,,,,,,,,,,,,,,,,
,,,,,,,,,,,,,,,,,,,,,,,
"Note: Detail may not add to total shown because of rounding.",,,,,,,,,,,,,,,,,,,,,,,
"* Estimate is based on about 10 or fewer sample cases.",,,,,,,,,,,,,,,,,,,,,,,
"a/Includes verbal threats of rape and threats of sexual assault.",,,,,,,,,,,,,,,,,,,,,,,
