"Bureau of Justice Statistics",,,,,,,,
"filename:  cv9779.csv",,,,,,,,
"Table 79: Percent of victimizations in which victims",,,,,,,,
"received hospital care, by selected ",,,,,,,,
"characteristics of victims and type of crime",,,,,,,,
"data source: National Criminal Victimization Survey, 1997   NCJ 174446",,,,,,,,
"produced by:  Cathy Maston ",,,,,,,,
"authors:  Patsy Klaus and Cathy Maston",,,,,,,,
"refer questions to:  askbjs@ojp.usdoj.gov     202-307-0765",,,,,,,,
"date of version: 07/15/00",,,,,,,,
,,,,,,,,
,,,,,,,,
"Table 79. Personal crimes of violence, 1997:",,,,,,,,
,,,,,,,,
"Percent of victimizations in which victims ",,,,,,,,
"received hospital care, by selected ",,,,,,,,
"characteristics of victims and type of crime",,,,,,,,
,,,,,,,,
,,,,,,"Percent of victimizations",,
,,,"Crimes of",,,,,
"Characteristic",,,"violence/a",,"Robbery",,"Assault",
"Gender",,,,,,,,
"                                                                                      ","Both gender",,5.0,"%",7.9,"%",4.5,"%"
,"Male",,5.7,,9.4,,5.0,
,"Female",,4.0,,4.6,"*",3.9,
,,,,,,,,
"Age",,,,,,,,
,"12-19",,5.3,,4.7,"*",5.3,
,"20-34",,4.9,,8.9,,4.3,
,"35-49",,4.5,,5.3,"*",4.4,
,"50-64",,5.6,,21.3,"*",2.5,"*"
,"65 and over",,5.5,"*",14.3,"*",3.6,"*"
,,,,,,,,
"Race/b",,,,,,,,
,"White",,4.6,,8.6,,4.1,
,"Black",,6.7,,4.9,"*",7.0,
,,,,,,,,
"Victim-offender relationship",,,,,,,,
,"Strangers",,5.4,,8.4,,4.7,
,"Nonstrangers",,4.6,,6.6,"*",4.4,
,,,,,,,,
"* Estimate is based on about 10 or fewer sample cases.",,,,,,,,
"a/Includes data on rape and sexual assault, not shown separately.",,,,,,,,
"b/Excludes data on persons of ""Other"" races.",,,,,,,,
