"Bureau of Justice Statistics",,,,,,,,,,,,,,,,,,,
"filename:  cv9773.csv",,,,,,,,,,,,,,,,,,,
"Table 73: Percent distribution of victimizations in which",,,,,,,,,,,,,,,,,,,
"self-protective measures taken by the victim were helpful",,,,,,,,,,,,,,,,,,,
"data source: National Criminal Victimization Survey, 1997   NCJ 174446",,,,,,,,,,,,,,,,,,,
"produced by:  Cathy Maston ",,,,,,,,,,,,,,,,,,,
"authors:  Patsy Klaus and Cathy Maston",,,,,,,,,,,,,,,,,,,
"refer questions to:  askbjs@ojp.usdoj.gov     202-307-0765",,,,,,,,,,,,,,,,,,,
"date of version: 07/15/00",,,,,,,,,,,,,,,,,,,
,,,,,,,,,,,,,,,,,,,
,,,,,,,,,,,,,,,,,,,
"Table 73. Personal crimes of violence, 1997:",,,,,,,,,,,,,,,,,,,
,,,,,,,,,,,,,,,,,,,
"Percent distribution of victimizations in which",,,,,,,,,,,,,,,,,,,
"self-protective measures taken by the victim were helpful",,,,,,,,,,,,,,,,,,,
"       ",,,,,,,,,,,,,,,,,,,
,,,,,,,,,,,"Percent of victimizations",,,,,,,,
,,,,,,"Avoided",,,,,,,,,,,,,
"       ",,,,,,"injury",,,,,,,,"Protected",,,,,
"                                                                                                          ",,"Number of",,,,"or greater",,"Scared",,,,"Protected",,"other",,"In other",,"Not",
"Type of crime",,"victimizations",," Total",,"injury",,"offender off",,"Escaped",,"property",,"people",,"ways",,"available",
,,,,,,,,,,,,,,,,,,,
,,,,,,,,,,,,,,,,,,,
"Crimes of violence",,5937680,,100,"%",45.6,"%",16.3,"%",14.9,"%",4.5,"%",6.3,"%",12.3,"%",0.1,"%*"
,,,,,,,,,,,,,," ",,,,,
"   Rape/Sexual assault/a",,244400,,100,,28.4,,25.2,,28.4,,1.8,"*",1.8,"*",14.5,,0.0,"*"
"   Robbery",,550810,,100,,41.5,,17.0,,13.5,,15.2,,2.2,"*",10.2,,0.5,"*"
"   Assault",,5142460,,100,,46.8,,15.8,,14.4,,3.5,,7.0,,12.4,,0.1,"*"
"      Aggravated",,1505160,,100,,49.5,,14.9,,15.9,,5.0,,5.7,,9.1,,0.0,"*"
"      Simple",,3637300,,100,,45.7,,16.2,,13.8,,2.8,,7.5,,13.8,,0.1,"*"
,,,,,,,,,,,,,,,,,,,
,,,,,,,,,,,,,,,,,,,
"Note: Detail may not add to total shown because of rounding.",,,,,,,,,,,,,,,,,,,
"Excludes victimizations in which no self-protective actions were taken.",,,,,,,,,,,,,,,,,,,
"* Estimate is based on about 10 or fewer sample cases.",,,,,,,,,,,,,,,,,,,
"a/Includes verbal threats of rape and threats of sexual assault.",,,,,,,,,,,,,,,,,,,
