"Bureau of Justice Statistics",,,,,,,,,,,,,,,,,,
"filename:  cv9772.csv",,,,,,,,,,,,,,,,,,
"Table 72: Percent of victimizations in which self-protective measures were employed,",,,,,,,,,,,,,,,,,,
"by person taking the measure, outcome of action and type of crime",,,,,,,,,,,,,,,,,,
"data source: National Criminal Victimization Survey, 1997   NCJ 174446",,,,,,,,,,,,,,,,,,
"produced by:  Cathy Maston ",,,,,,,,,,,,,,,,,,
"authors:  Patsy Klaus and Cathy Maston",,,,,,,,,,,,,,,,,,
"refer questions to:  askbjs@ojp.usdoj.gov     202-307-0765",,,,,,,,,,,,,,,,,,
"date of version: 07/15/00",,,,,,,,,,,,,,,,,,
,,,,,,,,,,,,,,,,,,
,,,,,,,,,,,,,,,,,,
"Table 72. Personal crimes of violence, 1997:",,,,,,,,,,,,,,,,,,
,,,,,,,,,,,,,,,,,,
"Percent of victimizations in which self-protective measures were employed,",,,,,,,,,,,,,,,,,,
"by person taking the measure, outcome of action and type of crime",,,,,,,,,,,,,,,,,,
,"                                                                                                    ",,,,,,,,,,,,,,,,,
,,,,,,,,,,,,"   Percent of victimizations",,,,,,
,,,,,,,,,,,"Both ",,"Neither",,,,,
,,,,,,,,,,,"helped",,"helped",,,,,
"Person taking action",,,"Number of",,,,"Helped",,"Hurt",,"and hurt",,"nor hurt",,"  Don't",,"Not",
"and type of crime",,,"victimizations",," Total",,"situation",,"situation",,"situation",,"situation",,"  know",,"available",
,,,,,,,,,,,,,,,,,,
,,,,,,,,,,,,,,,,,,
"Measure taken by victim",,,,,,,,,,,,,,,,,,
,"Crimes of violence",,6168800,,100,"%",65.6,"%",8.2,"%",7.7,"%",11.9,"%",6.3,"%",0.3,"%*"
,"   Rape/Sexual assault/a",,247070,,100,"%",61.8,,10.0,"*",8.9,"*",10.6,"*",7.8,"*",0.9,"*"
,"   Robbery",,598510,,100,"%",60.1,,10.0,,11.4,,13.2,,4.8,,0.4,"*"
,"   Assault",,5323210,,100,"%",66.4,,7.9,,7.3,,11.8,,6.4,,0.2,"*"
,"      Aggravated",,1412880,,100,"%",69.6,,5.7,,7.8,,11.4,,5.6,,0.0,"*"
,"      Simple",,3910340,,100,"%",65.3,,8.7,,7.1,,12.0,,6.7,,0.3,"*"
,"       ",,,,,,,,,,,,,,,,,
"Measure taken by others",,,,,,,,,,,,,,,,,,
,"Crimes of violence",,5781340,,100,"%",34.5,"%",10.7,"%",2.4,"%",42.7,"%",8.3,"%",1.3,"%"
,"   Rape/Sexual assault/a",,103650,,100,"%",29.4,,19.4,"*",4.4,"*",36.4,,10.5,"*",0.0,"*"
,"   Robbery",,494640,,100,"%",28.7,,8.6,,3.6,"*",45.2,,9.4,,4.5,"*"
,"   Assault",,5183040,,100,"%",35.1,,10.8,,2.2,,42.6,,8.2,,1.1,
,"      Aggravated",,1338040,,100,"%",34.0,,11.3,,1.8,"*",40.4,,11.1,,1.4,"*"
,"      Simple",,3845000,,100,"%",35.5,,10.6,,2.4,,43.4,,7.2,,0.9,
,,,,,,,,,,,,,,,,,,
,,,,,,,,,,,,,,,,,,
"Note: Detail may not add to total shown because of rounding.",,,,,,,,,,,,,,,,,,
"Excludes victimizations in which no self-protective actions were taken.  Of those victimizations in which a self-protective measure",,,,,,,,,,,,,,,,,,
"or measures was/were employed, the victim and/or someone else may have taken the action.  Therefore, the above categories are",,,,,,,,,,,,,,,,,,
"not mutually exclusive.",,,,,,,,,,,,,,,,,,
"* Estimate is based on about 10 or fewer sample cases.",,,,,,,,,,,,,,,,,,
"a/Includes verbal threats of rape and threats of sexual assault.",,,,,,,,,,,,,,,,,,
