"Bureau of Justice Statistics",,,,,
"filename:  cv0224.csv",,,,,
"Table 24. Victimization rates by type of crime and number of persons in household",,,,,
"data source: National Criminal Victimization Survey, 2002   NCJ  200561",,,,,
"produced by:  Cathy Maston ",,,,,
"authors:  Patsy Klaus and Cathy Maston",,,,,
"refer questions to:  askbjs@ojp.usdoj.gov     202-307-0765",,,,,
"date of version: 08/31/03",,,,,
,,,,,
"Table 24. Property crimes, 2002: Victimization rates by type of crime and number of persons in household",,,,,
,,,,,
"                                                                                           ","                             Rate per 1,000 households",,,,
"Type of crime","One","Two-three","Four-five","Six or more",
,,,,,
"Property crimes",101.4,148.1,242.8,316.5,
"                                                                                           ",,,,,
"  Household burglary",24.4,26.0,35.1,39.2,
"    Completed",21.2,21.8,29.2,37.8,
"      Forcible entry",9.8,8.1,10.7,12.5,
"      Unlawful entry without force",11.4,13.6,18.5,25.3,
"    Attempted forcible entry",3.2,4.2,5.8,1.4,"*"
"  Motor vehicle theft",6.6,7.9,13.2,21.4,
"    Completed",4.9,6.4,10.6,15.8,
"    Attempted",1.6,1.5,2.6,5.6,"*"
"  Theft",70.4,114.2,194.6,255.9,
"    Completed",68.1,110.2,187.7,252.1,
"       Less than $50",21.7,36.3,59.2,74.1,
"       $50 - $249",20.8,36.1,69.6,99.2,
"       $250 or more",19.0,27.5,44.6,63.7,
"       Amount not available",6.6,10.3,14.3,15.1,
"     Attempted",2.3,4.0,6.9,3.9,"*"
,,,,,
"Total number of households",29501480,56235110,21175220,3412030,
,,,,,
"Note: Detail may not add to total shown because of rounding.  Excludes data on households where the number of persons was not ascertained.",,,,,
"*Estimate is based on about 10 or fewer sample cases.",,,,,
