"Bureau of Justice Statistics",,,,,,,,,
"filename:  cv0222.csv",,,,,,,,,
"Table 22.  Victimization rates by race of head of household, annual family income and type of theft",,,,,,,,,
"data source: National Criminal Victimization Survey, 2002   NCJ  200561",,,,,,,,,
"produced by:  Cathy Maston ",,,,,,,,,
"authors:  Patsy Klaus and Cathy Maston",,,,,,,,,
"refer questions to:  askbjs@ojp.usdoj.gov     202-307-0765",,,,,,,,,
"date of version: 08/31/03",,,,,,,,,
,,,,,,,,,
"Table 22. Theft, 2002: Victimization rates by race of head of household, annual family income and type of theft",,,,,,,,,
"       ",,,,,,,,,
"                                                                                                                                         ",,"                                                Rate per 1,000 households",,,,,,,
,,,"                                Completed theft",,,,,,
"Race and income","Total households","Theft/a","Less than $50",,"$50-$249","$250 or more",,"Attempted",
,,,,,,,,,
"White",,,,,,,,,
"Less than $7,500",3522390,148.0,39.9,,59.3,36.3,,3.2,"*"
"$7,500-$14,999",7131780,130.3,40.0,,47.4,28.9,,2.0,"*"
"$15,000-$24,999",9840010,120.9,40.1,,42.7,28.2,,2.9,"*"
"$25,000-$34,999",9606940,124.4,44.0,,41.1,26.4,,4.2,
"$35,000-$49,999",12361430,140.2,46.0,,44.6,34.8,,4.2,
"$50,000-$74,999",12646420,126.8,42.4,,39.2,26.6,,5.6,
"$75,000 or more",15806500,142.0,45.7,,43.2,36.3,,5.9,
,,,,,,,,,
"Black",,,,,,,,,
"Less than $7,500",1374880,102.6,23.6,,45.4,26.6,,2.9,"*"
"$7,500-$14,999",1598150,113.5,28.3,,41.7,29.1,,5.3,"*"
"$15,000-$24,999",1981360,160.0,48.8,,54.7,37.5,,3.0,"*"
"$25,000-$34,999",1636620,109.1,21.3,,42.3,27.5,,7.4,"*"
"$35,000-$49,999",1551910,118.4,36.8,,41.3,29.0,,1.7,"*"
"$50,000-$74,999",1098500,114.8,14.2,"*",54.8,25.2,"*",4.4,"*"
"$75,000 or more",880330,186.9,40.4,,70.3,40.7,,11.0,"*"
,,,,,,,,,
"Note: Detail may not add to total shown because of rounding.  Excludes data on families whose income level was not ascertained and data on persons of ""Other"" races.",,,,,,,,,
"*Estimate is based on about 10 or fewer sample cases.",,,,,,,,,
"a/Includes data, not shown separately, on thefts for which the value of loss was not ascertained.",,,,,,,,,
