"Bureau of Justice Statistics",,,,,,,,
"filename:  cv0221.csv",,,,,,,,
"Table 21. Victimization rates by race of head of household, annual family income and type of household burglary",,,,,,,,
"data source: National Criminal Victimization Survey, 2002   NCJ  200561",,,,,,,,
"produced by:  Cathy Maston ",,,,,,,,
"authors:  Patsy Klaus and Cathy Maston",,,,,,,,
"refer questions to:  askbjs@ojp.usdoj.gov     202-307-0765",,,,,,,,
"date of version: 08/31/03",,,,,,,,
,,,,,,,,
"Table 21. Household burglary, 2002: Victimization rates by race of head of household, annual family income and type of household burglary",,,,,,,,
"       ",,,,,,,,
"                                                                                          ",,"                                   Rate per 1,000 households",,,,,,
,,,"  Completed household burglary",,,,,
"Race and income","Total households","All household burglaries","Forcible entry",,"Unlawful entry without force",,"Attempted forcible entry",
"White",,,,,,,,
"Less than $7,500",3522390,44.9,12.9,,22.7,,9.3,
"$7,500-$14,999",7131780,31.0,11.0,,16.0,,4.0,"*"
"$15,000-$24,999",9840010,28.7,10.8,,12.2,,5.7,
"$25,000-$34,999",9606940,26.5,7.7,,16.3,,2.5,"*"
"$35,000-$49,999",12361430,25.7,8.0,,14.0,,3.7,
"$50,000-$74,999",12646420,23.9,5.8,,14.9,,3.2,
"$75,000 or more",15806500,21.7,4.5,,14.9,,2.4,
,,,,,,,,
"Black",,,,,,,,
"Less than $7,500",1374880,75.6,27.6,,25.6,,22.4,
"$7,500-$14,999",1598150,37.4,16.8,"*",13.9,"*",6.7,"*"
"$15,000-$24,999",1981360,57.9,18.5,,20.5,,18.9,
"$25,000-$34,999",1636620,40.2,20.8,,8.0,"*",11.4,"*"
"$35,000-$49,999",1551910,38.5,14.6,"*",14.3,"*",9.6,"*"
"$50,000-$74,999",1098500,32.8,16.3,"*",16.5,"*","0.0","*"
"$75,000 or more",880330,18.0,7.8,"*",5.5,"*",4.7,"*"
,,,,,,,,
"Note: Detail may not add to total shown because of rounding.  Excludes data on families whose income level was not ascertained and data on persons of ""Other"" races.",,,,,,,,
"*Estimate is based on about 10 or fewer sample cases.",,,,,,,,
