"Bureau of Justice Statistics",,,,,,,,
"filename:  cv0211.csv",,,,,,,,
"Table 11. Victimization rates for persons age 12 and over, by type of crime and marital status of victims",,,,,,,,
"data source: National Criminal Victimization Survey, 2002   NCJ 200561",,,,,,,,
"produced by:  Cathy Maston ",,,,,,,,
"authors:  Patsy Klaus and Cathy Maston",,,,,,,,
"refer questions to:  askbjs@ojp.usdoj.gov     202-307-0765",,,,,,,,
"date of version: 08/31/03",,,,,,,,
,,,,,,,,
"Table 11. Personal crimes, 2002: Victimization rates for persons age 12 and over, by type of crime and marital status of victims",,,,,,,,
"                                                                                                       ",,,,,,,,
,"                           Rate per 1,000 persons age 12 and over",,,,,,,
"Type of crime"," Never married",,"           Married",,"         Widowed",,"Divorced or separated",
,,,,,,,,
"All personal crimes",44.4,,10.9,,7.7,,31.8,
,,,,,,,,
"Crimes of violence",43.3,,10.6,,7.1,,30.7,
"   Completed violence",14.5,,2.7,,2.5,,12.2,
"   Attempted/threatened violence",28.8,,7.8,,4.6,,18.5,
"   Rape/Sexual assault",2.6,,0.2,"*",0.3,"*",1.1,"*"
"      Rape/Attempted rape",1.9,,0.1,"*",0.2,"*",0.8,"*"
"         Rape",1.1,,"0.0","*","0.0","*",0.3,"*"
"         Attempted rape/a",0.7,,0.1,"*",0.2,"*",0.5,"*"
"      Sexual assault/b",0.7,,0.1,"*",0.1,"*",0.3,"*"
"   Robbery",3.7,,0.9,,2.0,"*",4.0,
"      Completed/property taken",2.8,,0.6,,1.6,"*",3.3,
"         With injury",1.3,,0.2,"*",0.8,"*",1.7,
"         Without injury",1.5,,0.5,,0.9,"*",1.5,
"      Attempted to take property",0.9,,0.3,,0.3,"*",0.8,"*"
"         With injury",0.3,"*",0.1,"*",0.2,"*",0.4,"*"
"         Without injury",0.7,,0.2,"*",0.1,"*",0.4,"*"
"   Assault",37.0,,9.5,,4.8,,25.6,
"      Aggravated",7.3,,2.2,,2.2,"*",5.9,
"         With injury",2.4,,0.6,,0.4,"*",2.4,
"         Threatened with weapon",4.9,,1.7,,1.8,"*",3.5,
"      Simple",29.7,,7.2,,2.7,,19.7,
"         With minor injury",7.7,,1.4,,0.4,"*",6.2,
"         Without injury",22.0,,5.8,,2.3,,13.5,
"  Purse snatching/Pocket picking",1.1,,0.3,,0.6,"*",1.1,"*"
"                                                                                          ",,,,,,,,
"Population age 12 and over",74029810,,117296790,,13699370,,24768200,
,,,,,,,,
"Note: Detail may not add to total shown because of rounding.  Excludes data on persons whose marital status was not ascertained.",,,,,,,,
"*Estimate is based on about 10 or fewer sample cases.",,,,,,,,
"a/Includes verbal threats of rape.",,,,,,,,
"b/Includes threats.",,,,,,,,
