Bureau of Justice Statistics,,
filename: rpochrrf02.csv,,
"figure 2:  Types of final case dispositions that offices of chief prosecutors provide to State criminal history repositories, 2003",,
"report title:  Reporting by Prosecutors' Offices to Repositories of Criminal History Records, NCJ 205334",,
data source:  Special survey conducted for BJS by the American Prosecutors Research Institute ,,
author: Peter Brien,,
refer questions to: askbjs@usdoj.gov   202-307-0765,,
"date of version: June 13, 2005",,


"Figure 2:  Types of final case dispositions that offices of chief prosecutors provide to State criminal history repositories, 2003",,

Felony convictions,81,%
Declinations to prosecute,80,
Dismissals of charges,76,
Felony acquittals,74,
Guilty pleas,72
Misdemeanor convictions,55
Misdemeanor acquittals,52
Indictments,52

Note:  Based on responses from 59 offices.,
