"Bureau of Justice Statistics",,,,,,,,,,,,,,
"filename:  NCRP9309.csv",,,,,,,,,,,,,,
"data source:  National Corrections Reporting Program, 1993",,,,,,,,,,,,,,
"produced by:  Todd Minton",,,,,,,,,,,,,,
"author:  Doris James Wilson (202) 616-3625 email:  wilsond@ojp.usdoj.gov",,,,,,,,,,,,,,
"date of version:  02/19/99",,,,,,,,,,,,,,
,,,,,,,,,,,,,,
"NCRP9309 -  First releases from State prison, 1993:  Sentence length,",,,,,,,,,,,,,,
"time served, and percent of sentence served in prison, by offense",,,,,,,,,,,,,,
,,,,,,,,,,,,,,
,,,,,,,,,,,,,"Percent of maximum",
"Most serious","Percent ",,"Maximum sentence length\1",,,,,"Time served in prison",,,,,"sentence served",
"offense","of releases",,"Median\2",,"  Mean\3",,,"Median",," Mean",,,"in prison",
,,,,,,,,,,,,,,
"         All offenses",100.0,"%",48,"mos.",66,"mos.",,12,"mos.",21,"mos.",,31.8,"%"
,,,,,,,,,,,,,,
"Violent offenses",24.4,"%",60,"mos.",90,"mos.",,23,"mos.",36,"mos.",,40.0,"%"
"   Homicide",2.5,,120,,143,,,43,,60,,,42.0,
"      Murder/nonnegligent manslaughter",1.3,,180,,190,,,67,,82,,,43.2,
"         Murder",1.0,,240,,222,,,81,,93,,,41.9,
"        Nonnegligent manslaughter",0.3,,120,,115,,,44,,49,,,42.6,
"      Negligent manslaughter",1.1,,72,,97,,,26,,36,,,37.1,
"      Unspecified homicide",0.0,"*",120,,111,,,36,,58,,,52.3,
"   Kidnaping",0.4,,60,,95,,,28,,42,,,44.2,
"   Rape",1.6,,96,,117,,,44,,57,,,48.7,
"   Other sexual assault",3.4,,60,,80,,,25,,33,,,41.3,
"   Robbery",8.6,,66,,101,,,25,,38,,,37.6,
"   Assault",7.2,,48,,61,,,15,,23,,,37.7,
"   Other violent",0.7,,48,,55,,,15,,21,,,38.2,
,,,,,,,,,,,,,,
"Property offenses",34.4,"%",48,"mos.",61,"mos.",,11,"mos.",17,"mos.",,27.9,"%"
"   Burglary",14.4,,48,,74,,,13,,21,,,28.4,
"   Larceny/theft",9.2,,36,,50,,,9,,14,,,28.0,
"   Motor vehicle theft",2.9,,36,,49,,,11,,14,,,28.6,
"   Arson",0.6,,60,,85,,,16,,25,,,29.4,
"   Fraud",4.2,,36,,54,,,9,,14,,,25.9,
"   Stolen property",2.1,,48,,53,,,9,,14,,,26.4,
"   Other property",0.9,,36,,47,,,8,,14,,,29.8,
,,,,,,,,,,,,,,
"Drug offenses",30.4,"%",48,"mos.",61,"mos.",,12,"mos.",16,"mos.",,26.2,"%"
"   Possession",6.4,,48,,61,,,9,,14,,,23.0,
"   Trafficking",19.0,,48,,65,,,13,,17,,,26.2,
"   Other/unspecified drug",5.1,,36,,48,,,10,,14,,,29.2,
,,,,,,,,,,,,,,
"Public-order offenses",9.7,"%",24,"mos.",39,"mos.",,8,"mos.",13,"mos.",,33.3,"%"
"   Weapons",2.1,,36,,42,,,10,,14,,,33.3,
"   Driving while intoxicated",3.0,,24,,32,,,7,,10,,,31.3,
"   Other public-order",4.5,,30,,42,,,9,,15,,,35.7,
,,,,,,,,,,,,,,
"Other offenses",1.1,"%",24,"mos.",43,"mos.",,10,"mos.",15,"mos.",,34.9,"%"
,,,,,,,,,,,,,,
"         Number of releases",222526," ",,," ",,," ",," ",,,,
" ",,,,,,,,,,,,,,
,,,,,,,,,,,,,,
"Note:  Data are based on all first releases with",,,,"1\Sentence length refers to the maximum",,,,,,,,,,
"a total sentence of more than a year for whom ",,,,"sentence that an offender may be required",,,,,,,,,,
"the most serious offense, sentence length, and",,,,"to serve for the most serious offense.",,,,,,,,,,
"time served in prison were reported.  All data",,,,"2\Includes sentences of life without parole,",,,,,,,,,,
"exclude persons released from prison by",,,,"life plus additional years, life, and death.",,,,,,,,,,
"escape, death, transfer, appeal, or detainer.",,,,"3\Excludes sentences of life without parole,",,,,,,,,,,
"u*Less than 0.05%. ",,,,"life plus additional years, life, and death.",,,,,,,,,,
