"Bureau of Justice Statistics",,,
"Filename:  pspa9706.csv",,,
"Table 6.  Selected characteristics of persons under age 18 admitted",,,
"to State prison, 1985-97",,,
"Report title: Profile of State Prisoners under Age 18, 1985-97, NCJ 176989",,,
"Data sources:  National Corrections Reporting Program (NCRP)",,,
"Author:  Kevin Strom",,,
"Refer questions to: askbjs@ojp.usdoj.gov (202) 307-0765",,,
"Date of version:  2/24/00",,,
,,,
"Table 6.  Selected characteristics of persons under age 18 admitted",,,
"to State prison, 1985-97",,,
,,,
,"New court commitments to State prison",,
,"for persons under age 18",,
"Characteristics",1985,1990,1997
,,,
"Gender",,,
"   Male",97%,98%,97%
"   Female",3%,2%,3%
,,,
"Race/Hispanic origin ",,,
"   White",32%,21%,25%
"   Black",53%,61%,58%
"   Hispanic",14%,15%,15%
"   Other",1%,1%,2%
,," "," "
"Age at admission",,,
"    14 & under",0%,0%,1%
"    15",2%,3%,4%
"    16",18%,17%,21%
"    17",80%,80%,74%
,,,
"Education",,,
"   8th grade or less",32%,28%,28%
"   9th-11th grade",63%,68%,66%
"   High school graduate",4%,3%,5%
"   Some college",0%,0%,0%
"   Other",1%,1%,1%
"Note:  Detail may not add to total because of rounding.  Includes only those",,,
"with a sentence of more than 1 year.  High school graduate includes GED.  ",,,
"*Excludes Hispanics",,,
