"Bureau of Justice Statistics",,,,,,,,,,
"Filename:  pspa9710.csv",,,,,,,,,,
"Table 10.  Time served and percent of sentence served among persons admitted",,,,,,,,,,
"under age 18 and released from State prison in 1985, 1990, and 1997",,,,,,,,,,
"Report title: Profile of State Prisoners under Age 18, 1985-97, NCJ 176989",,,,,,,,,,
"Data sources:  National Corrections Reporting Program (NCRP)",,,,,,,,,,
"Author:  Kevin Strom",,,,,,,,,,
"Refer questions to: askbjs@ojp.usdoj.gov (202) 307-0765",,,,,,,,,,
"Date of version:  2/24/00",,,,,,,,,,
,,,,,,,,,,
"Table 10.  Time served and percent of sentence served among persons admitted",,,,,,,,,,
"under age 18 and released from State prison in 1985, 1990, and 1997",,,,,,,,,,
,,,,,,,,,,
,"Among persons admitted under age 18 and released ",,,,,,,,,
" ","Mean total time served/a",,,,,,,"Percent of sentence served/b",,
"Most serious offense",1985,,1990,,1997,,,1985,1990,1997
,,,,,,,,,,
"               All offenses",37,"mo",35,"mo",37,"mo",,46%,45%,50%
" ",,," ",," ",,,," "," "
"Violent offenses",44,"mo",55,"mo",46,"mo",,46%,51%,53%
"     Murder/nonnegligent manslaugher",69,,115,,106,,,35%,47%,53%
"     Negligent manslaugher",60,,59,,53,,,55%,62%,53%
"     Rape",63,,83,,80,,,51%,66%,56%
"     Other sexual assault",49,,38,,49,,,49%,32%,59%
"     Robbery",40,,47,,42,,,46%,49%,52%
"     Assault",39,,37,,41,,,53%,53%,58%
"     Other violent"," -",," -",,24,,," -"," -",47%
" "," ",," ",," ",,," "," "," "
"Property offenses",26,"mo",35,"mo",33,"mo",,41%,40%,50%
"     Burglary",28,,30,,33,,,42%,40%,47%
"     Larceny/theft",21,,15,,39,,,36%,31%,57%
"     Motor vehicle theft",26,,25,,29,,,55%,50%,60%
"     Other property",12,,21,,21,,,48%,50%,47%
" "," ",," ",," ",,," "," "," "
"Drug offenses",26,"mo",16,"mo",22,"mo",,50%,30%,37%
"     Possession"," -",,14,,26,,," -",29%,42%
"     Trafficking",16,,17,,21,,,29%,28%,34%
"     Other unspecified drug"," -",,14,,20,,," -",30%,42%
," ",," ",," ",,," "," "," "
"Public-order offenses",26,"mo",23,"mo",27,"mo",,46%,51%,51%
"     Weapons",30,,25,,27,,,63%,52%,51%
"     Other public-order",26,,18,,26,,,43%,45%,47%
"Note:  Includes only offenders with a sentence of more than a year released for the first ",,,,,,,,,,
"time on the current sentence.  Excludes prisoners released by excape, death, transfer,",,,,,,,,,,
"appeal or detainer.  Detail may not add to total because of rounding.  ",,,,,,,,,,
"a/ Total time served in prison includes average time served in prison and average time",,,,,,,,,,
"spent in jail credited towards current sentence.  ",,,,,,,,,,
"b/ Based on the mean total time served and mean total maximum sentence length by offense.  ",,,,,,,,,,
" --Fewer than 10 cases  ",,,,,,,,,,
