"Bureau of Justice Statistics",,,,,,
"Filename:  pspa9705.csv",,,,,,
"Table 5.  Number of males under age 18 admitted to State prison, by race",,,,,,
"and most serious offense, 1985-97",,,,,,
"Report title: Profile of State Prisoners under Age 18, 1985-97, NCJ 176989",,,,,,
"Data sources:  National Corrections Reporting Program (NCRP)",,,,,,
"Author:  Kevin Strom",,,,,,
"Refer questions to: askbjs@ojp.usdoj.gov (202) 307-0765",,,,,,
"Date of version:  2/24/00",,,,,,
,,,,,,
"Table 5.  Number of males under age 18 admitted to State prison, by race",,,,,,
"and most serious offense, 1985-97",,,,,,
,,,,,,
,"1985",,"1990",,"1997",
"Most serious offense","White","Black","White","Black","White","Black"
"     Total",1300,1900,1500,3300,2600,4300
,,,,,,
"Violent offenses",440,1180,470,1650,1400,2730
"     Murder",80,120,70,250,170,260
"     Sexual assault",80,160,60,110,160,140
"     Robbery",160,710,130,810,580,1640
"     Aggravated assault",90,140,140,400,390,540
" "," "," "," "," ",,
"Property offenses",770,600,890,780,940,670
"     Burglary",510,390,540,350,610,360
"     Larceny/theft",110,120,120,150,130,100
"     Motor vehicle theft",50,60,120,180,70,100
,,,,,,
"Drug offenses",20,30,50,720,120,640
" ",,,,,,
"Public-order offenses",50,80,60,130,120,230
"Note:  All data are estimated.  Data are not disaggregated by Hispanic origin.  Includes",,,,,,
"only those with a sentence of more than 1 year.  Other offense types not shown in detail.  ",,,,,,
"See Methodology for calculation of national total by race estimated from NCRP.  ",,,,,,
