"Bureau of Justice Statistics",,,,,,,,,,,,,
"Filename:  pspa97g2.csv",,,,,,,,,,,,,
"Figure 2.  Estimated age of release for persons under age 18 admitted to State prison",,,,,,,,,,,,,
"Report title: Profile of State Prisoners under Age 18, 1985-97, NCJ 176989",,,,,,,,,,,,,
"Data sources:  National Corrections Reporting Program (NCRP)",,,,,,,,,,,,,
"Author:  Kevin Strom",,,,,,,,,,,,,
"Refer questions to: askbjs@ojp.usdoj.gov (202) 307-0765",,,,,,,,,,,,,
"Date of version:  2/24/00",,,,,,,,,,,,,
,,,,,,,,,,,,,
"Estimated age of release for persons under age 18 admitted to State prison",,,,,,,,,,,,,
"    - Percent released based on minimum time to be served",,,,,,,,,,,,,
,,,,,,,,,,,,,
"Under 18","Age 18","Age 19 ","Age 20","Age 21","Age 22","Age 23","Age 24","Age 25","Age 26","Age 27","Age 28",," "
7.9%,38.3%,55.7%,68.1%,77.8%,83.0%,86.9%,88.6%,90.3%,91.4%,93.0%,93.3%,,
" "," "," "," "," "," "," "," "," "," "," "," ",,
"Note:  The expected age at release was estimated by adding age at admission to minimum time to be served.  These calculations",,,,,,,,,,,,,
"are estimates of the earliest possible release age and are not actual age of release from prison.  ",,,,,,,,,,,,,
,,,,,,,,,,,,,
,,,,,,,,,,,,,
,,,,,,,,,,,,,
,,,,,,,,,,,,,
,,,,,,,,,,,,,
,,,,,,,,,,,,,
,,,,,,,,,,,,,
,,,,,,,,,,,,,
,,,,,,,,,,,,,
,,,,,,,,,,,,,
,,,,,,,,,,,,,
,,,,,,,,,,,,,
,,,,,,,,,,,,,
,,,,,,,,,,,,,
,,,,,,,,,,,,,
,,,,,,,,,,,,,
,,,,,,,,,,,,,
,,,,,,,,,,,,,
" ",,,,,,,,,,,,,
