"Bureau of Justice Statistics",,,,,,,,,,
"Filename:  pspa9703.csv",,,,,,,,,,
"Table 3.  Felony convictions and admissions to State prison relative to the number of arrests for persons under age 18, 1996",,,,,,,,,,
"Report title: Profile of State Prisoners under Age 18, 1985-97, NCJ 176989",,,,,,,,,,
"Data sources:  Uniform Crime Reports (UCR); National Judicial Reporting Program (NJRP); National Corrections Reporting Program (NCRP)",,,,,,,,,,
"Author:  Kevin Strom",,,,,,,,,,
"Refer questions to: askbjs@ojp.usdoj.gov (202) 307-0765",,,,,,,,,,
"Date of version:  2/24/00",,,,,,,,,,
,,,,,,,,,,
"Table 3.  Felony convictions and admissions to State prison relative to the number of arrests for persons under age 18, 1996",,,,,,,,,,
" ",,,,,,,,,,
,,,,,,"National Corrections Reporting Program ",,,,
,,,"National Judicial Reporting Program (NJRP)",,,,,"Number of ",,
,"Uniform Crime Reports (UCR)",,"Number of","Number of felony",,"Number of",,"admissions to State",,
" ","Number of persons",,"felony","convictions per",,"admissions to ",,"prisons per 1,000",,
"Most serious offense ","arrested ages 13-17",,"convictions","1,000 arrests",,"State prison",,"felony convictions",,
,,,,,,,,,,
"Violent offenses  (a)",138460,,9161,66,,4180,,456,,
"     Murder  (b)",2820,,998,354,,500,,501,,
"     Sexual assault  (c)",18970,,793,42,,310,,391,,
"     Robbery",47340,,4375,92,,2280,,521," "," "
"     Aggravated assault",69340,,2995,43,,1090,,364,,
,,,," ",,,,,,
"Property offenses  (d)",622720,,8750,14,,1420,,162,,
"     Burglary",119040,,5256,44,,1030,,196,,
"     Larceny/theft",433390,,2877,7,,240,,83,,
"     Motor vehicle theft",70290,,617,9,,150,,243,,
,,,," ",,,," ",,
"Drug offenses  (e)",207120,,6019,29,,860,,143,,
,,,," ",,,,,,
"Note:  All data are estimated.  See Methodology for estimation of arrests (UCR), felony conviction in State court (NJRP), and State",,,,,,,,,,
"prison admissions (NCRP) by offense.  NJRP estimates a total of 29,000 State felony convictions of persons under age 18 at time of arrest.  ",,,,,,,,,,
"a/ Includes only murder, sexual assault, robbery, and aggravated assault ",,,,,,,,,,
"b/ Includes nonnegligent manslaughter",,,,,,,,,,
"c/ Includes forcible rape and other sexual assault",,,,,,,,,,
"d/ Includes only burglary, larceny/theft, and motor vehicle theft ",,,,,,,,,,
