"Bureau of Justice Statistics",,,,,,,,,,,,,
"Filename:  pspa97g1.csv",,,,,,,,,,,,,
"Figure 1.  New court commitments admitted to State prison, 1985-97",,,,,,,,,,,,,
"Report title: Profile of State Prisoners under Age 18, 1985-97, NCJ 176989",,,,,,,,,,,,,
"Data sources:  National Corrections Reporting Program (NCRP)",,,,,,,,,,,,,
"Author:  Kevin Strom",,,,,,,,,,,,,
"Refer questions to: askbjs@ojp.usdoj.gov (202) 307-0765",,,,,,,,,,,,,
"Date of version:  2/24/00",,,,,,,,,,,,,
,,,,,,,,,,,,,
"Figure 1.  New court commitments admitted to State prison, 1985-97",,,,,,,,,,,,,
,,,,,,,,,,,,,
,1985,1986,1987,1988,1989,1990,1991,1992,1993,1994,1995,1996,1997
,,,,,,,,,,,,,
"Persons of all ages",183100,203300,225600,245300,297800,323000,317200,334300,318000,322200,337500,326500,334500
,,,,,,,,,,,,,
"Persons under age 18  ",3400,3100,3200,3600,4500,5100,5200,6100,6300,6700,7600,7500,7400
