"Bureau of Justice Statistics",,,
"Filename: iscs071.csv",,,
"Table 7.1. Percentage of students in grades 9 through 12 who reported having their property stolen or deliberately damaged on school property during the last 12 months, by selected student characteristics: 1993, 1995, and 1997",,,
"Title of Report: Indicators of School Crime & Safety, 2000, NCJ 184176",,,
"Data source:  Youth Risk Behavior Survey, 1993, 1995, and 1997",,,
"Author: BJS/NCES",,,
"Contact: Mike Planty",,,
"Refer questions to:   (202) 307-0765 or askbjs@ojp.usdoj.gov",,,
"Date version:  10/26/00",,,
"Published table found below.",,,
,,,
"Table 7.1. Percentage of students in grades 9 through 12 who reported having their property stolen or deliberately damaged on school property during the last 12 months, by selected student characteristics: 1993, 1995, and 1997",,,
,,,
"Student characteristics",1993,"1995*","1997*"
,,,
"    Total",32.7,34.9,32.9
,,,
"Gender",,,
"  Male",37.0,41.4,36.1
"  Female",28.1,27.9,29.0
,,,
"Race/ethnicity",,,
"  White, non-Hispanic",32.0,34.9,32.6
"  Black, non-Hispanic",35.5,33.6,34.0
"  Hispanic",32.2,34.0,32.1
"  Asian/Pacific Islander",32.9,35.0,27.2
"  Other, non-Hispanic",35.9,39.0,35.5
,,,
"Grade",,,
"  9th",37.2,39.0,36.9
"  10th",32.8,36.2,35.4
"  11th",32.3,35.2,32.3
"  12th",28.9,29.5,27.9
,,,
"*The response rate for this survey was less than 70 percent and a full nonresponse bias analysis has not been done to date.",,,
"NOTE: ""On school property"" was not defined for survey respondents.",,,
"SOURCE: U.S. Department of Health and Human Services, Public Health Service, Centers for Disease Control and Prevention, National Center for Health Statistics, National Health Interview",,,
"Survey-Youth Risk Behavior Survey, 1993, 1995, and 1997.",,,
