"Bureau of Justice Statistics",,,
"Filename: iscs0122.csv",,,
"Table 12.2. Percentage of students in grades 9 through 12 who reported carrying a weapon at any time at least 1 day in the past 30 days, by selected student characteristics: 1993, 1995, and 1997",,,
"Title of Report: Indicators of School Crime & Safety, 2000, NCJ 184176",,,
"Data source:  Youth Risk Behavior Survey, 1993, 1995, and 1997",,,
"Author: BJS/NCES",,,
"Contact: Mike Planty",,,
"Refer questions to:   (202) 307-0765 or askbjs@ojp.usdoj.gov",,,
"Date version:  10/26/00",,,
"Published table found below.",,,
,,,
"Table 12.2. Percentage of students in grades 9 through 12 who reported carrying a weapon at any time at least 1 day in the past 30 days, by selected student characteristics: 1993, 1995, and 1997",,,
,,,
"Student characteristics",1993,"1995*","1997*"
,,,
"    Total",22.1,20.0,18.3
,,,
"Gender",,,
"  Male",34.3,31.1,27.7
"  Female",9.2,8.3,7.0
,,,
"Race/ethnicity",,,
"  White, non-Hispanic",20.6,18.9,17.0
"  Black, non-Hispanic",28.5,21.8,21.7
"  Hispanic",24.4,24.7,23.3
"  Asian/Pacific Islander",11.0,14.6,9.2
"  Other, non-Hispanic",29.8,24.8,19.2
,,,
"Grade",,,
"  9th",25.5,22.6,22.6
"  10th",21.4,21.1,17.4
"  11th",21.5,20.3,18.2
"  12th",19.9,16.1,15.4
"  Ungraded or other",40.3,95.2,16.7
,,,
"*The response rate for this survey was less than 70 percent and a full nonresponse bias analysis has not been done to date.",,,
"NOTE: ""On school property"" was not defined for survey respondents.",,,
"SOURCE: U.S. Department of Health and Human Services, Public Health Service, Centers for Disease Control and Prevention, National Center for Health Statistics, National Health Interview",,,
"Survey-Youth Risk Behavior Survey, 1993, 1995, and 1997.",,,
