"Bureau of Justice Statistics",,,,,,,,,
"Filename: iscs0101.csv",,,,,,,,,
"Table 10.1. Number of nonfatal crimes against teachers and average annual number of crimes per 1,000 teachers at school, by type of crime and selected teacher characteristics: Aggregated from 1994 to 1998",,,,,,,,,
"Title of Report: Indicators of School Crime & Safety, 2000, NCJ 184176",,,,,,,,,
"Data source:  National Crime Victimization Survey",,,,,,,,,
"Author: BJS/NCES",,,,,,,,,
"Contact: Mike Planty",,,,,,,,,
"Refer questions to:   (202) 307-0765 or askbjs@ojp.usdoj.gov",,,,,,,,,
"Date version:  10/26/00",,,,,,,,,
"Published table found below.",,,,,,,,,
,,,,,,,,,
"Table 10.1. Number of nonfatal crimes against teachers and average annual number of crimes per 1,000 teachers at school, by type of crime and selected teacher characteristics: Aggregated from 1994 to 1998",,,,,,,,,
,,,,,,,,,
,"Total crimes from 1994 to 1998",,,,,"Average annual number of crimes per 1,000 teachers",,,
,,,,"Serious",,,,,"Serious"
"Teacher characteristics","Total","Theft","Violent","violent",,"Total","Theft","Violent","violent"
,,,,,,,,,
"    Total"," 1,755,300     "," 1,086,900     "," 668,400     "," 79,800       ",,83.0,51.0,31.0,4.0
,,,,,,,,,
"Instructional level",,,,,,,,,
"  Elementary"," 630,800     "," 434,000     "," 196,800     "," 51,800       ",,56.0,39.0,18.0,5.0
"  Middle/junior high"," 531,700     "," 281,400     "," 250,300     "," 15,400       ",,127.0,67.0,60.0,4.0
"  Senior high"," 592,900     "," 371,500     "," 221,300     "," 12,600       ",,101.0,63.0,38.0,2.0
,,,,,,,,,
"Gender",,,,,,,,,
"  Male"," 514,400     "," 238,100     "," 276,300     "," 29,700       ",,98.0,45.0,53.0,6.0
"  Female"," 1,241,000     "," 848,900     "," 392,100     "," 50,100       ",,78.0,53.0,25.0,3.0
,,,,,,,,,
"Race/ethnicity",,,,,,,,,
"  White, non-Hispanic"," 1,488,900     "," 913,500     "," 575,400     "," 67,000       ",,85.0,52.0,33.0,4.0
"  Black, non-Hispanic"," 130,100     "," 82,100     "," 48,000     "," 10,500       ",,65.0,41.0,24.0,5.0
"  Hispanic"," 104,800     "," 66,400     "," 38,400     ","*",,91.0,58.0,33.0,"*"
"  Other, non-Hispanic","16,200/1 "," 11,800/1 "," 4,400/1 "," 2,300/1  ",,"50/1","37/1","13/1","7/1"
,,,,,,,,,
"Urbanicity/2",,,,,,,,,
"  Urban"," 999,300     "," 612,200     "," 387,100     "," 48,300       ",,103.0,63.0,40.0,5.0
"  Suburban"," 469,600     "," 308,700     "," 160,900     "," 21,800       ",,71.0,46.0,24.0,3.0
"  Rural"," 213,700     "," 120,700     "," 93,000     "," 9,800       ",,55.0,31.0,24.0,3.0
,,,,,,,,,
"*No cases were reported in this cell, although the crime defined by the cell could have happened to some teachers with these characteristics if a different sample had been drawn.",,,,,,,,,
"1The estimate was based on fewer than 10 cases.",,,,,,,,,
"2Teachers teaching in more than one school in different locales are not included.",,,,,,,,,
"NOTE: Serious violent crimes include rape, sexual assault, robbery, and aggravated assault. Violent crimes include serious violent crimes and simple assault. Total crimes include violent crimes and",,,,,,,,,
"theft. ""At school"" includes inside the school building, on school property, at work site, or while working. For thefts, ""while working"" was not considered since thefts of teachers property kept at school",,,,,,,,,
"can occur when teachers are not present. The data were aggregated from 1994 to 1998 due to the small number of teachers in each years sample. On average, there were about 4.2 million teachers",,,,,,,,,
"per year over the 5-year period for a total population size of 21,230,185 teachers. The average annual number of full-time-equivalent teachers is approximately 2.9 million. The population reported",,,,,,,,,
"here includes part-time teachers as well as other instructional and support staff. Because of rounding or missing data, detail may not add to totals. Total crime numbers are rounded to the nearest 100.",,,,,,,,,
,,,,,,,,,
"SOURCE: U.S. Department of Justice, Bureau of Justice Statistics, National Crime Victimization Survey, 1994 to 1998.",,,,,,,,,
