"Bureau of Justice Statistics",,,
"Filename: iscs041.csv",,,
"Table 4.1. Percentage of students in grades 9 through 12 who reported being threatened or injured with a weapon on school property during the last 12 months, by selected student characteristics: 1993, 1995, and 1997.",,,
"Title of Report: Indicators of School Crime & Safety, 2000, NCJ 184176",,,
"Data source:  Youth Risk Behavior Survey, 1993, 1995, and 1997",,,
"Author: BJS/NCES",,,
"Contact: Mike Planty",,,
"Refer questions to:   (202) 307-0765 or askbjs@ojp.usdoj.gov",,,
"Date version:  10/26/00",,,
"Published table found below.",,,
,,,
"Table 4.1. Percentage of students in grades 9 through 12 who reported being threatened or injured with a weapon on school property during the last 12 months, by selected student characteristics: 1993, 1995, and 1997.",,,
,,,
"Student characteristics",1993,"1995*","1997*"
,,,
"    Total",7.3,8.4,7.4
,,,
"Gender",,,
"  Male",9.2,10.9,10.2
"  Female",5.4,5.8,4.0
,,,
"Race/ethnicity",,,
"  White, non-Hispanic",6.3,7.0,6.2
"  Black, non-Hispanic",11.2,11.0,9.9
"  Hispanic",8.6,12.4,9.0
"  Asian/Pacific Islander",5.0,11.4,5.3
"  Other, non-Hispanic",10.2,9.5,9.9
,,,
"Grade",,,
"  9th",9.4,9.6,10.1
"  10th",7.3,9.6,7.9
"  11th",7.3,7.7,5.9
"  12th",5.5,6.7,5.8
,,,
"*The response rate for this survey was less than 70 percent and a full nonresponse bias analysis has not been done to date.",,,
"NOTE: ""On school property"" was not defined for survey respondents.",,,
"SOURCE: U.S. Department of Health and Human Services, Public Health Service, Centers for Disease Control and Prevention, National Center for Health Statistics, National Health Interview",,,
"Survey-Youth Risk Behavior Survey, 1993, 1995, and 1997.",,,
