Bureau of Justice Statistics,,
Filename: jagp21t05.csv,,
"Table 5. Prison Rape Elimination Act bonus fund allocations for U.S. territories and the District of Columbia, fiscal year 2021",,
"Report title: Justice Assistance Grant (JAG) Program, 2021  NCJ 304372",,
"Data source: Bureau of Justice Statistics calculations based on data from Justice Assistance Grant awards, fiscal year 2021",,
"Author: Alexia D. Cooper, Ph.D., BJS Statistician",,
Refer questions to: askbjs@ojp.usdoj.gov (202) 307-0765,,
Date of version: 6/7/2022,,
,,
"Table 5. Prison Rape Elimination Act bonus fund allocations for U.S. territories and the District of Columbia, fiscal year 2021",,
,,Bonus award amount
,Total,"$4,893 "
Guam ,,689
Puerto Rico ,,"2,551"
District of Columbia ,,"1,652"
Note: Details may not sum to totals due to rounding. All awards were rounded down to the nearest dollar to ensure the total did not exceed the available bonus funds.,,
"Source: Bureau of Justice Statistics calculations based on data from Justice Assistance Grant awards, fiscal year 2021.",,
