Bureau of Justice Statistics,,,,,,,
filename:  cp0310.csv,,,,,,,
"Table #: 10  Executions and other dispositions of inmates sentenced to death, by race and Hispanic origin, 1977-2003",,,,,,,
"report title: Capital Punishment, 2003   NCJ 206627",,,,,,,
data source: National Prisoner Statistics (NPS-8),,,,,,,
author:  Thomas P. Bonczar and Tracy L. Snell,,,,,,,
refer questions to: askbjs@usdoj.gov (202) 307-0765,,,,,,,
date of version: 11/14/04,,,,,,,

"Table 10.  Executions and other dispositions of inmates sentenced to death, by race and Hispanic origin, 1977-2004",,,,,,,
,,Prisoners executed ,,,Prisoners who received other dispositions/a ,,
Race/Hispanic origin/b,Total under sentence of death 1977-2002/b   ,Number  ,Percent  of total,,Number,Percent  of total,
   Total,"7,061",885,12.5,%,"2,802",39.7,%
White/c,"3,451",510,14.8,%,"1,400",40.6,%
Black/c,"2,903",301,10.4,,"1,198",41.3,
Hispanic,597,61,10.2,,167,28,
All other races/d,110,13,11.8,,37,33.6
"a/Includes persons removed from a sentence of death because of statutes struck down on appeal, sentences or convictions vacated, commutations, or death by other than execution. ",,,,,,
"b/Includes 7 persons sentenced to death prior to 1977 who were still under  sentence of death on 12/31/03, 373 persons sentenced to death prior to 1977 whose death sentence was removed between 1977 and 12/31/03, and",,,,,,
"6,681 persons sentenced to death between 1977 and 12/31/03.",,,,,,
c/Excludes Hispanics. ,,,,,,
d/Includes American Indians and Asians.,,,,,,
