Bureau of Justice Statistics,,
filename:  cp03f03.csv,,
"Figure #: 3 Admissions to and releases from a sentence of death, 1977-2003",,
"report title: Capital Punishment, 2003   NCJ 206627",,
data source: National Prisoner Statistics (NPS-8),,
author:  Thomas P. Bonczar and Tracy L. Snell,,
refer questions to: askbjs@usdoj.gov (202) 307-0765,,
date of version: 11/14/04,,

"Figure 3. Admissions to and removals from a sentence of death, 1977-2003",,
year,admissions,releases
1973,44,240
1974,161,55
1975,318,67
1976,249,317
1977,159,156
1978,211,150
1979,172,61
1980,202,101
1981,251,84
1982,285,78
1983,267,123
1984,303,90
1985,295,129
1986,317,109
1987,311,140
1988,318,165
1989,277,149
1990,268,151
1991,282,158
1992,299,172
1993,295,160
1994,327,153
1995,327,169
1996,323,154
1997,281,186
1998,307,172
1999,282,219
2000,234,173
2001,165,190
2002,168,191
2003,144,332
