Bureau of Justice Statistics,,
filename:  cp03t03.csv,,
"Text table #: 3 Number of death sentences imposed on incoming inmates, 1988-2003",,
"report title: Capital Punishment, 2003   NCJ 206627",,
data source: National Prisoner Statistics (NPS-8),,
author:  Thomas P. Bonczar and Tracy L. Snell,,
refer questions to: askbjs@usdoj.gov (202) 307-0765,,
date of version: 11/14/04,,

"Text table 3. Number of death sentences imposed on incoming inmates, 1988-2003",,
Number of death sentences received, Inmates,
     Total,100,%
1,85,
2,10,
3 or more,4,
"Number admitted under sentence of death, 1988-2002",4156,
