Bureau of Justice Statistics,,
filename:  cp03ht02.csv,,
"Highlights table #: 2 Persons under sentence of death, 1993 and 2003",,
"report title: Capital Punishment, 2003   NCJ 206627",,
data source: National Prisoner Statistics (NPS-8),,
author:  Thomas P. Bonczar and Tracy L. Snell,,
refer questions to: askbjs@usdoj.gov (202) 307-0765,,
date of version: 11/14/04,,

"Highlights table 2. Persons under sentence of death, 1993 and 2003",,
,Persons under sentence of death,
,1993,2003
White,"1,585","1,878"
Black,"1,125","1,418"
American Indian,24,29
Asian,16,35
Unknown race,5,14
