Bureau of Justice Statistics,,,,,,,,
filename:  cp0307.csv,,,,,,,,
Table #: 7  Age at time of arrest for capital offense and  age of prisoners under sentence of death at yearend 2003,,,,,,,,
"report title: Capital Punishment, 2003   NCJ 206627",,,,,,,,
data source: National Prisoner Statistics (NPS-8),,,,,,,,
author:  Thomas P. Bonczar and Tracy L. Snell,,,,,,,,
refer questions to: askbjs@usdoj.gov (202) 307-0765,,,,,,,,
date of version: 11/14/04,,,,,,,,

Table 7.  Age at time of arrest for capital offense and  age of prisoners under sentence of death at yearend 2003,,,,,,,,
,Prisoners under sentence of death,,,,,,,
,At time of arrest,,,,"On December 31, 2003",,,
Age,Number*,,Percent,,Number,,Percent,
Total number under sentence of death on 12/31/01,"3,117",,100,%,"3,374",,100,%
17 or younger,67,,2.1,,0,,,
18-19,341,,10.9,,1,,--,
20-24,843,,27,,133,,3.9
25-29,687,,22,,400,,11.9
30-34,512,,16.4,,565,,16.7
35-39,333,,10.7,,582,,17.2
40-44,177,,5.7,,613,,18.2
45-49,97,,3.1,,477,,14.1
50-54,38,,1.2,,297,,8.8
55-59,16,,0.5,,196,,5.8
60-64,3,,0.1,,67,,2
65 or older,3,,0.1,,43,,1.3
Mean age,28,yrs.,,,40,yrs.,
Median age,27,yrs.,,,40,yrs.,
"Note:  The youngest person under sentence of death was a white male in Texas, born in April 1984 and sentenced to death in August 2002. ",,,,,,,
"The oldest person under sentence of death was a white male in Arizona, born in September 1915 and sentenced to death in June 1983.",,,,,,,
--Less than 0.05%.,,,,,,,
*Excludes 257 inmates for whom the date of arrest for capital offense was not available. ,,,,,,,
