Bureau of Justice Statistics,,,,,,,,,,,,,,,
Filename:  cp0304.csv,,,,,,,,,,,,,,,
"Table #: 4  Prisoners under sentence of death, by region, State, and race, 2002 and 2003",,,,,,,,,,,,,,,
"Report title: Capital Punishment, 2003   NCJ 206627",,,,,,,,,,,,,,,
Data source: National Prisoner Statistics (NPS-8),,,,,,,,,,,,,,,
Author:  Thomas P. Bonczar and Tracy L. Snell,,,,,,,,,,,,,,,
Refer questions to: askbjs@usdoj.gov (202) 307-0765,,,,,,,,,,,,,,,
Date of version: 11/14/04,,,,,,,,,,,,,,,

"Table 4.  Prisoners under sentence of death, by region, State, and race, 2002 and 2003",,,,,,,,,,,,,,,
,"Prisoners under sentence of death, 12/31/02",,,Received under sentence of death  ,,,Removed from death row (excluding executions)/a  ,,,Executed   ,,,"Prisoners under sentence of death, 12/31/03",,
Region and State,Total/b,White/c,Black/c,Total/b,White/c,Black/c,Total/b,White/c,Black/c,Total/b,White/c,Black/c,Total/b,White/c,Black/c
U.S. total,"3,562","1,939","1,551",144,92,44,267,109,157,65,44,20,"3,374","1,878","1,418"
Federal/d,23,6,17,2,0,1,1,0,1,1,0,1,23,6,16
State,"3,539","1,933","1,534",142,92,43,266,109,156,64,44,19,"3,351","1,872","1,402"
Northeast,266,97,158,7,4,3,17,7,10,0,0,0,256,94,151
Connecticut,7,4,3,0,0,0,0,0,0,0,0,0,7,4,3
New Hampshire,0,0,0,0,0,0,0,0,0,0,0,0,0,0,0
New Jersey,14,8,6,0,0,0,0,0,0,0,0,0,14,8,6
New York,5,4,1,1,0,1,1,1,0,0,0,0,5,3,2
Pennsylvania,240,81,148,6,4,2,16,6,10,0,0,0,230,79,140
Midwest,486,230,253,14,11,3,178,65,113,7,6,1,315,170,142
Illinois,159,57,102,2,2,0,159,57,102,0,0,0,2,2,0
Indiana,37,26,11,1,1,0,1,0,1,2,2,0,35,25,10
Kansas,5,3,2,1,1,0,0,0,0,0,0,0,6,4,2
Missouri,66,34,32,3,1,2,15,6,9,2,2,0,52,27,25
Nebraska,7,6,1,0,0,0,0,0,0,0,0,0,7,6,1
Ohio,207,99,105,7,6,1,2,1,1,3,2,1,209,102,104
South Dakota,5,5,0,0,0,0,1,1,0,0,0,0,4,4,0
South,"1,892","1,020",848,85,58,24,54,25,29,57,38,18,"1,866","1,015",825
Alabama,191,100,90,6,5,1,2,1,1,3,3,0,192,101,90
Arkansas,42,17,25,0,0,0,1,0,1,1,0,1,40,17,23
Delaware,14,10,4,2,2,0,0,0,0,0,0,0,16,12,4
Florida,366,234,132,11,11,0,10,5,5,3,2,1,364,238,126
Georgia,115,58,56,1,1,0,2,0,2,3,3,0,111,56,54
Kentucky,36,28,8,0,0,0,1,0,1,0,0,0,35,28,7
Louisiana,90,27,62,1,0,1,4,0,4,0,0,0,87,27,59
Maryland,15,5,10,0,0,0,4,1,3,0,0,0,11,4,7
Mississippi,65,29,35,3,2,1,2,0,2,0,0,0,66,31,34
North Carolina,206,80,118,6,2,4,10,4,6,7,3,3,195,75,113
Oklahoma,112,64,42,9,4,3,5,4,1,14,8,6,102,56,38
South Carolina/e,72,38,34,5,3,2,6,3,3,0,0,0,71,38,33
Tennessee,96,57,38,6,4,1,6,6,0,0,0,0,96,55,39
Texas,449,260,184,29,20,9,1,1,0,24,17,7,453,262,186
Virginia,23,13,10,6,4,2,0,0,0,2,2,0,27,15,12
West,895,586,275,36,19,13,17,12,4,0,0,0,914,593,284
Arizona,117,100,12,9,5,2,3,2,1,0,0,0,123,103,13
California,613,369,220,19,6,11,3,2,1,0,0,0,629,373,230
Colorado,5,2,2,1,1,0,3,2,0,0,0,0,3,1,2
Idaho,20,20,0,1,1,0,2,2,0,0,0,0,19,19,0
Montana,6,5,0,0,0,0,1,1,0,0,0,0,5,4,0
Nevada,82,48,33,4,4,0,2,0,2,0,0,0,84,52,31
New Mexico,2,2,0,0,0,0,0,0,0,0,0,0,2,2,0
Oregon,27,25,1,2,2,0,1,1,0,0,0,0,28,26,1
Utah,11,8,2,0,0,0,1,1,0,0,0,0,10,7,2
Washington,10,5,5,0,0,0,0,0,0,0,0,0,10,5,5
Wyoming,2,2,0,0,0,0,1,1,0,0,0,0,1,1,0
"Note:  Some figures shown for yearend 2002 are revised from those reported in Capital Punishment 2002, NCJ 201848.",,,,,,,,,,,,,,,
The revised figures include 15 inmates who were either reported late to the National Prisoner Statistics program or were not in custody of State or Federal correctional authorities on 12/31/02 (3 each in Louisiana and Pennsylvania; ,,,,,,,,,,,,,,,
"2 each in Arkansas and Ohio; and 1 each in Florida, Georgia, Indiana, Oregon, and Tennessee) and  exclude 13 inmates who relieved of a death sentence by 12/31/02 (4 in Pennsylvania; 3 in Arizona; ",,,,,,,,,,,,,,,
"and 1 each in California, Florida, Mississippi, Nevada, Texas and the Federal system).  ",,,,,,,,,,,,,,,
Data for 12/31/02 also include 2 inmates in Georgia and 1 inmate in Louisiana who were erroneously reported as being removed from under sentence of death.,,,,,,,,,,,,,,,
"a/Includes 6 deaths from natural causes (2 each in Tennessee and California; and 1 each in Ohio and Utah); and 4 deaths from suicide (1 each in South Dakota, Georgia, Tennessee, and Montana).",,,,,,,,,,,,,,,
b/Totals include persons of races other than white and black.,,,,,,,,,,,,,,,
c/The reporting of race and Hispanic origin differs from that presented in tables 8 and 10.  In this table white and black inmates include Hispanics.
d/Excludes persons held under Armed Forces jurisdiction with a military death sentence for murder.
e/Race has been changed from black to white for 1 inmate.
