Bureau of Justice Statistics,,,,,,,,,,,,,,,
filename:  cv0454x.csv,,,,,,,,,,,,,,,
"Table 54x. Victimization rates for persons age 12 and over, by locality of residence, race, gender and ethnicity of victims and type of crime (continued)",,,,,,,,,,,,,,,
"data source: National Criminal Victimization Survey, 2004  NCJ 213257",,,,,,,,,,,,,,,
produced by:  Cathy Maston ,,,,,,,,,,,,,,,
authors:  Patsy Klaus and Cathy Maston,,,,,,,,,,,,,,,
refer questions to: askbjs@usdoj.gov  202-307-0765,,,,,,,,,,,,,,,
data of version:  05/01/06,,,,,,,,,,,,,,,

"Table 54x. Personal crimes, 2004:  Victimization rates for persons age 12 and over, by locality of residence, race, gender and ethnicity of victims and type of crime (continued)",,,,,,,,,,,,,,,
,,,,,,,"            Rate per 1,000 persons age 12 and over",,,,,,,,
"Locality of residence, race, gender and ethnicity",Total population,Robbery,,,,,,Assault,,,,,,,
All areas,,Total,,With injury,,Without injury,,Total,,Aggravated,,Simple,,Purse snatching/Pocket picking,
White male only,"97,477,260",2.5,,0.9,,1.6,,22,,5.5,,16.4,,0.8,
White female only,"101,196,560",1.1,,0.5,,0.6,,15,,2.6,,12.4,,0.8,
Black male only,"13,196,540",5.4,,1.4,*,3.9,,24.4,,9.1,,15.3,,1.9,*
Black female only,"15,834,110",2.3,,1,*,1.2,*,17.5,,4.7,,12.8,,1.3,*
Hispanic male,"15,551,930",2.7,,0.9,*,1.9,*,15.3,,3.9,,11.4,,0.2,*
Hispanic female,"15,326,220",2.8,,1.1,*,1.7,*,14.4,,2.4,,12,,1.2,*
Non-Hispanic male,"101,252,530",2.9,,0.9,,2,,23.1,,6.1,,17,,1.1,
Non-Hispanic female,"108,162,770",1.1,,0.5,,0.6,,15.3,,2.9,,12.4,,0.8,
Urban,,,,,,,,,,,,,,,
White male only,"22,740,710",5.2,,1.7,,3.5,,27.3,,7.3,,20,,1.8,
White female only,"23,445,150",2.1,,0.8,*,1.2,*,21.5,,3.5,,18,,1.2,*
Black male only,"6,321,340",7.6,,0.6,*,7.1,,30.2,,11.8,,18.3,,1.8,*
Black female only,"7,946,540",2.3,*,1,*,1.3,*,20.4,,5.3,,15,,1.9,*
Hispanic male,"6,867,960",5.3,,2,*,3.2,*,17.8,,5.3,,12.6,,0.6,*
Hispanic female,"7,022,240",4.1,*,1.6,*,2.5,*,19.3,,2.8,*,16.5,,1.4,*
Non-Hispanic male,"24,554,310",5.8,,1.1,*,4.7,,29.7,,8.4,,21.3,,2.4,
Non-Hispanic female,"26,907,000",1.9,,0.7,*,1.2,,20.6,,3.9,,16.8,,1.5,
Suburban,,,,,,,,,,,,,,,
White male only,"49,533,890",1.7,,0.6,*,1.1,,19.3,,4.4,,14.9,,0.4,*
White female only,"51,793,500",0.8,,0.4,*,0.4,*,11.9,,2,,9.9,,0.7,
Black male only,"4,617,470",2.4,*,0.9,*,1.6,*,21.7,,9.1,,12.6,,2.8,*
Black female only,"5,194,940",2.1,*,1.7,*,0.4,*,18.4,,6,*,12.5,,1.1,*
Hispanic male,"7,134,210",0.9,*,0,*,0.9,*,14.3,,3.4,*,10.9,,0,*
Hispanic female,"6,820,080",1.7,*,0.9,*,0.8,*,9.9,,1.9,*,8,,0,*
Non-Hispanic male,"50,187,350",1.9,,0.7,,1.3,,20.2,,5,,15.2,,0.6,*
Non-Hispanic female,"53,452,930",0.8,,0.5,*,0.4,*,12.7,,2.4,,10.3,,0.7,
Rural,,,,,,,,,,,,,,,
White male only,"25,202,650",1.5,,0.6,*,0.9,*,22.4,,6.1,,16.3,,0.7,*
White female only,"25,957,910",0.9,*,0.5,*,0.4,*,15.2,,3,,12.2,,0.7,*
Black male only,"2,257,730",5,*,5,*,0,*,13.8,*,1.6,*,12.2,*,0,*
Black female only,"2,692,640",2.7,*,0,*,2.7,*,7.5,*,0.7,*,6.8,*,0,*
Hispanic male,"1,549,760",0,*,0,*,0,*,9,*,0,*,9,*,0,*
Hispanic female,"1,483,900",1.7,*,0,*,1.7,*,11.6,*,3.1,*,8.5,*,5.2,*
Non-Hispanic male,"26,510,870",1.8,,1,*,0.9,*,22.3,,6,,16.3,,0.8,*
Non-Hispanic female,"27,802,840",1,*,0.5,*,0.5,*,15.1,,2.7,,12.4,,0.4,*
