Bureau of Justice Statistics,,,,,,
Filename: cp21stt01.csv,,,,,,
"Table 1. Status of the death penalty, December 31, 2021",,,,,,
"Report title: Capital Punishment, 2021 � Statistical Tables   NCJ 305534",,,,,,
"Data source: Bureau of Justice Statistics, National Prisoner Statistics program (NPS-8), 2021",,,,,,
"Author: Tracy L. Snell, BJS Statistician",,,,,,
Refer questions to: askbjs@usdoj.gov 202-307-0765,,,,,,
Date of version: 11/17/2023,,,,,,
,,,,,,
"Table 1. Status of the death penalty, December 31, 2021",,,,,,
Executions in 2021,,,Number of prisoners under sentence of death,,,Jurisdictions with no death penalty (21)
Federal Bureau of Prisons,3,,California,690,,Alaska
Texas,3,,Florida,324,,Colorado
Oklahoma,2,,Texas,198,,Connecticut
Missouri,1,,Alabama,169,,District of Columbia
Alabama,1,,North Carolina,136,,Hawaii
Mississippi,1,,Ohio,132,,Illinois
,,,Arizona,114,,Iowa
,,,Pennsylvania,111,,Maine
,,,Louisiana,62,,Maryland
,,,Nevada,61,,Massachusetts
,,,Tennessee,47,,Michigan
,,,Oklahoma,44,,Minnesota
,,,Federal Bureau of Prisons,42,,New Hampshire
,,,Georgia,38,,New Jersey
,,,Mississippi,36,,New Mexico
,,,South Carolina,34,,North Dakota
,,,Arkansas,28,,Rhode Island
,,,Kentucky,26,,Vermont
,,,Oregon,23,,Virginia
,,,Missouri,19,,West Virginia
,,,Nebraska,12,,Wisconsin
,,,Kansas,9,,
,,,Idaho,8,,
,,,Indiana,8,,
,,,Utah,7,,
,,,Montana,2,,
,,,New Hampshire/a,1,,
,,,South Dakota,1,,
Total,11,,Total/b,"2,382",,
"Note: While the Washington Supreme Court has declared the state�s death penalty statute unconstitutional as applied (State v. Gregory, 192 Wash. 2d 1, 427 P.3d 621 (2018)), no legislative action has been taken to revise or repeal the statute. The state continues to report that the death penalty is authorized. See table 2 for information on statutes.",,,,,,
"a/New Hampshire repealed the death penalty effective May 30, 2019. As of December 31, 2021, one male prisoner remained under a previously imposed sentence of death.",,,,,,
"b/New York, Delaware, Washington, and Wyoming held no inmates under sentence of death on December 31, 2021.",,,,,,
"Source: Bureau of Justice Statistics, National Prisoner Statistics program (NPS-8), 2021.",,,,,,
