Bureau of Justice Statistics,,,,,,
Filename: cp21stt08.csv,,,,,,
"Table 8. Hispanic prisoners under sentence of death, by region and jurisdiction, 2020 and 2021",,,,,,
"Report title: Capital Punishment, 2021 � Statistical Tables   NCJ 305534",,,,,,
"Data source: Bureau of Justice Statistics, National Prisoner Statistics program (NPS-8), 2021",,,,,,
"Author: Tracy L. Snell, BJS Statistician",,,,,,
Refer questions to: askbjs@usdoj.gov 202-307-0765,,,,,,
Date of version: 11/17/2023,,,,,,
,,,,,,
"Table 8. Hispanic prisoners under sentence of death, by region and jurisdiction, 2020 and 2021",,,,,,
Region and jurisdiction,,"Hispanic prisoners under sentence of death, 12/31/20*","Received under sentence of death, 2021","Removed from death row (excluding executions), 2021","Executed, 2021","Hispanic prisoners under sentence of death, 12/31/21"
U.S. total,,345,1,10,0,336
,Federal,7,0,1,0,6
,State,338,1,9,0,330
Northeast,,14,0,1,0,13
,Pennsylvania,14,0,1,0,13
Midwest,,10,0,0,0,10
,Nebraska,6,0,0,0,6
,Ohio,4,0,0,0,4
South,,89,1,2,0,88
,Alabama,1,0,0,0,1
,Florida,23,0,0,0,23
,Georgia,2,0,0,0,2
,Louisiana,2,0,0,0,2
,Mississippi,1,0,0,0,1
,North Carolina,3,0,0,0,3
,Oklahoma,1,1,0,0,2
,South Carolina,1,0,0,0,1
,Tennessee,1,0,1,0,0
,Texas,54,0,1,0,53
West,,225,0,6,0,219
,Arizona,23,0,1,0,22
,California,190,0,4,0,186
,Idaho,1,0,0,0,1
,Nevada,6,0,1,0,5
,Oregon,3,0,0,0,3
,Utah,2,0,0,0,2
Note: Counts of Hispanic prisoners are based on prisoners for whom data were reported.,,,,,,
"*Counts of Hispanic prisoners under sentence of death at yearend 2020 have been revised from those reported in Capital Punishment, 2020 � Statistical Tables (NCJ 302729, BJS, December 2021). The revised counts include one prisoner in Florida and one prisoner in California who were not included in the counts for December 31, 2020.",,,,,,
"Source: Bureau of Justice Statistics, National Prisoner Statistics program (NPS-8), 2021.",,,,,,
