"Bureau of Justice Statistics",,,,,,,,,,,,,,,,,,,,,
"filename: fdluc00t26.csv",,,,,,,,,,,,,,,,,,,,,
"Table 26.  Conviction offense of defendants arrested for a violent offense and subsequently convicted, by most serious arrest charge, 2000",,,,,,,,,,,,,,,,,,,,,
"Report title: Felony Defendants in Large Urban Counties, 2000, NCJ 202021  ",,,,,,,,,,,,,,,,,,,,,
"data source: 2000 State Court Processing Statistics Program",,,,,,,,,,,,,,,,,,,,,
"authors:  Gerard Rainville and Brian A. Reaves, Ph.D. ",,,,,,,,,,,,,,,,,,,,,
"refer questions to: askbjs@ojp.usdoj.gov (202)307-0765",,,,,,,,,,,,,,,,,,,,,
"date of version:  9/24/2003",,,,,,,,,,,,,,,,,,,,,
,,,,,,,,,,,,,,,,,,,,,
"Table 26.  Conviction offense of defendants arrested for a violent offense and subsequently convicted, by most serious arrest charge, 2000",,,,,,,,,,,,,,,,,,,,,
,,,,,,,,,,,,,,,,,,,,,
,,"   Percent of felony defendants in the 75 largest counties convicted of:",,,,,,,,,,,,,,,,,,,
,,,,,,"Violent felony",,,,,,,,,,,,"Nonviolent felony",,"Misdemeanor",
"Most serious  arrest charge","Number of defendants","Total ",,"Total felony",,"Total violent",," Murder",,"   Rape",," Robbery",," Assault",,"  Other",,,,,
,,,,,,,,,,,,,,,,,,,,,
"Murder",168,100,"%",98,"%",98,"%",84,"%",0,"%",0,"%",5,"%",9,"%",0,"%",2,"%"
"Rape",408,100,,82,,79,,0,,56,,0,,6,,17,,3,,18,
"Robbery",1441,100,,87,,71,,0,,0,,66,,4,,1,,16,,13,
"Assault",2908,100,,68,,63,,"--",,0,,"--",,59,,4,,6,,32,
,,,,,,,,,,,,,,,,,,,,,
"Note:  Data on conviction offense were available for 100% of cases involving defendants who had been convicted.  ",,,,,,,,,,,,,,,,,,,,,
"Detail may not add to total because of rounding.     --Less than 0.5%.",,,,,,,,,,,,,,,,,,,,,
