"Bureau of Justice Statistics",,,,,,,,,,,,,
"filename: fdluc00t22.csv",,,,,,,,,,,,,
"Table 22.  Time from arrest to adjudication for felony defendants, by most serious arrest charge, 2000",,,,,,,,,,,,,
"Report title: Felony Defendants in Large Urban Counties, 2000, NCJ 202021  ",,,,,,,,,,,,,
"data source: 2000 State Court Processing Statistics Program",,,,,,,,,,,,,
"authors:  Gerard Rainville and Brian A. Reaves, Ph.D. ",,,,,,,,,,,,,
"refer questions to: askbjs@ojp.usdoj.gov (202)307-0765",,,,,,,,,,,,,
"date of version:  9/24/2003",,,,,,,,,,,,,
,,,,,,,,,,,,,
"Table 22.  Time from arrest to adjudication for felony defendants, by most serious arrest charge, 2000",,,,,,,,,,,,,
,,,,,,,,,,,,,
,"Felony defendants in the 75 largest counties           ",,,,,,,,,,,,
,,,,"Cumulative percent of cases adjudicated within: ",,,,,,,,,
"Most serious arrest charge","Number of defendants","Median time ",,"1 week",,"1 month",,"3 months",,"6 months",,"1 year",
,,,,,,,,,,,,,
"       All offenses",51533,"92 ","days",6,"%",25,"%",50,"%",70,"%",86,"%"
,,,,,,,,,,,,,
"Violent offenses",13222,"128 ","days",3,"%",18,"%",40,"%",61,"%",83,"%"
"   Murder",483,"--",,1,,5,,11,,22,,50,
"   Rape",865,187,,3,,10,,30,,49,,75,
"   Robbery",2860,120,,4,,18,,40,,64,,84,
"   Assault",6437,120,,4,,23,,45,,65,,85,
"   Other violent",2577,115,,3,,17,,42,,63,,85,
,,,,,,,,,,,," ",
"Property offenses",15210,82,"days",6,"%",26,"%",54,"%",74,"%",89,"%"
"   Burglary",3940,75,,5,,30,,57,,78,,93,
"   Larceny/theft",4336,89,,5,,22,,51,,70,,85,
"   Motor vehicle theft",1612,48,,8,,39,,68,,85,,94,
"   Forgery",1707,88,,4,,22,,51,,70,,88,
"   Fraud",1651,98,,9,,21,,48,,68,,82,
"   Other property",1964,105,,7,,21,,46,,68,,88,
,,,,,,,,,,,," ",
"Drug offenses",18497,82,"days",8,"%",29,"%",53,"%",71,"%",86,"%"
"   Trafficking",9070,106,,8,,26,,47,,66,,84,
"   Other drug",9427,64,,7,,32,,58,,74,,89,
,,,,,,,,,,,," ",
"Public-order offenses",4603,92,"days",5,"%",20,"%",49,"%",71,"%",89,"%"
"   Weapons",1380,93,,5,,20,,49,,69,,89,
"   Driving-related ",1590,107,,2,,13,,43,,68,,88,
"   Other public-order",1634,77,,6,,25,,53,,74,,90,
,,,,,,,,,,,,,
"Note:  Data on time from arrest to adjudication were available for 94% of all cases.  The median time from arrest to adjudication includes cases still pending at the end of the study. ",,,,,,,,,,,,,
"Knowing the exact times for these cases would not change the medians reported.",,,,,,,,,,,,,
"--The median time from arrest to adjudication for murder defendants extended beyond the 1-year study period and could not be calculated.",,,,,,,,,,,,,
