"Bureau of Justice Statistics",,,,,,,,,,,,,,,,,,,
"filename: fdluc0006.csv",,,,,,,,,,,,,,,,,,,
"Table 6.  Gender and race/ethnicity of felony defendants, by age at arrest, 2000",,,,,,,,,,,,,,,,,,,
"title: Felony Defendants in Large Urban Counties, 2000, NCJ 202021  ",,,,,,,,,,,,,,,,,,,
"data source: 2000 State Court Processing Statistics Program",,,,,,,,,,,,,,,,,,,
"authors:  Gerard Rainville and Brian A. Reaves, Ph.D. ",,,,,,,,,,,,,,,,,,,
"refer questions to: askbjs@ojp.usdoj.gov (202)307-0765",,,,,,,,,,,,,,,,,,,
"date of version:  9/24/2003",,,,,,,,,,,,,,,,,,,
,,,,,,,,,,,,,,,,,,,
"Table 6.  Gender and race/ethnicity of felony defendants, by age at arrest, 2000",,,,,,,,,,,,,,,,,,,
,,,,,,,,,,,,,,,,,,,
,,"Percent of felony defendants in the 75 largest counties",,,,,,,,"Percent of felony defendants in the 75 largest counties",,,,,,,,,
"Age at arrest","Number of defendants","Total",,"Male",,"Female",,,"Number of defendants","Total",,"Black, non-Hispanic",,"White, non-Hispanic",,"Other, non-Hispanic",,"Hispanic, any race",
,,,,,,,,,,,,,,,,,,,
"     All ages",54334,100,"%",81,"%",19,"%",,53570,100,"%",45,"%",30,"%",2,"%",23,"%"
,,,,,,,,,,,,,,,,,,,
"Under 18",1599,100,"%",91,"%",9,"%",,1574,100,"%",54,"%",20,"%",1,"%",26,"%"
18-20,8153,100,,88,,12,,,8089,100,,48,,25,,2,,24,
21-24,8611,100,,84,,16,,,8486,100,,46,,24,,3,,28,
25-29,8882,100,,78,,22,,,8801,100,,43,,27,,3,,27,
30-34,7920,100,,78,,22,,,7799,100,,44,,33,,2,,21,
35-39,7813,100,,76,,24,,,7696,100,,44,,34,,2,,20,
"40 or older",11356,100,,80,,20,,,11124,100,,46,,35,,3,,17,
,,,,,,,,,,,,,,,,,,,
"Note:  Data on defendant age and gender were available for 99.8% of all cases.",,,,,,,,,,,,,,,,,,,
" Data on defendant age and race/ethnicity were available for 98% of all cases. ",,,,,,,,,,,,,,,,,,,
"Detail may not add to total because of rounding.",,,,,,,,,,,,,,,,,,,
