"Bureau of Justice Statistics",,,,,
"filename: fdluc00fg9.csv",,,,,
"Figure 9.  Most serious prior conviction of felony defendants in the 75 largest counties, 2000",,,,,
"Report title: Felony Defendants in Large Urban Counties, 2000, NCJ 202021  ",,,,,
"data source: 2000 State Court Processing Statistics Program",,,,,
"authors:  Gerard Rainville and Brian A. Reaves, Ph.D. ",,,,,
"refer questions to: askbjs@ojp.usdoj.gov (202)307-0765",,,,,
"date of version:  9/24/2003",,,,,
,,,,,
"Figure 9.  Most serious prior conviction of felony defendants in the 75 largest counties, 2000",,,,,
,,,,,
,,,,,
,"Most serious prior conviction charge",,,,
,,,,,
"Most serious arrest charge","Violent felony",,"Nonviolent felony",,"Misdemeanor"
,,,,,
"Murder",0.08,"Murder",0.27,"Murder",0.13
"Rape",0.1,"Rape",0.16,"Rape",0.21
"Robbery",0.16,"Robbery",0.24,"Robbery",0.12
"Assault",0.13,"Assault",0.2,"Assault",0.21
"Burglary",0.11,"Burglary",0.36,"Burglary",0.18
"Larceny/theft",0.08,"Larceny/theft",0.3,"Larceny/theft",0.17
"Motor vehicle theft",0.1,"Motor vehicle theft",0.38,"Motor vehicle theft",0.15
"Forgery",0.06,"Forgery",0.28,"Forgery",0.17
"Fraud",0.04,"Fraud",0.17,"Fraud",0.14
"Drug trafficking",0.08,"Drug trafficking",0.36,"Drug trafficking",0.17
"Weapons",0.13,"Weapons",0.3,"Weapons",0.14
"Driving-related",0.09,"Driving-related",0.34,"Driving-related",0.33
