"Bureau of Justice Statistics",,
"filename: fdluc00fg20.csv",,
"Figure 20.  Probability of being convicted and sentenced to incarceration for felony defendants in the 75 largest counties,2000",,
"Report title: Felony Defendants in Large Urban Counties, 2000, NCJ 202021  ",,
"data source: 2000 State Court Processing Statistics Program",,
"authors:  Gerard Rainville and Brian A. Reaves, Ph.D. ",,
"refer questions to: askbjs@ojp.usdoj.gov (202)307-0765",,
"date of version:  9/24/2003",,
,,
"Figure 20.  Probability of being convicted and sentenced to incarceration for felony defendants in the 75 largest counties,2000",,
,,
,,
,,
,,
,"Probability of being convicted and sentenced to:",
"Most serious conviction charge","Prison","Jail"
,,
"Murder",0.54,0.03
"Rape",0.24,0.18
"Robbery",0.32,0.13
"Assault",0.15,0.19
"Burglary",0.27,0.27
"Larceny/theft",0.17,0.26
"Motor vehicle theft",0.27,0.25
"Forgery",0.16,0.2
"Fraud",0.08,0.18
"Drug trafficking",0.27,0.23
"Weapons",0.24,0.2
"Driving-related",0.27,0.35
