"Bureau of Justice Statistics",
"filename: fdluc00fg11.csv",
"Figure 11.  Pretrial release of felony defendants in the 75 largest counties, 2000",
"Report title: Felony Defendants in Large Urban Counties, 2000, NCJ 202021  ",
"data source: 2000 State Court Processing Statistics Program",
"authors:  Gerard Rainville and Brian A. Reaves, Ph.D. ",
"refer questions to: askbjs@ojp.usdoj.gov (202)307-0765",
"date of version:  9/24/2003",
,
"Figure 11.  Pretrial release of felony defendants in the 75 largest counties, 2000",
,
,
"Type of pretrial release","Percent of defendants"
,
"Surety bond",0.371
"Recognizance",0.263
"Conditional",0.139
"Deposit bond",0.1
"Unsecured bond",0.093
"Full cash bond",0.024
