"Bureau of Justice Statistics",,,
"filename: fdluc00fg22.csv",,,
"Figure 22.  Type of sentence received for a felony conviction in the 75 largest counties, by prior conviction record, 2000",,,
"Report title: Felony Defendants in Large Urban Counties, 2000, NCJ 202021  ",,,
"data source: 2000 State Court Processing Statistics Program",,,
"authors:  Gerard Rainville and Brian A. Reaves, Ph.D. ",,,
"refer questions to: askbjs@ojp.usdoj.gov (202)307-0765",,,
"date of version:  9/24/2003",,,
,,,
"Figure 22.  Type of sentence received for a felony conviction in the 75 largest counties, by prior conviction record, 2000",,,
,,,
,"Prison","Jail","Probation"
"No prior conviction",0.4,0.32,0.27
"Prior misdemeanor",0.36,0.41,0.23
"Prior single felony",0.55,0.25,0.2
"Prior multiple felony",0.75,0.14,0.11
,,,
,,,
,"Prison","Jail","Probation"
"No prior conviction",0.19,0.35,0.46
"Prior misdemeanor",0.21,0.45,0.34
"Prior single felony",0.44,0.34,0.21
"Prior multiple felony",0.61,0.25,0.14
