"Bureau of Justice Statistics",,,
"filename: fdluc00fg17.csv",,,
"Figure 17.  Conviction probabilities for felony defendants in the 75 largest counties, by most serious arrest charge, 2000",,,
"Report title: Felony Defendants in Large Urban Counties, 2000, NCJ 202021  ",,,
"data source: 2000 State Court Processing Statistics Program",,,
"authors:  Gerard Rainville and Brian A. Reaves, Ph.D. ",,,
"refer questions to: askbjs@ojp.usdoj.gov (202)307-0765",,,
"date of version:  9/24/2003",,,
,,,
"Figure 17.  Conviction probabilities for felony defendants in the 75 largest counties, by most serious arrest charge, 2000",,,
,,,
,"Conviction probabilities for felony defendants",,
"Most serious arrest charge","Original","Any","Total"
,,,
"All defendants",0.45,0.066,0.121
"Murder",0.554,0.087,0.016
"Rape",0.341,0.156,0.108
"Robbery",0.381,0.121,0.078
"Assault",0.303,0.051,0.163
"Burglary",0.452,0.136,0.128
"Larceny/theft",0.437,0.056,0.171
"Motor vehicle theft",0.45,0.111,0.092
"Forgery",0.476,0.055,0.153
"Fraud",0.281,0.046,0.196
"Drug trafficking",0.556,0.11,0.07
"Weapons",0.527,0.034,0.131
"Driving-related",0.683,0.014,0.163
