"Bureau of Justice Statistics",,
"filename: fdluc00fg14.csv",,
"Figure 14.  Median time from arrest to adjudication for felony defendants in the 75 largest counties, by pretrial detention-release outcome, 2000",,
"Report title: Felony Defendants in Large Urban Counties, 2000, NCJ 202021  ",,
"data source: 2000 State Court Processing Statistics Program",,
"authors:  Gerard Rainville and Brian A. Reaves, Ph.D. ",,
"refer questions to: askbjs@ojp.usdoj.gov (202)307-0765",,
"date of version:  9/24/2003",,
,,
"Figure 14.  Median time from arrest to adjudication for felony defendants in the 75 largest counties, by pretrial detention-release outcome, 2000",,
,,
"",,
,"Number of days",
"Most serious arrest charge","Released","Detained"
,,
"Rape",155,92
"Robbery",120,86
"Assault",123,56
"Burglary",105,42
"Larceny/theft",101,35
"Motor vehicle theft",80,28
"Forgery",100,32
"Fraud",94,34
"Drug trafficking",111,42
"Weapons",96,50
"Driving-related",120,55
