"Bureau of Justice Statistics",,,,,,,,,,,,,,,,
"filename: fdluc00t30.csv",,,,,,,,,,,,,,,,
"Table 30.  Most severe type of sentence received by convicted defendants, by most serious conviction offense, 2000",,,,,,,,,,,,,,,,
"Report title: Felony Defendants in Large Urban Counties, 2000, NCJ 202021  ",,,,,,,,,,,,,,,,
"data source: 2000 State Court Processing Statistics Program",,,,,,,,,,,,,,,,
"authors:  Gerard Rainville and Brian A. Reaves, Ph.D. ",,,,,,,,,,,,,,,,
"refer questions to: askbjs@ojp.usdoj.gov (202)307-0765",,,,,,,,,,,,,,,,
"date of version:  9/24/2003",,,,,,,,,,,,,,,,
,,,,,,,,,,,,,,,,
"Table 30.  Most severe type of sentence received by convicted defendants, by most serious conviction offense, 2000",,,,,,,,,,,,,,,,
,,,,,,,,,,,,,,,,
,,"Percent of convicted defendants in the 75 largest counties sentenced to: ",,,,,,,,,,,,,,
,,,,"Incarceration",,,,,,,"Nonincarceration",,,,,
"Most serious conviction offense","Number of defendants","Total    ",,"Total  ",,"Prison",,"Jail",,,"Total",,"Probation",,"Fine",
,,,,,,,,,,,,,,,,
"   All offenses",28810,100,"%",69,"%",33,"%",36,"%",,31,"%",30,"%",1,"%"
,,,,,,,,,,,,,,,,
"All felonies",23385,100,"%",73,"%",40,"%",33,"%",,27,"%",27,"%","--","%"
,,,,,,,,,,,,,,,,
" Violent offenses",4042,100,"%",79,"%",49,"%",30,"%",,21,"%",21,"%","--","%"
"   Murder",117,100,,96,,96,,0,,,4,,4,,0,
"   Rape",222,100,,75,,56,,19,,,25,,25,,0,
"   Robbery",874,100,,86,,73,,12,,,14,,14,,1,
"   Assault",1781,100,,78,,42,,36,,,22,,22,,"--",
"   Other violent",1048,100,,72,,33,,39,,,28,,28,,0,
,,,,,,,,,,,,,,,,
" Property offenses",7129,100,"%",71,"%",39,"%",33,"%",,29,"%",28,"%","--","%"
"   Burglary",1737,100,,78,,49,,29,,,22,,22,,0,
"   Larceny/theft",2107,100,,69,,33,,36,,,31,,31,,"--",
"   Motor vehicle theft",760,100,,84,,51,,33,,,16,,16,,0,
"   Forgery",886,100,,59,,31,,28,,,41,,40,,"--",
"   Fraud",577,100,,65,,27,,38,,,35,,35,,0,
"   Other property",1062,100,,70,,37,,33,,,30,,29,,1,
,,,,,,,,,,,,,,,,
" Drug offenses",9661,100,"%",71,"%",36,"%",34,"%",,29,"%",29,"%","--","%"
"   Trafficking",4177,100,,72,,42,,30,,,28,,28,,"--",
"   Other drug",5483,100,,70,,32,,38,,,30,,29,,1,
,,,,,,,,,,,,,,,,
" Public-order offenses",2433,100,"%",74,"%",44,"%",30,"%",,26,"%",26,"%","--","%"
"    Weapons   ",754,100,,72,,44,,28,,,28,,28,,0,
"    Driving-related",1020,100,,76,,40,,36,,,24,,24,,0,
"    Other public-order",659,100,,73,,48,,25,,,27,,27,,1,
,,,,,,,,,,,,,,,,
"Misdemeanors",5425,100,"%",53,"%",1,"%",53,"%",,47,"%",41,"%",6,"%"
,,,,,,,,,,,,,,,,
"Note:  Data on type of sentence were available for 93% of convicted defendants.  Sentences to incarceration",,,,,,,,,,,,,,,,
"that were wholly suspended are included under probation.  Twelve percent of prison sentences and 67% of  ",,,,,,,,,,,,,,,,
"jail sentences included a probation term.  Sentences to incarceration or probation may have included a fine,",,,,,,,,,,,,,,,,
"restitution, community service, treatment, or other court-ordered conditions.  Total for all felonies includes cases",,,,,,,,,,,,,,,,
"that could not be classified into 1 of the 4 major offense categories.",,,,,,,,,,,,,,,,
"Detail may not add to total because of rounding.  --Less than 0.5%.",,,,,,,,,,,,,,,,
