"Bureau of Justice Statistics",,,,,,,,,,,,,,,,
"filename: fdluc00t35.csv",,,,,,,,,,,,,,,,
"Table 35.  Most severe type of sentence received by defendants convicted of a felony, by prior conviction record, 2000",,,,,,,,,,,,,,,,
"Report title: Felony Defendants in Large Urban Counties, 2000, NCJ 202021  ",,,,,,,,,,,,,,,,
"data source: 2000 State Court Processing Statistics Program",,,,,,,,,,,,,,,,
"authors:  Gerard Rainville and Brian A. Reaves, Ph.D. ",,,,,,,,,,,,,,,,
"refer questions to: askbjs@ojp.usdoj.gov (202)307-0765",,,,,,,,,,,,,,,,
"date of version:  9/24/2003",,,,,,,,,,,,,,,,
,,,,,,,,,,,,,,,,
"Table 35.  Most severe type of sentence received by defendants convicted of a felony, by prior conviction record, 2000",,,,,,,,,,,,,,,,
,,,,,,,,,,,,,,,,
,,"Percent of defendants in the 75 largest counties convicted of a felony and sentenced to:",,,,,,,,,,,,,,
,,,,"Incarceration",,,,,,,"Nonincarceration",,,,,
" Prior conviction record and most serious  current felony conviction","Number of  defendants","Total",,"Total",,"Prison",," Jail",,,"Total",,"Probation",,"Fine",
,,,,"     ",,,,,,," ",,,,,
"More than 1 prior felony conviction",,,,,,,,,,,,,,,,
"   All offenses",7144,100,"%",86,"%",62,"%",23,"%",,14,"%",14,"%","--","%"
"Violent offenses",883,100,,89,,75,,14,,,11,,11,,"--",
"Property offenses",2171,100,,87,,65,,23,,,13,,13,,0,
"Drug offenses",3201,100,,84,,57,,27,,,16,,16,,"--",
"Public-order offenses",883,100,,87,,63,,24,,,13,,13,,"--",
,,,,,,,,,,,,,,,,
"1 prior felony conviction",,,,,,,,,,,,,,,,
"   All offenses",4121,100,"%",79,"%",46,"%",33,"%",,21,"%",21,"%","--","%"
"Violent offenses",592,100,,80,,55,,25,,,20,,20,,0,
"Property offenses",1339,100,,80,,44,,36,,,20,,20,,0,
"Drug offenses",1751,100,,78,,43,,35,,,22,,22,,1,
"Public-order offenses",422,100,,77,,53,,25,,,23,,23,,0,
,,,,,,,,,,,,,,,,
"Prior misdemeanor convictions only",,,,,,,,,,,,,,,,
"   All offenses",4106,100,"%",68,"%",24,"%",44,"%",,32,"%",32,"%","--","%"
"Violent offenses",824,100,,77,,36,,41,,,23,,23,,0,
"Property offenses",1172,100,,66,,22,,44,,,34,,33,,"--",
"Drug offenses",1573,100,,66,,18,,48,,,34,,34,,"--",
"Public-order offenses",510,100,,66,,27,,39,,,34,,34,,0,
,,,,,,,,,,,,,,,,
"No prior convictions",,,,,,,,,,,,,,,,
"   All offenses",7182,100,"%",58,"%",24,"%",34,"%",,42,"%",42,"%",1,"%"
"Violent offenses",1589,100,,72,,40,,32,,,28,,27,,1,
"Property offenses",2152,100,,53,,19,,34,,,47,,47,,1,
"Drug offenses",2841,100,,53,,19,,35,,,47,,46,,1,
"Public-order offenses",540,100,,59,,20,,39,,,41,,41,,0,
,,,,,,,,,,,,,,,,
"Note:  Data on prior conviction record and type of sentence were available for 90% of all convicted defendants.   ",,,,,,,,,,,,,,,,
"Sentences to incarceration may have also included a probation term.  Sentences to incarceration or probation,  ",,,,,,,,,,,,,,,,
"may have included a fine, restitution, community service, treatment, or other court-ordered conditions.  Fines may have",,,,,,,,,,,,,,,,
"included restitution or community service.  Detail may  not add to total because of rounding.",,,,,,,,,,,,,,,,
"--Less than 0.5%.",,,,,,,,,,,,,,,,
