"Bureau of Justice Statistics",,,
"filename: fdluc00t28.csv",,,
"Table 28.  Felony defendants, by conviction offense, 2000",,,
"Report title: Felony Defendants in Large Urban Counties, 2000, NCJ 202021  ",,,
"data source: 2000 State Court Processing Statistics Program",,,
"authors:  Gerard Rainville and Brian A. Reaves, Ph.D. ",,,
"refer questions to: askbjs@ojp.usdoj.gov (202)307-0765",,,
"date of version:  9/24/2003",,,
,,,
"Table 28.  Felony defendants, by conviction offense, 2000",,,
,,,
,"Felony defendants in the 75 largest  counties",,
" Most serious conviction offense","Number"," Percent",
,,,
"All offenses",30138,100,"%"
,,,
"     All felonies",24398,81.0,"%"
,,,
"Violent offenses",4298,14.3,"%"
"   Murder",150,0.5,
"   Rape",234,0.8,
"   Robbery",956,3.2,
"   Assault",1863,6.2,
"   Other violent",1095,3.6,
,,,
"Property offenses",7361,24.4,"%"
"   Burglary",1787,5.9,
"   Larceny/theft",2171,7.2,
"   Motor vehicle theft",774,2.6,
"   Forgery",911,3,
"   Fraud",603,2,
"   Other property",1117,3.7,
,,,
"Drug offenses",10118,33.6,"%"
"   Trafficking",4481,14.8,
"   Other drug",5637,18.7,
,,,
"Public-order offenses",2529,8.4,"%"
"   Weapons",789,2.6,
"   Driving-related ",1054,3.5,
"   Other public-order",686,2.3,
,,,
"Other felonies",91,0.3,"%"
,,,
"     Misdemeanors",5740,19.0,"%"
,,,
"Note:  Data on conviction offense were  ",,,
"available for 100% of cases involving  ",,,
"defendants who had been convicted.   ",,,
