"Bureau of Justice Statistics",,
"filename: fdluc00fg15.csv",,
"Figure 15.  Plea rate for felony defendants in the 75 largest counties, by most serious arrest charge, 2000",,
"Report title: Felony Defendants in Large Urban Counties, 2000, NCJ 202021  ",,
"data source: 2000 State Court Processing Statistics Program",,
"authors:  Gerard Rainville and Brian A. Reaves, Ph.D. ",,
"refer questions to: askbjs@ojp.usdoj.gov (202)307-0765",,
"date of version:  9/24/2003",,
,,
"Figure 15.  Plea rate for felony defendants in the 75 largest counties, by most serious arrest charge, 2000",,
,,
,,
,,
"Most serious arrest charge","Felony","Misdemeanor"
,,
"Driving-related",0.678,0.158
"Drug trafficking",0.63,0.067
"Burglary",0.564,0.126
"Forgery",0.515,0.151
"Weapons",0.53,0.131
"Motor vehicle theft",0.55,0.091
"Larceny/theft",0.465,0.161
"Rape",0.473,0.104
"Fraud",0.326,0.193
"Robbery",0.439,0.075
"Assault",0.324,0.156
"Murder",0.315,0.016
