"Bureau of Justice Statistics",,,,
"filename: fdluc00fg19.csv",,,,
"Figure 19.  Method of conviction of felony cases filed in May 2000 and disposed within 1 year in the 75 largest counties",,,,
"Report title: Felony Defendants in Large Urban Counties, 2000, NCJ 202021  ",,,,
"data source: 2000 State Court Processing Statistics Program",,,,
"authors:  Gerard Rainville and Brian A. Reaves, Ph.D. ",,,,
"refer questions to: askbjs@ojp.usdoj.gov (202)307-0765",,,,
"date of version:  9/24/2003",,,,
,,,,
"Figure 19.  Method of conviction of felony cases filed in May 2000 and disposed within 1 year in the 75 largest counties",,,,
,,,,
,,,,
,"Cumulative number of convictions for:",,,
"Time from arrest to conviction in months","Felony plea","Felony trial","Misdemeanor plea","Misdemeanor trial"
,,,,
1,5878,12,1601,28
,9833,65,2587,49
3,12992,154,3219,57
,15188,309,3663,62
,16862,448,4068,89
6,18328,574,4390,93
,19489,725,4629,104
,20206,810,4806,115
9,21131,921,4934,124
,21825,1006,5106,136
,22317,1111,5199,154
12,22771,1210,5293,158
