"Bureau of Justice Statistics",,,,,,,,,,,
"filename: fdluc00t15.csv",,,,,,,,,,,
"Table 15.  Bail amount set for felony defendants, by most serious arrest charge, 2000",,,,,,,,,,,
"Report title: Felony Defendants in Large Urban Counties, 2000, NCJ 202021  ",,,,,,,,,,,
"data source: 2000 State Court Processing Statistics Program",,,,,,,,,,,
"authors:  Gerard Rainville and Brian A. Reaves, Ph.D. ",,,,,,,,,,,
"refer questions to: askbjs@ojp.usdoj.gov (202)307-0765",,,,,,,,,,,
"date of version:  9/24/2003",,,,,,,,,,,
,,,,,,,,,,,
"Table 15.  Bail amount set for felony defendants, by most serious arrest charge, 2000",,,,,,,,,,,
,,,,,,,,,,,
,"  ","Percent of felony defendants in the 75 largest counties with a bail amount of:    ",,,,,,,,,
"Most serious arrest charge","Number of defendants","Under $5,000",," $5,000-$9,999",," $10,000-$24,999",," $25,000-$49,999",," $50,000 or more",
,,,,,,,,,,,
"     All offenses",31304,26,"%",19,"%",22,"%",13,"%",20,"%"
,,,,,,,,,,,
"Violent offenses",8860,19,"%",17,"%",19,"%",14,"%",31,"%"
"  Murder",221,2,,2,,3,,5,,88,
"  Rape",611,8,,13,,27,,19,,33,
"  Robbery",1951,14,,16,,16,,19,,36,
"  Assault",4416,22,,20,,20,,12,,26,
"  Other violent",1660,21,,15,,19,,12,,32,
,,,,,,,,,,,
"Property offenses",8562,31,"%",20,"%",23,"%",12,"%",14,"%"
"  Burglary",2562,19,,19,,26,,17,,19,
"  Larceny/theft",2398,37,,19,,22,,8,,13,
"  Motor vehicle theft",1013,27,,22,,25,,14,,13,
"  Forgery",912,44,,24,,20,,5,,7,
"  Fraud",683,37,,19,,23,,16,,5,
"  Other property",994,41,,18,,15,,9,,17,
,,,,,,,,,,,
"Drug offenses",11162,25,"%",19,"%",26,"%",13,"%",17,"%"
"  Trafficking",5887,21,,19,,24,,14,,22,
"  Other drug",5275,30,,20,,28,,11,,11,
,,,,,,,,,,1,
"Public-order offenses",2720,34,"%",20,"%",20,"%",10,"%",16,"%"
"  Weapons",917,35,,16,,20,,10,,18,
"  Driving-related",959,39,,21,,22,,8,,10,
"  Other public-order",844,28,,22,,19,,11,,20,
,,,,,,,,,,,
"Note:  Data on bail amount were available for 97.6% of all defendants for whom a bail  amount was set.   Table excludes defendants given nonfinancial release. Detail may not add to 100% because of rounding.",,,,,,,,,,,
