"Bureau of Justice Statistics",,,,,,,
"filename: fdluc00t34.csv",,,,,,,
"Table 34.  Conditions of probation sentence received most often by convicted defendants, by most serious conviction offense, 2000",,,,,,,
"Report title: Felony Defendants in Large Urban Counties, 2000, NCJ 202021  ",,,,,,,
"data source: 2000 State Court Processing Statistics Program",,,,,,,
"authors:  Gerard Rainville and Brian A. Reaves, Ph.D. ",,,,,,,
"refer questions to: askbjs@ojp.usdoj.gov (202)307-0765",,,,,,,
"date of version:  9/24/2003",,,,,,,
,,,,,,,
"Table 34.  Conditions of probation sentence received most often by convicted defendants, by most serious conviction offense, 2000",,,,,,,
,,,,,,,
,"Felony defendants in the 75 largest counties sentenced to probation",,,,,,
,,"Percent whose sentence to  probation included:",,,,,
"Most serious  conviction offense","Number of  defendants","Community  service",,"Restitution",,"Treatment",
,,,,,,,
"       All offenses",8568,18,"%",14,"%",12,"%"
,,,,,,,
"All  felonies",6340,19,"%",15,"%",12,"%"
"  Violent offenses",856,18,,14,,16,
"  Property offenses",2028,20,,33,,10,
"  Drug offenses",2784,19,,4,,13,
"  Public-order offenses",630,18,,7,,9,
,,,,,,,
"Misdemeanors",2228,16,"%",11,"%",11,"%"
,,,,,,,
"Note:  Total for felonies includes cases that could not be classified into 1 of the 4 felony offense ",,,,,,,
"categories.  A defendant may have received more than one type of probation  ",,,,,,,
"condition.  Not all defendants sentenced to probation received probation conditions.",,,,,,,
"Detail may not add to total because of rounding.",,,,,,,
"--Less than 0.5%.",,,,,,,
