"Bureau of Justice Statistics",,,,,,,,,,,,,,,,,,,,
"filename: fdluc00t11.csv",,,,,,,,,,,,,,,,,,,,
"Table 11.  Number of prior felony convictions of felony defendants, by most serious current arrest charge, 2000",,,,,,,,,,,,,,,,,,,,
"Report title: Felony Defendants in Large Urban Counties, 2000, NCJ 202021  ",,,,,,,,,,,,,,,,,,,,
"data source: 2000 State Court Processing Statistics Program",,,,,,,,,,,,,,,,,,,,
"authors:  Gerard Rainville and Brian A. Reaves, Ph.D. ",,,,,,,,,,,,,,,,,,,,
"refer questions to: askbjs@ojp.usdoj.gov (202)307-0765",,,,,,,,,,,,,,,,,,,,
"date of version:  9/24/2003",,,,,,,,,,,,,,,,,,,,
,,,,,,,,,,,,,,,,,,,,
"Table 11.  Number of prior felony convictions of felony defendants, by most serious current arrest charge, 2000",,,,,,,,,,,,,,,,,,,,
,,,,,,,,,,,,,,,,,,,,
,," Percent of felony defendants in the 75 largest counties",,,,,,,,,,,,,,,,,,
,,,,"Without prior felony conviction",,,,,,,"With prior felony conviction ",,,,,,,,,
,,,,,,,,,,,,," Number of prior felony convictions             ",,,,,,,
"Most serious current arrest charge","Number of defendants","Total",,"Total",,"Nonfelony only",,"No prior convictions",,,"Total",,1,,2-4,,5-9,,"10 or more",
,,,,,,,,,,,,,,,,,,,,
"     All offenses",52178,100,"%",60,"%",18,"%",42,"%",,40,"%",15,"%",18,"%",5,"%",1,"%"
,,,,,,,,,,,,,,,,,,,,
"Violent offenses",13049,100,"%",67,"%",19,"%",48,"%",,33,"%",13,"%",15,"%",4,"%",1,"%"
"  Murder",473,100,,66,,13,,53,,,34,,16,,15,,3,,0,
"  Rape",861,100,,74,,21,,53,,,26,,13,,8,,4,,1,
"  Robbery",2841,100,,60,,13,,47,,,40,,14,,19,,6,,2,
"  Assault",6375,100,,67,,21,,46,,,33,,14,,15,,4,,1,
"  Other violent",2499,100,,73,,20,,53,,,27,,12,,14,,2,,0,
,,,,,,,,,,,,,,,,,,,,
"Property offenses",15240,100,"%",61,"%",16,"%",45,"%",,39,"%",15,"%",16,"%",6,"%",1,"%"
"  Burglary",3816,100,,53,,18,,35,,,47,,17,,19,,9,,2,
"  Larceny/theft",4342,100,,62,,17,,45,,,38,,14,,17,,5,,1,
"  Motor vehicle theft",1551,100,,52,,15,,37,,,48,,18,,20,,8,,1,
"  Forgery",1737,100,,66,,17,,49,,,34,,13,,14,,5,,1,
"  Fraud",1884,100,,79,,14,,65,,,21,,10,,8,,2,,1,
"  Other property",1910,100,,63,,18,,45,,,37,,14,,15,,5,,2,
,,,,,,,,,,,,,,,,,,,,
"Drug offenses",19315,100,"%",56,"%",18,"%",38,"%",,44,"%",16,"%",21,"%",6,"%",1,"%"
"  Trafficking",9061,100,,56,,17,,39,,,44,,16,,21,,5,,1,
"  Other drug",10254,100,,56,,20,,36,,,44,,17,,20,,6,,1,
,,,,,,,,,,,,,,,,,,,,
"Public-order offenses",4574,100,"%",54,"%",21,"%",33,"%",,46,"%",17,"%",23,"%",5,"%",1,"%"
"  Weapons",1358,100,,57,,13,,44,,,43,,15,,23,,5,,0,
"  Driving-related",1568,100,,56,,33,,23,,,44,,16,,22,,5,,1,
"  Other public-order",1649,100,,50,,16,,34,,,50,,19,,24,,6,,1,
,,,,,,,,,,,,,,,,,,,,
"Note:  Data on number of prior felony convictions were available for 96% of all cases. ",,,,,,,,,,,,,,,,,,,,
"Detail may not add to total because of rounding. ",,,,,,,,,,,,,,,,,,,,
"--Less than 0.5%.",,,,,,,,,,,,,,,,,,,,
