"Bureau of Justice Statistics",,,,,,,,,,,,,,,,
"filename: fdluc00t08.csv",,,,,,,,,,,,,,,,
"Table 8.  Number of prior arrest charges of felony defendants, by most serious current arrest charge, 2000",,,,,,,,,,,,,,,,
"Report title: Felony Defendants in Large Urban Counties, 2000, NCJ 202021  ",,,,,,,,,,,,,,,,
"data source: 2000 State Court Processing Statistics Program",,,,,,,,,,,,,,,,
"authors:  Gerard Rainville and Brian A. Reaves, Ph.D. ",,,,,,,,,,,,,,,,
"refer questions to: askbjs@ojp.usdoj.gov (202)307-0765",,,,,,,,,,,,,,,,
"date of version:  9/24/2003",,,,,,,,,,,,,,,,
,,,,,,,,,,,,,,,,
"Table 8.  Number of prior arrest charges of felony defendants, by most serious current arrest charge, 2000",,,,,,,,,,,,,,,,
,,,,,,,,,,,,,,,,
,,,,"Percent of felony defendants in the 75 largest counties",,,,,,,,,,,,
,,,,,,,"With prior arrest",,,,,,,,,
,,,,,,,,,"Number of prior arrest charges",,,,,,,
"Most serious current arrest charge","Number of defendants","Total",,"Without prior arrest",,,"Total",,1,,2-4,,5-9,,"10 or more",
,,,,,,,,,,,,,,,,
"     All offenses",52799,100,"%",26,"%",,74,"%",9,"%",20,"%",19,"%",26,"%"
,,,,,,,,,,,,,,,,
"Violent offenses",12932,100,"%",31,"%",,69,"%",9,"%",20,"%",17,"%",22,"%"
"  Murder",468,100,,33,,,67,,7,,26,,16,,18,
"  Rape",832,100,,42,,,58,,11,,19,,16,,13,
"  Robbery",2459,100,,27,,,73,,8,,18,,16,,30,
"  Assault",6058,100,,28,,,72,,11,,21,,18,,22,
"  Other violent",2451,100,,38,,,62,,8,,19,,18,,17,
,,,,,,,,,,,,,,,,
"Property offenses",15904,100,"%",28,"%",,72,"%",11,"%",18,"%",17,"%",26,"%"
"  Burglary",3722,100,,18,,,82,,10,,20,,20,,32,
"  Larceny/theft",4214,100,,28,,,72,,11,,18,,16,,27,
"  Motor vehicle theft",1565,100,,22,,,78,,11,,17,,21,,30,
"  Forgery",1711,100,,31,,,69,,11,,18,,18,,23,
"  Fraud",1879,100,,50,,,50,,12,,17,,10,,11,
"  Other property",1878,100,,30,,,70,,9,,15,,19,,27,
,,,,,,,,,,,,,,,,
"Drug offenses",19466,100,"%",22,"%",,78,"%",9,"%",21,"%",21,"%",27,"%"
"  Trafficking",8126,100,,23,,,77,,9,,20,,21,,27,
"  Other drug",10100,100,,21,,,79,,9,,22,,21,,27,
,,,,,,,,,,,,,,,,
"Public-order offenses",4498,100,"%",20,"%",,80,"%",9,"%",22,"%",18,"%",31,"%"
"  Weapons",1178,100,,28,,,72,,10,,18,,17,,27,
"  Driving-related",1524,100,,15,,,85,,8,,25,,18,,33,
"  Other public-order",1503,100,,19,,,81,,9,,21,,19,,31,
,,,,,,,,,,,,,,,,
" Note:  Data on whether a defendant had any prior arrests  were available for 98% of all cases. ",,,,,,,,,,,,,,,,
"Data on the number of prior arrest charges were available for 91% of all cases. ",,,,,,,,,,,,,,,,
"Detail may not add to total because of rounding.",,,,,,,,,,,,,,,,
