"Bureau of Justice Statistics",,,,,,,,,,
"filename: fdluc00apb.csv",,,,,,,,,,
"Appendix table B.  Most serious arrest charge of felony defendants, by SCPS jurisdiction, 2000",,,,,,,,,,
"Report title: Felony Defendants in Large Urban Counties, 2000, NCJ 202021  ",,,,,,,,,,
"data source: 2000 State Court Processing Statistics Program",,,,,,,,,,
"authors:  Gerard Rainville and Brian A. Reaves, Ph.D. ",,,,,,,,,,
"refer questions to: askbjs@ojp.usdoj.gov (202)307-0765",,,,,,,,,,
"date of version:  9/24/2003",,,,,,,,,,
,,,,,,,,,,
"Appendix table B.  Most serious arrest charge of felony defendants, by SCPS jurisdiction, 2000",,,,,,,,,,
,,,,,,,,,,
,"Percent of felony defendants within categories of most serious arrest charge",,,,,,,,,
" County (State)","Total",,"Violent offenses",,"Property offenses",,"Drug offenses",,"Public-order offenses",
,,,,,,,,,,
"Total",100,"%",25,"%",30,"%",37,"%",9,"%"
,,,,,,,,,,
"Jefferson (AL)",100,"%",24,"%",35,"%",35,"%",5,"%"
"Maricopa (AZ)",100,,20,,30,,42,,8,
"Pima (AZ)",100,,24,,30,,33,,14,
"Alameda (CA)",100,,18,,35,,42,,6,
"Contra Costa (CA)",100,,27,,28,,37,,8,
"Los Angeles (CA)",100,,24,,26,,42,,8,
"Orange (CA)",100,,15,,25,,51,,9,
"Riverside (CA)",100,,36,,27,,30,,7,
,,,,,,,,,,
"San Bernardino (CA)",100,"%",23,"%",33,"%",37,"%",7,"%"
"San Diego (CA)",100,,16,,35,,44,,5,
"San Mateo (CA)",100,,15,,24,,51,,11,
"Santa Clara (CA)",100,,23,,24,,46,,7,
"New Haven (CT)",100,,32,,29,,34,,6,
"Broward (FL)",100,,26,,29,,38,,7,
"Miami-Dade (FL)",100,,37,,25,,32,,6,
"Palm Beach (FL)",100,,28,,35,,25,,11,
,,,,,,,,,,
"Pinellas  (FL)",100,"%",32,"%",29,"%",29,"%",10,"%"
"Fulton (GA)",100,,22,,35,,37,,5,
"Honolulu (HI)",100,,26,,40,,30,,4,
"Cook (IL)",100,,10,,18,,65,,7,
"Marion (IN)",100,,22,,37,,22,,19,
"Baltimore (MD)",100,,25,,58,,15,,2,
"Montgomery (MD)",100,,21,,60,,18,,1,
"Macomb (MI)",100,,21,,39,,30,,10,
,,,,,,,,,,
"Wayne (MI)",100,"%",16,"%",47,"%",20,"%",17,"%"
"Essex (NJ)",100,,37,,17,,34,,12,
"Bronx (NY)",100,,28,,18,,43,,12,
"Kings (NY)",100,,39,,16,,31,,14,
"Nassau (NY)",100,,19,,36,,22,,24,
"Westchester (NY)",100,,33,,42,,14,,12,
"Franklin (OH)",100,,20,,45,,27,,8,
"Philadelphia (PA)",100,,41,,24,,34,,1,
,,,,,,,,,,
"Shelby (TN)",100,"%",19,"%",35,"%",34,"%",12,"%"
"Dallas (TX)",100,,27,,33,,34,,6,
"El Paso (TX)",100,,37,,19,,30,,14,
"Harris (TX)",100,,25,,29,,42,,5,
"Tarrant (TX)",100,,26,,30,,36,,8,
"Travis (TX)",100,,22,,19,,50,,9,
"Salt Lake (UT)",100,,17,,35,,34,,14,
"Fairfax (VA)",100,,16,,54,,19,,12,
,,,,,,,,,,
,,,,,,,,,,
"Note:  Detail may not add to 100% because of rounding.",,,,,,,,,,
