"Bureau of Justice Statistics",
"filename: fdluc00fg21.csv",
"Figure 21.  Median prison sentence received by defendants convicted of a felony in the 75 largest counties, 2000",
"Report title: Felony Defendants in Large Urban Counties, 2000, NCJ 202021  ",
"data source: 2000 State Court Processing Statistics Program",
"authors:  Gerard Rainville and Brian A. Reaves, Ph.D. ",
"refer questions to: askbjs@ojp.usdoj.gov (202)307-0765",
"date of version:  9/24/2003",
,
"Figure 21.  Median prison sentence received by defendants convicted of a felony in the 75 largest counties, 2000",
,
,
"Most serious conviction charge","Median prison sentence in months"
,
"Murder",180
"Rape",84
"Robbery",60
"Assault",48
"Burglary",36
"Drug trafficking",36
"Weapons",36
"Forgery",24
"Fraud",24
"Larceny/theft",24
"Motor vehicle theft",24
"Driving-related",24
