Bureau of Justice Statistics,,,,,,,,,,
Filename: wle8708f02.csv,,,,,,,,,,
"Figure 2. Percent of federal law enforcement officers who are women, from 1998-2008*",,,,,,,,,,
"Report title: Women in Law Enforcement, 1987-2008, NCJ 230521",,,,,,,,,,
"Data sources: Census of Federal Law Enforcement Officers, 1998, 2000, 2002, 2004, 2008",,,,,,,,,,
Author: Lynn Langton,,,,,,,,,,
Refer questions to: AskBJS@usdoj.gov or 202-307-0765,,,,,,,,,,
Date of version: 06/21/10,,,,,,,,,,
,,,,,,,,,,
"Figure 2. Percent of federal law enforcement officers who are women, from 1998-2008*",,,,,,,,,,
,,,,,,,,,,
,1998,,2000,,2002,,2004,,2008,
Percent of officers who are women,14,%,14.7,%,15,%,15,%,15.2,%
Note: Data obtained from the BJS Census of Federal Law Enforcement Officers.,,,,,,,,,,
*Includes the 53 federal agencies that were consistently organized and consistently reported data on the sex of officers from 1998 to 2008. ,,,,,,,,,,
