Bureau of Justice Statistics,,,,,,
Filename: wle8708f04.csv,,,,,,
"Figure 4. Percent of full-time sworn law enforcement officers who are women among local and state police departments, and sheriffs' offices , 1987-2007",,,,,,
"Report title: Women in Law Enforcement, 1987-2008, NCJ 230521",,,,,,
"Data sources: Law Enforcement Management and Administrative Statistics Survey, 1987, 1990, 1993, 1997, 2000, 2003, 2007; Federal Bureau of Investigation Uniform Crime Reports, 1987, 1990, 1993, 1997, 2000, 2003, 2007",,,,,,
Author: Lynn Langton,,,,,,
Refer questions to: AskBJS@usdoj.gov or 202-307-0765,,,,,,
Date of version: 06/21/10,,,,,,
,,,,,,
"Figure 4. Percent of full-time sworn law enforcement officers who are women among local and state police departments, and sheriffs' offices , 1987-2007",,,,,,
,Percent of officers who are women,,,,,
Year,Local police,,Sheriffs' offices,,State police or highway patrol,
1987,7.6,%,12.6,%,3.8,%
1990,8.1,,15.4,,4.8,
1993,8.8,,14.5,,5.4,
1997,10,,15.6,,6.3,
2000,10.6,,12.5,,6.5,
2003,11.3,,12.9,,6.7,
2007,11.9,,11.2,,6.5,
Note: Data on state highway patrol and state police agencies were obtained from the Federal Bureau of Investigation's Uniform Crime Reports. Data on local police departments and sheriffs' offices obtained from the BJS Law Enforcement Management and Administrative Statistics (LEMAS) series. ,,,,,,
