Bureau of Justice Statistics,,,,,,,
Filename: wle8708t02.csv,,,,,,,
"Table 2. Percent and number of full-time sworn officers who are women among  the largest police departments, 1997 and 2007",,,,,,,
"Report title: Women in Law Enforcement, 1987-2008, NCJ 230521",,,,,,,
"Data sources: Law Enforcement Management and Administrative Statistics Survey, 1997 and 2007",,,,,,,
Author: Lynn Langton,,,,,,,
Refer questions to: AskBJS@usdoj.gov or 202-307-0765,,,,,,,
Date of version: 06/21/10,,,,,,,
,,,,,,,
"Table 2. Percent and number of full-time sworn officers who are women among  the largest police departments, 1997 and 2007",,,,,,,
,,Percent ,,,,Number,
Police department                         ,,1997,,2007,,1997,2007
Detroit,,22,%,27,%,880,829
Philadelphia,,22,,25,,"1,461","1,666"
District of Columbia,,25,,23,,904,916
Chicago,,19,,23,,"2,549","3,097"
Los Angeles,,17,,19,,"1,644","1,779"
Memphis,,17,,19,,250,386
New York City,,15,,17,,"5,743","6,151"
Dallas,,16,,17,,444,527
San Francisco,,15,,16,,303,378
Baltimore,,14,,16,,432,485
Boston,,13,,14,,275,293
Houston,,12,,13,,637,656
Las Vegas Metro*,,15,,9,,113,219
"Note: Data obtained from the BJS 1997 and 2007 Law Enforcement Management and Administrative Statistics (LEMAS) surveys. Includes police departments with 2,000 or more sworn officers in 2007. Phoenix police department did not provide a distribution of officers by sex and was excluded. ",,,,,,,
*Las Vegas Metro numbers do not include correctional officers.,,,,,,,
