Bureau of Justice Statistics,,,
Filename: wle8708f03.csv,,,
"Figure 3. Percent of full-time sworn law enforcement officers who are women among local police departments and sheriffs' offices, by size of agency, 2007",,,
"Report title: Women in Law Enforcement, 1987-2008, NCJ 230521",,,
"Data source: Law Enforcement Management and Administrative Statistics Survey, 2007",,,
Author: Lynn Langton,,,
Refer questions to: AskBJS@usdoj.gov or 202-307-0765,,,
Date of version: 06/21/10,,,
,,,
"Figure 3. Percent of full-time sworn law enforcement officers who are women among local police departments and sheriffs' offices, by size of agency, 2007",,,
Type and size of agency (number of full-time sworn officers),,Percent of officers who are women,
Local police departments,,,
,Small (1 to 10),5.7,%
,Medium (11 to 100),8,
,Large (greater than 100),14.7,
Sheriffs' offices,,,
,Small (1 to 10),3.8,
,Medium (11 to 100),7.9,
,Large (greater than 100),13.4,
