Bureau of Justice Statistics,,,,,,,,,,,,,,,,,,,
Filename: wle8708t01.csv,,,,,,,,,,,,,,,,,,,
"Table 1. Percent and number of full-time sworn officers who are women, by federal law enforcement agencies employing 500 or more full-time officers, 1998 and 2008 ",,,,,,,,,,,,,,,,,,,
"Report title: Women in Law Enforcement, 1987-2008, NCJ 230521",,,,,,,,,,,,,,,,,,,
"Data sources: Census of Federal Law Enforcement Officers, 1998 and 2008",,,,,,,,,,,,,,,,,,,
Author: Lynn Langton,,,,,,,,,,,,,,,,,,,
Refer questions to: AskBJS@usdoj.gov or 202-307-0765,,,,,,,,,,,,,,,,,,,
Date of version: 06/21/10,,,,,,,,,,,,,,,,,,,
,,,,,,,,,,,,,,,,,,,
"Table 1. Percent and number of full-time sworn officers who are women, by federal law enforcement agencies employing 500 or more full-time officers, 1998 and 2008 ",,,,,,,,,,,,,,,,,,,
,Percent ,,,,Number,,,,,,,,,,,,,,
Agency   ,1998,,2008,,1998,2008,,,,,,,,,,,,,
"Internal Revenue Service, Criminal Investigation",25,%,32,%,848,835,,,,,,,,,,,,,
U.S. Postal Inspection Service,15,,22,,513,516,,,,,,,,,,,,,
Federal Bureau of Investigation,16,,19,,"1,816","2,428",,,,,,,,,,,,,
National Park Service - Ranger Division,15,,19,,230,263,,,,,,,,,,,,,
U.S. Capitol Police,18,,19,,189,303,,,,,,,,,,,,,
USDA Forest Service,16,,16,,97,103,,,,,,,,,,,,,
Federal Bureau of Prisons,12,,14,,"1,545","2,304",,,,,,,,,,,,,
National Park Service - U.S. Park Police,9,,13,,62,72,,,,,,,,,,,,,
"Bureau of Alcohol, Tobacco, Firearms & Explosives",12,,13,,211,333,,,,,,,,,,,,,
"State Department, Bureau of Diplomatic Security",8,,11,,33,113,,,,,,,,,,,,,
Drug Enforcement Administration,8,,10,,261,421,,,,,,,,,,,,,
U.S. Fish and Wildlife Service,10,,9,,84,50,,,,,,,,,,,,,
Veterans Health Administration,9,,8,,24,248,,,,,,,,,,,,,
"Note: Does not include U.S Customs and Border Protection and U.S. Immigration and Customs Enforcement because these did not exist in 1998. U.S. Marshals Service and U.S. Secret Service did not provide 2008 data on the sex of officers and the Pentagon Force Protection Agency and Administrative Office of the U.S. Courts did not provide 1998 data on the sex of officers; these four agencies are also excluded from the table.
",,,,,,,,,,,,,,,,,,,
