Bureau of Justice Statistics,,,,,,,,,,
filename:  ncrp0509.csv,,,,,,,,,,
"Table 9. First releases from state prison, 2005:  Sentence length, time served, and percent of sentence served in prison, by offense",,,,,,,,,,
"data source:  National Corrections Reporting Program, 2005",,,,,,,,,,
author:  Tom Bonczar ,,,,,,,,,,
refer questions to:  askbjs@usdoj.gov      202-307-0765,,,,,,,,,,
date of version 1/21/10,,,,,,,,,,
,,,,,,,,,,
"Table 9. First releases from state prison, 2005:  Sentence length, time served, and percent of sentence served in prison, by offense",,,,,,,,,,
,,,,,,,,,,
,First releases from state prison,,,,,,,,,
,,,Maximum sentence length\1,,,,Time served in prison,,,
Most serious offense,Percent of releases,,Median\2,, Mean\3,,Median,, Mean,
All offenses,100,%,36,mos.,59,mos.,16,mos.,28,mos.
Violent offenses,25.9,%,54,mos.,81,mos.,30,mos.,49,mos.
Homicide,2.1,,120,,169,,88,,102,
Murder/nonnegligent manslaughter,1.3,,192,,222,,120,,133,
Murder,1,,240,,242,,128,,141,
Nonnegligent manslaughter,0.3,,132,,165,,104,,108,
Negligent manslaughter,0.8,,72,,94,,38,,53,
Unspecified homicide,0,*,96,,134,,56,,69,
Kidnapping,0.6,,48,,80,,29,,53,
Rape,1.4,,96,,126,,70,,85,
Other sexual assault,3.9,,60,,77,,36,,49,
Robbery,7,,60,,92,,39,,55,
Assault,9.3,,36,,53,,19,,31,
Other violent,1.6,,36,,49,,15,,23,
Property offenses,28.6,%,36,mos.,47,mos.,13,mos.,21,mos.
Burglary,10.3,,42,,59,,16,,26,
Larceny,6.9,,25,,40,,12,,19,
Motor vehicle theft,2.8,,24,,34,,11,,16,
Arson,0.5,,48,,73,,21,,34,
Fraud,5.3,,30,,43,,12,,16,
Stolen property,1.8,,32,,41,,11,,17,
Other property,1.1,,36,,39,,11,,15,
Drug offenses,31.7,%,41,mos.,58,mos.,14,mos.,22,mos.
Possession,8.7,,36,,49,,11,,17,
Trafficking,14.4,,48,,66,,17,,25,
Other/unspecified drug,8.6,,36,,54,,14,,21,
Public-order offenses,13.1,%,36,mos.,43,mos.,13,mos.,20,mos.
Weapons,3.4,,33,,43,,16,,23,
Driving while intoxicated,4.6,,36,,44,,12,,15,
Other public-order,5.1,,34,,43,,13,,21,
Other offenses,0.7,%,48,mos.,67,mos.,16,mos.,24,mos.
Number of releases,., ,"248,300",,"246,935",,"248,300",,"248,300",
 ,,,,,,,,,,
"Note:  Data are based on all first releases with a total sentence of more than a year for whom the most serious offense, sentence length, and time served in prison were reported.  All data exclude persons released from prison by escape, death, transfer, appeal, or detainer.",,,,,,,,,,
*Less than 0.05%. ,,,,,,,,,,
1\Sentence length refers to the maximum sentence that an offender may be required to serve for the most serious offense.,,,,,,,,,,
"2\Includes sentences of life without parole, life plus additional years, life, and death.",,,,,,,,,,
"3\Excludes sentences of life without parole, life plus additional years, life, and death.",,,,,,,,,,
