Bureau of Justice Statistics,,,,
Filename: hus11f07.csv,,,,
"Report title: Homicide in the U.S. Known to Law Enforcement, 2011",,,,
Data source: Supplementary Homicide Report,,,,
Authors: Erica Smith and Alexia Cooper,,,,
Refer questions to: askbjs@usdoj.gov (202) 307-0765,,,,
Date of version: 12/30/13,,,,
,,,,
"Figure 7. Homicide rates, by weapon type, 1992�2011",,,,
"Rate per 100,000 U.S. residents",,,,
Year,Firearm,Knife or blunt object,Personal weapon,Other nonpersonal weapon
1992,6.3,1.8,0.7,0.5
,6.6,1.6,0.7,0.6
,6.2,1.5,0.6,0.5
1995,5.5,1.4,0.6,0.5
,4.9,1.3,0.6,0.4
,4.5,1.2,0.6,0.4
1998,4,1.1,0.6,0.5
,3.6,1,0.5,0.4
,3.6,1,0.5,0.4
2001,3.5,1,0.5,0.6
,3.8,1,0.5,0.4
,3.8,1,0.5,0.4
2004,3.6,1,0.5,0.4
,3.9,1,0.4,0.4
,3.9,0.9,0.4,0.5
2007,3.9,0.9,0.4,0.5
,3.6,0.9,0.4,0.4
,3.4,0.9,0.4,0.4
2010,3.2,0.8,0.4,0.4
,3.2,0.8,0.3,0.4
"Source: Bureau of Justice Statistics, based on data from the FBI, Supplementary Homicide Reports, 1992�2011.",,,,
