"Bureau of Justice Statistics",,,,,,,,,,,,,,,,,,,,
"Filename:  tsp0008.csv",,,,,,,,,,,,,,,,,,,,
"Table #8:  Mean time served in prison for first releases to State parole, by method of release, 1999",,,,,,,,,,,,,,,,,,,,
"Report title:  Trends in State Parole, 1990-2000 NCJ 184735",,,,,,,,,,,,,,,,,,,,
"Data source:  National Corrections Reporting Program",,,,,,,,,,,,,,,,,,,,
"Refer questions to:  askbjs@ojp.usdoj.gov  202-307-0765",,,,,,,,,,,,,,,,,,,,
"Contact:  Timothy Hughes, Doris James Wilson, or Allen Beck",,,,,,,,,,,,,,,,,,,,
"Date of version:  9/6/01",,,,,,,,,,,,,,,,,,,,
,,,,,,,,,,,,,,,,,,,,
"Table 8.  Mean time served in prison for first releases to State parole, by method of release, 1999",,,,,,,,,,,,,,,,,,,,
,,,,,,,,,,,,,,,,,,,,
,,,,"Discretionary parole releases",,,,,,,,,,"Mandatory parole releases",,,,,,
"Most serious offense","Male",,"Female",,"White/a",,"Black/a",,"Hispanic",,"Male",,"Female",,"White/a",,"Black/a",,"Hispanic",
,,,,,,,,,,,,,,,,,,,,
"All offenses",36,"mo",26,"mo",34,"mo",37,"mo",33,"mo",34,"mo",24,"mo",31,"mo",38,"mo",30,"mo"
,,,,,,,,,,,,,,,,,,,,
"Violent offenses",60,"mo",45,"mo",58,"mo",62,"mo",47,"mo",48,"mo",36,"mo",47,"mo",53,"mo",41,"mo"
"  Murder/b",122,,91,,126,,116,,113,,104,,87,,112,,105,,97,
"  Manslaughter",58,,52,,52,,67,,39,,50,,42,,46,,53,,52,
"  Rape",93,,"--",,80,,122,,54,,86,,"--",,82,,98,,71,
"  Other sexual assault",52,,41,,52,,54,,40,,46,,44,,49,,43,,42,
"  Robbery",61,,40,,62,,61,,45,,51,,33,,52,,56,,39,
"  Assault",46,,34,,43,,48,,41,,32,,27,,30,,36,,29,
,,,,,,,,,,,,,,,,,,,,
"Property offenses",32,"mo",21,"mo",30,"mo",32,"mo",30,"mo",31,"mo",22,"mo",29,"mo",33,"mo",29,"mo"
"  Burglary",39,,27,,37,,41,,36,,37,,24,,35,,41,,34,
"  Larceny/theft",25,,19,,24,,23,,22,,26,,20,,25,,27,,24,
"  Motor vehicle theft",26,,21,,26,,26,,27,,24,,19,,23,,28,,24,
"  Fraud",26,,20,,24,,25,,26,,27,,22,,25,,27,,23,
,,,,,,,,,,,,,,,,,,,,
"Drug offenses",29,"mo",24,"mo",27,"mo",28,"mo",31,"mo",27,"mo",21,"mo",22,"mo",31,"mo",26,"mo"
"  Possession",27,,23,,24,,26,,34,,27,,20,,20,,34,,27,
"  Trafficking",29,,24,,28,,28,,29,,31,,26,,25,,36,,29,
,,,,,,,,,,,,,,,,,,,,
"Public-order offenses",21,"mo",19,"mo",19,"mo",22,"mo",22,"mo",26,"mo",21,"mo",24,"mo",29,"mo",24,"mo"
,,,,,,,,,,,,,,,,,,,,
"Note:  Based on prisoners with a sentence of more than 1 year.  Excludes prisoners",,,,,,,,,,,,,,,,,,,,
"released from prison by escape, death, transfer, appeal, or detainer.  Includes time",,,,,,,,,,,,,,,,,,,,
"served in prison and jail.",,,,,,,,,,,,,,,,,,,,
"--Not calculated",,,,,,,,,,,,,,,,,,,,
"a/Excludes persons of Hispanic origin.",,,,,,,,,,,,,,,,,,,,
"b/Includes nonnegligent manslaughter.",,,,,,,,,,,,,,,,,,,,
