"Bureau of Justice Statistics",,,,,,,,,,,,,,,,,,,,
"Filename:  tsp0005.csv",,,,,,,,,,,,,,,,,,,,
"Table #5: Sentence length and time served for first releases from State prison, 1990 and 1999",,,,,,,,,,,,,,,,,,,,
"Report title:  Trends in State Parole, 1990-2000 NCJ 184735",,,,,,,,,,,,,,,,,,,,
"Data source:  National Corrections Reporting Program",,,,,,,,,,,,,,,,,,,,
"Refer questions to:  askbjs@ojp.usdoj.gov  202-307-0765",,,,,,,,,,,,,,,,,,,,
"Contact:  Timothy Hughes, Doris James Wilson, or Allen Beck",,,,,,,,,,,,,,,,,,,,
"Date of version:  9/6/01",,,,,,,,,,,,,,,,,,,,
,,,,,,,,,,,,,,,,,,,,
"Table 5.  Sentence length and time served for first releases from State prison, 1990 and 1999",,,,,,,,,,,,,,,,,,,,
,,,,,,,,,,,,,,,,,,,,
,,,,,,,,,,,,,,,,,,,,
,"Mean",,,,,"Mean time served in--",,,,,,,,,,,"        Percent of",,,
"Most serious","sentence length/a",,,,,"Jail/b",,,,"Prison",,,"      Total time served/c",,,,"        sentence served",,,
"offense",1990,,1999,,1990,,1999,,1990,,1999,,1990,,1999,,1990,,1999,
,,,,,,,,,,,,,,,,,,,,
"All offenses",69,"mo",65,"mo",6,"mo",5,"mo",22,"mo",29,"mo",28,"mo",34,"mo",38.0,"%",48.7,"%"
,,,,,,,,,,,,,,,,,,,,
"Violent offenses",99,"mo",87,"mo",7,"mo",6,"mo",39,"mo",45,"mo",46,"mo",51,"mo",43.8,"%",55.0,"%"
"  Murder/e",209,,192,,9,,10,,83,,96,,92,,106,,43.1,,53.1,
"  Manslaughter",88,,102,,5,,6,,31,,49,,37,,56,,41.0,,52.5,
"  Rape",128,,124,,7,,6,,55,,73,,62,,79,,45.5,,58.3,
"  Other sexual assault",77,,76,,5,,6,,30,,42,,36,,47,,43.8,,57.0,
"  Robbery",104,,97,,7,,6,,41,,48,,48,,55,,42.8,,51.6,
"  Assault",64,,62,,6,,6,,23,,33,,30,,39,,43.9,,58.7,
,,,,,,,,,,,,,,,,,,,,
"Property",65,"mo",58,"mo",6,"mo",5,"mo",18,"mo",25,"mo",24,"mo",29,"mo",34.4,"%",45.6,"%"
"  Burglary",79,,73,,6,,5,,22,,31,,29,,36,,33.9,,44.3,
"  Larceny/theft",52,,45,,6,,4,,14,,19,,20,,24,,35.5,,46.9,
"  Motor vehicle theft",56,,44,,7,,5,,13,,20,,20,,25,,33.1,,52.5,
"  Fraud",56,,49,,6,,4,,14,,19,,20,,23,,33.2,,41.7,
,,,,,,,,,,,,,,,,,,,,
"Drug offenses",57,"mo",59,"mo",6,"mo",5,"mo",14,"mo",22,"mo",20,"mo",27,"mo",32.9,"%",42.8,"%"
"  Possession",61,,56,,6,,5,,12,,20,,18,,25,,29.0,,42.4,
"  Trafficking",60,,64,,6,,5,,16,,24,,22,,29,,34.8,,42.0,
,,,,,,,,,,,,,,,,,,,,
"Public-order",40,"mo",42,"mo",5,"mo",4,"mo",14,"mo",19,"mo",18,"mo",23,"mo",42.6,"%",51.1,"%"
,,,,,,,,,,,,,,,,,,,,
"Note:  Based on prisoners with a sentence of more than 1 year who were released for the first time on the current sentence.",,,,,,,,,,,,,,,,,,,,
"Excludes prisoners released from prison by escape, death, transfer, appeal, or detainer.",,,,,,,,,,,,,,,,,,,,
"a/Maximum sentence length for the most serious offense.  Excludes sentences of life, life without parole, life plus additional years, and death.",,,,,,,,,,,,,,,,,,,,
"b/Time served in jail and credited toward the current sentence.",,,,,,,,,,,,,,,,,,,,
"c/Based on time served in jail and in prison.  Detail may not add to total because of rounding.",,,,,,,,,,,,,,,,,,,,
"d/Based on total sentence length (not shown) for all consecutive sentences.",,,,,,,,,,,,,,,,,,,,
"e/Includes nonnegligent manslaughter.",,,,,,,,,,,,,,,,,,,,
