"Bureau of Justice Statistics",,,,
"Filename:  tsp0013.csv",,,,
"Table #13:  Demographic characteristics of State parole entries, 1990 and 1999",,,,
"Report title:  Trends in State Parole, 1990-2000 NCJ 184735",,,,
"Data source:  National Corrections Reporting Program",,,,
"Refer questions to:  askbjs@ojp.usdoj.gov  202-307-0765",,,,
"Contact:  Timothy Hughes, Doris James Wilson, or Allen Beck",,,,
"Date of version:  9/4/01",,,,
,,,,
"Table 13.  Demographic characteristics of State parole entries, 1990 and 1999",,,,
,,,,
,"              Percent of entries",,,
"Characteristic",1990,,1999,
,,,,
"Gender",,,,
"  Male",92.1,"%",90.1,"%"
"  Female",7.9,,9.9,
,,,,
"Race/Hispanic origin",,,,
"  White non-Hispanic",34.2,"%",35.4,"%"
"  Black non-Hispanic",48.8,,47.3,
"  Hispanic",16.3,,16.1,
"  Other",0.7,,1.2,
,,,,
"Age at prison release",,,,
"  17 or younger",0.2,"%",0.1,"%"
"  18-24",23.4,,16.3,
"  25-29",26.6,,19.0,
"  30-34",22.2,,19.7,
"  35-39",13.9,,19.2,
"  40-44",7.3,,13.5,
"  45-54",4.9,,10.2,
"  55 or older",1.5,,2.1,
,,,,
"  Mean age",31,"yrs",34,"yrs"
,,,,
"Education",,,,
"  8th grade or less",16.8,"%",11.0,"%"
"  Some high school",45.4,,39.8,
"  High school graduate",29.6,,42.2,
"  Some college or more",8.2,,7.0,
,,,,
"Note:  Based on prisoners with a sentence of",,,,
"more than 1 year who were released from ",,,,
"State prison.  Data are from the National ",,,,
"Corrections Reporting Program.",,,,
