"Bureau of Justice Statistics",,,,
"Filename:  tsp0012.csv",,,,
"Table #12:  Criminal justice characteristics of State parole entries, 1990 and 1999",,,,
"Report title:  Trends in State Parole, 1990-2000 NCJ 184735",,,,
"Data source:  National Corrections Reporting Program",,,,
"Refer questions to:  askbjs@ojp.usdoj.gov  202-307-0765",,,,
"Contact:  Timothy Hughes, Doris James Wilson, or Allen Beck",,,,
"Date of version:  9/6/01",,,,
,,,,
"Table 12.  Criminal justice characteristics of State parole entries, 1990 and 1999",,,,
,,,,
,"              Percent of entries",,,
"Characteristic",1990,,1999,
,,,,
"Most serious offense",,,,
"  Violent",24.8,"%",24.4,"%"
"  Property",38.7,,30.8,
"  Drug",27.2,,35.3,
"  Public-order",7.4,,9.0,
"  Other",2.0,,0.5,
,,,,
"Method of release",,,,
"  Discretionary parole",59.8,"%",41.7,"%"
"  Mandatory parole",40.2,,58.3,
,,,,
"Type of release",,,,
"  First release",72.4,"%",54.2,"%"
"  Re-release",27.2,,45.4,
"  Other",0.5,,0.4,
,,,,
"Time served",,,,
"  First releases",,,,
"    Less than 12 mos.",47.0,"%",34.0,"%"
"    12-23",25.2,,27.7,
"    24-59",20.3,,26.1,
"    60 or more",7.5,,12.3,
,,,,
"    Mean time served",22,"mo",29,"mo"
,,,,
"  Re-releases",,,,
"    Less than 12 mos.",74.2,"%",72.3,"%"
"    12-23",15.8,,13.7,
"    24-59",8.1,,10.3,
"    60 or more",1.9,,3.7,
,,,,
"    Mean time served",11,"mo",13,"mo"
,,,,
"Note:  Based on prisoners with a sentence of",,,,
"more than 1 year who were released from ",,,,
"State prison.  Data are from the National ",,,,
"Corrections Reporting Program.",,,,
