"Bureau of Justice Statistics",,
"Filename:  tsp0011.csv",,
"Table #11:  State parole entries and discharges, 1980 and 1990-2000",,
"Report title:  Trends in State Parole, 1990-2000 NCJ 184735",,
"Data source:  Annual Parole Survey",,
"Refer questions to:  askbjs@ojp.usdoj.gov  202-307-0765",,
"Contact:  Timothy Hughes, Doris James Wilson, or Allen Beck",,
"Date of version:  9/4/01",,
,,
"Table 11.  State parole entries and",,
"discharges, 1980 and 1990-2000",,
,,
"Year","Entries","Discharges"
1980,113383,105215
,,
1990,349030,274697
1991,355748,300084
1992,362466,325470
1993,372823,366038
1994,382999,374183
1995,381878,368746
1996,390537,372875
1997,396651,389074
1998,409922,402946
1999,423850,410613
2000,441605,432183
,,
"Note:  Based on the Annual Parole Survey,",,
"1980-2000.  Counts are for entries and",,
"discharges between January 1 and December",,
"31 of each year.",,
