"Bureau of Justice Statistics",,
"Filename:  tsp0009.csv",,
"Table #9:  Characteristics of State prisoners expected to be released by yearend 1999",,
"Report title:  Trends in State Parole, 1990-2000 NCJ 184735",,
"Data source:  Survey of Inmates in State Adult Correctional Facilities, 1997",,
"Refer questions to:  askbjs@ojp.usdoj.gov  202-307-0765",,
"Contact:  Timothy Hughes, Doris James Wilson, or Allen Beck",,
"Date of version:  9/4/01",,
,,
"Table 9.  Characteristics of State",,
"prisoners expected to be released",,
"by yearend 1999",,
,,
,"Percent of",
,"expected",
"Characteristic","releases",
,,
"Most serious offense",,
"  Violent",33.2,"%"
"  Property",26.6,
"  Drug",26.7,
"  Public-order",13.3,
"  Other",0.2,
,,
"Number of prior incarcerations",,
"  0",44.0,"%"
"  1",20.6,
"  2",9.9,
"  3 to 5",15.3,
"  6 or more",10.2,
,,
"Criminal justice status at time of arrest",,
"  None",46.4,"%"
"  On probation",26.2,
"  On parole",26.7,
"  Escape",0.7,
,,
"Note:  Based on data from the Survey of",,
"Inmates in State Adult Correctional Facilities, 1997.",,
