"Bureau of Justice Statistics",,,,,,,,,,
"Filename:  tsp0016.csv",,,,,,,,,,
"Table #16:  Percent successful among State parole discharges, by method of release from prison, 1990-99",,,,,,,,,,
"Report title:  Trends in State Parole, 1990-2000 NCJ 184735",,,,,,,,,,
"Data source:  Annual Parole Survey and National Corrections Reporting Program",,,,,,,,,,
"Refer questions to:  askbjs@ojp.usdoj.gov  202-307-0765",,,,,,,,,,
"Contact:  Timothy Hughes, Doris James Wilson, or Allen Beck",,,,,,,,,,
"Date of version:  9/5/01",,,,,,,,,,
,,,,,,,,,,
"Table 16.  Percent successful among State parole discharges, ",,,,,,,,,,
"by method of release from prison, 1990-99",,,,,,,,,,
,,,,,,,,,,
,,,"         Type of release/b",,,,"          Method of release/b",,,
,,,"First",,,,"Discretionary",,"Mandatory",
"Year","All discharges/a",,"release",,"Re-release",,"parole",,"parole",
,,,,,,,,,,
1990,44.6,"%",56.4,"%",14.6,"%",51.6,"%",23.8,"%"
1991,46.8,,60.7,,17.1,,52.6,,24.9,
1992,48.6,,57.4,,22.5,,50.7,,29.8,
1993,46.9,,65.4,,23.0,,54.8,,33.5,
1994,44.3,,56.7,,19.1,,52.2,,30.4,
,,,,,,,,,,
1995,44.3,,63.4,,18.0,,54.3,,28.0,
1996,45.2,,67.4,,19.4,,55.9,,30.2,
1997,43.4,,63.4,,18.7,,55.8,,30.8,
1998,43.8,,62.9,,20.5,,55.3,,32.2,
1999,41.9,,63.5,,21.1,,54.1,,33.1,
,,,,,,,,,,
"a/Data are from the Annual Parole Survey.",,,,,,,,,,
"b/Data are from the National Corrections Reporting Program.",,,,,,,,,,
