Bureau of Justice Statistics,,,,,,,,,,,,,,,,,,
Filename: fvs0402.csv,,,,,,,,,,,,,,,,,,
"Table 4.2: Percent of family violence reported to police between 1998 and 2002, compared to nonfamily violence, by relationship and offense type",,,,,,,,,,,,,,,,,,
Report title:  Family Violence Statistics: Including Statistics on Strangers and Acquaintances NCJ 207846,,,,,,,,,,,,,,,,,,
"Data source:  National Crime Victimization Survey, 1998 - 2002",,,,,,,,,,,,,,,,,,
"Authors:  Matthew R. Durose, Caroline Wolf Harlow, Ph.D., Patrick A. Langan, Ph.D., Mark Motivans, Ph.D., Ramona R. Rantala, Erica L. Schmitt",,,,,,,,,,,,,,,,,,
Refer questions to:  askbjs@usdoj.gov   202-307-0765,,,,,,,,,,,,,,,,,,
Date of version:  6/12/05,,,,,,,,,,,,,,,,,,

"Table 4.2: Percent of family violence reported to police between 1998 and 2002, compared to nonfamily violence, by relationship and offense type",,,,,,,,,,,,,,,,,,

,,,"Percent reported, for crimes in which the victim was the offender's �",,,,,,,,,,,,,,,
,,,Family member,,,,,,,,Nonfamily member,,,,,,,
Type of offense,All non-fatal violent crimes,,Total,,Spouse,,Son or daughter,,Other family,,  Total,,Boyfriend or girlfriend,,Friend or acquaintance,, Stranger,

All offenses,47.2,%,59,%,61.7,%,47.3,%,58.8,%,45.7,%,55.4,%,40,%,48.9,%

Sex offenses,38.2,%,39.1,%,36.2,%*,58.8,%*,35,%*,38.1,%,29.8,%,35,%,46.4,%
Rape,42.8,,43.6,,37.3,*,50.8,*,61.7,*,42.6,,26.7,,42.9,,52.5,
Sexual assault,31.8,,26,*,32.1,*,100,*,0,*,32.2,,39.5,*,25.7,,40.1,
Robbery,60.8,,70.6,,75.1,,75,,62.9,,59.8,,75.6,,52.4,,60.5,
Aggravated assault,57.9,,63.3,,60.5,,53.9,,67.8,,57.3,,69.1,,52,,59.4,
Simple assault,42.4,,57.5,,62,,40.9,,56.3,,40.4,,53,,36.7,,42.1,

Total offenses,"32,116,920",,"3,534,150",,"1,729,360",,"369,220",,"1,435,570",,"28,582,770",,"2,034,160",,"11,753,660",,"14,794,960",

"Note: Data identifying the victim's relationship to the offender were reported for 95.9% of 33,501,120 nonfatal violent crimes.  Of these 32,116,920 crimes with known relationships, offense type was known for all victims, and police notification was reported for 98.7%.   Detail may not add to total because of rounding. ",,,,,,,,,,,,,,,,,,
*Estimate based on 10 or fewer sample cases. ,,,,,,,,,,,,,,,,,,
"Source: BJS, 1998 � 2002 National Crime Victimization Survey. ",,,,,,,,,,,,,,,,,,
