Bureau of Justice Statistics,,,,,,,,,,,,,,,,,,
Filename: fvs0403.csv,,,,,,,,,,,,,,,,,,
"Table 4.3: Percent of family violence reported to police between 1998 and 2002, compared to percent of nonfamily violence, by relationship and demographic characteristics of victim",,,,,,,,,,,,,,,,,,
Report title:  Family Violence Statistics: Including Statistics on Strangers and Acquaintances NCJ 207846,,,,,,,,,,,,,,,,,,
"Data source:  National Crime Victimization Survey, 1998 - 2002",,,,,,,,,,,,,,,,,,
"Authors:  Matthew R. Durose, Caroline Wolf Harlow, Ph.D., Patrick A. Langan, Ph.D., Mark Motivans, Ph.D., Ramona R. Rantala, Erica L. Schmitt",,,,,,,,,,,,,,,,,,
Refer questions to:  askbjs@usdoj.gov   202-307-0765,,,,,,,,,,,,,,,,,,
Date of version:  6/12/05,,,,,,,,,,,,,,,,,,

"Table 4.3: Percent of family violence reported to police between 1998 and 2002, compared to percent of nonfamily violence, by relationship and demographic characteristics of victim",,,,,,,,,,,,,,,,,,

,,,"Percent reported, for crimes in which the victim was the offender's �",,,,,,,,,,,,,,,
,,,Family member,,,,,,,,Nonfamily member,,,,,,,
Victim characteristic,All non-fatal violent crimes,,Total,,Spouse,,Son or daughter,,Other family,,  Total,,Boyfriend or girlfriend,,Friend or acquaintance,,Stranger,

All offenses,47.2,%,59,%,61.7,%,47.3,%,58.8,%,45.7,%,55.4,%,40,%,48.9,%

Gender,,,,,,,,,,,,,,,,,,
Male,43,%,55.9,%,53.8,%,52,%,57.8,%,42.2,%,50.5,%,35.2,%,46.5,%
Female,52.3,,60.1,,63.1,,44.5,,59.4,,50.5,,56.2,,45.6,,54,

Race/Hispanic origin,,,,,,,,,,,,,,,,,,
White,46,%,58.1,%,60.7,%,45,%,58.6,%,44.4,%,50.4,%,39.1,%,48.1,%
Other races/a,50.3,,61.5,,64.9,,55.8,,59.3,,49,,67.5,,42.8,,50.7,

Age,,,,,,,,,,,,,,,,,,
Under 18,32,%,38,%,18.8,%*,46.9,%,30.3,%,31.7,%,47.6,%,28.7,%,35.2,%
18 - 24,44.7,,62.8,,68.5,,50.5,,62.1,,43.1,,52.6,,37.8,,44.3,
25 - 34,56.9,,63,,64.2,,53.4,*,62.3,,55.9,,60.4,,54,,56.3,
35 - 54,53.5,,59.1,,59,,35.7,*,60.5,,52.3,,57.6,,47.2,,55.3,
55 or older,56.8,,68.1,,54.6,,0,*,75,,55.1,,62.3,*,53.9,,55.6,

Total offenses,"32,116,920",,"3,534,150",,"1,729,360",,"369,220",,"1,435,570",,"28,582,770",,"2,034,160",,"11,753,660",,"14,794,960"

"Note: Data identifying the victim's relationship to the offender were reported for 95.9% of 33,501,120 nonfatal violent crimes.  Of these 32,116,920 crimes with known relationships, victim characteristics were reported for virtually all victims, and police  notification was reported for 98.7%. Detail may not add to total because of rounding. ",,,,,,,,,,,,,,,,,
*Estimate based on 10 or fewer sample cases. ,,,,,,,,,,,,,,,,,
a/Includes victims of Hispanic origin. ,,,,,,,,,,,,,,,,,
"Source: BJS, 1998 � 2002 National Crime Victimization Survey. ",,,,,,,,,,,,,,,,,
