Bureau of Justice Statistics,,,,,,,,,,,
Filename: pffcl20at02.csv,,,,,,,,,,,
"Appendix Table 2. Standard errors for table 2: Percent of publicly funded forensic crime laboratories, by jurisdiction of lab and forensic function performed, 2020",,,,,,,,,,,
"Report title: Publicly Funded Forensic Crime Laboratories, 2020   NCJ 306473",,,,,,,,,,,
"Data source: Bureau of Justice Statistics, Census of Publicly Funded Forensic Crime Laboratories, 2020",,,,,,,,,,,
"Author: Connor Brooks, BJS Statistician",,,,,,,,,,,
Refer questions to: askbjs@usdoj.gov (202) 307-0765,,,,,,,,,,,
Date of version: 12/28/23,,,,,,,,,,,
,,,,,,,,,,,
"Appendix Table 2. Standard errors for table 2: Percent of publicly funded forensic crime laboratories, by jurisdiction of lab and forensic function performed, 2020",,,,,,,,,,,
,,,,Jurisdiction,,,,,,,
Forensic function performed,,All crime labs,,Federal,,State,,County,,Municipal,
Controlled substances analysis,,0.75,%,3.08,%,0.74,%,1.14,%,2.13,%
Latent prints analysis,,0.77,%,3.55,%,1.01,%,1.49,%,1.16,%
,Print development,0.43,,0,,0,,1.08,,1.01,
,Comparisons analysis,0.81,,4.17,,0.78,,1.2,,1.4,
Firearms/toolmarks analysis,,0.82,%,3.28,%,1.02,%,1.42,%,1.98,%
Forensic biology,,0.75,%,3.28,%,0.86,%,1.15,%,1.89,%
,Forensic biology casework,0.47,,7.18,,0.2,,0.68,,1.15,
,Sexual assault casework,0.69,,7.09,,0.59,,0.86,,0,
,Probabilistic genotyping,1.01,,5.92,,1.37,,1.68,,2.9,
,Direct to DNA,1,,7.36,,1.36,,1.55,,2.77,
,DNA databasing of convicted person samples,0.84,,7.66,,1.32,,1.13,,0.84,
,DNA databasing of arrested person samples,0.7,,7.09,,1.05,,1.01,,1.15,
Toxicology,,0.78,%,2.12,%,1.06,%,1.52,%,1.96,%
,Antemortem blood alcohol content analysis,0.65,,13.04,,0.63,,1.23,,0,
,Antemortem drug analysis,1.15,,0,,1.43,,2.01,,3.45,
,Postmortem analysis,1.14,,0,,1.46,,2.22,,1.05,
Crime scene analysis,,0.87,%,3.86,%,1.22,%,1.48,%,1.71,%
,Evidence collection,0.27,,0,,0.4,,0.85,,0,
,Scene reconstruction,1.38,,4.86,,1.93,,2.33,,2.7,
Trace evidence analysis,,0.86,%,4.09,%,1.16,%,1.34,%,1.72,%
,Fire debris analysis,1.4,,6.54,,1.33,,2.2,,3.69,
,Chemical unknown analysis,1.21,,0,,1.64,,2.31,,3.63,
,Paint analysis,1.36,,6.54,,1.54,,2.24,,2.97,
,Hair examination,1.37,,6.27,,1.58,,2.3,,3.64,
,Fiber examination,1.36,,6.54,,1.54,,2.22,,3.33,
,Gunshot residue testing,1.19,,3.5,,1.5,,2.31,,3.44,
,Explosives analysis,1.25,,6.27,,1.53,,1.57,,2.41,
Impressions analysis,,0.77,%,2.6,%,1.05,%,1.32,%,2.01,%
,Footwear analysis,0.83,,0,,0,,1.86,,2.45,
,Tire tread analysis,1.3,,11.52,,1.15,,2.4,,3.26,
Digital evidence analysis,,0.84,%,4.31,%,0.91,%,1.17,%,1.92,%
,Smartphone/tablet/mobile device analysis ,1.23,,3.51,,3.1,,2.24,,1.05,
,Storage media analysis,1.29,,3.51,,2.62,,0,,2.62,
,Traditional cellphone analysis ,1.63,,3.51,,3.1,,3.13,,3.07,
,Laptop/desktop computer analysis ,1.85,,4.82,,3.52,,3.13,,3.13,
,Video analysis ,2.14,,7.41,,3.22,,3.13,,3.07,
,GPS/navigation systems analysis,2.17,,6.67,,3.08,,3.69,,3.31,
,Audio files analysis,2.25,,7.83,,2.83,,3.7,,3.47,
,Cloud/server analysis,2.08,,6.37,,2.49,,3.71,,3.59,
Questioned documents analysis,,0.59,%,3.6,%,0.7,%,0.58,%,1.08,%
"Source: Bureau of Justice Statistics, Census of Publicly Funded Forensic Crime Laboratories, 2020.",,,,,,,,,,,
