Bureau of Justice Statistics,,,,,
Filename: pffcl20at10.csv,,,,,
"Appendix Table 10. Standard errors for table 8: Number of full-time-equivalent employees in and requests received by publicly funded forensic crime laboratories, by jurisdiction of lab, 2019 and 2020",,,,,
"Report title: Publicly Funded Forensic Crime Laboratories, 2020   NCJ 306473",,,,,
"Data source: Bureau of Justice Statistics, Census of Publicly Funded Forensic Crime Laboratories, 2020",,,,,
"Author: Connor Brooks, BJS Statistician",,,,,
Refer questions to: askbjs@usdoj.gov (202) 307-0765,,,,,
Date of version: 12/28/23,,,,,
,,,,,
"Appendix Table 10. Standard errors for table 8: Number of full-time-equivalent employees in and requests received by publicly funded forensic crime laboratories, by jurisdiction of lab, 2019 and 2020",,,,,
,,FTE employees,,Requests,
Jurisdiction,,2019,2020,2019,2020
,All crime labs,282,263,"69,181","55,042"
Federal,,224,227,"16,327","13,359"
State,,131,81,"54,571","47,770"
County,,62,58,"35,495","20,864"
Municipal,,91,88,"16,778","11,571"
"Source: Bureau of Justice Statistics, Census of Publicly Funded Forensic Crime Laboratories, 2020.",,,,,
