"Bureau of Justice Statistics",,,,,,,,,,
"filename: scs96310.csv",,,,,,,,,,
"table #: Table 3.10.  Average age of felons sentenced to probation or",,,,,,,,,,
"to incarceration without probation in State courts, by offense, 1996",,,,,,,,,,
"report title:  State Court Sentencing of Convicted Felons, 1996; NCJ 175708",,,,,,,,,,
"data sources:  National Judicial Reporting Program",,,,,,,,,,
"authors:  David J. Levin, Patrick A. Langan, & Jodi M. Brown ",,,,,,,,,,
"refer questions to:  askbjs@ojp.usdoj.gov  (202) 307-0765",,,,,,,,,,
"date of version:  02/15/00",,,,,,,,,,
,,,,,,,,,,
"Table 3.10.  Average age of felons sentenced to probation or",,,,,,,,,,
"to incarceration without probation in State courts, by offense, 1996",,,,,,,,,,
,,,,,,,,,,
,,,,,,,"Incarceration",,,
"Most serious",,,,"Probation",,,"without probation*",,,
"conviction offense",,,"Mean ",,"Median",,"Mean",,"Median",
,,,,,,,,,,
,,"All offenses",31,"yrs",29,"yrs",31,"yrs",30,"yrs"
,,,,,,,,,,
"Violent offenses",,,31,"yrs",29,"yrs",30,"yrs",27,"yrs"
,,,,,,,,,,
,"Murder /a",,28,,25,,29,,25,
,"Sexual assault /b",,35,,33,,35,,34,
,"Robbery",,25,,22,,26,,24,
,"Aggravated assault",,31,,29,,30,,28,
,"Other violent /c",,32,,30,,32,,32,
,,,,,,,,,,
"Property offenses",,,29,"yrs",28,"yrs",31,"yrs",30,"yrs"
,,,,,,,,,,
,"Burglary",,26,,23,,30,,29,
,"Larceny /d",,29,,28,,32,,31,
,"Fraud /e",,32,,30,,32,,31,
,,,,,,,,,,
"Drug offenses",,,31,"yrs",30,"yrs",32,"yrs",31,"yrs"
,,,,,,,,,,
,"Possession",,32,,32,,33,,33,
,"Trafficking",,30,,29,,31,,30,
,,,,,,,,,,
"Weapons offenses",,,30,"yrs",27,"yrs",29,"yrs",27,"yrs"
,,,,,,,,,,
"Other offenses /f",,,32,"yrs",31,"yrs",33,"yrs",32,"yrs"
,,,,,,,,,,
"Note: See note on tables 2.1 and 3.1.",,,,,,,,,,
"* Includes a small number who received only a fine, community service, treatment, or other type sanction without probation.",,,,,,,,,,
"a/ Includes nonnegligent manslaughter. ",,,,,,,,,,
"b/ Includes rape.",,,,,,,,,,
"c/ Includes offenses such as negligent manslaughter and kidnaping.",,,,,,,,,,
"d/ Includes motor vehicle theft.",,,,,,,,,,
"e/ Includes forgery and embezzlement.",,,,,,,,,,
"f/ Composed of nonviolent offenses such as receiving stolen property and vandalism.",,,,,,,,,,
