"Bureau of Justice Statistics",,,,,,,,,,,,,,
"filename:  ncrp0113.csv",,,,,,,,,,,,,,
"NCRP0113 -  First entries to parole supervision from State prison, 2001:  Offense, by gender, race, and Hispanic origin",,,,,,,,,,,,,,
"data source:  National Corrections Reporting Program, 2001",,,,,,,,,,,,,,
"author:  Timothy Hughes ",,,,,,,,,,,,,,
"refer questions to:  askbjs@usdoj.gov      202-307-0765",,,,,,,,,,,,,,
"date of version 05/07/04",,,,,,,,,,,,,,
,,,,,,,,,,,,,,
,,,,,,,,,,,,,,
" ",,,,,"First entries to parole supervision",,,,,,,,,
,,,,,,"  ",,,,,," ",,
"Most serious offense","    All",,"  Male"," "," Female",,"White\1",,"Black\1",,"Other\2",,"Hispanic\3",
,,,,,,,,,,,,,,
"         All offenses",100.0,"%",100.0,"%",100.0,"%",100.0,"%",100.0,"%",100.0,"%",100.0,"%"
,,,,,,,,,,,,,,
"Violent offenses",26.1,"%",27.4,"%",15.1,"%",23.8,"%",27.4,"%",34.6,"%",28.4,"%"
"   Homicide",2.5,,2.5,,2.3,,2.2,,2.8,,2.4,,2.4,
"      Murder/nonnegligent manslaughter",1.6,,1.6,,1.4,,1.2,,2.0,,1.2,,1.8,
"         Murder",1.2,,1.2,,1.0,,0.9,,1.5,,0.8,,0.9,
"         Nonnegligent manslaughter",0.4,,0.4,,0.4,,0.2,,0.4,,0.4,,0.8,
"      Negligent manslaughter",0.8,,0.8,,0.9,,1.0,,0.8,,1.2,,0.5,
"      Unspecified homicide",0.0,"*",0.0,"*",0.0,"*",0.0,"*",0.0,"*",0.1,,0.1,
"   Kidnapping",0.6,,0.6,,0.3,,0.6,,0.5,,1.2,,0.6,
"   Rape",1.4,,1.6,,0.1,,1.9,,1.1,,2.5,,1.2,
"   Other sexual assault",3.0,,3.3,,0.4,,4.3,,1.5,,4.7,,3.8,
"   Robbery",8.6,,9.1,,4.5,,5.4,,12.1,,7.9,,7.9,
"   Assault",8.6,,8.9,,5.9,,7.8,,8.5,,12.8,,10.5,
"   Other violent",1.4,,1.3,,1.6,,1.6,,0.9,,3.0,,2.0,
,,,,,,,,,,,,,,
"Property offenses",27.6,"%",26.8,"%",33.7,"%",34.3,"%",23.3,"%",28.6,"%",19.4,"%"
"   Burglary",11.7,,12.4,,6.2,,14.8,,9.5,,10.7,,8.2,
"   Larceny/theft",6.5,,5.9,,11.4,,7.5,,6.3,,6.5,,4.2,
"   Motor vehicle theft",2.2,,2.4,,1.3,,2.3,,1.8,,3.2,,3.2,
"   Arson",0.5,,0.5,,0.6,,0.7,,0.4,,0.5,,0.3,
"   Fraud",4.2,,3.2,,12.3,,5.8,,3.6,,4.7,,1.5,
"   Stolen property",1.5,,1.5,,1.4,,1.9,,1.2,,1.5,,1.7,
"   Other property",0.9,,0.9,,0.5,,1.3,,0.6,,1.4,,0.4,
,,,,,,,,,,,,,,
"Drug offenses",35.0,"%",33.9,"%",43.7,"%",27.1,"%",41.5,"%",21.6,"%",42.8,"%"
"   Possession",9.6,,9.3,,12.8,,8.9,,10.4,,7.5,,9.4,
"   Trafficking",17.8,,17.7,,18.9,,12.0,,22.4,,10.7,,27.5,
"   Other/unspecified drug",7.5,,7.0,,12.0,,6.2,,8.7,,3.4,,5.9,
,,,,,,,,,,,,,,
"Public-order offenses",10.9,"%",11.4,"%",6.8,"%",14.2,"%",7.5,"%",14.7,"%",8.9,"%"
"   Weapons",2.8,,3.0,,0.7,,2.0,,3.2,,2.3,,3.6,
"   Driving while intoxicated",4.3,,4.5,,2.1,,7.1,,1.1,,6.4,,2.9,
"   Other public-order",3.9,,3.8,,4.0,,5.1,,3.1,,5.9,,2.4,
,,,,,,,,,,,,,,
"Other offenses",0.5,"%",0.4,"%",0.7,"%",0.6,"%",0.4,"%",0.5,"%",0.5,"%"
,,,,,,,,,,,,,,
"         Number of parole entries",208517,,186145,,22370,,84017,,90088,,2946,,29065,
,,,,,,,,,,,,,,
,,,,,,,,,,,,,,
"Note:  Data on most serious offense were reported for 99.7% of the 209,169 State parole entries who had entered prison with a total sentence of more than a year.",,,,,,,,,,,,,,
"*Less than 0.05%.",,,,,,,,,,,,,,
"1\Includes persons of Hispanic origin.",,,,,,,,,,,,,,
"2\Includes American Indians/Alaskan Natives, Asians, Native Hawaiians, or other Pacific Islanders.",,,,,,,,,,,,,,
"3\Includes persons of all races.",,,,,,,,,,,,,,
,,,,,,,,,,,,,,
"In 2001, 37 States submitted a total of 530,160 admissions to prison, 37 States submitted a total of 517,314 releases from prison, and 29 States submitted a total of 320,270 discharges from parole.",,,,,,,,,,,,,,
