"Bureau of Justice Statistics",,,,,,,,
"filename:  ncrp0101.csv",,,,,,,,
"NCRP0101 -  State prison admissions, 2001:  Offense, by type of admission",,,,,,,,
"data source:  National Corrections Reporting Program, 2001",,,,,,,,
"author:  Timothy Hughes ",,,,,,,,
"refer questions to:  askbjs@usdoj.gov      202-307-0765",,,,,,,,
"date of version 05/07/04",,,,,,,,
,,,,,,,,
,,"Percent of State prison admissions",,,,,,
"Most serious offense","All admissions\1",,"New court commitments",,"Parole revocations",,"  Other\2",
,,,,,,,,
"         All offenses",100.0,"%",100.0,"%",100.0,"%",100.0,"%"
,,,,,,,,
"Violent offenses",26.9,"%",29.0,"%",23.7,"%",20.2,"%"
"   Homicide",2.7,,3.3,,1.7,,4.3,
"      Murder/nonnegligent manslaughter",2.0,,2.3,,1.3,,3.5,
"         Murder",1.6,,2.0,,0.9,,2.9,
"         Nonnegligent manslaughter",0.3,,0.3,,0.4,,0.6,
"      Negligent manslaughter",0.7,,0.9,,0.4,,0.7,
"      Unspecified homicide",0.0,"*",0.1,,0.0,"*",0.0,"*"
"   Kidnapping",0.6,,0.7,,0.5,,0.3,
"   Rape",1.4,,1.7,,1.0,,1.1,
"   Other sexual assault",3.9,,4.7,,2.7,,1.1,
"   Robbery",8.3,,7.8,,9.0,,8.1,
"   Assault",8.7,,9.4,,7.6,,4.8,
"   Other violent",1.3,,1.4,,1.2,,0.6,
,,,,,,,,
"Property offenses",29.3,"%",26.9,"%",32.7,"%",39.9,"%"
"   Burglary",11.7,,10.4,,13.6,,16.0,
"   Larceny/theft",7.4,,6.5,,8.6,,10.1,
"   Motor vehicle theft",2.6,,1.9,,3.8,,1.8,
"   Arson",0.5,,0.6,,0.4,,0.7,
"   Fraud",4.2,,4.6,,3.4,,6.6,
"   Stolen property",2.1,,2.0,,2.3,,2.0,
"   Other property",0.9,,1.0,,0.6,,2.7,
,,,,,,,,
"Drug offenses",32.3,"%",31.0,"%",34.9,"%",28.2,"%"
"   Possession",9.6,,9.8,,9.4,,9.6,
"   Trafficking",15.4,,15.1,,16.1,,15.6,
"   Other/unspecified drug",7.3,,6.2,,9.4,,3.0,
,,,,,,,,
"Public-order offenses",10.9,"%",12.5,"%",8.2,"%",11.3,"%"
"   Weapons",3.1,,3.1,,3.1,,2.1,
"   Driving while intoxicated",3.4,,4.2,,2.0,,5.0,
"   Other public-order",4.5,,5.3,,3.1,,4.2,
,,,,,,,,
"Other offenses",0.5,"%",0.5,"%",0.5,"%",0.4,"%"
,,,,,,,,
"         Number of admissions","477,768 ",,"294,147 ",,"173,841 ",,"7,223 ",
,,,,,,,,
,,,,,,,,
"Note:  Data on most serious offense were reported for 99.7% of the 479,234 admissions to State prison with a total sentence of more than a year. Detail may not add to total because of rounding.",,,,,,,,
"*Less than 0.05%.",,,,,,,,
"1\Includes 426 cases missing admission type.",,,,,,,,
"2\Includes escapee returned and transfer/appeal bond.",,,,,,,,
,,,,,,,,
"In 2001, 37 States submitted a total of 530,160 admissions to prison, 37 States submitted a total of 517,314 releases from prison, and 29 States submitted a total of 320,270 discharges from parole.",,,,,,,,
