Bureau of Justice Statistics,,,,,,,,,,,,
filename:  ccpuft02.csv,,,,,,,,,,,,
"Table 2. Complaint dispositions in large law enforcement agencies, by type of agency, 2002",,,,,,,,,,,,
"title: Citizen Complaints about Police Use of Force, NCJ 210296",,,,,,,,,,,,
data source:  2003 Law Enforcement Management and Administrative Statistics,,,,,,,,,,,,
"author:  Matthew J. Hickman, Ph.D.",,,,,,,,,,,,
refer questions to: askbjs@usdoj.gov (202)307-0765,,,,,,,,,,,,
date of version: 5/1/06,,,,,,,,,,,,

"Table 2. Complaint dispositions in large law enforcement agencies, by type of agency, 2002",,,,,,,,,,,,

,,,Complaint dispositions,,,,,,,,,
Type of agency,Total with disposition,,Not sustained,,Unfounded,,Exonerated,,Sustained,,Other disposition,
All large agencies,94,%,34,%,25,%,23,%,8,%,9,%
Local agencies,94,%,35,%,26,%,23,%,8,%,9,%
Municipal police,94,,37,,25,,21,,8,,9,
Sheriffs' offices,95,,20,,30,,32,,12,,6,
County police,93,,25,,17,,35,,6,,17,
Primary State agencies,95,%,16,%,19,%,52,%,9,%,4,%
