Bureau of Justice Statistics,,,,
filename:  ccpuft01.csv,,,,
"Table 1. Citizen complaints about police use of force per agency, per 100 full-time aworn officers, and per 100 full-time sworn officers responding to calls for service, by type of agency, 2002",,,,
"title: Citizen Complaints about Police Use of Force, NCJ 210296",,,,
data source:  2003 Law Enforcement Management and Administrative Statistics,,,,
"author:  Matthew J. Hickman, Ph.D.",,,,
refer questions to: askbjs@usdoj.gov (202)307-0765,,,,
date of version: 5/1/06,,,,

"Table 1. Citizen complaints about police use of force per agency, per 100 full-time aworn officers, and per 100 full-time sworn officers responding to calls for service, by type of agency, 2002",,,,

,"Force complaints received, 2002",,,
Type of agency,Total,Per agency,Per 100 full-time sworn officers,Per 100 full-time sworn officers responding to calls for service
All large agencies,"26,556",33,6.6,10.9
Local agencies,"25,816",35,7.5,12.9
Municipal police,"22,238",45,9.5,15.4
Sheriffs' offices,"2,815",13,3.4,7.1
County police,763,24,2.9,4.5
Primary State agencies,740,15,1.3,1.7
