Bureau of Justice Statistics,,,
filename:  ccpuftt01.csv,,,
In-text table 1. Force complaints received by large law enforcement agencies,,,
"title: Citizen Complaints about Police Use of Force, NCJ 210296",,,
data source:  2003 Law Enforcement Management and Administrative Statistics,,,
"author:  Matthew J. Hickman, Ph.D.",,,
refer questions to: askbjs@usdoj.gov (202)307-0765,,,
date of version: 5/1/06,,,

In-text table 1. Force complaints received by large law enforcement agencies,,,

,Force complaints received by large law enforcement agencies,,
Full-time sworn,    Per agency,  Per 100 full-time sworn officers,Per 100 full-time sworn officers responding to calls 
Total,33,6.6,10.9
"1,000 or more",214,7.7,12.4
500-999,48,6.9,11.8
250-499,20,5.6,9.6
100-249,7,4.2,6.7
