Bureau of Justice Statistics,,,,,,
Filename: cv22at09.csv,,,,,,
"Appendix table 9. Standard errors for table 8: Rate of victimization, by type of crime and location of residence, 2021 and 2022",,,,,,
"Report title: Criminal Victimization, 2022   NCJ 307089",,,,,,
"Data source: Bureau of Justice Statistics, National Crime Victimization Survey, 2021 and 2022",,,,,,
"Authors: Alexandra Thompson and Susannah N. Tapp, PhD, BJS Statisticians",,,,,,
Refer questions to: askbjs@usdoj.gov 202-307-0765,,,,,,
Date of version: 9/14/2023,,,,,,
,,,,,,
"Appendix table 9. Standard errors for table 8: Rate of victimization, by type of crime and location of residence, 2021 and 2022",,,,,,
,Total violent crime,,Violent crime excluding simple assault,,Total property crime,
Location of residence,2021,2022,2021,2022,2021,2022
Urban,2.06,2.79,1.14,1.65,6.59,7.52
Suburban,1,1.11,0.38,0.76,1.96,2.25
Rural,1.29,1.8,0.79,1.04,3.81,3.98
"Source: Bureau of Justice Statistics, National Crime Victimization Survey, 2021 and 2022.",,,,,,
