Bureau of Justice Statistics,,,,,,,
File name: imhprpji1112t01.csv,,,,,,,
"Table 1. Prevalence of mental health indicators among prison and jail inmates, by type of indicator, 2011-2012",,,,,,,
"Report title: Indicators of Mental Health Problems Reported by Prisoners and Jail Inmates, 2011-12",,,,,,,
"Data source: Bureau of Justice Statistics, National Inmate Survey, 2011-2012. ",,,,,,,
"Author: Jennifer Bronson, Ph.D., BJS Statistician Marcus Berzofsky, Dr. P.H., RTI International",,,,,,,
Refer questions to: askbjs@usdoj.gov (202) 307-0765,,,,,,,
Date of version: 6/22/2017,,,,,,,
,,,,,,,
"Table 1. Prevalence of mental health indicators among prison and jail inmates, by type of indicator, 2011-2012",,,,,,,
,,,,,,,
Mental health indicator,,,,Prisoners*,,Jail inmates,
No indication of a mental health problem/a,,,,49.9,%,36,%**
Current indicator of a mental health  problem/b,,,,,,,
,Serious psychological distress/c,,,14.5,%,26.4,%**
History of a mental health problem,,,,,,,
,Ever told by mental health professional they had mental disorder,,,36.9,%,44.3,%**
,,Major depressive disorder,,24.2,,30.6,**
,,Bipolar disorder,,17.5,,24.9,**
,, Schizophrenia/other psychotic disorder,,8.7,,11.7,**
,,Post-traumatic stress disorder,,12.5,,15.9,**
,,Anxiety disorder/d,,11.7,,18.4,**
,,Personality disorder/e,,13,,13.5, 
Note: See appendix table 4 for standard errors. ,,,,,,,
*Comparison group.,,,,,,,
**Difference with the comparison group is significant at the 95% confidence level.,,,,,,,
a/Includes persons with a score of 7 or less on the K6 scale and who had never been told by a mental health professional they had a mental disorder.,,,,,,,
b/Current at time of the interview.,,,,,,,
c/Includes persons with a score of 13 or more on the K6 scale. See Methodology.,,,,,,,
"d/Includes panic disorder and obsessive compulsive disorder, and excludes post-traumatic stress disorder.",,,,,,,
e/Includes antisocial and borderline personality disorder.,,,,,,,
"Source: Bureau of Justice Statistics, National Inmate Survey, 2011�2012.",,,,,,,
