Bureau of Justice Statistics,,,,,,,,,,
filename:  ncrp0912.csv,,,,,,,,,,
"Table 12. First entries to parole supervision from state prison, 2009:  Method of prison release, by offense",,,,,,,,,,
"data source:  National Corrections Reporting Program, 2009",,,,,,,,,,
author:  Tom Bonczar ,,,,,,,,,,
refer questions to:  askbjs@usdoj.gov      202-307-0765,,,,,,,,,,
date of version: 5/5/11,,,,,,,,,,
,,,,,,,,,,
"Table 12. First entries to parole supervision from state prison, 2009:  Method of prison release, by offense",,,,,,,,,,
 ,,,,First entries to parole supervision,,,,,,
Most serious offense,,,,Number,Total,,Discretionary release,,Mandatory release,
,All offenses,,,"175,821",100,%,56.2,%,43.8,%
Violent offenses,,,,"46,629",100,,47.8,,52.2,%
,Homicide,,,"4,343",100,,56.8,,43.2,
,,Murder/nonnegligent manslaughter,,"2,979",100,,59.7,,40.3,
,,,Murder,"2,219",100,,68.2,,31.8,
,,,Nonnegligent manslaughter,760,100,,34.9,,65.1,
,,Negligent manslaughter,,"1,308",100,,48.5,,51.5,
,,Unspecified homicide,,56,100,,96.4,,3.6,
,Kidnapping,,,"1,054",100,,37.5,,62.5,
,Rape,,,"2,296",100,,35.9,,64.1,
,Other sexual assault,,,"5,268",100,,41.5,,58.5,
,Robbery,,,"13,295",100,,50.7,,49.3,
,Assault,,,"16,711",100,,46.8,,53.2,
,Other violent,,,"3,662",100,,50.9,,49.1,
Property offenses,,,,"46,958",100,%,58,%,42,%
,Burglary,,,"18,685",100,,60.3,,39.7,
,Larceny ,,,"10,755",100,,60,,40,
,Motor vehicle theft,,,"4,218",100,,27.6,,72.4,
,Arson,,,732,100,,61.5,,38.5,
,Fraud,,,"7,836",100,,67.7,,32.3,
,Stolen property,,,"2,749",100,,45.8,,54.2,
,Other property,,,"1,983",100,,66.9,,33.1,
Drug offenses,,,,"54,804",100,%,60.8,%,39.2,%
,Possession,,,"19,534",100,,66.9,,33.1,
,Trafficking,,,"26,812",100,,54.2,,45.8,
,Other/unspecified drug,,,"8,458",100,,67.5,,32.5,
Public-order offenses,,,,"26,480",100,%,57.8,%,42.2,%
,Weapons,,,"7,329",100,,45.7,,54.3,
,Driving while intoxicated,,,"9,232",100,,67.4,,32.6,
,Other public-order,,,"9,919",100,,57.9,,42.1,
Other offenses,,,,950,100,%,68.9,%,31.1,%
"Note:  Data on the most serious offense and method of release were reported for 99.5% of the 219,578 state parole entries who had entered prison with a total sentence of more than a year.",,,,,,,,,,
