"Bureau of Justice Statistics",,,,,
"filename: cpu98609.csv",,,,,
"table: 6.9",,,,,
"report title: Correctional Populations in the United States,1998 chapter 6 NCJ 192929",,,,,
"data source: Annual Parole Data Survey, 1998",,,,,
"author: Thomas Bonczar and Lauren Glaze",,,,,
"refer questions to: askbjs@ojp.usdoj.gov (202) 307-0765",,,,,
"date of version: 2-21-02",,,,,
,,,,,
"Table 6.9.  Adults on parole under intensive supervision, under",,,,,
"electronic monitoring, or in a bootcamp, 1998",,,,,
,,,,,
,"       Number of adults on parole",,,,
"Region and","Intensive",,"Electronic",,
"jurisdiction","supervision",,"monitoring",,"Bootcamp"
,,,,,
"      U.S. total",40039,,9596,,784
,,,,,
"   Federal/a,b",":",,3433,,"..."
"   State",40039,,6163,,784
,,,,,
"Northeast",9387,,1138,,0
"   Connecticut ",63,,50,,"..."
"   Maine","...",,"...",,"..."
"   Massachusetts ",64,,15,,"..."
"   New Hampshire",131,,40,,"..."
"   New Jersey",1960,,85,,"..."
"   New York","...",,231,,"..."
"   Pennsylvania/c,d",7169,,646,,"..."
"   Rhode Island","...",,71,,"..."
"   Vermont","...",,"...",,"..."
,,,,,
"Midwest",6551,,1055,,119
"   Illinois/c",702,,365,,"..."
"   Indiana ",155,,39,,"..."
"   Iowa",414,,18,,"..."
"   Kansas ","...",,45,,"..."
"   Michigan",4276,,200,,"..."
"   Minnesota",384,,56,,119
"   Missouri/d,e",463,,325,,"..."
"   Nebraska",32,,6,,"..."
"   North Dakota/e",17,,1,,"..."
"   Ohio","...",,"...",,"..."
"   South Dakota ",108,,"...",,"..."
"   Wisconsin ",":",,":",,"..."
,,,,,
"South",10827,,2840,,630
"   Alabama/d,e",83,,13,,"..."
"   Arkansas/d,e",61,,98,,"..."
"   Delaware ",191,,2,,"..."
"   District of Columbia",313,,"...",,"..."
"   Florida",13,,"...",,"..."
"   Georgia/b",856,,790,,"..."
"   Kentucky",364,,"...",,":"
"   Louisiana",185,,97,,"..."
"   Maryland",2838,,73,,630
"   Mississippi","...",,"...",,"..."
"   North Carolina",1053,,46,,"..."
"   Oklahoma",85,,"...",,"..."
"   South Carolina",277,,":",,"..."
"   Tennessee","...",,"...",,"..."
"   Texas/b,d,e",3528,,1576,,"..."
"   Virginia ",980,,145,,"..."
"   West Virginia","...",,"...",,"..."
,,,,,
"West",13274,,1130,,35
"   Alaska/e",35,,"...",,"..."
"   Arizona/b",97,,97,,"..."
"   California",11081,,60,,"..."
"   Colorado/b",529,,":",,"..."
"   Hawaii",74,,0,,"..."
"   Idaho",73,,24,,"..."
"   Montana ",":",,":",,"..."
"   Nevada/d,e",392,,604,,"..."
"   New Mexico ",193,,36,,"..."
"   Oregon ",311,,220,,"..."
"   Utah",445,,45,,"..."
"   Washington","...",,"...",,"..."
"   Wyoming",44,,44,,35
,,,,,
": Not known.",,,,,
"... Not applicable.",,,,,
"a/Reported data include both probationers and parolees.",,,,,
"b/Intensive supervision and electronic monitoring are a ",,,,,
"combined program; see Explanatory notes for more detail.",,,,,
"c/See Explanatory notes for more detail.",,,,,
"d/Detailed data are estimated for electronic monitoring.",,,,,
"e/Detailed data are estimated for intensive supervision.",,,,,
