"Bureau of Justice Statistics",,,,,,
"filename: cpu98802.csv",,,,,,
"table: 8.2",,,,,,
"report title: Correctional Populations in the United States,1998 chapter 8 NCJ 192929",,,,,,
"data source: U.S. Military Survey, 1998",,,,,,
"author: Christopher Mumola",,,,,,
"refer questions to: askbjs@ojp.usdoj.gov (202) 307-0765",,,,,,
"date of version: 2-21-02",,,,,,
,,,,,,
"Table 8.2.  Number of prisoners under military jurisdiction, ",,,,,,
"by branch of service, December 31, 1997, and 1998",,,,,,
,,,,,,
,,"Prisoners under military jurisdiction",,,,
,,,"Percent",,"Percent of",
,"                Number",,"change,",,"prisoners,",
," 1998"," 1997","1997-98",,1998,
,,,,,,
"Branch of service to which ",,,,,,
"prisoners belonged",,,,,,
"      Total ",2426,2772,-12.5,"%",100.0,"%"
"Air Force",484,575,-15.8,,20.0,
"Army",862,1063,-18.9,,35.5,
"Marine Corps",682,628,8.6,,28.1,
"Navy",389,490,-20.6,,16.0,
"Coast Guard",9,16,-43.8,,0.4,
,,,,,,
"Branch of service ",,,,,,
"holding prisoners",,,,,,
"      Total ",2426,2772,-12.5,"%",100.0,"%"
"Air Force",128,103,24.3,,5.3,
"Army",1155,1494,-22.7,,47.6,
"Marine Corps",617,571,8.1,,25.4,
"Navy",526,604,-12.9,,21.7,
,,,,,,
"Note:  Detail may not add to total because of rounding.  ",,,,,,
"The Coast Guard does not operate confinement facilities.",,,,,,
