"Bureau of Justice Statistics",,,,,,,
"filename: cpu98701.csv",,,,,,,
"table: 7.1",,,,,,,
"report title: Correctional Populations in the United States, 1998 chapter 7 NCJ 192929",,,,,,,
"data source: National Prisoner Statistics 8, 1998",,,,,,,
"author: Tracy L. Snell",,,,,,,
"refer questions to: askbjs@ojp.usdoj.gov (202) 307-0765",,,,,,,
"date of version: 2-13-02",,,,,,,
,,,,,,,
"Table 7.1.  Summary characteristics of all prisoners present at yearend, received",,,,,,,
"from court, and removed from under a sentence of death, 1998",,,,,,,
,,,,,,,
,,,,,"Prisoners under sentence of death",,
,,,,,"Sentence of death",,
,,,,,"removed in 1998  ",,
,"Present",,"Received",,,,"By means "
,"yearend",,"from court",,,,"other than "
"Characteristic","1998      ",,"in 1998    ",,"Executed",,"execution/a"
,,,,,,,
"     U.S. total",3452,,285,,68,,93
,,,,,,,
"Gender",,,,,,,
"  Male",3404,,277,,66,,91
"  Female",48,,8,,2,,2
,,,,,,,
"Race",,,,,,,
"  White",1906,,145,,48,,55
"  Black",1486,,132,,18,,36
"  All other races/b",60,,8,,2,,2
,,,,,,,
"Hispanic origin",,,,,,,
"  Hispanic",314,,38,,8,,7
"  Non-Hispanic",2839,,209,,55,,77
"  Not known",299,,38,,5,,9
,,,,,,,
"Education",,,,,,,
"  7th grade or less",206,,11,,5,,5
"  8th grade",217,,25,,8,,6
"  9th to 11th grade",1111,,94,,24,,28
"  12th grade",1120,,88,,24,,28
"  Any college",297,,21,,5,,7
"  Not reported",501,,46,,2,,19
,,,,,,,
"Felony history",,,,,,,
"  Prior conviction, total",2060,,162,,36,,49
"    Homicide",289,,23,,3,,9
"    Other offenses",1674,,138,,33,,38
"    Offense not reported",97,,1,,0,,2
"  No prior conviction",1107,,98,,30,,36
"  Not reported",285,,25,,2,,8
,,,,,,,
"Age",,,,,,,
"  Under 20 years",15,,12,,0,,1
"  20-24 years",267,,72,,0,,11
"  25-29 years",519,,70,,6,,17
"  30-34 years",582,,36,,12,,6
"  35-39 years",711,,45,,14,,12
"  40-54 years",1188,,42,,34,,38
"  55 years or older",170,,8,,2,,8
,,,,,,,
"  Median age",37,,29,,40,,39
,,,,,,,
"a/Includes deceased from causes other than execution, commutation ",,,,,,,
"of sentence, sentence vacated, and conviction vacated.",,,,,,,
"b/Other races present at yearend includes 29 American Indians, ",,,,,,,
"18 Asians, and 13 inmates of unspecified race.  Other races ",,,,,,,
"admitted includes 3 American Indians, 2 Asians, and 3 inmates ",,,,,,,
"of unspecified race.  One American Indian and 1 Asian were ",,,,,,,
"executed.  One American Indian and 1 inmate of unspecified ",,,,,,,
"race had their death sentences removed in 1998.",,,,,,,
