"Bureau of Justice Statistics",,,,,,,,,,,,,,,,
"filename: cpu98203.csv",,,,,,,,,,,,,,,,
"table: 2.3",,,,,,,,,,,,,,,,
"report title: Correctional Populations in the United States, 1998 chapter 2 NCJ 192929",,,,,,,,,,,,,,,,
"data source: Annual Survey of Jails, 1998",,,,,,,,,,,,,,,,
"author: Jennifer C. Karberg",,,,,,,,,,,,,,,,
"refer questions to: askbjs@ojp.usdoj.gov (202) 307-0765",,,,,,,,,,,,,,,,
"date of version: 2-21-02",,,,,,,,,,,,,,,,
,,,,,,,,,,,,,,,,
"Table 2.3.  Gender, race, and Hispanic origin of local jail",,,,,,,,,,,,,,,,
"inmates, midyear 1990 and 1995-98",,,,,,,,,,,,,,,,
,,,,,,,,,,,,,,,,
,,,"Number of jail inmates",,,,,,,"Percent of jail inmates",,,,,,
"Characteristic",1990,1995,1996,1997,1998,,"1990",,"1995",,"1996/a",,"1997",,1998,
,,,,,,,,,,,,,,,,
"   Total",405320,507044,518492,567079,592462,,100,"%",100.0,"%",100,"%",100,"%",100,"%"
,,,,,,,,,,,,,,,,
"Gender",,,,,,,,,,,,,,,,
"   Male",368002,455400,462500,507200,528200,,90.8,"%",89.8,"%",89.2,"%",89.4,"%",89.2,"%"
"   Female",37318,51600,55800,59900,64300,,9.2,,10.2,,10.8,,10.6,,10.8,
,,,,,,,,,,,,,,,,
"Race/Hispanic origin/b",,,,,,,,,,,,,,,,
"   White, non-Hispanic",169600,203300,215900,230300,244900,,41.8,"%",40.1,"%",41.6,"%",40.6,"%",41.3,"%"
"   Black, non-Hispanic",172300,220600,213100,237900,244000,,42.5,,43.5,,41.1,,42.0,,41.2,
"   Hispanic",58100,74400,80900,88900,91800,,14.3,,14.7,,15.6,,15.7,,15.5,
"   Other/c",5400,8800,8600,10000,11800,,1.3,,1.7,,1.7,,1.8,,2.0,
,,,,,,,,,,,,,,,,
"Note:  Detail may not add to total because of rounding.",,,,,,,,,,,,,,,,
"--Not available.",,,,,,,,,,,,,,,,
"a/Data for 1996 were based on all persons under jail supervision.",,,,,,,,,,,,,,,,
"b/Data on race/Hispanic origin were reported for 89.7% of all inmates ",,,,,,,,,,,,,,,,
"in 1990, 97.1% in 1995, 99.3% in 1996-97, and 99.6% in 1998.",,,,,,,,,,,,,,,,
"c/Includes American Indians, Alaska Natives, Asians, and Pacific Islanders.",,,,,,,,,,,,,,,,
