"Bureau of Justice Statistics",,,,,,,,,,,,,,,,
"filename: cpu98510a.csv",,,,,,,,,,,,,,,,
"table: 5.10a",,,,,,,,,,,,,,,,
"report title: Correctional Populations in the United States, 1998 chapter 5 NCJ 192929",,,,,,,,,,,,,,,,
"data source: National Prisoner Statistics 1, 1998",,,,,,,,,,,,,,,,
"author: Paige Harrison",,,,,,,,,,,,,,,,
"refer questions to: askbjs@ojp.usdoj.gov (202) 307-0765",,,,,,,,,,,,,,,,
"date of version: 02-20-02",,,,,,,,,,,,,,,,
,,,,,,,,,,,,,,,,
"Table 5.10a.  Sentenced prisoners admitted to State or Federal jurisdiction, by type of admission, 1998",,,,,,,,,,,,,,,,
,,,,,,,,,,,,,,,,
,,,,,,,"Number of sentenced prisoners admitted during 1998",,,,,,,,,
,,"Number of",,,,,,"Parole or other",,"Escapees",,"Returns",,"Transfers",,
"Region and",,"prisoners",,,,"New court",,"conditional release",,"and AWOLs",,"from appeal",,"from other",,"Other"
"jurisdiction",,"1/1/98",,"    Total",,"commitments",,"violators returned",,"returned",,"or bond",,"jurisdictions",,"admissions"
,,,,,,,,,,,,,,,,
"     U.S. total",,1195211,,615226,,381646,,209782,,7175,,845,,4541,,11237
,,,,,,,,,,,,,,,,
"    Federal",,94987,,39188,,34376,,3630,,"/",,"/",,969,,213
"    State ",,1100224,,576038,,347270,,206152,,7175,,845,,3572,,11024
,,,,,,,,,,,,,,,,
"  Northeast",,161840,,65121,,41175,,20684,,1436,,154,,1082,,590
"    Connecticut/a",,11920,,1933,,947,,849,,131,,6,,0,,0
"    Maine",,1542,,795,,449,,303,,8,,10,,25,,0
"    Massachusetts/b,c",,10847,,3227,,2154,,682,,16,,"/",,375,,0
"    New Hampshire",,2168,,1000,,629,,358,,13,,"/",,0,,0
"    New Jersey/b,d",,28361,,16801,,9938,,6822,,0,,41,,"/",,0
"    New York/d",,69108,,28871,,19497,,7613,,1092,,83,,568,,18
"    Pennsylvania",,34964,,10679,,6650,,3665,,72,,14,,102,,176
"    Rhode Island/a,b",,2100,,991,,700,,270,,10,,0,,10,,1
"    Vermont/a",,830,,824,,211,,122,,94,,"/",,2,,395
,,,,,,,,,,,,,,,,
"  Midwest",,217108,,112960,,79799,,25028,,3394,,87,,118,,4534
"    Illinois/b,e",,40788,,27362,,19655,,6802,,892,,13,,"/",,0
"    Indiana/d",,17730,,10566,,9495,,1052,,17,,"/",,2,,0
"    Iowa/e",,6938,,4798,,3312,,660,,618,,41,,101,,66
"    Kansas/d",,7911,,4517,,2886,,1595,,8,,"/",,"/",,28
"    Michigan/e",,44771,,14435,,8024,,4453,,1067,,0,,10,,881
"    Minnesota",,5306,,4307,,3001,,1306,,"/",,"/",,"/",,0
"    Missouri",,23664,,13660,,7822,,3965,,760,,15,,0,,1098
"    Nebraska",,3329,,1791,,1462,,309,,20,,"/",,0,,0
"    North Dakota",,715,,765,,613,,150,,1,,1,,0,,0
"    Ohio/b",,48016,,20637,,17652,,2961,,6,,17,,1,,0
"    South Dakota/b",,2242,,1337,,1087,,208,,5,,0,,4,,33
"    Wisconsin",,15698,,8785,,4790,,1567,,"/",,"...",,0,,2428
,,,,,,,,,,,,,,,,
"  South",,479910,,214586,,146324,,60041,,1490,,547,,2053,,4131
"    Alabama/f",,21731,,7750,,6664,,700,,217,,64,,41,,64
"    Arkansas/b",,9936,,6204,,3732,,1694,,14,,19,,1,,744
"    Delaware/a",,3264,,1888,,1118,,513,,33,,0,,2,,222
"    District of Columbia/a,b",,9827,,7613,,3099,,2285,,347,,0,,1878,,4
"    Florida/e",,64574,,25524,,21937,,2362,,167,,15,,49,,994
"    Georgia/e",,35894,,15471,,11329,,4078,,51,,2,,11,,0
"    Kentucky",,14600,,7989,,6171,,1700,,88,,"...",,0,,30
"    Louisiana",,29265,,17079,,7367,,8853,,97,,440,,34,,288
"    Maryland/b,c,d",,21088,,11078,,7552,,3408,,102,,"/",,9,,7
"    Mississippi/d,g",,13676,,6670,,5301,,454,,44,,"/",,0,,871
"    North Carolina/b",,27567,,11403,,9582,,1681,,111,,0,,0,,29
"    Oklahoma/b,d",,20542,,7297,,6302,,879,,116,,0,,0,,0
"    South Carolina",,20264,,8914,,6521,,2140,,48,,7,,"/",,198
"    Tennessee/b",,16659,,8770,,4855,,3836,,53,,"/",,26,,0
"    Texas/b",,140351,,59340,,34876,,23784,,0,,0,,"/",,680
"    Virginia",,27524,,10152,,8659,,1493,,"/",,"/",,"/",,0
"    West Virginia/b",,3148,,1444,,1259,,181,,2,,0,,2,,0
,,,,,,,,,,,,,,,,
"  West",,241366,,183371,,79972,,100399,,855,,57,,319,,1769
"    Alaska/a,b,c",,2571,,2647,,1612,,993,,40,,0,,2,,0
"    Arizona/e",,22353,,10175,,7709,,2398,,15,,1,,52,,0
"    California/b",,152739,,134485,,46529,,87539,,209,,"/",,208,,0
"    Colorado/b,h",,13461,,6881,,4585,,1951,,322,,5,,18,,0
"    Hawaii/a,c,d",,3448,,3481,,2003,,1408,,26,,"/",,"/",,44
"    Idaho",,3948,,2621,,1331,,"/",,"/",,"/",,"/",,1290
"    Montana/b",,2541,,1289,,638,,616,,33,,"/",,2,,0
"    Nevada/b,d",,9024,,4773,,3617,,794,,"/",,"/",,"/",,362
"    New Mexico",,4649,,2347,,1631,,671,,10,,1,,34,,0
"    Oregon/i",,7589,,3688,,2267,,1271,,51,,28,,"/",,71
"    Utah",,4280,,3076,,1378,,1683,,7,,8,,0,,0
"    Washington/b",,13214,,7151,,6211,,788,,139,,11,,0,,2
"    Wyoming/d",,1549,,757,,461,,287,,3,,3,,3,,0
,,,,,,,,,,,,,,,,
"Note:  See the questionnaire for category ",,,,,"incorrect.  See Explanatory Notes.",,,,,,"f/Other admissions may include other conditional",,,,,
"definitions and the Explanatory Notes for",,,,,"c/Some or all data for the admission categories",,,,,,"release violators returned.  See Explanatory Notes.",,,,,
"State-by-State variations from definitions.",,,,,"are estimated.",,,,,,"g/Other admissions may include returns from",,,,,
"...Not applicable.",,,,,"d/New court commitments may include a",,,,,,"appeal/bond. See Explanatory Notes.",,,,,
"/Not reported.",,,,,"small number of other admissions.  See",,,,,,"h/Escape and AWOL data are estimated.",,,,,
"a/Figures include both jail and prison inmates;",,,,,"Explanatory Notes.",,,,,,"i/Oregon's transfers may be included in any",,,,,
"jails and prisons are combined in one system.",,,,,"e/Data are for custody rather than jurisdiction",,,,,,"other admission category.",,,,,
"b/Data by sentence length may be slightly",,,,,"counts.",,,,,,,,,,,
