"Bureau of Justice Statistics",,,,,,,,,,,,,,
"filename: fubo02.csv",,,,,,,,,,,,,,
"table#:  2 Possession of firearms by State and Federal prison inmates, by whether the firearm was a single shot, conventional semiautomatic, or military-style semiautomatic or fully automatic, 1997",,,,,,,,,,,,,,
"report title: Firearm Use by Offenders NCJ 189369",,,,,,,,,,,,,,
"source data: Survey of Inmates in State and Federal Correctional Facilities, 1997",,,,,,,,,,,,,,
"author:  Caroline Wolf Harlow",,,,,,,,,,,,,,
"refer questions to: askbjs@ojp.usdoj.gov (202) 307-0765",,,,,,,,,,,,,,
"date of version: 2/5/02 revised",,,,,,,,,,,,,,
,,,,,,,,,,,,,,
"Table 2.  Possession of firearms by State and Federal prison inmates,  ",,,,,,,,,,,,,,
"by whether the firearm was a single shot, a semiautomatic, or ",,,,,,,,,,,,,,
"an assault weapon, 1997",,,,,,,,,,,,,,
,,,,,,,,,,,,,,
,,,,"Percent of prison inmates",,,,,,,,,,
,"Armed during ",,,,,"Ever armed while",,,,,"Ever used or ",,,
"Specific","current offense",,,,,"committing offense",,,,,"possessed firearm",,,
"type of firearm","State",,"Federal",,,"State",,"Federal",,,"State",,"Federal",
,,,,,,,,,,,,,,
"  Single shot",9.9,"%",7.3,"%",,14.2,"%",10.6,"%",,31.0,"%",31.4,"%"
"  Conventional semiautomatic",7.9,,7.7,,,10.9,,9.8,,,22.6,,26.0,
"  Military-style semiautomatic or fully automatic",1.5,,1.7,,,2.5,,2.3,,,5.6,,5.6,
,,,,,,,,,,,,,,
"Note: Columns do not add to total percent with firearms because inmates may have possessed  ",,,,,,,,,,,,,,
"more than one firearm.  See text above and pages 14 and 15 for definitions.",,,,,,,,,,,,,,
