"Bureau of Justice Statistics",,,,,,,,,,
"filename: fubo11.csv",,,,,,,,,,
"table#:  11 Source of firearms possessed during current offense, by gender and age, for State prison inmates, 1997",,,,,,,,,,
"report title: Firearm Use by Offenders NCJ 189369",,,,,,,,,,
"source data: Survey of Inmates in State and Federal Correctional Facilities, 1997",,,,,,,,,,
"author:  Caroline Wolf Harlow",,,,,,,,,,
"refer questions to: askbjs@ojp.usdoj.gov (202) 307-0765",,,,,,,,,,
"date of version: 10/31/01",,,,,,,,,,
,,,,,,,,,,
"Table 11.  Source of firearms possessed during current offense, ",,,,,,,,,,
"by gender and age, for State prison inmates, 1997",,,,,,,,,,
,,,,,,,,,,
,"Percent of State prison inmates who possessed a firearm during",,,,,,,,,
,"their current offense, by gender and age",,,,,,,,,
,,,,,"24 or",,,,"35 or",
"Source","Male",,"Female",,"younger",," 25-34",,"older",
,,,,,,,,,,
"Total",100.0,"%",100.0,"%",100.0,"%",100.0,"%",100.0,"%"
,,,,,,,,,,
"Purchased or traded from",13.8,"%",16.5,"%",6.6,,12.7,,21.9,
"  Retail store",8.3,,10.6,,2.6,,7.0,,15.0,
"  Pawnshop",3.8,,5.5,,2.9,,4.0,,4.5,
"  Flea market",1.0,,0.4,,0.1,,0.9,,1.9,
"  Gun show",0.8,,0.0,,0.9,,0.8,,0.4,
,,,,,,,,,,
"Family or friend",39.4,,46.4,,40.1,,38.9,,39.8,
"  Purchased or traded",12.9,,5.9,,13.0,,12.1,,13.3,
"  Rented or borrowed",18.3,,28.4,,20.3,,18.8,,16.6,
"  Other",8.2,,12.1,,6.8,,8.1,,9.9,
,,,,,,,,,,
"Street/illegal sources",39.4,,30.5,,46.8,,41.2,,29.9,
"  Theft or burglary",9.9,,13.1,,10.0,,9.8,,10.1,
"  Drug dealer/off street",21.0,,13.0,,27.8,,22.9,,12.1,
"  Fence/black market",8.5,,4.3,,9.0,,8.6,,7.8,
,,,,,,,,,,
"Other",7.4,,6.6,,6.5,,7.1,,8.5,
,,,,,,,,,,
"Number of prison inmates",174488,,4421,,57194,,60818,,60897,
