"Bureau of Justice Statistics",,,,,,
"filename: fubo05.csv",,,,,,
"table#:  5 Possession of a firearm during current offense, by selected characteristics for State and Federal prison inmates,1997",,,,,,
"report title: Firearm Use by Offenders NCJ 189369",,,,,,
"source data: Survey of Inmates in State and Federal Correctional Facilities, 1997",,,,,,
"author:  Caroline Wolf Harlow",,,,,,
"refer questions to: askbjs@ojp.usdoj.gov (202) 307-0765",,,,,,
"date of version: 10/31/01",,,,,,
,,,,,,
"Table 5.  Possession of a firearm during current offense, by selected characteristics",,,,,,
"for State and Federal prison inmates, 1997",,,,,,
,,,,,,
,,,"Prison inmates",,,
,,"State",,,"Federal",
,,"Percent who",,,"Percent who",
,,"possessed a",,,"possessed a",
,,"firearm during",,,"firearm during",
,,"current",,,"current",
"Selected characteristics","Number ","offense",,"Number ","offense",
,,,,,,
"Gender",,,,,,
"  Male",972572,19.1,"%",81102,15.5,"%"
"  Female",64669,7.3,,6364,6.2,
,,,,,,
"Race/Hispanic origin",,,,,,
"  White",346188,14.8,"%",25977,16.7,"%"
"  Black",482302,21.1,,33100,17.7,
"  Hispanic ",176089,17.6,,24040,8.1,
"  Other",32662,19.3,,4349,17.9,
,,,,,,
"Age",,,,,,
"  20 or younger",61663,35.5,"%",935,23.0,"%"
"  21-24",143533,26.8,,6865,18.6,
"  25-34",396166,16.5,,31970,15.5,
"  35-44",305765,13.3,,26636,12.8,
"  45-54",100133,17.4,,14393,15.3,
"  55 or older",29980,21.7,,6667,13.0,
,,,,,,
"Educational attainment",,,,,,
"  Some high school",445479,16.8,"%",25642,13.9,"%"
"  GED",260743,23.6,,17150,19.2,
"  High school diploma",190805,16.7,,21292,14.5,
"  Some college",110122,16.5,,15233,15.1,
"  College graduate",27649,12.1,,7963,8.3,
,,,,,,
"Citizenship",,,,,,
"  United States",983876,18.5,"%",71307,16.9,"%"
"  Latin America",47257,14.5,,14638,5.7,
"  Other",4609,22.0,,1376,2.4,
,,,,,,
"Military service",,,,,,
"  Served",129913,16.4,"%",12746,17.2,"%"
"  Did not serve",907142,18.6,,74676,14.4,
