"Bureau of Justice Statistics",,,,,,
"filename: fubo10.csv",,,,,,
"table#:  10. Source of firearms possessed during the current offense, by whether the firarm was a single shot, a semiautomatic, or an assault weapon, for State prison inmates,1997",,,,,,
"report title: Firearm Use by Offenders NCJ 189369",,,,,,
"source data: Survey of Inmates in State and Federal Correctional Facilities, 1997 ",,,,,,
"author:  Caroline Wolf Harlow",,,,,,
"refer questions to: askbjs@ojp.usdoj.gov (202) 307-0765",,,,,,
"date of version: 2/5/02 revised",,,,,,
,,,,,,
"Table 10.  Source of firearms possessed during current offense, by whether the firearm was a single shot,",,,,,,
"semiautomatic, or an assault weapon, for State prison inmates, 1997",,,,,,
,,,,,,
,"Percent of State prison inmates possessing a firearm",,,,,
"Source of firearms","Military-style semiautomatic or fully automatic",,"Conventional semiautomatic",,"Single shot",
,,,,,,
"Total",100.0,"%",100,"%",100,"%"
,,,,,,
"Purchased or traded from",19.3,"%",16.5,"%",12.2,"%"
"  Retail store",10.6,,9.2,,7.5,
"  Pawnshop",6.7,,4.7,,3.4,
"  Flea market",0.0,,1.2,,0.9,
"  Gun show",1.9,,1.4,,0.4,
,,,,,,
"Family or friend",25.2,"%",35.6,"%",43.8,"%"
"  Purchased or traded",11.1,,13.0,,12.7,
"  Rented or borrowed",10.6,,15.7,,21.5,
"  Other",3.5,,6.9,,9.5,
,,,,,,
"Street/illegal source",48.5,"%",42.1,"%",36.4,"%"
"  Theft or burglary",9.8,,8.0,,11.4,
"  Drug dealer/off street",23.4,,23.6,,18.4,
"  Fence/black market",15.4,,10.6,,6.7,
,,,,,,
"Other",7.0,"%",5.8,"%",7.6,"%"
,,,,,,
"Number of prison inmates",14896,,79031,,96531,
,,,,,,
"Note: See note on table 2 and definitions on page 14.",,,,,,
