Bureau of Justice Statistics,,,
Filename: pjim0404,,,
"Table 4: Prisoners under the jurisdiction of State or Federal correctional authorities, by gender, 1995, 2003, and 2004",,,
Report title:  Prison and Jail Inmates at Midyear 2004 NCJ 208801,,,
"Data source:  National Prisoner Statistics, 1A",,,
Authors:  Paige M. Harrison and Allen J. Beck,,,
Refer questions to:  askbjs@usdoj.gov   202-307-0765,,,
Date of version:  4/24/05,,,

"Table 4.  Prisoners under the jurisdiction of State or Federal correctional authorities, by gender, 1995, 2003, and 2004",,,

,Men,,Women
All inmates,,,

6/30/2004,"1,390,906",,"103,310"
6/30/2003,"1,363,813",,"100,384"
12/31/1995,"1,057,406",,"68,468",

"Percent change, 2003-04",2,%,2.9,%

"Average annual, 1995-2004",3.3,%,5,%

Sentenced to more than 1 year,,,,

6/30/2004,"1,333,791",,"94,192",
6/30/2003,"1,308,891",,"91,245",
12/31/1995,"1,021,059",,"63,963",

Incarceration rate*,,,,

6/30/2004,923,,63,
6/30/2003,915,,62,
12/31/1995,789,,47

"*The total number of prisoners with a sentence of more than 1 year per 100,000 U.S. residents. ",,,
