Bureau of Justice Statistics,,,
Filename: pjim04t04,,,
"Text table 4: Number of sentenced inmates per 100,000 U.S. residents on December 31",,,
Report title:  Prison and Jail Inmates at Midyear 2004 NCJ 208801,,,
"Data source:  National Prisoner Statistics, 1A",,,
Authors:  Paige M. Harrison and Allen J. Beck,,,
Refer questions to:  askbjs@usdoj.gov   202-307-0765,,,
Date of version:  4/24/05,,,

"Text table 4.  Number of sentenced inmates per 100,000 U.S. residents on December 31",,,

,"Number of sentenced inmates per 100,000 U.S. residents on December 31--",,
,State,Federal,Total/a
1995,379,32,411
1996,393,33,427
1997,409,35,444
1998,421,38,460
1999/b,422,40,462
2000,426,42,469
2001,422,48,470
2002,427,9,476
2003,430,52,482
"2004, midyear",433,53,486

a/Totals may not add due to rounding. ,,,
"b/Rates for 1999 adjusted using the 2000 Census of Population and Housing to estimate the December 31, 1999 resident population. ",,,
