Bureau of Justice Statistics,,,,
Filename: pjim0403,,,,
"Table 3: Prisoners held in private facilities, December 31, 2003 and June 30, 2004",,,,
Report title:  Prison and Jail Inmates at Midyear 2004 NCJ 208801,,,,
"Data source:  National Prisoner Statistics, 1A",,,,
Authors:  Paige M. Harrison and Allen J. Beck,,,,
Refer questions to:  askbjs@usdoj.gov   202-307-0765,,,,
Date of version:  4/24/05,,,,

"Table 3. Prisoners held in private facilities, December 31, 2003 and June 30, 2004",,,,

,Inmates held in private facilities/a,,,
,Number,,,
Region and jurisdiction,6/30/2004,12/31/2003,Percent of all inmates/b 6/30/2004,

U.S. Total,"98,791","95,522",6.6,%

Federal/c,"24,506","21,865",13.7,%
State,"74,285","73,657",5.6,

Northeast,"3,328","3,201",1.9,%
Connecticut,0,0,0,
Maine,0,30,0,
Massachusetts,0,0,0,
New Hampshire,0,0,0,
New Jersey,"2,566","2,636",9.1,
New York,0,0,0,
Pennsylvania,361,535,0.9,
Rhode Island,0,0,0,
Vermont,401,0,19.7,

Midwest,"3,854","4,957",1.5,%
Illinois,0,0,0,
Indiana,655,652,2.8,
Iowa,0,0,0,
Kansas,0,0,0,
Michigan,480,480,1,
Minnesota,268,0,3.1,
Missouri,0,0,0,
Nebraska,0,0,0,
North Dakota,47,0,3.7,
Ohio,"1,903","1,901",4.3,
South Dakota,8,25,0.3,
Wisconsin,493,"1,899",2.2,

South,"47,706","48,222",8,%
Alabama,153,"1,698",0.6,
Arkansas,0,0,0,
Delaware,0,0,0,
Florida,"4,327","4,330",5.1,
Georgia,"4,597","4,589",9.5,
Kentucky,"1,679","1,640",9.5,
Louisiana,"2,923","2,918",8,
Maryland,126,122,0.5,
Mississippi,"4,397","3,463",21.5,
North Carolina,217,215,0.6,
Oklahoma,"5,675","6,022",22.9,
South Carolina,17,44,0.1,
Tennessee,"5,121","5,049",19.8,
Texas,"16,906","16,570",10,
Virginia,"1,568","1,562",4.4,
West Virginia,0,0,0,

West,"19,397","17,277",6.6,%
Alaska,"1,304","1,386",28.9
Arizona,"4,371","2,323",13.8
California,"2,797","3,507",1.7
Colorado,"3,074","3,013",15.6
Hawaii,"1,621","1,478",27.3
Idaho,"1,269","1,267",20.1
Montana,"1,060","1,059",27.9
Nevada,455,0,4.1
New Mexico,"2,649","2,751",41.8
Oregon,0,0,0
Utah,0,0,0
Washington,232,0,1.4
Wyoming,565,493,29.4

a/Excludes inmates in publicly operated State or local facilities. ,,,
b/Based on the total number of inmates under State or Federal jurisdiction. ,,,
"c/Includes 6,786 and 6,471 Federal inmates held in privately operated community correctional centers on 6/30/04 and 12/31/03, respectively. "
