Bureau of Justice Statistics,,,,,
Filename: pjim0406,,,,,
"Table 6: Number of noncitizens held in State or Federal prisons at midyear, 1998-2004",,,,,
Report title:  Prison and Jail Inmates at Midyear 2004 NCJ 208801,,,,,
"Data source:  National Prisoner Statistics, 1A",,,,,
Authors:  Paige M. Harrison and Allen J. Beck,,,,,
Refer questions to:  askbjs@usdoj.gov   202-307-0765,,,,,
Date of version:  4/24/05,,,,,

"Table 6.  Number of noncitizens held in State or Federal prisons at midyear, 1998-2004",,,,,

Year,Total,,Federal,,State
2004,"91,789",,"34,422",,"57,367"
2003,"90,566",,"34,456",,"56,110"
2002,"88,677",,"33,873",,"54,804"
2001,"87,917",,"33,886",,"54,031"
2000,"89,676",,"36,090",,"53,586",
1999,"88,811",,"33,765",,"55,046",
1998,"77,099",,"27,682",,"49,417",

"Percent change, ",,,,,,
2003-2004,1.4,%,-0.1,%,2.3,%
