Bureau of Justice Statistics,,,,,,,,,,,,,,,,,
filename:  ncrp0316.csv,,,,,,,,,,,,,,,,,
"Table 16.  Unsuccessful first State parole discharges, 2003: Sentence length and time served by offense",,,,,,,,,,,,,,,,,
"data source:  National Corrections Reporting Program, 2003",,,,,,,,,,,,,,,,,
author:  Tom Bonczar ,,,,,,,,,,,,,,,,,
refer questions to:  askbjs@usdoj.gov      202-307-0765,,,,,,,,,,,,,,,,,
date of version 06/14/07,,,,,,,,,,,,,,,,,

"Table 16.  Unsuccessful first State parole discharges, 2003: Sentence length and time served by offense",,,,,,,,,,,,,,,,,

,,,,,,,Unsuccessful first State parole discharges,,,,,,,,,,
,,Maximum sentence length,,,,Time served in prison,,,,Time served on parole,,,,,,,
Most serious offense,Number,Median\1,,    Mean\2,,Median,,  Mean,,Median,,    Mean,,Mean time under correctional supervision\3,,Mean percent of total time served on parole,
All offenses,"24,429",60,mos.,97,mos.,21,mos.,33,mos.,13,mos.,21,mos.,55,mos.,39.8,%
Violent offenses,"6,071",90,mos.,133,mos.,39,mos.,54,mos.,15,mos.,24,mos.,78,mos.,32.9,%
Homicide,503,216,,273,,92,,101,,23,,35,,136,,27.4,
Murder/nonnegligent manslaughter,403,240,,319,,105,,113,,25,,37,,150,,26.6,
Murder,282,258,,376,,107,,116,,26,,37,,153,,27.1,
Nonnegligent manslaughter,121,216,,212,,102,,106,,22,,38,,144,,25.3,
Negligent manslaughter,90,96,,105,,46,,52,,16,,26,,78,,32.6,
Unspecified homicide,10,144,,.,,69,,87,,5,,11,,99,,13,
Kidnapping,95,84,,142,,39,,55,,17,,25,,80,,36,
Rape,441,132,,174,,73,,88,,13,,23,,110,,23.2,
Other sexual assault,672,96,,129,,36,,47,,13,,20,,68,,31.4,
Robbery,"2,575",108,,140,,43,,55,,17,,27,,82,,33.4,
Assault,"1,480",60,,87,,25,,36,,13,,19,,55,,36,
Other violent,305,36,,48,,17,,23,,11,,13,,36,,38.8,
Property offenses,"7,205",60,mos.,91,mos.,19,mos.,29,mos.,12,mos.,20,mos.,49,mos.,40.2,%
Burglary,"3,625",72,,114,,26,,36,,15,,23,,59,,38.9,
Larceny ,"1,228",48,,69,,16,,23,,10,,17,,40,,40.9,
Motor vehicle theft,487,48,,61,,16,,23,,10,,16,,39,,40.8,
Arson,102,84,,125,,27,,39,,15,,22,,61,,36.9,
Fraud,"1,004",60,,78,,14,,21,,11,,17,,38,,44,
Stolen property,415,48,,56,,13,,17,,9,,15,,33,,42.1,
Other property,344,36,,40,,11,,16,,7,,9,,25,,37,
Drug offenses,"8,290",60,mos.,88,mos.,18,mos.,26,mos.,14,mos.,23,mos.,49,mos.,44.1,%
Possession,"2,570",54,,74,,14,,23,,12,,20,,42,,43.8,
Trafficking,"4,679",60,,83,,19,,25,,14,,24,,49,,44.1,
Other/unspecified drug,"1,041",96,,145,,23,,36,,20,,26,,61,,44.9,
Public-order offenses,"2,577",48,mos.,59,mos.,18,mos.,24,mos.,11,mos.,15,mos.,39,mos.,39.3,%
Weapons,620,48,,63,,18,,26,,13,,21,,47,,41.6,
Driving while intoxicated,681,60,,64,,17,,20,,13,,15,,35,,43.2,
Other public-order,"1,276",36,,54,,18,,25,,9,,12,,37,,36.1,
Other offenses,286,36,mos.,47,mos.,10,mos.,15,mos.,14,mos.,19,mos.,34,mos.,53.5,%

 - -No statistic was calculated because there were fewer than 10 cases.,,,,,,,,,,,,,,,,,
"1\Includes sentences of life without parole, life plus additional years, life, and death.",,,,,,,,,,,,,,,,,
"2\Excludes sentences of life without parole, life plus additional years, life, and death.",,,,,,,,,,,,,,,,,
3\Excludes time served in jail.  
