"Bureau of Justice Statistics",,,,,,,,,,,
"Filename:  cfjs00710.csv",,,,,,,,,,,
"Table 7.10.  Characteristics of Federal prison population, by major offense category, October 1, 1999 - September 30, 2000",,,,,,,,,,,
"Report title:  Compendium of Federal Justice Statistics, 2000   NCJ  194067",,,,,,,,,,,
"Data source:  Federal justice statistics database maintained by The Urban Institute",,,,,,,,,,,
"Author:  Urban Institute under the supervision of BJS",,,,,,,,,,,
"Refer  questions to:  askbjs@ojp.usdoj.gov  202-307-0765",,,,,,,,,,,
"Date of version:  April 17, 2002",,,,,,,,,,,
,,,,,,,,,,,
,,,,,,,,,,,
"Table 7.10.  Characteristics of Federal prison population, by major offense category, October 1, 1999 - September 30, 2000",,,,,,,,,,,
,,"",,,,,,,,,
,,,,,"Percent of Federal prison population serving for--",,,,,,
"Offender",,,,"Total","All","Violent","Property offenses",,"Drug","Public-order offenses",
"characteristic",,,,"prisoners","offenses","offenses","Fraudulent","Other","offenses","Regulatory","Other"
"All cases",,,,,,,,,,,
,,,"All prisoners",129329,129329,12973,7497,2352,73389,1205,30650
"Male/Female",,,,,,,,,,,
,"Male",,,119984,92.8,96.0,83.0,90.1,91.6,88.5,96.8
,"Female",,,9345,7.2,4.0,17.0,9.9,8.4,11.5,3.2
"Race",,,,,,,,,,,
,"White",,,75413,58.3,46.2,65.8,60.2,53.9,72.8,71.2
,"Black",,,49935,38.6,41.8,30.6,32.1,44.7,23.7,26.2
,"Native American",,,2059,1.6,10.6,0.5,5.7,0.3,0.5,0.8
,"Asian/Pacific Islander",,,1922,1.5,1.4,3.0,2.0,1.1,3.1,1.9
"Ethnicity",,,,,,,,,,,
,"Hispanic",,,40601,31.4,7.5,11.6,9.2,32.4,18.0,46.7
,"Non-Hispanic",,,88728,68.6,92.5,88.4,90.8,67.6,82.0,53.3
"Age",,,,,,,,,,,
,"Under 19 years",,,656,0.5,2.0,0.1,1.7,0.3,0.2,0.5
,"19-20 years",,,4777,3.7,6.2,1.5,5.6,3.6,3.4,3.3
,"21-30 years",,,53514,41.4,39.4,25.6,35.3,43.4,28.4,42.6
,"31-40 years",,,41911,32.4,32.2,31.6,31.5,31.9,31.6,33.9
,"Over 40 years",,,28436,22.0,20.2,41.2,25.9,20.8,36.4,19.8
"Citizenship",,,,,,,,,,,
,"U.S. citizen",,,92203,71.6,96.4,84.7,93.6,72.8,85.8,51.8
,"Not U.S. citizen",,,36641,28.4,3.6,15.3,6.4,27.2,14.2,48.2
"New law cases",,,,,,,,,,,
,,,"All prisoners",119814,119814,9590,6986,1857,70367,1055,29167
"Male/Female",,,,,,,,,,,
,"Male",,,110905,92.6,95.5,82.8,89.6,91.5,87.4,96.8
,"Female",,,8909,7.4,4.5,17.2,10.4,8.5,12.6,3.2
"Race",,,,,,,,,,,
,"White",,,69561,58.1,44.4,65.6,60.5,53.3,71.7,71.1
,"Black",,,46632,38.9,41.9,30.8,31.0,45.2,24.5,26.2
,"Native American",,,1789,1.5,12.1,0.5,6.0,0.3,0.6,0.8
,"Asian/Pacific Islander",,,1832,1.5,1.6,3.2,2.5,1.1,3.3,1.9
"Ethnicity",,,,,,,,,,,
,"Hispanic",,,38886,32.5,7.5,11.9,9.4,32.6,18.4,47.7
,"Non-Hispanic",,,80928,67.5,92.5,88.1,90.6,67.4,81.6,52.3
"Age",,,,,,,,,,,
,"Under 19 years",,,594,0.5,2.2,0.1,1.8,0.3,0.2,0.5
,"19-20 years",,,4579,3.8,7.3,1.5,6.0,3.7,3.7,3.4
,"21-30 years",,,50810,42.4,42.2,25.7,35.5,44.2,28.5,43.3
,"31-40 years",,,38526,32.2,31.7,31.6,30.3,31.7,31.1,33.8
,"Over 40 years",,,25303,21.1,16.6,41.0,26.3,20.1,36.5,19.1
"Citizenship",,,,,,,,,,,
,"U.S. citizen",,,83910,70.3,96.4,84.2,93.0,72.6,84.4,50.6
,"Not U.S. citizen",,,35436,29.7,3.6,15.8,7.0,27.4,15.6,49.4
,,,,,,,,,,,
"Note:  Percentages in this table are based on nonmissing cases.",,,,,,,,,,,
"(SEE PRINTED REPORT FOR FOOTNOTE)",,,,,,,,,,,
