"Bureau of Justice Statistics",,,,,,,,,,,,
"Filename:  cfjs0072.csv",,,,,,,,,,,,
"Table 7.2.  Characteristics of Federal offenders under supervision, September 30, 1999",,,,,,,,,,,,
"Report title:  Compendium of Federal Justice Statistics, 2000   NCJ  194067",,,,,,,,,,,,
"Data source:  Federal justice statistics database maintained by The Urban Institute",,,,,,,,,,,,
"Author:  Urban Institute under the supervision of BJS",,,,,,,,,,,,
"Refer  questions to:  askbjs@ojp.usdoj.gov  202-307-0765",,,,,,,,,,,,
"Date of version:  April 17, 2002",,,,,,,,,,,,
,,,,,,,,,,,,
,,,,,,,,,,,,
"Table 7.2.  Characteristics of Federal offenders under supervision, September 30, 1999",,,,,,,,,,,,
,,,,,,,,,,,,
,,"Total offenders",,,"Type of supervision",,,,,,,
"Offender",,"under supervision",,," Probation",,,"Supervised release",,,"Parole",
"characteristic",,"Number","Percent",,"Number","Percent",,"Number","Percent",,"Number","Percent"
," All offenders*",99264,100.0,,30937,100.0,,63800,100.0,,4527,100.0
"Male/Female",,,,,,,,,,,,
,"Male",77795,78.5,,21248,68.8,,52212,81.9,,4335,95.8
,"Female",21368,21.5,,9640,31.2,,11540,18.1,,188,4.2
"Race",,,,,,,,,,,,
,"White",62680,63.9,,20555,67.2,,39427,62.4,,2698,61.0
,"Black",30694,31.3,,7985,26.1,,21082,33.4,,1627,36.8
,"Native American",2114,2.2,,938,3.1,,1107,1.8,,69,1.6
,"Asian/Pacific Islander",2678,2.7,,1103,3.6,,1549,2.5,,26,0.6
"Ethnicity",,,,,,,,,,,,
,"Hispanic",16770,17.0,,4586,14.9,,11620,18.3,,564,12.5
,"Non-Hispanic",81807,83.0,,26134,85.1,,51738,81.7,,3935,87.5
"Age",,,,,,,,,,,,
,"16-18 years",498,0.5,,461,1.5,,37,0.1,,0,0.0
,"19-20 years",2095,2.1,,1301,4.2,,794,1.2,,0,0.0
,"21-30 years",28442,28.7,,9046,29.4,,19225,30.1,,171,3.8
,"31-40 years",30175,30.4,,8480,27.5,,20792,32.6,,903,20.0
,"Over 40 years",37906,38.2,,11503,37.4,,22952,36.0,,3451,76.3
"Education",,,,,,,,,,,,
,"Less than high school graduate",31520,32.2,,7579,25.1,,22091,35.0,,1850,41.7
,"High school graduate",35114,35.9,,10594,35.0,,22944,36.3,,1576,35.6
,"Some college",22116,22.6,,8015,26.5,,13340,21.1,,761,17.2
,"College graduate",9112,9.3,,4039,13.4,,4827,7.6,,246,5.5
"Drug abuse",,,,,,,,,,,,
,"No known abuse",63379,63.8,,24603,79.5,,36320,56.9,,2456,54.3
,"Drug history",35885,36.2,,6334,20.5,,27480,43.1,,2071,45.7
,,,,,,,,,,,,
"(SEE PRINTED REPORT FOR FOOTNOTES)",,,,,,,,,,,,
