"Bureau of Justice Statistics",,,,,,,,,,,,,,
"Filename:  cfjs00712.csv",,,,,,,,,,,,,,
"Table 7.12.  Average time to first release and percent of sentence served, for prisoners released by standard methods, October 1, 1999 - September 30, 2000",,,,,,,,,,,,,,
"Report title:  Compendium of Federal Justice Statistics, 2000   NCJ  149067",,,,,,,,,,,,,,
"Data source:  Federal justice statistics database maintained by The Urban Institute",,,,,,,,,,,,,,
"Author:  Urban Institute under the supervision of BJS",,,,,,,,,,,,,,
"Refer  questions to:  askbjs@ojp.usdoj.gov  202-307-0765",,,,,,,,,,,,,,
"Date of version:  April 17, 2002",,,,,,,,,,,,,,
,,,,,,,,,,,,,,
,,,,,,,,,,,,,,
"Table 7.12.  Average time to first release and percent of sentence served, for prisoners released by standard methods, October 1, 1999 - September 30, 2000",,,,,,,,,,,,,,
,,,,,,,,,,,,,,
,,,,,,,"Prisoners with sentences",,,,"Prisoners with sentences",,,
,,,"All offenders",,,,"of 1 year or less",,,,"over 1 year",,,
,,,"Number of","Mean","Median",,"Number of","Mean","Median",,"Number of","Mean","Median","Percent of"
"Most serious original",,,"prisoners","time","time",,"prisoners","time","time",,"prisoners","time","time","sentence"
"offense of conviction/a",,,"released/b","served","served",,"released/b","served","served",,"released/b","served","served","served"
,,"All prisoners",36613,28.9,18.3,,10479,5.0,5.0,,26134,38.4,26.2,87.7
"Violent offenses",,,2011,53.8,44.3,,155,5.9,6.0,,1856,57.8,47.3,87.2
,"Murder/manslaughter/c",,94,63.6,40.9,,11,6.9,5.2,,83,71.1,52.2,84.8
,"Assault",,323,27.1,21.0,,82,5.4,6.0,,241,34.5,28.7,89.1
,"Robbery",,1358,59.5,52.2,,46,6.4,6.0,,1312,61.4,52.3,87.1
,"Sexual abuse/c",,166,46.1,28.1,,14,6.5,6.5,,152,49.7,32.2,88.1
,"Kidnaping",,51,84.7,63.7,,0,"...","...",,51,84.7,63.7,83.6
,"Threats against the President",,19,33.4,35.7,,2,"--","--",,17,36.3,36.5,89.9
"Property offenses",,,6377,16.2,12.0,,2474,5.2,5.0,,3903,23.1,18.3,88.4
,"Fraudulent",,5262,15.5,12.0,,2059,5.1,5.0,,3203,22.1,18.2,88.3
,,"Embezzlement",399,8.3,5.0,,257,3.6,4.0,,142,16.8,13.1,88.3
,,"Fraud/c",4250,16.3,12.0,,1573,5.2,5.0,,2677,22.9,18.3,88.2
,,"Forgery",121,15.1,12.0,,48,5.9,6.0,,73,21.1,18.3,88.2
,,"Counterfeiting",492,13.9,12.0,,181,6.0,6.0,,311,18.5,15.6,88.8
,"Other",,1115,19.4,12.5,,415,5.4,5.0,,700,27.7,20.9,88.6
,,"Burglary",61,25.0,17.4,,11,5.8,6.0,,50,29.2,20.9,88.8
,,"Larceny/c",586,12.8,10.0,,303,5.4,5.0,,283,20.7,15.7,89.6
,,"Motor vehicle theft",91,23.2,16.9,,17,6.2,5.0,,74,27.1,21.8,88.7
,,"Arson and explosives",43,45.0,32.3,,2,"--","--",,41,46.8,35.6,87.2
,,"Transportation of stolen property",112,20.2,15.7,,29,6.2,6.0,,83,25.1,18.3,87.6
,,"Other property offenses/c",222,28.5,26.1,,53,4.8,5.0,,169,35.9,29.7,87.7
"Drug offenses",,,13608,41.1,31.3,,1242,6.8,6.0,,12366,44.5,32.3,87.3
,"Trafficking",,13417,41.5,31.4,,1114,7.1,7.9,,12303,44.6,32.3,87.3
,"Possession and other drug offenses",,191,13.5,6.0,,128,4.0,3.9,,63,32.8,16.1,90.9
"Public-order offenses",,,14065,19.9,12.0,,6325,4.7,4.3,,7740,32.3,23.6,88.1
,"Regulatory",,640,19.2,13.1,,211,5.2,5.0,,429,26.0,20.9,88.1
,"Other",,13425,19.9,12.0,,6114,4.7,4.2,,7311,32.7,24.0,88.1
,,"Weapons",2032,45.1,40.0,,152,6.8,6.0,,1880,48.2,43.5,87.8
,,"Immigration offenses",9185,13.3,6.0,,5200,4.7,4.1,,3985,24.6,21.0,88.6
,,"Tax law violations/c",301,13.0,10.5,,142,5.3,5.0,,159,19.8,14.0,87.0
,,"Bribery",53,12.1,10.0,,27,4.9,5.0,,26,19.6,14.8,88.0
,,"Perjury",87,17.5,12.0,,30,5.8,5.5,,57,23.7,19.2,92.7
,,"National defense",16,27.6,10.0,,9,"--","--",,7,"--","--","--"
,,"Escape",202,16.0,12.2,,69,6.5,6.0,,133,20.9,16.4,90.1
,,"Racketeering and extortion",907,40.3,31.4,,90,5.8,5.0,,817,44.1,35.5,86.0
,,"Gambling",1,"--","--",,1,"--","--",,0,"...","...","..."
,,"Liquor",2,"--","--",,1,"--","--",,1,"--","--","--"
,,"Nonviolent sex offenses",58,27.4,21.4,,13,2.9,1.9,,45,34.4,26.1,87.9
,,"Obscene material/c",133,21.5,18.3,,14,5.0,5.0,,119,23.5,18.3,87.2
,,"Traffic",329,3.4,1.5,,294,2.1,1.0,,35,14.4,12.0,93.8
,,"Migratory birds",11,8.4,6.0,,7,"--","--",,4,"--","--","--"
,,"All other offenses",108,13.8,8.0,,65,4.6,5.9,,43,27.7,19.4,88.6
"Other prisoners/d",,,552,12.7,10.0,,283,3.7,3.0,,269,22.1,17.4,87.8
,,,,,,,,,,,,,,
"--Too few cases to obtain statistically reliable data.",,,,,,,,,,,,,,
"...No case of this type occurred in the data.",,,,,,,,,,,,,,
"(SEE PRINTED REPORT FOR FOOTNOTES)",,,,,,,,,,,,,,
