"Bureau of Justice Statistics",,,,,,,,,,,
"Filename:  cfjs00715.csv",,,,,,,,,,,
"Table 7.15.  First releases from prison, by offense and offender characteristics, all releases, October 1, 1999 - September 30, 2000",,,,,,,,,,,
"Report title:  Compendium of Federal Justice Statistics, 2000   NCJ  194067",,,,,,,,,,,
"Data source:  Federal justice statistics database maintained by The Urban Institute",,,,,,,,,,,
"Author:  Urban Institute under the supervision of BJS",,,,,,,,,,,
"Refer  questions to:  askbjs@ojp.usdoj.gov  202-307-0765",,,,,,,,,,,
"Date of version:  April 17, 2002",,,,,,,,,,,
,,,,,,,,,,,
,,,,,,,,,,,
"Table 7.15.  First releases from prison, by offense and offender characteristics, all releases, October 1, 1999 - September 30, 2000",,,,,,,,,,,
,,,,,,,,,,,
,,,,"Total",,,,,,,
,,,,"number of","Percent of released offenders convicted of/a--",,,,,,
"Offender",,,,"released","All","Violent","Property offenses",,"Drug","Public-order offenses",
"characteristic",,,,"offenders","offenses","offenses","Fraudulent","Other","offenses","Regulatory","Other"
,,"Number of releases/b",,40721,40721,2070,5490,1153,17026,679,13742
"Male/Female",,,,,,,,,,,
,"Male",,,35816,88.1,92.4,77.4,84.8,86.6,82.8,93.9
,"Female",,,4850,11.9,7.6,22.6,15.2,13.4,17.2,6.1
"Race",,,,,,,,,,,
,"White",,,29671,73.0,48.5,65.2,61.9,69.5,75.3,84.6
,"Black",,,9679,23.8,33.0,30.4,31.3,28.9,21.5,13.1
,"Native American",,,559,1.4,16.7,0.4,3.6,0.4,0.3,0.5
,"Asian/Pacific Islander",,,757,1.9,1.9,4.0,3.3,1.2,2.9,1.7
"Ethnicity",,,,,,,,,,,
,"Hispanic",,,17856,43.9,8.2,13.2,8.2,44.2,20.6,66.3
,"Non-Hispanic",,,22810,56.1,91.8,86.8,91.8,55.8,79.4,33.7
"Age",,,,,,,,,,,
,"Less than 19 years",,,323,0.8,2.6,0.1,1.2,0.5,0.1,1.1
,"19-20 years",,,2026,5.0,7.8,2.3,5.4,5.6,3.8,4.9
,"21-30 years",,,16307,40.1,40.4,27.4,31.1,41.9,29.5,44.6
,"31-40 years",,,12469,30.7,30.5,31.5,32.2,30.5,27.1,30.6
,"Over 40 years",,,9541,23.5,18.7,38.8,30.1,21.4,39.5,18.8
"Citizenship",,,,,,,,,,,
,"U.S. citizen",,,23518,58.1,94.7,81.7,92.3,64.2,78.5,31.5
,"Not U.S. citizen",,,16993,41.9,5.3,18.3,7.7,35.8,21.5,68.5
,,,,,,,,,,,
"(SEE PRINTED REPORT FOR FOOTNOTES)",,,,,,,,,,,
