"Bureau of Justice Statistics",,,,,,,,
"Filename:  cfjs0078.csv",,,,,,,,
"Table 7.8.  Characteristics of offenders terminating parole, October 1, 1999 - September 30, 2000",,,,,,,,
"Report title:  Compendium of Federal Justice Statistics, 2000   NCJ  194067",,,,,,,,
"Data source:  Federal justice statistics database maintained by The Urban Institute",,,,,,,,
"Author:  Urban Institute under the supervision of BJS",,,,,,,,
"Refer  questions to:  askbjs@ojp.usdoj.gov  202-307-0765",,,,,,,,
"Date of version:  April 17, 2002",,,,,,,,
,,,,,,,,
,,,,,,,,
"Table 7.8.  Characteristics of offenders terminating parole, October 1, 1999 - September 30, 2000",,,,,,,,
,,,,,,,,
,,,"Percent terminating parole with--",,,,,
,,"Number of",,"Technical violations/a",,,,
,,"parole","No","Drug","Fugitive",,"New","Administrative"
"Offender characteristic",,"terminations","violation","use","status","Other","crime/b","case closures"
," All offenders/c",1985,55.3,11.8,6.3,7.4,14.3,4.9
"Male/Female",,,,,,,,
,"Male",1905,55.4,11.7,6.2,7.5,14.5,4.8
,"Female",78,52.6,15.4,9.0,6.4,9.0,7.7
"Race",,,,,,,,
,"White",1205,63.9,7.6,5.5,6.2,11.7,5.1
,"Black",695,41.4,18.7,7.8,8.3,18.7,5.0
,"Native American",32,28.1,12.5,6.3,31.3,18.8,3.1
,"Asian/Pacific Islander",12,75.0,0.0,8.3,8.3,8.3,0.0
"Ethnicity",,,,,,,,
,"Hispanic",260,63.5,6.9,6.5,5.0,12.3,5.8
,"Non-Hispanic",1713,54.1,12.6,6.2,7.7,14.7,4.7
"Age",,,,,,,,
,"19-20 years",1,"--","--","--","--","--","--"
,"21-30 years",26,34.6,11.5,7.7,15.4,23.1,7.7
,"31-40 years",318,47.8,13.2,6.0,10.1,19.8,3.1
,"Over 40 years",1639,57.1,11.5,6.3,6.8,13.1,5.2
"Education",,,,,,,,
,"Less than high school graduate",900,50.2,14.2,6.7,8.4,14.9,5.6
,"High school graduate",661,54.5,10.9,6.8,8.0,15.7,4.1
,"Some college",315,65.4,8.9,5.1,5.1,11.1,4.4
,"College graduate",89,78.7,2.2,3.4,2.2,6.7,6.7
"Drug abuse",,,,,,,,
,"No known abuse",934,66.3,5.4,5.1,6.4,10.8,6.0
,"Drug history",1051,45.6,17.5,7.3,8.3,17.4,3.9
,,,,,,,,
"(SEE PRINTED REPORT FOR FOOTNOTES)",,,,,,,,
