Bureau of Justice Statistics,,,,,,,,
Filename: cpus22stt02.csv,,,,,,,,
"Table 2. Composition of the adult correctional system in the United States, by correctional status, 2012 and 2022",,,,,,,,
"Report title: Correctional Populations in the United States, 2022 � Statistical Tables   NCJ 308699",,,,,,,,
"Data source: Bureau of Justice Statistics, Annual Probation Survey, Annual Parole Survey, Annual Survey of Jails, and National Prisoner Statistics program, 2012 and 2022",,,,,,,,
"Authors: Emily D. Buehler, PhD, and Rich Kluckow, DSW BJS Statisticians",,,,,,,,
Refer questions to: askbjs@usdoj.gov 202-307-0765,,,,,,,,
Date of version: 5/30/2024,,,,,,,,
 ,,,,,,,,
"Table 2. Composition of the adult correctional system in the United States, by correctional status, 2012 and 2022",,,,,,,,
,,2012,,,,2022,,
Correctional population,,Population,Percent of correctional population,,,Population,Percent of correctional population,
,Total/a,"6,949,800",100,%,,"5,407,300",100,%
Probation/b,,"3,944,900",56.8,,,"2,990,900",55.3,
"Prison/b,c",,"1,570,400",22.6,,,"1,230,100",22.7,
Parole/b,,"858,400",12.4,,,"698,800",12.9,
Local jail/d,,"744,500",10.7,,,"663,100",12.3,
"Note: Counts are rounded to the nearest 100 and include estimates for nonresponding jurisdictions. Details may not sum to totals due to rounding and because estimates were adjusted to exclude persons with dual correctional statuses (persons on probation or parole who were held in prisons or local jails, persons on parole who were also on probation, and prisoners who were held in local jails). See table 10 and Methodology for more details.",,,,,,,,
"a/Reflects probation, prison, parole, and local jail counts minus persons with dual correctional statuses to avoid double counting. There were 168,400 persons in 2012 and 175,600 persons in 2022 with dual correctional statuses. See table 10 and Methodology for more details. Total correctional populations for 2012 and 2022 use standard error terms from the Annual Survey of Jails (ASJ) for 2012 and 2022. See appendix table 2 for standard errors.",,,,,,,,
b/Population as of December 31.,,,,,,,,
c/Persons who were under the jurisdiction of state or federal prisons. ,,,,,,,,
d/Population as of the last weekday in June. Data from the 2012 and 2022 ASJ are nationally representative samples of local jails. See appendix table 2 for standard errors. ,,,,,,,,
"Source: Bureau of Justice Statistics, Annual Probation Survey, Annual Parole Survey, Annual Survey of Jails, and National Prisoner Statistics program, 2012 and 2022.",,,,,,,,
