Bureau of Justice Statistics,,,,,,,,
filename: vdhbt16.csv,,,,,,,,
"Table 16.  Type of violence that occurred during household burglaries when someone was home, by type of burglary, 2003�2007 ",,,,,,,,
report title:  Victimization During Household Burglary NCJ 227379,,,,,,,,
data source: National Crime Victimization Survey,,,,,,,,
"author: Shannan Catalano, Ph.D., BJS Statistician",,,,,,,,
refer questions to: askbjs@usdoj.gov or (202) 307-0765,,,,,,,,
date of version: 9/30/2010,,,,,,,,
,,,,,,,,
"Table 16. Type of violence that occurred during household burglaries when someone was home, by type of burglary, 2003�2007 ",,,,,,,,
,,,,,Type of burglary,,,
Type of violence,,All burglary,,,Completed*,,Attempted forcible entry,
,Total,26,%,,29.7,%,10.6,%
Rape/sexual assault,,2.2,%,,2.7,%,--,%
Robbery,,5.8,%,,7,%,0.9,%
Assault,,18,%,,20,%,9.7,%
,Aggravated assault,5,,,4.9,,3.4,
,Simple assault,13,,,15.1,,6.3,
Total average annual number of ,,,,,,,,
burglaries of occupied residences,,"1,025,520",,,"824,320",,"201,200",
Note: Percentages are calculated as the number of households that experienced a violent crime divided by the number of burglaries in which households were occupied.,,,,,,,,
 --No cases were present for this category.,,,,,,,,
