Bureau of Justice Statistics,,,,,,,,
filename: vdhbt02.csv,,,,,,,,
"Table 2.  Average annual household burglary, by household composition and head of household characteristics, 2003�2007",,,,,,,,
report title:  Victimization During Household Burglary NCJ 227379,,,,,,,,
data source: National Crime Victimization Survey,,,,,,,,
"author: Shannan Catalano, Ph.D., BJS Statistician",,,,,,,,
refer questions to: askbjs@usdoj.gov or (202) 307-0765,,,,,,,,
date of version: 9/30/2010,,,,,,,,
,,,,,,,,
"Table 2. Average annual household burglary, by household composition and head of household characteristics, 2003�2007",,,,,,,,
,,,,,,"Rate per 1,000 households",,
Characteristics,,,,Average annual ,,,,
number of ,,,,,,,,
households,,Household member not present,,Household member present,,,,
Household composition,,,,,,,,
,Households without children,,,"58,104,000",,17.3,,5.8
,,Married couples,,"26,018,350",,13.5,,3.7
,,Single male,,"14,219,630",,24.6,,6.9
,,Single female,,"17,866,020",,17.1,,8
,Households with children,,,"29,405,670",,28.2,,10.5
,,Two-parent ,,"22,395,420",,19.9,,7.2
,,Single male,,"1,041,190",,58.7,,13.7
,,Single female,,"5,969,060",,54.1,,22.3
,Othera,,,"29,365,170",,29,,12.9
Race of head of householdb,,,,"116,874,850",,23,,8.8
,,White,,"96,089,150",,21.6,,8.5
,,Black,,"14,556,460",,32.5,,10.3
,,American Indian/Alaska Native,,"671,650",,57,,19.6
,,Asian Pacific Islander,,"4,546,100",,12.6,,5.2
,,More than one race,,"1,011,500",,45.4,,18.1
Hispanic/Latino origin head of household,,,,"116,248,780",,23,,8.8
,,Hispanic or Latino,,"12,335,710",,26.4,,11.9
,,Non-Hispanic or Latino,,"103,913,070",,22.6,,8.4
Age of head of household,,,,"116,874,850",,23,,8.8
,19-Dec,,,"1,085,100",,58.8,,26.9
,20-34,,,"26,609,020",,30.2,,11.2
,35-49,,,"36,445,680",,32.4,,12.9
,50-64,,,"29,341,680",,19.9,,7
,65 or older,,,"23,393,370",,12.2,,4.8
"aIncludes a combination of children, adult relatives, and other adults not related to household members living together. The NCVS is unable to disentangle these more complex household structures involving common law marriages, domestic partnerships, and alternative familial living arrangements.",,,,,,,,
bHead of household is a classification defining one and only one person residing in each housing unit as the head. It implies that the person is either the homeowner (or in the process of buying the unit) or the person responsible for renting the unit. The head of household must be age 18 or older with two exceptions: all household members are under age 18 or the head of household is under age 18 and married to someone age 18 or older. ,,,,,,,,
