Bureau of Justice Statistics,,,,,,,,,,
filename: vdhbt09.csv,,,,,,,,,,
"Table 9.  Time of occurrence of household burglaries, by presence of household member, 2003�2007",,,,,,,,,,
report title:  Victimization During Household Burglary NCJ 227379,,,,,,,,,,
data source: National Crime Victimization Survey,,,,,,,,,,
"author: Shannan Catalano, Ph.D., BJS Statistician",,,,,,,,,,
refer questions to: askbjs@usdoj.gov or (202) 307-0765,,,,,,,,,,
date of version: 9/30/2010,,,,,,,,,,
,,,,,,,,,,
"Table 9. Time of occurrence of household burglaries, by presence of household member, 2003�2007",,,,,,,,,,
,,Household member not present,,,,,Household member present,,,
Time of day,,Average annual number,,Percent,,,Average annual number,,Percent,
,Total,"2,683,270",,100,%,,"1,021,430",,100,%
Daytime (6 am - 6 pm),,"1,159,450",,43.2,%,,"336,340",,32.9,%
Nighttime (6 pm - 6 am),,"697,940",,26,,,"626,150",,61.3,
Don't know time of day,,"825,880",,30.8,,,"58,940",,5.8,
