Bureau of Justice Statistics,,,,,,,,
filename: vdhbat01.csv,,,,,,,,
Appendix table 1.  Standard errors and confidence intervals for key estimates in victimization during household burglary.,,,,,,,,
report title:  Victimization During Household Burglary NCJ 227379,,,,,,,,
data source: National Crime Victimization Survey,,,,,,,,
"author: Shannan Catalano, Ph.D., BJS Statistician",,,,,,,,
refer questions to: askbjs@usdoj.gov or (202) 307-0765,,,,,,,,
date of version: 9/30/2010,,,,,,,,
,,,,,,,,
Appendix table 1. Standard errors and confidence intervals for key estimates in victimization during household burglary.,,,,,,,,
,,,,,95%-confidence interval,,,
Characteristic,Estimate,,One standard error,,Lower,,Upper,
Household member present,27.6,%,1.72,%,24.23,%,30.97,%
Percent violent of all household burglary,7.2,,0.94,,5.37,,9.03,
Percent violent of occupied household burglary,26,,2.98,,20.17,,31.83,
Note: Standard errors were calculated using programs developed by the Census Bureau to calculate NCVS general variance parameters.,,,,,,,,
