Bureau of Justice Statistics,,,,,,,,,,
filename: vdhbt07.csv,,,,,,,,,,
"Table 7.  Method of entry in household burglary involving unlawful entry, by presence of household member, 2003�2007 ",,,,,,,,,,
report title:  Victimization During Household Burglary NCJ 227379,,,,,,,,,,
data source: National Crime Victimization Survey,,,,,,,,,,
"author: Shannan Catalano, Ph.D., BJS Statistician",,,,,,,,,,
refer questions to: askbjs@usdoj.gov or (202) 307-0765,,,,,,,,,,
date of version: 9/30/2010,,,,,,,,,,
,,,,,,,,,,
"Table 7. Method of entry in household burglary involving unlawful entry, by presence of household member, 2003�2007 ",,,,,,,,,,
,,Household member not present,,,,,Household member present,,,
Method of entry,,Average annual ,,,,,,,,
number,,Percent,,,Average annual ,,,,,
number,,Percent,,,,,,,,
,Total,"1,217,030",,100,%,,"623,520",,100,%
Someone let the offender in,,"19,960",,1.6,%,,"109,810",,17.6,%
Offender pushed way inside,,"2,750",,0.2,^,,"73,790",,11.8,
Open door or window,,"209,430",,17.2,,,"168,560",,27,
Unlocked door or window,,"481,230",,39.5,,,"174,760",,28,
Had key,,"95,740",,7.9,,,"22,490",,3.6,
Picked lock or window,,"49,600",,4.1,,,"14,020",,2.2,
Unknown means through locked door or window,,"64,340",,5.3,,,"10,720",,1.7,
By other means,,"260,870",,21.4,,,"38,890",,6.2,
Don't know,,"33,110",,2.7,,,"10,480",,1.7,
"Note: Unlawful entry is a completed burglary committed by someone having no legal right to be on the premises even though no force was used to gain entry. An offender may gain access to a residence when household members are not present by being let in by an individual not living in the household, such as a visiting guest, housekeeper, or repair person. Totals may not add to 100% due to rounding. ",,,,,,,,,,
^Based on 10 or fewer sample cases.,,,,,,,,,,
