Bureau of Justice Statistics,,,,,,,
filename: vdhbt14.csv,,,,,,,
"Table 14.  Household burglary of occupied residences, by victim-offender relationship, 2003�2007",,,,,,,
report title:  Victimization During Household Burglary NCJ 227379,,,,,,,
data source: National Crime Victimization Survey,,,,,,,
"author: Shannan Catalano, Ph.D., BJS Statistician",,,,,,,
refer questions to: askbjs@usdoj.gov or (202) 307-0765,,,,,,,
date of version: 9/30/2010,,,,,,,
,,,,,,,
"Table 14. Household burglary of occupied residences, by victim-offender relationship, 2003�2007",,,,,,,
,,,,Type of burglary,,,
Relationship,,All burglary,,Completeda,,Attempted forcible entry,
,Total,"1,025,520",,"824,320",,"201,200",
Offender known to the victim,,29.5,%,33.5,%,13.1,%
,Intimates (current or former),10.6,,11.9,,5,
,Relatives/known ,,,,,,
acquaintances,18.9,,21.6,,8,,
Strangers,,24,,24.1,,24.5,
Unknown offenderb,,46,,42.4,,62.4,
Note: Totals may exceed 100% because estimates include multiple offenders. Percentages are calculated as the number of households victimized by each victim offender category divided by the number of households burglaries in which someone was present.,,,,,,,
aIncludes forcible entry and unlawful entry without force.,,,,,,,
"bSurvey respondents may not have been able to provide information on the offender because the respondents were not the household members present during the burglary, or the respondents may not have been able to see the offender clearly because of dim lighting (darkness), concealed identity, or other reasons.",,,,,,,
