"Bureau of Justice Statistics",,,
"filename:  lpd97t08.csv",,,
"Table 8.  Training requirements for new officer recruits in local police departments, by size of population served, 1997",,,
"title: Local Police Departments, 1997, NCJ 78934",,,
"data source:  1997 Law Enforcement Management and Administrative Statistics",,,
"authors:  Brian A. Reaves, Ph.D. and Andrew Goldberg",,,
"refer questions to: askbjs@ojp.usdoj.gov (202)307-0765",,,
"date of version: 11/1/99",,,
,,,
"Table 8.  Training requirements  for new officers recruits in local  police departments, by size of  population served, 1997",,,
,,,
,,,
"Population","Average number of hours required",,
"served","Total","Class room","Field"
,,,
"All sizes",599,395,204
,,,
"1,000,000 or more",1252,878,374
"500,000-999,999",1357,822,535
"250,000-499,999",1356,782,574
"100,000-249,999",945,649,496
"50,000-99,999",938,537,501
"25,000-49,999",919,518,401
"10,000-24,999",480,470,310
"2,500-9,999",602,399,203
"Under 2,500",422,321,101
,,,
"Note:  Average number of training hours excludes departments not requiring training.",,,
