"Bureau of Justice Statistics",
"filename:  lpd97f09.csv",
"Figure 9.  Uses of citizen survey information by local police departments",
"title: Local Police Departments, 1997, NCJ 78934",
"data source:  1997 Law Enforcement Management and Administrative Statistics",
"authors:  Brian A. Reaves, Ph.D. and Andrew Goldberg",
"refer questions to: askbjs@ojp.usdoj.gov (202)307-0765",
"date of version: 11/15/99",
,
"Figure 9.  Uses of citizen survey information by local police departments",
,
"Use of citizen","Percent of agencies that"
"survey information","surveyed citizens"
,
"Redistrict beats/reporting areas",15%
"Allocate resources to neighborhoods",40%
"Formulate agency policy/procedures",46%
"Prioritize crime/disorder problems",56%
"Provide information to patrol officers",78%
