"Bureau of Justice Statistics",,,
"filename:  lpd97t45.csv",,,
"Table 45.  Vehicle use policies in  local police departments, by size  of population served, 1997",,,
"title: Local Police Departments, 1997, NCJ 78934",,,
"data source:  1997 Law Enforcement Management and Administrative Statistics",,,
"authors:  Brian A. Reaves, Ph.D. and Andrew Goldberg",,,
"refer questions to: askbjs@ojp.usdoj.gov (202)307-0765",,,
"date of version: 11/1/99",,,
,,,
,,,
"Table 45.  Vehicle use policies in  local police departments, by size  of population served, 1997",,,
,,,
,"Percent of agencies allowing officers",,
,"to take marked vehicles home",,
"Population",,"Personal","Personal use"
"served","  Total","use allowed","not allowed"
,,,
"  All sizes",48.0%,10.0%,38.0%
,,,
"1,000,000 or more",44.0%,19.0%,25.0%
"500,000-999,999",54.0%,33.0%,21.0%
"250,000-499,999",48.0%,15.0%,32.0%
"100,000-249,999",45.0%,23.0%,22.0%
"50,000-99,999",38.0%,15.0%,23.0%
"25,000-49,999",26.0%,11.0%,15.0%
"10,000-24,999",28.0%,8.0%,20.0%
"2,500-9,999",39.0%,8.0%,31.0%
"Under 2,500",62.0%,11.0%,52.0%
,,,
"Note:  Detail may not add to total because of rounding.",,,
