"Bureau of Justice Statistics",,,,,
"filename:  lpd97t54.csv",,,,,
"Table 54.  Types of in-field computers or terminals used by local police departments, by size of population served, 1997",,,,,
"title: Local Police Departments, 1997, NCJ 78934",,,,,
"data source:  1997 Law Enforcement Management and Administrative Statistics",,,,,
"authors:  Brian A. Reaves, Ph.D. and Andrew Goldberg",,,,,
"refer questions to: askbjs@ojp.usdoj.gov (202)307-0765",,,,,
"date of version: 1/4/99",,,,,
,,,,,
,,,,,
"Table 54.  Types of in-field computers or terminals used by local police departments, by size of population served, 1997",,,,,
,,,,,
,"Percent of agencies using in-field computers:",,,,
,,,,"Car-mounted ",
"Population","Any",,"Hand-","Digital","Digital/data"
"served","type","Laptop","held","terminal","computer"
,,,,,
"  All sizes",29.0%,21.0%,1.0%,12.0%,4.0%
,,,,,
"1,000,000 or more",94.0%,75.0%,19.0%,81.0%,25.0%
"500,000-999,999",88.0%,71.0%,8.0%,67.0%,12.0%
"250,000-499,999",81.0%,59.0%,20.0%,70.0%,13.0%
"100,000-249,999",85.0%,59.0%,13.0%,47.0%,25.0%
"50,000-99,999",76.0%,61.0%,8.0%,39.0%,17.0%
"25,000-49,999",70.0%,55.0%,4.0%,31.0%,11.0%
"10,000-24,999",47.0%,33.0%,3.0%,22.0%,9.0%
"2,500-9,999",29.0%,21.0%,1.0%,10.0%,3.0%
"Under 2,500",14.0%,10.0%,"--",4.0%,1.0%
,,,,,
" --Less than 0.5%. ",,,,,
