"Bureau of Justice Statistics",,,
"filename:  lpd97t34.csv",,,
"Table 34. Full-time school resource officers in local police departments, by size of population served, 1997",,,
"title: Local Police Departments, 1997, NCJ 78934",,,
"data source:  1997 Law Enforcement Management and Administrative Statistics",,,
"authors:  Brian A. Reaves, Ph.D. and Andrew Goldberg",,,
"refer questions to: askbjs@ojp.usdoj.gov (202)307-0765",,,
"date of version: 11/1/99",,,
,,,
"Table 34. Full-time school resource officers in local police departments, by size of population served, 1997",,,
,,,
,"School resource officers",,
"Population","Percent of","Total number"," Average  number of  "
"served","agencies using","of officers","full-time sworn*"
,,,
"  All sizes",38.0%,9446,2
,,,
"1,000,000 or more",75.0%,874,73
"500,000-999,999",67.0%,306,19
"250,000-499,999",65.0%,462,15
"100,000-249,999",80.0%,807,6
"50,000-99,999",77.0%,901,3
"25,000-49,999",70.0%,1060,2
"10,000-24,999",62.0%,1493,1
"2,500-9,999",42.0%,2009,1
"Under 2,500",21.0%,1533,1
,,,
"*Excludes agencies that did not employ any school resource officers.",,,
