"Bureau of Justice Statistics",,,
"filename:  lpd97t47.csv",,,
"Table 47.  Off-land vehicles operated by local police departments, by size of population served, 1997",,,
"title: Local Police Departments, 1997, NCJ 78934",,,
"data source:  1997 Law Enforcement Management and Administrative Statistics",,,
"authors:  Brian A. Reaves, Ph.D. and Andrew Goldberg",,,
"refer questions to: askbjs@ojp.usdoj.gov (202)307-0765",,,
"date of version: 11/1/99",,,
,,,
,,,
"Table 47.  Off-land vehicles operated by local police departments, by size of population served, 1997",,,
,,,
,"Percent of  agencies operating",,
"Population served"," Boats"," Heli-  copters","   Air-    planes"
,,,
"  All sizes",5.0%,1.0%,"--"
,,,
"1,000,000 or more",69.0%,81.0%,44.0%
"500,000-999,999",67.0%,71.0%,21.0%
"250,000-499,999",37.0%,50.0%,19.0%
"100,000-249,999",25.0%,11.0%,5.0%
"50,000-99,999",13.0%,3.0%,2.0%
"25,000-49,999",11.0%,"--",0.0%
"10,000-24,999",9.0%,0.0%,0.0%
"2,500-9,999",4.0%,"--",0.0%
"Under 2,500",2.0%,0.0%,0.0%
,,,
"--Less than .5%.",,,
