"Bureau of Justice Statistics",,,,
"filename:  lpd97t03.csv",,,,
"Table 3.  Local police departments and full-time sworn personnel, by size of population served, 1997",,,,
"title: Local Police Departments, 1997, NCJ 78934",,,,
"data source:  1997 Law Enforcement Management and Administrative Statistics",,,,
"authors:  Brian A. Reaves, Ph.D. and Andrew Goldberg",,,,
"refer questions to: askbjs@ojp.usdoj.gov (202)307-0765",,,,
"date of version: 11/1/99",,,,
,,,,
"Table 3.  Local police departments and full-time sworn personnel,  by size of population served, 1997",,,,
,,,,
"Population  "," Agencies",,"Full-time  sworn personnel",
"served","Number","Percent","Number","Percent"
,,,,
"  All sizes",13540,100%,420152,100%
,,,,
"1,000,000 or more",16,0.1%,97446,23.2%
"500,000-999,999",24,0.2%,33075,7.9%
"250,000-499,999",46,0.3%,36848,8.8%
"100,000-249,999",156,1.2%,45184,10.8%
"50,000-99,999",381,2.8%,46070,11.0%
"25,000-49,999",720,5.3%,44790,10.7%
"10,000-24,999",1819,13.4%,53875,12.8%
"2,500-9,999",4078,30.1%,44469,10.6%
"Under 2,500",6301,46.5%,18393,4.4%
,,,,
"Note: Detail may not add to total because of rounding. ",,,,
