"Bureau of Justice Statistics",,,,,
"filename:  lpd97t09.csv",,,,,
"Table 9.  Operating expenditures of local police departments,  by size of population served, 1997",,,,,
"title: Local Police Departments, 1997, NCJ 78934",,,,,
"data source:  1997 Law Enforcement Management and Administrative Statistics",,,,,
"authors:  Brian A. Reaves, Ph.D. and Andrew Goldberg",,,,,
"refer questions to: askbjs@ojp.usdoj.gov (202)307-0765",,,,,
"date of version: 1/4/00",,,,,
,,,,,
"Table 9.  Operating expenditures of local police departments,  by size of population served, 1997",,,,,
,,,,,
,"Operating expenditures, fiscal year 1997",,,,
"Population served",,"Per","Per","Per","Per"
"served"," Total","agency","sworn","employee","resident"
,,,,,
"  All sizes",$29228843000,$2159000,$67100,$51900,$150
,,,,,
"1,000,000 or more",$6761752000,$422610000,$68900,$53400,$222
"500,000-999,999",2536334000,105681000,76500,59100,155
"250,000-499,999",2914663000,63362000,79000,59200,168
"100,000-249,999",3528978000,22622000,77900,57800,151
"50,000-99,999",3557997000,9339000,76600,57600,137
"25,000-49,999",3232377000,4489000,71200,54700,130
"10,000-24,999",3396078000,1867000,60600,47400,120
"2,500-9,999",2496645000,612000,49900,39600,118
"Under 2,500",804018000,128000,33200,29600,109
,,,,,
"Note:  Figures are for the fiscal year ending June 30, 1997, or the most recent fiscal year completed prior to that date.  ",,,,,
"Figures do not include capital expenditures such as equipment purchases or construction costs.  ",,,,,
"Computation of per officer and per employee averages include both full-time and part-time employees, with a weight of .5 assigned to part-time employees.  ",,,,,
"Total and per agency figures are rounded to the nearest $1,000, per officer and per employee figures to the nearest $100.",,,,,
