"Bureau of Justice Statistics",,,
"filename:  lpd97b01.csv",,,
"In-text Box 1.  The 50 largest local police departments by total number of full-time sworn personnel, number of full-time sworn personnel per 10, 000 residents, and percent of full-time sworn personnel regularly assigned to respond to call",,,
"title: Local Police Departments, 1997, NCJ 78934",,,
"data source:  1997 Law Enforcement Management and Administrative Statistics",,,
"authors:  Brian A. Reaves, Ph.D. and Andrew Goldberg",,,
"refer questions to: askbjs@ojp.usdoj.gov (202)307-0765",,,
"date of version: 01/04/00",,,
,,,
"In-text Box 1.  The 50 largest local police departments by total number of full-time sworn personnel, number of full-time sworn personnel per 10, 000 residents, and percent of full-time sworn personnel regularly assigned to respond to call",,,
,,,
,"Full-time sworn personnel",,
,,"Number per","Percent"
,"Total ","10,000","responding to"
"Jurisdiction","number","residents*","calls for service"
,,,
"New York (NY) ",38328,52,72%
"Chicago (IL) ",13271,49,87%
"Los Angeles (CA)",9423,27,64%
"Philadelphia (PA) ",6782,46,87%
"Houston (TX) ",5355,31,87%
,,,
"Detroit (MI) ",4070,41,74%
"Washington (DC) ",3618,67,90%
"Baltimore (MD) ",3082,46,78%
"Nassau Co. (NY) ",2935,23,44%
"Miami-Dade Co. (FL)",2920,26,51%
,," ",
"Dallas (TX) ",2817,27,87%
"Suffolk Co. (NY) ",2711,22,44%
"Phoenix (AZ)) ",2428,21,50%
"Boston (MA)  ",2190,39,73%
"Milwaukee (WI) ",2151,36,71%
,,,
"San Francisco (CA) ",2006,27,58%
"San Diego (CA) ",1964,17,54%
"San Antonio (CA) ",1867,17,55%
"Cleveland (OH) ",1798,36,58%
"Columbus (OH)",1726,26,79%
,,,
"Clark Co. (NV)**",1709,16,43%
"Honolulu (HI) ",1691,19,62%
"Atlanta (GA) ",1612,40,38%
"Baltimore Co. (MD)",1608,22,53%
"St. Louis (MO) ",1608,46,58%
"New Orleans (LA) ",1576,33,83%
,,,
"Memphis (TN) ",1498,25,58%
"Jacksonville (FL) ",1438,22,49%
"Denver (CO) ",1412,28,51%
"Newark (NJ) ",1407,52,66%
"San Jose (CA) ",1336,16,71%
,,,
"Charlotte-Mecklenberg Co. (NC) ",1286,31,58%
"Nashville (TN) ",1279,25,42%
"Prince George's Co. (MD) ",1264,16,51%
"Seattle (WA) ",1232,23,56%
,,,
"Fort Worth (TX) ",1200,25,49%
"Kansas City (MO)",1172,27,68%
"Pittsburgh (PA) ",1122,32,73%
"Fairfax Co. (VA) ",1049,13,49%
"El Paso (TX) ",1013,17,46%
,,,
"Miami (FL) ",1007,28,51%
"Oklahoma City (OK)",988,21,89%
"Cincinnati (OH)",978,28,51%
"Montgomery Co. (MD)",977,12,50%
"Austin (TX)",976,18,48%
,,,
"Indianapolis (IN)",970,14,51%
"Portland (OR) ",962,20,56%
"Buffalo (NY)",928,30,66%
"Tampa (FL)",916,32,60%
"Birmingham (AL)",914,35,59%
,,,
,,,
"Note:  Officers not assigned to respond to calls for service typically were assigned to other functional  areas of duty related to administration, investigations, technical support, jail operations, or court operations.  ",,,
"*In some cases, county populations were adjusted to more accurately reflect the population for which an agency provided law enforcement services.",,,
"**Las Vegas Metropolitan Police",,,
