"Bureau of Justice Statistics",,,
"filename:  lpd97t31.csv",,,
"Table 31.  Community policing training for new officer recruits and in-service officers in local police departments,  by size of population served, 1997",,,
"title: Local Police Departments, 1997, NCJ 78934",,,
"data source:  1997 Law Enforcement Management and Administrative Statistics",,,
"authors:  Brian A. Reaves, Ph.D. and Andrew Goldberg",,,
"refer questions to: askbjs@ojp.usdoj.gov (202)307-0765",,,
"date of version: 11/1/99",,,
,,,
"Table 31.  Community policing training for new officer recruits and in-service officers in local police departments,  by size of population served, 1997",,,
,,,
"Population","Percentage of agencies that trained personnel ",,
"served","for 8 or more hours in community policing* ",,
,"Total","All","Some"
,,,
"New officer recruits",,,
"  All sizes",53.0%,40.0%,13.0%
,,,
"1,000,000 or more",94.0%,94.0%,0.0%
"500,000-999,999",87.0%,87.0%,0.0%
"250,000-499,999",91.0%,82.0%,9.0%
"100,000-249,999",87.0%,80.0%,8.0%
"50,000-99,999",86.0%,73.0%,12.0%
"25,000-49,999",82.0%,65.0%,17.0%
"10,000-24,999",69.0%,53.0%,15.0%
"2,500-9,999",58.0%,45.0%,13.0%
"Under 2,500",37.0%,25.0%,11.0%
,,,
"In-service sworn personnel",,,
"  All sizes",62.0%,27.0%,35.0%
,,,
"1,000,000 or more",81.0%,37.0%,44.0%
"500,000-999,999",83.0%,33.0%,50.0%
"250,000-499,999",93.0%,43.0%,50.0%
"100,000-249,999",90.0%,49.0%,41.0%
"50,000-99,999",88.0%,40.0%,48.0%
"25,000-49,999",88.0%,35.0%,53.0%
"10,000-24,999",75.0%,25.0%,51.0%
"2,500-9,999",70.0%,26.0%,44.0%
"Under 2,500",47.0%,26.0%,21.0%
,,,
"*During 3-year period ending June 30, 1997.",,,
