"Bureau of Justice Statistics",,,
"filename:  lpd97f11.csv",,,
"Figure 11.  Local police departments requiring all regular field officers to wear protective armor, 1990, 1993, and 1997",,,
"title: Local Police Departments, 1997, NCJ 78934",,,
"data source:  1997 Law Enforcement Management and Administrative Statistics",,,
"authors:  Brian A. Reaves, Ph.D. and Andrew Goldberg",,,
"refer questions to: askbjs@ojp.usdoj.gov (202)307-0765",,,
"date of version: 11/15/99",,,
,,,
"Figure 11.  Local police departments requiring all regular field officers to wear protective armor, 1990, 1993, and 1997",,,
,,,
,"Percent of agencies requiring",,
"Population ","protective armor, by year",,
"served",1990,1993,1997
,,,
"Under 10,000",23%,33%,41%
"10,000 - 49,999",27%,37%,44%
"50,000 - 249,999",22%,31%,49%
"250,000 or more",21%,30%,41%
