"Bureau of Justice Statistics",
"filename:  lpd97f10.csv",
"Figure 10.  Methods by which citizens could routinely access crime statistics from local police departments, 1997",
"title: Local Police Departments, 1997, NCJ 78934",
"data source:  1997 Law Enforcement Management and Administrative Statistics",
"authors:  Brian A. Reaves, Ph.D. and Andrew Goldberg",
"refer questions to: askbjs@ojp.usdoj.gov (202)307-0765",
"date of version: 11/15/99",
,
"Figure 10.  Methods by which citizens could routinely access crime statistics from local police departments, 1997",
,
"Methods of ","Percent of agencies "
"access","providing access to statistics"
,
"Internet",5%
"Television",13%
"Newsletter",16%
"Radio",18%
"Telephone",43%
"Newspaper",47%
"In-person",85%
