"Bureau of Justice Statistics",,
"filename:  lpd97f13.csv",,
"Figure 13.  Local police officers employed by departments maintaining selected types of computerized information files, 1993 and 1997",,
"title: Local Police Departments, 1997, NCJ 78934",,
"data source:  1997 Law Enforcement Management and Administrative Statistics",,
"authors:  Brian A. Reaves, Ph.D. and Andrew Goldberg",,
"refer questions to: askbjs@ojp.usdoj.gov (202)307-0765",,
"date of version: 11/15/99",,
,,
"Figure 13.  Local police officers employed by departments maintaining selected types of computerized information files, 1993 and 1997",,
,,
,"Percent of all local police",
"Type of","officers employed, by year",
"information",1993,1997
,,
"Traffic accidents",67%,74%
"Stolen property",62%,75%
"Criminal histories",61%,77%
"Calls for service",84%,90%
"Arrests",87%,92%
