"Bureau of Justice Statistics",,,,,,
"filename:  lpd97t40.csv",,,,,,
"Table 40.  Semiautomatic sidearms authorized for use by sworn officers in local police departments, by size of population served, 1997",,,,,,
"title: Local Police Departments, 1997, NCJ 78934",,,,,,
"data source:  1997 Law Enforcement Management and Administrative Statistics",,,,,,
"authors:  Brian A. Reaves, Ph.D. and Andrew Goldberg",,,,,,
"refer questions to: askbjs@ojp.usdoj.gov (202)307-0765",,,,,,
"date of version: 1/4/00",,,,,,
,,,,,,
,,,,,,
"Table 40.  Semiautomatic sidearms authorized for use by sworn officers in local police departments, by size of population served, 1997",,,,,,
,,,,,,
"Population","Percent of agencies authorizing semiautomatic sidearms",,,,,
"served","Any  type"," 9mm"," .40"," .45"," .380"," 10mm"
,,,,,,
"  All sizes",94.0%,66.0%,57.0%,38.0%,14.0%,14.0%
,,,,,,
"1,000,000 or more",100.0%,87.0%,38.0%,25.0%,19.0%,6.0%
"500,000-999,999",96.0%,83.0%,46.0%,29.0%,17.0%,8.0%
"250,000-499,999",100.0%,85.0%,61.0%,45.0%,26.0%,13.0%
"100,000-249,999",97.0%,70.0%,48.0%,46.0%,20.0%,16.0%
"50,000-99,999",99.0%,75.0%,52.0%,42.0%,20.0%,20.0%
"25,000-49,999",99.0%,62.0%,60.0%,37.0%,15.0%,11.0%
"10,000-24,999",97.0%,60.0%,56.0%,32.0%,16.0%,13.0%
"2,500-9,999",96.0%,63.0%,58.0%,35.0%,12.0%,13.0%
"Under 2,500",91.0%,69.0%,56.0%,40.0%,14.0%,15.0%
