"Bureau of Justice Statistics",,,
"filename:  lpd97f07.csv",,,
"Figure 7.  Community policing plans of local police departments, 1997",,,
"title: Local Police Departments, 1997, NCJ 78934",,,
"data source:  1997 Law Enforcement Management and Administrative Statistics",,,
"authors:  Brian A. Reaves, Ph.D. and Andrew Goldberg",,,
"refer questions to: askbjs@ojp.usdoj.gov (202)307-0765",,,
"date of version: 11/15/99",,,
,,,
"Figure 7.  Community policing plans of local police departments, 1997",,,
,,,
,"Community policing plans",,
"Size of","No","Informal ","Formal"
"agency","plan","plan","plan"
,,,
"Under 10,000",37%,53%,10%
"10,000 - 49,999",14%,55%,31%
"50,000 - 249,999",5%,40%,56%
"250,000 or more",6%,26%,68%
