"Bureau of Justice Statistics",,,,
"filename:  lpd97t27.csv",,,,
"Table 27.  Temporary lockup facilities  operated by local police departments,  by size of population served, 1997",,,,
"title: Local Police Departments, 1997, NCJ 78934",,,,
"data source:  1997 Law Enforcement Management and Administrative Statistics",,,,
"authors:  Brian A. Reaves, Ph.D. and Andrew Goldberg",,,,
"refer questions to: askbjs@ojp.usdoj.gov (202)307-0765",,,,
"date of version: 11/1/99",,,,
,,,,
"Table 27.  Temporary lockup facilities  operated by local police departments,  by size of population served, 1997",,,,
,,,,
,"Agencies operating temporary holding (lockup) facilities",,,
,"Adult",,"Juvenile",
"Population","Percent with","Median total","Percent with","Median total"
"served","lockup","capacity","lockup","capacity"
,,,,
"  All sizes",30.0%,4,14.0%,2
,,,,
"1,000,000 or more",94.0%,70,56.0%,16
"500,000-999,999",75.0%,66,71.0%,16
"250,000-499,999",63.0%,32,50.0%,6
"100,000-249,999",62.0%,21,42.0%,4
"50,000-99,999",70.0%,11,47.0%,4
"25,000-49,999",76.0%,6,51.0%,2
"10,000-24,999",66.0%,4,30.0%,2
"2,500-9,999",34.0%,3,15.0%,2
"Under 2,500",9.0%,3,2.0%,1
,,,,
"Note:  Median capacity is based on total for all lockups,  and excludes departments not operating such a facility.",,,,
