"Bureau of Justice Statistics",,,,,,
"filename:  lpd97t36.csv",,,,,,
"Table 36.  Community-related written policy directives in local police departments, by size of population served, 1997",,,,,,
"title: Local Police Departments, 1997, NCJ 78934",,,,,,
"data source:  1997 Law Enforcement Management and Administrative Statistics",,,,,,
"authors:  Brian A. Reaves, Ph.D. and Andrew Goldberg",,,,,,
"refer questions to: askbjs@ojp.usdoj.gov (202)307-0765",,,,,,
"date of version: 11/1/99",,,,,,
,,,,,,
"Table 36.  Community-related written policy directives in local police departments, by size of population served, 1997",,,,,,
,,,,,,
,"Agencies with a written policy directive pertaining to:",,,,,
"Population","Citizen","Discretionary ","Domestic","Homeless",,"Mentally ill"
"served","complaints","arrest powers","disputes","persons","Juveniles","persons"
,,,,,,
"  All sizes",77.0%,58.0%,85.0%,25.0%,82.0%,57.0%
,,,,,,
"1,000,000 or more",100.0%,69.0%,94.0%,44.0%,100.0%,100.0%
"500,000-999,999",100.0%,92.0%,100.0%,46.0%,100.0%,96.0%
"250,000-499,999",100.0%,82.0%,100.0%,42.0%,100.0%,94.0%
"100,000-249,999",95.0%,75.0%,95.0%,36.0%,97.0%,83.0%
"50,000-99,999",98.0%,70.0%,98.0%,32.0%,97.0%,83.0%
"25,000-49,999",96.0%,74.0%,96.0%,33.0%,94.0%,76.0%
"10,000-24,999",92.0%,64.0%,96.0%,30.0%,95.0%,72.0%
"2,500-9,999",83.0%,64.0%,90.0%,26.0%,87.0%,62.0%
"Under 2,500",65.0%,49.0%,76.0%,21.0%,72.0%,43.0%
