"Bureau of Justice Statistics",,,,,,,,
"filename:  lpd97t50.csv",,,,,,,,
"Table 50.  Selected functions of computers in local police departments,  by size of population served, 1997",,,,,,,,
"title: Local Police Departments, 1997, NCJ 78934",,,,,,,,
"data source:  1997 Law Enforcement Management and Administrative Statistics",,,,,,,,
"authors:  Brian A. Reaves, Ph.D. and Andrew Goldberg",,,,,,,,
"refer questions to: askbjs@ojp.usdoj.gov (202)307-0765",,,,,,,,
"date of version: 11/1/99",,,,,,,,
,,,,,,,,
,,,,,,,,
"Table 50.  Selected functions of computers in local police departments,  by size of population served, 1997",,,,,,,,
,,,,,,,,
,"Percent of agencies using computers for:",,,,,,,
"Population","Record","Criminal","Crime",,"Internet","Fleet","Resource","Crime"
"served","keeping","investigations","analysis","Dispatch","access","managment","allocation","mapping"
,,,,,,,,
"  All sizes",74.0%,53.0%,41.0%,27.0%,24.0%,21.0%,21.0%,17.0%
,,,,,,,,
"1,000,000 or more",94.0%,87.0%,87.0%,87.0%,75.0%,88.0%,75.0%,75.0%
"500,000-999,999",92.0%,88.0%,100.0%,100.0%,83.0%,88.0%,79.0%,88.0%
"250,000-499,999",96.0%,91.0%,94.0%,93.0%,78.0%,69.0%,74.0%,87.0%
"100,000-249,999",93.0%,91.0%,93.0%,91.0%,78.0%,60.0%,57.0%,72.0%
"50,000-99,999",92.0%,83.0%,85.0%,79.0%,63.0%,41.0%,44.0%,49.0%
"25,000-49,999",96.0%,89.0%,77.0%,73.0%,53.0%,42.0%,40.0%,39.0%
"10,000-24,999",95.0%,83.0%,69.0%,60.0%,41.0%,41.0%,32.0%,30.0%
"2,500-9,999",83.0%,63.0%,49.0%,26.0%,27.0%,23.0%,23.0%,17.0%
"Under 2,500",57.0%,31.0%,20.0%,7.0%,10.0%,8.0%,12.0%,7.0%
