"Bureau of Justice Statistics",,,,,
"filename:  lpd97t18.csv",,,,,
"Table 18.  Crime investigation functions of local police departments, by size of population served, 1997",,,,,
"title: Local Police Departments, 1997, NCJ 78934",,,,,
"data source:  1997 Law Enforcement Management and Administrative Statistics",,,,,
"authors:  Brian A. Reaves, Ph.D. and Andrew Goldberg",,,,,
"refer questions to: askbjs@ojp.usdoj.gov (202)307-0765",,,,,
"date of version: 11/1/99",,,,,
,,,,,
"Table 18.  Crime investigation functions of local police departments, by size of population served, 1997",,,,,
,,,,,
,,,,,
,"Percent of agencies with primary  responsibility for investigating:",,,,
"Population","Violent crimes",,"Property crimes",,"Environmental "
"served","Homicide","  Other*","Arson","  Other**","crimes"
,,,,,
"  All sizes",77.0%,85.0%,67.0%,90.0%,37.0%
,,,,,
"1,000,000 or more",100.0%,100.0%,63.0%,100.0%,38.0%
"500,000-999,999",100.0%,100.0%,50.0%,100.0%,33.0%
"250,000-499,999",100.0%,100.0%,48.0%,100.0%,28.0%
"100,000-249,999",97.0%,98.0%,64.0%,97.0%,28.0%
"50,000-99,999",97.0%,98.0%,76.0%,98.0%,37.0%
"25,000-49,999",95.0%,97.0%,84.0%,97.0%,37.0%
"10,000-24,999",92.0%,98.0%,84.0%,98.0%,38.0%
"2,500-9,999",82.0%,90.0%,76.0%,93.0%,39.0%
"Under 2,500",66.0%,75.0%,55.0%,84.0%,35.0%
,,,,,
"*Rape, robbery or assault",,,,,
"**Burglary, larceny/theft, or motor vehicle theft",,,,,
