"Bureau of Justice Statistics",,,,
"filename:  lpd97t02.csv",,,,
"Table 2.  Local police departments, by number of sworn personnel, 1997",,,,
"title: Local Police Departments, 1997, NCJ 78934",,,,
"data source:  1997 Law Enforcement Management and Administrative Statistics",,,,
"authors:  Brian A. Reaves, Ph.D. and Andrew Goldberg",,,,
"refer questions to: askbjs@ojp.usdoj.gov (202)307-0765",,,,
"date of version: 11/1/99",,,,
,,,,
"Table 2.  Local police departments, by number  of sworn personnel, 1997",,,,
,,,,
"Number of ","Agencies",,"Full-time  sworn personnel",
"sworn personnel*","Number","Percent","Number","Percent"
,,,,
"  Total",13540,100%,420152,100%
,,,,
"1,000 or more ",41,0.3%,139961,33.3%
"500-999",43,0.3%,30645,7.3%
"250-499",90,0.7%,30998,7.4%
"100-249",367,2.7%,53431,12.7%
"50-99",752,5.6%,49750,11.8%
"25-49",1666,12.3%,51395,12.2%
"10-24",3416,25.2%,42026,10.0%
"5-9",3364,24.8%,15675,3.7%
"2-4",3001,22.2%,5647,1.3%
"1",799,5.9%,625,0.1%
,,,,
"Note:  Detail may not add to total because of rounding. *Includes both full-time and part-time employees.  ",,,,
