"Bureau of Justice Statistics",,,,,,,
"filename:  lpd97t15.csv",,,,,,,
"Table 15.  Types of patrol used on a routine basis by local  police departments, by size of population served, 1997",,,,,,,
"title: Local Police Departments, 1997, NCJ 78934",,,,,,,
"data source:  1997 Law Enforcement Management and Administrative Statistics",,,,,,,
"authors:  Brian A. Reaves, Ph.D. and Andrew Goldberg",,,,,,,
"refer questions to: askbjs@ojp.usdoj.gov (202)307-0765",,,,,,,
"date of version: 11/1/99",,,,,,,
,,,,,,,
"Table 15.  Types of patrol used on a routine basis by local  police departments, by size of population served, 1997",,,,,,,
,,,,,,,
"Population","Percent of agencies using each type of patrol on a routine basis:",,,,,,
"served","Any type","Automobile","Foot"," Bicycle","Motorcycle"," Marine"," Horse"
,,,,,,,
"  All sizes",99.0%,99.0%,50.0%,28.0%,9.0%,3.0%,1.0%
,,,,,,,
"1,000,000 or more",100.0%,100.0%,94.0%,87.0%,88.0%,62.0%,69.0%
"500,000-999,999",100.0%,100.0%,58.0%,88.0%,88.0%,50.0%,42.0%
"250,000-499,999",100.0%,100.0%,61.0%,74.0%,85.0%,17.0%,54.0%
"100,000-249,999",100.0%,100.0%,50.0%,70.0%,79.0%,13.0%,21.0%
"50,000-99,999",100.0%,100.0%,43.0%,68.0%,52.0%,6.0%,6.0%
"25,000-49,999",100.0%,100.0%,54.0%,64.0%,38.0%,6.0%,2.0%
"10,000-24,999",100.0%,100.0%,49.0%,52.0%,14.0%,6.0%,"--"
"2,500-9,999",99.0%,99.0%,54.0%,29.0%,4.0%,3.0%,1.0%
"Under 2,500",99.0%,98.0%,49.0%,13.0%,1.0%,1.0%,"--"
,,,,,,,
"--Less than 0.5%.",,,,,,,
