"Bureau of Justice Statistics",,,
"Filename: iscs1S151.csv",,,
"Table S15.1.-Standard errors for table 15.1: Percentage of students ages 12 through 18 who reported that street gangs were present at school",,,
"during the previous 6 months, by selected student characteristics: 1989, 1995, and 1999",,,
"Title of Report:  Indicators of School Crime & Safety, 2001, NCJ 190075",,,
"Data source:  Fast Response Survey System, ""Principal/School Disciplinarian Survey on School Violence""",,,
"Author:  BJS/NCES",,,
"Contact:  Detis T. Duhart",,,
"Refer questions to:  (202) 307-0765 or askbjs@ojp.usdoj.gov",,,
"Date version:  10/27/01",,,
"Published table found below.",,,
,,,
"Table S15.1.-Standard errors for table 15.1: Percentage of students ages 12 through 18 who reported that street gangs were present at school",,,
"during the previous 6 months, by selected student characteristics: 1989, 1995, and 1999",,,
,,,
,,,
"Student characteristics","1989*",1995,1999
,,,
"    Total",0.43,0.65,0.64
,,,
"Gender",,,
"  Male",0.61,0.81,0.72
"  Female",0.61,0.79,0.78
,,,
"Race/ethnicity",,,
"  White, non-Hispanic",0.46,0.69,0.67
"  Black, non-Hispanic",1.21,1.73,1.80
"  Hispanic",1.82,1.79,1.68
"  Other, non-Hispanic",2.74,2.71,1.98
,,,
"Grade",,,
"  6th",1.26,1.06,1.23
"  7th",1.17,1.15,0.95
"  8th",1.06,1.23,1.09
"  9th",1.20,1.30,1.35
"  10th",1.16,1.53,1.42
"  11th",1.12,1.44,1.25
"  12th",1.09,1.50,1.52
,,,
"Urbanicity",,,
"  Urban",1.00,1.34,1.02
"  Suburban",0.61,0.77,0.68
"  Rural",0.63,1.73,2.06
,,,
"Control",,,
"  Public",0.47,0.71,0.70
"  Private",0.84,0.81,0.83
"*Students ages 12 through 19.",,,
"NOTE: Comparisons between the 1989 data and the 1995 and 1999 data should be made with caution due to changes in the questionnaire. See appendix B for details. This indicator is based on an",,,
"item from earlier in the SCS questionnaire, before ""at school"" was defined for the respondent. Population sizes are 21,554,000 students ages 12 through 19 in 1989, 23,601,000 students ages 12",,,
"through 18 in 1995, and 24,614,000 students ages 12 through 18 in 1999.",,,
"SOURCE: U.S. Department of Justice, Bureau of Justice Statistics, School Crime Supplement to the National Crime Victimization Survey, January-June 1989, 1995, and 1999.",,,
,,,
"                                                                               Standard Error Tables",,,
