"Bureau of Justice Statistics",,,,,,,,,,,,,,,,,
"Filename: iscs173.csv",,,,,,,,,,,,,,,,,
"Table 7.3.-Number of criminal incidents occurring in public schools reported to police, by seriousness of the incident, urbanicity, and selected",,,,,,,,,,,,,,,,,
"school characteristics: 1996-97",,,,,,,,,,,,,,,,,
"Title of Report:  Indicators of School Crime & Safety, 2001, NCJ 190075",,,,,,,,,,,,,,,,,
"Data source:  Fast Response Survey System, ""Principal/School Disciplinarian Survey on School Violence""",,,,,,,,,,,,,,,,,
"Author:  BJS/NCES",,,,,,,,,,,,,,,,,
"Contact:  Detis T. Duhart",,,,,,,,,,,,,,,,,
"Refer questions to:  (202) 307-0765 or askbjs@ojp.usdoj.gov",,,,,,,,,,,,,,,,,
"Date version:  10/27/01",,,,,,,,,,,,,,,,,
"Published table found below.",,,,,,,,,,,,,,,,,
,,,,,,,,,,,,,,,,,
"Table 7.3.-Number of criminal incidents occurring in public schools reported to police, by seriousness of the incident, urbanicity, and selected",,,,,,,,,,,,,,,,,
"school characteristics: 1996-97",,,,,,,,,,,,,,,,,
,,,,,,,,,,,,,,,,,
,,,,,,,,,,,,,,,,,
,"Any incidents",,,,,,"                                 Serious violent incidents",,,,,,"                                                              Less serious violent or nonviolent incidents",,,,
,,,"Urban",,,,,,"Urban",,,,,,"Urban",,
"School characteristics","Total","City","fringe","Town","Rural",,"Total","City","fringe","Town","Rural",,"Total","City","fringe","Town","Rural"
,,,,,,,,,,,,,,,,,
"    Total",424500,146700,110600,103800,63400,,22600,11900,4700,2800,3100,,401900,134800,105900,101000,60200
,,,,,,,,,,,,,,,,,
"Instructional level",,,,,,,,,,,,,,,,,
"  Elementary school",78700,19000,25900,22200,11600,,2900,1400,400,200,900,,75800,17600,25500,22000,10800
"  Middle school",136400,61000,32600,29800,13000,,7800,5200,1400,400,800,,128600,55800,31200,29400,12200
"  High school",209400,66800,52000,51900,38700,,11900,5300,2900,2200,1500,,197500,61500,49200,49700,37200
,,,,,,,,,,,,,,,,,
"Region",,,,,,,,,,,,,,,,,
"  Northeast",67400,19000,23500,17500,7400,,3200,1800,700,400,500,,64200,17300,22800,17200,6900
"  Southeast",95400,24400,34600,20700,15700,,4100,1600,1600,300,600,,91300,22800,32900,20400,15200
"  Central",95000,34800,16400,21800,21900,,7800,4700,1000,500,1700,,87200,30200,15400,21300,20200
"  West",166700,68500,36100,43800,18300,,7500,3900,1400,1700,400,,159200,64600,34600,42100,17900
,,,,,,,,,,,,,,,,,
"School enrollment",,,,,,,,,,,,,,,,,
"  Less than 300",40000,"-","-",14800,21700,,2300,"-","-",1600,600,,37700,"-","-",13200,21200
"  300-999",204100,61900,41500,63000,37700,,10800,5800,1700,800,2500,,193400,56100,39800,62300,35200
"  1,000 or more",180400,82800,67700,26000,"-",,9600,6000,3000,500,"-",,170800,76800,64700,25500,"-"
,,,,,,,,,,,,,,,,,
"Minority enrollment",,,,,,,,,,,,,,,,,
"  Less than 5 percent",66200,"-",9100,27000,26400,,1800,"-",200,300,1300,,64500,"-",8900,26800,25100
"  5-19 percent",88800,15700,35200,28500,9300,,4100,1000,1000,1800,200,,84700,14700,34200,26700,9100
"  20-49 percent",103500,37900,31600,20700,13400,,5200,2800,1300,600,500,,98300,35100,30300,20100,12800
"  50 percent or more",159400,89000,34700,21400,14300,,11500,8000,2200,200,1100,,147900,81000,32500,21200,13200
,,,,,,,,,,,,,,,,,
"Free/reduced-price lunch eligibility",,,,,,,,,,,,,,,,,
"  Less than 20 percent",91700,18100,34300,27300,12000,,2900,900,1000,600,400,,88800,17200,33300,26700,11600
"  21-34 percent",83900,22800,26900,21400,12800,,5300,2000,2000,400,900,,78600,20900,24900,21000,11900
"  35-49 percent",72900,23600,15700,16600,17100,,3300,2000,300,400,600,,69600,21600,15400,16200,16400
"  50-74 percent",93900,45900,17000,21400,9700,,5500,4400,900,100,100,,88500,41500,16100,21200,9600
"  75 percent or more",75800,35900,"-","-","-",,5400,2500,"-","-","-",,70400,33500,"-","-","-"
"-Fewer than 30 sample cases.",,,,,,,,,,,,,,,,,
"NOTE: Serious violent crimes include murder, rape or other type of sexual battery, suicide, physical attack or fight with a weapon, or robbery. Less serious violent or nonviolent crimes include",,,,,,,,,,,,,,,,,
"physical attack or fight without a weapon, theft/larceny, and vandalism. Any incidents refer to any of the crimes listed. Not included are any crimes not listed here and any crimes not reported to",,,,,,,,,,,,,,,,,
"police. Schools were asked to report crimes that took place in school buildings, on school buses, on school grounds, and at places holding school-sponsored events. Because of rounding or missing",,,,,,,,,,,,,,,,,
"data, detail may not add to totals. Numbers are rounded to the nearest 100.",,,,,,,,,,,,,,,,,
"SOURCE: U.S. Department of Education, National Center for Education Statistics, Fast Response Survey System, ""Principal/School Disciplinarian Survey on School Violence,"" FRSS 63, 1997.",,,,,,,,,,,,,,,,,
,,,,,,,,,,,,,,,,,
"              Supplemental Tables",,,,,,,,,,,,,,,,,
