"Bureau of Justice Statistics",,,
"Filename: iscs1131.csv",,,
"Table 13.1.-Percentage of students ages 12 through 18 who reported that they avoided one or more places in school during the previous 6",,,
"months, by selected student characteristics: 1989, 1995, and 1999",,,
"Title of Report:  Indicators of School Crime & Safety, 2001, NCJ 190075",,,
"Data source:  Fast Response Survey System, ""Principal/School Disciplinarian Survey on School Violence""",,,
"Author:  BJS/NCES",,,
"Contact:  Detis T. Duhart",,,
"Refer questions to:  (202) 307-0765 or askbjs@ojp.usdoj.gov",,,
"Date version:  10/27/01",,,
"Published table found below.",,,
,,,
"Table 13.1.-Percentage of students ages 12 through 18 who reported that they avoided one or more places in school during the previous 6",,,
"months, by selected student characteristics: 1989, 1995, and 1999",,,
,,,
,,,
"Student characteristics","1989*",1995,1999
,,,
"    Total",5.1,8.7,4.6
,,,
"Gender",,,
"  Male",5.1,8.8,4.6
"  Female",5.1,8.5,4.6
,,,
"Race/ethnicity",,,
"  White, non-Hispanic",4.5,7.1,3.8
"  Black, non-Hispanic",6.8,12.1,6.7
"  Hispanic",6.5,12.9,6.2
"  Other, non-Hispanic",6.3,11.1,5.4
,,,
"Grade",,,
"  6th",6.9,11.6,5.9
"  7th",7.7,11.8,6.1
"  8th",4.7,8.8,5.5
"  9th",6.0,9.5,5.3
"  10th",4.3,7.8,4.7
"  11th",3.4,6.9,2.5
"  12th",3.3,4.1,2.4
,,,
"Urbanicity",,,
"  Urban",6.9,11.7,5.8
"  Suburban",4.1,7.9,4.7
"  Rural",5.1,7.0,3.0
,,,
"Control",,,
"  Public",5.4,9.3,5.0
"  Private",1.5,2.2,1.6
"*Students ages 12 through 19.",,,
"NOTE: Comparisons between the 1989 data and the 1995 and 1999 data should be made with caution due to changes in the questionnaire. See appendix B for details. Places include the entrance",,,
"into the school, any hallways or stairs in the school, parts of the school cafeteria, any school restrooms, and other places inside the school building. Population sizes are 21,554,000 students ages 12",,,
"through 19 in 1989, 23,601,000 students ages 12 through 18 in 1995, and 24,614,000 students ages 12 through 18 in 1999.",,,
"SOURCE: U.S. Department of Justice, Bureau of Justice Statistics, School Crime Supplement to the National Crime Victimization Survey, January-June 1989, 1995, and 1999.",,,
,,,
"     Supplemental Tables",,,
