"Bureau of Justice Statistics",,,,,,,,,,,,,,,,,
"Filename: iscs188.csv",,,,,,,,,,,,,,,,,
"Table 8.8.-Number of less serious violent or nonviolent criminal incidents reported to police per 1,000 public school students, by type of incident,",,,,,,,,,,,,,,,,,
"urbanicity, and selected school characteristics: 1996-97",,,,,,,,,,,,,,,,,
"Title of Report:  Indicators of School Crime & Safety, 2001, NCJ 190075",,,,,,,,,,,,,,,,,
"Data source:  Fast Response Survey System, ""Principal/School Disciplinarian Survey on School Violence""",,,,,,,,,,,,,,,,,
"Author:  BJS/NCES",,,,,,,,,,,,,,,,,
"Contact:  Detis T. Duhart",,,,,,,,,,,,,,,,,
"Refer questions to:  (202) 307-0765 or askbjs@ojp.usdoj.gov",,,,,,,,,,,,,,,,,
"Date version:  10/27/01",,,,,,,,,,,,,,,,,
"Published table found below.",,,,,,,,,,,,,,,,,
,,,,,,,,,,,,,,,,,
"Table 8.8.-Number of less serious violent or nonviolent criminal incidents reported to police per 1,000 public school students, by type of incident,",,,,,,,,,,,,,,,,,
"urbanicity, and selected school characteristics: 1996-97",,,,,,,,,,,,,,,,,
,,,,,,,,,,,,,,,,,
,,,,,,,,,,,,,,,,,
,"                                                           Physical attack or fight without a weapon",,,,,,"            Theft or larceny",,,,,,"Vandalism",,,,
,,,"Urban",,,,,,"Urban",,,,,,"Urban",,
"School characteristics","Total","City","fringe","Town","Rural",,"Total","City","fringe","Town","Rural",,"Total","City","fringe","Town","Rural"
,,,,,,,,,,,,,,,,,
"    Total",4.4,4.9,4.4,4.6,3.5,,2.7,3.2,2.3,2.9,2.6,,2.3,2.6,1.8,2.5,2.4
,,,,,,,,,,,,,,,,,
"Instructional level",,,,,,,,,,,,,,,,,
"  Elementary school",1.0,0.4,1.2,1.5,0.8,,0.9,0.8,1.0,0.9,0.7,,1.6,1.3,1.6,2.0,1.3
"  Middle school",8.7,13.8,7.4,6.4,5.1,,3.7,5.0,3.1,3.4,3.2,,2.8,3.8,1.5,3.1,3.1
"  High school",8.0,7.9,8.3,8.2,7.6,,5.6,6.9,4.2,5.7,5.6,,3.4,4.5,2.4,2.9,4.2
,,,,,,,,,,,,,,,,,
"Region",,,,,,,,,,,,,,,,,
"  Northeast",3.5,4.1,4.0,2.3,3.0,,2.2,1.9,1.9,2.6,2.6,,2.0,2.1,1.5,3.1,1.2
"  Southeast",4.9,3.6,8.9,4.0,3.0,,2.3,2.7,2.5,1.9,1.9,,1.7,2.1,1.5,1.3,1.9
"  Central",4.6,7.2,2.9,4.7,3.6,,2.3,2.9,1.5,2.6,2.3,,1.9,1.7,1.1,1.9,3.0
"  West",4.6,4.8,2.8,6.7,4.4,,3.7,4.0,2.8,4.3,4.1,,3.3,3.5,2.7,3.8,3.3
,,,,,,,,,,,,,,,,,
"School enrollment",,,,,,,,,,,,,,,,,
"  Less than 300",4.2,"-","-",6.7,4.2,,2.6,"-","-",3.7,3.1,,3.3,"-","-",4.9,3.6
"  300-999",3.1,3.6,2.3,3.6,3.1,,1.8,1.8,1.2,2.3,2.3,,1.9,2.0,1.5,2.3,2.1
"  1,000 or more",7.9,7.5,8.9,7.6,"-",,5.1,5.7,4.6,4.9,"-",,3.0,3.7,2.8,2.5,"-"
,,,,,,,,,,,,,,,,,
"Minority enrollment",,,,,,,,,,,,,,,,,
"  Less than 5 percent",2.5,"-",1.6,3.2,2.3,,2.2,"-",1.7,2.3,2.4,,2.0,"-",1.2,2.1,2.3
"  5-19 percent",3.5,2.6,3.6,4.1,3.3,,2.9,2.7,2.4,3.7,3.1,,1.9,1.6,1.8,2.6,1.4
"  20-49 percent",5.3,5.2,5.4,6.3,4.2,,2.5,3.4,2.7,1.4,2.1,,1.8,2.3,1.2,1.7,2.3
"  50 percent or more",6.0,5.6,6.3,6.1,8.7,,2.9,3.2,1.9,3.0,4.1,,3.4,3.2,2.9,4.1,5.6
,,,,,,,,,,,,,,,,,
"Free/reduced-price lunch eligibility",,,,,,,,,,,,,,,,,
"  Less than 20 percent",3.5,3.2,3.2,4.7,3.0,,2.6,3.6,2.0,3.0,2.6,,1.7,1.8,1.4,2.0,2.1
"  21-34 percent",3.8,4.3,5.3,2.8,2.5,,2.8,3.6,2.4,3.1,2.2,,1.9,2.3,1.9,2.1,1.3
"  35-49 percent",4.9,6.2,5.7,4.1,3.8,,3.2,3.8,3.4,2.9,2.7,,2.2,2.5,1.0,2.3,2.7
"  50-74 percent",5.7,8.0,4.7,4.6,3.5,,2.8,3.7,2.3,2.2,2.4,,2.5,2.8,1.3,2.9,3.1
"  75 percent or more",4.3,3.4,"-","-","-",,2.3,2.1,"-","-","-",,3.8,3.1,"-","-","-"
"-Fewer than 30 sample cases.",,,,,,,,,,,,,,,,,
"NOTE: Examples of weapons are guns, knives, sharp-edged or pointed objects, baseball bats, frying pans, sticks, rocks, and bottles. Schools were asked to report crimes that took place in school",,,,,,,,,,,,,,,,,
"buildings, on school buses, on school grounds, and at places holding school-sponsored events. Population size is 42,336,819 public school students.",,,,,,,,,,,,,,,,,
"SOURCE: U.S. Department of Education, National Center for Education Statistics, Fast Response Survey System, ""Principal/School Disciplinarian Survey on School Violence,"" FRSS 63, 1997.",,,,,,,,,,,,,,,,,
,,,,,,,,,,,,,,,,,
"             Supplemental Tables",,,,,,,,,,,,,,,,,72
