"Bureau of Justice Statistics",,,,,,,,,,,,,,,,,,,
"Filename: iscs1101.csv",,,,,,,,,,,,,,,,,,,
"Table 10.1.-Percentage and number of teachers who reported that they were threatened with injury or that they were physically attacked by",,,,,,,,,,,,,,,,,,,
"a student during the past 12 months, by urbanicity and selected teacher and school characteristics: 1993-94 school year",,,,,,,,,,,,,,,,,,,
"Title of Report:  Indicators of School Crime & Safety, 2001, NCJ 190075",,,,,,,,,,,,,,,,,,,
"Data source:  Fast Response Survey System, ""Principal/School Disciplinarian Survey on School Violence""",,,,,,,,,,,,,,,,,,,
"Author:  BJS/NCES",,,,,,,,,,,,,,,,,,,
"Contact:  Detis T. Duhart",,,,,,,,,,,,,,,,,,,
"Refer questions to:  (202) 307-0765 or askbjs@ojp.usdoj.gov",,,,,,,,,,,,,,,,,,,
"Date version:  10/27/01",,,,,,,,,,,,,,,,,,,
"Published table found below.",,,,,,,,,,,,,,,,,,,
,,,,,,,,,,,,,,,,,,,
"Table 10.1.-Percentage and number of teachers who reported that they were threatened with injury or that they were physically attacked by",,,,,,,,,,,,,,,,,,,
"a student during the past 12 months, by urbanicity and selected teacher and school characteristics: 1993-94 school year",,,,,,,,,,,,,,,,,,,
"     ",,,,,,,,,,,,,,,,,,,
,,,,,,,,,,,,,,,,,,,
,"                                                                Teachers threatened with injury by a student",,,,,,,,,,"                                                                Teachers physically attacked by a student",,,,,,,,
,"Percent",,,,,"Number",,,,,"Percent",,,,,"Number",,,
,,,"Urban","Small",,,,"Urban","Small",,,,"Urban","Small",,,,"Urban","Small"
,,"Central","fringe/","town/",,,"Central","fringe/","town/",,,"Central","fringe/","town/",,,"Central","fringe/","town/"
"Selected characteristics","Total","city","large town","rural",,"Total","city","large town","rural",,"Total","city","large town","rural",,"Total","city","large town","rural"
,,,,,,,,,,,,,,,,,,,
"    Total",11.7,15.1,10.7,9.8,,341000,132100,99600,109300,,4.1,5.6,4.0,3.1,,119200,48100,37000,34100
,,,,,,,,,,,,,,,,,,,
"Gender",,,,,,,,,,,,,,,,,,,
"  Male",14.7,19.5,14.0,11.8,,115900,45100,33800,37000,,3.9,5.8,3.6,2.7,,30800,13500,8800,8500
"  Female",10.5,13.5,9.5,9.1,,225100,87000,65800,72400,,4.2,5.4,4.1,3.3,,88400,34600,28200,25700
,,,,,,,,,,,,,,,,,,,
"Race/ethnicity",,,,,,,,,,,,,,,,,,,
"  White, non-Hispanic",11.5,15.4,10.5,9.9,,294300,103900,88400,102000,,4.1,5.7,3.9,3.1,,102700,37900,32800,32000
"  Black, non-Hispanic",11.9,13.0,12.6,8.5,,23600,14600,5300,3700,,3.9,4.2,4.3,2.4,,7700,4800,1900,1000
"  Hispanic",13.1,15.3,10.6,10.1,,15800,10200,3400,2200,,5.2,6.4,4.3,2.7,,6100,4200,1300,500
"  Other, non-Hispanic",13.4,16.9,13.0,9.4,,7300,3300,2500,1400,,5.2,6.6,5.0,3.6,,2800,1200,1000,500
,,,,,,,,,,,,,,,,,,,
"Teacher level",,,,,,,,,,,,,,,,,,,
"  Elementary",8.7,11.7,7.4,7.3,,133600,56300,35900,41400,,4.9,6.5,4.6,3.8,,75400,31100,22400,22000
"  Secondary",15.0,19.3,14.2,12.5,,207400,75800,63700,67900,,3.2,4.3,3.2,2.2,,43800,17000,14600,12200
,,,,,,,,,,,,,,,,,,,
"Control",,,,,,,,,,,,,,,,,,,
"  Public",12.8,17.8,11.6,10.2,,325400,126800,92600,106000,,4.4,6.4,4.2,3.2,,110700,45100,32900,32600
"  Private",4.2,3.3,5.0,4.6,,15600,5300,7000,3300,,2.3,1.9,2.9,2.1,,8500,3000,4000,1500
"NOTE: Population size is 2,940,000 teachers. Because of rounding or missing data, detail may not add to totals. Numbers are rounded to the nearest 100.",,,,,,,,,,,,,,,,,,,
"SOURCE: U.S. Department of Education, National Center for Education Statistics, Schools and Staffing Survey, 1993-94 (Teacher and School Questionnaires).",,,,,,,,,,,,,,,,,,,
