"Bureau of Justice Statistics",,,,,,,
"Filename: iscs1121.csv",,,,,,,
"Table 12.1.-Percentage of students ages 12 through 18 who reported fearing being attacked or harmed at school or on the way to and from school",,,,,,,
"during the previous 6 months, by selected student characteristics: 1989, 1995, and 1999",,,,,,,
"Title of Report:  Indicators of School Crime & Safety, 2001, NCJ 190075",,,,,,,
"Data source:  Fast Response Survey System, ""Principal/School Disciplinarian Survey on School Violence""",,,,,,,
"Author:  BJS/NCES",,,,,,,
"Contact:  Detis T. Duhart",,,,,,,
"Refer questions to:  (202) 307-0765 or askbjs@ojp.usdoj.gov",,,,,,,
"Date version:  10/27/01",,,,,,,
"Published table found below.",,,,,,,
,,,,,,,
"Table 12.1.-Percentage of students ages 12 through 18 who reported fearing being attacked or harmed at school or on the way to and from school",,,,,,,
"during the previous 6 months, by selected student characteristics: 1989, 1995, and 1999",,,,,,,
,,,,,,,
,,,,,,,
,,"Feared attack or harm at school/1",,,,"                                        Feared attack or harm on the way to and from school/1",
"Student characteristics","1989/2","1995","1999",,"1989/2","1995","1999"
,,,,,,,
"    Total",5.5,8.6,5.3,,4.4,6.5,3.9
,,,,,,,
"Gender",,,,,,,
"  Male",5.7,8.3,4.9,,3.8,5.3,3.4
"  Female",5.4,8.9,5.7,,5.1,7.9,4.5
,,,,,,,
"Race/ethnicity",,,,,,,
"  White, non-Hispanic",4.4,6.3,3.9,,2.8,3.8,2.1
"  Black, non-Hispanic",6.8,13.4,9.0,,7.9,13.1,8.2
"  Hispanic",11.4,15.5,8.1,,10.1,13.4,7.6
"  Other, non-Hispanic",8.0,9.4,4.2,,6.0,8.2,3.8
,,,,,,,
"Grade",,,,,,,
"  6th",8.8,11.8,9.3,,7.3,7.2,4.7
"  7th",9.4,11.0,7.5,,6.4,8.9,4.7
"  8th",5.4,9.2,6.0,,3.9,6.9,3.8
"  9th",5.0,9.1,5.2,,4.5,6.2,3.6
"  10th",5.0,7.5,4.5,,3.6,6.3,4.4
"  11th",3.4,5.8,3.3,,3.8,5.5,3.0
"  12th",2.5,5.9,2.5,,2.7,4.2,3.2
,,,,,,,
"Urbanicity",,,,,,,
"  Urban",7.5,12.3,7.3,,8.2,11.7,7.5
"  Suburban",4.8,7.4,4.9,,3.5,5.1,2.9
"  Rural",4.8,7.0,3.8,,2.2,4.0,1.8
,,,,,,,
"Control",,,,,,,
"  Public",5.9,9.1,5.7,,4.5,6.7,4.0
"  Private",1.7,3.3,1.7,,4.3,5.0,2.8
"1/Includes students who reported that they sometimes or most of the time feared being victimized in this way.",,,,,,,
"2/Students ages 12 through 19.",,,,,,,
"NOTE: Comparisons between the 1989 data and the 1995 and 1999 data should be made with caution due to changes in the questionnaire. See appendix B for details. ""At school"" means in the",,,,,,,
"school building, on the school grounds, or on a school bus. Population sizes are 21,554,000 students ages 12 through 19 in 1989, 23,601,000 students ages 12 through 18 in 1995, and 24,614,000",,,,,,,
"students ages 12 through 18 in 1999.",,,,,,,
"SOURCE: U.S. Department of Justice, Bureau of Justice Statistics, School Crime Supplement to the National Crime Victimization Survey, January-June 1989, 1995, and 1999.",,,,,,,
,,,,,,,
"     Supplemental Tables",,,,,,,
