"Bureau of Justice Statistics",,,,,,,,,
"Filename:  ssrip0306.csv",,,,,,,,,
"Table 6:   Reasons why State agencies that conduct background checks for firearm transfers do not access complete and accurate mental health information, by State, 2003",,,,,,,,,
"Report Title:  Survey of State Records Included in Presale Background Checks:  Mental Health Records, Domestic Violence Misdemeanor Records, and Restraining Orders, 2003  NCJ 206042",,,,,,,,,
"Data source:   Survey of State Records Included in Presale Background Checks:  Mental Health Records, Domestic Violence Misdemeanor Records, and Restraining Orders, 2003",,,,,,,,,
"Refer questions to:  askbjs@usdoj.gov  202-307-0765",,,,,,,,,
"Authors:  Peter Brien",,,,,,,,,
"Date of version:  07/29/04",,,,,,,,,
,,,,,,,,,
"Table 6:   Reasons why State agencies that conduct background checks for firearm transfers do not access complete and accurate mental health information, by State, 2003",,,,,,,,,
,,,,,,,,,
,"Condition of mental health records",,,,,,,,
,"Not fully automated","No interface between checking agency and records database",,"Are incomplete","Lack biometric identifiers",,"Limited agency resources","Limited time","Privacy laws"
,,,,,,,,,
"  Alabama",,,,,,,,,
"  Alaska",,,,,,,,,"X"
"  Arizona","X",,,,,,,,
"  Arkansas",,"X",,,,,,,
"  California",,,,,"X",,,,
"  Colorado",,"X",,,,,"X","X","X"
"  Connecticut",,,,,,,,,"X"
"  Delaware",,,,,,,,,
"  District of Columbia","X","X",,,,,,,
"  Florida","X","X",,,"X",,"X","X",
"  Georgia",,,,,,,,,
"  Hawaii",,,,"X",,,,,"X"
"  Idaho","X","X",,,"X",,,,
"  Illinois",,,,"X",,,,,
"  Indiana",,,,,,,,,
"  Iowa","X","X",,"X","X",,,,
"  Kansas",,,,,,,,,
"  Kentucky",,,,,,,,,
"  Louisiana",,,,,,,,,
"  Maine",,,,,,,,,
"  Maryland","X",,,,,,,,"X"
"  Massachusetts","X",,,,,,"X",,"X"
"  Michigan",,,,"X",,,"X","X",
"  Minnesota","X","X",,,"X",,"X","X",
"  Mississippi",,,,,,,,,
"  Missouri",,"X",,,,,"X",,"X"
"  Montana","X","X",,,"X",,"X",,
"  Nebraska",,"X",,,"X",,,"X",
"  Nevada",,"X",,,,,"X","X","X"
"  New Hampshire",,,,,,,,,"X"
"  New Jersey","X",,,,"X",,,,
"  New Mexico",,,,,,,,,
"  New York",,,,,,,,,"X"
"  North Carolina","X","X",,"X","X",,"X","X","X"
"  North Dakota","X","X",,,"X",,"X",,"X"
"  Ohio",,,,,,,,,
"  Oklahoma",,,,,,,,,
"  Oregon",,,,,,,,,
"  Pennsylvania","X","X",,"X","X",,,,
"  Rhode Island",,,,,,,,,"X"
"  South Carolina",,"X",,,"X",,"X",,"X"
"  South Dakota",,,,,,,,,
"  Tennessee","X","X",,,"X",,,,"X"
"  Texas","X","X",,,"X",,"X","X","X"
"  Utah",,,,,,,,,"X"
"  Vermont",,,,,,,,,
"  Virginia",,,,,,,,,
"  Washington","X","X",,,"X",,,,
"  West Virginia",,,,,,,,,
"  Wisconsin",,"X",,,"X",,,,"X"
"  Wyoming",,,,,,,,,"X"
