"Bureau of Justice Statistics",,,,,
"Filename:  ssrip0312.csv",,,,,
"Table 12:  Reasons why checking agencies that conduct background checks for firearm transfers do not  access complete and accurate restraining order information, by State, 2003",,,,,
"Report Title:  Survey of State Records Included in Presale Background Checks:  Mental Health Records, Domestic Violence Misdemeanor Records, and Restraining Orders, 2003  NCJ 206042",,,,,
"Data source:  Survey of State Records Included in Presale Background Checks:  Mental Health Records, Domestic Violence Misdemeanor Records, and Restraining Orders, 2003",,,,,
"Refer questions to:  askbjs@usdoj.gov  202-307-0765",,,,,
"Authors:  Peter Brien",,,,,
"Date of version:  07/29/04",,,,,
,,,,,
"Table 12:  Reasons why checking agencies that conduct background checks for firearm transfers do not  access complete and accurate restraining order information, by State, 2003",,,,,
,,,,,
,"Condition of restraining orders",,,,
,"Are not fully automated","Are incomplete",,"Too few resources","Limited time"
,,,,,
"  Alabama",,,,,
"  Alaska",,,,,
"  Arizona",,,,,
"  Arkansas",,,,,
"  California",,,,,
"  Colorado",,"X",,,"X"
"  Connecticut",,"X",,,
"  Delaware",,,,,
"  District of Columbia",,,,,
"  Florida",,,,,
"  Georgia",,,,,
"  Hawaii","X",,,,
"  Idaho",,,,,
"  Illinois",,"X",,,
"  Indiana",,,,,
"  Iowa",,,,,
"  Kansas",,,,,
"  Kentucky",,,,,
"  Louisiana",,,,,
"  Maine",,,,,
"  Maryland",,,,,
"  Massachusetts",,,,,
"  Michigan",,"X",,,
"  Minnesota",,,,,
"  Mississippi",,,,,
"  Missouri","X","X",,"X",
"  Montana",,,,,
"  Nebraska","X","X",,,
"  Nevada",,,,,
"  New Hampshire",,"X",,,
"  New Jersey",,,,,
"  New Mexico",,,,,
"  New York",,,,,
"  North Carolina",,,,,
"  North Dakota","X","X",,,
"  Ohio",,,,,
"  Oklahoma",,,,,
"  Oregon",,,,,
"  Pennsylvania",,,,,
"  Rhode Island","X","X",,"X",
"  South Carolina",,"X",,,
"  South Dakota",,,,,
"  Tennessee",,"X",,"X","X"
"  Texas","X",,,,
"  Utah",,"X",,,
"  Vermont",,,,,
"  Virginia",,,,,
"  Washington","X",,,,
"  West Virginia",,,,,
"  Wisconsin",,,,,
"  Wyoming",,,,,
