"Bureau of Justice Statistics",,,,,,,
"Filename:  ssrip0309.csv",,,,,,,
"Table 9:  Reasons why checking agencies that conduct background checks for firearm transfers do not access complete and accurate domestic violence misdemeanor information, by State, 2003",,,,,,,
"Report Title:  Survey of State Records Included in Presale Background Checks:  Mental Health Records, Domestic Violence Misdemeanor Records, and Restraining Orders, 2003  NCJ 206042",,,,,,,
"Data source:   Survey of State Records Included in Presale Background Checks:  Mental Health Records, Domestic Violence Misdemeanor Records, and Restraining Orders, 2003",,,,,,,
"Refer questions to:  askbjs@usdoj.gov  202-307-0765",,,,,,,
"Authors:  Peter Brien",,,,,,,
"Date of version:  07/29/04",,,,,,,
,,,,,,,
"Table 9:  Reasons why checking agencies that conduct background checks for firearm transfers do not access complete and accurate domestic violence misdemeanor information, by State, 2003",,,,,,,
,,,,,,,
,"Condition of domestic violence records",,,,,,
,"Are incomplete","Are not fully automated","Lack flags",,"Too few resources","Limited time","Federal definition is confusing"
,,,,,,,
"  Alabama",,,,,,,
"  Alaska","X","X",,,,,
"  Arizona",,,,,,,
"  Arkansas",,,"X",,,,
"  California",,,,,,,
"  Colorado","X",,,,,,
"  Connecticut",,,,,"X",,
"  Delaware",,,"X",,,,
"  District of Columbia",,"X",,,,,
"  Florida","X",,,,,,
"  Georgia",,,,,,,
"  Hawaii",,,,,,,
"  Idaho",,,"X",,,,"X"
"  Illinois","X",,,,,,
"  Indiana",,,"X",,"X","X",
"  Iowa","X",,,,,,
"  Kansas",,,,,,,
"  Kentucky",,,,,,,
"  Louisiana",,,,,,,
"  Maine",,,,,,,
"  Maryland",,,,,,,
"  Massachusetts",,,,,,,
"  Michigan",,,"X",,"X","X","X"
"  Minnesota","X",,"X",,,"X","X"
"  Mississippi",,,,,,,
"  Missouri","X",,"X",,"X",,
"  Montana",,"X",,,,,"X"
"  Nebraska","X","X",,,,"X","X"
"  Nevada","X",,,,,"X",
"  New Hampshire",,,,,,,
"  New Jersey",,,,,,,
"  New Mexico",,,,,,,
"  New York",,,"X",,,,
"  North Carolina",,,,,,,
"  North Dakota",,,"X",,,,
"  Ohio",,,,,,,
"  Oklahoma",,,,,,,
"  Oregon",,,,,,,
"  Pennsylvania",,,,,,,
"  Rhode Island",,,,,,,
"  South Carolina",,,,,,,
"  South Dakota",,,,,,,
"  Tennessee","X",,"X",,,,
"  Texas",,"X","X",,"X","X","X"
"  Utah","X","X","X",,,,
"  Vermont",,,,,,,
"  Virginia","X",,,,,,"X"
"  Washington",,,,,,,
"  West Virginia",,,,,,,
"  Wisconsin",,,,,,,
"  Wyoming",,,,,,,
