Bureau of Justice Statistics,,,,,,,,,
Filename: parole06st09.csv,,,,,,,,,
"Statistical table 9. Adults on parole under intensive supervision, under electronic monitoring, in a bootcamp, or incarcerated, 2006",,,,,,,,,
Data source: 2006 Annual Parole Survey,,,,,,,,,
Author: Thomas P. Bonczar and Lauren E. Glaze,,,,,,,,,
Refer questions to: askbjs@usdoj.gov 202-307-0765,,,,,,,,,
Date of version: 04/10/08,,,,,,,,,
"Statistical table 9. Adults on parole under intensive supervision, under electronic monitoring, in a bootcamp, or incarcerated, 2006",,,,,,,,,
,,,"Adults on parole under intensive supervision, under electronic monitoring, in a bootcamp, or incarcerated",,,,,,
,,,,,,Incarcerated,,,
Region and jurisdiction,,,Intensive supervision,Electronic monitoring,Bootcamp,Jail ,Prison,Halfway house,Immigration and Customs Enforcement (ICE) holding facility
,,U.S. total,"41,221","12,232",434,"20,722","15,677","2,970","23,032"
,Federal,,~,"3,313",~,**,**,**,**
,State,,"41,221","8,919",434,"20,722","15,677","2,970","23,032"
Northeast,,,"5,296","2,006",~,"4,950","5,833","2,113",528
,Connecticut,,699,**,~,19,33,0,48
,Maine ,,~,~,~,~,~,~,~
,Massachusetts/a,,80,96,~,0,72,0,188
,New Hampshire,,**,~,~,~,~,~,~
,New Jersey,,577,531,~,762,723,793,**
,New York ,,~,107,~,"4,065",96,0,292
,Pennsylvania,,"3,913","1,202",~,104,"4,876","1,320",0
,Rhode Island,,27,70,~,~,~,~,~
,Vermont/a,,~,~,~,0,33,0,0
Midwest,,,"3,016","1,293",~,0,24,0,1
,Illinois ,,**,**,**,**,**,**,**
,Indiana,,664,~,~,~,~,~,~
,Iowa ,,597,72,~,~,~,~,~
,Kansas ,,~,440,~,~,~,~,~
,Michigan ,,**,333,~,~,~,~,~
,Minnesota ,,959,**,~,~,~,~,~
,Missouri ,,651,445,~,~,~,~,~
,Nebraska ,,145,**,~,~,~,~,~
,North Dakota ,,~,0,~,**,**,**,**
,Ohio ,,~,~,~,**,0,0,0
,South Dakota ,,~,3,~,0,24,0,1
,Wisconsin ,,**,**,~,**,**,**,**
South,,,"6,999","4,378",434,"14,348","7,598",6,"5,278"
,Alabama/a,,544,~,~,264,0,0,0
,Arkansas,,723,72,~,486,0,6,0
,Delaware,,239,2,1,0,1,0,**
,District of Columbia,,619,86,~,783,183,0,0
,Florida,,6,132,~,26,421,0,35
,Georgia ,,~,"1,253",433,"2,768",0,0,0
,Kentucky ,,~,82,~,~,~,~,~
,Louisiana,,136,56,~,"2,231",~,~,~
,Maryland ,,"1,127",3,0,0,131,0,0
,Mississippi ,,~,~,~,~,~,~,~
,North Carolina/a,,185,13,~,~,~,~,~
,Oklahoma/a,,~,17,~,~,~,~,~
,South Carolina,,158,27,~,~,~,~,~
,Tennessee,,46,~,~,255,306,0,1
,Texas/c,,"2,797","2,616",~,"7,535","6,556",0,"5,242"
,Virginia/a,,419,9,~,~,~,~,~
,West Virginia,,~,10,~,~,~,~,~
West,,,"25,910","1,242",~,"1,424","2,222",851,"17,225"
,Alaska,,23,~,~,~,~,~,~
,Arizona,,6,6,~,~,~,~,~
,California,,"24,152",111,~,228,2,6,"17,026"
,Colorado/c,,987,987,~,**,**,**,**
,Hawaii,,202,~,~,~,~,~,~
,Idaho ,,3,**,~,1,58,0,0
,Montana,,16,**,~,~,~,~,~
,Nevada ,,430,130,~,**,"1,972",**,**
,New Mexico ,,**,**,**,**,**,**,**
,Oregon,,~,~,~,~,~,~,~
,Utah,,33,**,~,105,189,219,30
,Washington ,,~,~,~,"1,090",1,590,159
,Wyoming,,58,8,~,0,0,36,10
**Not known.,,,,,,,,,
~Not applicable.,,,,,,,,,
a/Some or all detailed data are estimated.,,,,,,,,,
b/See Explanatory notes for more detail.,,,,,,,,,
c/Intensive supervision and electronic monitoring are a combined program;  see Explanatory notes for more detail.,,,,,,,,,
