Bureau of Justice Statistics,,,,,
File name: jic15at03.csv,,,,,
"Appendix table 3: Inmates in Indian country jails, by conviction status, midyear 2015",,,,,
"Report title: Jails in Indian Country, 2015 NCJ 250117",,,,,
"Data source: Annual Survey of Jails in Indian Country, 2015",,,,,
"Author: Todd Minton, BJS Statistician",,,,,
Refer questions to: askbjs@usdoj.gov (202) 307-0765,,,,,
Date of version: 11/10/2016,,,,,
,,,,,
"Appendix table 3. Inmates in Indian country jails, by conviction status, midyear 2015",,,,,
,,,,,
State and facility,,Inmates in custody,Convicted/b,Unconvicted,Not reported
,Total estimated/a,"2,510","1,380","1,130",0
,Total reported,"2,124","1,156",968,386
,,,,,
Alaska,,,,,
,Metlakatla Police Department and Adult Detention Center,1,0,1,0
Arizona,,,,,
,Ak-Chin Tribal Police and Detention Center,17,7,10,0
,Colorado River Indian Tribes Adult Detention Center,42,14,28,0
,Fort McDowell Police Department and Holding Facility,2,0,2,0
,Fort Mohave Tribal Police Department and Holding Facility,7,7,0,0
,Gila River Department of Rehabilitation and Supervision - Adult,137,30,107,0
,Gila River Department of Rehabilitation and Supervision - Juvenile,19,3,16,0
,Hualapai Adult Detention Center,20,7,13,0
,Hualapai Juvenile Detention and Rehabilitation Center,10,5,5,0
,Navajo Department of Corrections - Chinle,51,34,17,0
,Navajo Department of Corrections - Kayenta Police Department and Holding Facility,14,0,14,0
,Navajo Department of Corrections - Tuba City,6,3,3,0
,Navajo Department of Corrections - Window Rock,76,13,63,0
,Pascua Yaqui Police Department and Holding Facility,13,4,9,0
,Salt River Pima-Maricopa Department of Corrections,51,32,19,0
,San Carlos Department of Corrections and Rehabilitation - Adult Detention,115,64,51,0
,San Carlos Department of Corrections and Rehabilitation - Juvenile Detention,41,29,12,0
,Supai Law Enforcement and Holding Facility,10,6,4,0
,Tohono O'odham Adult Detention Center,175,146,29,0
,Tohono O'odham Juvenile Detention Center/c,/,/,/,/
,Tuba City Juvenile Detention Center,1,0,1,0
,White Mountain Apache Detention Center/c,/,/,/,/
Colorado,,,,,
,Chief Ignacio Justice Center Adult Detention,30,29,1,0
,Chief Ignacio Justice Center Juvenile Detention,7,7,0,0
,Southern Ute Police Department and Adult Detention Center,15,10,5,0
Idaho,,,,,
,Shoshone Bannock Tribal Corrections,55,18,37,0
Michigan,,,,,
,Sault Ste. Marie Tribal Youth Facility,6,4,2,0
Minnesota,,,,,
,Red Lake Tribal Justice Center Adult Detention,43,26,17,0
,Red Lake Tribal Justice Juvenile Detention,2,0,2,0
Mississippi,,,,,
,Choctaw Justice Complex Adult Detention/c,/,/,/,/
,Choctaw Justice Complex Juvenile Detention,10,9,1,0
Montana,,,,,
,Blackfeet Adult Detention Center,17,6,11,0
,Flathead Adult Detention Center,25,18,7,0
,Fort Belknap Adult Detention Center,10,8,2,0
,Fort Peck Indian Youth Service Center,11,6,5,0
,Fort Peck Police Department and Adult Detention Center,51,48,3,0
,Fort Peck Transitional Living Unit,0,0,0,0
,Northern Cheyenne Adult Detention Center,15,7,8,0
,Northern Cheyenne Youth Service Center,18,7,11,0
,Rocky Boy Adult Detention Center,13,13,0,0
Nebraska,,,,,
,Omaha Tribal Police Department and Adult Detention,35,32,3,0
Nevada,,,,,
,Eastern Nevada Law Enforcement Adult Detention Facility,20,18,2,0
New Mexico,,,,,
,Acoma Tribal Police and Holding Facility,12,1,11,0
,Jicarilla Department of Corrections - Adult and Juvenile/c,/,/,/,/
,Laguna Detention Facility,34,26,8,0
,Navajo Department of Corrections - Crownpoint,34,10,24,0
,Navajo Department of Corrections - Crownpoint Juvenile,2,2,0,0
,Navajo Department of Corrections - Shiprock Police Department and Adult Detention,31,8,23,0
,Ramah Navajo Police Department and Detention Center,2,2,0,0
,Taos Tribal Police Department and Detention,3,3,0,0
,Zuni Adult Detention Center,29,20,9,0
,Zuni Juvenile Detention Center,1,1,0,0
North Dakota,,,,,
,Fort Totten Law Enforcement and Adult Detention Center,28,28,0,0
,Gerald Tex Fox Justice Center Adult Detention,21,13,8,0
,Gerald Tex Fox Justice Center Juvenile Detention,11,10,1,0
,Standing Rock Law Enforcement and Adult Detention Center,52,46,6,0
,Turtle Mountain Law Enforcement Adult Detention,27,15,12,0
Oklahoma,,,,,
,Sac and Fox Juvenile Detention Center,13,6,7,0
Oregon,,,,,
,Warm Springs Police Department and Adult Detention Center,52,34,18,0
South Dakota,,,,,
,Cheyenne River Sioux Adult Detention Center,49,0,49,0
,Cheyenne River Sioux Juvenile Detention Center,2,0,2,0
,Ki Yuksa O'Tipi Reintegration Center/c,/,/,/,/
,Lower Brule Justice Center - Adult Detention,23,6,17,0
,Medicine Root Detention Center/c,/,/,/,/
,Oglala Sioux Tribal Offenders Facility/c,/,/,/,/
,Rosebud Sioux Tribal Police Department and Adult Detention,81,38,43,0
,Rosebud Sioux Wanbli Wiconi Tipi Juvenile Detention,15,0,15,0
,Sisseton-Wahpeton Law Enforcement Adult Detention Center,17,13,4,0
Washington,,,,,
,Chehalis Tribal Jail,23,21,2,0
,Colville Tribal Correctional Facility,40,27,13,0
,Makah Public Safety - Adult Detention,4,2,2,0
,Nisqually Adult Corrections,228,92,136,0
,Puyallup Tribal Law Enforcement and Adult Detention,7,3,4,0
,Quinault Nation Police Department and Holding Facility,12,4,8,0
Wisconsin,,,,,
,Menominee Tribal Detention Facility,36,23,13,0
Wyoming,,,,,
,Wind River Adult Detention Center,44,32,12,0
/Not reported.,,,,,
a/Detail does not sum to total due to estimating data for survey nonresponse and rounding.,,,,,
b/Includes probation and parole violators with no new sentence.,,,,,
c/Did not respond to the survey.,,,,,
"Source: Bureau of Justice Statistics, Annual Survey of Jails in Indian Country, 2015.",,,,,
