Bureau of Justice Statistics,,,,,,,
File name: jic15t08.csv,,,,,,,
Table 8: Estimation of inmate characteristics in table 5,,,,,,,
"Report title: Jails in Indian Country, 2015 NCJ 250117",,,,,,,
"Data source: Annual Survey of Jails in Indian Country, 2015",,,,,,,
"Author: Todd Minton, BJS Statistician",,,,,,,
Refer questions to: askbjs@usdoj.gov (202) 307-0765,,,,,,,
Date of version: 11/10/2016,,,,,,,
,,,,,,,
Table 8. Estimation of inmate characteristics in table 5,,,,,,,
,2015,2014,2013,2012,2011,2010,2000
Sex/age group,Estimated data for 2 facilities are based on their 2014 data.,Estimated data for 4 facilities are based on their 2013 data.,Estimated data for 3 facilities are based on their 2012 data.,Estimated data for 1 facility are based on the ratio of the total number of inmates in their jail at midyear 2012 to the reported number of inmates by sex in 2012.,No estimated data.,No estimated data.,No estimated data.
,Estimated data for 4 facilities are based on their 2013 data.,Estimated data for 1 facility are based on their 2012 data.,,,,,
,Estimated data for 1 facility are based on their 2012 data.,,,,,,
Conviction status,,,,,,,
,Estimated data for 2 facilities are based on their 2014 data. ,Estimated data for 3 facilities are based on their 2013 data.,Estimated data for 3 facilities are based on their 2012 data. ,Estimated data for 1 facility are based on the ratio of the total number of inmates in their jail at midyear 2012 to the reported number of inmates by conviction status in 2012.,Estimated data for 2 facilities are based on the ratio of the total number of inmates in their jail at midyear 2011 to the reported number of inmates by conviction status in 2011. ,Estimated data for 14 inmates are based on the ratio of the total number of inmates in their jail at midyear 2010 to the reported number of inmates by conviction status in 2010.,No estimated data.
,Estimated data for 4 facilities are based on their 2013 data.,Estimated data for 2 facilities are the ratio of the total number of inmates in their jail at midyear 2014 to the reported number of inmates by conviction status in 2013.,Estimated data for 1 facility are based on the ratio of the total number of inmates in their jail at midyear 2013 to the reported number of inmates by conviction status in 2013.,Estimated data for 1 facility are based on the ratio of the total number of inmates in their jail at midyear 2012 to the reported number of inmates by conviction status in 2013.,Estimated data for 1 facility are based on the ratio of the total number of inmates in their jail at midyear 2011 to the reported number of inmates by conviction status in 2013.,,
,Estimated data for 1 facility are based on their 2012 data.,Estimated data for 1 facility are based on their 2012 data.,,Estimated data for 1 facility are based on their 2013 data. ,Estimated data for 1 facility are based on the ratio of the total number of inmates in their jail at midyear 2011 to the reported number of inmates by conviction status in 2010.,,
,,,,Estimated data for 1 facility are based on their 2011 data.,,,
Most serious Offense,,,,,,,
,Estimated data for 2 facilities are based on their 2014 data.,Estimated data for 3 facilities are based on their 2013 data.,Estimated data for 3 facilities are based on the ratio of the total number of inmates in their jail at midyear 2013 to the reported number of inmates by offense type in 2013.,Estimated data for 2 facilities are based on their 2013 data. ,Estimated data for 3 facilities are based on the ratio of the total number of inmates in their jail at midyear 2011 to the reported number of inmates by offense type in 2010.,Estimated data for 3 facilities are based on the ratio of the total number of inmates in their jail at midyear 2010 to the reported number of inmates by offense type in 2010.,Estimated data for 1 facility are based on the ratio of the total number of inmates in their jail at midyear 2000 to the reported number of inmates by offense type in 2002.
,Estimated data for 4 facilities are based on their 2013 data.,Estimated data for 2 facilities are based on the ratio of the total number of inmates in their jail at midyear 2014 to the reported number of inmates by offense type in 2013.,Estimated data for 1 facility are based on the ratio of the total number of inmates in their jail at midyear 2012 to the reported number of inmates by offense type in 2014.,Estimated data for 2 facilities are based on their 2011 data. ,Estimated data for 1 facility are based on the ratio of the total number of inmates in their jail at midyear 2011 to the reported number of inmates by offense type in 2013.,,Estimated data for 1 facility are based on the ratio of the total number of inmates in their jail at midyear 2000 to the reported number of inmates by offense type in 1999.
,Estimated data for 1 facility are based on their 2011 data.,Estimated data for 1 facility are based on their 2012 data.,Estimated data for 1 facility are based on their 2012 data. ,Estimated data for 1 facility are based on the ratio of the total number of inmates in their jail at midyear 2012 to the reported number of inmates by offense type in 2012.,,,
,Estimated data for 1 facility are based on the ratio of the total number of inmates in their jail at midyear 2015 to the reported number of inmates by offense type in 2015.,Estimated data for 1 facility are based on the ratio of the total number of inmates in their jail at midyear 2014 to the reported number of inmates by offense type in 2011.,Estimated data for 1 facility are based on their 2011 data.,Estimated data for 1 facility are based on their historical reporting of offense data into the �other� category.,,,
