Bureau of Justice Statistics,,,,,,,,,,,,,,,,,,,,,
File name: jic15t07.csv,,,,,,,,,,,,,,,,,,,,,
"Table 7: Indian country jail survey universe and response rates, 2004 and 2007-2015",,,,,,,,,,,,,,,,,,,,,
"Report title: Jails in Indian Country, 2015 NCJ 250117",,,,,,,,,,,,,,,,,,,,,
"Data source: Annual Survey of Jails in Indian Country, 2015",,,,,,,,,,,,,,,,,,,,,
"Author: Todd Minton, BJS Statistician",,,,,,,,,,,,,,,,,,,,,
Refer questions to: askbjs@usdoj.gov (202) 307-0765,,,,,,,,,,,,,,,,,,,,,
Date of version: 11/10/2016,,,,,,,,,,,,,,,,,,,,,
,,,,,,,,,,,,,,,,,,,,,
"Table 7.  Indian country jail survey universe and response rates, 2004 and 2007-2015",,,,,,,,,,,,,,,,,,,,,
,,,,,,,,,,,,,,,,,,,,,
,,2004,,2007,,2008,,2009/a,,2010,,2011/b,,2012/c,,2013,,2014,,2015,
Original roster of facilities/d,,,,,,,,,,,,,,,,,,,,,
,Number of facilities,70,,86,,86,,86,,86,,86,,89,,89,,90,,90,
Non-operational or out-of-scope/e,,,,,,,,,,,,,,,,,,,,,
,Pre-survey fielding,2,,3,,4,,6,,7,,6,,7,,11,,7,,7,
,Post-survey fielding,0,,0,,0,,1,,4,,3,,3,,0,,4,,7,
Added facilities/f,,:,,:,,0,,0,,0,,3,,0,,1,,0,,0,
Active survey universe/g,,68,,83,,82,,79,,75,,80,,79,,79,,79,,76,
,Number of respondents,61,,79,,82,,79,,75,,80,,79,,77,,74,,69,
,Number of nonrespondents,7,,4,,0,,0,,0,,0,,0,,2,,5,,7,
Response rate,,90,%,95,%,100,%,100,%,100,%,100,%,100,%,97,%,94,%,91,%
,,,,,,,,,,,,,,,,,,,,,
"Note: The survey universe was revised for 2008, 2011, and 2012. The survey was not conducted in 2005 and 2006. Between 2004 and 2007, 7 facilities closed, 21 facilities in the 2007 survey were newly constructed or new to the collection, and 1 facility that was closed in 2004 reopened and was included in the survey. For the 1998-2003 survey universe, see the Jails in Indian Country series located on the BJS website.",,,,,,,,,,,,,,,,,,,,,
: Not calculated.,,,,,,,,,,,,,,,,,,,,,
"a/Prior to the 2010 data collection, one facility in the 2009 universe was determined to be closed, resulting in a revised (79 facilities) facility count for 2009.",,,,,,,,,,,,,,,,,,,,,
b/Two facilities in 2011 (one adult and one juvenile) were treated as one respondent in 2010.,,,,,,,,,,,,,,,,,,,,,
"c/Two facilities merged into one facility, resulting in a final universe of 79 facilities.",,,,,,,,,,,,,,,,,,,,,
d/Includes the number of facilities expected to be surveyed.,,,,,,,,,,,,,,,,,,,,,
"e/Includes the number of facilities determined to be closed or out-of-scope of the survey, either prior to the fielding of the survey or during data collection activity.",,,,,,,,,,,,,,,,,,,,,
"f/Includes the number of facilities newly constructed, new to the data collection, or temporary closed facilities that were reopened.",,,,,,,,,,,,,,,,,,,,,
g/Includes the final number of facilities in the survey universe after removing non-operational and out-of-scope facilities.,,,,,,,,,,,,,,,,,,,,,
"Source: Bureau of Justice Statistics, Annual Survey of Jails in Indian Country, 2004 and 2007-2015.",,,,,,,,,,,,,,,,,,,,,
,,,,,,,,,,,,,,,,,,,,,
,,,,,,,,,,,,,,,,,,,,,
,,,,,,,,,,,,,,,,,,,,,
,,,,,,,,,,,,,,,,,,,,,
,,,,,,,,,,,,,,,,,,,,,
,,,,,,,,,,,,,,,,,,,,,
,,,,,,,,,,,,,,,,,,,,,
,,,,,,,,,,,,,,,,,,,,,
,,,,,,,,,,,,,,,,,,,,,
,,,,,,,,,,,,,,,,,,,,,
,,,,,,,,,,,,,,,,,,,,,
,,,,,,,,,,,,,,,,,,,,,
"f/In 2013, BJS started collecting data on burglary, larceny-theft, and public intoxication. As a result, other unspecified offenses in prior years are not comparable to 2013-2015.",,,,,,,,,,,,,,,,,,,,,
"Source: Bureau of Justice Statistics, Annual Survey of Jails in Indian Country, 2000 and 2010�15.",,,,,,,,,,,,,,,,,,,,,
