Bureau of Justice Statistics,,,
File name: jic15f02.csv,,,
"Figure 2: Percent of rated capacity occupied, by facility size, June 2015",,,
"Report title: Jails in Indian Country, 2015 NCJ 250117",,,
"Data source: Annual Survey of Jails in Indian Country, 2015",,,
"Author: Todd Minton, BJS Statistician",,,
Refer questions to: askbjs@usdoj.gov (202) 307-0765,,,
Date of version: 10/6/2016,,,
,,,
"Figure 2. Percent of rated capacity occupied, by facility size, June 2015",,,
,Midyear,ADP,Peak
49 or fewer inmates,67,59,93
50 or more inmates,65,65,79
"Note: Rated capacity is the maximum number of beds or inmates assigned by a rating official. Midyear count is the number of inmates held on the last weekday in June. Average daily population (ADP) is the number of inmates confined in June, divided by 30. Peak population is the number of inmates held on the day in June in which the custody population of a facility was the largest. See Methodology for information on imputed inmate population and rated capacity.",,,
"Source: Bureau of Justice Statistics, Annual Survey of Jails in Indian Country, 2015.",,,
