Bureau of Justice Statistics,,,,,,,,,,,,,,
File name: jic15t04.csv,,,,,,,,,,,,,,
"Table 4: Admissions and expected length of stay in Indian country jails, by facility size, June 2014 and 2015",,,,,,,,,,,,,,
"Report title: Jails in Indian Country, 2015 NCJ 250117",,,,,,,,,,,,,,
"Data source: Annual Survey of Jails in Indian Country, 2015",,,,,,,,,,,,,,
"Author: Todd Minton, BJS Statistician",,,,,,,,,,,,,,
Refer questions to: askbjs@usdoj.gov (202) 307-0765,,,,,,,,,,,,,,
Date of version: 11/10/2016,,,,,,,,,,,,,,
,,,,,,,,,,,,,,
"Table 4. Admissions and expected length of stay in Indian country jails, by facility size, June 2014 and 2015",,,,,,,,,,,,,,
,,Number of facilities,,,ADP/a,,,Estimated monthly admissions,,,Expected average length of stay/b,,,
Facility size/c,,2014,2015,,2014,2015,,2014/d,2015/e,,2014,,2015,
,Total,79,76,,"2,170","2,390",,"10,460","9,810",,6.2, days,7.3, days
9 or fewer,,4,2,,5,4,,130,40,,1.2,,3,
10 to 24,,24,18,,220,140,,"2,490","1,220",,2.7,,3.4,
25 to 49,,33,36,,740,790,,"4,680","4,150",,4.7,,5.7,
50 or more,,18,20,,"1,220","1,460",,"3,170","4,410",,11.5,,9.9,
"Note: Data are adjusted for nonresponse and rounded to the nearest 10, except for the average daily population (ADP) in facilities with a rated capacity of 9 or fewer.",,,,,,,,,,,,,,
"a/ADP is the sum of the number of inmates held on each day in June, divided by 30.",,,,,,,,,,,,,,
b/Calculated by dividing the ADP by the number of June admissions and multiplying by 30. See Methodology. ,,,,,,,,,,,,,,
"c/Based on the rated capacity, which is the maximum number of beds or inmates assigned by a rating official.",,,,,,,,,,,,,,
"d/Data were estimated for seven facilities in 2015 that did not respond to the survey (1,960 admissions combined).",,,,,,,,,,,,,,
"e/Data were imputed for five facilities in 2014 that did not respond to the survey (1,763 admissions combined).",,,,,,,,,,,,,,
"Source: Bureau of Justice Statistics, Annual Survey of Jails in Indian Country, 2014 and 2015.",,,,,,,,,,,,,,
