"Bureau of Justice Statistics",,,,,
"filename:  FSUS9604.csv",,,,,
"table #:  4",,,,,
"report title:  Felony Sentences in the United States, 1996; NCJ#:  175045",,,,,
"data sources:  National Judicial Reporting Program; Federal Justice Statistics Program",,,,,
"author:  Jodi M.Brown",,,,,
"Refer questions to:  askbjs@ojp.usdoj.gov or 202-307-0765",,,,,
"date of version:  08/04/99",,,,,
,,,,,
"Table 4.  Type of State and Federal felony sentences, ",,,,,
"by violent offense, 1996",,,,,
,,,,,
,"Percent of felons sentenced to --",,,,
"Most serious","Conviction",,"Incarceration",,"Straight"
"conviction offense","Total","Total","Prison","Jail","probation"
,,,,,
"Murder/manslaughter^a",,,,,
"State and Federal",100,95,91,3,5
"State",100,95,92,3,5
"Federal",100,89,76,13,11
"Sexual assault^b",,,,,
"State and Federal",100,79,63,16,21
"State",100,79,63,16,21
"Federal",100,88,81,7,12
"Robbery",,,,,
"State and Federal",100,88,74,14,12
"State",100,87,73,14,13
"Federal",100,96,93,3,4
"Aggravated assault",,,,,
"State and Federal",100,72,42,30,28
"State",100,72,42,30,28
"Federal",100,72,50,22,28
"Other violent^c",,,,,
"State and Federal",100,73,39,34,27
"State",100,73,38,34,27
"Federal",100,93,83,11,7
,,,,,
"Persons convicted",,,,,
"Table 4.  Type of State and Federal felony sentences, ",,,,,
"by violent offense, 1994",,,,,
,,,,,
"Most serious","Conviction",,"Incarceration",,"Straight"
"conviction offense","Total","Total","Prison","Jail","probation"
,,,,,
"Murder/manslaughter^a",,,,,
"State and Federal",11765,11132,10762,370,633
"State",11429,10833,10505,328,596
"Federal",336,299,257,42,37
"Sexual assault^b",,,,,
"State and Federal",30265,23949,19109,4840,6316
"State",30056,23765,18940,4825,6291
"Federal",209,184,169,15,25
"Robbery",,,,,
"State and Federal",44388,38881,32647,6234,5507
"State",42831,37381,31194,6187,5450
"Federal",1557,1500,1453,47,57
"Aggravated assault",,,,,
"State and Federal",69808,50057,29185,20872,19751
"State",69522,49852,29042,20810,19670
"Federal",286,205,143,62,81
"Other violent^c",,,,,
"State and Federal",14133,10301,5463,4838,3832
"State",13984,10162,5340,4822,3822
"Federal",149,139,123,16,10
