"Bureau of Justice Statistics",,,
"filename:  bcft03aa.csv",,,
"Appendix table A. National Instant Criminal Background Check System: Checking agencies - FBI or State point of contact - for firearm transfers, yearend 2003",,,
"title: Background Checks for Firearm Transfers, NCJ 204428",,,
"data source:  Firearm Inquiry Statistics Program",,,
"authors:  Michael Bowling, Ph.D. (REJIS), Gene Lauver (REJIS), Matthew J. Hickman (BJS), and Devon B. Adams (BJS)",,,
"refer questions to: askbjs@ojp.usdoj.gov (202)307-0765",,,
"date of version: 9/22/04",,,
,,,
"Appendix table A. National Instant Criminal Background Check System: Checking agencies - FBI or State point of contact - for firearm transfers, yearend 2003",,,
,,,
,,,
"State","FBI checks all firearms","POC checks all firearms","POC - handguns FBI - long guns"
,,,
"Alabama","X","---","---"
"Alaska","X","---","---"
"Arizona","X","---","---"
"Arkansas","X","---","---"
"California","---","X","---"
"Colorado","---","X","---"
"Connecticut","---","X","---"
"Delaware","X","---","---"
"Florida","---","X","---"
"Georgia","---","X","---"
"Hawaii*","---","X","---"
"Idaho","X","---","---"
"Illinois","---","X","---"
"Indiana","X","---","---"
"Iowa*","---","---","X"
"Kansas","X","---","---"
"Kentucky","X","---","---"
"Louisiana","X","---","---"
"Maine","X","---","---"
"Maryland","---","---","X"
"Massachusetts","X","---","---"
"Michigan* ","---","---","X"
"Minnesota","X","---","---"
"Mississippi","X","---","---"
"Missouri","X","---","---"
"Montana","X","---","---"
"Nebraska*","---","---","X"
"Nevada","---","X","---"
"New Hampshire","---","---","X"
"New Jersey","---","X","---"
"New Mexico","X","---","---"
"New York*","---","---","X"
"North Carolina*","---","---","X"
"North Dakota","X","---","---"
"Ohio","X","---","---"
"Oklahoma","X","---","---"
"Oregon","---","X","---"
"Pennsylvania","---","X","---"
"Rhode Island","`X","---","---"
"South Carolina","X","---","---"
"South Dakota","X","---","---"
"Tennessee","---","X","---"
"Texas","X","---","---"
"Utah","---","X","---"
"Vermont","X","---","---"
"Virginia","---","X","---"
"Washington*","---","---","X"
"West Virginia","X","---","---"
"Wisconsin","---","---","X"
"Wyoming","X","---","---"
,,,
"  Totals","27","14",9
,,,
"Note: Includes check on purchase or permit required for purchase.",,,
"*States with multiple points of contact.",,,
