"Bureau of Justice Statistics",,,,
"filename:  bcft03t3.csv",,,,
"Text table 3. Local and State reasons for rejection, 1999-2003",,,,
"title: Background Checks for Firearm Transfers, NCJ 204428",,,,
"data source:  Firearm Inquiry Statistics Program",,,,
"authors:  Michael Bowling, Ph.D. (REJIS), Gene Lauver (REJIS), Matthew J. Hickman (BJS), and Devon B. Adams (BJS)",,,,
"refer questions to: askbjs@ojp.usdoj.gov (202)307-0765",,,,
"date of version: 9/22/04",,,,
,,,,
"Text table 3. Local and state reasons for rejection, 1999-2003",,,,
,,,,
"Reason for  rejection","Local",,"State",
,,,,
"Total",100,"%",100,"%"
,,,,
"Felony indictment/conviction",60.5,,26.7,
"Domestic violence",,,,
"   Misdemeanor conviction",9.9,,10.5,
"   Restraining order",3.3,,1.9,
"State law prohibition",5.9,,17.3,
"Fugitive",6.2,,1.2,
"Illegal alien",0.5,,0.4,
"Mental illness or disability",1.0,,4.3,
"Drug addiction",0.7,,6.4,
"Local law prohibition",0.1,,7.9,
"Other*",12.0,,23.4,
,,,,
"--Not available or not applicable.   ",,,,
"*Includes illegal aliens, juveniles, persons dishonorably discharged from the Armed Services, persons who have renounced their U. S. citizenship, and other unspecified persons.",,,,
