"Bureau of Justice Statistics",,,,
"filename:  bcft03t2.csv",,,,
"Text table 2. Local rejection rates by population served and by type of permit, 1999-2003",,,,
"title: Background Checks for Firearm Transfers, NCJ ",,,,
"data source:  Firearm Inquiry Statistics Program",,,,
"authors:  Michael Bowling, Ph.D. (REJIS), Gene Lauver (REJIS), Matthew J. Hickman (BJS), and Devon B. Adams (BJS)",,,,
"refer questions to: askbjs@ojp.usdoj.gov (202)307-0765",,,,
"date of version: 9/22/04",,,,
,,,,
"Text table 2. Local rejection rates by population served and by type of permit, 1999-2003",,,,
,,,,
,"Local rejection rates  by population served and  by type of permit, 2003 and 1999-2003",,,
"Population served","2003",,"1999-2003",
,,,,
"Purchase permits",,,,
"Over 100,000",2.92,"%",2.59,"%"
"10,000 to 100,000",1.50,,1.72,
"Under 10,000",0.87,,1.32,
,,,,
"Exempt carry permits",,,,
"Over 100,000",1.74,"%",2.04,"%"
"10,000 to 100,000",1.25,,1.49,
"Under 10,000",0.62,,1.17,
