"Bureau of Justice Statistics",,,,,,,,
"filename:  bcft0303.csv",,,,,,,,
"Table 3.  Rejection rates for selected FBI states, 1999-2003",,,,,,,,
"title: Background Checks for Firearm Transfers, NCJ 204428",,,,,,,,
"data source:  Firearm Inquiry Statistics Program",,,,,,,,
"authors:  Michael Bowling, Ph.D. (REJIS), Gene Lauver (REJIS), Matthew J. Hickman (BJS), and Devon B. Adams (BJS)",,,,,,,,
"refer questions to: askbjs@ojp.usdoj.gov (202)307-0765",,,,,,,,
"date of version: 9/22/04",,,,,,,,
,,,,,,,,
"Table 3.  Rejection rates for selected FBI states, 1999-2003",,,,,,,,
,,,,,,,,
,,2003,,,,1999-2003,,
,"Total transactions","Total rejections","Rejection rate",,"Total transactions","Total rejections","Rejection rate",
,,,,,,,,
"   Total",2572530,39281,1.5,"%",14678919,227962,1.6,"%"
,,,,,,,,
"Alaska",32007,823,2.6,"%",190103,5107,2.7,"%"
"Alabama ",184324,3331,1.8,,1090345,18964,1.7,
"Arkansas",115084,2583,2.2,,747368,15438,2.1,
"Delaware",16297,220,1.3,,84284,1336,1.6,
"Idaho",49892,1257,2.5,,310215,7333,2.4,
"Kansas ",86359,774,0.9,,478170,5447,1.1,
"Kentucky",186673,2479,1.3,,1116942,16464,1.5,
"Louisiana",146757,2931,2.0,,857045,16771,2.0,
"Massachusetts",38896,74,0.2,,148154,652,0.4,
"Maine ",48248,277,0.6,,241227,1627,0.7,
"Minnesota ",164660,2363,1.4,,772517,9284,1.2,
"Missouri",181050,2067,1.1,,974613,12351,1.3,
"Mississippi",116211,1542,1.3,,755754,9876,1.3,
"Montana",59749,1238,2.1,,338413,6547,1.9,
"North Dakota",28326,317,1.1,,147337,1640,1.1,
"New Mexico",61513,1215,2.0,,392531,6439,1.6,
"Ohio",276945,4102,1.5,,1444028,23586,1.6,
"Oklahoma",130290,1743,1.3,,757053,11395,1.5,
"Rhode Island",9641,80,0.8,,50536,423,0.8,
"South Dakota",43475,478,1.1,,194927,2930,1.5,
"Texas ",469443,7881,1.7,,2820362,45538,1.6,
"West Virginia",100603,1087,1.1,,614379,6311,1.0,
"Wyoming",26087,419,1.6,,152616,2503,1.6,
,,,,,,,,
"Note:   States are those for which the FBI conducted all checks under permanent Brady.  Total  for five-year period includes December, 1998.",,,,,,,,
