"Bureau of Justice Statistics",,,,,,
"filename:  bcft0310.csv",,,,,,
"Table 10. Number of arrests reported, by type of  agency, 1999-2003",,,,,,
"title: Background Checks for Firearm Transfers, NCJ 204428",,,,,,
"data source:  Firearm Inquiry Statistics Program",,,,,,
"authors:  Michael Bowling, Ph.D. (REJIS), Gene Lauver (REJIS), Matthew J. Hickman (BJS), and Devon B. Adams (BJS)",,,,,,
"refer questions to: askbjs@ojp.usdoj.gov (202)307-0765",,,,,,
"date of version: 9/22/04",,,,,,
,,,,,,
"Table 10. Number of arrests reported, by type of  agency, 1999-2003",,,,,,
,,,,,,
"Type of agency",2003,2002,2001,2000,1999,"1999-2003"
,,,,,,
"Total",1473,1942,2139,1327,301,7182
,,,,,,
"ATF","--",200,175,"--","--",375
"State",1430,1697,1901,1294,295,6617
"Local",43,45,63,33,6,190
