"Bureau of Justice Statistics",,,,,,
"filename:  bcft0309.csv",,,,,,
"Table 9. Notification procedures of State points of contact (POC's) regarding denied persons subject to arrest, 2003",,,,,,
"title: Background Checks for Firearm Transfers, NCJ ",,,,,,
"data source:  Firearm Inquiry Statistics Program",,,,,,
"authors:  Michael Bowling, Ph.D. (REJIS), Gene Lauver (REJIS), Matthew J. Hickman (BJS), and Devon B. Adams (BJS)",,,,,,
"refer questions to: askbjs@ojp.usdoj.gov (202)307-0765",,,,,,
"date of version: 9/22/04",,,,,,
,,,,,,
"Table 9. Notification procedures of State points of contact (POC's) regarding denied persons subject to arrest, 2003",,,,,,
,,,,,,
,"Notice of outstanding warrant",,,"Notice of false application or illegal attempt to buy",,
"State","Agency with jurisdiction/a","Special State unit/b",,"Agency with jurisdiction/a","Special State unit/b","Alcohol, Tobacco and Firearms (ATF)"
,,,,,,
"California","X","--",,"X","--","--"
"Colorado","X","--",,"X","--","X"
"Connecticut","X","--",,"--","X","--"
"Delaware","X","--",,"X","--","--"
"Florida","X","--",,"X","X","X"
"Georgia","X","--",,"X","--","X"
"Illinois","X","--",,"--","X","X"
"Indiana","X","--",,"--","--","X"
"Maryland","--","X",,"--","X","--"
"Nevada","X","--",,"--","--","X"
"New Hampshire","X","--",,"X","--","X"
"New Jersey","X","X",,"--","X","--"
"Oregon","X","--",,"X","--","--"
"Pennsylvania","X","--",,"X","--","X"
"Tennessee","X","--",,"--","--","X"
"Utah","X","--",,"X","--","X"
"Virginia","--","X",,"--","X","X"
"Wisconsin","X","X",,"X","X","X"
,,,,,,
"   Totals",16,"4",,10,7,12
,,,,,,
"-- Not applicable or information not available.",,,,,,
"a/ May include Federal, State, or local agencies that issued a warrant or have jurisdiction over the site of the transaction or the location of the denied person's residence.",,,,,,
"b/ Includes units within the same agency as the checking unit.",,,,,,
