Bureau of Justice Statistics,,,,,,,,,,,,,,,,
Filename: ncfcjs9818t02.csv,,,,,,,,,,,,,,,,
"Table 2. Persons prosecuted in U.S. district courts, by prior federal or state convictions and citizenship status, fiscal year 2018",,,,,,,,,,,,,,,,
"Report title: Non-U.S. Citizens in the Federal Criminal Justice System, 1998�2018   NCJ 252647",,,,,,,,,,,,,,,,
"Data source: Bureau of Justice Statistics, based on data from the Administrative Office of the U.S. Courts, Probation and Pretrial Services Automated Case Tracking System, fiscal year 2018",,,,,,,,,,,,,,,,
"Authors: Suzanne M. Strong, Ph.D., former BJS Statistician, and Mark Motivans, Ph.D., BJS Statistician",,,,,,,,,,,,,,,,
Refer questions to: askbjs@usdoj.gov 202-307-0765,,,,,,,,,,,,,,,,
Date of version: 11/30/2021,,,,,,,,,,,,,,,,
,,,,,,,,,,,,,,,,
"Table 2. Persons prosecuted in U.S. district courts, by prior federal or state convictions and citizenship status, fiscal year 2018",,,,,,,,,,,,,,,,
,,,,,,,,,,Non-U.S. citizen,,,,,,
,,Total,,,,U.S. citizen,,,,Documented non-U.S. citizen,,,,Undocumented non-U.S. citizen,,
Prior convictions,,Number,Percent,,,Number,Percent,,,Number,Percent,,,Number,Percent,
,Total,"84,838",100,%,,"42,686",100,%,,"3,237",100,%,,"37,939",100,%
0,,"42,491",50.2,,,"17,243",40.4,,,"2,498",77.2,,,"22,232",58.6,
1,,"9,627",11.4,,,"4,479",10.5,,,343,10.6,,,"4,730",12.5,
 2-4,,"15,458",18.3,,,"8,120",19,,,264,8.2,,,"7,014",18.5,
5 or more,,"16,996",20.1,,,"12,844",30.1,,,132,4.1,,,"3,963",10.4,
"Note: Details may not sum to totals due to missing data or rounding. Percentages are based on nonmissing records. Less than 2% of cases were missing data on prior state or federal convictions (266, 0.3%) or citizenship status (976, 1.2%).",,,,,,,,,,,,,,,,
"Source: Bureau of Justice Statistics, based on data from the Administrative Office of the U.S. Courts, Probation and Pretrial Services Automated Case Tracking System, fiscal year 2018.",,,,,,,,,,,,,,,,
