Bureau of Justice Statistics,,,,,,,,,
Filename: ncfcjs9818t09.csv,,,,,,,,,
"Table 9. Persons in federal prisons, by country of birth and citizenship status, fiscal year 2018",,,,,,,,,
"Report title: Non-U.S. Citizens in the Federal Criminal Justice System, 1998�2018   NCJ 252647",,,,,,,,,
"Data source: Bureau of Justice Statistics, based on data from the Federal Bureau of Prisons, SENTRY database, as of September 30, 2018",,,,,,,,,
"Authors: Suzanne M. Strong, Ph.D., former BJS Statistician, and Mark Motivans, Ph.D., BJS Statistician",,,,,,,,,
Refer questions to: askbjs@usdoj.gov 202-307-0765,,,,,,,,,
Date of version: 11/30/2021,,,,,,,,,
,,,,,,,,,
"Table 9. Persons in federal prisons, by country of birth and citizenship status, fiscal year 2018",,,,,,,,,
,,,U.S. citizen,,,,Non-U.S. citizen,,
Birth country,,Total,Number,Percent,,,Number,Percent,
,Total,"161,885","131,035",100,%,,"30,848",100,%
U.S.-born,,"124,908","124,848",96,,,59,0.2,
Foreign-born,,"35,830","5,221",4,,,"30,608",99.8,
"Note: Includes persons sentenced in U.S. district courts and in the custody of the Federal Bureau of Prisons (BOP) as of September 30, 2018. Excludes persons sentenced to the BOP by the D.C. Superior Court, military prisoners transferred to BOP facilities to serve their sentence, U.S. citizen-prisoners transferred to the U.S. from another country to serve their sentence closer to home, and persons convicted of a state offense but serving time in a federal prison for their security needs. Details may not sum to totals due to missing data. Percentages are based on nonmissing data. Less than 1% of cases were missing data on country of citizenship (2, <0.01%) or country of birth (1,147, 0.7%).",,,,,,,,,
"Source: Bureau of Justice Statistics, based on data from the Federal Bureau of Prisons, SENTRY database, as of September 30, 2018.",,,,,,,,,
