"Bureau of Justice Statistics",,,,,,,,,,
"filename:  fleo0005.csv",,,,,,,,,,
"Table 5.  Gender and race or ethnicity of Federal officers with arrest and firearm authority, agencies employing 500 or more full-time officers, June 2000.",,,,,,,,,,
"report title: Federal Law Enforcement Officers, 2000, NCJ 187231",,,,,,,,,,
"data source:  2000 Census of Federal Law Enforcement Officers",,,,,,,,,,
"authors:  Brian A. Reaves, Ph.D. and Timothy C. Hart ",,,,,,,,,,
"refer questions to: askbjs@ojp.usdoj.gov (202)307-0765",,,,,,,,,,
"date of version: 7/16/01",,,,,,,,,,
,,,,,,,,,,
,,,,,,,,,,
"Table 5.  Gender and race or ethnicity of Federal officers with arrest and firearm authority, agencies employing 500 or more full-time officers, June 2000.",,,,,,,,,,
,,,,,,,,,,
,,,,,,,,,,
,,,,,,,,"Race/ethnicity",,
,,,,,,,,"Black or ","Asian or","Hispanic or"
,"Number ",,"Gender",,,,"American","African","Pacific","Latino"
"   Agency","of officers",,"Male","Female",,"White","Indian","American","Islander","of any race"
,,,,,,,,,,
"Immigration and Naturalization Service",17973,,88.7,11.3,,58.2,0.5,5.3,2.2,33.2
"Federal Bureau of Prisons",13714,,86.9,13.1,,60.8,1.4,24.5,1.1,12.1
"Federal Bureau of Investigation",11712,,82.9,17.1,,83.6,0.5,6.2,2.7,7.1
"U.S. Customs Service",10820,,80.9,19.1,,64.5,0.8,7.4,3.5,23.8
"Drug Enforcement Administration",4201,,91.6,8.4,,82.1,0.0,8.0,1.9,7.3
"U.S. Secret Service",4039,,90.9,9.1,,79.5,0.8,12.4,1.8,5.6
"U.S. Postal Inspection Service",3456,,84.1,15.9,,64.3,0.4,23.6,3.6,8.2
"Internal Revenue Service",2742,,72.7,27.3,,79.0,1.1,9.6,3.5,6.8
"U.S. Marshals Service",2777,,88.0,12.0,,82.1,0.6,7.9,1.9,7.5
"National Park Service",2195,,86.5,13.5,,86.9,2.0,5.2,2.2,3.7
"      Ranger Activities Division",1551,,84.7,15.3,,89.4,2.7,2.5,2.0,3.4
"      U.S. Park Police ",644,,90.8,9.2,,80.9,0.3,11.6,2.6,4.5
"Bureau of Alcohol, Tobacco and Firearms",1983,,88.0,12.0,,80.3,1.2,9.9,1.6,7.0
"U.S. Capitol Police",1199,,82.2,17.8,,67.4,0.3,28.8,1.1,2.5
"U.S. Fish and Wildlife Service",895,,86.6,13.4,,86.8,3.9,2.1,1.5,5.7
"GSA - Federal Protective Service",809,,91.1,8.9,,55.6,0.4,32.4,1.5,10.1
"Bureau of Diplomatic Security",617,,90.3,9.7,,92.9,0.2,3.7,1.6,1.6
"USDA Forest Service",586,,83.1,16.9,,81.7,8.0,3.1,1.0,6.1
,,,,,,,,,,
"Note: Data on gender and race or ethnicity of officers were not provided by the Administrative Office of the U.S. Courts. ",,,,,,,,,,
"Detail may not add to total because of rounding.",,,,,,,,,,
"Includes employees in U.S. Territories.",,,,,,,,,,
