"Bureau of Justice Statistics",
"filename:  fleo00f1.csv",
"Figure 1.  Primary function of Federal officers with arrest and firearm authority, June 2000",
"report title: Federal Law Enforcement Officers, 2000, NCJ 187231",
"data source:  2000 Census of Federal Law Enforcement Officers",
"authors:  Brian A. Reaves, Ph.D. and Timothy C. Hart ",
"refer questions to: askbjs@ojp.usdoj.gov (202)307-0765",
"date of version: 7/16/01",
,
,
"Figure 1.  Primary function of Federal officers with arrest and firearm authority, June 2000",
,
,"Percent of "
"Primary function","Federal officers"
,
"Criminal investigation",41.18%
"Police response and patrol",18.97%
"Corrections",18.17%
"Noncriminal investigation",13.43%
"Court operations",4.07%
"Security and protection",3.46%
