"Bureau of Justice Statistics",,,,,
"filename:  fleo0001.csv",,,,,
"Table 1.  Federal agencies employing 500 or more full-time officers with authority to carry firearms and make arrests, June 2000",,,,,
"title: Federal Law Enforcement Officers, 2000, NCJ 187231",,,,,
"data source:  2000 Census of Federal Law Enforcement Officers",,,,,
"authors:  Brian A. Reaves, Ph.D. and Timothy C. Hart ",,,,,
"refer questions to: askbjs@ojp.usdoj.gov (202)307-0765",,,,,
"date of version: 7/16/01",,,,,
,,,,,
,,,,,
"Table 1.  Federal agencies employing 500 or more full-time officers with authority to carry ",,,,,
"firearms and make arrests, June 2000",,,,,
,,,,,
,"Number of full-time officers",,,"Support "," "
" Agency","with arrest and firearm authority",,,"personnel",
,,,,,
"Immigration and Naturalization Service",17654,,,11377,
"Federal Bureau of Prisons",13557,,,18364,
"Federal Bureau of Investigation",11523,,,16230,
"U.S. Customs Service",10522,,,8210,
"Drug Enforcement Administration",4161,,,4052,
"U.S. Secret Service",4039,,,1274,
"Administrative Office of the U.S. Courts",3599,,,"--",
"U.S. Postal Inspection Service",3412,,,811,
"U.S. Marshals Service",2735,,,1492,
"Internal Revenue Service, Criminal Investigation Division",2726,,,950,
"National Park Service",2188,,,843,
"Bureau of Alcohol, Tobacco and Firearms",1967,,,2545,
"U.S. Capitol Police",1199,,,164,
"U.S. Fish and Wildlife Service, Division of Law Enforcement",888,,,142,
"General Services Administration, Federal Protective Service",803,,,412,
"Bureau of Diplomatic Security, Diplomatic Security Service",617,,,338,
"USDA Forest Service, Law Enforcement & Investigations",586,,,610,
,,,,,
"Note:  Table excludes employees based in U.S. territories or foreign countries.",,,,,
"--Data were not provided by the agency. ",,,,,
"U.S. Courts total includes all Federal probation officers employed in Federal judicial districts ",,,,,
"that allow officers to carry firearms.",,,,,
"National Park Service total includes 1,544 Park Rangers commissioned as law",,,,,
"enforcement officers and 644 U.S. Park Police officers.",,,,,
