"Bureau of Justice Statistics",
"filename:  fleo00f2.csv",
"Figure 2.  Gender and race or ethnicity of full-time Federal officers with arrest and firearm authority, June 2000",
"report title: Federal Law Enforcement Officers, 2000, NCJ 187231",
"data source:  2000 Census of Federal Law Enforcement Officers",
"authors:  Brian A. Reaves, Ph.D. and Timothy C. Hart ",
"refer questions to: askbjs@ojp.usdoj.gov (202)307-0765",
"date of version: 7/16/01",
,
,
"Figure 2.  Gender and race or ethnicity of full-time Federal officers with arrest and firearm authority, June 2000",
,
,"Percent of"
,"Federal officers"
,
"Male",85.60%
"Female",14.40%
,
"White*",69.50%
"Hispanic/Latino, any race",15.20%
"African American/Black*",11.70%
"Native Hawaiian/Pacific Islander",2.20%
"American Indian/Alaska Native",1.10%
,
"* Non-Hispanic",
