"Bureau of Justice Statistics",,,,,
"filename:  fleo00f4.csv",,,,,
"Figure 4.  Major employers of Federal officers, June 2000 and June 1996",,,,,
"title: Federal Law Enforcement Officers, 2000, NCJ 187231",,,,,
"data source:  2000 Census of Federal Law Enforcement Officers",,,,,
"authors:  Brian A. Reaves, Ph.D. and Timothy C. Hart ",,,,,
"refer questions to: askbjs@ojp.usdoj.gov (202)307-0765",,,,,
"date of version: 7/16/01",,,,,
,,,,,
,,,,,
"Figure 4.  Gender and race of Federal officers with arrest and firearm authority, June 2000 and June 1996",,,,,
,,,,,
,,"Percent of officers who were:",,,
,"Female",,,"Racial/ethnic minority",
,2000,1996,,2000,1996
"All agencies",14%,14%,,31%,28%
"Immigration and Naturalization Service",11%,13%,,42%,41%
"Federal Bureau of Prisons",13%,12%,,39%,36%
"Federal Bureau of Investigation",17%,15%,,16%,14%
"U.S. Customs Service",19%,17%,,36%,29%
"U.S. Secret Service",9%,9%,,21%,20%
"U.S. Postal Inspection Service",16%,14%,,36%,33%
"U.S. Marshals Service",12%,12%,,21%,18%
"Internal Revenue Service",27%,24%,,18%,18%
"Bureau of Alcohol, Tobacco, and Firearms",12%,12%,,20%,19%
