Bureau of Justice Statistics,,,,
Filename: fpscufsa23t07.csv,,,,
"Table 7. Prisoner assaults on Federal Bureau of Prisons staff, by type of assault and prosecution status, 2022",,,,
"Report title: Federal Prisoner Statistics Collected Under the First Step Act, 2023   NCJ 307305",,,,
"Data Source: Bureau of Justice Statistics, National Prisoner Statistics, First Step Act Supplement, 2022",,,,
"Author: E. Ann Carson, PhD, former BJS Statistician",,,,
Refer questions to: askbjs@usdoj.gov 202-307-0765,,,,
Date of version: 11/30/23,,,,
,,,,
"Table 7. Prisoner assaults on Federal Bureau of Prisons staff, by type of assault and prosecution status, 2022",,,,
Assault on BOP staff,,Number,Prosecuted,Not prosecuted
Physical,,965,12,953
,With serious injury,19,7,12
,Without serious injury,946,5,941
Sexual,,12,0,12
,With threat/force,3,0,3
,Without threat/force,9,0,9
"Note: This table responds to P.L. 115�391 Section 610, Item 22. Includes assaults by persons in the custody of publicly operated federal correctional facilities in 2022. In 2022, the Federal Bureau of Prisons (BOP) did not hold any persons in privately operated federal correctional facilities. Includes assaults for which there were guilty findings in the BOP administrative process, regardless of later investigation or prosecution by the U.S. Department of Justice. Excludes assaults pending the BOP investigative process.",,,,
"Source: Bureau of Justice Statistics, National Prisoner Statistics, First Step Act Supplement, 2022.",,,,
