Bureau of Justice Statistics,,,
Filename: lpd13etf05.csv,,,
"Figure 5. Local police departments using electronic methods for transmitting criminal incident reports to a central information system, by size of population served, 2000, 2007, and 2013",,,
"Report title: Local Police Departments, 2013: Equipment and Technology NCJ 248767",,,
"Data Source: Bureau of Justice Statistics, Law Enforcement Management and Administrative Statistics Survey, 2013",,,
"Author: Brian A. Reaves, Ph.D., BJS Statistician",,,
Refer questions to: askbjs@usdoj.gov   202-307-0765,,,
Date of version: 6/17/2015,,,
,,,
"Figure 5. Local police departments using electronic methods for transmitting criminal incident reports to a central information system, by size of population served, 2000, 2007, and 2013",,,
,Population served,,
,2013,2007,2000
All sizes,68,60,25
"250,000 or more",76,53,22
"50,000 - 249,999",81,61,21
"10,000 - 49,999",78,70,33
"9,999 or fewer",64,57,23
"Note:  Electronic methods include computer medium, data device, telephone line, or wireless transmission. See table 1 for the total number of departments by population size. See appendix table 20 for estimates and standard errors.",,,
"Source: Bureau of Justice Statistics, Law Enforcement Management and Administrative Statistics (LEMAS) Survey, 2000, 2007, and 2013.",,,
