Bureau of Justice Statistics,,,,,,,,,,,,,,
Filename: lpd13etat20.csv,,,,,,,,,,,,,,
"Appendix table 20. Estimates and standard errors for figure 5:  Local police departments using electronic methods for transmitting criminal incident reports to a central information system, by size of population served, 2000, 2007, and 2013",,,,,,,,,,,,,,
"Report title: Local Police Departments, 2013: Equipment and Technology NCJ 248767",,,,,,,,,,,,,,
"Data Source: Bureau of Justice Statistics, Law Enforcement Management and Administrative Statistics Survey, 2013",,,,,,,,,,,,,,
"Author: Brian A. Reaves, Ph.D., BJS Statistician",,,,,,,,,,,,,,
Refer questions to: askbjs@usdoj.gov   202-307-0765,,,,,,,,,,,,,,
Date of version: 6/17/2015,,,,,,,,,,,,,,
,,,,,,,,,,,,,,
 ,,,,,,,,,,,,,,
"Appendix table 20. Estimates and standard errors for figure 5:  Local police departments using electronic methods for transmitting criminal incident reports to a central information system, by size of population served, 2000, 2007, and 2013",,,,,,,,,,,,,,
,,Estimates,,,,,,,Standard errors,,,,,
Population served,,2000,,2007,,2013,,,2000,,2007,,2013,
,All sizes,25,%,60,%,68,%,,1.3,%,1.5,%,1.5,%
"250,000 or more",,22,,53,,76,,,1.4,,1.8,,1.6,
"50,000�249,999",,21,,61,,8,,,1.1,,1.4,,1.2,
"10,000�49,999",,33,,70,,78,,,2.3,,2.2,,1.6,
"9,999 or fewer",,23,,57,,64,,,2.3,,2.5,,2.1,
"Source: Bureau of Justice Statistics, Law Enforcement Management and Administrative Statistics (LEMAS) Survey, 2000, 2007, and 2013.",,,,,,,,,,,,,,
