Bureau of Justice Statistics,,,,,,,,,,,,,,
Filename: lpd13etat15.csv,,,,,,,,,,,,,,
"Appendix table 15. Estimates and standard errors for figure 3: Use of in-car video cameras by local police departments, by size of population served, 2000, 2007, and 2013",,,,,,,,,,,,,,
"Report title: Local Police Departments, 2013: Equipment and Technology NCJ 248767",,,,,,,,,,,,,,
"Data Source: Bureau of Justice Statistics, Law Enforcement Management and Administrative Statistics Survey, 2013",,,,,,,,,,,,,,
"Author: Brian A. Reaves, Ph.D., BJS Statistician",,,,,,,,,,,,,,
Refer questions to: askbjs@usdoj.gov   202-307-0765,,,,,,,,,,,,,,
Date of version: 6/17/2015,,,,,,,,,,,,,,
 ,,,,,,,,,,,,,,
"Appendix table 15. Estimates and standard errors for figure 3: Use of in-car video cameras by local police departments, by size of population served, 2000, 2007, and 2013",,,,,,,,,,,,,,
,,Estimates,,,,,,,Standard errors,,,,,
Population served,,2000,,2007,,2013,,,2000,,2007,,2013,
,All sizes,37,%,61,%,68,%,,1.4,%,1.4,%,1.5,%
"250,000 or more",,33,,49,,66,,,0.9,,1,,1.8,
"50,000�249,999",,42,,60,,65,,,1,,1.3,,1.7,
"10,000�49,999",,46,,64,,73,,,2.5,,2.4,,1.6,
"9,999 or fewer",,34,,61,,67,,,2.5,,2.5,,2,
"Source: Bureau of Justice Statistics, Law Enforcement Management and Administrative Statistics (LEMAS) Survey, 2000, 2007, and 2013.",,,,,,,,,,,,,,
