Bureau of Justice Statistics,,,,,,,
Filename: lpd13etat19.csv,,,,,,,
"Appendix table 19. Estimates and standard errors for figure 4: Local police officers employed by a department providing in-field computer access to information, 2000, 2007, and 2013",,,,,,,
"Report title: Local Police Departments, 2013: Equipment and Technology NCJ 248767",,,,,,,
"Data Source: Bureau of Justice Statistics, Law Enforcement Management and Administrative Statistics Survey, 2013",,,,,,,
"Author: Brian A. Reaves, Ph.D., BJS Statistician",,,,,,,
Refer questions to: askbjs@usdoj.gov   202-307-0765,,,,,,,
Date of version: 6/17/2015,,,,,,,
 ,,,,,,,
"Appendix table 19. Estimates and standard errors for figure 4: Local police officers employed by a department providing in-field computer access to information, 2000, 2007, and 2013",,,,,,,
,Estimates,,,,Standard errors,,
Type of information,2000,2007,2013,,2000,2007,2013
Criminal histories,29%,56%,75%,,1.40%,1.50%,1.50%
Prior calls for service,37,65,80,,1.4,1.4,1.5
Driving records,58,80,92,,1.5,1.1,1.5
Vehicle records,67,86,93,,1.4,1.1,1.5
"Source: Bureau of Justice Statistics, Law Enforcement Management and Administrative Statistics (LEMAS) Survey, 2000, 2007, and 2013.",,,,,,,
