Bureau of Justice Statistics,
Filename: jagp18f01.csv,
Figure 1. Distribution of fiscal year 2018 Justice Assistance Grant program awards,
"Report title: Justice Assistance Grant (JAG) Program, 2018 NCJ 300289 ",
Data source: Bureau of Justice Statistics calculations based on data from the Uniform Crime Reporting program and the U.S. Census Bureau,
"Author: Alexia D. Cooper, Ph.D., BJS Statistician",
Refer questions to: askbjs@usdoj.gov 202-307-0765,
Date of version: 7/20/2021,
,
Figure 1. Distribution of fiscal year 2018 Justice Assistance Grant program awards,
,Dollars (in millions)
Total allocation,269.1
To state governments,178.2
To local governments,84.5
To U.S. territories and the District of Columbia,6.3
Note: Details may not sum to totals due to rounding.,
Source: Bureau of Justice Statistics calculations based on data from the Uniform Crime Reporting program and the U.S. Census Bureau.,
