Bureau of Justice Statistics,,
Filename: jagp18t05.csv,,
"Table 5. Prison Rape Elimination Act bonus fund allocations for U.S. territories and the District of Columbia, fiscal year 2018",,
"Report title: Justice Assistance Grant (JAG) Program, 2018 NCJ 300289 ",,
"Data source:  Bureau of Justice Statistics calculations based on data from Justice Assistance Grant awards, fiscal year 2018",,
"Author: Alexia D. Cooper, Ph.D., BJS Statistician",,
Refer questions to: askbjs@usdoj.gov 202-307-0765,,
Date of version: 7/20/2021,,
,,
"Table 5. Prison Rape Elimination Act bonus fund allocations for U.S. territories and the District of Columbia, fiscal year 2018",,
,,Bonus award amount
,Total,"$2,641 "
American Samoa,,193
Guam,,288
Puerto Rico,,"1,133"
U.S. Virgin Islands,,288
District of Columbia,,739
Note: Details may not sum to totals due to�rounding.,,
"Source: Bureau of Justice Statistics calculations based on data from Justice Assistance Grant awards, fiscal year 2018.",,
