"Bureau of Justice Statistics",,
"filename:  hivp00t07.csv",,
"Text table #: 7 AIDS-related deaths as a percent of all deaths",,
"report title: HIV in Prisons, 2000   NCJ 196023",,
"data source:  NPS-1 and 2000 Census of State and Federal Adult Correctional Facilities",,
"author:  Laura M. Maruschak",,
"refer questions to: askbjs@ojp.usdoj.gov (202) 307-0765",,
"date of version: 8/08/02",,
,,
"Text table 7. AIDS-related deaths as a percent of all deaths",,
,"AIDS-related deaths as a percent of all deaths",
"Yearend","State prisoners/a","U.S. general population age 15-54/b"
1991,28.0,10.4
1992,31.0,11.7
1993,33.2,11.9
1994,35.1,12.7
1995,34.2,13.1
1996,30.8,10.1
1997,18.9,5.8
1998,13.3,5.4
1999,11.2,4.3
2000,8.4,"--"
"--Not available",,
"a/Percents are based on the number of inmate deaths, excluding those in jurisdictions not reporting AIDS-related deaths.",,
"b/See Methodology for source of data.",,
