"Bureau of Justice Statistics",,
"filename:  hivp00t08.csv",,
"Text table #: 8 AIDS-related death rate for a comparable general population",,
"report title: HIV in Prisons, 2000   NCJ 196023",,
"data source:  NPS-1 and 2000 Census of State and Federal Adult Correctional Facilities",,
"author:  Laura M. Maruschak",,
"refer questions to: askbjs@ojp.usdoj.gov (202) 307-0765",,
"date of version: 9/12/02",,
,,
"Text table 8.  AIDS-related death rate for a comparable general population",,
,"Estimating the AIDS-related death rate for a comparable population, 1999",
,"AIDS deaths per 100,000 U.S. residents","Percent of State prisoners"
"Total",7.0,100
"Male",,
"White",5.1,30.9
"Black",44.9,42.8
"Hispanic ",18.4,16.8
"Other",2.8,3.1
"Female",,
"White",0.8,2.1
"Black",17.2,2.9
"Hispanic ",5.7,1.1
"Other",0.6,0.2
"Weighted average",24.6,
