"Bureau of Justice Statistics",,
"filename:  hivp00ht03.csv",,
"Highlights table #: 3 AIDS-related deaths in State Prisons",,
"report title: HIV in Prisons, 2000   NCJ 196023",,
"data source:  NPS-1 and 2000 Census of State and Federal Adult Correctional Facilities",,
"author:  Laura M. Maruschak",,
"refer questions to: askbjs@ojp.usdoj.gov (202) 307-0765",,
"date of version: 8/07/02",,
,,
"Highlights table 3. AIDS-related deaths in State Prisons",,
,,
"Year","Number","Rate per 100,000 inmates"
1995,1010,100
1996,907,90
1997,538,48
1998,350,30
1999,242,20
2000,174,14
