"Bureau of Justice Statistics",,
"filename:  hivp00ht01.csv",,
"Highlights table #: 1 Number and percent of HIV-positive State and Federal inmates",,
"report title: HIV in Prisons, 2000   NCJ 196023",,
"data source:  NPS-1 and 2000 Census of State and Federal Adult Correctional Facilities",,
"author:  Laura M. Maruschak",,
"refer questions to: askbjs@ojp.usdoj.gov (202) 307-0765",,
"date of version: 8/07/02",,
,,
"Highlights table 1.  Number and percent of HIV-positive State and Federal inmates",,
,"HIV-positive State and Federal prison inmates",
"Yearend","Number","Percent of custody population"
1995,24256,2.3
1996,23881,2.2
1997,23886,2.1
1998,25680,2.2
1999,25801,2.1
2000,25088,2.0
