"Bureau of Justice Statistics",,,,,,
"filename: pius01h2.csv",,,,,,
"Highlight table 2.  If incarceration rates remain unchanged, 6.6% of U.S. residents born in 2001 will go to prison at some time during their lifetime",,,,,,
"report title:  Prevalence of Imprisonment in the U.S. Population, 1974-2001 -- NCJ  197976",,,,,,
"data source: Surveys of inmates in State and Federal correctional facilities, 1974 to 1997, National Corrections Reporting Program, 1983 to 1997, and other sources",,,,,,
"author:  Tom Bonczar",,,,,,
"refer questions to:  askbjs@ojp.usdoj.gov  (202) 307-0765",,,,,,
"date of version:  08/17/03",,,,,,
,,,,,,
,,,,,,
,,,,,,
"If incarceration rates remain unchanged, 6.6% of U.S. residents born in 2001 will go to prison at some time during their lifetime",,,,,,
,"Percent ever going to prison during lifetime, born in -",,,,,
,1974,,1991,,2001,
"Total",1.9,"%",5.2,"%",6.6,"%"
"    Male",3.6,,9.1,,11.3,
"        White",2.2,,4.4,,5.9,
"        Black",13.4,,29.4,,32.2,
"        Hispanic",4.0,,16.3,,17.2,
"    Female",0.3,"%",1.1,"%",1.8,"%"
"        White",0.2,,0.5,,0.9,
"        Black",1.1,,3.6,,5.6,
"        Hispanic",0.4,,1.5,,2.2,
"    White",1.2,"%",2.5,"%",3.4,"%"
"    Black",7.0,,16.5,,18.6,
"    Hispanic",2.2,,9.5,,10.0,
