"Bureau of Justice Statistics",,,,,,,,,,
"filename: pius01h1.csv",,,,,,,,,,
"Highlight table 1.  At yearend 2001, over 5.6 million U.S. residents had ever served time in State or Federal prison",,,,,,,,,,
"report title:  Prevalence of Imprisonment in the U.S. Population, 1974-2001 -- NCJ  197976",,,,,,,,,,
"data source: Surveys of inmates in State and Federal correctional facilities, 1974 to 1997, National Corrections Reporting Program, 1983 to 1997, and other sources",,,,,,,,,,
"author:  Tom Bonczar",,,,,,,,,,
"refer questions to:  askbjs@ojp.usdoj.gov  (202) 307-0765",,,,,,,,,,
"date of version:  08/17/03",,,,,,,,,,
,,,,,,,,,,
,,,,,,,,,,
,,,,,,,,,,
"At yearend 2001, over 5.6 million U.S. adults had ever served time in State or Federal prison",,,,,,,,,,
,,,,,,,,,,
"U.S. residents ever incarcerated",,"Number",,,"Percent of adult U.S. residents",,,,,
,1974,1991,2001,,1974,,1991,,2001,
"      Total",1819000,3437000,5618000,,1.3,"%",1.8,"%",2.7,"%"
"Male",1677000,3142000,5037000,,2.3,,3.4,,4.9,
"      White",837000,1395000,1978000,,1.4,,1.9,,2.6,
"      Black",595000,1181000,1936000,,8.7,,12.0,,16.6,
"      Hispanic",94000,392000,911000,,2.3,,4.9,,7.7,
"Female",142000,295000,581000,,0.2,"%",0.3,"%",0.5,"%"
"      White",86000,139000,225000,,0.1,,0.2,,0.3,
"      Black",51000,109000,231000,,0.6,,0.9,,1.7,
"      Hispanic",8000,30000,86000,,0.2,,0.4,,0.7,
"White",922000,1533000,2203000,,0.8,"%",1.1,"%",1.4,"%"
"Black",646000,1290000,2166000,,4.5,,6.2,,8.9,
"Hispanic",102000,422000,997000,,1.3,,2.7,,4.3,
,,,,,,,,,,
,,,,,,,,,,
"U.S. adult resident population",,,,,,,,,,
,1974,1991,2001,,,,,,,
,,,,,,,,,,
"      Total",145356000,187982751,210207901,,,,,,,
"Male",69217000,90362099,101492258,,,,,,,
"      White",57704209,69718665,74217435,,,,,,,
"      Black",6593640,9465170,11287707,,,,,,,
"      Hispanic",3923600,8022134,11452968,,,,,,,
"Female",76133000,97620652,108715643,,,,,,,
"      White",63173779,75415364,78956773,,,,,,,
"      Black",7813782,11222468,13178900,,,,,,,
"      Hispanic",4074628,7655854,11496534,,,,,,,
"White",120878496,145134029,153174207,,,,,,,
"Black",14406407,20687638,24466606,,,,,,,
"Hispanic",7998062,15677988,22949502,,,,,,,
,,,,,,,,,,
"Note: Because of estimation and other rounding procedures, some detail may not add to totals and may not match precisely totals in other tables.",,,,,,,,,,
