"Bureau of Justice Statistics",,,,,,,,,,,,,
"filename: pius01t5.csv",,,,,,,,,,,,,
"Table 5.  Prevalence of incarceration in a State or Federal prison, by gender, race, and Hispanic origin, 1974-2001",,,,,,,,,,,,,
"report title:  Prevalence of Imprisonment in the U.S. Population, 1974-2001 -- NCJ  197976",,,,,,,,,,,,,
"data source: Surveys of inmates in State and Federal correctional facilities, 1974 to 1997, National Corrections Reporting Program, 1983 to 1997, and other sources",,,,,,,,,,,,,
"author:  Tom Bonczar",,,,,,,,,,,,,
"refer questions to:  askbjs@ojp.usdoj.gov  (202) 307-0765",,,,,,,,,,,,,
"date of version:  08/17/03",,,,,,,,,,,,,
,,,,,,,,,,,,,
,,,,,,,,,,,,,
,,,,,,,,,,,,,
"Table 5. Percent of adult population ever incarcerated in a State or Federal prison, by gender, race, and Hispanic origin, 1974-2001",,,,,,,,,,,,,
,,"Percent of adult population ever incarcerated in a State or Federal prison",,,,,,,,,,,
,,1974,,1979,,1986,,1991,,1997,,2001,
"Gender",,,,,,,,,,,,,
"    Male",,2.3,"%",2.4,"%",2.8,"%",3.4,"%",4.3,"%",4.9,"%"
"    Female",,0.2,,0.2,,0.2,,0.3,,0.4,,0.5,
"Race/Hispanic orign",,,,,,,,,,,,,
"    White*",,0.8,"%",0.8,"%",0.9,"%",1.1,"%",1.3,"%",1.4,"%"
"        Male",,1.4,,1.5,,1.7,,1.9,,2.3,,2.6,
"        Female",,0.1,,0.1,,0.1,,0.2,,0.2,,0.3,
"    Black*",,4.5,"%",4.6,"%",5.2,"%",6.2,"%",7.9,"%",8.9,"%"
"        Male",,8.7,,8.9,,9.9,,12.0,,15.0,,16.6,
"        Female",,0.6,,0.7,,0.8,,0.9,,1.3,,1.7,
"    Hispanic",,1.3,"%",1.4,"%",2.0,"%",2.7,"%",3.8,"%",4.3,"%"
"        Male",,2.3,,2.6,,3.6,,4.9,,6.7,,7.7,
"        Female",,0.2,,0.2,,0.3,,0.4,,0.6,,0.7,
,,,,,,,,,,,,,
"Note: Percents were based on intercensal resident population estimates from the U.S. Census Bureau.  See Methodology for data sources.",,,,,,,,,,,,,
"*Excludes persons of Hispanic origin.",,,,,,,,,,,,,
,,,,,,,,,,,,,
,,,,,,,,,,,,,
"U.S. adult resident population",,,,,,,,,,,,,
,,1974,,1979,,1986,,1991,,1997,,2001,
"Gender",,,,,,,,,,,,,
"    Male",,69217000,,76388000,,83973550,,90362099,,95948130,,101492258,
"    Female",,76133000,,84072000,,91913080,,97620652,,103173604,,108715643,
"Race/Hispanic orign",,,,,,,,,,,,,
"    White*",,120878496,,132166671,,140455378,,145134029,,149184485,,153174207,
"        Male",,57704209,,63114508,,67150845,,69718665,,71989995,,74217435,
"        Female",,63173779,,69055203,,73304533,,75415364,,77194490,,78956773,
"    Black*",,14406407,,16544671,,18682074,,20687638,,22627733,,24466606,
"        Male",,6593640,,7543858,,8517413,,9465170,,10401742,,11287707,
"        Female",,7813782,,8999844,,10164661,,11222468,,12225991,,13178900,
"    Hispanic",,7998062,,8854010,,11956854,,15677988,,19181910,,22949502,
"        Male",,3923600,,4353052,,6003930,,8022134,,9674049,,11452968,
"        Female",,4074628,,4500532,,5952924,,7655854,,9507861,,11496534,
,,,,,,,,,,,,,
"Note: Because of estimation and other rounding procedures, some detail may not add to totals and may not match precisely totals in other tables.",,,,,,,,,,,,,
