"Bureau of Justice Statistics",,,,,,,,,,,,,,,
"filename:  cv0089.csv",,,,,,,,,,,,,,,
"Table 89: Percent distribution of victimizations resulting in loss of time from work,",,,,,,,,,,,,,,,
"by type of crime and number of days lost",,,,,,,,,,,,,,,
"data source: National Criminal Victimization Survey, 2000   NCJ 188290",,,,,,,,,,,,,,,
"produced by:  Cathy Maston ",,,,,,,,,,,,,,,
"authors:  Patsy Klaus and Cathy Maston",,,,,,,,,,,,,,,
"refer questions to:  askbjs@ojp.usdoj.gov     202-307-0765",,,,,,,,,,,,,,,
"date of version: 07/13/01",,,,,,,,,,,,,,,
,,,,,,,,,,,,,,,
,,,,,,,,,,,,,,,
"Table 89. Selected personal and property crimes, 2000:",,,,,,,,,,,,,,,
,,,,,,,,,,,,,,,
"Percent distribution of victimizations resulting in loss of time from work,",,,,,,,,,,,,,,,
"by type of crime and number of days lost",,,,,,,,,,,,,,,
,,,,,,,,,,,,,,,
,,,,"                                                                             Percent of victimizations",,,,,,,,,,,
,,,,,,,,,,,,,,"Not known",
,,"Number of",,,,"Less than",,"1-5",,"6-10",,"11 days",,"and not",
"Type of crime         ",,"victimizations",,"         Total",,"1 day",,"days",,"days",,"or more",,"available",
,,,,,,,,,,,,,,,
,,,,,,,,,,,,,,,
"All personal crimes/a",,583580,,100,"%",22.2,"%",54.2,"%",5.8,"%",12.4,"%",5.3,"%"
,,,,,,,,,,,,,,,
"Crimes of violence",,549400,,100,"%",22.3,,53.4,,6.2,,13.2,,4.9,
"  Completed violence",,319190,,100,"%",9.9,,58.7,,8.9,,17.4,,5.1,"*"
"  Attempted/threatened violence",,230210,,100,"%",39.6,,46.0,,2.5,"*",7.4,"*",4.6,"*"
"  Rape/Sexual assault/b",,28990,,100,"%","0.0 ","*",53.8,"*",9.4,"*",36.8,"*","0.0 ","*"
"  Robbery",,107140,,100,"%",12.3,"*",63.8,,10.0,"*",7.6,"*",6.3,"*"
"  Assault",,413270,,100,"%",26.5,,50.6,,5.0,"*",13.0,,4.9,"*"
,,,,,,,,,,,,,,,
"All property crimes",,977340,,100,"%",41.8,"%",48.7,"%",3.8,"%",2.4,"%*",3.4,"%"
,,,,,,,,,,,,,,,
"  Completed",,916270,,100,"%",41.5,,48.6,,3.8,,2.6,"*",3.6,
"  Attempted",,61070,,100,"%",46.4,,50.1,,3.5,"*","0.0 ","*","0.0 ","*"
"  Household burglary",,221180,,100,"%",22.6,,64.2,,7.0,"*",2.0,"*",4.2,"*"
"  Motor vehicle theft",,174220,,100,"%",24.8,,61.5,,7.5,"*",3.8,"*",2.4,"*"
"  Theft",,581940,,100,"%",54.1,,39.0,,1.4,"*",2.2,"*",3.3,"*"
,,,,,,,,,,,,,,,
,,,,,,,,,,,,,,,
"Note: Detail may not add to total shown because of rounding.",,,,,,,,,,,,,,,
"*Estimate is based on about 10 or fewer sample cases.",,,,,,,,,,,,,,,
"a/Includes data on purse snatching/pocket picking, not shown separately.",,,,,,,,,,,,,,,
"b/Includes verbal threats of rape and threats of sexual assault.",,,,,,,,,,,,,,,
