"Bureau of Justice Statistics",,,,,,,,,,,,,,,,,,,
"filename:  cv0073.csv",,,,,,,,,,,,,,,,,,,
"Table 73: Percent distribution of victimizations in which",,,,,,,,,,,,,,,,,,,
"self-protective measures taken by the victim were helpful",,,,,,,,,,,,,,,,,,,
"data source: National Criminal Victimization Survey, 2000   NCJ 188290",,,,,,,,,,,,,,,,,,,
"produced by:  Cathy Maston ",,,,,,,,,,,,,,,,,,,
"authors:  Patsy Klaus and Cathy Maston",,,,,,,,,,,,,,,,,,,
"refer questions to:  askbjs@ojp.usdoj.gov     202-307-0765",,,,,,,,,,,,,,,,,,,
"date of version: 07/13/01",,,,,,,,,,,,,,,,,,,
,,,,,,,,,,,,,,,,,,,
,,,,,,,,,,,,,,,,,,,
"Table 73. Personal crimes of violence, 2000:",,,,,,,,,,,,,,,,,,,
,,,,,,,,,,,,,,,,,,,
"Percent distribution of victimizations in which",,,,,,,,,,,,,,,,,,,
"self-protective measures taken by the victim were helpful",,,,,,,,,,,,,,,,,,,
"       ",,,,,,,,,,,,,,,,,,,
,,,,"                                                                                                             Percent of victimizations",,,,,,,,,,,,,,,
,,,,,,"Avoided",,,,,,,,,,,,,
"       ",,,,,,"injury",,,,,,,,"Protected",,,,,
"                                                                                                          ",,"Number of",,,,"or greater",,"Scared",,,,"Protected",,"other",,"In other",,"Not",
"Type of crime",,"victimizations",,"        Total",,"injury",,"offender off",,"Escaped",,"property",,"people",,"ways",,"available",
,,,,,,,,,,,,,,,,,,,
,,,,,,,,,,,,,,,,,,,
"Crimes of violence",,4029510,,100,"%",47.7,"%",15.0,"%",17.5,"%",4.3,"%",5.5,"%",9.5,"%",0.6,"%*"
,,,,,,,,,,,,,," ",,,,,
"   Rape/Sexual assault/a",,166760,,100,,37.5,,18.1,,30.9,,"0.0 ","*",3.8,"*",9.8,"*","0.0 ","*"
"   Robbery",,434720,,100,,40.3,,17.7,,15.1,,10.9,,4.6,"*",10.5,,0.9,"*"
"   Assault",,3428020,,100,,49.1,,14.5,,17.1,,3.6,,5.7,,9.4,,0.5,"*"
"      Aggravated",,991270,,100,,52.2,,13.5,,15.8,,4.0,,6.6,,6.9,,1.0,"*"
"      Simple",,2436760,,100,,47.9,,14.9,,17.7,,3.5,,5.3,,10.4,,0.4,"*"
,,,,,,,,,,,,,,,,,,,
,,,,,,,,,,,,,,,,,,,
"Note: Detail may not add to total shown because of rounding.",,,,,,,,,,,,,,,,,,,
"Excludes victimizations in which no self-protective actions were taken.",,,,,,,,,,,,,,,,,,,
"*Estimate is based on about 10 or fewer sample cases.",,,,,,,,,,,,,,,,,,,
"a/Includes verbal threats of rape and threats of sexual assault.",,,,,,,,,,,,,,,,,,,
