"Bureau of Justice Statistics",,,,
"filename:  cv0087.csv",,,,
"Table 87: Percent of victimizations resulting in",,,,
"loss of time from work, by type of crime",,,,
"data source: National Criminal Victimization Survey, 2000   NCJ 188290",,,,
"produced by:  Cathy Maston ",,,,
"authors:  Patsy Klaus and Cathy Maston",,,,
"refer questions to:  askbjs@ojp.usdoj.gov     202-307-0765",,,,
"date of version: 07/13/01",,,,
,,,,
,,,,
"Table 87. Selected personal and property crimes, 2000:",,,,
,,,,
"Percent of victimizations resulting in",,,,
"loss of time from work, by type of crime",,,,
,,,,
,,,"Percent of all",
"Type of crime         ",,,"victimizations",
"All personal crimes/a",,,8.8,"%"
,,,,
"Crimes of violence",,,8.7,
"   Completed violence",,,15.6,
"   Attempted/threatened violence",,,5.4,
"   Rape/Sexual assault/b",,,11.1,
"   Robbery",,,14.6,
"      Completed/property taken",,,15.8,
"         With injury",,,27.5,
"         Without injury",,,10.5,
"      Attempted to take property",,,11.9,"*"
"         With injury",,,28.2,"*"
"         Without injury",,,4.5,"*"
"   Assault",,,7.8,
"      Aggravated",,,12.0,
"      Simple",,,6.4,
,,,,
"All property crimes                         ",,,5.1,"%"
,,,,
"   Household burglary                                ",,,6.4,
"      Completed                            ",,,7.1,
"         Forcible entry                     ",,,14.3,
"         Unlawful entry without force       ",,,3.2,
"      Attempted forcible entry             ",,,2.5,"*"
"   Motor vehicle theft                     ",,,18.6,
"      Completed                            ",,,22.6,
"      Attempted                            ",,,9.9,
"   Theft",,,3.9,
"      Completed",,,3.9,
"         Less than $50",,,1.7,
"         $50 - $249",,,2.9,
"         $250 or more",,,8.9,
"         Amount not available",,,4.2,
"      Attempted",,,3.0,"*"
,,,,
"Note: Detail may not add to total shown because of rounding.",,,,
"*Estimate is based on about 10 or fewer sample cases.",,,,
"a/Includes data on purse snatching/pocket picking, not shown separately.",,,,
"b/Includes verbal threats of rape and threats of sexual assault.",,,,
