"Bureau of Justice Statistics",,,,,,,,
"filename:  cv0077.csv",,,,,,,,
"Table 77: Percent of victimizations in which victims incurred medical",,,,,,,,
"expenses, by selected characteristics of victims and",,,,,,,,
"type of crime",,,,,,,,
"data source: National Criminal Victimization Survey, 2000   NCJ 188290",,,,,,,,
"produced by:  Cathy Maston ",,,,,,,,
"authors:  Patsy Klaus and Cathy Maston",,,,,,,,
"refer questions to:  askbjs@ojp.usdoj.gov     202-307-0765",,,,,,,,
"date of version: 07/13/01",,,,,,,,
,,,,,,,,
"Table 77. Personal crimes of violence, 2000:",,,,,,,,
,,,,,,,,
"Percent of victimizations in which victims incurred medical",,,,,,,,
"expenses, by selected characteristics of victims and",,,,,,,,
"type of crime",,,,,,,,
,,,,,,,,
,,,"                      Percent of victimizations",,,,,
,,," Crimes of",,,,,
"Characteristic",,," violence/a",,"  Robbery",,"  Assault",
,,,,,,,,
,,,,,,,,
"Race",,,,,,,,
,"All races/b",,7.6,"%",14.5,"%",5.9,"%"
,"White",,7.2,,14.8,,5.5,
,"Black",,8.3,,12.8,,6.3,
,,,,,,,,
"Victim-offender relationship",,,,,,,,
,"Strangers",,7.6,,13.9,,5.9,
,"Nonstrangers",,7.7,,16.4,,5.8,
,,,,,,,,
"Note: Data includes victimizations in which the amount of medical expenses",,,,,,,,
"incurred was not ascertained.",,,,,,,,
"a/Includes data on rape and sexual assault, not shown separately.",,,,,,,,
"b/Includes data on persons of ""Other"" races, not shown separately.",,,,,,,,
