"Bureau of Justice Statistics",,,,,,,,,,,,,,,,,
"filename:  ncrp0115.csv",,,,,,,,,,,,,,,,,
"NCRP0115 -  Successful first State parole discharges, 2001:  Sentence length and time served, by offense",,,,,,,,,,,,,,,,,
"data source:  National Corrections Reporting Program, 2001",,,,,,,,,,,,,,,,,
"author:  Timothy Hughes ",,,,,,,,,,,,,,,,,
"refer questions to:  askbjs@usdoj.gov      202-307-0765",,,,,,,,,,,,,,,,,
"date of version 05/07/04",,,,,,,,,,,,,,,,,
,,,,,,,,,,,,,,,,,
,,,,,,,"Successful State parole discharges",,,,,,,,,,
,,"Maximum sentence length",,,,"Time served in prison",,,,"Time served on parole",,,,,,,
"Most serious offense","Number","Median\1",," Mean\2",,"Median",," Mean",,"Median",,"  Mean",,"Mean time under correctional supervision\3",,"Mean percent of total time served on parole",
,,,,,,,,,,,,,,,,,
"         All offenses",83937,48,"mos.",65,"mos.",17,"mos.",27,"mos.",24,"mos.",27,"mos.",54,"mos.",54.6,"%"
,,,,,,,,,,,,,,,,,
"Violent offenses",20914,60,"mos.",93,"mos.",32,"mos.",44,"mos.",24,"mos.",29,"mos.",73,"mos.",43.8,"%"
"   Homicide",2375,132,,159,,64,,74,,36,,38,,111,,37.2,
"      Murder/nonnegligent manslaughter",1555,180,,188,,77,,88,,36,,41,,128,,34.2,
"         Murder",1067,180,,206,,85,,94,,36,,38,,133,,31.4,
"         Nonnegligent manslaughter",488,132,,150,,67,,73,,36,,46,,119,,40.3,
"      Negligent manslaughter",805,84,,108,,37,,47,,24,,32,,80,,42.7,
"      Unspecified homicide",15,60,,76,,18,,24,,28,,28,,52,,57.8,
"   Kidnapping",454,60,,97,,34,,51,,24,,26,,77,,40.8,
"   Rape",1221,84,,110,,49,,62,,32,,36,,98,,38.4,
"   Other sexual assault",2463,60,,81,,31,,40,,34,,30,,69,,46.1,
"   Robbery",6814,72,,104,,38,,48,,24,,29,,78,,41.7,
"   Assault",6651,48,,65,,22,,31,,19,,24,,55,,47.3,
"   Other violent",936,40,,52,,18,,24,,22,,25,,49,,53.3,
,,,,,,,,,,,,,,,,,
"Property offenses",21368,48,"mos.",60,"mos.",15,"mos.",23,"mos.",23,"mos.",27,"mos.",51,"mos.",57.2,"%"
"   Burglary",8958,58,,73,,18,,29,,24,,30,,59,,55.0,
"   Larceny/theft",5393,36,,48,,12,,19,,16,,26,,44,,59.2,
"   Motor vehicle theft",1473,36,,44,,14,,21,,24,,27,,47,,59.1,
"   Arson",518,60,,85,,22,,33,,24,,29,,62,,52.3,
"   Fraud",3607,36,,52,,11,,17,,18,,26,,43,,60.4,
"   Stolen property",897,36,,46,,14,,22,,16,,23,,45,,53.6,
"   Other property",522,36,,47,,12,,19,,18,,22,,41,,57.8,
,,,,,,,,,,,,,,,,,
"Drug offenses",31389,48,"mos.",57,"mos.",14,"mos.",20,"mos.",24,"mos.",28,"mos.",49,"mos.",59.4,"%"
"   Possession",9093,48,,52,,11,,16,,24,,30,,46,,65.3,
"   Trafficking",17194,48,,64,,18,,24,,24,,29,,53,,55.9,
"   Other/unspecified drug",5102,24,,38,,10,,15,,15,,22,,37,,60.9,
,,,,,,,,,,,,,,,,,
"Public-order offenses",9559,36,"mos.",43,"mos.",12,"mos.",17,"mos.",14,"mos.",21,"mos.",38,"mos.",56.1,"%"
"   Weapons",2558,36,,48,,16,,22,,18,,23,,45,,53.4,
"   Driving while intoxicated",4349,36,,37,,11,,14,,14,,19,,33,,58.0,
"   Other public-order",2652,36,,46,,12,,19,,13,,21,,40,,55.7,
,,,,,,,,,,,,,,,,,
"Other offenses",707,36,"mos.",54,"mos.",12,"mos.",19,"mos.",24,"mos.",28,"mos.",47,"mos.",62.1,"%"
" ",,,,,,,,,,,,,,,,,
,,,,,,,,,,,,,,,,,
"1\Includes sentences of life without parole, life plus additional years, life, and death.",,,,,,,,,,,,,,,,,
"2\Excludes sentences of life without parole, life plus additional years, life, and death.",,,,,,,,,,,,,,,,,
"3\Excludes time spent in jail.",,,,,,,,,,,,,,,,,
,,,,,,,,,,,,,,,,,
"In 2001, 37 States submitted a total of 530,160 admissions to prison, 37 States submitted a total of 517,314 releases from prison, and 29 States submitted a total of 320,270 discharges from parole.",,,,,,,,,,,,,,,,,
