"Bureau of Justice Statistics",,,,,,
"filename:  dwiocs4.csv",,,,,,
"Table 4.  Number of DWI offenders on probation or in jail or prison, 1986, 1990, and 1997",,,,,,
"report title: DWI Offenders under Correctional Supervision, NCJ 172212",,,,,,
"data source: Annual Probation Survey, 1995 Survey of Adults on Probation, Annual survey of Jails,1996 Survey of Inmates in Local Jails, NPS-11997 Survey of Inmates in State Correctional Facilities",,,,,,
"author:  Laura M. Maruschak",,,,,,
"refer questions to: askbjs@ojp.usdoj.gov (202) 307-0765",,,,,,
"date of version: 05/25/99",,,,,,
,,,,,,
"Table 4.  Number of DWI offenders on probation or in jail or prison, 1986, 1990, and 1997",,,,,,
,"DWI offenders, 1997",,"DWI offenders, 1990",,"DWI offenders, 1986",
,"Estimated number","Percent ","Estimated number","Percent","Estimated number","Percent "
"Total",513200,100,593000,100,270100,100
"  Probationers\a",454500,88.6,548900,92.5,248200,91.9
"     Felons",78200,15.5,"--","--","--","--"
"     Misdemenants",376300,73.3,"--","--","--","--"
"  Jail inmates\b",41100,8.0,34500,5.8,18600,6.9
"     convicted",33600,6.5,31200,6.6,16300,7.6
"     uncovicted",7500,1.5,3300,0.7,2300,1.1
"  Prisoners\c",17600,3.4,9600,1.7,3300,1.2
"--Not Available.",,,,,,
"a Based on estimates from the Survey of Adults on Probation, 1995, and counts from the Annual Probation",,,,,,
"Survey, 1986, 1990, and 1997. ",,,,,,
"b Based on estimates from the Survey of Inmates in Local Jails, 1983, 1989, and 1996, and adjusted",,,,,,
"to the 1986, 1990 and 1996 estmates from the Annual Survey of Jails. ",,,,,,
"c Based on estimates from the Survey of Inmates in State Adult Correctional Facilities, 1986, 1991, and 1997 and ",,,,,,
"adjusted to the yearend custody counts reported  in the National Prisoner Statistics (NPS-1), 1986, 1990, 1997.",,,,,,
