"Bureau of Justice Statistics",,,,
"filename:  dwiocs19.csv",,,,
"Table 19.  Mental health treatment received by offenders on probation  and in local jails",,,,
"report title: DWI Offenders under Correctional Supervision, NCJ 172212",,,,
"data source:  1995 Survey of Adults on Probation, 1996 Survey of Inmates in Local Jails",,,,
"author:  Laura M. Maruschak",,,,
"refer questions to: askbjs@ojp.usdoj.gov (202) 307-0765",,,,
"date of version: 05/25/99",,,,
,,,,
"Table 19.  Mental health treatment received by offenders on probation and in local jails",,,,
,,,,
,"Percent of probationers ",,"Percent of jail inmates",
" Mental health treatment","DWI offenders","Other offenders","DWI offenders","Other offenders"
"Ever received any mental health treatment",15.0,22.9,20.4,25.5
"Received mental health treatment ",,,,
"since sentence began",3.9,8.8,10.1,11.3
"Took prescribed medication",,,,
"Ever",8.0,12.7,13.6,17.6
"Since sentence began",3.6,7.2,8.4,9.1
"Admitted to a mental hospital",,,,
"Ever",4.8,9.1,8.9,10.2
"Since sentence began",0.5,2.3,1.3,1.4
"Received individual/group counseling",,,,
"Ever",14.1,20.9,12.2,19.0
"Since sentence began",4.2,11.8,2.4,4.6
"Received other mental health services",,,,
"Ever",1.6,3.5,1.8,3.0
"Since sentence began",0.4,2.1,0.1,0.5
