"Bureau of Justice Statistics",,,,,,,,,,,
"filename:  dwiocs12.csv",,,,,,,,,,,
"Table 12.  Usual drinking behavior of DWI offenders on probation and jail inmates convicted of DWI, by amount of ethanol consumed prior to arrest",,,,,,,,,,,
"report title: DWI Offenders under Correctional Supervision, NCJ 172212",,,,,,,,,,,
"data source:  1995 Survey of Adults on Probation, 1996 Survey of Inmates in Local Jails",,,,,,,,,,,
"author:  Laura M. Maruschak",,,,,,,,,,,
"refer questions to: askbjs@ojp.usdoj.gov (202) 307-0765",,,,,,,,,,,
"date of version: 05/25/99",,,,,,,,,,,
,,,,,,,,,,,
"Table 12.  Usual drinking behavior of DWI offenders on probation and jail inmates convicted of DWI, by amount of ethanol consumed prior to arrest",,,,,,,,,,,
,,,,,,,,,,,
,,"Percent of DWI probationers, by amount of",,,,,,"Percent of DWI convicted jail inmates, by",,,
,,"ethanol consumed prior to arrest",,,,,"All DWI","amount of ethanol consumed prior to arrest",,,
"Frequency of ","All DWI","0.01-1.99","2-4.99","5-9.99","10 or more",,"convicted","Less than","2-4.9","5-9.9","10 or more"
"usual drinking","probationers","ounces","ounces","ounces","ounces",,"jail inmates","2 ounces","ounces","ounces","ounces"
"Total",100,100,100,100,100,,100,100,100,100,100
"Daily",30.6,19.7,25.8,34.0,48.2,,39.8,21.4,35.2,42.1,51.5
"Once a week",50.8,53.3,54.0,50.9,45.1,,43.9,59.0,39.0,49.1,39.1
"Less than once a week",5.6,3.0,7.4,4.8,2.2,,5.2,2.5,6.4,3.1,3.3
"Once a month",6.5,12.8,6.4,5.5,0,,8.5,7.8,16.9,2.9,5.7
"Less than once a month",6.6,11.2,6.4,4.8,4.5,,2.6,9.3,2.5,2.9,0.4
"Note: Percents may not add to 100% because of rounding.  Only jail inmates convicted of DWI reported frequency ",,,,,,,,,,,
"of drinking alcohol and amount of alcohol consumed prior to arrest.",,,,,,,,,,,
