"Bureau of Justice Statistics",,,
"filename:  dwiocs1.csv",,,
"Table 1. Number of licensed drivers, number of arrests for driving",,,
"under the influence of alcohol or drugs (DUI), and rate of arrest",,,
"of arrest for DUI, 1986-97",,,
"title: DWI Offenders under Correctional Supervision, NCJ 172212",,,
"data source:  Crime in the United States, Highway Statistics",,,
"author:  Laura M. Maruschak",,,
"refer questions to: askbjs@ojp.usdoj.gov (202)307-0765",,,
"date of version: 05/25/99",,,
,,,
"Table 1. Number of licensed drivers, number of arrests for driving",,,
"under the influence of alcohol or drugs (DUI), and rate of arrest",,,
"of arrest for DUI, 1986-97",,,
,"Number of ","Number of","Rate of arrest"
,"licensed","arrests","for DUI per"
"Year","drivers*","for DUI","100,000 drivers"
1986,159486,1793300,1124
1987,161816,1727200,1067
1988,162854,1792500,1101
1989,165554,1736200,1049
1990,167015,1810800,1084
1991,168995,1771400,1048
1992,173125,1624500,938
1993,173149,1524800,881
1994,175403,1384600,789
1995,176628,1436000,813
1996,179539,1467300,817
1997,182709,1477300,809
"Percent change",,,
"1986-97",14.6,-17.6,-28.0
"Average annual",,,
"change 1986-96",1.2,-1.7,-2.9
"*Estimated in thousands",,,
"Sources:  FBI Crime in the United States (1986-1996).",,,
"Federal Highway Administration, Highway Statistics (1986-97).",,,
