"Bureau of Justice Statistics",,
"filename:  dwiocs18.csv",,
"Table 18.  Alcohol and drug treatment of DWI offenders on probation and in local jails",,
"report title: DWI Offenders under Correctional Supervision, NCJ 172212",,
"data source:  1995 Survey of Adults on Probation, 1996 Survey of Inmates in Local Jails",,
"author:  Laura M. Maruschak",,
"refer questions to: askbjs@ojp.usdoj.gov (202) 307-0765",,
"date of version: 05/25/99",,
,,
"Table 18.  Alcohol and drug treatment of DWI offenders on probation and",,
"in local jails",,
,"Percent of DWI offenders",
"Type of treatment or program","Probationers","Jail inmates"
"Ever in any alcohol/drug program or treatment",72.4,78.1
"Ever any alcohol/drug treatment\a",61.2,55.2
"Since sentence began",,
"  alcohol treatment",46.4,4.2
"  drug treatment",8.2,1.6
"Ever any alcohol/drug program\b",70.8,66.7
"Since sentence began",,
"  alcohol program",61.7,17.3
"  drug program",6.6,5.0
"aTreatment includes residential facilities, professional counseling, detoxification, ",,
"or use of maintenance drugs.",,
"b Programs include self-help groups, peer counseling and education/awareness programs.",,
