Bureau of Justice Statistics,,,
Filename:  cfjs032_04.csv,,,
"Table 2.4.  Basis for declination of prosecution by U.S. attorneys,  October 1, 2002 - September 30, 2003",,,
"Report title:  Compendium of Federal Justice Statistics, 2003  NCJ 210299",,,
Data source:  Federal justice statistics database maintained by The Urban Institute,,,
Author:  Urban Institute under the supervision of BJS,,,
Refer questions to:  askbjs@usdoj.gov  202-307-0765,,,
"Date of version:  October 23, 2005",,,


"Table 2.4.  Basis for declination of prosecution by U.S. attorneys,  October 1, 2002 - September 30, 2003",,,

,Suspects in criminal matters declined by U.S. attorneys,,
Basis for declination,Number,Percent/a,
       Total declinations/b,"33,602",100,%
No crime,"7,086",21.6,
    No true bill returned,50,0.2
    No Federal offense,"1,494",4.6
    Lack of criminal intent,"5,542",16.9
Referred or handled in other prosecution,"6,795",20.7
    Removed,"1,533",4.7
    Prosecuted on other charges,"1,274",3.9
    Prosecuted by other authorities,"3,988",12.2
Alternative resolution,"1,147",3.5
    Restitution,106,0.3
    Civil or administrative alternative,514,1.6
    Pretrial diversion,527,1.6
Suspect-related reasons,"1,424",4.3
    Suspect serving sentence,595,1.8
    No known suspect,448,1.4
    Suspect a fugitive,102,0.3
    Suspect deceased,221,0.7
    Suspect deported,58,0.2
Case-related reasons,"8,373",25.5
    Stale case,497,1.5
    Weak evidence,"7,042",21.5
    Statute of limitations exceeded,228,0.7
    Jurisdiction or venue problems,261,0.8
    Witness problems,345,1.1
All other reasons,"7,951",24.3
    Minimal Federal interest,"1,174",3.6
    Petite policy,232,0.7
    Lack of resources,"1,884",5.7
    DOJ policy,412,1.3
    U.S. attorney policy,874,2.7
    Agency request,"2,985",9.1
    Juvenile suspect,80,0.2
"    Offender's health, age, prior record, or other personal circumstances",112,0.3
    Suspect's cooperation,198,0.6
Unknown or indeterminable reason,826,

"Note:  For further information, see Chapter notes, items 1 and 2, p. 37",,
a/Percent based on suspects for whom a basis for declination could be determined.,,
"b/Includes 826 suspects for whom basis for declination could not be determined; Chapter notes, item 4, p. 37",,
"c/The data on declinations due to a lack of resources are not directly comparable to data in the 1998 or prior compendia. See Chapter notes, item 5, p. 37",,
"Source:  Executive Office for U.S. Attorneys, central system file.",,
