Bureau of Justice Statistics,,,,,,,,,,,,
Filename:  cfjs032_05.csv,,,,,,,,,,,,
"Table 2.5.  Disposition of matters declined for prosecution by U.S. attorneys, by offense,  October 1, 2002 - September 30, 2003",,,,,,,,,,,,
"Report title:  Compendium of Federal Justice Statistics, 2003  NCJ 210299",,,,,,,,,,,,
Data source:  Federal justice statistics database maintained by The Urban Institute,,,,,,,,,,,,
Author:  Urban Institute under the supervision of BJS,,,,,,,,,,,,
Refer questions to:  askbjs@usdoj.gov  202-307-0765,,,,,,,,,,,,
"Date of version:  October 23, 2005",,,,,,,,,,,,


"Table 2.5.  Disposition of matters declined for prosecution by U.S. attorneys, by offense,  October 1, 2002 - September 30, 2003",,,,,,,,,,,,

,Number of suspects in declined matters,,,,Percent of suspects in declined matters,,,,,,,
Most serious offense investigated/a,Total/b,Referred or handled in other prosecution/c,"Resolved with restitution, civil/administrative procedure, pre-trial diversion",Other,Total/b,,Referred or handled in other prosecution/c,,"Resolved with restitution, civil/administrative procedure, pre-trial diversion",,   Other,
       All offenses/d,"33,602","6,795","1,147","24,834",100,%,20.7,%,3.5,%,75.8,%
Violent offenses,"2,231",341,16,"1,819",100,,15.7,,0.7,,83.6,
    Murder/e,368,41,1,297,100,,12.1,,0.3,,87.6
    Assault,591,66,11,509,100,,11.3,,1.9,,86.9
    Robbery,510,153,3,336,100,,31.1,,0.6,,68.3
    Sexual abuse/e,475,27,1,447,100,,5.7,,0.2,,94.1
    Kidnaping,142,43,0,96,100,,30.9,,0,,69.1
    Threats against the President,145,11,0,134,100,,7.6,,0,,92.4
Property offenses,"11,307","1,704",715,"8,770",100,,15.2,,6.4,,78.4
    Fraudulent,"10,196","1,498",675,"7,914",100,,14.9,,6.7,,78.5
       Embezzlement,"1,303",74,214,"1,004",100,,5.7,,16.6,,77.7
       Fraud/e,"8,217","1,274",414,"6,437",100,,15.7,,5.1,,79.2
       Forgery,442,91,44,302,100,,20.8,,10.1,,69.1
       Counterfeiting,234,59,3,171,100,,25.3,,1.3,,73.4
    Other,"1,111",206,40,856,100,,18.7,,3.6,,77.7
       Burglary,19,3,0,16,100,,15.8,,0,,84.2
       Larceny/e,481,86,20,375,100,,17.9,,4.2,,78
       Motor vehicle theft,154,48,2,103,100,,31.4,,1.3,,67.3
       Arson and explosives,371,52,10,307,100,,14.1,,2.7,,83.2
       Transportation of stolen property,22,4,0,18,100,,18.2,,0,,81.8
       Other property offenses/e,64,13,8,37,100,,22.4,,13.8,,63.8
Drug offenses,"6,852","1,960",31,"4,661",100,,29.5,,0.5,,70.1
Public-order offenses,"8,306","1,538",317,"6,068",100,,19.4,,4,,76.6
    Regulatory,"2,816",269,143,"2,311",100,,9.9,,5.3,,84.9
       Agriculture,9,0,0,9,--,,--,,--,,--
       Antitrust,3,0,0,3,--,,--,,--,,--
       Food and drug,75,4,8,60,100,,5.6,,11.1,,83.3
       Transportation,55,9,5,41,100,,16.4,,9.1,,74.5
       Civil rights,"1,167",58,17,"1,091",100,,5,,1.5,,93.6
       Communications,41,5,0,36,100,,12.2,,0,,87.8
       Custom laws,109,17,20,72,100,,15.6,,18.3,,66.1
       Postal laws,40,3,8,29,100,,7.5,,20,,72.5
       Other regulatory offenses,"1,317",173,85,970,100,,14.1,,6.9,,79
    Other,"5,490","1,269",174,"3,757",100,,24.4,,3.3,,72.3
       Tax law violations/e,256,49,8,197,100,,19.3,,3.1,,77.6
       Bribery,168,12,9,146,100,,7.2,,5.4,,87.4
"       Perjury, contempt, and intimidation",256,22,9,219,100,,8.8,,3.6,,87.6
       National defense,295,32,33,217,100,,11.3,,11.7,,77
       Escape,565,305,5,238,100,,55.7,,0.9,,43.4
       Racketeering and extortion,"1,824",235,31,"1,532",100,,13.1,,1.7,,85.2
       Gambling,81,13,6,62,100,,16,,7.4,,76.5
       Liquor offenses,2,0,0,2,--,,--,,--,,--
       Nonviolent sex offenses,873,187,14,661,100,,21.7,,1.6,,76.7
       Obscene material/e,14,2,0,12,100,,14.3,,0,,85.7
       Traffic,2,0,0,2,--,,--,,--,,--
       Wildlife,124,30,10,80,100,,25,,8.3,,66.7
       Environmental,10,1,0,9,--,,--,,--,,--
"       Conspiracy, aiding and abetting, and jurisdictional offenses",219,33,21,142,100,,16.8,,10.7,,72.4
       All other offenses/e,801,348,28,238,100,,56.7,,4.6,,38.8
Weapon offenses,"3,538","1,102",27,"2,375",100,,31.4,,0.8,,67.8
Immigration offenses,"1,137",116,14,980,100,,10.5,,1.3,,88.3
Unknown or indeterminable offense,231,34,27,161,100,,15.3,,12.2,,72.5

"Note:  For further information, see Chapter notes, items 1 and 2, p. 37.",,,,,,,,,,,
 --Too few cases to obtain statistically reliable data.,,,,,,,,,,,
"a/See Chapter notes, item 3, p 37 and ""Offense classifications"" in Methodology.",,,,,,,,,,,
b/Includes 826 suspects for whom a reason for declination could not be determined.,,,,,,,,,,,
"c/Includes suspects in matters removed, prosecuted on other charges, prosecuted by other authorities, complaints filed with other indictments, youthful offenders, and those transferred to State authority.",,,,,,,,,,,
"d/Includes 231 suspects for whom an offense category could not be determined. These include 34 referred or handled in other prosecution; 27 resolved with restitution civil/administrative procedure, or pretrial diversion; and 161 settled through another method.  See Chapter notes, item 4, p. 37",,,,,,,,,,,
"e/In this table, ""Murder"" includes nonnegligent manslaughter; ""Sexual abuse"" includes only violent sex offenses; ""Fraud"" excludes tax fraud; ""Larceny"" excludes transportation of stolen property; ""Other property offenses"" excludes fraudulent property offenses, and includes destruction of property and trespassing; ",,,,,,,,,,,
"""Tax law violations"" includes tax fraud; ""Obscene material"" denotes the mail or transport thereof; and ""All other offenses"" includes offenses with unclassifiable offense type.",,,,,,,,,,,
"Source:  Executive Office for U.S. Attorneys, central system file.",,,,,,,,,,,
