"Bureau of Justice Statistics",,,,,,,,
"filename:  cpu97123.csv",,,,,,,,
"table: 1.23",,,,,,,,
"report title:  Correctional Populations in the United States, 1997  chapter 1  NCJ 177613",,,,,,,,
"data sources: National Corrections Reporting Program",,,,,,,,
"author:  Allen J. Beck",,,,,,,,
"refer questions to:  askbjs@ojp.usdoj.gov (202) 307-0765",,,,,,,,
"date of version: 2/28/2000",,,,,,,,
,,,,,,,,
,,,,,,,,
"Table 1.23.  Percent of sentenced prisoners admitted to State prisons,",,,,,,,,
"by the most serious offense, 1990-97",,,,,,,,
,,,,,,,,
"Most","Percent of new court commitments to State prison/a",,,,,,,
"serious offense",1990,1991,1992,1993,1994,"1995",1996,1997
,,,,,,,,
"          Total",100,100,100,100,100,100,100,100
,,,,,,,,
"Violent offenses",26.8,28.9,28.6,29.2,29.3,28.8,29.5,29.9
"     Murder/b",2.7,3.0,2.9,3.0,3.1,2.9,2.8,2.7
"     Negligent manslaughter",1.2,1.3,1.2,1.3,1.2,1.2,1.1,1.0
"     Sexual assault/c",5.5,5.6,5.7,6.0,6.1,5.9,6.0,6.2
"     Robbery",9.2,10.1,9.9,9.8,9.5,9.0,9.1,9.2
"     Aggravated assault",7.0,7.6,7.5,7.7,8.0,8.2,8.7,8.9
"     Other violent",1.3,1.4,1.3,1.4,1.6,1.6,1.8,1.9
,,,,,,,,
"Property offenses",32.3,31.1,31.2,30.5,29.6,29.5,29.0,28.3
"     Burglary",14.5,13.5,13.3,12.9,12.4,11.9,12.0,11.7
"     Larceny/theft",8.1,8.0,8.1,8.0,7.7,7.8,7.5,7.0
"     Motor vehicle theft",2.6,2.4,2.5,2.4,2.4,2.4,2.1,2.0
"     Fraud",3.9,3.8,3.8,3.8,3.9,4.1,4.1,4.0
"     Other property",3.2,3.4,3.6,3.4,3.2,3.3,3.3,3.5
,,,,,,,,
"Drug offenses",31.7,30.0,30.4,29.9,30.2,30.8,30.2,30.7
,,,,,,,,
"Public-order offenses",8.0,8.9,8.8,9.3,10.0,10.2,10.6,10.7
,,,,,,,,
"Other",1.1,1.1,1.1,1.1,0.9,0.7,0.7,0.4
,,,,,,,,
"Note:  Data are from the National Corrections Reporting Program and are based on the most serious offense as reported ",,,,,,,,
"by participating States.  Data may not sum to total due to rounding. ",,,,,,,,
"a/Includes only those with sentences of more than 1 year. ",,,,,,,,
"b/Includes nonnegligent manslaughter.",,,,,,,,
"c/Includes rape and other sexual assault.",,,,,,,,
