"Bureau of Justice Statistics",,,,,,,,,
"filename:  cpu97109.csv",,,,,,,,,
"table: 1.9",,,,,,,,,
"report title:  Correctional Populations in the United States, 1997  chapter 1  NCJ 177613",,,,,,,,,
"data sources: National Prisoner Statistics 1, Survey of Inmates in State or Federal Correctional Facilities",,,,,,,,,
"author:  Allen J. Beck",,,,,,,,,
"refer questions to:  askbjs@ojp.usdoj.gov (202) 307-0765",,,,,,,,,
"date of version:  12/29/99",,,,,,,,,
,,,,,,,,,
,,,,,,,,,
"Table 1.9. Estimated number of sentenced prisoners under State ",,,,,,,,,
"or Federal jurisdiction, by gender and race, 1990-97",,,,,,,,,
,,,,,,,,,
,"    Number of sentenced prisoners per 100,000 residents",,,,,,,,
,,,,"   Male",,,,"Female",
"Year","Total/a",,"All/b,c","White ","Black ",,"All/b,c","White ","Black "
,,,,,,,,,
"1990",297,,564,338,2234,,31,19,117
"1991",313,,595,352,2368,,33,19,129
"1992",332,,631,373,2499,,35,20,136
"1993 ",359,,685,402,2718,,40,23,155
"1994",389,,739,432,2923,,45,26,169
"1995",411,,781,449,3095,,47,27,176
"1996",427,,810,468,3164,,51,30,183
"1997",444,,840,491,3251,,53,32,192
,,,,,,,,,
"Note:  Sentenced prisoners are those with a sentence of more than 1 year.  ",,,,,,,,,
"Previously published numbers for 1996 have been revised.",,,,,,,,,
"a/Rates are based on the U.S. resident population on December 31 or each year.",,,,,,,,,
"b/Rates are based on the U.S. resident population on July 1 of each year, ",,,,,,,,,
"and have been adjusted for the Census undercount.",,,,,,,,,
"c/Includes Asians, Pacific Islanders, American Indians, Alaska Natives, and other",,,,,,,,,
"racial groups.",,,,,,,,,
,,,,,,,,,
"Midyear population estimates for the calculation of incarceration rates",,,,,,,,,
,,,,,,,,,
"Estimated resident population",,,"July 1 population (resident pop)",,,,,,
,"Male",,,,,"Female",,,
,"All ",,"White","Black",,"All","White","Black",
1990,121593000,,102391000,14478000,,127810000,106789000,16120000,
1991,122951000,,103324000,14724000,,129187000,107693000,16386000,
1992,124436000,,104341000,15001000,,130603000,108616000,16658000,
1993,125812000,,105285000,15251000,,131968000,109520000,16923000,
1994,127085000,,106155000,15489000,,133265000,110341000,17180000,
1995,128314000,,106994000,15721000,,134441000,111092000,17420000,
1996,129540000,,107813000,15952000,,135645000,111842000,17866000,
1997,131018000,,108893000,16121000,,136618000,112441000,17826000,
"Undercount",,,,,,,,,
"adjustment ",2398407,,1455301,752497,,1648148,869884,685301,
,,,,,,,,,
"Adjusted resident population",,,"July 1 population (resident pop)",,,,,,
,"Males",,,,,"Female",,,
,"All ",,"White","Black",,"All","White","Black",
1990,123991407,,103846301,15230497,,129458148,107658884,16805301,
1991,125349407,,104779301,15476497,,130835148,108562884,17071301,
1992,126834407,,105796301,15753497,,132251148,109485884,17343301,
1993,128210407,,106740301,16003497,,133616148,110389884,17608301,
1994,129483407,,107610301,16241497,,134913148,111210884,17865301,
1995,130712407,,108449301,16473497,,136089148,111961884,18105301,
1996,131938407,,109268301,16704497,,137293148,112711884,18551301,
1997,133416407,,110348301,16873497,,138266148,113310884,18511301,
