Bureau of Justice Statistics,,,,,,,
Filename: ppus22t03.csv,,,,,,,
"Table 3. Change in parole population, by jurisdiction, 2022",,,,,,,
"Report title: Probation and Parole in the United States, 2022� NCJ 308575",,,,,,,
"Data source: Bureau of Justice Statistics, Annual Parole Survey, 2022",,,,,,,
"Author: Danielle Kaeble, BJS Statistician",,,,,,,
Refer questions to: askbjs@usdoj.gov 202-307-0765,,,,,,,
Date of version: 5/30/24,,,,,,,
,,,,,,,
"Table 3. Change in parole population, by jurisdiction, 2022",,,,,,,
Jurisdiction,," January 1, 2022"," December 31, 2022",Change in population,Share of total decrease,,Number of jurisdictions
,U.S. total,"745,300","698,800","-46,500",~,,52
Jurisdictions with a decrease in persons on parole,,"568,900","518,900","-50,100",100,%,37
,New York/a,"39,800","25,600","-14,200",28.3,%,~
,California/b,"52,400","45,000","-7,400",14.7,,~
,Pennsylvania ,"80,600","75,600","-5,000",10,,~
,Texas,"104,277","100,595","-3,682",7.4,,~
,Ohio,"21,477","19,152","-2,325",4.6,,~
"Note: The U.S. total number of jurisdictions includes the 50 states, the District of Columbia, and the U.S. federal system. The five states with the largest decrease in their parole population are shown. See appendix table 10 for estimates for all jurisdictions.",,,,,,,
~Not applicable. ,,,,,,,
a/See Parole: Explanatory notes for 2022 for more detail. ,,,,,,,
b/California parole data for 2022 are not comparable to prior years. See Methodology.,,,,,,,
"Source: Bureau of Justice Statistics, Annual Parole Survey, 2022.",,,,,,,
