"Bureau of Justice Statistics",
"filename: jic02t01.csv",
"text table 1: American Indians and Alaska Natives under correctional supervision in the United States ",
"report title: Jails in Indian Country, 2002, NCJ 198997",
"data source: Survey of Jails in Indian Country, 2002",
"author: Todd D. Minton",
"refer questions to: askbjs@ojp.usdoj.gov (202) 307-0765",
"date of version: 10/28/03",
,
"Text table 1.  American Indians and Alaska Natives under correctional supervision in the United States ",
,
,"Number of American Indians and Alaska Natives"
,
"    Total",47724
,
"In custody, midyear 2002 ",22245
"  Local Jails*",6000
"  Jails in Indian country",2006
"  State prisons",12924
"  Federal prisons",1315
,
"Under community supervision",25479
"  State/Federal, 12/31/01",
"    Probation",20577
"    Parole",4828
"  Indian country, midyear 2002",74
,
"*Estimated from the Annual Survey of Jails, 2002.",
