"Bureau of Justice Statistics",,,,,,
"filename: jic02h01.csv",,,,,,
"highlights table 1: Persons under Indian country correctional supervision and inmate admissions, midyear 2001-2002 ",,,,,,
"report title: Jails in Indian Country, 2002, NCJ 198997",,,,,,
"data source: Survey of Jails in Indian Country, 2002",,,,,,
"author: Todd D. Minton",,,,,,
"refer questions to: askbjs@ojp.usdoj.gov (202) 307-0765",,,,,,
"date of version: 10/28/03",,,,,,
,,,,,,
"Highlights table 1.  Persons under Indian country correctional supervision and inmate admissions, midyear 2001-2002 ",,,,,,
"                                                                   ",,,,,,
,"Number of inmates, midyear",,,,"Percent change",
,2002,,2001,,,
,,,,,,
"     Total",2080,,2030,,2,"%"
,,,,,,
"In custody",2006,,1912,,5,"%"
"    Adult",1699,,1600,,6,
"    Juvenile",307,,312,,-2,
,,,,,,
"Community ",,,,,,
"supervision",74,,118,,-37,"%"
"",,,,,,
"Admissions, June 1-30",11822,,9697,"        ",22,"%"
