"Bureau of Justice Statistics",,,
"filename: jic0201.csv",,,
"table 1: Indian country jail inmate characteristics, midyear 2001-2002 ",,,
"report title: Jails in Indian Country, 2002, NCJ 198997",,,
"data source: Survey of Jails in Indian Country, 2002",,,
"author: Todd D. Minton",,,
"refer questions to: askbjs@ojp.usdoj.gov (202) 307-0765",,,
"date of version: 10/28/03",,,
,,,
"Table 1.  Indian country jail inmate characteristics, midyear 2001-2002",,,
,,,
,"     Number of persons",,
,2002,,2001
,,,
"   Total",2080,,2030
,,,
"In custody",2006,,1912
"  Adult",1699,,1600
"      Male",1399,,1366
"      Female",300,,234
"  Juvenile",307,,312
"      Male",219,,212
"      Female",88,,100
,,,
"  Convicted",1120,,1062
"  Unconvicted",857,,836
,,,
"  Felony",107,,113
"  Misdemeanor",1725,,1738
"  Other",174,,61
,,,
"  Violent offense",699,,"/"
"  DWI/DUI",226,,181
"  Drug law violation",126,,130
,,,
"Under community supervision",74,,118
,,,
"Note:  Omaha Tribal Police Department did not report conviction status in 2002.",,,
"/Not collected in 2001. ",,,
