"Bureau of Justice Statistics",,,,,,,
"filename:  hcrnt11.csv",,,,,,,
"Table 11.  Violent hate crime incidents by type of weapon, 1997-99",,,,,,,
"report title:  Hate Crimes Reported in NIBRS  NCJ  186765",,,,,,,
"data source:  NIBRS 1997-99",,,,,,,
"author:  Kevin Strom",,,,,,,
"refer questions to:  askbjs@ojp.usdoj.gov   (202) 307-0765",,,,,,,
"date of version:  09/01/01",,,,,,,
,,,,,,,
"Table 11.  Violent hate crime incidents by type of weapon, 1997-99",,,,,,,
,,,,,,,
,,"Most serious offense reported in incident ",,,,,
,"All ",,,,,,
,"violent "," ","Forcible",,"Aggravated","Simple ",
"Weapon type","incidents","Homicide","rape","Robbery","assault","assault","Intimidation"
,,,,,,,
"     Total",100%,100%,100%,100%,100%,100%,100%
,,,,,,,
"Weapon used in incident",18%,100%,17%,24%,70%,8%,0%
"     Firearm ",4%,67%,17%,3%,17%,0%,0%
"     Knife/sharp object",4%,0%,0%,8%,17%,0%,0%
"     Blunt object",4%,33%,0%,13%,19%,0%,0%
"     Motor vehicle",1%,0%,0%,0%,5%,0%,0%
"     Other weapon",5%,0%,0%,0%,11%,8%,0%
,,,,,,,
"Personal weapon ",35%,0%,83%,63%,27%,74%,0%
,,,,,,,
"No weapon/not reported",47%,0%,0%,13%,4%,18%,100%
,,,,,,,
"Note:  Personal weapons refer to cases in which offenders used hands, feet, or fists. ",,,,,,,
"Unit of count is violent incidents (n = 1,789).  For small number of incidents in which multiple weapons were ",,,,,,,
"reported, the most lethal weapon was selected, such as firearm or knife.  ",,,,,,,
