"Bureau of Justice Statistics",,,,,,
"filename:  hcrnt6.csv",,,,,,
"Table 6.  Relationship of victim to offender by most serious offense committed during incident, 1997-99",,,,,,
"report title:  Hate Crimes Reported in NIBRS  NCJ  186765",,,,,,
"data source:  NIBRS 1997-99",,,,,,
"author:  Kevin Strom",,,,,,
"refer questions to:  askbjs@ojp.usdoj.gov   (202) 307-0765",,,,,,
"date of version:  09/01/01",,,,,,
,,,,,,
"Table 6.  Relationship of victim to offender by most serious offense committed during incident, 1997-99",,,,,,
,,,,,,
,,"Primary victim/offender relationship",,,,
,,,"Intimate/",,,
,"Number of ",,"relative","Acquain-",,
"Most serious offense","victims","Total"," or friend","tance","Stranger","Unknown"
,,,,,,
"     All violent incidents",2204,100%,7%,38%,26%,30%
,,,,,,
"Homicide",3,100%,0%,33%,33%,33%
"Forcible rape",6,100%,0%,50%,50%,0%
"Robbery",42,100%,0%,12%,48%,40%
"Assault, aggravated",504,100%,7%,32%,34%,27%
"Assault, simple",815,100%,10%,45%,25%,19%
"Assault, intimidation",819,100%,2%,36%,21%,41%
"Kidnaping/abduction",4,100%,25%,0%,25%,50%
"Other sexual assault",11,100%,36%,45%,9%,9%
,,,,,,
"Note:  See Methodology for coding of victim-offender relationship involving multiple offenders",,,,,,
"Unit of count is victims of violence (n = 2,204).  ",,,,,,
