"Bureau of Justice Statistics",,,,,
"filename:  hcrnt3.csv",,,,,
"Table 3.  Most serious offense, by type of bias motivation, 1997-99",,,,,
"report title:  Hate Crimes Reported in NIBRS  NCJ  186765",,,,,
"data source:  NIBRS 1997-99",,,,,
"author:  Kevin Strom",,,,,
"refer questions to:  askbjs@ojp.usdoj.gov   (202) 307-0765",,,,,
"date of version:  09/01/01",,,,,
,,,,,
"Table 3.  Most serious offense, by type of bias motivation, 1997-99",,,,,
,,,,,
,"Type of bias motivation",,,,
"Most serious offense","Race","Religion","Ethnicity","Sexuality","Disability"
,,,,,
"Total ",100.0%,100.0%,100.0%,100.0%,100.0%
,,,,,
"Violent offenses ",66.1%,29.9%,69.3%,56.2%,70.6%
"     Homicide",0.2%,0.0%,0.0%,0.0%,0.0%
"     Forcible rape",0.2%,0.2%,0.0%,0.3%,0.0%
"     Robbery",1.0%,0.7%,3.0%,1.3%,5.9%
"     Assault, aggravated",14.3%,3.9%,18.5%,11.9%,11.8%
"     Assault, simple",24.1%,8.4%,22.8%,24.8%,41.2%
"     Assault, intimidation",25.9%,16.5%,24.6%,16.4%,11.8%
"     Kidnapping/abduction",0.2%,0.0%,0.3%,0.0%,0.0%
"     Other sexual assault",0.2%,0.2%,0.0%,1.6%,0.0%
,,,,,
"Property offenses",31.8%,68.9%,30.1%,42.2%,23.5%
"     Arson",0.5%,1.2%,0.6%,1.1%,0.0%
"     Burglary",2.4%,4.4%,3.6%,3.4%,5.9%
"     Larceny/theft",4.5%,8.4%,4.3%,5.8%,0.0%
"     Motor vehicle theft",0.4%,0.7%,0.3%,0.5%,0.0%
"     Forgery/fraud",0.4%,1.2%,0.6%,0.5%,5.9%
"     Vandalism",23.1%,52.7%,20.7%,30.3%,11.8%
"     Extortion",0.5%,0.5%,0.0%,0.5%,0.0%
,," ",,,
"Other offenses",2.1%,1.2%,0.6%,1.6%,5.9%
"     Drugs ",0.9%,0.7%,0.3%,0.5%,0.0%
"     Weapons",1.1%,0.2%,0.3%,0.8%,5.9%
"     Other",0.1%,0.2%,0.0%,0.3%,0.0%
,,,,,
"Number of incidents",1820,431,329,379,17
"Note: Unit of count is incidents (n = 2,976).  ",,,,,
