"Bureau of Justice Statistics",,
"filename:  hcrnt1.csv",,
"Table 1.  Hate-bias incidents, by type of bias motivation, 1997-99",,
"report title:  Hate Crimes Reported in NIBRS  NCJ  186765",,
"data source:  NIBRS 1997-99",,
"author:  Kevin Strom",,
"refer questions to:  askbjs@ojp.usdoj.gov   (202) 307-0765",,
"date of version:  09/01/01",,
,,
"Table 1.  Hate-bias incidents by type of bias motivation, 1997-99 ",,
,,
,"Hate crime incidents, 1997-99",
"Type of bias motivation ","Number","Percent"
,,
"     Total ",2976,100.0%
,,
"Race:",1820,61.2%
"     Anti-White",1059,35.6%
"     Anti-Black",561,18.9%
"     Anti-American Indian",92,3.1%
"     Anti-Asian",60,2.0%
"     Anti-Multiracial",48,1.6%
,," "
"Religion:",431,14.4%
"     Anti-Jewish",177,5.9%
"     Anti-other religious group",132,4.4%
"     Anti-Catholic",29,1.0%
"     Anti-Protestant",30,1.0%
"     Anti-Islamic",30,1.0%
"     Anti-multi-religious Group",28,0.9%
"     Anti-atheist",5,0.2%
,," "
"Ethnicity:",329,11.1%
"     Ethnic-Hispanic",199,6.7%
"     Anti-other ethnicity or national",130,4.4%
"       origin",," "
,,
"Sexuality:",379,12.7%
"     Anti-Male homosexual",167,5.6%
"     Anti-Female homosexual",103,3.5%
"     Antil Homosexual",65,2.2%
"     Anti-Heterosexual",32,1.1%
"     Anti-Bisexual",12,0.4%
,,
"Disability",17,0.6%
"     Anti-physical disability",12,0.4%
"     Anti-mental disability",5,0.2%
,,
"Note: Unit of count is incidents (n = 2,976).  ",,
