"Bureau of Justice Statistics",,,
"filename:  hcrnt9.csv",,,
"Table 9.  Group offending patterns among violent offenses, by most serious offense type, 1997-99",,,
"report title:  Hate Crimes Reported in NIBRS  NCJ  186765",,,
"data source:  NIBRS 1997-99",,,
"author:  Kevin Strom",,,
"refer questions to:  askbjs@ojp.usdoj.gov   (202) 307-0765",,,
"date of version:  09/01/01",,,
,,,
"Table 9.  Group offending patterns among violent offenses, by most serious offense type, 1997-99",,,
" ",,,
" ",,"Percent of incidents with a -- ",
,"Number ","single","multiple"
"Offense type","of incidents","offender","offenders"
,,,
"     Total ",1582,75%,25%
,,,
"     Homicide",2,100%,0%
"     Forcible rape",6,100%,0%
"     Robbery",32,34%,66%
"     Assault, aggravated",352,67%,33%
"     Assault, simple",602,70%,30%
"     Assault, intimidation",575,85%,15%
"     Kidnapping/abduction",2,50%,50%
"     Other sexual assault",11,91%,9%
,,,
"Note: Unit of count is violent incidents with a known offender (n = 1,582).  ",,,
