"Bureau of Justice Statistics",,
"filename:  hcrnt4.csv",,
"Table 4.  Type of hate crime victims, 1997-99",,
"report title:  Hate Crimes Reported in NIBRS  NCJ  186765",,
"data source:  NIBRS 1997-99",,
"author:  Kevin Strom",,
"refer questions to:  askbjs@ojp.usdoj.gov   (202) 307-0765",,
"date of version:  09/01/01",,
,,
"Table 4.  Type of hate crime victims, 1997-99",,
,,
," Hate crime victims --",
"Victim type ","Number ","Percent"
,,
"     Total",3534,100%
,,
"Individual",2962,84%
,,
"Business/financial institution ",215,6%
," ",
"Government",155,4%
," ",
"Religious organization",74,2%
," ",
"Society/public ",62,2%
,,
"Other/unknown ",66,2%
,,
"Note: NIBRS allows for the reporting of multiple victims per ",,
"incident.  Unit of count is victims (n = 3,534).   ",,
