"Bureau of Justice Statistics",,
"filename:  hcrnat1.csv",,
"Appendix table.  Population covered by agencies reporting NIBRS hate crime incidents, 1997-99",,
"report title:  Hate Crimes Reported in NIBRS  NCJ  186765",,
"data source:  NIBRS 1997-99",,
"author:  Kevin Strom",,
"refer questions to:  askbjs@ojp.usdoj.gov   (202) 307-0765",,
"date of version:  09/01/01",,
,,
"Appendix table.  Population covered by agencies reporting NIBRS hate crime incidents, 1997-99",,
,,
"Population","Number of ","Percent"
"group","incidents","distribution"
,,
"     Total ",2976,100%
,,
"Cities",,
"     500,000-999,999",36,1.2%
"     250,000-499,999",109,3.7%
"     100,000-249,999",198,6.7%
"     50,000-99,999",310,10.4%
"     25,000-49,999",431,14.5%
"     10,000-24,999",609,20.5%
"     2,500-9,999",436,14.7%
"     Less than 2,500",236,8.3%
," "," "
"Non-MSA counties"," "," "
"     25,000-99,999 *",90,3.0%
"     10,000-24,999",93,3.1%
"     Less than 10,000",43,1.4%
,,
"MSA counties ",,
"     100,000 or more",200,6.7%
"     25,000-99,999",145,4.9%
"     10,000-24,999",11,0.4%
"      Less than 10,000",19,0.6%
,,
"* Includes one incident in 1999 from a county with a population ",,
"greater than 100,000.  ",,
