Bureau of Justice Statistics,,,,,,,,,,,,,,,,,
Filename: adutrpspi16stt03.csv,,,,,,,,,,,,,,,,,
"Table 3. Drug use among state and federal prisoners, 2016",,,,,,,,,,,,,,,,,
"Report title: Alcohol and Drug Use and Treatment Reported by Prisoners: Survey of Prison Inmates, 2016  NCJ 252641",,,,,,,,,,,,,,,,,
"Data source: Bureau of Justice Statistics, Survey of Prison Inmates, 2016",,,,,,,,,,,,,,,,,
"Authors: Laura M. Maruschak, BJS Statistician, and Jennifer Bronson, Ph.D., and Mariel Alper, Ph.D., former BJS Statisticians",,,,,,,,,,,,,,,,,
Refer questions to: askbjs@ojp.usdoj.gov (202) 307-0765,,,,,,,,,,,,,,,,,
Date of version: 07/13/2021,,,,,,,,,,,,,,,,,
,,,,,,,,,,,,,,,,,
"Table 3. Drug use among state and federal prisoners, 2016",,,,,,,,,,,,,,,,,
,,,,Ever,,,,,In the 30 days prior to arrest,,,,,At the time of the offense,,,
Drug use,,,,Percent,,Standard error,,,Percent,,Standard error,,,Percent,,Standard error,
State prisoners,,,,,,,,,,,,,,,,,
,Any drug/a,,,89.6,%,0.36,%,,64.9,%,0.66,%,,39.4,%,0.59,%
,,Marijuana/hashish,,87.1,,0.4,,,50.8,,0.66,,,21.3,,0.42,
,,Cocaine/b,,49.4,,0.79,,,17.7,,0.45,,,9.3,,0.33,
,,,Crack,23.6,,0.59,,,7.7,,0.31,,,...,,...,
,,Heroin,,19.9,,0.62,,,8.2,,0.39,,,5.4,,0.32,
,,Methamphetamine/c,,28.6,,1.27,,,15.5,,0.99,,,10.7,,0.81,
,,Hallucinogens/d,,44.2,,0.75,,,10.2,,0.38,,,3.7,,0.24,
,,Inhalants/e,,11.3,,0.45,,,0.6,,0.07,,,0.1,,0.04,
,,Prescription drugs/f,,34.3,,0.72,,,16.3,,0.47,,,8.9,,0.32,
Federal prisoners,,,,,,,,,,,,,,,,,
,Any drug/a,,,80.7,%,1.67,%,,53.3,%,2.36,%,,31.1,%,1.81,%
,,Marijuana/hashish,,75.4,,2.14,,,40.1,,2.28,,,19.5,,1.44,
,,Cocaine/b,,43.3,,1.23,,,15.2,,0.65,,,6.3,,0.51,
,,,Crack,13.4,,0.97,,,3,,0.36,,,...,,...,
,,Heroin,,10.9,,1,,,3.5,,0.4,,,2.7,,0.36,
,,Methamphetamine/c,,18.2,,1.46,,,10.6,,1.02,,,7.8,,0.85,
,,Hallucinogens/d,,32.8,,2.29,,,8.2,,0.97,,,2.8,,0.37,
,,Inhalants/e,,5.7,,0.49,,,0.6,,0.14,,,0.1, !,0.04,
,,Prescription drugs/f,,22.8,,1.62,,,11.1,,0.91,,,6,,0.59,
Note: Details may not sum to totals because prisoners may have reported using more than one type of drug. See appendix table 1 for prisoner�estimates.,,,,,,,,,,,,,,,,,
...Not available.,,,,,,,,,,,,,,,,,
"! Interpret with caution. Estimate is based on 10 or fewer sample cases, or coefficient of variation is greater than 50%.",,,,,,,,,,,,,,,,,
a/Includes other unspecified drugs.,,,,,,,,,,,,,,,,,
"b/Includes powder, crack, free base, and coca paste. ",,,,,,,,,,,,,,,,,
"c/Refers to meth, ice, crystal meth, glass, or crank.",,,,,,,,,,,,,,,,,
"d/Includes LSD, peyote, mescaline, psilocybin, PCP, or ecstasy.",,,,,,,,,,,,,,,,,
"e/Includes substances such as amyl nitrite, cleaning fluid, locker room odorizers, gasoline, glue, nutrous oxide, or spray paints. ",,,,,,,,,,,,,,,,,
f/Includes prescription drugs used in a way not prescribed by a doctor.,,,,,,,,,,,,,,,,,
"Source: Bureau of Justice Statistics, Survey of Prison Inmates, 2016.",,,,,,,,,,,,,,,,,
