Bureau of Justice Statistics,,,,,
Filename: adutrpspi16stt01.csv,,,,,
"Table 1. Alcohol use, drug use, and substance use disorder among state and federal prisoners, 2016",,,,,
"Report title: Alcohol and Drug Use and Treatment Reported by Prisoners: Survey of Prison Inmates, 2016  NCJ 252641",,,,,
"Data source: Bureau of Justice Statistics, Survey of Prison Inmates, 2016",,,,,
"Authors: Laura M. Maruschak, BJS Statistician, and Jennifer Bronson, Ph.D., and Mariel Alper, Ph.D., former BJS Statisticians",,,,,
Refer questions to: askbjs@ojp.usdoj.gov (202) 307-0765,,,,,
Date of version: 07/13/2021,,,,,
,,,,,
"Table 1. Alcohol use, drug use, and substance use disorder among state and federal prisoners, 2016",,,,,
Alcohol and drug use,,Percent,,Standard error,
At the time of the offense,,,,,
,Alcohol,30.4,%,0.47,%
,Any drug,38.4,,0.57,
In the 30 days prior to arrest,,,,,
,Any drug,63.5,%,0.65,%
In the 12 months prior to admission,,,,,
,Substance use disorder*,47.1,%,0.87,%
Note: See appendix table 1 for prisoner estimates. ,,,,,
*Includes prisoners who met the DSM-IV criteria for either dependence or abuse of drugs or alcohol. See Methodology. ,,,,,
"Source: Bureau of Justice Statistics, Survey of Prison Inmates, 2016.",,,,,
