Bureau of Justice Statistics,,,,,,,,,
Filename: adutrpspi16stt02.csv,,,,,,,,,
"Table 2. Alcohol use and alcohol use disorder among state and federal prisoners, 2016",,,,,,,,,
"Report title: Alcohol and Drug Use and Treatment Reported by Prisoners: Survey of Prison Inmates, 2016  NCJ 252641",,,,,,,,,
"Data source: Bureau of Justice Statistics, Survey of Prison Inmates, 2016",,,,,,,,,
"Authors: Laura M. Maruschak, BJS Statistician, and Jennifer Bronson, Ph.D., and Mariel Alper, Ph.D., former BJS Statisticians",,,,,,,,,
Refer questions to: askbjs@ojp.usdoj.gov (202) 307-0765,,,,,,,,,
Date of version: 07/13/2021,,,,,,,,,
,,,,,,,,,
"Table 2. Alcohol use and alcohol use disorder among state and federal prisoners, 2016",,,,,,,,,
,State prisoners,,,,,Federal prisoners ,,,
Alcohol use,Percent,,Standard error,,,Percent,,Standard error,
Ever drank alcohol in lifetime,91.1,%,0.42,%,,88,%,1.09,%
Drank alcohol in the 12 months prior to admission to prison/a,39.1,,0.73,,,35.7,,1.71,
Drank alcohol at the time of the offense,31.2,,0.49,,,24.7,,1.52,
Alcohol use disorder/b,20.9,,0.48,,,15.4,,1.04,
Note: See appendix table 1 for prisoner estimates. ,,,,,,,,,
a/Includes prisoners who reported drinking 6 or more days in the 12 months prior to being admitted to prison for the offense for which they were serving a sentence.,,,,,,,,,
b/Prisoners who reported drinking 6 or more days in the 12 months before they were admitted to prison were defined as having alcohol dependence if they met three or more of seven dependence criteria or at least one of the abuse criteria. See Methodology. ,,,,,,,,,
"Source: Bureau of Justice Statistics, Survey of Prison Inmates, 2016.",,,,,,,,,
