Bureau of Justice Statistics,,,,,,,,,,,,,,,
Filename: adutrpspi16stat02.csv,,,,,,,,,,,,,,,
"Appendix table 2. Standard errors for table 6: Substance use disorders among state and federal prisoners, by selected characteristics, 2016",,,,,,,,,,,,,,,
"Report title: Alcohol and Drug Use and Treatment Reported by Prisoners: Survey of Prison Inmates, 2016  NCJ 252641",,,,,,,,,,,,,,,
"Data source: Bureau of Justice Statistics, Survey of Prison Inmates, 2016",,,,,,,,,,,,,,,
"Authors: Laura M. Maruschak, BJS Statistician, and Jennifer Bronson, Ph.D., and Mariel Alper, Ph.D., former BJS Statisticians",,,,,,,,,,,,,,,
Refer questions to: askbjs@ojp.usdoj.gov (202) 307-0765,,,,,,,,,,,,,,,
Date of version: 07/13/2021,,,,,,,,,,,,,,,
,,,,,,,,,,,,,,,
"Appendix table 2. Standard errors for table 6: Substance use disorders among state and federal prisoners, by selected characteristics, 2016",,,,,,,,,,,,,,,
,,,State prisoners,,,,,,,Federal prisoners,,,,,
Characteristics,,,Alcohol use disorder ,,Drug use disorder,,Substance use disorder,,,Alcohol use disorder ,,Drug use disorder,,Substance use disorder,
Total,,,0.48,%,0.87,%,0.91,%,,1.04,%,1.63,%,2.05,%
Sex,,,,,,,,,,,,,,,
,Male,,0.5,%,0.93,%,0.98,%,,1.1,%,1.73,%,2.2,%
,Female,,0.87,,2.11,,1.88,,,1.32,,2.78,,2.97,
Race/ethnicity,,,,,,,,,,,,,,,
,White,,0.67,%,1.11,%,1.07,%,,1.72,%,2.77,%,2.71,%
,Black,,0.66,,1.13,,1.15,,,0.94,,2.18,,2.14,
,Hispanic,,0.87,,1.36,,1.58,,,1.58,,2.23,,2.86,
,American Indian/Alaska�Native,,3.99,,5.07,,4.08,,,8.97,,7.49,,1.14,
,Asian/Native Hawaiian/Other�Pacific Islander,,3.19,,5.58,,6.38,,,6.78,,7.05,,7.92,
,Two or more races,,1.08,,1.72,,1.75,,,3.17,,4.76,,4.84,
Age,,,,,,,,,,,,,,,
,18-24,,1.13,%,2.02,%,1.99,%,,3.65,%,4.61,%,5.24,%
,25-34,,0.74,,1.32,,1.27,,,1.32,,2.22,,2.51,
,35-44,,0.88,,1.23,,1.32,,,1.54,,2.36,,2.95,
,45-54,,0.87,,1.25,,1.31,,,1.49,,2.52,,2.64,
,55-64,,1.24,,1.57,,1.95,,,1.87,,3.09,,4.07,
,65 or older,,2.21,,2.01,,2.92,,,1.7,,3.97,,3.76,
Controlling offense,,,,,,,,,,,,,,,
,Violent,,0.57,%,0.84,%,0.91,%,,1.97,%,4.46,%,5.03,%
,Property,,0.94,,1.41,,1.36,,,3.35,,1.94,,3.56,
,Drug,,0.87,,1.74,,1.61,,,1.23,,2.26,,2.62,
,Public order,,1.57,,1.41,,1.73,,,1.09,,1.98,,2.4,
,,DUI/DWI,3.88,,4.22,,5.05,,,/,,/,,/,
,,Other public order,1.08,,1.74,,1.84,,,/,,/,,/,
/Not reported.,,,,,,,,,,,,,,,
"Source: Bureau of Justice Statistics, Survey of Prison Inmates, 2016.",,,,,,,,,,,,,,,
