Bureau of Justice Statistics,,,
Filename: adutrpspi16stf01.csv,,,
"Figure 1. Alcohol use, drug use, and substance use disorder among state and federal prisoners, 2016",,,
"Report title: Alcohol and Drug Use and Treatment Reported by Prisoners: Survey of Prison Inmates, 2016  NCJ 252641",,,
"Data source: Bureau of Justice Statistics, Survey of Prison Inmates, 2016",,,
"Authors: Laura M. Maruschak, BJS Statistician, and Jennifer Bronson, Ph.D., and Mariel Alper, Ph.D., former BJS Statisticians",,,
Refer questions to: askbjs@ojp.usdoj.gov (202) 307-0765,,,
Date of version: 07/13/2021,,,
,,,
"Figure 1. Alcohol use, drug use, and substance use disorder among state and federal prisoners, 2016",,,
Alcohol and drug use,,Percent,
At the time of the offense,,,
,Drank alcohol,30.4,%
,Used any drug,38.4,
In the 30 days prior to arrest,,,
,Used any drug,63.5,%
In the 12 months prior to admissions,,,
,Substance use disorder*,47.1,%
Note: See table 1 for percentages and standard errors.,,,
*Includes prisoners who met the DSM-IV criteria for either dependence or abuse of drugs or alcohol. Estimate was based on prisoners who were not incarcerated for the entire 12 months prior to admission to prison. See Methodology.,,,
"Source: Bureau of Justice Statistics, Survey of Prison Inmates, 2016.",,,
