"Bureau of Justice Statistics",,,,,,,,,,,,,,
"filename:  cv0251.csv",,,,,,,,,,,,,,
"Table 51. Victimization rates by type of crime and number of years lived at current residence",,,,,,,,,,,,,,
"data source: National Criminal Victimization Survey, 2002   NCJ  200561",,,,,,,,,,,,,,
"produced by:  Cathy Maston ",,,,,,,,,,,,,,
"authors:  Patsy Klaus and Cathy Maston",,,,,,,,,,,,,,
"refer questions to:  askbjs@ojp.usdoj.gov     202-307-0765",,,,,,,,,,,,,,
"date of version: 08/31/03",,,,,,,,,,,,,,
,,,,,,,,,,,,,,
"Table 51. Property crimes, 2002: Victimization rates by type of crime and number of years lived at current residence",,,,,,,,,,,,,,
,,,,,,,,,,,,,,
,"                                                                                                Rate per 1,000 households",,,,,,,,,,,,,
"Type of crime","Total","Less than 6 months/a",,"6 months to 1 year",,"1 year",,"2 years",,"3 years",,"4 years",,"         5 years or more"
,,,,,,,,,,,,,,
"Property crimes",170.5,345.2,,270.7,,222.5,,192.5,,167.3,,163.9,,127.5
"                                                                                           ",,,,,,,,,,,,,,
"  Household burglary",29.7,66.6,,49.7,,34.6,,28.4,,27.3,,29.7,,22.5
"    Completed",25.2,59.2,,38.0,,29.3,,24.5,,23.5,,26.5,,19.0
"      Forcible entry",9.9,24.3,,12.6,,12.6,,12.6,,11.3,,8.5,,6.9
"      Unlawful entry without force",15.3,34.9,,25.4,,16.7,,11.9,,12.2,,18.0,,12.1
"    Attempted forcible entry",4.5,7.4,,11.7,,5.3,,3.8,,3.7,"*",3.2,"*",3.5
"  Motor vehicle theft",9.6,19.3,,15.0,,14.1,,11.8,,10.4,,6.1,,7.1
"    Completed",7.6,16.2,,11.3,,12.5,,9.4,,8.0,,5.2,"*",5.4
"    Attempted",2.0,3.1,"*",3.7,"*",1.7,"*",2.5,"*",2.4,"*",0.9,"*",1.7
"  Theft",131.2,259.4,,206.0,,173.7,,152.3,,129.5,,128.0,,97.9
"    Completed",126.8,253.4,,199.9,,167.2,,148.0,,125.4,,120.8,,94.3
"       Less than $50",40.6,65.0,,54.4,,51.4,,54.0,,38.6,,40.1,,32.8
"       $50 - $249",43.4,89.5,,78.2,,59.8,,46.8,,46.7,,46.7,,30.1
"       $250 or more",31.8,85.8,,52.6,,41.3,,33.9,,28.3,,22.4,,22.1
"       Amount not available",11.0,13.2,,14.7,,14.7,,13.4,,11.8,,11.7,,9.3
"     Attempted",4.4,5.9,,6.1,,6.6,,4.2,,4.1,,7.2,,3.5
,,,,,,,,,,,,,,
"Note: Detail may not add to total shown because of rounding.  Excludes data on persons whose mobility was not ascertained.",,,,,,,,,,,,,,
"*Estimate is based on about 10 or fewer sample cases.",,,,,,,,,,,,,,
"a/These numbers are unbounded estimates.",,,,,,,,,,,,,,
