Bureau of Justice Statistics,,,,,,,,,,,
File name: fj13stt5.2.csv,,,,,,,,,,,
"Table 5.2 Type and length of federal sentences imposed, by offense, October 1, 2012�September 30, 2013",,,,,,,,,,,
"Report title: Federal Justice Statistics, 2013 - Statistical Tables NCJ 249150",,,,,,,,,,,
"Data source: Bureau of Justice Statistics, based on data from the Administrative Office of the U.S. Courts, criminal master file, fiscal year 2013.",,,,,,,,,,,
"Author:  Mark Motivans, Ph.D., BJS Statistician",,,,,,,,,,,
Refer questions to: askbjs@usdoj.gov (202) 307-0765,,,,,,,,,,,
Date of version: 3/23/2017,,,,,,,,,,,
,,,,,,,,,,,
"Table 5.2 Type and length of federal sentences imposed, by offense, October 1, 2012�September 30, 2013",,,,,,,,,,,
,,,,,Type of sentence,,,Average sentence length,,,
Most serious offense of conviction,,,,Total/a,Incarceration/b,Probation/b,Fine only,Incarceration/c,,Probation/c,
,All offenses/d,,,"82,838","64,390","8,419","1,818",56.1, mo.,34.6, mo.
Felonies,,,,"76,007","61,823","6,240",300,58.1, mo.,40.2, mo.
,Violent offenses,,,"2,401","2,258",69,1,129.4,,84.9,
,,Murder,,128,123,3,0,129.9,,^,
,,Assault,,607,540,33,1,49.7,,38.8,
,,Robbery,,"1,011",973,17,0,97.6,,45.9,
,,Sexual abuse,,567,538,15,0,261.3,,238.6,
,,Kidnapping,,70,69,1,0,230.2,,^,
,,Threats against the President,,18,15,0,0,28,,...,
,Property offenses,,,"11,273","7,007","2,811",100,37.1,,39.3,
,,Fraudulent,,"9,825","6,270","2,198",92,36.7,,38.7,
,,,Embezzlement,384,203,142,4,22.5,,32.5,
,,,Fraud,"8,718","5,589","1,886",81,38.2,,39.2,
,,,Forgery,27,14,9,0,22.1,,^,
,,,Counterfeiting,696,464,161,7,25.5,,38.2,
,,Other,,"1,448",737,613,8,40.2,,41.3,
,,,Burglary,41,26,12,0,40.9,,34.1,
,,,Larceny,"1,092",471,551,5,24,,41.7,
,,,Motor vehicle theft,30,22,4,0,38.1,,^,
,,,Arson and explosives,154,134,14,1,104.4,,36.9,
,,,Transportation of stolen property,83,56,20,1,35.8,,39,
,,,Other property offenses,48,28,12,1,21.4,,41,
,Drug offenses,,,"24,193","21,908",959,74,80.3,,40.6,
,,Trafficking,,"24,145","21,895",928,74,80.4,,41,
,,Possession and other drug offenses,,48,13,31,0,19.6,,28.1,
,Public order offenses,,,"7,150","5,609","1,067",71,69.4,,38,
,,Regulatory,,831,463,253,34,43,,35.2,
,,,Agriculture,1,1,0,0,^,,...,
,,,Antitrust,33,9,19,5,^,,28,
,,,Food and drug,27,9,14,3,^,,30.4,
,,,Transportation,101,39,39,6,34.3,,35.4,
,,,Civil rights,56,43,11,0,48.8,,40.4,
,,,Communications,48,23,24,1,25.4,,38,
,,,Customs laws,121,92,18,2,42.3,,33.3,
,,,Postal laws,23,3,20,0,^,,31.8,
,,,Other regulatory offenses,421,244,108,17,47.7,,36.8,
,,Other,,"6,319","5,146",814,37,71.7,,38.8,
,,,Tax law violations,516,345,157,2,25.2,,40.1,
,,,Bribery,119,80,32,0,36.1,,37.5,
,,,"Perjury, contempt, and intimidation",265,183,53,4,67.4,,36.6,
,,,National defense,84,63,13,3,92.4,,53.5,
,,,Escape,811,506,231,5,18.5,,32.1,
,,,Racketeering and extortion,"1,781","1,511",149,9,83.2,,40,
,,,Gambling,56,17,32,2,8.9,,33.8,
,,,Liquor offenses,2,1,1,0,^,,^,
,,,Other sex offenses/e,1936,1861,26,4,101.9,,102.7,
,,,Traffic offenses,12,9,1,0,^,,^,
,,,Wildlife,43,13,24,4,10.2,,25.8,
,,,Environmental,29,8,17,2,^,,29.6,
,,,All other felonies,665,549,78,2,25.9,,42.8,
,Weapon offenses,,,"7,188","6,596",358,23,79.7,,40,
,Immigration offenses,,,"23,802","18,445",976,31,20.1,,41.6,
Misdemeanors,,,,"6,831","2,567","2,179","1,518",6.6, mo.,18.7, mo.
,Fraudulent property offenses,,,617,271,131,19,4.1,,28.2,
,Larceny,,,569,55,356,134,5,,22,
,Drug possession,,,"2,299","1,797",378,64,7.2,,17.9,
,Immigration offenses,,,372,150,45,7,5.2,,18.9,
,Traffic offenses,,,"1,723",83,668,960,2.9,,13.3,
,Other misdemeanors,,,"1,251",211,601,334,7.3,,21,
"Note: Murder includes nonnegligent manslaughter; sexual abuse includes only violent sex offenses; fraud excludes tax fraud; larceny excludes transportation of stolen property; other property offenses excludes fraudulent property offenses and includes destruction of property and trespassing; tax law violations includes tax fraud; all other felonies includes unclassifiable offenses; misdemeanors includes misdemeanors, petty offenses, and unknown offense levels; and drug possession includes other drug misdemeanors. Total includes 558 records where offense type was missing.",,,,,,,,,,,
...No cases of this type occurred in the data.,,,,,,,,,,,
^Too few cases to obtain statistically reliable data.,,,,,,,,,,,
"a/The sum of individual sentences may exceed the total because split and mixed sentences are counted in incarceration and probation; or the sum may be lower than the total, which includes offenders receiving deportation, suspended sentences, sealed sentences, or imprisonment of 4 days or less.",,,,,,,,,,,
"b/Sentences to incarceration include split, mixed, life, and indeterminate sentences. Sentences to probation include offenders with split and mixed sentences.",,,,,,,,,,,
"c/Excludes sentences of life, death, and indeterminate sentences.",,,,,,,,,,,
d/Includes offenders whose sentence could not be determined.,,,,,,,,,,,
e/Excludes sexual abuse. (See Glossary for further details.),,,,,,,,,,,
"Source: Bureau of Justice Statistics, based on data from the Administrative Office of the U.S. Courts, criminal master file, fiscal year 2013.",,,,,,,,,,,
