Bureau of Justice Statistics,,,,
File name: fj13stt1.2.csv,,,,
"Table 1.2 Suspects arrested for federal offenses and booked by U.S. Marshals Service, by arresting agency, October 1, 2012�September 30, 2013",,,,
"Report title: Federal Justice Statistics, 2013 - Statistical Tables NCJ 249150",,,,
"Data source: Bureau of Justice Statistics, based on data from the U.S. Marshals Service, Justice Detainee Information System, fiscal year 2013.",,,,
"Author:  Mark Motivans, Ph.D., BJS Statistician",,,,
Refer questions to: askbjs@usdoj.gov (202) 307-0765,,,,
Date of version: 3/16/2017,,,,
,,,,
"Table 1.2 Suspects arrested for federal offenses and booked by U.S. Marshals Service, by arresting agency, October 1, 2012�September 30, 2013",,,,
Arresting agency*,,Number,Percent,
,All agencies,"188,164",100,%
Department of Agriculture,,311,0.2,%
Department of Defense,,321,0.2,%
Department of Homeland Security,,"111,447",59.5,%
,Customs and Border Protection,"70,139",37.5,
,Immigration and Customs Enforcement,"37,961",20.3,
,Secret Service,"1,790",1,
,Other ,"1,557",0.8,
Department of the Interior,,"1,113",0.6,%
,Bureau of Indian Affairs,172,0.1,
,Park Police,105,0.1,
,Other ,836,0.4,
Department of Justice,,"65,541",35,%
  ,"Bureau of Alcohol, Tobacco, Firearms and Explosives ","5,853",3.1,
,Drug Enforcement Administration,"10,097",5.4,
,Federal Bureau of Investigation,"11,473",6.1,
,U.S. Marshals Service,"37,179",19.9,
,Other ,939,0.5,
Department of State,,182,0.1,%
Department of the Treasury,,"1,310",0.7,%
Federal Judiciary,,290,0.2,%
U.S. Postal Service,,"1,359",0.7,%
Other,,"5,338",2.9,%
,State and local law enforcement,"1,607",0.9,
,Other,"3,731",2,
"Note: The Homeland Security Act of 2002 took effect in March 2003, establishing the Department of Homeland Security (DHS) and reorganizing several federal agencies into new or different departments. As a result, counts of arrests and bookings by DHS, the Department of Justice, and the Department of the Treasury are not comparable to counts found in 2003 and prior compendia. Detail may not sum to total due to rounding. Total includes 952 records where arresting agency was missing.",,,,
*The arresting agency may be different from the federal agency that initiated the investigation involving the arrestee.,,,,
"Source: Bureau of Justice Statistics, based on data from the U.S. Marshals Service, Justice Detainee Information System, fiscal year 2013.",,,,
