Bureau of Justice Statistics,,,,,,,,,,,,
File name: fj13stt6.1.csv,,,,,,,,,,,,
"Table 6.1 Criminal appeals terminated, by type of criminal case and offense, October 1, 2012�September 30, 2013",,,,,,,,,,,,
"Report title: Federal Justice Statistics, 2013 - Statistical Tables NCJ 249150",,,,,,,,,,,,
"Data source: Bureau of Justice Statistics, based on data from the Administrative Office of the U.S. Courts, Court of Appeals, fiscal year 2013.",,,,,,,,,,,,
"Author:  Mark Motivans, Ph.D., BJS Statistician",,,,,,,,,,,,
Refer questions to: askbjs@usdoj.gov (202) 307-0765,,,,,,,,,,,,
Date of version: 3/23/2017,,,,,,,,,,,,
,,,,,,,,,,,,
"Table 6.1 Criminal appeals terminated, by type of criminal case and offense, October 1, 2012�September 30, 2013",,,,,,,,,,,,
Offense of conviction,,,Total,Pre-guideline,Total,Conviction only,Sentence only,Sentence and conviction,Other,Direct criminal,Interlocutory,Post-conviction
,All offenses,,"12,707",14,"1,808",103,196,"1,203",306,"8,023",256,"2,606"
Violent offenses,,,120,1,119,9,5,86,19,^,^,^
,Murder,,22,0,22,2,0,18,2,^,^,^
,Assault,,17,1,16,2,0,11,3,^,^,^
,Robbery,,34,0,34,1,0,23,10,^,^,^
,Sexual abuse,,36,0,36,4,3,26,3,^,^,^
,Kidnapping,,10,0,10,0,2,8,0,^,^,^
,Threats against the President,,1,0,1,0,0,0,1,^,^,^
Property offenses,,,316,4,312,15,33,214,50,^,^,^
,Fraudulent,,290,4,286,13,30,197,46,^,^,^
,,Embezzlement,8,0,8,0,0,8,0,^,^,^
,,Fraud,276,3,273,13,28,187,45,^,^,^
,,Forgery,6,1,5,0,2,2,1,^,^,^
,,Counterfeiting,26,0,26,2,3,17,4,^,^,^
,Other,,12,0,12,1,3,8,0,^,^,^
,,Burglary,10,0,10,0,0,8,2,^,^,^
,,Larceny,3,0,3,1,0,1,1,^,^,^
,,Motor vehicle theft,1,0,1,0,0,0,1,^,^,^
,,Arson and explosives,675,3,672,45,85,436,106,^,^,^
,,Transportation of stolen ,288,2,286,13,28,184,61,^,^,^
  property,,,29,1,28,3,4,20,1,^,^,^
,,Other property offenses,1,1,0,0,0,0,0,^,^,^
Drug offenses,,,1,0,1,0,1,0,0,^,^,^
Public order offenses,,,9,0,9,2,0,6,1,^,^,^
,Regulatory,,2,0,2,0,1,1,0,^,^,^
,,Agriculture,3,0,3,0,0,3,0,^,^,^
,,Antitrust,13,0,13,1,2,10,0,^,^,^
,,Transportation,259,1,258,10,24,164,60,^,^,^
,,Civil rights,24,0,24,1,7,13,3,^,^,^
,,Communications,7,0,7,0,1,5,1,^,^,^
,,Customs laws,19,0,19,1,1,13,4,^,^,^
,,Postal laws,17,0,17,1,0,12,4,^,^,^
,,Other regulatory offenses,6,0,6,1,0,4,1,^,^,^
,Other,,129,1,128,3,8,81,36,^,^,^
,,Tax law violations,54,0,54,3,7,34,10,^,^,^
,,Bribery,1,0,1,0,0,0,1,^,^,^
,,"Perjury, contempt, and ",1,0,1,0,0,1,0,^,^,^
  intimidation,,,1,0,1,0,0,1,0,^,^,^
,,National defense,220,4,216,15,24,146,31,^,^,^
,,Escape,116,0,116,5,10,90,11,^,^,^
,,Racketeering and extortion,349,4,345,26,57,251,11,^,^,^
,,Gambling,1,0,1,0,0,1,0,^,^,^
,,Other sex offenses*,350,4,346,26,57,252,11,^,^,^
,,Traffic offenses,4,0,4,0,0,4,0,^,^,^
,,Wildlife,19,1,18,0,0,18,0,^,^,^
,,Environmental,"1,327",22,"1,305",86,206,925,88,^,^,^
,,All other offenses,"1,262",10,"1,252",30,180,"1,029",13,^,^,^
Weapon offenses,,,,,,,,,,,,
Immigration offenses,,,,,,,,,,,,
Note: Murder includes nonnegligent manslaughter; sexual abuse includes only violent sex offenses; fraud excludes tax fraud; larceny excludes transportation of stolen property; other property offenses excludes fraudulent property offenses and includes destruction of property and trespassing; tax law violations includes tax fraud; and all other offenses includes unclassifiable offenses.,,,,,,,,,,,,
^Offense information not supplied for these appeal type codes.,,,,,,,,,,,,
*Excludes sexual abuse. (See Glossary for further details.),,,,,,,,,,,,
"Source: Bureau of Justice Statistics, based on data from the Administrative Office of the U.S. Courts, Court of Appeals, fiscal year 2013.",,,,,,,,,,,,
