Bureau of Justice Statistics,,,,,,,
File name: fj13stt1.5.csv,,,,,,,
"Table 1.5 Warrants cleared and median days from initiation to clearance, by warrant type, October 1, 2012�September 30, 2013",,,,,,,
"Report title: Federal Justice Statistics, 2013 - Statistical Tables NCJ 249150",,,,,,,
"Data source: Bureau of Justice Statistics, based on data from the U.S. Marshals Service, Warrant Information Network, fiscal year 2013.",,,,,,,
"Author:  Mark Motivans, Ph.D., BJS Statistician",,,,,,,
Refer questions to: askbjs@usdoj.gov (202) 307-0765,,,,,,,
Date of version: 3/16/2017,,,,,,,
,,,,,,,
"Table 1.5 Warrants cleared and median days from initiation to clearance, by warrant type, October 1, 2012�September 30, 2013",,,,,,,
Warrant type,,,Number,Percent,,Median days from initiation to clearance,
,All warrants cleared ,,"204,909",100,% ,14, days
Federal,,,"86,267",42.1,% ,13, days
,Felony,,"74,652",36.4,,8,
,,Escape,962,0.5,,9,
,,Bond violation,"3,645",1.8,,7,
,,Parole violation,"2,197",1.1,,34,
,,Probation violation,"20,560",10,,11,
,,DEA related,"9,439",4.6,,11,
,,Federal agency without arrest power,208,0.1,,4,
,,Other federal agency with arrest power,"36,011",17.6,,7,
,,Other,"1,630",0.8,,33,
,Nonfelony,,"11,615",5.7,,435,
,,Traffic,"6,486",3.2,,565,
,,Misdemeanor,"5,129",2.5,,349,
State or local,,,"118,642",57.9,% ,15, days
Note: Table includes all warrants handled by the U.S. Marshals Service except those handled by the Drug Enforcement Administration or other federal agency with arrest power. Analysis based on the group of all warrants cleared during fiscal year 2013. Detail may not sum to total due to rounding. ,,,,,,,
"Source: Bureau of Justice Statistics, based on data from the U.S. Marshals Service, Warrant Information Network, fiscal year 2013.",,,,,,,
