Bureau of Justice Statistics,,,,,,
File name: fj13stt3.1.csv,,,,,,
"Table 3.1 Defendants released at initial hearing or detention hearing, by offense, October 1, 2012�September 30, 2013",,,,,,
"Report title: Federal Justice Statistics, 2013 - Statistical Tables NCJ 249150",,,,,,
"Data source: Bureau of Justice Statistics, based on data from the Administrative Office of the U.S. Courts, Pretrial Services Act Information System, fiscal year 2013..",,,,,,
"Author:  Mark Motivans, Ph.D., BJS Statistician",,,,,,
Refer questions to: askbjs@usdoj.gov (202) 307-0765,,,,,,
Date of version: 3/23/2017,,,,,,
,,,,,,
"Table 3.1 Defendants released at initial hearing or detention hearing, by offense, October 1, 2012�September 30, 2013",,,,,,
,,,,Released defendants,,
Most serious offense charged,,,All defendants,Number,Percent,
,All offenses/a,,"101,435","30,672",30.2,%
Violent offenses,,,"3,259",847,26,%
,Murder,,301,59,19.6,
,Assault,,948,449,47.4,
,Robbery,,893,126,14.1,
,Sexual abuse,,972,185,19,
,Kidnapping,,115,22,19.1,
,Threats against the President,,30,6,20,
Property offenses,,,"13,989","10,025",71.7,%
,Fraudulent,,"11,330","8,116",71.6,
,,Embezzlement,529,494,93.4,
,,Fraud,"10,095","7,182",71.1,
,,Forgery,26,16,61.5,
,,Counterfeiting,680,424,62.4,
,Other,,"2,659","1,909",71.8,
,,Burglary,60,25,41.7,
,,Larceny,"2,121","1,671",78.8,
,,Motor vehicle theft,165,21,12.7,
,,Arson and explosives,145,67,46.2,
,,Transportation of stolen property,94,71,75.5,
,,Other property offenses,74,54,73,
Drug offenses,,,"28,171","8,890",31.6,%
,Trafficking,,"22,422","6,837",30.5,
,Other drug offenses,,"5,749","2,053",35.7,
Public order offenses,,,"8,231","4,533",55.1,%
,Regulatory,,"1,226",804,65.6,
,,Agriculture,4,4,     ^ ,
,,Antitrust,6,6,     ^ ,
,,Food and drug,59,52,88.1,
,,Transportation,208,135,64.9,
,,Civil rights,65,55,84.6,
,,Communications,17,13,76.5,
,,Customs laws,165,85,51.5,
,,Postal laws,67,65,97,
,,Other regulatory offenses,635,389,61.3,
,Other,,"7,005","3,729",53.2,
,,Tax law violations,549,526,95.8,
,,Bribery,171,151,88.3,
,,"Perjury, contempt, and intimidation",219,133,60.7,
,,National defense,159,64,40.3,
,,Escape,490,61,12.4,
,,Racketeering and extortion,"1,316",493,37.5,
,,Gambling,23,23,100,
,,Liquor offenses,21,16,76.2,
,,Other sex offenses/b,"2,609","1,074",41.2,
,,Traffic offenses,858,799,93.1,
,,Wildlife,204,192,94.1,
,,Environmental,34,33,97.1,
,,All other offenses,352,164,46.6,
Weapon offenses,,,"7,237","1,771",24.5,%
Immigration offenses,,,"40,118","4,398",11,%
"Note:  Released defendants include some defendants who were detained at some time prior to trial and defendants for whom release status data were unavailable. In this table, murder includes nonnegligent manslaughter; sexual abuse includes only violent sex offenses; fraud excludes tax fraud; larceny excludes transportation of stolen property; other property offenses excludes fraudulent property offenses and includes destruction of property and trespassing; tax law violations includes tax fraud; and all other offenses includes unclassifiable offenses.",,,,,,
^Too few cases to obtain statistically reliable data.,,,,,,
a/Includes 430 defendants for whom an offense category could not be determined.,,,,,,
b/Excludes sexual abuse. (See Glossary for further details.),,,,,,
"Source: Bureau of Justice Statistics, based on data from the Administrative Office of the U.S. Courts, Pretrial Services Act Information System, fiscal year 2013.",,,,,,
