"Bureau of Justice Statistics",,,,,,,
"Filename:cv9809.csv",,,,,,,
"Table 9.  Violent and property victimization rates, by annual household income, 1993-98",,,,,,,
"Title of Report:  Criminal Victimization 1998, Changes 1997-98 with Trends 1993-98,  NCJ 176353",,,,,,,
"Data source:  National Crime Victimization Survey",,,,,,,
"Author:  Callie Rennison, Ph.D.",,,,,,,
"Refer questions to:   (202) 307-0765 or askbjs@ojp.usdoj.gov",,,,,,,
"Date version:  7/12/99",,,,,,,
,,,,,,,
,,,,,,,
"Table 9.  Violent and property victimization rates, by annual household income, 1993-98",,,,,,,
,,,,,,,
,"Number of victimizations per 1,000 persons",,,,,,
"Annual household","age 12 or older or 1,000 households",,,,,,
"income",1993,1994,1995,1996,1997,1998,
,,,,,,,
"Violent victimizations",,,,,,,
,,,,,,,
"Less than $7,500",84.7,86.0,77.8,65.3,71.0,63.8,"*"
"$7,500-$14,999",56.4,60.7,49.8,52.1,51.2,49.3,
"$15,000-$24,999",49.0,50.7,48.9,44.1,40.1,39.4,"*"
"$25,000-$34,999",51.0,47.3,47.1,43.0,40.2,42.0,"+"
"$35,000-$49,999",45.6,47.0,45.8,43.0,38.7,31.7,"*"
"$50,000-$74,999",44.0,48.0,44.6,37.5,33.9,32.0,"*"
"$75,000 or more",41.3,39.5,37.3,30.5,30.7,33.1,
,,,,,,,
"Property victimizations",,,,,,,
,,,,,,,
"Less than $7,500",305.9,299.6,304.3,282.7,258.8,209.0,"*"
"$7,500-$14,999",285.9,299.1,267.1,247.5,236.3,229.8,"*"
"$15,000-$24,999",307.0,308.1,289.8,273.1,242.4,211.0,"*"
"$25,000-$34,999",336.7,305.2,294.8,285.1,260.3,233.8,"*"
"$35,000-$49,999",342.7,326.9,301.5,287.6,271.7,221.7,"*"
"$50,000-$74,999",374.4,364.1,333.2,284.0,270.9,248.6,"*"
"$75,000 or more",400.3,356.0,350.4,304.6,292.8,248.6,"*"
,,,,,,,
"*  The difference from 1993 to 1998 is significant at the 95% confidence level.",,,,,,,
"+  The difference from 1993 to 1998 is significant at the 90% confidence level.",,,,,,,
"Note:  The total number of persons in 1993 was 211,524,770; and in 1998 it was 221,880,960.  ",,,,,,,
"The total number of households in 1993 was 99,927,410; and in 1998 it was 105,322,920.  ",,,,,,,
