"Bureau of Justice Statistics",,,
"Filename:cv9808.csv",,,
"Table 8.  Property victimization rates of selected household categories, 1993 and 1998",,,
"Title of Report:  Criminal Victimization 1998, Changes 1997-98 with Trends 1993-98,  NCJ 176353",,,
"Data source:  National Crime Victimization Survey",,,
"Author:  Callie Rennison, Ph.D.",,,
"Refer questions to:   (202) 307-0765 or askbjs@ojp.usdoj.gov",,,
"Date version:  7/12/99",,,
,,,
"Table 8.  Property  victimization rates",,,
"of selected household categories, 1993 and 1998",,,
,,,
,"Number of property",,
,"crimes per 1,000",,
,"households",,
,1993,1998,
,,,
"Property crime",,,
"   White",314.8,212.6,"*"
"   Black",368.8,248.0,"*"
"   Other",343.7,224.5,"*"
,,,
"   Hispanic",442.2,267.6,"*"
"   Non-Hispanic",313.2,212.5,"*"
,,,
"   Urban",410.4,274.2,"*"
"   Suburban",304.4,204.5,"*"
"   Rural",250.9,173.5,"*"
,,,
"   Northwest",248.3,159.3,"*"
"   Midwest",314.0,214.0,"*"
"   South",301.9,213.5,"*"
"   West",434.6,282.3,"*"
,,,
"Burglary",,,
"   Hispanic",87.1,44.9,"*"
"   Non-Hispanic",57.9,37.7,"*"
,,,
"   Urban",84.1,49.3,"*"
"   Suburban",46.8,32.5,"*"
"   Rural",53.6,36.6,"*"
,,,
"   Northwest",44.1,26.0,"*"
"   Midwest",61.2,39.3,"*"
"   South",59.5,41.1,"*"
"   West",73.9,44.6,"*"
,,,
"Theft",,,
"   White",241.0,166.9,"*"
"   Black",249.6,173.1,"*"
"   Other",258.8,178.9,"*"
,,,
"   Hispanic",318.4,200.7,"*"
"   Non-Hispanic",236.9,165.0,"*"
,,,
"   Urban",292.0,207.0,"*"
"   Suburban",240.6,161.8,"*"
"   Rural",189.9,133.4,"*"
,,,
"   Northwest",184.8,124.8,"*"
"   Midwest",238.2,164.7,"*"
"   South",224.6,162.5,"*"
"   West",332.0,222.1,"*"
,,,
"*  The difference from 1993 to 1998 is significant at the 95% confidence level.",,,
"Note:  The total number of households in 1993 was 99,927,410; and in 1998 it was 105,322,920.  ",,,
