"Bureau of Justice Statistics",,,,,,,,,,,
"Filename:cv9805.csv",,,,,,,,,,,
"Table 5.  Use of weapons in serious violent crimes, 1998 ",,,,,,,,,,,
"Title of Report:  Criminal Victimization 1998, Changes 1997-98 with Trends 1993-98,  NCJ 176353",,,,,,,,,,,
"Data source:  National Crime Victimization Survey",,,,,,,,,,,
"Author:  Callie Rennison, Ph.D.",,,,,,,,,,,
"Refer questions to:   (202) 307-0765 or askbjs@ojp.usdoj.gov",,,,,,,,,,,
"Date version:  7/12/99",,,,,,,,,,,
,,,,,,,,,,,
,,,,,,,,,,,
,,,,,,,,,,,
"Table 5.  Use of weapons in serious violent crimes, 1998 ",,,,,,,,,,,
,,,,,,,,,,,
,"Violent crime",,,"Rape or sexual assault",,,"Robbery",,,"Assault",
,"Number","Percent",,"Number","Percent",,"Number","Percent",,"Number","Percent"
"Total",8116200,100,,332500,100,,886500,100,,6897200,100
,,,,,,,,,,,
"No weapon",5503300,68,,290400,87,,432700,49,,4780200,69
,,,,,,,,,,,
"Weapon",1918700,24,,29000,9,,342700,39,,1547000,22
"     Gun ",670500,8,,12800,4,"*",182200,21,,475400,7
"     Knife",461000,6,,9400,3,"*",89900,10,,361700,5
"     Other",647300,8,,0,0,"*",57700,7,,589600,9
"     Type not ascertained",140000,2,,6800,2,"*",12900,1,"*",120300,2
,,,,,,,,,,,
"Don't know",694200,9,,13200,4,"*",111100,13,,570000,8
,,,,,,,,,,,
,,,,,,,,,,,
"Note:  Percentage may not total to 100% because of rounding.  If the offender had more than one weapon, the crime",,,,,,,,,,,
"is classified by the most serious weapon present.  ",,,,,,,,,,,
"*  Based on 10 or fewer sample cases",,,,,,,,,,,
