"Bureau of Justice Statistics",,,,,,,,,,,,
"Filename:cv9801.csv",,,,,,,,,,,,
"Table 1.  Criminal victimization, 1997-98",,,,,,,,,,,,
"Title of Report:  Criminal Victimization 1998, Changes 1997-98 with Trends 1993-98,  NCJ 176353",,,,,,,,,,,,
"Data source:  National Crime Victimization Survey",,,,,,,,,,,,
"Author:  Callie Rennison, Ph.D.",,,,,,,,,,,,
"Refer questions to:   (202) 307-0765 or askbjs@ojp.usdoj.gov",,,,,,,,,,,,
"Date version:  7/12/99",,,,,,,,,,,,
,,,,,,,,,,,,
,,,,,,,,,,,,
"Table 1.  Criminal victimization, 1997-98",,,,,,,,,,,,
,,,,,,"Victimization rates (per 1,000",,,,,,
,,,,,,"persons age 12 or older per",,,,,,
,,"Number of victimiza-",,,,"1,000 households)",,,,,,
,,"tions (1,000's)",,,,,,,,"Percent change,",,
"Type of crime",,1997,,1998,,1997,,1998,,"1997-98",,
,,,,,,,,,,,,
"All crimes",,34788,,31307,,"...",,"...",,,,
,,,,,,,,,,,,
"  Personal crimes/a",,8971,,8412,,40.8,,37.9,,-7.1,"%","*"
"      Crimes of violence",,8614,,8116,,39.2,,36.6,,-6.6,,"+"
"          Completed violence",,2679,,2564,,12.2,,11.6,,-4.9,,
"          Attempted/threatened violence",,5935,,5552,,27.0,,25.0,,-7.4,,"+"
"        Rape/Sexual assault",,311,,332,,1.4,,1.5,,7.1,,
"          Rape/attempted rape",,194,,200,,0.9,,0.9,,0.0,,
"            Rape",,115,,110,,0.5,,0.5,,0.0,,
"            Attempted rape",,79,,89,,0.4,,0.4,,0.0,,
"          Sexual assault",,117,,133,,0.5,,0.6,,20.0,,
"        Robbery",,944,,886,,4.3,,4.0,,-7.0,,
"          Completed/property taken",,607,,610,,2.8,,2.7,,-3.6,,
"            With injury",,243,,170,,1.1,,0.8,,-27.3,,"+"
"            Without injury",,363,,439,,1.7,,2.0,,17.6,,
"          Attempted to take property",,337,,277,,1.5,,1.2,,-20.0,,
"            With injury",,73,,69,,0.3,,0.3,,0.0,,
"            Without injury",,265,,207,,1.2,,0.9,,-25.0,,
"        Assault",,7359,,6897,,33.5,,31.1,,-7.2,,"+"
"          Aggravated",,1883,,1674,,8.6,,7.5,,-12.8,,"+"
"            With injury",,595,,547,,2.7,,2.5,,-7.4,,
"            Threatened with weapon",,1288,,1126,,5.9,,5.1,,-13.6,,"+"
"          Simple",,5476,,5224,,24.9,,23.5,,-5.6,,
"            With minor injury",,1258,,1175,,5.7,,5.3,,-7.0,,
"            Without injury",,4218,,4048,,19.2,,18.2,,-5.2,,
"    Personal theft/b",,357,,296,,1.6,,1.3,,-18.8,,
,,,,,,,,,,,,
"  Property crimes",,25817,,22895,,248.3,,217.4,,-12.4,"%","*"
"      Household burglary",,4635,,4054,,44.6,,38.5,,-13.7,,"*"
"        Completed",,3893,,3380,,37.4,,32.1,,-14.2,,"*"
"          Forcible entry",,1497,,1310,,14.4,,12.4,,-13.9,,"*"
"          Unlawful entry without force",,2396,,2070,,23.0,,19.7,,-14.3,,"*"
"        Attempted forcible entry",,742,,674,,7.1,,6.4,,-9.9,,"*"
"      Motor vehicle theft",,1433,,1138,,13.8,,10.8,,-21.7,,"*"
"        Completed",,1007,,822,,9.7,,7.8,,-19.6,,"*"
"        Attempted",,426,,316,,4.1,,3.0,,-26.8,,"*"
"      Theft",,19749,,17703,,189.9,,168.1,,-11.5,,"*"
"        Completed/c",,18960,,17074,,182.3,,162.1,,-11.1,,"*"
"          Less than $50",,7218,,6169,,69.4,,58.6,,-15.6,,"*"
"          $50 to $249",,6680,,6083,,64.2,,57.8,,-10.0,,"*"
"          $250 or more",,3955,,3693,,38.0,,35.1,,-7.6,,"+"
"        Attempted",,789,,629,,7.6,,6.0,,-21.1,,"*"
"Note: Completed violent crimes include completed rape, sexual assault, completed robbery with and without injury,",,,,,,,,,,,,
"aggravated assault with injury, and simple assault with minor injury.  The total population age 12 or older was 221,880,960 in",,,,,,,,,,,,
"1998; in 1997 it was 219,839,810.  The total number of households in 1998 was 105,322,920; in 1997 it was 103,988,670.",,,,,,,,,,,,
". . . Not applicable.",,,,,,,,,,,,
"*  The difference from 1997 to 1998 is signficant at the 95% confidence level.",,,,,,,,,,,,
"+  The difference from 1997 to 1998 is signficant at the 90% confidence level.",,,,,,,,,,,,
"a  The National Crime Victimization Survey is based on interviews and therefore cannot measure murder. ",,,,,,,,,,,,
"b  Includes pocket picking, purse snatching, and attempted purse snatching.",,,,,,,,,,,,
"c  Includes thefts with unknown losses.",,,,,,,,,,,,
