Bureau of Justice Statistics,,,,
Filename: meco18at05.csv,,,,
"Appendix table 5. Estimates and standard errors for figure 2: Accepted cases per full-time-equivalent employee by size of population served, 2004 and 2018",,,,
"Report title: Medical Examiner and Coroner Offices, 2018   NCJ 302051",,,,
"Data source: Bureau of Justice Statistics, Census of Medical Examiner and Coroner Offices, 2004 and 2018",,,,
"Author: Connor Brooks, BJS Statistician",,,,
Refer questions to: askbjs@usdoj.gov 202-307-0765,,,,
Date of version: 11/9/2021,,,,
,,,,
"Appendix table 5. Estimates and standard errors for figure 2: Accepted cases per full-time-equivalent employee by size of population served, 2004 and 2018",,,,
,,2004,2018,
Population served,,Estimate,Estimate,Standard error
Total,,100,80,2
,"250,000 or more",110,130,5
,"25,000 to 249,999",80,60,2
,"Less than 25,000",60,30,4
"Source: Bureau of Justice Statistics, Census of Medical Examiner and Coroner Offices, 2004 and 2018.",,,,
