Bureau of Justice Statistics,,,,,
Filename: meco18t13.csv,,,,,
"Table 13. Response rates by office type and population served, 2018",,,,,
"Report title: Medical Examiner and Coroner Offices, 2018   NCJ 302051",,,,,
"Data source:  Bureau of Justice Statistics, Census of Medical Examiner and Coroner Offices, 2018",,,,,
"Author: Connor Brooks, BJS Statistician",,,,,
Refer questions to: askbjs@usdoj.gov 202-307-0765,,,,,
Date of version: 11/9/2021,,,,,
,,,,,
"Table 13. Response rates by office type and population served, 2018",,,,,
Type of office and population served,,Respondents,Total enumerated,Response rate,
,Total,"1,648","2,037",80.9,%
Coroner office/a,,"1,302","1,630",79.9,%
,"250,000 or more",86,94,91.1,
,"25,000 to 249,999",562,709,79.3,
,"Less than 25,000",654,827,79,
Medical examiner office/b,,323,384,84.2,%
,"250,000 or more",105,112,93.9,
,"25,000 to 249,999",126,156,80.8,
,"Less than 25,000",92,116,79.3,
State medical examiner office,,23,24,96,%
"a/Includes county, district, and regional coroner offices.",,,,,
"b/Includes city, county, district, and regional medical examiner offices.",,,,,
"Source: Bureau of Justice Statistics, Census of Medical Examiner and Coroner Offices, 2018.",,,,,
