Bureau of Justice Statistics,,,,,,,,,,,,,,,,,,,,,,,,,,,,,,,,,,,
Filename: meco18t11.csv,,,,,,,,,,,,,,,,,,,,,,,,,,,,,,,,,,,
"Table 11. Percent of ME/C offices with access to selected technologies, by type of office and population served, 2018",,,,,,,,,,,,,,,,,,,,,,,,,,,,,,,,,,,
"Report title: Medical Examiner and Coroner Offices, 2018   NCJ 302051",,,,,,,,,,,,,,,,,,,,,,,,,,,,,,,,,,,
"Data source:  Bureau of Justice Statistics, Census of Medical Examiner and Coroner Offices, 2018",,,,,,,,,,,,,,,,,,,,,,,,,,,,,,,,,,,
"Author: Connor Brooks, BJS Statistician",,,,,,,,,,,,,,,,,,,,,,,,,,,,,,,,,,,
Refer questions to: askbjs@usdoj.gov 202-307-0765,,,,,,,,,,,,,,,,,,,,,,,,,,,,,,,,,,,
Date of version: 11/9/2021,,,,,,,,,,,,,,,,,,,,,,,,,,,,,,,,,,,
,,,,,,,,,,,,,,,,,,,,,,,,,,,,,,,,,,,
"Table 11. Percent of ME/C offices with access to selected technologies, by type of office and population served, 2018",,,,,,,,,,,,,,,,,,,,,,,,,,,,,,,,,,,
,,Computerized axial tomography,,,,,,,Criminal history databases,,,,,,,Fingerprint databases,,,,,,,Magnetic resonance imaging,,,,,,,Prescription drug monitoring programs,,,,,
Type of office and population served,,Total,,Direct access,,Access through partner agency,,,Total,,Direct access,,Access through partner agency,,,Total,,Direct access,,Access through partner agency,,,Total,,Direct access,,Access through partner agency,,,Total,,Direct access,,Access through partner agency,
,Total,50.3,%,3.4,%,46.9,%,,71.2,%,15,%,56.3,%,,69.3,%,7.6,%,61.6, %,,44,%,1.8,%,42.2,%,,60.6,%,28.8,%,31.8,%
Coroner office/a,,50.1,%,2.2,%,47.8,%,,73.4,%,15.7,%,57.7,%,,70.9,%,7.8,%,63.1,%,,45.5,%,1.4,%,44.1,%,,56.6,%,23.5,%,33.1,%
,"250,000 or more",53.2,,2.4, !,50.8,,,82,,40.4,,41.6,,,82.2,,28.9,,53.3,,,45.9,,1.1, !,44.8,,,64.5,,45.9,,18.5,
,"25,000 to 249,999",55.2,,1.4, !,53.8,,,74.2,,13,,61.2,,,71.8,,6.3,,65.5,,,51,,1.4, !,49.6,,,63.2,,28.9,,34.3,
,"Less than 25,000",44.8,,3,,41.7,,,71.7,,15.3,,56.4,,,68.9,,6.8,,62.2,,,40.1,,1.4, !,38.7,,,50.1,,16.4,,33.7,
Medical examiner office/b,,50.8,%,7.5,%,43.3,%,,61.7,%,12.1,%,49.6,%,,60.8,%,6,%,54.8,%,,39.1,%,3.6,% !,35.5,%,,75.4,%,48.8,%,26.6,%
,"250,000 or more",33,,10.1, !,23,,,82.9,,22.8,,60.1,,,84.8,,10.4,,74.4,,,19.6,,1.3, !,18.3,,,79.1,,50,,29.1,
,"25,000 to 249,999",57.6,,6.8, !,50.8,,,56.5,,7.7, !,48.8,,,58,,3.9, !,54.1,,,47.3,,5.8, !,41.6,,,69,,40.6,,28.5,
,"Less than 25,000",60.4,,5.8, !,54.6,,,48.1,,7.6, !,40.5,,,41.4,,4.4, !,37,,,48.3,,2.9, !,45.4,,,80.3,,58.7,,21.6,
State medical examiner office,,55.9,%,17.1,% !,38.9,% !,,77.3,%,9.1,% !,68.2,%,,90.9,%,18.2,% !,72.7,%,,22.6,% ,4.4,% !,18.1,% !,,95.5,%,72.7,%,22.7,% !
Note: Details may not sum to totals due to rounding. See appendix table 14 for standard errors.,,,,,,,,,,,,,,,,,,,,,,,,,,,,,,,,,,,
! Interpret with caution. Based on 10 or fewer cases or the coefficient of variation is greater than 0.5.,,,,,,,,,,,,,,,,,,,,,,,,,,,,,,,,,,,
"a/Includes county, district, and regional coroner offices.",,,,,,,,,,,,,,,,,,,,,,,,,,,,,,,,,,,
"b/Includes city, county, district, and regional medical examiner offices.",,,,,,,,,,,,,,,,,,,,,,,,,,,,,,,,,,,
"Source: Bureau of Justice Statistics, Census of Medical Examiner and Coroner Offices, 2018.",,,,,,,,,,,,,,,,,,,,,,,,,,,,,,,,,,,
