Bureau of Justice Statistics,,,,,
Filename: meco18at13.csv,,,,,
"Appendix table 13. Standard errors for table 10: Percent of offices with computerized record management systems and access to internet separate from a personal device, by type of office and size of population served, 2018",,,,,
"Report title: Medical Examiner and Coroner Offices, 2018   NCJ 302051",,,,,
"Data source: Bureau of Justice Statistics, Census of Medical Examiner and Coroner Offices, 2018",,,,,
"Author: Connor Brooks, BJS Statistician",,,,,
Refer questions to: askbjs@usdoj.gov 202-307-0765,,,,,
Date of version: 11/9/2021,,,,,
,,,,,
"Appendix table 13. Standard errors for table 10: Percent of offices with computerized record management systems and access to internet separate from a personal device, by type of office and size of population served, 2018",,,,,
Type of office and population served,,Offices with a computerized information management system,,Offices with internet separate from a personal device,
,Total,0.53,%,0.72,%
Coroner office,,0.61,%,0.84,%
,"250,000 or more",1.82,,0.97,
,"25,000 to 249,999",0.96,,1.14,
,"Less than 25,000",0.76,,1.3,
Medical examiner office,,1.11,%,1.35,%
,"250,000 or more",1.08,,0.84,
,"25,000 to 249,999",1.78,,2.32,
,"Less than 25,000",1.88,,2.99,
State medical examiner office,,1.31,%,0,%
"Source: Bureau of Justice Statistics, Census of Medical Examiner and Coroner Offices, 2018.",,,,,
