Bureau of Justice Statistics,,,
Filename: meco18f01.csv,,,
"Figure 1. Number of full-time equivalent autopsy pathologists, coroners, and other medical examiners by size of jurisdiction served, 2004 and 2018",,,
"Report title: Medical Examiner and Coroner Offices, 2018   NCJ 302051",,,
"Data source: Bureau of Justice Statistics, Census of Medical Examiner and Coroner Offices, 2004 and 2018",,,
"Author: Connor Brooks, BJS Statistician",,,
Refer questions to: askbjs@usdoj.gov 202-307-0765,,,
Date of version: 11/9/2021,,,
,,,
"Figure 1. Number of full-time equivalent autopsy pathologists, coroners, and other medical examiners by size of jurisdiction served, 2004 and 2018",,,
Population served,,2004,2018
Total,,"2,870","3,020"
,"250,000 or more",930,790
,"25,000�249,999","1,450","1,270"
,"Less than 25,000",490,960
Note: See appendix table 2 for estimates and standard errors.,,,
"Source: Bureau of Justice Statistics, Census of Medical Examiner and Coroner Offices, 2004 and 2018.",,,
