Bureau of Justice Statistics,,,,,,,,,,,,,,,,,,,,,,,,,,,,,,,,,,,
Filename: meco18at15.csv,,,,,,,,,,,,,,,,,,,,,,,,,,,,,,,,,,,
"Appendix table 15. Standard errors for table 12: ME/C office access to selected trainings, by type of office and population served, 2018",,,,,,,,,,,,,,,,,,,,,,,,,,,,,,,,,,,
"Report title: Medical Examiner and Coroner Offices, 2018   NCJ 302051",,,,,,,,,,,,,,,,,,,,,,,,,,,,,,,,,,,
"Data source: Bureau of Justice Statistics, Census of Medical Examiner and Coroner Offices, 2018",,,,,,,,,,,,,,,,,,,,,,,,,,,,,,,,,,,
"Author: Connor Brooks, BJS Statistician",,,,,,,,,,,,,,,,,,,,,,,,,,,,,,,,,,,
Refer questions to: askbjs@usdoj.gov 202-307-0765,,,,,,,,,,,,,,,,,,,,,,,,,,,,,,,,,,,
Date of version: 11/9/2021,,,,,,,,,,,,,,,,,,,,,,,,,,,,,,,,,,,
,,,,,,,,,,,,,,,,,,,,,,,,,,,,,,,,,,,
"Appendix table 15. Standard errors for table 12: ME/C office access to selected trainings, by type of office and population served, 2018",,,,,,,,,,,,,,,,,,,,,,,,,,,,,,,,,,,
,,Bloodborne pathogens,,,,,,,Disaster planning,,,,,,,Mass fatality investigation,,,,,,,Proper lifting procedures,,,,,,,Stress management,,,,,
Type of office and population served,,Total,,Direct access,,Access through partner agency,,,Total,,Direct access,,Access through partner agency,,,Total,,Direct access,,Access through partner agency,,,Total,,Direct access,,Access through partner agency,,,Total,,Direct access,,Access through partner agency,
,Total,0.65,%,0.74,%,0.81,%,,0.52,%,0.73,%,0.8,%,,0.53,%,0.75,%,0.8,%,,0.73,%,0.74,%,0.8,%,,0.75,%,0.7,%,0.8,%
Coroner office,,0.74,%,0.84,%,0.94,%,,0.57,%,0.84,%,0.91,%,,0.61,%,0.86,%,0.93,%,,0.84,%,0.84,%,0.93,%,,0.87,%,0.8,%,0.92,%
,"250,000 or more",1.62,,3.38,,3.33,,,1.4,,3.36,,3.39,,,0.87,,3.39,,3.39,,,2.19,,3.38,,3.34,,,2.52,,3.34,,3.33,
,"25,000 to 249,999",1.03,,1.31,,1.41,,,0.74,,1.31,,1.38,,,0.78,,1.34,,1.4,,,1.23,,1.32,,1.39,,,1.3,,1.27,,1.38,
,"Less than 25,000",1.16,,1.1,,1.34,,,0.94,,1.12,,1.3,,,1,,1.14,,1.32,,,1.25,,1.11,,1.34,,,1.28,,1.04,,1.34,
Medical examiner office,,1.38,%,1.6,%,1.59,%,,1.27,%,1.47,%,1.67,%,,1.19,%,1.53,%,1.65,%,,1.53,%,1.58,%,1.53,%,,1.5,%,1.5,%,1.67,%
,"250,000 or more",1.1,,2.48,,2.33,,,1.25,,2.96,,2.99,,,0.75,,2.74,,2.71,,,1.99,,2.65,,2.2,,,1.85,,2.96,,2.96,
,"25,000 to 249,999",2.26,,2.39,,2.57,,,1.95,,2.05,,2.5,,,1.8,,2.26,,2.54,,,2.49,,2.34,,2.5,,,2.46,,2.12,,2.58,
,"Less than 25,000",3.18,,2.71,,3.19,,,3.06,,2.49,,3.27,,,3.02,,2.61,,3.27,,,3.22,,2.85,,3.06,,,3.18,,2.74,,3.18,
State medical examiner office,,0,%,4.02,%,4.02,%,,0,%,4.2,%,4.2,%,,0,%,4.22,%,4.22,%,,0,%,3.96,%,3.96,%,,1.53,%,4.22,%,4.22,%
"Source: Bureau of Justice Statistics, Census of Medical Examiner and Coroner Offices, 2018.",,,,,,,,,,,,,,,,,,,,,,,,,,,,,,,,,,,
