Bureau of Justice Statistics,,,,,,
Filename: meco18t03.csv,,,,,,
"Table 3. Cases referred to and accepted by ME/C offices, by type of office and population served, 2018",,,,,,
"Report title: Medical Examiner and Coroner Offices, 2018   NCJ 302051",,,,,,
"Data source: Bureau of Justice Statistics, Census of Medical Examiner and Coroner Offices, 2018",,,,,,
"Author: Connor Brooks, BJS Statistician",,,,,,
Refer questions to: askbjs@usdoj.gov 202-307-0765,,,,,,
Date of version: 11/9/2021,,,,,,
,,,,,,
"Table 3. Cases referred to and accepted by ME/C offices, by type of office and population served, 2018",,,,,,
Type of office and population served,,Cases referred,Cases accepted,Percent total cases accepted,,Average number of cases accepted per FTE/a
,Total,"1,317,730","604,700",45.9,%,80
Coroner office/b,,"587,610","306,030",52.1,%,60
,"250,000 or more","266,680","114,700",43,,130
,"25,000 to 249,999","254,160","136,700",53.8,,50
,"Less than 25,000","66,760","54,630",81.8,,40
Medical examiner office/c,,"593,910","213,370",35.9,%,110
,"250,000 or more","504,770","175,380",34.7,,110
,"25,000 to 249,999","63,050","33,680",53.4,,130
,"Less than 25,000","26,090","4,320",16.5,,40
State medical examiner office,,"136,220","85,300",62.6,%,180
"Note: 157 offices reported cases were referred to them, but they did not track the number. 119 offices reported that they had accepted cases but did not track the number. See appendix table 4 for standard errors. ",,,,,,
"a/FTEs include full-time and part-time autopsy pathologists, coroners or non-physicians, death investigators, and forensic toxicologists. Part-time employees were counted as 0.5. This excludes consultants and on-call employees.",,,,,,
"b/Includes county, district, and regional coroner offices.",,,,,,
"c/Includes city, county, district, and regional medical examiner offices.",,,,,,
"Source: Bureau of Justice Statistics, Census of Medical Examiner and Coroner Offices, 2018.",,,,,,
