Bureau of Justice Statistics,,,,,,,,,
Filename: meco18at11.csv,,,,,,,,,
"Appendix table 11. Standard errors for table 9: Minimum and maximum starting salaries on average in ME/C offices, by type of office and population served, 2018",,,,,,,,,
"Report title: Medical Examiner and Coroner Offices, 2018   NCJ 302051",,,,,,,,,
"Data source: Bureau of Justice Statistics, Census of Medical Examiner and Coroner Offices, 2018",,,,,,,,,
"Author: Connor Brooks, BJS Statistician",,,,,,,,,
Refer questions to: askbjs@usdoj.gov 202-307-0765,,,,,,,,,
Date of version: 11/9/2021,,,,,,,,,
,,,,,,,,,
"Appendix table 11. Standard errors for table 9: Minimum and maximum starting salaries on average in ME/C offices, by type of office and population served, 2018",,,,,,,,,
,,Autopsy pathologist,,Coroners/non-physicians,,Death investigators,,Forensic toxicologists,
Type of office and population served,,Minimum,Maximum,Minimum,Maximum,Minimum,Maximum,Minimum,Maximum
,Total,"$4,773 ","$5,906 ","$1,029 ","$1,106 ",$884 ,"$1,382 ","$5,214 ","$7,424 "
Coroner office,,"$11,208 ","$12,961 ","$1,023 ","$1,086 ","$1,063 ","$1,704 ","$12,557 ","$15,038 "
,"250,000 or more","$8,234 ","$9,617 ","$5,154 ","$5,213 ","$1,910 ","$2,746 ","$13,882 ","$17,605 "
,"25,000 to 249,999","$20,263 ","$24,854 ","$1,285 ","$1,341 ","$1,415 ","$2,504 ",~,~
,"Less than 25,000",~,~,$841 ,$960 ,"$1,390 ","$1,704 ",~,~
Medical examiner office,,"$5,097 ","$6,970 ","$8,612 ","$10,663 ","$1,704 ","$2,423 ","$4,926 ","$9,502 "
,"250,000 or more","$4,369 ","$5,815 ",~,~,"$1,641 ","$2,390 ","$4,926 ","$9,502 "
,"25,000 to 249,999","$20,345 ","$24,004 ","$10,035 ","$11,860 ","$3,253 ","$4,476 ",~,~
,"Less than 25,000",~,~,~,~,~,~,~,~
State medical examiner office,,"$2,892 ","$4,232 ",~,~,"$1,405 ","$2,264 ",~,~
~Not applicable.,,,,,,,,,
"Source: Bureau of Justice Statistics, Census of Medical Examiner and Coroner Offices, 2018.",,,,,,,,,
