Bureau of Justice Statistics,,,,,,,,,
Filename: meco18t09.csv,,,,,,,,,
"Table 9. Minimum and maximum starting salaries on average in ME/C offices, by type of office and population served, 2018",,,,,,,,,
"Report title: Medical Examiner and Coroner Offices, 2018   NCJ 302051",,,,,,,,,
"Data source:  Bureau of Justice Statistics, Census of Medical Examiner and Coroner Offices, 2018",,,,,,,,,
"Author: Connor Brooks, BJS Statistician",,,,,,,,,
Refer questions to: askbjs@usdoj.gov 202-307-0765,,,,,,,,,
Date of version: 11/9/2021,,,,,,,,,
,,,,,,,,,
"Table 9. Minimum and maximum starting salaries on average in ME/C offices, by type of office and population served, 2018",,,,,,,,,
,,Autopsy pathologist,,Coroners/non-physicians,,Death investigators,,Forensic toxicologists,
Type of office and  population served,,Minimum,Maximum,Minimum,Maximum,Minimum,Maximum,Minimum,Maximum
,Total,"$163,000 ","$204,000 ","$35,000 ","$38,000 ","$29,000 ","$39,000 ","$61,000 ","$91,000 "
Coroner office/a,,"$143,000 ","$165,000 ","$34,000 ","$38,000 ","$26,000 ","$33,000 ","$50,000 ","$60,000 "
,"250,000 or more","$182,000 ","$207,000 ","$98,000 ","$105,000 ","$46,000 ","$63,000 ","$78,000 ","$92,000 "
,"25,000 to 249,999","$116,000 ","$140,000 ","$39,000 ","$43,000 ","$27,000 ","$35,000 ",**,**
,"Less than 25,000",*,*,"$17,000 ","$19,000 ","$10,000 ","$12,000 ",*,*
Medical examiner office/b,,"$172,000 ","$224,000 ","$49,000 ","$59,000 ","$39,000 ","$54,000 ","$63,000 ","$107,000 "
,"250,000 or more","$177,000 ","$236,000 ",**,**,"$47,000 ","$66,000 ","$63,000 ","$107,000 "
,"25,000 to 249,999","$152,000 ","$160,000 ","$53,000 ","$61,000 ","$29,000 ","$38,000 ",~,~
,"Less than 25,000",**,**,**,**,*,*,***,***
State medical examiner office,,"$181,000 ","$223,000 ",~,~,"$41,000 ","$56,000 ",*,*
"Note: Salaries rounded to the nearest $1,000. See appendix table 11 for standard errors.",,,,,,,,,
~Not applicable. Offices reported having no personnel in this category.,,,,,,,,,
*Fewer than 10 offices in this category reported salary data.,,,,,,,,,
**Fewer than 5 offices in this category reported salary data.,,,,,,,,,
"***Although one office reported having forensic toxicologists, they did not report minimum and maximum starting salaries.",,,,,,,,,
"a/Includes county, district, and regional coroner offices.",,,,,,,,,
"b/Includes city, county, district, and regional medical examiner offices.",,,,,,,,,
"Source: Bureau of Justice Statistics, Census of Medical Examiner and Coroner Offices, 2018.",,,,,,,,,
