Bureau of Justice Statistics,,,,,
Filename: meco18f03.csv,,,,,
"Figure 3. Percent of ME/C offices with a computerized information management system, by size of population served, 2004 and 2018",,,,,
"Report title: Medical Examiner and Coroner Offices, 2018   NCJ 302051",,,,,
"Data source: Bureau of Justice Statistics, Census of Medical Examiner and Coroner Offices, 2004 and 2018",,,,,
"Author: Connor Brooks, BJS Statistician",,,,,
Refer questions to: askbjs@usdoj.gov 202-307-0765,,,,,
Date of version: 11/9/2021,,,,,
,,,,,
"Figure 3. Percent of ME/C offices with a computerized information management system, by size of population served, 2004 and 2018",,,,,
Population served,,2004,,2018,
Total,,30.9,%,43.3,%
,"250,000 or more",84,,87.3,
,"25,000�249,999",33.4,,48.9,
,"Less than 25,000",15.5,,27.6,
Note: See appendix table 12 for estimates.,,,,,
"Source: Bureau of Justice Statistics, Census of Medical Examiner and Coroner Offices, 2004 and 2018.",,,,,
