Bureau of Justice Statistics,,,,,,,,,,,,,
Filename: lpd13pppt10.csv,,,,,,,,,,,,,
"Table 10. Personnel designated to address crime-related issues in local police departments, by size of department, 2013",,,,,,,,,,,,,
"Report title: Local Police Departments, 2013: Personnel, Policies, and Practices NCJ 248677",,,,,,,,,,,,,
"Data Source: Bureau of Justice Statistics, Law Enforcement Management and Administrative Statistics Survey, 2013",,,,,,,,,,,,,
"Author: Brian A. Reaves, Ph.D., BJS Statistician",,,,,,,,,,,,,
Refer questions to: askbjs@usdoj.gov   202-307-0765,,,,,,,,,,,,,
Date of version: 5/12/2015,,,,,,,,,,,,,
,,,,,,,,,,,,,
"Table 10. Personnel designated to address crime-related issues in local police departments, by size of department, 2013",,,,,,,,,,,,,
,,,,,,,,,,,,,
,Departments employing 100 officers or more ,,,,,,,Departments employing 99 officers or fewer,,,,,
,,,Personnel assigned ,,,,,,,Personnel assigned ,,,
Problem or task,Total,,full time to special unit,,Other designated personnel,,,Total,,full time to special unit,,Other designated personnel,
Bias/hate crime,38,%,10,%,28,%,,15,%,5,%,10,%
Child abuse,90,,61,,29,,,39,,11,,29,
Cybercrime,76,,39,,36,,,26,,6,,20,
Domestic violence,81,,54,,28,,,28,,8,,20,
Gangs,83,,55,,28,,,20,,6,,14,
Human trafficking,42,,15,,27,,,11,,3,,8,
Impaired driving,75,,39,,36,,,32,,9,,23,
Juvenile crime,82,,59,,23,,,34,,11,,23,
Victim assistance,62,,37,,26,,,21,,6,,14,
Note: Detail may not sum to total because of rounding. See appendix table 27 for standard errors. ,,,,,,,,,,,,,
"Source: Bureau of Justice Statistics, Law Enforcement Management and Administrative Statistics (LEMAS) Survey, 2013.",,,,,,,,,,,,,
