Bureau of Justice Statistics,,,
Filename: lpd13pppf06.csv,,,
"Figure 6. Average base starting salary for entry-level local police officers, by size of population served, 1993, 2003, and 2013",,,
"Report title: Local Police Departments, 2013: Personnel, Policies, and Practices NCJ 248677",,,
"Data Source: Bureau of Justice Statistics, Law Enforcement Management and Administrative Statistics Survey, 2013",,,
"Author: Brian A. Reaves, Ph.D., BJS Statistician",,,
Refer questions to: askbjs@usdoj.gov   202-307-0765,,,
Date of version: 5/12/2015,,,
,,,
"Figure 6. Average base starting salary for entry-level local police officers, by size of population served, 1993, 2003, and 2013",,,
Population served,1993,2003,2013
All sizes*,41528,44718,44370
"250,000 or more",44319,47493,47466
"50,000�249,999",45039,48122,49284
"10,000�49,999",40758,42903,43578
"9,999 or fewer",30712,32706,34842
Note: All amounts are in 2013 dollars. See appendix table 20 for standard errors. ,,,
*Overall percentages are weighted by number of officers employed.,,,
"Source: Bureau of Justice Statistics, Law Enforcement Management and Administrative Statistics (LEMAS) Survey, 1993, 2003, and 2013.",,,
