Bureau of Justice Statistics,,,,,,,,,
Filename: lpd13pppat27.csv,,,,,,,,,
"Appendix table 27. Standard errors for table 10: Personnel designated to address crime-related issues in local police departments, by size of department, 2013",,,,,,,,,
"Report title: Local Police Departments, 2013: Personnel, Policies, and Practices NCJ 248677",,,,,,,,,
"Data Source: Bureau of Justice Statistics, Law Enforcement Management and Administrative Statistics Survey, 2013",,,,,,,,,
"Author: Brian A. Reaves, Ph.D., BJS Statistician",,,,,,,,,
Refer questions to: askbjs@usdoj.gov   202-307-0765,,,,,,,,,
Date of version: 5/12/2015,,,,,,,,,
,,,,,,,,,
"Appendix table 27. Standard errors for table 10: Personnel designated to address crime-related issues in local police departments, by size of department, 2013",,,,,,,,,
,,,,,,,,,
,Departments employing 100 officers or more,,,,,Departments employing 99 officers or fewer,,,
,Personnel assigned ,,Other designated ,,,Personnel assigned ,,Other designated ,
Problem or task,full time to special unit,,personnel,,,full time to special unit,,personnel,
Bias/hate crime,0.6,%,1.2,%,,0.9,%,1.2,%
Child abuse,0.9,,1.3,,,1.1,,1.9,
Cybercrime,0.9,,1.4,,,0.8,,1.3,
Domestic violence,0.9,,1.2,,,1,,1.7,
Gangs,0.9,,1.3,,,0.7,,1.3,
Human trafficking,0.7,,1.2,,,0.8,,0.9,
Impaired driving,0.9,,1.4,,,1,,1.9,
Juvenile crime,0.9,,1.1,,,1,,1.9,
Victim assistance,0.9,,1.2,,,0.9,,1.5,
"Source: Bureau of Justice Statistics, Law Enforcement Management and Administrative Statistics (LEMAS) Survey, 2013.",,,,,,,,,
