Bureau of Justice Statistics,,,,,,,,,,,
Filename: jic11t08.csv,,,,,,,,,,,
"Table 8: Admissions and expected length of stay in 73 operating Indian country jails, by facility size based on the rated capacity midyear 2010, June 2010 and 2011",,,,,,,,,,,
"Report title: Jails in Indian Country, 2011 NCJ 238978",,,,,,,,,,,
Data source: Survey of Jails in Indian Country (SJIC),,,,,,,,,,,
Author: Todd D. Minton,,,,,,,,,,,
Refer questions to: askbjs@usdoj.gov   202-307-0765,,,,,,,,,,,
Date of version: 9/25/2012,,,,,,,,,,,
,,,,,,,,,,,
"Table 8. Admissions and expected length of stay in 73 operating Indian country jails, by facility size based on the rated capacity midyear 2010, June 2010 and 2011",,,,,,,,,,,
,,,,ADP/b,,,Admissions,,,Expected average length of stay/c,
Facility size/a,,Number of facilities,,2010,2011,,2010,2011,,2010,2011
,Total,73,,"1,930","1,929",,"12,112","11,169",,4.8,5.2
Fewer than 10 inmates,,6,,15,13,,101,95,,4.5,4
10 to 24,,22,,202,199,,"2,689","2,478",,2.3,2.4
25 to 49,,30,,809,727,,"7,205","6,922",,3.4,3.1
50 or more,,15,,904,991,,"2,117","1,674",,12.8,17.8
Note: Detail may not sum to total due to rounding.,,,,,,,,,,,
a/Based on the rated capacity or the maximum number of beds or inmates assigned by a rating official.,,,,,,,,,,,
"b/Average daily population (ADP) is the sum of the number of inmates held on each day in June, divided by 30.",,,,,,,,,,,
"c/Calculated by dividing the average daily population (ADP) by the number of June admissions, and multiplying by 30. See Methodology for details on estimating expected length of stay.",,,,,,,,,,,
"Source: Bureau of Justice Statistics, Annual Survey of Jails in Indian Country, 2010�2011.",,,,,,,,,,,
