"Bureau of Justice Statistics",,,,,
"Filename:  feel9708.csv",,,,,
"Table 8.  Cases filed in U.S. district court charging a civil violation of Federal environmental law, 1994-97",,,,,
"Report title: Federal Enforcement of Environmental Laws, 1997, NCJ 175686",,,,,
"Data source:  Federal Justice Statistics Program",,,,,
"Author:  John Scalia ",,,,,
"Refer questions to: askbjs@ojp.usdoj.gov (202) 307-0765",,,,,
"Date of version: 11/08/99",,,,,
,,,,,
,,,,,
"Table 8.  Cases filed in U.S. district court charging a civil violation of Federal environmental law, 1994-97",,,,,
,,,,,
"Type of violation",,1994,1995,1996,1997
,"Total",209,207,220,207
,,,,,
"Environmental Protection",,199,200,211,204
,"Clean Air Act",45,35,56,35
,"Clean Water Act",80,74,72,62
,"CERCLA",60,66,61,82
,"RCRA",13,25,21,23
,"Other",1,"--  ",1,2
,,,,,
"Wildlife",,10,7,6,3
"National Environmental Policy",," --  "," --  ",3," --  "
,,,,,
"Data source: Administrative Office of the U.S. Courts, civil master file, annual.",,,,,
