"Bureau of Justice Statistics",,,,
"Filename:  feel9702.csv",,,,
"Table 2: Administrative Enforcement Actions Initiated by the U.S. Environmental Protection Agency, 1994-97",,,,
"Report title: Federal Enforcement of Environmental Laws, 1997, NCJ 175686",,,,
"Data source:  Federal Justice Statistics Program",,,,
"Author:  John Scalia ",,,,
"Refer questions to: askbjs@ojp.usdoj.gov (202) 307-0765",,,,
"Date of version: 11/08/99",,,,
,,,,
,,,,
"Table 2:  Administrative enforcement actions initiated by the U.S. Environmental Protection Agency, 1994-97",,,,
,,,,
"Type of violation",1994,1995,1996,1997
"Total",3544,2969,2171,3427
"Clean Air Act",435,232,242,391
"Clean Water Act",1841,1774,998,1642
"RCRA",115,92,238,423
"CERCLA",264,280,234,305
"FIFRA",249,160,83,181
"TSCA",333,187,178,185
"EPCRA",307,244,198,300
,,,,
"Data source: U.S. Environmental Protection Agency, Enforcement and Compliance Assurance Accomplishments Report, Fiscal Year 1997 (July 1998).",,,,
