"Bureau of Justice Statistics",,,,,,,,,,,,,,,
"filename:  lem9713b.csv",,,,,,,,,,,,,,,
"table #:  13b",,,,,,,,,,,,,,,
"report title:  Law Enforcement Management and Administrative Statistics, 1997:",,,,,,,,,,,,,,,
"                  Data for Individual State and Local Agencies with 100 or More Officers    NCJ 171681",,,,,,,,,,,,,,,
"data source:  1997 LEMAS survey",,,,,,,,,,,,,,,
"authors:  Brian A. Reaves and Andrew L. Goldberg",,,,,,,,,,,,,,,
"refer questions to:  askbjs@ojp.usdoj.gov  (202) 307-0765",,,,,,,,,,,,,,,
"date of version:  3/26/99",,,,,,,,,,,,,,,
,,,,,,,,,,,,,,,
"Table 13b.  Vehicle use policies, number of vehicles operated, and number of animals maintained",,,,,,,,,,,,,,,
"by State law enforcement agencies, 1997",,,,,,,,,,,,,,,
,,,,,,,,,,,,,,,
,"      Number of ",,,"   Percent",,,"    Marked vehicle use",,,"     Number of off-land",,,,,
,"      cars operated",,,"   of cars",,,"    policy for officers",,,"     vehicles operated",,,,"Number of",
,,"   Per 100",,"   that are",,,"Commuting"," Personal ",,,"Heli-",,,"animals maintained",
"Name of agency","     Total","   officers",,"   marked",,,"purposes"," use allowed",,"Boats","copters","Planes",,"     Dogs ","   Horses "
,,,,,,,,,,,,,,,
"Alabama Department of Public Safety",842,98,,77,"%",,"X","X",,0,8,5,,3,0
"Alaska State Troopers",270,59,,91,,,"X","X",,6,2,5,,8,0
"Arizona Department of Public Safety",851,77,,78,,,"X","-",,0,5,4,,18,0
"Arkansas State Police",460,71,,68,,,"X","-",,0,1,4,,15,0
"California Highway Patrol",2446,37,,98,,,"X","-",,0,9,14,,33,4
"Colorado State Patrol",513,72,,75,,,"X","-",,0,0,5,,0,0
"Connecticut State Police",1446,133,,60,,,"X","X",,2,0,3,,40,0
"Delaware State Police",753,107,,47,,,"X","-",,2,4,2,,19,0
"Florida Highway Patrol",2029,114,,84,,,"X","-",,0,3,11,,35,0
"Georgia State Patrol",978,101,,90,,,"X","-",,0,14,2,,8,0
,,,,,,,,,,,,,,,
"Idaho State Police",160,48,,100,,,"X","-",,0,0,0,,5,0
"Illinois State Police",2400,113,,54,,,"X","X",,0,1,2,,30,0
"Indiana State Police",1465,108,,50,,,"X","X",,20,8,6,,5,0
"Iowa State Patrol",445,78,,90,,,"X","-",,0,0,9,,3,0
"Kansas Highway Patrol",415,62,,96,,,"X","-",,0,3,3,,15,0
"Kentucky State Police",1201,113,,50,,,"X","-",,0,2,3,,2,0
"Louisiana State Police",1230,117,,67,,,"X","X",,0,4,3,,12,0
"Maine State Police",418,88,,61,,,"X","X",,0,0,2,,22,0
"Maryland State Police",1319,80,,64,,,"X","X",,2,12,3,,40,0
"Massachusetts State Police",2300,95,,70,,,"X","-",,3,3,1,,27,0
,,,,,,,,,,,,,,,
"Michigan State Police",2040,93,,46,,,"X","-",,4,2,3,,24,0
"Minnesota State Patrol",504,79,,84,,,"X","-",,0,3,7,,1,0
"Mississippi Highway Safety Patrol",589,89,,80,,,"X","-",,0,2,2,,5,0
"Missouri State Highway Patrol",1073,90,,52,,,"X","-",,0,7,11,,13,0
"Montana Highway Patrol",212,60,,97,,,"X","-",,0,0,1,,0,0
"Nebraska State Patrol",449,74,,70,,,"X","-",,0,1,3,,16,0
"Nevada Highway Patrol",376,73,,97,,,"X","-",,0,0,2,,4,0
"New Hampshire State Police",482,112,,63,,,"X","-",,0,2,1,,15,0
"New Jersey State Police",1909,71,,35,,,"-","-",,82,6,1,,5,0
"New Mexico State Police",505,88,,60,,,"X","-",,5,1,3,,5,0
,,,,,,,,,,,,,,,
"New York State Police",2087,51,,41,,,"-","-",,15,6,4,,25,0
"North Carolina State Highway Patrol",1328,92,,83,,,"X","-",,0,12,0,,12,0
"North Dakota Highway Patrol",132,49,,99,,,"X","-",,0,0,2,,3,0
"Ohio State Highway Patrol",1368,92,,74,,,"X","-",,0,2,12,,12,0
"Oklahoma Highway Patrol",959,108,,90,,,"X","-",,112,0,9,,14,0
"Oregon State Police",450,45,,71,,,"X","-",,99,1,8,,4,0
"Pennsylvania State Police",2025,48,,44,,,"X","-",,0,7,5,,20,30
"Rhode Island State Police",180,55,,39,,,"X","-",,1,0,0,,7,0
"South Carolina Highway Patrol",1080,105,,83,,,"X","X",,0,0,0,,7,0
"South Dakota Highway Patrol",157,53,,96,,,"X","-",,2,1,2,,11,0
,,,,,,,,,,,,,,,
"Tennessee Department of Safety",794,75,,83,,,"X","-",,1,7,0,,19,0
"Texas Department of Public Safety",2683,93,,68,,,"X","-",,2,7,8,,27,0
"Utah Highway Patrol",350,66,,86,,,"X","-",,0,2,3,,0,0
"Vermont State Police",290,72,,66,,,"X","-",,19,0,0,,10,0
"Virginia State Police",2248,125,,53,,,"X","-",,1,6,4,,40,0
"Washington State Patrol",796,74,,92,,,"X","-",,0,0,8,,0,0
"West Virginia State Police","         ---","         ---",,"         ---",,,"X","-",,0,2,1,,12,0
"Wisconsin State Patrol",500,79,,70,,,"X","-",,0,0,3,,0,0
"Wyoming Highway Patrol",165,56,,97,,,"X","-",,0,0,0,,0,0
,,,,,,,,,,,,,,,
,,,,,,,,,,,,,,,
"Note:  Ratio of cars per 100 officers is based on full-time officers only.",,,,,,,,,,,,,,,
,,,,,,,,,,,,,,,
"Codes for the table are as follows:",,,,,,,,,,,,,,,
"     ""X""=Agency allows this type of vehicle use.",,,,,,,,,,,,,,,
"     ""-""=Agency does not allow this type of vehicle use.",,,,,,,,,,,,,,,
,,,,,,,,,,,,,,,
"---Data were not provided by an agency.",,,,,,,,,,,,,,,
,,,,,,,,,,,,,,,
,,,,,,,,,,,,,,,
,,,,,,,,,,,,,,,
,,,,,,,,,,,,,,,
,,,,,,,,,,,,,,,
,,,,,,,,,,,,,,,
,,,,,,,,,,,,,,,
,,,,,,,,,,,,,,,
,,,,,,,,,,,,,,,
,,,,,,,,,,,,,,,
,,,,,,,,,,,,,,,
,,,,,,,,,,,,,,,
,,,,,,,,,,,,,,,
,,,,,,,,,,,,,,,
,,,,,,,,,,,,,,,
,,,,,,,,,,,,,,,
,,,,,,,,,,,,,,,
,,,,,,,,,,,,,,,
,,,,,,,,,,,,,,,
,,,,,,,,,,,,,,,
,,,,,,,,,,,,,,,
,,,,,,,,,,,,,"State agencies   273",,
