"Bureau of Justice Statistics",,,,,,,,
"Filename:  cf966_02.csv",,,,,,,,
"Table #:  6.2",,,,,,,,
"Report title:  Compendium of Federal Justice Statistics, 1996",,,,,,,,
"Data source:  Federal justice statistics database maintained by The Urban Institute",,,,,,,,
"refer questions to:  John Scalia  (202) 616-3276   askbjs@ojp.usdoj.gov/bjs",,,,,,,,
"Date of version:  November 3, 1998",,,,,,,,
,,,,,,,,
"Table 6.2.  Characteristics of offenders terminating probation supervision, ",,,,,,,,
,"October 1, 1995 - September 30, 1996",,,,,,,
,,,,,,,,
,,,"Percent of probation supervisions terminating with--",,,,,
,,"Number of",,"Technical violations\a",,,,
"Offender",,"probation","No","Drug","Fugitive",,"New","Administrative"
"characteristic",,"terminations","violation","use","status","Other","crime\b","case closures"
," All offenders\c",17433,83.9,2.6,1.7,6.0,3.8,1.9
"Sex",,,,,,,,
,"Male",12875,82.9,2.6,1.9,6.3,4.2,2.0
,"Female",4550,86.8,2.6,1.2,5.1,2.7,1.6
"Race",,,,,,,,
,"White",12149,86.8,2.2,1.4,4.6,3.2,1.9
,"Black",4275,76.4,4.0,2.5,9.5,5.6,2.1
,"Other",871,81.1,1.8,2.3,8.3,4.7,1.8
"Ethnicity",,,,,,,,
,"Hispanic",1609,88.6,0,2.3,4.5,4.5,0
,"Non-Hispanic",15824,83.9,2.6,1.7,6.0,3.8,1.9
"Age",,,,,,,,
,"16-18 years",129,69.0,3.1,3.1,14.0,7.0,3.9
,"19-20 years",517,70.2,5.2,2.7,11.6,8.5,1.7
,"21-30 years",4642,78.3,3.7,2.4,8.5,5.9,1.3
,"31-40 years",5142,82.8,3.4,2.1,6.5,3.7,1.5
,"Over 40 years",6976,89.8,1.2,0.9,3.4,2.2,2.6
"Education",,,,,,,,
,"Less than high school graduate",4457,78.7,3.9,2.3,8.0,4.8,2.4
,"High school graduate",6579,83.5,2.8,1.9,5.9,4.3,1.6
,"Some college",4136,86.9,2.0,1.2,5.1,2.8,2.1
,"College graduate",1961,92.9,0.7,0.5,3.1,1.3,1.6
"Drug abuse",,,,,,,,
,"No known abuse",14062,87.1,1.2,1.6,5.0,3.1,2.0
,"Drug history",3366,70.9,8.5,2.4,10.0,6.7,1.6
,,,,,,,,
"(SEE PRINTED REPORT FOR FOOTNOTES)",,,,,,,,
