"Bureau of Justice Statistics",,,,,,,,,,
"Filename:  cf966_01.csv",,,,,,,,,,
"Table #:  6.1",,,,,,,,,,
"Report title:  Compendium of Federal Justice Statistics, 1996",,,,,,,,,,
"Data source:  Federal justice statistics database maintained by The Urban Institute",,,,,,,,,,
"refer questions to:  John Scalia  (202) 616-3276   askbjs@ojp.usdoj.gov/bjs",,,,,,,,,,
"Date of version:  November 3, 1998",,,,,,,,,,
,,,,,,,,,,
"Table 6.1.  Outcomes of probation supervision, by offense, October 1, 1995 - September 30, 1996",,,,,,,,,,
,,,,,,,,,,
,,,,,"Percent of probation supervisions terminating with--",,,,,
,,,,"Number of",,"Technical violations\b",,,,
,,,,"probation","No","Drug","Fugitive",,"New","Administrative"
"Most serious offense of conviction\a",,,,"terminations","violation","use","status","Other","crime\c","case closures"
,,,"   All offenses",17433,83.9,2.6,1.7,6.0,3.8,1.9
"Felonies",,,,9410,86.4,2.2,1.2,4.7,3.4,2.1
,"Violent offenses",,,233,73.0,5.2,2.6,8.6,9.9,0.9
,,"Murder\d",,18,83.3,0,0,11.1,5.6,0
,,"Negligent manslaughter",,7,"--","--","--","--","--","--"
,,"Assault",,45,64.4,6.7,6.7,11.1,8.9,2.2
,,"Robbery",,86,61.6,10.5,3.5,8.1,15.1,1.2
,,"Rape",,25,80.0,0,0,12.0,8.0,0
,,"Other sex offenses\d",,43,90.7,0,0,4.7,4.7,0
,,"Kidnaping",,7,"--","--","--","--","--","--"
,,"Threats against the President",,2,"--","--","--","--","--","--"
,"Property offenses",,,5315,86.1,1.8,1.3,5.2,3.6,2.1
,,"Fraudulent",,4269,87.3,1.4,1.2,4.9,3.2,2.1
,,,"Embezzlement",723,92.0,0.8,1.0,3.3,2.1,0.8
,,,"Fraud\d",3023,87.4,1.2,1.1,4.8,3.2,2.2
,,,"Forgery",265,80.4,2.3,1.9,8.7,4.9,1.9
,,,"Counterfeiting",258,80.2,3.9,1.6,7.0,3.5,3.9
,,"Other",,1046,80.9,3.7,1.6,6.4,5.3,2.1
,,,"Burglary",30,76.7,0,0,6.7,13.3,3.3
,,,"Larceny\d",770,79.3,4.0,2.0,7.3,5.3,2.1
,,,"Motor vehicle theft",91,86.8,4.4,0,4.4,2.2,2.2
,,,"Arson and explosives",40,90.0,2.5,0,2.5,2.5,2.5
,,,"Transportation of stolen property",99,85.9,3.0,1.0,3.0,5.1,2.0
,,,"Other property offenses\d",16,75.0,0,6.3,6.3,12.5,0
,"Drug offenses",,,1564,85.3,3.8,1.4,3.9,3.4,2.2
,,"Trafficking",,1451,85.6,3.7,1.4,3.6,3.4,2.3
,,"Possession and other drug offenses",,113,81.4,5.3,0.9,8.0,3.5,0.9
,"Public-order offenses",,,2277,89.4,1.6,0.8,3.6,2.3,2.4
,,"Regulatory",,545,91.4,1.3,0.9,3.1,1.3,2.0
,,,"Agriculture",24,95.8,0,0,0,0,4.2
,,,"Antitrust",16,100,0,0,0,0,0
,,,"Food and drug",28,96.4,0,3.6,0,0,0
,,,"Transportation",32,87.5,3.1,0,3.1,3.1,3.1
,,,"Civil rights",13,84.6,7.7,0,0,0,7.7
,,,"Communications",32,90.6,3.1,0,3.1,3.1,0
,,,"Custom laws",24,91.7,4.2,0,0,0,4.2
,,,"Postal laws",31,87.1,0,3.2,6.5,0,3.2
,,,"Other regulatory offenses",345,91.3,0.9,0.9,3.8,1.4,1.7
,,"Other",,1732,88.7,1.7,0.8,3.8,2.6,2.5
,,,"Weapons",375,81.9,5.1,0.5,5.3,4.5,2.7
,,,"Immigration offenses",193,77.2,1.0,4.1,10.4,4.7,2.6
,,,"Tax law violations\d",574,95.1,0.5,0.2,1.4,1.0,1.7
,,,"Bribery",135,97.8,0,0,1.5,0,0.7
,,,"Perjury, contempt, and intimidation",71,91.5,0,2.8,0,1.4,4.2
,,,"National defense",9,"--","--","--","--","--","--"
,,,"Escape",42,76.2,7.1,0,4.8,9.5,2.4
,,,"Racketeering and extortion",135,88.9,0,0,3.7,3.0,4.4
,,,"Gambling",143,96.5,0.7,0,0.7,0,2.1
,,,"Obscene material\d",11,81.8,0,0,0,0,18.2
,,,"Migratory birds",1,"--","--","--","--","--","--"
,,,"All other offenses",43,72.1,2.3,0,14.0,9.3,2.3
"Misdemeanors\d",,,,8023,81.0,3.1,2.3,7.5,4.3,1.7
,"Fraudulent property offense",,,2074,83.5,2.1,2.3,6.3,4.0,1.9
,"Larceny",,,766,86.3,2.7,1.7,4.8,2.5,2.0
,"Drug possession\d",,,942,79.6,3.8,2.3,7.9,4.8,1.6
,"Immigration",,,1472,77.0,6.2,1.8,8.7,4.8,1.5
,"Traffic offenses",,,250,74.4,2.0,7.6,7.2,7.6,1.2
,"Other misdemeanors",,,2519,80.9,2.1,2.4,8.5,4.5,1.6
,,,,,,,,,,
"--Too few cases to obtain statistically reliable data.",,,,,,,,,,
"(SEE PRINTED REPORT FOR FOOTNOTES)",,,,,,,,,,
