"Bureau of Justice Statistics",,,,,,,,,,,,,,
"filename:  cv9936.csv",,,,,,,,,,,,,,
"Table 36: Percent distribution of incidents, by type of crime",,,,,,,,,,,,,,
"and number of victims",,,,,,,,,,,,,,
"data source: National Criminal Victimization Survey, 1999   NCJ 184938",,,,,,,,,,,,,,
"produced by:  Cathy Maston ",,,,,,,,,,,,,,
"authors:  Patsy Klaus and Cathy Maston",,,,,,,,,,,,,,
"refer questions to:  askbjs@ojp.usdoj.gov     202-307-0765",,,,,,,,,,,,,,
"date of version: 11/13/00",,,,,,,,,,,,,,
,,,,,,,,,,,,,,
,,,,,,,,,,,,,,
"Table 36. Personal crimes of violence, 1999:",,,,,,,,,,,,,,
,,,,,,,,,,,,,,
"Percent distribution of incidents, by type of crime",,,,,,,,,,,,,,
"and number of victims",,,,,,,,,,,,,,
,,,,,,,,,,,,,,
,,,,,"                                                Percent of incidents",,,,,,,,,
,,,,,,,"                                     Number of victims",,,,,,,
,,,"  Number of",,,,,,,,,," Four",
"Type of crime",,,"  incidents",,"Total/a",,"  One",,"  Two",,"  Three",," or more",
,,,,,,,,,,,,,,
,,,,,,,,,,,,,,
"Crimes of violence",,,6723920,,100,"%",93.5,"%",5.0,"%",0.8,"%",0.7,"%"
,,,,,,,,,,,,,,
"   Completed violence",,,2077350,,100,,92.9,,5.6,,1.0,"*",0.5,"*"
"   Attempted/threatened violence",,,4646570,,100,,93.8,,4.7,,0.7,,0.8,
"   Rape/Sexual assault/b",,,381400,,100,,99.5,,0.5,"*","0.0 ","*","0.0 ","*"
"   Robbery",,,740890,,100,,93.2,,5.1,,1.4,"*",0.4,"*"
"      Completed/property taken",,,482340,,100,,92.6,,5.7,"*",1.1,"*",0.5,"*"
"         With injury",,,173010,,100,,94.1,,4.4,"*",0.5,"*",0.9,"*"
"         Without injury",,,309320,,100,,91.8,,6.4,"*",1.5,"*",0.3,"*"
"      Attempted to take property",,,258540,,100,,94.2,,3.9,"*",1.8,"*",0.2,"*"
"         With injury",,,69510,,100,,90.0,,7.7,"*",2.3,"*","0.0 ","*"
"         Without injury",,,189030,,100,,95.7,,2.5,"*",1.6,"*",0.2,"*"
"   Assault",,,5601630,,100,,93.1,,5.3,,0.7,,0.8,
"      Aggravated",,,1290360,,100,,89.2,,8.2,,1.3,"*",1.3,"*"
"      Simple",,,4311270,,100,,94.3,,4.5,,0.6,"*",0.6,"*"
,,,,,,,,,,,,,,
"Note: Detail may not add to total shown because of rounding.",,,,,,,,,,,,,,
"* Estimate is based on about 10 or fewer sample cases.",,,,,,,,,,,,,,
"a/Excludes incidents for which the number of victims was not ascertained.",,,,,,,,,,,,,,
"b/Includes verbal threats of rape and threats of sexual assault.",,,,,,,,,,,,,,
