"Bureau of Justice Statistics",,,,,,,,,,,,,
"filename:  cv9932.csv",,,,,,,,,,,,,
"Table 32: Percent distribution of victimizations",,,,,,,,,,,,,
"by perceived drug or alcohol use by offender",,,,,,,,,,,,,
"data source: National Criminal Victimization Survey, 1999   NCJ 184938",,,,,,,,,,,,,
"produced by:  Cathy Maston ",,,,,,,,,,,,,
"authors:  Patsy Klaus and Cathy Maston",,,,,,,,,,,,,
"refer questions to:  askbjs@ojp.usdoj.gov     202-307-0765",,,,,,,,,,,,,
"date of version: 11/13/00",,,,,,,,,,,,,
,,,,,,,,,,,,,
,,,,,,,,,,,,,
"Table 32. Personal crimes of violence, 1999:",,,,,,,,,,,,,
,,,,,,,,,,,,,
"Percent distribution of victimizations",,,,,,,,,,,,,
"by perceived drug or alcohol use by offender",,,,,,,,,,,,,
,,,,,,,,,,,,,
,,,,,,,,,,,,,
,,,,,,,,,,,,,
,,"                                                                    Percent of victimizations",,,,,,,,,,,
,,"Crimes",,"Rape/",,,,,,,,,
"Perceived drug or",,"of",,"Sexual",,,,,,"Assault",,,
"alcohol use by offender",,"violence",,"assault/a",,"Robbery",,"     Total",,"Aggravated",,"   Simple",
,,,,,,,,,,,,,
,,,,,,,,,,,,,
"Total victimizations",,100.0,"%",100.0,"%",100.0,"%",100.0,"%",100.0,"%",100.0,"%"
,,,,,,,,,,,,,
"Total (Perceived to be",,28.2,,31.6,,27.7,,28.0,,32.2,,26.7,
"under the influence",,,,,,,,,,,,,
"of drugs or alcohol)",,,,,,,,,,,,,
,,,,,,,,,,,,,
"  Under the influence of alcohol",,16.1,,22.3,,10.9,,16.4,,15.3,,16.8,
"  Under the influence of drugs",,4.9,,4.0,"*",7.6,,4.6,,4.8,,4.6,
"  Under the influence of both",,5.5,,4.4,"*",7.1,,5.3,,8.6,,4.2,
"    drugs and alcohol",,,,,,,,,,,,,
"  Under the influence of one,",,1.7,,0.8,"*",2.0,"*",1.7,,3.5,,1.1,
"    not sure which",,,,,,,,,,,,,
"  Not available whether",,"0.0 ","*","0.0 ","*","0.0 ","*","0.0 ","*","0.0 ","*","0.0 ","*"
"    drugs or alcohol",,,,,,,,,,,,,
,,,,,,,,,,,,,
"Not on alcohol or drugs",,29.4,,32.0,,14.1,,31.2,,20.2,,34.8,
"Don't know or not ascertained",,42.5,,36.4,,58.3,,40.8,,47.6,,38.5,
,,,,,,,,,,,,,
,,,,,,,,,,,,,
"Note: Detail may not add to total shown because of rounding.",,,,,,,,,,,,,
"* Estimate is based on about 10 or fewer sample cases.",,,,,,,,,,,,,
"a/Includes verbal threats of rape and threats of sexual assault.",,,,,,,,,,,,,
