"Bureau of Justice Statistics",,,,,,,,,,,,,
"filename:  cv9944.csv",,,,,,,,,,,,,
"Table 44: Percent distribution of multiple-offender victimizations,",,,,,,,,,,,,,
"by type of crime and perceived gender of offenders",,,,,,,,,,,,,
"data source: National Criminal Victimization Survey, 1999   NCJ 184938",,,,,,,,,,,,,
"produced by:  Cathy Maston ",,,,,,,,,,,,,
"authors:  Patsy Klaus and Cathy Maston",,,,,,,,,,,,,
"refer questions to:  askbjs@ojp.usdoj.gov     202-307-0765",,,,,,,,,,,,,
"date of version: 11/13/00",,,,,,,,,,,,,
,,,,,,,,,,,,,
,,,,,,,,,,,,,
"Table 44. Personal crimes of violence, 1999:",,,,,,,,,,,,,
,,,,,,,,,,,,,
"Percent distribution of multiple-offender victimizations,",,,,,,,,,,,,,
"by type of crime and perceived gender of offenders",,,,,,,,,,,,,
,,,,,,,,,,,,,
"       ",,,,"                              Percent of all multiple-offender victimizations",,,,,,,,,
"                                                                                                                                         ",,"Number of",,"                                                 Perceived gender of offenders",,,,,,,,,
,,"multiple-",,,,,,,,,,"Not known",
"                                                                                                                ",,"offender",,,," All",,"All",,"Male and",,"and not",
"Type of crime",,"victimizations",,"Total",," male",,"female",,"female",,"available",
,,,,,,,,,,,,,
,,,,,,,,,,,,,
"Crimes of violence",,1465510,,100,"%",73.5,"%",9.1,"%",14.5,"%",2.8,"%"
,,,,,,,,,,,,,
"   Completed violence",,503300,,100,,78.1,,8.0,,9.6,,4.3,"*"
"   Attempted/threatened violence",,962200,,100,,71.1,,9.7,,17.1,,2.1,"*"
"   Rape/Sexual assault/a",,22510,"*",100,"*",100.0,"*","0.0 ","*","0.0 ","*","0.0 ","*"
"   Robbery",,325870,,100,,86.7,,6.3,"*",5.9,"*",1.1,"*"
"      Completed/property taken",,203690,,100,,87.4,,6.7,"*",5.9,"*","0.0 ","*"
"         With injury",,85920,,100,,78.3,,12.9,"*",8.8,"*","0.0 ","*"
"         Without injury",,117760,,100,,94.0,,2.2,"*",3.8,"*","0.0 ","*"
"      Attempted to take property",,122170,,100,,85.6,,5.6,"*",6.0,"*",2.8,"*"
"         With injury",,42050,,100,,84.8,,8.3,"*",6.9,"*","0.0 ","*"
"         Without injury",,80120,,100,,86.0,,4.2,"*",5.6,"*",4.3,"*"
"   Assault",,1117120,,100,,69.1,,10.1,,17.4,,3.4,
"      Aggravated",,389170,,100,,81.7,,4.3,"*",11.9,,2.2,"*"
"      Simple",,727950,,100,,62.3,,13.3,,20.3,,4.1,
,,,,,,,,,,,,,
,,,,,,,,,,,,,
"Note: Detail may not add to total shown because of rounding.",,,,,,,,,,,,,
"* Estimate is based on about 10 or fewer sample cases.",,,,,,,,,,,,,
"a/Includes verbal threats of rape and threats of sexual assault.",,,,,,,,,,,,,
