"Bureau of Justice Statistics",,,,,,,,,,,,,,,,
"filename:  cv9948.csv",,,,,,,,,,,,,,,,
"Table 48: Percent distribution of multiple-offender victimizations",,,,,,,,,,,,,,,,
"by type of crime, race of victims and perceived race of offenders",,,,,,,,,,,,,,,,
"data source: National Criminal Victimization Survey, 1999   NCJ 184938",,,,,,,,,,,,,,,,
"produced by:  Cathy Maston ",,,,,,,,,,,,,,,,
"authors:  Patsy Klaus and Cathy Maston",,,,,,,,,,,,,,,,
"refer questions to:  askbjs@ojp.usdoj.gov     202-307-0765",,,,,,,,,,,,,,,,
"date of version: 11/13/00",,,,,,,,,,,,,,,,
,,,,,,,,,,,,,,,,
,,,,,,,,,,,,,,,,
"Table 48. Personal crimes of violence, 1999:",,,,,,,,,,,,,,,,
,,,,,,,,,,,,,,,,
"Percent distribution of multiple-offender victimizations",,,,,,,,,,,,,,,,
"by type of crime, race of victims and perceived race of offenders",,,,,,,,,,,,,,,,
,,,,,,,,,,,,,,,,
,,,,,"                                                        Percent of multiple-offender victimizations",,,,,,,,,,,
,,,"Number of ",,,,"                                              Perceived race of offenders",,,,,,,,,
,,,"multiple-",,,,,,,,,,,,"Not known",
"Type of crime",,,"offender",,,," All",," All",," All",," Mixed",,"and not",
"and race of victim",,,"victimizations",,"Total",," white",," black",," other",," races",,"available",
,,,,,,,,,,,,,,,,
,,,,,,,,,,,,,,,,
"Crimes of violence/a",,,,,,,,,,,,,,,,
,"White",,1147300,,100,"%",49.1,"%",19.1,"%",11.9,"%",14.3,"%",5.5,"%"
,"Black",,247340,,100,"%",6.9,"*",67.8,,13.3,,4.4,"*",7.5,"*"
,,,,,,,,,,,,,,,,
"Robbery",,,,,,,,,,,,,,,,
,"White",,229370,,100,"%",30.3,,30.6,,19.8,,14.3,,4.9,"*"
,"Black",,80610,,100,"%",14.9,"*",60.4,,6.9,"*",13.5,"*",4.3,"*"
,,,,,,,,,,,,,,,,
"Assault",,,,,,,,,,,,,,,,
,"White",,899240,,100,"%",53.5,,16.6,,10.1,,14.6,,5.1,
,"Black",,162910,,100,"%",3.2,"*",70.7,,16.8,"*","0.0 ","*",9.3,"*"
,,,,,,,,,,,,,,,,
,,,,,,,,,,,,,,,,
"Note: Detail may not add to total shown because of rounding.",,,,,,,,,,,,,,,,
"* Estimate is based on about 10 or fewer sample cases.",,,,,,,,,,,,,,,,
"a/Includes data on rape and sexual assault, not shown separately.",,,,,,,,,,,,,,,,
