"Bureau of Justice Statistics",,,,,,,,,,,,,,
"filename:  cv9930.csv",,,,,,,,,,,,,,
"Table 30: Percent of victimizations involving strangers,",,,,,,,,,,,,,,
"by gender and race of victims and type of crime",,,,,,,,,,,,,,
"data source: National Criminal Victimization Survey, 1999   NCJ 184938",,,,,,,,,,,,,,
"produced by:  Cathy Maston ",,,,,,,,,,,,,,
"authors:  Patsy Klaus and Cathy Maston",,,,,,,,,,,,,,
"refer questions to:  askbjs@ojp.usdoj.gov     202-307-0765",,,,,,,,,,,,,,
"date of version: 11/13/00",,,,,,,,,,,,,,
,,,,,,,,,,,,,,
,,,,,,,,,,,,,,
"Table 30. Personal crimes of violence, 1999:",,,,,,,,,,,,,,
,,,,,,,,,,,,,,
"Percent of victimizations involving strangers,",,,,,,,,,,,,,,
"by gender and race of victims and type of crime",,,,,,,,,,,,,,
,,,,,,,,,,,,,,
,,,"                                                     Percent of victimizations involving strangers",,,,,,,,,,,
,,,"Crimes",,"Rape/",,,,,,,,,
,,,"of",,"Sexual",,,,,,"Assault",,,
"Gender and race",,,"violence",,"assault/a",,"Robbery",,"     Total",,"Aggravated",,"   Simple",
,,,,,,,,,,,,,,
,,,,,,,,,,,,,,
"Both gender",,,,,,,,,,,,,,
,"White",,48.3,"%",38.2,"%",70.1,"%",46.4,"%",53.6,"%",44.3,"%"
,"Black",,48.0,,12.2,"*",71.1,,45.3,,51.9,,42.0,
,,,,,,,,,,,,,,
"Male",,,,,,,,,,,,,,
,"White",,58.0,,66.7,"*",79.0,,55.0,,58.3,,53.9,
,"Black",,68.9,,"0.0 ","*",82.4,,64.9,,69.8,,61.8,
,,,,,,,,,,,,,,
"Female",,,,,,,,,,,,,,
,"White",,35.5,,34.2,,49.4,,34.6,,44.4,,32.4,
,"Black",,30.4,,12.8,"*",52.6,,29.2,,32.8,,27.7,
,,,,,,,,,,,,,,
"Note: Excludes data on persons of ""Other"" races.",,,,,,,,,,,,,,
"* Estimate is based on about 10 or fewer sample cases.",,,,,,,,,,,,,,
"a/Includes verbal threats of rape and threats of sexual assault.",,,,,,,,,,,,,,
