"Bureau of Justice Statistics",,,,,,,,,,,,,,
"filename:  cv9931.csv",,,,,,,,,,,,,,
"Table 31: Percent of victimizations involving strangers,",,,,,,,,,,,,,,
"by gender and marital status of victims",,,,,,,,,,,,,,
"and type of crime",,,,,,,,,,,,,,
"data source: National Criminal Victimization Survey, 1999   NCJ 184938",,,,,,,,,,,,,,
"produced by:  Cathy Maston ",,,,,,,,,,,,,,
"authors:  Patsy Klaus and Cathy Maston",,,,,,,,,,,,,,
"refer questions to:  askbjs@ojp.usdoj.gov     202-307-0765",,,,,,,,,,,,,,
"date of version: 11/13/00",,,,,,,,,,,,,,
,,,,,,,,,,,,,,
,,,,,,,,,,,,,,
"Table 31. Personal crimes of violence, 1999:",,,,,,,,,,,,,,
,,,,,,,,,,,,,,
"Percent of victimizations involving strangers,",,,,,,,,,,,,,,
"by gender and marital status of victims",,,,,,,,,,,,,,
"and type of crime",,,,,,,,,,,,,,
"                                                                                                                               ",,,,,,,,,,,,,,
,,,"                                                        Percent of victimizations involving strangers",,,,,,,,,,,
,,,"Crimes",,"Rape/",,,,,,,,,
"Gender and",,,"of",,"Sexual",,,,"                                  Assault",,,,,
"marital status",,,"violence",,"assault/a",,"Robbery",,"     Total",,"Aggravated",,"   Simple",
,,,,,,,,,,,,,,
"Both gender",,,,,,,,,,,,,,
,"Never married",,48.5,,34.8,,67.9,,46.7,,55.6,,43.7,
,"Married",,54.3,,57.9,"*",84.4,,51.5,,57.7,,49.9,
,"Widowed",,61.8,,"0.0 ","*",100.0,"*",44.7,"*",62.3,"*",36.2,"*"
,"Divorced or separated",,41.2,,20.3,"*",65.0,,39.5,,42.8,,38.4,
,,,,,,,,,,,,,,
"Male",,,,,,,,,,,,,,
,"Never married",,59.0,,63.2,"*",80.0,,55.3,,58.9,"*",53.9,
,"Married",,60.9,,47.5,"*",84.0,,58.4,,67.1,,56.1,
,"Widowed",,52.4,"*","0.0 ","*",100.0,"*",26.0,"*",100.0,"*",12.3,"*"
,"Divorced or separated",,62.3,,"0.0 ","*",74.5,,59.9,,57.1,,61.4,
,,,,,,,,,,,,,,
"Female",,,,,,,,,,,,,,
,"Never married",,33.8,,30.6,,39.5,,33.7,,48.5,,29.9,
,"Married",,46.0,,59.4,"*",85.2,,42.9,,44.7,,42.4,
,"Widowed",,66.8,,"0.0 ","*",100.0,"*",53.5,"*",55.5,"*",52.1,"*"
,"Divorced or separated",,26.5,,20.3,"*",49.7,"*",25.2,,25.1,,25.3,
,,,,,,,,,,,,,,
"Note: Excludes data on persons whose marital status was not ascertained.",,,,,,,,,,,,,,
"* Estimate is based on about 10 or fewer sample cases.",,,,,,,,,,,,,,
"a/Includes verbal threats of rape and threats of sexual assault.",,,,,,,,,,,,,,
