"Bureau of Justice Statistics",,,,,,,,,,,,,,,
"filename:  cv9928.csv",,,,,,,,,,,,,,,
"Table 28: Number of victimizations and victimization rates",,,,,,,,,,,,,,,
"for persons age 12 and over, by type of crime",,,,,,,,,,,,,,,
"and victim-offender relationship",,,,,,,,,,,,,,,
"data source: National Criminal Victimization Survey, 1999   NCJ 184938",,,,,,,,,,,,,,,
"produced by:  Cathy Maston ",,,,,,,,,,,,,,,
"authors:  Patsy Klaus and Cathy Maston",,,,,,,,,,,,,,,
"refer questions to:  askbjs@ojp.usdoj.gov     202-307-0765",,,,,,,,,,,,,,,
"date of version: 11/13/00",,,,,,,,,,,,,,,
,,,,,,,,,,,,,,,
,,,,,,,,,,,,,,,
"Table 28. Personal crimes of violence, 1999:",,,,,,,,,,,,,,,
,,,,,,,,,,,,,,,
"Number of victimizations and victimization rates",,,,,,,,,,,,,,,
"for persons age 12 and over, by type of crime",,,,,,,,,,,,,,,
"and victim-offender relationship",,,,,,,,,,,,,,,
,,,,,,,,,,,,,,,
"    ",,,,,,,"Rate per 1,000 persons age 12 and over",,,,,,,,
,,"Total",,,"Total",,,"          Involving strangers",,,,"        Involving nonstrangers",,,
"Type of crime",,"Population",,"Number",,"Rate",,"Number",,"Rate",,"Number",,"Rate",
,,,,,,,,,,,,,,,
,,,,,,,,,,,,,,,
"Crimes of violence",,224568370,,7357060,,32.8,,3575060,,15.9,,3782000,,16.8,
,,,,,,,,,,,,,,,
"   Completed violence",,,,2278260,,10.1,,1001080,,4.5,,1277180,,5.7,
"   Attempted/threatened violence",,,,5078790,,22.6,,2573980,,11.5,,2504820,,11.2,
"   Rape/Sexual assault",,,,383170,,1.7,,129890,,0.6,,253280,,1.1,
"      Rape/Attempted rape",,,,200880,,0.9,,61110,,0.3,,139770,,0.6,
"         Rape",,,,141070,,0.6,,32900,,0.1,,108160,,0.5,
"         Attempted rape/a",,,,59810,,0.3,,28210,"*",0.1,"*",31600,,0.1,
"      Sexual assault/b",,,,182290,,0.8,,68780,,0.3,,113510,,0.5,
"   Robbery",,,,810220,,3.6,,574310,,2.6,,235900,,1.1,
"      Completed/property taken",,,,530250,,2.4,,351140,,1.6,,179110,,0.8,
"         With injury",,,,189080,,0.8,,103880,,0.5,,85200,,0.4,
"         Without injury",,,,341170,,1.5,,247260,,1.1,,93910,,0.4,
"      Attempted to take property",,,,279970,,1.2,,223170,,1.0,,56800,,0.3,
"         With injury",,,,78080,,0.3,,56510,,0.3,,21570,"*",0.1,"*"
"         Without injury",,,,201890,,0.9,,166670,,0.7,,35220,,0.2,
"   Assault",,,,6163670,,27.4,,2870860,,12.8,,3292820,,14.7,
"      Aggravated",,,,1503280,,6.7,,807170,,3.6,,696110,,3.1,
"         With injury",,,,449160,,2.0,,216570,,1.0,,232600,,1.0,
"         Threatened with weapon",,,,1054110,,4.7,,590600,,2.6,,463510,,2.1,
"      Simple",,,,4660400,,20.8,,2063690,,9.2,,2596710,,11.6,
"         With minor injury",,,,998310,,4.4,,339120,,1.5,,659190,,2.9,
"         Without injury",,,,3662090,,16.3,,1724560,,7.7,,1937520,,8.6,
,,,,,,,,,,,,,,,
"Note: Detail may not add to total shown because of rounding.",,,,,,,,,,,,,,,
"* Estimate is based on about 10 or fewer sample cases.",,,,,,,,,,,,,,,
"a/Includes verbal threats of rape.",,,,,,,,,,,,,,,
"b/Includes threats.",,,,,,,,,,,,,,,
