Bureau of Justice Statistics,,,,,,,,,,,,,,,,,,,
filename:  ncrp0414.csv,,,,,,,,,,,,,,,,,,,
"Table 14. State parole discharges, 2004:  Method of parole discharge, by offense",,,,,,,,,,,,,,,,,,,
"data source:  National Corrections Reporting Program, 2004",,,,,,,,,,,,,,,,,,,
author:  Tom Bonczar ,,,,,,,,,,,,,,,,,,,
refer questions to:  askbjs@usdoj.gov      202-307-0765,,,,,,,,,,,,,,,,,,,
date of version 1/21/10,,,,,,,,,,,,,,,,,,             ,
,,,,,,,,,,,,,,,,,,,
"Table 14. State parole discharges, 2004:  Method of parole discharge, by offense",,,,,,,,,,,,,,,,,,,
,,,,,,,,,,,,,,,,,,,
,All state parole discharges,,,,,,,,,,,,,,,,,,
Most serious offense,   Number,   Total,,Successful completion of term,,Absconder,,Returned to prison with new sentence,,Returned to prison with parole revocation,,Returned to prison with revocation pending,,Transfer,,   Death,,  Other,
All offenses,"275,887",100,%,46.9,%,0.7,%,9.3,%,17.8,%,22,%,0.1,%,1.1,%,2.1,%
Violent offenses,"64,979",100,%,48.1,%,0.6,%,7.3,%,19.1,%,22.9,%,0.1,%,1.3,%,0.6,%
Homicide,"5,119",100,,56.9,,0.5,,6.4,,19,,13.6,,0.2,,2.9,,0.5,
Murder/nonnegligent manslaughter,"3,653",100,,54.6,,0.4,,7.3,,21.2,,12.5,,0.2,,3.3,,0.6,
Murder,"2,628",100,,53.6,,0.5,,7.6,,24.2,,9.4,,0.3,,4.1,,0.4,
Nonnegligent manslaughter,"1,025",100,,57.1,,0,,6.6,,13.5,,20.4,,0.1,,1.3,,1.1,
Negligent manslaughter,"1,398",100,,63.1,,0.9,,3.9,,13.2,,17,,0.1,,1.5,,0.3,
Unspecified homicide,68,100,,57.4,,2.9,,5.9,,23.5,,1.5,,1.5,,7.4,,0,
Kidnapping,"1,338",100,,48.4,,0.6,,10.1,,13.1,,26.4,,0.3,,0.8,,0.4,
Rape,"3,148",100,,50.6,,0.6,,3.4,,28,,14.8,,0,*,2.1,,0.4,
Other sexual assault,"6,939",100,,49.4,,0.2,,5.1,,17.3,,26.1,,0, ,1.2,,0.7,
Robbery,"21,278",100,,46.5,,0.9,,7.5,,25.8,,17.3,,0.2,,1.2,,0.5,
Assault,"23,032",100,,46.8,,0.6,,8.4,,13.3,,29.1,,0.1, ,1,,0.7,
Other violent,"4,125",100,,47.6,,0.2,,7,,14.8,,28.3,,0.1, ,0.9,,1.2,
Property offenses,"83,455",100,%,43,%,0.5,%,11.3,%,18.1,%,25,%,0.1,%,1,%,1,%
Burglary,"32,668",100,,42.6,,0.6,,9.1,,23.7,,22.2,,0.1,,1.2,,0.6,
Larceny ,"20,030",100,,42.9,,0.7,,12.4,,14.8,,27.1,,0.1,,1,,1,
Motor vehicle theft,"9,798",100,,32.4,,0.2,,19.4,,8.8,,37.6,,0,*,0.6,,0.9,
Arson,"1,107",100,,58.4,,0.5,,5.3,,20.1,,14.1,,0.1,,1.2,,0.3,
Fraud,"11,012",100,,53.6,,0.5,,8.9,,17.3,,16.8,,0.1,,0.9,,2,
Stolen property,"6,169",100,,35.1,,0.5,,14.9,,14.4,,33.1,,0, ,0.4,,1.6,
Other property,"2,671",100,,57.1,,0.5,,4.6,,18.9,,17.3,,0, ,0.9,,0.7,
Drug offenses,"96,888",100,%,47.4,%,0.9,%,9.2,%,17.3,%,20.1,%,0.1,%,1,%,4.1,%
Possession,"25,612",100,,46.3,,0.4,,10.6,,15.9,,21.1,,0.1, ,1.1,,4.5,
Trafficking,"48,345",100,,48.1,,1.1,,8.9,,17.9,,17.7,,0.1,,0.8,,5.4,
Other/unspecified drug,"22,931",100,,47.2,,1.2,,8.3,,17.4,,23.9,,0,*,1.3,,0.7,
Public-order offenses,"28,944",100,%,53.9,%,0.3,%,8.5,%,16.2,%,18.4,%,0,*%,1.1,%,1.5,%
Weapons,"8,490",100,,41.4,,0.4,,15.5,,11.6,,29.1,,0, ,1,,0.9,
Driving while intoxicated,"10,001",100,,70.6,,0.1,,4.5,,10.8,,10.7,,0,*,1.3,,2.1,
Other public-order,"10,453",100,,48,,0.4,,6.7,,25.2,,17.2,,0.1,,0.9,,1.4,
Other offenses,"1,621",100,%,48.6,%,0.3,%,5.4,%,19.8,%,16.2,%,0,%,0.6,%,9.2,%
,,,,,,,,,,,,,,,,,,,
"Note:  Data were reported for 97.3% of the 283,518 state parole discharges who had entered prison with a total sentence of more than a year for whom most serious offense and method of parole discharge were reported.",,,,,,,,,,,,,,,,,,,
*Less than 0.05%.,,,,,,,,,,,,,,,,,,,
