Bureau of Justice Statistics,,,,,,,,,,,,,,
filename:  ncrp0404.csv,,,,,,,,,,,,,,
"Table 4. New court commitments to state prison, 2004:  Offense, by sex, race, and Hispanic origin",,,,,,,,,,,,,,
"data source:  National Corrections Reporting Program, 2004",,,,,,,,,,,,,,
author:  Tom Bonczar ,,,,,,,,,,,,,,
refer questions to:  askbjs@usdoj.gov      202-307-0765,,,,,,,,,,,,,,
date of version 1/21/10,,,,,,,,,,,,,,
,,,,,,,,,,,,,,
"Table 4. New court commitments to state prison, 2004:  Offense, by sex, race, and Hispanic origin",,,,,,,,,,,,,,
,,,,,,,,,,,,,,
 ,New court commitments to state prison,,,,,,,,,,,,,
Most serious offense,All,,Male, ,Female,,  White\1,,   Black\1,,  Other\2,,Hispanic origin\3,
All offenses,100,%,100,%,100,%,100,%,100,%,100,%,100,%
Violent offenses,28.2,%,29.7,%,16.3,%,25.7,%,28.6,%,32.3,%,33.6,%
Homicide,2.7,,2.8,,2.4,,2.4,,2.9,,3.6,,3.1,
Murder/nonnegligent manslaughter,1.9,,2,,1.5,,1.4,,2.2,,2.1,,2.5,
Murder,1.6,,1.7,,1.2,,1.2,,2,,1.8,,2,
Nonnegligent manslaughter,0.3,,0.3,,0.3,,0.1,,0.3,,0.4,,0.5,
Negligent manslaughter,0.8,,0.8,,0.9,,1,,0.6,,1.5,,0.6,
Unspecified homicide,0,*,0,*,0,*,0,*,0.1, ,0,*,0,*
Kidnapping,0.7,,0.7,,0.3,,0.6,,0.7,,1,,0.8,
Rape,1.6,,1.7,,0.1,,2.1,,1.2,,2.4,,1.3,
Other sexual assault,4.6,,5.1,,0.6,,5.8,,2.6,,4.9,,5.9,
Robbery,7.4,,7.8,,4.2,,4.7,,10.3,,5.3,,7.9,
Assault,9.7,,10.1,,6.6,,8.3,,9.7,,12.1,,13.1,
Other violent,1.6,,1.6,,2,,1.8,,1.3,,2.9,,1.6,
Property offenses,28.1,%,26.8,%,38.6,%,32.9,%,23.9,%,28.8,%,23.4,%
Burglary,10.4,,10.9,,6.3,,12.2,,8.5,,10.2,,9.8,
Larceny ,6.7,,6,,12,,7.3,,6.7,,5.6,,4.2,
Motor vehicle theft,2.6,,2.6,,1.9,,2.4,,1.8,,3.4,,4.3,
Arson,0.5,,0.5,,0.5,,0.6,,0.3,,0.6,,0.3,
Fraud,5.1,,3.8,,15.3,,6.6,,4.3,,5.2,,2.3,
Stolen property,1.9,,1.9,,1.8,,2.4,,1.3,,2.3,,1.7,
Other property,1.1,,1.1,,0.8,,1.3,,0.9,,1.5,,0.7,
Drug offenses,30.1,%,29.4,%,36,%,25.7,%,36.4,%,19.4,%,30,%
Possession,9.2,,8.8,,12.2,,9.2,,10.2,,7,,7.7,
Trafficking,13.5,,13.5,,13.6,,10.5,,17.5,,9.7,,13.6,
Other/unspecified drug,7.4,,7.1,,10.2,,6.1,,8.7,,2.7,,8.7,
Public-order offenses,13.1,%,13.7,%,8.3,%,15.1,%,10.7,%,18.6,%,12.4,%
Weapons,3.4,,3.7,,0.9,,2.3,,4.4,,2.9,,3.7,
Driving while intoxicated,4.2,,4.4,,2.7,,6.2,,1.2,,9.2,,5,
Other public-order,5.5,,5.6,,4.7,,6.6,,5,,6.5,,3.6,
Other offenses,0.5,%,0.5,%,0.7,%,0.6,%,0.4,%,0.8,%,0.7,%
Number of admissions,"301,278",,"267,468",,"33,800",,"133,762",,"117,744",,"4,529",,"49,796",
,,,,,,,,,,,,,,
Detail may not add to total because of rounding.,,,,,,,,,,,,,,
*Less than 0.05%.,,,,,,,,,,,,,,
1\Includes persons of Hispanic origin.,,,,,,,,,,,,,,
"2\Includes American Indians/Alaskan Natives, Asians, Native Hawaiians, or other Pacific Islanders.",,,,,,,,,,,,,,
3\Includes persons of all races.,,,,,,,,,,,,,,
