Bureau of Justice Statistics,,,,,,,,,,,,,,
filename:  ncrp0403.csv,,,,,,,,,,,,,,
"Table 3. Parole violators returned to state prison, 2004:  Offense, by age at admission",,,,,,,,,,,,,,
"data source:  National Corrections Reporting Program, 2004",,,,,,,,,,,,,,
author:  Tom Bonczar ,,,,,,,,,,,,,,
refer questions to:  askbjs@usdoj.gov      202-307-0765,,,,,,,,,,,,,,
date of version 1/21/10,,,,,,,,,,,,,,
, ,,,,,,,,,,,,,
"Table 3. Parole violators returned to state prison, 2004:  Offense, by age at admission",,,,,,,,,,,,,,
,,,,,,,,,,,,,,
,Age at admission for parole violators returned to state prison,,,,,,,,,,,,,
Most serious offense,Under 18,,    18-24,,    25-29,,    30-34,,    35-44,,    45-54,,55 or older,
All offenses,100,%,100,%,100,%,100,%,100,%,100,%,100,%
Violent offenses,57.9,%,24.4,%,26.1,%,24.2,%,21.1,%,20.8,%,25.7,%
Homicide,0,,0.8,,1.4,,1.8,,1.5,,2.1,,3.3,
Murder/nonnegligent manslaughter,0,,0.5,,1.1,,1.3,,1.1,,1.6,,2.6,
Murder,0,,0.4,,0.7,,0.8,,0.8,,1.3,,2.3,
Nonnegligent manslaughter,0,,0.1,,0.3,,0.5,,0.3,,0.3,,0.3,
Negligent manslaughter,0,,0.3,,0.3,,0.5,,0.4,,0.5,,0.7,
Unspecified homicide,0,,0,*,0,*,0,*,0,*,0,*,0,
Kidnapping,0,,0.4,,0.5,,0.6,,0.4,,0.5,,0.5,
Rape,0,,0.6,,0.7,,0.8,,1,,1.5,,1.8,
Other sexual assault,0,,2.2,,2.6,,2.3,,2.5,,3.3,,7.1,
Robbery,21.1,,9.3,,8.8,,8.2,,7.1,,6.1,,6.5,
Assault,31.6,,9.4,,10.2,,8.9,,7.3,,6.2,,5.5,
Other violent,5.3,,1.7,,1.8,,1.5,,1.3,,1.2,,1,
Property offenses,26.3,%,37.7,%,32.2,%,31.9,%,33.9,%,33.8,%,31.1,%
Burglary,10.5,,15.2,,12.5,,12,,13.7,,13.5,,11.8,
Larceny ,5.3,,6.1,,5.3,,6.4,,9,,11.3,,11.6,
Motor vehicle theft,5.3,,8.2,,6.3,,5.2,,3.6,,2.4,,1.8,
Arson,0,,0.4,,0.3,,0.2,,0.3,,0.3,,0.3,
Fraud,0,,2.7,,3.7,,4.4,,4.2,,3.8,,3.7,
Stolen property,0,,3.3,,3.2,,2.9,,2.5,,2,,1.5,
Other property,0,,1.7,,1,,0.7,,0.7,,0.5,,0.5,
Drug offenses,10.5,%,26.5,%,31.2,%,33.8,%,35.2,%,36.4,%,32.2,%
Possession,0,,7.9,,8.9,,10.5,,10.3,,8.9,,7.6,
Trafficking,5.3,,12.3,,14.6,,16,,16.4,,16.3,,14.4,
Other/unspecified drug,5.3,,6.3,,7.7,,7.3,,8.4,,11.2,,10.2,
Public-order offenses,5.3,%,10.6,%,9.8,%,9.6,%,9.4,%,8.5,%,10.7,%
Weapons,0,,6.3,,5.1,,3.6,,2.4,,1.7,,1.6,
Driving while intoxicated,0,,0.3,,0.9,,1.7,,2.8,,3.2,,4.6,
Other public-order,5.3,,3.9,,3.9,,4.3,,4.2,,3.7,,4.5,
Other offenses,0,%,0.9,%,0.7,%,0.5,%,0.4,%,0.5,%,0.3,%
Number of admissions,19,,"20,136",,"25,747",,"24,010",,"49,057",,"20,969",,"3,471",
,,,,,,,,,,,,,,
Detail may not add to total because of rounding.,,,,,,,,,,,,,,
*Less than 0.05%.,,,,,,,,,,,,,,
,,,,,,,,,,,,,,
,,,,,,,,,,,,,,
 ,,,,,,,,,,,,,,
