Bureau of Justice Statistics,,
Filename: anhpivctt02.csv,,
"Text table 2. Percent of violent crime in which victim perceived offender to be under influence of alcohol or drugs, by race/Hispanic origin of the victim, 2002-2006",,
"Report title: Asian, Native Hawaiian, and Pacific Islander Victims of Crime NCJ 225037",,
Data source: National Crime Victimization Survey,,
"Author: Erika Harrell, Ph.D.",,
Refer questions to: askbjs@usdoj.gov or (202) 307-0765,,
Date of version: 03/25/2009,,

"Text table 2. Percent of violent crime in which victim perceived offender to be under influence of alcohol or drugs, by race/Hispanic origin of the victim, 2002-2006",,
Race/Hispanic origin of victims who perceived offender to be under the influence of alcohol or drugs,"Percent of  violent crime, 2002-2006",
Asian/Native Hawaiian/Pacific Islander/a,26.8,%
White/a,31.4,
Black/African American/a,24.9,
Hispanic/Latino,27.3,
American Indian/Alaska Native/a,41.5,*
*Estimate difference than that for Asians at the 90%-confidence level.
a/Excludes persons of Hispanic/Latino origin.
