Bureau of Justice Statistics,,,,,,,,
Filename: anhpivct09.csv,,,,,,,,
"Table 9. Percent of property victimizations reported to the police, by race/Hispanic origin of head of household and type of crime, 2002-2006",,,,,,,,
"Report title: Asian, Native Hawaiian, and Pacific Islander Victims of Crime NCJ 225037",,,,,,,,
Data source: National Crime Victimization Survey,,,,,,,,
"Author: Erika Harrell, Ph.D.",,,,,,,,
Refer questions to: askbjs@usdoj.gov or (202) 307-0765,,,,,,,,
Date of version: 03/25/2009,,,,,,,,

"Table 9. Percent of property victimizations reported to the police, by race/Hispanic origin of head of household and type of crime, 2002-2006",,,,,,,,
,Percent of property victimizations,,,,,,,
Race/Hispanic origin of head of household,Total property crime,,Household burglary,,Motor vehicle theft,,Theft,
"Asian/a,b",38.5,%,61.3,%,90.4,%,29.1,%
White/a,39.3,,54.1,,83.7,,33.5,
Black/African American/a,42.8,,59.2,,82.2,,32.4,
Hispanic/Latino,36.8,,51.2,,80.8,,28.8,
American Indian/Alaska Native/a,32.1,,50.4,,75.7,,19.6,*
*Estimate different than that for Asians at the 90%-confidence level.,,,,,,,,
a/Excludes households that identified the head of household as Hispanic/Latino origin.,,,,,,,,
"b/Excludes households that identified the head of household as Native Hawaiian, other Pacific Islander, and persons having origin in the Far East, Southeast Asia, or the Indian subcontinent.",,,,,,,,
