Bureau of Justice Statistics,,
Filename: anhpivcf04.csv,,
"Figure 4. Property victimization for Asian and non-Asian households, 1993-2006",,
"Report title: Asian, Native Hawaiian, and Pacific Islander Victims of Crime NCJ 225037",,
Data source: National Crime Victimization Survey,,
"Author: Erika Harrell, Ph.D.",,
Refer questions to: askbjs@usdoj.gov or (202) 307-0765,,
Date of version: 03/25/2009,,

"Figure 4. Property victimization for Asian and non-Asian households, 1993-2006",,
,"Rate of property victimization per 1,000 households",
Year,non-Asian/a ,Asian/b 
1993,323.2,318.6
1994,315,274.5
1995,293.8,291
1996,269.9,245.8
1997,252.5,188.1
1998,220.1,211.3
1999,200.1,183.9
2000,180.7,148.5
2001,169.2,139.7
2002,161.5,120.4
2003,166.1,119.8
2004,163.6,114.2
2005,157,101.8
2006,163.4,118.7
"Note: Asterisks indicate estimates for 2006 which are a break in series from 2005.  For details see Criminal Victimization, 2006 at <http://www.ojp.usdoj.gov/bjs/abstract/cv06/htm>.",,
"a/Includes households that identified the head of household as white, black/African American, American Indian/Alaska Native, Hispanic/Latino of any race, or a person identifying two or more races.",,
"b/Includes households that identified the head of household as Native Hawaiian, other Pacific Islander, and persons having origin in the Far East, Southeast Asia, or the Indian subcontinent. Excludes households that identified the head of household as Hispanic/Latino origin.",,
