Bureau of Justice Statistics,,,,,,,,,,
Filename: anhpivct06.csv,,,,,,,,,,
"Table 6. Percent of violent victimizations reported to police, by race/Hispanic origin of victim and type of crime, 2002-2006",,,,,,,,,,
"Report title: Asian, Native Hawaiian, and Pacific Islander Victims of Crime NCJ 225037",,,,,,,,,,
Data source: National Crime Victimization Survey,,,,,,,,,,
"Author: Erika Harrell, Ph.D.",,,,,,,,,,
Refer questions to: askbjs@usdoj.gov or (202) 307-0765,,,,,,,,,,
Date of version: 03/25/2009,,,,,,,,,,

"Table 6. Percent of violent victimizations reported to police, by race/Hispanic origin of victim and type of crime, 2002-2006",,,,,,,,,,
,Percent of violent victimizations,,,,,,,,,
Race/Hispanic origin of victim,Total violent crime,,Rape/sexual assault,,Robbery,,Aggravated assault,,Simple assault,
"Asian/a,b",49.2,%,36.6,%,81.2,%,52.9,%,36.8,%
White/a,48.1,,44.6,,59.4,*,61.2,,43.2,
Black/African American/a,54.5,,31.3,,62.4,**,66.8,,48.8,
Hispanic/Latino,48.7,,52.6,,54.5,*,59.6,,43.2,
American Indian/Alaska Native/a,63.2,,40.2,^,46,^,92.2,*,58.1,**
*Estimate different than that for Asians at the 95%-confidence level.,,,,,,,,,,
**Estimate different than that for Asians at the 90%-confidence level.,,,,,,,,,,
^Estimate based on 10 or fewer sample cases.,,,,,,,,,,
a/Excludes persons of Hispanic/Latino origin.,,,,,,,,,,
"b/Includes Native Hawaiians, other Pacific Islanders, and persons having origin in the Far East, Southeast Asia, or the Indian subcontinent.",,,,,,,,,,
