Bureau of Justice Statistics,,,,
Filename: anhpivct08.csv,,,,
"Table 8. Rate of property victimization for Asian and non-Asian households, annual household income, and region, 2002-2006",,,,
"Report title: Asian, Native Hawaiian, and Pacific Islander Victims of Crime NCJ 225037",,,,
Data source: National Crime Victimization Survey,,,,
"Author: Erika Harrell, Ph.D.",,,,
Refer questions to: askbjs@usdoj.gov or (202) 307-0765,,,,
Date of version: 03/25/2009,,,,

"Table 8. Rate of property victimization for Asian and non-Asian households, annual household income, and region, 2002-2006",,,,
,,"Rate per 1,000 households",,
Household characteristic,,Asian/a,Non-Asian/b,
,Total,115.3,162.3,*
Annual household income,,,,
,"Less than $7,500",118.6,207.2,*
,"$7,500 to $14,999",125.2,179.6,*
,"$15,000 to $24,999 ",158.3,176.4,
,"$25,000 to $34,999",101.1,175.6,*
,"$35,000 to $49,999",129.8,173.8,*
,"$50,000 to $74,999",107.8,166.2,*
,"$75,000 or more",124.3,174,*
Region,,,,
,Northeast,90.4,113.8,*
,Midwest,93.5,164.1,*
,South,111.3,155.1,*
,West,132.1,217.1,*
*Estimate different than that for Asians at the 95%-confidence level.,,,,
"a/Includes households that identified the head of household as Native Hawaiian, other Pacific Islander, and persons having origin in the Far East, Southeast Asia, or the Indian subcontinent. Excludes households that identified the head of household as Hispanic/Latino origin.",,,,
"b/Includes households that identified the head of household as white, black/African American, American Indian/Alaska Native, Hispanic/Latino of any race, or a person identifying two or more races.",,,,
