Bureau of Justice Statistics,,,,,,
Filename: anhpivct01.csv,,,,,,
"Table 1. Average annual numbers and rates of violent and household property victimization for Asians/Native Hawaiians/other Pacific Islanders and non-Asians, by type of crime, 2002-2006",,,,,,
"Report title: Asian, Native Hawaiian and Pacific Islander Victims of Crime NCJ 225037",,,,,,
Data source: National Crime Victimization Survey,,,,,,
"Author: Erika Harrell, Ph.D.",,,,,,
Refer questions to: askbjs@usdoj.gov or (202) 307-0765,,,,,,
Date of version: 03/25/2009,,,,,,

"Table 1. Average annual numbers and rates of violent and household property victimization for Asians/Native Hawaiians/other Pacific Islanders and non-Asians, by type of crime, 2002-2006",,,,,,
,,,Asian/a,,Non-Asian/b,
,,,Number,,,
Nonfatal violent crimes,,,"104,980",,"5,574,590",
Household property crimes,,,"470,870",,"18,011,160",
,,,"Rate per 1,000 persons age 12 or older or per 1,000 households",,,
Total violent crime,,,10.6,,24.1,*
,Serious violent crime,,4.7,,8.4,*
,,Rape/sexual assault,0.4,^,1,*
,,Robbery,2.1,,2.5,
,,Aggravated assault,2.2,,4.9,*
,Simple assault,,5.9,,15.7,*
Total property crime,,,115.3,,162.3,*
,Household burglary,,15.8,,30.1,*
,Motor vehicle theft,,9.2,,8.7,
,Theft,,90.3,,123.5,*
"Note: The average annual population age 12 or older from 2002 to 2006 was 9,857,920 for Asians and 231,009,550 for non-Asians.  The average annual number of households between 2002 and 2006 was 4,083,610 for Asians and 110,955,300 for non-Asians.",,,,,,
*Estimate different than that for Asians at 95%-confidence level.,,,,,,
^Estimate based on 10 or fewer sample cases.,,,,,,
"a/Includes Native Hawaiians, other Pacific Islanders, and persons having origin in the Far East, Southeast Asia, or the Indian subcontinent. Excludes persons of Hispanic/Latino origin.",,,,,,
"b/Includes whites, blacks/African Americans, American Indians/Alaska Natives, Hispanics/Latinos or any race, and persons identifying two or more races.",,,,,,
