"Bureau of Justice Statistics",,,,,,,,,,,
"Filename:  cf983_02.csv",,,,,,,,,,,
"Table #:  3.2. Type of pretrial release, by defendant characteristics, October 1, 1997 - September 30,1998",,,,,,,,,,,
"Report title:  Compendium of Federal Justice Statistics, 1998  NCJ 180258",,,,,,,,,,,
"Data source:  Federal Justice Statistics Program (database maintained by The Urban Institute)",,,,,,,,,,,
"Refer questions to:  Askbjs@ojp.usdoj.gov  202-307-0765",,,,,,,,,,,
"Contact:  John Scalia  ",,,,,,,,,,,
"Date of version:  5/8/00",,,,,,,,,,,
,,,,,,,,,,,
"Table 3.2.  Type of pretrial release, by defendant characteristics, October 1, 1997 - September 30, 1998",,,,,,,,,,,
,,,,,,,,,,,
,,,,,"Of defendants released at any time prior to case",,,,,,
,,,,,"disposition, percent released on--",,,,,"Number of defendants",
,,,,"Percent",,"Unsecured","Personal ","Conditional",,,"All"
"Defendant characteristic",,,,"released","Financial\a","bond","recognizance","release",,"Released","defendants"
,,," All defendants\b",43.1,15.8,49.6,30.3,4.4,,26246,60950
"Male/Female",,,,,,,,,,,
,"Male",,,38.3,17.4,49.0,29.2,4.4,,19593,51163
,"Female",,,68.0,10.9,51.5,33.5,4.2,,6611,9720
"Race",,,,,,,,,,,
,"White",,,40.7,16.3,50.1,29.1,4.6,,16709,41007
,"Black",,,47.5,15.6,52.9,28.3,3.2,,7704,16202
,"Other",,,49.0,12.0,31.5,49.6,6.9,,1833,3741
"Ethnicity",,,,,,,,,,,
,"Hispanic",,,18.5,32.2,44.6,15.7,7.5,,4303,23243
,"Non-Hispanic",,,58.3,12.7,51.4,32.4,3.5,,21413,36733
"Age",,,,,,,,,,,
,"16-18 years",,,43.4,9.4,38.7,43.0,8.9,,481,1109
,"19-20 years",,,43.5,12.9,47.6,33.6,5.9,,1351,3107
,"21-30 years",,,39.0,18.4,49.5,28.0,4.0,,7954,20388
,"31-40 years",,,44.4,17.9,51.3,27.0,3.9,,6907,15554
,"Over 40 years",,,61.3,13.8,54.3,29.1,2.8,,7823,12752
"Education",,,,,,,,,,,
,"Less than high school graduate",,,34.0,20.8,50.8,24.5,3.9,,6333,18621
,"High school graduate",,,54.7,15.2,51.5,30.0,3.3,,8380,15326
,"Some college",,,65.0,14.4,52.6,30.4,2.6,,6202,9546
,"College graduate",,,74.9,13.3,52.6,31.3,2.8,,3037,4056
"Marital status",,,,,,,,,,,
,"Never married",,,44.4,15.5,51.2,29.8,3.6,,8562,19301
,"Divorced/separated",,,54.2,14.3,54.0,28.8,2.9,,4844,8931
,"Married",,,54.8,17.1,51.1,28.6,3.3,,9078,16577
,"Common law",,,38.1,22.3,48.2,25.9,3.6,,1572,4128
,"Other",,,18.2,10.0,28.8,45.5,15.8,,2190,12013
"Employment status at arrest",,,,,,,,,,,
,"Unemployed",,,39.6,16.8,51.2,27.8,4.2,,8573,21639
,"Employed",,,57.2,15.9,51.3,29.8,3.0,,15768,27572
"Criminal record",,,,,,,,,,,
,"No convictions\c",,,53.5,13.6,48.3,33.4,4.8,,11489,21485
,,"Misdemeanor only",,52.7,15.0,49.6,31.7,3.6,,5164,9793
,,"Felony",,,,,,,,,
,,,"Nonviolent",29.7,18.4,53.7,23.5,4.3,,3803,12788
,,,"Violent",21.6,21.6,49.9,23.4,5.2,,1858,8607
"Number of prior convictions",,,,,,,,,,,
,"1",,,45.5,16.8,51.3,28.6,3.2,,4502,9890
,"2 to 4",,,34,17.7,52.1,26.3,3.9,,4371,12853
,"5 or more",,,23.1,17.7,48.5,27.1,6.7,,1952,8445
"Criminal justice status",,,,,,,,,,,
,"Not under supervision",,,49.8,15.1,49.3,31.4,4.2,,20766,41680
,"Pretrial release",,,48.1,22.6,50.7,24.8,1.8,,1248,2593
,"Probation",,,37.3,18.6,52.6,26.8,2,,1252,3357
,"Parole",,,15.1,19.1,51.1,25,4.8,,272,1801
"Court appearance history",,,,,,,,,,,
,"No prior arrests",,,52.3,13.7,48.2,33.3,4.9,,11699,22350
,"Failure to appear",,,,,,,,,,
,,"None",,40.1,17.9,51.2,27.4,3.5,,12379,30846
,,"1",,28.8,14.7,50.1,28.9,6.3,,1184,4109
,,"More than 1",,27,14.6,45.8,32.9,6.6,,984,3645
"Drug abuse",,,,,,,,,,,
,"No known abuse",,,54.4,15.6,51.4,29.7,3.3,,17441,32074
,"Drug history",,,43.7,17.3,53.3,26.7,2.8,,5942,13612
,,,,,,,,,,,
"(SEE PRINTED REPORT FOR FOOTNOTES)",,,,,,,,,,,
