"Bureau of Justice Statistics",,,,,,,,,,,,
"Filename: cf984_05.csv",,,,,,,,,,,,
"Table 4.5.  Characteristics of convicted offenders, October 1, 1997 - September 30 , 1998",,,,,,,,,,,,
"Report title:  Compendium of Federal Justice Statistics, 1998   NCJ 180258 ",,,,,,,,,,,,
"Data source:  Federal Justice Statistics Program (database maintained by the Urban Institute)",,,,,,,,,,,,
"Refer questions to:  askbjs@ojp.usdoj.gov   202-307-0765",,,,,,,,,,,,
"Contact person:  John Scalia",,,,,,,,,,,,
"Date of version:   5/18/00",,,,,,,,,,,,
,,,,,,,,,,,,
"Table 4.5.  Characteristics of convicted offenders, October 1, 1997 - September 30, 1998",,,,,,,,,,,,
,,,,,,,,,,,,
,,,,"Total",,,,"Percent of convicted offenders",,,,
,,,,"number of",,"Felonies",,,,,,
"Offender",,,,"convicted","All","Violent","Property offenses",,"Drug","Public-order offenses",,""
"characteristic",,,,"offenders","offenses\a","offenses","Fraudulent","Other","offenses","Regulatory","Other","Misdemeanors"
,,,"All offenders\b",60958,60958,3134,9866,2278,21754,937,13419,9484
"Male/Female",,,,,,,,,,,,
,"Male",,,44900,84.7,93.5,73.8,76.7,86.5,74.9,94.2,74.8
,"Female",,,8082,15.3,6.5,26.2,23.3,13.5,25.1,5.8,25.2
"Race",,,,,,,,,,,,
,"White",,,34781,67.0,52.0,64.5,65.9,63.3,75.6,78.3,64.6
,"Black",,,14389,27.7,30.2,28.9,27.9,34.3,17.3,17.7,25.2
,"Other",,,2774,5.3,17.9,6.7,6.2,2.4,7.1,4.0,10.3
"Ethnicity",,,,,,,,,,,,
,"Hispanic",,,19450,36.9,8.4,14.1,7.9,42.0,32.7,58.6,31.9
,"Non-Hispanic",,,33213,63.1,91.6,85.9,92.1,58.0,67.3,41.4,68.1
"Age",,,,,,,,,,,,
,"16-18 years",,,458,0.9,1.8,0.2,0.9,0.8,0.3,0.9,2.5
,"19-20 years",,,2528,5.0,8.0,2.4,4.9,4.9,3.1,4.9,9.5
,"21-30 years",,,19663,38.7,36.6,28.8,31.1,43.6,29.9,41.1,36.5
,"31-40 years",,,15385,30.3,31.5,31.4,30.4,30.4,28.8,30.3,26.7
,"Over 40 years",,,12810,25.2,22.0,37.2,32.6,20.4,38.0,22.8,24.8
"Citizenship",,,,,,,,,,,,
,"U.S. citizen",,,35121,67.4,94.5,83.4,91.4,69.1,72.7,42.9,66.7
,"Not U.S. citizen",,,16993,32.6,5.5,16.6,8.6,30.9,27.3,57.1,33.3
"Education",,,,,,,,,,,,
,"Less than high school graduate",,,21045,43.3,35.4,22.0,30.0,49.9,32.4,59.4,29.6
,"High school graduate",,,14903,30.7,38.0,30.8,36.9,31.7,29.7,23.5,37.6
,"Some college",,,9098,18.7,20.0,31.1,23.2,15.3,24.2,11.5,23.0
,"College graduate",,,3536,7.3,6.5,16.1,9.9,3.1,13.8,5.6,9.9
"Criminal record",,,,,,,,,,,,
,"No convictions",,,23579,46.0,35.0,57.9,47.6,46.3,70.4,29.3,66.0
,"Prior adult convictions\c",,,27652,54.0,65.0,42.1,52.4,53.7,29.6,70.7,34.0
,,,,,,,,,,,,
"(SEE PRINTED REPORT FOR FOOTNOTES)",,,,,,,,,,,,
