"Bureau of Justice Statistics",,,,,,,,,,,,
"Filename: cf987_09.csv",,,,,,,,,,,,
"Table 7.9.  Admissions and releases of Federal prisoners, by offense, October 1, 1997 - September 30, 1998",,,,,,,,,,,,
"Report title:  Compendium of Federal Justice Statistics, 1998   NCJ 180258 ",,,,,,,,,,,,
"Data source:  Federal Justice Statistics Program (database maintained by the Urban Institute)",,,,,,,,,,,,
"Refer questions to:  askbjs@ojp.usdoj.gov   202-307-0765",,,,,,,,,,,,
"Contact person:  John Scalia",,,,,,,,,,,,
"Date of version:   5/18/00",,,,,,,,,,,,
,,,,,,,,,,,,
"Table 7.9.  Admissions and releases of Federal prisoners,  by offense, October 1, 1997 - September 30, 1998",,,,,,,,,,,,
,,,,,,,,,,,,
,,,,"Prisoners received",,,,"Prisoners released",,,,
,,,"Population","District court",,,,"First release",,,"Population","Net"
"Most serious original offense ",,,"at start","1 year","Over ","All",,"1 year","Over ","All","at end","population"
"of conviction\a",,,"of year","or less","1 year","other",,"or less","1 year","other\b","of year","change"
,," All offenses",99255,9767,32831,15617,,9485,25019,14041,108925,9670
"Violent offenses",,,11841,145,2265,2795,,149,1713,2528,12656,815
,"Murder/manslaughter\c",,1260,10,96,190,,10,68,134,1344,84
,"Assault",,673,75,239,478,,77,180,369,839,166
,"Robbery",,8371,39,1624,1693,,43,1240,1671,8773,402
,"Rape",,128,0,3,25,,0,5,19,132,4
,"Other sex offenses\c",,727,19,218,260,,17,159,195,853,126
,"Kidnaping",,625,0,69,82,,0,53,72,651,26
,"Threats against the President",,57,2,16,67,,2,8,68,64,7
"Property offenses",,,8072,2520,4098,3831,,2523,3768,3603,8627,555
,"Fraudulent",,6090,2031,3328,2295,,2036,3059,2184,6465,375
,,"Embezzlement",318,282,154,157,,289,171,151,300,-18
,,"Fraud\c",5231,1478,2796,1724,,1494,2583,1657,5495,264
,,"Forgery",178,80,97,188,,74,86,153,230,52
,,"Counterfeiting",363,191,281,226,,179,219,223,440,77
,"Other",,1982,489,770,1536,,487,709,1419,2162,180
,,"Burglary",155,15,58,235,,13,60,141,249,94
,,"Larceny\c",719,323,288,855,,330,250,838,767,48
,,"Motor vehicle theft",203,24,80,77,,17,75,87,205,2
,,"Arson and explosives",192,3,60,52,,1,50,40,216,24
,,"Transportation of stolen property",209,33,99,68,,40,97,66,206,-3
,,"Other property offenses\c",504,91,185,249,,86,177,247,519,15
"Drug offenses",,,58164,1096,17208,5118,,1002,12977,4596,63011,4847
,"Trafficking",,57748,982,17147,4584,,869,12916,4112,62564,4816
,"Possession and other drug offenses",,416,114,61,534,,133,61,484,447,31
"Public-order offenses",,,19220,5747,8931,3356,,5564,6380,3037,22273,3053
,"Regulatory",,994,209,508,251,,214,456,233,1059,65
,,"Agriculture",-1,1,1,1,,1,0,0,1,2
,,"Antitrust",0,2,1,1,,1,1,0,2,2
,,"Labor law",4,1,2,4,,2,0,4,5,1
,,"Food and drug",7,0,1,1,,1,3,1,4,-3
,,"Other regulatory offenses",984,205,503,244,,209,452,228,1047,63
,"Other",,18226,5538,8423,3105,,5350,5924,2804,21214,2988
,,"Weapons",8062,136,2193,912,,126,1651,784,8742,680
,,"Immigration offenses",5460,4549,4387,826,,4333,2785,674,7430,1970
,,"Tax law violations\c",377,178,209,119,,190,196,121,376,-1
,,"Bribery",64,28,32,24,,30,32,20,66,2
,,"Perjury, contempt, and intimidation",112,26,48,27,,32,50,20,111,-1
,,"National defense",65,2,14,6,,5,15,5,62,-3
,,"Escape",273,76,97,135,,69,121,121,270,-3
,,"Racketeering and extortion",3353,73,1197,173,,78,873,189,3656,303
,,"Gambling",3,1,0,1,,1,3,0,1,-2
,,"Liquor",3,2,0,0,,3,0,0,2,-1
,,"Obscene material\c",203,14,141,24,,17,114,33,218,15
,,"Traffic",143,374,39,737,,390,34,743,126,-17
,,"Migratory birds",14,10,8,15,,9,5,16,17,3
,,"All other offenses",94,69,58,106,,67,45,78,137,43
"Unknown or indeterminable offenses",,,1958,259,329,517,,247,181,277,2358,400
,,,,,,,,,,,,
"Note:  Total includes prisoners whose offense category could not be determined.",,,,,,,,,,,,
"(SEE PRINTED REPORT FOR FOOTNOTES)",,,,,,,,,,,,
