"Bureau of Justice Statistics",,,,,,,,
"Filename: cf986_05.csv",,,,,,,,
"Table 6.5.  Criminal appeals case terminated on the merits, by nature of offense,  October 1, 1997 - September 30, 1998",,,,,,,,
"Report title:  Compendium of Federal Justice Statistics, 1998   NCJ 180258 ",,,,,,,,
"Data source:  Federal Justice Statistics Program (database maintained by the Urban Institute)",,,,,,,,
"Refer questions to:  askbjs@ojp.usdoj.gov   202-307-0765",,,,,,,,
"Contact person:  John Scalia",,,,,,,,
"Date of version:   5/18/00",,,,,,,,
,,,,,,,,
"Table 6.5.  Criminal appeals cases terminated on the merits, by nature of offense, October 1, 1997 - ",,,,,,,,
,,"September 30, 1998",,,,,,
,,,,,,,,
,,,,"Percent of criminal appeals cases terminated on the merits",,,,
,,,,,"Remanded","Partially",,
"Most serious offense",,,"Total","Affirmed","or reversed","affirmed","Dismissed","Other"
,,"All offenses\a",7699,81.7,8.1,4.0,4.9,1.3
"Violent offenses",,,565,80.4,11.7,3.2,3.4,1.4
,"Murder\b",,92,83.7,6.5,6.5,1.1,2.2
,"Assault",,61,80.3,13.1,3.3,3.3,0
,"Robbery",,242,83.5,8.7,1.2,5.4,1.2
,"Rape",,50,70.0,26.0,2.0,2.0,0
,"Other sex offenses\b",,69,76.8,18.8,0,0,4.3
,"Kidnaping",,47,74.5,8.5,12.8,4.3,0
,"Threats against the President",,4,"--","--","--","--","--"
"Property offenses",,,1359,79.5,8.5,6.8,3.9,1.3
,"Fraudulent",,1028,79.4,8.5,6.0,4.8,1.4
,,"Embezzlement",88,80.7,6.8,8.0,2.3,2.3
,,"Fraud\b",854,78.9,9.0,6.0,5.2,0.9
,,"Forgery",11,63.6,18.2,9.1,9.1,0
,,"Counterfeiting",75,85.3,2.7,4.0,2.7,5.3
,"Other",,331,80.1,8.8,9.1,1.2,0.9
,,"Burglary",6,"--","--","--","--","--"
,,"Larceny",129,75.2,9.3,11.6,1.6,2.3
,,"Motor vehicle theft",61,91.8,4.9,1.6,1.6,0
,,"Arson and explosives",70,81.4,11.4,5.7,1.4,0
,,"Transportation of stolen property",56,76.8,5.4,17.9,0,0
,,"Other property offenses",9,"--","--","--","--","--"
"Drug offenses",,,3604,83.3,6.9,3.7,4.8,1.2
"Public-order offenses",,,1895,81.8,8.2,3.3,5.4,1.2
,"Regulatory",,153,73.2,18.3,4.6,2.6,1.3
,,"Agriculture",10,"--","--","--","--","--"
,,"Antitrust",3,"--","--","--","--","--"
,,"Food and drug",1,"--","--","--","--","--"
,,"Transportation",23,56.5,43.5,0,0,0
,,"Civil rights",19,57.9,5.3,21.1,10.5,5.3
,,"Communications",3,"--","--","--","--","--"
,,"Custom laws",6,"--","--","--","--","--"
,,"Postal laws",3,"--","--","--","--","--"
,,"Other regulatory offenses",85,85.9,11.8,1.2,1.2,0
,"Other",,1742,82.6,7.3,3.2,5.7,1.1
,,"Weapons",859,84.5,5.9,3.6,5.0,0.9
,,"Immigration offenses",327,77.1,7.0,2.8,12.2,0.9
,,"Tax law violations\b",104,88.5,2.9,1.0,1.9,5.8
,,"Bribery",21,71.4,14.3,9.5,0,4.8
,,"Perjury, contempt, and intimidation",77,66.2,22.1,10.4,0,1.3
,,"National defense",21,66.7,28.6,4.8,0,0
,,"Escape",52,86.5,3.8,1.9,5.8,1.9
,,"Racketeering and extortion",237,87.3,6.8,1.3,4.6,0
,,"Gambling",9,"--","--","--","--","--"
,,"Liquor offenses",2,"--","--","--","--","--"
,,"Obscene material\b",4,"--","--","--","--","--"
,,"Traffic",16,93.8,6.3,0,0,0
,,"Migratory birds",1,"--","--","--","--","--"
,,"All other offenses\b",12,91.7,8.3,0,0,0
"Unknown or indeterminable offense",,,276,73.6,12.0,1.4,10.9,2.2
,,,,,,,,
"--Too few cases to obtain statistically reliable data.",,,,,,,,
"...No case of this type occurred in the data",,,,,,,,
"a\Includes appeals for which an offense category could not be determined.",,,,,,,,
"b\See data note 1.",,,,,,,,
