"Bureau of Justice Statistics",,,,,,,,,,
"Filename: cf987_05.csv",,,,,,,,,,
"Table 7.5.  Outcomes of supervision release, by offense,  October 1, 1997 - September 30, 1998",,,,,,,,,,
"Report title:  Compendium of Federal Justice Statistics, 1998   NCJ 180258 ",,,,,,,,,,
"Data source:  Federal Justice Statistics Program (database maintained by the Urban Institute)",,,,,,,,,,
"Refer questions to:  askbjs@ojp.usdoj.gov   202-307-0765",,,,,,,,,,
"Contact person:  John Scalia",,,,,,,,,,
"Date of version:   5/18/00",,,,,,,,,,
,,,,,,,,,,
"Table 7.5.  Outcomes of supervised release, by offense, October 1, 1997 - September 30, 1998",,,,,,,,,,
,,,,,,,,,,
,,,,"Number of",,"Percent of supervised releases terminating with--",,,,
,,,,"supervised ",,"Technical violations\b",,,,
,,,,"release","No","Drug","Fugitive",,"New","Administrative"
"Most serious offense of conviction\a",,,,"terminations","violation","use","status","Other","crime\c","case closures"
,,," All offenses",19878,64.0,8.2,3.9,8.7,11.8,3.3
"Felonies",,,,19161,64.0,8.2,3.9,8.7,11.9,3.3
,"Violent offenses",,,1472,43.2,13.3,7.3,15.6,17.6,2.9
,,"Murder\d",,48,54.2,4.2,10.4,22.9,6.3,2.1
,,"Negligent manslaughter",,9,"--","--","--","--","--","--"
,,"Assault",,171,44.4,7.6,6.4,14.0,26.3,1.2
,,"Robbery",,1034,40.8,16.6,7.4,14.4,17.7,3.2
,,"Rape",,115,44.3,6.1,7.8,26.1,14.8,0.9
,,"Other sex offenses\d",,58,72.4,1.7,1.7,13.8,5.2,5.2
,,"Kidnapping",,23,60.9,4.3,13.0,4.3,8.7,8.7
,,"Threats against the President",,14,21.4,7.1,7.1,21.4,35.7,7.1
,"Property offenses",,,5697,68.9,5.7,4.1,8.9,9.8,2.7
,,"Fraudulent",,4540,72.3,4.8,3.5,7.9,8.7,2.7
,,,"Embezzlement",699,86.3,1.4,1.1,5.2,4.3,1.7
,,,"Fraud\d",3288,71.2,4.6,3.6,8.2,9.4,3.0
,,,"Forgery",156,66.0,7.7,5.1,8.3,9.0,3.8
,,,"Counterfeiting",397,58.4,12.1,6.3,10.3,10.8,2.0
,,"Other",,1157,55.9,9.1,6.1,12.6,13.8,2.4
,,,"Burglary",93,41.9,14.0,8.6,14.0,20.4,1.1
,,,"Larceny\d",696,53.1,10.5,7.1,13.2,13.7,2.4
,,,"Motor vehicle theft",121,62.0,4.1,5.8,9.9,14.9,3.3
,,,"Arson and explosives",104,62.5,7.7,0,14.4,14.4,1.0
,,,"Transportation of stolen property",126,70.6,2.4,4.8,10.3,8.7,3.2
,,,"Other property offenses\d",17,52.9,17.6,5.9,5.9,11.8,5.9
,"Drug offenses",,,8165,64.1,9.9,2.9,7.6,11.6,3.9
,,"Trafficking",,7311,63.9,9.9,2.9,7.7,11.8,3.9
,,"Possession and other drug offenses",,854,66.1,9.6,2.9,6.8,10.6,4.0
,"Public-order offenses",,,3782,64.2,6.5,4.5,8.0,13.4,3.4
,,"Regulatory",,526,80.6,3.4,2.5,6.1,5.7,1.7
,,,"Agriculture",13,76.9,0,0,15.4,7.7,0
,,,"Antitrust",1,"--","--","--","--","--","--"
,,,"Food and drug",19,94.7,0,0,0,5.3,0
,,,"Transportation",24,75.0,4.2,0,4.2,12.5,4.2
,,,"Civil rights",32,81.3,3.1,3.1,9.4,3.1,0
,,,"Communications",25,68.0,8.0,4.0,12.0,8.0,0
,,,"Custom laws",17,82.4,0,0,0,5.9,11.8
,,,"Postal laws",23,47.8,13.0,0,13.0,26.1,0
,,,"Other regulatory offenses",372,83.0,3.0,3.0,5.4,4.0,1.6
,,"Other",,3256,61.5,7.0,4.9,8.3,14.6,3.7
,,,"Weapons",1492,57.1,10.9,4.7,9.4,15.3,2.6
,,,"Immigration offenses",634,49.2,2.4,5.7,8.5,25.9,8.2
,,,"Tax law violations\d",274,86.9,2.6,1.5,4.0,3.6,1.5
,,,"Bribery",80,91.3,1.3,1.3,2.5,1.3,2.5
,,,"Perjury, contempt, and intimidation",94,69.1,5.3,7.4,5.3,9.6,3.2
,,,"National defense",16,81.3,6.3,0,6.3,0,6.3
,,,"Escape",165,40.9,10.4,13.4,14.6,17.7,3.0
,,,"Racketeering and extortion",368,76.4,3.3,3.5,6.0,7.3,3.5
,,,"Gambling",50,84.0,4.0,2.0,6.0,4.0,0
,,,"Obscene material\d",10,"--","--","--","--","--","--"
,,,"Migratory birds",0,"...","...","...","...","...","..."
,,,"All other offenses\d",73,72.2,4.2,5.6,8.3,8.3,1.4
"Misdemeanors\d",,,,717,65.5,8.0,4.3,9.5,10.8,2.0
,"Fraudulent property offense",,,66,66.7,1.5,6.1,7.6,15.2,3.0
,"Larceny",,,127,50.0,10.3,3.2,15.1,19.8,1.6
,"Drug possession\d",,,188,63.8,13.8,6.9,6.9,6.9,1.6
,"Immigration",,,13,84.6,0,7.7,0,7.7,0
,"Traffic offenses",,,131,71.8,3.8,3.8,9.9,8.4,2.3
,"Other misdemeanors",,,192,71.2,6.3,2.1,9.4,8.9,2.1
,,,,,,,,,,
"--Too few cases to obtain statistically reliable data.",,,,,,,,,,
"(SEE PRINTED REPORT FOR FOOTNOTES)",,,,,,,,,,
