"Bureau of Justice Statistics",,,,,,,,,,
"Filename:  cf983_03.csv",,,,,,,,,,
"Table #:  3.3. Form of pretrial detention, by offense, October 1, 1997 - September 30,1998",,,,,,,,,,
"Report title:  Compendium of Federal Justice Statistics, 1998  NCJ 180258",,,,,,,,,,
"Data source:  Federal Justice Statistics Program (database maintained by The Urban Institute)",,,,,,,,,,
"Refer questions to:  Askbjs@ojp.usdoj.gov  202-307-0765",,,,,,,,,,
"Contact:  John Scalia  ",,,,,,,,,,
"Date of version:  5/8/00",,,,,,,,,,
,,,,,,,,,,
"Table 3.3.  Form of pretrial detention, by offense, October 1, 1997 - September 30, 1998",,,,,,,,,,
,,,,,,,,,,
,,,,"Of defendants detained at any time prior to case disposition,",,,,,,
,,,,"percent detained by--",,,,,,
,,,,,"Held on bail for--",,,,"Number of defendants",
,,,"Percent","Temporary","Part of pre-","All of pre-",,"Other",,"All"
"Most serious offense charged",,,"detained","detention\a","trial period","trial period","Court","detentions","Detained","defendants"
,,"All offenses\b",66.7,2.4,11.5,16.2,54.5,15.4,40665,60950
"Violent offenses",,,77.0,0.7,8.0,5.7,62.0,23.6,3069,3986
,"Murder\c",,82.2,0,7.9,2.0,61.2,28.9,152,185
,"Negligent manslaughter",,"--","--","--","--","--","--",5,8
,"Assault",,55.4,0.7,13.4,9.4,49.6,27.0,448,809
,"Robbery",,90.0,0.9,6.1,5.6,65.4,22.1,1992,2214
,"Rape",,62.4,0,11.8,2.0,57.5,28.8,153,245
,"Other sex offenses\c",,42.0,0.7,16.3,4.3,51.1,27.7,141,336
,"Kidnaping",,94.1,0,4.9,4.9,75.5,14.7,143,152
,"Threats against the President",,94.6,0,8.6,8.6,54.3,28.6,35,37
"Property offenses",,,29.9,1.4,19.6,12.7,43.0,23.3,4023,13463
,"Fraudulent",,29.6,1.4,20.3,13.3,42.9,22.1,3025,10218
,,"Embezzlement",10.1,2.8,31.7,9.2,35.2,21.1,142,1405
,,"Fraud\c",31.0,1.1,19.3,13.4,44.5,21.7,2251,7273
,,"Forgery",27.6,1.3,16.3,11.3,36.3,35.0,80,290
,,"Counterfeiting",44.2,2.0,22.3,14.3,39.3,22.1,552,1250
,"Other",,30.8,1.5,17.5,11.0,43.1,26.9,998,3245
,,"Burglary",60.0,0,13.3,5.6,50.0,31.1,90,150
,,"Larceny\c",23.5,1.4,19.0,14.4,40.1,25.0,563,2396
,,"Motor vehicle theft",63.3,2.4,12.8,4.9,47.6,32.3,164,259
,,"Arson and explosives",60.0,3.1,19.8,7.3,43.8,26.0,96,160
,,"Transportation of stolen property",34.1,0,25.4,13.6,33.9,27.1,59,173
,,"Other property offenses\c",24.3,0,3.8,3.8,73.1,19.2,26,107
"Drug offenses",,,79.9,1.6,14.3,15.3,54.6,14.2,18873,23631
,"Trafficking",,82.1,1.4,14.3,15.5,55.0,13.9,17570,21409
,"Other drug offenses",,58.6,4.8,15.2,12.8,49.3,18.0,1303,2222
"Public-order offenses",,,74.2,4.0,6.4,20.5,56.0,13.0,14601,19676
,"Regulatory",,40.6,1.6,17.2,11.5,42.2,27.5,790,1945
,,"Agriculture",9.2,"--","--","--","--","--",9,98
,,"Antitrust",0,"...","...","...","...","...",0,12
,,"Food and drug",1.7,"--","--","--","--","--",1,59
,,"Transportation",28.2,0,15.0,20.0,25.0,40.0,20,71
,,"Civil rights",11.5,"--","--","--","--","--",9,78
,,"Communications",23.2,0,53.8,0,38.5,7.7,13,56
,,"Custom laws",37.9,0,23.1,28.2,35.9,12.8,39,103
,,"Postal laws",16.4,0,24.0,4.0,40.0,32.0,25,152
,,"Other regulatory offenses",51.2,1.9,15.6,10.7,43.6,28.2,674,1316
,"Other",,77.9,4.2,5.7,21.0,56.8,12.2,13811,17731
,,"Weapons",67.6,1.5,11.0,6.5,57.0,23.9,1683,2490
,,"Immigration offenses",96.4,5.0,4.0,25.2,57.3,8.5,10617,11014
,,"Tax law violations\c",10.0,1.4,44.6,13.5,17.6,23.0,74,742
,,"Bribery",20.7,0,38.7,12.9,38.7,9.7,31,150
,,"Perjury, contempt, and intimidation",42.0,1.2,13.6,11.1,44.4,29.6,81,193
,,"National defense",39.2,0,6.9,31.0,37.9,24.1,29,74
,,"Escape",90.0,2.5,1.9,3.4,66.0,26.2,530,589
,,"Racketeering and extortion",57.7,0.2,15.0,8.4,56.5,19.9,487,844
,,"Gambling",5.2,"--","--","--","--","--",5,96
,,"Liquor offenses","--","--","--","--","--","--",2,5
,,"Obscene material\c",28.8,0,23.8,4.8,33.3,38.1,21,73
,,"Migratory birds",4.2,"--","--","--","--","--",1,24
,,"All other offenses\c",17.4,2.0,14.8,11.2,40.0,32.0,250,1437
,,,,,,,,,,
"--Too few cases to obtain statistically reliable data.",,,,,,,,,,
"...No cases of this type occurred in the data.",,,,,,,,,,
"(SEE PRINTED REPORT FOR FOOTNOTES)",,,,,,,,,,
,,,,,,,,,,
,,,,,,,,,,
,,,,"    ",,,,,,
