"Bureau of Justice Statistics",,,,,,,,,,,,
"Filename: cf985_04.csv",,,,,,,,,,,,
"Table 5.4.  Convicted offenders sentenced to incarceration, by offense and offender characteristics, October 1, 1997 - September 30, 1998",,,,,,,,,,,,
"Report title:  Compendium of Federal Justice Statistics, 1998   NCJ 180258 ",,,,,,,,,,,,
"Data source:  Federal Justice Statistics Program (database maintained by the Urban Institute)",,,,,,,,,,,,
"Refer questions to:  askbjs@ojp.usdoj.gov   202-307-0765",,,,,,,,,,,,
"Contact person:  John Scalia",,,,,,,,,,,,
"Date of version:   5/18/00",,,,,,,,,,,,
,,,,,,,,,,,,
"Table 5.4.  Convicted offenders sentenced to incarceration, by offense and offender characteristics,",,,,,,,,,,,,
,,,"October 1, 1997 - September 30, 1998",,,,,,,,,
,,,,,,,,,,,,
,,,,,"Percent of all convicted offenders who were incarcerated in cases terminated during 1998",,,,,,,
,,,,"Total",,"Felonies",,,,,,
,,,,"number of","All","Violent","Property offenses",,"Drug","Public-order offenses",,
"Offender characteristic",,,,"offenders","offenses\a","offenses","Fraudulent","Other","offenses","Regulatory","Other","Misdemeanors"
,,," All offenders\a",60958,70.6,91.2,60.1,59.4,92.4,42.6,86.8,15.3
"Male/Female",,,,,,,,,,,,
,"Male",,,44900,80.5,93.6,65.4,67.6,94.3,50.6,88.7,24.0
,"Female",,,8082,54.8,76.0,48.6,38.6,82.1,38.7,61.7,13.2
"Race",,,,,,,,,,,,
,"White",,,34781,77.0,90.9,62.1,63.5,91.6,46.2,86.9,22.9
,"Black",,,14389,79.9,96.0,60.5,56.0,95.2,58.0,91.5,19.5
,"Other",,,2774,60.9,90.9,52.1,53.7,85.2,34.7,73.1,12.8
"Ethnicity",,,,,,,,,,,,
,"Hispanic",,,19450,85.4,93.1,62.0,65.2,94.9,51.8,91.9,33.0
,"Non-Hispanic",,,33213,71.8,92.4,60.8,60.5,91.1,45.3,80.5,16.0
"Age",,,,,,,,,,,,
,"16-18 years",,,458,60.7,85.7,50.0,52.9,80.4,33.3,75.5,15.9
,"19-20 years",,,2528,74.1,95.5,51.8,54.2,92.2,71.0,88.9,15.2
,"21-30 years",,,19663,81.3,93.6,59.0,58.8,93.8,57.3,92.5,19.3
,"31-40 years",,,15385,79.4,93.4,63.0,63.5,93.0,47.1,89.1,23.2
,"Over 40 years",,,12810,70.8,88.9,60.9,62.8,90.6,39.3,75.7,18.9
"Citizenship",,,,,,,,,,,,
,"U.S. citizen",,,35121,73.5,92.6,60.5,59.6,91.3,45.5,80.4,17.0
,"Not U.S. citizen",,,16993,84.3,89.4,63.1,73.4,95.9,52.7,92.5,30.1
"Education",,,,,,,,,,,,
,"Less than high school graduate",,,21045,86.2,95.3,63.2,65.7,94.7,58.6,91.4,32.6
,"High school graduate",,,14903,75.3,93.3,59.7,58.9,92.1,43.4,83.3,17.7
,"Some college",,,9098,69.1,88.7,59.5,57.2,89.1,47.5,78.4,15.3
,"College graduate",,,3536,61.5,81.9,62.6,61.7,84.3,33.3,64.0,14.7
"Criminal record",,,,,,,,,,,,
,"No convictions",,,23579,65.0,84.1,51.2,46.2,89.9,41.3,68.6,14.1
,"Prior adult convictions\b",,,27652,87.8,96.9,74.3,74.1,95.1,62.1,94.9,35.8
,,,,,,,,,,,,
"(SEE PRINTED REPORT FOR FOOTNOTES)",,,,,,,,,,,,
