Bureau of Justice Statistics,,,,,,,,,,,,
Filename: sdatji0210.csv,,,,,,,,,,,,
"Table 10: Substance treatment or programs under correctional supervision among convicted jail inmates who used alcohol or drugs, 2002 and 1996",,,,,,,,,,,,
"Report title: Substance Dependence, Abuse, and Treatment of Jail Inmates, 2002 NCJ 209588",,,,,,,,,,,,
"Data source: Survey of Inmates in Local Jails, 2002",,,,,,,,,,,,
"Authors: Jennifer C. Karberg, Doris J. James",,,,,,,,,,,,
Refer questions to: askbjs@usdoj.gov  202-307-0765,,,,,,,,,,,,
Date of version: 7/10/05,,,,,,,,,,,,
"Table 10. Substance treatment or programs under correctional supervision among convicted jail inmates who used alcohol or drugs, 2002 and 1996",,,,,,,,,,,,
,,,,Percent of convicted inmates reporting prior substance use,,,,,,,,
,Ever regularly,,,,In the month before the offense,,,,At the time of the offense,,,
Type of treatment or programs,2002,,1996,,2002,,1996,,2002,,1996,
Ever under correctional supervision,47.3,,38.8,,46.9,,39,,52.1,,43,
Participated since admission,17.3,,14.4,,16.9,,14.4,,19.9,,17,
  Treatment,6.2,%,4.2,%,6,%,4.2,%,7.5,%,5.3,%
    Residential facility or unit,3.4,,2.2,,3.3,,2.4,,4,,2.9,
    Counseling by a professional,2.5,,1.6,,2.4,,1.6,,3.1,,1.9,
    Detoxification unit,0.8,,0.9,,0.8,,0.8,,1,,1.2,
  Other programs,13.9,%,12.8,%,13.6,%,12.8,%,15.7,%,15.1,%
    Self-help group or peer counseling,11.2,,10.8,,10.9,,10.8,,12.8,,12.8,
    Education program,5.5,,3.7,,5.4,,4.6,,6.2,,5.4,
  Estimated number of prisoners,"375,730",,"296,580",,"297,636",,"277,787",,"216,014",,"190,103",
Note: Detail adds to more than total because inmates may have participated in more than one type of substance use treatment or other program.,,,,,,,,,,,,
