Bureau of Justice Statistics,,,,,,,,
Filename: sdatji0211.csv,,,,,,,,
"Table 11: Alcohol treatment or programs since admission of convicted inmates who used alcohol or met alcohol dependence or abuse criteria, 2002",,,,,,,,
"Report title: Substance Dependence, Abuse, and Treatment of Jail Inmates, 2002 NCJ 209588",,,,,,,,
"Data source: Survey of Inmates in Local Jails, 2002",,,,,,,,
"Authors: Jennifer C. Karberg, Doris J. James",,,,,,,,
Refer questions to: askbjs@usdoj.gov  202-307-0765,,,,,,,,
Date of version: 7/10/05,,,,,,,,
"Table 11. Alcohol treatment or programs since admission of convicted inmates who used alcohol or met alcohol dependence or abuse criteria, 2002",,,,,,,,
,,,Prior alcohol use,,,,,
Type of alcohol treatment or programs since admission,Convicted inmates,,Ever binge drinking*,,At the time of offense,,Alcohol dependence or abuse,
Any alcohol treatment or programs,10.9,%,17.4,%,16.4,%,16.8,%
Treatment ,3.6,%,5.9,%,5.9,%,5.6,%
  Residential facility or unit,2,,2.9,,2.8,,3,
  Counseling by a professional,1.4,,2.7,,2.6,,2.4,
  Detoxification unit,0.5,,1.1,,1,,0.9,
Other programs,9,%,14.1,%,12.7,%,13.6,%
  Self-help group or peer counseling,7.2,,11.7,,10.2,,11.1,
  Education ,3.8,,5.4,,5.3,,5.6,
Estimated number of inmates,"439,473",,"181,728",,"144,596",,"212,535",
"*Binge drinking is defined as having consumed as much as a fifth of liquor in a single day, equivalent to 20 drinks, 3 bottles of wine, or as many as 3 six-packs of beer.",,,,,,,,
