Bureau of Justice Statistics,,,,,,,
Filename: sdatji0207.csv,,,,,,,
"Table 7: Prior alcohol or drug use at time of offense among convicted jail inmates, by type of offense, 2002",,,,,,,
"Report title: Substance Dependence, Abuse, and Treatment of Jail Inmates, 2002 NCJ# 209588",,,,,,,
"Data source: Survey of Inmates in Local Jails, 2002",,,,,,,
"Authors: Jennifer C. Karberg, Doris J. James",,,,,,,
Refer questions to: askbjs@usdoj.gov  202-307-0765,,,,,,,
Date of verision: 7/10/05,,,,,,,
"Table 7. Prior alcohol or drug use at time of offense among convicted jail inmates, by type of offense, 2002",,,,,,,
,,,,Used at time of offense,,,
Most serious offense,Estimated number of inmates,Alcohol,,Drugs,,Alcohol or drugs,
     Total/a,"440,570",33.3,%,28.8,%,49.8,%
Violent offenses,"96,359",37.6,%,21.8,%,47.2,%
  Homicide,"5,967",41.6,,20,,47.4,
  Sexual assault/b,"13,252",37.2,,13.5,,42.2,
  Robbery,"18,826",37.6,,39.9,,55.8,
  Assault,"50,226",39.7,,18.2,,47.5,
Property offenses,"112,895",28.5,%,32.5,%,46.8,%
  Burglary,"29,767",32.6,,40.8,,55.1,
  Larceny/theft,"33,691",29,,32,,47.3,
  Motor vehicle theft,"9,414",35.4,,39.8,,54.5,
  Fraud,"22,817",21.5,,27.9,,38.6,
Drug offenses,"112,447",22.4,%,43.2,%,51.7,%
  Possession,"48,823",19.9,,45.9,,51.4,
  Trafficking,"56,574",24.8,,40.7,,51.8,
Public-order offenses ,"83,193",26.2,%,19.5,%,37,%
  Weapons,"9,218",35.3,,36.8,,55.7,
  Other public-order/c,"73,975",25.1,,17.4,,34.6,
a/ Includes offenses not shown.,,,,,,,
b/ Includes rape and other sexual assault.,,,,,,,
c/ Excludes DWI/DUI.,,,,,,,
