Bureau of Justice Statistics,,,
Filename: sdatji02_texttab3.csv,,,
Texttable 3: Prevalence of substance dependence or abuse in the U.S. resident  population,,,
"Report title: Substance Dependence, Abuse, and Treatment of Jail Inmates, 2002 NCJ# 209588",,,
"Data source: Survey of Inmates in Local Jails, 2002",,,
"Authors: Jennifer C. Karberg, Doris J. James",,,
Refer questions to: askbjs@usdoj.gov  202-307-0765,,,
Date of verision: 7/10/2005,,,

,Prevalence of substance dependence or abuse in the U.S. resident  population,,
,Number (in millions),Percent,
Substance,,,
Alcohol or drugs,22,9.4,%
Alcohol,18.1,7.7,
Drugs,7.1,3,
Gender,,,
Male,14.5,12.8,%
Female,7.4,6.1,
Note: Substance dependence or abuse was measured as defined in the DSM-IV. Based on U.S. resident population age 12 or older. .,,,
"Source: Substance Abuse and Mental Health Services Administration, National Survey on Drug Use and Health, 2002, U.S. Department of Health and Human Services.",,,
