Bureau of Justice Statistics,,,,
Filename: sdatji02h3.csv,,,,
"Highlight table 3: Substance dependence/abuse status of jail inmates by prior criminal record, 2002",,,,
"Report title: Substance Dependence, Abuse, and Treatment of Jail Inmates, 2002 NCJ# 209588",,,,
"Data source: Survey of Inmates in Local Jails, 2002",,,,
"Authors: Jennifer C. Karberg, Doris J. James",,,,
Refer questions to: askbjs@usdoj.gov  202-307-0765,,,,
Date of verision: 7/10/2005,,,,

"Highlights table 3. Substance dependence/abuse status of jail inmates by prior criminal record, 2002",,,,
,Percent of jail inmates,,,
Prior  sentences*,Abuse/ dependence,,Other inmates,
0,20,%,41,%
1,16,,20,
2,17,,16,
3 or more,47,,22,
*To probation or incarceration,,,,,               
