Bureau of Justice Statistics,,,,
Filename: sdatji02sh04.csv,,,,
"Report title: Substance Dependence, Abuse, and Treatment of Jail Inmates, 2002 NCJ# 209588",,,,
"Data source: Survey of Inmates in Local Jails, 2002",,,,
"Authors: Jennifer C. Karberg, Doris J. James",,,,
Refer questions to: asjbjs@usdoj.gov  202-307-0765,,,,
Date of verision: 9/30/05,,,,

"Highlights table 4. Standard errors for substance dependence or abuse status of jail inmates by participation in substance abuse treatment or other programs, 2002",,,,
Percent of jail inmates,,,,
Participated in treatment/program,Regular substance use ,,Abuse/ Dependence,
,Percent,Standard error,Percent,Standard error
Ever any treatment/program,58,0.82,63,0.84
    Treatment ,40,0.82,44,0.89
    Other programs,42,0.84,46,0.91
Under correctional supervion,43,0.84,47,0.91
    Treatment ,27,0.73,30,0.82
    Other programs,32,0.82,36,0.91
Since admission to jail*,17,0.81,19,0.91
    Treatment ,6,0.45,7,0.51
    Other programs,14,0.73,16,0.84
*Convicted only,,,,
