Bureau of Justice Statistics,,,,,
Filename: sdatji02stt02.csv,,,,,
"Report title: Substance Dependence, Abuse, and Treatment of Jail Inmates, 2002 NCJ# 209588",,,,,
"Data source: Survey of Inmates in Local Jails, 2002",,,,,
"Authors: Jennifer C. Karberg, Doris J. James",,,,,
Refer questions to: asjbjs@usdoj.gov  202-307-0765,,,,,
Date of verision: 9/30/2005,,,,,

Abuse symptoms ,,,Dependence symptoms,,
,Alcohol  or drugs,,,Alcohol  or drugs,
Number of positive responses ,Percent,Standard error,Number of positive responses,Percent,Standard error
0,32.7,0.72,0,37.7,0.76
1,15.6,0.51,1 thru 2,16.3,0.55
2,16.5,0.49,3 thru 4,12.4,0.46
3,17.9,0.55,5 thru 6,16,0.51
4,17.3,0.63,7,17.6,0.56
