Bureau of Justice Statistics,,,,,,
Filename: sdatji0202.csv,,,,,,
"Table 2: Substance dependence or abuse among jail inmates,  by selected characteristics, 2002",,,,,,
"Report title: Substance Dependence, Abuse, and Treatment of Jail Inmates, 2002 NCJ# 209588",,,,,,
"Data source: Survey of Inmates in Local Jails, 2002",,,,,,
"Authors: Jennifer C. Karberg, Doris J. James",,,,,,
Refer questions to: askbjs@usdoj.gov  202-307-0765,,,,,,
Date of verision: 7/10/2005,,,,,,

"Table 2. Substance dependence or abuse among jail inmates,  by selected characteristics, 2002",,,,,,
,Percent of jail inmates,,,,,
Characteristic,All   ,,Dependence,, Abuse only  ,
All jail inmates,68,%,45.2,%,22.9,%
Gender,,,,,,
Male,67.9,%,44.3,%,23.6,%
Female,69.2,,51.8,,17.4,
Race/Hispanic origin/a ,,,,,,
White/b,77.7,%,55.4,%,22.3,%
Black/b,64.1,,40.4,,23.7,
Hispanic,58.7,,35.7,,23,
Other/c,66,,45.4,,20.7,
Age,,,,,,
24 or younger,66.1,%,40.3,%,25.8,%
25-34,70.5,,48.1,,22.4,
35-44,71.4,,50.4,,21,
45-54,61.9,,41.7,,20.3,
55 or older,46.2,,23.1,,23.1,
Most serious offense,,,,,,
Violent,63.1,%,40.8,%,22.3,%
Property,71.7,,50.6,,21.1,
Drug,72.1,,49.6,,22.4,
Public-order/d,67,,41.3,,25.7,
a/Excludes inmates who did not specify  a race.
b/Excludes persons of Hispanic origin. 
"c/Includes Asians, American Indians, Alaska Natives, Native Hawaiians, other Pacific Islanders, and inmates who specified more than one race. "
d/Excludes DWI/DUI.
