Bureau of Justice Statistics,,,,,,,,
Filename: sdatji02s10.csv,,,,,,,,
"Report title: Substance Dependence, Abuse, and Treatment of Jail Inmates, 2002 NCJ 209588",,,,,,,,
"Data source: Survey of Inmates in Local Jails, 2002",,,,,,,,
"Authors: Jennifer C. Karberg, Doris J. James",,,,,,,,
Refer questions to: asjbjs@usdoj.gov  202-307-0765,,,,,,,,
Date of version: 9/30/05,,,,,,,,

"Table 10. Standard errors for substance treatment or programs under correctional supervision among convicted jail inmates who used alcohol or drugs, 2002",,,,,,,,

,,,Ever regularly,,In the month before the offense,,At the time of the offense,
Type of treatment or programs,,,Percent,Standard error,Percent,Standard error,Percent,Standard error
Ever under correctional supervision,,,47.3,0.97,46.9,1.06,52.1,1.21
Participated since admission,,,17.3,0.81,16.9,0.85,19.9,1.12
  Treatment,,,6.2,0.45,6,0.5,7.5,0.65
    Residential facility or unit,,,3.4,0.34,3.3,0.38,4,0.48
    Counseling by a professional,,,2.5,0.27,2.4,0.3,3.1,0.4
    Detoxification unit,,,0.8,0.16,0.8,0.19,1,0.25
  Other programs,,,13.9,0.73,13.6,0.77,15.7,1.03
    Self-help group or peer counseling,,,11.2,0.66,10.9,0.68,12.8,0.94
    Education program,,,5.5,0.43,5.4,0.49,6.2,0.58
  Estimated number of prisoners,,,"375,730",,"297,636",,"216,014",
Note: Detail adds to more than total because inmates may have participated in more than one type of substance use treatment or other program.,,,,,,,,
