Bureau of Justice Statistics,,,,
Filename: sdatji02tt7.csv,,,,
Texttable 7:  Percent of alcohol or drug-involved convicted jail inmates,,,,
"Report title: Substance Dependence, Abuse, and Treatment of Jail Inmates, 2002 NCJ# 209588",,,,
"Data source: Survey of Inmates in Local Jails, 2002",,,,
"Authors: Jennifer C. Karberg, Doris J. James",,,,
Refer questions to: askbjs@usdoj.gov  202-307-0765,,,,
Date of verision: 7/10/2005,,,,

Texttable 7.  Percent of alcohol or drug-involved convicted jail inmates,,,,
,2002,,1996,
Any current drug offense,31,%,27.8,%
Any current DWI/DUI,9.7,,10.7,
Alcohol/drug use at offense,49.7,,58.8,
Ever commit crime to get money for drugs,16.4,,15.1,
Drug use in month before offense,54.6,,54,
Daily use of alcohol in year before admission,34.4,,36.7,
Drug/alcohol-involved,77.8,%,77.3,%
Positive drug test at arrest or after admission*,29,,/,
Abused drugs or alcohol,22.9,,/,
Dependent on drugs or alcohol,45.2,,/,
Drug/alcohol-involved ,84.7,%,--,
Note: Percentages add to more than 100% because inmates may have had more than one type of involvement. ,,,,
 /Not reported. ,,,,
 --Not calculated.,,,,
*Based on inmates tested for drugs only.,,,,
