Bureau of Justice Statistics,,,,,,,,,,
Filename: sdatji0213.csv,,,,,,,,,,
"Table 13: Substance treatment or programs ever or under correctional  supervision among convicted jail inmates who met substance dependence  or abuse criteria, by gender and race, 2002 ",,,,,,,,,,
"Report title: Substance Dependence, Abuse, and Treatment of Jail Inmates, 2002 NCJ 209588",,,,,,,,,,
"Data source: Survey of Inmates in Local Jails, 2002",,,,,,,,,,
"Authors: Jennifer C. Karberg, Doris J. James",,,,,,,,,,
Refer questions to: askbjs@usdoj.gov  202-307-0765,,,,,,,,,,
Date of version: 7/10/2005,,,,,,,,,,
"Table 13. Substance treatment or programs ever or under correctional  supervision among convicted jail inmates who met substance dependence  or abuse criteria, by gender and race, 2002 ",,,,,,,,,,
 Type of treatment or programs ,Percent of substance dependent or abusing inmates �,,,,,,,,,
,Male,,Female,,White,,Black,,Hispanic,
Ever in treatment or program,63.9,%,68.1,%,72.5,%,57.9,%,58,%
Treatment ,44.4,,53.1,,55.5,,38.9,,34.8,
Other programs,47,,51,,54.7,,40.8,,44.1,
Participated while under  correctional supervision,50.5,%,56,%,57.9,%,44.6,%,48.1,%
Treatment,31.8,%,38.8,%,39.9,%,27.3,%,27,%
Other programs,38.2,,42.6,,45.5,,31.9,,36.9,,,,,,,,,,
After admission,,,,,,,,,,,,,,,,,,,
Treatment,6.7,%,9.1,%,9.2,%,5,%,5.2,%,,,,,,,,,
Other programs,14.5,,22.5,,18.2,,13.2,,12.6,,,,,,,,,,
Ever while in prison or jail,,,,,,,,,,,,,,,,,,,
Treatment,17.7,%,20.6,%,22.9,%,15.7,%,12.1,%,,,,,,,,,
Other programs,24.5,,30.4,,29.7,,22,,21,,,,,,,,,,
Ever while on probation or parole,,,,,,,,,,,,,,,,,,,
Treatment,24.6,%,31,%,32.3,%,19.6,%,21.1,%,,,,,,,,,
Other programs,28.5,,31.4,,36.6,,21.2,,26.6,,,,,,,,,,
Estimated number of inmates ,"267,646",,"36,873",,"130,294",,"110,710",,"47,004",,,,,,,,,,
,,,,,,,,,,,,,,,,,,, 
