Bureau of Justice Statistics,,,,,,
Filename: sdatji02s02.csv,,,,,,
"Report title: Substance Dependence, Abuse, and Treatment of Jail Inmates, 2002 NCJ# 209588",,,,,,
"Data source: Survey of Inmates in Local Jails, 2002",,,,,,
"Authors: Jennifer C. Karberg, Doris J. James",,,,,,
Refer questions to: asjbjs@usdoj.gov  202-307-0765,,,,,,
Date of verision: 9/30/2005,,,,,,

"Table 2. Standard errors for substance dependence or abuse among jail inmates,  by selected characteristics, 2002",,,,,,
,Percent of jail inmates,,,,,
Characteristic,All   ,,Dependence,, Abuse only  ,
,Percent,Standard error,Percent,Standard error,Percent,Standard error
All jail inmates,68,0.72,45.2,0.79,22.9,0.6
,,,,,,
Gender,,,,,,
Male,67.9,0.79,44.3,0.88,23.6,0.67
Female,69.2,1.1,51.8,1.21,17.4,0.91
,,,,,,
Race/Hispanic origin/a ,,,,,,
White/b,77.7,0.94,55.4,1.18,22.3,0.99
Black/b,64.1,1.01,40.4,1.13,23.7,0.94
Hispanic,58.7,1.99,35.7,1.8,23,1.35
Otherc,66,2.59,45.4,2.91,20.7,2.27
,,,,,,
Age,,,,,,
24 or younger,66.1,1.25,40.3,1.31,25.8,1.1
25-34,70.5,1.2,48.1,1.3,22.4,1.11
35-44,71.4,1.33,50.4,1.38,21,1.11
45-54,61.9,2.23,41.7,2.2,20.3,1.7
55 or older,46.2,4.82,23.1,4.62,23.1,4.08
,,,,,,
Most serious offense,,,,,,
Violent,63.1,1.33,40.8,1.35,22.3,1.13
Property,71.7,1.29,50.6,1.45,21.1,1.14
Drug,72.1,1.48,49.6,1.53,22.4,1.16
Public-order,67,1.35,41.3,1.45,25.7,1.21

a/Excludes inmates who did not specify  a race.,,,,,,
b/Excludes persons of Hispanic origin. ,,,,,,
"c/Includes Asians, American Indians, Alaska Natives, Native Hawaiians, other Pacific Islanders, and inmates who specified more than one race. ",,,,,,
