Bureau of Justice Statistics,,,,,,,,
Filename: sdatji02s07.csv,,,,,,,,
"Report title: Substance Dependence, Abuse, and Treatment of Jail Inmates, 2002 NCJ# 209588",,,,,,,,
"Data source: Survey of Inmates in Local Jails, 2002",,,,,,,,
"Authors: Jennifer C. Karberg, Doris J. James",,,,,,,,
Refer questions to: asjbjs@usdoj.gov  202-307-0765,,,,,,,,
Date of verision:9/30/05,,,,,,,,

"Table 7. Standard errors for prior alcohol or drug use at time of offense among convicted jail inmates, by type of offense, 2002",,,,,,,,
,,,,Used at time of offense,,,,
Most serious offense,Estimated number of inmates,Alcohol,,Drugs,,Alcohol or drugs,,
,,Percent,Standard error,Percent,Standard error,Percent,Standard error,
     Total/a,"440,570",33.3,0.82,28.8,0.82,49.8,0.89,
Violent offenses,"96,359",37.6,1.86,21.8,1.47,47.2,1.85,
  Homicide,"5,967",41.6,7.81,20,6.07,47.4,7.73,
  Sexual assault/b,"13,252",37.2,6.18,13.5,3.22,42.2,6.11,
  Robbery,"18,826",37.6,3.89,39.9,4.05,55.8,3.92
  Assault,"50,226",39.7,2.43,18.2,1.85,47.5,2.39
Property offenses,"112,895",28.5,1.49,32.5,1.53,46.8,1.6
  Burglary,"29,767",32.6,3.03,40.8,3.28,55.1,3.1
  Larceny/theft,"33,691",29,2.81,32,2.84,47.3,2.93
  Motor vehicle theft,"9,414",35.4,5.43,39.8,5.23,54.5,5.47
  Fraud,"22,817",21.5,2.63,27.9,2.8,38.6,3.06
Drug offenses,"112,447",22.4,1.34,43.2,1.78,51.7,1.73
  Possession,"48,823",19.9,1.95,45.9,2.41,51.4,2.44
  Trafficking,"56,574",24.8,2.01,40.7,2.42,51.8,2.44
Public-order offenses ,"83,193",26.2,1.7,19.5,1.5,37,1.81
  Weapons,"9,218",35.3,5.66,36.8,5.52,55.7,5.59
  Other public-order/c,"73,975",25.1,1.79,17.4,1.54,34.6,1.91
a/ Includes offenses not shown,,,,,,,
b/ Includes rape and other sexual assault,,,,,,,
c/ Excludes DWI/DUI,,,,,,,
