Bureau of Justice Statistics,,,,,,,,,,,,
filename:  cv0348.csv,,,,,,,,,,,,
"Table 48. Percent distribution of multiple-offender victimizations by type of crime, race of victims and perceived race of offenders",,,,,,,,,,,,
"data source: National Criminal Victimization Survey, 2003  NCJ  207811",,,,,,,,,,,,
produced by:  Cathy Maston ,,,,,,,,,,,,
authors:  Patsy Klaus and Cathy Maston,,,,,,,,,,,,
refer questions to: askbjs@usdoj.gov  202-307-0765,,,,,,,,,,,,
data of version:  06/01/05,,,,,,,,,,,,

"Table 48. Personal crimes of violence, 2003: Percent distribution of multiple-offender victimizations by type of crime, race of victims and perceived race of offenders",,,,,,,,,,,,

,,,,,Percent of multiple-offender victimizations,,,,,,,
,,,,,,,Perceived race of offenders,,,,,
Type of crime and race of victim,Number of multiple offender victimizations,Total,, All white,, All black,,All other,,Mixed races,,Not known and not available

Crimes of violence/a,,,,,,,,,,,,
White only,"866,720",100,%,39.1,%,17,%,14.2,%,19,%,10.6,%
Black only,"238,840",100,%,7.3,*,67.8,,5.2,*,14,,5.8,*
Robbery,,,,,,,,,,,,,
White only,"166,120",100,%,20.2,,36.7,,10.5,*,20.3,,12.3,*
Black only,"90,660",100,%,5.9,*,68.7,,5.2,*,8.5,*,11.7,*
Assault,,,,,,,,,,,,,
White only,"671,100",100,%,43,,11.9,,14.8,,19.5,,10.7,
Black only,"148,180",100,%,8.1,*,67.2,,5.2,*,17.4,*,2.1,*

"Note: Detail may not add to total shown because of rounding.  Excludes data on persons of ""Other"" races and persons indicating two or more races.",,,,,,,,,,,,,
*Estimate is based on about 10 or fewer sample cases.,,,,,,,,,,,,,
"a/Includes data on rape and sexual assault, not shown separately.",,,,,,,,,,,,,
