Bureau of Justice Statistics,,,,,,,,,,,,,,,,,,,
filename:  cv0341.csv,,,,,,,,,,,,,,,,,,,
"Table 41. Percent distribution of single-offender victimizations, by type of crime, age of victims and perceived age of offender",,,,,,,,,,,,,,,,,,,
"data source: National Criminal Victimization Survey, 2003  NCJ  207811",,,,,,,,,,,,,,,,,,,
produced by:  Cathy Maston ,,,,,,,,,,,,,,,,,,,
authors:  Patsy Klaus and Cathy Maston,,,,,,,,,,,,,,,,,,,
refer questions to: askbjs@usdoj.gov  202-307-0765,,,,,,,,,,,,,,,,,,,
data of version:  06/01/05,,,,,,,,,,,,,,,,,,,

"Table 41. Personal crimes of violence, 2003: Percent distribution of single-offender victimizations, by type of crime, age of victims and perceived age of offender",,,,,,,,,,,,,,,,,,,

,,,,,,,,Percent of single-offender victimizations,,,,,,,,,,,
,,,,,,,,,,Perceived age of offender,,,,,,,,,
,,,,,,, 12-20,,,,,,,,,,,,
Type of crime and age of victim,Number of single-offender victimizations,,Total,,Under 12,,Total,, 12-14,,15-17,,18-20,,21-29,,30 and over,,Not known and not available
Crimes of violence/a,,,,,,,,,,,,,,,,,,,
 12-19,"1,192,590",,100,%,3.4,%,70.2,%,24.5,%,29.9,%,15.7,%,6.5,%,14.2,%,5.6,%
20-34,"1,413,660",,100,%,0.2,*,12.9,,0.4,*,2.7,,9.8,,39.3,,42.6,,5.1,
35-49,"1,031,860",,100,%,4.2,,10.7,,2.2,*,5.4,,3,*,21.8,,58.3,,5,
50-64,"384,400",,100,%,2.3,*,11.7,,4.5,*,3.8,*,3.4,*,17.8,,64.6,,3.7,*
65 and over,"54,300",,100,%,0,*,18.2,*,0,*,9.2,*,9,*,33.6,*,44,*,4.3,*
Robbery,,,,,,,,,,,,,,,,,,,,
 12-19,"76,580",,100,%,0,*,53.1,,21.7,*,14.7,*,16.7,*,16.3,*,25.3,*,5.3,*
20-34,"117,710",,100,%,0,*,14.1,*,0,*,0,*,14.1,*,36.6,,34.8,,14.5,*
35-49,"51,670",,100,%,4.3,*,10.3,*,5,*,5.3,*,0,*,18.4,*,45.2,*,21.8,*
50-64,"31,830",*,100,%*,0,*,16.1,*,0,*,7.6,*,8.5,*,35.3,*,48.7,*,0,*
65 and over,"10,990",*,100,%*,0,*,20.8,*,0,*,0,*,20.8,*,38.3,*,40.8,*,0,*
Assault,,,,,,,,,,,,,,,,,,,,
 12-19,"1,081,630",,100,%,3.8,,73,,25.2,,32,,15.8,,4.6,,12.8,,5.8,
20-34,"1,214,020",,100,%,0.3,*,13.6,,0.5,*,3.1,,10,,39.1,,42.7,,4.3,
35-49,"942,540",,100,%,4.3,,11.1,,2.2,*,5.6,,3.3,*,21.9,,58.4,,4.3,
50-64,"340,160",,100,%,2.5,*,11.7,,5.1,*,3.6,*,3,*,15.4,,66.2,,4.1,*
65 and over,"40,340",,100,%,0,*,18.8,*,0,*,12.3,*,6.4,*,34.7,*,40.7,*,5.8,*

Note: Detail may not add to total shown because of rounding.,,,,,,,,,,,,,,,,,,,,
*Estimate is based on about 10 or fewer sample cases.,,,,,,,,,,,,,,,,,,,,
"a/Includes data on rape and sexual assault, not shown separately.",,,,,,,,,,,,,,,,,,,,
