Bureau of Justice Statistics,,,,,,,,,,,,
filename:  cv0332.csv,,,,,,,,,,,,
Table 32. Percent distribution of victimizations by perceived drug or alcohol use by offender,,,,,,,,,,,,
"data source: National Criminal Victimization Survey, 2003  NCJ  207811",,,,,,,,,,,,
produced by:  Cathy Maston ,,,,,,,,,,,,
authors:  Patsy Klaus and Cathy Maston,,,,,,,,,,,,
refer questions to: askbjs@usdoj.gov  202-307-0765,,,,,,,,,,,,
data of version:  06/01/05,,,,,,,,,,,,

"Table 32. Personal crimes of violence, 2003: Percent distribution of victimizations by perceived drug or alcohol use by offender",,,,,,,,,,,,

,,,,Percent of victimizations,,,,,,,,
,,,,,,,Assault,,,,,
Perceived drug or alcohol use by offender,Crimes of violence,,Rape/Sexual assault/a,,Robbery,,     Total,,Aggravated,,   Simple,

Total victimizations,100,%,100,%,100,%,100,%,100,%,100,%
Total (Perceived to be under the influence of drugs or alcohol),29.3,,55.1,,25.6,,28.7,,34.9,,26.8,
  Under the influence of alcohol,15.6,,35.2,,6.9,,15.8,,16.3,,15.7,
  Under the influence of drugs,5.9,,3.4,*,10.4,,5.4,,8.2,,4.5,
  Under the influence of both drugs and alcohol,5.9,,13.6,*,8.3,,5.3,,7.8,,4.5,
"  Under the influence of one, not sure which",1.7,,1.3,*,0,*,1.9,,2.4,*,1.8,
  Not available whether drugs or alcohol,0.3,*,1.6,*,0,*,0.3,*,0.3,*,0.3,*
Not on alcohol or drugs,28.3,,24,,14.8,,30.3,,18.6,,33.9,
Don't know or not ascertained,42.3,,21,,59.6,,41,,46.5,,39.3,

Note: Detail may not add to total shown because of rounding.,,,,,,,,,,,,
*Estimate is based on about 10 or fewer sample cases.,,,,,,,,,,,,
a/Includes verbal threats of rape and threats of sexual assault.,,,,,,,,,,,,
