Bureau of Justice Statistics,,,,,,,,,,,,,,
filename:  cv0346.csv,,,,,,,,,,,,,,
"Table 46. Percent distribution of multiple-offender victimizations, by type of crime and perceived race of offenders",,,,,,,,,,,,,,
"data source: National Criminal Victimization Survey, 2003  NCJ  207811",,,,,,,,,,,,,,
produced by:  Cathy Maston ,,,,,,,,,,,,,,
authors:  Patsy Klaus and Cathy Maston,,,,,,,,,,,,,,
refer questions to: askbjs@usdoj.gov  202-307-0765,,,,,,,,,,,,,,
data of version:  06/01/05,,,,,,,,,,,,,,

"Table 46. Personal crimes of violence, 2003: Percent distribution of multiple-offender victimizations, by type of crime and perceived race of offenders",,,,,,,,,,,,,,
                                                                                                                           ,,,,,,,,,,,,,,
,,,,,,Percent of all multiple-offender victimizations,,,,,,,,
,,,,,,,,Perceived race of offenders,,,,,,
Type of crime,Number of multiple offender victimizations,,Total,, All white,,All  black,,All other,,Mixed races,,Not known and not available,

Crimes of violence,"1,177,250",,100,%,31.6,%,27.9,%,14.4,%,16.8,%,9.2,%
   Completed violence,"458,600",,100,,27,,35.6,,11.1,,17.1,,9.2,
   Attempted/threatened violence,"718,650",,100,,34.4,,23,,16.6,,16.7,,9.3,
   Rape/Sexual assault/a,"29,500",*,100,*,57.3,*,21,*,21.6,*,0,*,0,*
   Robbery,"269,940",,100,,14.4,,46.9,,11.8,*,15.3,,11.5,*
      Completed/property taken,"189,290",,100,,13.5,*,48.9,,11.9,*,10.7,*,15,*
         With injury,"80,410",,100,,18.2,*,28.8,*,19.9,*,20.6,*,12.6,*
         Without injury,"108,870",,100,,10,*,63.8,,6.1,*,3.4,*,16.8,*
      Attempted to take property,"80,640",,100,,16.6,*,42.2,,11.6,*,26.2,*,3.4,*
         With injury,"24,520",*,100,*,0,*,82.4,*,0,*,17.6,*,0,*
         Without injury,"56,120",,100,,23.8,*,24.7,*,16.7,*,29.9,*,4.8,*
   Assault,"877,800",,100,,36,,22.3,,15,,17.9,,8.9,
      Aggravated,"307,570",,100,,27,,21.5,,20.9,,24.2,,6.3,*
      Simple,"570,220",,100,,40.8,,22.8,,11.8,,14.5,,10.2,

"Note: Detail may not add to total shown because of rounding.  Excludes data on persons of ""Other"" races and persons indicating two or more races.",,,,,,,,,,,,,,
*Estimate is based on about 10 or fewer sample cases.,,,,,,,,,,,,,,
a/Includes verbal threats of rape and threats of sexual assault.
