Bureau of Justice Statistics,,,,,,,,,,,,
filename:  cv0344.csv,,,,,,,,,,,,
"Table 44. Percent distribution of multiple-offender victimizations, by type of crime and perceived gender of offenders",,,,,,,,,,,,
"data source: National Criminal Victimization Survey, 2003  NCJ  207811",,,,,,,,,,,,
produced by:  Cathy Maston ,,,,,,,,,,,,
authors:  Patsy Klaus and Cathy Maston,,,,,,,,,,,,
refer questions to: askbjs@usdoj.gov  202-307-0765,,,,,,,,,,,,
data of version:  06/01/05,,,,,,,,,,,,

"Table 44. Personal crimes of violence, 2003: Percent distribution of multiple-offender victimizations, by type of crime and perceived gender of offenders",,,,,,,,,,,,
       ,,,,,,,,,,,,
,,,,,Percent of all multiple-offender victimizations,,,,,,,
,,,,,                      Perceived gender of offenders,,,,,,,
Type of crime,Number of multiple-offender victimizations,,Total,,All male,,All female,,Male and female,,Not known and not available,

Crimes of violence,"1,177,250",,100,%,68.2,%,8.6,%,19.1,%,4.1,%
   Completed violence,"458,600",,100,,72.7,,7.2,,14.3,,5.8,*
   Attempted/threatened violence,"718,650",,100,,65.3,,9.4,,22.2,,3,*
   Rape/Sexual assault/a,"29,500",*,100,*,84,*,8,*,8,*,0,*
   Robbery,"269,940",,100,,68.4,,6,*,16.8,,8.8,*
      Completed/property taken,"189,290",,100,,66,,8.6,*,14.3,*,11.2,*
         With injury,"80,410",,100,,73,,10,*,7.6,*,9.4,*
         Without injury,"108,870",,100,,60.8,,7.5,*,19.1,*,12.5,*
      Attempted to take property,"80,640",,100,,74,,0,*,22.6,*,3.4,*
         With injury,"24,520",*,100,*,100,*,0,*,0,*,0,*
         Without injury,"56,120",,100,,62.7,,0,*,32.5,*,4.8,*
   Assault,"877,800",,100,,67.6,,9.4,,20.2,,2.8,*
      Aggravated,"307,570",,100,,75.4,,7,*,15.1,,2.5,*
      Simple,"570,220",,100,,63.3,,10.7,,23,,3,*

Note: Detail may not add to total shown because of rounding.,,,,,,,,,,,,
*Estimate is based on about 10 or fewer sample cases.,,,,,,,,,,,,
a/Includes verbal threats of rape and threats of sexual assault.
