Bureau of Justice Statistics,,,,,,,,,,
filename:  cv0338.csv,,,,,,,,,,
"Table 38. Percent distribution of single-offender victimizations, by type of crime and perceived gender of offender",,,,,,,,,,
"data source: National Criminal Victimization Survey, 2003  NCJ  207811",,,,,,,,,,
produced by:  Cathy Maston ,,,,,,,,,,
authors:  Patsy Klaus and Cathy Maston,,,,,,,,,,
refer questions to: askbjs@usdoj.gov  202-307-0765,,,,,,,,,,
data of version:  06/01/05,,,,,,,,,,

"Table 38. Personal crimes of violence, 2003: Percent distribution of single-offender victimizations, by type of crime and perceived gender of offender",,,,,,,,,,

,,,,Percent of single offender victimizations,,,,,,
,,,,,Perceived gender of offender,,,,,
Type of crime,Number of single-offender victimizations,,  Total,,  Male,,Female,,Not known and not available,

Crimes of violence,"4,076,810",,100,%,81.5,%,17.5,%,1,%
   Completed violence,"1,156,330",,100,,85,,14.4,,0.6,*
   Attempted/threatened violence,"2,920,470",,100,,80.1,,18.8,,1.1,
   Rape/Sexual assault/a,"169,340",,100,,96.5,,3.5,*,0,*
   Robbery,"288,770",,100,,88.6,,11.4,,0,*
      Completed/property taken,"160,740",,100,,86.4,,13.6,*,0,*
         With injury,"68,220",,100,,95.8,,4.2,*,0,*
         Without injury,"92,520",,100,,79.5,,20.5,*,0,*
      Attempted to take property,"128,020",,100,,91.3,,8.7,*,0,*
         With injury,"26,790",*,100,,78.1,*,21.9,*,0,*
         Without injury,"101,220",,100,,94.8,,5.2,*,0,*
   Assault,"3,618,690",,100,,80.2,,18.7,,1.1,
      Aggravated,"764,700",,100,,83.5,,14.2,,2.3,*
      Simple,"2,853,980",,100,,79.4,,19.9,,0.8,*

Note: Detail may not add to total shown because of rounding.,,,,,,,,,,
*Estimate is based on about 10 or fewer sample cases.,,,,,,,,,,
a/Includes verbal threats of rape and threats of sexual assault.
