Bureau of Justice Statistics,,,,,,,,,,,,,,,,
filename:  cv0334.csv,,,,,,,,,,,,,,,,
"Table 34. Percent distribution of victimizations, by type of crime and relationship to offender",,,,,,,,,,,,,,,,
"data source: National Criminal Victimization Survey, 2003  NCJ  207811",,,,,,,,,,,,,,,,
produced by:  Cathy Maston ,,,,,,,,,,,,,,,,
authors:  Patsy Klaus and Cathy Maston,,,,,,,,,,,,,,,,
refer questions to: askbjs@usdoj.gov  202-307-0765,,,,,,,,,,,,,,,,
data of version:  06/01/05,,,,,,,,,,,,,,,,

"Table 34. Family violence, 2003: Percent distribution of victimizations, by type of crime and relationship to offender",,,,,,,,,,,,,,,,

,,,,,,,,Percent of victimizations,,,,,,,,
,,,,,,,Related,,,,,,,,,
Type of crime,Total number of victimizations,,Total crimes,,     Total,, Spouse,,Ex-spouse,,Parent,,Own child,,Other relatives,

Crimes of violence,"5,401,720",,100,%,9.8,%,2.3,%,1.5,%,1.1,%,1.1,%,3.8,%
   Completed violence,"1,654,990",,100,%,15.1,,4.2,,2.1,,1.4,*,2.1,,5.3,
   Attempted/threatened violence,"3,746,730",,100,%,7.5,,1.4,,1.2,,1,,0.7,*,3.1,
   Rape/Sexual assault/b,"198,850",,100,%,9.9,*,2.4,*,1.8,*,1.2,*,0,*,4.6,*
   Robbery,"596,130",,100,%,7.2,,0.4,*,2.6,*,1,*,0,*,3.2,*
      Completed/property taken,"377,870",,100,%,9.3,,0,*,3.3,*,1.6,*,0,*,4.5,*
      Attempted to take property,"218,270",,100,%,3.6,*,1.2,*,1.4,*,0,*,0,*,1,*
   Assault,"4,606,740",,100,%,10.1,,2.5,,1.3,,1.1,,1.3,,3.8,
      Aggravated,"1,101,110",,100,%,8.2,,2.2,*,1.8,*,0.8,*,0.2,*,3.2,
      Simple,"3,505,630",,100,%,10.7,,2.6,,1.2,,1.2,,1.7,,4,

,,,,,Percent of victimizations,,,,,,,,,,,
Type of crime,Well-known/a,,Casual acquaintances,,Don't know ,,  Strangers,,Don't know number of offenders,,,,,,,

Crimes of violence,24.4,%,13.9,%,4.7,%,44.5,%,2.7,%,,,,,,
   Completed violence,27.7,,12,,5.7,,37.2,,2.4,,,,,,,
   Attempted/threatened violence,22.9,,14.8,,4.3,,47.7,,2.9,,,,,,,
   Rape/Sexual assault/b,38.8,,20,,1.6,*,29.7,,0,*
   Robbery,14.6,,5.6,,10.9,,55.3,,6.3,
      Completed/property taken,14.4,,3.9,*,12.4,,52.6,,7.4,*
      Attempted to take property,15,,8.7,*,8.3,*,60,,4.4,*
   Assault,25,,14.7,,4,,43.7,,2.4,
      Aggravated,23.8,,11.3,,5.9,,48.2,,2.6,*
      Simple,25.4,,15.8,,3.4,,42.3,,2.3,

Note: Detail may not add to total shown because of rounding.,,,,,,,,,,
*Estimate is based on about 10 or fewer sample cases.,,,,,,,,,,
a/Includes data on offenders well known to the victim whose relationship to the victim could not be ascertained.,,,,,,,,,,
b/Includes verbal threats of rape and threats of sexual assault.,,,,,,,,,,
