"Bureau of Justice Statistics",,,
"filename: vvcs00tt1.csv",,,
"Text table 1. Violent crimes in which the offender was perceived to have been using drugs or alcohol",,,
"report title: Violent Victimization of College Students, 1995-2000, NCJ 196143",,,
"data source:  National Crime Victimization Survey",,,
"author:  Tim Hart, BJS Statistician",,,
"refer questions to:  askbjs@ojp.usdoj.gov (202) 307-0765",,,
"date of version: 10/31/03",,,
,,,
"Violent crimes in which the offender was perceived to have been using drugs or alcohol",,,
,,,
,,,
,"Average annual number","Percent of all violent crimes",
,,,
"Students",213850,41,"%"
"Nonstudents",556420,38,
