"Bureau of Justice Statistics",,,
"filename: vvcs00tt4.csv",,,
"Text table 4. College student reporting to police",,,
"report title: Violent Victimization of College Students, 1995-2000, NCJ 196143",,,
"data source:  National Crime Victimization Survey",,,
"author:  Tim Hart, BJS Statistician",,,
"refer questions to:  askbjs@ojp.usdoj.gov (202) 307-0765",,,
"date of version: 10/31/03",,,
,,,
"College student reporting to police",,,
,,,
,"Violent crimes reported to police",,
,"Average annual number","Percent of all  violent crimes",
,,,
"Students",180870,34,"%"
"Nonstudents",677190,47,
