"Bureau of Justice Statistics",,,,,,,,,,,,,,,,,,,,,,,,
"filename: vvcs00t07.csv",,,,,,,,,,,,,,,,,,,,,,,,
"Table 7.  Violent victimization of college students, by type of crime and whether reported to the police, 1995-2000",,,,,,,,,,,,,,,,,,,,,,,,
"report title: Violent Victimization of College Students, 1995-2000, NCJ 196143",,,,,,,,,,,,,,,,,,,,,,,,
"data source:  National Crime Victimization Survey",,,,,,,,,,,,,,,,,,,,,,,,
"author:  Tim Hart, BJS Statistician",,,,,,,,,,,,,,,,,,,,,,,,
"refer questions to:  askbjs@ojp.usdoj.gov (202) 307-0765",,,,,,,,,,,,,,,,,,,,,,,,
"date of version: 10/31/03",,,,,,,,,,,,,,,,,,,,,,,,
,,,,,,,,,,,,,,,,,,,,,,,,
"Table 7.  Violent victimization of college students, by type of crime and whether reported to the police, 1995-2000",,,,,,,,,,,,,,,,,,,,,,,,
,,,,,,,,,,,,,,,,,,,,,,,,
,"Average annual victimization of college students, 1995-2000",,,,,,,,,,,,,,,,,,,,,,,
,,,,,,,,,,,,,,,,,,,,,,,,
,"Violent crime",,,,"Rape/sexual assault",,,,"Robbery",,,,"Aggravated assault",,,,"Simple assault",,,,"Serious violent crime",,,
"Police notification","Number",,"Percent",,"Number",,"Percent",,"Number",,"Percent",,"Number",,"Percent",,"Number",,"Percent",,"Number",,"Percent",
"Total",526020,,100,"%",31230,,100,"%",44980,,100,"%",118540,,100,"%",331270,,100,"%",194750,,100,"%"
"   Reported to police",180870,,34,,3890,"*",12,"*",23620,,53,,53560,,45,,99800,,30,,81070,,42,
"   Not reported to police",337790,,64,,26910,,86,,21360,,47,,62070,,52,,227450,,69,,110340,,57,
"   Don't know",7360,"*",1,"*",430,"*",1,"*","--","*","--","*",2910,"*",2,"*",4020,"*",1,"*",3340,"*",2,"*"
,,,,,,,,,,,,,,,,,,,,,,,,
,,,,,,,,,,,,,,,,,,,,,,,,
"Who reported to police",,,,,,,,,,,,,,,,,,,,,,,,
"Total",180870,,100,"%",3890,,100,"%",23620,,100,"%",53560,,100,"%",99800,,100,"%",81070,,100,"%"
"Victim",89850,,50,,2830,"*",73,"*",14490,,61,,26200,,49,,46330,,46,,43520,,54,
"Someone else/a",89520,,49,,1060,"*",27,"*",9130,,39,,26800,,50,,52530,,53,,36990,,46,
"Unknown",1500,"*",1,"*","--","*","--","*","--","*","--","*",560,"*",1,"*",940,"*",1,"*",560,"*",1,"*"
,,,,,,,,,,,,,,,,,,,,,,,,
"Note:  Serious violent crime includes rape/sexual assault, robbery, and aggravated assault. ",,,,,,,,,,,,,,,,,,,,,,,,
"a/Includes other household members, an official other than the police (such as a security officer), police who were already at the scene, and anyone other than the victim.",,,,,,,,,,,,,,,,,,,,,,,,
"*Based on 10 or fewer sample cases.",,,,,,,,,,,,,,,,,,,,,,,,
"--Represents or rounds to zero.",,,,,,,,,,,,,,,,,,,,,,,,
