"Bureau of Justice Statistics",,
"filename: vvcs00t09.csv",,
"Table 9.  Reasons violence was not reported to the police, 1995-2000",,
"report title: Violent Victimization of College Students, 1995-2000, NCJ 196143",,
"data source:  National Crime Victimization Survey",,
"author:  Tim Hart, BJS Statistician",,
"refer questions to:  askbjs@ojp.usdoj.gov (202) 307-0765",,
"date of version: 10/31/03",,
,,
"Table 9.  Reasons violence was not reported to the police, 1995-2000",,
,,
"Reasons for not reporting to police","Percent",
,,
"Private or personal matter",24,"%"
"Small/no loss",20,
"Reported to another official",8,
"Fear of reprisal",5,
"Protect offender",4,
"Not clear a crime occurred",4,
"Lack of proof",4,
"Inconvenient",4,"%"
"Police will not bother",5,
"Police inefficient",3,
"Police bias",1,
"Child offender",1,
"Property unrecoverable",1,
"Other reason given ",18,
