Bureau of Justice Statistics,,,,
Filename: ji19at02.csv,,,,
"Appendix table 2. Standard errors for table 1: Inmates confined at midyear, average daily population, annual admissions, and incarceration rates, 2005-2019",,,,
Report title: Jail Inmates in 2019�NCJ 255608,,,,
"Data source: Bureau of Justice Statistics, Annual Survey of Jails, 2006-2018; Census of Jails, 2005 and 2019; Mortality in Correctional Institutions (formerly Deaths in Custody Reporting Program), 2006 (admissions only); and U.S. Census Bureau, Population Estimates by Age, Sex, Race, and Hispanic Origin for the United States: January 1, 2005 to January 1, 2019",,,,
"Authors: Zhen Zeng, Ph.D., and Todd D. Minton, BJS Statisticians",,,,
Refer questions to: askbjs@usdoj.gov 202-307-0765,,,,
Date of version: 3/10/2021,,,,
,,,,
"Appendix Table 2. Standard errors for table 1: Inmates confined at midyear, average daily population, annual admissions, and incarceration rates, 2005-2019",,,,
Year,Confined inmates,Average daily population,Annual admissions,Jail incarceration rate
2005,~,~,~,~
2006,"3,552","3,230",~,1.2
2007,"3,720","3,549","169,151",1.2
2008,"4,016","3,883","272,916",1.3
2009,"4,231","4,109","178,537",1.4
2010,"5,430","5,359","233,704",1.8
2011,"6,009","5,879","211,335",1.9
2012,"7,684","7,769","188,549",2.4
2013,"8,042","7,943","688,181",2.5
2014,"8,382","8,430","205,287",2.6
2015,"7,188","7,112","141,792",2.2
2016,"5,943","5,788","138,605",1.8
2017,"6,614","7,431","152,636",2
2018,"7,122","6,967","155,281",2.2
2019,~,~,~,~
~Not applicable. Data represent a complete enumeration based on the 2005 or 2019 Census of Jails or the Mortality in Correctional Institutions collection.,,,,
"Source: Bureau of Justice Statistics, Annual Survey of Jails, 2006-2018; Census of Jails, 2005 and 2019; Mortality in Correctional Institutions (formerly Deaths in Custody Reporting Program), 2006 (admissions only); and U.S. Census Bureau, Population Estimates by Age, Sex, Race, and Hispanic Origin for the United States: January 1, 2005 to January 1, 2019.",,,,
