Bureau of Justice Statistics,,,,,,,,,,,,
Filename: ji19at07.csv,,,,,,,,,,,,
"Appendix table 7. Standard errors for table 9: Persons under jail supervision, by confinement status, 2005-2019",,,,,,,,,,,,
Report title: Jail Inmates in 2019�NCJ 255608,,,,,,,,,,,,
"Data source: Bureau of Justice Statistics, Annual Survey of Jails, 2006-2018; and Census of Jails, 2005 and 2019",,,,,,,,,,,,
"Authors: Zhen Zeng, Ph.D., and Todd D. Minton, BJS Statisticians",,,,,,,,,,,,
Refer questions to: askbjs@usdoj.gov 202-307-0765,,,,,,,,,,,,
Date of version: 3/10/2021,,,,,,,,,,,,
,,,,,,,,,,,,
"Appendix Table 7. Standard errors for table 9: Persons under jail supervision, by confinement status, 2005-2019",,,,,,,,,,,,
,Persons under jail supervision at midyear,,,,,,,,,,,
,,Held in jail,,,,Supervised outside of a jail facility,,,,Persons serving weekend-only sentences on the weekend before midyear,,
Year,Total,Number,Percent,,,Number,Percent,,,Number,Percent,
2005,~,~,:,,,~,:,,,~,:,
2006,"3,705","3,552",0.12,%,,"1,024",0.12,%,,381,0.05,%
2007,"3,980","3,720",0.13,,,"1,198",0.13,,,347,0.04,
2008,"4,681","4,016",0.25,,,"2,226",0.25,,,477,0.06,
2009,"4,494","4,231",0.17,,,"1,490",0.17,,,350,0.04,
2010,"5,881","5,430",0.23,,,"1,938",0.23,,,296,0.04,
2011,"6,378","6,009",0.21,,,"1,767",0.21,,,514,0.07,
2012,"8,360","7,684",0.28,,,"2,405",0.28,,,369,0.05,
2013,"8,628","8,042",0.28,,,"2,296",0.28,,,508,0.07,
2014,"9,163","8,382",0.31,,,"2,675",0.31,,,399,0.05,
2015,"7,455","7,188",0.18,,,"1,487",0.18,,,417,0.05,
2016,"6,510","5,943",0.22,,,"1,849",0.22,,,272,0.03,
2017,"7,195","6,614",0.25,,,"2,165",0.25,,,328,0.04,
2018,"8,023","7,122",0.33,,,"2,835",0.33,,,318,0.04,
2019,~,~,~,,,~,~,,,~,~,
:Not calculated for percentage totals.,,,,,,,,,,,,
~Not applicable. Data represent a complete enumeration based on the 2015 or 2019 Census of Jails.,,,,,,,,,,,,
"Source: Bureau of Justice Statistics, Annual Survey of Jails, 2006-2018; and Census of Jails, 2005 and 2019.",,,,,,,,,,,,
