Bureau of Justice Statistics,,,,,,,,,,,,,,,,,,,,,,
Filename: ji19at08.csv,,,,,,,,,,,,,,,,,,,,,,
"Appendix table 8. Standard errors for table 10: Staff employed in local jails, by sex, 2013 and 2015-2019",,,,,,,,,,,,,,,,,,,,,,
Report title: Jail Inmates in 2019�NCJ 255608,,,,,,,,,,,,,,,,,,,,,,
"Data source: Bureau of Justice Statistics, Annual Survey of Jails, 2015-2018; and Census of Jails, 2013 and 2019",,,,,,,,,,,,,,,,,,,,,,
"Authors: Zhen Zeng, Ph.D., and Todd D. Minton, BJS Statisticians",,,,,,,,,,,,,,,,,,,,,,
Refer questions to: askbjs@usdoj.gov 202-307-0765,,,,,,,,,,,,,,,,,,,,,,
Date of version: 3/10/2021,,,,,,,,,,,,,,,,,,,,,,
,,,,,,,,,,,,,,,,,,,,,,
"Appendix Table 8. Standard errors for table 10: Staff employed in local jails, by sex, 2013 and 2015-2019",,,,,,,,,,,,,,,,,,,,,,
,,Number,,,,,,,Percent of all staff,,,,,,,,,,,,,
Job function,,2013,2015,2016,2017,2018,2019,,2013,2015,,,2016,,,2017,,,2018,,,2019
,Total,~,"2,407","3,368","3,903","4,172",~,,:,:,,,:,,,:,,,:,,,:
Correctional officers,,~,"2,094","2,881","3,408","3,629",~,,~,0.31,%,,0.38,%,,0.33,%,,0.32,%,,~
,Male,~,"1,480","1,817","2,142","2,225",~,,~,0.32,,,0.32,,,0.29,,,0.28,,,~
,Female,~,850,"1,238","1,445","1,558",~,,~,0.25,,,0.3,,,0.32,,,0.33,,,~
,Inmate-to-correctional-officer ratio,~,0.04,0.05,0.06,0.07,~,,,,,,,,,,,,,,,
All other staff,,~,773,"1,065",915,883,~,,~,0.31,%,,0.38,%,,0.33,%,,0.32,%,,~
,Male,~,461,627,534,506,~,,~,0.19,,,0.23,,,0.19,,,0.17,,,~
,Female,~,431,535,498,504,~,,~,0.18,,,0.21,,,0.21,,,0.22,,,~
:Not calculated for percentage totals.,,,,,,,,,,,,,,,,,,,,,,
~Not applicable. Data represent a complete enumeration based on the 2013 or 2019 Census of Jails.,,,,,,,,,,,,,,,,,,,,,,
"Source: Bureau of Justice Statistics, Annual Survey of Jails, 2015-2018; and Census of Jails, 2013 and 2019.",,,,,,,,,,,,,,,,,,,,,,
