"Bureau of Justice Statistics",,,,
"Filename: iscs03f7-1.csv",,,,
"Figure 7.1.  Percentage of public schools with various types of crime and percentage of public schools that reported various types of crime to the police, by school level: 1999-2000",,,,
"Title of Report: Indicators of School Crime & Safety, 2003, NCJ 201257",,,,
"Data source:  School Crime Supplement to the NCVS",,,,
"Author: BJS/NCES",,,,
"Contact:  Michael Rand",,,,
"Refer questions to:   (202) 307-0765 or askbjs@ojp.usdoj.gov",,,,
"Date version:  10/31/03",,,,
,,,,
"Figure 7.1.  Percentage of public schools with various types of crime and percentage of public schools that reported various types of crime to the police, by school level: 1999-2000",,,,
,,,,
,,,,
"Instructional level","Violent ","Serious violent ","Theft","Other"
"Total",71,20,46,73
"Elementary school",61,14,30,62
"Middle school",87,29,65,89
"Secondary school",92,29,79,93
"Combined",77,21,60,83
,,,,
"Instructional level","Violent ","Serious violent ","Theft","Other"
"Total",36,15,28,52
"Elementary school",20,8,15,36
"Middle school",56,25,40,73
"Secondary school",71,28,64,86
"Combined",51,16,41,66
