"Bureau of Justice Statistics",,,,,
"Filename: iscs03f11-2.csv",,,,,
"Figure 11.2.  Percentage of students in grades 9-12 who reported carrying a weapon at least 1 day during the previous 30 days, by grade: Selected years 1993-2001",,,,,
"Title of Report: Indicators of School Crime & Safety, 2003, NCJ 201257",,,,,
"Data source:  School Crime Supplement to the NCVS",,,,,
"Author: BJS/NCES",,,,,
"Contact:  Michael Rand",,,,,
"Refer questions to:   (202) 307-0765 or askbjs@ojp.usdoj.gov",,,,,
"Date version:  10/31/03",,,,,
,,,,,
,,,,,
"Figure 11.2.  Percentage of students in grades 9-12 who reported carrying a weapon at least 1 day during the previous 30 days, by grade: Selected years 1993-2001",,,,,
,,,,,
"Anywhere",,,,,
,1993,1995,1997,1999,2001
"Total",22,20,18,17,17
"9th grade",26,23,23,18,20
"10th grade",21,21,17,19,17
"11th grade",22,20,18,16,17
"12th grade",20,16,15,16,15
,,,,,
"On school property",,,,,
,1993,1995,1997,1999,2001
"Total",12,10,9,7,6
"9th grade",13,11,10,7,7
"10th grade",12,10,8,7,7
"11th grade",12,10,9,7,6
"12th grade",11,8,7,6,6
