"Bureau of Justice Statistics",,,,,
"Filename: iscs03s4-1.csv",,,,,
"Table S4.1.  Standard errors for table 4.1: Percentage of students in grades 9-12 who reported being threatened or injured with a weapon on school property during the previous 12 months, by selected student characteristics: Selected years ",,,,,
"Title of Report: Indicators of School Crime & Safety, 2003, NCJ 201257",,,,,
"Data source:  School Crime Supplement to the NCVS",,,,,
"Author: BJS/NCES",,,,,
"Contact:  Michael Rand",,,,,
"Refer questions to:   (202) 307-0765 or askbjs@ojp.usdoj.gov",,,,,
"Date version:  10/31/03",,,,,
,,,,,
,,,,,
"Table S4.1.  Standard errors for table 4.1: Percentage of students in grades 9-12 who reported being threatened or injured with a weapon on school property during the previous 12 months, by selected student characteristics: Selected years ",,,,,
,,,,,
,,,,,
"Student characteristics",1993,1995,1997,19991,2001
,,,,,
,,,,,
"    Total",0.44,0.52,0.45,0.42,0.55
,,,,,
"Sex",,,,,
"  Male",0.64,0.57,0.71,0.8,0.66
"  Female",0.4,0.68,0.32,0.64,0.52
,,,,,
"Race/ethnicity",,,,,
"  White","+","+","+",0.35,0.66
"  Black","+","+","+",0.85,0.71
"  Hispanic","+","+","+",1.09,1.05
"  Asian","+","+","+",1.05,2.73
"  American Indian","+","+","+",5.45,4.57
"  Pacific Islander","+","+","+",4.46,7.16
"  More than one race","+","+","+",1.22,2.33
,,,,,
"Grade",,,,,
"  9th",0.92,0.96,1.02,0.95,0.89
"  10th",0.59,1.03,1.14,0.92,0.75
"  11th",0.64,0.64,0.7,0.46,0.65
"  12th",0.62,0.57,0.8,0.79,0.52
"+Not applicable.",,,,,
"1/Revised from previously published estimates.",,,,,
"NOTE: ""On school property"" was not defined for survey respondents. Population sizes from the Digest of Education Statistics 2002 (NCES 2003-060) for students in grades 9 through 12 are",,,,,
"13,093,000 students in 1993; 13,697,000 in 1995; 14,272,000 in 1997; 14,623,000 in 1999; and 14,998,000 (projected) in 2001.",,,,,
"SOURCE: Centers for Disease Control and Prevention, National Center for Chronic Disease Prevention and Health Promotion, Youth Risk Behavior Surveillance System (YRBSS), ""Youth Risk",,,,,
"Behavior Survey"" (YRBS), selected years 1993-2001.",,,,,
