"Bureau of Justice Statistics",,,,,,,,,,,
"Filename: iscs03s17-1.csv",,,,,,,,,,,
"Table S17.1.  Standard errors for table 17.1: Percentage of students in grades 9-12 who reported using alcohol during the previous 30 days, by selected student characteristics: Selected years 1993-2001",,,,,,,,,,,
"Title of Report: Indicators of School Crime & Safety, 2003, NCJ 201257",,,,,,,,,,,
"Data source:  School Crime Supplement to the NCVS",,,,,,,,,,,
"Author: BJS/NCES",,,,,,,,,,,
"Contact:  Michael Rand",,,,,,,,,,,
"Refer questions to:   (202) 307-0765 or askbjs@ojp.usdoj.gov",,,,,,,,,,,
"Date version:  10/31/03",,,,,,,,,,,
,,,,,,,,,,,
,,,,,,,,,,,
"Table S17.1.  Standard errors for table 17.1: Percentage of students in grades 9-12 who reported using alcohol during the previous 30 days, by selected student characteristics: Selected years 1993-2001",,,,,,,,,,,
,,,,,,,,,,,
,,,"Anywhere",,,,,,"On school property",,
"Student characteristics",1993,1995,1997,19991,2001,,1993,1995,1997,19991,2001
,,,,,,,,,,,
"    Total",1.06,1.19,1.43,1.3,1.11,,0.39,0.45,0.34,0.39,0.28
,,,,,,,,,,,
"Sex",,,,,,,,,,,
"  Male",1.23,1.33,1.22,1.47,1.42,,0.39,0.5,0.66,0.54,0.43
"  Female",1.32,1.79,1.99,1.45,1.11,,0.54,0.7,0.37,0.39,0.39
,,,,,,,,,,,
"Race/ethnicity",,,,,,,,,,,
"  White","+","+","+",1.62,1.12,,"+","+","+",0.55,0.26
"  Black","+","+","+",4.07,2.33,,"+","+","+",0.52,0.65
"  Hispanic","+","+","+",2.41,1.52,,"+","+","+",0.88,0.71
"  Asian","+","+","+",2.24,3.22,,"+","+","+",0.42,1.42
"  American Indian","+","+","+",6.43,3.97,,"+","+","+",4.8,1.69
"  Pacific Islander","+","+","+",5.11,8.54,,"+","+","+",1.59,3.5
"  More than one race","+","+","+",3.98,4.11,,"+","+","+",1.09,2.36
,,,,,,,,,,,
"Grade",,,,,,,,,,,
"  9th",1.79,1.87,3.12,2.17,1.82,,0.38,0.9,0.83,0.6,0.47
"  10th",2,2.38,2.19,1.89,1.29,,0.43,0.88,0.71,0.67,0.45
"  11th",1.73,1.51,1.49,1.98,1.7,,0.8,0.86,0.86,0.57,0.45
"  12th",1.35,1.64,2.5,2.25,1.53,,0.64,0.58,0.66,0.89,0.44
"+Not applicable.",,,,,,,,,,,
"1Revised from previously published estimates.",,,,,,,,,,,
"NOTE: ""On school property"" was not defined for survey respondents. The term ""anywhere"" is not used in the YRBS questionnaire. Rather students are simply asked during the past 30 days, on ",,,,,,,,,,,
"how many days did they have at least one drink of alcohol. Population sizes from the Digest of Education Statistics 2002 (NCES 2003-060) for students in grades 9 through 12 are 13,093,000",,,,,,,,,,,
"students in 1993; 13,093,000 students in 1993; 13,697,000 in 1995; 14,272,000 in 1997; 14,623,000 in 1999; and 14,998,000 (projected) in 2001.",,,,,,,,,,,
"SOURCE: Centers for Disease Control and Prevention, National Center for Chronic Disease Prevention and Health Promotion, Youth Risk Behavior Surveillance System (YRBSS), ""Youth Risk",,,,,,,,,,,
"Behavior Survey"" (YRBS), selected years 1993-2001.",,,,,,,,,,,
