"Bureau of Justice Statistics",,
"Filename: iscs03f1-2.csv",,
"Figure 1.2. Number of homicides and suicides of youth ages 5-19 at school: 1992-2002",,
"Title of Report: Indicators of School Crime & Safety, 2003, NCJ 201257",,
"Data source:  School Crime Supplement to the NCVS",,
"Author: BJS/NCES",,
"Contact:  Michael Rand",,
"Refer questions to:   (202) 307-0765 or askbjs@ojp.usdoj.gov",,
"Date version:  10/31/03",,
,,
,,
"Figure 1.2. Number of homicides and suicides of youth ages 5-19 at school: 1992-2002",,
,,
,,
,"Homicides","Suicides"
,"at school ","at school "
"1992-93",34,6
"1993-94",29,7
"1994-95",28,7
"1995-96",32,6
"1996-97",28,1
"1997-98",34,6
"1998-99",33,4
"1999-2000",16,6
"2000-01",10,5
"2001-02",14,3
