"Bureau of Justice Statistics",,,,
"Filename: iscs03f14-1.csv",,,,
"Figure 14.1.  Percentage of students ages 12-18 who reported being targets of hate-related words or who saw hate-related graffiti at school during the previous 6 months, by student and school characteristics: 2001",,,,
"Title of Report: Indicators of School Crime & Safety, 2003, NCJ 201257",,,,
"Data source:  School Crime Supplement to the NCVS",,,,
"Author: BJS/NCES",,,,
"Contact:  Michael Rand",,,,
"Refer questions to:   (202) 307-0765 or askbjs@ojp.usdoj.gov",,,,
"Date version:  10/31/03",,,,
,,,,
"Figure 14.1.  Percentage of students ages 12-18 who reported being targets of hate-related words or who saw hate-related graffiti at school during the previous 6 months, by student and school characteristics: 2001",,,,
,,,,
,,,,
,"Hate-related words",,,"Hate-related graffiti"
,,,,
"Total",12,,"Total",36
,,,,
"Male",13,,"Male",35
"Female",12,,"Female",36
,,,,
"White",12,,"White",36
"Black",14,,"Black",34
"Hispanic",11,,"Hispanic",35
"Other",14,,"Other",32
,,,,
"Urban",12,,"Urban",36
"Suburban",12,,"Suburban",36
"Rural",12,,"Rural",34
,,,,
"Public",13,,"Public",37
"Private",8,,"Private",17
