"Bureau of Justice Statistics",,,,,
"Filename: iscs03f16-1.csv",,,,,
"Figure 16.1.  Percentage of public schools that reported selected discipline problems, by school level: 1999-2000",,,,,
"Title of Report: Indicators of School Crime & Safety, 2003, NCJ 201257",,,,,
"Data source:  School Crime Supplement to the NCVS",,,,,
"Author: BJS/NCES",,,,,
"Contact:  Michael Rand",,,,,
"Refer questions to:   (202) 307-0765 or askbjs@ojp.usdoj.gov",,,,,
"Date version:  10/31/03",,,,,
,,,,,
"Figure 16.1.  Percentage of public schools that reported selected discipline problems, by school level: 1999-2000",,,,,
,,,,,
,"Total","Elementary","Middle","Secondary","Combined"
"Student racial tensions",3,3,6,3,1
"Student bullying",29,26,43,25,26
"Student verbal abuse of teachers",13,8,22,17,16
"Widespread disorder in classrooms",3,2,5,3,4
"Student acts of disrespect for teachers",19,13,30,29,26
"Undesirable gang activities",19,11,31,37,15
"Undesirable cult or extremist group activities",7,2,13,19,7
