"Bureau of Justice Statistics",,,,,,,,,,
"Filename: iscs03s11-1.csv",,,,,,,,,,
"Table S11.1.  Standard errors for table 11.1: Percentage of students in grades 9-12 who reported carrying a weapon at least 1 day during the previous 30 days, by selected student characteristics: Selected years 1993-2001",,,,,,,,,,
"Title of Report: Indicators of School Crime & Safety, 2003, NCJ 201257",,,,,,,,,,
"Data source:  School Crime Supplement to the NCVS",,,,,,,,,,
"Author: BJS/NCES",,,,,,,,,,
"Contact:  Michael Rand",,,,,,,,,,
"Refer questions to:   (202) 307-0765 or askbjs@ojp.usdoj.gov",,,,,,,,,,
"Date version:  10/31/03",,,,,,,,,,
,,,,,,,,,,
,,,,,,,,,,
"Table S11.1.  Standard errors for table 11.1: Percentage of students in grades 9-12 who reported carrying a weapon at least 1 day during the previous 30 days, by selected student characteristics: Selected years 1993-2001",,,,,,,,,,
,,,,,,,,,,
,,,,,,,,,,
,,,,,,,,,,
,,,"Anywhere",,,,,"On school property",,
"Student characteristics",1993,1995,1997,19991,2001,1993,1995,1997,19991,2001
,,,,,,,,,,
"    Total",1.18,0.66,0.91,0.97,0.99,0.73,0.45,0.79,0.6,0.52
,,,,,,,,,,
"Sex",,,,,,,,,,
"  Male",1.68,1.03,1.57,1.71,1.67,0.96,0.76,1.5,1.07,0.88
"  Female",0.85,0.72,0.54,0.56,0.41,0.65,0.53,0.37,0.38,0.27
,,,,,,,,,,
"Race/ethnicity",,,,,,,,,,
"  White","+","+","+",1.36,1.3,"+","+","+",0.87,0.62
"  Black","+","+","+",2.68,1.23,"+","+","+",0.5,0.92
"  Hispanic","+","+","+",1.35,0.78,"+","+","+",0.73,0.53
"  Asian","+","+","+",2.01,2.1,"+","+","+",1.44,2.05
"  American Indian","+","+","+",5.68,5.52,"+","+","+",5.13,4.02
"  Pacific Islander","+","+","+",5.02,4.35,"+","+","+",2.66,3.05
"  More than one race","+","+","+",3.34,3.41,"+","+","+",2.76,3.61
,,,,,,,,,,
"Grade",,,,,,,,,,
"  9th",1.42,1.24,1.34,1.58,1.44,0.73,0.76,0.9,1.07,0.66
"  10th",1.11,0.94,1.33,1.31,1.11,0.97,0.78,0.99,0.83,0.6
"  11th",1.66,1.4,1.69,1.31,1.26,1.41,0.94,1.33,0.6,0.74
"  12th",1.46,0.93,1.65,1.44,1.28,0.83,0.68,0.91,0.78,0.71
"+Not applicable.",,,,,,,,,,
"1/Revised from previously published estimates.",,,,,,,,,,
"NOTE: ""On school property"" was not defined for survey respondents. The term ""anywhere"" is not used in the YRBS questionnaire. Rather, students are simply asked during the past 30 days, on ",,,,,,,,,,
"how many days they carried a weapon. Population sizes from the Digest of Education Statistics 2002 (NCES 2003-060) for students in grades 9 through 12 are 13,093,000 students in 1993;",,,,,,,,,,
"13,697,000 in 1995; 14,272,000 in 1997; 14,623,000 in 1999; and 14,998,000 (projected) in 2001.",,,,,,,,,,
"SOURCE: Centers for Disease Control and Prevention, National Center for Chronic Disease Prevention and Health Promotion, Youth Risk Behavior Surveillance System (YRBSS), ""Youth Risk",,,,,,,,,,
"Behavior Survey"" (YRBS), selected years 1993-2001.",,,,,,,,,,
