"Bureau of Justice Statistics",,
"Filename: iscs03f6-2.csv",,
"Figure 6.2.  Percentage of students ages 12-18 who reported being bullied at school during the previous 6 months, by grade: 1999 and 2001",,
"Title of Report: Indicators of School Crime & Safety, 2003, NCJ 201257",,
"Data source:  School Crime Supplement to the NCVS",,
"Author: BJS/NCES",,
"Contact:  Michael Rand",,
"Refer questions to:   (202) 307-0765 or askbjs@ojp.usdoj.gov",,
"Date version:  10/31/03",,
,,
,,
"Figure 6.2.  Percentage of students ages 12-18 who reported being bullied at school during the previous 6 months, by grade: 1999 and 2001",,
,,
,,
,1999,2001
"Total",5,8
"  6th",11,14
"  7th",9,13
"  8th",6,9
"  9th",5,9
"  10th",3,5
"  11th",3,4
"  12th",1,2
