"Bureau of Justice Statistics",,,,
"Filename: iscs03s15-1.csv",,,,
"Table S15.1.  Standard errors for table 11.1: Percentage of students in grades 9-12 who reported carrying a weapon at least 1 day during the previous 30 days, by selected student characteristics: Selected years 1993-2001",,,,
"Title of Report: Indicators of School Crime & Safety, 2003, NCJ 201257",,,,
"Data source:  School Crime Supplement to the NCVS",,,,
"Author: BJS/NCES",,,,
"Contact:  Michael Rand",,,,
"Refer questions to:   (202) 307-0765 or askbjs@ojp.usdoj.gov",,,,
"Date version:  10/31/03",,,,
,,,,
,,,,
"Table S15.1.  Standard errors for table 15.1: Percentage of students ages 12-18 who reported that street gangs were present at school during the previous 6 months, by urbanicity and selected student characteristics: 2001",,,,
,,,,
"Student characteristics","Total","Urban","Suburban","Rural"
,,,,
"    Total",0.71,1.23,0.72,1.71
,,,,
"Sex",,,,
"  Male",0.86,1.62,0.92,2.08
"  Female",0.9,1.52,1.08,1.84
,,,,
"Race/ethnicity",,,,
"  White",0.72,1.28,0.75,1.7
"  Black",1.9,2.79,2.79,5.78
"  Hispanic",1.82,2.45,2.25,7.49
"  Other",2.18,4.41,2.95,4.89
,,,,
"Grade",,,,
"  6th",1.28,2.45,1.52,2.78
"  7th",1.09,2.54,1.16,1.87
"  8th",1.22,2.66,1.5,2.24
"  9th",1.27,2.77,1.48,3.03
"  10th",1.48,3.08,1.58,3.05
"  11th",1.56,3.18,1.71,3.85
"  12th",1.54,3.21,1.81,4.51
,,,,
"Sector",,,,
"  Public",0.77,1.35,0.8,1.8
"  Private",1.05,1.38,1.45,3.79
"NOTE: ""At school"" means in the school building, on school property, on a school bus, or going to and from school. Population size is 24,315,000 students ages 12-18 in 2001.",,,,
