"Bureau of Justice Statistics",,,,
"Filename: iscs03f1-1.csv",,,,
"Figure 1.1. Number of homicides and suicides of youth ages 5-19 at school and away  from school: 1999-2000",,,,
"Title of Report: Indicators of School Crime & Safety, 2003, NCJ 201257",,,,
"Data source:  School Crime Supplement to the NCVS",,,,
"Author: BJS/NCES",,,,
"Contact:  Michael Rand",,,,
"Refer questions to:   (202) 307-0765 or askbjs@ojp.usdoj.gov",,,,
"Date version:  10/31/03",,,,
,,,,
,,,,
"Figure 1.1. Number of homicides and suicides of youth ages 5-19 at school and away  from school: 1999-2000",,,,
,,,,
,,,,
,"Homicides",,,"Suicides"
"At school",16,,"At school",6
"Away from school",2124,,"Away from school",1922
,,,,
"(Total=",2140,,"(Total=",1928
