"Bureau of Justice Statistics",,,
"Filename: iscs0313-1.csv",,,
"Table 13.1.  Percentage of students ages 12-18 who reported that they avoided one or more places in school during the previous 6 months, by selected student characteristics: 1995, 1999, and 2001",,,
"Title of Report: Indicators of School Crime & Safety, 2003, NCJ 201257",,,
"Data source:  School Crime Supplement to the NCVS",,,
"Author: BJS/NCES",,,
"Contact:  Michael Rand",,,
"Refer questions to:   (202) 307-0765 or askbjs@ojp.usdoj.gov",,,
"Date version:  10/31/03",,,
,,,
"Table 13.1.  Percentage of students ages 12-18 who reported that they avoided one or more places in school during the previous 6 months, by selected student characteristics: 1995, 1999, and 2001",,,
,,,
,,,
"Student characteristics",1995,1999,2001
,,,
"    Total",8.7,4.6,4.7
,,,
"Sex",,,
"  Male",8.8,4.6,4.7
"  Female",8.5,4.6,4.6
,,,
"Race/ethnicity/1",,,
"  White",7.1,3.8,3.9
"  Black",12.1,6.7,6.6
"  Hispanic",12.9,6.2,5.5
"  Other",11.1,5.4,6.2
,,,
"Grade",,,
"  6th",11.6,5.9,6.8
"  7th",11.8,6.1,6.2
"  8th",8.8,5.5,5.2
"  9th",9.5,5.3,5
"  10th",7.8,4.7,4.2
"  11th",6.9,2.5,2.8
"  12th",4.1,2.4,3
,,,
"Urbanicity",,,
"  Urban",11.7,5.8,6
"  Suburban",7.9,4.7,4.3
"  Rural",7,3,3.9
,,,
"Sector",,,
"  Public",9.3,5,4.9
"  Private",2.2,1.6,2
"1/Other includes Asians, Pacific Islanders, and American Indians (including Alaska Natives). Race categories exclude Hispanic origin unless specified.",,,
"NOTE: Places include the entrance, any hallways or stairs, parts of the cafeteria, restrooms, and other places inside the school building. See appendix A for details on changes to the questionnaire",,,
"among survey years. Population sizes for students ages 12-18 are 23,601,000 in 1995, 24,614,000 in 1999, and 24,315,000 in 2001.",,,
"SOURCE: U.S. Department of Justice, Bureau of Justice Statistics, School Crime Supplement (SCS) to the National Crime Victimization Survey, 1995, 1999, and 2001.",,,
