"Bureau of Justice Statistics",,,,,
"Filename: iscs03f19-1.csv",,,,,
"Figure 19.1. Percentage of students in grades 9-12 who reported that drugs were made available to them on school property during the previous 12 months, by sex: Selected years 1993-2001",,,,,
"Title of Report: Indicators of School Crime & Safety, 2003, NCJ 201257",,,,,
"Data source:  School Crime Supplement to the NCVS",,,,,
"Author: BJS/NCES",,,,,
"Contact:  Michael Rand",,,,,
"Refer questions to:   (202) 307-0765 or askbjs@ojp.usdoj.gov",,,,,
"Date version:  10/31/03",,,,,
,,,,,
"Figure 19.1. Percentage of students in grades 9-12 who reported that drugs were made available to them on school property during the previous 12 months, by sex: Selected years 1993-2001",,,,,
,,,,,
,,,,,
,1993,1995,1997,1999,2001
"Total",24,32,32,30,29
"Male",29,29,37,35,35
"Female",19,25,25,26,23
