"Bureau of Justice Statistics",,,,,,
"Filename: iscs03f18-2.csv",,,,,,
"Figure 18.2. Percentage of students in grades 9-12 who reported using marijuana during the revious 30 days, by grade: Selected years 1993-2001",,,,,,
"Title of Report: Indicators of School Crime & Safety, 2003, NCJ 201257",,,,,,
"Data source:  School Crime Supplement to the NCVS",,,,,,
"Author: BJS/NCES",,,,,,
"Contact:  Michael Rand",,,,,,
"Refer questions to:   (202) 307-0765 or askbjs@ojp.usdoj.gov",,,,,,
"Date version:  10/31/03",,,,,,
,,,,,,
,,,,,,
"Figure 18.2. Percentage of students in grades 9-12 who reported using marijuana during the revious 30 days, by grade: Selected years 1993-2001",,,,,,
,,,,,,
"Anywhere",,1993,1995,1997,1999,2001
,"Total",18,25,26,27,24
,"9th grade",13,21,24,22,19
,"10th grade",17,26,25,28,25
,"11th grade",18,28,29,27,26
,"12th grade",22,26,27,32,27
,,,,,,
"On school property",,1993,1995,1997,1999,2001
,"Total",6,9,7,7,5
,"9th grade",4,9,8,7,6
,"10th grade",7,10,6,8,6
,"11th grade",7,9,8,7,5
,"12th grade",5,8,6,7,5
