"Bureau of Justice Statistics",,,,,,,
"Filename: iscs0316-1.csv",,,,,,,
"Table 16.1.  Percentage of public schools that reported selected discipline problems according to frequency, by school characteristics:  1999-2000",,,,,,,
"Title of Report: Indicators of School Crime & Safety, 2003, NCJ 201257",,,,,,,
"Data source:  School Crime Supplement to the NCVS",,,,,,,
"Author: BJS/NCES",,,,,,,
"Contact:  Michael Rand",,,,,,,
"Refer questions to:   (202) 307-0765 or askbjs@ojp.usdoj.gov",,,,,,,
"Date version:  10/31/03",,,,,,,
,,,,,,,
,,,,,,,
"Table 16.1.  Percentage of public schools that reported selected discipline problems according to frequency, by school characteristics:  1999-2000",,,,,,,
,,,,,,,
,"Happens at least once a week/1",,,,,"Happens at all/2",
"School characteristics","Student racial tensions","Student bullying","Student verbal abuse of teachers","Widespread disorder in classrooms","Student acts of disrespect for teachers","Undesirable gang activities/3","Undesirable cult or extremist group activities4"
,,,,,,,
"    Total",3.4,29.3,12.5,3.1,19.4,18.7,6.7
,,,,,,,
"School level",,,,,,,
"  Elementary",2.9,26.3,8.1,2.3,13.3,11.1,1.8
"  Middle",5.9,43.4,21.8,5.3,30,30.8,13.1
"  Secondary",3.1,24.7,17.4,3.2,28.7,36.6,18.9
"  Combined",1.4,26.4,16.3,3.6,26,14.6,7
,,,,,,,
"Enrollment ",,,,,,,
"  Less than 300",1,22.7,7.1,1.3,14.7,7.9,2.7
"  300-2499",2.6,27.6,9.6,2.6,14.2,11.7,4.1
"  500-2999",4.7,33.2,14.4,4.3,22.1,23.7,6.6
"  1,000 or more",6.8,35.4,26.5,4.3,34.6,44.4,23
,,,,,,,
"Urbanicity",,,,,,,
"  City",5.2,32.2,20.2,6,24.8,31.7,7.5
"  Urban fringe",3.4,28.9,12.6,2,19.2,17.4,7.9
"  Town",4.5,31,8.7,2.2,21.5,15.3,8.1
"  Rural",1.6,26.8,8.3,2.5,14.8,11.5,4.4
,,,,,,,
"Minority enrollment",,,,,,,
"  0-25 percent",1,24.8,7.4,1.6,14.7,6.6,4.1
"  6-20 percent",4,32.2,10.7,2.7,17,14.1,7.5
"  21-250 percent",3.4,26.3,14.6,1.9,20.9,23.5,9.7
"  More than 50 percent",5.9,34.8,18.9,6.2,26.5,33,7.1
,,,,,,,
"Free/reduced-price lunch eligibility",,,,,,,
"  0-20 percent",1.8,23.8,8.1,1.8,13.2,11.7,6.1
"  21-250 percent",1.9,29.4,11.4,2.2,19.1,15.8,7.8
"  More than 50 percent",6.1,33.3,17,4.9,24.5,26.7,6.1
,,,,,,,
,,,,,,,
,"Happens at least once a week/1",,,,,"Happens at all/2",
"School characteristics","Student racial tensions","Student bullying","Student verbal abuse of teachers","Widespread disorder in classrooms","Student acts of disrespect for teachers","Undesirable gang activities/3","Undesirable cult or extremist group activities4"
,,,,,,,
"Student/teacher ratio",,,,,,,
"  Less than 12",2.5,29.8,13.5,2.5,21.5,14,5.8
"  12-216",3.8,30.6,11.2,3.4,19.5,20,6.6
"  More than 16",3.8,29.5,14,3.7,18.1,22.8,7.8
,,,,,,,
"Prevalence of violent incidents/5",,,,,,,
"  No violent incidents",1.4,17.1,6.8,0.5,8.1,6.4,1.5
"  Any violent incidents",4.2,34.1,14.8,4.2,24,23.6,8.8
"1/Includes schools that reported the activity happens either once a week or daily.",,,,,,,
"2/Includes schools that reported the activity has happened at all at their school.",,,,,,,
"3/A gang was defined for respondents as ""an ongoing loosely organized association of three or more persons, whether formal or informal, that has a common name, signs, symbols or colors, whose",,,,,,,
"members engage, either individually or collectively, in violent or other forms of illegal behavior.""",,,,,,,
"4/A cult or extremist group was defined for respondents as ""a group that espouses radical beliefs and practices, which may include a religious component, that are widely seen as threatening the",,,,,,,
"basic values and cultural norms of society at large.""",,,,,,,
"5/Violent incidents include rape, sexual battery other than rape, physical attack or fight with or without a weapon, threat of physical attack or fight with or without a weapon, and robbery with or",,,,,,,
"without a weapon.",,,,,,,
"NOTE: Population size is 82,000 public schools. ",,,,,,,
"SOURCE: U.S. Department of Education, National Center for Education Statistics, School Survey on Crime and Safety (SSOCS), 1999-2000.",,,,,,,
