"Bureau of Justice Statistics",,,,,,
"Filename: iscs031-1.csv",,,,,,
"Table 12.1.  Percentage of students ages 12-18 who reported being afraid at school or on the way to and from school and away from school during the previous 6 months, by selected student characteristics: 1995, 1999, and 2001",,,,,,
"Title of Report: Indicators of School Crime & Safety, 2003, NCJ 201257",,,,,,
"Data source:  School Crime Supplement to the NCVS",,,,,,
"Author: BJS/NCES",,,,,,
"Contact:  Michael Rand",,,,,,
"Refer questions to:   (202) 307-0765 or askbjs@ojp.usdoj.gov",,,,,,
"Date version:  10/31/03",,,,,,
,,,,,,
,,,,,,
"Table 12.1.  Percentage of students ages 12-18 who reported being afraid at school or on the way to and from school and away from school during the previous 6 months, by selected student characteristics: 1995, 1999, and 2001",,,,,,
,,,,,,
,,,,,,
,,,,,,
,"At school or on the way to and from school",,,,"Away from school",
"Student characteristics",1995,1999,2001,,1999,2001
,,,,,,
"    Total",11.8,7.3,6.4,,5.7,4.6
,,,,,,
"Sex",,,,,,
"  Male",10.8,6.5,6.4,,4.1,3.7
"  Female",12.8,8.2,6.4,,7.4,5.6
,,,,,,
"Race/ethnicity/1",,,,,,
"  White",8.1,5,4.9,,4.3,3.7
"  Black",20.3,13.5,8.9,,8.7,6.3
"  Hispanic",20.9,11.7,10.6,,8.9,6.5
"  Other",13.5,6.7,6.4,,5.4,6.6
,,,,,,
"Grade",,,,,,
"  6th",14.3,10.9,10.6,,7.8,6.3
"  7th",15.3,9.5,9.2,,6.1,5.5
"  8th",13,8.1,7.6,,5.5,4.4
"  9th",11.6,7.1,5.5,,4.6,4.5
"  10th",11,7.1,5,,4.8,4.2
"  11th",8.9,4.8,4.8,,5.9,4.7
"  12th",7.8,4.8,2.9,,6.1,3.3
,,,,,,
"Urbanicity",,,,,,
"  Urban",18.4,11.6,9.7,,9.1,7.4
"  Suburban",9.8,6.2,4.8,,5,3.8
"  Rural",8.6,4.8,6,,3,3
,,,,,,
"Sector",,,,,,
"  Public",12.2,7.7,6.6,,5.8,4.6
"  Private",7.3,3.6,4.6,,5,5.1
"1/Other includes Asians, Pacific Islanders, and American Indians (including Alaska Natives). Race categories exclude Hispanic origin unless specified.",,,,,,
"NOTE: In 1995 and 1999, students reported fear of ""attack or harm"" at school or on the way to and from school during the previous 6 months. In 2001, students reported fear of ""attack or threat",,,,,,
"of attack"" at school or on the way to and from school during the previous 6 months. Includes students who reported that they sometimes or most of the time feared being victimized in this way.",,,,,,
"Fear of attack away from school was not collected in 1995. Population sizes for students ages 12-18 are 23,601,000 in 1995, 24,614,000 in 1999, and 24,315,000 in 2001.",,,,,,
"SOURCE: U.S. Department of Justice, Bureau of Justice Statistics, School Crime Supplement (SCS) to the National Crime Victimization Survey, 1995, 1999, and 2001.",,,,,,
