"Bureau of Justice Statistics",,,,,,,,,,
"Filename: iscs03s5-1.csv",,,,,,,,,,
"Table S5.1.  Standard errors for table 5.1: Percentage of students in grades 9-12 who reported having been in a physical fight during the previous 12 months, by selected student characteristics: Selected years 1993-2001",,,,,,,,,,
"Title of Report: Indicators of School Crime & Safety, 2003, NCJ 201257",,,,,,,,,,
"Data source:  School Crime Supplement to the NCVS",,,,,,,,,,
"Author: BJS/NCES",,,,,,,,,,
"Contact:  Michael Rand",,,,,,,,,,
"Refer questions to:   (202) 307-0765 or askbjs@ojp.usdoj.gov",,,,,,,,,,
"Date version:  10/31/03",,,,,,,,,,
,,,,,,,,,,
,,,,,,,,,,
"Table S5.1.  Standard errors for table 5.1: Percentage of students in grades 9-12 who reported having been in a physical fight during the previous 12 months, by selected student characteristics: Selected years 1993-2001",,,,,,,,,,
,,,,,,,,,,
,,,"Anywhere",,,,,"On school property",,
"Student characteristics",1993,1995,1997,19991,2001,1993,1995,1997,19991,2001
,,,,,,,,,,
"    Total",0.99,1.14,1.01,1.17,0.71,0.59,0.79,0.64,0.62,0.49
,,,,,,,,,,
"Sex",,,,,,,,,,
"  Male",1.05,1.09,1.07,1.27,0.84,0.71,0.9,1.04,0.66,0.74
"  Female",1.19,1.49,1.26,1.7,0.95,0.73,1.03,0.78,0.95,0.47
,,,,,,,,,,
"Race/ethnicity",,,,,,,,,,
"  White","+","+","+",1.45,0.95,"+","+","+",0.86,0.6
"  Black","+","+","+",3.12,1.6,"+","+","+",1.51,1.26
"  Hispanic","+","+","+",1.65,0.91,"+","+","+",0.91,0.89
"  Asian","+","+","+",2.71,2.73,"+","+","+",0.95,1.92
"  American Indian","+","+","+",6.78,6.58,"+","+","+",5.23,4.41
"  Pacific Islander","+","+","+",3.42,6.25,"+","+","+",4.6,7.63
"  More than one race","+","+","+",2.76,2.85,"+","+","+",2.4,1.97
,,,,,,,,,,
"Grade",,,,,,,,,,
"  9th",1.54,2.22,1.98,1.96,1.27,1.55,1.79,1.29,1.02,0.77
"  10th",1.45,1.49,1.91,2.11,1.37,1.07,1.57,1.67,1.23,0.88
"  11th",1.52,1.48,1.72,1.55,1.1,1.27,1,0.87,1.01,0.71
"  12th",1.56,1.71,1.36,1.91,1.01,0.66,0.73,0.73,1,0.56
"+Not applicable.",,,,,,,,,,
"1/Revised from previously published estimates.",,,,,,,,,,
"NOTE: ""On school property"" was not defined for survey respondents. The term ""anywhere"" is not used in the YRBS questionnaire. Rather, students are simply asked how many times in the last 12 ",,,,,,,,,,
"months they had been in a physical fight. Population sizes from the Digest of Education Statistics 2002 (NCES 2003-060) for students in grades 9 through 12 are 13,093,000 students in 1993;",,,,,,,,,,
"13,697,000 in 1995; 14,272,000 in 1997; 14,623,000 in 1999; and 14,998,000 (projected) in 2001.",,,,,,,,,,
"SOURCE: Centers for Disease Control and Prevention, National Center for Chronic Disease Prevention and Health Promotion, Youth Risk Behavior Surveillance System (YRBSS), ""Youth Risk",,,,,,,,,,
"Behavior Survey"" (YRBS), selected years 1993-2001.",,,,,,,,,,
