"Bureau of Justice Statistics",,,,,,,,
"Filename: iscs0314-1.csv",,,,,,,,
"Table 14.1.  Percentage of students ages 12-18 who reported being targets of hate-related words at school during the previous 6 months, by selected student characteristics: 2001",,,,,,,,
"Title of Report: Indicators of School Crime & Safety, 2003, NCJ 201257",,,,,,,,
"Data source:  School Crime Supplement to the NCVS",,,,,,,,
"Author: BJS/NCES",,,,,,,,
"Contact:  Michael Rand",,,,,,,,
"Refer questions to:   (202) 307-0765 or askbjs@ojp.usdoj.gov",,,,,,,,
"Date version:  10/31/03",,,,,,,,
,,,,,,,,
,,,,,,,,
"Table 14.1.  Percentage of students ages 12-18 who reported being targets of hate-related words at school during the previous 6 months, by selected student characteristics: 2001",,,,,,,,
,,,,,,,,
,,,"Hate-related words related to students characteristics",,,,,
"Student characteristics","Total/1",,"Race","Ethnicity","Religion","Disability","Gender","Sexual orientation"
,,,,,,,,
"    Total",12.3,,4.2,2.7,1.8,1.1,2.8,1.2
,,,,,,,,
"Sex",,,,,,,,
"  Male",12.8,,4.6,3.2,2,1.2,1.2,1.3
"  Female",11.7,,3.7,2.2,1.6,0.9,4.4,1.2
,,,,,,,,
"Race/ethnicity/2",,,,,,,,
"  White",12.1,,2.8,1.6,2,1.2,3.3,1.6
"  Black",13.9,,7.8,3.3,1.3,1.1,2.7,0.8
"  Hispanic",11,,4.9,6,1.2,0.6,1,0.5
"  Other",13.6,,9.7,5.9,2.7,0.4,0.8,0
,,,,,,,,
"Grade",,,,,,,,
"  6th",12.1,,2.7,1.9,1.1,2.1,2.1,0.4
"  7th",14.1,,5,3.4,1.8,1.6,3.2,1.1
"  8th",13,,5.3,3.1,2.2,1,2.2,1
"  9th",12.1,,3.6,2.1,1.3,1,3.4,1.2
"  10th",13.1,,4.6,2.6,2.1,0.8,3.1,1.9
"  11th",12.7,,4.7,3.1,2.3,1.1,2.7,1.7
"  12th",7.9,,2.2,2.3,1.7,0.2,2.3,1.1
,,,,,,,,
"Urbanicity",,,,,,,,
"  Urban",11.9,,5,3.3,1.6,0.9,2.5,0.9
"  Suburban",12.4,,4.2,2.8,1.9,1.1,2.9,1.5
"  Rural",12.4,,2.9,1.7,2.1,1.1,2.7,1
,,,,,,,,
"Sector",,,,,,,,
"  Public",12.7,,4.4,2.8,1.9,1.2,2.8,1.2
"  Private",8.2,,1.5,1.6,1.5,0.3,2,1.3
"1/In the SCS questionnaire, students were asked if they were the targets of hate-related words at school. If the students responded that they were called a hate-related word, they were asked to",,,,,,,,
"choose the specific characteristics that the hate-related word targeted. Students were allowed to choose more than one characteristic. If a student chose more than one characteristic, he or she is",,,,,,,,
"counted once under the ""total"" category. Therefore, the percent of students who reported being called a hate-related word is less than the sum of all the individual characteristics.",,,,,,,,
"2/Other includes Asians, Pacific Islanders, and American Indians (including Alaska Natives). Race categories exclude Hispanic origin unless specified.",,,,,,,,
"NOTE: ""At school"" means in the school building, on school property, on a school bus, or going to and from school. Population size is 24,315,000 students ages 12-18 in 2001.",,,,,,,,
"SOURCE: U.S. Department of Justice, Bureau of Justice Statistics, School Crime Supplement (SCS) to the National Crime Victimization Survey, 2001.",,,,,,,,
