"Bureau of Justice Statistics",,,,,,
"Filename: iscs03f18-1.csv",,,,,,
"Figure 18.1. Percentage of students in grades 9-12 who reported using marijuana during the previous 30 days, by sex: Selected years 1993-2001",,,,,,
"Title of Report: Indicators of School Crime & Safety, 2003, NCJ 201257",,,,,,
"Data source:  School Crime Supplement to the NCVS",,,,,,
"Author: BJS/NCES",,,,,,
"Contact:  Michael Rand",,,,,,
"Refer questions to:   (202) 307-0765 or askbjs@ojp.usdoj.gov",,,,,,
"Date version:  10/31/03",,,,,,
,,,,,,
"Figure 18.1. Percentage of students in grades 9-12 who reported using marijuana during the previous 30 days, by sex: Selected years 1993-2001",,,,,,
,,,,,,
,,,,,,
"Anywhere",,1993,1995,1997,1999,2001
,"Total",18,25,26,27,24
,"Male",21,28,30,31,28
,"Female",15,22,21,23,20
,,,,,,
"On school property",,1993,1995,1997,1999,2001
,"Total",6,9,7,7,5
,"Male",8,12,9,10,8
,"Female",3,6,5,4,3
