"Bureau of Justice Statistics",,,,,
"Filename: iscs03f5-1.csv",,,,,
"Figure 5.1.  Percentage of students in grades 9-12 who reported having been in a physical fight during the previous 12 months, by sex: Selected years 1993-2001",,,,,
"Title of Report: Indicators of School Crime & Safety, 2003, NCJ 201257",,,,,
"Data source:  School Crime Supplement to the NCVS",,,,,
"Author: BJS/NCES",,,,,
"Contact:  Michael Rand",,,,,
"Refer questions to:   (202) 307-0765 or askbjs@ojp.usdoj.gov",,,,,
"Date version:  10/31/03",,,,,
,,,,,
"Figure 5.1.  Percentage of students in grades 9-12 who reported having been in a physical fight during the previous 12 months, by sex: Selected years 1993-2001",,,,,
,,,,,
"Anywhere",,,,,
,1993,1995,1997,1999,2001
"Total",42,39,37,36,33
"Male",51,46,46,44,43
"Female",32,31,26,27,24
,,,,,
"on school property",,,,,
,1993,1995,1997,1999,2001
"Total",16,16,15,14,13
"Male",24,21,20,19,18
"Female",9,10,9,10,7
