"Table 4. Deaths among state prisoners awaiting their first release, by most serious offense, 2016",,,,
Most serious offense,Percent,Number,,
,All offenses,100,%,"2,755"
Violent,68.3,%,"1,883",
,Murdera,25,,689
,Negligent manslaughter,1.4,,39
,Rape/sexual assault,24,,660
,Robbery,7.4,,205
,Assault,7.4,,205
,Other violentb,3.1,,85
Property,12,%,330,
,Burglary,5.7,,157
,Larceny-theft,2.7,,74
,Motor vehicle theft,0.2,,6
,Fraudc,1.6,,44
,Other propertyd,1.8,,49
Drug,9,%,247,
,Possession,1.3,,35
,Trafficking,4.3,,119
,Other druge,3.4,,93
Public order,9.8,%,271,
,Weapons,2.2,,60
,Other public orderf,7.7,,211
Other/unspecified,0.9,%,24,
"Note: Details may not sum to totals due to rounding. Counts may differ from those published elsewhere due to non-reporting states. First release does not refer to first-time offenders but to offenders� first release after a given sentence (whether they are first-time offenders or not), as opposed to a re-release after a subsequent parole violation. Statistics are based on state prisoners who were released for the first time from their sentence in 38 states, and data exclude state prisoners with sentences of one year or less.",,,,
aIncludes non-negligent manslaughter.,,,,
"bIncludes kidnapping, blackmail, extortion, hit and run with injury, and other unknown violent offenses.",,,,
cIncludes forgery and embezzlement. ,,,,
"dIncludes arson, receiving and trafficking of stolen property, destruction of property, trespassing, and other unknown property offenses.",,,,
"eIncludes forging prescriptions, possession of drug paraphernalia, and other unspecified offenses.",,,,
"fIncludes DUIs/DWIs; court offenses; commercialized vice, morals, and decency offenses; liquor law violations; and other public-order offenses.Source: Bureau of Justice Statistics, National Corrections Reporting Program, 2016.",,,,
