"Bureau of Justice Statistics",,,,
"Filename:  pjim0309.csv",,,,
"Table #9:  Average daily population and the number of men, women, and juveniles in local jails, midyear 1995, 2000, and 2002-2003",,,,
"Report Title:  Prison and Jail Inmates at Midyear 2003 NCJ 203947",,,,
"Data source:  Annual Survey of Jails",,,,
"Refer questions to:  askbjs@ojp.usdoj.gov  202-307-0765",,,,
"Authors:  Paige Harrison or Jennifer Karberg",,,,
"Date of version:  05/23/04",,,,
,,,,
"Table 9:  Average daily population and the number of men, women, and juveniles in local jails, midyear 1995, 2000, and 2002-2003",,,,
,,,,
,,,,
,1995,2000,2002,2003
,,,,
"Average daily population/a",509828,618319,652082,680760
,,,,
"Number of inmates, June 30",507044,621149,665475,691301
"   Adults",499300,613534,658228,684431
"      Male",448000,543120,581411,602781
"      Female",51300,70414,76817,81650
"   Juveniles/b",7800,7615,7248,6869
"      Held as adults/c",5900,6126,6112,5484
"      Held as juveniles",1800,1489,1136,1385
,,,,
,,,,
"Note:  Data are for June 30 in 1995, 2000 and 2003;  for June 29 in 2001; and June 28, for 2002. Detailed data for 1995 were estimated and rounded to the nearest 100.",,,,
"a/The average daily population is the sum of the number of inmates in a jail each day for a year, divided by the total number of days in the year.",,,,
"b/Juveniles are persons held under the age of 18.",,,,
"c/Includes juveniles who were tried or awaiting trial as adults.",,,,
