"Bureau of Justice Statistics",,
"Filename:  pjim03f02.csv",,
"Figure #2: 12-month growth rates for local jails, 1995-2003",,
"Report Title:  Prison and Jail Inmates at Midyear 2003 NCJ 203947",,
"Data source:  Annual Survey of Jails",,
"Refer questions to:  askbjs@ojp.usdoj.gov  202-307-0765",,
"Authors:  Paige Harrison or Jennifer Karberg",,
"Date of version:  05/23/04",,
,,
"Figure 2:  12-month growth rates for local jails, 1995-2003",,
,,
,,
"12-month period","Percent increase",
,,
"2002-2003",3.9,"%"
,,
"2001-2002",5.4,
"2000-2001",1.6,
"1999-2000",2.5,
"1998-99",2.3,
"1997-98",4.5,
"1996-97",9.4,
"1995-96",2.3,
