"Bureau of Justice Statistics",,,
"Filename:  pjim03t09.csv",,,
"Text table #9:  State prison admissions, by type, 1990, 1995, and 1998-2002",,,
"Report Title:  Prison and Jail Inmates at Midyear 2003 NCJ 203947",,,
"Data source:  National Prisoner Statistics 1A",,,
"Refer questions to:  askbjs@ojp.usdoj.gov  202-307-0765",,,
"Authors:  Paige Harrison or Jennifer Karberg",,,
"Date of version:  05/23/04",,,
,,,
"Text table 9:  State prison admissions, by type, 1990, 1995, and 1998-2002",,,
,,,
,,,
"Year","All*","New court commitments","Parole violators"
1990,460739,323069,133870
1995,521970,337492,175726
1998,565291,347270,206152
1999,575415,345648,198636
2000,584643,350431,203569
2001,593838,365714,215450
2002,615377,392717,207251
,,,
"*Based on inmates with a sentence of more than 1 year.  Excludes escapes, AWOL's, and transfers to and from other jurisdictions.",,,
