"Bureau of Justice Statistics",,,,,
"Filename:  pjim03t06.csv",,,,,
"Text table #t6: Number of inmates held in privately operated facilities, December 31, 2000 to June 30, 2003",,,,,
"Report Title:  Prison and Jail Inmates at Midyear 2003 NCJ 203947",,,,,
"Data source:  National Prisoner Statistics-1 and 1A",,,,,
"Refer questions to:  askbjs@ojp.usdoj.gov  202-307-0765",,,,,
"Authors:  Paige Harrison or Jennifer Karberg",,,,,
"Date of version:  05/23/04",,,,,
,,,,,
"Text table 6:  Number of inmates held in privately operated facilities, December 31, 2000 to June 30, 2003",,,,,
,,,,,
,"Number of inmates held in privately operated facilities",,,,
,,,,,
,"Total","State","Federal","Percent of all inmates",
06/30/2003,94361,72989,21372,6.5,"%"
12/31/2002,93179,72988,20191,6.5,
06/30/2002,88576,68283,20293,6.2,
12/31/2001,91953,72702,19251,6.5,
06/30/2001,94948,76763,18185,6.8,
12/31/2000,90542,75018,15524,6.5,
