"Bureau of Justice Statistics",,,,,,,,,
"Filename:  pjim0314.csv",,,,,,,,,
"Table #14: Number of inmates in State or Federal prisons and local jails per 100,000 residents, by gender, race, Hispanic origin, and age, June 30, 2003",,,,,,,,,
"Report Title:  Prison and Jail Inmates at Midyear 2003 NCJ 203947",,,,,,,,,
"Data source:  National Prisoner Statistics 1A",,,,,,,,,
"Refer questions to:  askbjs@ojp.usdoj.gov  202-307-0765",,,,,,,,,
"Authors:  Paige Harrison or Jennifer Karberg",,,,,,,,,
"Date of version:  05/23/04",,,,,,,,,
,,,,,,,,,
"Table 14: Number of inmates in State or Federal prisons and local jails per 100,000 residents, by gender, race, Hispanic origin, and age, June 30, 2003",,,,,,,,,
,,,,,,,,,
,,"Number of inmates per 100,000 residents of each group",,,,,,,
,,"              Males",,,,,"         Females",,
,"Total/a","White/b","Black/b","Hispanic",,"Total/a","White/b","Black/b","Hispanic"
"   Total",1331,681,4834,1778,,119,75,352,148
"18-19",1709,882,5365,1888,,109,68,254,166
"20-24",3316,1610,11329,3620,,255,178,607,295
"25-29",3417,1607,12809,3719,,277,191,744,268
"30-34",2944,1545,10627,3451,,316,211,891,319
"35-39",2641,1467,9570,2975,,322,211,926,333
"40-44",2096,1206,7639,2537,,232,143,732,276
"45-54",1129,626,4425,1761,,97,58,318,149
"55 or older",238,162,842,501,,11,8,28,29
,,,,,,,,,
"Note:  Based on the U.S. resident population for July 1, 2003, from intercensal estimates for July 1, 2002 (by gender, race, Hispanic origin), and adjusted to the July 1, 2003 estimates by gender.",,,,,,,,,
"a/Includes American Indians, Alaska Natives, Asians, Native Hawaiians, and other Pacific Islanders.",,,,,,,,,
"b/Excludes Hispanics. ",,,,,,,,,
