"Bureau of Justice Statistics",,,,,,
"Filename:  pjim03t02.csv",,,,,,
"Text table  #t2:  Number of inmates in jail custody June 30, 1990 to June 30, 2003",,,,,,
"Report Title:  Prison and Jail Inmates at Midyear 2003 NCJ 203947",,,,,,
"Data source:  Annual Survey of Jails",,,,,,
"Refer questions to:  askbjs@ojp.usdoj.gov  202-307-0765",,,,,,
"Authors:  Paige Harrison or Jennifer Karberg",,,,,,
"Date of version:  05/23/04",,,,,,
,,,,,,
"Text table 2:  Number of inmates in jail custody June 30, 1990 to June 30, 2003",,,,,,
,,,,,,
,,,,,,
"Year","Number of inmates in jail custody",,"Incarceration rate*",,"Percent of capacity occupied",
2003,691301,,238,,94,"%"
2002,665475,,231,,93,
2001,631240,,222,,90,
2000,621149,,220,,92,
1995,507044,,193,,93,
1990,405320,,163,,104,
,,,,,,
"*Number of inmates per 100,000 residents. ",,,,,,
