"Bureau of Justice Statistics",,,,
"Filename:  pjim03t03.csv",,,,
"Text table #3: Growth rates in Federal prison population at 6-month intervals",,,,
"Report Title:  Prison and Jail Inmates at Midyear 2003 NCJ 203947",,,,
"Data source:  National Prisoner Statistics 1A",,,,
"Refer questions to:  askbjs@ojp.usdoj.gov  202-307-0765",,,,
"Authors:  Paige Harrison or Jennifer Karberg",,,,
"Date of version:  05/23/04",,,,
,,,,
,,,,
"Text table 3:  Growth rates in Federal prison population at 6-month intervals",,,,
,,,,
,"                         Percent change",,,
,"January to June",,"July to December",
2003,4.2,"%"," -- ","%"
2002,3.0,,1.1,
2001,5.1,,2.8,
2000,5.4,,2.0,
1999,6.0,,3.7,
1998,5.3,,3.5,
1997,4.4,,2.6,
1996,3.5,,1.8,
1995,4.7,,0.8,
