"Bureau of Justice Statistics",,,
"Filename:  pjim03t05.csv",,,
"Text table #5:  Number of sentenced inmates per 100,000 U.S. residents, 1995-2003",,,
"Report Title:  Prison and Jail Inmates at Midyear 2003 NCJ 203947",,,
"Data source:  National Prisoner Statistics 1A",,,
"Refer questions to:  askbjs@ojp.usdoj.gov  202-307-0765",,,
"Authors:  Paige Harrison or Jennifer Karberg",,,
"Date of version:  05/23/04",,,
,,,
,,,
"Text table #5:  Number of sentenced inmates per 100,000 U.S. residents, 1995-2003",,,
,,,
,"Number of sentenced inmates per 100,000 U.S. residents on December 31-- ",,
,"State","Federal","Total/a"
1995,379,32,411
1996,393,33,427
1997,409,35,444
1998,421,38,460
"1999/b",422,40,462
2000,426,42,469
2001,422,48,470
2002,427,49,476
"2003, midyear",429,51,480
"a/Totals may not add due to rounding. ",,,
"b/Rates for 1999 adjusted using the 2000 Census of Population and Housing to estimate the December 31, 1999 resident population.",,,
