"Bureau of Justice Statistics",,,,,
"Filename:  pjim0304.csv",,,,,
"Table #4: Prisoners under the jurisdiction of State or Federal correctional authorities, by gender, 1995, 2002, and 2003",,,,,
"Report Title:  Prison and Jail Inmates at Midyear 2003 NCJ 203947",,,,,
"Data source:  National Prisoner Statistics-1 and 1A",,,,,
"Refer questions to:  askbjs@ojp.usdoj.gov  202-307-0765",,,,,
"Authors:  Paige Harrison or Jennifer Karberg",,,,,
"Date of version:  05/23/04",,,,,
,,,,,
"Table 4: Prisoners under the jurisdiction of State or Federal correctional authorities, by gender, 1995, 2002, and 2003",,,,,
,,,,,
,,"Men",,"Women",
"All inmates",,,,,
"06/30/03",,1360818,,100102,
"06/30/02",,1324574,,95363,
"12/31/95",,1057406,,68468,
,,,,,
"Percent change,",,,,,
"    2002-03",,2.7,"%",5.0,"%"
"    Average annual",,,,,
"    1995-2003",,3.4,"%",5.2,"%"
,,,,,
"Sentenced to more than 1 year",,,,,
"6/30/03",,1305496,,90946,
"6/30/02",,1271566,,86889,
"12/31/95",,1021059,,63963,
,,,,,
"Incarceration rate*",,,,,
"6/30/03",,914,,61,
"6/30/02",,902,,60,
"12/31/95",,781,,47,
,,,,,
"*The total number of prisoners with a sentence of more than 1 year per 100,000 residents. ",,,,,
