Bureau of Justice Statistics,,,,,,,,,
Filename: cv20sstat05.csv,,,,,,,,,
"Appendix table 5. Standard errors for table 4: Percent of violent incidents, by sex of victims and offenders, 2020",,,,,,,,,
"Report title: Criminal Victimization, 2020 � Supplemental Statistical Tables  NCJ 303936",,,,,,,,,
"Data source: Bureau of Justice Statistics, National Crime Victimization Survey, 2020",,,,,,,,,
"Authors: Rachel E. Morgan, Ph.D., and Alexandra Thompson, BJS Statisticians ",,,,,,,,,
Refer questions to: askbjs@usdoj.gov 202-307-0765,,,,,,,,,
Date of version: 2/24/2022,,,,,,,,,
,,,,,,,,,
"Appendix table 5. Standard errors for table 4: Percent of violent incidents, by sex of victims and offenders, 2020",,,,,,,,,
,,,,Offender sex,,,,,
Victim sex,,Number of violent incidents,,Male,,Female,,Both male and female,
,Total,"202,384",,1.72,%,1.62,%,0.61,%
Male,,"159,682",,2.4,,2.29,,0.86,
Female,,"121,737",,2.41,,2.33,,0.86,
"Source: Bureau of Justice Statistics, National Crime Victimization Survey, 2020.",,,,,,,,,
