Bureau of Justice Statistics,,,,,
File name:said13at05.csv,,,,,
"Appendix table 5. Full-time equivalent support staff in state indigent defense systems, by state, fiscal year 2013",,,,,
"Report title: State-Administered Indigent Defense Systems, 2013",,,,,
"Data source: Bureau of Justice Statistics, National Survey of Indigent Defense Systems, 2013.",,,,,
"Author: Suzanne M. Strong, Ph.D., BJS Statistician",,,,,
Refer questions to: askbjs@usdoj.gov (202) 307-0765,,,,,
Date of version: 11/16/2016,,,,,
,,,,,
"Appendix table 5. Full-time equivalent support staff in state indigent defense systems, by state, fiscal year 2013",,,,,
,,,,,
State,Attorney trainers,Indigency screeners,Clerical,Administrative,Other
Alaska/a,/,/,30,8,/
Colorado/b,1,15,74,44,2
Connecticut ,1,0,79,22,0
Delaware,1,12,31,11,0
District of Columbia/c,1,11,12,26,0
Hawaii ,0,0,22,1,0
Iowa,1,0,44,9,0
Kentucky ,5,0,153,15,3
Louisiana ,2,11,141,48,2
Maine/d,2,7,1,1,0
Maryland ,3,181,82,100,0
Massachusetts ,13,0,106,42,32
Minnesota ,1,0,61,10,0
Missouri ,2,0,118,20,0
Montana/e,2,11,57,19,0
New Hampshire,1,0,67,7,3
New Jersey,0,0,249,45,264
New Mexico ,2,16,60,21,0
North Carolina ,1,/,/,36,3
North Dakota ,0,0,11,1,0
Rhode Island/f,0,7,18,5,3
South Carolina,0,5,101,25,2
Vermont ,1,0,14,4,0
Virginia /g,2,0,107,17,29
West Virginia ,0,0,56,11,0
Wyoming ,/,/,1,3,/
"Note: The fiscal year for states is July 1, 2012, through June 30, 2013, and for the District of Columbia, October 1, 2012, through September 30, 2013. Rounded to nearest whole number. Arkansas, Oregon, and Wisconsin did not report data. See Methodology for more detail on calculating full-time equivalent staff.",,,,,
~Not applicable.,,,,,
/Not reported. ,,,,,
a/Alaska Office of the Alternate Defender did not report. Numbers reflect Alaska Public Defender only.,,,,,
b/Colorado Alternate Defender did not provide consistent data. Numbers reported reflect the Colorado Public Defender only.,,,,,
c/District of Columbia Superior Court did not report. Numbers reflect District of Columbia Public Defender Service only.,,,,,
d/Maine did not report public defenders or public defender staff in 2013.,,,,,
e/Montana�s investigators and indigency screeners were shared by public defenders and conflict defenders.,,,,,
f/Rhode Island Supreme Court did not provide consistent data. Numbers reflect Rhode Island Public Defenders only. ,,,,,
g/Numbers reflect Virginia Indigent Defense Commission only.,,,,,
"Source: Bureau of Justice Statistics, National Survey of Indigent Defense Systems, 2013.",,,,,
