Bureau of Justice Statistics,,,,,,
File name: said13t07.csv,,,,,,
"Table 7. Full-time equivalent attorney staff paid by state indigent defense systems, by type of attorney and state, fiscal year 2013",,,,,,
"Report title: State-Administered Indigent Defense Systems, 2013",,,,,,
"Data source: Bureau of Justice Statistics, National Survey of Indigent Defense Systems, 2013.",,,,,,
"Author: Suzanne M. Strong, Ph.D., BJS Statistician",,,,,,
Refer questions to: askbjs@usdoj.gov (202) 307-0765,,,,,,
Date of version: 4/4/2017,,,,,,
,,,,,,
"Table 7. Full-time equivalent attorney staff paid by state indigent defense systems, by type of attorney and state, fiscal year 2013",,,,,,
,,,,,,
State,Chief executive,"Managing attorneys/a,b","Supervisor/a,c",Line public defender attorneys/a,Contract counsel,Assigned/appointed
Total reporting,101,188,580,"4,662","1,725","7,929"
Alaska/d,1,1,15,83,10,~
Arkansas ,1,8,1,6,138,/
Colorado ,2,2,60,339,~,200
Connecticut ,4,12,39,198,775,~
Delaware,2,5,6,81,31,28
District of Columbia/e,1,12,11,85,~,~
Hawaii ,1,6,4,93,~,~
Iowa,1,1,19,188,/,550
Kentucky ,2,11,45,301,~,~
Louisiana ,29,14,12,182,292,4
Maine ,1,~,~,~,2,225
Maryland ,2,18,75,477,~,"1,070"
Massachusetts ,2,9,38,172,~,"1,420"
Minnesota ,2,11,31,278,~,~
Missouri ,3,6,48,319,~,113
Montana/f,3,13,0,112,111,/
New Hampshire,3,9,0,120,18,25
New Jersey,1,22,24,496,~,~
New Mexico ,4,3,15,190,132,212
North Carolina ,22,/,/,321,20,560
North Dakota ,2,0,7,13,20,15
Oregon ,1,/,/,/,/,/
Rhode Island ,1,2,6,38,7,72
South Carolina,2,1,16,184,103,415
Vermont ,2,0,10,29,54,/
Virginia,1,4,79,216,~,"2,220"
West Virginia ,4,17,4,113,1,800
Wisconsin ,/,/,/,/,/,/
Wyoming ,1,1,15,28,11,~
"Note: The fiscal year for states is July 1, 2012, through June 30, 2013, and for the District of Columbia, October 1, 2012, through September 30, 2013. Numbers are rounded to the nearest whole number. See Methodology for more detail on calculating full-time equivalent (FTE) staff. ",,,,,,
~Not applicable.,,,,,,
/Not reported.,,,,,,
"a/Only public defender and conflict defender offices were given the option to list managing, supervisory, and line attorneys.",,,,,,
b/Attorneys in this category do not litigate.,,,,,,
c/Attorneys in this category also litigate.,,,,,,
d/Alaska Office of the Alternate Defender did not report. Numbers reflect Alaska Public Defender only.,,,,,,
"e/District of Columbia Superior Court did not report. Numbers reflect District of Columbia Public Defender Service, which only used public defenders for delivery method. ",,,,,,
"f/Montana's 222 part-time contract attorneys were shared by all three delivery methods (public defender, conflict public defender, and contract counsel).",,,,,,
"Source: Bureau of Justice Statistics, National Survey of Indigent Defense Systems, 2013.",,,,,,
