Bureau of Justice Statistics,,,,,
File name:said13at06.csv,,,,,
"Appendix table 6. Appointing members of the advisory board in state indigent defense systems, by state, fiscal year 2013",,,,,
"Report title: State-Administered Indigent Defense Systems, 2013",,,,,
"Data source: Bureau of Justice Statistics, National Survey of Indigent Defense Systems, 2013.",,,,,
"Author: Suzanne M. Strong, Ph.D., BJS Statistician",,,,,
Refer questions to: askbjs@usdoj.gov (202) 307-0765,,,,,
Date of version: 4/4/2017,,,,,
,,,,,
"Appendix table 6. Appointing members of the advisory board in state indigent defense systems, by state, fiscal year 2013",,,,,
,,,,,
,,,,,
State,Governor,State legislature,State supreme court,State and specialty bar association,Other/a
Arkansas ,Yes,No,No,No,/
Colorado ,No,No,Yes,No,No
Connecticut ,Yes,Yes,No,No,No
District of Columbia/ ,Yes,No,No,No,Yes
Hawaii ,Yes,No,No,No,/
Kentucky ,Yes,No,Yes,Yes,Yes
Louisiana/c,Yes,Yes,Yes,Yes,Yes
Maine ,Yes,Yes,No,No,No
Maryland ,Yes,Yes,No,No,No
Massachusetts ,Yes,Yes,Yes,No,No
Minnesota ,Yes,No,Yes,No,No
Missouri ,Yes,No,No,No,No
Montana ,Yes,No,No,No,No
New Hampshire,Yes,Yes,Yes,Yes,Yes
New Mexico ,Yes,Yes,Yes,No,No
North Carolina/d,Yes,Yes,Yes,Yes,/
North Dakota ,Yes,Yes,Yes,Yes,No
Oregon ,/,/,Yes,/,/
South Carolina,Yes,Yes,Yes,No,No
Virginia,Yes,Yes,Yes,Yes,No
West Virginia ,Yes,No,No,No,No
Wisconsin ,Yes,No,No,No,No
"Note: The fiscal year for states is July 1, 2012, through June 30, 2013, and for the District of Columbia, October 1, 2012, through September 30, 2013. Alaska, Delaware, Iowa, New Jersey, Rhode Island, Vermont, and Wyoming did not have advisory boards or commissions.",,,,,
/Not reported.,,,,,
"a/Includes local bar, county commission, state law commission, Children's Code Commission, law school dean, and judges.",,,,,
b/Appointed by the mayor.,,,,,
c/Louisiana reported that the State Law Institute and Children's Code Commission were also involved.,,,,,
d/North Carolina reported that the Indigent Defense Commission approved 3 of the 10 members.,,,,,
"Source: Bureau of Justice Statistics, National Survey of Indigent Defense Systems, 2013.",,,,,
