Bureau of Justice Statistics,,,,,,,,,,,,,,,,,,
Filename:  cfjs037_14.csv,,,,,,,,,,,,,,,,,,
"Table 7.14. Percent of sentence served to first release, by length of sentence imposed, offense, and type of case, for prisoners released by standard methods during October 1, 2002 - September 30, 2003",,,,,,,,,,,,,,,,,,
"Report title:  Compendium of Federal Justice Statistics, 2003  NCJ 210299",,,,,,,,,,,,,,,,,,
Data source:  Federal justice statistics database maintained by The Urban Institute,,,,,,,,,,,,,,,,,,
Author:  Urban Institute under the supervision of BJS,,,,,,,,,,,,,,,,,,
Refer questions to:  askbjs@usdoj.gov  202-307-0765,,,,,,,,,,,,,,,,,,
"Date of version:  October 23, 2005",,,,,,,,,,,,,,,,,,


"Table 7.14. Percent of sentence served to first release, by length of sentence imposed, offense, and type of case, for prisoners released by standard methods during October 1, 2002 - September 30, 2003",,,,,,,,,,,,,,,,,,

,Percent of sentence served for--/b,,,,,,,,,,,,,,,,,
,,,,,Property offenses,,,,,,Public-order offenses,,,,,,,
Sentence imposed/a,All offenses,,Violent offenses,,Fraudulent,,Other,,Drug offenses,,Regulatory,,Other,,Weapon offenses,,Immigration offenses,
       All releases,90.6,%,88.4,%,92.8,%,92.8,%,88.9,%,91.2,%,91.2,%,89.3,%,92.2,%
1-12 mo/c,100,%,99.6,%,100.7,%,99.6,%,99.9,%,99.5,%,99.6,%,100.6,%,99.8,%
13-24 mo,88.6,%,90,%,88.6,%,89.4,%,88.2,%,88.5,%,88.6,%,88.9,%,88.5,%
25-36 mo,87.9,%,88.5,%,87.7,%,87.9,%,87.8,%,87.4,%,87.4,%,88.1,%,88.2,%
37-48 mo,88,%,88.3,%,87.8,%,88,%,87.6,%,87.8,%,87.6,%,88.4,%,88.3,%
49-60 mo,88,%,88.4,%,87.6,%,88.4,%,87.6,%,88.6,%,88,%,87.9,%,88.8,%
61-72 mo,88.1,%,88.8,%,87.6,%,87.9,%,87.8,%,87.4,%,87.5,%,88.2,%,89.4,%
73-84 mo,88.1,%,88.8,%,86.7,%,--,%,87.7,%,85.8,%,87.8,%,88.3,%,89.2,%
85-96 mo,88,%,88.5,%,87.2,%,88.3,%,87.7,%,--,%,87.9,%,88.8,%,88.5,%
97-108 mo,87.6,%,88.2,%,87.7,%,--,%,87.5,%,--,%,87.4,%,87.6,%,87.9,%
109-120 mo,87.8,%,89.1,%,87.3,%,--,%,87.4,%,--,%,87.8,%,88.7,%,--,%
121-144 mo,87.5,%,88.3,%,--,%,--,%,87.4,%,--,%,86.8,%,87.6,%,--,%
145-180 mo/d,87.3,%,87.9,%,--,%,--,%,87.2,%,--,%,87.4,%,86.1,%,...,%
181-240 mo/d,86.9,%,87.7,%,--,%,--,%,86.7,%,--,%,--,%,88.1,%,...,%
241-300 mo/d,62.3,%,--,%,--,%,--,%,62.2,%,...,%,--,%,--,%,...,%
Over 300 mo/d,53.1,%,54.4,%,--,%,--,%,52.3,%,...,%,--,%,--,%,...,%

"Note:  Methods for calculating average time served and percent of sentence served differ from those used in the 1993 and prior compendia; see Chapter notes, items 4-7, p. 111."
"Of the 40,780 first releases by standard methods, 40,572 were new law and 208 were old law."
 --Too few cases to obtain statistically reliable data.
...No case of this type occurred in the data.
a/Sentence for the single most serious offense.
"b/See Chapter notes, item 4, p. 111, and ""Offense classifications"" in Methodology, p. 113."
c/The interval includes days up through the upper bound and days to upper bound of the previous interval.
"d/As of  fiscal  year 2003, new law inmates who were sentenced to more than 218 months of imprisonment and were released could only have been released by extraordinary means (such as commutation and death), because the Federal Sentencing Guidelines took effect as of November 1987.  See table 7.11."
