Bureau of Justice Statistics,,
Filename:  cfjs03f7_03.csv,,
"Figure 7.3.  Rates of violation of conditions of supervision, by level of education, October 1, 2002 - September 30, 2003",,
"Report title:  Compendium of Federal Justice Statistics, 2003  NCJ 210299",,
Data source:  Federal justice statistics database maintained by The Urban Institute,,
Author:  Urban Institute under the supervision of BJS,,
Refer questions to:  askbjs@usdoj.gov  202-307-0765,,
"Date of version:  October 23, 2005",,


"Figure 7.3.  Rates of violation of conditions of supervision, by level of education, October 1, 2002 - September 30, 2003",,

 ,Percent of offenders terminating supervision with a violation,
Non-graduate,,
    Probation,25.9,%
    Supervised release,45.5,%
    Parole,46.3,%
High school,,
    Probation,18,%
    Supervised release,34.8,%
    Parole,40.6,%
Some college,,
    Probation,13.2,%
    Supervised release,25.5,%
    Parole,34.3,%
College graduate,,
    Probation,5.7,%
    Supervised release,10.6,%
    Parole,26.3,%
