Bureau of Justice Statistics,,,,,,,,,,,,
Filename:  cfjs037_02.csv,,,,,,,,,,,,
"Table 7.2. Characteristics of Federal offenders under supervision, September 30, 2003",,,,,,,,,,,,
"Report title:  Compendium of Federal Justice Statistics, 2003  NCJ 210299",,,,,,,,,,,,
Data source:  Federal justice statistics database maintained by The Urban Institute,,,,,,,,,,,,
Author:  Urban Institute under the supervision of BJS,,,,,,,,,,,,
Refer questions to:  askbjs@usdoj.gov  202-307-0765,,,,,,,,,,,,
"Date of version:  October 23, 2005",,,,,,,,,,,,


"Table 7.2. Characteristics of Federal offenders under supervision, September 30, 2003",,,,,,,,,,,,

,,,,Type of supervision,,,,,,,,
,Total offenders under supervision,,, Probation,,,Supervised release,,,Parole,,
Offender characteristic,Number,Percent,,Number,Percent,,Number,Percent,,Number,Percent,
          All offenders*,"108,976",100,%,"29,971",100,%,"75,766",100,%,"3,239",100,%
Male/Female,,,,,,,,,,,,
    Male,"85,154",78.2,%,"19,777",66.1,%,"62,245",82.2,%,"3,132",96.9,%
    Female,"23,732",21.8,%,"10,149",33.9,%,"13,482",17.8,%,101,3.1,%
Race,,,,,,,,,,,,
    White,"66,530",61.7,%,"19,826",67.1,%,"45,138",60,%,"1,566",51.4,%
    Black,"36,152",33.5,%,"7,890",26.7,%,"26,855",35.7,%,"1,407",46.2,%
    Native American,"2,236",2.1,%,820,2.8,%,"1,358",1.8,%,58,1.9,%
    Asian/Pacific Islander,"2,870",2.7,%,"1,012",3.4,%,"1,841",2.4,%,17,0.6,%
Ethnicity,,,,,,,,,,,,
    Hispanic,"20,933",19.4,%,"5,073",17.1,%,"15,503",20.6,%,357,11.1,%
    Non-Hispanic,"87,080",80.6,%,"24,526",82.9,%,"59,704",79.4,%,"2,850",88.9,%
Age,,,,,,,,,,,,
    16-18 years,475,0.4,%,442,1.5,%,33,0,%,0,0,%
    19-20 years,"2,262",2.1,%,"1,348",4.5,%,914,1.2,%,0,0,%
    21-30 years,"32,250",29.6,%,"9,039",30.2,%,"23,035",30.4,%,176,5.4,%
    31-40 years,"33,396",30.7,%,"7,951",26.6,%,"24,908",32.9,%,537,16.6,%
    Over 40 years,"40,511",37.2,%,"11,110",37.2,%,"26,875",35.5,%,"2,526",78,%
Education,,,,,,,,,,,,
    Less than high school graduate,"33,899",32.6,%,"6,979",24.8,%,"25,583",35.1,%,"1,337",43.8,%
    High school graduate,"38,269",36.8,%,"9,965",35.4,%,"27,207",37.4,%,"1,097",36,%
    Some college,"23,019",22.1,%,"7,522",26.7,%,"15,006",20.6,%,491,16.1,%
    College graduate,"8,862",8.5,%,"3,713",13.2,%,"5,024",6.9,%,125,4.1,%
Drug abuse,,,,,,,,,,,,
    No known abuse,"65,239",59.9,%,"23,086",77,%,"40,352",53.3,%,"1,801",55.6,%
    Drug history,"43,737",40.1,%,"6,885",23,%,"35,414",46.7,%,"1,438",44.4,%

*Total includes offenders whose characteristics could not be determined.,,,,,,,,,,,,
