Bureau of Justice Statistics,,,,,,,,,,,,,
Filename:  cfjs037_07.csv,,,,,,,,,,,,,
"Table 7.7. Outcomes of parole, by offense, October 1, 2002 - September 30, 2003",,,,,,,,,,,,,
"Report title:  Compendium of Federal Justice Statistics, 2003  NCJ 210299",,,,,,,,,,,,,
Data source:  Federal justice statistics database maintained by The Urban Institute,,,,,,,,,,,,,
Author:  Urban Institute under the supervision of BJS,,,,,,,,,,,,,
Refer questions to:  askbjs@usdoj.gov  202-307-0765,,,,,,,,,,,,,
"Date of version:  October 23, 2005",,,,,,,,,,,,,


"Table 7.7. Outcomes of parole, by offense, October 1, 2002 - September 30, 2003",,,,,,,,,,,,,

,,Percent of paroles terminating with--,,,,,,,,,,,
,,,,Technical violations/b,,,,,,,,,
Most serious offense of conviction/a,Number of parole terminations,No violation,,Drug use,,Fugitive status,,Other,,New crime/c,,Administrative case closures,
          All offenses,"1,504",51.9,%,11.6,%,6.4,%,9.6,%,14.7,%,5.8,%
Felonies,"1,502",51.9,%,11.6,%,6.4,%,9.7,%,14.7,%,5.8,%
    Violent offenses,519,36.6,%,16.8,%,8.5,%,12.1,%,19.7,%,6.4,%
       Murder/d,42,35.7,%,14.3,%,9.5,%,14.3,%,14.3,%,11.9,%
       Assault,24,37.5,%,20.8,%,4.2,%,16.7,%,8.3,%,12.5,%
       Robbery,401,36.2,%,18,%,8.2,%,11.5,%,20.2,%,6,%
       Sexual abuse/d,16,56.3,%,0,%,6.3,%,12.5,%,25,%,0,%
       Kidnapping,35,34.3,%,11.4,%,11.4,%,14.3,%,25.7,%,2.9,%
       Threats against the President,1,--,%,--,%,--,%,--,%,--,%,--,%
    Property offenses,161,60.2,%,6.8,%,6.2,%,11.2,%,11.2,%,4.3,%
       Fraudulent,72,69.4,%,6.9,%,5.6,%,11.1,%,2.8,%,4.2,%
          Embezzlement,2,--,%,--,%,--,%,--,%,--,%,--,%
          Fraud/d,56,71.4,%,1.8,%,7.1,%,14.3,%,3.6,%,1.8,%
          Forgery,9,--,%,--,%,--,%,--,%,--,%,--,%
          Counterfeiting,5,--,%,--,%,--,%,--,%,--,%,--,%
       Other,89,52.8,%,6.7,%,6.7,%,11.2,%,18,%,4.5,%
          Burglary,44,52.3,%,6.8,%,4.5,%,4.5,%,25,%,6.8,%
          Larceny/d,22,50,%,4.5,%,4.5,%,18.2,%,18.2,%,4.5,%
          Motor vehicle theft,13,46.2,%,7.7,%,23.1,%,15.4,%,7.7,%,0,%
          Arson and explosives,3,--,%,--,%,--,%,--,%,--,%,--,%
          Transportation of stolen property,6,--,%,--,%,--,%,--,%,--,%,--,%
          Other property offenses/d,1,--,%,--,%,--,%,--,%,--,%,--,%
    Drug offenses,642,62.5,%,9.8,%,5.5,%,6.2,%,10.9,%,5.1,%
       Trafficking,579,61.8,%,10.4,%,5.5,%,5.9,%,11.2,%,5.2,%
       Possession and other drug offenses,63,68.3,%,4.8,%,4.8,%,9.5,%,7.9,%,4.8,%
    Public-order offenses,109,53.2,%,9.2,%,0.9,%,14.7,%,11.9,%,10.1,%
       Regulatory,12,58.3,%,8.3,%,0,%,16.7,%,16.7,%,0,%
       Other,97,52.6,%,9.3,%,1,%,14.4,%,11.3,%,11.3,%
          Tax law violations/d,2,--,%,--,%,--,%,--,%,--,%,--,%
"          Perjury, contempt, and intimidation",2,--,%,--,%,--,%,--,%,--,%,--,%
          National defense,3,--,%,--,%,--,%,--,%,--,%,--,%
          Escape,21,57.1,%,4.8,%,0,%,14.3,%,14.3,%,9.5,%
          Racketeering and extortion,47,66,%,10.6,%,0,%,8.5,%,4.3,%,10.6,%
          Nonviolent sex offenses,14,14.3,%,7.1,%,7.1,%,14.3,%,35.7,%,21.4,%
          All other offenses/d,8,--,%,--,%,--,%,--,%,--,%,--,%
    Weapon offenses,68,47.1,%,4.4,%,8.8,%,11.8,%,23.5,%,4.4,%
    Immigration offenses,2,--,%,--,%,--,%,--,%,--,%,--,%
Misdemeanors/d,2,--,%,--,%,--,%,--,%,--,%,--,%

 --Too few cases to obtain statistically reliable data.,,,,,,,,,,,,,
"a/See Chapter notes, item 1, p. 111, and ""Offense classifications"" in Methodology, p. 113.",,,,,,,,,,,,,
b/Supervision terminated with incarceration or removal to inactive status for violation of supervision conditions other than charges for new offenses.,,,,,,,,,,,,,
"c/Supervision terminated with incarceration or removal to inactive status after arrest for a ""major"" or ""minor"" offense.",,,,,,,,,,,,,
"d/In this table, ""Murder"" includes nonnegligent manslaughter; ""Sexual abuse"" includes only violent sex offenses; ""Fraud"" excludes tax fraud; ""Larceny"" excludes transportation of stolen property;",,,,,,,,,,,,,
"""Tax law violations"" includes tax fraud; and ""Misdemeanors"" includes misdemeanors, petty offenses, and unknown offense levels.",,,,,,,,,,,,,
