Bureau of Justice Statistics,,
Filename:  cfjs03f7_05.csv,,
"Figure 7.5.  Characteristics of first releasees, October 1, 2002 - September 30, 2003",,
"Report title:  Compendium of Federal Justice Statistics, 2003  NCJ 210299",,
Data source:  Federal justice statistics database maintained by The Urban Institute,,
Author:  Urban Institute under the supervision of BJS,,
Refer questions to:  askbjs@usdoj.gov  202-307-0765,,
"Date of version:  October 23, 2005",,


"Figure 7.5.  Characteristics of first releasees, October 1, 2002 - September 30, 2003",,
,,
,Mean time served to first release (months),
Male/Female,,
    Male,34.1,mo
    Female,23.0,mo
Race,,,
    White,28.8,mo,
    Black,45.5,mo,
    Native American,35.3,mo,
    Asian/Pacific Islander,29.3,mo,
Ethnicity,,,
    Hispanic,27.9,mo,
    Non-Hispanic,37.3,mo,
Age,,,
    18 or younger,25.2,mo,
    19-30,32.7,mo,
    Over 30,33.1,mo,
Citizenship,,,
    U.S. citizen,37.4,mo,
    Not U.S. citizen,27.7,mo,
,,,
Note:  Age reflects the age at which the offender entered Federal prison.,
,
,
,
,
,
,
,
,
,
,
,
,
,
,
,
