Bureau of Justice Statistics,,,,,,,,,,,,
Filename:  cfjs037_01.csv,,,,,,,,,,,,
"Table 7.1.  Federal offenders under supervision, by offense, September 30, 2003",,,,,,,,,,,,
"Report title:  Compendium of Federal Justice Statistics, 2003  NCJ 210299",,,,,,,,,,,,
Data source:  Federal justice statistics database maintained by The Urban Institute,,,,,,,,,,,,
Author:  Urban Institute under the supervision of BJS,,,,,,,,,,,,
Refer questions to:  askbjs@usdoj.gov  202-307-0765,,,,,,,,,,,,
"Date of version:  October 23, 2005",,,,,,,,,,,,


"Table 7.1.  Federal offenders under supervision, by offense, September 30, 2003",,,,,,,,,,,,

,,,,Type of supervision,,,,,,,,
,Total offenders under supervision,,, Probation,,,Supervised release,,,Parole,,
Most serious offense of conviction/a,Number,Percent,,Number,Percent,,Number,Percent,,Number,Percent,
          All offenses/b,"108,976",100,%,"29,971",100,%,"75,766",100,%,"3,239",100,%
Felonies/c,"99,172",91.2,%,"20,774",69.6,%,"75,168",99.3,%,"3,230",99.9,%
    Violent offenses,"6,328",5.8,%,428,1.4,%,"4,683",6.2,%,"1,217",37.6,%
       Murder/d,422,0.4,%,19,0.1,%,204,0.3,%,199,6.2,%
       Negligent manslaughter,6,--,%,0,0,%,5,--,%,1,--,%
       Assault,651,0.6,%,102,0.3,%,462,0.6,%,87,2.7,%
       Robbery,"4,515",4.1,%,202,0.7,%,"3,506",4.6,%,807,25,%
       Sexual abuse/d,486,0.4,%,91,0.3,%,356,0.5,%,39,1.2,%
       Kidnaping,199,0.2,%,8,--,%,107,0.1,%,84,2.6,%
       Threats against the President,49,--,%,6,--,%,43,0.1,%,0,0,%
    Property offenses,"29,011",26.7,%,"11,386",38.1,%,"17,366",22.9,%,259,8,%
       Fraudulent,"24,300",22.3,%,"9,255",31,%,"14,926",19.7,%,119,3.7,%
          Embezzlement,"2,903",2.7,%,917,3.1,%,"1,979",2.6,%,7,0.2,%
          Fraud/d,"18,616",17.1,%,"7,117",23.8,%,"11,399",15.1,%,100,3.1,%
          Forgery,411,0.4,%,202,0.7,%,200,0.3,%,9,--,%
          Counterfeiting,"2,370",2.2,%,"1,019",3.4,%,"1,348",1.8,%,3,--,%
       Other,"4,711",4.3,%,"2,131",7.1,%,"2,440",3.2,%,140,4.3,%
          Burglary,232,0.2,%,36,0.1,%,132,0.2,%,64,2,%
          Larceny/d,"3,313",3,%,"1,775",5.9,%,"1,499",2,%,39,1.2,%
          Motor vehicle theft,431,0.4,%,93,0.3,%,326,0.4,%,12,0.4,%
          Arson and explosives,320,0.3,%,63,0.2,%,242,0.3,%,15,0.5,%
          Transportation of stolen property,341,0.3,%,129,0.4,%,206,0.3,%,6,--,%
          Other property offenses/d,74,0.1,%,35,0.1,%,35,0,%,4,--,%
    Drug offenses,"45,981",42.3,%,"3,714",12.4,%,"40,934",54.1,%,"1,333",41.2,%
       Trafficking,"41,380",38,%,"3,370",11.3,%,"36,821",48.6,%,"1,189",36.8,%
       Other drug offenses,"4,601",4.2,%,344,1.2,%,"4,113",5.4,%,144,4.5,%
    Public-order offenses,"8,838",8.1,%,"3,372",11.3,%,"5,211",6.9,%,255,7.9,%
       Regulatory,"2,484",2.3,%,"1,316",4.4,%,"1,144",1.5,%,24,0.7,%
          Agriculture,4,--,%,1,--,%,3,--,%,0,0,%
          Antitrust,27,--,%,17,0.1,%,10,--,%,0,0,%
          Food and drug,94,0.1,%,70,0.2,%,24,--,%,0,0,%
          Transportation,97,0.1,%,53,0.2,%,40,0.1,%,4,--,%
          Civil rights,139,0.1,%,18,0.1,%,118,0.2,%,3,--,%
          Communications,126,0.1,%,88,0.3,%,38,0.1,%,0,0,%
          Custom laws,125,0.1,%,44,0.1,%,80,0.1,%,1,--,%
          Postal laws,139,0.1,%,82,0.3,%,55,0.1,%,2,--,%
          Other regulatory offenses,"1,733",1.6,%,943,3.2,%,776,1,%,14,0.4,%
       Other public-order,"6,354",5.8,%,"2,056",6.9,%,"4,067",5.4,%,231,7.1,%
          Tax law violations/d,"1,161",1.1,%,599,2,%,557,0.7,%,5,--,%
          Bribery,350,0.3,%,185,0.6,%,162,0.2,%,3,--,%
"          Perjury, contempt and intimidation",328,0.3,%,127,0.4,%,192,0.3,%,9,--,%
          National defense,46,--,%,9,--,%,21,--,%,16,0.5,%
          Escape,257,0.2,%,50,0.2,%,184,0.2,%,23,0.7,%
          Racketeering and extortion,"2,261",2.1,%,444,1.5,%,"1,705",2.3,%,112,3.5,%
          Gambling,149,0.1,%,73,0.2,%,76,0.1,%,0,0,%
          Nonviolent sex offenses,"1,083",1,%,204,0.7,%,836,1.1,%,43,1.3,%
          Obscene material/d,86,0.1,%,28,0.1,%,58,0.1,%,0,0,%
          Wildlife,69,0.1,%,43,0.1,%,26,--,%,0,0,%
          Environmental,36,--,%,24,0.1,%,12,--,%,0,0,%
          All other felonies,528,0.5,%,270,0.9,%,238,0.3,%,20,0.6,%
    Weapon offenses,"6,648",6.1,%,"1,014",3.4,%,"5,476",7.2,%,158,4.9,%
    Immigration offenses,"2,180",2,%,746,2.5,%,"1,431",1.9,%,3,--,%
Misdemeanors/d,"9,804",9,%,"9,197",30.8,%,598,0.8,%,9,--,%
    Fraudulent property offenses,"1,066",1,%,997,3.3,%,69,0.1,%,0,0,%
    Larceny,"1,115",1,%,"1,031",3.5,%,83,0.1,%,1,--,%
    Drug possession/d,"1,845",1.7,%,"1,677",5.6,%,164,0.2,%,4,--,%
    Immigration misdemeanors,929,0.9,%,916,3.1,%,12,--,%,1,--,%
    Traffic offenses,"2,113",1.9,%,"2,043",6.8,%,70,0.1,%,0,0,%
    Other misdemeanors,"2,736",2.5,%,"2,533",8.5,%,200,0.3,%,3,--,%
Missing/indeterminable offense,,,,,,,,,,,,

--Less than .05%,,,,,,,,,,,,
"a/See Chapter notes, item 1, p. 111, and ""Offense classifications"" in Methodology, p. 113.",,,,,,,,,,,,
"b/Total includes offenders whose offense category could not be determined; see Chapter notes, item 2, p. 111.",,,,,,,,,,,,
"c/There are 186 felony offenders for whom an offense category was unknown or indeterminable. These include 114 offenders under probation, 67 under supervised release, and 5 under parole.",,,,,,,,,,,,
"d/In this table, ""Murder"" includes nonnegligent manslaughter; ""Sexual abuse"" includes only violent sex offenses; ""Fraud"" excludes tax fraud; ""Larceny"" excludes transportation of stolen property; ""Other property offenses"" excludes fraudulent property offenses, and includes destruction of property and trespassing;"
"""Tax law violations"" includes tax fraud; ""Obscene material"" denotes the mail or transport thereof; and ""All other offenses"" includes offenses with unclassifiable offense type;"
"""Misdemeanors"" includes misdemeanors, petty offenses, and unknown offense levels; and ""Drug possession"" also includes other drug misdemeanors."
