"Bureau of Justice Statistics",,,,,,,,,,,,
"filename: ctcvlcac.csv",,,,,,,,,,,,
"Appendix  C.  Trial cases and plaintiff winners by sampled counties, 1996",,,,,,,,,,,,
"title: Civil Trial Cases and Verdicts in Large Counties, 1996, NCJ 173426",,,,,,,,,,,,
"data source: Civil Justice Survey of State Courts, 1996",,,,,,,,,,,,
"author: Carol J. DeFrances & Marika Litras",,,,,,,,,,,,
"refer question: askbjs@ojp.usdoj.gov  (202) 307-0765",,,,,,,,,,,,
"date of version: 09/01/1999",,,,,,,,,,,,
,,,,,,,,,,,,
,,,,,,,,,,,,
"Appendix  C.  Trial cases and plaintiff winners by sampled counties, 1996",,,,,,,,,,,,
,,,,,,,,,,,,
,"All cases",,,"Jury trials",,,"Bench trials",,,"Other trials(a)",,
,,"Percent",,,"Percent",,,"Percent",,,"Percent",
,,"plaintiff",,,"plaintiff",,,"plaintiff",,,"plaintiff",
"County","Number","winners",,"Number","winners",,"Number","winners",,"Number","winners",
,,,,,,,,,,,,
"Maricopa, AZ",372,56.1,"%",337,56.7,"%",26,61.5,"%",9,14.3,"%"
"Pima, AZ",118,65.3,,79,62.0,,39,71.8,,"--","--",
"Alameda, CA",83,47.6,,70,42.9,,10,77.8,,3,66.7,
"Contra Costa, CA",78,44.9,,55,45.5,,22,45.5,,1,"--",
"Fresno, CA",76,48.7,,48,45.8,,27,51.9,,1,100.0,
"Los Angeles, CA(b)",500,51.9,,249,49.8,,240,58.9,,11,18.2,
"Orange, CA",463,50.1,,298,42.5,,162,59.9,,3,100.0,
"San Bernardino, CA",65,40.0,,49,34.7,,13,61.5,,3,33.3,
"San Francisco, CA",166,52.4,,125,51.2,,33,63.6,,8,25.0,
"Santa Clara, CA",112,48.2,,73,43.8,,38,57.9,,1,"--",
"Ventura, CA",145,41.4,,99,39.4,,46,45.7,,"--","--",
"Fairfield, CT(c)",50,68.0,,42,69.0,,7,71.4,,1,"--",
"Hartford, CT(d)",126,58.7,,42,47.6,,83,63.9,,1,100.0,
"Dade, FL",426,61.5,,375,63.6,,29,48.3,,22,58.3,
"Orange, FL",94,67.0,,73,67.1,,19,73.7,,2,"--",
"Palm Beach, FL",285,71.9,,201,65.7,,81,87.7,,3,66.7,
"Fulton, GA",142,35.9,,81,55.6,,57,10.5,,4,"--",
"Honolulu, HI",50,64.0,,25,56.0,,21,81.0,,4,25.0,
"Cook, IL",564,46.3,,483,44.3,,56,64.3,,25,20.0,
"Dupage, IL",148,62.2,,102,60.8,,46,65.2,,"--","--",
"Marion, IN",147,70.3,,44,56.8,,102,78.8,,1,100.0,
"Jefferson, KY",195,58.3,,138,59.3,,44,63.6,,13,30.8,
"Essex, MA",66,40.9,,57,40.4,,8,37.5,,1,100.0,
"Middlesex, MA",129,28.7,,119,28.6,,5,60.0,,5,"--",
"Norfolk, MA",69,21.7,,64,23.4,,3,"--",,2,"--",
"Suffolk, MA",91,36.3,,77,31.2,,14,64.3,,"--","--",
"Worcester, MA",59,27.1,,50,22.0,,9,55.6,,"--","--",
"Oakland, MI",199,41.7,,146,38.4,,45,55.6,,8,25.0,
"Wayne, MI",255,47.5,,218,46.8,,23,56.5,,14,42.9,
"Hennepin, MN",274,47.1,,216,42.6,,58,63.8,,"--","--",
"St. Louis, MO",196,46.4,,148,41.9,,38,73.7,,10,10.0,
"Bergen, NJ",219,53.0,,147,51.7,,68,58.8,,4,"--",
"Essex, NJ",140,34.1,,120,34.2,,12,33.3,,8,33.3,
"Middlesex, NJ",213,36.6,,191,31.9,,21,81.0,,1,"--",
"New York, NY",399,55.9,,306,51.6,,74,71.6,,19,63.2,
"Cuyahoga, OH",323,52.4,,241,45.8,,80,68.8,,1,"--",
"Franklin, OH",120,55.0,,88,56.8,,26,61.5,,6,"--",
"Allegheny, PA",407,54.8,,201,40.8,,202,69.3,,4,25.0,
"Philadelphia, PA",401,50.5,,364,50.7,,36,50.0,,1,"--",
"Bexar, TX",331,32.9,,143,36.4,,175,23.2,,13,46.2,
"Dallas, TX",340,42.9,,298,43.0,,33,51.5,,9,11.1,
"Harris, TX",1528,48.3,,580,34.9,,914,66.9,,34,"--",
"Fairfax, VA",271,54.6,,198,49.0,,66,74.2,,7,28.6,
"King, WA",336,51.8,,212,50.9,,116,54.3,,8,37.5,
"Milwaukee, WI",242,61.7,,152,57.9,,88,68.6,,2,50.0,
,,,,,,,,,,,,
"--No cases recorded.",,,,,,,,,,,,
"(a)Includes cases with a directed verdict, judgments notwithstanding the",,,,,,,,,,,,
"verdict, and jury trials for defaulted defendants.",,,,,,,,,,,,
"(b)Includes only the central district of the Los Angeles County Superior Court.",,,,,,,,,,,,
"Los Angeles suburban courts are not included.",,,,,,,,,,,,
"(c)Includes only cases for Fairfield judicial district.",,,,,,,,,,,,
"(d)Includes only cases for Hartford-New Britain judicial district.",,,,,,,,,,,,
