"Bureau of Justice Statistics",,,,,,,,,,,,,,,,,,,
"filename: ctcvlc12.csv",,,,,,,,,,,,,,,,,,,
"Table 12.  Case processing time from filing of complaint to final verdict or judgment in State courts in the Nation's 75 largest counties, 1996",,,,,,,,,,,,,,,,,,,
"title: Civil Trial Cases and Verdicts in Large Counties, 1996, NCJ 173426",,,,,,,,,,,,,,,,,,,
"data source: Civil Justice Survey of State Courts, 1996",,,,,,,,,,,,,,,,,,,
"author: Carol J. DeFrances & Marika Litras",,,,,,,,,,,,,,,,,,,
"refer question: askbjs@ojp.usdoj.gov  (202) 307-0765",,,,,,,,,,,,,,,,,,,
"date of version: 09/01/1999",,,,,,,,,,,,,,,,,,,
,,,,,,,,,,,,,,,,,,,
,,,,,,,,,,,,,,,,,,,
"Table 12.  Case processing time from filing of complaint to final verdict or judgment in State courts in the Nation's 75 largest counties, 1996",,,,,,,,,,,,,,,,,,,
,,,,,,,,,,,,,,,,,,,
,"Filing of complaint to jury final disposition",,,,,,,,,"Filing of complaint to bench final disposition",,,,,,,,,
,,,,,,,,,,,,,,,,,,,
,,,,,,"Percent of jury trial cases",,,,,,,,,,"Percent of bench trial cases",,,
,"Number of",,,,,"disposed of in--",,,,"Number",,,,,,"disposed of in--",,,
,"jury trial cases","Number of months",,,,"Less than",,"4 years",,"of bench",,"Number of months",,,,"Less than",,"4 years",
"Case type",,"Median ",,"Mean ",,"2 years",,"or more",,"trial case",,"Median ",,"Mean",,"2 years",,"or more",
,,,,,,,,,,,,,,,,,,,
"All trial cases(a)",9315,22.1,,27.0,,55.6,"%",11.8,"%",3705,,17.8,,21.7,,69.9,"%",6.2,"%"
,,,,,,,,,,,,,,,,,,,
"Tort cases",7694,22.0,,27.1,,56.0,"%",12.3,"%",1112,,19.1,,23.6,,64.6,"%",9.0,"%"
,,,,,,,,,,,,,,,,,,,
"Automobile",3962,19.2,,23.0,,66.7,,6.8,,428,,17.2,,21.0,,71.4,,7.7,
"Premises liability",1582,24.4,,29.2,,49.1,,14.0,,324,,21.4,,26.4,,54.2,,11.4,
"Product liability",,,,,,,,,,,,,,,,,,,
"Asbestos",152,50.1,,50.8,,21.5,,57.0,,"--",,"--",,"--",,"--",,"--",
"Breast implant",4,38.7,,28.8,,28.9,,"--",,"--",,"--",,"--",,"--",,"--",
"Other",158,29.7,,35.5,,30.4,,29.8,,28,,21.8,,23.9,,49.1,,"--",
"Intentional tort",293,22.8,,25.9,,52.4,,7.2,,99,,16.7,,22.4,,72.1,,8.7,
"Medical malpractice",953,29.0,,34.7,,36.9,,21.6,,47,,18.8,,23.8,,71.8,,8.3,
"Professional malpractice",88,25.6,,32.9,,45.0,,23.9,,58,,20.6,,23.2,,75.1,,3.4,
"Slander/libel",66,23.4,,29.2,,56.2,,10.1,,20,,18.9,,19.7,,94.9,,5.1,
"Other negligence",435,23.8,,29.4,,51.5,,15.4,,107,,23.7,,28.5,,51.1,,13.6,
,,,,,,,,,,,,,,,,,,,
"Contract cases",1531,22.6,,26.2,,54.2,"%",9.4,"%",2350,,16.8,,20.7,,72.0,"%",4.6,"%"
,,,,,,,,,,,,,,,,,,,
"Fraud",253,23.7,,27.9,,50.9,,11.4,,313,,17.7,,22.0,,69.5,,5.7,
"Seller plaintiff",310,21.8,,25.5,,55.3,,7.9,,937,,16.3,,19.7,,73.5,,2.7,
"Buyer plaintiff",341,22.0,,25.0,,54.8,,8.5,,297,,17.8,,21.2,,73.1,,5.4,
"Mortgage foreclosure",7,27.4,,23.8,,38.5,,"--",,39,,16.5,,21.7,,73.5,,11.0,
"Employment discrimination",192,23.6,,27.9,,51.6,,11.8,,81,,17.3,,22.3,,68.9,,4.8,
"Other employment dispute",129,22.0,,26.6,,54.0,,10.5,,127,,20.4,,21.5,,63.8,,4.0,
"Rental/lease",111,18.9,,22.4,,68.9,,6.8,,298,,15.1,,19.4,,75.2,,4.7,
"Tortious interference",107,23.2,,27.2,,54.3,,8.2,,94,,15.9,,22.9,,72.9,,7.5,
"Other contract",81,24.0,,28.7,,45.0,,10.5,,164,,16.7,,22.7,,68.0,,9.8,
,,,,,,,,,,,,,,,,,,,
"Real property cases",90,25.6,,28.8,,46.6,"%",10.3,"%",244,,18.3,,23.3,,69.1,"%",9.2,"%"
"Eminent domain",59,25.8,,29.6,,43.0,,10.8,,39,,8.3,,14.9,,79.3,,4.9,
"Other real property(b)",30,23.3,,27.1,,53.7,,9.5,,205,,18.6,,24.9,,67.1,,10.0,
,,,,,,,,,,,,,,,,,,,
"Note:  Data for filing time to final disposition, including answer filed and trial",,,,,,,,,,,,,,,,,,,
"start date, and case type were available, for 87.0% of jury cases and 79.4%",,,,,,,,,,,,,,,,,,,
"of bench cases.",,,,,,,,,,,,,,,,,,,
"Detail may not sum to total because of rounding.",,,,,,,,,,,,,,,,,,,
"--No cases recorded.",,,,,,,,,,,,,,,,,,,
"(a) Not included are trial cases disposed by directed verdicts, judgment",,,,,,,,,,,,,,,,,,,
"notwithstanding the verdict, and jury trials for defaulted defendants.",,,,,,,,,,,,,,,,,,,
"(b)Includes title disputes, bounding disputes, and other real property",,,,,,,,,,,,,,,,,,,
"cases.",,,,,,,,,,,,,,,,,,,
