"Bureau of Justice Statistics",,,,,,,,,,,
"filename: ctcvlc08.csv",,,,,,,,,,,
"Table 8. Punitive damage awards in civil trial cases for plaintiff winners in the Nation's 75 largest counties, 1996 ",,,,,,,,,,,
"title: Civil Trial Cases and Verdicts in Large Counties, 1996,  NCJ 173426",,,,,,,,,,,
"data source: Civil Justice Survey of State Courts, 1996",,,,,,,,,,,
"author: Carol J. DeFrances & Marika Litras",,,,,,,,,,,
"refer question: askbjs@ojp.usdoj.gov  (202) 307-0765",,,,,,,,,,,
"date of version: 09/01/1999",,,,,,,,,,,
,,,,,,,,,,,
,,,,,,,,,,,
"Table 8. Punitive damage awards in civil trial cases for plaintiff winners in the Nation's 75 largest counties, 1996 ",,,,,,,,,,,
,,,,,,,,,,,
,"Trial cases with plaintiff winners",,,,,,,,,,
,,,,,,,,,,,
,"Number","Percent",,,,,,,,,
,"awarded","receiving",,,"Amount of punitive",,,,,,
,"punitive","punitive",,,"damages awarded",,,"Percent of cases with",,,
,"damages(a)","damages",,,"(in thousands)",,,"punitive damages--",,,
"Case type",,,,,"Total",,"Median","Over $250,000",,"$1 million or more",
,,,,,,,,,,,
"All trial cases",360,4.5,"%","$",637576,"$",40,21.2,"%",7.2,"%"
,,,,,,,,,,,
"Tort cases",162,3.3,"%","$",462650,"$",38,20.7,"%",9.8,"%"
,,,,,,,,,,,
"Automobile",20,0.7,,,2347,,25,24.7,,"--",
"Premises liability",40,4.5,,,13501,,75,14.1,,14.1,
"Product liability",,,,,,,,,,,
"Asbestos",3,3.2,,,3377,,1100,100.0,,100.0,
"Breast implant","--","--",,,"--",,"--","--",,"--",
"Other",11,12.8,,,4407,,462,81.3,,"--",
"Intentional tort",67,24.0,,,7035,,16,7.7,,1.5,
"Medical malpractice",3,1.1,,,7675,,2500,100.0,,100.0,
"Professional malpractice",4,4.9,,,227,,75,"--",,"--",
"Slander/libel",6,17.0,,,89,,15,"--",,"--",
"Other negligence",8,2.4,,,423993,,148,38.6,,38.6,
,,,,,,,,,,,
"Contract cases",189,6.3,"%","$",173581,"$",40,21.8,"%",5.3,"%"
,,,,,,,,,,,
"Fraud",59,15.4,,,75977,,39,10.6,,4.9,
"Seller plaintiff",16,1.3,,,38992,,27,26.0,,7.8,
"Buyer plaintiff",41,8.8,,,31398,,30,25.4,,4.2,
"Mortgage foreclosure","--","--",,,"--",,"--","--",,"--",
"Employment discrimination",25,19.4,,,11619,,205,49.4,,8.0,
"Other employment dispute",19,12.5,,,3588,,88,25.5,,"--",
"Rental/lease",5,1.5,,,157,,38,"--",,"--",
"Tortious interference",16,11.7,,,10156,,54,8.0,,8.0,
"Other contract",9,5.9,,,1693,,15,22.5,,11.2,
,,,,,,,,,,,
"Real property cases(b)",9,7.9,"%","$",1345,"$",1,18.3,"%","--",
,,,,,,,,,,,
"Note:  Data on case type and amount of punitive damages awarded were",,,,,,,,,,,
"available for 360 of the 364 plaintiff winner trial cases awarded punitive damages.",,,,,,,,,,,
"Award data were rounded to the nearest $1,000.  ",,,,,,,,,,,
"Detail may not sum to total because of rounding.",,,,,,,,,,,
"In this study, cases are classified by the primary case type, though many",,,,,,,,,,,
"cases involve multiple claims (that is, contract and tort).  Under laws in almost",,,,,,,,,,,
"all States, only tort claims qualify for punitive damages.  If a contract or real ",,,,,,,,,,,
"property case involved punitive damages, it involved a related tort claim.",,,,,,,,,,,
"--No cases recorded.",,,,,,,,,,,
"(a)The number of trial cases includes jury cases, bench cases, cases with a directed",,,,,,,,,,,
"verdict, those with a judgment not withstanding the verdict, and those with a jury trial",,,,,,,,,,,
"for defaulted defendants.",,,,,,,,,,,
"(b)Excludes eminent domain cases.",,,,,,,,,,,
