"Bureau of Justice Statistics",,,,,,,,,,,,
"filename: ctcvlcad.csv",,,,,,,,,,,,
"Appendix D.  Final and punitive damage awards for plaintiff winners in jury trials, by sampled counties, 1996",,,,,,,,,,,,
"title: Civil Trial Cases and Verdicts in Large Counties, 1996,  NCJ 173426",,,,,,,,,,,,
"data source: Civil Justice Survey of State Courts, 1996",,,,,,,,,,,,
"author: Carol J. DeFrances & Marika Litras",,,,,,,,,,,,
"refer question: askbjs@ojp.usdoj.gov  (202) 307-0765",,,,,,,,,,,,
"date of version: 09/01/1999",,,,,,,,,,,,
,,,,,,,,,,,,
,,,,,,,,,,,,
"Appendix D.  Final and punitive damage awards for plaintiff winners in jury trials, by sampled counties, 1996",,,,,,,,,,,,
,,,,,,,,,,,,
,"Final amount awarded to plaintiff winners",,,,,,"Punitive damages awarded to plaintiff winners",,,,,
,,,,,,,,,,,,
,"Total","Number",,,,,"Number",,,,,
,"number of","of plaintiff",,"Total",,"Median","of plaintiff",,"Total",,"Median",
"County","jury trials","winners",,"award",,"award","winners",,"award",,"award",
,,,,,,,,,,,,
"Maricopa, AZ",337,189,"$",66716000,"$",28000,9,"$",1640000,"$",50000,
"Pima, AZ",79,48,,16499000,,27000,2,,145000,,73000,
"Alameda, CA",70,30,,11336000,,59000,"--",,"--",,"--",
"Contra Costa, CA",55,23,,10385000,,48000,2,,36000,,18000,
"Fresno, CA",48,19,,2478000,,50000,2,,303000,,152000,
"Los Angeles, CA(a)",249,123,,90642000,,87000,17,,13188000,,65000,
"Orange, CA",298,124,,144885000,,49000,12,,23219000,,250000,
"San Bernardino, CA",49,17,,10839000,,91000,"--",,"--",,"--",
"San Francisco, CA",125,64,,27095000,,98000,3,,3527000,,500000,
"Santa Jose, CA",73,30,,6836000,,64000,1,,2500,,"2,500","*"
"Ventura, CA",99,39,,6457000,,21000,3,,718000,,10000,
"Fairfield, CT(b)",42,29,,3221000,,24000,"--",,"--",,"--",
"Hartford, CT(c)",42,19,,736000,,27000,"--",,"--",,"--",
"Dade, FL",375,239,,130575000,,44000,13,,1031000,,57000,
"Orange, FL",73,48,,13799000,,29000,"--",,"--",,"--",
"Palm Beach, FL",201,132,,21712000,,31000,2,,450000,,225000,
"Fulton, GA",81,45,,11030000,,27000,4,,1093000,,170000,
"Honolulu, HI(d)",25,13,,5333000,,26000,2,,800000,,400000,
"Cook, IL",483,228,,195842000,,81000,4,,1305000,,363000,
"Dupage, IL",102,62,,4195000,,14000,4,,30000,,8000,
"Marion, IN",44,25,,2099000,,23000,"--",,"--",,"--",
"Jefferson, KY",138,78,,11210000,,14000,7,,592000,,30000,
"Essex, MA",57,20,,1624000,,40000,"--",,"--",,"--",
"Middlesex, MA",119,32,,14481000,,91000,2,,163000,,81000,
"Norfolk, MA",64,15,,3033000,,17000,"--",,"--",,"--",
"Suffolk, MA",77,24,,18695000,,33000,1,,175000,,"175,000","*"
"Worcester, MA",50,10,,1227000,,27000,"--",,"--",,"--",
"Oakland, MI",146,55,,20455000,,40000,"--",,"--",,"--",
"Wayne, MI",218,93,,52872000,,76000,1,,1000,,1000,"*"
"Hennepin, MN",216,91,,30051000,,28000,2,,2517000,,1258000,
"St. Louis, MO",148,62,,5020000,,15000,3,,237000,,36000,
"Bergen, NJ",147,74,,14235000,,46000,5,,756000,,156000,
"Essex, NJ",120,40,,10113000,,37000,"--",,"--",,"--",
"Middlesex, NJ",191,61,,9035000,,45000,2,,23000,,12000,
"New York, NY",306,158,,206822000,,212000,3,,30475000,,400000,
"Cuyahoga, OH",242,106,,11504000,,23000,4,,237000,,50000,
"Franklin, OH",88,50,,4689000,,12000,3,,575000,,75000,
"Allegheny, PA",201,79,,22675000,,34000,2,,412000,,206000,
"Philadelphia, PA",364,177,,97370000,,150000,3,,615000,,215000,
"Bexar, TX",143,52,,4611000,,24000,2,,68000,,34000,
"Dallas, TX",298,126,,67060000,,25000,5,,7636000,,31000,
"Harris, TX",580,187,,567204000,,29000,12,,434715000,,1800000,
"Fairfax, VA",198,95,,10892000,,17000,2,,3000,,1500,
"King, WA",212,108,,8777000,,15000,3,,313000,,10000,
"Milwaukee, WI",152,82,,8857000,,15000,1,,200,,200,"*"
,,,,,,,,,,,,
"Note:  Excludes cases with missing final award amounts.",,,,,,,,,,,,
"Final amount awarded includes both compensatory (reduced for contributory",,,,,,,,,,,,
"negligence) and punitive damage awards.",,,,,,,,,,,,
"Award data were rounded to the nearest $1,000.",,,,,,,,,,,,
"Eminent domain cases are not calculated among final awards because there is",,,,,,,,,,,,
"always an award; the issue is how much the defendant (whose property is being",,,,,,,,,,,,
"condemned) will receive for the property.",,,,,,,,,,,,
"--No cases recorded.",,,,,,,,,,,,
"*Not a median but the actual amount awarded.",,,,,,,,,,,,
"(a)Includes only the central district of the Los Angeles County Superior Court.",,,,,,,,,,,,
"Los Angeles suburban courts are not included.",,,,,,,,,,,,
"(b)Includes only cases for Fairfield judicial district.",,,,,,,,,,,,
"(c)Includes only cases for Hartford-New Britain judicial district.",,,,,,,,,,,,
"(d)In one jury trial case, the plaintiff winner was awarded over $40 billion.  This case",,,,,,,,,,,,
"was excluded from the above analysis.",,,,,,,,,,,,
