"Bureau of Justice Statistics",,,,
"filename: ctcvlcf2.csv",,,,
"figure 2: During 1996, 70% of bench cases and 56% of jury cases were disposed of within 2 years of being filed",,,,
"title: Civil Trial Cases and Verdicts in Large Counties, 1996,  NCJ 173426",,,,
"data source: Civil Justice Survey of State Courts, 1996",,,,
"author: Carol J. DeFrances & Marika Litras",,,,
"refer question: askbjs@ojp.usdoj.gov  (202) 307-0765",,,,
"date of version: 09/01/1999",,,,
,,,,
,,,,
,"Jury",,"Bench",
,0.0,"%",0.0,"%"
"Less than 1 year",13.6,,24.2,
"Less than 2 years",55.6,,69.6,
"Less than 3 years",78.1,,87.2,
"Less than 4 years",88.2,,93.8,
"Less than 5 years",95.0,,96.8,
"More than 5 years",100.0,,100.0,
