"Bureau of Justice Statistics",,,,,,,
"filename:  cpa97p24.csv",,,,,,,
"title:   Crimes Against Persons Age 65 or Older, 1992-1997, NCJ 176352",,,,,,,
"data source:  BJS, National Crime Victimization Survey",,,,,,,
"author:  Patsy Klaus",,,,,,,
"refer questions to:  askbjs@ojp.usdoj.gov (202) 307-0765",,,,,,,
"date of version:  01/04/00",,,,,,,
,,,,,,,
,,,,,,,
"Table 1, p. 24",,,,,,,
,,,,,,,
"Methods of entering households in burglaries, by age of household head, 1992-1997",,,,,,,
,,,,,,,
"  Forced entry or not and how no-force entries occurred 1992-97",,,,,,,
,,,,,,,
,,,,"Age 65",,"Age 12",
,,,,"or older",,"through 64",
,,,,"Number","Percent","Number","Percent"
"Forced entry",,,,,,,
"   Total",,,,3742712,100.0,28217961,100.0
"   Yes",,,,1706103,45.6,13732660,48.7
"    No",,,,2036609,54.4,14485301,51.3
"How did offender get in?",,,,,,,
"    Total no-force entries",,,,2036608,100.0,14485302,100.0
"    Was let in",,,,98130,4.8,648051,4.5
"     Offender pushed way in",,,,8310,0.4,159312,1.1
"     Through open door",,,,446734,21.9,3013466,20.8
"     Through unlocked door or window",,,,736355,36.2,5176342,35.7
"     Through locked door or window--used key",,,,146103,7.2,1110660,7.7
"     Through locked door or window--picked lock",,,,67941,3.3,574412,4.0
"     Locked door or window--dont know how",,,,78769,3.9,543997,3.8
"     Don't know",,,,378094,18.6,2605829,18.0
"     Other",,,,53331,2.6,401571,2.8
"      Missing data",,,,22841,1.1,251662,1.7
,,,,,,,
"graph 1, p. 24",,,,,,,
,,,,,,,
"Items taken in property crimes from elderly households, 1992-1997",,,,,,,
,,,,,,,
,,,,,,,
"Property crimes total",,,,,,,
"Items taken 1992-97",,,,,,,
"Items",,,"Ages",,,,
"Taken:",,,"65 or older",,,,
,,,,,,,
"Total percent*",,,119.1,,,,
"Cash, wallet, credit cards",,,21.1,,,,
"MV parts, gasoline",,,17.9,,,,
"Tool, machines, office supplies",,,14.0,,,,
"Other personal items",,,10.2,,,,
"Silver, jewelry, collectibles",,,7.6,,,,
"Clothing, furs, luggage",,,7.0,,,,
"Portable electronics",,,6.6,,,,
"TV,VCR, Stereo, etc",,,3.7,,,,
"Household furniture",,,3.5,,,,
"Motor vehicles",,,3.4,,,,
"Bicycle or Parts",,,3.0,,,,
"Toys, sports, recreation items",,,2.5,,,,
"Firearms",,,1.4,,,,
"Other",,,17.4,,,,
,,,,,,,
"  *Percentages equal to more than 100%, since more than one",,,,,,,
"    item was taken in some property victimizations",,,,,,,
,,,,,,,
"graph 2, p. 24",,,,,,,
,,,,,,,
"Economic loss from completed property crimes, by age of household head, 1992-1997",,,,,,,
,,,,,,,
,,,,,,,
,,"Age of household head, 1992-1997",,,,,
,,,"Age 65+","Age 12-64",,,
"Total",,,100.0,100.0,,,
"No loss",,,1.7,1.2,,,
"Less than $100",,,25.1,19.0,,,
" $100 to $499",,,27.0,26.4,,,
" $500 or more",,,34.9,47.7,,,
"Don't know total",,,11.3,5.6,,,
"    Don't know",,,2.7,1.9,,,
"    Missing data",,,8.6,3.7,,,
,,,,,,,
"No property loss occurred",,,6.1,9.5,,,
"  (not included in total)",,,,,,,
