Bureau of Justice Statistics,,,,,
filename: cpa97p21.csv,,,,,
"title:   Crimes Against Persons Age 65 or Older, 1992-1997, NCJ 176352",,,,,
"data source: BJS, National Crime Victimization Survey",,,,,
author:  Patsy Klaus,,,,,
refer questions to:  askbjs@ojp.usdoj.gov (202) 307-0765,,,,,
date of version:  01/04/00,,,,,


"Table 1, p. 21",,,,,

"Perceived characteristics of offenders by age of victims, 1992-1997",,,,,

Non-lethal violence,,,,,
,,,,,Total
,,Age 65+,,,Age 12-64
,,Numbers,,Percent,Numbers,,Percent
Offenders,,991951,,100,61955692,,100

Gender,,,,,,,
Male,,756413,,76.3,49665726,,80.2
Female,,131286,,13.2,8893689,,14.4
Both genders,,41899,,4.2,1885240,,3
Unknown total,,62353,,6.3,1511037,,2.4
    Unknown gender,,26732,*,2.7,456946,,0.7
    Unknown number,,26712,*,2.7,564468,,0.9
     Residue,,8909,*,0.9,489623,,0.8

Race,,991952,,100,61955691,,100
White,,481552,,48.5,35814201,,57.8
Black,,314994,,31.8,16256034,,26.2
Other,,76490,,7.7,5656997,,9.1
Mixed,,96447,,9.7,3236227,,5.2
Missing data,,22468,,2.3,992233,,1.6

"Table 2, p. 21",,,,,,,

"Race of victim by race of offender for nonlethal violence, 1992-1997",,,,,,,

,,         Age of victim,,,         Age of victim,,
,,Age 65 or older,,Age 12-64,Age 65 or older,,Age 12-64
,,Numbers,,Numbers,Percent,,Percent
"Total, all victims and offenders",,991953,,61955691,100,,100

White victim(s) total,,817309,,50963387,82.4,,82.3
   White offender,,474460,,33858973,47.8,,54.7
    Black offender,,190980,,8989570,19.3,,14.5
    Other race offender,,55446,,4595830,5.6,,7.4
    Mixed races,,24327,*,1454576,2.5,,2.3
    Don't know race,,72096,,2064437,7.3,,3.3

Black victim(s) total,,150712,,9064026,15.2,,14.6
   White offender,,4266,*,1055613,0.4,,1.7
    Black offender,,119164,,6910406,12,,11.2
    Other race offender,,6735,*,535374,0.7,,0.9
    Mixed races,,4465,*,255205,0.5,,0.4
    Don't know race,,16082,*,307429,1.6,,0.5

Other race victim(s) total,,23932,*,1928278,2.4,,3.1
