"Bureau of Justice Statistics",,,,,,
"filename:  cpa97p16.csv",,,,,,
"title:   Crimes Against Persons Age 65 or Older, 1992-1997, NCJ 176352",,,,,,
"data source:  FBI, Uniform Crime Reports, Supplementary Homicide Reports",,,,,,
"author:  Patsy Klaus",,,,,,
"refer questions to:  askbjs@ojp.usdoj.gov (202) 307-0765",,,,,,
"date of version: 01/04/00",,,,,,
,,,,,,
"Table 1, p. 16",,,,,,
,,,,,,
"Weapon use in murder, 1992-1997",,,,,,
,,,,,,
,,"        Age of victim",,,,
,," 65 or older",,"12 through 64",,
,,"Number","Percent","Number","Percent",
"Total",,6003,100.0,117463,100.0,
"Firearm",,2169,36.1,85745,73.0,
"Knife",,1336,22.3,15527,13.2,
"Blunt object",,802,13.4,4611,3.9,
"Other or no weapon*",,1150,19.2,6955,5.9,
"Dont know",,545,9.1,4625,3.9,
,,,,,,
"Graph #1, p. 16",,,,,,
,,,,,,
"Percent of nonlethal violent victimizations in which weapons were used, 1992-1997",,,,,,
,,,,,,
,,,,,,
"Offender used weapons 1992-97",,,,,,
,,"Percent ",,,,
"Age of victim",,"Yes",,,,
"12-24",,26.3,,,,
"25-49",,27.0,,,,
"50-64",,26.7,,,,
"65 or more",,32.9,,,,
,,,,,,
"Graph #2, p. 16",,,,,,
,,,,,,
"Types of weapons used in nonlethal violence against victims age 65 or older, 1992-1997",,,,,,
,,,,,,
,,,,,,
"Type of weapons used against elderly 1992-97",,,,,,
,,,,,,
"Percent",,,,,,
,,"Percent",,"Nonfatal violence",,
"Total ",,100.0,,326461,,
"Firearm",,41.9,,136624,,
"Knife",,17.1,,55820,,
"Other",,36.7,,119731,,
"Type unknown",,4.4,"*",14286,,
,,,,,,
"Do not know if weapon was used",,,,160089,,
"Weapon was not used",,,,508403,,
,,,,,,
"  * Based upon 10 or fewer unweighted cases",,,,,,
,,,,,,
"Table 2, p. 16",,,,,,
,,,,,,
"Percent of nonlethal violence victims who resisted offenders ",,,,,,
"by age, 1992-1997",,,,,,
,,,,,,
,,,,,"Did not resist",
,,"Total","Resisted",,"or dk method",
,,"Number","Number","Percent","Number","Percent"
"All age groups",,62947642,44923033,71.4,18024609,28.6
,,,,,,
"   Ages 12  to 24",,30062766,21384944,71.1,8677822,28.9
"   Ages 25 to 49",,28557973,20760260,72.7,7797713,27.3
"   Ages 50 to 64",,3334952,2287884,68.6,1047068,31.4
"   Ages 65 or older",,991951,489945,49.4,502006,50.6
,,,,,,
"Note:  Includes ""do not know method""  in ""did not resist""  ",,,,,,
"Differs from p14b.csv, since ""do not know method"" is included in ""resisted"".",,,,,,
