"Bureau of Justice Statistics",,,
"filename:  cpa97p10.csv",,,
"title:   Crimes Against Persons Age 65 or Older, 1992-1997, NCJ 176352",,,
"data source:  FBI, Uniform Crime Reports, Supplementary Homicide Reports",,,
"author:  Patsy Klaus",,,
"refer questions to:  askbjs@ojp.usdoj.gov (202) 307-0765",,,
"date of version: 01/04/00",,,
,,,
,,,
,,,
,,,
"graph #1, p. 10",,,
,,,
"Age of murder victims, 1992-1997",,,
,,,
"Rate per 100,000 persons",,,
,,,
,,,
"Age 12-24",15.0,,
"Age 25-49",10.7,,
"Age 50-64",4.5,,
"Age 65 up",3.2,,
,,,
"graph #2, p. 10",,,
,,,
,,,
"Murder",,,
"Rate per 100,000 persons, 1992-1997",,,
,"Age of victim",,
,"65 or older","Total age 12-64",
,,,
,,,
"Gender of victim",,,
"  Female",2.4,4.3,
"  Male",4.3,17.2,
,,,
"graph #3, p. 10",,,
,,,
,"Murder rates per 100,000 persons 1992-97",,
,,"Age of victim",
,,"65 or older","Age 12-64"
,,,
"Race of victim",,,
,,,
"Black",,11.7,43.0
"White",,2.4,5.9
"Other  races",,3.0,6.9
