"Bureau of Justice Statistics",,,,,,,,
"filename:  cpa97a10.csv",,,,,,,,
"title:   Crimes Against Persons Age 65 or Older, 1992-1997, NCJ 176352",,,,,,,,
"data source:  BJS, National crime victimization survey",,,,,,,,
"author:  Patsy Klaus",,,,,,,,
"refer questions to:  askbjs@ojp.usdoj.gov (202) 307-0765",,,,,,,,
"date of version:  01/04/00",,,,,,,,
,,,,,,,,
"Appendix table 10.  Place of occurrence of violent and property crimes, by age of",,,,,,,,
"victim or household head, 1992-97",,,,,,,,
,,,,,,,,
,,,,"65 or","Victim or household head age 12-64",,,
,,,"All","older","Total","12-24","25-49","50-64"
,,,,,,,,
"Nonlethal violence",,,62947644,991952,61955692,30062765,28557974,3334953
"  In or near victims home",,,16374745,428771,15945974,5933708,9015362,996904
"  In near friends or neighbors home",,,5931504,58963,5872541,3711595,2035926,125020
"  Commercial place or parking lot",,,12994069,162799,12831270,5039284,6960862,831124
"  Open area or public transportation",,,13636230,208654,13427576,6634052,6067904,725620
"  Other",,,14011096,132765,13878331,8744126,4477920,656285
,,,,,,,,
"Motor vehicle theft",,,9987313,749554,9237759,1071746,6436771,1729242
"Near victims home",,,4494099,408153,4085946,413972,2899005,772969
"Near friends or neighbors home",,,814109,54791,759318,134870,512583,111865
"Parking lot or garage",,,3239537,195813,3043724,383168,2120931,539625
"Open area, near public transportation",,,976939,56238,920701,99566,609120,212015
"Other",,,462629,34559,428070,40170,295132,92768
,,,,,,,,
"Property theft",,,,,,,,
"Total",,,136057332,10398964,125658368,14257347,89245087,22155934
"Victims,friends,neighbors home",,,66629703,6139705,60489998,7177343,42526159,10786496
"Commercial place,parking lot",,,31705278,2252970,29452308,4049166,20150569,5252573
"School",,,17858621,396554,17462067,1194841,13815142,2452084
"Open area, public transportation",,,8473448,551558,7921890,1012807,5439973,1469110
"Other",,,11390282,1058177,10332105,823190,7313244,2195671
,,,,,,,,
"Appendix table 10.  Place of occurrence of violent and property crimes, by age of",,,,,,,,
"victim or household head, 1992-97",,,,,,,,
,,,,,,,,
,,,,"65 or","Victim or household head age 12-64",,,
,,,"All","older","Total","12-24","25-49","50-64"
,,,,,,,,
"Nonlethal violence",,,100.0,100.0,100.0,100.0,100.0,100.0
"  In or near victims home",,,26.0,43.2,25.7,19.7,31.6,29.9
"  In near friends or neighbors home",,,9.4,5.9,9.5,12.3,7.1,3.7
"  Commercial place or parking lot",,,20.6,16.4,20.7,16.8,24.4,24.9
"  Open area or public transportation",,,21.7,21.0,21.7,22.1,21.2,21.8
"  Other",,,22.3,13.4,22.4,29.1,15.7,19.7
,,,,,,,,
"Motor vehicle theft",,,100.0,100.0,100.0,100.0,100.0,100.0
"Near victims home",,,45.0,54.5,44.2,38.6,45.0,44.7
"Near friends or neighbors home",,,8.2,7.3,8.2,12.6,8.0,6.5
"Parking lot or garage",,,32.4,26.1,32.9,35.8,33.0,31.2
"Open area, near public transportation",,,9.8,7.5,10.0,9.3,9.5,12.3
"Other",,,4.6,4.6,4.6,3.7,4.6,5.4
,,,,,,,,
"Property theft",,,,,,,,
"Total",,,100.0,100.0,100.0,100.0,100.0,100.0
"Victims,friends,neighbors home",,,49.0,59.0,48.1,50.3,47.7,48.7
"Commercial place,parking lot",,,23.3,21.7,23.4,28.4,22.6,23.7
"School",,,13.1,3.8,13.9,8.4,15.5,11.1
"Open area, public transportation",,,6.2,5.3,6.3,7.1,6.1,6.6
"Other",,,8.4,10.2,8.2,5.8,8.2,9.9
