"Bureau of Justice Statistics",,,,,,,,,,
"filename:  cpa97a7.csv",,,,,,,,,,
"title:   Crimes Against Persons Age 65 or Older, 1992-1997, NCJ 176352",,,,,,,,,,
"data source:  BJS, National crime victimization survey. FBI, Uniform Crime Reports, Supplemental Homicide Reports",,,,,,,,,,
"author:  Patsy Klaus",,,,,,,,,,
"refer questions to:  askbjs@ojp.usdoj.gov (202) 307-0765",,,,,,,,,,
"date of version:  01/04/00",,,,,,,,,,
,,,,,,,,,,
"Appendix table 7.  Relationship of victim and offender for murder and nonlethal violence,",,,,,,,,,,
"                                by age of victim, 1992-97",,,,,,,,,,
,,,,,,,,,,
,,,,,,,,,,
"Number of crimes",,,,"65 or","Persons age 12-64",,,,,
"Murder",,,"All","older","Total","12-24","25-49","50-64","Under 12","Missing"
"Total",,,131090,6003,117466,43170,65027,9269,5564,2059
"Stranger",,,18149,878,16834,6363,9004,1467,294,132
"Nonstranger total",,,61641,3008,53761,18949,30312,4500,4475,536
"  Relative, intimate",,,20605,1586,15812,3146,10611,2055,3096,201
"  Other known",,,41036,1422,37949,15803,19701,2445,1379,335
"Missing",,,51300,2117,46871,17858,25711,3302,795,1391
,,,,,,,,,,
"All non-lethal violence 1992-97",,,,"65 or","Persons age 12-64",,,,,
,,,"All","older","Total","12-24","25-49","50-64",,
"Total",,,62947641,991951,61955690,30062765,28557973,3334952,,
"  All related or well known",,,19001885,217707,18784178,8723935,9187224,873019,,
"    Relatives",,,5868760,86009,5782751,1640541,3777932,364278,,
"    Boyfriend/girlfriend",,,3527700,4231,3523469,1896473,1595334,31662,,
"    Well known",,,9605425,127467,9477958,5186921,3813958,477079,,
"  Causal acquiantance",,,11268870,143361,11125509,6746008,3945797,433704,,
"  Stranger",,,30528540,557845,29970695,13566069,14560593,1844033,,
"  Dont know relationship",,,2148346,73038,2075308,1026753,864359,184196,,
,,,,,,,,,,
,,,,,,,,,,
"Appendix table 7.  Relationship of victim and offender for murder and nonlethal violence,",,,,,,,,,,
"                                by age of victim, 1992-97",,,,,,,,,,
,,,,,,,,,,
,,,,,,,,,,
"Percent",,,,"65 or","Persons age 12-64",,,,,
"Murder",,,"All","older","Total","12-24","25-49","50-64",,
"Total",,,100.0,100.0,100.0,100.0,100.0,100.0,,
"Stranger",,,13.8,14.6,14.3,14.7,13.8,15.8,,
"Nonstranger total",,,47.0,50.1,45.8,43.9,46.6,48.5,,
"  Relative, intimate",,,15.7,26.4,13.5,7.3,16.3,22.2,,
"  Other known",,,31.3,23.7,32.3,36.6,30.3,26.4,,
"Missing",,,39.1,35.3,39.9,41.4,39.5,35.6,,
,,,,,,,,,,
"All non-lethal violence 1992-97",,,,"65 or","Persons age 12-64",,,,,
,,,"All","older","Total","12-24","25-49","50-64",,
"Total",,,100.0,100.0,100.0,100.0,100.0,100.0,,
"  All related or well known",,,30.2,21.9,30.3,29.0,32.2,26.2,,
"    Relatives",,,9.3,8.7,9.3,5.5,13.2,10.9,,
"    Boyfriend/girlfriend",,,5.6,0.4,5.7,6.3,5.6,0.9,,
"    Well known",,,15.3,12.9,15.3,17.3,13.4,14.3,,
"  Causal acquiantance",,,17.9,14.5,18.0,22.4,13.8,13.0,,
"  Stranger",,,48.5,56.2,48.4,45.1,51.0,55.3,,
"  Dont know relationship",,,3.4,7.4,3.3,3.4,3.0,5.5,,
