"Bureau of Justice Statistics",,,,,,
"filename:  cpa97p4.csv",,,,,,
"title:   Crimes Against Persons Age 65 or Older, 1992-1997, NCJ 176352",,,,,,
"data source:  BJS, National crime victimization survey. FBI, Uniform Crime Reports",,,,,,
"author:  Patsy Klaus",,,,,,
"refer questions to:  askbjs@ojp.usdoj.gov (202) 307-0765",,,,,,
"date of version: 01/03/00",,,,,,
,,,,,,
,,,,,,
,,,,,,
"Percent of victimizations by age",,,,,,
,,,,,,
,,,,,,
,,,,,,
"Age of victim or head",,"12-24","25-49","50-64","65+","Total age 12-64"
,,,,,,
"All crimes",,50288837,144122491,32912119,16165729,227323447
"All violence",,30105934,28623000,3344221,997954,62073155
"Personal theft",,902504,937396,296299,276545,2136199
"Property crimes",,19280399,114562095,29271599,14891230,163114093
,,,,,,
"Percents",,"12-24","25-49","50-64","65+","Total age 12-64"
,,,,,,
"All crimes",,100.0,100.0,100.0,100.0,100.0
"All violence",,59.9,19.9,10.2,6.2,27.3
"Personal theft",,1.8,0.7,0.9,1.7,0.9
"Property crimes",,38.3,79.5,88.9,92.1,71.8
,,,,,,
,,,"Victimizations of persons age 65 or older or",,,
,,,"of households with a head of household",,,
,,,"age 65 or older",,,
,,,,,,
,,,"Total for","Average number per",,
"Type of crime",,," 1992-1997","year 1992-97",,"Percent"
,,,,,,
"Total Crimes",,,16165730,2694288,,100.0
"Personal Crimes",,,1274500,212417,,7.9
"Crimes of Violence",,,997954,166326,,6.2
"Nonfatal Violence",,,991951,165325,,6.1
"    Murder",,,6003,1001,,0.0
"     Rape/Sex Assault",,,19659,3277,,0.1
"     Robbery",,,245670,40945,,1.5
"     Total Assault",,,726622,121104,,4.5
"          Aggravated Assault",,,204296,34049,,1.3
"          Simple Assault",,,522326,87054,,3.2
,,,,,,
"Personal Theft",,,276546,46091,,1.7
,,,,,,
"Population Ages 12 or older",,,187778078,31296346,,
,,,,,,
"Property Crimes",,,14891230,2481872,,92.1
"    Household Burglary",,,3742712,623785,,23.2
"    Motor Vehicle Theft",,,749553,124926,,4.6
"    Property Theft",,,10398965,1733161,,64.3
,,,,,,
"Total number of households",,,126971103,21161851,,
