"Bureau of Justice Statistics",,,,,,,,,,,,,
"filename:  cpa97p17.csv",,,,,,,,,,,,,
"title:   Crimes Against Persons Age 65 or Older, 1992-1997, NCJ 176352",,,,,,,,,,,,,
"data source:  BJS, National Crime Victimization Survey",,,,,,,,,,,,,
"author:  Patsy Klaus",,,,,,,,,,,,,
"refer questions to:  askbjs@ojp.usdoj.gov (202) 307-0765",,,,,,,,,,,,,
"date of version: 01/04/00",,,,,,,,,,,,,
,,,,,,,,,,,,,
,,,,,,,,,,,,,
"Table 1, p. 17",,,,,,,,,,,,,
,,,,,,,,,,,,,
,,,,,,,,,,,,,
"Injuries in nonlethal violence, by age, 1992-1997",,,,,,,,,,,,,
,,,,,,,,,,,,,
"Age of  victim of",,"Number injured",,,,,,,,,,,
"nonlethal violence",,"  1992-1997","Percent","Not injured","Total",,,,,,,,
,,,,,,,,,,,,,
"   Ages 12  to 24",,8517441,28.3,21545324,30062765,,,,,,,,
"   Ages 25 to 49",,6697554,23.5,21860420,28557974,,,,,,,,
"   Ages 50 to 64",,584058,17.5,2750894,3334952,,,,,,,,
"   Ages 65 or older",,218734,22.1,773218,991952,,,,,,,,
,,,,,,,,,,,,,
"Table 2, p. 17",,,,,,,,,,,,,
,,,,,,,,,,,,,
"Severity of injuries in nonlethal violence, by age, 1992-1997",,,,,,,,,,,,,
,,,,,,"Rape/sex",,,,,,,
"Age of",,"Serious",,"Minor",,"asst w/o",,,,"Severity",,,"Total"
"victim",,"injury*",,"injury**",,"other injury",,,,"Unknown",,,
,,"Number","Percent","Number","Percent","Number",,"Percent",,"Number","Percent",,"Number"
,,,,,,,,,,,,,
"   Ages 12  to 24",,983198,11.5,7144304,83.9,362071,,4.3,,27868,0.3,,8517441
"   Ages 25 to 49",,975204,14.6,5327859,79.5,342679,,5.1,,51812,0.8,,6697554
"   Ages 50 to 64",,125642,21.5,449557,77.0,6644,,1.1,"*",2215,0.4,"*",584058
"   Ages 65 or older",,28176,12.9,186443,85.2,4115,,1.9,"*",0,0.0,"*",218734
"Total all ages",,2112220,13.2,13108163,81.8,715509,,4.5,,81895,0.5,,16017787
,,,,,,,,,,,,,
"Table 3, p. 17",,,,,,,,,,,,,
,,,,,,,,,,,,,
"Outcomes of  nonlethal violence against the elderly 1992-1997",,,,,,,,,,,,,
"Numbers",,,,,,,,,,,,,
"Total",,"   Not injured",,"   Injured",,,,,,,,,
991952,,773218,,218733,,,,,,,,,
,,,,"Not treated","Treated",,,,,,,,
,,,,107894,110839,,,,,,,,
,,"     Treated at scene/home",,,"doctors office",,,"Hospital",,"Elsewhere",,,
,,29059,,,21013,"*",,55254,,5513,"*",,
,,,,,,,,,,,,,
,,,,,,,,"released from er",,,"Hospitalized",,
,,,,,,,,46674,,,8580,"*",
,,,,,,,,,,,,,
"Outcomes of  nonlethal violence against the elderly 1992-1997",,,,,,,,,,,,,
"Percents",,,,,,,,,,,,,
"Total",,"   Not injured",,"   Injured",,,,,,,,,
100.0,,77.9,,22.1,,,,,,,,,
,,,,"Not treated","Treated",,,,,,,,
,,,,10.9,11.2,,,,,,,,
,,"     Treated at scene/home",,,"doctors office",,,"Hospital",,"Elsewhere",,,
,,2.9,,,2.1,"*",,5.6,,0.6,"*",,
,,,,,,,,,,,,,
,,,,,,,,"released from er",,,"Hospitalized",,
,,,,,,,,4.7,,,0.9,"*",
