"Bureau of Justice Statistics",,,,,,,,,,,
"filename:  cpa97p14.csv",,,,,,,,,,,
"title:   Crimes Against Persons Age 65 or Older, 1992-1997, NCJ 176352",,,,,,,,,,,
"data source: BJS, National Crime Victimization Survey, FBI, Uniform Crime Reports, Supplementary Homicide Reports",,,,,,,,,,,
"author:  Patsy Klaus",,,,,,,,,,,
"refer questions to:  askbjs@ojp.usdoj.gov (202) 307-0765",,,,,,,,,,,
"date of version: 01/04/00",,,,,,,,,,,
,,,,,,,,,,,
,,,,,,,,,,,
"Table A., p. 14",,,,,,,,,,,
,,,,,,,,,,,
"Relationship of victim and offender in violent crimes, 1992-97",,,,,,,,,,,
,,,,,,,,,,,
,,,,,,,,,,,
"Nonlethal violence",,,"Average annual elderly",,,,,,,,
,,,"victims per year, 1992-97",,,,,,,,
,,,,,,,,,,,
"Nonlethal violence committed by:",,,,"Number",,,,,,,
"Total",,,,36290,,,,,,,
"   Relatives or intimates",,,,15040,,,,,,,
"   Well known",,,,21250,,,,,,,
,,,,,,,,,,,
"Murder committed by:",,,,,,,,,,,
"Total",,,,500,,,,,,,
"  Relative, intimate",,,,260,,,,,,,
"  Other known",,,,240,,,,,,,
,,,,,,,,,,,
"Table B., p. 14",,,,,,,,,,,
,,,,,,,,,,,
"Characteristics of Nonlethal abuse committed by relatives or well known offenders,",,,,,,,,,,,
"compared to other nonlethal violence against persons age 65 or older, 1992-97*",,,,,,,,,,,
,,,,,,,,,,,
,,,,,,,,,,,
,,"Numbers",,,,,,,,,
,,"Total known",,"Relative or",,"Well",,"All ",,"Total age 65 up",
,,"to victim",,"Intimate",,"Known",,"Others",,"All violence",
,,,,,,,,,,,
"Weapon",,217707,,90240,,127467,,774244,,991951,
"   Yes",,42490,,18900,"*",23590,"*",283970,,326460,
"    No",,149394,,60705,,88689,,356009,,505403,
"    Dont know",,25823,,10635,"*",15188,"*",134265,,160088,
"Self Protection",,217707,,90240,,127467,,774245,,991952,
"   No resistance",,114576,,37970,,76606,,385275,,499851,
"   Resisted",,103131,,52270,,50861,,388970,,492101,
"Injury",,217708,,90241,,127467,,774244,,991952,
"  Injured",,66822,,41636,,25186,,151912,,218734,
"  Not Injured",,150886,,48605,,102281,,622332,,773218,
"Place of Occurrence",,217708,,90241,,127467,,774245,,991953,
"  In near victims home",,149822,,69706,,80116,,278949,,428771,
"  In near friends home",,14126,"*",10245,"*",3881,"*",44838,,58964,
"  Commercial place",,17826,"*",2343,"*",15483,"*",144974,,162800,
"  Open Area",,10397,"*",4031,"*",6366,"*",198256,,208653,
"  Other",,25537,,3916,"*",21621,,107228,,132765,
"Time of Occurrence",,217708,,90241,,127467,,774246,,991954,
"  Daytime",,137104,,48951,,88153,,560177,,697281,
"  Nighttime",,78392,,41290,,37102,,205204,,283596,
"  Dont know",,2212,"*",0,"*",2212,"*",8865,"*",11077,"*"
,,,,,,,,,,,
"  *Based upon 10 or fewer unweighted cases",,,,,,,,,,,
,,,,,,,,,,,
"Note:  Under ""resisted"" , ""do not know method"" included.",,,,,,,,,,,
"Differs from p16d.csv, which excludes ""do not know method"".",,,,,,,,,,,
,,,,,,,,,,,
,,"Percents",,,,,,,,,
,,,,,,,,,,,
,,"Total known",,"Relative or",,"Well",,"All ",,"Total age 65 up",
,,"to victim",,"Intimate",,"Known",,"Others",,"All violence",
,,,,,,,,,,,
"Weapon",,100.0,,100.0,,100.0,,100.0,,100.0,
"   Yes",,19.5,,20.9,"*",18.5,"*",36.7,,32.9,
"    No",,68.6,,67.3,,69.6,,46.0,,51.0,
"    Dont know",,11.9,,11.8,"*",11.9,"*",17.3,,16.1,
"Self Protection",,100.0,,100.0,,100.0,,100.0,,100.0,
"   No resistance",,52.6,,42.1,,60.1,,49.8,,50.4,
"   Resisted",,47.4,,57.9,,39.9,,50.2,,49.6,
"Injury",,100.0,,100.0,,100.0,,100.0,,100.0,
"  Injured",,30.7,,46.1,,19.8,,19.6,,22.1,
"  Not Injured",,69.3,,53.9,,80.2,,80.4,,77.9,
"Place of Occurrence",,100.0,,100.0,,100.0,,100.0,,100.0,
"  In near victims home",,68.8,,77.2,,62.9,,36.0,,43.2,
"  In near friends home",,6.5,"*",11.4,"*",3.0,"*",5.8,,5.9,
"  Commercial place",,8.2,"*",2.6,"*",12.1,"*",18.7,,16.4,
"  Open Area",,4.8,"*",4.5,"*",5.0,"*",25.6,,21.0,
"  Other",,11.7,,4.3,"*",17.0,,13.8,,13.4,
"Time of Occurrence",,100.0,,100.0,,100.0,,100.0,,100.0,
"  Daytime",,63.0,,54.2,,69.2,,72.4,,70.3,
"  Nighttime",,36.0,,45.8,,29.1,,26.5,,28.6,
"  Dont know",,1.0,"*",0.0,"*",1.7,"*",1.1,"*",1.1,
,,,,,,,,,,,
"  *Based upon 10 or fewer unweighted cases",,,,,,,,,,,
