"Bureau of Justice Statistics",,,,,,,
"filename:  cpa97p18.csv",,,,,,,
"title:   Crimes Against Persons Age 65 or Older, 1992-1997, NCJ 176352",,,,,,,
"data source:  BJS, National Crime Victimization Survey",,,,,,,
"author:  Patsy Klaus",,,,,,,
"refer questions to:  askbjs@ojp.usdoj.gov (202) 307-0765",,,,,,,
"date of version: 01/04/00",,,,,,,
,,,,,,,
"graph #1, p. 18",,,,,,,
,,,,,,,
"Seventy percent of nonlethal violence against the elderly occurred during the daytime.",,,,,,,
,,,,,,,
,,,,"Time of occurrence, 1992-97",,,
,,,,,,,
"Age of victim",,,,"Daytime","Nighttime",,
,,,,,,,
,,,,,,,
"  Age 12-24",,,,52.2,46.6,,
"  Age 25-49",,,,49.1,49.6,,
"  Age 50-64",,,,62.0,36.1,,
"  Age 65 or older",,,,70.3,28.6,,
,,,,,,,
"graph #2, p. 18",,,,,,,
,,,,,,,
,,,,"        Age of victim",,,
,,,," 65 or older","12 thru 64",,
"Place of occurrence,1992-1997",,,,,,,
,,,,,,,
"Victims home",,,,43.2,25.7,,
"Friends or neighbors home",,,,5.9,9.5,,
"Commercial place or parking lot",,,,16.4,20.7,,
"Open area or on public transportation",,,,21.0,21.7,,
"Other",,,,13.4,22.4,,
,,,,,,,
"Table 1, p. 18",,,,,,,
,,,,,,,
,,,"Age of victim",,,"Age of victim",
,,,"65 or older",,,"12-64",
,,,,,,,
"Percent of victims of violence",,,"Number",,"Percent","Number","Percent"
"who went out--",,,,,,,
"Total",,,991952,,100.0,61955691,100.0
"    Almost every night or more",,,94377,,9.5,23050137,37.2
"    Weekly to monthly",,,552075,,55.7,32653911,52.7
"    Less often than monthly",,,117159,,11.8,3705755,6.0
"    Never ",,,217776,,22.0,2110689,3.4
"    Dont know total",,,10565,"*",1.1,435199,0.7
"         Don't know",,,4313,"*",0.4,303403,0.5
"         Missing data",,,6252,"*",0.6,131796,0.2
