"Bureau of Justice Statistics",,,
"filename:  cpa97p12.csv",,,
"title:   Crimes Against Persons Age 65 or Older, 1992-1997, NCJ 176352",,,
"data source:  BJS, National Crime Victimization Survey",,,
"author:  Patsy Klaus",,,
"refer questions to:  askbjs@ojp.usdoj.gov (202) 307-0765",,,
"date of version: 01/04/00",,,
,,,
,,,
,,,
,,,
"Graph #1, p. 12",,,
,,,
"Property crime rates against households with heads  age 65 or older, 1992-1997",,,
,,,
"Rate per 1,000 households with elderly head of household",,,
"Race",,,
"    White",,110.2,
"    Black",,184.2,
"    Other races",,161.1,
"Ethnicity",,,
"    Hispanic",,168.2,
"    Non-Hispanic",,114.7,
,,,
"Graph #2, p. 12",,,
,"Property crime rates against households with",,
,"age 65 or older household heads,1992-1997",,
,,,
,"Rate per 1,000 households with an elderly head",,
,,"Gender ",
,,"Male","Female"
"Marital status ",,,
,,,
"Single",,103.5,81.0
"Married",,123.7,129.3
"Widowed",,114.8,99.5
"Divorced/separated",,186.3,153.9
,,,
"Graph #3, p. 12",,,
,,,
"Household heads age 65 or older 1992-1997, rate per 1,000 households",,,
,,,
"Household income",,,
"Under $15,000",,103.0,
" $15-24,999",,116.6,
"  $25-34,999",,147.1,
"  $35-49,999",,145.7,
"   $50,000 or more",,178.6,
