"Bureau of Justice Statistics",,,,,,
"filename:  cpa97p23.csv",,,,,,
"title:   Crimes Against Persons Age 65 or Older, 1992-1997, NCJ 176352",,,,,,
"data source:  BJS, National Crime Victimization Survey",,,,,,
"author:  Patsy Klaus",,,,,,
"refer questions to:  askbjs@ojp.usdoj.gov (202) 307-0765",,,,,,
"date of version:  01/04/00",,,,,,
,,,,,,
,,,,,,
"Time of occurrence of property crimes, by age of household head,  1992-1997",,,,,,
,,,,,,
,,,"Age 65",,"Age 12",
"Age of household head",,,"or older",,"through 64",
,,,,,,
,,,"Number","Percent","Number","Percent"
,,,,,,
"Household burglary",,,3742712,100.0,28217963,100.0
"  Daytime",,,1097887,29.3,10253643,36.3
"  Nighttime",,,1104885,29.5,8912021,31.6
"  Dont know",,,1539940,41.1,9052299,32.1
,,,,,,
"Motor vehicle theft",,,749553,100.0,9237760,100.0
"  Daytime",,,164763,22.0,2166079,23.4
"  Nighttime",,,476402,63.6,5968369,64.6
"  Dont know",,,108388,14.5,1103312,11.9
,,,,,,
"Property theft",,,10398965,100.0,125658369,100.0
"  Daytime",,,3727961,35.8,49246150,39.2
"  Nightime",,,3471807,33.4,48173973,38.3
"  Dont know",,,3199197,30.8,28238246,22.5
,,,,,,
"Place of occurrence of property crimes by age of household head, 1992-1997",,,,,,
,,,,,,
,,,"Age 65",,"Age 12",
"Age of household head",,,"or older",,"through 64",
"Motor vehicle theft",,,,,,
"Total",,,749554,100.0,9237759,100.0
"Near victims home",,,408153,54.5,4085946,44.2
"Near friends or neighbors home",,,54791,7.3,759318,8.2
"Parking lot or garage",,,195813,26.1,3043724,32.9
"Open area, near public transportation",,,56238,7.5,920701,10.0
"Other",,,34559,4.6,428070,4.6
,,,,,,
"Property theft",,,,,,
"Total",,,10398964,100.0,125658368,100.0
"Victims,friends,neighbors home",,,6139705,59.0,60489998,48.1
"Commercial place,parking lot",,,2252970,21.7,29452308,23.4
"School",,,396554,3.8,17462067,13.9
"Open area, public transportation",,,551558,5.3,7921890,6.3
"Other",,,1058177,10.2,10332105,8.2
,,,,,,
"Note: Household burglaries occurred at home, except in a few ",,,,,,
"           victimizations in which they occurred",,,,,,
"         in places being occupied while on vacation.",,,,,,
