Bureau of Justice Statistics,,,,,,,,,,
filename: psc05t11.csv,,,,,,,,,,
"Table 11. Security measures employed by State prosecutors' offices, 2005",,,,,,,,,,
"report title:  Prosecutors in State Court, NCJ 213799",,,,,,,,,,
data source: 2005 National Survey of Prosecutors ,,,,,,,,,,
"author: Steven W. Perry, BJS Statistician",,,,,,,,,,
refer questions to: askbjs@usdoj.gov or (202) 307-0765,,,,,,,,,,
date of version: 07/25/2006,,,,,,,,,,

"Table 11. Security measures employed by State prosecutors' offices, 2005",,,,,,,,,,
,Percent of prosecutors' offices,,,,,,,,,
,,,Full-time offices by population served,,,,,,,
Type of security measures,All offices,,Large (1 million or more),,"Medium (250,000 to 999,999)",,"Small (Under 250,000)",,Part-time offices,
Office protection,,,,,,,,,,
Electronic systems,27,%,33,%,57,%,71,%,13,%
Building guards,26,,83,,68,,27,,1,
Metal detectors,23,,72,,64,,20,,6,
Electronic surveillance,17,,49,,33,,17,,6,
Police protection,13,,36,,23,,13,,6,
Firearm carried for personal protection by �,,,,,,,,,,
Chief prosecutor,20,%,16,%,10,%,25,%,11,%
Assistant prosecutor,13,,44,,25,,15,,--,
Staff investigator,27,,92,,71,,28,,--,
Firearm not carried,59,,8,,25,,55,,89,
"Note: Data were available on police protection, building guards, electronic surveillance, metal detectors, electronic security systems, and carrying firearms for 81% of offices.",,,,,,,,,,
--Less than 0.5%.,,,,,,,,,,
