Bureau of Justice Statistics,,,,,
filename: psc05t04.csv,,,,,
"Table 4. Budget for prosecutorial functions in State prosecutors' offices, by size of office, 2005",,,,,
"report title:  Prosecutors in State Court, NCJ 213799",,,,,
data source: 2005 National Survey of Prosecutors ,,,,,
"author: Steven W. Perry, BJS Statistician",,,,,
refer questions to: askbjs@usdoj.gov or (202) 307-0765,,,,,
date of version: 07/25/2006,,,,,


"Table 4. Budget for prosecutorial functions in State prosecutors' offices, by size of office, 2005",,,,,
,,Full-time offices by population served,,,
,All offices,Large offices (1 million or more),"Medium (250,000 to 999,999)","Small (Under 250,000)",Part-time offices
Total number of prosecutors� offices,"2,344",42,213,"1,515",574
Budget dollars (in thousands),,,,,
Total,"$4,984,759 ","$1,911,635 ","$1,777,537 ","$1,194,915 ","$100,672 "
Median,$355 ,"$33,232 ","$6,035 ",$389 ,$133 
Mean,"$2,127 ","$45,515 ","$8,345 ",$789 ,$175 
Minimum,$5 ,"$1,998 ",$18 ,$19 ,$5 
Maximum,"$285,456 ","$285,456 ","$63,958 ","$6,980 ","$1,800 "
