Bureau of Justice Statistics,,,,,,,,,,
filename: psc05t07.csv,,,,,,,,,,
"Table 7. Homeland security-related activity in State prosecutors' offices, 2005",,,,,,,,,,
"report title:  Prosecutors in State Court, NCJ 213799",,,,,,,,,,
data source: 2005 National Survey of Prosecutors ,,,,,,,,,,
"author: Steven W. Perry, BJS Statistician",,,,,,,,,,
refer questions to: askbjs@usdoj.gov or (202) 307-0765,,,,,,,,,,
date of version: 07/25/2006,,,,,,,,,,

"Table 7. Homeland security-related activity in State prosecutors' offices, 2005",,,,,,,,,,
,Percent of prosecutors' offices,,,,,,,,,
,,,Full-time offices by population served,,,,,,,
Type of activity,All offices,,Large offices (1 million or more),,"Medium (250,000 to 999,999)",,"Small (Under 250,000)",,Part-time offices,
Prosecution of cases related to terrorism,2,%,28,%,7,%,1,%,--,
Participation in terrorism related investigations,7,,53,,24,,6,,--,
Training on homeland security issues,33,,92,,64,,36,,12,%
Participation on State or local  terrorism task force,24,,84,,57,,24,,6
"Note: Data were available on prosecution of cases related to terrorism and participation in terrorism related investigations, training received on homeland security in terrorism related investigations, and training received on homeland security issues and participation on a State or local task force for 86% of prosecutors� offices.",,,,,,,,,
--Less than 0.5%.,,,,,,,,,
