Bureau of Justice Statistics,,,
filename: psc05tt04.csv,,,
"Text Table 4.  Percent of prosecutors' offices with a State domestic violence statute and unit, by office type and population served, 2005",,,
"report title:  Prosecutors in State Court, NCJ 213799",,,
data source: 2005 National Survey of Prosecutors ,,,
"author: Steven W. Perry, BJS Statistician",,,
refer questions to: askbjs@usdoj.gov or (202) 307-0765,,,
date of version: 07/25/2006,,,


"Text Table 4.  Percent of prosecutors' offices with a State domestic violence statute and unit, by office type and population served, 2005",,,

,Number of �,,
Stratum definition,Actual units,Sampled units,Respondents in 2005  
"1=1,000,000 +",42,42,41
"2=500,000 - 999,999",82,73,73
"3=250,000 - 499,999",131,58,57
"4=100,000 - 249,000",345,69,68
"5=0 to 99,999","1,744",68,68
,"2,344",310,307
