Bureau of Justice Statistics,,,
filename: fssc04tt02.csv,,,
"Text table 2.  Estimated number of felony convictions in State courts, 2004",,,
"report title: Felony Sentences in State Courts, 2004, NCJ 215646",,,
data source: National Judicial Reporting Program,,,
authors:  Matthew Durose and Patrick Langan,,,
refer questions to:  askbjs@usdoj.gov (202) 307-0765,,,
date of version:  07/25/07,,,

"Text table 2.  Estimated number of felony convictions in State courts, 2004",,,

,Persons convicted of a felony in State courts,,
Most serious conviction offense,Number,Percent,
All offenses,"1,078,920",100,%
Violent offenses,"194,570",18,%
Murder,"8,400",1,
Rape/sexual assault,"33,190",3,
Robbery,"38,850",4,
Aggravated assault,"94,380",9,
Other violent ,"19,750",2,
Property offenses,"310,680",29,%
Burglary,"93,870",9,
Larceny,"119,340",11,
Fraud/forgery,"97,470",9,
Drug offenses,"362,850",34,%
Possession,"161,090",15,
Trafficking,"201,760",19,
Weapon offenses,"33,010",3,%
Other offenses,"177,810",17,%
Note: Detail may not sum to total because of rounding.,,,
