Bureau of Justice Statistics,,,
filename: fssc04f02.csv,,,
"Figure 2.  Percent of felony arrests leading to felony convictions, by offense, 1994 to 2004",,,
"report title: Felony Sentences in State Courts, 2004, NCJ 215646",,,
data source: National Judicial Reporting Program,,,
authors:  Matthew Durose and Patrick Langan,,,
refer questions to:  askbjs@usdoj.gov (202) 307-0765,,,
date of version:  07/25/07,,,

"Figure 2.  Percent of felony arrests leading to felony convictions, by offense, 1994 to 2004",,,

Year,Any violent felony,Aggravated assault,Robbery
1994,0.228,0.141,0.393
1996,0.231,0.156,0.403
1998,0.232,0.164,0.439
2000,0.257,0.193,0.464
2002,0.291,0.233,0.473
2004,0.311,0.25,0.464

Note: The likelihood of a felony arrest leading to a felony conviction is approximated by dividing the number of adult felony convictions in a year by the number of adult felony arrests that year.,,,
