Bureau of Justice Statistics,,,,
filename: fssc04tt01.csv,,,,
"Text table 1.  Most serious conviction offense for persons convicted of a felony in State courts, 1994 and 2004",,,,
"report title: Felony Sentences in State Courts, 2004, NCJ 215646",,,,
data source: National Judicial Reporting Program,,,,
authors:  Matthew Durose and Patrick Langan,,,,
refer questions to:  askbjs@usdoj.gov (202) 307-0765,,,,
date of version:  07/25/07,,,,

"Text table 1.  Most serious conviction offense for persons convicted of a felony in State courts, 1994 and 2004",,,,

,Persons convicted of a felony in State courts,,,
Most serious conviction offense,1994,,2004,
All offenses,100,%,100,%
Violent offenses,19,,18,
Property offenses,32,,29,
Drug offenses,31,,34
Weapon offenses,4,,3
Other offenses,15,,17
Estimated number,"872,220",,"1,078,920"
