Bureau of Justice Statistics,,
filename: fssc04f01.csv,,
"Figure 1.  Number of persons convicted of a felony in State courts, 1994 to 2004",,
"report title: Felony Sentences in State Courts, 2004, NCJ 215646",,
data source: National Judicial Reporting Program,,
authors:  Matthew Durose and Patrick Langan,,
refer questions to:  askbjs@usdoj.gov (202) 307-0765,,
date of version:  07/25/07,,

"Figure 1.  Number of persons convicted of a felony in State courts, 1994 to 2004",,

Year,Any felony,Violent felony
1994,872220,164580
1996,997970,167820
1998,927720,164580
2000,924740,173210
2002,1051000,197030
2004,1078920,194570
