"Bureau of Justice Statistics",,,,,,,,,,,
"Filename: cf982_05.csv",,,,,,,,,,,
"Table 2.5.  Disposition of matters declined for prosecution by U.S. attorneys, by offense,",,,,,,,,,,,
"October 1, 1997 - September 30, 1998",,,,,,,,,,,
"Report title:  Compendium of Federal Justice Statistics, 1998   NCJ 180258 ",,,,,,,,,,,
"Data source:  Federal Justice Statistics Program (database maintained by the Urban Institute)",,,,,,,,,,,
"Refer questions to:  askbjs@ojp.usdoj.gov   202-307-0765",,,,,,,,,,,
"Contact person:  John Scalia",,,,,,,,,,,
"Date of version:   5/18/00",,,,,,,,,,,
,,,,,,,,,,,
"Table 2.5.  Disposition of matters declined for prosecution by U.S. attorneys, by offense, October 1, 1997 - September 30, 1998",,,,,,,,,,," "
,,,,,,,,,,,
,,,"Number of suspects in declined matters",,,,,"Percent of suspects in declined matters",,,
,,,,,"Resolved with",,,,,"Resolved with",
,,,,"Referred or ","restitution, civil/",,,,"Referred or ","restitution, civil/",
,,," ","handled in","administrative",,,,"handled in","administrative",
"Most serious",,,,"other","procedure, pre-",,,,"other","procedure, pre-",
"offense investigated\a",,,"Total\b","prosecution\c","trial diversion","Other",,"Total\b","prosecution\c","trial diversion","   Other"
,," All offenses\d",28786,6551,1349,19815,,100,23.6,4.9,71.5
"Violent offenses",,,2266,543,41,1618,,100,24.7,1.9,73.5
,"Murder/manslaughter\e",,162,30,1,122,,100,19.6,0.7,79.7
,"Assault",,514,90,23,391,,100,17.9,4.6,77.6
,"Robbery",,585,227,0,345,,100,39.7,0,60.3
,"Rape",,430,49,3,360,,100,11.9,0.7,87.4
,"Other sex offenses\e",,343,109,8,217,,100,32.6,2.4,65.0
,"Kidnaping",,149,30,3,112,,100,20.7,2.1,77.2
,"Threats against the President",,83,8,3,71,,100,9.8,3.7,86.6
"Property offenses",,,10937,1803,849,7790,,100,17.3,8.1,74.6
,"Fraudulent",,9653,1511,782,6918,,100,16.4,8.5,75.1
,,"Embezzlement",1205,121,206,830,,100,10.5,17.8,71.7
,,"Fraud\e",7859,1248,525,5720,,100,16.7,7.0,76.3
,,"Forgery",474,103,47,301,,100,22.8,10.4,66.7
,,"Counterfeiting",115,39,4,67,,100,35.5,3.6,60.9
,"Other",,1284,292,67,872,,100,23.7,5.4,70.8
,,"Burglary",18,1,1,16,,100,5.6,5.6,88.9
,,"Larceny\e",501,105,36,339,,100,21.9,7.5,70.6
,,"Motor vehicle theft",294,102,15,164,,100,36.3,5.3,58.4
,,"Arson and explosives",336,55,3,265,,100,17.0,0.9,82.0
,,"Transportation of stolen property",40,13,1,26,,100,32.5,2.5,65.0
,,"Other property offenses\e",95,16,11,62,,100,18.0,12.4,69.7
"Drug offenses",,,6164,2093,43,3788,,100,35.3,0.7,63.9
"Public-order offenses",,,9173,2080,365,6468,,100,23.3,4.1,72.6
,"Regulatory",,3470,378,190,2819,,100,11.2,5.6,83.2
,,"Agriculture",138,28,20,90,,100,20.3,14.5,65.2
,,"Antitrust",9,4,0,5,,"--","--","--","--"
,,"Food and drug",72,14,23,31,,100,20.6,33.8,45.6
,,"Transportation",167,19,18,124,,100,11.8,11.2,77.0
,,"Civil rights",2031,85,42,1866,,100,4.3,2.1,93.6
,,"Communications",54,4,4,45,,100,7.5,7.5,84.9
,,"Custom laws",135,28,11,84,,100,22.8,8.9,68.3
,,"Postal laws",41,10,7,24,,100,24.4,17.1,58.5
,,"Other regulatory offenses",823,186,65,550,,100,23.2,8.1,68.7
,"Other",,5703,1702,175,3649,,100,30.8,3.2,66.0
,,"Weapons",1279,451,27,761,,100,36.4,2.2,61.4
,,"Immigration offenses",370,107,7,242,,100,30.1,2.0,68.0
,,"Tax law violations\e",339,46,11,275,,100,13.9,3.3,82.8
,,"Bribery",140,10,7,119,,100,7.4,5.1,87.5
,,"Perjury, contempt, and intimidation",309,36,15,245,,100,12.2,5.1,82.8
,,"National defense",121,24,8,87,,100,20.2,6.7,73.1
,,"Escape",677,376,17,267,,100,57.0,2.6,40.5
,,"Racketeering and extortion",1595,315,16,1200,,100,20.6,1.0,78.4
,,"Gambling",117,25,2,89,,100,21.6,1.7,76.7
,,"Liquor offenses",15,2,5,8,,100,13.3,33.3,53.3
,,"Obscene material\e",15,5,2,8,,100,33.3,13.3,53.3
,,"Migratory birds",31,9,4,18,,100,29.0,12.9,58.1
,,"Conspiracy, aiding and abetting, traffic, and jurisdictional offenses",409,109,47,240,,100,27.5,11.9,60.6
,,"All other offenses\e",286,187,7,90,,100,65.8,2.5,31.7
"Unknown or indeterminable offense",,,246,32,51,151,,100,13.7,21.8,64.5
,,,,,,,,,,,
"--Too few cases to obtain statistically reliable data.",,,,,,,,,,,
"(SEE PRINTED REPORT FOR FOOTNOTES).",,,,,,,,,,,
