Bureau of Justice Statistics,,,,
filename: cpa650203.csv,,,,
"report title: Crime against Persons Age 65 or Older, 1993-2002  NCJ 206154",,,,
data source:  National Crime Victimization Survey,,,,
"author:  Patsy Klaus, BJS Statistician",,,,
refer questions to:  askbjs@usdoj.gov (202) 307-0765,,,,
date of version:  01/10/05,,,,

"Table 3.  Characteristics of crimes, 1993-2002",,,,

,Age of victim,,,
,Age 12-64,,Age 65 or older,

Percent occurring at night,,,,
Violence,45.8,%,27.2,%
Personal theft,34.4,,14.8,
Property crimes,29.2,,20.9,

Percent occurring at/near home,,,,
Violence,27,%,45.5,%
Personal theft,5.4,,5.8,*
Property crimes,54.3,,67,

Percent reported to police,,,,
Violence,43.9,%,53,%
Personal theft,32.1,,42.3,
Property crimes,34.7,,35.6,

"Note:  Some persons did not know when crimes occurred, especially property crimes.",,,,
*Based on 10 or fewer cases.,,,,
