Bureau of Justice Statistics,
filename: cpa6502h.csv,
"report title: Crime against Persons Age 65 or Older, 1993-2002  NCJ 206154",
data source:  National Crime Victimization Survey,
"author:  Patsy Klaus, BJS Statistician",
refer questions to:  askbjs@usdoj.gov (202) 307-0765,
date of version:  01/10/05,

"Highlight:  The elderly, age 65 or older, had lower violent victimization rates than other age groups, when comparing race and gender",

"Average annual rate of violent victimization per 1,000 persons 1993-2002",

100,
,Young white males (98)


90,
,Young black males (88)
,Young black females (85)
80,

70,
,Young white females (67)
,Young other race males (65)
60,

50,
,Adult black males (45)


40,Young other race females (40) Adult white males (40)
,Adult black females (38)
,Adult white females (34)
,Adult other race males (31)
30,

,Older black males (22) Adult other race females (22)

20,
,Older white males (17)
,Older other race females (14)
,Older other race males (12) Older white females (12)
,Older black females (11)
10,
,Elderly black males (9)
,Elderly other race males (7)
,Elderly black females (6)
,Elderly white males (5)
,Elderly white females (3) Elderly other race females (3)

"Note:  The four age categories used throughout the report are referred to in this chart as ""young,"" ages 12-24, ""adult,"" ages 25-49, ""older,"" 50-64, and elderly,"" age 65 or older.",
Hispanics do not appear in a separate category but are included in the racial categories shown.,
