Bureau of Justice Statistics,,,,
filename: cpa6502f3.csv,,,,
"report title: Crime against Persons Age 65 or Older, 1993-2002  NCJ 206154",,,,
data source:  National Crime Victimization Survey,,,,
"author:  Patsy Klaus, BJS Statistician",,,,
refer questions to:  askbjs@usdoj.gov (202) 307-0765,,,,
date of version:  01/10/05,,,,

"Figure 3.  Rates of violent crime victimization per 1,000 persons, by age of victim, 1993-2002",,,,

Year,Age 12-24,Age 25-49,Age 50-64,Age 65 or older
1993,115.6,53.4,18.3,5.9
1994,117.5,52,16.3,5.3
1995,101.9,45.5,15.1,6
1996,91.1,43.2,16.1,4.8
1997,88.7,38.4,16.5,4.5
1998,82.7,36.7,16,2.6
1999,71.6,30.5,15.3,4.5
2000,56.8,25.9,12,3.8
2001,52.6,24.9,11.6,3.1
2002,50.3,21.8,10.1,3
