Bureau of Justice Statistics,,,,
filename: cpa6502f4.csv,,,,
"report title: Crime against Persons Age 65 or Older, 1993-2002  NCJ 206154",,,,
data source: National Crime Victimization Survey,,,,
"author:  Patsy Klaus, Statistician",,,,
refer questions to:  askbjs@usdoj.gov (202) 307-0765,,,,
date of version:  01/10/05,,,,

"Figure 4. Murder rates per 10,000 persons by age of victim, 1993-2002",,,,

,Age 12-24,Age 25-49,Age 50-64,Age 65+
Year,,,,
1993,1.7,1.2,0.5,0.4
1994,1.6,1.2,0.5,0.3
1995,1.5,1,0.5,0.3
1996,1.3,0.9,0.4,0.3
1997,1.2,0.9,0.4,0.3
1998,1.1,0.8,0.3,0.2
1999,1,0.7,0.3,0.2
2000,0.9,0.8,0.3,0.2
2001,1,0.8,0.3,0.2
2002,1,0.8,0.3,0.2
