Bureau of Justice Statistics,,,,,
Filename: mljsp0013stt10.csv,,,,,
"Table 10. Number, percent, average daily population, and mortality rate per 100,000 local jail inmate deaths, by hold status, 2013",,,,,
"Report title: Mortality in Local Jails and State Prisons, 2000�2013 - Statistical Tables  NCJ 248756",,,,,
Data source(s): Deaths in Custody Reporting Program ,,,,,
"Author(s): Margaret E. Noonan, BJS; Harley Rohloff and Scott Ginder, RTI International",,,,,
Refer questions to: askbjs@usdoj.gov  (202) 307-0765,,,,,
Date of version: 8/04/2015,,,,,
,,,,,
"Table 10. Number, percent, average daily population, and mortality rate per 100,000 local jail inmate deaths, by hold status, 2013",,,,,
,,,,,Mortality rate per 
Hold status,,Number of deaths,Percent of total jail population,Average daily population,"100,000 local jail inmates"
,Total,967,100%,"714,976",135
Hold status,,129,23%,"162,200",80
     ,Immigration and Customs Enforcement,17,2,"16,200",105
     ,U.S. Marshals,29,4,"27,900",104
     ,Other*,83,17,"118,200",70
No hold,,838,77%,"552,700",152
"Note: Average daily population was calculated for Immigration and Customs Enforcement, U.S. Marshals, and other authorities based on their proportion of the confined population on December 31.",,,,,
"*Includes state or federal prison, Bureau of Indian Affairs, or any other jail jurisdiction.",,,,,
"Source: Bureau of Justice Statistics, Deaths in Custody Reporting Program, 2013.",,,,,
