"Bureau of Justice Statistics",,,,,,,,,,,,,
"filename:  cv0094.csv",,,,,,,,,,,,,
"Table 94: Percent of victimizations reported to the police, by type of crime,",,,,,,,,,,,,,
"victim-offender relationship and race of victims",,,,,,,,,,,,,
"data source: National Criminal Victimization Survey, 2000   NCJ 188290",,,,,,,,,,,,,
"produced by:  Cathy Maston ",,,,,,,,,,,,,
"authors:  Patsy Klaus and Cathy Maston",,,,,,,,,,,,,
"refer questions to:  askbjs@ojp.usdoj.gov     202-307-0765",,,,,,,,,,,,,
"date of version: 07/13/01",,,,,,,,,,,,,
,,,,,,,,,,,,,
,,,,,,,,,,,,,
"Table 94. Violent crimes, 2000:",,,,,,,,,,,,,
,,,,,,,,,,,,,
"Percent of victimizations reported to the police, by type of crime,",,,,,,,,,,,,,
"victim-offender relationship and race of victims",,,,,,,,,,,,,
,,,,,,,,,,,,,
,,"                                                 Percent of all victimizations reported to the police",,,,,,,,,,,
,,"           All victimizations",,,,"           Involving strangers",,,,"   Involving nonstrangers",,,
"Type of crime",,"    White",,"    Black",,"    White",,"     Black",,"    White",,"     Black",
,,,,,,,,,,,,,
,,,,,,,,,,,,,
"Crimes of violence",,47.5,"%",50.1,"%",47.2,"%",47.8,"%",47.7,"%",52.5,"%"
,,,,,,,,,,,,,
"   Completed violence",,58.5,,58.8,,62.6,,53.9,,55.4,,64.2,
"   Attempted/threatened violence",,42.5,,45.3,,41.5,,44.2,,43.5,,46.3,
"   Rape/Sexual assault/a",,46.8,,55.8,"*",46.7,,57.7,"*",47.0,,53.4,"*"
"   Robbery",,58.8,,48.1,,60.7,,46.7,,53.3,,57.3,"*"
"      Completed/property taken",,65.3,,50.5,,71.6,,53.0,,48.7,,31.2,"*"
"         With injury",,79.6,,63.7,"*",73.5,,61.3,"*",100.0,"*",100.0,"*"
"         Without injury",,59.0,,45.5,,70.7,,49.6,,30.9,"*",19.1,"*"
"      Attempted to take property",,43.7,,42.1,"*",36.9,,29.1,"*",65.0,"*",100.0,"*"
"         With injury",,39.3,"*",36.6,"*",33.0,"*",19.7,"*",71.0,"*",100.0,"*"
"         Without injury",,45.7,,45.0,"*",38.8,,33.7,"*",63.5,"*",100.0,"*"
"   Assault",,46.2,,50.4,,44.9,,47.8,,47.4,,52.2,
"      Aggravated",,55.9,,61.8,,55.4,,57.6,,56.8,,66.5,
"         With injury",,63.3,,74.7,,66.1,,69.8,"*",60.6,,79.2,
"         Threatened with weapon",,53.3,,56.3,,52.7,,53.3,,54.6,,60.2,
"      Simple",,43.3,,45.7,,40.1,,42.1,,45.6,,47.9,
"         With minor injury",,56.7,,62.6,,54.9,,51.3,"*",57.4,,64.4,
"         Without injury",,39.0,,40.6,,37.1,,41.3,,40.6,,40.1,
,,,,,,,,,,,,,
"Note: Excludes data on persons of ""Other"" races.",,,,,,,,,,,,,
"*Estimate is based on about 10 or fewer sample cases.",,,,,,,,,,,,,
"a/Includes verbal threats of rape and threats of sexual assault.",,,,,,,,,,,,,
