"Bureau of Justice Statistics",,,,,,,,,
"filename:  cv0091b.csv",,,,,,,,,
"Table 91b: Percent of victimizations reported to the police,",,,,,,,,,
"by type of crime and gender and race or ethnicity of victims",,,,,,,,,
"data source: National Criminal Victimization Survey, 2000   NCJ 188290",,,,,,,,,
"produced by:  Cathy Maston ",,,,,,,,,
"authors:  Patsy Klaus and Cathy Maston",,,,,,,,,
"refer questions to:  askbjs@ojp.usdoj.gov     202-307-0765",,,,,,,,,
"date of version: 07/13/01",,,,,,,,,
,,,,,,,,,
,,,,,,,,,
"Table 91b. Violent crimes, 2000:",,,,,,,,,
,,,,,,,,,
"Percent of victimizations reported to the police,",,,,,,,,,
"by type of crime and gender and race or ethnicity of victims",,,,,,,,,
"       ",,,,,,,,,
,"                            Percent of all victimizations reported to the police",,,,,,,,
"Characteristic",,"Crimes of violence/a",,,,,,"Property crimes",
,,,,,,,,,
,,,,,,,,,
"Total",,,47.9,"%",,,,35.7,"%"
,,,,,,,,,
"     Male",,,,,,,,,
"          White",,,42.2,,,,,35.7,
"          Black",,,45.6,,,,,35.5,
,,,,,,,,,
"     Female",,,,,,,,,
"          White",,,54.6,,,,,35.4,
"          Black",,,55.8,,,,,37.6,
,,,,,,,,,
"     Male",,,,,,,,,
"          Hispanic",,,47.7,,,,,33.8,
"          Non-Hispanic",,,42.1,,,,,35.8,
,,,,,,,,,
"     Female",,,,,,,,,
"          Hispanic",,,61.2,,,,,31.1,
"          Non-Hispanic",,,53.7,,,,,36.6,
,,,,,,,,,
"Note:Excludes data on persons of ""Other"" races.  Excludes",,,,,,,,,
"data on persons whose ethnicity was not ascertained.",,,,,,,,,
"a/Includes data rape and sexual assault, not shown separately.",,,,,,,,,
