"Bureau of Justice Statistics",,,,,,,,,,,,,,,,,,,
"filename:  cv00107.csv",,,,,,,,,,,,,,,,,,,
"Table 107: Percent distribution of incidents where police came to the victim,",,,,,,,,,,,,,,,,,,,
"by police response time and type of crime",,,,,,,,,,,,,,,,,,,
"data source: National Criminal Victimization Survey, 2000   NCJ 188290",,,,,,,,,,,,,,,,,,,
"produced by:  Cathy Maston ",,,,,,,,,,,,,,,,,,,
"authors:  Patsy Klaus and Cathy Maston",,,,,,,,,,,,,,,,,,,
"refer questions to:  askbjs@ojp.usdoj.gov     202-307-0765",,,,,,,,,,,,,,,,,,,
"date of version: 07/13/01",,,,,,,,,,,,,,,,,,,
,,,,,,,,,,,,,,,,,,,
,,,,,,,,,,,,,,,,,,,
"Table 107. Personal and property crimes, 2000:",,,,,,,,,,,,,,,,,,,
,,,,,,,,,,,,,,,,,,,
"Percent distribution of incidents where police came to the victim,",,,,,,,,,,,,,,,,,,,
"by police response time and type of crime",,,,,,,,,,,,,,,,,,,
,,,,,,,,,,,,,,,,,,,
,,,,"                                                                                                             Percent of incidents",,,,,,,,,,,,,,,
,,,,,,,,,,,,,,"  Longer",,"Length of",,,
"                                                                                               ",,,,,,"Within 5",,"6-10",,"11 minutes-",," Within",,"  than 1",,"time not",,"Not",
"Type of crime",,,,"          Total",,"minutes",,"minutes",,"1 hour",,"1 day",,"  day",,"known",,"ascertained",
,,,,,,,,,,,,,,,,,,,
,,,,,,,,,,,,,,,,,,,
"Crimes of violence/a",,,,100,"%",28.3,"%",25.7,"%",31.1,"%",7.5,"%",1.4,"%",5.2,"%",0.9,"%*"
,,,,,,,,,,,,,,,,,," ",
"   Robbery",,,,100,,29.9,,33.6,,27.3,,6.9,"*","0.0 ","*",2.4,"*","0.0 ","*"
"   Aggravated assault",,,,100,,31.5,,26.1,,24.4,,5.1,"*",2.8,"*",8.3,,1.9,"*"
"   Simple assault",,,,100,,26.5,,23.6,,35.3,,8.2,,1.0,"*",4.7,,0.8,"*"
,,,,,,,,,,,,,,,,,,,
"Property crimes",,,,100,"%",11.3,"%",23.5,"%",44.8,"%",13.2,"%",1.9,"%",5.0,"%",0.2,"%*"
,,,,,,,,,,,,,,,,,,,
"   Household burglary",,,,100,,12.4,,22.7,,44.1,,13.8,,1.9,,5.1,,"0.0 ","*"
"   Motor vehicle theft",,,,100,,9.6,,24.8,,44.8,,13.7,,1.6,"*",5.4,,"0.0 ","*"
"   Theft",,,,100,,11.0,,23.7,,45.3,,12.7,,2.0,,5.0,,0.4,"*"
,,,,,,,,,,,,,,,,,,,
,,,,,,,,,,,,,,,,,,,
"Note: Detail may not add to total shown because of rounding.",,,,,,,,,,,,,,,,,,,
"*Estimate is based on about 10 or fewer sample cases.",,,,,,,,,,,,,,,,,,,
"a/Crimes of violence includes data on rape and sexual assault, not shown separately.",,,,,,,,,,,,,,,,,,,
