"Bureau of Justice Statistics",,,,,,,,,,,,,,,,,,
"filename:  cv00104.csv",,,,,,,,,,,,,,,,,,
"Table 104: Percent of reasons for not reporting victimizations to the police,",,,,,,,,,,,,,,,,,,
"by victim-offender relationship and type of crime",,,,,,,,,,,,,,,,,,
"data source: National Criminal Victimization Survey, 2000   NCJ 188290",,,,,,,,,,,,,,,,,,
"produced by:  Cathy Maston ",,,,,,,,,,,,,,,,,,
"authors:  Patsy Klaus and Cathy Maston",,,,,,,,,,,,,,,,,,
"refer questions to:  askbjs@ojp.usdoj.gov     202-307-0765",,,,,,,,,,,,,,,,,,
"date of version: 07/13/01",,,,,,,,,,,,,,,,,,
,,,,,,,,,,,,,,,,,,
,,,,,,,,,,,,,,,,,,
"Table 104. Personal crimes of violence, 2000:",,,,,,,,,,,,,,,,,,
,,,,,,,,,,,,,,,,,,
"Percent of reasons for not reporting victimizations to the police,",,,,,,,,,,,,,,,,,,
"by victim-offender relationship and type of crime",,,,,,,,,,,,,,,,,,
,,,,,,,,,,,,,,,,,,
,,,,,"                                                                                  Percent of reasons for not reporting",,,,,,,,,,,,,
,,,,,,,,,,,"Object",,,,,,"Not aware",
,,,"Number of",,,,"Reported",,"Private or",,"recovered;",,"Not",," Insurance",,"crime",
"Relationship and",,,"reasons for",,,,"to another",,"personal",,"offender",,"important",," would not",,"occurred",
"type of crime",,,"not reporting",," Total",,"official",,"matter",,"unsuccessful",,"enough",," cover",,"until later",
,,,,,,,,,,,,,,,,,,
,,,,,,,,,,,,,,,,,,
"Involving strangers",,,,,,,,,,,,,,,,,,
,"Crimes of violence",,1853320,,100,"%",12.5,"%",16.7,"%",20.3,"%",5.8,"%","0.0 ","%*",0.6,"%*"
,"   Rape/Sexual assault/a",,79600,,100,"%",2.7,"*",23.8,"*",2.8,"*",3.9,"*","0.0 ","*","0.0 ","*"
,"   Robbery",,295930,,100,"%",2.5,"*",6.2,"*",18.6,,4.4,"*","0.0 ","*",1.8,"*"
,"   Assault",,1477790,,100,"%",15.0,,18.5,,21.6,,6.2,,"0.0 ","*",0.4,"*"
,,,,,,,,,,,,,,,,,,
"Involving nonstrangers",,,,,,,,,,,,,,,,,,
,"Crimes of violence",,1918300,,100,"%",17.8,,21.4,,13.1,,6.0,,"0.0 ","*",0.2,"*"
,"   Rape/Sexual assault/a",,75720,,100,"%",3.2,"*",24.5,"*",3.4,"*","0.0 ","*","0.0 ","*","0.0 ","*"
,"   Robbery",,126880,,100,"%",7.1,"*",13.2,"*",12.2,"*","0.0 ","*","0.0 ","*","0.0 ","*"
,"   Assault",,1715700,,100,"%",19.2,,21.9,,13.6,,6.7,,"0.0 ","*",0.2,"*"
,,,,,,,,,,,,,,,,,,
,,,,,,,,,,,,,,,,,,
,,,,,,,,,,,,,,,,,,
,,,,,,,,,,,,,,,,,,
,,,"                                                                           Percent of reasons for not reporting",,,,,,,,,,,,,,,
,,,"   Unable to",,,,"Police",,"Police",,,,"Too",,,,,
,,,"   recover",,,,"would not",,"inefficient,",,,,"inconvenient",,,,,
"Relationship and",,,"   property;",,"  Lack of",,"want to be",,"ineffective,",,"   Fear of",,"or time",,"  Other",,,
"type of crime",,,"   no ID no.",,"  proof",,"bothered",,"or biased",,"   reprisal",,"consuming",,"  reasons",,,
,,,,,,,,,,,,,,,,,,
,,,,,,,,,,,,,,,,,,
"Involving strangers",,,,,,,,,,,,,,,,,,
,"Crimes of violence",,0.4,"%*",6.9,"%",5.2,"%",5.5,"%",3.3,"%",4.0,"%",18.7,"%",,
,"   Rape/Sexual assault/a",,"0.0 ","*",8.0,"*",9.0,"*",9.9,"*",7.5,"*",2.8,"*",29.6,"*",,
,"   Robbery",,2.6,"*",14.9,,4.6,"*",11.8,,5.9,"*",3.5,"*",23.3,,,
,"   Assault",,"0.0 ","*",5.3,,5.1,,4.0,,2.6,,4.2,,17.2,,,
,,,,,,,,,,,,,,,,,,
"Involving nonstrangers",,,,,,,,,,,,,,,,,,
,"Crimes of violence",,0.2,"*",1.4,,4.1,,2.7,,6.4,,2.6,,24.2,,,
,"   Rape/Sexual assault/a",,"0.0 ","*","0.0 ","*",4.3,"*","0.0 ","*",6.4,"*",9.1,"*",49.1,,,
,"   Robbery",,2.9,"*",4.1,"*",15.4,"*",10.5,"*",9.5,"*",3.1,"*",21.8,,,
,"   Assault",,"0.0 ","*",1.3,"*",3.2,,2.2,,6.2,,2.3,,23.3,,,
,,,,,,,,,,,,,,,,,,
,,,,,,,,,,,,,,,,,,
"Note: Detail may not add to total shown because of rounding.",,,,,,,,,,,,,,,,,,
"Some respondents may have cited more than one reason for not reporting victimizations to the police.",,,,,,,,,,,,,,,,,,
"*Estimate is based on about 10 or fewer sample cases.",,,,,,,,,,,,,,,,,,
"a/Includes verbal threats of rape and threats of sexual assault.",,,,,,,,,,,,,,,,,,
