"Bureau of Justice Statistics",,,,,,,,,,,
"filename:  cv0096.csv",,,,,,,,,,,
"Table 96: Percent of victimizations reported to the police,",,,,,,,,,,,
"by type of crime and age of victims",,,,,,,,,,,
"data source: National Criminal Victimization Survey, 2000   NCJ 188290",,,,,,,,,,,
"produced by:  Cathy Maston ",,,,,,,,,,,
"authors:  Patsy Klaus and Cathy Maston",,,,,,,,,,,
"refer questions to:  askbjs@ojp.usdoj.gov     202-307-0765",,,,,,,,,,,
"date of version: 07/13/01",,,,,,,,,,,
,,,,,,,,,,,
,,,,,,,,,,,
"Table 96. Personal crimes, 2000:",,,,,,,,,,,
,,,,,,,,,,,
"Percent of victimizations reported to the police,",,,,,,,,,,,
"by type of crime and age of victims",,,,,,,,,,,
"       ",,,,,,,,,,,
,,"                                   Percent of victimizations reported to the police",,,,,,,,,
,,,,,,,,,,"65 and",
"Type of crime",,"12-19",,"20-34",,"35-49",,"50-64",,"over",
,,,,,,,,,,,
"All personal crimes",,35.3,"%",51.8,"%",54.3,"%",53.3,"%",53.3,"%"
,,,,,,,,,,,
"Crimes of violence",,36.1,,52.4,,54.9,,53.0,,54.6,
"   Completed violence",,47.3,,61.9,,65.5,,64.3,,72.7,"*"
"   Attempted/threatened violence",,30.3,,47.6,,50.2,,48.7,,48.3,
"   Rape/Sexual assault/a",,55.2,,42.3,,50.6,"*",26.9,"*",47.8,"*"
"   Robbery",,34.9,,59.8,,69.2,,60.1,,75.8,"*"
"      Completed/property taken",,38.8,,67.7,,71.9,,66.3,,73.6,"*"
"         With injury",,37.0,"*",86.0,,93.1,,64.4,"*",100.0,"*"
"         Without injury",,39.4,,59.1,,63.2,,67.8,"*",53.2,"*"
"      Attempted to take property",,26.7,"*",36.3,"*",61.8,,49.0,"*",79.8,"*"
"         With injury",,39.3,"*",22.2,"*",42.7,"*",36.1,"*",100.0,"*"
"         Without injury",,21.1,"*",41.3,"*",69.0,"*",58.6,"*",59.6,"*"
"   Assault",,35.1,,51.8,,53.0,,52.5,,49.9,
"      Aggravated",,43.2,,62.8,,63.0,,64.7,,44.4,"*"
"         With injury",,48.0,,65.8,,69.9,,89.9,"*",100.0,"*"
"         Threatened with weapon",,41.5,,61.6,,60.3,,58.1,,26.8,"*"
"      Simple",,32.7,,48.3,,49.6,,48.5,,52.2,
"         With minor injury",,48.9,,61.4,,62.2,,62.5,,56.0,"*"
"         Without injury",,26.1,,43.8,,46.3,,45.7,,51.9,
"Purse snatching/Pocket picking",,15.6,"*",36.1,,38.6,"*",62.8,"*",49.5,"*"
,,,,,,,,,,,
"*Estimate is based on about 10 or fewer sample cases.",,,,,,,,,,,
"a/Includes verbal threats of rape and threats of sexual assault.",,,,,,,,,,,
