"Bureau of Justice Statistics",,,,,,,
"filename:  cv0098.csv",,,,,,,
"Table 98: Percent of victimizations reported to the police,",,,,,,,
"by type of crime and form of tenure",,,,,,,
"data source: National Criminal Victimization Survey, 2000   NCJ 188290",,,,,,,
"produced by:  Cathy Maston ",,,,,,,
"authors:  Patsy Klaus and Cathy Maston",,,,,,,
"refer questions to:  askbjs@ojp.usdoj.gov     202-307-0765",,,,,,,
"date of version: 07/13/01",,,,,,,
,,,,,,,
,,,,,,,
"Table 98. Property crimes, 2000:",,,,,,,
,,,,,,,
"Percent of victimizations reported to the police,",,,,,,,
"by type of crime and form of tenure",,,,,,,
,,,,,,,
,,"                       Percent of victimizations",,,,,
,,"                         reported to the police",,,,,
,,"Both",,,,,
"Type of crime",,"forms",,"Owned",,"Rented",
,,,,,,,
,,,,,,,
"Property crimes",,35.7,"%",36.0,"%",35.3,"%"
,,,,,,,
"   Household burglary",,50.7,,52.6,,48.4,
"      Completed",,52.4,,53.9,,50.5,
"         Forcible entry",,74.4,,76.0,,71.9,
"         Unlawful entry without force",,40.2,,40.0,,40.4,
"      Attempted forcible entry",,41.8,,45.2,,38.2,
"   Motor vehicle theft",,80.4,,83.4,,77.2,
"      Completed",,90.7,,93.5,,87.3,
"      Attempted",,58.2,,58.1,,58.3,
"   Theft",,29.5,,29.8,,29.0,
"      Completed",,29.3,,29.6,,28.8,
"         Less than $50",,14.8,,14.4,,15.4,
"         $50 - $249",,26.7,,27.5,,25.5,
"         $250 or more",,53.7,,56.8,,49.8,
"         Amount not available",,33.6,,33.6,,33.6,
"      Attempted",,33.4,,33.5,,33.3,
