"Bureau of Justice Statistics",,,,
"filename: ctcvlc01hi.csv",,,,
"Highlights.  In 2001 plaintiffs in the 75 largest counties won just over half the 12,000 general civil cases ",,,,
"title: Civil Trial Cases and Verdicts in Large Counties, 2001, NCJ 202803",,,,
"data source: Civil Justice Survey of State Courts, 2001",,,,
"author: Thomas H. Cohen & Steven K. Smith",,,,
"refer question: askbjs@ojp.usdoj.gov  (202) 307-0765",,,,
"date of version: 02/11/04",,,,
,,,,
,"Number of cases",,"Percentage of total civil trials",
,,,,
"Total civil trials",11908,,100.0,"%"
"Plaintiff won",6657,,55.4,
"    Median $33,000 or more",3215,,27.0,
"    Over $250,000",1187,,10.0,
"    $1 million or more",442,,4.0,
