"Bureau of Justice Statistics",,,,,,,,,
"filename: ctcvlc01apf.csv",,,,,,,,,
"Appendix F: Final and puntive damage awards for plaintiff winners in jury trials, by sampled counties, 2001",,,,,,,,,
"title: Civil Trial Cases and Verdicts in Large Counties, 2001, NCJ 202803",,,,,,,,,
"data source: Civil Justice Survey of State Courts, 2001",,,,,,,,,
"author: Thomas H. Cohen & Steven K. Smith",,,,,,,,,
"refer question: askbjs@ojp.usdoj.gov  (202) 307-0765",,,,,,,,,
"date of version: 02/11/04",,,,,,,,,
,,,,,,,,,
"Appendix F: Final and punitive damage awards for plaintiff winners in jury trials, by sampled counties, 2001",,,,,,,,,
,,,,,,,,,
,"Total number ","Number of ","Final amount awarded to plaintiff winners",,,"Punitive damages awarded to plaintiff winners",,,
"County","of jury trials","plaintiff winners","Total of all awards","Median award",,"Number","Total of all awards","Median award",
,,,,,,,,,
"Maricopa, AZ",282,153,$63131000,$24000,,8,$31930000,$90000,
"Pima, AZ",78,50,8014000,31000,,4,26000,6000,
"Alameda, CA",64,38,177520000,89000,,3,4101000,500000,
"Contra Costa, CA",24,9,3092000,179000,," --"," --"," --",
"Fresno, CA",36,22,20429000,89000,,3,137000,50000,
"Los Angeles, CA/a",165,87,33993000,120000,,7,1904000,35000,
"Orange, CA",179,86,164985000,76000,,12,25809000,238000,
"San Bernardino, CA",62,28,32981000,107000,,2,27000,14000,
"San Francisco, CA",94,49,141505000,152000,,2,240000,120000,
"Santa Clara, CA",53,35,7612000,43000,,2,380000,190000,
"Ventura, CA",47,23,3168000,58000,,1,100000,"100,000","*"
"Fairfield, CT/b",65,40,3570000,21000,," --"," --",,
"Hartford, CT/c",91,52,7436000,18000,,2,160000,80000,
"Dade, FL",310,178,534483000,74000,,4,279600000,2300000,
"Orange, FL",32,22,4783000,124000,,2,300000,150000,
"Palm Beach, FL",158,97,21882000,43000,,1,4000000,"4,000,000","*"
"Fulton, GA",110,75,9197000,10000,,4,381000,53000,
"Honolulu, HI",9,5,5778000,550000,,2,2301000,1150000,
"Cook, IL",350,195,156485000,80000,,4,188000,5000,
"Du Page, IL",97,59,8999000,8000,,1,150000,"150,000","*"
"Marion, IN",84,44,2511000,13000,,3,510000,5000,
"Jefferson, KY",127,56,8639000,25000,,3,99000,20000,
"Essex, MA",22,10,10725000,34000,," --"," --"," --",
"Middlesex, MA",106,28,22570000,68000,,2,25000,13000,
"Suffolk, MA",48,20,6190000,56000,,1,2750000,"2,750,000","*"
"Worcester, MA",36,7,280000,39000,,1,18000,"18,000","*"
"Oakland, MI",124,62,11992000,56000,," --"," --"," --",
"Wayne, MI",160,54,30506000,81000,," --"," --"," --",
"Hennepin, MN",161,73,8543000,43000,," --"," --"," --",
"St. Louis, MO",84,47,3964000,16000,,2,28000,14000,
"Bergen, NJ",139,47,8324000,35000,,3,305000,105000,
"Essex, NJ",136,56,15044000,38000,,1,2000,"2,000","*"
"Middlesex, NJ",260,90,16260000,58000,,3,554000,38000,
"New York, NY",283,130,179319000,280000,,3,7850000,700000,
"Mecklenburg, NC",86,56,12161000,14000,,3,518000,16000,
"Cuyahoga, OH",211,120,38254000,20000,,5,1471000,100000,
"Franklin, OH",110,67,25302000,25000,,11,4493000,10000,
"Allegheny, PA",185,71,23526000,19000,,2,3010000,1505000,
"Philadelphia, PA",432,219,375713000,74000,,5,149141000,49000,
"Bexar, TX",74,32,101410000,35000,,4,77012000,969000,
"Dallas, TX",226,122,567656000,45000,,11,392521000,275000,
"El Paso, TX",54,25,19242000,40000,,7,1566000,45000,
"Harris, TX",383,155,93479000,37000,,9,35271000,90000,
"Fairfax, VA",170,92,10551000,13000,,9,1039000,18000,
"King, WA",116,69,46784000,32000,,4,125000,10000,
"Milwaukee, WI",86,59,6487000,15000,,1,2000,"2,000","*"
,,,,,,,,,
"Note: Excludes cases with missing award amounts.  Final amount awarded includes both compensatory (reduced for contributory negligence), costs and fees, ",,,,,,,,,
"and punitive damage awards.  Award data were rounded to the nearest $1,000. Eminent ",,,,,,,,,
"domain cases are not calculated among final awards because there is always an award; the issue is how much the defendant ",,,,,,,,,
"(whose property is being condemned) will receive for the property.",,,,,,,,,
" -- No cases recorded.",,,,,,,,,
"*Not a median but the actual amount awarded.",,,,,,,,,
"a/Includes only the central district of the Los Angeles County Superior Court. Los Angeles suburban courts are not included.",,,,,,,,,
"b/Includes only cases for Fairfield judicial district.",,,,,,,,,
"c/Includes only cases for Hartford-New Britain judicial district.",,,,,,,,,
