"Bureau of Justice Statistics",,,
"filename: ctcvlc01apd.csv",,,
"Appendix D: Civil trial juries: size and verdict rules in State courts of general jurisdiction, 2001 survey",,,
"title: Civil Trial Cases and Verdicts in Large Counties, 2001, NCJ 202803",,,
"data source: Civil Justice Survey of State Courts, 2001",,,
"author: Thomas H. Cohen & Steven K. Smith",,,
"refer question: askbjs@ojp.usdoj.gov  (202) 307-0765",,,
"date of version: 02/11/04",,,
,,,
"Appendix D: Civil trial juries: size and verdict rules in State courts of general jurisdiction, 2001 survey",,,
,,,
,,,
"State/court","Size",,"Civil juries decision-rile"
,,,
"Alabama",,,
"Circuit",12,,"Unanimous"
,,,
"Alaska",,,
"Superior",12,,"5/6 rule"
,,,
"Arizona",,,
"Superior",8,,"3/4 rule"
,,,
"Arkansas",,,
"Circuit",12,,"3/4 rule"
"Common Pleas",12,,"3/4 rule"
,,,
"California",,,
"Superior","12  3",,"3/4 rule"
,,,
"Colorado",,,
"District",6,,"Unanimous"
,,,
"Connecticut",,,
"Superior",6,,"Unanimous"
,,,
"Delaware",,,
"Superior",12,,"Unanimous"
,,,
"District of Columbia",,,
"Superior","6 5",,"Unanimous"
,,,
"Florida",,,
"Circuit","6  6",,"Unanimous"
,,,
"Georgia",,,
"Superior",12,,"Unanimous"
,,,
"Hawaii",,,
"Circuit","12  9",,"5/6 rule   10"
,,,
"Idaho",,,
"District"," 12/6  11",,"3/4 rule"
,,,
"Illinois",,,
"Circuit","12/6  12",,"Unanimous"
,,,
"Indiana",,,
"Superior",6,,"Unanimous"
"Circuit",6,,"Unanimous"
,,,
"Iowa",,,
"District",8,,"7/8 rule of unanimous   17"
,,,
"Kansas",,,
"District","6/12  19",,"5/6 rule, or unanimous  20"
,,,
"Kentucky",,,
"Circuit",12,,"3/4 rule"
,,,
"Louisiana",,,
"District","12  23",,"5/6-rule, 9/12-rule"
,,,
"Maine",,,
"Superior",8,,"3/4 rule"
,,,
"Maryland",,,
"Circuit",6,,"Unanimous"
,,,
"Massachusetts",,,
"Superior",12,,"5/6 rule"
,,,
"Michigan",,,
"Circuit",6,,"5/6 rule"
,,,
"Minnesota",,,
"District",6,,"5/6-rule, or Unanimous  24"
,,,
"Mississippi",,,
"Circuit",12,,"3/4 rule"
"Chancery",12,,"3/4 rule"
,,,
"Missouri",,,
"Circuit",12,,"3/4 rule"
,,,
"Montana",,,
"District","12  25",,"2/3 rule"
,,,
,,,"Civil juries"
"State/court","Size",,"decision-rule"
"Nebraska",,,
"District",12,,"5/6 rule, or Unanimous 26"
,,,
"Nevada",,,
"District","12  27",,"3/4 rule"
,,,
"New Hampshire",,,
"Superior",12,,"Unanimous"
,,,
"New Jersey",,,
"Superior","6/12",,"5/6 rule"
,,,
"New Mexico",,,
"District",12,,"5/6 rule"
,,,
"New York",,,
"Supreme ",6,,"5/6 rule"
"County",6,,"5/6 rule"
,,,
"North Carolina",,,
"Superior","12  28",,"Unanimous  28"
,,,
"North Dakota",,,
"District","6/9",,"Unanimous"
,,,
"Ohio",,,
"Common Pleas","12/8  29",,"3/4 rule"
,,,
"Oklahoma",,,
"District","6/12  31",,"Unanimous"
,,,
"Oregon",,,
"Circuit","6/12  33",,"3/4 rule"
,,,
"Pennsylvania",,,
"Common Pleas","12  35",,"5/6 rule"
,,,
"Puerto Rico",,,
"Superior","No jury",,"No jury"
,,,
"Rhode Island",,,
"Superior",12,,"Unanimous"
,,,
"South Carolina",,,
"Circuit",12,,"Unanimous"
,,,
"South Dakota",,,
"Circuit","12  36",,"5/6 rule"
,,,
"Tennessee",,,
"Circuit",12,,"Unanimous"
"Chancery",12,,"Unanimous"
,,,
"Texas",,,
"District",12,,"5/6 rule"
,,,
"Utah",,,
"District",8,,"3/4 rule of majority"
,,,
"Vermont",,,
"Superior",12,,"Unanimous"
"District",12,,"Unanimous"
,,,
"Virginia",,,
"Circuit","5/7  39",,"Unanimous"
,,,
"Washington",,,
"Superior","6   41",,"5/6 rule"
,,,
"West Virginia",,,
"Circuit",6,,"Unanimous"
,,,
"Wisconsin",,,
"Circuit","6   43",,"5/6 rule"
,,,
"Wyoming",,,
"District","6  44",,"Unanimous"
,,,
"Federal",,,
"District","6  45",,"Unanimous"
,,,
,,,
"FOOTNOTES:",,,
,,,
" Arizona:",,,
"1/ Twelve-member jury if death penalty or sentence of thirty years or more.",,,
,,,
"Arkansas:",,,
"2/ May be six at judge's discretion.",,,
,,,
"California:",,,
"3/ Or fewer by agreement of parties.",,,
,,,
"Connecticut:",,,
"4/ Twelve-member jury in capital cases, defendant may elect otherwise.",,,
,,,
"District of Columbia",,,
"5/ In civil trials, six-member jury unless a jury of twelve is demanded.",,,
,,,
"Florida:",,,
"6/ Capital and eminent domain cases require a twelve-member jury (Unanimous verdict).",,,
,,,
"Georgia:",,,
"7/ In state court civil trials, twelve-member jury may be demanded if damages are greater than $10,000, otherwise six.",,,
,,,
"Hawaii:",,,
"8/ Crimes punishable by six months or more.",,,
"9/ May stipulate that the jury consist of any number less than twelve or ",,,
"that a verdict on finding of a stated majority of jurors is taken as the verdict or finding of the jury.",,,
"10/ Can stipulate to six-member with 5/6-rule.",,,
,,,
"Idaho:",,,
"11/ Limited to six in cases involving less than $500.00.",,,
,,,
"Illinois:",,,
"12/ In civil trials, six-member jury unless twelve are requested.",,,
,,,
"Indiana:",,,
"13/ Twelve for class A, B, and C felonies; six for other felonies.",,,
"14/ Only tries class D felonies.",,,
"15/ No jurisdiction over felonies.",,,
,,,
"Iowa:",,,
"16/ In misdemeanor trials, twelve-member jury if ""serious"" or ""aggravated,"" six if ""simple.""",,,
"17/ In civil trials, 7/8-rule applies after six hours of deliberation.",,,
,,,
"Kansas:",,,
"18/ In felony trial, must start with twelve members.",,,
"19/ In civil trials, twelve-member jury if damages are greater than $10,000, otherwise six. ",,,
"20/ In civil trials, 5/6-rule applies with twelve jurors, otherwise must be unanimous.",,,
,,,
"Louisiana:",,,
"21/ Capital cases and cases where punishment necessarily is confinement at hard labor=twelve jurors.  Cases where ",,,
"punishment may be confinement at hard labor=six jurors.",,,
"22/ Capital cases=unanimous; cases where punishment necessary is confinement at hard labor=10/12; cases where ",,,
"punishment may be confinement at hard labor=unanimous.",,,
"23/ Parties may stipulate to a six person jury.",,,
,,,
"Minnesota:",,,
"24/ If deliberate more than six hours.",,,
,,,
"Montana:",,,
"25/ In misdemeanor and civil trials, four-member jury if both parties agree.",,,
,,,
"Nebraska:",,,
"26/ In civil trials, 5/6-rule after six hours deliberation.",,,
,,,
"Nevada:",,,
"27/ Parties may stipulate to a jury of 4-8.",,,
,,,
"North Carolina:",,,
"28/ Except in actions in which a jury is required by statute, the parties may stipulate that the jury shall consist of any ",,,
"number less than twelve or that a verdict or a finding of a stated majority of the jurors shall be taken as the verdict",,,
"or finding of the jury.",,,
,,,
"Ohio:",,,
"29/ Twelve person only when action for appropriation of right-of-way by a corporation.",,,
,,,
"Oklahoma:",,,
"30/ In cases where imprisonment is authorized for more than six months, all jurors must concur in the verdict.",,,
"31/ In civil trials, twelve-member jury if damages are greater than $2,500, otherwise six.",,,
,,,
"Oregon:",,,
"32/ In murder trials, verdict must be unanimous.",,,
"33/ Six person if cause of action less than $10,000.00.",,,
,,,
,,,
"Pennsylvania:",,,
"34/ Upon consent, may be less than twelve, but not less than six.",,,
"35/ Twelve is subject to waiver.",,,
,,,
"South Dakota:",,,
"36/ Small claims actions - six person jury allowed (beginning 7/1/98 pilot",,,
,,,
"Utah:",,,
"37/ Twelve member jury for capital offense.",,,
"38/ In class A misdemeanor trials, a six-member jury is required.  In class C and D misdemeanor trials, a ",,,
"four-member jury is required.",,,
,,,
"Virginia:",,,
"39/ In civil trials, a twelve-member jury may be allowed by judge.",,,
,,,
"Washington:",,,
"40/ In non-capital cases, defendant may elect trial before a six-member jury.",,,
"41/ In a civil trial, may demand a twelve-member jury.",,,
,,,
"Wisconsin:",,,
"42/ Both parties may agree, in writing or on the record, to any number less than twelve.",,,
"43/ In civil or traffic cases, a party may request, or the court on its own motion may require a greater number, ",,,
"not to exceed twelve.",,,
,,,
"Wyoming:",,,
"44/ In civil trials, six-member jury unless demand made for twelve.",,,
,,,
"Federal:",,,
"45/ In civil trials, six-member jury unless a jury of twelve is demanded (local rules).  ",,,
"Even absent stipulation, if the court finds it necessary to excuse a juror, ",,,
"a valid verdict may be returned by the remaining eleven.",,,
,,,
"Source: David B. Rottman, et al. State Court Organization, 1998. National Center for State Courts. NCJ 178932,",,,
"June 2000.",,,
