"Bureau of Justice Statistics",,,,,,,,,,,
"filename: ctcvlc01t08.csv",,,,,,,,,,,
"Table 8.  Compensatory and total award amounts for plaintiff winners who were awarded punitive damages in civil trials in State courts in the Nation's largest counties, 2001",,,,,,,,,,,
"title: Civil Trial Cases and Verdicts in Large Counties, 2001, NCJ 202803",,,,,,,,,,,
"data source: Civil Justice Survey of State Courts, 2001",,,,,,,,,,,
"author: Thomas H. Cohen & Steven K. Smith",,,,,,,,,,,
"refer question: askbjs@ojp.usdoj.gov  (202) 307-0765",,,,,,,,,,,
"date of version: 02/11/04",,,,,,,,,,,
,,,,,,,,,,,
"Table 8.  Compensatory and total award amounts for plaintiff winners who were awarded punitive damages in civil trials in State courts in the Nation's largest counties, 2001",,,,,,,,,,,
,,,,,,,,,,,
,,"Total damage award amount",,,,"Percent of punitive damage cases with punitive awards--",,,,,
,"Number of cases with a plaintiff winner awarded punitive damages(a)","Total(b)","Punitive","Compensatory(b)",,"Greater than compensatory damage awards",,"At least 2 times greater than compensatory damage awards",,"At least 4 times greater than compensatory damage awards",
,,,,,,,,,,,
"All trial cases",356,$1822834000,$1221877000,$595725000,,38.8,"%",23.8,"%",13.9,"%"
,,,,,,,,,,,
"Tort cases",217,$626779000,$367149000,$257790000,,39.9,"%",28.6,"%",18.1,"%"
"Contract cases",138,1195705000,854658000,337655000,,37.4,,16.6,,7.5,
"Real property cases(c)",1,350000,70000,280000,," --",," --",,"--",
,,,,,,,,,,,
"Note: Punitive and compensatory damage data will not sum to total because a third category, fees and costs, have been excluded.  Award data were rounded to the nearest $1,000. Detail may not sum to total because of rounding.  In this study",,,,,,,,,,,
"cases are classified by the primary case type, though many cases involve multiple claims (that is, contract and tort). Under laws in almost all States, only tort claims qualify for punitive damages. If contract or real property cases ",,,,,,,,,,,
"involved punitive damages, it involved a related tort claim.  ",,,,,,,,,,,
"--No cases recorded.",,,,,,,,,,,
"a/The number of trials includes bench and jury trials, trials with a directed verdict, judgments notwithstanding the verdict, and jury trials for defaulted defendants.",,,,,,,,,,,
"b/Compensatory and total award damages do not include reductions.  ",,,,,,,,,,,
"c/Excludes eminent domain cases.  ",,,,,,,,,,,
