"Bureau of Justice Statistics",,,,,,,,,
"filename: ctcvlc01apc.csv",,,,,,,,,
"Appendix C: Selected characteristics of sampled counties, 2001 survey",,,,,,,,,
"title: Civil Trial Cases and Verdicts in Large Counties, 2001, NCJ 202803",,,,,,,,,
"data source: Civil Justice Survey of State Courts, 2001",,,,,,,,,
"author: Thomas H. Cohen & Steven K. Smith",,,,,,,,,
"refer question: askbjs@ojp.usdoj.gov  (202) 307-0765",,,,,,,,,
"date of version: 02/11/04",,,,,,,,,
,,,,,,,,,
"Appendix C: Selected characteristics of sampled counties, 2001 survey",,,,,,,,,
,,,,,,,,,
"County","Primary City","Court Name","2001 Population estimate",,"Minimum jurisdiction amount in civil cases/a",,"Number of general civil filings in 2001/b",,"Number of preemptory challenges in jury trials/c"
,,,,,,,,,
"Maricopa, AZ","Phoenix","Superior",3194798,,$5000,,28052,,4
"Pima, AZ","Tucson","Superior",863049,,10000,,6051,,4
"Alameda, CA","Oakland","Superior",1458420,,25000,,10481,,6
"Contra Costa, CA","Martinez","Superior",975532,,25000,,7535,,6
"Fresno, CA","Fresno","Superior",815734,,25000,,6012,,6
"Los Angeles, CA","Los Angeles","Superior","3,741,300/d",,25000,,"54,627/g",,6
"Orange, CA","Santa Ana","Superior",2890444,,25000,,16120,,6
"San Bernardino, CA","San Bernardino","Superior",1766237,,25000,,6154,,6
"San Francisco, CA","San Francisco","Superior",770723,,25000,,7395,,6
"Santa Clara, CA","San Jose","Superior",1668309,,25000,,7878,,6
"Ventura, CA","Ventura","Superior",770630,,25000,,3176,,6
"Fairfield, CT","Bridgeport","Superior","308,876/e",,2500,,"6,511/h",,3
"Hartford, CT","Hartford","Superior","872,327/f",,2500,,"8,676/i",,3
"Dade, FL","Miami","Circuit",2289683,,15001,,31406,,3
"Orange, FL","Orlando","Circuit",923311,,15001,,11031,,3
"Palm Beach, FL","West Palm Beach","Circuit",1165049,,15001,,13568,,3
"Fulton, GA","Atlanta","Superior",816638,,5000,,3866,,6
"Honolulu, HI","Honolulu","Circuit",881295,,20000,,3665,,3
"Cook, IL","Chicago","Circuit",5350269,,2500,,"na",,5
"Du Page, IL","Wheaton","Circuit",912044,,2500,,25099,,5
"Marion, IN","Indianapolis","Superior",856938,,6000,,32620,,3
"Jefferson, KY","Louisville","Circuit",692910,,4000,,8830,,3
"Essex, MA","Salem","Superior",730296,,25000,,2546,,4
"Middlesex, MA","Cambridge","Superior",1463454,,25000,,5624,,4
"Suffolk, MA","Boston","Superior",682062,,25000,,5980,,4
"Worcester, MA","Worcester","Superior",762207,,25000,,2682,,4
"Oakland, MI","Pontiac","Circuit",1198593,,25000,,12285,,3
"Wayne, MI","Detroit","Circuit",2045473,,25000,,7574,,3
"Hennepin, MN","Minneapolis","District",1114977,,7500,,22131,,2
"St. Louis, MO","St. Louis","Circuit",1015417,,25000,,5317,,3
"Bergen, NJ","Hackensack","Superior",886680,,10000,,11544,,6
"Essex, NJ","Newark","Superior",793133,,10000,,91165,,6
"Middlesex, NJ","New Brunswick","Superior",757191,,10000,,42496,,6
"New York, NY","New York","Supreme",1541150,,25000,,24862,,3
"Mecklenburg, NC","Charlotte","Superior",716407,,10000,,8391,,8
"Cuyahoga, OH","Cleveland","Common Pleas",1380421,,15000,,13784,,3
"Franklin, OH","Columbus","Common Pleas",1071524,,15000,,12915,,3
"Allegheny, PA","Pittsburgh","Common Pleas",1270612,,8000,,11069,,4
"Philadelphia, PA","Philadelphia","Common Pleas",1491812,,8000,,45856,,4
"Bexar, TX","San Antonio","District",1417501,,5000,,11803,,6
"Dallas, TX","Dallas","District",2245398,,5000,,11251,,6
"El Paso, TX","El Paso","District",688039,,5000,,"na",,6
"Harris, TX","Houston","District",3460589,,5000,,24768,,6
"Fairfax, VA","Fairfax","Circuit",985161,,15000,,13221,,3
"King, WA","Seattle","Superior",1741785,,50000,,10526,,3
"Milwaukee, WI","Milwaukee","Circuit",932012,,5000,,12185,,3
,,,,,,,,,
"Sources: State Court Organization, 1998; State Court Caseload Statistics, 2002 2001 population estimates for each county came from the U.S. MapStats website, http://www.fedstats.gov/qf/. The 2001 population estimates for the city of Los ",,,,,,,,,
"Angeles http://www.losangelesalmanac.com/topics/Population/po24a.htm 2001 population estimates for the judicial districts of Fairfield and Hartford-New Britain, Connecticut came from the U.S. Bureau of the Census website, ",,,,,,,,,
"http://eire.census.gov/popest/data/cities/subtab13.php. Filing data were not available for Cook or El Paso County.",,,,,,,,,
"a/Minimum jurisdiction amounts only covers the monetary amounts for civil cases that are exclusively within the court of general jurisdiction.  Civil cases that have shared jurisdiction between the general and limited jurisdiction courts ",,,,,,,,,
"are not included in these amounts.",,,,,,,,,
"b/General civil includes tort, contract, and real property cases filed in courts of general jurisdiction.",,,,,,,,,
"c/See Appendix D for state required jury size and state decision rule for jury trials.",,,,,,,,,
"d/The 2001 population estimate is only for the City of Los Angeles.  2001 Civil trial data were only collected for the central district of Los Angeles County Superior Court.  Los Angeles county suburban courts are not included.",,,,,,,,,
"e/The 2001 population estimate is for Fairfield judicial district.  Towns in Fairfield County, CT are located in 4 judicial districts: Ansonia-Milford, Danbury, Stramford-Norwalk, and Fairfield.  2001 civil trial data were collected only",,,,,,,,,
"for Fairfield judicial district. The 2001 population estimate for Fairfield, CT, was 885,368.",,,,,,,,,
"f/The 2001 population estimate is for the Hartford-New Britain judicial district. The 2001population estimate for Hartford County, CT was 861,152.",,,,,,,,,
"g/Includes cases filed in all of Los Angeles county. Filing data were not available for the central district of the Los Angeles County Superior Court. ",,,,,,,,,
"h/Includes cases filed in all of Fairfield county.  Filing data were not available for the Fairfield judicial district.",,,,,,,,,
"i/Includes cases filed in all of Hartford county.  Filing data were not available for the Hartford judicial district.",,,,,,,,,
