"Bureau of Justice Statistics",,,,,,,,,,,,
"filename: ctcvlc01tt1.csv",,,,,,,,,,,,
"Text table 1.  Federal tort, contract, and real property trials terminated in U.S. district courts, 2001",,,,,,,,,,,,
"title: Civil Trial Cases and Verdicts in Large Counties, 2001, NCJ 202803",,,,,,,,,,,,
"data source: Civil Justice Survey of State Courts, 2001",,,,,,,,,,,,
"author: Thomas H. Cohen & Steven K. Smith",,,,,,,,,,,,
"refer question: askbjs@ojp.usdoj.gov  (202) 307-0765",,,,,,,,,,,,
"date of version: 02/11/04",,,,,,,,,,,,
,,,,,,,,,,,,
"Text table 1.  Federal tort, contract, and real property trials terminated in U.S. district courts, 2001",,,,,,,,,,,,
,,,,,,,,,,,,
,,,,,,,,,,,,
,"All trial cases",,,,,"Jury trial cases",,,,"Bench trial cases",,
"Case type","Number of plaintiff winners","Number of plaintiff monetary awards","Total award","Median award",,"Number  plaintiff winners","Number of plaintiff monetary awards","Median award",,"Number plaintiff winners","Number of plaintiff monetary awards","Median award"
,,,,,,,,,,,,
"Total",801,636,$976156000,$216000,,483,405,$228000,,318,231,$177000
,,,,,,,,,,,,
"Tort",434,358,$462943000,$179000,,316,261,$201000,,118,97,$139000
"Contract",324,266,508543000,272000,,159,140,330000,,165,126,226000
"Real property",43,12,4670000,125000,,8,4,773000,,35,8,105000
"            ",,,,,,,,,,,,
"Note: Award data were rounded to the nearest thousand. Source: Administrative Office of the U.S. Courts, Civil Master File, fiscal year 2001.  Published reports on Federal District Court data are also available from the U.S. Administrative",,,,,,,,,,,,
"Office of the Courts:  <http:\\www.uscourts.gov\statisticalreport.html>.",,,,,,,,,,,,
"",,,,,,,,,,,,
"",,,,,,,,,,,,
