"Bureau of Justice Statistics",,,,,,,
"filename: ctcvlc01t07.csv",,,,,,,
"Table 7.  Punitive damage awards in civil trial cases for plaintiff award winners in State courts in the Nation's 75 largest counties, 2001",,,,,,,
"title: Civil Trial Cases and Verdicts in Large Counties, 2001, NCJ 202803",,,,,,,
"data source: Civil Justice Survey of State Courts, 2001",,,,,,,
"author: Thomas H. Cohen & Steven K. Smith",,,,,,,
"refer question: askbjs@ojp.usdoj.gov  (202) 307-0765",,,,,,,
"date of version: 02/11/04",,,,,,,
,,,,,,,
"Table 7.  Punitive damage awards in civil trial cases for plaintiff award winners in State courts in the Nation's 75 largest counties, 2001",,,,,,,
,,,,,,,
,,,,,,,
,,"Trial cases with plaintiff winners",,,,,
,,"Amount of punitive damages awarded",,,,"Number of cases with punitive damages--",
" Case type","Number awarded punitive damages(a)"," Total"," Median",,,"Over $250,000","$1 million or more"
,,,,,,,
"All trial cases(a)",356,$1221877000,$50000,,,81,41
,,,,,,,
"Tort cases",217,$367149000,$25000,,,45,23
,,,,,,,
"Automobile",54,48578000,5000,,,9,7
"Premises liability",8,646000,33000,,,"  --"," --"
"Product liability",3,1077000,433000,,,2," --"
"    Asbestos",2,900000,500000,,,2," --"
"    Other",1,177000,"177,000","*",," --"," --"
"Intentional tort",78,32653000,16000,,,16,9
"Medical malpractice",15,115577000,187000,,,4,2
"Professional malpractice",7,117000,1000,,," --"," --"
"Slander/libel",23,3771000,77000,,,4," --"
"Animal attack",6,391000,68000,,," --"," --"
"Conversion",3,289000,100000,,," --"," --"
"False arrest, imprisonment",5,202000,8000,,," --"," --"
"Other or unknown tort",16,163849000,470000,,,11,4
,,,,,,,
"Contract cases",138,$854658000,$83000,,,36,18
,,,,,,,
"Fraud",60,368992000,63000,,,11,5
"Seller plaintiff",9,484000,4000,,," --"," --"
"Buyer plaintiff",16,16509000,275000,,,9,3
"Mortgage foreclosure"," --"," --"," --",,," --"," --"
"Employment discrimination",13,13552000,606000,,,9,5
"Other employment dispute",16,3949000,151000,,,2,1
"Rental/lease",9,2282000,15000,,,2,2
"Tortious interference",9,431981000,83000,,,3,1
"Partnership dispute",4,16909000,186000,,,1,1
"Subrogation"," --"," --"," --",,," --"," --"
"Other or unknown contract",2,1000,1000,,," --"," --"
,,,,,,,
"Real property cases(b)",1,$70000,"$70 ,000","*",," --"," --"
,,,,,,,
"Note: There was a total of 364 cases in which a punitive damage claim was awarded.  In 356 of these cases, the punitive award went to the plaintiff and in 8 cases the punitive  award went to the defendant on a counterclaim. In this study, ",,,,,,,
"cases are classified by the primary case type, though many cases involve multiple claims (that is, contract and tort).  Under laws in almost all States, only tort claims qualify for punitive damages. If contract or real property cases ",,,,,,,
"involved punitive damages, it involved a related tort claim.",,,,,,,
"Detail may not sum to total because of rounding.",,,,,,,
"Award data were rounded to the nearest thousand. ",,,,,,,
"*Not median but the actual amount awarded.",,,,,,,
"--No cases recorded.",,,,,,,
"a/The number of trial cases includes bench and jury trials, trials with a directed verdict, judgments notwithstanding the verdict, and jury trials for defaulted defendants.",,,,,,,
"b/Excludes eminent domain cases.  ",,,,,,,
