"Bureau of Justice Statistics",,,,,,,,,,,,,,,
"filename: ctcvlc01ab.csv",,,,,,,,,,,,,,,
"Appendix B.  Selected characteristics by sampled counties, 2001",,,,,,,,,,,,,,,
"title: Civil Trial Cases and Verdicts in Large Counties, 2001, NCJ 202803",,,,,,,,,,,,,,,
"data source: Civil Justice Survey of State Courts, 2001",,,,,,,,,,,,,,,
"author: Thomas H. Cohen & Steven K. Smith",,,,,,,,,,,,,,,
"refer question: askbjs@ojp.usdoj.gov  (202) 307-0765",,,,,,,,,,,,,,,
"date of version: 02/11/04",,,,,,,,,,,,,,,
,,,,,,,,,,,,,,,
"Appendix B.  Selected characteristics by sampled counties, 2001",,,,,,,,,,,,,,,
,,,,,,,,,,,,,,,
,,,,"All cases",,,"Jury  trials",,,"Bench trials",,,"Other trials(a)",,
"County","Court name","2001 population estimate",,"Number","Percent plaintiff winners",,"Number","Percent plaintiff winners",,"Number","Percent plaintiff winners",,"Number","Percent plaintiff winners",
,,,,,,,,,,,,,,,
"Maricopa, AZ","Superior",3194798,,308,55.8,"%",282,55.0,"%",23,65.2,"%",3,66.7,"%"
"Pima, AZ","Superior",863049,,95,65.3,,78,64.1,,15,73.3,,2,50.0,
"Alameda, CA","Superior",1458420,,104,56.7,,64,62.5,,35,54.3,,5," --",
"Contra Costa, CA","Superior",975532,,43,41.9,,24,37.5,,14,57.1,,5,20.0,
"Fresno, CA","Superior",815734,,46,58.7,,36,61.1,,10,50.0,," --"," --",
"Los Angeles, CA","Superior","3,741,300 b",,294,54.4,,165,53.3,,125,54.4,,4,100.0,
"Orange, CA","Superior",2890444,,353,51.3,,179,48.6,,173,54.3,,1," --",
"San Bernardino, CA","Superior",1766237,,100,46.0,,62,45.2,,37,48.6,,1," --",
"San Francisco, CA","Superior",770723,,144,59.7,,94,52.1,,50,74.0,," --"," --",
"Santa Clara, CA","Superior",1668309,,98,65.3,,53,66.0,,44,63.6,,1,100.0,
"Ventura, CA","Superior",770630,,81,55.6,,47,48.9,,33,66.7,,1," --",
"Fairfield, CT","Superior","308,876c",,65,61.5,,65,61.5,," --"," --",," --"," --",
"Hartford, CT","Superior","308,876d",,98,56.1,,91,57.1,,7,42.9,," --"," --",
"Dade, FL","Circuit",2289683,,334,63.2,,310,62.3,,4,50.0,,20,80.0,
"Orange, FL","Circuit",923311,,45,60.0,,32,68.8,,11,45.5,,2," --",
"Palm Beach, FL","Circuit",1165049,,198,64.1,,158,63.9,,35,65.7,,5,60.0,
"Fulton, GA","Superior",816638,,126,69.0,,110,68.2,,12,83.3,,4,50.0,
"Honolulu, HI","Circuit",881295,,24,58.3,,9,55.6,,14,64.3,,1," --",
"Cook, IL","Circuit",5350269,,397,56.2,,350,56.3,,47,55.3,,1,100.0,
"Du Page, IL","Circuit",912044,,128,64.1,,97,60.8,,30,73.3,,1,100.0,
"Marion, IN","Superior",856938,,124,54.0,,84,52.4,,40,57.5,," --"," --",
"Jefferson, KY","Circuit",692910,,154,50.0,,127,48.0,,21,61.9,,6,50.0,
"Essex, MA","Superior",730296,,29,37.9,,22,45.5,,3,33.3,,4," --",
"Middlesex, MA","Superior",1463454,,117,26.5,,106,26.4,,9,33.3,,2," --",
"Suffolk, MA","Superior",682062,,52,46.2,,48,43.8,,4,75.0,," --"," --",
"Worcester, MA","Superior",762207,,40,30.0,,36,25.0,,4,75.0,," --"," --",
"Oakland, MI","Circuit",1198593,,175,55.4,,124,52.4,,48,66.7,,3," --",
"Wayne, MI","Circuit",2045473,,210,40.0,,160,37.5,,45,51.1,,5,20.0,
"Hennepin, MN","District",1114977,,201,56.2,,161,54.0,,38,68.4,,2," --",
"St Louis, MO","Circuit",1015417,,145,57.9,,84,56.0,,56,64.3,,5,20.0,
"Bergen, NJ","Superior",886680,,206,45.6,,139,33.8,,61,72.1,,6,50.0,
"Essex, NJ","Superior",793133,,152,44.7,,136,41.2,,12,91.7,,4,25.0,
"Middlesex, NJ","Superior",757191,,281,37.0,,260,35.0,,19,63.2,,2,50.0,
"New York, NY","Supreme",1541150,,308,47.1,,283,47.0,,22,50.0,,3,33.3,
"Mecklenburg, NC","Superior",716407,,104,63.5,,86,66.3,,13,61.5,,5,20.0,
"Cuyahoga, OH","Common Pleas",1380421,,253,59.3,,211,57.8,,35,71.4,,7,42.9,
"Franklin, OH","Common Pleas",1071524,,152,61.8,,110,62.7,,39,61.5,,3,33.3,
"Allegheny, PA","Common Pleas",1270612,,318,55.3,,185,40.0,,130,76.9,,3,66.7,
"Philadelphia, PA","Common Pleas",1491812,,609,59.1,,432,51.4,,178,78.1,," --"," --",
"Bexar, TX","District",1417501,,120,45.8,,74,44.6,,45,48.9,,1," --",
"Dallas, TX","District",2245398,,263,57.0,,226,54.0,,33,84.8,,4," --",
"El Paso, TX","District",688039,,103,65.0,,54,46.3,,46,89.1,,3,33.3,
"Harris, TX","District",3460589,,523,47.6,,383,41.8,,137,63.5,,3,66.7,
"Fairfax, VA","Circuit",985161,,246,61.8,,170,54.1,,73,78.1,,3,100.0,
"King, WA","Superior",1741785,,209,58.9,,116,61.2,,89,55.1,,4,75.0,
"Milwaukee, WI","Circuit",932012,,125,66.4,,86,68.6,,36,61.1,,3,66.7,
,,,,,,,,,,,,,,,
"Note:  --No cases recorded.  ",,,,,,,,,,,,,,,
"a/Includes directed verdicts, judgments notwithstanding the verdict, and jury trials for defaulted defendants.",,,,,,,,,,,,,,,
"b/Includes only the central district of the Los Angeles County Superior Court. Los Angeles suburban courts are not included.",,,,,,,,,,,,,,,
"c/Includes only cases for Fairfield judicial district.",,,,,,,,,,,,,,,
"d/Includes only cases for Hartford-New Britain judicial district.",,,,,,,,,,,,,,,
,,,,,,,,,,,,,,,
,,,,,,,,,,,,,,,
,,,,,,,,,,,,,,,
,,,,,,,,,,,,,,,
"",,,,,,,,,,,,,,,
"",,,,,,,,,,,,,,,
