"Bureau of Justice Statistics",,,,,,
"filename: ctcvlc01t10.csv",,,,,,
"Table 10.  Trends in civil trials in State courts in the Nation's 75 largest counties, 2001",,,,,,
"title: Civil Trial Cases and Verdicts in Large Counties, 2001, NCJ 202803",,,,,,
"data source: Civil Justice Survey of State Courts, 2001",,,,,,
"author: Thomas H. Cohen & Steven K. Smith",,,,,,
"refer question: askbjs@ojp.usdoj.gov  (202) 307-0765",,,,,,
"date of version: 02/11/04",,,,,,
,,,,,,
"Table 10.  Trends in civil trials in State courts in the Nation's 75 largest counties, 2001",,,,,,
,,,,,,
,"Number of civil trial cases, by year                 ",,,,,
"  Case type",1992,1996,2001,,"Percent change, 1992-2001",
,,,,,,
"All trial cases(a)",22451,15638,11908,,"-47.0","%*"
,,,,,,
" All tort cases",11660,10278,7948,,"-31.8","%*"
"Selected case types",,,,,,
"Automobile",4980,4994,4235,,-15.0,"%"
"Premises liability",2648,2232,1268,,"-52.1","*"
"Product liability",657,421,158,,"-76.0","*"
"Medical malpractice",1347,1201,1156,,-14.2,
,,,,,,
" All contract cases",9477,4850,3698,,"-61.0","%*"
"Selected case types",,,,,,
"Fraud",1116,668,625,,"-44.0","%*"
"Seller plaintiff",4063,1637,1208,,"-70.3","*"
"Buyer plaintiff",1557,832,793,,"-49.1","*"
"Employment",468,621,453,,-3.2,
,,,,,,
"All real property cases",1315,510,262,,"-80.1","%*"
,,,,,,
"Note: Detail may not sum to total because of rounding. Data sources: Civil Justice Survey of State Courts, 1992 (ICPSR 6587) and Civil Justice Survey of State Courts, 1996 (ICPSR 2883).  Data can be obtained from the University of Michigan",,,,,,
"Inter-university Consortium for Political and Social Research (ICPSR).",,,,,,
"*1992-2001 difference is significant at the 95%-confidence level.",,,,,,
"a/The number of trials includes bench and jury trials, trials with a directed verdict, judgments notwithstanding the verdict, and jury trials for defaulted defendants. ",,,,,,
"",,,,,,
"",,,,,,
"",,,,,,
