"Bureau of Justice Statistics",,
"filename: ctcvlc01f1.csv",,
"Figure 1.  Tort, contract, and real property cases disposed of by jury trial in State courts in the Nation's 75 largest counties, 2001",,
"title: Civil Trial Cases and Verdicts in Large Counties, 2001, NCJ 202803",,
"data source: Civil Justice Survey of State Courts, 2001",,
"author: Thomas H. Cohen & Steven K. Smith",,
"refer question: askbjs@ojp.usdoj.gov  (202) 307-0765",,
"date of version: 02/11/04",,
,,
"Figure 1.  Tort, contract, and real property cases disposed of by jury trial in State courts in the Nation's 75 largest counties, 2001",,
,,
,"Percent of trial cases disposed by jury",
,,
"Real property",27,"%"
"Contract",43,
"All trial cases",76,
"Tort",93,
