Bureau of Justice Statistics,,,,
Filename: capd08at08.csv,,,,
"Appendix table 8. Standard errors for injury and medical treatment as a result of violent crime, by disability status, 2008",,,,
"Report title:  Crime Against People with Disabilities, 2008 NCJ 231328",,,,
Data source: National Crime Victimization Survey,,,,
"Author: Erika Harrell, Ph.D. and Michael R. Rand, BJS Statisticians",,,,
Refer questions to: askbjs@usdoj.gov or (202) 307-0765,,,,
Date of version: 12/03/10,,,,
,,,,
"Appendix table 8. Standard errors for injury and medical treatment as a result of violent crime, by disability status, 2008",,,,
,,,,
,,,Standard error of the percentages,
Type of injury,,,Persons with disabilities,Persons without disabilities
Not injured,,,3.71,1.67
Injured,,,3.61,1.57
,Not treated,,2.92,1.24
,Treated,,2.5,1.05
,,"At scene, home, neighbors, or friend's home",1.57,0.65
,,"Medical doctor's office/clinic, health unit, stadium, park",0.76,0.32
,,"Hospital, not admitted ",1.66,0.74
,,"Hospital, overnight stay",0.8,--
,,Other location,--,0.1
Do not know,,,--,0.1
Note: Standard errors were calculated using NCVS general variance parameters developed by the U.S. Census Bureau. These standard errors are for estimates in table 8.,,,,
--Less than 0.01.,,,,
