Bureau of Justice Statistics,,,,,
Filename: capd08t14.csv,,,,,
"Table 14. Property crime reported to police, by type of crime and household disability status, 2008",,,,,
"Report title:  Crime Against People with Disabilities, 2008 NCJ 231328",,,,,
Data source: National Crime Victimization Survey,,,,,
"Author: Erika Harrell, Ph.D. and Michael R. Rand, BJS Statisticians",,,,,
Refer questions to: askbjs@usdoj.gov or (202) 307-0765,,,,,
Date of version: 12/03/10,,,,,
,,,,,
"Table 14. Property crime reported to police, by type of crime and household disability status, 2008",,,,,
,,,,,
,,Percentage of households with persons--,,,
Type of property crime,, With disabilities,, Without disabilities,
,Total ,35.6,%,40.9,%
Household burglary,,45.3,,57.9,
Motor vehicle theft,,42.6,^,82.5,
Theft,,31.9,,33.9,
Note: Estimates of property crime against people with disabilities may be an undercount. See Methodology for detailed explanation.,,,,,
^Estimate based on 10 or fewer sample cases.,,,,,
