Bureau of Justice Statistics,,,
Filename: capd08at01.csv,,,
"Appendix table 1. Standard errors for number of violent and property crimes against persons, by type of crime and disability status, 2008",,,
"Report title:  Crime Against People with Disabilities, 2008 NCJ 231328",,,
Data source: National Crime Victimization Survey,,,
"Author: Erika Harrell, Ph.D. and Michael R. Rand, BJS Statisticians",,,
Refer questions to: askbjs@usdoj.gov or (202) 307-0765,,,
Date of version: 12/03/10,,,
,,,
"Appendix table 1. Standard errors for number of violent and property crimes against persons, by type of crime and disability status, 2008",,,
,,,
,,Standard error of the number,
Type of crime,,Persons with disabilities,Persons without disabilities
Violent crime,,"67,401","192,426"
,Rape/sexual assault,"13,588","30,688"
,Robbery,"24,013","51,136"
,Aggravated assault,"23,941","67,810"
,Simple assault,"51,641","144,644"
Property crime,,"114,122","392,129"
,Household burglary,"51,067","147,772"
,Motor vehicle theft,"16,362","67,847"
,Theft,"93,808","335,967"
"Note: In 2008 approimately 34,542,850 persons age 12 or older in the U.S. had a disability. See Methodology. Standard errors were calculated using NCVS general variance parameters developed by the U.S. Census Bureau. These standard errors are for estimates in table 1.",,,
