Bureau of Justice Statistics,,,
Filename: capd08at09.csv,,,
"Appendix table 9. Standard errors for violent crime reported to police, by type of crime and victim disability status,  2008",,,
"Report title:  Crime Against People with Disabilities, 2008 NCJ 231328",,,
Data source: National Crime Victimization Survey,,,
"Author: Erika Harrell, Ph.D. and Michael R. Rand, BJS Statisticians",,,
Refer questions to: askbjs@usdoj.gov or (202) 307-0765,,,
Date of version: 12/03/10,,,
,,,
"Appendix table 9. Standard errors for violent crime reported to police, by type of crime and victim disability status,  2008",,,
,,,
,,Standard error of the percentages,
Type of crime,,Persons with disabilities,Persons without disabilities
,Total,4.16,1.92
Serious violent crime,,6.39,3.12
,Rape/sexual assault,16.38,7.71
,Robbery,9.4,5.11
,Aggravated assault,9.48,4.06
Simple assault,,5.06,2.21
Note: Standard errors were calculated using NCVS general variance parameters developed by the U.S. Census Bureau. These standard errors are for estimates in table 9.,,,
