Bureau of Justice Statistics,,,
Filename: capd08at13.csv,,,
"Appendix table 13. Standard errors for property crime occurring in households, by type of crime and disabilitiy status,  2008",,,
"Report title:  Crime Against People with Disabilities, 2008 NCJ 231328",,,
Data source: National Crime Victimization Survey,,,
"Author: Erika Harrell, Ph.D. and Michael R. Rand, BJS Statisticians",,,
Refer questions to: askbjs@usdoj.gov or (202) 307-0765,,,
Date of version: 12/03/10,,,
,,,
"Appendix table 13. Standard errors for property crime occurring in households, by type of crime and disabilitiy status,  2008",,,
,,,
,Standard error of the percentages,,
Type of property crime,Households with persons with disabilities,,Household without persons with disabilities
Household burglary,2.09,,0.8
Motor vehicle theft,0.78,,0.4
Theft,2.28,,0.98
"Note: In 2008 about 26,600,850 households in the U.S. included a person age 12 or older with a disability as measured by the American Community Survey, 2008. See Methodology. Standard errors were calculated using NCVS general variance parameters developed by the U.S. Census Bureau. Estimates of property crime against people with disabilities may be an undercount. See Methodology for detailed explanation. These standard errors are for estimates in table 13.",,,
