Bureau of Justice Statistics,,,
Filename: capd08at07.csv,,,
"Appendix table 7.  Standard errors for violent crime, by offender weapon use use and disability status,  2008",,,
"Report title:  Crime Against People with Disabilities, 2008 NCJ 231328",,,
Data source: National Crime Victimization Survey,,,
"Author: Erika Harrell, Ph.D. and Michael R. Rand, BJS Statisticians",,,
Refer questions to: askbjs@usdoj.gov or (202) 307-0765,,,
Date of version: 12/01/10,,,
,,,
"Appendix table 7.  Standard errors for violent crime, by offender weapon use use and disability status,  2008",,,
,,,
,,Standard error of the percentages,
Type of weapon,,Persons with disabilities,Persons without disabilities
No weapon,,3.78,1.74
Weapon,,3.21,1.48
,Firearm,2.19,0.87
,Knife,1.62,0.85
,Other Type Weapon,1.84,0.8
,Type weapon unknown,0.68,0.41
Do not know if offender had weapon,,2.23,0.84
Note: Standard errors were calculated using NCVS general variance parameters developed by the U.S. Census Bureau. These standard errors are for estimates in table 7.,,,
