Bureau of Justice Statistics,,,,,,
Filename: capd08t02.csv,,,,,,
"Table 2. Violent victimization rates, by type of crime and disability status, 2008",,,,,,
"Report title:  Crime Against People with Disabilities, 2008 NCJ 231328",,,,,,
Data source: National Crime Victimization Survey,,,,,,
"Author: Erika Harrell, Ph.D. and Michael R. Rand, BJS Statisticians",,,,,,
Refer questions to: askbjs@usdoj.gov or (202) 307-0765,,,,,,
Date of version: 12/03/10,,,,,,
,,,,,,
"Table 2. Violent victimization rates, by type of crime and disability status, 2008",,,,,,
,,,,,,
,,,"Violent victimization rate per 1,000--",,,
,,,Persons with disabilities,,,Persons without disabilities
Type of crime,,,Age-adjusted/a,,Unadjusted,
Total violent crime,,,40.1,*,21.1,20
,Serious violent crime/b,,15.6,*,7.8,6.4
,,Rape/sexual assault,1.7,*,1.2,0.8
,,Robbery,7.4,*,3.4,2.1
,,Aggravated assault,6.6,*,3.3,3.4
,Simple assault,,24.5,*,13.3,13.7
"Note: Rates are based on the U.S. resident population age 12 or older in the American Community Survey, 2008, U.S. Census Bureau. In 2008 approximately 34,542,850 persons age 12 or older in the U.S. had a disability. See Methodology. ",,,,,,
*Difference between the age-adjusted rate for persons with disabilities and the unadjusted rate for those without disabilities is significant at the 95%-confidence level.,,,,,,
a/The age-adjusted victimization rate for persons with disabilities is calculated by multiplying the unadjusted rate for each age group with disabilities by the proportion of the population in that age group without disabilities. The sum of these weighted estimates represent the overall age-adjusted rate.,,,,,,
"b/Serious violent crime includes rape/sexual assault, robbery, and aggravated assault and excludes simple assault.",,,,,,
