Bureau of Justice Statistics,,,,,,,,,
Filename: capd08t05.csv,,,,,,,,,
"Table 5. Victim /offender relationship of violent crimes, by disability status, 2008",,,,,,,,,
"Report title:  Crime Against People with Disabilities, 2008 NCJ 231328",,,,,,,,,
Data source: National Crime Victimization Survey,,,,,,,,,
"Author: Erika Harrell, Ph.D. and Michael R. Rand, BJS Statisticians",,,,,,,,,
Refer questions to: askbjs@usdoj.gov or (202) 307-0765,,,,,,,,,
Date of version: 12/03/10,,,,,,,,,
,,,,,,,,,
"Table 5. Victim /offender relationship of violent crimes, by disability status, 2008",,,,,,,,,
,,,,,,,,,
,,Percentage of violent victimization against--,,,,,,,
,,Persons with disabilities,,,,Persons without disabilities,,,
Victim/offender relationship,,Male,,Female,,Male,,Female,
,Total,100,%,100,%,100,%,100,%
Intimate partner/a,,1.1,%^,27.3,%,4.4,%,24.1,%
Other relatives/b,,6.4,^,9.4,,3.3,,9.2,
Well known/casual acquaintance,,40,,35.6,,31.3,,32.5,
Stranger,,42.7,,20.5,,48,,28.6,
Don't know relationship,,9.8,^,7.2,^,13,,5.7,
^Estimate based on 10 or fewer sample cases.,,,,,,,,,
"a/Defined as current or former spouses, boyfriends, or girlfriends.",,,,,,,,,
"b/Defined as parents, sibling, or cousins.",,,,,,,,,
