Bureau of Justice Statistics,,,,,
Filename: capd08t09.csv,,,,,
"Table 9. Violent crime reported to police, by type of crime and disability status, 2008",,,,,
"Report title:  Crime Against People with Disabilities, 2008 NCJ 231328",,,,,
Data source: National Crime Victimization Survey,,,,,
"Author: Erika Harrell, Ph.D. and Michael R. Rand, BJS Statisticians",,,,,
Refer questions to: askbjs@usdoj.gov or (202) 307-0765,,,,,
Date of version: 12/03/10,,,,,
,,,,,
"Table 9. Violent crime reported to police, by type of crime and disability status, 2008",,,,,
,,,,,
,,Percentage of violent crime victims--,,,
Type of crime,,With disabilities,,Without disabilities,
,Total ,49.9,%,46.5,%
Serious violent crime,,62.2,%,57.9,%
,Rape/sexual assault,49.7,,39.2,
,Robbery,64.8,,59,
,Aggravated assault,63.8,,61.8,
Simple assault,,42.7,%,41.2,%
