Bureau of Justice Statistics,,,,
Filename: capd08at05.csv,,,,
"Appendix table 5. Standard errors for victim/offender relationship of violent crimes, by disability status, 2008",,,,
"Report title:  Crime Against People with Disabilities, 2008 NCJ 231328",,,,
Data source: National Crime Victimization Survey,,,,
"Author: Erika Harrell, Ph.D. and Michael R. Rand, BJS Statisticians",,,,
Refer questions to: askbjs@usdoj.gov or (202) 307-0765,,,,
Date of version: 12/03/10,,,,
,,,,
"Appendix table 5. Standard errors for victim/offender relationship of violent crimes, by disability status, 2008",,,,
,,,,
,Standard error of the percentage,,,
,Persons with disabilities,,Persons without disabilities,
Victim/offender relationship,Male,Female,Male,Female
Intimate partner/a,1.21,4.96,0.95,2.28
Other relatives/b,2.9,3.18,0.82,1.49
Well known/casual acquaintance,5.98,5.36,2.32,2.53
Stranger,6.05,4.47,2.55,2.43
Don't know relationship,3.54,2.81,1.62,1.18
Note: Standard errors were calculated using NCVS general variance parameters developed by the U.S. Census Bureau. These standard errors are for estimates in table 5.,,,,
"a/Defined as current or former spouses, boyfriends, or girlfriends.",,,,
"b/Defined as parents, sibling, or cousins.",,,,
