Bureau of Justice Statistics,,,
Filename: capd08at15.csv,,,
"Appendix table 15. U.S. population by gender, race, Hispanic origin, and age, and by disability status, 2008",,,
"Report title:  Crime Against People with Disabilities, 2008 NCJ 231328",,,
Data source: National Crime Victimization Survey,,,
"Author: Erika Harrell, Ph.D. and Michael R. Rand, BJS Statisticians",,,
Refer questions to: askbjs@usdoj.gov or (202) 307-0765,,,
Date of version: 12/03/10,,,
,,,
"Appendix table 15. U.S. population by gender, race, Hispanic origin, and age, and by disability status, 2008",,,
,,,
Population Characteristics,,Persons with disabilities,Persons without disabilities
,Total,"34,542,850","215,281,100"
Gender,,,
,Males,"16,134,760","105,024,230"
,Females,"18,408,100","110,256,880"
Race/a/b,,,
,White,"26,779,910","164,212,730"
,Black/African American,"4,750,700","24,747,120"
,Other race/c,"2,232,130","22,603,650"
,More than one race/d,"691,130","3,717,600"
Hispanic origin,,,
,Hispanic,"3,570,960","31,381,360"
,Non-Hispanic,"30,971,900","183,899,740"
Age,,,
,12-15 years old,"891,960","15,589,310"
,16-19,"966,910","16,508,510"
,20-24,"1,108,790","19,176,890"
,25-34,"2,254,470","36,890,080"
,35-49,"5,847,340","58,637,060"
,50-64,"9,293,610","45,449,810"
,65 or older,"14,179,780","23,029,460"
Note: Population estimates were drawn from the American Community Survey and do not include persons living in institutions.,,,
a/Includes persons of Hispanic or Latino origin.,,,
"b/About 89,000 persons with disabilities did not report information on race to the ACS that matched one of the NCVS racial categories. Persons whose race could not be matched to racial categories in the NCVS were excluded from the racial distribution analyses.",,,
"c/Includes American Indians, Alaska Natives, Asians, Native Hawaiians, and other Pacific Islanders.",,,
d/Includes persons identifying two or more races.,,,
