Bureau of Justice Statistics,,,
Filename: capd08at14.csv,,,
"Appendix table 14. Standard errors for property crime reported to police, by type of crime, and disability status,  2008",,,
"Report title:  Crime Against People with Disabilities, 2008 NCJ 231328",,,
Data source: National Crime Victimization Survey,,,
"Author: Erika Harrell, Ph.D. and Michael R. Rand, BJS Statisticians",,,
Refer questions to: askbjs@usdoj.gov or (202) 307-0765,,,
Date of version: 12/03/10,,,
,,,
"Appendix table 14. Standard errors for property crime reported to police, by type of crime, and disability status,  2008",,,
,,,
,,Standard error of the percentages,
Type of property crime,,Households with persons with disabilities,Households without persons with disabilities
,Total ,2.35,1.07
Household burglary,,4.51,2.08
Motor vehicle theft,,11.77,2.82
Theft,,2.62,1.12
Note: Standard errors were calculated using NCVS general variance parameters developed by the U.S. Census Bureau. Estimates of property crime against people with disabilities may be an undercount. See Methodology for detailed explanation. These standard errors are for estimates in table 14.,,,
