Bureau of Justice Statistics,,,,
Filename: capd08at04.csv,,,,
"Appendix table 4. Standard errors for violent victimization rates by gender, race, and Hispanic origin, and disability status, 2008",,,,
"Report title:  Crime Against People with Disabilities, 2008 NCJ 231328",,,,
Data source: National Crime Victimization Survey,,,,
"Author: Erika Harrell, Ph.D. and Michael R. Rand, BJS Statisticians",,,,
Refer questions to: askbjs@usdoj.gov or (202) 307-0765,,,,
Date of version: 12/03/10,,,,
,,,,
"Appendix table 4. Standard errors for violent victimization rates by gender, race, and Hispanic origin, and disability status, 2008",,,,
,,,,
,,Standard error of the rates ,,
,,Persons with disabilities,,
Victim characteristics,,Age-adjusted /a,Unadjusted ,Persons without disabilities
,Total,1.39,1.91,0.91
Gender,,,,
,Males,1.69,2.67,1.27
,Females,1.84,2.49,1.09
Race/b,,,,
,White,1.56,2.07,1.01
,Black/African American,3.02,5.07,2.55
,Other race/c,1.94,4.75,1.38
,2 or more races,11.57,19.58,6.01
Hispanic origin/d,,,,
,Hispanic ,2.36,4.62,1.75
,Not Hispanic,1.5,2.04,0.98
"Note: Rates are based on the U.S. resident population age 12 or older, in the American Community Survey, 2008, U.S. Census Bureau. In 2008 approximately 34,542,850 persons age 12 or older in the U.S. had a disability, excluding persons living in institutions. See Methodology.Standard errors were calculated using NCVS general variance parameters developed by the U.S. Census Bureau. These standard errors are for
estimates in table 4.",,,,
"a/The age-adjusted victimization rate for persons with disabilities is calculated by multiplying the unadjusted rate for each age group with disabilities by the proportion of the number of people in that age group without disabilities, divided by the total population without disabilities. The sum of these weighted estimates represent the overall age-adjusted rate.",,,,
b/Each racial group includes persons of Hispanic/Latino origin.,,,,
"c/Includes American Indians, Alaska Natives, Asians, Native Hawaiians, and other Pacific Islanders.",,,,
d/Includes persons of all races.,,,,
