Bureau of Justice Statistics,,,,,,,,,,,,,
Filename: jic16at01.csv,,,,,,,,,,,,,
"Appendix Table 1: Inmates, rated capacity, and percent of capacity occupied in Indian country jails, by facility, June 2016",,,,,,,,,,,,,
"Report title: Jails in Indian Country, 2016, NCJ 250981",,,,,,,,,,,,,
"Data source: Bureau of Justice Statistics, Annual Survey of Jails in Indian Country, 2016",,,,,,,,,,,,,
"Author(s): Todd D. Minton and Mary Cowhig, BJS Statisticians",,,,,,,,,,,,,
Refer questions to: askbjs@usdoj.gov or 202-307-0765 ,,,,,,,,,,,,,
Date of version: 11/28/2017,,,,,,,,,,,,,
,,,,,,,,,,,,,
"Appendix Table 1. Inmates, rated capacity, and percent of capacity occupied in Indian country jails, by facility, June 2016",,,,,,,,,,,,,
,,,,,,,,,,,,,
,,,Number of inmates,,,,,Percent of capacity/a,,,,,
,,,Inmates in custody,ADP/b,Peak population in June/c,Rated capacity/d,,Population at midyear,,ADP,,Peak population in June,
State and facility,,,"2,540","2,480","3,400","4,090",,62,%,61,%,83,%
,Total estimated/e,,"2,319","2,270","2,958","3,832",,:,,:,,:,
,Total reported,,,,,,,,,,,,
Alaska,,,,,,,,,,,,,
,Metlakatla Police Department and Adult Detention Center,,3,0,3,8,,38,%,0,%,38,%
Arizona,,,,,,,,,,,,,
,Ak-Chin Tribal Police and Detention Center,,12,13,17,44,,27,%,30,%,39,%
,Colorado River Indian Tribes Adult Detention Center,,28,34,40,36,,78,,94,,111,
,Fort McDowell Police Department and Holding Facility,,1,1,3,10,,10,,10,,30,
,Fort Mohave Tribal Police Department and Holding Facility,,12,3,12,10,,120,,30,,120,
,Gila River Department of Rehabilitation and Supervision-Adult,,76,62,80,224,,34,,28,,36,
,Gila River Department of Rehabilitation and Supervision-Juvenile,,8,10,16,106,,8,,9,,15,
,Hualapai Adult Detention Center,,20,19,30,40,,50,,48,,75,
,Hualapai Juvenile Detention and Rehabilitation Center,,4,3,5,30,,13,,10,,17,
,Navajo Department of Corrections-Chinle,,52,17,84,48,,108,,35,,175,
,Navajo Department of Corrections-Kayenta Police Department and Holding Facility,,7,13,24,80,,9,,16,,30,
,Navajo Department of Corrections-Tuba City,,47,51,77,132,,36,,39,,58,
,Navajo Department of Corrections-Window Rock,,51,78,102,97,,53,,80,,105,
,Pascua Yaqui Police Department and Holding Facility,,3,4,7,22,,14,,18,,32,
,Salt River Pima-Maricopa Department of Corrections,,72,68,73,198,,36,,34,,37,
,San Carlos Department of Corrections and Rehabilitation-Adult Detention,,106,109,128,108,,98,,101,,119,
,San Carlos Department of Corrections and Rehabilitation-Juvenile Detention,,3,4,8,48,,6,,8,,17,
,Supai Law Enforcement and Holding Facility,,5,1,6,6,,83,,17,,100,
,Tohono O'odham Adult Detention Center,,150,149,154,150,,100,,99,,103,
,Tohono O'odham Juvenile Detention Center/f,,/,/,/,/,,/,,/,,/,
,Tuba City Juvenile Detention Center,,1,1,5,32,,3,,3,,16,
,White Mountain Apache Detention Center,,84,106,132,76,,111,,139,,174,
Colorado,,,,,,,,,,,,,
,Chief Ignacio Justice Center Adult Detention,,41,46,68,54,,76,%,85,%,126,%
,Chief Ignacio Justice Center Juvenile Detention,,4,5,7,22,,18,,23,,32,
,Southern Ute Police Department and Adult Detention Center,,17,19,22,57,,30,,33,,39,
Idaho,,,,,,,,,,,,,
,Shoshone Bannock Tribal Corrections,,65,56,65,100,,65,%,56,%,65,%
Michigan,,,,,,,,,,,,,
,Lac Vieux Desert Police Department Adult and Juvenile Holding Facility,,0,0,2,6,,0,%,0,%,33,%
,Sault Ste. Marie Tribal Youth Facility,,12,13,14,25,,48,,52,,56,
Minnesota,,,,,,,,,,,,,
,Red Lake Tribal Justice Center Adult Detention,,39,41,47,68,,57,%,60,%,69,%
,Red Lake Tribal Justice Juvenile Detention,,0,4,7,26,,0,,15,,27,
Mississippi,,,,,,,,,,,,,
,Choctaw Justice Complex Adult Detention,,21,22,29,100,,21,%,22,%,29,%
,Choctaw Justice Complex Juvenile Detention,,9,9,11,17,,53,,53,,65,
Montana,,,,,,,,,,,,,
,Blackfeet Adult Detention Center,,58,42,58,44,,132,%,95,%,132,%
,Flathead Adult Detention Center,,11,12,20,40,,28,,30,,50,
,Fort Belknap Adult Detention Center,,21,7,29,10,,210,,70,,290,
,Fort Peck Indian Youth Service Center,,21,16,22,21,,100,,76,,105,
,Fort Peck Police Department and Adult Detention Center,,71,77,/,88,,81,,88,,/,
,Fort Peck Transitional Living Unit,,0,5,8,15,,0,,33,,53,
,Northern Cheyenne Adult Detention Center,,35,45,62,19,,184,,237,,326,
,Northern Cheyenne Youth Service Center,,22,30,35,36,,61,,83,,97,
,Rocky Boy Adult Detention Center,,61,4,61,61,,100,,7,,100,
Nebraska,,,,,,,,,,,,,
,Omaha Tribal Police Department and Adult Detention/f,,/,/,/,/,,/,,/,,/,
Nevada,,,,,,,,,,,,,
,Eastern Nevada Law Enforcement Adult Detention Facility,,11,20,22,26,,42,%,77,%,85,%
New Mexico,,,,,,,,,,,,,
,Acoma Tribal Police and Holding Facility,,14,16,20,25,,56,%,64,%,80,%
,Jicarilla Department of Corrections-Adult and Juvenile,,40,37,40,67,,60,,55,,60,
,Laguna Detention Facility,,38,35,39,44,,86,,80,,89,
,Navajo Department of Corrections-Crownpoint,,10,12,29,42,,24,,29,,69,
,Navajo Department of Corrections-Crownpoint Juvenile,,0,1,6,14,,0,,7,,43,
,Navajo Department of Corrections-Shiprock Police Department and Adult Detention,,29,38,51,40,,73,,95,,128,
,Ramah Navajo Police Department and Detention Center,,1,2,4,10,,10,,20,,40,
,San Juan Pueblo Police Department Holding Facility,,3,1,5,2,,150,,50,,250,
,Taos Tribal Police Department and Detention,,0,2,5,8,,0,,25,,63,
,Zuni Adult Detention Center,,56,58,69,30,,187,,193,,230,
,Zuni Juvenile Detention Center,,0,0,6,12,,0,,0,,50,
North�Dakota,,,,,,,,,,,,,
,Fort Totten Law Enforcement and Adult Detention Center,,48,47,50,30,,160,%,157,%,167,%
,Gerald Tex Fox Justice Center Adult Detention,,40,41,50,36,,111,,114,,139,
,Gerald Tex Fox Justice Center Juvenile Detention,,2,6,11,39,,5,,15,,28,
,Standing Rock Law Enforcement and Adult Detention Center,,45,63,82,48,,94,,131,,171,
,Standing Rock Youth Services Center,,10,8,12,16,,63,,50,,75,
,Turtle Mountain Law Enforcement Adult Detention,,53,46,55,30,,177,,153,,183,
Oklahoma,,,,,,,,,,,,,
,Sac and Fox Juvenile Detention Center,,13,9,13,42,,31,%,21,%,31,%
Oregon,,,,,,,,,,,,,
,Warm Springs Police Department and Adult Detention Center,,36,38,50,51,,71,%,75,%,98,%
South�Dakota,,,,,,,,,,,,,
,Cheyenne River Sioux Adult Detention Center,,10,19,36,30,,33,%,63,%,120,%
,Cheyenne River Sioux Juvenile Detention Center,,2,1,8,10,,20,,10,,80,
,Ki Yuksa O'Tipi Reintegration Center/f,,/,/,/,/,,/,,/,,/,
,Lower Brule Justice Center-Adult Detention,,45,47,66,64,,70,,73,,103,
,Medicine Root Detention Center/f,,/,/,/,/,,/,,/,,/,
,Oglala Sioux Tribal Offenders Facility/f,,/,/,/,/,,/,,/,,/,
,Rosebud Sioux Tribal Police Department and Adult Detention,,88,78,122,160,,55,,49,,76,
,Rosebud Sioux Wanbli Wiconi Tipi Juvenile Detention,,14,15,21,36,,39,,42,,58,
,Sisseton-Wahpeton Law Enforcement Adult Detention Center,,15,12,24,13,,115,,92,,185,
Washington,,,,,,,,,,,,,
,Chehalis Tribal Jail,,5,9,14,34,,15,%,26,%,41,%
,Colville Tribal Correctional Facility,,36,34,37,60,,60,,57,,62,
,Makah Public Safety-Adult Detention,,4,4,8,16,,25,,25,,50,
,Nisqually Adult Corrections,,311,280,311,360,,86,,78,,86,
,Puyallup Tribal Law Enforcement and Adult Detention,,7,10,14,28,,25,,36,,50,
,Quinault Nation Police Department and Holding Facility,,11,13,16,14,,79,,93,,114,
,Spokane Adult Detention Center,,7,6,9,10,,70,,60,,90,
Wisconsin,,,,,,,,,,,,,
,Menominee Tribal Detention Facility,,29,29,37,45,,64,%,64,%,82,%
Wyoming,,,,,,,,,,,,,
,Wind River Adult Detention Center,,33,33,43,26,,127,%,127,%,165,%
:Not calculated.,,,,,,,,,,,,,
/Not reported.,,,,,,,,,,,,,
a/Calculated by dividing the population count of a facility by its rated capacity and multiplying by 100.,,,,,,,,,,,,,
"b/Average daily population (ADP) is the number of inmates confined in June, divided by 30.",,,,,,,,,,,,,
c/The number of inmates held on the day in June in which the custody population of a facility was the largest.,,,,,,,,,,,,,
d/The maximum number of beds or inmates assigned by a rating official to a facility. Excludes temporary holding areas.,,,,,,,,,,,,,
e/Detail does not sum to total due to imputing data for survey and item nonresponse and rounding.,,,,,,,,,,,,,
f/Did not respond to the survey.,,,,,,,,,,,,,
"Source: Bureau of Justice Statistics, Annual Survey of Jails in Indian Country, 2016.",,,,,,,,,,,,,
