Bureau of Justice Statistics,,
filename: ppus04tt02.csv,,
"Text table 2. Total estimated correctional population and supervision rate per 100,000 adults, 1980-2004",,
"report title: Probation and Parole in the United States, 2004  NCJ210676",,
data source: Annual Probation Survey and Annual Parole Survey,,
author: Lauren E. Glaze and Seri Palla,,
refer questions to: askbjs@usdoj.gov (202) 307-0765,,
date of version: 10/30/05,,

"Text table 2. Total estimated correctional population and supervision rate per 100,000 adults, 1980-2004",,

Year,Total estimated correctional population,"Supervision rate per 100,000 adults*"
1980,"1,842,100","1,132"
1985,"3,013,100","1,719"
1990,"4,350,300","2,348"
1995,"5,342,900","2,751"
2000,"6,445,100","3,072"
2001,"6,581,700","3,097"
2002,"6,758,800","3,142"
2003,"6,936,600","3,186"
2004,"6,996,500","3,175"

"*Rates are computed using the U.S. adult resident population on July 1, except  for 1980 which is based on April 1.   ",,
