Bureau of Justice Statistics,,,,
filename: ppus04f01.csv,,,,
"Figure 1. Number of persons under correctional supervision, by type of supervision, 1990-2004",,,,
"report title: Probation and Parole in the United States, 2004  NCJ210676",,,,
data source: Annual Probation Survey and Annual Parole Survey,,,,
author: Lauren E. Glaze and Seri Palla,,,,
refer questions to: askbjs@usdoj.gov (202) 307-0765,,,,
date of version: 10/30/05,,,,

"Figure 1. Number of persons under correctional supervision, by type of supervision, 1990-2004",,,,

Year,Jail,Prison,Parole,Probation
1990,405320,743382,531401,2670234
1991,424129,792535,590442,2728472
1992,441781,850566,658601,2811611
1993,455500,909381,676100,2906061
1994,483717,991612,690159,2964171
1995,507044,1078542,679421,3077861
1996,518492,1127528,679733,3164996
1997,567079,1176564,694787,3296513
1998,592462,1224469,696385,3670441
1999,605943,1287172,714457,3779922
2000,621149,1316333,723898,3826209
2001,631240,1330007,732333,3931731
2002,665475,1367547,750934,4024067
2003,691301,1392796,745125,4144782
2004,713990,1421911,765355,4151125
