"Bureau of Justice Statistics",,,,,,,,,,,,,,,,,,
"Filename: cre983-13.csv",,,,,,,,,,,,,,,,,,
"Exhibit 3-13: Level 1 Activities by Funding Source",,,,,,,,,,,,,,,,,,
"Report title: Continuing Criminal History Records Improvement Evaluation: Final 1994-1998 Report, NCJ 179768",,,,,,,,,,,,,,,,,,
"Data sources: #95-RU-RX-K002, #98-RU-VX-K003",,,,,,,,,,,,,,,,,,
"Authors: James M. Tien, Michael F. Cahn and Robin C. Neray",,,,,,,,,,,,,,,,,,
"Refer questions to: rneray@qed.com",,,,,,,,,,,,,,,,,,
"Date of version: 12/14/99",,,,,,,,,,,,,,,,,,
,,,,,,,,,,,,,,,,,,
,"Funding Sources (Row %)",,,,,,,,,,,,,,,,,
"Level 1 Activities","Unknown","CHRI","Byrne","CHRI, Byrne","NCHIP","Byrne, NCHIP","State","CHRI, State","Byrne, State","CHRI, Byrne, State","NCHIP, State","Byrne, NCHIP, State","Local","Byrne, Local","Byrne, State, Local","Other","Total Activities","Col %"
"1. System Improvements",3%,11%,11%,1%,27%,1%,17%,4%,18%,1%,2%,2%,0%,1%,1%,2%,501,32%
"2. Arrest",0%,0%,0%,0%,50%,0%,25%,0%,0%,0%,0%,0%,0%,0%,0%,25%,4,0%
"3. Booking",0%,0%,16%,2%,39%,0%,8%,2%,8%,3%,2%,2%,0%,9%,3%,8%,64,4%
"4. Fingerprints",3%,6%,9%,0%,38%,7%,6%,0%,7%,1%,5%,1%,3%,3%,2%,9%,100,6%
"5. Fingerprint Search",1%,4%,4%,3%,35%,1%,21%,2%,12%,1%,4%,4%,4%,1%,2%,2%,140,9%
,,,,,,,,,,,,,,,,,,
"6. Criminal History Records",1%,14%,5%,3%,36%,2%,15%,3%,9%,4%,4%,2%,0%,0%,0%,2%,352,23%
"7. FBI Records",6%,16%,1%,0%,57%,3%,9%,0%,4%,0%,0%,1%,0%,0%,0%,1%,67,4%
"8. Prosecution",3%,0%,23%,0%,10%,7%,13%,0%,27%,7%,0%,0%,0%,3%,3%,3%,30,2%
"9. Arraignment",6%,4%,7%,0%,26%,2%,15%,2%,13%,9%,4%,4%,0%,7%,0%,2%,54,3%
"10. Adjudication/Appeal",0%,0%,4%,0%,57%,0%,17%,0%,9%,0%,9%,0%,0%,0%,0%,4%,23,1%
,,,,,,,,,,,,,,,,,,
"11. Supervised Release",0%,0%,56%,0%,0%,0%,22%,0%,11%,0%,0%,0%,0%,0%,0%,11%,9,1%
"12. Incarceration",0%,4%,16%,0%,20%,0%,36%,4%,16%,0%,4%,0%,0%,0%,0%,0%,25,2%
"13. Parole",0%,0%,25%,0%,50%,0%,25%,0%,0%,0%,0%,0%,0%,0%,0%,0%,4,0%
"14. Disposition/Record Link",2%,17%,7%,2%,32%,1%,7%,5%,11%,5%,2%,2%,1%,2%,1%,3%,129,8%
"15. Firearm Check",8%,0%,4%,0%,72%,0%,12%,0%,4%,0%,0%,0%,0%,0%,0%,0%,25,2%
,,,,,,,,,,,,,,,,,,
"16. Employment Check",14%,0%,0%,0%,43%,0%,43%,0%,0%,0%,0%,0%,0%,0%,0%,0%,7,0%
"17. State Non-Criminal-Justice Data Sources",0%,0%,0%,0%,75%,0%,0%,0%,0%,0%,25%,0%,0%,0%,0%,0%,16,1%
"18. Federal Non-Criminal-Justice Data Sources",0%,0%,0%,0%,100%,0%,0%,0%,0%,0%,0%,0%,0%,0%,0%,0%,2,0%
"19. Private Non-Criminal-Justice Data Sources",,,,,,,,,,,,,,,,,,
"Total Row %",3%,10%,8%,2%,34%,2%,15%,3%,12%,2%,3%,2%,1%,1%,1%,3%,1552,100%
