"Bureau of Justice Statistics",,,,,,,,,,,,,,
"Filename: cre98B-10.csv",,,,,,,,,,,,,,
"Exhibit B-10: District of Columbia",,,,,,,,,,,,,,
"Report title: Continuing Criminal History Records Improvement Evaluation: Final 1994-1998 Report, NCJ 179768",,,,,,,,,,,,,,
"Data sources: #95-RU-RX-K002, #98-RU-VX-K003",,,,,,,,,,,,,,
"Authors: James M. Tien, Michael F. Cahn and Robin C. Neray",,,,,,,,,,,,,,
"Refer questions to: rneray@qed.com",,,,,,,,,,,,,,
"Date of version: 12/14/99",,,,,,,,,,,,,,
,,,,,,,,,,,,,,
,"Background Characteristics",,,,,,,,,,,,,
,,,,,,,,,,,,,,
,"State Population (thousands)?",,543,,"Source: US Census Bureau population estimates [December 1996]",,,,,,,,,
,"Number of Persons with Arrest Records in Central Repository (thousands)?",,507,,"Source: SEARCH [1997]",,,,,,,,,
,"Percentage of Arrest Records that are Automated?",,30.0%,,"Source: SEARCH [1997]",,,,,,,,,
,"Federal Records Improvement Funds Awarded to State ($ millions)?",,$2.4,,"Includes CHRI (all), Byrne 5% ('92-'98), NCHIP ('95-'98); Source: BJS [October 1998]",,,,,,,,,
,"III Participant?",,"No",,"Source: FBI [January 1999]",,,,,,,,,
,"Attorney General's Timeline Date?",,Dec-98,,"Date when at least 80% of all records are current and shareable; Source: BJS [August 1996]",,,,,,,,,
,"NFF State? ",,"No",,"Source: FBI [January 1999]",,,,,,,,,
,"State's AFIS Consortium Membership?",,"--",,"Source: State NCHIP Grant Application [1995], as updated",,,,,,,,,
,"NICS POC Participation?",,"None",,"Source: FBI [January 1999]",,,,,,,,,
,,,,,,,,,,,,,,
,,,,,,,,,,,,,,
,,,,,,"Time Frame",,,,,,,,
,,,,,,"Planned",,"Actual",,"Funding Sources",,,,
"#","Activity Classification",,,,"Activity Description","From","To","From","To","CHRI","Byrne","NCHIP","State","Local"
1,"1.1.11 Study and/or plan for system-wide issues",,,,"Criminal justice agencies create CJIS plan by 1996",Dec-88,"",Dec-88,Dec-95,"","","","X",""
2,"1.1.11 Study and/or plan for system-wide issues",,,,"Plan global network infrastructure",Jan-95,Dec-98,Jun-95,"","","X","","X",""
3,"1.1.15 Study and/or plan for federal compatibility issues",,,,"Document formal requirements analysis for III participation",Apr-96,Dec-96,"","","","","X","",""
4,"1.2.1 Audit criminal history data quality",,,,"Prepare MPD audits",Oct-93,Dec-93,Dec-93,Dec-93,"","","","X",""
5,"1.2.3 Audit superior court",,,,"Prepare audits for Superior Court",Oct-93,Oct-96,"","","","","","X",""
6,"1.5.4 Develop data standards",,,,"Complete common CJIS data dictionary",Jan-95,Dec-96,Jan-95,Dec-96,"","X","","X",""
7,"1.7.1 Integrate criminal justice agencies county-wide",,,,"Create software to pass data between all criminal justice agencies",Sep-90,"",Sep-90,Jan-93,"X","X","","X",""
8,"1.7.1 Integrate criminal justice agencies county-wide",,,,"Complete integration of all criminal justice agencies",Jan-96,Dec-96,"","","","","X","",""
9,"1.7.1 Integrate criminal justice agencies county-wide",,,,"Implement DOC Info Exchange to track info on escapees",Jan-95,Dec-96,Jan-95,"","","X","","X",""
10,"6.1.2 Computerize criminal history records",,,,"Consolidate records and enter in database",Sep-90,"",Jan-90,Jan-93,"X","X","","X",""
11,"6.1.2 Computerize criminal history records",,,,"Install CCH",Sep-90,Sep-93,Sep-90,Sep-93,"X","X","","X",""
12,"6.1.6 Consolidate duplicate records in CCH",,,,"Reconcile MPD criminal history records",Jan-95,Dec-96,Jan-95,Dec-96,"","X","","X",""
13,"6.2.3 Establish record flags for specific disqualifying crimes",,,,"Flag crimes involving children, domestic violence and stalking",Apr-96,Dec-98,"","","","","X","",""
14,"6.4.1 Create juvenile database",,,,"Integrate Juvenile Justice Agencies systems",Apr-96,Dec-98,Apr-96,Oct-96,"","X","","X",""
15,"7.1.5 Upgrade III software",,,,"Install and test III software",Apr-96,Dec-96,"","","","","X","",""
16,"7.1.5 Upgrade III software",,,,"Buy, install and test communication front end processor for III participation",Nov-96,Dec-97,"","","","","X","",""
17,"9.1.2 Upgrade court information system",,,,"Redesign Pretrial Automated Bail System",Jan-95,Dec-96,Jan-95,Oct-97,"","X","","X",""
18,"10.1.3 Upgrade court information system for disposition purposes",,,,"Continue to improve data quality at the District Superior Court",Jan-96,Dec-98,"","","","","X","",""
19,"14.2.2 Establish electronic connection for transfer of court disposition data to repository",,,,"Integrate Pretrial Services Agency System",Apr-96,Dec-96,"","","","","X","",""
20,"14.2.2 Establish electronic connection for transfer of court disposition data to repository",,,,"Integrate federal court data for CJIS to obtain and record federal arrest data",Apr-97,Apr-98,"","","","","X","",""
21,"14.4.2 Automatically link corrections status to criminal history record",,,,"Integrate District DOC to CJIS to append correctional dispo info to CJIS record",Jan-96,Dec-96,"","","","","X","",""
22,"15.1.3 Participate in FIST",,,,"Participate in FIST",Apr-97,Apr-98,"","","","","X","",""
