"Bureau of Justice Statistics",,,,,
"Filename: cre983-32.csv",,,,,
"Exhibit 3-32: ASAP Activities by State and Ineligibility Category",,,,,
"Report title: Continuing Criminal History Records Improvement Evaluation: Final 1994-1998 Report, NCJ 179768",,,,,
"Data sources: #95-RU-RX-K002, #98-RU-VX-K003",,,,,
"Authors: James M. Tien, Michael F. Cahn and Robin C. Neray",,,,,
"Refer questions to: rneray@qed.com",,,,,
"Date of version: 12/14/99",,,,,
,,,,,
,"------------------------- Ineligibility Categories -------------------------",,,,
"Level 3 Activity","Unlawful User/Addicted to Controlled Substance","Mental Defective/Com-mitted to Mental Institution","Illegal Alien","Indicted for Offense Punishable by More Than One Year","Subject to Civil Protection Order (Domestic/Child Abuse, Stalking, etc.)"
"1.1.12 Study and/or plan for firearm issues","AK, NV, UT","AK, NV, OH","AK","CT","UT"
"1.1.13 Study and/or plan for domestic violence issues",,,,,"NY"
"1.4.11 Conduct training for law enforcement",,,,,"CA"
"6.2.2 Establish dynamic record flagging system for felonies",,,,"DE",
"6.4.2 Incorporate civil protection order",,,,,"AK, CA, CT, DE (2), FL, GA, MN, NC, ND, NY, OH, SC "
"14.1.1 Establish electronic connection for transfer of prosecution data to repository",,,,"ND",
"15.1.4 Provide state agencies with direct access to firearm check information","OR","OR","OR","CT, OR","DE, OR"
"17.1.1 Establish access to mental health records",,"CT, DE, FL, GA, IL, MN, MO, NC, OR",,,
"17.1.2 Establish access to drug abuse records","FL, GA, IL, MN, MO, NC, OR",,,,
"18.1.1 Establish access to illegal alien information from INS",,,"NC",,
"Total Activities",11,13,3,5,18
"Total States",10,12,3,4,14
"Activities per State",1.1,1.1,1.0,1.3,1.3
