"Bureau of Justice Statistics",,,,,,,,,,,,,,
"Filename: cre98B-21.csv",,,,,,,,,,,,,,
"Exhibit B-21: Louisiana",,,,,,,,,,,,,,
"Report title: Continuing Criminal History Records Improvement Evaluation: Final 1994-1998 Report, NCJ 179768",,,,,,,,,,,,,,
"Data sources: #95-RU-RX-K002, #98-RU-VX-K003",,,,,,,,,,,,,,
"Authors: James M. Tien, Michael F. Cahn and Robin C. Neray",,,,,,,,,,,,,,
"Refer questions to: rneray@qed.com",,,,,,,,,,,,,,
"Date of version: 12/14/99",,,,,,,,,,,,,,
,,,,,,,,,,,,,,
,"Background Characteristics",,,,,,,,,,,,,
,,,,,,,,,,,,,,
,"State Population (thousands)?",,4351,,"Source: US Census Bureau population estimates [December 1996]",,,,,,,,,
,"Number of Persons with Arrest Records in Central Repository (thousands)?",,1730,,"Source: SEARCH [1998]",,,,,,,,,
,"Percentage of Arrest Records that are Automated?",,50.5%,,"Source: SEARCH [1998]",,,,,,,,,
,"Federal Records Improvement Funds Awarded to State ($ millions)?",,$5.3,,"Includes CHRI (all), Byrne 5% ('92-'98), NCHIP ('95-'98); Source: BJS [October 1998]",,,,,,,,,
,"III Participant?",,"No",,"Source: FBI [January 1999]",,,,,,,,,
,"Attorney General's Timeline Date?",,Dec-96,,"Date when at least 80% of all records are current and shareable; Source: BJS [August 1996]",,,,,,,,,
,"NFF State? ",,"No",,"Source: FBI [January 1999]",,,,,,,,,
,"State's AFIS Consortium Membership?",,"--",,"Source: State NCHIP Grant Application [1995], as updated",,,,,,,,,
,"NICS POC Participation?",,"None",,"Source: FBI [January 1999]",,,,,,,,,
,,,,,,,,,,,,,,
,,,,,,,,,,,,,,
,,,,,,"Time Frame",,,,,,,,
,,,,,,"Planned",,"Actual",,"Funding Sources",,,,
"#","Activity Classification",,,,"Activity Description","From","To","From","To","CHRI","Byrne","NCHIP","State","Local"
1,"1.1.7 Study data quality",,,,"Assess data quality","",Jun-93,"","","","X","","X",""
2,"1.1.11 Study and/or plan for system-wide issues",,,,"Develop data quality improvement plan",Sep-91,Sep-92,"","","X","","","",""
3,"1.1.11 Study and/or plan for system-wide issues",,,,"Develop CCJIS Strategic Plan",Jan-96,Dec-96,"","","","","X","",""
4,"1.4.11 Conduct training for law enforcement",,,,"Train local law enforcement","",Mar-96,"","","","X","","X",""
5,"1.5.1 Upgrade arrest process procedures",,,,"Upgrade arrest and dispo reporting process","",Jun-94,"","","","X","","X",""
6,"1.7.1 Integrate criminal justice agencies county-wide",,,,"Implement multi-agency LEMIS pilot test","","","","","","","X","",""
7,"2.1.1 Access wanted/warrants search via local computer",,,,"Create Criminal Warrants/Holds Database system","","","","","","","X","",""
8,"5.1.1 Create procedure to make repository single source",,,,"Initiate process for repository to become single source for III participation","",Feb-96,"","","","X","","X",""
9,"5.2.1 Install AFIS",,,,"AFIS network becomes operational","",Feb-96,"","","","X","","X",""
10,"6.1.2 Computerize criminal history records",,,,"Automate criminal history records","",Jun-94,"","","","X","","X",""
11,"6.2.1 Establish record flags for felony",,,,"Flag felons","",Oct-93,"","","","X","","X",""
12,"6.4.2 Incorporate civil protection order",,,,"Develop/ implement protective order system which will provide data to repository","","","","","","","X","",""
13,"6.4.6 Establish DNA databank",,,,"Establish DNA databank","",Dec-96,"","","","X","","X",""
14,"6.4.7 Process disposition backlog",,,,"Eliminate dispo backlog","",Dec-93,"","","","X","","X",""
15,"6.4.7 Process disposition backlog",,,,"Remediate backlog of expungement records","","","","","","","X","",""
16,"10.1.1 Computerize disposition data",,,,"Design/implement automated case dispo reporting system (CMIS)","","","","","","","X","",""
17,"14.2.2 Establish electronic connection for transfer of court disposition data to repository",,,,"Automate court dispo reporting","",Jun-96,"","","","X","","X",""
