"Bureau of Justice Statistics",,,,,,,,,,,,,,
"Filename: cre98B-4.csv",,,,,,,,,,,,,,
"Exhibit B-4: Arizona",,,,,,,,,,,,,,
"Report title: Continuing Criminal History Records Improvement Evaluation: Final 1994-1998 Report, NCJ 179768",,,,,,,,,,,,,,
"Data sources: #95-RU-RX-K002, #98-RU-VX-K003",,,,,,,,,,,,,,
"Authors: James M. Tien, Michael F. Cahn and Robin C. Neray",,,,,,,,,,,,,,
"Refer questions to: rneray@qed.com",,,,,,,,,,,,,,
"Date of version: 12/14/99",,,,,,,,,,,,,,
,,,,,,,,,,,,,,
,"Background Characteristics",,,,,,,,,,,,,
,,,,,,,,,,,,,,
,"State Population (thousands)?",,4428,,"Source: US Census Bureau population estimates [December 1996]",,,,,,,,,
,"Number of Persons with Arrest Records in Central Repository (thousands)?",,799,,"Source: SEARCH [1998]",,,,,,,,,
,"Percentage of Arrest Records that are Automated?",,100.0%,,"Source: SEARCH [1998]",,,,,,,,,
,"Federal Records Improvement Funds Awarded to State ($ millions)?",,$6.1,,"Includes CHRI (all), Byrne 5% ('92-'98), NCHIP ('95-'98); Source: BJS [October 1998]",,,,,,,,,
,"III Participant?",,"Yes",,"Source: FBI [January 1999]",,,,,,,,,
,"Attorney General's Timeline Date?",,Dec-96,,"Date when at least 80% of all records are current and shareable; Source: BJS [August 1996]",,,,,,,,,
,"NFF State? ",,"No",,"Source: FBI [January 1999]",,,,,,,,,
,"State's AFIS Consortium Membership?",,"--",,"Source: State NCHIP Grant Application [1995], as updated",,,,,,,,,
,"NICS POC Participation?",,"Full",,"Source: FBI [January 1999]",,,,,,,,,
,,,,,,,,,,,,,,
,,,,,,,,,,,,,,
,,,,,,"Time Frame",,,,,,,,
,,,,,,"Planned",,"Actual",,"Funding Sources",,,,
"#","Activity Classification",,,,"Activity Description","From","To","From","To","CHRI","Byrne","NCHIP","State","Local"
1,"1.1.3 Study and/or plan for disposition reporting process",,,,"Study problem of missing dispos",Oct-95,Oct-98,"","","","","X","X",""
2,"1.1.8 Study user needs",,,,"Perform needs assessment of ACCH","","","","","X","","","",""
3,"1.1.11 Study and/or plan for system-wide issues",,,,"Study ways to reduce paper flow statewide",Oct-96,Oct-97,"","","","","X","X",""
4,"1.3.2 Establish ad-hoc committee",,,,"Form multi-agency planning task force","","",Jun-92,"","X","X","","X",""
5,"1.3.3 Hire staff",,,,"Hire coordinator to monitor NCHIP projects",Oct-95,Oct-98,Jun-95,"","","","X","",""
6,"1.4.6 Conduct multi-agency state-wide training",,,,"Conduct statewide training program for 824 users from 173 agencies","","","","","X","","","",""
7,"1.5.3 Upgrade OBTS process",,,,"Develop and implement unique offense ID number",Oct-95,Oct-96,May-96,Jul-96,"","","X","",""
8,"1.5.6 Create audit procedure",,,,"Develop auditing process for ACCH system","",Dec-92,"",Dec-92,"X","","","",""
9,"1.5.8 Revise repository procedures",,,,"Convert rapsheet to national model",Jan-98,Jan-99,Jan-98,"","","","X","",""
10,"1.7.1 Integrate criminal justice agencies county-wide",,,,"Oro Valley Police and Pima Co Sheriff share data","","",Jun-95,Feb-96,"","X","","","X"
11,"3.1.3 Upgrade digital photography",,,,"Yavapai Co implements electronic photo imaging",May-95,Dec-95,Jun-95,Nov-95,"","X","","","X"
12,"3.5.1 Establish electronic connection for transfer of booking data to repository",,,,"Develop interfaces for electronic arrest data transfer","","","","","","","","X",""
13,"4.1.1 Preprint ACN on fingerprint card",,,,"Implement process control number",Oct-97,Nov-98,Jan-98,"","","","X","",""
14,"4.3.1 Install livescan",,,,"Maricopa Co buys three livescan units",May-95,Jun-95,Jun-95,Apr-96,"","X","","","X"
15,"4.3.1 Install livescan",,,,"Pima Co and Phoenix implement livescan",May-95,Dec-95,Jun-95,May-96,"","X","","","X"
16,"4.3.1 Install livescan",,,,"Maricopa Co purchases 2 livescan units and 1 scanner",Oct-97,Nov-98,Jan-98,"","","","X","",""
17,"5.2.1 Install AFIS",,,,"Install AZAFIS",Nov-94,Nov-95,"","","","","","X",""
18,"5.2.2 Upgrade AFIS",,,,"Maricopa Co buys AFIS server equipment upgrades",May-95,Dec-95,"","","","X","","X","X"
19,"5.4.3 Process fingerprint card backlog",,,,"Eliminate 21k non-AZAFIS and 9k AZAFIS card backlog",Oct-95,Oct-96,Jun-95,Dec-96,"","","X","",""
20,"6.1.3 Upgrade CCH hardware",,,,"DPS buys HW to modify ACCH",Oct-95,Oct-96,"","","","","X","X",""
21,"6.1.4 Upgrade CCH software",,,,"Modify data entry screens and rap sheet format in ACCH","","","","","X","","","",""
22,"6.1.4 Upgrade CCH software",,,,"Include new conviction fields in ACCH","","","","","X","","","",""
23,"6.1.4 Upgrade CCH software",,,,"Include improved name searches in ACCH","",Jul-94,"","","X","","","",""
24,"6.1.4 Upgrade CCH software",,,,"DPS modifies ACCH to allow on-line transfer of dispo information",Oct-95,Oct-97,"","","","","X","X",""
25,"6.2.2 Establish dynamic record flagging system for felonies",,,,"Implement felony flags in ACCH","","","","","X","","","",""
26,"6.4.2 Incorporate civil protection order",,,,"Automate storage/retrieval of protection and stalking orders",Jan-98,"",Jan-98,"","","","X","",""
27,"6.4.7 Process disposition backlog",,,,"Eliminate 95k dispo backlog","","","","","X","","","",""
28,"6.4.7 Process disposition backlog",,,,"Eliminate criminal history records backlog by processing 64k dispos",Oct-95,Oct-98,Oct-95,"","","","X","",""
29,"7.1.5 Upgrade III software",,,,"DPS makes programming changes to become III participant",Oct-95,Oct-97,Oct-97,Dec-97,"","","X","",""
30,"8.1.2 Upgrade prosecutor information system",,,,"Navajo Co Attorney's office upgrades case tracking system",May-95,Dec-95,May-95,Jan-96,"","X","","","X"
31,"9.1.1 Computerize court data",,,,"Yavapai and Mohave Co implement court case tracking systems",May-95,Dec-95,May-95,Dec-97,"","X","","","X"
32,"9.1.2 Upgrade court information system",,,,"Pima Co upgrades court case tracking system",May-95,Dec-95,May-95,"","","X","","","X"
33,"9.1.2 Upgrade court information system",,,,"Yuma Co upgrades court case tracking system",May-95,Dec-95,May-95,"","","X","","","X"
34,"9.1.2 Upgrade court information system",,,,"Maricopa Co upgrades court case tracking system",May-95,Dec-95,May-95,Jun-96,"","X","","","X"
35,"12.1.2 Upgrade corrections information system",,,,"Link DOC inmate number to AIMS","","","","","X","","","",""
36,"14.1.1 Establish electronic connection for transfer of prosecution data to repository",,,,"Mohave, Pima and Yavapai Co DAs implement electronic dispo transfer",May-95,Dec-95,May-95,"","","X","","","X"
37,"14.1.1 Establish electronic connection for transfer of prosecution data to repository",,,,"Maricopa Co DA automates dispo transfer",May-95,Dec-95,May-95,"","","X","","","X"
38,"14.2.2 Establish electronic connection for transfer of court disposition data to repository",,,,"Develop interfaces for electronic transfer of dispo data","","","","","X","","","",""
39,"14.2.2 Establish electronic connection for transfer of court disposition data to repository",,,,"Maricopa Co purchases file transfer equipment for dispo transfer",Oct-95,Oct-96,Oct-95,Oct-96,"","","X","",""
40,"14.2.2 Establish electronic connection for transfer of court disposition data to repository",,,,"AOC automates dispo transfer from courts to repository",Oct-95,Oct-96,"","","","","X","X",""
41,"14.2.4 Automatically link court dispositions to criminal history record via ACN/CCNs",,,,"Improve linkage of amended counts to original counts","",Jul-94,"","","X","","","",""
42,"14.2.5 Upgrade electronic connection between courts and repository",,,,"Pima and Maricopa Co upgrade electronic dispo transfer",May-95,Mar-96,May-95,"","","X","","","X"
