"Bureau of Justice Statistics",,,
"Filename: cre983-17.csv",,,
"Exhibit 3-17: Rank-Ordered Responses to Questions on Data Quality Issues",,,
"Report title: Continuing Criminal History Records Improvement Evaluation: Final 1994-1998 Report, NCJ 179768",,,
"Data sources: #95-RU-RX-K002, #98-RU-VX-K003",,,
"Authors: James M. Tien, Michael F. Cahn and Robin C. Neray",,,
"Refer questions to: rneray@qed.com",,,
"Date of version: 12/14/99",,,
,,,
,"1997 ",,"1994 "
,"Critical ",,"Critical "
"1997 Highly Critical Issues","rank",,"rank"
,,,
"1. Legibility of fingerprints",1,,6
"6. Accuracy of identification/non-identification decision",2,,1
"19. Accuracy of data entry of disposition data",2,,2
"10. Accuracy of data entry of arrest data",4,,2
"3. Accuracy of data elements on cards",4,,11
"40. Degree to which all criminal history records from past 5 years are automated",4,,16
"14. Degree to which final dispositions are submitted to repository",4,,6
"16. Degree to which dispositions can be linked to corresponding arrests",4,,2
"4. Degree to which cards are submitted to repository",4,,6
"13. Accuracy of data elements on report",4,,2
,,,
,,,
"1997 Highly Problematic Issues ","1997 Problematic",,"1994 Problematic"
,"rank",,"rank"
"46. Degree to which mental health databases can be checked",1,,"N/A"
"45. Degree to which drug abuse databases can be checked",2,,"N/A"
"38. Degree to which each offender's domestic violence misdemeanor conviction status can be determined",3,,"N/A"
"36. Degree to which each offender's disabled abuse conviction status can be determined",4,,"N/A"
"35. Degree to which each offender's elderly abuse conviction status can be determined",5,,"N/A"
"5. Delays in submitting cards to repository",6,,6
"31. Degree to which arrests in database have a final disposition",6,,1
"4. Degree to which cards are submitted to repository",8,,7
"1. Legibility of fingerprints",8,,7
"34. Degree to which each offender^s child abuse conviction status can be determined",8,,"N/A"
"14. Degree to which final dispositions are submitted to repository",8,,2
,,,
,,,
,"1997 Alignment",,"1994 Alignment"
"1997 Highest Ranking 'Low-Alignment and Highly Critical Issues'","rank",,"rank"
,,,
"31. Degree to which arrests in database have a final disposition",13,,4
"4. Degree to which cards are submitted to repository",19,,21
"18. Delays in entering disposition data in criminal history database",20,,10
"14. Degree to which final dispositions are submitted to repository",20,,15
"43. Size of disposition report backlog",20,,13
"9. Delays in entering arrest data in criminal history database",20,,24
,,,
,"1997 Alignment",,"1994 Alignment"
"1994 Highest Ranking 'Low-Alignment and Highly Critical Issues'","rank",,"rank"
,,,
"31.  Degree to which arrests in database have final disposition",13,,4
"15.  Delays in submitting disposition reports to repository",13,,7
"18.  Delays in entering disposition data in criminal history database",20,,10
"33.  Degree to which each offender's felony conviction status can be determined",27,,12
"14.  Degree to which final dispositions are submitted to repository",20,,15
