"Bureau of Justice Statistics",,,,,,,,,,,,,,
"Filename: cre98B-9.csv",,,,,,,,,,,,,,
"Exhibit B-9: Delaware",,,,,,,,,,,,,,
"Report title: Continuing Criminal History Records Improvement Evaluation: Final 1994-1998 Report, NCJ 179768",,,,,,,,,,,,,,
"Data sources: #95-RU-RX-K002, #98-RU-VX-K003",,,,,,,,,,,,,,
"Authors: James M. Tien, Michael F. Cahn and Robin C. Neray",,,,,,,,,,,,,,
"Refer questions to: rneray@qed.com",,,,,,,,,,,,,,
"Date of version: 12/14/99",,,,,,,,,,,,,,
,,,,,,,,,,,,,,
,"Background Characteristics",,,,,,,,,,,,,
,,,,,,,,,,,,,,
,"State Population (thousands)?",,725,,"Source: US Census Bureau population estimates [December 1996]",,,,,,,,,
,"Number of Persons with Arrest Records in Central Repository (thousands)?",,567,,"Source: SEARCH [1998]",,,,,,,,,
,"Percentage of Arrest Records that are Automated?",,91.6%,,"Source: SEARCH [1998]",,,,,,,,,
,"Federal Records Improvement Funds Awarded to State ($ millions)?",,$3.8,,"Includes CHRI (all), Byrne 5% ('92-'98), NCHIP ('95-'98); Source: BJS [October 1998]",,,,,,,,,
,"III Participant?",,"Yes",,"Source: FBI [January 1999]",,,,,,,,,
,"Attorney General's Timeline Date?",,Dec-97,,"Date when at least 80% of all records are current and shareable; Source: BJS [August 1996]",,,,,,,,,
,"NFF State? ",,"No",,"Source: FBI [January 1999]",,,,,,,,,
,"State's AFIS Consortium Membership?",,"--",,"Source: State NCHIP Grant Application [1995], as updated",,,,,,,,,
,"NICS POC Participation?",,"None",,"Source: FBI [January 1999]",,,,,,,,,
,,,,,,,,,,,,,,
,,,,,,,,,,,,,,
,,,,,,"Time Frame",,,,,,,,
,,,,,,"Planned",,"Actual",,"Funding Sources",,,,
"#","Activity Classification",,,,"Activity Description","From","To","From","To","CHRI","Byrne","NCHIP","State","Local"
1,"1.1.3 Study and/or plan for disposition reporting process",,,,"SAC researchs/updates dispos and sentence orders",Jan-97,Dec-97,Jan-97,"","","","X","",""
2,"1.1.11 Study and/or plan for system-wide issues",,,,"Develop master plan to automate criminal justice agencies",Jan-84,Jan-85,Jan-84,Jan-85,"","","","X",""
3,"1.2.1 Audit criminal history data quality",,,,"Complete functional audit",Oct-95,Dec-97,Oct-95,Nov-97,"","","X","",""
4,"1.2.1 Audit criminal history data quality",,,,"Follow-up CJIS audit with corrections",Jan-97,Dec-97,Jan-97,"","","","X","",""
5,"1.2.1 Audit criminal history data quality",,,,"Audit criminal history system",Jan-92,Jan-93,Jan-92,Jan-93,"","X","","",""
6,"1.4.10 Conduct training for data entry",,,,"Upgrade process of entering stalking/domestic violence data in local/state/national databases",Apr-98,Jun-99,"","","","","X","",""
7,"1.5.2 Implement monitoring to identify missing arrests and dispositions",,,,"Obtain unreported dispos for felony charges",Oct-90,Mar-92,Oct-90,Mar-92,"X","","","",""
8,"1.5.8 Revise repository procedures",,,,"Redesign/automate workflow associated with processing criminal record checks by SBI",Jan-99,Jun-99,"","","","","X","",""
9,"1.6.3 Mandate firearm instant check system",,,,"Pass firearm instant check legislation",Jan-91,Jan-91,Jan-91,Jan-91,"","","","X",""
10,"1.6.5 Allow access to state NCJ data sources for firearm checks",,,,"Legislate access to mental health records",Jul-94,Jul-94,Jul-94,Jul-94,"","","","X",""
11,"1.7.2 Upgrade in-state communications",,,,"Authorized CJIS users check rap sheets using Intranet or Internet with browser",Jan-99,Jun-99,"","","","","X","",""
12,"2.1.1 Access wanted/warrants search via local computer",,,,"Computerize warrant system statewide",Jan-88,Jan-90,Jan-88,Jan-90,"","","","X",""
13,"4.3.1 Install livescan",,,,"Install four livescan units",Oct-95,Jan-96,Oct-95,Feb-98,"","","X","X",""
14,"4.4.2 Establish electronic connection for transfer of fingerprint image to AFIS",,,,"Enable livescan networking and FP submission",Oct-95,Jun-98,Oct-95,"","","","X","X",""
15,"5.2.1 Install AFIS",,,,"SBI installs 2nd AFIS",Oct-95,Oct-96,Oct-95,Oct-96,"","","X","X",""
16,"5.2.1 Install AFIS",,,,"SBI installs first AFIS",Jan-87,Feb-88,Jan-87,Jan-88,"","","","X",""
17,"6.1.1 Computerize MNI",,,,"Automate MNI",Oct-90,Mar-92,Oct-90,Mar-92,"X","","","",""
18,"6.1.4 Upgrade CCH software",,,,"Restructure CJIS sentence data",Jan-97,Dec-97,"","","","","X","",""
19,"6.1.4 Upgrade CCH software",,,,"Begin CJIS system improvements",Jan-97,Dec-97,Jan-97,Nov-97,"","","X","",""
20,"6.1.4 Upgrade CCH software",,,,"Merge CCH and dispo reporting system to form statewide CJIS",Jan-89,Jan-90,Jan-89,Jan-90,"","","","X",""
21,"6.1.5 Automatically retrieve criminal history based on MNI search",,,,"Integrate MNI and CCH",Oct-95,Jan-98,Oct-95,"","","","X","",""
22,"6.2.2 Establish dynamic record flagging system for felonies",,,,"Enhance DOJ indictment in CJIS",May-96,Jun-98,May-96,"","","","X","",""
23,"6.3.2 Establish state NIBRS",,,,"Redesign UCR system to meet NIBRS standards",Jan-89,Jun-96,Jan-89,Jun-96,"X","","","X",""
24,"6.3.4 Automatically access NIBRS from CCH for flagging purposes",,,,"Redesign NIBRS/Complaint file to enhance data sharing",Nov-94,Aug-95,Nov-94,Aug-95,"","","","X",""
25,"6.4.2 Incorporate civil protection order",,,,"Access information on no-contact orders",Nov-96,Oct-97,Nov-96,"","","","X","",""
26,"6.4.2 Incorporate civil protection order",,,,"Enhance Protection From Abuse (PFA) Order in CJIS",May-96,Oct-97,May-96,"","","","X","",""
27,"6.4.2 Incorporate civil protection order",,,,"Produce and provide access to 'Protection from Abuse' restraining orders",Feb-95,Jul-95,Feb-95,Jul-95,"","","","X",""
28,"8.1.1 Computerize prosecution data",,,,"Develop case tracking system for AG and Public Defender",Jan-92,Jan-93,Jan-92,Jan-93,"","","","X",""
29,"9.1.1 Computerize court data",,,,"Create court mgt system for higher courts",Jan-95,Feb-96,Jan-95,Feb-96,"","","","X",""
30,"9.1.1 Computerize court data",,,,"Create Justice of the Peace court mgt system",Oct-90,Mar-92,Oct-90,Mar-92,"X","X","","X",""
31,"10.1.3 Upgrade court information system for disposition purposes",,,,"Capture dispos through automation of sentence order",Jan-93,Feb-96,Jan-93,Feb-96,"","X","","",""
32,"12.1.1 Computerize corrections data",,,,"DELJIS develops DOC system",Jan-92,Jan-94,Jan-92,Jan-94,"","","","X",""
33,"14.2.4 Automatically link court dispositions to criminal history record via ACN/CCNs",,,,"Integrate CJIS and JIC so that information is electronically submitted/updated simultaneously",Oct-90,Mar-94,Oct-90,Mar-94,"X","","","",""
34,"15.1.4 Provide for direct access to firearm check information",,,,"Automate firearm instant check system",Oct-95,Apr-96,Oct-95,"","","","X","",""
35,"15.1.4 Provide for direct access to firearm check information",,,,"Include prohibiting bail orders in FTAP (instant check)",May-96,Oct-97,May-96,"","","","X","",""
36,"17.1.1 Establish access to mental health records",,,,"Access state mental health records",Nov-96,Dec-97,Nov-96,"","","","X","",""
