"Bureau of Justice Statistics",,,,,,,,,,,,,,
"Filename: cre98B-55.csv",,,,,,,,,,,,,,
"Exhibit B-55: West Virginia",,,,,,,,,,,,,,
"Report title: Continuing Criminal History Records Improvement Evaluation: Final 1994-1998 Report, NCJ 179768",,,,,,,,,,,,,,
"Data sources: #95-RU-RX-K002, #98-RU-VX-K003",,,,,,,,,,,,,,
"Authors: James M. Tien, Michael F. Cahn and Robin C. Neray",,,,,,,,,,,,,,
"Refer questions to: rneray@qed.com",,,,,,,,,,,,,,
"Date of version: 12/14/99",,,,,,,,,,,,,,
,,,,,,,,,,,,,,
,"Background Characteristics",,,,,,,,,,,,,
,,,,,,,,,,,,,,
,"State Population (thousands)?",,1826,,"Source: US Census Bureau population estimates [December 1996]",,,,,,,,,
,"Number of Persons with Arrest Records in Central Repository (thousands)?",,479,,"Source: SEARCH [1998]",,,,,,,,,
,"Percentage of Arrest Records that are Automated?",,13.0%,,"Source: SEARCH [1998]",,,,,,,,,
,"Federal Records Improvement Funds Awarded to State ($ millions)?",,$4.5,,"Includes CHRI (all), Byrne 5% ('92-'98), NCHIP ('95-'98); Source: BJS [October 1998]",,,,,,,,,
,"III Participant?",,"Yes",,"Source: FBI [January 1999]",,,,,,,,,
,"Attorney General's Timeline Date?",,Jan-00,,"Date when at least 80% of all records are current and shareable; Source: BJS [August 1996]",,,,,,,,,
,"NFF State? ",,"No",,"Source: FBI [January 1999]",,,,,,,,,
,"State's AFIS Consortium Membership?",,"--",,"Source: State NCHIP Grant Application [1995], as updated",,,,,,,,,
,"NICS POC Participation?",,"None",,"Source: FBI [January 1999]",,,,,,,,,
,,,,,,,,,,,,,,
,,,,,,,,,,,,,,
,,,,,,"Time Frame",,,,,,,,
,,,,,,"Planned",,"Actual",,"Funding Sources",,,,
"#","Activity Classification",,,,"Activity Description","From","To","From","To","CHRI","Byrne","NCHIP","State","Local"
1,"1.1.18 Study and/or plan for corrections issues",,,,"Conduct corrections analysis",Jun-97,Oct-97,"","","","X","","",""
2,"1.1.18 Study and/or plan for corrections issues",,,,"Develop PS2 form to improve correctional status report",Apr-97,Dec-97,Apr-97,"","","X","","",""
3,"1.2.1 Audit criminal history data quality",,,,"Conduct evaluations to measure progress in achieving NCHIP goals","",Dec-97,"","","","","","",""
4,"1.3.3 Hire staff",,,,"Hire quality control staff",Jun-98,"","","","","","","",""
5,"1.3.3 Hire staff",,,,"Hire staff for III",Jan-98,"",Jul-97,Jul-97,"","","","X",""
6,"1.3.3 Hire staff",,,,"Hire staff for AFIS support",Jan-98,"","","","","","","X",""
7,"1.3.3 Hire staff",,,,"Hire records improvement administrator",Jan-96,Dec-98,Jul-96,"","","X","X","",""
8,"1.3.3 Hire staff",,,,"Engage system analysis services",Apr-97,Dec-98,Mar-97,Mar-98,"","","X","",""
9,"1.4.1 Conduct training for arrest process",,,,"Conduct training for arrest packet","","","","","","X","","",""
10,"1.5.1 Upgrade arrest process procedures",,,,"Develop and utilize arrest packet","","","","","","X","","",""
11,"1.5.8 Revise repository procedures",,,,"Write repository regulations",Apr-97,Jun-98,"","","","","","X",""
12,"1.7.2 Upgrade in-state communications",,,,"Upgrade WEAPON SYSTEM","","",Jun-93,Jun-95,"X","X","X","X",""
13,"3.1.2 Computerize charge code table",,,,"Automate WV offense codes",Jul-97,Dec-97,"","","","","X","X",""
14,"4.3.1 Install livescan",,,,"Install livescan terminals",Jul-97,Dec-97,"","","","X","X","",""
15,"4.4.1 Establish electronic connection for transfer of fingerprint image to repository printer",,,,"Purchase store-and-forward server to transfer livescan FP images to repository","","","","","","","X","",""
16,"4.4.1 Establish electronic connection for transfer of fingerprint image to repository printer",,,,"Accept FP submissions by regional jail facilities",Jan-98,"","","","","","","X",""
17,"5.4.1 Join regional AFIS",,,,"Explore possibility of sharing AFIS with another state","","","",Dec-97,"","X","X","X",""
18,"6.1.1 Computerize MNI",,,,"Automate MNI","",Jan-95,"",Jan-95,"X","","","",""
19,"6.1.2 Computerize criminal history records",,,,"Automate records",Jan-96,Dec-97,Dec-95,"","","","X","X",""
20,"6.1.2 Computerize criminal history records",,,,"Install CCH","",Jun-95,"",Jun-95,"X","X","","X",""
21,"6.1.4 Upgrade CCH software",,,,"Upgrade automation at repository",Jun-97,Oct-97,"","","","X","","",""
22,"6.2.1 Establish record flags for felony",,,,"Flag felons","","",Dec-95,"","","X","X","",""
23,"6.4.2 Incorporate civil protection order",,,,"Create stalking reduction/domestic violence registry","","",Jun-97,"","","","X","",""
24,"7.1.3 Assume responsibility for additional III records",,,,"Participate in III","",Dec-99,"","","","X","X","X",""
25,"9.1.2 Upgrade court information system",,,,"Upgrade software in automated courts","","",Aug-97,"","","X","X","",""
26,"10.1.3 Upgrade court information system for disposition purposes",,,,"Upgrade court system to enable 80% automated dispo reporting",Apr-97,Apr-98,Jun-97,"","","","X","",""
27,"12.1.1 Computerize corrections data",,,,"Initiate regional jail automation and provide for correctional status interface to CCH",Apr-97,Dec-97,"","","","X","","",""
28,"15.1.4 Provide for direct access to firearm check information",,,,"Purchase, install and test instant check system",Jan-97,Dec-98,"","","","","","",""
