"Bureau of Justice Statistics",,,,,,,,,,,,,,
"Filename: cre98B-7.csv",,,,,,,,,,,,,,
"Exhibit B-7: Colorado",,,,,,,,,,,,,,
"Report title: Continuing Criminal History Records Improvement Evaluation: Final 1994-1998 Report, NCJ 179768",,,,,,,,,,,,,,
"Data sources: #95-RU-RX-K002, #98-RU-VX-K003",,,,,,,,,,,,,,
"Authors: James M. Tien, Michael F. Cahn and Robin C. Neray",,,,,,,,,,,,,,
"Refer questions to: rneray@qed.com",,,,,,,,,,,,,,
"Date of version: 12/14/99",,,,,,,,,,,,,,
,,,,,,,,,,,,,,
,"Background Characteristics",,,,,,,,,,,,,
,,,,,,,,,,,,,,
,"State Population (thousands)?",,3823,,"Source: US Census Bureau population estimates [December 1996]",,,,,,,,,
,"Number of Persons with Arrest Records in Central Repository (thousands)?",,900,,"Source: SEARCH [1998]",,,,,,,,,
,"Percentage of Arrest Records that are Automated?",,100.0%,,"Source: SEARCH [1998]",,,,,,,,,
,"Federal Records Improvement Funds Awarded to State ($ millions)?",,$5.5,,"Includes CHRI (all), Byrne 5% ('92-'98), NCHIP ('95-'98); Source: BJS [October 1998]",,,,,,,,,
,"III Participant?",,"Yes",,"Source: FBI [January 1999]",,,,,,,,,
,"Attorney General's Timeline Date?",,Sep-98,,"Date when at least 80% of all records are current and shareable; Source: BJS [August 1996]",,,,,,,,,
,"NFF State? ",,"No",,"Source: FBI [January 1999]",,,,,,,,,
,"State's AFIS Consortium Membership?",,"--",,"Source: State NCHIP Grant Application [1995], as updated",,,,,,,,,
,"NICS POC Participation?",,"Full",,"Source: FBI [January 1999]",,,,,,,,,
,,,,,,,,,,,,,,
,,,,,,,,,,,,,,
,,,,,,"Time Frame",,,,,,,,
,,,,,,"Planned",,"Actual",,"Funding Sources",,,,
"#","Activity Classification",,,,"Activity Description","From","To","From","To","CHRI","Byrne","NCHIP","State","Local"
1,"1.1.13 Study and/or plan for domestic violence issues",,,,"Conduct stalking/domestic violence database connectivity feasibility study",Oct-97,"","","","","","X","",""
2,"1.2.5 Audit local agencies",,,,"Team of auditors visit over 300 reporting agencies",Oct-90,Jun-93,"","","X","","","X",""
3,"1.3.3 Hire staff",,,,"Hire planning officer to administrate III participation and CICJIS support",Oct-97,"",Feb-97,"","","","X","",""
4,"1.4.6 Conduct multi-agency state-wide training",,,,"Develop local agency training programs",Oct-90,Jun-93,"","","X","","","X",""
5,"1.5.2 Implement monitoring to identify missing arrests and dispositions",,,,"Implement compliance and monitoring",Oct-96,Sep-97,"","","","","X","",""
6,"1.6.3 Mandate firearm instant check system",,,,"Mandate instant check system","",Dec-94,Oct-93,"","","","","X",""
7,"1.6.8 Legislate unique ACN",,,,"Legislature mandates charge tracking number","","",Jan-95,"","","","","X",""
8,"4.3.1 Install livescan",,,,"Establish remote livescan sites",Jan-91,Dec-91,Jan-91,Dec-91,"","X","","X",""
9,"5.2.1 Install AFIS",,,,"Replace AFIS",Jan-91,Dec-91,Jan-91,Aug-91,"","","","X",""
10,"5.2.2 Upgrade AFIS",,,,"Expand AFIS processing capacity to 2M and thruput to within 72 hrs",Oct-95,Sep-96,Oct-95,Aug-96,"","","X","",""
11,"5.2.3 Install remote AFIS workstations",,,,"Establish remote AFIS workstations",Jan-91,Dec-91,Jan-91,Aug-96,"","X","","X",""
12,"6.1.2 Computerize criminal history records",,,,"Automate remaining arrest offense records",Oct-97,"",Oct-97,"","","","X","",""
13,"8.1.2 Upgrade prosecutor information system",,,,"Include DA case reporting in prosecution mgt support system",Jan-92,Dec-92,"","","","X","","X",""
14,"9.1.2 Upgrade court information system",,,,"Install Judicial Department Criminal Justice Info Mgt Sys (CJIMS)",Jan-92,Dec-92,Jan-92,Dec-92,"","","","X",""
15,"10.1.3 Upgrade court information system for disposition purposes",,,,"Judicial Branch cleans data and enhances records being transferred to CCIC/NCIC system",Oct-97,"",Oct-97,"","","","X","",""
16,"11.1.1 Computerize probation data",,,,"Install judicial probation system",Jan-92,Dec-92,Jan-92,Dec-92,"","X","","X",""
17,"14.1.1 Establish electronic connection for transfer of prosecution data to repository",,,,"Upgrade prosecution info system to enable electronic interface",Jan-92,Dec-92,Jan-92,Dec-92,"","X","","X",""
18,"14.2.2 Establish electronic connection for transfer of court disposition data to repository",,,,"CJIMS enables electronic dispo reporting",Jan-92,Dec-92,Jan-92,"","","","","X",""
19,"14.3.1 Establish electronic connection for transfer of probation data to repository",,,,"Probation judicial system enables electronic interface",Jan-92,Dec-92,Jan-92,Dec-92,"","X","","X",""
20,"15.1.3 Participate in FIST",,,,"Participate in FIST",Oct-96,Sep-97,Oct-96,"","","","X","",""
