"Bureau of Justice Statistics",,,,,,,,,,,,,,
"Filename: cre98B-46.csv",,,,,,,,,,,,,,
"Exhibit B-46: South Dakota",,,,,,,,,,,,,,
"Report title: Continuing Criminal History Records Improvement Evaluation: Final 1994-1998 Report, NCJ 179768",,,,,,,,,,,,,,
"Data sources: #95-RU-RX-K002, #98-RU-VX-K003",,,,,,,,,,,,,,
"Authors: James M. Tien, Michael F. Cahn and Robin C. Neray",,,,,,,,,,,,,,
"Refer questions to: rneray@qed.com",,,,,,,,,,,,,,
"Date of version: 12/14/99",,,,,,,,,,,,,,
,,,,,,,,,,,,,,
,"Background Characteristics",,,,,,,,,,,,,
,,,,,,,,,,,,,,
,"State Population (thousands)?",,732,,"Source: US Census Bureau population estimates [December 1996]",,,,,,,,,
,"Number of Persons with Arrest Records in Central Repository (thousands)?",,139,,"Source: SEARCH [1998]",,,,,,,,,
,"Percentage of Arrest Records that are Automated?",,81.8%,,"Source: SEARCH [1998]",,,,,,,,,
,"Federal Records Improvement Funds Awarded to State ($ millions)?",,$2.5,,"Includes CHRI (all), Byrne 5% ('92-'98), NCHIP ('95-'98); Source: BJS [October 1998]",,,,,,,,,
,"III Participant?",,"Yes",,"Source: FBI [January 1999]",,,,,,,,,
,"Attorney General's Timeline Date?",,Dec-98,,"Date when at least 80% of all records are current and shareable; Source: BJS [August 1996]",,,,,,,,,
,"NFF State? ",,"No",,"Source: FBI [January 1999]",,,,,,,,,
,"State's AFIS Consortium Membership?",,"MAFIN",,"Source: State NCHIP Grant Application [1995], as updated",,,,,,,,,
,"NICS POC Participation?",,"None",,"Source: FBI [January 1999]",,,,,,,,,
,,,,,,,,,,,,,,
,,,,,,,,,,,,,,
,,,,,,"Time Frame",,,,,,,,
,,,,,,"Planned",,"Actual",,"Funding Sources",,,,
"#","Activity Classification",,,,"Activity Description","From","To","From","To","CHRI","Byrne","NCHIP","State","Local"
1,"1.4.4 Conduct AFIS training",,,,"Conduct AFIS training",Dec-96,Dec-96,Jan-97,Jan-97,"","","X","",""
2,"1.5.2 Implement monitoring to identify missing arrests and dispositions",,,,"Locate and post all delinquent dispos",Jan-96,Dec-98,Jul-97,"","","","X","",""
3,"1.5.2 Implement monitoring to identify missing arrests and dispositions",,,,"Obtain unreported felony dispos",Sep-92,Sep-94,Sep-95,"","X","","","",""
4,"1.5.2 Implement monitoring to identify missing arrests and dispositions",,,,"Implement systematic reports of missing dispo data","",Dec-97,Jul-97,Jul-98,"","","X","",""
5,"4.3.1 Install livescan",,,,"Install remote livescan for locals",Dec-97,Dec-98,"","","","X","X","","X"
6,"5.2.3 Install remote AFIS workstations",,,,"Purchase one AFIS-compatible remote latent workstation for Forensic Lab","",Dec-96,Jun-96,Aug-97,"","X","","X",""
7,"5.2.3 Install remote AFIS workstations",,,,"Purchase AFIS remote ten-print input station (IS2000)","",Dec-96,Jun-96,Aug-97,"","","X","",""
8,"5.3.1 Automatically link fingerprint card data to criminal history record",,,,"Purchase server to interface with CCH for livescan and be store-and-forward for IAFIS",Apr-98,Apr-99,"","","","","X","",""
9,"5.4.1 Join regional AFIS",,,,"Cover AFIS operating fees and service","",Dec-96,Jun-96,Dec-97,"","X","X","",""
10,"5.4.1 Join regional AFIS",,,,"Share in cost of upgrade to MN AFIS processor","",Dec-96,Jun-96,Aug-97,"","","X","",""
11,"5.4.1 Join regional AFIS",,,,"Initiate MAFIN participation","",Dec-96,Feb-97,Aug-97,"","","","X",""
12,"5.4.1 Join regional AFIS",,,,"Purchase supplies for AFIS implementation","",Dec-96,Dec-96,Jan-97,"","X","","X",""
13,"5.4.3 Process fingerprint card backlog",,,,"Process FP backlog","",Dec-96,Feb-97,Aug-97,"","","X","X",""
14,"5.4.4 Convert manual fingerprint cards to automated system",,,,"Convert manual FP cards to automated system","",Dec-96,Oct-96,Dec-96,"","","X","",""
15,"6.1.3 Upgrade CCH hardware",,,,"Upgrade to mobile repository file system","",Dec-96,Jun-96,Aug-96,"","X","","X",""
16,"6.2.1 Establish record flags for felony",,,,"Set felony flags in CCH","",Dec-98,Apr-97,"","","","X","",""
17,"6.2.1 Establish record flags for felony",,,,"Set felony flags for old format probation records","",Dec-98,Apr-97,"","","","X","",""
18,"6.2.1 Establish record flags for felony",,,,"Set felony flags for penitentiary records","",Dec-98,Apr-97,"","","","X","",""
19,"6.3.4 Automatically access NIBRS from CCH for flagging purposes",,,,"Enable electronic link between CCH and SAC/NIBRS","",Dec-98,Apr-97,"","","","X","",""
20,"7.1.2 Set felony and other flags",,,,"Send EHN messages to III to set weapon disqualfier/felony conviction","",Dec-98,Apr-97,"","","","X","",""
21,"7.1.2 Set felony and other flags",,,,"Set flags for past state pointer records","",Dec-98,Apr-97,"","","","X","",""
22,"7.1.3 Assume responsibility for additional III records",,,,"Assume responsibity for more III records","",Dec-98,Apr-97,"","","","X","",""
23,"7.1.4 Upgrade message switch communications",,,,"Upgrade message switch to enable participation in III",Sep-92,Sep-94,Sep-95,"","X","","","",""
24,"7.1.4 Upgrade message switch communications",,,,"Upgrade message switch to modify SDLETS response for purpose code ""F""","",Dec-98,Apr-97,"","","","X","",""
25,"9.1.2 Upgrade court information system",,,,"Upgrade Court Automated Tracking System (CATS)",Apr-98,Apr-99,"","","","","X","",""
26,"14.2.2 Establish electronic connection for transfer of court disposition data to repository",,,,"Interface courts with CCH",Sep-92,Sep-94,Sep-92,Sep-94,"X","","","",""
27,"15.1.3 Participate in FIST",,,,"Obtain count of weapons-related inquiries to improve participation in FIST","",Dec-97,Apr-97,"","","","X","",""
