"Bureau of Justice Statistics",,,,,,,,,,,,,,
"Filename: cre98B-2.csv",,,,,,,,,,,,,,
"Exhibit B-2: Alaska ",,,,,,,,,,,,,,
"Report title: Continuing Criminal History Records Improvement Evaluation: Final 1994-1998 Report, NCJ 179768",,,,,,,,,,,,,,
"Data sources: #95-RU-RX-K002, #98-RU-VX-K003",,,,,,,,,,,,,,
"Authors: James M. Tien, Michael F. Cahn and Robin C. Neray",,,,,,,,,,,,,,
"Refer questions to: rneray@qed.com",,,,,,,,,,,,,,
"Date of version: 12/14/99",,,,,,,,,,,,,,
,,,,,,,,,,,,,,
,"Background Characteristics",,,,,,,,,,,,,
,,,,,,,,,,,,,,
,"State Population (thousands)?",,607,,"Source: US Census Bureau population estimates [December 1996]",,,,,,,,,
,"Number of Persons with Arrest Records in Central Repository (thousands)?",,202,,"Source: SEARCH [1998]",,,,,,,,,
,"Percentage of Arrest Records that are Automated?",,85.1%,,"Source: SEARCH [1998]",,,,,,,,,
,"Federal Records Improvement Funds Awarded to State ($ millions)?",,$3.7,,"Includes CHRI (all), Byrne 5% ('92-'98), NCHIP ('95-'98); Source: BJS [October 1998]",,,,,,,,,
,"III Participant?",,"Yes",,"Source: FBI [January 1999]",,,,,,,,,
,"Attorney General's Timeline Date?",,May-94,,"Date when at least 80% of all records are current and shareable; Source: BJS [August 1996]",,,,,,,,,
,"NFF State? ",,"No",,"Source: FBI [January 1999]",,,,,,,,,
,"State's AFIS Consortium Membership?",,"--",,"Source: State NCHIP Grant Application [1995], as updated",,,,,,,,,
,"NICS POC Participation?",,"None",,"Source: FBI [January 1999]",,,,,,,,,
,,,,,,,,,,,,,,
,,,,,,,,,,,,,,
,,,,,,"Time Frame",,,,,,,,
,,,,,,"Planned",,"Actual",,"Funding Sources",,,,
"#","Activity Classification",,,,"Activity Description","From","To","From","To","CHRI","Byrne","NCHIP","State","Local"
1,"1.1.4 Study ACN and/or CCN",,,,"Design charge tracking system",Jan-96,Jun-98,"","","","","X","",""
2,"1.1.4 Study ACN and/or CCN",,,,"DPS identifies steps necessary to integrate ATN in each agency",Apr-92,Sep-94,Apr-92,Sep-94,"X","","","X",""
3,"1.1.5 Study fingerprinting and identification process",,,,"Perform Fingerprinting and AAFIS Workload studies",Apr-92,Sep-94,Apr-92,Sep-94,"X","","","X",""
4,"1.1.5 Study fingerprinting and identification process",,,,"Plan for criminal justice data usage and fingerprinting",Apr-92,Sep-94,Apr-92,Sep-94,"X","","","X",""
5,"1.1.8 Study user needs",,,,"Recommend changes and replacement strategies",Apr-92,Sep-94,Apr-91,Sep-94,"","","","X",""
6,"1.1.9 Study prosecutor information system",,,,"Perform PROMIS re-engineering study",Dec-95,Jun-96,Dec-95,Feb-96,"","","","X",""
7,"1.1.11 Study and/or plan for system-wide issues",,,,"Create integration plan for criminal justice automated systems",Apr-92,May-94,Jul-93,May-94,"X","","","X",""
8,"1.1.12 Study and/or plan for firearm issues",,,,"Assess availability of drug abuse info",Nov-96,"","","","","","X","",""
9,"1.1.12 Study and/or plan for firearm issues",,,,"Assess availability of illegal alien info",Nov-96,"","","","","","X","",""
10,"1.1.12 Study and/or plan for firearm issues",,,,"Assess availability of mental health info for Brady checks",Nov-96,"","","","","","X","",""
11,"1.2.1 Audit criminal history data quality",,,,"Conduct audit using new structure/manual",Mar-97,Mar-98,Mar-97,Mar-98,"","X","","",""
12,"1.2.1 Audit criminal history data quality",,,,"Conduct baseline audit",Apr-92,Mar-93,Apr-92,Mar-93,"X","","","X",""
13,"1.3.2 Establish ad-hoc committee",,,,"Statute establishes Criminal Justice Info Advisory Board",Apr-92,Sep-94,Apr-92,Jun-94,"X","","","X",""
14,"1.3.3 Hire staff",,,,"Hire DPS criminal justice planner/coordinator",Oct-95,Oct-96,Oct-95,Oct-96,"","","X","X",""
15,"1.5.1 Upgrade arrest process procedures",,,,"Improve fingerprint procedures",Jan-98,Dec-98,"","","","","X","",""
16,"1.5.2 Implement monitoring to identify missing arrests and dispositions",,,,"CARDS database tracks FP card processing",Apr-92,Sep-94,Apr-92,Sep-94,"X","","","X",""
17,"1.5.4 Develop data standards",,,,"Incorporate legislated rules in regulations",Jun-95,Sep-96,Jun-95,Jan-97,"","","X","",""
18,"1.5.6 Create audit procedure",,,,"Create comprehensive audit structure and manual",Apr-96,Dec-97,Apr-96,Mar-97,"","","X","",""
19,"1.7.2 Upgrade in-state communications",,,,"Redesign APSIN",Jan-98,Dec-98,"","","","","X","",""
20,"3.1.2 Computerize charge code table",,,,"Develop and program uniform offense citation table",Feb-96,Jun-98,Feb-96,"","","","X","",""
21,"3.1.4 Upgrade booking system",,,,"Anchorage police department designs new municipal police records mgt system",Apr-96,Jun-98,"","","","","X","","X"
22,"4.1.1 Preprint ACN on fingerprint card",,,,"Include pre-printed ATN on modified CCID form",Oct-90,Sep-94,"","","X","","","",""
23,"4.3.1 Install livescan",,,,"Install four livescan units in correction facilities",Apr-92,Aug-98,"","","X","","X","X",""
24,"5.2.1 Install AFIS",,,,"Replace AFIS",Nov-96,Aug-98,Nov-96,"","","","X","X",""
25,"5.3.1 Automatically link fingerprint card data to criminal history record",,,,"Create APSIN function to identify demographic discrepancies with AAFIS",Apr-92,Sep-94,Apr-92,Sep-94,"X","","","X",""
26,"6.1.4 Upgrade CCH software",,,,"Add ""date-of-entry"" field to measure timeliness",Oct-95,Dec-95,Oct-95,Dec-95,"","","X","",""
27,"6.1.4 Upgrade CCH software",,,,"Write APSIN interface specifications and central software",Apr-96,Dec-97,Apr-96,Dec-97,"","X","","",""
28,"6.2.2 Establish dynamic record flagging system for felonies",,,,"Define ""felony"", create felony index and automate flagging",Oct-90,Sep-94,Oct-90,Sep-94,"X","","","X",""
29,"6.4.2 Incorporate civil protection order",,,,"Develop system to identify individuals subject to court restraining order",Nov-96,Sep-98,Nov-96,"","","","X","",""
30,"6.5.1 Establish electronic connection for transfer of booking and disposition data to FBI",,,,"Upgrade to machine readable dispo reporting to FBI",Apr-92,Sep-94,Apr-92,Sep-94,"X","","","X",""
31,"7.1.5 Upgrade III software",,,,"Modify software to become full III participant",Oct-90,Aug-91,Oct-90,Aug-91,"X","","","",""
32,"8.1.2 Upgrade prosecutor information system",,,,"Replace PROMIS",Jun-96,Sep-98,Jun-96,"","","","","X",""
33,"9.1.2 Upgrade court information system",,,,"Add  ATN to court info system",Apr-92,Sep-94,Apr-92,Sep-94,"X","","","X",""
34,"12.1.2 Upgrade corrections information system",,,,"Integrate ATN  in corrections",Apr-92,Sep-94,Apr-92,Sep-94,"X","","","X",""
35,"12.1.2 Upgrade corrections information system",,,,"Replace OBSCIS with new computerized system",May-95,Sep-98,May-95,"","","X","","X",""
36,"14.1.1 Establish electronic connection for transfer of prosecution data to repository",,,,"Prosecutors send monthly 'decline to prosecute' tapes",Apr-92,Sep-94,Apr-92,Sep-94,"X","","","X",""
37,"14.2.2 Establish electronic connection for transfer of court disposition data to repository",,,,"Implement automated interface between CCH and courts",Oct-95,Aug-98,Oct-95,"","","","X","",""
38,"14.2.2 Establish electronic connection for transfer of court disposition data to repository",,,,"Connect 30 court sites to state WAN",Jul-96,Aug-97,Jul-96,Aug-97,"","X","X","X",""
