"Bureau of Justice Statistics",,,,,,,,,,,,,,
"Filename: cre98B-30.csv",,,,,,,,,,,,,,
"Exhibit B-30: Nebraska",,,,,,,,,,,,,,
"Report title: Continuing Criminal History Records Improvement Evaluation: Final 1994-1998 Report, NCJ 179768",,,,,,,,,,,,,,
"Data sources: #95-RU-RX-K002, #98-RU-VX-K003",,,,,,,,,,,,,,
"Authors: James M. Tien, Michael F. Cahn and Robin C. Neray",,,,,,,,,,,,,,
"Refer questions to: rneray@qed.com",,,,,,,,,,,,,,
"Date of version: 12/14/99",,,,,,,,,,,,,,
,,,,,,,,,,,,,,
,"Background Characteristics",,,,,,,,,,,,,
,,,,,,,,,,,,,,
,"State Population (thousands)?",,1657,,"Source: US Census Bureau population estimates [December 1996]",,,,,,,,,
,"Number of Persons with Arrest Records in Central Repository (thousands)?",,325,,"Source: SEARCH [1998]",,,,,,,,,
,"Percentage of Arrest Records that are Automated?",,95.4%,,"Source: SEARCH [1998]",,,,,,,,,
,"Federal Records Improvement Funds Awarded to State ($ millions)?",,$4.3,,"Includes CHRI (all), Byrne 5% ('92-'98), NCHIP ('95-'98); Source: BJS [October 1998]",,,,,,,,,
,"III Participant?",,"Yes",,"Source: FBI [January 1999]",,,,,,,,,
,"Attorney General's Timeline Date?",,Dec-98,,"Date when at least 80% of all records are current and shareable; Source: BJS [August 1996]",,,,,,,,,
,"NFF State? ",,"No",,"Source: FBI [January 1999]",,,,,,,,,
,"State's AFIS Consortium Membership?",,"--",,"Source: State NCHIP Grant Application [1995], as updated",,,,,,,,,
,"NICS POC Participation?",,"Partial",,"Source: FBI [January 1999]",,,,,,,,,
,,,,,,,,,,,,,,
,,,,,,,,,,,,,,
,,,,,,"Time Frame",,,,,,,,
,,,,,,"Planned",,"Actual",,"Funding Sources",,,,
"#","Activity Classification",,,,"Activity Description","From","To","From","To","CHRI","Byrne","NCHIP","State","Local"
1,"1.1.5 Study fingerprinting and identification process",,,,"Conduct AFIS feasibility study",Jan-93,"",Jan-93,Jun-93,"","X","","X",""
2,"1.1.11 Study and/or plan for system-wide issues",,,,"Develop data quality improvement plan","","","",Jan-94,"X","","","",""
3,"1.1.11 Study and/or plan for system-wide issues",,,,"Develop Criminal Justice Records Improvement Plan","",Mar-92,"",Jan-93,"","X","","X",""
4,"1.1.11 Study and/or plan for system-wide issues",,,,"Develop statewide criminal justice system architecture","",Jan-96,Jun-96,Jan-97,"","","X","",""
5,"1.2.1 Audit criminal history data quality",,,,"Conduct baseline criminal history audit",Apr-92,"","",Apr-92,"X","","","",""
6,"1.3.1 Establish five-percent set-aside task force",,,,"Establish CJIS advisory committee","","","",Dec-94,"","X","","",""
7,"1.3.2 Establish ad-hoc committee",,,,"Establish criminal history improvement project committee",Oct-92,"","","","","","","",""
8,"1.3.4 Expand office space",,,,"Renovate criminal ID facilities",Oct-92,"","",Apr-94,"X","","","",""
9,"1.4.6 Conduct multi-agency state-wide training",,,,"Conduct state-wide criminal history training",Jan-93,Dec-94,Jan-93,Dec-94,"","X","","X",""
10,"1.4.6 Conduct multi-agency state-wide training",,,,"Conduct training at local agencies","","","","","X","","","",""
11,"1.5.8 Revise repository procedures",,,,"Revise central repository procedures","","","",Apr-94,"X","","","",""
12,"1.7.1 Integrate criminal justice agencies county-wide",,,,"Procure and install County Automation Project and Justice System",Jan-89,Dec-95,Jan-89,"","","","","X",""
13,"3.5.1 Establish electronic connection for transfer of booking data to repository",,,,"Interface booking facilities and CCH",Nov-96,Dec-97,"","","","","X","",""
14,"4.3.1 Install livescan",,,,"Purchase ten livescan units at same time as AFIS","","","",Dec-95,"","","","X",""
15,"4.4.1 Establish electronic connection for transfer of fingerprint image to repository printer",,,,"Install ten high grade facsimiles for FP transmission",May-94,"","",Apr-94,"","X","","",""
16,"4.4.1 Establish electronic connection for transfer of fingerprint image to repository printer",,,,"Implement PCH electronic arrest module for data received via livescan",Jun-96,Jan-98,"","","","","X","",""
17,"5.2.1 Install AFIS",,,,"Purchase AFIS",Jan-95,"","",Dec-95,"","X","","",""
18,"6.1.2 Computerize criminal history records",,,,"Automate manual records",Apr-93,"","",Apr-93,"","X","","X",""
19,"6.1.3 Upgrade CCH hardware",,,,"Design and procure CID/Intelligence Division LAN with 24 PCs","","","",Apr-93,"","","","X",""
20,"6.1.3 Upgrade CCH hardware",,,,"Upgrade CCH","","",Dec-93,Mar-94,"X","X","","X",""
21,"6.1.4 Upgrade CCH software",,,,"Create robust criminal history relational database",Dec-94,"",Dec-93,Nov-94,"","X","","",""
22,"6.1.4 Upgrade CCH software",,,,"Change criminal history file to accommodate revised FBI FP card format","","","","","","","X","",""
23,"6.2.3 Establish record flags for specific disqualifying crimes",,,,"Flag records involving stalking, domestic abuse, elderly and disabled","",Jan-97,Jun-97,"","","","X","",""
24,"6.3.1 Establish local NIBRS",,,,"Sixteen more counties plan for NIBRS","","","","","","","","","X"
25,"6.4.7 Process disposition backlog",,,,"Eliminate 25k dispo backlog",Jan-94,"","","","","X","","X",""
26,"6.4.7 Process disposition backlog",,,,"Process 40k dispo backlog","","","","","X","","","",""
27,"6.5.1 Establish electronic connection for transfer of booking and disposition data to FBI",,,,"Automate dispo reporting to FBI","","","",Oct-95,"X","","","",""
28,"6.6.1 Provide periodic paper reports to INS",,,,"Transfer records of convicted aliens to INS","","","","","","X","","",""
29,"7.1.4 Upgrade message switch communications",,,,"Install new telecommunication message switcher",Jan-95,"","",Dec-96,"","","","",""
30,"7.1.5 Upgrade III software",,,,"Participate in III",Jul-96,Jul-98,Nov-95,"","","","X","",""
31,"7.2.1 Sign III compact",,,,"Achieve NFF Status",Nov-95,Apr-98,Nov-95,"","","","X","",""
32,"11.1.1 Computerize probation data",,,,"Design and implement statewide probation mgt info system",Aug-93,Aug-98,"","","","X","","",""
33,"14.2.2 Establish electronic connection for transfer of court disposition data to repository",,,,"Interface courts and CCH","","","","","X","","","",""
34,"14.2.2 Establish electronic connection for transfer of court disposition data to repository",,,,"Improve arrest/dispo linkage by implementing interface between PCH and Justice",Jun-97,Jan-99,"","","","","X","",""
35,"14.2.2 Establish electronic connection for transfer of court disposition data to repository",,,,"Interface district courts to CCH to enable automated dispo reporting","","","","","","","X","",""
36,"14.4.1 Establish electronic connection for transfer of corrections data to repository",,,,"Interface supervisory agencies and CCH","","","","","X","","","",""
37,"14.4.3 Upgrade electronic connection between corrections and repository",,,,"Interface Department of Correctional Services and CCH","","","","","X","","","",""
38,"14.5.2 Automatically link parole status to criminal history record",,,,"Implement DOC tracking to facilitate annotation of parole information",Apr-97,Dec-98,"","","","","X","X",""
39,"15.1.3 Participate in FIST",,,,"Participate in FIST","","","",Feb-98,"","X","","",""
40,"15.1.4 Provide for direct access to firearm check information",,,,"Develop NE Instant Gun Check capabilities",Jul-96,"","","","","","X","",""
41,"16.1.2 Provide users with direct access to employment background check information",,,,"Automate non-criminal record check","",Nov-98,May-97,"","","","X","",""
