"Bureau of Justice Statistics",,
"Filename: cre984-2.csv",,
"Exhibit 4-2: Attributes of Data Quality Improvement Measures",,
"Report title: Continuing Criminal History Records Improvement Evaluation: Final 1994-1998 Report, NCJ 179768",,
"Data sources: #95-RU-RX-K002, #98-RU-VX-K003",,
"Authors: James M. Tien, Michael F. Cahn and Robin C. Neray",,
"Refer questions to: rneray@qed.com",,
"Date of version: 12/14/99",,
,,
"Measures/Attribute",,"Comments"
"Understandability",,"Are the pertinent measures well-defined and specific? Are they easy-to-interpret and hard-to-dispute?"
,,
"Measurability",,"Are the measures, in fact, measurable?  Can they be quantified? "
,,
"Availability",,"Are the pertinent measures available? Are they easy to obtain?"
,,
"Consistency",,"Are the states consistent in the way they define a particular measure? (For example, the percentage of arrests within the past 5 years that have dispositions recorded is "
,,"interpreted conservatively -- i.e., charge-based -- in some states, while liberally -- i.e., "
,,"arrest-based -- in other states.)"
,,
"Validity",,"Are the measures sufficiently grounded to be deemed valid? Are basic measures in the form of raw data used to derive more complex measures? (For example, are the   "
,,"number of felony arrest cases disposed and the number of disposed felony arrest"
,,"cases received by repository used to determine the percentage of disposed felony"
,,"arrest cases received by the repository?)"
,,
"Reliability",,"Are the measures obtained in one period or setting statistically the same as those obtained in another period or setting?"
,,
"Stability",,"Are measures derived from two or more other measures (e.g., percentages, averages) subject to instability (i.e., a change in the derived measure cannot be explicitly"
,,"attributed)? (For example, an increase in the percentage of statewide felony arrests"
,,"reported to the repository could be due to an increase in the number reported or a"
,,"decrease in the number of arrests.)"
,,
"Accuracy",,"Are the reported statistics accurate -- have they been checked, double-checked, or perhaps even triple-checked?"
,,
"Independence",,"Is comparative assessment of state data quality improvements based upon independent measures?  (For example, the lack of fingerprint support for arrest  "
,,"records and membership in III would not be independent measures, since the former"
,,"automatically precludes the latter.)"
,,
"Robustness",,"Are the pertinent measures robust in scope? (Averages are not robust because they fail to capture the underlying variability in data; quantile measures may be preferred "
,,"since they provide a better understanding of inherent variability.)"
,,
"Completeness",,"Do the selected measures cover the range of data quality issues?"
