"Bureau of Justice Statistics",,,,,,,,,,,,,,
"Filename: cre98B-12.csv",,,,,,,,,,,,,,
"Exhibit B-12: Georgia",,,,,,,,,,,,,,
"Report title: Continuing Criminal History Records Improvement Evaluation: Final 1994-1998 Report, NCJ 179768",,,,,,,,,,,,,,
"Data sources: #95-RU-RX-K002, #98-RU-VX-K003",,,,,,,,,,,,,,
"Authors: James M. Tien, Michael F. Cahn and Robin C. Neray",,,,,,,,,,,,,,
"Refer questions to: rneray@qed.com",,,,,,,,,,,,,,
"Date of version: 12/14/99",,,,,,,,,,,,,,
,,,,,,,,,,,,,,
,"Background Characteristics",,,,,,,,,,,,,
,,,,,,,,,,,,,,
,"State Population (thousands)?",,7353,,"Source: US Census Bureau population estimates [December 1996]",,,,,,,,,
,"Number of Persons with Arrest Records in Central Repository (thousands)?",,1922,,"Source: SEARCH [1998]",,,,,,,,,
,"Percentage of Arrest Records that are Automated?",,100.0%,,"Source: SEARCH [1998]",,,,,,,,,
,"Federal Records Improvement Funds Awarded to State ($ millions)?",,$8.7,,"Includes CHRI (all), Byrne 5% ('92-'98), NCHIP ('95-'98); Source: BJS [October 1998]",,,,,,,,,
,"III Participant?",,"Yes",,"Source: FBI [January 1999]",,,,,,,,,
,"Attorney General's Timeline Date?",,Dec-00,,"Date when at least 80% of all records are current and shareable; Source: BJS [August 1996]",,,,,,,,,
,"NFF State? ",,"No",,"Source: FBI [January 1999]",,,,,,,,,
,"State's AFIS Consortium Membership?",,"--",,"Source: State NCHIP Grant Application [1995], as updated",,,,,,,,,
,"NICS POC Participation?",,"Full",,"Source: FBI [January 1999]",,,,,,,,,
,,,,,,,,,,,,,,
,,,,,,,,,,,,,,
,,,,,,"Time Frame",,,,,,,,
,,,,,,"Planned",,"Actual",,"Funding Sources",,,,
"#","Activity Classification",,,,"Activity Description","From","To","From","To","CHRI","Byrne","NCHIP","State","Local"
1,"3.1.1 Computerize booking data",,,,"Install remote booking station",Nov-96,May-97,Nov-96,May-97,"","","X","",""
2,"4.3.1 Install livescan",,,,"Install 8 livescan and one deadscan device","","","","","","","X","",""
3,"4.3.1 Install livescan",,,,"Install remote livescan workstations",Nov-96,May-97,Nov-96,"","","X","X","",""
4,"5.2.2 Upgrade AFIS",,,,"Upgrade AFIS to handle remote site input of FP images",Jul-95,Oct-96,May-96,May-97,"","","X","",""
5,"5.2.3 Install remote AFIS workstations",,,,"Purchase remote AFIS workstations for Dougherty and Atlanta","",Jul-95,"",Jul-95,"","","","","X"
6,"5.4.3 Process fingerprint card backlog",,,,"Process 320k FP backlog in 1990",Oct-90,Sep-91,Oct-90,Oct-91,"X","X","","",""
7,"6.4.2 Incorporate civil protection order",,,,"Allow statewide access to restraining order info",Nov-96,"",Nov-96,"","","","X","",""
8,"6.4.7 Process disposition backlog",,,,"Process 550k dispo backlog in 1990",Oct-90,Sep-91,Oct-90,Oct-91,"X","X","","",""
9,"9.1.1 Computerize court data",,,,"Install case mgt software in superior courts in two judicial circuits",Oct-91,Sep-93,Oct-91,Oct-93,"X","X","","X",""
10,"14.2.2 Establish electronic connection for transfer of court disposition data to repository",,,,"Begin implementation of electronic court-repository interface for dispo reporting",Oct-91,Sep-93,Oct-91,Oct-93,"X","X","X","X",""
11,"17.1.1 Establish access to mental health records",,,,"Design mechanism to allow statewide access to mental health info",Nov-96,Feb-97,Nov-96,Feb-97,"","","X","",""
12,"17.1.2 Establish access to drug abuse records",,,,"Allow statewide access to drug abuse info",Nov-96,"","","","","","X","",""
