"Bureau of Justice Statistics",,,,,,,,,,,,,,
"Filename: cre98B-20.csv",,,,,,,,,,,,,,
"Exhibit B-20: Kentucky",,,,,,,,,,,,,,
"Report title: Continuing Criminal History Records Improvement Evaluation: Final 1994-1998 Report, NCJ 179768",,,,,,,,,,,,,,
"Data sources: #95-RU-RX-K002, #98-RU-VX-K003",,,,,,,,,,,,,,
"Authors: James M. Tien, Michael F. Cahn and Robin C. Neray",,,,,,,,,,,,,,
"Refer questions to: rneray@qed.com",,,,,,,,,,,,,,
"Date of version: 12/14/99",,,,,,,,,,,,,,
,,,,,,,,,,,,,,
,"Background Characteristics",,,,,,,,,,,,,
,,,,,,,,,,,,,,
,"State Population (thousands)?",,3884,,"Source: US Census Bureau population estimates [December 1996]",,,,,,,,,
,"Number of Persons with Arrest Records in Central Repository (thousands)?",,644,,"Source: SEARCH [1998]",,,,,,,,,
,"Percentage of Arrest Records that are Automated?",,100.0%,,"Source: SEARCH [1998]",,,,,,,,,
,"Federal Records Improvement Funds Awarded to State ($ millions)?",,$5.5,,"Includes CHRI (all), Byrne 5% ('92-'98), NCHIP ('95-'98); Source: BJS [October 1998]",,,,,,,,,
,"III Participant?",,"No",,"Source: FBI [January 1999]",,,,,,,,,
,"Attorney General's Timeline Date?",,Jan-98,,"Date when at least 80% of all records are current and shareable; Source: BJS [August 1996]",,,,,,,,,
,"NFF State? ",,"No",,"Source: FBI [January 1999]",,,,,,,,,
,"State's AFIS Consortium Membership?",,"--",,"Source: State NCHIP Grant Application [1995], as updated",,,,,,,,,
,"NICS POC Participation?",,"None",,"Source: FBI [January 1999]",,,,,,,,,
,,,,,,,,,,,,,,
,,,,,,,,,,,,,,
,,,,,,"Time Frame",,,,,,,,
,,,,,,"Planned",,"Actual",,"Funding Sources",,,,
"#","Activity Classification",,,,"Activity Description","From","To","From","To","CHRI","Byrne","NCHIP","State","Local"
1,"1.1.5 Study fingerprinting and identification process",,,,"Review RFP responses and conduct benchmark tests",Jun-96,Dec-96,Jun-96,Dec-96,"","X","","X",""
2,"1.1.5 Study fingerprinting and identification process",,,,"Draft RFP for distribution to prospective vendors",Nov-95,May-96,Nov-95,May-96,"","X","","X",""
3,"1.1.5 Study fingerprinting and identification process",,,,"Perform needs analysis for AFIS installation",Oct-95,Sep-96,Oct-95,Sep-96,"","X","","",""
4,"1.1.6 Study CCH system and/or interfaces thereto",,,,"Hire consultant to conduct study/develop RFP to link AOC Corrections and KSP with updated dispo/offender info",Oct-97,Jun-98,"","","","","X","",""
5,"1.3.3 Hire staff",,,,"Hire AFIS integrator",Oct-95,Sep-96,Oct-95,Sep-96,"","X","","",""
6,"4.1.1 Preprint ACN on fingerprint card",,,,"FP card amendment includes uniform citation number","",Dec-88,"","","","","","X",""
7,"4.3.1 Install livescan",,,,"Install livescan in Louisville, Lexington and Frankfort State Police",Sep-97,Nov-97,Sep-97,Nov-97,"","","X","",""
8,"4.3.1 Install livescan",,,,"Install livescan at each remaining Full Service Jail facility throughout Commonwealth",Jul-98,Jun-00,"","","","","","X",""
9,"4.3.1 Install livescan",,,,"Install livescan at 13 regional sites",Jun-98,Oct-98,"","","","","X","",""
10,"5.2.1 Install AFIS",,,,"Install AFIS",Sep-97,Nov-97,Sep-97,Nov-97,"","","X","",""
11,"5.2.2 Upgrade AFIS",,,,"Upgrade AFIS host to allow additional livescan",Dec-97,Jun-99,"","","","","X","",""
12,"5.2.3 Install remote AFIS workstations",,,,"Install latent station in Louisville, Lexington and Frankfort State Police",Sep-97,Nov-97,Sep-97,Nov-97,"","X","","",""
13,"9.1.1 Computerize court data",,,,"Install SUSTAIN court mgt system in all 120 counties",Jul-91,Jun-95,"","","X","X","","X",""
14,"9.2.1 Establish electronic connections between/among courts",,,,"Upgrade AOC info system to link to county systems",Jul-91,Jul-92,"",Jun-95,"X","X","","X",""
15,"14.2.2 Establish electronic connection for transfer of court disposition data to repository",,,,"Report dispos via mag tape every 90 days","",Jun-95,"","","","","","",""
16,"14.4.1 Establish electronic connection for transfer of corrections data to repository",,,,"DOC installs LAN to provide ability to access ORION and other offender info",Jul-96,Sep-97,"","","","X","","",""
