"Bureau of Justice Statistics",,,,,,,,,,,,,,
"Filename: cre98B-17.csv",,,,,,,,,,,,,,
"Exhibit B-17: Indiana",,,,,,,,,,,,,,
"Report title: Continuing Criminal History Records Improvement Evaluation: Final 1994-1998 Report, NCJ 179768",,,,,,,,,,,,,,
"Data sources: #95-RU-RX-K002, #98-RU-VX-K003",,,,,,,,,,,,,,
"Authors: James M. Tien, Michael F. Cahn and Robin C. Neray",,,,,,,,,,,,,,
"Refer questions to: rneray@qed.com",,,,,,,,,,,,,,
"Date of version: 12/14/99",,,,,,,,,,,,,,
,,,,,,,,,,,,,,
,"Background Characteristics",,,,,,,,,,,,,
,,,,,,,,,,,,,,
,"State Population (thousands)?",,5841,,"Source: US Census Bureau population estimates [December 1996]",,,,,,,,,
,"Number of Persons with Arrest Records in Central Repository (thousands)?",,850,,"Source: SEARCH [1998]",,,,,,,,,
,"Percentage of Arrest Records that are Automated?",,94.1%,,"Source: SEARCH [1998]",,,,,,,,,
,"Federal Records Improvement Funds Awarded to State ($ millions)?",,$7.8,,"Includes CHRI (all), Byrne 5% ('92-'98), NCHIP ('95-'98); Source: BJS [October 1998]",,,,,,,,,
,"III Participant?",,"Yes",,"Source: FBI [January 1999]",,,,,,,,,
,"Attorney General's Timeline Date?",,Jun-95,,"Date when at least 80% of all records are current and shareable; Source: BJS [August 1996]",,,,,,,,,
,"NFF State? ",,"No",,"Source: FBI [January 1999]",,,,,,,,,
,"State's AFIS Consortium Membership?",,"--",,"Source: State NCHIP Grant Application [1995], as updated",,,,,,,,,
,"NICS POC Participation?",,"Partial",,"Source: FBI [January 1999]",,,,,,,,,
,,,,,,,,,,,,,,
,,,,,,,,,,,,,,
,,,,,,"Time Frame",,,,,,,,
,,,,,,"Planned",,"Actual",,"Funding Sources",,,,
"#","Activity Classification",,,,"Activity Description","From","To","From","To","CHRI","Byrne","NCHIP","State","Local"
1,"1.1.6 Study CCH system and/or interfaces thereto",,,,"Design central repository upgrade",Nov-94,Nov-95,Nov-94,Nov-95,"","X","","",""
2,"1.2.1 Audit criminal history data quality",,,,"Conduct baseline audit and needs assessment",Apr-92,Sep-93,Apr-92,Sep-93,"X","X","","",""
3,"3.1.1 Computerize booking data",,,,"Develop system for collecting arrest data","","","","","","X","","",""
4,"4.3.1 Install livescan",,,,"Purchase 17 livescan systems",Jun-98,Dec-98,"","","","","X","",""
5,"5.2.1 Install AFIS",,,,"Replace AFIS at state police",Sep-96,Dec-98,Sep-97,"","","","X","",""
6,"5.4.3 Process fingerprint card backlog",,,,"Reduce FP backlog to 9.8k",Apr-92,Sep-93,Apr-92,Sep-93,"X","X","","",""
7,"6.1.3 Upgrade CCH hardware",,,,"Upgrade hardware to transition CCH to UNIX client/server architecture",Oct-95,Sep-96,Sep-96,Jul-97,"","X","X","",""
8,"6.1.4 Upgrade CCH software",,,,"Upgrade software to transition CCH to UNIX client/server architecture",Oct-95,Dec-98,Sep-96,Jul-97,"","X","X","",""
9,"6.2.3 Establish record flags for specific disqualifying crimes",,,,"Flag persons convicted of domestic violence misdemeanors and sex offenses",Sep-96,Jul-98,Sep-96,"","","","X","",""
10,"6.3.1 Establish local NIBRS",,,,"Implement NIBRS for local law enforcement","","","","","","X","","",""
11,"6.3.2 Establish state NIBRS",,,,"Design and implement NIBRS central repository","","","","","X","X","","",""
12,"6.4.2 Incorporate civil protection order",,,,"Include protective orders in criminal history record system","",May-98,"","","","","X","",""
13,"8.1.1 Computerize prosecution data",,,,"Build statewide prosecution case mgt and data collection sys","","","","","","X","","X",""
