"Bureau of Justice Statistics",,,,,,,,,,,,,,
"Filename: cre98B-11.csv",,,,,,,,,,,,,,
"Exhibit B-11: Florida",,,,,,,,,,,,,,
"Report title: Continuing Criminal History Records Improvement Evaluation: Final 1994-1998 Report, NCJ 179768",,,,,,,,,,,,,,
"Data sources: #95-RU-RX-K002, #98-RU-VX-K003",,,,,,,,,,,,,,
"Authors: James M. Tien, Michael F. Cahn and Robin C. Neray",,,,,,,,,,,,,,
"Refer questions to: rneray@qed.com",,,,,,,,,,,,,,
"Date of version: 12/14/99",,,,,,,,,,,,,,
,,,,,,,,,,,,,,
,"Background Characteristics",,,,,,,,,,,,,
,,,,,,,,,,,,,,
,"State Population (thousands)?",,14400,,"Source: US Census Bureau population estimates [December 1996]",,,,,,,,,
,"Number of Persons with Arrest Records in Central Repository (thousands)?",,3370,,"Source: SEARCH [1998]",,,,,,,,,
,"Percentage of Arrest Records that are Automated?",,100.0%,,"Source: SEARCH [1998]",,,,,,,,,
,"Federal Records Improvement Funds Awarded to State ($ millions)?",,$14.2,,"Includes CHRI (all), Byrne 5% ('92-'98), NCHIP ('95-'98); Source: BJS [October 1998]",,,,,,,,,
,"III Participant?",,"Yes",,"Source: FBI [January 1999]",,,,,,,,,
,"Attorney General's Timeline Date?",,12/01/2000,,"Date when at least 80% of all records are current and shareable; Source: BJS [August 1996]",,,,,,,,,
,"NFF State? ",,"Yes",,"Source: FBI [January 1999]",,,,,,,,,
,"State's AFIS Consortium Membership?",,"--",,"Source: State NCHIP Grant Application [1995], as updated",,,,,,,,,
,"NICS POC Participation?",,"Full",,"Source: FBI [January 1999]",,,,,,,,,
,,,,,,,,,,,,,,
,,,,,,,,,,,,,,
,,,,,,"Time Frame",,,,,,,,
,,,,,,"Planned",,"Actual",,"Funding Sources",,,,
"#","Activity Classification",,,,"Activity Description","From","To","From","To","CHRI","Byrne","NCHIP","State","Local"
1,"1.1.2 Study and/or plan for arrest reporting process",,,,"Create long-range plan for electronic submission of arrest data",02/01/1993,10/01/1994,"","","","X","","X",""
2,"1.1.11 Study and/or plan for system-wide issues",,,,"FDLE conducts security assessment of FCIC network","","","","","","","X","",""
3,"1.1.14 Study and/or plan for issues relating to children, the elderly, and/or the disabled",,,,"Study issue of providing record checks under NCPA",11/01/1995,10/01/1996,"","","","","X","",""
4,"1.1.17 Study and/or plan for juvenile issues",,,,"Submit juvenile data to FDLE for adult-equivalent felonies",01/01/1996,"",01/01/1996,"","","","X","",""
5,"1.1.17 Study and/or plan for juvenile issues",,,,"FL Association of Court Clerks studies impact on clerks to add juvenile records to repository","","","","","","","X","",""
6,"1.2.1 Audit criminal history data quality",,,,"Audit sealed and expunged records",01/01/1994,12/01/1994,"","","","X","","X",""
7,"1.2.1 Audit criminal history data quality",,,,"FDLE validates felony arrest and dispo data",01/01/1994,12/01/1994,01/01/1994,"","","X","","X",""
8,"1.2.1 Audit criminal history data quality",,,,"FDLE conducts bi-annual audit",01/01/1994,"",01/01/1994,"","","X","","X",""
9,"1.2.3 Audit superior court",,,,"OSCA checks Clerks of the Court OBTS data",01/01/1994,"",01/01/1994,"","","X","","X",""
10,"1.2.5 Audit local agencies",,,,"FDLE analyzes criminal FP cards",01/01/1994,12/01/1994,01/01/1994,12/01/1994,"","X","","X",""
11,"1.2.5 Audit local agencies",,,,"FDLE conducts FCIC/NCIC audits in local criminal justice agencies",01/01/1992,"",01/01/1992,"","","X","","X",""
12,"1.3.2 Establish ad-hoc committee",,,,"Form Criminal and Juvenile Justice Information System Council",03/01/1974,"","","","","","","X",""
13,"1.4.2 Conduct training for livescan and fingerprinting",,,,"Conduct livescan FP training",11/01/1995,10/01/1996,11/01/1995,"","","","X","",""
14,"1.4.9 Conduct training for OBTS",,,,"Train law enforcement and court clerks in use of OBTS",09/01/1993,"",09/01/1993,"","","X","","X",""
15,"1.4.10 Conduct training for data entry",,,,"Establish internal computer training laboratory",11/01/1994,10/01/1995,"","","","X","","",""
16,"1.4.11 Conduct training for law enforcement",,,,"Train local law enforcement in use of CCH file records",03/01/1993,"",03/01/1993,"","","X","X","X",""
17,"1.5.2 Implement monitoring to identify missing arrests and dispositions",,,,"Acquire missing dispos from 15 largest counties for felony arrests made from 1983-1987",12/01/1990,"",12/01/1990,"","X","X","X","X",""
18,"1.5.2 Implement monitoring to identify missing arrests and dispositions",,,,"Write software program to identify missing dispos",01/01/1994,12/01/1994,01/01/1994,12/01/1994,"","X","","X",""
19,"1.5.2 Implement monitoring to identify missing arrests and dispositions",,,,"Obtain missing dispos required for firearm purchase",01/01/1994,"",01/01/1994,"","","X","","X",""
20,"1.5.2 Implement monitoring to identify missing arrests and dispositions",,,,"Create 'Gap' report to alert potential problems in record numbering sequence",01/01/1994,12/01/1994,01/01/1994,12/01/1994,"","X","","X",""
21,"1.5.3 Upgrade OBTS process",,,,"Crt. clerks submit data to OSCA on mag. tape/disk for verific'n/charge disposal; then to FDLE for OBTS matching","",06/01/1995,"",06/01/1995,"","X","X","X",""
22,"1.5.3 Upgrade OBTS process",,,,"Improve CCH records and OBTS data processing",07/01/1992,"",07/01/1992,"","","X","","X",""
23,"1.5.3 Upgrade OBTS process",,,,"Implement OBTS number",01/01/1985,10/01/1987,"","","","","","X",""
24,"1.5.3 Upgrade OBTS process",,,,"Conform OBTS to state sentencing reporting requirements",01/01/1994,04/01/1994,01/01/1994,04/01/1994,"X","","","",""
25,"1.5.4 Develop data standards",,,,"Create and refine data dictionary",01/01/1985,10/01/1987,01/01/1985,10/01/1987,"","","","X",""
26,"1.5.4 Develop data standards",,,,"FDLE creates minimum standards for livescan data",01/01/1994,12/01/1994,01/01/1994,12/01/1994,"","X","","X",""
27,"1.5.8 Revise repository procedures",,,,"Create Temporary File Report of records-in-process",01/01/1994,12/01/1994,01/01/1994,12/01/1994,"","X","","X",""
28,"1.5.8 Revise repository procedures",,,,"Compare FP cards at repository to UCR reporting",01/01/1994,12/01/1994,"","","","X","","X",""
29,"1.5.8 Revise repository procedures",,,,"FDLE evaluates incoming FP cards",01/01/1994,"",01/01/1994,"","","X","","X",""
30,"3.1.2 Computerize charge code table",,,,"Publish list of standard charge codes",03/01/1993,06/01/1993,03/01/1993,06/01/1993,"","X","","",""
31,"3.1.3 Upgrade digital photography",,,,"Purchase digital photo imaging equipment",11/01/1995,10/01/1997,11/01/1995,10/01/1997,"","","X","",""
32,"3.4.1 Establish electronic connection for transfer of booking data to arraignment",,,,"Interface county-based booking centers and court's OBTS system","",04/01/1994,"",04/01/1994,"X","","","","X"
33,"4.3.1 Install livescan",,,,"Purchase ten livescan terminals",11/01/1995,10/01/1997,11/01/1995,10/01/1997,"","","X","",""
34,"4.3.1 Install livescan",,,,"Pilot test livescan",11/01/1995,10/01/1996,11/01/1995,10/01/1996,"","","X","",""
35,"4.4.2 Establish electronic connection for transfer of fingerprint image to AFIS",,,,"Five arresting agencies transmit livescan images directly to AFIS",11/01/1994,10/01/1995,11/01/1994,10/01/1995,"","X","","X",""
36,"5.2.1 Install AFIS",,,,"Install AFIS",01/01/1989,"",01/01/1989,"","","X","","X",""
37,"5.2.2 Upgrade AFIS",,,,"Purchase additional AFIS storage capacity",06/01/1993,"",06/01/1993,"","","X","","X",""
38,"5.2.2 Upgrade AFIS",,,,"Upgrade AFIS and prevent duplication of FP files",11/01/1995,11/01/1996,11/01/1995,11/01/1996,"","","X","",""
39,"5.2.3 Install remote AFIS workstations",,,,"Purchase additional AFIS workstations",11/01/1995,10/01/1996,11/01/1995,"","","","X","",""
40,"5.4.3 Process fingerprint card backlog",,,,"Process 16k FP card backlog in 5/94",05/01/1994,"",05/01/1994,"","","X","","",""
41,"6.1.3 Upgrade CCH hardware",,,,"Purchase eight microfilm readers and printers",02/01/1993,10/01/1994,02/01/1993,10/01/1994,"","X","","X",""
42,"6.1.4 Upgrade CCH software",,,,"Set charge levels from literals for all arrest records in CCH file","",01/01/1988,"",01/01/1988,"","","","X",""
43,"6.1.6 Consolidate duplicate records in CCH",,,,"Consolidate CCH records through FDLE AFIS",12/01/1990,"",12/01/1990,"","X","X","","X",""
44,"6.2.2 Establish dynamic record flagging system for felonies",,,,"Flag felons programmatically based on arrest and conviction charges",06/01/1995,06/01/1995,06/01/1995,"","X","X","","X",""
45,"6.4.2 Incorporate civil protection order",,,,"System collects domestic violence info and provides on-line access to law enforcement",10/01/1991,07/01/1994,10/01/1991,"","","","","X",""
46,"6.4.2 Incorporate civil protection order",,,,"Design mechanism to allow statewide access to restraining order info",11/01/1996,"",11/01/1996,"","","","X","",""
47,"6.4.7 Process disposition backlog",,,,"Process 260k dispo backlog in 5/94","",05/01/1994,"",05/01/1994,"","X","","X",""
48,"6.5.1 Establish electronic connection for transfer of booking and disposition data to FBI",,,,"FBI reciprocates on-line updates to FDLE for individual with unknown national status",01/01/1994,12/01/1994,01/01/1994,12/01/1994,"","X","","X",""
49,"7.1.4 Upgrade message switch communications",,,,"Overhaul FCIC network, message switch and host computer",01/01/1995,10/01/1997,01/01/1995,"","","","X","",""
50,"7.2.1 Sign III compact",,,,"Become NFF state","",04/01/1991,"",04/01/1991,"","","","X",""
51,"9.1.1 Computerize court data",,,,"Computerize criminal case mgt system","",06/01/1995,"",06/01/1995,"","X","","X",""
52,"10.1.3 Upgrade court information system for disposition purposes",,,,"OSCA purchases PCs for local judges to access FCIC network to update/inquire about records","","","","","","","X","",""
53,"14.2.5 Upgrade electronic connection between courts and repository",,,,"FDLE connects court clerks to FCIC to update and inquire about records","","","","","","","X","",""
54,"15.1.2 Install firearm check terminals at gun dealers",,,,"Pilot test on-line access by firearm dealers and applicant",11/01/1995,10/01/1996,11/01/1995,10/01/1996,"","","X","",""
55,"15.1.4 Provide for direct access to firearm check information",,,,"Create Firearm Purchase Program","","",02/01/1991,"","","","","X",""
56,"16.1.1 Establish center for processing employment background checks",,,,"Automate criminal record check system - customers submit record check requests on diskette or via modem","",05/01/1992,"",05/01/1992,"","","","X",""
57,"17.1.1 Establish access to mental health records",,,,"Design mechanism to allow statewide access to mental health info",11/01/1996,"",11/01/1996,"","","","X","",""
58,"17.1.2 Establish access to drug abuse records",,,,"Design mechanism to allow statewide access to drug abuse info",11/01/1996,"","","","","","X","",""
