"Bureau of Justice Statistics",,,,,,,,,,,,,,
"Filename: cre98B-36.csv",,,,,,,,,,,,,,
"Exhibit B-36: North Carolina",,,,,,,,,,,,,,
"Report title: Continuing Criminal History Records Improvement Evaluation: Final 1994-1998 Report, NCJ 179768",,,,,,,,,,,,,,
"Data sources: #95-RU-RX-K002, #98-RU-VX-K003",,,,,,,,,,,,,,
"Authors: James M. Tien, Michael F. Cahn and Robin C. Neray",,,,,,,,,,,,,,
"Refer questions to: rneray@qed.com",,,,,,,,,,,,,,
"Date of version: 12/14/99",,,,,,,,,,,,,,
,,,,,,,,,,,,,,
,"Background Characteristics",,,,,,,,,,,,,
,,,,,,,,,,,,,,
,"State Population (thousands)?",,7323,,"Source: US Census Bureau population estimates [December 1996]",,,,,,,,,
,"Number of Persons with Arrest Records in Central Repository (thousands)?",,697,,"Source: SEARCH [1998]",,,,,,,,,
,"Percentage of Arrest Records that are Automated?",,98.9%,,"Source: SEARCH [1998]",,,,,,,,,
,"Federal Records Improvement Funds Awarded to State ($ millions)?",,$8.1,,"Includes CHRI (all), Byrne 5% ('92-'98), NCHIP ('95-'98); Source: BJS [October 1998]",,,,,,,,,
,"III Participant?",,"Yes",,"Source: FBI [January 1999]",,,,,,,,,
,"Attorney General's Timeline Date?",,May-94,,"Date when at least 80% of all records are current and shareable; Source: BJS [August 1996]",,,,,,,,,
,"NFF State? ",,"Yes",,"Source: FBI [January 1999]",,,,,,,,,
,"State's AFIS Consortium Membership?",,"--",,"Source: State NCHIP Grant Application [1995], as updated",,,,,,,,,
,"NICS POC Participation?",,"Partial",,"Source: FBI [January 1999]",,,,,,,,,
,,,,,,,,,,,,,,
,,,,,,,,,,,,,,
,,,,,,"Time Frame",,,,,,,,
,,,,,,"Planned",,"Actual",,"Funding Sources",,,,
"#","Activity Classification",,,,"Activity Description","From","To","From","To","CHRI","Byrne","NCHIP","State","Local"
1,"1.1.11 Study and/or plan for system-wide issues",,,,"Price Waterhouse completes CJIN study",Dec-94,Apr-95,Dec-94,Apr-95,"","","","X",""
2,"1.2.6 Audit ACN and/or CCN usage",,,,"Audit court cases to determine number of felony offenses having unique tracking number",Jan-94,Jan-96,Jan-94,Jan-96,"","X","","X",""
3,"1.3.2 Establish ad-hoc committee",,,,"Create committee to study electronic reporting",Jan-95,Jan-96,Jan-95,Jan-96,"","X","","X",""
4,"1.4.10 Conduct training for data entry",,,,"Conduct technical training for SBI data processing staff",Jan-96,Mar-96,Jan-96,Mar-96,"","","X","",""
5,"1.5.2 Implement monitoring to identify missing arrests and dispositions",,,,"Establish mechanism to permit SBI to search for missing dispos","","","","","","","X","",""
6,"1.6.9 Legislate printing of selected misdemeanants",,,,"Legislate printing of selected misdemeanants",Jan-81,"",Jan-81,"","","","","X",""
7,"3.1.3 Upgrade digital photography",,,,"Purchase photo-imaging workstation for Chowan Co",Jan-95,Dec-96,Jan-95,Dec-96,"","X","","","X"
8,"4.3.1 Install livescan",,,,"Install livescan in Beaufort, Rocky Mount, Cumberland, Chowan and Mecklenburg",Jan-95,Dec-96,Jan-95,Dec-96,"","","","","X"
9,"5.2.1 Install AFIS",,,,"Install AFIS in Mecklenburg Co",Jan-95,Dec-96,Jan-95,Dec-96,"","X","X","","X"
10,"5.2.2 Upgrade AFIS",,,,"Upgrade SBI AFIS",Jan-96,Dec-96,Jan-96,Dec-96,"","","X","",""
11,"5.2.3 Install remote AFIS workstations",,,,"Install AFIS workstation at DOC to access state centralized FP database",Jan-95,Jan-96,Jan-95,Jan-96,"","X","","X",""
12,"5.2.3 Install remote AFIS workstations",,,,"Install AFIS workstation in Beaufort Co",Jan-95,Dec-96,Jan-95,Dec-96,"","","","","X"
13,"6.1.2 Computerize criminal history records",,,,"Automate manual records",Oct-92,Apr-94,Oct-92,Apr-94,"X","","","",""
14,"6.1.3 Upgrade CCH hardware",,,,"Install document imaging system",Jan-96,Jul-97,Jan-96,Jul-97,"","","X","",""
15,"6.1.4 Upgrade CCH software",,,,"Improve law enforcement access to court records using new software and SBI terminal",Oct-92,Apr-94,Oct-92,Apr-94,"X","","","",""
16,"6.2.1 Establish record flags for felony",,,,"Add felony flag to CCH record","",Jan-96,"",Jan-96,"","X","","X",""
17,"6.4.2 Incorporate civil protection order",,,,"Provide access to data on restraining orders",Nov-96,"",Nov-96,"","","","X","",""
18,"12.1.1 Computerize corrections data",,,,"Automate DOC records","",Jan-74,"",Jan-74,"","","","X",""
19,"14.2.1 Establish bi-directional electronic connection between repository and courts",,,,"Repository sends arrest data to courts via two-way computer link","",Jan-93,"",Jan-93,"","X","","X",""
20,"14.2.2 Establish electronic connection for transfer of court disposition data to repository",,,,"Automate Mecklenburg Co dispo reporting to be compatible with state",Jan-94,Apr-96,Jan-94,Apr-96,"","X","","X","X"
21,"14.2.2 Establish electronic connection for transfer of court disposition data to repository",,,,"Implement electronic dispo transfer",Jan-80,Jan-92,Jan-80,Jan-92,"","","","X",""
22,"14.2.2 Establish electronic connection for transfer of court disposition data to repository",,,,"Send criminal case dispos weekly via magnetic tape",Jan-83,Jan-90,Jan-83,Jan-90,"","","","X",""
23,"14.2.2 Establish electronic connection for transfer of court disposition data to repository",,,,"Complete dispo reporting efforts by the courts","","","","","","","X","",""
24,"14.2.5 Upgrade electronic connection between courts and repository",,,,"Improve state/Mecklenberg interface for electronic arrest/dispo reporting","","","","","","","X","",""
25,"14.4.1 Establish electronic connection for transfer of corrections data to repository",,,,"Automate corrections release reports transfer to SBI/DCI",Apr-92,Apr-94,Apr-92,Apr-94,"","","","X",""
26,"17.1.1 Establish access to mental health records",,,,"Provide access to data on mental health",Nov-96,Dec-99,"","","","","X","",""
27,"17.1.2 Establish access to drug abuse records",,,,"Provide access to data on drug abuse",Nov-96,Dec-99,"","","","","X","",""
28,"18.1.1 Establish access to illegal alien information from INS",,,,"Provide access to data on illegal aliens",Nov-96,Dec-99,"","","","","X","",""
