"Bureau of Justice Statistics",
"Filename: cre983-20.csv",
"Exhibit 3-20: Changes in State Responses to Questions from 1994 to 1997",
"Report title: Continuing Criminal History Records Improvement Evaluation: Final 1994-1998 Report, NCJ 179768",
"Data sources: #95-RU-RX-K002, #98-RU-VX-K003",
"Authors: James M. Tien, Michael F. Cahn and Robin C. Neray",
"Refer questions to: rneray@qed.com",
"Date of version: 12/14/99",
,
"Total of 39 States' Score Increases from 1994 to 1997 ","     Question Regarding Data Quality Issue/Improvement Approach"
,
"Q1: Critical",
,
23,"21. Delays in responding to requests by non-criminal justice agencies"
22,"8. Delays in rap sheet transmittal to arresting agency"
21,"2. Degree to which all data elements on card are filled in"
21,"26. Degree to which fingerprint cards are submitted to the FBI"
19,"12. Degree to which reports indicate whether person was convicted of a felony"
19,"27. Delays in submitting fingerprint cards to the FBI"
19,"40. Degree to which all criminal history records from past 5 years are automated"
,
-2,"11. Degree to which all data elements on disposition reports are filled in"
-2,"25. Accuracy with which offenders are identified as aliens"
-7,"24. Delays in reporting alien conviction information to INS"
-9,"23. Degree to which alien conviction information is reported to INS"
-25,"30. Degree to which database has all arrests from past five years"
,
"Q2: Problematic",
,
16,"21. Delays in responding to requests by non-criminal justice agencies"
11,"5. Delays in submitting cards to repository"
10,"6. Accuracy of identification/non-identification decision"
10,"22. Readability/understandability of rap sheet"
9,"1. Legibility of fingerprints"
9,"4. Degree to which cards are submitted to repository"
,
-10,"30. Degree to which database has all arrests from past five years"
-12,"40. Degree to which all criminal history records from past 5 years are automated"
-14,"24. Delays in reporting alien conviction information to INS"
-19,"31. Degree to which arrests in database have a final disposition"
-21,"23. Degree to which alien conviction information is reported to INS"
,
"Q3: Improvement",
,
31,"26. Upgrade/install new automated master name index system"
21,"25. Upgrade/install new computerized criminal history system"
20,"46. Process disposition reports backlogged at repository"
19,"27. Upgrade/install new AFIS system"
17,"21. Implement procedures for improving fingerprint card processing at repository"
,
-12,"4. Develop a long-term data quality improvement plan"
-12,"15. Expand training programs in reporting procedures for prosecutors and courts"
-12,"18. Improve leadership commitment to improving data quality"
-12,"39. Upgrade/install new electronic interface between arresting agencies and prosecutors"
-14,"14. Expand training programs in reporting procedures for local arresting agencies"
,
"Q4: Implementation",
,
85,"33. Implement livescan fingerprint systems at local arresting agencies"
59,"18. Improve leadership commitment to improving data quality"
52,"27. Upgrade/install new AFIS system"
42,"38. Upgrade/install new electronic interface between arresting agencies and repository"
41,"21. Implement procedures for improving fingerprint card processing at repository"
,
-2,"1. Conduct a baseline data quality audit"
-3,"17. Improve inter-agency cooperation "
-9,"3. Conduct a criminal justice information user needs assessment"
-17,"2. Conduct a repository needs assessment"
-19,"4. Develop a long-term data quality improvement plan"
