"Bureau of Justice Statistics",,,,,,,,,,,,,,
"Filename: cre983-16.csv",,,,,,,,,,,,,,
"Exhibit 3-16: Questions on Data Quality Issues",,,,,,,,,,,,,,
"Report title: Continuing Criminal History Records Improvement Evaluation: Final 1994-1998 Report, NCJ 179768",,,,,,,,,,,,,,
"Data sources: #95-RU-RX-K002, #98-RU-VX-K003",,,,,,,,,,,,,,
"Authors: James M. Tien, Michael F. Cahn and Robin C. Neray",,,,,,,,,,,,,,
"Refer questions to: rneray@qed.com",,,,,,,,,,,,,,
"Date of version: 12/14/99",,,,,,,,,,,,,,
,,,,,,,,,,,,,,
,,,,,,,,,,,,,,
"Questions on Data Quality Issues",,,,,,,,,,,,,,
,,,,,,,,,,,,,,
"Q1. On a scale of 1 to 5, to what degree do you feel the following data quality issues are critical to an effective state criminal history repository?",,,,,,,,,,,,,,
"(1 = not critical at all, 3 = fairly critical, 5 = very critical, N/A = not applicable)",,,,,,,,,,,,,,
,,,,,,,,,,,,,,
"Q2. On a scale of 1 to 5, to what degree do you view the following data quality issues as problems in your state?",,,,,,,,,,,,,,
"(1 = not a problem at all, 3 = fairly serious problem, 5 = very serious problem, N/A = not applicable)",,,,,,,,,,,,,,
,,,,,,,,,,,,,,
,,,,,,,,,"Critical",,"Problematic",,"Alignment",
,,,,,,,,,"1997","1994","1997","1994","1997","1994"
"Fingerprint card reporting by local arresting agencies",,,,,,,,,,,,,,
,"1. Legibility of fingerprints",,,,,,,,5.0,4.8,3.0,2.8,2.0,2.0
,"2. Degree to which all data elements on card are filled in",,,,,,,,4.5,4.0,2.5,2.5,2.0,1.5
,"3. Accuracy of data elements on cards",,,,,,,,4.8,4.6,2.5,2.4,2.3,2.3
,"4. Degree to which cards are submitted to repository",,,,,,,,4.8,4.8,3.0,2.8,1.7,2.0
,"5. Delays in submitting cards to repository",,,,,,,,4.4,4.1,3.1,2.9,1.3,1.2
"Suspect identification by repository",,,,,,,,,,,,,,
,"6. Accuracy of identification/non-identification decision",,,,,,,,4.9,5.0,1.8,1.7,3.1,3.3
,"7. Delays in making identification/non-identification decision",,,,,,,,4.3,4.2,2.5,2.2,1.9,1.9
,"8. Delays in rap sheet transmittal to arresting agency",,,,,,,,4.0,3.5,2.1,2.3,2.0,1.2
"Arrest data entry by repository",,,,,,,,,,,,,,
,"9. Delays in entering arrest data in criminal history database",,,,,,,,4.5,4.6,2.7,2.4,1.8,2.2
,"10. Accuracy of data entry of arrest data",,,,,,,,4.8,4.9,2.0,1.9,2.8,3.0
"Final disposition reporting process by courts or prosecutors",,,,,,,,,,,,,,
,"11. Degree to which all data elements on disposition reports are filled in",,,,,,,,4.3,4.5,2.4,2.7,1.9,1.7
,"12. Degree to which reports indicate whether person was convicted of a felony",,,,,,,,4.6,4.2,2.2,2.5,2.4,1.7
,"13. Accuracy of data elements on report",,,,,,,,4.8,4.9,2.2,2.5,2.5,2.3
,"14. Degree to which final dispositions are submitted to repository",,,,,,,,4.8,4.8,3.0,3.1,1.8,1.7
,"15. Delays in submitting disposition reports to repository",,,,,,,,4.4,4.3,2.8,3.1,1.6,1.2
"Final disposition data entry by repository",,,,,,,,,,,,,,
,"16. Degree to which dispositions can be linked to corresponding arrests",,,,,,,,4.8,4.9,2.5,2.4,2.3,2.5
,"17. Degree to which dispositions can be linked to corresponding charges",,,,,,,,4.4,"N/A",2.5,"N/A",1.9,"N/A"
,"18. Delays in entering disposition data in criminal history database",,,,,,,,4.5,4.3,2.7,3.0,1.8,1.3
,"19. Accuracy of data entry of disposition data",,,,,,,,4.9,4.9,1.9,2.0,2.9,2.9
"Record request processing by repository",,,,,,,,,,,,,,
,"20. Delays in responding to requests by criminal justice agencies",,,,,,,,4.6,4.4,1.8,1.7,2.8,2.7
,"21. Delays in responding to requests by non-criminal justice agencies",,,,,,,,3.8,3.5,2.2,1.6,1.6,1.9
,"22. Readability/understandability of rap sheet",,,,,,,,4.3,4.4,2.0,1.9,2.3,2.4
"Alien conviction reporting to the Immigration and Naturalization Service (INS)",,,,,,,,,,,,,,
,"23. Degree to which alien conviction information is reported to INS",,,,,,,,3.0,3.1,1.8,2.3,1.2,0.7
,"24. Delays in reporting alien conviction information to INS",,,,,,,,2.7,2.8,1.8,2.2,1.0,0.6
,"25. Accuracy with which offenders are identified as aliens",,,,,,,,3.3,3.3,2.3,2.2,1.0,1.1
"Reporting to the FBI",,,,,,,,,,,,,,
,"26. Degree to which fingerprint cards are submitted to the FBI",,,,,,,,4.6,4.1,2.0,1.8,2.6,2.3
,"27. Delays in submitting fingerprint cards to the FBI",,,,,,,,4.2,3.8,2.2,1.9,2.0,1.9
,"28. Degree to which final dispositions are submitted to the FBI",,,,,,,,4.0,3.8,2.6,2.7,1.4,1.1
,"29. Delays in submitting final dispositions to the FBI",,,,,,,,3.9,3.7,2.8,2.6,1.2,1.0
"Completeness of repository^s criminal history database",,,,,,,,,,,,,,
,"30. Degree to which database has all arrests from past five years",,,,,,,,4.6,4.7,2.5,2.8,2.1,2.0
,"31. Degree to which arrests in database have a final disposition",,,,,,,,4.7,4.8,3.1,3.7,1.6,1.1
,"32. Degree to which arrest charges in database have a final disposition",,,,,,,,4.4,"N/A",2.9,"N/A",1.6,"N/A"
,"33. Degree to which each offender^s felony conviction status can be determined",,,,,,,,4.6,4.4,2.6,3.0,2.0,1.4
,"34. Degree to which each offender^s child abuse conviction status can be determined",,,,,,,,4.4,"N/A",3.0,"N/A",1.5,"N/A"
,"35. Degree to which each offender^s elderly abuse conviction status can be determined",,,,,,,,4.3,"N/A",3.2,"N/A",1.1,"N/A"
,"36. Degree to which each offender^s disabled abuse conviction status can be determined",,,,,,,,4.3,"N/A",3.3,"N/A",1.0,"N/A"
,"37. Degree to which each offender^s sex offender conviction status can be determined",,,,,,,,4.7,"N/A",2.3,"N/A",2.4,"N/A"
,"38. Degree to which each offender^s domestic violence misdemeanor conviction status can be determined",,,,,,,,4.4,"N/A",3.4,"N/A",1.1,"N/A"
,"39. Degree to which all records in master name index are automated",,,,,,,,4.6,4.5,1.8,1.7,2.8,2.8
,"40. Degree to which all criminal history records from past 5 years are automated",,,,,,,,4.8,4.4,1.8,1.9,3.0,2.4
,"41. Size of fingerprint card backlog",,,,,,,,4.7,4.5,2.3,2.2,2.3,2.3
,"42. Size of FBI rap sheet backlog (for states that rely on FBI rap sheets)",,,,,,,,3.6,3.4,2.0,2.1,1.6,1.3
,"43. Size of disposition report backlog",,,,,,,,4.5,4.3,2.6,2.8,1.8,1.5
"Checking non-criminal justice data sources for firearm purchase eligibility",,,,,,,,,,,,,,
,"44. Degree to which restraining/protection/no contact orders are available",,,,,,,,4.5,"N/A",2.9,"N/A",1.6,"N/A"
,"45. Degree to which drug abuse databases can be checked",,,,,,,,3.9,"N/A",3.5,"N/A",0.5,"N/A"
,"46. Degree to which mental health databases can be checked",,,,,,,,3.8,"N/A",3.7,"N/A",0.2,"N/A"
