"Bureau of Justice Statistics",,,,,,,,,,,,,,
"Filename: cre98B-28.csv",,,,,,,,,,,,,,
"Exhibit B-28: Missouri",,,,,,,,,,,,,,
"Report title: Continuing Criminal History Records Improvement Evaluation: Final 1994-1998 Report, NCJ 179768",,,,,,,,,,,,,,
"Data sources: #95-RU-RX-K002, #98-RU-VX-K003",,,,,,,,,,,,,,
"Authors: James M. Tien, Michael F. Cahn and Robin C. Neray",,,,,,,,,,,,,,
"Refer questions to: rneray@qed.com",,,,,,,,,,,,,,
"Date of version: 12/14/99",,,,,,,,,,,,,,
,,,,,,,,,,,,,,
,"Background Characteristics",,,,,,,,,,,,,
,,,,,,,,,,,,,,
,"State Population (thousands)?",,5359,,"Source: US Census Bureau population estimates [December 1996]",,,,,,,,,
,"Number of Persons with Arrest Records in Central Repository (thousands)?",,824,,"Source: SEARCH [1998]",,,,,,,,,
,"Percentage of Arrest Records that are Automated?",,79.7%,,"Source: SEARCH [1998]",,,,,,,,,
,"Federal Records Improvement Funds Awarded to State ($ millions)?",,$7.6,,"Includes CHRI (all), Byrne 5% ('92-'98), NCHIP ('95-'98); Source: BJS [October 1998]",,,,,,,,,
,"III Participant?",,"Yes",,"Source: FBI [January 1999]",,,,,,,,,
,"Attorney General's Timeline Date?",,Dec-99,,"Date when at least 80% of all records are current and shareable; Source: BJS [August 1996]",,,,,,,,,
,"NFF State? ",,"No",,"Source: FBI [January 1999]",,,,,,,,,
,"State's AFIS Consortium Membership?",,"--",,"Source: State NCHIP Grant Application [1995], as updated",,,,,,,,,
,"NICS POC Participation?",,"None",,"Source: FBI [January 1999]",,,,,,,,,
,,,,,,,,,,,,,,
,,,,,,,,,,,,,,
,,,,,,"Time Frame",,,,,,,,
,,,,,,"Planned",,"Actual",,"Funding Sources",,,,
"#","Activity Classification",,,,"Activity Description","From","To","From","To","CHRI","Byrne","NCHIP","State","Local"
1,"1.1.2 Study and/or plan for arrest reporting process",,,,"SAC conducts analysis of arrest/incident/investigation report","",Dec-92,"","","","","","X",""
2,"1.1.11 Study and/or plan for system-wide issues",,,,"Study effectiveness of criminal history improvement activities",Apr-96,Oct-98,Aug-96,"","","","X","",""
3,"1.2.1 Audit criminal history data quality",,,,"Conduct internal audit of criminal history record system","",Dec-93,"",Dec-93,"","","","X",""
4,"1.2.1 Audit criminal history data quality",,,,"Conduct comprehensive outside audit","","",Dec-96,Jan-98,"","X","","X",""
5,"1.3.3 Hire staff",,,,"Staff position for enhancing criminal history operations to meet NCHIP requirements","","","","","","","X","",""
6,"1.3.3 Hire staff",,,,"Hire FP Services Coordinator for field training","","",Aug-97,"","","","X","",""
7,"1.4.2 Conduct training for livescan and fingerprinting",,,,"Conduct statewide FP/CHR training -MSHP and OSCA",May-95,Jul-95,Jan-96,Mar-96,"","X","X","",""
8,"1.4.3 Conduct training for court information system",,,,"Train OSCA on dispo submission and tracking procedures",Apr-95,May-98,Oct-95,Dec-95,"","","X","",""
9,"1.4.5 Conduct training for CCH",,,,"Conduct statewide training on upgraded CHRS",Aug-97,Feb-98,Jan-98,"","","","X","X",""
10,"1.4.6 Conduct multi-agency state-wide training",,,,"Develop and distribute MO Crime Index and MO Charge Code Manual","","","","","","","","X",""
11,"1.4.6 Conduct multi-agency state-wide training",,,,"Conduct training at local agencies",Feb-91,Jul-94,Feb-91,Jun-92,"X","","","X",""
12,"1.5.1 Upgrade arrest process procedures",,,,"Develop standards and procedures regarding offense cycle numbers",Jan-97,Oct-97,Sep-97,"","","","X","",""
13,"1.5.2 Implement monitoring to identify missing arrests and dispositions",,,,"Identify dispo backlog",Oct-96,Mar-98,"","","","","X","",""
14,"1.5.2 Implement monitoring to identify missing arrests and dispositions",,,,"Locate offense cycle numbers for 73% of 64k disposed charges",Apr-96,May-97,Nov-96,"","","","X","",""
15,"1.5.2 Implement monitoring to identify missing arrests and dispositions",,,,"Develop on-going monitoring program",Feb-91,Jul-94,Jun-91,Feb-94,"X","","","",""
16,"1.5.2 Implement monitoring to identify missing arrests and dispositions",,,,"Develop procedures to identify number of arrests showing final dispos","","","","","X","","","",""
17,"1.5.3 Upgrade OBTS process",,,,"Upgrade OBTS system",Jul-92,"","","","X","","","",""
18,"1.5.5 Develop procedure to participate in III or to achieve NFF status",,,,"Develop procedures to participate in NFF",Dec-97,Oct-98,"","","","","X","",""
19,"1.6.2 Specify reporting requirements for dispositions",,,,"Legislate mandatory CHRI reporting",Nov-87,"","","","","","","X",""
20,"1.7.1 Integrate criminal justice agencies county-wide",,,,"Conduct mid-size integration project in Boone Co",Jul-92,Mar-96,Jul-92,Mar-96,"","X","","X",""
21,"1.7.1 Integrate criminal justice agencies county-wide",,,,"Install LAN as part of small integration project in Osage Co",Jul-93,Mar-96,Jul-93,Mar-96,"","X","","X",""
22,"1.7.1 Integrate criminal justice agencies county-wide",,,,"Install circuits between repository and county seat for electronic collection of events",Oct-96,Jan-97,"","","","","X","X","X"
23,"1.7.2 Upgrade in-state communications",,,,"Install tail circuits between large municipalities and county hub to facilitate electronic data transfer",Jul-97,Oct-98,"","","","","X","",""
24,"1.7.2 Upgrade in-state communications",,,,"Update MSHP/IS-D communication controllers",May-96,"","","","","","X","",""
25,"3.1.4 Upgrade booking system",,,,"Install PCs in law enforcement agencies",Jan-96,Oct-96,"","","","","X","",""
26,"3.3.1 Establish electronic connection for transfer of booking data to prosecutor",,,,"MOLEMIS installation enables electronic transfer of info to prosecuting attorneys",Jul-93,"","","","","X","","X",""
27,"3.5.1 Establish electronic connection for transfer of booking data to repository",,,,"Install MOLEMIS and interface CCH",Jul-93,"","","","","X","","X",""
28,"5.2.1 Install AFIS",,,,"Install AFIS","",Dec-89,"",Dec-89,"","","","X",""
29,"5.3.1 Automatically link fingerprint card data to criminal history record",,,,"Develop interface integration programs for MOLEMIS, CHRS, and livescan",Apr-97,Oct-98,Nov-97,"","","","X","X",""
30,"5.3.1 Automatically link fingerprint card data to criminal history record",,,,"Integrate images with upgraded CHRS",May-96,Dec-96,"","","","","X","",""
31,"5.4.4 Convert manual fingerprint cards to automated system",,,,"Refile master FP files from Henry classification to SID order","","",Jan-91,Jun-93,"","","","X",""
32,"6.1.2 Computerize criminal history records",,,,"Automate CHRS",Nov-80,"","",Nov-82,"","","","X",""
33,"6.1.3 Upgrade CCH hardware",,,,"Increase DASD to accommodate increased record retention on patrol mainframe",Apr-97,Jun-97,Apr-97,Jun-97,"","","","X",""
34,"6.1.3 Upgrade CCH hardware",,,,"Upgrade MSHP CPU",May-95,Jan-96,"",Mar-96,"","","X","",""
35,"6.1.3 Upgrade CCH hardware",,,,"Upgrade CCH",Feb-91,Jul-94,Feb-91,Jul-94,"X","","","",""
36,"6.1.4 Upgrade CCH software",,,,"Convert CHRS hierarchical database to relational DBMS",May-96,Dec-96,"","","","","X","",""
37,"6.1.4 Upgrade CCH software",,,,"Interface PC and mainframe DBMSs to enable dispo capture",Jun-96,Oct-96,"","","","","X","",""
38,"6.1.4 Upgrade CCH software",,,,"Upgrade CHRS",Apr-96,Oct-96,"","","","","X","",""
39,"6.2.1 Establish record flags for felony",,,,"Set felony flags in existing records",Feb-91,Jun-94,Feb-91,Jun-94,"X","","","",""
40,"6.2.3 Establish record flags for specific disqualifying crimes",,,,"Flag child abuse, domestic violence, stalking and sex offense records",Apr-98,Sep-98,"","","","","X","",""
41,"6.3.4 Automatically access NIBRS from CCH for flagging purposes",,,,"Port MOLEMIS to mainframe and interface NIBRS",Jan-98,Feb-98,"","","","","X","",""
42,"6.4.7 Process disposition backlog",,,,"Conduct CRID overtime to reduce criminal history backlog","","",Jul-97,"","","","X","",""
43,"6.5.1 Establish electronic connection for transfer of booking and disposition data to FBI",,,,"Automate disposition reporting to FBI",Jul-92,Jun-94,"","","X","","","",""
44,"6.5.1 Establish electronic connection for transfer of booking and disposition data to FBI",,,,"MHSP enhances dispo reporting to FBI",Sep-98,Jul-99,"","","","","X","",""
45,"7.1.3 Assume responsibility for additional III records",,,,"Assume responsibility for 14k additional III records",Feb-91,Jun-94,"",Dec-92,"X","","","",""
46,"7.1.3 Assume responsibility for additional III records",,,,"Assume responsibility for an additional 133k records",Apr-97,Oct-98,"","","","","X","",""
47,"7.2.2 Comply with NIST standards",,,,"Develop necessary software to interface CCH with NFF program and be NIST compliant",Jun-97,Oct-98,"","","","","X","",""
48,"8.1.2 Upgrade prosecutor information system",,,,"Port MOPICS 2 to mainframe to provide statewide access for prosecting attorneys",May-96,Jun-96,"","","","","X","",""
49,"8.1.2 Upgrade prosecutor information system",,,,"Install PCs in all prosecution offices",Oct-96,Jan-97,"","","","X","X","",""
50,"8.1.2 Upgrade prosecutor information system",,,,"Upgrade MOPICS",Feb-91,Jul-94,Feb-91,Jul-94,"X","X","","X",""
51,"8.1.2 Upgrade prosecutor information system",,,,"Implement MOPICS 2 in another five counties",Jul-93,"","","","","X","","X",""
52,"9.1.1 Computerize court data",,,,"Implement state court criminal case mgt system in thirteen counties",Jan-92,"","","","","X","","X",""
53,"9.1.2 Upgrade court information system",,,,"Install PCs at Office of State Courts Administrator",May-95,Jul-95,Nov-95,Jan-96,"","","X","",""
54,"9.1.2 Upgrade court information system",,,,"New court sys interfaces with MULES and facilitates on-line data entry of Orders of Protection",Feb-98,Oct-98,"","","","","X","",""
55,"14.1.1 Establish electronic connection for transfer of prosecution data to repository",,,,"Interface prosecutor and CCH",Feb-91,Jul-94,"","","X","X","","X",""
56,"14.1.1 Establish electronic connection for transfer of prosecution data to repository",,,,"Implement MOPICS 2 program to interface with CCH",Dec-92,"","","","","X","","X",""
57,"14.2.2 Establish electronic connection for transfer of court disposition data to repository",,,,"Interface court and CHRS to enable electronic dispo transfer",Jul-96,Dec-96,"","","","","X","",""
58,"14.2.2 Establish electronic connection for transfer of court disposition data to repository",,,,"Install communication circuits between MSHP and OSCA to support electonic dispo transfer",Sep-96,Oct-96,"","","","","X","",""
59,"14.4.3 Upgrade electronic connection between corrections and repository",,,,"DOC improves automated interface to MSHP",Jul-98,Mar-99,"","","","","X","",""
60,"15.1.3 Participate in FIST",,,,"Develop standards and procedures for FIST",Jul-96,Jan-97,"","","","","X","",""
61,"15.1.4 Provide for direct access to firearm check information",,,,"Develop and pilot instant check prototype application",Jul-96,Jul-97,"","","","","X","",""
62,"17.1.1 Establish access to mental health records",,,,"Allow statewide access to mental health info",Nov-96,"",Nov-96,"","","","X","X",""
63,"17.1.2 Establish access to drug abuse records",,,,"Allow statewide access to drug abuse info",Nov-96,"",Nov-96,"","","","X","X",""
