"Bureau of Justice Statistics",,,,,,,,,,,,,,
"Filename: cre98B-22.csv",,,,,,,,,,,,,,
"Exhibit B-22: Maine",,,,,,,,,,,,,,
"Report title: Continuing Criminal History Records Improvement Evaluation: Final 1994-1998 Report, NCJ 179768",,,,,,,,,,,,,,
"Data sources: #95-RU-RX-K002, #98-RU-VX-K003",,,,,,,,,,,,,,
"Authors: James M. Tien, Michael F. Cahn and Robin C. Neray",,,,,,,,,,,,,,
"Refer questions to: rneray@qed.com",,,,,,,,,,,,,,
"Date of version: 12/14/99",,,,,,,,,,,,,,
,,,,,,,,,,,,,,
,"Background Characteristics",,,,,,,,,,,,,
,,,,,,,,,,,,,,
,"State Population (thousands)?",,1243,,"Source: US Census Bureau population estimates [December 1996]",,,,,,,,,
,"Number of Persons with Arrest Records in Central Repository (thousands)?",,350,,"Source: SEARCH [1998]",,,,,,,,,
,"Percentage of Arrest Records that are Automated?",,0.0%,,"Source: SEARCH [1998]",,,,,,,,,
,"Federal Records Improvement Funds Awarded to State ($ millions)?",,$5.0,,"Includes CHRI (all), Byrne 5% ('92-'98), NCHIP ('95-'98); Source: BJS [October 1998]",,,,,,,,,
,"III Participant?",,"No",,"Source: FBI [January 1999]",,,,,,,,,
,"Attorney General's Timeline Date?",,Oct-00,,"Date when at least 80% of all records are current and shareable; Source: BJS [August 1996]",,,,,,,,,
,"NFF State? ",,"No",,"Source: FBI [January 1999]",,,,,,,,,
,"State's AFIS Consortium Membership?",,"Tri-state",,"Source: State NCHIP Grant Application [1995], as updated",,,,,,,,,
,"NICS POC Participation?",,"None",,"Source: FBI [January 1999]",,,,,,,,,
,,,,,,,,,,,,,,
,,,,,,,,,,,,,,
,,,,,,"Time Frame",,,,,,,,
,,,,,,"Planned",,"Actual",,"Funding Sources",,,,
"#","Activity Classification",,,,"Activity Description","From","To","From","To","CHRI","Byrne","NCHIP","State","Local"
1,"1.1.7 Study data quality",,,,"Analyze data quality needs of SBI","","","","","","X","","X",""
2,"1.2.1 Audit criminal history data quality",,,,"Conduct initial baseline audit of data quality levels and procedures","","","","","","X","","X",""
3,"1.3.2 Establish ad-hoc committee",,,,"Establish task force on data quality","","","","","","X","","X",""
4,"1.4.2 Conduct training for livescan and fingerprinting",,,,"Train in the use of cardscan workstations","","","","","","","X","",""
5,"1.5.4 Develop data standards",,,,"Establish data quality as state priority","","","","","","X","","X",""
6,"4.3.1 Install livescan",,,,"Install 34 cardscan workstations","","","","","","","X","",""
7,"4.3.1 Install livescan",,,,"Install 4 livescan workstations","","","","","","","X","",""
8,"5.3.1 Automatically link fingerprint card data to criminal history record",,,,"Develop interface for electronic data transfer from livescan /cardscan to MNI/CCH","","","","","","","X","",""
9,"5.4.1 Join regional AFIS",,,,"Enter into tri-state agreement with NH and VT",Sep-95,Jan-97,"","","","","X","",""
10,"6.1.1 Computerize MNI",,,,"Automate manual records and convert manual soundex","","","","","X","X","X","X",""
11,"6.1.1 Computerize MNI",,,,"Complete MNI","","","","","X","","","",""
12,"6.1.2 Computerize criminal history records",,,,"Install CCH","","","","","X","X","X","X",""
13,"6.1.2 Computerize criminal history records",,,,"Convert existing records","","","","","","","X","",""
14,"6.2.3 Establish record flags for specific disqualifying crimes",,,,"Add flagging functionality to MNI/CCH for child and domestic abuse and stalking","","","","","","","X","",""
15,"6.4.2 Incorporate civil protection order",,,,"Develop/implement protective, harassment, and stalking order databases","","","","","","","X","",""
16,"9.1.1 Computerize court data",,,,"AOC installs computer as central repository for court generated info","","","","","X","","","",""
17,"9.2.1 Establish electronic connections between/among courts",,,,"Interface district courts and AOC's central computer","","","","","X","","","",""
18,"9.2.1 Establish electronic connections between/among courts",,,,"AOC upgrades network and impacts 33 district courts","","","","","","","","",""
19,"10.1.1 Computerize disposition data",,,,"Automate District Court case docketing system in order to report dispos electronically","","","","","","","X","",""
20,"10.1.3 Upgrade court information system for disposition purposes",,,,"AOC improves criminal history record system",Oct-94,Jun-95,"","","","X","","X",""
21,"11.1.1 Computerize probation data",,,,"Automate supervised release programs",Jan-93,"","","","","X","","",""
22,"12.1.2 Upgrade corrections information system",,,,"Improve Correctional Mgt Info System",Mar-94,Oct-95,"","","","X","","X",""
23,"14.2.1 Establish bi-directional electronic connection between repository and courts",,,,"AOC creates criminal justice data interface",Aug-92,Apr-94,"","","","X","","X",""
