"filename: pji9501.csv",,,,,,
"table #: 01",,,,,,
"report title: Prison and Jail Inmates, 1995",,,,,,
"data source: National Prisoner Statistics & Annual Survey of Jails",,,,,,
"author: Darrell Gilliard (202)616-3016",,,,,,
"date of version: 08/19/96",,,,,,
"range(s): base data= A:A8..A:G33;summary date=A:A35..A:G59",,,,,,
,,,,,,
"Table 1. Number of inmates held in State or Federal prisons",,,,,,
"or in local jails, 1985, 1990-95",,,,,,
,,,,,,
,,"Number of State",,"Number of",,
,"Total","and Federal prisoners",,"inmates held","Incar-","U.S. resident"
,"inmates","on December 31",,"in local jails","ceration","population on"
"Year","in custody","Jurisdiction","Custody","on June 30","rate, 1995","December 31"
,,,,,,
1985,744208,502507,487593,256615,313,237924000
,,,,,,
1990,1148702,773919,743382,405320,461,249415000
1991,1219014,825559,792535,426479,483,252177000
1992,1295150,882500,850566,444584,508,255078000
1993,1369185,969301,909381,459804,528,259373000
1994,1478086,1055073,991612,486474,562,262779000
1995,1585401,1127132,1078357,507044,600,264022000
,,,,,,
"Percent change,",,,,,,
"1994-95",7.26,6.83,8.75,4.23,,
,,,,,,
"Percent change,",,,,,,
"1985-95",1.13,1.243,1.212,0.976,,
,,,,,,
"Annual average",,,,,,
"increase, 1985-95",0.079,0.084,0.083,0.07,,
,,,,,,
"Table 1. Number of inmates held in State or Federal prisons",,,,,,
"or in local jails, 1985, 1990-95",,,,,,
,,,,,,
,,"Number of State",,"Number of",,
,"Total","and Federal prisoners",,"inmates held","Incar-","U.S. resident"
,"inmates","on December 31",,"in local jails","ceration","population on"
"Year","in custody","Jurisdiction","Custody","on June 30","rate, 1995","December 31"
,,,,,,
1985,744208,502507,487593,256615,313,237924000
,,,,,,
1990,1148702,773919,743382,405320,461,249415000
1991,1219014,825559,792535,426479,483,252177000
1992,1295150,882500,850566,444584,508,255078000
1993,1369185,969301,909381,459804,528,259373000
1994,1478086,1055073,991612,486474,562,262779000
1995,1585401,1127132,1078357,507044,600,264022000
,,,,,,
"Percent change,",,,,,,
"1994-95",7.26,6.83,8.75,4.23,,
,,,,,,
"Percent change,",,,,,,
"1985-95",1.13,1.243,1.212,0.976,,
,,,,,,
"Annual average",,,,,,
"increase, 1985-95",0.079,0.084,0.083,0.07,,
