"filename: pji9504.csv",,,,,,,
"table #: 04",,,,,,,
"report title: Prison and Jail Inmates, 1995",,,,,,,
"data source: National Prisoner Statistics & Annual Survey of Jails",,,,,,,
"author: Darrell Gilliard (202)616-3016",,,,,,,
"date of version: 08-19-96",,,,,,,
,,,,,,,
,,,,,,,
"Table 4.  The prison situation on December 31, 1995",,,,,,,
,,,,,,,
,,,,"10 largest and smallest percentage changes in the prison population",,,
"10 largest and smallest","Number of","10 highest and lowest rates","Prisoners per","1 year growth,","Percent","5 year growth,","Percent"
"prison population","inmates","of prison incarceration","100,000 residents","1994-95","change","1994-95","change"
,,,,,,,
"10 Highest:",,,,,,,
"   California",135646,"   Texas",653,"   North Carolina",24.2%,"   Texas",127.9%
"   Texas",127766,"   Louisiana",568,"   Mississippi",19.0%,"   North Carolina",59.5%
"   Federal system",100250,"   Oklahoma",552,"   Idaho",18.4%,"   Virginia",57.5%
"   New York",68484,"   South Carolina",515,"   Wyoming",15.4%,"   Mississippi",55.3%
"   Florida",63879,"   Nevada",482,"   Nebraska",14.8%,"   Minnesota",53.1%
"   Ohio",44677,"   Arizona",473,"   Pennsylvania",14.5%,"   Federal system",53.0%
"   Michigan",41112,"   Alabama",471,"   Oregon",13.7%,"   Georgia",52.9%
"   Illinois",37658,"   Georgia",470,"   North Dakota",13.4%,"   New Hampshire",50.1%
"   Georgia",34266,"   Mississippi",464,"   Utah",13.2%,"   Wisconsin",50.0%
"   Pennsylvania",32410,"   Florida",447,"   New Mexico",13.0%,"   Arizona",49.6%
,,,,,,,
"10 Lowest:",,,,,,,
"   North Dakota",608,"   North Dakota",85,"   District of Col.",-10.5%,"   Maine",-5.0%
"   Vermont",1072,"   Minnesota",105,"   Maine",-1.8%,"   District of Col.",-1.5%
"   Wyoming",1405,"   Maine",111,"   Rhode Island",-0.6%,"   South Carolina",13.2%
"   Maine",1447,"   West Virginia",136,"   New Hampshire",-0.3%,"   Michigan",20.0%
"   Montana",1788,"   Vermont",143,"   Michigan",1.2%,"   Maryland",20.2%
"   South Dakota",1871,"   Utah",173,"   Montana",1.4%,"   Rhode Island",21.3%
"   New Hampshire",2014,"   New Hampshire",174,"   Maryland",2.2%,"   Kansas",22.1%
"   West Virginia",2511,"   Massachusetts",175,"   Georgia",2.5%,"   New York",24.8%
"   Rhode Island",2902,"   Nebraska",185,"   New York",2.6%,"   Montana",25.5%
"   Nebraska",3113,"   Rhode Island",186,"   Virginia",2.8%,"   North Dakota ",25.9%
