"filename: pji9514.csv",,,
"table #: 14",,,
"report title: Prison and Jail Inmates, 1995",,,
"data source: National Prisoner Statistics and Survey of Jails 1995",,,
"author: Darrell Gilliard (202)633-3016",,,
"date of version: 08-23-96",,,
,,,
"Table 14. Rated capacity of local",,,
"jails and percent of capacity",,,
"occupied, 1985,190-95",,,
,,,
,,"Amount","Percent"
,"Rated","of capacity","of capacity"
"Year","capacity","added","occupied"
,,,
1995,545763,41439,0.93
1994,504324,29100,0.96
1993,475224,26027,0.97
1992,449197,27960,0.99
1991,421237,32066,1.01
1990,389171,21402,1.04
,,,
1989,367769,28136,1.08
1988,339633,38435,1.01
1987,301198,15472,0.98
1986,285726,12986,0.96
1985,272830,11398,0.94
,,,
1984,261432,-124,0.9
1983,261556,"--",0.85
