"filename: pji9510.csv",
"table #: 10",
"report title: Prison and Jail Inmates, 1995",
"data source: National Prisoner Statistics and Survey of Jails 1995",
"author: Darrell Gilliard 202)633-3016",
"date of version: 08-23-96",
,
"Table 10.  Persons under jail",
"supervision, by confinement status",
"and type of program, midyear 1995",
,
,"Number of "
,"persons"
,"under jail"
,"supervision"
,
"   Total",541913
,
"Held in jail",507044
,
"Supervised outside",
"   of a jail facility",34869
,
"      Electronic monitoring",6788
"      Home detention",1376
"      Day reporting",1283
"      Community service",10253
"      Weekender program",1909
"      Other alternative work programs",9144
"      Other pretrial supervision",3229
"      Other",887
