"filename: pji9512.csv",,,,,,,
"table #: 12",,,,,,,
"report title: Prison and Jail Inmates, 1995",,,,,,,
"data source: National Prisoner Statistics and Survey of Jails",,,,,,,
"author: Darrell Gilliard (202) 633-3016",,,,,,,
"date of version: 08-23-96",,,,,,,
,,,,,,,
,,,,,,,
"Table 12.  Sex, race, and Hispaic origin of local",,,,,,,
"jail inmates, midyear 1985, 1990-95",,,,,,,
,,,,,,,
,,,"       Percent of jail inmates",,,,
"Characteristic","1985","1990","1991","1992","1993","1994","1995"
,,,,,,,
"   Total",100.0%,100.0%,100.0%,100.0%,100.0%,100.0%,100.0%
,,,,,,,
"Sex",,,,,,,
"   Male",92.0%,90.8%,90.7%,90.8%,90.4%,90.0%,89.8%
"   Female",8.0%,9.2%,9.3%,9.2%,9.6%,10.0%,10.2%
,,,,,,,
"Race/Hispanic origin",,,,,,,
"   White, non-Hispanic","--",41.8%,41.1%,40.1%,39.3%,39.1%,40.1%
"   Black, non-Hispanic","--",42.5%,43.4%,44.1%,44.2%,43.9%,43.5%
"   Hispanic","--",14.3%,14.2%,14.5%,15.1%,15.4%,14.7%
"   Other","--",1.3%,1.2%,1.3%,1.3%,1.6%,1.7%
