Bureau of Justice Statistics,,,,
Filename: p18t12.csv,,,,
"Table 12. Prisoners age 17 or younger in the custody of publicly or privately operated federal or state prisons, by jurisdiction and sex, December 31, 2018",,,,
Report title: Prisoners in 2018   NCJ 253516,,,,
"Data Source: Bureau of Justice Statistics, National Prisoner Statistics, 2018",,,,
"Author: E. Ann Carson, Ph.D., BJS Statistician",,,,
Refer questions to: askbjs@usdoj.gov   202-307-0765,,,,
Date of version: 4/30/2020,,,,
,,,,
"Table 12. Prisoners age 17 or younger in the custody of publicly or privately operated federal or state prisons, by jurisdiction and sex, December 31, 2018",,,,
State/federal,,Total,Male,Female
,U.S. total,735,708,27
Federal/a,,36,33,3
State,,699,675,24
,Alabama,9,9,0
,Alaska/b,2,2,0
,Arizona,51,48,3
,Arkansas,8,8,0
,California,/,/,/
,Colorado,9,9,0
,Connecticut/b,46,44,2
,Delaware/b,11,11,0
,Florida,91,90,1
,Georgia,33,30,3
,Hawaii/b,0,0,0
,Idaho,0,0,0
,Illinois,0,0,0
,Indiana,28,28,0
,Iowa,3,3,0
,Kansas,0,0,0
,Kentucky,0,0,0
,Louisiana,14,14,0
,Maine,0,0,0
,Maryland,16,16,0
,Massachusetts,0,0,0
,Michigan,35,34,1
,Minnesota,5,5,0
,Mississippi,14,14,0
,Missouri,3,3,0
,Montana,0,0,0
,Nebraska,3,2,1
,Nevada,21,20,1
,New Hampshire/c,/,/,/
,New Jersey,0,0,0
,New Mexico,0,0,0
,New York,64,64,0
,North Carolina,60,55,5
,North Dakota,0,0,0
,Ohio,40,40,0
,Oklahoma,14,14,0
,Oregon/c,/,/,/
,Pennsylvania,14,13,1
,Rhode Island,1,1,0
,South Carolina,26,25,1
,South Dakota,0,0,0
,Tennessee,13,13,0
,Texas,22,18,4
,Utah,1,1,0
,Vermont/b,0,0,0
,Virginia,11,11,0
,Washington,10,10,0
,West Virginia,0,0,0
,Wisconsin,21,20,1
,Wyoming,0,0,0
"Note: In 2017, BJS began requesting that National Prisoner Statistics (NPS) respondents include all persons age 17 or younger held in the physical custody of state and federal correctional authorities and in private prisons, excluding prisoners held in local jails and in the custody of other jurisdictions. For jurisdiction-level information, see Jurisdiction notes on the BJS website. Data collected after 2016 should not be compared to data for previous years. See Methodology. As of December 31, 2001, sentenced felons from the District of Columbia were the responsibility of the Federal Bureau of Prisons (BOP).",,,,
/Not reported.,,,,
a/The BOP holds prisoners age 17 or younger in privately operated facilities.,,,,
b/Prisons and jails form one integrated system. Data include total jail and prison populations.,,,,
c/State did not provide any 2018 NPS data. Counts of prisoners age 17 or younger were imputed based on data for previous years and included in the state and U.S. totals. See Methodology.,,,,
"Source: Bureau of Justice Statistics, National Prisoner Statistics, 2018.",,,,
