"Bureau of Justice Statistics",,,,,,,,,,,
"filename:'CFJ944_5.csv",,,,,,,,,,,
"Compendium of Federal Justice Statistics, 1994",,,,,,,,,,,
"table # 4.5",,,,,,,,,,,
"contents:  Federal case processing data",,,,,,,,,,,
"data source: Federal Justice Statistics database maintained by the Urban Institute",,,,,,,,,,,
"refer questions to: Scalia@ojp.usdoj.gov (202) 616-3276",,,,,,,,,,,
"coordinator: John Scalia and Steve Smith (202) 616-3485",,,,,,,,,,,
"date of version 2/20/98",,,,,,,,,,,
,,,,,,,,,,,
"Table 4.5.  Average incarceration sentence lengths imposed, by offense and offender characteristics, 1994",,,,,,,,,,,
,,,,,,,,,,,
,,,,"Mean sentence length for offenders convicted of:",,,,,,,
,,,,,"Felonies",,,,,,
,,,,"All","Violent","Property offenses",,"Drug","Public-order offenses",,
"Offender characteristic",,,,"offenses\a","offenses","Fraudulent","Other","offenses","Regulatory","Other","Misdemeanors"
,,," All offenders",61.4,95.9,15.8,20.8,81.1,16.1,45.0,8.7
"Sex",,,,,,,,,,,
,"Male",,,64.4,97.6,17.3,22.2,83.7,17.0,46.2,9.7
,"Female",,,36.3,58.5,10.6,11.0,58.3,9.7,26.5,0.7
"Race",,,,,,,,,,,
,"White",,,50.4,86.4,16.3,23.0,66.4,16.4,40.8,15.3
,"Black",,,83.6,113.4,15.6,17.3,106.7,14.9,61.6,3.4
,"Other",,,49.9,71.1,13.7,15.6,78.7,14.4,29.6,0.1
"Ethnicity",,,,,,,,,,,
,"Hispanic",,,55.4,85.6,11.9,17.7,70.6,18.8,29.4,"..."
,"Non-Hispanic",,,63.9,96.7,16.2,21.2,87.1,15.5,54.3,9.1
"Age",,,,,,,,,,,
,"16-18 years",,,64.9,119.1,5.8,16.8,49.8,41.5,39.8,2.2
,"19-20 years",,,61.1,85.6,8.3,26.1,71.3,23.9,35.0,"..."
,"21-30 years",,,64.0,95.5,12.2,21.1,81.8,14.9,43.0,5.1
,"31-40 years",,,62.0,95.7,15.6,17.2,80.3,15.7,50.0,17.2
,"Over 40 years",,,57.3,98.1,19.0,23.2,83.9,16.6,45.5,"..."
"Citizenship",,,,,,,,,,,
,"U.S. citizen",,,65.0,96.7,16.5,21.4,84.8,16.9,56.8,9.6
,"Not U.S. citizen",,,51.5,73.4,11.6,16.7,72.2,10.7,26.0,"..."
"Education",,,,,,,,,,,
,"Less than high school graduate",,,66.2,103.1,14.7,19.4,79.3,16.5,45.5,2.8
,"High school graduate",,,65.0,94.0,15.3,23.1,84.8,15.9,53.0,6.1
,"Some college",,,54.9,86.9,16.3,18.3,81.6,16.5,42.4,22.6
,"College graduate",,,39.7,74.1,18.4,24.4,71.9,13.8,33.5,"..."
"Criminal record",,,,,,,,,,,
,"No convictions",,,48.2,68.4,13.7,20.3,66.5,16.3,27.0,0.5
,"Prior adult convictions\b",,,,,,,,,,
,,"Never incarcerated",,58.8,74.3,14.2,16.3,78.1,14.8,31.4,29.7
,,"Incarcerated\c",,,,,,,,,
,,,"13 months or less",60.8,88.8,16.1,16.0,86.3,12.9,33.4,"..."
,,,"More than 13 months",86.9,124.8,24.6,28.0,118.7,18.6,66.5,24.0
,,,,,,,,,,,
"--No case of this type occurred in the data.",,,,,,,,,,,
"(SEE PRINTED REPORT FOR FOOTNOTES)",,,,,,,,,,,
