Bureau of Justice Statistics,,,,,,,,,,
File name:pffclqap14at07.csv,,,,,,,,,,
"Appendix table 7: Estimates and standard errors for figure 4: Percent of publicly funded forensic crime labs with one or more externally certified analysts, 2009 and 2014",,,,,,,,,,
"Report title: Publicly Funded Forensic Crime Laboratories: Quality Assurance Practices, 2014, NCJ 250152",,,,,,,,,,
"Data source:  Bureau of Justice Statistics, Census of Publicly Funded Forensic Crime Laboratories, 2009, and 2014",,,,,,,,,,
"Author: Andrea M. Burch and Matthew R. Durose, BJS Statisticians, and Kelly Walsh and Emily Tiry, Urban Institute",,,,,,,,,,
Refer questions to: askbjs@usdoj.gov (202) 307-0765,,,,,,,,,,
Date of version: 11/22/2016,,,,,,,,,,
,,,,,,,,,,
"Appendix table 7: Estimates and standard errors for figure 4: Percent of publicly funded forensic crime labs with one or more externally certified analysts, 2009 and 2014",,,,,,,,,,
,,,,,,,,,,
,,,Estimates,,,,Standard errors,,,
Type of jurisdiction,,2009,2014,,,,2009,,2014,
,All,60,%,72,%,,0.4,%,0.8,%
Federal,,68,,63,,,1.9,,4.4,
State,,55,,70,,,0.5,,0.8,
County,,65,,75,,,0.8,,1.7,
Municipal,,65,,78,,,1.2,,2.1,
"Source: Bureau of Justice Statistics, Census of Publicly Funded Forensic Crime Laboratories, 2009 and 2014.",,,,,,,,,,
