Bureau of Justice Statistics,,,,,,,,
Filename: pipvcluct03.csv,,,,,,,,
"Table 3. Location of incident in intimate partner violence cases in 16 large counties, by charge type, May 2002",,,,,,,,
"Report title: Profile of Intimate Partner Violence Cases in Large Urban Counties,   NCJ 228193",,,,,,,,
Data source: Processing of Domestic Violence Cases in State Courts,,,,,,,,
"Author(s): Erica L. Smith and Donald J. Farole, Jr.",,,,,,,,
Refer questions to: askbjs@usdoj.gov or (202) 307-0765,,,,,,,,
Date of version: 10/21/2009,,,,,,,,
,,,,,,,,
"Table 3. Location of incident in intimate partner violence cases in 16 large counties, by charge type, May 2002",,,,,,,,
,,,,,Percent of defendants charged with a -,,,
Location of incident,,,All cases,,Felony,,Misdemeanor,
,Total,,100,%,100,%,100,%
Residential,,,85,%,83.8,%,85.3,%
,Residence shared by victim and defendant,,58.1,,48.9,,60.2,
,Victim's residence,,21.1,,25.3,,20.2,
,Defendant's residence,,4.2,,7.5,,3.4,
,Other residence/a,,1.6,,1.9,,1.6,
Victim's or defendant's workplace,,,1.2,%,1.6,%,1.1,%
Private or public vehicle,,,7,%,8.8,%,6.6,%
Public place,,,5.9,%,4.5,%,6.2,%
Other location/b,,,1,%,1.2,%,0.9,%
,Total cases/c,,3717,,683,,3034,
a/Includes incidents that occurred at the home of a relative or a friend.,,,,,,,,
"b/Includes incidents that occurred in a hotel or motel room, at a shelter, or threats made over the telephone.",,,,,,,,
c/Excludes cases for which location of incident was not reported.,,,,,,,,
