Bureau of Justice Statistics,,,,,,,,
Filename: pipvcluct09.csv,,,,,,,,
"Table 9. Evidence obtained in intimate partner violence cases in 16 large counties by charge type, May 2002",,,,,,,,
"Report title: Profile of Intimate Partner Violence Cases in Large Urban Counties,   NCJ 228193",,,,,,,,
Data source: Processing of Domestic Violence Cases in State Courts,,,,,,,,
"Author(s): Erica L. Smith and Donald J. Farole, Jr.",,,,,,,,
Refer questions to: askbjs@usdoj.gov or (202) 307-0765,,,,,,,,
Date of version: 10/21/2009,,,,,,,,
,,,,,,,,
"Table 9. Evidence obtained in intimate partner violence cases in 16 large counties by charge type, May 2002",,,,,,,,
,,,,,Percent of defendants charged with a -,,,
Type of evidence,,,All cases,,Felony,,Misdemeanor,
,Total,,100,%,100,%,100,%
Any evidence obtained,,,83.5,%,90.9,%,81.8,%
,Physical evidence,,67.9,%,74.9,%,66.3,%
,,Photos of victim/defendant,46.5,,44.9,,46.9,
,,Tape of 911 call,25.9,,30.4,,24.9,
,,Photos of scene,12.2,,19.8,,10.5,
,,Weapon recovered,4.7,,10.7,,3.3,
,,Medical records,3.4,,10.4,,1.8,
,,Forensic evidence,3.3,,9.8,,1.8,
,,Other evidence,8.3,,11.3,,7.7,
,Statement from witness,,45.9,%,58,%,43.1,%
,Statement from defendant,,10.2,%,12.7,%,9.7,%
No evidence obtained,,,16.5,%,9.1,%,18.2,%
,Total cases,,3750,,693,,3057,
Note: Detail does not sum to total because more than one type of evidence was obtained in some cases.,,,,,,,,
