Bureau of Justice Statistics,,,,,,,
Filename: pipvcluct10.csv,,,,,,,
"Table 10. History and reporting of prior violence between victim and defendant in intimate partner violence cases in 16 large counties, by charge type, May 2002",,,,,,,
"Report title: Profile of Intimate Partner Violence Cases in Large Urban Counties,   NCJ 228193",,,,,,,
Data source: Processing of Domestic Violence Cases in State Courts,,,,,,,
"Author(s): Erica L. Smith and Donald J. Farole, Jr.",,,,,,,
Refer questions to: askbjs@usdoj.gov or (202) 307-0765,,,,,,,
Date of version: 10/21/2009,,,,,,,
,,,,,,,
"Table 10. History and reporting of prior violence between victim and defendant in intimate partner violence cases in 16 large counties, by charge type, May 2002",,,,,,,
,,,,Defendants charged with a -,,,
Percent of cases in which -,,All cases,,Felony,,Misdemeanor,
There was a history of abuse between victim and defendant,,46.3,%,46.6,%,46.3,%
Victim reported prior violence by defendant to police,,23.5,%,26.1,%,22.9,%
,Total cases,3750,,693,,3057,
