Bureau of Justice Statistics,,,,,,,,,,
Filename: pipvcluct13.csv,,,,,,,,,,
"Table 13. Characteristics of intimate partner violence cases in 16 large counties, by adjudication outcome, May 2002",,,,,,,,,,
"Report title: Profile of Intimate Partner Violence Cases in Large Urban Counties,   NCJ 228193",,,,,,,,,,
Data source: Processing of Domestic Violence Cases in State Courts,,,,,,,,,,
"Author(s): Erica L. Smith and Donald J. Farole, Jr.",,,,,,,,,,
Refer questions to: askbjs@usdoj.gov or (202) 307-0765,,,,,,,,,,
Date of version: 10/21/2009,,,,,,,,,,
,,,,,,,,,,
"Table 13. Characteristics of intimate partner violence cases in 16 large counties, by adjudication outcome, May 2002",,,,,,,,,,
,,,Adjudication outcome,,,,,,,
,,,,,Conviction,,,,,
Case characteristics,,,Dismissal/Acquittal/Nol Prosequi,,Any conviction/a,,Felony,,Misdemeanor,
Incident characteristics,,,,,,,,,,
,Defendant using drug or alcohol,,29,%,34.7,%,34.1,%,35.1,%
,Child present at time of incident,,30.8,,40.1,,38.6,,40.3,
,Weapon used in incident,,25.7,,26.7,,46.1,,23.1,
,Victim injured in incident,,91.6,,90.6,,78.7,,92.7,
,Witness to the incident,,40.6,,56.4,,59.9,,55.9,
,,Direct/eye witness,36.7,,47,,47,,47,
,,Indirect witness,4.2,,11.2,,13.5,,11.1,
Prior history,,,,,,,,,,
,History of abuse between victim and defendant,,40.4,%,51.9,%,53.3,%,52.1,%
,Victim reported prior violence by defendant to police,,24.1,,24.9,,28.7,,24.5,
Evidence obtained,,,,,,,,,,
,Any physical evidence obtained,,63.4,%,70.6,%,81.4,%,68.5,%
,Statement from witness,,44.9,,45.3,,57.2,,43,
,Statement from defendant,,5.5,,13.1,,18.6,,12.1,
,Total cases/b,,1255,,2086,,334,,1699,
a/Includes cases in which conviction charge was unknown.,,,,,,,,,,
"b/Excludes cases with pretrial diversion or deferred adjudication, cases with an unknown adjudication outcome, and cases pending as of May 31, 2003.",,,,,,,,,,
