Bureau of Justice Statistics,,,,,,,,
Filename: pipvcluct07.csv,,,,,,,,
"Table 7. Witness to the incident in intimate partner violence cases in 16 large counties, by charge type, May 2002",,,,,,,,
"Report title: Profile of Intimate Partner Violence Cases in Large Urban Counties,   NCJ 228193",,,,,,,,
Data source: Processing of Domestic Violence Cases in State Courts,,,,,,,,
"Author(s): Erica L. Smith and Donald J. Farole, Jr.",,,,,,,,
Refer questions to: askbjs@usdoj.gov or (202) 307-0765,,,,,,,,
Date of version: 10/21/2009,,,,,,,,
,,,,,,,,
"Table 7. Witness to the incident in intimate partner violence cases in 16 large counties, by charge type, May 2002",,,,,,,,
,,,,,Percent of defendants charged with a -,,,
Presence of witness,,,All cases,,Felony,,Misdemeanor,
,Total,,100,%,100,%,100,%
Witness to the incident,,,49.9,%,53.8,%,49,%
,Direct/eyewitness,,43,,45,,42.5,
,Indirect witness*,,8.1,,9.2,,7.9,
No witness to the incident,,,50.1,%,46.2,%,51,%
,Total cases,,3750,,693,,3057,
Note: Percents do not sum to 100% because prosecutorial files may indicate both direct and indirect witnesses to the incident.,,,,,,,,
*Includes individuals with knowledge of the incident but did not visually witness the incident.,,,,,,,,
