Bureau of Justice Statistics,,,,,,,,
Filename: pipvcluct04.csv,,,,,,,,
"Table 4. Alcohol and drug use among defendants in intimate partner violence  cases in 16 large counties, by charge type, May 2002",,,,,,,,
"Report title: Profile of Intimate Partner Violence Cases in Large Urban Counties,   NCJ 228193",,,,,,,,
Data source: Processing of Domestic Violence Cases in State Courts,,,,,,,,
"Author(s): Erica L. Smith and Donald J. Farole, Jr.",,,,,,,,
Refer questions to: askbjs@usdoj.gov or (202) 307-0765,,,,,,,,
Date of version: 10/21/2009,,,,,,,,
,,,,,,,,
"Table 4. Alcohol and drug use among defendants in intimate partner violence  cases in 16 large counties, by charge type, May 2002",,,,,,,,
,,,,,Percent of defendants charged with a -,,,
Alcohol or drug use,,,All cases,,Felony,,Misdemeanor,
,Total,,100,%,100,%,100,%
Defendant was using alcohol or drugs at the time of the incident,,,32.8,%,32.9,%,32.7,%
,Alcohol only,,28.6,,28,,28.7,
,Drugs only,,1.8,,2.5,,1.6,
,Alcohol and drugs,,1,,1.7,,0.9,
,Other substance*,,1.4,,0.7,,1.6,
Defendant was not using alcohol or drugs at the time of the incident,,,67.2,%,67.1,%,67.3,%
,Total cases,,3750,,693,,3057,
*Includes unknown substances.,,,,,,,,
