Bureau of Justice Statistics,,,,,,,,,,,,,
Filename: vcerlem0509t09.csv,,,,,,,,,,,,,
"Table 9. Weapons involved in violent victimizations of the elderly known to law enforcement in Michigan, by victim-offender relationship, 2005-2009",,,,,,,,,,,,,
"Report title: Violent Crime against the Elderly Reported by Law Enforcement in Michigan,2005-2009 NCJ 238546",,,,,,,,,,,,,
"Data source: FBI, National Incident-Based Reporting System, Michigan data, 2005-2009",,,,,,,,,,,,,
Author: Erica L. Smith,,,,,,,,,,,,,
Refer questions to askbjs@usdoj.gov or 202-307-0765,,,,,,,,,,,,,
"Date of version: June 12, 2012",,,,,,,,,,,,,
,,,,,,,,,,,,,
 ,,,,,,,,,,,,,
"Table 9. Weapons involved in violent victimizations of the elderly known to law enforcement in Michigan, by victim-offender relationship, 2005-2009",,,,,,,,,,,,,
Type of weapon involved,,Total victimizations,,Intimate partner,,Child or grandchild,,Other family member,,Friend or acquaintance,,Stranger,
,Total,100,%,100,%,100,%,100,%,100,%,100,%
Firearm,,16.5,%,3,%,1.6,%,3.9,%,5.6,%,35.6,%
,Handgun,12,,1.5,,0.8,,2.9,,3.7,,28.4,
,Other gun,4.4,,1.5,,0.8,,1,,2,,7.2,
Knife or other sharp object,,4.8,,6.4,,5.6,,4.5,,5.6,,3.6,
Blunt object,,4.2,,4.6,,3.5,,3.4,,6.4,,3.3,
Other type of weapon,,5.4,,6.8,,4.7,,5.7,,7.4,,4.4,
"Hands, fists, feet, or teeth",,50.9,,64.6,,68.1,,64.8,,57.8,,32.5,
No weapon or physical force involved,,18.1,,14.6,,16.4,,17.7,,17.2,,20.6,
Note: Detail may not sum to total due to rounding. Weapon involvement was known for 96.4% of violent crimes against elderly victims age 65 or older. ,,,,,,,,,,,,,
Relationship between the primary offender and the victim was known for 74.3% of victims age 65 or older. ,,,,,,,,,,,,,
"Source: FBI, National Incident-Based Reporting System, Michigan data, 2005-2009.",,,,,,,,,,,,,
