Bureau of Justice Statistics,,,,,,
Filename: vcerlem0509t04.csv,,,,,,
"Table 4. Victims and offenders involved in violent victimizations of the elderly known to law enforcement in Michigan, 2005-2009",,,,,,
"Report title: Violent Crime against the Elderly Reported by Law Enforcement in Michigan,2005-2009 NCJ 238546",,,,,,
"Data source: FBI, National Incident-Based Reporting System, Michigan data, 2005-2009",,,,,,
Author: Erica L. Smith,,,,,,
Refer questions to askbjs@usdoj.gov or 202-307-0765,,,,,,
"Date of version: June 12, 2012",,,,,,
,,,,,,
"Table 4. Victims and offenders involved in violent victimizations of the elderly known to law enforcement in Michigan, 2005-2009",,,,,,
Number of victims ,,,Number of offenders ,,,
,All offenders,,One,,Two or more,
All elderly victims,100,%,83.3,%,16.7,%
One,80,%,69.5,,10.5,%
Two or more*,20,,13.8,,6.3,
*Includes victimizations in which at least one of the victims was age 65 or older.,,,,,,
"Source: FBI, National Incident-Based Reporting System, Michigan data, ",,,,,,
2005-2009.,,,,,,
