Bureau of Justice Statistics,,,,,,,,,
Filename: vcerlem0509t01.csv,,,,,,,,,
"Table 1. Rate of violent victimizations known to law enforcement in Michigan, by age, sex, and race of the victim, 2005-2009",,,,,,,,,
"Report title: Violent Crime against the Elderly Reported by Law Enforcement in Michigan,2005-2009 NCJ 238546",,,,,,,,,
"Data source: FBI, National Incident-Based Reporting System, Michigan data, 2005-2009",,,,,,,,,
Author: Erica L. Smith,,,,,,,,,
Refer questions to askbjs@usdoj.gov or 202-307-0765,,,,,,,,,
"Date of version: June 12, 2012",,,,,,,,,
,,,,,,,,,
"Table 1. Rate of violent victimizations known to law enforcement in Michigan, by age, sex, and race of the victim, 2005-2009",,,,,,,,,
,"Annual rate per 100,000 Michigan residents",,,,,,,,
,All victims,,Sex of victim,,,Race of victim*,,,
Age of victim,,,Male,Female,,White,Black,American Indian/ Alaska Native,Asian/Pacific Islander
All victims,"1,640.70",,"1,424.40","1,850.20",,"1,229.10","4,236.00",540.3,226.3
11 or younger,601.2,,583.2,620.1,,536.6,993.8,239.7,54.3
 12-17,"2,951.80",,"2,695.70","3,221.30",,"2,310.70","5,934.50",648.5,272.3
18 - 24,"3,917.00",,"2,974.40","4,894.80",,"2,962.80","9,401.70",883.1,412.4
25 - 34,"2,961.60",,"2,221.30","3,716.40",,"2,239.30","7,088.50",898.2,341.1
35 - 49,"1,759.70",,"1,510.10","2,007.00",,"1,339.20","4,641.30",621.7,225.6
50 - 64,675.4,,740.1,613.6,,481.1,"2,157.20",238.4,183.2
65 or older,204.5,,247.7,172.9,,145.4,744.9,239.6,131.9
Total violent victimizations ,"823,587",,"351,710","471,877",,"506,017","312,666","2,036","2,868"
"Note: Counts of violent victimizations by victim�s age, sex, and race are presented in appendix table 1. Michigan population data are presented in appendix table 2. ",,,,,,,,,
"*Due to a large amount of missing data, information on Hispanic origin of the victim is not displayed.",,,,,,,,,
"Source: FBI, National Incident-Based Reporting System, Michigan data, 2005-2009.",,,,,,,,,
