Bureau of Justice Statistics,,,
Filename: vcerlem0509t13.csv,,,
"Table 13. Rate of intimate partner violence in Michigan, by age and sex of victim, 2005-2009",,,
"Report title: Violent Crime against the Elderly Reported by Law Enforcement in Michigan,2005-2009 NCJ 238546",,,
"Data source: FBI, National Incident-Based Reporting System, Michigan data, 2005-2009",,,
Author: Erica L. Smith,,,
Refer questions to askbjs@usdoj.gov or 202-307-0765,,,
"Date of version: June 12, 2012",,,
,,,
"Table 13. Rate of intimate partner violence in Michigan, by age and sex of victim, 2005-2009",,,
,"Annual rate per 100,000 Michigan residents",,
Age of victim,All IPV victims,Male,Female
All ages,508.3,203.2,799.4
 12-17,179.2,26.9,339.5
18-24,"1,081.60",282.7,"1,910.40"
25-34,"1,147.80",422.6,"1,887.10"
35-49,618.6,290.4,943.8
50-64,146.3,101.4,189.2
65 or older,23.2,22.2,23.9
"Source: FBI, National Incident-Based Reporting System, Michigan data, ",,,
2005-2009.,,,
