Bureau of Justice Statistics,,
Filename: vcerlem0509f02.csv,,
"Figure 2. Rate of reported violence per 100,000 Michigan residents age 65 or older, by victim-offender relationship and sex of victim, 2005-2009",,
"Report title: Violent Crime against the Elderly Reported by Law Enforcement in Michigan,2005-2009 NCJ 238546",,
"Data source: FBI, National Incident-Based Reporting System, Michigan data, 2005-2009",,
Author: Erica L. Smith,,
Refer questions to askbjs@usdoj.gov or 202-307-0765,,
"Date of version: June 12, 2012",,
,,
"Figure 2. Rate of reported violence per 100,000 Michigan residents age 65 or older, by victim-offender relationship and sex of victim, 2005-2009",,
,Male,Female
Stranger,65.5,29.2
Friend / acquaintance,86.6,40
Other relative,12.9,12.5
Grandchild,12.2,20.5
Child,43.6,45
Dating partner,8.4,4.3
Spouse / ex-spouse,18.4,21.5
