Bureau of Justice Statistics,,
Filename: vcerlem0509f04.csv,,
"Figure 4. Time of day during which crime against the elderly occurred, by location, 2005-2009",,
"Report title: Violent Crime against the Elderly Reported by Law Enforcement in Michigan,2005-2009 NCJ 238546",,
"Data source: FBI, National Incident-Based Reporting System, Michigan data, 2005-2009",,
Author: Erica L. Smith,,
Refer questions to askbjs@usdoj.gov or 202-307-0765,,
"Date of version: June 12, 2012",,
,,
"Figure 4. Time of day during which crime against the elderly occurred, by location, 2005-2009",,
,Residential location,Non-residence location
6:00 AM,1,1.5
7:00 AM,1.6,1.7
8:00 AM,2.6,2.4
9:00 AM,2.8,3.6
10:00 AM,4,5.7
11:00 AM,4.5,6.5
12:00 PM,4.9,7
1:00 PM,5.2,7.6
2:00 PM,5.5,8.2
3:00 PM,5.7,6.7
4:00 PM,6.7,6.4
5:00 PM,5.4,5.8
6:00 PM,6.2,6.5
7:00 PM,6.6,5.5
8:00 PM,7.4,5.4
9:00 PM,6.4,4.2
10:00 PM,5.9,3.7
11:00 PM,4.8,2.8
12:00 AM,3.8,2.5
1:00 AM,2.8,2.2
2:00 AM,2.3,1.5
3:00 AM,1.6,0.9
4:00 AM,1.3,0.5
5:00 AM,1,0.9
