Bureau of Justice Statistics,,,,
Filename: vcerlem0509t03.csv,,,,
"Table 3. Age of victims of violence known to law enforcement in Michigan, by age of offender, 2005-2009",,,,
"Report title: Violent Crime against the Elderly Reported by Law Enforcement in Michigan,2005-2009 NCJ 238546",,,,
"Data source: FBI, National Incident-Based Reporting System, Michigan data, 2005-2009",,,,
Author: Erica L. Smith,,,,
Refer questions to askbjs@usdoj.gov or 202-307-0765,,,,
"Date of version: June 12, 2012",,,,
,,,,
,,,,
"Table 3. Age of victims of violence known to law enforcement in Michigan, by age of offender, 2005-2009",,,,
,Age of victim,,,
Age of offender,Age 64 or younger,,Age 65 or older,
17 or younger,17.2,%,10.4,%
18-24,25.1,,16.9,
25-34,25.4,,16.1,
35-49,25.1,,29.6,
50-64,6.4,,15.5,
65 or older,0.8,,11.5,
Note: Age of offender was known for 87% of violent victimizations.,,,,
"Source: FBI, National Incident-Based Reporting System, Michigan data, ",,,,
2005-2009.,,,,
