"Bureau of Justice Statistics",,,,,,,,,,,
"Filename:  cfjs0003.csv",,,,,,,,,,,
"Table 1.3.  Characteristics of persons arrested by U.S. Marshals, October 1, 1999 - September 30, 2000",,,,,,,,,,,
"Report title:  Compendium of Federal Justice Statistics, 2000   NCJ  194067",,,,,,,,,,,
"Data source:  Federal justice statistics database maintained by The Urban Institute",,,,,,,,,,,
"Author:  Urban Institute under the supervision of BJS",,,,,,,,,,,
"Refer  questions to:  askbjs@ojp.usdoj.gov  202-307-0765",,,,,,,,,,,
"Date of version:  April 17, 2002",,,,,,,,,,,
,,,,,,,,,,,
,,,,,,,,,,,
"Table 1.3.  Characteristics of persons arrested by U.S. Marshals, October 1, 1999 - September 30, 2000",,,,,,,,,,,
,,,,,,,,,,,
,,,"Percent of persons arrested on--",,,,,,,,
,,"Number",,,"Property",,"","Public order",,"","Material"
"Arrestee characteristic",,"arrested","All","Violent","Fraudulent","Other","Drug","Regulatory","Other","Supervision","witness"
"All arrestees",,115589,100.0,3.7,11.6,3.0,28.2,0.5,34.5,14.8,3.6
"Male/Female",,,,,,,,,,,
,"Male",98845,85.5,91.0,71.7,74.2,84.7,91.1,90.5,87.1,86.0
,"Female",16723,14.5,9.0,28.3,25.8,15.3,8.9,9.5,12.9,14.0
"Race",,,,,,,,,,,
,"White",81845,70.8,44.4,63.7,57.6,67.0,86.2,82.5,59.4,94.4
,"Black",28385,24.6,39.5,30.4,33.8,30.9,8.9,13.0,35.4,1.9
,"American Indian/Alaskan",1848,1.6,13.5,0.5,4.0,0.4,1.9,0.8,3.5,0.2
,"Asian/Pacific Islander",2598,2.2,2.0,4.6,3.6,1.1,2.3,2.7,1.1,2.9
,"Other",892,0.8,0.5,0.8,1.0,0.7,0.8,1.0,0.5,0.6
"Age",,,,,,,,,,,
,"Under 19 years",2447,2.1,5.4,0.6,3.3,2.2,1.3,2.1,0.9,7.4
,"19-20 years",6867,5.9,10.5,3.2,7.3,6.4,3.6,6.6,2.9,12.3
,"21-30 years",46914,40.6,39.8,28.4,33.3,44.3,18.3,43.8,35.8,51.4
,"31-40 years",33908,29.4,27.0,30.2,29.5,28.8,24.3,28.7,33.9,21.7
,"Over 40 years",25330,21.9,17.3,37.6,26.6,18.3,52.6,18.9,26.5,7.3
"Citizenship",,,,,,,,,,,
,"U.S. citizen",64458,55.8,85.6,76.2,82.0,63.8,81.5,32.2,78.8,2.1
,"Not U.S. citizen",41826,36.2,5.8,13.8,8.3,27.8,8.5,60.4,13.7,92.0
,"Missing/Indeterminable",9305,8.1,8.6,10.1,9.6,8.4,10.0,7.3,7.5,5.9
