"Bureau of Justice Statistics",,,,,,,,,
"filename:  scs9647.csv",,,,,,,,,
"table #: Table 4.7. Type of conviction in State courts,",,,,,,,,,
"by number of felony conviction offenses, 1996",,,,,,,,,
"report title:  State Court Sentencing of Convicted Felons, 1996; NCJ 175708",,,,,,,,,
"data sources:  National Judicial Reporting Program",,,,,,,,,
"authors:  David J. Levin, Patrick A. Langan, & Jodi M. Brown ",,,,,,,,,
"refer questions to:  askbjs@ojp.usdoj.gov  (202) 307-0765",,,,,,,,,
"date of version:  02/15/00",,,,,,,,,
,,,,,,,,,
"Table 4.7. Type of conviction in State courts,",,,,,,,,,
"by number of felony conviction offenses, 1996",,,,,,,,,
,,,,,,,,,
,,,,"Percent convicted of --",,,,,
,,,,,,"One",,"Two or more",
"Type of conviction",,,,"Total",,"offense",,"offenses",
,,,,,,,,,
,,"All ",,100,"%",74,"%",26,"%"
,,,,,,,,,
"Trial",,,,100,,72,,28,
,"Jury",,,100,,64,,36,
,"Bench",,,100,,77,,23,
"Guilty plea",,,,100,,74,,26,
,,,,,,,,,
,,,,,,,,,
"Note:  See note on table 1.6.",,,,,,,,,
"Detail may not sum to total because of rounding.",,,,,,,,,
