Bureau of Justice Statistics,,,,
Filename: lpdpp16at04.csv,,,,
"Appendix table 4. Standard errors for table 3: Percent of local police departments that required annual in-service training of patrol and field officers, by size of population served, 2016",,,,
"Report title: Local Police Departments: Policies and Procedures, 2016  NCJ 254826",,,,
"Data Source: Bureau of Justice Statistics, Law Enforcement Management and Administrative Statistics survey, 2016",,,,
"Author: Connor Brooks, BJS Statistician",,,,
Refer questions to: askbjs@usdoj.gov 202-307-0765,,,,
Date of version: 8/20/2020,,,,
,,,,
"Appendix table 4. Standard errors for table 3: Percent of local police departments that required annual in-service training of patrol and field officers, by size of population served, 2016",,,,
Population served,Percent of departments,"Among departments requiring training, average annual hours of in-service training per officer",,
"1,000,000 or more",0,%,1.9, hrs.
"500,000-999,999",0,,0.9,
"250,000-499,999",0,,0.7,
"100,000-249,999",0.32,,0.6,
"50,000-99,999",0.13,,2.1,
"25,000-49,999",1.72,,2,
"10,000-24,999",0.88,,1.3,
"2,500-9,999",0.71,,3.6,
"2,499 or less",1.19,,5.8,
All departments,0.55,,2.4,
,Percent of officers required to take annual in-service training,,,
All officers,0.25,%,0.8, hrs.
"Source: Bureau of Justice Statistics, Law Enforcement Management and Administrative Statistics survey, 2016.",,,,
