Bureau of Justice Statistics,,,,,,,,,,
Filename: lpdpp16at07.csv,,,,,,,,,,
"Appendix table 7. Standard errors for table 6: Percent of local police departments that authorized less-lethal techniques or restraints, by size of population served, 2016",,,,,,,,,,
"Report title: Local Police Departments: Policies and Procedures, 2016  NCJ 254826",,,,,,,,,,
"Data Source: Bureau of Justice Statistics, Law Enforcement Management and Administrative Statistics survey, 2016",,,,,,,,,,
"Author: Connor Brooks, BJS Statistician",,,,,,,,,,
Refer questions to: askbjs@usdoj.gov 202-307-0765,,,,,,,,,,
Date of version: 8/20/2020,,,,,,,,,,
,,,,,,,,,,
"Appendix table 7. Standard errors for table 6: Percent of local police departments that authorized less-lethal techniques or restraints, by size of population served, 2016",,,,,,,,,,
Population served,Open-hand techniques,,Closed-hand techniques,,Takedown techniques,,Leg hobble/other restraints,,Neck restraint/hold,
"1,000,000 or more",0,%,0,%,0,%,2.99,%,4.39,%
"500,000-999,999",0,,1.15,,0,,2.71,,2.83,
"250,000-499,999",0,,0.67,,0,,1.77,,2.39,
"100,000-249,999",0.19,,0.57,,0.32,,0.87,,1.26,
"50,000-99,999",1.54,,2.14,,1.54,,2.6,,3.69,
"25,000-49,999",0,,1.42,,0,,2.67,,3.49,
"10,000-24,999",0.89,,1.64,,1.15,,2.37,,2.53,
"2,500-9,999",0.75,,1.32,,0.76,,1.73,,1.81,
"2,499 or less",1.21,,1.51,,1.23,,1.81,,1.87,
All departments,0.55,,0.78,,0.57,,1,,1.06,
All officers,0.19,,0.41,,0.22,,0.92,,1.41,
"Source: Bureau of Justice Statistics, Law Enforcement Management and Administrative Statistics survey, 2016.",,,,,,,,,,
