Bureau of Justice Statistics,,
Filename: lpdpp16at02.csv,,
"Appendix table 2. Standard errors for table 1: Percent of local police departments that maintained a written community-policing plan, by size of population served, 2016",,
"Report title: Local Police Departments: Policies and Procedures, 2016  NCJ 254826",,
"Data Source: Bureau of Justice Statistics, Law Enforcement Management and Administrative Statistics survey, 2016",,
"Author: Connor Brooks, BJS Statistician",,
Refer questions to: askbjs@usdoj.gov 202-307-0765,,
Date of version: 8/20/2020,,
,,
"Appendix table 2. Standard errors for table 1: Percent of local police departments that maintained a written community-policing plan, by size of population served, 2016",,
Population served,Maintained a plan,
"1,000,000 or more",3.52,%
"500,000-999,999",2.83,
"250,000-499,999",2,
"100,000-249,999",1.22,
"50,000-99,999",3.75,
"25,000-49,999",3.91,
"10,000-24,999",2.8,
"2,500-9,999",1.91,
"2,499 or less",1.82,
All departments,1.08,
All officers,1.39,
"Source: Bureau of Justice Statistics, Law Enforcement Management and Administrative Statistics survey, 2016.",,
