Bureau of Justice Statistics,,,,
Filename: wv09at04.csv,,,,
"Appendix table 4. Standard errors of the percentage of workplace and nonworkplace violence and employed persons, by sex, race/Hispanic origin, age, marital status, and annual household income, 2005-2009",,,,
"Report title: Workplace Violence, 1993-2009 NCJ 233094",,,,
Data source: National Crime Victimization Survey,,,,
"Author: Erika Harrell, Ph.D., BJS Statistician",,,,
Refer questions to: askbjs@usdoj.gov or 202-307-0765,,,,
Date of version: 03/29/2011,,,,
,,,,
"Appendix table 4. Standard errors of the percentage of workplace and nonworkplace violence and employed persons, by sex, race/Hispanic origin, age, marital status, and annual household income, 2005-2009",,,,
,,,,
,,Standard error of the percent,,
Victim characteristic,,Workplace ,Nonworkplace ,Employed persons age 16 or older
,Total,--,--,--
Sex,,,,
,Male,2.26,1.41,0.33
,Female,2.22,1.39,0.33
Race/Hispanic origin,,,,
,White/a,1.96,1.36,0.32
,Black/African American/a,1.24,0.9,0.17
,Hispanic,1.17,0.94,0.19
,American Indian/a,0.48,0.24,0.03
,Asian/Pacific Islander/a,0.74,0.36,0.1
,Two or more races/a,0.47,0.42,0.04
Age,,,,
,16-19 years old,0.73,0.91,0.1
,20-24,1.53,1.12,0.16
,25-34,2.08,1.19,0.25
,35-49,2.17,1.21,0.31
,50-64,1.76,0.82,0.26
,65 or older,0.48,0.2,0.09
Marital status,,,,
,Never married,2.19,1.41,0.28
,Married,2.32,1.18,0.34
,Widowed,0.57,0.23,0.06
,Divorced or separated,1.64,1.13,0.19
Annual household income,,,,
,"Less than $7,500",0.42,0.62,0.06
,"$7,500 to $14,999",0.89,0.68,0.08
,"$15,000 to $24,999",1.18,0.79,0.12
,"$25,000 to $34,999",1.21,0.83,0.14
,"$35,000 to $49,999",1.45,0.9,0.18
,"$50,000 to $74,999",1.89,0.84,0.21
,"$75,000 or more",1.92,0.99,0.28
,Unknown,1.83,1.15,0.26
Note: Standard errors were calculated using NCVS general variance parameters developed by the U.S. Census Bureau. These standard errors are for estimates in table 4. Includes 2006 data. See Methodology.,,,,
--Standard error less than 0.01.,,,,
a/Excludes persons of Hispanic or Latino origin.,,,,
b/Includes all racial groups.,,,,
Source: National Crime Victimization Survey.,,,,
