Bureau of Justice Statistics,,,
Filename: wv09t16.csv,,,
"Table 16. Workplace homicide, by offender type, 2005-2009",,,
"Report title: Workplace Violence, 1993-2009 NCJ 233094",,,
Data source: Census of Fatal Occupational Injuries,,,
"Author: Erika Harrell, Ph.D., BJS Statistician",,,
Refer questions to: askbjs@usdoj.gov or 202-307-0765,,,
Date of version: 03/29/2011,,,
,,,
"Table 16. Workplace homicides, by offender type, 2005-2009",,,
,,,
Offender type,,Percent of workplace homicide victims age 16 or older,
,Total,100,%
,,,
Robbers and other assailants,,70.3,%
,Robbers,38.3,
,Other assailants,32,
,,,
Work associates,,21.4,%
,"Co-worker, former coworker",11.4,
,"Customer, client",10,
,,,
Relatives,,4,%
,Spouse,2.9,
,Other relative,0.8,
,,,
Other personal acquaintance,,4.3,%
,"Boyfriend, ex-boyfriend, girlfriend, ex-girlfriend",2,
,Other acquaintance,2.3,
Note: Excludes strangers or assailants who were unknown. Includes 2009 preliminary data. Details do not sum to total due to rounding. See Methodology.,,,
"Source: Census of Fatal Occupational Injuries, U.S. Department of Labor, Bureau of Labor Statistics.",,,
