Bureau of Justice Statistics,,,
Filename: wv09at10.csv,,,
"Appendix table 10. Standard errors for injury type, workplace and nonworkplace violence, 2005-2009",,,
"Report title: Workplace Violence, 1993-2009 NCJ 233094",,,
Data source: National Crime Victimization Survey,,,
"Author: Erika Harrell, Ph.D., BJS Statistician",,,
Refer questions to: askbjs@usdoj.gov or 202-307-0765,,,
Date of version: 03/29/2011,,,
,,,
"Appendix table 10. Standard errors for injury type, workplace and nonworkplace violence, 2005-2009",,,
,,,
,,Standard error of the percent,
Injury type,,Workplace ,Nonworkplace 
,Total,--,--
No injury,,1.61,1.3
Serious injury,,0.56,0.52
Minor injury,,1.4,1.15
Rape without other injuries ,,0.13,0.25
Do not know,,0.13,0.1
Note: Rape with other injuries were classified as either serious injury or minor injury. Standard errors were calculated using NCVS general variance parameters developed by the U.S. Census Bureau. These standard errors are for estimates in table 10.  Includes 2006 data. See Methodology.,,,
--Standard error less than 0.01.,,,
Source: National Crime Victimization Survey.,,,
