Bureau of Justice Statistics,,,,
Filename: wv09at05.csv,,,,
"Appendix table 5. Standard errors for victim/offender relationship for victims of workplace violence, by sex, 2005-2009",,,,
"Report title: Workplace Violence, 1993-2009 NCJ 233094",,,,
Data source: National Crime Victimization Survey,,,,
"Author: Erika Harrell, Ph.D., BJS Statistician",,,,
Refer questions to: askbjs@usdoj.gov or 202-307-0765,,,,
Date of version: 03/29/2011,,,,
,,,,
"Appendix table 5. Standard errors for victim/offender relationship for victims of workplace violence, by sex, 2005-2009",,,,
,,,,
,,,Standard error of the percent,
Victim/offender relationship,,,Male,Female
,Total,,--,--
Intimate partner,,,0.48,0.9
Other relatives,,,0.42,0.57
Well-known/casual acquaintances,,,1.82,2.83
Work relationships,,,2.52,3.4
,Customer/client,,1.07,1.74
,Patient,,0.66,1.68
,Current of former--,,,
,,Supervisor ,0.59,1.25
,,Employee ,0.88,0.9
,,Co-worker ,2.11,2.51
Do not know relationship,,,1.57,1.69
Stranger,,,2.94,3.61
Note: Standard errors were calculated using NCVS general variance parameters developed by the U.S. Census Bureau. These standard errors are for estimates in table 5. Includes 2006 data. See Methodology.,,,,
--Standard error less than 0.01.,,,,
Source: National Crime Victimization Survey.,,,,
