Bureau of Justice Statistics,,,
Filename: wv09at03.csv,,,
"Appendix table 3. Standard errors for the rate of workplace and nonworkplace violence, by sex, race/Hispanic origin, age, marital status, and annual household income, 2005-2009",,,
"Report title: Workplace Violence, 1993-2009 NCJ 233094",,,
Data source: National Crime Victimization Survey,,,
"Author: Erika Harrell, Ph.D., BJS Statistician",,,
Refer questions to: askbjs@usdoj.gov or 202-307-0765,,,
Date of version: 03/29/2011,,,
,,,
"Appendix table 3. Standard errors for the rate of workplace and nonworkplace violence, by sex, race/Hispanic origin, age, marital status, and annual household income, 2005-2009",,,
,,,
,,Standard error of the rates,
Victim characteristic,,Workplace   ,Nonworkplace 
,Total,0.27,0.54
Sex,,,
,Male,0.38,0.7
,Female,0.33,0.71
Race/Hispanic origin,,,
,White/a,0.33,0.59
,Black/African American/a,0.62,1.49
,Hispanic/b,0.47,1.27
,American Indian/a,4.82,7.84
,Asian/Pacific Islander/a,0.88,1.35
,Two or more races/a,2.92,8.31
Age,,,
,16-19 years old,0.8,3.33
,20-24,0.85,2.1
,25-34,0.6,1.09
,35-49,0.4,0.69
,50-64,0.42,0.6
,65 or older,0.64,0.86
Marital status,,,
,Never married,0.5,1.23
,Married,0.31,0.42
,Widowed,1.6,1.96
,Divorced or separated,0.73,1.7
Annual household income,,,
,"Less than $7,500",1.17,5.54
,"$7,500 to $14,999",1.5,3.69
,"$15,000 to $24,999",0.98,2.14
,"$25,000 to $34,999",0.81,1.81
,"$35,000 to $49,999",0.64,1.29
,"$50,000 to $74,999",0.69,0.91
,"$75,000 or more",0.42,0.67
,Unknown,0.44,2.53
Note: Standard errors were calculated using NCVS general variance parameters developed by the U.S. Census Bureau. These standard errors are for estimates in table 3. Includes 2006 data. See Methodology.,,,
a/Excludes persons of Hispanic or Latino origin.,,,
b/Includes all racial groups.,,,
Source: National Crime Victimization Survey.,,,
