Bureau of Justice Statistics,,,
Filename: wv09t17.csv,,,
"Table 17. Workplace homicides, by incident type, 2005-2009",,,
"Report title: Workplace Violence, 1993-2009 NCJ 233094",,,
Data source: Census of Fatal Occupational Injuries,,,
"Author: Erika Harrell, Ph.D., BJS Statistician",,,
Refer questions to: askbjs@usdoj.gov or 202-307-0765,,,
Date of version: 03/29/2011,,,
,,,
"Table 17. Workplace homicides, by incident type, 2005-2009",,,
,,,
Incident type,,Percent of workplace homicide with victims age 16 or older,
,Total,100,%
"Hitting, kicking, beating",,6.1,
Shooting,,80,
Stabbing,,8.1,
Unknown,,5.8,
Note: Includes 2009 preliminary data. Unknown category includes homicides not elsewhere classified and homicides with unspecified types. See Methodology.,,,
"Source: Census of Fatal Occupational Injuries, U.S. Department of Labor, Bureau of Labor Statistics.",,,
