Bureau of Justice Statistics,,
Filename: wv09at13.csv,,
"Appendix table 13. Standard errors for reasons for not reporting crime to police, workplace and nonworkplace violence, 2005-2009",,
"Report title: Workplace Violence, 1993-2009 NCJ 233094",,
Data source: National Crime Victimization Survey,,
"Author: Erika Harrell, Ph.D., BJS Statistician",,
Refer questions to: askbjs@usdoj.gov or 202-307-0765,,
Date of version: 03/29/2011,,
,,
"Appendix table 13. Standard errors for reasons for not reporting crime to police, workplace and nonworkplace violence, 2005-2009",,
,,
,Standard error of the percentages,
Reason not reported,Workplace ,Nonworkplace 
Reported to another official,3.01,0.89
Personal matter,2.55,1.65
Not important enough,2.61,1.65
No insurance,0.26,0.18
Found out too late,0.36,0.21
Cannot recover property,--,0.15
Lack of proof,0.88,0.82
Police would not help,1.68,1.44
Protect offender,1,0.99
Advised not to report,0.41,0.24
Fear of reprisal,1.13,0.87
Too inconvenient,0.84,0.97
Other reason,2.09,1.21
Does not know,0.31,0.3
Note: Standard errors were calculated using NCVS general variance parameters developed by the U.S. Census Bureau. These standard errors are for estimates in table 13. Includes 2006 data. See Methodology.,,
--Standard error less than 0.01.,,
Source: National Crime Victimization Survey.,,
