Bureau of Justice Statistics,,,,,
Filename: wv09t12.csv,,,,,
"Table 12. Reason for reporting incident to police other than incident was a crime, by workplace and nonworkplace violence, 2005-2009",,,,,
"Report title: Workplace Violence, 1993-2009 NCJ 233094",,,,,
Data source: National Crime Victimization Survey,,,,,
"Author: Erika Harrell, Ph.D., BJS Statistician",,,,,
Refer questions to: askbjs@usdoj.gov or 202-307-0765,,,,,
Date of version: 03/29/2011,,,,,
,,,,,
"Table 12. Reason for reporting incident to police other than incident was a crime, by workplace and nonworkplace violence, 2005-2009",,,,,
,,,,,
,,Percent of victims in--,,,
Reason reported,,Workplace ,,Nonworkplace ,
Personal reasons,,,,,
,Stop or prevent this incident from happening,31.1,%,41.4,%
,Needed help or injured,2.9,*,3.9,
,Recover property,3.8,,5.3,
,Collect insurance,0.4,*,0.8,*
,Prevent future incidents against respondents,20.5,,30.9,
Public safety-related reasons,,,,,
,Stop this offender from committing other crimes against anyone,19.9,,13.3,
,Punish offender,10.1,,11.6,
,Catch offender,4.7,,8.1,
,Improve police surveillance,3.5,*,5.3,
,Duty to let police know about crime,13.7,,7,
Other reason ,,9.4,,4.5,
No other reason,,29.2,,21.5,
Note: Percentages sum to more than 100% because victims may have reported more than one reason. Includes 2006 data. See Methodology.,,,,,
*Based on 10 or fewer sample cases.,,,,,
Source: National Crime Victimization Survey.,,,,,
