Bureau of Justice Statistics,,,
Filename: wv09f03.csv,,,
"Figure 3.  Workplace violence rates, by race/ethnicity, 1993-2009",,,
"Report title: Workplace Violence, 1993-2009 NCJ 233094",,,
Data source: National Crime Victimization Survey,,,
"Author: Erika Harrell, Ph.D., BJS Statistician",,,
Refer questions to: askbjs@usdoj.gov or 202-307-0765,,,
Date of version: 03/29/2011,,,
,,,
"Figure 3.  Workplace violence rates, by race/ethnicity, 1993-2009",,,
,,,
,"Rate per 1,000 employed persons age 16 or older",,
,White,Black ,Hispanic
1993,16.40302599,16.13353649,12.36215888
1994,16.75204313,12.6793217,11.08065031
1995,14.89349862,10.64837135,11.75377729
1996,13.7067478,11.69822273,10.23318045
1997,11.63034328,10.85493431,10.40105384
1998,11.6854529,7.176463953,5.91580316
1999,10.29269801,4.961587515,7.297776236
2000,8.51196212,7.476820909,6.355501213
2001,7.158102595,5.839438513,6.654679475
2002,6.38244549,5.257328121,4.685199589
2003,6.348193857,5.52349677,4.97060311
2004,6.363119795,5.213936726,3.551028786
2005,6.337289888,5.030228949,5.675742045
2006,,,
2007,5.891285027,2.985018023,1.376728451
2008,5.378694496,5.489809386,2.240397522
2009,4.28729211,1.948060386,2.491101452
Note:White and black do not include persons of Hispanic or Latino origin. Hispanic includes all racial groups. Data from 2006 not included. See Methodology.,,,
Source: National Crime Victimization Survey.,,,
