Bureau of Justice Statistics,,,,,,,,,,,,,,,,,,,,,
Filename: drpspi16stat03.csv,,,,,,,,,,,,,,,,,,,,,
"Appendix table 3. Standard errors for table 3: Disabilities among federal prisoners, by demographic characteristics, 2016",,,,,,,,,,,,,,,,,,,,,
"Report title: Disabilities Reported by Prisoners: Survey of Prison Inmates, 2016� NCJ 252642",,,,,,,,,,,,,,,,,,,,,
"Data source: Bureau of Justice Statistics, Survey of Prison Inmates, 2016",,,,,,,,,,,,,,,,,,,,,
"Authors: Laura M. Maruschak, BJS Statistician, and Jennifer Bronson, Ph.D., and Mariel Alper, Ph.D., former BJS Statisticians",,,,,,,,,,,,,,,,,,,,,
Refer questions to: askbjs@usdoj.gov 202-307-0765,,,,,,,,,,,,,,,,,,,,,
Date of version: 3/30/2021,,,,,,,,,,,,,,,,,,,,,
,,,,,,,,,,,,,,,,,,,,,
"Appendix Table 3. Standard errors for table 3: Disabilities among federal prisoners, by demographic characteristics, 2016",,,,,,,,,,,,,,,,,,,,,
Characteristic,,Any,,,Hearing,,,Vision,,,Cognitive,,,Ambulatory,,,Self-care,,,Independent living,
,All federal prisoners,1.1,%,,0.53,%,,0.69,%,,0.81,%,,0.68,%,,0.25,%,,0.39,%
Sex,,,,,,,,,,,,,,,,,,,,,
,Male,1.15,%,,0.56,%,,0.72,%,,0.84,%,,0.71,%,,0.26,%,,0.4,%
,Female,2.43,,,0.64,,,1.59,,,1.91,,,1.66,,,0.47,,,1.19,
Race/ethnicity,,,,,,,,,,,,,,,,,,,,,
,White,1.72,%,,1.13,%,,0.92,%,,1.57,%,,1.46,%,,0.41,%,,0.83,%
,Black ,1.24,,,0.46,,,0.9,,,0.78,,,0.91,,,0.35,,,0.56,
,Hispanic,1.8,,,0.68,,,1.17,,,1.31,,,0.83,,,0.41,,,0.52,
,American Indian/Alaska Native,7.63,,,5.9,,,3,,,6.07,,,3.27,,,2.95,,,7.29,
,Asian/Native Hawaiian/Other Pacific Islander,6.2,,,3.37,,,4.03,,,5.04,,,3.16,,,1.52,,,1.86,
,Two or more races,3.5,,,2.59,,,2.2,,,2.46,,,2.2,,,0.94,,,1.37,
Age,,,,,,,,,,,,,,,,,,,,,
,18-24,3.81,%,,2.08,%,,1.67,%,,2.74,%,,1.07,%,,0.49,%,,2.32,%
,25-34,1.41,,,0.53,,,0.73,,,1.2,,,0.48,,,0.3,,,0.5,
,35-44,1.34,,,0.54,,,0.98,,,0.91,,,0.66,,,0.24,,,0.46,
,45-54,2.2,,,1.23,,,1.4,,,1.74,,,1.31,,,0.52,,,0.69,
,55-64,3.41,,,2.32,,,2.8,,,2.02,,,2.77,,,1.23,,,1.94,
,65 or older,3.57,,,3.33,,,4.13,,,3.25,,,5.19,,,2.45,,,3.23,
"Source: Bureau of Justice Statistics, Survey of Prison Inmates, 2016.",,,,,,,,,,,,,,,,,,,,,
