Bureau of Justice Statistics,,,,,,
Filename: drpspi16stt01.csv,,,,,,
"Table 1. Prevalence of disabilities among all state and federal prisoners, 2016",,,,,,
"Report title: Disabilities Reported by Prisoners: Survey of Prison Inmates, 2016� NCJ 252642",,,,,,
"Data source: Bureau of Justice Statistics, Survey of Prison Inmates, 2016",,,,,,
"Authors: Laura M. Maruschak, BJS Statistician, and Jennifer Bronson, Ph.D., and Mariel Alper, Ph.D., former BJS Statisticians",,,,,,
Refer questions to: askbjs@usdoj.gov 202-307-0765,,,,,,
Date of version: 3/30/2021,,,,,,
,,,,,,
"Table 1. Prevalence of disabilities among all state and federal prisoners, 2016",,,,,,
,,All state and federal prisoners,,,,
Disability,,Percent,,,Standard error,
Any disability/a ,,38.4,%,,0.65,%
,Cognitive,22.8,,,0.44,
,Ambulatory,11.5,,,0.42,
,Vision,11.4,,,0.39,
Told had an attention deficit disorder/b,,24.4,%,,0.51,%
Ever attended special education classes,,23.8,%,,0.47,%
Told had a learning disability/c,,14.1,%,,0.36,%
Note: Prisoners could report more than one disability. See appendix table 1 for prisoner estimates.,,,,,,
"a/Includes hearing, vision, cognitive, ambulatory, self-care, and independent living.",,,,,,
"b/Includes prisoners who reported they had ever been told by a doctor, psychologist, or teacher that they had an attention deficit disorder, sometimes referred to as ADD or ADHD.",,,,,,
"c/Includes prisoners who reported they had ever been told by a doctor, psychologist, or teacher that they had a learning disability, such as dyslexia or dyscalculia.",,,,,,
"Source: Bureau of Justice Statistics, Survey of Prison Inmates, 2016.",,,,,,
