"Bureau of Justice Statistics",,,,,,,,
"filename:  cp9706.csv",,,,,,,,
"Report  title:  Capital Punishment, 1997     NCJ-172881",,,,,,,,
"data source: BJS, National Prisoner Statistics data series (NPS-8)",,,,,,,,
"author:  Tracy Snell",,,,,,,,
"refer questions to: askbjs@ojp.usdoj.gov      (202)307-0765",,,,,,,,
"date of version:  12/7/98",,,,,,,,
,,,,,,,,
"The numbers presented in this spreadsheet may have been revised from those previously",,,,,,,,
"published and, therefore, may vary from numbers available from other sources.",,,,,,,,
"Table 6. Hispanics and women under sentence of death, by State, 1996 and 1997",,,,,,,,
,,,,,,,,
,"Under sentence",,"Received under",,"Death sentence",,"Under sentence",
,"of death, 12/31/96 \a",,"sentence of death",,"removed \b",,"of death, 12/31/97",
"Region and State","Hispanics","Women","Hispanics","Women","Hispanics","Women","Hispanics","Women"
,,,,,,,,
"      U.S. total",264,47,26,2,2,5,283,44
,,,,,,,,
"Alabama",0,4,0,0,0,1,0,3
"Arizona",18,1,0,0,0,0,18,1
"Arkansas",2,0,0,0,0,0,1,0
"California",68,8,11,0,0,0,79,8
"Colorado",1,0,0,0,0,0,1,0
"Florida",40,6,2,0,0,0,41,6
,,,,,,,,
"Georgia",1,0,0,0,0,0,1,0
"Idaho",0,1,0,0,0,0,0,1
"Illinois",8,4,1,0,2,2,7,2
"Indiana",2,0,0,0,0,0,2,0
"Louisiana",1,0,0,0,0,0,1,0
"Mississippi",1,1,0,0,0,0,1,1
,,,,,,,,
"Missouri",0,2,0,0,0,1,0,1
"Nevada",8,1,0,0,0,0,8,1
"New Jersey",0,0,0,1,0,0,0,1
"New Mexico",1,0,0,0,0,0,1,0
"North Carolina",3,3,0,0,0,0,3,3
"Ohio",5,0,0,0,0,0,5,0
,,,,,,,,
"Oklahoma",6,4,1,0,0,1,7,3
"Oregon",1,0,1,0,0,0,2,0
"Pennsylvania",13,4,0,0,0,0,13,4
"Tennessee",1,2,0,0,0,0,1,2
"Texas",80,6,10,1,0,0,88,7
"Utah",2,0,0,0,0,0,2,0
"Virginia",2,0,0,0,0,0,1,0
,,,,,,,,
"a/ The count of women under sentence of death at yearend 1996 has been revised; one male inmate in Mississippi",,,,,,,,
"was errroneously reported as a female in previous report years.",,,,,,,,
"b/ five Hispanic men were executed in 1997 (2 in Texas; and 1 each in Arkansas, Florida, and Virginia).  No women",,,,,,,,
"were executed during 1997.",,,,,,,,
