"Bureau of Justice Statistics",
"filename:  cp97f01.csv",
"Report  title:  Capital Punishment, 1997     NCJ-172881",
"data source: BJS, National Prisoner Statistics data series (NPS-8)",
"author:  Tracy Snell",
"refer questions to: askbjs@ojp.usdoj.gov      (202)307-0765",
"date of version:  12/7/98",
,
"The numbers presented in this spreadsheet may have been revised from those previously",
"published and, therefore, may vary from numbers available from other sources.",
,
"Figure 1. Persons under sentence of death, 1953-97",
,
,"Number under"
"Year","sentence of death"
1953,131
1954,147
1955,125
1956,146
1957,151
1958,147
1959,164
1960,210
1961,257
1962,267
1963,297
1964,315
1965,331
1966,406
1967,435
1968,517
1969,575
1970,631
1971,642
1972,334
1973,134
1974,244
1975,488
1976,420
1977,423
1978,483
1979,595
1980,697
1981,863
1982,1073
1983,1216
1984,1421
1985,1589
1986,1800
1987,1964
1988,2111
1989,2232
1990,2346
1991,2466
1992,2575
1993,2716
1994,2890
1995,3064
1996,3242
1997,3335
