"Bureau of Justice Statistics",,,,,,,,,,,,
"filename:  cp9711.csv",,,,,,,,,,,,
"Report  title:  Capital Punishment, 1997     NCJ-172881",,,,,,,,,,,,
"data source: BJS, National Prisoner Statistics data series (NPS-8)",,,,,,,,,,,,
"author:  Tracy Snell",,,,,,,,,,,,
"refer questions to: askbjs@ojp.usdoj.gov      (202)307-0765",,,,,,,,,,,,
"date of version:  12/7/98",,,,,,,,,,,,
,,,,,,,,,,,,
"The numbers presented in this spreadsheet may have been revised from those previously",,,,,,,,,,,,
"published and, therefore, may vary from numbers available from other sources.",,,,,,,,,,,,
,,,,,,,,,,,,
,,,,,,,,,,,,
"Table 11. Prisoners under sentence of death who were executed or received other dispositions, by race and Hispanic origin, 1977-97",,,,,,,,,,,,
,,,,,,,,,,,,
,,,,,,,,,,,,
,,,,,,,,,"Prisoners who",,,
,,,,,,,,,"received",,,
,,"Total under ",,"Prisoners executed",,,,,"other dispositions \a",,,
,,"sentence of ",,,,"Percent",,,,,"Percent",
"Race and Hispanic origin \b",,"death, 1977-97",,"Number",,"of total",,,"Number",,"of total",
,,,,,,,,,,,,
"All races or ethnic groups",,5796,,432,,7.5,"%",,2029,,"35.0 ","%"
,,,,,,,,,,,,
"White",,2911,,241,,8.3,"%",,1057,,36.3,"%"
"Black",,2388,,160,,6.7,,,835,,"35.0 ",
"Hispanic",,416,,26,,6.3,,,107,,25.7,
"Other",,81,,5,,6.2,,,30,,"37.0 ",
,,,,,,,,,,,,
"a/ Includes persons removed from a sentence of death because of statutes struck down on appeal, sentences or convictions vacated,",,,,,,,,,,,,
"commutations, or deaht other than by execution.",,,,,,,,,,,,
"b/ White, black, and other categories exclude HIspanics.",,,,,,,,,,,,
"For full table notes, see full report.",,,,,,,,,,,,
