"Bureau of Justice Statistics",,,,,,,,,,,,,,,,
"filename:  cv9651.csv",,,,,,,,,,,,,,,,
"Table 51: Victimization rates by type of crime and",,,,,,,,,,,,,,,,
"number of years lived at current residence",,,,,,,,,,,,,,,,
"data source: National Criminal Victimization Survey, 1996   NCJ 174445",,,,,,,,,,,,,,,,
"produced by:  Cathy Maston ",,,,,,,,,,,,,,,,
"authors:  Patsy Klaus and Cathy Maston",,,,,,,,,,,,,,,,
"refer questions to:  askbjs@ojp.usdoj.gov     202-307-0765",,,,,,,,,,,,,,,,
"date of version: 06/30/00",,,,,,,,,,,,,,,,
,,,,,,,,,,,,,,,,
,,,,,,,,,,,,,,,,
"Table 51. Property crimes, 1996:",,,,,,,,,,,,,,,,
,,,,,,,,,,,,,,,,
"Victimization rates by type of crime and",,,,,,,,,,,,,,,,
"number of years lived at current residence",,,,,,,,,,,,,,,,
,,,,,,,,,,,,,,,,
,,,,,,,,"Rate per 1,000 households",,,,,,,,
,,,,"Less than",,"6 months",,,,,,,,,,"5 years"
"Type of crime",,"         Total",,"6 months/a",,"to 1 year",,"1 year",,"2 years",,"3 years",,"4 years",,"or more"
,,,,,,,,,,,,,,,,
,,,,,,,,,,,,,,,,
"Property crimes",,282.8,,562.0,,449.5,,340.3,,306.6,,289.0,,276.2,,211.4
"                                                                                           ",,,,,,,,,,,,,,,,
"  Household burglary",,50.0,,107.8,,78.7,,53.8,,58.4,,45.9,,52.0,,36.8
"    Completed",,41.9,,94.4,,63.2,,47.1,,48.8,,36.4,,42.0,,30.8
"      Forcible entry",,15.6,,41.5,,21.7,,14.3,,16.0,,8.5,,14.0,,12.3
"      Unlawful entry without force",,26.3,,52.9,,41.4,,32.9,,32.7,,27.8,,28.0,,18.5
"    Attempted forcible entry",,8.1,,13.4,,15.5,,6.7,,9.6,,9.6,,10.1,,6.0
"  Motor vehicle theft",,14.4,,26.5,,23.2,,20.2,,17.5,,17.1,,11.8,,10.2
"    Completed",,9.7,,19.3,,13.2,,11.8,,12.7,,10.2,,8.5,,7.2
"    Attempted",,4.7,,7.3,,10.0,,8.4,,4.8,,7.0,,3.2,"*",3.0
"  Theft",,218.4,,427.6,,347.6,,266.2,,230.7,,225.9,,212.4,,164.4
"    Completed",,209.9,,413.1,,335.9,,253.3,,220.1,,215.5,,204.5,,158.2
"       Less than $50",,78.4,,129.0,,114.8,,85.7,,86.4,,87.4,,76.0,,63.5
"       $50 - $249",,76.2,,159.8,,132.3,,94.2,,79.4,,71.7,,78.4,,55.1
"       $250 or more",,43.6,,104.2,,72.0,,58.9,,44.0,,47.4,,37.0,,29.6
"       Amount not available",,11.7,,20.2,,16.9,,14.4,,10.4,,9.1,,13.0,,10.0
"     Attempted",,8.5,,14.5,,11.6,,13.0,,10.6,,10.4,,7.9,,6.1
,,,,,,,,,,,,,,,,
"Note: Detail may not add to total shown because of rounding.",,,,,,,,,,,,,,,,
"Excludes data on persons whose mobility was not ascertained.",,,,,,,,,,,,,,,,
"* Estimate is based on about 10 or fewer sample cases.",,,,,,,,,,,,,,,,
"a/These numbers are unbounded estimates.  ",,,,,,,,,,,,,,,,
