Bureau of Justice Statistics,,,
Filename: pjim0504.csv,,,
"Table 4:  Number of prisoners under the jurisdiction of State and Federal correctional authorities, by gender, 1995, 2004, and 2005",,,
Report title:  Prison and Jail Inmates at Midyear 2005 NCJ 213133,,,
"Data source:  National Prisoner Statistics, 1A",,,
Authors:  Paige M. Harrison and Allen J. Beck,,,
Refer questions to:  askbjs@usdoj.gov   202-307-0765,,,
Date of version:  5/21/05,,,

"Table 4.  Number of prisoners under the jurisdiction of State and Federal correctional authorities, by gender, 1995, 2004, and 2005",,,

,Men,,Women
All inmates,,,
6/30/2005,"1,406,649",,"106,174"
6/30/2004,"1,389,143",,"102,691"
12/31/1995,"1,057,406",,"68,468"
,,,,
"Percent change, 2004-05",1.3,%,3.4,%
"Average annual change, 1995-2005",3,%,4.7,%

Sentenced to more than 1 year,,,,
6/30/2005,"1,349,223",,"96,778",
6/30/2004,"1,332,571",,"93,632",
12/31/1995,"1,021,059",,"63,963",
,,,,
Incarceration rate*,,,,
6/30/2005,925,,64,
6/30/2004,922,,63,
12/31/1995,789,,47,
"*The total number of prisoners with a sentence of more than 1 year per 200,000 U.S. residents. ",,,,
