Bureau of Justice Statistics,,,
Filename: pjim05t03.csv,,,
"Text table 3:  Number of sentenced inmates per 100,000 U.S. residents on December 31",,,
Report title:  Prison and Jail Inmates at Midyear 2005 NCJ 213133,,,
"Data source:  National Prisoner Statistics, 1A",,,
Authors:  Paige M. Harrison and Allen J. Beck,,,
Refer questions to:  askbjs@usdoj.gov   202-307-0765,,,
Date of version:  5/21/05,,,

"Text table 3.  Number of sentenced inmates per 100,000 U.S. residents on December 31",,,

,State,Federal,Total*
1995,379,32,411
2000,426,42,469
2001,422,48,470
2002,427,49,476
2003,430,52,482
2004,432,54,486
"2005, midyear",433,55,488
*Totals may not add due to rounding. ,,,
