Bureau of Justice Statistics,,,,,
Filename: pjim05t04.csv,,,,,
"Text table 4:  Number of inmates held in privately operated facilities, 12/31/00 to 06/30/05",,,,,
Report title:  Prison and Jail Inmates at Midyear 2005 NCJ 213133,,,,,
"Data source:  National Prisoner Statistics, 1A",,,,,
Authors:  Paige M. Harrison and Allen J. Beck,,,,,
Refer questions to:  askbjs@usdoj.gov   202-307-0765,,,,,
Date of version:  5/21/05,,,,,

"Text table 4.  Number of inmates held in privately operated facilities, 12/31/00 to 06/30/05",,,,,

,Total,State,Federal,Percent of all inmates,
2000,"90,542","75,018","15,524",6.5,%
2001,"91,953","72,702","19,251",6.5,
2002,"93,912","73,638","20,274",6.5,
2003,"95,522","73,657","21,865",6.5,
2004,"98,901","74,133","24,768",6.6
"2005, midyear","101,228","74,684","26,544",6.7
