Bureau of Justice Statistics,,,
Filename: pjim05t02.csv,,,
"Text table 2:  Annual increase in the number of prisoners under State or Federal jurisdiction, July 1-June 30",,,
Report title:  Prison and Jail Inmates at Midyear 2005 NCJ 213133,,,
"Data source:  National Prisoner Statistics, 1A",,,
Authors:  Paige M. Harrison and Allen J. Beck,,,
Refer questions to:  askbjs@usdoj.gov   202-307-0765,,,
Date of version:  5/21/05,,,

"Text table 2.  Annual increase in the number of prisoners under State or Federal jurisdiction, July 1-June 30 ",,,

Years,Number,Percent,
2004-05,"20,989",1.4,%
2003-04,"27,637",1.9,
2002-03,"44,260",3.1,
2001-02,"20,587",1.5,
2000-01,"14,587",1,
1999-00,"30,710",2.3,
1998-99,"56,059",4.4,
1997-98,"57,726",4.7,
1996-97,"56,710",4.9,
1995-96,"57,507",5.2,
"Average growth, 1995-2005","38,677",3,%
