Bureau of Justice Statistics,,,,
Filename: pjim05t05.csv,,,,
"Text table 5:  States  holding more than 100 prisoners under age 18, June 30, 2005",,,,
Report title:  Prison and Jail Inmates at Midyear 2005 NCJ 213133,,,,
"Data source:  National Prisoner Statistics, 1A",,,,
Authors:  Paige M. Harrison and Allen J. Beck,,,,
Refer questions to:  askbjs@usdoj.gov   202-307-0765,,,,
Date of version:  5/21/05,,,,

"Text Table 5.  States holding more than 100 prisoners under age 18, June 30, 2005",,,,

,6/30/2005,6/30/2004,Percent change,
Connecticut*,383,321,19.3,%
New York,223,225,-0.9,
Florida,185,214,-13.6,
North Carolina,169,192,-12,
Texas,167,210,-20.5
South Carolina,120,114,5.3
*Includes local jail inmates under age 18. ,,,
