Bureau of Justice Statistics,,,,
Filename: pjim0503.csv,,,,
"Table 3:  Prisoners held in private facilities, June 30, 2004 and June 30, 2005",,,,
Report title:  Prison and Jail Inmates at Midyear 2005 NCJ 213133,,,,
"Data source:  National Prisoner Statistics, 1A",,,,
Authors:  Paige M. Harrison and Allen J. Beck,,,,
Refer questions to:  askbjs@usdoj.gov   202-307-0765,,,,
Date of version:  5/21/05,,,,

"Table 3.  Prisoners held in private facilities, June 30, 2004 and June 30, 2005",,,,

,Number of inmates,,Percent of all inmates/a,
Region and jurisdiction,6/30/2005,6/30/2004,6/30/2005,
U.S. Total,"101,228","98,570",6.7,%
,,,,
Federal/b,"26,544","24,506",14.4,%
State,"74,684","74,064",5.6,
,,,,
Northeast,"3,214","3,328",1.9,%
Connecticut,0,0,0,
Maine,0,0,0,
Massachusetts,0,0,0,
New Hampshire,0,0,0,
New Jersey/c,"2,437","2,566",8.7,
New York,0,0,0,
Pennsylvania,403,361,1,
Rhode Island/c,0,0,0,
Vermont/c,374,401,18.9,

Midwest,"2,961","3,854",1.2,%
Illinois,0,0,0,
Indiana,88,655,0.4,
Iowa,0,0,0,
Kansas,0,0,0,
Michigan,479,480,1,
Minnesota,403,268,4.4,
Missouri,0,0,0,
Nebraska,0,0,0,
North Dakota,57,47,4.3,
Ohio,"1,924","1,903",4.3,
South Dakota,10,8,0.3,
Wisconsin,0,493,0,

South,"48,266","47,899",8,%
Alabama,257,153,0.9,
Arkansas,0,0,0,
Delaware,0,0,0,
Florida,"5,423","4,327",6.2,
Georgia,"4,625","4,597",9.7,
Kentucky,"1,907","1,679",10.1,
Louisiana,"2,924","2,923",7.8,
Maryland,129,126,0.6,
Mississippi,"4,837","4,397",23.2,
North Carolina,206,217,0.6,
Oklahoma,"5,812","5,868",24.5,
South Carolina,15,17,0.1,
Tennessee,"5,142","5,121",19.6,
Texas,"15,414","16,906",9,
Virginia,"1,575","1,568",4.4,
West Virginia,0,0,0,

West,"20,243","18,983",6.8,%
Alaska,"1,365","1,304",29.5,
Arizona,"5,291","4,371",16.2,
California,"2,470","2,797",1.5
Colorado,"3,320","3,074",15.9
Hawaii,"1,774","1,621",29.2
Idaho,"1,283","1,269",20.9
Montana,747,646,22.2
Nevada,0,455,0
New Mexico,"2,810","2,649",42.6
Oregon,0,0,0
Utah,0,0,0
Washington/c,406,232,2.4
Wyoming,777,565,38.4
a/Based on the total number of inmates under State or Federal jurisdiction.,,,
"b/Includes Federal inmates held in privately operated community correctional centers: 7,233 on 6/30/05 and 6,786 on 6/30/04. ",,,
c/Inmates held in out-of-State private facilities.  ,,,
