Bureau of Justice Statistics,,,,,,
Filename: pjim0514.csv,,,,,,
"Table 14:  Number of inmates in State prisons and local jails per 100,000 residents, by gender, race, Hispanic origin, June 30, 2005",,,,,,
Report title:  Prison and Jail Inmates at Midyear 2005 NCJ 213133,,,,,,
"Data source:  Census of Jail Inmates, 2005 and National Prisoner Statistics, 1A",,,,,,
Authors:  Paige M. Harrison and Allen J. Beck,,,,,,
Refer questions to:  askbjs@usdoj.gov   202-307-0765,,,,,,
Date of version:  5/21/05,,,,,,

"Table 14. Number of inmates in State prisons and local jails per 100,000 residents, by gender, race, and Hispanic origin, June 30, 2005",,,,,,

,,"Number of inmates per 100,000 residents/a",,,,
Region and jurisdiction             ,,Male,Female,White/b,Black/b,Hispanic
All States,,"1,249",121,412,2289,742

Northeast,,947,66,225,2060,895
Connecticut,,"1,030",85,211,2532,1401
Maine,,513,44,262,1992,/
Massachusetts,,687,45,201,1635,1229
New Hampshire,,590,56,289,2666,1063
New Jersey,,"1,019",70,190,2352,630
New York,,935,57,174,1627,778
Pennsylvania,,"1,155",92,305,2792,1714
Rhode Island,,607,38,191,1838,631
Vermont,,598,45,304,3797,/

Midwest,,"1,046",97,351,2278,450
Illinois,,951,79,223,2020,415
Indiana,,"1,165",126,463,2526,579
Iowa,,751,83,309,4200,764
Kansas,,"1,054",117,443,3096,/
Michigan,,"1,262",85,412,2262,397
Minnesota,,553,52,212,1937,/
Missouri,,"1,323",133,487,2556,587
Nebraska,,756,93,290,2418,739
North Dakota,,632,87,267,2683,848
Ohio,,"1,040",103,344,2196,613
South Dakota,,"1,092",157,470,4710,/
Wisconsin,,"1,209",107,415,4416,/

South,,"1,559",157,536,2156,399
Alabama,,"1,665",161,542,1916,/
Arkansas,,"1,231",136,478,1846,288
Delaware,,"1,547",128,396,2517,683
Dist. of Col./c,,"1,202",145,56,1065,267
Florida,,"1,541",155,588,2615,382
Georgia,,"1,877",184,623,2068,576
Kentucky,,"1,287",173,561,2793,757
Louisiana,,"2,134",195,523,2452,244
Maryland,,"1,219",88,288,1579,/
Mississippi,,"1,790",168,503,1742,611
North Carolina,,"1,154",104,320,1727,/
Oklahoma,,"1,645",209,740,3252,832
South Carolina,,"1,558",137,415,1856,476
Tennessee,,"1,339",151,487,2006,561
Texas,,"1,772",186,667,3162,830
Virginia,,"1,393",144,396,2331,487
West Virginia,,817,84,392,2188,211

West,,"1,193",130,500,3014,839
Alaska,,"1,232",141,500,2163,380
Arizona,,"1,443",171,590,3294,1075
California,,"1,246",119,460,2992,782
Colorado,,"1,279",166,525,3491,1042
Hawaii,,787,109,453,851,185
Idaho,,"1,379",185,675,2869,1654
Montana,,926,129,433,3569,846
Nevada,,"1,319",173,627,2916,621
New Mexico,,"1,421",163,:,:,:
Oregon,,965,101,502,2930,573
Utah,,803,127,392,3588,838
Washington,,831,101,393,2522,527
Wyoming,,"1,189",184,:,:,:
"Note: Counts by race and Hispanic origin were estimated using data reported in the Census of Jail Inmates, 2005, and the National Prisoner Statistics, June 30, 2005. To correct for missing data, reported counts for each group were aggregated by State, converted to percentages, and then multiplied by the total prison and jail custody counts. These estimates were then summed to provide the estimated number of State inmates in each group. ",,,,,,
/Not reported. ,,,,,,
:Not calculated. ,,,,,,
"a/Based on intercensal estimates of each State's resident population (by race and Hispanic origin) for July 1, 2004, and then adjusted to the State resident totals for July 1, 2005.  ",,,,,,
b/Excludes Hispanics. ,,,,,,
c/Excludes all inmates sentenced to more than 1 year held by the Federal Bureau of Prisons. ,,,,,,
