Bureau of Justice Statistics,,,,
Filename: pjim0508.csv,,,,
"Table 8:  Persons under jail supervision, by confinement status and type of program, midyear 1995, 2000, and 2004-05",,,,
Report title:  Prison and Jail Inmates at Midyear 2005 NCJ 213133,,,,
"Data source:  Census of Jail Inmates, 2005",,,,
Authors:  Paige M. Harrison and Allen J. Beck,,,,
Refer questions to:  askbjs@usdoj.gov   202-307-0765,,,,
Date of version:  5/21/05,,,,

"Table 8.  Persons under jail supervision, by confinement status and type of program, midyear 1995, 2000, and 2004-05",,,,

,,Number of persons under jail supervision,,
Confinement status and type of program,1995,2000,2004,2005
      Total,"541,913","687,033","784,538","819,434"
,,,,
Held in jail,"507,044","621,149","713,990","747,529"
,,,,
Supervised outside of a jail facility/a,"34,869","65,884","70,548","71,905"
Weekender programs,"1,909","14,523","11,589","14,110"
Electronic monitoring,"6,788","10,782","11,689","11,403"
Home detention/b,"1,376",332,"1,173","1,497"
Day reporting,"1,283","3,969","6,627","4,747"
Community service,"10,253","13,592","13,171","15,536"
Other pretrial supervision,"3,229","6,279","14,370","15,458"
Other work programs/c,"9,144","8,011","7,208","5,796"
Treatment programs/d,�,"5,714","2,208","1,973"
Other,887,"2,682","2,513","1,385"
...Not available.,,,,
a/Excludes persons supervised by a probation or parole agency.,,,,
b/Includes only those without electronic monitoring.,,,,
"c /Includes persons in work release programs, work gangs, and other work alternative programs. ",,,,
"d/Includes persons under drug, alcohol, mental health, and other medical treatment. ",,,,
