"Bureau of Justice Statistics",,,,
"Filename: mf10.csv",,,,
"Table 10.  Time to arrest and disposition for murder cases, by victim-assailant family relationship, 1988",,,,
"Title of Report: Murder in Families,  NCJ  143498",,,,
"Data source: Murder in Large Urban Counties, 1988",,,,
"Author: Patrick A. Langan",,,,
"Refer questions to:   (202) 307-0765 or askbjs@ojp.usdoj.gov",,,,
"Date version:  12/17/02",,,,
,,,,
,,,,
"Table 10.  Time to arrest and disposition for murder cases, by victim-assailant family relationship, 1988",,,,
,,,,
,"     Percent of murder defendants",,,
"Relationship of victim to assailant","Arrested on the day of the crime",,"Whose prosecution ended within 6 months of crime",
,,,,
,,,,
"All",34.8,"%",29.1,"%"
,,,,
"Nonfamily",31.7,,28.6,
"Family",54.2,,33.7,
,,,,
"Spouse",62.3,,35.8,
"Offspring",49.3,,23.5,
"Parent",37.2,,42.1,
"Sibling",55.3,,34,
,,,,
"Note:  See table 1 note for definitions of the family relationships.",,,,
