"Bureau of Justice Statistics",,,,,,,,,,,,,,,,
"Filename: mf11.csv",,,,,,,,,,,,,,,,
"Table 11.  Outcome of prosecution of murder defendants, by victim-assailant family relationship, 1988",,,,,,,,,,,,,,,,
"Title of Report: Murder in Families,  NCJ  143498",,,,,,,,,,,,,,,,
"Data source: Murder in Large Urban Counties, 1988",,,,,,,,,,,,,,,,
"Author: Patrick A. Langan",,,,,,,,,,,,,,,,
"Refer questions to:   (202) 307-0765 or askbjs@ojp.usdoj.gov",,,,,,,,,,,,,,,,
"Date version:  12/17/02",,,,,,,,,,,,,,,,
,,,,,,,,,,,,,,,,
,,,,,,,,,,,,,,,,
"Table 11.  Outcome of prosecution of murder defendants, by victim-assailant family relationship, 1988",,,,,,,,,,,,,,,,
,,,,,,,,,,,,,,,,
"Relationship of victim to assailant","Percent of  murder defendants, by type of outcome of prosecution",,,,,,,,,,,,,,,
,,,,,,,,,,,,,,,,
"assailant","Diverted",,"Rejected",,"Dismissed",,"Acquitted",,"Convicted at trial",,"Pleaded guilty",,"Insanity acquittal",,"Other",
,,,,,,,,,,,,,,,,
"All",0.8,"%",8.4,"%",7,"%",7.3,"%",33.9,"%",38.8,"%",0.5,"%",3.2,"%"
,,,,,,,,,,,,,,,,
"Nonfamily",0.7,,8.4,,7.5,,7.6,,33.9,,38.2,,0.2,,3.4,
"Family",0.9,,7.9,,3.8,,5.8,,33.5,,42.8,,2.8,,2.4,
,,,,,,,,,,,,,,,,
"Spouse",0.6,,6.5,,3.5,,6.1,,37.4,,42.1,,1.2,,2.5,
"Offspring",1,,11.3,,3,,5.6,,37.4,,35.6,,3.9,,2.3,
"Parent",0.8,,4.8,,5.5,,5.9,,22.8,,47.6,,9,,3.7,
"Sibling",2.2,,10.4,,0,,8.1,,21.7,,51.9,,4.7,,1,
,,,,,,,,,,,,,,,,
"Note:  See table 1 note for definitions of the family relationships.",,,,,,,,,"*Includes murder defendants who died or whose individual cases had not been disposed.",,,,,,,
