"Bureau of Justice Statistics",,,
"Filename: mf5ttbse.csv",,,
"Table 5ttbse.  Estimates of 1 standard error for text table column 2 page 5",,,
"Title of Report: Murder in Families,  NCJ  143498",,,
"Data source: Murder in Large Urban Counties, 1988",,,
"Author: Patrick A. Langan",,,
"Refer questions to:   (202) 307-0765 or askbjs@ojp.usdoj.gov",,,
"Date version:  12/17/02",,,
,,,
,,,
"Estimates of 1 standard error for text  table column 2 page 5",,,
,,,
"","","",
"Age of family victim","If family murder victims, most likely assailant","Percent of family murder victims with most likely assailant",
,,,
"All","Spouse",3.3,"%"
"Under 12","Parent",3.1,
"12-19","Parent",9.7,
"20-29","Spouse",6,
"30-59","Spouse",3.4,
"60 or older","Offspring",7,
