"Bureau of Justice Statistics",,
"Filename: mf5ttse.csv",,
"Table 5ttse.  Estimates of 1 standard error for text table column 2 page 5",,
"Title of Report: Murder in Families,  NCJ  143498",,
"Data source: Murder in Large Urban Counties, 1988",,
"Author: Patrick A. Langan",,
"Refer questions to:   (202) 307-0765 or askbjs@ojp.usdoj.gov",,
"Date version:  12/17/02",,
,,
,,
"Estimates of 1 standard error for text table column 2 page 5",,
,"",
"Age of victim ","Percent of murder victims with a family relationship to assailant",
,,
"All",0.7,"%"
"Under 12",4.6,
"12-19",1.1,
"20-29",1,
"30-59",1,
"60 or older",2.8,
