"Bureau of Justice Statistics",,,,
"Filename: mf6.csv",,,,
"Table 6.  Multiple victims and assailants, by their family relationship, 1988",,,,
"Title of Report: Murder in Families,  NCJ  143498",,,,
"Data source: Murder in Large Urban Counties, 1988",,,,
"Author: Patrick A. Langan",,,,
"Refer questions to:   (202) 307-0765 or askbjs@ojp.usdoj.gov",,,,
"Date version:  12/17/02",,,,
,,,,
"Table 6.  Multiple victims and assailants, by their family relationship, 1988",,,,
,,,,
,"                 Percent ",,,
,,,,
"Relationship of victim to assailant","Victims with multiple assailants",,"Defendants with multiple victims",
,,,,
"Victims",,,,
"All",17.5,"%",5,"%"
,,,,
"Nonfamily",19.1,,4.8,
"Family",8.7,,6,
,,,,
"Spouse",4.8,,1.7,
"Offspring",13,,11.7,
"Parent",13.9,,12.7,
"Sibling",8.1,,5.7,
,,,,
"Note:  See table 1 note for definitions of the family relationships.",,,,
