"Bureau of Justice Statistics",,,,
"Filename: mf6se.csv",,,,
"Table 6se.  Estimates of 1 standard error for table 6",,,,
"Title of Report: Murder in Families,  NCJ  143498",,,,
"Data source: Murder in Large Urban Counties, 1988",,,,
"Author: Patrick A. Langan",,,,
"Refer questions to:   (202) 307-0765 or askbjs@ojp.usdoj.gov",,,,
"Date version:  12/17/02",,,,
,,,,
,,,,
"Estimates of 1 standard error for table 6",,,,
,,,,
,,,,
"Relationship of victim to assailant","Percent Victims with multiple assailants",,"Defendants with multiple victims",
,,,,
"All",0.8,"%",0.4,"%"
,,,,
"Nonfamily",0.9,,0.4,
"Family",1.3,,1,
,,,,
"Spouse",1.4,,0.6,
"Offspring",3.3,,3.1,
"Parent",4.6,,3.4,
"Sibling",4.7,,2.4,
