"Bureau of Justice Statistics",,,,
"Filename: mf6ttse.csv",,,,
"Table 6ttse.  Estimates of 1 standard error for text table page 6",,,,
"Title of Report: Murder in Families,  NCJ  143498",,,,
"Data source: Murder in Large Urban Counties, 1988",,,,
"Author: Patrick A. Langan",,,,
"Refer questions to:   (202) 307-0765 or askbjs@ojp.usdoj.gov",,,,
"Date version:  12/17/02",,,,
,,,,
,,,,
"Estimates of 1 standard error for text  table page 6",,,,
,,,,
,,,,
,"Percent of offspring victims",,,
,,,,
"Age of offspring victim","All",,"Those killed with firearm or knife",
,,,,
"All",0,,4.1,"%"
"Under 12",4,,2.6,
"12-19",2.1,,4.7,
"20-29",2.8,,0,
"30-59",2.3,,0,
,,,,
,"Percent of parent victims",,,
,,,,
"Age of parent victim","All","Those killed with firearm or knife",,
,,,,
"All",0,,6.8,"%"
"30-59",6.2,,4,
"60 or older",6.3,,10.9,
