"Bureau of Justice Statistics",,,,,,
"Filename: mf9.csv",,,,,,
"Table 9  Level of murder charges filed  against persons arrested for murder, by victim-assailant family relationship, 1988",,,,,,
"Title of Report: Murder in Families,  NCJ  143498",,,,,,
"Data source: Murder in Large Urban Counties, 1988",,,,,,
"Author: Patrick A. Langan",,,,,,
"Refer questions to:   (202) 307-0765 or askbjs@ojp.usdoj.gov",,,,,,
"Date version:  12/17/02",,,,,,
,,,,,,
"Table 9  Level of murder charges filed  against persons arrested for murder, by victim-assailant family relationship, 1988",,,,,,
,,,,,,
,"",,,,,
,"Percent of murder defendants whose most serious conviction charge was",,,,,
"Relationship of victim to assailant","First-degree murder",,"Other murder",,"Voluntary or nonnegligent manslaughter",
,,,,,,
"All",73.5,"%",24.2,"%",2.3,"%"
,,,,,,
"Nonfamily",73.7,,24.6,,1.8,
"Family",72.8,,21.5,,5.9,
,,,,,,
"Spouse",69.4,,24.2,,6.4,
"Offspring",63.1,,22.8,,14.1,
"Parent",75.2,,24.8,,0,
"Sibling",82.4,,15.5,,2,
,,,,,,
"Note:  See table 1 note for definitions of the family relationships.  ""First-degree murder"" refers to premeditated murder of felony murder, ""other murder"" refers to nonpremeditated murder, and ""voluntary or nonnegligent manslaughter"" refer",,,,,,
