"Bureau of Justice Statistics",,,
"Filename: mfttpg3.csv",,,
"Texttable p3:  Family murder victims and defendants",,,
"Title of Report: Murder in Families,  NCJ  143498,  NCJ  143498",,,
"Data source: Murder in Large Urban Counties, 1988",,,
"Author: Patrick A. Langan",,,
"Refer questions to:   (202) 307-0765 or askbjs@ojp.usdoj.gov",,,
"Date version:  12/17/02",,,
,,,
,,,
"Text Table 3.   Family murder victims and defendants",,,
,,,
,"Family murder victims and defendants",,
"Relationship of victim to assailant","   Number           ","Percent",
"      ",,,
"All","            2,592    ",100,"%"
"Spouse","            1,059      ",40.9,
"Offspring","               543     ",20.9,
"Parent","               304     ",11.7,
"Sibling","               244   ",9.4,
"Other                 ",442,17.1,
