"Bureau of Justice Statistics",,,,,,,
"filename: sspr9906.csv",,,,,,,
"table #: 6",,,,,,,
"report title: Survey of State Procedures Related to Firearm Sales, Midyear 1999, NCJ 179022",,,,,,,
"data source:  Firearm Inquiry Statistics project",,,,,,,
"author: Regional Justice Information Service",,,,,,,
"refer questions to: askbjs@ojp.usdoj.gov  (202) 307-0765",,,,,,,
"date of version: 2/29/00",,,,,,,
,,,,,,,
"Table 6.  Fees, record retention and appeals,  Federal and State, June 30, 1999",,,,,,,
,,,,,,,
,,,"          Length of time agencies",,"                 Denials of Purchase or Permit: ",,
," Maximum Fee:","Additional or","       Retain Transaction Records(b)",,"                    Agencies Hearing Appeals",,
"Jurisdiction"," Check / Permit(a)","  Other Fee","Approved","Denied","Denying","Other","Court"
,,,,,,,
"Federal","None","---","6 months","Indefinitely","X","---","X"
,,,,,,,
"Alabama","---  ","---","Indefinitely","Indefinitely","---","---","---"
"Arizona","None","---","20 days","5 years","X","--- ","---"
"California","$14.00 (1)","$10.00 (2)","Indefinitely","Indefinitely","X","---","---"
"Connecticut","35.00","---","Indefinitely","10 years","X","X","---"
"Delaware","None","---","60 days","Indefinitely","X","---","X"
"Florida","8.00","---","2 days","Indefinitely","X","---","---"
"Georgia","5.00","---","Not kept","90 days","X","---","X"
"Hawaii"," 24.00 (3)","---","Indefinitely","Indefinitely","---","---","---"
"Illinois","   5.00 (4)","   2.00 (5)","Indefinitely","Indefinitely","X","---","X"
"Indiana","3.00","---","1 year","Indefinitely","X","---","X"
"Iowa","None","---","4 years","3 years","X","---","---"
"Maryland","10.00","---","Indefinitely","Indefinitely","X","---","X"
"Massachusetts","25.00","---","Indefinitely","Indefinitely"," ---","---","X"
"Michigan","5.00","---","6 years","Varies"," X  ","---","X"
"Minnesota","None","---","Varies","Varies","---","---","X"
"Missouri","10.00","---","Indefinitely","Indefinitely","---","---","X"
"Nebraska","5.00","---","Varies","Varies","---","---","X"
"Nevada","15.00","---","20 days","Indefinitely","X","X","---"
"New Hampshire","None","---","20 days","3 years","X","---","X"
"New Jersey"," 54.00 (3) (6)"," 51.00 (3) (7)","Indefinitely","Indefinitely","X","---","X"
"New York"," 74.00 (3) (8)","---","Indefinitely","Indefinitely","---","---","---"
"North Carolina","5.00","---","5 years","Indefinitely","---","---","X"
"Oregon","10.00","---","5 years","5 years","X","---","---"
"Pennsylvania","3.00","---","Not kept","Indefinitely","X","X","X"
"Rhode Island","None","---","30 days","Indefinitely","---","---","---"
"South Carolina","5.00","---","20 days","Indefinitely","X","---","---"
"South Dakota","---","---","1 year","1 year","---","---","---"
"Tennessee","10.00","---","Not kept","Indefinitely","X","---","---"
"Utah","7.50","---","20 days","1 year","X","X","---"
"Vermont","None","---","20 days","Indefinitely","---","---","---"
"Virginia","2.00","   5.00 (9)","1 year","2 years","X","---","X"
"Washington","None","---","20 days","Indefinitely","X","---","X"
"Wisconsin","8.00","---","30 days","Indefinitely","X","---","X"
,,,,,,,
"--- Not applicable ",,,,,,,
"(a) Amounts are for background checks or permits required for firearm purchases.  ""None"" means fees prohibited or not required.",,,,,,,
"(b) Lengths of time pertain to retention of firearm permit or purchase records by law enforcement agencies, as determined by statute.",,,,,,,
"or agency policy.  If a jurisdiction has retention periods that vary by type of data, the longest applicable period is listed. ",,,,,,,
"(1) Covers single handgun or unlimited number of long guns.",,,,,,,
"(2) Fee for each handgun purchased in addition to the first.",,,,,,,
"(3) Includes fee for FBI fingerprint check.",,,,,,,
"(4) Fee for for firearm owner's identification card.",,,,,,,
"(5) Fee for purchase check.",,,,,,,
"(6) Fee for firearms purchaser identification card.",,,,,,,
"(7) Fee for permit to purchase a handgun.",,,,,,,
"(8) Fees may be higher for some jurisdictions.",,,,,,,
"(9) Fee for a check on a nonresident of the State.",,,,,,,
