"Bureau of Justice Statistics",,,,,,,,,,
"Filename: cf987_07.csv",,,,,,,,,,
"Table 7.7.  Outcomes of parole, by offense, October 1, 1997 - September 30, 1998",,,,,,,,,,
"Report title:  Compendium of Federal Justice Statistics, 1998   NCJ 180258 ",,,,,,,,,,
"Data source:  Federal Justice Statistics Program (database maintained by the Urban Institute)",,,,,,,,,,
"Refer questions to:  askbjs@ojp.usdoj.gov   202-307-0765",,,,,,,,,,
"Contact person:  John Scalia",,,,,,,,,,
"Date of version:   5/18/00",,,,,,,,,,
,,,,,,,,,,
"Table 7.7.  Outcomes of parole, by offense, October 1, 1997 - September 30, 1998",,,,,,,,,,
,,,,,,,,,,
,,,,,"Percent of paroles terminating with--",,,,,
,,,,"Number",,"Technical violations\b",,,,
,,,,"of parole","No","Drug","Fugitive",,"New","Administrative"
"Most serious offense of conviction\a",,,,"terminations","violation","use","status","Other","crime\c","case closures"
,,," All offenses",3077,55.8,11.6,5.2,9.3,13.4,4.7
"Felonies",,,,3075,55.8,11.6,5.2,9.3,13.3,4.7
,"Violent offenses",,,868,34.1,20.6,8.6,12.7,20.1,4.0
,,"Murder\d",,48,35.4,22.9,8.3,12.5,16.7,4.2
,,"Negligent manslaughter",,0,"...","...","...","...","...","..."
,,"Assault",,22,40.9,13.6,9.1,13.6,18.2,4.5
,,"Robbery",,728,33.0,22.2,8.2,12.3,20.7,3.6
,,"Rape",,20,57.9,0,5.3,10.5,26.3,0
,,"Other sex offenses\d",,9,"--","--","--","--","--","--"
,,"Kidnapping",,39,33.3,7.7,12.8,17.9,17.9,10.3
,,"Threats against the President",,2,"--","--","--","--","--","--"
,"Property offenses",,,342,63.7,6.4,4.1,8.2,14.0,3.5
,,"Fraudulent",,207,69.6,4.3,3.4,9.7,10.6,2.4
,,,"Embezzlement",22,86.4,0,0,4.5,9.1,0
,,,"Fraud\d",143,72.7,1.4,2.8,11.2,8.4,3.5
,,,"Forgery",32,53.1,18.8,0,9.4,18.8,0
,,,"Counterfeiting",10,"--","--","--","--","--","--"
,,"Other",,135,54.8,9.6,5.2,5.9,19.3,5.2
,,,"Burglary",22,31.8,18.2,9.1,9.1,27.3,4.5
,,,"Larceny\d",62,50.0,11.3,4.8,8.1,19.4,6.5
,,,"Motor vehicle theft",18,55.6,11.1,11.1,0,22.2,0
,,,"Arson and explosives",19,84.2,0,0,5.3,5.3,5.3
,,,"Transportation of stolen property",13,76.9,0,0,0,15.4,7.7
,,,"Other property offenses\d",1,"--","--","--","--","--","--"
,"Drug offenses",,,1600,65.0,7.8,3.9,7.9,9.7,5.7
,,"Trafficking",,1473,64.9,8.0,3.8,8.0,9.7,5.5
,,"Possession and other drug offenses",,127,65.4,5.5,4.7,7.1,9.4,7.9
,"Public-order offenses",,,264,61.5,11.5,3.8,8.0,12.2,3.1
,,"Regulatory",,23,63.6,9.1,0,9.1,9.1,9.1
,,"Other",,241,61.3,11.7,4.2,7.9,12.5,2.5
,,,"Weapons",89,40.9,25.0,3.4,11.4,15.9,3.4
,,,"Immigration offenses",6,"--","--","--","--","--","--"
,,,"Tax law violations\d",21,90.5,0,4.8,0,4.8,0
,,,"Bribery",1,"--","--","--","--","--","--"
,,,"Perjury, contempt, and intimidation",6,"--","--","--","--","--","--"
,,,"National defense",3,"--","--","--","--","--","--"
,,,"Escape",16,31.3,6.3,12.5,12.5,37.5,0
,,,"Racketeering and extortion",92,72.8,4.3,3.3,6.5,9.8,3.3
,,,"Gambling",2,"--","--","--","--","--","--"
,,,"Obscene material\d",1,"--","--","--","--","--","--"
,,,"Migratory birds",0,"...","...","...","...","...","..."
,,,"All other offenses\d",4,"--","--","--","--","--","--"
"Misdemeanors\d",,,,2,"--","--","--","--","--","--"
,,,,,,,,,,
"--Too few cases to obtain statistically reliable data.",,,,,,,,,,
"...No cases of this type occurred in the data.",,,,,,,,,,
"(SEE PRINTED REPORT FOR FOOTNOTES)",,,,,,,,,,
