"Bureau of Justice Statistics",,,,,,,,,,,,,,
"Filename: cf987_12.csv",,,,,,,,,,,,,,
"Table 7.12.  Average time to first release and percent of sentence served, for prisoners released by standard methods, October 1, 1997 - September 30, 1998",,,,,,,,,,,,,,
"Report title:  Compendium of Federal Justice Statistics, 1998   NCJ 180258 ",,,,,,,,,,,,,,
"Data source:  Federal Justice Statistics Program (database maintained by the Urban Institute)",,,,,,,,,,,,,,
"Refer questions to:  askbjs@ojp.usdoj.gov   202-307-0765",,,,,,,,,,,,,,
"Contact person:  John Scalia",,,,,,,,,,,,,,
"Date of version:   5/18/00",,,,,,,,,,,,,,
,,,,,,,,,,,,,,
"Table 7.12.  Average time to first release and percent of sentence served, for prisoners released by standard methods, October 1, 1997 - ",,,,,,,,,,,,,,
,,"September 30, 1998",,,,,,,,,,,,
,,,,,,,,,,,,,,
,,,,,,,"Prisoners with sentences",,,,"Prisoners with sentences",,,
,,,"All offenders",,,,"of 1 year or less",,,,"over 1 year",,,
,,,"Number of","Mean","Median",,"Number of","Mean","Median",,"Number of","Mean","Median","Percent of"
"Most serious original",,,"prisoners","time","time",,"prisoners","time","time",,"prisoners","time","time","sentence"
"offense of conviction\a",,,"released\b","served","served",,"released\b","served","served",,"released\b","served","served","served"
,,"All prisoners",31200,28.0,18.3,,9433,4.7,4.1,,21767,38.0,26.6,87.1
"Violent offenses",,,1775,53.7,44.5,,147,5.4,5.9,,1628,58.1,49.7,84.9
,"Murder/manslaughter\c",,72,59.1,38.8,,10,"--","--",,62,67.6,45.1,82.8
,"Assault",,253,25.4,17.4,,76,4.9,4.7,,177,34.2,27.4,87.5
,"Robbery",,1221,60.7,53.5,,43,6.1,6.0,,1178,62.7,54.9,84.6
,"Rape",,5,"--","--",,0,"...","...",,5,"--","--","--"
,"Other sex offenses\c",,167,30.3,20.9,,16,4.8,5.0,,151,33.0,21.0,87.5
,"Kidnaping",,47,97.0,68.0,,0,"...","...",,47,97.0,68.0,76.4
,"Threats against the President",,10,"--","--",,2,"--","--",,8,"--","--","--"
"Property offenses",,,6060,15.5,12.0,,2508,5.1,5.0,,3552,22.8,18.3,87.8
,"Fraudulent",,4888,14.9,12.0,,2022,5.1,5.0,,2866,21.8,17.0,87.8
,,"Embezzlement",449,8.6,5.0,,288,3.5,4.0,,161,17.5,13.1,87.7
,,"Fraud\c",3895,15.7,12.0,,1483,5.2,5.0,,2412,22.1,18.2,87.8
,,"Forgery",155,13.8,10.5,,74,6.0,5.9,,81,20.8,15.7,86.5
,,"Counterfeiting",389,14.3,10.6,,177,6.1,6.0,,212,21.2,15.7,88.1
,"Other",,1172,18.1,12.0,,486,5.1,5.0,,686,27.4,20.9,87.7
,,"Burglary",71,25.7,15.8,,13,6.9,6.0,,58,30.0,18.7,86.7
,,"Larceny\c",575,11.3,9.0,,329,5.1,5.0,,246,19.6,15.7,88.6
,,"Motor vehicle theft",91,23.5,18.3,,17,7.4,7.7,,74,27.2,23.1,87.2
,,"Arson and explosives",48,40.8,35.7,,1,"--","--",,47,41.6,35.7,87.6
,,"Transportation of stolen property",127,21.2,15.6,,40,6.0,6.0,,87,28.2,20.9,86.7
,,"Other property offenses\c",260,23.5,20.9,,86,4.1,4.0,,174,33.2,27.7,87.4
"Drug offenses",,,11303,41.4,32.3,,998,6.3,6.0,,10305,44.8,36.6,87.0
,"Trafficking",,11114,41.9,32.3,,865,6.6,6.0,,10249,44.9,36.7,87.0
,"Possession and other drug offenses",,189,11.2,6.0,,133,4.4,4.0,,56,27.4,18.3,92.1
"Public-order offenses",,,11644,18.1,10.5,,5538,4.2,3.9,,6106,30.6,21.0,87.5
,"Regulatory",,625,18.1,13.1,,210,5.4,5.0,,415,24.6,18.3,87.4
,"Other",,11019,18.0,10.5,,5328,4.2,3.9,,5691,31.0,21.0,87.5
,,"Weapons",1714,41.9,36.6,,126,6.5,6.0,,1588,44.7,40.2,87.4
,,"Immigration offenses",7090,11.1,6.0,,4316,4.1,3.9,,2774,22.0,20.9,88.2
,,"Tax law violations\c",371,12.1,10.0,,190,5.4,5.0,,181,19.1,15.7,87.7
,,"Bribery",60,14.3,10.2,,30,4.9,5.0,,30,23.7,20.9,87.1
,,"Perjury",78,15.4,12.0,,30,5.6,5.4,,48,21.6,17.4,88.8
,,"National defense",18,42.7,17.0,,5,"--","--",,13,56.9,49.7,83.2
,,"Escape",185,17.3,12.2,,67,6.0,6.0,,118,23.8,20.9,88.6
,,"Racketeering and extortion",824,40.2,32.2,,78,6.4,5.0,,746,43.8,35.7,84.7
,,"Gambling",3,"--","--",,1,"--","--",,2,"--","--","--"
,,"Liquor",3,"--","--",,3,"--","--",,0,"...","...","..."
,,"Obscene material\c",130,15.9,13.1,,17,6.9,6.0,,113,17.2,13.1,87.8
,,"Traffic",423,3.2,1.5,,390,2.2,1.0,,33,14.9,12.0,94.8
,,"Migratory birds",12,6.9,6.0,,9,"--","--",,3,"--","--","--"
,,"All other offenses",108,10.7,6.0,,66,4.3,4.2,,42,20.7,12.6,86.8
"Other prisoners\d",,,418,12.3,6.0,,242,3.6,3.0,,176,24.4,19.2,88.2
,,,,,,,,,,,,,,
"--Too few cases to obtain statistically reliable data.",,,,,,,,,,,,,,
"...No case of this type occurred in the data.",,,,,,,,,,,,,,
"(SEE PRINTED REPORT FOR FOOTNOTES)",,,,,,,,,,,,,,
