"Bureau of Justice Statistics",,,,,,,,,,,,,,,
"Filename:  cf987_01.csv",,,,,,,,,,,,,,,
"Table #:  7.1. Federal offenders under supervision, by offense, September 30, 1998 ",,,,,,,,,,,,,,,
"Report title:  Compendium of Federal Justice Statistics, 1998  NCJ 180258",,,,,,,,,,,,,,,
"Data source:  Federal Justice Statistics Program (database maintained by The Urban Institute)",,,,,,,,,,,,,,,
"Refer questions to:  Askbjs@ojp.usdoj.gov  202-307-0765",,,,,,,,,,,,,,,
"Contact:  John Scalia  ",,,,,,,,,,,,,,,
"Date of version:  5/8/00",,,,,,,,,,,,,,,
,,,,,,,,,,,,,,,
"Table 7.1.  Federal offenders under supervision, by offense, September 30, 1998",,,,,,,,,,,,,,,
,,,,"",,,,,,,,,,,
,,,,,"Total offenders",,,"Type of supervision",,,,,,,
"Most serious",,,,,"under supervision",,," Probation",,,"Supervised release",,,"Parole",
"offense of conviction\a",,,,,"Number","Percent",,"Number","Percent",,"Number","Percent",,"Number","Percent"
,,," All offenses\b",,92768,100,,32119,100,,54822,100,,5827,100
"Felonies",,,,,81784,88.4,,21685,67.9,,54285,99.2,,5814,99.8
,"Violent offenses",,,,5577,6.0,,797,2.5,,3231,5.9,,1549,26.6
,,"Murder\c",,,259,0.3,,41,0.1,,96,0.2,,122,2.1
,,"Negligent manslaughter",,,135,0.1,,5,"--",,8,"--",,122,2.1
,,"Assault",,,474,0.5,,155,0.5,,272,0.5,,47,0.8
,,"Robbery",,,3805,4.1,,330,1.0,,2258,4.1,,1217,20.9
,,"Rape",,,347,0.4,,98,0.3,,207,0.4,,42,0.7
,,"Other sex offenses\c",,,463,0.5,,150,0.5,,290,0.5,,23,0.4
,,"Kidnaping",,,166,0.2,,8,"--",,61,0.1,,97,1.7
,,"Threats against the President",,,50,0.1,,10,"--",,39,0.1,,1,"--"
,"Property offenses",,,,27493,29.7,,12072,37.8,,14799,27.0,,622,10.7
,,"Fraudulent",,,22655,24.5,,9735,30.5,,12535,22.9,,385,6.6
,,,"Embezzlement",,3529,3.8,,1197,3.7,,2302,4.2,,30,0.5
,,,"Fraud\c",,16834,18.2,,7374,23.1,,9165,16.7,,295,5.1
,,,"Forgery",,617,0.7,,311,1.0,,272,0.5,,34,0.6
,,,"Counterfeiting",,1675,1.8,,853,2.7,,796,1.5,,26,0.4
,,"Other",,,4838,5.2,,2337,7.3,,2264,4.1,,237,4.1
,,,"Burglary",,268,0.3,,78,0.2,,137,0.3,,53,0.9
,,,"Larceny\c",,3296,3.6,,1815,5.7,,1378,2.5,,103,1.8
,,,"Motor vehicle theft",,407,0.4,,137,0.4,,248,0.5,,22,0.4
,,,"Arson and explosives",,317,0.3,,85,0.3,,199,0.4,,33,0.6
,,,"Transportation of stolen property",,468,0.5,,182,0.6,,261,0.5,,25,0.4
,,,"Other property offenses\c",,82,0.1,,40,0.1,,41,0.1,,1,"--"
,"Drug offenses",,,,35401,38.3,,3586,11.2,,28766,52.6,,3049,52.4
,,"Trafficking",,,31415,34.0,,3152,9.9,,25477,46.5,,2786,47.8
,,"Other drug offenses",,,3986,4.3,,434,1.4,,3289,6.0,,263,4.5
,"Public-order offenses",,,,13049,14.1,,5055,15.8,,7403,13.5,,591,10.1
,,"Regulatory",,,2182,2.4,,1299,4.1,,845,1.5,,38,0.7
,,,"Agriculture",,84,0.1,,60,0.2,,23,"--",,1,"--"
,,,"Antitrust",,18,"--",,13,"--",,4,"--",,1,"--"
,,,"Food and drug",,66,0.1,,51,0.2,,14,"--",,1,"--"
,,,"Transportation",,92,0.1,,56,0.2,,31,0.1,,5,0.1
,,,"Civil rights",,140,0.2,,35,0.1,,100,0.2,,5,0.1
,,,"Communications",,114,0.1,,76,0.2,,37,0.1,,1,"--"
,,,"Custom laws",,126,0.1,,74,0.2,,51,0.1,,1,"--"
,,,"Postal laws",,134,0.1,,85,0.3,,47,0.1,,2,"--"
,,,"Other regulatory offenses",,1410,1.5,,849,2.7,,538,1.0,,23,0.4
,,"Other",,,10867,11.7,,3756,11.8,,6558,12.0,,553,9.5
,,,"Weapons",,4038,4.4,,608,1.9,,3243,5.9,,187,3.2
,,,"Immigration offenses",,1272,1.4,,639,2.0,,623,1.1,,10,0.2
,,,"Tax law violations\c",,1857,2.0,,1166,3.7,,646,1.2,,45,0.8
,,,"Bribery",,394,0.4,,226,0.7,,163,0.3,,5,0.1
,,,"Perjury, contempt and intimidation",,344,0.4,,136,0.4,,193,0.4,,15,0.3
,,,"National defense",,47,0.1,,23,0.1,,18,"--",,6,0.1
,,,"Escape",,305,0.3,,52,0.2,,222,0.4,,31,0.5
,,,"Racketeering and extortion",,1885,2.0,,502,1.6,,1145,2.1,,238,4.1
,,,"Gambling",,289,0.3,,178,0.6,,108,0.2,,3,0.1
,,,"Obscene material\c",,72,0.1,,36,0.1,,34,0.1,,2,"--"
,,,"Migratory birds",,16,"--",,10,"--",,4,"--",,2,"--"
,,,"All other offenses",,350,0.4,,180,0.6,,159,0.3,,11,0.2
"Misdemeanors\c",,,,,10984,11.9,,10434,32.7,,537,1.0,,13,0.2
,"Fraudulent property offenses",,,,1392,1.5,,1307,4.1,,83,0.2,,2,"--"
,"Larceny",,,,1479,1.6,,1390,4.4,,88,0.2,,1,"--"
,"Drug possession\c",,,,1886,2.0,,1756,5.5,,125,0.2,,5,0.1
,"Immigration misdemeanors",,,,391,0.4,,372,1.2,,14,"--",,5,0.1
,"Traffic offenses",,,,2861,3.1,,2784,8.7,,72,0.1,,5,0.1
,"Other misdemeanors",,,,2985,3.2,,2825,8.8,,155,0.3,,5,0.1
"Missing/indeterminable offense",,,,,264,,,175,,,86,,,3,
"--Less than .05%",,,,,,,,,,,,,,,
"...No case of this type occurred within the data.",,,,,,,,,,,,,,,
"(SEE PRINTED REPORT FOR FOOTNOTES)",,,,,,,,,,,,,,,
