Bureau of Justice Statistics,,,,,,,,,,
Filename: fvvt01.csv,,,,,,,,,,
"Table 1. Violence by intimate partners, by type of crime and gender of the victims, 2008",,,,,,,,,,
"Report title: Female Victims of Violence,   NCJ 228356",,,,,,,,,,
Data source: National Crime Victimization Survey ,,,,,,,,,,
"Author(s): Shannan Catalano, Erica Smith, Howard Snyder and Michael Rand",,,,,,,,,,
Refer questions to: askbjs@usdoj.gov or (202) 307-0765,,,,,,,,,,
Date of version: 09/30/09,,,,,,,,,,
,,,,,,,,,,
"Table 1. Violence by intimate partners, by type of crime and gender of the victims, 2008",,,,,,,,,,
,,Total,,,Female,,,Male,,
,,Number,Rate,,Number,Rate,,Number,Rate,
,Overall violent crime,"652,660",2.6,,"551,590",4.3,,"101,050",0.8,
Rape/sexual assault,,"44,000",0.2,,"35,690",0.3,^,"8,310",0.1,^
Robbery,,"38,820",0.2,^,"38,820",0.3,^,--,--,
Aggravated assault,,"111,530",0.4,,"70,550",0.5,,"40,970",0.3,^
Simple assault,,"458,310",1.8,,"406,530",3.1,,"51,770",0.4,
"Note: Victimization rates are per 1,000 persons age 12 or older. The difference in male and female intimate partner victimization rates is significant at the 95% confidence level for overall violent crime, robbery, and simple assault. There is no significant difference in the rate of male and female intimate partner victimization for aggravated assault.",,,,,,,,,,
^Based on 10 or fewer sample cases.,,,,,,,,,,
 --No cases were present for this category.,,,,,,,,,,
"Source: Bureau of Justice Statistics, National Crime Victimization Survey, 2008.",,,,,,,,,,
