"Bureau of Justice Statistics",,,
"Filename:  fca99fa.csv",,,
"Figure A.  Criminal appeals filed in U.S. circuit courts of appeal, 1985-99",,,
"Report Title:  Federal Criminal Appeals, 1999, with trends 1985-99 (NCJ 185055)",,,
"Data source:  Federal Justice Statistics Program",,,
"Refer questions to:  askbjs@ojp.usdoj.gov  202-307-0765",,,
"Author:  John Scalia, BJS",,,
"Date of version:  3/15/01",,,
,,,
,,,
,,,
,,,
,,,
,,,
"Figure A.  Criminal appeals filed in U.S. circuit courts of appeal, 1985-99",,,
,,,
,,,
"Year","Appeals","Convictions","Rate"
1985,4989,38530,13
1986,5134,43920,12
1987,5260,43942,12
1988,6012,42902,14
1989,8020,44524,18
1990,9493,46725,20
1991,9949,46768,21
1992,11215,50260,22
1993,11862,51723,23
1994,10674,50701,21
1995,10162,47556,21
1996,10889,53076,21
1997,10521,56570,19
1998,10535,60958,17
1999,10251,66055,16
,,,
"Data source:  Composite, See, Methodology.",,,
