"Bureau of Justice Statistics",,,
"Filename:  fca99f1.csv",,,
"Figure 1.  Filing rate fo criminal appeals in U.S. circuit courts of appeal, by Federal judicial district, 1999",,,
"Report Title:  Federal Criminal Appeals, 1999, with trends 1985-99 (NCJ 185055)",,,
"Data source:  Federal Justice Statistics Program",,,
"Refer questions to:  askbjs@ojp.usdoj.gov  202-307-0765",,,
"Author:  John Scalia, BJS",,,
"Date of version:  3/15/01",,,
,,,
,,,
,,,
,,,
,,,
"Figure 1.  Filing rate fo criminal appeals in U.S. circuit courts of appeal, by Federal judicial district, 1999",,,
,,,
"Federal judicial district","Post-conviction Appeals","Convictions","Appeals rate"
,,,
"Total",10113,66055,15
,,,
"Alabama, Middle",68,236,29
"Alabama, Northern",75,396,19
"Alabama, Southern",111,342,32
"Alaska",36,193,19
"Arizona",166,3451,5
"Arkansas, Eastern",50,283,18
"Arkansas, Western",21,142,15
"California, Central",502,1612,31
"California, Eastern",104,909,11
"California, Northern",100,656,15
"California, Southern",255,4087,6
"Colorado",62,469,13
"Connecticut",87,288,30
"Delaware",19,94,20
"District of Columbia",103,507,20
"Florida, Middle",299,1632,18
"Florida, Northern",182,477,38
"Florida, Southern",612,2292,27
"Georgia, Middle",54,1955,3
"Georgia, Northern",154,892,17
"Georgia, Southern",67,279,24
"Guam",24,178,13
"Hawaii",49,554,9
"Idaho",30,152,20
"Illinois, Central",80,348,23
"Illinois, Northern",175,742,24
"Illinois, Southern",61,419,15
"Indiana, Northern",70,362,19
"Indiana, Southern",36,245,15
"Iowa, Northern",58,206,28
"Iowa, Southern",52,394,13
"Kansas",97,467,21
"Kentucky, Eastern",70,447,16
"Kentucky, Western",68,579,12
"Louisiana, Eastern",62,427,15
"Louisiana, Middle",18,154,12
"Louisiana, Western",79,305,26
"Maine",41,136,30
"Maryland",108,797,14
"Massachusetts",110,536,21
"Michigan, Eastern",168,728,23
"Michigan, Western",54,333,16
"Minnesota",124,490,25
"Mississippi, Northern",34,177,19
"Mississippi, Southern",52,339,15
"Missouri, Eastern",77,695,11
"Missouri, Western",85,493,17
"Montana",82,337,24
"Nebraska",102,461,22
"Nevada",99,516,19
"New Hampshire",32,151,21
"New Jersey",157,1021,15
"New Mexico",97,1244,8
"New York, Eastern",259,1530,17
"New York, Northern",62,693,9
"New York, Southern",341,1913,18
"New York, Western",50,362,14
"North Carolina, Eastern",85,752,11
"North Carolina, Middle",106,504,21
"North Carolina, Western",111,748,15
"North Dakota",14,203,7
"Northern Mariana Islands",3,40,8
"Ohio, Northern",103,726,14
"Ohio, Southern",116,645,18
"Oklahoma, Eastern",13,92,14
"Oklahoma, Northern",43,205,21
"Oklahoma, Western",71,638,11
"Oregon",69,768,9
"Pennsylvania, Eastern",195,922,21
"Pennsylvania, Middle",72,364,20
"Pennsylvania, Western",40,291,14
"Puerto Rico",153,590,26
"Rhode Island",40,133,30
"South Carolina",148,955,15
"South Dakota",62,490,13
"Tennessee, Eastern",103,488,21
"Tennessee, Middle",47,191,25
"Tennessee, Western",134,424,32
"Texas, Eastern",140,621,23
"Texas, Northern",243,1255,19
"Texas, Southern",502,3549,14
"Texas, Western",371,4574,8
"Utah",74,583,13
"Vermont",17,159,11
"Virgin Islands",28,448,6
"Virginia, Eastern",200,2015,10
"Virginia, Western",85,353,24
"Washington, Eastern",41,315,13
"Washington, Western",118,894,13
"West Virginia, Northern",40,161,25
"West Virginia, Southern",49,247,20
"Wisconsin, Eastern",105,281,37
"Wisconsin, Western",51,135,38
"Wyoming",31,173,18
,,,
"Data source:  Composite, See, Methodology.",,,
