"Bureau of Justice Statistics",,,,,,,,,
"Filename:  fca9905.csv",,,,,,,,,
"Table 5.  Federal prison inmates with sentence changes ordered by U.S. district courts, 1999",,,,,,,,,
"Report Title:  Federal Criminal Appeals, 1999, with trends 1985-99 (NCJ 185055)",,,,,,,,,
"Data source:  Federal Justice Statistics Program",,,,,,,,,
"Refer questions to:  askbjs@ojp.usdoj.gov  202-307-0765",,,,,,,,,
"Author:  John Scalia, BJS",,,,,,,,,
"Date of version:  3/15/01",,,,,,,,,
,,,,,,,,,
,,,,,,,,,
,,,,,,,,,
,,,,,,,,,
,,,,,,,,,
"Table 5.  Federal prison inmates with sentence changes ordered by U.S. district courts, 1999",,,,,,,,,
,,,,,,,,,
,,,,,,,,,
,,,"Sentence increases",,,,"Sentence reductions",,
,,,,"Sentence imposed",,,,"Sentence imposed",
"Offense of conviction",,,"Number","Pre-appeal","Post-appeal",,"Number","Pre-appeal","Post-appeal"
,,,,,,,,,
,,"Total/a",86,93.4,118.3,,769,139.2,88.5
,,,,,,,,,
"Violent",,,13,87.4,118.4,,52,136.1,94.1
"Property",,,14,18.8,24.7,,64,127.2,66.4
,"Fraud",,12,10.9,16.0,,52,42.5,28.4
,"Other",,2,"--  ","--  ",,12,494.3,231.1
"Drug",,,44,123.8,154.4,,527,153.0,97.7
"Public order",,,13,82.8,103.3,,123,90.2,60.3
,"Regulatory",,5,"--  ","--  ",,16,50.9,39.1
,"Other",,8,"--  ","--  ",,107,96.1,63.5
,,"Weapons",4,"--  ","--  ",,38,130.1,119.3
,,"Immigration",2,"--  ","--  ",,33,50.5,37.0
,,,,,,,,,
,,,,,,,,,
"Note:  Includes changes resulting from appellate action.  Excludes changes resulting from other actions such as substantial assistance motions pursuant to Fed. R. Crim. P. 35(b) and compassionate or changed circumstance motions pursuant to",,,,,,,,,
"a/  Includes observations for which the offenses was not recorded.",,,,,,,,,
"-- Too few cases to obtain statistically reliable data.",,,,,,,,,
,,,,,,,,,
"Data source:  Federal Bureau of Prisons, SENTRY data file, FY 1999.",,,,,,,,,
