"Bureau of Justice Statistics",,,,,
"Filename:  fca9901.csv",,,,,
"Table 1.  Criminal appeals filed in U.S. circuit courts of appeal, 1999",,,,,
"Report Title:  Federal Criminal Appeals, 1999, with trends 1985-99 (NCJ 185055)",,,,,
"Data source:  Federal Justice Statistics Program",,,,,
"Refer questions to:  askbjs@ojp.usdoj.gov  202-307-0765",,,,,
"Author:  John Scalia, BJS",,,,,
"Date of version:  3/15/01",,,,,
,,,,,
,,,,,
,,,,,
,,,,,
,,,,,
"Table 1.  Criminal appeals filed in U.S. circuit courts of appeal, 1999",,,,,
,,,,,
,,,,,
,,"Appellant",,,
"Type of appeal","Total","Government",,"Defendant",
,,,,,
"Total",10251,5.1,"%",94.9,"%"
,,,,,
"Interlocutory",138,18.8,,81.2,
"Sentence only",2367,6.0,,94.0,
"Conviction only",1364,2.3,,97.7,
"Sentence & conviction",4809,2.7,,97.3,
"Other",1573,12.1,,87.9,
,,,,,
"Data source:  Composite,  See, Methodology.",,,,,
