﻿Bureau of Justice Statistics,,,
Filename: p21stt15.csv,,,
"Table 15. Prisoners age 17 or younger in the custody of publicly or privately operated state or federal prisons, by jurisdiction, 2020 and 2021",,,
Report title: Prisoners in 2021 – Statistical Tables  NCJ 305125,,,
"Data source: Bureau of Justice Statistics, National Prisoner Statistics, 2020 and 2021",,,
"Author: E. Ann Carson, PhD, BJS Statistician",,,
Refer questions to: askbjs@usdoj.gov 202-307-0765,,,
Date of version: 12/20/2022,,,
,,,
"Table 15. Prisoners age 17 or younger in the custody of publicly or privately operated state or federal prisons, by jurisdiction, 2020 and 2021",,,
Jurisdiction,,2020,2021
,U.S. total,352,292
Federal/a,,14,21
State,,338,271
,Alabama,1,0
,Alaska/b,8,0
,Arizona,36,17
,Arkansas,6,5
,California,~,~
,Colorado,5,0
,Connecticut/b,31,41
,Delaware/b,1,0
,Florida,44,48
,Georgia,8,0
,Hawaii/b,0,0
,Idaho,0,0
,Illinois,0,0
,Indiana,13,11
,Iowa,6,9
,Kansas,0,0
,Kentucky,0,0
,Louisiana,10,7
,Maine,0,0
,Maryland,4,3
,Massachusetts,0,0
,Michigan,18,5
,Minnesota,3,3
,Mississippi,10,20
,Missouri,4,2
,Montana,0,0
,Nebraska,14,8
,Nevada,11,0
,New Hampshire,0,~
,New Jersey,0,0
,New Mexico,0,0
,New York,0,0
,North Carolina,29,16
,North Dakota,0,0
,Ohio,24,27
,Oklahoma,3,8
,Oregon,0,0
,Pennsylvania,11,14
,Rhode Island,0,0
,South Carolina,6,1
,South Dakota,0,0
,Tennessee,10,4
,Texas,16,15
,Utah,0,0
,Vermont/b,0,1
,Virginia,2,1
,Washington,4,4
,West Virginia,0,0
,Wisconsin,0,0
,Wyoming,0,0
"Note: In 2017, BJS began requesting that National Prisoner Statistics respondents include data on all persons age 17 or younger held in the physical custody of state and federal correctional authorities and in private prisons, excluding prisoners held in local jails and in the custody of other jurisdictions. For jurisdiction-level information, see Jurisdiction notes on the BJS website. Counts are for December 31 of each year and are based on prisoners with any sentence status. See Methodology. As of December 31, 2001, persons sentenced for a felony in the District of Columbia were the responsibility of the Federal Bureau of Prisons (BOP). ",,,
~Not applicable. ,,,
a/The BOP holds prisoners age 17 or younger in privately operated facilities.,,,
b/Prisons and jails form one integrated system. Data include total jail and prison populations.,,,
"Source: Bureau of Justice Statistics, National Prisoner Statistics, 2020 and 2021.",,,
