"Bureau of Justice Statistics",,,,,,,,,,,,,,
"filename: duttj06.csv",,,,,,,,,,,,,,
"report title:  Drug Use, Testing, and Treatment in Jails, NCJ# 179999",,,,,,,,,,,,,,
"data source: Annual Survey of Jails 1998, Survey of Inmates in Local Jails, 1996",,,,,,,,,,,,,,
"author:  Doris James Wilson ",,,,,,,,,,,,,,
"refer questions to: askbjs@ojp.usdoj.gov      (202)307-0765",,,,,,,,,,,,,,
"date of version: 05/10/00",,,,,,,,,,,,,,
,,,,,,,,,,,,,,
"Table 6.  Sanctions imposed on jail staff after a positive test for drug use, by size of jurisdiction, 1998",,,,,,,,,,,,,,
,,,,,,,,,,,,,,
,,,,,"Percent of jurisdictions that test staff, by size of jurisdiction*",,,,,,,,,
,,,"Fewer than",,,,,,,,,,,
"Sanctions","Total",,"50 inmates",,"50-99",,"100-249",,"250-499",,"500-999",,"1,000  or more",
,,,,,,,,,,,,,,
"Dismissal",70.7,"%",72.2,"%",65.2,"%",72.2,"%",66.9,"%",71.1,"%",77.9,"%"
"Temporary suspension",19.9,,22.3,,6.7,,21.5,,23.4,,27.8,,26.7,
,,,,,,,,,,,,,,
"Continued employment with ---",,,,,,,,,,,,,,
"  Referral to internal affairs or police",28.8,"%",19.6,"%",24.3,"%",35.8,"%",37.5,"%",37.8,"%",57.0,"%"
"  Referral to treatment",29.1,,28.4,,18.7,,30.9,,34.6,,38.9,,40.7,
"  Increased urinalysis surveillance",10.9,,11.8,,0.4,,11.1,,15.0,,16.9,,24.4,
"  Restrictions on inmate contact",3.8,,3.4,,2.6,,3.5,,5.5,,6.7,,5.8,
,,,,,,,,,,,,,,
"Other actions ",8.4,,5.2,,11.2,,7.3,,17.2,,7.8,,11.6,
,,,,,,,,,,,,,,
"Note: Excludes jurisdictions that did not test staff. Jurisdictions may impose multiple sanctions on staff.  ",,,,,,,,,,,,,,
"  *Based on average daily population between July 1, 1997, and June 30, 1998.  ",,,,,,,,,,,,,,
