"Bureau of Justice Statistics",,,,,,,,
"filename: duttj01.csv",,,,,,,,
"report title:  Drug Use, Testing, and Treatment in Jails, NCJ# 179999",,,,,,,,
"data source: Annual Survey of Jails 1998, Survey of Inmates in Local Jails, 1996",,,,,,,,
"author:  Doris James Wilson ",,,,,,,,
"refer questions to: askbjs@ojp.usdoj.gov      (202)307-0765",,,,,,,,
"date of version: 05/10/00",,,,,,,,
,,,,,,,,
"Table 1. Jail jurisdictions reporting drug testing policies, by size of jurisdiction, 1998",,,,,,,,
,,,,,,,,
,,,"Percent of jurisdictions with testing policies",,,,,
,"Number of",,"Inmates ",,,,,
"Size of jurisdiction*","jurisdictions",,"or staff ",,"Inmates ",,"Staff ",
,,,,,,,,
"     Total",2886,,71.1,"%",46.9,"%",49.2,"%"
,,,,,,,,
"Fewer than 50 inmates",1462,,61.1,"%",37.5,"%",38.3,"%"
"50-99",519,,80.4,,57.7,,51.4,
"100-249",473,,79.0,,50.2,,61.0,
"250-499",188,,86.1,,65.9,,67.5,
"500-999",125,,87.0,,62.6,,73.2,
"1,000 or more",123,,82.0,,56.6,,70.5,
,,,,,,,,
"*Based on the average daily population between July 1, 1997 and June 30, 1998.",,,,,,,,
"See Methodology for definition of average daily population.",,,,,,,,
