"Bureau of Justice Statistics",,,,,,,,,,,,,,
"filename: duttj07.csv",,,,,,,,,,,,,,
"report title:  Drug Use, Testing, and Treatment in Jails, NCJ# 179999",,,,,,,,,,,,,,
"data source: Annual Survey of Jails 1998, Survey of Inmates in Local Jails, 1996",,,,,,,,,,,,,,
"author:  Doris James Wilson ",,,,,,,,,,,,,,
"refer questions to: askbjs@ojp.usdoj.gov      (202)307-0765",,,,,,,,,,,,,,
"date of version: 05/10/00",,,,,,,,,,,,,,
,,,,,,,,,,,,,,
"Table 7.  Substance abuse treatment or programs in local jails, by size of jurisdiction, 1998",,,,,,,,,,,,,,
,,,,,,,,,,,,,,
,"Percent of jurisdictions with treatment or programs by size of jurisdiction*",,,,,,,,,,,,,
,,,"Fewer than ",,,,,,,,,,,
"Type of treatment","Total",,"50 inmates",,"50-99",,"100-249",,"250-499",,"500-999",,"1,000 or more",
,,,,,,,,,,,,,,
"Any treatment or program",72.8,"%",63.2,"%",75.0,"%",83.9,"%",91.0,"%",91.9,"%",90.2,"%"
,,,,,,,,,,,,,,
"Substance abuse  treatment/a",42.8,"%",33.5,"%",38.7,"%",53.3,"%",62.2,"%",70.2,"%",73.8,"%"
"  Detoxification",32.1,,26.0,,26.2,,39.7,,48.1,,51.2,,56.6,
,,,,,,,,,,,,,,
"Other programs/b",67.5,"%",57.3,"%",70.1,"%",77.0,"%",87.8,"%",88.0,"%",89.4,"%"
"  Education or awareness ",29.6,,20.2,,30.0,,32.0,,46.8,,61.8,,72.1,
"  Self-help programs",63.7,,52.1,,67.8,,73.5,,86.2,,87.8,,88.5,
,,,,,,,,,,,,,,
,,,,,,,,,,,,,,
"Note: Jurisdictions may have more than one program. ",,,,,,,,,,,,,,
"*Based on the average daily population between July 1, 1997, and June 30, 1998.  ",,,,,,,,,,,,,,
"a/Includes residential facilities, detoxification units, professional group or individual  ",,,,,,,,,,,,,,
"counseling, rehabilitation, and maintenance drug programs. ",,,,,,,,,,,,,,
"b/Includes drug or alcohol education or awareness programs, self-help groups, ",,,,,,,,,,,,,,
"such  as Alcoholics Anonymous and Narcotics Anonymous, and other peer counseling groups.",,,,,,,,,,,,,,
