"Bureau of Justice Statistics",,,,,,,,,,,,,,,,,,
"filename: duttja3.csv",,,,,,,,,,,,,,,,,,
"report title:  Drug Use, Testing, and Treatment in Jails, NCJ# 179999",,,,,,,,,,,,,,,,,,
"data source: Annual Survey of Jails 1998, Survey of Inmates in Local Jails, 1996",,,,,,,,,,,,,,,,,,
"author:  Doris James Wilson ",,,,,,,,,,,,,,,,,,
"refer questions to: askbjs@ojp.usdoj.gov      (202)307-0765",,,,,,,,,,,,,,,,,,
"date of version: 05/10/00",,,,,,,,,,,,,,,,,,
,,,,,,,,,,,,,,,,,,
"Appendix table 3.  Standard error estimation for measures of  drug testing and treatment in jail jurisdictions, 1998",,,,,,,,,,,,,,,,,,
,,,,,,,,,,,,,,,,,,
,"Percent of jurisdictions testing",,,,,"Method of testing inmates",,,,,,,"Method of testing staff",,,,,
,,,,,,,,"Indication ",,"All at ",,,,,"Indication ",,"All at ",
,"Inmates",,"  Staff",,,"Random",,"of use",," admission",,,"Random",,"of use",," admission",
,,,,,,,,,,,,,,,,,,
"Size of jurisdiction",,,,,,,,,,,,,,,,,,
,,,,,,,,,,,,,,,,,,
"Total",2.23,"%",2.22,"%",,1.73,"%",2.07,"%",0.44,"%",,2.85,"%",2.88,"%",1.90,"%"
,,,,,,,,,,,,,,,,,,
"Fewer than 50 inmates",3.69,"%",3.70,"%",,2.73,"%",3.41,"%",0.61,"%",,5.44,"%",5.86,"%",3.52,"%"
"50-99",5.46,,5.45,,,4.64,,5.28,,1.67,,,7.80,,7.24,,5.62,
"100-249",3.83,,3.68,,,3.48,,3.51,,0.51,,,4.60,,4.79,,3.33,
"250-499",2.33,,2.63,,,2.66,,2.53,,0.53,,,2.79,,2.82,,1.35,
"500-999",1.19,,1.56,,,1.41,,1.36,,0.45,,,1.23,,1.20,,0.03,
"1,000 or more",4.20,,5.23,,,2.49,,2.99,,0.43,,,0.20,,0.18,,0.02,
