"Bureau of Justice Statistics",,,,,,,,,,
"filename: jic01a06.csv",,,,,,,,,,
"appendix table 6: Planned changes to jails in Indian country and projected capacity when completed",,,,,,,,,,
"report title: Jails in Indian Country, 2001, NCJ 193400",,,,,,,,,,
"data source: Survey of Jails in Indian Country, 2001",,,,,,,,,,
"author: Todd D. Minton",,,,,,,,,,
"refer questions to: askbjs@ojp.usdoj.gov (202) 307-0765",,,,,,,,,,
"date of version: 05/02/02",,,,,,,,,,
,,,,,,,,,,
"Appendix table 6.  Planned changes to jails in Indian country and projected capacity when completed",,,,,,,,,,
,,,,,,,,,,
,,,"                    ",,,,,,,
,,,"Capacity added, replaced  or under renovation",,,,,,,"Projected capacity"
,"Rated",,"         Funded plans/a",,,,"Other plans/b",,,"when funded"
,"capacity,",,"Number of",,"Type of",,"Number of ",,,"plans have been"
"State and facility","6/29/01",,"beds",,"construction",,"beds",,,"completed"
,,,,,,,,,,
"  All facilities",2101,,795,,,,774,,,2724
,,,,,,,,,,
"Alaska",,,,,,,,,,
"Kenai Native Association Adult Detention Center/c",,,24,,"Adult",,,,,24
,,,,,,,,,,
"Arizona",,,,,,,,,,
"Chinle Youth Corrections/c",,,50,,"Juvenile",,,,,50
"Gila River Department of Corrections and Rehabilitation ",112,,105,,"Adult",,,,,217
"Peach Springs Detention Center",41,,,,,,41,,,
"Peach Springs Juvenile Detention Center/c",,,30,,"Juvenile",,,,,30
"Salt River Department of Corrections",68,,120,,"Mixed",,,,,120
"San Carlos Jail",48,,100,,"Mixed",,,,,100
"Tohono O'odham Detention Center",34,,,,,,25,,,
,,,,,,,,,,
"Michigan",,,,,,,,,,
"Sault Ste. Marie Juvenile Detention Center/c",,,24,,"Juvenile",,,,,24
,,,,,,,,,,
"Minnesota",,,,,,,,,,
"Red Lake Juvenile Work Camp/c",,,24,,"Juvenile",,,,,24
"Red Lake Law Enforcement Services",22,,68,,"Mixed",,,,,68
,,,,,,,,,,
"Mississippi",,,,,,,,,,
"Choctaw Police Department/d",40,,,,,,116,,,
,,,,,,,,,,
"Montana",,,,,,,,,,
"Blackfeet Police Department",45,,,,,,45,,,
"Crow Police Department",14,,,,,,10,,,
"Fort Peck Indian Youth Services Center",16,,20,,"Juvenile",,,,,36
"Northern Cheyenne Juvenile Detention Center/c",,,36,,"Juvenile",,,,,36
"Rocky Boy Police Department",15,,,,,,15,,,
,,,,,,,,,,
"Nevada",,,,,,,,,,
"Owyhee Detention Facility",24,,,,,,24,,,
"Owyhee Shoshone Paiute Juvenile Facility/c",,,32,,"Juvenile",,,,,32
,,,,,,,,,,
"New Mexico",,,,,,,,,,
"Jicarilla Police Department",46,,,,,,60,,,
"Laguna Tribal Detention Facility",22,,,,,,100,,,
"Taos Tribal Detention Center",8,,,,,,8,,,
"Zuni Police Department",34,,38,,"Mixed",,,,,38
,,,,,,,,,,
"North Dakota",,,,,,,,,,
"Fort Berthold Juvenile Detention Facility/c",,,24,,"Juvenile",,,,,24
"Standing Rock Law Enforcement Center",50,,,,,,50,,,
,,,,,,,,,,
"Oregon",,,,,,,,,,
"Chemawa Indian School",8,,,,,,16,,,
,,,,,,,,,,
"South Dakota",,,,,,,,,,
"Lower Brule Law Enforcement Services Center/d",,,,,,,60,,,
"Oglala Sioux Tribe Adult Correctional Center/c,e",,,,,,,140,,,
"Rosebud Sioux Tribe Law Enforcement-Juvenile/c",,,36,,"Juvenile",,,,,36
,,,,,,,,,,
"Washington",,,,,,,,,,
"Colville Adult/Juvenile Justice Center/c",,,64,,"Mixed",,,,,64
"Makah Police Department",12,,,,,,16,,,
"Puyallup Tribal Detention Facility",20,,,,,,30,,,
"Quinault Police Department",12,,,,,,18,,,
,,,,,,,,,,
"Note:  Lower Brule Law Enforcement Services Center was closed but is expected to be replaced.  Other facilities funded ",,,,,,,,,,
"by DOJ or in process of DOJ review include Gila River Juvenile Detention and Rehabilitation Center (42 completed beds), ",,,,,,,,,,
"Barrow Juvenile Correctional Facility (14 juvenile beds, funded but jurisdictional issues pending), Kotzebue Regional Jail ",,,,,,,,,,
"Facility (proposal expected for 28 adult beds), and Nisqually Adult Detention Unit (8 beds for temporary holding). ",,,,,,,,,,
"a/Construction funded, in part, under the Correctional Facilities on Tribal Lands Discretionary Grant Program, which is ",,,,,,,,,,
"administered by the U.S. Department of Justice, Office of Justice Programs, Corrections Program Office.",,,,,,,,,,
"b/Based on facility plans within the next 3 years that have received final administrative approval, ",,,,,,,,,,
"even though necessary funds may not have been authorized. ",,,,,,,,,,
"c/Facilities will be added to the survey when fully operational. ",,,,,,,,,,
"d/Proposal under review by the Corrections Program Office.",,,,,,,,,,
"e/Approved for design only, other funds pending.",,,,,,,,,,
