"Bureau of Justice Statistics",,,,,,,,,,
"filename: jic01a02.csv",,,,,,,,,,
"appendix table 2: Inmates, rated capacity, and percent of capacity occupied in jails in Indian country, June 2001",,,,,,,,,,
"report title: Jails in Indian Country, 2001, NCJ 193400",,,,,,,,,,
"data source: Survey of Jails in Indian Country, 2001",,,,,,,,,,
"author: Todd D. Minton",,,,,,,,,,
"refer questions to: askbjs@ojp.usdoj.gov (202) 307-0765",,,,,,,,,,
"date of version: 05/02/02",,,,,,,,,,
,,,,,,,,,,
"Appendix table 2.  Inmates, rated capacity and percent of capacity occupied in jails",,,,,,,,,,
"in Indian country, June 2001",,,,,,,,,,
,,,,,,,,,,
,,,,,,,"Population ",,"Peak population",
,,,"Peak",,,,"on June 29",,"in June",
,"Inmates in ",,"population",,"Rated ",,"as a percent",,"as a percent of ",
"State and facility","custody/a",,"in June/b",,"capacity/c",,"of capacity/d",,"capacity",
,,,,,,,,,,
"  Total",1912,,2656,,2101,,91,"%",126,"%"
,,,,,,,,,,
"Alaska",,,,,,,,,,
"Metlakatla Police Department",0,,7,,7,,0,"%",100,"%"
,,,,,,,,,,
"Arizona",,,,,,,,,,
"Colorado River Indian Tribes Detention Center",18,,23,,36,,50,"%",64,"%"
"Fort Mohave Tribal Police Department",2,,4,,4,,50,,100,
"Gila River Department of Corrections and Rehabilitation ",100,,109,,112,,89,,97,
"Gila River Juvenile Detention and Rehabilitation Center",57,,71,,92,,62,,77,
"Hopi Rehabilitation Center",100,,122,,96,,104,,127,
"Navajo Department of Corrections-Chinle",22,,55,,25,,88,,220,
"Navajo Department of Corrections-Kayenta",14,,25,,10,,140,,250,
"Navajo Department of Corrections-Tuba City",19,,37,,34,,56,,109,
"Navajo Department of Corrections-Window Rock",84,,102,,51,,165,,200,
"Pascua Yaqui Law Enforcement Center",1,,6,,6,,17,,100,
"Peach Springs Detention Center",15,,32,,41,,37,,78,
"Salt River Department of Corrections",68,,75,,68,,100,,110,
"San Carlos Jail",51,,90,,48,,106,,188,
"Supai Jail",0,,3,,10,,0,,30,
"Tohono O'odham Detention Center",100,,112,,34,,294,,329,
"Tohono O'odham Judiciary Juvenile Detention Center",22,,24,,22,,100,,109,
"Western Navajo Juvenile Services",25,,36,,36,,69,,100,
"White Mountain Apache Police Department",75,,103,,46,,163,,224,
,,,,,,,,,,
"Colorado",,,,,,,,,,
"Southern Ute Detention Center",28,,38,,48,,58,"%",79,"%"
"Ute Mountain Ute Agency",7,,16,,76,,9,,21,
,,,,,,,,,,
"Idaho",,,,,,,,,,
"Fort Hall Police Department",21,,21,,25,,84,"%",84,"%"
,,,,,,,,,,
"Minnesota",,,,,,,,,,
"Red Lake Law Enforcement Services",21,,31,,22,,96,"%",141,"%"
,,,,,,,,,,
"Mississippi",,,,,,,,,,
"Choctaw Police Department",40,,40,,40,,100,"%",100,"%"
,,,,,,,,,,
"Montana",,,,,,,,,,
"Blackfeet Police Department",73,,73,,45,,162,"%",162,"%"
"Crow Police Department",12,,36,,14,,86,,257,
"Flathead Tribal Police Department",16,,22,,20,,80,,110,
"Fort Belknap Police Department",11,,26,,8,,138,,325,
"Fort Peck Indian Youth Services Center",17,,20,,16,,106,,125,
"Fort Peck Police Department",19,,30,,22,,86,,136,
"Northern Cheyenne Police Department",26,,45,,19,,137,,237,
"Rocky Boy Police Department",10,,12,,15,,67,,80,
"White Buffalo Youth Detention Center",31,,31,,24,,129,,129,
,,,,,,,,,,
"Nebraska",,,,,,,,,,
"Omaha Tribal Police Department",13,,25,,32,,41,"%",78,"%"
,,,,,,,,,,
"Nevada",,,,,,,,,,
"Owyhee Detention Facility",10,,17,,24,,42,"%",71,"%"
,,,,,,,,,,
"New Mexico",,,,,,,,,,
"Jicarilla Police Department",20,,24,,46,,44,"%",52,"%"
"Laguna Tribal Detention Facility",0,,25,,22,,0,,114,
"Mescalero Adult Detention Center",27,,42,,24,,113,,175,
"Navajo Department of Corrections-Crownpoint",26,,31,,14,,186,,221,
"Navajo Department of Corrections-Shiprock",39,,39,,25,,156,,156,
"Navajo Department of Corrections-Tohatchi Juvenile Center",8,,17,,14,,57,,121,
"Ramah Navajo Police Department",5,,12,,10,,50,,120,
"Taos Tribal Detention Center",17,,17,,8,,213,,213,
"Zuni Police Department",32,,49,,34,,94,,144,
,,,,,,,,,,
"North Dakota",,,,,,,,,,
"Fort Berthold Agency",4,,23,,8,,50,"%",288,"%"
"Fort Totten Municipal Center",30,,37,,34,,88,,109,
"Standing Rock Law Enforcement Center",34,,52,,50,,68,,104,
"Turtle Mountain Law Enforcement Center",30,,49,,30,,100,,163,
,,,,,,,,,,
"Oklahoma",,,,,,,,,,
"Sac and Fox Nation Juvenile Detention Facility",14,,30,,60,,23,"%",50,"%"
,,,,,,,,,,
"Oregon",,,,,,,,,,
"Chemawa Indian School",0,,0,,8,,0,"%",0,"%"
"Warm Springs Detention Center",53,,94,,51,,104,,184,
,,,,,,,,,,
"South Dakota",,,,,,,,,,
"Fort Thompson Jail",24,,24,,12,,200,"%",200,"%"
"Klyuska O'Tipi Reintegration Center",12,,14,,32,,38,,44,
"Medicine Root Detention Center",45,,80,,24,,188,,333,
"Pine Ridge Correctional Facility",168,,168,,22,,764,,764,
"Rosebud Sioux Tribe Law Enforcement",30,,60,,65,,46,,92,
"Sisseton-Wahpeton Sioux Tribal Law Enforcement Center",17,,21,,22,,77,,96,
"Walter Miner Law Enforcement Center-Juvenile",4,,17,,10,,40,,170,
"Walter Miner Law Enforcement Facility-Adult",37,,48,,45,,82,,107,
,,,,,,,,,,
"Utah",,,,,,,,,,
"Uintah-Ouray Detention Center",13,,17,,22,,59,"%",77,"%"
,,,,,,,,,,
"Washington",,,,,,,,,,
"Chehalis Tribal Police Department",1,,2,,8,,13,"%",25,"%"
"Makah Police Department",4,,4,,12,,33,,33,
"Puyallup Tribal Detention Facility",4,,8,,20,,20,,40,
"Quinault Police Department",3,,12,,12,,25,,100,
"Wellpinit BIA Law Enforcement Center",9,,12,,10,,90,,120,
"Yakama Police Department",22,,35,,50,,44,,70,
,,,,,,,,,,
"Wisconsin",,,,,,,,,,
"Menominee Tribal Jail",36,,41,,43,,84,"%",95,"%"
,,,,,,,,,,
"Wyoming",,,,,,,,,,
"Wind River Police Department",16,,33,,26,,62,"%",127,"%"
,,,,,,,,,,
"a/Adults and juveniles confined in jail facilities.",,,,,,,,,,
"b/Peak population is any day in the month of June in which the custody population of a facility was greatest.  ",,,,,,,,,,
"c/Rated capacity is the maximum number of beds or inmates assigned by a rating official to a facility.  Excludes ",,,,,,,,,,
"temporary holding areas.",,,,,,,,,,
"d/Population as a percent of capacity occupied is calculated by dividing the population count of a facility by its ",,,,,,,,,,
"rated capacity and multiplying by 100.",,,,,,,,,,
