"Bureau of Justice Statistics",,,
"filename: jic01h03.csv",,,
"highlights table 3: Planned changes to jails in Indian country",,,
"report title: Jails in Indian Country, 2001, NCJ 193400",,,
"data source: Survey of Jails in Indian Country, 2001",,,
"author: Todd D. Minton",,,
"refer questions to: askbjs@ojp.usdoj.gov (202) 307-0765",,,
"date of version: 05/09/02",,,
,,,
"Highlights table 3.  Planned changes to jails in Indian country",,,
,,,
"Planned changes",,,
"and funding status","Facilities",,"Beds"
,,,
"Funded plans*",,,
"   Adult",2,,129
"   Juvenile",9,,276
"   Both",5,,390
"       Net change",16,,623
,,,
"Other plans",17,,774
,,,
"*Includes facilities funded in part under the",,,
"Correctional Facilities on Tribal Lands Discretion-",,,
"ary Grant Program, administered by the Depart-",,,
"ment of Justice, Office of Justice Programs.",,,
