"Bureau of Justice Statistics",,,,
"filename: jic01a07.csv",,,,
"appendix table 7: Jails in Indian country under court order or consent decree to limit population or for other reasons, June 29, 2001",,,,
"report title: Jails in Indian Country, 2001, NCJ 193400",,,,
"data source: Survey of Jails in Indian Country, 2001",,,,
"author: Todd D. Minton",,,,
"refer questions to: askbjs@ojp.usdoj.gov (202) 307-0765",,,,
"date of version: 05/02/02",,,,
,,,,
"Appendix table 7.  Jails in Indian country under court order or consent decree ",,,,
"to limit population or for other reasons, June 29, 2001",,,,
,,,,
,"  Tribal, State, or Federal court order or consent decree",,,
,"Maximum",,,
,"capacity set by ",,,"Other conditions "
"State and facility","consent decree",,,"specified"
,,,,
"  Total",386,,,
,,,,
"Arizona",,,,
"Navajo Department of Corrections-Chinle",25,,,"(1) Detain in a humane condition (2) 36-hour holding only "
"Navajo Department of Corrections-Tuba City",34,,,"(1) Detain in a humane condition (2) One hour of exercise for inmates "
"Navajo Department of Corrections-Window Rock",95,,,"(1) Detain in a humane condition (2) Overcrowding"
"Pascua Yaqui Law Enforcement Center",4,,,"Separate adults and juveniles by sight and sound"
,,,,
"Minnesota",,,,
"Red Lake Law Enforcement Services",22,,,
,,,,
"Nebraska",,,,
"Omaha Tribal Police Department",32,,,
,,,,
"New Mexico",,,,
"Navajo Department of Corrections-Crownpoint",14,,,"Detain in a humane condition"
"Navajo Department of Corrections-Shiprock",32,,,"Detain in a humane condition"
,,,,
"North Dakota",,,,
"Fort Berthold Agency",9,,,"Overcrowding"
"Standing Rock Law Enforcement Center",50,,,
,,,,
"South Dakota",,,,
"Medicine Root Detention Center",33,,,"(1) Overcrowding (2) Public detoxification inmates must be released"
,,,,"after eight hours"
"Washington",,,,
"Wellpinit BIA Law Enforcement Center",10,,,"Overcrowding"
,,,,
"Wyoming",,,,
"Wind River Police Department",26,,,"Detain in a humane condition"
