"Bureau of Justice Statistics",,
"filename: jic0105.csv",,
"table 5: Court orders, consent decrees, and planned ",,
"changes for jails in Indian country",,
"report title: Jails in Indian Country, 2001, NCJ 193400",,
"data source: Survey of Jails in Indian Country, 2001",,
"author: Todd D. Minton",,
"refer questions to: askbjs@ojp.usdoj.gov (202) 307-0765",,
"date of version: 05/02/02",,
,,
"Table 5.  Court orders, consent decrees, and",,
"planned changes for jails in Indian country",,
,,
,"Number of",
" ","facilities",
,,
"Under court order/ ",,
"consent decree ",13,
,,
"Funded construction plans",16,
"  Add new facility",9,
"  Replace facility",5,
"  Expand capacity",1,
,,
"  Expected capacity increase",623,"beds"
,,
"Other plans*",17,
"  Capacity increase, if funded",774,"beds"
,,
"*Contstruction plans within the next 3 years",,
"that have received administrative approval, ",,
"even though necessary funds have not been ",,
"authorized.",,
