Bureau of Justice Statistics,,,,
Filename:  prmfdc0810f03.csv,,,,
"Figure 3. Defendants released at initial appearance and released after period of detention for cases disposed in federal district courts, by type of pretrial release, FY 2008�2010",,,,
"Report title: Pretrial Release and Misconduct in Federal District Courts, 2008-2010",,,,
"Data source: Administrative Office of the U.S. Courts, Office of Probation and Pretrial Services Automated Case Tracking System, 2008-2010",,,,
Author:  Thomas H. Cohen,,,,
Refer questions to:  askbjs@usdoj.gov   202-307-0765,,,,
"Date of version:  November 15, 2012",,,,
,,,,
"Figure 3. Defendants released at initial appearance and released after period of detention for cases disposed in federal district courts, by type of pretrial release, FY 2008�2010",,,,
Type of pretrial release,Released at initial appearance,,Released after period of detention,
All releases,66,%,34,%
Personal recognizance,72,,28,
Unsecured bond,72,,28,
Any financial release,53,,47,
Financial - surety bond,58,,42,
Financial - deposit bond,56,,44,
Financial - collateral bond,40,,60,
