Bureau of Justice Statistics,,
Filename:  prmfdc0810f02.csv,,
"Figure 2. Types of pretrial release for cases disposed in federal district courts, FY 2008�2010",,
"Report title: Pretrial Release and Misconduct in Federal District Courts, 2008-2010",,
"Data source: Administrative Office of the U.S. Courts, Office of Probation and Pretrial Services Automated Case Tracking System, 2008-2010",,
Author:  Thomas H. Cohen,,
Refer questions to:  askbjs@usdoj.gov   202-307-0765,,
"Date of version:  November 15, 2012",,
,,
"Figure 2. Types of pretrial release for cases disposed in federal district courts, FY 2008�2010",,
Type of pretrial release, Percent of released defendants,
Unsecured bond,39,%
Personal recognizance,32,
Deposit bond,12,
Surety bond,8,
Collateral bond,7,
Other release,2,
