"Bureau of Justice Statistics",,,,,,,,,
"filename: highlite.csv",,,,,,,,,
"Highlights",,,,,,,,,
"title: Carjackings in the United States, 1992-96, NCJ 171145",,,,,,,,,
"data source:  BJS, National crime victimization survey",,,,,,,,,
"author:  Patsy Klaus",,,,,,,,,
"refer questions to:  askbjs@ojp.usdoj.gov (202) 307-0765",,,,,,,,,
"date of version: 12/7/98",,,,,,,,,
,,,,,,,,,
,,,,,,,,,
,,,,,,,,,
,,,,,,,,,
,,,,,,"Highlights characteristics are incident weighted ",,,
,,,,,,,,,
,"Total","Completed Carjacking",,"Attempted Carjacking",,"Total persons 1992-96",,1068301719,
,,,,,,,,,
,,,,,,"Total incidents 1992-96",243933,122599,121334
"Number of incidents",48787,24520,,24267,,"Average annual incidents",48787,24520,24267
"Number of victimizations",53452,27710,,25742,,"Total victimizations 1992-96",267262,138550,128712
"Rate per 10000 persons",2.5,1.3,,1.2,,"Type of Weapon","Total","Completed","Attempted"
,,,,,,,"Number","Number","Number"
"Percent  ",100.0,100.0,,100.0,,"Total",243933,122600,121333
"No weapon used",16.8,8.3,"*",25.4,,"No Weapon",40901,10128,30773
"Total with weapon use",83.2,91.7,,74.6,,"Total with weapon(firearm,knife,total other,dk)",203032,112472,90560
"    Firearm",47.2,71.9,,22.1,"*","    Firearm",115075,88200,26875
"Total knife, other, dk",36.1,19.8,,52.5,,"    Knife",30780,12291,18489
"    Knife",12.6,10.0,,15.2,,"    Total other (other & type unkn)",32898,7099,25799
"    Total other",13.5,5.8,,21.3,,"    Other",30392,4593,25799
"    DK",10.0,4.0,,16.0,,"    Type unknown",2506,2506,0
,,,,,,"     DK",24279,4882,19397
"Percent Involving Injury",16.3,22.6,,10.0,,"Number injured 1992-96",39780,27647,12133
,,,,,,"   not injured",204153,94952,109201
"Percent Reported to Police",78.7,100.0,,57.1,,"Number reported to police1992-9",191894,122599,69295
,,,,,,"  not reported",52039,0,52039
,,,,,,"   total",243933,122599,121334
,,,,,,,,,
,," *Based upon fewer than 10 sample cases",,,,,,,
