"Bureau of Justice Statistics",,,,,,,,,,,,,,
"filename: injcj.csv",,,,,,,,,,,,,,
"Injuries in carjacking",,,,,,,,,,,,,,
"title: Carjackings in the United States, 1992-96, NCJ 171145",,,,,,,,,,,,,,
"data source:  BJS, National crime victimization survey",,,,,,,,,,,,,,
"author:  Patsy Klaus",,,,,,,,,,,,,,
"refer questions to:  askbjs@ojp.usdoj.gov (202) 307-0765",,,,,,,,,,,,,,
"date of version: 12/7/98",,,,,,,,,,,,,,
,,,,,,,,,,,,,,
,,,,,,,,,,,"Injury in highlights based upon incidents",,,
"Carjacking Injury Victimizations ",,,,,,,,,,,"Injury in this spreadsheet based upon victimizations",,,
,,,,,,,,,,,,,,
,"Total",,"Completed",,"Attempted",,,"Total","Completed","Attempted",,"Total","Completed","Attempted"
"Total Victimizations",100.0,,100.0,,100.0,,"Types of Injuries",100.0,100.0,100.0,"Types of Injuries",267262,138551,128711
"Not injured",83.7,,77.3,,90.6,,"Not injured",83.7,77.3,90.6,"Not injured",223687,107108,116579
"Serious injuries**",3.8,"*",5.3,"*",2.1,"*","Knife wound",0.9,1.8,0.0,"Knife wound****",2479,2479,0
"Minor injuries***",12.6,"*",17.4,"*",7.3,"*","Broken bones",1.9,1.6,2.1,"Broken bones",4949,2268,2681
,,,,,,,"Knocked unconscious",1.0,1.8,0.0,"Knocked unconscious",2548,2548,0
" *Based upon fewer than 10 sample cases",,,,,,,"Bruises/chipped teeth",10.5,15.8,4.8,"Bruises/chipped teeth",28008,21860,6148
,,,,,,,"Minor other injuries",2.1,1.7,2.6,"Minor other injuries",5591,2288,3303
"**Includes gunshot or knife wounds, broken bones,",,,,,,,,,,,,,,
"    internal injuries, loss of consciousness",,,,,,,,,,,"****There were no cases of gunshot wounds ",,,
,,,,,,,,,,,,,,
"***Includes bruises, chipped teeth and other",,,,,,,,,,,,,,
"   similar injuries",,,,,,,,,,,,,,
