"Bureau of Justice Statistics",,,,,,,,,
"filename: murcj.csv",,,,,,,,,
"Murder with auto theft for carjacking report",,,,,,,,,
"title: Carjackings in the United States, 1992-96, NCJ 171145",,,,,,,,,
"data source:  FBI, Uniform Crime Reports, Supplemental Homicide File",,,,,,,,,
"author:  Patsy Klaus",,,,,,,,,
"refer questions to:  askbjs@ojp.usdoj.gov (202) 307-0765",,,,,,,,,
"date of version: 12/7/98",,,,,,,,,
,,,,,,,,,
,,,,,,,,,
,,,,,,,,,
"Data were weighted to the full number of homicides reported to the Uniform Crime Reports",,,,,,,,,
,,,,,,,,,
,"Murder and auto theft , 1992-1996",,,,,,,,
,,,,,,,,,
,"Total","Stranger","Nonstanger","Unknown",,,,,
,,,,"relationship",,"Total","Stranger","Nonstanger","Unknown"
,,,,,,,,,
"Numbers",272,133,74,65,,,,,"relationship"
"Percent",100.0,100.0,100.0,100.0,"Total Numbers",272,133,74,65
"Age of victim",,,,,,,,,
"Under 12",1.5,3.0,0.0,0.0,"Under 12",4,4,0,0
"12 thru 15",1.8,1.5,2.7,1.5,"12 thru 15",5,2,2,1
"16 thru 20",15.8,17.3,17.6,10.8,"16 thru 20",43,23,13,7
"21 thru 24",16.2,18.8,13.5,13.8,"21 thru 24",44,25,10,9
"25 thru 34",25.7,31.6,20.3,20.0,"25 thru 34",70,42,15,13
"35 thru 49",18.4,17.3,20.3,18.5,"35 thru 49",50,23,15,12
"50 thru 64",11.4,5.3,14.9,20.0,"50 thru 64",31,7,11,13
"65 or more",9.2,5.3,10.8,15.4,"65 or more",25,7,8,10
