"Bureau of Justice Statistics",,,,,,,,,,,,
"filename: tb2cj.csv",,,,,,,,,,,,
"Table 2.  Self protective measures",,,,,,,,,,,,
"title: Carjackings in the United States, 1992-96, NCJ 171145",,,,,,,,,,,,
"data source:  BJS, National crime victimization survey",,,,,,,,,,,,
"author:  Patsy Klaus",,,,,,,,,,,,
"refer questions to:  askbjs@ojp.usdoj.gov (202) 307-0765",,,,,,,,,,,,
"date of version: 12/7/98",,,,,,,,,,,,
,,,,,,,,,,,,
,,,,,,,,,"Victims responses to carjacking victimizations, 1992-1996",,,
"Table 2.",,,,,,,,,"Uses fightoff1.lib recode",,,
"Self Protection measures used in carjacking victimizations",,,,,,,,,,,,
,"1992-1996",,,,,,,,,"Total",,
,,,,,,,,,"Numbers","Carjack","Completed","Attempted "
"Percent",,"Total Carjacking",,,"Completed",,"Attempted ",,,,,
,,,,,,,,,,,,
"Total",,100.0,,,100.0,,100.0,,"Total",267262,138550,128712
"No resistance",,38.1,,,67.6,,6.3,"*","No resistance",101739,93596,8143
"Threatened/attacked",,,,,,,,,"Threatened/attacked",,,
"  with weapon",,3.1,"*",,0.0,"*",6.5,"*","  with weapon",8348,0,8348
"Unarmed confrontational",,,,,,,,,"Unarmed confrontatational",,,
"   resistance**",,16.2,,,9.9,"*",22.9,,"   resistance**",43178,13756,29422
"Nonconfrontational",,,,,,,,,"Nonconfrontational",,,
"  actions***",,33.5,,,15.3,"*",53.2,,"   resistance***",89594,21141,68453
"Other",,9.1,"*",,7.3,"*",11.1,"*","Other",24403,10057,14346
,,,,,,,,,,,,
"  *Based upon fewer than 10 sample cases",,,,,,,,,"  *Based upon fewer than 10 sample cases",,,
,,,,,,,,,,,,
"  ** Includes  attacking offender, chasing or trying to capture",,,,,,,,,"  ** Includes  attacking offender, chasing or trying to capture",,,
"      offender and other similar methods",,,,,,,,,"      offender and other similar methods",,,
,,,,,,,,,,,,
"  ***Includes running away, calling for help, trying to get attention,",,,,,,,,,"  ***Includes running away, calling for help, trying to get attention,",,,
"    screaming and other similar methods",,,,,,,,,"    screaming and other similar methods",,,
