"Bureau of Justice Statistics",,,,,,,,,,
"filename: tb3cj.csv",,,,,,,,,,
"Table 3. Characteristics of carjacking offenders",,,,,,,,,,
"title: Carjackings in the United States, 1992-96, NCJ 171145",,,,,,,,,,
"data source:  BJS, National crime victimization survey",,,,,,,,,,
"author:  Patsy Klaus",,,,,,,,,,
"refer questions to:  askbjs@ojp.usdoj.gov (202) 307-0765",,,,,,,,,,
"date of version: 12/7/98",,,,,,,,,,
,,,,,,,,,,
"Table 3",,,,,,,,,,
"Carjacking By Number of Offenders",,,,,,,"Number","Carjacking by Number of Offenders",,
"Percent of Total Carjacking Incidents",,,,,,,"Incident weighted",,,
,"All nonfatal",,,,,,,,,
,"carjackings",,"Completed ",,"Attempted",,,"Total","Completed ","Attempted"
,,,,,,,,,,
"Total",100.0,,100.0,,100.0,,"Total",243932,122599,121333
"One offender",44.6,,42.1,,47.2,,"One offender",108856,51626,57230
"More than one offender total",55.4,,57.9,,52.8,,"More than one offender total",135076,70973,64103
"  Two",35.1,,44.6,,25.5,,"  Two",85614,54654,30960
"   Three or more",20.3,,13.3,"*",27.3,,"   Three or more",49462,16319,33143
,,,,,,,,,,
,,,,,,,"   Three",25181,7370,17811
,,,,,,,"   Four or more",24281,8949,15332
,,,,,,,,,,
"Characteristics of Single and Multiple Offenders Combined",,,,,,,"Characteristics of Single and Multiple Offenders Combined",,,
"Sex of Offender(s)",,,,,,,"Sex of Offenders",,,
,,,,,,,,,,
"Total",100.0,,100.0,,100.0,,"Total",243933,122599,121334
"All Male",96.7,,94.8,,98.7,,"All Male",235925,116207,119718
"All Female",0.0,"*",0.0,"*",0.0,"*","All Female",0,0,0
"Both male and female",3.3,"*",5.2,"*",1.3,"*","Both male and female",8008,6392,1616
"Dont know",0.0,"*",0.0,"*",0.0,"*",,,,
,,,,,,,,,,
"Race of Offender(s)",,,,,,,"Race of Offenders",,,
"Total",100.0,,100.0,,100.0,,"Total",243933,122600,121333
"White",19.1,,14.6,,23.6,,"White",46555,17917,28638
"Black",57.8,,60.2,,55.3,,"Black",140926,73854,67072
"Other**",16.4,,22.3,"*",10.3,"*","Other",39919,27366,12553
"More than one race",5.4,"*",2.8,"*",8.0,"*","More than one race",13230,3463,9767
,,,,,,,"Dont know",3303,0,3303
"  *Based upon fewer than 10 sample cases",,,,,,,,,,
,,,,,,,,,,
" ** Note:  Other races includes Asians and American ",,,,,,,,,,
"Indians.  Respondents also may have incorrectly classified",,,,,,,,,,
"       Hispanic offenders as belonging to ""other"" races",,,,,,,,,,
