"Bureau of Justice Statistics",,,,,,,,,,
"filename: tb4cj.csv",,,,,,,,,,
"Tb4.  Place of occurrence of carjacking ",,,,,,,,,,
"title: Carjackings in the United States, 1992-96, NCJ 171145",,,,,,,,,,
"data source:  BJS, National crime victimization survey",,,,,,,,,,
"author:  Patsy Klaus",,,,,,,,,,
"refer questions to:  askbjs@ojp.usdoj.gov (202) 307-0765",,,,,,,,,,
"date of version: 12/7/98",,,,,,,,,,
,,,,,,,"Based upon incident weight",,,
,,,,,,,,,,
"Table 4. Place of occurrence",,,,,,,"Place of Occurrence",243933,122599,121334
"Total",100.0,,100.0,,100.0,,"Total",,,
"At or near victims/or friends",,,,,,,"Total near victims or friends home",63452,31265,32187
"  or neighbors home",26.0,,25.5,,26.5,,"   At victims home",10365,10365,0
"Commercial place/parking lot**",20.3,,15.5,"*",25.1,,"   Near victims home",41632,18640,22992
"Open area/public transp.***",40.3,,45.9,,34.6,,"   Friends/neighbors home",11455,2260,9195
"Other",13.4,,13.1,"*",13.8,,"Total commercial place/parking lot",49510,19040,30470
,,,,,,,"   Commercial place,",5106,2517,2589
,,,,,,,"    Parking lot, garage",44404,16523,27881
,,,,,,,,,,
,,,,,,,"Total open area/pub transportation",98226,56273,41953
,,,,,,,"Total Other",32745,16021,16724
,,,,,,,"    Other",28318,16021,12297
,,,,,,,"    School",4427,0,4427
,,,,,,,,,,
"Distance from home",,,,,,,"Distance from home",,,
"Total",100.0,,100.0,,100.0,,"Total",243933,122599,121334
"At/near home",21.8,,24.7,,18.9,"*","At/near home",53256,30264,22992
"One mile or less",22.4,,26.6,"*",18.1,"*","One mile or less",54606,32645,21961
"Five miles or less",20.9,,16.1,"*",25.8,,"Five miles or less",51010,19732,31278
"Fifty miles or less",29.5,,30.0,,29.1,,"Fifty miles or less",72015,36758,35257
"More than 50 miles",5.3,"*",2.6,"*",8.1,"*","More than 50 miles",13046,3200,9846
,,,,,,,,,,
"  * Based upon fewer than 10 sample cases",,,,,,,,,,
"  **Includes stores, gas stations, office buildings, restaurants and other commercial",,,,,,,,,,
"   places",,,,,,,,,,
" ***Includes on the street (other than in front of own or neighbors or friends home),",,,,,,,,,,
"    parks, and public transportation such as bus or train station or airport",,,,,,,,,,
,,,,,,,,,,
"Note:  Based upon NCVS data.  Does not include carjackings",,,,,,,,,,
"involving murder.",,,,,,,,,,
