"Bureau of Justice Statistics",,,,,,,,,,,,,,
"filename: treatcj.csv",,,,,,,,,,,,,,
"Type of medical treatment received by carjacking victims",,,,,,,,,,,,,,
"title: Carjackings in the United States, 1992-96, NCJ 171145",,,,,,,,,,,,,,
"data source:  BJS, National crime victimization survey",,,,,,,,,,,,,,
"author:  Patsy Klaus",,,,,,,,,,,,,,
"refer questions to:  askbjs@ojp.usdoj.gov (202) 307-0765",,,,,,,,,,,,,,
"date of version: 12/7/98",,,,,,,,,,,,,,
,,,,,,,,,,,,,,
,,,,,,,,,,,,,,
"Type of treatment received by carjacking victims",,,,,,,,,,,"Based upon victimizations",,,
" ",,,,,,,,,,,,,,
,"Percent",,"Percent",,"Percent",,,,,,"Numbers 1992-96",,,
,"Total ",,"Completed",,"Attempted",,,"Total","Completed","Attempted",,"Total","Completed","Attempted"
"Total",100.0,,100.0,,100.0,,"Total",100.0,100.0,100.0,"Total",267263,138551,128712
,,,,,,,,,,,,,,
"Not injured",83.7,,77.3,,90.6,,"Not injured",83.7,77.3,90.6,"Not injured",223687,107108,116579
"Not treated",2.7,"*",3.3,"*",2.1,"*","Not treated",2.7,3.3,2.1,"Not treated",7255,4519,2736
"Treated outside",,,5.6,"*",2.7,"*","Treated at scene",3.0,3.4,2.7,"Treated at scene",8066,4653,3413
"  hospital",4.1,"*",,,,,"At doctors office",1.1,2.2,0.0,"At doctors office",3042,3042,0
"Hospital er & released",9.4,"*",13.9,"*",4.6,"*","Hospital er & released",9.4,13.9,4.6,"Hospital er & released",25213,19229,5984
"Hospitalized",0.0,"*",0.0,"*",0.0,"*","Hospitalized",0.0,0.0,0.0,"Hospitalized",0,0,0
,,,,,,,,,,,,,,
"   *Based upon fewer than 10 sample cases",,,,,,,,,,,,,,
