Bureau of Justice Statistics,,,,,,
Filename: aianlj9914f03,,,,,,
"Figure 3. American Indian and Alaska Natives in local jails, by region, 1999, 2005, and 2013",,,,,,
"Report title: American Indian and Alaska Natives in Local Jails, 1999-2014",,,,,,
"Data source: Bureau of Justice Statistics, Census of Jails, midyear 1999; Census of Jail Inmates, midyear 2005; and Deaths in Custody Reporting Program, Annual Summary on Inmates Under Jail Jurisdiction, yearend 2013",,,,,,
"Authors: Todd D. Minton, BJS Statistician,  Susan Brumbaugh and Harley Rohloff, RTI International",,,,,,
Refer questions to: askbjs@usdoj.gov 202-307-0765,,,,,,
Date of release: 09/7/2017,,,,,,
,,,,,,
"Figure 3. American Indian and Alaska Natives in local jails, by region, 1999, 2005, and 2013",,,,,,
,,,,,,
Region and jurisdiction,1999,,2005,,2013,
Northeast,3,%,3,%,2,%
South,14,%,16,%,16,%
Midwest,28,%,26,%,28,%
West,55,%,54,%,53,%
"Source: Bureau of Justice Statistics, Census of Jails, midyear 1999; Census of Jail Inmates, midyear 2005; and Deaths in Custody Reporting Program, Annual Summary on Inmates Under Jail Jurisdiction, yearend 2013.",,,,,,
