"Bureau of Justice Statistics",,,,,,,,,,,,,,,,
"Filename: cjusea28.csv",,,,,,,,,,,,,,,,
"Table #:  Appendix tables 28 & 29",,,,,,,,,,,,,,,,
"Report title: Crime and Justice in the United States and in England and Wales, 1981-96",,,,,,,,,,,,,,,,
"Data sources:  Victim survey, police, courts, and corrections data",,,,,,,,,,,,,,,,
"Author: Patrick Langan (202) 616-3490 and David Farrington",,,,,,,,,,,,,,,,
"Patrick Langan's e-mail: langanp@ojp.usdoj.gov",,,,,,,,,,,,,,,,
"Date of version: 12/98",,,,,,,,,,,,,,,,
,,,,,,,,,,,,,,,,
"English murder","    1981","    1982","    1983","    1984","    1985","    1986","    1987","    1988","    1989","    1990","    1991","    1992","    1993","    1994","    1995","    1996"
,,,,,,,,,,,,,,,,
"Number of police-recorded offenses",559,618,550,621,618,661,688,624,641,669,725,687,670,726,745,681
,,,,,,,,,,,,,,,,
"Population (in thousands)",49634,49613,49681,49810,49991,50162,50321,50487,50678,50870,51100,51277,51439,51621,51820,52010
,,,,,,,,,,,,,,,,
"Police-recorded crime rate per 1,000 population",0.0113,0.0125,0.0111,0.0125,0.0124,0.0132,0.0137,0.0124,0.0126,0.0132,0.0142,0.0134,0.0130,0.0141,0.0144,0.0131
,,,,,,,,,,,,,,,,
"Number of offenders per offense",1.1,,1.1,,,,1.1,,,,1.1,,1.1,,1.1,1.1
,,,,,,,,,,,,,,,,
"Offender population",615,,605,,,,757,,,,798,,737,,820,749
,,,,,,,,,,,,,,,,
"Number of offenders convicted",388,,389,,,,432,,,,448,,466,,455,
,,,,,,,,,,,,,,,,
"Population ages 10 or older (in thousands)",43432,,43637,,,,43996,,,,44446,,44690,,45031,
,,,,,,,,,,,,,,,,
"Number convicted per 1,000 population ages 10 or older",0.0089,,0.0089,,,,0.0098,,,,0.0101,,0.0104,,0.0101,
,,,,,,,,,,,,,,,,
"Number of offenders per conviction",1.6,,1.6,,,,1.8,,,,1.8,,1.6,,1.8,
,,,,,,,,,,,,,,,,
"Probability of an offender being convicted",0.631,,0.643,,,,0.571,,,,0.562,,0.632,,0.555,
,,,,,,,,,,,,,,,,
"Number of convictions per 1,000 offenders",631,,643,,,,571,,,,562,,632,,555,
,,,,,,,,,,,,,,,,
"Number of offenders sentenced to incarceration",328,,338,,,,400,,,,398,,432,,429,
,,,,,,,,,,,,,,,,
"Number incarcerated per 1,000 population ages 10 or older",0.008,,0.008,,,,0.009,,,,0.009,,0.010,,0.010,
,,,,,,,,,,,,,,,,
"Percent of convicted offenders who were incarcerated",84.5%,,86.9%,,,,92.6%,,,,88.8%,,92.7%,,94.3%,
,,,,,,,,,,,,,,,,
"Probability of an offender being incarcerated",0.533,,0.559,,,,0.529,,,,0.499,,0.586,,0.523,
,,,,,,,,,,,,,,,,
"Number incarcerated per 1,000 offenders",533.4,,558.7,,,,528.5,,,,499.1,,586.2,,523.5,
,,,,,,,,,,,,,,,,
"Incarceration sentence length (in months)",154.5,,149.9,,,,144.7,,,,216.6,,228.0,,229.9,
,,,,,,,,,,,,,,,,
"Time served before being released (in months)",68.8,,63.7,,,,65.8,,,,95.2,,105.1,,99.8,
,,,,,,,,,,,,,,,,
"Percent of incarceration sentence served",44.5%,,42.5%,,,,45.5%,,,,44.0%,,46.1%,,43.4%,
,,,,,,,,,,,,,,,,
"Number of days served per offender",1117.0,,1083.2,,,,1058.6,,,,1446.1,,1875.1,,1590.2,
,,,,,,,,,,,,,,,,
"Number of months served per offender",36.7,,35.6,,,,34.8,,,,47.5,,61.6,,52.2,
