"Bureau of Justice Statistics",,,,,,,,,,,,,,,,
"Filename: cjusea30.csv",,,,,,,,,,,,,,,,
"Table #:  Appendix tables 30 & 31",,,,,,,,,,,,,,,,
"Report title: Crime and Justice in the United States and in England and Wales, 1981-96",,,,,,,,,,,,,,,,
"Data sources:  Victim survey, police, courts, and corrections data",,,,,,,,,,,,,,,,
"Author: Patrick Langan (202) 616-3490 and David Farrington",,,,,,,,,,,,,,,,
"Patrick Langan's e-mail: langanp@ojp.usdoj.gov",,,,,,,,,,,,,,,,
"Date of version: 12/98",,,,,,,,,,,,,,,,
,,,,,,,,,,,,,,,,
"English rape","    1981","    1982","    1983","    1984","    1985","    1986","    1987","    1988","    1989","    1990","    1991","    1992","    1993","    1994","    1995","    1996"
,,,,,,,,,,,,,,,,
"Number of police-recorded offenses",1068,1336,1334,1433,1842,2288,2471,2855,3305,3391,4045,4142,4589,5032,4986,5759
,,,,,,,,,,,,,,,,
"Female population (in thousands)",25474,25466,25491,25540,25621,25706,25775,25846,25928,25998,26104,26178,26241,26317,26387,26453
,,,,,,,,,,,,,,,,
"Police-recorded crime rate per 1,000 female population",0.0419,0.0525,0.0523,0.0561,0.0719,0.0890,0.0959,0.1105,0.1275,0.1304,0.1550,0.1582,0.1749,0.1912,0.1890,0.2177
,,,,,,,,,,,,,,,,
"Number of offenders per offense",1.1,,1.1,,,,1.1,,,,1.1,,1.1,,1.1,1.1
,,,,,,,,,,,,,,,,
"Offender population",1175,,1467,,,,2718,,,,4450,,5048,,5485,6335
,,,,,,,,,,,,,,,,
"Number of offenders convicted",320,,312,,,,425,,,,537,,464,,547,
,,,,,,,,,,,,,,,,
"Male population ages 10 or older (in thousands)",20976,,21086,,,,21299,,,,21578,,21737,,21952,
,,,,,,,,,,,,,,,,
"Number convicted per 1,000 male population ages 10 or older",0.0153,,0.0148,,,,0.0200,,,,0.0249,,0.0213,,0.0249,
,,,,,,,,,,,,,,,,
"Number of offenders per conviction",3.7,,4.7,,,,6.4,,,,8.3,,10.9,,10.0,
,,,,,,,,,,,,,,,,
"Probability of an offender being convicted",0.272,,0.213,,,,0.156,,,,0.121,,0.092,,0.100,
,,,,,,,,,,,,,,,,
"Number of convictions per 1,000 offenders",272,,213,,,,156,,,,121,,92,,100,
,,,,,,,,,,,,,,,,
"Number of offenders sentenced to incarceration",288,,296,,,,408,,,,511,,437,,517,
,,,,,,,,,,,,,,,,
"Number incarcerated per 1,000 male population ages 10 or older",0.014,,0.014,,,,0.019,,,,0.024,,0.020,,0.024,
,,,,,,,,,,,,,,,,
"Percent of convicted offenders who were incarcerated",90.0%,,94.9%,,,,96.0%,,,,95.2%,,94.2%,,94.5%,
,,,,,,,,,,,,,,,,
"Probability of an offender being incarcerated",0.245,,0.202,,,,0.150,,,,0.115,,0.087,,0.094,
,,,,,,,,,,,,,,,,
"Number incarcerated per 1,000 offenders",245.1,,201.7,,,,150.1,,,,114.8,,86.6,,94.3,
,,,,,,,,,,,,,,,,
"Incarceration sentence length (in months)",40.1,,41.6,,,,52.0,,,,58.0,,70.2,,77,
,,,,,,,,,,,,,,,,
"Time served before being released (in months)",20.3,,20.5,,,,27.2,,,,29.5,,35.7,,44.2,
,,,,,,,,,,,,,,,,
"Percent of incarceration sentence served",50.6%,,49.3%,,,,52.3%,,,,50.9%,,50.9%,,57.4%,
,,,,,,,,,,,,,,,,
"Number of days served per offender",151.5,,125.9,,,,124.3,,,,103.1,,94.1,,126.8,
,,,,,,,,,,,,,,,,
"Number of months served per offender",5.0,,4.1,,,,4.1,,,,3.4,,3.1,,4.2,
