"Bureau of Justice Statistics",,,,,,,,,,,,,,,,
"Filename: cjusea36.csv",,,,,,,,,,,,,,,,
"Table #:  Appendix tables 36 & 37",,,,,,,,,,,,,,,,
"Report title: Crime and Justice in the United States and in England and Wales, 1981-96",,,,,,,,,,,,,,,,
"Data sources:  Victim survey, police, courts, and corrections data",,,,,,,,,,,,,,,,
"Author: Patrick Langan (202) 616-3490 and David Farrington",,,,,,,,,,,,,,,,
"Patrick Langan's e-mail: langanp@ojp.usdoj.gov",,,,,,,,,,,,,,,,
"Date of version: 12/98",,,,,,,,,,,,,,,,
,,,,,,,,,,,,,,,,
"English burglary","    1981","    1982","    1983","    1984","    1985","    1986","    1987","    1988","    1989","    1990","    1991","    1992","    1993","    1994","    1995","    1996"
,,,,,,,,,,,,,,,,
"Victim survey offenses",749861,,914480,,,,1185689,,,,1372136,,1775664,,1754057,
,,,,,,,,,,,,,,,,
"Number of households (in thousands)",18334,,18587,,,,19374,,,,20238,,20768,,21159,
,,,,,,,,,,,,,,,,
"Survey crime rate per 1,000 households",40.90,,49.20,,,,61.20,,,,67.80,,85.50,,82.90,
,,,,,,,,,,,,,,,,
"Number of offenders per offense",1.8,,1.8,,,,1.8,,,,1.8,,1.8,,1.8,
,,,,,,,,,,,,,,,,
"Percent of offenses reported to police",66.2%,,67.8%,,,,62.8%,,,,73.0%,,69.0%,,66.3%,
,,,,,,,,,,,,,,,,
"Number of offenses reported to police",496408,,620017,,,,744613,,,,1001659,,1225208,,1162940,
,,,,,,,,,,,,,,,,
"Number of comparable offenses recorded by police",349692,,432039,,,,483001,,,,624946,,727276,,643645,
,,,,,,,,,,,,,,,,
"Probability of an offense being recorded by police",0.466,,0.472,,,,0.407,,,,0.455,,0.410,,0.367,
,,,,,,,,,,,,,,,,
"Percent of reported offenses that were recorded by police",70.4%,,69.7%,,,,64.9%,,,,62.4%,,59.4%,,55.3%,
,,,,,,,,,,,,,,,,
"Number of police-recorded offenses",718381,805389,808341,892923,866697,931620,900104,817792,825930,1006813,1219464,1355274,1369584,1256682,1239484,1164583
,,,,,,,,,,,,,,,,
"Population (in thousands)",49634,49613,49681,49810,49991,50162,50321,50487,50678,50870,51100,51277,51439,51621,51820,52010
,,,,,,,,,,,,,,,,
"Police-recorded crime rate per 1,000 population",14.474,16.233,16.271,17.927,17.337,18.572,17.887,16.198,16.298,19.792,23.864,26.430,26.625,24.344,23.919,22.392
,,,,,,,,,,,,,,,,
"Number of offenders convicted",73469,,69672,,,,54170,,,,46089,,40272,,35346,
,,,,,,,,,,,,,,,,
"Population ages 10 or older (in thousands)",43432,,43637,,,,43996,,,,44446,,44690,,45031,
,,,,,,,,,,,,,,,,
"Number convicted per 1,000 population ages 10 or older",1.692,,1.597,,,,1.231,,,,1.037,,0.901,,0.785,
,,,,,,,,,,,,,,,,
"Offender population",2772825,,3079771,,,,3977296,,,,4819435,,6018977,,6080100,
,,,,,,,,,,,,,,,,
"Number of offenders per conviction",37.7,,44.2,,,,73.4,,,,104.6,,149.5,,172.0,
,,,,,,,,,,,,,,,,
"Probability of an offender being convicted",0.027,,0.023,,,,0.014,,,,0.010,,0.007,,0.006,
,,,,,,,,,,,,,,,,
"Number of convictions per 1,000 offenders",27,,23,,,,14,,,,10,,7,,6,
,,,,,,,,,,,,,,,,
"Number of offenders sentenced to incarceration",21309,,23153,,,,18835,,,,12894,,11899,,13497,
,,,,,,,,,,,,,,,,
"Number incarcerated per 1,000 population ages 10 or older",0.491,,0.531,,,,0.428,,,,0.290,,0.266,,0.300,
,,,,,,,,,,,,,,,,
"Percent of convicted offenders who were incarcerated",29.0%,,33.2%,,,,34.8%,,,,28.0%,,29.5%,,38.2%,
,,,,,,,,,,,,,,,,
"Probability of an offender being incarcerated",0.008,,0.008,,,,0.005,,,,0.003,,0.002,,0.002,
,,,,,,,,,,,,,,,,
"Number incarcerated per 1,000 offenders",7.8,,7.6,,,,4.8,,,,2.7,,2.0,,2.2,
,,,,,,,,,,,,,,,,
"Incarceration sentence length (in months)",10.9,,11.3,,,,15.1,,,,17.2,,15.5,,14.9,
,,,,,,,,,,,,,,,,
"Time served before being released (in months)",6.3,,5.8,,,,6.6,,,,7.9,,7.2,,6.5,
,,,,,,,,,,,,,,,,
"Percent of incarceration sentence served",57.8%,,51.3%,,,,43.7%,,,,45.9%,,46.5%,,43.6%,
,,,,,,,,,,,,,,,,
"Number of days served per offender",1.5,,1.3,,,,1.0,,,,0.6,,0.4,,0.4,
