Bureau of Justice Statistics,,,,,,,,,,,,,,,,,
filename:  ncrp0705.csv,,,,,,,,,,,,,,,,,
"Table 5. Parole violators returned to state prison, 2007:  Offense, by sex, race, and Hispanic origin",,,,,,,,,,,,,,,,,
"data source:  National Corrections Reporting Program, 2007",,,,,,,,,,,,,,,,,
author:  Tom Bonczar ,,,,,,,,,,,,,,,,,
refer questions to:  askbjs@usdoj.gov      202-307-0765,,,,,,,,,,,,,,,,,
date of version 11/3/10,,,,,,,,,,,,,,,,,
,,,,,,,,,,,,,,,,,
"Table 5. Parole violators returned to state prison, 2007:  Offense, by sex, race, and Hispanic origin",,,,,,,,,,,,,,,,,
 ,,,,Parole violators returned to state prison,,,,,,,,,,,,,
Most serious offense,,,,    All,,      Male, ,   Female,,White\1,,Black\1,,Other\2,,Hispanic origin\3,
,All offenses,,,100,%,100,%,100,%,100,%,100,%,100,%,100,%
Violent offenses,,,,24.2,%,25.2,%,12.4,%,21.1,%,26,%,31.7,%,26,%
,Homicide,,,1.4,,1.5,,1,,1.2,,1.9,,1.6,,1.2,
,,Murder/nonnegligent manslaughter,,1,,1.1,,0.5,,0.6,,1.5,,0.7,,0.9,
,,,Murder,0.7,,0.8,,0.3,,0.5,,1.1,,0.5,,0.6,
,,,Nonnegligent manslaughter,0.3,,0.3,,0.2,,0.2,,0.4,,0.2,,0.3,
,,Negligent manslaughter,,0.4,,0.4,,0.4,,0.5,,0.4,,0.9,,0.3,
,,Unspecified homicide,,0,*,0,*,0,*,0,*,0,*,0,*,0,*
,Kidnapping,,,0.5,,0.6,,0.3,,0.5,,0.5,,0.9,,0.6,
,Rape,,,1,,1.1,,0.1,,1.1,,1.2,,1.3,,0.6,
,Other sexual assault,,,3.2,,3.5,,0.4,,3.9,,2.5,,5.4,,3.5,
,Robbery,,,7.3,,7.6,,3.9,,4.7,,10.8,,4.8,,6.2,
,Assault,,,9.1,,9.5,,5,,8.2,,7.8,,15,,11.8,
,Other violent,,,1.6,,1.6,,1.7,,1.6,,1.3,,2.7,,2,
Property offenses,,,,32.9,%,32.2,%,41.6,%,39.6,%,26.4,%,29.9,%,31,%
,Burglary,,,12.1,,12.4,,8.4,,14.7,,10.6,,10.7,,9.9,
,Larceny ,,,7.4,,7,,12,,8,,7.2,,6.4,,6.3,
,Motor vehicle theft,,,5.5,,5.5,,5.1,,5.8,,2.8,,5.4,,8.6,
,Arson,,,0.3,,0.3,,0.4,,0.5,,0.2,,0.6,,0.2,
,Fraud,,,4,,3.3,,12,,5.9,,3,,3.7,,2.4,
,Stolen property,,,2.8,,2.8,,3.2,,3.5,,1.9,,2,,3,
,Other property,,,0.8,,0.9,,0.5,,1.2,,0.6,,1.1,,0.6,
Drug offenses,,,,31.6,%,30.9,%,39.1,%,26.8,%,38.8,%,18,%,30.2,%
,Possession,,,10.3,,10,,13.9,,12.2,,7.5,,9,,11.8,
,Trafficking,,,14.4,,14.4,,14.6,,9.8,,21,,6.5,,12.9,
,Other/unspecified drug,,,6.9,,6.5,,10.7,,4.8,,10.3,,2.5,,5.4,
Public-order offenses,,,,10.7,%,11.1,%,6.1,%,11.7,%,8.1,%,20.1,%,12.3,%
,Weapons,,,4.2,,4.5,,1.2,,2.9,,3.9,,3.8,,6.7,
,Driving while intoxicated,,,2.1,,2.2,,1.5,,3.5,,0.6,,7.1,,2.2,
,Other public-order,,,4.3,,4.4,,3.5,,5.4,,3.6,,9.2,,3.4,
Other offenses,,,,0.6,%,0.6,%,0.8,%,0.8,%,0.6,%,0.3,%,0.4,%
,Number of admissions,,,"160,486",,"147,299",,"13,187",,"61,521",,"59,740",,"2,887",,"38,208",
Detail may not add to total because of rounding.,,,,,,,,,,,,,,,,,
*Less than 0.05%.,,,,,,,,,,,,,,,,,
1\Includes persons of Hispanic origin.,,,,,,,,,,,,,,,,,
"2\Includes American Indians/Alaskan Natives, Asians, Native Hawaiians, or other Pacific Islanders.",,,,,,,,,,,,,,,,,
3\Includes persons of all races.,,,,,,,,,,,,,,,,,
