Bureau of Justice Statistics,,,,,,,,,,,,,,,
filename:  ncrp0703.csv,,,,,,,,,,,,,,,
"Table 3. Parole violators returned to state prison, 2007:  Offense, by age at admission",,,,,,,,,,,,,,,
"data source:  National Corrections Reporting Program, 2007",,,,,,,,,,,,,,,
author:  Tom Bonczar ,,,,,,,,,,,,,,,
refer questions to:  askbjs@usdoj.gov      202-307-0765,,,,,,,,,,,,,,,
date of version 11/3/10,,,,,,,,,,,,,,,
,,,,,,,,,,,,,,,
"Table 3. Parole violators returned to state prison, 2007:  Offense, by age at admission",,,,,,,,,,,,,,,
,,,,,,,,,,,,,,,
Most serious offense,,,,18-24,,25-29,,30-34,,35-44,,45-54,,55 or older,
,All offenses,,,100,%,100,%,100,%,100,%,100,%,100,%
Violent offenses,,,,24.9,%,25.9,%,25.1,%,22.5,%,22.6,%,30.3,%
,Homicide,,,0.6,,1.2,,1.7,,1.4,,1.7,,3.6,
,,Murder/nonnegligent manslaughter,,0.3,,0.8,,1.2,,1,,1.3,,2.8,
,,,Murder,0.2,,0.5,,0.7,,0.7,,1,,2.3,
,,,Nonnegligent manslaughter,0.1,,0.2,,0.4,,0.3,,0.3,,0.5,
,,Negligent manslaughter,,0.2,,0.4,,0.4,,0.4,,0.4,,0.7,
,,Unspecified homicide,,0,*,0,*,0,*,0,*,0,*,0.1,
,Kidnapping,,,0.5,,0.5,,0.5,,0.6,,0.6,,0.6,
,Rape,,,0.5,,0.7,,0.9,,1,,1.5,,2.6,
,Other sexual assault,,,2.4,,3,,2.6,,3,,4.2,,9.7,
,Robbery,,,9.1,,8,,7.4,,6.5,,6,,5.6,
,Assault,,,10.3,,10.6,,10.2,,8.5,,7.3,,6.9,
,Other violent,,,1.5,,1.9,,1.9,,1.5,,1.3,,1.3,
Property offenses,,,,38.4,%,33,%,31,%,33,%,31.8,%,27,%
,Burglary,,,14.6,,12.2,,10.5,,11.8,,11.8,,9.4,
,Larceny ,,,5.6,,5.4,,6,,8.3,,10.4,,10.3,
,Motor vehicle theft,,,9.7,,7.3,,5.9,,4.5,,2.8,,1.3,
,Arson,,,0.3,,0.3,,0.3,,0.3,,0.3,,0.7,
,Fraud,,,3,,3.5,,4.5,,4.7,,3.9,,3.5,
,Stolen property,,,3.4,,3.3,,3,,2.8,,2.1,,1.3,
,Other property,,,1.8,,1,,0.8,,0.6,,0.5,,0.4,
Drug offenses,,,,24.4,%,29.7,%,32.5,%,33.6,%,34.8,%,31.7,%
,Possession,,,8.8,,10.2,,11.3,,10.9,,9.6,,7.2,
,Trafficking,,,11.4,,13.9,,15.2,,15.3,,15.2,,14,
,Other/unspecified drug,,,4.2,,5.5,,6.1,,7.4,,10.1,,10.5,
Public-order offenses,,,,11.5,%,10.6,%,10.7,%,10.5,%,10.4,%,10.5,%
,Weapons,,,7.3,,5.8,,4.6,,3.1,,2.3,,2.1,
,Driving while intoxicated,,,0.3,,1,,1.7,,2.6,,3.6,,4,
,Other public-order,,,3.9,,3.9,,4.4,,4.7,,4.5,,4.4,
Other offenses,,,,0.9,%,0.7,%,0.7,%,0.5,%,0.5,%,0.6,%
,Number of admissions,,,"20,548",,"32,118",,"24,297",,"49,428",,"26,884",,"4,979",
Detail may not add to total because of rounding.,,,,,,,,,,,,,,,
*Less than 0.05%.,,,,,,,,,,,,,,,
,,,,,,,,,,,,,,,
,,,,,,,,,,,,,,,
 ,,,,,,,,,,,,,,,
