"Bureau of Justice Statistics",,,,
"filename:  jvpd97hi.csv",,,,
"highlight.  Percent of justice expenditure: state share vs. local share",,,,
"report title:  Justice Variable Passthrough Data, 1997, NCJ 190359",,,,
"data source:  Justice Assistance Data Survey (JADS)",,,,
"author:  Sidra Lea Gifford",,,,
"refer questions to:  askbjs@ojp.usdoj.gov  (202) 307-0765",,,,
"date of version:  10/29/01",,,,
,,,,
"Highlight.  Percent of justice expenditure: state share vs. local share",,,,
,,,,
"Year","State share",,"Local share",
,,,,
1971,28.9,"%",71.1,"%"
1972,29.4,,70.6,
1973,29.4,,70.6,
1974,31.3,,68.7,
1975,32.2,,67.8,
1976,33.7,,66.3,
1977,34.3,,65.7,
1978,35.5,,64.5,
1979,36.9,,63.1,
1980,,,,
1981,,,,
1982,,,,
1983,,,,
1984,,,,
1985,40.4,,59.6,
1986,,,,
1987,,,,
1988,40.6,,59.4,
1989,,,,
1990,42.6,,57.4,
1991,,,,
1992,,,,
1993,,,,
1994,,,,
1995,,,,
1996,,,,
1997,40.8,,59.2,
,,,,
"Note:  Years without data indicate that the survey was not conducted.  ",,,,
"These years were interpolated on the trend graph.",,,,
