"Bureau of Justice Statistics",,,,,,,,,,
"filename: lemas00t6b.csv",,,,,,,,,,
"Table 6b.  Starting salaries, collective bargaining, and special pay in State law enforcement agencies, 2000",,,,,,,,,,
"Report title: Law Enforcement Management and Administrative Statistics, 2000:  Data for Individual State and Local Agencies with 100 or More Officers  NCJ 203350",,,,,,,,,,
"data source: 2000 LEMAS survey",,,,,,,,,,
"authors:  Brian A. Reaves and Matthew J. Hickman",,,,,,,,,,
"refer questions to: askbjs@ojp.usdoj.gov (202)307-0765",,,,,,,,,,
"date of version:  3/02/04",,,,,,,,,,
,,,,,,,,,,
"Table 6b.  Starting salaries, collective bargaining, and special pay in State law enforcement agencies, 2000",,,,,,,,,,
,,,,,,,,,,
,"Base annual starting salary",,,,"Collective bargaining for employees",,"Types of special pay authorized for officers",,,
"Name of agency","Chief or sheriff","Sergeant","Entry-level officer",,"Sworn","Civilian","Hazardous duty","Merit/performance","Shift differential","Special skills"
,,,,,,,,,,
"Alabama Department of Public Safety",$72659,$31366,$25776,,"-","-","-","-","-","-"
"Alaska State Troopers",$70200,$62944,$45696,,"X","X","X","X","X","X"
"Arizona Department of Public Safety",$117300,$50718,$34646,,"-","-","-","-","-","-"
"Arkansas State Police",$79520,$28289,$23443,,"-","-","-","X","-","-"
"California Highway Patrol",$117960,$51804,$42600,,"X","X","-","X","X","X"
"Colorado State Patrol",$75288,$42720,$32760,,"-","-","-","X","-","X"
"Connecticut State Police",$107682,$55322,$31243,,"X","X","X","X","X","-"
"Delaware State Police",$106664,$54375,$36546,,"X","-","X","-","X","-"
"Florida Highway Patrol",$56484,$26084,$21063,,"X","X","-","-","-","-"
"Georgia State Patrol",$111774,$35034,$27570,,"-","-","-","X","-","X"
,,,,,,,,,,
"Idaho State Police",$78000,$46000,$32600,,"-","-","-","X","X","-"
"Illinois State Police",$106000,$58136,$35700,,"X","X","-","-","-","-"
"Indiana State Police",$78258,$33758,$28804,,"-","X","-","-","-","-"
"Iowa State Patrol",$72904,$40331,$33883,,"X","X","-","-","X","-"
"Kansas Highway Patrol",$77251,$34860,$26020,,"X","-","-","-","X","-"
"Kentucky State Police",$91000,$41000,$29000,,"-","-","X","-","-","-"
"Louisiana State Police",$81120,$27900,$22716,,"-","-","X","X","-","-"
"Maine State Police",$70200,$31125,$25600,,"X","X","X","X","X","-"
"Maryland State Police",$116000,$41661,$33682,,"X","X","-","-","X","-"
"Massachusetts State Police",$109937,$50789,$37552,,"X","X","-","-","X","-"
,,,,,,,,,,
"Michigan State Police",$114000,$50718,$29670,,"X","-","X","-","X","-"
"Minnesota State Patrol",$78258,$52158,$38252,,"X","X","-","-","X","X"
"Mississippi Highway Safety Patrol",$70000,$30446,$23976,,"-","-","-","-","-","X"
"Missouri State Highway Patrol",$50472,$38628,$27792,,"-","-","-","-","-","-"
"Montana Highway Patrol",$40000,$31000,$23000,,"X","X","-","-","-","-"
"Nebraska State Patrol",$68865,$36608,$28488,,"X","X","X","-","-","X"
"Nevada Highway Patrol",$54413,$36393,$33387,,"-","-","X","X","X","X"
"New Hampshire State Police",$57725,$40591,$30410,,"X","X","X","-","-","-"
"New Jersey State Police",$104202,$51393,$39255,,"X","X","-","-","X","-"
"New Mexico State Police",$68865,$43785,$30000,,"-","-","X","X","X","X"
,,,,,,,,,,
"New York State Police",$127000,$60850,$33921,,"X","X","X","-","X","X"
"North Carolina State Highway Patrol",$92211,$50329,$25844,,"-","-","-","X","X","-"
"North Dakota Highway Patrol",$68865,$37644,$28560,,"-","-","X","X","X","X"
"Ohio State Highway Patrol",$60611,$38821,$32328,,"X","X","X","-","X","X"
"Oklahoma Highway Patrol",$79214,$49206,$25000,,"-","-","-","-","X","-"
"Oregon State Police",$74160,$45204,$35160,,"X","X","X","X","X","X"
"Pennsylvania State Police",$102777,$56604,$39671,,"X","X","-","-","X","-"
"Rhode Island State Police",$116419,$48000,$32000,,"X","X","-","-","-","-"
"South Carolina Highway Patrol",$56963,$31625,$21359,,"-","-","-","X","-","-"
"South Dakota Highway Patrol",$58656,$33904,$27872,,"-","-","-","X","-","-"
,,,,,,,,,,
"Tennessee Department of Safety",$56496,$32160,$26280,,"-","-","X","-","-","-"
"Texas Department of Public Safety",$78258,$43400,$29000,,"-","-","X","X","-","-"
"Utah Highway Patrol",$64750,$37627,$25730,,"-","-","-","X","-","-"
"Vermont State Police",$67529,$42953,$31109,,"X","X","-","X","X","-"
"Virginia State Police",$118730,$40406,$30329,,"-","-","X","X","-","X"
"Washington State Patrol",$106090,$58296,$37872,,"X","X","X","-","X","-"
"West Virginia State Police",$70000,$40124,$28556,,"-","-","-","-","-","-"
"Wisconsin State Patrol",$87500,$49800,$33450,,"X","X","X","X","X","X"
"Wyoming Highway Patrol",$61200,$38400,$27672,,"-","-","-","-","X","X"
,,,,,,,,,,
"Note:  Codes for collective bargaining and special pay are as follows:",,,,,,,,,,
"""X""=Agency authorizes that type of collective bargaining or special pay.",,,,,,,,,,
"""-""=Agency does not authorize that type of collective bargaining or special pay.",,,,,,,,,,
