Bureau of Justice Statistics,,,,,,,,,,,,,,,,,,,,,
Filename: vit14at05,,,,,,,,,,,,,,,,,,,,,
"Appendix table 5. Identity theft victims who contacted an organization, by type of theft, type of organization, and credit bureau action, 2014",,,,,,,,,,,,,,,,,,,,,
"Report title:Victims of Identity Theft, 2014 NCJ 248991",,,,,,,,,,,,,,,,,,,,,
"Data source: Bureau of Justice Statistics, National Crime Victimization Survey, Identity Theft Supplement, 2014",,,,,,,,,,,,,,,,,,,,,
Author: Erika Harrell,,,,,,,,,,,,,,,,,,,,,
Refer questions to: askbjs@usdoj.gov 202-307-0765,,,,,,,,,,,,,,,,,,,,,
Date of release: 9/27/2015,,,,,,,,,,,,,,,,,,,,,
 ,,,,,,,,,,,,,,,,,,,,,
"Appendix table 5. Identity theft victims who contacted an organization, by type of theft, type of organization, and credit bureau action, 2014",,,,,,,,,,,,,,,,,,,,,
,,,,,,,,,,,,,,,,,,,,,
,,,,Existing account,,,,,,,,,,,,Multiple types,,,,,
,,Total identity theft,,Total,,Credit card,,Bank,,Other,,New account,,Personal information,,Total,,Existing account/a,,Other/b,
Organization,,,,,,,,,,,,,,,,,,,,,
Identity theft victims who contacted�,,,,,,,,,,,,,,,,,,,,,
,Credit card company or bank,87.2,%,90.7,%,94.8,%,92.8,%,46.3,%,59.5,%,25,%,87.5,%,91.4,%,77.7,%
,Federal Trade Commission,0.7,,0.4,,0.2, !,0.5, !,1.1, !,6.8,,2.3, !,0.9, !,--, !,2.9, !
,Consumer agency/c,0.9,,0.5,,0.1, !,0.7,,2.6, !,5, !,0.7, !,2.6, !,1, !,6.6, !
,Document issuing agency/d,2.6,,1.1,,1,,1.2,,2.2, !,9.6,,22.8,,7.4,,4.9,,13.8,
,Credit monitoring service,4.3,,3.1,,3.2,,3,,3.7, !,16.5,,7.8,,10,,6,,19.7,
,Credit bureau/e,8.1,,5.7,,5.5,,5.6,,7.5,,32.7,,16.4,,19.7,,15.3,,30.3,
Victims who contacted a credit bureau,,,,,,,,,,,,,,,,,,,,,
,Placed a fraud alert on their credit report,68,%,64.9,%,60.3,%,67.2,%,79,%,75.1,%,76,%,68.6,%,55.5,%,84.7,%
,Requested a credit report,65.4,,61.2,,61.7,,61.3,,58.5,,76.8,,70.7,,67.3,,58.2,,78.6,
,Requested corrections to their credit report,39.8,,36.6,,32.8,,36,,60.3,,54,,36.1, !,39.9,,33.1,,48.4,
,Provided a police report to the credit bureau,17.9,,13,,5.1, !,18.5,,28, !,29.5,,22.7, !,22.8,,14.6, !,33, !
,Placed a freeze on their credit report,39,,35.7,,34.3,,33.8,,53.9,,51.5,,46.7,,37.1,,25.3, !,51.7,
Note: Estimates are based on the most recent incident of  identity theft. See appendix table 22 for standard errors. ,,,,,,,,,,,,,,,,,,,,,
--Less than 0.05%.,,,,,,,,,,,,,,,,,,,,,
"! Interpret with caution; estimate is based on 10 or fewer sample cases, or coefficient of variation is greater than 50%.",,,,,,,,,,,,,,,,,,,,,
"a/Includes victims who experienced two or more of the following: the unauthorized use of a credit card, bank account, or other existing account.",,,,,,,,,,,,,,,,,,,,,
"b/Includes victims who experienced two or more of the following: the unauthorized use of an existing account, misuse of personal information to open a new account, or misuse of personal information for other fraudulent purposes.",,,,,,,,,,,,,,,,,,,,,
c/Includes government consumer affairs agencies and agencies such as the Better Business Bureau.,,,,,,,,,,,,,,,,,,,,,
d/Includes agencies that issue drivers� licenses or Social Security cards.,,,,,,,,,,,,,,,,,,,,,
"e/Percent of victims who took actions with a credit bureau, based on the number of victims who contacted a credit bureau. Details may sum to more than 100% because some respondents took multiple actions with the credit bureau.",,,,,,,,,,,,,,,,,,,,,
"Source: Bureau of Justice Statistics, National Crime Victimization Survey, Identity Theft Supplement, 2014.",,,,,,,,,,,,,,,,,,,,,
