Bureau of Justice Statistics,,,,,,,,,,
Filename: vit14at18,,,,,,,,,,
"Appendix table 18. Standard errors for table 9: Identity theft and violent crime victims who experienced emotional distress, 2014",,,,,,,,,,
"Report title:Victims of Identity Theft, 2014 NCJ 248991",,,,,,,,,,
"Data sources: Bureau of Justice Statistics, National Crime Victimization Survey, 2014; and National Crime Victimization Survey, Identity Theft Supplement, 2014",,,,,,,,,,
Author: Erika Harrell,,,,,,,,,,
Refer questions to: askbjs@usdoj.gov 202-307-0765,,,,,,,,,,
Date of release: 9/27/2015,,,,,,,,,,
 ,,,,,,,,,,
"Appendix table 18. Standard errors for table 9: Identity theft and violent crime victims who experienced emotional distress, 2014",,,,,,,,,,
,,,,,,,,,,
Type of crime,,,None,,Mild,,Moderate,,Severe,
Total identity theft,,,0.7,%,0.9,%,0.77,%,0.51,%
,Existing account misuse,,0.76,,0.97,,0.82,,0.51,
,,Credit card,1.11,,1.34,,1.09,,0.55,
,,Bank,1.03,,1.38,,1.21,,0.86,
,,Other,2.84,,3.35,,2.94,,2.21,
,New account,,2.54,,4.01,,3.74,,3,
,Personal information,,2.71,,4.27,,4.34,,3.66,
,Multiple types,,2.03,,2.86,,2.76,,2.34,
,,Existing account,2.65,,3.43,,3.28,,2.31,
,,Other,2.2,,4.95,,4.98,,5.21,
Total violent victimization,,,1.82,%,2.38,%,2.16,%,2.54,%
,Rape/sexual assault,,3.8,,4.94,,6.52,,7.5,
,Robbery,,2.73,,5.09,,4.67,,5.64,
,Aggravated assault,,2.99,,3.79,,3.05,,4.61,
,Simple assault,,2.32,,2.89,,2.63,,2.71,
"Sources: Bureau of Justice Statistics, National Crime Victimization Survey, 2014; and National Crime Victimization Survey, Identity Theft Supplement, 2014.",,,,,,,,,,
