Bureau of Justice Statistics,,,,,,,,,
Filename: vit14t11,,,,,,,,,
"Table 11. Persons age 16 or older who experienced identity theft at any point in their lives, type of identity theft they experienced outside of the past year, and ongoing problems from identity theft that occurred outside of the past year, 2014",,,,,,,,,
"Report title:Victims of Identity Theft, 2014 NCJ 248991",,,,,,,,,
"Data source: Bureau of Justice Statistics, National Crime Victimization Survey, Identity Theft Supplement, 2014",,,,,,,,,
Author: Erika Harrell,,,,,,,,,
Refer questions to: askbjs@usdoj.gov 202-307-0765,,,,,,,,,
Date of release: 9/27/2015,,,,,,,,,
,,,,,,,,,
"Table 11. Persons age 16 or older who experienced identity theft at any point in their lives, type of identity theft they experienced outside of the past year, and ongoing problems from identity theft that occurred outside of the past year, 2014",,,,,,,,,
,,,,,,,,,
Experienced at least one incident of identity theft ,,,,,,,Percent with unresolved problems ,,
  during lifetime,,,,,Number of persons,Percent of all persons,resulting from identity theft/a,,
,No,,,,"212,478,300",85.2,%,~,
,Yes,,,,"36,467,000",14.6,,7.1,%
Experienced at least one incident of identity theft outside ,,,,,,,,,
  of past 12 months,,,,,,,,,
,No,,,,"226,869,800",91,%,~,
,Yes,,,,"21,964,800",8.8,,6.6,%
,,Type of identity theft experienced,,,,,,,
,,,Existing account,,"16,948,300",6.8,,3.5,
,,,,Credit card,"9,876,800",4,,2.9,
,,,,Bank account,"6,405,800",2.6,,4,
,,,,Other account,"665,700",0.3,,8.3,
,,,New account,,"1,547,100",0.6,,16.7,
,,,Personal information,,"1,860,900",0.7,,14.1,
,,,Multiple types,,"1,590,800",0.6,,20.2,
,,,,Existing account/b,"780,500",0.3,,12.3,
,,,,Other/c,"810,200",0.3,,27.8,
Note: Detail may not sum to total due to a small number of victims who did not know whether they experienced identity theft during their lifetime or outside of the past 12 months. See appendix table 23 for standard errors.,,,,,,,,,
~Not applicable.,,,,,,,,,
a/Based on number of persons who experienced the identity theft.,,,,,,,,,
"b/Includes victims who experienced two or more of the following: unauthorized use of a credit card, bank account, or other existing account.",,,,,,,,,
"c/Includes victims who experienced two or more of the following: unauthorized use of an existing account, misuse of personal information to open a new account, or misuse of personal information for other fraudulent purposes.",,,,,,,,,
"Source: Bureau of Justice Statistics, National Crime Victimization Survey, Identity Theft Supplement, 2014.",,,,,,,,,
