Bureau of Justice Statistics,,,,,,,,,,,
Filename: vit14t07,,,,,,,,,,,
"Table 7. Total financial loss due to identity theft, 2012 and 2014",,,,,,,,,,,
"Report title:Victims of Identity Theft, 2014 NCJ 248991",,,,,,,,,,,
"Data sources: Bureau of Justice Statistics, National Crime Victimization Survey, Identity Theft Supplement, 2012 and 2014",,,,,,,,,,,
Author: Erika Harrell,,,,,,,,,,,
Refer questions to: askbjs@usdoj.gov 202-307-0765,,,,,,,,,,,
Date of release: 9/27/2015,,,,,,,,,,,
,,,,,,,,,,,
"Table 7. Total financial loss due to identity theft, 2012 and 2014",,,,,,,,,,,
,,,,,,,,,,,
,2012,,,,,,2014,,,,
,,,,,Amount in ,,,,,,Amount in 
,,Cumulative ,,Cumulative ,previous ,,,Cumulative ,,Cumulative ,previous 
Percentile,Amount,percent,,amount*,10 percentiles,,Amount,percent,,amount*,10 percentiles
10th,$20 ,10.3,%,"$11,657,500 ","$11,657,500 ",,$30 ,12.1,%,"$21,186,200 ","$21,186,200 "
20th,60,22.2,,"72,023,900","60,366,400",,70,20.6,,"71,964,300","50,778,100"
30th,100,36.4,,"220,912,200","148,888,300",,100,33.2,,"211,583,400","139,619,100"
40th,200,47.2,,"461,721,100","240,808,900",,200,45.4,,"490,817,200","279,233,800"
50th,300,55.9,,"749,671,200","287,950,100",,300,53.9,,"781,482,400","290,665,200"
60th ,400,61.4,,"993,847,100","244,175,900",,500,67.2,,"1,485,320,500","703,838,100"
70th,600,71,,"1,570,533,600","576,686,500",,600,71.6,,"1,787,747,400","302,426,900"
80th,"1,000",81.6,,"2,596,494,100","1,025,960,500",,"1,000",82.5,,"2,875,212,900","1,087,465,500"
90th ,"2,000",90.5,,"4,192,313,700","1,595,819,600",,"2,000",90.3,,"4,256,993,600","1,381,780,700"
100th,"703,700",100,,"24,696,323,900","20,504,010,200",,"105,500",100,,"15,395,709,600","11,138,716,000"
Note: See appendix table 14 for standard errors.,,,,,,,,,,,
"*The amount of financial loss to victims, up to and including percentile.",,,,,,,,,,,
"Source: Bureau of Justice Statistics, National Crime Victimization Survey, Identity Theft Supplement, 2012 and 2014.",,,,,,,,,,,
