Bureau of Justice Statistics,,,,,,,,,,,,,,
Filename: vit14at21,,,,,,,,,,,,,,
"Appendix table 21. Estimates and standard errors for figure 6: Identity theft victims who reported work/school or family/friend problems or distress, by length of time spent resolving associated financial and credit problems, 2014",,,,,,,,,,,,,,
"Report title:Victims of Identity Theft, 2014 NCJ 248991",,,,,,,,,,,,,,
"Data source: Bureau of Justice Statistics, National Crime Victimization Survey, Identity Theft Supplement, 2014",,,,,,,,,,,,,,
Author: Erika Harrell,,,,,,,,,,,,,,
Refer questions to: askbjs@usdoj.gov 202-307-0765,,,,,,,,,,,,,,
Date of release: 9/27/2015,,,,,,,,,,,,,,
,,,,,,,,,,,,,,
"Appendix table 21. Estimates and standard errors for figure 6: Identity theft victims who reported work/school or family/friend problems or distress, by length of time spent resolving associated financial and credit problems, 2014",,,,,,,,,,,,,,
,,,,,,,,,,,,,,
,Work/school problems/a,,,,,Family/friend relationship problems/b,,,,,Feelings that incident was severely distressing,,,
Time spent resolving identity theft,Estimate,,Standard error,,,Estimate,,Standard error,,,Estimate,,Standard error,
1 day or less,0.4,% !,0.15,%,,1.1,%,0.24,%,,3.9,%,0.47,%
2 to 7 days,0.6, !,0.28,,,1.7,,0.48,,,6.6,,0.94,
8 days to less than 1 month,1.1, !,0.41,,,1.9,,0.55,,,11.8,,1.34,
1 month to less than 3 months,1.2, !,0.75,,,5.5,,1.56,,,20.2,,2.78,
3 months to less than 6 months,4.1, !,2.55,,,6.4, !,3.17,,,25.2,,5.64,
6 months or more,8.1, !,4.67,,,12.2, !,5.6,,,29.1,,7.81,
"! Interpret with caution; estimate is based on 10 or fewer sample cases, or coefficient of variation is greater than 50%.",,,,,,,,,,,,,,
"a/Includes victims reporting significant problems with job or school, such as trouble with a boss, coworker, or peers.",,,,,,,,,,,,,,
"b/Includes victims reporting significant problems with family members or friends, including getting into more arguments or fights than before the crime, not feeling able to trust them as much, or not feeling as close to them as before the crime.",,,,,,,,,,,,,,
"Source: Bureau of Justice Statistics, National Crime Victimization Survey, Identity Theft Supplement, 2014.",,,,,,,,,,,,,,
