Bureau of Justice Statistics,,,,,,
Filename: vit14f06,,,,,,
"Figure 6. Identity theft victims who reported work/school or family/friend problems or distress, by length of time spent resolving associated financial and credit problems, 2014",,,,,,
"Report title:Victims of Identity Theft, 2014 NCJ 248991",,,,,,
"Data source: Bureau of Justice Statistics, National Crime Victimization Survey, Identity Theft Supplement, 2014",,,,,,
Author: Erika Harrell,,,,,,
Refer questions to: askbjs@usdoj.gov 202-307-0765,,,,,,
Date of release: 9/27/2015,,,,,,
,,,,,,
"Figure 6. Identity theft victims who reported work/school or family/friend problems or distress, by length of time spent resolving associated financial and credit problems, 2014",,,,,,
,,,,,,
,Work/school problems/a,,Family/friend relationship problems/b,,Feelings that incident was severely distressing,
1 day or less,0.4,%,1.1,%,3.9,%
2 to 7 days,0.6,,1.7,,6.6,
8 days to less than 1 month,1.1,,1.9,,11.8,
1 month to less than 3 months,1.2,,5.5,,20.2,
3 months to less than 6 months,4.1,,6.4,,25.2,
6 months or more,8.1,,12.2,,29.1,
Note: Estimates are based on the most recent incident of identity theft. See appendix table 21 for estimates and standard errors.,,,,,,
"a/Includes victims reporting significant problems with job or school, such as trouble with a boss, coworker, or peers.",,,,,,
"b/Includes victims reporting significant problems with family members or friends, including getting into more arguments or fights than before the crime, not feeling able to trust them as much, or not feeling as close to them as before the crime.",,,,,,
"Source: Bureau of Justice Statistics, National Crime Victimization Survey, Identity Theft Supplement, 2014. ",,,,,,
