Bureau of Justice Statistics,,
Filename: vit14f08,,
"Figure 8. Identity theft victims who contacted a credit bureau, by action taken, 2014",,
"Report title:Victims of Identity Theft, 2014 NCJ 248991",,
"Data source: Bureau of Justice Statistics, National Crime Victimization Survey, Identity Theft Supplement, 2014",,
Author: Erika Harrell,,
Refer questions to: askbjs@usdoj.gov 202-307-0765,,
Date of release: 9/27/2015,,
,,
"Figure 8. Identity theft victims who contacted a credit bureau, by action taken, 2014",,
,,
Action taken,Percent,
Placed a fraud alert on credit report,68,%
Requested a credit report,65.4,
Requested a correction to credit report,39.8,
Provided a police report to the credit bureau,17.9,
Placed a freeze on credit report,39,
Note: Estimates are based on victims who contacted a credit bureau regarding the most recent incident of identity theft experienced in the past 12 months. Details sum to more than 100% because some victims took multiple actions with the credit bureau. See appendix table 5 for estimates and appendix table 6 for standard errors.,,
"Source: Bureau of Justice Statistics, National Crime Victimization Survey, Identity Theft Supplement, 2014.",,
