Bureau of Justice Statistics,,,,,,,,
Filename: vit14f05,,,,,,,,
"Figure 5. Length of time spent resolving financial and credit problems associated with identity theft, by type of identity theft, 2014",,,,,,,,
"Report title:Victims of Identity Theft, 2014 NCJ 248991",,,,,,,,
"Data source: Bureau of Justice Statistics, National Crime Victimization Survey, Identity Theft Supplement, 2014",,,,,,,,
Author: Erika Harrell,,,,,,,,
Refer questions to: askbjs@usdoj.gov 202-307-0765,,,,,,,,
Date of release: 9/27/2015,,,,,,,,
,,,,,,,,
"Figure 5. Length of time spent resolving financial and credit problems associated with identity theft, by type of identity theft, 2014",,,,,,,,
,,,,,,,,
,Existing account,,New account,,Personal information,,Multiple types*,
1 day or less,53.94,%,35.92,%,48.27,%,39.42,%
2 to 7 days,20.79,,20.91,,15.65,,23.58,
8 days to less than 1 month,17.06,,22.94,,16.43,,20.32,
1 month to less than 3 months ,5.65,,7.49,,6.28,,11.18,
3 months to 6 months,1.37,,8.11,,3.16,,2.89,
6 months or more,0.62,,4.63,,8.99,,1.95,
Note: Estimates are based on the most recent incident of identity theft. See appendix table 19 for estimates and appendix table 20 for standard errors.,,,,,,,,
*Includes victims who experienced more than one type of identity theft in a single incident.,,,,,,,,
"Source: Bureau of Justice Statistics, National Crime Victimization Survey, Identity Theft Supplement, 2014.",,,,,,,,
