Bureau of Justice Statistics,,
Filename: vit14f07,,
"Figure 7. Identity theft victims who reported the incident to law enforcement, 2014",,
"Report title:Victims of Identity Theft, 2014 NCJ 248991",,
"Data source: Bureau of Justice Statistics, National Crime Victimization Survey, Identity Theft Supplement, 2014",,
Author: Erika Harrell,,
Refer questions to: askbjs@usdoj.gov 202-307-0765,,
Date of release: 9/27/2015,,
,,
"Figure 7. Identity theft victims who reported the incident to law enforcement, 2014",,
,,
,Percent of victims,
Total identity theft,8.08,%
Existing credit card account,3.2,
Existing bank account,7.85,
Other existing account,10.59,
New account,20.25,
Personal information,35.2,
Multiple types*,17.08,
Note: Estimates are based on the most recent incident of identity theft. See appendix table 3 for estimates and reasons victims did not report to law enforcement. See appendix table 4 for standard errors.,,
*Includes victims who experienced more than one type of identity theft in a single incident.,,
"Source: Bureau of Justice Statistics, National Crime Victimization Survey, Identity Theft Supplement, 2014.",,
