Bureau of Justice Statistics,,,,,,,,,,,,,,,,,,,,,,
Filename: vit14at04,,,,,,,,,,,,,,,,,,,,,,
"Appendix table 4. Standard errors for appendix table 3: Victims who did and did not report identity theft to police, by type of theft and reason for not reporting, 2014",,,,,,,,,,,,,,,,,,,,,,
"Report title:Victims of Identity Theft, 2014 NCJ 248991",,,,,,,,,,,,,,,,,,,,,,
"Data source: Bureau of Justice Statistics, National Crime Victimization Survey, Identity Theft Supplement, 2014",,,,,,,,,,,,,,,,,,,,,,
Author: Erika Harrell,,,,,,,,,,,,,,,,,,,,,,
Refer questions to: askbjs@usdoj.gov 202-307-0765,,,,,,,,,,,,,,,,,,,,,,
Date of release: 9/27/2015,,,,,,,,,,,,,,,,,,,,,,
 ,,,,,,,,,,,,,,,,,,,,,,
"Appendix table 4. Standard errors for appendix table 3: Victims who did and did not report identity theft to police, by type of theft and reason for not reporting, 2014",,,,,,,,,,,,,,,,,,,,,,
,,,,,,,,,,,,,,,,,,,,,,
,,,,,Existing account,,,,,,,,,,,,Multiple types,,,,,
Victim response,,,Total identity theft,,Total,,Credit card,,Bank,,Other,,New account,,Personal information,,Total,,Existing account,,Other,
Reported to police,,,0.46,%,0.42,%,0.44,%,0.71,%,2.07,%,3.25,%,4.32,%,2.22,%,2.32,%,4.86,%
Did not report to police,,,0.51,,0.47,,0.48,,0.77,,2.12,,3.29,,4.35,,2.27,,2.37,,4.89,
,Reasons for not reporting,,,,,,,,,,,,,,,,,,,,,
,,Did not know to report,0.74,%,0.79,%,1.1,%,1.11,%,3.09,%,3.73,%,4.25,%,2.51,%,2.76,%,5.44,%
,,Did not think it was important enough,0.81,,0.87,,1.21,,1.21,,3.45,,4.09,,3.77,,2.59,,3.01,,4.93,
,,Handled it another way,0.94,,0.99,,1.35,,1.41,,3.46,,4.49,,5.6,,3.24,,3.71,,6.38,
,,Did not think the police could help,0.62,,0.65,,0.87,,0.96,,2.83,,3.38,,4.14,,2.21,,2.44,,4.83,
,,Personal reasons,0.29,,0.29,,0.32,,0.45,,1.85,,2.17,,2.77,,1.56,,1.71,,3.51,
,,Other ,0.24,,0.23,,0.29,,0.34,,1.25,,2.18,,3.85,,1,,1.18,,1.81,
"Source: Bureau of Justice Statistics, National Crime Victimization Survey, Identity Theft Supplement, 2014.",,,,,,,,,,,,,,,,,,,,,,
