Bureau of Justice Statistics,,,,
filename: vvcs0206.csv,,,,
"report title: Violent Victimization of College Students, 1995-2002 NCJ 206836",,,,
data source:  National Crime Victimization Survey,,,,
"authors:  Katrina Baum, PhD, Patsy Klaus, BJS Statisticians",,,,
refer questions to:  askbjs@usdoj.gov (202) 307-0765,,,,
date of version:  01/10/05,,,,

"Table 6.  Violent crime injuries and their treatment, by student status of victims, 1995-2002",,,,

,Percent of all violence,,,
,College students,,Non-students,

Type of injury,,,,
Not injured,75.2,%,68.8,%
Injured,,,,
  Serious injury,3,,3.9,
Rape/sexual without additional injury,2.2,,1.6,
  Minor injuries only,19.6,,25.5,

Type of treatment,,,,
"Injured, not treated",59.2,%,58.2,%
"Injured, treated",,,,
  At scene or home,15.4,,14.7,
  Doctor's office of clinic,6.2,,4.7,
  Hospital/ED not admitted,15.2,,18.5,
  Admitted,1.4,*,2.5,
  Other locale,2.6,*,0.9,*
  Don't know,          --,,0.3,*

Note: Percentags for types of treatment are based on injury victims only.,,,,
 --Less than .05%.,,,,
*Based on 10 or fewer sample cases.
