Bureau of Justice Statistics,,,,,,,,
filename: vvcs02f1.csv,,,,,,,,
"report title: Violent Victimization of College Students, 1995-2002 NCJ 206836",,,,,,,,
data source:  National Crime Victimization Survey,,,,,,,,
"authors:  Katrina Baum, PhD, Patsy Klaus, BJS Statisticians",,,,,,,,
refer questions to:  askbjs@usdoj.gov (202) 307-0765,,,,,,,,
date of version:  01/10/05,,,,,,,,

"Figure 1.  Robbery rates against college students and nonstudents, 1995-2002",,,,,,,,

"Rate of robbery per 1,000, age 18-24",,,,,,,,

,1995,1996,1997,1998,1999,2000,2001,2002
Robbery,,,,,,,,
College students,8.4,6.5,6,4.4,6.2,3.8,2.3,2.9
Nonstudent,12.2,11.5,11.5,10.2,10.1,8.3,5.7,6.8
