Bureau of Justice Statistics,,,,
filename: vvcs02tt1.csv,,,,
"report title: Violent Victimization of College Students, 1995-2002 NCJ 206836",,,,
data source:  National Crime Victimization Survey,,,,
"authors:  Katrina Baum, PhD, Patsy Klaus, BJS Statisticians",,,,
refer questions to:  askbjs@usdoj.gov (202) 307-0765,,,,
date of version:  01/10/05,,,,

"Text table 1.  Percent of victimizations, 1995-2002",,,,

Living in college dormitory,Off campus,,On campus,
   Total,92.9,%,7.1,%
Yes,85.2,,14.8,
No,94.8,,5.2,
