Bureau of Justice Statistics,,,,
filename: vvcs0208.csv,,,,
"report title: Violent Victimization of College Students, 1995-2002 NCJ 206836",,,,
data source:  National Crime Victimization Survey,,,,
"authors:  Katrina Baum, PhD, Patsy Klaus, BJS Statisticians",,,,
refer questions to:  askbjs@usdoj.gov (202) 307-0765,,,,
date of version:  01/10/05,,,,

"Table 8.  Activity at time of violent victimization, by time of day and student status of victims, 1995-2002",,,,

,Percent of all violence,,,
Activity at time of victimization,College students,,Non-students,

Day (6 a.m.-6p.m.),100,%,100,%
  Working,21.4,,16.7,
  To/from work,2.4,,3.9,
  To/from school,7.2,,2.5,
  To/from other place,10,,9.4,
  Shopping/errands,5.4,,4.8,
  Attending school,6.2,,5,
  Leisure activity away from home,15.5,,18.6,
  Sleeping,0.5,*,1.3,
  Other activities at home,15.5,,22.5,
   Other,7.7,,7.5,
   Do not know activity,0.6,*,0.4,*

Night (6 p.m.-6a.m.),100,%,100,%
  Working,7.6,,8.9,
  To/from work,3.1,,4.1,
  To/from school,1.1,*,0.5,*
  To/from other place,11.8,,8.7,
  Shopping/errands,2.3,,3,
  Attending school,0.7,*,0.1,*
  Leisure activity away from home,48.7,,37.4,
  Sleeping,2.3,,3.5,
  Other activities at home,9.5,,19.3,
   Other,6.4,,7,
   Do not know activity,0.1,*,0.3,*

Note:  Excludes those who did not know the time when the violent victimization occurred.,,,,
*Based on 10 or fewer sample cases.,,,,
