Bureau of Justice Statistics,,,
filename: bcft04t2.csv,,,
"Text table 2. Local rejection rates by population served and type of permit, 1999-2004",,,
"title: Background Checks for Firearm Transfers, NCJ 210117",,,
data source:  Firearm Inquiry Statistics Program,,,
"authors:  Michael Bowling, Ph.D. (REJIS), Gene Lauver (REJIS), Matthew J. Hickman, Ph.D. (BJS), and Devon B. Adams (BJS)",,,
refer questions to: askbjs@ojp.usdoj.gov (202)307-0765,,,
date of version: 9/14/05,,,

"Text table 2. Local rejection rates by population served and type of permit, 1999-2004",,,

"Local rejection rates by population served and by type of permit, 1999-2004",,,

Population served,2004,,1999-2004

Purchase permits,,,
"Over 100,000",3.4,%,2.72,%
"10,000 to 100,000",1.59,,1.7,
"Under 10,000",1.04,,1.3,

Exempt carry permits,,,,
"Over 100,000",1.07,%,1.87,%
"10,000 to 100,000",1.14,,1.41,
"Under 10,000",0.49,,1.06,
