Bureau of Justice Statistics,,,,,,,,,,,,,,,,,,
filename: bcft0405.csv,,,,,,,,,,,,,,,,,,
"Table 5. Reasons for rejection of firearm transfer applications, 1999-2004",,,,,,,,,,,,,,,,,,
"title: Background Checks for Firearm Transfers, NCJ 210117",,,,,,,,,,,,,,,,,,
data source:  Firearm Inquiry Statistics Program,,,,,,,,,,,,,,,,,,
"authors:  Michael Bowling, Ph.D. (REJIS), Gene Lauver (REJIS), Matthew J. Hickman, Ph.D. (BJS), and Devon B. Adams (BJS)",,,,,,,,,,,,,,,,,,
refer questions to: askbjs@ojp.usdoj.gov (202)307-0765,,,,,,,,,,,,,,,,,,
date of version: 10/21/05,,,,,,,,,,,,,,,,,,

"Table 5. Reasons for rejection of firearm transfer applications, 1999-2004",,,,,,,,,,,,,,,,,,

,FBI,,,,        State and local agencies,,,,,,,,,,,,,
Reason for  rejection,2004,,1999-2004,,2004,,2003,,2002,,2001,,2000,,1999,,1999-2004,

Total,100,%,100,%,100,%,100,%,100,%,100,%,100,%,100,%,100,%

Felony indictment/conviction,37.6,%,51.9,%,49.6,%,44.8,%,51.8,%,57.7,%,57.6,%,72.5,%,57.2,%
Other criminal history/a,25,,16.6,,--,,--,,--,,--,,--,,--,,--,
Domestic violence,,,,,,,,,,,,,,,,,,
Misdemeanor conviction,11.5,,13,,12.6,,11.7,,10.4,,10.6,,8.9,,9,,10.3,
Restraining order,5.1,,4.5,,3.4,,3.8,,3.5,,3.7,,3.3,,2.1,,3.2,
State law prohibition,--,,--,,9,,10.4,,9.9,,7,,4.7,,3.5,,6.9,
Fugitive,4.6,,3.5,,8.3,,7.8,,8,,5.8,,4.3,,5,,6.2,
Illegal Alien,2,,1.2,,0.6,,1.1,,0.8,,0.4,,0.2,,0.2,,0.5,
Mental illness or disability,0.5,,0.4,,2.7,,2.4,,1.4,,1.2,,1,,0.5,,1.4,
Drug use,9.1,,6.3,,1.5,,1.8,,1.3,,1,,0.7,,1,,1.1,
Local law prohibition,--,,--,,0.1,,1.2,,0.9,,0.5,,0.2,,0.2,,0.5,
Other/b,4.7,,2.5,,12.3,,14.9,,12,,12.1,,19.2,,6,,12.7,


"a/ Includes State prohibitors, multiple DUI's, non NCIC warrants, and other uspecified criminal history disqualifiers.",,,,,,,,,,,,,,,,,,
"b/ Includes juveniles, persons dishonorably discharged from the Armed Services, persons who have renounced their U.S. citizenship, and other unspecified persons.",,,,,,,,,,,,,,,,,,
