Bureau of Justice Statistics,,,,,,,
filename: bcft0408.csv,,,,,,,
"Table 8.  Appeals by type of checking agency, 1999-2004",,,,,,,
"title: Background Checks for Firearm Transfers, NCJ 210117",,,,,,,
data source:  Firearm Inquiry Statistics Program,,,,,,,
"authors:  Michael Bowling, Ph.D. (REJIS), Gene Lauver (REJIS), Matthew J. Hickman, Ph.D. (BJS), and Devon B. Adams (BJS)",,,,,,,
refer questions to: askbjs@ojp.usdoj.gov (202)307-0765,,,,,,,
date of version: 9/14/05,,,,,,,

"Table 8.  Appeals by type of checking agency, 1999-2004",,,,,,,

Type of checking agency,,Number of appeals,Percent appealed,,Number reversed,Percent reversed,

Total,,"138,154",15.1,%,"49,159",35.6,%

FBI,,"60,812",14.9,%,"18,396",30.3,%
State ,,"76,423",17.4,,"30,446",39.8
Local,,919,1.3,,317,34.5
