Bureau of Justice Statistics,,,,,,,,,
filename: bcft0402.csv,,,,,,,,,
"Table 2. FIST estimates, by type of agency and approval system and total FBI checks, 2004",,,,,,,,,
"title: Background Checks for Firearm Transfers, NCJ 210117",,,,,,,,,
data source:  Firearm Inquiry Statistics Program,,,,,,,,,
"authors:  Michael Bowling, Ph.D. (REJIS), Gene Lauver (REJIS), Matthew J. Hickman, Ph.D. (BJS), and Devon B. Adams (BJS)",,,,,,,,,
refer questions to: askbjs@ojp.usdoj.gov (202)307-0765,,,,,,,,,
date of version: 9/14/05,,,,,,,,,

"Table 2. FIST estimates, by type of agency and approval system and total FBI checks, 2004",,,,,,,,,

,2004,,,,,           1999-2004,,,
Type of checks conducted,Applications,Rejections,Rate of rejection,,,Applications,Rejections,Rate of rejection,

State agencies,,,,,,,,,
Total,"2,852,910","51,422",1.8,%,,"18,650,587","439,587",2.36,%

Instant checks,"1,983,149","37,312",1.88,%,,"13,139,763","346,033",2.63,%
Purchase permits,"363,549","7,244",1.99,,,"1,937,883","42,663",2.2,
Carry permits,"161,455","3,116",1.93,,,"1,090,063","24,808",2.28,
Other approvals,344757,3750,1.09,,,"2,482,878","26,083",1.05,

Local agencies,,,,,,,,,
Total,"595,568","10,745",1.8,%,,"3,633,987","68,370",1.88,%

Purchase permits,"346,710","8,218",2.37,%,,"2,394,730","49,225",2.06,%
Carry permits,"192,352","1,976",1.03,,,"953,606","16,562",1.74,
Other approvals,"56,506",551,0.98,,,"285,651","2,583",0.9,

Unadjusted State and local total,"3,448,478","62,167",1.8,%,,"22,284,574","507,957",2.28,%

Adjustment (see note),49687,,,,,"386,724",,,

State and local total (FIST),"3,398,791","62,167",1.83,%,,"21,897,850","507,957",2.32,%

FBI total,"4,685,018","63,675",1.36,%,,"26,993,908","407,892",1.51,%

National total (FIST and FBI),"8,083,809","125,842",1.56,%,,"48,891,758","915,849",1.87,%

"Note:  Agencies that conduct checks for exempt carry permits in Alaska, Arkansas, Mississippi, North Dakota, South Carolina, Texas, and Wyoming request that the FBI conduct the background check, but the State agency makes the decision to reject. Thus, the total number of applications in these States is included in the FBI checks, but the number of rejections is included in the State and local checks.  Totals for the 6-year period include December 1998.",,,,,,,,,
