Bureau of Justice Statistics,,,,,,,,,,,,,,,,,,
Filename: cbpp22at11.csv,,,,,,,,,,,,,,,,,,
"Appendix table 11. Standard errors for table 11: U.S. residents age 16 or older whose most recent police contact was initiated by the resident, by reason and demographic characteristics, 2022",,,,,,,,,,,,,,,,,,
"Report title: Contacts Between Police and the Public, 2022  NCJ 308847",,,,,,,,,,,,,,,,,,
"Data Source: Bureau of Justice Statistics, National Crime Victimization Survey, Police-Public Contact Survey, 2022",,,,,,,,,,,,,,,,,,
"Authors: Susannah N. Tapp, PhD, and Elizabeth J. Davis, BJS Statisticians",,,,,,,,,,,,,,,,,,
Refer questions to: askbjs@usdoj.gov 202-307-0765,,,,,,,,,,,,,,,,,,
Date of version: 10/4/24,,,,,,,,,,,,,,,,,,
,,,,,,,,,,,,,,,,,,
"Appendix table 11. Standard errors for table 11: U.S. residents age 16 or older whose most recent police contact was initiated by the resident, by reason and demographic characteristics, 2022",,,,,,,,,,,,,,,,,,
,,,,Reason,,,,,,,,,,,,,,
,,Resident initiated most recent contact,,Reported possible crime,,,,Reported noncrime emergency,,,,Reported nonemergency/sought other help,,,,Block watch,,
Demographic characteristic,,Number,,Number,Percent,,,Number,Percent,,,Number,Percent,,,Number,Percent,
,Total,"501,443",,"258,077",0.61,%,,"181,487",0.49,%,,"205,048",0.5,%,,"58,164",0.22,%
Sex,,,,,,,,,,,,,,,,,,
,Male,"280,488",,"158,557",0.85,%,,"100,162",0.68,%,,"135,836",0.8,%,,"39,482",0.33,%
,Female,"315,667",,"182,659",0.82,,,"131,865",0.71,,,"116,232",0.6,,,"37,535",0.26,
Race/Hispanic origin,,,,,,,,,,,,,,,,,,
,White,"438,684",,"208,423",0.67,%,,"160,627",0.55,%,,"169,821",0.57,%,,"48,258",0.26,%
,Black,"109,973",,"79,243",2.02,,,"47,094",1.8,,,"48,916",1.82,,,"16,200",0.74,
,Hispanic,"130,357",,"89,310",1.77,,,"56,281",1.31,,,"63,250",1.5,,,"23,517",0.64,
,Other,"92,337",,"65,685",2.33,,,"43,133",1.99,,,"36,974",1.62,,,"9,510",0.5,
Age,,,,,,,,,,,,,,,,,,
,16-24,"152,858",,"97,158",2.4,%,,"67,273",1.86,%,,"70,768",2.1,%,,"15,506",0.55,%
,25-44,"234,083",,"152,890",0.97,,,"99,383",0.8,,,"93,996",0.77,,,"27,058",0.27,
,45-64,"216,931",,"121,805",0.94,,,"82,295",0.71,,,"97,560",0.83,,,"38,900",0.44,
,65 or older,"155,108",,"84,634",1.26,,,"65,368",1.12,,,"71,622",1.17,,,"26,410",0.53,
"Source: Bureau of Justice Statistics, National Crime Victimization Survey, Police-Public Contact Survey, 2022.",,,,,,,,,,,,,,,,,,
