Bureau of Justice Statistics,,,,,,
Filename: cspsa06at9.csv,,,,,,
"Appendix table 9. Adult parole agency use of employment assistance programs, 6/30/2006",,,,,,
"Report title: Characteristics of State Parole Supervising Agencies, 2006 NCJ 222180",,,,,,
"Data source: Census of Adult Parole Supervising Agencies, CJ-36",,,,,,
Author(s): Thomas P. Bonczar,,,,,,
Refer questions to: askbjs@usdoj.gov 202-307-0765,,,,,,
Date of version: 2/10/09,,,,,,
"Appendix table 9. Adult parole agency use of employment assistance programs, 6/30/2006",,,,,,
,,,"Type of employment assistance to adult parolees, 6/30/06",,,
Region and jurisdiction,,"Adult parole population, 6/30/06",Agency operated formal employment service,Agency contracted with private employment service,Agency had formal relationship with State or county agency,Other
,State total,660959,6,8,17,6
Northeast,,101413,1,2,5,1
,Connecticut,2838,,,yes,
,Maine,32,,,,
,Massachusetts,3362,yes,yes,yes,
,New Hampshire,1672,,,,
,New Jersey,13770,,,yes,
,New York /a,53215,,yes,yes,yes
,Pennsylvania /b,24956,,,yes,
,Rhode Island,512,,,,
,Vermont,1056,,,,
Midwest,,123870,1,1,4,2
,Illinois,33354,**,**,**,**
,Indiana,7863,,,,
,Iowa,3973,,,yes,
,Kansas /a,4882,yes,,yes,yes
,Michigan,16267,,yes,yes,
,"Minnesota /a,c",4444,,,,yes
,Missouri,17089,,,yes,
,Nebraska,697,,,,
,North Dakota,380,,,,
,Ohio,16280,,,,
,South Dakota,2584,,,,
,Wisconsin,16057,**,**,**,**
South,,243057,2,0,4,1
,Alabama /b,9014,,,,
,Arkansas,18092,,,,
,Delaware,634,,,,
,District of Columbia,5135,yes,,,
,Florida,4832,,,,
,Georgia,23060,,,yes,
,Kentucky,10653,,,,
,Louisiana /a,23905,,,,yes
,Maryland ,14132,,,yes,
,Mississippi,2003,,,,
,North Carolina,3311,,,,
,Oklahoma,3506,,,,
,South Carolina,4413,,,yes,
,Tennessee,9148,,,,
,Texas,101175,,,yes,
,Virginia /b,8609,,,,
,West Virginia,1435,yes,,,
West,,192619,2,5,4,2
,Alaska,1009,,,,
,Arizona /a,7473,yes,,,yes
,California /b,125067,,yes,yes,
,California Youth Authority /b,67,,,yes,
,Colorado /a,8577,,,yes,
,Hawaii,2124,,yes,,
,Idaho,2549,,,,
,Montana,999,,yes,,
,Nevada,3856,,,,
,New Mexico /a,2964,,,,yes
,Oregon,22295,yes,yes,yes
,Utah,3535,,,
,Washington,11553,,,
,Wyoming,551,,yes,
** Not known.,,,,,
a/ See Explanatory notes for more detail.,,,,,
b/ Scope varies from that reported in other BJS publications; see Methodology.,,,,,
c/ Program participation information limited to state parole supervising agency.,,,,,
