Bureau of Justice Statistics,,,,,,,
Filename: cspsa06t06.csv,,,,,,,
"Table 6. State adult parole supervising agencies that considered prisoners for release, set the terms/conditions of supervision, or conducted parole revocation hearings, June 30, 2006",,,,,,,
"Report title: Characteristics of State Parole Supervising Agencies, 2006 NCJ 222180",,,,,,,
"Data source: Census of Adult Parole Supervising Agencies, CJ-36",,,,,,,
Author(s): Thomas P. Bonczar,,,,,,,
Refer questions to: askbjs@usdoj.gov 202-307-0765,,,,,,,
Date of version: 8/3/08,,,,,,,
"Table 6. State adult parole supervising agencies that considered prisoners for release, set the terms/conditions of supervision, or conducted parole revocation hearings, June 30, 2006",,,,,,,
"On June 30, 2006, did the parolesupervising agency� ",,,,,Number of agencies,Percent of agencies with a known status,
,Consider prisoners for release?,,,,50,100,%
,,Yes/a,,,19,38,
,,No,,,31,62,
,Set the terms or conditions of adult parole supervision?,,,,,,
,,Yes/b,,,20,40,%
,,No ,,,30,60,
,,,Who performed the function?/c,,,,
,,,,Parole board,27,,
,,,,Courts,2,,
,,,,Other DOC agency,1,,
,,,,Other independent agency,3,,
,Have responsibility for conducting parole revocation hearings?,,,,,,
,,Yes/d,,,18,36,%
,,No ,,,32,64,
,,,Who performed the function?/c,,,,
,,,,Parole board,30,,
,,,,Other DOC agency,1,,
,,,,Other independent agency,1,,
The number of functions performed by the parole supervising agency was� ,,,,,,,
,,None,,,24,48,%
,,,1,,9,18,
,,,2,,3,6,
,,,3,,14,28
"Note: An expanded Methodology, appendix tables with state-level data, and detailed Explanatory Notes are forthcoming.",,,,,,
"a/Between July 1, 2005, and June 30, 2006, 13 agencies that provided information considered 126,641 prisoners for release (some of whom may not have been released until after June 30, 2006) and released 57,850 (46 per 100 considered), some of whom may have been considered for release prior to July 1, 2005.",,,,,,
b/In 14 jurisdictions both the parole supervising agency and the parole board set the terms or conditions of supervision.,,,,,,
c/More than one other entity may have performed a function within a jurisdiction.,,,,,,
"d/All 18 parole supervising agencies that conducted revocation hearings shared the responsibility with a parole board. Seventeen agencies that provided information conducted 67,534 parole revocation hearings between July 1, 2005, and June 30, 2006.",,,,,,
