Bureau of Justice Statistics,,,,,,,,,
Filename: cpsa06t16.csv,,,,,,,,,
"Table 16. Adult parole supervising agency staff, by gender, June 30, 2006",,,,,,,,,
"Report title: Characteristics of State Parole Supervising Agencies, 2006 NCJ 222180",,,,,,,,,
"Data source: Census of Adult Parole Supervising Agencies, CJ-36",,,,,,,,,
Author(s): Thomas P. Bonczar,,,,,,,,,
Refer questions to: askbjs@usdoj.gov 202-307-0765,,,,,,,,,
Date of version: 8/3/08,,,,,,,,,
"Table 16. Adult parole supervising agency staff, by gender, June 30, 2006",,,,,,,,,
,,Number of staff employed by adult parole supervising agency,,,,,,,
,,Total,,Male,,Female,,Not reported,
Region and jurisdiction,,Full-time,Part-time,Full-time,Part-time,Full-time,Part-time,Full-time,Part-time
,"State total/a,b","56,935","2,478","27,436",731,"26,321",998,"3,178",749
Northeast,,"4,503",40,"2,046",13,"2,045",24,412,3
,Connecticut,186,3,**,**,**,**,186,3
,Maine  ,25,0,**,0,**,0,25,0
,Massachusetts/c,231,7,112,4,119,3,0,0
,New Hampshire,103,2,60,1,43,1,0,0
,New Jersey,740,4,411,2,329,2,0,0
,New York   ,"2,003",17,903,4,"1,100",13,0,0
,Pennsylvania/b,"1,001",7,555,2,446,5,0,0
,Rhode Island/c,13,0,5,0,8,0,0,0
,Vermont,201,0,**,0,**,0,201,0
Midwest,,"16,877","1,101","8,273",432,"6,839",646,"1,765",23
,Illinois,**,**,**,**,**,**,**,**
,Indiana,"8,327",0,"4,642",0,"2,618",0,"1,067",0
,Iowa,"1,077",75,526,23,551,52,0,0
,Kansas,153,2,81,0,72,2,0,0
,Michigan  ,"1,096",0,515,0,581,0,0,0
,Minnesota,"3,479",788,"1,358",301,"1,445",464,676,23
,Missouri,"1,488",235,596,108,892,127,0,0
,Nebraska,31,0,14,0,17,0,0,0
,North Dakota,92,0,39,0,53,0,0,0
,Ohio,"1,073",0,469,0,582,0,22,0
,South Dakota,61,1,33,0,28,1,0,0
,Wisconsin,**,**,**,**,**,**,**,**
South,,"20,364",354,"8,544",70,"11,776",106,44,178
,Alabama/b,645,0,312,0,333,0,0,0
,Arkansas,364,0,169,0,195,0,0,0
,Delaware,355,21,204,4,151,17,0,0
,District of Columbia/c,835,15,276,1,515,9,44,5
,Florida,"3,409",9,"1,298",1,"2,111",8,0,0
,Georgia,725,8,343,4,382,4,0,0
,Kentucky,544,0,305,0,239,0,0,0
,Louisiana,737,~,381,~,356,~,0,~
,Maryland,"1,234",0,367,0,867,0,0,0
,Mississippi,"3,043",18,"1,194",6,"1,849",12,0,0
,North Carolina,"2,402",~,"1,179",~,"1,223",~,0,~
,Oklahoma/c,353,0,199,0,154,0,0,0
,South Carolina,758,10,328,5,430,5,0,0
,Tennessee,993,16,420,14,573,2,0,0
,Texas,"2,604",174,935,0,"1,669",1,0,173
,Virginia/b,"1,319",68,611,28,708,40,0,0
,West Virginia  ,44,15,23,7,21,8,0,0
West,,"15,191",983,"8,573",216,"5,661",222,957,545
,Alaska/d,106,~,47,~,59,~,0,~
,Arizona,169,0,98,0,71,0,0,0
,California/b,"3,651",236,"1,698",23,"1,403",13,550,200
,"California Youth Authority/b,c",121,5,74,2,47,3,0,0
,Colorado,252,1,137,0,115,1,0,0
,Hawaii,50,2,28,2,22,0,0,0
,Idaho,"1,537",377,961,6,530,28,46,343
,Montana,182,22,87,10,95,12,0,0
,Nevada,438,8,212,0,226,6,0,2
,New Meico,360,0,**,0,**,0,360,0
,Oregon,**,**,**,**,**,**,**,**
,Utah,554,12,353,6,201,6,0,0
,Washington,"7,614",308,"4,822",160,"2,792",148,0,0
,Wyoming,157,12,56,7,100,5,1,0
"Note: An expanded Methodology, appendix tables with state-level data, and detailed Explanatory Notes are forthcoming.",,,,,,,,,
~ Not applicable.,,,,,,,,,
** Not reported.,,,,,,,,,
"a/Excludes an estimated 8,065 full-time and 422 part-time staff in Illinois, Wisconsin, and Oregon.",,,,,,,,,
b/Data differ from those in other BJS publications.,,,,,,,,,
c/Some or all data are estimated.,,,,,,,,,
d/Includes the total number of staff members for the parole and probation agency.,,,,,,,,,
