Bureau of Justice Statistics,,,,,,,,
Filename: cspsa06at03.csv,,,,,,,,
"Appendix table 3. Adults on parole, by supervision level, 6/30/2006",,,,,,,,
"Report title: Characteristics of State Parole Supervising Agencies, 2006 NCJ 222180",,,,,,,,
"Data source: Census of Adult Parole Supervising Agencies, CJ-36",,,,,,,,
Author(s): Thomas P. Bonczar,,,,,,,,
Refer questions to: askbjs@usdoj.gov 202-307-0765,,,,,,,,
Date of version: 2/10/09,,,,,,,,
"Appendix table 3. Adults on parole, by supervision level, 6/30/2006",,,,,,,,
,,,Required number of face-to-face contacts with a parole officer,,,,,
Region and jurisdiction,,"Adult parole population, 6/30/2006",At least once per week,At least once per month,Less than once per month,Regular reporting no longer required,Reporting frequency not yet determined,Unknown or not reported
,State total /a,"660,959","74,877","294,246","90,958","73,582","14,181","113,115"
Northeast,,"101,413","5,821","46,718","12,083",0,"2,469","34,322"
,Connecticut /b,"2,838",**,**,**,**,**,"2,838"
,Maine  ,32,~,~,~,~,~,32
,Massachusetts /b,"3,362",106,"2,442",**,**,**,814
,New Hampshire,"1,672",**,**,**,**,**,"1,672"
,New Jersey,"13,770","1,013","6,965","5,792",~,~,0
,New York /b,"53,215","4,437","26,883",~,~,~,"21,895"
,"Pennsylvania /a,b","24,956",156,"10,181","6,291",**,"1,413","6,915"
,"Rhode Island /b,c",512,109,247,0,0,0,156
,Vermont,"1,056",~,~,~,0,"1,056",0
Midwest,,"123,870","14,868","30,070","8,339","1,312","5,649","63,632"
,Illinois,"33,354",**,**,**,**,**,"33,354"
,Indiana,"7,863",**,**,**,**,**,"7,863"
,Iowa,"3,973","1,306",695,"1,498",~,474,0
,Kansas,"4,882",0,0,0,0,"4,882",0
,Michigan,"16,267","3,662","9,203",80,"1,312",0,"2,010"
,Minnesota /b,"4,444",341,163,573,0,96,"3,271"
,Missouri,"17,089","3,865","7,709","5,515",0,0,0
,Nebraska,697,**,**,**,**,**,697
,North Dakota /b,380,~,~,~,~,~,380
,Ohio ,"16,280","5,548","10,027",508,0,197,0
,South Dakota,"2,584",146,"2,273",165,0,0,0
,Wisconsin,"16,057",**,**,**,**,**,"16,057"
South,,"243,057","9,025","145,781","59,360","25,669","3,215",7
,Alabama /a,"9,014",337,"4,066","3,472","1,139",0,0
,Arkansas,"18,092",0,"8,113","3,645","6,334",0,0
,Delaware /c,634,253,308,30,43,~,0
,District of Columbia /c,"5,135","2,480","2,482",~,~,166,7
,Florida,"4,832",5,"2,590",182,"2,047",8,0
,Georgia,"23,060",0,"8,279","14,781",0,0,0
,Kentucky,"10,653","1,598","7,138","1,917",0,0,0
,Louisiana,"23,905",203,"5,039","18,647",16,0,0
,Maryland ,"14,132",0,"3,969","4,441","5,061",661,0
,Mississippi,"2,003",0,"2,003",0,0,0,0
,North Carolina,"3,311",170,"2,563",7,~,571,0
,Oklahoma /c,"3,506",0,408,"2,528",570,0,0
,South Carolina  ,"4,413",684,549,"3,180",0,0,0
,Tennessee,"9,148",64,"4,689","3,813",0,582,0
,Texas,"101,175","1,944","87,238","2,717","9,276",0,0
,Virginia,"8,609","1,193","5,006",**,"1,183","1,227",0
,West Virginia,"1,435",94,"1,341",0,0,0,0
West,,"192,619","45,163","71,677","11,176","46,601","2,848","15,154"
,Alaska /c,"1,009",**,**,**,0,0,"1,009"
,Arizona,"7,473",338,"3,462","2,421",316,936,0
,California /a,"125,067","29,320","55,391",0,"40,356",~,0
,"California Youth Authority /a,c",67,8,33,26,0,0,0
,Colorado /b,"8,577",~,~,~,~,~,"8,577"
,Hawaii /b,"2,124",150,985,432,210,0,347
,Idaho /b,"2,549",617,744,343,266,1,578
,Montana /c,999,69,754,176,0,0,0
,Nevada,"3,856",**,**,**,**,~,"3,856"
,New Mexico,"2,964","1,367","1,129",**,**,**,468
,Oregon,"22,295","7,098","5,742","6,732","1,152","1,571",0
,Utah /b,"3,535",46,"2,208",710,0,252,319
,Washington,"11,553","6,130","1,052",0,"4,301",70,0
,Wyoming,551,20,177,336,0,18,0
~ Not applicable.,,,,,,,,
** Not known.,,,,,,,,
a/ Scope varies from that reported in other BJS publications; see Methodology.,,,,,,,,
b/ See Explanatory notes for more detail.,,,,,,,,
c/ Detailed data are estimated for supervision level.,,,,,,,,
