Bureau of Justice Statistics,,,,
Filename: cspsa06t09.csv,,,,
"Table 9. Adult supervising agencies' ues of drug treatment programs, by type of program, June 30, 2006",,,,
"Report title: Characteristics of State Parole Supervising Agencies, 2006 NCJ 222180",,,,
"Data source: Census of Adult Parole Supervising Agencies, CJ-36",,,,
Author(s): Thomas P. Bonczar,,,,
Refer questions to: askbjs@usdoj.gov 202-307-0765,,,,
Date of version: 8/3/08,,,,
"Table 9. Adult supervising agencies' ues of drug treatment programs, by type of program, June 30, 2006",,,,
"On June 30, 2006, were any parolees enrolled in a�",,Number of agencies,Percent of agencies with a known status,
Drug treatment program run by a formally trained drug treatment professional?,,49,100,%
,Yes/a,47,96,
,No,2,4,
Self-help or drug awareness program?/b,,49,100,%
,Yes/c,46,94,
,No,3,6,
"Note: An expanded Methodology, appendix tables with state-level data, and detailed Explanatory Notes are forthcoming. Excludes Illinois, Mississippi, and Wisconsin, for which no information was available. "
"a/Of 258,652 parolees under supervision in 21 agencies that provided information, 28,084 (10.9%) were enrolled in a drug treatment program operated by a formally trained professional."
b/Such as Narcotics Anonymous (NA) or Cocaine Anonymous (CA).
"c/Of 26,333 parolees under supervision in 7 agencies that provided information, 4,510 (17.1%) were enrolled in a self-help or drug awareness program like NA or CA."
