Bureau of Justice Statistics,,,,,,
Filename: jeee14t20.csv,,,,,,
Table 20. Supplemental data for 49 large city governments,,,,,,
"Report title: Justice Expenditure and Employment Extracts 2014, Preliminary, NCJ 250781",,,,,,
Data source: Justice Expenditure and Employment Extracts Program (JEEE),,,,,,
"Author: Jennifer Bronson, Ph.D., BJS Statistician",,,,,,
Refer questions to: askbjs@ojp.usdoj.gov (202) 307-0765,,,,,,
Date of version: 6/29/2018,,,,,,
,,,,,,
Table 20. Supplemental data for 49 large city governments,,,,,,
,,,,,,
,,"Expenditures, fiscal year 2014 (thousands of dollars)",,,,
,,All functions,,,"Full-time equivalent employment, March 2014",
City,"Population, 2014/a",Total (direct and intergovernmental),Direct expenditure only,Total general expenditure/b,All functions,General functions only/c
"Albuquerque, NM",557894,1046466,1046194,883365,6458,5749
"Atlanta, GA",456143,2268510,2268510,1530396,7925,7694
"Austin, TX",912713,3367830,3367830,1629097,12859,10785
"Baltimore, MD",623711,3983531,3920614,3472622,25781,24993
"Baton Rouge, LA",229007,1306030,1298542,1211557,7661,7502
"Boston, MA",660278,4041526,3702768,3287953,19837,19627
,,,,,,
"Buffalo, NY",259259,1452884,1451674,1441759,8763,8660
"Charlotte, NC",809402,1869603,1853389,1492736,7259,6173
"Chicago, IL",2723436,9514694,9514694,7243191,31786,29938
"Cincinnati, OH",298041,1222813,1173938,846079,4999,4237
"Cleveland, OH",389860,1304653,1293883,836259,7376,6098
"Columbus, OH",837931,1818191,1818191,1495760,8239,7651
,,,,,,
"Dallas, TX",1280450,3800276,3788713,2982800,14541,13273
"Denver, CO",663963,2974151,2974151,2560423,12136,11025
"Detroit, MI",680223,2594939,2585740,1982515,11910,9278
"El Paso, TX",680682,1067711,1067711,738187,5794,5088
"Fort Worth, TX",813425,1460254,1460254,1127091,6340,5723
"Honolulu, HI",992082,2394542,2394542,1659522,10195,9632
,,,,,,
"Houston, TX",2256192,4985924,4940824,3989333,21510,20682
"Indianapolis, IN",849052,4795512,4788257,3587539,14463,12946
"Jacksonville, FL",854962,4118160,4118160,1724942,9656,7712
"Kansas City, MO",470882,1982039,1933581,1645649,6481,5912
"Long Beach, CA",472430,2192070,2192070,1955359,5309,4253
"Los Angeles, CA",3936940,16395713,16395713,8940505,52613,43598
,,,,,,
"Memphis, TN",656482,3199937,3198792,1139049,10640,7538
"Miami, FL",431376,988980,988980,785883,3819,3819
"Milwaukee, WI",600598,1330041,1290591,955859,6503,6193
"Minneapolis, MN",407209,1132348,1080233,1044559,4853,4621
"Nashville, TN",644729,4227908,4227644,2536511,20992,19556
"Newark, NJ",280980,836030,773398,797530,3761,3629
,,,,,,
"New Orleans, LA",384360,2025487,2025487,1853916,6230,5272
"New York, NY",8495194,113630000,104760000,85913852,411356,359869
"Oakland, CA",414339,1493811,1493811,1436091,4021,4021
"Oklahoma City, OK",621018,1203527,1203527,968198,4543,4016
"Omaha, NE",442316,654734,637466,561248,2788,2788
"Philadelphia, PA",1561562,7421481,7271112,5798026,29471,26601
,,,,,,
"Phoenix, AZ",1538411,3284433,3272600,2473446,12875,11830
"Pittsburgh, PA",305765,571360,571360,545854,3329,3329
"Portland, OR",620420,1583274,1583274,1254105,5711,5163
"St.Louis, MO",317222,1251740,1214829,1020412,6195,5886
"San Antonio, TX",1440309,4497866,4497866,1889125,15537,10955
"San Diego, CA",1382251,2946263,2937347,2076509,9559,8879
,,,,,,
"San Francisco, CA",852537,9755275,9755275,6532458,30765,25088
"San Jose, CA",1016597,1747368,1717371,1374573,4804,4542
"Seattle, WA",669112,3010397,2837815,1761803,11111,8434
"Toledo, OH",280592,489508,463287,435333,2767,2442
"Tucson, AZ",530454,1142197,1142197,687204,4825,4339
"Tulsa, OK",400217,894125,893876,724674,3826,3328
"Washington, DC",659836,13074209,12628996,11960017,34498,34088
Note: Local government data are estimates subject to variability.,,,,,,
"a/Population figures are from the United States Census Bureau, Annual Estimates of the Resident Population for the United States, regions, states, and Puerto Rico: April 1, 2010 to July 1, 2015 (May 2016).",,,,,,
"b/""Total general expenditure"" excludes utilities, county-operated liquor stores, and insurance trust benefits.",,,,,,
"c/""General functions only"" FTE excludes utilities and county-operated liquor stores.",,,,,,
