"Bureau of Justice Statistics",,,,,,,,,,,,,,
"Filename:  cpp9911.csv",,,,,,,,,,,,,,
"Table 11.  Reasons police gave for stopping vehicle, by gender, race/ethnicity, and age of stopped drivers, 1999",,,,,,,,,,,,,,
"Report title:  Contacts between Police and the Public:  Findings from the 1999 National Survey  NCJ  184957",,,,,,,,,,,,,,
"Data source:  National Crime Victimization Survey: Public-Public Contact Supplement, 1999",,,,,,,,,,,,,,
"Author:  Patrick A. Langan, Ph.D.",,,,,,,,,,,,,,
"Refer questions to:  askbjs@ojp.usdoj.gov  (202) 307-0765",,,,,,,,,,,,,,
"Date of version: 1/22/01",,,,,,,,,,,,,,
,,,,,,,,,,,,,,
"Table 11.  Reasons police gave for stopping vehicle, by gender, race/ethnicity, and age of stopped drivers, 1999",,,,,,,,,,,,,,
,,,,,,,,,,,,,,
,,,,,"Reason police gave",,,,,,,,,
,,,"Speeding","Vehicle defect","Roadside check for drinking drivers",,"Record check",,"Driver suspected of something",,"Other traffic offense",,"Other",
,,,,,,,,,,,,,,
"Total",100,"%",51.2%,11.4%,2.3,"%",9.2,"%",2.3,"%",22.7,"%",0.9,"%"
"Gender",,,,,,,,,,,,,,
"Male",100,"%",49.3,12.5,2.5,,8.3,,3,,23.6,,0.8,
"Female",100,,54.1,9.6,1.9,,10.6,,1.4,,21.3,,1.1,
"Race and ethnicity",,,,,,,,,,,,,,
"White",100,"%",53.7,10.4,2.5,,9.1,,2.3,,21,,1,
"Black",100,,43.4,13.4,1.4,"*",11,,2.4,,28.1,,0.3,"*"
"Hispanic",100,,42.1,15.4,1.3,"*",9.7,,3,,27.9,,0.6,"*"
"Other",100,,45.6,15.9,1.2,"*",4,"*",2.3,,30.7,"*",0.3,"*"
"Age",,,,,,,,,,,,,,
" 16-19",100,"%",52.3,12.1,0.7,,4.4,,6.1,,23.6,,0.8,"*"
" 20-29",100,,53.5,13.5,2,,7.2,,2.3,,20.8,,0.7,
" 30-39",100,,51.4,11.5,2.1,,10.2,,1.8,,22.2,,0.8,
" 40-49",100,,51,10.4,2.6,,9.8,,1.6,,23.4,,1.2,
" 50-59",100,,48.8,8.8,3.8,,13.4,,1.8,,22.6,,0.8,"*"
" 60 or older",100,,43.1,7.6,3.3,,13.2,,1.4,"*",29.9,,1.5,"*"
,,,,,,,,,,,,,,
"Estimated number",19277002,,9889102,2197578,443371,,1773484,,443371,,4375879,,173493,
,,,,,,,,,,,,,,
"Note: Table excludes 1.6% of stopped drivers who said the police had not given a reason for the stop. ",,,,,,,,,,,,,,
"*Estimate is based on 10 or fewer sample cases.",,,,,,,,,,,,,,
