"Bureau of Justice Statistics",,,,,,
"Filename:  cpp9922.csv",,,,,,
"Table 22.  U.S. population age 16 or older injured from police use or threat of force,",,,,,,
"by race/ethnicity, 1999",,,,,,
"Report title:  Contacts between Police and the Public:  Findings from the 1999 National Survey  NCJ  184957",,,,,,
"Data source:  National Crime Victimization Survey: Public-Public Contact Supplement, 1999",,,,,,
"Author:  Steven K. Smith, Ph.D.",,,,,,
"Refer questions to:  askbjs@ojp.usdoj.gov  (202) 307-0765",,,,,,
"Date of version: 1/22/01",,,,,,
,,,,,,
"Table 22.  U.S. population age 16 or older injured from police use or threat of force,",,,,,,
"by race/ethnicity, 1999",,,,,,
,,,,,,
,,,,,"Percent of",
,"Number of persons reporting--",,,,"persons with force",
"Race/ethnicity","Use of force",,"Injury",,"reporting injury/a",
,,,,,,
"Total person with force",421714,,63924,,15.2,"%"
"  White",248539,,49278,,19.8,
"  Black",95440,,7798,,8.2,"*"
"  Hispanic",65530,,6848,,10.5,"*"
"  Other",12205,,0,,0,"*"
,,,,,,
"Note:  Zero represents no cases in sample.",,,,,,
"*Estimate based on 10 or fewer sample cases.",,,,,,
"a/Question:  ""Were you injured as a result of (this/the most recent)",,,,,,
"incident?""  This question was asked only of those who said police",,,,,,
"used or threatened to use force against them.",,,,,,
