"Bureau of Justice Statistics",,,,,,
"Filename:  cpp9920.csv",,,,,,
"Table 20.  U.S. population age 16 or older who experienced force or threat",,,,,,
"of  force, and said it was excessive, by race/ethnicity, 1999",,,,,,
"Report title:  Contacts between Police and the Public:  Findings from the 1999 National Survey  NCJ  184957",,,,,,
"Data source:  National Crime Victimization Survey: Public-Public Contact Supplement, 1999",,,,,,
"Author:  Steven K. Smith, Ph.D.",,,,,,
"Refer questions to:  askbjs@ojp.usdoj.gov  (202) 307-0765",,,,,,
"Date of version: 1/22/01",,,,,,
,,,,,,
"Table 20.  U.S. population age 16 or older who experienced force or threat",,,,,,
"of  force, and said it was excessive, by race/ethnicity, 1999",,,,,,
,,,,,,
,,,"Number of",,"Percent of",
,,,"persons",,"with force",
,"Number of",,"reporting",,"who said it",
"Race/","persons",,"force was",,"was exces-",
"ethnicity","with force/a",,"excessive",,"sive",
,,,,,,
"Total",421714,,321028,,76.1,"%"
,,,,,,
"  White",248539,,181778,,73.1,"%"
"  Black",95440,,68830,,72.1,
"  Hispanic",65530,,58215,,88.8,
"  Other race",12205,,12205,,100.0,"*"
,,,,,,
"*Estimate based on 10 or fewer sample cases.",,,,,,
"a/Question:  ""Do you feel that any of the physical",,,,,,
"force used or threatened against you was excessive?""",,,,,,
