"Bureau of Justice Statistics",,,,
"Filename:  cpp9901.csv",,,,
"Table 1.  Rate of face-to-face contact between police and residents age 16 or older, by gender and age, 1999",,,,
"Report title:  Contacts between Police and the Public:  Findings from the 1999 National Survey  NCJ  184957",,,,
"Data source:  National Crime Victimization Survey: Public-Public Contact Supplement, 1999",,,,
"Author:  Lawrence A. Greenfeld",,,,
"Refer questions to:  askbjs@ojp.usdoj.gov  (202) 307-0765",,,,
"Date of version: 1/22/01",,,,
,,,,
,,,,
"Table 1.  Rate of face-to-face contact between police and residents age 16  or older, by gender and age, 1999",,,,
,,,,
"Population ","Contact ","No contact ","Total population ","Rate of contact "
"characteristic","with police","with police","age 16 or older","per 1,000"
,,,,
"Male",23135110,77733034,100868144,229
"Female",20692308,87790125,108482433,191
,,,,
,,,,
"16 to 17",1845977,6222534,8068511,229
"18 to 19",2705888,5193533,7899421,343
"20 to 24",5730078,12582986,18313060,313
"25 to 29",4833335,13563021,18396356,263
"30 to 34",4833379,15015718,19849097,244
"35 to 39",5145251,17479357,22624608,227
"40 to 44",5111473,17263649,22375122,228
"45 to 49",4179427,15385185,19564612,214
"50 or older",9442611,62817173,72259784,131
,,,,
"Total",43827419,165523158,209350577,209
,,,,
"Note:  Detail may not add to total because of estimation procedures.",,,,
