"Bureau of Justice Statistics",,,,,,
"Filename:  cpp9918.csv",,,,,,
"Table 18.  U.S. population age 16 or older who experienced force or threat",,,,,,
"of  force, by reason for contact, 1999",,,,,,
"Report title:  Contacts between Police and the Public:  Findings from the 1999 National Survey  NCJ  184957",,,,,,
"Data source:  National Crime Victimization Survey: Public-Public Contact Supplement, 1999",,,,,,
"Author:  Steven K. Smith, Ph.D.",,,,,,
"Refer questions to:  askbjs@ojp.usdoj.gov  (202) 307-0765",,,,,,
"Date of version: 1/22/01",,,,,,
,,,,,,
"Table 18.   U.S. population age 16 or older who experienced force or",,,,,,
"threat of force, by reason for contact, 1999",,,,,,
,,,,,,
,,,"Number of",,"Percent of ",
,"Unweighted",,"persons",,"persons with",
"Reason for face-to-face contact","number",,"with force/a",,"force",
,,,,,,
"Total persons with",,,,,,
"force",138,,421714,,100,"%"
,,,,,,
"Citizen-initiated contact",9,,27512,,6.5,"%"
"  Reported a crime",3,,11614,,2.8,"*"
"  Asked for assistance or information",4,,11268,,2.7,"*"
"  Reported a neighborhood problem ",2,,4630,,1.1,"*"
,,,,,,
"Police-initiated contact",120,,402278,,95.4,"%"
"  Traffic-related",52,,165389,,39.2,
"  Citizen was victim of a crime",3,,9714,,2.3,"*"
"  Citizen witnessed a crime",1,,2813,,0.7,"*"
"  Citizen was involved in a crime",26,,74874,,17.8,
"  Citizen was suspected of a crime*",25,,79405,,18.8,
"  Police had an arrest warrant",5,,11619,,2.8,"*"
"  Police investigating a crime",8,,23557,,5.6,"*"
"  Other",12,,34907,,8.3,
,,,,,,
"Note: Percents do not sum to 100 because some respondents reported more than",,,,,,
"one reason for police contact.",,,,,,
"*Estimated percents based on 10 or fewer sample cases.",,,,,,
"a/Question:  ""How would you best describe the reason or reasons for these",,,,,,
"in-person contacts with the police during the last 12 months?""",,,,,,
