"Bureau of Justice Statistics",,,,,,,,,,
"Filename:cv00a02.csv",,,,,,,,,,
"Appendix table 2.  Property crime rates of selected household demographics, 1993-2000",,,,,,,,,,
"Title of Report:  Criminal Victimization 2000, Changes 1999-2000 with Trends 1993-2000,  NCJ 187007",,,,,,,,,,
"Data source:  National Crime Victimization Survey",,,,,,,,,,
"Author:  Callie Rennison, Ph.D.",,,,,,,,,,
"Refer questions to:   (202) 307-0765 or askbjs@ojp.usdoj.gov",,,,,,,,,,
"Date version:  6/7/01",,,,,,,,,,
,,,,,,,,,,
"Appendix table 2.  Property crime rates of selected household demographics, 1993-2000",,,,,,,,,,
,,,,,,,,,"Change in the ",
"Demographic",,,"Number of property crimes per 1,000 households",,,,,,"rate per 1,000,",
"categories",1993,1994,1995,1996,1997,1998,1999,2000,"1993-2000",
,,,,,,,,,,
"Race",,,,,,,,,,
"White",309.7,304.8,283.4,259.9,242.3,212.6,190.0,173.3,-22.4,"*"
"Black",376.6,347.8,328.8,310.0,292.0,248.0,249.9,212.2,-22.0,"*"
"Other",349.6,313.1,337.4,268.4,237.4,224.5,206.3,171.3,-24.7,"*"
,,,,,,,,,,
"Hispanic origin",,,,,,,,,," "
"Hispanic",429.7,435.9,385.3,328.1,329.4,267.6,232.5,227.0,-34.9,"*"
"Non-Hispanic",311.0,300.3,282.8,261.2,240.8,212.5,194.6,173.4,-21.6,"*"
,,,,,,,,,,
"Location",,,,,,,,,," "
"Urban",404.8,384.7,358.3,334.5,311.1,274.2,256.3,222.1,-26.7,"*"
"Suburban",305.1,297.2,280.6,250.5,238.0,204.5,181.4,163.7,-23.2,"*"
"Rural",246.4,245.2,228.4,206.0,191.7,173.5,159.8,152.6,-16.3,"*"
,,,,,,,,,,
"Annual household income",,,,,,,,,," "
"Less than $7,500",305.9,299.6,304.3,282.7,258.8,209.0,220.8,220.9,-15.3,"*"
"$7,500-$14,999",285.9,299.1,267.1,247.5,236.3,229.8,200.1,167.1,-18.0,"*"
"$15,000-$24,999",307.0,308.1,289.8,273.1,242.4,211.0,214.9,193.1,-19.3,"*"
"$25,000-$34,999",336.7,305.2,294.8,285.1,260.3,233.8,199.1,192.2,-20.5,"*"
"$35,000-$49,999",342.7,326.9,301.5,287.6,271.7,221.7,207.6,192.9,-23.1,"*"
"$50,000-$74,999",374.4,364.1,333.2,284.0,270.9,248.6,213.6,181.9,-29.1,"*"
"$75,000 or more",400.3,356.0,350.4,304.6,292.8,248.6,220.4,197.2,-26.8,"*"
,,,,,,,,,,
"Note:  These rates are based on the collection year.  Thus, the 1993, 1994 and 1995 rates ",,,,,,,,,,
"differ from rates published in Changes in Criminal Victimization, 1994-95 (March 1997, NCJ 162032), which",,,,,,,,,,
"are based on data years.  ",,,,,,,,,,
"Values for the change in the rate are the regression coefficients (b), the slope of the regression line, 1993-2000, ",,,,,,,,,,
"based on a linear trend test, taking into account fluctuations in intervening years.",,,,,,,,,,
"*1993 to 2000 is significant at the 95%-confidence level.",,,,,,,,,,
