"Bureau of Justice Statistics",,,,,,,,,,,
"Filename:cv0002.csv",,,,,,,,,,,
"Table 2.  Rates of violent crime and personal theft, by gender, age, race, and Hispanic origin, 2000",,,,,,,,,,,
"Title of Report:  Criminal Victimization 2000, Changes 1999-2000 with Trends 1993-2000,  NCJ 187007",,,,,,,,,,,
"Data source:  National Crime Victimization Survey",,,,,,,,,,,
"Author:  Callie Rennison, Ph.D.",,,,,,,,,,,
"Refer questions to:   (202) 307-0765 or askbjs@ojp.usdoj.gov",,,,,,,,,,,
"Date version:  6/7/01",,,,,,,,,,,
,,,,,,,,,,,
"Table 2.  Rates of violent crime and personal theft, by gender, age, race, and Hispanic origin, 2000",,,,,,,,,,,
,,,,,,,,,,,
,,,"Victimizations per 1,000 persons age 12 or older",,,,,,,,
,,,"Violent crimes",,,,,,,,
,,,"Rape/",,,,"Assault",,,"Per-",
"Characteristic",,,"Sexual",,,,,"Aggra-",,"sonal",
"of victim","Population","All","assault",,"Robbery",,"Total","vated","Simple","theft",
,,,,,,,,,,,
"Gender",,,,,,,,,,,
"Male",109816970,32.9,0.1,"*",4.5,,28.3,8.3,19.9,1.0,
"Female",116987650,23.2,2.1,,2.0,,19.0,3.2,15.8,1.4,
,,,,,,,,,,,
"Age",,,,,,,,,,,
"12-15",16064090,60.1,2.1,,4.2,,53.8,9.9,43.9,1.8,
"16-19",16001650,64.3,4.3,,7.3,,52.7,14.3,38.3,3.0,
"20-24",18587790,49.4,2.1,,6.2,,41.2,10.9,30.3,1.1,"*"
"25-34",37757070,34.8,1.3,,3.9,,29.5,6.8,22.7,1.5,
"35-49",64927820,21.8,0.8,,2.7,,18.4,4.7,13.7,0.9,
"50-64",40764000,13.7,0.4,"*",2.1,,11.1,2.8,8.4,0.5,"*"
"65 or older",32702210,3.7,0.1,"*",0.7,"*",2.9,0.9,2.0,1.2,
,,,,,,,,,,,
"Race",,,,,,,,,,,
"White",189308050,27.1,1.1,,2.7,,23.3,5.4,17.9,1.1,
"Black",27978180,35.3,1.2,,7.2,,26.9,7.7,19.2,1.9,
"Other",9518390,20.7,1.1,"*",2.8,,16.7,5.2,11.5,1.8,"*"
,,,,,,,,,,,
"Hispanic origin",,,,,,,,,,,
"Hispanic",24513290,28.4,0.5,"*",5.0,,23.0,5.6,17.4,2.4,
"Non-Hispanic",200294810,27.7,1.2,,3.0,,23.5,5.7,17.8,1.1,
,,,,,,,,,,,
"Note: The National Crime Victimization Survey includes as violent crime",,,,,,,,,,,
"rape, sexual assault, robbery, and assault.   Because the NCVS interviews",,,,,,,,,,,
"persons about their victimizations, murder and manslaughter cannot be included.",,,,,,,,,,,
"*  Based on 10 or fewer sample cases.",,,,,,,,,,,
