Bureau of Justice Statistics,,,,,,
Filename:  jeeus1120.csv,,,,,,
Table 20.  Supplemental data for 49 large city governments (preliminary),,,,,,
"Series title:  Justice Expenditure and Employment Extracts 2011, NCJ 247020",,,,,,
Data source:  Justice Expenditure and Employment Extracts Program (JEE),,,,,,
Author: Tracey Kyckelhahn,,,,,,
Refer questions to:  askbjs@ojp.usdoj.gov (202) 307-0765,,,,,,
Date of version:  ,,,,,,
,,,,,,
Table 20.  Supplemental data for 49 large city governments (preliminary),,,,,,
,,,,,,
,,"Expenditures, fiscal year 2011",,,"Full-time equivalent employment,",
,,(thousands of dollars),,,Mar-11,
,,,,,,
,,All functions,,,,
,,,,,,
,"Population,",Total (direct and,Direct expenditure,Total general,,General functions
City,2011/a,intergovernmental),only,expenditure/b,All functions,only/c
,,,,,,
"Albuquerque, NM",552180,1058404,1056471,872196,6502,5685
"Atlanta, GA",431740,2327660,2283944,1732309,8091,7726
"Austin, TX",817197,3102200,3102200,1453568,12445,10236
"Baltimore, MD",620216,3962407,3894634,3539508,26541,25801
"Baton Rouge, LA",228976,1195522,1194178,1100793,7566,7423
"Boston, MA",628335,3562037,3255673,3026811,19160,18950
,,,,,,
"Buffalo, NY",260371,1478275,1475830,1464064,9158,9027
"Charlotte, NC",756213,1412396,1402786,1116383,7075,6044
"Chicago, IL",2705248,8831027,8831027,6895487,48121,46276
"Cincinnati, OH",296011,1373939,1333547,988056,5644,5061
"Cleveland, OH",392694,1304097,1295688,855957,7791,6404
"Columbus, OH",799086,1383685,1382929,1191383,7945,7361
,,,,,,
"Dallas, TX",1217821,3099794,3089170,2404361,14494,13269
"Denver, CO",619285,2713645,2699456,2272075,12233,11105
"Detroit, MI",706201,3884864,3870199,2327888,11645,8964
"El Paso, TX",663977,828363,828363,583670,5990,5130
"Fort Worth, TX",761664,1309477,1309477,1001207,6386,5800
"Honolulu, HI",0,2059174,2059174,1541583,9281,8764
,,,,,,
"Houston, TX",2126196,4355069,4308765,3557803,22059,21262
"Indianapolis, IN",827517,3502558,3455176,2844461,12433,11330
"Jacksonville, FL",828789,4689030,4503568,2134700,9368,8602
"Kansas City, MO",461988,1628924,1586474,1393467,6646,6170
"Long Beach, CA",465002,1989707,1983630,1747661,5983,4880
"Los Angeles, CA",3823316,14970462,14936774,8290217,51270,41959
,,,,,,
"Memphis, TN",651348,4279745,4277382,2205872,22613,20428
"Miami, FL",410335,858727,858727,679305,3923,3923
"Milwaukee, WI",597600,1380804,1339913,1039927,6542,6232
"Minneapolis, MN",388227,1200379,1150891,948077,5111,4866
"Nashville, TN",612173,3945119,3943357,2400358,21583,20121
"Newark, NJ",277590,955054,893005,920441,3803,3698
,,,,,,
"New Orleans, LA",360341,1789163,1789163,1640706,6593,5618
"New York, NY",8269639,102423894,96257691,78329279,399928,351146
"Oakland, CA",395935,1397988,1389524,1323368,4228,4228
"Oklahoma City, OK",589408,1154566,1154566,878919,4307,3811
"Omaha, NE",416309,669032,655228,583870,2834,2834
"Philadelphia, PA",1538567,6847135,6705011,4941673,29607,26794
,,,,,,
"Phoenix, AZ",1464214,3469482,3460020,2740871,13924,12900
"Pittsburgh, PA",306059,640477,640477,559101,3251,3251
"Portland, OR",593893,1655234,1655234,1404073,5680,5077
"St.Louis, MO",318563,1068033,1035539,973149,6335,6025
"San Antonio, TX",1357551,4240164,4240164,1835028,15280,10481
"San Diego, CA",1320274,3053000,3012001,2303684,9501,8775
,,,,,,
"San Francisco, CA",814233,9286507,9225933,5812788,28660,22568
"San Jose, CA",970014,1886927,1814427,1615799,5929,5537
"Seattle, WA",621897,2828485,2682468,1636335,10702,8178
"Toledo, OH",285621,507632,494955,454394,2176,1885
"Tucson, AZ",523168,1003596,1003596,715013,4941,4449
"Tulsa, OK",392452,816809,816809,679631,3856,3371
"Washington, DC",619020,11520570,11165111,10564061,32391,32010
,,,,,,
Note: Jurisdictions without data did not report for 2011.,,,,,,
"a/ Population data are from the Bureau of the Census, July 1, 2012 Population Estimates for Places and Minor Civil Divisions.",,,,,,
"b/ ""Total general expenditure"" excludes utilities, city-operated liquor stores, and insurance benefits.",,,,,,
"c/ ""General functions only"" FTE excludes utilities and city-operated liquor stores.",,,,,,
