Bureau of Justice Statistics,,,,,,,
Filename: cpus19stt04.csv,,,,,,,
"Table 4. Rate of persons supervised by adult correctional systems in the U.S., by correctional status, 2009-2019",,,,,,,
"Report title: Correctional Populations in the United States, 2019 - Statistical Tables NCJ 300655",,,,,,,
"Data source: Bureau of Justice Statistics, Annual Probation Survey, Annual Parole Survey, National Prisoner Statistics program, 2009-2019; Annual Survey of Jails, 2009-2018; Census of Jails, 2019; and U.S. Census Bureau, postcensal estimated resident populations for January 1 of each year, 2010-2020",,,,,,,
"Authors: Todd D. Minton, Lauren G. Beatty, and Zhen Zeng, Ph.D., BJS Statisticians",,,,,,,
Refer questions to: askbjs@usdoj.gov 202-307-0765,,,,,,,
Date of version: 7/22/2021,,,,,,,
,,,,,,,
"Table 4. Rate of persons supervised by adult correctional systems in the U.S., by correctional status, 2009-2019",,,,,,,
,Total correctional population/a,,,Community supervision population,,Incarcerated population/b,
Year,"Number supervised per 100,000 U.S. adult residents/c",U.S. adult residents under correctional supervision,"Number supervised per 100,000 U.S. residents of all ages/d","Number on probation/parole per 100,000 U.S. adult residents/c","Number on probation/parole per 100,000 U.S. residents of all ages/d","Number in prison/local jail per 100,000 U.S. adult residents/c","Number in prison/local jail per 100,000 U.S. residents of all ages/d"
2009,"3,100",1 in 32,"2,350","2,150","1,630",980,750
2010,"3,000",1 in 33,"2,280","2,070","1,570",960,730
2011,"2,930",1 in 34,"2,240","2,020","1,540",940,720
2012,"2,880",1 in 35,"2,210","1,980","1,520",920,710
2013,"2,830",1 in 35,"2,170","1,950","1,500",910,700
2014,"2,790",1 in 36,"2,140","1,920","1,470",900,700
2015,"2,720",1 in 37,"2,090","1,870","1,440",880,680
2016,"2,640",1 in 38,"2,040","1,810","1,400",860,670
2017,"2,590",1 in 39,"2,010","1,790","1,380",850,660
2018,"2,520",1 in 40,"1,960","1,730","1,340",830,650
2019,"2,480",1 in 40,"1,930","1,700","1,320",810,630
Note: Rates are estimated to the nearest 10. Estimates may have been revised based on updated reporting by responding agencies and may differ from previously published statistics. See the Key Statistics page on the BJS website for correctional population statistics prior to 2009. ,,,,,,,
"a/Offenders who were supervised in the community by probation or parole agencies, were under the jurisdiction of state or federal prisons, or were in the custody of local jails.",,,,,,,
b/Offenders who were under the jurisdiction of state or federal prisons or were held in local jails. ,,,,,,,
c/Rates were calculated using U.S. Census Bureau estimates of the U.S. resident population of persons age 18 or older for January 1 of the following year.,,,,,,,
d/Rates were calculated using U.S. Census Bureau estimates of the U.S. resident population of persons of all ages for January 1 of the following year.,,,,,,,
"Source: Bureau of Justice Statistics, Annual Probation Survey, Annual Parole Survey, National Prisoner Statistics program, 2009-2019; Annual Survey of Jails, 2009-2018; Census of Jails, 2019; and U.S. Census Bureau, postcensal estimated resident populations for January 1 of each year, 2010-2020.",,,,,,,
