Bureau of Justice Statistics,,,,
Filename: cpus19stt02.csv,,,,
"Table 2. Change in the number of persons supervised by adult correctional systems in the U.S., 2009-2019",,,,
"Report title: Correctional Populations in the United States, 2019 - Statistical Tables NCJ 300655",,,,
"Data source: Bureau of Justice Statistics, Annual Probation Survey, Annual Parole Survey, National Prisoner Statistics program, 2009 and 2019; Annual Survey of Jails, 2009; and Census of Jails, 2019",,,,
"Authors: Todd D. Minton, Lauren G. Beatty, and Zhen Zeng, Ph.D., BJS Statisticians",,,,
Refer questions to: askbjs@usdoj.gov 202-307-0765,,,,
Date of version: 7/22/2021,,,,
,,,,
"Table 2. Change in the number of persons supervised by adult correctional systems in the U.S., 2009-2019",,,,
,,2009-2019,,
Correctional population,,Change in population,Percent of total change,
,Total change/a,"-895,200",--,
Probation/b,,"-706,900",79,%
"Prison/b,c",,"-184,700",20.6,
Parole/b,,"54,300",-6.1,
Local Jail/d,,"-33,000",3.7,
"Note: Counts are rounded to the nearest 100 and include estimates for nonresponding jurisdictions. Detail populations may not sum to the total change due to rounding and because counts used to calculate change in each correctional population included persons with dual correctional statuses (probationers and parolees held in prisons or local jails, parolees who were also on probation, and prisoners who were held in local jails). See table 5 and Methodology for more details.",,,,
--Not calculated. Details do not sum to 100% because the number of persons with dual correctional statuses was excluded from the total change to avoid double counting. See Methodology for more details.,,,,
"a/Reflects the change in probation, prison, parole, and local jail populations, minus the change in offenders with dual correctional statuses, to avoid double counting. From 2009 to 2019, the number of offenders with dual correctional statuses increased by 24,900.  See table 5 and Methodology for more details.",,,,
b/Population as of December 31.,,,,
c/Offenders who were under the jurisdiction of state or federal prisons.,,,,
d/Population as of the last weekday in June.,,,,
"Source: Bureau of Justice Statistics, Annual Probation Survey, Annual Parole Survey, National Prisoner Statistics program, 2009 and 2019; Annual Survey of Jails, 2009; and Census of Jails, 2019.",,,,
