Bureau of Justice Statistics,
filename:  japg11t02.csv,
"Table 2.  Territories and District of Columbia allocations, FY 2011",
Report title:  Justice Assistance Grant (JAG) Program 2011 NCJ 237732,
data source:  Uniform Crime Report,
author:  Alexia D. Cooper,
refer questions to:  askbjs@usdoj.gov (202) 307-0765,
date of version: 2/1/2012,
,
"Table 2.  Territories and District of Columbia allocations, FY 2011",
,
Territories and D.C.,Award amount
,
Total,"$8,879,588 "
,
American Samoa,"$616,850 "
Northern Mariana Islands,"$303,822 "
Guam,"$920,672 "
Puerto Rico,"$3,935,901 "
Virgin Islands,"$920,672 "
,
District of Columbia,"$2,181,670 "
