Bureau of Justice Statistics,,,,,,,,,,,
Filename: fjs1718t08.csv,,,,,,,,,,,
"Table 8. Admissions and releases of federal prisoners, by offense, FY 2018",,,,,,,,,,,
"Report title: Federal Justice Statistics, 2017-2018 � NCJ 254598",,,,,,,,,,,
"Data source: Bureau of Justice Statistics, based on data from the Federal Bureau of Prisons, SENTRY database, fiscal year 2018",,,,,,,,,,,
"Author: Mark Motivans, Ph.D., BJS Statistician",,,,,,,,,,,
Refer questions to: askbjs@usdoj.gov 202-307-0765,,,,,,,,,,,
Date of version: 4/6/2021,,,,,,,,,,,
,,,,,,,,,,,
"Table 8. Admissions and releases of federal prisoners, by offense, FY 2018",,,,,,,,,,,
,,,Prisoners admitted,,,Prisoners released,,,,,
,,,District court/c,,,First release/d,,,,,
Most serious commitment offense/a,,Population at start of year/b,Sentence of 1 year or less,Sentence of more than 1 year,All other/e,Time served of 1 year or less,Time served of more than 1 year,All other/f,,Population at end of year/g,Net population change
,Total,"167,034","7,824","39,796","11,628","9,679","42,725","11,993",,"161,885","-5,149"
Violent ,,"10,023",76,"1,409",957,98,"1,538","1,071",,"9,758",-265
Property ,,"10,125",705,"3,298","1,251",848,"3,827","1,327",,"9,377",-748
,Fraud,"8,575",554,"2,826",921,672,"3,313",956,,"7,935",-640
,Other,"1,550",151,472,330,176,514,371,,"1,442",-108
Drug ,,"79,058",689,"15,660","4,731",864,"17,690","4,849",,"76,735","-2,323"
Public order ,,"24,679",504,"5,513","1,332",571,"4,477","1,348",,"25,632",953
,Regulatory,"3,027",170,"1,074",162,186,974,162,,"3,111",84
,Other,"21,652",334,"4,439","1,170",385,"3,503","1,186",,"22,521",869
Weapons ,,"28,397",175,"6,980","2,505",188,"6,472","2,523",,"28,874",477
Immigration ,,"14,024","5,618","6,804",780,"7,040","8,535",807,,"10,844","-3,180"
"Note: The unit of count is a person admitted to or released from the Federal Bureau of Prisons. Offenders who are admitted and released in the same year are counted separately. Excludes District of Columbia Superior Court offenders, military code offenders, state boarders, and foreign treaty transfers. Offenders who entered or left a prison temporarily (such as for transit to another location, for health care, or to serve a weekend sentence) are not counted as admitted or released. Data were missing for offense at the start of the year (728) and at the end of the year (665).",,,,,,,,,,,
a/The offense with the longest sentence imposed at conviction.,,,,,,,,,,,
"b/The population as of October 1, 2017.",,,,,,,,,,,
c/Prisoners who were committed by a U.S. district court for U.S. Code violations.,,,,,,,,,,,
d/Prisoners who were released after being committed by a U.S. district court.,,,,,,,,,,,
"e/Prisoners who were committed following a return to prison for violating conditions of their supervised release or who were received for examination, treatment, or transfer to another jurisdiction.",,,,,,,,,,,
f/Prisoners who were released from prison without a new court commitment after they were committed for violating conditions of their supervised release.,,,,,,,,,,,
"g/The population as of September 30, 2018. ",,,,,,,,,,,
"Source: Bureau of Justice Statistics, based on data from the Federal Bureau of Prisons, SENTRY database, fiscal year 2018.",,,,,,,,,,,
