Bureau of Justice Statistics,,,
Filename: fjs1718f03.csv,,,
"Figure 3. Federal and state arrests by the Drug Enforcement Administration, by marijuana, methamphetamine, and other non-opioids, FY 2008-2018",,,
"Report title: Federal Justice Statistics, 2017-2018 � NCJ 254598",,,
"Data source: Bureau of Justice Statistics, based on data from the Drug Enforcement Administration, Defendant Statistical System, fiscal years 2008-2018",,,
"Author: Mark Motivans, Ph.D., BJS Statistician",,,
Refer questions to: askbjs@usdoj.gov 202-307-0765,,,
Date of version: 4/6/2021,,,
,,,
"Figure 3. Federal and state arrests by the Drug Enforcement Administration, by marijuana, methamphetamine, and other non-opioids, FY 2008-2018",,,
Fiscal year,Marijuana,Methamphetamine,Other non-opioids*
2008,"6,289","4,792","2,010"
2009,"7,532","4,948","2,408"
2010,"8,215","5,527","2,293"
2011,"7,723","5,547","2,765"
2012,"6,787","6,000","2,869"
2013,"5,862","6,858","2,945"
2014,"5,082","7,005","3,197"
2015,"4,741","8,023","2,932"
2016,"4,213","8,068","2,787"
2017,"3,541","7,280","2,555"
2018,"3,266","8,088","2,595"
Note: The unit of count is an arrest by the Drug Enforcement Administration (DEA). Each arrest for an individual is counted separately. Includes state and federal arrests made by the DEA. ,,,
"*Includes non-opioid pharmaceutical controlled substances, other depressants, sedatives, ephedrine, pseudoephedrine, hallucinogens, synthetic cannabinoids, other steroids, equipment to manufacture controlled substances, and drug-use paraphernalia.",,,
"Source: Bureau of Justice Statistics, based on data from the Drug Enforcement Administration, Defendant Statistical System, fiscal years 2008-2018.",,,
