"Bureau of Justice Statistics",,,,,,,,,,
"Filename:  hvvc0007.csv",,,,,,,,,,
"Table 7.  Reporting of violence to the police, by race and Hispanic origin of the victim, 1993-2000.",,,,,,,,,,
"Title of Report.  Hispanic Victims of Violent Crime, 1993-2000  NCJ  191208",,,,,,,,,,
"Data source:  National Crime Victimization Survey",,,,,,,,,,
"Author:  Callie Rennison, Ph.D.",,,,,,,,,,
"Refer questions to:   (202) 307-0765 or askbjs@ojp.usdoj.gov",,,,,,,,,,
"Date version:  2/10/02",,,,,,,,,,
,,,,,,,,,,
"Table 7.  Reporting of violence to the police, by race and Hispanic origin of the victim, 1993-2000.",,,,,,,,,,
,,,,,,,,,,
,,,"Percent of violent victimizations",,,,,,,
," ",," ","Non-Hispanic",,,,,,
"Reported violence to police","Hispanic",,"White",,"Black",,"American Indian",,"Asian",
"  Total",100,"%",100,"%",100,"%",100,"%",100,"%"
"Yes",44,,42,,48,,45,,39,
"No",55,,56,,50,,53,,61,
"Don't know",1,,1,,1,,2,"*",0,"*"
,,,,,,,,,,
"Average annual number",942360,,6631250,,1318130,,105690,,155700,
,,,,,,,,,,
"Note: The average annual numbers differ from those in other tables because sample cases in which the respondent did not provide an answer were excluded.",,,,,,,,,,
"* Based on 10 or fewer sample cases.",,,,,,,,,,
