"Bureau of Justice Statistics",,,,,,,,,,
"Filename:  hvvc0005.csv",,,,,,,,,,
"Table 5.  Injury from crime and treatment of that injury, by race and Hispanic origin of the victim, 1993-2000.",,,,,,,,,,
"Title of Report.  Hispanic Victims of Violent Crime, 1993-2000  NCJ  191208",,,,,,,,,,
"Data source:  National Crime Victimization Survey",,,,,,,,,,
"Author:  Callie Rennison, Ph.D.",,,,,,,,,,
"Refer questions to:   (202) 307-0765 or askbjs@ojp.usdoj.gov",,,,,,,,,,
"Date version:  2/10/02",,,,,,,,,,
,,,,,,,,,,
"Table 5.  Injury from crime and treatment of that injury, by race and Hispanic origin of the victim, 1993-2000.",,,,,,,,,,
,,,,,,,,,,
,,,"Percent of violent victimizations",,,,,,,
," ",," ","Non-Hispanic",,,,,,
"Injury and type of treatment","Hispanic",,"White",,"Black",,"American Indian",,"Asian",
"  Total",100,"%",100,"%",100,"%",100,"%",100,"%"
,,,,,,,,,,
"Not injured",73,,75,,71,,64,,77,
"Injured",27,,25,,29,,36,,23,
" ",,,,,,,,,,
"  Not treated",15,,15,,13,,16,,12,
"  Treated",12,,10,,16,,20,,11,
" ",,,,,,,,,,
"    At scene/home",5,,4,,6,,8,,4,
"    Doctor's office/clinic",1,,1,,2,,2,"*",1,"*"
"    Hospital but not admitted",4,,4,,7,,8,"*",5,"*"
"    Admitted to hospital",1,,0,,1,,1,"*",0,"*"
,,,,,,,,,,
"Average annual number",942360,,6631250,,1318130,,105690,,155700,
,,,,,,,,,,
"Note: Detail may not add to total because of rounding.",,,,,,,,,,
"* Based on 10 or fewer sample cases. ",,,,,,,,,,
