"Bureau of Justice Statistics",,,,,,,,,,,,,,,,,,,,
"filename:  cv0269.csv",,,,,,,,,,,,,,,,,,,,
"Table 69. Percent of victimizations in which victims took self-protective measures, by characteristics of victims and type of crime",,,,,,,,,,,,,,,,,,,,
"data source: National Criminal Victimization Survey, 2002   NCJ  200561",,,,,,,,,,,,,,,,,,,,
"produced by:  Cathy Maston ",,,,,,,,,,,,,,,,,,,,
"authors:  Patsy Klaus and Cathy Maston",,,,,,,,,,,,,,,,,,,,
"refer questions to:  askbjs@ojp.usdoj.gov     202-307-0765",,,,,,,,,,,,,,,,,,,,
"date of version: 08/31/03",,,,,,,,,,,,,,,,,,,,
,,,,,,,,,,,,,,,,,,,,
"Table 69. Personal crimes of violence, 2002: Percent of victimizations in which victims took self-protective measures, by characteristics of victims and type of crime",,,,,,,,,,,,,,,,,,,,
,,,,,,,,,,,,,,,,,,,,
,"                                                                                                            Percent of all victimizations",,,,,,,,,,,,,,,,,,,
,,,,,,,,,"                        Robbery",,,,,,,,"Assault",,,
"Characteristic","Crimes of violence",,"Completed violence",,"Attempted threatened violence",,"Rape/Sexual assault/a",," Total",,"With injury",,"Without injury",," Total",,"Aggravated",,"Simple",
,,,,,,,,,,,,,,,,,,,,
"Gender",,,,,,,,,,,,,,,,,,,,
"Male",68.3,"%",63.8,"%",70.1,"%",47.6,"%*",60.2,"%",77.8,"%",47.8,"%",69.6,,74.2,"%",68.2,"%"
"Female",72.1,,77.4,,68.9,,87.2,,62.1,,76.5,,52.0,,71.5,,69.1,,72.1,
,,,,,,,,,,,,,,,,,,,,
"Race",,,,,,,,,,,,,,,,,,,,
"White",70.2,,71.6,,69.5,,85.0,,67.1,,85.5,,54.0,,69.9,,71.8,,69.4,
"Black",69.5,,65.0,,71.8,,76.6,,38.9,,47.3,"*",32.9,"*",74.5,,75.5,,74.1,
,,,,,,,,,,,,,,,,,,,,
"Age",,,,,,,,,,,,,,,,,,,,
"12-19",69.9,,75.0,,67.5,,82.6,,69.9,,79.6,,62.2,,68.8,,69.8,,68.6,
"20-34",68.4,,71.3,,67.0,,90.0,,60.7,,87.1,,43.2,,68.3,,73.3,,66.7,
"35-49",75.0,,77.0,,74.1,,64.8,"*",64.3,,87.3,,46.9,"*",76.3,,75.4,,76.5,
"50-64",65.3,,51.3,,72.1,,53.1,"*",50.0,,46.0,"*",53.0,"*",68.2,,58.6,,70.5,
"65 and over",68.8,,35.7,"*",87.3,,100.0,"*",43.9,"*",43.0,"*",44.3,"*",78.6,,90.3,"*",73.5,
,,,,,,,,,,,,,,,,,,,,
"Note: Detail may not add to total shown because of rounding.",,,,,,,,,,,,,,,,,,,,
"*Estimate is based on about 10 or fewer sample cases.",,,,,,,,,,,,,,,,,,,,
"a/Includes verbal threats of rape and threats of sexual assault.",,,,,,,,,,,,,,,,,,,,
