"Bureau of Justice Statistics",,,,,,,,,,,,,,,,
"filename:  cv0262.csv",,,,,,,,,,,,,,,,
"Table 62. Percent distribution of incidents, by type of crime, type of offender and place of occurrence",,,,,,,,,,,,,,,,
"data source: National Criminal Victimization Survey, 2002   NCJ  200561",,,,,,,,,,,,,,,,
"produced by:  Cathy Maston ",,,,,,,,,,,,,,,,
"authors:  Patsy Klaus and Cathy Maston",,,,,,,,,,,,,,,,
"refer questions to:  askbjs@ojp.usdoj.gov     202-307-0765",,,,,,,,,,,,,,,,
"date of version: 08/31/03",,,,,,,,,,,,,,,,
,,,,,,,,,,,,,,,,
"Table 62. Personal robbery and assault by armed or unarmed offenders, 2002: Percent distribution of incidents, by type of crime, type of offender and place of occurrence",,,,,,,,,,,,,,,,
,,,,,,,,,,,,,,,,
,,,"                                                                                          Percent of incidents",,,,,,,,,,,,,
"Type of crime and offender","Number of incidents",,"Total",,"At or in respondent's home",,"Near home",,"On the street near home",,"At, in, or near a friend's relative's or neighbor's home",,"Inside a restaurant, bar, or nightclub",,"Other commercial building",
,,,,,,,,,,,,,,,,
"Robbery",,,,,,,,,,,,,,,,
"By armed offenders",215470,,100,"%",14.4,"%",9.2,"%*",2.9,"%*",4.9,"%*",2.2,"%*",3.1,"%*"
"By unarmed offenders",189230,,100,"%",32.3,,8.4,"*",1.3,"*",8.0,"*","0.0","*",3.7,"*"
,,,,,,,,,,,,,,,,
"Assault",,,,,,,,,,,,,,,,
"By armed offenders",814050,,100,"%",15.8,,15.4,,3.3,"*",9.0,,3.0,"*",8.2,
"By unarmed offenders",3060990,,100,"%",16.0,,10.9,,4.5,,8.4,,5.0,,6.6,
,,,,,,,,,,,,,,,,
,,,,,,,,,,,,,,,,
,,,,,,,,,,,,,,,,
"Type of crime and offender","Parking lot or garage",,"Inside school building/on school property",,"In apartment yard, park, field, or playground",,"On street other than near own home",,"On public transportation or inside station",,"   Other",,,,,
,,,,,,,,,,,,,,,,
"Robbery",,,,,,,,,,,,,,,,
"By armed offenders",24.5,"%",1.5,"%*",3.2,"%*",24.7,"%",4.4,"%*",5.0,"%*",,,,
"By unarmed offenders",3.8,"*",7.5,"*",0.9,"*",27.8,,1.9,"*",4.5,"*",,,,
,,,,,,,,,,,,,,,,
"Assault",,,,,,,,,,,,,,,,
"By armed offenders",8.2,,6.5,,1.6,"*",19.4,,0.4,"*",9.2,,,,,
"By unarmed offenders",6.7,,20.5,,2.9,,10.3,,0.8,"*",7.3,,,,,
,,,,,,,,,,,,,,,,
"Note: Detail may not add to total shown because of rounding.  Excludes incidents in which the presence of a weapon was not ascertained.",,,,,,,,,,,,,,,,
"*Estimate is based on about 10 or fewer sample cases.",,,,,,,,,,,,,,,,
