"Bureau of Justice Statistics",,,,,,,,,,,,,,,
"filename:  cv0261.csv",,,,,,,,,,,,,,,
"Table 61. Percent distribution of incidents, by type of crime and place of occurrence",,,,,,,,,,,,,,,
"data source: National Criminal Victimization Survey, 2002   NCJ  200561",,,,,,,,,,,,,,,
"produced by:  Cathy Maston ",,,,,,,,,,,,,,,
"authors:  Patsy Klaus and Cathy Maston",,,,,,,,,,,,,,,
"refer questions to:  askbjs@ojp.usdoj.gov     202-307-0765",,,,,,,,,,,,,,,
"date of version: 08/31/03",,,,,,,,,,,,,,,
,,,,,,,,,,,,,,,
"Table 61. Selected personal and property crimes, 2002: Percent distribution of incidents, by type of crime and place of occurrence",,,,,,,,,,,,,,,
,,,,,,,,,,,,,,,
,,"                                                                             Percent of incidents",,,,,,,,,,,,,
"Type of crime","Number of incidents","Total",,"At or in respondent's home",,"  Near home",,"On the street near home",,"At, in, or near a friend's relative's or neighbor's home",,"Inside a restaurant, bar, or nightclub",,"Other commercial building",
,,,,,,,,,,,,,,,
"Crimes of violence",4923050,100,"%",16.3,"%",11.0,"%",4.4,"%",8.9,"%",4.2,"%",7.1,"%"
,,,,,,,,,,,,,,,
"   Completed violence",1605900,100,,23.0,,9.3,,3.5,,13.0,,3.6,,4.2,
"   Attempted/threatened violence",3317150,100,,13.1,,11.9,,4.9,,7.0,,4.5,,8.6,
"   Rape/Sexual assault/a",247730,100,,26.1,,3.4,"*",1.4,"*",17.0,,2.8,"*",14.2,
"   Robbery",458460,100,,21.8,,7.8,,4.4,"*",5.6,"*",1.0,"*",3.0,"*"
"      Completed/property taken",341910,100,,22.1,,7.1,"*",4.2,"*",6.4,"*",1.4,"*",4.0,"*"
"         With injury",159120,100,,23.6,,6.1,"*",6.4,"*",6.2,"*",0.7,"*",6.2,"*"
"         Without injury",182790,100,,20.7,,7.9,"*",2.3,"*",6.6,"*",2.1,"*",2.1,"*"
"      Attempted to take property",116550,100,,21.0,"*",9.9,"*",4.9,"*",3.1,"*","0.0","*","0.0","*"
"         With injury",39040,100,,33.6,"*","0.0","*",6.7,"*","0.0","*","0.0","*","0.0","*"
"         Without injury",77510,100,,14.7,"*",14.8,"*",4.0,"*",4.7,"*","0.0","*","0.0","*"
"   Assault",4216850,100,,15.2,,11.8,,4.6,,8.8,,4.6,,7.1,
"      Aggravated",848030,100,,15.8,,15.0,,3.2,"*",9.3,,3.5,"*",7.9,
"      Simple",3368820,100,,15.0,,11.0,,5.0,,8.7,,4.9,,7.0,
"Purse snatching/Pocket picking",154190,100,,3.7,"*",3.7,"*",1.4,"*",10.0,"*",9.6,"*",14.9,"*"
,,,,,,,,,,,,,,,
"Motor vehicle theft",988760,100,,1.3,"*",27.3,,18.1,,3.6,,"...",,"...",
"   Completed",780630,100,,1.2,"*",28.0,,15.3,,4.2,,"...",,"...",
"   Attempted",208120,100,,1.5,"*",24.8,,28.8,,1.3,"*","...",,"...",
"Theft",13494750,100,,9.7,,34.3,,6.0,,2.9,,1.8,,5.5,
,,,,,,,,,,,,,,,
,,,,,,,,,,,,,,,
,"                                                                   Percent of incidents",,,,,,,,,,,,,,
"Type of crime","Parking lot or garage","Inside school building/on school property",,"In apartment yard, park, field, or playground",,"On street other than near own home",,"On public transportation or inside station",,"   Other",,,,,
,,,,,,,,,,,,,,,
"Crimes of violence",7.6,15.1,"%",2.5,"%",14.0,"%",1.0,"%",7.7,"%",,,,
,,,,,,,,,,,,,,,
"   Completed violence",6.9,11.4,,2.4,,14.1,,1.2,"*",7.4,,,,,
"   Attempted/threatened violence",8.0,16.9,,2.6,,13.9,,0.9,"*",7.9,,,,,
"   Rape/Sexual assault/a",2.1,3.8,"*",1.6,"*",13.5,,1.2,"*",13.0,,,,,
"   Robbery",14.7,3.8,"*",1.9,"*",28.3,,2.8,"*",4.8,"*",,,,
"      Completed/property taken",13.8,2.2,"*",1.5,"*",30.7,,2.8,"*",3.8,"*",,,,
"         With injury",4.2,1.6,"*","0.0","*",42.7,,2.3,"*","0.0","*",,,,
"         Without injury",22.1,2.8,"*",2.9,"*",20.2,,3.2,"*",7.2,"*",,,,
"      Attempted to take property",17.5,8.4,"*",2.9,"*",21.4,"*",3.0,"*",7.8,"*",,,,
"         With injury",30.2,8.0,"*","0.0","*",12.4,"*",9.1,"*","0.0","*",,,,
"         Without injury",11.1,8.6,"*",4.4,"*",26.0,"*","0.0","*",11.7,"*",,,,
"   Assault",7.2,17.0,,2.7,,12.5,,0.8,,7.7,,,,,
"      Aggravated",8.8,6.8,,2.0,"*",18.6,,0.4,"*",8.8,,,,,
"      Simple",6.7,19.6,,2.8,,10.9,,0.8,"*",7.5,,,,,
"Purse snatching/Pocket picking",9.4,6.0,"*",2.1,"*",33.4,,4.4,"*",1.5,"*",,,,
,,,,,,,,,,,,,,,
"Motor vehicle theft",36.2,0.7,"*","0.0","*",10.4,,"...",,2.4,"*",,,,
"   Completed",35.4,0.9,"*","0.0","*",12.3,,"...",,2.7,"*",,,,
"   Attempted",39.3,"0.0","*","0.0","*",3.2,"*","...",,1.1,"*",,,,
"Theft",15.6,10.9,,1.3,,3.9,,0.8,,7.3,,,,,
,,,,,,,,,,,,,,,
"Note: Detail may not add to total shown because of rounding.",,,,,,,,,,,,,,,
"*Estimate is based on about 10 or fewer sample cases.",,,,,,,,,,,,,,,
"...Not applicable.",,,,,,,,,,,,,,,
"a/Includes verbal threats of rape and threats of sexual assault.",,,,,,,,,,,,,,,
