"Bureau of Justice Statistics",,,,,,
"filename:  cv0268.csv",,,,,,
"Table 68. Percent of victimizations in which victims took self-protective measures, by type of crime and victim-offender relationship",,,,,,
"data source: National Criminal Victimization Survey, 2002   NCJ  200561",,,,,,
"produced by:  Cathy Maston ",,,,,,
"authors:  Patsy Klaus and Cathy Maston",,,,,,
"refer questions to:  askbjs@ojp.usdoj.gov     202-307-0765",,,,,,
"date of version: 08/31/03",,,,,,
,,,,,,
"Table 68. Personal crimes of violence, 2002: Percent of victimizations in which victims took self-protective measures, by type of crime and victim-offender relationship",,,,,,
,,,,,,
,"                              Percent of all victimizations",,,,,
"Type of crime","All victimizations",,"Involving strangers",,"Involving nonstrangers",
,,,,,,
"Crimes of violence",70.1,"%",67.8,"%",72.4,"%"
,,,,,,
"   Completed violence",71.1,,61.4,,79.1,
"   Attempted/threatened violence",69.6,,70.5,,68.7,
"   Rape/Sexual assault/a",82.1,,76.3,,85.1,
"   Robbery",60.9,,51.4,,86.7,
"      Completed/property taken",51.0,,39.4,,83.6,
"         With injury",72.7,,63.8,,87.4,
"         Without injury",33.9,,25.0,,77.0,"*"
"      Attempted to take property",91.1,,89.5,,95.1,
"         With injury",95.7,,100.0,"*",89.1,"*"
"         Without injury",88.8,,85.2,,100.0,"*"
"   Assault",70.5,,70.2,,70.7,
"      Aggravated",72.1,,70.5,,74.4,
"         With injury",71.9,,73.0,,71.0,
"         Threatened with weapon",72.2,,69.7,,76.9,
"      Simple",70.0,,70.1,,70.0,
"         With minor injury",78.2,,75.1,,79.8,
"         Without injury",67.3,,68.9,,65.7,
,,,,,,
"*Estimate is based on about 10 or fewer sample cases.",,,,,,
"a/Includes verbal threats of rape and threats of sexual assault.",,,,,,
