"Bureau of Justice Statistics",,,,,,,,,,,,,,,,
"filename:  cv0263.csv",,,,,,,,,,,,,,,,
"Table 63. Percent distribution of incidents, by victim-offender relationship, type of crime and place of occurrence",,,,,,,,,,,,,,,,
"data source: National Criminal Victimization Survey, 2002   NCJ  200561",,,,,,,,,,,,,,,,
"produced by:  Cathy Maston ",,,,,,,,,,,,,,,,
"authors:  Patsy Klaus and Cathy Maston",,,,,,,,,,,,,,,,
"refer questions to:  askbjs@ojp.usdoj.gov     202-307-0765",,,,,,,,,,,,,,,,
"date of version: 08/31/03",,,,,,,,,,,,,,,,
,,,,,,,,,,,,,,,,
"Table 63. Personal crimes of violence, 2002: Percent distribution of incidents, by victim-offender relationship, type of crime and place of occurrence",,,,,,,,,,,,,,,,
,,,,,,,,,,,,,,,,
,,,"                                                                                 Percent of incidents",,,,,,,,,,,,,
"Relationship and type of crime","Number of incidents",,"  Total",,"At or in respondent's home",,"Near home",,"On the street near home",,"At, in, or near a friend's relative's or neighbor's home",,"Inside a restaurant, bar, or nightclub",,"Other commercial building",
,,,,,,,,,,,,,,,,
"Involving strangers",,,,,,,,,,,,,,,,
"Crimes of violence",2403050,,100,"%",5.4,"%",10.2,"%",6.5,"%",4.6,"%",4.7,"%",8.0,"%"
"   Rape/Sexual assault/a",83930,,100,"%",10.6,"*","0.0","*",4.2,"*",18.5,"*","0.0","*",7.6,"*"
"   Robbery",330540,,100,"%",13.2,,6.5,"*",5.3,"*",2.3,"*",1.5,"*",3.2,"*"
"   Assault",1988580,,100,"%",3.8,,11.2,,6.8,,4.4,,5.4,,8.8,
,,,,,,,,,,,,,,,,
"Involving nonstrangers",,,,,,,,,,,,,,,,
"Crimes of violence",2520000,,100,"%",26.8,,11.8,,2.5,,13.0,,3.8,,6.3,
"   Rape/Sexual assault/a",163800,,100,"%",34.0,,5.2,"*","0.0","*",16.2,"*",4.3,"*",17.6,"*"
"   Robbery",127930,,100,"%",44.1,,11.1,"*",2.0,"*",14.0,"*","0.0","*",2.4,"*"
"   Assault",2228270,,100,"%",25.3,,12.4,,2.7,,12.7,,4.0,,5.7,
,,,,,,,,,,,,,,,,
,,,,,,,,,,,,,,,,
,"                                                          Percent of incidents",,,,,,,,,,,,,,,
"Relationship and type of crime","Parking lot or garage",,"Inside school building/on school property",,"In apartment yard, park, field, or playground",,"On street other than near own home",,"On public transportation or inside station",,"   Other",,,,,
,,,,,,,,,,,,,,,,
"Involving strangers",,,,,,,,,,,,,,,,
"Crimes of violence",11.5,"%",10.5,"%",3.3,"%",23.3,"%",2.0,"%",10.1,"%",,,,
"   Rape/Sexual assault/a",2.7,"*","0.0","*","0.0","*",28.9,"*",3.4,"*",24.0,"*",,,,
"   Robbery",20.4,,1.7,"*",2.6,"*",32.6,,3.9,"*",6.7,"*",,,,
"   Assault",10.4,,12.4,,3.5,,21.5,,1.6,,10.1,,,,,
,,,,,,,,,,,,,,,,
"Involving nonstrangers",,,,,,,,,,,,,,,,
"Crimes of violence",3.9,,19.5,,1.8,,5.1,,"0.0","*",5.5,,,,,
"   Rape/Sexual assault/a",1.7,"*",5.7,"*",2.4,"*",5.6,"*","0.0","*",7.3,"*",,,,
"   Robbery","0.0","*",9.1,"*","0.0","*",17.3,"*","0.0","*","0.0","*",,,,
"   Assault",4.2,,21.1,,1.9,,4.4,,"0.0","*",5.7,,,,,
,,,,,,,,,,,,,,,,
"Note: Detail may not add to total shown because of rounding.",,,,,,,,,,,,,,,,
"*Estimate is based on about 10 or fewer sample cases.",,,,,,,,,,,,,,,,
"a/Includes verbal threats of rape and threats of sexual assault.",,,,,,,,,,,,,,,,
