"Bureau of Justice Statistics",,,,,,,,,,,,,,
"filename:  cv0289.csv",,,,,,,,,,,,,,
"Table 89.  Percent distribution of victimizations resulting in loss of time from work, by type of crime and number of days lost",,,,,,,,,,,,,,
"data source: National Criminal Victimization Survey, 2002   NCJ  200561",,,,,,,,,,,,,,
"produced by:  Cathy Maston ",,,,,,,,,,,,,,
"authors:  Patsy Klaus and Cathy Maston",,,,,,,,,,,,,,
"refer questions to:  askbjs@ojp.usdoj.gov     202-307-0765",,,,,,,,,,,,,,
"date of version: 08/31/03",,,,,,,,,,,,,,
,,,,,,,,,,,,,,
"Table 89. Selected personal and property crimes, 2002: Percent distribution of victimizations resulting in loss of time from work, by type of crime and number of days lost",,,,,,,,,,,,,,
,,,,,,,,,,,,,,
,,,"                                                                Percent of victimizations",,,,,,,,,,,
"Type of crime         ","Number of victimizations",,"Total",,"Less than 1 day",,"1-5 days",,"6-10 days",,"11 days or more",,"Not known and not available",
,,,,,,,,,,,,,,
"All personal crimes/a",398430,"%",100,"%",19.3,"%",50.7,"%",8.8,"%",14.1,"%",7.1,"%*"
,,,,,,,,,,,,,,
"Crimes of violence",390930,,100,,17.7,,51.7,,8.9,,14.3,,7.3,"*"
"  Completed violence",265420,,100,,13.0,,57.3,,9.7,"*",15.0,,5.0,"*"
"  Attempted/threatened violence",125510,,100,,27.7,,39.8,,7.3,"*",13.1,"*",12.2,"*"
"  Rape/Sexual assault/b",34260,,100,,38.2,"*",26.7,"*",27.8,"*","0.0","*",7.3,"*"
"  Robbery",80170,,100,,9.7,"*",69.5,,7.9,"*",10.0,"*",2.8,"*"
"  Assault",276500,,100,,17.5,,49.7,,6.9,"*",17.4,,8.6,"*"
,,,,,,,,,,,,,,
"All property crimes",1002990,"%",100,"%",44.3,"%",45.2,"%",2.4,"%*",2.9,"%*",5.2,"%"
,,,,,,,,,,,,,,
"  Completed",935650,,100,,42.3,,46.7,,2.3,"*",3.1,"*",5.5,
"  Attempted",67350,,100,,73.0,,24.1,"*",3.0,"*","0.0","*","0.0","*"
"  Household burglary",225360,,100,,47.2,,39.4,,3.0,"*",4.5,"*",5.9,"*"
"  Motor vehicle theft",176460,,100,,24.2,,63.0,,6.0,"*",4.0,"*",2.8,"*"
"  Theft",601170,,100,,49.2,,42.2,,1.1,"*",2.0,"*",5.6,
,,,,,,,,,,,,,,
"Note: Detail may not add to total shown because of rounding.",,,,,,,,,,,,,,
"*Estimate is based on about 10 or fewer sample cases.",,,,,,,,,,,,,,
"a/Includes data on purse snatching/pocket picking, not shown separately.",,,,,,,,,,,,,,
"b/Includes verbal threats of rape and threats of sexual assault.",,,,,,,,,,,,,,
