"Bureau of Justice Statistics",,,,,,
"filename:  cv0277.csv",,,,,,
"Table 77. Percent of victimizations in which victims incurred medical expenses, by selected characteristics of victims and type of crime",,,,,,
"data source: National Criminal Victimization Survey, 2002   NCJ  200561",,,,,,
"produced by:  Cathy Maston ",,,,,,
"authors:  Patsy Klaus and Cathy Maston",,,,,,
"refer questions to:  askbjs@ojp.usdoj.gov     202-307-0765",,,,,,
"date of version: 08/31/03",,,,,,
,,,,,,
"Table 77. Personal crimes of violence, 2002: Percent of victimizations in which victims incurred medical expenses, by selected characteristics of victims and type of crime",,,,,,
,,,,,,
,"                    Percent of victimizations",,,,,
"Characteristic","Crimes of violence/a",,"Robbery",,"Assault",
,,,,,,
"Race",,,,,,
"All races/b",7.2,"%",15.0,"%",6.0,"%"
"White",7.4,,15.9,,6.2,
"Black",7.1,,15.4,"*",5.9,
,,,,,,
"Victim-offender relationship",,,,,,
"Strangers",7.2,,15.5,,5.3,
"Nonstrangers",7.3,,13.6,"*",6.7,
,,,,,,
"Note: Data includes victimizations in which the amount of medical expenses incurred was not ascertained.",,,,,,
"*Estimate is based on about 10 or fewer sample cases.",,,,,,
"a/Includes data on rape and sexual assault, not shown separately.",,,,,,
"b/Includes data on persons of ""Other"" races, not shown separately.",,,,,,
