"Bureau of Justice Statistics",,,,
"filename:  cv0288.csv",,,,
"Table 88. Percent of victimizations resulting in loss of time from work, by type of crime and race of victims",,,,
"data source: National Criminal Victimization Survey, 2002   NCJ  200561",,,,
"produced by:  Cathy Maston ",,,,
"authors:  Patsy Klaus and Cathy Maston",,,,
"refer questions to:  askbjs@ojp.usdoj.gov     202-307-0765",,,,
"date of version: 08/31/03",,,,
,,,,
"Table 88. Selected personal and property crimes, 2002: Percent of victimizations resulting in loss of time from work, by type of crime and race of victims",,,,
,,,,
,"          Percent of all victimizations",,,
"Type of crime","White",,"Black",
"All personal crimes/a",6.9,"%",8.2,"%"
,,,,
"Crimes of violence",7.0,,8.4,
"   Completed violence",14.8,,16.1,
"   Attempted/threatened violence",3.2,,4.5,"*"
"   Rape/Sexual assault/b",17.8,"*","0.0","*"
"   Robbery",14.5,,19.1,"*"
"   Assault",5.8,,7.3,
,,,,
"All property crimes",5.1,"%",9.2,"%"
,,,,
"   Completed",5.1,,9.3,
"   Attempted",5.5,,7.7,"*"
"   Household burglary",6.6,,10.9,
"   Motor vehicle theft                     ",16.5,,21.5,
"   Theft",4.1,,6.7,
,,,,
"Note: Excludes data on persons of ""Other"" races.",,,,
"*Estimate is based on about 10 or fewer sample cases.",,,,
"a/Includes data on purse snatching/pocket picking, not shown separately.",,,,
"b/Includes verbal threats of rape and threats of sexual assault.",,,,
