Bureau of Justice Statistics,,,,,,,,,,,,,,,,,,,
Filename: pdo07stt04b.csv,,,,,,,,,,,,,,,,,,,
"Table 4b.  Formal standards or written guidelines used in the county-based public defender offices, by office type and caseload, 2007",,,,,,,,,,,,,,,,,,,
"Report title: Public Defender Offices, 2007 - Statistical Tables, NCJ 228538",,,,,,,,,,,,,,,,,,,
"Data source: Census of Public Defender Offices, 2007",,,,,,,,,,,,,,,,,,,
"Authors: Lynn Langton, Donald Farole",,,,,,,,,,,,,,,,,,,
Refer questions to: AskBJS@usdoj.gov or 202-307-0765,,,,,,,,,,,,,,,,,,,
Date of version: 11/19/2009,,,,,,,,,,,,,,,,,,,
,,,,,,,,,,,,,,,,,,,
"Table 4b.  Formal standards or written guidelines used in the county-based public defender offices, by office type and caseload, 2007",,,,,,,,,,,,,,,,,,,
Office type and caseload,,,Number of offices,Continuing legal education for attorneys,,Annual attorney performance review,,Attorney representation of client through all stages of proceedings,,Matching attorney experience with case complexity,,Matching attorney experience with types of cases handled,,Client eligibility screening,,Maximum number of cases an attorney can have at one time,,Attorney appointment within 24 hours of client detention,
All county-based offices,,,529,92,%,48,%,60,%,58,%,51,%,49,%,21,%,28,%
,County-funded  ,,336,90,%,45,%,61,%,55,%,47,%,44,%,18,%,26,%
,,"Less than 1,000 cases received",112,84,%,16,%,55,%,27,%,25,%,37,%,11,%,15,%
,,"1,000 - 2,500",74,89,,38,,55,,50,,39,,54,,15,,27,
,,"2,501 - 5,000",58,95,,52,,60,,71,,60,,57,,21,,29,
,,"More than 5,000",87,94,,82,,73,,84,,73,,36,,26,,38,
,,,,,,,,,,,,,,,,,,,
,County/state funded,,193,97,%,53,%,58,%,64,%,59,%,58,%,28,%,30,%
,,"Less than 1,000 cases received ",24,87,%,25,%,50,%,38,%,42,%,50,%,29,%,21,%
,,"1,000 - 2,500",49,98,,49,,67,,63,,63,,63,,22,,14,
,,"2,501 - 5,000",44,100,,61,,55,,64,,50,,68,,23,,27,
,,"More than 5,000",67,99,,61,,55,,72,,67,,51,,33,,43,
"Note: Includes offices classified as the primary or alternate public defender office for the jurisdiction. Offices that handled primarily conflict of interest cases or provided representation specifically in felony capital cases were not included. The Census of Public Defender Offices, 2007, asked respondents to indicate whether their program�s operating guidelines included a standard related to each of the general areas listed in this table. ",,,,,,,,,,,,,,,,,,,
