Bureau of Justice Statistics,,,,,,,,,,,,,,,,,,,,,,,,,,,,,,,
Filename: pdo07stt05a.csv,,,,,,,,,,,,,,,,,,,,,,,,,,,,,,,
"Table 5a. Cases received in state-based public defender programs, by state and type of case, 2007",,,,,,,,,,,,,,,,,,,,,,,,,,,,,,,
"Report title: Public Defender Offices, 2007 - Statistical Tables, NCJ 228538",,,,,,,,,,,,,,,,,,,,,,,,,,,,,,,
"Data source: Census of Public Defender Offices, 2007",,,,,,,,,,,,,,,,,,,,,,,,,,,,,,,
"Authors: Lynn Langton, Donald Farole",,,,,,,,,,,,,,,,,,,,,,,,,,,,,,,
Refer questions to: AskBJS@usdoj.gov or 202-307-0765,,,,,,,,,,,,,,,,,,,,,,,,,,,,,,,
Date of version: 11/19/2009,,,,,,,,,,,,,,,,,,,,,,,,,,,,,,,
,,,,,,,,,,,,,,,,,,,,,,,,,,,,,,,
"Table 5a. Cases received in state-based public defender programs, by state and type of case, 2007",,,,,,,,,,,,,,,,,,,,,,,,,,,,,,,
,,,,,,Felony (non-capital) cases,,,,,Misdemeanor cases/d,,,,,Appeals cases,,,,,,,,,,,,,,,
State,,All cases received/a,FTE litigating attorneys/b,Number of capital cases/d,,Number,Percent of all cases received,,Per FTE attorney/b,,Number ,Percent of all cases received,,Per FTE attorney/b,,Number,Percent of  all cases received,,Per FTE attorney/b,,,,,,,,,,,,
,Total,"1,491,419","4,321",338,,"378,400",25,%,88,,"636,226",43,%,147,,"10,800",1,%,3,,,,,,,,,,,,
,Median,"72,740",163,9,,"11,415",16,%,70,,"22,673",31,%,139,,110,--,%,1,,,,,,,,,,,,
Alaska,,/,93,/,,/,,,,,/,,,,,/,,,,,,,,,,,,,,,
Arkansas,,"83,810",305,1,,"29,190",35,%,96,,"35,500",42,%,116,,150,--,%,--,,,,,,,,,,,,
Colorado,,"90,620",241,13,,"55,160",61,,229,,"26,670",25,,94,,0,0,,0,,,,,,,,,,,,
Connecticut,,"83,100",127,56,,/,/,,/,,"27,520",33,,217,,320,--,,3,,,,,,,,,,,,
Delaware,,"29,410",70,9,,"5,820",20,,83,,"20,340",69,,291,,110,--,,2,,,,,,,,,,,,
Hawaii,,"43,770",93,~,,"4,600",11,,49,,"31,170",71,,335,,0,0,,0,,,,,,,,,,,,
Iowa,,"70,150",96,~,,"10,000",14,,104,,"25,000",36,,260,,60,--,,1,,,,,,,,,,,,
Kentucky,,"148,520",327,181,,"33,170",22,,101,,"86,560",58,,265,,"2,230",2,,7,,,,,,,,,,,,
Maryland,,"199,750",508,15,,"41,280",21,,81,,"124,960",63,,246,,60,--,,--,,,,,,,,,,,,
Massachusetts,,"16,820",197,~,,"12,830",76,,65,,"3,180",19,,16,,270,2,,1,,,,,,,,,,,,
Minnesota,,"139,120",371,0,,"28,000",20,,75,,"19,750",14,,53,,"1,200",1,,3,,,,,,,,,,,,
Missouri,,"83,160",261,/,,/,,,,,/,,,,,/,,,,,,,,,,,,,,,
Montana,,"22,650",128,2,,"5,800",26,,45,,"12,300",54,,96,,290,1,,2,,,,,,,,,,,,
New Hampshire,,"24,130",107,1,,"7,420",31,,69,,"13,350",55,,125,,90,--,,1,,,,,,,,,,,,
New Jersey,,"100,240",458,18,,"65,110",65,,142,,/,/,,/,,"1,260",1,,3,,,,,,,,,,,,
New Mexico,,"72,740",223,6,,/,,,,,/,,,,,0,0,,,,,,,,,,,,,,
North Dakota,,"2,270",10,~,,800,35,,80,,650,29,,65,,50,2,,5,,,,,,,,,,,,
Rhode Island,,"18,760",40,~,,"4,770",25,,119,,"10,870",58,,272,,60,--,,2,,,,,,,,,,,,
Vermont,,"11,690",31,~,,"2,290",20,,74,,"6,850",59,,221,,60,1,,2,,,,,,,,,,,,
Virginia,,"95,340",305,34,,"36,280",38,,119,,"47,280",50,,155,,"1,340",1,,4,,,,,,,,,,,,
Wisconsin,,"142,400",294,~,,"35,800",25,,122,,"71,810",50,,244,,"3,160",2,,11,,,,,,,,,,,,
Wyoming,,"12,980",38,2,,120,1,,3,,"12,000",92,,316,,60,--,,2,,,,,,,,,,,,
"Note: Caseload data not available for Alaska, Missouri, and New Mexico.",,,,,,,,,,,,,,,,,,,,,,,,,,,,,,,
/ Data not reported.,,,,,,,,,,,,,,,,,,,,,,,,,,,,,,,
-- Less than 0.5.,,,,,,,,,,,,,,,,,,,,,,,,,,,,,,,
~ Not applicable.,,,,,,,,,,,,,,,,,,,,,,,,,,,,,,,
aIncludes only misdemeanors that carry a jail sentence.,,,,,,,,,,,,,,,,,,,,,,,,,,,,,,,
"bIncludes felony (capital and non-capital), misdemeanor, and appeals cases; and civil, juvenile, and ordinance violations cases (not shown on table). ",,,,,,,,,,,,,,,,,,,,,,,,,,,,,,,
"cFTE (full-time equivalent) is a computed statistic calculated by dividing the hours worked by part-time employees by the standard number of hours for full-time employees (40 hours per week) and then adding the resulting quotient to the number of full-time employees. Source:  U.S. Census Bureau, <http://quickfacts.census.gov/qfd/meta/long_58632.htm>. ",,,,,,,,,,,,,,,,,,,,,,,,,,,,,,,
"dThe following states did not have the death penalty and were excluded: Alaska, Hawaii, Iowa, Massachusetts, North Dakota, Rhode Island, Vermont, and Wisconsin. Public defenders in Missouri and New Mexico represented indigent defendants in death penalty cases but did not report data on number of cases, expenditures, or use of specialized death penalty defense units.",,,,,,,,,,,,,,,,,,,,,,,,,,,,,,,
