Bureau of Justice Statistics,,,,,,,,,,,,
Filename: pdo07stt03a.csv,,,,,,,,,,,,
"Table 3a. Formal or written criteria used by state-based programs to qualify a defendant for representation, by state, 2007",,,,,,,,,,,,
"Report title: Public Defender Offices, 2007 - Statistical Tables, NCJ 228538",,,,,,,,,,,,
"Data source: Census of Public Defender Offices, 2007",,,,,,,,,,,,
"Authors: Lynn Langton, Donald Farole",,,,,,,,,,,,
Refer questions to: AskBJS@usdoj.gov or 202-307-0765,,,,,,,,,,,,
Date of version: 11/19/2009,,,,,,,,,,,,
,,,,,,,,,,,,
"Table 3a. Formal or written criteria used by state-based programs to qualify a defendant for representation, by state, 2007",,,,,,,,,,,,
State,,Median number of criteria considered/a,Income level,Receipt of public assistance,Defendant's sworn application ,Debt level,Residence in public institution/b,Ability to post bail/bond,Defendant's unsworn application,Federal poverty guidelines,Judge's discretion/c,Other/d
,Total,6,21,17,16,15,11,6,7,13,9,9
Alaska/e,,4,X,,X,X,,,,,,X
Arkansas,,7,X,X,X,X,X,,,X,X,
Colorado,,8,X,X,X,X,X,X,,X,X,
Connecticut,,7,X,X,,X,,X,X,X,x,
Delaware,,6,X,X,X,,X,,,,X,X
Hawaii,,6,X,X,,X,X,,X,,,X
Iowa,,4,X,,X,X,,,,X,,
Kentucky,,8,X,X,X,X,,X,,X,X,X
Maryland,,6,X,X,X,,X,,,X,,X
Massachusetts,,7,X,X,X,X,X,X,,X,,
Minnesota,,7,X,X,,X,X,,X,X,X,
Missouri/f,,4,X,,X,,,X,,,,X
Montana,,6,X,X,,X,X,,X,X,,
New Hampshire/g,,0,,,,,,,,,,
New Jersey,,4,X,X,X,X,,,,,,
New Mexico/h,,6,X,X,,,X,,X,X,,X
North Dakota,,6,X,X,X,X,,,,X,X,
Rhode Island,,7,X,X,X,X,X,,X,X,,
Vermont,,8,X,X,X,X,X,,,X,X,X
Virginia,,4,X,X,X,,,,,,X,
Wisconsin,,6,X,X,X,,,X,X,,,X
Wyoming,,3,X,,X,X,,,,,,
"a/The Census of Public Defender Offices, 2007, included questions about 10 criteria used to determine indigence.",,,,,,,,,,,,
b/Includes residence in a public mental health institution or a correctional institution.,,,,,,,,,,,,
c/Judge's decision based on defendant's testimony.,,,,,,,,,,,,
"d/Includes family status, number of dependants, monthly expenses, worker's compensation or disability, bankruptcy, liquid assets, and letters from employers.",,,,,,,,,,,,
"e/Criteria used to determine eligibility for representation in Alaska were obtained from Alaska Statute 18.85.120(b), ""Determination of Indigency; Repayment."" Available at <http://www.touchngo.com/lglcntr/akstats/Statutes/Title18/Chapter85/Section120.htm>.",,,,,,,,,,,,
"f/Criteria used to determine eligibility for representation in Missouri were obtained from Missouri Revised Statute 600.086.(1), ""Eligibility for representation, rules to establish--indigency, how determined, procedure, appeal--false statements, penalty --investigation authorized."" Available at <http://www.moga.mo.gov/statutes/C600-699/6000000086.HTM>.",,,,,,,,,,,,
g/New Hampshire did not use formal or written criteria to determine indigence.,,,,,,,,,,,,
h/Criteria used to determine eligibility for representation in New Mexico were obtained from New Mexico Statutes Annotated 1978: Section 31-15-7. Available at <http://www.pdd.state.nm.us/aboutus/clientinfo_guideline.html>.,,,,,,,,,,,,
