Bureau of Justice Statistics,,,,,,,,,,,
Filename: pdo07stt06a.csv,,,,,,,,,,,
"Table 6a. Staff employed by state-based public defender programs, by state and position title, 2007",,,,,,,,,,,
"Report title: Public Defender Offices, 2007 - Statistical Tables, NCJ 228538",,,,,,,,,,,
"Data source: Census of Public Defender Offices, 2007",,,,,,,,,,,
"Authors: Lynn Langton, Donald Farole",,,,,,,,,,,
Refer questions to: AskBJS@usdoj.gov or 202-307-0765,,,,,,,,,,,
Date of version: 11/19/2009,,,,,,,,,,,
,,,,,,,,,,,
"Table 6a. Staff employed by state-based public defender programs, by state and position title, 2007",,,,,,,,,,,
,,FTE attorneys/a,,,,FTE support staff/a,,,,,
State,,Chief public defender,Managing attorneys,Supervisory attorneys ,Assistant public defenders,Total,Investigators,Paralegals,Administrative,Clerical,Other/b
,Total,330,25,314,"3,156","2,964",714,117,672,977,485
,Median,12,0,5,126,85,25,2,32,11,17
Alaska ,,1,0,15,78,56,15,6,5,31,0
Arkansas,,10,0,24,274,27,6,4,5,6,6
Colorado,,22,2,2,218,163,72,4,59,15,14
Connecticut,,27,0,0,100,125,46,2,0,38,40
Delaware,,1,1,8,62,74,14,0,35,5,20
Hawaii,,5,6,0,89,31,7,0,23,2,0
Iowa,,14,0,0,83,51,20,0,31,0,0
Kentucky,,31,0,8,290,172,46,6,46,50,24
Maryland,,26,0,89,403,716,30,35,50,450,151
Massachusetts,,30,2,18,152,106,31,2,33,18,23
Minnesota,,10,0,42,319,157,35,24,69,6,23
Missouri,,36,0,0,261,/,/,/,/,/,/
Montana,,/,/,/,/,89,17,4,52,9,7
New Hampshire,,10,1,1,96,81,29,0,44,7,1
New Jersey,,/,/,/,/,577,233,12,0,279,53
New Mexico,,10,1,42,181,/,/,/,/,/,/
North Dakota,,4,0,0,6,9,0,1,4,2,2
Rhode Island,,4,5,0,35,56,7,0,2,24,23
Vermont,,9,0,0,20,30,10,1,11,6,3
Virginia,,30,0,52,224,210,51,0,109,14,37
Wisconsin,,37,7,13,246,212,43,2,92,17,59
Wyoming,,13,0,0,19,25,3,16,5,0,2
/Data not reported.,,,,,,,,,,,
"a/FTE (full-time equivalent) is a computed statistic calculated by dividing the hours worked by part-time employees by the standard number of hours for full-time employees (40 hours per week) and then adding the resulting quotient to the number of full-time employees. Source:  U.S. Census Bureau, http://quickfacts.census.gov/qfd/meta/long_58632.htm.  ",,,,,,,,,,,
"b/Includes social workers, indigence screeners, training staff, interns, human resources staff, forensic specialists, clinical psychologists, information technology (IT) specialists, interpreters, and investigators hired on a contractual basis.",,,,,,,,,,,
