"Bureau of Justice Statistics",,,,,,,,,,
"filename:  cp96512b.csv",,,,,,,,,,
"table:   5.12b",,,,,,,,,,
"report title:  Correctional Populations in the United States, 1996  chapter 5  NCJ 170013",,,,,,,,,,
"data sources: National Prisoner Statistics 1",,,,,,,,,,
"author:  Doris James Wilson",,,,,,,,,,
"refer questions to:  askbjs@ojp.usdoj.gov (202) 307-0765",,,,,,,,,,
"date of version:  3/31/99",,,,,,,,,,
,,,,,,,,,,
,,,,,,,,,,
"Table 5.12b.  Sentenced female prisoners released from State or Federal jurisdiction, by type of release, 1996",,,,,,,,,,
,,,,,,,,,,"    "
"  ","                          Number of sentenced female prisoners released during 1996",,,,,,,,,"Number"
,,,,,"  Out on","  Transfers",,,,"    of female"
"Region and",," Conditional"," Unconditional","  Escapees","  appeal","   to other",,"  Other",,"    prisoners"
"jurisdiction","   Total","  releases"," releases","  and AWOL's","  or bond","   jurisdictions","  Deaths","  releases",,"12/31/96"
,,,,,,,,,,
"      U.S. total",47690,35026,9773,917,76,205,127,1566,,69464
,,,,,,,,,,
"    Federal",2403,123,1934,"/","/",0,12,334,,6107
"    State ",45287,34903,7839,917,76,205,115,1232,,63357
,,,,,,,,,,
"  Northeast",4600,3684,649,155,21,55,29,7,,7797
"    Connecticut/a",116,27,77,6,0,3,3,0,,608
"    Maine",24,12,12,0,0,0,0,0,,43
"    Massachusetts/b",236,94,141,1,0,"   /",0,0,,461
"    New Hampshire",77,61,16,0,0,0,0,0,,105
"    New Jersey/c",1213,990,210,0,7,0,6,0,,1281
"    New York",2279,1974,94,145,8,38,13,7,,3728
"    Pennsylvania",566,449,90,2,5,13,7,0,,1477
"    Rhode Island/a,c",42,39,0,1,1,1,0,0,,73
"    Vermont/a,d",47,38,9,0,0,0,0,0,,21
,,,,,,,,,,
"  Midwest",9389,6774,2071,379,28,4,18,115,,11634
"    Illinois/c,d",2209,2011,33,144,3,"/",8,10,,2249
"    Indiana",686,635,51,0,"/",0,0,0,,994
"    Iowad",426,376,36,0,6,2,0,6,,470
"    Kansas",425,403,19,0,2,0,1,0,,476
"    Michigan/d",942,735,53,123,5,0,3,23,,1920
"    Minnesota",213,185,27,"/","/","/",1,0,,234
"    Missouri",1146,994,43,108,0,0,1,0,,1464
"    Nebraska",151,104,45,2,"/",0,0,0,,214
"    North Dakota",35,28,7,0,0,0,0,0,,39
"    Ohio/c",2616,886,1715,1,11,0,3,0,,2805
"    South Dakota",117,75,35,1,1,2,0,3,,141
"    Wisconsin",423,342,7,"/",". . . ",0,1,73,,628
,,,,,,,,,,
"  South",16982,11631,4320,202,8,123,51,647,,28843
"    Alabama",826,451,322,39,5,7,2,0,,1292
"    Arkansas",451,385,42,0,3,0,0,21,,538
"    Delaware/a,b,c",153,37,80,0,0,8,2,26,,164
"    District of Col./a,b,c,e",502,227,202,37,0,29,0,7,,363
"    Florida/d",2214,586,1597,18,". . . ",4,9,0,,3299
"    Georgia/d",1471,1155,256,4,"/",54,2,0,,2135
"    Kentucky",705,455,240,4,"/",0,0,6,,820
"    Louisiana",1123,1050,49,4,"/",14,4,2,,1561
"    Maryland/b,f",788,682,96,8,"/",0,1,1,,969
"    Mississippi",417,198,218,1,"/",0,0,0,,805
"    North Carolina/c",1417,1195,202,5,0,0,4,11,,1484
"    Oklahoma/c",912,457,376,78,0,0,1,0,,1940
"    South Carolina",543,278,252,3,0,0,3,7,,1103
"    Tennessee/c",730,625,94,1,"/",7,3,0,,688
"    Texas/c,f",3521,2888,53,0,"/","/",14,566,,9933
"    Virginia",1143,930,207,0,"  /","   /",6,0,,1604
"    West Virginia",66,32,34,0,0,0,0,0,,145
,,,,,,,,,,
"  West",14316,12814,799,181,19,23,17,463,,15083
"    Alaska/a",264,165,88,11,0,0,0,0,,139
"    Arizona/d",819,760,33,4,0,0,2,20,,1415
"    California",10535,9956,106,61,"/",3,11,398,,9418
"    Colorado",404,273,66,53,1,0,0,11,,845
"    Hawaii/a,f",276,180,20,28,17,0,0,31,,303
"    Idaho",244,228,16,0,0,0,0,0,,271
"    Montana/c",89,73,16,0,". . .",0,0,". . .",,151
"    Nevada/c",369,156,206,5,0,"/",2,0,,598
"    New Mexico",247,183,63,0,0,1,0,0,,339
"    Oregon",190,182,1,3,1,"/",0,3,,362
"    Utah",215,203,12,0,0,0,0,0,,210
"    Washington",604,434,153,16,0,0,1,0,,920
"    Wyoming",60,21,19,0,0,19,1,0,,112
,,,,,,,,,,
"Note:  See the questionnaire for category definitions and the  Explanatory notes for State-by-State variations from definitions.",,,,,,,,,,
". . .Not applicable. ",,,,,,,,,,
" /Not reported. ",,,,,,,,,,
"a/Figures include both jail and prison inmates; jails and prisons  are combined in one system. ",,,,,,,,,,
"b/Unconditional releases may include some releases to probation  or appeal/bond.  See Explanatory notes. ",,,,,,,,,,
"c/Data for inmates by sentence length may be slightly incorrect.   See Explanatory notes. ",,,,,,,,,,
"d/Data are for custody rather than jurisdiction counts.  ",,,,,,,,,,
"e/The District of Columbia was unable to report deaths among  males and females; therefore, all are reported under males. ",,,,,,,,,,
"f/Some or all data for release categories are estimated.",,,,,,,,,,
