"Bureau of Justice Statistics",,,,,,,,,
"filename:  cp96512a.csv",,,,,,,,,
"table:   5.12a",,,,,,,,,
"report title:  Correctional Populations in the United States, 1996  chapter 5  NCJ 170013",,,,,,,,,
"data sources: National Prisoner Statistics 1",,,,,,,,,
"author:  Doris James Wilson",,,,,,,,,
"refer questions to:  askbjs@ojp.usdoj.gov (202) 307-0765",,,,,,,,,
"date of version:  3/31/99",,,,,,,,,
,,,,,,,,,
"Table 5.12a.  Sentenced female prisoners admitted to State or Federal jurisdiction, by type of admission, 1996 ",,,,,,,,,
,,,,,,,,,
,"  Number",,"Number of sentenced female prisoners admitted during 1996",,,,,,
,"  of female",,,,"  Parole or other","  Escapees","Returns","Transfers",
"Region and","  prisoners",,," New court","  conditional release","  and AWOL's","from appeal","from other","   Other"
"jurisdiction","1/1/96",,"   Total"," commitments","  violators returned","  returned","or bond","jurisdictions","   admissions"
,,,,,,,,,
"     U.S. total",64039,,53169,35904,13947,1046,60,159,2053
,,,,,,,,,
"    Federal",5814,,2660,2508,138,"/","/",0,14
"    State ",58225,,50509,33396,13809,1046,60,159,2039
,,,,,,,,,
"  Northeast",7666,,4731,3149,1234,182,6,45,115
"    Connecticut/a",571,,153,26,17,7,2,0,101
"    Maine",34,,33,27,6,0,0,0,0
"    Massachusetts",444,,253,202,47,1,"/",3,0
"    New Hampshire/b",109,,73,54,19,0,"/",0,0
"    New Jersey/b,c",1307,,1187,717,470,0,"/","/",0
"    New York/b,d",3615,,2392,1710,479,165,4,33,1
"    Pennsylvania",1502,,541,360,164,6,0,8,3
"    Rhode Island/a,c",52,,63,43,16,3,0,1,0
"    Vermont/a,e",32,,36,10,16,0,"/",0,10
,,,,,,,,,
"  Midwest",10785,,10252,8083,1440,467,9,13,240
"    Illinois/c,e",2196,,2262,1856,276,128,2,"/",0
"    Indiana/b",884,,796,741,50,3,"/",2,0
"    Iowae",425,,471,282,76,94,3,7,9
"    Kansas/b",449,,452,361,89,0,"/",0,2
"    Michigan/e",1842,,1020,617,236,133,0,0,34
"    Minnesota",217,,230,186,44,"/","/","/",0
"    Missouri/b",1174,,1436,895,340,103,1,4,93
"    Nebraska",181,,184,144,37,3,"/",0,0
"    North Dakota",25,,49,43,6,0,0,0,0
"    Ohio/c",2793,,2628,2411,213,1,3,0,0
"    South Dakota",134,,124,104,12,2,0,0,6
"    Wisconsin",465,,600,443,61,"/",". . .",0,96
,,,,,,,,,
"  South",26657,,19273,13822,3483,241,41,50,1636
"    Alabama",1234,,884,716,118,39,10,0,1
"    Arkansas",522,,467,312,137,0,1,11,6
"    Delaware/a,c",164,,153,104,28,4,0,0,17
"    District of Col./a,c",487,,483,283,111,44,0,31,14
"    Florida/e",3659,,1854,1550,238,59,"/",1,6
"    Georgia/e",2010,,1596,1373,216,7,0,0,0
"    Kentucky",734,,791,611,172,5,". . .",0,3
"    Louisiana",1424,,1260,556,655,3,29,1,16
"    Maryland/b,d",979,,778,688,81,5,"/",4,0
"    Mississippi/b",741,,481,423,39,0,"/",0,19
"    North Carolina/c",1585,,1316,927,385,4,0,0,0
"    Oklahoma/b,c",1815,,1037,936,39,62,0,0,0
"    South Carolina",961,,685,527,151,4,1,"/",2
"    Tennessee/c",637,,781,462,313,4,"/",2,0
"    Texas/c,d",7935,,5519,3369,598,0,0,"/",1552
"    Virginia",1644,,1103,911,192,"/","/","/",0
"    West Virginia",126,,85,74,10,1,0,0,0
,,,,,,,,,
"  West",13117,,16253,8342,7652,156,4,51,48
"    Alaska/a",115,,288,198,78,11,1,0,0
"    Arizona/e",1328,,906,670,222,11,0,3,0
"    California",8291,,11662,4975,6613,26,"/",48,0
"    Colorado",713,,536,378,104,53,1,0,0
"    Hawaii/a,d",238,,341,189,114,31,0,0,7
"    Idaho",212,,303,250,53,0,0,"/",0
"    Montana/c",108,,103,85,18,"/",". . .",0,0
"    Nevada/b,c",530,,437,346,45,5,"/","/",41
"    New Mexico",235,,351,230,120,1,0,0,0
"    Oregon",287,,265,176,84,4,1,"/",0
"    Utah",161,,264,162,102,0,0,0,0
"    Washington",793,,731,619,97,14,1,0,0
"    Wyoming/b",106,,66,64,2,0,0,0,0
,,,,,,,,,
" Note:  See the questionnaire for category definitions and the Explanatory notes for variations from definitions.",,,,,,,,,
". . .Not applicable.",,,,,,,,,
"/Not reported. ",,,,,,,,,
"a/Figures include both jail and prison inmates; jails and prison are combined in one system.",,,,,,,,,
"b/New court commitments may include a small number  of other admissions.  See Explanatory notes. ",,,,,,,,,
"c/Data by sentence length may be slightly incorrect.  See Explanatory notes.",,,,,,,,,
"d/Data for custody rather than jurisdiction counts.",,,,,,,,,
"e/Some or all data for the admission categories are estimated. ",,,,,,,,,
