"Bureau of Justice Statistics",,,,,,
"filename:  cpu96506.csv",,,,,,
"table:   5.6",,,,,,
"report title:  Correctional Populations in the United States, 1996  chapter 5  NCJ 170013",,,,,,
"data sources: National Prisoner Statistics 1",,,,,,
"author:  Doris James Wilson",,,,,,
"refer questions to:  askbjs@ojp.usdoj.gov (202) 307-0765",,,,,,
"date of version:  3/31/99",,,,,,
,,,,,,
,,,,,,
"Table 5.6.  Prisoners under State or Federal jurisdiction, by race, 1996 ",,,,,,
,,,,,,
,"                                         Number of prisoners",,,,,
,"   Prisoner",,,,"   Asian/ ","              "
"Region and","   population  ",,," American Indian/","   Pacific","    Not"
"jurisdiction","12/31/96","    White","    Black"," Alaska Native","   Islander ","    known "
,,,,,,
"      U.S. total",1180524,478308,565549,11393,7582,116266
,,,,,,
"    Federal",105544,61885,40323,1653,1683,0
"    State",1074980,416423,525226,9740,5899,116266
,,,,,,
"  Northeast",166417,63503,86683,327,753,13725
"    Connecticut /a,b",15007,4010,6882,23,48,4044
"    Maine",1426,"/","/","/","/","/"
"    Massachusettsb,c",11796,5578,3481,25,103,2609
"    New Hampshire",2062,1931,115,1,14,1
"    New Jersey/b",27490,7405,17857,4,75,2149
"    New York",69709,30009,37601,177,368,1554
"    Pennsylvania/b",34537,11482,19565,81,101,3308
"    Rhode Island/a",3271,2056,1168,9,38,0
"    Vermont/a,d,e",1119,1032,14,7,6,60
,,,,,,
"  Midwest",204657,90831,105309,2022,393,6102
"    Illinois/b,e",38852,9461,25321,60,67,3943
"    Indiana",16960,9730,7159,49,22,0
"    Iowa/b,e",6342,4387,1568,115,39,233
"    Kansas",7756,4531,2974,122,65,64
"    Michigan/b,e",42349,17362,23586,195,52,1154
"    Minnesota/b",5158,2588,1841,347,"/",382
"    Missouri",22003,11577,10322,74,28,2
"    Nebraska/d",3287,2124,1017,130,13,3
"    North Dakota",722,530,23,166,3,0
"    Ohio",46174,20762,25089,42,29,252
"    South Dakota/d",2063,1543,87,433,0,". . . "
"    Wisconsin",12991,6236,6322,289,75,69
,,,,,,
"  South",469252,156223,272939,2183,307,37600
"    Alabama",21760,7455,14236,3,2,64
"    Arkansas/b",9407,4165,5147,9,24,62
"    Delaware/a,b",5110,1735,3280,0,5,90
"    District of Col./a",9376,144,9054,0,0,178
"    Florida/e",63763,27009,35461,78,49,1166
"    Georgia/e",35139,11382,23618,55,36,48
"    Kentucky",12910,8090,4790,3,7,20
"    Louisiana/b",26779,6055,20667,3,2,52
"    Maryland",22050,4893,17114,2,8,33
"    Mississippi/b,d",13859,3463,10327,12,11,46
"    North Carolina",30647,9588,20011,632,35,381
"    Oklahoma/b",19593,10588,6891,1337,25,752
"    South Carolina",20446,6081,14259,22,7,77
"    Tennessee/b",15626,7579,7973,12,12,50
"    Texas/b,d",132383,36790,61132,"/","/",34461
"    Virginia/b",27655,8900,18539,13,83,120
"    West Virginia",2749,2306,440,2,1,0
" ",,,,,,
"  West",234654,105866,60295,5208,4446,58839
"    Alaska/a,b",3716,1790,529,1216,65,116
"    Arizona/e",22493,17831,3432,950,58,222
"    California/b",146049,43336,45753,1125,1466,54369
"    Colorado/d",12438,8685,3022,243,62,426
"    Hawaii/a,d",4011,866,205,50,2169,721
"    Idaho/d",3832,3108,63,158,18,485
"    Montana",2293,1787,51,362,0,93
"    Nevada/b,d",8439,4701,2292,130,107,1209
"    New Mexico",4724,3929,560,222,13,0
"    Oregon",8661,6438,1063,170,98,892
"    Utah",3972,3399,328,123,81,41
"    Washington",12527,8837,2919,373,305,93
"    Wyoming/b",1499,1159,78,86,4,172
,,,,,,
" Note:  See the questionnaire for category definitions and the  Explanatory notes for State-by-State variations from definitions.",,,,,,
". . .Not applicable.",,,,,,
" /Not reported.",,,,,,
"a/Figures include both jail and prison inmates;  jails and prisons  are combined in one system.  ",,,,,,
"b/Some or all Hispanic prisoners are reported under ""Not known."" ",,,,,,
"c/Massachusetts' American Indian prisoners are included under ""Not known."" ",,,,,,
"d/The numbers in racial categories were estimated. ",,,,,,
"e/Data are for custody rather than jurisdiction counts.",,,,,,
