Bureau of Justice Statistics,,,,
Filename: ard0309stt013.csv,,,,
"Table 13. Reported arrest-related deaths, by incident circumstances, 2003-2009",,,,
"Report Title: Arrest-Related Deaths, 2003-2009 - Statistical Tables",,,,
Data Source(s): Arrest-Related Death Program,,,,
Author(s): Andrea Burch,,,,
Refer questions to: askbjs@usdoj.gov or 202-307-0765,,,,
Date of version: 11/17/2011,,,,
 ,,,,
"Table 13. Reported arrest-related deaths, by incident circumstances, 2003-2009",,,,
Incident circumstances,,Number,Percent,
,All circumstances,"4,813",100,%
Violent offenses,,"2,878",59.8,%
,Homicide,233,4.8,
,Sexual assaulta,49,1,
,Robbery,255,5.3,
,Assault,"2,184",45.4,
,Other violent,157,3.3,
Property offenses,,308,6.4,%
,Burglary,108,2.2,
,Larceny,43,0.9,
,Motor vehicle theft,49,1,
,Other propertyb,108,2.2,
Drug offenses,,307,6.4,%
Public-order offenses,,696,14.5,%
,Obstruction of justice,184,3.8,
,Weapons,95,2,
,"Traffic violations, driving while intoxicated",151,3.1,
,"Drunkenness, disorderly conduct",154,3.2,
,Other public-order,112,2.3,
No criminal charges intended,,163,3.4,%
,Mental health transport,89,1.8,
,Medical transport,28,0.6,
,Unspecified,46,1,
Offense not reported,,461,9.6,%
aIncludes rape and other sexual assault.,,,,
bIncludes arson and possession of stolen property.,,,,
