Bureau of Justice Statistics,,,,,,,,,,,,,,,,
Filename: ard0309stt07.csv,,,,,,,,,,,,,,,,
"Table 7. Percent of reported arrest-related deaths, by demographic characteristics and manner of death, 2003-2009",,,,,,,,,,,,,,,,
"Report Title: Arrest-Related Deaths, 2003-2009 - Statistical Tables",,,,,,,,,,,,,,,,
Data Source(s): Arrest-Related Death Program,,,,,,,,,,,,,,,,
Author(s): Andrea Burch,,,,,,,,,,,,,,,,
Refer questions to: askbjs@usdoj.gov or 202-307-0765,,,,,,,,,,,,,,,,
Date of version: 11/17/2011,,,,,,,,,,,,,,,,
,,,,,,,,,,,,,,,,
"Table 7. Percent of reported arrest-related deaths, by demographic characteristics and manner of death, 2003-2009",,,,,,,,,,,,,,,,
Demographic ,,,,,,,,,,,,,,,,
characteristics,,Number of deaths,All manners,, Homicide,,Suicide,,Intoxication,,Accident,,Natural causes,,Unknown,
,Total,"4,813",100,%,61.5,%,11.2,%,10.9,%,5.7,%,5.1,%,5.7,%
Sex,,,,,,,,,,,,,,,,
,Male,"4,594",100,%,62.1,%,11.3,%,10.7,%,5.6,%,4.7,%,5.6,%
,Female,218,100,%,49.1,,11,,16.1,,6,,11.9,,6,
,Unknown,1,100,%,0,,0,,0,,0,,0,,100,
Race/Hispanic origin,,,,,,,,,,,,,,,,
,"White, non-Hispanic","2,026",100,%,60.9,%,16.1,%,8.8,%,4.7,%,5.4,%,4.1,%
,"Black, non-Hispanic","1,529",100,%,61.3,,5.2,,14.2,,7.3,,5.6,,6.5,
,Hispanic,949,100,%,63.1,,11.6,,11.5,,5.8,,3.1,,5,
,Other*,150,100,%,71.3,,8,,11.3,,2.7,,2.7,,4,
,Unknown,159,100,%,51.6,,7.5,,2.5,,4.4,,10.1,,23.9,
Age,,,,,,,,,,,,,,,,
,17 or younger,127,100,%,78,%,4.7,%,3.9,%,10.2,%,0,%,3.1,%
,18-24,909,100,%,75.4,,8.8,,5.8,,5.9,,1.1,,3,
,25-34,"1,391",100,%,64.2,,10.1,,12.7,,4.7,,2.9,,5.4,
,35-44,"1,238",100,%,53.2,,12.8,,15.3,,6.3,,5.3,,7,
,45-54,752,100,%,51.9,,14,,11.2,,6,,10,,7,
,55 or older,317,100,%,59.3,,13.9,,3.5,,3.8,,16.4,,3.2,
,Unknown,79,100,%,57,,8.9,,6.3,,6.3,,0,,21.5,
"*Includes American Indians, Alaska Natives, Asians, Native Hawaiians, other Pacific Islanders, and persons of two or more races.",,,,,,,,,,,,,,,,
