Bureau of Justice Statistics,,
Filename: ard0309stf02.csv,,
"Figure 2. Reported arrest-related deaths, by demographic characteristics, 2003�2009",,
"Report Title: Arrest-Related Deaths, 2003-2009 - Statistical Tables",,
Data Source(s): Arrest-Related Death Program,,
Author(s): Andrea Burch,,
Refer questions to: askbjs@usdoj.gov or 202-307-0765,,
Date of version: 11/17/2011,,
,,
, ,Percent
Sex,,
,Male,95.4
,Female,4.5
Race/Hispanic origin,,
,White,42.1
,Black,31.8
,Hispanic,19.7
,Other,3.1
,Unknown,3.3
Age,,
,24 or younger,21.5
,25-34,28.9
,35-44,25.7
,45 or older,22.2
,Unknown,1.6
