Bureau of Justice Statistics,,,,,,,
Filename: ard0309statt02.csv,,,,,,,
"Appendix Table 2. States not reporting arrest-related deaths in all years, 2003-2009",,,,,,,
"Report Title: Arrest-Related Deaths, 2003-2009 - Statistical Tables",,,,,,,
Data Source(s): Arrest-Related Death Program,,,,,,,
Author(s): Andrea Burch,,,,,,,
Refer questions to: askbjs@usdoj.gov or 202-307-0765,,,,,,,
Date of version: 11/17/2011,,,,,,,
,,,,,,,
Region and jurisdiction,2003,2004,2005,2006,2007,2008,2009
Arkansas,/,?,?,?,?,/,/
District of Columbia,?,?,?,?,?,/,/
Georgia,/,/,/,/,/,/,/
Louisiana,/,?,?,?,?,?,?
Maryland,/,/,/,/,/,/,/
Mississippi,/,?,?,?,?,?,?
Montana,/,/,/,/,/,/,/
Nebraska,?,?,?,?,?,?,/
Nevada,?,/,/,/,/,?,?
New Mexico,?,?,?,?,?,/,/
New York*,?,?,?,?,?,?,?
North Carolina,?,?,?,/,?,?,?
Oklahoma,?,?,?,/,?,?,?
Tennessee,/,?,?,?,?,?,?
Wisconsin,?,?,?,?,?,/,/
Wyoming,?,/,/,/,/,/,/
?Reported.,,,,,,,
/Not reported.,,,,,,,
*The New York City Police Department did not submit data to the State of New York in 2009.,,,,,,,
