Bureau of Justice Statistics,,,,,,,,,,
Filename: ard0309stt010.csv,,,,,,,,,,
"Table 10. Percent of reported arrest-related deaths, by jurisdiction and manner of death, 2003-2009",,,,,,,,,,
"Report Title: Arrest-Related Deaths, 2003-2009 - Statistical Tables",,,,,,,,,,
Data Source(s): Arrest-Related Death Program,,,,,,,,,,
Author(s): Andrea Burch,,,,,,,,,,
Refer questions to: askbjs@usdoj.gov or 202-307-0765,,,,,,,,,,
Date of version: 11/17/2011,,,,,,,,,,
,,,,,,,,,,
"Table 10. Percent of reported arrest-related deaths, by jurisdiction and manner of death, 2003-2009",,,,,,,,,,
Region and jurisdiction,Number of deaths,,All manners,,Homicide,Suiicide,Intoxication,Accident,Natural causes,Unknown
,Total,"4,813",100,%,61.5,11.2,10.9,5.7,5.1,5.7
Northeast,,668,100,%,57.9,11.8,13.8,5.2,8.7,2.5
,Connecticut,31,100,%,67.7,12.9,3.2,3.2,9.7,3.2
,Maine,22,100,%,63.6,18.2,9.1,4.5,0,4.5
,Massachusetts,42,100,%,42.9,7.1,31,2.4,14.3,2.4
,New Hampshire,10,100,%,70,20,10,0,0,0
,New Jersey,81,100,%,58,8.6,11.1,7.4,9.9,4.9
,New Yorka,239,100,%,49.4,12.6,15.9,7.9,11.7,2.5
,Pennsylvania,218,100,%,68.3,12.4,11,2.3,4.6,1.4
,Rhode Island,19,100,%,52.6,5.3,21.1,5.3,10.5,5.3
,Vermont,6,:,,:,:,:,:,:,:
Midwest,,822,100,%,68.9,10.7,7.7,5.2,4.4,3.2
,Illinois,210,100,%,67.6,11.9,8.6,5.2,5.2,1.4
,Indiana,52,100,%,96.2,0,0,0,3.8,0
,Iowa,48,100,%,62.5,25,0,8.3,2.1,2.1
,Kansas,41,100,%,53.7,7.3,12.2,4.9,7.3,14.6
,Michigan,141,100,%,66.7,9.9,10.6,5.7,5,2.1
,Minnesota,43,100,%,76.7,0,9.3,7,2.3,4.7
,Missouri,26,100,%,57.7,19.2,7.7,0,3.8,11.5
,Nebraska,17,100,%,64.7,5.9,0,11.8,11.8,5.9
,North Dakota,7,:,,:,:,:,:,:,:
,Ohio,175,100,%,68.6,8.6,9.1,5.7,4.6,3.4
,South Dakota,9,:,,:,:,:,:,:,:
,Wisconsin,53,100,%,75.5,15.1,1.9,5.7,0,1.9
South,,"1,848",100,%,57.4,12.6,12.6,6.2,5,6.2
,Alabama,28,100,%,50,17.9,10.7,0,17.9,3.6
,Arkansasb,6,:,,:,:,:,:,:,:
,Delaware,15,100,%,86.7,0,6.7,0,0,6.7
,District of Columbia,20,100,%,75,10,5,0,5,5
,Florida,523,100,%,68.1,5.9,6.9,6.9,1.7,10.5
,Georgiab,8,:,,:,:,:,:,:,:
,Kentucky,38,100,%,68.4,18.4,2.6,7.9,2.6,0
,Louisiana,54,100,%,63,3.7,9.3,5.6,9.3,9.3
,Marylandb,19,100,%,68.4,0,0,0,15.8,15.8
,Mississippi,18,100,%,61.1,11.1,0,22.2,5.6,0
,North Carolina,143,100,%,51.7,18.2,10.5,11.2,4.9,3.5
,Oklahoma,64,100,%,79.7,10.9,4.7,4.7,0,0
,South Carolina,61,100,%,55.7,8.2,16.4,6.6,3.3,9.8
,Tennessee,28,100,%,60.7,0,17.9,3.6,7.1,10.7
,Texas,696,100,%,44.3,18.2,20.7,5.7,7.2,3.9
,Virginia,113,100,%,75.2,12.4,2.7,2.7,4.4,2.7
,West Virginia,14,100,%,35.7,28.6,14.3,14.3,0,7.1
West,,"1,475",100,%,64,9.6,9.4,5.4,3.9,7.8
,Alaska,14,100,%,64.3,28.6,0,7.1,0,0
,Arizona,238,100,%,61.3,17.2,9.7,5.5,3.4,2.9
,California,775,100,%,63.6,4,11.5,5.8,5,10.1
,Colorado,75,100,%,54.7,17.3,8,9.3,4,6.7
,Hawaii,22,100,%,36.4,0,18.2,9.1,18.2,18.2
,Idaho,23,100,%,82.6,13,0,4.3,0,0
,Montana,/,/,,/,/,/,/,/,/
,Nevadac,12,100,%,75,8.3,8.3,0,8.3,0
,New Mexicob,51,100,%,49,33.3,9.8,3.9,2,2
,Oregon,77,100,%,87,7.8,1.3,3.9,0,0
,Utah,69,100,%,71,23.2,1.4,0,0,4.3
,Washington,118,100,%,66.1,8.5,6.8,4.2,0.8,13.6
,Wyoming,1,:,,:,:,:,:,:,:
/Not reported.,,,,,,,,,,
:Not calculated for jurisdictions reporting fewer than 10 deaths during 2003-2009.,,,,,,,,,,
aThe New City Police Department submits data independent of the State of New York and did not submit data 2009.,,,,,,,,,,
"bArkansas and New Mexico cases identified by BJS staff in 2009; Georgia and Maryland cases identified by BJS staff in 2007, 2008, and 2009.",,,,,,,,,,
"cIn 2008, detailed data were available for 2 of 8 records known to BJS.",,,,,,,,,,
