Bureau of Justice Statistics,,,,,,,,,,,,,,,,,
Filename: ard0309stt04.csv,,,,,,,,,,,,,,,,,
"Table 4. Percent of reported arrest-related deaths, by demographic characteristics, 2003-2009",,,,,,,,,,,,,,,,,
"Report Title: Arrest-Related Deaths, 2003-2009 - Statistical Tables",,,,,,,,,,,,,,,,,
Data Source(s): Arrest-Related Death Program,,,,,,,,,,,,,,,,,
Author(s): Andrea Burch,,,,,,,,,,,,,,,,,
Refer questions to: askbjs@usdoj.gov or 202-307-0765,,,,,,,,,,,,,,,,,
Date of version: 11/17/2011,,,,,,,,,,,,,,,,,
,,,,,,,,,,,,,,,,,
"Table 4. Percent of reported arrest-related deaths, by demographic characteristics, 2003-2009",,,,,,,,,,,,,,,,,
Demographic characteristics,,2003-2009,,2003,,2004,,2005,,2006,,2007,,2008,,2009,
,Total,100,%,100,%,100,%,100,%,100,%,100,%,100,%,100,%
Sex,,,,,,,,,,,,,,,,,
,Male,95.4,%,94.9,,95.8,%,96.7,%,95.4,%,95,%,95.4,%,94.9,%
,Female,4.5,,5.1,,4.2,,3.2,,4.6,,5,,4.6,,5.1,
,Unknown,0,,0,,0,,0.1,,0,,0,,0,,0,
Race/Hispanic origin,,,,,,,,,,,,,,,,,
,"White, non-Hispanic",42.1,%,45.6,%,40.7,%,41.1,%,41.9,%,38,%,41,%,46.6,%
,"Black, non-Hispanic",31.8,,31.3,,31.9,,32.2,,29.4,,33.4,,34.5,,29.9,
,Hispanic,19.7,,17.4,,21.5,,19.7,,22.7,,21.3,,16.9,,17.8,
,Other*,3.1,,4.8,,3.4,,3.5,,3.1,,2.4,,2.2,,2.6,
,Unknown,3.3,,1,,2.4,,3.5,,2.9,,4.8,,5.4,,3,
Age,,,,,,,,,,,,,,,,,
,17 or younger,2.6,%,2.9,%,2.8,%,1.9,%,2.6,%,2.7,%,2.9,%,2.7,%
,18-24,18.9,,18.8,,18.7,,20.5,,16.9,,19.6,,19.7,,18.1,
,25-34,28.9,,28.2,,27.6,,27.6,,33.1,,28.2,,28.9,,28.4,
,35-44,25.7,,29.3,,26.6,,27.6,,24.1,,25.8,,22.7,,24.1,
,45-54,15.6,,15,,15,,12,,16.2,,16,,18.6,,16.6,
,55 or older,6.6,,4.8,,8.2,,7.4,,4.2,,6,,6.5,,8.9,
,Unknown,1.6,,1,,1,,3,,2.8,,1.7,,0.6,,1.1,
Number of deaths,,"4,813",,627,,673,,689,,721,,745,,629,,729,
"*Includes American Indians, Alaska Natives, Asians, Native Hawaiians, other Pacific Islanders, and persons of two or more races.",,,,,,,,,,,,,,,,,
