Bureau of Justice Statistics,,,,,,,,
Filename: sdpfpdo1318t13.csv,,,,,,,,
"Table 13. Persons in Federal Bureau of Prisons custody, by linking of prison and sentencing records and most serious offense, fiscal yearend 2018",,,,,,,,
"Report title: Sentencing Decisions for Persons in Federal Prison for Drug Offenses, 2013�2018   NCJ 305893",,,,,,,,
"Data source: Bureau of Justice Statistics, based on data from the Federal Bureau of Prisons, SENTRY database, fiscal yearend 2018; and U.S. Sentencing Commission, Monitoring File, fiscal years 1994-2018",,,,,,,,
"Authors: Mari McGilton, MA, Research Associate; William Adams, MPP, Principal Research Associate; Julie Samuels, MPP, (Former) Senior Fellow; and Jessica Kelly, BA, Senior Director, Research and Web Technology, Urban Institute; and Mark Motivans, PhD, BJS Statistician",,,,,,,,
Refer questions to: askbjs@usdoj.gov or 202-307-0765 ,,,,,,,,
Date of version: 7/13/2023,,,,,,,,
,,,,,,,,
"Table 13. Persons in Federal Bureau of Prisons custody, by linking of prison and sentencing records and most serious offense, fiscal yearend 2018",,,,,,,,
,,Persons in federal prison,,,,,,
,,With unlinked records,,,,With linked records/b,,
Most serious offense/a,,Number,Percent,,,Number,Percent,
,Total,"5,267",100,%,,"151,363",100,%
Violent ,,384,7.3,%,,"7,789",5.2,%
Property ,,167,3.2,%,,"8,804",5.8,%
,Fraud,144,2.7,,,"7,507",5,
,Other ,23,0.4,,,"1,297",0.9,
Drug ,,"3,203",61.1,%,,"71,555",47.5,%
Public order ,,388,7.4,%,,"23,868",15.8,%
,Regulatory,63,1.2,,,"2,299",1.5,
,Other,325,6.2,,,"21,569",14.3,
Nonviolent sexual/c,,32,0.6,%,,"1,699",1.1,%
Weapon,,307,5.9,%,,"27,262",18.1,%
Immigration ,,765,14.6,%,,"9,767",6.5,%
"Note: Includes persons in Federal Bureau of Prisons (BOP) custody on new U.S. district court commitments. Excludes persons convicted and sentenced under laws in effect before the 1984 Sentencing Reform Act, presentence admissions, supervision violators, D.C. Superior Court commitments, state boarders, and commitments by other types of courts. Percentages exclude missing data. Most serious offense was missing for 21 persons with unlinked records and 619 persons with linked records.",,,,,,,,
"a/The new commitment offense with the longest sentence, as determined by the BOP.",,,,,,,,
b/Persons whose fiscal yearend 2018 BOP records linked to fiscal yearend 1994�2018 U.S. Sentencing Commission records. ,,,,,,,,
"c/Excludes sexual abuse, which is included in the Violent category.",,,,,,,,
"Source: Bureau of Justice Statistics, based on data from the Federal Bureau of Prisons, SENTRY database, fiscal yearend 2018; and U.S. Sentencing Commission, Monitoring File, fiscal years 1994-2018.",,,,,,,,
