Bureau of Justice Statistics,,,
Filename: sdpfpdo1318f01.csv,,,
"Figure 1. Persons in Federal Bureau of Prisons custody for drug offenses, by primary drug involved and mandatory minimum penalty received, fiscal years 1994-2018",,,
"Report title: Sentencing Decisions for Persons in Federal Prison for Drug Offenses, 2013�2018   NCJ 305893",,,
"Data source: Bureau of Justice Statistics, based on data from the Federal Bureau of Prisons, SENTRY database, fiscal yearend 2018; and U.S. Sentencing Commission, Monitoring File, fiscal yearend 2018",,,
"Authors: Mari McGilton, MA, Research Associate; William Adams, MPP, Principal Research Associate; Julie Samuels, MPP, (Former) Senior Fellow; and Jessica Kelly, BA, Senior Director, Research and Web Technology, Urban Institute; and Mark Motivans, PhD, BJS Statistician",,,
Refer questions to: askbjs@usdoj.gov or 202-307-0765 ,,,
Date of version: 7/13/2023,,,
,,,
"Figure 1. Persons in Federal Bureau of Prisons custody for drug offenses, by primary drug involved and mandatory minimum penalty received, fiscal yearend 2018",,,
,Mandatory minimum penalty,,
,Number of persons,,
Primary drug involved,Received,Not received,Did not apply/a
Methamphetamine/b,"15,177","4,125","6,113"
Powder cocaine,"10,312","2,375","2,415"
Crack cocaine,"9,598",606,"2,678"
Heroin,"3,784",939,"2,355"
Marijuana/c,"2,521",557,"1,337"
Opioids/d,194,82,"1,579"
Missing,180,11,"1,418"
Other/e,299,45,885
"Note: Includes persons in Federal Bureau of Prisons custody on new U.S. district court commitments for drug offenses who were sentenced in 1994 or later. Excludes persons convicted and sentenced under laws in effect before the 1984 Sentencing Reform Act, presentence admissions, supervision violators, D.C. Superior Court commitments, state boarders, and commitments by other types of courts. Counts exclude missing data on mandatory minimum penalties. In cases involving multiple drugs, the primary drug was the one with the highest weight according to the U.S. Sentencing Commission�s drug conversion formulas.",,,
a/Includes defendants who were not sentenced for the type and quantity of drug that would trigger a mandatory minimum sentence.,,,
b/Includes methamphetamine mixtures and methamphetamine precursors such as ephedrine.,,,
"c/Includes marijuana plants, hashish, and other marijuana derivatives.",,,
"d/Includes fentanyl, codeine, morphine, oxycodone, methadone, hydrocodone, and other opioid drugs.",,,
"e/Includes pharmaceuticals, MDMA/ecstasy, and other types of drugs.",,,
"Source: Bureau of Justice Statistics, based on data from the Federal Bureau of Prisons, SENTRY database, fiscal yearend 2018; and U.S. Sentencing Commission, Monitoring File, fiscal years 1994-2018.",,,
