Bureau of Justice Statistics,,,,,,
Filename: sdpfpdo1318f03.csv,,,,,,
"Figure 3. Persons in Federal Bureau of Prisons custody for drug offenses, by sex and sentence length, fiscal yearend 2018",,,,,,
"Report title: Sentencing Decisions for Persons in Federal Prison for Drug Offenses, 2013�2018   NCJ 305893",,,,,,
"Data source: Bureau of Justice Statistics, based on data from the Federal Bureau of Prisons, SENTRY database, fiscal yearend 2018; and U.S. Sentencing Commission, Monitoring File, fiscal years 1994-2018",,,,,,
"Authors: Mari McGilton, MA, Research Associate; William Adams, MPP, Principal Research Associate; Julie Samuels, MPP, (Former) Senior Fellow; and Jessica Kelly, BA, Senior Director, Research and Web Technology, Urban Institute; and Mark Motivans, PhD, BJS Statistician",,,,,,
Refer questions to: askbjs@usdoj.gov or 202-307-0765 ,,,,,,
Date of version: 7/13/2023,,,,,,
,,,,,,
"Figure 3. Persons in Federal Bureau of Prisons custody for drug offenses, by sex and sentence length, fiscal yearend 2018",,,,,,
,Percent of persons,,,,,
Sentence length,Total,,Male,,Female,
Less than 10 years,40,%,38,%,69,%
10�19,43,,45,,27,
20 or more,16,,18,,4,
"Note: Details may not sum to 100% due to rounding. Includes persons in Federal Bureau of Prisons custody on new U.S. district court commitments for drug offenses who were sentenced in 1994 or later. Excludes persons convicted and sentenced under laws in effect before the 1984 Sentencing Reform Act, presentence admissions, supervision violators, D.C. Superior Court commitments, state boarders, and commitments by other types of courts. Sentence length was missing for 11 persons.",,,,,,
"Source: Bureau of Justice Statistics, based on data from the Federal Bureau of Prisons, SENTRY database, fiscal yearend 2018; and U.S. Sentencing Commission, Monitoring File, fiscal years 1994-2018.",,,,,,
