Bureau of Justice Statistics,,,,
Filename:  prdv0615f04.csv,,,,
"Figure 04. Offender arrested during initial police response to nonfatal domestic violence victimizations reported to police, by severity of injury and sex of victim, 2006-2015",,,,
"Report title:  Police Response to Domestic Violence, 2006-2015",,,,
"Data source: Bureau of Justice Statistics, National Crime Victimization Survey, 2006-2015.",,,,
"Author: Brian A. Reaves, Ph.D., BJS Statistician",,,,
Refer questions to:  askbjs@ojp.usdoj.gov (202) 307-0765,,,,
Date of version: 05/02/2017,,,,
,,,,
"Figure 04. Offender arrested during initial police response to nonfatal domestic violence victimizations reported to police, by severity of injury and sex of victim, 2006-2015",,,,
,,,,
,Female*,,Male,
All victimizations,24,%,21,%
Serious injury,32,,44,
Minor injury,32,,27,
No injury,16,,16,
Note: See appendix table 19 for estimates and standard errors. There were no statistically significant differences detected between males and females across any of the injury categories.,,,,
*Comparison group.,,,,
"Source: Bureau of Justice Statistics, National Crime Victimization Survey, 2006-2015.",,,,
