Bureau of Justice Statistics,,,,,,
Filename: ac10t18.csv,,,,,,
"Table 18. Time-of-day of alcohol-involved and other violent incidents known to law enforcement, 2007",,,,,,
"Report title:  Alcohol and  Crime, Data from 2002 to 2008",,,,,,
"Data source: National Incident-Based Reporting System, 2007, administered by the FBI as part of the UCR Program",,,,,,
Author: Howard Snyder,,,,,,
Refer questions to: askbjs@usdoj.gov or (202) 307-0765,,,,,,
Date of version: 08/03/10,,,,,,
,,,,,,
"Alcohol-involved violent incidents known to law enforcement peaked around 1 am, while other violent incidents known to law enforcement peaked around 9 pm",,,,,,
Over half (55.6%) of all alcohol-involved violent incidents known to law enforcement occurred during the six hours between 9 pm and 3 am.,,,,,,
Over half (55.2%) of other violent incidents where alcohol was not involved occurred between 12 noon and 9 pm.,,,,,,
,,,,,,
"Table 18. Time-of-day of alcohol-involved and other violent incidents known to law enforcement, 2007",,,,,,
,,,,,,
Time of incident,All ,,Alcohol-involved ,,Other violent ,
   Morning,,,,,,
6am,1.3,%,1.3,%,1.2,%
7am,1.9,,1,,2,
8am,2.8,,1,,3,
9am,2.9,,1.1,,3.1,
10am,3.4,,1.1,,3.7,
11am,3.8,,1.3,,4.1,
   Afternoon,,,,,,
12pm,4.6,,1.5,,5,
1pm,4,,1.1,,4.4,
2pm,4.6,,1.4,,5,
3pm,5.2,,1.8,,5.7,
4pm,5.2,,2.4,,5.5,
5pm,5.4,,3.2,,5.6,
   Evening,,,,,,
6pm,5.7,,4,,5.9,
7pm,5.8,,5.1,,5.9,
8pm,6.1,,6.3,,6.1,
9pm,6.3,,7.7,,6.1,
10pm,6.1,,8.8,,5.7,
11pm,5.5,,9.3,,5.1,
   Midnight,,,,,,
12am,5.1,,10,,4.5,
1am,4.7,,10.7,,3.9,
2am,4,,9.1,,3.4,
3am,2.7,,5.6,,2.3,
4am,1.7,,3.3,,1.6,
5am,1.2,,1.9,,1.2,
"Note: Time of incident includes incidents that occurred within the hour specificied (e.g., 6 am covers the period from 6:00 am to 6:59 am).  ",,,,,,
Total does not sum to 100% due to rounding.,,,,,,
"Source: National Incident-Based Reporting System, 2007, administered by the FBI as part of the UCR Program.",,,,,,
