Bureau of Justice Statistics,,,,,,,
Filename: ac10t04.csv,,,,,,,
"Table 4. Age of victims in alcohol-involved and other violent incidents known to law enforcement, 2007",,,,,,,
"Report title:  Alcohol and  Crime, Data from 2002 to 2008",,,,,,,
"Data source: National Incident-Based Reporting System, 2007, administered by the FBI as part of the UCR Program",,,,,,,
Author: Howard Snyder,,,,,,,
Refer questions to: askbjs@usdoj.gov or (202) 307-0765,,,,,,,
Date of version: 08/03/10,,,,,,,
,,,,,,,
Alcohol-involved violent incidents known to law enforcement were less likely to have juvenile victims than were violent incidents in which alcohol was not involved (6% vs. 19%),,,,,,,
,,,,,,,
"Table 4. Age of victims in alcohol-involved and other violent incidents known to law enforcement, 2007",,,,,,,
Victim age,,All,,Alcohol-involved,,Other violent,
,,,,,,,
,Total,100,%,100,%,100,%
Under 18,,17.3,,5.7,,18.7,
18 to 20,,10.2,,8,,10.5,
21 to 29,,26.8,,31.6,,26.2,
30 to 39,,20.2,,24.5,,19.7,
40 or older,,25.5,,30.3,,25,
,,,,,,,
"Source: National Incident-Based Reporting System, 2007, administered by the FBI as part of the UCR Program.�",,,,,,,
