Bureau of Justice Statistics,,,,,,,
Filename: ac10t03.csv,,,,,,,
"Table 3. Sex of victims in alcohol-involved and other violent incidents known to law enforcement, 2007",,,,,,,
"Report title:  Alcohol and  Crime, Data from 2002 to 2008",,,,,,,
"Data source: National Incident-Based Reporting System, 2007, administered by the FBI as part of the UCR Program",,,,,,,
Author: Howard Snyder,,,,,,,
Refer questions to: askbjs@usdoj.gov or (202) 307-0765,,,,,,,
Date of version: 08/03/10,,,,,,,
,,,,,,,
Both alcohol-involved and other violent incidents known to law enforcement had similar proportions of female victims (59% vs. 58%),,,,,,,
,,,,,,,
"Table 3. Sex of victims in alcohol-involved and other violent incidents known to law enforcement, 2007",,,,,,,
,,,,,,,
Victim sex,,All,,Alcohol-involved,,Other violent,
,,,,,,,
,Total,100,%,100,%,100,%
Male,,41.7,,40.6,,41.8,
Female,,58.3,,59.4,,58.2,
,,,,,,,
"Source: National Incident-Based Reporting System, 2007, administered by the FBI as part of the UCR Program.�",,,,,,,
