Bureau of Justice Statistics,,,,,,,,,,,,,,,,,,,
Filename: ac10t23.csv,,,,,,,,,,,,,,,,,,,
"Table 23. Sex of victims involved in alcohol-related violent incidents, by sex of offenders, 2004-2008",,,,,,,,,,,,,,,,,,,
"Report title:  Alcohol and  Crime, Data from 2002 to 2008",,,,,,,,,,,,,,,,,,,
"Data source: National Crime Victimization Survey, 2004-2008",,,,,,,,,,,,,,,,,,,
Author: Michael Rand,,,,,,,,,,,,,,,,,,,
Refer questions to: askbjs@usdoj.gov or (202) 307-0765,,,,,,,,,,,,,,,,,,,
Date of version: 08/03/10,,,,,,,,,,,,,,,,,,,
,,,,,,,,,,,,,,,,,,,
The likelihood that a male offender committed a violent crime against a female did not differ for offenders who perceived or not perceived to be using alcohol (42 vs 40%),,,,,,,,,,,,,,,,,,,
Females perceived to be using alcohol committed proportionately fewer violent crimes against females (60%) than did female offenders not perceived to be using alcohol (76%).,,,,,,,,,,,,,,,,,,,
,,,,,,,,,,,,,,,,,,,
"Table 23. Sex of victims involved in alcohol-related violent incidents, by sex of offenders, 2004-2008",,,,,,,,,,,,,,,,,,,
,,,,,,,,,,,,,,,,,,,
Sex of victims,,Sex of offenders/a,,,,,,,,,,,,,,,,,
,,Male�,,,,,,Female�,,,,,,Both/a,,,,,
,,Alcohol related,,Other violent,,Don't,,Alcohol related,,Other violent,,Don't,,Alcohol related,,Other violent,,Don't,
,,,,,,know,,,,,,know,,,,,,know,
,Total,100,%,100,%,100,%,100,%,100,%,100,%,100,%,100,%,100,%
Male,,58.5,,60.3,,64.2,,39.6,*,24.3,,18.2,,41.4,,33.1,,46.8,
Female,,41.5,,39.7,,35.8,,60.4,*,75.7,,81.6,,58.6,,66.9,,53.2,
a/A respondent may report violence by both male and female offenders if victimized by two offenders of opposite sex.,,,,,,,,,,,,,,,,,,,
*Difference between percent perceiving alcohol use and percent not perceiving alcohol use is significant at 95% confidence level.,,,,,,,,,,,,,,,,,,,
"Source: National Crime Victimization Survey, 2004-2008.",,,,,,,,,,,,,,,,,,,
