Bureau of Justice Statistics,,,,,,,
Filename: ac10t01.csv,,,,,,,
"Table 1. Sex of offenders in alcohol-involved and other violent incidents known to law enforcement, 2007",,,,,,,
"Report title:  Alcohol and  Crime, Data from 2002 to 2008",,,,,,,
"Data source: National Incident-Based Reporting System, 2007, administered by the FBI as part of the UCR Program",,,,,,,
Author: Howard Snyder,,,,,,,
Refer questions to: askbjs@usdoj.gov or (202) 307-0765,,,,,,,
Date of version: 08/03/10,,,,,,,
,,,,,,,
Alcohol-involved violent incidents known to law enforcement were more likely to have male offenders than were violent incidents in which alcohol was not involved (82% vs. 76%),,,,,,,
,,,,,,,
"Table 1. Sex of offenders in alcohol-involved and other violent incidents known to law enforcement, 2007",,,,,,,
,,,,,,,
Offender sex,,All,,Alcohol- involved,,Other violent,
,Total,100,%,100,%,100,%
Male,,76.7,,81.7,,76,
Female,,23.3,,18.3,,24,
,,,,,,,
"Source: National Incident-Based Reporting System, 2007, administered by the FBI as part of the UCR Program.�",,,,,,,
