Bureau of Justice Statistics,,,,,,
Filename: capd07t03.csv,,,,,,
"Table 3. Rate of violent victimization for persons with and without disabilities, by gender, race, and Hispanic origin, 2007",,,,,,
"Report title: Crime Against People With Disabilities, 2007, NCJ 227814",,,,,,
Data source(s): National Crime Victimization Survey and American Community Survey,,,,,,
"Author(s): Michael Rand and Erika Harrell, Ph.D.",,,,,,
Refer questions to: askbjs@usdoj.gov or 202-307-0765,,,,,,
Date of version: 10/01/2009,,,,,,
,,,,,,
"Table 3. Rate of violent victimization for persons with and without disabilities, by gender, race, and Hispanic origin, 2007",,,,,,
,,,,,,
,,"Rate per 1,000 persons age 12 or older",,,,
,,Persons with disabilities,,,,
Victim characteristics,,Age-adjusted/a,,Unadjusted,,Persons without disabilities
,Total,32.4,*,18.1,,21.3
Gender,,,,,,
,Male,29.5,*,18.5,,23.7
,Female,34.8,*,17.8,,18.9
Race/b,,,,,,
,White,34.1,*,18.4,,22.4
,Black/African American,31.2,,18.3,,25.8
,Other race/c,2.3,^*,3.5,^,12.3
,Two or more races,91,*,70.7,,51.6
Hispanic origin/d,,,,,,
,Hispanic ,19,,12.2,,19.1
,Non-Hispanic,33.9,*,18.8,,21.6
"Note: Rates are based on the noninstitutional U.S. resident population age 12 or older, in the American Community Survey, 2007, U.S. Census Bureau.  In 2007 approximately 39,566,790 persons age 12 or older in the U.S. had a disability.  See Methodology.",,,,,,
^Based on 10 or fewer sample cases.,,,,,,
*Difference between age-adjusted rate for persons with disabilities and the unadjusted rate for those without disabilities is significant at the 95%-confidence level.,,,,,,
"a/The age-adjusted victimization rate for persons with disabilities is calculated by multiplying the unadjusted rate for each age group with disabilities by the ratio of the number of people in that age group without disabilities, divided by the total population without disabilities.  The sum of these weighted estimates represent the overall age-adjusted rate. ",,,,,,
b/Includes persons of Hispanic or Latino origin.,,,,,,
"c/Includes American Indians, Alaska Natives, Asians, Native Hawaiians, and other Pacific Islanders.",,,,,,
d/Includes all races.,,,,,,
