Bureau of Justice Statistics,,,,,,,,,,,,,,,
Filename: capd07t05.csv,,,,,,,,,,,,,,,
"Table 4. Violent victimization rate, by type of disability and type of crime, 2007",,,,,,,,,,,,,,,
"Report title: Crime Against People With Disabilities, 2007, NCJ 227814",,,,,,,,,,,,,,,
Data source(s): National Crime Victimization Survey and American Community Survey,,,,,,,,,,,,,,,
"Author(s): Michael Rand and Erika Harrell, Ph.D.",,,,,,,,,,,,,,,
Refer questions to: askbjs@usdoj.gov or 202-307-0765,,,,,,,,,,,,,,,
Date of version: 10/01/2009,,,,,,,,,,,,,,,
,,,,,,,,,,,,,,,
"Table 4. Violent victimization rate, by type of disability and type of crime, 2007",,,,,,,,,,,,,,,
,,,,,,,,,,,,,,,
,,,"Rate per 1,000 persons age 12 or older",,,,,,,,,,,,
Type of crime,,,Total,Sensory ,,Physical ,,Cognitive ,,Self-care ,,Go-outside-home ,,Employment ,
,,Total violent crime,18.1,11.8,,13.5,,27.8,,10.5,,11.8,,15.6,
Serious violent crime,,,6.1,1.5,^,5,,9.6,,3.8,^,5,,5.1,
,Rape/sexual assault,,1.2,0.4,^,1.2,^,2,^,0.6,^,0.7,^,0.8,^
,Robbery,,2,0.2,^,1.5,,3.3,,1.1,^,1.7,^,1.3,^
,Aggravated assault,,2.9,1,^,2.4,,4.3,,2.1,^,2.6,^,2.9,
Simple assault,,,12,10.2,,8.5,,18.2,,6.7,,6.8,,10.5,
"Note: Rates include victims with more than one disability. Definitions of the types of disabilities are available from the U.S. Census Bureau.  American Community Survey, 2005 Subject Definitions. Retrieved August 10, 2009, from <http://www.census.gov/acs/www/Downloads/2005/usedata/Subject_Definitions.pdf#page=31>.",,,,,,,,,,,,,,,
^Based on 10 or fewer sample cases.,,,,,,,,,,,,,,,
