Bureau of Justice Statistics,,,,,,,,,,,,,
Filename: capd07t05.csv,,,,,,,,,,,,,
"Table 5. Victim/offender relationship of violent crime victims with and without disabilities, by gender, 2007",,,,,,,,,,,,,
"Report title: Crime Against People With Disabilities, 2007, NCJ 227814",,,,,,,,,,,,,
Data source(s): National Crime Victimization Survey,,,,,,,,,,,,,
"Author(s): Michael Rand and Erika Harrell, Ph.D.",,,,,,,,,,,,,
Refer questions to: askbjs@usdoj.gov or 202-307-0765,,,,,,,,,,,,,
Date of version: 10/01/2009,,,,,,,,,,,,,
,,,,,,,,,,,,,
"Table 5. Victim/offender relationship of violent crime victims with and without disabilities, by gender, 2007",,,,,,,,,,,,,
,,,,,,,,,,,,,
,,Percent of violent victimization,,,,,,,,,,,
,,Persons with disabilities,,,,,,Persons without disabilities,,,,,
Victim/offender relationship,,Total,,Male,,Female,,Total,,Male,,Female,
,Total,100,%,100,%,100,%,100,%,100,%,100,%
Intimate partner/a,,10.7,,5.4,^,16.1,,13.3,,3,,26.9,
Other relatives/b,,7.8,,3,^,12.5,,6.1,,5,,8.7,
Well known/casual acquaintance,,33.2,,39.1,,31.6,,30.8,,34.1,,34.1,
Stranger,,39.8,,40.4,,33.5,,41.3,,45.2,,24.2,
Did not know relationship,,8.5,^,12.2,^,6.3,^,8.5,,12.7,,6,
Note: Detail may not sum to 100% due to rounding.,,,,,,,,,,,,,
^Based on 10 or fewer sample cases.,,,,,,,,,,,,,
"a/Defined as current or former spouses, boyfriends, or girlfriends.",,,,,,,,,,,,,
"b/Defined as parents, siblings, or cousins. ",,,,,,,,,,,,,
