"Bureau of Justice Statistics",,,,,,,,,,,,
"filename:  cv9671.csv",,,,,,,,,,,,
"Table 71: Percent distribution of self-protective measures employed",,,,,,,,,,,,
"by victims, by selected characteristics of victims",,,,,,,,,,,,
"data source: National Criminal Victimization Survey, 1996   NCJ 174445",,,,,,,,,,,,
"produced by:  Cathy Maston ",,,,,,,,,,,,
"authors:  Patsy Klaus and Cathy Maston",,,,,,,,,,,,
"refer questions to:  askbjs@ojp.usdoj.gov     202-307-0765",,,,,,,,,,,,
"date of version: 06/30/00",,,,,,,,,,,,
,,,,,,,,,,,,
,,,,,,,,,,,,
"Table 71. Personal crimes of violence, 1996:",,,,,,,,,,,,
,,,,,,,,,,,,
"Percent distribution of self-protective measures employed",,,,,,,,,,,,
"by victims, by selected characteristics of victims",,,,,,,,,,,,
,,,,,,,,,,,,
,,,,,,,,,,"Percent of self-protective measures",,
,,,,,,"Gender",,,,"     Race/a",,
"Self-protective measure",,,"    Both gender",,"Male",,"Female",,"White",,"Black",
,,,,,,,,,,,,
,,,,,,,,,,,,
"Total",,,100.0,"%",100.0,"%",100.0,"%",100.0,"%",100.0,"%"
,"Attacked offender with weapon",,1.0,,1.0,,1.1,,0.9,,1.5,"*"
,"Attacked offender without weapon",,10.1,,12.1,,7.9,,10.0,,10.7,
,"Threatened offender with weapon",,1.4,,1.9,,0.8,,1.5,,0.8,"*"
,"Threatened offender without weapon",,2.1,,2.9,,1.1,,2.4,,1.0,"*"
,"Resisted or captured offender",,21.9,,25.7,,17.5,,21.3,,24.0,
,"Scared or warned offender",,8.5,,5.9,,11.6,,8.5,,9.2,
,"Persuaded or appeased offender",,10.8,,10.5,,11.1,,11.1,,9.5,
,"Ran away or hid",,15.9,,14.2,,17.8,,16.2,,13.9,
,"Got help or gave alarm",,10.2,,6.7,,14.3,,10.0,,11.5,
,"Screamed from pain or fear",,2.3,,0.7,,4.3,,2.0,,4.2,
,"Took other measures",,15.8,,18.5,,12.6,,16.3,,13.5,
,,,,,,,,,,,,
"Note: Detail may not add to total shown because of rounding.",,,,,,,,,,,,
"Some respondents may have cited more than one self-protective measure employed.",,,,,,,,,,,,
"* Estimate is based on about 10 or fewer sample cases.",,,,,,,,,,,,
"a/Excludes data on persons of ""Other"" races.",,,,,,,,,,,,
