"Bureau of Justice Statistics",,,,,,,
"filename:  cv9668.csv",,,,,,,
"Table 68: Percent of victimizations in which victims took self-protective",,,,,,,
"measures, by type of crime and victim-offender relationship",,,,,,,
"data source: National Criminal Victimization Survey, 1996   NCJ 174445",,,,,,,
"produced by:  Cathy Maston ",,,,,,,
"authors:  Patsy Klaus and Cathy Maston",,,,,,,
"refer questions to:  askbjs@ojp.usdoj.gov     202-307-0765",,,,,,,
"date of version: 06/30/00",,,,,,,
,,,,,,,
,,,,,,,
"Table 68. Personal crimes of violence, 1996:",,,,,,,
,,,,,,,
"Percent of victimizations in which victims took self-protective",,,,,,,
"measures, by type of crime and victim-offender relationship",,,,,,,
,,,,,,,
,,,,,"  Percent of all victimizations",,
,,"All",,"Involving",,"Involving",
"Type of crime",,"victimizations",,"strangers",,"nonstrangers",
,,,,,,,
,,,,,,,
"Crimes of violence",,70.5,"%",67.6,"%",73.7,"%"
,,,,,,,
"   Completed violence",,72.3,,62.2,,81.9,
"   Attempted/threatened violence",,69.8,,69.6,,69.9,
"   Rape/Sexual assault/a",,78.1,,67.6,,83.2,
"   Robbery",,60.0,,55.3,,75.6,
"      Completed/property taken",,51.4,,44.8,,75.1,
"         With injury",,64.1,,58.8,,81.8,
"         Without injury",,45.1,,38.0,,71.4,
"      Attempted to take property",,77.4,,77.7,,76.5,
"         With injury",,90.8,,94.3,,86.8,
"         Without injury",,73.8,,74.7,,70.3,
"   Assault",,71.7,,70.4,,73.1,
"      Aggravated",,76.0,,73.8,,78.7,
"         With injury",,81.0,,76.8,,83.6,
"         Threatened with weapon",,74.2,,73.1,,75.8,
"      Simple",,70.3,,69.1,,71.5,
"         With minor injury",,80.7,,77.4,,82.8,
"         Without injury",,67.5,,67.3,,67.7,
,,,,,,,
"a/Includes verbal threats of rape and threats of sexual assault.",,,,,,,
