"Bureau of Justice Statistics",,,,,,,,
"filename:  cv9679.csv",,,,,,,,
"Table 79: Percent of victimizations in which victims ",,,,,,,,
"received hospital care, by selected ",,,,,,,,
"characteristics of victims and type of crime",,,,,,,,
"data source: National Criminal Victimization Survey, 1996   NCJ 174445",,,,,,,,
"produced by:  Cathy Maston ",,,,,,,,
"authors:  Patsy Klaus and Cathy Maston",,,,,,,,
"refer questions to:  askbjs@ojp.usdoj.gov     202-307-0765",,,,,,,,
"date of version: 06/30/00",,,,,,,,
,,,,,,,,
,,,,,,,,
,,,,,,,,
"Table 79. Personal crimes of violence, 1996:",,,,,,,,
,,,,,,,,
"Percent of victimizations in which victims ",,,,,,,,
"received hospital care, by selected ",,,,,,,,
"characteristics of victims and type of crime",,,,,,,,
,,,,,,,,
,,,,,,"Percent of victimizations",,
,,,"Crimes of",,,,,
"Characteristic",,,"violence/a",,"Robbery",,"Assault",
"Gender",,,,,,,,
"                                                                                      ","Both gender",,4.6,"%",6.3,"%",4.0,"%"
,"Male",,4.7,,7.2,,4.2,
,"Female",,4.4,,4.4,"*",3.8,
,,,,,,,,
"Age",,,,,,,,
,"12-19",,3.9,,2.6,"*",3.2,
,"20-34",,5.0,,7.2,,4.8,
,"35-49",,5.2,,8.7,"*",4.7,
,"50-64",,3.7,"*",13.2,"*",2.5,"*"
,"65 and over",,1.2,"*",0.0,"*",1.6,"*"
,,,,,,,,
"Race/b",,,,,,,,
,"White",,3.8,,5.0,,3.5,
,"Black",,8.7,,10.8,,7.6,
,,,,,,,,
"Victim-offender relationship",,,,,,,,
,"Strangers",,5.0,,6.9,,4.5,
,"Nonstrangers",,4.1,,4.2,"*",3.6,
,,,,,,,,
"* Estimate is based on about 10 or fewer sample cases.",,,,,,,,
"a/Includes data on rape and sexual assault, not shown separately.",,,,,,,,
"b/Excludes data on persons of ""Other"" races.",,,,,,,,
