Bureau of Justice Statistics,,,,,,,,,,,,,,,,,,,
Filename: pjdc0009stt14.csv,,,,,,,,,,,,,,,,,,,
"Table 14. Percent of state prisoner deaths, by cause of death, 2001-2009",,,,,,,,,,,,,,,,,,,
"Report title: Prison and Jail Deaths in Custody, 2000-2009-Statistical Tables  NCJ 236219",,,,,,,,,,,,,,,,,,,
"Data source(s): Bureau of Justice Statistics, Deaths in Custody Reporting Program (DCRP)",,,,,,,,,,,,,,,,,,,
Author(s): Margaret E. Noonan and E. Ann Carson,,,,,,,,,,,,,,,,,,,
Refer questions to: askbjs@usdoj.gov  (202) 307-0765,,,,,,,,,,,,,,,,,,,
Date of version: 12-12-11,,,,,,,,,,,,,,,,,,,
,,,,,,,,,,,,,,,,,,,
"Table 14. Percent of state prisoner deaths, by cause of death, 2001-2009",,,,,,,,,,,,,,,,,,,
Cause of death,,2001,,2002,,2003,,2004,,2005,,2006,,2007/a,,2008,,2009,
,All causes,100,%,100,%,100,%,100,%,100,%,100,%,100,%,100,%,100,%
Illness,,89.4,%,89.1,%,89.8,%,89.1,%,88.9,%,87.5,%,87.9,%,87.8,%,88.4,%
,Heart disease,26,,27.3,,25.9,,26.8,,26.8,,26.7,,20.9,,24.9,,25.5,
,Cancer,21.8,,22.1,,24.5,,22.7,,24.1,,23.6,,17.7,,24.9,,26.7,
,Liver disease,7.8,,6.8,,7.8,,7,,7.5,,7.5,,5.6,,6.8,,7.6,
,AIDS,9.5,,8.2,,6.6,,4.7,,4.9,,4.1,,3.5,,2.8,,2.8,
,All other illnesses/b,24.3,,24.6,,24.9,,27.9,,25.7,,25.5,,40.1,,28.4,,25.9,
Suicide,,5.9,%,5.7,%,6.3,%,6.4,%,6.7,%,6.8,%,6.4,%,5.7,%,5.9,%
Homicide,,1.4,,1.6,,1.5,,1.6,,1.8,,1.7,,1.7,,1.2,,1.6,
Drug/alcohol intoxication,,1.2,,1.3,,0.7,,0.7,,1.2,,1.8,,1.2,,1.7,,1.5,
Accident,,0.8,,1.1,,0.8,,1.1,,0.9,,1,,0.9,,0.8,,0.9,
Other/unknown,,1.3,,1.3,,0.8,,1.2,,0.5,,1.3,,2,,2.9,,1.7,
"Note: Data may have been revised from previously published statistics to reflect updated information. Executions are not included; for data on executions, see Capital Punishment, 2009 - Statistical Tables. ",,,,,,,,,,,,,,,,,,,
"a/In 2007, a high number of cases were missing cause of death information. These cases were classified as all other illnesses.",,,,,,,,,,,,,,,,,,,
"b/Includes other specified (such as cerebrovascular disease, influenza, cirrhosis, and other non-leading natural causes of death) as well as unspecified illnesses.  See Methodology for details on illness classifications.",,,,,,,,,,,,,,,,,,,
"Source: Bureau of Justice Statistics, Deaths in Custody Reporting Program (DCRP).",,,,,,,,,,,,,,,,,,,
