Bureau of Justice Statistics,,,,,,,,,,
Filename: pjdc0009stt18.csv,,,,,,,,,,
"Table 18. Estimated number of state prisoners in custody at midyear, by selected characteristics, 2001-2009",,,,,,,,,,
"Report title: Prison and Jail Deaths in Custody, 2000-2009-Statistical Tables  NCJ 236219",,,,,,,,,,
"Data source(s): Deaths in Custody Reporting Program (DCRP), National Prisoner Statistics (NPS)",,,,,,,,,,
Author(s): Margaret E. Noonan and E. Ann Carson,,,,,,,,,,
Refer questions to: askbjs@usdoj.gov  (202) 307-0765,,,,,,,,,,
Date of version: 12-12-11,,,,,,,,,,
,,,,,,,,,,
"Table 18. Estimated number of state prisoners in custody at midyear, by selected characteristics, 2001-2009",,,,,,,,,,
Characteristic,,2001,2002,2003,2004,2005,2006,2007,2008,2009
,Total,"1,187,800","1,200,000","1,225,700","1,239,700","1,252,500","1,297,300","1,321,800","1,327,100","1,326,600"
Sex,,,,,,,,,,
,Male,"1,110,400","1,121,300","1,143,100","1,155,500","1,165,400","1,205,100","1,227,300","1,232,200","1,232,600"
,Female,"77,500","78,700","82,600","84,200","87,200","92,200","94,500","95,000","94,100"
Race/Hispanic origin/a,,,,,,,,,,
,White,"425,100","433,800","458,900","453,500","462,800","475,100","479,800","485,800","483,000"
,Black/African American,"531,000","524,500","523,500","519,000","517,500","523,300","531,200","536,900","532,700"
,Hispanic/Latino,"160,600","165,900","170,000","180,100","183,300","190,000","196,100","187,000","191,200"
,American Indian or Alaskan Native,"11,500","12,200","12,600","13,000","13,300","14,300","14,000","14,400","14,700"
,Asian,"5,100","5,400","5,600","5,700","5,900","6,000","6,000","5,500","6,000"
,Hawaiian or other Pacific Islander,"2,100","2,100","2,200","2,200","2,100","2,200","2,200","2,400","2,500"
,Other/b,"8,800","9,500","9,900","10,200","10,400","11,400","12,600","12,400","13,200"
Age,,,,,,,,,,
,17 or younger,"2,900","3,000","2,500","2,500","2,600","2,800","2,700","2,500","2,500"
,18-24,"217,900","216,900","215,800","218,200","220,500","227,600","232,200","189,200","189,100"
,25-34,"403,300","401,000","408,200","412,900","418,400","429,600","440,600","434,000","433,900"
,35-44,"362,900","362,900","364,100","368,200","372,000","384,500","391,800","391,500","391,400"
,45-54,"153,200","163,800","176,500","178,600","180,400","185,600","190,000","232,200","232,100"
,55 or older,"47,900","52,600","57,700","58,300","58,900","60,400","62,000","77,900","77,800"
"Note: Detail may not sum to total due to missing data. The estimated number of state prisoners presented is rounded. Mortality rates based on this population (tables 19 and 24) are calculated on exact numbers. Data are from the Prisoners at Midyear series. Data may have been revised from previously published statistics to reflect updated information. Executions are not included; for data on executions, see Capital Punishment, 2009 - Statistical Tables. ",,,,,,,,,,
a/Excludes persons of Hispanic/Latino origin unless specified. ,,,,,,,,,,
b/Includes persons of two or more races or unknown race. ,,,,,,,,,,
"Source: Bureau of Justice Statistics, Deaths in Custody Reporting Program (DCRP), National Prisoner Statistics (NPS).",,,,,,,,,,
,,,,,,,,,,
,,,,,,,,,,
,,,,,,,,,,
,,,,,,,,,,
,,,,,,,,,,
,,,,,,,,,,
,,,,,,,,,,
,,,,,,,,,,
,,,,,,,,,,
,,,,,,,,,,
,,,,,,,,,,
,,,,,,,,,,
,,,,,,,,,,
,,,,,,,,,,
,,,,,,,,,,
,,,,,,,,,,
,,,,,,,,,,
,,,,,,,,,,
,,,,,,,,,,
,,,,,,,,,,
,,,,,,,,,,
