Bureau of Justice Statistics,,,,,,,,,
Filename: pjdc0009stt20.csv,,,,,,,,,
"Table 20. Number of state prisoner deaths, by state, 2001-2009",,,,,,,,,
"Report title: Prison and Jail Deaths in Custody, 2000-2009-Statistical Tables  NCJ 236219",,,,,,,,,
"Data source(s): Deaths in Custody Reporting Program (DCRP), National Prisoner Statistics (NPS), Federal Bureau of Prisons (BOP)",,,,,,,,,
Author(s): Margaret E. Noonan and E. Ann Carson,,,,,,,,,
Refer questions to: askbjs@usdoj.gov  (202) 307-0765,,,,,,,,,
Date of version: 12-12-11,,,,,,,,,
,,,,,,,,,
"Table 20. Number of state prisoner deaths, by state, 2001-2009",,,,,,,,,
State,2001,2002,2003,2004,2005,2006,2007,2008,2009
All states/a,"2,877","2,942","3,165","3,129","3,172","3,239","3,392","3,452","3,408"
Alabama,87,85,92,65,66,61,54,75,80
Alaska/b,8,14,4,8,4,6,10,14,7
Arizona,65,74,84,66,78,72,61,77,85
Arkansas,42,31,39,34,38,37,46,41,50
California,288,337,333,348,366,424,395,369,392
Colorado,42,51,47,39,54,31,42,38,49
Connecticut/b,30,30,36,33,40,25,27,32,29
Delaware/b,16,15,19,13,19,13,15,15,12
Florida,182,183,221,227,244,261,249,291,278
Georgia,93,105,126,90,122,103,143,128,125
Hawaii/b,7,13,8,8,8,5,13,14,11
Idaho,17,9,12,12,13,18,15,18,13
Illinois,86,72,80,98,72,94,104,71,75
Indiana,47,50,56,56,45,70,54,70,91
Iowa,9,11,13,15,19,12,17,21,14
Kansas,21,22,32,30,19,16,20,24,20
Kentucky,36,41,45,42,43,46,46,69,57
Louisiana,72,78,70,94,89,74,83,117,108
Maine,6,7,2,4,0,6,1,2,4
Maryland,70,71,67,78,57,62,57,69,56
Massachusetts,29,20,30,25,37,39,39,29,29
Michigan,114,113,127,138,140,138,117,99,148
Minnesota,13,15,13,6,13,9,13,17,12
Mississippi,36,33,58,53,63,59,77,54,52
Missouri,57,65,65,77,68,66,78,87,81
Montana,6,5,12,12,12,5,5,9,3
Nebraska,7,8,7,7,8,8,12,6,11
Nevada,27,25,24,31,28,23,39,35,35
New Hampshire,2,9,6,6,8,6,6,5,9
New Jersey,69,60,59,57,61,70,60,66,58
New Mexico,11,15,11,16,18,15,22,30,21
New York,175,185,198,153,170,131,148,133,142
North Carolina,67,60,74,95,69,90,99,117,86
North Dakota,3,1,1,1,1,1,0,0,0
Ohio,115,114,91,126,121,106,123,101,120
Oklahoma,51,64,71,53,75,80,98,88,79
Oregon,24,33,25,34,37,40,36,31,28
Pennsylvania,122,126,147,161,149,124,150,145,165
Rhode Island/b,3,8,8,7,2,8,9,6,7
South Carolina,71,45,63,50,75,65,72,83,49
South Dakota,4,11,11,5,4,4,8,6,4
Tennessee,51,61,97,71,76,84,73,74,69
Texas,408,396,383,395,351,443,436,469,426
Utah,5,9,10,11,8,7,7,11,17
Vermont/b,3,3,5,1,6,7,1,3,3
Virginia,71,69,93,86,84,78,103,86,87
Washington,29,30,32,37,45,36,39,35,44
West Virginia,17,8,15,13,10,13,19,19,18
Wisconsin,49,50,41,40,29,45,43,44,42
Wyoming,5,3,2,2,8,3,8,9,7
Federal prisoners,301,335,346,333,388,328,368,399,376
"Note: Data may have been revised from previously published statistics to reflect updated information. Executions are not included; for data on executions, see Capital Punishment, 2009 - Statistical Tables. ",,,,,,,,,
"a/Includes 9 prisoner deaths reported by the District of Columbia in 2001. As of December 30, 2001, sentenced felons from the District of Columbia were the responsibility of the Federal Bureau of Prisons (BOP). ",,,,,,,,,
b/Prisons and jails form one integrated system. ,,,,,,,,,
"Sources: Bureau of Justice Statistics, Deaths in Custody Reporting Program (DCRP) for state data, National Prisoner Statistics (NPS) for federal data through 2006, and personal communication with the Federal Bureau of Prisons (BOP) for federal data after 2006. ",,,,,,,,,
