Bureau of Justice Statistics,,,,,,,,,,,,,,,,,,,,,
Filename: pjdc0009stt02.csv,,,,,,,,,,,,,,,,,,,,,
"Table 2. Percent of local jail inmate deaths, by cause of death, 2000�2009",,,,,,,,,,,,,,,,,,,,,
"Report title: Prison and Jail Deaths in Custody, 2000-2009-Statistical Tables  NCJ 236219",,,,,,,,,,,,,,,,,,,,,
Data source(s): Deaths in Custody Reporting Program (DCRP),,,,,,,,,,,,,,,,,,,,,
Author(s): Margaret E. Noonan and E. Ann Carson,,,,,,,,,,,,,,,,,,,,,
Refer questions to: askbjs@usdoj.gov  (202) 307-0765,,,,,,,,,,,,,,,,,,,,,
Date of version: 12-12-11,,,,,,,,,,,,,,,,,,,,,
,,,,,,,,,,,,,,,,,,,,,
"Table 2. Percent of local jail inmate deaths, by cause of death, 2000�2009",,,,,,,,,,,,,,,,,,,,,
Cause of death,,2000,,2001,,2002,,2003,,2004,,2005,,2006,,2007,,2008/a,,2009,
,All causes,100,%,100,%,100,%,100,%,100,%,100,%,100,%,100,%,100,%,100,%
Illness,,57.1,%,51.7,%,52.3,%,51.2,%,52.1,%,48,%,55.5,%,55.3,%,46.5,%,51.5,%
,Heart disease,21.9,,22.9,,22.7,,24,,22.2,,19.4,,22.8,,21.1,,18.4,,21.1,
,AIDS-related,6.3,,6.3,,5.2,,5.4,,5.1,,3.8,,4.9,,3.9,,3.2,,2.7,
,Cancer,3.4,,2.6,,4,,3.5,,2.8,,3.5,,3.6,,3.8,,2.6,,5,
,Respiratory diseases,3.5,,2,,2.4,,2.2,,3.4,,2.1,,2.5,,4.4,,3.6,,3.3,
,Liver disease,2.4,,2.8,,2.5,,2.9,,3,,3,,2.2,,3.5,,3.4,,3.2,
,All other illnesses/b,19.5,,15.1,,15.5,,13.3,,15.6,,16.3,,19.5,,18.6,,15.1,,16.2,
Suicide,,32,%,33.3,%,32.3,%,29.5,%,29.2,%,27.3,%,25.3,%,25.9,%,24,%,32,%
Drug/alcohol intoxication,,4.1,%,6.1,%,5.7,%,8.9,%,7.5,%,8,%,7.9,%,7.5,%,4.5,%,6.8,%
Accident,,2.8,%,3.7,%,3.6,%,2.8,%,3.1,%,2.3,%,2.9,%,1.6,%,1.6,%,2.7,%
Homicide,,1.9,%,2,%,1.9,%,1.5,%,2.3,%,2.1,%,3.3,%,1.8,%,1.8,%,2.4,%
Other/unknown,,2.2,%,3.2,%,4.3,%,6.2,%,5.8,%,12.3,%,5.1,%,8.3,%,21.8,%,4.6,%
"Note: Cause of death rankings may differ from previously published 2000-2007 estimates because cause of death was ranked on all deaths from 2000 to 2009, which resulted in small changes within some categories.  ",,,,,,,,,,,,,,,,,,,,,
"a/In 2008, a high number of cases were missing cause of death information. These cases were classified as other/unknown. See Methodology for more information.",,,,,,,,,,,,,,,,,,,,,
"b/Includes other specified (such as cerebrovascular disease, influenza, cirrhosis, and other non-leading natural causes of death) as well as unspecified illnesses. See Methodology for details on illness classifications.",,,,,,,,,,,,,,,,,,,,,
"Source: Bureau of Justice Statistics, Deaths in Custody Reporting Program (DCRP).",,,,,,,,,,,,,,,,,,,,,
