Bureau of Justice Statistics,,,,,,
filename:  cv0377.csv,,,,,,
"Table 77. Percent of victimizations in which victims incurred medical expenses, by selected characteristics of victims and type of crime",,,,,,
"data source: National Criminal Victimization Survey, 2003  NCJ  207811",,,,,,
produced by:  Cathy Maston ,,,,,,
authors:  Patsy Klaus and Cathy Maston,,,,,,
refer questions to: askbjs@usdoj.gov  202-307-0765,,,,,,
data of version:  06/01/05,,,,,,

"Table 77. Personal crimes of violence, 2003: Percent of victimizations in which victims incurred medical expenses, by selected characteristics of victims and type of crime",,,,,,

,,Percent of victimizations,,,,
Characteristic,Crime of  violence/a,,  Robbery,,  Assault,

Race,,,,,,
All races/b,7.1,%,14.4,%,6,%
White only,6.5,,13.3,,5.5
Black only,9.4,,16.5,*,7.4

Victim-offender relationship,,,,,
Strangers,6.5,,12.1,,5.3
Nonstrangers,7.9,,20.5,,6.5

Note: Data includes victimizations in which the amount of medical expenses incurred was not ascertained.,,,,,
*Estimate is based on about 10 or fewer sample cases.,,,,,
"a/Includes data on rape and sexual assault, not shown separately.",,,,,
"b/Includes data on persons of ""Other"" races and persons indicating two or more races, not shown separately.",,,,,
