Bureau of Justice Statistics,,,,,,,,,,
filename:  cv0365.csv,,,,,,,,,,
"Table 65. Percent distribution of incidents, by distance from home and type of crime",,,,,,,,,,
"data source: National Criminal Victimization Survey, 2003  NCJ  207811",,,,,,,,,,
produced by:  Cathy Maston ,,,,,,,,,,
authors:  Patsy Klaus and Cathy Maston,,,,,,,,,,
refer questions to: askbjs@usdoj.gov  202-307-0765,,,,,,,,,,
data of version:  06/01/05,,,,,,,,,,

"Table 65. Selected personal and property crimes, 2003: Percent distribution of incidents, by distance from home and type of crime",,,,,,,,,,
       ,,,,,,,,,,
                                                                                                          ,,,,Percent of incidents,,,,,,
Type of crime,Number of incidents,,  Total,,Inside home or lodging,,Near respondent's,,One mile from home or less,

Crimes of violence,"4,949,380",,100,%,16.8,%,15.2,%,20.4,%
   Rape/Sexual assault/a,"191,350",,100,,33.6,,8.6,*,15.4,*
   Robbery,"552,830",,100,,19.7,,15.9,,21.4
   Assault,"4,205,190",,100,,15.7,,15.5,,20.5
      Aggravated,"947,780",,100,,13.6,,17.1,,26.5
      Simple,"3,257,410",,100,,16.3,,15,,18.8
Purse snatching/Pocket picking,"182,110",,100,,0,*,2.8,*,30.7
Property crimes,,,,,,,,,
   Motor vehicle theft,"1,032,470",,100,,1.4,*,62.2,,5.8
   Theft,"14,198,290",,100,,9.1,,46.8,,8.3

,,,Percent of incidents,,,,,,
Type of crime,Five miles from home or less,,Fifty miles from home,,More than 50 miles from home,,Don't know or not available,,

Crimes of violence,23.7,%,19.1,%,3.7,%,1.1,%,
   Rape/Sexual assault/a,18.5,,19.4,,4.6,*,0,*,
   Robbery,24.3,,13.4,,3.8,*,1.5,*,
   Assault,23.8,,19.8,,3.6,,1.1,,
      Aggravated,16.1,,21.3,,5,,0.3,*
      Simple,26,,19.4,,3.3,,1.3,
Purse snatching/Pocket picking,32.3,,25.4,,8.7,*,0,*
Property crimes,,,,,,,,
   Motor vehicle theft,12.1,,14.8,,1.9,*,1.8,*
   Theft,14.9,,14.8,,3.7,,2.4,

Note: Detail may not add to total shown because of rounding.,,,,,,,,
*Estimate is based on about 10 or fewer sample cases.,,,,,,,,
a/Includes verbal threats of rape and threats of sexual assault.,,,,,,,,
