Bureau of Justice Statistics,,
filename:  cv0378.csv,,
Table 78. Percent of victimizations in which injured victims had health insurance coverage or were eligible for public medical services by selected characteristics of victims,,
"data source: National Criminal Victimization Survey, 2003  NCJ  207811",,
produced by:  Cathy Maston ,,
authors:  Patsy Klaus and Cathy Maston,,
refer questions to: askbjs@usdoj.gov  202-307-0765,,
data of version:  06/01/05,,

"Table 78. Personal crimes of violence, 2003: Percent of victimizations in which injured victims had health insurance coverage or were eligible for public medical services by selected characteristics of victims",,

Characteristic,Percent of victimizations,

Race,,
All races,70.4,%
White only/a,68.1,
Black only,80.6,
Annual family income/b,,
"Less than $7,500",65.5,
"$7,500-$14,999",58.3,*
"$15,000-$24,999",69.9,
"$25,000-$34,999",78.7,
"$35,000-$49,999",68.8,
"$50,000-$74,999",68.8,
"$75,000 or more",74.9,
Gender,,
Male,63.6,
Female,79,
Age,,
 12-15,69.8,
16-19,60.4,
20-24,65.7,
25-34,64.7,
35-49,82.1,
50-64,83.7,
65 and over,100,*

Note: Data includes only those victimizations in which the victim received medical attention.,,
*Estimate is based on about 10 or fewer sample cases.,,
"a/Includes data on persons of ""Other"" races, and persons indicating two or more races, not shown separately.",,
b/Excludes data on persons whose family income level was not ascertained.,,
