Bureau of Justice Statistics,,,,
filename:  cv0388.csv,,,,
"Table 88. Percent of victimizations resulting in loss of time from work, by type of crime and race of victims",,,,
"data source: National Criminal Victimization Survey, 2003  NCJ  207811",,,,
produced by:  Cathy Maston ,,,,
authors:  Patsy Klaus and Cathy Maston,,,,
refer questions to: askbjs@usdoj.gov  202-307-0765,,,,
data of version:  06/01/05,,,,

"Table 88. Selected personal and property crimes, 2003: Percent of victimizations resulting in loss of time from work, by type of crime and race of victims",,,,

,Percent of all victimizations,,,
Type of crime,White only,,Black only,

All personal crimes/a,7.8,%,6.3,%
Crimes of violence,7.8,,6.7,
   Completed violence,16.4,,9.7,*
   Attempted/threatened violence,4.3,,4.8,*
   Rape/Sexual assault/b,16.1,*,0,*
   Robbery,15,,11.9,*
   Assault,6.7,,5.6,
All property crimes,5.9,%,7.5,%
   Completed,5.8,,7.7,
   Attempted,6.4,,5,*
   Household burglary,5.4,,10.2,
   Motor vehicle theft                     ,22,,21.1,
   Theft,5,,5.2,

"Note: Excludes data on persons with races other than White only or Black only.  Excludes data on persons of ""Other"" races and persons indicating two or more races.",,,,
*Estimate is based on about 10 or fewer sample cases.,,,,
"a/Includes data on purse snatching/pocket picking, not shown separately.",,,,
b/Includes verbal threats of rape and threats of sexual assault.,,,,
