Bureau of Justice Statistics,,,,,,,,,,,,,,,,
filename:  cv0384.csv,,,,,,,,,,,,,,,,
"Table 84. Percent distribution of victimizations resulting in theft loss, by type of crime and type of property stolen",,,,,,,,,,,,,,,,
"data source: National Criminal Victimization Survey, 2003  NCJ  207811",,,,,,,,,,,,,,,,
produced by:  Cathy Maston ,,,,,,,,,,,,,,,,
authors:  Patsy Klaus and Cathy Maston,,,,,,,,,,,,,,,,
refer questions to: askbjs@usdoj.gov  202-307-0765,,,,,,,,,,,,,,,,
data of version:  06/01/05,,,,,,,,,,,,,,,,

"Table 84. Personal and property crimes, 2003: Percent distribution of victimizations resulting in theft loss, by type of crime and type of property stolen",,,,,,,,,,,,,,,,
    ,,,,,,,,,,,,,,,,
,,,,,,Percent of property stolen,,,,,,,,,,
,Personal crimes,,,,Crimes of violence/a,,,,Robbery,,,,Purse snatching/Pocket picking,,,
Type of property loss,Number,,Percent,,Number,,Percent,,Number,,Percent,,Number,,Percent,

Total,"1,119,130",,100,%,"666,280",,100,%,"663,460",,100,%,"452,850",,100,%
Cash,"330,480",,29.5,,"190,440",,28.6,,"190,440",,28.7,,"140,040",,30.9,
"Purse, wallet, credit cards","379,780",,33.9,,"140,220",,21,,"137,400",,20.7,,"239,560",,52.9,
Vehicle or parts,"47,560",,4.2,,"47,560",,7.1,,"47,560",,7.2,,0,*,0,*
   Motor vehicles,"28,600",*,2.6,*,"28,600",*,4.3,*,"28,600",*,4.3,*,0,*,0,*
   Vehicle parts,"10,770",*,1,*,"10,770",*,1.6,*,"10,770",*,1.6,*,0,*,0,*
   Unattached vehicle accessories,0,*,0,*,0,*,0,*,0,*,0,*,0,*,0,*
   Bicycle or parts,"8,190",*,0.7,*,"8,190",*,1.2,*,"8,190",*,1.2,*,0,*,0,*
Household furnishings,"13,250",*,1.2,*,"13,250",*,2,*,"13,250",*,2,*,0,*,0,*
Personal effects,"297,810",,26.6,,"228,080",,34.2,,"228,080",,34.4,,"69,730",,15.4,
"   Portable electronic, photographic gear","83,730",,7.5,,"72,480",,10.9,,"72,480",,10.9,,"11,250",*,2.5,*
"   Jewelry, clothing","109,680",,9.8,,"98,440",,14.8,,"98,440",,14.8,,"11,250",*,2.5,*
   Other personal effects,"104,400",,9.3,,"57,160",,8.6,,"57,160",,8.6,,"47,240",,10.4,
Firearms,0,*,0,*,0,*,0,*,0,*,0,*,0,*,0,*
"Tools, machinery","5,710",*,0.5,*,"5,710",*,0.9,*,"5,710",*,0.9,*,0,*,0,*
Other,"44,550",,4,,"41,030",,6.2,,"41,030",,6.2,,"3,520",*,0.8,*
Don't know,0,*,0,*,0,*,0,*,0,*,0,*,0,*,0,*

,,,,,Percent of victimizations resulting in theft loss,,,,,,,,,,,
,Property crimes,,,,Household burglary,,,,Motor vehicle theft,,,,           Theft,,,
Type of property loss,Number,,Percent,,Number,,Percent,,Number,,Percent,,Number,,Percent,

Total,"24,143,900",,100,%,"4,177,290",,100,%,"1,158,850",,100,%,"18,807,760",,100,%
Cash,"2,442,650",,10.1,,"428,070",,10.2,,"24,250",*,2.1,*,"1,990,330",,10.6,
"Purse, wallet, credit cards","2,762,550",,11.4,,"202,900",,4.9,,"44,320",,3.8,,"2,515,320",,13.4,
Vehicle or parts,"5,096,120",,21.1,,"288,330",,6.9,,"815,660",,70.4,,"3,992,130",,21.2,
   Motor vehicles,"790,310",,3.3,,"26,810",*,0.6,*,"763,500",,65.9,,0,*,0,*
   Vehicle parts,"2,430,160",,10.1,,"39,000",,0.9,,"40,970",,3.5,,"2,350,200",,12.5,
   Unattached vehicle accessories,"398,510",,1.7,,"50,040",,1.2,,"11,200",*,1,*,"337,270",,1.8,
   Bicycle or parts,"1,477,140",,6.1,,"172,480",,4.1,,0,*,0,*,"1,304,660",,6.9,
Household furnishings,"964,080",,4,,"517,260",,12.4,,"6,730",*,0.6,*,"440,090",,2.3,
Personal effects,"8,523,430",,35.3,,"1,788,120",,42.8,,"215,370",,18.6,,"6,519,930",,34.7,
"   Portable electronic, photographic gear","3,027,520",,12.5,,"593,580",,14.2,,"80,430",,6.9,,"2,353,500",,12.5,
"   Jewelry, clothing","2,308,970",,9.6,,"565,960",,13.5,,"48,110",,4.2,,"1,694,890",,9,
   Other personal effects,"3,186,940",,13.2,,"628,580",,15,,"86,830",,7.5,,"2,471,530",,13.1,
Firearms,"160,050",,0.7,,"97,780",,2.3,,0,*,0,*,"62,270",,0.3,
"Tools, machinery","1,707,090",,7.1,,"502,880",,12,,"31,750",*,2.7,*,"1,172,460",,6.2,
Other,"2,487,940",,10.3,,"351,940",,8.4,,"20,770",*,1.8,*,"2,115,230",,11.2,
Don't know,0,*,0,*,0,*,0,*,0,*,0,*,0,*,0,*

Note: Detail may not add to total shown because of rounding.  Some respondents may have cited multiple items as being stolen.,,,,,,,,,,,,,,,,
*Estimate is based on about 10 or fewer sample cases.,,,,,,,,,,,,,,,,
"a/Crimes of violence includes data on rape and sexual assault, not shown separately.",,,,,,,,,,,,,,,,
