Bureau of Justice Statistics,,,,,,
filename:  cv0375.csv,,,,,,
"Table 75. Percent of victimizations in which victims sustained physical injury, by selected characteristics of victims and type of crime ",,,,,,
"data source: National Criminal Victimization Survey, 2003  NCJ  207811",,,,,,
produced by:  Cathy Maston ,,,,,,
authors:  Patsy Klaus and Cathy Maston,,,,,,
refer questions to: askbjs@usdoj.gov  202-307-0765,,,,,,
data of version:  06/01/05,,,,,,

"Table 75. Personal robbery and assault, 2003: Percent of victimizations in which victims sustained physical injury, by selected characteristics of victims and type of crime ",,,,,,

,Percent of all victims who sustained physical injury,,,,,
Characteristic,Robbery and assault,,Robbery,,Assault,

Gender,,,,,,
Both genders,25.8,%,35.9,%,24.5,%
Male,25.3,,38.7,,23.5,
Female,26.5,,31.4,,25.9,
Age,,,,,,
 12-15,28.4,,39.8,,27,
16-19,25.8,,33.4,*,25,
20-34,27.4,,42.2,,25.3,
35-49,23.6,,20.4,*,24,
50-64,20.4,,32,*,18.5,
65 and over,28.1,*,51.7,*,13.8,*
Race/a,,,,,,
White only,24.5,,34.8,,23.5,
Black only,29.4,,34.5,,28,
Victim-offender relationship,,,,,,
Strangers,20.8,,31.9,,18.7,
Nonstrangers,31.3,,46,,30.3,
Income/b,,,,,,
"Less than $7,500",30.5,,37.2,*,29
"$7,500-$14,999",28.2,,39.7,*,26.3
"$15,000-$24,999",29.6,,32.3,*,29.2
"$25,000-$34,999",38.4,,46,*,37.6
"$35,000-$49,999",21,,36.9,*,19.1
"$50,000-$74,999",21.7,,33.9,*,20.5
"$75,000 or more",19.6,,28.8,*,18.6

*Estimate is based on about 10 or fewer sample cases.,,,,,
"a/Excludes data on persons of ""Other"" races and persons indicating two or more races.",,,,,
b/Excludes data on persons whose family income level was not ascertained.,,,,,
