Bureau of Justice Statistics,,,,,,,,,,,,,,,,,
filename:  cv0374.csv,,,,,,,,,,,,,,,,,
Table 74. Percent distribution of victimizations in which self-protective measures taken by the victim were harmful,,,,,,,,,,,,,,,,,
"data source: National Criminal Victimization Survey, 2003  NCJ  207811",,,,,,,,,,,,,,,,,
produced by:  Cathy Maston ,,,,,,,,,,,,,,,,,
authors:  Patsy Klaus and Cathy Maston,,,,,,,,,,,,,,,,,
refer questions to: askbjs@usdoj.gov  202-307-0765,,,,,,,,,,,,,,,,,
data of version:  06/01/05,,,,,,,,,,,,,,,,,

"Table 74. Personal crimes of violence, 2003: Percent distribution of victimizations in which self-protective measures taken by the victim were harmful",,,,,,,,,,,,,,,,,

,,,,,,,,Percent of victimizations,,,,,,,,,
Type of crime,Number of victimizations, Total,,"Made offender angrier, more aggressive",,Led to injury or greater injury,,Caused greater property damage,,Caused other to get hurt,,Let offender get away,,Made situation worse in other ways,,Not available,

Crimes of violence/a,"687,810",100,%,66.2,%,11.9,%,2.2,%*,3,%*,2.2,%*,14.5,%,0,%*
   Robbery,"74,300",100,,37.4,*,21.7,*,7.5,*,4.2,*,5.6,*,23.5,*,0,*
   Assault,"568,550",100,,69.8,,9.4,,1.7,*,3,*,2,*,14,,0,*
      Aggravated,"143,470",100,,58.3,,13.3,*,5,*,8.5,*,0,*,14.9,*,0,*
      Simple,"425,080",100,,73.7,,8.1,,0.6,*,1.2,*,2.6,*,13.7,,0,*

Note: Detail may not add to total shown because of rounding.  Excludes victimizations in which no self-protective actions were taken.,,,,,,,,,,,,,,,,,
*Estimate is based on about 10 or fewer sample cases.,,,,,,,,,,,,,,,,,
"a/Includes data on rape and sexual assault, not shown separately.",,,,,,,,,,,,,,,,,
