Bureau of Justice Statistics,,,,,,,,,,,,,,,,
filename:  cv0362.csv,,,,,,,,,,,,,,,,
"Table 62. Percent distribution of incidents, by type of crime, type of offender and place of occurrence",,,,,,,,,,,,,,,,
"data source: National Criminal Victimization Survey, 2003  NCJ  207811",,,,,,,,,,,,,,,,
produced by:  Cathy Maston ,,,,,,,,,,,,,,,,
authors:  Patsy Klaus and Cathy Maston,,,,,,,,,,,,,,,,
refer questions to: askbjs@usdoj.gov  202-307-0765,,,,,,,,,,,,,,,,
data of version:  06/01/05,,,,,,,,,,,,,,,,

"Table 62. Personal robbery and assault by armed or unarmed offenders, 2003: Percent distribution of incidents, by type of crime, type of offender and place of occurrence",,,,,,,,,,,,,,,,

,,,,,Percent of incidents,,,,,,,,,,,
Type of crime and offender,Number of incidents,,  Total,,At or in respondent's home,,Near home,,On the street near home,,"At, in, or near a friend's relative's or neighbor's home",,"Inside a restaurant, bar, or nightclub",,Other commercial building,
Robbery,,,,,,,,,,,,,,,,
By armed offenders,"246,820",,100,%,12.2,%*,11.4,%*,4.3,%*,2.2,%*,2.1,%*,6.3,%*
By unarmed offenders,"223,620",,100,%,30.7,,7.7,*,2.7,*,7.6,*,4.3,*,1.5,*
Assault,,,,,,,,,,,,,,,
By armed offenders,"899,070",,100,%,11.8,,10.2,,3.3,*,9.9,,3.9,,7.7
By unarmed offenders,"3,013,450",,100,%,17.6,,10.5,,2.6,,7.5,,4.5,,8.2

,,,,,Percent of incidents,,,,,,,,,,
Type of crime and offender,Parking lot or garage,,Inside school building/on school property,,"In apartment yard, park, field or playground",,On street other than near own home,,On public transportation or inside station,,   Other,,,,
Robbery,,,,,,,,,,,,,,,
By armed offenders,18.1,%,4.7,%*,1.6,%*,31.4,%,1,%*,4.7,%*,,,
By unarmed offenders,9,*,9.8,*,1.1,*,14.8,,1.3,*,9.5,*,,,
Assault,,,,,,,,,,,,,,,
By armed offenders,8.9,,9.1,,4.1,,22.8,,0.6,*,7.8,,,,
By unarmed offenders,6,,17.8,,2,,13.2,,0.5,*,9.5,,,,

Note: Detail may not add to total shown because of rounding.  Excludes incidents in which the presence of a weapon was not ascertained.,,,,,,,,,,,,,,,
*Estimate is based on about 10 or fewer sample cases.,,,,,,,,,,,,,,,
