,,,,,,,,,,,,,
"Bureau of Justice Statistics",,,,,,,,,,,,,
"filename:  lem9917b.csv",,,,,,,,,,,,,
"Table 17b. Types of in-field computers/terminals used patrol officers and primary method of",,,,,,,,,,,,,
"transmitting field reports in State law enforcement agencies, 1999",,,,,,,,,,,,,
"report title:  Law Enforcement Management and Administrative Statistics, 1999:",,,,,,,,,,,,,
"                  Data for Individual State and Local Agencies with 100 or More Officers    NCJ 184481",,,,,,,,,,,,,
"data source:  1999 LEMAS survey",,,,,,,,,,,,,
"authors:  Brian A. Reaves and Timothy C. Hart",,,,,,,,,,,,,
"refer questions to:  askbjs@ojp.usdoj.gov  (202) 307-0765",,,,,,,,,,,,,
"date of version:  1/10/01",,,,,,,,,,,,,
" ",,,,,,,,,,,,,
" ",,,,,,,,,,,,,
,,,,,,,,,,,,,
,,"Types of computers or terminals",,,,,,,"Number of in-field",,,"Primary field report",
," ","used by patrol officers in the field",,,,," ",,"computers/terminals",,,"transmission method",
," ",,"      Car-mounted",,,"       Hand-held",,," "," Per 100",," Criminal"," Traffic"
"Name of Agency","Laptop",,"Computer","Terminal",,"Computer","Terminal",," Total"," officers",," incidents"," incidents"
,,,,,,,,,,,,,
"Alabama Department of Public Safety","X",,"-","-",,"-","-",,1,"            *",,"PR","PR"
"Alaska State Troopers","X",,"-","-",,"-","-",,150,45,,"PR","PR"
"Arizona Department of Public Safety","X",,"-","X",,"-","-",,550,54,,"PR","PR"
"Arkansas State Police","-",,"-","-",,"-","-",,0,0,,"PR","PR"
"California Highway Patrol","X",,"X","-",,"-","-",,2765,42,,"PR","PR"
"Colorado State Patrol","X",,"-","-",,"-","-",,"          ---","          ---",,"PR","PR"
"Connecticut State Police","X",,"X","-",,"-","-",,121,12,,"PR","PR"
"Delaware State Police","X",,"X","-",,"X","-",,76,13,,"PR","PR"
"Florida Highway Patrol","X",,"-","-",,"-","-",,250,14,,"PR","PR"
"Georgia State Patrol","X",,"-","-",,"-","-",,25,3,,"---","---"
,,,,,,,,,,,,,
"Idaho State Police","X",,"-","-",,"-","-",,18,7,,"PR","PR"
"Illinois State Police","X",,"X","-",,"-","-",,100,5,,"PR","PR"
"Indiana State Police","-",,"-","-",,"-","-",,0,0,,"PR","PR"
"Iowa State Patrol","X",,"X","-",,"-","-",,120,28,,"---","---"
"Kansas Highway Patrol","X",,"-","-",,"-","-",,82,17,,"PR","PR"
"Kentucky State Police","-",,"-","-",,"-","-",,0,0,,"PR","PR"
"Louisiana State Police","X",,"-","-",,"-","-",,360,34,,"CM","PR"
"Maine State Police","-",,"-","-",,"-","-",,0,0,,"PR","PR"
"Maryland State Police","X",,"-","-",,"-","-",,400,25,,"PR","PR"
"Massachusetts State Police","X",,"-","X",,"-","-",,300,14,,"PR","PR"
,,,,,,,,,,,,,
"Michigan State Police","X",,"X","X",,"-","-",,"          ---","          ---",,"CM","PR"
"Minnesota State Patrol","X",,"X","X",,"-","-",,160,30,,"PR","PR"
"Mississippi Highway Safety Patrol","X",,"-","-",,"-","-",,15,3,,"PR","PR"
"Missouri State Highway Patrol","X",,"-","-",,"-","-",,20,2,,"PR","PR"
"Montana Highway Patrol","-",,"-","X",,"-","-",,3,1,,"PR","PR"
"Nebraska State Patrol","X",,"-","-",,"-","-",,20,4,,"PR","PR"
"Nevada Highway Patrol","X",,"X","-",,"-","-",,54,13,,"PR","PR"
"New Hampshire State Police","X",,"X","-",,"-","-",,180,60,,"PR","PR"
"New Jersey State Police","X",,"X","-",,"X","-",,662,25,,"PR","PR"
"New Mexico State Police","-",,"X","-",,"-","-",,20,3,,"TL","CM"
,,,,,,,,,,,,,
"New York State Police","X",,"X","X",,"-","-",,1300,31,,"PR","PR"
"North Carolina State Highway Patrol","X",,"-","X",,"-","-",,1062,82,,"---","PR"
"North Dakota Highway Patrol","X",,"-","-",,"-","-",,74,58,,"PR","PR"
"Ohio State Highway Patrol","X",,"X","-",,"-","-",,190,13,,"PR","PR"
"Oklahoma Highway Patrol","-",,"X","-",,"-","-",,54,7,,"---","PR"
"Oregon State Police","X",,"X","-",,"-","-",,360,43,,"PR","PR"
"Pennsylvania State Police","X",,"-","-",,"-","-",,335,8,,"PR","PR"
"Rhode Island State Police","X",,"X","-",,"-","-",,115,56,,"---","PR"
"South Carolina Highway Patrol","X",,"-","X",,"-","-",,450,50,,"PR","PR"
"South Dakota Highway Patrol","X",,"-","-",,"-","-",,12,8,,"PR","PR"
,,,,,,,,,,,,,
"Tennessee Department of Safety","-",,"-","X",,"X","-",,286,32,,"PR","PR"
"Texas Department of Public Safety","X",,"-","X",,"-","-",,605,19,,"PR","PR"
"Utah Highway Patrol","X",,"-","-",,"-","-",,160,40,,"PR","PR"
"Vermont State Police","X",,"-","-",,"-","-",,15,5,,"DD","DD"
"Virginia State Police","X",,"-","-",,"-","-",,20,1,,"DD","PR"
"Washington State Patrol","X",,"X","-",,"-","-",,400,43,,"PR","PR"
"West Virginia State Police","X",,"X","-",,"-","-",,25,4,,"CM","PR"
"Wisconsin State Patrol","X",,"X","X",,"-","-",,544,117,,"PR","PR"
"Wyoming Highway Patrol","X",,"-","-",,"-","-",,15,10,,"PR","PR"
,,,,,,,,,,,,,
,,,,,,,,,,,,,
"Note:  Codes for types of in-field computers used are as follows:",,,,,,,,,,,,,
,,,,,,,,,,,,,
"               ""X""=Agency was using that type of in-field computer or terminal as of June 30, 1999. ",,,,,,,,,,,,,
"               ""-""=Agency was not using that type of in-field computer or terminal as of June 30, 1999. ",,,,,,,,,,,,,
,,,,,,,,,,,,,
" Codes for primary type of field report transmission are as follows:",,,,,,,,,,,,,
,,,,,,,,,,,,,
,"""CM""=Computer medium (e.g., disk transfer)",,,,,,,,,,,,
,"""DD""=Data download (e.g., laptop download)",,,,,,,,,,,,
,"""PR""=Paper report",,,,,,,,,,,,
,"""TL""=Telephone line (voice)",,,,,,,,,,,,
,"""WT""=Wireless transmission (e.g., cellular, UHF)",,,,,,,,,,,,
,,,,,,,,,,,,,
"*Less than .5",,,,,,,,,,,,,
,,,,,,,,,,,,,
,,,,,,,,,,,,,
,,,,,,,,,,,,,
,,,,,,,,,,,,,
," ",,,,,,,,,,,,
," ",,,"       Law Enforcement Management and Administrative Statistics, 1999   245",,,,,,,,,
