"Bureau of Justice Statistics",,,,,,,,,
"filename:  lem9916b.csv",,,,,,,,,
"Table 16b.  Additional types of computerized files maintained by State law enforcement agencies, 1999",,,,,,,,,
"report title:  Law Enforcement Management and Administrative Statistics, 1999:",,,,,,,,,
"                  Data for Individual State and Local Agencies with 100 or More Officers    NCJ 184481",,,,,,,,,
"data source:  1999 LEMAS survey",,,,,,,,,
"authors:  Brian A. Reaves and Timothy C. Hart",,,,,,,,,
"refer questions to:  askbjs@ojp.usdoj.gov  (202) 307-0765",,,,,,,,,
"date of version:  11/10/00",,,,,,,,,
,,,,,,,,,
,,,,,,,,,
,,,,,,,,,
,,,"Agencies maintaining computerized files pertaining to:",,,,,,
,,,,," ",,," ",
," Incident"," ","  Stolen","  Sum-"," Traffic","   Traffic","   Traffic","Vehicle"," "
"Name of agency"," reports","Inventory","  property","  monses"," accidents","   citations","   stops","registration"," Warrants"
,,,,,,,,,
"Alabama Department of Public Safety","X","X","-","-","-","X","-","X","-"
"Alaska State Troopers","X","X","X","-","X","X","-","X","X"
"Arizona Department of Public Safety","X","X","X","X","X","X","X","X","X"
"Arkansas State Police","X","X","-","-","X","-","-","-","-"
"California Highway Patrol","X","X","X","X","X","X","X","-","X"
"Colorado State Patrol","-","X","X","X","X","X","X","X","X"
"Connecticut State Police","X","X","X","X","X","X","X","X","X"
"Delaware State Police","-","X","X","-","-","-","-","X","X"
"Florida Highway Patrol","X","X","X","-","X","X","-","X","-"
"Georgia State Patrol","-","X","X","-","X","X","-","X","-"
,,,,,,,,,
"Idaho State Police","-","X","-","-","-","-","-","-","-"
"Illinois State Police","X","X","X","-","X","X","X","-","X"
"Indiana State Police","X","X","X","X","X","X","-","X","X"
"Iowa State Patrol","-","-","-","-","-","-","-","-","-"
"Kansas Highway Patrol","X","X","-","-","X","-","-","-","-"
"Kentucky State Police","X","X","X","-","X","X","X","X","-"
"Louisiana State Police","-","X","X","-","X","-","X","X","X"
"Maine State Police","-","X","X","-","X","-","-","X","X"
"Maryland State Police","-","X","-","-","-","-","X","-","-"
"Massachusetts State Police","X","X","-","-","X","-","-","-","-"
,,,,,,,,,
"Michigan State Police","X","X","X","-","X","-","-","-","X"
"Minnesota State Patrol","-","X","X","-","X","-","-","X","X"
"Mississippi Highway Safety Patrol","X","X","X","X","X","X","X","-","X"
"Missouri State Highway Patrol","X","X","X","X","X","X","X","-","X"
"Montana Highway Patrol","X","X","-","-","X","X","-","-","X"
"Nebraska State Patrol","X","-","X","X","X","X","X","-","X"
"Nevada Highway Patrol","X","X","-","-","X","X","-","X","X"
"New Hampshire State Police","X","X","X","-","X","-","-","X","X"
"New Jersey State Police","-","X","X","-","X","-","X","-","X"
"New Mexico State Police","X","X","X","-","X","-","-","X","X"
,,,,,,,,,
"New York State Police","-","X","-","-","X","X","-","-","X"
"North Carolina State Highway Patrol","X","X","-","-","X","X","-","-","-"
"North Dakota Highway Patrol","X","X","-","-","-","X","-","-","-"
"Ohio State Highway Patrol","-","X","-","-","X","X","-","X","X"
"Oklahoma Highway Patrol","X","X","-","X","X","X","-","-","-"
"Oregon State Police","X","X","X","-","X","X","X","-","-"
"Pennsylvania State Police","-","X","X","-","-","-","-","X","-"
"Rhode Island State Police","-","-","X","X","-","-","-","-","-"
"South Carolina Highway Patrol","X","X","-","X","X","X","X","X","-"
"South Dakota Highway Patrol","X","X","-","-","X","X","-","-","-"
,,,,,,,,,
"Tennessee Department of Safety","-","X","-","-","X","X","-","X","-"
"Texas Department of Public Safety","X","X","X","X","X","X","X","X","X"
"Utah Highway Patrol","X","X","-","-","X","X","X","X","X"
"Vermont State Police","X","X","X","X","X","X","X","X","X"
"Virginia State Police","X","X","X","-","X","-","X","X","X"
"Washington State Patrol","X","X","X","X","X","X","X","-","X"
"West Virginia State Police","X","X","X","X","X","X","X","X","X"
"Wisconsin State Patrol","-","X","-","-","-","-","-","-","-"
"Wyoming Highway Patrol","-","X","-","-","-","X","X","-","-"
,,,,,,,,,
,,,,,,,,,
"Note:  Codes for agency computerized files are as follows:",,,,,,,,,
,,,,,,,,,
"               ""X""=Agency has computerized files containing that type of information.",,,,,,,,,
"               ""-""=Agency does not have computerized files containing that type of information.",,,,,,,,,
,,,,,,,,,
,,,,,,,,,
,,,,,,,,,
,,,,,,,,,
,,,,,,,,,
,,,,,,,,,
,,,,,,,,,
,,,,,,,,,
,,,,,,,,,
,,,,,,,,,
,,,,,,,,,
,,,,,,,,,
,,,,,,,,,
," ",,,,,,,,
," ",,,,,,,,
