Bureau of Justice Statistics,,,,,,,,,,
filename:  fcjt03t04.csv,,,,,,,,,,
"Table 4. Suspects arrested by the Drug Enforcement Administration, by type of drug at arrest, 1994-2003",,,,,,,,,,
"title: Federal Criminal Justice Trends, 2003 NCJ 205331",,,,,,,,,,
data source:  Federal Justice Statistics Program,,,,,,,,,,
"author:  Mark Motivans, Ph.D. (BJS)",,,,,,,,,,
refer questions to: askbjs@usdoj.gov (202)307-0765,,,,,,,,,,
date of version: 07/10/06,,,,,,,,,,

"Table 4. Suspects arrested by the Drug Enforcement Administration, by type of drug at arrest, 1994-2003",,,,,,,,,,
Most serious offense  at arrest,Number of drug suspects arrested  by the Drug Enforcement Administration,,,,,,Profile percent,,,
,1994,1999,2002,2003,Average annual change 1994-2003,,1994,,2003,
All arrests,"21,693","38,886",29145.0,"26,850",3.1,%,100,%,100,%
Cocaine powder,"6,967","9,745","7,261","6,522",-0.2,,32.1,,24.3,
Crack cocaine,"4,048","6,387","4,400","3,842",0.6,,18.7,,14.3,
Marijuana,"5,260","8,204","5,402","5,633",1.4,,24.3,,21,
Methamphetamine,"2,311","8,727","6,406","5,766",12.9,,10.7,,21.5
Opiates,"1,966","3,394","2,387","2,280",2.6,,9.1,,8.5
Other or non-drug/a,"1,141","2,429","3,289","2,807",11.7,,5.3,,10.5
a/Other or non-drug includes paraphernalia and other items. ,,,,,,,,,
"Source: Drug Enforcement Administration (DEA), Defendant Statistical System.",,,,,,,,,
