Bureau of Justice Statistics,,
filename:  fcjt03f04.csv,,
"Figure 4: Number of suspects arrested and booked by the U.S. Marshals by citizenship, 1994-2003",,
"title: Federal Criminal Justice Trends, 2003 NCJ 205331",,
data source:  Federal Justice Statistics Program,,
"author:  Mark Motivans, Ph.D. (BJS)",,
refer questions to: askbjs@usdoj.gov (202)307-0765,,
date of version: 07/10/06,,

"Figure 4: Number of suspects arrested and booked by the U.S. Marshals by citizenship, 1994-2003",,
,U.S. citizen,Non-U.S. citizen
1994," 51,290 "," 18,962 "
1995," 52,909 "," 20,895 "
1996," 52,841 "," 22,575 "
1997," 55,516 "," 27,027 "
1998," 59,983 "," 34,597 "
1999," 61,672 "," 37,984 "
2000," 64,458 "," 41,826 "
2001," 68,200 "," 41,499 "
2002," 71,889 "," 42,742 "
2003," 75,599 "," 46,120 "
"Citizenship status was missing in 13% of cases in 1994, 9% in 1998, and 7% in 2003. Yearly average of 9% missing citizenship status (1994-2003). Source: U.S. Marshals Service, Prisoner Tracking System, fiscal year",,
