Bureau of Justice Statistics,,
filename:  fcjt03f02.csv,,
"Figure 2: Percent of growth in suspects arrested and booked by the U.S. Marshals, 1994-2003",,
"title: Federal Criminal Justice Trends, 2003 NCJ 205331",,
data source:  Federal Justice Statistics Program,,
"author:  Mark Motivans, Ph.D. (BJS)",,
refer questions to: askbjs@usdoj.gov (202)307-0765,,
date of version: 07/10/06,,

"Figure 2: Percent of growth in suspects arrested and booked by the U.S. Marshals, 1994-2003",,
Federal judicial district,Percent of growth (1994-2003),
" Alabama, Middle         ",-0.4,%
" Alabama, Northern       ",0.3,
" Alabama, Southern       ",0,
 Alaska                  ,0.2,
 Arizona                 ,15,
" Arkansas, Eastern       ",0.3
" Arkansas, Western       ",0
" California, Central     ",1.7
" California, Eastern     ",0.9
" California, Northern    ",0.1
" California, Southern    ",0.3
 Colorado                ,0.9
 Connecticut             ,0.1
 DC Superior Court      ,4.1
 Delaware                ,0.1
 District of Columbia   ,2.5
 Eastern Tennessee       ,0.8
" Florida, Middle         ",1.8
" Florida, Northern       ",0.1
" Florida, Southern       ",1.3
" Georgia, Middle         ",0.3
" Georgia, Northern       ",0.3
" Georgia, Southern       ",0.4
 Guam                    ,0
 Hawaii                  ,0.4
 Idaho                   ,0.3
" Illinois, Central       ",0.3
" Illinois, Northern      ",0.6
" Illinois, Southern      ",0.5
" Indiana, Northern       ",0.2
" Indiana, Southern       ",0.2
" Iowa, Northern          ",0.8
" Iowa, Southern          ",0.5
 Kansas                  ,1
" Kentucky, Eastern       ",0.5
" Kentucky, Western       ",0.1
" Louisiana, Eastern      ",-0.1
" Louisiana, Middle       ",0.3
" Louisiana, Western      ",0.2
 Maine                   ,0.3
 Maryland                ,0.6
 Massachusetts           ,0
" Michigan, Eastern       ",0
" Michigan, Western       ",0.3
 Middle Tennessee        ,0.1
 Minnesota               ,0.2
" Mississippi, Northern   ",0
" Mississippi, Southern   ",0.3
" Missouri, Eastern       ",1.3
" Missouri, Western       ",1
 Montana                 ,0.6
 Nebraska                ,1.4
 Nevada                  ,0.3
 New Hampshire           ,0.2
 New Jersey              ,0.1
 New Mexico              ,4.8
" New York, Eastern       ",-0.1
" New York, Northern      ",0.2
" New York, Southern      ",0.6
" New York, Western       ",0.3
" North Carolina, Eastern ",0.2
" North Carolina, Middle  ",0.2
" North Carolina, Western ",--
 North Dakota            ,0.3
" Ohio, Northern          ",0.7
" Ohio, Southern          ",0.4
" Oklahoma, Eastern       ",0.1
" Oklahoma, Northern      ",-0.1
" Oklahoma, Western       ",0.5
 Oregon                  ,0.7
" Pennsylvania, Eastern   ",0.5
" Pennsylvania, Middle    ",0.3
" Pennsylvania, Western   ",0.1
 Puerto Rico             ,0.3
 Rhode Island            ,0.1
 South Carolina          ,1
 South Dakota            ,0.6
" Texas, Eastern          ",1
" Texas, Northern         ",1.9
" Texas, Southern         ",17.5
" Texas, Western          ",16.4
 Utah                    ,1.4
 Vermont                 ,0.2
 Virgin Islands          ,-0.4
" Virginia, Eastern       ",1.7
" Virginia, Western       ",0.3
" Washington, Eastern     ",0.3
" Washington, Western     ",0.7
" West Virginia, Northern ",0.3
" West Virginia, Southern ",0.2
 Western Tennessee       ,0.6
" Wisconsin, Eastern      ",0.2
" Wisconsin, Western      ",0.1
 Wyoming                 ,0.6
"The following districts are not shown on map: District of Columbia (2-6%); Puerto Rico (<1%); Guam (<1%); Virgin Islands (<1%); Northern Mariana Islands (<1%). The Western District of North Carolina did not report arrests in 1994. The map shows the percent distribution of the net increase in arrests between 1994 and 2003 (50,334) by Federal judicial district.",
"Percentages shown are rounded. Source: U.S. Marshals Service, Prisoner Tracking System, fiscal year.",
