Bureau of Justice Statistics,,
filename:  fcjt03hf02.csv,,
"Highlights figure 2: Percent of cases filed in U.S. district court by Federal judicial district, 1994-2003",,
"title: Federal Criminal Justice Trends, 2003 NCJ 205331",,
data source:  Federal Justice Statistics Program,,
"author:  Mark Motivans, Ph.D. (BJS)",,
refer questions to: askbjs@usdoj.gov (202)307-0765,,
date of version: 07/10/06,,

"Highlights figure 2: Percent of cases filed in U.S. district court by Federal judicial district, 1994-2003",,
Federal judicial district,Percent,
Alabama --Middle         ,0.4, % 
Alabama --Northern       ,0.8,
Alabama --Southern       ,0.5,
Alaska                   ,0.3,
Arizona                  ,4.6,
Arkansas --Eastern       ,0.5
Arkansas --Western       ,0.2
California --Central     ,2.5
California --Eastern     ,1.5
California --Northern    ,1.4
California --Southern    ,4.9
Colorado                 ,1
Connecticut              ,0.5
Delaware                 ,0.2
District of Columbia     ,0.9
Florida --Middle         ,2.1
Florida --Northern       ,0.7
Florida --Southern       ,3.1
Georgia --Middle         ,2.2
Georgia --Northern       ,1.5
Georgia --Southern       ,0.7
Guam                     ,0.2
Hawaii                   ,1.3
Idaho                    ,0.3
Illinois --Central       ,0.5
Illinois --Northern      ,1.3
Illinois --Southern      ,0.5
Indiana --Northern       ,0.5
Indiana --Southern       ,0.4
Iowa --Northern          ,0.4
Iowa --Southern          ,0.5
Kansas                   ,0.8
Kentucky --Eastern       ,0.7
Kentucky --Western       ,0.9
Louisiana --Eastern      ,0.7
Louisiana --Middle       ,0.2
Louisiana --Western      ,0.6
Maine                    ,0.3
Maryland                 ,1.5
Massachusetts            ,0.8
Michigan --Eastern       ,1.3
Michigan --Western       ,0.5
Minnesota                ,0.7
Mississippi --Northern   ,0.2
Mississippi --Southern   ,0.6
Missouri --Eastern       ,1
Missouri --Western       ,0.9
Montana                  ,0.7
Nebraska                 ,0.7
Nevada                   ,0.9
New Hampshire            ,0.3
New Jersey               ,1.5
New Mexico               ,2.4
New York --Eastern       ,2.2
New York --Northern      ,0.9
New York --Southern      ,2.5
New York --Western       ,0.7
North Carolina --Eastern ,1.4
North Carolina --Middle  ,0.6
North Carolina --Western ,1
North Dakota             ,0.3
Northern Mariana Islands ,0.1
Ohio --Northern          ,1.1
Ohio --Southern          ,0.7
Oklahoma --Eastern       ,0.1
Oklahoma --Northern      ,0.3
Oklahoma --Western       ,0.9
Oregon                   ,1
Pennsylvania --Eastern   ,1.3
Pennsylvania --Middle    ,0.6
Pennsylvania --Western   ,0.5
Puerto Rico              ,1.2
Rhode Island             ,0.2
South Carolina           ,1.5
South Dakota             ,0.6
Tennessee --Eastern      ,0.8
Tennessee --Middle       ,0.4
Tennessee --Western      ,0.8
Texas --Eastern          ,0.9
Texas --Northern         ,1.7
Texas --Southern         ,5.3
Texas --Western          ,5.7
Utah                     ,1
Vermont                  ,0.3
Virgin Islands           ,0.6
Virginia--Eastern        ,4.4
Virginia--Western        ,0.7
Washington --Eastern     ,0.5
Washington --Western     ,1.8
West Virginia --Northern ,0.3
West Virginia --Southern ,0.4
Wisconsin --Eastern      ,0.4
Wisconsin --Western      ,0.2
Wyoming                  ,0.3
"Source: Administrative Office of the U.S. Courts, criminal master file, fiscal year.",
