Bureau of Justice Statistics,,,,,,,,,,,,,,,,
filename:  fcjt03t27.csv,,,,,,,,,,,,,,,,
"Table 27.  Characteristics of Federal offenders under supervision at fiscal yearend, by type of supervision, 1994-2003",,,,,,,,,,,,,,,,
"title: Federal Criminal Justice Trends, 2003 NCJ 205331",,,,,,,,,,,,,,,,
data source:  Federal Justice Statistics Program,,,,,,,,,,,,,,,,
"author:  Mark Motivans, Ph.D. (BJS)",,,,,,,,,,,,,,,,
refer questions to: askbjs@usdoj.gov (202)307-0765,,,,,,,,,,,,,,,,
date of version: 07/10/06,,,,,,,,,,,,,,,,

"Table 27.  Characteristics of Federal offenders under supervision at fiscal yearend, by type of supervision, 1994-2003",,,,,,,,,,,,,,,,
,,,,,Type of supervision,,,,,,,,,,,
,Total offenders under supervision,,,,Probation,,,,Supervised release,,,,Parole,,,
Offender characteristic,1994,,2003,,1994,,2003,,1994,,2003,,1994,,2003,
All offenders,"86,904",,"108,976",,"40,058",,"29,971",,"34,091",,"75,766",,"12,755",,"3,239",
Gender,,,,,,,,,,,,,,,,
Male,79.5,%,78.2,%,72.5,%,66.1,%,82.2,%,82.2,%,94.4,%,96.9,%
Female,20.5,,21.8,,27.5,,33.9,,17.8,,17.8,,5.6,,3.1,
Race,,,,,,,,,,,,,,,,
White,70.3,%,61.7,%,70.7,%,67.1,%,70.1,%,60.0,%,69.3,%,51.4,%
Black or African American,26.1,,33.5,,24.8,,26.7,,26.6,,35.7,,28.7,,46.2,
Native American or Alaska Native,1.5,,2.1,,1.4,,2.8,,1.6,,1.8,,1.2,,1.9,
Asian/Native Hawaiian or Other  Pacific Islander,2.2,,2.7,,3.0,,3.4,,1.8,,2.4,,0.8,,0.6,
Age,,,,,,,,,,,,,,,,
16-18 years,0.5,%,0.4,%,1.1,%,1.5,%,0.0,%,0.0,%,0.0,%,0.0,%
19-20 years,2.0,,2.1,,3.2,,4.5,,1.4,,1.2,,0.0,,0.0,
21-30 years,26.7,,29.6,,28.0,,30.2,,31.7,,30.4,,8.8,,5.4,
31-40 years,33.3,,30.7,,30.2,,26.6,,35.7,,32.9,,36.3,,16.6,
Over 40 years,37.5,,37.2,,37.4,,37.2,,31.1,,35.5,,54.9,,78.0,
Education,,,,,,,,,,,,,,,,
Less than high school graduate,32.2,%,32.6,%,26.1,%,24.8,%,36.2,%,35.1,%,41.2,%,43.8,%
High school graduate,35.1,,36.8,,36.0,,35.4,,34.8,,37.4,,33.5,,36.0,
Some college,22.5,,22.1,,25.1,,26.7,,21.1,,20.6,,17.9,,16.1,
College graduate,10.1,,8.5,,12.8,,13.2,,8.0,,6.9,,7.5,,4.1,
Drug abuse,,,,,,,,,,,,,,,,
Drug history,31.0,%,40.1,%,18.3,%,23.0,%,40.8,%,46.7,%,44.6,%,44.4,%
No known abuse,69.0,,59.9,,81.7,,77.0,,59.2,,53.3,,55.4,,55.6,
Note: Percentages based on non-missing cases. Excludes organizational defendants. ,,,,,,,,,,,,,,,,
"Source: Administrative Office of the U.S. Courts, Federal Probation and Supervision Information System.",,,,,,,,,,,,,,,,
