Bureau of Justice Statistics,,,,,,,,,,
filename:  fcjt03t26.csv,,,,,,,,,,
"Table 26.  Offenders under Federal supervision at fiscal yearend, by offense 1994-2003",,,,,,,,,,
"title: Federal Criminal Justice Trends, 2003 NCJ 205331",,,,,,,,,,
data source:  Federal Justice Statistics Program,,,,,,,,,,
"author:  Mark Motivans, Ph.D. (BJS)",,,,,,,,,,
refer questions to: askbjs@usdoj.gov (202)307-0765,,,,,,,,,,
date of version: 07/10/06,,,,,,,,,,

"Table 26.  Offenders under Federal supervision at fiscal yearend, by offense 1994-2003",,,,,,,,,,
,Number of offenders,,,,,,Percent of offenders,,,
Commitment offense,1994,1999,2002,2003,Average  annual  change 1994-2003 ,,1994,,2003,
All offenses,"86,904","96,044","107,367","108,976",2.6,%,100,%,100,%
Felonies,"73,978","85,372","97,518","99,172",3.3,,85.1,,91,
Violent offenses,"4,504","5,468","6,281","6,328",3.9,,5.2,,5.8,
Property offenses,"28,276","28,128","29,268","29,011",0.3,,32.5,,26.6,
Drug offenses,"28,039","37,688","44,980","45,981",5.7,,32.3,,42.2
Weapon offenses,"3,883","4,121","5,662","6,648",6.4,,4.5,,6.1
Immigration offenses,"1,075","1,323","2,095","2,180",8.9,,1.2,,2
Public-order offenses,"8,162","8,355","9,039","8,838",1.1,,9.4,,8.3
Misdemeanors,"12,296","10,672","9,849","9,804",-2.9,,14.9,,9
Note: Most serious offense of conviction is based on the offense with the longest sentence imposed. Includes offenders under,,,,,,,,,
"the three major forms of supervision: probation, supervised release, and parole. Includes offenders whose offense category ",,,,,,,,,
could not be determined. Excludes organizational defendants. ,,,,,,,,,
"Source: Administrative Office of the U.S. Courts, Federal Probation and Supervision Information System.",,,,,,,,,
