"Bureau of Justice Statistics",,,,,,,,
"Filename:  cf964_01.csv",,,,,,,,
"Table #:  4.1",,,,,,,,
"Report title:  Compendium of Federal Justice Statistics, 1996",,,,,,,,
"Data source:  Federal justice statistics database maintained by The Urban Institute",,,,,,,,
"refer questions to:  John Scalia  (202) 616-3276   askbjs@ojp.usdoj.gov/bjs",,,,,,,,
"Date of version:  November 3, 1998",,,,,,,,
,,,,,,,,
"Table 4.1.  Sentence types in cases terminated, by offense, October 1, 1995 - September 30, 1996",,,,,,,,
,,,,,,,,
,,,,"Total","Percent of offenders convicted and sentenced to--",,,
,,,,"offenders",,,"Mixed",
"Most serious offense of conviction",,,,"sentenced\a","Incarceration\b","Probation\c","sentence\d","Fine (only)"
,,,"   All offenses\e",53076,68.5,23.8,1.6,6.5
"Felonies",,,,42992,79.9,18.3,1.7,0.6
,"Violent offenses",,,2660,90.9,9.3,1.5,0.3
,,"Murder\f",,264,87.5,12.1,1.1,0.8
,,"Negligent manslaughter",,2,"--","--","--","--"
,,"Assault",,292,75.3,23.3,1.7,0.3
,,"Robbery",,1578,96.0,4.6,1.5,0.1
,,"Rape",,201,87.1,13.4,1.5,0.5
,,"Other sex offenses\f",,189,79.9,20.1,1.6,0.5
,,"Kidnaping",,107,94.4,6.5,0.9,0
,,"Threats against the President",,27,88.9,14.8,3.7,0
,"Property offenses",,,11125,59.0,38.1,1.8,1.0
,,"Fraudulent",,9055,58.8,37.7,2.0,1.1
,,,"Embezzlement",920,55.7,35.5,2.5,1.6
,,,"Fraud\f",7123,59.0,38.1,2.0,1.1
,,,"Forgery",202,55.9,42.1,1.0,0.5
,,,"Counterfeiting",810,60.6,36.0,1.0,0.7
,,"Other",,2070,59.8,39.8,1.3,0.3
,,,"Burglary",68,85.3,16.2,1.5,0
,,,"Larceny\f",1311,48.2,51.3,1.4,0.4
,,,"Motor vehicle theft",121,77.7,19.8,0,0
,,,"Arson and explosives",216,86.6,12.5,1.4,0.5
,,,"Transportation of stolen property",329,77.2,23.7,1.5,0.3
,,,"Other property offenses\f",25,48.0,48.0,0,0
,"Drug offenses",,,17365,92.0,7.2,1.3,0.2
,,"Trafficking",,16485,92.5,6.7,1.4,0.2
,,"Possession and other drug offenses",,880,83.6,14.8,0.8,0.5
,"Public-order offenses",,,11842,79.2,17.9,2.0,0.9
,,"Regulatory",,1169,46.2,47.4,1.0,4.4
,,,"Agriculture",36,36.1,63.9,5.6,5.6
,,,"Antitrust",33,6.1,42.4,0,45.5
,,,"Food and drug",39,23.1,71.8,0,5.1
,,,"Transportation",67,37.3,50.7,3.0,13.4
,,,"Civil rights",67,92.5,9.0,3.0,1.5
,,,"Communications",11,18.2,81.8,0,0
,,,"Custom laws",82,42.7,41.5,1.2,11.0
,,,"Postal laws",33,12.1,87.9,0,0
,,,"Other regulatory offenses",801,48.4,47.1,0.6,1.6
,,"Other",,10673,82.9,14.7,2.1,0.5
,,,"Weapons",3033,91.4,9.0,1.5,0.1
,,,"Immigration offenses",4929,84.9,10.4,2.8,0.2
,,,"Tax law violations\f",655,47.5,55.1,3.5,0.9
,,,"Bribery",199,52.3,39.2,0,5.5
,,,"Perjury, contempt, and intimidation",212,69.8,29.2,1.4,0.9
,,,"National defense",34,38.2,29.4,0,32.4
,,,"Escape",472,92.2,7.4,1.3,0.2
,,,"Racketeering and extortion",1033,80.0,18.1,1.2,0.7
,,,"Gambling",30,33.3,60.0,0,6.7
,,,"Obscene material\f",17,64.7,23.5,0,11.8
,,,"Migratory birds",11,0,100,0,0
,,,"All other felonies\f",48,60.4,33.3,4.2,0
"Misdemeanors\f",,,,10054,20.1,47.5,1.4,31.5
,"Fraudulent property offense",,,1451,29.6,59.3,0.3,8.4
,"Larceny",,,1298,13.3,70.3,1.5,16.2
,"Drug possession\f",,,1192,42.6,48.8,1.4,6.4
,"Immigration",,,572,54.0,32.2,1.0,4.9
,"Traffic offenses",,,3622,6.8,27.7,1.4,65.8
,"Other misdemeanors",,,1919,18.4,64.2,2.3,18.1
"Unknown or indeterminable offense",,,,30,26.7,66.7,0,6.7
,,,,,,,,
"--Too few cases to obtain statistically reliable data.",,,,,,,,
"(SEE PRINTED REPORT FOR FOOTNOTES)",,,,,,,,
