"Bureau of Justice Statistics",,,,,,,,,,,,
"Filename:  cf964_03.csv",,,,,,,,,,,,
"Table #:  4.3",,,,,,,,,,,,
"Report title:  Compendium of Federal Justice Statistics, 1996",,,,,,,,,,,,
"Data source:  Federal justice statistics database maintained by The Urban Institute",,,,,,,,,,,,
"refer questions to:  John Scalia  (202) 616-3276   askbjs@ojp.usdoj.gov/bjs",,,,,,,,,,,,
"Date of version:  November 3, 1998",,,,,,,,,,,,
,,,,,,,,,,,,
"Table 4.3.  Sentences imposed on convicted offenders, by offense of conviction and method of disposition,",,,,,,,,,,,,
,,,,,"October 1, 1995 - September 30, 1996",,,,,,,
,,,,,,,,,,,,
,,,,,,,,,,"Offenders sentenced to some ",,
,,,,,,,,,,"incarceration",,
,,,,,,"Number of","Number of offenders in terminated",,,"Percent of",,
"Offense of conviction and ",,,,,,"convicted","cases convicted and sentenced to--",,,"convicted","Sentence length\c",
"method of disposition",,,,,,"offenders","Incarceration\a","Probation\b","Fine (only)","offenders","Mean","Median"
,,,,,,,,,,,,
,,,,"All offenses",,53076,36373,12644,3429,68.5,61.2,33.0
,"Guilty plea\d",,,,,48972,32783,12310,3229,66.9,51.6,30.0
,"Trial",,,,,4104,3590,334,200,87.5,155.1,105.0
"Felonies",,,,,,42992,34345,7850,260,79.9,64.2,36.0
,"Guilty plea",,,,,39299,30835,7670,242,78.5,54.1,33.0
,"Trial",,,,,3693,3510,180,18,95.0,158.4,110.0
,"Violent offenses",,,,,2660,2419,248,7,90.9,92.5,60.0
,,"Guilty plea",,,,2344,2121,226,6,90.5,78.4,56.0
,,"Trial",,,,316,298,22,1,94.3,206.5,118.5
,"Property offenses",,,,,,,,,,,
,,"Fraudulent",,,,9055,5322,3415,103,58.8,20.9,13.0
,,,"Guilty plea",,,8475,4810,3357,96,56.8,18.5,12.0
,,,"Trial",,,580,512,58,7,88.3,44.0,27.0
,,"Other",,,,2070,1237,824,7,59.8,36.9,18.0
,,,"Guilty plea",,,1877,1060,809,6,56.5,27.0,16.0
,,,"Trial",,,193,177,15,1,91.7,99.9,57.0
,"Drug offenses",,,,,17365,15984,1242,36,92.0,84.5,60.0
,,"Guilty plea",,,,15658,14302,1213,34,91.3,72.5,57.0
,,"Trial",,,,1707,1682,29,2,98.5,197.5,165.0
,"Public-order offenses",,,,,,,,,,,
,,"Regulatory",,,,1169,540,554,51,46.2,26.4,16.0
,,,"Guilty plea",,,1105,495,537,48,44.8,23.2,15.0
,,,"Trial",,,64,45,17,3,70.3,64.0,37.0
,,"Other",,,,10673,8843,1567,56,82.9,52.2,24.0
,,,"Guilty plea",,,9840,8047,1528,52,81.8,42.0,24.0
,,,"Trial",,,833,796,39,4,95.6,158.8,91.0
"Misdemeanors",,,,,,10054,2020,4774,3167,20.1,11.0,3.0
,"Guilty plea\d",,,,,9644,1941,4620,2985,20.1,10.7,3.0
,"Trial",,,,,410,79,154,182,19.3,18.0,6.0
"Unknown or indeterminable offense",,,,,,30,8,20,2,26.7,"--","--"
,,,,,,,,,,,,
"--Too few cases to obtain statistically reliable data.",,,,,,,,,,,,
"(SEE PRINTED REPORT FOR FOOTNOTES)",,,,,,,,,,,,
