Bureau of Justice Statistics,,,,
Filename: tcdca22t01.csv,,,,
"Table 1. Percent of tribal victim service providers, by most common services provided in the past year, 2019",,,,
"Report title: Tribal Crime Data Collection Activities, 2022   NCJ 304924",,,,
"Data source: Bureau of Justice Statistics, National Survey of Victim Service Providers, 2019",,,,
"Author: Steven W. Perry, BJS Statistician",,,,
Refer questions to: askbjs@usdoj.gov 202-307-0765,,,,
Date of version: 7/28/2022,,,,
,,,,
"Table 1. Percent of tribal victim service providers, by most common services provided in the past year, 2019",,,,
Type of service,Percent,,Standard error,
Emergency/transitional/relocation housing,57.4,%,4.59,%
Assistance with filing for a restraining order/a,49.5,,4,
Transportation assistance,34.1,,3.39,
Assistance meeting other basic needs,31.8,,3.75,
Online/phone/program referral,31.4,,3.71,
Emergency financial assistance/b,30.7,,3.65,
Accompany to civil court,27.6,,3.92,
Immediate/emergency safety planning,24,,3.51,
Rental assistance,21.9,,2.79,
Crisis intervention,21.2,,3.26,
"Note: Includes services that at least 20% of tribal victim service providers (VSPs) identified as among their five most commonly provided services, by number of victims served. Details do not sum to totals because VSPs could report multiple types of services. See appendix table 3 in Services for Crime Victims, 2019 (NCJ 300741, BJS, October 2021) for a full list of services.",,,,
"a/Includes assistance with restraining, protection, and no-contact orders.",,,,
"b/Includes emergency loans, petty cash, and payments for or assistance in procuring items, such as food or clothing. ",,,,
"Source: Bureau of Justice Statistics, National Survey of Victim Service Providers, 2019.",,,,
