Bureau of Justice Statistics,,
Filename: psc07st_t03.csv,,
"Table 3: Personnel employed in State prosecutors offices, 2007",,
Report title: Prosecutors in State Courts in 2007  NCJ 234211,,
Data source(s): National Prosecutors in State Court Statistics Program,,
Author(s): Steven W. Perry,,
Refer questions to: askbjs@usdoj.gov or 202-307-0765 ,,
Date of version: 12/28/2011,,
,,
,,
,,
"Table 3: Personnel employed in State prosecutors offices, 2007",,
,,
,Total across all offices,
,,
personnel categories,,Perecent of total full-time equivalent personnel in prosecutors' offices nationawide
Total ,"77,927",100%
Support staff,25759,33%
Assistant prosecutors,"24,937",32%
Investigators,7310,9%
Victim advocates,4841,6%
Legal services,4278,5%
Supervisory/managing Attorneys,5529,7%
Chief prosecutor,"2,157",3%
Civil attorneys,1666,2%
Other,1450,2%
,,
Estimated total full-time equivalent staff*,,"77,927"
,,
,,
"Note: Table is based on operating budgets, not actual expenditures. Data",,
"were missing for 5.5% (128) of offices surveyed. Total budget, total staff, chief",,
"prosecutor, and assistant prosecutor values were imputed using data from 2001",,
"and 2007 Census of State Court Prosecutors� Offices, stratified by population",,
served and state. See Methodology for details on imputation procedures.,,
,,
a Statistics for job categories were imputed using mean values for valid data from,,
"2007 Census of State Court Prosecutors Offices, stratified by population served.",,
,,
b Full-time equivalent (FTE) is a computed statistic calculated by dividing the,,
total number of hours part-time employees worked by the standard number of,,
hours for a full-time employee (40 hours per week) and then adding the resulting,,
quotient to the number of full-time employees.,,
,,
"Source: BJS, Census of State Court Prosecutors� Offices, 2001 and 2007.",,
