Bureau of Justice Statistics,,,,,,,,,,,,,,,,,,,
Filename: psc07st_t06.csv,,,,,,,,,,,,,,,,,,,
"Table 6: Assistant Prosecutors average mimimum and maximum salary in State prosecutors' offices by office classification, 2007",,,,,,,,,,,,,,,,,,,
Report title: Prosecutors in State Courts in 2007  NCJ 234211,,,,,,,,,,,,,,,,,,,
Data source(s): National Prosecutors in State Court Statistics Program,,,,,,,,,,,,,,,,,,,
Author(s): Steven W. Perry,,,,,,,,,,,,,,,,,,,
Refer questions to: askbjs@usdoj.gov or 202-307-0765 ,,,,,,,,,,,,,,,,,,,
Date of version: 12/28/2011,,,,,,,,,,,,,,,,,,,
,,,,,,,,,,,,,,,,,,,
,,,,,,,,,,,,,,,,,,,
,,,,,,,,,,,,,,,,,,,
"Table 6: Assistant Prosecutors average mimimum and maximum salary in State prosecutors' offices by office classification, 2007",,,,,,,,,,,,,,,,,,,
,,,,,,,,,,,,,,,,,,,
,"Urban
1,000,000+",,,,"Large
250,000 to 999,999",,,,"Medium
100,000 to 249,999",,,,"Small
99,999 or less",,,,Part-time,,
,Mean,,Median,,Mean,,Median,,Mean,,Median,,Mean,,Median,,Mean,,Median
 Salary ,,,,,,,,,,,,,,,,,,,
 Entry Level Assistant Prosecutor ,,,,,,,,,,,,,,,,,,,
Min,"$51,354 ",,"$51,378 ",,"$47,580 ",,"$46,704 ",,"$44,007 ",,"$43,000 ",,"$42,380 ",,"$42,931 ",,"$33,460 ",,"$34,307 "
Max,"$64,517 ",,"$58,013 ",,"$57,759 ",,"$51,707 ",,"$55,263 ",,"$48,000 ",,"$50,050 ",,"$46,000 ",,"$36,712 ",,"$39,000 "
 Assistant Prosecutor with 1 to 5 years experience ,,,,,,,,,,,,,,,,,,,
Min,"$59,671 ",,"$56,478 ",,"$53,542 ",,"$51,604 ",,"$48,930 ",,"$47,000 ",,"$45,921 ",,"$46,000 ",,"$33,645 ",,"$37,550 "
Max,"$82,227 ",,"$79,296 ",,"$68,993 ",,"$65,000 ",,"$62,074 ",,"$57,585 ",,"$55,248 ",,"$53,134 ",,"$36,391 ",,"$40,691 "
 Assistant Prosecutor with 6 or more years experience ,,,,,,,,,,,,,,,,,,,
Min,"$73,010 ",,"$68,609 ",,"$65,400 ",,"$64,000 ",,"$57,056 ",,"$57,000 ",,"$53,113 ",,"$54,000 ",,"$36,481 ",,"$40,000 "
Max,"$108,434 ",,"$111,987 ",,"$94,257 ",,"$90,796 ",,"$83,139 ",,"$79,566 ",,"$64,932 ",,"$65,000 ",,"$42,473 ",,"$44,990 "
`,,,,,,,,,,,,,,,,,,,
Note: Based on data from prosecutors� offices that responded. Salary data were missing for about 50% of offices.,,,,,,,,,,,,,,,,,,,
"Source: BJS, Census of State Court Prosecutors� Offices, 2007.",,,,,,,,,,,,,,,,,,,
