Bureau of Justice Statistics,,,,,,,,,
Filename:  fccp01a10.csv,,,,,,,,,
Table A.10.  Offenders convicted and sentenced in U.S. district courts by offense 1994-2002,,,,,,,,,
Report title:  Federal Criminal Case Processing 2002    NCJ 207447,,,,,,,,,
Data source:  Federal justice statistics database maintained by The Urban Institute,,,,,,,,,
Author:  Urban Institute under the supervision of BJS,,,,,,,,,
Refer  questions to:  askbjs@usdoj.gov  202-307-0765,,,,,,,,,
"Date of version:  January 26, 2005",,,,,,,,,


Table A.10.  Offenders convicted and sentenced in U.S. district courts by offense 1994-2002,,,,,,,,,

Most serious offense of conviction,1994,1995,1996,1997,1998,1999\a,2000\a,2001\a,2002\a
             All offenses\b,50701,47556,53076,56570,60958,66055,68156,68533,71798
Felonies,39624,37713,42992,46878,50494,55864,59123,59363,63238
    Violent offenses\c,2704,2423,2660,2876,3078,2715,2557,2604,2578
    Property offenses,11113,10569,11125,12010,11862,12232,12454,12349,13101
        Fraudulent\c,8671,8484,9055,9919,9752,10203,10396,10359,11107
        Other\c,2442,2085,2070,2091,2110,2029,2058,1990,1994
    Drug offenses,16400,14778,17365,19115,20867,23476,24206,25088,26234
        Trafficking,16197,14322,16485,18057,19417,21698,22275,23248,24174
        Possession and other,203,456,880,1058,1450,1778,1931,1840,2060
    Public-order offenses\d,4023,3836,3880,3962,3958,4661,4585,4347,4630
        Regulatory,1309,1177,1169,1211,1187,1410,1376,1410,1403
        Other,2714,2659,2711,2751,2771,3251,3209,2937,3227
    Weapon offenses\d,3232,3062,3033,2871,3160,3423,4196,4925,5563
    Immigration offenses\d,2152,3045,4929,6044,7569,9357,11125,10050,11132
Misdemeanors\c,11072,9818,10054,9636,10375,10118,8961,9100,8499
Unknown or indeterminable offenses,5,25,30,56,89,73,72,70,61

Note:  Most serious offense is based on the disposition offense with the most severe sentence.,,,,,,,,,
"a/Starting in 1999 nonviolent sex offenses were reclassified from ""Violent offenses"" to ""Public-order offenses.""",,,,,,,,,
"b/Includes defendants whose offense category could not be determined.  See ""Methodology"" (in report) for a listing of detailed offense categories within each major offense category."
"c/In this table ""Violent offenses"" may include nonnegligent manslaughter; ""Fraudulent property"" excludes tax fraud; ""Other nonfraudulent property"" excludes fraudulent property and includes destruction of property and trespassing; and ""Misdemeanors"" include misdemeanors petty offenses and unknown offense levels"
"d/Beginning in 2001 ""Weapon offenses"" and ""Immigration offenses"" became major offense categories.  Previously these offenses were classified within ""Public-order offenses."""
