Bureau of Justice Statistics,,,,,,,,,
Filename:  fcc02a04.csv,,,,,,,,,
Table A.4.  Suspects in criminal matters concluded by U.S. attorneys:  Number prosecuted before U.S. district court judge by offense 1994-2002,,,,,,,,,
Report title:  Federal Criminal Case Processing 2002    NCJ 207447,,,,,,,,,
Data source:  Federal justice statistics database maintained by The Urban Institute,,,,,,,,,
Author:  Urban Institute under the supervision of BJS,,,,,,,,,
Refer  questions to:  askbjs@usdoj.gov  202-307-0765,,,,,,,,,
"Date of version:  January 26, 2005",,,,,,,,,


Table A.4.  Suspects in criminal matters concluded by U.S. attorneys:  Number prosecuted before U.S. district court judge by offense 1994-2002,,,,,,,,,

Most serious offense investigated,1994,1995,1996,1997,1998,1999\a,2000\a,2001\a,2002\a
             All offenses\b,50802,55703,56938,60383,64993,68384,73090,72648,76314
Violent offenses\c,3256,3223,3784,4153,4294,3327,3403,3493,3402
Property offenses,14680,15918,15270,14544,14353,14032,14675,14733,15634
    Fraudulent\c,12683,13858,13337,12663,12408,12319,12988,13044,13919
    Other\c,1997,2060,1933,1881,1945,1713,1687,1689,1715
Drug offenses,19427,21445,21548,24400,26266,28372,28917,29583,29411
Public-order offenses\d,6585,6746,7209,6309,5930,6476,7401,6502,6816
    Regulatory,1297,1509,1396,1332,1571,1648,1862,1557,1240
    Other,5288,5237,5813,4977,4359,4828,5539,4945,5576
Weapon offenses\d,3821,3758,2935,3192,3347,4149,5026,5599,7105
Immigration offenses\d,2789,4305,5830,7243,10505,11794,13414,12488,13693
Unknown or indeterminable offenses,244,308,362,542,298,234,254,250,253


Note:  Most serious offense investigated is based on the decision of the assistant U.S. attorney responsible for the matter.  Number of suspects includes suspects whose cases were filed in U.S. district court before a district court judge.,,,,,,,,,
"a/Starting in 1999 nonviolent sex offenses were reclassified from ""Violent offenses"" to ""Public-order offenses.""",,,,,,,,,
"b/Includes defendants whose offense category could not be determined.  See ""Methodology"" (in report) for a listing of detailed offense categories within each major offense category.",,,,,,,,,
"c/In this table ""Violent offenses"" may include nonnegligent manslaughter; ""Fraudulent property"" excludes tax fraud; and ""Other nonfraudulent property"" excludes fraudulent property and includes destruction of property and trespassing.",,,,,,,,,
"d/Beginning in 2001 ""Weapon offenses"" and ""Immigration offenses"" became major offense categories.  Previously  these offenses were classified within ""Public-order offenses.""",,,,,,,,,
