Bureau of Justice Statistics,,,,,,,,,
Filename:  fccp02a12.csv,,,,,,,,,
Table A.12.  Criminal appeals filed by offense 1994-2002,,,,,,,,,
Report title:  Federal Criminal Case Processing 2002    NCJ 207447,,,,,,,,,
Data source:  Federal justice statistics database maintained by The Urban Institute,,,,,,,,,
Author:  Urban Institute under the supervision of BJS,,,,,,,,,
Refer  questions to:  askbjs@usdoj.gov  202-307-0765,,,,,,,,,
"Date of version:  January 26, 2005",,,,,,,,,


Table A.12.  Criminal appeals filed by offense 1994-2002,,,,,,,,,

Most serious offense of conviction,1994,1995,1996,1997,1998,1999\a,2000\a,2001\a,2002\a
             All offenses\b,10674,10162,10889,10521,10535,10251,9162,11281,11569
Violent offenses\c,856,700,685,739,742,559,490,591,606
Property offenses,1949,1767,2093,1972,1947,1739,1482,1681,1726
    Fraudulent\c,1410,1323,1581,1519,1439,1338,1164,1299,1389
    Other\c,539,444,512,453,508,401,318,382,337
Drug offenses,5102,4499,5099,4750,4845,4513,3843,4529,4689
Public-order offenses\d,1037,886,985,1050,878,954,827,1024,876
    Regulatory,288,220,196,224,178,162,150,144,128
    Other,749,666,789,826,700,792,677,880,642
Weapon offenses\d,1141,1034,1183,1135,982,1070,872,1266,1386
Immigration offenses\d,261,277,353,417,693,934,1179,1654,1679
Unknown or indeterminable offenses,328,999,491,458,448,482,469,536,607

Note:  Appeals were classified into the offense category that represents the offense of conviction.  Offenses represent the statutory offense charged against a defendant in a criminal appeal.,,,,,,,,,
"a/Starting in 1999 nonviolent sex offenses were reclassified from ""Violent offenses"" to ""Public-order offenses.""",,,,,,,,,
"b/Includes defendants whose offense category could not be determined.  See ""Methodology"" (in report) for a listing of detailed offense categories within each major offense category.",,,,,,,,,
"c/In this table ""Violent offenses"" may include nonnegligent manslaughter; ""Fraudulent property"" excludes tax fraud; ""Other nonfraudulent property"" excludes fraudulent property and includes destruction of property and trespassing; and ""Misdemeanors"" include misdemeanors petty offenses and unknown offense levels",,,,,,,,,
"d/Beginning in 2001 ""Weapon offenses"" and ""Immigration offenses"" became major offense categories.  Previously these offenses were classified within ""Public-order offenses.""",,,,,,,,,
