Bureau of Justice Statistics,,,,,,,,,,
Filename:  fccp02t3.csv,,,,,,,,,,
Table 3.  Disposition of suspects in matters concluded by U.S. attorneys by offense October 1 2001 - September 30 2002,,,,,,,,,,
Report title:  Federal Criminal Case Processing 2002    NCJ 207447,,,,,,,,,,
Data source:  Federal justice statistics database maintained by The Urban Institute,,,,,,,,,,
Author:  Urban Institute under the supervision of BJS,,,,,,,,,,
Refer  questions to:  askbjs@usdoj.gov  202-307-0765,,,,,,,,,,
"Date of version:  January 26, 2005",,,,,,,,,,


Table 3.  Disposition of suspects in matters concluded by U.S. attorneys by offense October 1 2001 - September 30 2002,,,,,,,,,,

,                                                             Suspects in criminal matters concluded,,,,,,,,,
,,Prosecuted before U.S. district court judge\b,,,Concluded by U.S. magistrate\c,,,Declined prosecution\d,,
Most serious offense investigated\a,Total number of suspects,Number,Percent,,Number,Percent,,Number,Percent,
            All offenses\e,124081,76314,61.5,%,14093,11.4,%,33674,27.1,%
Violent offenses\f,6330,3402,53.7,%,351,5.5,%,2577,40.7,%
Property offenses,29083,15634,53.8,%,1771,6.1,%,11678,40.2,%
    Fraudulent\f,25543,13919,54.5,%,1194,4.7,%,10430,40.8,%
    Other\f,3540,1715,48.4,%,577,16.3,%,1248,35.3,%
Drug offenses,38424,29411,76.5,%,1937,5,%,7076,18.4,%
Public-order offenses,23139,6816,29.5,%,7624,32.9,%,8699,37.6,%
    Regulatory,4947,1240,25.1,%,618,12.5,%,3089,62.4,%
    Other,18192,5576,30.7,%,7006,38.5,%,5610,30.8,%
Weapon offenses,10126,7105,70.2,%,173,1.7,%,2848,28.1,%
Immigration offenses,16197,13693,84.5,%,1959,12.1,%,545,3.4,%
Unknown or indeterminable offense,782,253,32.4,%,278,35.5,%,251,32.1,%

a/Based on the decision of the assistant U.S. attorney responsible for the matter.,,,,,,,,,,
b/Includes suspects whose cases were filed in U.S. district court before a district court judge. ,,,,,,,,,,
c/Includes defendants in misdemeanor cases that were terminated in U.S. district court before a U.S. magistrate.,,,,,,,,,,
d/Includes suspects whose matters were declined for prosecution by U.S. attorneys upon review.,,,,,,,,,,
"e/Includes suspects whose offense category could not be determined.  See ""Methodology"" (in report) for a listing of detailed offense categories within each major offense category."
"f/In this table ""Violent offenses"" may include nonnegligent manslaughter; ""Fraudulent property"" excludes tax fraud; and ""Other nonfraudulent property"" excludes fraudulent property and includes destruction of property and trespassing."
