Bureau of Justice Statistics,,,,,,,,,
Filename:  fccp02a02.csv,,,,,,,,,
Table A.2.  Suspects in criminal matters investigated by U.S. attorneys by offense 1994-2002,,,,,,,,,
Report title:  Federal Criminal Case Processing 2002    NCJ 207447,,,,,,,,,
Data source:  Federal justice statistics database maintained by The Urban Institute,,,,,,,,,
Author:  Urban Institute under the supervision of BJS,,,,,,,,,
Refer  questions to:  askbjs@usdoj.gov  202-307-0765,,,,,,,,,
"Date of version:  January 26, 2005",,,,,,,,,


Table A.2.  Suspects in criminal matters investigated by U.S. attorneys by offense 1994-2002,,,,,,,,,

Most serious offense investigated,1994,1995,1996,1997,1998,1999\a,2000\a,2001\a,2002\a
             All offenses\b,99251,102220,97776,110034,115692,117994,123559,121818,124335
Violent offenses\c,5570,5720,6570,7354,7527,5768,6036,6225,6392
Property offenses,32579,31759,28962,29916,30125,28011,28423,28608,27321
    Fraudulent\c,28491,27836,25245,25854,26328,24200,24679,25275,24019
    Other\c,4088,3923,3717,4062,3797,3811,3744,3333,3302
Drug offenses,29311,31686,30227,34027,36355,37313,38959,37944,38150
Public-order offenses\d,19143,19036,18918,22857,21244,22816,24180,23980,23472
    Regulatory,5059,5371,5154,5423,6541,6332,5737,5411,4738
    Other,14084,13665,13764,17434,14703,16484,18443,18569,18734
Weapon offenses\d,5996,5376,4462,4870,4907,6982,8589,8989,11200
Immigration offenses\d,5526,7256,7122,9366,14114,15539,16495,15378,16699
Unknown or indeterminable offenses,1126,1387,1515,1644,1420,1565,877,694,1101


Note:  Most serious offense investigated is based on the decision of the assistant U.S. attorney responsible for the matter.,,,,,,,,,
"a/Starting in 1999 nonviolent sex offenses were reclassified from ""Violent offenses"" to ""Public-order offenses.""",,,,,,,,,
"b/Includes defendants whose offense category could not be determined.  See ""Methodology"" (in report) for a listing of detailed offense categories within each major offense category.",,,,,,,,,
"c/In this table ""Violent offenses"" may include nonnegligent manslaughter; ""Fraudulent property"" excludes tax fraud; and ""Other nonfraudulent property"" excludes fraudulent property and includes destruction of property and trespassing.",,,,,,,,,
"d/Beginning in 2001 ""Weapon offenses"" and ""Immigration offenses"" became major offense categories.  Previously these offenses were classified within ""Public-order offenses.""",,,,,,,,,
