Bureau of Justice Statistics,,,,
Filename:  fccp02f5.csv,,,,
Figure 5.  U.S. district court commitments and first releases from Federal prison by expected or actual time in prison 1986-2002,,,,
Report title:  Federal Criminal Case Processing 2002    NCJ 207447,,,,
Data source:  Federal justice statistics database maintained by The Urban Institute,,,,
Author:  Urban Institute under the supervision of BJS,,,,
Refer  questions to:  askbjs@usdoj.gov  202-307-0765,,,,
"Date of version:  January 26, 2005",,,,


Figure 5.  U.S. district court commitments and first releases from Federal prison by expected or actual time in prison 1986-2002,,,,

,Expected time to be served for offenders committed to prison,,Average time served by offenders released from prison,
1986,20.7,mo,14.5,mo
1987,23.1,mo,14.9,mo
1988,26.9,mo,17.2,mo
1989,30.3,mo,18.2,mo
1990,34.7,mo,17.3,mo
1991,38.8,mo,19.5,mo
1992,43.2,mo,20.6,mo
1993,45.4,mo,23.1,mo
1994,46.3,mo,24.5,mo
1995,46.4,mo,26.5,mo
1996,48.7,mo,28.2,mo
1997,46.9,mo,28.8,mo
1998,44.2,mo,28,mo
1999,44.8,mo,28,mo
2000,44.4,mo,28.9,mo
2001,43.7,mo,29.3,mo
2002,46.1,mo,31.6,mo

Note:  Beginning in 2000 average time served is calculated for offenders in BOP custody and offenders in contract and private facilities but not those committed for violations of the District of Columbia criminal code.,,,,
