Bureau of Justice Statistics,,,,,,,,,
Filename:  fccp02a08.csv,,,,,,,,,
Table A.8.  Defendants in cases terminating in U.S. district courts by offense 1994-2002,,,,,,,,,
Report title:  Federal Criminal Case Processing 2002    NCJ 207447,,,,,,,,,
Data source:  Federal justice statistics database maintained by The Urban Institute,,,,,,,,,
Author:  Urban Institute under the supervision of BJS,,,,,,,,,
Refer  questions to:  askbjs@usdoj.gov  202-307-0765,,,,,,,,,
"Date of version:  January 26, 2005",,,,,,,,,


Table A.8.  Defendants in cases terminating in U.S. district courts by offense 1994-2002,,,,,,,,,

Most serious offense charged,1994,1995,1996,1997,1998,1999\a,2000\a,2001\a,2002\a
             All offenses\b,61404,56480,61434,64956,69769,75723,76952,77145,80424
Felonies,47292,44462,49283,53097,57054,62839,65656,66112,70225
    Violent offenses\c,3227,2864,3091,3241,3470,3093,2964,2977,2927
    Property offenses,13182,12426,12816,13725,13493,14055,14080,13950,14767
        Fraudulent\c,10193,9817,10260,11152,10965,11587,11590,11563,12324
        Other\c,2989,2609,2556,2573,2528,2468,2490,2387,2443
    Drug offenses,20219,18189,20305,22374,24317,27008,27274,28227,29300
        Trafficking,20056,17823,19486,21379,22952,25334,25579,26501,27254
        Possession and other,163,366,819,995,1365,1674,1695,1726,2046
    Public-order offenses\d,4620,4098,4117,4107,4010,4837,4690,4402,4645
        Regulatory,1383,1181,1151,1069,1104,1306,1229,1166,1129
        Other,3237,2917,2966,3038,2906,3531,3461,3236,3516
    Weapon offenses\d,3673,3674,3843,3485,3901,4087,5049,5814,6556
    Immigration offenses\d,2371,3211,5111,6165,7863,9759,11599,10742,12030
Misdemeanors\c,14111,11989,12115,11795,12611,12793,11214,10952,10131
Unknown or indeterminable offenses,1,29,36,64,104,91,82,81,68

Note:  Most serious offense charged is based on the offense carrying the most severe statutory maximum penalty.,,,,,,,,,
"a/Starting in 1999 nonviolent sex offenses were reclassified from ""Violent offenses"" to ""Public-order offenses.""",,,,,,,,,
"b/Includes defendants whose offense category could not be determined.  See ""Methodology"" (in report) for a listing of detailed offense categories within each major offense category."
"c/In this table ""Violent offenses"" may include nonnegligent manslaughter; ""Fraudulent property"" excludes tax fraud; ""Other nonfraudulent property"" excludes fraudulent property and includes destruction of property and trespassing; and ""Misdemeanors"" include misdemeanors petty offenses and unknown offense levels"
"d/Beginning in 2001 ""Weapon offenses"" and ""Immigration offenses"" became major offense categories.  Previously these offenses were classified within ""Public-order offenses."""
