"Bureau of Justice Statistics",,,,,,,,,,,,,,,
"filename:  cv9627.csv",,,,,,,,,,,,,,,
"Table 27: Number and percent distribution of incidents,",,,,,,,,,,,,,,,
"by type of crime and victim-offender relationship",,,,,,,,,,,,,,,
"data source: National Criminal Victimization Survey, 1996   NCJ 174445",,,,,,,,,,,,,,,
"produced by:  Cathy Maston ",,,,,,,,,,,,,,,
"authors:  Patsy Klaus and Cathy Maston",,,,,,,,,,,,,,,
"refer questions to:  askbjs@ojp.usdoj.gov     202-307-0765",,,,,,,,,,,,,,,
"date of version: 06/30/00",,,,,,,,,,,,,,,
,,,,,,,,,,,,,,,
,,,,,,,,,,,,,,,
"Table 27. Personal crimes of violence, 1996:",,,,,,,,,,,,,,,
,,,,,,,,,,,,,,,
"Number and percent distribution of incidents,",,,,,,,,,,,,,,,
"by type of crime and victim-offender relationship",,,,,,,,,,,,,,,
,,,,,,,,,,,,,,,
,,"                                                                                             Percent of incidents",,,,,,,,,,,,,
,,,"All incidents",,,,,,"Involving strangers",,,,,,"Involving nonstrangers"
"Type of crime         ",,"    Number",,"Percent",,,"    Number",,"Percent",,,"    Number",,"Percent",
,,,,,,,,,,,,,,,
,,,,,,,,,,,,,,,
"Crimes of violence",,8316180,,100,"%",,4242050," ",51.0,"%",,4074130," ",49.0,"%"
,,,,,,,,,,,,,,,
"   Completed violence",,2437260,,100,,,1164660,,47.8,,,1272600,,52.2,
"   Attempted/threatened violence",,5878920,,100,,,3077390,,52.3,,,2801530,,47.7,
"   Rape/Sexual assault",,291820,,100,,,99760,,34.2,,,192060,,65.8,
"      Rape/Attempted rape",,181390,,100,,,56730,,31.3,,,124660,,68.7,
"         Rape",,96110,,100,,,22690,"*",23.6,"*",,73420,,76.4,
"         Attempted rape/a",,85270,,100,,,34040,,39.9,,,51230,,60.1,
"      Sexual assault/b",,110430,,100,,,43030,,39.0,,,67400,,61.0,
"   Robbery",,1040480,,100,,,792500,,76.2,,,247980,,23.8,
"      Completed/property taken",,690220,,100,,,533460,,77.3,,,156760,,22.7,
"         With injury",,240750,,100,,,182720,,75.9,,,58040,,24.1,
"         Without injury",,449470,,100,,,350740,,78.0,,,98730,,22.0,
"      Attempted to take property",,350260,,100,,,259040,,74.0,,,91210,,26.0,
"         With injury",,75460,,100,,,41150,,54.5,,,34310,,45.5,
"         Without injury",,274800,,100,,,217890,,79.3,,,56910,,20.7,
"   Assault",,6983880,,100,,,3349790,,48.0,,,3634090,,52.0,
"      Aggravated",,1678720,,100,,,892220,,53.1,,,786500,,46.9,
"         With injury",,441110,,100,,,155510,,35.3,,,285600,,64.7,
"         Threatened with weapon",,1237610,,100,,,736710,,59.5,,,500900,,40.5,
"      Simple",,5305160,,100,,,2457580,,46.3,,,2847590,,53.7,
"         With minor injury",,1117920,,100,,,422050,,37.8,,,695870,,62.2,
"         Without injury",,4187240,,100,,,2035530,,48.6,,,2151710,,51.4,
,,,,,,,,,,,,,,,
"Note: Detail may not add to total shown because of rounding.",,,,,,,,,,,,,,,
"* Estimate is based on about 10 or fewer sample cases.",,,,,,,,,,,,,,,
"a/Includes verbal threats of rape.",,,,,,,,,,,,,,,
"b/Includes threats.",,,,,,,,,,,,,,,
