"Bureau of Justice Statistics",,,,,,,,,,,,,
"filename:  cv9644.csv",,,,,,,,,,,,,
"Table 44: Percent distribution of multiple-offender victimizations,",,,,,,,,,,,,,
"by type of crime and perceived gender of offenders",,,,,,,,,,,,,
"data source: National Criminal Victimization Survey, 1996   NCJ 174445",,,,,,,,,,,,,
"produced by:  Cathy Maston ",,,,,,,,,,,,,
"authors:  Patsy Klaus and Cathy Maston",,,,,,,,,,,,,
"refer questions to:  askbjs@ojp.usdoj.gov     202-307-0765",,,,,,,,,,,,,
"date of version: 06/30/00",,,,,,,,,,,,,
,,,,,,,,,,,,,
,,,,,,,,,,,,,
"Table 44. Personal crimes of violence, 1996:",,,,,,,,,,,,,
,,,,,,,,,,,,,
"Percent distribution of multiple-offender victimizations,",,,,,,,,,,,,,
"by type of crime and perceived gender of offenders",,,,,,,,,,,,,
,,,,,,,,,,,,,
"       ",,,,"                   Percent of all multiple-offender victimizations",,,,,,,,,
"                                                                                                                                         ",,"Number of",,,,"Perceived gender of offenders",,,,,,,
,,"multiple-",,,,,,,,,,"Not known",
"                                                                                                                ",,"offender",,,," All",,"All",,"Male and",,"and not",
"Type of crime",,"victimizations",,"Total",," male",,"female",,"female",,"available",
,,,,,,,,,,,,,
,,,,,,,,,,,,,
"Crimes of violence",,2010170,,100,"%",74.3,"%",9.5,"%",14.4,"%",1.7,"%"
,,,,,,,,,,,,,
"   Completed violence",,734130,,100,,76.4,,8.9,,13.4,,1.4,"*"
"   Attempted/threatened violence",,1276040,,100,,73.2,,9.9,,14.9,,2.0,
"   Rape/Sexual assault/a",,26630,,100,,92.7,"*",7.3,"*",0.0,"*",0.0,"*"
"   Robbery",,450210,,100,,85.2,,3.2,"*",10.6,,1.0,"*"
"      Completed/property taken",,323620,,100,,84.3,,3.4,"*",11.7,,0.7,"*"
"         With injury",,123790,,100,,82.0,,4.9,"*",13.2,"*",0.0,"*"
"         Without injury",,199820,,100,,85.7,,2.4,"*",10.8,"*",1.1,"*"
"      Attempted to take property",,126580,,100,,87.8,,2.6,"*",7.8,"*",1.8,"*"
"         With injury",,32050,,100,,85.9,,0.0,"*",14.1,"*",0.0,"*"
"         Without injury",,94520,,100,,88.4,,3.5,"*",5.7,"*",2.4,"*"
"   Assault",,1533330,,100,,70.8,,11.4,,15.7,,2.0,
"      Aggravated",,529500,,100,,75.3,,6.8,,16.7,,1.2,"*"
"      Simple",,1003820,,100,,68.5,,13.9,,15.2,,2.4,"*"
,,,,,,,,,,,,,
,,,,,,,,,,,,,
"Note: Detail may not add to total shown because of rounding.",,,,,,,,,,,,,
"* Estimate is based on about 10 or fewer sample cases.",,,,,,,,,,,,,
"a/Includes verbal threats of rape and threats of sexual assault.",,,,,,,,,,,,,
