"Bureau of Justice Statistics",,,,,,,,,,,,,,,,,,,,,
"filename:  cv9639.csv",,,,,,,,,,,,,,,,,,,,,
"Table 39: Percent distribution of single-offender victimizations,",,,,,,,,,,,,,,,,,,,,,
"by type of crime and perceived age of offender",,,,,,,,,,,,,,,,,,,,,
"data source: National Criminal Victimization Survey, 1996   NCJ 174445",,,,,,,,,,,,,,,,,,,,,
"produced by:  Cathy Maston ",,,,,,,,,,,,,,,,,,,,,
"authors:  Patsy Klaus and Cathy Maston",,,,,,,,,,,,,,,,,,,,,
"refer questions to:  askbjs@ojp.usdoj.gov     202-307-0765",,,,,,,,,,,,,,,,,,,,,
"date of version: 06/30/00",,,,,,,,,,,,,,,,,,,,,
,,,,,,,,,,,,,,,,,,,,,
,,,,,,,,,,,,,,,,,,,,,
"Table 39. Personal crimes of violence, 1996:",,,,,,,,,,,,,,,,,,,,,
,,,,,,,,,,,,,,,,,,,,,
"Percent distribution of single-offender victimizations,",,,,,,,,,,,,,,,,,,,,,
"by type of crime and perceived age of offender",,,,,,,,,,,,,,,,,,,,,
,,,,,,,,,,,,,,,,,,,,,
,,,,,,,,,,"Percent of single-offender victimizations",,,,,,,,,,,
,,,,,,,,,,,,"Perceived age of offender",,,,,,,,,
,,"Number of",,,,,,,,,,,,,,,,,,"Not known",
,,"single-offender",,,,,,,,,"12-20",,,,,,,"  30 and",,"and not",
"Type of crime",,"victimizations",,"  Total",,"Under 12",,"  Total",,"12-14",,"15-17",,"18-20",,"21-29",,"  over",,"available",
,,,,,,,,,,,,,,,,,,,,,
,,,,,,,,,,,,,,,,,,,,,
"Crimes of violence",,6930880,,100,"%",1.0,"%",33.4,"%",10.7,"%",11.4,"%",11.3,"%",26.7,"%",36.3,"%",2.6,"%"
,,,,,,,,,,,,,,,,,,,,,
"   Completed violence",,1911850,,100,,0.7,"*",31.4,,8.0,,10.5,,12.9,,30.1,,34.4,,3.4,
"   Attempted/threatened violence",,5019020,,100,,1.1,,34.2,,11.7,,11.8,,10.7,,25.4,,37.0,,2.3,
"   Rape/Sexual assault/a",,275500,,100,,0.0,"*",20.8,,4.4,"*",3.4,"*",13.0,,26.5,,47.4,,5.3,"*"
"   Robbery",,655800,,100,,1.8,"*",32.0,,6.8,,12.5,,12.7,,33.8,,26.0,,6.4,
"      Completed/property taken",,408430,,100,,1.0,"*",26.3,,2.9,"*",10.4,,13.0,,36.3,,27.9,,8.5,
"         With injury",,122950,,100,,0.0,"*",25.9,,0.0,"*",8.7,"*",17.2,"*",43.5,,25.8,,4.8,"*"
"         Without injury",,285470,,100,,1.5,"*",26.5,,4.2,"*",11.1,,11.2,,33.2,,28.8,,10.1,
"      Attempted to take property",,247370,,100,,3.1,"*",41.3,,13.1,,16.0,,12.2,,29.8,,22.8,,3.0,"*"
"         With injury",,44380,,100,,0.0,"*",48.0,"*",16.7,"*",18.2,"*",13.2,"*",41.2,"*",10.8,"*",0.0,"*"
"         Without injury",,202990,,100,,3.8,"*",39.8,,12.3,,15.6,,11.9,"*",27.3,,25.4,,3.7,"*"
"   Assault",,5999570,,100,,0.9,,34.2,,11.4,,11.7,,11.1,,25.9,,36.9,,2.1,
"      Aggravated",,1332060,,100,,1.1,"*",29.9,,7.4,,10.3,,12.1,,25.8,,39.7,,3.5,
"      Simple",,4667500,,100,,0.8,,35.4,,12.5,,12.1,,10.8,,25.9,,36.1,,1.7,
,,,,,,,,,,,,,,,,,,,,,
,,,,,,,,,,,,,,,,,,,,,
"Note: Detail may not add to total shown because of rounding.",,,,,,,,,,,,,,,,,,,,,
"* Estimate is based on about 10 or fewer sample cases.",,,,,,,,,,,,,,,,,,,,,
"a/Includes verbal threats of rape and threats of sexual assault.",,,,,,,,,,,,,,,,,,,,,
