"Bureau of Justice Statistics",,,,,,,,,,,,,,,,
"filename:  cv9648.csv",,,,,,,,,,,,,,,,
"Table 48: Percent distribution of multiple-offender victimizations",,,,,,,,,,,,,,,,
"by type of crime, race of victims and perceived race of offenders",,,,,,,,,,,,,,,,
"data source: National Criminal Victimization Survey, 1996   NCJ 174445",,,,,,,,,,,,,,,,
"produced by:  Cathy Maston ",,,,,,,,,,,,,,,,
"authors:  Patsy Klaus and Cathy Maston",,,,,,,,,,,,,,,,
"refer questions to:  askbjs@ojp.usdoj.gov     202-307-0765",,,,,,,,,,,,,,,,
"date of version: 06/30/00",,,,,,,,,,,,,,,,
,,,,,,,,,,,,,,,,
,,,,,,,,,,,,,,,,
,,,,,,,,,,,,,,,,
"Table 48. Personal crimes of violence, 1996:",,,,,,,,,,,,,,,,
,,,,,,,,,,,,,,,,
"Percent distribution of multiple-offender victimizations",,,,,,,,,,,,,,,,
"by type of crime, race of victims and perceived race of offenders",,,,,,,,,,,,,,,,
,,,,,,,,,,,,,,,,
,,,,,,,"                          Percent of multiple-offender victimizations",,,,,,,,,
,,,"Number of ",,,,,,,"Perceived race of offenders",,,,,,
,,,"multiple-",,,,,,,,,,,,"Not known",
"Type of crime",,,"offender",,,," All",," All",," All",," Mixed",,"and not",
"and race of victim",,,"victimizations",,"Total",," white",," black",," other",," races",,"available",
,,,,,,,,,,,,,,,,
,,,,,,,,,,,,,,,,
"Crimes of violence/a",,,,,,,,,,,,,,,,
,"White",,1555490,,100,"%",48.8,"%",22.2,"%",11.8,"%",12.2,"%",5.1,"%"
,"Black",,372680,,100,"%",10.8,,67.1,,6.7,,13.9,,1.5,"*"
,,,,,,,,,,,,,,,,
"Robbery",,,,,,,,,,,,,,,,
,"White",,267350,,100,"%",38.8,,37.0,,10.1,,9.4,,4.7,"*"
,"Black",,159410,,100,"%",8.7,"*",77.0,,3.0,"*",9.2,"*",2.1,"*"
,,,,,,,,,,,,,,,,
"Assault",,,,,,,,,,,,,,,,
,"White",,1264260,,100,"%",51.3,,19.0,,11.9,,12.5,,5.2,
,"Black",,213280,,100,"%",12.3,,59.7,,9.5,"*",17.5,,1.0,"*"
,,,,,,,,,,,,,,,,
,,,,,,,,,,,,,,,,
"Note: Detail may not add to total shown because of rounding.",,,,,,,,,,,,,,,,
"* Estimate is based on about 10 or fewer sample cases.",,,,,,,,,,,,,,,,
"a/Includes data on rape and sexual assault, not shown separately.",,,,,,,,,,,,,,,,
