"Bureau of Justice Statistics",,,,,,,,,,,,,,
"filename:  cv9636.csv",,,,,,,,,,,,,,
"Table 36: Percent distribution of incidents, by type of crime",,,,,,,,,,,,,,
"and number of victims",,,,,,,,,,,,,,
"data source: National Criminal Victimization Survey, 1996   NCJ 174445",,,,,,,,,,,,,,
"produced by:  Cathy Maston ",,,,,,,,,,,,,,
"authors:  Patsy Klaus and Cathy Maston",,,,,,,,,,,,,,
"refer questions to:  askbjs@ojp.usdoj.gov     202-307-0765",,,,,,,,,,,,,,
"date of version: 06/30/00",,,,,,,,,,,,,,
,,,,,,,,,,,,,,
,,,,,,,,,,,,,,
"Table 36. Personal crimes of violence, 1996:",,,,,,,,,,,,,,
,,,,,,,,,,,,,,
"Percent distribution of incidents, by type of crime",,,,,,,,,,,,,,
"and number of victims",,,,,,,,,,,,,,
,,,,,,,,,,,,,,
,,,,,,,,"Percent of incidents",,,,,,
,,,,,,,,,"Number of victims",,,,,
,,,"  Number of",,,,,,,,,," Four",
"Type of crime",,,"  incidents",,"Total/a",,"  One",,"  Two",,"  Three",," or more",
,,,,,,,,,,,,,,
,,,,,,,,,,,,,,
"Crimes of violence",,,8316170,,100,"%",93.5,"%",4.6,"%",1.2,"%",0.7,"%"
,,,,,,,,,,,,,,
"   Completed violence",,,2437260,,100,,92.6,,5.3,,1.4,,0.7,"*"
"   Attempted/threatened violence",,,5878910,,100,,93.9,,4.4,,1.1,,0.7,
"   Rape/Sexual assault/b",,,291810,,100,,98.3,,0.5,"*",0.0,"*",1.2,"*"
"   Robbery",,,1040470,,100,,93.5,,5.1,,0.8,"*",0.6,"*"
"      Completed/property taken",,,690220,,100,,93.0,,5.5,,0.8,"*",0.7,"*"
"         With injury",,,240750,,100,,96.7,,3.0,"*",0.3,"*",0.0,"*"
"         Without injury",,,449470,,100,,91.0,,6.9,,1.0,"*",1.1,"*"
"      Attempted to take property",,,350250,,100,,94.6,,4.2,"*",0.8,"*",0.5,"*"
"         With injury",,,75450,,100,,95.7,,3.4,"*",1.0,"*",0.0,"*"
"         Without injury",,,274800,,100,,94.3,,4.4,"*",0.7,"*",0.6,"*"
"   Assault",,,6983880,,100,,93.3,,4.7,,1.3,,0.7,
"      Aggravated",,,1678710,,100,,90.9,,6.3,,1.9,,0.9,"*"
"      Simple",,,5305160,,100,,94.1,,4.2,,1.1,,0.6,
,,,,,,,,,,,,,,
,,,,,,,,,,,,,,
"Note: Detail may not add to total shown because of rounding.",,,,,,,,,,,,,,
"* Estimate is based on about 10 or fewer sample cases.",,,,,,,,,,,,,,
"a/Excludes incidents for which the number of victims was not ascertained.",,,,,,,,,,,,,,
"b/Includes verbal threats of rape and threats of sexual assault.",,,,,,,,,,,,,,
