"Bureau of Justice Statistics",,,,,,,,,,,,,,
"filename:  cv9630.csv",,,,,,,,,,,,,,
"Table 30: Percent of victimizations involving strangers,",,,,,,,,,,,,,,
"by gender and race of victims and type of crime",,,,,,,,,,,,,,
"data source: National Criminal Victimization Survey, 1996   NCJ 174445",,,,,,,,,,,,,,
"produced by:  Cathy Maston ",,,,,,,,,,,,,,
"authors:  Patsy Klaus and Cathy Maston",,,,,,,,,,,,,,
"refer questions to:  askbjs@ojp.usdoj.gov     202-307-0765",,,,,,,,,,,,,,
"date of version: 06/30/00",,,,,,,,,,,,,,
,,,,,,,,,,,,,,
,,,,,,,,,,,,,,
,,,,,,,,,,,,,,
"Table 30. Personal crimes of violence, 1996:",,,,,,,,,,,,,,
,,,,,,,,,,,,,,
"Percent of victimizations involving strangers,",,,,,,,,,,,,,,
"by gender and race of victims and type of crime",,,,,,,,,,,,,,
,,,,,,,,,,,,,,
,,,,,"                   Percent of victimizations involving strangers",,,,,,,,,
,,,"Crimes",,"Rape/",,,,,,,,,
,,,"of",,"Sexual",,,,,,"Assault",,,
"Gender and race",,,"violence",,"assault/a",,"Robbery",,"     Total",,"Aggravated",,"   Simple",
,,,,,,,,,,,,,,
,,,,,,,,,,,,,,
"Both gender",,,,,,,,,,,,,,
,"White",,51.5,"%",28.8,"%",73.1,"%",49.8,"%",55.7,"%",48.0,"%"
,"Black",,50.8,,39.2,"*",83.5,,41.8,,48.3,,38.3,
,,,,,,,,,,,,,,
"Male",,,,,,,,,,,,,,
,"White",,62.1,,65.1,"*",80.3,,59.7,,63.2,,58.5,
,"Black",,64.5,,0.0,"*",92.9,,53.9,,56.9,,51.5,
,,,,,,,,,,,,,,
"Female",,,,,,,,,,,,,,
,"White",,36.9,,23.7,,59.8,,35.6,,42.9,,33.7,
,"Black",,35.2,,39.2,"*",65.0,,28.7,,31.7,,27.7,
,,,,,,,,,,,,,,
,,,,,,,,,,,,,,
"Note: Excludes data on persons of ""Other"" races.",,,,,,,,,,,,,,
"* Estimate is based on about 10 or fewer sample cases.",,,,,,,,,,,,,,
"a/Includes verbal threats of rape and threats of sexual assault.",,,,,,,,,,,,,,
