"Bureau of Justice Statistics",,,,,,,,,,,,,,
"filename:  cv9628.csv",,,,,,,,,,,,,,
"Table 28: Number of victimizations and victimization rates",,,,,,,,,,,,,,
"for persons age 12 and over, by type of crime",,,,,,,,,,,,,,
"and victim-offender relationship",,,,,,,,,,,,,,
"data source: National Criminal Victimization Survey, 1996   NCJ 174445",,,,,,,,,,,,,,
"produced by:  Cathy Maston ",,,,,,,,,,,,,,
"authors:  Patsy Klaus and Cathy Maston",,,,,,,,,,,,,,
"refer questions to:  askbjs@ojp.usdoj.gov     202-307-0765",,,,,,,,,,,,,,
"date of version: 06/30/00",,,,,,,,,,,,,,
,,,,,,,,,,,,,,
,,,,,,,,,,,,,,
"Table 28. Personal crimes of violence, 1996:",,,,,,,,,,,,,,
,,,,,,,,,,,,,,
"Number of victimizations and victimization rates",,,,,,,,,,,,,,
"for persons age 12 and over, by type of crime",,,,,,,,,,,,,,
"and victim-offender relationship",,,,,,,,,,,,,,
,,,,,,,,,,,,,,
"    ",,,,,,,"Rate per 1,000 persons age 12 and over",,,,,,,
,,"Total",,,"Total",,,,,"Involving strangers",,,,"Involving nonstrangers"
"Type of crime",,"Population",,"Number",,"Rate",,"Number",,"Rate",,"Number",,"Rate"
,,,,,,,,,,,,,,
,,,,,,,,,,,,,,
"Crimes of violence",,217234280,,9124960,,42.0,,4736550,,21.8,,4388420,,20.2
,,,,,,,,,,,,,,
"   Completed violence",,,,2700040,,12.4,,1316240,,6.1,,1383800,,6.4
"   Attempted/threatened violence",,,,6424920,,29.6,,3420310,,15.7,,3004610,,13.8
"   Rape/Sexual assault",,,,307100,,1.4,,99760,,0.5,,207340,,1.0
"      Rape/Attempted rape",,,,196660,,0.9,,56730,,0.3,,139930,,0.6
"         Rape",,,,97580,,0.4,,22690,"*",0.1,"*",74890,,0.3
"         Attempted rape/a",,,,99080,,0.5,,34040,,0.2,,65040,,0.3
"      Sexual assault/b",,,,110430,,0.5,,43030,,0.2,,67400,,0.3
"   Robbery",,,,1134330,,5.2,,870280,,4.0,,264050,,1.2
"      Completed/property taken",,,,757340,,3.5,,591600,,2.7,,165740,,0.8
"         With injury",,,,249530,,1.1,,191500,,0.9,,58040,,0.3
"         Without injury",,,,507810,,2.3,,400110,,1.8,,107710,,0.5
"      Attempted to take property",,,,376980,,1.7,,278680,,1.3,,98300,,0.5
"         With injury",,,,79460,,0.4,,42310,,0.2,,37140,,0.2
"         Without injury",,,,297520,,1.4,,236370,,1.1,,61160,,0.3
"   Assault",,,,7683540,,35.4,,3766510,,17.3,,3917030,,18.0
"      Aggravated",,,,1910370,,8.8,,1044080,,4.8,,866290,,4.0
"         With injury",,,,512880,,2.4,,197350,,0.9,,315530,,1.5
"         Threatened with weapon",,,,1397480,,6.4,,846730,,3.9,,550760,,2.5
"      Simple",,,,5773170,,26.6,,2722430,,12.5,,3050740,,14.0
"         With minor injury",,,,1240330,,5.7,,473640,,2.2,,766700,,3.5
"         Without injury",,,,4532840,,20.9,,2248790,,10.4,,2284050,,10.5
,,,,,,,,,,,,,,
"Note: Detail may not add to total shown because of rounding.",,,,,,,,,,,,,,
"* Estimate is based on about 10 or fewer sample cases.",,,,,,,,,,,,,,
"a/Includes verbal threats of rape.",,,,,,,,,,,,,,
"b/Includes threats.",,,,,,,,,,,,,,
