Bureau of Justice Statistics,,,,,,,,,,,
Filename:  pdalc0107.csv,,,,,,,,,,,
"Report title:  Punitive Damage Awards in Large Counties, 2001",,,,,,,,,,,
"Table 7. Type of post trial relief granted to litigants in civil trials with punitive damages awarded to plaintiff winners in State courts in the Nation's 75 largest counties, 2001 ",,,,,,,,,,,
"Data source:  Civil Justice Survey of State Courts, 2001",,,,,,,,,,,
Author (s):  Thomas Cohen,,,,,,,,,,,
Refer questions to:  askbjs@usdoj.gov 202-307-0765,,,,,,,,,,,
"Date of version:  March 23, 2005",,,,,,,,,,,

"Table 7. Type of post trial relief granted to litigants in civil trials with punitive damages awarded to plaintiff winners in State courts in the Nation's 75 largest counties, 2001 ",,,,,,,,,,,

,Post trial relief granted in civil trials with punitive damages,,,Type of post trial relief granted to plaintiffs and defendants in civil trials with punitive damages/a,,,,,,,
Post trial relief sought by, Number sought/b,Percent in which relief granted,,JNOV or amended judgment,, New trial,,Award modification,,Other relief,

All civil trials/c,,,,,,,,,,,
   Plaintiffs ,36,46.8,%,7,%,7,%,56,%,30,%
   Defendants ,138,27.8,,13.2,,21.7,,48.7,,19.4,
Tort trials/d,,,,,,,,,,,
   Plaintiffs ,21,57.1,%,--,,--,,68.1,%,31.9,%
   Defendants ,64,30.5,,--,,24.6,,55.4,,20,
Contract trials/e,,,,,,,,,,,
   Plaintiffs ,15,31.9,%,25,%,25,%,25,%,25,%
   Defendants ,73,24.5,,22.8,,19.8,,44.2,,19.8,

"Note: Post trial motions filed by plaintiffs or defendants include motions for judgments notwithstanding the verdict (JNOV), amended judgments, new trials, award modifications, and other relief.",,,,,,,,,,,
 --No cases recorded. ,,,,,,,,,,,
a/The type of post trial relief granted may not sum to 100% because the post trial relief categories are not necessarily mutually exclusive.,,,,,,,,,,,
b/The number of litigants seeking post trial relief in table 6 differs from the number posted in table 7 because of missing or incomplete post trial relief granted data. ,,,,,,,,,,,
"c/Among civil trials where prevailing plaintiffs received punitive damages, data on the granting of post trial relief  were available for 92.6% of the 39 ",,,,,,,,,,,
trials where the plaintiff sought post trial relief and 98.0% of the 141 trials where the defendant sought post trial relief. ,,,,,,,,,,,
"d/Among tort trials where prevailing plaintiffs received punitive damages, data on the granting of post trial relief  were available for 100% of the 21 trials where the plaintiff ",,,,,,,,,,,
sought post trial relief and 98.5% of the 65 trials where the defendant sought post trial relief. ,,,,,,,,,,,
"e/Among contract trials where prevailing plaintiffs received punitive damages, data on the granting of post trial relief were available for 83.7% of the 18 trials where the plaintiff sought post trial relief "
and 97.6% of the 75 trials where the defendant sought post trial relief.
