Bureau of Justice Statistics,,,,,,,
Filename:  pdalc0102.csv,,,,,,,
"Report title:  Punitive Damage Awards in Large Counties, 2001",,,,,,,
"Table 2. Punitive damage awards in civil trials with plaintiff winners in State courts in the Nation's 75 largest counties, 2001",,,,,,,
"Data source:  Civil Justice Survey of State Courts, 2001",,,,,,,
Author (s):  Thomas Cohen,,,,,,,
Refer questions to:  askbjs@usdoj.gov 202-307-0765,,,,,,,
"Date of version:  March 23, 2005",,,,,,,

"Table 2. Punitive damage awards in civil trials with plaintiff winners in State courts in the Nation's 75 largest counties, 2001",,,,,,,

,Civil trials with plaintiff winners awarded punitive damages,,,,,,
,,Amount of punitive damages awarded,,,,Number of trials with punitive damages,
Case type,Number,Median ,,Maximum ,,$1 million or more,$10 million or more
     All civil trials/a,356,"$50,000 ",,"$364,500,000 ",,41,9

Tort trials,217,"$25,000 ",,"$100,000,000 ",,23,5

Automobile,54,"$5,000",,"$30,000,000",,7,1
Premises liability,8,"$33,000",,"$160,000",, --, --
Product liability,3,"$433,000",,"$500,000",, --, --
     Asbestos,2,"$500,000",,"$500,000",, --, --
     Other ,1,"$150,000",*,"$150,000",*, --, --
Intentional tort,78,"$16,000",,"$4,500,000",,9, --
Medical malpractice,15,"$187,000",,"$75,000,000",,2,2
Professional malpractice,7,"$1,000",,"$40,000",, --, --
Slander/libel,23,"$77,000",,"$700,000",, --, --
Animal attack,6,"$68,000",,"$135,000",, --, --
Conversion,3,"$100,000",,"$100,000",, --, --
"False arrest, imprisonment",5,"$8,000",,"$100,000",, --, --
Other or unknown tort,16,"$470,000",,"$100,000,000",,4,1

Contract trials,138,"$83,000 ",,"$364,500,000 ",,18,5

Fraud,60,"$63,000",,"$275,000,000",,5,2
Seller plaintiff,9,"$4,000",,"$230,000",, --, --
Buyer plaintiff,16,"$275,000",,"$5,000,000",,3, --
Employment discrimination,13,"$606,000",,"$3,500,000",,5, --
Other employment dispute,16,"$151,000",,"$1,500,000",,1, --
Rental/lease,9,"$15,000",,"$1,200,000",,2, --
Tortious interference,9,"$83,000",,"$364,500,000",,1,1
Partnership dispute,4,"$186,000",,"$14,000,000",,1,1
Other or unknown contract,2,"$1,000",,"$1,000",, --, --

Real property trials/b,1,"$70,000 ",*,"$70,000 ",*, --, --
"Note: Data on punitive damages were available for 97.7% of plaintiff winners.  In this study, cases are classified by the primary case type, though many cases involve multiple claims (that is, contract and tort).",,,,,,,
"Under laws in almost all States, only tort claims qualify for punitive damages. If contract or real property cases involved punitive damages, it involved a related tort claim.",,,,,,,
No punitive damages were awarded in mortgage foreclosure and subrogation cases.  Detail may not sum to total because of rounding.  Award data were rounded to the nearest thousand.,,,,,,,
*Not median or maximum but the actual amount awarded.
 -- No cases recorded.
"a/The number of trial cases includes bench and jury trials, trials with a directed verdict, judgments notwithstanding the verdict, and jury trials for defaulted defendants."
b/Excludes eminent domain cases.
