Bureau of Justice Statistics,,,,,
Filename:  pdalc0101.csv,,,,,
"Report title:  Punitive Damage Awards in Large Counties, 2001",,,,,
"Table 1. Punitive damage awards in civil trials with plaintiff winners in State courts in the Nation's 75 largest counties, 2001",,,,,
"Data source:  Civil Justice Survey of State Courts, 2001",,,,,
Author (s):  Thomas Cohen,,,,,
Refer questions to:  askbjs@usdoj.gov 202-307-0765,,,,,
"Date of version:  March 23, 2005",,,,,

"Table 1. Punitive damage awards in civil trials with plaintiff winners in State courts in the Nation's 75 largest counties, 2001",,,,,

,,Plaintiff winners/a,,,
,,,Awarded punitive damages,,
Case type,Number of civil trials,Number of trials,Number,Percent of trials,
     All civil trials/b,"11,908","6,504",356,5.5,%

Tort trials,"7,948","4,080",217,5.3,%

Automobile,"4,235","2,581",54,2.1,
Premises liability,"1,268",520,8,1.5,
Product liability,158,70,3,4.3,
     Asbestos,31,19,2,10.5,
     Other ,126,51,1,2,
Intentional tort,375,214,78,36.4,
Medical malpractice,"1,156",307,15,4.9,
Professional malpractice,102,51,7,13.7,
Slander/libel,95,40,23,57.5,
Animal attack,99,66,6,9.1,
Conversion,27,13,3,23.1,
"False arrest, imprisonment",45,19,5,26.3,
Other or unknown tort,390,200,16,8,

Contract trials,"3,698","2,375",138,5.8,%

Fraud,625,360,60,16.7,
Seller plaintiff,"1,208",925,9,1,
Buyer plaintiff,793,485,16,3.3,
Employment discrimination,166,74,13,17.6,
Other employment dispute,287,157,16,10.2,
Rental/lease,276,176,9,5.1,
Tortious interference,138,82,9,11,
Partnership dispute,40,18,4,22.2,
Other or unknown contract,73,41,2,4.9,

Real property trials,262,49,1,2,%
"Note: Data on punitive damages were available for 97.7% of plaintiff winners.  In this study, cases are classified by the primary case type, though many cases involve multiple claims (that is, contract and tort).",,,,,
"Under laws in almost all States, only tort claims qualify for punitive damages. If contract or real property cases involved punitive damages, it involved a related tort claim.  No punitive damages were awarded in mortgage foreclosure and subrogation cases.",,,,,
Detail may not sum to total because of rounding.,,,,,
"a/The percentage of plaintiff winners awarded punitive damages was calculated by dividing the number of civil trials in which plaintiff winners were awarded punitive damages (356) by the total number of civil trials with plaintiff winners (6,504)."
"b/The number of trial cases includes bench and jury trials, trials with a directed verdict, judgments notwithstanding the verdict, and jury trials for defaulted defendants."
