"Bureau of Justice Statistics",,,,,
"filename:  FSUS9404.csv",,,,,
"table #:  4",,,,,
"report title:  Felony Sentences in the United States, 1994",,,,,
"data sources:  National Judicial Reporting Program; Federal Justice Statistics Program",,,,,
"author:  Pat Langan & Jodi Brown (202) 307-3121, brownj@ojp.usdoj.gov",,,,,
"date of version:  05/09/97",,,,,
"Published version location:  PUBLISHED (A14..F50)",,,,,
"Raw numbers location:  RAW (A55..F87)",,,,,
,,,,,
"Table 4.  Type of State and Federal felony sentences, ",,,,,
"by violent offense, 1994",,,,,
,,,,,
,,"Percent of felons sentenced to",,,
"Most serious","Conviction",,"Incarceration",,"Straight"
"conviction offense","Total","Total","Prison","Jail","probation"
,,,,,
"Murder/manslaughter/a",,,,,
" State and Federal",100,97,95,2,3
"    State",100,97,95,2,3
"    Federal",100,91,88,3,9
,,,,,
"Rape",,,,,
"  State and Federal",100,88,71,17,12
"    State",100,88,71,17,12
"    Federal",100,89,77,13,11
,,,,,
"Robbery",,,,,
"  State and Federal",100,88,78,11,12
"    State",100,88,77,11,12
"    Federal",100,97,95,2,3
,,,,,
"Aggravated assault",,,,,
"  State and Federal",100,75,48,27,25
"    State",100,75,48,27,25
"    Federal",100,82,67,15,18
,,,,,
"Other violent/b",,,,,
"  State and Federal",100,75,45,30,25
"    State",100,75,45,30,25
"    Federal",100,80,68,13,20
,,,,,
"Note:  For persons receiving a combination of sentences, the sentence ",,,,,
"designation came from the most severe penalty imposed --prison ",,,,,
"being the most severe, followed by jail, then probation.  Both State ",,,,,
"and Federal sentences included 1% or 2% not designated as prison, ",,,,,
"jail, or probation.  The table classifies them under probation.",,,,,
"a/Includes nonnegligent manslaughter.",,,,,
"b/Includes offenses such as negligent manslaughter, sexual assault, ",,,,,
"and kidnaping.",,,,,
,,,,,
,,,,,
"Table 4.  Type of State and Federal felony sentences, ",,,,,
"by violent offense, 1994",,,,,
,,"Number of felons sentenced to",,,
"Most serious","Conviction",,"Incarceration",,"Straight"
"conviction offense","Total","Total","Prison","Jail","probation"
,,,,,
"Murder/manslaughter/a",,,,,
"  State and Federal",12168,11794,11549,245,374
"    State",12007,11647,11407,240,360
"    Federal",161,147,142,5,14
"Rape",,,,,
"  State and Federal",20239,17813,14379,3434,2426
"    State",20068,17660,14248,3412,2408
"    Federal",171,153,131,22,18
"Robbery",,,,,
"  State and Federal",48069,42484,37377,5107,5585
"    State",46028,40505,35442,5063,5523
"    Federal",2041,1979,1935,44,62
"Aggravated assault",,,,,
"  State and Federal",65485,49137,31493,17644,16348
"    State",65174,48881,31284,17597,16293
"    Federal",311,256,209,47,55
"Other violent/b",,,,,
"  State and Federal",21496,16132,9716,6416,5364
"    State",21307,15980,9588,6392,5327
"    Federal",189,152,128,24,37
,,,,,
"Note:  For persons receiving a combination of sentences, the sentence ",,,,,
"designation came from the most severe penalty imposed -- prison ",,,,,
"being the most severe, followed by jail, then probation.  Both State ",,,,,
"and Federal sentences included 1% or 2% not designated as prison, ",,,,,
"jail, or probation.  The table classifies them under probation.",,,,,
"a/Includes nonnegligent manslaughter.",,,,,
"b/Includes offenses such as negligent manslaughter, sexual assault, ",,,,,
"and kidnaping.",,,,,
