Bureau of Justice Statistics,,,,
filename:  FSUS9409.csv,,,,
table #:  9,,,,
"report title:  Felony Sentences in the United States, 1994",,,,
data sources:  National Judicial Reporting Program; Federal Justice Statistics Program,,,,
"author:  Pat Langan & Jodi Brown (202) 307-3121, brownj@ojp.usdoj.gov",,,,
date of version:  05/09/97,,,,
Published version location:  PUBLISHED (A14..F63),,,,
Raw numbers location:  RAW (A69..F109),,,,

Table 9.   Length of felony sentences imposed,,,,
"by State and Federal courts, by property offenses, 1994",,,,

,Mean maximum sentence length,,,
,in months for felons sentenced to,,,
Most serious,,Incarceration,,Straight
conviction offense,Total,Prison,Jail,probation

Burglary,,,,
  State and Federal/a,52,69,7,47
    State,52,69,7,47
    Federal,54,60,9,43

Larceny/b,,,,
  State and Federal,29,45,6,40
    State,29,45,6,40
    Federal,28,43,7,40

  Motor vehicle theft,,,,
    State and Federal,29,50,5,41
      State,29,50,5,41
      Federal,33,43,8,39
  Other theft,,,,
    State and Federal,29,44,6,40
      State,29,44,6,40
      Federal,26,43,7,40

Fraud/forgery/c,,,,
  State and Federal,30,50,5,41
    State,32,51,5,41
    Federal,20,35,7,39

  Fraud/c,,,,
    State and Federal,28,50,5,40
      State,29,53,4,40
      Federal,21,35,7,39
  Forgery,,,,
    State and Federal,33,50,6,42
      State,33,50,6,42
      Federal,18,32,7,39

"Note:  For persons receiving a combination of sentences, the sentence designation ",,,,
"came from the most severe penalty imposed -- prison being the most severe, followed",,,,
"by jail, then probation.  Mean sentence lengths exclude sentences to death or to life in prison.",,,,
a/The mean State and Federal felony sentence length is a weighted,,,,
average of the State and Federal values (see example below).,,,,
The number of persons sentenced is contained in the range titled RAW.,,,,
(((State sentence length x Number of persons sentenced in State prisons),,,,
 + (Federal sentence length x Number of persons sentenced in Federal prisons)),,,,
 /Total number of persons sentenced) ,,,,
"For example, (((71 * 387,764) + (80 * 24,422)) / 412,186)  = 72  ",,,,
b/Includes motor vehicle theft.,,,,
c/Includes embezzlement.,,,,


Table 9.  Length of felony sentences imposed ,,,,,
"by State and Federal courts,  by property offenses, 1994",,,,,

,Number of felons sentenced to,,,,
,,Incarceration,,,
,Total,Prison,,,
,(excluding,(excluding,,,
Most serious,sentences to,sentences to,,,Sentences to
conviction offense,life or death),life or death),Jail,Probation,life or death

Burglary,,,,,
  State and Federal,73517,51918,21599,24542,196
    State,73386,51802,21584,24527,196
    Federal,131,116,15,15,0
Larceny/a,,,,,
  State and Federal,75819,43433,32386,38854,47
    State,74896,42905,31991,38085,45
    Federal,923,528,395,769,2
  Motor vehicle theft,,,,,
    State and Federal,15325,8119,7206,5951,9
      State,15148,7991,7157,5893,8
      Federal,177,128,49,58,1
  Other theft,,,,,
    State and Federal,60494,35314,25180,32903,38
     State,59748,34914,24834,32192,37
    Federal,746,400,346,711,1
Fraud/forgery/b,,,,,
  State and Federal,43156,22877,20279,29579,0
    State,38288,20501,17787,25776,0
    Federal,4868,2376,2492,3803,0
  Fraud/b,,,,,
    State and Federal,21799,11149,10650,14067,0
      State,17526,9046,8480,10742,0
      Federal,4273,2103,2170,3325,0
  Forgery,,,,,
    State and Federal,21357,11728,9629,15512,0
      State,20762,11455,9307,15034,0
      Federal,595,273,322,478,0

"Note:  For persons receiving a combination of sentences, the sentence designation ",,,,,
"came from the most severe penalty imposed -- prison being the most severe, followed",,,,,
"by jail, then probation.  Mean sentence lengths exclude sentences to death or to life in prison.",,,,,
a/Includes motor vehicle theft.,,,,,
b/Includes embezzlement.,,,,,
