Bureau of Justice Statistics,,,,,,,,,
Filename: p05tt01,,,,,,,,,
"Text table 1: Prisoners in custody of correctional authorities in the U.S. Territories and Commonwealths, yearend 2004 and 2005",,,,,,,,,
Report title:  Prisoners in 2005 NCJ 215092,,,,,,,,,
"Data source:  National Prisoner Statistics, 1B",,,,,,,,,
Authors:  Paige M. Harrison and Allen J. Beck,,,,,,,,,
Refer questions to:  askbjs@usdoj.gov   202-307-0765,,,,,,,,,
Date of version:  11/29/06,,,,,,,,,

"Text table 1. Prisoners in custody of correctional authorities in the U.S. Territories and Commonwealths, yearend 2004 and 2005",,,,,,,,,

,                   Total,,,,Sentenced to more than 1 year,,,,
,2005,2004,"Percent change, 04-05",,2005,2004,"Percent change, 2004-05",,"Incarceration rate, 2005*"

     Total,"15,735","15,757",-0.1,%,"12,399","12,185",1.8,%,287
American Samoa,222,258,-14,,174,165,5.5,,301
Guam,505,393,28.5,,238,122,95.1,,141
Commonwealth of the Northern Mariana Islands,149,150,-0.7,,83,98,-15.3,,103
Commonwealth of Puerto Rico,"14,263","14,380",-0.8,,"11,469","11,374",0.8,,293
U.S. Virgin Islands,596,576,3.5,,435,426,2.1,,400
"*The number of prisoners with a sentence of more than 1 year per 100,000 persons in the resident population.  Midyear population estimates were provided by the U.S. Bureau of the Census, International Data Base. ",,,,,,,,,
