"Bureau of Justice Statistics",,,,,
"Filename:  vw9919.csv",,,,,
"Table 19. Average annual workplace homicide, by victim characteristics,  1993-99",,,,,
"Title of Report: Violence in the Workplace, 1993-99, NCJ 190076",,,,,
"Data source:  National Crime Victimization Survey",,,,,
"Author: Detis T. Duhart, Ph.D.",,,,,
"Refer questions to:   (202) 307-0765 or askbjs@ojp.usdoj.gov",,,,,
"Date version:  12/20/01",,,,,
,,,,,
"Table 19. Average annual workplace homicide, by victim characteristics,  1993-99",,,,,
,,,,,
"Victim characteristic",,"Average annual number",,"Percent of total",
,,,,,
"Gender",,,,100,"%"
"     Male",,730,,81,
"     Female",,176,,19,
,,,,,
"Age group",,,,100,"%"
"     Under 18 years",,8,,1,
"     18 to 19 years",,18,,2,
"     20 to 24 years",,70,,8,
"     25 to 34 years",,228,,25,
"     35 to 44 years",,236,,26,
"     45 to 54 years",,181,,20,
"     55 to 64 years",,105,,12,
"     65 years and over",,56,,6,
,,,,,
"Race",,,,100,"%"
"     White",,500,,55,
"     Black",,163,,18,
"     Hispanic",,126,,14,
"     Other/Not reported",,115,,13,
,,,,,
"Note: Data obtained from the U. S. Department of Labor, Bureau of Labor Statistics,Census of Fatal Occupational Injuries.",,,,,
"Totals for each subcategory may not be the same because categories with 5 or fewer work fatalities or less than 0.5% are not included in the total.",,,,,
