"Bureau of Justice Statistics",,,,,,,,,,,,
"Filename:  vw9907.csv",,,,,,,,,,,,
"Table 7. Average annual rates of aggravated and simple assault in the workplace, by occupation, 1993-99",,,,,,,,,,,,
"Title of Report: Violence in the Workplace, 1993-99, NCJ 190076",,,,,,,,,,,,
"Data source:  National Crime Victimization Survey",,,,,,,,,,,,
"Author: Detis T. Duhart, Ph.D.",,,,,,,,,,,,
"Refer questions to:   (202) 307-0765 or askbjs@ojp.usdoj.gov",,,,,,,,,,,,
"Date version:  12/20/01",,,,,,,,,,,,
,,,,,,,,,,,,
"Table 7. Average annual rates of aggravated and simple assault in the workplace, by occupation, 1993-99",,,,,,,,,,,,
,,,,,,,,,,,,
,,"Violent victimization in the workplace",,,,,,,,,,
"Occupational field",,"Total Assault",,"Aggravated assault",,,,"Simple assault",,,,"Ratio of simple"
,,"Number",,"Number",,"Rate per 1,000",,"Number",,"Rate per 1,000",,"to aggravated assault"
,,,,,,,,,,,,
"All assault",,11579400,,2286900,,2.3,,9181900,,9.4,,"4:1"
,,,,,,,,,,,,
"Medical",,878700,,96200,,1.4,,782500,,11.4,,"8:1"
"Mental health",,495700,,75100,,7.7,,420600,,43.2,,"6:1"
"Teaching",,1211200,,121300,,1.7,,1089900,,14.9,,"9:1"
"Law enforcement",,2348500,,548400,,29.2,,1800100,,95.8,,"3:1"
"Retail sales",,1833700,,420600,,4.2,,1413100,,14.1,,"3:1"
"Transportation",,455800,,115100,,3.5,,340700,,10.2,,"3:1"
"Other",,4355900,,910300,,1.4,,3445600,,5.1,,"4:1"
"Note: Rates are per 1,000 persons in the workforce.",,,,,,,,,,,,
