"Bureau of Justice Statistics",,,,,,
"Filename:  vw9920.csv",,,,,,
"Table 20. Average annual workplace homicide, by victim-offender association,  1993-99",,,,,,
"Title of Report: Violence in the Workplace, 1993-99, NCJ 190076",,,,,,
"Data source:  National Crime Victimization Survey",,,,,,
"Author: Detis T. Duhart, Ph.D.",,,,,,
"Refer questions to:   (202) 307-0765 or askbjs@ojp.usdoj.gov",,,,,,
"Date version:  12/20/01",,,,,,
,,,,,,
"Table 20. Average annual workplace homicide, by victim-offender association,  1993-99",,,,,,
,,,,,,
"Association of offender to victim","Number ",,"Average annual number",,"Percent of total",
,,,,,,
"Work relationship",6316,,899,,100,"%"
,,,,,,
"Robbery and other  crimes",5274,,753,,84,"%"
,,,,,,
"Work associate",721,,103,,11,"%"
"    Coworker, former coworker",469,,67,,7,
"    Customer, client",252,,36,,4,
,,,,,,
"Intimate",197,,28,,3,"%"
"    Husband",122,,17,,2,
"    Wife",3,,"--",,"--",
"    Boyfriend",72,,10,,1,
,,,,,,
"Other relative",38,,5,,1,"%"
,,,,,,
"Other acquaintance",65,,9,,1,"%"
,,,,,,
"Note: Data obtained from the U. S. Department of Labor, Bureau of Labor Statistics,Census of Fatal Occupational Injuries.",,,,,,
"Totals for each subcategory may not add to the overall total because categories with 3 or fewer work fatalities or less than .5%  are not included.",,,,,,
"Percentages may not total to 100 due to rounding or excluded cases.  --Less than 0.5.",,,,,,
