"Bureau of Justice Statistics",,,
"Filename:  vw9911.csv",,,
"Table 11. Injury from workplace violence and type of treatment received,  1993-99",,,
"Title of Report: Violence in the Workplace, 1993-99, NCJ 190076",,,
"Data source:  National Crime Victimization Survey",,,
"Author: Detis T. Duhart, Ph.D.",,,
"Refer questions to:   (202) 307-0765 or askbjs@ojp.usdoj.gov",,,
"Date version:  12/20/01",,,
,,,
"Table 11. Injury from workplace violence and type of treatment received,  1993-99",,,
,,,
"Injury type and treatment",,"Percent of violent victimizations in the  workplace",
"Uninjured",,88.2,"%"
"Injured",,11.8,
,,,
"     Type of injury, as percent of all victims",,,
"          Serious",,1.2,
"          Minor",,10.2,
"          Other",,0.4,
,,,
"Treatment, as percent of injured",,,
"          Injured but not treated",,53.0,
"          Treated at scene/home",,14.8,
"          Treated at medical office, clinic, or hospital",,26.2,
"          Treated at other Location",,3.7,
"          Hospitalized one night or more",,2.1,"*"
"          Do not know location",,0.2,"*"
,,,
,,,
,,,
"Note: Detail may not add to totals because of rounding.",,,
"*   Based on 10 or fewer sample cases",,,
,,,
"Minor injuries include bruises, black eyes, cuts, scratches, swelling, chipped teeth, and undetermined injuries",,,
"requiring less than 2 days of hospitalization.",,,
"Serious injuries include gunshot or knife wounds, broken bones, loss of teeth, internal injuries, loss of",,,
"consciousness, and undetermined injuries requiring 2 or more days of hospitalization.",,,
"Detail may not add to totals because of rounding.",,,
"*Estimate based on 10 or fewer sample cases.  See Methodology on page 11.",,,
