"Bureau of Justice Statistics",,,,,,,,
"Filename:  wv9908.csv",,,,,,,,
"Table 8. Average annual rate of robbery in the workplace, by occupation, 1993-99",,,,,,,,
"Title of Report: Violence in the Workplace, 1993-99, NCJ 190076",,,,,,,,
"Data source:  National Crime Victimization Survey",,,,,,,,
"Author: Detis T. Duhart, Ph.D.",,,,,,,,
"Refer questions to:   (202) 307-0765 or askbjs@ojp.usdoj.gov",,,,,,,,
"Date version:  12/20/01",,,,,,,,
,,,,,,,,
"Table 8. Average annual rate of robbery in the workplace, by occupation, 1993-99",,,,,,,,
,,,,,,,,
"Occupational field",,"Number ",,"Percent of total",,,"Rate per 1,000 workers",
,,,,,,,,
"All robbery",,490900,,100,"%",,0.5,
,,,,,,,,
"     Medical",,8200,,2,"*",,0.1,"*"
"     Mental health",,9300,,2,"*",,1.0,"*"
"     Teaching",,32300,,7,"*",,0.4,"*"
"     Lawenforcement",,15600,,3,"*",,0.8,"*"
"     Retail sales",,100700,,21,,,1.0,
"     Transportation",,82600,,17,,,2.5,
"     Other",,242300,,49,,,0.4,
,,,,,,,,
"Note: Details may not add to total because of rounding.",,,,,,,,
"*Estimates based on 10 of fewer sample cases.  See Methodology on page 11.",,,,,,,,
