"Bureau of Justice Statistics",,,,,,,,,,,,,,,,,,,
"Filename:  vw9915.csv",,,,,,,,,,,,,,,,,,,
"Table 15. Victim-offender relationship in violent victimizations in the workplace by victim occupation,  1993-99",,,,,,,,,,,,,,,,,,,
"Title of Report: Violence in the Workplace, 1993-99, NCJ 190076",,,,,,,,,,,,,,,,,,,
"Data source:  National Crime Victimization Survey",,,,,,,,,,,,,,,,,,,
"Author: Detis T. Duhart, Ph.D.",,,,,,,,,,,,,,,,,,,
"Refer questions to:   (202) 307-0765 or askbjs@ojp.usdoj.gov",,,,,,,,,,,,,,,,,,,
"Date version:  12/20/01",,,,,,,,,,,,,,,,,,,
,,,,,,,,,,,,,,,,,,,
"Table 15. Victim-offender relationship in violent victimizations in the workplace by victim occupation,  1993-99",,,,,,,,,,,,,,,,,,,
,,,,,,,,,,,,,,,,,,,
,,"Percent of violent workplace victimizations in which offenders was---",,,,,,,,,,,,,,,,"Dont know # of","2+OFFENDERS"
"Victim's occupational field",,"Total",,,"Know",,,"Stranger",,,"Victim unsure",,,"Unknown Relationship",,,,,
,,,,,,,,,,,,,,,,,,,
"Medical",,100,"%",,36.4,"%",,56.0,"%",,0.8,"%",,6.8,"%",,,1.2,5.6
"Mental health",,100,,,68.7,,,24.6,,,0.4,,,6.3,,,,2.7,3.6
"Teaching",,100,,,68.6,,,19.5,,,1.8,,,10.2,,,,2.6,7.2
"Law enforcement",,100,,,13.4,,,73.2,,,1.4,,,12.0,,,,2.4,9.6
"Retail sales",,100,,,25.5,,,52.3,,,1.0,,,21.2,,,,1.3,19.9
"Transportation",,100,,,28.2,,,50.8,,,0.8,,,20.2,,,,2.9,17.3
"Other",,100,,,47.2,,,35.7,,,1.8,,,15.3,,,,1.8,13.5
