"Bureau of Justice Statistics",,
"Filename:  vw9903.csv",,
"Table 3.   Average annual rate of workplace victimization, by  demographic characteristics of the victims, 1993-99",,
"Title of Report: Violence in the Workplace, 1993-99, NCJ 190076",,
"Data source:  National Crime Victimization Survey",,
"Author: Detis T. Duhart, Ph.D.",,
"Refer questions to:   (202) 307-0765 or askbjs@ojp.usdoj.gov",,
"Date version:  12/20/01",,
,,
"Table 3.   Average annual rate of workplace victimization, by  demographic characteristics of the victims, 1993-99",,
,,
,,
,,"Rate per 1,000"
"Characteristic of victim",,"in the workforce"
,,
"All",,12.5
,,
"Gender",,
"     Male",,15.0
"     Female",,9.6
,,
"Race",,
"     White",,13.0
"     Black",,10.4
"     Other",,8.2
,,
"Ethnicity",,
"     Hispanic",,9.7
"     Non-Hispanic",,12.7
"     Unknown",,19.9
,,
"Age",,
"     12-19",,11.5
"     20-34",,16.0
"     35-49",,12.3
"     50-64",,7.8
"     65 or older",,3.9
,,
"Marital status",,
"     Never married",,14.1
"     Married",,11.3
"     Widowed",,4.7
"     Divorced or separated",,15.8
