Bureau of Justice Statistics,,,,,
Filename: fttv03t4.csv,,,,,
"Table 4. Comparing bench and jury tort trials terminated in U.S. district courts, by jurisdiction, 2002-03",,,,,
"Report Title: Federal Tort Trials and Verdicts, 2002-03   NCJ  208713",,,,,
"Data source: Federal Judicial Center, Integrated Data Base (Civil), fiscal years, 2002-03",,,,,
Refer questions to: askbjs@usdoj.gov  202-307-0765,,,,,
Author: Thomas H. Cohen,,,,,
Date of version: 07/26/2005,,,,,

"Table 4. Comparing bench and jury tort trials terminated in U.S. district courts, by jurisdiction, 2002-03",,,,,

,Tort trials terminated in U.S. district courts,,,,
Type of jurisdiction,Number of tort trials ,Jury trial,,Bench trial,

All tort trials,"1,647",71.4,%,28.6,%
Diversity of  citizenship,,,,,
Federal question,"1,091",87.2, %,12.8, %
U.S. defendant,345,61.4,,38.6,
U.S. plaintiff,205,4.9,,95.1,
,6, **,, **,
Note: Detail may not sum to total because of rounding.,,,,,
**Too few cases to obtain statistically reliable data. ,,,,,
"Source: Federal Judicial Center, Integrated Data Base (Civil), fiscal years, 2002-03.",,,,,
