Bureau of Justice Statistics,,,
Filename: fttv03t2.csv,,,
"Table 2. The origin of tort trials terminated in U.S. district courts, 2002-03",,,
"Report Title: Federal Tort Trials and Verdicts, 2002-03   NCJ  208713",,,
"Data source: Federal Judicial Center, Integrated Data Base (Civil), fiscal years, 2002-03",,,
Refer questions to: askbjs@usdoj.gov  202-307-0765,,,
Author: Thomas H. Cohen,,,
Date of version: 07/26/2005,,,

"Table 2. The origin of tort trials terminated in U.S. district courts, 2002-03",,,

,Tort cases terminated by trial in U.S. district courts,,
Origin,Number,Percent,
Total,"1,647",100,%
Original proceeding in district courts,"1,057",64.2,%
Removed from State court,402,24.4,
Reopened or reinstated,129,7.8
Transfer from another district,41,2.5
Remanded from appellate court,17,1
Multidistrict litigation,1,0.1

Note: Detail may not sum to total because of rounding.,,
"Source: Federal Judicial Center, Integrated Data Base (Civil), fiscal years, 2002-03.",,
