Bureau of Justice Statistics,,,
Filename: fttv03bt.csv,,,
"Box table. Medical malpractice trials in U.S. district courts, 1990-03",,,
"Report Title: Federal Tort Trials and Verdicts, 2002-03   NCJ  208713",,,
"Data source: Federal Judicial Center, Integrated Data Base (Civil), fiscal years, 1990-03",,,
Refer questions to: askbjs@usdoj.gov  202-307-0765,,,
Author: Thomas H. Cohen,,,
Date of version: 07/26/2005,,,

"Box table.  Medical malpractice trials in U.S. district courts, 1990-03",,,
,,Trials with plaintiff award winners,
Fiscal year,Medical malpractice trials,Number,Estimated median award
1990,164,50,"$1,565,000 "
1991,151,40,"$2,072,000 "
1992,143,43,"$354,000 "
1993,137,37,"$419,000 "
1994,151,38,"$306,000 "
1995,132,38,"$805,000 "
1996,115,35,"$401,000 "
1997,108,26,"$476,000 "
1998,117,33,"$748,000 "
1999,109,37,"$580,000 "
2000,98,23,"$535,000 "
2001,97,22,"$454,000 "
2002,75,25,"$510,000 "
2003,88,24,"$1,350,000 "
Note. Monetary damage awards are estimates rather than exact award amounts. Damage awards adjusted for inflation in 2003 dollars. Award data are rounded to the nearest thousand.  ,,,
"Source: Federal Judicial Center, Integrated Data Base (Civil), fiscal years, 1990-2003.",,,
