Bureau of Justice Statistics,,,,,,
Filename: fttv03t10.csv,,,,,,
"Table 10. Plaintiff winners and award amounts in tort trials involving diversity of citizenship terminated in U.S. district courts, 2002-03",,,,,,
"Report Title: Federal Tort Trials and Verdicts, 2002-03   NCJ  208713",,,,,,
"Data source: Federal Judicial Center, Integrated Data Base (Civil), fiscal years, 2002-03",,,,,,
Refer questions to: askbjs@usdoj.gov  202-307-0765,,,,,,
Author: Thomas H. Cohen,,,,,,
Date of version: 07/26/2005,,,,,,

"Table 10. Plaintiff winners and award amounts in tort trials involving diversity of citizenship terminated in U.S. district courts, 2002-03",,,,,,
,Diversity of citizenship tort trials terminated in U.S. district courts,,,,,
Type of tort cases,Number of jury and bench trials terminated,Percent of plaintiff winners/a ,,Number of plaintiff winners,Number of plaintiff monetary awards/b,Estimated median award/c
All tort trials,"1,002",44.6,%,447,367,"$232,000 "
Personal injury,,,,,,
Total,896,43.9,%,393,325,"$185,000 "
Airplane,10,50,,5,5,**
Assault/libel/slander,24,41.7,,10,7,**
Federal employers' liability,0,0,,0,0,0
Marine,15,60,,9,7,**
Motor vehicles,243,54.7,,133,114,"$159,000 "
Medical malpractice,95,27.4,,26,24,"$663,000 "
Product liability,186,32.3,,60,51,"$360,000 "
Airplane,2,**,,1,1,**
Marine,2,**,,0,0,0
Motor vehicles,23,43.5,,10,10,"$548,000 "
Asbestos,0,0,,0,0,0
Other,159,30.8,,49,40,"$360,000 "
Other personal injury,323,46.4,,150,117,"$90,000 "
Property damage,,,,,,
Total,106,50.9,%,54,42,"$577,000 "
Fraud,46,60.9,,28,21,"$700,000 "
Truth-in-lending,0,0,,0,0,0
Product liability,21,33.3,,7,6,**
Other property damage,39,48.7,,19,15,"$233,000 "
Note: Data for plaintiff winners were available for 91.8% of Federal tort trials in which jurisdiction was based on diversity of citizenship. Award data are rounded to the nearest thousand.,,,,,,
Detail may not sum to total because of rounding.,,,,,,
**Too few cases to obtain statistically reliable data.,,,,,,
a/The plaintiff winner statistic does not include tort trials in which both the plaintiff and the defendant won.,,,,,,
"b/Award data were not available for all plaintiff winners because the award field is not mandatory for data entry. In addition, some plaintiff winners were awarded attorneys' fees and court costs, while others were awarded a judgment in the form of an injunction. These plaintiffs were also not counted as award winners.",,,,,,
c/Monetary damage awards are estimates rather than exact award amounts. These awards include both compensatory (economic and noneconomic) and punitive damage awards. Punitive damages could not be calculated separately from the actual monetary damage award because punitive award data are not available in the integrated Federal data file. ,,,,,,
"Source: Federal Judicial Center, Integrated Data Base (Civil), fiscal years, 2002-2003.",,,,,,
