Bureau of Justice Statistics,,
Filename: fttv03t7.csv,,
"Table 7. Award amounts for plaintiff winners, by nature of suit, for tort cases terminated by trial in U.S. district courts, 2002-03",,
"Report Title: Federal Tort Trials and Verdicts, 2002-03   NCJ  208713",,
"Data source: Federal Judicial Center, Integrated Data Base (Civil), fiscal years, 2002-03",,
Refer questions to: askbjs@usdoj.gov  202-307-0765,,
Author: Thomas H. Cohen,,
Date of version: 07/26/2005,,

"Table 7. Award amounts for plaintiff winners, by nature of suit, for tort cases terminated by trial in U.S. district courts, 2002-03",,
Type of tort cases,Number of trials with monetary awards to plaintiff,Estimated median monetary wards to plaintiff winners*
All tort trials,590,"$201,000 "
Personal injury,,
Total,527,"$181,000 "
Airplane,7,**
Assault/libel/slander,10,"$115,000 "
Federal employers' liability,43,"$124,000 "
Marine,55,"$203,000 "
Motor vehicles,152,"$164,000 "
Medical malpractice,49,"$600,000 "
Product liability,55,"$350,000 "
Airplane,1,**
Marine,0,0
Motor vehicles,11,"345,000"
Asbestos,0,0
Other,43,"350,000"
Other personal injury,156,"90,000"
Property damage,,
Total,63,"$321,000 "
Fraud,28,"701,000"
Truth-in-lending,4,**
Product liability,7,**
Other property damage,24,"215,000"
"Note: Award data were not available for all plaintiff winners because the award field is not mandatory for data entry. In addition, some plaintiff winners were awarded attorneys' fees and court costs, while others were awarded a judgment in the form of an injunction. These plaintiffs were also not counted as award winners.  Detail may not sum to total because of rounding. Award data are rounded to the nearest thousand. ",,
*Monetary damage awards are estimates rather than exact award amounts. These awards include both compensatory (economic and noneconomic) and punitive damage awards. Punitive damages could not be calculated separately from the actual monetary damage award because punitive damage award data were not available in the integrated Federal data file.  ,,
"**Too few cases to obtain statistically reliable data.  Source: Federal Judicial Center, Integrated Data Base (Civil), fiscal years, 2002-03.",,
