Bureau of Justice Statistics,
Filename: fttv03f3.csv,
Figure 3. Percent of Federal tort trials in U.S. district courts terminated,
"Report Title: Federal Tort Trials and Verdicts, 2002-03   NCJ  208713",
"Data source: Federal Judicial Center, Integrated Data Base (Civil), fiscal years, 1970-03",
Refer questions to: askbjs@usdoj.gov  202-307-0765,
Author: Thomas H. Cohen,
Date of version: 07/26/2005,

Percent of Federal tort trials in U.S. district courts terminated,
Time to termination,
1 year,17%
2 years,66%
3 years,88%
4 years,95%
5 years,98%
More than 5 years,100%
