Bureau of Justice Statistics,,,
Filename: fttv03t13.csv,,,
"Table 13. Plaintiff winners and number of cases with damage awards in asbestos product liability trials terminated in U.S. district courts, 1990-2003",,,
"Report Title: Federal Tort Trials and Verdicts, 2002-03   NCJ  208713",,,
"Data source: Federal Judicial Center, Integrated Data Base (Civil), fiscal years, 1990-03",,,
Refer questions to: askbjs@usdoj.gov  202-307-0765,,,
Author: Thomas H. Cohen,,,
Date of version: 07/26/2005,,,

"Table 13. Plaintiff winners and number of cases with damage awards in asbestos product liability trials terminated in U.S. district courts, 1990-2003",,,
Fiscal year,Number of asbestos product liability trials/a,Number of plaintiff winners in asbestos product liability trials/b,Plaintiff winners in asbestos product liability trials awarded damages/c
1990,87,43,38
1991,271,232,228
1992,29,12,2
1993,2,2,2
1994,1,1,1
1995,3,2,1
1996,5,2,2
1997,8,3,1
1998,10,9,8
1999,1,1,1
2000,0,0,0
2001,4,3,3
2002,0,0,0
2003,0,0,0
a/The number of asbestos product liability trials is limited to those with a known judgment.,,,
b/The plaintiff winner statistic does not include tort trials in which both the plaintiff and defendant won.   ,,,
"c/Award data were not available for all plaintiff winners because the award field is not mandatory for data entry. In addition, some plaintiff winners were awarded attorneys' fees and court costs, while others were awarded a judgment in the form of an injunction. These plaintiffs were also not counted as award winners. Median damage award data are not presented because there were too few asbestos trials in which plaintiffs were awarded damages.",,,
"Source: Federal Judicial Center, Integrated Data Base (Civil), fiscal years, 1990-03",,,
