Bureau of Justice Statistics,,
Filename: tcdca12t07.csv,,
"Table 5. Full-time equivalent sworn tribal law enforcement officers in the 20 largest tribal police departments, 2008 ",,
"Report title: Tribal Crime Data Collection Activities, 2012  NCJ 239077",,
"Data source: Census of State and Local Law Enforcement Agencies, 2008",,
Author:  Steven Perry,,
Refer questions to: askbjs@usdoj.gov or (202) 307-0765,,
Date of version: 10/5/2012,,
,,
"Table 5. Full-time equivalent sworn tribal law enforcement officers in the 20 largest tribal police departments, 2008 ",,
Police department,,Full-time equivalent officers
,All tribal police departments,"3,043"
20 largest tribal police departments,,"1,358"
,"Navajo Nation Tribal Department of Law Enforcement (AZ, NM, UT, and  CO)",393
,Seminole Tribal Police Department (FL) ,144
,Salt River Tribal Police Department (AZ),125
,Gila River Tribal Police Department (AZ),93
,Tohono O'Odham Tribal Police (AZ),66
,Choctaw Tribal Police Department (MS),50
,Oglala Sioux Tribe Department of Public Safety (SD),49
,Cherokee Tribal Police Department (NC),45
,Poarch Creek Tribal Police Dept (AL)*,45
,Muscogee Creek Nation Tribal Police (OK),39
,Miccosukee Tribal Police Department (FL),36
,Choctaw Nation Tribal Police Department (OK),32
,Cherokee Nation Tribal Marshal Service (OK),32
,Colville Tribal Police Department (WA),32
,White Mountain Apache Tribal Police Department (AZ),30
,Saginaw Chippewa Tribal Police Department (MI),30
,Warm Springs Tribal Police Department (OR),30
,Tulalip Tribal Police (WA),30
,Isleta Tribal Police Department (NM),29
,Yakama Nation Tribal Police (WA),28
*Poarch Creek Tribal Police Department employed 33 full-time sworn officers and 23 part-time sworn officers.,,
"Source: Bureau of Justice Statistics, Census of State and Local Law Enforcement Agencies, 2008.",,
