Bureau of Justice Statistics,,,,,,,
Filename: tcdca12t09.csv,,,,,,,
"Table 9. Suspects in matters investigated by U.S. Attorneys, by offense, 2010",,,,,,,
"Report title: Tribal Crime Data Collection Activities, 2012  NCJ 239077",,,,,,,
Data source: Federal Justice Statistics Program,,,,,,,
Author:  Steven Perry,,,,,,,
Refer questions to: askbjs@usdoj.gov or (202) 307-0765,,,,,,,
Date of version: 10/5/2012,,,,,,,
,,,,,,,
"Table 9. Suspects in matters investigated by U.S. Attorneys, by offense, 2010",,,,,,,
, Total ,,,,Indian country,,
Lead charge,Number,Percent,,,Number,Percent,
All offenses,"195,260",100,%,,"2,283",100,%
Violent,"6,353",3.3,%,,"1,479",66.5,%
Property,"28,931",15,,,295,13.3,
Drugs,"37,359",19.3,,,201,9,
Public order,"24,632",12.7,,,192,8.6,
Weapons,"11,484",5.9,,,52,2.3,
Immigration,"84,606",43.8,,,6,0.3,
"Note: Percentages based on matters with non-missing offense type: 1,895 total matters missing information on lead charge; 58 Indian country matters missing information on lead charge.",,,,,,,
"Source: Bureau of Justice Statistics, Federal Justice Statistics Program (FJSP); and Executive Office for U.S. Attorneys, National LIONS data base, fiscal year 2010.",,,,,,,
