Bureau of Justice Statistics,,,,,,,,,,,
Filename: vfluct13.csv,,,,,,,,,,,
"Table 13. Adjudication method for violent felons in the 75 largest counties, by most serious conviction charge, 1990-2002 ",,,,,,,,,,,
Report title: Violent Felons in Large Urban Counties,,,,,,,,,,,
"Data source: State Court Processing Statistics, 1990-2002",,,,,,,,,,,
Refer questions to: askbjs@usdoj.gov  202-307-0765,,,,,,,,,,,
Author:  Brian A. Reaves,,,,,,,,,,,
Date of version:  07/21/06,,,,,,,,,,,

"Table 13. Adjudication method for violent felons in the 75 largest counties, by most serious conviction charge, 1990-2002 ",,,,,,,,,,,
,,Percent of violent felons in the 75 largest counties,,,,,,,,,
,,,,,,Trial conviction,,,,,
Most serious conviction charge,Number,Total,,Guilty plea,,Total,,Bench ,,Jury,
All violent felonies,"32,653",100,%,88,%,12,%,4,%,8,%
Murder,"1,069",100,%,59,%,41,%,3,%,38,%
Rape,"1,979",100,,88,,12,,2,,10,
Robbery,"10,090",100,,88,,12,,4,,9
Assault,"12,888",100,,89,,11,,5,,6
Other violent,"6,627",100,,92,,8,,3,,5
Note: Data on adjudication method were available for 99.6% of all cases.,,,,,,,,,,
