Bureau of Justice Statistics,,,,,,,,,,,,,
Filename: vfluct15.csv,,,,,,,,,,,,,
"Table 15. Most severe type of sentence received by convicted felons in the 75 largest counties, by most serious conviction offense, 1990-2002 ",,,,,,,,,,,,,
Report title: Violent Felons in Large Urban Counties,,,,,,,,,,,,,
"Data source: State Court Processing Statistics, 1990-2002",,,,,,,,,,,,,
Refer questions to: askbjs@usdoj.gov  202-307-0765,,,,,,,,,,,,,
Author:  Brian A. Reaves,,,,,,,,,,,,,
Date of version:  07/21/06,,,,,,,,,,,,,

"Table 15. Most severe type of sentence received by convicted felons in the 75 largest counties, by most serious conviction offense, 1990-2002 ",,,,,,,,,,,,,
,,Percent of violent felons in the 75 largest counties sentenced to �,,,,,,,,,,,
,,Incarceration,,,,,,Nonincarceration,,,,,
Most serious conviction charge,Number,Total ,,Prison,,Jail,,Total,,Probation,,Other,
All violent felonies,"30,892",81,%,50,%,31,%,19,%,19,%,--,%
Murder,934,98,%,96,%,2,%,2,%,2,%,0,%
Rape,"1,836",83,,62,,21,,17,,17,,0,
Robbery,"9,480",89,,69,,20,,11,,11,,--
Assault,"12,364",77,,38,,38,,23,,23,,--
Other violent,"6,280",76,,35,,41,,24,,24,,1
Note: Data on sentencing outcome were available for 94% of all cases.,,,,,,,,,,,,
--Less than 0.5%.,,,,,,,,,,,,
