Bureau of Justice Statistics,,,,,,,,,,,,,
Filename: vfluct05.csv,,,,,,,,,,,,,
"Table 5. Criminal justice status of violent felons in the 75 largest counties, at the time of arrest, by most serious conviction charge, 1990-2002   ",,,,,,,,,,,,,
Report title: Violent Felons in Large Urban Counties,,,,,,,,,,,,,
"Data source: State Court Processing Statistics, 1990-2002",,,,,,,,,,,,,
Refer questions to: askbjs@usdoj.gov  202-307-0765,,,,,,,,,,,,,
Author:  Brian A. Reaves,,,,,,,,,,,,,
Date of version:  07/21/06,,,,,,,,,,,,,

"Table 5. Criminal justice status of violent felons in the 75 largest counties, at the time of arrest, by most serious conviction charge, 1990-2002   ",,,,,,,,,,,,,
,,Percent of violent felons in the 75 largest counties with an active criminal justice status at the time of arrest,,,,,,,,,,,
Most serious conviction charge,Number,Total,,Probation,,Pretrial release,,Parole,,In custody,,Fugitive,
All violent felonies,"29,098",36,%,18,%,12,%,7,%,2,%,2,%
Murder,943,36,%,15,%,13,%,8,%,4,%,3,%
Rape,"1,799",23,,10,,6,,6,,1,,--,
Robbery,"8,582",45,,20,,17,,11,,2,,3,
Assault,"11,818",35,,19,,11,,6,,2,,1
Other violent,"5,956",29,,17,,9,,3,,1,,1
Note: Data on criminal justice status at time of arrest were available for 89% of all cases. Detail may not add to total because some defendants had more than one type of status. ,,,,,,,,,,,,
--Less than 0.5%.,,,,,,,,,,,,
