Bureau of Justice Statistics,,,,,,,
Filename: vflucata.csv,,,,,,,
"Appendix Table A. Participating jurisdictions, State Court Processing Statistics, 1990-2002 ",,,,,,,
Report title: Violent Felons in Large Urban Counties,,,,,,,
"Data source: State Court Processing Statistics, 1990-2002",,,,,,,
Refer questions to: askbjs@usdoj.gov  202-307-0765,,,,,,,
Author:  Brian A. Reaves,,,,,,,
Date of version:  07/21/06,,,,,,,

"Appendix Table A. Participating jurisdictions, State Court Processing Statistics, 1990-2002 ",,,,,,,
County (State),1990,1992,1994,1996,1998,2000,2002
Jefferson (AL),,,X,X,X,X,X
Maricopa (AZ),X,X,X,X,X,X,X
Pima (AZ),,,X,X,X,X,X
Alameda (CA),,,X,X,X,X,X
Contra Costa (CA),,,,,,X,X
Los Angeles (CA),X,X,X,X,X,X,X
Orange (CA),X,,,X,X,X,X
Riverside (CA),,,,,,X,X
Sacramento (CA),X,X,X,X,X,,
San Bernardino (CA),X,X,X,X,X,X,X
San Diego (CA),X,X,,,,X,X
San Francisco (CA),,X,X,X,X,,
San Mateo (CA),,,,,,X,X
Santa Clara (CA),X,X,X,X,X,X,X
Ventura (CA),,,X,X,X,,
New Haven (CT),,,,,,X,
Washington (DC),X,X,,,,,
Broward (FL),X,X,X,X,X,X,X
Duval (FL),X,X,,,,,
Miami-Dade (FL),X,X,X,X,X,X,X
Hillsborough (FL),X,X,X,X,X,,
Orange (FL),,,X,X,X,,
Palm Beach (FL),X,X,,,,X,X
Pinellas (FL),X,X,,,,X,X
Fulton (GA),X,X,,X,,X,X
Honolulu (HI),X,,X,X,,X,X
Cook (IL),X,X,X,X,X,X,X
DuPage (IL),,,X,X,X,,
Marion (IN),,,,X,X,X,X
Jefferson (KY),,,X,X,X,,
Essex (MA),X,X,,,,,
Middlesex (MA),,,X,,,,
Suffolk (MA),X,X,,,,,
Baltimore (MD),,,,,,X,X
Baltimore (city) (MD),,,X,X,X,,
Montgomery (MD),,X,,,X,X,X
Macomb (MI),,,,,,X,X
Wayne (MI),X,X,X,X,X,X,X
Jackson (MO),,,X,X,X,,
St. Louis (MO),X,X,X,X,X,,
Essex (NJ),X,X,X,,,X,X
Bronx (NY),X,X,X,X,X,X,X
Erie (NY),X,X,X,X,X,,
Kings (NY),X,X,X,X,X,X,X
Monroe (NY),X,X,X,X,X,,
Nassau (NY),,,,,,X,X
New York (NY),X,X,X,X,X,,
Queens (NY),X,X,X,X,X,,
Suffolk (NY),,,X,X,X,,
Westchester (NY),,,,,,X,X
Franklin (OH),,,,,,X,X
Hamilton (OH),X,X,X,X,X,,
Allegheny (PA),X,X,X,X,X,,
Montgomery (PA),X,X,,,,,X
Philadelphia (PA),X,X,X,X,X,X,X
Shelby (TN),X,X,X,X,X,X,X
Dallas (TX),X,X,X,X,X,X,X
El Paso (TX),,,,,,X,X
Harris (TX),X,X,X,X,X,X,X
Tarrant (TX),X,X,,,,X,X
Travis (TX),,,,,,X,X
Salt Lake (UT),X,X,,,,X,X
Fairfax (VA),X,X,,,,X,X
King (WA),X,X,X,X,X,,
Milwaukee (WI),,X,X,X,X,,
