Bureau of Justice Statistics,,,,
Filename: vflucf02.csv,,,,
"Figure 2. Violent felons in the 75 largest counties who were denied bail or had bail set at $100,000 or more, 1990-2002 ",,,,
Report title: Violent Felons in Large Urban Counties,,,,
"Data source: State Court Processing Statistics, 1990-2002",,,,
Refer questions to: askbjs@usdoj.gov  202-307-0765,,,,
Author:  Brian A. Reaves,,,,
Date of version:  07/21/06,,,,

"Figure 2. Violent felons in the 75 largest counties who were denied bail or had bail set at $100,000 or more, 1990-2002 ",,,,
,Percent of violent felons,,,
Most serious conviction offense,Denied bail,,"Bail set at $100,000 or more",
Other violent,6,%,13.1,%
Assault,10.2,,11,
Robbery,13.1,,11.1,
Rape,11.1,,16.5,
Murder,40.2,,32.5
