Bureau of Justice Statistics,,,,,,,,,,,
Filename: vfluct14.csv,,,,,,,,,,,
"Table 14. Legal representation of violent felons in the 75 largest counties, at time of conviction, by most serious conviction charge, 1990-2002 ",,,,,,,,,,,
Report title: Violent Felons in Large Urban Counties,,,,,,,,,,,
"Data source: State Court Processing Statistics, 1990-2002",,,,,,,,,,,
Refer questions to: askbjs@usdoj.gov  202-307-0765,,,,,,,,,,,
Author:  Brian A. Reaves,,,,,,,,,,,
Date of version:  07/21/06,,,,,,,,,,,

"Table 14. Legal representation of violent felons in the 75 largest counties, at time of conviction, by most serious conviction charge, 1990-2002 ",,,,,,,,,,,
,,Percent of violent felons in the 75 largest counties,,,,,,,,,
Most serious conviction charge,Number,Total,,Public defender,,Private attorney,,Assigned counsel,,Other,
All violent felonies,"24,289",100,%,59,%,21,%,20,%,--,%
Murder,680,100,%,44,%,24,%,32,%,0,%
Rape,"1,374",100,,46,,26,,28,,--,
Robbery,"6,875",100,,60,,16,,24,,--,
Assault,"10,077",100,,60,,21,,18,,--
Other violent,"5,324",100,,59,,26,,15,,--
Note: Detail may not add to total because of rounding. Data on type of legal representation were available for 74% of all cases.,,,,,,,,,,
--Less than 0.5%.,,,,,,,,,,
