Bureau of Justice Statistics,,,,,,,,
Filename: vflucf01.csv,,,,,,,,
"Figure 1. Race distribution of violent felons in the 75 largest counties, by age at arrest, 1990-2002 ",,,,,,,,
Report title: Violent Felons in Large Urban Counties,,,,,,,,
"Data source: State Court Processing Statistics, 1990-2002",,,,,,,,
Refer questions to: askbjs@usdoj.gov  202-307-0765,,,,,,,,
Author:  Brian A. Reaves,,,,,,,,
Date of version:  07/21/06,,,,,,,,

"Figure 1. Race distribution of violent felons in the 75 largest counties, by age at arrest, 1990-2002 ",,,,,,,,
,Percent of violent felons,,,,,,,
Age at arrest,"White, non-Hispanic",,"Black, non-Hispanic",,"Other race, non-Hispanic",,"Hispanic, any race",
Under 18,12.7,%,55.7,%,2.2,%,29.4,%
18-20,18.7,,42.7,,4.5,,34.2,
21-24,23.0,,40.4,,3.7,,32.9,
25-29,23.6,,40.1,,3.9,,32.4,
30-34,30.2,,39.2,,3.5,,27.1
35-39,35.7,,37.4,,3.5,,23.4
40 or older,39.3,,34.1,,4.0,,22.6
