Bureau of Justice Statistics,,,,,,,,,,,,,
Filename: vfluct11.csv,,,,,,,,,,,,,
"Table 11. Pretrial release and detention of violent felons in the 75 largest counties, by most serious conviction charge, 1990-2002   ",,,,,,,,,,,,,
Report title: Violent Felons in Large Urban Counties,,,,,,,,,,,,,
"Data source: State Court Processing Statistics, 1990-2002",,,,,,,,,,,,,
Refer questions to: askbjs@usdoj.gov  202-307-0765,,,,,,,,,,,,,
Author:  Brian A. Reaves,,,,,,,,,,,,,
Date of version:  07/21/06,,,,,,,,,,,,,

"Table 11. Pretrial release and detention of violent felons in the 75 largest counties, by most serious conviction charge, 1990-2002   ",,,,,,,,,,,,,
,,Percent of violent felons in the 75 largest counties,,,,,,,,,,,
,,Released before case disposition,,,,,,Detained until case disposition,,,,,
Most serious conviction charge ,Number ,Total released,,Financial release,,Non-financial release,,Total detained,,Held on bail,,Denied bail,
All violent felonies,"32,021",38,%,23,%,15,%,62,%,50,%,11,%
Murder,"1,049",12,%,9,%,3,%,88,%,48,%,40,%
Rape,"1,922",38,,23,,15,,62,,51,,11,
Robbery,"9,875",28,,16,,12,,72,,59,,13
Assault,"12,705",43,,27,,16,,57,,47,,10
Other violent,"6,470",49,,29,,20,,51,,44,,6
Note: Data on pretrial release outcome were available for 98% of all cases. ,,,,,,,,,,,,
Detail may not add to total because of rounding.,,,,,,,,,,,,
