"Bureau of Justice Statistics",,,,,,,,,,,
"filename:  cv0128.csv",,,,,,,,,,,
"Table 28: Number of victimizations and victimization rates for persons age 12 and over, by type of crime and victim-offender relationship",,,,,,,,,,,
"data source: National Criminal Victimization Survey, 2001   NCJ 197064",,,,,,,,,,,
"produced by:  Cathy Maston ",,,,,,,,,,,
"authors:  Patsy Klaus and Cathy Maston",,,,,,,,,,,
"refer questions to:  askbjs@ojp.usdoj.gov     202-307-0765",,,,,,,,,,,
"date of version: 10/31/02",,,,,,,,,,,
,,,,,,,,,,,
"Table 28. Personal crimes of violence, 2001: Number of victimizations and victimization rates for persons age 12 and over, by type of crime and victim-offender relationship",,,,,,,,,,,
,,,,,,,,,,,
"    ",,"                                                                Rate per 1,000 persons age 12 and over",,,,,,,,,
,,"                      Total",,"            Involving strangers",,,,"      Involving nonstrangers",,,
"Type of crime","Total population","Number","Rate","Number",,"Rate",,"Number",,"Rate",
,,,,,,,,,,,
"Crimes of violence",229215290,5743820,25.1,2804800,,12.2,,2939030,,12.8,
,,,,,,,,,,,
"   Completed violence",,1828280,8.0,850510,,3.7,,977770,,4.3,
"   Attempted/threatened violence",,3915540,17.1,1954290,,8.5,,1961260,,8.6,
"   Rape/Sexual assault",,248250,1.1,90030,,0.4,,158220,,0.7,
"      Rape/Attempted rape",,146240,0.6,48740,,0.2,,97500,,0.4,
"         Rape",,83620,0.4,25520,"*",0.1,"*",58100,,0.3,
"         Attempted rape/a",,62620,0.3,23220,"*",0.1,"*",39400,,0.2,
"      Sexual assault/b",,102010,0.4,41290,,0.2,,60720,,0.3,
"   Robbery",,630690,2.8,494500,,2.2,,136190,,0.6,
"      Completed/property taken",,426680,1.9,326130,,1.4,,100550,,0.4,
"         With injury",,173730,0.8,120870,,0.5,,52870,,0.2,
"         Without injury",,252950,1.1,205270,,0.9,,47690,,0.2,
"      Attempted to take property",,204000,0.9,168360,,0.7,,35640,,0.2,
"         With injury",,67740,0.3,48420,,0.2,,19320,"*",0.1,"*"
"         Without injury",,136260,0.6,119940,,0.5,,16320,"*",0.1,"*"
"   Assault",,4864890,21.2,2220270,,9.7,,2644620,,11.5,
"      Aggravated",,1222160,5.3,669000,,2.9,,553170,,2.4,
"         With injury",,391530,1.7,206320,,0.9,,185210,,0.8,
"         Threatened with weapon",,830630,3.6,462670,,2.0,,367960,,1.6,
"      Simple",,3642720,15.9,1551280,,6.8,,2091450,,9.1,
"         With minor injury",,844940,3.7,265090,,1.2,,579850,,2.5,
"         Without injury",,2797780,12.2,1286190,,5.6,,1511590,,6.6,
,,,,,,,,,,,
"Note: Detail may not add to total shown because of rounding.",,,,,,,,,,,
"*Estimate is based on about 10 or fewer sample cases.",,,,,,,,,,,
"a/Includes verbal threats of rape.",,,,,,,,,,,
"b/Includes threats.",,,,,,,,,,,
