"Bureau of Justice Statistics",,,,,,,,,,,
"filename:  cv0136.csv",,,,,,,,,,,
"Table 36: Percent distribution of incidents, by type of crime and number of victims",,,,,,,,,,,
"data source: National Criminal Victimization Survey, 2001   NCJ 197064",,,,,,,,,,,
"produced by:  Cathy Maston ",,,,,,,,,,,
"authors:  Patsy Klaus and Cathy Maston",,,,,,,,,,,
"refer questions to:  askbjs@ojp.usdoj.gov     202-307-0765",,,,,,,,,,,
"date of version: 10/31/02",,,,,,,,,,,
,,,,,,,,,,,
"Table 36. Personal crimes of violence, 2001: Percent distribution of incidents, by type of crime and number of victims",,,,,,,,,,,
,,,,,,,,,,,
,,"                                               Percent of incidents",,,,,,,,,
,,,,"                                    Number of victims",,,,,,,
,,,,,,,,,,,
"Type of crime","Number of   incidents","Total/a",,"  One",,"  Two",,"  Three",,"Four or more",
,,,,,,,,,,,
"Crimes of violence",5313040,100,"%",94.0,"%",4.8,"%",0.7,"%",0.5,"%*"
,,,,,,,,,,,
"   Completed violence",1673990,100,,93.0,,5.7,,0.9,"*",0.3,"*"
"   Attempted/threatened violence",3639040,100,,94.5,,4.3,,0.6,"*",0.6,"*"
"   Rape/Sexual assault/b",240980,100,,97.5,,2.3,"*","0.0","*",0.2,"*"
"   Robbery",587910,100,,94.5,,4.5,"*",0.6,"*",0.3,"*"
"      Completed/property taken",391860,100,,93.6,,5.2,"*",0.8,"*",0.5,"*"
"         With injury",159670,100,,94.9,,3.6,"*",0.6,"*",0.8,"*"
"         Without injury",232190,100,,92.6,,6.3,"*",0.9,"*",0.2,"*"
"      Attempted to take property",196050,100,,96.4,,3.2,"*",0.4,"*","0.0","*"
"         With injury",63900,100,,95.3,,3.4,"*",1.3,"*","0.0","*"
"         Without injury",132140,100,,96.9,,3.1,"*","0.0","*","0.0","*"
"   Assault",4484130,100,,93.8,,4.9,,0.8,,0.5,"*"
"      Aggravated",1073410,100,,90.2,,7.5,,1.3,"*",1.0,"*"
"      Simple",3410720,100,,94.9,,4.1,,0.6,"*",0.4,"*"
,,,,,,,,,,,
"Note: Detail may not add to total shown because of rounding.",,,,,,,,,,,
"*Estimate is based on about 10 or fewer sample cases.",,,,,,,,,,,
"a/Excludes incidents for which the number of victims was not ascertained.",,,,,,,,,,,
"b/Includes verbal threats of rape and threats of sexual assault.",,,,,,,,,,,
