"Bureau of Justice Statistics",,,,,,,,,,,
"filename:  cv0127.csv",,,,,,,,,,,
"Table 27: Number and percent distribution of incidents, by type of crime and victim-offender relationship",,,,,,,,,,,
"data source: National Criminal Victimization Survey, 2001   NCJ 197064",,,,,,,,,,,
"produced by:  Cathy Maston ",,,,,,,,,,,
"authors:  Patsy Klaus and Cathy Maston",,,,,,,,,,,
"refer questions to:  askbjs@ojp.usdoj.gov     202-307-0765",,,,,,,,,,,
"date of version: 10/31/02",,,,,,,,,,,
,,,,,,,,,,,
"Table 27. Personal crimes of violence, 2001: Number and percent distribution of incidents, by type of crime and victim-offender relationship",,,,,,,,,,,
,,,,,,,,,,,
,"                                                                                                Percent of incidents",,,,,,,,,,
,"              All incidents",,,"          Involving strangers",,,,"      Involving nonstrangers",,,
"Type of crime         ","    Number","Percent",,"    Number",,"Percent",,"    Number",,"Percent",
,,,,,,,,,,,
"Crimes of violence",5315500,100,"%",2554410,,48.1,"%",2761090," ",51.9,"%"
,,,,,,,,,,,
"   Completed violence",1676460,100,,752710,,44.9,,923740,,55.1,
"   Attempted/threatened violence",3639040,100,,1801700,,49.5,,1837350,,50.5,
"   Rape/Sexual assault",240980,100,,85780,,35.6,,155200,,64.4,
"      Rape/Attempted rape",142950,100,,45450,,31.8,,97500,,68.2,
"         Rape",80330,100,,22230,"*",27.7,"*",58100,,72.3,
"         Attempted rape/a",62620,100,,23220,"*",37.1,"*",39400,,62.9,
"      Sexual assault/b",98040,100,,40330,,41.1,,57710,,58.9,
"   Robbery",590380,100,,459580,,77.8,,130800,,22.2,
"      Completed/property taken",394330,100,,299170,,75.9,,95160,,24.1,
"         With injury",162140,100,,109270,,67.4,,52870,,32.6,
"         Without injury",232190,100,,189900,,81.8,,42290,,18.2,
"      Attempted to take property",196050,100,,160410,,81.8,,35640,,18.2,
"         With injury",63910,100,,44590,,69.8,,19320,"*",30.2,"*"
"         Without injury",132140,100,,115820,,87.6,,16320,"*",12.4,"*"
"   Assault",4484140,100,,2009050,,44.8,,2475090,,55.2,
"      Aggravated",1073410,100,,575490,,53.6,,497920,,46.4,
"         With injury",333740,100,,167490,,50.2,,166250,,49.8,
"         Threatened with weapon",739670,100,,408000,,55.2,,331670,,44.8,
"      Simple",3410730,100,,1433560,,42.0,,1977170,,58.0,
"         With minor injury",789570,100,,236370,,29.9,,553200,,70.1,
"         Without injury",2621160,100,,1197190,,45.7,,1423970,,54.3,
,,,,,,,,,,,
"Note: Detail may not add to total shown because of rounding.",,,,,,,,,,,
"*Estimate is based on about 10 or fewer sample cases.",,,,,,,,,,,
"a/Includes verbal threats of rape.",,,,,,,,,,,
"b/Includes threats.",,,,,,,,,,,
