"Bureau of Justice Statistics",,,,,,,,
"filename:  cpu97706.csv",,,,,,,,
"table: 7.6",,,,,,,,
"report title: Correctional Populations in the United States, 1997  chapter 7  NCJ 177613",,,,,,,,
"data sources:  National Prisoner Statistics 8, 1997",,,,,,,,
"author: Tracy L. Snell",,,,,,,,
"refer questions to: askbjs@ojp.usdoj.gov (202) 307-0765",,,,,,,,
"date of version: 9-8-00",,,,,,,,
,,,,,,,,
"Table 7.6.  Age of prisoners under sentence of death, 1997",,,,,,,,
,,,,,,,,
,"Prisoners under sentence of death",,,,,,,
"Region","All","Under","20 to","25 to","30 to","35 to","40 to","55 years"
"and State","ages","20 years","24 years","29 years","34 years","39 years","54 years","and older"
,,,,,,,,
"All prisoners",,,,,,,,
"U.S. total",3335,14,275,497,578,727,1091,153
,,,,,,,,
"Federal",15,0,3,4,4,1,3,0
"State",3320,14,272,493,574,726,1088,153
,,,,,,,,
"Northeast",232,0,6,40,46,56,74,10
"Connecticut",4,0,0,2,0,2,0,0
"New Jersey",14,0,0,2,3,2,5,2
"Pennsylvania",214,0,6,36,43,52,69,8
,,,,,,,,
"Midwest",481,2,32,55,103,103,164,22
"Illinois",159,1,7,19,35,32,61,4
"Indiana",44,0,0,5,13,10,15,1
"Missouri",88,1,5,9,19,20,27,7
"Nebraska",11,0,1,1,0,1,6,2
"Ohio",177,0,19,21,36,40,53,8
"South Dakota",2,0,0,0,0,0,2,0
,,,,,,,,
"South",1838,11,197,299,310,386,558,77
"Alabama",159,1,18,35,20,31,45,9
"Arkansas",38,1,5,5,7,8,10,2
"Delaware",15,0,4,3,4,3,1,0
"Florida",370,1,26,41,68,81,137,16
"Georgia",115,0,8,21,13,27,40,6
"Kentucky",30,0,1,2,3,5,19,0
"Louisiana",70,2,14,6,17,14,16,1
"Maryland",17,0,1,4,3,4,5,0
"Mississippi",64,1,9,17,10,13,11,3
"North Carolina",176,1,14,31,34,40,46,10
"Oklahoma",137,0,10,25,22,34,35,11
"South Carolina",68,0,5,14,17,15,17,0
"Tennessee",98,0,6,6,12,23,47,4
"Texas",438,2,69,76,72,84,122,13
"Virginia",43,2,7,13,8,4,7,2
,,,,,,,,
"West",769,1,37,99,115,181,292,44
"Arizona",120,0,6,11,23,32,39,9
"California",486,0,20,58,68,116,196,28
"Colorado",4,0,1,0,1,0,2,0
"Idaho",19,0,1,1,0,5,12,0
"Montana",7,0,0,1,3,0,3,0
"Nevada",87,1,6,17,17,16,25,5
"New Mexico",4,0,1,1,0,1,1,0
"Oregon",20,0,2,4,1,5,7,1
"Utah",10,0,0,1,2,5,1,1
"Washington",12,0,0,5,0,1,6,0
,,,,,,,,
"Note: Of 39 juridictions with a death penalty statute, the following",,,,,,,,
"States reported no prisoners on death row at yearend 1997:",,,,,,,,
"New Hampshire, New York, Kansas, and Wyoming.",,,,,,,,
