"Bureau of Justice Statistics",,,,,,,
"filename:  cpu97707.csv",,,,,,,
"table: 7.7",,,,,,,
"report title: Correctional Populations in the United States, 1997  chapter 7  NCJ 177613",,,,,,,
"data sources:  National Prisoner Statistics 8, 1997",,,,,,,
"author: Tracy L. Snell",,,,,,,
"refer questions to: askbjs@ojp.usdoj.gov (202) 307-0765",,,,,,,
"date of version: 9-8-00",,,,,,,
,,,,,,,
"Table 7.7.  Level of education completed by prisoners under sentence of death, 1997",,,,,,,
,,,,,,,
,"Prisoners under sentence of death",,,,,,
"Region","Total","7th grade",,"9th to",,"Any","Not"
"and State","number","(or less)","8th grade","11th grade","12th grade","college","reported"
,,,,,,,
"U.S. total",3335,199,204,1065,1077,286,504
,,,,,,,
"Federal",15,0,1,3,1,1,9
"State",3320,199,203,1062,1076,285,495
,,,,,,,
"Northeast",232,19,11,61,72,16,53
"Connecticut",4,0,0,1,3,0,0
"New Jersey",14,2,1,3,1,1,6
"Pennsylvania",214,17,10,57,68,15,47
,,,,,,,
"Midwest",481,14,23,176,146,48,74
"Illinois",159,3,6,62,47,17,24
"Indiana",44,3,4,19,18,0,0
"Missouri",88,1,4,35,26,7,15
"Nebraska",11,1,1,2,3,4,0
"Ohio",177,6,8,58,50,20,35
"South Dakota",2,0,0,0,2,0,0
,,,,,,,
"South",1838,133,148,599,556,117,285
"Alabama",159,9,18,45,51,9,27
"Arkansas",38,2,2,15,9,4,6
"Delaware",15,0,1,4,0,0,10
"Florida",370,24,28,105,110,24,79
"Georgia",115,6,12,38,41,13,5
"Kentucky",30,2,9,5,8,4,2
"Louisiana",70,7,6,24,25,3,5
"Maryland",17,0,0,3,3,2,9
"Mississippi",64,6,5,26,6,4,17
"North Carolina",176,13,23,47,78,15,0
"Oklahoma",137,9,4,69,39,10,6
"South Carolina",68,3,2,12,10,0,41
"Tennessee",98,8,3,21,29,5,32
"Texas",438,37,28,171,134,22,46
"Virginia",43,7,7,14,13,2,0
,,,,,,,
"West",769,33,21,226,302,104,83
"Arizona",120,14,6,33,43,20,4
"California",486,13,12,154,192,55,60
"Colorado",4,0,0,0,4,0,0
"Idaho",19,1,1,3,8,5,1
"Montana",7,0,0,2,4,0,1
"Nevada",87,4,1,22,35,20,5
"New Mexico",4,0,0,2,1,1,0
"Oregon",20,0,1,3,6,2,8
"Utah",10,1,0,3,5,0,1
"Washington",12,0,0,4,4,1,3
,,,,,,,
"Note: Of 39 juridictions with a death penalty statute, the following",,,,,,,
"States reported no prisoners on death row at yearend 1997:",,,,,,,
"New Hampshire, New York, Kansas, and Wyoming.",,,,,,,
