"Bureau of Justice Statistics",,,,,,,
"filename:  cpu97718.csv",,,,,,,
"table: 7.18",,,,,,,
"report title: Correctional Populations in the United States, 1997  chapter 7  NCJ 177613",,,,,,,
"data sources:  National Prisoner Statistics 8, 1997",,,,,,,
"author: Tracy L. Snell",,,,,,,
"refer questions to: askbjs@ojp.usdoj.gov (202) 307-0765",,,,,,,
"date of version: 9-8-00",,,,,,,
,,,,,,,
"Table 7.18.  Time between sentencing and removal for prisoners",,,,,,,
"removed from death row, 1997",,,,,,,
,,,,,,,
"","Prisoners removed from death row",,,,,,
"Region",,"Less than","12-23","24-35","36-47","48-71 ","More than "
"and State","Total","12 months","months","months","months","months","71 months "
,,,,,,,
"All prisoners",,,,,,,
"U.S. total",163,2,7,13,12,15,114
,,,,,,,
"Northeast",4,0,0,0,0,2,2
"Pennsylvania",4,0,0,0,0,2,2
,,,,,,,
"Midwest",28,1,1,1,2,3,20
"Illinois",8,1,0,0,2,0,5
"Indiana",3,0,0,0,0,0,3
"Missouri",15,0,1,1,0,3,10
"Nebraska",1,0,0,0,0,0,1
"Ohio",1,0,0,0,0,0,1
,,,,,,,
"South",112,1,6,10,7,9,79
"Alabama",8,0,1,0,0,0,7
"Arkansas",5,0,0,0,0,0,5
"Florida",22,0,1,5,6,4,6
"Kentucky",1,0,0,0,0,0,1
"Louisiana",4,0,1,0,0,0,3
"Maryland",2,0,0,0,1,0,1
"North Carolina",7,0,2,1,0,2,2
"Oklahoma",8,0,0,4,0,1,3
"South Carolina",5,1,0,0,0,0,4
"Tennessee",2,0,0,0,0,0,2
"Texas",38,0,1,0,0,0,37
"Virginia",10,0,0,0,0,2,8
,,,,,,,
"West",19,0,0,2,3,1,13
"Arizona",9,0,0,2,2,0,5
"California",5,0,0,0,0,1,4
"Colorado",1,0,0,0,0,0,1
"Oregon",2,0,0,0,1,0,1
"Washington",2,0,0,0,0,0,2
,,,,,,,
"Note:  The following States with death penalty statutes reported no prisoners leaving death row in 1997:  Connecticut,",,,,,,,
"Delaware, Georgia, Idaho, Kansas, Mississippi, Montana, Nevada, New Hampshire, New Jersey, New Mexico, New York, ",,,,,,,
"South Dakota, Utah, and Wyoming.",,,,,,,
