"Bureau of Justice Statistics",,,,,,,,
"filename:  cpu97714.csv",,,,,,,,
"table: 7.14",,,,,,,,
"report title: Correctional Populations in the United States, 1997  chapter 7  NCJ 177613",,,,,,,,
"data sources:  National Prisoner Statistics 8, 1997",,,,,,,,
"author: Tracy L. Snell",,,,,,,,
"refer questions to: askbjs@ojp.usdoj.gov (202) 307-0765",,,,,,,,
"date of version: 9-8-00",,,,,,,,
,,,,,,,,
"Table 7.14.  Legal status at time of capital offense for prisoners ",,,,,,,,
"received from court under sentence of death, by race, 1997",,,,,,,,
,,,,,,,,
,"Prisoners under sentence of death who had the following legal status when they committed capital crimes",,,,,,,
"Region","Not charged with or sen-","Charged with ","Under sentence for another crime",,,,,"Legal status"
"and State","tenced for another crime","another crime","Total","On probation","On parole","Escaped","In prison","not reported"
,,,,,,,,
"All prisoners*",,,,,,,,
"U.S. total",145,19,67,19,38,2,8,25
,,,,,,,,
"Federal",2,0,1,0,0,0,1,0
"State",143,19,66,19,38,2,7,25
,,,,,,,,
"Northeast",5,2,4,2,2,0,0,2
"New Jersey",2,0,1,0,1,0,0,0
"Pennsylvania",3,2,3,2,1,0,0,2
,,,,,,,,
"Midwest",19,2,6,1,3,0,2,0
"Illinois",3,1,2,0,2,0,0,0
"Indiana",1,0,0,0,0,0,0,0
"Missouri",7,1,2,1,0,0,1,0
"Nebraska",1,0,0,0,0,0,0,0
"Ohio",6,0,2,0,1,0,1,0
"South Dakota",1,0,0,0,0,0,0,0
,,,,,,,,
"South",98,14,39,14,19,1,5,6
"Alabama",7,2,6,3,2,0,1,0
"Arkansas",3,0,1,0,1,0,0,1
"Delaware",3,0,1,0,0,0,1,0
"Florida",9,3,3,3,0,0,0,3
"Georgia",8,2,3,2,0,1,0,0
"Kentucky",2,0,0,0,0,0,0,0
"Louisiana",8,2,2,0,2,0,0,0
"Mississippi",6,0,1,0,0,0,1,0
"North Carolina",15,1,6,2,3,0,1,0
"Oklahoma",7,2,1,0,1,0,0,1
"South Carolina",2,0,3,0,3,0,0,0
"Tennessee",5,0,1,1,0,0,0,1
"Texas",22,2,8,1,6,0,1,0
"Virginia",1,0,3,2,1,0,0,0
,,,,,,,,
"West",21,1,17,2,14,1,0,17
"Arizona",0,0,0,0,0,0,0,8
"California",14,0,13,1,12,0,0,9
"Idaho",0,1,0,0,0,0,0,0
"Nevada",3,0,1,0,1,0,0,0
"Oregon",3,0,0,0,0,0,0,0
"Utah",0,0,1,0,1,0,0,0
"Washington",1,0,2,1,0,1,0,0
,,,,,,,,
"White prisoners",,,,,,,,
"U.S. total",84,6,39,7,26,2,4,17
,,,,,,,,
"Federal",2,0,0,0,0,0,0,0
"State",82,6,39,7,26,2,4,17
,,,,,,,,
"Northeast",3,0,2,0,2,0,0,1
"New Jersey",2,0,1,0,1,0,0,0
"Pennsylvania",1,0,1,0,1,0,0,1
,,,,,,,,
"Midwest",13,0,5,1,2,0,2,0
"Illinois",2,0,1,0,1,0,0,0
"Indiana",1,0,0,0,0,0,0,0
"Missouri",6,0,2,1,0,0,1,0
"Nebraska",1,0,0,0,0,0,0,0
"Ohio",2,0,2,0,1,0,1,0
"South Dakota",1,0,0,0,0,0,0,0
,,,,,,,,
"South",52,5,18,5,10,1,2,5
"Alabama",4,1,2,1,1,0,0,0
"Arkansas",1,0,0,0,0,0,0,0
"Delaware",2,0,1,0,0,0,1,0
"Florida",6,2,3,3,0,0,0,3
"Georgia",2,0,1,0,0,1,0,0
"Kentucky",2,0,0,0,0,0,0,0
"Louisiana",1,0,1,0,1,0,0,0
"Mississippi",4,0,0,0,0,0,0,0
"North Carolina",6,0,1,0,1,0,0,0
"Oklahoma",4,1,1,0,1,0,0,1
"South Carolina",1,0,2,0,2,0,0,0
"Tennessee",4,0,0,0,0,0,0,1
"Texas",14,1,5,1,3,0,1,0
"Virginia",1,0,1,0,1,0,0,0
,,,,,,,,
"West",14,1,14,1,12,1,0,11
"Arizona",0,0,0,0,0,0,0,7
"California",9,0,12,1,11,0,0,4
"Idaho",0,1,0,0,0,0,0,0
"Nevada",2,0,1,0,1,0,0,0
"Oregon",3,0,0,0,0,0,0,0
"Washington",0,0,1,0,0,1,0,0
,,,,,,,,
"Black prisoners",,,,,,,,
"U.S. total",61,12,26,12,10,0,4,7
,,,,,,,,
"Federal",0,0,1,0,0,0,1,0
"State",61,12,25,12,10,0,3,7
,,,,,,,,
"Northeast",2,2,2,2,0,0,0,1
"Pennsylvania",2,2,2,2,0,0,0,1
,,,,,,,,
"Midwest",6,2,1,0,1,0,0,0
"Illinois",1,1,1,0,1,0,0,0
"Missouri",1,1,0,0,0,0,0,0
"Ohio",4,0,0,0,0,0,0,0
,,,,,,,,
"South",46,8,20,9,8,0,3,1
"Alabama",3,1,4,2,1,0,1,0
"Arkansas",2,0,1,0,1,0,0,1
"Delaware",1,0,0,0,0,0,0,0
"Florida",3,1,0,0,0,0,0,0
"Georgia",6,1,2,2,0,0,0,0
"Louisiana",7,2,1,0,1,0,0,0
"Mississippi",2,0,1,0,0,0,1,0
"North Carolina",9,1,4,2,1,0,1,0
"Oklahoma",3,1,0,0,0,0,0,0
"South Carolina",1,0,1,0,1,0,0,0
"Tennessee",1,0,1,1,0,0,0,0
"Texas",8,1,3,0,3,0,0,0
"Virginia",0,0,2,2,0,0,0,0
,,,,,,,,
"West",7,0,2,1,1,0,0,5
"California",5,0,1,0,1,0,0,5
"Nevada",1,0,0,0,0,0,0,0
"Washington",1,0,1,1,0,0,0,0
,,,,,,,,
"Note: The following States with death penalty statutes reported receiving from court no",,,,,,,,
"prisoners under sentence of death in 1997: Colorado, Connecticut, Kansas, Maryland,",,,,,,,,
"Montana, New Hampshire, New Mexico, New York, and Wyoming.",,,,,,,,
"*Includes American Indians.  Georgia sentenced to death 1 American Indian who was",,,,,,,,
"charged with another crime at the time of the capital offense.  North Carolina and Utah",,,,,,,,
"each sentenced to death 1 American Indian who was on parole at the time of the ",,,,,,,,
"capital offense.  Arizona sentenced to death 1 American Indian whose legal status at the time",,,,,,,,
"of the capital offense was not known.",,,,,,,,
