"Bureau of Justice Statistics",,,,,,,,,,,
"Filename:  cf983_04.csv",,,,,,,,,,,
"Table #:  3.4. Form of pretrial detention, by defendan characteristics, October 1, 1997 - September 30,1998",,,,,,,,,,,
"Report title:  Compendium of Federal Justice Statistics, 1998  NCJ 180258",,,,,,,,,,,
"Data source:  Federal Justice Statistics Program (database maintained by The Urban Institute)",,,,,,,,,,,
"Refer questions to:  Askbjs@ojp.usdoj.gov  202-307-0765",,,,,,,,,,,
"Contact:  John Scalia  ",,,,,,,,,,,
"Date of version:  5/8/00",,,,,,,,,,,
,,,,,,,,,,,
"Table 3.4.  Form of pretrial detention, by defendant characteristics, October 1, 1997 - September 30, 1998",,,,,,,,,,,
,,,,,,,,,,,
,,,,,"Of defendants detained at any time prior to case disposition,",,,,,,
,,,,,"percent detained by--",,,,,,
,,,,,,"Held on bail for--",,,,"Number of defendants",
,,,,"Percent","Temporary","Part of pre-","All of pre-",,"Other",,"All "
"Defendant characteristic",,,,"detained","detention\a","trial period","trial period","Court","detentions","Detained","defendants"
,,,,,,,,,,,
,,," All defendants\b",66.7,2.4,11.5,16.2,54.5,15.4,40665,60950
"Male/Female",,,,,,,,,,,
,"Male",,,71.1,2.5,10.2,16.2,55.9,15.2,36386,51163
,"Female",,,43.7,1.3,22.7,16.3,42.3,17.5,4252,9720
"Race",,,,,,,,,,,
,"White",,,68.4,2.7,10.7,19.7,53.8,13.1,28031,41007
,"Black",,,63.5,1.4,13.4,8.5,56.8,19.9,10290,16202
,"Other",,,62.7,2.9,12.8,7.4,53.0,23.8,2344,3741
"Ethnicity",,,,,,,,,,,
,"Hispanic",,,90.3,3.9,8.1,22.6,56.6,8.7,20998,23243
,"Non-Hispanic",,,52.1,0.8,15.2,9.3,52.6,22.1,19155,36733
"Age",,,,,,,,,,,
,"16-18 years",,,70.3,2.3,16.2,14.7,48.1,18.7,780,1109
,"19-20 years",,,68.6,2.2,15.0,17.2,50.4,15.3,2131,3107
,"21-30 years",,,72.2,3.0,12.0,17.5,51.9,15.7,14727,20388
,"31-40 years",,,66.5,2.5,12.8,17.4,51.4,15.9,10351,15554
,"Over 40 years",,,48.0,2.1,14.9,17.6,47.9,17.4,6123,12752
"Education",,,,,,,,,,,
,"Less than high school graduate",,,77.2,4.4,11.3,14.7,54.0,15.6,14376,18621
,"High school graduate",,,57.0,1.5,15.6,11.1,52.1,19.7,8730,15326
,"Some college",,,46.5,1.3,19.6,12.5,46.2,20.4,4436,9546
,"College graduate",,,33.6,1.5,18.7,14.5,48.2,17.1,1361,4056
"Marital status",,,,,,,,,,,
,"Never married",,,67.2,2.4,13.2,11.7,54.1,18.6,12970,19301
,"Divorced/separated",,,57.5,2.2,15.7,12.4,50.3,19.4,5137,8931
,"Married",,,55.0,3.7,13.9,15.7,51.1,15.6,9112,16577
,"Common law",,,74.7,3.7,12.9,16.0,52.4,14.9,3085,4128
,"Other",,,86.2,1.0,4.7,24.2,60.7,9.4,10361,12013
"Employment status at arrest",,,,,,,,,,,
,"Unemployed",,,72.1,2.6,12.3,10.8,53.8,20.4,15605,21639
,"Employed",,,53.3,3.1,15.6,16.0,50.2,15.1,14706,27572
"Criminal record",,,,,,,,,,,
,"No convictions\c",,,55.6,2.0,13.4,17.1,54.9,12.6,11945,21485
,"Misdemeanor only",,,59.8,2.6,16.4,18.6,46.8,15.6,5857,9793
,"Felony",,,,,,,,,,
,,"Nonviolent",,78.9,2.6,8.1,17.1,55.9,16.3,10087,12788
,,"Violent",,86.5,2.1,6.6,12.1,61.1,18.1,7442,8607
"Number of prior convictions",,,,,,,,,,,
,"1",,,65.4,2.6,13.2,17.4,51.3,15.5,6467,9890
,"2 to 4",,,75.8,2.7,9.4,15.2,56.4,16.2,9743,12853
,"5 or more",,,85.0,1.9,7.0,15.5,57.3,18.4,7176,8445
"Criminal justice status",,,,,,,,,,,
,"Not under supervision",,,60.1,1.7,13.3,17.0,53.8,14.2,25040,41680
,"Pretrial release",,,66.4,1.9,16.4,10.0,53.9,17.8,1722,2593
,"Probation",,,74.2,4.2,11.7,17.7,52.3,14.1,2490,3357
,"Parole",,,90.7,3.9,4.7,21.7,57.9,11.9,1633,1801
"Court appearance history",,,,,,,,,,,
,"No prior arrests",,,56.7,2.7,13.2,16.9,54.8,12.4,12682,22350
,"Failure to appear",,,,,,,,,,
,,"None",,70.1,2.6,11.4,16.4,52.9,16.7,21610,30846
,,"1",,80.9,1.2,8.5,14.5,57.3,18.4,3324,4109
,,"More than 1",,83.6,0.8,8.9,13.5,61.4,15.4,3049,3645
"Drug abuse",,,,,,,,,,,
,"No known abuse",,,55.7,3.1,14.1,15.6,50.8,16.4,17874,32074
,"Drug history",,,69.7,2.1,14.9,9.6,53.5,19.9,9488,13612
,,,,,,,,,,,
"(SEE PRINTED REPORT FOR FOOTNOTES)",,,,,,,,,,,
