"Bureau of Justice Statistics",,,,,,,,,,,
"Filename:  cf983_01.csv",,,,,,,,,,,
"Table #:  3.1. Type of pretrial release, by offense, October 1, 1997 - September 30,1998",,,,,,,,,,,
"Report title:  Compendium of Federal Justice Statistics, 1998  NCJ 180258",,,,,,,,,,,
"Data source:  Federal Justice Statistics Program (database maintained by The Urban Institute)",,,,,,,,,,,
"Refer questions to:  Askbjs@ojp.usdoj.gov  202-307-0765",,,,,,,,,,,
"Contact:  John Scalia  ",,,,,,,,,,,
"Date of version:  5/8/00",,,,,,,,,,,
,,,,,,,,,,,
"Table 3.1.  Type of pretrial release, by offense, October 1, 1997 - September 30, 1998",,,,,,,,,,,
,,,,,,,,,,,
,,,,"Of defendants released at any time prior to case",,,,,,,
,,,,"disposition, percent released on--",,,,,,"Number of defendants",
,,,"Percent",,"Unsecured","Personal","Conditional",,,,"All"
"Most serious offense charged",,,"released","Financial\a","bond","recognizance","release",,,"Released","defendants"
,,"All offenses\b",43.1,15.8,49.6,30.3,4.4,,,26246,60950
"Violent offenses",,,31.9,10.7,39.9,43.0,6.5,,,1271,3986
,"Murder\c",,28.6,9.4,22.6,56.6,11.3,,,53,185
,"Negligent manslaughter",,"--","--","--","--","--",,,3,8
,"Assault",,54.9,5.6,34.0,51.8,8.6,,,444,809
,"Robbery",,17.8,19.0,44.3,31.9,4.8,,,395,2214
,"Rape",,51.4,5.6,20.6,63.5,10.3,,,126,245
,"Other sex offenses\c",,66.1,9.0,55.9,32.4,2.7,,,222,336
,"Kidnaping",,13.8,14.3,71.4,14.3,0,,,21,152
,"Threats against the President",,18.9,"--","--","--","--",,,7,37
"Property offenses",,,77.4,8.6,53.7,34.3,3.4,,,10414,13463
,"Fraudulent",,77.8,9.5,57.6,30.6,2.3,,,7948,10218
,,"Embezzlement",93.5,3.3,56.2,37.1,3.4,,,1313,1405
,,"Fraud\c",76.5,10.7,56.7,30.3,2.2,,,5562,7273
,,"Forgery",78.3,4.8,66.5,26.4,2.2,,,227,290
,,"Counterfeiting",67.7,12.6,62.9,23.4,1.1,,,846,1250
,"Other",,76.0,5.5,41.2,46.0,7.2,,,2466,3245
,,"Burglary",51.3,6.5,32.5,59.7,1.3,,,77,150
,,"Larceny\c",81.9,3.9,39.4,48.6,8.1,,,1962,2396
,,"Motor vehicle theft",47.1,13.9,49.2,32.0,4.9,,,122,259
,,"Arson and explosives",57.5,15.2,52.2,30.4,2.2,,,92,160
,,"Transportation of stolen property",75.7,16.0,62.6,19.1,2.3,,,131,173
,,"Other property offenses\c",76.6,2.4,35.4,53.7,8.5,,,82,107
"Drug offenses",,,35.1,28.2,48.2,20.0,3.6,,,8283,23631
,"Trafficking",,33.2,29.9,50.8,16.2,3.1,,,7114,21409
,"Other drug offenses",,52.6,18.1,32.6,42.7,6.6,,,1169,2222
"Public-order offenses",,,31.3,12.4,46.9,34.5,6.3,,,6162,19676
,"Regulatory",,67.5,11.8,53.8,30.9,3.4,,,1312,1945
,,"Agriculture",94.9,9.7,54.8,33.3,2.2,,,93,98
,,"Antitrust",100,0,25.0,58.3,16.7,,,12,12
,,"Food and drug",98.3,3.4,77.6,19.0,0,,,58,59
,,"Transportation",76.1,1.9,46.3,50.0,1.9,,,54,71
,,"Civil rights",93.6,8.2,50.7,35.6,5.5,,,73,78
,,"Communications",96.4,14.8,64.8,20.4,0,,,54,56
,,"Custom laws",74.8,29.9,51.9,16.9,1.3,,,77,103
,,"Postal laws",89.5,3.7,58.8,35.3,2.2,,,136,152
,,"Other regulatory offenses",57.4,13.4,51.7,30.7,4.2,,,755,1316
,"Other",,27.4,12.5,45.0,35.4,7.1,,,4850,17731
,,"Weapons",42.5,12.8,55.8,27.7,3.7,,,1059,2490
,,"Immigration offenses",7.7,27.3,37.9,15.5,19.4,,,847,11014
,,"Tax law violations\c",94.7,4.8,56.9,35.4,2.8,,,703,742
,,"Bribery",89.3,11.9,58.2,26.9,3.0,,,134,150
,,"Perjury, contempt, and intimidation",66.3,9.4,62.5,26.6,1.6,,,128,193
,,"National defense",62.2,10.9,37.0,43.5,8.7,,,46,74
,,"Escape",12.6,18.9,43.2,32.4,5.4,,,74,589
,,"Racketeering and extortion",54.7,24.0,53.2,21.0,1.7,,,462,844
,,"Gambling",94.8,4.4,76.9,17.6,1.1,,,91,96
,,"Liquor offenses","--","--","--","--","--",,,3,5
,,"Obscene material\c",78.1,5.3,66.7,28.1,0,,,57,73
,,"Migratory birds",95.8,0,34.8,65.2,0,,,23,24
,,"All other offenses\c",85.1,3.4,24.8,64.1,7.8,,,1223,1437
,,,,,,,,,,,
"--Too few cases to obtain statistically reliable data.",,,,,,,,,,,
"(SEE PRINTED REPORT FOR FOOTNOTES)",,,,,,,,,,,
