Bureau of Justice Statistics,,,,,,,
File name: fjs14st1.5.csv,,,,,,,
"Table 1.5 Warrants cleared and median days from initiation to clearance, by warrant type, October 1, 2013�September 30, 2014",,,,,,,
"Report title: Federal Justice Statistics, 2014 - Statistical Tables   NCJ 250183",,,,,,,
"Data source: Bureau of Justice Statistics, based on data from the U.S. Marshals Service, Warrant Information Network, fiscal year 2014.",,,,,,,
"Author:  Mark Motivans, Ph.D., BJS Statistician",,,,,,,
Refer questions to: askbjs@usdoj.gov (202) 307-0765,,,,,,,
Date of version: 3/23/2017,,,,,,,
,,,,,,,
"Table 1.5 Warrants cleared and median days from initiation to clearance, by warrant type, October 1, 2013�September 30, 2014",,,,,,,
Warrant type,,,Number,Percent,,Median days from initiation to clearance,
,All warrants cleared ,,"146,135",100,% ,14, days
Federal,,,"66,440",45.4,  ,10, days
,Felony,,"64,059",43.8,,9,
,,Escape,"1,015",0.7,,12,
,,Bond violation,"3,653",2.5,,9,
,,Parole violation,"1,859",1.3,,47,
,,Probation violation,"19,718",13.5,,12,
,,DEA related,"7,053",4.8,,9,
,,Federal agency without arrest power,88,0.1,,7,
,,Other federal agency with arrest power,"29,443",20.1,,7,
,,Other,"1,230",0.8,,15,
,Nonfelony,,"2,381",1.6,,187,
,,Traffic,598,0.4,,427,
,,Misdemeanor,"1,783",1.2,,152,
State or local,,,"79,695",54.5,% ,21, days
Note: Table includes all warrants handled by the U.S. Marshal Services except those handled by the Drug Enforcement Administration (DEA) or other federal agency with arrest power. Analysis based on the group of all warrants cleared during fiscal year 2014. Detail may not sum to total due to rounding. ,,,,,,,
"Source: Bureau of Justice Statistics, based on data from the U.S. Marshals Service, Warrant Information Network, fiscal year 2014.",,,,,,,
