Bureau of Justice Statistics,,,,,,,,,,,,
File name: fjs14st5.1.csv,,,,,,,,,,,,
"Table 5.1 Offenders sentenced in criminal cases terminated, by offense, October 1, 2013?September 30, 2014",,,,,,,,,,,,
"Report title: Federal Justice Statistics, 2014 - Statistical Tables   NCJ 250183",,,,,,,,,,,,
"Data source: Bureau of Justice Statistics, based on data from the Administrative Office of the U.S. Courts, criminal master file, fiscal year 2014.",,,,,,,,,,,,
"Author:  Mark Motivans, Ph.D., BJS Statistician",,,,,,,,,,,,
Refer questions to: askbjs@usdoj.gov (202) 307-0765,,,,,,,,,,,,
Date of version:3/23/2017,,,,,,,,,,,,
,,,,,,,,,,,,
"Table 5.1 Offenders sentenced in criminal cases terminated, by offense, October 1, 2013?September 30, 2014",,,,,,,,,,,,
,,,,,Percent of offenders convicted and sentenced to?,,,,,,,
Most serious offense of conviction,,,,Total offenders sentenced/a,Total,,Incarceration/b,,Probation/c,,Fine only,
,All offenses/d,,,"78,155",100,%,77.6,%,10.7,%,2.2,%
Felonies,,,,"71,204",100,%,81.3,%,8.7,%,0.4,%
,Violent offenses,,,"2,360",100,%,93.3,,3.5,,0.1,
,,Murder,,114,100,%,92.1,,1.8,,?,
,,Assault,,594,100,%,85.5,,8.4,,0.3,
,,Robbery,,917,100,%,96.5,,1.2,,0.1,
,,Sexual abuse,,662,100,%,96.5,,2.3,,?,
,,Kidnapping,,59,100,%,94.9,,3.4,,?,
,,Threats against the President,,14,100,%,71.4,,14.3,,?,
,Property offenses,,,"10,959",100,%,63.7,,24.6,,0.8,
,,Fraudulent,,"9,554",100,%,65.5,,22.2,,0.9,
,,,Embezzlement,456,100,%,46.1,,42.3,,2.4,
,,,Fraud,"8,455",100,%,66.7,,21,,0.9,
,,,Forgery,15,100,%,46.7,,40,,?,
,,,Counterfeiting,628,100,%,64.2,,23.7,,0.3,
,,Other,,"1,405",100,%,51.8,,40.4,,0.4,
,,,Burglary,27,100,%,63,,18.5,,?,
,,,Larceny,"1,067",100,%,44.9,,48.1,,0.5,
,,,Motor vehicle theft,23,100,%,73.9,,13,,?,
,,,Arson and explosives,139,100,%,79.1,,11.5,,?,
,,,Transportation of stolen property,114,100,%,73.7,,20.2,,?,
,,,Other property offenses,35,100,%,60,,22.9,,?,
,Drug offenses,,,"22,784",100,%,88.8,,4.8,,0.4,
,,Trafficking,,"22,726",100,%,89,,4.7,,0.3,
,,Possession and other drug offenses,,58,100,%,44.8,,31,,12.1,
,Public order offenses,,,"6,946",100,%,77.1,,16.2,,0.9,
,,Regulatory,,797,100,%,57,,30.5,,3.6,
,,,Antitrust,34,100,%,41.2,,17.6,,41.2,
,,,Food and drug,57,100,%,14,,71.9,,7,
,,,Transportation,94,100,%,55.3,,29.8,,1.1,
,,,Civil rights,40,100,%,82.5,,15,,?,
,,,Communications,21,100,%,47.6,,38.1,,?,
,,,Custom laws,106,100,%,76.4,,16,,1.9,
,,,Postal laws,18,100,%,5.6,,72.2,,5.6,
,,,Other regulatory offenses,427,100,%,59.7,,29,,1.6,
,,Other,,"6,149",100,%,79.7,,14.3,,0.6,
,,,Tax law violations,537,100,%,60,,36.3,,1.1,
,,,Bribery,117,100,%,59.8,,29.1,,3.4,
,,,"Perjury, contempt, and intimidation",224,100,%,72.3,,20.5,,1.3,
,,,National defense,63,100,%,77.8,,11.1,,3.2,
,,,Escape,746,100,%,59,,26.9,,0.7,
,,,Racketeering and extortion,"1,751",100,%,83.5,,10.3,,0.3,
,,,Gambling,108,100,%,30.6,,64.8,,1.9,
,,,Liquor offenses,1,100,%,^,,?,,?,
,,,Other sex offenses/e,1907,100,%,97.2,,0.9,,0.1,
,,,Traffic offenses,9,100,%,^,,^,,?,
,,,Wildlife,53,100,%,24.5,,73.6,,?,
,,,Environmental,40,100,%,40,,52.5,,2.5,
,,,Other offenses,593,100,%,80.9,,10.5,,0.5,
,Weapon offenses,,,"6,946",100,%,91.8,,4.9,,0.2,
,Immigration offenses,,,"21,209",100,%,78.7,,4.1,,0.2,
Misdemeanors,,,,"6,951",100,%,39.9,%,31.6,%,21.1,%
,Fraudulent property offenses,,,619,100,%,41.7,,25.7,,4.2,
,Larceny,,,546,100,%,5.7,,67.9,,21.1,
,Drug possession,,,"2,375",100,%,82.1,,13.6,,2.2,
,Immigration offenses,,,419,100,%,47,,9.3,,2.9,
,Traffic offenses,,,"1,714",100,%,5,,37.2,,56.2,
,Other misdemeanors,,,"1,278",100,%,19.6,,52,,23.1,
"Note: Murder includes nonnegligent manslaughter; fraud excludes tax fraud; sexual abuse includes only violent sex offenses; larceny excludes transporting stolen property; other property offenses excludes fraudulent property offenses and includes destruction of property and trespassing; tax law violations includes tax fraud; all other felonies includes felonies with unclassifiable offense type; misdemeanors includes misdemeanors, petty offenses, and unknown offense levels; and drug possession includes other drug misdemeanors. Total includes 609 records where offense type was missing. ",,,,,,,,,,,,
...No cases of this type occurred in the data.,,,,,,,,,,,,
^Too few cases to obtain statistically reliable data. ,,,,,,,,,,,,
"a/Includes offenders receiving incarceration, probation, split or mixed sentences, and fines. Not represented in the percentage columns, but also included in the totals, are offenders receiving deportation, suspended sentences, sealed sentences, imprisonment of 4 days or less, and no sentences.",,,,,,,,,,,,
"b/All sentences to incarceration, including split, mixed, life, and indeterminate.",,,,,,,,,,,,
c/Includes offenders with split and mixed sentences.,,,,,,,,,,,,
d/Total includes offenders whose sentence could not be determined.,,,,,,,,,,,,
e/Excludes sexual abuse. (See Glossary for further details.),,,,,,,,,,,,
"Source: Bureau of Justice Statistics, based on data from the Administrative Office of the U.S. Courts, criminal master file, fiscal year 2014.",,,,,,,,,,,,
