"Bureau of Justice Statistics",,
"filename:  hivp9908.csv",,
"Table #: 8  The 50 largest local jail jurisdictions: Number and percent of jail inmates who were HIV positive, June 30, 1999",,
"report title: HIV in Prisons and Jails, 1999   NCJ 187456 ",,
"data source:  1999 Census of Jails",,
"author:  Laura M. Maruschak",,
"refer questions to: askbjs@ojp.usdoj.gov (202) 307-0765",,
"date of version: 6/11/01",,
,,
"Table 8.  The 50 largest local jail jurisdictions: Number and percent of jail ",,
"inmates who were HIV positive, June 30, 1999",,
,,
,"1999",
,"Total known to","HIV/AIDS cases as a"
"Jurisdiction","be HIV positive","percent of jail population"
"Total",3987,2.3
"Los Angeles County, CA",157,0.8
"New York City, NY",1165,7.1
"Cook County, IL",133,1.5
"Harris County, TX","--","--"
"Dade County, FL",130,1.9
"Orleans Parish,  LA",131,2.0
"Maricopa County, AZ","--","--"
"Dallas County, TX",65,1.0
"Philadelphia City, PA",208,3.3
"Shelby County, TN",161,2.6
"San Diego County, CA",32,0.6
"Orange County, CA",25,0.5
"San Bernardino County, CA",16,0.3
"Santa Clara County, CA",96,2.0
"Broward County, FL",95,2.2
"Alameda County, CA",56,1.2
"Orange County, FL","--","--"
"Tarrant County, TX",2,0.9
"Fulton County, GA",156,4.6
"Davidson County, TN",76,2.6
"Baltimore City , MD",150,4.8
"Bexar County, TX",22,0.6
"Sacramento County, CA",22,0.7
"Hillsborough County, FL",99,3.0
"De Kalb County, GA",41,1.5
"Jacksonville City, FL",40,1.4
"Milwaukee County, WI",20,1.8
"Wayne County, MI",15,0.6
"Riverside County, CA",8,0.3
"Palm Beach County, FL",274,10.6
"Travis County, TX",50,2.0
"Pinellas County, FL","--","--"
"Suffolk County, MA",29,1.2
"King County, WA",140,5.8
"Clark County, NV",12,0.5
"Fresno County, CA",10,0.5
"San Francisco City/County, CA",106,4.9
"Franklin County, OH",23,1.2
"Oklahoma County, OK",10,0.5
"Allegheny County, PA",10,3.8
"El Paso County, TX",2,0.1
"Kern County, CA",0,0
"Essex County, NJ",85,5.2
"Hamilton County, OH",13,0.6
"Hudson County, NJ",62,3.2
"Cobb County, GA",26,1.3
"Denver City and County, CO","--","--"
"Multnomah County, OR",14,0.7
"Passaic County, NJ","--","--"
"Polk County, FL","--","--"
,,
"Note:  Jurisdictions are ordered by their average daily population between",,
"July 1, 1998, and June 30, 1999.",,
"--Not reported.",,
