"Bureau of Justice Statistics",,,,,,,,,,
"filename:  hivp9906.csv",,,,,,,,,,
"Table #: 6 Circumstances under which inmates are tested for the antibody to the human immunodeficiency virus, by jurisdiction, 1999",,,,,,,,,,
"report title: HIV in Prisons and Jails, 1999   NCJ 187456",,,,,,,,,,
"data source:  NPS-1",,,,,,,,,,
"author:  Laura M. Maruschak",,,,,,,,,,
"refer questions to: askbjs@ojp.usdoj.gov (202) 307-0765",,,,,,,,,,
"date of version: 6/11/01",,,,,,,,,,
,,,,,,,,,,
"Table 6.  Circumstances under which inmates are tested for the antibody to the human immunodeficiency virus, by jurisdiction, 1999",,,,,,,,,,
,,,,,,,,,,
,,"All inmates",,,,,,,,
" Jurisdiction"," Entering","In custody","Upon release","High-risk group","Inmate request","Clinical indication","Involvement in incident","Random sample","Court order"," Other"
"Federal system*",,,"X",,"X","X","X","X","X",
"Northeast",,,,,,,,,,
"Connecticut",,,,"X","X","X","X",,"X",
"Maine",,,,,"X","X",,,,
"Massachusetts",,,,"X","X","X","X",,,
"New Hampshire","X",,,,,"X","X",,"X",
"New Jersey",,,,,"X","X",,,,"X"
"New York",,,,"X","X","X","X","X","X",
"Pennsylvania",,,,"X","X","X","X",,"X",
"Rhode Island","X",,,,"X","X","X","X","X",
"Vermont",,,,"X","X","X",,,,
"Midwest",,,,,,,,,,
"Illinois",,,,"X","X","X","X",,"X",
"Indiana",,,,"X","X","X","X",,"X",
"Iowa","X",,,,"X","X","X",,"X",
"Kansas",,,,"X","X","X","X",,"X",
"Michigan","X",,,,"X","X",,,"X",
"Minnesota",,,,"X","X","X","X",,"X",
"Missouri","X",,"X",,"X","X","X",,"X",
"Nebraska","X",,,,,"X","X",,,
"North Dakota","X",,,,,"X","X",,"X",
"Ohio","X",,,,"X","X","X",,"X",
"South Dakota",,,,"X","X","X","X",,,
"Wisconsin",,,,,"X",,"X",,"X",
"South",,,,,,,,,,
"Alabama","X",,,,,,,,,"X"
"Arkansas","X","X",,"X","X","X","X","X","X","X"
"Delaware",,,,,"X","X",,,,
"Dist. of Columbia",,,,,"X","X",,,"X",
"Florida",,,,,"X","X","X",,"X",
"Georgia",,,,,"X",,,,,
"Kentucky",,,,"X","X","X","X","X","X","X"
"Louisiana",,,,,"X","X","X",,,
"Maryland",,,,,"X","X","X",,"X","X"
"Mississippi","X",,,,"X","X","X",,"X","X"
"North Carolina",,,,,"X","X","X",,,
"Oklahoma","X",,,,"X","X","X",,"X",
"South Carolina","X","X",,"X","X","X","X",,"X","X"
"Tennessee","X",,,,"X","X","X",,"X","X"
"Texas",,,,"X","X",,,,,"X"
"Virginia",,,,,"X","X","X","X",,
"West Virginia",,,,,"X","X","X",,"X",
"West",,,,,,,,,,
"Alaska ",,,,,"X","X","X",,"X",
"Arizona",,,,,"X","X","X",,"X",
"California",,,,,"X","X","X",,"X",
"Colorado","X",,,,"X","X","X",,,"X"
"Hawaii",,,,,"X","X",,,"X",
"Idaho","X",,,"X","X","X","X",,"X","X"
"Montana",,,,,,"X","X",,,
"Nevada","X","X","X",,"X","X",,,"X",
"New Mexico",,,,"X","X","X","X",,"X",
"Oregon",,,,"X","X","X","X","X","X",
"Utah","X",,,,,,,,,
"Washington",,,,,"X","X","X",,"X",
"Wyoming","X",,,,,"X",,,,
,,,,,,,,,,
"*The Bureau of Prisons tests a random sample of inmates on alternate years",,,,,,,,,,
