"Bureau of Justice Statistics",,,,,,
"filename:  hivp9901.csv",,,,,,
"Table #: 1  Inmates in custody of State or Federal prison authorities and known to be positive for the human immunodeficiency virus, 1997-1999",,,,,,
"report title: HIV in Prisons and Jails, 1999   NCJ 187456",,,,,,
"data source:  NPS-1",,,,,,
"author:  Laura M. Maruschak",,,,,,
"refer questions to: askbjs@ojp.usdoj.gov (202) 307-0765",,,,,,
"date of version: 6/11/01",,,,,,
,,,,,,
"Table 1.  Inmates in custody of State or Federal prison authorities and",,,,,,
"known to be positive for the human immunodeficiency virus, 1997-1999",,,,,,
,,,,,,
,,,,"HIV/AIDS cases as a percent",,
,"Total known to be HIV positive/a",,,"of total custody population/b",,
"Jurisdiction",1997,1998,1999,1997,1998,1999
"U.S. total/c",,,,,,
"Reported",23886,25680,25757,2.1,2.2,2.1
"Comparable reporting/d",23779,25216,25296,,,
"Federal",1030,1066,1150,1.0,1.0,0.9
"State",22856,24614,24607,2.2,2.3,2.3
"Northeast",10384,10613,10030,6.4,6.3,6.0
"Connecticut",798,634,632,5.1,3.9,3.7
"Maine","--",11,9,"--",0.7,0.5
"Massachusetts",392,395,346,3.6,3.6,3.3
"New Hampshire",17,17,17,0.8,0.8,0.8
"New Jersey",867,924,869,3.4,3.4,3.5
"New York",7500,7500,7000,10.8,10.7,9.7
"Pennsylvania",697,977,939,2.0,2.7,2.6
"Rhode Island",107,140,203,3.2,4.2,6.9
"Vermont",6,15,15,0.5,1.2,1.3
"Midwest",1849,2115,2171,0.9,1.0,1.0
"Illinois",655,694,635,1.6,1.6,1.4
"Indiana","--","--","--","--","--","--"
"Iowa",34,18,30,0.5,0.2,0.4
"Kansas",4,38,41,0.1,0.5,0.5
"Michigan",419,546,578,0.9,1.2,1.3
"Minnesota",31,26,32,0.6,0.5,0.6
"Missouri",227,235,290,0.9,0.9,1.1
"Nebraska",22,23,20,0.7,0.6,0.6
"North Dakota",7,3,2,0.9,0.3,0.2
"Ohio",365,392,391,0.8,0.8,0.8
"South Dakota",1,4,5,0.0,0.2,0.2
"Wisconsin",84,136,147,0.6,0.9,1.0
"South",8639,9705,10199,2.0,2.1,2.2
"Alabama/c",212,273,283,1.0,1.2,1.3
"Arkansas",86,94,99,1.0,0.9,1.0
"Delaware",248,180,170,4.6,3.2,2.6
"District of Columbia",175,268,359,2.5,3.8,7.8
"Florida",2325,2461,2633,3.6,3.7,3.8
"Georgia",861,870,846,2.4,2.2,2.0
"Kentucky",55,81,78,0.5,0.7,0.7
"Louisiana",397,436,381,2.1,2.3,2.1
"Maryland",766,686,820,3.5,3.1,3.6
"Mississippi",189,172,192,1.8,1.7,1.9
"North Carolina",519,554,554,1.7,1.8,1.9
"Oklahoma",107,"--",122,0.7,"--",0.8
"South Carolina",432,607,617,2.1,2.9,2.9
"Tennessee",131,168,185,0.9,1.1,1.4
"Texas",2126,2393,2520,1.5,1.7,1.8
"Virginia","--",453,330,"--",1.7,1.3
"West Virginia",10,9,10,0.4,0.3,0.3
"West",1984,2181,2207,0.8,0.9,0.9
"Alaska ",10,16,16,0.3,0.6,0.6
"Arizona",105,118,144,0.4,0.5,0.6
"California",1328,1567,1570,0.9,1.0,1.0
"Colorado",110,124,131,1.0,1.1,1.0
"Hawaii",16,20,30,0.4,0.6,0.9
"Idaho",10,13,15,0.3,0.4,0.4
"Montana",8,10,10,0.4,0.4,0.7
"Nevada",139,121,125,1.6,1.3,1.4
"New Mexico",23,31,26,0.6,0.9,0.5
"Oregon",54,35,23,0.7,0.4,0.2
"Utah",60,32,34,1.2,0.6,0.6
"Washington",119,91,75,0.9,0.6,0.5
"Wyoming",2,3,8,0.1,0.2,0.6
,,,,,,
"--Not reported",,,,,,
"a/Counts may differ from previous reports.",,,,,,
"b/The custody population includes only those inmates housed in a jurisdiction's facilities.",,,,,,
"Percentages for all years are based on yearend counts, except for Alabama.  In 1999, Alabama's",,,,,,
"custody count was reported as of September 30.",,,,,,
"c/ Totals exclude those in jurisdictions that did not report data.",,,,,,
"d/Excludes data from Maine, Oklahoma, and Virginia for all 3 years.",,,,,,
