Bureau of Justice Statistics,,,,
Filename: scv19t04.csv,,,,
"Table 4. Percent of campus victim service providers, by most common services provided in the past year, 2019",,,,
"Report title: Services for Crime Victims, 2019� NCJ 300741",,,,
"Data source: Bureau of Justice Statistics, National Survey of Victim Service Providers, 2019",,,,
"Authors: Alexandra Thompson and Rachel E. Morgan, Ph.D., BJS Statisticians; Heather B. Warnken, J.D., LL.M., former Visiting Fellow, U.S. Department of Justice (BJS and Office for Victims of Crime); and Barbara A. Oudekerk, Ph.D., former BJS Statistician",,,,
Refer questions to: askbjs@usdoj.gov 202-307-0765,,,,
Date of version: 10/6/2021,,,,
,,,,
"Table 4. Percent of campus victim service providers, by most common services provided in the past year, 2019",,,,
Type of service,Percent,,Standard error,
General information/a,46.3,%,4.78,%
Crisis intervention,42.6,,4.42,
Online/phone/program referral,37.6,,4.86,
Case management,32.3,,4.83,
Immediate/emergency safety planning,29.5,,4.61,
Assistance with filing for a restraining order/b,25.9,,4.21,
Accompany to law enforcement interview,22,,3.85,
Intervention with employer/creditor/landlord/academic institution,21.2,,4.27,
"Note: Includes services that at least 20% of campus victim service providers (VSPs) identified as among their five most commonly provided services, by number of victims served. Includes VSPs located on university or college campuses or in other educational institutions. Details do not sum to totals because VSPs could report multiple types of services. See appendix table 3 for a full list of services.",,,,
"a/Includes general information about crime and victimization, crime prevention, and victim risk reduction.",,,,
"b/Includes assistance with restraining, protection, and no-contact orders.",,,,
"Source: Bureau of Justice Statistics, National Survey of Victim Service Providers, 2019.",,,,
