Bureau of Justice Statistics,,
Filename: cp19stf05.csv,,
"Figure 5. Advance count of executions, January 1, 2020�December 31, 2020",,
"Report title: Capital Punishment, 2019 - Statistical Tables  NCJ 300381",,
"Data source: Bureau of Justice Statistics, National Prisoner Statistics program (NPS-8), 2019",,
"Author: Tracy L. Snell, BJS Statistician",,
Refer questions to: askbjs@usdoj.gov 202-307-0765,,
Date of version: 6/8/2021,,
,,
"Figure 5. Advance count of executions, January 1, 2020�December 31, 2020",,
Jurisdiction,,Number of executions
,Total,17
Federal,,10
Texas,,3
Alabama,,1
Georgia,,1
Missouri,,1
Tennessee,,1
"Source: Bureau of Justice Statistics, National Prisoner Statistics program (NPS-8), 2019.",,
