Bureau of Justice Statistics,,,,,,,,,,,,,,,,
Filename: cp19stt07.csv,,,,,,,,,,,,,,,,
"Table 7. Female prisoners under sentence of death, by region, jurisdiction, and race, 2018 and 2019",,,,,,,,,,,,,,,,
"Report title: Capital Punishment, 2019 - Statistical Tables  NCJ 300381",,,,,,,,,,,,,,,,
"Data source: Bureau of Justice Statistics, National Prisoner Statistics program (NPS-8), 2019",,,,,,,,,,,,,,,,
"Author: Tracy L. Snell, BJS Statistician",,,,,,,,,,,,,,,,
Refer questions to: askbjs@usdoj.gov 202-307-0765,,,,,,,,,,,,,,,,
Date of version: 6/8/2021,,,,,,,,,,,,,,,,
,,,,,,,,,,,,,,,,
"Table 7. Female prisoners under sentence of death, by region, jurisdiction, and race, 2018 and 2019",,,,,,,,,,,,,,,,
,,"Female prisoners under sentence of death, 12/31/18/a",,,,"Received under sentence of death, 2019",,,,"Removed from death row, 2019",,,,"Female prisoners under sentence of death, 12/31/19",,
Region and jurisdiction,,Total/b,White/c,Black/c,,Total/b,White/c,Black/c,,Total/b,White/c,Black/c,,Total/b,White/c,Black/c
U.S. total,,52,39,10,,1,0,1,,1,1,0,,52,38,11
,Federal,1,1,0,,0,0,0,,0,0,0,,1,1,0
,State,51,38,10,,1,0,1,,1,1,0,,51,37,11
Midwest,,1,1,0,,0,0,0,,0,0,0,,1,1,0
,Ohio,1,1,0,,0,0,0,,0,0,0,,1,1,0
South,,22,14,7,,1,0,1,,0,0,0,,23,14,8
,Alabama,5,4,1,,0,0,0,,0,0,0,,5,4,1
,Florida,3,1,2,,0,0,0,,0,0,0,,3,1,2
,Georgia,0,0,0,,1,0,1,,0,0,0,,1,0,1
,Kentucky,1,1,0,,0,0,0,,0,0,0,,1,1,0
,Louisiana,1,0,1,,0,0,0,,0,0,0,,1,0,1
,Mississippi,1,1,0,,0,0,0,,0,0,0,,1,1,0
,North Carolina,3,1,1,,0,0,0,,0,0,0,,3,1,1
,Oklahoma,1,1,0,,0,0,0,,0,0,0,,1,1,0
,Tennessee,1,1,0,,0,0,0,,0,0,0,,1,1,0
,Texas,6,4,2,,0,0,0,,0,0,0,,6,4,2
West,,28,23,3,,0,0,0,,1,1,0,,27,22,3
,Arizona,3,3,0,,0,0,0,,0,0,0,,3,3,0
,California,23,18,3,,0,0,0,,1,1,0,,22,17,3
,Idaho,1,1,0,,0,0,0,,0,0,0,,1,1,0
,Oregon,1,1,0,,0,0,0,,0,0,0,,1,1,0
"a/Counts of female prisoners under sentence of death at year-end 2018 have been revised from those reported in Capital Punishment, 2018 � Statistical Tables (NCJ 254786, BJS, September 2020). The revised counts exclude one female prisoner in Indiana who was relieved of a death sentence before December 31, 2018.",,,,,,,,,,,,,,,,
"b/Includes American Indians or Alaska Natives and Asians, Native Hawaiians, or Other Pacific Islanders.",,,,,,,,,,,,,,,,
c/Includes persons of Hispanic origin.,,,,,,,,,,,,,,,,
"Source: Bureau of Justice Statistics, National Prisoner Statistics program (NPS-8), 2019.",,,,,,,,,,,,,,,,
