Bureau of Justice Statistics,,,,,,
Filename: cp19stt08.csv,,,,,,
"Table 8. Hispanic prisoners under sentence of death, by region and jurisdiction, 2018 and 2019",,,,,,
"Report title: Capital Punishment, 2019 - Statistical Tables  NCJ 300381",,,,,,
"Data source: Bureau of Justice Statistics, National Prisoner Statistics program (NPS-8), 2019",,,,,,
"Author: Tracy L. Snell, BJS Statistician",,,,,,
Refer questions to: askbjs@usdoj.gov 202-307-0765,,,,,,
Date of version: 6/8/2021,,,,,,
,,,,,,
"Table 8. Hispanic prisoners under sentence of death, by region and jurisdiction, 2018 and 2019",,,,,,
Region and jurisdiction,,"Hispanic prisoners under sentence of death, 12/31/18","Received under sentence of death, 2019","Removed from death row (excluding executions), 2019","Executed, 2019","Hispanic prisoners under sentence of death, 12/31/19"
U.S. total,,359,3,7,1,354
,Federal,7,0,0,0,7
,State,352,3,7,1,347
Northeast,,16,0,2,0,14
,Pennsylvania,16,0,2,0,14
Midwest,,10,0,0,0,10
,Nebraska,6,0,0,0,6
,Ohio,4,0,0,0,4
South,,96,2,2,1,95
,Alabama,1,0,0,0,1
,Arkansas,1,0,1,0,0
,Florida,22,0,0,0,22
,Georgia,2,0,0,0,2
,Louisiana,2,0,0,0,2
,Mississippi,1,0,0,0,1
,North Carolina,3,0,0,0,3
,Oklahoma,1,0,0,0,1
,South Carolina,1,0,0,0,1
,Tennessee,1,0,0,0,1
,Texas,61,2,1,1,61
West,,230,1,3,0,228
,Arizona,24,0,0,0,24
,California,193,1,2,0,192
,Idaho,1,0,0,0,1
,Nevada,7,0,1,0,6
,Oregon,3,0,0,0,3
,Utah,2,0,0,0,2
"Source: Bureau of Justice Statistics, National Prisoner Statistics program (NPS-8), 2019.",,,,,,
