Bureau of Justice Statistics,,,,,,,,,,,,,,,,,,,,
Filename: cp19stt05.csv,,,,,,,,,,,,,,,,,,,,
"Table 5. Prisoners under sentence of death, by region, jurisdiction, and race, 2018 and 2019",,,,,,,,,,,,,,,,,,,,
"Report title: Capital Punishment, 2019 - Statistical Tables  NCJ 300381",,,,,,,,,,,,,,,,,,,,
"Data source: Bureau of Justice Statistics, National Prisoner Statistics program (NPS-8), 2019",,,,,,,,,,,,,,,,,,,,
"Author: Tracy L. Snell, BJS Statistician",,,,,,,,,,,,,,,,,,,,
Refer questions to: askbjs@usdoj.gov 202-307-0765,,,,,,,,,,,,,,,,,,,,
Date of version: 6/8/2021,,,,,,,,,,,,,,,,,,,,
,,,,,,,,,,,,,,,,,,,,
"Table 5. Prisoners under sentence of death, by region, jurisdiction, and race, 2018 and 2019",,,,,,,,,,,,,,,,,,,,
,,"Prisoners under sentence of death, 12/31/18",,,,"Received under sentence of death, 2019",,,,"Removed from death row (excluding executions), 2019/a ",,,,"Executed, 2019",,,,"Prisoners under sentence of death, 12/31/19",,
Region and jurisdiction,,Total/b,White/c,Black/c,,Total/b,White/c,Black/c,,Total/b,White/c,Black/c,,Total/b,White/c,Black/c,,Total/b,White/c,Black/c
U.S. total,,"2,626","1,470","1,091",,31,20,11,,65,32,31,,22,15,7,,"2,570","1,443","1,064"
,Federal/d,61,35,25,,1,0,1,,1,0,1,,0,0,0,,61,35,25
,State,"2,565","1,435","1,066",,30,20,10,,64,32,30,,22,15,7,,"2,509","1,408","1,039"
Northeast,,143,65,75,,1,1,0,,9,2,6,,0,0,0,,135,64,69
,New Hampshire,1,0,1,,0,0,0,,0,0,0,,0,0,0,,1,0,1
,New York,0,0,0,,0,0,0,,0,0,0,,0,0,0,,0,0,0
,Pennsylvania,142,65,74,,1,1,0,,9,2,6,,0,0,0,,134,64,68
Midwest,,195,101,93,,6,3,3,,7,5,2,,2,2,0,,192,97,94
,Indiana,9,7,2,,0,0,0,,1,1,0,,0,0,0,,8,6,2
,Kansas,10,7,3,,0,0,0,,0,0,0,,0,0,0,,10,7,3
,Missouri,25,18,7,,0,0,0,,2,2,0,,1,1,0,,22,15,7
,Nebraska,12,9,3,,0,0,0,,0,0,0,,0,0,0,,12,9,3
,Ohio,137,58,78,,6,3,3,,4,2,2,,0,0,0,,139,59,79
,South Dakota,2,2,0,,0,0,0,,0,0,0,,1,1,0,,1,1,0
South,,"1,248",652,578,,21,14,7,,28,10,17,,20,13,7,,"1,221",643,561
,Alabama,176,88,88,,3,2,1,,1,0,1,,3,2,1,,175,88,87
,Arkansas,31,16,15,,0,0,0,,1,1,0,,0,0,0,,30,15,15
,Delaware,0,0,0,,0,0,0,,0,0,0,,0,0,0,,0,0,0
,Florida,344,215,128,,6,5,1,,8,5,2,,2,2,0,,340,213,127
,Georgia,50,23,27,,1,0,1,,2,0,2,,3,0,3,,46,23,23
,Kentucky,30,25,5,,0,0,0,,3,1,2,,0,0,0,,27,24,3
,Louisiana,69,23,46,,0,0,0,,1,0,1,,0,0,0,,68,23,45
,Mississippi,43,18,24,,0,0,0,,3,1,2,,0,0,0,,40,17,22
,North Carolina,140,56,77,,3,2,1,,0,0,0,,0,0,0,,143,58,78
,Oklahoma,47,22,21,,1,0,1,,2,0,2,,0,0,0,,46,22,20
,South Carolina,35,16,19,,2,1,1,,1,0,1,,0,0,0,,36,17,19
,Tennessee,58,29,28,,0,0,0,,3,1,2,,3,3,0,,52,25,26
,Texas,223,121,98,,5,4,1,,3,1,2,,9,6,3,,216,118,94
,Virginia,2,0,2,,0,0,0,,0,0,0,,0,0,0,,2,0,2
West,,979,617,320,,2,2,0,,20,15,5,,0,0,0,,961,604,315
,Arizona,116,89,20,,1,1,0,,1,1,0,,0,0,0,,116,89,20
,California,735,436,268,,1,1,0,,12,8,4,,0,0,0,,724,429,264
,Colorado,3,0,3,,0,0,0,,0,0,0,,0,0,0,,3,0,3
,Idaho,9,9,0,,0,0,0,,0,0,0,,0,0,0,,9,9,0
,Montana,2,2,0,,0,0,0,,0,0,0,,0,0,0,,2,2,0
,Nevada,74,46,26,,0,0,0,,3,2,1,,0,0,0,,71,44,25
,New Mexico,2,2,0,,0,0,0,,2,2,0,,0,0,0,,0,0,0
,Oregon,30,27,2,,0,0,0,,1,1,0,,0,0,0,,29,26,2
,Utah,8,6,1,,0,0,0,,1,1,0,,0,0,0,,7,5,1
,Washington,0,0,0,,0,0,0,,0,0,0,,0,0,0,,0,0,0
,Wyoming,0,0,0,,0,0,0,,0,0,0,,0,0,0,,0,0,0
"Note: Some counts for year-end 2018 are revised from those reported in Capital Punishment, 2018 � Statistical Tables (NCJ 254786, BJS, September 2020). The revised counts include 3 prisoners who were either reported late to the National Prisoner Statistics program or were not in the custody of state correctional authorities on December 31, 2018 (1 each in the Nebraska, Tennessee, and Nevada). The revised counts exclude 5 prisoners who were relieved of a death sentence before December 31, 2018 (2 in Nevada and 1 each in Pennsylvania, Indiana, and California). ",,,,,,,,,,,,,,,,,,,,
"a/Includes 15 deaths from natural causes (6 in California, 2 in Mississippi, and 1 each in Ohio, Florida, Oklahoma, Tennessee, Texas, Arizona, and Utah), 2�deaths by suicide (1 each in California and Nevada), and 3 deaths resulting from acute drug toxicity (2 in California and 1 in Oklahoma).",,,,,,,,,,,,,,,,,,,,
"b/Includes American Indians or Alaska Natives and Asians, Native Hawaiians, or Other Pacific Islanders.",,,,,,,,,,,,,,,,,,,,
c/Includes persons of Hispanic origin.,,,,,,,,,,,,,,,,,,,,
d/Excludes persons held under the jurisdiction of the U.S. Armed Forces with a military death sentence for murder.,,,,,,,,,,,,,,,,,,,,
"Source: Bureau of Justice Statistics, National Prisoner Statistics program (NPS-8), 2019.",,,,,,,,,,,,,,,,,,,,
