Bureau of Justice Statistics,,,,,,,,,,,,,,,
filename: jic03a03.csv,,,,,,,,,,,,,,,
"appendix table 3: Inmates in jails in Indian country, by seriousness of offense and type of offense, June 30, 2003",,,,,,,,,,,,,,,
"report title: Jails in Indian Country, 2003, NCJ 208957",,,,,,,,,,,,,,,
"data source: Survey of Jails in Indian Country, 2003",,,,,,,,,,,,,,,
author: Todd D. Minton,,,,,,,,,,,,,,,
refer questions to: askbjs@usdoj.gov (202) 307-0765,,,,,,,,,,,,,,,
date of version: 04/24/2005,,,,,,,,,,,,,,,

"Appendix table 3. Inmates in jails in Indian country, by seriousness of offense and type of offense, June 30, 2003",,,,,,,,,,,,,,,

       ,,,,,, ,Number of inmates in custody,,,,,,,,
,,,,Seriousness of offense,,,,,,,Type of offense,,,,
State and facility,Inmates in custody ,,Felony  ,,   Misdemeanor,,   Other/a,,Domestic violence,,Other violent,, DWI/DUI/b,,  Drug offense

Total,"1,826",,58,,"1,700",,68,,315,,320,,207,,143

Alaska,,,,,,,,,,,,,,,
Metlakatla Police Department,1,,0,,0,,1,,0,,0,,1,,0

Arizona,,,,,,,,,,,,,,,
Chinle Youth Corrections,15,,1,,14,,0,,3,,2,,5,,5
Colorado River Indian Tribes Detention Center,31,,0,,31,,0,,2,,5,,3,,5
Fort Mohave Tribal Police Department,0,,0,,0,,0,,0,,0,,0,,0
Gila River Department of Corrections and Rehabilitation ,143,,0,,143,,0,,93,,10,,21,,6
Gila River Juvenile Detention and Rehabilitation Center,36,,0,,31,,5,,2,,5,,0,,2
Hopi Rehabilitation Center,103,,0,,103,,0,,38,,0,,5,,60
Navajo Department of Corrections-Chinle,24,,0,,24,,0,,/,,/,,/,,/
Navajo Department of Corrections-Kayenta,9,,0,,9,,0,,2,,0,,1,,3
Navajo Department of Corrections-Tuba City,34,,0,,34,,0,,/,,0,,1,,0
Navajo Department of Corrections-Window Rock,68,,0,,68,,0,,10,,49,,5,,1
Pascua Yaqui Law Enforcement Center,0,,0,,0,,0,,0,,0,,0,,0
Peach Springs Detention Center,57,,3,,54,,0,,13,,24,,7,,9
Salt River Department of Corrections,46,,1,,45,,0,,8,,4,,0,,2
San Carlos Jail,24,,0,,24,,0,,2,,15,,1,,4
Supai Jail,4,,0,,4,,0,,0,,0,,1,,1
Tohono O'odham Detention Center,107,,0,,105,,2,,6,,31,,2,,4
Tohono O'odham Judiciary Juvenile Detention Center/c,15,,8,,7,,0,,10,,5,,0,,0
Western Navajo Juvenile Services,10,,0,,10,,0,,0,,0,,0,,3
White Mountain Apache Police Department,91,,0,,74,,17,,8,,12,,8,,2

Colorado,,,,,,,,,,,,,,,
Southern Ute Detention Center,33,,0,,31,,2,,3,,6,,14,,4
Ute Mountain Ute Agency,27,,0,,27,,0,,0,,3,,1,,2

Idaho,,,,,,,,,,,,,,,
Fort Hall Police Department,23,,1,,22,,0,,0,,0,,18,,0

Michigan,,,,,,,,,,,,,,,
Lac View Desert Police Department,0,,0,,0,,0,,0,,0,,0,,0

Minnesota,,,,,,,,,,,,,,,
Red Lake Law Enforcement Services,26,,0,,26,,0,,6,,1,,2,,1

Mississippi,,,,,,,,,,,,,,,
Choctaw Police Department,26,,1,,25,,0,,7,,3,,1,,0

Montana,,,,,,,,,,,,,,,
Blackfeet Police Department,38,,0,,38,,0,,3,,3,,3,,0
Crow Police Department/c,14,,0,,14,,0,,1,,0,,1,,0
Flathead Tribal Police Department,16,,0,,16,,0,,4,,0,,2,,0
Fort Belknap Police Department,9,,0,,9,,0,,1,,0,,0,,0
Fort Peck Indian Youth Services Center/c,13,,3,,10,,0,,0,,1,,0,,0
Fort Peck Assiniboine and Sioux Tribes Dept. of Corrections/c,16,,6,,10,,0,,0,,6,,2,,0
Northern Cheyenne Police Department,24,,0,,24,,0,,0,,0,,0,,0
Rocky Boy Police Department,1,,0,,0,,1,,0,,0,,0,,0
White Buffalo Youth Detention Center,8,,0,,0,,8,,0,,0,,0,,0

Nebraska,,,,,,,,,,,,,,,
Omaha Tribal Police Department,33,,0,,33,,0,,3,,21,,4,,0

Nevada,,,,,,,,,,,,,,,
Owyhee Detention Facility,19,,0,,19,,0,,2,,3,,0,,2

New Mexico,,,,,,,,,,,,,,,
Jicarilla Police Department,32,,5,,,27,0,,2,,1,,1,,1
Laguna Tribal Detention Facility,15,,0,,,15,0,,5,,1,,5,,1
Mescalero Adult Detention Center/c,21,,0,,,21,0,,2,,0,,3,,0
Navajo Department of Corrections-Crownpoint,13,,0,,,13,0,,4,,8,,1,,0
Navajo Department of Corrections-Shiprock/d,39,,0,,,39,0,,/,,/,,3,,0
Navajo Department of Corrections-Tohatchi Juvenile Center/c,3,,0,,,3,0,,0,,3,,0,,0
Ramah Navajo Police Department,12,,0,,,12,0,,3,,8,,1,,0
Taos Tribal Detention Center,23,,1,,,22,0,,5,,1,,2,,0
Zuni Police Department,21,,0,,,21,0,,1,,0,,3,,2

North Dakota,,,,,,,,,,,,,,,
Fort Berthold Agency,28,,0,,,28,0,,0,,15,,9,,4
Fort Totten Municipal Center,20,,0,,,20,0,,7,,3,,2,,0
Standing Rock Law Enforcement Center,60,,9,,,46,5,,8,,3,,5,,1
Turtle Mountain Law Enforcement Center,22,,0,,,22,0,,2,,3,,1,,2

Oklahoma,,,,,,,,,,,,,,,
Ponca Tribal Police Department/c,4,,0,,,4,0,,1,,0,,3,,0
Sac and Fox Nation Juvenile Detention Facility,16,,8,,,8,0,,0,,5,,0,,3

Oregon,,,,,,,,,,,,,,,
Warm Springs Detention Center,61,,0,,,50,11,,9,,2,,42,,5

South Dakota,,,,,,,,,,,,,,,
Fort Thompson Jail,10,,1,,,9,0,,0,,2,,0,,1
Klyuska O'Tipi Reintegration Center,15,,5,,,10,0,,0,,0,,0,,0
Medicine Root Detention Center,31,,0,,,31,0,,2,,2,,0,,0
Pine Ridge Correctional Facility,22,,0,,,6,16,,0,,1,,0,,0
Rosebud Sioux Tribe Law Enforcement,30,,0,,,30,0,,2,,24,,4,,0
Sisseton-Wahpeton Sioux Tribal Law Enforcement Center,8,,1,,,7,0,,7,,0,,0,,0
Walter Miner Law Enforcement Center-Juvenile,4,,0,,,4,0,,0,,0,,0,,0
Walter Miner Law Enforcement Center-Adult,24,,0,,,24,0,,11,,8,,1,,0

Utah,,,,,,,,,,,,,,,
Uintah-Ouray Detention Center,15,,0,,,15,0,,0,,3,,1,,1

Washington,,,,,,,,,,,,,,,
Chehalis Tribal Police Department,5,,3,,,2,0,,1,,1,,1,,2
Makah Police Department,6,,0,,,6,0,,2,,3,,0,,0
Puyallup Tribal Detention Facility,9,,0,,,9,0,,3,,1,,1,,1
Quinault Nation Police Department,5,,0,,,5,0,,0,,0,,0,,1
Wellpinit BIA Law Enforcement Center,3,,0,,,3,0,,1,,0,,0,,0
Yakama Police Department,22,,0,,,22,0,,2,,1,,1,,0

Wisconsin,,,,,,,,,,,,,,,
Menominee Tribal Jail,40,,0,,,40,0,,4,,12,,2,,1

Wyoming,,,,,,,,,,,,,,,
Wind River Police Department,43,,1,,,42,0,,4,,0,,6,,1


/Not reported.  ,,,,,,,,,,,,,,,
"a/Other includes 2 inmates being held for the Bureau of Immigration and Customs Enforcement, and 66 inmates for other reasons, including detoxification, status offenses, State bench warrants, civil traffic violations, violations of condition of release, and special holds.",,,,,,,,,,,,,,,
b/Includes driving while intoxicated and driving while under the influence of drugs or alcohol.
"c/Data are based on custody population on June 28, 2002."
"d/Data are based on custody population on June 29, 2001."
