Bureau of Justice Statistics,,,,,
filename: jic03h02.csv,,,,,
"highlights table 2: Inmates, rated capacity, and percent of capacity occupied in Indian country jails, 2001-03",,,,,
"report title: Jails in Indian Country, 2003, NCJ 208957",,,,,
"data source: Survey of Jails in Indian Country, 2003",,,,,
author: Todd D. Minton,,,,,
refer questions to: askbjs@usdoj.gov (202) 307-0765,,,,,
date of version: 04/24/2005,,,,,

"Highlights table 2. Inmates, rated capacity, and percent of capacity occupied in Indian country jails, 2001-03",,,,,

,2003,,2002/a,,2001/a

Number of inmates,,,,,
   Midyear,"1,826",,"2,006",,"1,912"
   ADP/b,"1,575",,"1,776",,   /
   Peak day in June,"2,513",,"2,737",,"2,656",

Rated capacity,"2,222",,"2,187",,"2,159",

Percent of capacity occupied/c,,,,,,
   Midyear,82,%,92,%,89,%
   ADP,71,,81,, /,
   Peak day in June,113,,125,,123,

/Not collected  ,,,,,,
a/Based on updated data. ,,,,,,
"b/Average daily population is the number of inmates confined in June, divided by 30.  ",,,,,,
c/Number of inmates in custody divided by rated capacity.,,,,,,
