Bureau of Justice Statistics,,,,
Filename: cshti08t01.csv,,,,
"Table 1. Alleged human trafficking incidents reported by task forces, 2007-08",,,,
"Report title: Characteristics of Suspected Human Trafficking Incidents, 2007-08 NCJ 224526",,,,
Data source: Human Trafficking Reporting System,,,,
"Authors: Tracey Kyckelhahn, Thomas H. Cohen Ph.D., and Allen J. Beck Ph.D. ",,,,
Refer questions to: askbjs@usdoj.gov   202-307-0765,,,,
"Date of version: January 15, 2009",,,,

"Table 1. Alleged human trafficking incidents reported by task forces, 2007-08",,,,
Type of human ,,,,
trafficking incident,,Total incidents,,
,,Number,Percent,
,All incidents,"1,229",100,%
Sex trafficking,,"1,018",82.8,%
,Prostitution*,596,48.5,
,Child sex,391,31.8,
,Other sex trafficking,31,2.5,
Labor trafficking,,146,11.9,%
Other/unknown ,,65,5.3,%
"*Includes any suspicion of force, fraud, or coercion.",,,,
