Bureau of Justice Statistics,,,,,
Filename: cshti08t11.csv,,,,,
"Table 11. Reported data for key items in the human trafficking reporting system, September 2008",,,,,
"Report title: Characteristics of Suspected Human Trafficking Incidents, 2007-08 NCJ 224526",,,,,
Data source: Human Trafficking Reporting System,,,,,
"Authors: Tracey Kyckelhahn, Thomas H. Cohen Ph.D., and Allen J. Beck Ph.D. ",,,,,
Refer questions to: askbjs@usdoj.gov   202-307-0765,,,,,
"Date of version: January 15, 2009",,,,,

"Table 11. Reported data for key items in the human trafficking reporting system, September 2008",,,,,
,,,Incidents with reported data,,
Selected item,,,Number,Percent,
All incidents,,,"1,229",100,%
,Status (open/closed),,"1,229",100,
,Type of human trafficking,,"1,195",97,
,Lead investigating agency,,"1,160",94,
,Number of known victims,,665,54,
,Type of location,,645,52,
,Confirmed case (yes/no/pending),,521,42,
,Number of known suspects,,475,39,
,,,Victims with reported data,,
,,,Number,Percent,
All known victims,,,"1,442",,
,Victims with any reported data,,775,100,%
,,Gender,775,100,
,,Age,751,97,
,,Race/Hispanic origin,695,90,
,,Citizenship,569,73,
,,,Suspects with reported data,,
,,,Number,Percent,
All known suspects,,,871,,
,Suspects with any reported data,,543,100,%
,,Gender,542,100,
,,Age,460,85,
,,Race/Hispanic origin,438,81,
,,Citizenship,313,58,
,,Type of arrest (Federal/State),216,40,
,Arrested suspects,,216,100,%
,,Charges filed,175,81,
,,Current status of case,113,52,
