,Bureau of Justice Statistics,,,,,,,,,,,,,,,,
,Filename: cshti08t02.csv,,,,,,,,,,,,,,,,
,"Table 2. Characteristics of alleged human trafficking incidents reported by task forces, by incident status, 2007-08",,,,,,,,,,,,,,,,
,"Report title: Characteristics of Suspected Human Trafficking Incidents, 2007-08 NCJ 224526",,,,,,,,,,,,,,,,
,Data source: Human Trafficking Reporting System,,,,,,,,,,,,,,,,
,"Authors: Tracey Kyckelhahn, Thomas H. Cohen Ph.D., and Allen J. Beck Ph.D. ",,,,,,,,,,,,,,,,
,Refer questions to: askbjs@usdoj.gov   202-307-0765,,,,,,,,,,,,,,,,
,"Date of version: January 15, 2009",,,,,,,,,,,,,,,,

,"Table 2. Characteristics of alleged human trafficking incidents reported by task forces, by incident status, 2007-08",,,,,,,,,,,,,,,,
,Type of human trafficking incident,,Total incidents,,,Confirmed human trafficking,,,Not human trafficking,,,Human trafficking decision pending/a,,,No data available on whether confirmed human trafficking,,
,,,Number,Percent,,Number,Percent,,Number,Percent,,Number,Percent,,Number,Percent,
All incidents,,,"1,229",100,%,112,100,%,286,100,%,123,100,%,708,100,%
,Sex trafficking,,"1,018",82.8,%,90,80.4,%,205,71.7,%,93,75.6,%,630,89,%
,,Child sex trafficking,391,31.8,,34,30.4,,16,5.6,,30,24.4,,311,43.9,
,,Forced prostitution/b,596,48.5,,52,46.4,,181,63.3,,58,47.2,,305,43.1,
,,Other sex trafficking,31,2.5,,4,3.6,,8,2.8,,5,4.1,,14,2,
,Labor trafficking,,146,11.9,%,18,16.1,%,53,18.5,%,21,17.1,%,54,7.6,%
,Other/unknown ,,65,5.3,%,4,3.6,%,28,9.8,%,9,7.3,%,24,3.4,%
Open incidents/c,,,958,100,%,62,100,%,73,100,%,115,100,%,708,100,%
,Sex trafficking,,812,84.8,%,47,75.8,%,46,63,%,89,77.4,%,630,89,%
,,Child sex trafficking,363,37.9,,20,32.3,,3,4.1,,29,25.2,,311,43.9,
,,Forced prostitutionb,425,44.4,,23,37.1,,42,57.5,,55,47.8,,305,43.1,
,,Other sex trafficking,24,2.5,,4,6.5,,1,1.4,,5,4.3,,14,2,
,Labor trafficking,,99,10.3,%,12,19.4,%,15,20.5,%,18,15.7,%,54,7.6,%
,Other/unknown ,,47,4.9,%,3,4.8,%,12,16.4,%,8,7,%,24,3.4,%
Closed incidents/d,,,271,100,%,50,100,%,213,100,%,8,100,%,0,,
,Sex trafficking,,206,76,%,43,86,%,159,74.2,%,4,50,%,0,,
,,Child sex trafficking,28,10.3,,14,28,,13,6.1,,1,12.5,,0,,
,,Forced prostitutionb,171,63.1,,29,58,,139,65.3,,3,37.5,,0,,
,,Other sex trafficking,7,2.6,,0,0,,7,3.3,,0,0,,0,,
,Labor trafficking,,47,17.3,%,6,12,%,38,17.8,%,3,37.5,%,0,,
,Other/unknown ,,18,6.6,%,1,2,%,16,7.5,%,1,12.5,%,0
"a/This option was added in mid-2008 and may exclude cases not yet updated as of September 30, 2008.",,,,,,,,,,,,,,,
"b/Includes any suspicion of force, fraud, or coercion.",,,,,,,,,,,,,,,
"c/Includes incidents that were under investigation as of September 30, 2008.",,,,,,,,,,,,,,,
d/Includes incidents in which the investigation had been completed.,,,,,,,,,,,,,,,
