Bureau of Justice Statistics,,,,
Filename: fjs19at07.csv,,,,
"Appendix Table 7. Estimates for figure 8: Persons under federal supervision in the community, by type of commitment offense, fiscal year-end 2009 and 2019",,,,
"Report title: Federal Justice Statistics, 2019� NCJ 301158",,,,
"Data source: Bureau of Justice Statistics, based on data from the Administrative Office of the U.S. Courts, Probation and Pretrial Services Automated Case Tracking System, fiscal year-end 2009 and 2019",,,,
"Author: Mark Motivans, Ph.D., BJS Statistician",,,,
Refer questions to: askbjs@usdoj.gov 202-307-0765,,,,
Date of version: 10/28/2021,,,,
,,,,
"Appendix Table 7. Estimates for figure 8: Persons under federal supervision in the community, by type of commitment offense, fiscal year-end 2009 and 2019",,,,
Commitment offense,2019,,2009,
Violent,4.8,%,5.6,%
Fraudulent property,14.1,,18.4,
Other property,2.9,,4.2,
Drug,46.1,,46.6,
Regulatory public order,1.5,,2.1,
Other public order,12.8,,7.8,
Weapon,14.2,,11.5,
Immigration,3.7,,3.9,
Note: The unit of count is a person serving a term under federal supervision in the community. Percentages are based on nonmissing data. There were 513 records missing commitment offense in 2009 and 238 records missing commitment offense in 2019.,,,,
"Source: Bureau of Justice Statistics, based on data from the Administrative Office of the U.S. Courts, Probation and Pretrial Services Automated Case Tracking System, fiscal year-end 2009 and 2019.",,,,
