Bureau of Justice Statistics,,,,,,,,,,,,,,,,
Filename: fjs19t07.csv,,,,,,,,,,,,,,,,
"Table 7. Type and length of sentence imposed for convicted defendants, by offense and district, FY 2019",,,,,,,,,,,,,,,,
"Report title: Federal Justice Statistics, 2019� NCJ 301158",,,,,,,,,,,,,,,,
"Data source: Bureau of Justice Statistics, based on data from the Administrative Office of the U.S. Courts, Criminal Master File, fiscal year 2019",,,,,,,,,,,,,,,,
"Author: Mark Motivans, Ph.D., BJS Statistician",,,,,,,,,,,,,,,,
Refer questions to: askbjs@usdoj.gov 202-307-0765,,,,,,,,,,,,,,,,
Date of version: 10/28/2021,,,,,,,,,,,,,,,,
,,,,,,,,,,,,,,,,
"Table 7. Type and length of sentence imposed for convicted defendants, by offense and district, FY 2019",,,,,,,,,,,,,,,,
,,,,,Type of sentence,,,,,,,,Median sentence length,,,
Most serious offense at case termination,,,,Number convicted,Prison*,,Probation only,,Fine only,,Suspended,,Prison,,Probation,
,All offenses,,,"78,256",72.2,%,8.1,%,1.7,%,18,%,30, mos.,36, mos.
Type of offense,,,,,,,,,,,,,,,,
,Felony,,,"74,144",74.8,%,6.7,%,0.3,%,18.2,%,33, mos.,36, mos.
,,Violent,,"2,439",92.7,,3,,0.2,,4.1,,84,,36,
,,Property,,"7,913",64,,20.3,,1,,14.6,,24,,36,
,,,Fraud,"6,914",65.8,,18,,1.1,,15.1,,24,,36,
,,,Other,999,51.7,,36.7,,0.4,,11.2,,20,,36,
,,Drug,,"20,598",89.8,,4.1,,0.2,,5.9,,66,,36,
,,Public order,,"5,871",79.8,,12.1,,0.8,,7.3,,51,,36,
,,,Regulatory,596,55.7,,31.3,,2.2,,10.8,,24,,36,
,,,Other,"5,275",82.5,,9.9,,0.7,,6.9,,60,,36,
,,Weapon,,"8,863",90.9,,5,,0.1,,3.9,,48,,36,
,,Immigration,,"28,460",59.3,,4.6,,0.1,,35.9,,10,,36,
,Misdemeanor,,,"4,112",25.5,,32.3,,26.5,,15.7,,4,,12,
Federal judicial district,,,,,,,,,,,,,,,,
,U.S.-Mexico border,,,"31,959",67.2,%,6.2,%,0.2,%,26.5,%,14, mos.,36, mos.
,,Arizona,,"5,678",67.3,,6.9,,0.1,,25.7,,14,,36,
,,California Southern,,"4,641",65.1,,5.2,,0.1,,29.5,,18,,60,
,,New Mexico,,"3,988",98.3,,1.6,,<0.01,,0.1,,2,,24,
,,Texas Southern,,"7,788",78.2,,2.9,,0.1,,18.9,,18,,36,
,,Texas Western,,"9,864",46.9,,10.6,,0.3,,42.2,,18,,36,
,Other,,,"46,297",75.7,,9.4,,2.7,,12.2,,54,,36,
Note: Details may not sum to totals due to rounding. The unit of count is a defendant in a case terminated with a conviction and sentence in U.S. district court. Defendants convicted and sentenced in more than one case are counted separately. The most serious offense is determined by court personnel as the offense with the greatest statutory maximum sentence. The median prison term is the midpoint of prison terms imposed. A median of 30 months means that half of defendants received a prison term of less than 30 months and half received a prison term of more than 30 months. There were 201 records missing type of sentence.,,,,,,,,,,,,,,,,
"*Includes sentences to incarceration, such as mixed (a prison term followed by a probation term) and life sentences.",,,,,,,,,,,,,,,,
"Source: Bureau of Justice Statistics, based on data from the Administrative Office of the U.S. Courts, Criminal Master File, fiscal year 2019.",,,,,,,,,,,,,,,,
