Bureau of Justice Statistics,,,,,
Filename: fjs19at04.csv,,,,,
"Appendix Table 4. Estimates for figure 5: Percent of defendants charged in U.S. district court, by sex and most serious offense, FY 2019",,,,,
"Report title: Federal Justice Statistics, 2019� NCJ 301158",,,,,
"Data source: Bureau of Justice Statistics, based on data from the Administrative Office of the U.S. Courts, Probation and Pretrial Services Automated Case Tracking System, fiscal year 2019",,,,,
"Author: Mark Motivans, Ph.D., BJS Statistician",,,,,
Refer questions to: askbjs@usdoj.gov 202-307-0765,,,,,
Date of version: 10/28/2021,,,,,
,,,,,
"Appendix Table 4. Estimates for figure 5: Percent of defendants charged in U.S. district court, by sex and most serious offense, FY 2019",,,,,
Most serious offense,,Male,,Female,
,Total,87.2,%,12.8,%
Violent,,90,,10,
Property,,71.9,,28.1,
Drug,,80.6,,19.4,
Public order,,89.3,,10.7,
Weapon,,95.7,,4.3,
Immigration,,92.2,,7.8,
Note: The unit of count is a defendant in a case filed in U.S. district court. Defendants charged in more than one case are counted separately. Includes defendants charged in U.S. district court with a felony or a Class A or B misdemeanor offense as the most serious charge. Percentages are based on nonmissing data. There were 206 records missing sex of defendant; 219 records were missing offense type.,,,,,
"Source: Bureau of Justice Statistics, based on data from the Administrative Office of the U.S. Courts, Probation and Pretrial Services Automated Case Tracking System, fiscal year 2019.",,,,,
