Bureau of Justice Statistics,,,,,,,,,,,,,,
Filename: rpr34s125yfup1217at15.csv,,,,,,,,,,,,,,
"Appendix Table 15. Standard errors for table 21: Cumulative percent of state prisoners released in 19 states in 2005, 2008, and 2012 who were arrested for a violent offense following release, by sex, race or ethnicity, age at release, most serious commitment offense, and year of release",,,,,,,,,,,,,,
Report title: Recidivism of Prisoners Released in 34 States in 2012: A 5-Year Follow-Up Period (2012�2017) NCJ 255947,,,,,,,,,,,,,,
"Data source: Bureau of Justice Statistics, Recidivism of State Prisoners Released in 2005, 2008, and 2012 data collections",,,,,,,,,,,,,,
"Authors: Matthew R. Durose and Leonardo Antenangeli, Ph.D., BJS Statisticians",,,,,,,,,,,,,,
Refer questions to: askbjs@usdoj.gov 202-307-0765,,,,,,,,,,,,,,
Date of version: 7/29/2021,,,,,,,,,,,,,,
,,,,,,,,,,,,,,
"Appendix Table 15. Standard errors for table 21: Cumulative percent of state prisoners released in 19 states in 2005, 2008, and 2012 who were arrested for a violent offense following release, by sex, race or ethnicity, age at release, most serious commitment offense, and year of release",,,,,,,,,,,,,,
,,Percent arrested for a violent offense within 3 years,,,,,,,Percent arrested for a violent offense within 5 years,,,,,
Characteristic,,2005,,2008,,2012,,,2005,,2008,,2012,
,All released prisoners,0.29,%,0.31,%,0.25,%,,0.33,%,0.34,%,0.28,%
Sex,,,,,,,,,,,,,,
,Male,0.32,%,0.35,%,0.28,%,,0.36,%,0.38,%,0.31,%
,Female,0.39,,0.28,,0.23,,,0.45,,0.33,,0.27,
Race/ethnicity,,,,,,,,,,,,,,
,White,0.42,%,0.45,%,0.35,%,,0.47,%,0.5,%,0.39,%
,Black,0.46,,0.49,,0.42,,,0.5,,0.54,,0.46,
,Hispanic,0.76,,0.81,,0.67,,,0.87,,0.89,,0.74,
,American Indian/Alaska Native,2.99,,3.55,,2.01,,,3.49,,3.47,,2.18,
,Asian/Native Hawaiian/Other Pacific Islander,3.77,,1.05,,1.68,,,4,,3.04,,1.84,
,Other,4.64,,5.49,,3.06,,,5.5,,6.22,,3.31,
Age at release,,,,,,,,,,,,,,
,24 or younger,0.76,%,0.85,%,0.74,%,,0.82,%,0.91,%,0.78,%
,25�39,0.42,,0.46,,0.37,,,0.47,,0.5,,0.4,
,40 or older,0.45,,0.46,,0.36,,,0.53,,0.53,,0.41,
Most serious commitment offense,,,,,,,,,,,,,,
,Violent,0.62,%,0.63,%,0.48,%,,0.7,%,0.68,%,0.52,%
,Property,0.53,,0.58,,0.49,,,0.6,,0.65,,0.54,
,Drug,0.48,,0.54,,0.46,,,0.55,,0.61,,0.51,
,Public order,0.81,,0.84,,0.62,,,0.9,,0.91,,0.69,
"Source: Bureau of Justice Statistics, Recidivism of State Prisoners Released in 2005, 2008, and 2012 data collections.",,,,,,,,,,,,,,
