Bureau of Justice Statistics,,,,,,,,,,,,,,
Filename: rpr34s125yfup1217at14.csv,,,,,,,,,,,,,,
"Appendix Table 14. Standard errors for table 20: Cumulative percent of state prisoners released in 19 states in 2005, 2008, and 2012 who were arrested following release, by sex, race or ethnicity, age at release, most serious commitment offense, and year of release",,,,,,,,,,,,,,
Report title: Recidivism of Prisoners Released in 34 States in 2012: A 5-Year Follow-Up Period (2012�2017) NCJ 255947,,,,,,,,,,,,,,
"Data source: Bureau of Justice Statistics, Recidivism of State Prisoners Released in 2005, 2008, and 2012 data collections",,,,,,,,,,,,,,
"Authors: Matthew R. Durose and Leonardo Antenangeli, Ph.D., BJS Statisticians",,,,,,,,,,,,,,
Refer questions to: askbjs@usdoj.gov 202-307-0765,,,,,,,,,,,,,,
Date of version: 7/29/2021,,,,,,,,,,,,,,
,,,,,,,,,,,,,,
"Appendix Table 14. Standard errors for table 20: Cumulative percent of state prisoners released in 19 states in 2005, 2008, and 2012 who were arrested following release, by sex, race or ethnicity, age at release, most serious commitment offense, and year of release",,,,,,,,,,,,,,
,,Percent arrested within 3 years,,,,,,,Percent arrested within 5 years,,,,,
Characteristic,,2005,,2008,,2012,,,2005,,2008,,2012,
,All released prisoners,0.3,%,0.31,%,0.28,%,,0.27,%,0.28,%,0.26,%
Sex,,,,,,,,,,,,,,
,Male,0.33,%,0.35,%,0.31,%,,0.3,%,0.31,%,0.29,%
,Female,0.58,,0.4,,0.36,,,0.54,,0.37,,0.35,
Race/ethnicity,,,,,,,,,,,,,,
,White,0.49,%,0.49,%,0.42,%,,0.44,%,0.43,%,0.39,%
,Black,0.43,,0.46,,0.46,,,0.36,,0.4,,0.41,
,Hispanic,0.84,,0.87,,0.79,,,0.77,,0.8,,0.74,
,American Indian/Alaska Native,2.91,,2.49,,1.91,,,2.57,,2.33,,1.67,
,Asian/Native Hawaiian/Other Pacific Islander,3.54,,3.36,,1.9,,,3.26,,3.27,,1.88,
,Other,7.54,,5.81,,3.37,,,7.26,,5.02,,3.12,
Age at release,,,,,,,,,,,,,,
,24 or younger,0.65,%,0.74,%,0.7,%,,0.54,%,0.66,%,0.61,%
,25�39,0.42,,0.44,,0.4,,,0.38,,0.38,,0.36,
,40 or older,0.59,,0.58,,0.5,,,0.55,,0.53,,0.48,
Most serious commitment offense,,,,,,,,,,,,,,
,Violent,0.67,%,0.62,%,0.51,%,,0.61,%,0.56,%,0.48,%
,Property,0.53,,0.57,,0.51,,,0.47,,0.49,,0.46,
,Drug,0.54,,0.61,,0.59,,,0.48,,0.55,,0.55,
,Public order,0.88,,0.86,,0.75,,,0.8,,0.77,,0.72,
"Source: Bureau of Justice Statistics, Recidivism of State Prisoners Released in 2005, 2008, and 2012 data collections.",,,,,,,,,,,,,,
