Bureau of Justice Statistics,,,,,,,,,,,,,,,
Filename: nsleedt04,,,,,,,,,,,,,,,
"Table 4. Estimated number and rate of full-time officers reported to the CSLLEA, by agency type and sworn status, 1992, 1996, 2000, 2004, and 2008",,,,,,,,,,,,,,,
Report title: National Sources of Law Enforcement Employment Data,,,,,,,,,,,,,,,
"Sources: Bureau of Justice Statistics, Census of State and Local Law Enforcement Agencies, 1992, 1996, 2000, 2004, and 2008; and U.S. Census Bureau, Intercensal Estimates of the Resident Population for the United States, 1992, 1996, 2000, 2004, and 2008 ",,,,,,,,,,,,,,,
"Author: Duren Banks and Joshua Hendrix, RTI International; Matthew Hickman, Seattle University; Tracey Kyckelhahn, United States Sentencing Commission",,,,,,,,,,,,,,,
"Refer questions to: askbjs@usdoj.gov , 202-307-0765",,,,,,,,,,,,,,,
Date of version: 04/26/2016,,,,,,,,,,,,,,,
,,,,,,,,,,,,,,,
"Table 4. Estimated number and rate of full-time officers reported to the CSLLEA, by agency type and sworn status, 1992, 1996, 2000, 2004, and 2008",,,,,,,,,,,,,,,
,,,,,,,,,,,,,,,
,,1992,,,1996,,,2000*,,,2004,,,2008,
Agency type and ,,,"Per 1,000 ",,,"Per 1,000 ",,,"Per 1,000 ",,,"Per 1,000 ",,,"Per 1,000 "
sworn status,,Number,U.S. residents,,Number,U.S. residents,,Number,U.S. residents,,Number,U.S. residents,,Number,U.S. residents
All agencies,,"841,099",3.29,,"931,977",3.47,,"1,019,496",3.61,,"1,076,949",3.54,,"1,133,915",3.73
,Sworn,"603,954",2.36,,"663,535",2.47,,"708,022",2.51,,"731,895",2.5,,"765,246",2.52
,Nonsworn,"237,145",0.93,,"268,442",1,,"311,474",1.1,,"345,054",1.18,,"368,669",1.21
Local,,"476,261",1.86,,"518,964",1.93,,"561,903",1.99,,"573,199",1.96,,"593,013",1.95
,Sworn,"373,061",1.46,,"408,875",1.52,,"438,123",1.55,,"446,974",1.53,,"461,063",1.52
,Nonsworn,"103,200",0.4,,"110,089",0.41,,"123,780",0.44,,"126,225",0.43,,"131,950",0.43
Sheriffs� offices,,"225,342",0.88,,"257,712",0.96,,"293,823",1.04,,"326,538",1.12,,"353,461",1.16
,Sworn,"136,542",0.53,,"152,922",0.57,,"164,711",0.58,,"175,018",0.6,,"182,979",0.6
,Nonsworn,"88,800",0.35,,"104,790",0.39,,"129,112",0.46,,"151,520",0.52,,"170,482",0.56
State police,,"78,570",0.31,,"83,742",0.31,,"87,028",0.31,,"89,265",0.3,,"93,148",0.31
,Sworn,"52,980",0.21,,"54,587",0.2,,"56,348",0.2,,"58,190",0.2,,"60,772",0.2
,Nonsworn,"25,590",0.1,,"29,155",0.11,,"30,680",0.11,,"31,075",0.11,,"32,376",0.11
All other,,"60,926",0.24,,"71,559",0.27,,"76,742",0.27,,"87,947",0.3,,"94,293",0.31
,Sworn,"41,371",0.16,,"47,151",0.18,,"48,840",0.17,,"51,713",0.18,,"60,432",0.2
,Nonsworn,"19,555",0.08,,"24,408",0.09,,"27,902",0.1,,"36,234",0.12,,"33,861",0.11
Note: Based on full-time employees. Excludes federal agencies.,,,,,,,,,,,,,,,
*Statistics for 2000 combine employees classified as nonsworn and officers without arrest powers. This distinction was not made in other Census of State and Local Law Enforcement Agencies (CSLLEA) administrations.,,,,,,,,,,,,,,,
"Sources: Bureau of Justice Statistics, Census of State and Local Law Enforcement Agencies, 1992, 1996, 2000, 2004, and 2008; and U.S. Census Bureau, Intercensal Estimates of the Resident Population for the United States, 1992, 1996, 2000, 2004, and 2008 .",,,,,,,,,,,,,,,
