Bureau of Justice Statistics,,,,,,
Filename: tbjtsc05t06.csv,,,,,,
"Table 6. Punitive damages sought and awarded in tort trials with plaintiff winners in state courts, by case and trial type, 2005",,,,,,
"Report title: Tort Bench and Jury Trials in State Courts, 2005  NCJ 228129",,,,,,
"Data source: Civil Justice Survey of State Courts, 2005",,,,,,
"Authors: Thomas H. Cohen, J.D., Ph.D.",,,,,,
Refer questions to: askbjs@usdoj.gov 202-307-0765,,,,,,
Date of version: 11/6/2009,,,,,,
,,,,,,
"Table 6. Punitive damages sought and awarded in tort trials with plaintiff winners in state courts, by case and trial type, 2005",,,,,,
,,,,,Punitive damages awarded to plaintiff winners,
Case type and trial type,,Number of trials with plaintiff winners/a,Percent of trials in which punitive damages sought,,Number,Median punitive damage awards/b
,All tort trials/c,"8,763",9.4,%,254,"$55,000 "
Slander/libel,,81,46.9,,24,"13,000"
Intentional tort,,429,32.9,,126,"81,000"
Other/unknown tort,,307,27,,15, **
Animal attack,,108,21.3,,0,0
Conversion,,179,17.3,,12, **
Medical malpractice,,592,9.5,,6, **
Automobile accident,,"6,168",6.8,,67,"8,000"
Professional malpractice,,63,4.8,,1, **
Product liability/d,,102,3.9,,1, **
Premises liability,,725,3.7,,2, **
False arrest/imprisonment,,9,0,,0,0
,Trial type,,,,,
Bench trials,,994,15.5,%,37,"$54,000 "
Jury trials/e,,"7,600",8.6,,204,"100,000"
"Note: Information on whether punitive damages were sought indicates formal requests for punitive damages. In some instances, statutory rules allow jury/judge to consider awarding punitive damages in cases where a formal request is not made. There were an estimated 58 tort trials in which punitive damages were awarded but not formally requested.",,,,,,
**Too few cases to obtain statistically reliable estimates.,,,,,,
a/The number of tort trials with plaintiff winners may differ from other tables because the figure includes tort trials in which the plaintiff won but did not receive monetary damages and 807 bifurcated trials in which the prevailing plaintiff litigated only the damage claim.,,,,,,
"b/Median awards are reported prior to adjustments, post-trial activity, or appeals and are rounded to the nearest thousand.",,,,,,
"c/Includes jury trials, bench trials, trials with a directed verdict, trials that ended in a judgment notwithstanding the verdict, and jury trials for defaulted defendants. ",,,,,,
d/Includes asbestos cases.,,,,,,
"e/Jury category excludes trials where the jury heard the case but did not determine liability, including trials with a directed verdict, trials that ended in a judgment notwithstanding the verdict, and jury trials for defaulted defendants. ",,,,,,
