Bureau of Justice Statistics,,,,
Filename: tbjtsc05t03.csv,,,,
"Table 3. Defective products in product liability trials in state courts, 2005",,,,
"Report title: Tort Bench and Jury Trials in State Courts, 2005  NCJ 228129",,,,
"Data source: Civil Justice Survey of State Courts, 2005",,,,
"Authors: Thomas H. Cohen, J.D., Ph.D.",,,,
Refer questions to: askbjs@usdoj.gov 202-307-0765,,,,
Date of version: 11/6/2009,,,,
,,,,
"Table 3. Defective products in product liability trials in state courts, 2005",,,,
,,Product liability trials,,
Type of defective product,,Number,Percent,
,All product liability trials,346,100,%
Toxic substances/a,,96,27.8,
Other product/b,,52,15,
Equipment/machinery/tools/c,,49,14.1,
Home appliances/entertainment/d,,38,11,
Food in restaurants/stores,,38,11,
Automobile/truck/airplane transportation,,35,10.1,
Drugs/cosmetics,,21,6.1,
Sporting goods equipment,,10,2.8,
Implants/prostheses/other medical devices,,7,2,
Note: Type of defective product was known for 346 of the 354 product liability trials. Detail may not sum to total because of rounding.,,,,
"a/Includes asbestos, tobacco, chemicals, and other toxic substances. More than 90% of toxic substances trials involved asbestos claims.",,,,
"b/Includes clothing, footwear, textiles, oil, gasoline, and kerosene.",,,,
"c/Includes heavy industrial equipment and machinery, such as construction, electrical, and manufacturing equipment.",,,,
"d/Includes large and small appliances used in homes, such as washers, stoves, toasters, and space heaters. Also includes workshop tools, yard equipment, and building components used in homes. Entertainment products include televisions, stereos, VCRs, and computer equipment.",,,,
