Bureau of Justice Statistics,,,,,,,,,,,,
Filename: jcacc14at02.csv,,,,,,,,,,,,
"Appendix table 2. Counts for map 1: Upper age of juvenile court jurisdiction, by U.S. state, 2014",,,,,,,,,,,,
"Report title: Juveniles Charged in Adult Criminal Courts, 2014   NCJ 309096",,,,,,,,,,,,
"Data Source: National Center for Juvenile Justice, Juvenile Justice Geography, Policy, Practice & Statistics, http://www.jjgps.org/jurisdictional-boundaries#delinquency-age-boundaries?year=2018&ageGroup=1",,,,,,,,,,,,
"Author: Suzanne Strong, PhD, BJS Statistician",,,,,,,,,,,,
Refer questions to: askbjs@usdoj.gov 202-307-0765,,,,,,,,,,,,
Date of version: 1/6/25,,,,,,,,,,,,
,,,,,,,,,,,,
"Appendix table 2. Counts for map 1: Upper age of juvenile court jurisdiction, by U.S. state, 2014",,,,,,,,,,,,
State,Upper age of juvenile court jurisdiction,,,,,,,,,,,
Alabama*,17,,,,,,,,,,,
Alaska,17,,,,,,,,,,,
Arizona,17,,,,,,,,,,,
Arkansas*,17,,,,,,,,,,,
California,17,,,,,,,,,,,
Colorado*,17,,,,,,,,,,,
Connecticut*,17,,,,,,,,,,,
Delaware*,17,,,,,,,,,,,
District of Columbia,17,,,,,,,,,,,
Florida*,17,,,,,,,,,,,
Georgia,16,,,,,,,,,,,
Hawaii*,17,,,,,,,,,,,
Idaho,17,,,,,,,,,,,
Illinois,17,,,,,,,,,,,
Indiana,17,,,,,,,,,,,
Iowa*,17,,,,,,,,,,,
Kansas,17,,,,,,,,,,,
Kentucky,17,,,,,,,,,,,
Louisiana,16,,,,,,,,,,,
Maine,17,,,,,,,,,,,
Maryland,17,,,,,,,,,,,
Massachusetts*,17,,,,,,,,,,,
Michigan*,16,,,,,,,,,,,
Minnesota*,17,,,,,,,,,,,
Mississippi,17,,,,,,,,,,,
Missouri,16,,,,,,,,,,,
Montana*,17,,,,,,,,,,,
Nebraska*,17,,,,,,,,,,,
Nevada,17,,,,,,,,,,,
New Hampshire,16,,,,,,,,,,,
New Jersey,17,,,,,,,,,,,
New Mexico*,17,,,,,,,,,,,
New York*,15,,,,,,,,,,,
North Carolina*,15,,,,,,,,,,,
North Dakota*,17,,,,,,,,,,,
Ohio,17,,,,,,,,,,,
Oklahoma,17,,,,,,,,,,,
Oregon*,17,,,,,,,,,,,
Pennsylvania*,17,,,,,,,,,,,
Rhode Island*,17,,,,,,,,,,,
South Carolina,16,,,,,,,,,,,
South Dakota*,17,,,,,,,,,,,
Tennessee,17,,,,,,,,,,,
Texas,16,,,,,,,,,,,
Utah*,17,,,,,,,,,,,
Vermont*,17,,,,,,,,,,,
Virginia,17,,,,,,,,,,,
Washington,17,,,,,,,,,,,
West Virginia,17,,,,,,,,,,,
Wisconsin,16,,,,,,,,,,,
Wyoming,17,,,,,,,,,,,
*State provided data used in the Survey of Juveniles Charged in Adult Criminal Courts report. ,,,,,,,,,,,,
"Source: National Center for Juvenile Justice, Juvenile Justice Geography, Policy, Practice & Statistics, http://www.jjgps.org/jurisdictional-boundaries#delinquency-age-boundaries?year=2018&ageGroup=1.",,,,,,,,,,,,
