Bureau of Justice Statistics,,,,,,,,,,,,,,
Filename: jcacc14t02.csv,,,,,,,,,,,,,,
"Table 2. Most serious offense at arrest in 23 states, by age of offender and state upper age of juvenile court jurisdiction, 2014",,,,,,,,,,,,,,
"Report title: Juveniles Charged in Adult Criminal Courts, 2014   NCJ 309096",,,,,,,,,,,,,,
"Data Source: Bureau of Justice Statistics, Survey of Juveniles Charged in Adult Criminal Courts, 2014",,,,,,,,,,,,,,
"Author: Suzanne Strong, PhD, BJS Statistician",,,,,,,,,,,,,,
Refer questions to: askbjs@usdoj.gov 202-307-0765,,,,,,,,,,,,,,
Date of version: 1/6/25,,,,,,,,,,,,,,
,,,,,,,,,,,,,,
"Table 2. Most serious offense at arrest in 23 states, by age of offender and state upper age of juvenile court jurisdiction, 2014",,,,,,,,,,,,,,
,,,Most serious offense at arrest,,,,,,,,,,,
Age of offender,,Total,Violent,,Property ,,Drug,,Public order,,Weapons,,Driving-related,
,Total,"23,553",17.5,%,31.8,%,6.9,%,18.9,%,4.4,%,20.4,%
Upper age of juvenile court jurisdiction less than 17/a,,,,,,,,,,,,,,
,Total,"15,410",12.8,%,37.2,%,6.2,%,23.7,%,5.8,%,14.3,%
12�14,,48,87.5,,4.2, !,0,,2.1, !,6.3, !,0,
15,,148,83.8,,7.4,,0,,0.7, !,8.1,,0,
16,,"5,940",13.0,,41.0,,4.8,,25.4,,6.3,,9.4,
17,,"9,274",11.2,,35.5,,7.2,,23.1,,5.4,,17.7,
Upper age of juvenile court jurisdiction 17/b,,,,,,,,,,,,,,
,Total,"8,143",26.5,%,21.5,%,8.4,%,9.7,%,1.9,%,32.1,%
12�14,,293,40.0,,13.8,,4.1,,7.9,,3.4,,30.7,
15,,639,33.8,,14.1,,2.7,,7.7,,2.6,,39.1,
16,,"2,260",29.1,,18.4,,5,,8.7,,1.9,,37,
17,,"4,951",23.7,,24.3,,10.8,,10.5,,1.7,,29.1,
Note: Percentages may not sum to 100 due to rounding. Excludes two cases (state upper age of juvenile court jurisdiction less than 17) and 98 cases (state upper age of juvenile court jurisdiction 17) where the seriousness of the arrest charge was unknown. Percentages based on nonmissing data. Four states provided information on convicted cases only.,,,,,,,,,,,,,,
! Interpret with caution. Estimate is based on 10 or fewer cases or the coefficient of variation is more than 50%.,,,,,,,,,,,,,,
"a/Michigan, New York, and North Carolina.",,,,,,,,,,,,,,
"b/Alabama, Arkansas, Colorado, Connecticut, Delaware, Florida, Hawaii, Iowa, Massachusetts, Minnesota, Montana,  Nebraska, New Mexico, North Dakota, Oregon, Pennsylvania, Rhode Island, South Dakota, Utah, and Vermont.",,,,,,,,,,,,,,
"Source: Bureau of Justice Statistics, Survey of Juveniles Charged in Adult Criminal Courts, 2014.",,,,,,,,,,,,,,
,,,,,,,,,,,,,,
,,,,,,,,,,,,,,
,,,,,,,,,,,,,,
,,,,,,,,,,,,,,
,,,,,,,,,,,,,,
,,,,,,,,,,,,,,
,,,,,,,,,,,,,,
,,,,,,,,,,,,,,
,,,,,,,,,,,,,,
,,,,,,,,,,,,,,
,,,,,,,,,,,,,,
,,,,,,,,,,,,,,
