Bureau of Justice Statistics,,,,,,,,,,,,,,,
Filename: jcacc14t10.csv,,,,,,,,,,,,,,,
"Table 10. Percent of persons ages 12 to 17 sentenced in adult criminal courts in 23 states, by most serious offense at disposition,�2014",,,,,,,,,,,,,,,
"Report title: Juveniles Charged in Adult Criminal Courts, 2014   NCJ 309096",,,,,,,,,,,,,,,
"Data Source: Bureau of Justice Statistics, Survey of Juveniles Charged in Adult Criminal Courts, 2014",,,,,,,,,,,,,,,
"Author: Suzanne Strong, PhD, BJS Statistician",,,,,,,,,,,,,,,
Refer questions to: askbjs@usdoj.gov 202-307-0765,,,,,,,,,,,,,,,
Date of version: 1/6/25,,,,,,,,,,,,,,,
,,,,,,,,,,,,,,,
"Table 10. Percent of persons ages 12 to 17 sentenced in adult criminal courts in 23 states, by most serious offense at disposition,�2014",,,,,,,,,,,,,,,
Most serious offense at disposition,,Total,Prison only/a,,Jail only,,Split sentence/b,,Probation only,,Other sentence only/c,,Costs or restitution only,,
,Total,"8,530",16.3,%,15.1,%,9.6,%,20.5,%,6.5,%,31.9,%,
Violent,,"2,137",35.5,,11.8,,17.3,,22.6,,8.7,,4.1,,
Property,,"2,464",16.4,,20.9,,10.3,,31.8,,5.9,,14.7,,
Drug,,674,9.1,,20.4,,8.4,,22.5,,2.4,,37.3,,
Public order,,727,6.6,,20.9,,7.9,,17.7,,2.6,,44.2,,
Weapons,,373,27.9,,22.6,,7.6,,32.4,,1.8, !,7.6,,
Driving-related,,"2,115",0,,6.1,,2.2,,4.5,,8.5,,78.7,,
"Note: Percentages may not sum to 100 due to rounding. Excludes 804 convictions missing sentences and 40 offenses missing type of offense. Four states provided information on convicted cases only. Two states did not provide any information about case outcomes. One state provided information on case outcomes, but not for sentencing. Percentages based on nonmissing data. Only the most serious sentencing type is counted and is ordered in terms of seriousness: prison only, jail only, split sentence, probation only, other sentence only, or court costs and restitution only.",,,,,,,,,,,,,,,
! Interpret with caution. Estimate is based on 10 or fewer cases or the coefficient of variation exceeds 50%.,,,,,,,,,,,,,,,
a/Includes sentences to life and life without parole.,,,,,,,,,,,,,,,
b/Includes sentences to incarceration (prison or jail) and probation. ,,,,,,,,,,,,,,,
"c/Includes sentences to youthful offender program or juvenile facility, treatment/counseling, blended juvenile/adult sentence, community service, license suspended, license revoked, and unspecified other.",,,,,,,,,,,,,,,
"Source: Bureau of Justice Statistics, Survey of Juveniles Charged in Adult Criminal Courts, 2014.",,,,,,,,,,,,,,,
,,,,,,,,,,,,,,,
,,,,,,,,,,,,,,,
,,,,,,,,,,,,,,,
,,,,,,,,,,,,,,,
,,,,,,,,,,,,,,,
