"Bureau of Justice Statistics",,,,,,,,
"filename: cfj946_4.csv",,,,,,,,
"Compendium of Federal Justice Statistics, 1994",,,,,,,,
"table # 6.4",,,,,,,,
"contents:  Federal case processing data",,,,,,,,
"data source: Federal Justice Statistics database maintained by the Urban Institute",,,,,,,,
"refer questions to: Scalia@ojp.usdoj.gov (202) 616-3276",,,,,,,,
"coordinator: John Scalia and Steve Smith (202) 616-3485",,,,,,,,
"date of version 2/20/98",,,,,,,,
,,,,,,,,
"Table 6.4.  Characteristics of offenders terminating parole or supervised release, 1994",,,,,,,,
,,,,,,,,
,,"Number of",,,,,,
,,"terminations","Percent terminating supervisions with:",,,,,
,,"of parole or",,"Technical violations\a",,,,
,,"supervised","No","Drug","Fugative",,"New","Administrative"
"Offender characteristic",,"release","violation","use","status","Other","crime\b","case closures"
," All offenders",19187,55.9,9.4,4.4,11.9,14.0,4.4
"Sex",,,,,,,,
,"Male",17042,54.4,9.5,4.5,12.2,14.9,4.5
,"Female",2145,67.9,8.8,3.7,8.9,7.0,3.7
"Race",,,,,,,,
,"White",12812,62.1,7.4,4.3,10.5,11.6,4.2
,"Black",5639,41.5,14.7,4.7,14.6,19.3,5.2
,"Other",581,54.6,3.4,4.5,17.2,17.2,3.1
"Ethnicity",,,,,,,,
,"Hispanic",2818,51.5,10.5,6.9,12.1,13.8,5.2
,"Non-Hispanic",16369,56.7,9.2,4.0,11.8,14.0,4.3
"Age",,,,,,,,
,"16-18 years",5,0.0,20.0,0.0,40.0,40.0,0.0
,"19-20 years",82,36.6,12.2,13.4,22.0,12.2,3.7
,"21-30 years",4100,45.3,9.6,6.0,16.8,18.4,3.9
,"31-40 years",7184,52.7,11.5,4.6,12.4,14.4,4.3
,"Over 40 years",7774,64.6,7.3,3.3,8.6,11.3,4.8
"Education",,,,,,,,
,"Less than high school graduate",8017,48.5,11.5,5.1,13.8,16.3,4.8
,"High school graduate",6473,55.8,9.1,4.4,12.2,14.3,4.1
,"Some college",3385,64.4,8.1,3.5,9.0,11.0,4.0
,"College graduate",1211,81.0,1.5,1.6,5.6,5.7,4.6
"Drug abuse",,,,,,,,
,"No known abuse",10305,66.5,3.4,4.1,9.9,11.8,4.5
,"Drug history",8868,43.7,16.4,4.8,14.2,16.5,4.4
,,,,,,,,
"(SEE PRINTED REPORT FOR FOOTNOTES)",,,,,,,,
