"Bureau of Justice Statistics",,,,,,,,,,,,,
"filename:  cv9840.csv",,,,,,,,,,,,,
"Table 40: Percent distribution of single-offender victimizations,",,,,,,,,,,,,,
"by type of crime and perceived race of offender",,,,,,,,,,,,,
"data source: National Criminal Victimization Survey, 1998    NCJ 181585",,,,,,,,,,,,,
"produced by:  Cathy Maston",,,,,,,,,,,,,
"authors:  Patsy Klaus and Cathy Maston",,,,,,,,,,,,,
"refer questions to:  askbjs@ojp.usdoj.gov     202-307-0765",,,,,,,,,,,,,
"date of version: 03/28/00",,,,,,,,,,,,,
,,,,,,,,,,,,,
,,,,,,,,,,,,,
"Table 40. Personal crimes of violence, 1998:",,,,,,,,,,,,,
,,,,,,,,,,,,,
"Percent distribution of single-offender victimizations,",,,,,,,,,,,,,
"by type of crime and perceived race of offender",,,,,,,,,,,,,
,,,,,,,,,,,,,
"       ",,,,,,,,,,"                                                                                                                                                                                           Percent of single-offender victimizations",,,
,,,,,,,,,,"                                                                               Perceived race of offender",,,
"                                                                                                                ",,"Number of",,,,,,,,,,"Not known",
,,"single-offender",,,,,,,,,,"and not",
"Type of crime",,"victimizations",,"  Total",," White",," Black",," Other",,"available",
,,,,,,,,,,,,,
,,,,,,,,,,,,,
"Crimes of violence",,6352230,,100,"%",65.8,"%",22.5,"%",9.4,"%",2.2,"%"
,,,,,,,,,,,,,
"   Completed violence",,1899210,,100,"%",65.4,,21.5,,10.9,,2.2,
"   Attempted/threatened violence",,4453010,,100,"%",66.0,,23.0,,8.7,,2.3,
"   Rape/Sexual assault/a",,279510,,100,"%",64.3,,19.7,,14.0,,2.0,"*"
"   Robbery",,547500,,100,"%",44.3,,39.6,,10.1,,6.0,
"      Completed/property taken",,373800,,100,"%",45.5,,38.5,,9.8,,6.1,"*"
"         With injury",,92970,,100,"%",45.4,,32.3,,19.5,"*",2.9,"*"
"         Without injury",,280830,,100,"%",45.6,,40.6,,6.6,"*",7.2,"*"
"      Attempted to take property",,173690,,100,"%",41.5,,41.9,,10.8,"*",5.8,"*"
"         With injury",,40480,,100,"%",43.9,"*",50.9,"*",5.2,"*",0.0,"*"
"         Without injury",,133210,,100,"%",40.8,,39.2,,12.4,"*",7.6,"*"
"   Assault",,5525210,,100,"%",68.1,,21.0,,9.1,,1.9,
"      Aggravated",,1211690,,100,"%",60.3,,26.6,,11.7,,1.4,"*"
"      Simple",,4313510,,100,"%",70.2,,19.4,,8.3,,2.0,
,,,,,,,,,,,,,
,,,,,,,,,,,,,
"Note: Detail may not add to total shown because of rounding.",,,,,,,,,,,,,
"* Estimate is based on about 10 or fewer sample cases.",,,,,,,,,,,,,
"a/Includes verbal threats of rape and threats of sexual assault.",,,,,,,,,,,,,
