"Bureau of Justice Statistics",,,,,,
"filename:  cv9826.csv",,,,,,
"Table 26: Number of incidents and victimizations and ratio",,,,,,
"of victimizations to incidents, by type of crime",,,,,,
"data source: National Criminal Victimization Survey, 1998    NCJ 181585",,,,,,
"produced by:  Cathy Maston",,,,,,
"authors:  Patsy Klaus and Cathy Maston",,,,,,
"refer questions to:  askbjs@ojp.usdoj.gov     202-307-0765",,,,,,
"date of version: 03/28/00",,,,,,
,,,,,,
,,,,,,
"Table 26. Personal crimes, 1998:  ",,,,,,
,,,,,,
"Number of incidents and victimizations and ratio",,,,,,
"of victimizations to incidents, by type of crime",,,,,,
"    ",,,,,,
"Type of crime         ",,"     Incidents",,"Victimizations",," Ratio"
,,,,,,
,,,,,,
"Personal crimes",,7729290,,8411860,,1.09
,,,,,,
"  Crimes of violence",,7433670,,8116240,,1.09
"    Completed violence",,2350550,,2563740,,1.09
"    Attempted/threatened violence",,5083120,,5552500,,1.09
"   Rape/Sexual assault",,328130,,332500,,1.01
"      Rape/Attempted rape",,195400,,199760,,1.02
"         Rape",,109120,,110270,,1.01
"         Attempted rape/a",,86270,,89490,,1.04
"      Sexual assault/b",,132740,,132740,,1.00
"    Robbery",,833050,,886490,,1.06
"      Completed/property taken",,572270,,609710,,1.07
"         With injury",,159090,,170290,,1.07
"         Without injury",,413180,,439420,,1.06
"      Attempted to take property",,260770,,276780,,1.06
"         With injury",,64880,,69500,,1.07
"         Without injury",,195900,,207290,,1.06
"    Assault",,6272490,,6897250,,1.10
"      Aggravated",,1457800,,1673640,,1.15
"         With injury",,474320,,547280,,1.15
"         Threatened with weapon",,983480,,1126370,,1.15
"      Simple",,4814690,,5223610,,1.08
"         With minor injury",,1073810,,1175470,,1.09
"         Without injury",,3740870,,4048140,,1.08
" Purse snatching/Pocket picking",,295620,,295620,,1.00
"    Completed purse snatching",,47350,,47350,,1.00
"    Attempted purse snatching",,9290,"*",9290,,1.00
"    Pocket picking",,238980,,238980,,1.00
,,,,,,
"Note: Detail may not add to total shown because of rounding.",,,,,,
"* Estimate is based on about 10 or fewer sample cases.",,,,,,
"a/Includes verbal threats of rape.",,,,,,
"b/Includes threats.",,,,,,
