"Bureau of Justice Statistics",,,,,,,,,,,
"filename:  cv9838.csv",,,,,,,,,,,
"Table 38: Percent distribution of single-offender victimizations,",,,,,,,,,,,
"by type of crime and perceived gender of offender",,,,,,,,,,,
"data source: National Criminal Victimization Survey, 1998   NCJ 181585",,,,,,,,,,,
"produced by:  Cathy Maston",,,,,,,,,,,
"authors:  Patsy Klaus and Cathy Maston",,,,,,,,,,,
"refer questions to:  askbjs@ojp.usdoj.gov     202-307-0765",,,,,,,,,,,
"date of version: 03/28/00",,,,,,,,,,,
,,,,,,,,,,,
,,,,,,,,,,,
"Table 38. Personal crimes of violence, 1998:",,,,,,,,,,,
,,,,,,,,,,,
"Percent distribution of single-offender victimizations,",,,,,,,,,,,
"by type of crime and perceived gender of offender",,,,,,,,,,,
,,,,,,,,,,,
,,,,,,,,,"                                                                                                    Percent of single offender victimizations",,
,,,,,,,,"Perceived gender of offender",,,
,,"Number of",,,,,,,,"Not known",
,,"single-offender",,,,,,,,"and not",
"Type of crime",,"victimizations",,"  Total",,"  Male",,"Female",,"available",
,,,,,,,,,,,
,,,,,,,,,,,
"Crimes of violence",,6352230,,100,"%",81.6,"%",17.8,"%",0.6,"%"
,,,,,,,,,,,
"   Completed violence",,1899210,,100,"%",81.5,,17.5,,1.0,"*"
"   Attempted/threatened violence",,4453010,,100,"%",81.7,,18.0,,0.4,"*"
"   Rape/Sexual assault/a",,279510,,100,"%",97.3,,2.7,"*",0.0,"*"
"   Robbery",,547500,,100,"%",88.2,,10.4,,1.4,"*"
"      Completed/property taken",,373800,,100,"%",87.6,,10.4,,2.0,"*"
"         With injury",,92970,,100,"%",86.4,,10.8,"*",2.9,"*"
"         Without injury",,280830,,100,"%",87.9,,10.3,,1.7,"*"
"      Attempted to take property",,173690,,100,"%",89.7,,10.3,"*",0.0,"*"
"         With injury",,40480,,100,"%",80.8,,19.2,"*",0.0,"*"
"         Without injury",,133210,,100,"%",92.4,,7.6,"*",0.0,"*"
"   Assault",,5525210,,100,"%",80.2,,19.3,,0.5,
"      Aggravated",,1211690,,100,"%",83.6,,14.9,,1.6,"*"
"      Simple",,4313510,,100,"%",79.2,,20.6,,0.2,"*"
,,,,,,,,,,,
,,,,,,,,,,,
"Note: Detail may not add to total shown because of rounding.",,,,,,,,,,,
"* Estimate is based on about 10 or fewer sample cases.",,,,,,,,,,,
"a/Includes verbal threats of rape and threats of sexual assault.",,,,,,,,,,,
