"Bureau of Justice Statistics",,,,,,,,,,,,,
"filename:  cv9844.csv",,,,,,,,,,,,,
"Table 44: Percent distribution of multiple-offender victimizations,",,,,,,,,,,,,,
"by type of crime and perceived gender of offenders",,,,,,,,,,,,,
"data source: National Criminal Victimization Survey, 1998    NCJ 181585",,,,,,,,,,,,,
"produced by:  Cathy Maston ",,,,,,,,,,,,,
"authors:  Patsy Klaus and Cathy Maston",,,,,,,,,,,,,
"refer questions to:  askbjs@ojp.usdoj.gov     202-307-0765",,,,,,,,,,,,,
"date of version: 03/28/00",,,,,,,,,,,,,
,,,,,,,,,,,,,
,,,,,,,,,,,,,
"Table 44. Personal crimes of violence, 1998:",,,,,,,,,,,,,
,,,,,,,,,,,,,
"Percent distribution of multiple-offender victimizations,",,,,,,,,,,,,,
"by type of crime and perceived gender of offenders",,,,,,,,,,,,,
,,,,,,,,,,,,,
"       ",,,,,,,,"                                                                  Percent of all multiple-offender victimizations",,,,,
"                                                                                                                                         ",,"Number of",,,,,,"                                                                                                              Perceived gender of offenders",,,,,
,,"multiple-",,,,,,,,,,"Not known",
"                                                                                                                ",,"offender",,,," All",,"All",,"Male and",,"and not",
"Type of crime",,"victimizations",,"Total",," male",,"female",,"female",,"available",
,,,,,,,,,,,,,
,,,,,,,,,,,,,
"Crimes of violence",,1660000,,100,"%",73.6,"%",9.6,"%",13.4,"%",3.4,"%"
,,,,,,,,,,,,,
"   Completed violence",,617490,,100,"%",76.7,,6.9,,11.0,,5.4,"*"
"   Attempted/threatened violence",,1042510,,100,"%",71.7,,11.2,,14.9,,2.2,"*"
"   Rape/Sexual assault/a",,47810,,100,"%",87.1,,0.0,"*",12.9,"*",0.0,"*"
"   Robbery",,320280,,100,"%",80.5,,0.8,"*",14.4,,4.3,"*"
"      Completed/property taken",,222430,,100,"%",78.3,,0.0,"*",15.5,"*",6.2,"*"
"         With injury",,66120,,100,"%",81.2,,0.0,"*",11.2,"*",7.6,"*"
"         Without injury",,156310,,100,"%",77.1,,0.0,"*",17.3,"*",5.6,"*"
"      Attempted to take property",,97840,,100,"%",85.5,,2.6,"*",11.8,"*",0.0,"*"
"         With injury",,26000,"*",100,"%*",83.5,"*",0.0,"*",16.5,"*",0.0,"*"
"         Without injury",,71830,,100,"%",86.3,,3.6,"*",10.1,"*",0.0,"*"
"   Assault",,1291910,,100,"%",71.3,,12.2,,13.2,,3.3,"*"
"      Aggravated",,434950,,100,"%",74.3,,7.6,,14.1,,4.0,"*"
"      Simple",,856960,,100,"%",69.8,,14.5,,12.8,,2.9,"*"
,,,,,,,,,,,,,
,,,,,,,,,,,,,
"Note: Detail may not add to total shown because of rounding.",,,,,,,,,,,,,
"* Estimate is based on about 10 or fewer sample cases.",,,,,,,,,,,,,
"a/Includes verbal threats of rape and threats of sexual assault.",,,,,,,,,,,,,
