"Bureau of Justice Statistics",,,,,,,,,,,,,,,,,
"filename:  cv9834.csv",,,,,,,,,,,,,,,,,
"Table 34: Percent distribution of victimizations,",,,,,,,,,,,,,,,,,
"by type of crime and relationship to offender",,,,,,,,,,,,,,,,,
"data source: National Criminal Victimization Survey, 1998    NCJ 181585",,,,,,,,,,,,,,,,,
"produced by:  Cathy Maston",,,,,,,,,,,,,,,,,
"authors:  Patsy Klaus and Cathy Maston",,,,,,,,,,,,,,,,,
"refer questions to:  askbjs@ojp.usdoj.gov     202-307-0765",,,,,,,,,,,,,,,,,
"date of version: 04/04/00",,,,,,,,,,,,,,,,,
,,,,,,,,,,,,,,,,,
,,,,,,,,,,,,,,,,,
"Table 34. Family violence, 1998:",,,,,,,,,,,,,,,,,
,,,,,,,,,,,,,,,,,
"Percent distribution of victimizations,",,,,,,,,,,,,,,,,,
"by type of crime and relationship to offender",,,,,,,,,,,,,,,,,
,,,,,,,,,,,,,,,,,
,,,,,,,,,,"                         Percent of victimizations",,,,,,,
,,"Total",,,,,,,,,"Related",,,,,,
,,"number of",,"Total",,,,,,"Ex-",,,,"  Own",,"Other",
"Type of crime",,"victimizations",,"crimes",,"Total",," Spouse",,"spouse",,"Parent",,"  child",,"relatives",
,,,,,,,,,,,,,,,,,
,,,,,,,,,,,,,,,,,
"Crimes of violence",,8116240,,100,"%",11.7,"%",4.2,"%",1.6,"%",0.8,"%",1.3,"%",3.8,"%"
,,,,,,,,,,,,,,,,,
"   Completed violence",,2563740,,100,"%",15.9,,6.3,,1.4,,0.6,"*",2.1,,5.5,
"   Attempted/threatened violence",,5552500,,100,"%",9.8,,3.2,,1.7,,0.9,,0.9,,3.1,
"   Rape/Sexual assault/b",,332500,,100,"%",12.4,,2.9,"*",1.9,"*",1.7,"*",0.0,"*",5.9,"*"
"   Robbery",,886490,,100,"%",15.9,,5.8,,1.8,"*",0.7,"*",1.3,"*",6.3,
"      Completed/property taken",,609710,,100,"%",19.0,,7.3,,0.8,"*",1.0,"*",1.2,"*",8.7,
"      Attempted to take property",,276780,,100,"%",8.9,"*",2.3,"*",4.2,"*",0.0,"*",1.6,"*",0.8,"*"
"   Assault",,6897250,,100,"%",11.2,,4.0,,1.6,,0.8,,1.3,,3.4,
"      Aggravated",,1673640,,100,"%",10.7,,3.4,,1.1,"*",0.7,"*",1.5,"*",4.0,
"      Simple",,5223610,,100,"%",11.3,,4.3,,1.7,,0.8,,1.3,,3.2,
,,,,,,,,,,,,,,,,,
,,,,,,,"                        Percent of victimizations",,,,,,,,,,
,,,,"Casual",,"Don't know",,,,"Don't know",,,,,,,
,,"   Well-",,"acquaint-",,"relation-",,,,"number of",,,,,,,
"Type of crime",,"   known/a",,"ances",,"ship",,"Strangers",,"offenders",,,,,,,
,,,,,,,,,,,,,,,,,
,,,,,,,,,,,,,,,,,
"Crimes of violence",,24.7,"%",15.2,"%",2.6,"%",44.4,"%",1.3,"%",,,,,,
,,,,,,,,,,,,,,,,,
"   Completed violence",,29.5,,11.5,,3.8,,37.4,,1.8,,,,,,,
"   Attempted/threatened violence",,22.5,,16.9,,2.0,,47.6,,1.0,,,,,,,
"   Rape/Sexual assault/b",,40.3,,19.2,,1.7,"*",24.9,,1.6,"*",,,,,,
"   Robbery",,14.3,,5.7,,5.0,,57.0,,2.1,"*",,,,,,
"      Completed/property taken",,12.8,,2.9,"*",6.0,,57.0,,2.2,"*",,,,,,
"      Attempted to take property",,17.6,,11.8,,2.8,"*",57.0,,1.9,"*",,,,,,
"   Assault",,25.3,,16.3,,2.3,,43.7,,1.2,,,,,,,
"      Aggravated",,24.6,,11.6,,3.2,,48.3,,1.6,"*",,,,,,
"      Simple",,25.6,,17.8,,2.0,,42.3,,1.0,,,,,,,
,,,,,,,,,,,,,,,,,
,,,,,,,,,,,,,,,,,
"Note: Detail may not add to total shown because of rounding.",,,,,,,,,,,,,,,,,
"* Estimate is based on about 10 or fewer sample cases.",,,,,,,,,,,,,,,,,
"a/Includes data on offenders well known to the victim whose relationship",,,,,,,,,,,,,,,,,
"to the victim could not be ascertained.",,,,,,,,,,,,,,,,,
"b/Includes verbal threats of rape and threats of sexual assault.",,,,,,,,,,,,,,,,,
