"Bureau of Justice Statistics",,,,,,,,,,,,,,
"filename:  cv9830.csv",,,,,,,,,,,,,,
"Table 30: Percent of victimizations involving strangers,",,,,,,,,,,,,,,
"by gender and race of victims and type of crime",,,,,,,,,,,,,,
"data source: National Criminal Victimization Survey, 1998    NCJ 181585",,,,,,,,,,,,,,
"produced by:  Cathy Maston",,,,,,,,,,,,,,
"authors:  Patsy Klaus and Cathy Maston",,,,,,,,,,,,,,
"refer questions to:  askbjs@ojp.usdoj.gov     202-307-0765",,,,,,,,,,,,,,
"date of version: 03/28/00",,,,,,,,,,,,,,
,,,,,,,,,,,,,,
,,,,,,,,,,,,,,
"Table 30. Personal crimes of violence, 1998:",,,,,,,,,,,,,,
,,,,,,,,,,,,,,
"Percent of victimizations involving strangers,",,,,,,,,,,,,,,
"by gender and race of victims and type of crime",,,,,,,,,,,,,,
,,,,,,,,,,,,,,
,,,,,,"Percent of victimizations involving strangers",,,,,,,,
,,,"Crimes",,"Rape/",,,,,,,,,
,,,"of",,"Sexual",,,,,,"Assault",,,
"Gender and race",,,"violence",,"assault/a",,"Robbery",,"     Total",,"Aggravated",,"   Simple",
,,,,,,,,,,,,,,
,,,,,,,,,,,,,,
"Both gender",,,,,,,,,,,,,,
,"White",,47.7,"%",24.2,"%",60.1,"%",47.3,"%",52.7,"%",45.7,"%"
,"Black",,48.9,,51.2,"*",76.4,,43.9,,52.5,,39.2,
,,,,,,,,,,,,,,
"Male",,,,,,,,,,,,,,
,"White",,58.3,,41.1,"*",72.2,,56.9,,60.0,,55.8,
,"Black",,55.1,,0.0,"*",95.5,,49.6,,56.8,,43.8,
,,,,,,,,,,,,,,
"Female",,,,,,,,,,,,,,
,"White",,32.9,,23.3,,44.2,,32.5,,37.2,,31.5,
,"Black",,42.3,,57.8,"*",58.6,,37.4,,43.5,,35.3,
,,,,,,,,,,,,,,
,,,,,,,,,,,,,,
"Note: Excludes data on persons of ""Other"" races.",,,,,,,,,,,,,,
"* Estimate is based on about 10 or fewer sample cases.",,,,,,,,,,,,,,
"a/Includes verbal threats of rape and threats of sexual assault.",,,,,,,,,,,,,,
