"Bureau of Justice Statistics",,,,,,,,,,,
"Filename:  pjim02h01.csv",,,,,,,,,,,
"Highlights Table:  The 5 highest and lowest jurisdictions for selected characteristics of the prison population, midyear 2002",,,,,,,,,,,
"Report Title:  Prison and Jail Inmates at Midyear 2002 NCJ 198877",,,,,,,,,,,
"Data source:  National Prisoner Statistics 1A",,,,,,,,,,,
"Refer questions to:  askbjs@ojp.usdoj.gov  202-307-0765",,,,,,,,,,,
"Authors:  Paige Harrison or Jennifer Karberg",,,,,,,,,,,
"Date of version:  04/03/03",,,,,,,,,,,
,,,,,,,,,,,
"Highlights Table:  The 5 highest and lowest jurisdictions for selected characteristics of the prison population, midyear 2002",,,,,,,,,,,
,,,,,,,,,,,
"Prison population",,"Number of inmates",,"Incarceration rate, 6/30/02",,"Inmates per 100,000 residents*",,"Growth, 6/30/01 to 6/30/02",,"Percent change",
,,,,,,,,,,,
"5 highest:",,,,,,,,,,,
"Federal",,161681,,"Louisiana",,799,,"Rhode Island",,17.4,"%"
"California",,160315,,"Mississippi",,728,,"New Mexico",,11.1,
"Texas",,158131,,"Texas",,685,,"West Virginia",,8.7,
"Florida",,73553,,"Oklahoma",,672,,"Maine",,8.7,
"New York",,67131,,"Alabama",,593,,"South Dakota",,8.5,
,,,,,,,,,,,
"5 lowest:",,,,,,,,,,,
"North Dakota",,1168,,"Maine",,137,,"Illinois",,-5.5,"%"
"Wyoming",,1732,,"Minnesota",,139,,"Texas",,-3.9,
"Vermont",,1784,,"North Dakota",,167,,"New York",,-2.9,
"Maine",,1841,,"Rhode Island",,184,,"Delaware",,-2.3,
"New Hampshire",,2476,,"New Hampshire",,197,,"California",,-2.2,
,,,,,,,,,,,
"*Prisoners with a sentence of more than 1 year per 100,000 in the resident population. ",,,,,,,,,,,
