"Bureau of Justice Statistics",,,,
"Filename:  pjim02t10.csv",,,,
"Text table  #t10:  Percent of capacity occupied by size of jurisdiction",,,,
"Report title:  Prison and Jail Inmates at Midyear 2002  NCJ 198877",,,,
"Data source:   Annual Survey of Jails",,,,
"Refer questions to:  askbjs@ojp.usdoj.gov (202) 307-0765",,,,
"Contact:  Jennifer Karberg (202)307-1043",,,,
"Date of version:  04/03/03",,,,
,,,,
"Text table  10.  Percent of capacity occupied by size of jurisdiction",,,,
,,,,
,,,,
"Size of jurisdiction","Percent of capacity occupied",,,
,,,,
,2002,,2001,
"   Total",93,"%",90,"%"
,,,,
"Fewer than 50",,,,
"inmates",68,"%",67,"%"
"50-99",89,,87,
"100-249",93,,92,
"250-499",95,,90,
"500-999",98,,94,
"1,000 or more",95,,92,
,,,,
"*Based on the average daily population in the 12-months",,,,
"",,,,
"",,,,
