"Bureau of Justice Statistics",,,,,,,,,
"Filename:  pjim0213.csv",,,,,,,,,
"Table #13: Number of inmates in State or Federal prisons and local jails, by gender, race, Hispanic origin, and age, June 30, 2002",,,,,,,,,
"Report Title:  Prison and Jail Inmates at Midyear 2002 NCJ 198877",,,,,,,,,
"Data source:  National Prisoner Statistics 1A",,,,,,,,,
"Refer questions to:  askbjs@ojp.usdoj.gov  202-307-0765",,,,,,,,,
"Authors:  Paige Harrison or Jennifer Karberg",,,,,,,,,
"Date of version:  04/03/03",,,,,,,,,
,,,,,,,,,
"Table 13. Number of inmates in State or Federal prisons and local jails, by gender, race, Hispanic origin, and age, June 30, 2002",,,,,,,,,
,,,,,,,,,
,,,"Number of inmates in State or Federal prisons or local jails",,,,,,
,,"      Male",,,,,"      Female",,
,"All/a","White/b","Black/b","Hispanic",,"All/a","White/b","Black/b","Hispanic"
"Total",1848700,630700,818900,342500,,165800,68800,65600,25400
"18-19",78800,23100,35800,16100,,4200,1800,1500,900
"20-24",340900,97000,159700,73200,,22100,9600,7500,4500
"25-29",340800,97800,161600,72000,,26800,10200,10500,4700
"30-34",329200,112800,142300,65600,,35700,14300,14500,5500
"35-39",294200,107900,132800,45900,,34400,14500,14200,4500
"40-44",213800,84200,90200,33100,,22000,8900,9700,2500
"45-54",183100,76500,72800,27300,,16200,7200,6300,2200
"55 or older",51400,27600,14400,7000,,3000,1900,800,400
,,,,,,,,,
"Note: Based on custody counts from National Prisoner Statistics (NPS-1A), 2002, and Annual Survey of Jails, 2002. Estimates by age were obtained from Survey of Inmates in Local Jails, 2002,",,,,,,,,,
" Survey of Inmates in State Correctional Facilities, 1997, and Federal Justice Statistics Program (FJSP) for intmates on September 30, 2001.  Estimates were rounded to the nearest 100.",,,,,,,,,
"a/Includes American Indians, Alaska Natives, Asians, Native Hawaiians, and other Pacific Islanders. ",,,,,,,,,
"b/Excludes Hispanics. ",,,,,,,,,
