"Bureau of Justice Statistics",,,,,,,,
"Filename:  pjim02f01.csv",,,,,,,,
"Figure #1:  Percent change during 6-month periods in the number of prisoners under the jurisdiction of State correctional authorities,  1995-2002",,,,,,,,
"Report Title:  Prison and Jail Inmates at Midyear 2002 NCJ 198877",,,,,,,,
"Data source:  National Prisoner Statistics-1 and 1A",,,,,,,,
"Refer questions to:  askbjs@ojp.usdoj.gov  202-307-0765",,,,,,,,
"Authors:  Paige Harrison or Jennifer Karberg",,,,,,,,
"Date of version:  04/03/03",,,,,,,,
,,,,,,,,
"Figure #1.  Percent change during 6-month periods in the number of prisoners under the jurisdiction of State correctional authorities,  1995-2002",,,,,,,,
,,,,,,,,
,,"",," ",,,,
,,"Percent change",,"Inmates under State jurisiction",,,,
,,,,960039,,,,
"12/94 to 6/95",,4.8,"%",1006085,,,,
"6/95 to 12/95",,2.0,,1025823,,,,
"12/95 to 6/96"," ",3.3,,1059336,,,,
"6/96 to 12/96",,1.5,,1074976,,,,
"12/96 to 6/97",,3.2,,1109616,,,,
"6/97 to 12/97",,1.7,,1127986,,,,
"12/97 to 6/98",,2.7,,1158594,,,,
"6/98 to 12/98",,1.6,,1177532,,,,
"12/98 to 6/99",,2.2,,1203183,,,,
"6/99 to 12/99",,0.2,,1226335,,,,
"12/99 to 6/00",,1.2,,1248414,,,,
"6/00 to 12/00",,-0.2,,1245695,,,,
"12/00 to 6/01",,0.6,,1252743,,,,
"6/01 to 12/01",,-0.3,,1249586,,,,
"12/01 to 6/02",,1.2,,1264437,,,,
,,,,,,,,
,,,,,,,,
,,,,,,,,
,1995,1996,1997,1998,1999,2000,2001,2002
"Jan-Jun",4.8,3.3,3.2,2.7,2.2,1.2,0.6,1.2
"Jul-Dec",2,1.5,1.7,1.6,0.2,-0.2,(0.3),
,,,,,,,,
"*Reporting criteria changed from 6/99 to 6/00.  Numbers represent the final counts.  To calculate the percent change for the period ",,,,,,,,
"12/98 to 6/99, use 1,224,404 (for 6/99); for the period 6/99 to 12/99, use 1,228,559 (for 12/99);  for the period 12/99 to 6/00 use",,,,,,,,
"use 1,228,559 (for 12/99) and 1,242,962 for (6/00); and for the period 6/00 to 12/00 use 1,242,962 (for 6/00) and 1,245,845 (for 12/00).",,,,,,,,
