"Bureau of Justice Statistics",,,,,,,
"Filename:  pjim02t03.csv",,,,,,,
"Text table #t3:  Incarceration rates per 100,000 U.S. residents on July 1, Census 1990 and Census 2000",,,,,,,
"Report Title:  Prison and Jail Inmates at Midyear 2002 NCJ 198877",,,,,,,
"Data source:  National Prisoner Statistics-1 and 1A",,,,,,,
"Refer questions to:  askbjs@ojp.usdoj.gov  202-307-0765",,,,,,,
"Authors:  Paige Harrison or Jennifer Karberg",,,,,,,
"Date of version:  04/03/03",,,,,,,
,,,,,,,
"Text table 3. Incarceration rates per 100,000 U.S. residents on July 1, Census 1990 and Census 2000",,,,,,,
,,,,,,,
,,"1990 Census",," ",,"2000 Census",
,"State","Federal","Total",,"State","Federal","Total"
1999,428,40,468,,"--","--"," -- "
2000,438,43,481,,427,42,469
2001,436,47,484,,426,46,472
2002,"--","--"," -- ",,425,49,474
"*Totals may not add due to rounding. ",,,,,,,
