"Bureau of Justice Statistics",,,,,
"Filename:  pjim0204.csv",,,,,
"Table #4: Prisoners under the jurisdiction of State or Federal correctional authorities, by gender, 1995, 2001, and 2002",,,,,
"Report Title:  Prison and Jail Inmates at Midyear 2002 NCJ 198877",,,,,
"Data source:  National Prisoner Statistics-1 and 1A",,,,,
"Refer questions to:  askbjs@ojp.usdoj.gov  202-307-0765",,,,,
"Authors:  Paige Harrison or Jennifer Karberg",,,,,
"Date of version:  04/03/03",,,,,
,,,,,
"Table 4: Prisoners under the jurisdiction of State or Federal correctional authorities, by gender, 1995, 2001, and 2002",,,,,
,,,,,
,,"Men",,"Women",
"All inmates",,,,,
"6/30/02",,1330019,,96099,
"6/30/01",,1311195,,94336,
"12/31/95",,1057406,,68468,
,,,,,
"Percent change,   2001-02",,1.4,"%",1.9,"%"
"Average annual 1995-2002",,3.6,"%",5.4,"%"
,,,,,
"Sentenced to more than 1 year",,,,,
"6/30/02",,1273881,,87317,
"6/30/01",,1257246,,86301,
"12/31/95",,1021059,,63963,
,,,,,
"Incarceration rate*",,,,,
06/30/2002,,902,,60,
"6/30/01",,900,,59,
"12/31/95",,781,,47,
,,,,,
"*The total number of prisoners with a sentence of more than 1 year per 100,000 residents. ",,,,,
