Bureau of Justice Statistics,,,,,,,
Filename: csfacf19t04.csv,,,,,,,
"Table 4. Percent of prisoners in public and private confinement facilities, by sentence length and custody security level, midyear 2019 ",,,,,,,
"Report title: Census of State and Federal Adult Correctional Facilities, 2019 � Statistical Tables NCJ 301366",,,,,,,
"Data source: Bureau of Justice Statistics, Census of State and Federal Adult Correctional Facilities, 2019",,,,,,,
"Authors: Laura M. Maruschak and Emily D. Buehler, Ph.D., BJS Statisticians",,,,,,,
Refer questions to: askbjs@usdoj.gov 202-307-0765,,,,,,,
Date of version: 11/10/2021,,,,,,,
,,,,,,,
"Table 4. Percent of prisoners in public and private confinement facilities, by sentence length and custody security level, midyear 2019 ",,,,,,,
,,All confinement facilities,,Public,,Private,
Sentence length,,,,,,,
,Maximum sentence of more than 1 year,96.7,%,97,%,91.3,%
,Maximum sentence of 1 year or less,2.1,,1.8,,7.9,
,Unsentenced,1.2,,1.2,,0.8,
Custody security level,,,,,,,
,Maximum,18,%,18.7,%,6.8,%
,Medium,42.6,,42,,51.2,
,Minimum,34.2,,33.8,,39.6,
,Not classified*,5.2,,5.4,,2.5,
"Note: Details may not sum to 100% due to rounding. Percentages exclude missing data. Sentence length was missing for about 8% of confinement facilities and custody security level for about 7%. See Terms and definitions for detail on facility type, facility operator, and custody security level.",,,,,,,
"*Includes, but not limited to, prisoners who were unsentenced or awaiting classification.",,,,,,,
"Source: Bureau of Justice Statistics, Census of State and Federal Adult Correctional Facilities, 2019.",,,,,,,
