Bureau of Justice Statistics,,,,,
Filename: csfacf19at01.csv,,,,,
"Appendix Table 1. Number of confinement and community-based facilities under state or Federal Bureau of Prisons authority, by operator and state, midyear 2019",,,,,
"Report title: Census of State and Federal Adult Correctional Facilities, 2019 � Statistical Tables NCJ 301366",,,,,
"Data source: Bureau of Justice Statistics, Census of State and Federal Adult Correctional Facilities, 2019",,,,,
"Authors: Laura M. Maruschak and Emily D. Buehler, Ph.D., BJS Statisticians",,,,,
Refer questions to: askbjs@usdoj.gov 202-307-0765,,,,,
Date of version: 11/10/2021,,,,,
,,,,,
"Appendix Table 1. Number of confinement and community-based facilities under state or Federal Bureau of Prisons authority, by operator and state, midyear 2019",,,,,
Operator and state,,,All facilities,Confinement ,Community-based
,Total,,"1,677","1,161",516
Operator,,,,,
,Public,,"1,266","1,079",187
,,Federal ,111,111,0
,,State,"1,155",968,187
,Private,,411,82,329
Northeast*,,,224,140,84
,Connecticut,,40,16,24
,Maine,,6,2,4
,Massachusetts,,17,14,3
,New Hampshire,,8,3,5
,New Jersey,,29,15,14
,New York,,57,51,6
,Pennsylvania,,54,27,27
,Rhode Island,,7,6,1
,Vermont,,6,6,0
Midwest*,,,331,196,135
,Illinois,,36,28,8
,Indiana,,22,17,5
,Iowa,,34,9,25
,Kansas,,13,8,5
,Michigan,,36,30,6
,Minnesota,,14,11,3
,Missouri,,37,22,15
,Nebraska,,12,8,4
,North Dakota,,10,5,5
,Ohio,,58,27,31
,South Dakota,,8,3,5
,Wisconsin,,51,28,23
South*,,,725,519,206
,Alabama,,30,16,14
,Arkansas,,21,15,6
,Delaware,,11,5,6
,District of Columbia,,2,0,2
,Florida,,151,113,38
,Georgia,,66,49,17
,Kentucky,,37,16,21
,Louisiana,,15,12,3
,Maryland,,20,16,4
,Mississippi,,19,16,3
,North Carolina,,61,53,8
,Oklahoma,,33,22,11
,South Carolina,,25,18,7
,Tennessee,,20,15,6
,Texas,,146,100,46
,Virginia,,48,42,6
,West Virginia,,19,11,8
West*,,,286,195,91
,Alaska,,19,17,2
,Arizona,,24,20,4
,California,,61,41,20
,Colorado,,38,23,15
,Hawaii,,10,4,6
,Idaho,,15,10,5
,Montana,,20,13,7
,Nevada,,19,15,4
,New Mexico,,17,15,2
,Oregon,,19,18,1
,Utah,,8,2,6
,Washington,,28,12,16
,Wyoming,,8,5,3
Note: See Terms and definitions for detail on facility type and operator.,,,,,
*Includes facilities operated by state and both state and local authorities; and privately operated facilities under contract to hold prisoners primarily for state correctional authorities or the Federal Bureau of Prisons located in each region and state.,,,,,
"Source: Bureau of Justice Statistics, Census of State and Federal Adult Correctional Facilities, 2019.",,,,,
