Bureau of Justice Statistics,,,,
Filename: csfacf19f01.csv,,,,
"Figure 1. Percent of adult correctional facilities and prisoners, by facility type, midyear 2019",,,,
"Report title: Census of State and Federal Adult Correctional Facilities, 2019 � Statistical Tables NCJ 301366",,,,
"Data source: Bureau of Justice Statistics, Census of State and Federal Adult Correctional Facilities, 2019",,,,
"Authors: Laura M. Maruschak and Emily D. Buehler, Ph.D., BJS Statisticians",,,,
Refer questions to: askbjs@usdoj.gov 202-307-0765,,,,
Date of version: 11/10/2021,,,,
,,,,
"Figure 1. Percent of adult correctional facilities and prisoners, by facility type, midyear 2019",,,,
,Community-based,,Confinement,
Facilities,30.8,%,69.2,%
Prisoners,4.6,,95.4,
Note: See appendix table 6 for percentages. See Terms and definitions for detail on facility type.,,,,
"Source: Bureau of Justice Statistics, Census of State and Federal Adult Correctional Facilities, 2019.�",,,,
