Bureau of Justice Statistics,,,,,,,,,,
filename: mhppjit09.csv,,,,,,,,,,
"Table 9. Use of weapon, by mental health status of convicted violent State prison and local jail inmates",,,,,,,,,,
report title: Mental Health Problems of Prison and Jail Inmates  NCJ 213600,,,,,,,,,,
"data source: Survey of Inmates in State and Federal Correctional Facilities, 2004; Survey of Inmates in Local Jails, 2002",,,,,,,,,,
authors: Doris J. James and Lauren E. Glaze,,,,,,,,,,
refer questions to: askbjs@usdoj.gov (202) 307-0765,,,,,,,,,,
date of version: 09-06-06,,,,,,,,,,

"Table 9. Use of weapon, by mental health status of convicted violent State prison and local jail inmates",,,,,,,,,,
,,,Percent of inmates in �,,,,,,,
,,,State prison,,,,Local jail,,,
Use of weapons,,,With mental problem,,Without,,With mental problem,,Without,
Any weapon,,,37.2,%,36.9,%,20.6,%,21.2,%
,Firearm,,24.4,,27.5,,12.3,,13.1,
,Knife or sharp object,,10.2,,7.4,,6.1,,5.1,
,Other weapons*,,3.7,,2.7,,2.8,,4
No weapon,,,62.8,,63.1,,79.4,,78.8
,Number of violent inmates/b,,"328,670",,"242,524",,"60,787",,"34,305"
Note: Details do not add to total because inmates may have used more than one weapon. ,,,,,,,,,
"*Other weapons include blunt objects, stun guns, toy guns, or other specified weapons.",,,,,,,,,
