"Bureau of Justice Statistics",
"filename:  bcft01t4.csv",
"Text table 4. Number of arrests reported by States providing arrest data in 2001",
"title: Background Checks for Firearm Transfers, NCJ 195235",
"data source:  Firearm Inquiry Statistics Program",
"authors:  Michael Bowling, Ph.D. (REJIS), Gene Lauver (REJIS), Matthew J. Hickman (BJS), and Devon B. Adams (BJS)",
"refer questions to: askbjs@ojp.usdoj.gov (202)307-0765",
"date of version: 09/17/02",
,
"Text table 4. Number of arrests reported by States providing arrest data in 2001",
,
"  ","Number of "
"State","arrests in 2001"
,
"Colorado","   276"
"Connecticut*","   3"
"Georgia",64
"Maryland*",221
"Oregon",198
"Pennsylvania",348
"Virginia*",791
,
"*A statewide unit made arrests for false applications or illegal attempts to buy in these States; arrests in other States listed ",
"were those made by local agencies, which may not always be reported to the State.",
