"Bureau of Justice Statistics",,,,,,,,
"filename:  bcft01ab.csv",,,,,,,,
"Appendix Table B. State and local agencies conducting background checks for firearm applications, 2001",,,,,,,,
"title: Background Checks for Firearm Transfers, NCJ 195235",,,,,,,,
"data source:  Firearm Inquiry Statistics Program",,,,,,,,
"authors:  Michael Bowling, Ph.D. (REJIS), Gene Lauver (REJIS), Matthew J. Hickman (BJS), and Devon B. Adams (BJS)",,,,,,,,
"refer questions to: askbjs@ojp.usdoj.gov (202)307-0765",,,,,,,,
"date of version: 09/17/02",,,,,,,,
,,,,,,,,
"Appendix Table B. State and local agencies conducting background checks for firearm applications, 2001",,,,,,,,
,,,,,,,,
,"Firearm check type",,,"State agencies",,,"Local agencies",
"State","Purchase/a","Carry/b",,"Number","Name",,"Number","Type"
,,,,,,,,
"Alaska",,"          P",,1,"Department of Public Safety",,"---",
"Arizona","       P","          P",,1,"Department of Public Safety",,"---",
"Arkansas",,"          P",,1,"State Police",,"---",
"California","       P"," ",,1,"Department of Justice",,"---",
"Colorado","       P"," ",,1,"Bureau of Investigation",,"---",
"Connecticut","       P",,,1,"State Police",,"---",
"Delaware","       P","          P",,1,"State Police (purchase)",,3,"County superior courts (carry)"
"Florida","       P",,,1,"Department of Law Enforcement",,"---",
"Georgia","       P","          P",,1,"Bureau of Investigation (purchase)",,159,"County probate courts (carry)"
"Hawaii","       P",,,"---",,,4,"Police departments"
"Idaho",,"          P",,"---",,,44,"County sheriffs"
"Illinois","       P",,,1,"State Police",,"---",
"Indiana","       P","          P",,1,"State Police",,"---",
"Iowa","       P","          P",,1,"Department of Public Safety/c",,99,"County sheriffs"
"Maryland","       P",,,1,"State Police",,"---",
"Massachusetts","       P","          P",,"---",,,351,"Police departments"
"Michigan","       P",,,"---",,,595,"Sheriffs and police departments"
"Minnesota","       P","          P",,"---",,,568,"Sheriffs and police departments"
"Mississippi"," ","          P",,1,"Department of Public Safety",,"---",
"Missouri","       P",,,"---",,,115,"Sheriffs and police departments"
"Montana"," ","          P",,"---",,,56,"County sheriffs"
"Nebraska","       P",,,"---",,,95,"Sheriffs and police departments"
"Nevada","       P","          P",,1,"Highway Patrol (purchase)",,17,"County sheriffs (carry)"
"New Hampshire","       P"," ",,1,"Department of Safety",,"---",
"New Jersey","       P",,,1,"State Police",,505,"Police departments"
"New York","       P"," ",,"---",,,58,"Sheriffs and police departments"
"North Carolina","       P","          P",,"---",,,100,"County sheriffs"
"North Dakota"," ","          P",,1,"Bureau of Criminal Investigation",,"---",
"Oregon","       P"," ",,1,"State Police",,"---",
"Pennsylvania","       P",,,1,"State Police",,"---",
"Rhode Island","       P",,,"---",,,39,"Police departments"
"South Carolina"," ","          P",,1,"Law Enforcement Division",,"---",
"Tennessee","       P"," ",,1,"Bureau of Investigation",,"---",
"Texas",,"          P",,1,"Department of Public Safety",,"---",
"Utah","       P","          P",,1,"Bureau of Criminal Identification",,"---",
"Vermont","       P",,,1,"Newport City Police Department/d",,"---",
"Virginia","       P",,,1,"State Police",,"---",
"Washington","       P"," ",,"---",,,291,"Sheriffs and police departments"
"Wisconsin","       P",,,1,"Department of Justice",,"---",
"Wyoming",,"          P",,1,"Attorney General",,"---",
"  Total",31,19,,28,,,3099,
,,,,,,,,
"P-State has firearm check type.",,,,,,,,
"a/Applications for purchases or permits required for purchases.   ",,,,,,,,
"b/Applications for carry permits that can be used to waive a purchase check.",,,,,,,,
"c/Department of Public Safety only checks State employees.",,,,,,,,
"d/Conducts checks for the entire State.",,,,,,,,
