"Bureau of Justice Statistics",,,,
"filename:  bcft0101.csv",,,,
"Table 1. Number of applications and estimates of rejections for firearm transfer, 1994-2001",,,,
"title: Background Checks for Firearm Transfers, NCJ 195235",,,,
"data source:  Firearm Inquiry Statistics Program",,,,
"authors:  Michael Bowling, Ph.D. (REJIS), Gene Lauver (REJIS), Matthew J. Hickman (BJS), and Devon B. Adams (BJS)",,,,
"refer questions to: askbjs@ojp.usdoj.gov (202)307-0765",,,,
"date of version: 09/17/02",,,,
,,,,
"Table 1. Number of applications and estimates of rejections for firearm transfer, 1994-2001",,,,
,,,,
"  ","Number of applications",,"Rejection",
,"Received","Rejected","rate",
,,,,
"Total",37911000,840000,2.2,"%"
"Interim",,,,
"period",12740000,312000,2.5,"%"
"1994/a",2483000,62000,2.5,"%"
1995,2706000,41000,1.5,"%"
1996,2593000,70000,2.7,"%"
1997,2574000,69000,2.7,"%"
"1998/b",2384000,70000,2.9,"%"
,,,,
"Permanent Brady"," 25,171,000"," 528,000",2.1,"%"
"1998/c",893000,20000,2.2,"%"
1999,8621000,204000,2.4,"%"
2000,7699000,153000,2.0,"%"
2001,7958000,151000,1.9,"%"
,,,,
"Note:  Counts are rounded.  Statistics for national totals from 1999 to 2001 combine FIST estimates of the number of checks ",,,,
"and rejections done by State and local agencies and the FBI number of actual transactions and rejections reported by the",,,,
"NICS operations reports.  Data through November 29, 1998, are primarily for handguns.  For information about FIST estimates ",,,,
"before 1999 see Presale Handgun Checks, the Brady Interim Period, 1994-98 (NCJ 175034).  ",,,,
"a/March 1 - December 31, 1994.",,,,
"b/January 1 - November 29",,,,
"c/November 30 - December 31, 1998.  Counts are from the National Instant Criminal Background Check System (NICS) ",,,,
"Operations Report (November 30, 1998 - December 31, 1999) and may include multiple transactions for the same application.",,,,
