"Bureau of Justice Statistics",,,,,,,,,
"filename:  bcft0106.csv",,,,,,,,,
"Table 6. Appeals of denied applications, 2001",,,,,,,,,
"title: Background Checks for Firearm Transfers, NCJ 195235",,,,,,,,,
"data source:  Firearm Inquiry Statistics Program",,,,,,,,,
"authors:  Michael Bowling, Ph.D. (REJIS), Gene Lauver (REJIS), Matthew J. Hickman (BJS), and Devon B. Adams (BJS)",,,,,,,,,
"refer questions to: askbjs@ojp.usdoj.gov (202)307-0765",,,,,,,,,
"date of version: 09/17/02",,,,,,,,,
,,,,,,,,,
"Table 6. Appeals of denied applications, 2001",,,,,,,,,
,,,,,,,,,
,"Appeal forums",,,,"Statewide agencies",,,,
" State","     Denying        agency","Other   agency or  official/a","  Court",," Number of appeals/b",,"Percent appealed (appeals/denials)",,"  Number of    denials     reversed/c"
,,,,,,,,,
"Arizona/d","#","--","--",,1985,,58.2,"%",1751
"California","#","--","--",,"--",,"--",,"--"
"Colorado","#","--","--",,2144,,32.0,,1062
"Connecticut/d","#","#","--",,5,,2.9,,5
"Delaware","#","--","#",,146,,27.3,,"--"
"Florida","#","--","--",,1721,,25.0,,712
"Georgia","#","--","#",,"--",,"--",,"--"
"Illinois","#","--","#",,359,,6.1,,107
"Indiana*","#","--","#",,759,,32.3,,"--"
"Iowa/e","--","--","#",,"--",,"--",,"--"
"Maryland","#","--","#",,"--",,"--",,"--"
"Massachusetts/e","--","--","#",,"--",,"--",,"--"
"Michigan/e","--","--","#",,"--",,"--",,"--"
"Minnesota/e","--","--","#",,"--",,"--",,"--"
"Missouri/e","--","--","#",,"--",,"--",,"--"
"Nebraska/e","--","--","#",,"--",,"--",,"--"
"Nevada","#","#","--",,"--",,"--",,"--"
"New Hampshire","#","--","#",,"--",,"--",,"--"
"New Jersey/d","#","--","#",,"--",,"--",,"--"
"North Carolina/e","--","--","#",,"--",,"--",,"--"
"Oregon","#","--","--",,1353,,42.6,,145
"Pennsylvania","#","#","#",,4330,,40.5,,1839
"Tennessee","#","--","--",,3186,,35,,2072
"Utah","#","#","--",,"--",,"--",,"--"
"Vermont","#","--","--",,26,,11.6,,19
"Virginia","#","--","#",,17,,0.7,,15
"Washington/e","--","--","#",,"--",,"--",,"--"
"Wisconsin","#","--","#",,"--",,"--",,"--"
,,,,,,,,,
"Note: Includes States that provide a specific appeal procedure.  #State has type of appeal forum.  --Not available or not applicable.   ",,,,,,,,,
"*Handgun license data only.",,,,,,,,,
"a/An agency apart from the one that denied the application",,,,,,,,,
"b/A State with a high number of reported appeals may include telephone contacts recorded as appeals; a State with a low",,,,,,,,,
"number may only report more formal appeals.",,,,,,,,,
"c/The number of appeals reversed may include appeals from prior years",,,,,,,,,
"d/Data are from the instant check unit only. ",,,,,,,,,
"e/Although not required by law, a local agency may reconsider its decision to deny an application.",,,,,,,,,
