Bureau of Justice Statistics,,,,,,,,,,
Filename: gulleau07t03.csv,,,,,,,,,,
"Table 3. Number of gang units established by decade, and percent of units formed by region, 1970-2007",,,,,,,,,,
"Report title: Gang Units in Large, Local Law Enforcement Agencies, 2007 NCJ 230071",,,,,,,,,,
"Data source: Census of Law Enforcement Gang Units, 2007",,,,,,,,,,
Author: Lynn Langton,,,,,,,,,,
Refer questions to: askbjs@usdoj.gov 202-307-0765,,,,,,,,,,
Date of version: 08/30/10,,,,,,,,,,
,,,,,,,,,,
"Table 3. Number of gang units established by decade, and percent of units formed by region, 1970-2007",,,,,,,,,,
,,,Percent of gang units by region*,,,,,,,
Decade established,,Number of units,Northeast,,Midwest,,South,,West,
,Total,337,100,%,100,%,100,%,100,%
1970 - 1979,,7,0,%,4,%,0,%,5,%
1980 - 1989,,36,2,,14,,7,,20,
1990 - 1999,,131,23,,52,,35,,46,
2000 - 2007,,163,75,,31,,58,,29,
,Number of gang units,337,47,,52,,146,,92,
Note: Data available for 337 (92%) gang units.,,,,,,,,,,
*Based on the U.S. Census Bureau�s division of states into four regions <http://www.census.gov/geo/www/us_regdiv.pdf>. See Methodology for a listing of states in each region.,,,,,,,,,,
