Bureau of Justice Statistics,,,
Filename: gulleau07t14.csv,,,
"Table 14. Difficulties in recruiting gang unit officers with specific characteristics, 2007",,,
"Report title: Gang Units in Large, Local Law Enforcement Agencies, 2007 NCJ 230071",,,
"Data source: Census of Law Enforcement Gang Units, 2007",,,
Author: Lynn Langton,,,
Refer questions to: askbjs@usdoj.gov 202-307-0765,,,
Date of version: 08/30/10,,,
,,,
"Table 14. Difficulties in recruiting gang unit officers with specific characteristics, 2007",,,
Characteristic,,Percent of gang units ,
No recruiting difficulties,,64,%
Difficulty recruiting officers who are�/a,,36,%
,Bilingual or multilingual ,25,
,Female,18,
,Raised in typical gang neighborhoods,17,
,Members of a racial or ethnic minority ,12,
,Other/b,4,
Note: Based on 365 gang units.,,,
a/Percentages do not sum to 36% because some units had more than one recruiting difficulty.,,,
b/Includes officers with more than five years of experience in the department and general difficulties recruiting any officers.,,,
