Bureau of Justice Statistics,,,,
Filename: gulleau07t11.csv,,,,
"Table 11. Gang unit submissions to the National Crime Information Center�s Violent Gang and Terrorist Organization File (VGTOF), 2007",,,,
"Report title: Gang Units in Large, Local Law Enforcement Agencies, 2007 NCJ 230071",,,,
"Data source: Census of Law Enforcement Gang Units, 2007",,,,
Author: Lynn Langton,,,,
Refer questions to: askbjs@usdoj.gov 202-307-0765,,,,
Date of version: 08/30/10,,,,
,,,,
"Table 11. Gang unit submissions to the National Crime Information Center�s Violent Gang and Terrorist Organization File (VGTOF), 2007",,,,
,,,,Number
Gang units that submitted VGTOF records*,,,,61
,Monthly VGTOF submissions ,,,
,,Median ,,0
,,Mean ,,12
,,Maximum,,300
,,Total ,,736
,,,Total gang units,363
Note: Data available for 363 (99.5%) gang units.,,,,
"*A submission refers to any entry into the file, such as establishing a new record for a group not previously included, noting the association between two known gang members, or adding cautionary notes regarding threats made or weapons carried by known gang members.",,,,
