Bureau of Justice Statistics,,,,,,,
Filename: gulleau07t12.csv,,,,,,,
"Table 12. Sworn personnel assigned to gang unit, by sex, race, ethnicity, and employment status of officers, 2007",,,,,,,
"Report title: Gang Units in Large, Local Law Enforcement Agencies, 2007 NCJ 230071",,,,,,,
"Data source: Census of Law Enforcement Gang Units, 2007",,,,,,,
Author: Lynn Langton,,,,,,,
Refer questions to: askbjs@usdoj.gov 202-307-0765,,,,,,,
Date of version: 08/30/10,,,,,,,
,,,,,,,
"Table 12. Sworn personnel assigned to gang unit, by sex, race, ethnicity, and employment status of officers, 2007",,,,,,,
,,,FTE sworn personnel*,,,Employment status,
Officer characteristics,,,Number,Percent,,Full-time ,Part-time 
Sex,,,,,,,
,Male,,"4,051",94,%,"3,873",356
,Female,,267,6,,241,51
Race/ethnicity,,,,,,,
,White (non-Hispanic),,"2,629",61,%,"2,472",314
,Hispanic ,,835,19,,815,48
,Black (non-Hispanic),,490,11,,470,40
,Asian,,85,2,,84,2
,Native Hawaiian or other Pacific Islander,,43,1,,41,3
,American Indian or Alaskan native,,27,1,,26,2
,Two or more races,,22,1,,20,3
,Unknown,,171,4,,169,3
,,Total sworn officers,"4,312",100,%,"4,106",411
Note: Total number of sworn officers by sex and by race/ethnicity do not sum to the same total due to missing data and respondent error. Total sworn officers is the average of total officers by race/ethnicity and total officers by sex. Data available for 99% of gang units.,,,,,,,
"*Full-time equivalent (FTE) is a computed statistic calculated by adding the number full-time officers to the number of part-time officers divided by two, under the assumption that each part-time officer works half the number of hours as a full-time officer.",,,,,,,
