"Bureau of Justice Statistics",,,,,,,,,,,,,,,,,
"filename:  cv97109.csv",,,,,,,,,,,,,,,,,
"Table 109: Percent distribution of the kind of agency providing assistance",,,,,,,,,,,,,,,,,
"by type of crime",,,,,,,,,,,,,,,,,
"data source: National Criminal Victimization Survey, 1997   NCJ 174446",,,,,,,,,,,,,,,,,
"produced by:  Cathy Maston ",,,,,,,,,,,,,,,,,
"authors:  Patsy Klaus and Cathy Maston",,,,,,,,,,,,,,,,,
"refer questions to:  askbjs@ojp.usdoj.gov     202-307-0765",,,,,,,,,,,,,,,,,
"date of version: 07/15/00",,,,,,,,,,,,,,,,,
,,,,,,,,,,,,,,,,,
,,,,,,,,,,,,,,,,,
"Table 109. Personal and property crimes, 1997:",,,,,,,,,,,,,,,,,
,,,,,,,,,,,,,,,,,
"Percent distribution of the kind of agency providing assistance",,,,,,,,,,,,,,,,,
"by type of crime",,,,,,,,,,,,,,,,,
,,,,,,,,,,,,,,,,,
,,,,,,,,,,,,"Percent of agency type providing assistance",,,,,
,,,,,,,,,,"Don't know",,"Received",,"Don't know",,,
" ",,"Number of",,,,,,,,"type of",,"no",,"if assistance",,"        Not",
"Type of crime",,"victimizations",,"Total",,"Government",,"Private",,"agency",,"assistance",,"was provided",,"        applicable",
,,,,,,,,,,,,,,,,,
,,,,,,,,,,,,,,,,,
"Personal crimes",,8970600,,100,"%",3.8,"%",2.3,"%",0.5,"%",92.4,"%",0.6,"%",0.3,"%"
,,,,,,,,,,,,,,,,,
"Crimes of violence",,8614070,,100,,3.9,,2.3,,0.6,,92.3,,0.6,,0.3,"*"
"   Completed violence",,2679080,,100,,6.2,,2.5,,0.7,"*",89.7,,0.5,"*",0.4,"*"
"   Attempted/threatened violence",,5934990,,100,,2.9,,2.3,,0.5,,93.4,,0.7,,0.3,"*"
"   Rape/Sexual assault/a",,311110,,100,,2.9,"*",4.1,"*",2.2,"*",90.0,,0.7,"*",0.0,"*"
"   Robbery",,943940,,100,,5.2,,3.4,,0.0,"*",91.2,,0.2,"*",0.0,"*"
"   Assault",,7359030,,100,,3.8,,2.1,,0.6,,92.5,,0.7,,0.3,"*"
"      Aggravated",,1883110,,100,,3.8,,2.4,,0.5,"*",92.4,,0.9,"*",0.0,"*"
"      Simple",,5475920,,100,,3.8,,2.0,,0.6,,92.5,,0.6,,0.5,"*"
"Purse snatching/",,356530,,100,,0.8,"*",3.1,"*",0.0,"*",96.1,,0.0,"*",0.0,"*"
"  Pocket picking",,,,,,,,,,,,,,,,,
,,,,,,,,,,,,,,,,,
"Property crimes",,25817140,,100,"%",0.8,"%",0.8,"%",0.1,"%*",98.0,"%",0.3,"%",0.1,"%"
,,,,,,,,,,,,,,,,,
"Household burglary",,4634920,,100,,1.0,,0.9,,0.2,"*",97.6,,0.4,"*",0.0,"*"
"Motor vehicle theft",,1433370,,100,,0.9,"*",1.1,"*",0.2,"*",97.0,,0.6,"*",0.2,"*"
"Theft",,19748840,,100,,0.7,,0.8,,0.1,"*",98.1,,0.3,,0.1,
,,,,,,,,,,,,,,,,,
"* Estimate is based on about 10 or fewer sample cases.",,,,,,,,,,,,,,,,,
"a/Includes verbal threats of rape and threats of sexual assault.",,,,,,,,,,,,,,,,,
