"Bureau of Justice Statistics",,,,,,,,,,,,,,,,,,
"filename:  cv97104.csv",,,,,,,,,,,,,,,,,,
"Table 104: Percent of reasons for not reporting victimizations to the police,",,,,,,,,,,,,,,,,,,
"by victim-offender relationship and type of crime",,,,,,,,,,,,,,,,,,
"data source: National Criminal Victimization Survey, 1997   NCJ 174446",,,,,,,,,,,,,,,,,,
"produced by:  Cathy Maston ",,,,,,,,,,,,,,,,,,
"authors:  Patsy Klaus and Cathy Maston",,,,,,,,,,,,,,,,,,
"refer questions to:  askbjs@ojp.usdoj.gov     202-307-0765",,,,,,,,,,,,,,,,,,
"date of version: 07/15/00",,,,,,,,,,,,,,,,,,
,,,,,,,,,,,,,,,,,,
,,,,,,,,,,,,,,,,,,
"Table 104. Personal crimes of violence, 1997:",,,,,,,,,,,,,,,,,,
,,,,,,,,,,,,,,,,,,
"Percent of reasons for not reporting victimizations to the police,",,,,,,,,,,,,,,,,,,
"by victim-offender relationship and type of crime",,,,,,,,,,,,,,,,,,
,,,,,,,,,,,,,,,,,,
,,,,,,,,,"                      Percent of reasons for not reporting",,,,,,,,,
,,,,,,,,,,,"Object",,,,,,"Not aware",
,,,"Number of",,,,"Reported",,"Private or",,"recovered;",,"Not",," Insurance",,"crime",
"Relationship and",,,"reasons for",,,,"to another",,"personal",,"offender",,"important",," would not",,"occurred",
"type of crime",,,"not reporting",," Total",,"official",,"matter",,"unsuccessful",,"enough",," cover",,"until later",
,,,,,,,,,,,,,,,,,,
,,,,,,,,,,,,,,,,,,
"Involving strangers",,,,,,,,,,,,,,,,,,
,"Crimes of violence",,2002940,,100,"%",13.3,"%",16.5,"%",19.8,"%",7.7,"%",0.0,"%*",0.7,"%*"
,"   Rape/Sexual assault/a",,58690,,100,"%",3.9,"*",7.7,"*",10.8,"*",0.0,"*",0.0,"*",0.0,"*"
,"   Robbery",,218060,,100,"%",2.9,"*",8.7,"*",19.8,,4.0,"*",0.0,"*",0.0,"*"
,"   Assault",,1726190,,100,"%",15.0,,17.8,,20.1,,8.4,,0.0,"*",0.8,"*"
,,,,,,,,,,,,,,,,,,
"Involving nonstrangers",,,,,,,,,,,,,,,,,,
,"Crimes of violence",,3387270,,100,"%",15.2,,22.4,,13.7,,5.2,,0.0,"*",0.2,"*"
,"   Rape/Sexual assault/a",,194720,,100,"%",2.4,"*",34.4,,7.5,"*",1.2,"*",0.0,"*",0.0,"*"
,"   Robbery",,285310,,100,"%",12.7,,10.0,,8.1,"*",1.0,"*",0.0,"*",0.0,"*"
,"   Assault",,2907250,,100,"%",16.3,,22.8,,14.7,,5.9,,0.0,"*",0.3,"*"
,,,,,,,,,,,,,,,,,,
,,,,,,,,,,,,,,,,,,
,,,,,,,,,,,,,,,,,,
,,,,,,,,,,,,,,,,,,
,,,,,,,,"Percent of reasons for not reporting",,,,,,,,,,
,,,"   Unable to",,,,"Police",,"Police",,,,"Too",,,,,
,,,"   recover",,,,"would not",,"inefficient,",,,,"inconvenient",,,,,
"Relationship and",,,"   property;",,"  Lack of",,"want to be",,"ineffective,",,"   Fear of",,"or time",,"  Other",,,
"type of crime",,,"   no ID no.",,"  proof",,"bothered",,"or biased",,"   reprisal",,"consuming",,"  reasons",,,
,,,,,,,,,,,,,,,,,,
,,,,,,,,,,,,,,,,,,
"Involving strangers",,,,,,,,,,,,,,,,,,
,"Crimes of violence",,0.3,"%*",6.7,"%",5.1,"%",2.9,"%",2.9,"%",3.5,"%",20.6,"%",,
,"   Rape/Sexual assault/a",,0.0,"*",7.1,"*",5.1,"*",8.5,"*",18.9,"*",3.8,"*",34.2,"*",,
,"   Robbery",,2.5,"*",17.3,,8.3,"*",11.2,"*",4.1,"*",5.2,"*",16.0,,,
,"   Assault",,0.0,"*",5.3,,4.7,,1.7,,2.2,,3.3,,20.7,,,
,,,,,,,,,,,,,,,,,,
"Involving nonstrangers",,,,,,,,,,,,,,,,,,
,"Crimes of violence",,0.3,"*",2.2,,4.9,,3.0,,5.9,,2.1,,25.0,,,
,"   Rape/Sexual assault/a",,0.0,"*",2.6,"*",3.5,"*",4.8,"*",20.7,,0.0,"*",23.0,,,
,"   Robbery",,3.1,"*",7.3,"*",5.1,"*",7.2,"*",10.5,,6.6,"*",28.5,,,
,"   Assault",,0.0,"*",1.6,,5.0,,2.4,,4.5,,1.8,,24.8,,,
,,,,,,,,,,,,,,,,,,
,,,,,,,,,,,,,,,,,,
"Note: Detail may not add to total shown because of rounding.",,,,,,,,,,,,,,,,,,
"Some respondents may have cited more than one reason for not reporting victimizations to the police.",,,,,,,,,,,,,,,,,,
"* Estimate is based on about 10 or fewer sample cases.",,,,,,,,,,,,,,,,,,
"a/Includes verbal threats of rape and threats of sexual assault.",,,,,,,,,,,,,,,,,,
