"Bureau of Justice Statistics",,,,,,,,,,,,,
"filename:  cv9795.csv",,,,,,,,,,,,,
"Table 95: Percent of victimizations reported to the police, by type of crime,",,,,,,,,,,,,,
"victim-offender relationship and ethnicity of victims",,,,,,,,,,,,,
"data source: National Criminal Victimization Survey, 1997   NCJ 174446",,,,,,,,,,,,,
"produced by:  Cathy Maston ",,,,,,,,,,,,,
"authors:  Patsy Klaus and Cathy Maston",,,,,,,,,,,,,
"refer questions to:  askbjs@ojp.usdoj.gov     202-307-0765",,,,,,,,,,,,,
"date of version: 07/15/00",,,,,,,,,,,,,
,,,,,,,,,,,,,
,,,,,,,,,,,,,
"Table 95. Violent crimes, 1997:",,,,,,,,,,,,,
,,,,,,,,,,,,,
"Percent of victimizations reported to the police, by type of crime,",,,,,,,,,,,,,
"victim-offender relationship and ethnicity of victims",,,,,,,,,,,,,
"       ",,,,,,,,,,,,,
,,,,,,,,,,"Percent of all victimizations reported to the police",,,
"                                                                                               ",,"                  All victimizations",,,,,,"Involving strangers",,,,"Involving nonstrangers",
,,,,"Non-",,,,"Non-",,,,"Non-",
"Type of crime",,"Hispanic",,"Hispanic",,"Hispanic",,"Hispanic",,"Hispanic",,"Hispanic",
,,,,,,,,,,,,,
,,,,,,,,,,,,,
"Crimes of violence",,48.4,"%",44.0,"%",47.7,"%",47.2,"%",49.3,"%",40.9,"%"
,,,,,,,,,,,,,
"   Completed violence",,58.5,,54.7,,58.4,,61.9,,58.8,,49.4,
"   Attempted/threatened violence",,42.9,,39.2,,41.2,,41.8,,44.8,,36.4,
"   Rape/Sexual assault/a",,26.4,"*",31.2,,25.5,"*",46.7,,27.2,"*",24.7,
"   Robbery",,54.4,,56.4,,53.3,,58.0,,59.8,"*",52.3,
"      Completed/property taken",,60.8,,63.0,,58.9,,67.0,,66.7,"*",52.5,
"         With injury",,66.8,"*",79.4,,56.8,"*",82.8,,83.1,"*",71.0,
"         Without injury",,56.7,,51.9,,59.9,,56.7,,40.6,"*",38.5,
"      Attempted to take property",,44.0,"*",43.7,,46.2,"*",39.7,,0.0,"*",52.0,
"         With injury",,59.6,"*",68.3,,59.6,"*",50.8,"*",0.0,"*",100.0,"*"
"         Without injury",,40.7,"*",36.6,,43.1,"*",36.7,,0.0,"*",36.2,"*"
"   Assault",,48.1,,43.0,,46.7,,45.3,,49.6,,41.0,
"      Aggravated",,67.1,,58.0,,61.2,,61.5,,76.1,,53.5,
"         With injury",,74.4,,64.1,,70.2,,67.8,,82.5,"*",61.2,
"         Threatened with weapon",,64.1,,55.1,,56.9,,59.4,,73.9,,48.1,
"      Simple",,39.9,,38.0,,38.7,,38.3,,40.9,,37.8,
"         With minor injury",,55.6,,50.9,,56.9,,53.6,,54.3,,49.6,
"         Without injury",,34.2,,34.3,,31.3,,35.3,,36.6,,33.3,
,,,,,,,,,,,,,
,,,,,,,,,,,,,
"Note: Excludes data on persons whose ethnicity was not ascertained.",,,,,,,,,,,,,
"* Estimate is based on about 10 or fewer sample cases.",,,,,,,,,,,,,
"a/Includes verbal threats of rape and threats of sexual assault.",,,,,,,,,,,,,
