Bureau of Justice Statistics,,,,,,,,,
Filename: csllea08at03.csv,,,,,,,,,
"Appendix table 3. Percent distribution of local police employees, by size of agency, 2008",,,,,,,,,
"Report title: Census of State and Local Law Enforcement Agencies, 2008 NCJ 233982",,,,,,,,,
"Data source: Census of State and Local Law Enforcement Agencies, 2008",,,,,,,,,
Author: Brian Reaves,,,,,,,,,
Refer questions to: askbjs@usdoj.gov or  202-307-0765,,,,,,,,,
Date of version: 7/26/2011,,,,,,,,,
,,,,,,,,,
"Appendix table 3. Percent distribution of local police employees, by size of agency, 2008",,,,,,,,,
Size of agency* ,,Agencies,,Full-time employees,,,,,
,,,,Total,,Sworn,,Nonsworn,
,All agencies,100,%,100,%,100,%,100,%
"1,000 or more",,0.4,,32.9,,32.6,,33.6,
500-999,,0.3,,6.7,,6.5,,7.2,
250-499,,0.8,,8.1,,7.8,,9,
100-249,,3.6,,14.4,,14.1,,15.5,
50-99,,6.5,,12.3,,12.2,,12.6,
25-49,,12.3,,11.4,,11.6,,10.8,
24-Oct,,22.8,,9.4,,9.7,,8.3,
9-May,,19.9,,3.3,,3.6,,2.4,
4-Feb,,21.1,,1.4,,1.7,,0.5,
0-1,,12.2,,0.2,,0.3,,0.1,
Note: Excludes agencies employing less than one full-time officer or the equivalent in part-time officers. Detail may not add to total because of rounding.,,,,,,,,,
*Based on  number of full-time sworn personnel.,,,,,,,,,
