Bureau of Justice Statistics,,,,,,,,,
Filename: csllea08at04.csv,,,,,,,,,
"Appendix table 4. Percent distribution of full-time sheriffs' employees, by size of agency, 2008",,,,,,,,,
"Report title: Census of State and Local Law Enforcement Agencies, 2008 NCJ 233982",,,,,,,,,
"Data source: Census of State and Local Law Enforcement Agencies, 2008",,,,,,,,,
Author: Brian Reaves,,,,,,,,,
Refer questions to: askbjs@usdoj.gov or  202-307-0765,,,,,,,,,
Date of version: 7/26/2011,,,,,,,,,
,,,,,,,,,
"Appendix table 4. Percent distribution of full-time sheriffs' employees, by size of agency, 2008",,,,,,,,,
Size of agency*,,Agencies,,Full-time employees,,,,,
,,,,Total,,Sworn,,Nonsworn,
,All agencies,100,%,100,%,100,%,100,%
"1,000 or more",,0.4,,17,,18,,15.9,
500-999,,0.9,,9.7,,9.4,,10.1,
250-499,,3.2,,18.3,,19,,17.6,
100-249,,7.8,,19.3,,19.7,,18.9,
50-99,,10.7,,12.7,,12.6,,12.7,
25-49,,18.7,,11.6,,11,,12.3,
24-Oct,,29.7,,8.5,,7.8,,9.3,
9-May,,18.6,,2.4,,2.1,,2.7,
4-Feb,,8.5,,0.5,,0.4,,0.5,
0-1,,1.5,,0.1,,--,,0.1,
Note: Excludes agencies employing less than one full-time officer or the equivalent in part-time officers. Detail may not sum to total because of rounding.,,,,,,,,,
--Less than 0.5%.,,,,,,,,,
*Based on number of full-time sworn personnel.,,,,,,,,,
