Bureau of Justice Statistics,
Filename: csllea08t08.csv,
"Table 8. Thirty largest law enforcement agencies serving public colleges and universities, by number of full-time sworn personnel, 2008",
"Report title: Census of State and Local Law Enforcement Agencies, 2008 NCJ 233982",
"Data source: Census of State and Local Law Enforcement Agencies, 2008",
Author: Brian Reaves,
Refer questions to: askbjs@usdoj.gov or  202-307-0765,
Date of version: 7/26/2011,
,
"Table 8. Thirty largest law enforcement agencies serving public colleges and universities, by number of full-time sworn personnel, 2008",
Institution ,Number of full-time sworn personnel
Temple University,125
University of Medicine & Dentistry of New Jersey,94
University of Texas Health Science Center,94
University of Maryland - College Park ,90
University of Florida,85
University of Alabama - Birmingham,79
City University of New York - Brooklyn College,79
University of Georgia,78
University of Illinois at Chicago,74
Virginia Commonwealth University,74
University of California - Berkeley,73
University of Pittsburgh,73
State University of New York at Stony Brook,71
Arizona State University,70
Michigan State University,69
Georgia State University,68
University of Central Florida,64
Texas A & M University,64
University of Massachusetts - Amherst,63
University of Mississippi Medical Center,63
University of Wisconsin - Madison,63
Florida State University,62
Georgia Tech University,62
Louisiana State University Police,62
University of Maryland - Baltimore,62
University of Cincinnati,62
Medical University of South Carolina,62
University of Texas - Austin,62
University of Alabama,61
State University of New York at Buffalo,61
