Bureau of Justice Statistics,
Filename: csllea08t10.csv,
"Table 10. Thirty largest state and local natural resource law enforcement agencies , by number of full-time sworn personnel, 2008",
"Report title: Census of State and Local Law Enforcement Agencies, 2008 NCJ 233982",
"Data source: Census of State and Local Law Enforcement Agencies, 2008",
Author: Brian Reaves,
Refer questions to: askbjs@usdoj.gov or  202-307-0765,
Date of version: 7/26/2011,
,
"Table 10. Thirty largest state and local natural resource law enforcement agencies , by number of full-time sworn personnel, 2008",
Agency,Full-time sworn personnel
California Department of Parks & Recreation          ,645
Florida Fish and Wildlife Conservation Commission                       ,626
Texas Parks & Wildlife Department                                       ,480
Ohio Department of Natural Resources ,394
California Department of Fish And Game ,330
New York State Department of Environmental Conservation                 ,321
New York State Park Police                                              ,305
Tennessee Wildlife Resources Agency                                     ,275
Maryland State Forest and Park Service                                  ,261
Washington State Parks and Recreation Commission                        ,250
South Carolina Department of Natural Resources                          ,238
Lousiana Wildlife And Fisheries Department            ,235
"Mississippi Department of Wildlife, Fisheries & Parks                   ",230
Colorado Division of Wildlife ,226
Maryland Natural Resources Police                                       ,224
Georgia Department of Natural Resources ,209
North Carolina Wildlife Resources Commission                            ,209
Tennessee Department of Environment &Conservation ,209
Missouri Department of Conservation                                          ,204
Indiana Department of Natural Resources                                 ,201
Minnesota Department of Natural Resources ,200
Michigan Department of Natural Resources                                ,195
Pennsylvania Game Commission - Law Enforcement                          ,191
Wisconsin Department of Natural Resources                               ,189
North Carolina Division of State Parks & Recreation                     ,185
Arkansas Game And Fish Commission                ,183
Kansas Department of Wildlife & Parks                                         ,178
New York City Department of Environmental Protection Police             ,168
Virginia Department Game and Inland Fisheries                           ,160
New York City Parks Enforcement Patrol                                  ,149
