Bureau of Justice Statistics,
Filename: csllea08at05.csv,
"Appendix table 5. Fifty largest state and local law enforcement agencies, by number of full-time sworn personnel, 2008",
"Report title: Census of State and Local Law Enforcement Agencies, 2008 NCJ 233982",
"Data source: Census of State and Local Law Enforcement Agencies, 2008",
Author: Brian Reaves,
Refer questions to: askbjs@usdoj.gov or  202-307-0765,
Date of version: 7/26/2011,
,
"Appendix table 5. Fifty largest state and local law enforcement agencies, by number of full-time sworn personnel, 2008",
Agency,Full-time sworn personnel
New York City (NY) Police,"36,023"
Chicago (IL) Police,"13,354"
Los Angeles (CA) Police,"9,727"
Los Angeles County (CA) Sheriff,"9,461"
California Highway Patrol,"7,202"
Philadelphia (PA) Police Department,"6,624"
Cook County (IL) Sheriff,"5,655"
Houston (TX) Police,"5,053"
New York State Police,"4,847"
Pennsylvania State Police,"4,458"
Washington (DC) Metropolitan Police,"3,742"
Texas Department of Public Safety,"3,529"
Dallas (TX) Police,"3,389"
Phoenix (AZ) Police,"3,388"
Miami-Dade (FL) Police,"3,093"
New Jersey State Police,"3,053"
Baltimore (MD) Police,"2,990"
Las Vegas (NV) Metropolitan Police,"2,942"
Nassau County (NY) Police,"2,732"
Suffolk County (NY) Police,"2,622"
Harris County (TX) Sheriff,"2,558"
Massachusetts State Police,"2,310"
Detroit (MI) Police,"2,250"
Boston (MA) Police,"2,181"
Riverside County (CA) Sheriff,"2,147"
Illinois State Police,"2,105"
San Antonio (TX) Police,"2,020"
Milwaukee (WI) Police,"1,987"
San Diego (CA) Police,"1,951"
San Francisco (CA) Police,"1,940"
Honolulu (HI) Police,"1,934"
Baltimore County (MD) Police,"1,910"
Columbus (OH) Police,"1,886"
Virginia State Police,"1,873"
North Carolina State Highway Patrol,"1,827"
San Bernardino County (CA) Sheriff,"1,797"
Orange County (CA) Sheriff-Coroner,"1,794"
Michigan State Police,"1,732"
Atlanta (GA) Police,"1,719"
Charlotte - Mecklenburg (NC) Police,"1,672"
Port Authority of New York & New Jersey Police,"1,667"
Jacksonville (FL) Sheriff,"1,662"
Broward County (FL) Sheriff,"1,624"
Cleveland (OH) Police,"1,616"
Florida Highway Patrol,"1,606"
Indianapolis (IN) Metropolitan Police,"1,582"
Prince George's County (MD) Police,"1,578"
Ohio State Highway Patrol,"1,560"
Memphis (TN) Police,"1,549"
Denver (CO) Police,"1,525"
