Bureau of Justice Statistics,
Filename: iscs05fig18-2.csv,
"Table 18.2.�Percentage of students ages 12�18 who reported avoiding school activities or avoiding one or more places in school during the previous 6 months, by selected student and school characteristics: 2003",
Report title: Indicators of School Crime and Safety: 2005  NCJ#210697,
Data source: School Crime Supplement (SCS) to the National Crime Victimization Survey,
"Author: Jill F. DeVoe, Katharin Peter, Margaret Noonan, Thomas D. Snyder, Katrina Baum",
Refer questions to: askbjs@usdoj.gov  202-307-0765,
Date of version: 11/7/2005,

"Figure 18.2.-Percentage of students ages 12-18 who reported avoiding one or more places in school during the previous 6 months, by selected student and school characteristics: 2003",

Student or school characteristic,
   Total,4
Grade,
  6th,5.6
  7th,5.7
  8th,4.7
  9th,5.1
  10th,3.1
  11th,2.5
  12th,1.2
Urbanicity,
  Urban,5.7
  Suburban,3.5
  Rural,2.8
Sector,
  Public,4.2
  Private,1.5

"NOTE:  Places includes the entrance, any hallways or stairs, parts of the cafeteria, restrooms, and other places inside the school building.",
"SOURCE: U.S. Department of Justice, Bureau of Justice Statistics, School Crime Supplement (SCS) to the National Crime Victimization Survey, selected years, 2003",
