Bureau of Justice Statistics,,,,,,
Filename: iscs05fig4-1.csv,,,,,,
"Figure 4.1.-Percentage of students in grades 9-12 who reported being threatened or injured with a weapon on school property during the previous 12 months, by sex: Selected years 1993-2003",,,,,,
Report title: Indicators of School Crime and Safety: 2005  NCJ#210697,,,,,,
Data source: Youth Risk Behavior Surveillance System (YRBSS),,,,,,
"Author: Jill F. DeVoe, Katharin Peter, Margaret Noonan, Thomas D. Snyder, Katrina Baum",,,,,,
Refer questions to: askbjs@usdoj.gov  202-307-0765,,,,,,
Date of version: 11/11/2005,,,,,,

"Figure 4.1.-Percentage of students in grades 9-12 who reported being threatened or injured with a weapon on school property during the previous 12 months, by sex: Selected years 1993-2003",,,,,,

,1993,1995,1997,1999,2001,2003
Total,7.3,8.4,7.4,7.7,8.9,9.2
Male,9.2,10.9,10.2,9.5,11.5,11.6
Female,5.4,5.8,4,5.8,6.5,6.5

"NOTE: ""On school property"" was not defined for survey respondents."
"SOURCE: Centers for Disease Control and Prevention, National Center for Chronic Disease Prevention and Health Promotion, Youth Risk Behavior Surveillance System (YRBSS), Youth Risk Behavior Survey (YRBS), selected years 1993-2003."
