Bureau of Justice Statistics,,,,
Filename: iscs05fig9-1.csv,,,,
"Figure 9.1.-Percentage of students ages 12-18 who reported that street gangs were present at school during the previous 6 months, by urbanicity and race/ethnicity:  2003",,,,
Report title: Indicators of School Crime and Safety: 2005  NCJ#210697,,,,
Data source: School Crime Supplement (SCS) to the National Crime Victimization Survey,,,,
"Author: Jill F. DeVoe, Katharin Peter, Margaret Noonan, Thomas D. Snyder, Katrina Baum",,,,
Refer questions to: askbjs@usdoj.gov  202-307-0765,,,,
Date of version: 11/12/2005,,,,

"Figure 9.1.-Percentage of students ages 12-18 who reported that street gangs were present at school during the previous 6 months, by urbanicity and race/ethnicity:  2003",,,,


,Total,Urban,Suburban,Rural
White/1,14,20,14,11
Black/1,29,33,28,22
Hispanic/1,37,43,35,13
Other/1,22,31,18,11

"1/Other includes Asians, Pacific Islanders, American Indians (including Alaska Natives), and students who indicated they were more than one race.  For this report, non-Hispanic students who identified themselves as more than one race in 2003 (1 percent of all respondents) were included in the other category.",,,,
"Respondents who identified themselves as being of Hispanic origin are classified as Hispanic, regardless of their race.",,,,
"NOTE: ""At school"" was defined as in the school building, on school property, on a school bus, or going to and from school.",,,,
"SOURCE: U.S. Department of Justice, Bureau of Justice Statistics, School Crime Supplement (SCS) to the National Crime Victimization Survey, 2003",,,,
