Bureau of Justice Statistics,,,,,,,
Filename:  iscs05fig2.2.csv,,,,,,,
"Figure 2.2.-Rate of nonfatal crimes against students ages 12-18 at school per 1,000 students, by type of crime and selected student characteristics: 2003",,,,,,,
Report title: Indicators of School Crime and Safety: 2005  NCJ#210697,,,,,,,
Data source: National Crime Victimization Survey,,,,,,,
"Author: Jill F. DeVoe, Katharin Peter, Margaret Noonan, Thomas D. Snyder, Katrina Baum",,,,,,,
Refer questions to: askbjs@usdoj.gov  202-307-0765,,,,,,,
Date of version: 11/7/2005,,,,,,,

"Figure 2.2.-Rate of nonfatal crimes against students ages 12-18 at school per 1,000 students, by type of crime and selected student characteristics: 2003",,,,,,,

Sex,,,,,,,
,Male,Female,Age,,Urbanicity,,
Total,85,61,12-14 years,15-18 years,Urban,Suburban,Rural
Theft,45,45,77,69,87,71,59
Violent,40,15,44,46,49,45,40
Serious violent,9,2,33,23,38,26,19,
,,,8,4,10,5,2,!

"NOTE: Serious violent crimes include rape, sexual assault, robbery, and aggravated assault. Violent crimes include serious violent crimes and simple assault. Total crimes include violent crimes and theft.  ""At school"" includes inside the school building, on school property, or on the way to or from school. Detail may not sum to totals because of rounding.",,,,,,,,
! Interpret data with caution. Estimate based on fewer than 10 cases.,,,,,,,,
"SOURCE: U.S. Department of Justice, Bureau of Justice Statistics, National Crime Victimization Survey (NCVS), 2003.",,,,,,,,
