Bureau of Justice Statistics,,,
Filename: iscs05fig3-1.csv,,,
"Figure 3.1.-Percentage of students ages 12-18 who reported nonfatal criminal victimization at school during the previous 6 months, by type of victimization:  Selected years 1995-2003",,,
Report title: Indicators of School Crime and Safety: 2005  NCJ#210697,,,
Data source: School Crime Supplement (SCS) to the National Crime Victimization Survey,,,
"Author: Jill F. DeVoe, Katharin Peter, Margaret Noonan, Thomas D. Snyder, Katrina Baum",,,
Refer questions to: askbjs@usdoj.gov  202-307-0765,,,
Date of version: 11/7/2005,,,

"Figure 3.1.-Percentage of students ages 12-18 who reported nonfatal criminal victimization at school during the previous 6 months, by type of victimization:  Selected years 1995-2003",,,

,Total,Theft,Violent
1995,10,7,3
1999,8,6,2
2001,6,4,2
2003,5,4,1

"NOTE: Violent crimes include rape, sexual assault, robbery, aggravated assault, and simple assault. Total crimes include violent crimes and theft. ""At school"" includes inside the school building, on school property, or on the way to or from school. Detail may not sum to totals due to rounding."
"SOURCE: U.S. Department of Justice, Bureau of Justice Statistics, School Crime Supplement (SCS) to the National Crime Victimization Survey, selected years 1995-2003."
