Bureau of Justice Statistics,,,,,,
Filename: iscs05fig13-1.csv,,,,,,
"Figure 13.1.-Percentage of students in grades 9-12 who reported having been in a physical fight during the previous 12 months, by location and sex:  Selected years 1993-2003",,,,,,
Report title: Indicators of School Crime and Safety: 2005  NCJ#210697,,,,,,
Data source: Youth Risk Behavior Surveillance System (YRBSS),,,,,,
"Author: Jill F. DeVoe, Katharin Peter, Margaret Noonan, Thomas D. Snyder, Katrina Baum",,,,,,
Refer questions to: askbjs@usdoj.gov  202-307-0765,,,,,,
Date of version: 11/11/2005,,,,,,

"Figure 13.1.-Percentage of students in grades 9-12 who reported having been in a physical fight during the previous 12 months, by location and sex:  Selected years 1993-2003",,,,,,

Anywhere,,,,,,
,1993,1995,1997,1999,2001,2003
Total,41.8,38.7,36.6,35.7,33.2,33
Male,51.2,46.1,45.5,44,43.1,40.5
Female,31.7,30.6,26,27.3,23.9,25.1

On school property,,,,,,
,1993,1995,1997,1999,2001,2003
Total,16.2,15.5,14.8,14.2,12.5,12.8
Male,23.5,21,20,18.5,18,17.1
Female,8.6,9.5,8.6,9.8,7.2,8

"NOTE: ""On school property"" was not defined for survey respondents. The term ""anywhere"" is not used in the YRBS questionnaire; rather, students are simply asked how many times in the last 12 months they had been in a physical fight.",,,,,,
"SOURCE: Centers for Disease Control and Prevention, National Center for Chronic Disease Prevention and Health Promotion, Youth Risk Behavior Surveillance System (YRBSS), Youth Risk Behavior Survey (YRBS), selected years 1993-2003.",,,,,,
