Bureau of Justice Statistics,,,,,,
Filename: iscs05fig5-1.csv,,,,,,
"Table 5.1.�Average annual number of teacher-reported nonfatal crimes against teachers and average annual rate of crimes per 1,000 teachers at school, by type of crime and selected teacher and school characteristics: 1999�2003",,,,,,
Report title: Indicators of School Crime and Safety: 2005  NCJ#210697,,,,,,
Data source: National Crime Victimization Survey,,,,,,
"Author: Jill F. DeVoe, Katharin Peter, Margaret Noonan, Thomas D. Snyder, Katrina Baum",,,,,,
Refer questions to: askbjs@usdoj.gov  202-307-0765,,,,,,
Date of version: 11/12/2005,,,,,,

"Figure 9.1.-Average annual rate of nonfatal crimes against teachers at school per 1,000 teachers, by type of crime and selected teacher and school characteristics:  1999-2003",,,,,,

,Elementary,,Middle/junior high,,Senior high,
Total,29,,41,,58,
Theft,20,,25,,36,
Violent,9,!,16,,22,
Serious violent,2,!,4,!,1,!

,Male,,Female,,,
Total,43,,38,,,
Theft,21,,26,,,
Violent,22,,11,,,
Serious violent,2,!,1,,,

,Urban,,Suburban,,Rural,
Total,46,,33,,31,
Theft,26,,26,,22,
Violent,20,,7,,9,
Serious violent,1,!,2,!,1,!


"! Interpret with caution, estimates based on 10 or fewer cases.",,,,,,
"NOTE: Violent crimes include rape, sexual assault, robbery, aggravated assault, and simple assault. Total crimes include violent crimes and theft.  ""At school"" includes inside the school building, on school property, at the work site, or while working. For thefts, ""while working"" is not considered, since thefts of teachers' property kept at school can occur when teachers are not present. The data are aggregated from 1999-2003 due to the small number of teachers in each year's sample. Detail may not sum to totals because of rounding.",,,,,,
"SOURCE: U.S. Department of Justice, Bureau of Justice Statistics, National Crime Victimization Survey (NCVS), 1999-2003."
 
