"Bureau of Justice Statistics",,,,,,,,
"filename: cfj956_4.csv",,,,,,,,
"contents: Federal case processing data",,,,,,,,
"data source: Federal Justice Statistics database maintained by the Urban institute.",,,,,,,,
"refer questions to: scalia@ojp.usdoj.gov (202) 616-3276",,,,,,,,
"coordinator: John Scalia and Steve Smith (202) 616-3485",,,,,,,,
"date of version:  2/20/98",,,,,,,,
,,,,,,,,
"Table 6.4.  Characteristics of offenders terminating parole or supervised release,",,,,,,,,
,"October 1, 1994 - September 30, 1995",,,,,,,
,,,,,,,,
,,"Number of",,,,,,
,,"terminations","Percent terminating supervisions with--",,,,,
,,"of parole or",,"Technical violations\a",,,,
,,"supervised","No","Drug","Fugitive",,"New","Administrative"
"Offender characteristic",,"release","violation","use","status","Other","crime\b","case closures"
," All offenders\c",17879,61,9,4,11,12,4
"Sex",,,,,,,,
,"Male",15519,59,9,4,12,12,5
,"Female",2358,73,8,3,7,6,2
"Race",,,,,,,,
,"White",12054,67,7,4,9,10,4
,"Black",5113,47,14,4,15,16,4
,"Other",599,60,6,4,17,11,3
"Ethnicity",,,,,,,,
,"Hispanic",2729,57,9,5,11,12,6
,"Non-Hispanic",15150,62,9,4,11,12,4
"Age",,,,,,,,
,"16-18 years",4,"--","--","--","--","--","--"
,"19-20 years",79,20,13,9,33,24,1
,"21-30 years",3818,49,11,5,16,15,4
,"31-40 years",6495,59,10,4,11,12,4
,"Over 40 years",7453,68,6,3,8,9,5
"Education",,,,,,,,
,"Less than high school graduate",7256,54,11,5,13,14,4
,"High school graduate",6090,62,9,4,11,11,4
,"Some college",3290,69,6,3,9,9,4
,"College graduate",1143,82,2,2,6,5,4
"Drug abuse",,,,,,,,
,"No known abuse",9587,71,3,3,9,10,5
,"Drug history",8289,49,15,5,14,14,4
,,,,,,,,
"--Too few cases to obtain statistically reliable data.",,,,,,,,
"(SEE PRINTED REPORT FOR FOOTNOTES)",,,,,,,,
