"Bureau of Justice Statistics",,,,,,,,
"filename: cfj956_2.csv",,,,,,,,
"contents: Federal case processing data",,,,,,,,
"data source: Federal Justice Statistics database maintained by the Urban institute.",,,,,,,,
"refer questions to: scalia@ojp.usdoj.gov (202) 616-3276",,,,,,,,
"coordinator: John Scalia and Steve Smith (202) 616-3485",,,,,,,,
"date of version:  2/20/98",,,,,,,,
,,,,,,,,
"Table 6.2.  Characteristics of offenders terminating probation supervision, ",,,,,,,,
,"October 1, 1994 - September 30, 1995",,,,,,,
,,,,,,,,
,,,"Percent of probation supervisions terminating with--",,,,,
,,"Number of",,"Technical violations\a",,,,
"Offender",,"probation","No","Drug","Fugitive",,"New","Administrative"
"characteristic",,"terminations","violation","use","status","Other","crime\b","case closures"
," All offenders\c",18144,84,2,2,6,4,2
"Sex",,,,,,,,
,"Male",13493,82,3,2,6,4,3
,"Female",4648,87,2,1,5,3,2
"Race",,,,,,,,
,"White",12623,86,2,2,5,3,2
,"Black",4688,76,4,2,10,6,3
,"Other",742,82,2,2,7,4,3
"Ethnicity",,,,,,,,
,"Hispanic",1587,79,3,4,7,5,3
,"Non-Hispanic",16557,84,2,2,6,4,2
"Age",,,,,,,,
,"16-18 years",129,54,6,8,12,14,6
,"19-20 years",489,67,5,5,12,8,3
,"21-30 years",4851,77,4,3,9,6,2
,"31-40 years",5487,83,3,2,6,4,2
,"Over 40 years",7154,90,1,1,3,2,3
"Education",,,,,,,,
,"Less than high school graduate",4823,77,3,3,8,6,3
,"High school graduate",6943,84,3,2,6,3,2
,"Some college",4136,87,2,1,5,3,2
,"College graduate",2078,92,0,1,2,2,2
"Drug abuse",,,,,,,,
,"No known abuse",14756,87,1,2,5,3,2
,"Drug history",3377,70,8,3,10,6,3
,,,,,,,,
"(SEE PRINTED REPORT FOR FOOTNOTES)",,,,,,,,
