Bureau of Justice Statistics,,,,,,,,
filename: mcdsp04at01.csv,,,,,,,,
"Appendix table 1. Causes of death in State prisons, with average annual mortality rate per 100,000 inmates, 2001-2004",,,,,,,,
"report title: Medical Causes of Death in State Prisons, 2001-2004  NCJ 216340",,,,,,,,
"data source: Deaths in Custody Reporting Program, 2001-2004",,,,,,,,
author: Christopher J. Mumola,,,,,,,,
refer questions to: askbjs@usdoj.gov  (202) 307-0765,,,,,,,,
date of version: 1-21-2007,,,,,,,,

"Appendix table 1. Causes of death in State prisons, with average annual mortality rate per 100,000 inmates, 2001-2004",,,,,,,,

,,Number of State prison inmate deaths,,,,,,
Cause of death,,2001,2002,2003,2004,2001-04 percent,,"Average annual mortality rate, per 100,000 inmates, 2001-04"

,All causes,"2,878","2,946","3,167","3,138",100,%,250
Heart diseases,,788,828,836,862,27.3,%,68
Cancer,,655,660,786,719,23.3,,58
Liver diseases,,320,301,315,294,10.1,,25
,Chronic liver disease/cirrhosis,89,88,78,84,2.8,,7
,Other liver diseases,231,213,237,210,7.3,,18
AIDS,,270,245,210,145,7.2,,18
Suicide,,169,168,200,200,6.1,,15
Respiratory diseases/a,,97,125,130,143,4.1,,10
,Chronic lower respiratory diseases,31,35,39,57,1.3,,3
,Lung diseases due to external agents,2,2,2,2,0.1,,0
,Other/unspecified respiratory diseases,64,88,89,84,2.7,,7
Cerebrovascular diseases,,93,90,122,89,3.2,,8
Septicemia,,50,64,67,81,2.2,,5
Influenza/pneumonia,,47,47,74,57,1.9,,5
Digestitve diseases/b,,40,61,56,49,1.7,,4
,"Disorders of the gall bladder, biliary tract and pancreas",7,5,8,5,0.2,,1
,"Diseases of the esophagus, stomach and duodenum",4,7,7,4,0.2,,0
,Diseases of the peritoneum,5,3,4,5,0.1,,0
,Noninfective enteritis and colitis,1,1,2,1,0,,0
,Other diseases of the intestines,4,8,7,6,0.2,,1
,Other/unspecified digestive diseases,19,37,28,28,0.9,,2
Kidney diseases,,39,47,57,57,1.6,,4
,"Nephritis, nephrosis, nephrotic syndrome",39,44,55,55,1.6,,4
,Renal tubulo-interstitial diseases,0,1,1,1,0,,0
,Other disorders of the kidney and ureter,0,2,1,1,0,,0
Homicide,,39,48,50,51,1.6,,4
Alcohol/drug intoxication,,36,37,23,23,1,,2
Accidental injury,,23,31,26,37,1,,2
Viral hepatitis (all types),,9,16,17,40,0.7,,2
Aortic aneurysm,,18,15,17,28,0.6,,2
Diabetes mellitus,,21,11,11,16,0.5,,1
Other disorders of the nervous system,,12,4,8,10,0.3,,1
Anemias,,5,8,8,5,0.2,,1
"Benign neoplasms, in-situ neoplasms",,6,9,4,7,0.2,,1
Unspecified illness deaths -- ,,74,59,71,110,2.6,,6
,Illness -specific medical cause unknown,64,48,56,101,2.2,,6
,"Illness - multiple medical causes, unresolved/c",10,11,15,9,0.4,,1
All other illnesses ,,29,34,54,78,1.6,,4
Deaths without a known cause --,,38,38,25,37,1.1,,3
,Unknown cause of death,33,36,16,30,0.9,,2
,"Multiple causes, unresolved/d",5,2,9,7,0.2,,0

"Note: Detail may not add to total due to rounding. The 20 leading causes of death listed in the table account for 94.7% of all State prison deaths during 2001-04. Executions are not included; for data on executions, see Capital Punishment, 2005, <http://www.ojp.usdoj.gov/bjs/abstract/cp05.htm>.",,,,,,,,
a/Excludes influenza and pneumonia.,,,,,,,,
b/Excludes liver diseases.,,,,,,,,
"c/In all such cases, none of the causes of death matched the 63 medical causes of death cited in any record for which a single illness was identified as the cause of death.",,,,,,,,
"d/Such cases were checked ""other causes of death"", with a text description of events, but the information was insufficient to classify the death to a single cause.",,,,,,,,
