Bureau of Justice Statistics,,
filename: mcdsp04at05.csv,,
"Appendix table 5. Time served since admission for deaths in State prison, age 65 or older, 2001-2004",,
"report title: Medical Causes of Death in State Prisons, 2001-2004  NCJ 216340",,
"data source: Deaths in Custody Reporting Program, 2001-2004",,
author: Christopher J. Mumola,,
refer questions to: askbjs@usdoj.gov  (202) 307-0765,,
date of version: 1-21-2007,,

"Appendix table 5. Time served since admission for deaths in State prison, age 65 or older, 2001-2004",,

Time served since admission,"Percent of State prisoner deaths, age 65 or older, 2001-04",
Less than 1 month,0.7,%
1-5 months,4,
6-11 months,4.4,
12-23 months,8.9,
24-59 months,17.9
60-119 months,23.1
120-239 months,26
240 months or more,15
