Bureau of Justice Statistics,,,,,,,,,,,,,
filename: mcdsp04at02.csv,,,,,,,,,,,,,
"Appendix table 2. Profile of cancer deaths in State prison, 2001-2004",,,,,,,,,,,,,
"report title: Medical Causes of Death in State Prisons, 2001-2004  NCJ 216340",,,,,,,,,,,,,
"data source: Deaths in Custody Reporting Program, 2001-2004",,,,,,,,,,,,,
author: Christopher J. Mumola,,,,,,,,,,,,,
refer questions to: askbjs@usdoj.gov  (202) 307-0765,,,,,,,,,,,,,
date of version: 1-21-2007,,,,,,,,,,,,,

"Appendix table 2. Profile of cancer deaths in State prison, 2001-2004",,,,,,,,,,,,,
,,"Number of State prison inmate deaths, 2001-2004",,,,,,,,,,,
,,,Gender,,Race/Hispanic origin,,,Age,,,,,
Site of cancer ,,All inmates,Male,Female,White,Black,Hispanic,Under 18,18-24,25-34,35-44,45-54,55 or older

,All causes of death,12129,11645,482,5898,4714,1285,7,292,1041,2616,3758,4402

,"Cancer, all sites",2820,2731,88,1460,843,218,0,15,75,415,894,1418

Lung/a,,910,885,25,505,351,44,0,2,4,114,279,511
Liver/b,,276,273,3,111,96,65,0,1,1,22,128,124
Colon/c,,171,166,5,85,60,21,0,1,2,30,59,79
Pancreas,,124,123,1,55,52,13,0,0,2,18,37,67
Non-Hodgkin's lymphoma,,114,112,2,65,34,14,0,2,7,24,43,38
Prostate,,92,92,0,45,38,9,0,0,0,0,9,83
Leukemia,,87,84,3,42,36,8,0,2,11,26,21,27
"Lip, oral cavity, and pharynx",,68,67,1,39,24,3,0,0,0,7,26,35
Stomach,,61,59,2,21,35,5,0,1,2,12,19,26
Kidney and renal pelvis,,61,60,1,25,33,3,0,0,2,11,25,23
Esophagus,,51,50,1,35,12,3,0,0,0,4,12,35
"Other lymphoid, hematopoietic and related tissue/d",,44,43,1,17,23,3,0,1,1,7,14,21
Bladder,,32,31,1,24,7,0,0,0,0,1,7,24
Skin,,29,28,1,24,3,1,0,0,2,11,8,8
Larynx,,29,28,1,16,12,1,0,0,0,0,8,21
Breast,,17,4,13,4,12,0,0,0,2,6,6,3
Testicles,,14,14,0,5,5,4,0,1,5,7,1,0
Ovary,,5,0,4,4,0,1,0,0,0,2,2,1
Cervix uteri,,3,0,3,1,2,0,0,0,1,1,1,0
"Meninges, brain, and central nervous system",,3,0,3,1,2,0,0,0,1,1,1,0
"Corpus uteri and uterus, part unspecificed",,1,0,1,0,1,0,0,0,0,0,0,1
Hodgkin's disease,,0,0,0,0,0,0,0,0,0,0,0,0

All other types of cancer,,72,71,1,31,27,10,0,2,15,20,14,21
"Cancer, type unspecified",,585,568,17,323,211,37,0,3,22,99,180,279

Note: Detail does not sum to total because multiple sites of cancer were identified for some cases. ,,,,,,,,,,,,,
a/Includes the trachea and bronchus.,,,,,,,,,,,,,
b/Includes the bile ducts.,,,,,,,,,,,,,
c/Includes the rectum and anus.,,,,,,,,,,,,,
"d/Excludes Hodgkin's disease, non-Hodgkin's lymphoma, and leukemia."
