Bureau of Justice Statistics,,,
filename: mcdsp04tt02.csv,,,
"Text table 2. Average annual mortality rate, per 100,000 State prisoners, by time served since admission, 2001-2004",,,
"report title: Medical Causes of Death in State Prisons, 2001-2004  NCJ 216340",,,
"data source: Deaths in Custody Reporting Program, 2001-2004",,,
author: Christopher J. Mumola,,,
refer questions to: askbjs@usdoj.gov  (202) 307-0765,,,
date of version: 1-21-2007,,,

"Text table 2. Average annual mortality rate, per 100,000 State prisoners, by time served since admission, 2001-2004",,,

,"Average annual mortality rate, per 100,000 State prisoners, by time served",,
Cause of death,Less than 60 months,60-119 months,120 months or longer
Heart diseases,47,84,160
Cancer,38,70,151
Liver diseases,20,31,48
AIDS,16,21,24
Respiratory diseases,7,13,38
