Bureau of Justice Statistics,,
filename:  cp05t09.csv,,
"Table #: 9 Number of persons executed, by jurisdiction, 1930-2005",,
"Report title: Capital Punishment, 2005   NCJ 215083",,
Data source: National Prisoner Statistics (NPS-8),,
Author:  Tracy L. Snell,,
Refer questions to: askbjs@usdoj.gov (202) 307-0765,,
Date of version: 11/16/06,,

"Table 9. Number of persons executed, by jurisdiction, 1930-2005",,
,Number executed ,
State,Since 1930,Since 1977
    U.S. total,4863,1004
Texas,633,336
Georgia,402,36
New York,329,0
California,302,10
North Carolina,297,34
Florida,229,59
South Carolina,194,32
Ohio,186,94
Virginia,187,15
Alabama,165,30
Mississippi,160,27
Louisiana,160,6
Pennsylvania,155,3
Arkansas,144,26
Oklahoma,135,75
Missouri,123,61
Kentucky,105,2
Illinois,102,12
Tennessee ,94,1
New Jersey,74,0
Maryland,72,4
Arizona,60,22
Indiana,52,11
Washington,51,4
Colorado,48,1
Nevada,40,0
District of Columbia,40,0
West Virginia,40,11
Federal system,36,3
Massachusetts,27,0
Delaware,25,13
Connecticut,21,2
Oregon ,21,0
Utah,19,6
Iowa ,18,0
Kansas,15,0
New Mexico ,9,1
Montana ,8,2
Wyoming,8,1
Nebraska,7,3
Idaho,4,1
Vermont,4,0
New Hampshire,1,0
South Dakota,1,0
