Bureau of Justice Statistics,,,,,,,,,,,,,,,
Filename:  cp05t04.csv,,,,,,,,,,,,,,,
"Table #: 4  Prisoners under sentence of death, by region, State, and race, 2004 and 2005",,,,,,,,,,,,,,,
"Report title: Capital Punishment, 2005   NCJ 215083",,,,,,,,,,,,,,,
Data source: National Prisoner Statistics (NPS-8),,,,,,,,,,,,,,,
Author:  Tracy L. Snell,,,,,,,,,,,,,,,
Refer questions to: askbjs@usdoj.gov (202) 307-0765,,,,,,,,,,,,,,,
Date of version: 11/20/06,,,,,,,,,,,,,,,

"Table 4.  Prisoners under sentence of death, by region, State, and race, 2004 and 2005",,,,,,,,,,,,,,,
,"Prisoners under sentence of death, 12/31/04",,,Received under sentence of death  ,,,Removed from death row (excluding executions)/a  ,,,Executed   ,,,"Prisoners under sentence of death, 12/31/05",,
Region and State,Total/b,White/c,Black/c,Total/b,White/c,Black/c,Total/b,White/c,Black/c,Total/b,White/c,Black/c,Total/b,White/c,Black/c
U.S. total,3320,1856,1390,128,70,52,134,80,51,60,41,19,3254,1805,1372
Federal/d,32,11,20,6,5,1,1,0,1,0,0,0,37,16,20
State,3288,1845,1370,122,65,51,133,80,50,60,41,19,3217,1789,1352
Northeast,240,86,143,8,2,6,11,4,7,1,1,0,236,83,142
Connecticut,7,4,3,1,1,0,0,0,0,1,1,0,7,4,3
New Hampshire,0,0,0,0,0,0,0,0,0,0,0,0,0,0,0
New Jersey,11,4,7,0,0,0,1,0,1,0,0,0,10,4,6
New York,2,1,1,0,0,0,1,1,0,0,0,0,1,0,1
Pennsylvania,220,77,132,7,1,6,9,3,6,0,0,0,218,75,132
Midwest,298,161,134,11,7,4,9,7,2,14,7,7,286,154,129
Illinois,6,5,1,1,0,1,0,0,0,0,0,0,7,5,2
Indiana,27,21,6,1,1,0,3,2,1,5,5,0,20,15,5
Kansas,0,0,0,0,0,0,0,0,0,0,0,0,0,0,0
Missouri,51,26,25,2,1,1,2,2,0,5,1,4,46,24,22
Nebraska,8,7,1,2,2,0,0,0,0,0,0,0,10,9,1
Ohio/e,202,98,101,5,3,2,4,3,1,4,1,3,199,97,99
South Dakota,4,4,0,0,0,0,0,0,0,0,0,0,4,4,0
South,1840,1010,807,70,34,33,87,51,35,43,32,11,1780,961,794
Alabama,193,101,92,12,6,6,12,8,4,4,4,0,189,95,94
Arkansas,38,16,22,2,0,2,1,1,0,1,1,0,38,14,24
Delaware,17,13,4,0,0,0,0,0,0,1,1,0,16,12,4
Florida,367,242,125,15,7,8,9,8,1,1,1,0,372,240,132
Georgia,110,57,52,3,1,2,3,1,2,3,3,0,107,54,52
Kentucky,35,28,7,1,0,1,0,0,0,0,0,0,36,28,8
Louisiana,87,30,56,4,1,3,8,2,6,0,0,0,83,29,53
Maryland,8,2,6,0,0,0,0,0,0,1,0,1,7,2,5
Mississippi,70,33,36,2,2,0,3,2,1,1,1,0,68,32,35
North Carolina,180,72,101,6,3,1,7,3,4,5,4,1,174,68,97
Oklahoma,92,48,38,5,4,0,7,3,4,4,1,3,86,48,31
South Carolina,71,35,36,3,0,3,3,1,2,3,2,1,68,32,36
Tennessee,101,59,40,2,1,1,0,0,0,0,0,0,103,60,41
Texas,448,264,179,14,9,5,32,22,9,19,14,5,411,237,170
Virginia,23,10,13,1,0,1,2,0,2,0,0,0,22,10,12
West,910,588,286,33,22,8,26,18,6,2,1,1,915,591,287
Arizona,107,91,10,8,6,2,6,4,0,0,0,0,109,93,12
California,637,379,232,23,15,5,12,10,2,2,1,1,646,383,234
Colorado,3,1,2,0,0,0,1,0,1,0,0,0,2,1,1
Idaho/e,22,22,0,0,0,0,4,4,0,0,0,0,18,18,0
Montana,4,3,0,0,0,0,0,0,0,0,0,0,4,3,0
Nevada,83,49,33,1,1,0,2,0,2,0,0,0,82,50,31
New Mexico,2,2,0,0,0,0,0,0,0,0,0,0,2,2,0
Oregon,30,27,2,1,0,1,0,0,0,0,0,0,31,27,3
Utah,10,7,2,0,0,0,1,0,1,0,0,0,9,7,1
Washington,10,5,5,0,0,0,0,0,0,0,0,0,10,5,5
Wyoming,2,2,0,0,0,0,0,0,0,0,0,0,2,2,0
"Note: Some figures shown for yearend 2004 are revised from those reported in Capital Punishment, 2004, NCJ 211349.",,,,,,,,,,,,,,,
"The revised figures include 14 inmates who were either reported late to the National Prisoner Statistics program or were not in custody of State correctional authorities on 12/31/04 (3 each in Florida and Arizona; 2 each in Tennessee and Texas; and 1 each in Georgia, Kentucky, Oklahoma, and Idaho). The revised figures also exclude 8 inmates who were relieved of a death sentence before 12/31/04 (2 in Pennsylvania; and 1 each in Missouri, Nebraska, Arkansas, Maryland, and North Carolina).",,,,,,,,,,,,,,,
Data for 12/31/2004 have been revised to exclude 1 inmate in the Federal Bureau of Prisons who was erroneously reported.,,,,,,,,,,,,,,,
"a/Includes 21 deaths from natural causes (6 in California; 3 in Florida; 2 each in Ohio, Alabama, and Georgia; and 1 each in Arkansas, Louisiana, North Carolina, Oklahoma, Idaho, and Nevada); 3 deaths from suicide (1 each in Ohio, Mississippi, and Texas); and 1 death from a drug overdose (California). ",,,,,,,,,,,,,,,
b/Totals include persons of races other than white and black.,,,,,,,,,,,,,,,
c/The reporting of race and Hispanic origin differs from that presented in tables 8 and 10.  In this table white and black inmates include Hispanics.,,,,,,,,,,,,,,,
d/Excludes persons held under Armed Forces jurisdiction with a military death sentence for murder.,,,,,,,,,,,,,,,
e/One inmate under sentence of death in Ohio was erroneously reported as being under sentence of death in Idaho in the 2004 report.
