Bureau of Justice Statistics,,,,,,,,
filename:  cp05t06.csv,,,,,,,,
"Table #: 6 Hispanics and women under sentence of death, by State, 2004 and 2005",,,,,,,,
"Report title: Capital Punishment, 2005   NCJ 215083",,,,,,,,
Data source: National Prisoner Statistics (NPS-8),,,,,,,,
Author:  Tracy L. Snell,,,,,,,,
Refer questions to: askbjs@usdoj.gov (202) 307-0765,,,,,,,,
Date of version: 11/16/06,,,,,,,,

"Table 6. Hispanics and women under sentence of death, by State, 2004 and 2005",,,,,,,,
,"Under sentence of death, 12/31/04/a ",,Received under sentence of death,,Death sentence removed/b,"Under sentence of death, 12/31/05",,
Region and State,Hispanics,Women,Hispanics,Women,Hispanics,Hispanics,Women,
U.S. total,368,52,17,5,23,5,362,52
Federal,2,0,0,1,0,0,2,1
Alabama,1,3,0,1,0,1,1,3
Arizona,18,2,2,0,3,0,17,2
California,131,15,6,0,1,1,136,14
Colorado,1,0,0,0,0,0,1,0
Connecticut,1,0,1,0,0,0,2,0
Delaware,2,1,0,0,0,0,2,1
Florida,31,1,0,0,0,0,31,1
Georgia,3,1,0,0,0,0,3,1
Idaho,1,1,0,0,0,0,1,1
Illinois,2,0,0,0,0,0,2,0
Indiana,1,1,0,0,0,0,1,1
Kentucky,1,1,0,0,0,0,1,1
Louisiana,1,1,0,0,0,0,1,1
Mississippi,0,1,0,0,0,0,0,1
Nebraska,2,0,1,0,0,0,3,0
Nevada,7,1,0,0,0,1,7,0
New Mexico,1,0,0,0,0,0,1,0
North Carolina,3,4,0,0,0,0,3,4
Ohio,5,1,1,1,0,0,6,2
Oklahoma,3,1,0,0,1,0,2,1
Oregon,2,0,0,0,0,0,2,0
Pennsylvania,22,5,0,1,0,1,22,5
Tennessee,1,2,0,0,0,0,1,2
Texas,124,9,6,1,18,1,112,9
Utah,2,0,0,0,0,0,2,0
Virginia,0,1,0,0,0,0,0,1
a/The count of Hispanics and women under sentence of death at yearend 2004 has been revised.,,,,,,,,
b/Includes 3 Hispanic men and 1 woman in Texas who were executed in 2005.,,,,,,,,
