Bureau of Justice Statistics,
filename:  cp05tt04.csv,
"Text table #: 4 Number of executions, 1977-2005",
"report title: Capital Punishment, 2005   NCJ 215083",
data source: National Prisoner Statistics (NPS-8),
author:  Tracy L. Snell,
refer questions to: askbjs@usdoj.gov (202) 307-0765,
date of version: 11/16/06,

"Text table 4. Number of executions, 1977-2005",
1977,1
1979,2
1981,1
1982,2
1983,5
1984,21
1985,18
1986,18
1987,25
1988,11
1989,16
1990,23
1991,14
1992,31
1993,38
1994,31
1995,56
1996,45
1997,74
1998,68
1999,98
2000,85
2001,66
2002,71
2003,65
2004,59
2005,60
