Bureau of Justice Statistics,,,,
filename:  cp05tt06.csv,,,,
Text table #: 6 Elapsed time since sentencing for inmates under sentence of death by gender and race/ethnicity,,,,
"report title: Capital Punishment, 2005   NCJ 215083",,,,
data source: National Prisoner Statistics (NPS-8),,,,
author:  Tracy L. Snell,,,,
refer questions to: askbjs@usdoj.gov (202) 307-0765,,,,
date of version: 11/16/06,,,,

Text table 6. Elapsed time since sentencing for inmates under sentence of death by gender and race/ethnicity,,,,
,Elapsed time since sentencing,,,
Inmates under sentence of death,Mean,,Median,
    Total,128, mo,118, mo
Male,129,,118,
Female,90,,85,
White,132,,122,
Black,129,,121
Hispanic,114,,97
