Bureau of Justice Statistics,,,,,,
filename:  cp05at05.csv,,,,,,
"Appendix table #: 5 Executions, by State and method, 1977-2005",,,,,,
"report title: Capital Punishment, 2005   NCJ 215083",,,,,,
data source: National Prisoner Statistics (NPS-8),,,,,,
author:  Tracy L. Snell,,,,,,
refer questions to: askbjs@usdoj.gov (202) 307-0765,,,,,,
date of version: 11/20/06,,,,,,

"Appendix table 5. Executions, by State and method, 1977-2005",,,,,,
State,Number executed,Lethal injection,Electrocution,Lethal gas,Hanging,Firing squad
   U.S. total,1004,836,152,11,3,2
   Federal,3,3,0,0,0,0
Alabama,34,10,24,0,0,0
Arizona,22,20,0,2,0,0
Arkansas,27,26,1,0,0,0
California,12,10,0,2,0,0
Colorado,1,1,0,0,0,0
Connecticut,1,1,0,0,0,0
Delaware,14,13,0,0,1,0
Florida,60,16,44,0,0,0
Georgia,39,16,23,0,0,0
Idaho,1,1,0,0,0,0
Illinois,12,12,0,0,0,0
Indiana,16,13,3,0,0,0
Kentucky,2,1,1,0,0,0
Louisiana,27,7,20,0,0,0
Maryland,5,5,0,0,0,0
Mississippi,7,3,0,4,0,0
Missouri,66,66,0,0,0,0
Montana,2,2,0,0,0,0
Nebraska,3,0,3,0,0,0
Nevada,11,10,0,1,0,0
New Mexico,1,1,0,0,0,0
North Carolina,39,37,0,2,0,0
Ohio,19,19,0,0,0,0
Oklahoma,79,79,0,0,0,0
Oregon,2,2,0,0,0,0
Pennsylvania,3,3,0,0,0,0
South Carolina,35,29,6,0,0,0
Tennessee,1,1,0,0,0,0
Texas,355,355,0,0,0,0
Utah,6,4,0,0,0,2
Virginia,94,67,27,0,0,0
Washington,4,2,0,0,2,0
Wyoming,1,1,0,0,0,0
