"Bureau of Justice Statistics",,,,,,,,,,,
"Filename:  cfjs02303.csv",,,,,,,,,,,
"Table 3.3.  Type of pretrial release, by defendant characteristics, October 1, 2001 - September 30, 2002",,,,,,,,,,,
"Report title:  Compendium of Federal Justice Statistics, 2002  NCJ  205368",,,,,,,,,,,
"Data source:  Federal justice statistics database maintained by The Urban Institute",,,,,,,,,,,
"Author:  Urban Institute under the supervision of BJS",,,,,,,,,,,
"Refer  questions to:  askbjs@usdoj.gov  202-307-0765",,,,,,,,,,,
"Date of version:  9/17/04",,,,,,,,,,,
,,,,,,,,,,,
,,,,,,,,,,,
"Table 3.3.  Type of pretrial release, by defendant characteristics, October 1, 2001 - September 30, 2002",,,,,,,,,,,
,,,,,,,,,,,
,,,,,"Of defendants released at any time prior to case disposition, percent released on--",,,,,"Number of defendants",
"Defendant characteristic",,,,"Percent released","Financial/a","Unsecured bond","Personal recognizance","Conditional release",,"Released","All defendants"
,,," All defendants/b",44.9,19,47.3,29.1,4.7,,32140,71572
"Male/Female",,,,,,,,,,,
,"Male",,,39.8,20.9,45.9,28.1,5,,23870,60049
,"Female",,,71.8,13.4,51.5,31.7,3.4,,8205,11426
"Race",,,,,,,,,,,
,"White",,,42,20,46.7,28.7,4.7,,20948,49868
,"Black",,,50.3,17.7,52.6,25.6,4.2,,9018,17935
,"Native American",,,64.3,4.1,21.7,72.5,1.7,,761,1184
,"Asian/Pacific Islander",,,58.6,22.1,42.1,31.8,3.9,,949,1619
"Ethnicity",,,,,,,,,,,
,"Hispanic",,,21.4,36.7,40.9,15.7,6.7,,6380,29790
,"Non-Hispanic",,,61.7,14.6,49.1,32.3,3.9,,25499,41337
"Age",,,,,,,,,,,
,"16-18 years",,,48.9,16.6,38.5,37.7,7.1,,631,1290
,"19-20 years",,,47.6,15.7,44.6,32.7,7.1,,2049,4305
,"21-30 years",,,38.7,20.8,47,27.2,5.1,,10929,28235
,"31-40 years",,,42.1,20.9,46.9,27.8,4.4,,8757,20812
,"Over 40 years",,,57.7,16.2,49.5,30.8,3.5,,9685,16772
"Education",,,,,,,,,,,
,"Less than high school graduate",,,38.6,25.5,47.9,24.7,2,,8193,21245
,"High school graduate",,,59.7,18.4,49.8,28.5,3.3,,10423,17455
,"Some college",,,70.9,17.7,51.2,29.1,2,,7174,10112
,"College graduate",,,79.2,16.3,51,29.6,3.1,,3526,4453
"Marital status",,,,,,,,,,,
,"Never married",,,50,18.2,50.1,28.7,3,,11159,22296
,"Divorced/separated",,,57.9,17.5,51.9,28.1,2.4,,5702,9850
,"Married",,,59,21.9,48.2,27.5,2.4,,10438,17698
,"Common law",,,45.1,26.1,47.2,25.2,1.5,,2250,4994
,"Other",,,15.5,7.3,22,42.3,28.4,,2591,16734
"Employment status at arrest",,,,,,,,,,,
,"Unemployed",,,44.2,18.4,50.1,29,2.5,,10861,24597
,"Employed",,,62.6,20.6,49.2,27.5,2.6,,18839,30101
"Criminal record",,,,,,,,,,,
,"No convictions/c",,,60.7,17.9,47,30.5,4.6,,12630,20803
,,"Misdemeanor only",,57.4,16.9,46.9,31.9,4.3,,6847,11924
,,"Felony",,,,,,,,,
,,,"Nonviolent",30.5,20.9,49.5,24.8,4.8,,4905,16096
,,,"Violent",24.8,21.7,43.6,26.9,7.8,,2869,11558
"Number of prior convictions",,,,,,,,,,,
,"1",,,46,20.2,48.4,27.9,3.5,,5302,11533
,"2 to 4",,,37.1,19.6,47.8,28.1,4.5,,5999,16165
,"5 or more",,,27.9,16.8,43.9,30.4,8.9,,3320,11880
"Criminal justice status",,,,,,,,,,,
,"Not under supervision",,,58.1,18.7,47.2,29.7,4.4,,24751,42592
,"Pretrial release",,,53.1,18.8,52,28,1.2,,1453,2738
,"Probation",,,38.5,21.2,48.4,27.1,3.3,,1527,3971
,"Parole",,,18.6,20.3,46.3,22.3,11.1,,296,1588
"Court appearance history",,,,,,,,,,,
,"No prior arrests",,,55.5,18,46.8,30.6,4.6,,12785,23028
,"Failure to appear",,,,,,,,,,
,,"None",,41.7,20.5,48.4,27.1,4,,15884,38073
,,"1",,34.4,15.5,46.5,31.7,6.3,,1726,5012
,,"More than 1",,32,16,42.1,33.1,8.7,,1745,5459
"Drug abuse",,,,,,,,,,,
,"No known abuse",,,58.9,19.8,48.8,28.4,3,,19260,32690
,"Drug history",,,49.9,19.8,51.4,26.9,1.8,,9044,18117
,,,,,,,,,,,
"Note:  Released defendants include some defendants who were also detained prior to trial.  Total also includes defendants for whom release status data were unavailable.  ",,,,,,,,,,,
"Percentages in these tables are not directly comparable to those in the 1993 and prior Compendia; see Chapter notes, items 1 and 2, p. 51.",,,,,,,,,,,
"a\ Includes deposit bond, surety bond, and collateral bond.",,,,,,,,,,,
"b\ Includes defendants for whom characteristics could not be determined.",,,,,,,,,,,
"c\ Includes only those defendants whose PSA records explicitly showed no prior convictions.",,,,,,,,,,,
