"Bureau of Justice Statistics",,,,,,,,,,,
"Filename:  cfjs02305.csv",,,,,,,,,,,
"Table 3.5.  Form of pretrial detention, by defendant characteristics, October 1, 2001 - September 30, 2002",,,,,,,,,,,
"Report title:  Compendium of Federal Justice Statistics, 2002   NCJ  205368",,,,,,,,,,,
"Data source:  Federal justice statistics database maintained by The Urban Institute",,,,,,,,,,,
"Author:  Urban Institute under the supervision of BJS",,,,,,,,,,,
"Refer  questions to:  askbjs@usdoj.gov  202-307-0765",,,,,,,,,,,
"Date of version:  9/17/04",,,,,,,,,,,
,,,,,,,,,,,
,,,,,,,,,,,
"Table 3.5.  Form of pretrial detention, by defendant characteristics, October 1, 2001 - September 30, 2002",,,,,,,,,,,
,,,,,,,,,,,
,,,,,"Of defendants detained at any time prior to case disposition, percent detained by--",,,,,,
,,,,,,"Held on bail for--",,,,"Number of defendants",
"Defendant characteristic",,,,"Percent detained","Temporary detention/a","Part of pretrial period","All of pretrial period","Court","Other detentions","Detained","All  defendants"
,,," All defendants/b",73.4,2.1,21.8,10.9,53.9,11.3,52515,71572
"Male/Female",,,,,,,,,,,
,"Male",,,77.6,2.2,19.3,11.1,55.8,11.6,46578,60049
,"Female",,,51.7,1.3,41.3,9.6,39.3,8.5,5902,11426
"Race",,,,,,,,,,,
,"White",,,75.3,2.4,20.4,13.5,53.1,10.6,37572,49868
,"Black",,,69.7,1.6,24.4,4.7,56.8,12.6,12494,17935
,"Native American",,,68.2," .",39,1.6,51,8.4,808,1184
,"Asian/Pacific Islander",,,64.3,0.7,29.9,2.6,49.9,17,1041,1619
"Ethnicity",,,,,,,,,,,
,"Hispanic",,,92.8,3.3,13.7,16.6,56.9,9.5,27637,29790
,"Non-Hispanic",,,59.6,0.8,30.9,4.6,50.7,13.1,24634,41337
"Age",,,,,,,,,,,
,"16-18 years",,,74.9,1.4,29,12.2,50.9,6.4,966,1290
,"19-20 years",,,74.3,1.8,26.5,12.4,49.7,9.7,3197,4305
,"21-30 years",,,79.4,2.2,19.8,10.9,55.6,11.6,22417,28235
,"31-40 years",,,75.8,2.2,20.4,11.2,54.9,11.3,15777,20812
,"Over 40 years",,,60.1,2,26.2,10.1,50.6,11.2,10072,16772
"Education",,,,,,,,,,,
,"Less than high school graduate",,,83.2,4.2,22.6,11.3,50.1,11.8,17667,21245
,"High school graduate",,,65.2,1.4,33.4,5.4,48.3,11.4,11389,17455
,"Some college",,,52.9,1.3,39.7,5.2,44.6,9.2,5350,10112
,"College graduate",,,39,1.2,41.3,7.5,39.4,10.6,1736,4453
"Marital status",,,,,,,,,,,
,"Never married",,,73.1,1.8,27.5,6.9,52.3,11.5,16298,22296
,"Divorced/separated",,,65.7,2.4,31.3,7.5,46.7,12,6476,9850
,"Married",,,61.7,3.7,29.4,9.2,46.5,11.2,10914,17698
,"Common law",,,79.6,4.5,26.5,11,47.6,10.4,3974,4994
,"Other",,,88.8,0.6,4.5,18,66.1,10.8,14853,16734
"Employment status at arrest",,,,,,,,,,,
,"Unemployed",,,77.9,2.5,24.1,7.3,51.6,14.4,19149,24597
,"Employed",,,60.4,3,33.7,9.2,44.8,9.3,18173,30101
"Criminal record",,,,,,,,,,,
,"No convictions/c",,,58.3,2.1,30,14,45,8.9,12121,20803
,"Misdemeanor only",,,66.6,1.5,31.5,9.5,47.7,9.8,7938,11924
,"Felony",,,,,,,,,,
,,"Nonviolent",,85,2.8,15.3,12.1,57.6,12.2,13676,16096
,,"Violent",,89.5,1.9,12.8,9.1,61.8,14.4,10341,11558
"Number of prior convictions",,,,,,,,,,,
,"1",,,73.5,2.4,22.9,11.6,52.7,10.3,8471,11533
,"2 to 4",,,81.1,2.6,19.1,10.6,56.2,11.5,13102,16165
,"5 or more",,,87.4,1.6,14.1,9.3,59.9,15,10382,11880
"Criminal justice status",,,,,,,,,,,
,"Not under supervision",,,63,1.8,30.1,12.4,46.7,9,26829,42592
,"Pretrial release",,,73.2,3.6,30,3.9,52.3,10.2,2005,2738
,"Probation",,,81.3,3.6,20.7,17.4,46.5,11.9,3230,3971
,"Parole",,,93.5,3.4,10.2,13.7,60.1,12.5,1485,1588
"Court appearance history",,,,,,,,,,,
,"No prior arrests",,,62,2.1,26,12.3,50.8,8.8,14272,23028
,"Failure to appear",,,,,,,,,,
,,"None",,76.9,2.5,21.1,11.4,53.1,11.9,29297,38073
,,"1",,83.9,1.1,17.9,8.2,58.7,14.1,4205,5012
,,"More than 1",,86.8,0.6,16.9,6.2,64.3,12,4741,5459
"Drug abuse",,,,,,,,,,,
,"No known abuse",,,61.5,3,29.3,9.8,45.9,11.9,20118,32690
,"Drug history",,,77.1,2,30.1,6.3,50.3,11.3,13968,18117
,,,,,,,,,,,
"Note:  Detained defendants include  defendants who were also released prior to trial.  Total also includes defendants for whom 'release status data were unavailable. ",,,,,,,,,,,
" Percentages in this table are not directly comparable to those in the 1993 and prior Compendia; see Chapter notes, items 1 and 2, p. 51.",,,,,,,,,,,
"a\ Held under 18 U.S.C.  3142 pending deportation, action on prior pretrial release, or probation or parole review.",,,,,,,,,,,
"b\ Includes defendants for whom these characteristics could not be determined.",,,,,,,,,,,
"c\ Includes only those defendants whose PSA records explicitly showed no prior convictions.",,,,,,,,,,,
