"Bureau of Justice Statistics",,
"filename:   psc1.csv",,
"Table #1:   Distribution of personnel for prosecutors' offices , 2001",,
"Report title:   Prosecutors in State Courts, 2001, NCJ 193441",,
"Data source:   National Survey of Prosecutors, 2001",,
"author:   Carol J. DeFrances",,
"refer questions to:   askbjs@ojp.usdoj.gov  (202) 307-0765",,
"date of version:   4/16/02",,
,,
"Table 1.  Distribution of personnel for prosecutors' offices, 2001",,
,,
"  ","Percent of total personnel in prosecutors' offices",
"Total",100,"%"
,,
"Chief prosecutor",3.0,"%"
"Assistant prosecutors",30.5,
"Civil attorneys",2.4,
"Supervisory attorneys/a",3.5,
"Managers/b",1.8,
"Victim advocates",5.8,
"Legal services personnel/c",5.2,
"Staff investigators/d",9.4,
"Support staff/e",34.9,
"Other",3.7,
,,
"Number of personnel",79436,
,,
"Note:  Detail may not sum to 100% due to rounding.",,
"Data on types of personnel were available for 2, 243 prosecutors' offices and estimated for 98 offices.",,
"a/ Attorneys in managerial positions who litigate cases.",,
"b/  Attorneys or non-attorneys in primarily managerial positions who do not litigate cases.",,
"c/ Includes law clerks and paralegals.",,
"d/ Includes investigators on contract.",,
"e/ Includes administrative staff, clerical staff, computer personnel and fiscal officers.",,
