"Bureau of Justice Statistics",
"filename:   pscf1.csv",
"Figure #1:  Annual salary of chief prosecutors, 2001",
"Report title:   Prosecutors in State Courts, 2001, NCJ 193441",
"Data source:   National Survey of Prosecutors, 2001",
"author:   Carol J. DeFrances",
"refer questions to:   askbjs@ojp.usdoj.gov  (202) 307-0765",
"date of version:   4/16/02",
,
,
,
"Figure #1:  Annual salary of chief prosecutors, 2001",
,
"Annual","Number of full-time prosecutors' offices"
"salary (midpoint)","with the chief prosecutor's salary level"
$10000,9
20000,60
30000,146
40000,140
50000,176
60000,176
70000,183
80000,166
90000,271
100000,359
110000,137
120000,119
130000,114
140000,39
150000,18
160000,3
170000,2
180000,3
