"Bureau of Justice Statistics",,,,,,,,,,
"filename:   psc7.csv",,,,,,,,,,
"Table #7:   Criminal cases closed and percent convicted in prosecutors' offices, 2001",,,,,,,,,,
"Report title:   Prosecutors in State Courts, 2001, NCJ 193441",,,,,,,,,,
"Data source:   National Survey of Prosecutors, 2001",,,,,,,,,,
"author:   Carol J. DeFrances",,,,,,,,,,
"refer questions to:   askbjs@ojp.usdoj.gov  (202) 307-0765",,,,,,,,,,
"date of version:   4/16/02",,,,,,,,,,
,,,,,,,,,,
"Table 7.  Criminal cases closed and convicted in prosecutors' offices, 2001",,,,,,,,,,
,,,,,,,,,,
,"Median for prosecutors' offices   ",,,,,,,,,
,,,,,,,,,,
,,,"Full-time offices (population served)",,,,,,,
"Criminal cases closed","All offices ",,"1,000,000 or more",,"2500,000 to 999,999",,"Under     250,000",,"Part-time",
,,,,,,,,,,
"All cases/ a,b",976,,48121,,13450,,1134,,300,
"Percent convicted",87.8,"%",74.9,"%",79.3,"%",87.3,"%",91.4,"%"
,,,,,,,,,,
"Felony cases/c",250,,12079,,3162,,288,,50,
"Percent convicted",90.0,"%",87.2,"%",83.2,"%",90.0,"%",93.3,"%"
,,,,,,,,,,
"Misdemeanor cases/d",684,,40033,,9738,,800,,200,
"Percent convicted",88.7,"%",73.6,"%",80.0,"%",87.5,"%",91.7,"%"
,,,,,,,,,,
"Felony jury trial verdicts",8,,354,,91,,10,,2,
,,,,,,,,,,
"Note:  Respondents were asked to provide caseload data for the previous 12 months.  Accordingly,",,,,,,,,,,
"not all cases reported were for 2001.  Data on total cases closed were available for 1,887 prosecutors' offices,",,,,,,,,,,
"misdemeanor cases closed 1,887 offices, and felony jury verdicts for 2,079 offices.  Data on the",,,,,,,,,,
"number of felony cases closed were available for 2,053 offices and were estimated for 288 offices.",,,,,,,,,,
"Data on percentage of total cases convicted were available for 1,790 prosecutors' offices, percentage",,,,,,,,,,
"felony cases convicted 1,973 offices, and percentage misdemeanor cases convicted 1,714.",,,,,,,,,,
"a/ Case was defined by the respondent.",,,,,,,,,,
"b/ Closed case means any case with a judgment of conviction, acquittal, or dismissal with or without",,,,,,,,,,
"prejudice, entered by the court.",,,,,,,,,,
"c/ Each respondent catergorized cases as felonies according to their State statute.",,,,,,,,,,
"d/ Misdemeanor cases refer to cases in which criminal defendants had no felony charges against them.",,,,,,,,,,
