Bureau of Justice Statistics,,,,,,,,,,,,,,,,,,,,,,,
filename:  ncrp0611.csv,,,,,,,,,,,,,,,,,,,,,,,
"Table 11. First releases from state prison, 2006:  Sentence length and time served in prison, by offense and race",,,,,,,,,,,,,,,,,,,,,,,
"data source:  National Corrections Reporting Program, 2006",,,,,,,,,,,,,,,,,,,,,,,
author:  Tom Bonczar ,,,,,,,,,,,,,,,,,,,,,,,
refer questions to:  askbjs@usdoj.gov      202-307-0765,,,,,,,,,,,,,,,,,,,,,,,
date of version 5/25/10,,,,,,,,,,,,,,,,,,,,,,,
,,,,,,,,,,,,,,,,,,,,,,,
"Table 11. First releases from state prison, 2006:  Sentence length and time served in prison, by offense and race",,,,,,,,,,,,,,,,,,,,,,,
,,,,,,,,,,,,,,,,,,,,,,,
,,,,First releases from state prison,,,,,,,,,,,,,,,,,,,
,,,,White,,,,,,,,Black,,,,,,,,,,,
,,,,Maximum sentence length\1,,,,Time served in prison,,,,,,Maximum sentence length\1,,,,Time served in prison,,,,,
Most serious offense,,,,Median\2,,Mean\3,,Median,,Mean,,Percent of maximum sentence served in prison,,Median\2,,Mean\3,,Median,,Mean,,Percent of maximum sentence served in prison,
,All offenses,,,48,mos.,60,mos.,14,mos.,25,mos.,41.7,%,48,mos.,64,mos.,18,mos.,33,mos.,51.6,%
Violent offenses,,,,60,mos.,79,mos.,27,mos.,45,mos.,57,%,60,mos.,89,mos.,33,mos.,55,mos.,61.8,%
,Homicide,,,120,,147,,62,,89,,60.5,,180,,188,,109,,118,,62.8,
,,Murder/nonnegligent manslaughter,,240,,221,,120,,135,,61.1,,240,,225,,133,,142,,63.1,
,,,Murder,240,,235,,129,,143,,60.9,,240,,240,,138,,149,,62.1,
,,,Nonnegligent manslaughter,144,,179,,98,,103,,57.5,,180,,178,,113,,116,,65.2,
,,Negligent manslaughter,,72,,92,,36,,48,,52.2,,87,,114,,54,,67,,58.8,
,,Unspecified homicide,,96,,106,,48,,60,,56.6,,84,,137,,61,,70,,51.1,
,Kidnapping,,,59,,77,,29,,51,,66.2,,60,,90,,37,,63,,70,
,Rape,,,108,,128,,68,,82,,64.1,,108,,137,,78,,99,,72.3,
,Other sexual assault,,,60,,81,,40,,51,,63,,59,,71,,31,,47,,66.2,
,Robbery,,,60,,89,,33,,48,,53.9,,72,,100,,41,,59,,59,
,Assault,,,42,,56,,18,,28,,50,,48,,60,,22,,35,,58.3,
,Other violent,,,36,,51,,16,,23,,45.1,,36,,52,,18,,25,,48.1,
Property offenses,,,,36,mos.,52,mos.,13,mos.,19,mos.,36.5,%,36,mos.,51,mos.,14,mos.,24,mos.,47.1,%
,Burglary,,,48,,64,,15,,24,,37.5,,48,,63,,17,,31,,49.2,
,Larceny ,,,36,,45,,12,,18,,40,,30,,41,,13,,19,,46.3,
,Motor vehicle theft,,,24,,33,,12,,17,,51.5,,30,,41,,12,,19,,46.3,
,Arson,,,60,,79,,20,,33,,41.8,,60,,72,,25,,38,,52.8,
,Fraud,,,36,,46,,12,,16,,34.8,,32,,44,,12,,17,,38.6,
,Stolen property,,,36,,49,,12,,17,,34.7,,36,,48,,14,,21,,43.8,
,Other property,,,36,,43,,11,,14,,32.6,,36,,43,,12,,17,,39.5,
Drug offenses,,,,48,mos.,62,mos.,12,mos.,18,mos.,29,%,48,mos.,60,mos.,15,mos.,24,mos.,40,%
,Possession,,,36,,48,,10,,14,,29.2,,36,,50,,13,,19,,38,
,Trafficking,,,60,,75,,14,,20,,26.7,,48,,68,,18,,27,,39.7,
,Other/unspecified drug,,,48,,59,,12,,18,,30.5,,36,,54,,14,,22,,40.7,
Public-order offenses,,,,36,mos.,45,mos.,12,mos.,18,mos.,40,%,36,mos.,45,mos.,15,mos.,23,mos.,51.1,%
,Weapons,,,36,,45,,15,,21,,46.7,,36,,44,,20,,25,,56.8,
,Driving while intoxicated,,,36,,46,,12,,15,,32.6,,28,,40,,11,,14,,35,
,Other public-order,,,36,,43,,12,,19,,44.2,,36,,46,,14,,24,,52.2,
Other offenses,,,,60,mos.,75,mos.,18,mos.,26,mos.,34.7,%,60,mos.,76,mos.,19,mos.,31,mos.,40.8,%
,Number of releases,,,"130,403", ,"129,496",,"130,403", ,"130,403",,, ,"102,963", ,"102,340",,"102,963", ,"102,963",,,
,,,,,,,,,,,,,,,,,,,,,,,
"Note: Data are based on all first releases with a total sentence of more than a year for whom the most serious offense, maximum sentence length, time served in prison, and race were reported.",,,,,,,,,,,,,,,,,,,,,,,
1\Sentence length refers to the maximum sentence that an offender may be required to serve for the most serious offense.,,,,,,,,,,,,,,,,,,,,,,,
"2\Includes sentences of life without parole, life plus additional years, life, and death.",,,,,,,,,,,,,,,,,,,,,,,
"3\Excludes sentences of life without parole, life plus additional years, life, and death.",,,,,,,,,,,,,,,,,,,,,,,
