Bureau of Justice Statistics,
Filename: fdluc09f12,
"Figure 12. Type of pretrial release for felony defendants in the 75 largest counties, 2009 ",
"Report title: Felony Defendants in Large Urban Counties, 2009 - Statistical Tables NCJ 243777",
"Data source: Bureau of Justice Statistics, State Court Processing Statistics, 2009.",
Author: Brian Reaves,
Refer questions to: askbjs@usdoj.gov 202-307-0765,
Date of release: 12/20/13,
,
"Figure 12. Type of pretrial release for felony defendants in the 75 largest counties, 2009 ",
,Percent of released defendants
Surety bond,48.7
Recognizance,22.8
Conditional,10.2
Deposit bond,6.7
Unsecured bond,5
Full cash bond,5
Property bond,0.9
Emergency,0.6
,
"Source: Bureau of Justice Statistics, State Court Processing Statistics, 2009.",
