Bureau of Justice Statistics,,,,,,,,,,,,
Filename: fdluc09t02,,,,,,,,,,,,
"Table 2. Level of second most serious charge for felony defendants in the 75 largest counties, by most serious arrest charge, 2009",,,,,,,,,,,,
"Report title: Felony Defendants in Large Urban Counties, 2009 - Statistical Counties NCJ 243777",,,,,,,,,,,,
"Data source: Bureau of Justice Statistics, State Court Processing Statistics, 2009.",,,,,,,,,,,,
Author: Brian Reaves,,,,,,,,,,,,
Refer questions to: askbjs@usdoj.gov 202-307-0765,,,,,,,,,,,,
Date of release: 12/20/13,,,,,,,,,,,,
,,,,,,,,,,,,
"Table 2. Level of second most serious charge for felony defendants in the 75 largest counties, by most serious arrest charge, 2009",,,,,,,,,,,,
 ,,,, ,,,Most serious additional charge,,,,,
Most serious arrest charge,,Total,,No other charges,,,Total,,Felony,,Misdemeanor,
,All offenses,100,%,45,%,,55,%,40,%,15,%
Violent offenses,,100,%,37,%,,62,%,49,%,13,%
,Murder,100,%,39,,,61,,60,,1,
,Rape,100,%,32,,,68,,65,,3,
,Robbery,100,%,39,,,61,,54,,7,
,Assault,100,%,38,,,62,,46,,16,
,Other violent,100,%,34,,,67,,47,,20,
Property offenses,,100,%,47,%,,53,%,42,%,11,%
,Burglary,100,%,33,,,67,,56,,11,
,Larceny/theft,100,%,62,,,38,,28,,10,
,Motor vehicle theft,100,%,48,,,52,,44,,8,
,Forgery,100,%,38,,,62,,51,,11,
,Fraud,100,%,44,,,56,,49,,7,
,Other property,100,%,59,,,41,,20,,21,
Drug offenses,,100,%,46,%,,54,%,36,%,18,%
,Trafficking,100,%,33,,,67,,55,,12,
,Other drug,100,%,56,,,44,,21,,23,
Public-order offenses,,100,%,52,%,,47,%,31,%,16,%
,Weapons,100,%,36,,,64,,51,,13,
,Driving-related,100,%,52,,,48,,32,,16,
,Other public-order,100,%,62,,,37,,19,,18,
Note: Data for the second most serious arrest charge were available for 93.0% of all cases. Detail may not sum to total due to rounding.,,,,,,,,,,,,
"Source: Bureau of Justice Statistics, State Court Processing Statistics, 2009.",,,,,,,,,,,,
