Bureau of Justice Statistics,,,,,,,,,,,
Filename: fdluc09t05,,,,,,,,,,,
"Table 5. Race and Hispanic or Latino origin of felony defendants in the 75 largest counties, by most serious arrest charge, 2009",,,,,,,,,,,
"Report title: Felony Defendants in Large Urban Counties, 2009 - Statistical Counties NCJ 243777",,,,,,,,,,,
"Data source: Bureau of Justice Statistics, State Court Processing Statistics, 2009.",,,,,,,,,,,
Author: Brian Reaves,,,,,,,,,,,
Refer questions to: askbjs@usdoj.gov 202-307-0765,,,,,,,,,,,
Date of release: 12/20/13,,,,,,,,,,,
,,,,,,,,,,,
"Table 5. Race and Hispanic or Latino origin of felony defendants in the 75 largest counties, by most serious arrest charge, 2009",,,,,,,,,,,
Most serious arrest charge,,         Total,,White/a,,Black/African American/a,,Hispanic/Latino,,"Other/a,b",
,All offenses,100,%,30,%,45,%,24,%,2,%
Violent offenses,,100,%,24,%,48,%,26,%,2,%
,Murder,100,%,12,,57,,30,,2,
,Rape,100,%,29,,42,,26,,3,
,Robbery,100,%,15,,62,,22,,1,
,Assault,100,%,26,,45,,27,,2,
,Other violent,100,%,35,,35,,29,,2,
Property offenses,,100,%,34,%,41,%,22,%,2,%
,Burglary,100,%,30,,42,,26,,1,
,Larceny/theft,100,%,37,,43,,18,,2,
,Motor vehicle theft,100,%,28,,40,,30,,2,
,Forgery,100,%,30,,50,,19,,1,
,Fraud,100,%,43,,32,,21,,4,
,Other property,100,%,38,,39,,20,,3,
Drug offenses,,100,%,29,%,45,%,25,%,1,%
,Trafficking,100,%,22,,53,,23,,1,
,Other drug,100,%,34,,39,,26,,1,
Public-order offenses,,100,%,30,%,44,%,23,%,2,%
,Weapons,100,%,15,,61,,23,,1,
,Driving-related,100,%,39,,28,,31,,3,
,Other public-order,100,%,34,,46,,18,,2,
Note: Data on both race and Hispanic or Latino origin of defendants were available for 96.2% of all cases. Detail may not sum to total due to rounding.,,,,,,,,,,,
a/Excludes persons of Hispanic or Latino origin.,,,,,,,,,,,
"b/Includes persons identifying as American Indian or Alaska Native; Asian, Native Hawaiian, or other Pacific Islander; and persons identifying as two or more races.",,,,,,,,,,,
"Source: Bureau of Justice Statistics, State Court Processing Statistics, 2009.",,,,,,,,,,,
