Bureau of Justice Statistics,,,,,
Filename: fdluc09t06,,,,,
"Table 6. Felony defendants on probation or parole at time of arrest in the 75 largest counties, by most serious current arrest charge, 2009",,,,,
"Report title: Felony Defendants in Large Urban Counties, 2009 - Statistical Counties NCJ 243777",,,,,
"Data source: Bureau of Justice Statistics, State Court Processing Statistics, 2009.",,,,,
Author: Brian Reaves,,,,,
Refer questions to: askbjs@usdoj.gov 202-307-0765,,,,,
Date of release: 12/20/13,,,,,
,,,,,
"Table 6. Felony defendants on probation or parole at time of arrest in the 75 largest counties, by most serious current arrest charge, 2009",,,,,
Most serious current arrest charge,,Parole,,Probation,
,All offenses,5,%,13,%
Violent offenses,,4,%,11,%
,Murder,4,,13,
,Rape,7,,9,
,Robbery,5,,13,
,Assault,4,,10,
,Other violent,4,,9,
Property offenses,,5,%,14,%
,Burglary,6,,17,
,Larceny/theft,5,,12,
,Motor vehicle theft,6,,18,
,Forgery,4,,10,
,Fraud,3,,10,
,Other property,3,,12,
Drug offenses,,6,%,13,%
,Trafficking,6,,12,
,Other drug,6,,15,
Public-order offenses,,5,%,12,%
,Weapons,8,,13,
,Driving-related,2,,14,
,Other public-order,5,,11,
Note: Data on probation and parole status at time of arrest were available for 98.7% of all cases. ,,,,,
"Source: Bureau of Justice Statistics, State Court Processing Statistics, 2009.",,,,,
