Bureau of Justice Statistics,,,
Filename: fdluc09f22,,,
"Figure 22. Defendants convicted of a felony who were sentenced to incarceration in the 75 largest counties, by age at arrest, 1990, 2000, and 2009",,,
"Report title: Felony Defendants in Large Urban Counties, 2009 - Statistical Tables NCJ 243777",,,
"Data source: Bureau of Justice Statistics, State Court Processing Statistics, 1990, 2000, and 2009.",,,
Author: Brian Reaves,,,
Refer questions to: askbjs@usdoj.gov 202-307-0765,,,
Date of release: 12/20/13,,,
,,,
"Figure 22. Defendants convicted of a felony who were sentenced to incarceration in the 75 largest counties, by age at arrest, 1990, 2000, and 2009",,,
,1990,2000,2009
Under 25,73,72,73
25-39,78,78,78
40 or older,71,78,77
,,,
"Source: Bureau of Justice Statistics, State Court Processing Statistics, 1990, 2000, and 2009.",,,
