Bureau of Justice Statistics,,,,,,,,,,,
Filename: fdluc09t19,,,,,,,,,,,
"Table 19. Released felony defendants rearrested prior to case disposition in the 75 largest counties, by most serious arrest charge, 2009",,,,,,,,,,,
"Report title: Felony Defendants in Large Urban Counties, 2009 - Statistical Counties NCJ 243777",,,,,,,,,,,
"Data source: Bureau of Justice Statistics, State Court Processing Statistics, 2009.",,,,,,,,,,,
Author: Brian Reaves,,,,,,,,,,,
Refer questions to: askbjs@usdoj.gov 202-307-0765,,,,,,,,,,,
Date of release: 12/20/13,,,,,,,,,,,
,,,,,,,,,,,
"Table 19. Released felony defendants rearrested prior to case disposition in the 75 largest counties, by most serious arrest charge, 2009",,,,,,,,,,,
,,,,,,Rearrested,,,,,
Most serious arrest charge,,Total,,Not rearrested,,Total,,Felony,,Misdemeanor,
,All offenses,100,%,84,%,16,%,8,%,7,%
Violent offenses,,100,%,85,%,15,%,6,%,7,%
,Murder,100,%,100,,0,,0,,0,
,Rape,100,%,86,,14,,3,,8,
,Robbery,100,%,76,,24,,11,,11,
,Assault,100,%,86,,14,,6,,8,
,Other violent,100,%,92,,8,,4,,3,
Property offenses,,100,%,83,%,17,%,8,%,6,%
,Burglary,100,%,78,,22,,12,,7,
,Larceny/theft,100,%,86,,14,,6,,6,
,Motor vehicle theft,100,%,81,,19,,12,,6,
,Forgery,100,%,83,,17,,8,,7,
,Fraud,100,%,88,,12,,5,,1,
,Other property,100,%,82,,18,,8,,9,
Drug offenses,,100,%,84,%,16,%,8,%,6,%
,Trafficking,100,%,82,,18,,10,,8,
,Other drug,100,%,86,,14,,7,,5,
Public-order offenses,,100,%,85,%,15,%,6,%,7,%
,Weapons,100,%,83,,17,,6,,9,
,Driving-related,100,%,89,,11,,5,,5,
,Other public-order,100,%,83,,17,,7,,8,
Note: Rearrest data were available for 95.1% of released defendants. Rearrest data were collected for 1 year. Rearrests occurring after the end of this 1-year study period were not included in the table. Information on rearrests occurring in jurisdictions other than the one granting the pretrial release were not always available. Detail may not sum to total due to rounding. ,,,,,,,,,,,
"Source: Bureau of Justice Statistics, State Court Processing Statistics, 2009.",,,,,,,,,,,
