Bureau of Justice Statistics,,,
Filename: fdluc09f03,,,
"Figure 3. Age of defendants convicted of a felony and sentenced to prison in the 75 largest counties, 1990, 2000, and 2009",,,
"Report title: Felony Defendants in Large Urban Counties, 2009 - Statistical Tables NCJ 243777",,,
"Data source: Bureau of Justice Statistics, State Court Processing Statistics, 1990, 2000, and 2009.",,,
Author: Brian Reaves,,,
Refer questions to: askbjs@usdoj.gov 202-307-0765,,,
Date of release: 12/20/13,,,
,,,
"Figure 3. Age of defendants convicted of a felony and sentenced to prison in the 75 largest counties, 1990, 2000, and 2009",,,
,1990,2000,2009
24 or younger,37.2,29.3,28.4
25-39,54,48.9,44.6
40 or older,8.8,21.7,27
,,,
"Source: Bureau of Justice Statistics, State Court Processing Statistics, 1990, 2000, and 2009.",,,
