Bureau of Justice Statistics,,,,,,,,,
Filename: fdluc09t23,,,,,,,,,
"Table 23. Time from conviction to sentencing for convicted defendants in the 75 largest counties, by most serious conviction offense, 2009",,,,,,,,,
"Report title: Felony Defendants in Large Urban Counties, 2009 - Statistical Counties NCJ 243777",,,,,,,,,
"Data source: Bureau of Justice Statistics, State Court Processing Statistics, 2009.",,,,,,,,,
Author: Brian Reaves,,,,,,,,,
Refer questions to: askbjs@usdoj.gov 202-307-0765,,,,,,,,,
Date of release: 12/20/13,,,,,,,,,
,,,,,,,,,
"Table 23. Time from conviction to sentencing for convicted defendants in the 75 largest counties, by most serious conviction offense, 2009",,,,,,,,,
,,,Percent of convicted defendants sentenced within�,,,,,,
Most serious conviction offense,,Number of defendants,,1 day,,1 month,,2 months,
,All offenses,"31,141",,65,%,82,%,93,%
All felonies,,"25,940",,60,%,78,%,92,%
Violent offenses,,"4,795",,48,%,74,%,90,%
,Murder,117,,31,,68,,83,
,Rape,137,,37,,68,,87,
,Robbery,"1,458",,47,,73,,86,
,Assault,"1,929",,51,,77,,93,
,Other violent,"1,155",,48,,71,,91,
Property offenses,,"7,869",,62,%,79,%,92,%
,Burglary,"2,245",,61,,79,,93,
,Larceny/theft,"2,314",,71,,84,,95,
,Motor vehicle theft,725,,58,,82,,94,
,Forgery,658,,50,,73,,90,
,Fraud,809,,52,,69,,90,
,Other property,"1,118",,66,,83,,94,
Drug offenses,,"8,980",,67,%,83,%,95,%
,Trafficking,"3,939",,61,,78,,92,
,Other drug,"5,041",,71,,86,,96,
Public-order offenses,,"3,980",,59,%,78,%,93,%
,Weapons   ,"1,068",,54,,76,,93,
,Driving-related,"1,387",,60,,77,,92,
,Other public-order,"1,525",,61,,79,,92,
Misdemeanors,,"5,501",,83,%,90,%,96,%
Note: Data on time from conviction to sentencing were available for 96% of convicted  defendants. Total for all felonies includes 17 cases that could not be classified into 1 of the 4 major offense categories. ,,,,,,,,,
"Source: Bureau of Justice Statistics, State Court Processing Statistics, 2009.",,,,,,,,,
