Bureau of Justice Statistics,,,,,,,,,,,,,
Filename: fdluc09t20,,,,,,,,,,,,,
"Table 20. Time from arrest to adjudication for felony defendants in the 75 largest counties, by most serious arrest charge, 2009",,,,,,,,,,,,,
"Report title: Felony Defendants in Large Urban Counties, 2009 - Statistical Counties NCJ 243777",,,,,,,,,,,,,
"Data source: Bureau of Justice Statistics, State Court Processing Statistics, 2009.",,,,,,,,,,,,,
Author: Brian Reaves,,,,,,,,,,,,,
Refer questions to: askbjs@usdoj.gov 202-307-0765,,,,,,,,,,,,,
Date of release: 12/20/13,,,,,,,,,,,,,
,,,,,,,,,,,,,
"Table 20. Time from arrest to adjudication for felony defendants in the 75 largest counties, by most serious arrest charge, 2009",,,,,,,,,,,,,
,,,,Percent of cases adjudicated within�,,,,,,,,,
Most serious arrest charge,,Median time,,1 week,,1 month,,3 months,,6 months,,1 year,
,All offenses,111, days,5,%,21,%,45,%,67,%,85,%
Violent offenses,,145, days,2,%,12,%,35,%,58,%,78,%
,Murder,*,,1,,2,,6,,11,,33,
,Rape,247,,2,,6,,17,,36,,72,
,Robbery,152,,2,,12,,31,,57,,74,
,Assault,131,,2,,14,,39,,63,,81,
,Other violent,140,,2,,12,,37,,60,,80,
Property offenses,,101, days,4,%,19,%,48,%,69,%,83,%
,Burglary,101,,4,,19,,47,,69,,82,
,Larceny/theft,98,,4,,17,,48,,69,,84,
,Motor vehicle theft,76,,7,,30,,57,,78,,88,
,Forgery,101,,7,,22,,47,,69,,82,
,Fraud,124,,3,,15,,41,,62,,75,
,Other property,106,,4,,20,,46,,68,,81,
Drug offenses,,92, days,8,%,29,%,50,%,71,%,83,%
,Trafficking,123,,4,,19,,41,,64,,79,
,Other drug,65,,12,,37,,59,,77,,86,
Public-order offenses,,110, days,7,%,20,%,45,%,67,%,82,%
,Weapons   ,117,,5,,21,,43,,66,,81,
,Driving-related,118,,5,,17,,41,,66,,80,
,Other public-order,95,,9,,23,,49,,69,,84,
Note: Data on time from arrest to adjudication were available for 98% of all cases. Detail may not sum to total due to rounding.,,,,,,,,,,,,,
*Median time was greater than 1 year.,,,,,,,,,,,,,
"Source: Bureau of Justice Statistics, State Court Processing Statistics, 2009.",,,,,,,,,,,,,
