Bureau of Justice Statistics,,,,,,,,,,,,,,,,,,,,
Filename: fdluc09t08,,,,,,,,,,,,,,,,,,,,
"Table 8. Number of prior felony arrest charges for felony defendants in the 75 largest counties, by most serious current arrest charge, 2009",,,,,,,,,,,,,,,,,,,,
"Report title: Felony Defendants in Large Urban Counties, 2009 - Statistical Counties NCJ 243777",,,,,,,,,,,,,,,,,,,,
"Data source: Bureau of Justice Statistics, State Court Processing Statistics, 2009.",,,,,,,,,,,,,,,,,,,,
Author: Brian Reaves,,,,,,,,,,,,,,,,,,,,
Refer questions to: askbjs@usdoj.gov 202-307-0765,,,,,,,,,,,,,,,,,,,,
Date of release: 12/20/13,,,,,,,,,,,,,,,,,,,,
,,,,,,,,,,,,,,,,,,,,
"Table 8. Number of prior felony arrest charges for felony defendants in the 75 largest counties, by most serious current arrest charge, 2009",,,,,,,,,,,,,,,,,,,,
,,,,,,With prior felony arrest  ,,,,,,,,,,,,,,
,,,,Without prior felony arrest,,,,,,,,,Number of prior felony arrest charges ,,,,,,,
Most serious current arrest charge,,Total,,Total,,Nonfelony only,,No prior arrests,,,Total,,1,,2�4,,5�9,,10 or more,
,All offenses,100,%,38,%,13,%,25,%,,62,%,10,%,19,%,15,%,17,%
Violent offenses,,100,%,45,%,13,%,31,%,,55,%,10,%,18,%,14,%,13,%
,Murder,100,%,42,,8,,34,,,58,,9,,14,,14,,20,
,Rape,100,%,46,,12,,34,,,54,,9,,23,,13,,10,
,Robbery,100,%,42,,12,,30,,,58,,11,,18,,16,,14,
,Assault,100,%,43,,14,,29,,,57,,10,,20,,14,,14,
,Other violent,100,%,52,,14,,38,,,48,,10,,16,,10,,12,
Property offenses,,100,%,41,%,13,%,28,%,,59,%,9,%,18,%,14,%,19,%
,Burglary,100,%,34,,10,,23,,,66,,10,,21,,15,,21,
,Larceny/theft,100,%,43,,13,,30,,,57,,9,,16,,13,,19,
,Motor vehicle theft,100,%,34,,13,,22,,,66,,6,,19,,14,,27,
,Forgery,100,%,43,,12,,31,,,57,,11,,14,,12,,19,
,Fraud,100,%,52,,13,,40,,,48,,9,,14,,13,,11,
,Other property,100,%,43,,18,,26,,,57,,10,,17,,14,,16,
Drug offenses,,100,%,31,%,11,%,20,%,,69,%,11,%,21,%,18,%,20,%
,Trafficking,100,%,32,,10,,22,,,68,,10,,20,,18,,21,
,Other drug,100,%,30,,12,,18,,,70,,12,,21,,18,,19,
Public-order offenses,,100,%,34,%,15,%,20,%,,66,%,12,%,21,%,16,%,16,%
,Weapons,100,%,31,,10,,21,,,69,,10,,24,,19,,16,
,Driving-related,100,%,37,,24,,12,,,63,,14,,21,,13,,16,
,Other public-order,100,%,35,,10,,24,,,65,,12,,19,,18,,17,
Note: Data on number of prior felony arrest charges were available for 97.3% of all cases. Detail may not sum to total due to rounding. ,,,,,,,,,,,,,,,,,,,,
"Source: Bureau of Justice Statistics, State Court Processing Statistics, 2009.",,,,,,,,,,,,,,,,,,,,
