Bureau of Justice Statistics,,
Filename: fdluc09f19,,
"Figure 19. Felony defendants convicted and sentenced to incarceration in the 75 largest counties, by most serious arrest charge, 2009",,
"Report title: Felony Defendants in Large Urban Counties, 2009 - Statistical Tables NCJ 243777",,
"Data source: Bureau of Justice Statistics, State Court Processing Statistics, 2009.",,
Author: Brian Reaves,,
Refer questions to: askbjs@usdoj.gov 202-307-0765,,
Date of release: 12/20/13,,
,,
"Figure 19. Felony defendants convicted and sentenced to incarceration in the 75 largest counties, by most serious arrest charge, 2009",,
,Prison,Jail
All defendants,22.2,22.9
Driving-related,28.6,36.2
Murder,54,0.8
Motor vehicle theft,27.9,26.6
Robbery,36,15.5
Burglary,29.9,20.7
Rape,39.7,9.6
Weapons,26.7,21.6
Drug trafficking,26.2,21.6
Larceny/theft,19.6,22.8
Fraud,15.8,25.9
Assault,19.1,20.6
Forgery,16.1,20.8
,,
"Source: Bureau of Justice Statistics, State Court Processing Statistics, 2009.",,
