Bureau of Justice Statistics,,,,,,,,,,,,,,,,
Filename: fdluc09t07,,,,,,,,,,,,,,,,
"Table 7. Number of prior arrest charges for felony defendants in the 75 largest counties, by most serious current arrest charge, 2009",,,,,,,,,,,,,,,,
"Report title: Felony Defendants in Large Urban Counties, 2009 - Statistical Counties NCJ 243777",,,,,,,,,,,,,,,,
"Data source: Bureau of Justice Statistics, State Court Processing Statistics, 2009.",,,,,,,,,,,,,,,,
Author: Brian Reaves,,,,,,,,,,,,,,,,
Refer questions to: askbjs@usdoj.gov 202-307-0765,,,,,,,,,,,,,,,,
Date of release: 12/20/13,,,,,,,,,,,,,,,,
,,,,,,,,,,,,,,,,
"Table 7. Number of prior arrest charges for felony defendants in the 75 largest counties, by most serious current arrest charge, 2009",,,,,,,,,,,,,,,,
,,,,,,,,,,,,,,,,
,,,,,,,With prior arrest,,,,,,,,,
 ,,,,,,,,, Number of prior arrest charges,,,,,,,
Most serious current arrest charge,,Total,,Without prior  arrest,,,Total,,1,,   2�4,,  5�9,, 10 or more,
,All offenses,100,%,25,%,,75,%,7,%,16,%,15,%,36,%
Violent offenses,,100,%,31,%,,69,%,8,%,16,%,15,%,30,%
,Murder,100,,34,,,66,,3,,15,,14,,33,
,Rape,100,,34,,,66,,8,,18,,19,,22,
,Robbery,100,,30,,,70,,9,,16,,14,,31,
,Assault,100,,29,,,71,,8,,16,,16,,31,
,Other violent,100,,38,,,62,,8,,16,,13,,25,
Property offenses,,100,%,28,%,,72,%,8,%,15,%,14,%,36,%
,Burglary,100,,23,,,77,,6,,15,,17,,39,
,Larceny/theft,100,,30,,,70,,8,,13,,12,,37,
,Motor vehicle theft,100,,22,,,78,,8,,13,,15,,42,
,Forgery,100,,31,,,69,,6,,14,,15,,34,
,Fraud,100,,40,,,60,,8,,18,,12,,22,
,Other property,100,,26,,,74,,9,,16,,15,,34,
Drug offenses,,100,%,20,%,,80,%,6,%,17,%,16,%,41,%
,Trafficking,100,,22,,,78,,6,,16,,14,,42,
,Other drug,100,,18,,,82,,7,,17,,17,,41,
Public-order offenses,,100,%,20,%,,80,%,6,%,18,%,18,%,39,%
,Weapons,100,,21,,,79,,6,,17,,20,,36,
,Driving-related,100,,12,,,88,,5,,21,,20,,41,
,Other public-order,100,,24,,,76,,7,,15,,15,,38,
Note: Data on the number of prior arrest charges were available for 97.3% of all cases. Detail may not sum to total due to rounding.,,,,,,,,,,,,,,,,
"Source: Bureau of Justice Statistics, State Court Processing Statistics, 2009.",,,,,,,,,,,,,,,,
