Bureau of Justice Statistics,,,,,,,,
Filename: fdluc09t14,,,,,,,,
"Table 14. Time from arrest to release for felony defendants released before case disposition in the 75 largest counties, by most serious arrest charge, 2009",,,,,,,,
"Report title: Felony Defendants in Large Urban Counties, 2009 - Statistical Counties NCJ 243777",,,,,,,,
"Data source: Bureau of Justice Statistics, State Court Processing Statistics, 2009.",,,,,,,,
Author: Brian Reaves,,,,,,,,
Refer questions to: askbjs@usdoj.gov 202-307-0765,,,,,,,,
Date of release: 12/20/13,,,,,,,,
,,,,,,,,
"Table 14. Time from arrest to release for felony defendants released before case disposition in the 75 largest counties, by most serious arrest charge, 2009",,,,,,,,
,,,,,,,,
,,,Percent of released defendants ,,,,,
Most serious ,,,who were released within�,,,,,
arrest charge,,Number of defendants,1 day,,1 week,,1 month,
,All offenses,"28,562",50,%,75,%,89,%
Violent offenses,,"6,464",41,%,67,%,84,%
,Murder,40,26,,26,,41,
,Rape,215,38,,64,,75,
,Robbery,"1,472",27,,56,,76,
,Assault,"3,523",46,,71,,87,
,Other violent,"1,212",46,,69,,86,
Property offenses,,"8,647",55,%,76,%,89,%
,Burglary,"2,072",38,,64,,82,
,Larceny/theft,"2,703",61,,82,,91,
,Motor vehicle theft,619,46,,70,,89,
,Forgery,887,53,,77,,89,
,Fraud,"1,232",66,,80,,90,
,Other property,"1,135",66,,85,,92,
Drug offenses,,"9,579",50,%,79,%,91,%
,Trafficking,"4,333",44,,74,,89,
,Other drug,"5,246",55,,84,,94,
Public-order offenses,,"3,872",51,%,76,%,91,%
,Weapons   ,"1,080",42,,72,,87,
,Driving-related,"1,380",64,,82,,94,
,Other public-order,"1,412",45,,73,,91,
Note: Data on time from arrest to adjudication were available for 83.9% of all cases. Release data were collected for up to one year. ,,,,,,,,
"Source: Bureau of Justice Statistics, State Court Processing Statistics, 2009.",,,,,,,,
