Bureau of Justice Statistics,,,,,,,,,,
Filename:   cdsp0213.csv,,,,,,,,,,
"Table 13: Reason for contact with police among persons age 16 or older whose contact involved police use of force in 2002: Gender, age, and race/Hispanic origin ",,,,,,,,,,
"Report title:   Characteristics of Drivers Stopped by Police, 2002; NCJ 211471",,,,,,,,,,
Data source:   2002 Police-Public Contact Survey,,,,,,,,,,
Authors:   Erica Smith & Matthew Durose,,,,,,,,,,
Refer questions to:   askbjs@usdoj.gov   (202) 307-0765,,,,,,,,,,
"Date of version: May 30, 2006",,,,,,,,,,

"Table 13. Reason for contact with police among persons age 16 or older whose contact involved police use of force in 2002: Gender, age, and race/Hispanic origin ",,,,,,,,,,

,,,Contacts with police in which force was used or threatened,,,,,,,
,,,Drivers in traffic stops,,,,Other contacts,,,
Demographic characteristic,Number of persons against whom force was used or threatened,,Number,,Percent,,Number,,Percent ,
Total,"664,458",,"188,822",,28.4,%,"475,636",,71.6,%
Gender,,,,,,,,,,
Male,"520,178",,"162,309",,31.2,%,"357,869",,68.8,%
Female,"144,281",,"26,513",*,18.4,*,"117,768",,81.6,
Age,,,,,,,,,,
16-24,"298,088",,"78,942",,26.5,%,"219,146",,73.5,%
25 or older,"366,370",,"109,880",,30,,"256,490",,70,
Race/Hispanic origin,,,,,,,,,,
White,"373,847",,"96,375",,25.8,%,"277,472",,74.2,%
Black,"172,658",,"49,247",,28.5,,"123,411",,71.5,
Hispanic,"102,670",,"37,724",,36.7,,"64,946",,63.3,
Other race,"15,284",*,"5,477",*,35.8,*,"9,807",*,64.2,*

Note: Detail may not add to total due to rounding. *Estimate based on 10 or fewer sample cases.,,,,,,,,,,
