Bureau of Justice Statistics,,,
Filename:   cdsp0215.csv,,,
"Table 15: Among persons age 16 or older who argued with, cursed at, insulted, or verbally threatened the police in 2002, percent whose contact involved police use of force, by reason for contact",,,
"Report title:   Characteristics of Drivers Stopped by Police, 2002; NCJ 211471",,,
Data source:   2002 Police-Public Contact Survey,,,
Authors:   Erica Smith & Matthew Durose,,,
Refer questions to:   askbjs@usdoj.gov   (202) 307-0765,,,
"Date of version: June 2, 2006",,,

"Table 15. Among persons age 16 or older who argued with, cursed at, insulted, or verbally threatened the police in 2002, percent whose contact involved police use of force, by reason for contact",,,

Reason for contact,"Number who argued with, cursed at, insulted, or verbally threatened police ",Percent who reported police used or threatened force,
Total,"706,156",22.8,%
Drivers in traffic stops,"242,661",15.3,%
Other contacts,"463,495",26.7,
