Bureau of Justice Statistics,,,,,,,,
Filename:   cdsp0214.csv,,,,,,,,
"Table 14: Demographic characteristics of persons age 16 or older whose contact involved police use of force in 2002, by reason for contact",,,,,,,,
"Report title:   Characteristics of Drivers Stopped by Police, 2002; NCJ 211471",,,,,,,,
Data source:   2002 Police-Public Contact Survey,,,,,,,,
Authors:   Erica Smith & Matthew Durose,,,,,,,,
Refer questions to:   askbjs@usdoj.gov   (202) 307-0765,,,,,,,,
"Date of version: June 2, 2006",,,,,,,,

"Table 14. Demographic characteristics of persons age 16 or older whose contact involved police use of force in 2002, by reason for contact",,,,,,,,

,Percent of persons �,,,,,,,
,,,Against whom force was used or threatened,,,,,
Demographic characteristic,With police contact,,Total,,Drivers in traffic stops,,Other contacts,
Total,100,%,100,%,100,%,100,%
Gender,,,,,,,,
Male,52.8,%,78.3,%,86,%,75.2,%
Female,47.2,,21.7,,14,*,24.8,
Age,,,,,,,,
16-24,22.9,%,44.9,%,41.8,%,46.1,%
25 or older,77.1,,55.1,,58.2,,53.9,
Race/Hispanic origin,,,,,,,,
White,76.7,%,56.3,%,51,%,58.3,%
Black,11,,26,,26.1,,25.9,
Hispanic,9.3,,15.5,,20,,13.7,
Other race,3,,2.3,*,2.9,*,2.1,*
Estimated number,"45,278,884",,"664,458",,"188,822",,"475,636",

Note: Detail may not add to total due to rounding.,,,,,,,,
*Estimate based on 10 or fewer sample cases.,,,,,,,,
