Bureau of Justice Statistics,,,,,,
Filename:   cdsp0209.csv,,,,,,
"Table 9: Of the total number of persons searched, percent of drivers who were also arrested, 2002: Gender, age and race/Hispanic origin",,,,,,
"Report title:   Characteristics of Drivers Stopped by Police, 2002; NCJ 211471",,,,,,
Data source:   2002 Police-Public Contact Survey,,,,,,
Authors:   Erica Smith & Matthew Durose,,,,,,
Refer questions to:   askbjs@usdoj.gov   (202) 307-0765,,,,,,
"Date of version: June 2, 2006",,,,,,

"Table 9. Of the total number of persons searched, percent of drivers who were also arrested, 2002: Gender, age and race/Hispanic origin",,,,,,

,,,Drivers who were searched and arrested,,,
Demographic characteristic,Total number of searches,,Number,,Percent,
Total,"837,809",,"329,347",,39.3,%
Male,"722,627",,"281,467",,39,%
White,"388,531",,"158,997",,40.9,
Black,"166,497",,"77,630",,46.6,
Hispanic,"157,379",,"45,574",,29,
Female,"116,462",,"48,443",,41.6,%
White,"65,401",,"35,596",,54.4,
Black,"23,864",*,"9,861",*,41.3,*
Hispanic,"24,620",*,"2,972",*,12.1,*
Age,,,,,, 
16-24,"345,741",,"108,132",,31.3,%
25 or older,"492,081",,"221,426",,45,

"Note: Detail may not add to total due to estimation procedures.  Drivers of other races not shown separately. Total includes ""other races."" ",,,,,,
*Estimate based on 10 or fewer sample cases.,,,,,,
