Bureau of Justice Statistics,,,,
Filename:   cdsp02apa.csv,,,,
"Appendix A: Of the U.S. population, the percent and number of drivers in the United States, 2002: Gender, age, and race/Hispanic origin",,,,
"Report title:   Characteristics of Drivers Stopped by Police, 2002; NCJ 211471",,,,
Data source:   2002 Police-Public Contact Survey,,,,
Authors:   Erica Smith & Matthew Durose,,,,
Refer questions to:   askbjs@usdoj.gov   (202) 307-0765,,,,
"Date of version: June 2, 2006",,,,

"Appendix A. Of the U.S. population, the percent and number of drivers in the United States, 2002: Gender, age, and race/Hispanic origin",,,,

,,Drivers in the United States*,,
Demographic characteristic,U.S. population ages 16 or older,Percent,,Number
Total,"215,536,780",89.4,%,"192,687,190"
Gender,,,,
Male,"103,988,719",92.6,%,"96,291,891"
Female,"111,548,061",86.4,,"96,387,512"
Age,,,,
16-19,"16,261,872",74.6,%,"12,125,184"
20-24,"19,385,232",89.3,,"17,301,693"
25-29,"17,745,202",91.7,,"16,268,499"
30-34,"19,564,855",93.6,,"18,303,679"
35-39,"21,108,221",94.2,,"19,890,322"
40-44,"23,048,576",94.2,,"21,720,402"
45-49,"21,110,999",94.1,,"19,868,465"
50-54,"18,156,612",93.7,,"17,018,579"
55-59,"14,751,339",92.3,,"13,609,756"
60-64,"11,253,813",91.7,,"10,324,572"
65-69,"9,398,824",88.5,,"8,317,154"
70-74,"8,296,482",84.7,,"7,028,204"
75 or older,"15,454,753",70.3,,"10,867,718"
Age,,,,
16-24,"35,647,104",82.6,%,"29,434,855"
25 or older,"179,889,676",90.7,,"163,245,009"
Race/Hispanic origin,,,,
White,"157,373,713",93.3,%,"146,779,643"
Black,"25,694,070",78.9,,"20,260,621"
Hispanic,"23,955,183",77.7,,"18,619,405"
Other race,"8,513,815",82.2,,"7,000,729"

Note: Detail may not add to total due to estimation procedures. ,,,,
*Includes licensed and unlicensed drivers who operate a motor vehicle a few times a year or more.,,,,
