Bureau of Justice Statistics,,,,
Filename:   cdsp0216.csv,,,,
"Table 16: Among persons age 16 or older whose contact involved police use of force in 2002, percent who felt the force used or threatened was ""excessive,"" by reason for contact",,,,
"Report title:   Characteristics of Drivers Stopped by Police, 2002; NCJ 211471",,,,
Data source:   2002 Police-Public Contact Survey,,,,
Authors:   Erica Smith & Matthew Durose,,,,
Refer questions to:   askbjs@usdoj.gov   (202) 307-0765,,,,
"Date of version: June 2, 2006",,,,

"Table 16. Among persons age 16 or older whose contact involved police use of force in 2002, percent who felt the force used or threatened was ""excessive,"" by reason for contact",,,,

,,Contacts with police in which force used or threatened was excessive,,
Reason for contact,Number of persons against whom force was used or threatened,Number,Percent,
Total,"664,458","500,806",75.4,%
Drivers in traffic stops,"188,822","164,255",87,%
Other contacts,"475,636","336,551",70.8,
