Bureau of Justice Statistics,,,,,,
Filename:   cdsp0201.csv,,,,,,
"Table 1: Characteristics of drivers stopped by police compared to characteristics of drivers in the United States, 2002: Gender, age, and race/Hispanic origin  ",,,,,,
"Report title:   Characteristics of Drivers Stopped by Police, 2002; NCJ 211471",,,,,,
Data source:   2002 Police-Public Contact Survey,,,,,,
Authors:   Erica Smith & Matthew Durose,,,,,,
Refer questions to:   askbjs@usdoj.gov   (202) 307-0765,,,,,,
"Date of version: June 2, 2006",,,,,,

"Table 1. Characteristics of drivers stopped by police compared to characteristics of drivers in the United States, 2002: Gender, age, and race/Hispanic origin  ",,,,,,

,Drivers stopped by police in 2002,,,Drivers in the United States,,
Demographic characteristic,Number,Percent,,Number,Percent,
Total,"16,783,467",100,%,"192,687,190",100,%
Gender,,,,,,
Male,"10,210,452",60.8,%,"96,291,891",50,%
Female,"6,573,016",39.2,,"96,387,512",50,
Age,,,,,,
16-19,"1,653,563",9.9,%,"12,125,184",6.3,%
20-24,"2,707,711",16.1,,"17,301,693",9,
25-29,"1,999,671",11.9,,"16,268,499",8.4,
30-34,"1,765,379",10.5,,"18,303,679",9.5,
35-39,"1,976,042",11.8,,"19,890,322",10.3,
40-44,"1,737,807",10.4,,"21,720,402",11.3,
45-49,"1,497,266",8.9,,"19,868,465",10.3,
50-54,"1,214,760",7.2,,"17,018,579",8.8,
55-59,"859,629",5.1,,"13,609,756",7.1,
60-64,"599,061",3.6,,"10,324,572",5.4,
65-69,"313,104",1.9,,"8,317,154",4.3,
70-74,"208,994",1.2,,"7,028,204",3.6,
75 or older,"250,480",1.5,,"10,867,718",5.6,
Age,,,,,,
16-24,"4,361,274",26,%,"29,434,855",15.3,%
25 or older,"12,422,193",74,,"163,245,009",84.7,
Race/Hispanic origin,,,,,,
White,"12,842,254",76.5,%,"146,779,643",76.2,%
Black,"1,852,086",11,,"20,260,621",10.5,
Hispanic,"1,595,872",9.5,,"18,619,405",9.7,
Other race,"493,256",2.9,,"7,000,729",3.6,

Note: Detail may not add to total due to estimation procedures.,,,,,,
