Bureau of Justice Statistics,,,,,,,
Filename:   cdsp0211.csv,,,,,,,
"Table 11: Among arrested and nonarrested drivers, percent who experienced a search, 2002: Combined categories of race/Hispanic origin and gender",,,,,,,
"Report title:   Characteristics of Drivers Stopped by Police, 2002; NCJ 211471",,,,,,,
Data source:   2002 Police-Public Contact Survey,,,,,,,
Authors:   Erica Smith & Matthew Durose,,,,,,,
Refer questions to:   askbjs@usdoj.gov   (202) 307-0765,,,,,,,
"Date of version: June 2, 2006",,,,,,,

"Table 11. Among arrested and nonarrested drivers, percent who experienced a search, 2002: Combined categories of race/Hispanic origin and gender",,,,,,,

Gender and race/Hispanic origin,Arrested drivers,,,,Nonarrested drivers,,
,Number,,Driver or  vehicle search,,Number,Driver or  vehicle search,
Total,"448,094",,73.8,%,"16,335,373",3.1,%
Male,,,,,,,
White,"215,605",,74.1,%,"7,505,401",3.1,%
Black,"89,121",,84.1,,"975,532",9.1,
Hispanic,"69,207",,66.6,,"1,019,028",10.9,
Female,,,,,,,
White,"43,991",,80,%,"5,077,257",0.6,%
Black,"17,193",*,66.3,*,"770,239",1.8,*
Hispanic,"12,986",*,22.7,*,"494,651",4.4,*

"Note: Detail may not add to total due to estimation procedures.  Drivers of other races not shown separately. Total includes ""other races."" ",,,,,,,
*Estimate based on 10 or fewer sample cases.,,,,,,,
