Bureau of Justice Statistics,,,,,,
Filename:   cdsp0202.csv,,,,,,
"Table 2: Characteristics of drivers stopped by police compared to characteristics of drivers in the United States, 2002: Combined categories of gender, age, and race/Hispanic origin  ",,,,,,
"Report title:   Characteristics of Drivers Stopped by Police, 2002; NCJ 211471",,,,,,
Data source:   2002 Police-Public Contact Survey,,,,,,
Authors:   Erica Smith & Matthew Durose,,,,,,
Refer questions to:   askbjs@usdoj.gov   (202) 307-0765,,,,,,
"Date of version: June 2, 2006",,,,,,

"Table 2. Characteristics of drivers stopped by police compared to characteristics of drivers in the United States, 2002: Combined categories of gender, age, and race/Hispanic origin  ",,,,,,

,Drivers stopped by police in 2002,,,Drivers in the United States,,
Demographic characteristic,Number,Percent,,Number,Percent,
Total,"16,783,467",100,%,"192,687,190",100,%
Males age 16 to 24,"2,703,210",16.1,%,"15,220,111",7.9,%
White,"1,938,873",11.6,,"10,338,108",5.4,
Black,"252,828",1.5,,"1,736,157",0.9,
Hispanic,"422,964",2.5,,"2,482,500",1.3,
Other race,"88,545",0.5,,"659,388",0.3,
Males age 25 or older,"7,507,242",44.7,%,"81,067,748",42.1,%
White,"5,782,132",34.5,,"62,258,493",32.3,
Black,"811,825",4.8,,"7,922,346",4.1,
Hispanic,"665,271",4,,"7,792,027",4,
Other race,"248,014",1.5,,"3,092,184",1.6,
Females age 16 to 24,"1,658,064",9.9,%,"14,213,642",7.4,%
White,"1,270,378",7.6,,"10,125,260",5.3,
Black,"188,725",1.1,,"1,676,328",0.9,
Hispanic,"158,791",0.9,,"1,826,776",0.9,
Other race,"40,170",0.2,,"575,921",0.3,
Females age 25 or older,"4,914,951",29.3,%,"82,170,336",42.6,%
White,"3,850,871",22.9,,"64,054,219",33.2,
Black,"598,707",3.6,,"8,919,530",4.6,
Hispanic,"348,846",2.1,,"6,514,042",3.4
Other race,"116,527",0.7,,"2,670,295",1.4

Note: Detail may not add to total due to estimation procedures.,,,,,
