Bureau of Justice Statistics,,,,
Filename:   cdsp0217.csv,,,,
"Table 17: Among persons age 16 or older who had contact with police in 2002, percent whose contact involved police use of excessive force, by reason for contact",,,,
"Report title:   Characteristics of Drivers Stopped by Police, 2002; NCJ 211471",,,,
Data source:   2002 Police-Public Contact Survey,,,,
Authors:   Erica Smith & Matthew Durose,,,,
Refer questions to:   askbjs@usdoj.gov   (202) 307-0765,,,,
"Date of version: June 2, 2006",,,,

"Table 17. Among persons age 16 or older who had contact with police in 2002, percent whose contact involved police use of excessive force, by reason for contact",,,,

,,Contacts with police in which force used or threatened was excessive,,
Reason for contact,Number of persons with police contact,Number,Percent,
Total,"45,278,884","500,806",1.1,%
Drivers in traffic stops,"16,783,467","164,255",1,%
Other contacts,"28,495,417","336,551",1.2,
