"Bureau of Justice Statistics",,,,,,,,,,,
"Filename:  cf996__04.csv",,,,,,,,,,,
"Table 6.4.  Disposition of criminal appeals terminated on the merits, by offense, October 1, 1998 - September 30, 1999",,,,,,,,,,,
"Report title:  Compendium of Federal Justice Statistics, 1999   NCJ  186179",,,,,,,,,,,
"Data source:  Federal justice statistics database maintained by The Urban Institute",,,,,,,,,,,
"Author:  Urban Institute under the supervision of John Scalia",,,,,,,,,,,
"Refer  questions to:  askbjs@ojp.usdoj.gov  202-307-0765",,,,,,,,,,,
"Date of version:  4/02/01",,,,,,,,,,,
,,,,,,,,,,,
,,,,,,,,,,,
"Table 6.4.  Disposition of criminal appeals terminated on the merits, by offense, October 1, 1998 - September 30, 1999",,,,,,,,,,,
,,"",,,,,,,,,
,,,"Total ","Criminal appeals terminated on the merits",,,,,,,
,,,"criminal",,,,"Remanded","Partially",,,"Procedure "
"Offense of conviction",,,"appeals","Total","Percent","Affirmed","or reversed","affirmed","Dismissed","Other","terminations"
,,"All offenses",10675,8260,77.4,6493,719,423,543,82,2415
"Violent offenses",,,645,530,82.2,442,49,18,20,1,115
,"Murder*",,157,144,91.7,116,15,9,3,1,13
,"Assault",,79,65,82.3,57,4,1,3,0,14
,"Robbery",,304,238,78.3,197,22,7,12,0,66
,"Sexual abuse*",,49,40,81.6,34,4,0,2,0,9
,"Kidnaping",,53,40,75.5,35,4,1,0,0,13
,"Threats against the President",,3,3,"--",3,0,0,0,0,0
"Property offenses",,,1923,1455,75.7,1080,167,104,87,17,468
,"Fraudulent",,1462,1075,73.5,801,122,83,58,11,387
,,"Embezzlement",98,70,71.4,48,9,6,5,2,28
,,"Fraud*",1211,897,74.1,664,103,74,47,9,314
,,"Forgery",20,11,55.0,7,2,2,0,0,9
,,"Counterfeiting",133,97,72.9,82,8,1,6,0,36
,"Other",,461,380,82.4,279,45,21,29,6,81
,,"Burglary",6,6,"--",6,0,0,0,0,0
,,"Larceny*",164,125,76.2,92,20,5,6,2,39
,,"Motor vehicle theft",86,75,87.2,59,3,4,9,0,11
,,"Arson and explosives",107,86,80.4,64,6,3,12,1,21
,,"Transportation of stolen property",82,75,91.5,51,11,8,2,3,7
,,"Other property offenses",16,13,81.3,7,5,1,0,0,3
"Drug offenses",,,4888,3809,77.9,3104,279,180,223,23,1079
"Public-order offenses",,,2778,2182,78.5,1649,199,112,190,32,596
,"Regulatory",,180,143,79.4,114,11,13,5,0,37
,,"Agriculture",10,3,"--",2,1,0,0,0,7
,,"Antitrust",3,3,"--",1,2,0,0,0,0
,,"Food and drug",2,2,"--",2,0,0,0,0,0
,,"Transportation",18,15,83.3,12,1,2,0,0,3
,,"Civil rights",41,38,92.7,30,1,6,1,0,3
,,"Communications",2,1,"--",1,0,0,0,0,1
,,"Custom laws",13,9,69.2,8,1,0,0,0,4
,,"Postal laws",2,2,"--",2,0,0,0,0,0
,,"Other regulatory offenses",89,70,78.7,56,5,5,4,0,19
,"Other",,2598,2039,78.5,1535,188,99,185,32,559
,,"Weapons",1057,854,80.8,687,72,44,33,18,203
,,"Immigration offenses",696,530,76.1,336,44,18,123,9,166
,,"Tax law violations*",92,67,72.8,51,2,9,3,2,25
,,"Bribery",38,29,76.3,25,2,2,0,0,9
,,"Perjury, contempt, and intimidation",100,81,81.0,65,11,2,1,2,19
,,"National defense",25,24,96.0,19,2,3,0,0,1
,,"Escape",83,62,74.7,47,8,0,7,0,21
,,"Racketeering and extortion",324,243,75.0,190,29,11,12,1,81
,,"Gambling",15,14,93.3,13,0,1,0,0,1
,,"Nonviolent sex offenses",125,103,82.4,78,13,8,4,0,22
,,"Traffic",19,14,73.7,12,1,1,0,0,5
,,"Migratory birds",2,2,"--",1,1,0,0,0,0
,,"All other offenses*",22,16,72.7,11,3,0,2,0,6
"Unknown or indeterminable offense",,,441,284,64.4,218,25,9,23,9,157
,,,,,,,,,,,
"--Too few cases to obtain statistically reliable data.",,,,,,,,,,,
"...No case of this type occurred in the data.",,,,,,,,,,,
"(SEE PRINTED REPORT FOR FOOTNOTE)",,,,,,,,,,,
