"Bureau of Justice Statistics",,,,,,,,,
"Filename:  cf993__07.csv",,,,,,,,,
"Table 3.7.  Behavior of defendants released prior to trial, by offense, October 1, 1998 - September 30, 1999",,,,,,,,,
"Report title:  Compendium of Federal Justice Statistics, 1999   NCJ  186179",,,,,,,,,
"Data source:  Federal justice statistics database maintained by The Urban Institute",,,,,,,,,
"Author:  Urban Institute under the supervision of John Scalia",,,,,,,,,
"Refer  questions to:  askbjs@ojp.usdoj.gov  202-307-0765",,,,,,,,,
"Date of version:  4/02/01",,,,,,,,,
,,,,,,,,,
,,,,,,,,,
"Table 3.7.  Behavior of defendants released prior to trial, by offense, October 1, 1998 - September 30, 1999",,,,,,,,,
,,,,,,,,,
,,"Percent of released defendants who had--",,,,,,,
,,,"Violations while on release",,,,,,
,,,,,,,"Technical",,
,,,"At least ",,,,"violations",,"Number of"
"Most serious offense",,"No","one","Failed to ","New offense charged",,"of bail","Release","released"
"charged",,"violation","violation","appear","Felony","Misdemeanor","conditions","revoked","defendants"
," All offenses*",81.7,18.3,2.7,1.8,1.6,16.6,6.7,30841
"Violent offenses",,76.7,23.3,2.3,2.0,2.6,21.4,11.9,1212
"Property offenses",,88.1,11.9,1.8,1.5,1.1,10.5,4.6,11201
,"Fraudulent offenses",88.5,11.5,1.8,1.5,1.1,10.1,4.4,8754
,"Other property offenses",86.5,13.5,1.9,1.6,1.3,12.1,5.2,2447
"Drug offenses",,71.5,28.5,4.0,2.4,2.3,26.3,10.0,10762
"Public-order offenses",,87.5,12.5,2.1,1.2,1.3,11.2,4.2,7506
,"Regulatory offenses",91.4,8.6,1.7,0.5,0.8,7.7,2.1,1678
,"Other offenses",86.4,13.6,2.2,1.4,1.4,12.1,4.8,5828
,,,,,,,,,
"(SEE PRINTED REPORT FOR FOOTNOTES)",,,,,,,,,
