"Bureau of Justice Statistics",,,,,,,,,,,
"Filename:  cf995__05.csv",,,,,,,,,,,
"Table 5.5.  Average incarceration sentence lengths imposed, by offense and offender characteristics, October 1, 1998 - September 30, 1999",,,,,,,,,,,
"Report title:  Compendium of Federal Justice Statistics, 1999   NCJ  186179",,,,,,,,,,,
"Data source:  Federal justice statistics database maintained by The Urban Institute",,,,,,,,,,,
"Author:  Urban Institute under the supervision of John Scalia",,,,,,,,,,,
"Refer  questions to:  askbjs@ojp.usdoj.gov  202-307-0765",,,,,,,,,,,
"Date of version:  4/02/01",,,,,,,,,,,
,,,,,,,,,,,
,,,,,,,,,,,
"Table 5.5.  Average incarceration sentence lengths imposed, by offense and offender characteristics,",,,,,,,,,,,
,"October 1, 1998 - September 30, 1999",,,,,,,,,,
,,,,,,,,,,,
,,,,"Mean sentence length for offenders convicted of--",,,,,,,
,,,,,"Felonies",,,,,,
,,,,"All","Violent","Property offenses",,"Drug","Public-order offenses",,
"Offender characteristic",,,,"offenses/a","offenses","Fraudulent","Other","offenses","Regulatory","Other","Misdemeanors"
,,," All offenders/a",57.8,87.7,22.3,33.1,75.4,26.1,49.7,10.7
"Male/Female",,,,,,,,,,,
,"Male",,,60.5,89.8,23.3,34.3,78.4,27.3,50.2,11.2
,"Female",,,35.9,50.2,16.8,17.6,48.4,18.8,33.6,5.8
"Race",,,,,,,,,,,
,"White",,,45.9,82.8,22.8,33.1,57.5,24.7,40.0,9.8
,"Black",,,86.8,101.4,20.1,28.6,106.9,31.0,90.1,14.4
,"Native American",,,55.8,66.3,21.3,26.7,57.2,23.5,51.8,11.2
,"Asian/Pacific Islander",,,53.5,87.8,21.3,36.8,79.7,11.8,61.2,7.1
,"Other",,,48.3,37.1,25.5,29.6,83.4,21.5,38.9,31.0
"Ethnicity",,,,,,,,,,,
,"Hispanic",,,45.3,99.0,19.5,38.8,58.8,18.4,35.3,6.5
,"Non-Hispanic",,,67.2,85.1,22.2,30.8,86.9,29.9,72.8,13.9
"Age",,,,,,,,,,,
,"16-18 years",,,34.3,84.9,19.8,44.5,28.7,14.0,29.2,7.0
,"19-20 years",,,49.1,95.2,15.6,24.1,51.5,23.6,44.0,11.0
,"21-30 years",,,59.9,79.7,17.2,28.2,73.5,27.5,51.5,11.0
,"31-40 years",,,60.7,94.0,22.5,31.7,79.4,21.3,51.4,11.5
,"Over 40 years",,,55.7,86.0,25.3,35.5,77.6,28.8,49.3,16.2
"Citizenship",,,,,,,,,,,
,"U.S. citizen",,,67.2,85.2,22.3,31.2,83.2,30.5,71.8,15.0
,"Not U.S. citizen",,,42.3,103.5,19.9,36.7,56.7,15.7,35.2,5.4
"Education",,,,,,,,,,,
,"Less than high school graduate",,,58.5,90.0,20.2,31.4,71.0,23.4,47.4,12.2
,"High school graduate",,,67.8,90.1,21.3,30.1,81.2,29.3,70.4,15.3
,"Some college",,,55.3,73.8,22.5,31.3,75.1,21.5,57.5,12.6
,"College graduate",,,38.7,60.7,24.7,38.6,67.7,30.5,36.4,16.1
"Criminal record",,,,,,,,,,,
,"No convictions",,,41.3,65.6,19.8,31.0,51.1,23.7,35.8,7.5
,"Prior adult convictions/b",,,67.9,95.0,23.7,31.9,93.3,28.8,54.0,12.6
,,,,,,,,,,,
"(SEE PRINTED REPORT FOR FOOTNOTES)",,,,,,,,,,,
