"Bureau of Justice Statistics",,,,,,,,,,,,
"Filename:  cf995__04.csv",,,,,,,,,,,,
"Table 5.4.  Convicted offenders sentenced to incarceration, by offense and offender characteristics, October 1, 1998 - September 30, 1999",,,,,,,,,,,,
"Report title:  Compendium of Federal Justice Statistics, 1999   NCJ  186179",,,,,,,,,,,,
"Data source:  Federal justice statistics database maintained by The Urban Institute",,,,,,,,,,,,
"Author:  Urban Institute under the supervision of John Scalia",,,,,,,,,,,,
"Refer  questions to:  askbjs@ojp.usdoj.gov  202-307-0765",,,,,,,,,,,,
"Date of version:  4/02/01",,,,,,,,,,,,
,,,,,,,,,,,,
,,,,,,,,,,,,
"Table 5.4.  Convicted offenders sentenced to incarceration, by offense and offender characteristics, October 1, 1998 - September 30, 1999",,,,,,,,,,,,
,,,"",,,,,,,,,
,,,,,"Percent of all convicted offenders who were incarcerated in cases terminated during 1999",,,,,,,
,,,,"Total",,"Felonies",,,,,,
,,,,"number of","All","Violent","Property offenses",,"Drug","Public-order offenses",,
"Offender characteristic",,,,"offenders","offenses/a","offenses","Fraudulent","Other","offenses","Regulatory","Other","Misdemeanors"
,,," All offenders/a",66055,72.2,91.7,59.5,56.0,92.4,44.5,87.7,15.4
"Male/Female",,,,,,,,,,,,
,"Male",,,48092,81.4,93.8,64.2,64.1,94.2,51.9,89.7,22.7
,"Female",,,8844,56.6,80.2,48.7,34.6,82.9,37.3,64.6,12.7
"Race",,,,,,,,,,,,
,"White",,,37566,78.2,91.6,60.9,59.0,91.7,47.8,88.3,21.6
,"Black",,,15423,79.9,95.5,59.2,51.5,95.0,51.2,91.3,19.2
,"Native American",,,959,71.9,90.6,50.0,56.8,72.0,36.4,71.8,24.7
,"Asian/Pacific Islander",,,1544,53.7,84.6,55.0,50.0,93.1,50.0,69.8,6.0
,"Other",,,223,72.6,100.0,73.5,71.4,82.8,50.0,79.2,17.4
"Ethnicity",,,,,,,,,,,,
,"Hispanic",,,21892,86.6,87.8,63.3,63.2,94.4,50.9,91.8,34.5
,"Non-Hispanic",,,34642,72.2,93.1,59.5,55.9,91.3,46.7,83.1,14.9
"Age",,,,,,,,,,,,
,"16-18 years",,,459,65.1,92.1,69.2,22.2,84.4,54.5,80.2,10.1
,"19-20 years",,,2695,74.9,89.4,52.0,56.2,89.9,60.9,87.3,14.1
,"21-30 years",,,21531,82.0,93.2,59.2,49.7,93.5,52.7,91.6,18.2
,"31-40 years",,,16556,80.5,94.1,62.2,62.7,93.0,48.7,89.6,22.6
,"Over 40 years",,,13548,71.6,92.3,59.4,57.3,91.1,42.6,80.3,18.8
"Citizenship",,,,,,,,,,,,
,"U.S. citizen",,,36975,74.0,92.9,58.9,55.2,91.4,46.3,82.8,16.1
,"Not U.S. citizen",,,19267,85.4,86.7,65.8,73.1,95.2,51.8,92.1,29.8
"Education",,,,,,,,,,,,
,"Less than high school graduate",,,23442,86.7,93.4,63.8,62.0,94.5,55.4,91.8,28.1
,"High school graduate",,,15746,75.8,92.8,58.3,56.2,92.4,48.7,85.3,14.7
,"Some college",,,9632,68.8,92.7,58.8,49.4,88.5,40.5,79.2,13.4
,"College graduate",,,3507,61.6,82.4,59.9,59.6,82.9,40.8,72.9,16.5
"Criminal record",,,,,,,,,,,,
,"No convictions",,,25794,65.3,83.0,50.3,41.7,89.4,41.2,73.6,14.2
,"Prior adult convictions/b",,,31186,87.6,96.8,72.9,70.7,95.3,65.1,94.6,31.7
,,,,,,,,,,,,
"(SEE PRINTED REPORT FOR FOOTNOTES)",,,,,,,,,,,,
