"Bureau of Justice Statistics",,,,,,,,,
"Filename:  cf993__08.csv",,,,,,,,,
"Table 3.8.  Behavior of defendants released prior to trial, by type of release, October 1, 1998 - September 30, 1999",,,,,,,,,
"Report title:  Compendium of Federal Justice Statistics, 1999   NCJ  186179",,,,,,,,,
"Data source:  Federal justice statistics database maintained by The Urban Institute",,,,,,,,,
"Author:  Urban Institute under the supervision of John Scalia",,,,,,,,,
"Refer  questions to:  askbjs@ojp.usdoj.gov  202-307-0765",,,,,,,,,
"Date of version:  4/02/01",,,,,,,,,
,,,,,,,,,
,,,,,,,,,
"Table 3.8.  Behavior of defendants released prior to trial, by type of release, October 1, 1998 - September 30, 1999",,,,,,,,,
,,,,,,,,,
,,"Percent of released defendants who had--",,,,,,,
,,,"      Violations while on release",,,,,,
,,,,,,,"Technical",,
,,,"At least",,,,"violations",,"Number of"
,,"No","one","Failed to","New offense charged",,"of bail","Release ","released"
"Type of release",,"violation","violation","appear","Felony","Misdemeanor","conditions","revoked","defendants"
,"   All releases",81.7,18.3,2.7,1.8,1.6,16.6,6.7,30841
"Financial release",,75.4,24.6,5.6,2.6,1.8,21.6,6.4,5485
,"Percentage/cash bond",73.6,26.4,7.5,2.7,2.3,22.3,6.6,2600
,"Collateral bond",78.3,21.7,3.1,2.5,1.3,19.7,5.0,1606
,"Corporate surety",75.1,24.9,4.9,2.5,1.5,22.4,7.8,1279
"Unsecured bond",,81.9,18.1,1.9,1.2,1.8,17.2,7.5,8581
"Personal recognizance",,82.2,17.8,2.3,2.0,1.6,16.0,6.9,15048
"Conditional release",,95.9,4.1,1.0,0.2,0.5,3.6,1.7,1727
,,,,,,,,,
"(SEE PRINTED REPORT FOR FOOTNOTES)",,,,,,,,,
