"Bureau of Justice Statistics",,,,,,,,,,
"Filename:  cf997__07.csv",,,,,,,,,,
"Table 7.7.  Outcomes of parole, by offense, October 1, 1998 - September 30, 1999",,,,,,,,,,
"Report title:  Compendium of Federal Justice Statistics, 1999   NCJ  186179",,,,,,,,,,
"Data source:  Federal justice statistics database maintained by The Urban Institute",,,,,,,,,,
"Author:  Urban Institute under the supervision of John Scalia",,,,,,,,,,
"Refer  questions to:  askbjs@ojp.usdoj.gov  202-307-0765",,,,,,,,,,
"Date of version:  4/02/01",,,,,,,,,,
,,,,,,,,,,
,,,,,,,,,,
"Table 7.7.  Outcomes of parole, by offense, October 1, 1998 - September 30, 1999",,,,,,,,,,
,,,,,,,,,,
,,,,,"Percent of paroles terminating with--",,,,,
,,,,"Number",,"Technical violations/b",,,,
,,,,"of parole","No","Drug","Fugitive",,"New","Administrative"
"Most serious offense of conviction/a",,,,"terminations","violation","use","status","Other","crime/c","case closures"
,,," All offenses",2503,55.1,13.0,4.3,8.8,14.4,4.4
"Felonies",,,,2497,55.1,13.1,4.3,8.8,14.4,4.4
,"Violent offenses",,,772,35.5,19.4,7.0,11.9,22.7,3.5
,,"Murder/d",,45,35.6,13.3,2.2,11.1,35.6,2.2
,,"Assault",,24,33.3,4.2,4.2,8.3,41.7,8.3
,,"Robbery",,639,36.2,21.3,7.4,11.7,20.0,3.4
,,"Sexual abuse/d",,17,29.4,5.9,0.0,29.4,29.4,5.9
,,"Kidnapping",,47,29.8,12.8,10.6,10.6,34.0,2.1
,"Property offenses",,,256,65.2,5.1,3.1,8.2,14.5,3.9
,,"Fraudulent",,163,68.1,3.7,3.1,7.4,14.7,3.1
,,,"Embezzlement",13,92.3,0.0,0.0,0.0,0.0,7.7
,,,"Fraud/d",117,69.2,2.6,1.7,7.7,17.1,1.7
,,,"Forgery",24,50.0,8.3,12.5,8.3,16.7,4.2
,,,"Counterfeiting",9,"--","--","--","--","--","--"
,,"Other",,93,60.2,7.5,3.2,9.7,14.0,5.4
,,,"Burglary",23,52.2,13.0,0.0,13.0,17.4,4.3
,,,"Larceny/d",38,55.3,7.9,5.3,7.9,15.8,7.9
,,,"Motor vehicle theft",7,"--","--","--","--","--","--"
,,,"Arson and explosives",12,75.0,0.0,8.3,0.0,16.7,0.0
,,,"Transportation of stolen property",12,75.0,0.0,0.0,16.7,8.3,0.0
,,,"Other property offenses/d",1,"--","--","--","--","--","--"
,"Drug offenses",,,1247,64.1,11.5,2.6,7.1,9.7,5.1
,,"Trafficking",,1133,64.3,11.3,2.5,7.3,9.4,5.3
,,"Possession and other drug offenses",,114,62.3,13.2,3.5,5.3,13.2,2.6
,"Public-order offenses",,,221,60.6,9.0,5.9,8.1,12.2,4.1
,,"Regulatory",,16,75.0,6.3,6.3,12.5,0.0,0.0
,,"Other",,205,59.5,9.3,5.9,7.8,13.2,4.4
,,,"Weapons",71,42.3,18.3,8.5,5.6,21.1,4.2
,,,"Immigration offenses",4,"--","--","--","--","--","--"
,,,"Tax law violations/d",20,80.0,0.0,0.0,5.0,10.0,5.0
,,,"Perjury, contempt, and intimidation",6,"--","--","--","--","--","--"
,,,"Escape",21,57.1,9.5,9.5,9.5,14.3,0.0
,,,"Racketeering and extortion",71,78.9,2.8,1.4,8.5,4.2,4.2
,,,"Gambling",1,"--","--","--","--","--","--"
,,,"Nonviolent sex offenses",7,"--","--","--","--","--","--"
,,,"Obscene material/d",2,"--","--","--","--","--","--"
,,,"All other offenses/d",2,"--","--","--","--","--","--"
"Misdemeanors/d",,,,6,"--","--","--","--","--","--"
,,,,,,,,,,
"--Too few cases to obtain statistically reliable data.",,,,,,,,,,
"...No cases of this type occurred in the data.",,,,,,,,,,
"(SEE PRINTED REPORT FOR FOOTNOTES)",,,,,,,,,,
