"Bureau of Justice Statistics",,,,,,,,,,,,,,
"Filename:  cf997__12.csv",,,,,,,,,,,,,,
"Table 7.12.  Average time to first release and percent of sentence served, for prisoners released by standard methods, October 1, 1998 - September 30, 1999",,,,,,,,,,,,,,
"Report title:  Compendium of Federal Justice Statistics, 1999   NCJ  186179",,,,,,,,,,,,,,
"Data source:  Federal justice statistics database maintained by The Urban Institute",,,,,,,,,,,,,,
"Author:  Urban Institute under the supervision of John Scalia",,,,,,,,,,,,,,
"Refer  questions to:  askbjs@ojp.usdoj.gov  202-307-0765",,,,,,,,,,,,,,
"Date of version:  4/02/01",,,,,,,,,,,,,,
,,,,,,,,,,,,,,
,,,,,,,,,,,,,,
"Table 7.12.  Average time to first release and percent of sentence served, for prisoners released by standard methods, October 1, 1998 - ",,,,,,,,,,,,,,
,,"September 30, 1999",,,,,,,,,,,,
,,,,,,,,,,,,,,
,,,,,,,"Prisoners with sentences",,,,"Prisoners with sentences",,,
,,,"All offenders",,,,"of 1 year or less",,,,"over 1 year",,,
,,,"Number of","Mean","Median",,"Number of","Mean","Median",,"Number of","Mean","Median","Percent of"
"Most serious original",,,"prisoners","time","time",,"prisoners","time","time",,"prisoners","time","time","sentence"
"offense of conviction/a",,,"released/b","served","served",,"released/b","served","served",,"released/b","served","served","served"
,,"All prisoners",33748,28.0,18.3,,10103,5.0,5.0,,23645,37.9,26.2,87.4
"Violent offenses",,,1897,53.3,43.6,,160,5.5,5.8,,1737,57.7,46.2,85.8
,"Murder/manslaughter/c",,82,59.9,39.2,,7,"--","--",,75,64.9,41.9,85.3
,"Assault",,299,25.4,19.5,,87,4.7,5.0,,212,33.9,28.6,88.1
,"Robbery",,1309,59.5,51.4,,55,6.6,6.0,,1254,61.9,52.6,85.6
,"Sexual abuse/c",,138,36.4,20.9,,10,"--","--",,128,38.8,21.0,87.8
,"Kidnaping",,57,91.7,75.8,,0,"...","...",,57,91.7,75.8,78.8
,"Threats against the President",,12,31.1,21.1,,1,"--","--",,11,33.4,23.5,89.7
"Property offenses",,,6317,15.6,12.0,,2531,5.1,5.0,,3786,22.6,18.2,87.9
,"Fraudulent",,5235,15.0,12.0,,2120,5.1,5.0,,3115,21.7,16.5,87.9
,,"Embezzlement",421,9.2,5.0,,271,3.5,4.0,,150,19.4,13.1,87.9
,,"Fraud/c",4196,15.9,12.0,,1580,5.2,5.0,,2616,22.3,18.2,87.8
,,"Forgery",165,12.1,10.5,,77,5.5,5.0,,88,17.8,14.8,88.5
,,"Counterfeiting",453,13.1,11.0,,192,6.0,6.0,,261,18.4,13.9,89.0
,"Other",,1082,18.8,12.8,,411,5.5,5.1,,671,26.9,20.9,88.1
,,"Burglary",60,22.1,16.3,,15,6.8,6.3,,45,27.2,21.0,88.1
,,"Larceny/c",570,12.9,10.0,,297,5.4,5.0,,273,21.0,15.7,89.2
,,"Motor vehicle theft",103,20.6,13.9,,26,7.2,6.1,,77,25.1,20.0,87.2
,,"Arson and explosives",44,52.4,34.4,,3,"--","--",,41,55.6,36.5,84.9
,,"Transportation of stolen property",95,19.3,15.7,,21,6.3,6.0,,74,22.9,16.3,87.2
,,"Other property offenses/c",210,25.8,21.5,,49,4.8,5.0,,161,32.2,26.2,87.9
"Drug offenses",,,12473,40.1,31.4,,1361,6.7,6.0,,11112,44.2,33.1,87.2
,"Trafficking",,12296,40.5,31.4,,1238,6.9,6.3,,11058,44.2,33.1,87.2
,"Possession and other drug offenses",,177,12.4,6.0,,123,4.4,4.0,,54,30.8,18.4,90.6
"Public-order offenses",,,12657,19.1,11.4,,5806,4.6,4.1,,6851,31.5,21.2,87.9
,"Regulatory",,641,20.4,13.1,,191,5.7,5.9,,450,26.6,20.9,87.4
,"Other",,12016,19.1,11.0,,5615,4.6,4.0,,6401,31.8,21.4,87.9
,,"Weapons",1777,45.2,41.3,,136,6.7,6.0,,1641,48.4,46.1,87.4
,,"Immigration offenses",8058,12.2,6.0,,4695,4.6,4.0,,3363,22.8,20.9,88.6
,,"Tax law violations/c",338,14.0,10.5,,145,5.3,5.0,,193,20.5,15.7,87.5
,,"Bribery",49,12.7,10.4,,24,4.8,5.0,,25,20.2,13.1,87.9
,,"Perjury",86,16.0,11.9,,39,5.2,5.0,,47,24.9,16.2,87.2
,,"National defense",20,67.4,24.0,,3,"--","--",,17,78.3,31.4,79.9
,,"Escape",169,19.6,13.3,,62,7.3,7.9,,107,26.8,23.5,89.4
,,"Racketeering and extortion",869,38.2,31.2,,82,5.5,5.0,,787,41.6,32.2,86.0
,,"Gambling",1,"--","--",,1,"--","--",,0,"...","...","..."
,,"Liquor",3,"--","--",,0,"...","...",,3,"--","--","--"
,,"Nonviolent sex offenses",37,39.6,21.4,,3,"--","--",,34,42.4,27.1,85.4
,,"Obscene material/c",106,19.4,15.7,,11,5.8,6.0,,95,21.0,15.7,87.5
,,"Traffic",361,3.3,1.0,,324,2.2,1.0,,37,13.7,12.0,93.2
,,"Migratory birds",22,8.2,6.0,,14,4.7,4.0,,8,"--","--","--"
,,"All other offenses",120,10.5,6.0,,76,4.3,5.0,,44,21.1,14.8,91.2
"Other prisoners/d",,,404,11.6,6.0,,245,4.4,4.0,,159,22.7,15.7,88.3
,,,,,,,,,,,,,,
"--Too few cases to obtain statistically reliable data.",,,,,,,,,,,,,,
"...No case of this type occurred in the data.",,,,,,,,,,,,,,
"(SEE PRINTED REPORT FOR FOOTNOTES)",,,,,,,,,,,,,,
