"Bureau of Justice Statistics",,,,,,,,,,,,
"Filename:  cf995__03.csv",,,,,,,,,,,,
"Table 5.3.  Sentences imposed on convicted offenders, by offense of conviction and method of disposition, October 1, 1998 - September 30, 1999",,,,,,,,,,,,
"Report title:  Compendium of Federal Justice Statistics, 1999   NCJ  186179",,,,,,,,,,,,
"Data source:  Federal justice statistics database maintained by The Urban Institute",,,,,,,,,,,,
"Author:  Urban Institute under the supervision of John Scalia",,,,,,,,,,,,
"Refer  questions to:  askbjs@ojp.usdoj.gov  202-307-0765",,,,,,,,,,,,
"Date of version:  4/02/01",,,,,,,,,,,,
,,,,,,,,,,,,
,,,,,,,,,,,,
"Table 5.3.  Sentences imposed on convicted offenders, by offense of conviction and method of disposition, October 1, 1998 - September 30, 1999",,,,,,,,,,,,
,,,,,,,,,,,,
,,,,,,,,,,"Offenders sentenced to",,
,,,,,,,,,,"some incarceration",,
,,,,,,"Number of","Number of offenders in terminated",,,"Percent of",,
"Offense of conviction and ",,,,,,"convicted","cases convicted and sentenced to--",,,"convicted","Sentence length/c",
"method of disposition",,,,,,"offenders","Incarceration/a","Probation/b","Fine (only)","offenders","Mean","Median"
,,,,,,,,,,,,
,,,,"All offenses",,66055,47659,12977,3148,72.2,57.8,33.0
,"Guilty plea/d",,,,,62819,44900,12670,2957,71.5,52.3,30.0
,"Trial",,,,,3236,2759,307,191,85.3,155.4,113.0
"Felonies",,,,,,55864,46070,7965,275,82.5,59.4,36.0
,"Guilty plea",,,,,53012,43369,7801,271,81.8,53.8,33.0
,"Trial",,,,,2852,2701,164,4,94.7,158.5,120.0
,"Violent offenses",,,,,2715,2489,208,3,91.7,87.7,60.0
,,"Guilty plea",,,,2473,2254,198,3,91.1,80.6,60.0
,,"Trial",,,,242,235,10,0,97.1,163.4,121.0
,"Property offenses",,,,,,,,,,,
,,"Fraudulent",,,,10203,6067,3469,130,59.5,22.3,14.0
,,,"Guilty plea",,,9736,5677,3395,129,58.3,19.9,13.0
,,,"Trial",,,467,390,74,1,83.5,57.0,36.0
,,"Other",,,,2029,1137,848,11,56.0,33.1,18.0
,,,"Guilty plea",,,1928,1042,841,11,54.0,29.8,16.0
,,,"Trial",,,101,95,7,0,94.1,68.7,54.5
,"Drug offenses",,,,,23476,21694,1271,45,92.4,75.4,51.0
,,"Guilty plea",,,,22160,20396,1246,44,92.0,67.9,48.0
,,"Trial",,,,1316,1298,25,1,98.6,209.7,168.0
,"Public-order offenses",,,,,,,,,,,
,,"Regulatory",,,,1410,627,671,45,44.5,26.1,15.0
,,,"Guilty plea",,,1340,572,658,43,42.7,21.8,14.0
,,,"Trial",,,70,55,13,2,78.6,70.8,41.0
,,"Other",,,,16031,14056,1498,41,87.7,49.7,30.0
,,,"Guilty plea",,,15375,13428,1463,41,87.3,45.4,30.0
,,,"Trial",,,656,628,35,0,95.7,147.3,87.0
"Misdemeanors",,,,,,10118,1556,4973,2873,15.4,10.7,4.0
,"Guilty plea/d",,,,,9742,1502,4834,2686,15.4,10.4,4.0
,"Trial",,,,,376,54,139,187,14.4,19.6,6.0
"Unknown or indeterminable offense",,,,,,73,33,39,0,45.2,61.4,36.0
,,,,,,,,,,,,
"(SEE PRINTED REPORT FOR FOOTNOTES)",,,,,,,,,,,,
