"Bureau of Justice Statistics",,,,,,,
"Filename:  cf994__03.csv",,,,,,,
"Table 4.3.  Time from filing to disposition of cases terminating from October 1, 1998 - September 30, 1999",,,,,,,
"Report title:  Compendium of Federal Justice Statistics, 1999   NCJ  186179",,,,,,,
"Data source:  Federal justice statistics database maintained by The Urban Institute",,,,,,,
"Author:  Urban Institute under the supervision of John Scalia",,,,,,,
"Refer  questions to:  askbjs@ojp.usdoj.gov  202-307-0765",,,,,,,
"Date of version:  4/02/01",,,,,,,
,,,,,,,
,,,,,,,
"Table 4.3.  Time from filing to disposition of cases terminating from October 1, 1998 - September 30, 1999",,,,,,,
,,,"",,,,
,,,,"Average time from filing to disposition for defendants in cases",,,
,,,,"resulting in--",,,
"Most serious offense charged",,,," All outcomes","Dismissal/a","Guilty plea","Trial/b"
,,,"   All offenses",9.2,16.0,8.1,12.0
"Felonies",,,,9.8,16.6,8.9,14.2
,"Violent offenses",,,9.3,10.6,8.7,13.0
,,"Murder/c",,11.6,11.4,10.4,16.6
,,"Negligent manslaughter",,"...","...","...","..."
,,"Assault",,8.2,11.7,7.7,8.1
,,"Robbery",,8.3,9.1,7.9,12.7
,,"Sexual abuse/c",,8.9,11.3,8.3,11.3
,,"Kidnaping",,15.8,10.4,16.8,16.1
,,"Threats against the President",,7.8,"--",7.5,"--"
,"Property offenses",,,9.7,16.0,8.8,15.9
,,"Fraudulent",,9.7,15.5,8.8,15.9
,,,"Embezzlement",7.0,9.3,6.4,15.5
,,,"Fraud/c",10.4,16.6,9.4,16.3
,,,"Forgery",11.2,25.9,9.3,"--"
,,,"Counterfeiting",7.8,11.2,7.4,11.3
,,"Other",,9.9,18.1,8.7,15.9
,,,"Burglary",6.4,"--",6.6,"--"
,,,"Larceny/c",8.9,15.8,8.0,15.8
,,,"Motor vehicle theft",9.9,15.1,9.2,"--"
,,,"Arson and explosives",12.8,14.4,11.4,17.9
,,,"Transportation of stolen property",13.0,32.2,10.3,15.9
,,,"Other property offenses/c",8.3,"--",7.8,"--"
,"Drug offenses",,,11.4,18.9,10.5,14.3
,,"Trafficking",,11.5,19.4,10.5,14.5
,,"Possession and other drug offenses",,10.3,10.3,10.2,12.3
,"Public order offenses",,,7.8,14.1,6.9,13.2
,,"Regulatory",,10.9,20.3,9.0,16.5
,,,"Agriculture",9.6,12.3,8.4,"--"
,,,"Antitrust",13.8,"...",11.1,"--"
,,,"Food and drug",8.6,"--",8.7,"--"
,,,"Transportation",9.3,5.3,7.1,"--"
,,,"Civil rights",13.3,16.4,12.6,11.8
,,,"Communications",10.2,"--",6.0,"--"
,,,"Custom laws",12.1,9.7,11.7,"--"
,,,"Postal laws",5.8,"--",5.9,"--"
,,,"Other regulatory offenses",11.0,29.5,8.6,14.6
,,"Other",,7.5,13.2,6.8,12.8
,,,"Weapons",9.8,11.0,9.5,11.5
,,,"Immigration offenses",4.5,8.9,4.2,10.3
,,,"Tax law violations/c",11.9,26.6,10.9,17.1
,,,"Bribery",12.1,24.3,10.7,14.4
,,,"Perjury, contempt, and intimidation",11.2,9.5,11.2,12.5
,,,"National defense",19.2,30.6,15.5,"--"
,,,"Escape",15.9,31.3,12.8,12.4
,,,"Racketeering and extortion",16.0,18.9,15.2,18.7
,,,"Gambling",6.8,"--",7.3,"--"
,,,"Liquor offenses","--","--","...","..."
,,,"Nonviolent sex offenses",8.9,11.4,8.7,"--"
,,,"Obscene material/c",8.1,"--","--","--"
,,,"Traffic offenses",4.9,"--",4.7,"--"
,,,"Migratory birds","--","...","--","..."
,,,"All other felonies/c",6.9,5.5,7.3,"--"
"Misdemeanors/c",,,,5.8,15.1,2.7,2.6
,"Fraudulent property offense",,,3.3,11.4,2.6,"--"
,"Larceny",,,5.1,6.3,4.3,5.6
,"Drug possession/c",,,5.0,8.9,3.5,9.5
,"Immigration",,,0.6,6.1,0.4,"..."
,"Traffic offenses",,,7.8,24.0,1.8,0.5
,"Other misdemeanors",,,5.4,7.8,4.1,8.6
"Unknown or indeterminable offense",,,,5.6,5.9,5.8,"--"
,,,,,,,
"--Too few cases to obtain statistically reliable data.",,,,,,,
"...No cases of this type occurred in the data.",,,,,,,
"(SEE PRINTED REPORT FOR FOOTNOTES.)",,,,,,,
