Bureau of Justice Statistics,,,,
Filename: iofjs10f30.csv,,,,
"Figure 30. Characteristics of offenders under federal supervision, fiscal yearend 2010",,,,
"Report title: Immigration Offenders in the Federal Justice System, 2010  NCJ 238581",,,,
"Author: Mark Motivans, Ph.D.",,,,
Refer questions to askbjs@usdoj.gov or 202-307-0765,,,,
"Date of version: July 5,  2012",,,,
,,,,
"Figure 30. Characteristics of offenders under federal supervision, fiscal yearend 2010",,,,
,Male,,Female,
Supervised release,72.7,%,27.3,%
Probation,48.5,,51.5,
"Source: Administrative Office of the U.S. Courts, Probation and Pretrial Services Automated Case Tracking System (PACTS), fiscal year.",,,,
