Bureau of Justice Statistics,,,,,,,,,,,,
Filename: iofjs10t01.csv,,,,,,,,,,,,
"Table 1. Suspects arrested for a federal criminal immigration offense, by federal law enforcement agency making arrest, 2010",,,,,,,,,,,,
"Report title: Immigration Offenders in the Federal Justice System, 2010  NCJ 238581",,,,,,,,,,,,
"Author: Mark Motivans, Ph.D.",,,,,,,,,,,,
Refer questions to askbjs@usdoj.gov or 202-307-0765,,,,,,,,,,,,
"Date of version: July 5,  2012",,,,,,,,,,,,
,,,,,,,,,,,,
"Table 1. Suspects arrested for a federal criminal immigration offense, by federal law enforcement agency making arrest, 2010",,,,,,,,,,,,
,,,,,District of arrest,,,,,,,
,,Total,,,Number,,,,Percent,,,
Federal law enforcement agency,,Number,Percent,,Southwest border,Non-Southwest border,All districts,,Southwest border,,Non-Southwest border,
,All agencies,"82,438",100,%,"74,119","8,319",100,%,89.9,%,10.1,%
Department of Homeland Security,,"80,839",98.1,%,"73,344","7,495",100,%,90.7,,9.3,
,Customs and Border Protection,"59,771",72.5,,"58,921",850,100,%,98.6,,1.4,
,Immigration and Customs Enforcement,"20,907",25.4,,"14,277","6,630",100,%,68.3,,31.7,
,Other DHS,161,0.2,,146,15,100,%,90.7,,9.3,
Department of Justice,,"1,507",1.8,%,728,779,100,%,48.3,,51.7,
,U.S. Marshals Service,"1,397",1.7,,682,715,100,%,48.8,,51.2,
,Other DOJ,110,0.1,,46,64,100,%,41.8,,58.2,
Other agencies,,92,0.1,%,47,45,100,%,51.1,,48.9,
"Source: U.S. Marshals Service, Prisoner Tracking System, fiscal year.",,,,,,,,,,,,
