Bureau of Justice Statistics,,,,
Filename: iofjs10f21.csv,,,,
"Figure 21. Average number of prior arrests for defendants charged in U.S. district court with an immigration offense, by type of offense, 2010",,,,
"Report title: Immigration Offenders in the Federal Justice System, 2010  NCJ 238581",,,,
"Author: Mark Motivans, Ph.D.",,,,
Refer questions to askbjs@usdoj.gov or 202-307-0765,,,,
"Date of version: July 5,  2012",,,,
,,,,
"Figure 21. Average number of prior arrests for defendants charged in U.S. district court with an immigration offense, by type of offense, 2010",,,,
,Alien smuggling,Entry,Reentry,Misuse visas
Total ,3.3,2.8,6.9,2.4
Misdemeanor ,2,2,4.3,1.8
Felony ,1.3,0.7,2.6,0.6
Note: Includes defendants charged with a felony or Class A misdemeanor immigration offense as the most serious charge.,,,,
* Includes fraud and misuse of visa and permits and other offenses including failure to depart from the U.S. following order of removal.,,,,
"Source: Administrative Office of the U.S. Courts, Probation and Pretrial Services Automated Case Tracking System (PACTS), fiscal year.",,,,
