Bureau of Justice Statistics,,
Filename: iofjs10f03.csv,,
"Figure 3. Number of civil proceedings in immigration court and criminal immigration proceedings in federal district court, 1996�2010",,
"Report title: Immigration Offenders in the Federal Justice System, 2010  NCJ 238581",,
"Author: Mark Motivans, Ph.D.",,
Refer questions to askbjs@usdoj.gov or 202-307-0765,,
"Date of version: July 5,  2012",,
,,
"Figure 3. Number of civil proceedings in immigration court and criminal immigration proceedings in federal district court, 1996�2010",,
,Removals,Returns
1994,"45,674","1,029,110"
1995,"50,924","1,313,760"
1996,"69,680","1,573,430"
1997,"114,432","1,440,680"
1998,"174,813","1,570,130"
1999,"183,114","1,574,860"
2000,"188,467","1,675,880"
2001,"189,026","1,349,370"
2002,"165,168","1,012,120"
2003,"211,098","945,294"
2004,"240,665","1,166,580"
2005,"246,431","1,096,920"
2006,"280,974","1,043,380"
2007,"319,382","891,390"
2008,"359,795","811,263"
2009,"395,165","586,164"
2010,"387,242","476,405"
Note: A removal is compulsory movement out of the U.S. based on an administrative order and places administrative and criminal consequences on future reentry into the U.S. A return is voluntary movement out of the U.S. with eligibility for reentry.,,
"Source: U.S. Department of Homeland Security, Yearbook of Immigration Statistics, fiscal year.",,
