Bureau of Justice Statistics,,,,,,,,,
Filename: iofjs10t08.csv,,,,,,,,,
"Table 8. Defendants detained prior to case disposition in U.S.district court, by offense type, citizenship, and judicial district, 2007 and 2010",,,,,,,,,
"Report title: Immigration Offenders in the Federal Justice System, 2010  NCJ 238581",,,,,,,,,
"Author: Mark Motivans, Ph.D.",,,,,,,,,
Refer questions to askbjs@usdoj.gov or 202-307-0765,,,,,,,,,
"Date of version: July 5,  2012",,,,,,,,,
,,,,,,,,,
"Table 8. Defendants detained prior to case disposition in U.S.district court, by offense type, citizenship, and judicial district, 2007 and 2010",,,,,,,,,
,,2007,,,2010,,,,
Offense/district,,Number,Percent,,Number,Percent,,"Average annual growth rate, 2007�2010a ",
Total,,"41,035",100,%,"48,143",100,%,5.6,%
,Violent,"1,715",4.2,,"1,803",3.8,,2.0,%
,Property,"2,822",6.9,,"2,625",5.5,,-1.9,
,Drug,"15,104",36.9,,"15,290",31.9,,0.5,
,Weapons,"4,641",11.3,,"4,586",9.6,,-0.4,
,Immigration,"15,289",37.3,,"21,567",45,,12.5,
,Public order,"1,418",3.5,,"2,025",4.2,,12.9,
aCalculated using each fiscal year count from 2007 through 2010. Percentages are based on records with nonmissing offense information.,,,,,,,,,
"Source: Administrative Office of the U.S. Courts, Probation and Pretrial Services Automated Case Tracking System (PACTS), fiscal year.",,,,,,,,,
