Bureau of Justice Statistics,,
Filename: iofjs10m7.csv,,
"Map 7. Federal felony filings per judge, by federal judicial district, 2010",,
"Report title: Immigration Offenders in the Federal Justice System, 2010  NCJ 238581",,
"Author: Mark Motivans, Ph.D.",,
Refer questions to askbjs@usdoj.gov or 202-307-0765,,
"Date of version: July 5,  2012",,
,,
"Map 7. Federal felony filings per judge, by federal judicial district, 2010",,
,,
Judicial district,Felony filings per judge,
Alabama Middle,69,
Alabama Northern,50,
Alabama Southern,136,
Alaska,62,
Arizona,475,
Arkansas Eastern,85,
Arkansas Western,122,
California Central,69,
California Eastern,201,
California Northern,64,
California Southern,425,
Colorado,101,
Connecticut,54,
Delaware,30,
District of Columbia,37,
Florida Northern,91,
Florida Southern,137,
Florida middle,114,
Georgia Middle,76,
Georgia Northern,71,
Georgia Southern,167,
Guam,26,
Hawaii,62,
Idaho,191,
Illinois Central,106,
Illinois Nothern,42,
Illinois Southern,81,
Indiana Northern,106,
Indiana Southern,75,
Iowa Northern,207,
Iowa Southern,126,
Kansas,107,
Kentucky Eastern,108,
Kentucky Western,94,
Louisiana Eastern,37,
Louisiana Middle,66,
Louisiana Western,48,
Maine,68,
Maryland,98,
Massachusetts,39,
Michigan Eastern,60,
Michigan Western,128,
Minnesota,69,
Mississippi Northern,71,
Mississippi Southern,59,
Missouri Eastern,123,
Missouri Western,124,
Montana,125,
Nebraska,218,
Nevada,117,
New Hampshire,77,
New Jersey,44,
New Mexico,531,
New York Eastern,82,
New York Northern,128,
New York Southern,62,
New York Western,206,
North Carolina Eastern,216,
North Carolina Middle,121,
North Carolina Western,101,
North Dakota,177,
Ohio Northern,63,
Ohio Southern,86,
Oklahoma Eastern,63,
Oklahoma Northern,61,
Oklahoma Western,66,
Oregon,130,
Pennsylvania Eastern,49,
Pennsylvania Middle,100,
Pennsylvania Western,49,
Puerto Rico,214,
Rhode Island,65,
South Carolina,118,
South Dakota,160,
Tennessee Eastern,184,
Tennessee Middle,103,
Tennessee Western,132,
Texas Eastern,149,
Texas Northern,92,
Texas Southern,485,
Texas Western,688,
Utah,192,
Vermont,127,
Virgin Islands,65,
Virginia Eastern,127,
Virginia Western,90,
Washington Eastern,115,
Washington Western,90,
West  Virginia Southern,61,
West Virginia Northern,105,
Wisconsin Eastern,101,
Wisconsin Western,100,
Wyoming,134,
"Source: Administrative Office of the U.S. Courts, Federal Court Management Statistics and criminal master file, fiscal year.",,
