Bureau of Justice Statistics,,
Filename: iofjs10f17.csv,,
"Figure 17. Nationality of immigration offenders charged in U.S. district court, 2010",,
"Report title: Immigration Offenders in the Federal Justice System, 2010  NCJ 238581",,
"Author: Mark Motivans, Ph.D.",,
Refer questions to askbjs@usdoj.gov or 202-307-0765,,
"Date of version: July 5,  2012",,
,,
"Figure 17. Nationality of immigration offenders charged in U.S. district court, 2010",,
,Percent,
Total,100,%
United States,6.6,
Africa,0.2,
Europe,0.3,
Asia and Oceania,0.5,
South America,1.2,
Central America,10.4,
Carribean,2.6,
Canada,0.1,
Mexico,78.3,
Note: Includes defendants charged with a felony or Class A misdemeanor immigration offense as the most serious charge.,,
"Source: Administrative Office of the U.S. Courts, Probation and Pretrial Services Automated Case Tracking System (PACTS), fiscal year.",,
