Bureau of Justice Statistics,,,,,,,,,,,
Filename: iofjs10t14.csv,,,,,,,,,,,
"Table 14. Immigration offenders returning to federal prison within 3 years of release from a U.S. district court commitment, 2007",,,,,,,,,,,
"Report title: Immigration Offenders in the Federal Justice System, 2010  NCJ 238581",,,,,,,,,,,
"Author: Mark Motivans, Ph.D.",,,,,,,,,,,
Refer questions to askbjs@usdoj.gov or 202-307-0765,,,,,,,,,,,
"Date of version: July 5,  2012",,,,,,,,,,,
,,,,,,,,,,,
"Table 14. Immigration offenders returning to federal prison within 3 years of release from a U.S. district court commitment, 2007",,,,,,,,,,,
,,,,Percent of offenders returned to federal prison,,,,,,,
,,,,,,,,Reason,,,
Characteristic,,,Number released,Total,,All reasons,,New offense,,Supervision violation,
,Total*,,"18,158",13.8,%,100,%,80.1,%,19.9,%
Original offense of conviction,,,,,,,,,,,
,Alien smuggling,,"2,768",18.6,%,100,%,37.6,%,62.4,%
,Unlawful entry or reentry,,"15,234",13,,100,%,91.2,,8.8,
,Misuse of visas and other,,156,6.4,,100,%,-,,-,
Age at release,,,,,,,,,,,
,18 to 20,,560,17,,100,%,72.6,,27.4,
,21 to 30,,"6,465",16.2,,100,%,78.6,,21.4,%
,31 to 40,,"6,948",12.3,,100,%,83.1,,16.9,
,41 to 50,,"3,308",12.8,,100,%,78.8,,21.2,
,51 to 60,,748,10.4,,100,%,80.8,,19.2,
,61 or older,,127,11,,100,%,85.7,,14.3,
Sex,,,,,,,,,,,
,Male,,"17,220",14.2,%,100,%,81,%,19,%
,Female,,938,7.7,,100,%,50,,50,
Citizenship,,,,,,,,,,,
,U.S. Citizen,,"1,336",27.5,%,100,%,17.4,%,82.6,%
,Non-U.S. citizen,,"16,822",12.8,,100,%,90.8,,9.2,
,,Mexico,"14,889",13.5,,100,%,91.2,,8.8,
,,El Salvador,359,9.5,,100,%,82.4,,17.6,
,,Guatemala,230,10,,100,%,87,,13,
,,Honduras,419,14.1,,100,%,86.4,,13.6,
,,Other,925,2.2,,100,%,80,,20,
Note: Describes offenders returning to federal prison following a release from a U.S. district court commitment. Offenders released following incarceration for supervision violations or CBP/ICE detentions are excluded.,,,,,,,,,,,
*Includes offenders for whom a specific characteristic was unknown).,,,,,,,,,,,
"Source: Federal Bureau of Prisons, SENTRY database, fiscal year.",,,,,,,,,,,
