Bureau of Justice Statistics,,,,,,,,
Filename: iofjs10f32.csv,,,,,,,,
"Figure 32. Characteristics of offenders under federal supervision, fiscal yearend 2010",,,,,,,,
"Report title: Immigration Offenders in the Federal Justice System, 2010  NCJ 238581",,,,,,,,
"Author: Mark Motivans, Ph.D.",,,,,,,,
Refer questions to askbjs@usdoj.gov or 202-307-0765,,,,,,,,
"Date of version: July 5,  2012",,,,,,,,
,,,,,,,,
"Figure 32. Characteristics of offenders under federal supervision, fiscal yearend 2010",,,,,,,,
,Alien smuggling,,Illegal entry,,Illegal reentry,,Misuse of visas,
Supervised release,84.9,%,1.5,%,6.8,%,6.8,%
Probation,66.5,,25,,0.4,,8.2,
"Source: Administrative Office of the U.S. Courts, Probation and Pretrial Services Automated Case Tracking System (PACTS), fiscal year",,,,,,,,
