Bureau of Justice Statistics,,,,,,
Filename: iofjs10f20.csv,,,,,,
"Figure 20. Median case processing time from filing to disposition for total immigration offenses, illegal reentry, and alien smuggling, 2002�2010",,,,,,
"Report title: Immigration Offenders in the Federal Justice System, 2010  NCJ 238581",,,,,,
"Author: Mark Motivans, Ph.D.",,,,,,
Refer questions to askbjs@usdoj.gov or 202-307-0765,,,,,,
"Date of version: July 5,  2012",,,,,,
,,,,,,
"Figure 20. Median case processing time from filing to disposition for total immigration offenses, illegal reentry, and alien smuggling, 2002�2010",,,,,,
,Total,,Alien smuggling,,Illegal reentry,
1998,93,days,124,days,92,days
1999,113,,131,,121,
2000,112,,131,,119,
2001,121,,135,,126,
2002,125,,134,,133,
2003,121,,132,,126,
2004,124,,141,,128,
2005,132,,146,,135,
2006,135,,142,,139,
2007,131,,140,,132,
2008,120,,138,,122,
2009,117,,138,,115,
2010,120,,147,,119,
"Note: Total includes alien smuggling, illegal reentry, and other immigration offenses (e.g., illegal entry and misuse of visa).",,,,,,
"Source: Administrative Office of the U.S. Courts, criminal master file, fiscal year.",,,,,,
