Bureau of Justice Statistics,
Filename: iofjs10m5.csv,
"Map 5. Number of Border Patrol officers, by Border Patrol sector, 2010",
"Report title: Immigration Offenders in the Federal Justice System, 2010  NCJ 238581",
"Author: Mark Motivans, Ph.D.",
Refer questions to askbjs@usdoj.gov or 202-307-0765,
"Date of version: July 5,  2012",
,
"Map 5. Number of Border Patrol officers, by Border Patrol sector, 2010",
,
Border Patrol Sector,Number of Border Patrol officers
"San Diego, CA"," 2,594 "
"El Centro, CA"," 1,181 "
"Yuma, AZ", 987 
"Tucson, AZ"," 3,353 "
"El Paso, TX"," 2,752 "
"Big Bend, TX", 672 
"Del Rio, TX"," 1,650 "
"Laredo, TX"," 1,858 "
"Rio Grande Valley, TX"," 2,441 "
"Blaine, WA", 327 
"Buffalo, NY", 320 
"Detroit, MI", 430 
"Grand Forks, ND", 213 
"Havre, MT", 221 
"Houlton, ME", 203 
"Miami, FL", 96 
"New Orleans, LA", 78 
"Ramey, PR", 72 
"Spokane, WA", 255 
"Swanton, VT", 294 
"Source: Department of Homeland Security, 2010 Yearbook of Immigration Statistics.",
