Bureau of Justice Statistics,,,,,,,,
Filename: iofjs10t10.csv,,,,,,,,
"Table 10. Length of term imposed on immigration defendants sentenced to prison, by type of offense and district, 2002, 2006, and 2010",,,,,,,,
"Report title: Immigration Offenders in the Federal Justice System, 2010  NCJ 238581",,,,,,,,
"Author: Mark Motivans, Ph.D.",,,,,,,,
Refer questions to askbjs@usdoj.gov or 202-307-0765,,,,,,,,
"Date of version: July 5,  2012",,,,,,,,
,,,,,,,,
"Table 10. Length of term imposed on immigration defendants sentenced to prison, by type of offense and district, 2002, 2006, and 2010",,,,,,,,
,,,Median sentence length imposed on immigration defendants sentenced to prison,,,,,
Most serious offense at termination,,,2002,,2006,,2010,
All offenses,,,24, mo,21, mo,15, mo
,Felonies,,24,,21,,15,
,,Alien smuggling,13,,15,,15,
,,Illegal entry,24,,24,,18,
,,Illegal reentry,28,,24,,15,
,,Misuse visas/other*,6,,5,,3,
,Misdemeanors,,3, mo.,5, mo.,4, mo.
Southwest border district,,,21, mo.,18, mo.,13, mo.
,California Southern,,24,,21,,15,
,Arizona,,27,,30,,24,
,New Mexico,,8,,8,,2,
,Texas Western,,24,,18,,12,
,Texas Southern,,18,,18,,15,
Non-Southwest border district,,,30, mo.,27, mo.,24, mo.
*Includes fraud and misuse of visa and permits and other offenses including failure to depart from the U.S. following order of removal.,,,,,,,,
"Source: Administrative Office of the U.S. Courts, criminal master file, fiscal year.",,,,,,,,
