Bureau of Justice Statistics,,,,
Filename: iofjs10f04.csv,,,,
"Figure 4. Immigration offenders as a percent of total federal criminal caseload, by stage, 2000 and 2010",,,,
"Report title: Immigration Offenders in the Federal Justice System, 2010  NCJ 238581",,,,
"Author: Mark Motivans, Ph.D.",,,,
Refer questions to askbjs@usdoj.gov or 202-307-0765,,,,
"Date of version: July 5,  2012",,,,
,,,,
"Figure 4. Immigration offenders as a percent of total federal criminal caseload, by stage, 2000 and 2010",,,,
,Percent,,,
,FY2000,,FY2010,
Suspects arrested and booked,21.8,%,45.3,%
Suspects investigated,13.4,,43.3,
Suspects prosecuted,18.4,,32.8,
Defendants convicted,17.5,,30.4,
Defendants sentenced to prison,20.2,,32,
Offenders admitted to federal prison,18.7,,28.8,
Offenders admitted to supervision,3.4,,8.3,
"Source: U.S. Marshals Service, Prisoner Tracking System (PTS); Executive Office for U.S. Attorneys, National LIONS data base; Administrative Office of the U.S. Courts, criminal master file; Federal Bureau of Prisons, SENTRY data base; and Administrative Office of the U.S. Courts, FPSIS data base, fiscal years 2000 and 2010.",,,,
