Bureau of Justice Statistics,
Filename: iofjs10f11.csv,
"Figure 11. Federal immigration suspects referred to U.S. attorneys, 1992�2010",
"Report title: Immigration Offenders in the Federal Justice System, 2010  NCJ 238581",
"Author: Mark Motivans, Ph.D.",
Refer questions to askbjs@usdoj.gov or 202-307-0765,
"Date of version: July 5,  2012",
,
"Figure 11. Federal immigration suspects referred to U.S. attorneys, 1992�2010",
Fiscal year,Number of suspects
1992,"6,470"
1993,"5,934"
1994,"5,526"
1995,"7,256"
1996,"7,122"
1997,"9,366"
1998,"14,144"
1999,"15,539"
2000,"16,495"
2001,"15,378"
2002,"16,699"
2003,"20,341"
2004,"35,858"
2005,"35,109"
2006,"34,894"
2007,"37,691"
2008,"78,986"
2009,"85,950"
2010,"84,606"
Note: Includes matter with an immigration offense as the lead charge.,
"Source: Executive Office for U.S. Attorneys, National LIONS data base, fiscal year.",
