Bureau of Justice Statistics,,
Filename: iofjs10f09.csv,,
"Figure 9. Number of suspects arrested for a federal criminal immigration offense, by age and sex of suspect, 2010",,
"Report title: Immigration Offenders in the Federal Justice System, 2010  NCJ 238581",,
"Author: Mark Motivans, Ph.D.",,
Refer questions to askbjs@usdoj.gov or 202-307-0765,,
"Date of version: July 5,  2012",,
,,
"Figure 9. Number of suspects arrested for a federal criminal immigration offense, by age and sex of suspect, 2010",,
Age,Male,Female
<18,46,4
18-24,"18,926","2,661"
25-34,"30,939","3,205"
35-44,"17,449","1,812"
45-54,"5,530",629
55+,"1,066",146
"Note: Males totaled 73,955 and females totaled 8,457. For 24 apprehensions, the suspect�s sex was unknown.",,
"Source: U.S. Marshals Service, Prisoner Tracking System, fiscal year.",,
