"Bureau of Justice Statistics",,,,,,,,,,,,,,,,,,,,
"filename: lemas00t1b.csv",,,,,,,,,,,,,,,,,,,,
"Table 1b.  Number of full-time employees, sworn personnel, officers responding to calls, and percent change in number of full-time employees since 1996 in State law enforcement agencies, 2000",,,,,,,,,,,,,,,,,,,,
"Report title: Law Enforcement Management and Administrative Statistics, 2000:  Data for Individual State and Local Agencies with 100 or More Officers  NCJ 203350",,,,,,,,,,,,,,,,,,,,
"data source: 2000 LEMAS survey",,,,,,,,,,,,,,,,,,,,
"authors:  Brian A. Reaves and Matthew J. Hickman",,,,,,,,,,,,,,,,,,,,
"refer questions to: askbjs@ojp.usdoj.gov (202)307-0765",,,,,,,,,,,,,,,,,,,,
"date of version:  3/02/04",,,,,,,,,,,,,,,,,,,,
,,,,,,,,,,,,,,,,,,,,
"Table 1b.  Number of full-time employees, sworn personnel, officers responding to calls, and percent change in number of full-time employees since 1996 in State law enforcement agencies, 2000",,,,,,,,,,,,,,,,,,,,
,,,,,,,,,,,,,,,,,,,,
," Full-time employees, 2000",,,,,,,,,,,,,,,,,,,
,,,"   Sworn officers",,,,"Officers assigned to respond to calls",,,,,,,,"Pecent change in employees, 1996-2000",,,,,
"County","   Total",,"Number",,"Percent",,"Number",,"Percent",,"State population",,"Officers per 10,000 residents",,"   Total",," Sworn",,"Civilian",
,,,,,,,,,,,,,,,,,,,,
"Alabama Department of Public Safety",1201,,628,,52,"%",437,,70,"%",4447100,,14,,1,"%",8,"%",(6),"%"
"Alaska State Troopers",409,,232,,57,,155,,67,,626932,,37,,(9),,(20),,12,
"Arizona Department of Public Safety",1872,,1050,,56,,782,,74,,5130632,,20,,12,,10,,14,
"Arkansas State Police",913,,559,,61,,330,,59,,2673400,,21,,28,,7,,86,
"California Highway Patrol",9706,,6678,,69,,6046,,91,,33871648,,20,,6,,7,,4,
"Colorado State Patrol",909,,654,,72,,500,,76,,4301261,,15,,13,,13,,12,
"Connecticut State Police",1692,,1135,,67,,585,,52,,3405565,,33,,9,,11,,6,
"Delaware State Police",827,,580,,70,,280,,48,,783600,,74,,9,,7,,12,
"Florida Highway Patrol",2138,,1658,,78,,1539,,93,,15982378,,10,,(3),,(5),,3,
"Georgia State Patrol",1785,,786,,44,,650,,83,,8186453,,10,,(38),,(10),,(50),
,,,,,,,,,,,,,,,,,,,,
"Idaho State Police",510,,292,,57,,258,,88,,1293953,,23,,94,,52,,207,
"Illinois State Police",3792,,2089,,55,,939,,45,,12419293,,17,,6,,5,,7,
"Indiana State Police",1941,,1278,,66,,570,,45,,6080485,,21,,3,,6,,(2),
"Iowa State Patrol",599,,455,,76,,443,,97,,2926324,,16,,28,,5,,311,
"Kansas Highway Patrol",694,,457,,66,,457,,100,,2688418,,17,,(8),,(17),,17,
"Kentucky State Police",1670,,937,,56,,481,,51,,4041769,,23,,(1),,(5),,5,
"Louisiana State Police",1438,,934,,65,,542,,58,,4468976,,21,,17,,7,,43,
"Maine State Police",495,,325,,66,,225,,69,,1274923,,25,,4,,(4),,24,
"Maryland State Police",2328,,1575,,68,,1575,,100,,5296486,,30,,(4),,(3),,(6),
"Massachusetts State Police",2590,,2221,,86,,2221,,100,,6349097,,35,,(10),,(13),,15,
,,,,,,,,,,,,,,,,,,,,
"Michigan State Police",3189,,2102,,66,,1310,,62,,9938444,,21,,2,,(3),,12,
"Minnesota State Patrol",791,,548,,69,,469,,86,,4919479,,11,,13,,13,,11,
"Mississippi Highway Safety Patrol",1031,,532,,52,,332,,62,,2844658,,19,,32,,(1),,102,
"Missouri State Highway Patrol",2170,,1080,,50,,753,,70,,5595211,,21,,4,,8,,0,
"Montana Highway Patrol",280,,205,,73,,175,,85,,902195,,23,,1,,(3),,15,
"Nebraska State Patrol",640,,462,,72,,382,,83,,1711263,,27,,0,,0,,2,
"Nevada Highway Patrol",597,,414,,69,,414,,100,,1998257,,21,,14,,10,,22,
"New Hampshire State Police",389,,315,,81,,237,,75,,1235786,,25,,17,,29,,(16),
"New Jersey State Police",3682,,2569,,70,,1297,,50,,8414350,,21,,1,,(5),,18,
"New Mexico State Police",649,,525,,81,,350,,67,,1819046,,29,,(22),,21,,(68),
,,,,,,,,,,,,,,,,,,,,
"New York State Police",4948,,4112,,83,,2439,,59,,18976457,,22,,6,,4,,21,
"North Carolina State Highway Patrol",1810,,1416,,78,,1133,,80,,8049313,,18,,3,,3,,6,
"North Dakota Highway Patrol",193,,126,,65,,92,,73,,642200,,20,,4,,5,,2,
"Ohio State Highway Patrol",2552,,1382,,54,,1151,,83,,11353140,,12,,7,,(1),,17,
"Oklahoma Highway Patrol",1420,,782,,55,,555,,71,,3450654,,23,,6,,3,,10,
"Oregon State Police",1409,,826,,59,,450,,54,,3421399,,24,,13,,0,,39,
"Pennsylvania State Police",5694,,4152,,73,,2854,,69,,12281054,,34,,7,,1,,30,
"Rhode Island State Police",268,,221,,82,,148,,67,,1048319,,21,,14,,15,,9,
"South Carolina Highway Patrol",1220,,977,,80,,977,,100,,4012012,,24,,11,,10,,15,
"South Dakota Highway Patrol",233,,153,,66,,0,,0,,754844,,20,,2,,(1),,8,
,,,,,,,,,,,,,,,,,,,,
"Tennessee Department of Safety",1715,,899,,52,,800,,89,,5689283,,16,,10,,17,,3,
"Texas Department of Public Safety",7025,,3119,,44,,1880,,60,,20851820,,15,,4,,9,,1,
"Utah Highway Patrol",441,,397,,90,,257,,65,,2233169,,18,,10,,12,,(6),
"Vermont State Police",513,,304,,59,,239,,79,,608827,,50,,15,,5,,35,
"Virginia State Police",2511,,1883,,75,,1464,,78,,7078515,,27,,12,,13,,7,
"Washington State Patrol",2145,,987,,46,,689,,70,,5894121,,17,,4,,9,,0,
"West Virginia State Police",1044,,681,,65,,502,,74,,1808344,,38,,15,,14,,15,
"Wisconsin State Patrol",665,,508,,76,,340,,67,,5363675,,9,,(2),,2,,(14),
"Wyoming Highway Patrol",295,,148,,50,,133,,90,,493782,,30,,(2),,(2),,(2),
,,,,,,,,,,,,,,,,,,,,
"Note:  Personnel data are for the pay period that included June 30, 2000.  Population data are Bureau of the Census figures for April 1, 2000. Number of officers per 10,000 residents excludes part-time employees.  Numbers in parentheses ",,,,,,,,,,,,,,,,,,,,
"indicate a negative percent change in number of employees. ",,,,,,,,,,,,,,,,,,,,
