"Bureau of Justice Statistics",,,,,,,,,,,,,,,,,,,
"filename: lemas00t3b.csv",,,,,,,,,,,,,,,,,,,
"Table 3b.  Gender, race, and ethnicity of full-time sworn personnel in State law enforcement agencies, 2000",,,,,,,,,,,,,,,,,,,
"Report title: Law Enforcement Management and Administrative Statistics, 2000:  Data for Individual State and Local Agencies with 100 or More Officers  NCJ 203350",,,,,,,,,,,,,,,,,,,
"data source: 2000 LEMAS survey",,,,,,,,,,,,,,,,,,,
"authors:  Brian A. Reaves and Matthew J. Hickman",,,,,,,,,,,,,,,,,,,
"refer questions to: askbjs@ojp.usdoj.gov (202)307-0765",,,,,,,,,,,,,,,,,,,
"date of version:  3/02/04",,,,,,,,,,,,,,,,,,,
,,,,,,,,,,,,,,,,,,,
"Table 3b.  Gender, race, and ethnicity of full-time sworn personnel in State law enforcement agencies, 2000",,,,,,,,,,,,,,,,,,,
,,,,,,,,,,,,,,,,,,,
,"Percent of full-time sworn personnel",,,,,,,,"Percent of full-time sworn personnel",,,,,,," ",,,
"Name of agency","Female",,"Male",,,"African American or Black",,"American Indian",,"Asian",,"Hawaiian/Pacific Islander",,"Hispanic, any race",,"White",,"Other race",
,,,,,,,,,,,,,,,,," ",,
"Alabama Department of Public Safety",3,"%",97,"%",,28,"%",0,"%",0,"%",0,"%",0,"%",72,"%",0,"%"
"Alaska State Troopers",8,,92,,,6,,9,,3,,0,,4,,78,,0,
"Arizona Department of Public Safety",8,,92,,,1,,2,,1,,0,,14,,82,,0,
"Arkansas State Police",6,,94,,,15,,0,,0,,0,,1,,84,,0,
"California Highway Patrol",9,,91,,,4,,0,,3,,0,,15,,76,,0,
"Colorado State Patrol",5,,95,,,1,,1,,1,,0,,8,,89,,0,
"Connecticut State Police",7,,93,,,7,,1,,0,,0,,6,,86,,0,
"Delaware State Police",10,,90,,,9,,1,,1,,0,,2,,87,,0,
"Florida Highway Patrol",10,,90,,,14,,0,,1,,0,,10,,75,,0,
"Georgia State Patrol",3,,97,,,15,,0,,0,,0,,1,,84,,0,
,,,,,,,,,,,,,,,,,,,
"Idaho State Police",5,,95,,,0,,1,,0,,0,,4,,95,,0,
"Illinois State Police",9,,91,,,13,,0,,1,,0,,6,,80,,0,
"Indiana State Police",5,,95,,,7,,0,,0,,0,,1,,91,,0,
"Iowa State Patrol",3,,97,,,1,,0,,0,,0,,2,,97,,0,
"Kansas Highway Patrol",3,,97,,,3,,1,,0,,0,,2,,95,,0,
"Kentucky State Police",3,,97,,,3,,0,,1,,0,,0,,96,,0,
"Louisiana State Police",3,,97,,,14,,1,,0,,0,,0,,85,,0,
"Maine State Police",5,,95,,,0,,0,,0,,0,,0,,99,,0,
"Maryland State Police",10,,90,,,19,,0,,1,,0,,2,,79,,0,
"Massachusetts State Police",9,,91,,,11,,0,,0,,0,,0,,89,,0,
,,,,,,,,,,,,,,,,,,,
"Michigan State Police",12,,88,,,10,,2,,0,,0,,4,,84,,0,
"Minnesota State Patrol",8,,92,,,1,,1,,0,,0,,1,,97,,0,
"Mississippi Highway Safety Patrol",2,,99,,,31,,0,,0,,0,,0,,69,,0,
"Missouri State Highway Patrol",4,,96,,,6,,2,,0,,1,,1,,90,,0,
"Montana Highway Patrol",7,,93,,,0,,1,,0,,0,,0,,99,,0,
"Nebraska State Patrol",3,,97,,,1,,0,,0,,0,,2,,97,,0,
"Nevada Highway Patrol",6,,94,,,3,,0,,3,,0,,5,,89,,0,
"New Hampshire State Police",9,,91,,,0,,0,,0,,0,,0,,99,,0,
"New Jersey State Police",3,,97,,,8,,1,,1,,0,,5,,85,,0,
"New Mexico State Police",3,,97,,,0,,3,,0,,0,,40,,56,,0,
,,,,,,,,,,,,,,,,,,,
"New York State Police",8,,92,,,10,,0,,0,,0,,7,,83,,0,
"North Carolina State Highway Patrol",2,,98,,,15,,2,,0,,0,,0,,83,,0,
"North Dakota Highway Patrol",6,,94,,,0,,1,,0,,0,,2,,98,,0,
"Ohio State Highway Patrol",9,,91,,,11,,0,,0,,0,,3,,84,,2,
"Oklahoma Highway Patrol",4,,96,,,6,,9,,0,,0,,2,,83,,0,
"Oregon State Police",9,,91,,,1,,2,,2,,0,,3,,92,,0,
"Pennsylvania State Police",4,,96,,,9,,0,,1,,0,,2,,88,,0,
"Rhode Island State Police",8,,92,,,5,,0,,0,,0,,0,,95,,0,
"South Carolina Highway Patrol",3,,97,,,14,,0,,0,,0,,1,,85,,0,
"South Dakota Highway Patrol",1,,99,,,1,,2,,0,,0,,0,,97,,0,
,,,,,,,,,,,,,,,,,,,
"Tennessee Department of Safety",5,,95,,,10,,0,,0,,0,,0,,89,,1,
"Texas Department of Public Safety",5,,95,,,11,,1,,0,,0,,22,,66,,0,
"Utah Highway Patrol",4,,96,,,0,,1,,2,,0,,2,,95,,0,
"Vermont State Police",7,,93,,,1,,0,,0,,0,,0,,99,,0,
"Virginia State Police",4,,96,,,7,,0,,0,,0,,1,,92,,1,
"Washington State Patrol",7,,93,,,4,,2,,3,,0,,2,,89,,0,
"West Virginia State Police",3,,98,,,2,,0,,0,,0,,1,,97,,0,
"Wisconsin State Patrol",14,,86,,,3,,2,,1,,0,,2,,92,,0,
"Wyoming Highway Patrol",2,,98,,,1,,0,,0,,0,,0,,99,,0,
,,,,,,,,,,,,,,,,,,,
"Note:  Personnel data are for the pay period that included June 30, 2000.   American Indian category includes Alaska Natives.   African American/Black and White categories exclude Hispanics.  ",,,,,,,,,,,,,,,,,,,
"Detail may not add to 100% because of rounding.",,,,,,,,,,,,,,,,,,,
"",,,,,,,,,,,,,,,,,,,
"",,,,,,,,,,,,,,,,,,,
