Bureau of Justice Statistics,,,
Filename: htdca21f03.csv,,,
"Figure 3. Human-trafficking suspects referred to and prosecuted by U.S. attorneys and human-trafficking defendants convicted, 2011�2019",,,
"Report title: Human Trafficking Data Collection Activities, 2021   NCJ 302732",,,
"Data source: Bureau of Justice Statistics, based on data from the Executive Office for U.S. Attorneys, National Legal Information Office Network System and Administrative Office of the U.S. Courts, Criminal Master File, fiscal years 2011-2019",,,
"Authors: Amy D. Lauger and Matthew R. Durose, BJS Statisticians",,,
Refer questions to: askbjs@usdoj.gov 202-307-0765,,,
Date of version: 10/28/2021,,,
,,,
"Figure 3. Human-trafficking suspects referred to and prosecuted by U.S. attorneys and human-trafficking defendants convicted, 2011�2019",,,
,Number of suspects and defendants,,
,Suspects referred/a,Suspects prosecuted/a,Defendants convicted/b
2011,"1,360",729,464
2012,"1,519",805,578
2013,"1,893","1,030",616
2014,"1,619","1,051",725
2015,"1,923","1,049",769
2016,"1,974","1,093",771
2017,"1,926","1,163",790
2018,"1,920","1,107",777
2019,"2,091","1,235",837
Note: See table 1 for counts.,,,
"a/Includes suspects in matters whose lead charge was a human-trafficking crime under a substantive federal statute or program category. The lead charge is the primary basis for referring the matter to a U.S. attorney and is usually, but not always, the charge with the greatest possible sentence. ",,,
"b/Includes defendants in cases where the most serious charge was a human-trafficking crime under a substantive federal statute. Includes felony defendants, Class A misdemeanants in cases handled by U.S. district judges or U.S. magistrates, and other misdemeanants in cases handled by U.S. district judges. The most serious offense is the one with the greatest statutory-maximum sentence at case termination, as determined by court personnel. Defendants in more than one case are counted separately.",,,
"Source: Bureau of Justice Statistics, based on data from the Executive Office for U.S. Attorneys, National Legal Information Office Network System and Administrative Office of the U.S. Courts, Criminal Master File, fiscal years 2011-2019.",,,
