"Bureau of Justice Statistics",,,,,,,,,,,,,,,,,,,
"filename:  ncrp9910.csv",,,,,,,,,,,,,,,,,,,
"NCRP9910 - First releases from State prison, 1999:  Sentence length and time served in prison, by offense and gender",,,,,,,,,,,,,,,,,,,
"data source:  National Corrections Reporting Program, 1999",,,,,,,,,,,,,,,,,,,
"author:  Timothy Hughes",,,,,,,,,,,,,,,,,,,
"refer questions to:  askbjs@ojp.usdoj.gov   202-307-0765",,,,,,,,,,,,,,,,,,,
"date of version 01/07/02",,,,,,,,,,,,,,,,,,,
,,,,,,,,,,,,,,,,,,,
,,,,,,,,,,,,,,,,,,,
,,,,,,,,"First releases from State prison",,,,,,,,,,,
,,,,"Male",,,,,,,,,,"Female",,,,,
,,,,,,,,,,,,,,,,,,,
"Most serious","Maximum sentence length",,,,,"Time served in prison",,,,,"Maximum sentence length",,,,,"Time served in prison",,,
"offense","Median\1",," Mean\2",,,"Median",,"  Mean",,,"Median\1",," Mean\2",,,"Median",,"  Mean",
,,,,,,,,,,,,,,,,,,,
"         All offenses",48,"mos.",66,"mos.",,18,"mos.",29,"mos.",,36,"mos.",51,"mos.",,13,"mos.",19,"mos."
,,,,,,,,,,,,,,,,,,,
"Violent offenses",60,"mos.",87,"mos.",,31,"mos.",45,"mos.",,48,"mos.",71,"mos.",,22,"mos.",32,"mos."
"   Homicide",120,,154,,,63,,77,,,120,,133,,,49,,60,
"      Murder/nonnegligent manslaughter",180,,202,,,87,,100,,,165,,170,,,67,,77,
"         Murder",216,,220,,,91,,106,,,180,,184,,,70,,82,
"         Nonnegligent manslaughter",132,,148,,,72,,82,,,126,,144,,,62,,68,
"      Negligent manslaughter",78,,100,,,40,,49,,,72,,94,,,30,,41,
"      Unspecified homicide",60,,79,,,23,,37,,,"- -",,"- -",,,"- -",,"- -",
"   Kidnaping",60,,96,,,32,,49,,,60,,74,,,23,,34,
"   Rape",96,,121,,,59,,72,,,68,,84,,,38,,45,
"   Other sexual assault",60,,76,,,31,,41,,,60,,67,,,28,,38,
"   Robbery",72,,99,,,36,,48,,,48,,72,,,21,,30,
"   Assault",40,,61,,,22,,32,,,36,,52,,,18,,24,
"   Other violent",36,,47,,,16,,22,,,36,,47,,,17,,21,
,,,,,,,,,,,,,,,,,,,
"Property offenses",36,"mos.",60,"mos.",,16,"mos.",25,"mos.",,32,"mos.",44,"mos.",,11,"mos.",16,"mos."
"   Burglary",48,,75,,,20,,30,,,36,,55,,,13,,20,
"   Larceny/theft",36,,46,,,13,,20,,,24,,40,,,11,,15,
"   Motor vehicle theft",32,,43,,,13,,19,,,24,,33,,,11,,14,
"   Arson",60,,82,,,25,,34,,,48,,69,,,19,,25,
"   Fraud",36,,50,,,13,,20,,,36,,44,,,11,,16,
"   Stolen property",36,,43,,,13,,19,,,24,,31,,,10,,13,
"   Other property",36,,44,,,11,,17,,,36,,44,,,12,,14,
,,,,,,,,,,,,,,,,,,,
"Drug offenses",36,"mos.",60,"mos.",,16,"mos.",22,"mos.",,36,"mos.",51,"mos.",,12,"mos.",17,"mos."
"   Possession",36,,57,,,13,,21,,,36,,49,,,11,,16,
"   Trafficking",48,,64,,,18,,24,,,36,,56,,,14,,19,
"   Other/unspecified drug",36,,51,,,14,,20,,,24,,43,,,11,,15,
,,,,,,,,,,,,,,,,,,,
"Public-order offenses",36,"mos.",42,"mos.",,13,"mos.",19,"mos.",,30,"mos.",39,"mos.",,12,"mos.",16,"mos."
"   Weapons",36,,41,,,15,,20,,,33,,41,,,12,,17,
"   Driving while intoxicated",30,,39,,,12,,16,,,24,,38,,,11,,13,
"   Other public-order",36,,45,,,14,,22,,,24,,40,,,12,,18,
,,,,,,,,,,,,,,,,,,,
"Other offenses",48,"mos.",61,"mos.",,15,"mos.",23,"mos.",,36,"mos.",50,"mos.",,12,"mos.",18,"mos."
,,,,,,,,,,,,,,,,,,,
"         Number of releases",," ",204029,,," "," ",204029,,,," ",24179,,," "," ",24179,
,,,,,,,,,,,,,,,,,,,
" - -No statistic was calculated because there were",,,,,,,,,,,,,,,,,,,
"fewer than 10 cases. ",,,,,,,,,,,,,,,,,,,
"Note:  Data are based on all first releases with",,,,,,,,,,,,,,,,,,,
"a total sentence of more than a year for whom ",,,,,,,,,,,,,,,,,,,
"the most serious offense, sentence length, time",,,,,,,,,,,,,,,,,,,
"served in prison, and gender were reported.  ",,,,,,,,,,,,,,,,,,,
"1\Includes sentences of life without parole,",,,,,,,,,,,,,,,,,,,
"life plus additional years, life, and death.",,,,,,,,,,,,,,,,,,,
"2\Excludes sentences of life without parole,",,,,,,,,,,,,,,,,,,,
"life plus additional years, life, and death. ",,,,,,,,,,,,,,,,,,,
