"Bureau of Justice Statistics",,,,,,,,
"Filename:rcp0007.csv",,,,,,,,
"Table 7.  Reporting to the police and the presence of a weapon during violent crimes, 1992-2000",,,,,,,,
"Title of Report:  Reporting Crime to the Police, 1992-2000, NCJ 195710",,,,,,,,
"Data source:  National Crime Victimization Survey",,,,,,,,
"Authors:  Timothy C. Hart and Callie Rennison, Ph.D.",,,,,,,,
"Refer questions to:   (202) 307-0765 or askbjs@ojp.usdoj.gov",,,,,,,,
"Date version:  1/3/03",,,,,,,,
,,,,,,,,
"Table 7.  Reporting to the police and the presence of a weapon during violent crimes, 1992-2000",,,,,,,,
,,,,,,,,
,"Percent reported to the police",,,,,,,
"Weapon presence"," All",,"Rape/sexual assault",," Robbery",," Assault",
,,,,,,,,
"No weapon",38,"%",28,"%",51,"%",38,"%"
"Weapon",56,,49,,63,,54,
"  Firearm",65,,62,,70,,63,
"  Knife",50,,42,,48,,51,
"  Other ",51,,32,"*",62,,50,
"  Type unknown",51,,53,"*",69,,47,
"Don't know",42,,42,,48,,40,
"*Based on 10 or fewer sample cases.",,,,,,,,
