"Bureau of Justice Statistics",,,,,,,,,,,,
"Filename:rcp0008.csv",,,,,,,,,,,,
"Table 8.  Reasons why violence was reported to the police, by type of crime, 1992-2000",,,,,,,,,,,,
"Title of Report:  Reporting Crime to the Police, 1992-2000, NCJ 195710",,,,,,,,,,,,
"Data source:  National Crime Victimization Survey",,,,,,,,,,,,
"Authors:  Timothy C. Hart and Callie Rennison, Ph.D.",,,,,,,,,,,,
"Refer questions to:   (202) 307-0765 or askbjs@ojp.usdoj.gov",,,,,,,,,,,,
"Date version:  1/3/03",,,,,,,,,,,,
,,,,,,,,,,,,
"Table 8.  Reasons why violence was reported to the police, by type of crime,  1992-2000",,,,,,,,,,,,
,,,,,,,,,,,,
"                                 ","Percent of reasons why violence was reported to the police",,,,,,,,,,,
,"Violent crimes",,,,,,,,,,,
,"All",,"Rape/sexual assault",,"Robbery",,"Aggravated assault",," Simple assault",,"Serious violent crime/a",
"Reasons for reporting",,,,,,,,,,,,
" ",,,,,,,,,,,,
"Prevent future violence",19,"%",19,"%",11,"%",18,"%",22,"%",15,"%"
"Stop offender",17,,17,,9,,15,,21,,13,
"Protect others",9,,15,,8,,11,,8,,10,
"A duty to tell police",6,,5,,6,,7,,5,,6,
"Punish offender",8,"%",12,"%",7,"%",8,"%",7,"%",8,"%"
"Catch offender",5,,5,,10,,7,,3,,8,
"Recover property",4,,1,"*",16,,1,,1,,7,
"Improve police surveillance",3,,4,,4,,3,,2,,4,
"Needed assistance ",2,"%",4,"%",2,"%",2,"%",1,"%",2,"%"
"Collect insurance",1,,0,"*",1,,1,,1,,1,
"Other reason",7,,6,,4,,7,,9,,5,
"No other reason",20,,14,,22,,20,,20,,20,
"*Based on 10 or fewer sample cases.   ",,,,,,,,,,,,
"a/Includes rape, sexual assault, robbery, and aggravated assault.",,,,,,,,,,,,
