"Bureau of Justice Statistics",,,,,,,,,,,,
"Filename:rcp0006.csv",,,,,,,,,,,,
"Table 6.  Violent victimizations reported to the police, by characteristics of the offender, 1992-2000",,,,,,,,,,,,
"Title of Report:  Reporting Crime to the Police, 1992-2000, NCJ 195710",,,,,,,,,,,,
"Data source:  National Crime Victimization Survey",,,,,,,,,,,,
"Authors:  Timothy C. Hart and Callie Rennison, Ph.D.",,,,,,,,,,,,
"Refer questions to:   (202) 307-0765 or askbjs@ojp.usdoj.gov",,,,,,,,,,,,
"Date version:  1/3/03",,,,,,,,,,,,
,,,,,,,,,,,,
"Table 6.  Violent victimizations reported to the police, by characteristics of the offender, 1992-2000",,,,,,,,,,,,
,,,,,,,,,,,,
,"Percent of violent victimizations reported to the police",,,,,,,,,,,
,"Violent crimes",,,,,,,,,,,
"Characteristic  of offender"," All",,"Rape/sexual assault",," Robbery",,"Aggravated assault",,"Simple assault",,"Serious violent crime/a",
,,,,,,,,,,,,
"Relationship to victim",,,,,,,,,,,,
"  Nonstranger",41,"%",27,"%",59,"%",55,"%",37,"%",51,"%"
"    Intimate",54,,24,,72,,63,,53,,55,
"    Other relative",50,,48,,53,,61,,47,,57,
"    Friend/acquaintance",36,,27,,55,,52,,31,,48,
"  Stranger",45,,41,,56,,55,,39,,55,
"  Don't know relationship",43,,39,"*",62,,53,,32,,55,
"Gang membership",,,,,,,,,,,,
"  Gang member",46,"%",34,"%",46,"%",57,"%",39,"%",53,"%"
"  Not a gang member",43,,28,,59,,55,,40,,51,
"  Don't know",43,,41,,57,,53,,34,,54,
"Drug/alcohol use",,,,,,,,,,,,
"  Using drugs/alcohol",51,"%",32,"%",58,"%",60,"%",48,"%",55,"%"
"  Not using drugs/alcohol",33,,23,,50,,47,,30,,43,
"  Don't know",45,,39,,58,,55,,37,,55,
"Note:  Offender characteristics are based on the victim's perception.   ",,,,,,,,,,,,
"*Based on 10 or fewer sample cases. ",,,,,,,,,,,,
"a/Includes rape, sexual assault, robbery, and aggravated assault.",,,,,,,,,,,,
