"Bureau of Justice Statistics",,,
"Filename:rcp0001.csv",,,
"Table 1.  Number and percent of crimes reported to the police, 2000",,,
"Title of Report:  Reporting Crime to the Police, 1992-2000, NCJ 195710",,,
"Data source:  National Crime Victimization Survey",,,
"Authors:  Timothy C. Hart and Callie Rennison, Ph.D.",,,
"Refer questions to:   (202) 307-0765 or askbjs@ojp.usdoj.gov",,,
"Date version:  1/3/03",,,
,,,
,,,
"Table 1.  Number and percent of crimes reported to the police, 2000",,,
,,,
"Type of crime","Total of  all crimes ","Percent reported",
,,,
"Violent, personal  and property crime"," 25,354,780",39,"%"
"Serious violence/a",2199420,57,"%"
"Total violent crime",6172250,49,"%"
"  Rape/sexual assault",254870,48,"%"
"  Robbery",737830,60,"%"
"    Completed",478230,68,
"    Attempted",259610,46,
"  Aggravated assault",1206710,58,"%"
"  Simple assault",3972830,44,"%"
"  Total personal theft",276080,36,"%"
"    Purse snatching",64440,62,"%"
"      Completed ",55290,67,
"      Attempted ",9150,28,"*"
"  Pocket picking",211640,28,"%"
"Total property crime",18906450,36,"%"
"  Household burglary",3325290,53,"%"
"    Completed",2844490,54,
"      Forcible entry",1049490,77,
"      Unlawful entry without force"," 1,795,000",41,
"    Attempted forcible entry"," 480,800",43,
"  Motor vehicle theft",947870,81,"%"
"    Completed",658330,92,
"    Attempted",289540,57,
"  Theft",14633290,29,"%"
"    Completed",14084990,29,
"    Attempted",548300,37,
"*Based on 10 or fewer sample cases. ",,,
"a/Includes rape, sexual assault, robbery, and aggravated assault.",,,
