"Bureau of Justice Statistics",,,,,,,,,,,,,,,,,,
"Filename:rcpbx02.csv",,,,,,,,,,,,,,,,,,
"Box Table 2.  Violence reported to the police, 1992-2000",,,,,,,,,,,,,,,,,,
"Title of Report:  Reporting Crime to the Police, 1992-2000, NCJ 195710",,,,,,,,,,,,,,,,,,
"Data source:  National Crime Victimization Survey",,,,,,,,,,,,,,,,,,
"Authors:  Timothy C. Hart and Callie Rennison, Ph.D.",,,,,,,,,,,,,,,,,,
"Refer questions to:   (202) 307-0765 or askbjs@ojp.usdoj.gov",,,,,,,,,,,,,,,,,,
"Date version:  1/3/03",,,,,,,,,,,,,,,,,,
,,,,,,,,,,,,,,,,,,
"Box Table 2.  Violence reported to the police, 1992-2000",,,,,,,,,,,,,,,,,,
,,,,,,,,,,,,,,,,,,
,"Percent of violent crime reported to police, 1992-2000",,,,,,,,,,,,,,,,,
"Reported",1992,,1993,,1994,,1995,,1996,,1997,,1998,,1999,,2000,
"Violent crime",42,"%",41,"%",42,"%",42,"%",43,"%",45,"%",45,"%",44,"%",49,"%"
"Rape/sexual assault*",32,,29,,32,,31,,27,,31,,33,,25,,48,
"Robbery",59,,55,,56,,55,,54,,56,,62,,55,,60,
"Aggravated assault",54,,53,,51,,54,,56,,59,,57,,54,,58,
"Simple assault",36,,35,,36,,36,,37,,39,,40,,40,,44,
"Serious violence",53,,51,,50,,52,,53,,55,,56,,51,,57,
"*The increase in the percentage of rapes/sexual assaults reported to police, 1999-2000, was  based on a difference of 10 or fewer sample cases.",,,,,,,,,,,,,,,,,,
