Bureau of Justice Statistics,,,,,,,,,,,,,,,,
filename:  cv04107.csv,,,,,,,,,,,,,,,,
"Table 107.  Percent distribution of incidents where police came to the victim, by police response time and type of crime",,,,,,,,,,,,,,,,
"data source: National Criminal Victimization Survey, 2004  NCJ 213257",,,,,,,,,,,,,,,,
produced by:  Cathy Maston ,,,,,,,,,,,,,,,,
authors:  Patsy Klaus and Cathy Maston,,,,,,,,,,,,,,,,
refer questions to: askbjs@usdoj.gov  202-307-0765,,,,,,,,,,,,,,,,
data of version:  05/01/06,,,,,,,,,,,,,,,,

"Table 107. Personal and property crimes, 2004:  Percent distribution of incidents where police came to the victim, by police response time and type of crime",,,,,,,,,,,,,,,,
,Percent of incidents,,,,,,,,,,,,,,,
Type of crime, Total,,Within 5 minutes,,6-10 minutes,,11 minutes-1 hour,,Within 1 day,,Longer than day,,Length of time not known,,Not ascertained,
Crimes of violence/a,100,%,30.2,%,29.5,%,28.5,%,6.6,%,1.6,%*,3.6,%,0,%*
Robbery,100,,31.2,,23.3,,35.8,,9.2,*,0,*,0.6,*,0,*
Aggravated assault,100,,36.8,,26.6,,26.9,,6.4,*,0.6,*,2.7,*,0,*
Simple assault,100,,27.4,,31.7,,27.7,,6,,2.4,*,4.9,,0,*
Property crimes,100,%,10.9,%,19.1,%,46.6,%,14.9,%,1.7,%,6.4,%,0.4,%*
Household burglary,100,,11.2,,21.1,,46,,14.2,,1.2,*,6.4,,0,*
Motor vehicle theft,100,,8.3,,20,,52.1,,13.2,,0.8,*,4.6,*,1,*
Theft,100,,11.2,,17.7,,45.8,,15.7,,2.2,,6.8,,0.5,*
Note: Detail may not add to total shown because of rounding.,,,,,,,,,,,,,,,,
*Estimate is based on about 10 or fewer sample cases.,,,,,,,,,,,,,,,,
"a/Crimes of violence includes data on rape and sexual assault, not shown separately.",,,,,,,,,,,,,,,,
