Bureau of Justice Statistics,,,,,,,,,,
filename:  cv0491.csv,,,,,,,,,,
"Table 91. Percent distribution of victimizations, by type of crime and whether or not reported to the police",,,,,,,,,,
"data source: National Criminal Victimization Survey, 2004  NCJ 213257",,,,,,,,,,
produced by:  Cathy Maston ,,,,,,,,,,
authors:  Patsy Klaus and Cathy Maston,,,,,,,,,,
refer questions to: askbjs@usdoj.gov  202-307-0765,,,,,,,,,,
data of version:  05/01/06,,,,,,,,,,

"Table 91. Personal and property crimes, 2004:  Percent distribution of victimizations, by type of crime and whether or not reported to the police",,,,,,,,,,
                                                                                          ,,,Percent of victimizations reported to the police,,,,,,,
Sector and type of crime,Number of victimizations,, Total,,  Yes/a,,  No,,Not known and not available,
All crimes,"24,061,140",,100,%,41.4,%,57.5,%,1.1,%
Personal crimes,"5,406,740",,100,,49.5,,49.2,,1.2,
Crimes of violence,"5,182,670",,100,,49.9,,48.8,,1.2,
Completed violence,"1,737,000",,100,,62.1,,36.5,,1.4,*
Attempted/threatened violence,"3,445,670",,100,,43.8,,55.1,,1.1,
Rape/Sexual assault,"209,880",,100,,35.8,,62.9,,1.3,*
Rape/Attempted rape,"101,000",,100,,46.6,,53.4,,0,*
Rape,"58,780",,100,,56.8,,43.2,*,0,*
Attempted rape/b,"42,220",,100,,32.4,*,67.6,*,0,*
Sexual assault/c,"108,880",,100,,25.7,*,71.7,,2.6,*
Robbery,"501,820",,100,,61.1,,38.9,,0,*
Completed/property taken,"299,240",,100,,73,,27,,0,*
With injury,"110,200",,100,,71,,29,*,0,*
Without injury,"189,040",,100,,74.2,,25.8,,0,*
Attempted to take property,"202,580",,100,,43.4,,56.6,,0,*
With injury,"70,650",,100,,57,,43,*,0,*
Without injury,"131,940",,100,,36.1,,63.9,,0,*
Assault,"4,470,960",,100,,49.4,,49.3,,1.4,
Aggravated,"1,030,080",,100,,64.2,,35.3,,0.5,*
With injury,"377,840",,100,,70.6,,29.4,,0,*
Threatened with weapon,"652,240",,100,,60.4,,38.8,,0.7,*
Simple,"3,440,880",,100,,44.9,,53.5,,1.6,
With minor injury,"898,120",,100,,59.6,,38,,2.4,*
Without injury,"2,542,760",,100,,39.7,,58.9,,1.4,
Purse snatching/Pocket picking,"224,070",,100,,40.5,,58.4,,1.1,*
Completed purse snatching,"27,980",*,100,*,73.5,*,26.5,*,0,*
Attempted purse snatching,"14,840",*,100,*,17.5,*,82.5,*,0,*
Pocket picking,"181,250",,100,,37.3,,61.3,,1.4,*
Property crimes,"18,654,400",,100,%,39,%,59.9,%,1.1,%
Household burglary,"3,427,690",,100,,53,,46,,0.9,*
Completed,"2,909,160",,100,,54.6,,44.6,,0.8,*
Forcible entry,"1,095,560",,100,,76.1,,23.2,,0.7,*
Unlawful entry without force,"1,813,600",,100,,41.6,,57.5,,0.9,*
Attempted forcible entry,"518,530",,100,,44.4,,54.1,,1.5,*
Motor vehicle theft,"1,014,770",,100,,84.8,,14.7,,0.5,*
Completed,"779,220",,100,,94.8,,4.8,,0.4,*
Attempted,"235,560",,100,,51.8,,47.3,,0.9,*
Theft,"14,211,940",,100,,32.3,,66.5,,1.2,
Completed,"13,583,940",,100,,32.1,,66.7,,1.2,
Less than $50,"4,114,020",,100,,18.8,,79.9,,1.4,
$50 - $249,"4,846,570",,100,,27.4,,71.7,,0.9,
$250 or more,"3,259,970",,100,,54.9,,44.3,,0.8,*
Amount not available,"1,363,380",,100,,34.9,,62.7,,2.5,
Attempted,"628,000",,100,,37.2,,61.8,,1,*
Note: Detail may not add to total shown because of rounding.,,,,,,,,,,
*Estimate is based on about 10 or fewer sample cases.,,,,,,,,,,
"a/Figures in this column represent the rates at which victimizations were reported to the police, or ""police reporting rates.""",,,,,,,,,,
b/Includes verbal threats of rape.,,,,,,,,,,
c/Includes threats.,,,,,,,,,,
