Bureau of Justice Statistics,,,,,,,,,,,,,,,,
filename:  cv04108.csv,,,,,,,,,,,,,,,,
"Table 108. Percent distribution of incidents, by police activity during initial contact with victim and type of crime",,,,,,,,,,,,,,,,
"data source: National Criminal Victimization Survey, 2004  NCJ 213257",,,,,,,,,,,,,,,,
produced by:  Cathy Maston ,,,,,,,,,,,,,,,,
authors:  Patsy Klaus and Cathy Maston,,,,,,,,,,,,,,,,
refer questions to: askbjs@usdoj.gov  202-307-0765,,,,,,,,,,,,,,,,
data of version:  05/01/06,,,,,,,,,,,,,,,,

"Table 108. Personal and property crimes, 2004: Percent distribution of incidents, by police activity during initial contact with victim and type of crime",,,,,,,,,,,,,,,,
,Percent of incidents,,,,,,,,,,,,,,,
Type of crime,Total,,Took report,,Looked around,,Took evidence,,Questioned witnesses/suspects,,Promised surveillance,,Promised to investigate,,Made arrest,
Crimes of violence/a,100,%,37,%,7.9,%,3.8,%,19.4,%,2.3,%,6,%,11.1,%
Robbery,100,,41.2,,14.1,,3.2,*,13,,4,*,11.7,,8.2,
Aggravated assault,100,,32.4,,10.6,,5.3,,16.8,,3.2,,5.6,,16,
Simple assault,100,,38.1,,4.7,,2.8,,22.9,,1.2,*,4.2,,9.8,
Purse snatching/Pocket picking,100,,60.1,,7.9,*,5.5,*,10.2,*,0,*,6.4,*,0,*
Property crimes,100,%,48.8,%,19.4,%,7.8,%,6,%,2.8,%,8.2,%,1.4,%
Household burglary,100,,41.3,,24.2,,11.5,,5.8,,3.8,,7.8,,2,
Motor vehicle theft,100,,56.2,,12.7,,4.2,,6,,1.8,*,12.1,,1.7,*
Theft,100,,52.2,,17.7,,6.1,,6.1,,2.3,,7.7,,1,
,Percent of incidents,,,,,,,,,,,,,,,
Type of crime,Other actions,,Don't know,,Not applicable,,,,,,,,,,,
Crimes of violence/a,10.7,%,0.9,%,1.1,%,,,,,,,,,,
Robbery,3.4,*,0,*,1.3,*,,,,,,,,,,
Aggravated assault,9.4,,0.2,*,0.5,*,,,,,,,,,,
Simple assault,13.3,,1.6,*,1.3,*,,,,,,,,,,
Purse snatching/Pocket picking,3.2,*,0,*,6.6,*,,,,,,,,,,
Property crimes,3.3,%,0.7,%,1.6,%,,,,,,,,,,
Household burglary,2.8,,0.5,*,0.3,*,,,,,,,,,,
Motor vehicle theft,3.7,,0.4,*,1.2,*,,,,,,,,,,
Theft,3.6,,0.8,,2.5,,,,,,,,,,,
Note: Detail may not add to total shown because of rounding.
*Estimate is based on about 10 or fewer sample cases.
"a/Crimes of violence includes data on rape and sexual assault, not shown separately."
