Bureau of Justice Statistics,,,,,,,,,,,,,,,,,
Filename:  jeeus8207t11.csv,,,,,,,,,,,,,,,,,
"Table 11. Employment distribution for police protection, by level of government, FY 1982-2007 ",,,,,,,,,,,,,,,,,
"Report title:  Justice Expenditures and Employment, FY 1982-2007-Statistical Tables",,,,,,,,,,,,,,,,,
Data source:  Criminal Justice Expenditure and Employment Extracts Program (CJEE),,,,,,,,,,,,,,,,,
Author: Tracey Kyckelhahn,,,,,,,,,,,,,,,,,
Refer questions to:  askbjs@ojp.usdoj.gov (202) 307-0765,,,,,,,,,,,,,,,,,
Date of version:  12/16/2011,,,,,,,,,,,,,,,,,
,,,,,,,,,,,,,,,,,
"Table 11. Employment distribution for police protection, by level of government, FY 1982-2007 ",,,,,,,,,,,,,,,,,
,,,,,,,,,,,,,,,,,
,,,Number of employees,,,,,,Percent of total distribution,,,,,,,,
Year,Total,,Federal,,State,,Local,,Total,,Federal,,State,,Local,,
1982,"723,923",,"55,922",,"77,538",,"590,463",,100,%,7.7,%,10.7,%,81.6,%,
1987,"792,831",,"72,793",,"87,571",,"632,467",,100,%,9.2,,11,,79.8,,
1992,"857,593",,"87,616",,"86,606",,"683,371",,100,%,10.2,,10.1,,79.7,,
1997,"950,877",,"94,294",,"93,945",,"762,638",,100,%,9.9,,9.9,,80.2,,
2002,"1,065,078",,"109,278",,"110,925",,"844,875",,100,%,10.3,,10.4,,79.3,,
2007,"1,163,412",,"166,444",,"108,647",,"888,321",,100,%,14.3,,9.3,,76.4,,
Percent change ,,,,,,,,,,,,,,,,,
1982-2002,47.1,%,95.4,%,43.1,%,43.1,%,,,,,,,,,
2002-2007,9.2,,52.3,,-2.1,,5.1,,,,,,,,,,
Note: Employment includes both full-time and part-time employees.,,,,,,,,,,,,,,,,,
