Bureau of Justice Statistics,,
Filename:  jeeus8207at01.csv,,
"Appendix Table 1. Total justice expenditures, nominal and real dollars, FY 1982-2007 ",,
"Report title:  Justice Expenditures and Employment, FY 1982-2007-Statistical Tables",,
Data source:  Criminal Justice Expenditure and Employment Extracts Program (CJEE),,
Author: Tracey Kyckelhahn,,
Refer questions to:  askbjs@ojp.usdoj.gov (202) 307-0765,,
Date of version:  12/16/2011,,
,,
"Appendix Table 1. Total justice expenditures, nominal and real dollars, FY 1982-2007 ",,
,,
Year,Nominal dollars (millions of dollars),Real dollars (millions of dollars)
1982,"$35,842 ","$84,129"
1987,"$58,871 ","$114,484"
1992,"$93,777 ","$154,912"
1997,"$129,793 ","$189,463"
2002,"$179,580 ","$227,672"
2007,"$227,563 ","$227,563"
