Bureau of Justice Statistics,,,,,,,,,,
Filename:  jeeus8207f01.csv,,,,,,,,,,
"Figure 1. Justice expenditures, by function, FY 2007",,,,,,,,,,
"Report title:  Justice Expenditures and Employment, FY 1982-2007-Statistical Tables",,,,,,,,,,
Data source:  Criminal Justice Expenditure and Employment Extracts Program (CJEE),,,,,,,,,,
Author: Tracey Kyckelhahn,,,,,,,,,,
Refer questions to:  askbjs@ojp.usdoj.gov (202) 307-0765,,,,,,,,,,
Date of version:  12/16/2011,,,,,,,,,,
,,,,,,,,,,
"Figure 1. Justice expenditures, by function, FY 2007",,,,,,,,,,
,Expenditures by function and level of government,,,,,,,,,
Year,Judicial and legal services-federal,Judicial and legal services-state,Judicial and legal services-local,Corrections-federal,Corrections-state,Corrections-local,Police protection-federal,Police protection-state,Police protection-local,
2007,"$10,954 ","$18,921 ","$19,846 ","$6,328 ","$44,021 ","$23,849 ","$19,617 ","$11,383 ","$72,643 ",
"Source: U.S. Census Bureau, Annual Survey of Public Employment",,,,,,,,,,
