Bureau of Justice Statistics,,,,,,,,,,,,,,,,,
Filename:  jeeus8207t10.csv,,,,,,,,,,,,,,,,,
"Table 10. Employment distribution for corrections, by level of government, FY 1982-2007",,,,,,,,,,,,,,,,,
"Report title:  Justice Expenditures and Employment, FY 1982-2007-Statistical Tables",,,,,,,,,,,,,,,,,
Data source:  Criminal Justice Expenditure and Employment Extracts Program (CJEE),,,,,,,,,,,,,,,,,
Author: Tracey Kyckelhahn,,,,,,,,,,,,,,,,,
Refer questions to:  askbjs@ojp.usdoj.gov (202) 307-0765,,,,,,,,,,,,,,,,,
Date of version:  12/16/2011,,,,,,,,,,,,,,,,,
,,,,,,,,,,,,,,,,,
"Table 10. Employment distribution for corrections, by level of government, FY 1982-2007",,,,,,,,,,,,,,,,,
,,,,,,,,,,,,,,,,,
,Number of employees,,,,,,,,Percent of total distribution,,,,,,,,
Year,Total,,Federal,,State,,Local,,Total,,Federal,,State,,Local,,
1982,"298,722",,"10,045",,"183,647",,"105,030",,100,%,3.4,%,61.5,%,35.2,%,
1987,"419,814",,"12,860",,"263,954",,"143,000",,100,%,3.1,%,62.9,%,34.1,%,
1992,"566,500",,"23,818",,"347,985",,"194,697",,100,%,4.2,%,61.4,%,34.4,%,
1997,"708,243",,"29,809",,"458,188",,"220,246",,100,%,4.2,%,64.7,%,31.1,%,
2002,"750,282",,"34,245",,"466,824",,"249,213",,100,%,4.6,%,62.2,%,33.2,%,
2007,"777,798",,"36,654",,"475,024",,"266,120",,100,%,4.7,%,61.1,%,34.2,%,
Percent change ,,,,,,,,,,,,,,,,,
1982-2002,151.2,%,240.9,%,154.2,%,137.3,%,,,,,,,,,
2002-2007,3.7,%,7.0,%,1.8,%,6.8,%,,,,,,,,,
Note: Employment includes both full time and part time employees.,,,,,,,,,,,,,,,,,
