"Bureau of Justice Statistics",,,,,,
"filename:  cv0188.csv",,,,,,
"Table 88: Percent of victimizations resulting in loss of time",,,,,,
"from work, by type of crime and race of victims",,,,,,
"data source: National Criminal Victimization Survey, 2001   NCJ 197064",,,,,,
"produced by:  Cathy Maston ",,,,,,
"authors:  Patsy Klaus and Cathy Maston",,,,,,
"refer questions to:  askbjs@ojp.usdoj.gov     202-307-0765",,,,,,
"date of version: 10/31/02",,,,,,
,,,,,,
,,,,,,
"Table 88. Selected personal and property crimes, 2001:",,,,,,
,,,,,,
"Percent of victimizations resulting in loss of time",,,,,,
"from work, by type of crime and race of victims",,,,,,
,,,,,,
,,,"        Percent of all victimizations",,,
"Type of crime",,,"White",,"Black",
"All personal crimes/a",,,8.2,"%",9.4,"%"
,,,,,,
"Crimes of violence",,,8.3,,9.2,
"   Completed violence",,,17.9,,15.9,
"   Attempted/threatened violence",,,4.1,,5.0,"*"
"   Rape/Sexual assault/b",,,6.6,"*",10.7,"*"
"   Robbery",,,13.4,,28.6,
"   Assault",,,7.8,,6.5,
,,,,,,
"All property crimes",,,5.6,"%",5.4,"%"
,,,,,,
"   Completed",,,5.6,,5.2,
"   Attempted",,,5.5,,7.7,"*"
"   Household burglary",,,7.8,,7.2,
"   Motor vehicle theft                     ",,,17.6,,19.5,
"   Theft",,,4.4,,3.0,
"Note: Excludes data on persons of ""Other"" races.",,,,,,
"*Estimate is based on about 10 or fewer sample cases.",,,,,,
"a/Includes data on purse snatching/pocket picking, not shown separately.",,,,,,
"b/Includes verbal threats of rape and threats of sexual assault.",,,,,,
