"Bureau of Justice Statistics",,,,,,,,
"filename:  cv0179.csv",,,,,,,,
"Table 79: Percent of victimizations in which victims received hospital care,",,,,,,,,
"by selected characteristics of victims and type of crime",,,,,,,,
"data source: National Criminal Victimization Survey, 2001   NCJ 197064",,,,,,,,
"produced by:  Cathy Maston ",,,,,,,,
"authors:  Patsy Klaus and Cathy Maston",,,,,,,,
"refer questions to:  askbjs@ojp.usdoj.gov     202-307-0765",,,,,,,,
"date of version: 10/31/02",,,,,,,,
,,,,,,,,
,,,,,,,,
"Table 79. Personal crimes of violence, 2001:",,,,,,,,
,,,,,,,,
"Percent of victimizations in which victims received hospital care,",,,,,,,,
"by selected characteristics of victims and type of crime",,,,,,,,
,,,,,,,,
,,,"                       Percent of victimizations",,,,,
,,,"Crimes of",,,,,
"Characteristic",,,"violence/a",,"Robbery",,"Assault",
"Gender",,,,,,,,
"                                                                                      ","Both genders",,6.6,"%",12.2,"%",5.8,"%"
,"Male",,6.2,,11.7,,5.3,
,"Female",,7.1,,13.4,"*",6.3,
,,,,,,,,
"Age",,,,,,,,
,"12-19",,5.7,,8.3,"*",5.1,
,"20-34",,8.2,,12.1,"*",7.5,
,"35-49",,5.8,,11.9,"*",5.1,
,"50-64",,5.7,"*",18.7,"*",4.0,"*"
,"65 and over",,9.5,"*",23.8,"*","0.0","*"
,,,,,,,,
"Race/b",,,,,,,,
,"White",,6.3,,11.0,,5.7,
,"Black",,8.5,,21.1,"*",6.8,
,,,,,,,,
"Victim-offender relationship",,,,,,,,
,"Strangers",,7.4,,11.9,,5.7,
,"Nonstrangers",,5.9,,13.4,"*",5.8,
,,,,,,,,
"*Estimate is based on about 10 or fewer sample cases.",,,,,,,,
"a/Includes data on rape and sexual assault, not shown separately.",,,,,,,,
"b/Excludes data on persons of ""Other"" races.",,,,,,,,
