"Bureau of Justice Statistics",,,,
"filename:  cv0187.csv",,,,
"Table 87: Percent of victimizations resulting in",,,,
"loss of time from work, by type of crime",,,,
"data source: National Criminal Victimization Survey, 2001   NCJ 197064",,,,
"produced by:  Cathy Maston ",,,,
"authors:  Patsy Klaus and Cathy Maston",,,,
"refer questions to:  askbjs@ojp.usdoj.gov     202-307-0765",,,,
"date of version: 10/31/02",,,,
,,,,
,,,,
"Table 87. Selected personal and property crimes, 2001:",,,,
,,,,
"Percent of victimizations resulting in",,,,
"loss of time from work, by type of crime",,,,
,,,,
,,,"Percent of all",
"Type of crime         ",,,"victimizations",
"All personal crimes/a",,,8.4,"%"
,,,,
"Crimes of violence",,,8.4,
"   Completed violence",,,17.3,
"   Attempted/threatened violence",,,4.2,
"   Rape/Sexual assault/b",,,8.2,"*"
"   Robbery",,,16.3,
"      Completed/property taken",,,18.1,
"         With injury",,,33.5,
"         Without injury",,,7.5,"*"
"      Attempted to take property",,,12.7,"*"
"         With injury",,,18.0,"*"
"         Without injury",,,10.1,"*"
"   Assault",,,7.3,
"      Aggravated",,,12.7,
"      Simple",,,5.6,
,,,,
"All property crimes                         ",,,5.5,"%"
,,,,
"   Household burglary                                ",,,7.4,
"      Completed                            ",,,7.8,
"         Forcible entry                     ",,,13.2,
"         Unlawful entry without force       ",,,4.3,
"      Attempted forcible entry             ",,,5.1,"*"
"   Motor vehicle theft                     ",,,17.6,
"      Completed                            ",,,21.3,
"      Attempted                            ",,,8.1,"*"
"   Theft",,,4.3,
"      Completed",,,4.2,
"         Less than $50",,,2.0,
"         $50 - $249",,,2.2,
"         $250 or more",,,10.5,
"         Amount not available",,,5.1,
"      Attempted",,,5.0,"*"
,,,,
"Note: Detail may not add to total shown because of rounding.",,,,
"*Estimate is based on about 10 or fewer sample cases.",,,,
"a/Includes data on purse snatching/pocket picking, not shown separately.",,,,
"b/Includes verbal threats of rape and threats of sexual assault.",,,,
