"Bureau of Justice Statistics",,,,,,,,,,,,,,,
"filename:  cv0163.csv",,,,,,,,,,,,,,,
"Table 63: Percent distribution of incidents, by victim-offender relationship,",,,,,,,,,,,,,,,
"type of crime and place of occurrence",,,,,,,,,,,,,,,
"data source: National Criminal Victimization Survey, 2001   NCJ 197064",,,,,,,,,,,,,,,
"produced by:  Cathy Maston ",,,,,,,,,,,,,,,
"authors:  Patsy Klaus and Cathy Maston",,,,,,,,,,,,,,,
"refer questions to:  askbjs@ojp.usdoj.gov     202-307-0765",,,,,,,,,,,,,,,
"date of version: 10/31/02",,,,,,,,,,,,,,,
,,,,,,,,,,,,,,,
,,,,,,,,,,,,,,,
"Table 63. Personal crimes of violence, 2001:",,,,,,,,,,,,,,,
,,,,,,,,,,,,,,,
"Percent distribution of incidents, by victim-offender relationship,",,,,,,,,,,,,,,,
"type of crime and place of occurrence",,,,,,,,,,,,,,,
,,,,,,,,,,,,,,,
,,,,,"                                                                               Percent of incidents",,,,,,,,,,
,,,,,,,,,,,,,"At, in, or near",,
,,,,,,,,,,,"  On the ",,"a friend's",,"Inside a"
,,,,,,,"At or in",,,,"  street",,"relative's or",,"restaurant,"
"Relationship and",,,"  Number of",,,,"respondent's",,"  Near",,"  near",,"neighbor's",,"bar, or"
"type of crime",,,"  incidents",,"  Total",,"home",,"  home",,"  home",,"home",,"nightclub"
,,,,,,,,,,,,,,,
"Involving strangers",,,,,,,,,,,,,,,
,"Crimes of violence",,2554410,,100,"%",4.7,"%",7.9,"%",5.4,"%",4.2,"%",6.8
,"   Rape/Sexual assault/a",,85780,,100,"%",14.7,"*",6.0,"*","0.0","*",21.6,"*",5.1
,"   Robbery",,459580,,100,"%",10.2,,3.5,"*",6.1,"*",1.6,"*",2.5
,"   Assault",,2009050,,100,"%",3.1,,9.0,,5.5,,4.1,,7.9
,,,,,,,,,,,,,,,
"Involving nonstrangers",,,,,,,,,,,,,,,
,"Crimes of violence",,2761090,,100,"%",26.3,,9.4,,2.4,,11.8,,3.8
,"   Rape/Sexual assault/a",,155200,,100,"%",36.3,,4.9,"*","0.0","*",14.3,"*",7.9
,"   Robbery",,130800,,100,"%",58.3,,7.8,"*","0.0","*",6.4,"*","0.0"
,"   Assault",,2475090,,100,"%",24.0,,9.7,,2.6,,11.9,,3.7
,,,,,,,,,,,,,,,
,,,,,,,,,,,,,,,
,,,,,,,,,,,,,,,
,,,,,,,,,,,,,,,
,,,"                                                                     Percent of incidents",,,,,,,,,,,,
,,,,,"Inside",,"In",,,,"On public",,,,
,,,,,"school",,"apartment,",,"On street",,"trans-",,,,
,,,"      Parking",,"building/on",,"yard, park,",,"other ",,"portation",,,,
"Relationship and",,,"      lot or",,"school",,"field, or",,"than near",,"or inside",,,,
"type of crime",,,"      garage",,"property",,"playground",,"own home",,"station",,"   Other",,
,,,,,,,,,,,,,,,
"Involving strangers",,,,,,,,,,,,,,,
,"Crimes of violence",,10.7,"%",8.1,"%",4.0,"%",29.4,"%",1.5,"%",7.3,"%",
,"   Rape/Sexual assault/a",,"0.0","*",3.0,"*",6.7,"*",21.4,"*",3.2,"*",15.4,"*",
,"   Robbery",,9.2,,3.9,"*",3.1,"*",45.0,,3.2,"*",7.5,,
,"   Assault",,11.5,,9.3,,4.1,,26.2,,1.1,"*",6.9,,
,,,,,,,,,,,,,,,
"Involving nonstrangers",,,,,,,,,,,,,,,
,"Crimes of violence",,4.9,,18.7,,1.5,,6.8,,0.4,"*",6.2,,
,"   Rape/Sexual assault/a",,3.3,"*",5.5,"*","0.0","*",2.6,"*","0.0","*",7.9,"*",
,"   Robbery",,6.8,"*",11.8,"*",2.3,"*",2.4,"*",2.0,"*",2.3,"*",
,"   Assault",,4.9,,19.9,,1.5,,7.3,,0.3,"*",6.3,,
,,,,,,,,,,,,,,,
"Note: Detail may not add to total shown because of rounding.",,,,,,,,,,,,,,,
"*Estimate is based on about 10 or fewer sample cases.",,,,,,,,,,,,,,,
"a/Includes verbal threats of rape and threats of sexual assault.",,,,,,,,,,,,,,,
