"Bureau of Justice Statistics",,,,,,,,,,,,,,,,,,
"filename:  cv0160.csv",,,,,,,,,,,,,,,,,,
"Table 60: Percent distribution of incidents, by type of crime, type of offender and time of occurrence",,,,,,,,,,,,,,,,,,
"data source: National Criminal Victimization Survey, 2001   NCJ 197064",,,,,,,,,,,,,,,,,,
"produced by:  Cathy Maston ",,,,,,,,,,,,,,,,,,
"authors:  Patsy Klaus and Cathy Maston",,,,,,,,,,,,,,,,,,
"refer questions to:  askbjs@ojp.usdoj.gov     202-307-0765",,,,,,,,,,,,,,,,,,
"date of version: 10/31/02",,,,,,,,,,,,,,,,,,
,,,,,,,,,,,,,,,,,,
,,,,,,,,,,,,,,,,,,
"Table 60. Personal robbery and assault",,,,,,,,,,,,,,,,,,
"by armed or unarmed offenders, 2001:",,,,,,,,,,,,,,,,,,
,,,,,,,,,,,,,,,,,,
"Percent distribution of incidents, by type of crime, type of offender and time of occurrence",,,,,,,,,,,,,,,,,,
,,,,,,,,,,,,,,,,,,
,,,,,"                                                                      Percent of incidents",,,,,,,,,,,,,
,,,,,,,"Daytime",,"                                    Nighttime",,,,,,,,"Not known",
"Type of crime",,,"  Number of",,,,"6 a.m. -",,,,"6 p.m.-",,"Midnight -",,"  Not",,"and not",
"and offender",,,"  incidents",,"           Total",,"6 p.m.",,"          Total",,"midnight",,"6 a.m.",,"  known",,"available",
,,,,,,,,,,,,,,,,,,
"Robbery",,,,,,,,,,,,,,,,,,
,"By armed offenders",,314790,,100,"%",36.0,"%",62.5,"%",39.8,"%",21.6,"%",1.2,"%*",1.4,"%*"
,"By unarmed offenders",,206630,,100,"%",58.3,,40.6,,30.8,,9.8,"*","0.0","*",1.1,"*"
,,,,,,,,,,,,,,,,,,
"Assault",,,,,,,,,,,,,,,,,,
,"By armed offenders",,1003250,,100,"%",45.6,,53.3,,40.1,,12.8,,0.4,"*",1.1,"*"
,"By unarmed offenders",,3134000,,100,"%",59.1,,39.7,,30.0,,8.8,,0.9,"*",1.2,
,,,,,,,,,,,,,,,,,,
"Note: Detail may not add to total shown because of rounding.",,,,,,,,,,,,,,,,,,
"Excludes data in which the presence of a weapon was not ascertained.",,,,,,,,,,,,,,,,,,
"*Estimate is based on about 10 or fewer sample cases.",,,,,,,,,,,,,,,,,,
