"Bureau of Justice Statistics",,,,,,,,,,,,
"filename: lemas00t7a.csv",,,,,,,,,,,,
"Table 7a.  Number of district/precinct stations, types of routine patrol, type of emergency 9-1-1 system, and type of dispatch system in local law enforcement agencies, 2000",,,,,,,,,,,,
"Report title: Law Enforcement Management and Administrative Statistics, 2000:  Data for Individual State and Local Agencies with 100 or More Officers  NCJ 203350",,,,,,,,,,,,
"data source: 2000 LEMAS survey",,,,,,,,,,,,
"authors:  Brian A. Reaves and Matthew J. Hickman",,,,,,,,,,,,
"refer questions to: askbjs@ojp.usdoj.gov (202)307-0765",,,,,,,,,,,,
"date of version:  3/02/04",,,,,,,,,,,,
,,,,,,,,,,,,
"Table 7a.  Number of district/precinct stations, types of routine patrol, type of emergency 9-1-1 system, and type of dispatch system in local law enforcement agencies, 2000",,,,,,,,,,,,
,,,,,,,,,,,,
,,,,,"Types of patrol other than automobile used on a routine basis",,,,,,"Emergency communication systems",
"County","Name of agency",,"District precinct stations",,"Bicycle","Foot","Horse","Marine","Motorcycle",,"9-1-1","Dispatch"
,,,,,,,,,,,,
"ALABAMA",,,,,,,,,,,,
,,,,,,,,,,,,
"Etowah","Gadsden Police",,0,,"X  ","X  ","-  ","-  ","-  ",,"E  ","C  "
"Houston","Dothan Police",,0,,"X  ","X  ","-  ","-  ","-  ",,"E  ","C  "
"Jefferson","Jefferson County Sheriff",,2,,"-  ","X  ","-  ","-  ","X  ",,"E  ","C  "
"Jefferson","Bessemer Police",,0,,"X  ","X  ","-  ","-  ","X  ",,"E  ","C  "
"Jefferson","Birmingham Police",,4,,"X  ","X  ","X  ","-  ","X  ",,"E  ","C  "
"Jefferson","Hoover Police",,2,,"X  ","-  ","-  ","-  ","X  ",,"E  ","C  "
"Madison","Huntsville Police",,4,,"X  ","X  ","X  ","-  ","-  ",,"E  ","C  "
"Mobile","Mobile County Sheriff",,0,,"-  ","-  ","X  ","-  ","-  ",,"E  ","C  "
"Mobile","Mobile Police",,4,,"X  ","X  ","X  ","-  ","X  ",,"E  ","C  "
"Montgomery","Montgomery County Sheriff",,1,,"-  ","-  ","-  ","-  ","X  ",,"E  ","C  "
"Montgomery","Montgomery Police",,0,,"X  ","X  ","-  ","-  ","X  ",,"E  ","C  "
"Morgan","Decatur Police",,0,,"X  ","X  ","-  ","-  ","X  ",,"E  ","X  "
"Tuscaloosa","Tuscaloosa Police",,0,,"X  ","X  ","-  ","X  ","X  ",,"E  ","C  "
" ",,," ",,"   ","   ","   ","   ","   ",,"   ","   "
"ALASKA",,," ",,"   ","   ","   ","   ","   ",,"   ","   "
,,," ",,"   ","   ","   ","   ","   ",,"   ","   "
"Anchorage","Anchorage Police",,1,,"X  ","X  ","-  ","-  ","X  ",,"E  ","C  "
,,," ",,"   ","   ","   ","   ","   ",,"   ","   "
"ARIZONA",,," ",,"   ","   ","   ","   ","   ",,"   ","   "
,,," ",,"   ","   ","   ","   ","   ",,"   ","   "
"Maricopa","Maricopa County Sheriff",,"---",,"      ---","      ---","      ---","      ---","      ---",,"        ---","       ---"
"Maricopa","Chandler Police",,0,,"X  ","X  ","-  ","-  ","X  ",,"E  ","C  "
"Maricopa","Glendale Police",,2,,"X  ","-  ","-  ","-  ","X  ",,"E  ","C  "
"Maricopa","Mesa Police",,4,,"X  ","-  ","-  ","-  ","X  ",,"E  ","C  "
"Maricopa","Phoenix Police",,8,,"X  ","X  ","X  ","-  ","X  ",,"E  ","C  "
"Maricopa","Scottsdale Police",,2,,"X  ","-  ","X  ","-  ","X  ",,"E  ","C  "
"Maricopa","Tempe Police",,1,,"X  ","X  ","X  ","-  ","X  ",,"E  ","C  "
"Pima","Pima County Sheriff",,10,,"X  ","X  ","-  ","-  ","-  ",,"E  ","C  "
"Pima","Tucson Police",,0,,"X  ","X  ","-  ","-  ","X  ",,"E  ","C  "
"Pinal","Pinal County Sheriff",,10,,"X  ","-  ","-  ","-  ","-  ",,"E  ","C  "
"Yuma","Yuma Police",,0,,"X  ","-  ","-  ","-  ","X  ",,"E  ","C  "
" ",,," ",,"   ","   ","   ","   ","   ",,"   ","   "
"ARKANSAS",,," ",,"   ","   ","   ","   ","   ",,"   ","   "
,,," ",,"   ","   ","   ","   ","   ",,"   ","   "
"Craighead","Jonesboro Police",,0,,"X  ","X  ","-  ","-  ","-  ",,"B  ","-  "
"Jefferson","Pine Bluff Police",,2,,"X  ","-  ","-  ","-  ","X  ",,"E  ","C  "
"Pulaski","Pulaski County Sheriff",,0,,"X  ","-  ","-  ","X  ","-  ",,"E  ","X  "
"Pulaski","Little Rock Police",,2,,"X  ","-  ","X  ","-  ","X  ",,"E  ","C  "
"Pulaski","North Little Rock Police",,0,,"X  ","X  ","-  ","-  ","X  ",,"E  ","C  "
"Sebastian","Fort Smith Police",,0,,"X  ","-  ","-  ","-  ","X  ",,"E  ","C  "
,,," ",,"   ","   ","   ","   ","   ",,"   ","   "
"CALIFORNIA",,," ",,"   ","   ","   ","   ","   ",,"   ","   "
,,," ",,"   ","   ","   ","   ","   ",,"   ","   "
"Alameda","Alameda County Sheriff",,3,,"X  ","X  ","-  ","X  ","X  ",,"E  ","C  "
"Alameda","Alameda Police",,0,,"X  ","X  ","-  ","X  ","X  ",,"E  ","C  "
"Alameda","Berkeley Police",,0,,"X  ","X  ","-  ","X  ","X  ",,"E  ","C  "
"Alameda","Fremont Police",,0,,"X  ","-  ","-  ","-  ","X  ",,"E  ","C  "
"Alameda","Hayward Police",,0,,"X  ","X  ","-  ","-  ","X  ",,"E  ","C  "
"Alameda","Oakland Police",,0,,"X  ","X  ","X  ","X  ","X  ",,"E  ","C  "
"Butte","Butte County Sheriff",,0,,"X  ","X  ","-  ","X  ","X  ",,"E  ","C  "
"Contra Costa","Contra Costa County Sheriff",,5,,"X  ","X  ","X  ","X  ","X  ",,"E  ","C  "
"Contra Costa","Concord Police",,0,,"X  ","X  ","-  ","-  ","X  ",,"E  ","C  "
"Contra Costa","Richmond Police",,0,,"X  ","X  ","X  ","X  ","X  ",,"E  ","C  "
"El Dorado","El Dorado County Sheriff",,1,,"X  ","-  ","-  ","X  ","-  ",,"E  ","C  "
"Fresno","Fresno County Sheriff",,3,,"X  ","-  ","X  ","X  ","-  ",,"E  ","C  "
"Fresno","Fresno Police",,5,,"X  ","X  ","X  ","-  ","X  ",,"E  ","C  "
"Kern ","Kern County Sheriff",,15,,"X  ","X  ","-  ","X  ","-  ",,"E  ","C  "
"Kern","Bakersfield Police",,0,,"X  ","X  ","-  ","-  ","X  ",,"E  ","C  "
"Los Angeles","Los Angeles County Sheriff",,22,,"X  ","X  ","X  ","X  ","X  ",,"E  ","C  "
"Los Angeles","Beverly Hills Police",,0,,"X  ","X  ","-  ","-  ","X  ",,"E  ","C  "
"Los Angeles","Burbank Police",,1,,"X  ","-  ","-  ","-  ","X  ",,"E  ","C  "
"Los Angeles","Culver City Police",,0,,"-  ","-  ","-  ","-  ","-  ",,"   ","X  "
"Los Angeles","Downey Police",,0,,"X  ","-  ","-  ","-  ","X  ",,"E  ","X  "
"Los Angeles","El Monte Police",,0,,"X  ","X  ","X  ","-  ","X  ",,"E  ","C  "
"Los Angeles","Glendale Police",,0,,"X  ","X  ","-  ","-  ","X  ",,"E  ","C  "
"Los Angeles","Inglewood Police",,1,,"X  ","-  ","-  ","-  ","X  ",,"E  ","C  "
"Los Angeles","Long Beach Police",,3,,"X  ","X  ","-  ","X  ","X  ",,"E  ","C  "
"Los Angeles","Los Angeles Police",,18,,"X  ","X  ","X  ","X  ","X  ",,"E  ","C  "
"Los Angeles","Pasadena Police",,0,,"X  ","X  ","X  ","-  ","X  ",,"E  ","C  "
"Los Angeles","Pomona Police",,0,,"X  ","X  ","-  ","-  ","X  ",,"B  ","C  "
"Los Angeles","Redondo Beach Police",,0,,"X  ","X  ","-  ","-  ","X  ",,"E  ","C  "
"Los Angeles","Santa Monica Police",,0,,"X  ","-  ","X  ","-  ","X  ",,"E  ","C  "
"Los Angeles","Torrance Police",,0,,"-  ","X  ","-  ","-  ","X  ",,"E  ","C  "
"Los Angeles","West Covina Police",,0,,"X  ","-  ","X  ","-  ","X  ",,"B  ","C  "
"Los Angeles","Whittier Police",,1,,"X  ","X  ","-  ","-  ","X  ",,"E  ","C  "
"Marin","Marin County Sheriff",,4,,"X  ","X  ","-  ","X  ","-  ",,"E  ","C  "
"Monterey","Monterey County Sheriff",,2,,"X  ","X  ","-  ","X  ","X  ",,"E  ","C  "
"Monterey","Salinas Police",,0,,"-  ","X  ","-  ","-  ","X  ",,"E  ","-  "
"Orange","Orange County Sheriff-Coroner",,7,,"X  ","X  ","X  ","X  ","X  ",,"E  ","C  "
"Orange","Anaheim Police",,2,,"X  ","-  ","-  ","-  ","X  ",,"E  ","C  "
"Orange","Brea Police",,1,,"X  ","-  ","-  ","-  ","X  ",,"E  ","C  "
"Orange","Costa Mesa Police",,"---",,"      ---","      ---","      ---","      ---","      ---",,"        ---","       ---"
"Orange","Fullerton Police",,0,,"X  ","X  ","-  ","-  ","X  ",,"E  ","C  "
"Orange","Garden Grove Police",,0,,"X  ","X  ","X  ","-  ","X  ",,"E  ","X  "
"Orange","Huntington Beach Police",,0,,"X  ","X  ","-  ","-  ","X  ",,"B  ","C  "
"Orange","Irvine Police",,0,,"-  ","X  ","-  ","-  ","-  ",,"E  ","C  "
"Orange","Newport Beach Police",,0,,"X  ","X  ","-  ","-  ","X  ",,"E  ","C  "
"Orange","Orange Police",,0,,"X  ","X  ","-  ","-  ","X  ",,"E  ","C  "
"Orange","Santa Ana Police",,0,,"X  ","X  ","-  ","-  ","X  ",,"E  ","C  "
"Orange","Westminster Police",,0,,"X  ","X  ","-  ","-  ","X  ",,"E  ","C  "
"Placer","Placer County Sheriff",,3,,"X  ","X  ","X  ","X  ","X  ",,"E  ","C  "
"Riverside","Riverside County Sheriff",,9,,"X  ","X  ","-  ","X  ","X  ",,"E  ","C  "
"Riverside","Corona Police",,0,,"X  ","X  ","X  ","-  ","X  ",,"E  ","C  "
"Riverside","Riverside Police",,4,,"X  ","X  ","-  ","-  ","X  ",,"E  ","C  "
"Sacramento","Sacramento County Sheriff",,3,,"X  ","X  ","-  ","X  ","X  ",,"E  ","C  "
"Sacramento","Sacramento Police",,2,,"X  ","X  ","X  ","X  ","X  ",,"E  ","C  "
"San Bernardino","San Bernardino County Sheriff",,15,,"X  ","X  ","X  ","X  ","X  ",,"E  ","C  "
"San Bernardino","Fontana Police",,0,,"X  ","-  ","-  ","-  ","X  ",,"B  ","C  "
"San Bernardino","Ontario Police",,1,,"X  ","-  ","-  ","-  ","X  ",,"E  ","C  "
"San Bernardino","Rialto Police",,0,,"-  ","X  ","-  ","-  ","X  ",,"E  ","C  "
"San Bernardino","San Bernardino Police",,0,,"X  ","-  ","-  ","-  ","X  ",,"E  ","C  "
"San Diego","San Diego County Sheriff",,37,,"X  ","X  ","-  ","X  ","X  ",,"E  ","C  "
"San Diego","Chula Vista Police",,0,,"X  ","X  ","X  ","-  ","X  ",,"B  ","C  "
"San Diego","El Cajon Police",,0,,"X  ","-  ","-  ","-  ","X  ",,"E  ","C  "
"San Diego","Escondido Police",,0,,"X  ","-  ","-  ","-  ","X  ",,"E  ","C  "
"San Diego","Oceanside Police",,0,,"X  ","X  ","-  ","-  ","X  ",,"E  ","C  "
"San Diego","San Diego Police",,0,,"X  ","-  ","-  ","X  ","X  ",,"E  ","C  "
"San Francisco","San Francisco Police",,20,,"X  ","X  ","X  ","X  ","X  ",,"E  ","C  "
"San Joaquin","San Joaquin County Sheriff",,1,,"X  ","X  ","-  ","X  ","X  ",,"E  ","C  "
"San Joaquin","Stockton Police",,1,,"X  ","X  ","X  ","-  ","X  ",,"E  ","C  "
"San Luis Obispo","San Luis Obispo County Sheriff",,0,,"-  ","-  ","-  ","X  ","-  ",,"E  ","C  "
"San Mateo","San Mateo County Sheriff",,4,,"X  ","-  ","-  ","X  ","X  ",,"B  ","C  "
"San Mateo","Daly City Police",,0,,"X  ","X  ","-  ","-  ","X  ",,"E  ","C  "
"San Mateo","San Mateo Police",,0,,"X  ","-  ","-  ","-  ","X  ",,"B  ","C  "
"Santa Barbara","Santa Barbara County Sheriff",,8,,"X  ","X  ","-  ","-  ","-  ",,"E  ","C  "
"Santa Barbara","Santa Barbara Police",,0,,"X  ","X  ","-  ","-  ","X  ",,"E  ","C  "
"Santa Clara","Santa Clara County Sheriff",,3,,"X  ","X  ","-  ","-  ","X  ",,"E  ","C  "
"Santa Clara","San Jose Police",,0,,"X  ","X  ","X  ","-  ","X  ",,"E  ","C  "
"Santa Clara","Santa Clara Police",,0,,"-  ","-  ","-  ","-  ","-  ",,"   ","-  "
"Santa Clara ","Sunnyvale Police",,0,,"X  ","-  ","-  ","-  ","X  ",,"E  ","C  "
"Santa Cruz","Santa Cruz County Sheriff",,1,,"X  ","X  ","-  ","-  ","-  ",,"B  ","-  "
"Shasta ","Shasta County Sheriff",,2,,"X  ","-  ","-  ","X  ","X  ",,"E  ","-  "
"Solano","Fairfield Police",,0,,"X  ","-  ","-  ","-  ","X  ",,"E  ","C  "
"Solano","Vallejo Police",,0,,"X  ","X  ","X  ","-  ","X  ",,"E  ","C  "
"Sonoma","Sonoma County Sheriff-Coroner",,3,,"X  ","X  ","-  ","X  ","X  ",,"E  ","C  "
"Sonoma","Santa Rosa Police",,0,,"X  ","X  ","X  ","-  ","X  ",,"E  ","C  "
"Stanislaus","Stanislaus County Sheriff",,0,,"X  ","X  ","-  ","X  ","-  ",,"E  ","C  "
"Stanislaus","Modesto Police",,0,,"X  ","X  ","X  ","-  ","X  ",,"E  ","C  "
"Tulare","Tulare County Sheriff",,3,,"-  ","-  ","-  ","-  ","-  ",,"E  ","C  "
"Tulare","Visalia Police",,2,,"X  ","X  ","-  ","-  ","X  ",,"B  ","C  "
"Ventura","Ventura County Sheriff",,5,,"X  ","X  ","X  ","X  ","X  ",,"E  ","C  "
"Ventura","Oxnard Police",,0,,"X  ","X  ","-  ","-  ","X  ",,"E  ","C  "
"Ventura","Simi Valley Police",,0,,"X  ","-  ","-  ","-  ","X  ",,"B  ","C  "
"Ventura","Ventura Police",,0,,"X  ","X  ","-  ","-  ","X  ",,"E  ","C  "
" ",,," ",,"   ","   ","   ","   ","   ",,"   ","   "
"COLORADO",,," ",,"   ","   ","   ","   ","   ",,"   ","   "
,,," ",,"   ","   ","   ","   ","   ",,"   ","   "
"Adams","Adams County Sheriff",,3,,"X  ","X  ","X  ","-  ","-  ",,"E  ","-  "
"Adams","Thornton Police",,0,,"X  ","X  ","-  ","-  ","X  ",,"E  ","C  "
"Adams","Westminster Police",,0,,"X  ","X  ","-  ","-  ","X  ",,"E  ","C  "
"Arapahoe","Arapahoe County Sheriff",,8,,"X  ","-  ","-  ","-  ","X  ",,"E  ","C  "
"Arapahoe","Aurora Police",,1,,"X  ","X  ","-  ","-  ","-  ",,"E  ","C  "
"Boulder","Boulder County Sherif",,3,,"X  ","X  ","X  ","-  ","-  ",,"E  ","C  "
"Boulder","Boulder Police",,0,,"X  ","X  ","-  ","-  ","X  ",,"E  ","C  "
"Denver","Denver Police",,6,,"X  ","X  ","X  ","-  ","X  ",,"E  ","C  "
"Douglas ","Douglas County Sheriff",,0,,"X  ","-  ","-  ","-  ","X  ",,"E  ","C  "
"El Paso","El Paso County Sheriff",,0,,"X  ","-  ","X  ","-  ","X  ",,"E  ","C  "
"El Paso","Colorado Springs Police",,3,,"X  ","X  ","X  ","-  ","X  ",,"E  ","C  "
"Jefferson","Jefferson County Sheriff",,0,,"-  ","-  ","X  ","-  ","X  ",,"B  ","C  "
"Jefferson","Arvada Police",,0,,"X  ","X  ","-  ","-  ","X  ",,"E  ","C  "
"Jefferson","Lakewood Police",,0,,"X  ","-  ","-  ","-  ","X  ",,"E  ","C  "
"Larimer","Larimer County Sheriff",,1,,"-  ","X  ","-  ","-  ","X  ",,"E  ","C  "
"Larimer","Fort Collins Police",,0,,"X  ","X  ","-  ","-  ","X  ",,"E  ","C  "
"Pueblo","Pueblo Police",,1,,"-  ","-  ","-  ","-  ","X  ",,"E  ","C  "
"Weld","Weld County Sheriff",,2,,"X  ","X  ","X  ","-  ","-  ",,"E  ","C  "
"Weld","Greeley Police",,0,,"X  ","X  ","-  ","-  ","X  ",,"E  ","C  "
,,," ",,"   ","   ","   ","   ","   ",,"   ","   "
"CONNECTICUT ",,," ",,"   ","   ","   ","   ","   ",,"   ","   "
,,," ",,"   ","   ","   ","   ","   ",,"   ","   "
"Fairfield","Bridgeport Police",,5,,"X  ","X  ","X  ","-  ","X  ",,"E  ","C  "
"Fairfield","Danbury Police",,0,,"X  ","-  ","-  ","X  ","-  ",,"E  ","C  "
"Fairfield","Fairfield Police",,0,,"X  ","X  ","-  ","X  ","X  ",,"E  ","C  "
"Fairfield","Greenwich Police",,0,,"X  ","X  ","-  ","X  ","X  ",,"E  ","C  "
"Fairfield","Norwalk Police",,0,,"X  ","X  ","-  ","X  ","-  ",,"E  ","C  "
"Fairfield","Stamford Police",,0,,"X  ","X  ","-  ","X  ","-  ",,"E  ","C  "
"Fairfield","Stratford Police",,0,,"X  ","-  ","-  ","X  ","-  ",,"E  ","C  "
"Hartford","Bristol Police",,0,,"X  ","X  ","-  ","-  ","X  ",,"E  ","C  "
"Hartford","East Hartford Police",,0,,"X  ","X  ","-  ","-  ","X  ",,"E  ","C  "
"Hartford","Hartford Police",,0,,"X  ","X  ","-  ","-  ","X  ",,"E  ","C  "
"Hartford","Manchester Police",,0,,"X  ","X  ","-  ","-  ","-  ",,"E  ","C  "
"Hartford ","New Britain Police",,0,,"X  ","X  ","-  ","-  ","X  ",,"E  ","C  "
"Hartford","West Hartford Police",,0,,"-  ","-  ","-  ","-  ","-  ",,"   ","X  "
"Middlesex","Middletown Police",,0,,"X  ","X  ","-  ","X  ","X  ",,"E  ","C  "
"New Haven","Hamden Police",,0,,"X  ","X  ","-  ","-  ","X  ",,"E  ","X  "
"New Haven","Meriden Police",,0,,"X  ","X  ","-  ","-  ","X  ",,"E  ","C  "
"New Haven","Milford Police",,0,,"X  ","X  ","-  ","X  ","-  ",,"E  ","C  "
"New Haven","New Haven Police",,0,,"X  ","X  ","X  ","-  ","X  ",,"E  ","C  "
"New Haven","Waterbury Police",,0,,"X  ","X  ","-  ","-  ","X  ",,"E  ","C  "
"New Haven","West Haven Police",,0,,"X  ","X  ","-  ","X  ","X  ",,"E  ","C  "
" ",,," ",,"   ","   ","   ","   ","   ",,"   ","   "
"DELAWARE",,," ",,"   ","   ","   ","   ","   ",,"   ","   "
,,," ",,"   ","   ","   ","   ","   ",,"   ","   "
"New Castle","New Castle County Police",,0,,"-  ","-  ","-  ","-  ","-  ",,"   ","X  "
"New Castle","Wilmington Police",,0,,"X  ","X  ","-  ","-  ","X  ",,"E  ","C  "
,,," ",,"   ","   ","   ","   ","   ",,"   ","   "
"DISTRICT OF COLUMBIA",,," ",,"   ","   ","   ","   ","   ",,"   ","   "
,,," ",,"   ","   ","   ","   ","   ",,"   ","   "
"Washington, DC","Washington Metropolitan Police",,7,,"X  ","X  ","-  ","X  ","X  ",,"E  ","C  "
,,," ",,"   ","   ","   ","   ","   ",,"   ","   "
"FLORIDA",,," ",,"   ","   ","   ","   ","   ",,"   ","   "
,,," ",,"   ","   ","   ","   ","   ",,"   ","   "
"Alachua","Alachua County Sheriff",,0,,"X  ","-  ","-  ","-  ","X  ",,"E  ","C  "
"Alachua","Gainesville Police",,0,,"X  ","X  ","-  ","-  ","-  ",,"E  ","C  "
"Bay","Bay County Sheriff",,0,,"X  ","-  ","-  ","-  ","X  ",,"E  ","C  "
"Brevard","Brevard County Sheriff",,5,,"X  ","-  ","-  ","X  ","X  ",,"E  ","C  "
"Brevard","Melbourne Police",,1,,"X  ","X  ","-  ","X  ","X  ",,"E  ","C  "
"Brevard","Palm Bay Police",,2,,"X  ","X  ","-  ","X  ","-  ",,"E  ","C  "
"Broward","Broward County Sheriff",,14,,"X  ","X  ","X  ","X  ","X  ",,"E  ","C  "
"Broward","Coral Springs Police",,0,,"X  ","X  ","-  ","-  ","X  ",,"E  ","C  "
"Broward","Davie Police",,0,,"X  ","-  ","X  ","-  ","X  ",,"E  ","C  "
"Broward","Fort Lauderdale Police",,0,,"X  ","X  ","X  ","X  ","X  ",,"E  ","C  "
"Broward","Hollywood Police",,1,,"X  ","X  ","-  ","X  ","X  ",,"B  ","C  "
"Broward","Margate Police",,0,,"X  ","X  ","-  ","-  ","X  ",,"E  ","C  "
"Broward","Miramar Police",,0,,"X  ","X  ","-  ","-  ","X  ",,"E  ","C  "
"Broward","Pembroke Pines Police",,0,,"X  ","-  ","X  ","-  ","X  ",,"E  ","-  "
"Broward","Plantation Police",,1,,"X  ","X  ","-  ","-  ","X  ",,"E  ","X  "
"Broward","Sunrise Police",,0,,"X  ","X  ","-  ","-  ","X  ",,"E  ","C  "
"Charlotte","Charlotte County Sheriff",,4,,"X  ","X  ","-  ","X  ","X  ",,"E  ","C  "
"Citrus","Citrus County Sheriff",,0,,"X  ","X  ","X  ","X  ","X  ",,"E  ","C  "
"Clay","Clay County Sheriff",,3,,"X  ","-  ","-  ","X  ","X  ",,"E  ","C  "
"Collier","Collier County Sheriff",,0,,"X  ","X  ","-  ","X  ","-  ",,"E  ","C  "
"Duval ","Jacksonville Sheriff",,0,,"X  ","-  ","X  ","X  ","X  ",,"E  ","C  "
"Escambia","Escambia County Sheriff",,6,,"-  ","-  ","-  ","-  ","-  ",,"E  ","C  "
"Escambia","Pensacola Police",,0,,"X  ","X  ","-  ","-  ","X  ",,"E  ","C  "
"Hernando","Hernando County Sheriff",,0,,"X  ","X  ","-  ","X  ","-  ",,"E  ","C  "
"Highlands","Highlands County Sheriff",,0,,"-  ","-  ","-  ","-  ","X  ",,"E  ","C  "
"Hillsborough","Hillsborough County Sheriff",,4,,"X  ","-  ","-  ","X  ","X  ",,"E  ","C  "
"Hillsborough","Tampa Police",,2,,"X  ","X  ","X  ","X  ","X  ",,"E  ","C  "
"Indian River","Indian River County Sheriff",,3,,"X  ","-  ","-  ","X  ","-  ",,"E  ","C  "
"Lake","Lake County Sheriff",,0,,"X  ","-  ","X  ","X  ","-  ",,"E  ","C  "
"Lee","Lee County Sheriff",,5,,"X  ","X  ","-  ","-  ","X  ",,"E  ","C  "
"Lee","Cape Coral Police",,0,,"X  ","-  ","X  ","X  ","X  ",,"E  ","C  "
"Lee","Fort Myers Police",,0,,"X  ","X  ","X  ","X  ","X  ",,"E  ","C  "
"Leon","Leon County Sheriff",,0,,"-  ","X  ","X  ","-  ","X  ",,"E  ","C  "
"Leon","Tallahassee Police",,0,,"X  ","X  ","-  ","-  ","X  ",,"E  ","C  "
"Manatee","Manatee County Sheriff",,3,,"X  ","X  ","X  ","X  ","X  ",,"E  ","C  "
"Marion","Marion County Sheriff",,8,,"X  ","-  ","-  ","X  ","X  ",,"E  ","C  "
"Marion","Ocala Police",,4,,"X  ","X  ","X  ","-  ","X  ",,"E  ","C  "
"Martin","Martin County Sheriff",,1,,"X  ","-  ","-  ","-  ","X  ",,"E  ","C  "
"Miami-Dade","Miami-Dade Police",,9,,"X  ","X  ","X  ","X  ","X  ",,"E  ","C  "
"Miami-Dade","Coral Gables Police",,0,,"X  ","-  ","-  ","X  ","X  ",,"E  ","C  "
"Miami-Dade","Hialeah Police",,1,,"-  ","-  ","-  ","-  ","X  ",,"E  ","C  "
"Miami-Dade","Miami Police",,3,,"X  ","X  ","X  ","X  ","X  ",,"E  ","C  "
"Miami-Dade","Miami Beach Police",,3,,"X  ","X  ","-  ","-  ","X  ",,"E  ","C  "
"Miami-Dade","North Miami Police",,0,,"-  ","-  ","-  ","-  ","X  ",,"-  ","C  "
"Miami-Dade","North Miami Beach Police",,0,,"X  ","-  ","-  ","X  ","X  ",,"E  ","C  "
"Monroe","Monroe County Sheriff",,4,,"X  ","-  ","-  ","-  ","X  ",,"E  ","X  "
"Okaloosa","Okaloosa County Sheriff",,2,,"X  ","X  ","-  ","X  ","-  ",,"E  ","C  "
"Orange","Orange County Sheriff",,5,,"X  ","X  ","X  ","X  ","X  ",,"E  ","C  "
"Orange","Orlando Police",,1,,"X  ","X  ","X  ","X  ","X  ",,"E  ","C  "
"Osceola","Osceola County Sheriff",,2,,"X  ","-  ","-  ","X  ","X  ",,"E  ","C  "
"Palm Beach","Palm Beach County Sheriff",,6,,"X  ","X  ","X  ","X  ","X  ",,"E  ","C  "
"Palm Beach","Boca Raton Police",,0,,"X  ","-  ","-  ","X  ","X  ",,"E  ","C  "
"Palm Beach","Boynton Beach Police",,1,,"X  ","X  ","-  ","X  ","X  ",,"E  ","C  "
"Palm Beach","Delray Beach Police",,2,,"X  ","X  ","-  ","X  ","X  ",,"E  ","C  "
"Palm Beach","Riviera Beach Police",,1,,"-  ","X  ","-  ","-  ","X  ",,"E  ","C  "
"Palm Beach","West Palm Beach Police",,0,,"X  ","X  ","-  ","-  ","X  ",,"E  ","C  "
"Pasco","Pasco County Sheriff",,2,,"X  ","-  ","-  ","X  ","X  ",,"E  ","C  "
"Pinellas","Pinellas County Sheriff",,2,,"X  ","X  ","-  ","X  ","-  ",,"E  ","C  "
"Pinellas","Clearwater Police",,2,,"X  ","-  ","-  ","-  ","X  ",,"E  ","C  "
"Pinellas","Largo Police",,1,,"X  ","X  ","-  ","-  ","X  ",,"E  ","C  "
"Pinellas","St. Petersburg Police",,0,,"X  ","X  ","-  ","X  ","X  ",,"E  ","C  "
"Polk","Polk County Sheriff",,4,,"X  ","-  ","-  ","X  ","X  ",,"E  ","C  "
"Polk","Lakeland Police",,0,,"X  ","-  ","-  ","-  ","X  ",,"E  ","C  "
"Putnam","Putnam County Sheriff",,0,,"X  ","X  ","-  ","X  ","X  ",,"E  ","C  "
"St. Johns","St. Johns County Sheriff",,0,,"X  ","X  ","-  ","-  ","X  ",,"E  ","C  "
"St. Lucie","St. Lucie County Sheriff",,0,,"X  ","X  ","-  ","X  ","X  ",,"E  ","-  "
"St. Lucie ","Fort Pierce Police",,0,,"X  ","X  ","-  ","-  ","X  ",,"E  ","-  "
"St. Lucie","Port St. Lucie Police",,0,,"X  ","X  ","-  ","X  ","X  ",,"E  ","-  "
"Santa Rosa","Santa Rosa County Sheriff",,5,,"X  ","X  ","-  ","X  ","-  ",,"E  ","C  "
"Sarasota","Sarasota County Sheriff",,2,,"X  ","X  ","-  ","X  ","-  ",,"E  ","C  "
"Sarasota","Sarasota Police",,0,,"X  ","X  ","-  ","-  ","X  ",,"B  ","-  "
"Seminole","Seminole County Sheriff",,6,,"X  ","X  ","-  ","X  ","-  ",,"E  ","C  "
"Seminole","Altamonte Springs Police",,0,,"X  ","-  ","-  ","X  ","X  ",,"E  ","C  "
"Volusia","Volusia County Sheriff",,5,,"X  ","-  ","-  ","X  ","X  ",,"E  ","C  "
"Volusia","Daytona Beach Police",,1,,"X  ","X  ","-  ","X  ","X  ",,"E  ","C  "
,,," ",,"   ","   ","   ","   ","   ",,"   ","   "
"GEORGIA",,," ",,"   ","   ","   ","   ","   ",,"   ","   "
,,," ",,"   ","   ","   ","   ","   ",,"   ","   "
"Bartow","Bartow County Sheriff",,2,,"-  ","-  ","-  ","-  ","-  ",,"E  ","C  "
"Bibb","Bibb County Sheriff",,0,,"-  ","-  ","-  ","-  ","-  ",,"E  ","C  "
"Bibb","Macon Police",,4,,"X  ","X  ","X  ","-  ","X  ",,"E  ","C  "
"Chatham","Chatham County Police",,0,,"X  ","-  ","-  ","X  ","X  ",,"E  ","C  "
"Chatham","Savannah Police",,4,,"X  ","-  ","X  ","-  ","X  ",,"E  ","C  "
"Cherokee","Cherokee County Sheriff",,4,,"-  ","-  ","-  ","-  ","-  ",,"E  ","C  "
"Clarke","Athens-Clarke County Police",,2,,"X  ","X  ","X  ","-  ","X  ",,"E  ","C  "
"Clayton","Clayton County Police",,"---",,"      ---","      ---","      ---","      ---","      ---",,"        ---","       ---"
"Cobb","Cobb County Police",,4,,"X  ","-  ","-  ","X  ","X  ",,"E  ","C  "
"Cobb","Marietta Police",,0,,"X  ","X  ","-  ","-  ","X  ",,"-  ","-  "
"Columbia","Columbia County Sheriff",,0,,"X  ","-  ","X  ","-  ","X  ",,"E  ","C  "
"De Kalb","De Kalb County Police",,5,,"-  ","-  ","-  ","-  ","-  ",,"   ","X  "
"Dougherty","Albany Police",,4,,"X  ","X  ","X  ","-  ","-  ",,"E  ","C  "
"Douglas","Douglas County Sheriff",,1,,"-  ","X  ","-  ","-  ","-  ",,"-  ","X  "
"Forsyth","Forsyth County Sheriff",,3,,"X  ","X  ","-  ","X  ","X  ",,"E  ","C  "
"Fulton","Fulton County Police",,6,,"-  ","-  ","-  ","-  ","X  ",,"E  ","-  "
"Fulton","Atlanta Police",,8,,"X  ","X  ","X  ","-  ","X  ",,"E  ","C  "
"Fulton","East Point Police",,0,,"X  ","X  ","-  ","-  ","-  ",,"E  ","C  "
"Fulton","Roswell Police",,2,,"X  ","-  ","-  ","-  ","X  ",,"E  ","C  "
"Glynn","Glynn County Police",,4,,"X  ","X  ","-  ","X  ","-  ",,"E  ","C  "
"Gwinnett","Gwinnett County Police",,5,,"X  ","-  ","-  ","-  ","X  ",,"E  ","C  "
"Hall","Hall County Sheriff",,4,,"X  ","-  ","-  ","-  ","X  ",,"E  ","-  "
"Muscogee","Muscogee County Sheriff",,3,,"-  ","-  ","-  ","-  ","-  ",,"-  ","X  "
"Muscogee","Columbus Police",,2,,"X  ","-  ","-  ","-  ","X  ",,"E  ","C  "
"Richmond","Augusta-Richmond Co Sheriff",,2,,"X  ","-  ","-  ","-  ","X  ",,"E  ","C  "
,,," ",,"   ","   ","   ","   ","   ",,"   ","   "
"HAWAII",,," ",,"   ","   ","   ","   ","   ",,"   ","   "
,,," ",,"   ","   ","   ","   ","   ",,"   ","   "
"Hawaii","Hawaii County Police",,7,,"X  ","X  ","-  ","-  ","-  ",,"E  ","C  "
"Honolulu","Honolulu Police",,7,,"X  ","X  ","-  ","-  ","X  ",,"E  ","C  "
"Kauai","Kauai County Police",,2,,"-  ","-  ","-  ","-  ","-  ",,"E  ","X  "
"Maui","Maui County Police",,5,,"X  ","-  ","-  ","-  ","-  ",,"E  ","C  "
,,," ",,"   ","   ","   ","   ","   ",,"   ","   "
"IDAHO",,," ",,"   ","   ","   ","   ","   ",,"   ","   "
,,," ",,"   ","   ","   ","   ","   ",,"   ","   "
"Ada","Boise Police",,0,,"X  ","X  ","-  ","X  ","X  ",,"E  ","C  "
"Canyon","Canyon County Sheriff",,0,,"X  ","X  ","X  ","-  ","X  ",,"E  ","C  "
,,," ",,"   ","   ","   ","   ","   ",,"   ","   "
"ILLINOIS",,," ",,"   ","   ","   ","   ","   ",,"   ","   "
,,," ",,"   ","   ","   ","   ","   ",,"   ","   "
"Champaign","Champaign Police",,0,,"X  ","X  ","-  ","-  ","-  ",,"E  ","C  "
"Cook","Cook County Sheriff",,"---",,"      ---","      ---","      ---","      ---","      ---",,"        ---","       ---"
"Cook","Arlington Heights Police",,0,,"-  ","X  ","-  ","-  ","X  ",,"E  ","C  "
"Cook","Chicago Police",,25,,"X  ","X  ","X  ","X  ","-  ",,"E  ","C  "
"Cook","Cicero Police",,0,,"-  ","-  ","-  ","-  ","-  ",,"E  ","X  "
"Cook","Evanston Police",,0,,"X  ","-  ","-  ","-  ","-  ",,"E  ","C  "
"Cook","Oak Lawn Police",,0,,"X  ","X  ","-  ","-  ","-  ",,"E  ","C  "
"Cook","Oak Park Police",,0,,"X  ","X  ","-  ","-  ","-  ",,"E  ","C  "
"Cook","Schaumburg Police",,0,,"X  ","-  ","-  ","-  ","X  ",,"E  ","C  "
"Cook","Skokie Police",,0,,"X  ","X  ","-  ","-  ","-  ",,"E  ","C  "
"Du Page","Du Page County Sheriff",,1,,"X  ","X  ","-  ","-  ","X  ",,"E  ","C  "
"Du Page ","Naperville Police",,1,,"X  ","X  ","-  ","-  ","X  ",,"E  ","C  "
"Kane","Aurora Police",,1,,"X  ","X  ","-  ","-  ","-  ",,"E  ","C  "
"Kane","Elgin Police",,1,,"X  ","X  ","-  ","-  ","X  ",,"E  ","C  "
"Lake ","Lake County Sheriff",,2,,"X  ","-  ","-  ","X  ","X  ",,"E  ","C  "
"Lake","Waukegan Police",,0,,"X  ","X  ","-  ","-  ","X  ",,"E  ","C  "
"Macon","Decatur Police",,0,,"X  ","-  ","-  ","-  ","-  ",,"E  ","C  "
"Peoria","Peoria Police",,1,,"X  ","X  ","-  ","-  ","X  ",,"E  ","C  "
"Sangamon","Springfield Police",,0,,"X  ","X  ","X  ","X  ","X  ",,"E  ","C  "
"Will","Will County Sheriff",,2,,"-  ","-  ","-  ","X  ","X  ",,"E  ","C  "
"Will","Joliet Police",,0,,"X  ","X  ","-  ","-  ","-  ",,"E  ","C  "
"Winnebago","Winnebago County Sheriff",,2,,"-  ","-  ","-  ","-  ","-  ",,"E  ","C  "
"Winnebago","Rockford Police",,0,,"X  ","X  ","-  ","-  ","-  ",,"E  ","-  "
,,," ",,"   ","   ","   ","   ","   ",,"   ","   "
"INDIANA",,," ",,"   ","   ","   ","   ","   ",,"   ","   "
,,," ",,"   ","   ","   ","   ","   ",,"   ","   "
"Allen ","Allen County Sheriff",,0,,"X  ","-  ","-  ","-  ","-  ",,"E  ","C  "
"Allen","Fort Wayne Police",,0,,"X  ","-  ","X  ","-  ","X  ",,"E  ","C  "
"Delaware","Muncie Police",,0,,"X  ","-  ","X  ","-  ","-  ",,"E  ","C  "
"Elkhart","Elkhart Police",,0,,"X  ","X  ","-  ","X  ","X  ",,"E  ","C  "
"Howard","Kokomo Police",,0,,"X  ","-  ","-  ","-  ","X  ",,"E  ","C  "
"Lake","Lake County Sheriff",,4,,"-  ","-  ","-  ","X  ","X  ",,"E  ","C  "
"Lake","East Chicago Police",,0,,"-  ","X  ","-  ","X  ","X  ",,"E  ","C  "
"Lake","Gary Police",,0,,"X  ","X  ","-  ","-  ","X  ",,"E  ","X  "
"Lake","Hammond Police",,2,,"X  ","-  ","-  ","X  ","X  ",,"B  ","X  "
"Madison","Anderson Police",,0,,"X  ","X  ","X  ","-  ","X  ",,"E  ","C  "
"Marion","Marion County Sheriff",,0,,"-  ","-  ","-  ","-  ","X  ",,"E  ","C  "
"Marion","Indianapolis Police",,5,,"X  ","X  ","X  ","-  ","X  ",,"E  ","C  "
"St. Joseph","St. Joseph County Sheriff",,5,,"X  ","X  ","X  ","X  ","X  ",,"E  ","C  "
"St. Joseph","South Bend Police",,0,,"X  ","X  ","-  ","-  ","X  ",,"E  ","C  "
"Vanderburgh","Vanderburgh County Sheriff",,1,,"-  ","-  ","-  ","-  ","X  ",,"E  ","C  "
"Vanderburgh","Evansville Police",,3,,"X  ","-  ","-  ","-  ","-  ",,"E  ","C  "
"Vigo","Terre Haute Police",,0,,"X  ","X  ","-  ","-  ","X  ",,"E  ","C  "
" ",,," ",,"   ","   ","   ","   ","   ",,"   ","   "
"IOWA",,," ",,"   ","   ","   ","   ","   ",,"   ","   "
,,," ",,"   ","   ","   ","   ","   ",,"   ","   "
"Black Hawk","Waterloo Police",,0,,"X  ","X  ","X  ","-  ","X  ",,"E  ","-  "
"Linn","Cedar Rapids Police",,0,,"X  ","X  ","-  ","-  ","-  ",,"E  ","C  "
"Polk","Polk County Sheriff",,1,,"-  ","-  ","X  ","-  ","X  ",,"E  ","C  "
"Polk","Des Moines Police",,0,,"X  ","-  ","X  ","X  ","X  ",,"E  ","X  "
"Pottawattamie","Council Bluffs Police",,0,,"X  ","-  ","-  ","-  ","-  ",,"E  ","C  "
"Scott","Davenport Police",,0,,"X  ","X  ","-  ","-  ","X  ",,"E  ","C  "
"Woodbury","Sioux City Police",,0,,"X  ","-  ","-  ","-  ","-  ",,"E  ","C  "
" ",,," ",,"   ","   ","   ","   ","   ",,"   ","   "
"KANSAS",,," ",,"   ","   ","   ","   ","   ",,"   ","   "
,,," ",,"   ","   ","   ","   ","   ",,"   ","   "
"Douglas","Lawrence Police",,0,,"X  ","X  ","-  ","-  ","X  ",,"E  ","C  "
"Johnson","Johnson County Sheriff",,3,,"-  ","-  ","-  ","-  ","-  ",,"E  ","C  "
"Johnson","Olathe Police",,0,,"X  ","X  ","-  ","-  ","X  ",,"E  ","C  "
"Johnson","Overland Park Police",,2,,"X  ","X  ","-  ","-  ","X  ",,"E  ","C  "
"Sedgwick","Sedgwick County Sheriff",,1,,"-  ","-  ","-  ","-  ","X  ",,"E  ","C  "
"Sedgwick","Wichita Police",,5,,"X  ","X  ","X  ","-  ","X  ",,"E  ","C  "
"Shawnee","Topeka Police",,0,,"X  ","X  ","-  ","-  ","X  ",,"E  ","C  "
"Wyandotte","Kansas City Police",,4,,"X  ","-  ","-  ","-  ","X  ",,"E  ","-  "
,,," ",,"   ","   ","   ","   ","   ",,"   ","   "
"KENTUCKY",,," ",,"   ","   ","   ","   ","   ",,"   ","   "
,,," ",,"   ","   ","   ","   ","   ",,"   ","   "
"Fayette","Lexington-Fayette County Police",,0,,"X  ","X  ","X  ","-  ","-  ",,"E  ","C  "
"Jefferson","Jefferson County Police",,9,,"X  ","X  ","-  ","X  ","-  ",,"E  ","C  "
"Jefferson","Louisville Police",,6,,"X  ","X  ","X  ","-  ","-  ",,"E  ","C  "
"Kenton","Covington Police",,0,,"X  ","X  ","-  ","-  ","X  ",,"E  ","C  "
" ",,," ",,"   ","   ","   ","   ","   ",,"   ","   "
"LOUISIANA",,," ",,"   ","   ","   ","   ","   ",,"   ","   "
,,," ",,"   ","   ","   ","   ","   ",,"   ","   "
"Ascension","Ascension Parish Sheriff",,3,,"-  ","-  ","-  ","X  ","X  ",,"E  ","C  "
"Bossier","Bossier Parish Sheriff",,0,,"-  ","-  ","-  ","-  ","-  ",,"-  ","X  "
"Bossier","Bossier Police",,0,,"-  ","-  ","-  ","-  ","X  ",,"B  ","C  "
"Caddo","Caddo Parish Sheriff",,0,,"-  ","-  ","X  ","X  ","-  ",,"E  ","C  "
"Caddo","Shreveport Police",,0,,"X  ","-  ","X  ","X  ","X  ",,"E  ","C  "
"Calcasieu","Calcasieu Parish Sheriff",,0,,"-  ","X  ","-  ","-  ","-  ",,"E  ","C  "
"Calcasieu","Lake Charles Police",,0,,"X  ","-  ","-  ","-  ","X  ",,"E  ","C  "
"E. Baton Rouge","E. Baton Rouge Parish Sheriff",,3,,"X  ","-  ","-  ","-  ","X  ",,"E  ","C  "
"E. Baton Rouge","Baton Rouge Police",,4,,"X  ","-  ","-  ","-  ","X  ",,"E  ","C  "
"Jefferson","Jefferson Parish Sheriff",,4,,"-  ","-  ","X  ","X  ","X  ",,"E  ","C  "
"Jefferson","Kenner Police",,0,,"-  ","X  ","X  ","-  ","-  ",,"E  ","C  "
"Lafayette","Lafayette Parish Sheriff",,0,,"-  ","-  ","-  ","X  ","X  ",,"E  ","C  "
"Lafayette","Lafayette Police",,0,,"X  ","-  ","-  ","-  ","X  ",,"E  ","C  "
"Lafourche","Lafourche Parish Sheriff",,0,,"X  ","-  ","X  ","X  ","X  ",,"B  ","X  "
"Livingston","Livingston Parish Sheriff",,0,,"-  ","-  ","-  ","X  ","-  ",,"E  ","C  "
"Morehouse","Morehouse Parish Sheriff",,0,,"-  ","-  ","-  ","-  ","-  ",,"E  ","X  "
"Orleans","Orleans Parish Sheriff",,11,,"X  ","-  ","X  ","X  ","X  ",,"E  ","X  "
"Orleans","New Orleans Police",,9,,"X  ","X  ","X  ","-  ","X  ",,"E  ","C  "
"Ouachita","Ouachita Parish Sheriff",,0,,"-  ","-  ","-  ","-  ","-  ",,"   ","X  "
"Ouachita","Monroe Police",,0,,"X  ","-  ","X  ","X  ","-  ",,"E  ","C  "
"Plaquemines","Plaquemines Parish Sheriff",,2,,"-  ","-  ","-  ","X  ","X  ",,"E  ","C  "
"Rapides","Rapides Parish Sheriff",,0,,"-  ","-  ","-  ","X  ","-  ",,"E  ","X  "
"Rapides","Alexandria Police",,1,,"X  ","X  ","X  ","X  ","X  ",,"E  ","C  "
"St. Charles","St. Charles Parish Sheriff",,5,,"-  ","X  ","-  ","X  ","X  ",,"E  ","C  "
"St. John the Baptist","St. John the Baptist Sheriff",,4,,"-  ","-  ","-  ","X  ","-  ",,"E  ","C  "
"St. Landry","St. Landry Parish Sheriff",,1,,"-  ","-  ","-  ","X  ","-  ",,"E  ","X  "
"St. Martin","St. Martin Parish Sheriff",,0,,"-  ","X  ","-  ","X  ","-  ",,"E  ","C  "
"St. Tammany","St. Tammany Parish Sheriff",,2,,"X  ","-  ","X  ","X  ","X  ",,"E  ","C  "
"Terrebonne","Terrebonne Parish Sheriff",,2,,"-  ","-  ","-  ","X  ","X  ",,"E  ","C  "
,,," ",,"   ","   ","   ","   ","   ",,"   ","   "
"MAINE",,," ",,"   ","   ","   ","   ","   ",,"   ","   "
,,," ",,"   ","   ","   ","   ","   ",,"   ","   "
"Cumberland","Portland Police",,1,,"X  ","X  ","X  ","-  ","X  ",,"E  ","C  "
" ",,," ",,"   ","   ","   ","   ","   ",,"   ","   "
"MARYLAND",,," ",,"   ","   ","   ","   ","   ",,"   ","   "
,,," ",,"   ","   ","   ","   ","   ",,"   ","   "
"Anne Arundel","Anne Arundel County Police",,4,,"X  ","X  ","-  ","-  ","X  ",,"E  ","C  "
"Anne Arundel","Annapolis Police",,0,,"-  ","X  ","-  ","-  ","-  ",,"E  ","C  "
"Baltimore","Baltimore County Police",,9,,"X  ","X  ","-  ","X  ","-  ",,"E  ","C  "
"Baltimore(city)","Baltimore Police",,9,,"X  ","X  ","X  ","X  ","X  ",,"E  ","C  "
"Charles","Charles County Sheriff",,3,,"X  ","X  ","-  ","-  ","X  ",,"E  ","C  "
"Harford","Harford County Sheriff",,1,,"-  ","X  ","-  ","X  ","X  ",,"E  ","C  "
"Howard","Howard County Police",,2,,"X  ","X  ","-  ","-  ","X  ",,"B  ","-  "
"Montgomery","Montgomery County Police",,5,,"X  ","X  ","-  ","-  ","X  ",,"E  ","C  "
"Prince George's ","Prince George's County Police",,6,,"X  ","-  ","-  ","-  ","X  ",,"E  ","C  "
,,," ",,"   ","   ","   ","   ","   ",,"   ","   "
"MASSACHUSETTS",,," ",,"   ","   ","   ","   ","   ",,"   ","   "
,,," ",,"   ","   ","   ","   ","   ",,"   ","   "
"Bristol","Fall River Police",,0,,"X  ","X  ","-  ","-  ","X  ",,"E  ","C  "
"Bristol","New Bedford Police",,3,,"X  ","X  ","-  ","-  ","X  ",,"E  ","C  "
"Bristol","Taunton Police",,0,,"X  ","X  ","-  ","-  ","X  ",,"E  ","X  "
"Essex","Lawrence Police",,0,,"X  ","X  ","-  ","X  ","X  ",,"E  ","C  "
"Essex","Lynn Police",,0,,"X  ","X  ","-  ","-  ","-  ",,"E  ","C  "
"Hampden","Chicopee Police",,0,,"X  ","X  ","-  ","-  ","-  ",,"E  ","C  "
"Hampden","Holyoke Police",,0,,"X  ","X  ","-  ","-  ","-  ",,"E  ","C  "
"Hampden","Springfield Police",,1,,"X  ","X  ","X  ","-  ","X  ",,"E  ","C  "
"Middlesex","Cambridge Police",,1,,"X  ","X  ","-  ","-  ","X  ",,"E  ","C  "
"Middlesex","Framingham Police",,1,,"X  ","X  ","-  ","-  ","X  ",,"E  ","C  "
"Middlesex","Lowell Police",,3,,"X  ","X  ","X  ","X  ","X  ",,"E  ","C  "
"Middlesex","Malden Police",,0,,"X  ","X  ","-  ","-  ","X  ",,"E  ","C  "
"Middlesex","Medford Police",,"---",,"      ---","      ---","      ---","      ---","      ---",,"        ---","       ---"
"Middlesex","Newton Police",,0,,"X  ","X  ","-  ","-  ","X  ",,"E  ","C  "
"Middlesex","Somerville Police",,0,,"X  ","X  ","-  ","-  ","X  ",,"E  ","C  "
"Middlesex","Waltham Police",,1,,"X  ","X  ","-  ","-  ","X  ",,"E  ","C  "
"Norfolk","Brookline Police",,0,,"X  ","X  ","-  ","-  ","X  ",,"E  ","C  "
"Norfolk","Quincy Police",,0,,"X  ","X  ","X  ","X  ","X  ",,"E  ","C  "
"Plymouth","Brockton Police",,0,,"X  ","X  ","-  ","-  ","-  ",,"E  ","C  "
"Suffolk","Boston Police",,11,,"X  ","X  ","X  ","X  ","X  ",,"E  ","C  "
"Suffolk","Revere Police",,"---",,"      ---","      ---","      ---","      ---","      ---",,"        ---","       ---"
"Worcester ","Worcester Police",,0,,"X  ","X  ","-  ","X  ","X  ",,"E  ","-  "
,,," ",,"   ","   ","   ","   ","   ",,"   ","   "
"MICHIGAN",,," ",,"   ","   ","   ","   ","   ",,"   ","   "
,,," ",,"   ","   ","   ","   ","   ",,"   ","   "
"Calhoun","Battle Creek Police",,1,,"X  ","X  ","-  ","-  ","X  ",,"E  ","C  "
"Genesee","Genesee County Sheriff",,5,,"X  ","-  ","-  ","X  ","X  ",,"E  ","X  "
"Genesee","Flint Police",,1,,"X  ","X  ","X  ","-  ","X  ",,"E  ","C  "
"Ingham","Lansing Police",,2,,"X  ","X  ","-  ","-  ","X  ",,"E  ","C  "
"Kalamazoo","Kalamazoo County Sheriff",,0,,"-  ","-  ","-  ","X  ","-  ",,"E  ","C  "
"Kalamazoo","Kalamazoo Police",,7,,"X  ","X  ","-  ","-  ","X  ",,"E  ","C  "
"Kent","Kent County Sheriff",,0,,"-  ","-  ","-  ","-  ","-  ",,"   ","X  "
"Kent","Grand Rapids Police",,0,,"X  ","X  ","-  ","-  ","X  ",,"E  ","C  "
"Kent","Wyoming Police",,0,,"X  ","X  ","-  ","-  ","X  ",,"E  ","C  "
"Macomb","Macomb County Sheriff",,0,,"X  ","-  ","-  ","X  ","-  ",,"E  ","C  "
"Macomb","Sterling Heights Police",,0,,"X  ","X  ","-  ","-  ","-  ",,"E  ","C  "
"Macomb","Warren Police",,0,,"X  ","X  ","-  ","-  ","X  ",,"B  ","C  "
"Oakland ","Oakland County Sheriff",,0,,"X  ","X  ","X  ","X  ","X  ",,"E  ","C  "
"Oakland ","Farmington Hills Police ",,0,,"X  ","X  ","-  ","-  ","X  ",,"E  ","C  "
"Oakland","Pontiac Police",,0,,"X  ","X  ","-  ","-  ","X  ",,"E  ","C  "
"Oakland","Royal Oak Police",,0,,"-  ","X  ","-  ","-  ","X  ",,"E  ","C  "
"Oakland","Southfield Police",,1,,"X  ","-  ","-  ","-  ","X  ",,"E  ","C  "
"Oakland","Troy Police",,0,,"X  ","X  ","-  ","-  ","-  ",,"E  ","C  "
"Saginaw","Saginaw Police",,0,,"X  ","X  ","-  ","-  ","X  ",,"E  ","-  "
"Washtenaw","Washtenaw County Sheriff",,7,,"-  ","-  ","-  ","-  ","-  ",,"   ","X  "
"Washtenaw","Ann Arbor Police",,5,,"X  ","X  ","-  ","-  ","X  ",,"E  ","C  "
"Wayne","Wayne County Sheriff",,2,,"-  ","-  ","X  ","X  ","X  ",,"-  ","C  "
"Wayne","Dearborn Police",,1,,"X  ","X  ","-  ","-  ","X  ",,"E  ","C  "
"Wayne","Detroit Police",,13,,"X  ","X  ","X  ","X  ","X  ",,"E  ","C  "
"Wayne","Livonia Police",,0,,"-  ","-  ","-  ","-  ","X  ",,"E  ","C  "
"Wayne","Taylor Police",,0,,"X  ","X  ","-  ","-  ","X  ",,"E  ","C  "
"Wayne","Westland Police",,1,,"X  ","X  ","-  ","-  ","X  ",,"E  ","C  "
,,," ",,"   ","   ","   ","   ","   ",,"   ","   "
"MINNESOTA",,," ",,"   ","   ","   ","   ","   ",,"   ","   "
,,," ",,"   ","   ","   ","   ","   ",,"   ","   "
"Hennepin","Hennepin County Sheriff",,8,,"X  ","X  ","-  ","X  ","-  ",,"E  ","C  "
"Hennepin","Bloomington Police",,1,,"-  ","X  ","-  ","-  ","-  ",,"E  ","C  "
"Hennepin","Minneapolis Police",,5,,"X  ","X  ","X  ","-  ","-  ",,"E  ","C  "
"Olmsted","Rochester Police",,0,,"X  ","X  ","-  ","-  ","-  ",,"E  ","C  "
"Ramsey","Ramsey County Sheriff",,2,,"-  ","-  ","-  ","-  ","-  ",,"   ","X  "
"Ramsey","St. Paul Police",,4,,"X  ","X  ","X  ","-  ","X  ",,"E  ","C  "
"St. Louis ","Duluth Police",,1,,"X  ","X  ","-  ","-  ","-  ",,"E  ","C  "
,,," ",,"   ","   ","   ","   ","   ",,"   ","   "
"MISSISSIPPI",,," ",,"   ","   ","   ","   ","   ",,"   ","   "
,,," ",,"   ","   ","   ","   ","   ",,"   ","   "
"Forrest","Hattiesburg Police",,0,,"X  ","X  ","-  ","-  ","X  ",,"E  ","C  "
"Harrison","Harrison County Sheriff",,1,,"X  ","-  ","-  ","X  ","X  ",,"E  ","X  "
"Harrison","Biloxi Police",,0,,"X  ","X  ","-  ","X  ","X  ",,"E  ","X  "
"Harrison","Gulfport Police",,0,,"X  ","X  ","X  ","-  ","X  ",,"B  ","X  "
"Hinds","Jackson Police",,4,,"X  ","-  ","X  ","-  ","X  ",,"E  ","C  "
"Lauderdale","Meridian Police",,3,,"X  ","X  ","X  ","X  ","-  ",,"E  ","C  "
"Lee","Tupelo Police",,0,,"X  ","X  ","-  ","-  ","X  ",,"E  ","-  "
"Warren","Vicksburg Police",,1,,"X  ","-  ","-  ","-  ","X  ",,"E  ","C  "
"Washington","Greenville Police",,0,,"X  ","-  ","-  ","-  ","-  ",,"E  ","C  "
,,," ",,"   ","   ","   ","   ","   ",,"   ","   "
"MISSOURI",,," ",,"   ","   ","   ","   ","   ",,"   ","   "
,,," ",,"   ","   ","   ","   ","   ",,"   ","   "
"Boone","Columbia Police",,0,,"X  ","X  ","-  ","-  ","-  ",,"E  ","C  "
"Buchanan ","St. Joseph Police",,0,,"X  ","-  ","-  ","-  ","X  ",,"E  ","C  "
"Greene","Springfield Police",,0,,"X  ","X  ","-  ","-  ","X  ",,"E  ","C  "
"Jackson","Independence Police",,1,,"X  ","X  ","-  ","-  ","X  ",,"E  ","C  "
"Jackson","Kansas City Police",,5,,"X  ","X  ","-  ","-  ","X  ",,"E  ","C  "
"Jefferson","Jefferson County Sheriff",,1,,"X  ","X  ","-  ","-  ","-  ",,"E  ","-  "
"St. Charles","St. Charles County Sheriff",,0,,"X  ","-  ","-  ","-  ","X  ",,"B  ","C  "
"St. Charles","St. Charles Police",,"---",,"      ---","      ---","      ---","      ---","      ---",,"        ---","       ---"
"St. Louis","St. Louis County Police",,6,,"X  ","X  ","-  ","-  ","-  ",,"E  ","C  "
"St. Louis(city)","St. Louis Police",,3,,"X  ","X  ","X  ","-  ","X  ",,"E  ","C  "
,,," ",,"   ","   ","   ","   ","   ",,"   ","   "
"MONTANA",,," ",,"   ","   ","   ","   ","   ",,"   ","   "
,,," ",,"   ","   ","   ","   ","   ",,"   ","   "
"Yellowstone","Billings Police",,0,,"X  ","X  ","-  ","-  ","X  ",,"E  ","C  "
,,," ",,"   ","   ","   ","   ","   ",,"   ","   "
"NEBRASKA",,," ",,"   ","   ","   ","   ","   ",,"   ","   "
,,," ",,"   ","   ","   ","   ","   ",,"   ","   "
"Douglas","Douglas County Sheriff",,0,,"-  ","-  ","-  ","-  ","-  ",,"E  ","C  "
"Douglas","Omaha Police",,5,,"X  ","X  ","X  ","-  ","X  ",,"E  ","C  "
"Lancaster","Lincoln Police",,1,,"X  ","X  ","-  ","-  ","-  ",,"E  ","C  "
"Sarpy ","Sarpy County Sheriff",,0,,"X  ","-  ","-  ","X  ","-  ",,"E  ","C  "
,,," ",,"   ","   ","   ","   ","   ",,"   ","   "
"NEVADA",,," ",,"   ","   ","   ","   ","   ",,"   ","   "
,,," ",,"   ","   ","   ","   ","   ",,"   ","   "
"Clark","Las Vegas Metropolitan Police",,6,,"X  ","-  ","X  ","-  ","X  ",,"E  ","C  "
"Clark","Henderson Police",,1,,"X  ","X  ","-  ","-  ","X  ",,"E  ","C  "
"Clark","North Las Vegas Police",,0,,"X  ","X  ","-  ","-  ","X  ",,"E  ","C  "
"Washoe ","Washoe County Sheriff",,0,,"X  ","-  ","-  ","X  ","X  ",,"E  ","X  "
"Washoe","Reno Police",,0,,"X  ","X  ","X  ","-  ","X  ",,"E  ","C  "
,,," ",,"   ","   ","   ","   ","   ",,"   ","   "
"NEW HAMPSHIRE",,," ",,"   ","   ","   ","   ","   ",,"   ","   "
,,," ",,"   ","   ","   ","   ","   ",,"   ","   "
"Hillsborough","Manchester Police",,0,,"X  ","X  ","X  ","-  ","X  ",,"B  ","C  "
"Hillsborough","Nashua Police",,0,,"X  ","X  ","-  ","-  ","X  ",,"E  ","C  "
,,," ",,"   ","   ","   ","   ","   ",,"   ","   "
"NEW JERSEY",,," ",,"   ","   ","   ","   ","   ",,"   ","   "
,,," ",,"   ","   ","   ","   ","   ",,"   ","   "
"Atlantic","Atlantic City Police",,1,,"X  ","X  ","-  ","-  ","X  ",,"E  ","C  "
"Bergen","Hackensack Police",,0,,"X  ","X  ","-  ","-  ","X  ",,"E  ","X  "
"Camden","Camden Police",,4,,"X  ","X  ","X  ","-  ","X  ",,"E  ","C  "
"Camden","Cherry Hill Police",,0,,"-  ","-  ","-  ","-  ","-  ",,"E  ","C  "
"Cape May","Cape May County Sheriff",,0,,"X  ","X  ","-  ","-  ","-  ",,"-  ","-  "
"Cumberland","Vineland Police",,0,,"X  ","X  ","-  ","-  ","-  ",,"E  ","C  "
"Essex","Belleville Police",,0,,"X  ","X  ","-  ","-  ","X  ",,"E  ","C  "
"Essex","Bloomfield Police",,0,,"X  ","X  ","-  ","-  ","-  ",,"E  ","C  "
"Essex","East Orange Police",,0,,"X  ","X  ","-  ","-  ","X  ",,"E  ","C  "
"Essex","Irvington Police",,0,,"-  ","X  ","-  ","-  ","-  ",,"B  ","C  "
"Essex","Montclair Police",,0,,"X  ","X  ","-  ","-  ","-  ",,"E  ","C  "
"Essex","Newark Police",,4,,"-  ","X  ","X  ","-  ","X  ",,"B  ","C  "
"Essex","Orange Police",,0,,"X  ","-  ","-  ","-  ","X  ",,"E  ","C  "
"Essex","West Orange Police",,0,,"X  ","X  ","-  ","-  ","X  ",,"E  ","C  "
"Hudson","Hudson County Sheriff",,1,,"X  ","-  ","-  ","-  ","X  ",,"E  ","X  "
"Hudson","Bayonne Police",,0,,"X  ","X  ","-  ","-  ","X  ",,"E  ","C  "
"Hudson","Hoboken Police",,0,,"X  ","X  ","-  ","X  ","X  ",,"E  ","C  "
"Hudson","Jersey City Police",,4,,"X  ","X  ","-  ","X  ","X  ",,"E  ","C  "
"Hudson","Kearny Police",,1,,"-  ","-  ","-  ","-  ","-  ",,"   ","X  "
"Hudson","North Bergen Police",,1,,"X  ","X  ","-  ","-  ","-  ",,"E  ","C  "
"Hudson","Union City Police",,1,,"X  ","X  ","-  ","-  ","-  ",,"B  ","C  "
"Hudson","West New York Police",,0,,"X  ","X  ","-  ","-  ","X  ",,"E  ","C  "
"Mercer","Hamilton Police",,1,,"X  ","X  ","-  ","-  ","X  ",,"E  ","C  "
"Mercer","Trenton Police",,2,,"X  ","X  ","-  ","-  ","X  ",,"E  ","C  "
"Middlesex","Edison Police",,"---",,"      ---","      ---","      ---","      ---","      ---",,"        ---","       ---"
"Middlesex","New Brunswick Police",,0,,"X  ","X  ","-  ","-  ","-  ",,"E  ","C  "
"Middlesex","Perth Amboy Police",,1,,"X  ","X  ","-  ","-  ","X  ",,"E  ","C  "
"Middlesex","Woodbridge Police",,0,,"X  ","X  ","-  ","-  ","-  ",,"E  ","C  "
"Morris","Parsippany Police",,0,,"-  ","-  ","-  ","-  ","-  ",,"B  ","C  "
"Ocean","Brick Township Police",,0,,"X  ","-  ","-  ","-  ","-  ",,"B  ","C  "
"Ocean","Dover Township Police",,1,,"X  ","X  ","-  ","-  ","-  ",,"E  ","C  "
"Passaic","Passaic County Sheriff",,0,,"-  ","X  ","X  ","-  ","X  ",,"E  ","X  "
"Passaic","Clifton Police",,0,,"X  ","-  ","-  ","-  ","X  ",,"E  ","C  "
"Passaic","Passaic Police",,0,,"-  ","X  ","-  ","-  ","X  ",,"E  ","C  "
"Passaic","Paterson Police",,"---",,"      ---","      ---","      ---","      ---","      ---",,"        ---","       ---"
"Passaic","Wayne Police",,0,,"X  ","X  ","-  ","-  ","X  ",,"E  ","C  "
"Union","Elizabeth Police",,0,,"-  ","X  ","-  ","-  ","X  ",,"E  ","C  "
"Union","Linden Police",,0,,"X  ","X  ","-  ","-  ","-  ",,"E  ","C  "
"Union","Plainfield Police",,1,,"X  ","X  ","-  ","-  ","-  ",,"E  ","C  "
"Union","Union Police",,0,,"X  ","X  ","-  ","-  ","-  ",,"E  ","C  "
,,," ",,"   ","   ","   ","   ","   ",,"   ","   "
"NEW MEXICO",,," ",,"   ","   ","   ","   ","   ",,"   ","   "
,,," ",,"   ","   ","   ","   ","   ",,"   ","   "
"Bernalillo","Bernalillo County Sheriff",,0,,"X  ","X  ","-  ","-  ","-  ",,"E  ","-  "
"Bernalillo","Albuquerque Police",,5,,"X  ","X  ","X  ","-  ","X  ",,"E  ","C  "
"Dona Ana","Las Cruces Police",,0,,"X  ","-  ","-  ","-  ","X  ",,"E  ","C  "
"Santa Fe ","Santa Fe Police",,0,,"X  ","X  ","X  ","-  ","X  ",,"E  ","C  "
,,," ",,"   ","   ","   ","   ","   ",,"   ","   "
"NEW YORK",,," ",,"   ","   ","   ","   ","   ",,"   ","   "
,,," ",,"   ","   ","   ","   ","   ",,"   ","   "
"Albany","Albany County Sheriff",,1,,"-  ","-  ","-  ","X  ","-  ",,"E  ","C  "
"Albany","Albany Police",,5,,"X  ","X  ","X  ","-  ","X  ",,"E  ","C  "
"Albany","Colonie Police",,0,,"-  ","-  ","-  ","-  ","X  ",,"E  ","C  "
"Broome","Binghamton Police",,1,,"X  ","X  ","-  ","-  ","-  ",,"B  ","C  "
"Dutchess","Dutchess County Sheriff",,6,,"X  ","-  ","-  ","X  ","-  ",,"E  ","C  "
"Erie","Erie County Sheriff",,11,,"-  ","-  ","X  ","X  ","-  ",,"E  ","X  "
"Erie","Amherst Police",,0,,"X  ","X  ","-  ","-  ","X  ",,"E  ","C  "
"Erie","Buffalo Police",,6,,"X  ","X  ","-  ","-  ","-  ",,"E  ","C  "
"Erie","Cheektowaga Police",,0,,"X  ","X  ","-  ","-  ","X  ",,"E  ","C  "
"Erie","Tonawanda Police",,0,,"-  ","-  ","-  ","-  ","-  ",,"E  ","C  "
"Monroe","Monroe County Sheriff",,3,,"X  ","-  ","X  ","X  ","X  ",,"E  ","-  "
"Monroe","Rochester Police",,7,,"X  ","X  ","X  ","-  ","X  ",,"E  ","C  "
"Nassau","Nassau County Police",,8,,"X  ","X  ","X  ","X  ","X  ",,"E  ","C  "
"Nassau","Hempstead Police",,0,,"X  ","-  ","-  ","-  ","X  ",,"E  ","C  "
"New York City","New York City Police",,97,,"X  ","X  ","X  ","X  ","X  ",,"E  ","C  "
"Niagara","Niagara County Sheriff",,0,,"-  ","-  ","-  ","X  ","-  ",,"E  ","C  "
"Niagara","Niagara Falls Police",,0,,"X  ","X  ","-  ","-  ","X  ",,"E  ","C  "
"Oneida","Utica Police",,0,,"X  ","X  ","-  ","-  ","X  ",,"E  ","X  "
"Onondaga","Onondaga County Sheriff",,0,,"X  ","-  ","-  ","X  ","-  ",,"E  ","X  "
"Onondaga","Syracuse Police",,1,,"X  ","X  ","-  ","X  ","X  ",,"E  ","-  "
"Rensselaer","Troy Police",,1,,"X  ","X  ","X  ","-  ","X  ",,"E  ","-  "
"Rockland","Rockland County Sheriff",,3,,"-  ","X  ","X  ","X  ","-  ",,"E  ","X  "
"Rockland","Clarkstown Police",,0,,"X  ","X  ","-  ","-  ","-  ",,"E  ","C  "
"Rockland","Ramapo Police",,1,,"-  ","-  ","-  ","-  ","-  ",,"E  ","C  "
"Schenectady ","Schenectady Police",,0,,"X  ","X  ","-  ","-  ","X  ",,"E  ","C  "
"Suffolk","Suffolk County Sheriff",,5,,"-  ","-  ","-  ","-  ","-  ",,"-  ","-  "
"Suffolk","Suffolk County Police",,7,,"X  ","X  ","-  ","X  ","X  ",,"E  ","C  "
"Westchester","Westchester County Police",,4,,"X  ","X  ","-  ","X  ","X  ",,"E  ","C  "
"Westchester","Greenburgh Police",,1,,"X  ","X  ","-  ","-  ","-  ",,"E  ","C  "
"Westchester","Mt. Vernon Police",,0,,"X  ","X  ","-  ","-  ","X  ",,"E  ","C  "
"Westchester","New Rochelle Police",,0,,"X  ","X  ","-  ","X  ","X  ",,"E  ","C  "
"Westchester","White Plains Police",,0,,"-  ","X  ","X  ","-  ","X  ",,"E  ","C  "
"Westchester","Yonkers Police",,4,,"X  ","X  ","-  ","-  ","X  ",,"E  ","C  "
,,," ",,"   ","   ","   ","   ","   ",,"   ","   "
"NORTH CAROLINA",,," ",,"   ","   ","   ","   ","   ",,"   ","   "
,,," ",,"   ","   ","   ","   ","   ",,"   ","   "
"Alamance","Burlington Police",,0,,"X  ","-  ","-  ","-  ","-  ",,"E  ","C  "
"Buncombe","Buncombe County Sheriff",,2,,"-  ","-  ","-  ","-  ","-  ",,"E  ","C  "
"Buncombe","Asheville Police",,0,,"X  ","X  ","X  ","-  ","-  ",,"E  ","C  "
"Cabarrus","Cabarrus County Sheriff",,0,,"-  ","-  ","-  ","-  ","-  ",,"E  ","C  "
"Catawba","Hickory Police",,0,,"X  ","X  ","-  ","X  ","-  ",,"E  ","C  "
"Cumberland","Cumberland County Sheriff",,0,,"X  ","X  ","-  ","-  ","X  ",,"E  ","C  "
"Cumberland","Fayetteville Police",,2,,"X  ","X  ","X  ","-  ","X  ",,"E  ","C  "
"Davidson","Davidson County Sheriff",,0,,"-  ","X  ","-  ","X  ","X  ",,"E  ","C  "
"Durham ","Durham County Sheriff",,0,,"-  ","-  ","-  ","-  ","X  ",,"E  ","X  "
"Durham","Durham Police",,4,,"X  ","X  ","-  ","-  ","X  ",,"E  ","C  "
"Forsyth","Forsyth County Sheriff",,0,,"-  ","-  ","-  ","-  ","-  ",,"E  ","C  "
"Forsyth","Winston-Salem Police",,1,,"X  ","X  ","-  ","-  ","X  ",,"E  ","C  "
"Gaston","Gaston County Police",,1,,"X  ","-  ","-  ","-  ","-  ",,"E  ","C  "
"Gaston","Gastonia Police",,1,,"X  ","X  ","-  ","-  ","-  ",,"E  ","C  "
"Guilford","Guilford County Sheriff",,3,,"-  ","-  ","-  ","-  ","-  ",,"B  ","-  "
"Guilford","Greensboro Police",,1,,"X  ","X  ","-  ","-  ","X  ",,"E  ","C  "
"Guilford","High Point Police",,0,,"-  ","-  ","-  ","-  ","X  ",,"E  ","C  "
"Mecklenburg","Charlotte-Mecklenburg Police",,3,,"X  ","X  ","-  ","X  ","-  ",,"E  ","C  "
"Nash","Rocky Mount Police",,0,,"X  ","X  ","-  ","X  ","-  ",,"E  ","C  "
"New Hanover","Wilmington Police",,1,,"X  ","X  ","X  ","-  ","-  ",,"E  ","-  "
"Orange","Orange County Sheriff",,1,,"-  ","X  ","-  ","-  ","-  ",,"E  ","C  "
"Pitt","Greenville Police",,0,,"X  ","X  ","-  ","-  ","X  ",,"E  ","C  "
"Rowan","Rowan County Sheriff",,0,,"-  ","-  ","-  ","-  ","-  ",,"B  ","-  "
"Union","Union County Sheriff",,4,,"X  ","-  ","-  ","-  ","-  ",,"E  ","-  "
"Wake","Wake County Sheriff",,0,,"-  ","-  ","-  ","X  ","X  ",,"E  ","C  "
"Wake","Raleigh Police",,0,,"X  ","X  ","X  ","-  ","X  ",,"E  ","C  "
"Wilson","Wilson Police",,3,,"X  ","X  ","X  ","-  ","-  ",,"E  ","C  "
,,," ",,"   ","   ","   ","   ","   ",,"   ","   "
"OHIO",,," ",,"   ","   ","   ","   ","   ",,"   ","   "
,,," ",,"   ","   ","   ","   ","   ",,"   ","   "
"Butler","Butler County Sheriff",,0,,"X  ","X  ","X  ","X  ","X  ",,"B  ","X  "
"Butler","Hamilton Police",,0,,"X  ","X  ","-  ","-  ","-  ",,"E  ","C  "
"Clark","Clark County Sheriff",,2,,"X  ","X  ","-  ","-  ","-  ",,"E  ","C  "
"Clark","Springfield Police",,0,,"X  ","X  ","-  ","-  ","-  ",,"E  ","C  "
"Cuyahoga","Cleveland Police",,6,,"X  ","X  ","X  ","X  ","X  ",,"E  ","C  "
"Cuyahoga","Cleveland Heights Police",,3,,"-  ","X","-  ","-  ","X  ",,"E  ","C  "
"Cuyahoga","Euclid Police",,0,,"X  ","-  ","-  ","-  ","-  ",,"E  ","X  "
"Franklin","Franklin County Sheriff",,10,,"X  ","X  ","-  ","-  ","-  ",,"E  ","X  "
"Franklin","Columbus Police",,15,,"X  ","X  ","X  ","X  ","X  ",,"E  ","C  "
"Hamilton","Hamilton County Sheriff",,4,,"X  ","-  ","-  ","X  ","X  ",,"E  ","C  "
"Hamilton","Cincinnati Police",,5,,"X  ","X  ","-  ","-  ","X  ",,"E  ","C  "
"Lorain","Lorain Police",,0,,"X  ","-  ","-  ","X  ","-  ",,"B  ","C  "
"Lucas","Lucas County Sheriff",,5,,"-  ","-  ","-  ","X  ","-  ",,"E  ","C  "
"Lucas","Toledo Police",,2,,"X  ","X  ","X  ","X  ","X  ",,"E  ","C  "
"Mahoning","Youngstown Police",,1,,"-  ","-  ","-  ","-  ","-  ",,"B  ","X  "
"Montgomery","Montgomery County Sheriff",,4,,"X  ","X  ","-  ","-  ","-  ",,"E  ","C  "
"Montgomery","Dayton Police",,5,,"X  ","X  ","X  ","-  ","X  ",,"E  ","C  "
"Stark ","Stark County Sheriff",,0,,"-  ","-  ","-  ","-  ","-  ",,"E  ","C  "
"Stark","Canton Police",,1,,"X  ","X  ","-  ","-  ","-  ",,"E  ","C  "
"Summit","Summit County Sheriff",,5,,"X  ","X  ","X  ","X  ","-  ",,"E  ","C  "
"Summit","Akron Police",,1,,"X  ","X  ","-  ","-  ","X  ",,"E  ","X  "
,,," ",,"   ","   ","   ","   ","   ",,"   ","   "
"OKLAHOMA",,," ",,"   ","   ","   ","   ","   ",,"   ","   "
,,," ",,"   ","   ","   ","   ","   ",,"   ","   "
"Cleveland","Norman Police",,0,,"X  ","-  ","-  ","-  ","-  ",,"E  ","C  "
"Comanche","Lawton Police",,0,,"X  ","-  ","-  ","X  ","-  ",,"E  ","-  "
"Oklahoma","Oklahoma County Sheriff",,3,,"X  ","X  ","X  ","-  ","X  ",,"E  ","X  "
"Oklahoma","Oklahoma City Police",,4,,"X  ","X  ","X  ","X  ","X  ",,"E  ","C  "
"Tulsa","Tulsa County Sheriff",,1,,"-  ","-  ","-  ","-  ","-  ",,"E  ","-  "
"Tulsa","Tulsa Police",,7,,"X  ","X  ","X  ","-  ","X  ",,"E  ","C  "
,,," ",,"   ","   ","   ","   ","   ",,"   ","   "
"OREGON",,," ",,"   ","   ","   ","   ","   ",,"   ","   "
,,," ",,"   ","   ","   ","   ","   ",,"   ","   "
"Clackamas","Clackamas County Sheriff",,2,,"-  ","-  ","X  ","X  ","X  ",,"E  ","C  "
"Douglas","Douglas County Sheriff",,3,,"X  ","-  ","-  ","X  ","-  ",,"B  ","-  "
"Jackson","Jackson County Sheriff",,2,,"X  ","-  ","-  ","X  ","-  ",,"E  ","X  "
"Lane ","Lane County Sheriff",,1,,"X  ","X  ","-  ","-  ","X  ",,"E  ","C  "
"Lane ","Eugene Police",,0,,"-  ","X  ","-  ","X  ","-  ",,"E  ","C  "
"Marion","Salem Police",,1,,"X  ","X  ","-  ","-  ","X  ",,"E  ","C  "
"Multnomah","Gresham Police",,0,,"-  ","-  ","-  ","-  ","X  ",,"E  ","C  "
"Multnomah","Portland Police",,5,,"X  ","X  ","-  ","-  ","X  ",,"E  ","C  "
"Washington","Washington County Sheriff",,1,,"-  ","-  ","-  ","X  ","-  ",,"E  ","C  "
"Washington ","Beaverton Police",,1,,"X  ","-  ","-  ","-  ","X  ",,"E  ","C  "
" ",,," ",,"   ","   ","   ","   ","   ",,"   ","   "
"PENNSYLVANIA",,," ",,"   ","   ","   ","   ","   ",,"   ","   "
,,," ",,"   ","   ","   ","   ","   ",,"   ","   "
"Allegheny","Allegheny County Sheriff",,5,,"-  ","-  ","-  ","-  ","-  ",,"-  ","-  "
"Allegheny","Allegheny County Police",,4,,"-  ","X  ","X  ","-  ","X  ",,"E  ","C  "
"Allegheny","Pittsburgh Police",,10,,"X  ","X  ","X  ","X  ","X  ",,"E  ","C  "
"Berks","Reading Police",,0,,"X  ","-  ","-  ","-  ","X  ",,"E  ","C  "
"Dauphin","Harrisburg Police",,0,,"X  ","X  ","X  ","-  ","X  ",,"E  ","C  "
"Delaware","Chester Police",,0,,"X  ","X  ","-  ","-  ","X  ",,"B  ","-  "
"Delaware","Upper Darby Township Police",,0,,"X  ","X  ","-  ","-  ","X  ",,"E  ","-  "
"Erie","Erie Police",,0,,"X  ","-  ","-  ","-  ","X  ",,"E  ","C  "
"Lackawanna","Scranton Police",,2,,"X  ","X  ","-  ","-  ","-  ",,"E  ","-  "
"Lancaster","Lancaster Police",,0,,"X  ","X  ","X  ","-  ","X  ",,"E  ","-  "
"Lehigh","Allentown Police",,0,,"X  ","X  ","-  ","-  ","X  ",,"E  ","C  "
"Montgomery","Lower Merion Township Police",,0,,"X  ","X  ","-  ","-  ","-  ",,"E  ","C  "
"Northampton","Bethlehem Police",,0,,"X  ","X  ","-  ","-  ","X  ",,"E  ","C  "
"Philadelphia","Philadelphia Police",,23,,"X  ","X  ","X  ","X  ","X  ",,"E  ","C  "
,,," ",,"   ","   ","   ","   ","   ",,"   ","   "
"RHODE ISLAND",,," ",,"   ","   ","   ","   ","   ",,"   ","   "
,,," ",,"   ","   ","   ","   ","   ",,"   ","   "
"Kent ","Warwick Police",,0,,"X  ","-  ","-  ","-  ","X  ",,"E  ","C  "
"Providence","Cranston Police",,0,,"X  ","-  ","-  ","-  ","-  ",,"E  ","C  "
"Providence","Pawtucket Police",,1,,"-  ","-  ","-  ","-  ","-  ",,"E  ","C  "
"Providence","Providence Police",,2,,"X  ","X  ","-  ","X  ","X  ",,"E  ","C  "
,,," ",,"   ","   ","   ","   ","   ",,"   ","   "
"SOUTH CAROLINA",,," ",,"   ","   ","   ","   ","   ",,"   ","   "
,,," ",,"   ","   ","   ","   ","   ",,"   ","   "
"Anderson","Anderson County Sheriff",,1,,"-  ","-  ","-  ","-  ","-  ",,"E  ","-  "
"Beaufort","Beaufort County Sheriff",,1,,"-  ","-  ","-  ","X  ","-  ",,"E  ","C  "
"Charleston","Charleston County Sheriff",,13,,"X  ","-  ","-  ","X  ","X  ",,"E  ","C  "
"Charleston","Charleston Police",,1,,"X  ","X  ","X  ","X  ","X  ",,"E  ","C  "
"Charleston","North Charleston Police",,3,,"X  ","-  ","-  ","X  ","X  ",,"E  ","C  "
"Florence","Florence County Sheriff",,0,,"X  ","-  ","-  ","X  ","-  ",,"E  ","C  "
"Greenville","Greenville County Sheriff",,2,,"-  ","-  ","-  ","-  ","-  ",,"E  ","C  "
"Greenville","Greenville Police",,1,,"X  ","X  ","-  ","-  ","-  ",,"E  ","C  "
"Horry","Horry County Police",,0,,"X  ","-  ","-  ","-  ","X  ",,"E  ","C  "
"Horry","Myrtle Beach Police",,0,,"X  ","X  ","-  ","X  ","X  ",,"E  ","C  "
"Lexington","Lexington County Sheriff",,4,,"-  ","-  ","X  ","X  ","-  ",,"B  ","C  "
"Richland","Richland County Sheriff",,4,,"X  ","-  ","-  ","X  ","-  ",,"E  ","-  "
"Richland","Columbia Police",,3,,"-  ","X  ","X  ","-  ","X  ",,"E  ","-  "
"Spartanburg","Spartanburg County Sheriff",,0,,"-  ","-  ","-  ","-  ","-  ",,"E  ","C  "
"Spartanburg","Spartanburg Police",,0,,"X  ","X  ","-  ","-  ","X  ",,"E  ","-  "
,,," ",,"   ","   ","   ","   ","   ",,"   ","   "
"SOUTH DAKOTA",,," ",,"   ","   ","   ","   ","   ",,"   ","   "
,,," ",,"   ","   ","   ","   ","   ",,"   ","   "
"Minnehaha","Sioux Falls Police",,0,,"X  ","-  ","-  ","-  ","X  ",,"E  ","C  "
,,," ",,"   ","   ","   ","   ","   ",,"   ","   "
"TENNESSEE",,," ",,"   ","   ","   ","   ","   ",,"   ","   "
,,," ",,"   ","   ","   ","   ","   ",,"   ","   "
"Blount","Blount County Sheriff",,0,,"X  ","-  ","-  ","X  ","-  ",,"E  ","C  "
"Davidson","Nashville Metropolitan Police",,4,,"X  ","X  ","X  ","X  ","X  ",,"E  ","C  "
"Hamilton","Hamilton County Sheriff",,0,,"-  ","-  ","-  ","-  ","-  ",,"   ","X  "
"Hamilton","Chattanooga Police",,2,,"X  ","-  ","-  ","-  ","X  ",,"E  ","C  "
"Knox","Knox County Sheriff",,3,,"X  ","-  ","-  ","-  ","X  ",,"E  ","C  "
"Knox","Knoxville Police",,1,,"X  ","X  ","-  ","-  ","X  ",,"E  ","C  "
"Madison","Jackson Police",,0,,"X  ","X  ","-  ","-  ","X  ",,"E  ","C  "
"Montgomery","Clarksville Police",,3,,"X  ","-  ","X  ","-  ","-  ",,"E  ","-  "
"Rutherford","Murfreesboro Police",,0,,"X  ","X  ","-  ","-  ","X  ",,"E  ","C  "
"Shelby","Shelby County Sheriff",,1,,"-  ","-  ","-  ","-  ","-  ",,"   ","X  "
"Shelby","Memphis Police",,8,,"X  ","X  ","X  ","X  ","X  ",,"E  ","C  "
"Sullivan","Sullivan County Sheriff",,1,,"-  ","-  ","-  ","-  ","-  ",,"E  ","C  "
"Washington","Johnson City Police",,0,,"X  ","X  ","-  ","-  ","X  ",,"E  ","X  "
,,," ",,"   ","   ","   ","   ","   ",,"   ","   "
"TEXAS",,," ",,"   ","   ","   ","   ","   ",,"   ","   "
,,," ",,"   ","   ","   ","   ","   ",,"   ","   "
"Bell","Killeen Police",,2,,"X  ","-  ","-  ","-  ","-  ",,"E  ","C  "
"Bell","Temple Police",,1,,"X  ","X  ","-  ","-  ","X  ",,"E  ","C  "
"Bexar","Bexar County Sheriff",,0,,"-  ","-  ","-  ","-  ","-  ",,"E  ","C  "
"Bexar","San Antonio Police",,6,,"X  ","X  ","-  ","-  ","X  ",,"E  ","C  "
"Brazoria","Brazoria County Sheriff",,0,,"-  ","-  ","X  ","X  ","-  ",,"E  ","C  "
"Cameron","Brownsville Police",,0,,"X  ","-  ","-  ","-  ","X  ",,"E  ","C  "
"Cameron","Harlingen Police",,0,,"X  ","-  ","-  ","-  ","X  ",,"E  ","C  "
"Collin","Plano Police",,2,,"X  ","X  ","-  ","-  ","X  ",,"E  ","C  "
"Dallas","Dallas County Sheriff",,7,,"-  ","-  ","X  ","-  ","-  ",,"E  ","C  "
"Dallas ","Carrollton Police",,1,,"X  ","-  ","-  ","-  ","X  ",,"E  ","C  "
"Dallas","Dallas Police",,6,,"X  ","X  ","-  ","-  ","X  ",,"E  ","C  "
"Dallas","Garland Police",,0,,"-  ","-  ","-  ","-  ","X  ",,"E  ","C  "
"Dallas","Grand Prairie Police",,0,,"X  ","-  ","-  ","X  ","X  ",,"E  ","C  "
"Dallas","Irving Police",,0,,"X  ","X  ","-  ","-  ","X  ",,"E  ","C  "
"Dallas","Mesquite Police",,0,,"X  ","-  ","-  ","-  ","-  ",,"E  ","X  "
"Dallas","Richardson Police",,0,,"X  ","X  ","-  ","-  ","X  ",,"E  ","C  "
"Denton","Denton County Sheriff",,0,,"-  ","-  ","-  ","X  ","-  ",,"E  ","C  "
"Denton","Denton Police",,0,,"X  ","X  ","-  ","-  ","X  ",,"E  ","C  "
"Ector","Odessa Police",,0,,"X  ","X  ","-  ","-  ","-  ",,"E  ","C  "
"El Paso ","El Paso County Sheriff",,0,,"-  ","-  ","-  ","-  ","X  ",,"E  ","C  "
"El Paso","El Paso Police",,5,,"X  ","X  ","-  ","-  ","X  ",,"E  ","C  "
"Fort Bend","Fort Bend County Sheriff",,0,,"-  ","-  ","-  ","-  ","X  ",,"E  ","C  "
"Galveston ","Galveston County Sheriff",,0,,"-  ","-  ","-  ","-  ","-  ",,"   ","X  "
"Galveston ","Galveston Police",,2,,"X  ","X  ","-  ","-  ","X  ",,"E  ","C  "
"Gregg","Longview Police",,0,,"X  ","-  ","-  ","-  ","X  ",,"E  ","C  "
"Harris","Harris County Sheriff",,4,,"X  ","-  ","X  ","X  ","X  ",,"E  ","C  "
"Harris","Baytown Police",,0,,"X  ","X  ","X  ","-  ","-  ",,"E  ","C  "
"Harris","Houston Police",,11,,"X  ","X  ","X  ","-  ","X  ",,"B  ","C  "
"Harris","Pasadena Police",,0,,"X  ","-  ","-  ","-  ","X  ",,"E  ","C  "
"Hidalgo","Hidalgo County Sheriff",,0,,"-  ","X  ","-  ","-  ","-  ",,"E  ","X  "
"Hidalgo","McAllen Police",,0,,"X  ","X  ","-  ","-  ","X  ",,"E  ","C  "
"Jefferson","Beaumont Police",,1,,"-  ","-  ","-  ","-  ","X  ",,"E  ","C  "
"Jefferson","Port Arthur Police",,0,,"X  ","X  ","-  ","-  ","-  ",,"E  ","C  "
"Lubbock","Lubbock Police",,0,,"-  ","-  ","X  ","-  ","X  ",,"E  ","C  "
"McLennan","McLennan County Sheriff",,0,,"-  ","-  ","-  ","-  ","-  ",,"   ","X  "
"McLennan","Waco Police",,0,,"-  ","-  ","-  ","-  ","-  ",,"E  ","C  "
"Midland","Midland Police",,0,,"X  ","-  ","-  ","-  ","-  ",,"E  ","C  "
"Montgomery","Montgomery County Sheriff",,5,,"X  ","-  ","X  ","X  ","-  ",,"B  ","C  "
"Nueces","Nueces County Sheriff",,2,,"X  ","X  ","-  ","X  ","-  ",,"E  ","C  "
"Nueces","Corpus Christi Police",,3,,"X  ","X  ","-  ","-  ","X  ",,"E  ","C  "
"Potter","Amarillo Police",,0,,"X  ","X  ","-  ","-  ","X  ",,"E  ","C  "
"Smith","Smith County Sheriff",,2,,"-  ","-  ","X  ","X  ","X  ",,"E  ","C  "
"Smith","Tyler Police",,2,,"X  ","-  ","-  ","-  ","X  ",,"E  ","C  "
"Tarrant","Tarrant County Sheriff",,4,,"X  ","X  ","X  ","-  ","-  ",,"B  ","C  "
"Tarrant","Arlington Police",,2,,"X  ","X  ","X  ","X  ","X  ",,"E  ","C  "
"Tarrant","Fort Worth Police",,4,,"X  ","X  ","X  ","-  ","X  ",,"E  ","C  "
"Taylor","Abilene Police",,0,,"X  ","-  ","X  ","-  ","X  ",,"E  ","C  "
"Tom Green","San Angelo Police",,0,,"-  ","-  ","-  ","-  ","X  ",,"E  ","C  "
"Travis","Travis County Sheriff",,2,,"X  ","-  ","-  ","X  ","X  ",,"E  ","C  "
"Travis","Austin Police",,3,,"X  ","X  ","X  ","-  ","X  ",,"E  ","C  "
"Victoria","VIctoria County Sheriff",,0,,"-  ","-  ","-  ","-  ","-  ",,"E  ","C  "
"Webb","Webb County Sheriff",,0,,"-  ","-  ","-  ","-  ","-  ",,"E  ","C  "
"Webb","Laredo Police",,9,,"X  ","X  ","-  ","-  ","X  ",,"B  ","C  "
"Wichita","Wichita Falls Police",,0,,"X  ","-  ","-  ","-  ","X  ",,"E  ","C  "
"Williamson","Williamson County Sheriff",,0,,"-  ","-  ","-  ","-  ","X  ",,"E  ","C  "
,,," ",,"   ","   ","   ","   ","   ",,"   ","   "
"UTAH",,," ",,"   ","   ","   ","   ","   ",,"   ","   "
,,," ",,"   ","   ","   ","   ","   ",,"   ","   "
"Salt Lake","Salt Lake County Sheriff",,4,,"X  ","X  ","-  ","-  ","X  ",,"E  ","C  "
"Salt Lake","Salt Lake City Police",,1,,"X  ","-  ","-  ","-  ","X  ",,"E  ","C  "
"Salt Lake","West Valley City Police",,0,,"X  ","X  ","-  ","-  ","X  ",,"E  ","-  "
"Utah","Utah County Sheriff",,0,,"X  ","-  ","-  ","-  ","-  ",,"E  ","C  "
"Weber","Ogden Police",,0,,"X  ","X  ","-  ","-  ","X  ",,"E  ","C  "
,,," ",,"   ","   ","   ","   ","   ",,"   ","   "
"VIRGINIA",,," ",,"   ","   ","   ","   ","   ",,"   ","   "
,,," ",,"   ","   ","   ","   ","   ",,"   ","   "
"Albemarle","Albemarle County Police",,0,,"X  ","X  ","-  ","-  ","X  ",,"E  ","-  "
"Alexandria(city)","Alexandria Police",,1,,"X  ","X  ","-  ","-  ","X  ",,"E  ","C  "
"Arlington","Arlington County Police",,0,,"X  ","X  ","-  ","-  ","X  ",,"E  ","C  "
"Chesapeake(city)","Chesapeake Police",,3,,"X  ","-  ","-  ","X  ","X  ",,"E  ","C  "
"Chesterfield","Chesterfield County Police",,1,,"X  ","-  ","-  ","X  ","X  ",,"E  ","C  "
"Danville(city)","Danville Police",,2,,"X  ","X  ","X  ","-  ","-  ",,"E  ","C  "
"Fairfax","Fairfax County Police",,7,,"X  ","X  ","-  ","X  ","X  ",,"E  ","C  "
"Hampton(city)","Hampton Police",,1,,"X  ","X  ","-  ","X  ","-  ",,"E  ","C  "
"Hanover","Hanover County Sheriff",,0,,"-  ","X  ","X  ","-  ","-  ",,"E  ","C  "
"Henrico","Henrico County Police",,2,,"X  ","X  ","X  ","X  ","X  ",,"E  ","C  "
"Loudoun","Loudoun County Sheriff",,0,,"X  ","-  ","-  ","-  ","X  ",,"E  ","X  "
"Lynchburg(city)","Lynchburg Police",,0,,"X  ","X  ","-  ","-  ","X  ",,"E  ","C  "
"Newport News(city)","Newport News Police",,3,,"X  ","X  ","-  ","X  ","X  ",,"E  ","C  "
"Norfolk(city)","Norfolk Police",,2,,"X  ","X  ","-  ","X  ","X  ",,"E  ","C  "
"Portsmouth(city)","Portsmouth Police",,1,,"X  ","-  ","-  ","X  ","X  ",,"E  ","C  "
"Prince William","Prince William County Police",,2,,"X  ","X  ","-  ","-  ","X  ",,"E  ","C  "
"Richmond(city)","Richmond Police",,4,,"X  ","X  ","X  ","-  ","X  ",,"E  ","C  "
"Roanoke(city)","Roanoke Police",,0,,"X  ","X  ","X  ","-  ","X  ",,"E  ","C  "
"Suffolk(city)","Suffolk Police",,1,,"X  ","X  ","-  ","-  ","X  ",,"E  ","C  "
"Virginia Beach(city)","Virginia Beach Police",,4,,"X  ","X  ","X  ","X  ","X  ",,"E  ","C  "
,,," ",,"   ","   ","   ","   ","   ",,"   ","   "
"WASHINGTON",,," ",,"   ","   ","   ","   ","   ",,"   ","   "
,,," ",,"   ","   ","   ","   ","   ",,"   ","   "
"Clark","Clark County Sheriff",,2,,"-  ","-  ","-  ","X  ","-  ",,"E  ","C  "
"Clark","Vancouver Police",,2,,"X  ","X  ","X  ","-  ","X  ",,"E  ","C  "
"King","King County Sheriff",,19,,"X  ","-  ","-  ","X  ","X  ",,"E  ","C  "
"King","Bellevue Police",,0,,"X  ","-  ","-  ","-  ","X  ",,"E  ","C  "
"King","Federal Way Police",,0,,"X  ","X  ","-  ","-  ","X  ",,"E  ","C  "
"King","Kent Police",,4,,"X  ","-  ","-  ","X  ","X  ",,"E  ","C  "
"King ","Seattle Police",,4,,"X  ","X  ","-  ","X  ","X  ",,"E  ","C  "
"Kitsap","Kitsap County Sheriff",,3,,"X  ","X  ","-  ","X  ","X  ",,"E  ","C  "
"Pierce","Pierce County Sheriff",,9,,"X  ","-  ","-  ","X  ","X  ",,"E  ","C  "
"Pierce","Tacoma Police",,4,,"X  ","-  ","-  ","-  ","X  ",,"E  ","C  "
"Snohomish","Snohomish County Sheriff",,3,,"X  ","-  ","-  ","X  ","-  ",,"E  ","C  "
"Snohomish","Everett Police",,0,,"X  ","X  ","-  ","X  ","-  ",,"E  ","C  "
"Spokane","Spokane County Sheriff",,0,,"-  ","-  ","-  ","X  ","X  ",,"E  ","C  "
"Spokane","Spokane Police",,0,,"X  ","-  ","-  ","-  ","X  ",,"E  ","C  "
"Thurston","Thurston County Sheriff",,0,,"-  ","-  ","-  ","X  ","-  ",,"E  ","-  "
"Yakima","Yakima Police",,0,,"X  ","X  ","-  ","-  ","X  ",,"E  ","C  "
,,," ",,"   ","   ","   ","   ","   ",,"   ","   "
"WEST VIRGINIA",,," ",,"   ","   ","   ","   ","   ",,"   ","   "
,,," ",,"   ","   ","   ","   ","   ",,"   ","   "
"Cabell","Huntington Police",,0,,"X  ","-  ","-  ","-  ","X  ",,"B  ","-  "
"Kanawha","Charleston Police",,0,,"X  ","X  ","-  ","X  ","X  ",,"E  ","-  "
,,," ",,"   ","   ","   ","   ","   ",,"   ","   "
"WISCONSIN",,," ",,"   ","   ","   ","   ","   ",,"   ","   "
,,," ",,"   ","   ","   ","   ","   ",,"   ","   "
"Brown","Brown County Sheriff",,1,,"X  ","-  ","-  ","X  ","X  ",,"E  ","C  "
"Brown","Green Bay Police",,0,,"X  ","X  ","-  ","-  ","X  ",,"E  ","C  "
"Dane","Dane County Sheriff",,3,,"-  ","-  ","-  ","X  ","X  ",,"E  ","C  "
"Dane ","Madison Police",,2,,"X  ","X  ","-  ","-  ","-  ",,"B  ","C  "
"Kenosha","Kenosha County Sheriff",,1,,"X  ","-  ","-  ","X  ","X  ",,"E  ","C  "
"Kenosha","Kenosha Police",,1,,"X  ","X  ","-  ","-  ","X  ",,"B  ","C  "
"Milwaukee","Milwaukee County Sheriff",,3,,"X  ","-  ","X  ","X  ","X  ",,"E  ","X  "
"Milwaukee","Milwaukee Police",,6,,"X  ","X  ","X  ","X  ","X  ",,"E  ","C  "
"Milwaukee","West Allis Police",,0,,"X  ","-  ","-  ","-  ","-  ",,"E  ","C  "
"Outgamie","Appleton Police",,0,,"X  ","X  ","-  ","-  ","-  ",,"E  ","C  "
"Racine","Racine County Sheriff",,1,,"X  ","-  ","-  ","X  ","X  ",,"E  ","C  "
"Racine","Racine Police",,0,,"X  ","X  ","-  ","-  ","X  ",,"E  ","C  "
"Waukesha","Waukesha County Sheriff",,0,,"-  ","-  ","-  ","X  ","X  ",,"E  ","C  "
"Waukesha","Waukesha Police",,0,,"X  ","X  ","-  ","-  ","-  ",,"E  ","C  "
,,,".",,,,,,,,,
"Note:  Codes for patrol types are as follows:",,,,,,,,,,,,
"""X""=Agency uses that type of patrol on a routine basis.",,,,,,,,,,,,
"""-""=Agency does not use that type of patrol on a routine basis. ",,,,,,,,,,,,
"Codes for emergency 9-1-1 system are as follows:",,,,,,,,,,,,
"""B""=Agency participates in a basic 9-1-1 system.",,,,,,,,,,,,
"""E""=Agency participates in an enhanced 9-1-1 system.",,,,,,,,,,,,
"""-""=Agency does not participate in a 9-1-1 system.",,,,,,,,,,,,
"Codes for dispatch system are as follows:",,,,,,,,,,,,
"""C""=Agency operates computer-aided dispatch system .",,,,,,,,,,,,
"""X""=Agency operates basic dispatch system.",,,,,,,,,,,,
"""-""=Agency does not operate dispatch system.",,,,,,,,,,,,
"--Data were not provided by an agency.",,,,,,,,,,,,
"",,,,,,,,,,,,
"",,,,,,,,,,,,
"",,,,,,,,,,,,
,,,,,,,,,,,,
,,,,,,,,,,,,
,,,,,,,,,,,,
,,,,,,,,,,,,
,,,,,,,,,,,,
,,,,,,,,,,,,
"     ",,,,,,,,,,,,
"      ",,,,,,,,,,,,
,,,,,,,,,,,,
"",,,,,,,,,,,,
