"Bureau of Justice Statistics",,,,,,,,,,,,,,
"filename:  scs9815.csv",,,,,,,,,,,,,,
"table # 1.5.  Estimated time to be served in State prison, by offense, 1998",,,,,,,,,,,,,,
"report title:  State Court Sentencing of Convicted Felons, 1998; NCJ 190637",,,,,,,,,,,,,,
"data source:  National Judicial Reporting Program, 1998",,,,,,,,,,,,,,
"authors:  Matthew Durose, David Levin, Patrick Langan",,,,,,,,,,,,,,
"refer questions to:  askbjs@ojp.usdoj.gov  (202) 307-0765",,,,,,,,,,,,,,
"date of version:  October 8, 2001",,,,,,,,,,,,,,
,,,,,,,,,,,,,,
"Table 1.5.  Estimated time to be served in State prison, by offense, 1998",,,,,,,,,,,,,,
,,,,,,,,,,,,,,
,,,"To be served in prison, estimated --",,,,,,,,,,,
"Most serious conviction offense","Mean prison sentence",,"Percent of sentence /a","Time /b",,,,,,,,,,
"All offenses",57,"mo",47%,27,"mo",,,,,,,,,
"Violent offenses",100,"mo",54%,54,"mo",,,,,,,,,
"Murder /c",263,,52%,136,,,,,,,,,,
"Sexual assault /d",111,,56%,62,,,,,,,,,,
"Rape",147,,58%,81,,,,,,,,,,
"Other sexual assault",88,,55%,45,,,,,,,,,,
"Robbery",106,,51%,54,,,,,,,,,,
"Aggravated assault",66,,57%,38,,,,,,,,,,
"Other violent /e",56,,55%,31,,,,,,,,,,
"Property offenses",44,"mo",45%,20,"mo",,,,,,,,,
"Burglary",52,,45%,24,,,,,,,,,,
"Larceny /f",37,,45%,17,,,,,,,,,,
"Motor vehicle theft",35,,43%,15,,,,,,,,,,
"Fraud /g",40,,42%,17,,,,,,,,,,
"Drug offenses",47,"mo",41%,19,"mo",,,,,,,,,
"Possession",35,,40%,14,,,,,,,,,,
"Trafficking",54,,41%,22,,,,,,,,,,
"Weapon offenses",42,"mo",60%,25,"mo",,,,,,,,,
"Other offenses /h",40,"mo",51%,20,"mo",,,,,,,,,
,,,,,,,,,,,,,,
"a/ Percentages are based on data from 237,443 persons released from State prisons in 1998 (National Corrections Reporting ",,,,,,,,,,,,,,
"Program, 1998 tables 2-8 and 2-12).  These percentages included credited jail time.",,,,,,,,,,,,,,
"b/ Derived by multiplying the percentage of sentence to be served by the mean sentence imposed.",,,,,,,,,,,,,,
"c/ Includes nonnegligent manslaughter.",,,,,,,,,,,,,,
"d/ Includes rape.",,,,,,,,,,,,,,
"e/ Includes offenses such as negligent manslaughter and kidnaping.",,,,,,,,,,,,,,
"f/ Includes motor vehicle theft.",,,,,,,,,,,,,,
"g/ Includes forgery and embezzlement.",,,,,,,,,,,,,,
"h/ Composed of nonviolent offenses such as receiving stolen property and vandalism.",,,,,,,,,,,,,,
,,,,,,,,,,,,,,
"Calculates 'percent of sentence' and 'time served' for combined categories above",,,,,,,,,,,,,,
,,,,,,,,,,,,,,
,,,"National Corrections Reporting Program, 1998",,,,,,,,"time served weighted by percent of releases",,,
,"Table 2-12",,"Table 2-8","Table 2-12",,,"Estimated time",,,,"percent of ",,"estimated time",
"Most serious conviction offense","Percent of releases",,"Prison and jail","Mean maximum time",,,"served in prison",,,"Most serious conviction offense","prison releases",,"served in prison",
"All offenses",100,"%",31,65,"mo",,48,"%",,"All offenses",100.1,"%",47,"%"
"Violent offenses",25.3,"%",47,86,"mo",,55,"%",,"Violent offenses",25.3,"%",54,"%"
"Murder/nonnegligent manslaughter",1.2,"%",100,193,"mo",,52,"%",,"Murder",1.2,"%",52,"%"
"Rape",1.4,"%",69,118,"mo",,58,"%",,"Sexual assault",5.2,"%",56,"%"
"Other sexual assault",3.8,"%",43,78,"mo",,55,"%",,,,,,
"Robbery",8.4,"%",50,98,"mo",,51,"%",,"Robbery",8.4,"%",51,"%"
"Aggravated assault",7.9,"%",35,61,"mo",,57,"%",,"Aggravated assault",7.9,"%",57,"%"
"Other violent offenses",1.2,"%",26,46,"mo",,57,"%",,"Other violent",2.6,"%",55,"%"
"Kidnaping",0.4,"%",55,98,"mo",,56,"%",,,,,,
"Negligent manslaughter",1,"%",52,98,"mo",,53,"%",,,,,,
"Property offenses",30.6,"%",27,60,"mo",,45,"%",,"Property offenses",27.3,"%",45,"%"
"Burglary",12.5,"%",34,75,"mo",,45,"%",,"Burglary",12.5,"%",45,"%"
"Larceny",8,"%",23,50,"mo",,46,"%",,"Larceny/motor vehicle theft",10.4,"%",45,"%"
"Motor vehicle theft",2.4,"%",21,49,"mo",,43,"%",,,,,,
"Fraud",4.4,"%",22,52,"mo",,42,"%",,"Fraud/forgery/embezzlement",4.4,"%",42,"%"
"Arson",0.6,"%",38,81,"mo",,47,"%",,,,,,
"Stolen property",1.8,"%",25,43,"mo",,58,"%",,,,,,
"Other property",0.9,"%",18,44,"mo",,41,"%",,,,,,
"Drug offenses",33.4,"%",25,61,"mo",,41,"%",,"Drug offenses",33.4,"%",41,"%"
"Possession",9.9,"%",19,55,"mo",,35,"%",,"Possession",14.7,"%",40,"%"
"Unspecified drug offenses",4.8,"%",24,47,"mo",,51,"%",,,,,,
"Trafficking",18.7,"%",28,68,"mo",,41,"%",,"Trafficking",18.7,"%",41,"%"
"Weapon offenses",2.8,"%",25,42,"mo",,60,"%",,"Weapon offenses",2.8,"%",60,"%"
"Driving while intoxicated",3.6,"%",16,39,"mo",,41,"%",,"Other offenses",11.3,"%",51,"%"
"Other public order offenses",4,"%",26,44,"mo",,59,"%",,,,,,
"Other offenses",0.4,"%",26,59,"mo",,44,"%",,,,,,
