"Bureau of Justice Statistics",,,,,,,,,,,,
"filename:  scs9813.csv",,,,,,,,,,,,
"table # 1.3.  Lengths of felony sentences imposed by State courts, by offense and type of sentence, 1998",,,,,,,,,,,,
"report title:  State Court Sentencing of Convicted Felons, 1998; NCJ 190637",,,,,,,,,,,,
"data source:  National Judicial Reporting Program, 1998",,,,,,,,,,,,
"authors:  Matthew Durose, David Levin, Patrick Langan",,,,,,,,,,,,
"refer questions to:  askbjs@ojp.usdoj.gov  (202) 307-0765",,,,,,,,,,,,
"date of version:  October 8, 2001",,,,,,,,,,,,
,,,,,,,,,,,,
"Table 1.3.  Lengths of felony sentences imposed by State courts, by offense and type of sentence, 1998",,,,,,,,,,,,
,,,,,,,,,,,,
"Mean",,,,,,,,,,,,
,"Maximum sentence length in months for felons sentenced to -- ",,,,,,,,,,,
,,,,"Incarceration",,,,,,,,
,"Total Incarceration",,,"Prison",,,"Jail",,,"Probation",,
"Most serious conviction offense","Count","Mean",,"Count","Mean",,"Count","Mean",,"Count","Mean",
"All offenses",628542,39,"mo",406452,57,"mo",222090,6,"mo",292786,41,"mo"
"Violent offenses",127973,77,"mo",96391,100,"mo",31582,7,"mo",35663,52,"mo"
"Murder /a",8676,258,,8531,263,,146,11,,360,60,
"Sexual assault /b",24091,94,,19681,111,,4409,8,,5438,67,
"Rape",9724,125,,8096,147,,1629,8,,1824,68,
"Other sexual assault",14366,74,,11586,88,,2780,8,,3614,67,
"Robbery",33823,94,,29339,106,,4484,10,,4813,59,
"Aggravated assault",50807,44,,32336,66,,18472,6,,19868,41,
"Other violent /c",10575,37,,6505,56,,4071,6,,5183,72,
"Property offenses",182471,31,"mo",120288,44,"mo",62183,5,"mo",99215,39,"mo"
"Burglary",65949,39,,47275,52,,18674,6,,21770,44,
"Larceny /d",68829,25,,42343,37,,26485,5,,38309,38,
"Motor vehicle theft",10803,22,,6051,35,,4752,5,,3489,38,
"Fraud /e",47693,27,,30670,40,,17023,4,,39136,39,
"Drug offenses",213815,31,"mo",130164,47,"mo",83651,5,"mo",98962,38,"mo"
"Possession",76595,21,,42593,35,,34002,4,,41795,36,
"Trafficking",137220,37,,87571,54,,49648,6,,57168,40,
"Weapon offenses",20897,29,"mo",13409,42,"mo",7488,6,"mo",10735,35,"mo"
"Other offenses /f",83387,25,"mo",46199,40,"mo",37188,6,"mo",48212,40,"mo"
,,,,,,,,,,,,
"Median",,,,,,,,,,,,
,"Maximum sentence length in months for felons sentenced to -- ",,,,,,,,,,,
,,,,"Incarceration",,,,,,,,
,"Total Incarceration",,,"Prison",,,"Jail",,,"Probation",,
"Most serious conviction offense","Count","Median",,"Count","Median",,"Count","Median",,"Count","Median",
"All offenses",628542,18,"mo",406452,36,"mo",222090,4,"mo",292786,36,"mo"
"Violent offenses",127973,36,"mo",96391,60,"mo",31582,6,"mo",35663,36,"mo"
"Murder /a",8676,288,,8531,300,,146,8,,360,60,
"Sexual assault /b",24091,60,,19681,66,,4409,6,,5438,60,
"Rape",9724,72,,8096,100,,1629,6,,1824,60,
"Other sexual assault",14366,48,,11586,60,,2780,6,,3614,60,
"Robbery",33823,60,,29339,72,,4484,9,,4813,60,
"Aggravated assault",50807,24,,32336,42,,18472,4,,19868,36,
"Other violent /c",10575,16,,6505,36,,4071,4,,5183,36,
"Property offenses",182471,16,"mo",120288,30,"mo",62183,4,"mo",99215,36,"mo"
"Burglary",65949,24,,47275,36,,18674,4,,21770,36,
"Larceny /d",68829,12,,42343,24,,26485,4,,38309,36,
"Motor vehicle theft",10803,12,,6051,24,,4752,4,,3489,36,
"Fraud /e",47693,12,,30670,24,,17023,3,,39136,36,
"Drug offenses",213815,14,"mo",130164,36,"mo",83651,4,"mo",98962,36,"mo"
"Possession",76595,12,,42593,24,,34002,3,,41795,25,
"Trafficking",137220,19,,87571,36,,49648,4,,57168,36,
"Weapon offenses",20897,18,"mo",13409,30,"mo",7488,4,"mo",10735,30,"mo"
"Other offenses /f",83387,12,"mo",46199,27,"mo",37188,4,"mo",48212,36,"mo"
,,,,,,,,,,,,
"Note:  See note on table 2.  Means exclude sentences to death or to life in prison.",,,,,,,,,,,,
"This table is based on an estimated 921,328 cases.",,,,,,,,,,,,
"a/ Includes nonnegligent manslaughter.",,,,,,,,,,,,
"b/ Includes rape.",,,,,,,,,,,,
"c/ Includes offenses such as negligent manslaughter and kidnaping.",,,,,,,,,,,,
"d/ Includes motor vehicle theft.",,,,,,,,,,,,
"e/ Includes forgery and embezzlement.",,,,,,,,,,,,
"f/ Composed of nonviolent offenses such as receiving stolen property and vandalism.",,,,,,,,,,,,
