Bureau of Justice Statistics,,,,,,,,,,,,,,,,,
Filename: pim08stt01.csv,,,,,,,,,,,,,,,,,
"Table 1. Prisoners under the jurisdiction of state or federal prisons, imprisonment rates and incarceration rates, December 31, 2000-2007 and June 30, 2007 and 2008",,,,,,,,,,,,,,,,,
Report title: Prison Inmates at Midyear 2008 NCJ 225619,,,,,,,,,,,,,,,,,
"Data source: National Prisoner Statistics, 1a",,,,,,,,,,,,,,,,,
"Authors: Heather C. West, Ph.D. and William J. Sabol, Ph.D.",,,,,,,,,,,,,,,,,
Refer questions to: askbjs@usdoj.gov   202-307-0765,,,,,,,,,,,,,,,,,
"Date of version: March 20, 2009",,,,,,,,,,,,,,,,,
,,,,,,,,,,,,,,,,,
"Table 1. Prisoners under the jurisdiction of state or federal prisons, imprisonment rates and incarceration rates, December 31, 2000-2007 and June 30, 2007 and 2008",,,,,,,,,,,,,,,,,
,,,,,,,,,,,,,,,,,
,,Prisoners under jurisdiction/a,,,,,,,,,,,,,,,
Year,,Total,,Federal,,State,,Male,,Female,,Sentenced prisoners/b,,Imprisonment rate/c,,Incarceration rate/d,
2000,,"1,391,261",,"145,416",,"1,245,845",,"1,298,027",,"93,234",,"1,331,278",,478,,684,
2001,,"1,404,032",,"156,993",,"1,247,039",,"1,311,053",,"92,979",,"1,345,217",,470,,685,
2002,,"1,440,144",,"163,528",,"1,276,616",,"1,342,513",,"97,631",,"1,380,516",,476,,701,
2003,,"1,468,601",,"173,059",,"1,295,542",,"1,367,755",,"100,846",,"1,408,361",,482,,712,
2004,,"1,497,100",,"180,328",,"1,316,772",,"1,392,278",,"104,822",,"1,433,728",,486,,723,
2005,,"1,527,929",,"187,618",,"1,340,311",,"1,420,303",,"107,626",,"1,462,866",,491,,737,
2006/e,,"1,569,945",,"193,046",,"1,376,899",,"1,457,486",,"112,459",,"1,504,660",,501,,751,
2007/e,,,,,,,,,,,,,,,,,
,30-Jun,"1,594,611",,"199,118",,"1,395,493",,"1,479,297",,"115,314",,"1,528,384",,509,,762,
,31-Dec,"1,598,242",,"199,618",,"1,398,624",,"1,483,835",,"114,407",,"1,532,847",,506,,756,
2008/e,,,,,,,,,,,,,,,,,
,30-Jun,"1,610,584",,"201,142",,"1,409,442",,"1,494,805",,"115,779",,"1,540,805",,509,,762,
Annual change,,,,,,,,,,,,,,,,,
,"Average annual change, 12/31/2000-12/31/2007",2,%,4.6,%,1.7,%,1.9,%,3,%,2,%,0.8,%,1.4,%
,"Percent change, 06/30/2007-06/30/2008",1,,1,,1,,1,,0.4,,0.8,,0,,0,
Six-month change,,,,,,,,,,,,,,,,,
,12/31/2006-06/30/2007,1.6,%,3.1,%,1.4,%,1.5,%,2.5,%,1.6,%,1.5,%,1.5,%
,12/31/2007-06/30/2008,0.8,,0.8,,0.8,,0.7,,1.2,,0.5,,0.6,,0.8,
"a/Jurisdiction refers to the legal authority over a prisoner, regardless of where the prisoner is held.",,,,,,,,,,,,,,,,,
"b/Includes prisoners under the authority of state or federal correctional officials with sentences of more than one year, regardless of where they were held.",,,,,,,,,,,,,,,,,
"c/Imprisonment rate is defined as the number of prisoners sentenced to more than one year under state or federal jurisdiction per 100,000 U.S. residents.Imprisonment rates are based on U.S. Census Bureau population estimates per 100,000 U.S. residents. Resident population estimates are as of January 1 for yearend and July 1 for midyear.",,,,,,,,,,,,,,,,,
"d/Includes all inmates held in custody in state or federal prisons or local jails. Incarceration rate is defined as the total number of inmates in custody per 100,000 U.S. residents. ",,,,,,,,,,,,,,,,,
"e/Includes estimates for Illinois for 2006, 2007, and 2008 and Nevada for December 31, 2007. See Methodology.",,,,,,,,,,,,,,,,,
