Bureau of Justice Statistics,,,,,,,,
Filename: pim08stt14.csv,,,,,,,,
"Table 14. Number of state and federal prisoners in local jails, by jurisdiction, December 31, 2000, 2006, and 2007, and June 30, 2007 and 2008",,,,,,,,
Report title: Prison Inmates at Midyear 2008 NCJ 225619,,,,,,,,
"Data source: National Prisoner Statistics, 1a",,,,,,,,
"Authors: Heather C. West, Ph.D. and William J. Sabol, Ph.D.",,,,,,,,
Refer questions to: askbjs@usdoj.gov   202-307-0765,,,,,,,,
"Date of version: March 20, 2009",,,,,,,,
,,,,,,,,
,,,,,,,,
"Table 14. Number of state and federal prisoners in local jails, by jurisdiction, December 31, 2000, 2006, and 2007, and June 30, 2007 and 2008",,,,,,,,
,,Number of prisoners,,,,,Percent of all prisoners,
Region and jurisdiction,,12/31/2000,12/31/2006,6/30/2007,12/31/2007,6/30/2008,6/30/2008,
U.S. Total/a,,"63,140","77,912","79,683","80,380","80,854",5,%
,Federal,"2,438","2,010","2,125","2,144","2,575",1.3,
,State/a,"60,702","75,902","77,558","78,236","78,279",5.6,
Northeast,,"3,823","2,022","2,409","1,686","1,575",0.9,%
,Connecticut/b,~,~,~,~,~,~,
,Maine,24,0,0,9,32,1.4,
,Massachusetts,457,177,234,136,294,2.5,
,New Hampshire,14,13,11,52,35,1.2,
,New Jersey,"3,225","1,821","2,157","1,468","1,203",4.5,
,New York,45,11,7,21,11,0,
,Pennsylvania,58,0,0,0,0,0,
,Rhode Island/b,~,~,~,~,~,~,
,Vermont/b,~,~,~,~,~,~,
Midwest/a,,"2,103","2,536","3,297","3,381","3,825",1.4,%
,Illinois/a,0,/,/,/,/,:,
,Indiana,"1,187","1,180","1,724","2,002","1,987",7.3,
,Iowa,0,0,0,0,0,0,
,Kansas,0,0,0,0,0,0,
,Michigan,286,62,67,43,59,0.1,
,Minnesota,149,508,669,518,700,7,
,Missouri,0,0,0,0,0,0,
,Nebraska,0,0,0,0,0,0,
,North Dakota,38,48,66,48,42,2.9,
,Ohio,0,0,0,0,0,0,
,South Dakota,16,61,62,55,54,1.6,
,Wisconsin,427,677,709,715,983,4.2,
South,,"49,455","65,212","65,710","67,071","67,128",10.4,%
,Alabama,"3,401","1,160","1,421","1,596","1,406",4.7,
,Arkansas,728,842,718,"1,007","1,317",9.1,
,Delaware/b,~,~,~,~,~,~,
,District of Columbia/c,"1,329",~,~,~,~,~,
,Florida/d,0,34,35,"1,147",64,0.1,
,Georgia,"3,888","4,970","4,946","4,919","4,917",9.1,
,Kentucky,"3,850","5,921","7,658","7,912","7,347",34,
,Louisiana,"15,599","16,230","16,112","17,079","17,208",45.1,
,Maryland,118,162,159,151,138,0.6,
,Mississippi,"3,700","4,684","4,676","4,952","5,052",22.2,
,North Carolina,0,0,0,0,0,0,
,Oklahoma,970,"1,955","1,903","1,892","2,226",8.5,
,South Carolina,433,381,401,377,478,1.9,
,Tennessee,"5,204","6,451","7,109","7,019","7,501",27.8,
,Texas,"6,477","15,091","13,202","12,774","12,810",7.4,
,Virginia,"2,962","5,965","6,131","5,097","5,522",14.1,
,West Virginia,796,"1,366","1,239","1,149","1,142",18.7,
West/a,,"5,321","6,132","6,142","6,098","5,751",1.8,%
,Alaska/b,~,~,~,~,~,~,
,Arizona,237,43,48,46,43,0.1,
,California,"2,758","2,468","3,251","2,782","3,083",1.8,
,Colorado,"2,178",430,166,175,106,0.5,
,Hawaii/b,~,~,~,~,~,~,
,Idaho,450,459,526,575,453,6.2,
,Montana,548,615,538,522,541,15.1,
,Nevada/a,175,148,121,155,197,1.5,
,New Mexico,0,140,0,116,0,0,
,Oregon,7,55,68,23,23,0.2,
,Utah,"1,050","1,328","1,377","1,286","1,256",19.4,
,Washington,0,424,0,362,0,0,
,Wyoming,17,22,47,56,49,2.4,
~Not applicable.,,,,,,,,
 /Not reported.,,,,,,,,
:Not calculated.,,,,,,,,
"a/Includes estimates for Nevada for December 31, 2007. See Methodology.",,,,,,,,
b/Prisons and jails form one integrated system.,,,,,,,,
"c/As of December 31, 2001, sentenced felons from the District of Columbia were the responsibility of the Federal Bureau of Prisons.",,,,,,,,
