Bureau of Justice Statistics,,,,,,,,
Filename: pim08stt18.csv,,,,,,,,
"Table 18. Estimated number of inmates held in state or federal prisons, or in local jails per 100,000 U.S. residents, by gender, race, and Hispanic origin, June 30, 2000-2008",,,,,,,,
Report title: Prison Inmates at Midyear 2008 NCJ 225619,,,,,,,,
"Data source: National Prisoner Statistics, 1a",,,,,,,,
"Authors: Heather C. West, Ph.D. and William J. Sabol, Ph.D.",,,,,,,,
Refer questions to: askbjs@usdoj.gov   202-307-0765,,,,,,,,
"Date of version: March 20, 2009",,,,,,,,
,,,,,,,,
,,,,,,,,
"Table 18. Estimated number of inmates held in state or federal prisons, or in local jails per 100,000 U.S. residents, by gender, race, and Hispanic origin, June 30, 2000-2008",,,,,,,,
,Males,,,,Females,,,
Year,Total/a,White/b,Black/b,Hispanic,Total/a,White/b,Black/b,Hispanic
2000,"1,297",683,"4,777","1,715",110,63,380,117
2001,"1,318",705,"4,848","1,668",113,67,380,119
2002,"1,309",649,"4,810","1,740",113,68,349,137
2003,"1,331",681,"4,834","1,778",119,75,352,148
2004,"1,348",717,"4,919","1,717",123,81,359,143
2005,"1,371",709,"4,682","1,856",129,88,347,144
2006,"1,384",736,"4,789","1,862",134,94,358,152
2007,"1,406",773,"4,618","1,747",136,95,348,164
2008/c,"1,403",727,"4,777","1,760",135,93,349,147
"Note: Based on the U.S. resident population estimates for July 1, 2008, by gender, race, Hispanic origin, and age. Detailed categories exclude persons who reported two or more races.",,,,,,,,
"a/Includes American Indians, Alaska Natives, Asians, Native Hawaiians, other Pacific Islanders, and persons identifying two or more races.",,,,,,,,
b/Excludes persons of Hispanic or Latino origin.,,,,,,,,
c/Includes persons under age 18.,,,,,,,,
