Bureau of Justice Statistics,,,,,,,
Filename: pim08stt20.csv,,,,,,,
"Table 20. Reported number of non-U.S. citizens held in state or federal prisons, by gender, region, and jurisdiction, June 30, 2007-2008",,,,,,,
Report title: Prison Inmates at Midyear 2008 NCJ 225619,,,,,,,
"Data source: National Prisoner Statistics, 1a",,,,,,,
"Authors: Heather C. West, Ph.D. and William J. Sabol, Ph.D.",,,,,,,
Refer questions to: askbjs@usdoj.gov   202-307-0765,,,,,,,
"Date of version: March 20, 2009",,,,,,,
,,,,,,,
,,,,,,,
"Table 20. Reported number of non-U.S. citizens held in state or federal prisons, by gender, region, and jurisdiction, June 30, 2007-2008",,,,,,,
,,2007,,,2008,,
Region and jurisdiction,,Total,Male,Female,Total,Male,Female
U.S. Total,,"87,235","83,666","3,569","94,724","88,061","3,888"
,Federal,"31,469","29,348","2,121","28,995","26,908","2,087"
,State,"55,766","54,318","1,448","65,729","61,153","1,801"
Northeast,,"9,055","8,726",329,"9,036","8,751",285
,Connecticut/a,788,734,54,742,710,32
,Maine,15,14,1,16,16,0
,Massachusetts,958,917,41,914,874,40
,New Hampshire,52,49,3, /, /, /
,New Jersey, /, /, /, /, /, /
,New York/b,"6,716","6,496",220,"6,334","6,148",186
,Pennsylvania,507,500,7,"1,008",985,23
,Rhode Island/a, /, /, /, /, /, /
,Vermont/a,19,16,3,22,18,4
Midwest,,"3,238","3,175",103,"3,243","3,131",112
,Illinois, /, /, /, /, /, /
,Indiana,450,439,11,468,454,14
,Iowa,200,195,5,186,183,3
,Kansas,281,276,5,283,278,5
,Michigan,621,614,7,615,608,7
,Minnesota,284,275,9,311,302,9
,Missouri/b,447,423,24,440,411,29
,Nebraska,175,174,1,187,184,3
,North Dakota,16,15,1,12,11,1
,Ohio,699,660,39,685,644,41
,South Dakota,65,64,1,56,56,0
,Wisconsin, /, /, /, /, /, /
South,,"16,169","15,717",452,"23,240","22,582",658
,Alabama,108,105,3,117,113,4
,Arkansas,174,168,6,174,168,6
,Delaware/a,307,295,12,360,342,18
,Florida, /, /, /,"6,101","5,885",216
,Georgia,"1,906","1,849",57,"1,766","1,738",28
,Kentucky,44,43,1,83,80,3
,Louisiana,107,100,7,106,103,3
,Maryland/b,570,549,21,686,663,23
,Mississippi, /, /, /, /, /, /
,North Carolina,"1,461","1,430",31,"1,687","1,641",46
,Oklahoma/c,339,326,13,363,348,15
,South Carolina,309,303,6,376,371,5
,Tennessee/b,233,227,6,250,243,7
,Texas,"9,422","9,185",237,"9,940","9,700",240
,Virginia,"1,187","1,135",52,"1,223","1,179",44
,West Virginia,2,2,0,8,8,0
West,,"27,304","26,740",564,"30,210","26,689",746
,Alaska/a,14,14,0,14,13,1
,Arizona,"4,874","4,797",77,"5,605","5,497",108
,California/d,"18,447","18,060",387,"17,010","16,575",435
,Colorado/b,"1,123","1,093",30,"1,112","1,082",30
,Hawaii/a,99,94,5,99,92,7
,Idaho,292,282,10,324,312,12
,Montana,5,5,0,13,13,0
,Nevada/e,"1,053","1,029",24,"2,775",/,/
,New Mexico,156,156,0,120,120,0
,Oregon, /, /, /,"1,746","1,643",103
,Utah,232,229,3,263,260,3
,Washington,945,918,27,"1,075","1,029",46
,Wyoming,64,63,1,54,53,1
/Not reported. ,,,,,,,
a/Prisons and jails form one integrated system. Data include total jail and prison populations.,,,,,,,
b/Non-U.S. citizen defined as foreign-born.,,,,,,,
c/Non-U.S. citizen defined as inmates held by U.S. Immigration and Customs Enforcement (ICE) or categorized as being of alien status.,,,,,,,
d/Non-U.S. citizen defined as inmates held by U.S. Immigration and Customs Enforcement (ICE).,,,,,,,
e/Nevada was unable to provide gender breakouts for 2008. ,,,,,,,
