Bureau of Justice Statistics,,,,,,,,
Filename: pim08stt17.csv,,,,,,,,
"Table 17. Estimated number of inmates held in state or federal prisons, or in local jails, by gender, race, Hispanic origin, and age, June 30, 2008",,,,,,,,
Report title: Prison Inmates at Midyear 2008 NCJ 225619,,,,,,,,
"Data source: National Prisoner Statistics, 1a",,,,,,,,
"Authors: Heather C. West, Ph.D. and William J. Sabol, Ph.D.",,,,,,,,
Refer questions to: askbjs@usdoj.gov   202-307-0765,,,,,,,,
"Date of version: March 20, 2009",,,,,,,,
,,,,,,,,
,,,,,,,,
"Table 17. Estimated number of inmates held in state or federal prisons, or in local jails, by gender, race, Hispanic origin, and age, June 30, 2008",,,,,,,,
,Male,,,,Female,,,
,Total/a,White/b,Black/b,Hispanic,Total/a,White/b,Black/b,Hispanic
Total/c,"2,103,500","712,500","846,000","427,000","207,700","94,500","67,800","33,400"
18-19,"86,300","26,500","37,100","18,400","5,500","2,200","1,500","1,300"
20-24,"353,100","104,000","148,500","83,300","30,800","13,900","9,000","6,300"
25-29,"354,600","99,900","148,400","87,100","32,000","14,200","10,100","6,000"
30-34,"331,400","103,400","132,100","76,400","35,400","16,000","11,600","6,000"
35-39,"308,500","107,200","124,500","57,300","38,800","18,000","13,200","5,400"
40-44,"277,200","107,700","107,400","43,500","32,600","14,600","11,700","4,000"
45-49,"185,600","72,400","73,900","29,000","18,200","8,100","6,600","2,200"
50-54,"96,900","40,200","37,100","14,500","8,000","4,100","2,300","1,000"
55-59,"50,200","24,300","15,800","7,900","3,300","1,800",700,600
60-64,"21,700","12,100","5,500","3,500","1,300",700,400,100
65 or older,"17,500","9,900","4,800","2,200",800,600,100,100
"Note: Based on the U.S. resident population estimates for July 1, 2008, by gender, race, Hispanic origin, and age. Detailed categories exclude persons who reported two or more races.",,,,,,,,
"a/Includes American Indians, Alaska Natives, Asians, Native Hawaiians, other Pacific Islanders, and persons identifying two or more races.",,,,,,,,
b/Excludes persons of Hispanic or Latino origin.,,,,,,,,
c/Includes persons under age 18.,,,,,,,,
