Bureau of Justice Statistics,,,,,,,,,
Filename: pim08stt06.csv,,,,,,,,,
"Table 6. Number of sentenced male prisoners under the jurisdiction of state and federal correctional authorities, December 31, 2000-2007, and June 30, 2007 and 2008",,,,,,,,,
Report title: Prison Inmates at Midyear 2008 NCJ 225619,,,,,,,,,
"Data source: National Prisoner Statistics, 1a",,,,,,,,,
"Authors: Heather C. West, Ph.D. and William J. Sabol, Ph.D.",,,,,,,,,
Refer questions to: askbjs@usdoj.gov   202-307-0765,,,,,,,,,
"Date of version: March 20, 2009",,,,,,,,,
,,,,,,,,,
,,,,,,,,,
"Table 6. Number of sentenced male prisoners under the jurisdiction of state and federal correctional authorities, December 31, 2000-2007, and June 30, 2007 and 2008",,,,,,,,,
,,Number of sentenced male prisoners/a,,,,,,,
Year,,Total,,Federal,,State,,Percent of all sentenced prisoners,
2000,,"1,246,234",,"116,647",,"1,129,587",,93.6,%
2001,,"1,260,033",,"127,519",,"1,132,514",,93.7,
2002,,"1,291,450",,"133,732",,"1,157,718",,93.5,
2003,,"1,315,790",,"142,149",,"1,173,641",,93.4,
2004,,"1,337,730",,"148,930",,"1,188,800",,93.3,
2005,,"1,364,178",,"155,678",,"1,208,500",,93.3,
2006/b,,"1,401,317",,"162,417",,"1,238,900",,93.1,
2007/b,,,,,,,,,
,June 30,"1,422,297",,"166,452",,"1,255,845",,93.1,%
,December 31,"1,427,159",,"167,676",,"1,259,483",,93.1,
2008/b,,,,,,,,,
,June 30,"1,434,395",,"168,871",,"1,265,524",,89.1,%
Annual change,,,,,,,,,
,"Average annual change, 12/31/2000-12/31/2007",2,%,5.3,%,1.6,%,:,
,"Percent change, 06/30/2007-06/30/2008",0.9,,1.5,,0.8,,:,
:Not calculated.,,,,,,,,,
a/Sentenced prisoner is defined as a prisoner sentenced to more than one year. ,,,,,,,,,
"b/Includes estimates for Illinois for 2006, 2007, and 2008 and Nevada for December 31, 2007. See Methodology.",,,,,,,,,
