"Bureau of Justice Statistics",,,,,,,,
"filename:  hivp0106.csv",,,,,,,,
"Table #: 6  AIDS-related deaths of State prisoners, 2000 and 2001",,,,,,,,
"report title: HIV in Prisons, 2001   NCJ ",,,,,,,,
"data source:  NPS-1 ",,,,,,,,
"author:  Laura M. Maruschak",,,,,,,,
"refer questions to: askbjs@ojp.usdoj.gov (202) 307-0765",,,,,,,,
"date of version: 11/03/03",,,,,,,,
,,,,,,,,
"Table 6.  AIDS-related deaths of State prisoners, 2000 and 2001",,,,,,,,
,"Deaths from all causes ",,,,"AIDS-related deaths",,,
,"Total",,"Rate per 100,000  inmates",,"Total",,"Rate per 100,000  inmates",
"Jurisdiction",2000,2001,2000,2001,2000,2001,2000,2001
"Total",2865,3008,230,240,185,256,15,20
" Northeast",459,452,263,261,52,68,30,39
"Connecticut",35,30,191,159,8,5,44,26
"Maine",8,8,476,473,0,0,0,0
"Massachusetts",23,31,215,289,2,0,19,0
"New Hampshire",4,2,177,86,1,0,44,0
"New Jersey",94,71,316,253,20,19,67,68
"New York",169,179,241,259,8,28,11,40
"Pennsylvania",118,124,320,334,13,15,35,40
"Rhode Island",6,3,183,95,0,1,0,32
"Vermont",2,4,118,224,0,0,0,0
"Midwest",509,533,214,222,15,21,7,9
"Illinois",81,86,179,188,6,11,13,24
"Indiana",46,50,229,243,"--",2,"--",10
"Iowa",12,9,151,111,0,0,0,0
"Kansas",18,21,216,246,0,0,0,0
"Michigan",123,114,258,236,4,5,8,10
"Minnesota",10,13,160,200,0,0,0,0
"Missouri",45,58,163,206,2,2,7,7
"Nebraska",8,8,205,203,0,0,0,0
"North Dakota",2,3,186,278,0,0,0,0
"Ohio",127,119,277,260,3,0,7,0
"South Dakota",4,4,153,150,0,0,0,0
"Wisconsin",33,48,159,229,0,1,0,5
"South",1402,1472,250,261,91,134,28,29
"Alabama*",74,85,281,312,8,8,30,29
"Arkansas",30,48,252,389,0,2,0,16
"Delaware",4,18,58,253,0,7,0,98
"District of Columbia",14,9,188,167,6,1,80,19
"Florida",197,183,276,254,48,39,67,54
"Georgia",103,100,233,220,8,15,18,33
"Kentucky",48,40,322,260,0,0,0,0
"Louisiana",93,77,264,217,"--","--","--","--"
"Maryland",49,70,208,292,5,11,21,46
"Mississippi",34,42,153,203,2,2,10,10
"North Carolina","--",73,"--",234,"--","--","--","--"
"Oklahoma",61,77,263,333,2,1,9,4
"South Carolina",61,74,280,332,7,5,32,22
"Tennessee",46,59,208,255,0,2,0,9
"Texas",494,426,296,259,"--",32,"--",19
"Virginia",78,73,259,240,5,9,17,30
"West Virginia",16,18,415,436,0,0,0,0
"West",495,551,182,200,27,33,10,12
"Alaska*",9,10,216,238,0,0,0,0
"Arizona",66,65,249,240,2,2,8,7
"California",281,289,172,176,23,22,14,13
"Colorado",32,47,190,275,1,7,6,41
"Hawaii",5,7,99,129,0,0,0,0
"Idaho",7,18,126,316,0,0,0,0
"Montana",5,8,161,246,0,0,0,0
"Nevada",25,28,248,272,0,1,0,10
"New Mexico",0,12,0,227,0,0,0,0
"Oregon",19,23,180,208,0,1,0,9
"Utah",8,5,142,92,0,0,0,0
"Washington",31,34,208,223,1,0,7,0
"Wyoming",7,5,417,298,0,0,0,0
"--Not reported. ",,,,,,,,
"*The 2001 AIDS-related death counts are based on individual reports submitted to the BJS Deaths in Custody collection.",,,,,,,,
