"Bureau of Justice Statistics",,,,,,
"filename:  hivp0102.csv",,,,,,
"Table #: 2  Inmates in custody of State and Federal prison authorities known to be positive for the human immunodeficiency virus, by gender, yearend 2001 ",,,,,,
"report title: HIV in Prisons, 2001   NCJ 202293",,,,,,
"data source:  NPS-1 ",,,,,,
"author:  Laura M. Maruschak",,,,,,
"refer questions to: askbjs@ojp.usdoj.gov (202) 307-0765",,,,,,
"date of version: 10/28/03",,,,,,
,,,,,,
"Table 2.  Inmates in custody of State and Federal prison authorities known to be positive for the human immunodeficiency virus, by gender, yearend 2001 ",,,,,,
,"Male HIV cases",,,"Female HIV cases",,
"Jurisdiction/a","Number","Percent of population",,"Number","Percent of population",
"U.S. total",,,,,,
"Estimated/b",21815,,,2332,,
"Reported",21268,1.9,"%",2265,2.9,"%"
"Federal",1400,1.2,,120,1.3,
"State",19868,2.0,,2145,3.2,
"Northeast",7361,4.7,"%",775,9.1,"%"
"Connecticut",500,3.1,,104,8.4,
"Maine",15,0.9,,0,0,
"Massachusetts",267,2.8,,40,5.7,
"New Hampshire",15,0.7,,2,1.3,
"New Jersey",713,3.2,,91,7.1,
"New York",5030,7.8,,470,14.9,
"Pennsylvania",691,1.9,,44,2.7,
"Rhode Island",124,3.9,,24,12.1,
"Vermont",6,0.5,,0,0,
"Midwest",1947,1.0,"%",147,1.2,"%"
"Illinois",550,1.3,,43,1.6,
"Indiana","--","--",,"--","--",
"Iowa",23,0.3,,4,0.6,
"Kansas","--","--",,"--","--",
"Michigan",541,1.2,,43,2.0,
"Minnesota",29,0.5,,4,1.2,
"Missouri",249,0.9,,13,0.6,
"Nebraska",22,0.6,,2,0.6,
"North Dakota",4,0.4,,0,0,
"Ohio",371,0.9,,27,1.0,
"South Dakota",5,0.2,,0,0,
"Wisconsin",153,1.0,,11,0.9,
"South",8701,2.1,"%",1118,3.8,"%"
"Alabama",264,1.1,,38,2.3,
"Arkansas",99,0.9,,9,1.2,
"Delaware",116,1.8,,27,4.7,
"Florida",2203,3.2,,399,9.3,
"Georgia",1004,2.3,,146,5.2,
"Kentucky",100,1.1,,5,0.8,
"Louisiana",466,2.5,,48,4.6,
"Maryland",733,3.3,,97,8.1,
"Mississippi",207,2.0,,27,2.0,
"North Carolina","--","--",,"--","--",
"Oklahoma",125,0.9,,5,0.4,
"South Carolina",531,2.6,,28,1.9,
"Tennessee",208,1.6,,23,2.6,
"Texas",2169,1.8,,219,2.4,
"Virginia",461,1.7,,46,2.2,
"West Virginia",15,0.5,,1,0.5,
"West",1859,0.8,"%",105,0.6,"%"
"Alaska",14,0.5,,2,0.7,
"Arizona",104,0.4,,18,0.8,
"California",1288,0.9,,17,0.2,
"Colorado",154,1.1,,19,1.4,
"Hawaii",13,0.4,,0,0,
"Idaho",12,0.3,,2,0.7,
"Montana",10,0.6,,1,0.7,
"Nevada",93,1.0,,34,12.0,
"New Mexico",26,0.5,,1,0.2,
"Oregon",28,0.3,,2,0.3,
"Utah",30,0.8,,4,1.7,
"Washington",83,0.6,,5,0.5,
"Wyoming",4,0.4,,0,0,
"-- Not reported.",,,,,,
"a/At yearend 2001, responsibility for housing District of Columbia sentenced inmates was transfered to the Federal Bureau of Prisons.",,,,,,
"b/Includes estimate of the number of inmates with HIV/AIDS by gender for Kansas and North Carolina.  Estimates were based on the most recent data available by gender.",,,,,,
