"Bureau of Justice Statistics",,
"filename:  hivp01ht03.csv",,
"Highlights table #: 3 AIDS-related deaths in State Prisons",,
"report title: HIV in Prisons, 2001   NCJ 202293",,
"data source:  NPS-1 ",,
"author:  Laura M. Maruschak",,
"refer questions to: askbjs@ojp.usdoj.gov (202) 307-0765",,
"date of version: 11/03/03",,
,,
"Highlights table 3. AIDS-related deaths in State Prisons",,
,,
"Year","Number","Rate per 100,000 inmates"
1995,1010,100
1996,907,90
1997,538,48
1998,350,30
1999,242,20
2000,185,15
2001,256,20
