Bureau of Justice Statistics,,,,,
filename: prfdscat02.csv,,,,,
Appendix table 2. Logistic regression analysis of pretrial release decision,,,,,
"report title: Pretrial Release of Felony Defendants in State Courts, NCJ 214994",,,,,
"data source: State Court Processing Statistics, 1990 - 2004   ",,,,,
"authors:  Thomas Cohen, Ph.D., and Brian Reaves, Ph.D.",,,,,
refer questions to: askbjs@usdoj.gov (202)307-0765,,,,,
date of version: 11/19/2007,,,,,

Appendix table 2. Logistic regression analysis of pretrial release decision,,,,,

Variable,,Mean,Estimate,,Standard Error
Most serious arrest charge,,,,,
,Murder,0.0084,-2.6575,**,0.2412
,Rape,0.0142,-0.7846,**,0.1173
,Robbery,0.0588,-1.1088,**,0.1004
,Assault,0.1222,-0.1821,*,0.0785
,Other violent,0.0401,-0.1755,,0.1173
,Burglary,0.087,-0.5562,**,0.0817
,Larceny,0.0888,0.1313,,0.0805
,Motor vehicle theft,0.0342,-0.5281,**,0.0997
,Forgery,0.0279,0.1781,,0.1052
,Fraud,0.0274,0.6323,**,0.166
,Other property,0.0411,0.3007,,0.1655
,Other drug,0.1995,0.3023,*,0.1384
,Weapons,0.0272,0.1001,,0.1074
,Driving - related,0.0276,0.6147,**,0.1306
,Other public order,0.0294,0.0926,,0.1332
Age of defendant at arrest,,,,,
,21 - 29,0.3423,-0.0544,,0.0357
,30 - 39,0.2871,-0.17,**,0.0451
,40 or older,0.1884,-0.1713,**,0.0456
Gender of defendant,,,,,
,Female,0.1735,0.4031,**,0.0393
Race / ethnicity of defendant,,,,,
,"Black, non - Hispanic",0.4456,-0.1274,,0.069
,"Other, non - Hispanic",0.0229,-0.1592,*,0.0734
,"Hispanic, any race",0.2432,-0.6488,**,0.1122
Criminal justice status at arrest,,,,,
,Other status,0.0283,-0.9417,**,0.1509
,Released pending prior case,0.1057,-0.1758,,0.1325
,On probation,0.1605,-0.7471,**,0.0686
,On parole,0.061,-1.245,**,0.1671
Prior arrest and FTA history,,,,,
,Prior arrest record with FTA,0.305,-0.3144,*,0.1468
,"Prior arrest record, no FTA",0.4205,-0.1597,*,0.0749
Most serious prior conviction,,,,,
,Felony conviction (s),0.4156,-0.8396,**,0.0756
,Misdemeanor conviction (s),0.1746,-0.2886,**,0.0847
Study year,,,,,
,1992,0.094,0.2602,,0.1513
,1994,0.1212,0.1664,,0.1515
,1996,0.1332,0.3148,*,0.1512
,1998,0.1276,0.1924,,0.1475
,2000,0.1731,0.125,,0.119
,2002,0.1795,0.1576,,0.1069
Intercept,,1,1.4226,,0.1652
Number of observations,,"71,027",,,
Log Likelihood,,-41377.1132,,,
"Note: Logistic regression figures derived from generalized estimating equation (GEE) methods. GEE logistic regression procedures were an appropriate technique because of the clustered nature of the felony case processing data. The regression estimates were transformed into predicted probabilities in the report by setting all independent variables at their mean levels, setting the independent variable of interest to a value of one, and then calculating the probability of the dependent measure outcome for that particular independent variable. Asterisks indicate category difference from the reference category at one of the following significance levels:*>=.05, **>=.01.",,,,,
