Bureau of Justice Statistics,,,,,,,
filename: prfdsct03.csv,,,,,,,
"Table 3. Criminal history of released and detained State court felony defendants in 75 largest counties, 1990-2004",,,,,,,
"report title: Pretrial Release of Felony Defendants in State Courts, NCJ 214994",,,,,,,
"data source: State Court Processing Statistics, 1990 - 2004   ",,,,,,,
"authors:  Thomas Cohen, Ph.D., and Brian Reaves, Ph.D.",,,,,,,
refer questions to: askbjs@usdoj.gov (202)307-0765,,,,,,,
date of version: 11/19/2007,,,,,,,

"Table 3. Criminal history of released and detained State court felony defendants in 75 largest counties, 1990-2004",,,,,,,

Criminal history,,Released defendants,,Detained defendants,,,
Prior arrest ,,61,%,83,%,,
,With at least 1 failure-to-appear,27,,44,,,
Prior conviction   ,,48,%,75,%,, 
,Felony ,30,,57,,,
,Violent felony ,7,,15,
Active criminal justice status ,,27,%,51,%
