Bureau of Justice Statistics,,,,,
filename: prfdsct02.csv,,,,,
"Table 2. State court felony defendants in the 75 largest counties with bail set at $50,000 or denied bail, 1990-2004",,,,,
"report title: Pretrial Release of Felony Defendants in State Courts, NCJ 214994",,,,,
"data source: State Court Processing Statistics, 1990 - 2004   ",,,,,
"authors:  Thomas Cohen, Ph.D., and Brian Reaves, Ph.D.",,,,,
refer questions to: askbjs@usdoj.gov (202)307-0765,,,,,
date of version: 11/19/2007,,,,,

"Table 2. State court felony defendants in the 75 largest counties with bail set at $50,000 or more or denied bail, 1990-2004",,,,,

,,Percent of defendants,,,
Characteristic,,"Bail $50,000 or more",,Denied bail,
Most serious arrest charge,,,,,
,Murder,35,%,45,%
,Rape ,25,,9,
,Robbery,20,,10,
,Assault,13,,7,
,Non-violent offenses,7,,6,
Criminal justice status at arrest ,,,,,
,Active,13,%,13,%
,None,8,,3,
Prior felony conviction ,,,,,
,Yes,13,%,10,%
,No,7,,4,
