Bureau of Justice Statistics,,,,,,,,,,
filename: prfdscat01.csv,,,,,,,,,,
"Appendix table 1. State Court Processing Statistics, participating jurisdictions, 1990-2004",,,,,,,,,,
"report title: Pretrial Release of Felony Defendants in State Courts, NCJ 214994",,,,,,,,,,
"data source: State Court Processing Statistics, 1990 - 2004   ",,,,,,,,,,
"authors:  Thomas Cohen, Ph.D., and Brian Reaves, Ph.D.",,,,,,,,,,
refer questions to: askbjs@usdoj.gov (202)307-0765,,,,,,,,,,
date of version: 11/19/2007,,,,,,,,,,

"Appendix table 1. State Court Processing Statistics, participating jurisdictions, 1990-2004",,,,,,,,,,
 ,,,,,,,,,,
County or equivalent,Number of cases,,Year of participation,,,,,,,
,Unweighted,Weighted,1990,1992,1994,1996,1998,2000,2002,2004
Jefferson (AL) ,"1,517","6,612",,,X,X,X,X,X,X
Maricopa (AZ) ,"4,245","13,848",X,X,X,X,X,X,X,X
Pima (AZ),"2,655","7,588",,,X,X,X,X,X,X
Alameda (CA),"1,941","8,471",,,X,X,X,X,X,X
Contra Costa (CA),817,"2,043",,,X,X,X,X,X,X
Los Angeles (CA),"10,419","41,676",X,X,X,X,X,X,X,X
Orange (CA),"2,984","9,964",X,,,X,X,X,X,X
Riverside (CA),"1,646","5,926",,,,,,X,X,X
Sacramento (CA),"1,898","6,786",X,X,X,X,X,,,
San Bernardino (CA),"3,061","9,909",X,X,X,X,X,X,X,X
San Diego (CA),"1,529","6,604",X,X,,,,X,X,X
San Francisco (CA),"1,327","5,675",,X,X,X,X,,,
San Mateo (CA),526,"1,315",,,,,,X,X,X
Santa Clara (CA),"2,840","9,552",X,X,X,X,X,X,X,X
Ventura (CA),576,"1,901",,,X,X,X,,,
New Haven (CT),238,"1,047",,,,,,X,,
Washington (DC),263,"1,315",X,X,,,,,,
Broward (FL),"2,155","7,095",X,X,X,X,X,X,X,X
Duval (FL),387,"1,935",X,X,,,,X,X,X
Miami-Dade (FL),"4,355","17,420",X,X,X,X,X,,,
Hillsborough (FL),"1,415","4,515",X,X,X,X,X,,,
Orange (FL),"1,367","5,938",,,X,X,X,,,
Palm Beach (FL),"1,154","4,255",X,X,,,,X,X,X
Pinellas (FL),"1,687","6,290",X,X,,,,X,X,X
Fulton (GA),"1,748","6,992",X,X,,X,,X,X,X
Honolulu (HI),890,"2,692",X,,X,X,,X,X,X
Cook (IL),"5,738","22,952",X,X,X,X,X,X,X,X
DuPage (IL),463,"1,528",,,X,X,X,,,
Marion (IN),"2,878","9,908",,,,X,X,X,X,X
Jefferson (KY),310,"1,240",,,X,X,X,,,
Essex (MA),546,"2,004",X,X,,,,,,
Middlesex (MA),657,"2,168",,,X,,,,,
Suffolk (MA),"1,546","5,753",X,X,X,X,X,,,
Baltimore (MD),"1,006","2,515",,,,,,X,X,X
Baltimore (city) (MD),"1,542","4,108",,,X,X,X,,,
Montgomery (MD),"1,216","3,494",,X,,,X,X,X,X
Macomb (MI),644,"1,610",,,,,,X,X,X
Wayne (MI),"2,030","8,120",X,X,X,X,X,X,X,X
Jackson (MO),999,"3,297",,,X,X,X,,,
St. Louis (MO),"1,582","5,447",X,X,X,X,X,,,
Essex (NJ),"2,636","11,947",X,X,X,,,X,X,X
Bronx (NY),"3,713","15,404",X,X,X,X,X,X,X,X
Erie (NY),"1,048","4,134",X,X,X,X,X,,,
Kings (NY),"3,893","15,988",X,X,X,X,X,X,X,X
Monroe (NY),"1,124","3,874",X,X,X,X,X,,,
Nassau (NY),772,"1,930",,,,,,X,X,X
New York (NY),"2,801","11,204",X,X,X,X,X,,,
Queens (NY),"2,058","7,943",X,X,X,X,X,,,X
Suffolk (NY),778,"2,567",,,X,X,X,,,
Westchester (NY),980,"2,450",,,,,,X,X,X
Franklin (OH),618,"2,719",,,,,,X,X,X
Hamilton (OH),"1,188","4,970",X,X,X,X,X,,,
Allegheny (PA),502,"1,516",X,X,X,X,X,,,
Montgomery (PA),567,"2,225",X,X,,,,,X,X
Philadelphia (PA),"4,043","15,952",X,X,X,X,X,X,X,X
Shelby (TN),"2,837","11,332",X,X,X,X,X,X,X,X
Dallas (TX),"2,169","8,676",X,X,X,X,X,X,X,X
El Paso (TX),949,"2,373",,,,,,X,X,X
Harris (TX),"3,661","14,644",X,X,X,X,X,X,X,X
Tarrant (TX),"1,526","6,941",X,X,,,,X,X,X
Travis (TX),660,"2,904",,,,,,X,X,X
Salt Lake (UT),"1,212","4,981",X,X,,,,X,X,X
Fairfax (VA),"1,158","4,670",X,X,,,,X,X,X
King (WA),"1,324","5,591",X,X,X,X,X,,,
Milwaukee (WI),"1,542","5,161",,X,X,X,X,,,
