Bureau of Justice Statistics,,,,,,,
filename: prfdsct04.csv,,,,,,,
"Table 4. State court felony defendants in the 75 largest counties released prior to case disposition, 1990-2004 ",,,,,,,
"report title: Pretrial Release of Felony Defendants in State Courts, NCJ 214994",,,,,,,
"data source: State Court Processing Statistics, 1990 - 2004   ",,,,,,,
"authors:  Thomas Cohen, Ph.D., and Brian Reaves, Ph.D.",,,,,,,
refer questions to: askbjs@usdoj.gov (202)307-0765,,,,,,,
date of version: 11/19/2007,,,,,,,

"Table 4. State court felony defendants in the 75 largest counties released prior to case disposition, 1990-2004 ",,,,,,,

Variable ,,Percent released ,,Predicted probability of release ,,,
Most serious arrest charge,,,,,,,
,Murder ,19,%,11,%**,,
,Rape ,53,,44,**,,
,Robbery  ,44,,36,**,, 
,Assault,64,,59,*
,Burglary ,49,,49,**
,Motor Vehicle theft ,49,,50,**
,Larceny/theft,68,,66,
,Forgery,72,,67,
, Fraud ,82,,76,**
,Drug Sales ( reference ) ,63,,63,
,Other drug (non-sales),68,,70,*
,Weapons ,67,,65,
,Driving-related,73,,76,**
Age of arrest,,,,,
,Under 21 (reference),68,%,64,%
,21-29,62,,63,
,30-39,59,,60,**
,40 or older,62,,60,**
Gender ,,,,,
,Male (reference),60,%,60,%
,Female,74,,69,**
Race/Hispanic origin,,,,,
,White non-Hispanic ( reference) ,68,%,66,%
,Black non-Hispanic,62,,64,
,Other non-Hispanic,65,,63,*
,"Hispanic, any race",55,,51,**
Criminal justice status at arrest ,,,,,
,No active status (reference),70,%,67,%
,Released on pending case,61,,63,
,On probation,43,,49,**
,On parole,26,,37,**
Prior arrest and court appearance,,,,,
,No prior arrests (reference),79,%,65,%
,Prior arrest record without FTA ,59,*,62,*
,Prior arrest record with FTA ,50,,58,*
Most serious prior conviction,,,,,
,No prior convictions (reference),77,%,70,%
,Misdemeanor ,63,,64,**
,Felony,46,,51,**
"Note: Logistic regression (predicted probability) results exclude the year 1990 because of missing data. Asterisks indicate category difference from the reference category at one of the following significance levels:*>=.05, **>=.01. Not all variables in the model are shown. See Methodology on page 11 for more information. ",,,,,
