Bureau of Justice Statistics,,
filename: prfdscf03.csv,,
"Figure 3. Bail amount and release rates for State court felony defendants in the 75 largest counties, 1990-2004",,
"report title: Pretrial Release of Felony Defendants in State Courts, NCJ 214994",,
"data source: State Court Processing Statistics, 1990 - 2004   ",,
"authors:  Thomas Cohen, Ph.D., and Brian Reaves, Ph.D.",,
refer questions to: askbjs@usdoj.gov (202)307-0765,,
date of version: 11/19/2007,,

"Figure 3. Bail amount and release rates for State court felony defendants in the 75 largest counties, 1990-2004",,

Bail amount set,Percent of defendants released,
"$100,000 or more",9,%
"$50,000 - $99,999",19,
"$25,000-$49,999",30,
"$10,000-$24,999",45,
"$5,000-$9,999",57
"Under $5,000",70
