Bureau of Justice Statistics,,,,,
filename: prfdsct06.csv,,,,,
"Table 6. Time from pretrial release until adjudication of State court felony defendants in the 75 largest counties, 1990-2004",,,,,
"report title: Pretrial Release of Felony Defendants in State Courts, NCJ 214994",,,,,
"data source: State Court Processing Statistics, 1990 - 2004   ",,,,,
"authors:  Thomas Cohen, Ph.D., and Brian Reaves, Ph.D.",,,,,
refer questions to: askbjs@usdoj.gov (202)307-0765,,,,,
date of version: 11/19/2007,,,,,

"Table 6. Time from pretrial release until adjudication of State court felony defendants in the 75 largest counties, 1990-2004",,,,,

,,Average Time ,,,
Type of release,,Mean ,,Median ,
All types,,112,days,90,days 
Financial releases,,125,days,106,days 
,Surety bond ,125,,106,
,Full cash bond ,122,,100,
,Deposit bond,126,,108,
,Property bond,140,,120,
Non-financial releases,,101,days,75,days 
,Recognizance,98,,72,
,Conditional ,103,,75,
,Unsecured bond,110,,86,
