Bureau of Justice Statistics,,,,,,,
Filename:  fjs12st403.csv,,,,,,,
"Table 4.3. Criminal cased disposed by U.S. magistrates, October 1, 2011�September 30, 2012",,,,,,,
"Report title: Federal Justice Statistics, 2012 - Statistical Tables NCJ # 248470",,,,,,,
"Data Source: Bureau of Justice Statistics, Federal Justice Statistics Program.",,,,,,,
Author:  Urban Institute under the supervision of BJS,,,,,,,
Refer questions to: askbjs@usdoj.gov   202-307-0765,,,,,,,
Date of version: 1/7/2015,,,,,,,
,,,,,,,
"Table 4.3. Criminal cased disposed by U.S. magistrates, October 1, 2011�September 30, 2012",,,,,,,
,,,,,,,
Most serious offense charged,,,Total,Convicted,Not convicted,Percent convicted,
,All offenses,,"8,155","5,707","2,448",70,%
Violent offenses*,,,271,162,109,59.8,%
,Assault,,265,157,108,59.2,
,Robbery,,1,1,0,^,
,Sexual Abuse,,3,2,1,^,
,Kidnapping,,2,2,0,^,
Property offenses,,,"2,053","1,423",630,69.3,%
,Fraudulent,,906,843,63,93,
,,Embezzlement,33,32,1,97,
,,Fraud,863,803,60,93,
,,Forgery,4,4,0,^,
,,Counterfeiting,6,4,2,^,
,Other,,"1,147",580,567,50.6,
,,Burglary,1,1,0,^,
,,Larceny,"1,023",520,503,51,
,,Arson and explosives,4,4,0,^,
,,Other property offenses,119,55,64,46.2,
Drug offenses,,,"1,768","1,429",339,81,
,Possession,,"1,402","1,122",280,80,%
,Trafficking,,331,290,41,88,
,Other drug offenses,,35,17,18,49,
Public-order offenses,,,"3,783","2,437","1,346",64,
,Regulatory,,241,170,71,71,%
,,Food and drug,15,14,1,93.3,
,,Transportation,19,17,2,89.5,
,,Civil rights,7,7,0,^,
,,Communications,3,1,2,^,
,,Customs laws,5,5,0,^,
,,Postal laws,36,36,0,100,
,,Other regulatory offenses,156,90,66,57.7,
,Other,,"3,542","2,267","1,275",64,
,,Tax law violations,26,26,0,100,
,,Bribery,4,4,0,^,
,,"Perjury, contempt, and intimidation",4,3,1,^,
,,National defense,12,10,2,83.3,
,,Escape,31,14,17,45.2,
,,Racketeering and extortion,7,3,4,^,
,,Nonviolent sex offenses,4,4,0,^,
,,Obscene material,1,1,0,^,
,,Wildlife,303,250,53,82.5,
,,Environmental,10,10,0,^,
,,Traffic offenses,"2,759","1,748","1,011",63.4,
,,Liquor offenses,16,16,0,100,
,,All other offenses,365,178,187,48.8,
Weapon offenses,,,43,26,17,61,
Immigration offenses,,,237,230,7,97,%
Note:  In this table sexual abuse includes only violent sex offenses; fraud excludes tax fraud; larceny excludes transporation of stolen property; other property offenses excludes fraudulent property offenses and includes destruction of property and trespassing; tax law violations includes tax fraud; and all other offenses includes offenses with an unclassifiable offense type.,,,,,,,
^ Too few cases to obtain statistically reliable data.,,,,,,,
*May include some nonviolent offenses.,,,,,,,
"Source: Bureau of Justice Statistics, based on data from the Administrative Office of the U.S. Courts, criminal master file, fiscal year 2012.",,,,,,,
