Bureau of Justice Statistics,,,,,,,,,
Filename:  fjs12st711.csv,,,,,,,,,
"Table 7.11. Average time to first release and percent of sentence served for federal prisoners released by standard methods, October 1, 2011�September 30, 2012",,,,,,,,,
"Report title: Federal Justice Statistics, 2012 - Statistical Tables NCJ # 248470",,,,,,,,,
"Data Source: Bureau of Justice Statistics, Federal Justice Statistics Program.",,,,,,,,,
Author:  Urban Institute under the supervision of BJS,,,,,,,,,
Refer questions to: askbjs@usdoj.gov   202-307-0765,,,,,,,,,
Date of version: 1/7/2015,,,,,,,,,
,,,,,,,,,
"Table 7.11. Average time to first release and percent of sentence served for federal prisoners released by standard methods, October 1, 2011�September 30, 2012",,,,,,,,,
,,,,,,,,,
 Most serious original offense of conviction,,,Number of prisoners released/a,Mean time served,,Median time served,,Percent of sentence served,
,All prisoners/b,,"61,699",38, mo.,24, mo.,88,%
Violent offenses,,,"1,794",72, mo.,52.7, mo.,88.8,%
,Murder/manslaughter,,98,105,,68,,89.3,
,Assault,,401,29,,23.5,,88.9,
,Robbery,,"1,074",84,,67,,88.7,
,Sexual abuse,,158,65,,50,,88.6,
,Kidnapping,,41,133,,118,,87.5,
,Threats against the President,,22,42,,36,,91.4,
Property offenses,,,"5,563",23, mo.,17, mo.,88,%
,Fraudulent,,"4,682",22.2,,16.3,,87.7,
,,Embezzlement,140,17.2,,10.5,,87,
,,Fraud,"4,168",22.5,,17.4,,87.7,
,,Forgery,67,22,,18,,88.6,
,,Counterfeiting,307,20,,15.7,,88.2,
,Other,,881,26,,17.4,,88.1,
,,Burglary,46,26.4,,20.9,,87.8,
,,Larceny,490,16.3,,12.1,,87.8,
,, Motor vehicle theft,35,28.9,,9.9,,85.8,
,,Arson and explosives,42,57.3,,52.2,,88.8,
,,Transportation of stolen property,47,27.9,,20.9,,87.7,
,,Other property offenses,221,39,,31,,89,
Drug offenses,,,"19,416",58.6, mo.,44.8, mo.,88,%
,Trafficking,,"19,111",59.5,,47,,87.9,
,Possession and other drug offenses,,305,6,,4,,87.7,
Public-order offenses,,,"3,701",37.5, mo.,26.1, mo.,87.5,%
,Regulatory,,897,23,,18,,87.4,
,Other,,"2,804",42,,31.4,,87.5,
,,Tax law violations,310,18.9,,13.1,,87.4,
,,Bribery,50,20.3,,15.7,,87.3,
,,Perjury,55,18.6,,12,,87.5,
,,National defense,36,43.2,,31.4,,87.6,
,,Escape,141,17.6,,13.1,,89.3,
,,Racketeering and extortion,941,59.1,,41.8,,87.3,
,,Gambling,1,^,,^,,^,
,,Nonviolent sex offenses,66,36,,23.5,,88.2,
,,Obscene material,942,48.3,,49.7,,87.4,
,,Traffic,184,3.3,,0.9,,89.7,
,,Wildlife,11,6.2,,6,,^,
,,Environmental,10,^,,^,,^,
,,All other offenses,57,35,,14,,86,
Weapon offenses,,,"6,034",56.9, mo.,50, mo.,89,%
Immigration offenses,,,"24,483",17.3,,12,,88,%
"Note: In this table, murder includes nonnegligent manslaughter; sexual abuse includes only violent sex offenses; fraud excludes tax fraud; larceny excludes transportation of stolen property; other property offenses excludes fraudulent property offenses, and includes destruction of property and trespassing; tax law violations includes tax fraud; and obscene material denotes the mail or transport thereof.",,,,,,,,,
^Too few cases to obtain statistically reliable data.,,,,,,,,,
"a/Excludes prisoners who left federal prison by extraordinary means, such as death, sentence commutation, and treaty transfer. The total number of prisoners who left prison due to extraordinary means in fiscal year 2012 was 4,699.",,,,,,,,,
b/Includes 725 prisoners whose offense was unclassifiable or was not a violation of U.S. Code.,,,,,,,,,
"Source: Bureau of Justice Statistics, based on data from the Federal Bureau of Prisons, SENTRY database, fiscal year 2012.",,,,,,,,,
