Bureau of Justice Statistics,,,,,
Filename:  fjs12st101.csv,,,,,
"Table 1.1. Suspects arrested for federal offenses and booked by U.S. Marshals Service, by offense, October 1, 2011�September 30, 2012",,,,,
"Report title: Federal Justice Statistics, 2012 - Statistical Tables NCJ # 248470",,,,,
"Data Source: Bureau of Justice Statistics, Federal Justice Statistics Program.",,,,,
Author:  Urban Institute under the supervision of BJS,,,,,
Refer questions to: askbjs@usdoj.gov   202-307-0765,,,,,
Date of version: 1/7/2015,,,,,
,,,,,
"Table 1.1. Suspects arrested for federal offenses and booked by U.S. Marshals Service, by offense, October 1, 2011�September 30, 2012",,,,,
,,,,,
Most serious offense,,,Number,Percent,
,All offenses,,"172,248",100,%
Violent offenses,,,"3,528",2.1,%
,Murder,,245,0.1,
,Negligent manslaughter,,34,--,
,Assault,,931,0.5,
,Robbery,,"1,620",0.9,
,Sexual abuse,,414,0.2,
,Kidnapping,,110,0.1,
,Threatening communication,,117,0.1,
,Other violent offenses,,57,--,
Property offenses,,,"14,491",8.5,%
,Fraudulent,,"12,541",7.3,
,,Embezzlement,406,0.2,
,,Fraud,"11,193",6.5,
,,Forgery,147,0.1,
,,Counterfeiting,795,0.5,
,Other,,"1,950",1.1,
,,Burglary,81,--,
,,Larceny,"1,370",0.8,
,,Motor vehicle theft,81,--,
,,Arson and explosives,71,--,
,,Transportation of stolen property,227,0.1,
,,Other property offenses,120,0.1,
Drug offenses,,,"25,929",15.1,%
Public-order offenses,,,"8,712",5.1,%
,Regulatory,,300,0.2,
,,Antitrust,17,--,
,,Food and drug,85,--,
,,Civil rights,66,--,
,,Other regulatory offenses,132,0.1,
,Other,,"8,412",4.9,
,,Tax law violations,"1,125",0.7,
,,Bribery,245,0.1,
,,"Perjury, contempt, and intimidation",144,0.1,
,,National defense,15,--,
,,Escape,446,0.3,
,,Racketeering and extortion,507,0.3,
,,Gambling,112,0.1,
,,Obscene material,"1,435",0.8,
,,Child support recovery,100,0.1,
,,Nonviolent sex offenses,"1,322",0.8,
,,Obstruction of justice,452,0.3,
,,Traffic offenses,"1,750",1,
,,"Conspiracy, aiding and abetting, and jurisdictional offenses",126,0.1,
,,Wildlife,102,0.1,
,,Environmental,147,0.1,
,,All other offenses,384,0.2,
Weapon offenses,,,"7,672",4.5,%
Immigration offenses,,,"85,458",49.9,%
Supervision violations,,,"21,690",12.7,%
Material witness,,,"3,901",2.3,%
"Note: In this table, murder includes nonnegligent manslaughter; sexual abuse includes only violent sex offenses; fraud excludes tax fraud; larceny excludes transportation of stolen property; other property offenses excludes fraudulent property offenses and includes destruction of property and trespassing; tax law violations includes tax fraud; obscene material denotes the mail or transport thereof; and all other offenses includes offenses with unclassifiable offense type. Detail may not sum to total due to rounding.",,,,,
 --Less than 0.05%.,,,,,
"Source: Bureau of Justice Statistics, based on data from the U.S. Marshals Service, Justice Detainee Information System, fiscal year 2012.",,,,,
