Bureau of Justice Statistics,,,,,,,,,
Filename:  fjs12st601.csv,,,,,,,,,
"Table 6.1. Criminal appeals terminated, by type of criminal case and offense, October 1, 2011�September 30, 2012",,,,,,,,,
"Report title: Federal Justice Statistics, 2012 - Statistical Tables NCJ # 248470",,,,,,,,,
"Data Source: Bureau of Justice Statistics, Federal Justice Statistics Program.",,,,,,,,,
Author:  Urban Institute under the supervision of BJS,,,,,,,,,
Refer questions to: askbjs@usdoj.gov   202-307-0765,,,,,,,,,
Date of version: 1/7/2015,,,,,,,,,
,,,,,,,,,
"Table 6.1. Criminal appeals terminated, by type of criminal case and offense, October 1, 2011�September 30, 2012",,,,,,,,,
,,,,,,,,,
,,,,,Number of criminal appeals terminated,,,,
Offense of conviction,,,Total,Pre-guideline,Total,Conviction only,Sentence only,Sentence and conviction,Other
,All offenses*,,"9,083",211,"8,872",489,"1,473","6,316",594
Violent offenses,,,518,14,504,28,78,353,45
,Murder,,31,0,31,1,1,23,6
,Assault,,111,3,108,7,7,85,9
,Robbery,,197,5,192,10,43,127,12
,Sexual abuse,,151,5,146,7,23,101,15
,Kidnapping,,23,1,22,3,3,14,2
,Threats against the President,,5,0,5,0,1,3,1
Property offenses,,,"1,182",32,"1,150",89,175,789,97
,Fraudulent,,"1,061",31,"1,030",81,168,697,84
,,Embezzlement,47,1,46,6,4,28,8
,,Fraud,956,29,927,70,156,629,72
,,Forgery,5,0,5,0,0,4,1
,,Counterfeiting,53,1,52,5,8,36,3
,Other,,121,1,120,8,7,92,13
,,Burglary,6,0,6,0,0,4,2
,,Larceny,41,1,40,2,3,32,3
,,Motor vehicle theft,4,0,4,0,1,3,0
,,Arson and explosives,41,0,41,4,0,31,6
,,Transportation of stolen property,15,0,15,1,3,10,1
,,Other property offenses,14,0,14,1,0,12,1
Drug offenses,,,"3,017",87,"2,930",165,593,"1,988",184
Public-order offenses,,,"1,158",35,"1,123",80,147,791,105
,Regulatory,,127,3,124,6,12,96,10
,,Agriculture,4,0,4,0,0,4,0
,,Antitrust,1,0,1,0,0,1,0
,,Transportation,21,0,21,2,7,11,1
,,Civil rights,31,1,30,1,0,23,6
,,Communications,2,0,2,0,0,2,0
,,Customs laws,15,0,15,0,1,13,1
,,Postal laws,5,1,4,0,0,3,1
,,Other regulatory offenses,48,1,47,3,4,39,1
,Other,,"1,031",32,999,74,135,695,95
,,Tax law violations,82,2,80,8,5,60,7
,,Bribery,20,0,20,0,0,17,3
,,"Perjury, contempt, and intimidation",79,1,78,8,11,47,12
,,National defense,22,1,21,1,3,15,2
,,Escape,44,2,42,2,10,24,6
,,Racketeering and extortion,403,21,382,29,48,253,52
,,Gambling,1,0,1,0,0,0,1
,,Nonviolent sex offenses,349,4,345,26,57,251,11
,,Obscene material,1,0,1,0,0,1,0
,,Traffic offenses,2,0,2,0,0,2,0
,,Wildlife,5,0,5,0,1,3,1
,,Environmental,4,0,4,0,0,4,0
,,All other offenses,19,1,18,0,0,18,0
Weapon offenses,,,"1,327",22,"1,305",86,206,925,88
Immigration offenses,,,"1,262",10,"1,252",30,180,"1,029",13
"Note: In this table, murder includes nonnegligent manslaughter; sexual abuse includes only violent sex offenses; fraud excludes tax fraud; larceny excludes transportation of stolen property; other property offenses excludes fraudulent property offenses and includes destruction of property and trespassing; tax law violations includes tax fraud; and all other offenses includes offenses with unclassifiable offense type.",,,,,,,,,
"*Beginning in fiscal year 2012, the total excludes appeals terminated through direct criminal appeal (2,553), through an interlocutory appeal (167), or through a post-conviction appeal (1,821). These are new appeal type codes, and offense information was not provided for these appeal types. There were a total of 13,624 criminal appeals terminated in fiscal year 2012. Total includes 619 appeals terminated for which an offense category could not be determined. ",,,,,,,,,
"Source: Bureau of Justice Statistics, based on data from the Administrative Office of the U.S. Courts, Court of Appeals, fiscal year 2012.",,,,,,,,,
