Bureau of Justice Statistics,,,,,,,
Filename:  fjs12st106.csv,,,,,,,
"Table 1.6. Time from warrant initiation to clearance, by warrant characteristics, October 1, 2011�September 30, 2012",,,,,,,
"Report title: Federal Justice Statistics, 2012 - Statistical Tables NCJ # 248470",,,,,,,
"Data Source: Bureau of Justice Statistics, Federal Justice Statistics Program.",,,,,,,
Author:  Urban Institute under the supervision of BJS,,,,,,,
Refer questions to: askbjs@usdoj.gov   202-307-0765,,,,,,,
Date of version: 1/7/2015,,,,,,,
,,,,,,,
"Table 1.6. Time from warrant initiation to clearance, by warrant characteristics, October 1, 2011�September 30, 2012",,,,,,,
,,,,,,,
Warrant characteristic,,,Number,Percent,,Median days,
,All warrants cleared,,"222,842",100,%,13, days
Warrant execution type,,,,,,,
,Warrants cleared by arrest,,"189,699",85,%,8, days
,,"Alcohol, Tobacco, Firearms and Explosives","4,114",1.8,,8,
,,Customs and Border Protection,5, -- ,, ^ ,
,,Drug Enforcement Administration,"5,350",2.4,,6,
,,Federal Bureau of Investigation,"6,705",3,,6,
,,Immigration and Customs Enforcement,13, -- ,,6,
,,U.S. Marshals Service,"139,934",62.8,,8,
,,Self-surrender,"7,385",3.3,,14,
,,Other federal,"12,845",5.8,,5,
,,State/local,"13,243",5.9,,31,
,Warrants cleared by other means,,"33,143",15,,161,
,,Detainer,"11,209",5,,39,
,,Dismissed,"20,439",9,,461,
,,Other,"1,495",1,,162,
Offense,,,,,,,
,Violent offenses,,"32,791",14.8,%,8, days
,Property offenses,,"28,576",12.9,,12,
,,Fraudulent,"11,583",5.2,,12,
,,Other,"16,993",7.7,,12,
,Drug offenses,,"39,261",18,,7,
,Public-order offenses,,"33,857",15.3,,23,
,,Regulatory,"1,196",0.5,,43,
,,Other,"32,661",14.7,,22,
,Weapon offenses,,"11,257",5.1,,9,
,Immigration offenses,,"6,134",2.8,,3,
,Supervision violations,,"67,985",31,,19,
,Material witness,,408,0,,3,
Note: Analysis based on the group of all warrants cleared during fiscal year 2012. Detail may not sum to the total due to missing data. ,,,,,,,
 --Less than 0.05%. ,,,,,,,
^Too few cases to obtain statistically reliable data.,,,,,,,
"Source: Bureau of Justice Statistics, based on data from the U.S. Marshals Service, Warrant Information Network, fiscal year 2012.",,,,,,,
