Bureau of Justice Statistics,,,,,,
Filename:  fjs12st401.csv,,,,,,
"Table 4.1. Defendants in criminal cases commenced, by offense, October 1, 2011�September 30, 2012",,,,,,
"Report title: Federal Justice Statistics, 2012 - Statistical Tables NCJ # 248470",,,,,,
"Data Source: Bureau of Justice Statistics, Federal Justice Statistics Program.",,,,,,
Author:  Urban Institute under the supervision of BJS,,,,,,
Refer questions to: askbjs@usdoj.gov   202-307-0765,,,,,,
Date of version: 1/7/2015,,,,,,
,,,,,,
"Table 4.1. Defendants in criminal cases commenced, by offense, October 1, 2011�September 30, 2012",,,,,,
,,,,,,
Most serious offense charged,,,,Number,Percent,
,All offenses,,,"92,789",100,%
Felonies,,,,"83,673",90.7,%
,Violent offenses,,,"2,840",3,
,,Murder,,153,0,
,,Assault,,750,1,
,,Robbery,,"1,008",1,
,,Sexual abuse,,807,1,
,,Kidnapping,,103,0,
,,Threats against the President,,19,--,
,Property offenses,,,"12,851",13.9,
,,Fraudulent,,"11,171",12,
,,,Embezzlement,450,0.5,
,,,Fraud,"9,842",11,
,,,Forgery,29,--,
,,,Counterfeiting,850,0.9,
,Other,,,"1,680",2,
,,Burglary,,55,0,
,,Larceny,,"1,247",1,
,,Motor vehicle theft,,24,--,
,,Arson and explosives,,186,0,
,,Transportation of stolen property,,110,0,
,,Other property offenses,,58,0,
,Drug offenses,,,"28,693",31,
,,Trafficking,,"28,655",31,
,,Possession and other drug offenses,,38,--,
,Public-order offenses,,,"6,601",7,
,,Regulatory,,"1,032",1,
,,,Agriculture,1,--,
,,,Antitrust,43,--,
,,,Food and drug,38,--,
,,,Transportation,126,0.1,
,,,Civil rights,80,0.1,
,,,Communications,62,0.1,
,,,Customs laws,154,0.2,
,,,Postal laws,24,--,
,,,Other regulatory offenses,504,0.5,
,,Other,"5,569",6,,
,,,Tax law violations,496,0.5,
,,,Bribery,130,0.1,
,,,"Perjury, contempt, and intimidation",331,0.4,
,,,National defense,108,0.1,
,,,Escape,492,0.5,
,,,Racketeering and extortion,"1,870",2,
,,,Gambling,60,0.1,
,,,Liquor offenses,1,--,
,,,Nonviolent sex offenses,"1,862",2,
,,,Obscene material,6,--,
,,,Traffic offenses,9,--,
,,,Wildlife,50,0.1,
,,,Environmental,35,--,
,,,All other felonies,119,0.1,
,Weapon offenses,,,"7,586",8,
,Immigration offenses,,,"25,102",27.2,
Misdemeanors,,,,"8,548",9.3,%
,Fraudulent property offenses,,,913,1,
,Larceny,,,"1,053",1.1,
,Drug possession,,,"1,599",1.7,
,Immigration offenses,,,141,0.2,
,Traffic offenses,,,"3,073",3.3,
,Other misdemeanors,,,"1,769",1.9,
"Note: In this table, murder includes nonnegligent manslaughter; sexual abuse includes only violent sex offenses; fraud excludes tax fraud; larceny excludes transportation of stolen property; other property offenses excludes fraudulent property offenses and includes destruction of property and trespassing; tax law violations includes tax fraud; obscene material denotes the mail or transport thereof; all other felonies includes felonies with unclassifiable offense type; misdemeanors includes misdemeanors, petty offenses, and unknown offense levels; and drug possession also includes other drug misdemeanors. Detail may not sum to total due to rounding. Total includes 568 records where offense type was missing.",,,,,,
--Less than 0.05%.,,,,,,
"Source: Bureau of Justice Statistics, based on data from the Administrative Office of the U.S. Courts, criminal master file, fiscal year 2012.",,,,,,
