"Bureau of Justice Statistics",,,,,
"Filename:  cf994__01.csv",,,,,
"Table 4.1.  Defendants in cases commenced from October 1, 1998 - September 30, 1999, by offense",,,,,
"Report title:  Compendium of Federal Justice Statistics, 1999   NCJ  186179",,,,,
"Data source:  Federal justice statistics database maintained by The Urban Institute",,,,,
"Author:  Urban Institute under the supervision of John Scalia",,,,,
"Refer  questions to:  askbjs@ojp.usdoj.gov  202-307-0765",,,,,
"Date of version:  4/02/01",,,,,
,,,,,
,,,,,
"Table 4.1.  Defendants in cases commenced from October 1, 1998 - ",,,,,
,,,"September 30, 1999, by offense",,
,,,,,
,,,,"Defendants in cases filed during 1999",
"Most serious offense charged",,,,"Number","Percent/a"
,,," All offenses",80031,100.0
"Felonies",,,,67442,84.3
,"Violent offenses",,,2976,3.7
,,"Murder/b",,483,0.6
,,"Negligent manslaughter",,2,"--"
,,"Assault",,316,0.4
,,"Robbery",,1642,2.1
,,"Sexual abuse/b",,333,0.4
,,"Kidnaping",,183,0.2
,,"Threats against the President",,17,"--"
,"Property offenses",,,14779,18.5
,,"Fraudulent",,12028,15.0
,,,"Embezzlement",1100,1.4
,,,"Fraud/b",9158,11.4
,,,"Forgery",144,0.2
,,,"Counterfeiting",1626,2.0
,,"Other",,2751,3.4
,,,"Burglary",88,0.1
,,,"Larceny/b",1777,2.2
,,,"Motor vehicle theft",201,0.3
,,,"Arson and explosives",266,0.3
,,,"Transportation of stolen property",353,0.4
,,,"Other property offenses/b",66,0.1
,"Drug offenses",,,29306,36.6
,,"Trafficking",,27296,34.1
,,"Possession and other drug offenses",,2010,2.5
,"Public-order offenses",,,20381,25.5
,,"Regulatory",,1245,1.6
,,,"Agriculture",92,0.1
,,,"Antitrust",45,0.1
,,,"Food and drug",38,"--"
,,,"Transportation",137,0.2
,,,"Civil rights",104,0.1
,,,"Communications",19,"--"
,,,"Custom laws",87,0.1
,,,"Postal laws",39,"--"
,,,"Other regulatory offenses",684,0.9
,,"Other",,19136,23.9
,,,"Weapons",4924,6.2
,,,"Immigration offenses",10550,13.2
,,,"Tax law violations/b",661,0.8
,,,"Bribery",186,0.2
,,,"Perjury, contempt, and intimidation",317,0.4
,,,"National defense",69,0.1
,,,"Escape",589,0.7
,,,"Racketeering and extortion",997,1.2
,,,"Gambling",29,"--"
,,,"Liquor offenses",3,"--"
,,,"Nonviolent sex offenses",582,0.7
,,,"Obscene material",10,"--"
,,,"Traffic offenses",27,"--"
,,,"Migratory birds",1,"--"
,,,"All other felonies/b",191,0.2
"Misdemeanors/b",,,,12474,15.6
,"Fraudulent property offense",,,1376,1.7
,"Larceny",,,1839,2.3
,"Drug possession/b",,,1381,1.7
,"Immigration",,,804,1.0
,"Traffic offenses",,,4974,6.2
,"Other misdemeanors",,,2100,2.6
"Unknown or indeterminable offense",,,,115,
,,,,,
"--Less than 0.05%",,,,,
"(SEE PRINTED REPORT FOR FOOTNOTES.)",,,,,
