"Bureau of Justice Statistics",,,,,,,,,,,,,,,
"filename:  cpu97810.csv",,,,,,,,,,,,,,,
"table: 8.10",,,,,,,,,,,,,,,
"report title: Correctional Populations in the United States, 1997  chapter 8  NCJ 177613",,,,,,,,,,,,,,,
"data sources:  U.S. military survey, 1997",,,,,,,,,,,,,,,
"author: Christopher Mumola",,,,,,,,,,,,,,,
"refer questions to: askbjs@ojp.usdoj.gov (202) 307-0765",,,,,,,,,,,,,,,
"date of version: 9-8-00",,,,,,,,,,,,,,,
,,,,,,,,,,,,,,,
"Table 8.10.   Percent of admissions to U.S. military confinement facilities, by type of admission,",,,,,,,,,,,,,,,
"officer/enlisted status, and branch of service holding prisoners, 1997",,,,,,,,,,,,,,,
,,,,,,,,,,,,,,,
,"Percent of admissions",,,,,,,,,,,,,,
,,," All inmates",,,,,"Air",,,,"Marine",,,
"Type of admission","Total",,"Officers",,"Enlisted",,,"Force",,"Army",,"Corps",,"Navy",
,,,,,,,,,,,,,,,
"              Total",100.0,"%",100.0,"%",100.0,"%",,100.0,"%",100.0,"Branch of service, type",100.0,"%",100.0,"%"
,,,,,,,,,,,,,,,
"New court commitments",92.7,,95.9,,92.7,,,89.3,,89.6,,99.9,,87.3,
"      From summary court",23.6,,0.0,,24.0,,,8.5,,2.2,,46.4,,25.1,
"      From special court ",30.6,,0.0,,31.1,,,42.2,,11.4,,38.0,,33.7,
"      From general court",38.5,,95.9,,37.6,,,38.6,,76.0,,15.6,,28.5,
,,,,,,,,,,,,,,,
"Parole violators returned",1.1,,2.7,,1.1,,,0.7,,3.4,,0.0,,0.2,
,,,,,,,,,,,,,,,
"Transfers from",,,,,,,,,,,,,,,
"other military confinement",6.1,,1.4,,6.2,,,9.6,,6.8,,0.1,,12.5,
,,,,,,,,,,,,,,,
"Escapees returned",0.0,,0.0,,0.0,,,0.4,,0.2,,0.0,,0.0,
,,,,,,,,,,,,,,,
"   Number of admissions",4852,,73,,4779,,,823,,1312,,1710,,1007,
,,,,,,,,,,,,,,,
"Note:  Detail may not add to total because of rounding.",,,,,,,,,,,,,,,
