"Bureau of Justice Statistics",,,,,,
"filename:  cpu97801.csv",,,,,,
"table: 8.1",,,,,,
"report title: Correctional Populations in the United States, 1997  chapter 8  NCJ 177613",,,,,,
"data sources:  U.S. military survey, 1997",,,,,,
"author: Christopher Mumola",,,,,,
"refer questions to: askbjs@ojp.usdoj.gov (202) 307-0765",,,,,,
"date of version: 9-8-00",,,,,,
,,,,,,
"Table 8.1.   Number of military correctional facilities, capacity, and number of prisoners, by branch",,,,,,
"of service holding prisoners, type of facility and location, December 31, 1997",,,,,,
,,,,,,
,,,,,,
"Branch of service holding",,,,"             Number of prisoners",,
"prisoners, type of facility,","Number","Design","Operational",,"Pre-","Post-"
"and location","of facilities","capacity/a","capacity","Total","trial","trial"
,,,,,,
"All branches",,,,,,
"Total/b",64,4826,4483,2772,313,2459
"Inside Continental US",,,,,,
"    Local facilities",47,795,727,297,90,207
"    Regional facilities",8,1649,1618,1354,191,1163
"    Long term facilities",1,1700,1500,997,0,997
"Outside Continental US",8,682,638,124,32,92
,,,,,,
"Air Force",,,,,,
"Total",38,335,303,103,13,90
"Inside Continental US",,,,,,
"    Local facilities",38,335,303,103,13,90
"    Regional facilities",0,0,0,0,0,0
"Outside Continental US",0,0,0,0,0,0
,,,,,,
"Army",,,,,,
"Total",7,2704,2393,1494,29,1465
"Inside Continental US",,,,,,
"    Local facilities",1,76,40,11,1,10
"    Regional facilities",3,583,552,440,20,420
"    Long term facilities",1,1700,1500,997,0,997
"Outside Continental US",2,345,301,46,8,38
,,,,,,
"Marine Corps",,,,,,
"Total",7,892,892,571,145,426
"Inside Continental US",,,,,,
"    Local facilities",2,48,48,17,4,13
"    Regional facilities",3,646,646,514,129,385
"Outside Continental US",2,198,198,40,12,28
,,,,,,
"Navy",,,,,,
"Total",12,895,895,604,126,478
"Inside Continental US",,,,,,
"    Local facilities",6,336,336,166,72,94
"    Regional facilities",2,420,420,400,42,358
"Outside Continental US",4,139,139,38,12,26
,,,,,,
"Note:  Local facilities hold unsentenced persons and prisoners with sentences of less than 90 days.  Regional",,,,,,
"facilities hold prisoners with sentences of less than 5 years.  The U.S. Disciplinary Barracks, Fort Leavenworth,",,,,,,
"Kansas, the only long-term military confinement facility, holds prisoners with sentences of more than 5 years.  ",,,,,,
"This report excludes persons who receive nonjudicial punishment for less serious infractions, based on the ",,,,,,
"Uniform Code of Military Justice; nonjudicial punishment may include reduction in grade, forfeiture of pay,  ",,,,,,
"restriction to quarters, extra duty, cancellation of leave, or other penalties.",,,,,,
"a/The Navy and Marine Corps report the same figures for both design and operational capacity.",,,,,,
"b/The Coast Guard does not operate confinement facilities.",,,,,,
