"Bureau of Justice Statistics",,,,,
"filename: cfj951_1.csv",,,,,
"contents: Federal case processing data",,,,,
"data source: Federal Justice Statistics database maintained by the Urban institute.",,,,,
"refer questions to: scalia@ojp.usdoj.gov (202) 616-3276",,,,,
"coordinator: John Scalia and Steve Smith (202) 616-3485",,,,,
"date of version:  2/20/98",,,,,
,,,,,
"Table 1.1.  Suspects in matters received by U.S. attorneys,",,,,,
,,,"by offense, October 1, 1994 - September 30, 1995",,
,,,,,
,,,,"Suspects in criminal matters",
,,,,"received by U.S. attorneys",
"Most serious offense investigated\a",,,,"Number","Percent\b"
,,," All offenses\c",102220,100
"Violent offenses",,,,5720,6
,"Murder/manslaughter\d",,,430,0
,"Assault",,,1211,1
,"Robbery",,,2358,2
,"Rape",,,620,1
,"Other sex offenses\d",,,643,1
,"Kidnaping",,,319,0
,"Threats against the President",,,139,0
"Property offenses",,,,31759,32
,"Fraudulent",,,27836,28
,,"Embezzlement",,4433,4
,,"Fraud\d",,21518,21
,,"Forgery",,1517,2
,,"Counterfeiting",,368,0
,"Other",,,3923,4
,,"Burglary",,76,0
,,"Larceny\d",,1742,2
,,"Motor vehicle theft",,802,1
,,"Arson and explosives",,792,1
,,"Transportation of stolen property",,173,0
,,"Other property offenses\d",,338,0
"Drug offenses",,,,31686,31
"Public-order offenses",,,,31668,31
,"Regulatory",,,5371,5
,,"Agriculture",,452,0
,,"Antitrust",,63,0
,,"Food and drug",,178,0
,,"Transportation",,325,0
,,"Civil rights",,1698,2
,,"Communications",,128,0
,,"Custom laws",,369,0
,,"Postal laws",,279,0
,,"Other regulatory offenses",,1879,2
,"Other",,,26297,26
,,"Weapons",,5376,5
,,"Immigration offenses",,7256,7
,,"Tax law violations\d",,1348,1
,,"Bribery",,449,0
,,"Perjury, contempt and intimidation",,671,1
,,"National defense",,296,0
,,"Escape",,4067,4
,,"Racketeering and extortion",,3610,4
,,"Gambling",,279,0
,,"Liquor offenses",,10,"--"
,,"Obscene material\d",,45,"--"
,,"Migratory birds",,113,0
,,"Conspiracy, aiding and abetting,",,,
,,"   traffic, and jurisdictional",,2509,3
,,"All other offenses\d",,268,0
"Unknown or indeterminable offense",,,,1387,
"--Less than .05%",,,,,
"(SEE PRINTED REPORT FOR FOOTNOTES)",,,,,
