Bureau of Justice Statistics,,,,,,,,,,,,,,
Filename: p12act04.csv,,,,,,,,,,,,,,
"Table 4. Most serious offense committed by sentenced inmates in California state prisons, by sex and offense type , December 31, 2010 and 2012",,,,,,,,,,,,,,
Report title: Prisoners in 2012 - Advance Counts NCJ 242467,,,,,,,,,,,,,,
Data source(s): National Prisoner Statistics Program,,,,,,,,,,,,,,
Author(s): E. Ann Carson and Daniela Golinelli,,,,,,,,,,,,,,
Refer questions to: askbjs@usdoj.gov or 202-307-0765 ,,,,,,,,,,,,,,
Date of version: 07/16/2013,,,,,,,,,,,,,,
 ,,,,,,,,,,,,,,
"Table 4. Most serious offense committed by sentenced inmates in California state prisons, by sex and offense type , December 31, 2010 and 2012",,,,,,,,,,,,,,
,,,,,,,,,,,,,,
,,2010,,,,,,,2012,,,,,
Offense,,Total,,Male,,Female,,,Total,,Male,,Female,
,Total/a,"162,164",,"152,405",,"9,759",,,"132,885",,"126,893",,"5,992",
Violent,,58.8,%,60,%,40.9,%,,69.8,%,70.1,%,62.4,%
,Murder/b,17.4,,17.6,,14.7,,,22.4,,22.3,,24.6,
,Manslaughter,0.6,,0.6,,1.3,,,0.7,,0.7,,2,
,Rape,2,,2.1,,0.1,,,2.2,,2.3,,0.2,
,Other sexual assault,7.2,,7.6,,0.8,,,8.1,,8.5,,1.2,
,Robbery,13.6,,13.8,,9.9,,,16.2,,16.3,,14.5,
,Aggravated or simple assault,14.3,,14.6,,9.6,,,15.9,,16,,13.4,
,Other violent,3.7,,3.7,,4.3,,,4.3,,4.2,,6.6,
Property,,18.9,%,17.9,%,33.3,%,,14.5,%,14.2,%,22.3,%
,Burglary,8.4,,8.2,,11.2,,,8.1,,8,,10.9,
,Larceny-theft,3.8,,3.4,,9.9,,,2.1,,2,,4.8,
,Motor vehicle theft,3.3,,3.3,,3.3,,,2.1,,2.1,,1.7,
,Fraud,1.4,,1.1,,6.3,,,0.7,,0.6,,3,
,Other property,1.9,,1.9,,2.6,,,1.4,,1.4,,2,
Drug/c,,15,%,14.6,%,21.1,%,,9.1,%,9,%,10.9,%
Public order/d,,7.2,%,7.4,%,4.3,%,,6.5,%,6.6,%,4.1,%
Other/unspecified/e,,0.2,%,0.2,%,0.4,%,,0.1,%,0.1,%,0.2,%
Note: Counts are based on prisoners with a sentence of more than 1 year. ,,,,,,,,,,,,,,
"a/Analysis based on National Corrections Reporting Program administrative data, which may vary slightly from National Prisoner Statistics Program data due to differences in data collection.",,,,,,,,,,,,,,
b/Includes nonnegligent manslaughter.,,,,,,,,,,,,,,
"c/Includes trafficking, possession, and other drug offenses.",,,,,,,,,,,,,,
"d/Includes weapons, drunk driving, and court offenses; commercialized vice, morals, and decency offenses; and liquor law violations and other public-order offenses.",,,,,,,,,,,,,,
e/Includes juvenile offenses and other unspecified offense categories.,,,,,,,,,,,,,,
"Sources: Bureau of Justice Statistics, National Prisoner Statistics Program and National Corrections Reporting Program, 2010 and 2012.",,,,,,,,,,,,,,
