Bureau of Justice Statistics,,,,,,,
Filename: p12act10.csv,,,,,,,
"Table 10. Estimated number of sentenced prisoners under state jurisdiction, by offense, sex, race, and Hispanic origin, December 31, 2011",,,,,,,
Report title: Prisoners in 2012 - Advance Counts NCJ 242467,,,,,,,
Data source(s):  National Prisoner Statistics Program and National Corrections Reporting Program,,,,,,,
Author(s): E. Ann Carson and Daniela Golinelli,,,,,,,
Refer questions to: askbjs@usdoj.gov or 202-307-0765 ,,,,,,,
Date of version: 07/16/2013,,,,,,,
 ,,,,,,,
"Table 10. Estimated number of sentenced prisoners under state jurisdiction, by offense, sex, race, and Hispanic origin, December 31, 2011",,,,,,,
Offense,,All inmates/a,Male,Female,White/b,Black/b,Hispanic
,Total,"1,341,804","1,250,214","91,590","465,180","509,677","282,353"
Violent,,"710,875","678,786","33,695","228,782","284,631","162,489"
,Murder/c,"163,762","154,359","9,821","45,369","65,568","37,956"
,Manslaughter,"21,051","18,544","2,587","8,107","7,408","3,456"
,Rape/sexual assault,"165,656","163,863","2,032","79,282","39,975","35,863"
,Robbery,"181,415","173,640","8,177","38,312","99,096","36,694"
,Aggravated or simple assault,"138,574","131,100","7,816","42,375","56,281","38,252"
,Other violent,"40,416","37,281","3,262","15,336","16,304","10,270"
Property,,"245,351","220,753","25,486","108,560","78,197","38,264"
,Burglary,"128,823","122,837","6,298","53,547","46,795","22,038"
,Larceny-theft,"42,029","35,195","7,046","19,617","12,679","5,679"
,Motor vehicle theft,"14,703","13,782",963,"6,596","3,330","4,132"
,Fraud,"30,333","22,000","8,559","14,738","8,256","2,628"
,Other property,"29,463","26,940","2,621","14,063","7,137","3,786"
Drug/d,,"225,242","203,081","22,971","67,271","91,775","47,479"
Public order/e,,"141,803","134,203","7,954","54,834","50,489","32,275"
Other/unspecified/f,,"18,534","13,391","1,484","5,733","4,585","1,846"
Note: Counts are based on state prisoners with a sentence of more than 1 year under the jurisdiction of state correctional officials. Detail may not sum to total due to rounding and missing offense data.,,,,,,,
"a/Includes American Indians, Alaska Natives, Asians, Native Hawaiians, other Pacific Islanders, and persons identifying two or more races.",,,,,,,
b/Excludes persons of Hispanic or Latino origin and persons of two or more races.,,,,,,,
c/Includes nonnegligent manslaughter.,,,,,,,
"d/Includes trafficking, possession, and other drug offenses.",,,,,,,
"e/Includes weapons, drunk driving, and court offenses; commercialized vice, morals, and decency offenses; and liquor law violations and other public-order offenses.",,,,,,,
f/Includes juvenile offenses and other unspecified offense categories.,,,,,,,
"Sources: Bureau of Justice Statistics, National Prisoner Statistics Program and National Corrections Reporting Program, 2011.",,,,,,,
