"Bureau of Justice Statistics",,,,,,,,,
"filename: sco9818.csv",,,,,,,,,
"table#:  18  Sources of Trial Court Funding and Staffing by Selected Expenditure Items",,,,,,,,,
"report title: State Court Organization, 1998 NCJ 178932",,,,,,,,,
"author:  David  B. Rottman, Carol R. Flango, Milissa T. Cantrell, Randall Hansen",,,,,,,,,
"refer questions to: askbjs@ojp.usdoj.gov (202) 307-0765",,,,,,,,,
"date of version: 05/19/2000",,,,,,,,,
,,,,,,,,,
"Table 18. Sources of Trial Court Funding and Staffing by Selected Expenditure Items",,,,,,,,,
,,,,,,,,,
,,,,,,"Trial Court Administrator's",,"Court Reporter's",
"Court Type:",,"Judicial Salaries",,"Clerks of Court Salaries",,"Salaries",,"Salaries",
"G=general jurisdiction",,,,,,,,,
"L=limited jurisdiction",,"Source","State %","Source","State %","Source","State %","Source","State %"
,,,,,,,,,
"Alabama",,,,,,,,,
"G","Circuit Court","S/C","100 /1","S/C","98 /2","S",100,"S/F",95
"L","District Court","S/C",70,"S",100,"S",100,"~","~"
"L","Municipal Court","M",0,"M",0,"M",0,"~","~"
"L","Probate Court","C",0,"C",0,"C",0,"F",0
,,,,,,,,,
"Alaska",,,,,,,,,
"G","Superior Court","S",100,"S",100,"S",100,"S","100 /6"
"L","District Court","S",100,"S",100,"S",100,"S","100 /6"
,,,,,,,,,
"Arizona",,,,,,,,,
"G","Superior Court","S/C",50,"C",0,"C",0,"C",0
"G","Tax Court /9","C",0,"~","~","~","~","~","~"
"L","Justice of the Peace Court","S/C",40,"C",0,"C",0,"C",0
"L","Municipal Court","M",0,"M",0,"M",0,"M",0
,,,,,,,,,
"Arkansas",,,,,,,,,
"G","Chancery and Probate Court","S",100,"C",0,"C",0,"S",100
"G","Circuit Court","S",100,"C",0,"C",0,"S",100
"L","City Court","M",0,"M",0,"~","~","~","~"
"L","Justice of the Peace Court14","~","~","~","~","~","~","~","~"
"L","County Court /15","~","~","~","~","~","~","~","~"
"L","Court of Common Pleas","C",0,"C",0,"~","~","~","~"
"L","Municipal Court","C/M",0,"C/M",0,"~","~","~","~"
"L","Police Court","M",0,"M",0,"~","~","~","~"
,,,,,,,,,
"California",,,,,,,,,
"G","Superior Court","S",100,"S",100,"S",100,"S",100
"L","Municipal Court","S",100,"S",100,"S",100,"S",100
,,,,,,,,,
"Colorado",,,,,,,,,
"G","District Court","S",100,"S",100,"S",100,"S",100
"G","Denver Probate Court","S",100,"S",100,"S",100,"S",100
"G","Water Court /22","S",100,"S",100,"S",100,"S",100
"G","Denver Juvenile Court","S",100,"S",100,"S",100,"S",100
"L","County Court","S",100,"S",100,"S",100,"S",100
"L","Municipal Court /23","M/F",0,"M/F",0,"M/F",0,"M/F",0
,,,,,,,,,
"Connecticut",,,,,,,,,
"G","Superior Court","S",100,"S",100,"S",100,"S",100
"L","Probate Court","F",0,"F",0,"~","~","~","~"
,,,,,,,,,
"Delaware",,,,,,,,,
"G","Court of Chancery","S",100,"C","100 /24","S",100,"S",100
"G","Superior Court","S",100,"S",100,"S",100,"S",100
"L","Alderman's Court","M",0,"M",0,"~","~","M",0
"L","Court of Common Pleas","S",100,"S",100,"S",100,"S",100
"L","Family Court","S",100,"S",100,"S",100,"~","~"
"L","Justice of the Peace Court","S",100,"S",100,"S",100,"~","~"
,,,,,,,,,
"District of Columbia",,,,,,,,,
"G","Superior Court","~","~","~","~","~","~","~","~"
,,,,,,,,,
"Florida",,,,,,,,,
"G","Circuit Court","S",100,"C/F /34",0,"S","100 /35","S/C",20
"L","County Court","S",100,"C/F",0,"S","100 /40","S/C",20
,,,,,,,,,
"Georgia",,,,,,,,,
"G","Superior Court","S","100 /41","C",0,"S/C","N/S /42","C",0
"L","City Court of Atlanta","M",0,"M",0,"M",0,"M",0
"L","Civil Court","C",0,"C",0,"~","~","C",0
"L","County Recorder's Court","C",0,"C",0,"~","~","C",0
"L","Juvenile Court","C",0,"C",0,"C",0,"C",0
"L","Magistrate Court","C",0,"C",0,"C",0,"C",0
,,,,,,,,,
,,,,,,,,,
,,,,,,"Other",,"Creating Court",
,,"Other salaries",,"Automation Equipment",,"Capital Equipment",,"Record for Appeal",
,,,,,,,,,
,,"Source","State %","Source","State %","Source","State %","Source","State %"
"Alabama",,,,,,,,,
"G","Circuit Court","S",100,"S/F",100,"S",100,"S",100
"L","District Court","S",100,"S",100,"S",100,"F",0
"L","Municipal Court","M",0,"M",0,"M",0,"N/S","N/S"
"L","Probate Court","C",0,"C",0,"C",0,"F",0
,,,,,,,,,
"Alaska",,,,,,,,,
"G","Superior Court","S",100,"S",100,"S",100,"S",100
"L","District Court","S",100,"S",100,"S",100,"S",100
,,,,,,,,,
"Arizona",,,,,,,,,
"G","Superior Court","C",0,"C",0,"S/C/F",30,"C",0
"G","Tax Court /9","C",0,"C",0,"C",0,"C",0
"L","Justice of the Peace Court","C",0,"C/F",0,"C",0,"C",0
"L","Municipal Court","M",0,"M/F",0,"M",0,"M",0
,,,,,,,,,
"Arkansas",,,,,,,,,
"G","Chancery and Probate Court","S/C","50 /11","S/C",50,"C",0,"S","10 /11"
"G","Circuit Court","S/C","50 /11","S/C",50,"C",0,"S","10 /12"
"L","City Court","~","~","M",0,"M",0,"F",0
"L","Justice of the Peace Court /14","~","~","~","~","~","~","~","~"
"L","County Court /15","~","~","~","~","~","~","~","~"
"L","Court of Common Pleas","C",0,"C",0,"C",0,"~","~"
"L","Municipal Court","~","~","C/M/F",0,"C/M/F",0,"F",0
"L","Police Court","~","~","M",0,"M",0,"F",0
,,,,,,,,,
"California",,,,,,,,,
"G","Superior Court","S",100,"S/F",100,"S",100,"S","100 /16"
"L","Municipal Court","S",100,"S/F",100,"S",100,"S","100 /16"
,,,,,,,,,
"Colorado",,,,,,,,,
"G","District Court","S",100,"S",100,"S",100,"S",100
"G","Denver Probate Court","S",100,"S",100,"S",100,"S",100
"G","Water Court /22","S",100,"S",100,"S",100,"S",100
"G","Denver Juvenile Court","S",100,"S",100,"S",100,"S",100
"L","County Court","S",100,"S",100,"S",100,"S",100
"L","Municipal Court /23","M/F",0,"M/F",0,"M/F",0,"M/F",0
,,,,,,,,,
"Connecticut",,,,,,,,,
"G","Superior Court","S",100,"S",100,"S",100,"S",100
"L","Probate Court","~","~",,"~","M",0,"F",0
,,,,,,,,,
"Delaware",,,,,,,,,
"G","Court of Chancery","S",100,"S",100,"S",100,"C /25",0
"G","Superior Court","S",100,"S",100,"S",100,"S",100
"L","Alderman's Court","M",0,"M",0,"M",0,"M",0
"L","Court of Common Pleas","S",100,"S",100,"S",100,"S",100
"L","Family Court","S","99 /30","S","99 /30","S",100,"S",100
"L","Justice of the Peace Court","S",100,"S",100,"S",100,"S",100
,,,,,,,,,
"District of Columbia",,,,,,,,,
"G","Superior Court","~","~","~","~","~","~","~","~"
,,,,,,,,,
"Florida",,,,,,,,,
"G","Circuit Court","S/C",50,"C/F",0,"C",0,"C/F","0 /36"
"L","County Court","S/C",50,"C/F",0,"C",0,"C/F","0 /36"
,,,,,,,,,
"Georgia",,,,,,,,,
"G","Superior Court","S/C","N/S","S/C","N/S","C",0,"C",0
"L","City Court of Atlanta","M",0,"M",0,"M",0,"M",0
"L","Civil Court","C",0,"C",0,"C",0,"C",0
"L","County Recorder's Court","C",0,"C",0,"C",0,"C",0
"L","Juvenile Court","C",0,"C",0,"C",0,"C",0
"L","Magistrate Court","C",0,"C",0,"C",0,"C",0
,,,,,,,,,
,,,,,,,,,
,,"Building/Real",,"Travel",,"General Operating",,,
,,"Property",,"Expenses",,"Expenditures",,"Indigent Defense",
,,,,,,,,,
,,"Source","State %","Source","State %","Source","State %","Source","State %"
"Alabama",,,,,,,,,
"G","Circuit Court","~","~","S/M","100 /3","S",100,"S",100
"L","District Court","~","~","S",100,"S",100,"S",100
"L","Municipal Court","M",0,"S/M","N/S","M",0,"S/M/F","N/S"
"L","Probate Court","C",0,"C",0,"C",0,"C",0
,,,,,,,,,
"Alaska",,,,,,,,,
"G","Superior Court","S",100,"S",100,"S",100,"S",100
"L","District Court","S",100,"S",100,"S",100,"S",100
,,,,,,,,,
"Arizona",,,,,,,,,
"G","Superior Court","C",0,"C",0,"C",0,"C",0
"G","Tax Court /9","S/C",50,"C",0,"C",0,"C",0
"L","Justice of the Peace Court","C",0,"C","0 /10","C",0,"~","~"
"L","Municipal Court","M",0,"M",0,"M",0,"~","~"
,,,,,,,,,
"Arkansas",,,,,,,,,
"G","Chancery and Probate Court","C",0,"S",100,"C",0,"S/C",90
"G","Circuit Court","C",0,"S",100,"C",0,"S/C",90
"L","City Court","M",0,"M",0,"M",0,"S/C/M/F",85
"L","Justice of the Peace Court14","~","~","~","~","~","~","~","~"
"L","County Court /15","~","~","~","~","~","~","~","~"
"L","Court of Common Pleas","C",0,"C",0,"C",0,"~","~"
"L","Municipal Court","C/M",0,"C/M",0,"C/M/F",0,"S/C/M/F",85
"L","Police Court","M",0,"M",0,"M",0,"S/C/M/F",85
,,,,,,,,,
"California",,,,,,,,,
"G","Superior Court","C",0,"S",100,"S",100,"N/S","N/S /17"
"L","Municipal Court","C",0,"S",100,"S",100,"N/S","N/S /17"
,,,,,,,,,
"Colorado",,,,,,,,,
"G","District Court","C",0,"S",100,"S",100,"S",100
"G","Denver Probate Court","C",0,"S",100,"S",100,"S",100
"G","Water Court /22","C",0,"S",100,"S",100,"S",100
"G","Denver Juvenile Court","C",0,"S",100,"S",100,"S",100
"L","County Court","C",0,"S",100,"S",100,"S",100
"L","Municipal Court /23","M/F",0,"M/F",0,"M/F",0,"M/F",0
,,,,,,,,,
"Connecticut",,,,,,,,,
"G","Superior Court","S",100,"S",100,"S",100,"S",100
"L","Probate Court","M",0,"F",0,"M",0,"S",100
,,,,,,,,,
"Delaware",,,,,,,,,
"G","Court of Chancery","S",100,"S",100,"S",100,"~","~"
"G","Superior Court","S",100,"S",100,"S",100,"S",100
"L","Alderman's Court","M",0,"M",0,"M",0,"M",0
"L","Court of Common Pleas","S/C",66,"S",100,"S",100,"S",100
"L","Family Court","S",100,"S",100,"S",100,"S",100
"L","Justice of the Peace Court","S",100,"S",100,"S",100,"~","~"
,,,,,,,,,
"District of Columbia",,,,,,,,,
"G","Superior Court","~","~","~","~","~","~","~","~"
,,,,,,,,,
"Florida",,,,,,,,,
"G","Circuit Court","C",0,"S/C",85,"S/C",50,"S/C",20
"L","County Court","C",0,"S/C",85,"S/C",50,"S/C",20
,,,,,,,,,
"Georgia",,,,,,,,,
"G","Superior Court","C",0,"S/C","N/S","C",0,"S/C","N/S"
"L","City Court of Atlanta","M",0,"M",0,"M",0,"M",0
"L","Civil Court","C",0,"C",0,"C",0,"C",0
"L","County Recorder's Court","C",0,"C",0,"C",0,"C",0
"L","Juvenile Court","C",0,"C",0,"C",0,"S/C","N/S"
"L","Magistrate Court","C",0,"C",0,"C",0,"C",0
,,,,,,,,,
,,,,,,,,,
,,"Child Support",,"Juvenile Probation/",,,,"Jury",
,,"Enforcement",,"Detention",,"Security",,"Interpreters",
,,,,,,,,,
,,"Source","State %","Source","State %","Source","State %","Source","State %"
"Alabama",,,,,,,,,
"G","Circuit Court","S",100,"S/C",0,"~","~","S",100
"L","District Court","S",100,"S/C",50,"S",100,"S",100
"L","Municipal Court","~","~","~","~","M",0,"~","~"
"L","Probate Court","~","~","~","~","C",0,"C",0
,,,,,,,,,
"Alaska",,,,,,,,,
"G","Superior Court","~","~","~","~","S",100,"S",100
"L","District Court","~","~","~","~","S",100,"S",100
,,,,,,,,,
"Arizona",,,,,,,,,
"G","Superior Court","~","~","S/C","~ /7","S/C",60,"C",0
"G","Tax Court /9","C",0,"C",0,"C",0,"C",0
"L","Justice of the Peace Court","~","~","~","~","C",0,"C",0
"L","Municipal Court","~","~","~","~","M",0,"M",0
,,,,,,,,,
"Arkansas",,,,,,,,,
"G","Chancery and Probate Court","S",100,"S/C",50,"C",0,"~","~"
"G","Circuit Court","S",100,"S/C",50,"C",0,"~","~"
"L","City Court","~","~","~","~","M",0,"~","~"
"L","Justice of the Peace Court /14","~","~","~","~","~","~","~","~"
"L","County Court /15","~","~","~","~","~","~","~","~"
"L","Court of Common Pleas","~","~","~","~","C",0,"~","~"
"L","Municipal Court","~","~","~","~","C/M",0,"~","~"
"L","Police Court","~","~","M",0,"M",0,"~","~"
,,,,,,,,,
"California",,,,,,,,,
"G","Superior Court","C",0,"C",0,"S","100 /18","S",100
"L","Municipal Court","C",0,"C",0,"S","100 /18","S",100
,,,,,,,,,
"Colorado",,,,,,,,,
"G","District Court","C",0,"S",100,"C",0,"S",100
"G","Denver Probate Court","C",0,"S",100,"C",0,"S",100
"G","Water Court /22","C",0,"S",100,"C",0,"S",100
"G","Denver Juvenile Court","C",0,"S",100,"C",0,"S",100
"L","County Court","C",0,"S",100,"C",0,"S",100
"L","Municipal Court23","M/F",0,"M/F",0,"M/F",0,"M/F",0
,,,,,,,,,
"Connecticut",,,,,,,,,
"G","Superior Court","S",100,"S",100,"S",100,"S",100
"L","Probate Court","~","~","~","~","~","~","~","~"
,,,,,,,,,
"Delaware",,,,,,,,,
"G","Court of Chancery","~","~","~","~","S",100,"~","~"
"G","Superior Court","S",100,"S",100,"S",100,"S",100
"L","Alderman's Court","M",0,"M",0,"M",0,"M",0
"L","Court of Common Pleas","S",100,"S",100,"S",100,"S",100
"L","Family Court","S",100,"~","~","S",100,"~","~"
"L","Justice of the Peace Court","~","~","~","~","S",100,"S",100
,,,,,,,,,
"District of Columbia",,,,,,,,,
"G","Superior Court","~","~","~","~","~","~","~","~"
,,,,,,,,,
"Florida",,,,,,,,,
"G","Circuit Court","~","~","~","~","C",0,"C /37",0
"L","County Court","~","~","~","~","C",0,"C /37",0
,,,,,,,,,
"Georgia",,,,,,,,,
"G","Superior Court","S/C","N/S","~","~","C",0,"C",0
"L","City Court of Atlanta","~","~","~","~","M",0,"M",0
"L","Civil Court","~","~","~","~","C",0,"C",0
"L","County Recorder's Court","~","~","~","~","C",0,"C",0
"L","Juvenile Court","C",0,"S/C","N/S","C",0,"C",0
"L","Magistrate Court","~","~","~","~","C",0,"C",0
,,,,,,,,,
,,,,,,"Expenses Paid","Budget Generated",,
,,,,"Total","Expenses Paid by","by Local Government ($)","by Fees and Surcharges (%)",,
,,"Source","State %","Expenses ($)","State ($)",,,,
"Alabama",,,,,,,,,
"G","Circuit Court","S",100,25000000,64125325,0,0,,
"L","District Court","S",100,"N/S",26832584,"N/S",0,,
"L","Municipal Court","~","~","N/S /4","N/S",95,"N/S",,
"L","Probate Court","C",0,"N/S /5","N/S /5","N/S /5","N/S /5",,
,,,,,,,,,
"Alaska",,,,,,,,,
"G","Superior Court","S",100,38438700,38438700,0,0,,
"L","District Court","S",100,38438700,38438700,0,0,,
,,,,,,,,,
"Arizona",,,,,,,,,
"G","Superior Court","C/F",0,"239784680 /8","78846986 /8","165065921 /8","N/S",,
"G","Tax Court9","C",0,"~","~","~","~",,
"L","Justice of the Peace Court","C/F",0,"24779324 /8","2621875 /8","22157449 /8","N/S",,
"L","Municipal Court","M/F",0,"50433277 /8","924022 /8","49509255 /8","N/S",,
,,,,,,,,,
"Arkansas",,,,,,,,,
"G","Chancery and Probate Court","C",0,"N/S /13","N/S","N/S","N/S",,
"G","Circuit Court","C",0,"N/S /13","N/S","N/S","N/S",,
"L","City Court","~","~","~","~","~","~",,
"L","Justice of the Peace Court /14","~","~","~","~","~","~",,
"L","County Court /15","~","~","~","~","~","~",,
"L","Court of Common Pleas","~","~","N/S","N/S","N/S","N/S",,
"L","Municipal Court","~","~","N/S","N/S","N/S","N/S",,
"L","Police Court","~","~","~","~","~","~",,
,,,,,,,,,
"California",,,,,,,,,
"G","Superior Court","S","100 /19","2133067455 /20","1561003429 /20","572064026 /20","N/S",,
"L","Municipal Court","S","100 /19","N/S /20","N/S20","572064026 /20","N/S",,
,,,,,,,,,
"Colorado",,,,,,,,,
"G","District Court","S",100,"N/S /21","N/S","N/S","N/S",,
"G","Denver Probate Court","S",100,"N/S /21","N/S","N/S","N/S",,
"G","Water Court /22","S",100,"N/S","N/S","N/S","N/S",,
"G","Denver Juvenile Court","S",100,"N/S /21","N/S","N/S","N/S",,
"L","County Court","S",100,"~ /21","~","~","~",,
"L","Municipal Court /23","M/F",0,"N/S",0,"N/S","N/S",,
,,,,,,,,,
"Connecticut",,,,,,,,,
"G","Superior Court","S",100,78300000,78300000,0,"~",,
"L","Probate Court","~","~",15000000,1000000,"N/S",95,,
,,,,,,,,,
"Delaware",,,,,,,,,
"G","Court of Chancery","~","~",2901800,1904800,997000,1,,
"G","Superior Court","S",100,"13552600 /26",13552600,0,"11 /27",,
"L","Alderman's Court","M",0,"N/S /28",0,"N/S /29","N/S",,
"L","Court of Common Pleas","S",100,5110800,5110800,"N/S",37,,
"L","Family Court","~","~",14000000,14000000,0,"1 /31",,
"L","Justice of the Peace Court","S",100,11500000,11500000,0,"74 /32",,
,,,,,,,,,
"District of Columbia",,,,,,,,,
"G","Superior Court","~","~",111103000,"0 /33","0 /33",0,,
,,,,,,,,,
"Florida",,,,,,,,,
"G","Circuit Court","S/C",70,"N/S /38,39","120053148 /39","N/S /39","N/S /39",,
"L","County Court","S/C",70,"N/S /38,39","40652034 /39","N/S /39","N/S /39",,
,,,,,,,,,
"Georgia",,,,,,,,,
"G","Superior Court","C",0,"N/S",60725063,"N/S","N/S /44",,
"L","City Court of Atlanta","~","~","N/S","N/S","N/S","N/S",,
"L","Civil Court","C",0,"N/S",0,"N/S","N/S /44",,
"L","County Recorder's Court","~","~","N/S",0,"N/S","N/S /44",,
"L","Juvenile Court","~","~","N/S","N/S","N/S","N/S /44",,
"L","Magistrate Court","~","~","N/S","N/S","N/S","N/S /44",,
,"Judicial Salaries","Clerks of",,,,,,,
,,,,,,,,,
,,,,,,"Trial Court Administrator's",,"Court Reporter's",
,,"Judicial Salaries",,"Clerks of Court Salaries",,"Salaries",,"Salaries",
,,,,,,,,,
,,"Source","State %","Source","State %","Source","State %","Source","State %"
"Georgia (Continued)",,,,,,,,,
"L","Municipal Court","M",0,"M",0,"M",0,"~","~"
"L","Municipal CourtMuscogee County","M",0,"M",0,"~","~","M",0
"L","Probate Court","C",0,"C",0,"~","~","C",0
"L","State Court","C",0,"C",0,"C",0,"C",0
,,,,,,,,,
"Hawaii",,,,,,,,,
"G","Circuit Court","S",100,"S",100,"S",100,"S",100
"L","District Court","S",100,"S",100,"S",100,"S",100
"L","Family Court","S",100,"S",100,"S",100,"~","~"
,,,,,,,,,
"Idaho",,,,,,,,,
"G","District Court","S",100,"C",0,"S",100,"S",100
,,,,,,,,,
"Illinois",,,,,,,,,
"G","Circuit Court","S",100,"S/C","N/S /49","S/C","N/S /50","S",100
,,,,,,,,,
"Indiana",,,,,,,,,
"G","Superior Court /55","S/C","N/S /56","C",0,"C",0,"C",0
"G","Circuit Court /55","S/C","N/S /56","C",0,"C",0,"C",0
"G","Probate Court /55","S/C","N/S /56","C",0,"C",0,"C",0
"L","City Court","M",0,"M",0,"~","~ /59","~","~"
"L","County Court /55","S/C","N/S /56","C",0,"C",0,"C",0
"L","Town Court","M",0,"M",0,"~","~","~","~"
"L","Small Claims Court of Marion","M",0,"M",0,"M",0,"~","~"
,,,,,,,,,
"Iowa",,,,,,,,,
"G","District Court","S",100,"S",100,"S",100,"S",100
,,,,,,,,,
"Kansas",,,,,,,,,
"G","District Court","S",100,"S",100,"S",100,"S",100
"L","Municipal Court","M",0,"M",0,"M",0,"M",0
,,,,,,,,,
"Kentucky",,,,,,,,,
"G","Circuit Court","S",100,"S",100,"S",100,"S",100
"L","District Court","S",100,"S",100,"S",100,"~","~"
,,,,,,,,,
"Louisiana",,,,,,,,,
"G","District Court","S",100,"C/F",0,"C/F",0,"S/C/F","N/S"
"G","Family Court","S",100,"C/F",0,"C/F",0,"C/F","N/S"
"G","Juvenile Court","S",100,"C/F",0,"C/F",0,"C/F",0
"L","City and Parish Court","S/C/M/F","N/S /70","C/M/F",0,"C/M/F",0,"C/M/F",0
"L","Justice of the Peace Court","S/C/F","N/S","~","~","~","~","~","~"
"L","Mayor's Court","M/F",0,"~","~","~","~","~","~"
,,,,,,,,,
"Maine",,,,,,,,,
"G","Superior Court","S",100,"S",100,"S",100,"S",100
"L","Administrative Court","S",100,"S",100,"S",100,"~","~"
"L","District Court","S",100,"S",100,"S",100,"~","~"
"L","Probate Court /75","~","~","~","~","~","~","~","~"
,,,,,,,,,
"Maryland",,,,,,,,,
"G","Circuit Court","S",100,"S",100,"M",0,"M",0
"L","District Court","S",100,"S",100,"S",100,"S",100
"L","Orphan's Court","C",0,"~","~","~","~","~","~"
,,,,,,,,,
"Massachusetts",,,,,,,,,
"G","Superior Court","S",100,"S",100,"S",100,"S",100
"L","District Court","S",100,"S",100,"S",100,"S",100
"L","Boston Municipal Court","S",100,"S",100,"S",100,"S",100
"L","Housing Court","S",100,"S",100,"S",100,"S",100
"L","Juvenile Court","S",100,"S",100,"S",100,"S",100
"L","Land Court","S",100,"S",100,"S",100,"S",100
"L","Probate & Family Court","S",100,"S",100,"S",100,"S",100
,,,,,,,,,
,,,,,,,,,
,,,,,,,,,
,,"Other",,,,"Other Capital",,"Creating Court",
,,"Salaries",,"Automation Equipment",,"Equipment",,"Record for Appeal",
,,,,,,,,,
,,"Source","State %","Source","State %","Source","State %","Source","State %"
"Georgia (Continued)",,,,,,,,,
"L","Municipal Court","M",0,"M",0,"M",0,"M",0
"L","Municipal Court -Muscogee County ","M",0,"M",0,"M",0,"M",0
"L","Probate Court","C",0,"C",0,"C",0,"C",0
"L","State Court","C",0,"C",0,"C",0,"C",0
,,,,,,,,,
"Hawaii",,,,,,,,,
"G","Circuit Court","S",100,"S",100,"S",100,"S",100
"L","District Court","S",100,"S",100,"S",100,"S",100
"L","Family Court","S",100,"S",100,"S",100,"S",100
,,,,,,,,,
"Idaho",,,,,,,,,
"G","District Court","C",0,"S",100,"C",0,"C",0
,,,,,,,,,
"Illinois",,,,,,,,,
"G","Circuit Court","S/C",10,"C/F",0,"C",0,"S/C/F","N/S /51"
,,,,,,,,,
"Indiana",,,,,,,,,
"G","Superior Court /55","C",0,"C",0,"C",0,"C",0
"G","Probate Court /55","C",0,"C",0,"C",0,"C",0
"G","Circuit Court /55","C",0,"C",0,"C",0,"C",0
"L","City Court","M",0,"M",0,"M",0,"~","~"
"L","County Court /55","C",0,"C",0,"C",0,"C",0
"L","Town Court","M",0,"M",0,"M",0,"~","~"
"L","Small Claims Court of Marion","M",0,"M",0,"M",0,"~","~"
,,,,,,,,,
"Iowa",,,,,,,,,
"G","District Court","S",100,"S",100,"S",100,"F",100
,,,,,,,,,
"Kansas",,,,,,,,,
"G","District Court","S",100,"S/C",10,"C",0,"C",0
"L","Municipal Court","M",0,"M",0,"M",0,"M",0
,,,,,,,,,
"Kentucky",,,,,,,,,
"G","Circuit Court","S",100,"S",100,"S",100,"S",100
"L","District Court","S",100,"S",100,"S",100,"S",100
,,,,,,,,,
"Louisiana",,,,,,,,,
"G","District Court","C/F",0,"C/F",0,"C/F",0,"C/F",0
"G","Family Court","C",0,"C/F","N/S","C/F","N/S","C/F","N/S"
"G","Juvenile Court","C",0,"C/F",0,"C/F",0,"C/F",0
"L","City and Parish Court","C/M/F",0,"C/M/F",0,"C/M/F",0,"C/M/F",0
"L","Justice of the Peace Court","C/F","~","C/F",0,"C/F",0,"~","~"
"L","Mayor's Court","M/F",0,"M/F",0,"M/F",0,"~","~"
,,,,,,,,,
"Maine",,,,,,,,,
"G","Superior Court","S",100,"S",100,"S",100,"S",100
"L","Administrative Court","S",100,"S",100,"S",100,"S",100
"L","District Court","S",100,"S",100,"S",100,"S",100
"L","Probate Court75","~","~","~","~","~","~","~","~"
,,,,,,,,,
"Maryland",,,,,,,,,
"G","Circuit Court","S/M",7876,"M",0,"M",0,"M",0
"L","District Court","S",100,"S",100,"S",100,"F",0
"L","Orphan's Court","~","~","C",0,"~","~","C",0
,,,,,,,,,
"Massachusetts",,,,,,,,,
"G","Superior Court","S",100,"S",100,"S",100,"S",100
"L","District Court","S",100,"S",100,"S",100,"S",100
"L","Boston Municipal Court","S",100,"S",100,"S",100,"S",100
"L","Housing Court","S",100,"S",100,"S",100,"S",100
"L","Juvenile Court","S",100,"S",100,"S",100,"S",100
"L","Land Court","S",100,"S",100,"S",100,"S",100
"L","Probate & Family Court","S",100,"S",100,"S",100,"S",100
,,,,,,,,,
,,,,,,"General Operating",,,
,,"Building-Real Property",,"Travel Expenses",,"Expenditures",,"Indigent Defense",
,,,,,,,,,
,,"Source","State %","Source","State %","Source","State %","Source","State %"
"Georgia (Continued)",,,,,,,,,
"L","Municipal Court","M",0,"M",0,"M",0,"M",0
"L","Municipal Court-Muscogee County ","M",0,"M",0,"M",0,"M",0
"L","Probate Court","C",0,"C",0,"C",0,"C",0
"L","State Court","C",0,"C",0,"C",0,"S/C","N/S"
,,,,,,,,,
"Hawaii",,,,,,,,,
"G","Circuit Court","S",100,"S",100,"S",100,"S",100
"L","District Court","S",100,"S",100,"S",100,"S/F","N/S"
"L","Family Court","~","~","S",100,"S",100,"S",100
,,,,,,,,,
"Idaho",,,,,,,,,
"G","District Court","C",0,"S",100,"C",0,"S",100
,,,,,,,,,
"Illinois",,,,,,,,,
"G","Circuit Court","C/F",0,"S/C","N/S /52","C",0,"C",0
,,,,,,,,,
"Indiana",,,,,,,,,
"G","Superior Court /55","C",0,"S/C","N/S /57","C",0,"C",0
"G","Circuit Court /55","C",0,"S/C","N/S /57","C",0,"C",0
"G","Probate Court /55","C",0,"S/C","N/S /57","C",0,"C",0
"L","City Court","M",0,"M",0,"M",0,"M",0
"L","County Court /55","C",0,"S/C","N/S /57","C",0,"C",0
"L","Town Court","M",0,"M",0,"M",0,"M",0
"L","Small Claims Court of Marion","M",0,"M",0,"M",0,"~","~"
,,,,,,,,,
"Iowa",,,,,,,,,
"G","District Court","C",0,"S",100,"S",100,"S",100
,,,,,,,,,
"Kansas",,,,,,,,,
"G","District Court","C",0,"S/C","80 /62","C",0,"C",0
"L","Municipal Court","M",0,"S/M","2 /65","M",0,"M",0
,,,,,,,,,
"Kentucky",,,,,,,,,
"G","Circuit Court","S","100 /66","S",100,"S",100,"S",100
"L","District Court","S",100,"S",100,"S",100,"S",100
,,,,,,,,,
"Louisiana",,,,,,,,,
"G","District Court","C",0,"S/F",50,"C/F",0,"S/F","N/S"
"G","Family Court","C/M",0,"S/M/F","N/S","S/M/F","N/S","S/F","N/S"
"G","Juvenile Court","C",0,"S/C/F","N/S","C/F",0,"S/F","N/S"
"L","City and Parish Court","C/M/F",0,"C/M/F",0,"C/M/F",0,"C/M/F",0
"L","Justice of the Peace Court","F",0,"F",0,"F",0,"~","~"
"L","Mayor's Court","M",0,"M/F",0,"M/F",0,"~","~"
,,,,,,,,,
"Maine",,,,,,,,,
"G","Superior Court","S/C","N/S /71","S",100,"S",100,"S",100
"L","Administrative Court","S",100,"S",100,"S",100,"S",100
"L","District Court","S",100,"S",100,"S",100,"S",100
"L","Probate Court /75","~","~","~","~","~","~","~","~"
,,,,,,,,,
"Maryland",,,,,,,,,
"G","Circuit Court","M",0,"S/M","50 /77","M",0,"S",100
"L","District Court","S",100,"S",100,"S",100,"~","~"
"L","Orphan's Court","~","~",,"~","C",0,"~","~"
,,,,,,,,,
"Massachusetts",,,,,,,,,
"G","Superior Court","S",100,"S",100,"S",100,"S",100
"L","District Court","S",100,"S",100,"S",100,"S",100
"L","Boston Municipal Court","S",100,"S",100,"S",100,"S",100
"L","Housing Court","S",100,"S",100,"S",100,"S",100
"L","Juvenile Court","S",100,"S",100,"S",100,"S",100
"L","Land Court","S",100,"S",100,"S",100,"S",100
"L","Probate & Family Court","S",100,"S",100,"S",100,"S",100
,,,,,,,,,
,,,,,,,,,
,,"Child Support",,"Juvenile Probation-",,,,,
,,"Enforcement",,"Detention",,"Security",,"Jury Interpreters",
,,,,,,,,,
,,"Source","State %","Source","State %","Source","State %","Source","State %"
"Georgia (Continued)",,,,,,,,,
"L","Municipal Court","~","~","~","~","M",0,"M",0
"L","Municipal Court-Muscogee County ","~","~","~","~","C",0,"C",0
"L","Probate Court","~","~","~","~","C",0,"C",0
"L","State Court","~","~","~","~","C",0,"C",0
,,,,,,,,,
"Hawaii",,,,,,,,,
"G","Circuit Court","~","~","~","~","S",100,"S",100
"L","District Court","~","~","~","~","S",100,"~","~"
"L","Family Court","S",100,"S",100,"S",100,"~","~"
,,,,,,,,,
"Idaho",,,,,,,,,
"G","District Court","S",100,"C",0,"C",0,"C",0
,,,,,,,,,
"Illinois",,,,,,,,,
"G","Circuit Court","S","100 /53","S/C/F","N/S /54","C/F",0,"C",0
,,,,,,,,,
"Indiana",,,,,,,,,
"G","Superior Court /55","C",0,"C",0,"C",0,"C",0
"G","Circuit Court /55","C",0,"C",0,"C",0,"C",0
"G","Probate Court /55","C",0,"C",0,"C",0,"C",0
"L","City Court","~","~","~","~","M",0,"M",0
"L","County Court /55","C",0,"C",0,"C",0,"C",0
"L","Town Court","~","~","~","~","M",0,"M",0
"L","Small Claims Court of Marion","~","~","~","~","M",0,"M",0
,,,,,,,,,
"Iowa",,,,,,,,,
"G","District Court","S",100,"S",100,"C",0,"S",100
,,,,,,,,,
"Kansas",,,,,,,,,
"G","District Court","S/C",70,"C",0,"C",0,"C",0
"L","Municipal Court","M",0,"M",0,"M",0,"M",0
,,,,,,,,,
"Kentucky",,,,,,,,,
"G","Circuit Court","~","~","~","~","S",90,"S",100
"L","District Court","~","~","~","~ /68","S",100,"S",100
,,,,,,,,,
"Louisiana",,,,,,,,,
"G","District Court","S/F","N/S","S/C","N/S","C",0,"C/F",0
"G","Family Court","S/F","N/S","~","~","C",0,"~","~"
"G","Juvenile Court","S/F","N/S","S/C","N/S","C",0,"~","~"
"L","City and Parish Court","S/F","N/S","C/M",0,"M/F",0,"~","~"
"L","Justice of the Peace Court","~","~","~","~","~","~","~","~"
"L","Mayor's Court","~","~","~","~","M",0,"~","~"
,,,,,,,,,
"Maine",,,,,,,,,
"G","Superior Court","S","95 /72","S","100 /73","S",100,"S",100
"L","Administrative Court","~","~","~","~","S",100,"~","~"
"L","District Court","~","~ /74","~","~ /73","S",100,"~","~"
"L","Probate Court /75","~","~","~","~","~","~","~","~"
,,,,,,,,,
"Maryland",,,,,,,,,
"G","Circuit Court","M",0,"~","~","M",0,"S",100
"L","District Court","~","~","~","~","S",100,"S",100
"L","Orphan's Court","~","~","~","~","C",0,"~","~"
,,,,,,,,,
"Massachusetts",,,,,,,,,
"G","Superior Court","S",100,"S",100,"S",100,"S",100
"L","District Court","S",100,"S",100,"S",100,"S",100
"L","Boston Municipal Court","S",100,"S",100,"S",100,"S",100
"L","Housing Court","S",100,"S",100,"S",100,"S",100
"L","Juvenile Court","S",100,"S",100,"S",100,"S",100
"L","Land Court","S",100,"S",100,"S",100,"~","~"
"L","Probate & Family Court","S",100,"S",100,"S",100,"~","~"
,,,,,,,,,
,,,,,,,,,
,,"Jury Costs",,,,,,,
,,"Source","State %","Total Expenses ($)","Expenses Paid by State ($)","Expenses Paid by Local Government ($)","Budget Generated by Fees and Surcharges (%)",,
"Georgia (Continued)",,,,,,,,,
"L","Municipal Court","~","~","N/S",0,"N/S","N/S /44",,
"L","Municipal CourtMuscogee County ","C",0,"N/S",0,"N/S","N/S",,
"L","Probate Court","C","0 /43","N/S","N/S","N/S","N/S /44",,
"L","State Court","C",0,"N/S","N/S","N/S","N/S /44",,
,,,,,,,,,
"Hawaii",,,,,,,,,
"G","Circuit Court","S",100,"25000000 /45","25000000 /46",0,"N/S",,
"L","District Court","~","~",117433938,117433938,0,"N/S /47",,
"L","Family Court","~","~","N/S","N/S",0,0,,
,,,,,,,,,
"Idaho",,,,,,,,,
"G","District Court","C",0,50252494,14253577,"36000000 /48",60,,
,,,,,,,,,
"Illinois",,,,,,,,,
"G","Circuit Court","C/F",0,"N/S","N/S","N/S","N/S",,
,,,,,,,,,
"Indiana",,,,,,,,,
"G","Superior Court /55","C",0,"N/S /58","N/S /58","N/S /58","N/S /58",,
"G","Circuit Court /55","C",0,"N/S /58","N/S /58","N/S /58","N/S /58",,
"G","Probate Court /55","C",0,"N/S /58","N/S /58","N/S /58","N/S /58",,
"L","City Court","M",0,"N/S /60","N/S /60","N/S /60","N/S /60",,
"L","County Court /55","C",0,"N/S /58","N/S /58","N/S /58","N/S /58",,
"L","Town Court","M",0,"N/S","N/S","N/S","N/S",,
"L","Small Claims Court of Marion","M",0,2059369,0,2059369,0,,
,,,,,,,,,
"Iowa",,,,,,,,,
"G","District Court","S",100,120000000,93000000,"20000000 /61",60,,
,,,,,,,,,
"Kansas",,,,,,,,,
"G","District Court","C",0,"78000000 /63","N/S","N/S /64","N/S",,
"L","Municipal Court","M",0,"N/S",0,"N/S","N/S",,
,,,,,,,,,
"Kentucky",,,,,,,,,
"G","Circuit Court","S","100 /67",21753900,21753900,0,0,,
"L","District Court","S","100 /69",15845200,15845200,0,0,,
,,,,,,,,,
"Louisiana",,,,,,,,,
"G","District Court","C/F",0,63210349,26959087,20829825,30.8,,
"G","Family Court","~","~",805844,455844,350000,0,,
"G","Juvenile Court","~","~",8586800,1805640,6000000,20.9,,
"L","City and Parish Court","~","~",30324822,2070909,11480189,55.9,,
"L","Justice of the Peace Court","~","~",9793365,0,1913365,80.4,,
"L","Mayor's Court","~","~",5000000,0,0,100,,
,,,,,,,,,
"Maine",,,,,,,,,
"G","Superior Court","S",100,8092000,8092000,0,0,,
"L","Administrative Court","~","~",290000,290000,0,0,,
"L","District Court","~","~",12153000,12153000,0,0,,
"L","Probate Court /75","~","~","~","~","~","~",,
,,,,,,,,,
"Maryland",,,,,,,,,
"G","Circuit Court","S/M","N/S /78",124505455,74895770,49609678,0,,
"L","District Court","~","~",89621945,89621945,0,0,,
"L","Orphan's Court","~","~",30070,0,30070,0,,
,,,,,,,,,
"Massachusetts",,,,,,,,,
"G","Superior Court","S",100,35000000,35000000,0,0,,
"L","District Court","S",100,125300000,125300000,0,0,,
"L","Boston Municipal Court","S",100,9100000,9100000,0,0,,
"L","Housing Court","S",100,4200000,4200000,0,0,,
"L","Juvenile Court","S",100,30000000,30000000,0,0,,
"L","Land Court","S",100,2900000,2900000,0,0,,
"L","Probate & Family Court","~","~",31000000,31000000,0,0,,
,,,,,,,,,
,,,,,,,,,
,,"Judicial Salaries",,"Clerks of Court Salaries",,"Trial Court Administrators Salaries",,"Court Reporters Salaries",
,,"Source","State %","Source","State %","Source","State %","Source","State %"
"Michigan",,,,,,,,,
"G","Circuit Court","S",100,"C",0,"C",0,"C",0
"G","Court of Claims","S",100,"C",0,"C",0,"C",0
"L","District Court","S",100,"C/M",0,"C/M",0,"C/M",0
"L","Municipal Court","M",0,"M",0,"M",0,"M",0
"L","Probate Court","S",100,"C",0,"C",0,"C",0
,,,,,,,,,
"Minnesota",,,,,,,,,
"G","District Court","S",100,"S/C",20,"S",100,"S",100
,,,,,,,,,
"Mississippi",,,,,,,,,
"G","Circuit Court","S",100,"F",0,"S/C",35,"C",0
"L","Chancery Court","S",100,"F",0,"S/C",33,"C",0
"L","County Court","C",0,"F",0,"C",0,"C",0
"L","Family Court","C",0,"C",0,"C",0,"C",0
"L","Justice Court","C",0,"C",0,"C",0,"~","~"
"L","Municipal Court","M",0,"M",0,"M",0,"~","~"
,,,,,,,,,
"Missouri",,,,,,,,,
"G","Circuit Court","S",100,"S/C",98,"C",0,"S/C",98
"L","Municipal Court","M",0,"M",0,"M",0,"~","~"
,,,,,,,,,
"Montana",,,,,,,,,
"G","District Court","S",100,"M",0,"~","~","M",0
"G","Water Court","S",100,"S",100,"~","~","S",100
"G","Workers' Compensation Court","S",100,"S",100,"~","~","S",100
"L","City Court","M",0,"M",0,"M",0,"M",0
"L","Justice of the Peace Court","M",0,"M",0,"~","~","M",0
"L","Municipal Court","M",0,"M",0,"M",0,"M",0
,,,,,,,,,
"Nebraska",,,,,,,,,
"G","District Court","S",100,"M",0,"M",0,"F",100
"L","County Court","S",100,"S",100,"S",100,"S",100
"L","Separate Juvenile Court","S",100,"M",0,"~","~","S",100
"L","Workers' Compensation Court /89","S",100,"S",100,"S",100,"~ /90","~"
,,,,,,,,,
"Nevada",,,,,,,,,
"G","District Court","S",100,"M",0,"M",0,"M",0
"L","Justice Court","M",0,"M",0,"M",0,"M",0
"L","Municipal Court","M",0,"M",0,"M",0,"M",0
,,,,,,,,,
"New Hampshire",,,,,,,,,
"G","Superior Court","S",100,"S",100,"S",100,"S",100
"L","District Court","S",100,"S",100,"S",100,"~","~"
"L","Municipal Court /93","~","~","~","~","~","~","~","~"
"L","Probate Court","S",100,"S",100,"S",100,"~","~"
,,,,,,,,,
"New Jersey",,,,,,,,,
"G","Superior Court","S",100,"S",100,"S",100,"S",100
"L","Municipal Court","M",0,"M",0,"~","~","~","~"
"L","Tax Court","S",100,"S",100,"~","~ /100","~","~"
,,,,,,,,,
"New Mexico",,,,,,,,,
"G","District Court","S",100,"S",100,"S",100,"S",100
"L","Magistrate Court","S",100,"S",100,"~","~","~","~"
"L","Municipal Court","M",0,"M",0,"M",0,"~","~"
"L","Probate Court","C",0,"C",0,"~","~","~","~"
"L","Metro Court of Bernalillo","S",100,"S",100,"S",100,"S",100
,,,,,,,,,
"New York",,,,,,,,,
"G","Supreme Court","S",100,"S",100,"S",100,"S",100
"G","County Court","S",100,"S",100,"S",100,"S",100
"L","District Court","S",100,"S",100,"S",100,"S",100
"L","Court of Claims","S",100,"S",100,"S",100,"~","~ /112"
,,,,,,,,,
,,,,,,,,,
,,"Other Salaries",,"Automation Equipment",,"Other Capital Equipment",,"Creating Court Record for Appeal",
,,"Source","State %","Source","State %","Source","State %","Source","State %"
"Michigan",,,,,,,,,
"G","Circuit Court","C",0,"C",0,"C",0,"C",0
"G","Court of Claims","C",0,"C",0,"C",0,"C",0
"L","District Court","C/M",0,"C/M",0,"C/M",0,"C/M",0
"L","Municipal Court","M",0,"M",0,"M",0,"M",0
"L","Probate Court","C",0,"C",0,"C",0,"C",0
,,,,,,,,,
"Minnesota",,,,,,,,,
"G","District Court","S/C",5,"S/C",60,"S/C",10,"S/C",90
,,,,,,,,,
"Mississippi",,,,,,,,,
"G","Circuit Court","S/C",90,"S/C",90,"S/C",80,"C",0
"L","Chancery Court","S/C",90,"S/C",90,"S/C",25,"C",0
"L","County Court","C",0,"C",0,"C",0,"C",0
"L","Family Court","C",0,"C",0,"C",0,"C",0
"L","Justice Court","C",0,"C",0,"C",0,,"~"
"L","Municipal Court","M",0,"M",0,"M",0,,"~"
,,,,,,,,,
"Missouri",,,,,,,,,
"G","Circuit Court","S",98,"S/C",75,"C",0,"S",100
"L","Municipal Court","M",0,"M",0,"M",0,"~","~"
,,,,,,,,,
"Montana",,,,,,,,,
"G","District Court","M",0,"S",100,"M",0,"M",0
"G","Water Court","S",100,"S",100,"S",100,"S",100
"G","Workers' Compensation Court","S",100,"S",100,"S",100,"S",100
"L","City Court","M",0,"S",100,"M",0,"M",0
"L","Justice of the Peace Court","M",0,"S",100,"M",0,"M",0
"L","Municipal Court","M",0,"S",100,"M",0,"M",0
,,,,,,,,,
"Nebraska",,,,,,,,,
"G","District Court","M",0,"S/M",60,"M",0,"F",0
"L","County Court","S",100,"S",100,"S/M",100,"F",100
"L","Separate Juvenile Court","M",0,"S/M",10,"M",0,"F",100
"L","Workers' Compensation Court","S",100,"S",100,"S",100,"~","~ /91"
,,,,,,,,,
"Nevada",,,,,,,,,
"G","District Court","M",0,"M/F",0,"M",0,"M",0
"L","Justice Court","M",0,,20,"M",0,"M",0
"L","Municipal Court","M",0,,20,"M",0,"M",0
,,,,,,,,,
"New Hampshire",,,,,,,,,
"G","Superior Court","S",100,"S",100,"S",100,"S",100
"L","District Court","S",100,"S",100,"S",100,"~","~"
"L","Municipal Court /93","~","~","~","~","~","~","~","~"
"L","Probate Court","S",100,"S",100,"S",100,"~","~"
,,,,,,,,,
"New Jersey",,,,,,,,,
"G","Superior Court","S",100,"S",100,"S",100,"S",100
"L","Municipal Court","M",0,"F","0 /98","M",0,"M",0
"L","Tax Court","S",100,"S",100,"S",100,"S",100
,,,,,,,,,
"New Mexico",,,,,,,,,
"G","District Court","S",100,"S",100,"S",100,"S",100
"L","Magistrate Court","S",100,"S",100,"S",100,"~","~ /105"
"L","Municipal Court","M",0,"S",100,"M",0,"~","~ /105"
"L","Probate Court","C",0,"C",0,"C",0,"~","~"
"L","Metro Court of Bernalillo","S",100,"S",100,"S",100,"S",100
,,,,,,,,,
"New York",,,,,,,,,
"G","Supreme Court","S",100,"S",100,"S",100,"S",100
"G","County Court","S",100,"S",100,"S",100,"S",100
"L","District Court","S",100,"S",100,"S",100,"S",100
"L","Court of Claims","S",100,"S",100,"S",100,"S",100
,,,,,,,,,
,,,,,,"General",,,
,,"Buildings/Real Property",,"Travel Expenses",,"Operating Expenses",,"Indigent Defense",
,,,,,,,,,
,,"Source","State %","Source","State %","Source","State %","Source","State %"
"Michigan",,,,,,,,,
"G","Circuit Court","C",0,"S/C",80,"C",0,"C",0
"G","Court of Claims","C",0,"S/C",80,"C",0,"C",0
"L","District Court","C/M",0,"C/M",0,"C/M",0,"C/M",0
"L","Municipal Court","M",0,"M",0,"M",0,"M",0
"L","Probate Court","C",0,"S/C",30,"C",0,"C",0
,,,,,,,,,
"Minnesota",,,,,,,,,
"G","District Court","C",0,"S",100,"S/C",5,"S/C",90
,,,,,,,,,
"Mississippi",,,,,,,,,
"G","Circuit Court","C",0,"S/C",90,"S/C",50,"C",0
"L","Chancery Court","C",0,"S/C",90,"S/C",50,"C",0
"L","County Court","C",0,"C",0,"C",0,"C",0
"L","Family Court","C",0,"C",0,"C",0,"C",0
"L","Justice Court","C",0,"C",0,"C",0,"C",0
"L","Municipal Court","M",0,"M",0,"M",0,"M",0
,,,,,,,,,
"Missouri",,,,,,,,,
"G","Circuit Court","C",0,"S/C",90,"C",0,"S",100
"L","Municipal Court","M",0,"M",0,"M",0,"M",0
,,,,,,,,,
"Montana",,,,,,,,,
"G","District Court","M",0,"S",100,"M",0,"M",0
"G","Water Court","S",100,"S",100,"S",100,"S",100
"G","Workers' Compensation Court","S",100,"S",100,"S",100,"S",100
"L","City Court","M",0,"M",0,"M",0,"M",0
"L","Justice of the Peace Court","M",0,"M",0,"M",0,"M",0
"L","Municipal Court","M",0,"M",0,"M",0,"M",0
,,,,,,,,,
"Nebraska",,,,,,,,,
"G","District Court","M",0,"S/M","90 /88","M",0,"M",0
"L","County Court","M",0,"S",100,"M",0,"M",0
"L","Separate Juvenile Court","M",0,"S",100,"M",0,"M",0
"L","Workers' Compensation Court","S/C",75,"S",100,"S",100,"~","~"
,,,,,,,,,
"Nevada",,,,,,,,,
"G","District Court","M",0,"M/F",0,"M",0,"M",0
"L","Justice Court","M",0,,20,"M",0,"M",0
"L","Municipal Court","M",0,,20,"M",0,"M",0
,,,,,,,,,
"New Hampshire",,,,,,,,,
"G","Superior Court","S",100,"S",100,"S",100,"~","~"
"L","District Court","S",100,"S",100,"S",100,"~","~"
"L","Municipal Court /93","~","~","~","~","~","~","~","~"
"L","Probate Court","S",100,"S",100,"S",100,"S",100
,,,,,,,,,
"New Jersey",,,,,,,,,
"G","Superior Court","C",0,"S",100,"S",100,"S","100 /94"
" ","Municipal Court","M",0,"M",0,"M",0,"F","0 /99"
"L","Tax Court","S/C /101","N/S","S",100,"S",100,"~","~"
,,,,,,,,,
"New Mexico",,,,,,,,,
"G","District Court","C",0,"S",100,"S",100,"S",100
"L","Magistrate Court","S",100,"S",100,"S",100,"S",100
"L","Municipal Court","M",0,"M",0,"M",0,"~","~"
"L","Probate Court","C",0,"C",0,"C",0,"~","~"
"L","Metro Court of Bernalillo","S",100,"S",100,"S",100,"S",100
,,,,,,,,,
"New York",,,,,,,,,
"G","Supreme Court","~","~","S",100,"S",100,"~","~"
"G","County Court","~","~","S",100,"S",100,"~","~"
"L","District Court","M",0,"S",100,"S",100,"~","~"
"L","Court of Claims","S",100,"S",100,"S",100,"~","~"
,,,,,,,,,
,,,,,,,,,
,,"Child Support Enforcement",,"Juvenile Probation/Detention",,"Security",,"Jury Interpreters",
,,,,,,,,,
,,"Source","State %","Source","State %","Source","State %","Source","State %"
"Michigan",,,,,,,,,
"G","Circuit Court","S/C","N/S /79","S/C",85,"C",0,"C",0
"G","Court of Claims","~","~","~","~","C",0,"C",0
"L","District Court","~","~","C/M",0,"C/M",0,"C/M",0
"L","Municipal Court","~","~","M",0,"M",0,"M",0
"L","Probate Court","~","~","S/C/F",25,"C",0,"C",0
,,,,,,,,,
"Minnesota",,,,,,,,,
"G","District Court","S/C",50,"~","~","C",0,"S/C",10
,,,,,,,,,
"Mississippi",,,,,,,,,
"G","Circuit Court","S/C","N/S /86","S/C/M",50,"C",0,"C",0
"L","Chancery Court","S/C","N/S /86","S/C/M",50,"C",0,"C",0
"L","County Court","S/C","N/S /86","S/C/M",50,"C",0,"C",0
"L","Family Court","C",0,"S/C/M",50,"C",0,"C",0
"L","Justice Court","S/C/M","N/S","C",0,"C",0,"C",0
"L","Municipal Court","S/C/M","N/S","M",0,"M",0,"M",0
,,,,,,,,,
"Missouri",,,,,,,,,
"G","Circuit Court","S/C",66,"S/C",33,"C",0,"S/C",50
"L","Municipal Court","~","~","~","~","M",0,"M",0
,,,,,,,,,
"Montana",,,,,,,,,
"G","District Court","S",100,"M",0,"M",0,"M",0
"G","Water Court","S",100,"S",100,"S",100,"S",100
"G","Workers' Compensation Court","S",100,"S",100,"S",100,"S",100
"L","City Court","M",0,"M",0,"M",0,"M",0
"L","Justice of the Peace Court","M",0,"M",0,"M",0,"M",0
"L","Municipal Court","M",0,"M",0,"M",0,"M",0
,,,,,,,,,
"Nebraska",,,,,,,,,
"G","District Court","S/M","N/S",,0,"M",0,"M",0
"L","County Court","S/M","N/S","~","~","M",0,"M",0
"L","Separate Juvenile Court","S/M","N/S","~","~","M",0,"~","~"
"L","Workers' Compensation Court","~","~","~","~","S",100,"C",0
,,,,,,,,,
"Nevada",,,,,,,,,
"G","District Court","M",0,"M",0,"M",0,"M",0
"L","Justice Court","~","~","M",0,"M",0,"M",0
"L","Municipal Court","~","~","M",0,"M",0,"M",0
,,,,,,,,,
"New Hampshire",,,,,,,,,
"G","Superior Court","~","~","~","~","S",100,"S",100
"L","District Court","~","~","~","~","S",100,"S",100
"L","Municipal Court /93","~","~","~","~","~","~","~","~"
"L","Probate Court","~","~","~","~","S",100,"S",100
,,,,,,,,,
"New Jersey",,,,,,,,,
"G","Superior Court","S/C","N/S /95","S/C","N/S /96","S/C","N/S","S",100
"L","Municipal Court","~","~","~","~","M",0,"~","~"
"L","Tax Court","~","~","~","~","S/C","N/S /102","~","~"
,,,,,,,,,
"New Mexico",,,,,,,,,
"G","District Court","~","~ /103","~","~ /103","C",100,"S",100
"L","Magistrate Court",,"0 /103",,"0 /103","S",100,"S",100
"L","Municipal Court","~","~","~","~","M",0,"~","~"
"L","Probate Court","~","~","~","~","C",0,"~","~"
"L","Metro Court of Bernalillo",,"0 /103","S",100,"S",100,"S",100
,,,,,,,,,
"New York",,,,,,,,,
"G","Supreme Court","~","~","~","~","S",100,"S",100
"G","County Court","~","~","~","~","S",100,"S",100
"L","District Court","~","~","~","~","S",100,"S",100
"L","Court of Claims","~","~","~","~","S",100,"~","~"
,,,,,,,,,
,,"Jury Costs",,,,,,,
,,"Source","State %","Total Expenses ($)","Expenses Paid by State ($)","Expenses Paid by Local Government ($)","Budget Generated by Fees and Surcharges (%)",,
"Michigan",,,,,,,,,
"G","Circuit Court","C",0,"250000000 /80",27000000,158000000,12,,
"G","Court of Claims","C",0,511900,511900,0,0,,
"L","District Court","C/M",0,"222000000 /81",27000000,"195000000 /82",70,,
"L","Municipal Court","M",0,200000,0,200000,"38 /83",,
"L","Probate Court","C",0,"240000000 /84",42000000,198000000,9,,
,,,,,,,,,
"Minnesota",,,,,,,,,
"G","District Court","S/C",98,160000000,73000000,87000000,"0 /85",,
,,,,,,,,,
"Mississippi",,,,,,,,,
"G","Circuit Court","C",0,14000000,7000000,7000000,"N/S /87",,
"L","Chancery Court","C",0,14000000,7000000,7000000,"N/S /87",,
"L","County Court","C",0,"N/S",0,"N/S","N/S",,
"L","Family Court","C",0,"N/S",0,"N/S","N/S",,
"L","Justice Court","C",0,"N/S",0,"N/S","N/S",,
"L","Municipal Court","M",0,"N/S",0,"N/S","N/S",,
,,,,,,,,,
"Missouri",,,,,,,,,
"G","Circuit Court","M",0,180000000,80000000,100000000,10,,
"L","Municipal Court","M",0,"N/S",0,"N/S","N/S",,
,,,,,,,,,
"Montana",,,,,,,,,
"G","District Court","M",0,"N/S","N/S","N/S","N/S",,
"G","Water Court","S",100,597629,597629,0,0,,
"G","Workers' Compensation Court","S",100,"~","~","~","~",,
"L","City Court","M",0,"N/S","N/S","N/S","N/S",,
"L","Justice of the Peace Court","M",0,"N/S","N/S","N/S","N/S",,
"L","Municipal Court","M",0,"N/S","N/S","N/S","N/S",,
,,,,,,,,,
"Nebraska",,,,,,,,,
"G","District Court","M",0,15000000,5000000,10000000,0,,
"L","County Court","M",0,20000000,15000000,5000000,0,,
"L","Separate Juvenile Court","~","~",2000000,1000000,1000000,0,,
"L","Workers' Compensation Court","~","~",2800000,2800000,0,"3 /89",,
,,,,,,,,,
"Nevada",,,,,,,,,
"G","District Court","M",0,8705104,5668353,8705104,"N/S",,
"L","Justice Court","M",0,4853369,0,4853369,"N/S",,
"L","Municipal Court","M",0,7572673,0,7572673,"N/S",,
,,,,,,,,,
"New Hampshire",,,,,,,,,
"G","Superior Court","S",100,23000000,23000000,0,"0 /92",,
"L","District Court","S",100,17100000,17100000,0,0,,
"L","Municipal Court /93","~","~","~","~","~","~",,
"L","Probate Court","S",100,3000000,3000000,0,0,,
,,,,,,,,,
"New Jersey",,,,,,,,,
"G","Superior Court","S",100,341219000,299709000,"N/S /97",0,,
"L","Municipal Court","~","~","N/S","N/S","N/S","N/S",,
"L","Tax Court","~","~",2709000,2709000,0,100,,
,,,,,,,,,
"New Mexico",,,,,,,,,
"G","District Court","S","100 /104","N/S",31413100,"N/S",1,,
"L","Magistrate Court","S","100 /104","N/S",11287700,"N/S",0,,
"L","Municipal Court","~","~","7000000 /106",0,7000000,1,,
"L","Probate Court","~","~","700000 /107",0,700000,1,,
"L","Metro Court of Bernalillo","S","100 /104","N/S",10502900,"N/S",1,,
,,,,,,,,,
"New York",,,,,,,,,
"G","Supreme Court",,"N/S108","385400000 /109",385400000,0,0,,
"G","County Court",,"N/S108","385400000 /109",385400000,0,0,,
"L","District Court","S","100 /110",32600000,"32600000 /111",0,0,,
"L","Court of Claims","~","~",13600000,13600000,0,0,,
,,,,,,,,,
,,,,,,,,,
,,"Judicial Salaries",,"Clerks of Court Salaries",,"Trial Court Administrators Salaries",,"Court Reporters Salaries",
,,,,,,,,,
,,"Source","State %","Source","State %","Source","State %","Source","State %"
"New York (Continued)",,,,,,,,,
"L","City Court","S",100,"S",100,"S",100,"S","100 /113"
"L","Family Court","S",100,"S",100,"S",100,"S","100 /113"
"L","Surrogates' Court","S",100,"S",100,"S",100,"~","~ /112"
"L","Town and Village Justice Court","M",0,"M",0,"M",0,"M",0
"L","Civil Court of the City","S",100,"S",100,"S",100,"S",100
"L","Criminal Court of the City","S",100,"S",100,"S",100,"S",100
,,,,,,,,,
"North Carolina",,,,,,,,,
"G","Superior Court","S",100,"S",100,"S",100,"S",100
"L","District Court","S",100,"S",100,"~","~","~","~"
,,,,,,,,,
"North Dakota",,,,,,,,,
"G","District Court","S",100,"C",0,"S",100,"S",100
"L","Municipal Court","M",0,"M",0,"~","~","~","~"
,,,,,,,,,
"Ohio",,,,,,,,,
"G","Court of Common Pleas","S/C",86,"S/M",11,"M/F",0,"M",0
"L","County Court","S/M",33,"M",0,"M",0,"M",0
"L","Court of Claims","S",100,"S",100,"S",100,"S",100
"L","Mayors Court","M",0,"M",0,"M",0,"M",0
"L","Municipal Court","S/M",33,"M",0,"M",0,"M",0
,,,,,,,,,
"Oklahoma",,,,,,,,,
"G","District Court","S/F",50,"M",0,"S/F",50,"S/F",50
"L","Court of Tax Review /129","~","~","~","~","~","~","~","~"
"L","Municipal Court Not of Record","M",0,"M",0,"M",0,"~","~"
"L","Municipal Court of Record","M",0,"M",0,"M",0,"M",0
,,,,,,,,,
"Oregon",,,,,,,,,
"G","Circuit Court","S",100,"S",100,"S",100,"S",100
"G","Tax Court","S",100,"S",100,"S",100,"S",100
"L","County Court","M",0,"M",0,"M",0,"M",0
"L","Justice of the Peace Court","M",0,"M",0,"M",0,"M",0
"L","Municipal Court","M",0,"M",0,"M",0,"M",0
,,,,,,,,,
"Pennsylvania",,,,,,,,,
"G","Court of Common Pleas","S",100,"M",0,"S/M","50 /131","M",0
"L","District Justice Court","S",100,"M",0,"S/M","50 /131","M",0
"L","Philadelphia Municipal Court","S",100,"M",0,"S/M","50 /131","M",0
"L","Philadelphia Traffic Court","S",100,"M",0,"S/M","50 /131","M",0
"L","Pittsburgh City Magistrate","M",0,"M",0,"M",0,"M",0
,,,,,,,,,
"Puerto Rico",,,,,,,,,
"Court of First Instance:",,,,,,,,,
"G","     Superior Division","S",100,"S",100,"S",100,"S",100
"L","     District Subsection","S",100,"S",100,"~","~","S",100
"L","     Municipal Division","S",100,"S",100,"~","~","~","~"
,,,,,,,,,
"Rhode Island",,,,,,,,,
"G","Superior Court","S",100,"S",100,"S",100,"S",100
"L","Workers' Compensation Court /141","~","~","~","~","~","~","~","~"
"L","District Court","S",100,"S",100,"S",100,"S",100
"L","Family Court","S",100,"S",100,"S",100,"S",100
"L","Municipal Court","M",0,"M",0,"M",0,"~","~"
"L","Probate Court","M",0,"M",0,"M",0,"~","~"
"L","Administrative Adjudication Court","S",100,"S",100,"S",100,"~","~"
,,,,,,,,,
"South Carolina",,,,,,,,,
"G","Circuit Court","S","100 /143","M",100,"~","~","S",100
"L","Family Court","S",100,"M",0,"~","~","S",100
"L","Magistrate Court","C",0,"C",0,"C",0,"~","~"
"L","Municipal Court","M",0,"M",0,"M",0,"~","~"
"L","Probate Court","C",0,"C",0,"~","~","~","~"
,,,,,,,,,
,,,,,,,,,
,,"Other Salaries",,"Automation Equipment",,"Other Capital Equipment",,"Creating Court Record for Appeal",
,,,,,,,,,
,,"Source","State %","Source","State %","Source","State %","Source","State %"
"New York (Continued)",,,,,,,,,
"L","City Court","S",100,"S",100,"S",100,"S",100
"L","Family Court","S",100,"S",100,"S",100,"S",100
"L","Surrogates' Court","S",100,"S",100,"S",100,"S",100
"L","Town and Village Justice Court","M",0,"M",0,"M",0,"M",0
"L","Civil Court of the City","S",100,"S",100,"S",100,"S",100
"L","Criminal Court of the City","S",100,"S",100,"S",100,"S",100
,,,,,,,,,
"North Carolina",,,,,,,,,
"G","Superior Court","S",100,"S",100,"S",100,"S/F","N/S"
"L","District Court","S",100,"S",100,"S",100,"S/F","N/S"
,,,,,,,,,
"North Dakota",,,,,,,,,
"G","District Court","S",100,"S",100,"S",100,"S/F","~ /118"
"L","Municipal Court",,"~","M",0,"M",0,,"~ /122"
,,,,,,,,,
"Ohio",,,,,,,,,
"G","Court of Common Pleas","S/C","N/S /123","C",0,"C",0,"C",0
"L","County Court","M",0,"M",0,"M",0,"M",0
"L","Court of Claims","S",100,"S",100,"S",100,"S",100
"L","Mayors Court","M",0,"M",0,"M",0,"M",0
"L","Municipal Court","M",0,"M",0,"M",0,"M",0
,,,,,,,,,
"Oklahoma",,,,,,,,,
"G","District Court","C/M",0,"S",100,"C/M",0,"S/F",50
"L","Court of Tax Review /129","~","~","~","~","~","~","~","~"
"L","Municipal Court Not of Record","M",0,"M",0,"M",0,,"~"
"L","Municipal Court of Record","M",0,"M",0,"M",0,"M",0
,,,,,,,,,
"Oregon",,,,,,,,,
"G","Circuit Court","S",100,"S",100,"S",100,"S",100
"G","Tax Court","S",100,"S",100,"S",100,"S",100
"L","County Court","M",0,"M",0,"M",0,"M",0
"L","Justice of the Peace Court","M",0,"M",0,"M",0,"M",0
"L","Municipal Court","M",0,"M",0,"M",0,"M",0
,,,,,,,,,
"Pennsylvania",,,,,,,,,
"G","Court of Common Pleas","M",0,"M",0,"M",0,"M",0
"L","District Justice Court","M",0,"S",100,"M",0,"M",0
"L","Philadelphia Municipal Court","M",0,"M",0,"M",0,"M",0
"L","Philadelphia Traffic Court","M",0,"M",0,"M",0,"M",0
"L","Pittsburgh City Magistrate","M",0,"M",0,"M",0,"M",0
,,,,,,,,,
"Puerto Rico",,,,,,,,,
"Court of First Instance:",,,,,,,,,
"G","     Superior Division","S",100,"S",100,"S",100,"S",100
"L","     District Subsection","S",100,"S",100,"S",100,"S",100
"L","     Municipal Division","S",100,"S",100,"S",100,,"~"
,,,,,,,,,
"Rhode Island",,,,,,,,,
"G","Superior Court","S",100,"S",100,"S",100,"F",0
"L","Workers' Compensation Court","~","~","~","~","~","~","~","~"
"L","District Court","S",100,"S",100,"S",100,"F",0
"L","Family Court","S",100,"S",100,"S",100,"F",0
"L","Municipal Court","M",0,"M",0,"M",0,"F",0
"L","Probate Court","M",0,"M",0,"M",0,"F",0
"L","Administrative Adjudication Court","S",100,"S",100,"S",100,"F",0
,,,,,,,,,
"South Carolina",,,,,,,,,
"G","Circuit Court","S",100,"S",100,"M",0,"~","~ /144"
"L","Family Court","S",100,"S",100,"M",0,"~","~ /149"
"L","Magistrate Court","C",0,"C",0,"C",0,"C",0
"L","Municipal Court","~","~","M",0,"M",0,"M",0
"L","Probate Court","C",0,"C",0,"C",0,"C",0
,,,,,,,,,
,,,,,,"General",,,
,,"Buildings/Real Property",,"Travel Expenses",,"Operating Expenses",,"Indigent Defense",
,,,,,,,,,
,,"Source","State %","Source","State %","Source","State %","Source","State %"
"New York (Continued)",,,,,,,,,
"L","City Court","M","~","S",100,"S",100,"~","~"
"L","Family Court","M","~","S",100,"S",100,"~","~"
"L","Surrogates' Court","M","0 /114","S",100,"S",100,"~","~"
"L","Town and Village Justice Court","M",0,"M",0,"M",0,"M",0
"L","Civil Court of the City","M",0,"S",100,"S",100,"~","~"
"L","Criminal Court of the City","M",0,"S",100,"S",100,"~","~"
,,,,,,,,,
"North Carolina",,,,,,,,,
"G","Superior Court","M/F","N/S","S",100,"S",100,"S","100 /115"
"L","District Court","M/F",0,"S",100,"S",100,"S",100
,,,,,,,,,
"North Dakota",,,,,,,,,
"G","District Court","C",0,"S",100,"S",100,"S",100
"L","Municipal Court","M",0,"M",0,"M",0,"M",0
,,,,,,,,,
"Ohio",,,,,,,,,
"G","Court of Common Pleas","C",0,"C",0,"C",0,"S/C/F","N/S /124"
"L","County Court","M",0,"M",0,"M",0,"M",0
"L","Court of Claims","S",100,"S",100,"S",100,"~","~"
"L","Mayors Court","M",0,"M",0,"M",0,"M",0
"L","Municipal Court","M",0,"M",0,"M",0,"M",0
,,,,,,,,,
"Oklahoma",,,,,,,,,
"G","District Court","C",0,"S",100,"M/F",0,"C/M/F",0
"L","Court of Tax Review /129","~","~","~","~","~","~","~","~"
"L","Municipal Court Not of Record","M",0,"M",0,"M",0,"M",0
"L","Municipal Court of Record","M",0,"M",0,"M",0,"M",0
,,,,,,,,,
"Oregon",,,,,,,,,
"G","Circuit Court","S",100,"S",100,"S",100,"S",100
"G","Tax Court","S",100,"S",100,"S",100,"S",100
"L","County Court","M",0,"M",0,"M",0,"M",0
"L","Justice of the Peace Court","M",0,"M",0,"M",0,"M",0
"L","Municipal Court","M",0,"M",0,"M",0,"M",0
,,,,,,,,,
"Pennsylvania",,,,,,,,,
"G","Court of Common Pleas","M",0,"S/M","N/S /132","M",0,"M",0
"L","District Justice Court","M",0,"S/M","N/S /136","M",0,"M",0
"L","Philadelphia Municipal Court","M",0,"S/M","N/S /137","M",0,"M",0
"L","Philadelphia Traffic Court","M",0,"S/M","N/S /137","M",0,"M",0
"L","Pittsburgh City Magistrate","M",0,"M",0,"M",0,"M",0
,,,,,,,,,
"Puerto Rico",,,,,,,,,
"Court of First Instance:",,,,,,,,,
"G","     Superior Division","S",100,"S",100,"S",100,"~","~"
"L","     District Subsection","S",100,"S",100,"S",100,"~","~"
"L","     Municipal Division","S",100,"S",100,"S",100,,"N/S"
,,,,,,,,,
"Rhode Island",,,,,,,,,
"G","Superior Court","S",100,"S",100,"S",100,"S",100
"L","Workers' Compensation Court","S",100,"~","~","~","~","~","~"
"L","District Court","S",100,"S",100,"S",100,"S",100
"L","Family Court","S",100,"S",100,"S",100,"S",100
"L","Municipal Court","M",0,"M",0,"M",0,"~","~"
"L","Probate Court","M",0,"M",0,"M",0,"~","~"
"L","Administrative Adjudication Court","S",100,"S",100,"S",100,"~","~"
,,,,,,,,,
"South Carolina",,,,,,,,,
"G","Circuit Court","C",0,"S",100,"M",0,"S/F","23 /145"
"L","Family Court","C",0,"S",100,"M",0,"S/F",23
"L","Magistrate Court","C",0,"C",0,"C",0,"~","~"
"L","Municipal Court","M",0,"M",0,"M",0,"S",100
"L","Probate Court","C",0,"C",0,"C",0,"S",100
,,,,,,,,,
,,,,,,,,,
,,"Child Support Enforcement",,"Juvenile Probation/Detention",,"Security",,"Jury Interpreters",
,,,,,,,,,
,,"Source","State %","Source","State %","Source","State %","Source","State %"
"New York (Continued)",,,,,,,,,
"L","City Court","~","~","~","~","S",100,"S",100
"L","Family Court","~","~","~","~","S",100,"~","~"
"L","Surrogates' Court","~","~","~","~","S",100,"S",100
"L","Town and Village Justice Court","M",0,"M",0,"M",0,"M",0
"L","Civil Court of the City","~","~","~","~","S",100,"S",100
"L","Criminal Court of the City","~","~","~","~","S",100,"S",100
,,,,,,,,,
"North Carolina",,,,,,,,,
"G","Superior Court","S/M","N/S /116","S/M","N/S","M",0,"S",100
"L","District Court","S/M","N/S","S/M","N/S","M",0,"S",100
,,,,,,,,,
"North Dakota",,,,,,,,,
"G","District Court","S",100,"S/F","90 /119","S",100,"S",100
"L","Municipal Court","~","~","~","~","M",0,"~","~"
,,,,,,,,,
"Ohio",,,,,,,,,
"G","Court of Common Pleas","S/C","N/S /125","S/C","N/S","S/C","N/S","C",0
"L","County Court","M",0,"M",0,"M",0,"M",0
"L","Court of Claims","~","~","~","~","S",100,"S",100
"L","Mayors Court","M",0,"M",0,"M",0,"M",0
"L","Municipal Court","M",0,"M",0,"M",0,"M",0
,,,,,,,,,
"Oklahoma",,,,,,,,,
"G","District Court","S",100,"S",100,"C",0,"M/F",0
"L","Court of Tax Review /129","~","~","~","~","~","~","~","~"
"L","Municipal Court Not of Record","~","~","M",0,"M",0,"M",0
"L","Municipal Court of Record","M",0,"M",0,"M",0,"M",0
,,,,,,,,,
"Oregon",,,,,,,,,
"G","Circuit Court","~","~ /130","~","~","F",100,"S",100
"G","Tax Court","~","~ /130","~","~","S",100,"S",100
"L","County Court","M",0,"M",0,"M",0,"M",0
"L","Justice of the Peace Court","M",0,"M",0,"M",0,"M",0
"L","Municipal Court","M",0,"M",0,"M",0,"M",0
,,,,,,,,,
"Pennsylvania",,,,,,,,,
"G","Court of Common Pleas","M",0,"M",0,"M",0,"M",0
"L","District Justice Court","M",0,"M",0,"M",0,"M",0
"L","Philadelphia Municipal Court","M",0,"M",0,"M",0,"M",0
"L","Philadelphia Traffic Court","M",0,"M",0,"M",0,"M",0
"L","Pittsburgh City Magistrate","M",0,"M",0,"M",0,"M",0
,,,,,,,,,
"Puerto Rico",,,,,,,,,
"Court of First Instance:",,,,,,,,,
"G","     Superior Division","S",100,"~","~","S",100,"~","~"
"L","     District Subsection","~","~","~","~","S",100,"~","~"
"L","     Municipal Division","~","~","~","~","S",100,"~","~"
,,,,,,,,,
"Rhode Island",,,,,,,,,
"G","Superior Court","S",100,"~","~","S",100,"S",100
"L","Workers' Compensation Court","~","~","~","~","~","~","~","~"
"L","District Court","~","~","~","~","S",100,"~","~"
"L","Family Court","S",100,"~","~","S",100,"S",100
"L","Municipal Court","~","~","~","~","M",0,"~","~"
"L","Probate Court","~","~","~","~","M",0,"~","~"
"L","Administrative Adjudication Court","~","~","~","~","S",100,"~","~"
,,,,,,,,,
"South Carolina",,,,,,,,,
"G","Circuit Court","~","~","F","N/S","C",0,"C",0
"L","Family Court","F",100,"F",100,"C",0,"~","~"
"L","Magistrate Court","~","~","~","~","C",0,"S/M","N/S /153"
"L","Municipal Court","~","~","~","~","M",0,"~","~"
"L","Probate Court","~","~","~","~","C",0,"~","~"
,,,,,,,,,
,,,,,,,,,
,,"Jury Costs",,,,,,,
,,"Source","State %","Total Expenses ($)","Expenses Paid by State ($)","Expenses Paid by Local Government ($)","Budget Generated by Fees and Surcharges (%)",,
"New York (Continued)",,,,,,,,,
"L","City Court","S","100 /110",39900000,39900000,0,0,,
"L","Family Court","~","~",120400000,120400000,0,0,,
"L","Surrogates' Court","S","100 /110",45500000,45500000,0,0,,
"L","Town and Village Justice Court","M",0,"N/S",0,"N/S","N/S",,
"L","Civil Court of the City","S","100 /110",66700000,66700000,0,0,,
"L","Criminal Court of the City","S","100 /110",81600000,81600000,0,0,,
,,,,,,,,,
"North Carolina",,,,,,,,,
"G","Superior Court","S",100,26720538117,"26720538 /117","N/S","N/S",,
"L","District Court","S",100,53499480,53499480,"N/S","N/S",,
,,,,,,,,,
"North Dakota",,,,,,,,,
"G","District Court","S",100,19000000,19000000,"0 /120","0 /121",,
"L","Municipal Court","~","~","N/S","N/S","N/S","N/S",,
,,,,,,,,,
"Ohio",,,,,,,,,
"G","Court of Common Pleas","C",0,"N/S","N/S /126","N/S","N/S",,
"L","County Court","M",0,"N/S","N/S","N/S","N/S",,
"L","Court of Claims","S",100,2439674,2415203,0,1,,
"L","Mayors Court","M",0,"N/S",0,"N/S","N/S",,
"L","Municipal Court","M",0,"N/S","N/S /127","N/S","N/S",,
,,,,,,,,,
"Oklahoma",,,,,,,,,
"G","District Court","M/F",0,57000000,37000000,"20000000 /128","N/S /128",,
"L","Court of Tax Review /129","~","~","~","~","~","~",,
"L","Municipal Court Not of Record","M",0,"N/S","N/S","N/S","N/S",,
"L","Municipal Court of Record","M",0,2000000,0,2000000,0,,
,,,,,,,,,
"Oregon",,,,,,,,,
"G","Circuit Court","S",100,2600000,2600000,0,0,,
"G","Tax Court","S",100,2600000,2600000,0,0,,
"L","County Court","M",0,"N/S",0,"N/S","N/S",,
"L","Justice of the Peace Court","M",0,"N/S",0,"N/S","N/S",,
"L","Municipal Court","M",0,"N/S",0,"N/S","N/S",,
,,,,,,,,,
"Pennsylvania",,,,,,,,,
"G","Court of Common Pleas","M","0 /133","N/S /134","84325000 /135","N/S","N/S",,
"L","District Justice Court","M",0,"N/S",42626000,"N/S","N/S",,
"L","Philadelphia Municipal Court","M",0,"N/S","4631000 /138","N/S","N/S",,
"L","Philadelphia Traffic Court","M",0,"N/S","667000 /139","N/S","N/S",,
"L","Pittsburgh City Magistrate","M",0,"N/S","1200000 /140","N/S","N/S",,
,,,,,,,,,
"Puerto Rico",,,,,,,,,
"Court of First Instance:",,,,,,,,,
"G","     Superior Division","S",100,86463711,86463711,0,0,,
"L","     District Subsection","~","~",22603711,22603711,0,0,,
"L","     Municipal Division","~","~",9853459,9853459,0,0,,
,,,,,,,,,
"Rhode Island",,,,,,,,,
"G","Superior Court","S",100,14000000,14000000,0,0,,
"L","Workers' Compensation Court","~","~",4000000,0,0,0,,
"L","District Court","~","~",6000000,6000000,0,0,,
"L","Family Court","S",100,11000000,11000000,0,0,,
"L","Municipal Court","~","~","N/S","0 /142","N/S","N/S",,
"L","Probate Court","~","~","N/S","0 /142","N/S",0,,
"L","Administrative Adjudication Court","~","~",5500000,5500000,0,0,,
,,,,,,,,,
"South Carolina",,,,,,,,,
"G","Circuit Court","C",0,"9877444 /146",9877444,"N/S /147","N/S148",,
"L","Family Court","~","~","7819117 /150",7819117,"N/S /147","N/S148",,
"L","Magistrate Court","C",0,"20699248 /151",0,"20699248 /151","100 /152",,
"L","Municipal Court","M",0,"10102965 /151",0,"10102 /151","100 /154",,
"L","Probate Court","C",0,8799413,0,8799413,"N/S /148",,
,,,,,,,,,
,,,,,,,,,
,,"Judicial Salaries",,"Clerks of Court Salaries",,"Trial Court Administrators Salaries",,"Court Reporters Salaries",
,,,,,,,,,
,,"Source","State %","Source","State %","Source","State %","Source","State %"
"South Dakota",,,,,,,,,
"G","Circuit Court","S",100,"S",100,"S",100,"S",100
,,,,,,,,,
"Tennessee",,,,,,,,,
"G","Circuit Court","S",100,"M",0,"M",0,"S",75
"G","Criminal Court /160","S",100,"M",0,"M",0,"S",100
"G","Chancery Court","S",100,"M",0,"M",0,"S","N/S /161"
"G","Probate Court /163","M",0,"M/F",0,"M",0,"~","~"
"L","General Sessions Court","M",0,"M",0,"M",0,"S/M",10
"L","Juvenile Court","M",0,"M",0,"M",0,"~","~"
"L","Municipal Court","M",0,"M",0,"~","~","~","~"
,,,,,,,,,
"Texas",,,,,,,,,
"G","District Court","S/M","92 /165","M",0,"M",0,"M",0
"L","Constitutional County Court","C",0,"C",0,"C",0,"C",0
"L","Probate Court","S/C","30 /172","C",0,"C",0,"C",0
"L","Justice of the Peace Court","M",0,"M",0,"M",0,"M",0
"L","County Court at Law","S/C","30 /177","C",0,"C",0,"C",0
"L","Municipal Court","M",0,"M",0,"M",0,"M",0
,,,,,,,,,
"Utah",,,,,,,,,
"G","District Court","S",100,"S",100,"S",100,"S",100
"L","Justice Court","C/M",0,"C/M",0,"S/M","25 /183","~","~"
"L","Juvenile Court","S",100,"S/F",95,"S",100,"~","~"
,,,,,,,,,
"Vermont",,,,,,,,,
"G","District Court","S",100,"S",100,"S",100,"S",100
"G","Superior Court","S",100,"S",100,"~","~","S",100
"G","Family Court","S",100,"S",100,"S",100,"S",100
"L","Probate Court","S",100,"S",100,"~","~","S",100
"L","Environmental Court","S",100,"S",100,"S",100,"S",100
"L","Judicial Bureau Court","S",100,"S",100,"S",100,"S",100
,,,,,,,,,
"Virginia",,,,,,,,,
"G","Circuit Court","S",100,"S",100,"S",100,"~","~"
"L","District Court","S",100,"S",100,"~","~","~","~"
,,,,,,,,,
"Washington",,,,,,,,,
"G","Superior Court","S/C","50 /189","C",0,"C",0,"C",0
"L","District Court","C",0,"C",0,"C",0,"~","~"
"L","Municipal Court","M",0,"M",0,"M",0,"~","~"
,,,,,,,,,
"West Virginia",,,,,,,,,
"G","Circuit Court","S",100,"C",0,"S",100,"S",100
"L","Magistrate Court","S",100,"S",100,"~","~","~","~"
"L","Municipal Court","M",0,"M",0,"~","~","~","~"
,,,,,,,,,
"Wisconsin",,,,,,,,,
"G","Circuit Court","S",100,"C",0,"S",100,"S","100 /193"
"L","Municipal Court","M/F",0,"M/F",0,"M/F",0,"~","~"
,,,,,,,,,
"Wyoming",,,,,,,,,
"G","District Court","S",100,"C",0,"~","~","S",100
"L","County Court","S",100,"S",100,"~","~","~","~"
"L","Justice of the Peace Court","C",0,"C",0,"~","~","~","~"
"L","Municipal Court","M",0,"M",0,"~","~","~","~"
" ",,,,,,,,,
,,,,,,,,,
,,"Other Salaries",,"Automation Equipment",,"Other Capital Equipment",,"Creating Court Record for Appeal",
,,,,,,,,,
,,"Source","State %","Source","State %","Source","State %","Source","State %"
"South Dakota",,,,,,,,,
"G","Circuit Court","S",100,"F",100,"S",100,"S",100
,,,,,,,,,
"Tennessee",,,,,,,,,
"G","Circuit Court","S","100 /159","S",59,"S/M",50,"S/M/F",90
"G","Criminal Court /160","S",100,"S",59,"S/M",50,"S/M/F",95
"G","Chancery Court","S/M","90 /159","S",59,"S/M",50,"M/F",0
"G","Probate Court","M",0,"M",0,"M",0,"M",0
"L","General Sessions Court","M",0,"~","~","~","~","~","~"
"L","Juvenile Court","M",0,"M",0,"M",0,"M/F",0
"L","Municipal Court","M",0,"M",0,"M",0,"M",0
,,,,,,,,,
"Texas",,,,,,,,,
"G","District Court","M",0,"M",0,"M",0,"M",0
"L","Constitutional County Court","C",0,"C",0,"C",0,"C",0
"L","Probate Court","C",0,"C",0,"C",0,"C",0
"L","Justice of the Peace Court","M",0,"M",0,"M",0,"~","~ /174"
"L","County Court at Law","C",0,"C",0,"C",0,"C",0
"L","Municipal Court","M",0,"M",0,"M",0,"M",0
,,,,,,,,,
"Utah",,,,,,,,,
"G","District Court","S",100,"S",100,"S",100,"F",100
"L","Justice Court","C/M",0,"S/C/M",5,"C/M",0,"F",0
"L","Juvenile Court","S/F","85 /184","S",100,"S",100,"S",100
,,,,,,,,,
"Vermont",,,,,,,,,
"G","District Court","S",100,"S",100,"S",100,"S",100
"G","Superior Court","C",0,"S/C",50,"S/C",40,"S",100
"G","Family Court","S",100,"S",100,"S",100,"S",100
"L","Probate Court","S",100,"C",0,"C",0,"S",100
"L","Environmental Court","S",100,"S",100,"S",100,"S",100
"L","Judicial Bureau Court","S",100,"S",100,"S",100,"S",100
,,,,,,,,,
"Virginia",,,,,,,,,
"G","Circuit Court","S/C/M",80,"S/C/M",90,"C/M",0,"~","~"
"L","District Court","S",100,"S",100,"C/M",0,"~","~"
,,,,,,,,,
"Washington",,,,,,,,,
"G","Superior Court","C",0,"S",100,"C",0,"C",0
"L","District Court","C",0,"S",100,"C",0,"C",0
"L","Municipal Court","M",0,"S",100,"M",0,"M",0
,,,,,,,,,
"West Virginia",,,,,,,,,
"G","Circuit Court","S",100,"S",100,"S",100,"S",100
"L","Magistrate Court","S",100,"S",100,"S",100,"S",100
"L","Municipal Court","M",0,"M",0,"M",0,"M",0
,,,,,,,,,
"Wisconsin",,,,,,,,,
"G","Circuit Court","C",0,"C/F",194,"C",0,"F","0 /195"
"L","Municipal Court","M/F",0,"M/F",0,"M/F",0,"M/F",0
,,,,,,,,,
"Wyoming",,,,,,,,,
"G","District Court","S/C",32,"C",0,"C",0,"S",100
"L","County Court","S",100,"S",100,"S",100,"S",100
"L","Justice of the Peace Court","C",0,"S",100,,0,,0
"L","Municipal Court","M",0,"S/M",25,"M",0,"M",0
" ",,,,,,,,,
,,,,,,,,,
,,,,,,"General",,,
,,"Buildings/Real Property",,"Travel Expenses",,"Operating Expenses",,"Indigent Defense",
,,,,,,,,,
,,"Source","State %","Source","State %","Source","State %","Source","State %"
"South Dakota",,,,,,,,,
"G","Circuit Court","M",0,"S",100,"S",100,"M/F",0
,,,,,,,,,
"Tennessee",,,,,,,,,
"G","Circuit Court","S/M",50,"S",100,"S/M",50,"S/M",50
"G","Criminal Court /160","S/M",50,"S",100,"S/M",50,"S/M",50
"G","Chancery Court","S/M",50,"S",100,"S/M",50,"S/M",10
"G","Probate Court","M",0,"S",100,"M",0,"~","~"
"L","General Sessions Court","M",0,"M",0,"M",0,"S/M",10
"L","Juvenile Court","M",0,"M",0,"M",0,"S/M",50
"L","Municipal Court","M",0,"M",0,"M",0,"M",0
,,,,,,,,,
"Texas",,,,,,,,,
"G","District Court","M",0,"S/M","N/S /166","M",0,"M","0 /167"
"L","Constitutional County Court","C",0,"C",0,"C",0,"C","0 /171"
"L","Probate Court","C",0,"C",0,"C",0,"~","~"
"L","Justice of the Peace Court","M",0,"M",0,"M",0,"M","0 /175"
"L","County Court at Law","C",0,"C",0,"C",0,"C","0 /175"
"L","Municipal Court","M",0,"M",0,"M",0,"M",0
,,,,,,,,,
"Utah",,,,,,,,,
"G","District Court","S",100,"S",100,"S",100,"C",0
"L","Justice Court","S/C/M",20,"C/M",0,"C/M",0,"C/M",0
"L","Juvenile Court","S",100,"S",100,"S",100,"C",0
,,,,,,,,,
"Vermont",,,,,,,,,
"G","District Court","S/C",65,"S",100,"S",100,"S","100 /185"
"G","Superior Court","C",0,"S",100,"S",100,"S",100
"G","Family Court","S/C",50,"S",100,"S",100,"S",100
"L","Probate Court","C",0,"S",100,"S",100,"~","~"
"L","Environmental Court","S",100,"S",100,"S",100,"~","~"
"L","Judicial Bureau Court","S",100,"S",100,"S",100,"~","~"
,,,,,,,,,
"Virginia",,,,,,,,,
"G","Circuit Court","C/M",0,"S",100,"S/C/M",80,"S",100
"L","District Court","C/M",0,"S",100,"S",100,"S",100
,,,,,,,,,
"Washington",,,,,,,,,
"G","Superior Court","C",0,"C",0,"C",0,"C",0
"L","District Court","C",0,"C",0,"C",0,"C",0
"L","Municipal Court","M",0,"M",0,"M",0,"M",0
,,,,,,,,,
"West Virginia",,,,,,,,,
"G","Circuit Court","C",0,"S",100,"S",100,"~","~"
"L","Magistrate Court","C",0,"S",100,"S",100,"~","~"
"L","Municipal Court","M",0,"M",0,"M",0,"~","~"
,,,,,,,,,
"Wisconsin",,,,,,,,,
"G","Circuit Court","C",0,"S",100,"C",0,"C",0
"L","Municipal Court","M/F",0,"M/F",0,"M/F",0,"~","~"
,,,,,,,,,
"Wyoming",,,,,,,,,
"G","District Court","C",0,"S",100,"S/C",32,"S",100
"L","County Court","C",0,"S",100,"S",100,"S",100
"L","Justice of the Peace Court","C",0,"C",0,"C",0,"S",100
"L","Municipal Court","M",0,"M",0,"M",0,"~","~"
" ",,,,,,,,,
,,,,,,,,,
,,"Child Support Enforcement",,"Juvenile Probation/Detention",,"Security",,"Jury Interpreters",
,,,,,,,,,
,,"Source","State %","Source","State %","Source","State %","Source","State %"
"South Dakota",,,,,,,,,
"G","Circuit Court",,"0 /155","S","100 /156","M /157",0,"M",0
,,,,,,,,,
"Tennessee",,,,,,,,,
"G","Circuit Court","S/M",50,"M",0,"M",0,"S/M",10
"G","Criminal Court /160","S/M",50,"M",0,"M",0,"S/M",10
"G","Chancery Court","S/M",10,"~","~","M",0,"S/M",10
"G","Probate Court","S/M","N/S","M",0,"M",0,"M",0
"L","General Sessions Court","S/M",5,"M",0,"M",0,"M",0
"L","Juvenile Court","M",0,"M",0,"M",0,"M",0
"L","Municipal Court","M",0,"M",0,"M",0,"M",0
,,,,,,,,,
"Texas",,,,,,,,,
"G","District Court","S","34 /168","S/M",65,"M",0,"M",0
"L","Constitutional County Court","~","~","S/C",34,"C",0,"C",0
"L","Probate Court","~","~","~","~","C",0,"C",0
"L","Justice of the Peace Court","~","~","M",0,"M",0,"M",0
"L","County Court at Law","S","341 /78","S/C",34,"C",0,"C",0
"L","Municipal Court","~","~","M",0,"M",0,"M",0
,,,,,,,,,
"Utah",,,,,,,,,
"G","District Court","S",100,"~","~","S/C",90,"S",100
"L","Justice Court","~","~","~","~","S/C/M",10,"C/M",0
"L","Juvenile Court","S",100,"S/F",85184,"C",0,"S",100
,,,,,,,,,
"Vermont",,,,,,,,,
"G","District Court","S","100 /185","S","100 /185","S",100,"S",100
"G","Superior Court","~","~","~","~","S/C",75,"S",100
"G","Family Court","S",100,"S",100,"S",100,"S",100
"L","Probate Court","~","~","~","~","S",100,"~","~"
"L","Environmental Court","~","~","~","~","S",100,"~","~"
"L","Judicial Bureau Court","~","~","~","~","S",100,"~","~"
,,,,,,,,,
"Virginia",,,,,,,,,
"G","Circuit Court","~","~","~","~","C/M",0,"~","~"
"L","District Court","~","~","~","~","~","~","~","~"
,,,,,,,,,
"Washington",,,,,,,,,
"G","Superior Court","C",0,"C",0,"C",0,"C",0
"L","District Court","~","~","~","~","C",0,"C",0
"L","Municipal Court","~","~","~","~","M",0,"M",0
,,,,,,,,,
"West Virginia",,,,,,,,,
"G","Circuit Court","~","~","C /191",0,"S/C/F",5,"S",100
"L","Magistrate Court","~","~","~","~","S/C/F",5,"S",100
"L","Municipal Court","~","~","~","~","M",0,"M",0
,,,,,,,,,
"Wisconsin",,,,,,,,,
"G","Circuit Court","~","~ /196","~","~ /196","C",0,"S/C","N/S /197"
"L","Municipal Court","~","~","~","~","M/F",0,"M/F",0
,,,,,,,,,
"Wyoming",,,,,,,,,
"G","District Court","C",0,"C",0,"C",0,"C",0
"L","County Court","~","~","~","~","C",0,"S",100
"L","Justice of the Peace Court","~","~","~","~","C",0,"C",0
"L","Municipal Court","~","~","~","~","M",0,"~","~"
" ",,,,,,,,,
,,,,,,,,,
,,"Jury Costs",,,,,,,
,,"Source","State %","Total Expenses ($)","Expenses Paid by State ($)","Expenses Paid by Local Government ($)","Budget Generated by Fees and Surcharges (%)",,
"South Dakota",,,,,,,,,
"G","Circuit Court","M",0,19074614,19074614,"N/S /158",7,,
,,,,,,,,,
"Tennessee",,,,,,,,,
"G","Circuit Court","M",0,"N/S","N/S","N/S","N/S",,
"G","Criminal Court /160","M",0,"N/S","N/S","N/S","N/S",,
"G","Chancery Court","M",0,"N/S /162","N/S","N/S","N/S",,
"G","Probate Court","M",0,"N/S","0 /164","N/S","N/S",,
"L","General Sessions Court","M",0,"N/S","N/S","N/S","N/S",,
"L","Juvenile Court","M",0,"N/S","N/S","N/S","N/S",,
"L","Municipal Court","M",0,"N/S","N/S","N/S","N/S",,
,,,,,,,,,
"Texas",,,,,,,,,
"G","District Court","M",0,"N/S","N/S /169","N/S","5 /170",,
"L","Constitutional County Court","~","~","N/S",0,"N/S","5 /170",,
"L","Probate Court","C",0,"N/S","N/S /173","N/S","5 /170",,
"L","Justice of the Peace Court","M",0,"N/S",0,"N/S","1 /176",,
"L","County Court at Law","C",0,"N/S","N/S /179","N/S","5 /170",,
"L","Municipal Court","M",0,"N/S",0,"N/S","1 /180",,
,,,,,,,,,
"Utah",,,,,,,,,
"G","District Court","S",100,50000000,"49000000 /181",1000000,"N/S /182",,
"L","Justice Court","C/M",0,"N/S",120000,"N/S",0,,
"L","Juvenile Court","~","~",25000000,24000000,"~",4,,
,,,,,,,,,
"Vermont",,,,,,,,,
"G","District Court","S",100,4500000,4500000,0,4,,
"G","Superior Court","S",100,4400000,2200000,2200000,44,,
"G","Family Court","~","~",5900000,5900000,0,"7 /186",,
"L","Probate Court","~","~",2500000,2000000,500000,20,,
"L","Environmental Court","~","~",200000,200000,0,6,,
"L","Judicial Bureau Court","~","~",800000,800000,0,"142 /187",,
,,,,,,,,,
"Virginia",,,,,,,,,
"G","Circuit Court",,"~ /188",95407560,79506300,15901260,"N/S",,
"L","District Court","~","~",115012760,109535962,5476798,"N/S",,
,,,,,,,,,
"Washington",,,,,,,,,
"G","Superior Court","C",0,"N/S","N/S","N/S","N/S",,
"L","District Court","C",0,"N/S","N/S","N/S",0,,
"L","Municipal Court","M",0,"N/S /190",0,"~",0,,
,,,,,,,,,
"West Virginia",,,,,,,,,
"G","Circuit Court","S",100,"N/S",9640225,"N/S","N/S",,
"L","Magistrate Court","S",100,"N/S",11054863,"N/S","N/S",,
"L","Municipal Court","M",0,"N/S /192","N/S","N/S","N/S",,
,,,,,,,,,
"Wisconsin",,,,,,,,,
"G","Circuit Court","C/F",0,"179585314 /198","68294697 /199","105654196 /200","N/S",,
"L","Municipal Court","~","~","N/S",0,"N/S /201","N/S",,
,,,,,,,,,
"Wyoming",,,,,,,,,
"G","District Court","C",0,9100283,3614531,5485752,0,,
"L","County Court","S",100,3693881,3693881,0,0,,
"L","Justice of the Peace Court","C",0,151032,0,151032,0,,
"L","Municipal Court","~","~","N/S","N/S","N/S","N/S",,
" FOOTNOTES:",,,,,,,,,
" ",,,,,,,,,
" Alabama:",,,,,,,,,
"1/ Most counties provide local salary supplementshighest is forty-five percent of state salary.",,,,,,,,,
"2/ Eight counties give supplements to clerks of court.",,,,,,,,,
"3/ Currently municipalities supplement travel expenses.  This is in the process of being phased out over a three-year period.",,,,,,,,,
"4/ Varies according to the population of the municipality, as reflected by its caseload.",,,,,,,,,
"5/ Since probate courts are county-funded, information is unavailable and must be obtained from each county commission.",,,,,,,,,
,,,,,,,,,
"Alaska:",,,,,,,,,
"6/ No court reporters.  Electronic recording only.",,,,,,,,,
,,,,,,,,,
"Arizona:",,,,,,,,,
"7/ County pays 100 percent of detention; state is paying for new facilities in some counties.",,,,,,,,,
"8/ FY97 figures.",,,,,,,,,
"9/ This is not a separate court.  It is a department of the superior court.",,,,,,,,,
"10/ AOC offers to pay for travel related to service on supreme court committees.",,,,,,,,,
,,,,,,,,,
"Arkansas:",,,,,,,,,
"11/ State pays 100 percent of case coordinators and 50 percent of juvenile intake and probation.  All others are county paid.",,,,,,,,,
"12/ Paid by parties unless indigent.",,,,,,,,,
"13/ There is no central reporting of trial court expenditures by counties.  The last survey of such information was in 1994.",,,,,,,,,
"14/ Although authorized, to our knowledge there are no justice of the peace courts operating in the state at this time.",,,,,,,,,
"15/ County courts do not exercise any judicial function.  Rather they exist only to hear county administrative disputes.",,,,,,,,,
,,,,,,,,,
"California:",,,,,,,,,
"16/ Civil litigants pay for record.",,,,,,,,,
"17/ State pays for court appointed counsel in juvenile dependency.",,,,,,,,,
"18/ Only costs allowable under California Rules of Court, rule 810.",,,,,,,,,
"19/ Fees collected for jury services are deposited in Trial Court Operations Fund.",,,,,,,,,
"20/ The information provided applies to municipal courts as well, as 53 of the 58 counties have voted to unify their respective trial courts into a single superior court.  Date reflects actual expenditures for 7/1/97-6/30/98 (FY 97-98).",,,,,,,,,
,,,,,,,,,
"Colorado:",,,,,,,,,
"21/ All allocations are made by district for all court locations within the district.  The state pays for all expenses except the actual facility (courthouse).",,,,,,,,,
"22/ Water court operates as part of the district court.  It does not have separate funding or administrative authority.",,,,,,,,,
"23/ All municipal courts operate independently of the state.  Responses vary by municipality.  These courts are funded by fees in addition to allocated funds.",,,,,,,,,
,,,,,,,,,
"Delaware:",,,,,,,,,
"24/ The official clerks of the court are county employees.",,,,,,,,,
"25/ The clerks offices pay for the creation of the appellate file and the mailing, but transcriptions are usually the responsibility of the litigants.",,,,,,,,,
"26/ The expenses for the court itself are paid by the state.  The expenses of the clerks offices are paid by the counties in which the offices are located.  The only fees received by the court are reimbursement costs for copying of judicia",,,,,,,,,
"27/ All revenue goes to the general fund; FY98 revenue to general fund: $1,445,946.",,,,,,,,,
"28/ The state receives no fiscal information from alderman courts.",,,,,,,,,
"29/ 100 percent.",,,,,,,,,
"30/  1 percent grant.",,,,,,,,,
"31/ All fees and surcharges revert to the general fund.",,,,,,,,,
"32/ The court collects and disburses approximately $8.5 million to state, towns and municipalities.",,,,,,,,,
,,,,,,,,,
" District of Columbia:",,,,,,,,,
"33/ Since enactment of the National Capital Revitalization and Self-Government Improvement Act of 1997 the federal government directly funds the DC courts.  The courts budget is submitted directly to the Office of Management and Budget, th",,,,,,,,,
,,,,,,,,,
"Florida:",,,,,,,,,
"34/ Approximately forty percent paid by fees.",,,,,,,,,
"35/ Most TCA salaries are paid by the state; in a few jurisdictions the county pays the salaries.",,,,,,,,,
"36/ Litigant pays; county pays for indigent criminal defendants.",,,,,,,,,
"37/ Sign language interpreters only; courts do not provide foreign language interpreters for jurors.",,,,,,,,,
"38/ Unable to break out total expenses for circuit courts.",,,,,,,,,
"39/ In November 1998, a constitutional amendment (Revision 7) resulted in a shift of funding for the court system.  The state will assume more court costs, over a period of several years.",,,,,,,,,
"40/ In two or three jurisdictions the county pays the TCAs salary.",,,,,,,,,
,,,,,,,,,
"Georgia:",,,,,,,,,
"41/ Judges may receive county supplements.",,,,,,,,,
"42/ Regional paid by state; circuit paid by counties.",,,,,,,,,
"43/ Only a few courts have authority to hold jury trials.",,,,,,,,,
"44/ Fees and surcharges go to general county treasury or special funds, not directly to court.  Court must seek budget from county governing authority.",,,,,,,,,
,,,,,,,,,
"Hawaii:",,,,,,,,,
"45/ Different information received from each circuit.  1st Circuit = $15,379,176; 2nd Circuit = $2,933,601; 5th Circuit = $1,037,895.  Nothing reported from 3rd Circuit.",,,,,,,,,
"46/ 100 percent.",,,,,,,,,
"47/ Although the court assesses a number of filing fees to litigants, these funds are generalized into the state general fund.  This is true for all fees and monetary assessments required by the courts.",,,,,,,,,
,,,,,,,,,
"Idaho:",,,,,,,,,
"48/ Cities: $958,499; counties: $35,040,418.",,,,,,,,,
,,,,,,,,,
"Illinois:",,,,,,,,,
"49/ State pays a set amount per year to each clerk.  Clerk salaries vary by county.",,,,,,,,,
"50/ Some are 100 percent state funded; others are 100 percent county funded.",,,,,,,,,
"51/ State pays for transcripts for indigents.",,,,,,,,,
"52/ State pays 100 percent for trial judges and 100 percent for state funded trial court administrators, county pays for other trial court administrators.",,,,,,,,,
"53/ Six counties have.",,,,,,,,,
"54/ State provides salaries for probation officers.",,,,,,,,,
,,,,,,,,,
"Indiana:",,,,,,,,,
"55/ The superior, circuit, probate, and county courts have been combined into one survey.  All but one county in Indiana lacks a separate probate court.  In those counties, the circuit or superior courts exercise probate jurisdiction.",,,,,,,,,
"56/ State funds the majority of all judicial salaries; however, a county may supplement these salaries.",,,,,,,,,
"57/ Both state and county funds are used.  The source of funds is dependent upon nature of travel.",,,,,,,,,
"58/ Figures are not available.  County expenditures on superior, circuit, probate, and county courts in fiscal year 1997 totaled $28,007,251.  State expenditures on the state judicial system totaled $57,431,504 in fiscal year 1997, but the",,,,,,,,,
"59/ City courts typically do not have a full-time administrator.",,,,,,,,,
"60/ No separate figure for city courts is available.  Instead, city and town courts are combined for statistical purposes.  Total city/town expenditures for city/town courts during fiscal year 1997 were $5,168,206.  Revenues generated thro",,,,,,,,,
,,,,,,,,,
"Iowa:",,,,,,,,,
"61/ Facilities, office space, courtrooms.",,,,,,,,,
,,,,,,,,,
"Kansas:",,,,,,,,,
"62/ For judges, 80 percent; administrators, 40 percent.",,,,,,,,,
"63/ 98 percent goes to salaries.",,,,,,,,,
"64/ Local courts pay for all operating expenses.",,,,,,,,,
"65/ Training sessions sponsored by supreme court.",,,,,,,,,
,,,,,,,,,
"Kentucky:",,,,,,,,,
"66/ Pay counties for use of their facilities.",,,,,,,,,
"67/ State funded, not by or through courts.",,,,,,,,,
"68/ Not part of court system.",,,,,,,,,
"69/ Not in court budget.  100 percent elsewhere in state budget.",,,,,,,,,
,,,,,,,,,
"Louisiana:",,,,,,,,,
"70/ Varies.",,,,,,,,,
,,,,,,,,,
"Maine:",,,,,,,,,
"71/ All funding comes from the state but counties provide space for superior court.",,,,,,,,,
"72/ Very little child support is in superior court.  Some child support work is eligible for federal reimbursement.",,,,,,,,,
"73/ An executive branch function.",,,,,,,,,
"74/ Supplemented by federal reimbursement.",,,,,,,,,
"75/ Probate courts are county funded.",,,,,,,,,
,,,,,,,,,
"Maryland:",,,,,,,,,
"76/ The state funds the salaries of clerk of court staff.",,,,,,,,,
"77/ The state funds approved travel expenses for judges and clerks, while the local jurisdiction funds travel expenses for court administrators.",,,,,,,,,
"78/ State contributes $5 per juror for reimbursement.",,,,,,,,,
,,,,,,,,,
"Michigan:",,,,,,,,,
"79/ Amount cannot be estimated.",,,,,,,,,
"80/ These expenses are estimates before the legislature created the family division of the circuit court and shifted juvenile expenses and related state revenues to the circuit court in January 1998.",,,,,,,,,
"81/ Operating and capital expenses are paid by the county or municipality that is the local funding unit.  Judicial salaries are paid 100 percent by the state, partly through direct salary payment to judges and partly through reimbursement",,,,,,,,,
"82/ Includes general fund and fees.",,,,,,,,,
"83/ Budgetary figures have been extrapolated from data collected in previous years.  No Michigan courts are funded by fees or surcharges.  Costs may be assessed along with fines, but the courts are not responsible for self-support.",,,,,,,,,
"84/ Expenses are estimates before the legislature created the family division of the circuit court and shifted juvenile expenses and related state revenues to the circuit court in January 1998.",,,,,,,,,
,,,,,,,,,
"Minnesota:",,,,,,,,,
"85/ The trial court does not fund itself with dedicated revenue.",,,,,,,,,
,,,,,,,,,
"Mississippi:",,,,,,,,,
"86/ No available figure.",,,,,,,,,
"87/ No data available.",,,,,,,,,
,,,,,,,,,
"Nebraska:",,,,,,,,,
"88/ Judges only; administrators are local.",,,,,,,,,
"89/ The court is primarily funded from a cash fund supported by assessments against workers compensation insurers, risk management pools, and self-insured employers.",,,,,,,,,
"90/ Court reporter fees are generally paid by the parties.",,,,,,,,,
"91/ The ordering party generally pays for the transcript and bill of exceptions.",,,,,,,,,
,,,,,,,,,
"New Hampshire:",,,,,,,,,
"92/ Fees and fines go to general fund of state.",,,,,,,,,
"93/ Only one remains, part-time.",,,,,,,,,
,,,,,,,,,
" New Jersey:",,,,,,,,,
"94/ Not in judicial branch.  State executive branch responsibility.",,,,,,,,,
"95/ State pays for all but county welfare office and county sheriff functions as well as court facilities and security.  Most functions are in judicial branch; some in executive branch.",,,,,,,,,
"96/ Probation is a judicial function; detention is executive, both state and county.",,,,,,,,,
"97/ Facilities and security.  The superior court budget includes all probation costs and expenses associated with child support enforcement, and the difference between the total (line 1) and the state share (line 2) is the $41,510,000 for ",,,,,,,,,
"98/ The Statewide Automated Traffic/Automated Complaint System (ATS/ACS) is completely offender financed through a $2 surcharge on all defendants found guilty of a violation in municipal court.",,,,,,,,,
"99/ The Municipal Public Defender Act (P.L. 1997, c. 256) provides municipalities with the ability to enact an ordinance that allows an application fee of up to $200 on defendants who apply for the services of a municipal public defender.",,,,,,,,,
"100/ Clerk/administrator.",,,,,,,,,
"101/ Some chambers and staff offices are in state buildings, but several chambers are in county courthouses.",,,,,,,,,
"102/ State responsibility when chambers are in state buildings, county when chambers are in county courthouses.",,,,,,,,,
,,,,,,,,,
"New Mexico:",,,,,,,,,
"103/ Executive branch function.",,,,,,,,,
"104/ Jury costs in civil trials paid in part by parties.",,,,,,,,,
"105/ De novo review on appeal.",,,,,,,,,
"106/ Municipal courts are eligible for reimbursement for automation related costs from a legislatively mandated fund.  A $6 per conviction fee is the source of money.",,,,,,,,,
"107/ The thirty-three counties support probate courts.",,,,,,,,,
,,,,,,,,,
"New York:",,,,,,,,,
"108/ Not a supreme court responsibility.  Fees and expenses for jurors, salaries and office expenses for employees responsible for maintaining juror lists and summoning prospective jurors, are budgeted in a separate jury program.  In fisca",,,,,,,,,
"109/ This amount is the total anticipated fiscal 1998-99 expenditure for the supreme and county court program and for the portion of multi-jurisdictional courts in smaller jurisdictions devoted to supreme and county court matters.  In most",,,,,,,,,
"supreme and county court jurisdiction along with jurisdict",,,,,,,,,
"110/ Including fees and expenses for jurors and salary and office expenses for employees responsible for maintaining juror lists and summoning prospective jurors, are budgeted in a separate jury program.  In fiscal year 1997-98, a total of",,,,,,,,,
"111/ Two counties (Nassau and Suffolk) have district courts.",,,,,,,,,
"112/ Electronic recordings used.",,,,,,,,,
"113/ Some courts use electronic recordings.",,,,,,,,,
"114/ Not judiciary responsibility.",,,,,,,,,
,,,,,,,,,
" North Carolina:",,,,,,,,,
"115/ Convicted indigent defendants may have judgment liens entered against them for the value of the legal representation.  Collections on such judgments are retained to defray the costs of indigent defense (about $5.6 million in collectio",,,,,,,,,
"116/ County based division of social services agencies have substantial IV-D child support responsibilities and receive some state and federal funds.  The state funds enforcement in other cases are administered primarily by clerks of super",,,,,,,,,
"117/ Total expenditures in 1997-98 were $345,547,018.  Totals shown for superior and district court are limited substantially to judicial salaries and judicial support staff and expense.  Additional areas of expenditures include clerks ope",,,,,,,,,
,,,,,,,,,
"North Dakota:",,,,,,,,,
"118/ Criminalindigent, state pays 100 percent nonindigent, individual pays.  Civillitigant pays.",,,,,,,,,
"119/ Ten percent individual.",,,,,,,,,
"120/ Except building and maintenance costs.",,,,,,,,,
"121/ All fees and surcharges are paid directly to the state general fund.",,,,,,,,,
"122/ De novo appeals only.",,,,,,,,,
,,,,,,,,,
"Ohio:",,,,,,,,,
"123/ Most court of appeals employees are fully or partially state funded; others are not.",,,,,,,,,
"124/ Varies.",,,,,,,,,
"125/ Local and executive branch.",,,,,,,,,
"126/ Eighty-five percent of judges salaries.",,,,,,,,,
"127/ Thirty-three percent of judges salaries.",,,,,,,,,
,,,,,,,,,
"Oklahoma:",,,,,,,,,
"128/ Fees collected by local courts are the primary source of funds for local operations.  Usually counties provide only space.",,,,,,,,,
"129/ This court sits on an ad hoc basis.  It has no personnel.  It uses judges from the district court.  It has no appropriation.",,,,,,,,,
,,,,,,,,,
"Oregon:",,,,,,,,,
"130/ The Support Enforcement Division is in the executive branch.",,,,,,,,,
,,,,,,,,,
"Pennsylvania:",,,,,,,,,
"131/ The state will pay 100% of personnel costs for county court administrators and certain assistants and deputies beginning in January 2000 as part of Phase I of the unification process.  Therefore, the states share of the fiscal year co",,,,,,,,,
"132/ Certain travel expenses for judges only are state funded; county pays for administrators expenses.",,,,,,,,,
"133/ A portion of these costs is reimbursed by the state through a grant.  The FY 1998-99 appropriation for this grant is $1,469,000.",,,,,,,,,
"134/ The state provides an annual grant to the counties to defray the county costs associated with the courts of common pleas.  The FY 1998-99 grant appropriated is $29,071,000.",,,,,,,,,
"135/ $53,785,000 (FY 1998-99 Appropriation) + 29,071,000 (County Court Reimbursement Grant) + 1,469,000 (Juror Cost Grant) = $84,325,000.",,,,,,,,,
"136/ Some travel expenses for district justices are state-funded.",,,,,,,,,
"137/ Some travel expenses for the judges are state-funded.",,,,,,,,,
"138/ The state provides money in the form of grants to assist in funding law clerk salaries and staff costs related to off-hours services for protection of abuse.  The FY 1998-99 appropriations for these grants are $39,000 and $200,000 res",,,,,,,,,
"139/ FY 1998-99 appropriation.",,,,,,,,,
"140/ The state in recent years has provided a grant to the City of Pittsburgh to defray a portion of the costs of this court.  The FY 1998-99 appropriation for this grant is $1.2 million.  (The state grant provided in FY 1997-98 was $5,475",,,,,,,,,
,,,,,,,,,
"Rhode Island:",,,,,,,,,
"141/ All workers compensation court expenses paid by workers compensation insurance.",,,,,,,,,
"142/ 100 percentamount unknown.",,,,,,,,,
,,,,,,,,,
,,,,,,,,,
"South Carolina:",,,,,,,,,
"143/ There are twenty Masters-in-Equity funded by the counties.",,,,,,,,,
"144/ Court reporters are state employees.  Transcripts are paid for by the parties.  Parties are responsible for creating record for appeal.",,,,,,,,,
"145/ Funding is for both the circuit and family courts.",,,,,,,,,
"146/ This amount does not include local funding of $24,994,319 for the clerks of court or local funding of $2,159,488 for the Masters-in-Equity.",,,,,,,,,
"147/ This amount is unavailable.",,,,,,,,,
"148/ This percentage is unavailable.",,,,,,,,,
"149/ Court reporters are paid by state.  Transcripts paid by parties.",,,,,,,,,
"150/ This amount does not include local funding of $24,994,319 for the clerks of court.",,,,,,,,,
1509999,,,,,,,,,
"152/ 1996-1997 collected fees and fines $60,630,262.",,,,,,,,,
"153/ Percentage not known.",,,,,,,,,
"154/ 1996-1997 collected fees and fines $31,517,497.",,,,,,,,,
,,,,,,,,,
"South Dakota:",,,,,,,,,
"155/ Not a part of court system.",,,,,,,,,
"156/ Detention is not a part of the court system.",,,,,,,,,
"157/ AOC has $50,000 that is granted to local government for security.",,,,,,,,,
"158/ Local government provides facilities, pays for juries, indigent defense, transcripts, law libraries and witness fees.  AOC does not have any cost estimates on these.",,,,,,,,,
,,,,,,,,,
"Tennessee:",,,,,,,,,
"159/ Secretaries paid by state; others funded locally.",,,,,,,,,
"160/ There are thirty-one separate criminal courts in the state, primarily located in the metro area.",,,,,,,,,
"161/ All are employed by parties in civil cases or on a case-by-case basis.",,,,,,,,,
"162/ Unknown because of state vs. local funding sources.",,,,,,,,,
"163/ There are two �probate courts in the state.  The rest of probate is handled by limited/trial courts.",,,,,,,,,
"164/ For two probate courts except conference travel for judges.",,,,,,,,,
,,,,,,,,,
"Texas:",,,,,,,,,
"165/ The basic salary of $92,217 for a district judge is paid by the state.  Most counties supplement the salary of a district judge by about five to ten percent.  $38,579,438 was appropriated by the Texas legislature for state fiscal 1998",,,,,,,,,
"166/ The state pays up to $1,500 per judge for the expenses of judges whose judicial district is composed of more than one county.  $505,000 was appropriated by the Texas legislature for state fiscal 1998.  The percentage that is state fun",,,,,,,,,
"167/ Texas Government Code Section 51.903, effective September 1, 1997, establishes a Basic Civil Legal Services Account.  The account is administered by the supreme court and funded by additional filing fees collected by the courts.  The ",,,,,,,,,
"168/ Federal government pays 66 percent.",,,,,,,,,
"169/ Total includes the amount paid from the $39,084,439 appropriated for the salaries and expenses of district judges for state fiscal 1998 (September 1, 1997 through August 31, 1998).",,,,,,,,,
"170/ Some fees are required for court operations, e.g., the records management fee.  Such fees probably account for less than five percent of the budgets for county courts at law.",,,,,,,,,
"171/ Texas Government Code Section 51.903, effective September 1, 1997, establishes a Basic Civil Legal Services Account.  The account is administered by the supreme court and is funded by additional filing fees collected by the supreme co",,,,,,,,,
"1998), the account receipts were approximately $2,000",,,,,,,,,
"172/ The salaries for county court at law judges and statutory probate court judges are paid by counties.  However, the state reimburses $30,000 per judge to counties that participate in a program to raise salaries to specified levels.  Th",,,,,,,,,
,,,,,,,,,
"Texas, continued",,,,,,,,,
"173/ The estimate would be the $5,100,000 reimbursed by the state to counties for the salaries of the statutory probate court judges.",,,,,,,,,
"174/ All trials are de novo.",,,,,,,,,
"175/ Texas Government Code section 51.903, effective September 1, 1997, establishes a Basic Civil Legal Services Account.  The account is administered by the supreme court and is funded by additional filing fees collected by the supreme co",,,,,,,,,
"(September 1, 1997 through August 31, 1998), account receipts ",,,,,,,,,
"176/ Some fees are required for court operations, e.g., the administrative fee for requesting a driving safety course.  Such fees probably account for less than one percent of the budgets for justice of the peace courts.",,,,,,,,,
"177/ Judges salaries are paid directly by counties.  However, the state reimburses a portion of those salaries to counties that participate in a program to raise the salaries to specified levels.  The amount reimbursed is $30,000 per judge",,,,,,,,,
"31, 1998).  The state reimbursed counties approximate",,,,,,,,,
"178/ Federal government pays 66 percent.",,,,,,,,,
"179/ The total includes the $5,100,000 reimbursed for the salaries of the county court at law judges and statutory probate court judges.",,,,,,,,,
"180/ Some fees are required to be used for municipal court operations.  An example is the municipal court building security fee, which is adopted on a local option basis.  Although unknown, all such fees probably account for less than one ",,,,,,,,,
,,,,,,,,,
"Utah:",,,,,,,,,
"181/ Indigent defense, some security and some small miscellaneous.",,,,,,,,,
"182/ Fees and surcharges do not come to the courts directly but go to general fund.  A building fund is financed by fees and three and one-half million is needed to pay for the yearly cost of the Salt Lake courthouse bond.",,,,,,,,,
"183/ There is one state level justice court administrator, 100 percent state-funded.  There are some local administrators, 100 percent local-funded.",,,,,,,,,
"184/ Some probation officers funded by fees.",,,,,,,,,
,,,,,,,,,
"Vermont:",,,,,,,,,
"185/ Executive branch.",,,,,,,,,
"186/ All fees and surcharges are deposited into the general fund of state government.",,,,,,,,,
"187/ Fees are approximately $1.1 million.",,,,,,,,,
,,,,,,,,,
"Virginia:",,,,,,,,,
"188/ County/local funds civil jury costs.  State funds criminal jury costs.",,,,,,,,,
,,,,,,,,,
"Washington:",,,,,,,,,
"189/ State pays half of salary, half of benefits, all of retirement.",,,,,,,,,
"190/ Latest figures from 1995: general jurisdiction-superior court $47,432,868, county clerk (separately elected county clerks offices) $28,202.299, juvenile (includes detention and probation costs) $63,707,458.  Limited jurisdictiondistri",,,,,,,,,
,,,,,,,,,
"West Virginia:",,,,,,,,,
"191/ The West Virginia court system funds probation services, but not detention services.",,,,,,,,,
"192/ Municipal courts are not part of the unified state court system and are not subject to administration by the supreme court or the AOC.",,,,,,,,,
,,,,,,,,,
"Wisconsin:",,,,,,,,,
"193/ The state pays 100 percent of the salaries of official court reporters who provide court reporting for circuit court judges.  This does not include court reporting services provided to full-time court commissioners paid by the county.",,,,,,,,,
"194/ Court fees are collected by the clerks of courts and forwarded to the state to administer the trial court automation program.",,,,,,,,,
,,,,,,,,,
,,,,,,,,,
,,,,,,,,,
"Wisconsin, continued",,,,,,,,,
"195/ Official court reporters and freelance court reporters charge a fee for producing transcripts.  The court reporters retain the fees earned for transcript production.  In criminal actions, both the county and the states public defender",,,,,,,,,
"196/ Executive branch functions.",,,,,,,,,
"197/The Interpreter Services Reimbursement Program ($182,500 annually) allows counties to submit reimbursement requests to the state court administrators office for interpreter services paid for by the counties for in-court services provid",,,,,,,,,
"alcohol or other drug abuse, or development disabili",,,,,,,,,
"198/ This represents judicial branch expenditures only.",,,,,,,,,
"199/ This includes expenditures paid for by the states judicial branch for the operation of the circuit courts and excludes total expenditures paid by the state public defender and other executive branch agencies.",,,,,,,,,
"200/ Unaudited amount reported by counties to the state court administrators office.  Counties vary in what they include in this figure.",,,,,,,,,
"201/ The municipal courts are funded solely by municipalities with a municipal court.  By statute the courts may charge $15 to $23 in court costs.  The state gets $5 of the amount; the rest is kept by the municipality.  No other costs, fee",,,,,,,,,
