"Bureau of Justice Statistics",,,,,,
"filename: sco9815.csv",,,,,,
"table#:  15 Judicial Councils and Conferences: Composition and Function",,,,,,
"report title: State Court Organization, 1998 NCJ 178932",,,,,,
"author:  David  B. Rottman, Carol R. Flango, Milissa T. Cantrell, Randall Hansen",,,,,,
"refer questions to: askbjs@ojp.usdoj.gov (202) 307-0765",,,,,,
"date of version: 05/19/2000",,,,,,
,,,,,,
"Table 15. Judicial Councils and Conferences: Composition and Function",,,,,,
,,,,,,
,,,,"Composition/",,
,"Name","Authority","Purpose","Who Appoints","Frequency","Tenure"
,,,,,,
,,,,,,
"Alabama","Judicial System Study Commission","Statute","Studies judicial systems; make recommendations for improvement of administration of justice to legislature.","6 from Alabama House; 6 from Alabama Senate; Judicial Conference Legal Advisor to Governor; Lt. Governor; Speaker of House; 1 member attorney general's staff. ","Reports as Commission deems necessary","Term of office.  Attorney General may replace his staff member at any time"
,"Juvenile Coordinating Council","Statute","Improves interagency coordination of services to children; make recommendations to the Governor and Legislature for improvements to the juvenile justice system.","Chief Justice; legal advisor to the Governor; Lieutenant Governor; Speaker of the House; Attorney General; Representatives of juvenile agencies; three appointees from business and industry by the Governor; and 5 persons to be appointed by ","At least annually","Council and Governor's appointees serve for 2 years; other members serve for term of office"
,,,,,,
"Alaska","Judicial Council","Constitution","Studies judicial system for improvements in administration; nominate candidates for judgeships.","3 attorneys appointed by the governing body of the organized state bar; 3 non-attorneys appointed by governor subject to confirmation by a majority of the members of the legislature in joint session; chief justice","At least one biennial meeting","6 year terms"
,,,,,,
"Arizona","Arizona Judicial Council","Administrative order of the Supreme Court","The Arizona Judicial Council assists the Supreme Court in developing and implementing policies and procedures designed to accomplish the full and complete integration of the court system pursuant to the Courts constitutional mandate.  The ","The Council is composed of the following members: the Chief Justice of the Supreme Court; the chief judges of the Court of Appeals; the presiding judges of Maricopa and Pima counties; the President of the State Bar of Arizona or designee; ","Quarterly","Some by virtue of position; others have varying terms"
,,,,,,
"Arkansas","Judicial Council","Statute","Directs and develops criteria for new judgeships and types of judges.  Adopts legislative agenda.","Consists of all judges of circuit and chancery courts, court of appeals, justices of the supreme court","October and April of each year","Term in office"
,,,,,,
"California","Judicial Council","Constitution","Chief administrative body of court system.  The administrative director of the court is responsible for setting the direction and providing the leadership for improving the quality and advancing the consistent independence and accessible a","Chief Justice and 1 associate justice; 3 judges of Court of Appeals; 5 Superior Court judges; 5 Municipal Court judges; 4 state bar members; 1 senate member; 1 assembly member; 4 trial court administrators; 1 court commissioner; president ","Seven times a year","3 years,  so long as the person retains their status"
,,,,,,
"Colorado","Judicial Advisory Council","Supreme Court Rule","Studies the needs of the judicial system; develops an intermediate and long-range plan for the judicial system; identifies particular problems and recommends solutions; recommends ways of improving the judicial system and suggests appropri","1 Supreme Court Justice; 1 Court of Appeals judge; 3 District Court judges; 1 Juvenile Court judge; 2 County judges; 1 member of SCAO; 1 probation officer; 1 district administrator; 1 clerk of County/District court; 1 member from County pu","Quarterly","3 years"
,,,,,,
"Connecticut","Meetings of Supreme Court Justices","Statute","Establish personnel policy/positions/compensation; conduct annual statewide rules hearing; establish appellate rules; approve appointments of appellate personnel; approve case transfers.","Chief Justices and Associate Justices of the Supreme Court","As needed","~"
,,,,,,
"Delaware","Judicial Conference","Supreme Court Rule","Studies courts to improve the administration of justice.","Members of the: Supreme Court; Court of Chancery; Superior Court; Family Court, Court of Common Pleas; Municipal Court; City of Wilmington, and the Chief Magistrate of the Justice of the Peace System","Biennial","Term of office"
,"Meetings of Superior Court Judges","Statute","Discusses operations of the court.","The 11 Superior Court judges","Monthly","Term in office"
,,,,,,
"District of Columbia","Joint Committee on Judicial Administration","Statute","Establishes administrative policy of court system.","Chief Judge of District of Columbia Court of Appeals, Court of Appeals associate judge; Chief Judge of superior court; 2 Superior Court judges.  Appointments:  Chief judges of respective courts appoint associate judges, with approval from ","Monthly","Term of office"
,"Judicial Conference","Statute","Annual meeting to make recommendations for improvements in court system.","Active judges of District of Columbia, Court of Appeals and Superior Court, Bar Members and Invitees","Annual","Term of office"
,"Board of Judges"," Statute","Determines internal operating policy of court.","Judges of Superior Court of District of Columbia","Monthly","Term of office"
,,,,,,
"Florida","Rules of Judicial Administration Commission /1","Rule","Recommend changes in the procedural rules of the court.","Attorneys and judges appointed by the Florida Bar /2","Propose changes by June 30 of every 4th year","3 year terms (staggered)"
,"Judicial Management Council"," Rule","Recommends changes related to the efficient and effective administration of justice.","Judicial and legislative representatives","At least quarterly","Differing terms"
,,,,,,
"Georgia","Judicial Council","Statute and Supreme Court Rule","Studies court organization and rules of practice and procedures.","24 representatives of the appellate and trial courts make up the Judicial Council.  The Chief Justice and Presiding Justice act as the Chairperson and Vice-Chairperson respectively.","At least semi-annually","By virtue of position on appellate court or on trial court council"
,,,,,,
"Hawaii","Judicial Council","Statute","Studies administration of justice and reports to the Supreme Court (advisory only).","Chief Justice and not more than 15 other members to include laymen, judges, and lawyers, as provided by the Supreme Court / Appointed by Supreme Court.","Biennial report","3 years"
,,,,,,
"Idaho","Judicial Council","Statute","Conducts studies to improve court system; reports to the Supreme Court and legislature submit nominations for judgeships; recommends removal or discipline of judicial officer.","Permanent: 3 attorneys (1 is a district judge) appointed by state bar; 3 non-attorneys appointed by governor; Chief Justice as chair. Chair who appoints adjunct, a magistrate judge, when the removal or discipline of a magistrate judge is b","Reports at least every 2 years","6 years"
,,,,,,
"Illinois","Judicial Conference","Constitution and Statute","Studies business of court system.","Judges of Supreme Court and selected judges of the Appellate and Circuit Courts as approved by Supreme Court.","Annual","Term of office"
,,,,,,
"Indiana","Judicial Conference","Statute","Discusses operations of courts and promotes continuing education of judges.","State judges /3","Annual","Term of office"
,,,,,,
"Iowa","Judicial Conference","Rule pursuant statute","Considers administrative rules, directives, and regulations; recommends to Supreme Court for adoption.","Chief judges of judicial districts, Court of Appeal chief judge, Supreme Court chief justice/ Statutory","Chief judge's discretion","2 years"
,,,,,,
"Kansas","Judicial Council","Statute","Recommends probate, civil, criminal, and juvenile code; conduct research for court system.  Annual meeting of judiciary to discuss judicial business, to make justice more efficient.","Supreme Court justice, Court of Appeals judge, 2 District Court judges, 4 resident lawyers, chairs of House and Senate judiciary committees","Monthly","Appointed by Chief Justice for 4 years, except Senate and House members, who serve their term of office."
,,,,,,
"Kentucky","Judicial Council","Statute","Studies ways to improve administration of justice; recommend changes in rules and procedure (advisory only).","State judges /4","Twice per year","Appointed to serve for no longer than 4 years"
,"Judicial Conference","Repealed","Studies court system; receives reports and recommendations from Judicial Council.","~","~","~"
,,,,,,
"Louisiana","Judicial Council","Supreme Court Rule","Studies court organization, rules, and procedures; recommends improvements.","Seventeen voting member maximum /5 - Varies","Semiannual","3 year terms, no more than 2 successive terms"
,,,,,,
"Maine","Judicial Conference","Statute","Advises and consults with the Supreme Court in matters of judicial administration.","Judges and Justices","Annually","Term of office"
,,,,,,
"Maryland","Executive Committee of Judicial Council","Rule 16-802d","Between plenary sessions:  ""to consider the status of judicial business..., to devise means of relieving congestion of dockets..., to consider improvements of practice and procedures..., to consider and recommend legislation, and to exchan","17 elected members and 1 ex-officio (Chief Judge)","Monthly","2 years"
,"Conference of Circuit Judges","Rule 16-108","...for the purpose of exchanging ideas and views with respect to the circuit courts and the improvement of the administration of justice and making recommendations with respect thereto; to initiate complaints to disabilities concerning all",,,
,,,,,,
"Massachusetts","Judicial Council","Statute","Study organization, rules, and methods of practice and procedures.","Chief Justice of the Supreme Judicial Court, Chief Judge of Appeals Court, Chief Judge of each department of the Trial Court, and 4 bar members","Reports annually to the Governor","Bar members appointed-no longer than 4 years; justices serve term of office"
,"Judicial Conference","Statute and Court Rule","Considers matters relating to judicial administration and improvement.","Supreme court determines which judges and others shall comprise conference","Court's discretion","Term of office"
,,,,,,
"Michigan","Judicial Conference","Statute and Court Rule","Studies organization, rules, methods of procedure, and practice of the judicial system in general; studies the problems of administration confronting the courts and judicial system in general; and recommends modifying or ameliorating exist","All judges","Annually - called by State Court Administrator","~"
,,,,,,
"Minnesota","Annual Conference of Judges","Statute","Considers improvements in administration of justice.","All judges","Annually-called by chief justice","Term of office"
,,,,,,
"Mississippi","Commission on Judicial Performance","Statute","Recommends to Supreme Court practice and procedures regarding complaints and inquires about judicial performance.","Circuit Court judge, Chancellor, County Court judge, Justice Court judge, attorney, 2 lay people","As needed","6 year terms, cannot succeed a full term"
,"Judicial Advisory Study Committee","Statute","Makes recommendations to the AOC, makes studies and recommendations for the improvement of the judicial system.","Appointments by Supreme Court Chief Justice, Court of Appeals, Chief Judge, Chancery Judges Conference, Circuit Judges Conference, County Judges Conference, Justice Court Judges Conference, Chancery Clerks Association, Circuit Clerks Assoc","Quarterly","3 years"
,,,,,,
"Missouri","Judicial Conference","Statute","Studies organization, rules and methods of practice procedure.","Supreme Court and Court of Appeals judges and commissioners, Circuit Court judges and associate judges, all retired judges / Appointment is automatic.","Once a year","Term of office or retirement"
,,,,,,
"Nevada","Regional Judicial Council","Statute","Assists in improvement of the court system within their region.","District Court judge, Justice of the Peace and municipal judge of region, elected by a majority of respective colleagues.","3 times a year","3 year terms, except: Chief Judges of 2nd and 8th Judicial Districts"
,"Judicial Council of State of Nevada","Statute","Improves courts by implementing policies and procedures.","Members of each regional judicial council, the Chief Justice and an associate justice, plus ex officio members--Presidents of Nevada Judges Association, Nevada District Judges Association, Nevada Association of Court Clerks and Administrat","3 times a year","3 year terms, except: term of office for Chief Judge and terms as Chief Judge for judges of 2nd and 8th Judicial Districts"
,,,,,,
"New Hampshire","Judicial Council","Statute","Studies administration of justice; devises ways to improve procedure; collects; analyzes, and publishes statistics.","Judicial Branch administrative council (5), attorney general, state court clerk, legislative representatives (2), appointees of governor and council (8), appointees of Supreme Court (5)","Biennial Reports","3 years, except attorney general, administrative council, chairpersons of senate and house of judiciary, president of bar serve terms of office"
,,,,,,
,,,,,,
"New Jersey","Judicial Council","Supreme Court","Assists Supreme Court and Chief Justice in development and implementation of policy on all matters affecting the trial courts.","Chief Justice, Assignment Judges (15), Chairs of Presiding Judge Conferences (3), Administrative Director, Deputy Administrative Director/Appointed by Chief Justice","Monthly","At pleasure"
,"Conferences of Presiding Judges","Chief Justice","One conference each for Civil, Criminal, and Family.  Serves as forum for exchange of ideas, identification of problems, and recommendation of best practices.","Each vicinage has a Presiding Judge for Civil, Criminal, and Family, designated by Chief Justice","Monthly","At pleasure"
,,,,,,
"New Mexico","Chief Judges Council","Chief Justice with advice from council","Budget, decision making, statewide judiciary matters/issues","Presiding Judges, President Judge, Magistrate Judges Association","Monthly","As long as President Judge"
,,,,,,
"New York","Judicial Conference","Statute","Advise the Chief Judge; recommendations to the Governor and legislature for changes in statutes rules and practices.","State judges/administrative board appoints the members of the bar and the justice from a town or village court6","Annually (or as needed)","2 years except judges term of office"
,"Administrative Board of the Courts","Constitution","Assists the Chief Judge in establishment of administrative standards and policies for the State Court system.","Chief Judge of Court of Appeals, Presiding Justice of the Appellate Division of the Supreme Court of each judicial department","Meet as needed","Term of Office"
,,,,,,
"North Carolina","North Carolina Courts Commission","Statute","Studies structure organization, jurisdiction, procedures, and personnel of court system; makes recommendations for change to the legislature.","24 voting members, including:  representatives from the Judicial Branch, the Legislative Branch and practicing attorneys, 3 non-voting, ex officio members","At discretion of the chair","4 years"
,"North Carolina Judicial Advisory Commission","Supreme Court","Determines better processes/procedures for the efficient administration of court operations.","Includes representatives from the Supreme Court of N.C. (Chair), Superior Court judges, District Court judges, district attorneys, clerks of Superior Court, magistrates; and public defenders, established by Supreme Court Chief, Chief Justi","Meet as needed","~"
,,,,,,
"North Dakota","Judicial Conference","Statute","Studies operation of courts in state to see that procedures are simplified and business expedited.","All judges Supreme and District Courts, attorney general, dean North Dakota School of Law, five members of bar, all Surrogate judges, two Municipal judges, clerk of Supreme Court","Twice per year","Throughout term of office, and bar members five years"
,,,,,,
"Ohio","Judicial Conference","Statute","Considers problems in administration of justice and make recommendations for improvement to legislature and courts.","Judges of Supreme Court, Court of Appeals, Common Pleas Court, Probate Courts, Municipal and County Courts","Biennial reports to legislature.  Report as needed to courts and legislature","Term of office"
,,,,,,
"Oregon","Judicial Conference","Statute","Studies organization, jurisdiction, procedures, and practices of courts in the state; holds an annual education session and business meeting.","Judges of Supreme Court, Court of Appeals, Tax Court, Circuit Courts and senior judges of these courts.","At least once annually","Term of office"
,,,,,,
"Pennsylvania","Judicial Council of Pennsylvania","Supreme Court","Studies administration of justice; make recommendations to Supreme Court on matters referred by court or raised by Council sua sponte.","27 members /7","As called by Chief Justice","3 years for office holder"
,,,,,,
"Puerto Rico","Judicial Conference","Supreme Court","Review the state of the administration of justice; promote the study of rules and procedures and make recommendations for improvement of the judicial system.","21 members /8","At least every 3 months","Appointed for 3 years, all others term of office"
,,,,,,
"Rhode Island","Judicial Council","Statute","Studies organization of judicial system; makes recommendations to courts.","6 members of Rhode Island Bar / Statue (Gov.)","Report Annually","3 years"
,"Judicial Conference","Statute","Considers matters relating to judicial business and administration.","All justices Supreme, Superior, District Courts and Family Courts / Statute (Gov.) with consent of Senate","Annually","Term of office"
,,,,,,
"South Carolina","Judicial Council","Statute","Studies organization of judicial system; collects and publishes statistics.","Judicial and Legislative representatives /9","Report as needed","Attorney General, dean, circuit judges, probate and family court judges and magistrates, and appointees 4 years, all others term of their office"
,,,,,,
"South Dakota","Judicial Conference","Statute","Studies organization, rules, methods, and practices of all courts; makes recommendations to the Supreme Court.","Justices and judges of Supreme Court and Circuit Court as members, Magistrate judges","Annual","Term of office"
,,,,,,
"Tennessee","Judicial Council","Statute","Studies operation of judicial department; consider recommendations for improvement.","Legislative and judicial representatives--6 at large members may be selected /10","Biennial","All judges and appointees 4 year terms"
,"Judicial Conferences","Statute","Considers rules and laws to improve administration of justice; draft suitable legislation for General Assembly.","All judges of courts or records whose salary is paid in whole or part by state, including retired judges and probate courts.  Courts where county population is less than 300,000.","Annually","Term of office or retirement"
,,,,,,
"Texas","Judicial Council","Statute","Studies and improves administration of justice.","Chief Justice of Supreme Court; presiding judge of Court of Criminal Appeals; chair of Senate Jurisprudence Committee; one member of senate, appointed by lieutenant governor; chair of the House Judicial Affairs Committee; one member of the","Annual meeting","Citizens serve staggered 6 year terms appoint 3 biennially"
,,,,,,
"Utah","Judicial Council","Statute; State Constitution","Develops uniform administrative policies for the courts of Utah.  Adopts rules for the administration of all courts.","Chief Justice and one associate justice Supreme Court, one judge Court of Appeals; 5 District and 2 Juvenile Court judges, three Justice Court judges, member of Utah State Bar Commission.  All judges elected, except Chief Justice.","Annual","3 year terms"
,,,,,,
"Vermont","Judicial Council /11","Statute","~","~","~","~"
,,,,,,
"Virginia","Judicial Conference","Statute","Discusses matters to improve administration of justice.  Continuing legal education.","Justices of Supreme Court, judges of Court of Appeals; Circuit Courts, and all retired justices and judges","Semi Annual","Term of office"
,"Judicial Conference for District Courts","Statute","Discusses matters to improve administration of justice.  Continue legal education.","Judges of every general District Court, and Juvenile and Domestic Relations Courts","Semi Annual","Term of office"
,"Judicial Council","Statute","Studies organization, rules,  procedure, and practices of the judicial system.","One Judge from Court of Appeals, 6 Circuit Court judges, one General Circuit judge, one Juvenile and Domestic Relations judge, 2 attorneys, and chairman of Committees for Courts of Justice of Senate and House","Quarterly","4 year terms, maximum of 2 consecutive terms"
,"Committee on District Courts","Statute","Studies organization, rules, procedure, and practices of the District Courts' and clerks offices; determines number of District Court judges, substitute judges, clerks offices and court personnel; establishes practices and procedures for D","Speaker of  House, chairman of House and Senate Judiciary Committees, 2 members of each Committees for Justice, one judge of Circuit Court, one Juvenile Domestic Relations District Court judge","Monthly","Term of office;  Judges - one year term"
,,,,,,
"Washington","Judicial Conference","Statute","Considers matters relating to administration of justice.","All judges of courts of record and courts of limited jurisdiction","Annual meeting","Term of office"
,"Board of Judicial Administration","Supreme Court Rule",,"Chief justice and acting chief justice of Supreme Court, 3 judges of Court of Appeals, Superior Court and limited jurisdiction courts, 2 members of bar, appointed by each association.","Monthly","Appointed 3 years"
,,,,,,
"West Virginia","Judicial Council","Statute","Studies organization, rules, and methods of practice and procedure; collects statistics.","~","~","~"
,,,,,,
"Wisconsin","Planning and Policy Advisory Committee","Supreme Court Rule","The purpose of the Planning and Policy Advisory Committee is to advise the Supreme Court and the Director of State Courts in the directors capacity as planner and policy advisor for the judicial system.","Chief Justice of Supreme Court/Supreme Court appoints; one judge of the Court of Appeals/appointed by court of appeals; thirteen circuit judges/one judge elected by the judges of each of judicial administrative districts; one municipal jud","At least quarterly; currently meeting monthly at Chairperson's call","Judges elected by Administrative District for 3 year terms, other members appointed for 3 year terms."
,"Judicial Conference","Supreme Court Rule","Studies problems in administration of justice; makes recommendations for improvement, conducts instructive programs and seminars.",,,
,"Judicial Council","Statute","Studies pleading, practice, and procedure; makes recommendations to Supreme Court and legislature.","Justices of Supreme Court, Court of Appeals, Circuit Court and reserve judges.","Annual meeting","Term of office"
,,,,,,
"Wyoming","Judicial Council","Supreme Court order","Studies matters relating to administration of justice. ",,,
,,,,,,
"Federal Courts","Judicial Conference of the United States","28 USC  331","Surveys condition of business in the courts and prepares plans for the assignment of judges. Promotes uniformity of management procedures and expeditious conduct of the courts.","Supreme Court Justices, District Court judges, County Court judges, Justices of the Peace and Municipal Court judges","Once per year","Term of Office"
,,,,,,
"Note: The following states do not have Judicial Councils and Conferences: Montana, Nebraska, New Mexico and Oklahoma.",,,,,,
,,,,,,
"FOOTNOTES:",,,,,,
,,,,,,
" Florida:",,,,,,
"1/ Judicial Administration Commission coordinates the Florida Bar Rules Committees.",,,,,,
"2/ Chief justice of supreme court, 3 district court of appeals judges, 3 circuit court judges, 3 county court judges, one state attorney, one public defender, one clerk of the court, 4 members of Florida Bar, including the president of the",,,,,,
,,,,,,
"Indiana:",,,,,,
"3/ All justices of the supreme court; all judges of the court of appeals, the judge of the tax court; all circuit, superior, probate , and county court judges; all municipal court judges who are serving on a full time basis; any retired ju",,,,,,
,,,,,,
"Kentucky:",,,,,,
"4/ Chief justice of the supreme court; chief judge of the court of appeals; 4 circuit judges, and four district judges; president of the Kentucky Association of Circuit Court Clerks; 3 members of the State Bar of Kentucky, and the chairman",,,,,,
,,,,,,
"Louisiana:",,,,,,
"5/ Chief justice of the supreme court, one associate justice, 2 court of appeals judges, 2 district court judges, 1 member of the Louisiana City Judges Association, 1 member of the Juvenile and Family Court Judges Association, 2 members of",,,,,,
"Attorneys Association, 1 member of the Louisiana Clerk of Court Assoc",,,,,,
,,,,,,
" New York:",,,,,,
"6/ Chief judge of court of appeals, presiding justice of appellate division of each judicial department, one trial justice of the supreme court for each court for each judicial department, one judge each: court of claims, county court, sur",,,,,,
"department, one member of the bar of the sta",,,,,,
,,,,,,
"Pennsylvania:",,,,,,
"7/ Chief justice of Pennsylvania, 2 justices of supreme court, court administrator, president judge of superior court, president judge of commonwealth court, president judge of the court of common pleas of Philadelphia and Allegheny counti",,,,,,
"non-judge member of the bar of the supreme court, 3 non-lawyers",,,,,,
,,,,,,
"Puerto Rico:",,,,,,
"8/ One supreme court justice designated by the supreme court; a court of appeals judge designated by the court of appeals; director of state courts or his or her designee; 4 circuit judges designated by the Judicial Conference; chairperson",,,,,,
"of statutes or an assistant designated by the revisor; deans of the law schools o",,,,,,
,,,,,,
"South Carolina:",,,,,,
"9/ Chief justice of the supreme court, two circuit court judges; 2 family court judges; 2 probate judges; attorney general, dean or faculty member of Law School of University of South Carolina; president of the South Carolina Bar; lieutena",,,,,,
"legislative council; 6 others, at least 4 of whom are members of the b",,,,,,
,,,,,,
"Tennessee:",,,,,,
"10/ One judge each from the: supreme court, court of appeals, court of criminal appeals, circuit court judge, criminal court judge, general sessions court judge; one chancellor, the speaker of the Senate, chairman of House Judiciary Commit",,,,,,
,,,,,,
"Vermont:",,,,,,
"11/ Although authorized by statute the Council has not been called together for 20 years and has no function.",,,,,,
