"Bureau of Justice Statistics",,,,,,,
"Filename:tpivc9917.csv",,,,,,,
"Table 17.  Whether third-party involvement helped or worsened the situation, by victim-offender relationship, 1993-99",,,,,,,
"Title of Report:  Third Party Involvement in Violent Crime, 1993-99, NCJ 189100",,,,,,,
"Data source:  National Crime Victimization Survey",,,,,,,
"Author:  Mike Planty, Ph.D.",,,,,,,
"Refer questions to:   (202) 307-0765 or askbjs@ojp.usdoj.gov",,,,,,,
"Date version:  6/26/02",,,,,,,
,,,,,,,
"Table 17.  Whether third-party involvement helped or worsened the situation, by victim-offender relationship, 1993-99",,,,,,,
,,,,,,,
,,"Percent of violent incidents in which third party -",,,,,
"Victim-offender relationship","Total","Helped","Worsened","Both","Neither","Do not know","Annual average victimizations"
"Stranger",100,37.5,10.3,2.7,43.1,6.3,3209400
"Intimate",100,35.4,11.5,2.3,43.9,6.9,371550
"Other acquaintances",100,34.0,12.5,2.9,44.4,6.3,2851530
"  ",,,,,,,
"Note:  Table totals differ because some respondents did not answer some questions.",,,,,,,
