"Bureau of Justice Statistics",,
"Filename:tpivc9907.csv",,
"Table 7.  Third-party presence, by victim-offender relationship, 1993-99",,
"Title of Report:  Third Party Involvement in Violent Crime, 1993-99, NCJ 189100",,
"Data source:  National Crime Victimization Survey",,
"Author:  Mike Planty, Ph.D.",,
"Refer questions to:   (202) 307-0765 or askbjs@ojp.usdoj.gov",,
"Date version:  6/26/02",,
,,
"Table 7.  Third-party presence, by victim-offender relationship, 1993-99",,
,,
"Victim-offender relationship","Annual average victimizations","Percent involving third party"
"Stranger",4560520,70.4
"Intimates",1044540,35.6
"Other acquaintances",4113310,69.3
,,
"Note:  Table totals differ because some respondents did not answer some questions.",,
