"Bureau of Justice Statistics",,
"Filename:tpivc9901.csv",,
"Table 1.  Third party presence during violent crime, 1993-99",,
"Title of Report:  Third Party Involvement in Violent Crime, 1993-99, NCJ 189100",,
"Data source:  National Crime Victimization Survey",,
"Author:  Mike Planty, Ph.D.",,
"Refer questions to:   (202) 307-0765 or askbjs@ojp.usdoj.gov",,
"Date version:  6/26/02",,
,,
,,
"Table 1.  Third party presence during violent crime, 1993-99",,
,,
,"Violent Victimizations",
"Year","Total","Percent with third party"
1993,11630720,65.5
1994,11583370,66.4
1995,10225170,67.4
1996,9543460,66.0
1997,9023510,66.5
1998,8548450,65.8
1999,7473880,65.6
