"Bureau of Justice Statistics",,,,,,,
"Filename:tpivc9914.csv",,,,,,,
"Table 14.  Whether third-party involvement helped or worsened the situation, by type of crime, 1993-99",,,,,,,
"Title of Report:  Third Party Involvement in Violent Crime, 1993-99, NCJ 189100",,,,,,,
"Data source:  National Crime Victimization Survey",,,,,,,
"Author:  Mike Planty, Ph.D.",,,,,,,
"Refer questions to:   (202) 307-0765 or askbjs@ojp.usdoj.gov",,,,,,,
"Date version:  6/26/02",,,,,,,
,,,,,,,
"Table 14.  Whether third-party involvement helped or worsened the situation, by type of crime, 1993-99",,,,,,,
,,,,,,,
,,"Percent of violent incidents in which third party - ",,,,,
"Type of crime","Total","Helped","Worsened","Both","Neither","Do not know","Annual average victimizations"
"Rape/sexual assault",100,33.4,15.2,0.9,43.1,7.4,114160
"Robbery",100,29.2,12.1,2.7,49.3,6.8,560080
"Aggravated assault",100,38.3,11.0,3.0,41.0,6.8,1471630
"Simple assault",100,36.0,11.3,2.7,43.9,6.1,4286610
"  Total",100,35.9,11.3,2.7,43.7,6.4,6432480
,,,,,,,
"Note:  Table totals differ because some respondents did not answer some questions.",,,,,,,
