"Bureau of Justice Statistics",,
"Filename:tpivc9915.csv",,
"Table 15.  How third-party involvement helped or worsened the situation, 1993-99",,
"Title of Report:  Third Party Involvement in Violent Crime, 1993-99, NCJ 189100",,
"Data source:  National Crime Victimization Survey",,
"Author:  Mike Planty, Ph.D.",,
"Refer questions to:   (202) 307-0765 or askbjs@ojp.usdoj.gov",,
"Date version:  6/26/02",,
,,
"Table 15.  How third-party involvement helped or worsened the situation, 1993-99",,
,,
"Victim opinion of third-party involvement","Annual average victimizations","Percent of total with third party(a)"
"Helped",,
"  Prevented injury",1154780,18.0
"  Scared offender off",447280,7.0
"  Victim escaped",493030,7.7
"  Protected property",80830,1.3
"  Protected other people",228200,3.5
"  Helped other ways",824530,12.8
,," "
"Worsened",,
"  Victim injured",69120,1.1
"  More property loss",14230,0.2
"  Others hurt worse",44420,0.7
"  Offender got away",12010,0.2
"  Made offender angrier",559280,8.7
"  Harmed other ways",275980,4.3
"  ",,
"Note:  Table totals differ because some respondents did not answer some questions.",,
"(a) The numbers do not total to 100% because the third party did not always help or worsen the incident (43%) and victims could indicate multiple categories.",,
