Bureau of Justice Statistics,,,,,,,,,,,
Filename: svpjri1112t03.csv,,,,,,,,,,,
"Table 3. Facilities with high rates of  inmate-on-inmate sexual victimization, by type of facility, National Inmate Survey, 2011-12",,,,,,,,,,,
"Report title: Sexual Victimization in Prisons and Jails  Reported by Inmates, 2011-12 NCJ 241399",,,,,,,,,,,
"Data source: National Inmate Survey, 2011-12",,,,,,,,,,,
Author(s): Allen J. Beck,,,,,,,,,,,
Refer questions to: askbjs@usdoj.gov 202-307-0765,,,,,,,,,,,
Date of version: 2/20/13,,,,,,,,,,,
,,,,,,,,,,,
 ,,,,,,,,,,,
"Table 3. Facilities with high rates of inmate-on-inmate sexual victimization, by type of facility, National Inmate Survey, 2011�12",,,,,,,,,,,
,,,,,,Any inmate-on-inmate incidenta,,,,,
,,,,,,,,95%-confidence interval,,,
Facility name,,,Number of respondentsb,Response rate,,Percentc,, Lower bound,,Upper bound,
All prisons ,,,"38,251",60,%,2,%,1.8,%,2.3,%
,Male facilities,,"31,110",59,%,1.7,%,1.5,%,2,%
,,Northwest Florida Reception Ctr. (FL),131,49,,9.8,,5.8,,16.1,
,,Idaho Max. Security Inst. (ID),78,39,,9.4,,3.9,,21,
,,Montana State Prison (MT),191,65,,9,,4.6,,16.8,
,,Montford Psychiatric Fac. (TX),166,70,,8.4,,5.2,,13.1,
,,Stiles Unit (TX),151,49,,7.8,,4.3,,13.8,
,,Southern State Corr. Fac. (VT),109,55,,7.7,,3.9,,14.6,
,,Apalachee Corr. Inst./West/ East Unit/ River Junction (FL),161,57,,7.3,,4.3,,12.1,
,,Clements Unit (TX),141,44,,6.8,,3.8,,11.7,
,,Maine Corr. Ctr. (ME),192,80,,6.1,,3.6,,10.2,
,,Farmington Corr. Fac. (MO),240,84,,5.8,,3.6,,9.3,
,,Utah State Prison (UT),233,73,,5.6,,3.2,,9.5,
,Female facilities,,"7,141",69,%,7.2,%,5.9,%,8.6,%
,,Mabel Bassett Corr. Ctr. (OK)d,192,70,,15.3,,11.3,,20.6,
All jails,,,"52,926",61,%,1.6,%,1.4,%,1.9,%
,,Ripley Co. Jail (IN),51,89,,7.9,,5.1,,11.9,
,,Philadelphia City Riverside Corr. Fac. (PA)d,194,58,,6.7,,4.2,,10.7,
,,Harris Co. Jail - 1200 Baker Street Jail (TX),238,58,,6.3,,3.4,,11.2,
,,Eastern Regional Jail (WV),130,51,,6,,3.3,,10.6,
,,Cook Co. - Division 11 (IL),272,76,,5.5,,3.5,,8.4,
,,New York City Rose M. Singer Ctr. (NY)d,202,63,,5,,2.9,,8.4,
,,Los Angeles Co. - Twin Towers Corr. Fac. (CA),199,44,,4.9,,2.6,,9.1,
,,Western Regional Jail (WV),215,68,,4.8,,3,,7.7,
,,Schenectady Co. Jail (NY),162,68,,4.4,,2.7,,7,
"Note: High-rate facilities are those in which the lower bound of the 95%-confidence interval is larger than 1.55 times the average among prisons by sex of inmates housed, and 1.55 times the average among all jail facilities. ",,,,,,,,,,,
"aWeighted percent of inmates reporting one or more incidents of sexual victimization involving another inmate or facility staff in the past 12 months or since admission to the facility, if less than 12 months.",,,,,,,,,,,
bNumber of inmates who responded to the sexual victimization survey.,,,,,,,,,,,
"cWeights were applied so that inmates who responded accurately reflected the entire population of each facility on selected characteristics, including age, sex, race, sentence length, and time since admission.",,,,,,,,,,,
dFacility housed only female inmates.,,,,,,,,,,,
"Source: Bureau of Justice Statistics, National Inmate Survey, 2011�12.",,,,,,,,,,,
