"Bureau of Justice Statistics",,,,
"filename:  FSS98se2.csv",,,,
"table #:  Estimate of 1 standard error for table 2, 1998",,,,
"report title:  Felony Sentences in State Courts, 1998; NCJ 190103",,,,
"data source:  National Judicial Reporting Program, 1998",,,,
"author:  Matthew Durose, David Levin, Patrick Langan",,,,
"refer questions to:  askbjs@ojp.usdoj.gov  (202) 307-0765",,,,
"date of version:  September 10, 2001",,,,
,,,,
,"Error in percent of felons sentenced to --",,,
,,"Incarceration",,
"Most serious conviction offense","Prison",,"Jail","Probation"
"All offenses",1.4,,1.6,1.3
"Violent offenses",1.1,,1.1,1.0
"Murder",0.6,,0.3,0.5
"Sexual assault",1.7,,0.9,1.3
"Rape",1.8,,0.9,1.6
"Other sexual assault",2.5,,1.4,1.8
"Robbery",1.0,,0.8,1.0
"Aggravated assault",1.2,,1.6,1.2
"Other violent",2.0,,2.5,2.9
"Property offenses",2.0,,1.3,1.8
"Burglary",1.3,,1.3,1.1
"Larceny",2.2,,1.6,1.9
"Motor vehicle theft",2.3,,2.2,2.1
"Fraud",3.3,,1.4,3.1
"Drug offenses",1.6,,2.1,1.7
"Possession",1.6,,2.1,1.7
"Trafficking",1.6,,2.4,1.5
"Weapon offenses",1.3,,1.2,1.4
"Other offenses",1.6,,2.1,1.7
