"Bureau of Justice Statistics",,,
"filename:  FSS98se1.csv",,,
"table #:  Estimate of 1 standard error for table 1, 1998",,,
"report title:  Felony Sentences in State Courts, 1998; NCJ 190103",,,
"data source:  National Judicial Reporting Program, 1998",,,
"author:  Matthew Durose, David Levin, Patrick Langan",,,
"refer questions to:  askbjs@ojp.usdoj.gov  (202) 307-0765",,,
"date of version:  September 10, 2001",,,
,,,
,"Error in felony convictions in State courts",,
"Most serious conviction offense","Number","Percent",
"All offenses",35575,"--",
"Violent offenses",6285,0.3,"%"
"Murder/manslaughter",420,0.0,
"Murder",308,0.0,
"Manslaughter",170,0.0,
"Sexual assault",1358,0.1,
"Rape",529,0.6,
"Other sexual assault",1196,0.1,
"Robbery",1647,0.1,
"Armed",747,0.1,
"Unarmed",582,0.1,
"Unspecified",1143,0.1,
"Aggravated assault",3335,0.3,
"Other violent",1303,0.1,
"Property offenses",14600,0.7,"%"
"Burglary",3284,0.2,
"Residential",1230,0.1,
"Nonresidential",2090,0.2,
"Unspecified",2677,0.3,
"Larceny",5955,0.3,
"Motor vehicle theft",908,0.1,
"Other theft",5575,0.3,
"Fraud/forgery",6825,0.5,
"Fraud",4197,0.4,
"Forgery",3113,0.2,
"Drug offenses",11938,0.6,"%"
"Possession",6252,0.5,
"Trafficking",7770,0.5,
"Marijuana",2360,0.3,
"Other",4182,0.4,
"Unspecified",6315,0.5,
"Weapon offenses",1487,0.1,"%"
"Other offenses",5794,0.4,"%"
