"Bureau of Justice Statistics",,,,,,,,,,,,,,,,,,
"filename:  fssc9807.csv",,,,,,,,,,,,,,,,,,
"table #  7.  Convicted felons sentenced to prison by State courts, by number of conviction offenses, 1998",,,,,,,,,,,,,,,,,,
"report title:  Felony Sentences in State Courts, 1998; NCJ 190103",,,,,,,,,,,,,,,,,,
"data source:  National Judicial Reporting Program, 1998",,,,,,,,,,,,,,,,,,
"author:  Matthew Durose, David Levin, Patrick Langan",,,,,,,,,,,,,,,,,,
"refer questions to:  askbjs@ojp.usdoj.gov  (202) 307-0765",,,,,,,,,,,,,,,,,,
"date of version:  September 10, 2001",,,,,,,,,,,,,,,,,,
,,,,,,,,,,,,,,,,,,
"Table 7.  Convicted felons sentenced to prison by State courts, by number of conviction offenses, 1998",,,,,,,,,,,,,,,,,,
,,,,,,,,,,,,,,,,,,
"Percent",,,,,,,,,,,,,,,,,,
,,,,,,,,,"Percent of felons sentenced in State courts following --",,,,,,,,,
,,,"One felony conviction",,,,,,"Two felony convictions",,,,,,"Three or more felony convictions",,,
"Most serious conviction offense","Prison",,"Jail",,"Probation",,"Prison",,"Jail",,"Probation",,"Prison",,"Jail",,"Probation",
"All Offenses",41,"%",25,"%",34,"%",53,"%",21,"%",26,"%",64,"%",14,"%",23,"%"
"Violent Offenses",54,"%",21,"%",25,"%",68,"%",15,"%",17,"%",81,"%",8,"%",11,"%"
"Murder /a",94,,2,,5,,96,,1,,3,,96,,1,,2,
"Sexual assault /b",61,,18,,21,,76,,10,,15,,84,,5,,10,
"Robbery",71,,14,,15,,83,,8,,8,,91,,4,,5,
"Aggravated assault",42,,28,,31,,55,,21,,24,,66,,14,,20,
"Other violent /c",41,,24,,34,,43,,29,,28,,61,,23,,16,
"Property Offenses",39,"%",23,"%",38,"%",50,"%",21,"%",29,"%",59,"%",15,"%",27,"%"
"Burglary",49,,23,,28,,59,,20,,21,,69,,13,,19,
"Larceny /d",38,,25,,37,,46,,24,,30,,53,,18,,29,
"Fraud /e",32,,19,,49,,41,,20,,39,,48,,16,,36,
"Drug Offenses",40,"%",28,"%",32,"%",47,"%",24,"%",29,"%",57,"%",17,"%",26,"%"
"Possession",36,,30,,34,,38,,22,,40,,45,,22,,33,
"Trafficking",43,,26,,31,,50,,24,,26,,59,,16,,25,
"Weapon offenses",40,"%",24,"%",36,"%",50,"%",22,"%",28,"%",54,"%",18,"%",28,"%"
"Other offenses /f",34,"%",28,"%",38,"%",45,"%",26,"%",29,"%",51,"%",19,"%",30,"%"
,,,,,,,,,,,,,,,,,,
"Count",,,,,,,,,,,,,,,,,,
,,,,,,,,,"Number of felons sentenced in State courts following --",,,,,,,,,
,,,"One felony conviction",,,,,,"Two felony convictions",,,,,,"Three or more felony convictions",,,
"Most serious conviction offense","Prison",,"Jail",,"Probation",,"Prison",,"Jail",,"Probation",,"Prison",,"Jail",,"Probation",
"All Offenses",287385,,175345,,235554,,76685,,30408,,38564,,31665,,6765,,11165,
"Violent Offenses",60935,,23765,,27639,,21243,,4694,,5323,,10942,,1092,,1558,
"Murder /a",4875,,81,,254,,2132,,25,,72,,1280,,19,,30,
"Sexual assault /b",12125,,3479,,4171,,4567,,594,,880,,2385,,150,,288,
"Robbery",18071,,3458,,3804,,6298,,642,,624,,3979,,176,,241,
"Aggravated assault",20826,,13785,,15254,,7289,,2774,,3123,,3058,,656,,935,
"Other violent /c",5038,,2963,,4157,,958,,658,,623,,241,,91,,64,
"Property Offenses",79653,,45470,,76738,,24777,,10244,,14264,,12167,,3058,,5570,
"Burglary",26104,,12064,,14798,,12423,,4130,,4361,,6811,,1267,,1860,
"Larceny /d",34617,,22128,,33293,,5690,,2899,,3706,,1257,,420,,681,
"Fraud /e",18931,,11278,,28647,,6664,,3214,,6197,,4099,,1371,,3029,
"Drug Offenses",97226,,67082,,78032,,23393,,11671,,14528,,7056,,2083,,3205,
"Possession",37065,,30384,,35390,,4611,,2738,,4822,,565,,275,,409,
"Trafficking",60162,,36698,,42642,,18782,,8933,,9706,,6491,,1808,,2796,
"Weapon offenses",9785,,5960,,8781,,2544,,1114,,1425,,763,,255,,401,
"Other offenses /f",39786,,33068,,44364,,4728,,2685,,3024,,737,,277,,431,
,,,,,,,,,,,,,,,,,,
"Note:  See note on table 2.  This table is based on an estimated 893,536.",,,,,,,,,,,,,,,,,,
"The number of convictions pertains to current, not past, convictions.",,,,,,,,,,,,,,,,,,
"a/ Includes nonnegligent manslaughter.",,,,,,,,,,,,,,,,,,
"b/ Includes rape.",,,,,,,,,,,,,,,,,,
"c/ Includes offenses such as negligent manslaughter and kidnaping.",,,,,,,,,,,,,,,,,,
"d/ Includes motor vehicle theft.",,,,,,,,,,,,,,,,,,
"e/ Includes forgery and embezzlement.",,,,,,,,,,,,,,,,,,
"f/ Composed of nonviolent offenses such as receiving stolen property and vandalism.",,,,,,,,,,,,,,,,,,
