"Bureau of Justice Statistics",,,,,,,,
"filename:  fssc9806.csv",,,,,,,,
"table #  6.  Number of offenses for felons convicted and sentenced in 1998 in ",,,,,,,,
"State courts, by most serious felony conviction offense, 1998",,,,,,,,
"report title:  Felony Sentences in State Courts, 1998; NCJ 190103",,,,,,,,
"data source:  National Judicial Reporting Program, 1998",,,,,,,,
"author:  Matthew Durose, David Levin, Patrick Langan",,,,,,,,
"refer questions to:  askbjs@ojp.usdoj.gov  (202) 307-0765",,,,,,,,
"date of version:  September 10, 2001",,,,,,,,
,,,,,,,,
"Table 6.  Number of offenses for felons convicted and sentenced in 1998 in ",,,,,,,,
"State courts, by most serious felony conviction offense, 1998",,,,,,,,
,,,,,,,,
"Percent",,,,,,,,
,,,"Percent of convicted felons with -- ",,,,,
,,,"One felony",,"Two felony",,"Three or more",
"Most serious conviction offense","Total",,"conviction",,"convictions",,"felony convictions",
"All Offenses",100,"%",78,"%",16,"%",6,"%"
"Violent Offenses",100,"%",72,"%",20,"%",8,"%"
"Murder /a",100,,60,,25,,15,
"Sexual assault /b",100,,69,,21,,10,
"Robbery",100,,68,,20,,12,
"Aggravated assault",100,,74,,19,,7,
"Other violent /c",100,,82,,15,,3,
"Property Offenses",100,"%",74,"%",18,"%",8,"%"
"Burglary",100,,63,,25,,12,
"Larceny /d",100,,86,,12,,2,
"Fraud /e",100,,71,,19,,10,
"Drug Offenses",100,"%",80,"%",16,"%",4,"%"
"Possession",100,,89,,10,,1,
"Trafficking",100,,74,,20,,6,
"Weapon offenses",100,"%",79,"%",16,"%",5,"%"
"Other offenses /f",100,"%",91,"%",8,"%",1,"%"
,,,,,,,,
"Count",,,,,,,,
,,,"Number of convicted felons with -- ",,,,,
,,,"One felony",,"Two felony",,"Three or more",
"Most serious conviction offense","Total",,"conviction",,"convictions",,"felony convictions",
"All Offenses",899882,,704254,,145928,,49700,
"Violent Offenses",158136,,113221,,31322,,13594,
"Murder /a",8891,,5332,,2229,,1329,
"Sexual assault /b",28802,,19915,,6064,,2823,
"Robbery",37441,,25480,,7565,,4396,
"Aggravated assault",68081,,50210,,13221,,4650,
"Other violent /c",14922,,12284,,2243,,396,
"Property Offenses",273228,,203014,,49367,,20847,
"Burglary",84038,,53152,,20947,,9938,
"Larceny /d",105171,,90493,,12313,,2364,
"Fraud /e",84020,,59369,,16107,,8544,
"Drug Offenses",306117,,244042,,49683,,12392,
"Possession",117305,,103827,,12213,,1265,
"Trafficking",188812,,140215,,37470,,11127,
"Weapon offenses",31299,,24787,,5090,,1422,
"Other offenses /f",131102,,119190,,10465,,1446,
,,,,,,,,
"Note:  This table is based on an estimated 899,882 cases.  ",,,,,,,,
"The number of convictions pertains to current, not past, convictions.",,,,,,,,
"a/ Includes nonnegligent manslaughter.",,,,,,,,
"b/ Includes rape.",,,,,,,,
"c/ Includes offenses such as negligent manslaughter and kidnaping.",,,,,,,,
"d/ Includes motor vehicle theft.",,,,,,,,
"e/ Includes forgery and embezzlement.",,,,,,,,
"f/ Composed of nonviolent offenses such as receiving stolen property and vandalism.",,,,,,,,
