"Bureau of Justice Statistics",,,,,,
"filename:  fssc9809.csv",,,,,,
"table #  9.  Number of felony convictions in State courts, by offense and type of conviction, 1998",,,,,,
"report title:  Felony Sentences in State Courts, 1998; NCJ 190103",,,,,,
"data source:  National Judicial Reporting Program, 1998",,,,,,
"author:  Matthew Durose, David Levin, Patrick Langan",,,,,,
"refer questions to:  askbjs@ojp.usdoj.gov  (202) 307-0765",,,,,,
"date of version:  September 10, 2001",,,,,,
,,,,,,
"Table 9.  Number of felony convictions in State courts, by offense and type of conviction, 1998",,,,,,
,,,,,,
"Weighted distribution of all unknown conviction types (includes all cases)",,,,,,
,,,"Number of felons convicted by --",,,
,,,"Trial",,,
"Most serious conviction offense","Total","Total Trial","Jury","Bench","Guilty Plea",
"All Offenses",927717,55711,30482,25229,872001,
"Violent Offenses",164584,21462,15515,5947,143119,
"Murder /a",9158,4098,3471,626,5059,
"Sexual assault /b",29693,4121,3214,907,25572,
"Rape",11622,2352,1874,478,9271,
"Other sexual assault",18071,1784,1351,434,16285,
"Robbery",38784,4679,3191,1487,34104,
"Aggravated assault",71060,7377,4898,2479,63683,
"Other violent /c",15889,1187,740,448,14702,
"Property Offenses",283002,11598,4609,6990,271402,
"Burglary",87957,3389,1902,1487,84568,
"Larceny /d",107621,5052,1743,3309,102569,
"Motor vehicle theft",14368,439,169,270,13927,
"Fraud /e",87424,3157,964,2193,84265,
"Drug Offenses",314626,15164,6365,8799,299462,
"Possession",119443,5410,1628,3782,114035,
"Trafficking",195183,9754,4738,5017,185427,
"Weapon offenses",31904,2233,1135,1098,29671,
"Other offenses /f",133601,5254,2857,2396,128347,
,,,,,,
"Known conviction types",,,,,,
,,,"Number of felons convicted by --",,,
,,,"Trial",,,
,,,,,"Unknown",
"Most serious conviction offense","Total","Total Trial","Jury","Bench","trial type","Guilty Plea"
"All Offenses",598996,35650,16488,13666,5496,563346
"Violent Offenses",101739,13364,8427,3152,1785,88375
"Murder /a ",5775,2584,2045,369,170,3190
"Sexual assault /b",19254,2672,1861,525,286,16582
"Rape",7426,1503,1120,286,97,5924
"Other sexual assault",11828,1168,741,238,189,10659
"Robbery",23923,2886,1723,803,360,21036
"Aggravated assault",43875,4555,2403,1216,936,39320
"Other violent /c",8912,666,395,239,32,8246
"Property Offenses",183140,7483,2536,3940,1007,175656
"Burglary",55908,2154,991,775,388,53754
"Larceny /d",67785,3182,930,1766,486,64603
"Motor vehicle theft",7725,236,86,137,13,7488
"Fraud /e",59447,2147,615,1399,133,57299
"Drug Offenses",202155,9742,3328,4642,1772,192413
"Possession",77213,3497,885,2056,556,73717
"Trafficking",124941,6244,2442,2586,1216,118696
"Weapon offenses",21429,1500,692,669,139,19929
"Other offenses /f",90533,3560,1505,1262,793,86973
,,,,,,
"Weighted distribution of the unknown trial types",,,,,,
,,,"Number of felons convicted by --",,,
,,,"Trial",,,
"Most serious conviction offense","Total","Total Trial","Jury","Bench","Guilty Plea",
"All Offenses",598996,35650,19493,16157,563346,
"Violent Offenses",101739,13364,9726,3638,88375,
"Murder /a",5775,2584,2189,395,3190,
"Sexual assault /b",19254,2672,2084,588,16582,
"Rape",7426,1503,1197,306,5924,
"Other sexual assault",11828,1168,884,284,10659,
"Robbery",23923,2886,1969,917,21036,
"Aggravated assault",43875,4555,3024,1531,39320,
"Other violent /c",8912,666,415,251,8246,
"Property Offenses",183140,7483,2930,4553,175656,
"Burglary",55908,2154,1209,945,53754,
"Larceny /d",67785,3182,1098,2084,64603,
"Motor vehicle theft",7725,236,91,145,7488,
"Fraud /e",59447,2147,656,1491,57299,
"Drug Offenses",202155,9742,4068,5674,192413,
"Possession",77213,3497,1052,2445,73717,
"Trafficking",124941,6244,3033,3211,118696,
"Weapon offenses",21429,1500,763,737,19929,
"Other offenses /f",90533,3560,1936,1624,86973,
,,,,,,
"Note:  Detail may not add to the total because of rounding.",,,,,,
"This table is based on an estimated 598,996 cases. However, figures are",,,,,,
"adjusted for cases missing a designation of conviction type.",,,,,,
"a/ Includes nonnegligent manslaughter.",,,,,,
"b/ Includes rape.",,,,,,
"c/ Includes offenses such as negligent manslaughter and kidnaping.",,,,,,
"d/ Includes motor vehicle theft.",,,,,,
"e/ Includes forgery and embezzlement.",,,,,,
"f/ Composed of nonviolent offenses such as receiving stolen property and vandalism.",,,,,,
