"Bureau of Justice Statistics",,,,,,,,,,,,
"filename:  fssc9808.csv",,,,,,,,,,,,
"table #  8.  Mean sentence lengths for State felony sentences imposed, by the number and ",,,,,,,,,,,,
"category of the conviction offense, 1998",,,,,,,,,,,,
"report title:  Felony Sentences in State Courts, 1998; NCJ 190103",,,,,,,,,,,,
"data source:  National Judicial Reporting Program, 1998",,,,,,,,,,,,
"author:  Matthew Durose, David Levin, Patrick Langan",,,,,,,,,,,,
"refer questions to:  askbjs@ojp.usdoj.gov  (202) 307-0765",,,,,,,,,,,,
"date of version:  September 10, 2001",,,,,,,,,,,,
,,,,,,,,,,,,
"Table 8.  Mean sentence lengths for State felony sentences imposed, by the number and ",,,,,,,,,,,,
"category of the conviction offense, 1998",,,,,,,,,,,,
,,,,,,,,,,,,
"One conviction offense",,,,,,,,,,,,
,,,,,,"Mean maximum sentence length (in months) for felons sentenced to --",,,,,,
,,,,"Incarceration",,,,,,,,
,"Total Incarceration",,,"Prison",,,"Jail",,,"Probation",,
"Most serious conviction offense","Count","Mean",,"Count","Mean",,"Count","Mean",,"Count","Mean",
"All offenses",445910,34,"mo",282023,51,"mo",163886,6,"mo",216772,40,"mo"
,,,,,,,,,,,,
"Violent Offenses",84700,62,"mo",60935,82,"mo",23765,7,"mo",27639,53,"mo"
"Murder /a",4956,219,,4875,223,,81,13,,254,59,
"Sexual assault /b",15603,73,,12125,88,,3479,8,,4171,68,
"Robbery",21529,74,,18071,84,,3458,11,,3804,61,
"Aggravated assault",34611,39,,20826,61,,13785,6,,15254,41,
"Other violent /c",8001,35,,5038,51,,2963,6,,4157,83,
,,,,,,,,,,,,
"Property Offenses",125123,28,"mo",79653,41,"mo",45470,6,"mo",76738,39,"mo"
"Burglary",38168,37,,26104,51,,12064,6,,14798,43,
"Larceny /d",56745,24,,34617,35,,22128,6,,33293,37,
"Fraud /e",30209,25,,18931,37,,11278,5,,28647,38,
,,,,,,,,,,,,
"Drug Offenses",164309,29,"mo",97226,45,"mo",67082,5,"mo",78032,39,"mo"
"Possession",67449,21,,37065,34,,30384,4,,35390,36,
"Trafficking",96860,36,,60162,53,,36698,6,,42642,41,
,,,,,,,,,,,,
"Weapon offenses",15745,26,"mo",9785,38,"mo",5960,6,"mo",8781,34,"mo"
,,,,,,,,,,,,
"Other offenses /f",72854,25,"mo",39786,39,"mo",33068,6,"mo",44364,40,"mo"
,,,,,,,,,,,,
,,,,,,,,,,,,
"Two or more conviction offenses",,,,,,,,,,,,
,,,,,,,,,,,,
"Most serious conviction offense",,,,,,,,,,,,
"All offenses",140389,57,"mo",104514,75,"mo",35875,5,"mo",45792,41,"mo"
,,,,,,,,,,,,
"Violent Offenses",37970,115,"mo",32185,135,"mo",5786,6,"mo",6882,48,"mo"
"Murder /a",3455,321,,3411,327,,44,10,,103,63,
"Sexual assault /b",7696,136,,6951,151,,745,7,,1168,68,
"Robbery",11094,135,,10276,144,,818,8,,865,53,
"Aggravated assault",13776,59,,10346,77,,3430,5,,4058,44,
"Other violent /c",1949,51,,1199,77,,749,7,,687,33,
,,,,,,,,,,,,
"Property Offenses",50246,38,"mo",36944,49,"mo",13302,5,"mo",19834,43,"mo"
"Burglary",24632,43,,19234,53,,5398,6,,6221,45,
"Larceny /d",10266,32,,6947,45,,3319,5,,4388,42,
"Fraud /e",15349,32,,10763,44,,4586,4,,9225,42,
,,,,,,,,,,,,
"Drug Offenses",44202,38,"mo",30449,53,"mo",13753,5,"mo",17733,38,"mo"
"Possession",8189,27,,5176,40,,3013,4,,5231,36,
"Trafficking",36014,41,,25273,56,,10741,5,,12502,39,
,,,,,,,,,,,,
"Weapon offenses",4676,39,"mo",3307,52,"mo",1369,7,"mo",1825,37,"mo"
,,,,,,,,,,,,
"Other offenses /f",8428,30,"mo",5465,43,"mo",2963,6,"mo",3455,40,"mo"
,,,,,,,,,,,,
"Note:  See notes on tables 2 and 3.  This table is based on an estimated 921,328 cases.  ",,,,,,,,,,,,
"The number of convictions pertains to current, not past, convictions.",,,,,,,,,,,,
"a/ Includes nonnegligent manslaughter.",,,,,,,,,,,,
"b/ Includes rape.",,,,,,,,,,,,
"c/ Includes offenses such as negligent manslaughter and kidnaping.",,,,,,,,,,,,
"d/ Includes motor vehicle theft.",,,,,,,,,,,,
"e/ Includes forgery and embezzlement.",,,,,,,,,,,,
"f/ Composed of nonviolent offenses such as receiving stolen property and vandalism.",,,,,,,,,,,,
