"Bureau of Justice Statistics",,,,,,,,,,,,,,
"filename:  lem9725b.csv",,,,,,,,,,,,,,
"table #:  25b",,,,,,,,,,,,,,
"report title:  Law Enforcement Management and Administrative Statistics, 1997:",,,,,,,,,,,,,,
"                  Data for Individual State and Local Agencies with 100 or More Officers    NCJ 171681",,,,,,,,,,,,,,
"data source:  1997 LEMAS survey",,,,,,,,,,,,,,
"authors:  Brian A. Reaves and Andrew L. Goldberg",,,,,,,,,,,,,,
"refer questions to:  askbjs@ojp.usdoj.gov  (202) 307-0765",,,,,,,,,,,,,,
"date of version:  3/26/99",,,,,,,,,,,,,,
,,,,,,,,,,,,,,
"Table 25b.  Community policing plans, training, personnel, and facilities ",,,,,,,,,,,,,,
"in State law enforcement agencies, 1997",,,,,,,,,,,,,,
,,,,,,,,,,,,,,
,"Agency",,"   Agency personnel receiving",,,,"   Full-time",,"    Number of full-time:",,,,"  Neighborhood/",
,"community",,"   community policing training ",,,,"   community ",,"Community ",,"  School",,"  community ",
,"policing",,"  Officer"," In-service"," Civilian",,"   policing unit",,"policing",,"  resource",,"  substations",
"Name of agency","plan",,"  recruits"," officers"," personnel",,"   personnel",,"officers",,"  officers",,"Fixed","Mobile"
,,,,,,,,,,,,,,
"Alabama Department of Public Safety","-",,"All","All","Some",," -",,0,,0,,0,0
"Alaska State Troopers","FW",,"Some","Some","Some",,"PO",,8,,0,,0,0
"Arizona Department of Public Safety","-",,"All","Some","Some",," -",,0,,0,,0,0
"Arkansas State Police","FW",,"All","Some","None",,"15",,60,,0,,12,0
"California Highway Patrol","FW",,"All","Most","None",,"DP",,0,,127,,32,0
"Colorado State Patrol","FW",,"All","All","None",,"DP",,0,,0,,35,0
"Connecticut State Police","-",,"None","None","None",," -",,0,,0,,0,0
"Delaware State Police","FW",,"All","All","None",,"12",,8,,10,,1,2
"Florida Highway Patrol","FW",,"All","Some","None",,"42",,42,,0,,1,0
"Georgia State Patrol","-",,"None","None","None",," -",,0,,23,,0,0
,,,,,,,,,,,,,,
"Idaho State Police","-",,"None","None","None",," -",,0,,1,,0,0
"Illinois State Police","FW",,"All","Most","Some",,"73",,0,,0,,0,0
"Indiana State Police","FW",,"None","Some","None",,"30",,28,,0,,0,0
"Iowa State Patrol","NF",,"All","Some","None",,"12",,12,,14,,0,0
"Kansas Highway Patrol","-",,"Some","None","None",," -",,23,,0,,0,0
"Kentucky State Police","NF",,"None","Some","None",,"PO",,0,,0,,0,0
"Louisiana State Police","-",,"All","None","None",," -",,0,,0,,0,0
"Maine State Police","-",,"None","None","None",," -",,0,,0,,0,0
"Maryland State Police","FW",,"All","All","Some",,"PO",,0,,0,,8,0
"Massachusetts State Police","FW",,"All","Most","Some",,"DP",,0,,0,,37,0
,,,,,,,,,,,,,,
"Michigan State Police","NF",,"None","Most","None",,"PO",,64,,17,,7,0
"Minnesota State Patrol","-",,"None","None","None",," -",,0,,1,,0,0
"Mississippi Highway Safety Patrol","-",,"None","None","None",," -",,0,,0,,0,0
"Missouri State Highway Patrol","FW",,"Most","Some","None",,"DP",,0,,0,,78,0
"Montana Highway Patrol","FW",,"None","Some","Some",,"5",,6,,0,,0,0
"Nebraska State Patrol","NF",,"All","Most","Some",,"DP",,0,,0,,18,0
"Nevada Highway Patrol","-",,"None","None","None",," -",,0,,0,,27,0
"New Hampshire State Police","NF",,"All","All","Most",,"PO",,0,,0,,0,0
"New Jersey State Police","NF",,"None","None","None",,"18",,18,,12,,0,0
"New Mexico State Police","-",,"Some","Some","None",," -",,0,,0,,0,0
,,,,,,,,,,,,,,
"New York State Police","FW",,"All","Some","None",,"DP",,0,,0,,70,0
"North Carolina State Highway Patrol","-",,"None","None","None",," -",,0,,0,,0,0
"North Dakota Highway Patrol","NF",,"All","Most","Some",,"PO",,3,,0,,3,0
"Ohio State Highway Patrol","-",,"None","None","None",," -",,0,,0,,0,0
"Oklahoma Highway Patrol","-",,"None","Some","None",," -",,0,,0,,0,0
"Oregon State Police","FW",,"All","All","Some",,"DP",,31,,0,,23,12
"Pennsylvania State Police","FW",,"None","None","None",,"DP",,0,,0,,0,0
"Rhode Island State Police","NF",,"None","None","None",,"DP",,0,,0,,0,0
"South Carolina Highway Patrol","-",,"None","None","None",," -",,0,,0,,0,0
"South Dakota Highway Patrol","-",,"None","None","None",," -",,0,,0,,2,0
,,,,,,,,,,,,,,
"Tennessee Department of Safety","-",,"None","None","None",," -",,0,,0,,80,0
"Texas Department of Public Safety","-",,"None","None","None",," -",,0,,0,,0,0
"Utah Highway Patrol","-",,"None","None","None",," -",,0,,0,,12,0
"Vermont State Police","NF",,"All","Some","None",,"4",,0,,0,,0,0
"Virginia State Police","NF",,"All","All","Some",,"PO",,0,,0,,0,0
"Washington State Patrol","-",,"Most","All","None",," -",,0,,0,,83,0
"West Virginia State Police","FW",,"All","All","None",,"12",,13,,0,,0,0
"Wisconsin State Patrol","-",,"None","None","None",," -",,0,,0,,0,0
"Wyoming Highway Patrol","-",,"None","None","None",," -",,0,,0,,0,16
,,,,,,,,,,,,,,
,,,,,,,,,,,,,,
"Note:   Codes for agency community policing plan are as follows:",,,,,,,,,,,,,,
,,,,,,,,,,,,,,
"   ""FW""=Agency has a formally written community policing plan.",,,,,,,,,,,,,,
"   ""NF""=Agency has a community policing plan, but it is not formally written.",,,,,,,,,,,,,,
"   ""-""=Agency does not have a community policing plan.",,,,,,,,,,,,,,
,,,,,,,,,,,,,,
"Community policing unit data include only those personnel assigned on a full-time basis.",,,,,,,,,,,,,,
"Data presented are for sworn personnel unless the agency has civilian personnel assigned to the unit.",,,,,,,,,,,,,,
"In such cases, the data are presented in a ""sworn/civilian"" format.  For agencies without a community ",,,,,,,,,,,,,,
"policing unit with personnel assigned on a full-time basis, the codes are as follows:",,,,,,,,,,,,,,
,,,,,,,,,,,,,,
"   ""DP""=Agency has specially designated personnel assigned address to this task as needed.",,,,,,,,,,,,,,
"   ""PO""=Agency has special policies or procedures that address this task, but no specially designated personnel.",,,,,,,,,,,,,,
"   ""-""=Agency has no special policies or procedures, or specially designated personnel to address this task.",,,,,,,,,,,,,,
,,,,,,,,,,,,,,
,,,,,,,,,,,,,,
,,,,,,,,,,,,,,
,,,,,,,,,,,,,,
,,,,,,,,,,,,,,
,,,,,,,,,,,,,,
,,,,,,,,,,,,,,
,,,,,,,,,,,,,,
,,,,,,,,,,,,,,
,,,,,,,,,,,,,,
,,,,,,,,,,,,,,
,,,,,,,,,,,,,,
,,,,,,,,,,,,,,
,,,,,,,,,,,,,,
,,,,,,,,,,,"            State agencies   285",,,
