Bureau of Justice Statistics,,,,,,,,
Filename: sco04t46.csv,,,,,,,,
Table 46. Active Sentencing Commissions/Sentencing Guideline Systems,,,,,,,,
"Report title: State Court Organization, 2004 NCJ 212351",,,,,,,,
Data source:  State Court Organization,,,,,,,,
Refer questions to:  askbjs@usdoj.gov   202-307-0765,,,,,,,,
Author: David  B. Rottman and Shauna M. Strickland,,,,,,,,
"Date of version: August 15, 2006",,,,,,,,

Table 46. Active Sentencing Commissions/Sentencing Guideline Systems,,,,,,,,

,,Sentencing commission characteristics,,,Sentencing guidelines,,,
State,Commission Name,Established,Membership,Responsibilities,Established,,Mandatory,Voluntary
Alabama,Sentencing Commission,2000,"16 voting members including the Chief Justice of the Supreme Court or another sitting or retired judge, governor and attorney general or their designees, 1 district attorney, 2 active or retired circuit judges, 1 active or retired district judge, 1 victim or immediate family member of a victim of a violent felony, chairs of House and Senate Judiciary Committees or their designees, 1 private criminal defense attorney, 1 other private attorney specializing in criminal law, 1 county commissioner, commissioner of Department of Corrections and chair of Board of Pardons and Parole or their designees, 1 academic; advisory council consisting of representatives from state and non-state agencies and organizations; 4-year terms, or term of public office or position","Review existing sentencing structure and recommend changes to the legislature to create a fair, efficient, and uniform system of sentencing; provide accurate information to parties involved in a criminal case about the length and nature of sentence; prevent prison overcrowding and premature release of prisoners; provide judges with flexibility and meaningful discretion in sentencing; create a wider array of sentencing options in appropriate cases; limit the discretion of district attorneys in determining the charge or crime",,/1,,Yes
Arkansas,Sentencing Commission,1993,"9 voting members composed of 3 judges, 2 prosecuting attorneys, 2 public defenders, and 2 private citizens appointed by the governor to five-year terms. The chair of the House Judiciary Committee and the Senate Judiciary Committee serve as non-voting members",Evaluate effect of sentencing laws and make revisions to sentencing standards,1994,,Yes,
Delaware,Sentencing Accountability Commission,1983,"11 members including 4 members of the judiciary appointed by the Chief Justice; attorney general or designee; public defender or designee; commissioner of corrections; 4 other members-at-large with knowledge of Delaware sentencing practices, including 2 appointed by governor, 1 by president pro tempore of senate, and 1 by speaker of the house; 4-year terms","Develop and recommend sentencing guidelines emphasizing accountability of the offender to the criminal justice system and accountability of the criminal justice system to the public, and ensuring certainty and consistency of punishment commensurate with seriousness of offense and with due regard for resource availability and cost",1987,,,Yes
District of Columbia,Sentencing Commission,1998,N/S,"Conduct an annual review of sentencing data, policies, and practices in the District of Columbia; ensure appropriateness of all felony sentences; provide for the use of intermediate sanctions in appropriate cases; make such other recommendations appropriate to enhance the fairness and effectiveness of criminal sentencing policies and practices",2000,,N/S,N/S
Kansas,Sentencing Commission,1989,"17 members including 3 judges, 1 representative of the attorney general, chief court service officer, 1 community corrections representative, 1 corrections representative, 1 defense attorney, 1 Parole Board representative, 1 district attorney, 1 public defender, 4 legislators, and 2 members of the public appointed by the governor",Implement and enforce Kansas Sentencing Guidelines,7/1/1993,,Yes May deviate with sufficient justification,
Kentucky,Blue Ribbon Commission on Sentencing,2005,N/S,N/S,~,,~,~
Louisiana,Sentencing Commission,1987,"19 voting members including 1 house member appointed by house speaker, chairman of House Committee on Administration of Criminal Justice, 1 senate member appointed by senate president, chairman of Senate Committee on Judiciary; 2 district attorneys, 2 criminal defense attorneys, 2 sheriffs, 1 Court of Appeal judge, 5 District Court judges, 1 City Court judge, 1 Supreme Court justice, 1 felony victim or family member of felony victim, all appointed by governor subject to senate confirmation and serving terms concurrent with that of governor; 4 nonvoting members",Conduct annual review of state sentencing structure; recommend legislation to achieve a uniform sentencing policy,1/1/1992,/2,,?
Maryland,State Commission on Criminal Sentencing Policy,1999,"19 members including chairman appointed by governor; chief judge of Court of Appeals or designee who is a judge or former judge of the Court of Appeals or the Court of Special Appeals; 1 Circuit Court judge; 1 District Court judge; attorney general or designee; 1 state�s attorney; public defender or designee; 1 criminal defense attorney; 2 senate members, including at least 1 member of Senate Judicial Proceedings Committee, appointed by senate president; 2 house members, including at least 1 member of House Judiciary Committee, appointed by house speaker; secretary of Department of Public Safety and Correctional Services or designee; 1 representative from Victims� Advocacy Group, 1 representative from law enforcement, 1 expert in criminal justice or corrections policy, 1 representative of local correctional facilities, and 2 representatives of the public, appointed by governor; staggered 4-year terms",Adopt existing sentencing guidelines for sentencing within the limits established by law; adopt guidelines to identify defendants appropriate for participation in corrections options programs; monitor circuit court sentencing practice and adopt changes to the guidelines consistent with legislative intent; conduct guidelines training and orientation for system participants and other interested parties; provide formal fiscal and statistical information on proposed legislation concerning sentencing and correctional practice,1983,,,Yes
Massachusetts,Sentencing Commission,1994,"9 voting members and 6 nonvoting members including judicial representatives, attorneys, and law enforcement officers",Recommend Guideline system to legislature and provide other evaluations of sentencing efficiency,~,,~,~
Michigan,Guidelines Advisory Committee,1995,"19 members including legislators, judges, law enforcement and corrections officers, and private citizens","Review, revise and recommend guidelines to legislature",1998,,Yes May depart with reason,
Minnesota,Sentencing Guidelines Commission,1978,"Chief Justice of the Supreme Court, 1 Court of Appeals judge, 2 District Court judges appointed by the Chief Justice, public defender, county attorney, representatives from law enforcement and corrections, and 2 members of the public chosen by the governor.  4 year terms",Establish guidelines and modify as necessary,1978,,Yes  May depart from guidelines only with written justification,
Missouri,Sentencing Advisory Commission,1990,"11 including 1 appointment by speaker of house, 1 by president pro tem of senate, 6 by governor from following:  Public Defender Commission; citizens' organizations; Board of Probation and Parole; prosecutors, and members of state bar.  2 members appointed by Supreme Court",Establish system of recommended sentences and study its implementation,1995,,,Yes
New Jersey,Commission to Review Criminal Sentencing,2004,"15 members including 2 senate members from different political parties, appointed by senate president; 2 general assembly members from different political parties appointed by speaker; attorney general or designee; commissioner of corrections or designee; public defender or designee; Chief Justice or designee; chairman of state Parole Board or designee; president of New Jersey County Prosecutors Association or representative; president of New Jersey State Bar association or representative; 1 public member appointed by senate president; 1 public member appointed by speaker of general assembly; 2 public members from different political parties, appointed by governor; members serve during their terms of public office or until the commission expires ",Review statutory law pertaining to criminal sentences and make recommendations for legislation to ensure these sentences are fair and proportionate to other sentences imposed for criminal offenses,~,,~,~
New Mexico,Sentencing Commission,2003,23 members including representatives of all 3 branches of government and community organizations,"Advise executive, judicial, and legislative branches on policy matters relating to criminal and juvenile justice; make recommendations to the legislature to improve the criminal and juvenile justice systems; annually assess, monitor, and report to the legislature on the impact of any enacted sentencing standards and guidelines on state and local correctional resources and programs and the need for further sentencing reform; monitor any enacted sentencing guidelines with respect to uniformity and proportionality; conduct research; review proposed legislation and conduct impact estimates",~,,~,~
North Carolina,Sentencing and Policy Advisory Commission,1990,"28 members: Chief Justice appointee (chair); 1 judge each:  Court of Appeals, Superior Court, District Court; 3 each:  house and senate; attorney general; 1 each:  district attorney, defense attorney, sheriff, police chief, county commissioner; 1 representative each:  academic, bar, business, community sentencing, corrections, Crime Control and Public Safety Department, Justice Fellowship Task Force, Parole Commission, public, Victim Assistance Network; 1 appointee each:  lieutenant governor, commission chair.","Revamp sentencing laws by recommending structured sentencing policies; develop comprehensive community corrections strategy; outline correctional costs; study restitution policies, evaluate sentencing laws and policies, and availability of sentencing options; develop corrections simulation model; gather/maintain statistical data; report on recidivism",Adopted 7/1/1993; effective 1/1/1995,,Yes,
Ohio,Criminal Sentencing Commission,1991,"31 members:  Chief Justice of Supreme Court, 1 appellate judge, 3 Municipal or County Court judges, 6 Court of Common Pleas judges (3 must be juvenile judges), superintendent of state highway patrol, state public defender, director of youth services, director of rehabilitation and corrections, sheriff; 1 county prosecutor; 1 municipal prosecutor, 1 juvenile prosecutor, 2 defense attorneys, 2 police chiefs, 1 crime victim, 1 state bar member, 1 county commissioner, 1 mayor, 2 senators; 2 representatives","Recommends/implements sentencing structure; study criminal statutes, sentencing patterns, and correctional study impact of sentencing structure; review and advise General Assembly in implementation/ revision of laws",7/1/1996,,Yes,
Oklahoma,Sentencing Commission,1997,"10 members, staggered 5 year terms:  1 Supreme Court justice; 1 indigent defender; 2 state representatives (1 Rep & 1 Dem); 2 state senators (1 Rep & 1 Dem); 1 DA; AG; director of state finance; 1 defense attorney is gubernatorial appointee",Establish sentencing criteria; classify criminal offenses; promulgate matrices; long-range planning/recommendations; monitor and review criminal justice and corrections system; review proposed legislation; collect and maintain statistical data,1998,,Yes,
Oregon,Criminal Justice Commission,1985,7 voting members; 1 senator and 1 representative as nonvoting members: 4-year term.  No more than 4 members from either political party or geographic region,"Amends sentencing guidelines, develops and maintains state criminal justice policy",11/1/1989,,Yes  May deviate for compelling reasons,
Pennsylvania,Commission on Sentencing,1978,"11 members:  2 members of house and 2 from the senate, 4 judges of record chosen by the Chief Justice, a district attorney, a defense attorney, and a professor of law or criminologist chosen by the governor.  2-year terms","Adopts guidelines for sentencing, systematically monitors compliance with guidelines and mandatory sentencing laws. Also serves as a clearinghouse for sentencing practices and in a consulting capacity to courts and state agencies. Makes recommendations to general assembly on sentencing/corrections and studies effectiveness of sentencing",1982 (Revised 1988),,Yes,
South Dakota,Corrections Commission,,"9 members, including 3 appointed by the governor from industry, retail, and labor; 2 senators, 1 from each political party; 2 house members, 1 from each political party; 2 appointed by the Chief Justice of the Supreme Court; each member serves at the pleasure of the appointing authority","Assist Department of Corrections in examining criminal justice issues and developing initiatives to address problems in corrections and the criminal justice system; undertake a continuing study of criminal sanctions in South Dakota, which shall include a review of current felonies, felony sentences, and sentencing options",~,,~,~
Utah,Sentencing Commission,1983,"27 members: 2 members of house and senate, representatives from corrections, Board of Pardons, legal defender, attorney general, sheriff's association, police, a rehabilitation professional, 2 victim's rights members, a citizen, 3 judges, one appellate, the director of youth corrections, chair of Youth Parole Authority, 2 juvenile judges, a juvenile prosecutor, and juvenile rehabilitation professional","Develop guidelines and propose recommendations to Legislature, Governor, and Judicial Council about sentencing and release policies for juveniles and adults; enhance discretion of judges while preserving role of Board of Pardons",7/1/1985 (revised 1988),,Yes  May deviate for compelling reasons,
Virginia,Criminal Sentencing Commission,1994,"17 members:  6 judges/justices, attorney general, 1 person appointed by Chief Justice as chairperson, 3 people appointed by the speaker of the house of delegates, 2 people appointed by the Senate Committee on Privileges and Elections, and 4 people appointed by the governor","Develop statewide guidelines; prepare worksheets to record reasons for departure; prepare guidelines for determining appropriate candidates for alternative sanctions; develop risk assessment instrument; forecasts, study felony statutes for judge and jury sentencing; report on work annually to the General Assembly, Governor, and Chief Justice",1995,,,Yes
Washington,Sentencing Guidelines Commission,1981,"20 members include directors of corrections and financial management, chairman of Indeterminate Sentence Board, 2 prosecuting attorneys, 2 defense attorneys, 4 Superior Court judges, 4 lay persons, one chief law enforcement officer, 1 county elected government official, 1 city elected government official, 1 administrator of Juvenile Court Services",Evaluate state sentencing policy; recommend changes in sentencing ranges to state legislature; study criminal code and propose changes; serve as information center for sentencing practices; assume powers/duties of juvenile dispositions standards commission; evaluate disposition standards; solicit comments and make recommendations; report to governor and legislature on 1) racial disproportionality in sentencing; 2) facility capacity; and 3) recidivism rates,1984,,Yes  Must impose within range unless a substantial and compelling reason for departure is found.,
Wisconsin,Sentencing Commission,2002,21 members representing criminal justice agencies and groups from across the state,"Provides sentencing data and information to courts, policymakers, practitioners, and the public; makes recommendations about sentencing policy to all three branches of state government",2002,/3,,Yes

Legend:,,,,,,,,
N/S=Not stated,,,,,,,,
~=Not applicable,,,,,,,,

Note: Only those states with Sentencing Commissions/Sentencing Guidelines are included in this table.,,,,,,,,

DEFINITION:,,,,,,,,
Commissions may be either a body that reviews actual individual sentences (review) or a policy-making body that develops and maintains guidelines for future use (advisory).,,,,,,,,

Alabama:,,,,,,,,
"1/The deadline to recommend is either 2006 or 2008 (a revision has passed in the House, but may not have reached the Senate).  Some or all of the guidelines were recommended in 2004 and passed by the House in 2005, but may not have reached a vote in the Senate."

Louisiana:
2/The advisory sentencing guidelines became voluntary in 1995.

Wisconsin:
3/Temporary advisory sentencing guidelines were enacted in 2002. 
