Bureau of Justice Statistics,,,,,,,,,,,,,,,,,,,,,,,,
Filename: sco04t32.csv,,,,,,,,,,,,,,,,,,,,,,,,
Table 32.  Specialized Court Jurisdiction: Family Courts,,,,,,,,,,,,,,,,,,,,,,,,
"Report title: State Court Organization, 2004 NCJ 212351",,,,,,,,,,,,,,,,,,,,,,,,
Data source:  State Court Organization,,,,,,,,,,,,,,,,,,,,,,,,
Refer questions to:  askbjs@usdoj.gov   202-307-0765,,,,,,,,,,,,,,,,,,,,,,,,
Author: David  B. Rottman and Shauna M. Strickland,,,,,,,,,,,,,,,,,,,,,,,,
"Date of version: August 15, 2006",,,,,,,,,,,,,,,,,,,,,,,,

Table 32.  Specialized Court Jurisdiction: Family Courts,,,,,,,,,,,,,,,,,,,,,,,,

,,,,,,Domestic Relations Jurisdiction,,,,,,,,Juvenile Jurisdiction,,,,,Probate Jurisdiction,,,Civil Jurisdiction,Criminal Jurisdiction,
State,,Court (year founded),,Locality,,Marriage Dissolution,Paternity,Custody/ Visitation,Support,Adoption,Protection Order,Other,,Abuse/ Neglect,Dependency,Termination of Parental Rights,Other,,Guardianship,Other,,Mental Health,Domestic Violence,Other
Alabama,,Circuit (varies),,8 circuits,,Yes,,Yes,Yes,,,Yes,/1,,,,,,,,,,,
Arizona,,Superior (N/S),,1 county,,Yes,Yes,Yes,Yes,,Yes,,,,,,,,,,,,,
California,,Superior (N/S),,Statewide,,Yes,Yes,Yes,Yes,Yes,Yes,,,,Yes,Yes,,,Yes,,,,,
Colorado,,District (1997),,3 districts,,Yes,Yes,Yes,Yes,Yes,Yes,,,Yes,Yes,Yes,,,,,,,,,
Delaware,,Independent (1971),,Statewide,,Yes,Yes,Yes,Yes,Yes,Yes,,,Yes,Yes,Yes,,,Yes,,,,Yes,Yes,/2
District of Columbia,,Superior (1970),/3,District,,Yes,Yes,Yes,Yes,Yes,,,,Yes,Yes,Yes,,,Yes,Yes,/4,,,Yes4,
Florida,,Circuit (1992),,Statewide,,Yes,Yes,Yes,Yes,Yes,Yes,,,,,,,,,Yes,/5,,,,
Georgia,,Superior (1998),,1 county,,Yes,Yes,Yes,Yes,Yes,Yes,,,Yes,Yes,Yes,,,Yes,,,,,Yes,/6
Hawaii,,Circuit (1965),,Statewide,,Yes,Yes,Yes,Yes,Yes,Yes,,,Yes,Yes,Yes,Yes,/7,Yes,Yes,/7,Yes,Yes,Yes,/7
Illinois,,Circuit (1986),,1 county,,Yes,,Yes,Yes,,Yes,,,Yes,,,Yes,/8,,,,,,,
Indiana,/9,Trial courts (2001),,17 counties,,,Yes,,,,,,,,Yes,,Yes,/10,,,,,,,
Kentucky,,Circuit (1991),/11,42 counties,,Yes,Yes,Yes,Yes,Yes,Yes,,,Yes,Yes,Yes,Yes,/12,,,,,,,
Louisiana,,District (1954),,3 Parishes,,Yes,Yes,Yes,Yes,,,,,,,,,,,,,,,,
Maine,,District (1998),,Statewide,,Yes,Yes,,Yes,,Yes,,,,,Yes,,,,,,,,,
Maryland,,Circuit (1997),,5 counties,/13,Yes,Yes,Yes,Yes,Yes,Yes,,,,Yes,Yes,,,Yes,,,,Yes,Yes,/14
Massachusetts,,Independent (1978),,Statewide,,Yes,Yes,Yes,Yes,Yes,Yes,Yes,/15,,Yes,Yes,,,Yes,Yes,/15,,,,
Michigan,,Circuit (1998),,Statewide,,Yes,Yes,Yes,Yes,Yes,Yes,,,,Yes,Yes,Yes,/16,Yes,Yes,/16,,,Yes,/16
Minnesota,,District (1971),,2 districts,,Yes,Yes,,,,,,,,,,,,,,,,,Yes,/17
Mississippi,,District (N/S),,1 county,,Yes,,,Yes,Yes,,,,,,,,,,Yes,/18,Yes,,,
Missouri,,Circuit (1993),,12 counties,,Yes,Yes,Yes,Yes,Yes,Yes,,,Yes,Yes,Yes,Yes,/19,,Yes,/19,,,Yes,/19
Nevada,,District (1991),,2 districts,,Yes,Yes,Yes,Yes,Yes,Yes,,,Yes,Yes,Yes,,,Yes,Yes,/20,,,Yes,/20
New Hampshire,,Independent (1996),,2 counties,,Yes,Yes,Yes,Yes,Yes,Yes,,,Yes,Yes,Yes,Yes,/21,Yes,Yes,/21,,,,
New Jersey,,Superior (1983),,Statewide,,Yes,Yes,Yes,Yes,Yes,Yes,Yes,/22,Yes,Yes,Yes,Yes,/22,,,,,Yes,Yes,/22
New Mexico,,District (N/S),,3 districts,/23,Yes,Yes,Yes,Yes,,Yes,,,,,Yes,,,,,,,Yes,,
New York,,Independent (1962),,Statewide,,,Yes,Yes,Yes,,,,,Yes,Yes,Yes,Yes,/24,,,,Yes,,,
North Carolina,,District (1999),,16 counties,,Yes,Yes,Yes,Yes,Yes,Yes,,,Yes,,Yes,Yes,/25,Yes,,,Yes,,,
Ohio,/26,Common Pleas (1953),,83 counties,,,,,,,,Yes,/26,,,,Yes,/26,,Yes,/26,,,,
Oklahoma,,District (1997),,2 districts,,Yes,Yes,Yes,Yes,,,,,,,Yes,,,,,,,,,
Oregon,,Circuit (1993),,8 counties,/27,Yes,Yes,Yes,Yes,Yes,Yes,,,Yes,Yes,Yes,,,Yes,,,Yes,Yes,,
Pennsylvania,,Common Pleas (1978),,Local,,Yes,Yes,Yes,Yes,Yes,,,,Yes,Yes,Yes,Yes,/28,,,,,,,
Rhode Island,,Independent (1961),,Statewide,,Yes,Yes,Yes,Yes,Yes,Yes,,,,Yes,Yes,Yes,/29,Yes,Yes,/29,Yes,,Yes,/29
South Carolina,,Independent (1977),,Statewide,,Yes,Yes,Yes,Yes,Yes,Yes,,,Yes,,Yes,Yes,/30,,Yes,/30,,,Yes,/30
Vermont,,Independent (1990),,Statewide,,Yes,Yes,Yes,Yes,Yes,Yes,,,Yes,Yes,Yes,,,,Yes,/31,Yes,,Yes,/31
Washington,,Superior (1949),,Statewide,,Yes,Yes,Yes,Yes,Yes,Yes,,,Yes,Yes,Yes,,,,,,Yes,Yes,,
West Virginia,,Circuit (2002),,Statewide,,Yes,Yes,Yes,Yes,,Yes,,,,,,,,,,,,,,

Legend:,
N/S=Not stated,
Yes=Yes (blank spaces indicate that the court does not have jurisdiction for that case type),

Note: Only those states with Family Courts are included in this table.,

Alabama:,
1/Other domestic relations jurisdiction includes all other domestic and marital matters over which the Circuit Court has jurisdiction.,

Delaware:,
2/Other criminal jurisdiction includes criminal non-support.,

District of Columbia:,
"3/The Family Court Act of 2001 resulted in a substantial reform of the Family Division and re-designation of the Family Division as the Family Court.  Moreover, the Act fundamentally changed the manner in which the Superior Court manages its family cases by establishing the position of magistrate judge, requiring a one family-one judge approach, and requiring longer terms of service for judges who serve on the Family Court.  Notwithstanding these sweeping changes, the jurisdiction of the new Family Court remains the same.",
"4/Other probate jurisdiction includes name changes, and other criminal jurisdiction includes criminal non-support.",

Florida:,
5/Other probate jurisdiction includes name changes.,

Georgia:,
6/Other criminal jurisdiction includes criminal non-support and legitimacy child molestation.,

Hawaii:,
"7/Other juvenile jurisdiction includes juvenile law violations and status offenses, other probate jurisdiction includes withholding or withdrawal of life-sustaining medical procedures, and other criminal jurisdiction includes family-related crimes.",

Illinois:,
8/Other juvenile jurisdiction includes juvenile delinquency.,

Indiana:,
"9/In 2001, Indiana initiated the �Family Court Project,� which links cases involving a family or household for purposes of case coordination. The individual cases maintain their separate integrity and separate docket number, but may be given a common family court designation. The individual cases may all be transferred to one judge, or may remain in the separate courts in which they were originally filed. Currently, 17 counties participate.",
10/Other juvenile jurisdiction includes juvenile delinquency and status offenses.,

Kentucky:
"11/With an affirmative vote from the public, Family Court became a constitutional division of Circuit Court in 2002."
12/Other juvenile jurisdiction includes status offenses.

Maryland:
13/There are family coordinators in the remaining 19 counties. All family matters are heard in the Circuit Courts.
14/Other criminal jurisdiction is criminal non-support.

Massachusetts:
"15/Other domestic relations jurisdiction includes general equity and real property partitions.  Other probate jurisdiction includes probate of wills, administration of trusts and estates, appointment of conservators, and name changes."

Michigan:
"16/Other juvenile jurisdiction includes minor abortions, other probate jurisdiction includes name changes, and other criminal jurisdiction includes criminal non-support."

Minnesota:
17/Other criminal jurisdiction includes criminal non-support.,

Mississippi:,
"18/Other probate jurisdiction includes estates, name changes, and insurance settlements to minors.",

Missouri:,
"19/Other juvenile jurisdiction includes status offenses and delinquency.  Other probate jurisdiction includes name changes.  Other criminal jurisdiction includes misdemeanors, as transferred.",

Nevada:,
20/Other probate jurisdiction includes name changes and other criminal jurisdiction includes criminal non-support.,

New Hampshire:,
21/Other juvenile jurisdiction includes juvenile delinquency and other probate jurisdiction includes name changes.,

New Jersey:,
"22/Other domestic relations jurisdiction includes termination of domestic partnerships.  Other juvenile jurisdiction includes juvenile delinquency.  Other criminal jurisdiction includes criminal non-support, violation of certain restraining orders, and interference with custody.",

New Mexico:,
23/Currently requesting three new judges in the upcoming legislature session to serve as Family Court Judges.,

New York:,
24/Other juvenile jurisdiction includes juvenile delinquency.,

North Carolina:,
25/Other juvenile jurisdiction includes juvenile delinquency and abortion consent waivers.,

Ohio:,
"26/Specific case type jurisdiction not stated, but there are 19 courts with domestic relations jurisdiction only, six courts with domestic relations and juvenile jurisdiction, 11 courts with juvenile jurisdiction only, 64 courts with juvenile and probate jurisdiction, and three courts with domestic relations, juvenile, and probate jurisdiction.",

Oregon:,
"27/Nineteen of 27 districts have family law facilitation programs (to help litigants, especially pro se) navigate the system.",

Pennsylvania:
28/Other juvenile jurisdiction includes juvenile delinquency.

Rhode Island:
"29/Other juvenile jurisdiction includes minor requests for abortion.  Other probate jurisdiction includes name changes and withholding or withdrawal of life-sustaining medical procedures, and other criminal jurisdiction includes criminal non-support."

South Carolina:
"30/Other juvenile jurisdiction includes juvenile delinquency and abortions for minors, other probate jurisdiction includes name changes, and other criminal jurisdiction includes criminal non-support."

Vermont:
"31/Other probate jurisdiction includes name changes, and other criminal jurisdiction includes criminal non-support."
