Bureau of Justice Statistics,,,,,,,,,,,
Filename: sco04t38.csv,,,,,,,,,,,
Table 38.  Grand Juries: Composition and Function,,,,,,,,,,,
"Report title: State Court Organization, 2004 NCJ 212351",,,,,,,,,,,
Data source:  State Court Organization,,,,,,,,,,,
Refer questions to:  askbjs@usdoj.gov   202-307-0765,,,,,,,,,,,
Author: David  B. Rottman and Shauna M. Strickland,,,,,,,,,,,
"Date of version: August 15, 2006",,,,,,,,,,,

Table 38.  Grand Juries: Composition and Function,,,,,,,,,,,

State,,Indictment Required for all Felonies?*,,Grand jury size,,Size of Quorum,,Number Needed to Indict,,Statutory Term,Special Civil Duties
Alabama,,Yes,,18,,13,,12,,"Less than 50,000 population, not less than two per year; over 50,000 population, minimum of four per year","Inspect jails, examine county treasurer and education superintendent bookkeeping"
Alaska,,Yes,,12 to 18,,12,,Majority,,"Up to four months, unless extended for good cause",Investigate and make recommendations about public safety and welfare
Arizona,,,,12 to 16,,9,,9,,"County grand jury, up to 120 days; statewide grand jury, six months",Investigate corruption of public officers
Arkansas,,,,16,,12,,12,,1 year maximum,"Inspect prisons, investigate corruption of public officers"
California,,,,23/19/11,/1,14/12/8,/1,14/12/8,/1,1 year,"Investigate operation of local government, public records"
Colorado,,,,23/12,/2, 12/9,/2, 12/9,/2,"12 months, may be extended by six months",~
Connecticut,,,, 1/3,/3,~,,~,,Varies,~
Delaware,,Yes,,15/10,/4, 9/7,/4, 9/7,/4,"Serve for three months in NCC, and one year in Kent and Sussex",~
District of Columbia,, Yes,/5,16 to 23,,16,,12,,"Up to 18 months, may be extended by six months",~
Florida,, Yes,/6,15 to 21,/7,12,,12,,"12 months, may be extended by six months","Investigate political corruption, election rules violations"
Georgia,,,,16 to 23,,16,,12,,Coterminous with term of court for which summoned,"Inspect jails, public buildings, offices of superior and probate courts, county treasurer, district attorney, school superintendent; appoint committee to inspect other county offices and officers"
Hawaii,,,,16,,8,,"3/4, but not less than 8 of the jurors present",,1 year,~
Idaho,,,,16,,12,,12,,6 months,~
Illinois,,,,16,,12,,9,,18 months maximum,Inspect jails
Indiana,,,,6,,5,,5,,"Up to six months, may be extended up to two years",Submit status report on county homes and correctional facilities
Iowa,,,,7,,5,,5,,"1 year, may be extended until investigation completed","Inspect public prisons, county institutions, places of detention, investigate misconduct of public officers"
Kansas,,,,15,,12,,12,,"3 months, may be extended to six",~
Kentucky,,,,12,,9,,9,,"20 court days, 90 days for special grand jury","Investigate public corruption, election rules violations"
Louisiana,,,,12,,9,,9,,"4 to 8 months, one year in Cameron Parish",Inspect jails and other public facilities
Maine,,Yes,,13 to 23,,13,,12,,1 year maximum,~
Maryland,,,,23,,13,,12,,Coterminous with term of court for which summoned,Inspect local jail conditions
Massachusetts,,,,23,,12,,12,,"3 months, may be extended",~

Michigan,/8,,,13 to 17,,13,,9,,"6 months, may be extended up to one year",~
Minnesota,,,,16 to 23,,16,,12,,1 year maximum,"Inspect prison management, investigate public corruption"
Mississippi,,Yes,,20,,15,,12,,6 months,"Inspect county offices, jails, tax books "
Missouri,,,/9,12,,12,,9,,Up to six months; may be extended 60 days to complete work,"Inspect public buildings, investigate conduct of public officers"
Montana,,,,11,,11,,8,,Varies,"Inspect prisons, county books and records, investigate public corruption"

Nebraska,,,,16,,12,,12,,Varies,Inspect county jails
Nevada,/10,,,17,,12,,12,,1 year,"Inspect prisons and public records, investigate conduct of public officers"
New Hampshire,,Yes,,23,,12,,12,,30 days maximum,
New Jersey,,Yes,,23,,12,,12,,20 weeks maximum,Investigate public affairs and conditions
New Mexico,,,,12,,12,,8,,3 months,Inspect jails
New York,,Yes,,16 to 23,,16,,12,,No set term,Investigate conduct of public officers
North Carolina,,Yes,,12 to 18,,12,,12,,"1 year (if judge finds burden on jurors and their employers is too great, may fix term at six months)",Inspect jails and other county offices or agencies
North Dakota,,,,8 to 11,,8,,6,,10 days,"Inspect prisons, investigate public corruption"
Ohio,,Yes,,15,,9,,12,,"Up to four months, may be extended to nine months",Inspect jails
Oklahoma,,,,12,,12,,9,,"18 months, may be extended by six months","Investigate public officer conduct, prison management"
Oregon,,,,7,,5,,5,,Varies by county,Inspect jails and youth detention facilities
Pennsylvania,,,,23,,15,,~,,"18 months, may be extended by six months",~
Puerto Rico,,N/S,,N/S,,N/S,,N/S,,N/S,N/S
Rhode Island,, Yes,/11,13 to 23,,13 to 23,,12,,18 months maximum,~
South Carolina,,Yes,,18,,12,,12,,2 year maximum,Investigate conduct of public officers
South Dakota,,,,6 to 10,,6,,6,,18 months maximum,"Inspect prisons, investigate conduct of public officers, examine public records"
Tennessee,,Yes,,13,,12,,12,,Foreperson serves for two years.  The other 12 serve until dismissed by the judge or until the next term.,"Inspect conditions and management of prisons and other county buildings, investigate conduct of public officers, inquire into county treasury"
Texas,,Yes,,12,,9,,9,,Varies,~
Utah,,,,9 to 15,,9,,3/4 of jury,,"18 months, may be extended by six months",~
Vermont,,,,18 to 23,,18,,12,,6 months,~
Virginia,,Yes,,5 to 7,,5,,4,,"1 year, may be extended by six months",~
Washington,,,,12,,12,,3/4 of jury,,"60 days, may be extended by 60 days",Investigate public corruption
West Virginia,,Yes,,16,,15,,12,,"1 term (4 months), may be extended",~

Wisconsin,/12,,,17,,14,,12,,"31 consecutive days, or time necessary to complete proceedings",~
Wyoming,,,,12,,9,,9,,"Up to 1 year, may be extended by six months",Inspect jails

Legend:,,,,,,,,,,,
~=Not applicable,,,,,,,,,,,
N/S=Not stated,,,,,,,,,,,
Yes=Yes,,,,,,,,,,,

*Unless waived by the accused,,,,,,,,,,,
"""No""=not required, but available",,,,,,,,,,,

"Note: Grand juries in all states have the power to investigate crimes. In all but two states, Connecticut and Pennsylvania, grand juries also return indictments.",,,,,,,,,,,

California:,,,,,,,,,,,
"1/In counties with populations exceeding four million, there are 23 members on a grand jury, with 14 as the number needed for a quorum and to indict; in counties having a population less than 20,000, there are 11members on the grand jury, with eight as the number needed for a quorum and to indict; in all other counties, there are 19 members on the grand jury, with 12 as the number needed for a quorum and to indict.",,,,,,,,,,,

Colorado:
"2/Upon motion by district attorney and for good cause, a grand jury may consist of 23 jurors, with 12 as the number needed for a quorum and to indict; otherwise, grand juries consist of 12 members, with nine as the number needed for a quorum and to indict."

Connecticut:
3/The grand jury is composed of judges.

Delaware:
"4/In New Castle County a grand jury consists of 15 members, with indictment by nine.  In Kent and Sussex Counties a grand jury is composed of 10 members, with indictment by seven."

District of Columbia:
5/A defendant may waive his/her right to a grand jury in non-capital cases.

Florida:
"6/A grand jury indictment is required for capital felonies, but optional for other felonies."
"7/Statewide, a grand jury consists of 18 jurors, with15 as the number needed for a quorum, and 12 as the number needed to indict."

Michigan:
"8/For multi-county grand juries, the Court of Appeals shall designate the number of jurors to be drawn. (MCL 767.7e)"

Missouri:
9/Grand juries may be called by the Circuit Court.

Nevada:
"10/Every public offense must be prosecuted by indictment or information, except removal of civil officer, offenses arising in militia, and offenses tried in municipal or justice court."

Rhode Island:
11/A grand jury indictment is required in capital and life imprisonment cases only.

Wisconsin:
"12/Wisconsin has not convened a grand jury in at least 30 years, although the grand jury statute is still on the books.  As a practical matter, it serves no function."
