Bureau of Justice Statistics,
Filename:aus8009f17.csv,
Figure 17. Simple assault arrest rates,
Report title: Arrest in the U.S. 2009,
"Data source: FBI Age, Sex, and Race Summarized Yearly Arrest Master Files ",
Author: Howard N. Snyder Ph.D.,
Refer questions to: askbjs@usdoj.gov 202-307-0765,
Date of release: 9/22/2011,
,
Figure 17. Simple assault arrest rates,
,
,Arrest Rate/a
,All Persons
1980,215
1981,215.4
1982,234.6
1983,234.2
1984,223.5
1985,268
1986,296.1
1987,324.9
1988,368.8
1989,396.6
1990,406.3
1991,411.6
1992,419
1993,440.5
1994,465
1995,484.6
1996,493.3
1997,511.9
1998,485.3
1999,463.9
2000,465
2001,461.6
2002,447.8
2003,429.4
2004,438.4
2005,440
2006,437.3
2007,433
2008,426.6
2009,429.8
,
"a/Arrest rate is the estimated number of arrests per 100,000 persons in reference group in resident population.",
