Bureau of Justice Statistics,,
Filename:aus8009f10.csv,,
"Figure 10. Robbery arrest rates, by sex",,
Report title: Arrest in the U.S. 2009,,
"Data source: FBI Age, Sex, and Race Summarized Yearly Arrest Master Files ",,
Author: Howard N. Snyder Ph.D.,,
Refer questions to: askbjs@usdoj.gov 202-307-0765,,
Date of release: 07/28/2011,,
,,
"Figure 10. Robbery arrest rates, by sex",,
,,
,Arrest Rate/a,
,Males,Females
1980,123.2,8.8
1981,128.2,9.3
1982,129.8,9.7
1983,119.2,8.9
1984,112.3,8.1
1985,109.4,8.4
1986,115.1,9.2
1987,107.8,9
1988,114.6,10
1989,125.5,11.1
1990,126.6,10.9
1991,129,11.3
1992,126.7,11.2
1993,124.8,11.4
1994,121.6,11.8
1995,119.7,11.8
1996,107.1,11
1997,89.5,9.3
1998,80.4,8.7
1999,71.6,7.7
2000,69,7.4
2001,69.7,7.4
2002,67.2,7.3
2003,67.6,7.5
2004,67.3,8
2005,70,8.4
2006,75.8,9.3
2007,75.4,9.6
2008,76.3,9.7
2009,73.8,9.6
,,
"a/Arrest rate is the estimated number of arrests per 100,000 persons in reference group in resident population.",,
