Bureau of Justice Statistics,,
Filename:aus8009f19.csv,,
"Figure 19. Simple assault arrest rates, by age group",,
Report title: Arrest in the U.S. 2009,,
"Data source: FBI Age, Sex, and Race Summarized Yearly Arrest Master Files ",,
Author: Howard N. Snyder Ph.D.,,
Refer questions to: askbjs@usdoj.gov 202-307-0765,,
Date of release: 9/22/2011,,
,,
"Figure 19. Simple assault arrest rates, by age group",,
,,
,Arrest Rate/a,
,Juvenile/b,Adult
1980,137.2,245.3
1981,133.7,246.4
1982,140,269.8
1983,140,268.6
1984,132,256.4
1985,154.6,308.5
1986,164.6,342.7
1987,180.9,375.6
1988,200.9,427.4
1989,221.2,457.3
1990,232.8,466.3
1991,250.3,467.7
1992,258.1,475.3
1993,278.8,497.3
1994,309.4,519.9
1995,314.4,544.7
1996,334.8,549.2
1997,345,570.6
1998,332.7,538.7
1999,321,513.5
2000,323.6,513.8
2001,330.4,506.5
2002,324.2,489.8
2003,328.3,463.5
2004,341,471.1
2005,338.5,473.8
2006,337.2,470.3
2007,324.5,468.4
2008,311.6,463.8
2009,294.7,473.1
,,
"a/Arrest rate is the estimated number of arrests per 100,000 persons in reference group in resident population.",,
b/ Juvenile is defined as persons under the age of 18.,,
