Bureau of Justice Statistics,,
Filename:aus8009f34.csv,,
"Figure 34. Weapon law violations arrest rates, by sex",,
Report title: Arrest in the U.S. 2009,,
"Data source: FBI Age, Sex, and Race Summarized Yearly Arrest Master Files ",,
Author: Howard N. Snyder Ph.D.,,
Refer questions to: askbjs@usdoj.gov 202-307-0765,,
Date of release: 9/22/2011,,
,,
"Figure 34. Weapon law violations arrest rates, by sex",,
,,
,Arrest Rate/a,
,Males,Females
1980,140.4,10
1981,149.6,11
1982,158.7,12.5
1983,145.7,11.6
1984,143.2,11
1985,144.4,11.3
1986,151,11.4
1987,150.2,11.7
1988,172,13.6
1989,172.8,13.7
1990,168.2,12.9
1991,174.8,12.8
1992,176.7,13.7
1993,190.6,15.3
1994,185.3,15.7
1995,172.4,14.3
1996,151.2,12.3
1997,150.4,13
1998,129.9,10.7
1999,115.8,9.8
2000,105.4,9.2
2001,108.5,9.7
2002,106.8,9.2
2003,108,9.4
2004,111.9,9.7
2005,122.1,10.5
2006,125.7,10.6
2007,117.2,9.6
2008,110.7,8.7
2009,100.9,8.7
,,
"a/Arrest rate is the estimated number of arrests per 100,000 persons in reference group in resident population.",,
