Bureau of Justice Statistics,
Filename:aus8009f13.csv,
Figure 13. Aggravated assault arrest rates,
Report title: Arrest in the U.S. 2009,
"Data source: FBI Age, Sex, and Race Summarized Yearly Arrest Master Files ",
Author: Howard N. Snyder Ph.D.,
Refer questions to: askbjs@usdoj.gov 202-307-0765,
Date of release: 9/22/2011,
,
Figure 13. Aggravated assault arrest rates,
,
,Arrest Rate/a
,All Persons
1980,122.1
1981,123.4
1982,135.2
1983,127.8
1984,127.6
1985,128.4
1986,146.5
1987,145.5
1988,170.3
1989,186
1990,190.4
1991,190.1
1992,197.7
1993,199.6
1994,208.2
1995,213.5
1996,193.6
1997,196.2
1998,183.7
1999,173.3
2000,169.5
2001,167.6
2002,164.1
2003,155
2004,149.5
2005,151.9
2006,150
2007,143.9
2008,141.3
2009,137.2
,
"a/Arrest rate is the estimated number of arrests per 100,000 persons in reference group in resident population.",
