Bureau of Justice Statistics,,
Filename:aus8009f22.csv,,
"Figure 22. Burglary arrest rates, by sex",,
Report title: Arrest in the U.S. 2009,,
"Data source: FBI Age, Sex, and Race Summarized Yearly Arrest Master Files ",,
Author: Howard N. Snyder Ph.D.,,
Refer questions to: askbjs@usdoj.gov 202-307-0765,,
Date of release: 9/22/2011,,
,,
"Figure 22. Burglary arrest rates, by sex",,
,,
,Arrest Rate/a,
,Males,Females
1980,435.9,27.4
1981,436,27.7
1982,437.5,29
1983,390.4,26.8
1984,350.7,26
1985,355,26.6
1986,355.7,28.3
1987,346.1,28.3
1988,356.7,30.8
1989,356,32.2
1990,325,28.9
1991,322.8,29.5
1992,307.9,29.2
1993,286.2,29.6
1994,276.3,30.3
1995,264.7,30.7
1996,245.9,29.5
1997,235.6,29.8
1998,214.4,29.1
1999,189,26.4
2000,182.3,26
2001,180.7,26.5
2002,177.2,25.7
2003,176,27
2004,175.6,27.9
2005,175.9,28.5
2006,177.7,28.6
2007,175.1,28.6
2008,176,28.8
2009,168.4,28.5
,,
"a/Arrest rate is the estimated number of arrests per 100,000 persons in reference group in resident population.",,
