Bureau of Justice Statistics,
Filename:aus8009f29.csv,
Figure 29. Motor vehicle theft arrest rates,
Report title: Arrest in the U.S. 2009,
"Data source: FBI Age, Sex, and Race Summarized Yearly Arrest Master Files ",
Author: Howard N. Snyder Ph.D.,
Refer questions to: askbjs@usdoj.gov 202-307-0765,
Date of release: 9/22/2011,
,
Figure 29. Motor vehicle theft arrest rates,
,
,Arrest Rate/a
,All Persons
1980,60.9
1981,56.3
1982,55.7
1983,51.1
1984,51.4
1985,56.3
1986,64
1987,69.9
1988,85.2
1989,92.6
1990,84.6
1991,82.1
1992,77
1993,75.4
1994,76.1
1995,72.1
1996,65.1
1997,61.3
1998,54.6
1999,51
2000,52.5
2001,51.7
2002,51.8
2003,52.7
2004,50.7
2005,49.9
2006,46.1
2007,39.2
2008,32.2
2009,26.6
,
"a/Arrest rate is the estimated number of arrests per 100,000 persons in reference group in resident population.",
