Bureau of Justice Statistics,,,,,,,,,,,,
Filename: cv13at11,,,,,,,,,,,,
"Appendix table 11. Standard errors for table 10: Violent and property victimization, by household location, 2004, 2012, and 2013",,,,,,,,,,,,
"Report title: Criminal Victimization, 2013  NCJ 247648",,,,,,,,,,,,
"Data source: Bureau of Justice Statistics, National Crime Victimization Survey, 2004, 2012, and 2013",,,,,,,,,,,,
Authors: Jennifer L. Truman and Lynn Langton,,,,,,,,,,,,
Refer questions to: askbjs@usdoj.gov 202-307-0765,,,,,,,,,,,,
Date of release: 09/18/14,,,,,,,,,,,,
,,,,,,,,,,,,
 ,,,,,,,,,,,,
"Appendix table 11. Standard errors for table 10: Violent and property victimization, by household location, 2004, 2012, and 2013",,,,,,,,,,,,
,,Violent crime,,,,Serious violent crime,,,,Property crime,,
Household location,,2004,2012,2013,,2004,2012,2013,,2004,2012,2013
,Total,1.3,1.2,1.6,,0.7,0.6,0.7,,3.9,3.1,2.9
Region,,,,,,,,,,,,
,Northeast,2.1,2.5,3.3,,1.2,0.9,1.4,,5.4,4.9,4.3
,Midwest,2.7,2.2,2.8,,1.4,1.2,1.3,,6.2,5.2,4.6
,South,2,1.8,2.1,,1,0.8,0.9,,5.1,4.2,3.9
,West,2.8,2.8,3.1,,1.3,1.5,1.5,,7,6.1,5.7
Location of residence,,,,,,,,,,,,
,Urban,2.8,2.4,2.7,,1.5,1.2,1.3,,6.4,4.9,4.7
,Suburban,1.7,1.7,2.2,,0.8,0.7,0.9,,4.4,3.7,3.4
,Rural,2.6,2.3,2.5,,1.1,1,1.2,,5.9,5.7,5
"Source: Bureau of Justice Statistics, National Crime Victimization Survey, 2004, 2012, and 2013. ",,,,,,,,,,,,
