"Bureau of Justice Statistics",,,,,,,,,,,,,,,
"filename: lemas00t13a.csv",,,,,,,,,,,,,,,
"Table 13a.  Special units, designated personnel, or policies and procedures to address youth and family problems in local law enforcement agencies, 2000",,,,,,,,,,,,,,,
"Report title: Law Enforcement Management and Administrative Statistics, 2000:  Data for Individual State and Local Agencies with 100 or More Officers  NCJ 203350",,,,,,,,,,,,,,,
"data source: 2000 LEMAS survey",,,,,,,,,,,,,,,
"authors:  Brian A. Reaves and Matthew J. Hickman",,,,,,,,,,,,,,,
"refer questions to: askbjs@ojp.usdoj.gov (202)307-0765",,,,,,,,,,,,,,,
"date of version:  3/02/04",,,,,,,,,,,,,,,
,,,,,,,,,,,,,,,
"Table 13a.  Special units, designated personnel, or policies and procedures to address youth and family problems in local law enforcement agencies, 2000",,,,,,,,,,,,,,,
,,,,,,,,,,,,,,,
,,,"Agencies with a special unit, designated personnel, or policies and procedures to address:",,,,,,,,,,,,
,,,"Specific types of crimes",,,,,"General issues or tasks",,,,,,,
"County","Name of agency",,"Bias/hate crime","Cybercrime","Drunk driving","Environmental crimes",,"Crime analysis","Crime prevention","Internal affairs","Prosecutor relations","Repeat offenders","Victim assistance",,
,,,,,,,,,,,,,,,
"ALABAMA",,,,,,,,,,,,,,,
,,,,,,,,,,,,,,,
"Etowah","Gadsden Police",,"-   ","-   ","FTU  ","-   ","","PO  ","FTU  ","FTU  ","-   ","PO  ","PO  ",,
"Houston","Dothan Police",,"-   ","-   ","PO  ","-   ","","DP  ","DP  ","FTU  ","DP  ","-   ","DP  ",,
"Jefferson","Jefferson County Sheriff",,"DP  ","FTU  ","DP  ","FTU  ","","-   ","DP  ","FTU  ","-   ","-   ","FTU  ",,
"Jefferson","Bessemer Police",,"PO  ","-   ","PO  ","PO  ","","FTU  ","FTU  ","FTU  ","-   ","-   ","-   ",,
"Jefferson","Birmingham Police",,"PO  ","DP  ","PO  ","PO  ","","FTU  ","FTU  ","FTU  ","FTU  ","-   ","DP  ",,
"Jefferson","Hoover Police",,"-   ","-   ","DP  ","-   ","","DP  ","DP  ","DP  ","-   ","PO  ","PO  ",,
"Madison","Huntsville Police",,"-   ","PO  ","FTU  ","-   ","","FTU  ","FTU  ","FTU  ","PO  ","PO  ","PO  ",,
"Mobile","Mobile County Sheriff",,"PO  ","PO  ","FTU  ","FTU  ","","FTU  ","FTU  ","FTU  ","PO  ","PO  ","PO  ",,
"Mobile","Mobile Police",,"PO  ","-   ","DP  ","-   ","","FTU  ","FTU  ","FTU  ","DP  ","PO  ","DP  ",,
"Montgomery","Montgomery County Sheriff",,"PO  ","-   ","DP  ","-   ","","-   ","PO  ","FTU  ","-   ","-   ","DP  ",,
"Montgomery","Montgomery Police",,"PO  ","PO  ","FTU  ","-   ","","FTU  ","FTU  ","FTU  ","-   ","PO  ","-   ",,
"Morgan","Decatur Police",,"DP  ","-   ","DP  ","-   ","","DP  ","FTU  ","FTU  ","DP  ","-   ","FTU  ",,
"Tuscaloosa","Tuscaloosa Police",,"DP  ","-   ","DP  ","FTU  ","","PO  ","FTU  ","FTU  ","DP  ","-   ","DP  ",,
" ",,,"    ","    ","    ","    ","","    ","    ","    ","    ","    ","    ",,
"ALASKA",,,"    ","    ","    ","    ","","    ","    ","    ","    ","    ","    ",,
,,,"    ","    ","    ","    ","","    ","    ","    ","    ","    ","    ",,
"Anchorage","Anchorage Police",,"PO  ","DP  ","DP  ","PO  ","","FTU  ","FTU  ","FTU  ","PO  ","-   ","-   ",,
,,,"    ","    ","    ","    ","","    ","    ","    ","    ","    ","    ",,
"ARIZONA",,,"    ","    ","    ","    ","","    ","    ","    ","    ","    ","    ",,
,,,"    ","    ","    ","    ","","    ","    ","    ","    ","    ","    ",,
"Maricopa","Maricopa County Sheriff",,"---      ","---      ","---      ","---       ","","---      ","---       ","---       ","---       ","---       ","---      ",,
"Maricopa","Chandler Police",,"DP  ","FTU  ","FTU  ","DP  ","","FTU  ","FTU  ","FTU  ","FTU  ","FTU  ","FTU  ",,
"Maricopa","Glendale Police",,"DP  ","FTU  ","FTU  ","-   ","","FTU  ","FTU  ","FTU  ","-   ","FTU  ","FTU  ",,
"Maricopa","Mesa Police",,"PO  ","FTU  ","FTU  ","PO  ","","FTU  ","FTU  ","FTU  ","PO  ","FTU  ","FTU  ",,
"Maricopa","Phoenix Police",,"FTU  ","FTU  ","FTU  ","-   ","","FTU  ","FTU  ","FTU  ","-   ","FTU  ","FTU  ",,
"Maricopa","Scottsdale Police",,"DP  ","DP  ","FTU  ","DP  ","","FTU  ","FTU  ","FTU  ","PO  ","DP  ","PO  ",,
"Maricopa","Tempe Police",,"PO  ","PO  ","DP  ","PO  ","","PO  ","FTU  ","FTU  ","PO  ","PO  ","PO  ",,
"Pima","Pima County Sheriff",,"DP  ","DP  ","DP  ","DP  ","","DP  ","DP  ","DP  ","DP  ","DP  ","DP  ",,
"Pima","Tucson Police",,"-   ","-   ","DP  ","DP  ","","-   ","DP  ","DP  ","DP  ","-   ","DP  ",,
"Pinal","Pinal County Sheriff",,"-   ","-   ","FTU  ","-   ","","DP  ","FTU  ","FTU  ","DP  ","DP  ","FTU  ",,
"Yuma","Yuma Police",,"DP  ","DP  ","PO  ","DP  ","","FTU  ","DP  ","FTU  ","PO  ","PO  ","DP  ",,
" ",,,"    ","    ","    ","    ","","    ","    ","    ","    ","    ","    ",,
"ARKANSAS",,,"    ","    ","    ","    ","","    ","    ","    ","    ","    ","    ",,
,,,"    ","    ","    ","    ","","    ","    ","    ","    ","    ","    ",,
"Craighead","Jonesboro Police",,"-   ","-   ","-   ","-   ","","-   ","-   ","-   ","-   ","-   ","-   ",,
"Jefferson","Pine Bluff Police",,"PO  ","-   ","PO  ","-   ","","DP  ","FTU  ","FTU  ","PO  ","-   ","-   ",,
"Pulaski","Pulaski County Sheriff",,"-   ","PO  ","FTU  ","-   ","","PO  ","PO  ","FTU  ","PO  ","PO  ","PO  ",,
"Pulaski","Little Rock Police",,"FTU  ","-   ","FTU  ","-   ","","FTU  ","FTU  ","FTU  ","-   ","-   ","FTU  ",,
"Pulaski","North Little Rock Police",,"-   ","DP  ","DP  ","-   ","","DP  ","DP  ","FTU  ","-   ","DP  ","FTU  ",,
"Sebastian","Fort Smith Police",,"-   ","-   ","DP  ","-   ","","FTU  ","FTU  ","FTU  ","-   ","-   ","-   ",,
,,,"    ","    ","    ","    ","","    ","    ","    ","    ","    ","    ",,
"CALIFORNIA",,,"    ","    ","    ","    ","","    ","    ","    ","    ","    ","    ",,
,,,"    ","    ","    ","    ","","    ","    ","    ","    ","    ","    ",,
"Alameda","Alameda County Sheriff",,"DP  ","DP  ","PO  ","DP  ","","FTU  ","FTU  ","FTU  ","PO  ","PO  ","DP  ",,
"Alameda","Alameda Police",,"DP  ","DP  ","PO  ","DP  ","","FTU  ","FTU  ","FTU  ","DP  ","FTU  ","PO  ",,
"Alameda","Berkeley Police",,"PO  ","FTU  ","PO  ","-   ","","FTU  ","FTU  ","FTU  ","PO  ","-   ","FTU  ",,
"Alameda","Fremont Police",,"DP  ","FTU  ","DP  ","-   ","","FTU  ","FTU  ","FTU  ","FTU  ","DP  ","FTU  ",,
"Alameda","Hayward Police",,"PO  ","PO  ","FTU  ","-   ","","FTU  ","FTU  ","FTU  ","FTU  ","-   ","-   ",,
"Alameda","Oakland Police",,"DP  ","PO  ","DP  ","FTU  ","","FTU  ","FTU  ","FTU  ","PO  ","DP  ","DP  ",,
"Butte","Butte County Sheriff",,"DP  ","PO  ","PO  ","PO  ","","DP  ","FTU  ","FTU  ","DP  ","-   ","DP  ",,
"Contra Costa","Contra Costa County Sheriff",,"DP  ","DP  ","PO  ","PO  ","","FTU  ","FTU  ","FTU  ","DP  ","DP  ","PO  ",,
"Contra Costa","Concord Police",,"PO  ","DP  ","DP  ","PO  ","","FTU  ","DP  ","FTU  ","PO  ","PO  ","DP  ",,
"Contra Costa","Richmond Police",,"FTU  ","DP  ","FTU  ","PO  ","","FTU  ","FTU  ","FTU  ","PO  ","PO  ","FTU  ",,
"El Dorado","El Dorado County Sheriff",,"DP  ","FTU  ","PO  ","-   ","","FTU  ","DP  ","FTU  ","-   ","-   ","-   ",,
"Fresno","Fresno County Sheriff",,"-   ","-   ","-   ","-   ","","FTU  ","FTU  ","FTU  ","FTU  ","-   ","FTU  ",,
"Fresno","Fresno Police",,"FTU  ","DP  ","PO  ","-   ","","FTU  ","FTU  ","FTU  ","FTU  ","PO  ","PO  ",,
"Kern ","Kern County Sheriff",,"PO  ","DP  ","DP  ","-   ","","-   ","FTU  ","FTU  ","-   ","-   ","-   ",,
"Kern","Bakersfield Police",,"FTU  ","FTU  ","FTU  ","FTU  ","","FTU  ","FTU  ","FTU  ","FTU  ","FTU  ","FTU  ",,
"Los Angeles","Los Angeles County Sheriff",,"DP  ","FTU  ","PO  ","PO  ","","FTU  ","DP  ","FTU  ","DP  ","FTU  ","DP  ",,
"Los Angeles","Beverly Hills Police",,"DP  ","DP  ","FTU  ","DP  ","","DP  ","FTU  ","FTU  ","DP  ","PO  ","DP  ",,
"Los Angeles","Burbank Police",,"DP  ","-   ","PO  ","-   ","","DP  ","FTU  ","FTU  ","DP  ","-   ","PO  ",,
"Los Angeles","Culver City Police",,"---      ","---      ","---      ","---       ","","---      ","---       ","---       ","---       ","---       ","---      ",,
"Los Angeles","Downey Police",,"PO  ","-   ","-   ","-   ","","-   ","-   ","DP  ","-   ","-   ","PO  ",,
"Los Angeles","El Monte Police",,"DP  ","DP  ","DP  ","DP  ","","FTU  ","FTU  ","FTU  ","DP  ","DP  ","DP  ",,
"Los Angeles","Glendale Police",,"FTU  ","DP  ","DP  ","DP  ","","FTU  ","FTU  ","FTU  ","FTU  ","FTU  ","DP  ",,
"Los Angeles","Inglewood Police",,"PO  ","-   ","FTU  ","-   ","","FTU  ","FTU  ","FTU  ","-   ","-   ","-   ",,
"Los Angeles","Long Beach Police",,"DP  ","FTU  ","FTU  ","PO  ","","FTU  ","FTU  ","FTU  ","-   ","FTU  ","PO  ",,
"Los Angeles","Los Angeles Police",,"FTU  ","FTU  ","FTU  ","FTU  ","","FTU  ","FTU  ","FTU  ","FTU  ","FTU  ","FTU  ",,
"Los Angeles","Pasadena Police",,"DP  ","DP  ","PO  ","-   ","","FTU  ","FTU  ","FTU  ","PO  ","PO  ","FTU  ",,
"Los Angeles","Pomona Police",,"PO  ","PO  ","PO  ","-   ","","FTU  ","FTU  ","FTU  ","-   ","-   ","-   ",,
"Los Angeles","Redondo Beach Police",,"DP  ","FTU  ","FTU  ","DP  ","","FTU  ","DP  ","FTU  ","DP  ","DP  ","FTU  ",,
"Los Angeles","Santa Monica Police",,"PO  ","DP  ","PO  ","DP  ","","FTU  ","FTU  ","FTU  ","-   ","FTU  ","DP  ",,
"Los Angeles","Torrance Police",,"DP  ","FTU  ","FTU  ","-   ","","FTU  ","FTU  ","FTU  ","FTU  ","-   ","FTU  ",,
"Los Angeles","West Covina Police",,"DP  ","DP  ","FTU  ","-   ","","FTU  ","FTU  ","FTU  ","FTU  ","-   ","FTU  ",,
"Los Angeles","Whittier Police",,"DP  ","DP  ","DP  ","DP  ","","DP  ","DP  ","DP  ","PO  ","PO  ","PO  ",,
"Marin","Marin County Sheriff",,"DP  ","-   ","DP  ","DP  ","","FTU  ","FTU  ","DP  ","DP  ","DP  ","DP  ",,
"Monterey","Monterey County Sheriff",,"-   ","-   ","-   ","-   ","","-   ","-   ","FTU  ","-   ","-   ","-   ",,
"Monterey","Salinas Police",,"PO  ","-   ","PO  ","-   ","","DP  ","FTU  ","FTU  ","DP  ","-   ","PO  ",,
"Orange","Orange County Sheriff-Coroner",,"-   ","FTU  ","-   ","FTU  ","","-   ","FTU  ","FTU  ","-   ","-   ","FTU  ",,
"Orange","Anaheim Police",,"FTU  ","FTU  ","FTU  ","FTU  ","","FTU  ","FTU  ","FTU  ","FTU  ","-   ","FTU  ",,
"Orange","Brea Police",,"DP  ","DP  ","DP  ","PO  ","","DP  ","DP  ","DP  ","DP  ","-   ","DP  ",,
"Orange","Costa Mesa Police",,"---      ","---      ","---      ","---       ","","---      ","---       ","---       ","---       ","---       ","---      ",,
"Orange","Fullerton Police",,"PO  ","-   ","-   ","-   ","","FTU  ","FTU  ","PO  ","FTU  ","-   ","PO  ",,
"Orange","Garden Grove Police",,"PO  ","PO  ","DP  ","PO  ","","FTU  ","DP  ","FTU  ","DP  ","PO  ","DP  ",,
"Orange","Huntington Beach Police",,"FTU  ","DP  ","DP  ","-   ","","FTU  ","FTU  ","FTU  ","-   ","-   ","DP  ",,
"Orange","Irvine Police",,"DP  ","FTU  ","FTU  ","DP  ","","FTU  ","FTU  ","FTU  ","FTU  ","-   ","FTU  ",,
"Orange","Newport Beach Police",,"DP  ","DP  ","DP  ","FTU  ","","FTU  ","FTU  ","FTU  ","FTU  ","DP  ","DP  ",,
"Orange","Orange Police",,"DP  ","-   ","DP  ","-   ","","FTU  ","FTU  ","FTU  ","-   ","-   ","-   ",,
"Orange","Santa Ana Police",,"PO  ","PO  ","FTU  ","-   ","","FTU  ","FTU  ","FTU  ","FTU  ","-   ","FTU  ",,
"Orange","Westminster Police",,"PO  ","-   ","DP  ","-   ","","FTU  ","FTU  ","DP  ","DP  ","FTU  ","DP  ",,
"Placer","Placer County Sheriff",,"-   ","FTU  ","PO  ","-   ","","FTU  ","FTU  ","DP  ","-   ","-   ","-   ",,
"Riverside","Riverside County Sheriff",,"PO  ","FTU  ","PO  ","-   ","","FTU  ","DP  ","FTU  ","DP  ","FTU  ","-   ",,
"Riverside","Corona Police",,"DP  ","DP  ","FTU  ","DP  ","","FTU  ","FTU  ","FTU  ","DP  ","DP  ","FTU  ",,
"Riverside","Riverside Police",,"DP  ","DP  ","DP  ","-   ","","FTU  ","FTU  ","FTU  ","-   ","-   ","-   ",,
"Sacramento","Sacramento County Sheriff",,"FTU  ","FTU  ","DP  ","PO  ","","FTU  ","FTU  ","FTU  ","PO  ","PO  ","DP  ",,
"Sacramento","Sacramento Police",,"DP  ","DP  ","DP  ","PO  ","","FTU  ","DP  ","FTU  ","-   ","DP  ","PO  ",,
"San Bernardino","San Bernardino County Sheriff",,"PO  ","FTU  ","FTU  ","FTU  ","","FTU  ","FTU  ","FTU  ","FTU  ","PO  ","-   ",,
"San Bernardino","Fontana Police",,"DP  ","DP  ","DP  ","DP  ","","FTU  ","FTU  ","FTU  ","FTU  ","DP  ","DP  ",,
"San Bernardino","Ontario Police",,"PO  ","PO  ","DP  ","PO  ","","FTU  ","FTU  ","FTU  ","DP  ","PO  ","DP  ",,
"San Bernardino","Rialto Police",,"DP  ","PO  ","FTU  ","-   ","","FTU  ","FTU  ","FTU  ","PO  ","PO  ","PO  ",,
"San Bernardino","San Bernardino Police",,"DP  ","DP  ","DP  ","PO  ","","FTU  ","FTU  ","FTU  ","FTU  ","FTU  ","PO  ",,
"San Diego","San Diego County Sheriff",,"FTU  ","FTU  ","DP  ","DP  ","","FTU  ","FTU  ","FTU  ","DP  ","DP  ","FTU  ",,
"San Diego","Chula Vista Police",,"DP  ","DP  ","DP  ","-   ","","FTU  ","FTU  ","FTU  ","DP  ","FTU  ","-   ",,
"San Diego","El Cajon Police",,"FTU  ","FTU  ","DP  ","PO  ","","FTU  ","FTU  ","FTU  ","DP  ","DP  ","FTU  ",,
"San Diego","Escondido Police",,"DP  ","DP  ","PO  ","DP  ","","FTU  ","DP  ","FTU  ","PO  ","-   ","DP  ",,
"San Diego","Oceanside Police",,"DP  ","DP  ","DP  ","-   ","","DP  ","DP  ","FTU  ","DP  ","DP  ","DP  ",,
"San Diego","San Diego Police",,"DP  ","DP  ","DP  ","DP  ","","FTU  ","FTU  ","FTU  ","FTU  ","PO  ","DP  ",,
"San Francisco","San Francisco Police",,"FTU  ","DP  ","PO  ","DP  ","","DP  ","PO  ","FTU  ","PO  ","FTU  ","PO  ",,
"San Joaquin","San Joaquin County Sheriff",,"DP  ","FTU  ","DP  ","FTU  ","","FTU  ","FTU  ","FTU  ","FTU  ","DP  ","PO  ",,
"San Joaquin","Stockton Police",,"DP  ","DP  ","DP  ","-   ","","FTU  ","FTU  ","FTU  ","-   ","-   ","-   ",,
"San Luis Obispo","San Luis Obispo County Sheriff",,"PO  ","-   ","PO  ","PO  ","","FTU  ","FTU  ","FTU  ","PO  ","PO  ","PO  ",,
"San Mateo","San Mateo County Sheriff",,"DP  ","FTU  ","DP  ","PO  ","","FTU  ","FTU  ","FTU  ","FTU  ","FTU  ","PO  ",,
"San Mateo","Daly City Police",,"DP  ","DP  ","-   ","-   ","","-   ","DP  ","DP  ","DP  ","-   ","-   ",,
"San Mateo","San Mateo Police",,"DP  ","DP  ","DP  ","PO  ","","FTU  ","FTU  ","DP  ","DP  ","PO  ","PO  ",,
"Santa Barbara","Santa Barbara County Sheriff",,"DP  ","FTU  ","PO  ","-   ","","FTU  ","DP  ","FTU  ","DP  ","PO  ","PO  ",,
"Santa Barbara","Santa Barbara Police",,"PO  ","PO  ","FTU  ","PO  ","","FTU  ","DP  ","FTU  ","PO  ","PO  ","PO  ",,
"Santa Clara","Santa Clara County Sheriff",,"DP  ","DP  ","DP  ","-   ","","FTU  ","FTU  ","FTU  ","-   ","PO  ","DP  ",,
"Santa Clara","San Jose Police",,"FTU  ","FTU  ","FTU  ","DP  ","","FTU  ","FTU  ","FTU  ","-   ","FTU  ","FTU  ",,
"Santa Clara","Santa Clara Police",,"---      ","---      ","---      ","---       ","","---      ","---       ","---       ","---       ","---       ","---      ",,
"Santa Clara ","Sunnyvale Police",,"DP  ","DP  ","DP  ","PO  ","","FTU  ","FTU  ","FTU  ","FTU  ","DP  ","DP  ",,
"Santa Cruz","Santa Cruz County Sheriff",,"DP  ","FTU  ","PO  ","PO  ","","DP  ","DP  ","FTU  ","DP  ","DP  ","DP  ",,
"Shasta ","Shasta County Sheriff",,"PO  ","-   ","PO  ","-   ","","FTU  ","DP  ","DP  ","-   ","PO  ","PO  ",,
"Solano","Fairfield Police",,"-   ","-   ","FTU  ","-   ","","-   ","FTU  ","FTU  ","DP  ","-   ","-   ",,
"Solano","Vallejo Police",,"PO  ","DP  ","PO  ","DP  ","","FTU  ","DP  ","FTU  ","DP  ","-   ","PO  ",,
"Sonoma","Sonoma County Sheriff-Coroner",,"DP  ","DP  ","PO  ","DP  ","","FTU  ","FTU  ","FTU  ","PO  ","DP  ","PO  ",,
"Sonoma","Santa Rosa Police",,"PO  ","-   ","FTU  ","FTU  ","","FTU  ","FTU  ","FTU  ","DP  ","FTU  ","DP  ",,
"Stanislaus","Stanislaus County Sheriff",,"DP  ","FTU  ","-   ","-   ","","FTU  ","FTU  ","DP  ","DP  ","-   ","-   ",,
"Stanislaus","Modesto Police",,"DP  ","DP  ","FTU  ","-   ","","FTU  ","FTU  ","FTU  ","FTU  ","DP  ","-   ",,
"Tulare","Tulare County Sheriff",,"PO  ","DP  ","PO  ","DP  ","","PO  ","FTU  ","FTU  ","DP  ","DP  ","PO  ",,
"Tulare","Visalia Police",,"DP  ","DP  ","FTU  ","-   ","","FTU  ","DP  ","DP  ","FTU  ","DP  ","PO  ",,
"Ventura","Ventura County Sheriff",,"PO  ","PO  ","DP  ","FTU  ","","FTU  ","FTU  ","FTU  ","FTU  ","-   ","-   ",,
"Ventura","Oxnard Police",,"-   ","DP  ","-   ","-   ","","FTU  ","-   ","FTU  ","FTU  ","-   ","FTU  ",,
"Ventura","Simi Valley Police",,"PO  ","DP  ","PO  ","-   ","","FTU  ","DP  ","FTU  ","DP  ","-   ","DP  ",,
"Ventura","Ventura Police",,"PO  ","DP  ","PO  ","-   ","","FTU  ","FTU  ","FTU  ","DP  ","PO  ","-   ",,
" ",,,"    ","    ","    ","    ","","    ","    ","    ","    ","    ","    ",,
"COLORADO",,,"    ","    ","    ","    ","","    ","    ","    ","    ","    ","    ",,
,,,"    ","    ","    ","    ","","    ","    ","    ","    ","    ","    ",,
"Adams","Adams County Sheriff",,"DP  ","-   ","FTU  ","-   ","","-   ","FTU  ","FTU  ","DP  ","-   ","FTU  ",,
"Adams","Thornton Police",,"PO  ","-   ","PO  ","-   ","","PO  ","FTU  ","FTU  ","PO  ","-   ","FTU  ",,
"Adams","Westminster Police",,"DP  ","DP  ","FTU  ","DP  ","","FTU  ","FTU  ","FTU  ","DP  ","DP  ","FTU  ",,
"Arapahoe","Arapahoe County Sheriff",,"DP  ","DP  ","PO  ","FTU  ","","FTU  ","-   ","FTU  ","DP  ","FTU  ","DP  ",,
"Arapahoe","Aurora Police",,"PO  ","DP  ","DP  ","-   ","","FTU  ","FTU  ","FTU  ","-   ","FTU  ","FTU  ",,
"Boulder","Boulder County Sherif",,"-   ","DP  ","FTU  ","-   ","","DP  ","FTU  ","DP  ","FTU  ","-   ","FTU  ",,
"Boulder","Boulder Police",,"-   ","FTU  ","FTU  ","-   ","","FTU  ","FTU  ","FTU  ","DP  ","DP  ","FTU  ",,
"Denver","Denver Police",,"DP  ","DP  ","-   ","-   ","","-   ","FTU  ","FTU  ","-   ","-   ","FTU  ",,
"Douglas ","Douglas County Sheriff",,"DP  ","FTU  ","FTU  ","DP  ","","DP  ","FTU  ","FTU  ","PO  ","DP  ","FTU  ",,
"El Paso","El Paso County Sheriff",,"-   ","FTU  ","DP  ","-   ","","FTU  ","FTU  ","FTU  ","-   ","-   ","FTU  ",,
"El Paso","Colorado Springs Police",,"PO  ","FTU  ","FTU  ","PO  ","","FTU  ","FTU  ","FTU  ","PO  ","PO  ","FTU  ",,
"Jefferson","Jefferson County Sheriff",,"PO  ","FTU  ","DP  ","DP  ","","FTU  ","FTU  ","FTU  ","PO  ","DP  ","FTU  ",,
"Jefferson","Arvada Police",,"PO  ","FTU  ","DP  ","PO  ","","FTU  ","PO  ","FTU  ","PO  ","DP  ","FTU  ",,
"Jefferson","Lakewood Police",,"PO  ","FTU  ","PO  ","DP  ","","FTU  ","FTU  ","FTU  ","PO  ","PO  ","FTU  ",,
"Larimer","Larimer County Sheriff",,"PO  ","DP  ","FTU  ","PO  ","","PO  ","FTU  ","FTU  ","PO  ","PO  ","FTU  ",,
"Larimer","Fort Collins Police",,"DP  ","DP  ","FTU  ","-   ","","FTU  ","FTU  ","FTU  ","PO  ","FTU  ","FTU  ",,
"Pueblo","Pueblo Police",,"-   ","DP  ","DP  ","-   ","","DP  ","FTU  ","FTU  ","DP  ","DP  ","DP  ",,
"Weld","Weld County Sheriff",,"-   ","-   ","-   ","-   ","","FTU  ","-   ","FTU  ","-   ","-   ","-   ",,
"Weld","Greeley Police",,"PO  ","DP  ","DP  ","-   ","","FTU  ","FTU  ","FTU  ","PO  ","PO  ","FTU  ",,
,,,"    ","    ","    ","    ","","    ","    ","    ","    ","    ","    ",,
"CONNECTICUT ",,,"    ","    ","    ","    ","","    ","    ","    ","    ","    ","    ",,
,,,"    ","    ","    ","    ","","    ","    ","    ","    ","    ","    ",,
"Fairfield","Bridgeport Police",,"DP  ","-   ","DP  ","-   ","","FTU  ","FTU  ","FTU  ","FTU  ","-   ","FTU  ",,
"Fairfield","Danbury Police",,"-   ","-   ","PO  ","-   ","","-   ","FTU  ","FTU  ","FTU  ","-   ","-   ",,
"Fairfield","Fairfield Police",,"PO  ","PO  ","PO  ","PO  ","","PO  ","FTU  ","DP  ","PO  ","PO  ","PO  ",,
"Fairfield","Greenwich Police",,"PO  ","DP  ","PO  ","-   ","","DP  ","DP  ","DP  ","DP  ","-   ","-   ",,
"Fairfield","Norwalk Police",,"PO  ","-   ","DP  ","-   ","","DP  ","DP  ","FTU  ","-   ","-   ","-   ",,
"Fairfield","Stamford Police",,"-   ","-   ","-   ","-   ","","FTU  ","FTU  ","FTU  ","FTU  ","FTU  ","-   ",,
"Fairfield","Stratford Police",,"PO  ","-   ","DP  ","-   ","","DP  ","DP  ","DP  ","FTU  ","-   ","DP  ",,
"Hartford","Bristol Police",,"PO  ","-   ","-   ","DP  ","","-   ","DP  ","-   ","FTU  ","-   ","FTU  ",,
"Hartford","East Hartford Police",,"PO  ","-   ","PO  ","-   ","","DP  ","DP  ","FTU  ","-   ","-   ","-   ",,
"Hartford","Hartford Police",,"DP  ","-   ","DP  ","PO  ","","FTU  ","FTU  ","FTU  ","FTU  ","DP  ","FTU  ",,
"Hartford","Manchester Police",,"PO  ","DP  ","PO  ","PO  ","","FTU  ","DP  ","DP  ","PO  ","-   ","PO  ",,
"Hartford ","New Britain Police",,"DP  ","DP  ","DP  ","DP  ","","DP  ","DP  ","DP  ","DP  ","DP  ","FTU  ",,
"Hartford","West Hartford Police",,"---      ","---      ","---      ","---       ","","---      ","---       ","---       ","---       ","---       ","---      ",,
"Middlesex","Middletown Police",,"PO  ","PO  ","PO  ","PO  ","","DP  ","FTU  ","FTU  ","DP  ","PO  ","PO  ",,
"New Haven","Hamden Police",,"PO  ","FTU  ","DP  ","-   ","","DP  ","DP  ","FTU  ","FTU  ","DP  ","FTU  ",,
"New Haven","Meriden Police",,"PO  ","-   ","DP  ","-   ","","FTU  ","FTU  ","FTU  ","FTU  ","DP  ","DP  ",,
"New Haven","Milford Police",,"PO  ","FTU  ","DP  ","-   ","","-   ","FTU  ","FTU  ","-   ","-   ","-   ",,
"New Haven","New Haven Police",,"FTU  ","DP  ","DP  ","-   ","","FTU  ","FTU  ","FTU  ","FTU  ","-   ","FTU  ",,
"New Haven","Waterbury Police",,"-   ","DP  ","PO  ","-   ","","-   ","FTU  ","FTU  ","FTU  ","-   ","FTU  ",,
"New Haven","West Haven Police",,"PO  ","DP  ","DP  ","-   ","","FTU  ","FTU  ","DP  ","DP  ","-   ","PO  ",,
" ",,,"    ","    ","    ","    ","","    ","    ","    ","    ","    ","    ",,
"DELAWARE",,,"    ","    ","    ","    ","","    ","    ","    ","    ","    ","    ",,
,,,"    ","    ","    ","    ","","    ","    ","    ","    ","    ","    ",,
"New Castle","New Castle County Police",,"    ","    ","    ","    ","","    ","    ","    ","    ","    ","    ",,
"New Castle","Wilmington Police",,"DP  ","-   ","DP  ","-   ","","FTU  ","DP  ","FTU  ","DP  ","FTU  ","FTU  ",,
,,,"    ","    ","    ","    ","","    ","    ","    ","    ","    ","    ",,
"DISTRICT OF COLUMBIA",,,"    ","    ","    ","    ","","    ","    ","    ","    ","    ","    ",,
,,,"    ","    ","    ","    ","","    ","    ","    ","    ","    ","    ",,
"Washington, DC","Washington Metropolitan Police",,"FTU  ","-   ","FTU  ","FTU  ","","FTU  ","FTU  ","FTU  ","DP  ","DP  ","FTU  ",,
,,,"    ","    ","    ","    ","","    ","    ","    ","    ","    ","    ",,
"FLORIDA",,,"    ","    ","    ","    ","","    ","    ","    ","    ","    ","    ",,
,,,"    ","    ","    ","    ","","    ","    ","    ","    ","    ","    ",,
"Alachua","Alachua County Sheriff",,"-   ","DP  ","DP  ","DP  ","","DP  ","DP  ","DP  ","DP  ","PO  ","DP  ",,
"Alachua","Gainesville Police",,"PO  ","DP  ","DP  ","DP  ","","FTU  ","FTU  ","FTU  ","FTU  ","DP  ","FTU  ",,
"Bay","Bay County Sheriff",,"DP  ","DP  ","DP  ","DP  ","","FTU  ","FTU  ","FTU  ","DP  ","FTU  ","PO  ",,
"Brevard","Brevard County Sheriff",,"PO  ","DP  ","FTU  ","PO  ","","FTU  ","FTU  ","FTU  ","PO  ","PO  ","PO  ",,
"Brevard","Melbourne Police",,"PO  ","-   ","FTU  ","-   ","","FTU  ","FTU  ","FTU  ","-   ","DP  ","DP  ",,
"Brevard","Palm Bay Police",,"PO  ","FTU  ","FTU  ","PO  ","","DP  ","PO  ","FTU  ","PO  ","PO  ","FTU  ",,
"Broward","Broward County Sheriff",,"FTU  ","DP  ","FTU  ","FTU  ","","FTU  ","DP  ","FTU  ","DP  ","DP  ","FTU  ",,
"Broward","Coral Springs Police",,"-   ","-   ","-   ","-   ","","FTU  ","FTU  ","FTU  ","-   ","-   ","FTU  ",,
"Broward","Davie Police",,"PO  ","DP  ","DP  ","-   ","","DP  ","DP  ","DP  ","DP  ","-   ","DP  ",,
"Broward","Fort Lauderdale Police",,"DP  ","DP  ","PO  ","DP  ","","FTU  ","FTU  ","FTU  ","FTU  ","-   ","FTU  ",,
"Broward","Hollywood Police",,"DP  ","DP  ","FTU  ","PO  ","","FTU  ","FTU  ","FTU  ","-   ","DP  ","FTU  ",,
"Broward","Margate Police",,"PO  ","-   ","PO  ","PO  ","","FTU  ","FTU  ","FTU  ","PO  ","-   ","PO  ",,
"Broward","Miramar Police",,"FTU  ","FTU  ","FTU  ","DP  ","","FTU  ","FTU  ","FTU  ","-   ","-   ","FTU  ",,
"Broward","Pembroke Pines Police",,"-   ","DP  ","FTU  ","-   ","","FTU  ","FTU  ","FTU  ","DP  ","-   ","FTU  ",,
"Broward","Plantation Police",,"PO  ","-   ","DP  ","-   ","","FTU  ","FTU  ","FTU  ","DP  ","PO  ","FTU  ",,
"Broward","Sunrise Police",,"PO  ","-   ","FTU  ","-   ","","FTU  ","FTU  ","FTU  ","-   ","-   ","FTU  ",,
"Charlotte","Charlotte County Sheriff",,"DP  ","DP  ","DP  ","-   ","","DP  ","FTU  ","FTU  ","FTU  ","FTU  ","PO  ",,
"Citrus","Citrus County Sheriff",,"PO  ","DP  ","DP  ","DP  ","","FTU  ","FTU  ","DP  ","DP  ","DP  ","FTU  ",,
"Clay","Clay County Sheriff",,"PO  ","PO  ","FTU  ","-   ","","DP  ","DP  ","DP  ","DP  ","-   ","DP  ",,
"Collier","Collier County Sheriff",,"FTU  ","DP  ","FTU  ","DP  ","","FTU  ","FTU  ","FTU  ","FTU  ","FTU  ","FTU  ",,
"Duval ","Jacksonville Sheriff",,"DP  ","PO  ","DP  ","DP  ","","FTU  ","FTU  ","FTU  ","PO  ","PO  ","FTU  ",,
"Escambia","Escambia County Sheriff",,"DP  ","DP  ","DP  ","-   ","","FTU  ","FTU  ","FTU  ","-   ","FTU  ","FTU  ",,
"Escambia","Pensacola Police",,"DP  ","-   ","FTU  ","-   ","","FTU  ","FTU  ","FTU  ","-   ","-   ","FTU  ",,
"Hernando","Hernando County Sheriff",,"DP  ","DP  ","DP  ","PO  ","","FTU  ","FTU  ","DP  ","-   ","FTU  ","-   ",,
"Highlands","Highlands County Sheriff",,"-   ","-   ","DP  ","-   ","","FTU  ","FTU  ","FTU  ","-   ","PO  ","FTU  ",,
"Hillsborough","Hillsborough County Sheriff",,"-   ","FTU  ","FTU  ","FTU  ","","FTU  ","FTU  ","FTU  ","FTU  ","FTU  ","PO  ",,
"Hillsborough","Tampa Police",,"DP  ","-   ","DP  ","-   ","","DP  ","DP  ","DP  ","-   ","DP  ","DP  ",,
"Indian River","Indian River County Sheriff",,"-   ","-   ","FTU  ","FTU  ","","FTU  ","FTU  ","FTU  ","-   ","FTU  ","FTU  ",,
"Lake","Lake County Sheriff",,"FTU  ","FTU  ","-   ","FTU  ","","FTU  ","FTU  ","FTU  ","-   ","-   ","FTU  ",,
"Lee","Lee County Sheriff",,"PO  ","PO  ","DP  ","DP  ","","DP  ","DP  ","DP  ","PO  ","DP  ","DP  ",,
"Lee","Cape Coral Police",,"PO  ","PO  ","FTU  ","FTU  ","","FTU  ","FTU  ","FTU  ","FTU  ","PO  ","FTU  ",,
"Lee","Fort Myers Police",,"PO  ","-   ","FTU  ","-   ","","FTU  ","FTU  ","FTU  ","-   ","FTU  ","FTU  ",,
"Leon","Leon County Sheriff",,"DP  ","DP  ","FTU  ","PO  ","","DP  ","FTU  ","FTU  ","DP  ","DP  ","FTU  ",,
"Leon","Tallahassee Police",,"-   ","-   ","DP  ","-   ","","-   ","-   ","FTU  ","-   ","FTU  ","FTU  ",,
"Manatee","Manatee County Sheriff",,"DP  ","DP  ","DP  ","DP  ","","FTU  ","FTU  ","FTU  ","DP  ","DP  ","FTU  ",,
"Marion","Marion County Sheriff",,"PO  ","-   ","FTU  ","-   ","","FTU  ","PO  ","FTU  ","-   ","-   ","FTU  ",,
"Marion","Ocala Police",,"PO  ","DP  ","PO  ","-   ","","FTU  ","FTU  ","FTU  ","PO  ","PO  ","FTU  ",,
"Martin","Martin County Sheriff",,"PO  ","-   ","FTU  ","FTU  ","","FTU  ","FTU  ","FTU  ","-   ","-   ","-   ",,
"Miami-Dade","Miami-Dade Police",,"DP  ","DP  ","FTU  ","FTU  ","","FTU  ","FTU  ","FTU  ","PO  ","FTU  ","PO  ",,
"Miami-Dade","Coral Gables Police",,"DP  ","DP  ","DP  ","FTU  ","","FTU  ","FTU  ","FTU  ","DP  ","DP  ","FTU  ",,
"Miami-Dade","Hialeah Police",,"FTU  ","-   ","DP  ","PO  ","","PO  ","PO  ","FTU  ","-   ","FTU  ","PO  ",,
"Miami-Dade","Miami Police",,"-   ","-   ","DP  ","-   ","","DP  ","DP  ","DP  ","-   ","DP  ","FTU  ",,
"Miami-Dade","Miami Beach Police",,"PO  ","PO  ","FTU  ","PO  ","","PO  ","FTU  ","FTU  ","FTU  ","PO  ","FTU  ",,
"Miami-Dade","North Miami Police",,"DP  ","-   ","PO  ","-   ","","PO  ","FTU  ","PO  ","DP  ","FTU  ","FTU  ",,
"Miami-Dade","North Miami Beach Police",,"PO  ","-   ","DP  ","-   ","","FTU  ","FTU  ","FTU  ","DP  ","-   ","FTU  ",,
"Monroe","Monroe County Sheriff",,"PO  ","-   ","FTU  ","FTU  ","","FTU  ","FTU  ","FTU  ","-   ","-   ","DP  ",,
"Okaloosa","Okaloosa County Sheriff",,"PO  ","FTU  ","FTU  ","FTU  ","","FTU  ","FTU  ","FTU  ","PO  ","PO  ","FTU  ",,
"Orange","Orange County Sheriff",,"-   ","-   ","-   ","-   ","","FTU  ","FTU  ","FTU  ","-   ","-   ","FTU  ",,
"Orange","Orlando Police",,"PO  ","DP  ","PO  ","PO  ","","FTU  ","FTU  ","FTU  ","DP  ","FTU  ","PO  ",,
"Osceola","Osceola County Sheriff",,"FTU  ","FTU  ","FTU  ","-   ","","FTU  ","FTU  ","DP  ","-   ","-   ","DP  ",,
"Palm Beach","Palm Beach County Sheriff",,"DP  ","FTU  ","FTU  ","FTU  ","","FTU  ","FTU  ","FTU  ","DP  ","DP  ","FTU  ",,
"Palm Beach","Boca Raton Police",,"DP  ","FTU  ","DP  ","DP  ","","FTU  ","FTU  ","FTU  ","DP  ","DP  ","DP  ",,
"Palm Beach","Boynton Beach Police",,"-   ","-   ","FTU  ","-   ","","FTU  ","FTU  ","FTU  ","-   ","FTU  ","PO  ",,
"Palm Beach","Delray Beach Police",,"DP  ","PO  ","DP  ","DP  ","","FTU  ","FTU  ","FTU  ","FTU  ","DP  ","DP  ",,
"Palm Beach","Riviera Beach Police",,"-   ","-   ","PO  ","PO  ","","-   ","PO  ","FTU  ","PO  ","-   ","DP  ",,
"Palm Beach","West Palm Beach Police",,"DP  ","DP  ","FTU  ","DP  ","","FTU  ","FTU  ","FTU  ","DP  ","DP  ","DP  ",,
"Pasco","Pasco County Sheriff",,"DP  ","-   ","FTU  ","FTU  ","","FTU  ","FTU  ","FTU  ","FTU  ","-   ","FTU  ",,
"Pinellas","Pinellas County Sheriff",,"PO  ","-   ","FTU  ","FTU  ","","FTU  ","FTU  ","FTU  ","FTU  ","-   ","FTU  ",,
"Pinellas","Clearwater Police",,"PO  ","-   ","DP  ","-   ","","DP  ","PO  ","DP  ","-   ","PO  ","DP  ",,
"Pinellas","Largo Police",,"PO  ","-   ","PO  ","-   ","","FTU  ","FTU  ","FTU  ","-   ","-   ","FTU  ",,
"Pinellas","St. Petersburg Police",,"PO  ","-   ","FTU  ","-   ","","FTU  ","FTU  ","FTU  ","DP  ","FTU  ","FTU  ",,
"Polk","Polk County Sheriff",,"PO  ","FTU  ","PO  ","FTU  ","","FTU  ","FTU  ","FTU  ","DP  ","PO  ","FTU  ",,
"Polk","Lakeland Police",,"-   ","-   ","FTU  ","-   ","","FTU  ","FTU  ","FTU  ","FTU  ","FTU  ","FTU  ",,
"Putnam","Putnam County Sheriff",,"PO  ","-   ","PO  ","PO  ","","PO  ","FTU  ","FTU  ","-   ","-   ","PO  ",,
"St. Johns","St. Johns County Sheriff",,"-   ","DP  ","DP  ","DP  ","","FTU  ","FTU  ","FTU  ","DP  ","DP  ","FTU  ",,
"St. Lucie","St. Lucie County Sheriff",,"DP  ","DP  ","FTU  ","DP  ","","FTU  ","FTU  ","FTU  ","-   ","-   ","FTU  ",,
"St. Lucie ","Fort Pierce Police",,"PO  ","-   ","PO  ","PO  ","","FTU  ","FTU  ","FTU  ","DP  ","-   ","FTU  ",,
"St. Lucie","Port St. Lucie Police",,"DP  ","DP  ","FTU  ","FTU  ","","FTU  ","DP  ","FTU  ","PO  ","PO  ","PO  ",,
"Santa Rosa","Santa Rosa County Sheriff",,"-   ","-   ","-   ","-   ","","FTU  ","-   ","FTU  ","-   ","-   ","FTU  ",,
"Sarasota","Sarasota County Sheriff",,"PO  ","-   ","FTU  ","-   ","","FTU  ","FTU  ","FTU  ","-   ","-   ","FTU  ",,
"Sarasota","Sarasota Police",,"PO  ","-   ","PO  ","-   ","","FTU  ","FTU  ","FTU  ","FTU  ","DP  ","FTU  ",,
"Seminole","Seminole County Sheriff",,"-   ","-   ","-   ","-   ","","FTU  ","FTU  ","FTU  ","-   ","FTU  ","FTU  ",,
"Seminole","Altamonte Springs Police",,"PO  ","-   ","DP  ","PO  ","","FTU  ","PO  ","FTU  ","PO  ","PO  ","PO  ",,
"Volusia","Volusia County Sheriff",,"PO  ","DP  ","FTU  ","DP  ","","PO  ","FTU  ","FTU  ","DP  ","FTU  ","PO  ",,
"Volusia","Daytona Beach Police",,"-   ","DP  ","FTU  ","-   ","","FTU  ","FTU  ","FTU  ","-   ","PO  ","PO  ",,
,,,"    ","    ","    ","    ","","    ","    ","    ","    ","    ","    ",,
"GEORGIA",,,"    ","    ","    ","    ","","    ","    ","    ","    ","    ","    ",,
,,,"    ","    ","    ","    ","","    ","    ","    ","    ","    ","    ",,
"Bartow","Bartow County Sheriff",,"-   ","-   ","PO  ","-   ","","DP  ","DP  ","FTU  ","DP  ","-   ","DP  ",,
"Bibb","Bibb County Sheriff",,"PO  ","PO  ","PO  ","PO  ","","PO  ","FTU  ","DP  ","-   ","PO  ","PO  ",,
"Bibb","Macon Police",,"-   ","-   ","FTU  ","-   ","","FTU  ","FTU  ","FTU  ","DP  ","DP  ","FTU  ",,
"Chatham","Chatham County Police",,"-   ","DP  ","PO  ","-   ","","FTU  ","FTU  ","FTU  ","PO  ","PO  ","PO  ",,
"Chatham","Savannah Police",,"-   ","PO  ","DP  ","-   ","","FTU  ","FTU  ","FTU  ","FTU  ","PO  ","FTU  ",,
"Cherokee","Cherokee County Sheriff",,"-   ","DP  ","FTU  ","-   ","","FTU  ","DP  ","FTU  ","PO  ","-   ","DP  ",,
"Clarke","Athens-Clarke County Police",,"PO  ","PO  ","DP  ","PO  ","","PO  ","DP  ","DP  ","DP  ","PO  ","PO  ",,
"Clayton","Clayton County Police",,"---      ","---      ","---      ","---       ","","---      ","---       ","---       ","---       ","---       ","---      ",,
"Cobb","Cobb County Police",,"-   ","FTU  ","FTU  ","-   ","","FTU  ","FTU  ","FTU  ","-   ","-   ","PO  ",,
"Cobb","Marietta Police",,"-   ","DP  ","FTU  ","-   ","","FTU  ","DP  ","DP  ","DP  ","DP  ","DP  ",,
"Columbia","Columbia County Sheriff",,"-   ","DP  ","DP  ","-   ","","DP  ","DP  ","FTU  ","-   ","-   ","DP  ",,
"De Kalb","De Kalb County Police",,"---      ","---      ","---      ","---       ","","---      ","---       ","---       ","---       ","---       ","---      ",,
"Dougherty","Albany Police",,"DP  ","PO  ","DP  ","-   ","","FTU  ","FTU  ","FTU  ","PO  ","-   ","FTU  ",,
"Douglas","Douglas County Sheriff",,"PO  ","-   ","FTU  ","-   ","","PO  ","FTU  ","FTU  ","DP  ","-   ","PO  ",,
"Forsyth","Forsyth County Sheriff",,"PO  ","-   ","FTU  ","FTU  ","","FTU  ","FTU  ","FTU  ","PO  ","PO  ","-   ",,
"Fulton","Fulton County Police",,"DP  ","DP  ","DP  ","DP  ","","FTU  ","FTU  ","FTU  ","DP  ","-   ","DP  ",,
"Fulton","Atlanta Police",,"DP  ","-   ","FTU  ","-   ","","FTU  ","DP  ","FTU  ","DP  ","FTU  ","FTU  ",,
"Fulton","East Point Police",,"PO  ","-   ","DP  ","-   ","","FTU  ","FTU  ","FTU  ","-   ","-   ","DP  ",,
"Fulton","Roswell Police",,"DP  ","-   ","FTU  ","DP  ","","FTU  ","FTU  ","FTU  ","-   ","-   ","DP  ",,
"Glynn","Glynn County Police",,"FTU  ","FTU  ","FTU  ","PO  ","","FTU  ","FTU  ","FTU  ","FTU  ","PO  ","PO  ",,
"Gwinnett","Gwinnett County Police",,"DP  ","DP  ","FTU  ","FTU  ","","FTU  ","FTU  ","FTU  ","DP  ","-   ","DP  ",,
"Hall","Hall County Sheriff",,"-   ","-   ","FTU  ","-   ","","-   ","DP  ","DP  ","-   ","-   ","DP  ",,
"Muscogee","Muscogee County Sheriff",,"DP  ","DP  ","DP  ","-   ","","DP  ","DP  ","DP  ","DP  ","-   ","DP  ",,
"Muscogee","Columbus Police",,"-   ","DP  ","FTU  ","-   ","","FTU  ","FTU  ","FTU  ","PO  ","-   ","PO  ",,
"Richmond","Augusta-Richmond Co Sheriff",,"DP  ","DP  ","FTU  ","PO  ","","FTU  ","FTU  ","FTU  ","PO  ","PO  ","PO  ",,
,,,"    ","    ","    ","    ","","    ","    ","    ","    ","    ","    ",,
"HAWAII",,,"    ","    ","    ","    ","","    ","    ","    ","    ","    ","    ",,
,,,"    ","    ","    ","    ","","    ","    ","    ","    ","    ","    ",,
"Hawaii","Hawaii County Police",,"-   ","-   ","FTU  ","-   ","","FTU  ","FTU  ","FTU  ","-   ","-   ","PO  ",,
"Honolulu","Honolulu Police",,"-   ","DP  ","FTU  ","-   ","","-   ","FTU  ","FTU  ","PO  ","PO  ","DP  ",,
"Kauai","Kauai County Police",,"PO  ","DP  ","FTU  ","-   ","","-   ","FTU  ","DP  ","-   ","-   ","DP  ",,
"Maui","Maui County Police",,"FTU  ","FTU  ","FTU  ","FTU  ","","FTU  ","FTU  ","FTU  ","DP  ","DP  ","DP  ",,
,,,"    ","    ","    ","    ","","    ","    ","    ","    ","    ","    ",,
"IDAHO",,,"    ","    ","    ","    ","","    ","    ","    ","    ","    ","    ",,
,,,"    ","    ","    ","    ","","    ","    ","    ","    ","    ","    ",,
"Ada","Boise Police",,"PO  ","FTU  ","FTU  ","-   ","","FTU  ","FTU  ","FTU  ","-   ","PO  ","FTU  ",,
"Canyon","Canyon County Sheriff",,"DP  ","FTU  ","DP  ","DP  ","","FTU  ","FTU  ","FTU  ","-   ","FTU  ","FTU  ",,
,,,"    ","    ","    ","    ","","    ","    ","    ","    ","    ","    ",,
"ILLINOIS",,,"    ","    ","    ","    ","","    ","    ","    ","    ","    ","    ",,
,,,"    ","    ","    ","    ","","    ","    ","    ","    ","    ","    ",,
"Champaign","Champaign Police",,"PO  ","DP  ","-   ","-   ","","FTU  ","FTU  ","FTU  ","PO  ","PO  ","PO  ",,
"Cook","Cook County Sheriff",,"    ","    ","    ","    ","","    ","    ","    ","    ","    ","    ",,
"Cook","Arlington Heights Police",,"-   ","FTU  ","PO  ","-   ","","-   ","FTU  ","PO  ","PO  ","PO  ","PO  ",,
"Cook","Chicago Police",,"FTU  ","FTU  ","PO  ","-   ","","FTU  ","FTU  ","FTU  ","DP  ","-   ","PO  ",,
"Cook","Cicero Police",,"DP  ","-   ","DP  ","-   ","","-   ","DP  ","FTU  ","DP  ","PO  ","DP  ",,
"Cook","Evanston Police",,"PO  ","PO  ","DP  ","-   ","","DP  ","FTU  ","FTU  ","PO  ","PO  ","FTU  ",,
"Cook","Oak Lawn Police",,"PO  ","DP  ","PO  ","PO  ","","PO  ","PO  ","DP  ","-   ","-   ","PO  ",,
"Cook","Oak Park Police",,"PO  ","-   ","DP  ","DP  ","","DP  ","DP  ","FTU  ","FTU  ","DP  ","DP  ",,
"Cook","Schaumburg Police",,"PO  ","DP  ","PO  ","PO  ","","DP  ","FTU  ","DP  ","PO  ","PO  ","PO  ",,
"Cook","Skokie Police",,"PO  ","DP  ","PO  ","-   ","","FTU  ","FTU  ","FTU  ","DP  ","-   ","FTU  ",,
"Du Page","Du Page County Sheriff",,"PO  ","FTU  ","PO  ","PO  ","","FTU  ","FTU  ","FTU  ","FTU  ","FTU  ","FTU  ",,
"Du Page ","Naperville Police",,"PO  ","FTU  ","DP  ","PO  ","","FTU  ","FTU  ","FTU  ","DP  ","DP  ","DP  ",,
"Kane","Aurora Police",,"-   ","-   ","PO  ","-   ","","FTU  ","FTU  ","FTU  ","FTU  ","DP  ","-   ",,
"Kane","Elgin Police",,"PO  ","DP  ","DP  ","PO  ","","FTU  ","FTU  ","FTU  ","FTU  ","PO  ","FTU  ",,
"Lake ","Lake County Sheriff",,"PO  ","FTU  ","DP  ","-   ","","-   ","FTU  ","FTU  ","PO  ","FTU  ","PO  ",,
"Lake","Waukegan Police",,"PO  ","DP  ","FTU  ","PO  ","","FTU  ","FTU  ","FTU  ","FTU  ","FTU  ","DP  ",,
"Macon","Decatur Police",,"PO  ","-   ","PO  ","-   ","","FTU  ","FTU  ","FTU  ","-   ","PO  ","-   ",,
"Peoria","Peoria Police",,"FTU  ","DP  ","DP  ","PO  ","","FTU  ","FTU  ","FTU  ","DP  ","PO  ","FTU  ",,
"Sangamon","Springfield Police",,"DP  ","DP  ","DP  ","DP  ","","FTU  ","FTU  ","FTU  ","DP  ","-   ","-   ",,
"Will","Will County Sheriff",,"-   ","FTU  ","FTU  ","FTU  ","","-   ","FTU  ","FTU  ","FTU  ","-   ","DP  ",,
"Will","Joliet Police",,"DP  ","DP  ","DP  ","PO  ","","FTU  ","FTU  ","FTU  ","FTU  ","-   ","FTU  ",,
"Winnebago","Winnebago County Sheriff",,"PO  ","DP  ","DP  ","-   ","","FTU  ","DP  ","DP  ","-   ","-   ","FTU  ",,
"Winnebago","Rockford Police",,"-   ","-   ","FTU  ","-   ","","DP  ","FTU  ","FTU  ","-   ","-   ","FTU  ",,
,,,"    ","    ","    ","    ","","    ","    ","    ","    ","    ","    ",,
"INDIANA",,,"    ","    ","    ","    ","","    ","    ","    ","    ","    ","    ",,
,,,"    ","    ","    ","    ","","    ","    ","    ","    ","    ","    ",,
"Allen ","Allen County Sheriff",,"PO  ","PO  ","PO  ","PO  ","","PO  ","-   ","FTU  ","-   ","-   ","PO  ",,
"Allen","Fort Wayne Police",,"-   ","DP  ","PO  ","PO  ","","FTU  ","DP  ","FTU  ","DP  ","DP  ","FTU  ",,
"Delaware","Muncie Police",,"-   ","-   ","DP  ","-   ","","-   ","FTU  ","FTU  ","DP  ","-   ","FTU  ",,
"Elkhart","Elkhart Police",,"DP  ","-   ","PO  ","-   ","","DP  ","DP  ","DP  ","DP  ","-   ","FTU  ",,
"Howard","Kokomo Police",,"FTU  ","-   ","-   ","PO  ","","FTU  ","FTU  ","FTU  ","FTU  ","PO  ","FTU  ",,
"Lake","Lake County Sheriff",,"DP  ","-   ","FTU  ","DP  ","","DP  ","FTU  ","FTU  ","DP  ","DP  ","DP  ",,
"Lake","East Chicago Police",,"DP  ","-   ","PO  ","DP  ","","DP  ","FTU  ","DP  ","DP  ","DP  ","DP  ",,
"Lake","Gary Police",,"PO  ","-   ","PO  ","-   ","","FTU  ","DP  ","FTU  ","-   ","PO  ","FTU  ",,
"Lake","Hammond Police",,"-   ","-   ","PO  ","-   ","","FTU  ","FTU  ","FTU  ","-   ","-   ","-   ",,
"Madison","Anderson Police",,"-   ","-   ","PO  ","-   ","","FTU  ","FTU  ","FTU  ","FTU  ","-   ","FTU  ",,
"Marion","Marion County Sheriff",,"FTU  ","DP  ","DP  ","DP  ","","FTU  ","FTU  ","FTU  ","DP  ","DP  ","FTU  ",,
"Marion","Indianapolis Police",,"DP  ","FTU  ","FTU  ","PO  ","","FTU  ","FTU  ","FTU  ","FTU  ","PO  ","FTU  ",,
"St. Joseph","St. Joseph County Sheriff",,"PO  ","-   ","DP  ","DP  ","","-   ","-   ","DP  ","DP  ","-   ","-   ",,
"St. Joseph","South Bend Police",,"PO  ","PO  ","PO  ","PO  ","","FTU  ","FTU  ","FTU  ","PO  ","PO  ","PO  ",,
"Vanderburgh","Vanderburgh County Sheriff",,"DP  ","PO  ","DP  ","DP  ","","DP  ","-   ","FTU  ","DP  ","DP  ","FTU  ",,
"Vanderburgh","Evansville Police",,"DP  ","FTU  ","DP  ","FTU  ","","FTU  ","FTU  ","FTU  ","DP  ","FTU  ","DP  ",,
"Vigo","Terre Haute Police",,"-   ","-   ","DP  ","DP  ","","DP  ","DP  ","DP  ","FTU  ","DP  ","DP  ",,
" ",,,"    ","    ","    ","    ","","    ","    ","    ","    ","    ","    ",,
"IOWA",,,"    ","    ","    ","    ","","    ","    ","    ","    ","    ","    ",,
,,,"    ","    ","    ","    ","","    ","    ","    ","    ","    ","    ",,
"Black Hawk","Waterloo Police",,"PO  ","PO  ","-   ","-   ","","PO  ","FTU  ","FTU  ","DP  ","-   ","FTU  ",,
"Linn","Cedar Rapids Police",,"PO  ","DP  ","FTU  ","-   ","","FTU  ","FTU  ","FTU  ","-   ","-   ","PO  ",,
"Polk","Polk County Sheriff",,"PO  ","DP  ","PO  ","-   ","","DP  ","FTU  ","DP  ","DP  ","DP  ","DP  ",,
"Polk","Des Moines Police",,"PO  ","-   ","DP  ","-   ","","-   ","FTU  ","FTU  ","PO  ","-   ","FTU  ",,
"Pottawattamie","Council Bluffs Police",,"PO  ","DP  ","PO  ","-   ","","-   ","FTU  ","FTU  ","-   ","-   ","-   ",,
"Scott","Davenport Police",,"PO  ","DP  ","-   ","-   ","","DP  ","FTU  ","FTU  ","-   ","-   ","PO  ",,
"Woodbury","Sioux City Police",,"PO  ","-   ","FTU  ","-   ","","FTU  ","FTU  ","DP  ","PO  ","-   ","FTU  ",,
" ",,,"    ","    ","    ","    ","","    ","    ","    ","    ","    ","    ",,
"KANSAS",,,"    ","    ","    ","    ","","    ","    ","    ","    ","    ","    ",,
,,,"    ","    ","    ","    ","","    ","    ","    ","    ","    ","    ",,
"Douglas","Lawrence Police",,"PO  ","DP  ","PO  ","PO  ","","FTU  ","FTU  ","FTU  ","PO  ","PO  ","PO  ",,
"Johnson","Johnson County Sheriff",,"DP  ","DP  ","PO  ","-   ","","FTU  ","DP  ","DP  ","-   ","-   ","-   ",,
"Johnson","Olathe Police",,"PO  ","DP  ","FTU  ","-   ","","DP  ","FTU  ","DP  ","-   ","-   ","-   ",,
"Johnson","Overland Park Police",,"PO  ","FTU  ","DP  ","-   ","","FTU  ","FTU  ","FTU  ","DP  ","-   ","PO  ",,
"Sedgwick","Sedgwick County Sheriff",,"PO  ","-   ","PO  ","PO  ","","PO  ","FTU  ","FTU  ","-   ","-   ","-   ",,
"Sedgwick","Wichita Police",,"PO  ","FTU  ","PO  ","-   ","","FTU  ","FTU  ","FTU  ","-   ","-   ","-   ",,
"Shawnee","Topeka Police",,"DP  ","DP  ","DP  ","-   ","","FTU  ","FTU  ","FTU  ","FTU  ","DP  ","PO  ",,
"Wyandotte","Kansas City Police",,"PO  ","-   ","FTU  ","-   ","","FTU  ","FTU  ","FTU  ","-   ","FTU  ","FTU  ",,
,,,"    ","    ","    ","    ","","    ","    ","    ","    ","    ","    ",,
"KENTUCKY",,,"    ","    ","    ","    ","","    ","    ","    ","    ","    ","    ",,
,,,"    ","    ","    ","    ","","    ","    ","    ","    ","    ","    ",,
"Fayette","Lexington-Fayette County Police",,"DP  ","DP  ","PO  ","-   ","","FTU  ","FTU  ","FTU  ","FTU  ","FTU  ","PO  ",,
"Jefferson","Jefferson County Police",,"PO  ","-   ","PO  ","-   ","","FTU  ","DP  ","FTU  ","-   ","-   ","-   ",,
"Jefferson","Louisville Police",,"PO  ","FTU  ","PO  ","-   ","","FTU  ","FTU  ","FTU  ","-   ","-   ","FTU  ",,
"Kenton","Covington Police",,"DP  ","DP  ","FTU  ","-   ","","DP  ","FTU  ","DP  ","DP  ","DP  ","DP  ",,
" ",,,"    ","    ","    ","    ","","    ","    ","    ","    ","    ","    ",,
"LOUISIANA",,,"    ","    ","    ","    ","","    ","    ","    ","    ","    ","    ",,
,,,"    ","    ","    ","    ","","    ","    ","    ","    ","    ","    ",,
"Ascension","Ascension Parish Sheriff",,"PO  ","DP  ","PO  ","-   ","","DP  ","-   ","DP  ","-   ","-   ","DP  ",,
"Bossier","Bossier Parish Sheriff",,"-   ","-   ","FTU  ","-   ","","-   ","-   ","DP  ","FTU  ","-   ","-   ",,
"Bossier","Bossier Police",,"PO  ","-   ","DP  ","-   ","","DP  ","FTU  ","FTU  ","-   ","-   ","FTU  ",,
"Caddo","Caddo Parish Sheriff",,"DP  ","-   ","FTU  ","DP  ","","PO  ","FTU  ","FTU  ","FTU  ","PO  ","FTU  ",,
"Caddo","Shreveport Police",,"-   ","-   ","FTU  ","-   ","","FTU  ","DP  ","FTU  ","FTU  ","-   ","PO  ",,
"Calcasieu","Calcasieu Parish Sheriff",,"DP  ","DP  ","PO  ","-   ","","DP  ","DP  ","DP  ","-   ","-   ","DP  ",,
"Calcasieu","Lake Charles Police",,"DP  ","-   ","DP  ","DP  ","","FTU  ","FTU  ","FTU  ","DP  ","DP  ","DP  ",,
"E. Baton Rouge","E. Baton Rouge Parish Sheriff",,"-   ","-   ","PO  ","-   ","","-   ","FTU  ","FTU  ","FTU  ","-   ","DP  ",,
"E. Baton Rouge","Baton Rouge Police",,"DP  ","FTU  ","FTU  ","DP  ","","FTU  ","DP  ","FTU  ","FTU  ","DP  ","DP  ",,
"Jefferson","Jefferson Parish Sheriff",,"DP  ","DP  ","DP  ","DP  ","","FTU  ","FTU  ","FTU  ","DP  ","FTU  ","FTU  ",,
"Jefferson","Kenner Police",,"-   ","-   ","DP  ","-   ","","FTU  ","FTU  ","FTU  ","PO  ","-   ","PO  ",,
"Lafayette","Lafayette Parish Sheriff",,"-   ","-   ","-   ","-   ","","-   ","FTU  ","FTU  ","-   ","-   ","FTU  ",,
"Lafayette","Lafayette Police",,"-   ","DP  ","FTU  ","-   ","","FTU  ","FTU  ","FTU  ","FTU  ","FTU  ","PO  ",,
"Lafourche","Lafourche Parish Sheriff",,"PO  ","DP  ","FTU  ","PO  ","","FTU  ","FTU  ","FTU  ","PO  ","-   ","FTU  ",,
"Livingston","Livingston Parish Sheriff",,"PO  ","PO  ","PO  ","PO  ","","PO  ","PO  ","PO  ","PO  ","PO  ","PO  ",,
"Morehouse","Morehouse Parish Sheriff",,"-   ","-   ","-   ","-   ","","-   ","-   ","FTU  ","-   ","-   ","-   ",,
"Orleans","Orleans Parish Sheriff",,"PO  ","PO  ","PO  ","PO  ","","PO  ","FTU  ","FTU  ","PO  ","PO  ","FTU  ",,
"Orleans","New Orleans Police",,"DP  ","-   ","FTU  ","-   ","","FTU  ","FTU  ","FTU  ","DP  ","PO  ","PO  ",,
"Ouachita","Ouachita Parish Sheriff",,"---      ","---      ","---      ","---       ","","---      ","---       ","---       ","---       ","---       ","---      ",,
"Ouachita","Monroe Police",,"DP  ","DP  ","FTU  ","DP  ","","FTU  ","FTU  ","FTU  ","PO  ","-   ","DP  ",,
"Plaquemines","Plaquemines Parish Sheriff",,"DP  ","DP  ","DP  ","DP  ","","DP  ","FTU  ","FTU  ","FTU  ","DP  ","DP  ",,
"Rapides","Rapides Parish Sheriff",,"PO  ","PO  ","PO  ","PO  ","","-   ","DP  ","FTU  ","-   ","-   ","DP  ",,
"Rapides","Alexandria Police",,"DP  ","PO  ","FTU  ","-   ","","PO  ","FTU  ","FTU  ","-   ","-   ","-   ",,
"St. Charles","St. Charles Parish Sheriff",,"-   ","-   ","PO  ","-   ","","-   ","FTU  ","FTU  ","-   ","FTU  ","FTU  ",,
"St. John the Baptist","St. John the Baptist Sheriff",,"-   ","-   ","DP  ","PO  ","","DP  ","DP  ","FTU  ","DP  ","DP  ","DP  ",,
"St. Landry","St. Landry Parish Sheriff",,"-   ","-   ","-   ","-   ","","-   ","FTU  ","FTU  ","-   ","-   ","-   ",,
"St. Martin","St. Martin Parish Sheriff",,"PO  ","PO  ","DP  ","DP  ","","FTU  ","DP  ","DP  ","DP  ","DP  ","FTU  ",,
"St. Tammany","St. Tammany Parish Sheriff",,"DP  ","-   ","DP  ","-   ","","-   ","FTU  ","FTU  ","DP  ","-   ","FTU  ",,
"Terrebonne","Terrebonne Parish Sheriff",,"-   ","-   ","PO  ","-   ","","-   ","-   ","PO  ","DP  ","-   ","DP  ",,
,,,"    ","    ","    ","    ","","    ","    ","    ","    ","    ","    ",,
"MAINE",,,"    ","    ","    ","    ","","    ","    ","    ","    ","    ","    ",,
,,,"    ","    ","    ","    ","","    ","    ","    ","    ","    ","    ",,
"Cumberland","Portland Police",,"FTU  ","DP  ","DP  ","-   ","","FTU  ","FTU  ","FTU  ","-   ","PO  ","FTU  ",,
" ",,,"    ","    ","    ","    ","","    ","    ","    ","    ","    ","    ",,
"MARYLAND",,,"    ","    ","    ","    ","","    ","    ","    ","    ","    ","    ",,
,,,"    ","    ","    ","    ","","    ","    ","    ","    ","    ","    ",,
"Anne Arundel","Anne Arundel County Police",,"DP  ","DP  ","DP  ","DP  ","","FTU  ","FTU  ","FTU  ","FTU  ","FTU  ","FTU  ",,
"Anne Arundel","Annapolis Police",,"PO  ","-   ","PO  ","-   ","","DP  ","FTU  ","FTU  ","PO  ","-   ","PO  ",,
"Baltimore","Baltimore County Police",,"DP  ","FTU  ","FTU  ","-   ","","FTU  ","FTU  ","FTU  ","-   ","FTU  ","PO  ",,
"Baltimore(city)","Baltimore Police",,"PO  ","PO  ","PO  ","PO  ","","FTU  ","FTU  ","FTU  ","PO  ","PO  ","PO  ",,
"Charles","Charles County Sheriff",,"PO  ","-   ","FTU  ","-   ","","FTU  ","FTU  ","FTU  ","DP  ","DP  ","FTU  ",,
"Harford","Harford County Sheriff",,"PO  ","DP  ","DP  ","FTU  ","","FTU  ","FTU  ","FTU  ","-   ","-   ","FTU  ",,
"Howard","Howard County Police",,"DP  ","DP  ","DP  ","PO  ","","FTU  ","FTU  ","FTU  ","DP  ","DP  ","FTU  ",,
"Montgomery","Montgomery County Police",,"FTU  ","FTU  ","FTU  ","-   ","","FTU  ","FTU  ","FTU  ","FTU  ","FTU  ","FTU  ",,
"Prince George's ","Prince George's County Police",,"DP  ","DP  ","PO  ","-   ","","FTU  ","DP  ","FTU  ","PO  ","FTU  ","FTU  ",,
,,,"    ","    ","    ","    ","","    ","    ","    ","    ","    ","    ",,
"MASSACHUSETTS",,,"    ","    ","    ","    ","","    ","    ","    ","    ","    ","    ",,
,,,"    ","    ","    ","    ","","    ","    ","    ","    ","    ","    ",,
"Bristol","Fall River Police",,"PO  ","-   ","PO  ","PO  ","","FTU  ","FTU  ","FTU  ","-   ","-   ","-   ",,
"Bristol","New Bedford Police",,"DP  ","-   ","PO  ","-   ","","PO  ","DP  ","DP  ","-   ","-   ","-   ",,
"Bristol","Taunton Police",,"DP  ","-   ","PO  ","-   ","","DP  ","DP  ","DP  ","FTU  ","-   ","-   ",,
"Essex","Lawrence Police",,"DP  ","-   ","DP  ","-   ","","FTU  ","DP  ","FTU  ","FTU  ","PO  ","PO  ",,
"Essex","Lynn Police",,"PO  ","-   ","PO  ","PO  ","","DP  ","DP  ","FTU  ","FTU  ","PO  ","PO  ",,
"Hampden","Chicopee Police",,"DP  ","DP  ","DP  ","DP  ","","FTU  ","DP  ","FTU  ","FTU  ","-   ","-   ",,
"Hampden","Holyoke Police",,"DP  ","DP  ","DP  ","DP  ","","DP  ","DP  ","DP  ","-   ","DP  ","FTU  ",,
"Hampden","Springfield Police",,"DP  ","-   ","FTU  ","FTU  ","","FTU  ","DP  ","FTU  ","DP  ","DP  ","FTU  ",,
"Middlesex","Cambridge Police",,"DP  ","-   ","-   ","-   ","","FTU  ","DP  ","FTU  ","FTU  ","-   ","DP  ",,
"Middlesex","Framingham Police",,"DP  ","FTU  ","DP  ","DP  ","","DP  ","DP  ","DP  ","FTU  ","DP  ","FTU  ",,
"Middlesex","Lowell Police",,"PO  ","-   ","PO  ","PO  ","","FTU  ","FTU  ","FTU  ","FTU  ","-   ","-   ",,
"Middlesex","Malden Police",,"FTU  ","-   ","PO  ","-   ","","FTU  ","FTU  ","DP  ","FTU  ","FTU  ","DP  ",,
"Middlesex","Medford Police",,"    ","    ","    ","    ","","    ","    ","    ","    ","    ","    ",,
"Middlesex","Newton Police",,"DP  ","DP  ","DP  ","-   ","","FTU  ","FTU  ","FTU  ","FTU  ","PO  ","FTU  ",,
"Middlesex","Somerville Police",,"FTU  ","-   ","PO  ","-   ","","FTU  ","FTU  ","DP  ","PO  ","PO  ","-   ",,
"Middlesex","Waltham Police",,"DP  ","-   ","PO  ","DP  ","","DP  ","DP  ","DP  ","FTU  ","-   ","DP  ",,
"Norfolk","Brookline Police",,"DP  ","-   ","DP  ","-   ","","PO  ","FTU  ","FTU  ","FTU  ","DP  ","DP  ",,
"Norfolk","Quincy Police",,"DP  ","PO  ","PO  ","PO  ","","FTU  ","FTU  ","FTU  ","FTU  ","PO  ","PO  ",,
"Plymouth","Brockton Police",,"DP  ","-   ","-   ","-   ","","DP  ","FTU  ","FTU  ","-   ","-   ","-   ",,
"Suffolk","Boston Police",,"FTU  ","-   ","PO  ","DP  ","","FTU  ","FTU  ","FTU  ","-   ","-   ","DP  ",,
"Suffolk","Revere Police",,"---      ","---      ","---      ","---       ","","---      ","---       ","---       ","---       ","---       ","---      ",,
"Worcester ","Worcester Police",,"DP  ","DP  ","PO  ","PO  ","","FTU  ","FTU  ","FTU  ","PO  ","PO  ","FTU  ",,
,,,"    ","    ","    ","    ","","    ","    ","    ","    ","    ","    ",,
"MICHIGAN",,,"    ","    ","    ","    ","","    ","    ","    ","    ","    ","    ",,
,,,"    ","    ","    ","    ","","    ","    ","    ","    ","    ","    ",,
"Calhoun","Battle Creek Police",,"-   ","-   ","-   ","-   ","","FTU  ","FTU  ","FTU  ","-   ","-   ","-   ",,
"Genesee","Genesee County Sheriff",,"PO  ","FTU  ","PO  ","-   ","","-   ","-   ","PO  ","-   ","-   ","-   ",,
"Genesee","Flint Police",,"PO  ","DP  ","DP  ","PO  ","","FTU  ","FTU  ","FTU  ","DP  ","PO  ","PO  ",,
"Ingham","Lansing Police",,"PO  ","-   ","DP  ","-   ","","FTU  ","FTU  ","FTU  ","-   ","-   ","PO  ",,
"Kalamazoo","Kalamazoo County Sheriff",,"-   ","-   ","PO  ","-   ","","-   ","PO  ","DP  ","-   ","-   ","PO  ",,
"Kalamazoo","Kalamazoo Police",,"PO  ","-   ","PO  ","-   ","","FTU  ","FTU  ","FTU  ","PO  ","-   ","PO  ",,
"Kent","Kent County Sheriff",,"---      ","---      ","---      ","---       ","","---      ","---       ","---       ","---       ","---       ","---      ",,
"Kent","Grand Rapids Police",,"DP  ","PO  ","DP  ","PO  ","","FTU  ","FTU  ","FTU  ","-   ","FTU  ","-   ",,
"Kent","Wyoming Police",,"DP  ","DP  ","DP  ","DP  ","","FTU  ","DP  ","FTU  ","DP  ","DP  ","DP  ",,
"Macomb","Macomb County Sheriff",,"PO  ","-   ","DP  ","-   ","","-   ","-   ","FTU  ","-   ","-   ","-   ",,
"Macomb","Sterling Heights Police",,"PO  ","PO  ","FTU  ","PO  ","","PO  ","FTU  ","FTU  ","PO  ","PO  ","PO  ",,
"Macomb","Warren Police",,"-   ","-   ","FTU  ","-   ","","-   ","DP  ","FTU  ","-   ","-   ","PO  ",,
"Oakland ","Oakland County Sheriff",,"DP  ","FTU  ","FTU  ","PO  ","","DP  ","FTU  ","FTU  ","-   ","FTU  ","PO  ",,
"Oakland ","Farmington Hills Police ",,"PO  ","-   ","PO  ","-   ","","-   ","FTU  ","PO  ","-   ","-   ","DP  ",,
"Oakland","Pontiac Police",,"DP  ","DP  ","DP  ","DP  ","","DP  ","DP  ","FTU  ","DP  ","DP  ","DP  ",,
"Oakland","Royal Oak Police",,"PO  ","DP  ","DP  ","DP  ","","-   ","FTU  ","DP  ","-   ","-   ","DP  ",,
"Oakland","Southfield Police",,"PO  ","-   ","FTU  ","-   ","","FTU  ","FTU  ","FTU  ","FTU  ","PO  ","-   ",,
"Oakland","Troy Police",,"PO  ","FTU  ","FTU  ","PO  ","","FTU  ","FTU  ","FTU  ","PO  ","PO  ","PO  ",,
"Saginaw","Saginaw Police",,"PO  ","DP  ","DP  ","-   ","","FTU  ","FTU  ","FTU  ","PO  ","-   ","PO  ",,
"Washtenaw","Washtenaw County Sheriff",,"    ","    ","    ","    ","","    ","    ","    ","    ","    ","    ",,
"Washtenaw","Ann Arbor Police",,"DP  ","-   ","FTU  ","DP  ","","FTU  ","FTU  ","FTU  ","PO  ","PO  ","PO  ",,
"Wayne","Wayne County Sheriff",,"-   ","FTU  ","FTU  ","FTU  ","","FTU  ","DP  ","FTU  ","PO  ","FTU  ","PO  ",,
"Wayne","Dearborn Police",,"PO  ","-   ","DP  ","-   ","","DP  ","DP  ","DP  ","DP  ","-   ","DP  ",,
"Wayne","Detroit Police",,"PO  ","-   ","DP  ","DP  ","","FTU  ","FTU  ","FTU  ","DP  ","FTU  ","DP  ",,
"Wayne","Livonia Police",,"DP  ","DP  ","DP  ","-   ","","DP  ","FTU  ","DP  ","DP  ","-   ","DP  ",,
"Wayne","Taylor Police",,"PO  ","DP  ","DP  ","-   ","","-   ","PO  ","DP  ","-   ","-   ","PO  ",,
"Wayne","Westland Police",,"-   ","-   ","FTU  ","-   ","","DP  ","FTU  ","FTU  ","-   ","-   ","FTU  ",,
,,,"    ","    ","    ","    ","","    ","    ","    ","    ","    ","    ",,
"MINNESOTA",,,"    ","    ","    ","    ","","    ","    ","    ","    ","    ","    ",,
,,,"    ","    ","    ","    ","","    ","    ","    ","    ","    ","    ",,
"Hennepin","Hennepin County Sheriff",,"DP  ","-   ","DP  ","DP  ","","DP  ","DP  ","FTU  ","FTU  ","DP  ","PO  ",,
"Hennepin","Bloomington Police",,"FTU  ","FTU  ","FTU  ","FTU  ","","-   ","FTU  ","FTU  ","DP  ","FTU  ","DP  ",,
"Hennepin","Minneapolis Police",,"DP  ","FTU  ","DP  ","-   ","","FTU  ","FTU  ","FTU  ","DP  ","FTU  ","DP  ",,
"Olmsted","Rochester Police",,"DP  ","-   ","DP  ","-   ","","-   ","FTU  ","DP  ","-   ","-   ","-   ",,
"Ramsey","Ramsey County Sheriff",,"---      ","---      ","---      ","---       ","","---      ","---       ","---       ","---       ","---       ","---      ",,
"Ramsey","St. Paul Police",,"DP  ","DP  ","DP  ","PO  ","","DP  ","DP  ","FTU  ","DP  ","DP  ","FTU  ",,
"St. Louis ","Duluth Police",,"PO  ","DP  ","DP  ","-   ","","FTU  ","FTU  ","DP  ","PO  ","PO  ","PO  ",,
,,,"    ","    ","    ","    ","","    ","    ","    ","    ","    ","    ",,
"MISSISSIPPI",,,"    ","    ","    ","    ","","    ","    ","    ","    ","    ","    ",,
,,,"    ","    ","    ","    ","","    ","    ","    ","    ","    ","    ",,
"Forrest","Hattiesburg Police",,"PO  ","PO  ","FTU  ","-   ","","FTU  ","FTU  ","FTU  ","FTU  ","PO  ","FTU  ",,
"Harrison","Harrison County Sheriff",,"-   ","-   ","FTU  ","-   ","","-   ","FTU  ","-   ","-   ","-   ","-   ",,
"Harrison","Biloxi Police",,"-   ","-   ","FTU  ","-   ","","-   ","FTU  ","FTU  ","-   ","-   ","-   ",,
"Harrison","Gulfport Police",,"-   ","-   ","FTU  ","-   ","","-   ","FTU  ","FTU  ","-   ","-   ","-   ",,
"Hinds","Jackson Police",,"DP  ","-   ","FTU  ","-   ","","FTU  ","FTU  ","FTU  ","-   ","-   ","FTU  ",,
"Lauderdale","Meridian Police",,"FTU  ","DP  ","FTU  ","-   ","","FTU  ","FTU  ","FTU  ","DP  ","-   ","-   ",,
"Lee","Tupelo Police",,"DP  ","PO  ","DP  ","PO  ","","PO  ","FTU  ","DP  ","DP  ","DP  ","DP  ",,
"Warren","Vicksburg Police",,"PO  ","-   ","DP  ","DP  ","","DP  ","DP  ","FTU  ","DP  ","-   ","FTU  ",,
"Washington","Greenville Police",,"-   ","-   ","-   ","-   ","","-   ","-   ","FTU  ","-   ","-   ","FTU  ",,
,,,"    ","    ","    ","    ","","    ","    ","    ","    ","    ","    ",,
"MISSOURI",,,"    ","    ","    ","    ","","    ","    ","    ","    ","    ","    ",,
,,,"    ","    ","    ","    ","","    ","    ","    ","    ","    ","    ",,
"Boone","Columbia Police",,"PO  ","DP  ","DP  ","-   ","","FTU  ","FTU  ","PO  ","DP  ","-   ","-   ",,
"Buchanan ","St. Joseph Police",,"PO  ","FTU  ","FTU  ","PO  ","","FTU  ","FTU  ","FTU  ","PO  ","PO  ","PO  ",,
"Greene","Springfield Police",,"PO  ","DP  ","FTU  ","PO  ","","FTU  ","FTU  ","FTU  ","-   ","-   ","PO  ",,
"Jackson","Independence Police",,"PO  ","-   ","DP  ","-   ","","DP  ","DP  ","FTU  ","DP  ","-   ","DP  ",,
"Jackson","Kansas City Police",,"FTU  ","FTU  ","DP  ","FTU  ","","DP  ","FTU  ","FTU  ","FTU  ","FTU  ","FTU  ",,
"Jefferson","Jefferson County Sheriff",,"DP  ","DP  ","FTU  ","DP  ","","DP  ","FTU  ","FTU  ","DP  ","DP  ","FTU  ",,
"St. Charles","St. Charles County Sheriff",,"FTU  ","DP  ","FTU  ","-   ","","DP  ","DP  ","DP  ","DP  ","DP  ","FTU  ",,
"St. Charles","St. Charles Police",,"---      ","---      ","---      ","---       ","","---      ","---       ","---       ","---       ","---       ","---      ",,
"St. Louis","St. Louis County Police",,"PO  ","DP  ","DP  ","-   ","","DP  ","FTU  ","FTU  ","-   ","DP  ","PO  ",,
"St. Louis(city)","St. Louis Police",,"PO  ","PO  ","PO  ","-   ","","FTU  ","FTU  ","FTU  ","FTU  ","PO  ","PO  ",,
,,,"    ","    ","    ","    ","","    ","    ","    ","    ","    ","    ",,
"MONTANA",,,"    ","    ","    ","    ","","    ","    ","    ","    ","    ","    ",,
,,,"    ","    ","    ","    ","","    ","    ","    ","    ","    ","    ",,
"Yellowstone","Billings Police",,"PO  ","PO  ","PO  ","PO  ","","FTU  ","DP  ","DP  ","DP  ","PO  ","DP  ",,
,,,"    ","    ","    ","    ","","    ","    ","    ","    ","    ","    ",,
"NEBRASKA",,,"    ","    ","    ","    ","","    ","    ","    ","    ","    ","    ",,
,,,"    ","    ","    ","    ","","    ","    ","    ","    ","    ","    ",,
"Douglas","Douglas County Sheriff",,"-   ","FT  ","-   ","-   ",".","FT  ","FT  ","FT  ","-   ","-   ","-   ",,
"Douglas","Omaha Police",,"DP  ","DP  ","DP  ","-   ",".","DP  ","DP  ","DP  ","DP  ","DP  ","DP  ",,
"Lancaster","Lincoln Police",,"PO  ","DP  ","DP  ","-   ",".","FT  ","FT  ","FT  ","PO  ","PO  ","FT  ",,
"Sarpy ","Sarpy County Sheriff",,"DP  ","-   ","PO  ","-   ",".","DP  ","DP  ","DP  ","-   ","-   ","-   ",,
,,,"    ","    ","    ","    ","","    ","    ","    ","    ","    ","    ",,
"NEVADA",,,"    ","    ","    ","    ","","    ","    ","    ","    ","    ","    ",,
,,,"    ","    ","    ","    ","","    ","    ","    ","    ","    ","    ",,
"Clark","Las Vegas Metropolitan Police",,"DP  ","DP  ","DP  ","DP  ","","FTU  ","FTU  ","FTU  ","PO  ","FTU  ","FTU  ",,
"Clark","Henderson Police",,"PO  ","-   ","PO  ","-   ","","DP  ","FTU  ","FTU  ","-   ","-   ","-   ",,
"Clark","North Las Vegas Police",,"DP  ","DP  ","FTU  ","DP  ","","FTU  ","FTU  ","FTU  ","DP  ","DP  ","FTU  ",,
"Washoe ","Washoe County Sheriff",,"DP  ","-   ","PO  ","-   ","","DP  ","FTU  ","FTU  ","DP  ","FTU  ","FTU  ",,
"Washoe","Reno Police",,"PO  ","DP  ","FTU  ","-   ","","FTU  ","PO  ","FTU  ","PO  ","FTU  ","FTU  ",,
,,,"    ","    ","    ","    ","","    ","    ","    ","    ","    ","    ",,
"NEW HAMPSHIRE",,,"    ","    ","    ","    ","","    ","    ","    ","    ","    ","    ",,
,,,"    ","    ","    ","    ","","    ","    ","    ","    ","    ","    ",,
"Hillsborough","Manchester Police",,"PO  ","DP  ","PO  ","-   ","","FTU  ","FTU  ","FTU  ","FTU  ","-   ","FTU  ",,
"Hillsborough","Nashua Police",,"DP  ","DP  ","PO  ","DP  ","","DP  ","FTU  ","FTU  ","-   ","-   ","FTU  ",,
,,,"    ","    ","    ","    ","","    ","    ","    ","    ","    ","    ",,
"NEW JERSEY",,,"    ","    ","    ","    ","","    ","    ","    ","    ","    ","    ",,
,,,"    ","    ","    ","    ","","    ","    ","    ","    ","    ","    ",,
"Atlantic","Atlantic City Police",,"DP  ","-   ","DP  ","DP  ","","DP  ","DP  ","DP  ","DP  ","DP  ","DP  ",,
"Bergen","Hackensack Police",,"DP  ","PO  ","DP  ","DP  ","","DP  ","FTU  ","FTU  ","DP  ","DP  ","DP  ",,
"Camden","Camden Police",,"DP  ","-   ","DP  ","-   ","","FTU  ","FTU  ","FTU  ","DP  ","-   ","PO  ",,
"Camden","Cherry Hill Police",,"DP  ","DP  ","DP  ","DP  ","","FTU  ","FTU  ","FTU  ","PO  ","-   ","-   ",,
"Cape May","Cape May County Sheriff",,"-   ","-   ","PO  ","DP  ","","-   ","FTU  ","DP  ","-   ","-   ","-   ",,
"Cumberland","Vineland Police",,"PO  ","FTU  ","DP  ","DP  ","","FTU  ","DP  ","FTU  ","-   ","-   ","DP  ",,
"Essex","Belleville Police",,"DP  ","-   ","PO  ","-   ","","-   ","FTU  ","FTU  ","PO  ","-   ","PO  ",,
"Essex","Bloomfield Police",,"DP  ","-   ","PO  ","-   ","","DP  ","FTU  ","FTU  ","DP  ","-   ","-   ",,
"Essex","East Orange Police",,"DP  ","-   ","FTU  ","-   ","","DP  ","DP  ","FTU  ","FTU  ","DP  ","PO  ",,
"Essex","Irvington Police",,"DP  ","-   ","PO  ","-   ","","DP  ","DP  ","DP  ","-   ","-   ","-   ",,
"Essex","Montclair Police",,"DP  ","-   ","DP  ","DP  ","","FTU  ","FTU  ","FTU  ","DP  ","DP  ","DP  ",,
"Essex","Newark Police",,"DP  ","-   ","DP  ","PO  ","","FTU  ","DP  ","FTU  ","-   ","DP  ","DP  ",,
"Essex","Orange Police",,"PO  ","-   ","PO  ","-   ","","-   ","FTU  ","FTU  ","DP  ","-   ","-   ",,
"Essex","West Orange Police",,"DP  ","DP  ","DP  ","-   ","","FTU  ","FTU  ","FTU  ","-   ","-   ","FTU  ",,
"Hudson","Hudson County Sheriff",,"PO  ","-   ","PO  ","-   ","","-   ","-   ","FTU  ","-   ","-   ","-   ",,
"Hudson","Bayonne Police",,"DP  ","DP  ","DP  ","DP  ","","FTU  ","FTU  ","FTU  ","DP  ","DP  ","DP  ",,
"Hudson","Hoboken Police",,"PO  ","-   ","DP  ","-   ","","DP  ","DP  ","FTU  ","PO  ","PO  ","PO  ",,
"Hudson","Jersey City Police",,"PO  ","-   ","PO  ","PO  ","","FTU  ","FTU  ","FTU  ","PO  ","PO  ","PO  ",,
"Hudson","Kearny Police",,"---      ","---      ","---      ","---       ","","---      ","---       ","---       ","---       ","---       ","---      ",,
"Hudson","North Bergen Police",,"PO  ","PO  ","DP  ","PO  ","","DP  ","DP  ","FTU  ","PO  ","PO  ","DP  ",,
"Hudson","Union City Police",,"PO  ","PO  ","PO  ","PO  ","","DP  ","DP  ","FTU  ","PO  ","PO  ","PO  ",,
"Hudson","West New York Police",,"DP  ","DP  ","DP  ","DP  ","","FTU  ","DP  ","FTU  ","DP  ","-   ","DP  ",,
"Mercer","Hamilton Police",,"DP  ","DP  ","FTU  ","DP  ","","FTU  ","FTU  ","FTU  ","DP  ","PO  ","PO  ",,
"Mercer","Trenton Police",,"DP  ","-   ","DP  ","DP  ","","DP  ","FTU  ","FTU  ","-   ","DP  ","PO  ",,
"Middlesex","Edison Police",,"---      ","---      ","---      ","---       ","","---      ","---       ","---       ","---       ","---       ","---      ",,
"Middlesex","New Brunswick Police",,"DP  ","-   ","PO  ","DP  ","","DP  ","DP  ","FTU  ","PO  ","-   ","-   ",,
"Middlesex","Perth Amboy Police",,"DP  ","-   ","FTU  ","DP  ","","DP  ","FTU  ","FTU  ","DP  ","DP  ","DP  ",,
"Middlesex","Woodbridge Police",,"DP  ","DP  ","PO  ","PO  ","","FTU  ","FTU  ","FTU  ","-   ","FTU  ","DP  ",,
"Morris","Parsippany Police",,"PO  ","-   ","-   ","-   ","","PO  ","PO  ","FTU  ","PO  ","-   ","FTU  ",,
"Ocean","Brick Township Police",,"DP  ","DP  ","DP  ","DP  ","","DP  ","DP  ","FTU  ","DP  ","DP  ","DP  ",,
"Ocean","Dover Township Police",,"DP  ","FTU  ","DP  ","DP  ","","DP  ","FTU  ","FTU  ","DP  ","FTU  ","DP  ",,
"Passaic","Passaic County Sheriff",,"DP  ","-   ","DP  ","DP  ","","DP  ","DP  ","FTU  ","DP  ","-   ","PO  ",,
"Passaic","Clifton Police",,"DP  ","DP  ","PO  ","PO  ","","FTU  ","FTU  ","DP  ","FTU  ","-   ","-   ",,
"Passaic","Passaic Police",,"DP  ","-   ","PO  ","-   ","","-   ","PO  ","FTU  ","FTU  ","-   ","-   ",,
"Passaic","Paterson Police",,"---      ","---      ","---      ","---       ","","---      ","---       ","---       ","---       ","---       ","---      ",,
"Passaic","Wayne Police",,"PO  ","DP  ","DP  ","DP  ","","DP  ","FTU  ","FTU  ","DP  ","DP  ","DP  ",,
"Union","Elizabeth Police",,"DP  ","DP  ","DP  ","DP  ","","DP  ","FTU  ","FTU  ","PO  ","-   ","DP  ",,
"Union","Linden Police",,"FTU  ","-   ","PO  ","PO  ","","-   ","FTU  ","FTU  ","FTU  ","-   ","PO  ",,
"Union","Plainfield Police",,"DP  ","DP  ","DP  ","PO  ","","DP  ","DP  ","FTU  ","DP  ","DP  ","DP  ",,
"Union","Union Police",,"FTU  ","DP  ","PO  ","PO  ","","FTU  ","FTU  ","FTU  ","PO  ","-   ","PO  ",,
,,,"    ","    ","    ","    ","","    ","    ","    ","    ","    ","    ",,
"NEW MEXICO",,,"    ","    ","    ","    ","","    ","    ","    ","    ","    ","    ",,
,,,"    ","    ","    ","    ","","    ","    ","    ","    ","    ","    ",,
"Bernalillo","Bernalillo County Sheriff",,"PO  ","PO  ","FTU  ","-   ","","FTU  ","FTU  ","FTU  ","FTU  ","-   ","PO  ",,
"Bernalillo","Albuquerque Police",,"PO  ","PO  ","FTU  ","PO  ","","FTU  ","FTU  ","FTU  ","FTU  ","FTU  ","FTU  ",,
"Dona Ana","Las Cruces Police",,"-   ","-   ","FTU  ","FTU  ","","DP  ","FTU  ","FTU  ","-   ","DP  ","FTU  ",,
"Santa Fe ","Santa Fe Police",,"PO  ","-   ","FTU  ","-   ","","DP  ","DP  ","FTU  ","FTU  ","PO  ","-   ",,
,,,"    ","    ","    ","    ","","    ","    ","    ","    ","    ","    ",,
"NEW YORK",,,"    ","    ","    ","    ","","    ","    ","    ","    ","    ","    ",,
,,,"    ","    ","    ","    ","","    ","    ","    ","    ","    ","    ",,
"Albany","Albany County Sheriff",,"PO  ","-   ","FTU  ","-   ","","-   ","-   ","FTU  ","-   ","-   ","FTU  ",,
"Albany","Albany Police",,"PO  ","-   ","PO  ","-   ","","PO  ","FTU  ","FTU  ","FTU  ","-   ","FTU  ",,
"Albany","Colonie Police",,"PO  ","DP  ","DP  ","DP  ","","-   ","DP  ","DP  ","-   ","PO  ","PO  ",,
"Broome","Binghamton Police",,"DP  ","DP  ","FTU  ","DP  ","","DP  ","DP  ","FTU  ","DP  ","DP  ","DP  ",,
"Dutchess","Dutchess County Sheriff",,"PO  ","DP  ","FTU  ","PO  ","","-   ","DP  ","DP  ","PO  ","FTU  ","FTU  ",,
"Erie","Erie County Sheriff",,"-   ","DP  ","PO  ","-   ","","-   ","FTU  ","DP  ","-   ","-   ","DP  ",,
"Erie","Amherst Police",,"DP  ","DP  ","DP  ","DP  ","","FTU  ","FTU  ","DP  ","DP  ","PO  ","DP  ",,
"Erie","Buffalo Police",,"DP  ","DP  ","FTU  ","FTU  ","","FTU  ","FTU  ","FTU  ","DP  ","DP  ","FTU  ",,
"Erie","Cheektowaga Police",,"PO  ","DP  ","-   ","PO  ","","FTU  ","FTU  ","DP  ","-   ","-   ","DP  ",,
"Erie","Tonawanda Police",,"PO  ","-   ","PO  ","PO  ","","DP  ","FTU  ","DP  ","DP  ","-   ","FTU  ",,
"Monroe","Monroe County Sheriff",,"DP  ","DP  ","FTU  ","-   ","","DP  ","FTU  ","FTU  ","-   ","-   ","FTU  ",,
"Monroe","Rochester Police",,"PO  ","-   ","FTU  ","PO  ","","FTU  ","FTU  ","FTU  ","-   ","FTU  ","FTU  ",,
"Nassau","Nassau County Police",,"FTU  ","DP  ","FTU  ","-   ","","DP  ","FTU  ","FTU  ","FTU  ","-   ","-   ",,
"Nassau","Hempstead Police",,"PO  ","-   ","FTU  ","-   ","","DP  ","FTU  ","DP  ","-   ","-   ","PO  ",,
"New York City","New York City Police",,"FTU  ","FTU  ","DP  ","DP  ","","FTU  ","FTU  ","FTU  ","DP  ","DP  ","DP  ",,
"Niagara","Niagara County Sheriff",,"-   ","-   ","PO  ","DP  ","","DP  ","FTU  ","DP  ","-   ","-   ","FTU  ",,
"Niagara","Niagara Falls Police",,"PO  ","PO  ","FTU  ","PO  ","","FTU  ","FTU  ","FTU  ","PO  ","PO  ","PO  ",,
"Oneida","Utica Police",,"PO  ","-   ","DP  ","-   ","","DP  ","DP  ","DP  ","PO  ","-   ","PO  ",,
"Onondaga","Onondaga County Sheriff",,"-   ","DP  ","DP  ","-   ","","FTU  ","-   ","FTU  ","-   ","-   ","DP  ",,
"Onondaga","Syracuse Police",,"PO  ","-   ","DP  ","-   ","","FTU  ","FTU  ","FTU  ","FTU  ","-   ","-   ",,
"Rensselaer","Troy Police",,"PO  ","-   ","FTU  ","-   ","","FTU  ","FTU  ","FTU  ","DP  ","DP  ","FTU  ",,
"Rockland","Rockland County Sheriff",,"PO  ","DP  ","DP  ","-   ","","DP  ","-   ","DP  ","DP  ","-   ","PO  ",,
"Rockland","Clarkstown Police",,"PO  ","DP  ","PO  ","DP  ","","DP  ","PO  ","PO  ","PO  ","-   ","PO  ",,
"Rockland","Ramapo Police",,"DP  ","-   ","PO  ","PO  ","","-   ","FTU  ","FTU  ","-   ","-   ","-   ",,
"Schenectady ","Schenectady Police",,"-   ","-   ","DP  ","-   ","","-   ","DP  ","FTU  ","-   ","-   ","-   ",,
"Suffolk","Suffolk County Sheriff",,"PO  ","-   ","DP  ","-   ","","DP  ","-   ","FTU  ","-   ","-   ","FTU  ",,
"Suffolk","Suffolk County Police",,"FTU  ","DP  ","FTU  ","FTU  ","","-   ","DP  ","FTU  ","FTU  ","FTU  ","PO  ",,
"Westchester","Westchester County Police",,"DP  ","DP  ","DP  ","PO  ","","FTU  ","DP  ","FTU  ","-   ","-   ","-   ",,
"Westchester","Greenburgh Police",,"PO  ","-   ","FTU  ","PO  ","","FTU  ","FTU  ","FTU  ","-   ","-   ","PO  ",,
"Westchester","Mt. Vernon Police",,"PO  ","-   ","PO  ","-   ","","DP  ","FTU  ","FTU  ","PO  ","PO  ","-   ",,
"Westchester","New Rochelle Police",,"DP  ","DP  ","DP  ","DP  ","","DP  ","DP  ","DP  ","DP  ","DP  ","DP  ",,
"Westchester","White Plains Police",,"PO  ","PO  ","PO  ","PO  ","","PO  ","PO  ","FTU  ","PO  ","PO  ","PO  ",,
"Westchester","Yonkers Police",,"DP  ","DP  ","PO  ","-   ","","FTU  ","DP  ","FTU  ","FTU  ","-   ","PO  ",,
,,,"    ","    ","    ","    ","","    ","    ","    ","    ","    ","    ",,
"NORTH CAROLINA",,,"    ","    ","    ","    ","","    ","    ","    ","    ","    ","    ",,
,,,"    ","    ","    ","    ","","    ","    ","    ","    ","    ","    ",,
"Alamance","Burlington Police",,"DP  ","DP  ","PO  ","PO  ","","FTU  ","FTU  ","FTU  ","FTU  ","PO  ","FTU  ",,
"Buncombe","Buncombe County Sheriff",,"DP  ","DP  ","PO  ","DP  ","","FTU  ","FTU  ","FTU  ","FTU  ","FTU  ","FTU  ",,
"Buncombe","Asheville Police",,"DP  ","DP  ","DP  ","PO  ","","FTU  ","FTU  ","FTU  ","DP  ","DP  ","FTU  ",,
"Cabarrus","Cabarrus County Sheriff",,"DP  ","-   ","PO  ","-   ","","DP  ","FTU  ","-   ","-   ","-   ","PO  ",,
"Catawba","Hickory Police",,"-   ","-   ","-   ","-   ","","-   ","FTU  ","-   ","-   ","-   ","FTU  ",,
"Cumberland","Cumberland County Sheriff",,"PO  ","FTU  ","DP  ","DP  ","","FTU  ","FTU  ","FTU  ","FTU  ","DP  ","FTU  ",,
"Cumberland","Fayetteville Police",,"DP  ","FTU  ","FTU  ","-   ","","FTU  ","FTU  ","FTU  ","FTU  ","DP  ","FTU  ",,
"Davidson","Davidson County Sheriff",,"DP  ","DP  ","PO  ","DP  ","","DP  ","DP  ","FTU  ","-   ","-   ","-   ",,
"Durham ","Durham County Sheriff",,"DP  ","FTU  ","DP  ","DP  ","","FTU  ","FTU  ","FTU  ","DP  ","DP  ","FTU  ",,
"Durham","Durham Police",,"-   ","DP  ","DP  ","-   ","","FTU  ","FTU  ","FTU  ","FTU  ","FTU  ","FTU  ",,
"Forsyth","Forsyth County Sheriff",,"DP  ","FTU  ","FTU  ","PO  ","","FTU  ","FTU  ","FTU  ","FTU  ","DP  ","FTU  ",,
"Forsyth","Winston-Salem Police",,"DP  ","PO  ","PO  ","-   ","","FTU  ","FTU  ","FTU  ","FTU  ","FTU  ","FTU  ",,
"Gaston","Gaston County Police",,"DP  ","DP  ","-   ","FTU  ","","FTU  ","FTU  ","FTU  ","DP  ","DP  ","FTU  ",,
"Gaston","Gastonia Police",,"-   ","-   ","DP  ","DP  ","","FTU  ","DP  ","FTU  ","-   ","-   ","-   ",,
"Guilford","Guilford County Sheriff",,"DP  ","-   ","FTU  ","-   ","","FTU  ","FTU  ","FTU  ","DP  ","DP  ","-   ",,
"Guilford","Greensboro Police",,"PO  ","DP  ","PO  ","-   ","","FTU  ","FTU  ","FTU  ","-   ","FTU  ","FTU  ",,
"Guilford","High Point Police",,"-   ","-   ","DP  ","-   ","","FTU  ","FTU  ","FTU  ","DP  ","FTU  ","PO  ",,
"Mecklenburg","Charlotte-Mecklenburg Police",,"DP  ","DP  ","DP  ","-   ","","FTU  ","FTU  ","FTU  ","DP  ","DP  ","PO  ",,
"Nash","Rocky Mount Police",,"DP  ","DP  ","DP  ","PO  ","","FTU  ","DP  ","FTU  ","PO  ","DP  ","FTU  ",,
"New Hanover","Wilmington Police",,"DP  ","DP  ","DP  ","-   ","","FTU  ","FTU  ","FTU  ","FTU  ","FTU  ","DP  ",,
"Orange","Orange County Sheriff",,"DP  ","DP  ","DP  ","DP  ","","DP  ","FTU  ","FTU  ","DP  ","DP  ","FTU  ",,
"Pitt","Greenville Police",,"-   ","-   ","DP  ","-   ","","FTU  ","FTU  ","FTU  ","FTU  ","-   ","FTU  ",,
"Rowan","Rowan County Sheriff",,"DP  ","-   ","FTU  ","DP  ","","DP  ","FTU  ","DP  ","DP  ","-   ","-   ",,
"Union","Union County Sheriff",,"PO  ","-   ","FTU  ","-   ","","DP  ","FTU  ","DP  ","FTU  ","-   ","DP  ",,
"Wake","Wake County Sheriff",,"PO  ","DP  ","DP  ","-   ","","FTU  ","FTU  ","FTU  ","PO  ","-   ","FTU  ",,
"Wake","Raleigh Police",,"DP  ","DP  ","DP  ","DP  ","","FTU  ","FTU  ","FTU  ","PO  ","FTU  ","FTU  ",,
"Wilson","Wilson Police",,"DP  ","-   ","PO  ","-   ","","FTU  ","DP  ","FTU  ","DP  ","FTU  ","FTU  ",,
,,,"    ","    ","    ","    ","","    ","    ","    ","    ","    ","    ",,
"OHIO",,,"    ","    ","    ","    ","","    ","    ","    ","    ","    ","    ",,
,,,"    ","    ","    ","    ","","    ","    ","    ","    ","    ","    ",,
"Butler","Butler County Sheriff",,"PO  ","-   ","PO  ","-   ","","PO  ","FTU  ","PO  ","-   ","-   ","FTU  ",,
"Butler","Hamilton Police",,"PO  ","PO  ","DP  ","DP  ","","DP  ","FTU  ","DP  ","DP  ","-   ","DP  ",,
"Clark","Clark County Sheriff",,"DP  ","DP  ","DP  ","FTU  ","","DP  ","DP  ","DP  ","PO  ","PO  ","PO  ",,
"Clark","Springfield Police",,"-   ","-   ","DP  ","-   ","","-   ","DP  ","DP  ","-   ","-   ","-   ",,
"Cuyahoga","Cleveland Police",,"DP  ","-   ","DP  ","-   ","","FTU  ","DP  ","FTU  ","FTU  ","FTU  ","DP  ",,
"Cuyahoga","Cleveland Heights Police",,"DP  ","-   ","FTU  ","DP  ","","FTU  ","DP  ","DP  ","DP  ","DP  ","DP  ",,
"Cuyahoga","Euclid Police",,"DP  ","DP  ","PO  ","PO  ","","DP  ","FTU  ","DP  ","DP  ","-   ","DP  ",,
"Franklin","Franklin County Sheriff",,"-   ","-   ","PO  ","-   ","","DP  ","PO  ","FTU  ","PO  ","PO  ","PO  ",,
"Franklin","Columbus Police",,"DP  ","FTU  ","FTU  ","PO  ","","FTU  ","DP  ","FTU  ","FTU  ","FTU  ","PO  ",,
"Hamilton","Hamilton County Sheriff",,"PO  ","FTU  ","PO  ","-   ","","-   ","FTU  ","FTU  ","-   ","-   ","PO  ",,
"Hamilton","Cincinnati Police",,"DP  ","DP  ","DP  ","-   ","","FTU  ","FTU  ","FTU  ","FTU  ","-   ","PO  ",,
"Lorain","Lorain Police",,"DP  ","DP  ","DP  ","DP  ","","-   ","DP  ","DP  ","FTU  ","-   ","-   ",,
"Lucas","Lucas County Sheriff",,"PO  ","PO  ","PO  ","PO  ","","PO  ","PO  ","FTU  ","PO  ","PO  ","FTU  ",,
"Lucas","Toledo Police",,"PO  ","DP  ","PO  ","PO  ","","FTU  ","DP  ","FTU  ","FTU  ","-   ","FTU  ",,
"Mahoning","Youngstown Police",,"-   ","-   ","FTU  ","-   ","","-   ","FTU  ","FTU  ","DP  ","DP  ","PO  ",,
"Montgomery","Montgomery County Sheriff",,"DP  ","DP  ","DP  ","PO  ","","FTU  ","FTU  ","FTU  ","-   ","DP  ","FTU  ",,
"Montgomery","Dayton Police",,"PO  ","PO  ","PO  ","-   ","","FTU  ","DP  ","FTU  ","-   ","-   ","-   ",,
"Stark ","Stark County Sheriff",,"-   ","-   ","DP  ","FTU  ","","PO  ","DP  ","PO  ","DP  ","-   ","FTU  ",,
"Stark","Canton Police",,"-   ","-   ","DP  ","-   ","","-   ","DP  ","FTU  ","-   ","-   ","PO  ",,
"Summit","Summit County Sheriff",,"DP  ","DP  ","DP  ","DP  ","","DP  ","FTU  ","DP  ","DP  ","DP  ","DP  ",,
"Summit","Akron Police",,"PO  ","FTU  ","DP  ","-   ","","FTU  ","FTU  ","FTU  ","FTU  ","-   ","FTU  ",,
,,,"    ","    ","    ","    ","","    ","    ","    ","    ","    ","    ",,
"OKLAHOMA",,,"    ","    ","    ","    ","","    ","    ","    ","    ","    ","    ",,
,,,"    ","    ","    ","    ","","    ","    ","    ","    ","    ","    ",,
"Cleveland","Norman Police",,"PO  ","DP  ","DP  ","-   ","","FTU  ","DP  ","FTU  ","-   ","-   ","-   ",,
"Comanche","Lawton Police",,"-   ","PO  ","-   ","-   ","","-   ","FTU  ","FTU  ","-   ","-   ","-   ",,
"Oklahoma","Oklahoma County Sheriff",,"PO  ","-   ","FTU  ","FTU  ","","-   ","PO  ","FTU  ","FTU  ","FTU  ","FTU  ",,
"Oklahoma","Oklahoma City Police",,"DP  ","FTU  ","DP  ","DP  ","","FTU  ","FTU  ","FTU  ","PO  ","DP  ","FTU  ",,
"Tulsa","Tulsa County Sheriff",,"-   ","DP  ","PO  ","-   ","","DP  ","DP  ","FTU  ","-   ","-   ","PO  ",,
"Tulsa","Tulsa Police",,"DP  ","DP  ","PO  ","-   ","","FTU  ","FTU  ","FTU  ","FTU  ","FTU  ","-   ",,
,,,"    ","    ","    ","    ","","    ","    ","    ","    ","    ","    ",,
"OREGON",,,"    ","    ","    ","    ","","    ","    ","    ","    ","    ","    ",,
,,,"    ","    ","    ","    ","","    ","    ","    ","    ","    ","    ",,
"Clackamas","Clackamas County Sheriff",,"PO  ","DP  ","DP  ","PO  ","","FTU  ","DP  ","FTU  ","PO  ","-   ","-   ",,
"Douglas","Douglas County Sheriff",,"PO  ","PO  ","DP  ","DP  ","","PO  ","DP  ","DP  ","DP  ","PO  ","-   ","-   ",
"Jackson","Jackson County Sheriff",,"PO  ","DP  ","FTU  ","-   ","","FTU  ","FTU  ","DP  ","-   ","DP  ","-   ",,
"Lane ","Lane County Sheriff",,"FTU  ","-   ","PO  ","PO  ","","FTU  ","FTU  ","FTU  ","FTU  ","-   ","PO  ",,
"Lane ","Eugene Police",,"PO  ","PO  ","FTU  ","PO  ","","PO  ","PO  ","PO  ","PO  ","PO  ","PO  ",,
"Marion","Salem Police",,"PO  ","-   ","PO  ","-   ","","FTU  ","FTU  ","FTU  ","-   ","-   ","FTU  ",,
"Multnomah","Gresham Police",,"PO  ","DP  ","FTU  ","PO  ","","DP  ","DP  ","DP  ","PO  ","PO  ","DP  ",,
"Multnomah","Portland Police",,"PO  ","FTU  ","FTU  ","-   ","","FTU  ","FTU  ","FTU  ","DP  ","-   ","-   ",,
"Washington","Washington County Sheriff",,"PO  ","DP  ","FTU  ","PO  ","","FTU  ","FTU  ","PO  ","PO  ","PO  ","FTU  ",,
"Washington ","Beaverton Police",,"PO  ","DP  ","DP  ","DP  ","","FTU  ","DP  ","DP  ","-   ","-   ","-   ",,
" ",,,"    ","    ","    ","    ","","    ","    ","    ","    ","    ","    ",,
"PENNSYLVANIA",,,"    ","    ","    ","    ","","    ","    ","    ","    ","    ","    ",,
,,,"    ","    ","    ","    ","","    ","    ","    ","    ","    ","    ",,
"Allegheny","Allegheny County Sheriff",,"-   ","-   ","-   ","-   ","","-   ","FTU  ","DP  ","-   ","-   ","-   ",,
"Allegheny","Allegheny County Police",,"PO  ","DP  ","PO  ","-   ","","PO  ","-   ","DP  ","DP  ","-   ","PO  ",,
"Allegheny","Pittsburgh Police",,"FTU  ","FTU  ","DP  ","-   ","","FTU  ","FTU  ","-   ","-   ","-   ","PO  ",,
"Berks","Reading Police",,"PO  ","-   ","PO  ","-   ","","FTU  ","FTU  ","FTU  ","PO  ","-   ","DP  ",,
"Dauphin","Harrisburg Police",,"DP  ","-   ","FTU  ","-   ","","FTU  ","DP  ","FTU  ","FTU  ","DP  ","DP  ",,
"Delaware","Chester Police",,"-   ","-   ","FTU  ","-   ","","FTU  ","FTU  ","FTU  ","-   ","-   ","PO  ",,
"Delaware","Upper Darby Township Police",,"DP  ","DP  ","PO  ","-   ","","PO  ","DP  ","DP  ","-   ","PO  ","-   ",,
"Erie","Erie Police",,"PO  ","-   ","PO  ","-   ","","FTU  ","FTU  ","FTU  ","PO  ","-   ","PO  ",,
"Lackawanna","Scranton Police",,"PO  ","PO  ","FTU  ","-   ","","FTU  ","FTU  ","FTU  ","DP  ","-   ","FTU  ",,
"Lancaster","Lancaster Police",,"PO  ","-   ","DP  ","-   ","","-   ","FTU  ","FTU  ","-   ","-   ","-   ",,
"Lehigh","Allentown Police",,"PO  ","PO  ","DP  ","PO  ","","PO  ","FTU  ","FTU  ","DP  ","PO  ","PO  ",,
"Montgomery","Lower Merion Township Police",,"PO  ","-   ","PO  ","-   ","","DP  ","FTU  ","FTU  ","DP  ","-   ","PO  ",,
"Northampton","Bethlehem Police",,"PO  ","-   ","FTU  ","-   ","","-   ","FTU  ","DP  ","FTU  ","-   ","FTU  ",,
"Philadelphia","Philadelphia Police",,"FTU  ","FTU  ","DP  ","FTU  ","","FTU  ","DP  ","FTU  ","FTU  ","FTU  ","DP  ",,
,,,"    ","    ","    ","    ","","    ","    ","    ","    ","    ","    ",,
"RHODE ISLAND",,,"    ","    ","    ","    ","","    ","    ","    ","    ","    ","    ",,
,,,"    ","    ","    ","    ","","    ","    ","    ","    ","    ","    ",,
"Kent ","Warwick Police",,"PO  ","-   ","PO  ","PO  ","","PO  ","DP  ","FTU  ","FTU  ","PO  ","FTU  ",,
"Providence","Cranston Police",,"-   ","-   ","PO  ","-   ","","-   ","FTU  ","FTU  ","-   ","-   ","FTU  ",,
"Providence","Pawtucket Police",,"PO  ","-   ","PO  ","-   ","","PO  ","FTU  ","FTU  ","-   ","-   ","-   ",,
"Providence","Providence Police",,"DP  ","-   ","PO  ","-   ","","DP  ","DP  ","FTU  ","FTU  ","-   ","-   ",,
,,,"    ","    ","    ","    ","","    ","    ","    ","    ","    ","    ",,
"SOUTH CAROLINA",,,"    ","    ","    ","    ","","    ","    ","    ","    ","    ","    ",,
,,,"    ","    ","    ","    ","","    ","    ","    ","    ","    ","    ",,
"Anderson","Anderson County Sheriff",,"DP  ","PO  ","FTU  ","-   ","","FTU  ","DP  ","DP  ","-   ","-   ","FTU  ",,
"Beaufort","Beaufort County Sheriff",,"-   ","PO  ","FTU  ","-   ","","PO  ","FTU  ","FTU  ","-   ","-   ","FTU  ",,
"Charleston","Charleston County Sheriff",,"-   ","-   ","PO  ","-   ","","FTU  ","FTU  ","FTU  ","-   ","-   ","FTU  ",,
"Charleston","Charleston Police",,"DP  ","FTU  ","DP  ","DP  ","","FTU  ","DP  ","FTU  ","PO  ","PO  ","FTU  ",,
"Charleston","North Charleston Police",,"DP  ","DP  ","DP  ","-   ","","FTU  ","FTU  ","FTU  ","-   ","-   ","FTU  ",,
"Florence","Florence County Sheriff",,"PO  ","DP  ","PO  ","PO  ","","PO  ","FTU  ","DP  ","DP  ","PO  ","FTU  ",,
"Greenville","Greenville County Sheriff",,"DP  ","FTU  ","FTU  ","FTU  ","","FTU  ","FTU  ","FTU  ","DP  ","DP  ","FTU  ",,
"Greenville","Greenville Police",,"DP  ","DP  ","DP  ","DP  ","","FTU  ","DP  ","FTU  ","PO  ","PO  ","FTU  ",,
"Horry","Horry County Police",,"PO  ","-   ","DP  ","-   ","","PO  ","FTU  ","FTU  ","DP  ","DP  ","FTU  ",,
"Horry","Myrtle Beach Police",,"PO  ","-   ","DP  ","-   ","","FTU  ","FTU  ","FTU  ","DP  ","-   ","-   ",,
"Lexington","Lexington County Sheriff",,"-   ","DP  ","FTU  ","-   ","","FTU  ","FTU  ","FTU  ","DP  ","DP  ","FTU  ",,
"Richland","Richland County Sheriff",,"-   ","DP  ","PO  ","-   ","","DP  ","FTU  ","FTU  ","-   ","-   ","FTU  ",,
"Richland","Columbia Police",,"PO  ","-   ","DP  ","-   ","","FTU  ","FTU  ","FTU  ","PO  ","-   ","FTU  ",,
"Spartanburg","Spartanburg County Sheriff",,"DP  ","PO  ","PO  ","PO  ","","FTU  ","FTU  ","FTU  ","FTU  ","DP  ","FTU  ",,
"Spartanburg","Spartanburg Police",,"PO  ","DP  ","PO  ","-   ","","FTU  ","FTU  ","FTU  ","FTU  ","-   ","FTU  ",,
,,,"    ","    ","    ","    ","","    ","    ","    ","    ","    ","    ",,
"SOUTH DAKOTA",,,"    ","    ","    ","    ","","    ","    ","    ","    ","    ","    ",,
,,,"    ","    ","    ","    ","","    ","    ","    ","    ","    ","    ",,
"Minnehaha","Sioux Falls Police",,"PO  ","DP  ","FTU  ","-   ","","FTU  ","FTU  ","FTU  ","-   ","-   ","-   ",,
,,,"    ","    ","    ","    ","","    ","    ","    ","    ","    ","    ",,
"TENNESSEE",,,"    ","    ","    ","    ","","    ","    ","    ","    ","    ","    ",,
,,,"    ","    ","    ","    ","","    ","    ","    ","    ","    ","    ",,
"Blount","Blount County Sheriff",,"-   ","DP  ","PO  ","-   ","","FTU  ","FTU  ","DP  ","DP  ","-   ","FTU  ",,
"Davidson","Nashville Metropolitan Police",,"DP  ","FTU  ","FTU  ","-   ","","FTU  ","FTU  ","FTU  ","FTU  ","FTU  ","FTU  ",,
"Hamilton","Hamilton County Sheriff",,"---      ","---      ","---      ","---       ","","---      ","---       ","---       ","---       ","---       ","---      ",,
"Hamilton","Chattanooga Police",,"PO  ","-   ","FTU  ","-   ","","FTU  ","FTU  ","FTU  ","FTU  ","-   ","PO  ",,
"Knox","Knox County Sheriff",,"-   ","FTU  ","FTU  ","-   ","","FTU  ","-   ","FTU  ","FTU  ","FTU  ","FTU  ",,
"Knox","Knoxville Police",,"-   ","-   ","FTU  ","-   ","","FTU  ","FTU  ","FTU  ","FTU  ","-   ","-   ",,
"Madison","Jackson Police",,"PO  ","PO  ","FTU  ","PO  ","","FTU  ","FTU  ","PO  ","PO  ","PO  ","PO  ",,
"Montgomery","Clarksville Police",,"-   ","-   ","DP  ","-   ","","FTU  ","FTU  ","DP  ","-   ","-   ","PO  ",,
"Rutherford","Murfreesboro Police",,"PO  ","-   ","DP  ","-   ","","DP  ","FTU  ","FTU  ","PO  ","PO  ","PO  ",,
"Shelby","Shelby County Sheriff",,"---      ","---      ","---      ","---       ","","---      ","---       ","---       ","---       ","---       ","---      ",,
"Shelby","Memphis Police",,"PO  ","DP  ","-   ","-   ","","FTU  ","FTU  ","FTU  ","FTU  ","-   ","PO  ",,
"Sullivan","Sullivan County Sheriff",,"DP  ","-   ","DP  ","-   ","","FTU  ","FTU  ","FTU  ","PO  ","-   ","PO  ",,
"Washington","Johnson City Police",,"PO  ","DP  ","PO  ","-   ","","FTU  ","FTU  ","FTU  ","PO  ","PO  ","DP  ",,
,,,"    ","    ","    ","    ","","    ","    ","    ","    ","    ","    ",,
"TEXAS",,,"    ","    ","    ","    ","","    ","    ","    ","    ","    ","    ",,
,,,"    ","    ","    ","    ","","    ","    ","    ","    ","    ","    ",,
"Bell","Killeen Police",,"DP  ","DP  ","DP  ","DP  ","","FTU  ","FTU  ","FTU  ","DP  ","DP  ","FTU  ",,
"Bell","Temple Police",,"PO  ","PO  ","PO  ","PO  ","","FTU  ","PO  ","FTU  ","PO  ","PO  ","FTU  ",,
"Bexar","Bexar County Sheriff",,"DP  ","DP  ","FTU  ","DP  ","","FTU  ","FTU  ","FTU  ","-   ","-   ","DP  ",,
"Bexar","San Antonio Police",,"DP  ","DP  ","FTU  ","DP  ","","FTU  ","FTU  ","FTU  ","DP  ","FTU  ","FTU  ",,
"Brazoria","Brazoria County Sheriff",,"PO  ","-   ","DP  ","-   ","","DP  ","DP  ","FTU  ","DP  ","PO  ","FTU  ",,
"Cameron","Brownsville Police",,"PO  ","-   ","PO  ","PO  ","","PO  ","FTU  ","FTU  ","-   ","-   ","FTU  ",,
"Cameron","Harlingen Police",,"-   ","-   ","DP  ","-   ","","-   ","FTU  ","FTU  ","FTU  ","-   ","DP  ",,
"Collin","Plano Police",,"DP  ","DP  ","-   ","-   ","","FTU  ","FTU  ","FTU  ","-   ","-   ","DP  ",,
"Dallas","Dallas County Sheriff",,"FTU  ","DP  ","FTU  ","-   ","","FTU  ","DP  ","FTU  ","DP  ","-   ","DP  ",,
"Dallas ","Carrollton Police",,"PO  ","DP  ","PO  ","-   ","","-   ","FTU  ","FTU  ","-   ","PO  ","FTU  ",,
"Dallas","Dallas Police",,"DP  ","DP  ","DP  ","-   ","","FTU  ","FTU  ","FTU  ","-   ","PO  ","DP  ",,
"Dallas","Garland Police",,"DP  ","DP  ","FTU  ","DP  ","","FTU  ","FTU  ","FTU  ","DP  ","FTU  ","FTU  ",,
"Dallas","Grand Prairie Police",,"PO  ","DP  ","FTU  ","-   ","","FTU  ","FTU  ","FTU  ","DP  ","DP  ","FTU  ",,
"Dallas","Irving Police",,"-   ","DP  ","DP  ","-   ","","FTU  ","FTU  ","FTU  ","FTU  ","DP  ","FTU  ",,
"Dallas","Mesquite Police",,"DP  ","DP  ","PO  ","-   ","","FTU  ","FTU  ","FTU  ","FTU  ","-   ","DP  ",,
"Dallas","Richardson Police",,"DP  ","DP  ","DP  ","-   ","","FTU  ","FTU  ","FTU  ","FTU  ","DP  ","FTU  ",,
"Denton","Denton County Sheriff",,"PO  ","PO  ","PO  ","PO  ","","PO  ","FTU  ","FTU  ","PO  ","PO  ","PO  ",,
"Denton","Denton Police",,"-   ","PO  ","DP  ","-   ","","FTU  ","DP  ","FTU  ","-   ","-   ","FTU  ",,
"Ector","Odessa Police",,"PO  ","-   ","DP  ","-   ","","FTU  ","FTU  ","FTU  ","DP  ","FTU  ","FTU  ",,
"El Paso ","El Paso County Sheriff",,"PO  ","-   ","DP  ","FTU  ","","FTU  ","FTU  ","FTU  ","-   ","-   ","PO  ",,
"El Paso","El Paso Police",,"DP  ","DP  ","DP  ","-   ","","DP  ","DP  ","DP  ","-   ","DP  ","DP  ",,
"Fort Bend","Fort Bend County Sheriff",,"-   ","-   ","DP  ","FTU  ","","FTU  ","FTU  ","DP  ","FTU  ","FTU  ","FTU  ",,
"Galveston ","Galveston County Sheriff",,"---      ","---      ","---      ","---       ","","---      ","---       ","---       ","---       ","---       ","---      ",,
"Galveston ","Galveston Police",,"-   ","-   ","PO  ","-   ","","PO  ","FTU  ","FTU  ","-   ","FTU  ","FTU  ",,
"Gregg","Longview Police",,"-   ","DP  ","PO  ","-   ","","FTU  ","-   ","FTU  ","DP  ","PO  ","FTU  ",,
"Harris","Harris County Sheriff",,"-   ","DP  ","DP  ","-   ","","FTU  ","FTU  ","FTU  ","-   ","-   ","DP  ",,
"Harris","Baytown Police",,"-   ","-   ","PO  ","-   ","","FTU  ","FTU  ","FTU  ","-   ","FTU  ","FTU  ",,
"Harris","Houston Police",,"FTU  ","FTU  ","FTU  ","FTU  ","","FTU  ","-   ","FTU  ","-   ","FTU  ","FTU  ",,
"Harris","Pasadena Police",,"-   ","-   ","FTU  ","DP  ","","-   ","FTU  ","FTU  ","-   ","-   ","DP  ",,
"Hidalgo","Hidalgo County Sheriff",,"PO  ","-   ","DP  ","-   ","","FTU  ","FTU  ","FTU  ","DP  ","DP  ","DP  ",,
"Hidalgo","McAllen Police",,"PO  ","-   ","DP  ","-   ","","FTU  ","DP  ","FTU  ","-   ","-   ","FTU  ",,
"Jefferson","Beaumont Police",,"DP  ","DP  ","DP  ","DP  ","","FTU  ","DP  ","FTU  ","DP  ","DP  ","DP  ",,
"Jefferson","Port Arthur Police",,"DP  ","FTU  ","DP  ","DP  ","","FTU  ","FTU  ","FTU  ","DP  ","DP  ","PO  ",,
"Lubbock","Lubbock Police",,"-   ","FTU  ","-   ","-   ","","FTU  ","FTU  ","FTU  ","-   ","-   ","FTU  ",,
"McLennan","McLennan County Sheriff",,"---      ","---      ","---      ","---       ","","---      ","---       ","---       ","---       ","---       ","---      ",,
"McLennan","Waco Police",,"-   ","FTU  ","-   ","PO  ","","FTU  ","-   ","FTU  ","-   ","-   ","-   ",,
"Midland","Midland Police",,"PO  ","DP  ","PO  ","-   ","","DP  ","FTU  ","FTU  ","DP  ","PO  ","DP  ",,
"Montgomery","Montgomery County Sheriff",,"DP  ","-   ","FTU  ","FTU  ","","FTU  ","FTU  ","FTU  ","DP  ","DP  ","FTU  ",,
"Nueces","Nueces County Sheriff",,"DP  ","-   ","DP  ","FTU  ","","DP  ","FTU  ","FTU  ","DP  ","DP  ","DP  ",,
"Nueces","Corpus Christi Police",,"PO  ","FTU  ","DP  ","-   ","","FTU  ","FTU  ","FTU  ","-   ","-   ","FTU  ",,
"Potter","Amarillo Police",,"DP  ","DP  ","DP  ","DP  ","","FTU  ","FTU  ","FTU  ","FTU  ","FTU  ","FTU  ",,
"Smith","Smith County Sheriff",,"DP  ","DP  ","DP  ","-   ","","PO  ","DP  ","DP  ","PO  ","DP  ","PO  ",,
"Smith","Tyler Police",,"PO  ","-   ","DP  ","-   ","","FTU  ","DP  ","FTU  ","FTU  ","PO  ","DP  ",,
"Tarrant","Tarrant County Sheriff",,"-   ","-   ","DP  ","-   ","","DP  ","FTU  ","FTU  ","-   ","DP  ","FTU  ",,
"Tarrant","Arlington Police",,"-   ","FTU  ","FTU  ","-   ","","FTU  ","FTU  ","FTU  ","FTU  ","PO  ","FTU  ",,
"Tarrant","Fort Worth Police",,"DP  ","-   ","FTU  ","-   ","","FTU  ","FTU  ","FTU  ","-   ","-   ","FTU  ",,
"Taylor","Abilene Police",,"-   ","DP  ","PO  ","-   ","","FTU  ","FTU  ","DP  ","DP  ","-   ","DP  ",,
"Tom Green","San Angelo Police",,"DP  ","-   ","DP  ","-   ","","DP  ","FTU  ","FTU  ","DP  ","DP  ","FTU  ",,
"Travis","Travis County Sheriff",,"PO  ","PO  ","PO  ","FTU  ","","FTU  ","FTU  ","FTU  ","PO  ","PO  ","FTU  ",,
"Travis","Austin Police",,"PO  ","FTU  ","FTU  ","DP  ","","FTU  ","FTU  ","FTU  ","FTU  ","FTU  ","FTU  ",,
"Victoria","VIctoria County Sheriff",,"DP  ","-   ","DP  ","-   ","","FTU  ","FTU  ","-   ","DP  ","-   ","FTU  ",,
"Webb","Webb County Sheriff",,"-   ","-   ","DP  ","DP  ","","DP  ","DP  ","DP  ","DP  ","-   ","DP  ",,
"Webb","Laredo Police",,"-   ","-   ","-   ","FTU  ","","-   ","FTU  ","FTU  ","FTU  ","-   ","FTU  ",,
"Wichita","Wichita Falls Police",,"-   ","PO  ","PO  ","-   ","","FTU  ","FTU  ","FTU  ","-   ","-   ","DP  ",,
"Williamson","Williamson County Sheriff",,"PO  ","PO  ","PO  ","DP  ","","PO  ","DP  ","DP  ","PO  ","PO  ","DP  ",,
,,,"    ","    ","    ","    ","","    ","    ","    ","    ","    ","    ",,
"UTAH",,,"    ","    ","    ","    ","","    ","    ","    ","    ","    ","    ",,
,,,"    ","    ","    ","    ","","    ","    ","    ","    ","    ","    ",,
"Salt Lake","Salt Lake County Sheriff",,"PO  ","DP  ","DP  ","DP  ","","FTU  ","FTU  ","FTU  ","PO  ","DP  ","FTU  ",,
"Salt Lake","Salt Lake City Police",,"DP  ","FTU  ","FTU  ","-   ","","FTU  ","FTU  ","FTU  ","PO  ","PO  ","FTU  ",,
"Salt Lake","West Valley City Police",,"PO  ","DP  ","FTU  ","-   ","","FTU  ","FTU  ","FTU  ","PO  ","FTU  ","PO  ",,
"Utah","Utah County Sheriff",,"PO  ","PO  ","PO  ","-   ","","PO  ","DP  ","PO  ","-   ","PO  ","-   ",,
"Weber","Ogden Police",,"PO  ","-   ","FTU  ","-   ","","DP  ","FTU  ","DP  ","-   ","DP  ","-   ",,
,,,"    ","    ","    ","    ","","    ","    ","    ","    ","    ","    ",,
"VIRGINIA",,,"    ","    ","    ","    ","","    ","    ","    ","    ","    ","    ",,
,,,"    ","    ","    ","    ","","    ","    ","    ","    ","    ","    ",,
"Albemarle","Albemarle County Police",,"PO  ","FTU  ","PO  ","PO  ",,"FTU  ","FTU  ","FTU  ","FTU  ","PO  ","FTU  ",".","FT  "
"Alexandria(city)","Alexandria Police",,"DP  ","DP  ","PO  ","PO  ",,"FTU  ","FTU  ","FTU  ","FTU  ","PO  ","DP  ",".","FT  "
"Arlington","Arlington County Police",,"DP  ","FTU  ","DP  ","DP  ",,"FTU  ","DP  ","FTU  ","PO  ","PO  ","PO  ",".","FT  "
"Chesapeake(city)","Chesapeake Police",,"PO  ","PO  ","PO  ","PO  ",,"FTU  ","FTU  ","FTU  ","FTU  ","PO  ","PO  ",".","FT  "
"Chesterfield","Chesterfield County Police",,"PO  ","DP  ","PO  ","DP  ",,"FTU  ","FTU  ","FTU  ","PO  ","PO  ","PO  ",".","FT  "
"Danville(city)","Danville Police",,"PO  ","DP  ","PO  ","PO  ",,"PO  ","FTU  ","DP  ","PO  ","PO  ","PO  ",".","PO  "
"Fairfax","Fairfax County Police",,"DP  ","FTU  ","PO  ","DP  ",,"FTU  ","FTU  ","FTU  ","DP  ","DP  ","FTU  ",".","FT  "
"Hampton(city)","Hampton Police",,"DP  ","DP  ","DP  ","-   ",,"FTU  ","FTU  ","FTU  ","PO  ","-   ","-   ",".","FT  "
"Hanover","Hanover County Sheriff",,"-   ","DP  ","PO  ","-   ",,"DP  ","DP  ","DP  ","DP  ","DP  ","DP  ",".","DP  "
"Henrico","Henrico County Police",,"PO  ","DP  ","DP  ","-   ",,"FTU  ","DP  ","FTU  ","FTU  ","PO  ","-   ",".","FT  "
"Loudoun","Loudoun County Sheriff",,"FTU  ","FTU  ","FTU  ","-   ",,"FTU  ","PO  ","FTU  ","PO  ","PO  ","PO  ",".","DP  "
"Lynchburg(city)","Lynchburg Police",,"PO  ","PO  ","DP  ","PO  ",,"DP  ","DP  ","DP  ","PO  ","PO  ","PO  ",".","DP  "
"Newport News(city)","Newport News Police",,"PO  ","DP  ","DP  ","DP  ",,"FTU  ","FTU  ","FTU  ","FTU  ","FTU  ","-   ",".","FT  "
"Norfolk(city)","Norfolk Police",,"FTU  ","-   ","FTU  ","DP  ",,"FTU  ","FTU  ","FTU  ","FTU  ","FTU  ","FTU  ",".","FT  "
"Portsmouth(city)","Portsmouth Police",,"DP  ","DP  ","DP  ","DP  ",,"FTU  ","FTU  ","FTU  ","FTU  ","DP  ","DP  ",".","FT  "
"Prince William","Prince William County Police",,"DP  ","DP  ","DP  ","DP  ",,"FTU  ","FTU  ","FTU  ","DP  ","FTU  ","DP  ",".","FT  "
"Richmond(city)","Richmond Police",,"-   ","-   ","PO  ","-   ",,"FTU  ","FTU  ","FTU  ","FTU  ","-   ","-   ",".","FT  "
"Roanoke(city)","Roanoke Police",,"PO  ","DP  ","DP  ","PO  ",,"FTU  ","FTU  ","FTU  ","DP  ","FTU  ","FTU  ",".","FT  "
"Suffolk(city)","Suffolk Police",,"-   ","-   ","-   ","-   ",,"FTU  ","DP  ","FTU  ","-   ","-   ","-   ",".","FT  "
"Virginia Beach(city)","Virginia Beach Police",,"DP  ","---       ","FTU  ","---       ",,"FTU  ","FTU  ","FTU  ","DP  ","---       ","---       ",".","FT  "
,,,"    ","    ","    ","    ","","    ","    ","    ","    ","    ","    ",,
"WASHINGTON",,,"    ","    ","    ","    ","","    ","    ","    ","    ","    ","    ",,
,,,"    ","    ","    ","    ","","    ","    ","    ","    ","    ","    ",,
"Clark","Clark County Sheriff",,"-   ","-   ","PO  ","-   ","","FTU  ","FTU  ","FTU  ","PO  ","-   ","-   ",,
"Clark","Vancouver Police",,"PO  ","FTU  ","DP  ","-   ","","FTU  ","DP  ","FTU  ","-   ","-   ","PO  ",,
"King","King County Sheriff",,"PO  ","FTU  ","PO  ","-   ","","FTU  ","FTU  ","FTU  ","PO  ","-   ","-   ",,
"King","Bellevue Police",,"PO  ","FTU  ","DP  ","-   ","","FTU  ","FTU  ","FTU  ","PO  ","-   ","FTU  ",,
"King","Federal Way Police",,"-   ","-   ","-   ","-   ","","FTU  ","FTU  ","FTU  ","-   ","-   ","FTU  ",,
"King","Kent Police",,"-   ","DP  ","PO  ","-   ","","DP  ","FTU  ","DP  ","PO  ","DP  ","DP  ",,
"King ","Seattle Police",,"FTU  ","DP  ","FTU  ","-   ","","FTU  ","FTU  ","FTU  ","DP  ","DP  ","FTU  ",,
"Kitsap","Kitsap County Sheriff",,"PO  ","DP  ","FTU  ","-   ","","FTU  ","FTU  ","FTU  ","FTU  ","DP  ","DP  ",,
"Pierce","Pierce County Sheriff",,"DP  ","DP  ","PO  ","-   ","","FTU  ","FTU  ","FTU  ","-   ","PO  ","-   ",,
"Pierce","Tacoma Police",,"DP  ","PO  ","DP  ","-   ","","FTU  ","FTU  ","FTU  ","-   ","-   ","-   ",,
"Snohomish","Snohomish County Sheriff",,"PO  ","DP  ","DP  ","-   ","","FTU  ","DP  ","FTU  ","DP  ","DP  ","-   ",,
"Snohomish","Everett Police",,"PO  ","DP  ","DP  ","DP  ","","FTU  ","DP  ","FTU  ","DP  ","DP  ","FTU  ",,
"Spokane","Spokane County Sheriff",,"FTU  ","-   ","FTU  ","-   ","","FTU  ","FTU  ","FTU  ","DP  ","PO  ","-   ",,
"Spokane","Spokane Police",,"PO  ","DP  ","DP  ","-   ","","FTU  ","FTU  ","FTU  ","-   ","-   ","-   ",,
"Thurston","Thurston County Sheriff",,"DP  ","DP  ","DP  ","PO  ","","-   ","FTU  ","DP  ","PO  ","PO  ","PO  ",,
"Yakima","Yakima Police",,"PO  ","DP  ","DP  ","PO  ","","FTU  ","FTU  ","FTU  ","PO  ","PO  ","PO  ",,
,,,"    ","    ","    ","    ","","    ","    ","    ","    ","    ","    ",,
"WEST VIRGINIA",,,"    ","    ","    ","    ","","    ","    ","    ","    ","    ","    ",,
,,,"    ","    ","    ","    ","","    ","    ","    ","    ","    ","    ",,
"Cabell","Huntington Police",,"DP  ","DP  ","DP  ","-   ","","DP  ","DP  ","FTU  ","DP  ","-   ","DP  ",,
"Kanawha","Charleston Police",,"DP  ","DP  ","FTU  ","FTU  ","","FTU  ","DP  ","FTU  ","DP  ","-   ","DP  ",,
,,,"    ","    ","    ","    ","","    ","    ","    ","    ","    ","    ",,
"WISCONSIN",,,"    ","    ","    ","    ","","    ","    ","    ","    ","    ","    ",,
,,,"    ","    ","    ","    ","","    ","    ","    ","    ","    ","    ",,
"Brown","Brown County Sheriff",,"-   ","DP  ","DP  ","-   ","","DP  ","FTU  ","FTU  ","FTU  ","-   ","PO  ",,
"Brown","Green Bay Police",,"---      ","---      ","---      ","---       ","","---      ","---       ","---       ","---       ","---       ","---      ",,
"Dane","Dane County Sheriff",,"PO  ","-   ","FTU  ","-   ","","-   ","DP  ","PO  ","DP  ","-   ","PO  ",,
"Dane ","Madison Police",,"DP  ","-   ","PO  ","-   ","","FTU  ","FTU  ","FTU  ","-   ","-   ","PO  ",,
"Kenosha","Kenosha County Sheriff",,"-   ","DP  ","PO  ","-   ","","-   ","FTU  ","DP  ","-   ","-   ","PO  ",,
"Kenosha","Kenosha Police",,"DP  ","DP  ","PO  ","-   ","","-   ","DP  ","DP  ","PO  ","-   ","-   ",,
"Milwaukee","Milwaukee County Sheriff",,"-   ","DP  ","DP  ","-   ","","DP  ","-   ","FTU  ","-   ","-   ","FTU  ",,
"Milwaukee","Milwaukee Police",,"FTU  ","DP  ","DP  ","PO  ","","FTU  ","FTU  ","FTU  ","DP  ","FTU  ","PO  ",,
"Milwaukee","West Allis Police",,"-   ","DP  ","DP  ","-   ","","DP  ","FTU  ","DP  ","-   ","-   ","DP  ",,
"Outgamie","Appleton Police",,"-   ","DP  ","DP  ","DP  ","","FTU  ","FTU  ","DP  ","DP  ","DP  ","DP  ",,
"Racine","Racine County Sheriff",,"PO  ","PO  ","PO  ","PO  ","","DP  ","DP  ","PO  ","DP  ","PO  ","PO  ",,
"Racine","Racine Police",,"DP  ","DP  ","DP  ","DP  ","","FTU  ","FTU  ","FTU  ","DP  ","DP  ","DP  ",,
"Waukesha","Waukesha County Sheriff",,"-   ","FTU  ","DP  ","-   ","","-   ","DP  ","DP  ","FTU  ","-   ","-   ",,
"Waukesha","Waukesha Police",,"DP  ","-   ","DP  ","-   ","","DP  ","FTU  ","DP  ","-   ","-   ","DP  ",,
,,,,,,,,,,,,,,,
"Codes for table are as follows:",,,,,,,,,,,,,,,
"""FTU""=Agency has special unit with full-time personnel.",,,,,,,,,,,,,,,
"""DP""=Agency has specially designated personnel assigned address to this task as needed, but no full-time special unit..",,,,,,,,,,,,,,,
"""PO""=Agency has special policies or procedures that address this task, but no specially designated personnel.",,,,,,,,,,,,,,,
"""-""=Agency has no special policies or procedures, or specially designated personnel to address this task.",,,,,,,,,,,,,,,
"--Data were not provided by an agency.",,,,,,,,,,,,,,,
