Bureau of Justice Statistics,,
filename:  mpjitt03.csv,,
"Text table 3. Rate of jail inmates who reported ever having heart problems, by type per 10,000",,
report title: Medical Problems of Jail Inmates   NCJ 210696,,
data source:  2002 Survey of Inmates in Local Jails,,
author:  Laura M. Maruschak,,
refer questions to: askbjs@usdoj.gov (202) 307-0765,,
date of version: 10/20/06,,

"Text table 3. Rate of jail inmates who reported ever having heart problems, by type per 10,000",,
Heart condition ,,"Ever heart problem per 10,000 inmates, by type"
,Any,880
Angina,,130
Arrhythmia,,211
Hardening of arteries,,38
Heart attack,,126
Heart disease,,95
Valve damage,,290
Tachycardia,,74
Other,,43
