Bureau of Justice Statistics,,,,,
Filename:  fjs06st201.csv,,,,,
"Table 2.1.  Suspects in matters received by U.S. attorneys, by offense, October 1, 2005 - September 30, 2006",,,,,
"Report title: Federal Justice Statistics, 2006 - Statistical Tables NCJ # 225711",,,,,
Data source:  Federal Justice Statistics Program  ,,,,,
Author:  Urban Institute under the supervision of BJS,,,,,
Refer questions to:  askbjs@usdoj.gov  202-307-0765,,,,,
Date of version: 4/27/09,,,,,

"Table 2.1.  Suspects in matters received by U.S. attorneys, by offense, October 1, 2005 - September 30, 2006",,,,,


Most serious offense investigated,,,Number,Percent/a,
,All offenses/b,,"133,935",100,%
Violent offenses,,,"5,011",3.8,%
,Murder/c,,502,0.4,
,Assault,,"1,311",1,
,Robbery,,"2,067",1.6,
,Sexual abuse/c,,583,0.4,
,Kidnapping,,267,0.2,
,Threats against the President,,281,0.2,
Property offenses,,,"25,008",18.9,%
,Fraudulent,,"22,588",17,%
,,Embezzlement,"3,556",2.7,
,,Fraud/c,"17,400",13.1,
,,Forgery,"1,172",0.9,
,,Counterfeiting,460,0.3,
,Other,,"2,420",1.8,%
,,Burglary,27,--,
,,Larceny/c,"1,130",0.9,
,,Motor vehicle theft,375,0.3,
,,Arson and explosives,565,0.4,
,,Transportation of stolen property,50,0,
,,Other property offenses/c,273,0.2,
Drug offenses,,,"35,210",26.6,%
Public-order offenses,,,"20,158",15.2,%
,Regulatory,,"4,488",3.4,%
,,Agriculture,2,--,
,,Antitrust,49,--,
,,Food and drug,163,0.1,
,,Transportation,236,0.2,
,,Civil rights,837,0.6,
,,Communications,23,--,
,,Custom laws,109,0.1,
,,Postal laws,141,0.1,
,,Other regulatory offenses,"2,928",2.2,
,Other,,"15,670",11.8,%
,,Tax law violations/c,981,0.7,
,,Bribery,308,0.2,
,,"Perjury, contempt, and intimidation",512,0.4,
,,National defense,716,0.5,
,,Escape,"1,837",1.4,
,,Racketeering and extortion,"2,922",2.2,
,,Non-violent sex offenses,"2,957",2.2,
,,Gambling,122,0.1,
,,Liquor offenses,22,--,
,,Obscene material/c,43,--,
,,Traffic offenses,182,0.1,
,,Wildlife,452,0.3,
,,Environmental,9,--,
,,"Conspiracy, aiding and abetting, and jurisdictional offenses","3,419",2.6,
,,All other offenses/c,"1,188",0.9,
Weapon offenses,,,"12,321",9.3,%
Immigration offenses,,,"34,894",26.3,%

--Less than .05%
a/Percentage distribution based on the suspects for whom the offense category could be determined.
"b/Includes 1,333 suspects for whom an offense category could not be determined."
"c/In this table, ""Murder"" includes nonnegligent manslaughter; ""Sexual abuse"" includes only violent sex offenses; ""Fraud"" excludes tax fraud; ""Larceny"" excludes transportation of stolen property; ""Other property offenses"" excludes fraudulent property offenses and includes destruction of property and trespassing; ""Tax law violations"" includes tax fraud; ""Obscene material"" denotes the mail or transport thereof; and ""All other offenses"" includes offenses with unclassifiable offense type."
"Source: Executive Office for U.S. Attorneys, National LIONS system file."
