Bureau of Justice Statistics,,,,
Filename:  fjs06st102.csv,,,,
"Table 1.2.  Suspects arrested for federal offenses and booked by the U.S. Marshals Service, by arresting agency, October 1, 2005 - September 30, 2006",,,,
"Report title: Federal Justice Statistics, 2006 - Statistical Tables NCJ # 225711",,,,
Data source:  Federal Justice Statistics Program  ,,,,
Author:  Urban Institute under the supervision of BJS,,,,
Refer questions to:  askbjs@usdoj.gov  202-307-0765,,,,
Date of version: 4/27/09,,,,

"Table 1.2.  Suspects arrested for federal offenses and booked by the U.S. Marshals Service, by federal law enforcement agency, October 1, 2005 - September 30, 2006",,,,

,,Most serious offense at arrest,,

Arresting agency/a,,All offenses/b,Percent/c,
,All agencies,"146,945",100,%
Department of Agriculture,,193,0.1,%
Department of Defense,,622,0.4,%
Department of Homeland Security,,"61,160",41.6,%
,Customs and Border Protection,"41,593",28.3,
,Immigration and Customs Enforcement,"17,258",11.7,
,Secret Service,"2,309",1.6,
Department of the Interior,,"1,292",0.9,%
,Bureau of Indian Affairs,186,0.1,
,Park Police,301,0.2,
Department of Justice,,"68,621",46.7,%
,"Bureau of Alcohol, Tobacco, Firearms and Explosives","6,399",4.4,
,Drug Enforcement Administration,"12,594",8.6,
,Federal Bureau of Investigation,"9,466",6.4,
,U.S. Marshals Service,"40,121",27.3,
,Other DOJ,41,0,
Department of State,,346,0.2,%
Department of the Treasury,,709,0.5,%
,Internal Revenue Service,709,0.5,
Federal judiciary,,656,0.4,%
U.S. Postal Service,,"1,102",0.7,%
Other,,"12,244",8.3,%
,"Self-report, subpoena","2,844",1.9,
,State and local,"6,535",4.4,
,Task force,562,0.4,
,Other,"2,303",1.6,

"Note: The Homeland Security Act of 2002 took effect in March 2003, establishing DHS and reorganizing several federal agencies into new or different departments.  As a result, counts of arrests and bookings by the Departments of Homeland Security, Justice, and the Treasury are not comparable to 2003 and prior reports. Agency-specific data within departments are comparable to earlier years.",,,,
a/The arresting agency may be different from the federal agency that initiated the investigation involving the arrestee.,,,,
"b/Includes 1,079 suspects for whom an offense category could not be determined.",,,,
c/Percent based on suspects for whom an offense category could be determined.,,,,
"Source: U.S. Marshals Service Prisoner Tracking System file, fiscal year.",,,,
