Bureau of Justice Statistics,,,,,,,
Filename:  fjs06st301.csv,,,,,,,
"Table 3.1.  Defendants released at any time prior to case disposition, by offense, October 1, 2005 - September 30, 2006",,,,,,,
"Report title: Federal Justice Statistics, 2006 - Statistical Tables NCJ # 225711",,,,,,,
Data source:  Federal Justice Statistics Program  ,,,,,,,
Author:  Urban Institute under the supervision of BJS,,,,,,,
Refer questions to:  askbjs@usdoj.gov  202-307-0765,,,,,,,
Date of version: 4/27/09,,,,,,,

"Table 3.1.  Defendants released at any time prior to case disposition, by offense, October 1, 2005 - September 30, 2006",,,,,,,

,,,,Number of defendants,,,
Most serious offense charged,,,,Released,All defendants,Percent released,
,All offenses/a,,,"30,289","82,653",36.6,%
Violent offenses,,,,984,"3,076",32,%
,Murder/b,,,90,287,31.4,
,Negligent manslaughter,,,1,4,^,
,Assault,,,468,802,58.4,
,Robbery,,,189,"1,369",13.8,
,Sexual abuse/b,,,214,471,45.4,
,Kidnapping,,,17,111,15.3,
,Threats against the President,,,5,32,15.6,
Property offenses,,,,"9,754","13,468",72.4,%
,Fraudulent,,,"8,013","11,112",72.1,%
,,Embezzlement,,750,769,97.5,
,,Fraud/b,,"6,395","9,076",70.5,
,,Forgery,,52,67,77.6,
,,Counterfeiting,,816,"1,200",68,
,Other,,,"1,741","2,356",73.9,%
,,Burglary,,22,59,37.3,
,,Larceny/b,,"1,399","1,765",79.3,
,,Motor vehicle theft,,29,100,29,
,,Arson and explosives,,102,178,57.3,
,,Transportation of stolen property,,87,121,71.9,
,,Other property offenses/b,,102,133,76.7,
Drug offenses,,,,"10,200","28,097",36.3,%
,Trafficking,,,"8,855","25,485",34.7,
,Possession and other drug offenses,,,"1,345","2,612",51.5,
Public-order offenses,,,,"4,839","6,888",70.3,%
,Regulatory,,,959,"1,301",73.7,%
,,Agriculture,,3,3,^,
,,Antitrust,,23,23,100,
,,Food and drug,,41,44,93.2,
,,Transportation,,122,153,79.7,
,,Civil rights,,68,74,91.9,
,,Communications,,27,29,93.1,
,,Custom laws,,41,50,82,
,,Postal laws,,128,132,97,
,,Other regulatory offenses,,506,793,63.8,
,Other,,,"3,880","5,587",69.4,%
,,Tax law violations/b,,484,508,95.3,
,,Bribery,,115,127,90.6,
,,"Perjury, contempt, and intimidation",,155,231,67.1,
,,National defense,,52,105,49.5,
,,Escape,,76,495,15.4,
,,Racketeering and extortion,,472,884,53.4,
,,Gambling,,12,12,100,
,,Liquor offenses,,10,15,66.7,
,,Nonviolent sex offenses,,784,"1,195",65.6,
,,Obscene material/b,,29,32,90.6,
,,Traffic offenses,,"1,231","1,392",88.4,
,,Wildlife,,121,130,93.1,
,,Environmental,,23,23,100,
,,All other offenses/b,,316,438,72.1,
Weapons offenses,,,,"2,829","7,709",36.7,%
Immigration offenses,,,,"1,605","23,229",6.9,%

Note: Released defendants include some defendants who were also detained prior to trial. Data describe defendants whose pretrial release services were terminated during fiscal year 2006. Total also includes defendants for whom release status data were unavailable. Percentages in these tables are not directly comparable to those in the 1993 and prior reports.,,,,,,,
^ Too few cases to obtain statistically reliable data.,,,,,,,
"a/Includes 186 defendants for whom an offense category could not be determined, 68 of whom were released.",,,,,,,
"b/In this table, ""Murder"" includes nonnegligent manslaughter; ""Sexual abuse"" includes only violent sex offenses; ""Fraud"" excludes tax fraud; ""Larceny"" excludes transportation of stolen property; ""Other property offenses"" exclude fraudulent property offenses and include destruction of property and trespassing; ""Tax law violations"" include tax fraud; ""Obscene material"" denotes the mail or transport thereof; and ""All other offenses"" include offenses with unclassifiable offense type.",,,,,,,
"Source: Administrative Office of the U.S. Courts Pretrial Services Act Information System, fiscal year.",,,,,,,
