Bureau of Justice Statistics,,,,,,,,,,,,
Filename:  fjs06st602.csv,,,,,,,,,,,,
"Table 6.2. Disposition of criminal appeals terminated, by offense, October 1, 2005 - September 30, 2006",,,,,,,,,,,,
"Report title: Federal Justice Statistics, 2006 - Statistical Tables NCJ # 225711",,,,,,,,,,,,
Data source:  Federal Justice Statistics Program  ,,,,,,,,,,,,
Author:  Urban Institute under the supervision of BJS,,,,,,,,,,,,
Refer questions to:  askbjs@usdoj.gov  202-307-0765,,,,,,,,,,,,
Date of version: 4/27/09,,,,,,,,,,,,


"Table 6.2. Disposition of criminal appeals terminated, by offense, October 1, 2005 - September 30, 2006",,,,,,,,,,,,

,,,,Federal criminal appeals terminated on the merits,,,,,,,,
Offense of conviction,,,Total criminal appeals terminated,Total,Percent,,Affirmed,Remanded or reversed,Partially affirmed,Dismissed,Other,Procedural terminations
,All offenses/a,,"15,223","11,764",77.3,%,"8,319","1,439","1,002",966,38,"3,459"
Violent offenses,,,786,620,78.9,%,446,92,34,44,4,166
,Murder/b,,86,71,82.6,,50,9,4,8,0,15
,Assault,,123,96,78,,70,14,5,5,2,27
,Robbery,,327,261,79.8,,186,46,12,16,1,66
,Sexual abuse/b,,166,139,83.7,,106,17,6,10,0,27
,Kidnapping,,79,52,65.8,,33,6,7,5,1,27
,Threats against the President,,5,1,^,,1,0,0,0,0,4
Property offenses,,,"1,983","1,470",74.1,%,986,219,143,118,4,513
,Fraudulent,,"1,605","1,169",72.8,%,783,176,104,102,4,436
,,Embezzlement,78,57,73.1,,41,3,11,1,1,21
,,Fraud/b,"1,333",964,72.3,,651,154,75,81,3,369
,,Forgery,10,8,^,,5,1,0,2,0,2
,,Counterfeiting,184,140,76.1,,86,18,18,18,0,44
,Other,,378,301,79.6,%,203,43,39,16,0,77
,,Burglary,6,5,^,,3,2,0,0,0,1
,,Larceny/b,192,159,82.8,,99,25,24,11,0,33
,,Motor vehicle theft,63,50,79.4,,37,6,4,3,0,13
,,Arson and explosives,71,53,74.6,,37,8,7,1,0,18
,,Transportation of stolen property,41,30,73.2,,23,2,4,1,0,11
,,Other property offenses/b,5,4,^,,4,0,0,0,0,1
Drug offenses,,,"5,871","4,353",74.1,%,"3,038",505,355,440,15,"1,518"
Public-order offenses,,,"1,044",753,72.1,%,518,109,67,55,4,291
,Regulatory,,133,102,76.7,%,65,11,16,8,2,31
,,Antitrust,1,1,^,,0,0,1,0,0,0
,,Food and drug,3,3,^,,1,1,0,1,0,0
,,Transportation,20,18,90,,11,3,4,0,0,2
,,Civil rights,23,22,95.7,,16,0,5,1,0,1
,,Communications,2,1,^,,1,0,0,0,0,1
,,Custom laws,5,1,^,,1,0,0,0,0,4
,,Postal laws,1,1,^,,0,0,0,1,0,0
,,Other regulatory offenses,78,55,70.5,,35,7,6,5,2,23
,Other,,911,651,71.5,%,453,98,51,47,2,260
,,Tax law violations/b,99,67,67.7,,44,11,6,6,0,32
,,Bribery,31,15,48.4,,13,1,1,0,0,16
,,"Perjury, contempt, and intimidation",106,74,69.8,,58,5,6,5,0,32
,,National defense,25,13,52,,6,3,3,1,0,12
,,Escape,63,48,76.2,,32,8,0,8,0,15
,,Racketeering and extortion,233,180,77.3,,122,30,14,14,0,53
,,Gambling,1,0,^,,0,0,0,0,0,1
,,Nonviolent sex offenses,280,200,71.4,,143,29,19,8,1,80
,,Obscene material/b,7,6,^,,3,3,0,0,0,1
,,Traffic offenses,14,12,85.7,,8,3,1,0,0,2
,,Wildlife,3,3,^,,3,0,0,0,0,0
,,Environmental,3,0,^,,0,0,0,0,0,3
,,All other offenses/b,46,33,71.7,,21,5,1,5,1,13
Weapon offenses,,,"2,363","1,895",80.2,%,"1,383",234,158,115,5,468
Immigration offenses,,,"2,764","2,382",86.2,%,"1,723",256,234,163,6,382
,,,,,, ,,,,,,
^ Too few cases to obtain statistically reliable data.,,,,,,,,,,,,
"a/Total includes 412 appeals terminated for which an offense category could not be determined, of which 291 were terminated on the merits and 121 were procedural terminations. "
"b/In this table ""Murder"" includes nonnegligent manslaughter; ""Sexual abuse"" includes only violent sex offenses; ""Fraud"" excludes tax fraud; ""Larceny"" excludes transportation of stolen property; ""Other property offenses"" exclude fraudulent property offenses and include destruction of property and trespassing; ""Tax law violations"" include tax fraud; ""Obscene material"" denotes the mail or transport thereof; and ""All other offenses"" include offenses with unclassifiable offense type."
"Source: Administrative Office of the U.S. Courts Court of Appeals, fiscal year."
