Bureau of Justice Statistics,,,,,,,
Filename:  fjs06st106.csv,,,,,,,
"Table 1.6.  Time from warrant inititation to clearance, by warrant characteristics, October 1, 2005 - September 30, 2006",,,,,,,
"Report title: Federal Justice Statistics, 2006 - Statistical Tables NCJ # 225711",,,,,,,
Data source:  Federal Justice Statistics Program  ,,,,,,,
Author:  Urban Institute under the supervision of BJS,,,,,,,
Refer questions to:  askbjs@usdoj.gov  202-307-0765,,,,,,,
Date of version: 4/27/09,,,,,,,

"Table 1.6.  Time from warrant initiation to clearance, by warrant characteristics, October 1, 2005 - September 30, 2006",,,,,,,

,,,All warrant types,,,,
,,,Number,Percent,,Median days,
,All warrants cleared during FY 2005,,"158,029",100,%,20,days
By warrant execution type,,,,,,,
,Warrants cleared by arrest,,"124,014",78.5,%,12,days
,,"Alcohol, Tobacco, Firearms and Explosives","3,904",2.5,,9,
,,Customs and Border Protection,"1,471",0.9,,5,
,,Drug Enforcement Administration,"5,781",3.7,,4,
,,Federal Bureau of Investigation,"5,385",3.4,,5,
,,Immigration and Naturalization Service,"2,289",1.4,,2,
,,Marshals Service,"85,222",53.9,,13,
,,Self-surrender,"5,931",3.8,,17,
,,Other federal,"6,773",4.3,,8,
,,State/local,"7,258",4.6,,46,
,Warrants cleared by other means,,"33,951",21.5,%,176,days
,,Detainer,"12,488",7.9,,44,
,,Dismissed,"21,449",13.6,,394,
,,Other,14,--,,97,
By offense,,,,,,,
,Violent offenses,,"17,773",11.3,%,15,days
,Property offenses,,"18,982",12.1,%,15,days
,,Fraudulent,"10,183",6.5,,13,
,,Other,"8,799",5.6,,20,
,Drug offenses,,"33,039",21,%,11,days
,Public-order offenses,,"23,162",14.7,%,93,days
,,Regulatory,640,0.4,,347,
,,Other,"22,522",14.3,,90,
,Weapon offenses,,"8,763",5.6,%,16,days
,Immigration offenses,,"4,866",3.1,%,2,days
,Supervision violations,,"50,217",31.9,%,28,days
,Material witness,,622,0.4,%,3,days

Note: Analysis based on the cohort of all warrants cleared during FY 2006. Summing warrants on a characteristic may not yield the total because some warrants were missing data on some characteristics.,,,,,,,
--Less than .05%.,,,,,,,
"Source: U.S. Marshals Service Warrant Information Network, fiscal year.",,,,,,,
