Bureau of Justice Statistics,,,,
Filename:  fjs06st103.csv,,,,
"Table 1.3.  Characteristics of federal arrestees booked by the U.S.Marshals Service, October 1, 2005 - September 30, 2006",,,,
"Report title: Federal Justice Statistics, 2006 - Statistical Tables NCJ # 225711",,,,
Data source:  Federal Justice Statistics Program  ,,,,
Author:  Urban Institute under the supervision of BJS,,,,
Refer questions to:  askbjs@usdoj.gov  202-307-0765,,,,
Date of version: 4/27/09,,,,

"Table 1.3.  Characteristics of federal arrestees booked by the U.S.Marshals Service, October 1, 2005 - September 30, 2006",,,,


Arrestee characteristic,,Number arrested,Percent arrested,
,All arrestees,"146,945",100,%
Male/Female,,,,
,Male,"125,795",85.6,%
,Female,"21,150",14.4,
Race,,,,
,White,"107,099",73.4,%
,Black or African American,"34,347",23.5,
,American Indian or Alaska Native,"2,328",1.6,
,Asian/Native Hawaiian or Other Pacific Islander,"2,171",1.5,
Age,,,,
,Under 19 years,"2,869",2,%
,19-20 ,"7,726",5.3,
,21-30 ,"57,905",39.4,
,31-40 ,"44,208",30.1,
,Over 40 ,"34,167",23.3,

Citizenship,,,,
,U.S. citizen,"74,512",53.9,%
,Non-U.S. citizen,"63,807",46.1,

Note: Summing arrestees on a characteristic may not yield the total number of arrestees because some arrestees lack information on that characteristic. The data in this table are not directly comparable to the data in 2002 and prior reports. Suspect ethnicity not available.
"Source: U.S. Marshals Service Prisoner Tracking System file, fiscal year."
