Bureau of Justice Statistics,,,,,,,,,,,,,,,,
Filename:  fjs06st703.csv,,,,,,,,,,,,,,,,
"Table 7.3. Outcomes of federal probation supervision, by offense, October 1, 2005 - September 30, 2006",,,,,,,,,,,,,,,,
"Report title: Federal Justice Statistics, 2006 - Statistical Tables NCJ # 225711",,,,,,,,,,,,,,,,
Data source:  Federal Justice Statistics Program  ,,,,,,,,,,,,,,,,
Author:  Urban Institute under the supervision of BJS,,,,,,,,,,,,,,,,
Refer questions to:  askbjs@usdoj.gov  202-307-0765,,,,,,,,,,,,,,,,
Date of version: 4/27/09,,,,,,,,,,,,,,,,

"Table 7.3. Outcomes of federal probation supervision, by offense, October 1, 2005 - September 30, 2006",,,,,,,,,,,,,,,,

,,,,,Percent terminating with--,,,,,,,,,,,
,,,,,,,Technical violations/a,,,,,,,,,
Most serious offense of conviction,,,,Number of probation terminations,No violation,,Drug use,,Fugitive Status,,Other,,New crime/b,,Administrative case closures,
,All offenses,,,"13,816",88.9,%,1.3,%,1.8,%,4.6,%,5.7,%,2.7,%
Felonies,,,,"7,511",89.8,%,1.4,%,1.5,%,4.1,%,5.2,%,2,%
,Violent offenses,,,146,75.3,%,4.1,%,4.1,%,9.1,%,8.5,%,2.4,%
,,Murder/c,,7,^,,^,,^,,^ ,,^ ,,^ ,
,,Assault,,61,67.2,,3.3,,6.6,,8.2,,10.2,,0,
,,Robbery,,53,88.7,,5.7,,0,,3.2,,1.6,,4.8,
,,Sexual abuse/c,,23,65.2,,4.3,,4.3,,19.4,,16.7,,2.8,
,,Threats against the President,,2,^,,^,,^,,^ ,,^ ,,^ ,
,Property offenses,,,"4,046",89.8,%,1.5,%,1.7,%,4.1,%,4.8,%,2.2,%
,,Fraudulent,,"3,354",90.6,%,1.4,%,1.5,%,3.9,%,4.3,%,2.1,%
,,,Embezzlement,297,91.6,,2.7,,1.7,,2.7,,3,,2.7,
,,,Fraud/c,"2,642",91.9,,1,,1.4,,3.3,,4,,2.2,
,,,Forgery,62,90.3,,0,,1.6,,9.7,,4.8,,3.2,
,,,Counterfeiting,353,79.9,,3.7,,2.3,,7.6,,7.1,,1,
,,Other,,692,85.7,%,2,%,2.5,%,5.1,%,6.8,%,2.4,%
,,,Burglary,10,^,,^,,^,,25,,6.3,,0,
,,,Larceny/c,586,85.5,,1.9,,2.9,,5.3,,6.1,,2,
,,,Motor vehicle theft,15,100,,0,,0,,3.6,,14.3,,3.6,
,,,Arson and explosives,25,80,,4,,0,,3.8,,19.2,,0,
,,,Transportation of stolen property,37,89.2,,5.4,,0,,0,,3.7,,5.6,
,,,Other property offenses/c,19,94.7,,0,,0,,0,,12.5,,12.5,
,Drug offenses,,,"1,249",90.4,%,1.9,%,0.8,%,4.3,%,6.1,%,1.3,%
,,Trafficking,,"1,117",90.2,,2.1,,0.8,,4.5,,6.3,,1.2,
,,Possession and other drug offenses,,132,92.4,,0.8,,0.8,,2.7,,4.7,,2,
,Public-order offenses,,,"1,212",93.6,%,0.6,%,1.1,%,3.3,%,2.7,%,1.8,%
,,Regulatory,,488,93.4,%,0.4,%,1,%,4,%,1.9,%,1.3,%
,,,Antitrust,5,^,,^,,^,,^ ,,^ ,,^ ,
,,,Food and drug,20,90,,0,,0,,0,,0,,3.4,
,,,Transportation,30,90,,3.3,,0,,2.9,,0,,0,
,,,Civil rights,4,^,,^,,^,,^ ,,^ ,,^ ,
,,,Communications,25,92,,0,,0,,0,,0,,0,
,,,Custom laws,26,92.3,,0,,0,,5.3,,0,,0,
,,,Postal laws,38,92.1,,0,,0,,13.6,,4.5,,0,
,,,Other regulatory offenses,340,94.1,,0.3,,1.5,,4.3,,2.4,,1.6,
,,Other,,724,93.6,%,0.7,%,1.1,%,2.8,%,3.2,%,2,%
,,,Tax law violations/c,183,97.8,,0,,0.5,,2.3,,0.9,,0.9,
,,,Bribery,63,96.8,,0,,0,,2.8,,2.8,,1.4,
,,,"Perjury, contempt, and intimidation",47,93.6,,0,,0,,2.1,,0,,0,
,,,National defense,5,^,,^,,^,,^ ,,^ ,,^ ,
,,,Escape,23,69.6,,0,,8.7,,13.3,,6.7,,3.3,
,,,Racketeering and extortion,183,95.1,,0.5,,1.6,,1,,3.7,,1.6,
,,,Gambling,27,100,,0,,0,,4.2,,4.2,,0,
,,,Nonviolent sex offenses,47,85.1,,2.1,,2.1,,0,,5.2,,10.3,
,,,Obscene material/c,10,^,,^,,^,,^ ,,^ ,,^ ,
,,,Wildlife,19,100,,0,,0,,0,,0,,0,
,,,Environmental,15,93.3,,0,,0,,^ ,,^ ,,^ ,
,,,All other offenses,102,88.2,,2.9,,1,,5.8,,7.7,,2.9,
,Weapon offenses,,,463,85.5,%,0.6,%,1.1,%,4.2,%,7.8,%,4,%
,Immigration offenses,,,345,86.4,%,1.2,%,2,%,4.7,%,11,%,1.3,%
Misdemeanors/c,,,,"6,305",87.8,%,1.2,%,2.1,%,5,%,6.3,%,3.5,%
,Fraudulent property offense,,,388,93,,0.3,,1.8,,4.1,,1.8,,1
,Larceny,,,646,86.4,,1.5,,3.4,,4.1,,5,,3.1
,Drug possession/c,,,"1,041",85.7,,2.1,,2.1,,5.2,,7,,3
,Immigration,,,388,84.3,,3.4,,1.3,,5.7,,12,,0.8
,Traffic offenses,,,"2,296",89.1,,0.5,,2,,5.1,,7.2,,3.9
,Other misdemeanors,,,"1,546",87.5,,1.2,,2,,5.1,,4.6,,4.8

Note: Offenses for 50 felony offenders could not be classified.,,,,,,,,,,,,,,,
^ Too few cases to obtain statistically reliable data.,,,,,,,,,,,,,,,
a/Supervision terminated with incarceration or removal to inactive status for violation of supervision conditions other than charges for new offenses.,,,,,,,,,,,,,,,
"b/Supervision terminated with incarceration or removal to inactive status after arrest for a ""major"" or ""minor"" offense.",,,,,,,,,,,,,,,
"c/In this table ""Murder"" includes nonnegligent manslaughter; ""Sexual abuse"" includes only violent sex offenses; ""Fraud"" excludes tax fraud; ""Larceny"" excludes transportation of stolen property; ""Other property offenses"" exclude fraudulent property offenses and include destruction of property and trespassing; ""Tax law violations"" include tax fraud; ""Obscene material"" denotes the mail or transport thereof; ""Misdemeanors"" include misdemeanors, petty offenses, and unknown offense levels; and ""Drug possession"" also includes other drug misdemeanors.",,,,,,,,,,,,,,,
Source: Administrative Office of the U.S. Courts Federal Probation and Supervision Information System (FPSIS).,,,,,,,,,,,,,,,
