Bureau of Justice Statistics,,,,,,,,,,,,,
Filename:  fjs06st702.csv,,,,,,,,,,,,,
"Table 7.2. Characteristics of federal offenders under supervision, October 1, 2005 - September 30, 2006",,,,,,,,,,,,,
"Report title: Federal Justice Statistics, 2006 - Statistical Tables NCJ # 225711",,,,,,,,,,,,,
Data source:  Federal Justice Statistics Program  ,,,,,,,,,,,,,
Author:  Urban Institute under the supervision of BJS,,,,,,,,,,,,,
Refer questions to:  askbjs@usdoj.gov  202-307-0765,,,,,,,,,,,,,
Date of version: 4/27/09,,,,,,,,,,,,,

"Table 7.2. Characteristics of federal offenders under supervision, October 1, 2005 - September 30, 2006",,,,,,,,,,,,,

,,,,,Type of supervision,,,,,,,,
,,Total offenders under supervision,,,Probation,,,Supervised release,,,Parole,,
Offender characteristic,,Number,Percent,,Number,Percent,,Number,Percent,,Number,Percent,
,All offenders*,"112,680",100,%,"24,645",100,%,"85,603",100,%,"2,432",100,%
Gender,,,,,,,,,,,,,
,Male,"89,680",79.7,%,"15,909",64.7,%,"71,406",83.4,%,"2,365",97.3,%
,Female,"22,908",20.3,,"8,671",35.3,,"14,171",16.6,,66,2.7,
Race,,,,,,,,,,,,,
,White,"66,629",59.3,%,"15,848",64.7,%,"49,782",58.3,%,999,41.6,%
,Black/African American,"39,700",35.4,,"6,837",27.9,,"31,513",36.9,,"1,350",56.2,
,American Indian/Alaska Native,"2,493",2.2,,674,2.8,,"1,778",2.1,,41,1.7,
,Asian/Native Hawaiian/Other Pacific Islander,"3,000",2.7,,935,3.8,,"2,054",2.4,,11,0.5,
,Other,452,0.4,,191,0.8,,259,0.3,,2,0.1,
Hispanic origin,,,,,,,,,,,,,
,Hispanic/Latino,"22,260",19.9,%,"3,719",15.3,%,"18,275",21.5,%,266,11,%
,Non-Hispanic/Latino,"89,562",80.1,,"20,602",84.7,,"66,817",78.5,,"2,143",89,
Age,,,,,,,,,,,,,
,Under 19 years,390,0.3,%,345,1.4,%,45,0.1,%,0,0,%
,19-20 ,"1,990",1.8,,"1,134",4.6,,856,1,,0,0,
,21-30 ,"32,552",28.9,,"7,369",29.9,,"25,082",29.3,,101,4.2,
,31-40 ,"36,235",32.2,,"6,654",27,,"29,191",34.1,,390,16,
,Over 40 ,"41,513",36.8,,"9,143",37.1,,"30,429",35.5,,"1,941",79.8,
Education,,,,,,,,,,,,,
,Less than high school graduate,"32,704",32.4,%,"4,764",22,%,"26,955",35,%,985,45.7,%
,High school graduate,"38,378",38.1,,"7,699",35.6,,"29,871",38.8,,808,37.5,
,Some college,"21,493",21.3,,"5,971",27.6,,"15,231",19.8,,291,13.5,
,College graduate,"8,213",8.1,,"3,212",14.8,,"4,928",6.4,,73,3.4,

*Total includes offenders whose characteristics could not be determined.,,,,,,,,,,,,,
Source: Administrative Office of the U.S. Courts Federal Probation and Supervision Information System (FPSIS).,,,,,,,,,,,,,
