Bureau of Justice Statistics,,,,,,,,,,,,,,,
Filename:  fjs06st701.csv,,,,,,,,,,,,,,,
"Table 7.1.  Federal offenders under supervision, by offense, October 1, 2005- September 30, 2006",,,,,,,,,,,,,,,
"Report title: Federal Justice Statistics, 2006 - Statistical Tables NCJ # 225711",,,,,,,,,,,,,,,
Data source:  Federal Justice Statistics Program  ,,,,,,,,,,,,,,,
Author:  Urban Institute under the supervision of BJS,,,,,,,,,,,,,,,
Refer questions to:  askbjs@usdoj.gov  202-307-0765,,,,,,,,,,,,,,,
Date of version: 4/27/09,,,,,,,,,,,,,,,

"Table 7.1.  Federal offenders under supervision, by offense, October 1, 2005- September 30, 2006",,,,,,,,,,,,,,,

,,,,,,,Type of supervision,,,,,,,,
,,,,Total offenders under supervision,,, Probation,,,Supervised release,,,Parole,,
Most serious offense of conviction,,,,Number,Percent,,Number,Percent,,Number,Percent,,Number,Percent,
,All offenses/a,,,"112,680",100,%,24645,100,%,"85,603",100,%,"2,432",100.1,%
Felonies/b,,,,"104,932",93.3,%,17397,70.8,%,"85,105",99.5,%,"2,430",100,%
,Violent offenses,,,"6,451",5.7,%,320,1.3,%,"5,075",5.9,%,"1,056",43.5,%
,,Murder/c,,529,0.5,,20,0.1,,268,0.3,,241,9.9,
,,Negligent manslaughter,,6,--,,0,0,,5,--,,1,--,
,,Assault,,712,0.6,,92,0.4,,527,0.6,,93,3.8,
,,Robbery,,"4,235",3.8,,102,0.4,,"3,531",4.1,,602,24.8,
,,Sexual abuse/c,,712,0.6,,93,0.4,,576,0.7,,43,1.8,
,,Kidnapping,,194,0.2,,4,--,,115,0.1,,75,3.1,
,,Threats against the President,,63,0.1,,9,--,,53,0.1,,1,--,
,Property offenses,,,"26,902",23.9,%,9692,39.5,%,"17,002",19.9,%,208,8.6,%
,,Fraudulent,,"22,653",20.1,%,7958,32.4,%,"14,619",17.1,%,76,3.1,%
,,,Embezzlement,"2,067",1.8,,684,2.8,,"1,375",1.6,,8,0.3,
,,,Fraud/c,"18,239",16.2,,6425,26.2,,"11,759",13.7,,55,2.3,
,,,Forgery,231,0.2,,104,0.4,,120,0.1,,7,0.3,
,,,Counterfeiting,"2,116",1.9,,745,3,,"1,365",1.6,,6,0.2,
,,Other,,"4,249",3.8,%,1734,7.1,%,"2,383",2.8,%,132,5.4,%
,,,Burglary,186,0.2,,18,0.1,,110,0.1,,58,2.4,
,,,Larceny/c,"3,005",2.7,,1489,6.1,,"1,474",1.7,,42,1.7,
,,,Motor vehicle theft,291,0.3,,35,0.1,,242,0.3,,14,0.6,
,,,Arson and explosives,369,0.3,,71,0.3,,288,0.3,,10,0.4,
,,,Transportation of stolen property,329,0.3,,97,0.4,,227,0.3,,5,0.2,
,,,Other property offenses/c,69,0.1,,24,0.1,,42,--,,3,0.1,
,Drug offenses,,,"49,077",43.6,%,2673,10.9,%,"45,570",53.3,%,834,34.3,%
,,Trafficking,,"44,999",40,,2425,9.9,,"41,818",48.9,,756,31.1,
,,Possession and other drug offenses,,"4,078",3.6,,248,1,,"3,752",4.4,,78,3.2,
,Public-order offenses,,,"8,232",7.3,%,2706,11,%,"5,371",6.3,%,155,6.4,%
,,Regulatory,,"2,036",1.8,%,1115,4.5,%,901,1.1,%,20,0.8,%
,,,Agriculture,3,--,,1,--,,2,--,,0,0,
,,,Antitrust,22,--,,13,0.1,,9,--,,0,0,
,,,Food and drug,54,--,,33,0.1,,21,--,,0,0,
,,,Transportation,130,0.1,,66,0.3,,59,0.1,,5,0.2,
,,,Civil rights,121,0.1,,17,0.1,,98,0.1,,6,0.2,
,,,Communications,82,0.1,,55,0.2,,27,--,,0,0,
,,,Custom laws,88,0.1,,49,0.2,,39,--,,0,0,
,,,Postal laws,107,0.1,,63,0.3,,42,--,,2,0.1,
,,,Other regulatory offenses,"1,429",1.3,,818,3.3,,604,0.7,,7,0.3,
,,Other,,"6,196",5.5,%,1591,6.5,%,"4,470",5.2,%,135,5.6,%
,,,Tax law violations/c,874,0.8,,390,1.6,,479,0.6,,5,0.2,
,,,Bribery,284,0.3,,127,0.5,,155,0.2,,2,0.1,
,,,"Perjury, contempt and intimidation",339,0.3,,118,0.5,,218,0.3,,3,0.1,
,,,National defense,68,0.1,,22,0.1,,41,--,,5,0.2,
,,,Escape,255,0.2,,32,0.1,,211,0.2,,12,0.5,
,,,Racketeering and extortion,"2,183",1.9,,404,1.6,,"1,710",2,,69,2.8,
,,,Gambling,98,0.1,,66,0.3,,32,--,,0,0,
,,,Nonviolent sex offenses,"1,492",1.3,,149,0.6,,"1,309",1.5,,34,1.4,
,,,Obscene material/c,81,0.1,,22,0.1,,59,0.1,,0,0,
,,,Wildlife,68,0.1,,45,0.2,,23,--,,0,0,
,,,Environmental,39,--,,23,0.1,,16,--,,0,0,
,,,All other felonies,415,0.4,,193,0.8,,217,0.3,,5,0.2,
,Weapon offenses,,,"10,765",9.6,%,1197,4.9,%,"9,396",11,%,172,7.1,%
,Immigration offenses,,,"3,343",3,%,727,3,%,"2,613",3.1,%,3,0.1,%
Misdemeanors/c,,,,"7,748",6.9,%,7248,29.5,%,498,0.6,%,2,0.1,%
,Fraudulent property offenses,,,691,0.6,,647,2.6,,44,0.1,,0,0,
,Larceny,,,954,0.8,,897,3.7,,56,0.1,,1,--,
,Drug possession/c,,,"1,292",1.1,,1149,4.7,,143,0.2,,0,0,
,Immigration misdemeanors,,,270,0.2,,248,1,,22,--,,0,0,
,Traffic offenses,,,"2,511",2.2,,2432,9.9,,79,0.1,,0,0,
,Other misdemeanors,,,"2,030",1.8,,1875,7.6,,154,0.2,,1,--,
,,,,, ,,,,,,,,,,
-- Less than .05%.,,,,,,,,,,,,,,,
a/Total includes offenders whose offense category could not be determined.,,,,,,,,,,,,,,,
"b/There are 162 felony offenders for whom an offense category was unknown or indeterminable. These include 82 offenders under probation, 78 under supervised release, and two under parole.",,,,,,,,,,,,,,,
"c/In this table, ""Murder"" includes nonnegligent manslaughter; ""Sexual abuse"" includes only violent sex offenses; ""Fraud"" excludes tax fraud; ""Larceny"" excludes transportation of stolen property; ""Other property offenses"" exclude fraudulent property offenses and include destruction of property and trespassing; ""Tax law violations"" include tax fraud; ""Obscene material"" denotes the mail or transport thereof; ""Misdemeanors"" include misdemeanors, petty offenses, and unknown offense levels; and ""Drug possession"" also includes other drug misdemeanors.",,,,,,,,,,,,,,,
Source: Administrative Office of the U.S. Courts Federal Probation and Supervision Information System (FPSIS).,,,,,,,,,,,,,,,
