Bureau of Justice Statistics,,,,,,,,
Filename: ppus10at05.csv,,,,,,,,
"Appendix Table 5. Characteristics of adults on probation, 2000, 2009, and 2010",,,,,,,,
"Report title: Probation and Parole in the United States, 2010 NCJ 236019",,,,,,,,
Data source(s): Annual Probation Survey,,,,,,,,
Author(s): Lauren E. Glaze and Thomas P. Bonczar,,,,,,,,
Refer questions to: askbjs@usdoj.gov or 202-307-0765 ,,,,,,,,
Date of version: 11/21/2011,,,,,,,,
,,,,,,,,
"Appendix Table 5. Characteristics of adults on probation, 2000, 2009, and 2010",,,,,,,,
Characteristics,,,2000,,2009,,2010,
,Total ,,100,%,100,%,100,%
Sex,,,,,,,,
,Male,,78,%,76,%,76,%
,Female,,22,,24, ,24, 
Race and Hispanic origin,,,,,,,,
,White/a,,54,%,55,%,55,%
,Black/a,,31,,30,,30,
,Hispanic/Latino,,13,,13,,13,
,American Indian/Alaska Native/a,,1,,1,,1,
,Asian/Native Hawaiian/other Pacific Islander/a,,1,,1,,1,
,Two or more races/a,,...,,--,,--,
Status of supervision,,,,,,,,
,Active ,,76,%,72,%,73,%
,Residential/other treatment program,,...,,1,,1,
,Financial conditions remaining,,...,,1,,1,
,Inactive ,,9,,6,,6,
,Absconder,,9,,8,,9,
,Supervised out of jurisdiction,,3,,3,,2,
,Warrant status,,...,,6,,6,
,Other,,3,,2,,2,
Type of offense,,,,,,,,
,Felony,,52,%,50,%,50,%
,Misdemeanor,,46,,47,,47,
,Other infractions,,2,,2,,2,
Most serious offense,,,,,,,,
,Violent,,...,%,19,%,19,%
,,Domestic violence,...,,4,,3,
,,Sex offense,...,,3,,3,
,,Other violent offense,...,,13,,12,
,Property,,...,,26,,28,
,Drug ,,24,,26,,26,
,Public-order,,24,,18,,18,
,,DWI/DUI,18,,15,,15,
,,Other traffic offense,6,,4,,3,
,Other/b,,52,,10,,10,
Note: Each characteristic is based on probationers with a known status. Detail may not sum to total due to rounding. See appendix tables 6 to 10 for 2010 data by jurisdiction.,,,,,,,,
--Less than 0.5%. ,,,,,,,,
...Not available.,,,,,,,,
a/Excludes persons of Hispanic/Latino origin.,,,,,,,,
b/Includes violent and property offenses in 2000 because those data were not collected separately. ,,,,,,,,
