Bureau of Justice Statistics,,,,
Filename: ppus10t09.csv,,,,
"Table 9. Change in probation population due to modified reporting methods since 2000, by jurisdiction and year",,,,
"Report title: Probation and Parole in the United States, 2010 NCJ 236019",,,,
Data source(s): Annual Probation Survey ,,,,
Author(s): Lauren E. Glaze and Thomas P. Bonczar,,,,
Refer questions to: askbjs@usdoj.gov or 202-307-0765 ,,,,
Date of version: 11/21/2011,,,,
 ,,,,
"Table 9. Change in probation population due to modified reporting methods since 2000, by jurisdiction and year",,,,
,,Probation population on�,,
Jurisdiction and year of reporting change,,December 31 in year prior to reporting change/a,January 1 in year of reporting change/b,Change/c
Alabama,,,,
,2006,"38,995","48,607","9,612"
Colorado ,,,,
,2009,"88,912","74,123","-14,789"
District of Columbia,,,,
,2008,"6,485","8,073","1,588"
Georgia,,,,
,2007,"422,790","432,436","9,646"
,2008,"435,361","379,204","-56,157"
,2009,"397,081","389,901","-7,180"
,2010,"392,688","453,887","61,199"
Illinois ,,,,
,2010,"144,692","130,910","-13,782"
Maryland ,,,,
,2007,"75,698","94,100","18,402"
,2010,"104,541","95,017","-9,524"
Massachusetts,,,,
,2003,"44,013","131,319","87,306"
,2004,"127,135","166,464","39,329"
,2010,"180,677","76,249","-104,428"
Michigan,,,,
,2010,"175,131","185,416","10,285"
Nebraska,,,,
,2010,"18,591","17,583","-1,008"
New Mexico,,,,
,2003,"11,626","16,287","4,661"
,2006,"18,706","14,982","-3,724"
,2007,"16,493","17,878","1,385"
New York,,,,
,2003,"198,042","132,966","-65,076"
Pennsylvania,,,,
,2004/d,"137,206","164,375","27,169"
,2010,"192,231","171,329","-20,902"
South Carolina,,,,
,2010,"39,688","33,876","-5,812"
Virginia,,,,
,2010,"55,645","57,876","2,231"
Washington,,,,
,2004,"172,814","147,741","-25,073"
Wyoming ,,,,
,2010,"4,668","5,352",684
"Note: Populations for the 16 jurisdictions reflect aggregate totals for the entire jurisdiction, not agency-level data. See Methodology for jurisdictions with multiple reporting agencies. See Parole: Explanatory notes for a discussion about reporting changes that occurred in 2010 and Probation and Parole in the United States, 2009, BJS Web, NCJ 231674, for reporting changes that occurred between 2000 and 2009. ",,,,
"a/Using Alabama as an example, the population refers to the December 31, 2005 probation population because 2005 was the year before the reporting change.   ",,,,
"b/Using Alabama as an example, the population refers to the January 1, 2006 probation population because the reporting change occurred in 2006.",,,,
c/Calculated as the difference between the January 1 probation population in the year of the reporting change and the December 31 probation population in the year prior to the reporting change.,,,,
"d/The January 1, 2004 population represents an estimate generated by the BJS to ensure comparability with the December 31, 2004 probation population. The January 1, 2004 probation population reported by Pennsylvania was 137,206.",,,,
