Bureau of Justice Statistics,,,,,,
Filename: ppus10t02.csv,,,,,,
"Table 2. Changes in probationers in selected jurisdictions, during 2010",,,,,,
"Report title: Probation and Parole in the United States, 2010 NCJ 236019",,,,,,
Data source(s): Annual Probation Survey ,,,,,,
Author(s): Lauren E. Glaze and Thomas P. Bonczar,,,,,,
Refer questions to: askbjs@usdoj.gov or 202-307-0765 ,,,,,,
Date of version: 11/21/2011,,,,,,
,,,,,,
"Table 2. Changes in probationers in selected jurisdictions, during 2010",,,,,,
Probation population,,,Change in number,Percent of total change,,Number of jurisdictions
,Total change,,"-69,519",100,%,52
Total increase/a,,,"29,676",100,%,19
,Jurisdictions that accounted for at least 50% of total increase,,"17,220",58,%,4
,,Pennsylvania,"7,968",26.8,,1
,,Alabama,"3,312",11.2,,1
,,Georgia/b,"3,273",11,,1
,,Arizona,"2,667",9,,1
,Other jurisdictions with increases,,"12,456",42,,15
Total decrease,,,"-99,195",100,%,33
,Jurisdictions that accounted for at least 50% of total decrease,,"-53,875",54.3,%,5
,,California,"-18,854",19,,1
,,Florida,"-11,228",11.3,,1
,,Minnesota,"-9,427",9.5,,1
,,Texas,"-7,530",7.6,,1
,,Maryland,"-6,836",6.9,,1
,Other jurisdictions with decreases,,"-45,320",45.7,,28
Note: See appendix table 2 for changes in the number of probationers in all 52 jurisdictions.,,,,,,
a/Includes the District of Columbia and the federal system. ,,,,,,
b/Includes private agency cases and may overstate the change in the number of probationers.,,,,,,
