Bureau of Justice Statistics,,,,,,,
Filename: ppus10at03.csv,,,,,,,
"Appendix Table 3. Adults entering probation, by type of sentence, 2010",,,,,,,
"Report title: Probation and Parole in the United States, 2010 NCJ 236019",,,,,,,
Data source(s): Annual Probation Survey,,,,,,,
Author(s): Lauren E. Glaze and Thomas P. Bonczar,,,,,,,
Refer questions to: askbjs@usdoj.gov or 202-307-0765 ,,,,,,,
Date of version: 11/21/2011,,,,,,,
,,,,,,,
"Appendix Table 3. Adults entering probation, by type of sentence, 2010",,,,,,,
Region and jurisdiction,,,Total reported,Probation without incarceration,Probation with incarceration,Other/a,Unknown or not reported
U.S. total,,,"2,131,404","613,672","211,994","135,743","1,169,995"
,Federal,,"11,287","11,287",0,0,0
,State,,"2,120,117","602,385","211,994","135,743","1,169,995"
,,Alabama,"24,423","6,967","11,915",0,"5,541"
,,Alaska ,"1,209",**,**,**,"1,209"
,,Arizona/b,"26,205","17,557","8,648",0,0
,,Arkansas,"8,520","8,520",**,0,0
,,California,"149,029",**,**,**,"149,029"
,,Colorado/b,"53,111","31,928",217,"16,303","4,663"
,,Connecticut/b,"26,040","19,780","6,260",**,0
,,Delaware ,"12,992",**,**,**,"12,992"
,,District of Columbia,"6,989","5,769","1,220",0,0
,,Florida/b,"209,566","149,341","8,746","9,757","41,722"
,,Georgia/b,"222,208","19,740","13,779",**,"188,689"
,,Hawaii,"6,484",**,**,**,"6,484"
,,Idaho/b,"43,365","2,426","1,754",13,"39,172"
,,Illinois,"58,600",**,**,**,"58,600"
,,Indiana/b,"92,378","3,057","77,703","11,618",0
,,Iowa,"17,461",**,**,**,"17,461"
,,Kansas ,"21,537",**,**,**,"21,537"
,,Kentucky,"28,061","11,936",276,838,"15,011"
,,Louisiana,"17,050","15,897",667,486,0
,,Maine ,"3,517","2,342","1,004",130,41
,,Maryland/b,"48,438","39,938","8,500",0,0
,,Massachusetts ,"81,800",**,**,**,"81,800"
,,Michigan/b,"110,422","20,349","3,306","2,938","83,829"
,,Minnesota ,"64,461",**,**,"64,461",0
,,Mississippi ,"10,170","2,185","7,985",0,0
,,Missouri,"23,755","19,296","1,882","2,266",311
,,Montana,"4,021","1,621","1,423",**,977
,,Nebraska ,"12,749","8,950","3,799",0,0
,,Nevada,"6,467",**,**,**,"6,467"
,,New Hampshire,"3,082","2,519",563,0,0
,,New Jersey ,"42,139",**,**,**,"42,139"
,,New Mexico,"3,757",**,**,**,"3,757"
,,New York ,"34,126","31,599","2,527",0,0
,,North Carolina,"63,113","63,089",24,0,0
,,North Dakota ,"2,756","2,756",0,0,0
,,Ohio/b,"147,108","48,212","17,228","8,655","73,013"
,,Oklahoma/b,"9,635","5,504","2,030",0,"2,101"
,,Oregon,"15,103","6,875","7,328",900,0
,,"Pennsylvania/b,c","91,858","3,036",0,0,"88,822"
,,Rhode Island,**,**,**,**,**
,,South Carolina ,"13,431","11,252","2,179",0,0
,,South Dakota ,"3,202",**,**,**,"3,202"
,,Tennessee,"24,311","17,300","7,011",0,0
,,Texas,"165,551",**,**,**,"165,551"
,,Utah ,"5,637","2,507","3,130",0,0
,,Vermont/b,"3,891","3,172",430,289,0
,,Virginia/b,"25,626","15,663","9,893",0,70
,,Washington/b,"47,680","1,302",567,"17,089","28,722"
,,West Virginia,"1,662",**,**,**,"1,662"
,,Wisconsin,"22,275",**,**,**,"22,275"
,,Wyoming ,"3,146",**,**,**,"3,146"
,Northeast,,"286,453","62,448","10,784",419,"212,802"
,Midwest,,"576,704","102,620","103,918","89,938","280,228"
,South,,"891,746","373,101","74,225","11,081","433,339"
,West,,"365,214","64,216","23,067","34,305","243,626"
"Note: Based on reported data only. For imputed entries to probation, see appendix table 2.",,,,,,,
**Not known.,,,,,,,
"a/Includes probationers who entered supervision through a deferred sentence, pretrial supervision, after a bench warrant was served, a reinstatement of their original sentence, placement in a drug court program, a transfer from another agency or state, a sentence to a private probation agency, a transfer from parole, and other types of sentences.",,,,,,,
b/Some or all detailed data are estimated for type of sentence.,,,,,,,
c/See Explanatory notes for more detail.,,,,,,,
