Bureau of Justice Statistics,,,,,,
Filename: ppus10at16.csv,,,,,,
"Appendix Table 16. Adults on parole, by sex, 2010",,,,,,
"Report title: Probation and Parole in the United States, 2010 NCJ 236019",,,,,,
Data source(s): Annual Parole Survey,,,,,,
Author(s): Lauren E. Glaze and Thomas P. Bonczar,,,,,,
Refer questions to: askbjs@usdoj.gov or 202-307-0765 ,,,,,,
Date of version: 11/21/2011,,,,,,
,,,,,,
"Appendix Table 16. Adults on parole, by sex, 2010",,,,,,
Region and jurisdiction,,,"Parole population, 12/31/2010",Male,Female,Unknown or not reported
U.S. total,,,"840,676","736,930","103,374",372
,Federal ,,"105,552","89,482","16,000",70
,State,,"735,124","647,448","87,374",302
,,Alabama,"9,006","7,870","1,097",39
,,Alaska ,"2,089","1,789",291,9
,,Arizona,"7,993","6,846","1,147",0
,,Arkansas,"21,106","18,060","3,046",0
,,California/a,"105,133","93,310","11,823",0
,,Colorado ,"11,014","9,431","1,583",0
,,Connecticut ,"2,894","2,478",186,230
,,Delaware ,560,516,44,0
,,District of Columbia,"6,171","5,659",512,0
,,Florida ,"4,093","3,917",176,0
,,Georgia,"25,091","22,428","2,647",16
,,Hawaii ,"1,850","1,575",275,0
,,Idaho ,"3,957","3,399",558,0
,,Illinois,"26,009","23,683","2,326",0
,,Indiana ,"10,872","9,616","1,256",0
,,Iowa ,"3,197","2,691",506,0
,,Kansas ,"5,063","4,640",423,0
,,Kentucky,"14,628","12,087","2,541",0
,,Louisiana ,"26,202","23,292","2,910",0
,,Maine ,32,31,1,0
,,"Maryland/a,b","13,195","12,189","1,006",0
,,Massachusetts,"3,260","3,019",241,0
,,Michigan ,"24,486","22,796","1,690",0
,,Minnesota ,"5,807","5,340",467,0
,,Mississippi,"6,434","5,300","1,134",0
,,Missouri,"19,421","16,512","2,909",0
,,Montana,986,871,115,0
,,Nebraska ,941,804,137,0
,,Nevada/a,"4,964","4,455",509,0
,,New Hampshire,"1,973","1,764",209,0
,,New Jersey ,"15,563","14,636",927,0
,,New Mexico,"3,146","2,718",428,0
,,New York ,"48,542","45,430","3,112",0
,,North Carolina ,"3,621","3,433",188,0
,,North Dakota ,427,347,80,0
,,Ohio,"12,076","11,037","1,039",0
,,Oklahoma/a,"2,627","2,215",412,0
,,Oregon,"22,491","19,550","2,941",0
,,Pennsylvania/a,"95,870","76,047","19,823",0
,,Rhode Island ,556,515,41,0
,,South Carolina ,"6,412","5,998",413,1
,,South Dakota,"2,843","2,349",494,0
,,Tennessee ,"12,157","10,652","1,505",0
,,Texas/a,"104,763","94,236","10,527",0
,,Utah ,"2,941","2,568",373,0
,,Vermont/a,"1,032",869,163,0
,,Virginia,"2,624","2,504",119,1
,,Washington,"6,956","6,290",666,0
,,West Virginia ,"1,796","1,390",406,0
,,Wisconsin ,"19,572","17,728","1,844",0
,,Wyoming ,682,568,108,6
,Northeast,,"169,722","144,789","24,703",230
,Midwest,,"130,714","117,543","13,171",0
,South,,"260,486","231,746","28,683",57
,West,,"174,202","153,370","20,817",15
a/Some or all detailed data are estimated for sex.,,,,,,
b/See Explanatory notes for more detail.,,,,,,
