Bureau of Justice Statistics,,,,,,,,,,,,,
Filename: ppus10at14.csv,,,,,,,,,,,,,
"Appendix Table 14. Adults exiting parole, by type of exit, 2010",,,,,,,,,,,,,
"Report title: Probation and Parole in the United States, 2010 NCJ 236019",,,,,,,,,,,,,
Data source(s): Annual Parole Survey,,,,,,,,,,,,,
Author(s): Lauren E. Glaze and Thomas P. Bonczar,,,,,,,,,,,,,
Refer questions to: askbjs@usdoj.gov or 202-307-0765 ,,,,,,,,,,,,,
Date of version: 11/21/2011,,,,,,,,,,,,,
,,,,,,,,,,,,,
"Appendix Table 14. Adults exiting parole, by type of exit, 2010",,,,,,,,,,,,,
,,,,,Returned to incarceration,,,,,,,,
Region and jurisdiction,,,Total reported,Completion,With new sentence,With revocation,To receive treatment,Other/unknown,Absconder,Other unsatisfactory/a,Death,Other/b,Unknown or not reported
U.S. total,,,"562,478","288,717","49,334","127,918","1,657","5,417","47,860","9,508","5,714","14,912","11,441"
,Federal,,"42,919","23,188","2,181","9,939",0,80,"1,367","1,267",530,442,"3,925"
,State,,"519,559","265,529","47,153","117,979","1,657","5,337","46,493","8,241","5,184","14,470","7,516"
,,Alabama,"2,447","1,587",276,223,**,23,0,0,100,228,10
,,Alaska,427,164,37,66,**,128,1,**,11,4,16
,,Arizona,"13,073","7,492",263,"3,106",0,0,0,"2,212",0,**,0
,,Arkansas ,"9,366","5,707","1,200","1,474",**,0,183,0,145,657,0
,,California,"167,782","48,385","17,008","55,640",0,0,"40,191",0,660,"5,898",0
,,Colorado,"9,619","4,448","1,018","4,028",0,0,0,0,69,56,0
,,Connecticut,"3,392","1,975",0,0,0,"1,259",158,0,**,0,0
,,Delaware,475,293,**,**,**,**,**,77,7,98,0
,,District of Columbia,"2,043",942,**,**,**,500,0,82,74,445,0
,,Florida,"6,758","4,670",365,840,**,0,~,0,60,666,157
,,Georgia/c,"12,240","8,583",5,"2,491",9,926,90,0,68,0,68
,,Hawaii,795,307,2,231,0,0,0,0,20,0,235
,,Idaho,"1,353",466,191,438,~,0,~,249,9,~,0
,,Illinois,"33,731","16,716","2,483","11,448",~,~,"1,252",0,46,954,832
,,Indiana,"10,724","6,375",794,"1,184",0,0,592,0,51,"1,728",0
,,Iowa/d,"2,374","1,431",**,**,**,651,0,1,14,63,214
,,Kansas/c,"4,740","2,227",158,"1,065",~,3,"1,146",**,34,107,0
,,Kentucky,"7,127","3,306",442,"2,502",~,~,464,~,95,318,0
,,Louisiana,"13,160","7,510","1,242","1,090",~,65,~,"3,020",115,118,0
,,Maine ,1,0,0,0,0,0,0,0,0,1,0
,,"Maryland/c,d","6,378","3,597",773,980,**,**,**,932,92,4,0
,,Massachusetts,"4,500","3,454",256,768,0,3,0,0,19,0,0
,,Michigan ,"12,025","7,635","1,793","2,390",~,~,~,~,207,0,0
,,Minnesota,"5,334","2,913",222,"1,762",0,0,422,0,15,0,0
,,Mississippi,"2,415","1,509",**,**,**,821,47,0,22,16,0
,,Missouri,"11,006","8,539",319,"2,039",109,**,**,**,**,0,0
,,Montana,601,364,9,206,0,0,0,0,11,11,0
,,Nebraska ,"1,029",808,30,188,**,0,0,0,3,0,0
,,Nevada/d,"3,847","3,283",266,156,~,47,58,0,37,0,0
,,New Hampshire ,"1,194",560,**,**,**,623,**,0,11,**,0
,,New Jersey,"7,976","6,042",196,"1,632",0,0,0,0,106,**,0
,,New Mexico,521,**,**,**,**,**,**,**,**,**,521
,,New York/c,"24,869","13,934","1,539","7,549","1,539",141,~,0,167,0,0
,,North Carolina,"3,756","3,018",118,216,~,0,207,22,34,0,141
,,North Dakota ,754,579,17,142,**,**,15,**,1,**,0
,,Ohio,"9,154","7,665",687,129,0,0,241,0,120,312,0
,,Oklahoma/d,939,811,54,44,0,0,**,0,30,**,0
,,Oregon,"8,425","4,831",853,"1,664",0,0,10,770,142,12,143
,,Pennsylvania/c,"53,300","31,250","6,614","5,488",0,0,"1,379",116,789,"2,572","5,092"
,,Rhode Island ,469,321,32,113,**,0,0,0,3,**,0
,,South Carolina,"3,060","2,183",74,676,0,0,0,0,37,90,0
,,South Dakota,"1,611",788,140,559,~,114,~,**,10,**,0
,,Tennessee,"3,854","2,482",729,542,0,0,0,0,101,0,0
,,Texas/d,"33,230","25,252","5,423","1,205",~,0,~,~,"1,350",~,0
,,Utah ,"2,024",453,277,"1,034",0,3,0,169,25,63,0
,,Vermont/d,568,347,80,75,~,16,0,~,6,44,0
,,Virginia,"1,001",728,191,34,0,14,0,0,29,5,0
,,Washington,"5,340","4,638",**,**,**,0,0,559,143,0,0
,,West Virginia,"1,395",847,9,493,0,0,37,0,9,0,0
,,Wisconsin,"6,930","3,873",919,"2,019",~,0,0,32,87,**,0
,,Wyoming/d,427,241,49,50,0,0,**,0,0,**,87
,Northeast,,"96,269","57,883","8,717","15,625","1,539","2,042","1,537",116,"1,101","2,617","5,092"
,Midwest,,"99,412","59,549","7,562","22,925",109,768,"3,668",33,588,"3,164","1,046"
,South,,"109,644","73,025","10,901","12,810",9,"2,349","1,028","4,133","2,368","2,645",376
,West,,"214,234","75,072","19,973","66,619",0,178,"40,260","3,959","1,127","6,044","1,002"
**Not known.,,,,,,,,,,,,,
~Not applicable.,,,,,,,,,,,,,
"a/Includes parolees discharged from supervision who failed to meet all conditions of supervision, had their parole sentence rescinded, or had their parole sentence revoked but were not returned to incarceration because their sentence was immediately reinstated, and other types of unsatisfactory exits. Includes some early terminations and expirations of sentence.",,,,,,,,,,,,,
"b/Includes 7,030 parolees who were transferred to another state and 7,881 parolees who exited for other reasons. Other reasons include parolees who were deported or transferred to the jurisdiction of Immigration and Customs Enforcement (ICE), had their sentence terminated by the court through an appeal, were transferred to another state through an interstate compact agreement or discharged to probation supervision, and other types of exits.",,,,,,,,,,,,,
c/See Explanatory notes for more detail.,,,,,,,,,,,,,
d/Some or all detailed data are estimated for type of exit.,,,,,,,,,,,,,
