"filename: fifc3.csv",,,,,
"table #: middle column, p. 2",,,,,
"report title: Fiream Injury from Crime: Firearms, Crime, and Criminal Justice, NCJ-160093",,,,,
"data source: CDC Firearm Injury Surveillance Study",,,,,
"author: Marianne W. Zawitz, (202)616-3499, zawitz@justice.usdoj.gov",,,,,
"date of version: 4/9/96",,,,,
"range(s): base data= A:A9..A:F22,summary data = A:A24..A:B32",,,,,
,,,,,
"All cases of assault injury (gunshot wounds only) that were not committed by a bb gun or other gun and did not result in death",,,,,
"June 1, 1992- May 31, 1993",,,,,
"TRANSG_C",,"MODE OF TRANSPORT TO ER-GROUPED",,,
,,,,"Valid","Cum"
"Value Label","Value","Frequency","Percent","Percent","Percent"
"Unknown",0,2154,3.7,3.7,3.7
"EMS/Res/Amb",1,37448,65.2,65.2,68.9
"Air transport",2,1130,2,2,70.9
"Private",3,10832,18.8,18.8,89.7
"Walk-in",4,3629,6.3,6.3,96
"Police",5,2183,3.8,3.8,99.8
"Other",6,102,0.2,0.2,100
,"Total",57479,100,100,
,"Valid cases",57479,"Missing cases",0,
,,,,,
"Rank order",,,,,
,"Percent",,,,
"EMS/Res/Amb",65.2,,,,
"Private",18.8,,,,
"Walk-in",6.3,,,,
"Police",3.8,,,,
"Unknown",3.7,,,,
"Air transport",2.0,,,,
"Other",0.2,,,,
