"filename: fifc1.csv",,,,,
"table #: text table, p. 2",,,,,
"report title: Firearm Injury from Crime: Firearms, Crime, and Criminal Justice, NCJ-160093",,,,,
"data source: National Crime Victimization Survey 1987-1992",,,,,
"author: Marianne W. Zawitz, (202)616-3499, zawitz@justice.usdoj.gov",,,,,
"date of version: 4/9/96",,,,,
"range(s): base data= A:A9..A:F15,summary data = A:A17..A:C22",,,,,
,,,,,
,,"Total for six year period","Percent",,"Percent of those injured"
"Total gun crime",,5147416,100.00,,
"Injured in gun crime",,873634,16.97,,100.00
,"Gunshot",166638,3.24,,19.07
,"Serious injury",129689,2.52,,14.84
,"Rape/Att",43609,0.85,,4.99
,"Minor injury",533698,10.37,,61.09
,,,,,
,,"Percent of those injured",,,
"Injured in gun crime",,100.00,,,
,"Gunshot",19.07,,,
,"Serious injury",14.84,,,
,"Rape/Att",4.99,,,
,"Minor injury",61.09,,,
