Bureau of Justice Statistics,,,,,,,,,,,,,
Filename:  cfjs037_08.csv,,,,,,,,,,,,,
"Table 7.8. Characteristics of offenders terminating parole, October 1, 2002 - September 30, 2003",,,,,,,,,,,,,
"Report title:  Compendium of Federal Justice Statistics, 2003  NCJ 210299",,,,,,,,,,,,,
Data source:  Federal justice statistics database maintained by The Urban Institute,,,,,,,,,,,,,
Author:  Urban Institute under the supervision of BJS,,,,,,,,,,,,,
Refer questions to:  askbjs@usdoj.gov  202-307-0765,,,,,,,,,,,,,
"Date of version:  October 23, 2005",,,,,,,,,,,,,


"Table 7.8. Characteristics of offenders terminating parole, October 1, 2002 - September 30, 2003",,,,,,,,,,,,,

,,Percent terminating parole with--,,,,,,,,,,,
,,,,Technical violations/a,,,,,,,,,
Offender characteristic,Number of parole terminations,No violation,,Drug use,,Fugitive status,,Other,,New crime/b,,Administrative case closures,
          All offenders/c,"1,504",51.9,%,11.6,%,6.4,%,9.6,%,14.7,%,5.8,%
Male/Female,,,,,,,,,,,,,
    Male,"1,460",51.5,%,11.6,%,6.4,%,9.7,%,14.9,%,5.9,%
    Female,42,66.7,%,9.5,%,7.1,%,7.1,%,7.1,%,2.4,%
Race,,,,,,,,,,,,,
    White,710,61.3,%,8.3,%,5.1,%,7.6,%,11,%,6.8,%
    Black,668,44.3,%,15.9,%,6.4,%,11.5,%,18.3,%,3.6,%
    Native American,17,52.9,%,0,%,23.5,%,17.6,%,5.9,%,0,%
    Asian/Pacific Islander,12,83.3,%,16.7,%,0,%,0,%,0,%,0,%
Ethnicity,,,,,,,,,,,,,
    Hispanic,163,66.9,%,9.8,%,7.4,%,3.1,%,9.2,%,3.7,%
    Non-Hispanic,"1,323",50.2,%,11.7,%,6.1,%,10.6,%,15.3,%,6.1,%
Age,,,,,,,,,,,,,
    21-30 years,62,33.9,%,4.8,%,12.9,%,17.7,%,19.4,%,11.3,%
    31-40 years,227,44.1,%,14.1,%,7,%,10.1,%,21.1,%,3.5,%
    Over 40 years,"1,215",54.3,%,11.4,%,5.9,%,9.1,%,13.3,%,5.9,%
Education,,,,,,,,,,,,,
    Less than high school graduate,663,48.6,%,13.3,%,7.2,%,9.2,%,16.6,%,5.1,%
    High school graduate,526,52.9,%,10.6,%,5.1,%,9.7,%,15.2,%,6.5,%
    Some college,195,60.5,%,9.7,%,6.7,%,8.2,%,9.7,%,5.1,%
    College graduate,57,70.2,%,7,%,1.8,%,10.5,%,7,%,3.5,%
Drug abuse,,,,,,,,,,,,,
    No known abuse,740,58.9,%,6.6,%,5,%,10.3,%,12.4,%,6.8,%
    Drug history,764,45.2,%,16.4,%,7.7,%,9,%,16.9,%,4.8,%

a/Violation of supervision conditions other than charges for new offenses.,,,,,,,,,,,,,
"b/Includes both ""major"" and ""minor"" offenses.",,,,,,,,,,,,,
c/Total includes offenders whose characteristics could not be determined.,,,,,,,,,,,,,
