Bureau of Justice Statistics,,,,,,,,,,,,
Filename:  cfjs03t1_09.csv,,,,,,,,,,,,
"Table 1.9.  Time from warrant initiation to clearance, by warrant type, October 1, 2002 - September 30, 2003",,,,,,,,,,,,
"Report title:  Compendium of Federal Justice Statistics, 2003  NCJ 210299",,,,,,,,,,,,
Data source:  Federal justice statistics database maintained by The Urban Institute,,,,,,,,,,,,
Author:  Urban Institute under the supervision of BJS,,,,,,,,,,,,
Refer questions to:  askbjs@usdoj.gov  202-307-0765,,,,,,,,,,,,
"Date of version:  October 23, 2005",,,,,,,,,,,,


"Table 1.9.  Time from warrant initiation to clearance, by warrant type, October 1, 2002 - September 30, 2003",,,,,,,,,,,,

, All warrant types,,,Felony,,,Non-felony,,,State or local,,
,Number,Percent,,Number,Percent,,Number,Percent,,Number,Percent,
       All warrants cleared during FY 2003,"122,900",100,%,"69,736",100,%,"18,251",100,%,"34,913",100,%
On the same day,"17,193",14,,"10,166",14.6,,115,0.6,,"6,912",19.8,
Within 1 week,"25,759",21,,"21,244",30.5,,460,2.5,,"4,055",11.6
Between 1 week and 1 month,"24,789",20.2,,"16,131",23.1,,"1,604",8.8,,"7,054",20.2
Between 1 month and 1 year,"36,215",29.5,,"16,333",23.4,,"6,876",37.7,,"13,006",37.3
Between 1 and 5 years,"14,697",12,,"4,171",6,,"7,442",40.8,,"3,084",8.8
More than 5 years,"4,246",3.5,,"1,691",2.4,,"1,754",9.6,,801,2.3

Notes: Analysis based on the cohort of all warrants cleared during FY 2003.,,,,,,,,,,,
Table excludes 1 record that was missing data on time to warrant clearance.,,,,,,,,,,,
"Source: U.S. Marshals Service Warrant Information Network, fiscal year.",,,,,,,,,,,
