Bureau of Justice Statistics,,,,,
Filename:  cfjs031_07.csv,,,,,
"Table 1.7.  Warrants cleared, by warrant type, October 1, 2002 - September 30, 2003",,,,,
"Report title:  Compendium of Federal Justice Statistics, 2003  NCJ 210299",,,,,
Data source:  Federal justice statistics database maintained by The Urban Institute,,,,,
Author:  Urban Institute under the supervision of BJS,,,,,
Refer questions to:  askbjs@usdoj.gov  202-307-0765,,,,,
"Date of version:  October 23, 2005",,,,,


"Table 1.7.  Warrants cleared, by warrant type, October 1, 2002 - September 30, 2003",,,,,

 ,Number,Percent,,Median days from initiation to clearance,
       All warrants cleared during FY 2003,"122,900",100,%,22,days
Federal,"87,987",71.6,%,20,days
    Felony,"69,736",56.7,%,11,days
       Escape,841,0.7,%,23,days
       Bond violation,"6,131",5,%,15,days
       Parole violation,"2,552",2.1,%,35,days
       Probation violation,"14,006",11.4,%,14,days
       DEA related,"11,463",9.3,%,7,days
       Federal agency without arrest power,"1,711",1.4,%,9,days
       Other Federal agency with arrest power,"31,658",25.8,%,8,days
       Other,"1,374",1.1,%,18,days
    Non-felony,"18,251",14.9,%,370,days
       Traffic,"11,499",9.4,%,322,days
       Misdemeanor,"6,752",5.5,%,469,days
State or local,"34,913",28.4,%,28,days

Note: Analysis based on the cohort of all warrants initiated during FY 2003.,,,,,
"Source: U.S. Marshals Service Warrant Information Network, fiscal year.",,,,,
