Bureau of Justice Statistics,,
Filename:  cfjs03f2_01.csv,,
"Figure 2.1.  Suspects in matters concluded:  Percentage of suspects that were prosecuted in U.S. district court, by most serious offense investigated, October 1, 2002 - September 30, 2003",,
"Report title:  Compendium of Federal Justice Statistics, 2003  NCJ 210299",,
Data source:  Federal justice statistics database maintained by The Urban Institute,,
Author:  Urban Institute under the supervision of BJS,,
Refer questions to:  askbjs@usdoj.gov  202-307-0765,,
"Date of version:  October 23, 2005",,


"Figure 2.1.  Suspects in matters concluded:  Percentage of suspects that were prosecuted in U.S. district court, by most serious offense investigated, October 1, 2002 - September 30, 2003",,

Most serious offense investigated,Percent of suspects prosecuted,
All offenses,62.3,%
Violent,55.8,
Property,53.2,
Drug,75.9
Public Order,30.2
Weapons,71
Immigration,81.1

"Source: Executive Office for U.S. Attorneys, central system file.",
