Bureau of Justice Statistics,,,,,,
Filename:  cfjs037_11.csv,,,,,,
"Table 7.11. Number of first releases from Federal prison, by release method and sentence length, October 1, 2002 - September 30, 2003",,,,,,
"Report title:  Compendium of Federal Justice Statistics, 2003  NCJ 210299",,,,,,
Data source:  Federal justice statistics database maintained by The Urban Institute,,,,,,
Author:  Urban Institute under the supervision of BJS,,,,,,
Refer questions to:  askbjs@usdoj.gov  202-307-0765,,,,,,
"Date of version:  October 23, 2005",,,,,,


"Table 7.11. Number of first releases from Federal prison, by release method and sentence length, October 1, 2002 - September 30, 2003",,,,,,

,,,,Extraordinary means,,
Most serious original offense of conviction/a,Total,Standard/b,,Drug treatment,Treaty transfer,Other/c
All cases,,,,,,
       All prisoners/d,"45,820","40,780",,"3,877",303,860
    Violent offenses,"2,035","1,971",,3,1,60
    Property offenses,"6,814","6,533",,208,0,73
       Fraudulent,"5,683","5,422",,193,0,68
       Other,"1,131","1,111",,15,0,5
    Drug offenses,"19,369","15,052",,"3,455",295,567
    Public-order offenses,"3,238","3,013",,174,1,50
       Regulatory,724,683,,32,0,9
       Other,"2,514","2,330",,142,1,41
    Weapon offenses,"3,260","3,184",,17,1,58
    Immigration offenses,"10,540","10,479",,10,3,48
Sentences greater than 1 year,,,,,,
       All prisoners/e,"36,824","31,806",,"3,871",302,845
    Violent offenses,"1,913","1,849",,3,1,60
    Property offenses,"4,350","4,076",,207,0,67
       Fraudulent,"3,653","3,399",,192,0,62
       Other,697,677,,15,0,5
    Drug offenses,"17,849","13,537",,"3,452",294,566
    Public-order offenses,"2,341","2,119",,172,1,49
       Regulatory,537,496,,32,0,9
       Other,"1,804","1,623",,140,1,40
    Weapon offenses,"3,004","2,932",,17,1,54
    Immigration offenses,"7,063","7,003",,10,3,47

"Note:  Methods for calculating average time served and percent of sentence served differ from those used in the 1993 and prior compendia. See Chapter notes, items 4-7, p. 111.",,,,,,
"a/See Chapter notes, item 4, p. 111, and ""Offense classifications"" in Methodology, p. 113.",,,,,,
"b/Standard releases include expirations, mandatory release, and release to parole.",,,,,,
"c/Other extraordinary releases include escape, death, sentence commutation, and intensive confinement programs.",,,,,,
d/Includes 564 prisoners for whom offense was not classifiable or not a violation of U.S. Code.,,,,,,
e/Includes 304 prisoners for whom offense was not classifiable or not a violation of U.S. Code.,,,,,,
