Bureau of Justice Statistics,,,,,,,,,,,
Filename:  cfjs035_02.csv,,,,,,,,,,,
"Table 5.2.  Type and length of sentences imposed for sentenced offenders, by offense, October 1, 2002 - September 30, 2003",,,,,,,,,,,
"Report title:  Compendium of Federal Justice Statistics, 2003  NCJ 210299",,,,,,,,,,,
Data source:  Federal justice statistics database maintained by The Urban Institute,,,,,,,,,,,
Author:  Urban Institute under the supervision of BJS,,,,,,,,,,,
Refer questions to:  askbjs@usdoj.gov  202-307-0765,,,,,,,,,,,
"Date of version:  October 23, 2005",,,,,,,,,,,


"Table 5.2.  Type and length of sentences imposed for sentenced offenders, by offense, October 1, 2002 - September 30, 2003",,,,,,,,,,,

,Offenders convicted and sentenced in criminal cases that terminated during fiscal year 2003,,,,,,,,,,
,,,,,Sentence length,,,,,,
,,Number,,,Incarceration/d,,,,Probation/d,,
Most serious offense of conviction,Total/a,Incarceration/b,Probation/c,Fine (only),Mean,, Median,,Mean,, Median
          All offenses/e,"75,805","57,629","11,804","2,847",58.7,mo,36,mo,33.1,mo,36,mo
Felonies,"67,036","55,811","7,819",266,60.3,mo,37,mo,39.7,mo,36,mo
    Violent offenses,"2,643","2,462",153,2,97.2,mo,64,mo,40.9,mo,36,mo
       Murder/f,229,207,17,1,129.4,mo,72,mo,35.1,mo,36,mo
       Negligent manslaughter,1,1,0,0,--,mo,--,mo,...,mo,...,mo
       Assault,374,317,48,0,38.4,mo,30,mo,38.3,mo,36,mo
       Robbery,"1,544","1,488",52,1,100.7,mo,75,mo,41.7,mo,36,mo
       Sexual abuse/f,381,352,28,0,116.7,mo,71.5,mo,47.1,mo,48,mo
       Kidnaping,85,74,7,0,128.2,mo,94.5,mo,--,mo,--,mo
       Threats against the President,29,23,1,0,32.8,mo,35,mo,--,mo,--,mo
    Property offenses,"13,311","7,948","4,216",120,27.3,mo,18,mo,40.3,mo,36,mo
       Fraudulent,"11,323","6,737","3,501",108,24.8,mo,16,mo,40,mo,36,mo
          Embezzlement,786,391,286,16,16.9,mo,12,mo,38.1,mo,36,mo
          Fraud/f,"9,373","5,599","2,848",86,25.4,mo,16,mo,40.3,mo,36,mo
          Forgery,77,33,39,2,20.3,mo,18,mo,47.1,mo,36,mo
          Counterfeiting,"1,087",714,328,4,24.5,mo,18,mo,38.7,mo,36,mo
       Other,"1,988","1,211",715,12,41.1,mo,21,mo,41.7,mo,36,mo
          Burglary,44,38,4,0,29.3,mo,30,mo,--,mo,--,mo
          Larceny/f,"1,442",781,609,9,31.7,mo,16,mo,41.7,mo,36,mo
          Motor vehicle theft,86,67,16,1,34.4,mo,27,mo,36.9,mo,36,mo
          Arson and explosives,200,171,28,0,99.3,mo,60,mo,42.9,mo,38.5,mo
          Transportation of stolen property,186,137,46,1,33,mo,24,mo,42.6,mo,36,mo
          Other property offenses/f,30,17,12,1,20.9,mo,18,mo,40.2,mo,36,mo
    Drug offenses,"25,582","23,544","1,387",72,81.4,mo,60,mo,41.6,mo,36,mo
       Trafficking,"23,521","21,704","1,217",63,81.2,mo,60,mo,42.4,mo,36,mo
       Possession and other drug offenses,"2,061","1,840",170,9,82.7,mo,63,mo,35.7,mo,36,mo
    Public-order offenses,"4,331","3,036","1,123",38,42.9,mo,26,mo,36.7,mo,36,mo
       Regulatory,"1,136",542,481,22,33.2,mo,18,mo,34.2,mo,36,mo
          Agriculture,0,0,0,0,...,mo,...,mo,...,mo,...,mo
          Antitrust,17,4,8,5,--,mo,--,mo,--,mo,--,mo
          Food and drug,41,13,25,2,188,mo,33,mo,27.8,mo,30,mo
          Transportation,126,39,63,3,57.6,mo,12,mo,35.7,mo,36,mo
          Civil rights,57,50,7,0,55.8,mo,28.5,mo,--,mo,--,mo
          Communications,26,9,17,0,--,mo,--,mo,28.7,mo,36,mo
          Custom laws,91,46,22,3,17.3,mo,12,mo,34.1,mo,36,mo
          Postal laws,35,6,26,1,--,mo,--,mo,29.2,mo,36,mo
          Other regulatory offenses,743,375,313,8,24,mo,18,mo,35.2,mo,36,mo
       Other,"3,195","2,494",642,16,45,mo,27,mo,38.7,mo,36,mo
          Tax law violations/f,404,250,152,1,21.9,mo,15,mo,36,mo,36,mo
          Bribery,112,60,46,0,20,mo,15,mo,37.7,mo,36,mo
"          Perjury, contempt, and intimidation",208,144,60,1,43.2,mo,27,mo,34.1,mo,36,mo
          National defense,43,26,16,0,59.2,mo,30,mo,42.8,mo,30,mo
          Escape,505,460,30,1,19.4,mo,15,mo,25.9,mo,24,mo
          Racketeering and extortion,965,775,153,9,72.5,mo,46,mo,38.4,mo,36,mo
          Gambling,17,14,4,0,19.4,mo,17,mo,--,mo,--,mo
          Liquor offenses,1,0,1,0,...,mo,...,mo,--,mo,--,mo
          Nonviolent sex offenses,638,589,58,1,47,mo,33,mo,48.7,mo,60,mo
          Obscene material/f,58,38,20,0,42.7,mo,37,mo,44.4,mo,36,mo
          Traffic offenses,30,26,4,0,20.5,mo,18,mo,--,mo,--,mo
          Wildlife,22,8,12,2,--,mo,--,mo,41,mo,36,mo
          Environmental,26,8,18,0,--,mo,--,mo,34.3,mo,36,mo
          All other felonies/f,166,96,68,1,24.1,mo,14,mo,46,mo,60,mo
Weapon offenses,"6,970","6,431",501,12,83.7,mo,54,mo,38.1,mo,36,mo
Immigration offenses,"14,199","12,390",439,22,26.7,mo,24,mo,35.8,mo,36,mo
Misdemeanors/f,"8,767","1,818","3,983","2,581",9.1,mo,5,mo,20.2,mo,12,mo
    Fraudulent property offense,755,197,469,31,11.8,mo,12,mo,27.9,mo,24,mo
    Larceny,842,79,609,145,7.6,mo,6,mo,22.3,mo,12,mo
    Drug possession/f,"1,603",653,695,93,12.6,mo,6,mo,18.1,mo,12,mo
    Immigration,648,525,76,3,4.6,mo,2,mo,25.7,mo,24,mo
    Traffic offenses,"3,124",132,"1,146","1,833",6.5,mo,3,mo,14.7,mo,12,mo
    Other misdemeanors,"1,795",232,988,476,8.8,mo,6,mo,22.4,mo,12,mo
Unknown or indeterminable offense,2,0,2,0,...,mo,...,mo,--,mo,--,mo

 --Too few cases to obtain statistically reliable data.,,,,,,,,,,,,
...No case of this type occurred in the data.
"a/Total may not equal the sum of individual sanctions. The sum may exceed the total because split and mixed sentences are counted in incarceration and probation.  Alternatively, the total may exceed the sum as the total includes offenders receiving deportation, suspended sentences, sealed sentences, imprisonment of 4 days or less, and no sentences."
"b/All sentences to incarceration, including split, mixed, life, and indeterminate sentences."
c/Includes offenders with split and mixed sentences.
"d/Excludes sentences of life, death, and indeterminate sentences (1% of all incarcerations)."
"e/Total includes offenders whose sentence could not be determined and 2 defendants for whom offense category could not be determined, both of whom received a sentence of probation."
"f/In this table, ""Murder"" includes nonnegligent manslaughter; ""Sexual abuse"" includes only violent sex offenses; ""Fraud"" excludes tax fraud; ""Larceny"" excludes transportation of stolen property; ""Other property offenses"" excludes fraudulent property offenses, and includes destruction of property and trespassing; "
"""Tax law violations"" includes tax fraud; ""Obscene material"" denotes the mail or transport thereof; and ""All other offenses"" includes offenses with unclassifiable offense type; ""Misdemeanors"" includes misdemeanors, petty offenses, and unknown offense levels; and ""Drug possession"" also includes other drug misdemeanors."
