Bureau of Justice Statistics,,,,
Filename: itrh07st02.csv,,,,
"Table 2. Age, race, and Hispanic origin of head of households experiencing identity theft, 2007",,,,
"Report title: Identity Theft Reported by Households, 2007 - Statistical Tables NCJ 230742",,,,
"Data source: National Crime Victimization Survey,  2007",,,,
Authors: Lynn Langton and Katrina Baum,,,,
Refer questions to: AskBJS@usdoj.gov or 202-307-0765,,,,
Date of version: 06/30/10,,,,
,,,,
"Table 2. Age, race, and Hispanic origin of head of households experiencing identity theft, 2007",,,,
Head of household characteristic,,Number of victimized households,Percent of all households in each category,
Total,,"7,928,500",6.6,%
Age,,,,
,18-24,"601,900",7.9,
,25-34,"1,408,200",6.9,
,35-49,"2,692,400",7.4,
,50-64,"2,208,400",7,
,65 or older,"1,008,400",4.2,
Race,,,,
,White,"6,527,200",6.7,%
,Black,"870,500",5.8,
,Other race,"381,100",6.7,
,More than one race,"149,800",11.4,
Hispanic origin,,,,
,Hispanic,"700,300",5.2,%
,Non-Hispanic,"7,220,400",6.8,
