Bureau of Justice Statistics,,,,,,,,
Filename: itrh07st01.csv,,,,,,,,
"Table 1. Number and percent of households in which at least one member was a victim of one or more types of identity theft, by type of identity theft, 2005 and 2007",,,,,,,,
"Report title: Identity Theft Reported by Households, 2007 - Statistical Tables NCJ 230742",,,,,,,,
"Data source: National Crime Victimization Survey, 2005 and 2007",,,,,,,,
Authors: Lynn Langton and Katrina Baum,,,,,,,,
Refer questions to: AskBJS@usdoj.gov or 202-307-0765,,,,,,,,
Date of version: 06/30/10,,,,,,,,
,,,,,,,,
"Table 1. Number and percent of households in which at least one member was a victim of one or more types of identity theft, by type of identity theft, 2005 and 2007.",,,,,,,,
,2005,,,2007,,,,
,Number of households,Percent of all households,,Number of households,Percent of all households,,Percent change in number of households victimized from 2005 to 2007,
All types of identity theft,"6,426,200",5.5,%,"7,928,500",6.6,%,23.4*,%
Existing credit card,"2,966,500",2.5,,"3,894,300",3.3,,31.3*,
Other existing account,"1,586,500",1.4,,"1,917,000",1.6,,20.8*,
Personal information,"1,083,100",0.9,,"1,031,200",0.9,,-4.8,
Multiple types in same episode,"790,200",0.7,,"1,086,100",0.9,,37.4*,
No identity theft,"109,206,700",93.3,,"108,197,000",90.5,,-0.9*,
Unknown,"1,477,800",1.3,,"3,378,000",2.8,,--,
Note: Details do not add to total because of rounding.,,,,,,,,
*Difference is significant at the 95%-confidence level.,,,,,,,,
 --Not calculated.,,,,,,,,
