Bureau of Justice Statistics,,,,,,,,,,,
Filename: ppus06at01.csv,,,,,,,,,,,
"Appendix table 1. Adults leaving parole, by type of exit, 2006",,,,,,,,,,,
"Report title: Probation and Parole in the United States, 2006 NCJ 220218",,,,,,,,,,,
Data source: Annual Probation Survey and Annual Parole Survey,,,,,,,,,,,
Author(s): Lauren E. Glaze and Thomas P. Bonczar,,,,,,,,,,,
Refer questions to: askbjs@usdoj.gov 202-307-0765,,,,,,,,,,,
Date of version: 11/30/07,,,,,,,,,,,
"Appendix table 1. Adults leaving parole, by type of exit, 2006",,,,,,,,,,,
,,,"Number of adults leaving parole, 2006",,,,,,,,
,,,,,Returned to incarceration,,,,,,
Region and jurisdiction,,,Total reported exits,Completion,Total,With new sentence,With revocation,Other,Other unsatisfactory/a,Other/b,Unknown
,,U.S. total,"469,768","205,267","179,259","51,146","119,531","8,582","8,400","71,796","5,046"
,Federal,,"39,230","26,546","8,521","3,994","4,527",0,**,"4,163",0
,State,,"430,538","178,721","170,738","47,152","115,004","8,582","8,400","67,633","5,046"
Northeast,,,"53,793","27,850","21,737","4,842","15,989",906,0,"1,357","2,849"
,Connecticut,,"2,849",**,**,**,**,**,**,0,"2,849"
,Maine  ,,4,2,1,0,1,0,0,1,0
,Massachusetts/c,,"5,120","4,225",873,**,**,873,0,22,0
,New Hampshire,,409,57,344,344,0,0,0,8,0
,New Jersey,,"9,842","6,374","3,321",486,"2,835",~,~,147,0
,New York   ,,"23,954","12,099","11,548","2,095","9,453",~,~,307,0
,Pennsylvania,,"10,742","4,533","5,381","1,832","3,549",0,0,828,0
,Rhode Island,,317,206,110,27,83,0,0,1,0
,Vermont/c,,556,354,159,58,68,33,~,43,0
Midwest,,,"66,736","34,153","25,994","7,395","13,473","5,126",227,"6,362",**
,Illinois/d,,**,**,**,**,**,~,**,**,**
,Indiana,,"6,900","3,820","2,120",**,**,"2,120",30,930,0
,Iowa,,"2,363","1,616",727,**,727,0,1,19,0
,Kansas,,"5,565","2,155","1,459",181,"1,273",5,133,"1,818",0
,Michigan  ,,"12,205","6,862","5,188","2,016","3,172",0,0,155,0
,Minnesota,,"5,003","2,551","1,952",184,"1,768",0,0,500,0
,Missouri/c,,"12,525","4,049","7,447","2,692","1,757","2,998",0,"1,029",0
,Nebraska,,902,644,255,17,235,3,~,3,0
,North Dakota,,791,618,165,26,139,0,0,8,0
,Ohio ,,"11,621","7,783","2,185","1,624",561,0,0,"1,653",0
,South Dakota,,"1,731",751,793,118,675,0,30,157,0
,Wisconsin,,"7,130","3,304","3,703",537,"3,166",0,33,90,0
South,,,"105,356","62,601","32,010","12,396","17,065","2,549","5,680","5,061",4
,Alabama/c,,"2,736","1,731",888,213,415,260,0,117,0
,Arkansas,,"6,992","3,483","2,992","1,199","1,722",71,~,517,0
,Delaware,,423,194,**,**,**,**,130,99,0
,District of Columbia,,"1,795",396,873,**,**,873,171,351,4
,Florida/c,,"6,469","4,181","1,740",388,"1,352",0,472,76,0
,Georgia,,"11,473","7,030","4,358",54,"3,451",853,0,85,0
,Kentucky/c,,"5,329","1,573","3,638",446,"2,988",204,0,118,0
,Louisiana,,"13,098","7,115","2,238","1,029","1,095",114,"3,475",270,0
,Maryland ,,"7,411","4,290","1,566",754,812,0,"1,408",147,0
,Mississippi,,"1,024",684,174,**,**,174,0,166,0
,North Carolina,,"3,473","2,895",210,77,133,0,24,344,0
,Oklahoma/c,,"2,100","1,190",428,85,343,0,0,482,0
,South Carolina  ,,"1,110",798,271,34,237,0,0,41,0
,Tennessee,,"3,232","1,584","1,547",596,951,0,0,101,0
,Texas,,"35,171","23,613","10,661","7,500","3,161",0,0,897,0
,Virginia,,"2,500","1,305",0,0,0,0,0,"1,195",0
,West Virginia  ,,"1,020",539,426,21,405,0,0,55,0
West,,,"204,653","54,117","90,997","22,519","68,477",1,"2,493","54,853","2,193"
,Alaska,,634,**,**,**,**,**,**,0,634
,Arizona/c,,"12,006","9,192","2,804",166,"2,638",0,0,10,0
,California,,"163,428","34,828","78,721","19,663","59,058",0,0,"49,879",0
,Colorado,,"6,572","2,477","3,921","1,012","2,909",0,0,174,0
,Hawaii,,601,198,191,10,181,0,0,212,0
,Idaho,,"1,277",475,6,6,~,~,788,8,0
,Montana,,539,259,207,13,194,0,0,73,0
,Nevada ,,"2,332","1,604",535,353,182,0,0,193,0
,New Mexico/c,,"1,559",**,**,**,**,**,**,0,"1,559"
,Oregon,,"8,024","4,189","2,871",865,"2,005",1,677,287,0
,Utah  ,,"2,485",591,"1,649",420,"1,229",0,127,118,0
,Washington,,"4,880",140,**,**,**,0,901,"3,839",0
,Wyoming,,316,164,92,11,81,0,0,60,0
** Not known.,,,,,,,,,,,
~ Not applicable.,,,,,,,,,,,
"a/Includes parolees released from parole supervision who failed to meet all conditions of supervision, including some with only financial conditions remaining whose case may have been turned over to a business office, and other types of unsatisfactory exits; includes early terminations and expirations of sentence.",,,,,,,,,,,
"b/Includes 51,500 parolees who had absconded (including 45,160 in California), 4,884 who had died, 2,766 who had transferred to another jurisdiction, and 12,646 others.",,,,,,,,,,,
c/Some or all detailed data are estimated,,,,,,,,,,,
"d/No data provided. An estimated 35,600 adults left parole supervision in Illinois during 2006. See Methodology.",,,,,,,,,,,
