Bureau of Justice Statistics,,,,,,,,,
Filename: ppus06bt01.csv,,,,,,,,,
"Box table 1. Number of persons under correctional supervision, 1995, 2000-06",,,,,,,,,
"Report title: Probation and Parole in the United States, 2006 NCJ 220218",,,,,,,,,
Data source: Annual Probation Survey and Annual Parole Survey,,,,,,,,,
Author(s): Lauren E. Glaze and Thomas P. Bonczar,,,,,,,,,
Refer questions to: askbjs@usdoj.gov 202-307-0765,,,,,,,,,
Date of version: 11/30/07,,,,,,,,,
"Box table 1. Number of persons under correctional supervision, 1995, 2000-06",,,,,,,,,
,,,Community supervision,,,,Incarceration,,
Year,Total estimated correctional population/a,,Probation,,Parole,,Jail,,Prison
1995,"5,342,900",,"3,077,861",,"679,421",,"507,044",,"1,078,542"
2000,"6,445,100",,"3,826,209",,"723,898",,"621,149",,"1,316,333"
2001,"6,581,700",,"3,931,731",,"732,333",,"631,240",,"1,330,007"
2002,"6,758,800",,"4,024,067",,"750,934",,"665,475",,"1,367,547"
2003,"6,883,200",,"4,073,987",,"774,588",,"691,301",,"1,390,279"
2003 (revised)/b,"6,924,500",,"4,120,012",,"769,925",,"691,301",,"1,390,279",
2004,"6,995,100",,"4,143,792",,"771,852",,"713,990",,"1,421,345",
2005,"7,051,900",,"4,166,757",,"780,616",,"747,529",,"1,448,344",
2006,"7,211,400",,"4,237,023",,"798,202",/c,"766,010",,"1,492,973",
"Percent change, 2005-2006",2.3,%,1.7,%,2.3,%,2.5,%,3.1,%
"Average annual percent change, 1995-2006/d",2.5,%,2.4,%,1.5,%,3.8,%,3,%
"Note: Counts of probationers, parolees, and prisoners are for December 31. All jail counts are for June 30. Jail and prison counts include inmates held in private facilities. Totals in 2005 and 2006 exclude probationers and parolees held in jail or prison. Totals in 2000 through 2004 only exclude probationers held in jail or prison.",,,,,,,,,,
"a/Because some offenders may have multiple statuses, totals were rounded to the nearest 100.",,,,,,,,,,
"b/Due to changes in reporting, total probation and parole counts include estimated counts for Massachusetts, Pennsylvania, and Washington based on reporting methods comparable to 2004.",,,,,,,,,,
"c/Illinois did not provide data for 2006; therefore, all data for Illinois were estimated. See Methodology.",,,,,,,,,,
"d/Percent change is based on comparable reporting agencies, excluding 236,014 probationers from agencies added since 1995. See Methodology.",,,,,,,,,,
