Bureau of Justice Statistics,,,,,,,
Filename: ppus06tt01.csv,,,,,,,
"Text table 1. Adults entering probation, by type of entry, 2000 and 2006",,,,,,,
"Report title: Probation and Parole in the United States, 2006 NCJ 220218",,,,,,,
Data source: Annual Probation Survey and Annual Parole Survey,,,,,,,
Author(s): Lauren E. Glaze and Thomas P. Bonczar,,,,,,,
Refer questions to: askbjs@usdoj.gov 202-307-0765,,,,,,,
Date of version: 11/30/07,,,,,,,
"Text table 1. Adults entering probation, by type of entry, 2000 and 2006",,,,,,,
,,Percent of adults entering probation,,,,,
,,,,2006,,,
Type of entry,,2000,,Reported,,Comparable,
Without incarceration,,79,%,70,%,78,%
With incarceration,,16,,24,,16,
Other types,,5,,6,,6,
,Total estimated entries,"2,153,300",,"2,272,300",,"2,272,300",
