Bureau of Justice Statistics,,,,,
Filename: ppus06tt05.csv,,,,,
"Text table 5. Adults entering parole, by type of entry, 2000 and 2006",,,,,
"Report title: Probation and Parole in the United States, 2006 NCJ 220218",,,,,
Data source: Annual Probation Survey and Annual Parole Survey,,,,,
Author(s): Lauren E. Glaze and Thomas P. Bonczar,,,,,
Refer questions to: askbjs@usdoj.gov 202-307-0765,,,,,
Date of version: 11/30/07,,,,,
"Text table 5. Adults entering parole, by type of entry, 2000 and 2006",,,,,
,,Percent of adults entering parole,,,
Type of entry,,2000,,2006,
Discretionary parole,,37,%,35,%
Mandatory parole,,54,,52,
Reinstatement,,6,,9,
Other,,2,,3,
,Total estimated entries*,"470,400",,"536,200",
*Includes offenders on State parole and Federal post-custody release.
