Bureau of Justice Statistics,,,,,
Filename: ppus06tt02.csv,,,,,
"Text table 2. Adults exiting probation, by type of exit, 2000 and 2006",,,,,
"Report title: Probation and Parole in the United States, 2006 NCJ 220218",,,,,
Data source: Annual Probation Survey and Annual Parole Survey,,,,,
Author(s): Lauren E. Glaze and Thomas P. Bonczar,,,,,
Refer questions to: askbjs@usdoj.gov 202-307-0765,,,,,
Date of version: 11/30/07,,,,,
"Text table 2. Adults exiting probation, by type of exit, 2000 and 2006",,,,,
,,Percent of adults exiting probation,,,
Type of exit,,2000,,2006,
Completions,,60,%,57,%
Incarceration,,15,,18,
,With new sentence,3,,4,
,With the same sentence,8,,9,
,Other/Unknown,4,,5,
Absconder,,3,,4
"Discharge to custody, detainer,",,,,
,or warrant,1,,1
Other unsatisfactory,,11,,12
Death,,1,,1
Other,,9,,6
,Total estimated exits,"2,095,200",,"2,201,800"
