Bureau of Justice Statistics,,,,,,,,,,,,,,
filename:  ncrp0303.csv,,,,,,,,,,,,,,
"Table 3.  Parole violators returned to State prison, 2003:  Offense, by age at admission",,,,,,,,,,,,,,
"data source:  National Corrections Reporting Program, 2003",,,,,,,,,,,,,,
author:  Tom Bonczar ,,,,,,,,,,,,,,
refer questions to:  askbjs@usdoj.gov      202-307-0765,,,,,,,,,,,,,,
date of version 06/14/07,,,,,,,,,,,,,,
, ,,,,,,,,,,,,,
"Table 3.  Parole violators returned to State prison, 2003:  Offense, by age at admission",,,,,,,,,,,,,,

,                                     Age at admission for parole violators returned to State prison,,,,,,,,,,,,,
Most serious offense,Under 18,,    18-24,,    25-29,,    30-34,,    35-44,,    45-54,,55 or older,
All offenses,100,%,100,%,100,%,100,%,100,%,100,%,100,%
Violent offenses,53.8,%,24.3,%,26.6,%,23.6,%,21.1,%,21,%,26.5,%
Homicide,0,,0.6,,1.9,,1.7,,1.5,,2.2,,4.2,
Murder/nonnegligent manslaughter,0,,0.4,,1.4,,1.3,,1.2,,1.8,,3.5,
Murder,0,,0.3,,1,,0.9,,0.9,,1.4,,2.9,
Nonnegligent manslaughter,0,,0.1,,0.4,,0.4,,0.3,,0.4,,0.5,
Negligent manslaughter,0,,0.2,,0.4,,0.4,,0.3,,0.4,,0.6,
Unspecified homicide,0,,0,*,0,*,0,*,0,*,0,*,0.1,
Kidnapping,0,,0.4,,0.5,,0.5,,0.5,,0.5,,0.4,
Rape,0,,0.5,,0.7,,0.9,,1,,1.3,,2,
Other sexual assault,3.8,,2.5,,2.8,,2.2,,2.5,,3.6,,7.6,
Robbery,11.5,,9.9,,9.3,,7.9,,7,,6,,5.8,
Assault,34.6,,9,,9.8,,8.8,,7.2,,6.4,,5.6,
Other violent,3.8,,1.6,,1.6,,1.5,,1.3,,1,,0.9,
Property offenses,38.5,%,36,%,30.9,%,31.8,%,33.7,%,33.5,%,28.9,%
Burglary,23.1,,15.4,,11.9,,12,,13.4,,12.6,,10.5,
Larceny ,3.8,,5.8,,5.8,,7.3,,9.8,,12.1,,11.4,
Motor vehicle theft,11.5,,7.2,,5.8,,4.7,,3.4,,2.3,,2.1,
Arson,0,,0.4,,0.3,,0.3,,0.3,,0.4,,0.5,
Fraud,0,,2.5,,3.3,,4.2,,4,,3.7,,2.6,
Stolen property,0,,3,,2.8,,2.7,,2.1,,2,,1.3,
Other property,0,,1.7,,0.9,,0.6,,0.6,,0.5,,0.5,
Drug offenses,7.7,%,28.8,%,32.4,%,34.8,%,36.1,%,36.9,%,33.4,%
Possession,3.8,,8.5,,9.6,,11.1,,10.8,,9,,7.2,
Trafficking,3.8,,14.3,,15.6,,16.5,,16.5,,16,,15,
Other/unspecified drug,0,,6,,7.2,,7.2,,8.8,,11.9,,11.2,
Public-order offenses,0,%,10.3,%,9.6,%,9.4,%,8.9,%,8.2,%,10.5,%
Weapons,0,,6.5,,5.1,,3.6,,2.2,,1.8,,1.9,
Driving while intoxicated,0,,0.3,,0.9,,1.7,,2.7,,3.3,,5,
Other public-order,0,,3.5,,3.5,,4,,4,,3.2,,3.7,
Other offenses,0,%,0.6,%,0.6,%,0.4,%,0.3,%,0.4,%,0.6,%
Number of admissions,26,,"22,160",,"26,219",,"26,450",,"51,887",,"20,111",,"3,270",

Detail may not add to total because of rounding.,,,,,,,,,,,,,,
*Less than 0.05%.,,,,,,,,,,,,,,


 
