﻿Bureau of Justice Statistics,,,,,
Filename: cv21at11.csv,,,,,
"Appendix table 11. Standard errors for table 10: Firearm violence, 2020 and 2021",,,,,
"Report title: Criminal Victimization, 2021  NCJ 305101",,,,,
"Data source: Bureau of Justice Statistics, National Crime Victimization Survey, 2020 and 2021",,,,,
"Authors: Alexandra Thompson and Susannah N. Tapp, Ph.D., BJS Statisticians",,,,,
Refer questions to: askbjs@usdoj.gov 202-307-0765,,,,,
Date of version: 9/20/2022,,,,,
,,,,,
"Appendix table 11. Standard errors for table 10: Firearm violence, 2020 and 2021",,,,,
,,2020,,2021,
,Total violent victimizations,"219,870",,"204,884",
Firearm victimizations,,,,,
,Number,"44,615",,"40,095",
,Percent,0.94,%,0.84,%
,Rate,0.16,,0.14,
Firearm victimizations reported to police,,,,,
,Number,"26,023",,"33,989",
,Percent,6.84,%,4.35,%
"Source: Bureau of Justice Statistics, National Crime Victimization Survey, 2020 and 2021.",,,,,
