﻿Bureau of Justice Statistics,,,,,
Filename: cv21at13.csv,,,,,
"Appendix table 13. Standard errors for table 12: Number of violent incidents, by sex of victims and offenders, 2021",,,,,
"Report title: Criminal Victimization, 2021  NCJ 305101",,,,,
"Data source: Bureau of Justice Statistics, National Crime Victimization Survey, 2021",,,,,
"Authors: Alexandra Thompson and Susannah N. Tapp, Ph.D., BJS Statisticians",,,,,
Refer questions to: askbjs@usdoj.gov 202-307-0765,,,,,
Date of version: 9/20/2022,,,,,
,,,,,
"Appendix table 13. Standard errors for table 12: Number of violent incidents, by sex of victims and offenders, 2021",,,,,
,,Offender sex,,,
Victim sex,Total violent incidents,Male,Female,Both male and female,Unknown
Male,"148,293","141,524","37,474","20,368","31,608"
Female,"123,359","85,078","84,538","24,023","22,597"
"Source: Bureau of Justice Statistics, National Crime Victimization Survey, 2021.",,,,,
