﻿Bureau of Justice Statistics,,,,,,,
Filename: cv21at07.csv,,,,,,,
"Appendix table 7. Standard errors for table 6: Percent and rate of violent victimizations reported to police, by demographic characteristics of victims, 2020 and 2021",,,,,,,
"Report title: Criminal Victimization, 2021  NCJ 305101",,,,,,,
"Data source: Bureau of Justice Statistics, National Crime Victimization Survey, 2020 and 2021",,,,,,,
"Authors: Alexandra Thompson and Susannah N. Tapp, Ph.D., BJS Statisticians",,,,,,,
Refer questions to: askbjs@usdoj.gov 202-307-0765,,,,,,,
Date of version: 9/20/2022,,,,,,,
,,,,,,,
"Appendix table 7. Standard errors for table 6: Percent and rate of violent victimizations reported to police, by demographic characteristics of victims, 2020 and 2021",,,,,,,
,,Percent,,,,"Rate per 1,000",
Victim demographic characteristic,,2020,,2021,,2020,2021
,Total,2.36,%,2.06,%,0.43,0.49
Sex,,,,,,,
,Male,3.54,%,2.77,%,0.6,0.65
,Female,2.83,,2.88,,0.58,0.68
Race/Hispanic origin,,,,,,,
,White,3.26,%,2.68,%,0.54,0.65
,Black,5.2,,5.1,,1.33,1.21
,Hispanic,4.66,,4.14,,0.72,0.94
,Asian/Native Hawaiian/Other Pacific Islander,12.1,,11.33,,1.9,1.19
,Other,6.78,,15.79,,3.98,8.97
Age,,,,,,,
,12–17,6.11,%,5.29,%,1.06,0.73
,18–24,5.38,,3.75,,2.16,1.05
,25–34,3.82,,3.7,,1.17,1.17
,35–49,5.56,,3.75,,0.92,0.98
,50–64,4.23,,5.14,,0.74,1.57
,65 or older,4.85,,10.17,,0.37,0.54
Marital status,,,,,,,
,Never married,3.48,%,2.89,%,0.79,0.91
,Married,4.7,,3.96,,0.53,0.47
,Widowed,7.78,,13.91,,0.82,0.95
,Divorced,4.27,,5.06,,1.15,2.21
,Separated,6.21,,8.04,,4.26,4.4
Household income,,,,,,,
,"Less than $25,000",3.69,%,4.52,%,1.14,1.97
,"$25,000–$49,999",4.61,,3.79,,1.13,0.99
,"$50,000–$99,999",4.65,,4.4,,0.6,0.87
,"$100,000–$199,999",5.28,,3.99,,0.84,0.56
,"$200,000 or more",7.11,,7.15,,0.86,0.76
"Source: Bureau of Justice Statistics, National Crime Victimization Survey, 2020 and 2021.",,,,,,,
