﻿Bureau of Justice Statistics,,,,,,
Filename: cv21at08.csv,,,,,,
"Appendix table 8. Standard errors for table 7: Number and rate of violent victimizations, by veteran and citizenship status of victims, 2020 and 2021",,,,,,
"Report title: Criminal Victimization, 2021  NCJ 305101",,,,,,
"Data source: Bureau of Justice Statistics, National Crime Victimization Survey, 2020 and 2021",,,,,,
"Authors: Alexandra Thompson and Susannah N. Tapp, Ph.D., BJS Statisticians",,,,,,
Refer questions to: askbjs@usdoj.gov 202-307-0765,,,,,,
Date of version: 9/20/2022,,,,,,
,,,,,,
"Appendix table 8. Standard errors for table 7: Number and rate of violent victimizations, by veteran and citizenship status of victims, 2020 and 2021",,,,,,
,,,2020,,2021,
Victim veteran/citizenship status,,,Number,"Rate per 1,000",Number,"Rate per 1,000"
,Total violent victimizations,,"219,870",0.79,"204,884",0.73
Veteran status,,,,,,
,Veteran,,"47,555",2.63,"36,988",2.18
,Nonveteran,,"185,575",0.8,"194,098",0.83
Citizenship status,,,,,,
,U.S. citizen,,"216,837",0.83,"203,694",0.78
,,U.S.-born citizen,"215,345",0.91,"192,217",0.8
,,Naturalized U.S. citizen,"44,729",1.88,"55,296",2.34
,Non-U.S. citizen,,"34,036",2.39,"23,300",1.58
"Source: Bureau of Justice Statistics, National Crime Victimization Survey, 2020 and 2021.",,,,,,
