﻿Bureau of Justice Statistics,,,,,,
Filename: cv21t04.csv,,,,,,
"Table 4. Percent of victimizations reported to police, by type of crime, 2020 and 2021",,,,,,
"Report title: Criminal Victimization, 2021  NCJ 305101",,,,,,
"Data source: Bureau of Justice Statistics, National Crime Victimization Survey, 2020 and 2021 ",,,,,,
"Authors: Alexandra Thompson and Susannah N. Tapp, Ph.D., BJS Statisticians",,,,,,
Refer questions to: askbjs@usdoj.gov 202-307-0765,,,,,,
Date of version: 9/20/2022,,,,,,
,,,,,,
"Table 4. Percent of victimizations reported to police, by type of crime, 2020 and 2021",,,,,,
Type of crime,,,2020,,2021*,
Total violent crime/a,,,40.2,% ‡,45.6,%
,Rape/sexual assault/b,,22.9,,21.5,
,Robbery,,54.3,,60,
,Assault,,40,‡,46,
,,Aggravated assault,57,,60.5,
,,Simple assault,35.4,‡,42.3,
Violent crime excluding simple assault/c,,,49.3,%,52.2,%
Selected characteristics of violent crime/d,,,,,,
,Domestic violence/e,,41.1,%,48.9,%
,,Intimate partner violence/f,41.4,,50.7,
,Stranger violence,,43.9,,48.4,
,Violent crime with an injury,,46.9,,55.9,
,Violent crime with a weapon,,55.4,,60.5,
Total property crime,,,33,% †,30.8,%
,Burglary/trespassing/g,,43.4,,40.7,
,,Burglary/h,44.2,,41.5,
,,Trespassing/i,41.5,,39.4,
,Motor vehicle theft,,74.6,,76.9,
,Other theft/j,,28.9,†,26.1,
Note: See appendix table 5 for standard errors.,,,,,,
*Comparison year.,,,,,,
†Difference with comparison year is significant at the 95% confidence level.,,,,,,
‡Difference with comparison year is significant at the 90% confidence level.,,,,,,
a/Excludes homicide because the National Crime Victimization Survey (NCVS) is based on interviews with victims.,,,,,,
b/See Methodology for details on the measurement of rape or sexual assault in the NCVS.,,,,,,
"c/Includes rape or sexual assault, robbery, and aggravated assault.",,,,,,
d/Violent crime categories such as domestic violence and violent crime with an injury are not mutually exclusive from other violent crime categories or other selected characteristics.,,,,,,
e/Includes the subset of violent victimizations that were committed by current or former intimate partners or family members.,,,,,,
"f/Includes the subset of violent victimizations that were committed by current or former spouses, boyfriends, or girlfriends.",,,,,,
"g/Includes unlawful or forcible entry or attempted entry of places, including a permanent residence, other residence (e.g., a hotel room or vacation residence), or other structure (e.g., a garage or shed). Includes victimizations where the offender stole, attempted to steal, or did not attempt to steal. Excludes trespassing on land.",,,,,,
h/Includes only crimes where the offender committed or attempted a theft.,,,,,,
i/Includes crimes where the offender did not commit or attempt a theft. Excludes trespassing on land. ,,,,,,
j/Includes other unlawful taking or attempted unlawful taking of property or cash without personal contact with the victim.,,,,,,
"Source: Bureau of Justice Statistics, National Crime Victimization Survey, 2020 and 2021.",,,,,,
