﻿Bureau of Justice Statistics,,,,,
Filename: cv21t09.csv,,,,,
"Table 9. Percent of violent victimizations for which victims received assistance from a victim service provider, by type of crime, 2020 and 2021",,,,,
"Report title: Criminal Victimization, 2021  NCJ 305101",,,,,
"Data source: Bureau of Justice Statistics, National Crime Victimization Survey, 2020 and 2021 ",,,,,
"Authors: Alexandra Thompson and Susannah N. Tapp, Ph.D., BJS Statisticians",,,,,
Refer questions to: askbjs@usdoj.gov 202-307-0765,,,,,
Date of version: 9/20/2022,,,,,
,,,,,
"Table 9. Percent of violent victimizations for which victims received assistance from a victim service provider, by type of crime, 2020 and 2021",,,,,
Type of violent crime,,2020,,2021*,
Total violent crime/a,,5.9,% ‡,8.8,%
,Simple assault,5.6,,8.9,
Violent crime excluding simple assault/b,,6.6,%,8.5,%
Selected characteristics of violent crime/c,,,,,
,Intimate partner violence/d,12.3,%,20.2,%
,Violent crime with an injury,8.2,%,13.3,%
,Violent crime with a weapon,6,% ‡,9.6,%
Note: See appendix table 10 for standard errors. ,,,,,
*Comparison year.,,,,,
‡Difference with comparison year is significant at the 90% confidence level.,,,,,
"a/Includes rape or sexual assault, robbery, aggravated assault, and simple assault. Excludes homicide because the National Crime Victimization Survey is based on interviews with victims.",,,,,
"b/Includes rape or sexual assault, robbery, and aggravated assault.",,,,,
c/Violent crime categories such as domestic violence and violent crime with an injury are not mutually exclusive from other violent crime categories or other selected characteristics.,,,,,
"d/Includes the subset of violent victimizations that were committed by current or former spouses, boyfriends, or girlfriends.",,,,,
"Source: Bureau of Justice Statistics, National Crime Victimization Survey, 2020 and 2021.",,,,,
