﻿Bureau of Justice Statistics,,,,,,,,,,,
Filename: cv21at03.csv,,,,,,,,,,,
"Appendix table 3. Standard errors for table 2: Number and rate of property victimizations, by type of crime, 2017–2021",,,,,,,,,,,
"Report title: Criminal Victimization, 2021  NCJ 305101",,,,,,,,,,,
"Data source: Bureau of Justice Statistics, National Crime Victimization Survey, 2017–2021",,,,,,,,,,,
"Authors: Alexandra Thompson and Susannah N. Tapp, Ph.D., BJS Statisticians",,,,,,,,,,,
Refer questions to: askbjs@usdoj.gov 202-307-0765,,,,,,,,,,,
Date of version: 9/20/2022,,,,,,,,,,,
,,,,,,,,,,,
"Appendix table 3. Standard errors for table 2: Number and rate of property victimizations, by type of crime, 2017–2021",,,,,,,,,,,
,,2017,,2018,,2019,,2020,,2021,
Type of property crime,,Number,"Rate per 1,000",Number,"Rate per 1,000",Number,"Rate per 1,000",Number,"Rate per 1,000",Number,"Rate per 1,000"
,Total,"247,507",1.97,"246,035",1.9,"256,412",1.96,"269,002",2.12,"234,445",1.77
Burglary/trespassing,,"107,144",0.88,"111,336",0.89,"96,471",0.76,"85,621",0.67,"80,585",0.63
,Burglary,"79,260",0.65,"93,132",0.75,"86,822",0.68,"74,843",0.58,"60,851",0.47
,Trespassing,"61,171",0.5,"43,738",0.35,"51,388",0.4,"42,362",0.33,"49,836",0.39
Motor vehicle theft,,"38,067",0.31,"40,105",0.32,"42,872",0.34,"40,609",0.32,"40,093",0.31
Other theft,,"199,547",1.58,"202,949",1.56,"221,561",1.7,"235,643",1.86,"206,654",1.55
Note: Standard errors in this report may vary from previously published standard errors. See Methodology.,,,,,,,,,,,
"Source: Bureau of Justice Statistics, National Crime Victimization Survey, 2017–2021.",,,,,,,,,,,
