﻿Bureau of Justice Statistics,,,,,,,,
Filename: cv21t15.csv,,,,,,,,
"Table 15. Number and percent of persons who were victims of violent crime, by demographic characteristics of victims, 2020 and 2021",,,,,,,,
"Report title: Criminal Victimization, 2021  NCJ 305101",,,,,,,,
"Data source: Bureau of Justice Statistics, National Crime Victimization Survey, 2020 and 2021",,,,,,,,
"Authors: Alexandra Thompson and Susannah N. Tapp, Ph.D., BJS Statisticians",,,,,,,,
Refer questions to: askbjs@usdoj.gov 202-307-0765,,,,,,,,
Date of version: 9/20/2022,,,,,,,,
,,,,,,,,
"Table 15. Number and percent of persons who were victims of violent crime, by demographic characteristics of victims, 2020 and 2021",,,,,,,,
,,Number of victims/a,,,Percent of persons/b,,,
Victim demographic characteristic,,2020,,2021*,2020,,2021*,
,Total,"2,599,620",,"2,734,700",0.93,%,0.98,%
Sex,,,,,,,,
,Male,"1,312,980",,"1,456,310",0.97,%,1.07,%
,Female,"1,286,640",,"1,278,390",0.9,,0.89,
Race/Hispanic origin,,,,,,,,
,White/c,"1,593,170",,"1,610,000",0.93,%,0.94,%
,Black/c,"361,940",,"384,210",1.07,,1.13,
,Hispanic,"417,570",‡,"516,860",0.86,‡,1.05,
,"Asian/Native Hawaiian/Other Pacific Islander/c,d","80,100",,"102,650",0.42,,0.53,
,"Other/c,e","146,840",,"120,980",2.61,,2.24,
Age,,,,,,,,
,12–17,"257,330",‡,"193,960",1.03,% ‡,0.78,%
,18–24,"407,520",,"461,600",1.39,,1.58,
,25–34,"545,700",,"601,850",1.2,,1.33,
,35–49,"635,540",,"677,790",1.04,,1.1,
,50–64,"546,740",,"574,430",0.88,,0.92,
,65 or older,"206,780",,"225,070",0.38,,0.4,
Marital status,,,,,,,,
,Never married,"1,300,620",,"1,386,590",1.31,%,1.36,%
,Married,"697,610",,"734,630",0.54,,0.58,
,Widowed,"75,910",,"74,100",0.49,,0.47,
,Divorced,"405,100",,"412,960",1.48,,1.51,
,Separated,"109,820",,"110,120",2.28,,2.31,
Household income,,,,,,,,
,"Less than $25,000","652,420",,"693,750",1.56,%,1.66,%
,"$25,000–$49,999","641,030",,"624,330",0.97,,0.96,
,"$50,000–$99,999","712,520",†,"828,570",0.8,†,0.94,
,"$100,000–$199,999","433,310",,"430,970",0.71,,0.69,
,"$200,000 or more","160,340",,"157,080",0.79,,0.71,
"Note: Details may not sum to totals due to rounding and missing data. Violent crime includes rape or sexual assault, robbery, aggravated assault, and simple assault. See appendix table 17 for standard errors.",,,,,,,,
*Comparison year.,,,,,,,,
†Difference with comparison year is significant at the 95% confidence level.,,,,,,,,
‡Difference with comparison year is significant at the 90% confidence level.,,,,,,,,
a/Number of persons age 12 or older who experienced at least one violent victimization during the year.,,,,,,,,
b/Percentage of persons age 12 or older who experienced at least one violent victimization during the year. See appendix table 19 for person populations.,,,,,,,,
"c/Excludes persons of Hispanic origin (e.g., “white” refers to non-Hispanic white persons and “black” refers to non-Hispanic black persons).",,,,,,,,
d/Includes persons who identified as Asian only or as Native Hawaiian only or Other Pacific Islander only. Categories are not shown separately due to small numbers of sample cases.,,,,,,,,
e/Includes persons who identified as American Indian or Alaska Native only or as two or more races. Categories are not shown separately due to small numbers of sample cases.,,,,,,,,
"Source: Bureau of Justice Statistics, National Crime Victimization Survey, 2020 and 2021.",,,,,,,,
