﻿Bureau of Justice Statistics,,,,,,,,,,,,,
Filename: cv21t11.csv,,,,,,,,,,,,,
"Table 11. Number and percent of violent incidents, by demographic characteristics of population, victims, and offenders, 2021",,,,,,,,,,,,,
"Report title: Criminal Victimization, 2021  NCJ 305101",,,,,,,,,,,,,
"Data source: Bureau of Justice Statistics, National Crime Victimization Survey, 2021 ",,,,,,,,,,,,,
"Authors: Alexandra Thompson and Susannah N. Tapp, Ph.D., BJS Statisticians",,,,,,,,,,,,,
Refer questions to: askbjs@usdoj.gov 202-307-0765,,,,,,,,,,,,,
Date of version: 9/20/2022,,,,,,,,,,,,,
,,,,,,,,,,,,,
"Table 11. Number and percent of violent incidents, by demographic characteristics of population, victims, and offenders, 2021",,,,,,,,,,,,,
,,,Number of violent incidents,,,,,Percent of violent incidents,,,,Percent ratio,
,,Population/a,Victim,Offender/b,,Percent of population/a*,,Victim,,Offender/b,,Victim-to-population,Offender-to-population
,Total,"279,188,570","4,403,570","4,403,570",,100,%,100,%,100,%,1,1
Sex,,,,,,,,,,,,,
,Male,"135,863,650","2,287,640","3,191,960",,48.7,%,51.9,%,77.4,% †,1.1,1.6
,Female,"143,324,920","2,115,930","724,210",,51.3,,48.1,,17.6,†,0.9,0.3
,Both male and female offenders,~,~,"208,810",,~,,~,,5.1,,~,~
Race/Hispanic origin,,,,,,,,,,,,,
,White/c,"171,158,580","2,641,720","1,892,700",,61.3,%,60,%,51.1,% †,1,0.8
,Black/c,"33,938,330","608,000","1,079,770",,12.2,,13.8,,29.2,†,1.1,2.4
,Hispanic/d,"49,402,220","745,570","543,280",,17.7,,16.9,,14.7,,1,0.8
,"Asian/Native Hawaiian/Other Pacific Islander/c,e","19,293,190","168,990","44,570",,6.9,,3.8,†,1.2,†,0.6,0.2
,"Other/c,f","5,396,250","239,290","109,080",,1.9,,5.4,†,2.9, ,2.8,1.5
,Multiple offenders of various races/c,~,~,"34,320",,~,,~,,0.9,,~,~
Age,,,,,,,,,,,,,
,11 or younger/g,~,~,"51,270",!,~,,~,,1.4,% !,~,~
,12–17,"24,905,640","317,850","291,140",,8.9,%,7.2,%,7.7,,0.8,0.9
,18–29,"51,499,130","1,065,970","948,720",,18.4,,24.2,†,25,†,1.3,1.4
,30 or older,"202,783,810","3,019,750","2,287,020",,72.6,,68.6,†,60.3,†,0.9,0.8
,Multiple offenders of various ages,~,~,"214,790",,~,~,~,,5.7,,~,~
Note: Details may not sum to totals due to rounding and missing data for offender characteristics. An incident is a specific criminal act involving one or more victims. Offender characteristics are based on victims’ perceptions of offenders. See appendix table 12 for standard errors.,,,,,,,,,,,,,
*Comparison group.,,,,,,,,,,,,,
†Difference with comparison group is significant at the 95% confidence level.,,,,,,,,,,,,,
~Not applicable.,,,,,,,,,,,,,
"! Interpret with caution. Estimate is based on 10 or fewer sample cases, or coefficient of variation is greater than 50%.",,,,,,,,,,,,,
a/The National Crime Victimization Survey (NCVS) population represents persons age 12 or older living in noninstitutionalized residential settings in the United States.,,,,,,,,,,,,,
"b/Includes incidents in which the perceived offender characteristics were reported. Offender sex was unknown in 6% of incidents, race or Hispanic origin in 16%, and age in 14%.",,,,,,,,,,,,,
"c/Excludes persons of Hispanic origin (e.g., “white” refers to non-Hispanic white persons and “black” refers to non-Hispanic black persons).",,,,,,,,,,,,,
"d/If the victim perceived any of the offenders in a multiple-offender incident to be of Hispanic origin, the offenders were classified as Hispanic.",,,,,,,,,,,,,
e/Includes victims who identified or offenders who were perceived as Asian only or as Native Hawaiian or Other Pacific Islander only. Categories are not shown separately due to small numbers of sample cases.,,,,,,,,,,,,,
f/Includes victims who identified or offenders who were perceived as American Indian or Alaska Native only or as two or more races. Categories are not shown separately due to small numbers of sample cases.,,,,,,,,,,,,,
"g/While the NCVS does not survey victims age 11 or younger, they may report the offender was age 11 or younger.",,,,,,,,,,,,,
"Source: Bureau of Justice Statistics, National Crime Victimization Survey, 2021.",,,,,,,,,,,,,
