﻿Bureau of Justice Statistics,,,,,,,,,
Filename: cv21t06.csv,,,,,,,,,
"Table 6. Percent and rate of violent victimizations reported to police, by demographic characteristics of victims, 2020 and 2021",,,,,,,,,
"Report title: Criminal Victimization, 2021  NCJ 305101",,,,,,,,,
"Data source: Bureau of Justice Statistics, National Crime Victimization Survey, 2020 and 2021 ",,,,,,,,,
"Authors: Alexandra Thompson and Susannah N. Tapp, Ph.D., BJS Statisticians",,,,,,,,,
Refer questions to: askbjs@usdoj.gov 202-307-0765,,,,,,,,,
Date of version: 9/20/2022,,,,,,,,,
,,,,,,,,,
"Table 6. Percent and rate of violent victimizations reported to police, by demographic characteristics of victims, 2020 and 2021",,,,,,,,,
,,Percent,,,,"Rate per 1,000/a",,,
Victim demographic characteristic,,2020,,2021*,,2020,,2021*,
,Total,40.2,% ‡,45.6,%,6.6,,7.5,
Sex,,,,,,,,,
,Male,37.1,%,42.4,%,6.2,,7.4,
,Female,43.1,,49.1,,7,,7.6,
Race/Hispanic origin,,,,,,,,,
,White/b,39.9,% ‡,46.6,%,6.5,,7.5,
,Black/b,50.4,,48.2,,8.8,,8.9,
,Hispanic,33.8,†,46.2,,5.4,‡,7.3,
,"Asian/Native Hawaiian/Other Pacific Islander/b,c",63.2,,39.8,,4.7,,3.9,
,"Other/b,d",26.7,,31.3,!,13.1,,14.1,!
Age,,,,,,,,,
,12–17,24.6,%,25.5,%,4.3,,3.4,
,18–24,36.6,,32.5,,10.8,,7.5,
,25–34,44.5,,43.6,,9.5,,9.6,
,35–49,42.6,,47.7,,7.8,,9.3,
,50–64,41,†,56.6,,6,†,9.6,
,65 or older,48.5,,55.3,,2.2,†,3.5,
Marital status,,,,,,,,,
,Never married,34.3,% ‡,42,%,8.2,,9.3,
,Married,46.9,,48.5,,4.3,,4.6,
,Widowed,61.5,,36.3,,4.2,,3.9,
,Divorced,42.8,,51.6,,10.3,,14.2,
,Separated,51.1,,62.1,,21.5,,22.9,
Household income,,,,,,,,,
,"Less than $25,000",41.1,%,46.6,%,11.3,,13.8,
,"$25,000–$49,999",44,,50.6,,7.6,,8.6,
,"$50,000–$99,999",36.6,,45.8,,5.3,,6.7,
,"$100,000–$199,999",42.9,,35.5,,5.1,,4.3,
,"$200,000 or more",29.6,‡,49.2,,3.9,,4.8,
Note: See appendix table 7 for standard errors.,,,,,,,,,
*Comparison year.,,,,,,,,,
†Difference with comparison year is significant at the 95% confidence level.,,,,,,,,,
‡Difference with comparison year is significant at the 90% confidence level.,,,,,,,,,
"! Interpret with caution. Estimate is based on 10 or fewer sample cases, or coefficient of variation is greater than 50%.",,,,,,,,,
"a/Rate is per 1,000 persons age 12 or older. See appendix table 19 for person populations.",,,,,,,,,
"b/Excludes persons of Hispanic origin (e.g., “white” refers to non-Hispanic white persons and “black” refers to non-Hispanic black persons).",,,,,,,,,
c/Includes persons who identified as Asian only or as Native Hawaiian or Other Pacific Islander only. Categories are not shown separately due to small numbers of sample cases.,,,,,,,,,
d/Includes persons who identified as American Indian or Alaska Native only or as two or more races. Categories are not shown separately due to small numbers of sample cases.,,,,,,,,,
"Source: Bureau of Justice Statistics, National Crime Victimization Survey, 2020 and 2021.",,,,,,,,,
