﻿Bureau of Justice Statistics,,,,,,,,
Filename: cv21at01.csv,,,,,,,,
"Appendix table 1. Estimates and standard errors for figure 1: Rate of violent victimization and violent victimization reported to police, 1993–2021",,,,,,,,
"Report title: Criminal Victimization, 2021  NCJ 305101",,,,,,,,
"Data source: Bureau of Justice Statistics, National Crime Victimization Survey, 1993–2021",,,,,,,,
"Authors: Alexandra Thompson and Susannah N. Tapp, Ph.D., BJS Statisticians",,,,,,,,
Refer questions to: askbjs@usdoj.gov 202-307-0765,,,,,,,,
Date of version: 9/20/2022,,,,,,,,
,,,,,,,,
"Appendix table 1. Estimates and standard errors for figure 1: Rate of violent victimization and violent victimization reported to police, 1993–2021",,,,,,,,
,Total violent victimization,,,,Violent victimization reported to police,,,
,,,95% confidence interval,,,,95% confidence interval,
Year,"Rate per 1,000 persons age 12 or older",Standard error,Lower bound,Upper bound,"Rate per 1,000 persons age 12 or older",Standard error,Lower bound,Upper bound
1993,79.8,2.93,74.02,85.51,33.8,2.02,29.88,37.81
1994,80,2.72,74.7,85.37,32.4,1.65,29.16,35.62
1995,70.7,2.41,65.96,75.4,28.9,1.58,25.82,32.02
1996,64.7,2.63,59.56,69.88,26.1,1.62,22.93,29.27
1997,61.1,2.78,55.61,66.52,25.6,1.74,22.19,29.03
1998,54.1,2.61,49.01,59.26,24.6,1.65,21.32,27.78
1999,47.2,2.34,42.61,51.8,20.3,1.49,17.4,23.24
2000,37.5,1.98,33.6,41.38,17.2,1.35,14.59,19.88
2001,32.6,1.67,29.35,35.88,16,1.15,13.73,18.22
2002,32.1,2.07,28.01,36.11,16.3,1.4,13.54,19.02
2003,32.1,1.68,28.79,35.39,15.2,1.21,12.87,17.62
2004,27.8,1.34,25.19,30.46,14,1,12.05,15.95
2005,28.4,1.63,25.21,31.62,13,1.07,10.9,15.11
2006,--,--,--,--,--,--,--,--
2007,27.2,1.55,24.18,30.26,12.2,1.11,10.06,14.4
2008,25.3,1.6,22.21,28.49,11.8,1.04,9.72,13.79
2009,22.3,1.31,19.74,24.88,9.8,1.03,7.82,11.86
2010,19.3,1.44,16.46,22.11,9.9,1.01,7.87,11.84
2011,22.6,1.38,19.86,25.28,11.1,0.97,9.16,12.95
2012,26.1,1.2,23.77,28.46,11.5,0.87,9.84,13.24
2013,23.2,1.62,20,26.34,10.6,1.08,8.46,12.68
2014,20.1,1.22,17.7,22.5,9.2,0.85,7.58,10.91
2015,18.6,1.16,16.31,20.85,8.6,0.84,6.99,10.29
2016,19.7,0.95,17.8,21.54,8.6,0.68,7.29,9.97
2017,20.6,1.03,18.59,22.61,9.2,0.71,7.85,10.63
2018,23.2,1.3,20.64,25.75,9.9,0.82,8.28,11.5
2019,21,1.15,18.74,23.25,8.6,0.72,7.17,9.99
2020,16.4,0.9,14.63,18.15,6.6,0.62,5.37,7.8
2021,16.5,0.82,14.86,18.08,7.5,0.59,6.37,8.67
"--Estimates for 2006 should not be compared to other years. See Criminal Victimization, 2007 (NCJ 224390, BJS, December 2008) for more information on changes to the 2006 National Crime Victimization Survey.",,,,,,,,
Note: See appendix table 19 for person populations.,,,,,,,,
"Source: Bureau of Justice Statistics, National Crime Victimization Survey, 1993–2021.",,,,,,,,
