﻿Bureau of Justice Statistics,,,,,,
Filename: cv21at14.csv,,,,,,
"Appendix table 14. Standard errors for table 13: Number of violent incidents, by race or Hispanic origin of victims and offenders, 2021",,,,,,
"Report title: Criminal Victimization, 2021  NCJ 305101",,,,,,
"Data source: Bureau of Justice Statistics, National Crime Victimization Survey, 2021",,,,,,
"Authors: Alexandra Thompson and Susannah N. Tapp, Ph.D., BJS Statisticians",,,,,,
Refer questions to: askbjs@usdoj.gov 202-307-0765,,,,,,
Date of version: 9/20/2022,,,,,,
,,,,,,
"Appendix table 14. Standard errors for table 13: Number of violent incidents, by race or Hispanic origin of victims and offenders, 2021",,,,,,
,,Offender race/Hispanic origin,,,,
Victim race/Hispanic origin,Total violent incidents,White,Black,Hispanic,Other,Unknown
White,"152,905","110,031","61,644","27,853","19,659","55,928"
Black,"63,953","18,514","49,358","20,821","4,988","22,325"
Hispanic,"79,059","44,069","24,585","31,956","19,112","37,940"
"Source: Bureau of Justice Statistics, National Crime Victimization Survey, 2021.",,,,,,
