Bureau of Justice Statistics,,,,,
Filename: lpd07at21.csv,,,,,
"Appendix table 21. Standard errors for estimated personnel counts in local police departments, 2007",,,,,
"Report title: Local Police Departments, 2007 NCJ 231174",,,,,
"Data source: Law Enforcement Management and Administative Statistics survey, 2007",,,,,
Author: Brian Reaves,,,,,
Refer questions to: askbjs@usdoj.gov or  202-307-0765,,,,,
Date of version: 12/2/2010,,,,,
,,,,,
"Appendix table 21. Standard errors for estimated personnel counts in local police departments, 2007",,,,,
Number of employees,,,,Estimate,Standard error
,Full-time,,,"601,027","14,466"
,Part-time,,,"54,310","1,683"
,,,,,
Number of full-time employees,,,,,
,Sworn,,,"463,147","10,265"
,Civilian,,,"137,880","4,414"
,,,,,
Number of full-time sworn personnel,,,,,
,Population served,,,,
,"100,000-249,999",,,"54,556",993
,"50,000-99,999",,,"52,148","1,240"
,"25,000-49,999",,,"53,513","1,735"
,"10,000-24,999",,,"55,507","1,871"
,"2,500-9,999",,,"48,681","1,616"
,"Under 2,500",,,"17,510",902
