Bureau of Justice Statistics,,,
Filename: lpd07tt02.csv,,,
"Text table 2. Use of community policing officers by local police departments, 1997-2007",,,
"Report title: Local Police Departments, 2007 NCJ 231174",,,
"Data source: Law Enforcement Management and Administative Statistics survey, 2007",,,
Author: Brian Reaves,,,
Refer questions to: askbjs@usdoj.gov or  202-307-0765,,,
Date of version: 12/2/2010,,,
,,,
"Text table 2. Use of community policing officers by local police departments, 1997-2007",,,
,Percent of departments using,,Total number of officers
2007,46,%,"47,000"
2003,58,,"55,000"
2000,66,,"103,000"
1997,34,,"16,000"
