Bureau of Justice Statistics,,,,,,,
Filename: lpd07at09.csv,,,,,,,
"Appendix table 9. Wireless capabilities of emergency 9-1-1 systems in local police departments, by size of population served, 2007",,,,,,,
"Report title: Local Police Departments, 2007 NCJ 231174",,,,,,,
"Data source: Law Enforcement Management and Administative Statistics survey, 2007",,,,,,,
Author: Brian Reaves,,,,,,,
Refer questions to: askbjs@usdoj.gov or 202-307-0765,,,,,,,
Date of version: 12/2/2010,,,,,,,
,,,,,,,
"Appendix table 9. Wireless capabilities of emergency 9-1-1 systems in local police departments, by size of population served, 2007",,,,,,,
,,Emergency 9-1-1 systems can display wireless caller's,,,,,
Population served,,Phone number,,Exact location,,General location,
,All sizes,84,%,27,%,62,%
"1,000,000 or more",,92,%,31,%,69,%
"500,000 - 999,999",,90,,27,,80,
"250,000 - 499,999",,100,,37,,89,
"100,000 - 249,999",,90,,30,,82,
"50,000 - 99,999",,85,,25,,68,
"25,000 - 49,999",,86,,27,,71,
"10,000 - 24,999",,85,,24,,62,
"2,500 - 9,999",,84,,23,,58,
"Under 2,500 ",,83,,30,,61,
