Bureau of Justice Statistics,,,,,,
Filename: lpd07f13.csv,,,,,,
"Figure 13. Use of conducted energy devices (CEDs) by local police departments, by size of population served, 2000, 2003, and 2007",,,,,,
"Report title: Local Police Departments, 2007 NCJ 231174",,,,,,
"Data source: Law Enforcement Management and Administative Statistics survey, 2007",,,,,,
Author: Brian Reaves,,,,,,
Refer questions to: askbjs@usdoj.gov or  202-307-0765,,,,,,
Date of version: 12/2/2010,,,,,,
,,,,,,
"Figure 13. Use of conducted energy devices (CEDs) by local police departments, by size of population served, 2000, 2003, and 2007",,,,,,
Population served,2000,,2003,,2007,
"250,000 or more",25,%,54,%,89,%
"50,000 - 249,999",18,%,47,%,77,%
"10,000 - 49,999",9,%,34,%,68,%
"Under 10,000",6,%,18,%,56,%
