Bureau of Justice Statistics,,,,,,,,,,,,,,,,,
Filename: lpd07t22.csv,,,,,,,,,,,,,,,,,
"Table 22. Analytic functions of computers in local police departments, by size of population served, 2007",,,,,,,,,,,,,,,,,
"Report title: Local Police Departments, 2007 NCJ 231174",,,,,,,,,,,,,,,,,
"Data source: Law Enforcement Management and Administative Statistics survey, 2007",,,,,,,,,,,,,,,,,
Author: Brian Reaves,,,,,,,,,,,,,,,,,
Refer questions to: askbjs@usdoj.gov 202-307-0765,,,,,,,,,,,,,,,,,
Date of version: 11/23/10,,,,,,,,,,,,,,,,,
,,,,,,,,,,,,,,,,,
"Table 22. Analytic functions of computers in local police departments, by size of population served, 2007",,,,,,,,,,,,,,,,,
,,Percent of departments using computers for -,,,,,,,,,,,,,,,
Population served,,Intelligence gathering,,Crime analysis,,Analysis of community problems,,Crime mapping,,Hotspot identification,,,,,,,
,All sizes,40,%,38,%,28,%,27,%,13,%,,,,,,
"1,000,000 or more",,85,,100,%,77,%,100,%,92,%,,,,,,
"500,000 - 999,999",,90,,100,,81,,100,,100,,,,,,,
"250,000 - 499,999",,100,,100,,80,,100,,80,,,,,,,
"100,000 - 249,999",,93,,96,,75,,94,,66,,,,,,,
"50,000 - 99,999",,82,,88,,70,,82,,56,,,,,,,
"25,000 - 49,999",,63,,69,,52,,60,,31,,,,,,,
"10,000 - 24,999",,49,,53,,43,,41,,19,,,,,,,
"2,500 - 9,999",,42,,37,,27,,23,,9,,,,,,,
"Under 2,500 ",,26,,21,,14,,11,,5,,,,,,,
