Bureau of Justice Statistics,,
Filename: lpd07f03.csv,,
"Figure 3. Full-time employees of local police departments, 1987-2007",,
"Report title: Local Police Departments, 2007 NCJ 231174",,
"Data source: Law Enforcement Management and Administative Statistics survey, 2007",,
Author: Brian Reaves,,
Refer questions to: askbjs@usdoj.gov or  202-307-0765,,
Date of version: 12/2/2010,,
,,
"Figure 3. Full-time employees of local police departments, 1987-2007",,
Year,Sworn officers,Total
1987,355290,93822
1990,363001,96890
1993,373554,100518
1997,420152,111345
2000,440920,124995
2003,451737,129013
2007,463147,137880
