Bureau of Justice Statistics,,,,,,,
Filename: lpd07t16.csv,,,,,,,
"Table 16. Body armor requirements for field officers in local police departments, by size of population served, 2007",,,,,,,
"Report title: Local Police Departments, 2007 NCJ 231174",,,,,,,
"Data source: Law Enforcement Management and Administative Statistics survey, 2007",,,,,,,
Author: Brian Reaves,,,,,,,
Refer questions to: askbjs@usdoj.gov or  202-307-0765,,,,,,,
Date of version: 12/2/2010,,,,,,,
,,,,,,,
"Table 16. Body armor requirements for field officers in local police departments, by size of population served, 2007",,,,,,,
,,Percent of departments requiring officers to wear protective armor,,,,,
,,Total,,At all times,,In some circumstances,
,All sizes,75,%,65,%,10,%
"1,000,000 or more",,77,%,62,%,15,%
"500,000 - 999,999",,81,,55,,26,
"250,000 - 499,999",,78,,61,,17,
"100,000 - 249,999",,73,,55,,18,
"50,000 - 99,999",,74,,62,,12,
"25,000 - 49,999",,77,,66,,11,
"10,000 - 24,999",,81,,71,,11,
"2,500 - 9,999",,79,,73,,7,
"Under 2,500 ",,70,,57,,12,
Note: Detail may not add total because of rounding.,,,,,,,
