Bureau of Justice Statistics,,,,,,,,,
Filename: lpd07t26.csv,,,,,,,,,
"Table 26. Methods used by local police departments for transmitting criminal incident reports to their central information system, by size of population served, 2007",,,,,,,,,
"Report title: Local Police Departments, 2007 NCJ 231174",,,,,,,,,
"Data source: Law Enforcement Management and Administative Statistics survey, 2007",,,,,,,,,
Author: Brian Reaves,,,,,,,,,
Refer questions to: askbjs@usdoj.gov or  202-307-0765,,,,,,,,,
Date of version: 12/2/2010,,,,,,,,,
,,,,,,,,,
"Table 26. Methods used by local police departments for transmitting criminal incident reports to their central information system, by size of population served, 2007",,,,,,,,,
,,Percent of departments using each transmission method,,,,,,,
Population served,,Total,,Computer/data device,,Paper report,,Voice,
,All sizes,100,%,60,%,36,%,4,%
"1,000,000 or more",,100,%,46,%,46,%,8,%
"500,000 - 999,999",,100,,48,,48,,3,
"250,000 - 499,999",,100,,59,,28,,11,
"100,000 - 249,999",,100,,63,,32,,5,
"50,000 - 99,999",,100,,60,,36,,4,
"25,000 - 49,999",,100,,67,,28,,4,
"10,000 - 24,999",,100,,71,,26,,3,
"2,500 - 9,999",,100,,68,,29,,2,
"Under 2,500 ",,100,,48,,48,,4,
Note: Detail may not add total because of rounding.,,,,,,,,,
