Bureau of Justice Statistics,,
Filename: lpd07f08.csv,,
"Figure 8. Local police officers employed by a department with selected workplace policies, 2007",,
"Report title: Local Police Departments, 2007 NCJ 231174",,
"Data source: Law Enforcement Management and Administative Statistics survey, 2007",,
Author: Brian Reaves,,
Refer questions to: askbjs@usdoj.gov or  202-307-0765,,
Date of version: 12/2/2010,,
,,
"Figure 8. Local police officers employed by a department with selected workplace policies, 2007",,
Subject of policy,Percent of officers ,
Code of conduct,99.6,%
Off-duty conduct,97.5,%
Off-duty employment,97.4,%
Employee counseling,90.7,%
Maximum work hours,74.8,%
