Bureau of Justice Statistics,,,,,,,,,,,,
Filename: lpd07t17.csv,,,,,,,,,,,,
"Table 17. Motorized vehicles operated by local police departments, by size of population served, 2007",,,,,,,,,,,,
"Report title: Local Police Departments, 2007 NCJ 231174",,,,,,,,,,,,
"Data source: Law Enforcement Management and Administative Statistics survey, 2007",,,,,,,,,,,,
Author: Brian Reaves,,,,,,,,,,,,
Refer questions to: askbjs@usdoj.gov or  202-307-0765,,,,,,,,,,,,
Date of version: 12/2/2010,,,,,,,,,,,,
,,,,,,,,,,,,
"Table 17. Motorized vehicles operated by local police departments, by size of population served, 2007",,,,,,,,,,,,
,,Automobiles,,,,Other 4-wheel vehicles,,,,Motorcycles,,
Population served,,Percent using,,Number per 100 officers*,,Percent using,,Number per 100 officers*,,Percent using,,Number per 100 officers*
,All sizes,99,%,60,,60,%,11,,18,%,2
"1,000,000 or more",,100,%,49,,100,%,10,,100,%,2
"500,000 - 999,999",,100,,51,,100,,10,,100,,2
"250,000 - 499,999",,100,,64,,100,,11,,100,,3
"100,000 - 249,999",,100,,67,,100,,12,,100,,4
"50,000 - 99,999",,100,,65,,100,,11,,86,,3
"25,000 - 49,999",,100,,60,,100,,11,,60,,3
"10,000 - 24,999",,100,,62,,89,,11,,30,,2
"2,500 - 9,999",,100,,63,,66,,12,,10,,1
"Under 2,500 ",,98,,69,,32,,11,,4,,1
*Part-time officers are included with a weight of.5 assigned.,,,,,,,,,,,,
