Bureau of Justice Statistics,,,,,,,,,,,,,,,,,
Filename: lpd07t21.csv,,,,,,,,,,,,,,,,,
"Table 21. General functions of computers in local police departments, by size of population served, 2007",,,,,,,,,,,,,,,,,
"Report title: Local Police Departments, 2007 NCJ 231174",,,,,,,,,,,,,,,,,
"Data source: Law Enforcement Management and Administative Statistics survey, 2007",,,,,,,,,,,,,,,,,
Author: Brian Reaves,,,,,,,,,,,,,,,,,
Refer questions to: askbjs@usdoj.gov or  202-307-0765,,,,,,,,,,,,,,,,,
Date of version: 12/2/2010,,,,,,,,,,,,,,,,,
,,,,,,,,,,,,,,,,,
"Table 21. General functions of computers in local police departments, by size of population served, 2007",,,,,,,,,,,,,,,,,
,,Percent of departments using computers for -,,,,,,,,,,,,,,,
Population served,,Records management,,Crime investigation,,Personnel records,,Information sharing,,Dispatch,,Automated booking,,Fleet management,,Resource allocation,
,All sizes,79,%,60,%,53,%,50,%,49,%,32,%,27,%,20,%
"1,000,000 or more",,85,%,100,%,85,%,85,%,100,%,77,%,100,%,85,%
"500,000 - 999,999",,97,,90,,94,,100,,94,,65,,100,,77,
"250,000 - 499,999",,100,,93,,96,,89,,93,,54,,78,,80,
"100,000 - 249,999",,96,,89,,85,,80,,97,,58,,65,,62,
"50,000 - 99,999",,97,,87,,78,,76,,95,,59,,67,,56,
"25,000 - 49,999",,97,,84,,74,,72,,90,,61,,50,,42,
"10,000 - 24,999",,94,,77,,67,,63,,79,,49,,44,,29,
"2,500 - 9,999",,84,,64,,55,,52,,51,,31,,29,,19,
"Under 2,500",,66,,43,,39,,36,,23,,18,,9,,9,
