Bureau of Justice Statistics,,,
Filename: lpd07at08.csv,,,
"Appendix table 8. Local police officers assigned to respond to calls for service, by size of population served, 2007",,,
"Report title: Local Police Departments, 2007 NCJ 231174",,,
"Data source: Law Enforcement Management and Administative Statistics survey, 2007",,,
Author: Brian Reaves,,,
Refer questions to: askbjs@usdoj.gov or  202-307-0765,,,
Date of version: 12/2/2010,,,
,,,
"Appendix table 8. Local police officers assigned to respond to calls for service, by size of population served, 2007",,,
Population served,,Percent of full-time sworn personnel,
,All sizes,67,%
"1,000,000 or more",,59,%
"500,000 - 999,999",,54,
"250,000 - 499,999",,59,
"100,000 - 249,999",,61,
"50,000 - 99,999",,68,
"25,000 - 49,999",,68,
"10,000 - 24,999",,77,
"2,500 - 9,999",,87,
"Under 2,500 ",,96,
