Bureau of Justice Statistics,,,
Filename: lpd07f06.csv,,,
"Figure 6. Training requirements for local police officer recruits, by size of population served, 2000, 2003, and 2007",,,
"Report title: Local Police Departments, 2007 NCJ 231174",,,
"Data source: Law Enforcement Management and Administative Statistics survey, 2007",,,
Author: Brian Reaves,,,
Refer questions to: askbjs@usdoj.gov or  202-307-0765,,,
Date of version: 12/2/2010,,,
,,,
"Figure 6. Training requirements for local police officer recruits, by size of population served, 2000, 2003, and 2007",,,
,Average number of training hours required,,
Population served,2007,2003,2000
"250,000 or more",1648,1543,1514
"50,000 - 249,999",1378,1355,1178
"10,000 - 49,999",1146,1148,969
"Under 10,000",842,855,605
