Bureau of Justice Statistics,,,,,,,,,
Filename: lpd07at11.csv,,,,,,,,,
"Appendix table 11. Types of batons authorized for use by sworn personnel in local police departments, by size of population served, 2007",,,,,,,,,
"Report title: Local Police Departments, 2007 NCJ 231174",,,,,,,,,
"Data source: Law Enforcement Management and Administative Statistics survey, 2007",,,,,,,,,
Author: Brian Reaves,,,,,,,,,
Refer questions to: askbjs@usdoj.gov or  202-307-0765,,,,,,,,,
Date of version: 12/2/2010,,,,,,,,,
,,,,,,,,,
"Appendix table 11. Types of batons authorized for use by sworn personnel in local police departments, by size of population served, 2007",,,,,,,,,
,,Type of baton authorized,,,,,,,
Population served,,Any type ,,Collapsible ,,PR-24,,Traditional,
,All sizes,93,%,88,%,36,%,45,%
"1,000,000 or more",,100,%,92,%,54,%,69,%
"500,000 - 999,999",,100,,94,,26,,55,
"250,000 - 499,999",,100,,87,,30,,50,
"100,000 - 249,999",,99,,98,,35,,56,
"50,000 - 99,999",,99,,96,,32,,48,
"25,000 - 49,999",,98,,94,,28,,34,
"10,000 - 24,999",,96,,90,,32,,40,
"2,500 - 9,999",,93,,89,,31,,41,
"Under 2,500 ",,91,,85,,42,,52,
