Bureau of Justice Statistics,,
Filename: lpd07f10.csv,,
"Figure 10. Local police officers employed by a department with selected special population/situation policies, 2007",,
"Report title: Local Police Departments, 2007 NCJ 231174",,
"Data source: Law Enforcement Management and Administative Statistics survey, 2007",,
Author: Brian Reaves,,
Refer questions to: askbjs@usdoj.gov or  202-307-0765,,
Date of version: 12/2/2010,,
,,
"Figure 10. Local police officers employed by a department with selected special population/situation policies, 2007",,
Subject of policy,Percent of officers ,
Domestic disputes,98,%
Juveniles,98,%
Mentally ill persons,89,%
Racial profiling,85,%
Persons speaking limited English,58,%
Homeless persons,51,%
Checking immigration status,43,%
