Bureau of Justice Statistics,,,,,,,,
Filename: lpd07at13.csv,,,,,,,,
"Appendix table 13. Number of motorized land vehicles operated by local police departments and percent unmarked, by size of population served, 2007",,,,,,,,
"Report title: Local Police Departments, 2007 NCJ 231174",,,,,,,,
"Data source: Law Enforcement Management and Administative Statistics survey, 2007",,,,,,,,
Author: Brian Reaves,,,,,,,,
Refer questions to: askbjs@usdoj.gov or  202-307-0765,,,,,,,,
Date of version: 12/2/2010,,,,,,,,
,,,,,,,,
"Appendix table 13. Number of motorized land vehicles operated by local police departments and percent unmarked, by size of population served, 2007",,,,,,,,
,,Type of vehicle,,,,,,
,,Cars,,,Other 4-wheel ,,,Motorcycles*
Population served,,Number operated,Percent unmarked,,Number operated,Percent unmarked,,Number operated
,All sizes,"286,180",34,%,"52,008",47,%,"11,162"
"1,000,000 or more",,"46,993",41,%,"9,592",60,%,"1,918"
"500,000 - 999,999",,"26,833",40,,"5,353",60,,"1,104"
"250,000 - 499,999",,"22,161",37,,"3,946",56,,938
"100,000 - 249,999",,"37,042",38,,"6,382",46,,"1,991"
"50,000 - 99,999",,"34,387",36,,"5,579",41,,"1,688"
"25,000 - 49,999",,"32,613",34,,"5,780",43,,"1,538"
"10,000 - 24,999",,"35,748",30,,"6,322",40,,"1,034"
"2,500 - 9,999",,"33,789",24,,"6,383",36,,722
"Under 2,500 ",,"16,613",15,,"2,670",19,,230
*Percent unmarked motorcycles not collected in survey.,,,,,,,,
