Bureau of Justice Statistics,,,,,,,,
Filename: lpd07f19.csv,,,,,,,,
"Figure 19.  Local police departments using full-time community policing officers, by size of population served, 1997-2007",,,,,,,,
"Report title: Local Police Departments, 2007 NCJ 231174",,,,,,,,
"Data source: Law Enforcement Management and Administative Statistics survey, 2007",,,,,,,,
Author: Brian Reaves,,,,,,,,
Refer questions to: askbjs@usdoj.gov or  202-307-0765,,,,,,,,
Date of version: 12/2/2010,,,,,,,,
,,,,,,,,
"Figure 19.  Local police departments using full-time community policing officers, by size of population served, 1997-2007",,,,,,,,
,Percent of departments,,,,,,,
Population served,1997,,2000,,2003,,2007,
"250,000 or more",75,%,92,%,89,%,98,%
"50,000 - 249,999",76,%,93,%,88,%,89,%
"10,000 - 49,999",57,%,75,%,67,%,56,%
"Under 10,000",26,%,62,%,54,%,40,%
