Bureau of Justice Statistics,,,,
Filename: lpd07t06.csv,,,,
"Table 6. Training requirements for new officer recruits in local police departments, by size of population served, 2007",,,,
"Report title: Local Police Departments, 2007 NCJ 231174",,,,
"Data source: Law Enforcement Management and Administative Statistics survey, 2007",,,,
Author: Brian Reaves,,,,
Refer questions to: askbjs@usdoj.gov or  202-307-0765,,,,
Date of version: 12/2/2010,,,,
,,,,
"Table 6. Training requirements for new officer recruits in local police departments, by size of population served, 2007",,,,
,,Average number of hours required,,
Population served,,Total,Academy,Field
,All sizes,922,613,309
"1,000,000 or more",,"1,700","1,033",667
"500,000 - 999,999",,"1,783","1,063",720
"250,000 - 499,999",,"1,542",906,636
"100,000 - 249,999",,"1,463",809,654
"50,000 - 99,999",,"1,341",731,610
"25,000 - 49,999",,"1,241",698,543
"10,000 - 24,999",,"1,101",666,434
"2,500 - 9,999",,979,634,344
"Under 2,500 ",,691,538,153
Note: Average number of training hours excludes departments not requiring training. ,,,,
