Bureau of Justice Statistics,,,,,,
Filename: lpd07at02.csv,,,,,,
"Appendix table 2. Drug asset forfeiture receipts of local police departments, by size of population served, 2006",,,,,,
"Report title: Local Police Departments, 2007 NCJ 231174",,,,,,
"Data source: Law Enforcement Management and Administative Statistics survey, 2007",,,,,,
Author: Brian Reaves,,,,,,
Refer questions to: askbjs@usdoj.gov or  202-307-0765,,,,,,
Date of version: 12/2/2010,,,,,,
,,,,,,
"Appendix table 2. Drug asset forfeiture receipts of local police departments, by size of population served, 2006",,,,,,
,,,,"Value of money, goods and property received",,
Population served,,Percent of departments with receipts ,,Total ,Per agency*,Per sworn officer*
,All sizes,33,%,"$307,542,052 ","$73,200 ","$1,033 "
"1,000,000 or more",,62,%,"$23,742,200 ","$2,802,100 ",$644 
"500,000 - 999,999",,74,,"$25,906,900 ","$1,063,500 ",$703 
"250,000 - 499,999",,89,,"$36,392,300 ","$838,100 ","$1,218 "
"100,000 - 249,999",,89,,"$50,931,700 ","$298,500 ","$1,028 "
"50,000 - 99,999",,82,,"$61,684,200 ","$175,000 ","$1,384 "
"25,000 - 49,999",,68,,"$37,804,500 ","$64,300 ",$967 
"10,000 - 24,999",,57,,"$40,211,500 ","$38,800 ","$1,133 "
"2,500 - 9,999",,33,,"15,537,400","$11,300 ",$743 
"Under 2,500 ",,12,,"15,331,200","$25,300 ","$3,388 "
Note: Table based on asset forfeiture receipts during calendar 2006. The value of goods and ,,,,,,
"property is based on estimates provided by reporting agencies.Computation of per officer averages includes both full-time and part-time employees, with a weight of.5 assigned to part-time employees.",,,,,,
*Excludes departments without receipts.,,,,,,
