Bureau of Justice Statistics,,,,,,,,,,,,,,,
Filename: lpd07t13.csv,,,,,,,,,,,,,,,
"Table 12. Types of regularly scheduled patrols other than automobile used by local police departments, by size of population served, 2007",,,,,,,,,,,,,,,
"Report title: Local Police Departments, 2007 NCJ 231174",,,,,,,,,,,,,,,
"Data source: Law Enforcement Management and Administative Statistics survey, 2007",,,,,,,,,,,,,,,
Author: Brian Reaves,,,,,,,,,,,,,,,
Refer questions to: askbjs@usdoj.gov or  202-307-0765,,,,,,,,,,,,,,,
Date of version: 12/2/2010,,,,,,,,,,,,,,,
,,,,,,,,,,,,,,,
"Table 12. Types of regularly scheduled patrols other than automobile used by local police departments, by size of population served, 2007",,,,,,,,,,,,,,,
,,Percent of departments using each type of patrol regularly,,,,,,,,,,,,,
Population,,,,,,Motor-,,,,Trans-,,,,,
served,,Foot,,Bicycle,,cycle,,Marine,,porter,,Horse,,Air,
,All sizes,55,%,32,%,16,%,4,%,2,%,1,%,1,%
"1,000,000 or more",,92,,100,,100,%,69,%,31,%,77,%,100,%
"500,000 - 999,999",,81,,100,,94,,52,,29,,61,,71,
"250,000 - 499,999",,78,,89,,91,,26,,24,,50,,57,
"100,000 - 249,999",,59,,71,,90,,12,,15,,17,,14,
"50,000 - 99,999",,56,,68,,74,,12,,6,,5,,5,
"25,000 - 49,999",,52,,58,,55,,6,,4,,2,,1,
"10,000 - 24,999",,50,,44,,25,,5,,2,,1,,1,
"2,500 - 9,999",,58,,36,,8,,4,,1,,--,,0,
"Under 2,500",,54,,15,,4,,1,,--,,0,,--,
