Bureau of Justice Statistics,,
Filename: lpd07f02.csv,,
Figure 2. Local police officers employed by a department that used in-field computers or terminals,,
"Report title: Local Police Departments, 2007 NCJ 231174",,
"Data source: Law Enforcement Management and Administative Statistics survey, 2007",,
Author: Brian Reaves,,
Refer questions to: askbjs@usdoj.gov or  202-307-0765,,
Date of version: 12/2/2010,,
,,
Figure 2. Local police officers employed by a department that used in-field computers or terminals,,
Year,Percent of officers ,
1990,30,%
1993,60,%
1997,73,%
2000,75,%
2003,83,%
2007,89,%
