Bureau of Justice Statistics,,,,
Filename: tcdca19t01.csv,,,,
"Table 1. Universe for the Census of Tribal Law Enforcement Agencies, 2019",,,,
"Report title: Tribal Crime Data-Collection Activities, 2019   NCJ 252983",,,,
"Data source: Bureau of Justice Statistics, Census of Tribal Law Enforcement Agencies, 2019",,,,
Author: Steven W. Perry,,,,
Refer questions to: askbjs@usdoj.gov or (202) 307-0765,,,,
Date of version: 07/31/2019,,,,
,,,,
"Table 1. Universe for the Census of Tribal Law Enforcement Agencies, 2019",,,,
Type of agency,,Count,Percent,
,CTLEA universe,308,100,%
Total tribal-operated agencies,,280,91,%
,Tribal law enforcement agencies,229,74,
,Conservation/wildlife enforcement agencies,45,15,
,Tribal university/college police,6,1.9,
Total federal/state-operated agencies/programs,,28,9,%
,Bureau of Indian Affairs police agencies,27,8.7,
,Alaska State Troopers,1,0.3,
Note: Details may not sum to totals due to rounding. ,,,,
"Source: Bureau of Justice Statistics, Census of Tribal Law Enforcement Agencies, 2019.",,,,
