Bureau of Justice Statistics,
Filename: hrslleo08f03.csv,
"Figure 3. Percent of full-time sworn personnel who separated from state and local law enforcement agencies, by size of agency, 2008",
"Report title: Hiring and Retention of State and Local Law Enforcement Officers, 2008 - Statistical Tables NCJ 238251",
"Data Source: Bureau of Justice Statistics, Census of State and Local Law Enforcement Agencies, 2008.",
Author: Brian A. Reaves,
Refer questions to askbjs@usdoj.gov or 202-307-0765,
"Date of version: October 29, 2012",
,
"Figure 3. Percent of full-time sworn personnel who separated from state and local law enforcement agencies, by size of agency, 2008",
,Separations
All sizes,0.074
500 or more officers,0.054
100 - 499,0.07
25 - 99,0.072
24-Oct,0.107
Under 10,0.199
