Bureau of Justice Statistics,
Filename: hrslleo08f08.csv,
"Figure 8. Percent of state and local law enforcement officers employed by agencies targeting specific applicant groups with special recruitment efforts, 2008",
"Report title: Hiring and Retention of State and Local Law Enforcement Officers, 2008 - Statistical Tables NCJ 238251",
"Data Source: Bureau of Justice Statistics, Census of State and Local Law Enforcement Agencies, 2008.",
Author: Brian A. Reaves,
Refer questions to askbjs@usdoj.gov or 202-307-0765,
"Date of version: October 29, 2012",
,
"Figure 8. Percent of state and local law enforcement officers employed by agencies targeting specific applicant groups with special recruitment efforts, 2008",
Group targeted,
Racial/ethnic minorities,0.59
Women,0.56
Military veterans,0.51
Law enforcement,0.45
Multi-lingual,0.42
College graduates,0.36
