Bureau of Justice Statistics,,,,
Filename: hrslleo08f01.csv,,,,
"Figure 1. Cumulative percent growth in number of full-time sworn personnel employed by general purpose state and local law enforcement agencies, 1992-2008",,,,
"Report title: Hiring and Retention of State and Local Law Enforcement Officers, 2008 - Statistical Tables NCJ 238251",,,,
"Data Source: Bureau of Justice Statistics, Census of State and Local Law Enforcement Agencies, 2008.",,,,
Author: Brian A. Reaves,,,,
Refer questions to askbjs@usdoj.gov or 202-307-0765,,,,
"Date of version: October 29, 2012",,,,
,,,,
"Figure 1. Cumulative percent growth in number of full-time sworn personnel employed by general purpose state and local law enforcement agencies, 1992-2008",,,,
,Total,Local,Sheriff,State
1992,0,0,0,0
1996,0.096,0.096,0.12,0.03
2000,0.174,0.177,0.206,0.064
2004,0.206,0.193,0.281,0.098
2008,0.249,0.231,0.34,0.147
