/content/pub/ascii/hrslleo08st.txt,,,,
Filename: hrslleo08f13.csv,,,,
"Figure 13. Percent of state and local law enforcement officers employed by agencies with selected overtime and outside employment policies, 2008",,,,
"Report title: Hiring and Retention of State and Local Law Enforcement Officers, 2008 - Statistical Tables NCJ 238251",,,,
"Data Source: Bureau of Justice Statistics, Census of State and Local Law Enforcement Agencies, 2008.",,,,
Author: Brian A. Reaves,,,,
Refer questions to askbjs@usdoj.gov or 202-307-0765,,,,
"Date of version: October 29, 2012",,,,
,,,,
"Figure 13. Percent of state and local law enforcement officers employed by agencies with selected overtime and outside employment policies, 2008",,,,
,,,,
Overtime allowed without limits,0.7,,,
Overtime allowed with limits,0.28,,,
Overtime not allowed,0.01,,,
,,,,
Outside employment allowed without limits,0.07,,,
Outside employment allowed with limits,0.91,,,
Outside employment not allowed,0.03,,,
