Bureau of Justice Statistics,,,,,,,
filename:  jeeus03h2.csv,,,,,,,
"highlight #:  2  The total number of justice employees grew 86% between 1982 and 2003, with Federal governments having the largest percentage increase (168%)",,,,,,,
"series title:  Justice Expenditure and Employment in the United States 2003, NCJ 212350",,,,,,,
data source:  Criminal Justice Expenditure and Employment Extracts Program (CJEE),,,,,,,
author:  Kristen A. Hughes ,,,,,,,
refer questions to:  askbjs@usdoj.gov (202) 307-0765,,,,,,,
date of version:  4/26/2006,,,,,,,

"Highlight 2. The total number of justice employees grew 86% between 1982 and 2003, with Federal governments having the largest percentage increase (168%)",,,,,,,
,Total,,Federal,,State,,Local
1982,"1,270,342",,"94,555",,"341,010",,"834,777"
1986,"1,464,070",,"112,375",,"425,292",,"926,403"
1990,"1,710,413",,"139,799",,"528,677",,"1,041,937"
1994,"1,901,773",,"161,058",,"599,452",,"1,141,263"
1998,"2,133,240",,"185,140",,"705,512",,"1,242,588"
2001,"2,295,423",,"197,263",,"741,007",,"1,357,153",
2003,"2,361,193",,"253,367",,"733,570",,"1,374,256",
"Percent growth, 1982-2003",86,%,168,%,115,%,65,%
