"Bureau of Justice Statistics",,,,,,
"Filename:ipv0101.csv",,,,,,
"Table 1.  Violence by intimate partners, by type of crime and gender of victims, 2001",,,,,,
"Title of Report:  Intimate Partner Violence, 1993-2001,  NCJ 197838",,,,,,
"Data source:  National Crime Victimization Survey",,,,,,
"Author:  Callie Rennison, Ph.D.",,,,,,
"Refer questions to:   (202) 307-0765 or askbjs@ojp.usdoj.gov",,,,,,
"Date version:  1/29/03",,,,,,
,,,,,,
,,,,,,
"Table 1.  Violence by intimate partners, by type of crime and gender of victims, 2001",,,,,,
,,,,,,
,,,"Intimate partner violence",,,
,,"Total",,"Female",,"Male"
,"Number","Rate per 1,000 persons","Number","Rate per 1,000 females","Number","Rate per 1,000 males"
"  Overall violent crime",691710,3.0,588490,5.0,103220,0.9
"Rape/sexual assault",41740,0.2,41740,0.4,"--","--"
"Robbery",60630,0.3,44060,0.4,16570,0.1
"Aggravated assault",117480,0.5,81140,0.7,36350,0.3
"Simple assault",471860,2.1,421550,3.6,50310,0.5
,,,,,,
"Note: The difference in male and female intimate partner victimization rates is significant at the 95%-confidence level within each victimization category presented.",,,,,,
"--Based on 10 or fewer sample cases.",,,,,,
