"Bureau of Justice Statistics",,,,,
"Filename:  fcc01fcr.csv",,,,,
"Cover figure.  Federal criminal case processing, 1994-2001",,,,,
"Report title:  Federal Criminal Case Processing, 2001    NCJ 197104",,,,,
"Data source:  Federal justice statistics database maintained by The Urban Institute",,,,,
"Author:  Urban Institute under the supervision of BJS",,,,,
"Refer  questions to:  askbjs@ojp.usdoj.gov  202-307-0765",,,,,
"Date of version:  October 31, 2002",,,,,
,,,,,
,,,,,
"Cover figure.  Federal criminal case processing, 1994-2001",,,,,
,,,,,
,"Suspects arrested","Suspects investigated","Defendants charged","Defendants convicted","Defendants imprisoned"
1994,81742,99251,62327,50701,33022
1995,84336,102220,63547,47556,31805
1996,85718,97776,65480,53076,36373
1997,91747,110034,69351,56570,39431
1998,104636,115692,78172,60958,43041
1999,109857,117994,80031,66055,47659
2000,115589,123559,83251,68156,50451
2001,118896,121818,82614,68533,51057
