"Bureau of Justice Statistics",,,
"Filename:  fccp01f4.csv",,,
"Figure 4.  Number of offenders under Federal supervision, by type of supervision, 1987-2001",,,
"Report title:  Federal Criminal Case Processing, 2001    NCJ 197104",,,
"Data source:  Federal justice statistics database maintained by The Urban Institute",,,
"Author:  Urban Institute under the supervision of BJS",,,
"Refer  questions to:  askbjs@ojp.usdoj.gov  202-307-0765",,,
"Date of version:  October 31, 2002",,,
,,,
,,,
"Figure 4.  Number of offenders under Federal supervision, by type of supervision, 1987-2001",,,
"",,,
,"Probation","Parole","Supervised release"
1987,53457,17904,0
1988,54487,19784,0
1989,54635,22121,844
1990,53754,25770,5277
1991,46491,26788,11344
1992,46947,21852,18932
1993,45539,16351,25930
1994,41596,13551,33063
1995,35778,9844,40040
1996,33645,8569,45975
1997,32739,6872,51140
1998,32164,5827,54822
1999,31729,5129,59644
2000,31019,4544,63937
2001,30782,4070,68496
,,,
"Note:  Data for 1987 through 1994 are based on a count of the supervised population as of June 30.  Beginning in 1995, data are based on a count as of September 30.",,,
