"Bureau of Justice Statistics",,
"Filename:  fccp01f5.csv",,
"Figure 5.  U.S. district court commitments and first releases from Federal prison, by expected or actual time in prison, 1986-2001",,
"Report title:  Federal Criminal Case Processing, 2001    NCJ 197104",,
"Data source:  Federal justice statistics database maintained by The Urban Institute",,
"Author:  Urban Institute under the supervision of BJS",,
"Refer  questions to:  askbjs@ojp.usdoj.gov  202-307-0765",,
"Date of version:  October 31, 2002",,
,,
,,
"Figure 5.  U.S. district court commitments and first releases from Federal prison, by expected or actual time in prison, 1986-2001",,
,,
,"Expected time to be served for offenders committed to prison","Average time served by offenders released from prison"
1986,20.7,14.5
1987,23.1,14.9
1988,26.9,17.2
1989,30.3,18.2
1990,34.7,17.3
1991,38.8,19.5
1992,43.2,20.6
1993,45.4,23.1
1994,46.3,24.4
1995,46.4,26.7
1996,48.7,26.9
1997,46.9,28.8
1998,44.2,28.0
1999,44.8,28.0
2000,44.4,28.9
2001,43.7,29.3
,,
,,
"Note:  Beginning in 2000, average time served is calculated for offenders in BOP custody and offenders in contract and private facilities, but not those committed for violations of the District of Columbia criminal code.",,
