"Bureau of Justice Statistics",,
"Filename:  fccp01t1.csv",,
"Table 1.  Arrests for Federal offenses, by offense, October 1, 2000 - September 30, 2001",,
"Report title:  Federal Criminal Case Processing, 2001    NCJ 197104",,
"Data source:  Federal justice statistics database maintained by The Urban Institute",,
"Author:  Urban Institute under the supervision of BJS",,
"Refer  questions to:  askbjs@ojp.usdoj.gov  202-307-0765",,
"Date of version:  October 31, 2002",,
,,
,,
"Table 1.  Arrests for Federal offenses, by offense, October 1, 2000 - September 30, 2001",,
,,
"Most serious offense","Number","Percent\a"
"            All offenses\b",118896,100.0
"Violent offenses\c",4843,4.1
"Property offenses",16824,14.3
"    Fraudulent\c",13397,11.4
"    Other\c",3427,2.9
"Drug offenses",33589,28.5
"Public-order offenses",9156,7.8
"    Regulatory",687,0.6
"    Other",8469,7.2
"Weapon offenses",6007,5.1
"Immigration offenses",24794,21.0
"Supervision violations",18978,16.1
"Material witness",3679,3.1
"Unknown or indeterminable offense",1026,
,,
,,
"a\  Percent based on number whose offense category could be determined.",,
"b\  Includes suspects whose offense category could not be determined.  See ""Methodology"" (in printed report) for a listing of detailed offense categories within each major offense category.",,
"c\  In this table, ""Violent offenses"" may include nonnegligent manslaughter; "" Fraudulent property"" excludes tax fraud; and ""Other nonfraudulent property"" excludes fraudulent property and includes destruction of property and trespassing.",,
