"Bureau of Justice Statistics",,
"Filename:  fccp01t4.csv",,
"Table 4.  Defendants in cases proceeded against in U.S. district courts, by offense, October 1, 2000 - September 30, 2001",,
"Report title:  Federal Criminal Case Processing, 2001    NCJ 197104",,
"Data source:  Federal justice statistics database maintained by The Urban Institute",,
"Author:  Urban Institute under the supervision of BJS",,
"Refer  questions to:  askbjs@ojp.usdoj.gov  202-307-0765",,
"Date of version:  October 31, 2002",,
,,
,,
"Table 4.  Defendants in cases proceeded against in U.S. district courts, by offense, October 1, 2000 - September 30, 2001",,
,,
,"Defendants in cases commenced",
"Most serious offense charged\a","Number","Percent\b"
"            All offenses\c",82614,100.0
"Felonies",70837,85.7
"    Violent offenses\d",3178,3.8
"    Property offenses",14764,17.9
"    Fraudulent\d",12293,14.9
"    Other\d",2471,3.0
"    Drug offenses",30301,36.7
"      Trafficking",28315,34.3
"      Possession and other",1986,2.4
"    Public-order offenses",4595,5.6
"      Regulatory",1218,1.5
"      Other",3377,4.1
"    Weapon offenses",6495,7.9
"    Immigration offenses",11504,13.9
"Misdemeanors\d",11703,14.2
"Unknown or indeterminable offense",74,
,,
"a\  Based on the offense carrying the most severe statutory maximum penalty.",,
"b\  Percent distribution based on the defendants for whom an offense category could be determined.",,
"c\  Includes defendants for whom an offense category could not be determined.  See ""Methodology"" (in printed report) for a listing of detailed offense categories within each major offense category.",,
"d\  In this table, ""Violent offenses"" may include nonnegligent manslaughter; ""Fraudulent property"" excludes tax fraud; ""Other nonfraudulent property"" excludes fraudulent property and includes destruction of property and trespassing; and ""M",,
