"Bureau of Justice Statistics",,,,,,,,,,
"Filename:  fccp01t8.csv",,,,,,,,,,
"Table 8. Offenders under Federal supervision, by offense, October 1, 2000 - September 30, 2001",,,,,,,,,,
"Report title:  Federal Criminal Case Processing, 2001    NCJ 197104",,,,,,,,,,
"Data source:  Federal justice statistics database maintained by The Urban Institute",,,,,,,,,,
"Author:  Urban Institute under the supervision of BJS",,,,,,,,,,
"Refer  questions to:  askbjs@ojp.usdoj.gov  202-307-0765",,,,,,,,,,
"Date of version:  October 31, 2002",,,,,,,,,,
,,,,,,,,,,
,,,,,,,,,,
"Table 8. Offenders under Federal supervision, by offense, October 1, 2000 - September 30, 2001",,,,,,,,,,
,,,,,,,,,,
,"                              Offenders under active supervision\a",,,,,,,,,
,,,,,,"          Post-incarceration supervision",,,,
,"Total",,"           Probation",,"","           Parole",,"","Supervised release",
"Most serious offense of conviction\b","Number",,"Number","Percent",,"Number","Percent",,"Number","Percent"
"          All offenses\c",103348,,30782,100.0,,4070,100.0,,68496,100.0
"Felonies\d",93113,,21104,68.9,,4064,100.0,,67945,99.3
"    Violent offenses\e",6163,,587,1.9,,1303,32.0,,4273,6.2
"    Property offenses",28851,,11458,37.4,,373,9.2,,17020,24.9
"       Fraudulent\e",23947,,9195,30.0,,197,4.8,,14555,21.3
"       Other\e",4904,,2263,7.4,,176,4.3,,2465,3.6
"    Drug offenses",42333,,3644,11.9,,1918,47.2,,36771,53.7
"       Trafficking",38001,,3301,10.8,,1732,42.6,,32968,48.2
"       Possession and other",4332,,343,1.1,,186,4.6,,3803,5.6
"    Public-order offenses",8773,,3720,12.1,,306,7.5,,4747,6.9
"       Regulatory",2604,,1481,4.8,,34,0.8,,1089,1.6
"       Other",6169,,2239,7.3,,272,6.7,,3658,5.3
"    Weapon offenses",4977,,803,2.6,,157,3.9,,4017,5.9
"    Immigration offenses",1807,,735,2.4,,3,0.1,,1069,1.6
"Misdemeanors\e",10235,,9678,31.6,,6,0.1,,551,0.8
,,,,,,,,,,
,,,,,,,,,,
"a\  Includes offenders under active supervision at the close of the fiscal year.  This population includes offenders under the three major forms of supervision:  probation, supervised release, and parole.  Included under parole are two les",,,,,,,,,,
"supervision prior to sentencing (such as during pretrial release or pretrial investigation).",,,,,,,,,,
"b\  Based on the offense with the longest sentence imposed.",,,,,,,,,,
"c\  Includes offenders for whom offense category could not be determined.  See ""Methodology"" (in printed report) for a listing of detailed offense categories within each major offense category.",,,,,,,,,,
"d\  Includes 208 total offenders, 157 offenders under probation, 4 under parole, and 47 under supervised release whose felony offense category could not be determined. ",,,,,,,,,,
"e\  In this table, ""Violent offenses"" may include nonnegligent manslaughter; ""Fraudulent property"" excludes tax fraud; ""Other nonfraudulent property"" excludes fraudulent property and includes destruction of property and trespassing; and ""M",,,,,,,,,,
