Bureau of Justice Statistics,,,,,,,
Filename:  cfjs035_01.csv,,,,,,,
"Table 5.1.  Sentence types for offenders sentenced in criminal cases terminated, by offense, October 1, 2002 - September 30, 2003",,,,,,,
"Report title:  Compendium of Federal Justice Statistics, 2003  NCJ 210299",,,,,,,
Data source:  Federal justice statistics database maintained by The Urban Institute,,,,,,,
Author:  Urban Institute under the supervision of BJS,,,,,,,
Refer questions to:  askbjs@usdoj.gov  202-307-0765,,,,,,,
"Date of version:  October 23, 2005",,,,,,,


"Table 5.1.  Sentence types for offenders sentenced in criminal cases terminated, by offense, October 1, 2002 - September 30, 2003",,,,,,,

,,Percent of offenders convicted and sentenced to--,,,,,
Most serious offense of conviction,Total offenders sentenced/a,Incarceration/b,,Probation/c,,Fine (only),
          All offenses/d,"75,805",76,%,15.6,%,3.8,%
Felonies,"67,036",83.3,%,11.7,%,0.4,%
    Violent offenses,"2,643",93.2,%,5.8,%,0.1,%
       Murder/e,229,90.4,%,7.4,%,0.4,%
       Negligent manslaughter,1,--,%,--,%,--,%
       Assault,374,84.8,%,12.8,%,0,%
       Robbery,"1,544",96.4,%,3.4,%,0.1,%
       Sexual abuse/e,381,92.4,%,7.3,%,0,%
       Kidnaping,85,87.1,%,8.2,%,0,%
       Threats against the President,29,79.3,%,3.4,%,0,%
    Property offenses,"13,311",59.7,%,31.7,%,0.9,%
       Fraudulent,"11,323",59.5,%,30.9,%,1,%
          Embezzlement,786,49.7,%,36.4,%,2,%
          Fraud/e,"9,373",59.7,%,30.4,%,0.9,%
          Forgery,77,42.9,%,50.6,%,2.6,%
          Counterfeiting,"1,087",65.7,%,30.2,%,0.4,%
       Other,"1,988",60.9,%,36,%,0.6,%
          Burglary,44,86.4,%,9.1,%,0,%
          Larceny/e,"1,442",54.2,%,42.2,%,0.6,%
          Motor vehicle theft,86,77.9,%,18.6,%,1.2,%
          Arson and explosives,200,85.5,%,14,%,0,%
          Transportation of stolen property,186,73.7,%,24.7,%,0.5,%
          Other property offenses/e,30,56.7,%,40,%,3.3,%
    Drug offenses,"25,582",92,%,5.4,%,0.3,%
       Trafficking,"23,521",92.3,%,5.2,%,0.3,%
       Possession and other drug offenses,"2,061",89.3,%,8.2,%,0.4,%
    Public-order offenses,"4,331",70.1,%,25.9,%,0.9,%
       Regulatory,"1,136",47.7,%,42.3,%,1.9,%
          Agriculture,0,...,%,...,%,...,%
          Antitrust,17,23.5,%,47.1,%,29.4,%
          Food and drug,41,31.7,%,61,%,4.9,%
          Transportation,126,31,%,50,%,2.4,%
          Civil rights,57,87.7,%,12.3,%,0,%
          Communications,26,34.6,%,65.4,%,0,%
          Custom laws,91,50.5,%,24.2,%,3.3,%
          Postal laws,35,17.1,%,74.3,%,2.9,%
          Other regulatory offenses,743,50.5,%,42.1,%,1.1,%
       Other,"3,195",78.1,%,20.1,%,0.5,%
          Tax law violations/e,404,61.9,%,37.6,%,0.2,%
          Bribery,112,53.6,%,41.1,%,0,%
"          Perjury, contempt, and intimidation",208,69.2,%,28.8,%,0.5,%
          National defense,43,60.5,%,37.2,%,0,%
          Escape,505,91.1,%,5.9,%,0.2,%
          Racketeering and extortion,965,80.3,%,15.9,%,0.9,%
          Gambling,17,82.4,%,23.5,%,0,%
          Liquor offenses,1,--,%,--,%,--,%
          Nonviolent sex offenses,638,92.3,%,9.1,%,0.2,%
          Obscene material/e,58,65.5,%,34.5,%,0,%
          Traffic offenses,30,86.7,%,13.3,%,0,%
          Wildlife,22,36.4,%,54.5,%,9.1,%
          Environmental,26,30.8,%,69.2,%,0,%
          All other felonies/e,166,57.8,%,41,%,0.6,%
Weapon offenses,"6,970",92.3,%,7.2,%,0.2,%
Immigration offenses,"14,199",87.3,%,3.1,%,0.2,%
Misdemeanors/e,"8,767",20.7,%,45.4,%,29.4,%
    Fraudulent property offense,755,26.1,%,62.1,%,4.1,%
    Larceny,842,9.4,%,72.3,%,17.2,%
    Drug possession/e,"1,603",40.7,%,43.4,%,5.8,%
    Immigration,648,81,%,11.7,%,0.5,%
    Traffic offenses,"3,124",4.2,%,36.7,%,58.7,%
    Other misdemeanors,"1,795",12.9,%,55,%,26.5,%
Unknown or indeterminable offense,2,--,%,--,%,--,%

"Note:  For further information, see Chapter notes, item 1, p. 79.",,,,,,,
 --Too few cases to obtain statistically reliable data.,,,,,,,
"a/Includes offenders receiving incarceration, probation, split or mixed sentences, and fines.  Not represented in the percentage columns, but
also included in the totals, are offenders receiving deportation, suspended sentences, sealed sentences, imprisonment of 4 days or less, and no sentences.",,,,,,,
"b/All sentences to incarceration, including split, mixed, life, and indeterminate."
c/Includes offenders with split and mixed sentences.
d/Total includes offenders whose sentence could not be determined and 2 defendants for whom offense category could not be determined.
"e/In this table, ""Murder"" includes nonnegligent manslaughter; ""Sexual abuse"" includes only violent sex offenses; ""Fraud"" excludes tax fraud; ""Larceny"" excludes transportation of stolen property; ""Other property offenses"" excludes fraudulent property"
"offenses, and includes destruction of property and trespassing; ""Tax law violations"" includes tax fraud; ""Obscene material"" denotes the mail or transport thereof; and ""All other offenses"" includes offenses with unclassifiable offense type;"
"""Misdemeanors"" includes misdemeanors, petty offenses, and unknown offense levels; and ""Drug possession"" also includes other drug misdemeanors."
