Bureau of Justice Statistics,,,,,,,,,,
Filename:  cfjs035_03.csv,,,,,,,,,,
"Table 5.3.  Sentences imposed on convicted offenders, by offense of conviction and method of disposition,  October 1, 2002 - September 30, 2003",,,,,,,,,,
"Report title:  Compendium of Federal Justice Statistics, 2003  NCJ 210299",,,,,,,,,,
Data source:  Federal justice statistics database maintained by The Urban Institute,,,,,,,,,,
Author:  Urban Institute under the supervision of BJS,,,,,,,,,,
Refer questions to:  askbjs@usdoj.gov  202-307-0765,,,,,,,,,,
"Date of version:  October 23, 2005",,,,,,,,,,


"Table 5.3.  Sentences imposed on convicted offenders, by offense of conviction and method of disposition,  October 1, 2002 - September 30, 2003",,,,,,,,,,

,,,,,Offenders sentenced to some incarceration,,,,,
,,Number of offenders convicted and sentenced in criminal cases who received--,,,,,Sentence length/c,,,
Offense of conviction and method of disposition,Number of convicted offenders,Incarceration/a,Probation/b,Fine (only),Percent of convicted offenders,,Mean,,Median,
          All offenses/d,"75,805","57,629","11,804","2,847",76,%,58.7,mo,36,mo
    Guilty plea/e,"73,041","55,180","11,600","2,756",75.5,%,54.7,mo,33,mo
    Trial,"2,764","2,449",204,91,88.6,%,153.7,mo,97,mo
Felonies,"67,036","55,811","7,819",266,83.3,%,60.3,mo,37,mo
    Guilty plea,"64,510","53,402","7,723",262,82.8,%,56.3,mo,36,mo
    Trial,"2,526","2,409",96,4,95.4,%,156.1,mo,97,mo
    Violent offenses,"2,643","2,462",153,2,93.2,%,97.2,mo,64,mo
       Guilty plea,"2,452","2,277",148,2,92.9,%,87.4,mo,63,mo
       Trial,191,185,5,0,96.9,%,232.2,mo,125,mo
    Property offenses,"13,311","7,948","4,216",120,59.7,%,27.3,mo,18,mo
       Guilty plea,"12,768","7,467","4,167",118,58.5,%,24.1,mo,15,mo
       Trial,543,481,49,2,88.6,%,76.5,mo,40,mo
    Drug offenses,"25,582","23,544","1,387",72,92,%,81.4,mo,60,mo
       Guilty plea,"24,581","22,561","1,370",70,91.8,%,76.5,mo,57,mo
       Trial,"1,001",983,17,2,98.2,%,206.9,mo,180,mo
    Public-order offenses,"4,331","3,036","1,123",38,70.1,%,42.9,mo,26,mo
       Guilty plea,"4,097","2,824","1,105",38,68.9,%,41.2,mo,24,mo
       Trial,234,212,18,0,90.6,%,66.4,mo,37,mo
    Weapon offenses,"6,970","6,431",501,12,92.3,%,83.7,mo,54,mo
       Guilty plea,"6,502","5,966",495,12,91.8,%,76.9,mo,51,mo
       Trial,468,465,6,0,99.4,%,174,mo,120,mo
    Immigration offenses,"14,199","12,390",439,22,87.3,%,26.7,mo,24,mo
       Guilty plea,"14,110","12,307",438,22,87.2,%,26.6,mo,24,mo
       Trial,89,83,1,0,93.3,%,49.4,mo,41,mo
Misdemeanors,"8,767","1,818","3,983","2,581",20.7,%,9.1,mo,5,mo
    Guilty plea/e,"8,529","1,778","3,875","2,494",20.8,%,8.9,mo,5,mo
    Trial,238,40,108,87,16.8,%,16.5,mo,6,mo
Unknown or indeterminable offense,2,0,2,0,0,%,...,mo,...,mo

"a/All sentences to incarceration, including split, mixed, life, and indeterminate sentences.",,,,,,,,,,
b/Includes offenders with split and mixed sentences.,,,,,,,,,,
"c/Excludes sentences of life, death, and indeterminate sentences (1% of all incarceration).",,,,,,,,,,
"d/Total includes offenders whose sentence could not be determined and 2 defendants for whom offense category could not be determined, both of whom received a sentence of probation. For  further information, see Chapter notes, item 1, p. 79.",,,,,,,,,,
e/Includes nolo contendere.
