Bureau of Justice Statistics,,,
Filename:  fjs07stm101.csv,,,
"Map 1.1. Suspects arrested by the Drug Enforcement Administration, by state of arrest, October 1, 2006 - September 30, 2007",,,
"Report title: Federal Justice Statistics, 2007 - Statistical Tables NCJ # 230889",,,
Data source:  Federal Justice Statistics Program  ,,,
Author:  Urban Institute under the supervision of BJS,,,
Refer questions to:  askbjs@usdoj.gov  202-307-0765,,,
Date of version: 8/31/10,,,
,,,
,,,
"Map 1.1. Suspects arrested by the Drug Enforcement Administration, by state of arrest, October 1, 2006 - September 30, 2007",,,
,,,
State of arrest,Number,Percent,
Alaska,97,0.3,%
Alabama,363,1.3,
Arkansas,374,1.3,
Arizona,"1,111",3.9,
California,"3,367",11.8,
Colorado,404,1.4,
Connecticut,257,0.9,
District of Columbia,88,0.3,
Delaware,90,0.3,
Florida,"2,838",10,
Georgia,585,2.1,
Guam,1,0,
Hawaii,94,0.3,
Iowa,302,1.1,
Idaho,152,0.5,
Illinois,"1,072",3.8,
Indiana,349,1.2,
Kansas,285,1,
Kentucky,328,1.2,
Louisiana,500,1.8,
Massachusetts,503,1.8,
Maryland,688,2.4,
Maine,77,0.3,
Michigan,739,2.6,
Minnesota,268,0.9,
Missouri,609,2.1,
Mississippi,203,0.7,
Montana,90,0.3,
Nebraska,123,0.4,
North Carolina,369,1.3,
North Dakota,47,0.2,
New Hampshire,65,0.2,
New Jersey,677,2.4,
New Mexico,467,1.6,
Nevada,176,0.6,
New York,"2,259",7.9,
Ohio,744,2.6,
Oklahoma,237,0.8,
Oregon,275,1,
Pennsylvania,907,3.2,
Puerto Rico,296,1,
Rhode Island,135,0.5,
South Carolina,212,0.7,
South Dakota,88,0.3,
Tennessee,322,1.1,
Texas,"3,185",11.2,
Utah,199,0.7,
Virginia,556,1.9,
Virgin Islands,64,0.2,
Vermont,24,0.1,
Washington,788,2.8,
Wisconsin,280,1,
West Virginia,106,0.4,
Wyoming,83,0.3,
"Note: There were 28,518 arrested by the Drug Enforcement Administration from October 1, 2006 - September 30, 2007",,,
"Source: Drug Enforcement Administration, Defendant Statistical System, fiscal year.",,,
