Bureau of Justice Statistics,,,,,,,,,,,,,,
Filename:  fjs07st708.csv,,,,,,,,,,,,,,
"Table 7.8. Characteristics of offenders terminating federal parole, October 1, 2006 - September 30, 2007",,,,,,,,,,,,,,
"Report title: Federal Justice Statistics, 2007 - Statistical Tables NCJ # 230889",,,,,,,,,,,,,,
Data source:  Federal Justice Statistics Program  ,,,,,,,,,,,,,,
Author:  Urban Institute under the supervision of BJS,,,,,,,,,,,,,,
Refer questions to:  askbjs@usdoj.gov  202-307-0765,,,,,,,,,,,,,,
Date of version: 8/31/10,,,,,,,,,,,,,,
,,,,,,,,,,,,,,
,,,,,,,,,,,,,,
"Table 7.8. Characteristics of offenders terminating federal parole, October 1, 2006 - September 30, 2007",,,,,,,,,,,,,,
,,,,,,,,,,,,,,
,,,Percent terminating with--,,,,,,,,,,,
,,,,,Technical violations/a,,,,,,,,,
Offender characteristic,,Number of parole terminations,No violation,,Drug use,,Fugitive status,,Other,,New crime/b,,Administrative case closures,
,All offenders/c,"1,241",62.9,%,6.6,%,3.6,%,6.5,%,12.1,%,8.2,%
Gender,,,,,,,,,,,,,,
,Male,"1,209",62.7,%,6.7,%,3.4,%,6.5,%,12.3,%,8.4,%
,Female,31,74.2,,3.2,,12.9,,9.7,,0,,0,
Race,,,,,,,,,,,,,,
,White,595,73.1,%,3.7,%,2.2,%,4.9,%,8.9,%,7.2,%
,Black/African American,616,53.1,,9.6,,5,,8,,15.4,,8.9,
,American Indian/Alaska Native,20,50,,5,,5,,15,,10,,15,
,Asian/Native Hawaiian/Other Pacific Islander,5,^,,^,,^,,^,,^,,^,
,Other Pacific Islander,1,^,,^,,^,,^,,^,,^,
Hispanic origin,,,,,,,,,,,,,,
,Hispanic/Latino,132,71.2,%,2.3,%,0.8,%,3.8,%,12.9,%,9.1,%
,Non-Hispanic/Latino,"1,101",62,,7.2,,4,,6.9,,11.8,,8.1,
Age,,,,,,,,,,,,,,
,Under 19 years,0,^,%,^,%,^,%,^,%,^,%,^,%
,19-20 ,0,^,,^,,^,,^,,^,,^,
,21-30 ,146,77.4,,4.1,%,0,%,6.8,%,6.8,%,4.8,%
,31-40 ,155,62.6,,6.5,,3.9,,6.5,,14.8,,5.8,
,Over 40 ,939,60.7,,7,,4.2,,6.5,,12.5,,9.2,
Education,,,, ,, ,, ,, ,, ,, 
,Less than high school graduate,415,56.4,%,8.4,%,3.6,%,6,%,14.9,%,10.6,%
,High school graduate,445,67,,5.8,,4.3,,6.3,,10.1,,6.5,
,Some college,138,70.3,,5.1,,0.7,,4.3,,12.3,,7.2,
,College graduate,40,82.5,,0,,2.5,,5,,2.5,,7.5,
,,,,,,,,,,,,,,
^ Too few cases to obtain statistically reliable data.,,,,,,,,,,,,,,
a/Violation of supervision conditions other than charges for new offenses.,,,,,,,,,,,,,,
b/Includes felonies and misdemeanors.,,,,,,,,,,,,,,
c/Total includes offenders whose characteristics could not be determined.,,,,,,,,,,,,,,
Source: Administrative Office of the U.S. Courts Federal Probation and Supervision Information System (FPSIS).,,,,,,,,,,,,,,
