Bureau of Justice Statistics,,,,,,,,,,
Filename:  fjs07st501.csv,,,,,,,,,,
"Table 5.1.  Sentence types for offenders sentenced in criminal cases terminated, by offense, October 1, 2006 - September 30, 2007",,,,,,,,,,
"Report title: Federal Justice Statistics, 2007 - Statistical Tables NCJ # 230889",,,,,,,,,,
Data source:  Federal Justice Statistics Program  ,,,,,,,,,,
Author:  Urban Institute under the supervision of BJS,,,,,,,,,,
Refer questions to:  askbjs@usdoj.gov  202-307-0765,,,,,,,,,,
Date of version: 8/31/10,,,,,,,,,,
,,,,,,,,,,
"Table 5.1.  Sentence types for offenders sentenced in criminal cases terminated, by offense, October 1, 2006 - September 30, 2007",,,,,,,,,,
,,,,,,,,,,
,,,,,Percent of offenders convicted and sentenced to--,,,,,
Most serious offense of conviction,,,,Total offenders sentenced/a,Incarceration/b,,Probation/c,,Fine only,
,All offenses/d,,,"79,356",79.3,%,12.4,%,3.2,%
Felonies,,,,"71,892",85.2,%,9.3,%,0.4,%
,Violent offenses,,,"2,429",93.7,%,4.4,%,0.1,%
,,Murder/e,,149,91.3,,4,,0.7,
,,Assault,,494,85.4,,10.3,,0,
,,Robbery,,"1,294",97.1,,1.9,,0.1,
,,Sexual abuse/e,,384,93.2,,6,,0.3,
,,Kidnapping,,88,96.6,,2.3,,0,
,,Threats against the President,,20,90,,5,,0,
,Property offenses,,,"11,783",60.7,%,30,%,0.8,%
,,Fraudulent,,"10,361",61.8,%,28.2,%,0.8,%
,,,Embezzlement,498,47.2,,40.4,,1,
,,,Fraud/e,"8,897",62.5,,27.4,,0.8,
,,,Forgery,43,48.8,,44.2,,2.3,
,,,Counterfeiting,923,64.1,,27.8,,0.5,
,,Other,,"1,422",52.6,%,43.5,%,0.6,%
,,,Burglary,39,94.9,,5.1,,0,
,,,Larceny/e,985,42.4,,53.5,,0.6,
,,,Motor vehicle theft,28,67.9,,21.4,,0,
,,,Arson and explosives,176,83,,16.5,,0,
,,,Transportation of stolen property,130,68.5,,26.2,,1.5,
,,,Other property offenses/e,64,60.9,,32.8,,1.6,
,Drug offenses,,,"26,294",93,%,3.3,%,0.3,%
,,Trafficking,,"26,165",93.1,,3.2,,0.3,
,,Possession and other drug offenses,,129,64.3,,26.4,,0.8,
,Public-order offenses,,,"6,080",75.7,%,19.2,%,1.2,%
,,Regulatory,,745,51.7,%,40.9,%,3.1,%
,,,Agriculture,1,^,,^,,^,
,,,Antitrust,16,56.3,,37.5,,6.3,
,,,Food and drug,24,41.7,,41.7,,12.5,
,,,Transportation,133,42.1,,45.9,,6,
,,,Civil rights,53,77.4,,18.9,,0,
,,,Communications,71,40.8,,54.9,,1.4,
,,,Custom laws,50,52,,42,,2,
,,,Postal laws,32,15.6,,84.4,,0,
,,,Other regulatory offenses,365,57.3,,35.6,,2.5,
,,Other,,"5,335",79.1,%,16.1,%,0.9,%
,,,Tax law violations/e,530,68.5,,29.2,,1.1,
,,,Bribery,169,72.2,,23.1,,0,
,,,"Perjury, contempt, and intimidation",271,74.5,,20.3,,0.7,
,,,National defense,42,71.4,,23.8,,2.4,
,,,Escape,875,67,,23.5,,1.1,
,,,Racketeering and extortion,"1,702",83,,10.5,,1.1,
,,,Gambling,92,18.5,,76.1,,2.2,
,,,Liqour offenses,3,^,,^,,^,
,,,Nonviolent sex offenses,"1,429",96.6,,2.4,,0.3,
,,,Obscene material/e,8,^,,^,,^,
,,,Traffic offenses,25,80,,20,,0,
,,,Wildlife,46,21.7,,63,,10.9,
,,,Environmental,16,12.5,,81.3,,6.3,
,,,All other felonies/e,127,52,,48,,0,
,Weapon offenses,,,"8,333",92.2,%,5.4,%,0.2,%
,Immigration offenses,,,"16,973",89,%,3,%,0.2,%
Misdemeanors/e,,,,"7,464",21.9,%,42.6,%,30.4,%
,Fraudulent property offenses,,,"1,373",65.5,,21.1,%,1.8,
,Larceny,,,857,9.5,,61.1,%,26.5,
,Drug possession/e,,,830,18.8,,66.1,%,12.7,
,Immigration offenses,,,327,54.1,,15.6,%,0.9,
,Traffic offenses,,,"2,465",4.2,,37.6,%,57.1,
,Other misdemeanors,,,"1,612",13.4,,51.8,%,31.1,
,,,,,,,,,,
^ Too few cases to obtain statistically reliable data.,,,,,,,,,,
"a/Includes offenders receiving incarceration, probation, split or mixed sentences, and fines. Not represented in the percentage columns, but also included in the totals, are offenders receiving deportation, suspended sentences, sealed sentences, imprisonment of four days or less, and no sentences.",,,,,,,,,,
"b/All sentences to incarceration, including split, mixed, life, and indeterminate.",,,,,,,,,,
c/Includes offenders with split and mixed sentences.,,,,,,,,,,
d/Total includes offenders whose sentence could not be determined.,,,,,,,,,,
"e/In this table, ""Murder"" includes nonnegligent manslaughter; ""Sexual abuse"" includes only violent sex offenses; ""Fraud"" excludes tax  fraud; ""Larceny"" excludes transportation of stolen property; ""Other property offenses"" exclude fraudulent property offenses and include destruction of property and trespassing; ""Tax law violations"" include tax fraud; ""Obscene material"" denotes the mail or transport thereof; ""All other felonies"" include felonies with unclassifiable offense type; ""Misdemeanors"" include misdemeanors, petty offenses, and unknown offense levels; and ""Drug possession"" also includes other drug misdemeanors. ",,,,,,,,,,
"Source: Administrative Office of the U.S. Courts criminal master file, fiscal year.",,,,,,,,,,
