Bureau of Justice Statistics,,,,,,
Filename:  fjs07st401.csv,,,,,,
"Table 4.1. Defendants in criminal cases commenced, by offense, October 1, 2006 - September 30, 2007",,,,,,
"Report title: Federal Justice Statistics, 2007 - Statistical Tables NCJ # 230889",,,,,,
Data source:  Federal Justice Statistics Program  ,,,,,,
Author:  Urban Institute under the supervision of BJS,,,,,,
Refer questions to:  askbjs@usdoj.gov  202-307-0765,,,,,,
Date of version: 8/31/10,,,,,,
,,,,,,
"Table 4.1. Defendants in criminal cases commenced, by offense, October 1, 2006 - September 30, 2007",,,,,,
,,,,,,
,,,,Defendants in cases commenced during 2007,,
Most serious offense charged,,,,Number,Percent,
,All offenses,,,"88,742",100,%
Felonies,,,,"77,776",87.6,%
,Violent offenses,,,"2,755",3.1,%
,,Murder*,,149,0.2,
,,Assault,,629,0.7,
,,Robbery,,"1,235",1.4,
,,Sexual abuse*,,597,0.7,
,,Kidnapping,,125,0.1,
,,Threats against the President,,20,--,
,Property offenses,,,"13,192",14.9,%
,,Fraudulent,,"11,260",12.7,%
,,,Embezzlement,515,0.6,
,,,Fraud*,"9,495",10.7,
,,,Forgery,47,0.1,
,,,Counterfeiting,"1,203",1.4,
,,Other,,"1,932",2.2,%
,,,Burglary,50,0.1,
,,,Larceny*,"1,339",1.5,
,,,Motor vehicle theft,40,--,
,,,Arson and explosives,237,0.3,
,,,Transportation of stolen property,193,0.2,
,,,Other property offenses*,73,0.1,
,Drug offenses,,,"28,632",32.3,%
,,Trafficking,,"28,521",32.1,
,,Possession and other drug offenses,,111,0.1,
,Public-order offenses,,,"6,597",7.4,%
,,Regulatory,,883,1,%
,,,Agriculture,23,--,
,,,Antitrust,22,--,
,,,Food and drug,165,0.2,
,,,Transportation,95,0.1,
,,,Civil rights,40,--,
,,,Communications,70,0.1,
,,,Custom laws,39,--,
,,,Postal laws,429,0.5,
,,,Other regulatory offenses,"5,714",6.4,
,,Other, ,492,0.6,%
,,,Tax law violations*,144,0.2,
,,,Bribery,335,0.4,
,,,"Perjury, contempt, and intimidation",85,0.1,
,,,National defense,582,0.7,
,,,Escape,"1,777",2,
,,,Racketeering and extortion,74,0.1,
,,,Gambling,7,--,
,,,Nonviolent sex offenses,"1,929",2.2,
,,,Obscene material*,13,--,
,,,Traffic offenses,30,--,
,,,Wildlife,70,0.1,
,,,Environmental,44,--,
,,,All other felonies*,132,0.1,
,Weapons offenses,,,"8,883",10,%
,Immigration offenses,,,"17,717",20,%
Misdemeanors*,,,,"10,966",12.4,%
,Fraudulent property offenses,,,"1,313",1.5,
,Larceny,,,"1,584",1.8,
,Drug possession*,,,"1,383",1.6,
,Immigration,,,140,0.2,
,Traffic offenses,,,"4,383",4.9,
,Other misdemeanors,,,"2,163",2.4,
,,,,,,
--Less than 0.05%.,,,,,,
"*In this table, ""Murder"" includes nonnegligent manslaughter; ""Sexual abuse"" includes only violent sex offenses; ""Fraud"" excludes tax fraud; ""Larceny"" excludes transportation of stolen property; ""Other property offenses"" exclude fraudulent property offenses and include destruction of property and trespassing; ""Tax law violations"" include tax fraud; ""Obscene material"" denotes the mail or transport thereof; ""All other felonies"" include felonies with unclassifiable offense type; ""Misdemeanors"" include misdemeanors, petty offenses, and unknown offense levels; and ""Drug possession"" also includes other drug misdemeanors. ",,,,,,
"Source: Administrative Office of the U.S. Courts criminal master file, fiscal year.",,,,,,
