Bureau of Justice Statistics,,,,,,,,,,,,,
Filename:  fjs07st702.csv,,,,,,,,,,,,,
"Table 7.2. Characteristics of federal offenders under supervision, October 1, 2006 - September 30, 2007",,,,,,,,,,,,,
"Report title: Federal Justice Statistics, 2007 - Statistical Tables NCJ # 230889",,,,,,,,,,,,,
Data source:  Federal Justice Statistics Program  ,,,,,,,,,,,,,
Author:  Urban Institute under the supervision of BJS,,,,,,,,,,,,,
Refer questions to:  askbjs@usdoj.gov  202-307-0765,,,,,,,,,,,,,
Date of version: 8/31/10,,,,,,,,,,,,,
,,,,,,,,,,,,,
"Table 7.2. Characteristics of federal offenders under supervision, October 1, 2006 - September 30, 2007",,,,,,,,,,,,,
,,,,,,,,,,,,,
,,,,,Type of supervision,,,,,,,,
,,Total offenders under supervision,,,Probation,,,Supervised release,,,Parole,,
Offender characteristic,,Number,Percent,,Number,Percent,,Number,Percent,,Number,Percent,
,All offenders*,"115,629",100,%,"24,059",100,%,"89,056",100,%,"2,514",100,%
Gender,,,,,,,,,,,,,
,Male,"92,332",79.9,%,"15,299",63.6,%,"74,580",83.7,%,"2,453",97.6,%
,Female,"22,895",19.8,,"8,371",34.8,,"14,463",16.2,,61,2.4,
Race,,,,,,,,,,,,,
,White,"67,795",58.6,%,"15,114",62.8,%,"51,655",58,%,"1,026",40.8,%
,Black/African American,"40,914",35.4,,"6,665",27.7,,"32,841",36.9,,"1,408",56,
,American Indian/Alaska Native,"2,694",2.3,,723,3,,"1,931",2.2,,40,1.6,
,Asian/Native Hawaiian/Other Pacific Islander,"3,153",2.7,,925,3.8,,"2,210",2.5,,18,0.7,
,Other,501,0.4,,179,0.7,,317,0.4,,5,0.2,
Hispanic origin,,,,,,,,,,,,,
,Hispanic/Latino,"23,474",20.3,%,"3,642",15.1,%,"19,564",22,%,268,10.7,%
,Non-Hispanic/Latino,"91,281",78.9,,"19,846",82.5,,"69,219",77.7,,"2,216",88.1,
Age,,,,,,,,,,,,,
,Under 19 years,278,0.2,%,241,1,%,37,--,%,0,0,%
,19-20 ,"1,444",1.2,,802,3.3,,636,0.7,,6,0.2,
,21-30 ,"30,389",26.3,,"6,592",27.4,,"23,540",26.4,,257,10.2,
,31-40 ,"37,778",32.7,,"6,074",25.2,,"31,290",35.1,,414,16.5,
,Over 40 ,"45,298",39.2,,"9,928",41.3,,"33,535",37.7,,"1,835",73,
Education,,,,,,,,,,,,,
,Less than high school graduate,"33,347",28.8,%,"4,519",18.8,%,"27,955",31.4,%,873,34.7,%
,High school graduate,"39,506",34.2,,"7,445",30.9,,"31,180",35,,881,35,
,Some college,"21,335",18.5,,"5,554",23.1,,"15,445",17.3,,336,13.4,
,College graduate,"8,175",7.1,,"3,031",12.6,,"5,067",5.7,,77,3.1,
,,,,,,,,,,,,,
*Total includes offenders whose characteristics could not be determined.,,,,,,,,,,,,,
Source: Administrative Office of the U.S. Courts Federal Probation and Supervision Information System (FPSIS).,,,,,,,,,,,,,
