Bureau of Justice Statistics,,,,,,,,,,,,
Filename:  fjs07st303.csv,,,,,,,,,,,,
"Table 3.3. Behavior of federal defendants released to the community pending trial, by offense, October 1, 2006 - September 30, 2007",,,,,,,,,,,,
"Report title: Federal Justice Statistics, 2007 - Statistical Tables NCJ # 230889",,,,,,,,,,,,
Data source:  Federal Justice Statistics Program  ,,,,,,,,,,,,
Author:  Urban Institute under the supervision of BJS,,,,,,,,,,,,
Refer questions to:  askbjs@usdoj.gov  202-307-0765,,,,,,,,,,,,
Date of version: 8/31/10,,,,,,,,,,,,
,,,,,,,,,,,,
"Table 3.3. Behavior of federal defendants released to the community pending trial, by offense, October 1, 2006 - September 30, 2007",,,,,,,,,,,,
,,,,,,,,,,,,
,,,Percent of released defendants who had--,,,,,,,,,
,,,,,Violations while on release,,,,,,,
,,,,,,,,,,,,
Most serious offense charged,,Number of released defendants,No violation,,At least one violation,,Failed to appear,,Technical violations of bail conditions,,Release revoked,
,All offenses*,"29,325",78.8,%,21.2,%,4.3,%,18.7,%,7.7,%
Violent offenses,,832,76.1,%,23.9,%,3.2,%,21.8,%,11.8,%
Property offenses,,"9,969",84.4,%,15.6,%,2.7,%,13.7,%,5.1,%
,Fraudulent offenses,"8,094",84.4,,15.6,,2.6,,13.6,,4.9,
,Other property offenses,"1,875",84.3,,15.7,,3.1,,14,,6.2,
Drug offenses,,"9,579",70.2,%,29.8,%,6.3,%,26.4,%,10.6,%
Public-order offenses,,"4,805",90.3,%,9.7,%,2.1,%,8.8,%,2.6,%
,Regulatory offenses,872,90.9,,9.1,,2.3,,8,,2.5,
,Other public-order offenses,"3,933",90.1,,9.9,,2.1,,9,,2.6,
Weapon offenses,,"2,638",67,%,33,%,6.9,%,28.8,%,15.8,%
Immigration offenses,,"1,459",82.7,%,17.3,%,5.1,%,15.9,%,6.4,%
,,,,,,,,,,,,
"Note: Data describe defendants whose pretrial services were terminated during fiscal year 2007. A defendant with more than one type of violation appears in more than one column. A defendant with more than one of the same type of violation appears only once in that column. Therefore, the sum of individual violations exceeds the total. Not all violations resulted in revocation. ",,,,,,,,,,,,
*Includes 43 defendants for whom an offense category could not be determined.,,,,,,,,,,,,
"Source: Administrative Office of the U.S. Courts Pretrial Services Act Information System, fiscal year.",,,,,,,,,,,,
