Bureau of Justice Statistics,,,,,,,,,,,,
Filename:  fjs07st602.csv,,,,,,,,,,,,
"Table 6.2. Disposition of criminal appeals terminated, by offense, October 1, 2006 - September 30, 2007",,,,,,,,,,,,
"Report title: Federal Justice Statistics, 2007 - Statistical Tables NCJ # 230889",,,,,,,,,,,,
Data source:  Federal Justice Statistics Program  ,,,,,,,,,,,,
Author:  Urban Institute under the supervision of BJS,,,,,,,,,,,,
Refer questions to:  askbjs@usdoj.gov  202-307-0765,,,,,,,,,,,,
Date of version: 8/31/10,,,,,,,,,,,,
,,,,,,,,,,,,
,,,,,,,,,,,,
"Table 6.2. Disposition of criminal appeals terminated, by offense, October 1, 2006 - September 30, 2007",,,,,,,,,,,,
,,,,,,,,,,,,
,,,,Federal criminal appeals terminated on the merits,,,,,,,,
Offense of conviction,,,Total criminal appeals terminated,Total,Percent,,Affirmed,Remanded or reversed,Partially affirmed,Dismissed,Other,Procedural terminations
,All offenses/a,,"14,283","11,056",77.4,%,"8,651",931,387,"1,058",29,"3,227"
Violent offenses,,,699,556,79.5,%,427,68,14,44,3,143
,Murder/b,,79,64,81,,47,8,1,6,2,15
,Assault,,93,75,80.6,,56,9,0,10,0,18
,Robbery,,306,244,79.7,,192,24,8,19,1,62
,Sexual abuse/b,,160,128,80,,98,18,5,7,0,32
,Kidnapping,,53,41,77.4,,32,7,0,2,0,12
,Threats against the President,,8,4,^,,2,2,0,0,0,4
Property offenses,,,"1,887","1,333",70.6,%,998,136,74,123,2,554
,Fraudulent,,"1,554","1,087",69.9,%,824,103,57,102,1,467
,,Embezzlement,67,49,73.1,,35,5,6,3,0,18
,,Fraud/b,"1,363",954,70,,729,88,45,91,1,409
,,Counterfeiting,124,84,67.7,,60,10,6,8,0,40
,Other,,333,246,73.9,%,174,33,17,21,1,87
,,Burglary,5,3,^,,2,1,0,0,0,2
,,Larceny/b,163,118,72.4,,79,16,10,12,1,45
,,Motor vehicle theft,58,49,84.5,,44,4,0,1,0,9
,,Arson and explosives,55,44,80,,31,7,4,2,0,11
,,Transportation of stolen property,33,26,78.8,,15,4,3,4,0,7
,,Other property offenses/b,19,6,31.6,,3,1,0,2,0,13
Drug offenses,,,"5,533","4,195",75.8,%,"3,307",295,97,484,12,"1,338"
Public-order offenses,,,"1,090",787,72.2,%,589,95,45,57,1,303
,Regulatory,,152,109,71.7,%,79,9,10,11,0,43
,,Food and drug,5,5,^,,2,0,3,0,0,0
,,Transportation,17,12,70.6,,8,2,1,1,0,5
,,Civil rights,24,21,87.5,,15,1,3,2,0,3
,,Communications,2,1,^,,1,0,0,0,0,1
,,Custom laws,5,3,^,,2,0,0,1,0,2
,,Postal laws,6,5,^,,3,0,0,2,0,1
,,Other regulatory offenses,93,62,66.7,,48,6,3,5,0,31
,Other,,938,678,72.3,%,510,86,35,46,1,260
,,Tax law violations/b,128,98,76.6,,67,14,7,9,1,30
,,Bribery,28,21,75,,19,1,1,0,0,7
,,"Perjury, contempt, and intimidation",77,54,70.1,,44,4,4,2,0,23
,,National defense,12,9,75,,5,3,0,1,0,3
,,Escape,50,36,72,,32,1,2,1,0,14
,,Racketeering and extortion,285,203,71.2,,152,22,14,15,0,82
,,Gambling,3,3,^,,0,3,0,0,0,0
,,Nonviolent sex offenses,287,202,70.4,,154,26,6,16,0,85
,,Obscene material/b,8,5,^,,2,1,0,2,0,3
,,Traffic offenses,15,13,86.7,,11,2,0,0,0,2
,,Wildlife,3,1,^,,1,0,0,0,0,2
,,All other offenses/b,42,33,78.6,,23,9,1,0,0,9
Weapon offenses,,,"2,101","1,715",81.6,%,"1,408",119,64,119,5,386
Immigration offenses,,,"2,614","2,236",85.5,%,"1,733",205,89,205,4,378
,,,,,, ,,,,,,
^ Too few cases to obtain statistically reliable data.,,,,,,,,,,,,
"a/Total includes 359 appeals terminated for which an offense category could not be determined, of which 234 were terminated on the merits and 125 were procedural terminations. ",,,,,,,,,,,,
"b/In this table ""Murder"" includes nonnegligent manslaughter; ""Sexual abuse"" includes only violent sex offenses; ""Fraud"" excludes tax fraud; ""Larceny"" excludes transportation of stolen property; ""Other property offenses"" exclude fraudulent property offenses and include destruction of property and trespassing; ""Tax law violations"" include tax fraud; ""Obscene material"" denotes the mail or transport thereof; and ""All other offenses"" include offenses with unclassifiable offense type.",,,,,,,,,,,,
"Source: Administrative Office of the U.S. Courts Court of Appeals, fiscal year.",,,,,,,,,,,,
