Bureau of Justice Statistics,,,,,,,,,,,,,,
Filename:  fjs07st704.csv,,,,,,,,,,,,,,
"Table 7.4. Characteristics of offenders terminating federal probation supervision, October 1, 2006 - September 30, 2007",,,,,,,,,,,,,,
"Report title: Federal Justice Statistics, 2007 - Statistical Tables NCJ # 230889",,,,,,,,,,,,,,
Data source:  Federal Justice Statistics Program  ,,,,,,,,,,,,,,
Author:  Urban Institute under the supervision of BJS,,,,,,,,,,,,,,
Refer questions to:  askbjs@usdoj.gov  202-307-0765,,,,,,,,,,,,,,
Date of version: 8/31/10,,,,,,,,,,,,,,
,,,,,,,,,,,,,,
"Table 7.4. Characteristics of offenders terminating federal probation supervision, October 1, 2006 - September 30, 2007",,,,,,,,,,,,,,
,,,,,,,,,,,,,,
,,,Percent terminating probation with--,,,,,,,,,,,
,,,,,Technical violations/a,,,,,,,,,
Offender characteristic,,Number of probation terminations,No violation,,Drug use,,Fugitive status,,Other,,New crime/b,,Administrative case closures,
,All offenders/c,"14,025",81.5,%,2.8,%,1.4,%,4.2,%,4.4,%,5.7,%
Gender,,,,,,,,,,,,,,
,Male,"9,588",79.6,%,2.9,%,1.4,%,4.4,%,4.8,%,7,%
,Female,"4,297",85.2,,2.5,,1.6,,4,,3.7,,3,
Race,,,,,,,,,,,,,,
,White,"9,055",83.3,%,2.8,%,1.3,%,3.6,%,4.1,%,4.9,%
,Black/African American,"3,813",78,,2.8,,1.6,,4.9,,4.9,,7.7,
,American Indian/Alaska Native,359,60.2,,1.6,,4.9,,15.4,,10,,7.9,
,Asian/Native Hawaiian/Other Pacific Islander,522,85.4,,3.1,,1,,2.9,,2.1,,5.6,
,Other,103,89.3,,0,,1.9,,1,,3.9,,3.9,
Hispanic origin,,,,,,,,,,,,,,
,Hispanic/Latino,"2,092",79.6,%,2.8,%,2,%,4.9,%,6.7,%,4.1,%
,Non-Hispanic/Latino,"11,719",81.7,,2.8,,1.4,,4.1,,4,,6.1,
Age,,,,,,,,,,,,,,
,Under 19 years,101,43.6,%,5.9,%,6.9,%,19.8,%,20.8,%,3,%
,19-20 ,396,60.4,,10.6,,3.5,,10.9,,10.4,,4.3,
,21-30 ,"4,152",77.3,,3.6,,2,,5.9,,6.6,,4.7,
,31-40 ,"3,476",80.8,,2.8,,1.6,,3.9,,4.7,,6.4,
,Over 40 ,"5,747",86.8,,1.6,,0.8,,2.5,,2,,6.4,
Education,,,,,,,,,,,,,,
,Less than high school graduate,"2,669",74.4,%,4,%,2.5,%,6.4,%,5.4,%,7.2,%
,High school graduate,"4,305",81.1,,3.5,,1.6,,4.1,,4.3,,5.4,
,Some college,"3,107",85.9,,2.3,,1,,3.8,,3,,4.1,
,College graduate,"1,730",92.3,,0.6,,0.2,,1.3,,1.5,,4,
,,,,,,,,,,,,,,
a/Violation of supervision conditions other than charges for new offenses.,,,,,,,,,,,,,,
b/Includes felonies and misdemeanors.,,,,,,,,,,,,,,
c/Total includes offenders whose characteristics could not be determined.,,,,,,,,,,,,,,
Source: Administrative Office of the U.S. Courts Federal Probation and Supervision Information System (FPSIS).,,,,,,,,,,,,,,
