Bureau of Justice Statistics,,,,,,,,,,,,,,,
Filename:  fjs07st402.csv,,,,,,,,,,,,,,,
"Table 4.2.  Federal criminal case dispositions, by offense, October 1, 2006 - September 30, 2007",,,,,,,,,,,,,,,
"Report title: Federal Justice Statistics, 2007 - Statistical Tables NCJ # 230889",,,,,,,,,,,,,,,
Data source:  Federal Justice Statistics Program  ,,,,,,,,,,,,,,,
Author:  Urban Institute under the supervision of BJS,,,,,,,,,,,,,,,
Refer questions to:  askbjs@usdoj.gov  202-307-0765,,,,,,,,,,,,,,,
Date of version: 8/31/10,,,,,,,,,,,,,,,
,,,,,,,,,,,,,,,
,,,,,,,,,,,,,,,
"Table 4.2.  Federal criminal case dispositions, by offense, October 1, 2006 - September 30, 2007",,,,,,,,,,,,,,,
,,,,,,,,,,,,,,,
,,,,,,,Defendants in criminal cases terminating during fiscal year 2007,,,,,,,,
,,,,,,,Convicted,,,,,Not convicted,,,
,,,,,,,,,,Trial,,,,Trial,
Most serious offense charged,,,,Total ,Percent convicted,,Total,Guilty plea,Nolo contendere,Jury,Non-jury,Total,Dismissed,Jury/a,Non-jury
,All offenses,,,"88,509",89.7,%,"79,356","76,013",415,"2,602",326,"9,153","8,633",365,155
Felonies,,,,"78,009",93,%,"72,587","69,799",61,"2,574",153,"5,422","4,986",355,81
,Violent offenses,,,"2,763",91.6,%,"2,531","2,333",6,180,12,232,190,39,3
,,Murder/b,,185,89.2,,165,133,0,31,1,20,15,5,0
,,Assault,,597,86.3,,515,475,3,32,5,82,60,19,3
,,Robbery,,"1,301",94.8,,"1,233","1,183",1,47,2,68,64,4,0
,,Sexual abuse/b,,511,91.8,,469,407,2,56,4,42,33,9,0
,,Kidnapping,,147,87.8,,129,116,0,13,0,18,16,2,0
,,Threats against the President,,22,90.9,,20,19,0,1,0,2,2,0,0
,Property offenses,,,"13,114",91.3,%,"11,974","11,524",8,411,31,"1,140","1,043",74,23
,,Fraudulent,,"11,271",91.5,%,"10,311","9,917",7,361,26,960,877,66,17
,,,Embezzlement,555,93.2,,517,492,0,21,4,38,33,4,1
,,,Fraud/b,"9,365",91.3,,"8,548","8,214",4,308,22,817,742,59,16
,,,Forgery,51,96.1,,49,48,0,1,0,2,2,0,0
,,,Counterfeiting,"1,300",92.1,,"1,197","1,163",3,31,0,103,100,3,0
,,Other,,"1,843",90.2,%,"1,663","1,607",1,50,5,180,166,8,6
,,,Burglary,47,91.5,,43,41,0,2,0,4,3,1,0
,,,Larceny/b,"1,248",90.9,,"1,135","1,115",0,17,3,113,106,4,3
,,,Motor vehicle theft,30,86.7,,26,26,0,0,0,4,4,0,0
,,,Arson and explosives,253,87.7,,222,199,1,21,1,31,27,3,1
,,,Transportation of stolen property,174,91.4,,159,152,0,6,1,15,15,0,0
,,,Other property offenses/b,91,85.7,,78,74,0,4,2,13,11,0,2
,Drug offenses,,,"29,094",93.2,%,"27,109","26,046",21,998,44,"1,985","1,887",81,17
,,Trafficking,,"28,991",93.2,,"27,013","25,953",21,995,44,"1,978","1,880",81,17
,,Possession and other drug offenses,,103,93.2,,96,93,0,3,0,7,7,0,0
,Public-order offenses,,,"6,568",88.9,%,"5,839","5,391",9,414,25,729,655,57,17
,,Regulatory,,872,86.6,%,755,708,0,45,4,117,93,17,7
,,,Agriculture,1,^,,1,1,0,0,0,0,0,0,0
,,,Antitrust,17,94.1,,16,16,0,0,0,1,0,1,0
,,,Food and drug,24,91.7,,22,22,0,0,0,2,2,0,0
,,,Transportation,161,89.4,,144,136,0,8,1,17,15,0,2
,,,Civil rights,87,71.3,,62,51,0,10,2,25,11,12,2
,,,Communications,70,100,,70,70,0,0,0,0,0,0,0
,,,Custom laws,60,68.3,,41,39,0,1,0,19,19,0,0
,,,Postal laws,36,91.7,,33,33,0,0,0,3,2,1,0
,,,Other regulatory offenses,416,88,,366,340,0,26,0,50,44,3,3
,,Other,,"5,696",89.3,%,"5,084","4,683",9,369,23,612,562,40,10
,,,Tax law violations/b,531,92.7,,492,444,1,44,3,39,32,6,1
,,,Bribery,205,92.2,,189,166,0,21,2,16,11,4,1
,,,"Perjury, contempt, and intimidation",373,86.3,,322,268,0,50,4,51,43,7,1
,,,National defense,66,81.8,,54,47,0,7,0,12,12,0,0
,,,Escape,647,85.5,,553,541,1,11,0,94,94,0,0
,,,Racketeering and extortion,"2,059",86.7,,"1,786","1,594",3,187,2,273,251,17,5
,,,Gambling,81,97.5,,79,78,0,1,0,2,2,0,0
,,,Nonviolent sex offenses,"1,320",93.9,,"1,364","1,309",3,43,9,89,82,6,1
,,,Obscene material/b,21,100,,12,10,0,2,0,0,0,0,0
,,,Traffic offenses,24,82.1,,23,23,0,0,0,5,5,0,0
,,,Wildlife,67,88.2,,60,58,1,0,1,8,8,0,0
,,,Environmental,31,77.8,,21,21,0,0,0,6,6,0,0
,,,All other felonies/b,140,88.1,,126,121,0,3,2,17,16,0,1
,Weapon offenses,,,"9,763",91.4,%,"8,452","7,917",8,508,19,799,698,91,10
,Immigration offenses,,,"17,525",96.9,%,"16,682","16,588",9,63,22,537,513,13,11
Misdemeanors/b,,,,"8,922",64.5,%,"6,769","6,214",354,28,173,"3,731","3,647",10,74
,Fraudulent property offenses,,,"1,413",91.4,,"1,291","1,284",3,1,3,122,122,0,0
,Larceny,,,"1,396",55.7,,778,716,45,4,13,618,605,2,11
,Drug possession/b,,,"1,320",62,,818,786,19,2,11,502,490,1,11
,Immigration offenses,,,157,90.4,,142,141,0,0,1,15,15,0,0
,Traffic offenses,,,"4,151",58,,"2,406","2,132",170,4,100,"1,745","1,716",0,29
,Other misdemeanors,,,"2,063",64.7,,"1,334","1,155",117,17,45,729,699,7,23
,,,,,,,,,,,,,,,
^ Too few cases to obtain statistically reliable data.,,,,,,,,,,,,,,,
a/Includes mistrials.,,,,,,,,,,,,,,,
"b/In this table, ""Murder"" includes nonnegligent manslaughter; ""Fraud"" excludes tax fraud; ""Sexual abuse"" includes only violent sex offenses; ""Larceny"" excludes transporting stolen property; ""Other property offenses"" exclude fraudulent property offenses and include destruction of property and trespassing; ""Tax law violations"" include tax fraud; ""Obscene material"" denotes the mail or transport thereof; ""All other felonies"" include felonies with unclassifiable offense type; ""Misdemeanors"" include misdemeanors, petty offenses, and unknown offense levels; and ""Drug possession"" also includes other drug misdemeanors. ",,,,,,,,,,,,,,,
"Source: Administrative Office of the U.S. Courts criminal master file, fiscal year.",,,,,,,,,,,,,,,
