"Bureau of Justice Statistics",,,,
"filename: pp9906.csv",,,,
"table 6:  Characteristics of adults on parole, 1990 and 1999",,,,
"report title:  Probation and Parole in 1999 -- Press release, NCJ  183508",,,,
"data source:  Annual Probation Data Survey",,,,
"author:  Tom Bonczar , Lauren Glaze",,,,
"refer questions to:  askbjs@ojp.usdoj.gov  (202) 307-0765",,,,
"date of version:  07/20/00",,,,
,,,,
"Table 6.  Characteristics of adults on parole, 1990 and 1999",,,,
,,,,
,,,,
"Characteristic",1990,,1999,
,,,,
"      Total ",100,"%",100,"%"
,,,,
"Gender",100,"%",100,"%"
"   Male",92,,88," "
"   Female",8,,12," "
,,,," "
"Race",100,"%",100,"%"
"   White",52,,55,
"   Black",47,,44," "
"   Other",1,,1,
,,,,
"Hispanic origin",100,"%",100,"%"
"   Hispanic",18,,21," "
"   Non-Hispanic",82,,79," "
,,,,
"Status of supervision",100,"%",100,"%"
"   Active ",82,,83," "
"   Inactive ",6,,5," "
"   Absconded ",6,,7,
"   Supervised out of State",6,,5," "
"   Other","--",,"**"," "
,,,,
"Adults entering parole",100,"%",100,"%"
"   Discretionary parole",59,,42,
"   Mandatory parole",41,,50," "
"   Reinstatement","--",,6," "
"   Other ","--",,2," "
,,,,
"Adults leaving parole",100,"%",100,"%"
"   Successful completion",50,,43," "
"   Returned to incarceration ",46,,42," "
"      With new sentence",17,,11," "
"      Other",29,,31,
"   Absconder",1,,10," "
"   Other unsuccessful",1,,2," "
"   Transferred",1,,1,
"   Death",1,,1," "
"   Other","--",,2," "
,,,,
"Length of sentence",100,"%",100,"%"
"   Less than 1 year",5,,3,
"   One year or more",95,,97,
,,,,
"Note: For every characteristic there were persons of unknown status or type.  Detail may ",,,,
"not sum to total because of rounding.",,,,
"-- Not available.",,,,
"** Less than 0.5%.",,,,
