Bureau of Justice Statistics,,
filename:  hivp04tt01.csv,,
Text table 1. Number of HIV-positive inmates,,
"report title: HIV in Prisons, 2004   NCJ 213897",,
data source:  National Prisoner Statistics (NPS-1) ,,
author:  Laura M. Maruschak,,
refer questions to: askbjs@usdoj.gov (202) 307-0765,,
date of version: 9/19/06,,

Text table 1. Number of HIV-positive inmates,,
,Number of HIV-positive inmates,
Yearend,All jurisdictions,Exclude New York
1998,"25,680","18,180"
1999,"25,807","18,807"
2000,"25,333","19,333"
2001,"24,147","18,647"
2002,"23,866","18,866"
2003,"23,663","18,663"
2004,"23,046","18,546"
