Bureau of Justice Statistics,,,,,,,,,
filename:  hivp04t09.csv,,,,,,,,,
"Table 9. State and Federal inmates ever tested or tested since admission for HIV and test results, 2004 and 1997",,,,,,,,,
"report title: HIV in Prisons, 2004   NCJ 213897",,,,,,,,,
data source:  2004 and 1997 Surveys of Inmates in State and Federal Corectional Facilities,,,,,,,,,
author:  Laura M. Maruschak,,,,,,,,,
refer questions to: askbjs@usdoj.gov (202) 307-0765,,,,,,,,,
date of version: 9/19/06,,,,,,,,,

"Table 9. State and Federal inmates ever tested or tested since admission for HIV and test results, 2004 and 1997",,,,,,,,,
,,Percent of inmates who reported results,,,,,,,
,,State inmates,,,,Federal inmates,,,
Characteristic,,2004,,1997,,2004,,1997,
Ever tested,,84.5,%,74.6,%,86.8,%,79.6,%
,HIV positive,1.6,,2.2,,1,,0.6,
Tested since admission,,73.1,%,59.1,%,77.4,%,69.7,
,HIV positive,1.9,,2.6,,1.1,,0.7
Note: Data are from the 2004 and 1997 Surveys of Inmates in State and Federal Correctional Facilities.,,,,,,,,
