Bureau of Justice Statistics,,,,,,,,,,
filename:  hivp04t02.csv,,,,,,,,,,
"Table 2.  Inmates in custody of State and Federal prison authorities known to be HIV positive, by gender, yearend 2004",,,,,,,,,,
"report title: HIV in Prisons, 2004   NCJ 213897",,,,,,,,,,
data source:  National Prisoner Statistics (NPS-1) ,,,,,,,,,,
author:  Laura M. Maruschak,,,,,,,,,,
refer questions to: askbjs@usdoj.gov (202) 307-0765,,,,,,,,,,
date of version: 9/19/06,,,,,,,,,,

"Table 2.  Inmates in custody of State and Federal prison authorities known to be HIV positive, by gender, yearend 2004",,,,,,,,,,
,,,,,Male HIV cases,,,Female HIV cases,,
Jurisdiction,,,,, Number,Percent of population,, Number,Percent of population,
,U.S. total,,,,,,,,,
,,Estimated/a,,,"20,951",,,"2,095",,
,,Reported,,,"20,668",1.7,%,"2,084",2.4,%
,,,Federal,,"1,568",1.1,%,112,1.0,%
,,,State,,"19,100",1.8,,"1,972",2.6,
,Northeast,,,,"6,092",3.9,%,664,7.9,%
,,Connecticut,,,404,2.4,,73,5.6,
,,Maine,,,10,0.5,,1,0.9,
,,Massachusetts,,,184,2.0,,31,4.2,
,,New Hampshire,,,29,1.3,,2,1.5,
,,New Jersey,,,574,2.6,,81,7.0,
,,New York,,,"4,100",6.7,,400,14.2,
,,Pennsylvania,,,643,1.7,,50,2.8,
,,Rhode Island,,,135,4.5,,26,15.6,
,,Vermont,,,13,0.9,,0,0,
,Midwest,,,,"1,598",0.9,%,133,1.1,%
,,Illinois,,,438,1.1,,50,1.8,
,,Indiana,,,/,/,,/,/,
,,Iowa,,,30,0.4,,2,0.3,
,,Kansas,,,37,0.4,,4,0.6,
,,Michigan,,,534,1.2,,41,1.9,
,,Minnesota,,,42,0.6,,2,0.4,
,,Missouri,,,/,/,,/,/,
,,Nebraska,,,19,0.5,,1,0.3,
,,North Dakota,,,4,0.4,,2,2.2,
,,Ohio,,,361,0.9,,26,0.8,
,,South Dakota,,,8,0.3,,1,0.3,
,,Wisconsin,,,125,0.6,,4,0.3,
,South,,,,"9,678",2.1,%,"1,013",2.8,%
,,Alabama,,,246,1.0,,24,1.4,
,,Arkansas,,,96,0.8,,6,1.0,
,,Delaware,,,130,2.1,,19,3.5,
,,Florida,,,"2,911",3.7,,339,6.1,
,,Georgia,,,"1,009",2.1,,100,2.9,
,,Kentucky,,,68,0.6,,6,0.7,
,,Louisiana,,,442,2.4,,45,4.6,
,,Maryland,,,707,3.2,,85,7.3,
,,Mississippi,,,215,2.1,,39,2.4,
,,North Carolina,,,581,1.8,,66,2.8,
,,Oklahoma,,,121,0.8,,12,0.6,
,,South Carolina,,,457,2.2,,32,2.1,
,,Tennessee,,,199,1.5,,16,1.4,
,,Texas,,,"2,199",1.7,,206,2.0,
,,Virginia,,,288,1.1,,14,0.6,
,,West Virginia,,,9,0.2,,4,1.1,
,West,,,,"1,732",0.7,%,162,0.8,%
,,Alaska,,,/,/,,/,/,
,,Arizona,,,145,0.6,,10,0.4,
,,California/b,,,"1,136",0.7,,76,0.7,
,,Colorado,,,166,1.1,,19,1.1,
,,Hawaii,,,12,0.4,,3,0.6,
,,Idaho,,,26,0.7,,7,1.3,
,,Montana,,,5,0.3,,0,0
,,Nevada,,,90,0.9,,26,3.0
,,New Mexico,,,23,0.4,,2,0.3
,,Oregon,,,/,/,,/,/
,,Utah,,,29,0.7,,10,2.2
,,Washington,,,95,0.6,,7,0.5
,,Wyoming,,,5,0.5,,2,1.4
/Not reported.,,,,,,,,,
a/Includes estimate of the number of inmates with HIV by gender for Missouri. ,,,,,,,,,
b/The number of male and female HIV cases in California was estimated by applying the 2002 gender distribution to the 2004 estimated total with HIV.,,,,,,,,,
