Bureau of Justice Statistics,,,
filename:  hivp04tt04.csv,,,
Text table 4. Number of confirmed AIDS cases in State and Federal Prisons,,,
"report title: HIV in Prisons, 2004   NCJ 213897",,,
data source:  National Prisoner Statistics (NPS-1) ,,,
author:  Laura M. Maruschak,,,
refer questions to: askbjs@usdoj.gov (202) 307-0765,,,
date of version: 9/19/06,,,

Text table 4. Number of confirmed AIDS cases in State and Federal Prisons,,,
,Number of confirmed AIDS cases,,
Yearend,Estimated/a,Reported/b,Comparable/c
1998,"6,809","6,282","5,864"
1999,"7,039","6,642","5,788"
2000,"6,295","5,696","5,093"
2001,"6,286","5,754","5,214"
2002,"5,643","4,898","4,571"
2003,"5,944","5,227","4,956"
2004,"6,027","5,483","5,070"
"a/In States not reporting confirmed AIDS, estimates were made by applying the percent breakdown by type of HIV infection from the most recent year when data were provided.",,,
"b/Excludes 7 States in 1998, 5 in 1999, 8 in 2000, 6 in 2001, 12 in 2002, 13 in 2003, and 10 in 2004.",,,
c/The Federal system and 32 States reported in all 6 years.,,,
