Bureau of Justice Statistics,,,,,,,
filename:  hivp04t08.csv,,,,,,,
"Table 8. Profile of inmates who died from AIDS-related causes in State prisons, 2002-04",,,,,,,
"report title: HIV in Prisons, 2004   NCJ 213897",,,,,,,
data source:  National Prisoner Statistics (NPS-1); Deaths in Custosdy Reporting Program (DCRP),,,,,,,
author:  Laura M. Maruschak,,,,,,,
refer questions to: askbjs@usdoj.gov (202) 307-0765,,,,,,,
date of version: 9/19/06,,,,,,,

"Table 8. Profile of inmates who died from AIDS-related causes in State prisons, 2002-04",,,,,,,
,,Number of AIDS-related deaths,,,"Rate of AIDS-related deaths per 100,000 inmates",,
Characteristic,,2004,2003,2002,2004,2003,2002
State total*,,185,268,283,14,21,22
,In DCRP,179,210,245,14,17,20
Gender,,,,,,,
,Male,138,202,236,12,18,21
,Female,7,8,9,8,10,11
Age,,,,,,,
,24 or younger,2,1,0,1,0,0
,25-34,20,38,28,5,9,6
,35-44,69,97,119,18,26,34
,45 or older,54,74,98,23,36,64
Race/Hispanic origin,,,,,,,
,White (non-Hispanic),36,36,50,8,8,12
,Black (non-Hispanic),96,146,163,19,27,30
,Hispanic,9,25,30,4,12,15
"Note: The AIDS-related death counts by gender, age, race, and Hispanic origin are based on individual reports submitted to the Deaths in Custody Reporting Program (DCRP).  ",,,,,,,
"See Methodology. Detail does not add to total because gender, age, and race/hispanic origin were not known for 34 inmates.",,,,,,,
*Based on the combination on the National Prisoners Statistics (NPS-1) and DCRP data.,,,,,,,
