"Bureau of Justice Statistics",,,,,,,,
"Filename:  cf997__04.csv",,,,,,,,
"Table 7.4.  Characteristics of offenders terminating probation supervision, October 1, 1998 - September 30, 1999",,,,,,,,
"Report title:  Compendium of Federal Justice Statistics, 1999   NCJ  186179",,,,,,,,
"Data source:  Federal justice statistics database maintained by The Urban Institute",,,,,,,,
"Author:  Urban Institute under the supervision of John Scalia",,,,,,,,
"Refer  questions to:  askbjs@ojp.usdoj.gov  202-307-0765",,,,,,,,
"Date of version:  4/02/01",,,,,,,,
,,,,,,,,
,,,,,,,,
"Table 7.4.  Characteristics of offenders terminating probation supervision, ",,,,,,,,
,"October 1, 1998 - September 30, 1999",,,,,,,
,,,,,,,,
,,,"Percent of probation supervisions terminating with--",,,,,
,,"Number of",,"Technical violations/a",,,,
"Offender",,"probation","No","Drug","Fugitive",,"New","Administrative"
"characteristic",,"terminations","violation","use","status","Other","crime/b","case closures"
," All offenders/c",16002,81.3,3.4,2.2,5.7,5.4,2.0
"Male/Female",,,,,,,,
,"Male",11732,80.2,3.4,2.4,6.0,6.1,2.1
,"Female",4248,84.3,3.4,1.8,5.0,3.7,1.8
"Race",,,,,,,,
,"White",10676,83.2,2.8,1.9,4.7,5.1,2.2
,"Black",3985,76.6,5.1,2.9,8.0,6.1,1.4
,"Native American",422,58.3,5.2,5.9,13.5,13.3,3.8
,"Asian/Pacific Islander",567,89.4,1.6,1.1,3.5,2.3,2.1
"Ethnicity",,,,,,,,
,"Hispanic",2041,72.4,3.2,4.0,7.3,10.1,2.9
,"Non-Hispanic",13744,82.6,3.4,2.0,5.4,4.8,1.8
"Age",,,,,,,,
,"16-18 years",205,55.6,4.4,7.8,13.2,15.6,3.4
,"19-20 years",710,63.9,7.6,4.9,12.3,9.3,2.0
,"21-30 years",4457,74.8,4.8,3.1,8.0,7.8,1.5
,"31-40 years",4305,81.1,4.0,1.9,6.2,5.2,1.6
,"Over 40 years",6301,88.9,1.4,1.3,2.7,3.1,2.6
"Education",,,,,,,,
,"Less than high school graduate",3929,72.3,5.2,3.8,8.1,7.7,2.9
,"High school graduate",5698,81.9,3.8,2.0,6.0,4.5,1.8
,"Some college",3831,86.0,2.3,1.5,4.4,4.2,1.6
,"College graduate",1840,93.0,0.6,0.7,1.7,2.2,1.8
"Drug abuse",,,,,,,,
,"No known abuse",12537,85.3,1.6,1.7,4.8,4.5,2.0
,"Drug history",3465,66.6,9.7,4.0,9.0,8.8,2.0
,,,,,,,,
"(SEE PRINTED REPORT FOR FOOTNOTES)",,,,,,,,
