"Bureau of Justice Statistics",,,,,,,,,,,,
"Filename:  cf997__09.csv",,,,,,,,,,,,
"Table 7.9.  Admissions and releases of Federal prisoners,  by offense, October 1, 1998 - September 30, 1999",,,,,,,,,,,,
"Report title:  Compendium of Federal Justice Statistics, 1999   NCJ  186179",,,,,,,,,,,,
"Data source:  Federal justice statistics database maintained by The Urban Institute",,,,,,,,,,,,
"Author:  Urban Institute under the supervision of John Scalia",,,,,,,,,,,,
"Refer  questions to:  askbjs@ojp.usdoj.gov  202-307-0765",,,,,,,,,,,,
"Date of version:  4/02/01",,,,,,,,,,,,
,,,,,,,,,,,,
,,,,,,,,,,,,
"Table 7.9.  Admissions and releases of Federal prisoners,  by offense, October 1, 1998 - September 30, 1999",,,,,,,,,,,,
,,,,,,,,,,,,
,,,,"Prisoners received",,,,"Prisoners released",,,,
,,,"Population","District court",,,,"First release",,,"Population","Net"
"Most serious original offense ",,,"at start","1 year","Over ","All",,"1 year","Over ","All","at end","population"
"of conviction/a",,,"of year","or less","1 year","other",,"or less","1 year","other","of year","change"
,," All offenses",107671,10449,36942,16595,,10133,27539,14800,119185,11514
"Violent offenses",,,12675,184,2158,2826,,162,1797,2529,13355,680
,"Murder/manslaughter/b",,1354,13,125,213,,7,75,125,1498,144
,"Assault",,754,90,249,531,,88,217,423,896,142
,"Robbery",,9040,68,1506,1708,,56,1302,1610,9354,314
,"Sexual abuse/b",,805,12,171,243,,10,132,232,857,52
,"Kidnaping",,652,0,95,64,,0,59,71,681,29
,"Threats against the President",,70,1,12,67,,1,12,68,69,-1
"Property offenses",,,8484,2516,4086,3987,,2541,4035,3815,8682,198
,"Fraudulent",,6424,2114,3413,2425,,2129,3331,2363,6553,129
,,"Embezzlement",301,270,162,160,,272,159,160,302,1
,,"Fraud/b",5456,1597,2845,1759,,1586,2809,1734,5528,72
,,"Forgery",229,69,68,202,,77,91,188,212,-17
,,"Counterfeiting",438,178,338,304,,194,272,281,511,73
,"Other",,2060,402,673,1562,,412,704,1452,2129,69
,,"Burglary",188,15,54,313,,15,48,195,312,124
,,"Larceny/b",754,299,272,823,,297,284,838,729,-25
,,"Motor vehicle theft",198,20,65,90,,26,82,87,178,-20
,,"Arson and explosives",214,1,50,36,,3,42,44,212,-2
,,"Transportation of stolen property",199,21,84,53,,21,86,66,184,-15
,,"Other property offenses/b",507,46,148,247,,50,162,222,514,7
"Drug offenses",,,62438,1489,19502,5509,,1366,14371,4841,68360,5922
,"Trafficking",,61990,1351,19416,4968,,1243,14310,4337,67835,5845
,"Possession and other drug offenses",,448,138,86,541,,123,61,504,525,77
"Public-order offenses",,,22047,6018,10818,3838,,5817,7169,3279,26456,4409
,"Regulatory",,1087,196,461,236,,192,502,238,1048,-39
,"Other",,20960,5822,10357,3602,,5625,6667,3041,25408,4448
,,"Weapons",8701,141,2386,1017,,136,1711,904,9494,793
,,"Immigration offenses",7150,4919,5929,1009,,4703,3373,775,10156,3006
,,"Tax law violations/b",392,135,174,87,,146,204,108,330,-62
,,"Bribery",71,22,32,15,,24,29,16,71,0
,,"Perjury, contempt, and intimidation",117,43,43,30,,39,54,41,99,-18
,,"National defense",62,5,11,6,,3,17,9,55,-7
,,"Escape",282,45,115,171,,62,113,101,337,55
,,"Racketeering and extortion",3628,94,1323,231,,82,939,200,4055,427
,,"Gambling",2,0,0,1,,1,0,2,0,-2
,,"Liquor",1,1,4,0,,0,3,0,3,2
,,"Nonviolent sex offenses",161,2,47,47,,3,35,44,175,14
,,"Obscene material/b",219,9,214,29,,11,98,26,336,117
,,"Traffic",127,327,36,701,,325,37,697,132,5
,,"Migratory birds",13,10,8,11,,14,8,12,8,-5
,,"All other offenses",34,69,35,247,,76,46,106,157,123
"Unknown or indeterminable offenses",,,2027,242,378,435,,247,167,336,2332,305
,,,,,,,,,,,,
"(SEE PRINTED REPORT FOR FOOTNOTES)",,,,,,,,,,,,
