"Bureau of Justice Statistics",,,,,,,,,
"Filename:  cf997__14.csv",,,,,,,,,
"Table 7.14.  Percent of sentence served to first release, by length of sentence imposed, offense, and type of case, for prisoners released by standard methods during October 1, 1998 - September 30, 1999",,,,,,,,,
"Report title:  Compendium of Federal Justice Statistics, 1999   NCJ  186179",,,,,,,,,
"Data source:  Federal justice statistics database maintained by The Urban Institute",,,,,,,,,
"Author:  Urban Institute under the supervision of John Scalia",,,,,,,,,
"Refer  questions to:  askbjs@ojp.usdoj.gov  202-307-0765",,,,,,,,,
"Date of version:  4/02/01",,,,,,,,,
,,,,,,,,,
,,,,,,,,,
"Table 7.14.  Percent of sentence served to first release, by length of sentence ",,,,,,,,,
,"imposed, offense, and type of case, for prisoners released by standard methods",,,,,,,,
,"during October 1, 1998 - September 30, 1999",,,,,,,,
,,,,,,,,,
,,,"Percent of sentence served for--/b",,,,,,
"Sentence",,,"All","Violent","Property offenses",,"Drug","Public-order offenses",
"imposed/a",,,"offenses","offenses","Fraudulent","Other","offenses","Regulatory","Other"
,,,,,,,,,
"All cases",,,,,,,,,
," All releases",,91.1,87.0,92.7,92.5,88.5,90.8,93.3
,"1-12","mo/c",99.7,99.7,99.9,99.8,100.1,99.0,99.6
,"13-24",,89.0,89.8,89.1,90.1,88.6,89.3,89.1
,"25-36",,87.7,87.8,87.2,87.7,87.6,87.7,88.0
,"37-48",,87.5,88.2,86.6,87.9,87.4,86.0,87.5
,"49-60",,87.4,87.4,86.7,86.6,87.3,87.9,87.8
,"61-72",,87.3,87.7,84.5,87.6,87.5,84.1,87.2
,"73-84",,87.6,88.8,87.2,88.0,87.5,"--",87.5
,"85-96",,87.5,88.7,77.3,"--",87.4,"--",87.7
,"97-108",,87.2,88.0,79.4,"--",87.1,"--",87.4
,"109-120",,87.4,88.6,"--","...",87.0,"--",87.4
,"121-144",,86.1,85.9,66.6,"--",86.6,"--",84.5
,"145-180",,81.5,74.7,"--","--",84.4,"...",73.2
,"181-240",,59.7,63.2,"--","--",58.8,"--",60.9
,"241-300",,58.3,60.2,"--","--",57.6,"--",58.7
,"Over 300",,47.1,50.7,"--","--",43.4,"--",46.8
"New law cases",,,,,,,,,
," All releases",,91.7,89.3,93.1,93.1,89.2,91.7,93.6
,"1-12","mo/c",99.8,99.7,100.0,99.8,100.1,99.0,99.6
,"13-24",,89.1,89.9,89.2,90.1,88.6,89.4,89.2
,"25-36",,87.8,87.8,87.5,87.7,87.6,87.7,88.1
,"37-48",,87.6,88.2,87.3,87.9,87.5,88.1,87.7
,"49-60",,87.4,87.4,87.3,87.2,87.3,87.9,88.0
,"61-72",,87.7,87.9,87.4,88.5,87.7,88.3,87.8
,"73-84",,87.9,89.0,87.2,88.0,87.8,"--",87.9
,"85-96",,87.8,88.7,"--","--",87.6,"--",87.8
,"97-108",,87.7,88.2,"--","--",87.6,"--",87.8
,"109-120",,87.6,88.6,"--","...",87.3,"--",87.7
,"121-144",,87.5,88.0,"--","--",87.4,"--",88.2
,"145-180",,87.5,"--","...","...",87.4,"...","--"
,"181-240",,"**","**","**","**","**","**","**"
,"241-301",,"**","**","**","**","**","**","**"
,"Over 300",,"**","**","**","**","**","**","**"
,,,,,,,,,
"--Too few cases to obtain statistically reliable data.",,,,,,,,,
"...No case of this type occurred in the data.",,,,,,,,,
"**As of fiscal year 1999, those new law inmates who were sentenced to more than 163 months of",,,,,,,,,
"   imprisonment and were released could only have been released by extraordinary means (such as",,,,,,,,,
"  commutation and death), since the Federal Sentencing Guidelines took effect as of November 1987.",,,,,,,,,
"(SEE PRINTED REPORT FOR FOOTNOTES)",,,,,,,,,
