Bureau of Justice Statistics,,
Filename: ppus1718t03.csv,,
"Table 3. Parolees on probation excluded from the January 1 and December 31 community-supervision populations, 2007-2018",,
"Report title: Probation and Parole in the United States, 2017-2018  NCJ 252072",,
"Data Source: Bureau of Justice Statistics, Annual Probation Survey and Annual Parole Survey, 2008-2018",,
"Authors: Danielle Kaeble, BJS Statistician, and Mariel Alper, Ph.D., former BJS Statistician",,
Refer questions to: askbjs@usdoj.gov 202-307-0765,,
Date of version: 8/4/2020,,
,,
"Table 3. Parolees on probation excluded from the January 1 and December 31 community-supervision populations, 2007-2018",,
Year,January 1* , December 31
2007,...,"3,562"
2008,"3,562","3,905"
2009,"3,905","4,959"
2010,"8,259","8,259"
2011,"8,259","10,958"
2012,"10,958","12,672"
2013,"12,672","12,511"
2014,"12,511","12,919"
2015,"12,919","9,375"
2016,"9,375","10,822"
2017,"10,822","13,302"
2018,"13,302","18,878"
Note: Counts for 2016 and earlier may have been revised based on updated reporting and may differ from numbers in past reports. The community-supervision counts were adjusted to exclude parolees who were also on probation.,,
...Not available.,,
"*For 2011 through 2018, data are based on the December 31 count of the prior reporting year. For 2010, the December 31, 2010 count was used as a proxy because additional states reported these data in 2010.",,
"Source: Bureau of Justice Statistics, Annual Probation Survey and Annual Parole Survey, 2008-2018.",,
