Bureau of Justice Statistics,,,,,,,
Filename: ppus1718t01.csv,,,,,,,
"Table 1. Adults under community supervision, 2008-2018",,,,,,,
"Report title: Probation and Parole in the United States, 2017-2018  NCJ 252072",,,,,,,
"Data Source: Bureau of Justice Statistics, Annual Probation Survey and Annual Parole Survey, 2008-2018",,,,,,,
"Authors: Danielle Kaeble, BJS Statistician, and Mariel Alper, Ph.D., former BJS Statistician",,,,,,,
Refer questions to: askbjs@usdoj.gov 202-307-0765,,,,,,,
Date of version: 8/4/2020,,,,,,,
,,,,,,,
"Table 1. Adults under community supervision, 2008-2018",,,,,,,
Year,,Total*,,Probation,,Parole,
2008,,"5,093,400",,"4,271,200",,"826,100",
2009,,"5,019,900",,"4,199,800",,"824,600",
2010,,"4,888,500",,"4,055,900",,"840,800",
2011,,"4,818,300",,"3,973,800",,"855,500",
2012,,"4,790,700",,"3,944,900",,"858,400",
2013,,"4,749,800",,"3,912,900",,"849,500",
2014,,"4,713,200",,"3,868,400",,"857,700",
2015,,"4,650,900",,"3,789,800",,"870,500",
2016,,"4,537,100",,"3,673,100",,"874,800",
2017,,"4,508,900",,"3,647,200",,"875,000",
2018,,"4,399,000",,"3,540,000",,"878,000",
"Percent change, December 31",,,,,,,
,2008-2018,-13.6,%,-17.1,%,6.3,%
,2016-2018,-3,,-3.6,,0.4,
,2016-2017,-0.6,,-0.7,,<0.05,
,2017-2018,-2.4,,-2.9,,0.3,
Note: Counts are rounded to the nearest 100. Details may not sum to totals due to rounding. Counts are for December 31 of each year. Percent change is the difference in populations on December 31. See Methodology.,,,,,,,
*Details may not sum to totals because community-supervision counts were adjusted to exclude parolees who were also on probation. See Methodology.,,,,,,,
"Source: Bureau of Justice Statistics, Annual Probation Survey and Annual Parole Survey, 2008-2018.",,,,,,,
