Bureau of Justice Statistics,,,,,,,,,,,,
Filename: ppus1718at07.csv,,,,,,,,,,,,
"Appendix table 7. Adults exiting parole, by type of exit, 2018",,,,,,,,,,,,
"Report title: Probation and Parole in the United States, 2017-2018  NCJ 252072",,,,,,,,,,,,
"Data Source: Bureau of Justice Statistics, Annual Parole Survey, 2018",,,,,,,,,,,,
"Authors: Danielle Kaeble, BJS Statistician, and Mariel Alper, Ph.D., former BJS Statistician",,,,,,,,,,,,
Refer questions to: askbjs@usdoj.gov 202-307-0765,,,,,,,,,,,,
Date of version: 8/4/2020,,,,,,,,,,,,
,,,,,,,,,,,,
"Appendix table 7. Adults exiting parole, by type of exit, 2018",,,,,,,,,,,,
,,,,Returned to incarceration,,,,,,,,
Jurisdiction,,Total reported,Completion,With new sentence,With revocation,To receive treatment,Other/unknown,Absconder,Other unsatisfactory/a,Death,Other/b,Other/not reported
,U.S. total,"445,961","240,542","31,029","70,224","2,026","8,372","8,927","5,168","6,712","13,880","59,081"
Federal,,"49,606","29,108",1,"12,069",0,0,0,293,814,0,"7,321"
State,,"396,355","211,434","31,028","58,155","2,026","8,372","8,927","4,875","5,898","13,880","51,760"
,Alabama/c,"3,186","2,226",717,120,~,~,~,~,100,23,0
,Alaska,..,..,..,..,..,..,..,..,..,..,..
,Arizona,"11,733","8,166",19,"2,535",0,0,39,865,59,50,0
,Arkansas/c,"9,841","4,313",567,"4,736",0,0,0,0,192,33,0
,California/c,"50,162",..,..,..,..,..,..,..,..,..,"50,162"
,Colorado,"8,076","4,142","1,200","2,558",0,0,0,0,111,65,0
,Connecticut/c,"2,542","1,591",..,..,..,915,~,36,..,~,0
,Delaware/c,143,26,1,1,..,..,..,0,3,112,0
,District of Columbia,"1,453",576,0,0,0,565,0,124,64,124,0
,Florida,"6,331","3,985",331,735,0,0,0,0,2,"1,062",216
,Georgia/c,"10,841","8,081",271,30,..,"2,282",0,~,127,0,50
,Hawaii/c,876,211,2,352,..,..,176,0,10,125,0
,Idaho/c,"2,661",834,392,682,6,..,501,..,49,197,0
,Illinois/c,"23,480","13,853","1,247","7,110",~,~,67,9,330,864,0
,Indiana,"6,007","3,301",363,"1,778",0,0,372,0,43,150,0
,Iowa,"3,835","1,920",715,998,0,0,1,159,42,0,0
,Kansas,"4,336","2,492",184,961,0,0,448,0,54,197,0
,Kentucky,"11,401","6,548",343,"1,172",0,104,"3,046",0,188,0,0
,Louisiana/c,"19,115","11,233","1,809",777,~,"1,375",~,818,287,"2,816",0
,Maine,1,0,0,0,0,0,0,0,1,0,0
,Maryland,"4,083","2,505",413,240,..,~,..,606,161,71,87
,Massachusetts,"2,261","1,497",64,453,0,0,0,219,21,7,0
,Michigan/c,"10,452","7,661",985,"1,596",0,~,0,~,210,0,0
,Minnesota/c,"6,542","3,526",381,"2,591",0,0,0,0,44,0,0
,Mississippi,"6,041","3,784",709,"1,208",~,~,~,..,53,69,218
,Missouri,"13,472","5,427",970,"3,112",367,"1,964","1,379",~,235,~,18
,Montana/c,731,404,29,3,0,243,0,0,18,0,34
,Nebraska,"1,179",764,~,393,~,~,~,0,5,17,0
,Nevada/c,"3,884","2,726",356,356,~,325,40,~,81,~,0
,New Hampshire,"1,284",635,..,649,~,~,..,~,..,..,0
,New Jersey,"4,794","2,899",105,"1,492",~,0,~,0,129,169,0
,New Mexico/c,"1,951",586,41,"1,160",..,33,..,94,32,5,0
,New York,"19,847","10,792","1,327","5,783","1,648",0,0,~,297,~,0
,North Carolina,"14,772","9,789","1,161",312,~,~,"2,035",501,149,~,825
,North Dakota/c,"1,151",814,142,106,..,0,57,~,13,19,0
,Ohio,"10,804","6,111","2,242","2,451",~,0,..,..,..,0,0
,Oklahoma/c,396,366,~,~,~,~,~,~,27,3,0
,Oregon/c,"9,207","5,069",942,"1,695",5,~,2,"1,000",159,188,147
,Pennsylvania/c,"52,034","33,223","5,395","4,497",0,0,593,290,760,"7,276",0
,Rhode Island,199,143,15,36,0,0,0,0,5,0,0
,South Carolina,"2,662","2,375",24,159,0,0,0,39,65,0,0
,South Dakota/c,"2,103",907,178,721,~,58,0,~,21,218,0
,Tennessee,"3,572","2,053",719,686,0,0,0,0,114,0,0
,Texas/c,"35,523","27,321","5,149","1,216",~,508,~,0,"1,326",3,0
,Utah,"2,749",617,500,"1,464",0,0,0,108,45,15,0
,Vermont,..,..,..,..,..,..,..,..,..,..,..
,Virginia,591,419,124,40,0,0,0,0,3,2,3
,Washington,"5,485","3,749",853,805,0,0,0,0,78,0,0
,West Virginia,"1,825","1,384",13,232,0,0,140,0,56,0,0
,Wisconsin,124,..,..,..,..,..,~,..,124,..,~
,Wyoming,617,390,30,154,0,0,31,7,5,0,0
"Note: Based on reported data only. For imputed exits from parole, see appendix table 5. Counts may not be actual as reporting agencies may provide estimates on some or all detailed data.",,,,,,,,,,,,
..Not known.,,,,,,,,,,,,
~Not applicable.,,,,,,,,,,,,
"a/Includes persons discharged because they were released to special sentence. Also includes closure due to deportation, pending parole institutional hearing, other revocations, other unsuccessful discharges, and early terminations. ",,,,,,,,,,,,
"b/Includes 1,642 parolees who were transferred to another state and 12,238 parolees who exited for other reasons.",,,,,,,,,,,,
c/Some or all data are estimates.,,,,,,,,,,,,
"Source: Bureau of Justice Statistics, Annual Parole Survey, 2018.",,,,,,,,,,,,
