,,,,,,,,,,,,,,
"Bureau of Justice Statistics",,,,,,,,,,,,,,
"filename:  lem9917a.csv",,,,,,,,,,,,,,
"Table 17a. Types of in-field computers/terminals used patrol officers and primary method of",,,,,,,,,,,,,,
"transmitting field reports in local law enforcement agencies, 1999",,,,,,,,,,,,,,
"report title:  Law Enforcement Management and Administrative Statistics, 1999:",,,,,,,,,,,,,,
"                  Data for Individual State and Local Agencies with 100 or More Officers    NCJ 184481",,,,,,,,,,,,,,
"data source:  1999 LEMAS survey",,,,,,,,,,,,,,
"authors:  Brian A. Reaves and Timothy C. Hart",,,,,,,,,,,,,,
"refer questions to:  askbjs@ojp.usdoj.gov  (202) 307-0765",,,,,,,,,,,,,,
"date of version:  08/09/01",,,,,,,,,,,,,,
,,,,,,,,,,,,,,
" ",,,,,,,,,,,,,,
,,,,,,,,,,,,,,
,,,"Types of computers or terminals",,,,,,,"Number of in-field",,,"Primary field report",
,," ","used by patrol officers in the field",,,,," ",,"computers/terminals",,,"transmission method",
,," ",,"      Car-mounted",,,"       Hand-held",,," "," Per 100",," Criminal"," Traffic"
"County","Name of agency","Laptop",,"Computer","Terminal",,"Computer","Terminal",," Total"," officers",," incidents"," incidents"
,,,,,,,,,,,,,,
"ALABAMA",,,,,,,,,,,,,,
,,,,,,,,,,,,,,
"Etowah","Gadsden Police","-"," ","-","-"," ","-","-"," ",0,0," ","PR","PR"
"Houston","Dothan Police","-"," ","-","-"," ","-","-"," ",0,0," ","PR","PR"
"Jefferson","Jefferson County Sheriff","-"," ","-","-"," ","-","-"," ",0,0," ","PR","PR"
"Jefferson","Bessemer Police","X"," ","-","-"," ","-","-"," ",2,2," ","PR","PR"
"Jefferson","Birmingham Police","X"," ","-","-"," ","-","-"," ",16,2," ","PR","PR"
"Jefferson","Hoover Police","-"," ","-","-"," ","-","-"," ",0,0," ","PR","PR"
"Madison","Huntsville Police","-"," ","-","-"," ","-","-"," ",0,0," ","PR","PR"
"Mobile","Mobile County Sheriff","X"," ","-","-"," ","-","-"," ",15,10," ","PR","---"
"Mobile","Mobile Police","X"," ","-","-"," ","-","-"," ",158,32," ","PR","PR"
"Montgomery","Montgomery County Sheriff","X"," ","-","-"," ","-","-"," ",4,3," ","PR","---"
"Montgomery","Montgomery Police","X"," ","-","X"," ","-","X"," ",60,13," ","---","---"
"Morgan","Decatur Police","X"," ","-","-"," ","-","-"," ",7,6," ","PR","PR"
"Tuscaloosa","Tuscaloosa Police","X"," ","X","-"," ","-","-"," ",20,9," ","PR","PR"
" ",,," ",,," ",,," "," "," "," ",,
"ALASKA",,," ",,," ",,," "," "," "," ",,
,,," ",,," ",,," "," "," "," ",,
"Anchorage","Anchorage Police","X"," ","-","-"," ","-","-"," ",7,2," ","PR","PR"
,,," ",,," ",,," "," "," "," ",,
"ARIZONA",,," ",,," ",,," "," "," "," ",,
,,," ",,," ",,," "," "," "," ",,
"Maricopa","Maricopa County Sheriff","X"," ","-","-"," ","-","-"," ","          ---","          ---"," ","PR","PR"
"Maricopa","Chandler Police","-"," ","X","X"," ","-","-"," ",110,46," ","CM","PR"
"Maricopa","Glendale Police","X"," ","-","X"," ","-","X"," ",108,39," ","PR","PR"
"Maricopa","Mesa Police","X"," ","X","-"," ","-","-"," ",740,109," ","PR","PR"
"Maricopa","Phoenix Police","X"," ","-","X"," ","-","X"," ",815,32," ","TL","PR"
"Maricopa","Scottsdale Police","X"," ","-","-"," ","-","X"," ",32,11," ","PR","PR"
"Maricopa","Tempe Police","X"," ","-","-"," ","-","-"," ",270,83," ","DD","DD"
"Pima","Pima County Sheriff","-"," ","-","-"," ","-","-"," ",0,0," ","TL","PR"
"Pima","Tucson Police","-"," ","-","X"," ","-","-"," ",470,56," ","PR","PR"
"Pinal","Pinal County Sheriff","X"," ","-","-"," ","-","-"," ",25,18," ","PR","PR"
"Yuma","Yuma Police","X"," ","-","-"," ","-","-"," ",2,2," ","PR","PR"
" ",,," ",,," ",,," "," "," "," ",,
"ARKANSAS",,," ",,," ",,," "," "," "," ",,
,,," ",,," ",,," "," "," "," ",,
"Craighead","Jonesboro Police","-"," ","-","-"," ","-","-"," ",0,0," ","PR","PR"
"Jefferson","Pine Bluff Police","X"," ","X","-"," ","-","-"," ",35,24," ","PR","PR"
"Pulaski","Pulaski County Sheriff","-"," ","-","-"," ","-","-"," ",0,0," ","PR","PR"
"Pulaski","Little Rock Police","X"," ","X","X"," ","-","-"," ",143,26," ","PR","PR"
"Pulaski","North Little Rock Police","X"," ","X","X"," ","-","-"," ",80,41," ","PR","PR"
"Sebastian","Fort Smith Police","-"," ","-","-"," ","-","-"," ",0,0," ","PR","PR"
,,," ",,," ",,," "," "," "," ",,
"CALIFORNIA",,," ",,," ",,," "," "," "," ",,
,,," ",,," ",,," "," "," "," ",,
"Alameda","Alameda County Sheriff","-"," ","-","-"," ","-","-"," ",0,0," ","PR","PR"
"Alameda","Alameda Police","X"," ","-","X"," ","-","-"," ",31,29," ","PR","PR"
"Alameda","Berkeley Police","X"," ","X","-"," ","-","-"," ",38,19," ","PR","PR"
"Alameda","Fremont Police","X"," ","-","-"," ","-","-"," ",100,51," ","PR","PR"
"Alameda","Hayward Police","X"," ","-","X"," ","-","-"," ",150,85," ","PR","PR"
"Alameda","Oakland Police","X"," ","-","-"," ","-","-"," ",220,34," ","PR","PR"
"Contra Costa","Contra Costa County Sheriff","-"," ","X","X"," ","-","-"," ",147,19," ","PR","---"
"Contra Costa","Concord Police","X"," ","X","-"," ","-","-"," ",80,51," ","PR","PR"
"Contra Costa","Richmond Police","-"," ","-","X"," ","-","-"," ",25,13," ","PR","PR"
"El Dorado","El Dorado County Sheriff","X"," ","-","-"," ","-","-"," ",172,107," ","DD","---"
"Fresno","Fresno County Sheriff","-"," ","-","-"," ","-","X"," ",210,56," ","WT","---"
"Fresno","Fresno Police","X"," ","X","X"," ","X","-"," ",505,74," ","PR","PR"
"Kern ","Kern County Sheriff","X"," ","-","-"," ","-","-"," ",25,5," ","PR","PR"
"Kern","Bakersfield Police","-"," ","-","X"," ","-","-"," ",200,70," ","PR","PR"
"Los Angeles","Los Angeles County Sheriff","X"," ","-","X"," ","-","-"," ","          ---","          ---"," ","PR","PR"
"Los Angeles","Beverly Hills Police","X"," ","-","X"," ","-","-"," ",40,30," ","PR","PR"
"Los Angeles","Burbank Police","-"," ","X","-"," ","-","-"," ",35,22," ","---","---"
"Los Angeles","Compton Police","-"," ","-","-"," ","-","-"," ",0,0," ","PR","PR"
"Los Angeles","Culver City Police","-"," ","-","-"," ","-","-"," ",0,0," ","PR","PR"
"Los Angeles","Downey Police","-"," ","-","-"," ","-","-"," ",0,0," ","PR","PR"
"Los Angeles","El Monte Police","-"," ","-","-"," ","-","-"," ",0,0," ","PR","PR"
"Los Angeles","Glendale Police","X"," ","-","X"," ","-","-"," ",70,31," ","PR","PR"
"Los Angeles","Inglewood Police","-"," ","-","X"," ","-","-"," ",57,31," ","PR","PR"
"Los Angeles","Long Beach Police","X"," ","-","X"," ","-","X"," ",261,32," ","CM","PR"
"Los Angeles","Los Angeles Police","X"," ","X","X"," ","-","-"," ",3770,39," ","PR","PR"
"Los Angeles","Pasadena Police","-"," ","-","X"," ","-","X"," ",90,38," ","PR","PR"
"Los Angeles","Pomona Police","-"," ","-","X"," ","-","-"," ",227,134," ","PR","PR"
"Los Angeles","Santa Monica Police","-"," ","-","X"," ","-","-"," ",55,27," ","PR","PR"
"Los Angeles","Torrance Police","X"," ","X","-"," ","-","X"," ",93,41," ","PR","PR"
"Los Angeles","West Covina Police","-"," ","X","-"," ","-","-"," ",25,21," ","PR","PR"
"Los Angeles","Whittier Police","-"," ","-","X"," ","-","-"," ",63,48," ","PR","PR"
,," ",,,,,,,,,,,,
,," ",,,,,,,,,,,,
,," ",,,"       Law Enforcement Management and Administrative Statistics, 1999   193",,,,,,,,,
"Table 17a. - continued",," ",,,,,,,,,,,,
,," ",,,,,,,,,,,,
,," ",,,,,,,,,,,,
,,,"Types of computers or terminals",,,,,,,"Number of in-field",,,"Primary field report",
,," ","used by patrol officers in the field",,,,," ",,"computers/terminals",,,"transmission method",
,," ",,"      Car-mounted",,,"       Hand-held",,," "," Per 100",," Criminal"," Traffic"
"County","Name of agency","Laptop",,"Computer","Terminal",,"Computer","Terminal",," Total"," officers",," incidents"," incidents"
,," ",,,,,,,,,,,,
"CALIFORNIA (cont.)",," ",,,,,,,,,,,,
,," ",,,,,,,,,,,,
"Marin","Marin County Sheriff","X"," ","-","-"," ","-","-"," ",40,21," ","PR","PR"
"Monterey","Monterey County Sheriff","X"," ","X","-"," ","-","-"," ",61,19," ","PR","---"
"Monterey","Salinas Police","-"," ","X","-"," ","-","-"," ",35,25," ","PR","PR"
"Orange","Orange County Sheriff-Coroner","X"," ","-","-"," ","X","-"," ",151,11," ","PR","PR"
"Orange","Anaheim Police","X"," ","X","X"," ","-","-"," ",166,42," ","PR","PR"
"Orange","Brea Police","X"," ","-","X"," ","-","-"," ",42,41," ","TL","PR"
"Orange","Costa Mesa Police","-"," ","X","-"," ","-","X"," ",91,60," ","PR","PR"
"Orange","Fullerton Police","X"," ","-","-"," ","-","-"," ",10,7," ","PR","PR"
"Orange","Garden Grove Police","-"," ","-","X"," ","-","-"," ",48,31," ","PR","PR"
"Orange","Huntington Beach Police","X"," ","-","X"," ","-","-"," ",107,49," ","PR","PR"
"Orange","Irvine Police","X"," ","-","X"," ","-","-"," ",75,50," ","PR","PR"
"Orange","Newport Beach Police","-"," ","X","-"," ","X","-"," ",42,31," ","PR","PR"
"Orange","Orange Police","X"," ","-","-"," ","-","-"," ",70,48," ","PR","PR"
"Orange","Santa Ana Police","X"," ","-","X"," ","-","-"," ",250,65," ","PR","PR"
"Placer","Placer County Sheriff","X"," ","X","-"," ","-","-"," ",38,16," ","PR","PR"
"Riverside","Riverside County Sheriff","-"," ","-","X"," ","-","-"," ",450,36," ","PR","PR"
"Riverside","Corona Police","X"," ","X","-"," ","-","-"," ",38,30," ","PR","PR"
"Riverside","Riverside Police","-"," ","-","X"," ","-","X"," ","          ---","          ---"," ","PR","PR"
"Sacramento","Sacramento County Sheriff","X"," ","-","X"," ","-","-"," ",325,24," ","PR","PR"
"Sacramento","Sacramento Police","-"," ","-","X"," ","-","-"," ",195,30," ","PR","PR"
"San Bernardino","San Bernardino County Sheriff","-"," ","X","X"," ","-","-"," ",350,26," ","PR","PR"
"San Bernardino","Fontana Police","X"," ","X","-"," ","-","-"," ",120,103," ","CM","CM"
"San Bernardino","Ontario Police","X"," ","-","X"," ","-","-"," ",97,44," ","WT","PR"
"San Bernardino","Rialto Police","-"," ","-","X"," ","-","-"," ",35,32," ","PR","PR"
"San Bernardino","San Bernardino Police","X"," ","-","X"," ","-","-"," ",275,99," ","PR","PR"
"San Diego","San Diego County Sheriff","X"," ","X","-"," ","-","-"," ",900,45," ","PR","PR"
"San Diego","Chula Vista Police","-"," ","X","-"," ","-","-"," ",40,22," ","PR","PR"
"San Diego","El Cajon Police","X"," ","X","-"," ","-","-"," ",50,35," ","PR","PR"
"San Diego","Escondido Police","X"," ","-","-"," ","-","-"," ",150,98," ","PR","PR"
"San Diego","Oceanside Police","X"," ","-","X"," ","-","-"," ",74,45," ","PR","PR"
"San Diego","San Diego Police","X"," ","X","X"," ","X","-"," ",2280,112," ","WT","PR"
"San Francisco","San Francisco Police","X"," ","X","X"," ","X","X"," ",914,42," ","PR","PR"
"San Joaquin","San Joaquin County Sheriff","X"," ","-","-"," ","-","-"," ",12,4," ","TL","---"
"San Joaquin","Stockton Police","X"," ","X","-"," ","X","-"," ",195,54," ","PR","PR"
"San Luis Obispo","San Luis Obispo County Sheriff","X"," ","-","-"," ","-","-"," ",2,1," ","PR","---"
"San Mateo","San Mateo County Sheriff","X"," ","-","-"," ","-","-"," ",80,25," ","PR","PR"
"San Mateo","Daly City Police","-"," ","-","X"," ","-","-"," ",35,32," ","PR","PR"
"San Mateo","San Mateo Police","X"," ","-","-"," ","-","-"," ",75,68," ","PR","PR"
"Santa Barbara","Santa Barbara County Sheriff","X"," ","-","-"," ","-","-"," ",6,1," ","PR","PR"
"Santa Barbara","Santa Barbara Police","-"," ","X","-"," ","-","-"," ",40,28," ","PR","PR"
"Santa Clara","Santa Clara County Sheriff","X"," ","-","-"," ","-","-"," ",200,45," ","CM","CM"
"Santa Clara","San Jose Police","X"," ","X","-"," ","X","-"," ",1250,93," ","PR","PR"
"Santa Clara","Santa Clara Police","X"," ","X","-"," ","-","-"," ",45,31," ","PR","PR"
"Santa Clara ","Sunnyvale Police","X"," ","X","-"," ","-","-"," ",66,29," ","PR","PR"
"Santa Cruz","Santa Cruz County Sheriff","X"," ","-","-"," ","-","-"," ",50,34," ","PR","---"
"Shasta ","Shasta County Sheriff","X"," ","-","-"," ","-","-"," ",15,10," ","PR","PR"
"Solano","Fairfield Police","X"," ","X","X"," ","-","-"," ",150,146," ","PR","PR"
"Solano","Vallejo Police","X"," ","X","-"," ","-","-"," ",83,62," ","PR","PR"
"Sonoma","Sonoma County Sheriff-Coroner","X"," ","-","-"," ","-","-"," ","          ---","          ---"," ","PR","---"
"Sonoma","Santa Rosa Police","X"," ","-","-"," ","-","-"," ",152,92," ","PR","PR"
"Stanislaus","Stanislaus County Sheriff","-"," ","-","X"," ","-","X"," ",50,25," ","PR","PR"
"Stanislaus","Modesto Police","X"," ","-","X"," ","-","-"," ",49,20," ","PR","PR"
"Tulare","Tulare County Sheriff","X"," ","-","X"," ","-","-"," ",56,12," ","PR","---"
"Ventura","Ventura County Sheriff","X"," ","-","-"," ","-","-"," ","          ---","          ---"," ","PR","PR"
"Ventura","Oxnard Police","X"," ","-","-"," ","-","-"," ",20,10," ","TL","PR"
"Ventura","Simi Valley Police","X"," ","-","-"," ","-","-"," ",5,4," ","PR","PR"
"Ventura","Ventura Police","-"," ","X","-"," ","-","-"," ",24,20," ","PR","PR"
" ",,," ",,," ",,," "," "," "," ",,
"COLORADO",,," ",,," ",,," "," "," "," ",,
,,," ",,," ",,," "," "," "," ",,
"Adams","Adams County Sheriff","-"," ","X","-"," ","-","-"," ",40,15," ","PR","PR"
"Adams","Thornton Police","X"," ","-","X"," ","-","-"," ",74,66," ","PR","PR"
"Adams","Westminster Police","X"," ","-","X"," ","-","-"," ",146,103," ","PR","PR"
"Arapahoe","Arapahoe County Sheriff","X"," ","X","-"," ","-","-"," ",112,33," ","PR","PR"
"Arapahoe","Aurora Police","X"," ","-","X"," ","-","-"," ",183,36," ","PR","PR"
"Boulder","Boulder Police","X"," ","-","X"," ","-","-"," ",30,19," ","PR","PR"
"Denver","Denver Police","X"," ","X","-"," ","-","-"," ",754,52," ","PR","PR"
"Douglas ","Douglas County Sheriff","-"," ","-","-"," ","-","-"," ",0,0," ","PR","PR"
"El Paso","El Paso County Sheriff","X"," ","X","-"," ","X","-"," ",63,16," ","PR","---"
"El Paso","Colorado Springs Police","X"," ","-","X"," ","-","-"," ","          ---","          ---"," ","PR","PR"
,,,,,,,,,," "," ",,,
,,,,,,,,,," "," ",,,
,,,,,,,,,," "," ",,,
,,,,,,,,,," "," ",,,
,,,,,,,,,," "," ",,,
,,,,,,,,,," "," ",,,
"194   Law Enforcement Management and Administrative Statistics, 1999",,,,,,,,,," "," ",,,
"Table 17a. - continued",,,,,,,,,," "," ",,,
,,,,,,,,,," "," ",,,
,,,,,,,,,," "," ",,,
,,,"Types of computers or terminals",,,,,,,"Number of in-field",,,"Primary field report",
,," ","used by patrol officers in the field",,,,," ",,"computers/terminals",,,"transmission method",
,," ",,"      Car-mounted",,,"       Hand-held",,," "," Per 100",," Criminal"," Traffic"
"County","Name of agency","Laptop",,"Computer","Terminal",,"Computer","Terminal",," Total"," officers",," incidents"," incidents"
,,,,,,,,,," "," ",,,
"COLORADO (cont.)",,,,,,,,,," "," ",,,
,,,,,,,,,," "," ",,,
"Jefferson","Jefferson County Sheriff","-"," ","-","-"," ","-","-"," ",0,0," ","PR","PR"
"Jefferson","Arvada Police","X"," ","-","-"," ","-","-"," ",50,37," ","TL","PR"
"Jefferson","Lakewood Police","X"," ","-","-"," ","-","-"," ",118,51," ","DD","PR"
"Larimer","Fort Collins Police","X"," ","-","X"," ","-","-"," ",115,88," ","PR","PR"
"Pueblo","Pueblo Police","X"," ","-","X"," ","-","-"," ",120,65," ","PR","PR"
"Weld","Greeley Police","X"," ","X","-"," ","-","-"," ",70,65," ","CM","PR"
,,," ",,," ",,," "," "," "," ",,
"CONNECTICUT ",,," ",,," ",,," "," "," "," ",,
,,," ",,," ",,," "," "," "," ",,
"Fairfield","Bridgeport Police","X"," ","-","-"," ","-","-"," ",5,1," ","PR","PR"
"Fairfield","Danbury Police","-"," ","-","-"," ","-","-"," ",0,0," ","PR","PR"
"Fairfield","Fairfield Police","X"," ","-","X"," ","-","-"," ",16,16," ","PR","PR"
"Fairfield","Greenwich Police","-"," ","X","-"," ","-","-"," ",12,8," ","PR","PR"
"Fairfield","Norwalk Police","-"," ","X","-"," ","-","-"," ",20,11," ","PR","PR"
"Fairfield","Stamford Police","X"," ","-","X"," ","-","-"," ",33,11," ","PR","PR"
"Fairfield","Stratford Police","-"," ","-","X"," ","-","X"," ",20,20," ","PR","PR"
"Hartford","Bristol Police","-"," ","X","-"," ","-","-"," ",15,13," ","PR","PR"
"Hartford","East Hartford Police","-"," ","X","-"," ","-","-"," ",40,30," ","PR","PR"
"Hartford","Hartford Police","X"," ","X","-"," ","-","-"," ",120,26," ","PR","PR"
"Hartford","Manchester Police","X"," ","X","-"," ","-","-"," ",50,43," ","PR","PR"
"Hartford ","New Britain Police","X"," ","-","X"," ","-","-"," ",44,28," ","PR","PR"
"Hartford","West Hartford Police","X"," ","-","-"," ","-","-"," ",39,33," ","PR","PR"
"Middlesex","Middletown Police","X"," ","-","X"," ","-","-"," ",18,18," ","PR","PR"
"New Haven","Hamden Police","X"," ","-","-"," ","-","-"," ",4,4," ","PR","PR"
"New Haven","Meriden Police","-"," ","-","-"," ","-","-"," ",0,0," ","PR","PR"
"New Haven","Milford Police","-"," ","-","-"," ","-","-"," ",0,0," ","---","PR"
"New Haven","New Haven Police","X"," ","X","-"," ","-","-"," ",81,18," ","PR","PR"
"New Haven","Waterbury Police","X"," ","-","X"," ","-","-"," ",8,2," ","PR","PR"
" ",,," ",,," ",,," "," "," "," ",,
"DELAWARE",,," ",,," ",,," "," "," "," ",,
,,," ",,," ",,," "," "," "," ",,
"New Castle","New Castle County Police","X"," ","-","-"," ","-","-"," ","          ---","          ---"," ","---","---"
"New Castle","Wilmington Police","-"," ","-","X"," ","-","-"," ",15,6," ","PR","PR"
,,," ",,," ",,," "," "," "," ",,
"DISTRICT OF COLUMBIA",,," ",,," ",,," "," "," "," ",,
,,," ",,," ",,," "," "," "," ",,
"Washington, DC","Washington Metropolitan Police","-"," ","X","-"," ","-","-"," ",250,7," ","PR","PR"
,,," ",,," ",,," "," "," "," ",,
"FLORIDA",,," ",,," ",,," "," "," "," ",,
,,," ",,," ",,," "," "," "," ",,
"Alachua","Alachua County Sheriff","X"," ","-","-"," ","-","-"," ",2,1," ","PR","PR"
"Alachua","Gainesville Police","-"," ","-","X"," ","-","-"," ",5,2," ","PR","PR"
"Brevard","Brevard County Sheriff","X"," ","X","-"," ","-","-"," ",625,118," ","DD","PR"
"Brevard","Melbourne Police","-"," ","-","-"," ","-","-"," ",0,0," ","PR","PR"
"Brevard","Palm Bay Police","-"," ","-","-"," ","-","-"," ",0,0," ","PR","PR"
"Broward","Broward County Sheriff","X"," ","X","X"," ","-","-"," ",1313,54," ","CM","CM"
"Broward","Coral Springs Police","X"," ","-","-"," ","-","-"," ",180,103," ","PR","PR"
"Broward","Davie Police","X"," ","-","-"," ","-","-"," ",158,114," ","WT","PR"
"Broward","Fort Lauderdale Police","X"," ","-","X"," ","-","-"," ",300,60," ","PR","PR"
"Broward","Hollywood Police","-"," ","-","X"," ","-","-"," ",55,17," ","TL","PR"
"Broward","Miramar Police","-"," ","X","-"," ","-","-"," ",27,21," ","PR","PR"
"Broward","Pembroke Pines Police","X"," ","-","-"," ","-","-"," ",44,22," ","WT","PR"
"Broward","Plantation Police","-"," ","-","-"," ","-","-"," ",0,0," ","PR","PR"
"Broward","Pompano Beach Police","-"," ","-","-"," ","-","-"," ",0,0," ","PR","PR"
"Broward","Sunrise Police","X"," ","-","-"," ","-","-"," ",130,84," ","DD","PR"
"Charlotte","Charlotte County Sheriff","-"," ","-","-"," ","-","-"," ",0,0," ","PR","PR"
"Citrus","Citrus County Sheriff","X"," ","-","X"," ","-","-"," ",115,77," ","TL","PR"
"Clay","Clay County Sheriff","-"," ","-","-"," ","-","-"," ",0,0," ","PR","PR"
"Collier","Collier County Sheriff","X"," ","X","-"," ","-","-"," ",760,117," ","PR","PR"
"Dade","Miami-Dade Police","X"," ","-","-"," ","-","-"," ",28,1," ","PR","PR"
"Dade","Coral Gables Police","X"," ","-","-"," ","-","-"," ",30,19," ","PR","PR"
"Dade","Hialeah Police","X"," ","-","-"," ","-","-"," ",400,118," ","DD","PR"
"Dade","Miami Police","X"," ","-","-"," ","X","-"," ",370,33," ","PR","PR"
"Dade","Miami Beach Police","X"," ","-","-"," ","-","-"," ",3,1," ","PR","PR"
"Dade","North Miami Police","-"," ","-","-"," ","-","-"," ",0,0," ","PR","PR"
"Dade","North Miami Beach Police","X"," ","-","X"," ","-","-"," ",120,114," ","WT","PR"
"Duval ","Jacksonville Sheriff","X"," ","-","X"," ","-","-"," ",1200,80," ","WT","PR"
"Escambia","Escambia County Sheriff","X"," ","X","-"," ","-","-"," ",425,112," ","WT","---"
"Escambia","Pensacola Police","-"," ","-","-"," ","-","-"," ",0,0," ","PR","PR"
"Hernando","Hernando County Sheriff","X"," ","-","-"," ","-","-"," ",47,27," ","TL","PR"
"Highlands","Highlands County Sheriff","-"," ","-","-"," ","-","-"," ",0,0," ","PR","---"
"Hillsborough","Hillsborough County Sheriff","X"," ","-","X"," ","-","-"," ",987,52," ","PR","PR"
"Hillsborough","Tampa Police","X"," ","-","X"," ","-","-"," ",718,77," ","PR","PR"
,,,,,,,,,," "," ",,,
,,,,,,,,,," "," ",,,
,,,,,,,,,," "," ",,,
,,,,,"       Law Enforcement Management and Administrative Statistics, 1999   195",,,,,,,,,
"Table 17a. - continued",,,,,,,,,," "," ",,,
,,,,,,,,,," "," ",,,
,,,,,,,,,," "," ",,,
,,,"Types of computers or terminals",,,,,,,"Number of in-field",,,"Primary field report",
,," ","used by patrol officers in the field",,,,," ",,"computers/terminals",,,"transmission method",
,," ",,"      Car-mounted",,,"       Hand-held",,," "," Per 100",," Criminal"," Traffic"
"County","Name of agency","Laptop",,"Computer","Terminal",,"Computer","Terminal",," Total"," officers",," incidents"," incidents"
,,,,,,,,,," "," ",,,
"FLORIDA (cont.)",,,,,,,,,," "," ",,,
,,,,,,,,,," "," ",,,
"Indian River","Indian River County Sheriff","X"," ","-","X"," ","-","-"," ",30,11," ","TL","TL"
"Lake","Lake County Sheriff","-"," ","-","-"," ","-","-"," ",0,0," ","TL","PR"
"Lee","Lee County Sheriff","X"," ","-","-"," ","-","-"," ",410,70," ","PR","PR"
"Lee","Cape Coral Police","-"," ","-","-"," ","-","-"," ",0,0," ","PR","PR"
"Lee","Fort Myers Police","-"," ","-","X"," ","-","-"," ",50,33," ","PR","PR"
"Leon","Leon County Sheriff","-"," ","-","-"," ","-","-"," ",0,0," ","PR","PR"
"Leon","Tallahassee Police","-"," ","X","-"," ","-","-"," ",150,47," ","PR","PR"
"Manatee","Manatee County Sheriff","X"," ","-","X"," ","-","-"," ",336,94," ","PR","PR"
"Marion","Marion County Sheriff","-"," ","-","-"," ","-","-"," ",0,0," ","TL","---"
"Marion","Ocala Police","-"," ","-","-"," ","-","-"," ",0,0," ","PR","PR"
"Martin","Martin County Sheriff","X"," ","X","-"," ","-","-"," ",55,15," ","PR","PR"
"Monroe","Monroe County Sheriff","X"," ","X","X"," ","-","X"," ",46,14," ","PR","PR"
"Okaloosa","Okaloosa County Sheriff","-"," ","-","-"," ","-","-"," ",0,0," ","PR","PR"
"Orange","Orange County Sheriff","X"," ","-","X"," ","-","-"," ",468,40," ","PR","---"
"Orange","Orlando Police","-"," ","X","-"," ","-","-"," ",4,1," ","TL","PR"
"Osceola","Osceola County Sheriff","X"," ","-","-"," ","-","-"," ",4,2," ","PR","---"
"Palm Beach","Palm Beach County Sheriff","X"," ","-","X"," ","X","-"," ",330,33," ","TL","PR"
"Palm Beach","Boca Raton Police","X"," ","-","-"," ","-","-"," ",150,102," ","CM","PR"
"Palm Beach","Boynton Beach Police","X"," ","-","-"," ","-","-"," ",135,102," ","CM","PR"
"Palm Beach","Delray Beach Police","X"," ","-","-"," ","-","-"," ",190,124," ","PR","PR"
"Palm Beach","West Palm Beach Police","X"," ","-","X"," ","-","-"," ",106,43," ","PR","PR"
"Pasco","Pasco County Sheriff","-"," ","-","-"," ","-","-"," ",0,0," ","CM","CM"
"Pinellas","Pinellas County Sheriff","-"," ","-","X"," ","-","-"," ",600,73," ","TL","PR"
"Pinellas","Clearwater Police","X"," ","-","-"," ","-","-"," ",225,89," ","CM","CM"
"Pinellas","Largo Police","-"," ","-","-"," ","-","-"," ",15,12," ","TL","PR"
"Pinellas","St. Petersburg Police","X"," ","X","-"," ","-","-"," ",250,48," ","PR","PR"
"Polk","Polk County Sheriff","X"," ","-","-"," ","-","-"," ",500,102," ","PR","PR"
"Polk","Lakeland Police","X"," ","X","-"," ","-","-"," ",404,173," ","DD","PR"
"Putnam","Putnam County Sheriff","X"," ","-","-"," ","-","-"," ",3,2," ","PR","PR"
"St. John","St. John County Sheriff","X"," ","-","X"," ","-","-"," ",30,16," ","PR","PR"
"St. Lucie","St. Lucie County Sheriff","X"," ","-","-"," ","-","-"," ",100,28," ","PR","PR"
"St. Lucie","Port St. Lucie Police","X"," ","-","-"," ","-","-"," ",40,30," ","PR","PR"
"Santa Rosa","Santa Rosa County Sheriff","-"," ","X","-"," ","-","-"," ",130,66," ","TL","---"
"Sarasota","Sarasota County Sheriff","X"," ","X","-"," ","-","-"," ",330,85," ","PR","PR"
"Sarasota","Sarasota Police","X"," ","-","-"," ","-","-"," ",17,9," ","PR","PR"
"Seminole","Seminole County Sheriff","X"," ","X","-"," ","-","-"," ",250,88," ","WT","PR"
"Volusia","Volusia County Sheriff","X"," ","X","-"," ","-","-"," ",190,50," ","PR","PR"
"Volusia","Daytona Beach Police","-"," ","-","-"," ","-","-"," ",0,0," ","PR","PR"
,,," ",,," ",,," "," "," "," ",,
"GEORGIA",,," ",,," ",,," "," "," "," ",,
,,," ",,," ",,," "," "," "," ",,
"Bibb","Bibb County Sheriff","-"," ","-","X"," ","-","-"," ",6,2," ","PR","PR"
"Bibb","Macon Police","-"," ","-","X"," ","-","X"," ",124,43," ","PR","PR"
"Chatham","Chatham County Police","-"," ","-","-"," ","-","-"," ",0,0," ","PR","PR"
"Chatham","Savannah Police","X"," ","-","-"," ","-","-"," ",4,1," ","PR","PR"
"Cherokee","Cherokee County Sheriff","-"," ","X","-"," ","-","X"," ",16,8," ","CM","CM"
"Clarke","Athens-Clarke County Police","-"," ","-","-"," ","-","-"," ",0,0," ","PR","PR"
"Cobb","Cobb County Police","-"," ","-","X"," ","-","-"," ",150,33," ","PR","PR"
"Cobb","Marietta Police","X"," ","X","X"," ","-","X"," ",129,96," ","CM","PR"
"Columbia","Columbia County Sheriff","-"," ","-","-"," ","-","-"," ",0,0," ","PR","PR"
"De Kalb","De Kalb County Police","X"," ","-","X"," ","-","-"," ",410,51," ","PR","PR"
"Dougherty","Albany Police","X"," ","X","-"," ","-","-"," ",17,8," ","PR","PR"
"Douglas","Douglas County Sheriff","-"," ","-","-"," ","-","-"," ",0,0," ","PR","PR"
"Forsyth","Forsyth County Sheriff","-"," ","-","-"," ","-","-"," ",0,0," ","PR","PR"
"Fulton","Fulton County Police","X"," ","-","X"," ","-","-"," ",214,79," ","DD","PR"
"Fulton","Atlanta Police","X"," ","-","-"," ","X","-"," ",212,14," ","PR","WT"
"Fulton","East Point Police","X"," ","-","X"," ","-","-"," ",48,39," ","CM","PR"
"Fulton","Roswell Police","-"," ","-","-"," ","-","-"," ",0,0," ","PR","PR"
"Glynn","Glynn County Police","-"," ","-","-"," ","-","-"," ",0,0," ","CM","PR"
"Gwinnett","Gwinnett County Police","X"," ","X","-"," ","-","-"," ",510,121," ","PR","PR"
"Hall","Hall County Sheriff","-"," ","-","-"," ","-","-"," ",0,0," ","PR","PR"
"Muscogee","Columbus Police","X"," ","-","-"," ","-","-"," ",60,16," ","PR","PR"
"Richmond","Augusta-Richmond Co. Sheriff","-"," ","-","-"," ","-","-"," ",0,0," ","PR","PR"
,,," ",,," ",,," "," "," "," ",,
"HAWAII",,," ",,," ",,," "," "," "," ",,
,,," ",,," ",,," "," "," "," ",,
"Hawaii","Hawaii County Police","X"," ","-","-"," ","-","-"," ",25,7," ","PR","PR"
"Honolulu","Honolulu Police","-"," ","-","-"," ","-","-"," ",0,0," ","PR","PR"
"Kauai","Kauai County Police","X"," ","-","-"," ","-","-"," ",14,11," ","PR","PR"
"Maui","Maui County Police","-"," ","-","-"," ","-","-"," ",0,0," ","PR","PR"
,,,,,,,,,," "," ",,,
,,,,,,,,,," "," ",,,
,,,,,,,,,," "," ",,,
,,,,,,,,,," "," ",,,
,,,,,,,,,," "," ",,,
,,,,,,,,,," "," ",,,
"196   Law Enforcement Management and Administrative Statistics, 1999",,,,,,,,,," "," ",,,
"Table 17a. - continued",,,,,,,,,," "," ",,,
,,,,,,,,,," "," ",,,
,,,,,,,,,," "," ",,,
,,,"Types of computers or terminals",,,,,,,"Number of in-field",,,"Primary field report",
,," ","used by patrol officers in the field",,,,," ",,"computers/terminals",,,"transmission method",
,," ",,"      Car-mounted",,,"       Hand-held",,," "," Per 100",," Criminal"," Traffic"
"County","Name of agency","Laptop",,"Computer","Terminal",,"Computer","Terminal",," Total"," officers",," incidents"," incidents"
,,,,,,,,,," "," ",,,
"IDAHO",,,,,,,,,," "," ",,,
,,,,,,,,,," "," ",,,
"Ada","Boise Police","X"," ","-","-"," ","-","-"," ",80,34," ","PR","PR"
"Canyon","Canyon County Sheriff","X"," ","-","-"," ","-","-"," ",9,7," ","PR","PR"
,,," ",,," ",,," "," "," "," ",,
"ILLINOIS",,," ",,," ",,," "," "," "," ",,
,,," ",,," ",,," "," "," "," ",,
"Champaign","Champaign Police","-"," ","-","X"," ","-","-"," ",55,47," ","PR","PR"
"Cook","Cook County Sheriff","X"," ","-","X"," ","-","-"," ","          ---","          ---"," ","TL","TL"
"Cook","Arlington Heights Police","X"," ","-","X"," ","-","-"," ",23,22," ","PR","PR"
"Cook","Chicago Police","X"," ","-","X"," ","-","-"," ",1655,12," ","PR","PR"
"Cook","Cicero Police","-"," ","-","X"," ","-","-"," ",33,29," ","PR","PR"
"Cook","Evanston Police","X"," ","-","X"," ","-","-"," ",20,12," ","PR","PR"
"Cook","Oak Lawn Police","X"," ","-","X"," ","-","-"," ",34,33," ","PR","PR"
"Cook","Oak Park Police","X"," ","-","X"," ","-","-"," ","          ---","          ---"," ","PR","PR"
"Cook","Schaumburg Police","X"," ","X","X"," ","-","-"," ",43,32," ","PR","PR"
"Cook","Skokie Police","X"," ","-","X"," ","-","-"," ",15,14," ","PR","PR"
"Du Page","Du Page County Sheriff","X"," ","X","-"," ","-","-"," ",200,47," ","PR","PR"
"Du Page ","Naperville Police","X"," ","X","-"," ","X","-"," ",111,69," ","PR","PR"
"Kane","Aurora Police","X"," ","-","X"," ","-","X"," ",68,26," ","PR","PR"
"Kane","Elgin Police","X"," ","-","-"," ","-","-"," ",48,29," ","PR","PR"
"Lake ","Lake County Sheriff","X"," ","X","X"," ","-","-"," ",99,45," ","PR","PR"
"Lake","Waukegan Police","X"," ","-","X"," ","-","X"," ",49,33," ","PR","PR"
"Macon","Decatur Police","X"," ","X","-"," ","-","-"," ",152,94," ","---","---"
"Peoria","Peoria Police","X"," ","-","X"," ","-","-"," ",80,34," ","PR","PR"
"St. Clair","St. Clair County Sheriff","X"," ","-","X"," ","-","-"," ",6,4," ","PR","PR"
"Sangamon","Springfield Police","X"," ","-","X"," ","-","-"," ",187,72," ","PR","PR"
"Will","Will County Sheriff","-"," ","-","X"," ","-","-"," ",12,5," ","PR","PR"
"Will","Joliet Police","-"," ","-","X"," ","-","-"," ",94,39," ","PR","PR"
"Winnebago","Winnebago County Sheriff","X"," ","-","X"," ","-","-"," ",56,49," ","PR","PR"
"Winnebago","Rockford Police","X"," ","-","X"," ","-","-"," ",135,47," ","PR","PR"
,,," ",,," ",,," "," "," "," ",,
"INDIANA",,," ",,," ",,," "," "," "," ",,
,,," ",,," ",,," "," "," "," ",,
"Allen ","Allen County Sheriff","-"," ","-","-"," ","-","-"," ",0,0," ","PR","PR"
"Allen","Fort Wayne Police","X"," ","-","X"," ","-","-"," ",230,66," ","---","PR"
"Delaware","Muncie Police","-"," ","-","X"," ","-","-"," ",20,16," ","PR","PR"
"Elkhart","Elkhart Police","-"," ","-","X"," ","-","-"," ",65,60," ","PR","PR"
"Howard","Kokomo Police","-"," ","-","X"," ","-","-"," ",20,20," ","PR","PR"
"Lake","Lake County Sheriff","-"," ","-","-"," ","-","-"," ",0,0," ","DD","DD"
"Lake","East Chicago Police","-"," ","-","-"," ","-","-"," ",0,0," ","PR","PR"
"Lake","Gary Police","X"," ","X","-"," ","-","-"," ",6,2," ","PR","PR"
"Lake","Hammond Police","-"," ","X","X"," ","-","-"," ",13,6," ","PR","PR"
"Madison","Anderson Police","-"," ","-","-"," ","-","-"," ",0,0," ","---","---"
"Marion","Marion County Sheriff","-"," ","X","X"," ","-","-"," ",275,67," ","TL","PR"
"Marion","Indianapolis Police","X"," ","X","X"," ","-","-"," ",630,61," ","TL","PR"
"St. Joseph","South Bend Police","X"," ","X","-"," ","-","-"," ",350,138," ","WT","WT"
"Vanderburgh","Vanderburgh County Sheriff","-"," ","-","X"," ","-","-"," ",25,24," ","PR","PR"
"Vanderburgh","Evansville Police","-"," ","-","X"," ","-","-"," ",20,7," ","PR","PR"
"Vigo","Terre Haute Police","-"," ","-","-"," ","-","-"," ",0,0," ","---","---"
" ",,," ",,," ",,," "," "," "," ",,
"IOWA",,," ",,," ",,," "," "," "," ",,
,,," ",,," ",,," "," "," "," ",,
"Black Hawk","Waterloo Police","X"," ","X","-"," ","-","-"," ",33,26," ","PR","PR"
"Linn","Cedar Rapids Police","-"," ","X","-"," ","-","-"," ",35,18," ","PR","PR"
"Polk","Des Moines Police","X"," ","X","-"," ","-","-"," ",29,8," ","PR","PR"
"Pottawattamie","Council Bluffs Police","-"," ","-","X"," ","-","-"," ",10,9," ","PR","PR"
"Scott","Davenport Police","-"," ","-","X"," ","-","X"," ",43,27," ","CM","CM"
"Woodbury","Sioux City Police","X"," ","-","-"," ","-","-"," ",3,2," ","PR","PR"
" ",,," ",,," ",,," "," "," "," ",,
"KANSAS",,," ",,," ",,," "," "," "," ",,
,,," ",,," ",,," "," "," "," ",,
"Douglas","Lawrence Police","X"," ","-","-"," ","-","-"," ",1,1," ","PR","PR"
"Johnson","Johnson County Sheriff","X"," ","X","-"," ","-","-"," ",60,15," ","PR","PR"
"Johnson","Olathe Police","X"," ","-","-"," ","-","-"," ",15,10," ","PR","PR"
"Johnson","Overland Park Police","-"," ","-","-"," ","-","-"," ",0,0," ","TL","PR"
"Sedgwick","Sedgwick County Sheriff","-"," ","-","X"," ","-","-"," ",85,51," ","PR","PR"
"Sedgwick","Wichita Police","-"," ","X","-"," ","X","-"," ",92,15," ","PR","PR"
"Shawnee","Topeka Police","X"," ","-","-"," ","-","-"," ",18,6," ","PR","PR"
"Wyandotte","Kansas City Police","X"," ","-","-"," ","-","-"," ",25,7," ","PR","PR"
,,,,,,,,,," "," ",,,
,,,,,,,,,," "," ",,,
,,,,,,,,,," "," ",,,
,,,,,,,,,," "," ",,,
,,,,,,,,,," "," ",,,
,,,,,,,,,," "," ",,,
,,,,,,,,,," "," ",,,
,,,,,,,,,," "," ",,,
,,,,,"       Law Enforcement Management and Administrative Statistics, 1999   197",,,,,,,,,
"Table 17a. - continued",,,,,,,,,," "," ",,,
,,,,,,,,,," "," ",,,
,,,,,,,,,," "," ",,,
,,,"Types of computers or terminals",,,,,,,"Number of in-field",,,"Primary field report",
,," ","used by patrol officers in the field",,,,," ",,"computers/terminals",,,"transmission method",
,," ",,"      Car-mounted",,,"       Hand-held",,," "," Per 100",," Criminal"," Traffic"
"County","Name of agency","Laptop",,"Computer","Terminal",,"Computer","Terminal",," Total"," officers",," incidents"," incidents"
,,,,,,,,,," "," ",,,
"KENTUCKY",,,,,,,,,," "," ",,,
,,,,,,,,,," "," ",,,
"Fayette","Lexington-Fayette County Police","-"," ","-","-"," ","-","-"," ",0,0," ","PR","PR"
"Jefferson","Jefferson County Police","-"," ","-","-"," ","-","-"," ",0,0," ","PR","PR"
"Jefferson","Louisville Police","-"," ","-","-"," ","-","-"," ",0,0," ","PR","PR"
"Kenton","Covington Police","-"," ","-","-"," ","-","-"," ",0,0," ","PR","PR"
" ",,," ",,," ",,," "," "," "," ",,
"LOUISIANA",,," ",,," ",,," "," "," "," ",,
,,," ",,," ",,," "," "," "," ",,
"Ascension","Ascension Parish Sheriff","-"," ","-","-"," ","-","-"," ",0,0," ","PR","PR"
"Bossier","Bossier Police","X"," ","-","X"," ","-","-"," ",75,56," ","PR","PR"
"Caddo","Caddo Parish Sheriff","-"," ","-","-"," ","-","-"," ",0,0," ","PR","PR"
"Caddo","Shreveport Police","X"," ","X","-"," ","-","-"," ",105,21," ","PR","PR"
"Calcasieu","Calcasieu Parish Sheriff","-"," ","-","-"," ","-","-"," ",0,0," ","PR","PR"
"Calcasieu","Lake Charles Police","-"," ","-","-"," ","-","-"," ",0,0," ","PR","PR"
"E. Baton Rouge","E. Baton Rouge Parish Sheriff","X"," ","X","X"," ","-","-"," ",196,25," ","PR","PR"
"E. Baton Rouge","Baton Rouge Police","X"," ","X","-"," ","-","-"," ",375,53," ","WT","PR"
"Jefferson","Jefferson Parish Sheriff","X"," ","X","X"," ","X","-"," ",1204,83," ","PR","PR"
"Jefferson","Kenner Police","X"," ","X","-"," ","-","-"," ",150,106," ","PR","PR"
"Lafayette","Lafayette Parish Sheriff","-"," ","-","X"," ","-","-"," ",60,12," ","TL","PR"
"Lafayette","Lafayette Police","X"," ","-","X"," ","-","-"," ",247,110," ","TL","PR"
"Lafourche","Lafourche Parish Sheriff","-"," ","-","-"," ","-","-"," ",0,0," ","PR","PR"
"Orleans","New Orleans Police","X"," ","-","X"," ","-","-"," ",400,25," ","PR","PR"
"Ouachita","Ouachita Parish Sheriff","-"," ","-","-"," ","-","-"," ",0,0," ","PR","PR"
"Ouachita","Monroe Police","X"," ","-","X"," ","-","-"," ",45,26," ","PR","PR"
"Plaquemines","Plaquemines Parish Sheriff","-"," ","-","-"," ","-","-"," ",0,0," ","PR","PR"
"Rapides","Rapides Parish Sheriff","-"," ","-","-"," ","-","-"," ",0,0," ","PR","PR"
"Rapides","Alexandria Police","X"," ","-","-"," ","-","-"," ",25,16," ","PR","PR"
"St. Charles","St. Charles Parish Sheriff","X"," ","-","-"," ","-","-"," ",30,16," ","PR","PR"
"St. John the Baptist","St. John the Baptist Sheriff","X"," ","-","-"," ","-","-"," ",6,3," ","PR","PR"
"St. Landry","St. Landry Parish Sheriff","-"," ","-","-"," ","-","-"," ",0,0," ","PR","PR"
"St. Martin","St. Martin Parish Sheriff","X"," ","-","-"," ","-","-"," ",10,5," ","PR","PR"
"St. Tammany","St. Tammany Parish Sheriff","X"," ","X","-"," ","-","-"," ",250,55," ","PR","PR"
"Tangipahoa","Tangipahoa Parish Sheriff","-"," ","-","-"," ","-","-"," ",0,0," ","PR","PR"
"Terrebonne","Terrebonne Parish Sheriff","-"," ","-","-"," ","-","-"," ",0,0," ","PR","PR"
,,," ",,," ",,," "," "," "," ",,
"MAINE",,," ",,," ",,," "," "," "," ",,
,,," ",,," ",,," "," "," "," ",,
"Cumberland","Portland Police","-"," ","-","-"," ","-","-"," ",0,0," ","PR","PR"
" ",,," ",,," ",,," "," "," "," ",,
"MARYLAND",,," ",,," ",,," "," "," "," ",,
,,," ",,," ",,," "," "," "," ",,
"Anne Arundel","Anne Arundel County Police","X"," ","-","-"," ","-","-"," ",55,8," ","PR","PR"
"Anne Arundel","Annapolis Police","-"," ","-","-"," ","-","-"," ",0,0," ","PR","PR"
"Baltimore","Baltimore County Police","-"," ","-","X"," ","-","-"," ",250,15," ","PR","PR"
"Baltimore(city)","Baltimore Police","X"," ","-","X"," ","-","-"," ",337,11," ","PR","PR"
"Charles","Charles County Sheriff","-"," ","-","-"," ","-","-"," ",0,0," ","PR","PR"
"Harford","Harford County Sheriff","-"," ","-","-"," ","-","-"," ",0,0," ","PR","PR"
"Howard","Howard County Police","-"," ","X","-"," ","-","-"," ",1,0," ","PR","PR"
"Montgomery","Montgomery County Police","X"," ","X","X"," ","-","-"," ",74,7," ","PR","PR"
"Prince George's ","Prince George's County Police","-"," ","-","-"," ","-","-"," ",0,0," ","PR","PR"
"Worcester","Ocean City Police","-"," ","X","-"," ","-","-"," ",40,37," ","PR","PR"
,,," ",,," ",,," "," "," "," ",,
"MASSACHUSETTS",,," ",,," ",,," "," "," "," ",,
,,," ",,," ",,," "," "," "," ",,
"Bristol","Fall River Police","X"," ","-","-"," ","-","-"," ",25,10," ","PR","PR"
"Bristol","New Bedford Police","-"," ","-","X"," ","-","-"," ",8,3," ","CM","PR"
"Bristol","Taunton Police","-"," ","-","-"," ","-","-"," ",0,0," ","PR","PR"
"Essex","Lawrence Police","-"," ","-","-"," ","-","-"," ",0,0," ","PR","PR"
"Essex","Lynn Police","X"," ","X","X"," ","-","-"," ",96,51," ","PR","PR"
"Hampden","Chicopee Police","X"," ","X","-"," ","X","-"," ",24,19," ","DD","DD"
"Hampden","Holyoke Police","X"," ","-","X"," ","-","-"," ",10,8," ","CM","PR"
"Hampden","Springfield Police","X"," ","X","-"," ","-","-"," ",42,7," ","CM","CM"
"Middlesex","Cambridge Police","X"," ","-","-"," ","-","-"," ",30,11," ","PR","PR"
"Middlesex","Framingham Police","X"," ","-","X"," ","-","-"," ",55,49," ","PR","PR"
"Middlesex","Lowell Police","X"," ","X","-"," ","-","-"," ",28,11," ","PR","PR"
"Middlesex","Malden Police","X"," ","X","X"," ","-","-"," ",21,20," ","PR","PR"
"Middlesex","Newton Police","X"," ","-","X"," ","-","-"," ",27,16," ","PR","PR"
"Middlesex","Somerville Police","X"," ","-","X"," ","-","-"," ",12,8," ","CM","PR"
"Middlesex","Waltham Police","X"," ","X","-"," ","-","-"," ",27,19," ","CM","CM"
"Norfolk","Brookline Police","X"," ","-","-"," ","-","-"," ",38,28," ","PR","PR"
"Norfolk","Quincy Police","X"," ","-","X"," ","-","-"," ",8,4," ","PR","PR"
"Plymouth","Brockton Police","X"," ","-","-"," ","-","-"," ",3,2," ","PR","PR"
"Suffolk","Boston Police","X"," ","X","X"," ","X","X"," ",387,17," ","CM","CM"
"Suffolk","Revere Police","-"," ","-","-"," ","-","-"," ",0,0," ","DD","PR"
"Worcester ","Worcester Police","X"," ","-","-"," ","-","-"," ",50,11," ","---","---"
,,,,,,,,,," "," ",,,
,,,,,,,,,," "," ",,,
"198   Law Enforcement Management and Administrative Statistics, 1999",,,,,,,,,," "," ",,,
"Table 17a. - continued",,,,,,,,,," "," ",,,
,,,,,,,,,," "," ",,,
,,,,,,,,,," "," ",,,
,,,"Types of computers or terminals",,,,,,,"Number of in-field",,,"Primary field report",
,," ","used by patrol officers in the field",,,,," ",,"computers/terminals",,,"transmission method",
,," ",,"      Car-mounted",,,"       Hand-held",,," "," Per 100",," Criminal"," Traffic"
"County","Name of agency","Laptop",,"Computer","Terminal",,"Computer","Terminal",," Total"," officers",," incidents"," incidents"
,,,,,,,,,," "," ",,,
"MICHIGAN",,,,,,,,,," "," ",,,
,,,,,,,,,," "," ",,,
"Calhoun","Battle Creek Police","-"," ","-","X"," ","-","-"," ",5,4," ","PR","PR"
"Genesee","Genesee County Sheriff","X"," ","X","-"," ","-","-"," ",44,42," ","PR","PR"
"Genesee","Flint Police","-"," ","-","-"," ","-","-"," ",0,0," ","PR","PR"
"Ingham","Lansing Police","X"," ","-","-"," ","-","-"," ",30,11," ","PR","PR"
"Kalamazoo","Kalamazoo Police","X"," ","-","X"," ","-","X"," ",66,27," ","PR","PR"
"Kent","Kent County Sheriff","X"," ","-","X"," ","-","-"," ",48,25," ","TL","PR"
"Kent","Grand Rapids Police","-"," ","-","X"," ","-","-"," ",86,24," ","PR","PR"
"Kent","Wyoming Police","-"," ","-","-"," ","-","-"," ",0,0," ","PR","PR"
"Macomb","Macomb County Sheriff","-"," ","X","-"," ","-","-"," ",35,18," ","PR","PR"
"Macomb","Sterling Heights Police","-"," ","-","X"," ","-","-"," ",51,35," ","CM","CM"
"Macomb","Warren Police","-"," ","-","X"," ","-","-"," ",50,20," ","CM","PR"
"Oakland ","Oakland County Sheriff","-"," ","-","X"," ","-","-"," ",101,15," ","PR","PR"
"Oakland ","Farmington Hills Police ","-"," ","-","X"," ","-","-"," ",27,23," ","PR","PR"
"Oakland","Pontiac Police","-"," ","-","-"," ","-","-"," ",0,0," ","PR","PR"
"Oakland","Southfield Police","-"," ","-","X"," ","-","-"," ",50,31," ","CM","PR"
"Oakland","Troy Police","X"," ","-","X"," ","-","-"," ",58,42," ","PR","PR"
"Saginaw","Saginaw Police","-"," ","-","-"," ","-","-"," ",0,0," ","PR","PR"
"Washtenaw","Washtenaw County Sheriff","X"," ","-","-"," ","-","-"," ",15,8," ","PR","PR"
"Washtenaw","Ann Arbor Police","X"," ","-","-"," ","-","-"," ",5,3," ","DD","PR"
"Wayne","Wayne County Sheriff","-"," ","-","-"," ","-","-"," ",0,0," ","PR","PR"
"Wayne","Dearborn Police","-"," ","-","X"," ","-","X"," ",71,36," ","PR","PR"
"Wayne","Detroit Police","-"," ","-","X"," ","-","-"," ",750,19," ","TL","PR"
"Wayne","Livonia Police","-"," ","-","X"," ","-","-"," ",40,25," ","PR","PR"
"Wayne","Taylor Police","-"," ","-","X"," ","-","X"," ",27,27," ","PR","PR"
"Wayne","Westland Police","-"," ","-","X"," ","-","X"," ",30,29," ","PR","PR"
,,," ",,," ",,," "," "," "," ",,
"MINNESOTA",,," ",,," ",,," "," "," "," ",,
,,," ",,," ",,," "," "," "," ",,
"Hennepin","Bloomington Police","-"," ","-","X"," ","-","-"," ",12,12," ","PR","PR"
"Hennepin","Minneapolis Police","X"," ","-","X"," ","-","-"," ",160,17," ","PR","PR"
"Olmsted","Rochester Police","X"," ","-","X"," ","-","-"," ",25,23," ","PR","PR"
"Ramsey","Ramsey County Sheriff","-"," ","X","X"," ","-","-"," ",55,18," ","PR","PR"
"Ramsey","St. Paul Police","X"," ","-","X"," ","-","-"," ",270,49," ","PR","PR"
"St. Louis ","Duluth Police","X"," ","-","X"," ","-","-"," ",40,26," ","CM","PR"
,,," ",,," ",,," "," "," "," ",,
"MISSISSIPPI",,," ",,," ",,," "," "," "," ",,
,,," ",,," ",,," "," "," "," ",,
"Forrest","Hattiesburg Police","X"," ","-","-"," ","-","-"," ",15,13," ","PR","PR"
"Harrison","Biloxi Police","X"," ","-","-"," ","-","-"," ",15,12," ","PR","PR"
"Harrison","Gulfport Police","X"," ","-","-"," ","-","-"," ",100,57," ","PR","PR"
"Hinds","Jackson Police","-"," ","-","-"," ","-","-"," ",0,0," ","PR","PR"
"Jackson","Jackson County Sheriff","-"," ","-","-"," ","-","-"," ",0,0," ","PR","PR"
"Lauderdale","Meridian Police","-"," ","-","-"," ","-","-"," ",0,0," ","CM","PR"
"Lee","Tupelo Police","X"," ","-","-"," ","-","-"," ",10,9," ","PR","PR"
"Washington","Greenville Police","-"," ","-","-"," ","-","-"," ",0,0," ","PR","PR"
,,," ",,," ",,," "," "," "," ",,
"MISSOURI",,," ",,," ",,," "," "," "," ",,
,,," ",,," ",,," "," "," "," ",,
"Boone","Columbia Police","-"," ","X","-"," ","-","X"," ",44,36," ","WT","PR"
"Buchanan ","St. Joseph Police","-"," ","-","-"," ","-","-"," ",0,0," ","PR","PR"
"Greene","Springfield Police","X"," ","-","-"," ","-","-"," ",8,3," ","PR","PR"
"Jackson","Independence Police","-"," ","-","-"," ","-","-"," ",0,0," ","TL","PR"
"Jackson","Kansas City Police","-"," ","-","-"," ","-","-"," ",0,0," ","PR","PR"
"Jefferson","Jefferson County Sheriff","X"," ","-","X"," ","-","-"," ",2,1," ","TL","PR"
"St. Charles","St. Charles County Sheriff","-"," ","-","-"," ","-","-"," ",0,0," ","TL","PR"
"St. Louis","St. Louis County Police","X"," ","X","-"," ","-","-"," ",65,10," ","TL","PR"
"St. Louis(city)","St. Louis Police","X"," ","-","-"," ","-","-"," ",50,3," ","PR","PR"
,,," ",,," ",,," "," "," "," ",,
"MONTANA",,," ",,," ",,," "," "," "," ",,
,,," ",,," ",,," "," "," "," ",,
"Yellowstone","Billings Police","X"," ","-","-"," ","-","-"," ",3,3," ","PR","PR"
,,," ",,," ",,," "," "," "," ",,
"NEBRASKA",,," ",,," ",,," "," "," "," ",,
,,," ",,," ",,," "," "," "," ",,
"Douglas","Omaha Police","-"," ","-","-"," ","-","-"," ",0,0," ","PR","PR"
"Lancaster","Lincoln Police","-"," ","X","-"," ","-","X"," ",21,7," ","PR","PR"
,,,,,,,,,," "," ",,,
,,,,,,,,,," "," ",,,
,,,,,,,,,," "," ",,,
,,,,,,,,,," "," ",,,
,,,,,,,,,," "," ",,,
,,,,,,,,,," "," ",,,
,,,,,,,,,," "," ",,,
,,,,,,,,,," "," ",,,
,,,,,,,,,," "," ",,,
,,,,,,,,,," "," ",,,
,,,,,"       Law Enforcement Management and Administrative Statistics, 1999   199",,,,,,,,,
"Table 17a. - continued",,,,,,,,,," "," ",,,
,,,,,,,,,," "," ",,,
,,,,,,,,,," "," ",,,
,,,"Types of computers or terminals",,,,,,,"Number of in-field",,,"Primary field report",
,," ","used by patrol officers in the field",,,,," ",,"computers/terminals",,,"transmission method",
,," ",,"      Car-mounted",,,"       Hand-held",,," "," Per 100",," Criminal"," Traffic"
"County","Name of agency","Laptop",,"Computer","Terminal",,"Computer","Terminal",," Total"," officers",," incidents"," incidents"
,,,,,,,,,," "," ",,,
"NEVADA",,,,,,,,,," "," ",,,
,,,,,,,,,," "," ",,,
"Clark","Henderson Police","-"," ","-","-"," ","-","-"," ",0,0," ","PR","PR"
"Clark","Las Vegas Metropolitan Police","-"," ","-","X"," ","-","-"," ",420,21," ","PR","PR"
"Clark","North Las Vegas Police","X"," ","-","-"," ","-","-"," ",150,87," ","DD","PR"
"Washoe ","Washoe County Sheriff","X"," ","X","X"," ","-","-"," ",35,8," ","---","---"
"Washoe","Reno Police","X"," ","-","X"," ","-","X"," ",95,30," ","PR","PR"
,,," ",,," ",,," "," "," "," ",,
"NEW HAMPSHIRE",,," ",,," ",,," "," "," "," ",,
,,," ",,," ",,," "," "," "," ",,
"Hillsborough","Manchester Police","-"," ","-","-"," ","-","-"," ",0,0," ","PR","PR"
"Hillsborough","Nashua Police","-"," ","-","-"," ","-","-"," ",0,0," ","PR","PR"
,,," ",,," ",,," "," "," "," ",,
"NEW JERSEY",,," ",,," ",,," "," "," "," ",,
,,," ",,," ",,," "," "," "," ",,
"Atlantic","Atlantic City Police","X"," ","-","X"," ","-","-"," ",45,11," ","PR","PR"
"Camden","Camden Police","X"," ","-","X"," ","-","-"," ",35,9," ","PR","PR"
"Camden","Cherry Hill Police","-"," ","-","-"," ","-","-"," ",0,0," ","PR","PR"
"Cumberland","Vineland Police","X"," ","-","X"," ","-","-"," ",60,43," ","---","---"
"Essex","Essex County Sheriff","-"," ","-","-"," ","-","-"," ",0,0," ","PR","PR"
"Essex","Belleville Police","-"," ","-","-"," ","-","-"," ",0,0," ","PR","PR"
"Essex","Bloomfield Police","X"," ","X","-"," ","-","-"," ",22,18," ","PR","PR"
"Essex","East Orange Police","-"," ","-","-"," ","-","-"," ",0,0," ","PR","PR"
"Essex","Irvington Police","-"," ","-","-"," ","-","-"," ",0,0," ","PR","PR"
"Essex","Montclair Police","X"," ","-","X"," ","-","-"," ",16,11," ","CM","WT"
"Essex","Newark Police","-"," ","X","-"," ","-","-"," ",156,11," ","PR","PR"
"Essex","Orange Police","-"," ","-","-"," ","-","-"," ",0,0," ","PR","PR"
"Hudson","Bayonne Police","X"," ","-","-"," ","-","-"," ",41,18," ","PR","PR"
"Hudson","Hoboken Police","-"," ","-","X"," ","-","-"," ",6,4," ","PR","PR"
"Hudson","Jersey City Police","-"," ","-","X"," ","-","-"," ",120,13," ","TL","PR"
"Hudson","Kearny Police","X"," ","-","X"," ","-","-"," ",4,3," ","PR","PR"
"Hudson","North Bergen Police","X"," ","-","X"," ","-","-"," ",12,10," ","PR","PR"
"Hudson","Union City Police","X"," ","-","X"," ","-","-"," ",19,11," ","PR","PR"
"Hudson","West New York Police","X"," ","-","X"," ","-","-"," ",11,9," ","PR","PR"
"Mercer","Hamilton Police","-"," ","-","-"," ","-","-"," ",0,0," ","PR","PR"
"Mercer","Trenton Police","X"," ","X","-"," ","-","-"," ",35,9," ","PR","PR"
"Middlesex","Edison Police","-"," ","-","-"," ","-","-"," ",0,0," ","PR","PR"
"Middlesex","New Brunswick Police","X"," ","-","X"," ","-","-"," ",29,20," ","PR","PR"
"Middlesex","Perth Amboy Police","-"," ","-","-"," ","-","-"," ",0,0," ","PR","PR"
"Middlesex","Woodbridge Police","-"," ","X","-"," ","-","-"," ",50,25," ","PR","PR"
"Ocean","Brick Township Police","X"," ","-","X"," ","-","-"," ",43,38," ","PR","PR"
"Ocean","Dover Township Police","X"," ","-","X"," ","-","-"," ","          ---","          ---"," ","PR","PR"
"Ocean","Lakewood Police","X"," ","X","-"," ","-","-"," ",50,48," ","PR","PR"
"Passaic","Passaic County Sheriff","X"," ","-","X"," ","-","-"," ",26,6," ","PR","PR"
"Passaic","Clifton Police","X"," ","X","-"," ","-","-"," ",24,16," ","PR","PR"
"Passaic","Passaic Police","-"," ","-","-"," ","-","-"," ",0,0," ","PR","PR"
"Passaic","Paterson Police","-"," ","-","-"," ","-","-"," ",0,0," ","PR","PR"
"Passaic","Wayne Police","-"," ","-","-"," ","-","-"," ",0,0," ","PR","PR"
"Union","Elizabeth Police","-"," ","-","X"," ","-","-"," ",6,2," ","PR","PR"
"Union","Linden Police","-"," ","-","X"," ","-","-"," ",8,7," ","PR","PR"
"Union","Plainfield Police","-"," ",,"X"," ",,," ","          ---","          ---"," ","---","---"
"Union","Union Police","X"," ","-","-"," ","-","-"," ",7,5," ","PR","PR"
,,," ",,," ",,," "," "," "," ",,
"NEW MEXICO",,," ",,," ",,," "," "," "," ",,
,,," ",,," ",,," "," "," "," ",,
"Bernalillo","Bernalillo County Sheriff","X"," ","-","-"," ","-","-"," ",251,102," ","---","---"
"Bernalillo","Albuquerque Police","X"," ","-","-"," ","-","-"," ","          ---","          ---"," ","PR","PR"
"Dona Ana","Las Cruces Police","X"," ","-","X"," ","-","-"," ",65,39," ","TL","PR"
"Santa Fe ","Santa Fe Police","-"," ","-","-"," ","-","-"," ",0,0," ","PR","PR"
,,," ",,," ",,," "," "," "," ",,
"NEW YORK",,," ",,," ",,," "," "," "," ",,
,,," ",,," ",,," "," "," "," ",,
"Albany","Albany Police","X"," ","-","X"," ","-","-"," ",31,10," ","PR","PR"
"Albany","Colonie Police","X"," ","-","X"," ","-","-"," ",39,36," ","PR","PR"
"Broome","Binghamton Police","-"," ","-","-"," ","-","-"," ",0,0," ","PR","PR"
"Dutchess","Dutchess County Sheriff","-"," ","-","-"," ","-","-"," ",0,0," ","PR","PR"
"Erie","Erie County Sheriff","X"," ","-","X"," ","-","-"," ",20,4," ","PR","PR"
"Erie","Amherst Police","-"," ","-","X"," ","-","-"," ",14,9," ","PR","PR"
"Erie","Buffalo Police","X"," ","X","-"," ","-","-"," ",300,32," ","PR","PR"
"Erie","Cheektowaga Police","-"," ","X","-"," ","-","-"," "," "," "," ","---","---"
"Erie","Tonawanda Police","X"," ","X","-"," ","-","-"," ",21,20," ","PR","PR"
"Monroe","Monroe County Sheriff","X"," ","-","X"," ","-","-"," ",145,19," ","PR","PR"
"Monroe","Rochester Police","-"," ","-","X"," ","-","-"," ",100,15," ","PR","PR"
"Nassau","Nassau County Police","X"," ","-","X"," ","-","X"," ",312,10," ","TL","PR"
"Nassau","Hempstead Police","-"," ","X","-"," ","-","-"," ",20,18," ","PR","PR"
,,,,,,,,,," "," ",,,
,,,,,,,,,," "," ",,,
,,,,,,,,,," "," ",,,
"200   Law Enforcement Management and Administrative Statistics, 1999",,,,,,,,,," "," ",,,
"Table 17a. - continued",,,,,,,,,," "," ",,,
,,,,,,,,,," "," ",,,
,,,,,,,,,," "," ",,,
,,,"Types of computers or terminals",,,,,,,"Number of in-field",,,"Primary field report",
,," ","used by patrol officers in the field",,,,," ",,"computers/terminals",,,"transmission method",
,," ",,"      Car-mounted",,,"       Hand-held",,," "," Per 100",," Criminal"," Traffic"
"County","Name of agency","Laptop",,"Computer","Terminal",,"Computer","Terminal",," Total"," officers",," incidents"," incidents"
,,,,,,,,,," "," ",,,
"NEW YORK (cont.)",,,,,,,,,," "," ",,,
,,,,,,,,,," "," ",,,
"New York City","New York City Police","X"," ","-","X"," ","-","X"," ",2265,6," ","CM","PR"
"Niagara","Niagara County Sheriff","X"," ","-","-"," ","-","-"," ",14,6," ","PR","PR"
"Niagara","Niagara Falls Police","X"," ","-","-"," ","-","-"," ",3,2," ","PR","PR"
"Oneida","Oneida County Sheriff","X"," ","-","-"," ","-","-"," ",10,3," ","PR","PR"
"Oneida","Utica Police","X"," ","-","-"," ","-","-"," ",3,2," ","PR","PR"
"Onondaga","Onondaga County Sheriff","X"," ","-","X"," ","-","-"," ",60,11," ","PR","PR"
"Onondaga","Syracuse Police","X"," ","X","-"," ","-","-"," ",240,51," ","PR","PR"
"Orange","Orange County Sheriff","X"," ","-","-"," ","-","-"," ",10,3," ","PR","PR"
"Oswego","Oswego County Sheriff","-"," ","-","-"," ","-","-"," ",0,0," ","PR","PR"
"Rensselaer","Troy Police","X"," ","-","-"," ","-","-"," ",6,5," ","PR","PR"
"Rockland","Clarkstown Police","X"," ","-","X"," ","-","-"," ",41,27," ","WT","PR"
"Rockland","Ramapo Police","-"," ","-","X"," ","-","-"," ",7,7," ","---","---"
"Schenectady ","Schenectady Police","-"," ","-","X"," ","-","-"," ",30,19," ","PR","PR"
"Suffolk","Suffolk County Police","-"," ","-","-"," ","-","-"," ",0,0," ","PR","PR"
"Westchester","Westchester County Police","-"," ","-","X"," ","-","-"," ",15,6," ","PR","PR"
"Westchester","Greenburgh Police","X"," ","X","-"," ","-","-"," ",36,35," ","PR","PR"
"Westchester","Mt. Vernon Police","-"," ","-","X"," ","-","-"," ",3,2," ","PR","PR"
"Westchester","New Rochelle Police","X"," ","-","-"," ","-","-"," ",20,11," ","PR","PR"
"Westchester","White Plains Police","-"," ","-","-"," ","-","-"," ",0,0," ","PR","PR"
"Westchester","Yonkers Police","-"," ","-","-"," ","-","-"," ",0,0," ","PR","PR"
,,," ",,," ",,," "," "," "," ",,
"NORTH CAROLINA",,," ",,," ",,," "," "," "," ",,
,,," ",,," ",,," "," "," "," ",,
"Alamance","Burlington Police","X"," ","-","X"," ","-","-"," ",11,10," ","---","PR"
"Buncombe","Buncombe County Sheriff","X"," ","-","X"," ","-","-"," ",75,38," ","---","---"
"Buncombe","Asheville Police","-"," ","-","X"," ","-","-"," ",25,15," ","PR","PR"
"Catawba","Hickory Police","X"," ","-","X"," ","-","X"," ",90,90," ","PR","PR"
"Cumberland","Cumberland County Sheriff","-"," ","X","-"," ","X","X"," ",259,84," ","CM","PR"
"Cumberland","Fayetteville Police","X"," ","X","X"," ","X","-"," ",124,43," ","PR","PR"
"Durham","Durham Police","-"," ","X","-"," ","-","-"," ",34,8," ","PR","PR"
"Forsyth","Forsyth County Sheriff","X"," ","-","-"," ","-","-"," ",15,6," ","PR","PR"
"Forsyth","Winston-Salem Police","X"," ","-","X"," ","-","-"," ",380,86," ","PR","PR"
"Gaston","Gaston County Police","X"," ","-","-"," ","-","-"," ",83,62," ","PR","PR"
"Gaston","Gastonia Police","X"," ","X","-"," ","-","-"," ",130,74," ","PR","PR"
"Guilford","Guilford County Sheriff","X"," ","-","-"," ","-","-"," ",55,26," ","CM","---"
"Guilford","Greensboro Police","-"," ","-","X"," ","-","-"," ",180,41," ","TL","PR"
"Guilford","High Point Police","-"," ","-","-"," ","-","-"," ",0,0," ","PR","PR"
"Mecklenburg","Charlotte-Mecklenburg Police","X"," ","-","X"," ","-","-"," ",1317,97," ","PR","PR"
"Nash","Rocky Mount Police","-"," ","-","-"," ","-","-"," ",0,0," ","PR","PR"
"New Hanover","Wilmington Police","-"," ","-","-"," ","-","-"," ",0,0," ","PR","PR"
"Orange","Orange County Sheriff","-"," ","-","-"," ","-","-"," ",0,0," ","PR","PR"
"Pitt","Greenville Police","X"," ","X","X"," ","-","-"," ",183,125," ","PR","PR"
"Wake","Wake County Sheriff","X"," ","X","-"," ","-","-"," ",400,167," ","WT","PR"
"Wake","Raleigh Police","-"," ","-","X"," ","X","-"," ",221,36," ","PR","PR"
"Wilson","Wilson Police","-"," ","-","-"," ","-","-"," ",0,0," ","PR","PR"
,,," ",,," ",,," "," "," "," ",,
"OHIO",,," ",,," ",,," "," "," "," ",,
,,," ",,," ",,," "," "," "," ",,
"Butler","Butler County Sheriff","X"," ","X","-"," ","-","-"," ",34,23," ","PR","PR"
"Butler","Hamilton Police","X"," ","-","X"," ","-","-"," ",29,25," ","PR","PR"
"Clark","Springfield Police","-"," ","-","-"," ","-","-"," ",0,0," ","---","---"
"Cuyahoga","Cleveland Police","X"," ","-","-"," ","-","-"," ",10,1," ","PR","PR"
"Cuyahoga","Euclid Police","X"," ","X","-"," ","-","-"," ",12,12," ","PR","PR"
"Franklin","Franklin County Sheriff","-"," ","-","-"," ","-","-"," ",0,0," ","---","---"
"Franklin","Columbus Police","X"," ","-","X"," ","-","-"," ",275,15," ","PR","PR"
"Hamilton","Cincinnati Police","X"," ","-","X"," ","-","-"," ",260,26," ","PR","PR"
"Lorain","Lorain Police","-"," ","-","-"," ","-","-"," ",0,0," ","PR","PR"
"Lucas","Toledo Police","X"," ","-","-"," ","-","-"," ",60,9," ","---","---"
"Mahoning","Youngstown Police","-"," ","-","-"," ","-","-"," ",0,0," ","PR","PR"
"Montgomery","Montgomery County Sheriff","-"," ","-","-"," ","-","-"," ",0,0," ","PR","PR"
"Montgomery","Dayton Police","X"," ","-","X"," ","-","X"," ",145,26," ","CM","PR"
"Stark ","Stark County Sheriff","X"," ","-","-"," ","-","-"," ",5,4," ","PR","PR"
"Stark","Canton Police","-"," ","X","-"," ","-","-"," ",5,3," ","PR","PR"
"Summit","Summit County Sheriff","-"," ","-","-"," ","X","-"," ",15,5," ","PR","PR"
"Summit","Akron Police","-"," ","-","X"," ","-","-"," ",150,31," ","PR","PR"
,,," ",,," ",,," "," "," "," ",,
"OKLAHOMA",,," ",,," ",,," "," "," "," ",,
,,," ",,," ",,," "," "," "," ",,
"Cleveland","Norman Police","-"," ","-","-"," ","-","-"," ",0,0," ","PR","PR"
"Comanche","Lawton Police","-"," ","-","-"," ","-","-"," ",0,0," ","PR","PR"
"Oklahoma","Oklahoma City Police","X"," ","-","X"," ","-","-"," ",700,72," ","PR","PR"
"Tulsa","Tulsa Police","-"," ","-","-"," ","-","-"," ",0,0," ","PR","PR"
,,,,,,,,,," "," ",,,
,,,,,,,,,," "," ",,,
,,,,,,,,,," "," ",,,
,,,,,,,,,," "," ",,,
,,,,,"       Law Enforcement Management and Administrative Statistics, 1999   201",,,,,,,,,
"Table 17a. - continued",,,,,,,,,," "," ",,,
,,,,,,,,,," "," ",,,
,,,,,,,,,," "," ",,,
,,,"Types of computers or terminals",,,,,,,"Number of in-field",,,"Primary field report",
,," ","used by patrol officers in the field",,,,," ",,"computers/terminals",,,"transmission method",
,," ",,"      Car-mounted",,,"       Hand-held",,," "," Per 100",," Criminal"," Traffic"
"County","Name of agency","Laptop",,"Computer","Terminal",,"Computer","Terminal",," Total"," officers",," incidents"," incidents"
,,,,,,,,,," "," ",,,
"OREGON",,,,,,,,,," "," ",,,
,,,,,,,,,," "," ",,,
"Clackamas","Clackamas County Sheriff","X"," ","X","-"," ","-","-"," ",190,66," ","---","---"
"Lane ","Lane County Sheriff","X"," ","X","-"," ","-","-"," ",11,5," ","PR","PR"
"Lane ","Eugene Police","X"," ","-","X"," ","-","-"," ",37,22," ","PR","PR"
"Marion","Salem Police","-"," ","-","X"," ","-","-"," ",70,41," ","PR","PR"
"Multnomah","Gresham Police","X"," ","-","X"," ","-","-"," ","          ---","          ---"," ","PR","PR"
"Multnomah","Portland Police","X"," ","-","X"," ","-","-"," ",334,33," ","PR","PR"
"Washington","Washington County Sheriff","-"," ","-","X"," ","-","X"," ",59,21," ","PR","PR"
"Washington ","Beaverton Police","-"," ","-","X"," ","-","-"," ",30,27," ","PR","PR"
" ",,," ",,," ",,," "," "," "," ",,
"PENNSYLVANIA",,," ",,," ",,," "," "," "," ",,
,,," ",,," ",,," "," "," "," ",,
"Allegheny","Allegheny County Police","-"," ","-","-"," ","-","-"," ",0,0," ","PR","PR"
"Allegheny","Pittsburgh Police","-"," ","-","X"," ","-","-"," ",92,9," ","PR","PR"
"Berks","Reading Police","-"," ","-","-"," ","-","-"," ",0,0," ","PR","PR"
"Dauphin","Harrisburg Police","X"," ","X","X"," ","-","-"," ",185,105," ","WT","WT"
"Delaware","Upper Darby Township Police","X"," ","-","X"," ","-","-"," ",10,9," ","PR","PR"
"Erie","Erie Police","-"," ","-","-"," ","-","-"," ",0,0," ","TL","PR"
"Lackawanna","Scranton Police","-"," ","-","-"," ","-","-"," ",0,0," ","PR","PR"
"Lancaster","Lancaster Police","-"," ","-","-"," ","-","-"," ",0,0," ","PR","PR"
"Lehigh","Allentown Police","X"," ","X","-"," ","-","-"," ",29,14," ","PR","PR"
"Montgomery","Lower Merion Township Police","-"," ","-","-"," ","-","-"," ",0,0," ","PR","PR"
"Northampton","Bethlehem Police","-"," ","-","X"," ","-","-"," ",18,13," ","PR","PR"
"Philadelphia","Philadelphia Police","-"," ","-","X"," ","-","-"," ",780,11," ","PR","PR"
,,," ",,," ",,," "," "," "," ",,
"RHODE ISLAND",,," ",,," ",,," "," "," "," ",,
,,," ",,," ",,," "," "," "," ",,
"Kent ","Warwick Police","X"," ","-","-"," ","-","-"," ",22,13," ","TL","PR"
"Providence","Cranston Police","X"," ","-","-"," ","-","-"," ",4,3," ","TL","PR"
"Providence","Pawtucket Police","X"," ","-","-"," ","-","-"," ",12,8," ","CM","CM"
"Providence","Providence Police","-"," ","X","-"," ","-","X"," ",117,25," ","PR","PR"
"Providence","Woonsocket Police","-"," ","-","-"," ","-","-"," ",0,0," ","PR","PR"
,,," ",,," ",,," "," "," "," ",,
"SOUTH CAROLINA",,," ",,," ",,," "," "," "," ",,
,,," ",,," ",,," "," "," "," ",,
"Anderson","Anderson County Sheriff","X"," ","-","-"," ","-","-"," ",75,52," ","CM","CM"
"Beaufort","Beaufort County Sheriff","X"," ","-","X"," ","-","-"," ",86,57," ","PR","PR"
"Charleston","Charleston County Sheriff","X"," ","-","X"," ","-","-"," ",35,15," ","PR","PR"
"Charleston","Charleston Police","-"," ","-","X"," ","-","-"," ",40,12," ","PR","PR"
"Charleston","North Charleston Police","X"," ","-","-"," ","-","-"," ",90,36," ","CM","PR"
"Greenville","Greenville County Sheriff","X"," ","X","-"," ","-","-"," ",22,7," ","PR","---"
"Greenville","Greenville Police","X"," ","-","X"," ","-","-"," ",70,40," ","PR","PR"
"Horry","Horry County Police","X"," ","-","-"," ","-","-"," ",2,1," ","PR","---"
"Horry","Myrtle Beach Police","X"," ","-","X"," ","-","-"," ",79,50," ","PR","PR"
"Richland","Richland County Sheriff","-"," ","-","-"," ","-","-"," ",0,0," ","PR","PR"
"Richland","Columbia Police","X"," ","X","-"," ","-","X"," ",74,30," ","PR","PR"
"Spartanburg","Spartanburg County Sheriff","-"," ","-","-"," ","-","-"," ",0,0," ","PR","PR"
"Spartanburg","Spartanburg Police","X"," ","X","-"," ","-","-"," ",11,7," ","PR","PR"
,,," ",,," ",,," "," "," "," ",,
"SOUTH DAKOTA",,," ",,," ",,," "," "," "," ",,
,,," ",,," ",,," "," "," "," ",,
"Minnehaha","Sioux Falls Police","-"," ","-","X"," ","-","X"," ",35,22," ","PR","PR"
,,," ",,," ",,," "," "," "," ",,
"TENNESSEE",,," ",,," ",,," "," "," "," ",,
,,," ",,," ",,," "," "," "," ",,
"Blount","Blount County Sheriff","-"," ","-","X"," ","-","-"," ",55,28," ","PR","PR"
"Davidson","Nashville Metropolitan Police","X"," ","-","X"," ","-","-"," ",475,38," ","PR","PR"
"Hamilton","Hamilton County Sheriff","-"," ","-","-"," ","-","-"," ",0,0," ","PR","PR"
"Hamilton","Chattanooga Police","X"," ","-","X"," ","-","-"," ",61,14," ","CM","PR"
"Knox","Knox County Sheriff","X"," ","-","X"," ","-","-"," ",100,16," ","PR","PR"
"Knox","Knoxville Police","X"," ","-","X"," ","-","-"," ",560,144," ","CM","PR"
"Madison","Jackson Police","X"," ","-","-"," ","-","-"," ",9,5," ","PR","PR"
"Montgomery","Clarksville Police","-"," ","-","-"," ","-","-"," ",0,0," ","PR","PR"
"Rutherford","Murfreesboro Police","X"," ","-","-"," ","-","-"," ",9,6," ","PR","PR"
"Shelby","Shelby County Sheriff","X"," ","X","-"," ","-","-"," ",55,10," ","PR","PR"
"Shelby","Memphis Police","X"," ","-","-"," ","-","-"," ",210,12," ","PR","PR"
"Sullivan","Sullivan County Sheriff","-"," ","-","-"," ","-","-"," ",0,0," ","PR","PR"
"Washington","Johnson City Police","X"," ","-","-"," ","-","-"," ",50,33," ","PR","PR"
"Wilson","Wilson County Sheriff","-"," ","-","-"," ","-","-"," ",0,0," ","PR","PR"
,,,".",,,".",,,".",".",".",".",,
,,,,,,,,,," "," ",,,
,,,,,,,,,," "," ",,,
,,,,,,,,,," "," ",,,
,,,,,,,,,," "," ",,,
,,,,,,,,,," "," ",,,
,,,,,,,,,," "," ",,,
,,,,,,,,,," "," ",,,
"202   Law Enforcement Management and Administrative Statistics, 1999",,,,,,,,,," "," ",,,
"Table 17a. - continued",,,,,,,,,," "," ",,,
,,,,,,,,,," "," ",,,
,,,,,,,,,," "," ",,,
,,,"Types of computers or terminals",,,,,,,"Number of in-field",,,"Primary field report",
,," ","used by patrol officers in the field",,,,," ",,"computers/terminals",,,"transmission method",
,," ",,"      Car-mounted",,,"       Hand-held",,," "," Per 100",," Criminal"," Traffic"
"County","Name of agency","Laptop",,"Computer","Terminal",,"Computer","Terminal",," Total"," officers",," incidents"," incidents"
,,,,,,,,,," "," ",,,
"TEXAS",,,,,,,,,," "," ",,,
,,,,,,,,,," "," ",,,
"Bell","Killeen Police","-"," ","-","-"," ","-","-"," ",0,0," ","PR","PR"
"Bell","Temple Police","-"," ","-","-"," ","-","-"," ",0,0," ","PR","PR"
"Bexar","Bexar County Sheriff","X"," ","-","X"," ","-","X"," ",85,7," ","PR","PR"
"Bexar","San Antonio Police","-"," ","-","X"," ","-","X"," ",875,44," ","PR","PR"
"Brazoria","Brazoria County Sheriff","X"," ","X","X"," ","-","-"," ",31,11," ","PR","PR"
"Cameron","Brownsville Police","-"," ","-","-"," ","-","-"," ",0,0," ","PR","PR"
"Cameron","Harlingen Police","-"," ","-","-"," ","-","-"," ",0,0," ","PR","PR"
"Collin","Plano Police","-"," ","-","X"," ","X","X"," ",105,36," ","PR","PR"
"Dallas","Dallas County Sheriff","X"," ","-","X"," ","-","-"," ",27,8," ","PR","PR"
"Dallas ","Carrollton Police","-"," ","-","-"," ","-","-"," ",0,0," ","PR","PR"
"Dallas","Dallas Police","X"," ","X","X"," ","X","X"," ",836,29," ","TL","PR"
"Dallas","Garland Police","X"," ","X","-"," ","-","-"," ",105,38," ","PR","PR"
"Dallas","Grand Prairie Police","-"," ","-","X"," ","-","-"," ",48,27," ","PR","PR"
"Dallas","Irving Police","X"," ","-","-"," ","-","-"," ",8,3," ","TL","PR"
"Dallas","Mesquite Police","-"," ","-","X"," ","-","-"," ",83,43," ","PR","PR"
"Dallas","Richardson Police","X"," ","-","X"," ","-","-"," ",50,32," ","CM","CM"
"Denton","Denton Police","-"," ","X","-"," ","-","-"," ",16,12," ","PR","PR"
"Ector","Odessa Police","-"," ","-","-"," ","-","-"," ",0,0," ","PR","PR"
"El Paso ","El Paso County Sheriff","X"," ","X","-"," ","-","-"," ",30,13," ","CM","PR"
"El Paso","El Paso Police","-"," ","X","-"," ","-","-"," ",146,14," ","CM","PR"
"Fort Bend","Fort Bend County Sheriff","-"," ","-","X"," ","-","-"," ",37,14," ","PR","PR"
"Galveston ","Galveston Police","X"," ","-","X"," ","-","-"," ",40,25," ","PR","PR"
"Gregg","Longview Police","-"," ","-","X"," ","-","-"," ",30,21," ","PR","PR"
"Harris","Harris County Sheriff","X"," ","X","-"," ","-","-"," ",735,28," ","CM","CM"
"Harris","Baytown Police","-"," ","-","-"," ","-","-"," ",0,0," ","---","PR"
"Harris","Houston Police","X"," ","-","X"," ","-","-"," ",4891,90," ","DD","PR"
"Harris","Pasadena Police","X"," ","-","X"," ","X","-"," ",279,113," ","PR","PR"
"Hidalgo","Hidalgo County Sheriff","-"," ","-","-"," ","-","-"," ",0,0," ","PR","PR"
"Hidalgo","McAllen Police","-"," ","-","-"," ","-","-"," ",0,0," ","PR","PR"
"Jefferson","Beaumont Police","X"," ","-","X"," ","-","-"," ","          ---","          ---"," ","CM","PR"
"Jefferson","Port Arthur Police","-"," ","-","-"," ","-","-"," ",0,0," ","PR","PR"
"Lubbock","Lubbock Police","-"," ","-","X"," ","-","X"," ",222,78," ","PR","PR"
"McLennan","McLennan County Sheriff","-"," ","-","-"," ","-","-"," ",0,0," ","PR","PR"
"McLennan","Waco Police","-"," ","X","-"," ","-","-"," ",43,21," ","TL","PR"
"Midland","Midland Police","-"," ","-","X"," ","-","-"," ",168,106," ","PR","PR"
"Montgomery","Montgomery County Sheriff","-"," ","-","-"," ","-","-"," ",0,0," ","PR","PR"
"Nueces","Corpus Christi Police","-"," ","-","-"," ","-","-"," ",0,0," ","PR","PR"
"Potter","Amarillo Police","-"," ","X","-"," ","-","-"," ",50,19," ","TL","PR"
"Smith","Tyler Police","X"," ","-","X"," ","-","-"," ",25,15," ","PR","PR"
"Tarrant","Tarrant County Sheriff","-"," ","-","X"," ","-","-"," ",45,11," ","PR","PR"
"Tarrant","Arlington Police","-"," ","-","X"," ","-","-"," ",50,10," ","TL","PR"
"Tarrant","Fort Worth Police","X"," ","-","X"," ","-","-"," ",517,45," ","TL","PR"
"Taylor","Abilene Police","-"," ","X","X"," ","-","-"," ",62,35," ","PR","PR"
"Tom Green","San Angelo Police","X"," ","-","-"," ","-","-"," ",2,1," ","PR","PR"
"Travis","Travis County Sheriff","-"," ","-","X"," ","-","-"," ",9,2," ","PR","PR"
"Travis","Austin Police","X"," ","-","X"," ","-","-"," ",400,36," ","CM","CM"
"Webb","Webb County Sheriff","-"," ","-","-"," ","-","-"," ",0,0," ","PR","PR"
"Webb","Laredo Police","-"," ","-","-"," ","-","-"," ",0,0," ","PR","PR"
"Wichita","Wichita Falls Police","-"," ","-","-"," ","-","-"," ",0,0," ","PR","PR"
"Williamson","Williamson County Sheriff","-"," ","-","-"," ","-","-"," ",0,0," ","PR","PR"
,,," ",,," ",,," "," "," "," ",,
"UTAH",,," ",,," ",,," "," "," "," ",,
,,," ",,," ",,," "," "," "," ",,
"Salt Lake","Salt Lake County Sheriff","-"," ","-","X"," ","-","-"," ",45,5," ","TL","PR"
"Salt Lake","Salt Lake City Police","X"," ","-","-"," ","-","-"," ",255,63," ","CM","PR"
"Salt Lake","West Valley City Police","-"," ","-","X"," ","-","-"," ",105,68," ","DD","PR"
"Weber","Ogden Police","X"," ","X","-"," ","-","-"," ",50,42," ","PR","PR"
,,,,,,,,,," "," ",,,
,,,,,,,,,," "," ",,,
,,,,,,,,,," "," ",,,
,,,,,,,,,," "," ",,,
,,,,,,,,,," "," ",,,
,,,,,,,,,," "," ",,,
,,,,,,,,,," "," ",,,
,,,,,,,,,," "," ",,,
,,,,,,,,,," "," ",,,
,,,,,,,,,," "," ",,,
,,,,,,,,,," "," ",,,
,,,,,,,,,," "," ",,,
,,,,,,,,,," "," ",,,
,,,,,,,,,," "," ",,,
,,,,,,,,,," "," ",,,
,,,,,,,,,," "," ",,,
,,,,,,,,,," "," ",,,
,,,,,,,,,," "," ",,,
,,,,,,,,,," "," ",,,
" ",,,,,"       Law Enforcement Management and Administrative Statistics, 1999   203",,,,,,,,,
"Table 17a. - continued",,,,,,,,,," "," ",,,
,,,,,,,,,," "," ",,,
,,,,,,,,,," "," ",,,
,,,"Types of computers or terminals",,,,,,,"Number of in-field",,,"Primary field report",
,," ","used by patrol officers in the field",,,,," ",,"computers/terminals",,,"transmission method",
,," ",,"      Car-mounted",,,"       Hand-held",,," "," Per 100",," Criminal"," Traffic"
"County","Name of agency","Laptop",,"Computer","Terminal",,"Computer","Terminal",," Total"," officers",," incidents"," incidents"
,,,,,,,,,," "," ",,,
"VIRGINIA",,,,,,,,,," "," ",,,
,,,,,,,,,," "," ",,,
"Albemarle","Albemarle County Police","X"," ","-","-"," ","-","-"," ",10,10," ","PR","PR"
"Alexandria(city)","Alexandria Police","X"," ","X","X"," ","X","X"," ",174,62," ","PR","WT"
"Arlington","Arlington County Police","-"," ","-","X"," ","-","-"," ",70,20," ","PR","PR"
"Chesapeake(city)","Chesapeake Police","-"," ","-","-"," ","-","-"," ",0,0," ","PR","PR"
"Chesterfield","Chesterfield County Police","-"," ","-","-"," ","-","-"," ",0,0," ","TL","PR"
"Danville(city)","Danville Police","-"," ","-","-"," ","-","-"," ",0,0," ","PR","PR"
"Fairfax","Fairfax County Police","-"," ","-","X"," ","-","-"," ","          ---","          ---"," ","PR","PR"
"Hampton(city)","Hampton Police","-"," ","-","-"," ","-","-"," ",0,0," ","PR","PR"
"Hanover","Hanover County Sheriff","-"," ","-","-"," ","-","-"," ",0,0," ","PR","PR"
"Henrico","Henrico County Police","X"," ","X","-"," ","-","-"," ",507,103," ","PR","PR"
"Loudoun","Loudoun County Sheriff","X"," ","-","-"," ","-","-"," ",19,9," ","PR","PR"
"Lynchburg(city)","Lynchburg Police","-"," ","-","-"," ","-","-"," ",0,0," ","PR","PR"
"Newport News(city)","Newport News Police","X"," ","-","-"," ","-","X"," ",4,1," ","PR","PR"
"Norfolk(city)","Norfolk Police","-"," ","-","X"," ","-","-"," ",119,17," ","PR","PR"
"Portsmouth(city)","Portsmouth Police","-"," ","-","-"," ","-","-"," ",0,0," ","PR","PR"
"Prince William","Prince William County Police","X"," ","-","-"," ","-","-"," ","          ---","          ---"," ","PR","PR"
"Richmond(city)","Richmond Police","-"," ","X","-"," ","-","-"," ",220,32," ","PR","PR"
"Roanoke(city)","Roanoke Police","-"," ","-","X"," ","-","-"," ",50,22," ","PR","PR"
"Suffolk(city)","Suffolk Police","-"," ","-","-"," ","-","-"," ",0,0," ","PR","PR"
"Virginia Beach(city)","Virginia Beach Police","X"," ","-","X"," ","-","-"," ",255,35," ","PR","PR"
,,," ",,," ",,," "," "," "," ",,
"WASHINGTON",,," ",,," ",,," "," "," "," ",,
,,," ",,," ",,," "," "," "," ",,
"Clark","Clark County Sheriff","X"," ","X","-"," ","-","-"," ",103,82," ","DD","PR"
"Clark","Vancouver Police","-"," ","X","-"," ","-","-"," ",51,34," ","CM","CM"
"King","King County Sheriff","X"," ","-","-"," ","-","-"," ",400,63," ","PR","PR"
"King","Bellevue Police","-"," ","-","-"," ","-","-"," ",0,0," ","PR","PR"
"King","Kent Police","X"," ","-","X"," ","-","X"," ",26,22," ","PR","PR"
"King ","Seattle Police","X"," ","-","X"," ","X","-"," ",429,34," ","PR","PR"
"Pierce","Pierce County Sheriff","X"," ","-","X"," ","-","-"," ",100,32," ","PR","PR"
"Pierce","Tacoma Police","X"," ","-","-"," ","-","-"," ",175,45," ","PR","PR"
"Snohomish","Snohomish County Sheriff","-"," ","X","-"," ","-","-"," ",150,70," ","PR","PR"
"Snohomish","Everett Police","X"," ","X","-"," ","-","-"," ",199,112," ","PR","PR"
"Spokane","Spokane Police","-"," ","-","X"," ","-","-"," ",60,21," ","PR","PR"
"Thurston","Thurston County Sheriff","-"," ","-","-"," ","-","-"," ",0,0," ","PR","PR"
"Yakima","Yakima Police","-"," ","-","X"," ","-","-"," ",33,28," ","PR","PR"
,,," ",,," ",,," "," "," "," ",,
"WEST VIRGINIA",,," ",,," ",,," "," "," "," ",,
,,," ",,," ",,," "," "," "," ",,
"Kanawha","Charleston Police","-"," ","X","-"," ","-","-"," ",27,15," ","PR","PR"
,,," ",,," ",,," "," "," "," ",,
"WISCONSIN",,," ",,," ",,," "," "," "," ",,
,,," ",,," ",,," "," "," "," ",,
"Brown","Brown County Sheriff","-"," ","X","-"," ","-","-"," ",18,13," ","PR","PR"
"Brown","Green Bay Police","X"," ","X","X"," ","-","-"," ",79,41," ","PR","PR"
"Dane","Dane County Sheriff","X"," ","X","-"," ","-","-"," ",66,19," ","PR","PR"
"Dane ","Madison Police","X"," ","X","X"," ","-","-"," ",115,31," ","PR","PR"
"Kenosha","Kenosha Police","X"," ","X","-"," ","-","-"," ",49,28," ","PR","PR"
"Milwaukee","Milwaukee County Sheriff","-"," ","-","X"," ","-","-"," ",42,6," ","PR","PR"
"Milwaukee","Milwaukee Police","X"," ","X","X"," ","-","-"," ",174,8," ","PR","PR"
"Milwaukee","West Allis Police","X"," ","X","X"," ","-","-"," ",27,20," ","PR","PR"
"Outgamie","Appleton Police","X"," ","X","-"," ","-","-"," ",27,25," ","PR","PR"
"Racine","Racine Police","X"," ","X","-"," ","-","-"," ",35,17," ","PR","PR"
"Waukesha","Waukesha County Sheriff","X"," ","X","X"," ","-","-"," ",33,22," ","TL","PR"
"Waukesha","Waukesha Police","-"," ","-","X"," ","-","-"," ",18,17," ","PR","PR"
,,,,,,,,,,,,,,
,,,,,,,,,,,,,,
"Note:  Codes for types of in-field computers used are as follows:",,,,,,,,,,,,,,
,,,,,,,,,,,,,,
"               ""X""=Agency was using that type of in-field computer or terminal as of June 30, 1999. ",,,,,,,,,,,,,,
"               ""-""=Agency was not using that type of in-field computer or terminal as of June 30, 1999. ",,,,,,,,,,,,,,
,,,,,,,,,,,,,,
" Codes for primary type of field report transmission are as follows:",,,,,,,,,,,,,,
,,,,,,,,,,,,,,
,"""CM""=Computer medium (e.g., disk transfer)",,,,,,,,,,,,,
,"""DD""=Data download (e.g., laptop download)",,,,,,,,,,,,,
,"""PR""=Paper report",,,,,,,,,,,,,
,"""TL""=Telephone line (voice)",,,,,,,,,,,,,
,"""WT""=Wireless transmission (e.g. cellular, UHF)",,,,,,,,,,,,,
,,,,,,,,,,,,,,
"---Data were not provided by an agency.",,,,,,,,,,,,,,
,,,,,,,,,,,,,,
,,,,,,,,,,,,,,
,,,,,,,,,,,,,,
,,,,,,,,,,,,,,
,,,,,,,,,,,,,,
"204   Law Enforcement Management and Administrative Statistics, 1999",,,,,,,,,,,,,,
