Bureau of Justice Statistics,,,
Filename: fpht05t01.csv,,,
"Table 1.  Suspects in matters referred by U.S. attorneys with human trafficking offenses as lead charge, 2001-2005",,,
"Report title: Federal Prosecution of Human Trafficking, 2001-2005",,,
Data source: Federal Justice Statistics Program database,,,
Refer questions to: askbjs@usdoj.gov  202-307-0765,,,
Authors: Mark Motivans and Tracey Kyckelhahn,,,
Date of version: 09/28/06,,,

"Table 1.  Suspects in matters referred by U.S. attorneys with human trafficking offenses as lead charge, 2001-2005",,,

,Suspects,,
Lead charge                                                                                                                                                                                                                            ,Number,Percent,
Total,555,100,%
Peonage/involuntary servitude,63,11.4,
Sale into involuntary servitude,155,27.9,
Transportation for slavery /a,16,2.9
Forced labor /b,134,24.1
Trafficking slaves /b,49,8.8
Sex trafficking of children /b,129,23.2
"Other /b,c",9,1.6
"/a Includes vessels for the slave trade, enticement, and transport of slaves from the U.S.",,
/b Offenses added to the human trafficking statute by the TVPA,,
/c Includes misuse of documents and general provisions,,
"Source: Executive Office for U.S. Attorneys, National LIONS database, fiscal year.",,
