"Bureau of Justice Statistics",,,,,,,,,,,,
"Filename:cv9905.wk1",,,,,,,,,,,,
"Table 5.  Use of weapons in serious violent crimes, 1999 ",,,,,,,,,,,,
"Title of Report:  Criminal Victimization 1999, Changes 1998-99 with Trends 1993-99,  NCJ 182734",,,,,,,,,,,,
"Data source:  National Crime Victimization Survey",,,,,,,,,,,,
"Author:  Callie Rennison, Ph.D.",,,,,,,,,,,,
"Refer questions to:   (202) 307-0765 or askbjs@ojp.usdoj.gov",,,,,,,,,,,,
"Date version:  8/01/00",,,,,,,,,,,,
,,,,,,,,,,,,
"Table 5.  Use of weapons in serious violent crimes, 1999 ",,,,,,,,,,,,
,,,,,,,,,,,,
,"Violent crime",,,"Rape or sexual assault",,,"Robbery",,,"Assault",,
,"Number","Percent",,"Number","Percent",,"Number","Percent",,"Number","Percent",
"Total",7357060,100,"%",383170,100,"%",810220,100,"%",6163670,100,"%"
,,,,,,,,,,,,
"No weapon",4914200,67,"%",346480,90,"%",330300,41,"%",4237420,69,"%"
,,,,,,,,,,,,
"Weapon",1839190,25,"%",20140,5,"%*",381940,47,"%",1437110,23,"%"
"     Gun ",562870,8,,5510,1,"*",195270,24,,362090,6,
"     Knife",525030,7,,2640,1,"*",115390,14,,407000,7,
"     Other",675130,9,,5190,1,"*",64590,8,,605350,10,
"     Type not ascertained",76160,1,,6790,2,"*",6690,1,,62690,1,
,,,,,,,,,,,,
"Don't know",603670,8,"%",16550,4,"%*",97980,12,"%",489140,8,"%"
,,,,,,,,,,,,
,,,,,,,,,,,,
"Note:  Percentage may not total to 100% because of rounding.  If the offender had more than one weapon, the crime",,,,,,,,,,,,
"is classified by the most serious weapon present.  ",,,,,,,,,,,,
"*  Based on 10 or fewer sample cases.",,,,,,,,,,,,
