"Bureau of Justice Statistics",,,,,,,,
"Filename:cv9902.wk1",,,,,,,,
"Table 2.  Rates of violent crime and personal theft, by gender, age, race, and Hispanic origin, 1999",,,,,,,,
"Title of Report:  Criminal Victimization 1999, Changes 1998-99 with Trends 1993-99,  NCJ 182734",,,,,,,,
"Data source:  National Crime Victimization Survey",,,,,,,,
"Author:  Callie Rennison, Ph.D.",,,,,,,,
"Refer questions to:   (202) 307-0765 or askbjs@ojp.usdoj.gov",,,,,,,,
"Date version:  8/27/00",,,,,,,,
,,,,,,,,
"Table 2.  Rates of violent crime and personal theft, by gender, age, race, and Hispanic origin, 1999",,,,,,,,
,,,,,,,,
,,"Victimizations per 1,000 persons age 12 or older",,,,,,
,,"Violent crimes",,,,,,
,,"All ","Rape/",,"Assault",,,"Per-"
"Characteristic",,"crimes of","Sexual",,,"Aggra-",,"sonal"
"of victim","Population","violence*","assault","Robbery","Total","vated","Simple","theft"
,,,,,,,,
"Gender",,,,,,,,
"Male",108652550,37.0,0.4,5.0,31.6,8.7,22.9,0.9
"Female",115915820,28.8,3.0,2.3,23.6,4.8,18.8,0.9
,,,,,,,,
"Age",,,,,,,,
"12-15",15920740,74.4,6.0,6.7,63.7,13.1,50.6,3.1
"16-19",15925090,77.4,6.9,8.2,62.3,16.8,45.5,1.5
"20-24",18067050,68.5,4.3,7.7,56.4,16.7,39.7,1.0
"25-34",38470320,36.3,1.7,4.1,30.5,8.3,22.2,1.2
"35-49",64329680,25.2,0.8,2.8,21.6,4.7,16.9,0.4
"50-64",39371500,14.4,0.2,1.9,12.3,1.8,10.5,0.6
"65 or older",32483990,3.8,0.1,0.7,3.0,1.1,1.9,0.6
,,,,,,,,
"Race",,,,,,,,
"White",187576000,31.9,1.6,3.1,27.2,6.2,21.1,0.8
"Black",27539830,41.6,2.6,7.7,31.3,10.6,20.8,1.3
"Other",9452540,24.5,1.7,2.5,20.3,5.7,14.6,1.5
,,,,,,,,
"Hispanic origin",,,,,,,,
"Hispanic",22966050,33.8,1.9,5.6,26.3,8.9,17.4,1.5
"Non-Hispanic",199116660,32.4,1.7,3.4,27.3,6.4,20.9,0.9
,,,,,,,,
"*The National Crime Victimization Survey includes as violent crime",,,,,,,,
"rape/sexual assault, robbery, and assault, but not murder and manslaughter.",,,,,,,,
