Bureau of Justice Statistics,,,,,,,,,,,,
Filename: spdp07t14.csv,,,,,,,,,,,,
"Table 14. Program operating guidelines and attorney professional development opportunities in state public defender programs, by state, 2007",,,,,,,,,,,,
"Report title: State Public Defender Programs, 2007 NCJ 228229",,,,,,,,,,,,
"Data source: Census of Public Defender Offices, 2007",,,,,,,,,,,,
"Authors: Lynn Langton, Donald Farole, Jr., Ph.D.",,,,,,,,,,,,
Refer questions to: askbjs@usdoj.gov 202-307-0765,,,,,,,,,,,,
Date of version: 08/26/10,,,,,,,,,,,,
,,,,,,,,,,,,
"Table 14. Program operating guidelines and attorney professional development opportunities in state public defender programs, by state, 2007",,,,,,,,,,,,
,,Operating guidelines included a policy related to�,,,Areas of professional development training provided to attorneys,,,,,,,
State,,Continuing legal education for attorneys,Annual attorney performance review,,Civil,Death penalty trial defense/a,Juvenile delinquency,Trial skills,Appellate cases,Dependency cases,Mental illness cases,Other
,Total,18,17,,3,10,20,22,16,11,17,8
Alaska,,/,/,,X,~,X,X,X,X,X,
Arkansas,,X,X,,,X,X,X,X,X,X,
Colorado,,X,X,,,X,X,X,X,,X,
Connecticut,,X,X,,,X,X,X,X,,X,X
Delaware,,X,X,,,X,X,X,X,,X,X
Hawaii,,X,,,,~,X,X,,,X,
Iowa,,X,X,,,~,X,X,X,X,,
Kentucky,,X,X,,X,X,X,X,X,,X,X
Maryland,,X,X,,,,X,X,,,,
Massachusetts,,X,X,,X,~,X,X,X,X,X,
Minnesota,,,X,,,~,X,X,,,X,
Missouri,,/,/,,,,X,X,,,X,
Montana,,X,X,,,X,X,X,X,X,X,X
New Hampshire,,X,X,,,X,X,X,X,,X,X
New Jersey,,X,X,,,X,X,X,X,X,,X
New Mexico,,/,/,,,,X,X,X,,X,
North Dakota,,X,X,,,~,X,X,X,X,,
Rhode Island,,X,,,,~,X,X,,X,X,
Vermont,,X,X,,,~,X,X,X,X,X,X
Virginia,,X,X,,,X,,X,,,,
Wisconsin,,X,X,,,~,X,X,X,X,X,X
Wyoming,,X,X,,,X,,X,X,X,X,
/Data not reported.,,,,,,,,,,,,
"~Not applicable. Alaska, Hawaii, Iowa, Massachusetts, Minnesota, North Dakota, Rhode Island, Vermont, and Wisconsin did not have the death penalty in 2007.",,,,,,,,,,,,
