Bureau of Justice Statistics,,,,,,,,,,,,
Filename: spdp07t04.csv,,,,,,,,,,,,
"Table 4. Criteria used to determine whether a defendant qualified for public counsel representation, by state, 2007",,,,,,,,,,,,
"Report title: State Public Defender Programs, 2007 NCJ 228229",,,,,,,,,,,,
"Data source: Census of Public Defender Offices, 2007",,,,,,,,,,,,
"Authors: Lynn Langton, Donald Farole, Jr., Ph.D.",,,,,,,,,,,,
Refer questions to: askbjs@usdoj.gov 202-307-0765,,,,,,,,,,,,
Date of version: 08/25/10,,,,,,,,,,,,
,,,,,,,,,,,,
"Table 4. Criteria used to determine whether a defendant qualified for public counsel representation, by state, 2007",,,,,,,,,,,,
,,, Defendant's,,,,,,,,,
,,Number of factors considered/a,Income level,Receipt of public assistance,Sworn application  ,Debt level,Federal poverty guidelines,Residence in public institution/b,Judge's discretion,Unsworn application,Ability to post bail or bond,Other/c
State,Total,,21,17,16,15,13,11,9,7,6,9
Alaskad,,4,X,,X,X,,,,,,X
Arkansas,,7,X,X,X,X,X,X,X,,,
Colorado,,8,X,X,X,X,X,X,X,,X,
Connecticut,,7,X,X,,X,X,,X,X,X,
Delaware,,6,X,X,X,,,X,X,,,X
Hawaii,,6,X,X,,X,,X,,X,,X
Iowa,,4,X,,X,X,X,,,,,
Kentucky,,8,X,X,X,X,X,,X,,X,X
Maryland,,6,X,X,X,,X,X,,,,X
Massachusetts,,7,X,X,X,X,X,X,,,X,
Minnesota,,7,X,X,,X,X,X,X,X,,
Missourie,,4,X,,X,,,,,,X,X
Montana,,6,X,X,,X,X,X,,X,,
New Hampshiref ,,0,,,,,,,,,,
New Jersey,,4,X,X,X,X,,,,,,
New Mexicog,,6,X,X,,,X,X,,X,,X
North Dakota,,6,X,X,X,X,X,,X,,,
Rhode Island,,7,X,X,X,X,X,X,,X,,
Vermont,,8,X,X,X,X,X,X,X,,,X
Virginia,,4,X,X,X,,,,X,,,
Wisconsin,,6,X,X,X,,,,,X,X,X
Wyoming,,3,X,,X,X,,,,,,
a/The 2007 Census of Public Defender Offices (CPDO) included questions about 10 factors used to determine indigency.,,,,,,,,,,,,
b/Includes residence in a public mental health institution or a correctional institution.,,,,,,,,,,,,
"c/Includes family status, number of dependants, monthly expenses, worker's compensation or disability, bankruptcy, liquid assets, letters from employers, and judicial discretion.",,,,,,,,,,,,
"d/Criteria used to determine eligibility for representation in Alaska were obtained from Alaska Statute 18.85.120(b), Determination of Indigency; Repayment. (See Alaska Legal Resource Center, Web. 5 Jan. 2009 <http://www.touchngo.com/lglcntr/akstats/Statutes/Title18/Chapter85/Section120.htm>.)",,,,,,,,,,,,
"e/Criteria used to determine eligibility for representation in Missouri were obtained from Missouri Revised Statute 600.086.(1), Eligibility for representation, rules to establish indigency, how determined, procedure, appeal, false statements, penalty investigation authorized. (See Missouri revised statutes, Web. 28 Aug. 2009 <http://www.moga.mo.gov/statutes/C600-699/6000000086.htm>.)",,,,,,,,,,,,
f/New Hampshire did not use formal or written criteria to determine indigency.,,,,,,,,,,,,
"g/Criteria used to determine eligibility for representation in New Mexico were obtained from New Mexico Statutes Annotated 1978: Section 31-15-7. (See New Mexico Public Defender Department, Web. 26 Oct. 2009 <http://www.pdd.state.nm.us/aboutus/clientinfo_guideline.html>.)",,,,,,,,,,,,
