Bureau of Justice Statistics,,,,,,,,,
Filename: spdp07t02.csv,,,,,,,,,
"Table 2. General characteristics of state public defender programs, by state, 2007",,,,,,,,,
"Report title: State Public Defender Programs, 2007 NCJ 228229",,,,,,,,,
"Data source: Census of Public Defender Offices, 2007",,,,,,,,,
"Authors: Lynn Langton, Donald Farole, Jr., Ph.D.",,,,,,,,,
Refer questions to: askbjs@usdoj.gov 202-307-0765,,,,,,,,,
Date of version: 08/25/10,,,,,,,,,
,,,,,,,,,
"Table 2. General characteristics of state public defender programs, by state, 2007",,,,,,,,,
State,,State population (in thousands)/a ,Number of offices,Number of cases received/b,FTE litigating attorneys/c,Total expenditures (in thousands)/d,State judicial and legal expenditures (in thousands),Public defender expenditures as a percent of judicial and legal expenditures,
,Total,"73,370",427,"1,491,420","4,321","$833,358 ","$6,183,948 ",13.5,%
,Median,"2,907",19,"72,740",163,"33,326","230,056",14.5,
Alaska ,,681,13, / ,93,"$17,231 ","$171,776 ",10,%
Arkansas,,"2,831",31,"83,810",305,"20,047","126,664",15.8,
Colorado,,"4,843",22,"90,620",241,"37,884","251,642",15.1,
Connecticut,,"3,490",27,"83,100",127,"47,600","566,197",8.4,
Delaware,,862,7,"29,410",70,"13,713","138,845",9.9,
Hawaii,,"1,277",5,"43,770",93,"8,500","203,107",4.2,
Iowa,,"2,983",16,"70,150",96,"48,533","218,686",13.3,
Kentucky,,"4,236",31,"148,520",327,"32,513","364,033",8.9,
Maryland,,"5,619",16,"199,750",508,"77,519","456,812",17,
Massachusetts,,"6,468",28,"16,820",197,"123,400","820,454",15,
Minnesota,,"5,182",27,"139,120",371,"61,800","371,252",16.7,
Missouri,,"5,878",36,"83,160",261,"34,138","224,667",15.2,
Montana,,957,21,"22,650",128,"18,659","77,542",24.1,
New Hampshire,,"1,312",10,"24,130",107,"12,668","96,935",13.1,
New Jersey,,"8,653",23,"100,240",458,"99,000","839,868",11.8,
New Mexico,,"1,964",13,"72,740",223,"37,083","235,445",15.8,
North Dakota,,638,4,"2,270",10,"1,700","38,956",4.4,
Rhode Island,,"1,053",6,"18,760",40,"8,782","100,232",8.7,
Vermont,,621,11,"11,690",31,"6,839","53,823",12.7,
Virginia,,"7,699",29,"95,340",305,"37,369","344,876",10.8,
Wisconsin,,"5,599",35,"142,400",294,"80,766","269,400",30,
Wyoming,,523,16,"12,980",38,"7,615","54,187",14.1,
/Data not reported.,,,,,,,,,
"a/Population estimates from Population Division, U.S. Census Bureau, Table 1. Annual estimates of the population for the United States, regions, states, and Puerto Rico: April 1, 2000 to July 1, 2008. <http://www.census.gov/popest/states/NST-ann-est2008.html>.",,,,,,,,,
b/Rounded to the nearest ten. Includes cases received by general trial public defender offices only. Any indigent defense cases handled by contract or assigned counsel attorneys within the state are not included.,,,,,,,,,
c/See Methodology for a definition of full-time equivalent (FTE) litigating attorney.,,,,,,,,,
"d/The Census of Public Defender Offices, 2007, instructed respondents to report either fiscal or calendar year 2007 total public defender office expenditures for indigent defense functions, excluding any fixed capital costs.",,,,,,,,,
