Bureau of Justice Statistics,
Filename: spdp07f02.csv,
"Figure 2. Types of conflict attorney systems established in states with state public defender programs, 2007",
"Report title: State Public Defender Programs, 2007 NCJ 228229",
"Data source: Census of Public Defender Offices, 2007",
"Authors: Lynn Langton, Donald Farole, Jr., Ph.D.",
Refer questions to: askbjs@usdoj.gov 202-307-0765,
Date of version: 08/25/10,
,
"Figure 2. Types of conflict attorney systems established in states with state public defender programs, 2007",
Method for obtaining a conflict attorney,Number of programs 
In house/ethical screen,0
Jurisdictional conflict public defender office,1
State conflict public defender office,2
Previously established contract with private attorney,6
Assigned counsel program administerd through the court,6
Case-by-case-contract with private attorney,7
Assigned counsel program administerd through public defender program,11
"Note. Based on 19 states. Alaska, Missouri, and New Mexico did not provide data on obtaining conflict attorneys and are not included. Numbers do not sum to 19 due to some states using multiple methods for handling conflict cases.",
