Bureau of Justice Statistics,,,,,,,,
Filename: spdp07t07.csv,,,,,,,,
"Table 7. Number of cases received by state public defender programs, by state and case type, 2007",,,,,,,,
"Report title: State Public Defender Programs, 2007 NCJ 228229",,,,,,,,
"Data source: Census of Public Defender Offices, 2007",,,,,,,,
"Authors: Lynn Langton, Donald Farole, Jr., Ph.D.",,,,,,,,
Refer questions to: askbjs@usdoj.gov 202-307-0765,,,,,,,,
Date of version: 08/25/10,,,,,,,,
,,,,,,,,
"Table 7. Number of cases received by state public defender programs, by state and case type, 2007",,,,,,,,
State,,Total cases received/a,Felony capital,Felony non-capital,Misdemeanor/violation/b ,Juvenile-related/c,Civil/d,Appeals
,Total,"1,491,420",436,"378,440","640,230","208,400","47,620","10,870"
,Median,"72,740",2,"11,420","25,840","7,610",280,100
Arkansas,,"83,810",99,"29,190","35,500","16,460","2,410",150
Colorado,,"90,620",13,"55,160","26,670","8,780",0,0
Connecticut,,"83,100",56,/,"27,520e","5,900",100,320
Delaware,,"29,410",9,"5,820","20,340","3,130",0,110
Hawaii,,"43,770",~,"4,600","31,170","7,610",280,110
Iowa,,"70,150",~,"10,000","25,000","35,000",110,60
Kentucky,,"148,520",181,"33,170","86,700","21,850","4,430","2,230"
Maryland,,"199,750",15,"41,280","125,010","20,220","13,160",60
Massachusetts,,"16,820",~,"12,830","3,180",490,50,270
Minnesota,,"139,120",~,"28,000","83,020","26,900",0,"1,200"
Missouri,,"83,160",/,/,/,/,/,/
Montana,,"22,650",2,"5,800","12,300","1,060","3,200",290
New Hampshire,,"24,130",1,"7,420","13,350","3,250",10,90
New Jersey,,"100,240",18,"65,110",/,"17,760","16,090","1,260"
New Mexico,,"72,740",6,/,/,/,/,/
North Dakota,,"2,270",~,800,650,500,280,50
Rhode Island,,"18,760",~,"4,770","10,870","2,310",770,60
Vermont,,"11,690",~,"2,290","6,850","2,130",370,60
Virginia,,"95,340",34,"36,280","48,280","9,420",0,"1,340"
Wisconsin,,"142,400",~,"35,800","71,810","25,240","6,390","3,160"
Wyoming,,"12,980",2,120,"12,000",400,0,60
Note: Numbers rounded to the nearest ten with the exception of felony capital case numbers. Number of cases may not sum to total due to rounding. Caseload data not reported for Alaska. Includes cases received by general trial public defender offices only. Any indigent defense cases handled by contract or assigned counsel attorneys within the state are not included.,,,,,,,,
"~Not applicable. Alaska, Hawaii, Iowa, Massachusetts, Minnesota, North Dakota, Rhode Island, Vermont, and Wisconsin did not have the death penalty in 2007.",,,,,,,,
/Data not reported.,,,,,,,,
a/Refers to cases that were assigned to and accepted for representation by the public defender program.,,,,,,,,
b/Includes misdemeanors that carry a jail sentence and ordinance or municipal infractions or violations.,,,,,,,,
"c/Includes juvenile delinquency, delinquency appeals, and transfer or waiver hearing cases.",,,,,,,,
"d/Includes mental commitment, state post-conviction or habeas corpus, federal habeas corpus, status offense, child protection or dependency, termination of parental rights, or sexually violent predator cases.",,,,,,,,
e/Includes only misdemeanors that carry a jail sentence. Data on number of ordinance or municipal infraction or violations were not provided.,,,,,,,,
