Bureau of Justice Statistics,,
Filename: tcdca21f03.csv,,
"Figure 3. Federal arrests and U.S. district court convictions of American Indians and Alaska Natives, fiscal years 2012-2018",,
"Report title: Tribal Crime Data Collection Activities, 2021 NCJ 301061",,
"Data source: Bureau of Justice Statistics, Federal Criminal Case Processing Statistics, based on data from the U.S. Marshals Service, Justice Detainee Information System; and Administrative Office of U.S. Courts, Master File, fiscal years 2012-2018",,
"Author: Steven W. Perry, BJS Statistician",,
Refer questions to: askbjs@usdoj.gov 202-307-0765,,
Date of version: 7/29/2021,,
,,
"Figure 3. Federal arrests and U.S. district court convictions of American Indians and Alaska Natives, fiscal years 2012-2018",,
,Number,
Year,Arrests,Convictions
2012,"2,482","1,363"
2013,"2,882","1,443"
2014,"2,648","1,424"
2015,"2,943","1,385"
2016,"3,189","1,357"
2017,"3,260","1,607"
2018,"3,231","1,469"
Note: See table 2 for counts. Data reflect a complete enumeration.,,
"Source: Bureau of Justice Statistics, Federal Criminal Case Processing Statistics, based on data from the U.S. Marshals Service, Justice Detainee Information System; and Administrative Office of U.S. Courts, Master File, fiscal years 2012-2018.",,
