Bureau of Justice Statistics,,,,,,,,,,,
Filename: tcdca21at01.csv,,,,,,,,,,,
"Appendix Table 1. Estimates and standard errors for figure 1: Cumulative percent of American Indian and Alaska Native state prisoners released in 2012 who had a new arrest, conviction, or return to prison after release, by year following release",,,,,,,,,,,
"Report title: Tribal Crime Data Collection Activities, 2021 NCJ 301061",,,,,,,,,,,
"Data source: Bureau of Justice Statistics, Recidivism of State Prisoners Released in 2012 data collection, 2012-2017",,,,,,,,,,,
"Author: Steven W. Perry, BJS Statistician",,,,,,,,,,,
Refer questions to: askbjs@usdoj.gov 202-307-0765,,,,,,,,,,,
Date of version: 7/29/2021,,,,,,,,,,,
,,,,,,,,,,,
"Appendix Table 1. Estimates and standard errors for figure 1: Cumulative percent of American Indian and Alaska Native state prisoners released in 2012 who had a new arrest, conviction, or return to prison after release, by year following release",,,,,,,,,,,
,,Year after release,,,,,,,,,
,,Year 1,,Year 2,,Year 3,,Year 4,,Year 5,
Estimate,,,,,,,,,,,
,Arrest/a,43.3,%,60.4,%,68.9,%,74.9,%,78.9,%
,Conviction/b,28,,43,,51.9,,58.6,,63,
,Return to prison/c,24.6,,37.2,,43.2,,49,,51.2,
Standard error,,,,,,,,,,,
,Arrest/a,1.35,%,1.28,%,1.2,%,1.13,%,1.05,%
,Conviction/b,1.27,,1.35,,1.34,,1.31,,1.27,
,Return to prison/c,1.68,,1.83,,1.86,,1.87,,1.87,
Note: Data on prisoners� race or ethnicity were reported for over 99% of cases.,,,,,,,,,,,
a/Estimates are based on prisoners released across the 34 states in the study who had a new arrest.,,,,,,,,,,,
b/Estimates are based on prisoners released across the 31 states that could provide the necessary court data.,,,,,,,,,,,
c/Estimates are based on prisoners released across the 21 states that could provide the necessary data on persons returned to prison for a probation or parole violation or an arrest that led to a new sentence. ,,,,,,,,,,,
"Source: Bureau of Justice Statistics, Recidivism of State Prisoners Released in 2012 data collection, 2012-2017.",,,,,,,,,,,
