﻿Bureau of Justice Statistics,,,,,,,,,,,,,,,,,,,,,,,
Filename: ahpasp0914t10.csv,,,,,,,,,,,,,,,,,,,,,,,
"Table 10. Prior arrest offenses of persons admitted to state prison in 34 states in 2014, by demographic characteristics",,,,,,,,,,,,,,,,,,,,,,,
Report title: Arrest History of Persons Admitted to State Prison in 2009 and 2014  NCJ 305022,,,,,,,,,,,,,,,,,,,,,,,
"Data Source: Bureau of Justice Statistics, National Corrections Reporting Program, 2014; and Criminal History of State Prisoners Admitted in 2014 data collection",,,,,,,,,,,,,,,,,,,,,,,
"Authors: Matthew R. Durose, BJS Statistician, and Leonardo Antenangeli, PhD, former BJS Statistician",,,,,,,,,,,,,,,,,,,,,,,
Refer questions to: askbjs@usdoj.gov 202-307-0765,,,,,,,,,,,,,,,,,,,,,,,
Date of version: 4/14/2023,,,,,,,,,,,,,,,,,,,,,,,
,,,,,,,,,,,,,,,,,,,,,,,
"Table 10. Prior arrest offenses of persons admitted to state prison in 34 states in 2014, by demographic characteristics",,,,,,,,,,,,,,,,,,,,,,,
,,Violent,,,,,,,,,,Property,,,,,,,,,,,
Demographic characteristic,,Total violent/a,,Homicide,,Rape/sexual assault,,Robbery,,Assault,,Total property/b,,Burglary,,Larceny/motor vehicle theft,,Fraud/forgery,,Drug,,Public order,
,All persons admitted,73.7,%,4.5,%,12.5,%,23.9,%,55.8,%,81.1,%,41.2,%,59.5,%,31.6,%,70.6,%,88.3,%
Sex,,,,,,,,,,,,,,,,,,,,,,,
,Male,76.5,%,4.7,%,14,%,25.6,%,58.2,%,81.1,%,43.5,%,58.7,%,29.7,%,70.5,%,89.2,%
,Female,53.6,,3.2,,1.9,,11.8,,38.4,,81.5,,24.5,,64.9,,45.6,,71.2,,82,
Race/Hispanic origin,,,,,,,,,,,,,,,,,,,,,,,
,White/c,67.6,%,2.9,%,12.3,%,13.9,%,49.9,%,82.5,%,42.7,%,63.8,%,35.5,%,70,%,87.2,%
,Black/c,81.2,,6.1,,12.4,,37.9,,63.6,,82.6,,41.5,,56.9,,29.7,,72.6,,89.6,
,Hispanic,75.9,,5.5,,13.4,,24.8,,56.8,,74,,36.5,,52,,24.7,,69.6,,88.4,
,American Indian/Alaska Native/c,83.8,,6.5,,14.8,,20.2,,72.2,,85.2,,39.1,,62.7,,27.1,,64.4,,93.4,
,Asian/Native Hawaiian/Other Pacific Islander/c,68.6,,5.3,,11.3,,18.8,,42.3,,80.1,,34.8,,62.6,,31.5,,61.8,,90.5,
,"Other/c,d",72.1,,4,,13.7,,26.2,,47.3,,71.7,,40,,49.9,,25.3,,63,,86.7,
Age at admission,,,,,,,,,,,,,,,,,,,,,,,
,24 or younger,67.5,%,4.6,%,9.3,%,26.9,%,44.4,%,75.7,%,40.7,%,49.5,%,16.1,%,54.9,%,79.3,%
,25–39,73.4,,4.1,,10.9,,21.8,,57.1,,82.2,,38.9,,60,,32.2,,75.4,,90.1,
,40 or older,79.2,,5.2,,17.9,,25.4,,62.1,,83.4,,45.6,,66.1,,42.5,,73.7,,91.9,
Note: Prior arrests include arrests in a person’s criminal history and the arrest that resulted in their imprisonment. Details may not sum to totals because a person may have been arrested more than once for different types of offenses and each arrest may have involved more than one offense. Percentages exclude missing data. Some juvenile offenses may not be accounted for in the analysis for persons not prosecuted as an adult or due to state laws and practices regarding record sealing or expungement. See appendix table 24 for standard errors.,,,,,,,,,,,,,,,,,,,,,,,
a/Includes other violent offenses that are not shown separately.,,,,,,,,,,,,,,,,,,,,,,,
b/Includes other property offenses that are not shown separately.,,,,,,,,,,,,,,,,,,,,,,,
"c/Excludes persons of Hispanic origin (e.g., “white” refers to non-Hispanic white persons and “black” refers to non-Hispanic black persons).",,,,,,,,,,,,,,,,,,,,,,,
d/Includes persons of two or more races or other unspecified races.,,,,,,,,,,,,,,,,,,,,,,,
"Source: Bureau of Justice Statistics, National Corrections Reporting Program, 2014; and Criminal History of State Prisoners Admitted in 2014 data collection.",,,,,,,,,,,,,,,,,,,,,,,
