﻿Bureau of Justice Statistics,,,,,,,,,,,,
Filename: ahpasp0914f02.csv,,,,,,,,,,,,
Figure 2. Age at first arrest of persons admitted to state prison in 26 states in 2009 and 2014,,,,,,,,,,,,
Report title: Arrest History of Persons Admitted to State Prison in 2009 and 2014  NCJ 305022,,,,,,,,,,,,
"Data Source: Bureau of Justice Statistics, National Corrections Reporting Program, 2009 and 2014; and Criminal History of State Prisoners Admitted in 2009 and 2014 data collections",,,,,,,,,,,,
"Authors: Matthew R. Durose, BJS Statistician, and Leonardo Antenangeli, PhD, former BJS Statistician",,,,,,,,,,,,
Refer questions to: askbjs@usdoj.gov 202-307-0765,,,,,,,,,,,,
Date of version: 4/14/2023,,,,,,,,,,,,
,,,,,,,,,,,,
Figure 2. Age at first arrest of persons admitted to state prison in 26 states in 2009 and 2014,,,,,,,,,,,,
,2009*,,,,,,2014,,,,,
,,,95% confidence interval,,,,,,95% confidence interval,,,
Age at first arrest,Percent,,Lower bound,,Upper bound ,,Percent,,Lower bound,,Upper bound ,
17 or younger,31.8,%,31.2,%,32.5,%,34,% †,33.5,%,34.5,%
18–19,31.4,,30.8,,32,,31,,30.5,,31.4,
20–24,22,,21.5,,22.6,,21.4,,21,,21.8,
25–29,7.3,,7.1,,7.6,,6.9,†,6.7,,7.2,
30–34,3.5,,3.3,,3.7,,3.1,†,2.9,,3.2,
35–39,1.9,,1.8,,2,,1.6,†,1.5,,1.8,
40 or older,2,,1.9,,2.1,,2,,1.9,,2.1,
Note: Figure shows 95% confidence intervals. Data on age at first arrest were reported for over 99% of cases in 2009 and 2014. Percentages exclude missing data. Some juvenile offenses may not be accounted for in the analysis for persons not prosecuted as an adult or due to state laws and practices regarding record sealing or expungement. See appendix table 7 for standard errors.,,,,,,,,,,,,
*Comparison year.,,,,,,,,,,,,
†Difference with comparison year is significant at the 95% confidence level.,,,,,,,,,,,,
"Source: Bureau of Justice Statistics, National Corrections Reporting Program, 2009 and 2014; and Criminal History of State Prisoners Admitted in 2009 and 2014 data collections. ",,,,,,,,,,,,
