﻿Bureau of Justice Statistics,,,,,,
Filename: ahpasp0914at02.csv,,,,,,
"Appendix table 2. Persons admitted to state prison in 34 states in 2014 who were included in the study sample and whose criminal history data were collected, by state",,,,,,
Report title: Arrest History of Persons Admitted to State Prison in 2009 and 2014  NCJ 305022,,,,,,
"Data Source: Bureau of Justice Statistics, National Corrections Reporting Program, 2014; and Criminal History of State Prisoners Admitted in 2014 data collection",,,,,,
"Authors: Matthew R. Durose, BJS Statistician, and Leonardo Antenangeli, PhD, former BJS Statistician",,,,,,
Refer questions to: askbjs@usdoj.gov 202-307-0765,,,,,,
Date of version: 4/14/2023,,,,,,
,,,,,,
"Appendix table 2. Persons admitted to state prison in 34 states in 2014 who were included in the study sample and whose criminal history data were collected, by state",,,,,,
,,Admitted persons included in the study,,Criminal history data collected,,
State,,Weighted total,Sample size,Number,Percent,
,All states,"369,200","93,900","90,900",96.8,%
Arizona*,,"16,800","3,500","3,500",99.2,
Arkansas*,,"11,300","2,900","2,700",93.3,
California*,,"37,900","7,100","7,000",99.1,
Colorado*,,"9,500","2,900","2,900",98.7,
Delaware,,"4,500","1,800","1,700",95.3,
Georgia*,,"18,000","4,500","4,400",98.7,
Hawaii*,,"2,100","1,200","1,200",99.6,
Idaho,,600,500,400,80.6,
Iowa*,,"5,300","2,000","2,000",99.1,
Kansas,,"4,300","2,100","2,100",97.9,
Kentucky*,,"16,100","3,100","2,900",92.6,
Louisiana*,,"14,900","3,300","3,300",98.8,
Maine,,"1,000",700,700,88.3,
Massachusetts*,,"2,600","1,600","1,600",98.2,
Minnesota*,,"7,300","2,800","2,800",98.4,
Mississippi,,"7,800","2,600","2,200",86.5,
Missouri*,,"18,800","3,600","3,600",99.3,
Nebraska*,,"2,400","1,400","1,400",97.7,
Nevada*,,"5,600","2,200","2,100",97.3,
New Jersey*,,"9,200","2,700","2,700",99,
New York*,,"20,400","4,300","4,100",94.3,
North Carolina*,,"16,000","3,800","3,700",96.9,
North Dakota*,,"1,300",900,900,98.9,
Ohio,,"17,000","4,000","3,900",95.9,
Oregon*,,"5,000","2,300","2,300",99.6,
Pennsylvania*,,"20,100","4,400","4,400",98.7,
South Carolina*,,"7,100","2,500","2,400",99.5,
South Dakota*,,"1,700","1,100","1,100",98.1,
Tennessee,,"16,400","3,300","3,100",92.6,
Texas*,,"47,500","5,900","5,900",99.4,
Washington*,,"7,800","2,700","2,700",99.4,
West Virginia,,"3,400","1,700","1,400",79.8,
Wisconsin*,,"8,800","3,400","3,300",99.3,
Wyoming*,,900,700,600,87,
"Note: Person counts are rounded to the nearest 100. Percentages are based on unrounded sample sizes. Details may not sum to totals due to rounding. Excludes persons admitted to state prison whose sentence was less than 1 year, admissions following an escape or absence without leave, admissions due to a transfer, and persons who died during the follow-up period. For persons admitted to prison in the same state multiple times during 2014, the first admission was used.  ",,,,,,
*One of the 26 states in both the 2009 and 2014 admission cohorts.,,,,,,
"Source: Bureau of Justice Statistics, National Corrections Reporting Program, 2014; and Criminal History of State Prisoners Admitted in 2014 data collection.",,,,,,
