﻿Bureau of Justice Statistics,,,,,,,,,,,,,,,
Filename: ahpasp0914at16.csv,,,,,,,,,,,,,,,
"Appendix table 16. Prior arrests of persons admitted to state prison in 34 states in 2014, by race or Hispanic origin",,,,,,,,,,,,,,,
Report title: Arrest History of Persons Admitted to State Prison in 2009 and 2014  NCJ 305022,,,,,,,,,,,,,,,
"Data Source: Bureau of Justice Statistics, National Corrections Reporting Program, 2014; and Criminal History of State Prisoners Admitted in 2014 data collection",,,,,,,,,,,,,,,
"Authors: Matthew R. Durose, BJS Statistician, and Leonardo Antenangeli, PhD, former BJS Statistician",,,,,,,,,,,,,,,
Refer questions to: askbjs@usdoj.gov 202-307-0765,,,,,,,,,,,,,,,
Date of version: 4/14/2023,,,,,,,,,,,,,,,
,,,,,,,,,,,,,,,
"Appendix table 16. Prior arrests of persons admitted to state prison in 34 states in 2014, by race or Hispanic origin",,,,,,,,,,,,,,,
Prior arrests,,All persons admitted,,White/a*,,Black/a,,Hispanic,,American Indian/Alaska Native/a,,Asian/Native Hawaiian/Other Pacific Islander/a,,"Other/a,b",
,Total,100,%,100,%,100,%,100,%,100,%,100,%,100,%
2 or fewer,,10.4,%,10.7,%,8.6,% †,13,% †,6.3,% †,12.4,%,17.8,% †
,1,4.6,,4.9,,3.6,,6,,2.8,,4.6,,7.8,
,2,5.7,,5.8,,5,,7.1,,3.5,,7.8,,10,
3–4,,12.9,%,13.2,%,12.5,% †,13.1,%,9.1,% †,11.4,% †,15.2,%
,3,6.3,,6.4,,6.1,,6.5,,4.4,,7.4,,4.9,
,4,6.6,,6.8,,6.3,,6.5,,4.8,,4.1,,10.3,
5–9,,30.6,%,31.3,%,30.3,% †,29.8,% †,26.9,% †,25.7,% †,27.4,%
10–11,,8.9,%,8.8,%,9.2,%,8.8,%,9.9,%,9.2,%,8.7,%
12 or more,,37.2,%,36,%,39.5,% †,35.3,%,47.8,% †,41.3,% †,31,% †
,12–14,10.8,,10.8,,11.1,,10.3,,13,,14.3,,7.3,
,15 or more,26.4,,25.2,,28.4,,25,,34.8,,27,,23.7,
Median,,9,,9,,9,,8,,11,,10,,7,
Mean,,11.3,,11,,12,,10.8,,13.8,,11.6,,10.3,
Note: Data on race or Hispanic origin were reported for over 99% of cases in 2014. Prior arrests include arrests in a person’s criminal history and the arrest that resulted in their imprisonment. Percentages exclude missing data. Some juvenile offenses may not be accounted for in the analysis for persons not prosecuted as an adult or due to state laws and practices regarding record sealing or expungement. See appendix table 17 for standard errors.,,,,,,,,,,,,,,,
*Comparison group.,,,,,,,,,,,,,,,
†Difference with comparison group is significant at the 95% confidence level. Significance tests were not conducted on prior arrest subcategories.,,,,,,,,,,,,,,,
"a/Excludes persons of Hispanic origin (e.g., “white” refers to non-Hispanic white persons and “black” refers to non-Hispanic black persons).",,,,,,,,,,,,,,,
b/Includes persons of two or more races or other unspecified races.,,,,,,,,,,,,,,,
"Source: Bureau of Justice Statistics, National Corrections Reporting Program, 2014; and Criminal History of State Prisoners Admitted in 2014 data collection.",,,,,,,,,,,,,,,
