﻿Bureau of Justice Statistics,,,,,,,,,
Filename: ahpasp0914t05.csv,,,,,,,,,
"Table 5. Criminal history length of persons admitted to state prison in 34 states in 2014, by age at admission",,,,,,,,,
Report title: Arrest History of Persons Admitted to State Prison in 2009 and 2014  NCJ 305022,,,,,,,,,
"Data Source:  Bureau of Justice Statistics, National Corrections Reporting Program, 2014; and Criminal History of State Prisoners Admitted in 2014 data collection",,,,,,,,,
"Authors: Matthew R. Durose, BJS Statistician, and Leonardo Antenangeli, PhD, former BJS Statistician",,,,,,,,,
Refer questions to: askbjs@usdoj.gov 202-307-0765,,,,,,,,,
Date of version: 4/14/2023,,,,,,,,,
,,,,,,,,,
"Table 5. Criminal history length of persons admitted to state prison in 34 states in 2014, by age at admission",,,,,,,,,
Criminal history length,,All ages,,24 or younger,,25–39,,40 or older,
,Total,100,%,100,%,100,%,100,%
Less than 2 years,,7.5,,20.6,,4.1,,3.5,
2–4,,11.9,,38.5,,6.1,,2.1,
5–9,,22,,37.2,,25.8,,3.5,
10–19,,35,,3.7,,58.7,,16.1,
20 or more,,23.6,,0,,5.3,,74.8,
Note: Data on age at first arrest and age at admission were reported for over 99% of cases in 2014. Percentages exclude missing data. Some juvenile offenses may not be accounted for in the analysis for persons not prosecuted as an adult or due to state laws and practices regarding record sealing or expungement. See appendix table 8 for standard errors. ,,,,,,,,,
"Source: Bureau of Justice Statistics, National Corrections Reporting Program, 2014; and Criminal History of State Prisoners Admitted in 2014 data collection.",,,,,,,,,
