﻿Bureau of Justice Statistics,,,,,,,
Filename: ahpasp0914at14.csv,,,,,,,
"Appendix table 14. Standard errors for appendix table 13: Prior arrests of persons admitted to state prison in 34 states in 2014, by sex",,,,,,,
Report title: Arrest History of Persons Admitted to State Prison in 2009 and 2014  NCJ 305022,,,,,,,
"Data Source: Bureau of Justice Statistics, National Corrections Reporting Program, 2014; and Criminal History of State Prisoners Admitted in 2014 data collection",,,,,,,
"Authors: Matthew R. Durose, BJS Statistician, and Leonardo Antenangeli, PhD, former BJS Statistician",,,,,,,
Refer questions to: askbjs@usdoj.gov 202-307-0765,,,,,,,
Date of version: 4/14/2023,,,,,,,
,,,,,,,
"Appendix table 14. Standard errors for appendix table 13: Prior arrests of persons admitted to state prison in 34 states in 2014, by sex",,,,,,,
Prior arrests,,Total,,Male,,Female,
,Total,~,,~,,~,
2 or fewer,,0.12,%,0.13,%,0.19,%
,1,0.08,,0.09,,0.13,
,2,0.09,,0.1,,0.15,
3–4,,0.14,%,0.16,%,0.21,%
,3,0.1,,0.11,,0.16,
,4,0.11,,0.12,,0.15,
5–9,,0.21,%,0.23,%,0.26,%
10–11,,0.13,%,0.15,%,0.16,%
12 or more,,0.21,%,0.24,%,0.24,%
,12–14,0.14,,0.16,,0.16,
,15 or more,0.19,,0.22,,0.21,
Median,,~,,~,,~,
Mean,,0.04,,0.05,,0.04,
~Not applicable.,,,,,,,
"Source: Bureau of Justice Statistics, National Corrections Reporting Program, 2014; and Criminal History of State Prisoners Admitted in 2014 data collection.",,,,,,,
