﻿Bureau of Justice Statistics,,,,,,,,,,,,,,,
Filename: ahpasp0914at17.csv,,,,,,,,,,,,,,,
"Appendix table 17. Standard errors for appendix table 16: Prior arrests of persons admitted to state prison in 34 states in 2014, by race or Hispanic origin",,,,,,,,,,,,,,,
Report title: Arrest History of Persons Admitted to State Prison in 2009 and 2014  NCJ 305022,,,,,,,,,,,,,,,
"Data Source: Bureau of Justice Statistics, National Corrections Reporting Program, 2014; and Criminal History of State Prisoners Admitted in 2014 data collection",,,,,,,,,,,,,,,
"Authors: Matthew R. Durose, BJS Statistician, and Leonardo Antenangeli, PhD, former BJS Statistician",,,,,,,,,,,,,,,
Refer questions to: askbjs@usdoj.gov 202-307-0765,,,,,,,,,,,,,,,
Date of version: 4/14/2023,,,,,,,,,,,,,,,
,,,,,,,,,,,,,,,
"Appendix table 17. Standard errors for appendix table 16: Prior arrests of persons admitted to state prison in 34 states in 2014, by race or Hispanic origin",,,,,,,,,,,,,,,
Prior arrests,,All persons admitted,,White,,Black,,Hispanic,,American Indian/Alaska Native,,Asian/Native Hawaiian/Other Pacific Islander,,Other,
,Total,~,,~,,~,,~,,~,,~,,~,
2 or fewer,,0.12,%,0.16,%,0.19,%,0.41,%,0.49,%,1.14,%,1.79,%
,1,0.08,,0.1,,0.13,,0.27,,0.33,,0.53,,1.06,
,2,0.09,,0.12,,0.15,,0.32,,0.36,,1.04,,1.52,
3–4,,0.14,%,0.19,%,0.25,%,0.45,%,0.63,%,0.86,%,1.84,%
,3,0.1,,0.13,,0.18,,0.32,,0.47,,0.75,,0.87,
,4,0.11,,0.14,,0.19,,0.34,,0.44,,0.42,,1.69,
5–9,,0.21,%,0.28,%,0.36,%,0.65,%,1.13,%,1.5,%,2.22,%
10–11,,0.13,%,0.17,%,0.23,%,0.41,%,0.92,%,0.96,%,1.47,%
12 or more,,0.21,%,0.29,%,0.38,%,0.66,%,1.35,%,1.78,%,2.44,%
,12–14,0.14,,0.19,,0.25,,0.43,,0.98,,1.44,,1.33,
,15 or more,0.19,,0.27,,0.35,,0.6,,1.32,,1.59,,2.3,
Median,,~,,~,,~,,~,,~,,~,,~,
Mean,,0.04,,0.06,,0.08,,0.12,,0.33,,0.27,,0.48,
~Not applicable.,,,,,,,,,,,,,,,
"Source: Bureau of Justice Statistics, National Corrections Reporting Program, 2014; and Criminal History of State Prisoners Admitted in 2014 data collection.",,,,,,,,,,,,,,,
