﻿Bureau of Justice Statistics,,,,,,,,,,,
Filename: ahpasp0914at09.csv,,,,,,,,,,,
Appendix table 9. Standard errors for table 6: Criminal history of persons admitted to state prison in 2009 and 2014,,,,,,,,,,,
Report title: Arrest History of Persons Admitted to State Prison in 2009 and 2014  NCJ 305022,,,,,,,,,,,
"Data Source: Bureau of Justice Statistics, National Corrections Reporting Program, 2009 and 2014; and Criminal History of State Prisoners Admitted in 2009 and 2014 data collections",,,,,,,,,,,
"Authors: Matthew R. Durose, BJS Statistician, and Leonardo Antenangeli, PhD, former BJS Statistician",,,,,,,,,,,
Refer questions to: askbjs@usdoj.gov 202-307-0765,,,,,,,,,,,
Date of version: 4/14/2023,,,,,,,,,,,
,,,,,,,,,,,
Appendix table 9. Standard errors for table 6: Criminal history of persons admitted to state prison in 2009 and 2014,,,,,,,,,,,
,,,,,,,,In 26 states with both 2009 and 2014 admissions,,,
,,,,In 29 states in 2009,,In 34 states in 2014,,2009,,2014,
,All persons admitted,,,~,,~,,~,,~,
Prior arrests,,,,,,,,,,,
,2 or fewer,,,0.13,%,0.12,%,0.14,%,0.13,%
,,1,,0.09,,0.08,,0.1,,0.08,
,,2,,0.1,,0.09,,0.11,,0.1,
,3–4,,,0.16,,0.14,,0.18,,0.16,
,,3,,0.11,,0.1,,0.12,,0.11,
,,4,,0.12,,0.11,,0.13,,0.12,
,5 or more,,,0.2,,0.17,,0.21,,0.19,
,,5–9,,0.25,,0.21,,0.27,,0.23,
,,10–11,,0.17,,0.13,,0.19,,0.15,
,,12 or more,,0.19,,0.21,,0.3,,0.24,
,,,12–14,0.28,,0.14,,0.21,,0.16,
,,,15 or more,0.28,,0.19,,0.3,,0.22,
,Median,,,~,,~,,~,,~,
,Mean,,,0.07,,0.04,,0.07,,0.05,
,Total,,,"29,600",,"15,000",,"28,600",,"14,400",
Prior convictions,,,,,,,,,,,
,Median,,,~,,~,,~,,~,
,Mean,,,0.03,,0.02,,0.03,,0.02,
,Number of persons admitted,,,50,,80,,50,,40,
~Not applicable.,,,,,,,,,,,
"Source: Bureau of Justice Statistics, National Corrections Reporting Program, 2009 and 2014; and Criminal History of State Prisoners Admitted in 2009 and 2014 data collections.",,,,,,,,,,,
