﻿Bureau of Justice Statistics,,,,,
Filename: ahpasp0914at27.csv,,,,,
"Appendix table 27. Standard errors for table 13: Persons admitted to state prison in 2009 who were arrested in the first 2 years following release, by demographic characteristics",,,,,
Report title: Arrest History of Persons Admitted to State Prison in 2009 and 2014  NCJ 305022,,,,,
"Data Source: Bureau of Justice Statistics, National Corrections Reporting Program, 2009–2015; and Criminal History of State Prisoners Admitted in 2009 data collection",,,,,
"Authors: Matthew R. Durose, BJS Statistician, and Leonardo Antenangeli, PhD, former BJS Statistician",,,,,
Refer questions to: askbjs@usdoj.gov 202-307-0765,,,,,
Date of version: 4/14/2023,,,,,
,,,,,
"Appendix table 27. Standard errors for table 13: Persons admitted to state prison in 2009 who were arrested in the first 2 years following release, by demographic characteristics",,,,,
,,Arrested following release,,,
Demographic characteristic,,Year 1,,Year 2,
,All persons released,0.32,%,0.31,%
Sex,,,,,
,Male,0.36,%,0.34,%
,Female,0.37,,0.37,
Race/ethnicity,,,,,
,White,0.48,%,0.46,%
,Black,0.54,,0.5,
,Hispanic,0.88,,0.83,
,American Indian/Alaska Native,2.19,,2,
,Asian/Native Hawaiian/Other Pacific Islander,5.54,,5.64,
,Other,4.47,,4.39,
Age at admission,,,,,
,24 or younger,0.68,%,0.63,%
,25–39,0.48,,0.45,
,40 or older,0.64,,0.61,
"Source: Bureau of Justice Statistics, National Corrections Reporting Program, 2009–2015; and Criminal History of State Prisoners Admitted in 2009 data collection.",,,,,
