﻿Bureau of Justice Statistics,,,,,,,,,,,,,,,,,,,,,,,
Filename: ahpasp0914at24.csv,,,,,,,,,,,,,,,,,,,,,,,
"Appendix table 24. Standard errors for table 10: Prior arrest offenses of persons admitted to state prison in 34 states in 2014, by demographic characteristics",,,,,,,,,,,,,,,,,,,,,,,
Report title: Arrest History of Persons Admitted to State Prison in 2009 and 2014  NCJ 305022,,,,,,,,,,,,,,,,,,,,,,,
"Data Source: Bureau of Justice Statistics, National Corrections Reporting Program, 2014; and Criminal History of State Prisoners Admitted in 2014 data collection",,,,,,,,,,,,,,,,,,,,,,,
"Authors: Matthew R. Durose, BJS Statistician, and Leonardo Antenangeli, PhD, former BJS Statistician",,,,,,,,,,,,,,,,,,,,,,,
Refer questions to: askbjs@usdoj.gov 202-307-0765,,,,,,,,,,,,,,,,,,,,,,,
Date of version: 4/14/2023,,,,,,,,,,,,,,,,,,,,,,,
,,,,,,,,,,,,,,,,,,,,,,,
"Appendix table 24. Standard errors for table 10: Prior arrest offenses of persons admitted to state prison in 34 states in 2014, by demographic characteristics",,,,,,,,,,,,,,,,,,,,,,,
,,Violent,,,,,,,,,,Property,,,,,,,,,,,
Demographic characteristic,,Total violent,,Homicide,,Rape/sexual assault,,Robbery,,Assault,,Total property,,Burglary,,Larceny/motor vehicle theft,,Fraud/forgery,,Drug,,Public order,
,All persons admitted,0.19,%,0.07,%,0.13,%,0.19,%,0.22,%,0.17,%,0.22,%,0.22,%,0.2,%,0.2,%,0.13,%
Sex,,,,,,,,,,,,,,,,,,,,,,,
,Male,0.21,%,0.08,%,0.15,%,0.22,%,0.25,%,0.19,%,0.25,%,0.25,%,0.23,%,0.22,%,0.15,%
,Female,0.27,,0.07,,0.06,,0.17,,0.26,,0.21,,0.23,,0.26,,0.27,,0.24,,0.21,
Race/Hispanic origin,,,,,,,,,,,,,,,,,,,,,,,
,White,0.27,%,0.08,%,0.17,%,0.22,%,0.3,%,0.21,%,0.3,%,0.28,%,0.29,%,0.26,%,0.18,%
,Black,0.31,,0.15,,0.23,,0.38,,0.37,,0.29,,0.39,,0.38,,0.35,,0.34,,0.23,
,Hispanic,0.6,,0.25,,0.4,,0.62,,0.69,,0.59,,0.69,,0.7,,0.6,,0.62,,0.42,
,American Indian/Alaska Native,0.87,,0.59,,0.94,,1.19,,1.09,,0.9,,1.35,,1.28,,1.16,,1.26,,0.53,
,Asian/Native Hawaiian/Other Pacific Islander,1.67,,0.85,,0.66,,1.29,,1.79,,1.36,,1.76,,1.75,,1.77,,1.6,,0.92,
,Other,2.24,,0.49,,1.41,,2.31,,2.55,,2.25,,2.54,,2.55,,2.19,,2.41,,1.41,
Age at admission,,,,,,,,,,,,,,,,,,,,,,,
,24 or younger,0.46,%,0.14,%,0.25,%,0.45,%,0.49,%,0.4,%,0.49,%,0.49,%,0.36,%,0.49,%,0.39,%
,25–39,0.27,,0.1,,0.17,,0.27,,0.3,,0.23,,0.31,,0.31,,0.29,,0.26,,0.17,
,40 or older,0.34,,0.17,,0.29,,0.38,,0.4,,0.3,,0.42,,0.4,,0.42,,0.35,,0.19,
"Source: Bureau of Justice Statistics, National Corrections Reporting Program, 2014; and Criminal History of State Prisoners Admitted in 2014 data collection.",,,,,,,,,,,,,,,,,,,,,,,
