Bureau of Justice Statistics,,,,,,,,,,
Filename: tcdca20at01.csv,,,,,,,,,,
"Appendix table 1. Standard errors for table 2: Jail incarceration rates, by race or ethnicity, 2010-2018",,,,,,,,,,
"Report title: Tribal Crime Data-Collection Activities, 2020  NCJ 254789",,,,,,,,,,
"Data Source: Zeng, Z. (2020). Jail Inmates in 2018 (NCJ 253044). Bureau of Justice Statistics. https://www.bjs.gov/content/pub/pdf/ji18.pdf",,,,,,,,,,
"Author: Steven W. Perry, BJS Statistician",,,,,,,,,,
Refer questions to: askbjs@usdoj.gov 202-307-0765,,,,,,,,,,
Date of version: 7/30/2020,,,,,,,,,,
,,,,,,,,,,
"Appendix table 1. Standard errors for table 2: Jail incarceration rates, by race or ethnicity, 2010-2018",,,,,,,,,,
Race or ethnicity,,2010,2011,2012,2013,2014,2015,2016,2017,2018
,All,1.8,1.9,2.5,2.5,2.6,2.2,1.9,2,2.2
White,,1.8,1.9,2.2,2.3,2.3,2.1,2.2,2.3,2.6
Black,,8.4,8.9,11.9,12.4,11.9,8.9,9.1,9.8,10.3
Hispanic,,4.2,5,5.6,4.8,4.9,5.8,3.4,3.7,3.8
American Indian/Alaska Native,,44.3,40.7,37.5,40,39.4,38.2,35.7,33.2,37.9
Asian,,0.8,1.2,1.4,0.8,0.9,0.9,0.8,0.9,0.7
Other,,2.8,2.4,2.9,3.2,3.1,2.3,4.8,3.5,10.1
"Source: Zeng, Z. (2020). Jail Inmates in 2018 (NCJ 253044). Bureau of Justice Statistics. https://www.bjs.gov/content/pub/pdf/ji18.pdf",,,,,,,,,,
