Bureau of Justice Statistics,,,,,,,
Filename: tcdca20t01.csv,,,,,,,
"Table 1. Universe and response rates for the Census of Tribal Law Enforcement Agencies, by type of agency, 2019",,,,,,,
"Report title: Tribal Crime Data-Collection Activities, 2020  NCJ 254789",,,,,,,
"Data Source: Bureau of Justice Statistics, Census of Tribal Law Enforcement Agencies, 2019",,,,,,,
"Author: Steven W. Perry, BJS Statistician",,,,,,,
Refer questions to: askbjs@usdoj.gov 202-307-0765,,,,,,,
Date of version: 7/30/2020,,,,,,,
,,,,,,,
"Table 1. Universe and response rates for the Census of Tribal Law Enforcement Agencies, by type of agency, 2019",,,,,,,
,,Universe*,,,Unweighted completed responses,Unweighted response rate,
Type of agency,,Count ,Percent ,,,,
,CTLEA universe ,258,100,%,238,92,%
Total tribal-operated agencies ,,234,91,%,214,92,%
,Tribal law enforcement ,203,79,,185,93,
,Conservation/wildlife enforcement ,30,12,,28,82,
,Tribal university/college police ,1,<1,,1,100,
Total federal/state-operated agencies ,,24,9,%,24,100,%
,Bureau of Indian Affairs police agencies ,23,9,,23,100,
,Alaska State Troopers ,1,<1,,1,100,
Note: Details may not sum to totals due to rounding. The Census of Tribal Law Enforcement Agencies (CTLEA) includes tribal agencies that employed at least one full-time sworn law enforcement officer with general arrest powers or the authority to issue citations. Final CTLEA sample uses weights to adjust for non-response.,,,,,,,
"*Excludes duplicate, subordinate, ineligible, and other out-of-scope agencies identified in the CTLEA.",,,,,,,
"Source: Bureau of Justice Statistics, Census of Tribal Law Enforcement Agencies, 2019. ",,,,,,,
