Bureau of Justice Statistics,,,,,,
Filename: tcdca20t04.csv,,,,,,
"Table 4. Offenders sentenced in U.S. district courts, by race, FY 2012-2016 ",,,,,,
"Report title: Tribal Crime Data-Collection Activities, 2020  NCJ 254789",,,,,,
"Data Source: Bureau of Justice Statistics, Federal Criminal Case Processing Statistics, fiscal years 2012-2016",,,,,,
"Author: Steven W. Perry, BJS Statistician",,,,,,
Refer questions to: askbjs@usdoj.gov 202-307-0765,,,,,,
Date of version: 7/30/2020,,,,,,
,,,,,,
"Table 4. Offenders sentenced in U.S. district courts, by race, FY 2012-2016 ",,,,,,
Race,,2012,2013,2014,2015,2016
,Total,"84,173","80,035","75,836","71,003","67,742"
White,,"55,508","52,384","53,632","51,638","49,106"
Black,,"16,506","15,922","15,940","14,814","14,673"
American Indian/Alaska Native,,"1,355","1,429","1,417","1,367","1,357"
Asian/Pacific Islander,,"1,358","1,367","1,494","1,322","1,189"
Other*,,"9,446","8,933","3,353","1,862","1,417"
Note: Race categories include persons of Hispanic origin.,,,,,,
"*Includes persons of other races, of two or more races, or for whom race was missing or unknown.",,,,,,
"Source: Bureau of Justice Statistics, Federal Criminal Case Processing Statistics, fiscal years 2012-2016.",,,,,,
