Bureau of Justice Statistics,,,,,,,,,,,,,,,,,,,,,,,
Filename: hivpstat7,,,,,,,,,,,,,,,,,,,,,,,
"Appendix table 7.  HIV testing practices for state and federal prisoners while in custody, by jurisdiction, 2011",,,,,,,,,,,,,,,,,,,,,,,
"Report title: HIV in Prisons, 2015 - Statistical Tables
",,,,,,,,,,,,,,,,,,,,,,,
"Data source:  Bureau of Justice Statistics, National Prisoner Statistics Program, 2011.",,,,,,,,,,,,,,,,,,,,,,,
"Authors:Laura M. Maruschak and Jennifer Bronson, Ph.D., BJS Statisticians
",,,,,,,,,,,,,,,,,,,,,,,
Refer questions to: askbjs@usdoj.gov 202-307-0765,,,,,,,,,,,,,,,,,,,,,,,
Date of release: 08/24/17,,,,,,,,,,,,,,,,,,,,,,,
 ,,,,,,,,,,,,,,,,,,,,,,,
"Appendix table 7.  HIV testing practices for state and federal prisoners while in custody, by jurisdiction, 2011",,,,,,,,,,,,,,,,,,,,,,,
,,,,,,,,,,,,,,,,,,,,,,,
Jurisdiction,Offered during routine medical exam,High-risk groups,Upon prisoner request,Upon clinical indication,Upon court order,After involvement in an incident,Other,,,,,,,,,,,,,,,,
Federal,X,X,X,X,X,X,,,,,,,,,,,,,,,,,
State,,,,,,,,,,,,,,,,,,,,,,,
Alabama,X,X,X,X,X,,,,,,,,,,,,,,,,,,
Arizona,,,X,,,X,,,,,,,,,,,,,,,,,
Arkansas/a,X,X,X,X,X,X,X,,,,,,,,,,,,,,,,
California,X,,X,X,X,X,,,,,,,,,,,,,,,,,
Colorado,X,X,X,X,X,X,,,,,,,,,,,,,,,,,
Connecticut,,X,X,X,X,X,,,,,,,,,,,,,,,,,
Delaware,X,X,X,X,X,,,,,,,,,,,,,,,,,,
Florida,,,X,,X,,,,,,,,,,,,,,,,,,
Georgia,,X,X,X,,,,,,,,,,,,,,,,,,,
Hawaii,,,X,X,X,,,,,,,,,,,,,,,,,,
Illinois,,X,X,X,X,X,,,,,,,,,,,,,,,,,
Indiana,,X,X,X,X,X,,,,,,,,,,,,,,,,,
Iowa,,,X,X,X,X,,,,,,,,,,,,,,,,,
Kansas/b,X,,X,X,X,X,X,,,,,,,,,,,,,,,,
Kentucky,,X,X,X,X,X,,,,,,,,,,,,,,,,,
Louisiana,,X,X,X,X,X,,,,,,,,,,,,,,,,,
Maine,,,X,X,,X,,,,,,,,,,,,,,,,,
Maryland,X,X,X,X,X,X,,,,,,,,,,,,,,,,,
Massachusetts,X,,X,X,,X,,,,,,,,,,,,,,,,,
Michigan,X,,X,X,X,X,,,,,,,,,,,,,,,,,
Minnesota,,,X,X,X,X,,,,,,,,,,,,,,,,,
Mississippi,,X,X,X,X,X,,,,,,,,,,,,,,,,,
Missouri,,X,X,X,X,X,,,,,,,,,,,,,,,,,
Montana,,,X,X,,X,,,,,,,,,,,,,,,,,
Nebraska,,,X,X,X,X,,,,,,,,,,,,,,,,,
New Hampshire,,,X,X,,X,,,,,,,,,,,,,,,,,
New Jersey,,X,X,X,X,X,,,,,,,,,,,,,,,,,
New Mexico,X,,X,X,X,,,,,,,,,,,,,,,,,,
New York/c,X,,X,,X,,X,,,,,,,,,,,,,,,,
North Carolina,,,X,X,X,X,,,,,,,,,,,,,,,,,
North Dakota,,,X,X,X,X,,,,,,,,,,,,,,,,,
Oklahoma,,,X,X,,X,,,,,,,,,,,,,,,,,
Oregon,,,X,,X,,,,,,,,,,,,,,,,,,
Pennsylvania,X,X,X,X,X,X,,,,,,,,,,,,,,,,,
Rhode Island/d,,,X,,,,X,,,,,,,,,,,,,,,,
South Carolina/e,,,X,X,X,X,X,,,,,,,,,,,,,,,,
South Dakota,,,X,X,,X,,,,,,,,,,,,,,,,,
Tennessee,,,X,X,X,,,,,,,,,,,,,,,,,,
Texas,X,,X,X,X,X,,,,,,,,,,,,,,,,,
Utah,,X,,X,,X,,,,,,,,,,,,,,,,,
Vermont,X,,,,,,,,,,,,,,,,,,,,,,
Virginia,,X,,X,X,X,,,,,,,,,,,,,,,,,
Washington,,,X,X,X,X,,,,,,,,,,,,,,,,,
West Virginia,,,X,,,,,,,,,,,,,,,,,,,,
Wisconsin,,,X,X,X,X,,,,,,,,,,,,,,,,,
Wyoming,,,X,X,,,,,,,,,,,,,,,,,,,
"Note: Alaska, Nevada, and Ohio did not report data on HIV testing practices while in custody. Idaho reported that they did not test prisoners for HIV while in custody. As of December 31, 2001, sentenced felons from the District of Columbia were the responsibility of the Federal Bureau of Prisons; therefore, specific testing practices for the District of Columbia are not included in this table.",,,,,,,,,,,,,,,,,,,,,,,
a/Conducted repeat intake testing 90�120 days after intake.,,,,,,,,,,,,,,,,,,,,,,,
b/Tested if pregnant.,,,,,,,,,,,,,,,,,,,,,,,
c/Test was offered on a voluntary basis under the following circumstances: transfers between facilities and participation in the Family Reunion Program.,,,,,,,,,,,,,,,,,,,,,,,
d/Tested upon sentencing.,,,,,,,,,,,,,,,,,,,,,,,
e/Tested if source in bloodborne pathogen exposure.,,,,,,,,,,,,,,,,,,,,,,,
"Source: Bureau of Justice Statistics, National Prisoner Statistics Program, 2011.",,,,,,,,,,,,,,,,,,,,,,,
