Bureau of Justice Statistics,,,,,,,,,,,,,,,,,,,,,,,
Filename: hivpstat9,,,,,,,,,,,,,,,,,,,,,,,
"Appendix table 9. HIV testing practices for state and federal prisoners during discharge planning, by jurisdiction, 2011",,,,,,,,,,,,,,,,,,,,,,,
"Report title: HIV in Prisons, 2015 - Statistical Tables
",,,,,,,,,,,,,,,,,,,,,,,
"Data source: Bureau of Justice Statistics, National Prisoner Statistics Program, 2011.",,,,,,,,,,,,,,,,,,,,,,,
"Authors:Laura M. Maruschak and Jennifer Bronson, Ph.D., BJS Statisticians
",,,,,,,,,,,,,,,,,,,,,,,
Refer questions to: askbjs@usdoj.gov 202-307-0765,,,,,,,,,,,,,,,,,,,,,,,
Date of release: 08/24/17,,,,,,,,,,,,,,,,,,,,,,,
 ,,,,,,,,,,,,,,,,,,,,,,,
"Appendix table 9. HIV testing practices for state and federal prisoners during discharge planning, by jurisdiction, 2011",,,,,,,,,,,,,,,,,,,,,,,
,,,,,,,,,,,,,,,,,,,,,,,
Jurisdiction,All prisoners offered,Some prisoners offered,Only upon prisoner request,Other,Did not test,,,,,,,,,,,,,,,,,,
Federal,,,X,,,,,,,,,,,,,,,,,,,,
State,,,,,,,,,,,,,,,,,,,,,,,
Alabama/a,,,,X,,,,,,,,,,,,,,,,,,,
Arizona,,,X,,,,,,,,,,,,,,,,,,,,
Arkansas/a,,,,X,,,,,,,,,,,,,,,,,,,
California,,,X,,,,,,,,,,,,,,,,,,,,
Colorado,,,X,,,,,,,,,,,,,,,,,,,,
Connecticut,,,,,X,,,,,,,,,,,,,,,,,,
Delaware,,X,,,,,,,,,,,,,,,,,,,,,
Florida,X,,,,,,,,,,,,,,,,,,,,,,
Georgia,X,,,,,,,,,,,,,,,,,,,,,,
Hawaii,,,X,,,,,,,,,,,,,,,,,,,,
Idaho,,,,,X,,,,,,,,,,,,,,,,,,
Illinois,X,,,,,,,,,,,,,,,,,,,,,,
Indiana,,,X,,,,,,,,,,,,,,,,,,,,
Iowa,,,,,X,,,,,,,,,,,,,,,,,,
Kansas,,,X,,,,,,,,,,,,,,,,,,,,
Kentucky/b,,,,X,,,,,,,,,,,,,,,,,,,
Louisiana,,,X,,,,,,,,,,,,,,,,,,,,
Maine,,,X,,,,,,,,,,,,,,,,,,,,
Maryland,X,,,,,,,,,,,,,,,,,,,,,,
Massachusetts,,,X,,,,,,,,,,,,,,,,,,,,
Michigan,X,,,,,,,,,,,,,,,,,,,,,,
Minnesota,,,,,X,,,,,,,,,,,,,,,,,,
Mississippi,,,X,,,,,,,,,,,,,,,,,,,,
Missouria,,,,X,,,,,,,,,,,,,,,,,,,
Montana,,,X,,,,,,,,,,,,,,,,,,,,
Nebraska,X,,,,,,,,,,,,,,,,,,,,,,
Nevada,X,,,,,,,,,,,,,,,,,,,,,,
New Hampshire,,,X,,,,,,,,,,,,,,,,,,,,
New Jersey,,,X,,,,,,,,,,,,,,,,,,,,
New Mexico,X,,,,,,,,,,,,,,,,,,,,,,
New York,,X,,,,,,,,,,,,,,,,,,,,,
North Carolina,,,X,,,,,,,,,,,,,,,,,,,,
North Dakota,,,X,,,,,,,,,,,,,,,,,,,,
Oklahoma,,,X,,,,,,,,,,,,,,,,,,,,
Oregon,,,,,X,,,,,,,,,,,,,,,,,,
Pennsylvania,X,,,,,,,,,,,,,,,,,,,,,,
Rhode Island,,,X,,,,,,,,,,,,,,,,,,,,
South Carolina,,,X,,,,,,,,,,,,,,,,,,,,
South Dakota,,,X,,,,,,,,,,,,,,,,,,,,
Tennessee,,,X,,,,,,,,,,,,,,,,,,,,
Texasa,,,,X,,,,,,,,,,,,,,,,,,,
Utah,,,,,X,,,,,,,,,,,,,,,,,,
Vermont,,,X,,,,,,,,,,,,,,,,,,,,
Virginia,X,,,,,,,,,,,,,,,,,,,,,,
Washington,,,X,,,,,,,,,,,,,,,,,,,,
West Virginia,X,,,,,,,,,,,,,,,,,,,,,,
Wisconsin,,,X,,,,,,,,,,,,,,,,,,,,
Wyoming,,,X,,,,,,,,,,,,,,,,,,,,
"Note: Alaska and Ohio did not report data on HIV testing practices during discharge planning. As of December 31, 2001, sentenced felons from the District of Columbia were the responsibility of the Federal Bureau of Prisons; therefore, specific testing practices for the District of Columbia are not included in this table.",,,,,,,,,,,,,,,,,,,,,,,
a/Required to be tested upon release.  ,,,,,,,,,,,,,,,,,,,,,,,
b/Referred to local health department for testing.,,,,,,,,,,,,,,,,,,,,,,,
"Source: Bureau of Justice Statistics, National Prisoner Statistics Program, 2011.",,,,,,,,,,,,,,,,,,,,,,,
