"Bureau of Justice Statistics",,,,,,,,,,,,,,,,,,,
"filename:  cv99107.csv",,,,,,,,,,,,,,,,,,,
"Table 107: Percent distribution of incidents where police came to the victim,",,,,,,,,,,,,,,,,,,,
"by police response time and type of crime",,,,,,,,,,,,,,,,,,,
"data source: National Criminal Victimization Survey, 1999   NCJ 184938",,,,,,,,,,,,,,,,,,,
"produced by:  Cathy Maston ",,,,,,,,,,,,,,,,,,,
"authors:  Patsy Klaus and Cathy Maston",,,,,,,,,,,,,,,,,,,
"refer questions to:  askbjs@ojp.usdoj.gov     202-307-0765",,,,,,,,,,,,,,,,,,,
"date of version: 11/13/00",,,,,,,,,,,,,,,,,,,
,,,,,,,,,,,,,,,,,,,
,,,,,,,,,,,,,,,,,,,
"Table 107. Personal and property crimes, 1999:",,,,,,,,,,,,,,,,,,,
,,,,,,,,,,,,,,,,,,,
"Percent distribution of incidents where police came to the victim,",,,,,,,,,,,,,,,,,,,
"by police response time and type of crime",,,,,,,,,,,,,,,,,,,
,,,,,,,,,,,,,,,,,,,
,,,,"                                                                                                      Percent of incidents",,,,,,,,,,,,,,,
,,,,,,,,,,,,,,"  Longer",,"Length of",,,
"                                                                                               ",,,,,,"Within 5",,"6-10",,"11 minutes-",," Within",,"  than 1",,"time not",,"Not",
"Type of crime",,,," Total",,"minutes",,"minutes",,"1 hour",,"1 day",,"  day",,"known",,"ascertained",
,,,,,,,,,,,,,,,,,,,
,,,,,,,,,,,,,,,,,,,
"Crimes of violence/a",,,,100,"%",28.8,"%",26.1,"%",33.6,"%",4.8,"%",0.8,"%*",5.7,"%",0.1,"%*"
,,,,,,,,,,,,,,,,,," ",
"   Robbery",,,,100,,24.9,,23.8,,38.9,,4.2,"*",0.8,"*",6.7,"*",0.7,"*"
"   Aggravated assault",,,,100,,31.4,,26.6,,29.3,,5.9,,0.6,"*",6.2,,"0.0 ","*"
"   Simple assault",,,,100,,29.4,,26.9,,33.6,,4.7,,0.9,"*",4.6,,"0.0 ","*"
,,,,,,,,,,,,,,,,,,,
"Property crimes",,,,100,"%",11.2,"%",20.9,"%",47.2,"%",12.1,"%",1.6,"%",6.8,"%",0.2,"%*"
,,,,,,,,,,,,,,,,,,,
"   Household burglary",,,,100,,11.5,,20.3,,45.6,,12.9,,1.8,"*",7.6,,0.2,"*"
"   Motor vehicle theft",,,,100,,9.6,,19.3,,49.0,,13.0,,1.7,"*",6.8,,0.7,"*"
"   Theft",,,,100,,11.4,,21.6,,47.7,,11.4,,1.5,,6.3,,0.1,"*"
,,,,,,,,,,,,,,,,,,,
,,,,,,,,,,,,,,,,,,,
"Note: Detail may not add to total shown because of rounding.",,,,,,,,,,,,,,,,,,,
"* Estimate is based on about 10 or fewer sample cases.",,,,,,,,,,,,,,,,,,,
"a/Crimes of violence includes data on rape and sexual assault, not shown separately.",,,,,,,,,,,,,,,,,,,
