"Bureau of Justice Statistics",,,,,,,,,,,,,,,,,
"filename:  cv99109.csv",,,,,,,,,,,,,,,,,
"Table 109: Percent distribution of the kind of agency providing assistance",,,,,,,,,,,,,,,,,
"by type of crime",,,,,,,,,,,,,,,,,
"data source: National Criminal Victimization Survey, 1999   NCJ 184938",,,,,,,,,,,,,,,,,
"produced by:  Cathy Maston ",,,,,,,,,,,,,,,,,
"authors:  Patsy Klaus and Cathy Maston",,,,,,,,,,,,,,,,,
"refer questions to:  askbjs@ojp.usdoj.gov     202-307-0765",,,,,,,,,,,,,,,,,
"date of version: 11/13/00",,,,,,,,,,,,,,,,,
,,,,,,,,,,,,,,,,,
,,,,,,,,,,,,,,,,,
"Table 109. Personal and property crimes, 1999:",,,,,,,,,,,,,,,,,
,,,,,,,,,,,,,,,,,
"Percent distribution of the kind of agency providing assistance",,,,,,,,,,,,,,,,,
"by type of crime",,,,,,,,,,,,,,,,,
,,,,,,,,,,,,,,,,,
,,,,"                                                          Percent of agency type providing assistance",,,,,,,,,,,,,
,,,,,,,,,,"Don't know",,"Received",,"Don't know",,,
" ",,"Number of",,,,,,,,"type of",,"no",,"if assistance",,"        Not",
"Type of crime",,"vicitmizations",,"Total",,"Government",,"Private",,"agency",,"assistance",,"was provided",,"        applicable",
,,,,,,,,,,,,,,,,,
,,,,,,,,,,,,,,,,,
"Personal crimes",,7564680,,100,"%",4.9,"%",1.9,"%",0.7,"%",91.5,"%",0.6,"%",0.4,"%"
,,,,,,,,,,,,,,,,,
"Crimes of violence",,7357060,,100,,4.9,,1.9,,0.7,,91.4,,0.6,,0.4,
"   Completed violence",,2278260,,100,,6.6,,3.0,,1.7,,88.4,,0.4,"*","0.0 ","*"
"   Attempted/threatened violence",,5078790,,100,,4.2,,1.5,,0.3,"*",92.7,,0.6,,0.6,
"   Rape/Sexual assault/a",,383170,,100,,4.6,"*",4.8,"*",5.3,"*",85.3,,"0.0 ","*","0.0 ","*"
"   Robbery",,810220,,100,,2.1,"*",1.7,"*",0.3,"*",95.6,,0.3,"*","0.0 ","*"
"   Assault",,6163670,,100,,5.3,,1.8,,0.5,,91.2,,0.6,,0.5,
"      Aggravated",,1503280,,100,,6.4,,1.0,"*",0.9,"*",90.3,,1.0,"*",0.5,"*"
"      Simple",,4660400,,100,,5.0,,2.1,,0.4,"*",91.5,,0.5,"*",0.5,"*"
"Purse snatching/",,207630,,100,,2.5,"*",1.3,"*","0.0 ","*",96.1,,"0.0 ","*","0.0 ","*"
"  Pocket picking",,,,,,,,,,,,,,,,,
,,,,,,,,,,,,,,,,,
"Property crimes",,21215110,,100,"%",0.7,"%",0.6,"%",0.1,"%*",98.1,"%",0.3,"%",0.3,"%"
,,,,,,,,,,,,,,,,,
"Household burglary",,3651580,,100,,0.9,,0.7,"*",0.2,"*",97.5,,0.5,"*",0.3,"*"
"Motor vehicle theft",,1068130,,100,,1.2,"*","0.0 ","*",0.6,"*",97.3,,0.7,"*",0.3,"*"
"Theft",,16495400,,100,,0.6,,0.6,,0.1,"*",98.3,,0.2,,0.3,
,,,,,,,,,,,,,,,,,
,,,,,,,,,,,,,,,,,
"* Estimate is based on about 10 or fewer sample cases.",,,,,,,,,,,,,,,,,
"a/Includes verbal threats of rape and threats of sexual assault.",,,,,,,,,,,,,,,,,
