"Bureau of Justice Statistics",,,,,,,,,,,,
"filename:  cv9991.csv",,,,,,,,,,,,
"Table 91: Percent distribution of victimizations, by type of crime",,,,,,,,,,,,
"and whether or not reported to the police",,,,,,,,,,,,
"data source: National Criminal Victimization Survey, 1999   NCJ 184938",,,,,,,,,,,,
"produced by:  Cathy Maston ",,,,,,,,,,,,
"authors:  Patsy Klaus and Cathy Maston",,,,,,,,,,,,
"refer questions to:  askbjs@ojp.usdoj.gov     202-307-0765",,,,,,,,,,,,
"date of version: 11/13/00",,,,,,,,,,,,
,,,,,,,,,,,,
,,,,,,,,,,,,
"Table 91. Personal and property crimes, 1999:",,,,,,,,,,,,
,,,,,,,,,,,,
"Percent distribution of victimizations, by type of crime",,,,,,,,,,,,
"and whether or not reported to the police",,,,,,,,,,,,
"       ",,,,,,,,,,,,
"                                                                                          ",,,,,"               Percent of victimizations reported to the police",,,,,,,
"              ",,,,,,,,,,,"Not known",
"                                                                                      ",,,"Number of",,,,,,,,"and not",
"Sector and type of crime",,,"victimizations",," Total",,"  Yes/a",,"  No",,"available",
,,,,,,,,,,,,
,,,,,,,,,,,,
"All crimes",,,28779800,,100,"%",36.3,"%",62.4,"%",1.2,"%"
"                                                                                      ",,,,,,,,,,,,
"Personal crimes",,,7564680,,100,"%",43.4,"%",54.8,"%",1.8,"%"
,,,,,,,,,,,,
"Crimes of violence",,,7357060,,100,,43.9,,54.3,,1.8,
"   Completed violence",,,2278260,,100,,57.5,,41.7,,0.8,"*"
"   Attempted/threatened violence",,,5078790,,100,,37.8,,59.9,,2.3,
"   Rape/Sexual assault",,,383170,,100,,28.3,,71.1,,0.6,"*"
"      Rape/Attempted rape",,,200880,,100,,32.5,,67.5,,"0.0 ","*"
"         Rape",,,141070,,100,,37.5,,62.5,,"0.0 ","*"
"         Attempted rape/b",,,59810,,100,,20.8,"*",79.2,,"0.0 ","*"
"      Sexual assault/c",,,182290,,100,,23.6,,75.0,,1.3,"*"
"   Robbery",,,810220,,100,,61.2,,37.9,,0.8,"*"
"      Completed/property taken",,,530250,,100,,66.3,,33.7,,"0.0 ","*"
"         With injury",,,189080,,100,,72.0,,28.0,,"0.0 ","*"
"         Without injury",,,341170,,100,,63.1,,36.9,,"0.0 ","*"
"      Attempted to take property",,,279970,,100,,51.7,,45.9,,2.4,"*"
"         With injury",,,78080,,100,,61.6,,38.4,,"0.0 ","*"
"         Without injury",,,201890,,100,,47.9,,48.8,,3.3,"*"
"   Assault",,,6163670,,100,,42.6,,55.4,,2.0,
"      Aggravated",,,1503280,,100,,55.3,,42.4,,2.3,
"         With injury",,,449160,,100,,73.0,,27.0,,"0.0 ","*"
"         Threatened with weapon",,,1054110,,100,,47.8,,49.0,,3.3,
"      Simple",,,4660400,,100,,38.5,,59.6,,1.9,
"         With minor injury",,,998310,,100,,54.5,,44.0,,1.5,"*"
"         Without injury",,,3662090,,100,,34.2,,63.8,,2.0,
"Purse snatching/Pocket picking",,,207630,,100,,25.9,,73.1,,1.0,"*"
"   Completed purse snatching",,,33930,,100,,36.1,"*",63.9,"*","0.0 ","*"
"   Attempted purse snatching",,,6910,"*",100,"*",64.4,"*",35.6,"*","0.0 ","*"
"   Pocket picking",,,166780,,100,,22.2,,76.5,,1.3,"*"
,,,,,,,,,,,,
"Property crimes",,,21215110,,100,"%",33.8,"%",65.2,"%",1.1,"%"
,,,,,,,,,,,,
"Household burglary",,,3651580,,100,,49.3,,49.6,,1.1,
"   Completed",,,3064390,,100,,51.8,,47.1,,1.1,
"      Forcible entry",,,1174780,,100,,72.6,,26.9,,0.6,"*"
"      Unlawful entry without force",,,1889610,,100,,38.9,,59.7,,1.4,"*"
"   Attempted forcible entry",,,587190,,100,,36.4,,62.6,,1.0,"*"
"Motor vehicle theft",,,1068130,,100,,83.7,,15.8,,0.5,"*"
"   Completed",,,807730,,100,,94.4,,5.0,,0.6,"*"
"   Attempted",,,260400,,100,,50.4,,49.6,,"0.0 ","*"
"Theft",,,16495400,,100,,27.1,,71.8,,1.1,
"   Completed",,,15963770,,100,,26.8,,72.1,,1.1,
"      Less than $50",,,5700280,,100,,13.1,,86.0,,0.9,
"      $50 - $249",,,5789210,,100,,24.8,,74.3,,0.9,
"      $250 or more",,,3394140,,100,,53.7,,45.3,,1.0,
"      Amount not available",,,1080140,,100,,25.4,,71.3,,3.3,
"   Attempted",,,531640,,100,,35.6,,63.4,,1.1,"*"
,,,,,,,,,,,,
"Note: Detail may not add to total shown because of rounding.",,,,,,,,,,,,
"* Estimate is based on about 10 or fewer sample cases.",,,,,,,,,,,,
"a/Figures in this column represent the rates at which victimizations were reported to the police, or ""police reporting rates.""",,,,,,,,,,,,
"b/Includes verbal threats of rape.",,,,,,,,,,,,
"c/Includes threats.",,,,,,,,,,,,
