"Bureau of Justice Statistics",,
"filename:  fdl98fg3.csv",,
"Figure 3.  Race of felony defendants in the 75 largest counties, by most serious arrest charge, 1998",,
"title: Felony Defendants In Large Urban Counties, 1998, NCJ 187232",,
"data source:  1998 State Court Processing Statistics ",,
"authors:  Brian A. Reaves, Ph.D. ",,
"refer questions to: askbjs@ojp.usdoj.gov (202)307-0765",,
"date of version: 9/1/01",,
,,
"'Figure 3.  Race of felony defendants in the 75 largest counties, by most serious arrest charge, 1998",,
,,
"Most serious","Percent of defendants",
"arrest charge","Black","White"
"Weapons",0.73,0.26
"Robbery",0.7,0.27
"Murder",0.68,0.3
"Drug trafficking",0.65,0.34
"Assault",0.59,0.37
"Rape",0.56,0.42
"Larceny/theft",0.55,0.43
"Forgery",0.55,0.43
"Fraud",0.51,0.45
"Burglary",0.51,0.47
"Motor vehicle theft",0.48,0.48
"Driving-related",0.41,0.58
