"Bureau of Justice Statistics",,,,
"filename:  fdl98hi2.csv",,,,
"Highlights Figure 2.   Most severe sentence received by defendants convicted of a felony in the 75 largest counties, 1990, 1992, 1994, 1996, and 1998",,,,
"title: Felony Defendants In Large Urban Counties, 1998, NCJ 187232",,,,
"data source:  1998 State Court Processing Statistics ",,,,
"authors:  Brian A. Reaves, Ph.D. ",,,,
"refer questions to: askbjs@ojp.usdoj.gov (202)307-0765",,,,
"date of version: 9/1/01",,,,
,,,,
,,,,
"Highlights Figure 2.   Most severe sentence received by defendants convicted of a felony in the 75 largest counties, 1990, 1992, 1994, 1996, and 1998",,,,
,,,,
,"Percent of felony defendants in the 75 largest counties with the most severe sentence of:",,,
,"Prison","Jail","Probation",
1990,0.43,0.32,0.24,
1992,0.41,0.33,0.25,
1994,0.36,0.32,0.31,
1996,0.35,0.34,0.3,
1998,0.36,0.35,0.29," "
