"Bureau of Justice Statistics",,,,,,,,,,,,,,,,,,,,,,,,,,
"filename:  fdl9825.csv",,,,,,,,,,,,,,,,,,,,,,,,,,
"Table 25.  Adjudication outcome for felony defendants, by number and type of arrest charges, 1998",,,,,,,,,,,,,,,,,,,,,,,,,,
"title: Felony Defendants In Large Urban Counties, 1998, NCJ 187232",,,,,,,,,,,,,,,,,,,,,,,,,,
"data source:  1998 State Court Processing Statistics ",,,,,,,,,,,,,,,,,,,,,,,,,,
"authors:  Brian A. Reaves, Ph.D.",,,,,,,,,,,,,,,,,,,,,,,,,,
"refer questions to: askbjs@ojp.usdoj.gov (202)307-0765",,,,,,,,,,,,,,,,,,,,,,,,,,
"date of version: 9/1/01",,,,,,,,,,,,,,,,,,,,,,,,,,
,,,,,,,,,,,,,,,,,,,,,,,,,,
"Table 25.  Adjudication outcome for felony defendants, by number and type of arrest charges, 1998",,,,,,,,,,,,,,,,,,,,,,,,,,
,,,,,,,,,,,,,,,,,,,,,,,,,,
,,"                              Percent of felony defendants in the 75 largest counties",,,,,,,,,,,,,,,,,,,,,,,,
,,,,,"Convicted",,,,,,,,,,,,,"Not convicted",,,,,,,,
,,,,"Felony",,,,,,,"Misdemeanor",,,,,,,,,,,,,,"Other outcome*",
"Additional  charges filed","Number of  defendants","Total convicted",," Total",,"Plea",,"Trial",,,"Total",,"Plea",,"Trial",,,"  Total",," Dismissed",,"Acquitted",,,,
,,,,,,,,,,,,,,,,,,,,,,,,,,
"Additional felony",18486,72,"%",60,"%",57,"%",3,"%",,12,"%",11,"%","--","%",,25,"%",24,"%",1,"%",,3,"%"
,,,,,,,,,,,,,,,,,,,,,,,,,,
"No additional felony ",31777,65,,48,,46,,2,,,18,,17,,1,,,30,,29,,1,,,5,
"   Misdemeanor(s) only",9579,65,,36,,35,,1,,,29,,27,,2,,,30,,29,,1,,,5,
"   No additional charges ",22197,65,,53,,51,,2,,,13,,12,,"--",,,30,,29,,1,,,5,
,,,,,,,,,,,,,,,,,,,,,,,,,,
"Note:  Ten percent of all cases were still pending adjudication at the end of the 1-year study period.    Data on adjudication outcome were available for 99% of those cases that had been adjudicated. --Less than 0.5%. *Includes diversion a",,,,,,,,,,,,,,,,,,,,,,,,,,
"Data on adjudication outcome were available for 98% of those cases that had been adjudicated. ",,,,,,,,,,,,,,,,,,,,,,,,,,
"--Less than 0.5%. ",,,,,,,,,,,,,,,,,,,,,,,,,,
"*Includes diversion and deferred adjudication.",,,,,,,,,,,,,,,,,,,,,,,,,,
