"Bureau of Justice Statistics",,,,,,,,,,
"filename:  fdl98apb.csv",,,,,,,,,,
"Appendix Table B.  Most serious arrest charge of felony defendants,  by SCPS jurisdiction, 1998",,,,,,,,,,
"title: Felony Defendants In Large Urban Counties, 1998, NCJ 187232",,,,,,,,,,
"data source:  1998 State Court Processing Statistics ",,,,,,,,,,
"authors:  Brian A. Reaves, Ph.D.",,,,,,,,,,
"refer questions to: askbjs@ojp.usdoj.gov (202)307-0765",,,,,,,,,,
"date of version: 9/1/01",,,,,,,,,,
,,,,,,,,,,
"Appendix table B.  Most serious arrest charge of felony defendants,  by SCPS jurisdiction, 1996",,,,,,,,,,
,,,,,,,,,,
,"Percent of felony defendants  within categories of most serious arrest charge",,,,,,,,,
" County (State)","     Total",,"Violent   offenses",,"Property offenses",,"Drug offenses",,"Public-order offenses",
,,,,,,,,,,
"Total",100,"%",24,"%",29,"%",37,"%",10,"%"
,,,,,,,,,,
"Jefferson (AL)",100,"%",17,"%",32,"%",46,"%",4,"%"
"Maricopa (AZ)",100,,17,,25,,47,,11,
"Pima (AZ)",100,,25,,30,,32,,13,
"Alameda (CA)",100,,16,,32,,44,,8,
"Los Angeles (CA)",100,,23,,24,,47,,6,
"Orange (CA)",100,,22,,28,,42,,8,
"Sacramento (CA)",100,,38,,27,,28,,7,
"San Bernardino (CA)",100,,30,,36,,29,,5,
,,,,,,,,,,
"San Francisco (CA)",100,"%",15,"%",16,"%",65,"%",4,"%"
"Santa Clara (CA)",100,,16,,18,,58,,8,
"Ventura (CA)",100,,16,,32,,42,,9,
"Broward (FL)",100,,25,,33,,36,,7,
"Miami-Dade (FL)",100,,32,,35,,24,,9,
"Hillsborough (FL)",100,,33,,23,,39,,5,
"Orange (FL)",100,,25,,38,,28,,9,
"Cook (IL)",100,,11,,19,,64,,6,
,,,,,,,,,,
"DuPage (IL)",100,"%",14,"%",45,"%",23,"%",19,"%"
"Marion (IN)",100,,21,,35,,23,,21,
"Jefferson (KY)",100,,25,,41,,34,,0,
"Montgomery (MD)",100,,26,,61,,13,,0,
"Baltimore (city) (MD)",100,,25,,29,,45,,1,
"Wayne (MI)",100,,24,,30,,28,,18,
"Jackson (MO)",100,,17,,34,,42,,7,
"St. Louis (MO)",100,,16,,53,,17,,14,
,,,,,,,,,,
"Bronx (NY)",100,"%",22,"%",16,"%",53,"%",9,"%"
"Erie (NY)",100,,34,,36,,19,,11,
"Kings (NY)",100,,33,,24,,30,,13,
"Monroe (NY)",100,,16,,27,,32,,25,
"New York (NY)",100,,27,,19,,45,,9,
"Queens (NY)",100,,34,,35,,23,,8,
"Suffolk (NY)",100,,15,,29,,17,,39,
"Hamilton (OH)",100,,34,,23,,34,,9,
,,,,,,,,,,
"Allegheny (PA)",100,"%",37,"%",46,"%",9,"%",9,"%"
"Philadelphia (PA)",100,,38,,29,,29,,4,
"Shelby (TN)",100,,26,,36,,27,,11,
"Dallas (TX)",100,,24,,29,,35,,11,
"Harris (TX)",100,,21,,42,,32,,5,
"King (WA)",100,,25,,23,,41,,11,
"Milwaukee (WI)",100,,27,,27,,33,,13,
,,,,,,,,,,
"Note:  Detail may not add to 100% because of rounding.",,,,,,,,,,
