"Bureau of Justice Statistics",,,,,,,,,,,
"filename:  fdl9815.csv",,,,,,,,,,,
"Table 15.  Bail amount set for felony defendants,  by most serious arrest charge, 1998",,,,,,,,,,,
"title: Felony Defendants In Large Urban Counties, 1998, NCJ 187232",,,,,,,,,,,
"data source:  1998 State Court Processing Statistics ",,,,,,,,,,,
"authors: Brian A. Reaves, Ph.D.",,,,,,,,,,,
"refer questions to: askbjs@ojp.usdoj.gov (202)307-0765",,,,,,,,,,,
"date of version: 9/1/01",,,,,,,,,,,
,,,,,,,,,,,
"Table 15.  Bail amount set for felony defendants,  by most serious arrest charge, 1998",,,,,,,,,,,
,,,,,,,,,,,
,"  ","                 Percent of felony defendants in the 75                  largest counties with a bail amount of:    ",,,,,,,,,
"Most serious  arrest charge","Number of    defendants","    Total",,"   Under    $5,000",,"  $5,000-   $9,999",," $10,000-  $24,999",,"  $25,000    or  more",
,,,,,,,,,,,
"     All offenses",30479,100,"%",34,"%",20,"%",22,"%",25,"%"
,,,,,,,,,,,
"Violent offenses",8281,100,"%",22,"%",17,"%",20,"%",40,"%"
"  Murder",196,100,,3,,2,,3,,91,
"  Rape",450,100,,10,,7,,16,,67,
"  Robbery",2238,100,,14,,13,,20,,53,
"  Assault",4083,100,,28,,20,,21,,31,
"  Other violent",1313,100,,24,,20,,24,,32,
,,,,,,,,,,,
"Property offenses",8705,100,"%",42,"%",20,"%",21,"%",17,"%"
"  Burglary",2552,100,,30,,21,,25,,25,
"  Larceny/theft",2963,100,,52,,19,,18,,12,
"  Motor vehicle theft",1010,100,,37,,21,,24,,18,
"  Forgery",668,100,,47,,19,,15,,19,
"  Fraud",519,100,,39,,20,,26,,14,
"  Other property",993,100,,51,,20,,16,,13,
,,,,,,,,,,,
"Drug offenses",10819,100,"%",34,"%",22,"%",24,"%",20,"%"
"  Trafficking",5508,100,,24,,24,,27,,26,
"  Other drug",5311,100,,44,,20,,22,,14,
,,,,,,,,,,,
"Public-order offenses",2675,100,"%",43,"%",18,"%",19,"%",20,"%"
"  Weapons",927,100,,31,,19,,26,,24,
"  Driving-related",1045,100,,52,,19,,14,,14,
"  Other public-order",703,100,,44,,17,,16,,23,
,,,,,,,,,,,
"Note:  Data on bail amount were available for 95% of all defendants for ",,,,,,,,,,,
"whom a bail  amount was set.   Table excludes defendants given nonfinancial release. ",,,,,,,,,,,
"Detail may not add to 100% because of rounding.",,,,,,,,,,,
