"Bureau of Justice Statistics",,,,,,,,,,,,,,,
"filename:  fdl9812.csv",,,,,,,,,,,,,,,
"Table 12.  Most serious prior conviction of felony defendants,   by most serious current arrest charge, 1998",,,,,,,,,,,,,,,
"title: Felony Defendants In Large Urban Counties, 1998, NCJ 187232",,,,,,,,,,,,,,,
"data source:  1998 State Court Processing Statistics ",,,,,,,,,,,,,,,
"authors: Brian A. Reaves, Ph.D.",,,,,,,,,,,,,,,
"refer questions to: askbjs@ojp.usdoj.gov (202)307-0765",,,,,,,,,,,,,,,
"date of version: 9/01/01",,,,,,,,,,,,,,,
,,,,,,,,,,,,,,,
"Table 12.  Most serious prior conviction of felony defendants, by most serious current arrest charge, 1998",,,,,,,,,,,,,,,
,,,,,,,,,,,,,,,
,,"                Percent of felony defendants in the 75 largest counties",,,,,,,,,,,,,
,,,,,,"Most serious prior conviction ",,,,,,,,,
"Most serious  current arrest charge","  Number of  defendants",,,,,,,"   Felony   ",,,,,,"  Misdemeanor",
,,"    Total",,"Without  prior  conviction",,"Total",,"   Total",,"Violent",,"Nonviolent",,,
,,,,,,,,,,,,,,,
"     All offenses",52616,100,"%",39,"%",61,"%",42,"%",12,"%",29,"%",19,"%"
,,,,,,,,,,,,,,,
"Violent offenses",12808,100,"%",43,"%",57,"%",37,"%",15,"%",22,"%",20,"%"
"  Murder",389,100,,30,,70,,54,,14,,40,,16,
"  Rape",716,100,,49,,51,,38,,17,,20,,14,
"  Robbery",3172,100,,37,,63,,45,,19,,25,,18,
"  Assault",6534,100,,44,,56,,34,,15,,19,,22,
"  Other violent",1998,100,,47,,53,,34,,11,,23,,20,
,,,,,,,,,,,,,,,
"Property offenses",15684,100,"%",43,"%",57,"%",40,"%",11,"%",29,"%",17,"%"
"  Burglary",3969,100,,33,,67,,47,,16,,31,,20,
"  Larceny/theft",5297,100,,45,,55,,38,,10,,28,,17,
"  Motor vehicle theft",1526,100,,35,,65,,48,,12,,36,,17,
"  Forgery",1570,100,,50,,50,,34,,7,,27,,16,
"  Fraud",1294,100,,58,,42,,28,,3,,25,,14,
"  Other property",2028,100,,46,,54,,38,,11,,26,,16,
,,,,,,,,,,,,,,,
"Drug offenses",19056,100,"%",36,"%",64,"%",44,"%",10,"%",34,"%",20,"%"
"  Trafficking",9218,100,,35,,65,,45,,10,,35,,20,
"  Other drug",9838,100,,37,,63,,44,,11,,33,,20,
,,,,,,,,,,,,,,,
"Public-order offenses",5068,100,"%",30,"%",70,"%",49,"%",17,"%",32,"%",21,"%"
"  Weapons",1453,100,,39,,61,,49,,18,,31,,11,
"  Driving-related",2009,100,,25,,75,,47,,12,,34,,29,
"  Other public-order",1606,100,,28,,72,,51,,21,,30,,21,
,,,,,,,,,,,,,,,
"Note:  Data on most serious prior conviction were available for 93% of all cases. ",,,,,,,,,,,,,,,
"Detail may not add to total because of rounding.",,,,,,,,,,,,,,,
