"Bureau of Justice Statistics",,,,,,,,,,,
"filename:  fdl9802.csv",,,,,,,,,,,
"Table 2.  Level of second most serious charge of felony defendants,  by most serious arrest charge, 1998",,,,,,,,,,,
"title: Felony Defendants In Large Urban Counties, 1998, NCJ 187232",,,,,,,,,,,
"data source:  1998 State Court Processing Statistics ",,,,,,,,,,,
"authors:  Brian A. Reaves, Ph.D. ",,,,,,,,,,,
"refer questions to: askbjs@ojp.usdoj.gov (202)307-0765",,,,,,,,,,,
"date of version: 9/1/01",,,,,,,,,,,
,,,,,,,,,,,
"Table 2.  Level of second most serious charge of felony defendants,  by most serious arrest charge, 1998",,,,,,,,,,,
,,,,,,,,,,,
,,,,,,,,,,,
,,"     Percent of felony defendants in the 75 largest counties",,,,,,,,,
,,,,,,"     Most serious additional charge         ",,,,,
" Most serious  arrest charge","  Number of  defendants","   Total",,"  No  other charges",,"Total   ",,"  Felony ",,"Misdemeanor",
,,,,,,,,,,,
"     All offenses",56474,100,"%",44,"%",56,"%",37,"%",19,"%"
,,,,,,,,,,,
"Violent offenses",13536,100,"%",38,"%",62,"%",45,"%",17,"%"
"  Murder",409,100,,44,,56,,53,,3,
"  Rape",732,100,,27,,73,,67,,6,
"  Robbery",3442,100,,35,,65,,54,,11,
"  Assault",6896,100,,40,,60,,40,,21,
"  Other violent",2057,100,,40,,60,,41,,19,
,,,,,,,,,,,
"Property offenses",16532,100,"%",47,"%",53,"%",37,"%",16,"%"
"  Burglary",4224,100,,37,,63,,47,,16,
"  Larceny/theft",5567,100,,62,,38,,26,,13,
"  Motor vehicle theft",1582,100,,52,,48,,31,,17,
"  Forgery",1669,100,,35,,65,,50,,15,
"  Fraud",1348,100,,37,,63,,55,,9,
"  Other property",2143,100,,43,,57,,31,,26,
,,,,,,,,,,,
"Drug offenses",20972,100,"%",45,"%",55,"%",34,"%",21,"%"
"  Trafficking",9991,100,,36,,64,,49,,15,
"  Other drug",10981,100,,53,,47,,21,,26,
,,,,,,,,,,,
"Public-order offenses",5433,100,"%",50,"%",50,"%",23,"%",26,"%"
"  Weapons",1581,100,,45,,55,,35,,20,
"  Driving-related",2060,100,,50,,50,,22,,27,
"  Other public-order",1793,100,,55,,45,,15,,30,
,,,,,,,,,,,
"Note:  Dta for the most serious arrest charge and the next most serious arrest charge were",,,,,,,,,,,
"available for 99.8% of all cases.",,,,,,,,,,,
"Detail may not add to total because of rounding.",,,,,,,,,,,
