"Bureau of Justice Statistics",,,,,,,
"filename:  fdl98fg9.csv",,,,,,,
"Figure 9.  Most serious prior conviction of felony defendants in the 75 largest counties, 1998",,,,,,,
"title: Felony Defendants In Large Urban Counties, 1998, NCJ 187232",,,,,,,
"data source:  1998 State Court Processing Statistics ",,,,,,,
"authors:  Brian A. Reaves, Ph.D. ",,,,,,,
"refer questions to: askbjs@ojp.usdoj.gov (202)307-0765",,,,,,,
"date of version: 9/1/01",,,,,,,
,,,,,,,
"Figure 9.  Most serious prior conviction of felony defendants in the 75 largest counties, 1998",,,,,,,
,,,,,,,
"Most serious ","Percent of defendants",,,,,,
"arrest charge","Most serious prior conviction charge",,,,,,
,,,,,,,
,"Violent felony",,"Nonviolent felony",,"Misdemeanor",,
"Murder",0.14,"Murder",0.4,"Murder",0.15,,
"Rape",0.17,"Rape",0.2,"Rape",0.14,,
"Robbery",0.19,"Robbery",0.25,"Robbery",0.18,,
"Assault",0.15,"Assault",0.19,"Assault",0.22,,
"Burglary",0.16,"Burglary",0.31,"Burglary",0.2,,
"Larceny/theft",0.1,"Larceny/theft",0.28,"Larceny/theft",0.17,,
"Motor vehicle theft",0.12,"Motor vehicle theft",0.36,"Motor vehicle theft",0.17,,
"Forgery",0.07,"Forgery",0.27,"Forgery",0.16,,
"Fraud",0.03,"Fraud",0.25,"Fraud",0.14,,
"Drug trafficking",0.1,"Drug trafficking",0.35,"Drug trafficking",0.2,,
"Weapons",0.18,"Weapons",0.31,"Weapons",0.11,,
"Driving-related",0.12,"Driving-related",0.34,"Driving-related",0.29,,
,,,,,,,
,,,,,,,
,,,,,,," "
,,,,,,," "
