"Bureau of Justice Statistics",,,,,,,,,,,
"filename:  fdl9821.csv",,,,,,,,,,,
"Table 21.  Released felony defendants who were rearrested prior to case  disposition, by most serious arrest charge, 1998",,,,,,,,,,,
"title: Felony Defendants In Large Urban Counties, 1998, NCJ 187232",,,,,,,,,,,
"data source:  1998 State Court Processing Statistics ",,,,,,,,,,,
"authors:  Brian A. Reaves, Ph.D. ",,,,,,,,,,,
"refer questions to: askbjs@ojp.usdoj.gov (202)307-0765",,,,,,,,,,,
"date of version: 9/1/01",,,,,,,,,,,
,,,,,,,,,,,
"Table 21.  Released felony defendants who were rearrested prior to case  disposition, by most serious arrest charge, 1998",,,,,,,,,,,
,,,,,,,,,,,
,,"Percent of released felony  defendants in the 75 largest counties ",,,,,,,,,
" Most serious arrest charge"," Number of defendants ","  Total",,"  Not  rearrested",," Rearrested ",,,,,
,,,,,," Total ",," Felony ",,"Misde- meanor",
,,,,,,,,,,,
"     All offenses",32208,100,"%",84,"%",16,"%",10,"%",6,"%"
,,,,,,,,,,,
"Violent offenses",6740,100,"%",87,"%",13,"%",8,"%",6,"%"
"  Murder",55,100,,92,,8,,8,,0,
"  Rape",320,100,,92,,8,,7,,1,
"  Robbery",1229,100,,76,,24,,15,,9,
"  Assault",3951,100,,89,,11,,6,,5,
"  Other violent",1186,100,,88,,12,,5,,7,
,,,,,,,,,," ",
"Property offenses",9677,100,"%",86,"%",14,"%",8,"%",5,"%"
"  Burglary",1902,100,,83,,17,,11,,6,
"  Larceny/theft",3651,100,,86,,14,,8,,6,
"  Motor vehicle theft",701,100,,81,,19,,14,,4,
"  Forgery",1088,100,,90,,10,,6,,5,
"  Fraud",1024,100,,97,,3,,2,,1,
"  Other property",1311,100,,85,,15,,10,,5,
,,,," ",," ",,,," ",
"Drug offenses",12546,100,"%",80,"%",20,"%",13,"%",7,"%"
"  Trafficking",5664,100,,75,,25,,15,,9,
"  Other drug",6882,100,,84,,16,,10,,6,
,,,," ",," ",," ",," ",
"Public-order offenses",3245,100,"%",86,"%",14,"%",9,"%",5,"%"
"  Weapons",914,100,,88,,12,,7,,5,
"  Driving-related",1370,100,,87,,13,,9,,4,
"Other public-order",962,100,,82,,18,,11,,7,
,,,,,,,,,,,
"Note:  Rearrest data were available for 93% of released defendants.   ",,,,,,,,,,,
"Rearrest data  were collected for 1 year.  Rearrests occurring after the end of this 1-year  ",,,,,,,,,,,
"Information on rearrests occurring in jurisdictions other than the one granting the",,,,,,,,,,,
"pretrial release was not always available.  Detail may not add to total because of rounding.",,,,,,,,,,,
