"Bureau of Justice Statistics",,,,,,,,,,,,,,,,,,,,,,,,,,,,
"filename: fdl9827.csv",,,,,,,,,,,,,,,,,,,,,,,,,,,,
"Table 27. Conviction offense of defendants arrested for a nonviolent offense and subsequently convicted, by most serious arrest charge, 1998",,,,,,,,,,,,,,,,,,,,,,,,,,,,
"title: Felony Defendants In Large Urban Counties, 1998, NCJ 187232",,,,,,,,,,,,,,,,,,,,,,,,,,,,
"data source: 1998 State Court Processing Statistics ",,,,,,,,,,,,,,,,,,,,,,,,,,,,
"authors: Brian A. Reaves, Ph.D.",,,,,,,,,,,,,,,,,,,,,,,,,,,,
"refer questions to: askbjs@ojp.usdoj.gov (202)307-0765",,,,,,,,,,,,,,,,,,,,,,,,,,,,
"date of version: 9/1/01",,,,,,,,,,,,,,,,,,,,,,,,,,,,
,,,,,,,,,,,,,,,,,,,,,,,,,,,,
"Table 27. Conviction offense of defendants arrested for a nonviolent offense and subsequently convicted, by most serious arrest charge, 1998",,,,,,,,,,,,,,,,,,,,,,,,,,,,
,,,,,,,,,,,,,,,,,,,,,,,,,,,,
,,"Percent of felony defendants in the 75 largest counties convicted of:",,,,,,,,,,,,,,,,,,,,,,,,,,
,,,,"Nonviolent felony",,,,,,,,,,,,,,,,,,,,,,," ",
" Most serious arrest charge","Number of defendants"," Total felony",,"Total nonviolent ",," Burglary",," Larceny/ theft",," Motor vehicle theft",," Forgery",," Fraud",," Drug traff icking",," Weapons",," Driving related",," Other",," Violent felony",," "," Misdemeanor",
,,,,,,,,,,,,,,,,,,,,,,,,,,,,
"Burglary",2764,80,"%",80,"%",64,"%",9,"%",1,"%",1,"%","--","%","--","%","--","%",0,"%",5,"%","--","%",,20,"%"
"Larceny/theft",3309,76,,76,,1,,69,,2,,"--",,1,,0,,"--",,"--",,2,,0,,,24,
"Motor vehicle theft",1005,79,,79,,"--",,3,,67,,0,,"--",,1,,1,,4,,4,,0,,,21,
"Forgery",1103,70,,70,,0,,4,,0,,62,,2,,0,,0,,"--",,2,,0,,,30,
"Fraud",825,69,,69,,0,,6,,0,,3,,56,,0,,0,,"--",,3,,0,,,31,
"Drug trafficking",6787,85,,85,,0,,0,,0,,0,,0,,74,,"--",,0,,10,,"--",,,15,
"Weapons",1005,83,,81,,0,,0,,"--",,0,,0,,0,,78,,"--",,3,,2,,,17,
"Driving-related",1326,76,,72,,0,,0,,0,,0,,0,,0,,0,,72,,"--",,3,,,24,
"Note: Data on conviction offense were available for 100% of cases involving defendants who had been convicted. ",,,,,,,,,,,,,,,,,,,,,,,,,,,,
"Detail may not add to total because of rounding. ",,,,,,,,,,,,,,,,,,,,,,,,,,,,
"--Less than 0.5%.",,,,,,,,,,,,,,,,,,,,,,,,,,,,
