"Bureau of Justice Statistics",,,,,,,,,
"filename:  fdl9820.csv",,,,,,,,,
"Table 20.  Released felony defendants who failed to make a scheduled court appearance, by most serious arrest charge, 1998",,,,,,,,,
"title: Felony Defendants In Large Urban Counties, 1998, NCJ 187232",,,,,,,,,
"data source:  1998 State Court Processing Statistics ",,,,,,,,,
"authors:  Brian A. Reaves, Ph.D. ",,,,,,,,,
"refer questions to: askbjs@ojp.usdoj.gov (202)307-0765",,,,,,,,,
"date of version: 9/1/01",,,,,,,,,
,,,,,,,,,
"Table 20.  Released felony defendants who failed to make a scheduled court appearance, by most serious arrest charge, 1998",,,,,,,,,
,,,,,,,,,
,,"      Percent of released felony  defendants in the 75 largest counties who:",,,,,,,
,,,,"Failed to appear in court",,,,,
"Most serious arrest charge"," Number of   defendants","Made all court  appearances",,"              Total",,"Returned  to court",,"Remained  a fugitive",
,,,,,,,,,
"     All offenses",34695,76,"%",24,"%",18,"%",5,"%"
,,,,,,,,,
"Violent offenses",7090,86,"%",14,"%",11,"%",3,"%"
"  Murder",55,100,,0,,0,,0,
"  Rape",333,90,,10,,9,,1,
"  Robbery",1298,79,,21,,17,,4,
"  Assault",4142,87,,13,,11,,2,
"  Other violent",1262,90,,10,,8,,2,
,,,," ",,,," ",
"Property offenses",10380,76,"%",24,"%",18,"%",5,"%"
"  Burglary",2044,74,,26,,21,,5,
"  Larceny/theft",3846,76,,24,,19,,5,
"  Motor vehicle theft",776,67,,33,,28,,5,
"  Forgery",1205,75,,25,,19,,6,
"  Fraud",1105,88,,12,,8,,5,
"  Other property",1404,80,,20,,15,,5,
,," ",," ",," ",," ",
"Drug offenses",13784,70,"%",30,"%",22,"%",7,"%"
"  Trafficking",6165,73,,27,,20,,6,
"  Other drug",7619,68,,32,,24,,8,
,,,," ",," ",," ",
"Public-order offenses",3441,82,"%",18,5,14,"%",4,"%"
"  Weapons",1004,84,,16,,13,,3,
"  Driving-related",1419,80,,20,,15,,5,
"  Other public-order",1018,81,,19,,15,,4,
,,,,,,,,,
"Note:  Data on the court appearance record for the current case were available for 99.8% of cases involving a defendant released prior to case disposition.  All defendants who failed to appear in court and were not returned to the court du",,,,,,,,,
"Detail may not add to total because of rounding.",,,,,,,,,
