"Bureau of Justice Statistics",,,
"filename:  fdl9828.csv",,,
"Table 28.  Felony defendants, by conviction offense, 1998",,,
"title: Felony Defendants In Large Urban Counties, 1998, NCJ 187232",,,
"data source:  1998 State Court Processing Statistics ",,,
"authors:  Brian A. Reaves, Ph.D.",,,
"refer questions to: askbjs@ojp.usdoj.gov (202)307-0765",,,
"date of version: 9/1/01",,,
,,,
"Table 28.  Felony defendants, by conviction offense, 1998 ",,,
,,,
,"Felony defendants in the 75 largest  counties",,
" Most serious conviction offense","Number"," Percent",
,,,
"All offenses",33991,100.0,"%"
,,,
"     All felonies",26277,77.3,"%"
,,,
"Violent offenses",4469,13.1,"%"
"   Murder",84,0.2,
"   Rape",221,0.7,
"   Robbery",1261,3.7,
"   Assault",1938,5.7,
"   Other violent",965,2.8,
,,,
"Property offenses",7857,23.1,"%"
"   Burglary",1980,5.8,
"   Larceny/theft",2789,8.2,
"   Motor vehicle theft",778,2.3,
"   Forgery",780,2.3,
"   Fraud",556,1.6,
"   Other property",974,2.9,
,,,
"Drug offenses",11051,32.5,"%"
"   Trafficking",5159,15.2,
"   Other drug",5892,17.3,
,,,
"Public-order offenses",2751,8.1,"%"
"   Weapons",940,2.8,
"   Driving-related ",1085,3.2,
"   Other public-order",726,2.1,
,,,
"Other felonies",150,0.4,"%"
,,,
"     Misdemeanors",7714,22.7,"%"
,,,
"Note:  Data on conviction offense were  available for 100% of cases involving  defendants who had been convicted.   ",,,
