"Bureau of Justice Statistics",,,,
"filename:  fdl98fg2.csv",,,,
"Figure 2.  Most serious arrest charge of felony defendants in the 75 largest counties, 1988, 1990, 1992, 1994, 1996, and 1998",,,,
"title: Felony Defendants In Large Urban Counties, 1998, NCJ 187232",,,,
"data source:  1998 State Court Processing Statistics ",,,,
"authors:  Timothy C. Hart and Brian A. Reaves, Ph.D. ",,,,
"refer questions to: askbjs@ojp.usdoj.gov (202)307-0765",,,,
"date of version: 9/1/01",,,,
,,,,
"Figure 2.  Most serious arrest charge of felony defendants in the 75 largest counties, 1988, 1990, 1992, 1994, 1996, and 1998",,,,
,,,,
,"Percent of defendants arrested for:",,,
"Year","Violent","Property","Drug","Public-order"
1990,0.258,0.338,0.328,0.076
1992,0.265,0.349,0.3,0.085
1994,0.257,0.311,0.346,0.087
1996,0.247,0.308,0.368,0.077
1998,0.24,0.293,0.371,0.096
