Bureau of Justice Statistics,,,,,,,,,,,,,,
filename:  ncrp0503.csv,,,,,,,,,,,,,,
"Table 3. Parole violators returned to state prison, 2005:  Offense, by age at admission",,,,,,,,,,,,,,
"data source:  National Corrections Reporting Program, 2005",,,,,,,,,,,,,,
author:  Tom Bonczar ,,,,,,,,,,,,,,
refer questions to:  askbjs@usdoj.gov      202-307-0765,,,,,,,,,,,,,,
date of version 1/21/10,,,,,,,,,,,,,,
, ,,,,,,,,,,,,,
"Table 3. Parole violators returned to state prison, 2005:  Offense, by age at admission",,,,,,,,,,,,,,
,,,,,,,,,,,,,,
,Age at admission for parole violators returned to state prison,,,,,,,,,,,,,
Most serious offense,Under 18,,    18-24,,    25-29,,    30-34,,    35-44,,    45-54,,55 or older,
All offenses,100,%,100,%,100,%,100,%,100,%,100,%,100,%
Violent offenses,50,%,25,%,26,%,24.4,%,21.6,%,21.6,%,28,%
Homicide,0,,0.7,,1.3,,1.9,,1.6,,1.9,,4.4,
Murder/nonnegligent manslaughter,0,,0.5,,0.9,,1.4,,1.1,,1.5,,3.7,
Murder,0,,0.4,,0.7,,0.9,,0.8,,1.2,,3.2,
Nonnegligent manslaughter,0,,0.1,,0.2,,0.5,,0.3,,0.3,,0.5,
Negligent manslaughter,0,,0.2,,0.3,,0.4,,0.4,,0.4,,0.6,
Unspecified homicide,0,,0,*,0,*,0,*,0,*,0,*,0,*
Kidnapping,0,,0.5,,0.6,,0.5,,0.5,,0.6,,0.6,
Rape,0,,0.5,,0.7,,0.7,,1,,1.4,,2.5,
Other sexual assault,0,,2.5,,2.6,,2.4,,2.6,,3.6,,7.5,
Robbery,18.8,,9,,8.5,,7.4,,6.7,,6.3,,6.1,
Assault,31.3,,10,,10.7,,9.8,,7.8,,6.5,,6,
Other violent,0,,1.7,,1.7,,1.6,,1.4,,1.2,,1,
Property offenses,25,%,38.2,%,32.2,%,31.5,%,33.8,%,32.7,%,28.8,%
Burglary,18.8,,14.7,,11.8,,11.1,,12.8,,13,,10.4,
Larceny ,0,,5.9,,5.7,,6.4,,8.8,,10.4,,10.9,
Motor vehicle theft,6.3,,9.2,,6.4,,5.4,,4.2,,2.6,,1.4,
Arson,0,,0.3,,0.4,,0.3,,0.3,,0.3,,0.7,
Fraud,0,,2.8,,3.6,,4.5,,4.6,,3.8,,3.7,
Stolen property,0,,3.5,,3.3,,2.9,,2.6,,2.1,,1.1,
Other property,0,,1.7,,0.9,,0.8,,0.6,,0.4,,0.5,
Drug offenses,12.5,%,25.5,%,31.2,%,33.7,%,34.4,%,35.9,%,31.7,%
Possession,12.5,,7.9,,9.2,,10.5,,10.2,,8.8,,6.8,
Trafficking,0,,11.7,,14.4,,15.3,,15.3,,15.8,,13.6,
Other/unspecified drug,0,,6,,7.7,,7.8,,8.9,,11.4,,11.3,
Public-order offenses,12.5,%,10.4,%,9.8,%,9.8,%,9.7,%,9.4,%,11.1,%
Weapons,6.3,,6.4,,5.2,,3.8,,2.6,,1.8,,2.2,
Driving while intoxicated,0,,0.3,,0.8,,1.6,,2.7,,3.5,,5.3,
Other public-order,6.3,,3.7,,3.7,,4.4,,4.4,,4,,3.7,
Other offenses,0,%,0.9,%,0.8,%,0.6,%,0.5,%,0.4,%,0.4,%
Number of admissions,16,,"20,618",,"28,005",,"23,697",,"48,333",,"22,056",,"3,740",
,,,,,,,,,,,,,,
Detail may not add to total because of rounding.,,,,,,,,,,,,,,
*Less than 0.05%.,,,,,,,,,,,,,,
,,,,,,,,,,,,,,
,,,,,,,,,,,,,,
 ,,,,,,,,,,,,,,
