Bureau of Justice Statistics,,,,,,,,,,,,,,
filename:  ncrp0502.csv,,,,,,,,,,,,,,
"Table 2. New court commitments to state prison, 2005: Offense, by age at admission",,,,,,,,,,,,,,
"data source:  National Corrections Reporting Program, 2005",,,,,,,,,,,,,,
author:  Tom Bonczar ,,,,,,,,,,,,,,
refer questions to:  askbjs@usdoj.gov      202-307-0765,,,,,,,,,,,,,,
date of version 1/21/10,,,,,,,,,,,,,,
, ,,,,,,,,,,,,,
"Table 2. New Court Commitments to state prison, 2005: Offense, by age at admission",,,,,,,,,,,,,,
,,,,,,,,,,,,,,
,      Age at admission for new court commitments to state prison,,,,,,,,,,,,,
Most serious offense,Under 18,,  18-24,,  25-29,,  30-34,,  35-44,,  45-54,,55 or older,
All offenses,100,%,100,%,100,%,100,%,100,%,100,%,100,%
Violent offenses,65.7,%,33.5,%,25.9,%,24.6,%,23.6,%,23.8,%,37.2,%
Homicide,8.4,,3.5,,2.8,,2.3,,2,,2.3,,4.7,
Murder/nonnegligent manslaughter,6.5,,2.6,,2,,1.6,,1.3,,1.5,,3.1,
Murder,5.2,,2.2,,1.7,,1.5,,1.1,,1.3,,2.6,
Nonnegligent manslaughter,1.3,,0.4,,0.3,,0.2,,0.2,,0.2,,0.5,
Negligent manslaughter,1.8,,0.8,,0.8,,0.7,,0.7,,0.8,,1.5,
Unspecified homicide,0.1,,0,*,0,*,0,*,0,*,0,*,0.1,
Kidnapping,1.3,,0.7,,0.8,,0.7,,0.6,,0.5,,0.5,
Rape,2.2,,1.3,,1.3,,1.4,,1.7,,1.9,,4,
Other sexual assault,4.2,,3.9,,3.4,,4.3,,4.6,,5.8,,15.7,
Robbery,33.7,,12.1,,6.1,,4.9,,4.3,,3.2,,2.1,
Assault,15.1,,10.5,,9.7,,9.2,,8.7,,8.8,,8.5,
Other violent,0.9,,1.5,,1.8,,1.8,,1.6,,1.4,,1.8,
Property offenses,20.7,%,30.3,%,26.4,%,27.6,%,28.9,%,25.7,%,17.8,%
Burglary,14,,14.4,,9.5,,8.6,,9,,7.7,,3.8,
Larceny,2,,5.1,,5.5,,6.6,,8,,8.4,,7.1,
Motor vehicle theft,2,,3.7,,2.7,,2.6,,2.2,,1.3,,0.7,
Arson,0.6,,0.4,,0.4,,0.4,,0.4,,0.5,,0.6,
Fraud,0.3,,3.1,,5.4,,6.4,,6.5,,5.5,,4.3,
Stolen property,0.5,,2,,1.9,,2.1,,2,,1.5,,0.7,
Other property,1.3,,1.6,,1,,0.9,,0.9,,0.8,,0.5,
Drug offenses,6.6,%,26.2,%,34.8,%,33.2,%,31,%,32.2,%,24.6,%
Possession,1.4,,6.8,,10.2,,10,,10.4,,10.1,,6.2,
Trafficking,3.3,,12.5,,15.9,,15.2,,13.3,,14,,12.1,
Other/unspecified drug,1.9,,6.9,,8.7,,7.9,,7.3,,8,,6.3,
Public-order offenses,6.3,%,9.3,%,12.4,%,14.1,%,16.1,%,17.9,%,20.1,%
Weapons,4.2,,4.6,,4.2,,3.3,,2.4,,2.2,,2.5,
Driving while intoxicated,0.1, ,0.7,,2.4,,4,,6.3,,8.4,,10.4,
Other public-order,2,,4.1,,5.8,,6.8,,7.5,,7.3,,7.1,
Other offenses,0.7,%,0.7,%,0.5,%,0.5,%,0.4,%,0.4,%,0.3,%
Number of admissions,"2,441",,"84,724",,"57,457",,"45,195",,"77,966",,"35,443",,"7,748",
,,,,,,,,,,,,,,
Detail may not add to total because of rounding.,,,,,,,,,,,,,,
*Less than 0.05%.,,,,,,,,,,,,,,
,,,,,,,,,,,,,,
,,,,,,,,,,,,,,
 ,,,,,,,,,,,,,,
