"Bureau of Justice Statistics",,,,,,,,
"filename:  cjee9301.csv",,,,,,,,
"table#:  01",,,,,,,,
"NCJ #:  163068",,,,,,,,
"data source:  1993 Criminal Justice Expenditure and Employment Extracts",,,,,,,,
"authors:  Sue Lindgren and Lea S. Gifford",,,,,,,,
"refer questions to:  askbjs@ojp.usdoj.gov (202) 307-0765",,,,,,,,
"date of version:  5/4/99",,,,,,,,
,,,,,,,,
,,,,,,,,
"Table 1.  Percent distribution of expenditure for the justice system by local government, fiscal 1993",,,,,,,,
,,,,,,,,
,,,,,,,,
,"                                                                         Amount (thousands of dollars)",,,,,"                                               Percent distribution",,
,,,,,,,,
,,"Federal","State","Local",,"Federal","State","Local"
"Activity","All governments","government","governments","governments",,"government","governments","governments"
,,,,,,,,
"Total justice system/a",$97541826,$18591000,$34227194,$52561979,,"-","-","-"
"Direct expenditure",97541826,14429000,30695903,52416923,,14.8,31.5,53.7
"Intergovernmental expenditure","-",4162000,3531291,145056,,"-","-","-"
,,,,,,,,
"Police protection",44036756,8069000,5603484,31733159,,"-","-","-"
"Direct expenditure/a",44036756,7345000,4960517,31731239,,16.7,11.3,72.1
"Intergovernmental expenditure","-",724000,642967,1920,,"-","-","-"
,,,,,,,,
"Judicial and legal/a",21558403,7832000,7820251,10282702,,"-","-","-"
"Direct expenditure",21558403,4662000,6644044,10252359,,21.6,30.8,47.6
"Intergovernmental expenditure","-",3170000,1176207,30343,,"-","-","-"
,,,,,,,,
"Correction/a",31946667,2690000,20803459,10546118,,"-","-","-"
"Direct expenditure",31946667,2422000,19091342,10433325,,7.6,59.8,32.7
"Intergovernmental expenditure","-",268000,1712117,112793,,"-","-","-"
,,,,,,,,
,,,,,,,,
"Note:  Local government data are estimates subject to sampling variability; see text for details.",,,,,,,,
"Federal Government data are for the fiscal period beginning October 1, 1992 and ending September 30, 1993.",,,,,,,,
"A dash indicates that value equals zero or rounds to zero.",,,,,,,,
"a/ The total lines for each criminal justice activity, and for the total justice system, exclude duplicative",,,,,,,,
"intergovernmental amounts.  This was done to avoid the artificial inflation that would result if an intergovernmental ",,,,,,,,
"expenditure of a government were tabulated and then counted again when the recipient government(s) expended",,,,,,,,
"the amount.  The intergovernmental expenditure lines are not totaled for the same reason. ",,,,,,,,
