"filename: cpi94g01.csv",,,,
"table #: 7.1",,,,
"report title: Correctional Populations in the United States, 1994 Chap. 7",,,,
"data source: National Prisoner Statistics - 8",,,,
"author: Tracy Snell (202) 6163288",,,,
"date of version: 06/28/96",,,,
"range(s): base data= A:A10..A:F63",,,,
,,,,
,,,,
"Table 7.1.  Summary characteristics of all prisoners present at yearend, received",,,,
"from court, and removed from under a sentence of death, 1994",,,,
,,,,
,"Prisoners under sentence of death",,,
,,,"Sentence of death",
,,,"removed in 1994",
,"Present","Received",,"By means"
,"yearend","from court",,"other than"
"Characteristic",1994,"in 1994     ","Executed","executiona"
,,,,
"     U.S. total",,,,
,,,,
"Sex",,,,
"  Male",2849,301,31,112
"  Female",41,5,0,0
,,,,
"Race",,,,
"  White",1645,162,20,72
"  Black",1197,136,11,39
"  Otherb",48,8,0,1
,,,,
"Hispanic origin",,,,
"  Hispanic",224,25,1,9
"  Non-Hispanic",2429,218,28,93
"  Not known",237,63,2,10
,,,,
"Education",,,,
"  8th grade or less",384,43,6,23
"  9th to 11th grade",930,87,10,35
"  12th grade",939,91,11,29
"  Any college",255,27,4,14
"  Not reported",382,58,0,11
,,,,
"Felony history",,,,
"  Prior conviction, total",1810,167,24,30
"    Homicide",242,16,1,12
"    Other offenses",1460,145,22,54
"    Offense not reported",108,6,1,11
"  No prior conviction",889,101,7,77
"  Not reported",191,38,0,5
,,,,
"Age",,,,
"  Under 20 years",19,17,0,1
"  20-24 years",231,80,0,7
"  25-29 years",434,62,1,17
"  30-34 years",654,66,7,18
"  35-39 years",627,27,9,17
"  40-54 years",822,51,14,42
"  55 years or older",103,3,0,10
,,,,
"  Median age",35,29,39,38
,,,,
,,,,
"See published report for footnotes.",,,,
