"filename: cpi94g20.csv",,,,,,,
"table #: 7.20",,,,,,,
"report title: Correctional Populations in the United States, 1994 Chap. 7",,,,,,,
"data source: National Prisoner Statistics - 8",,,,,,,
"author: Tracy Snell (202)616-3288",,,,,,,
"date of version: 06-28-96",,,,,,,
"range(s): base data= A:A9..A:H125",,,,,,,
,,,,,,,
"Table 7.20.  Level of education completed by prisoners",,,,,,,
"removed from death row, by race, 1994",,,,,,,
,,,,,,,
,"Prisoners removed from death row",,,,,,
"Region","Total   ","7th grade",,"9th to       ",,"Any      ","Not         "
"and State","number","or less     ","8th grade","11th grade","12th grade","college","reported"
,,,,,,,
"All prisoners",,,,,,,
"      U.S. total*",143,17,12,45,40,18,11
,,,,,,,
"  Northeast",9,0,0,2,2,3,2
"    Connecticut",1,0,0,0,0,1,0
"    New Jersey",1,0,0,0,1,0,0
"    Pennsylvania",7,0,0,2,1,2,2
,,,,,,,
"  Midwest",14,0,1,4,4,3,2
"    Illinois",7,0,0,1,2,2,2
"    Indiana",2,0,1,1,0,0,0
"    Missouri",1,0,0,0,0,1,0
"    Nebraska",2,0,0,0,2,0,0
"    Ohio",2,0,0,2,0,0,0
,,,,,,,
"  South",97,14,9,32,28,8,6
"    Alabama",9,2,1,4,1,0,1
"    Arkansas",5,1,0,2,2,0,0
"    Delaware",1,0,0,1,0,0,0
"    Florida",22,2,3,6,6,4,1
"    Georgia",6,0,1,1,3,0,1
"    Kentucky",4,1,1,1,1,0,0
"    Louisiana",2,0,0,1,1,0,0
"    Maryland",1,1,0,0,0,0,0
"    Mississippi",5,0,1,2,0,0,2
"    North Carolina",15,1,0,6,6,2,0
"    Oklahoma",5,1,0,3,1,0,0
"    Tennessee",3,1,1,0,0,0,1
"    Texas",15,2,0,4,7,2,0
"    Virginia",4,2,1,1,0,0,0
,,,,,,,
"  West",23,3,2,7,6,4,1
"    Arizona",6,0,2,3,0,1,0
"    California",4,2,0,0,2,0,0
"    Idaho",2,0,0,1,1,0,0
"    Nevada",6,1,0,3,1,1,0
"    Oregon",2,0,0,0,1,0,1
"    Utah",1,0,0,0,1,0,0
"    Washington",2,0,0,0,0,2,0
,,,,,,,
"Black prisoners",,,,,,,
"      U.S. total",50,3,7,19,10,4,7
,,,,,,,
"  Northeast",6,0,0,1,2,1,2
"    New Jersey",1,0,0,0,1,0,0
"    Pennsylvania",5,0,0,1,1,1,2
,,,,,,,
"  Midwest",5,0,1,2,1,0,1
"    Illinois",2,0,0,1,0,0,1
"    Indiana",1,0,1,0,0,0,0
"    Missouri",1,0,0,0,1,0,0
"    Ohio",1,0,0,1,0,0,0
,,,,,,,
"  South",33,2,6,14,5,2,4
"    Alabama",6,1,1,3,0,0,1
"    Arkansas",1,0,0,1,0,0,0
"    Delaware",1,0,0,1,0,0,0
"    Florida",5,0,1,1,1,1,1
"    Georgia",5,0,1,0,3,0,1
"    Kentucky",1,0,1,0,0,0,0
"    Louisiana",1,0,0,1,0,0,0
"    Mississippi",3,0,1,1,0,0,1
"    North Carolina",3,0,0,3,0,0,0
"    Texas",4,0,0,2,1,1,0
"    Virginia",3,1,1,1,0,0,0
,,,,,,,
"  West",6,1,0,2,2,1,0
"    Arizona",1,0,0,1,0,0,0
"    California",2,1,0,0,1,0,0
"    Nevada",3,0,0,1,1,1,0
,,,,,,,
"White prisoners",,,,,,,
"      U.S. total",92,14,5,26,29,14,4
,,,,,,,
"  Northeast",3,0,0,1,0,2,0
"    Connecticut",1,0,0,0,0,1,0
"    Pennsylvania",2,0,0,1,0,1,0
,,,,,,,
"  Midwest",9,0,0,2,3,3,1
"    Illinois",5,0,0,0,2,2,1
"    Indiana",1,0,0,1,0,0,0
"    Missouri",1,0,0,0,0,1,0
"    Nebraska",1,0,0,0,1,0,0
"    Ohio",1,0,0,1,0,0,0
,,,,,,,
"  South",63,12,3,18,22,6,2
"    Alabama",3,1,0,1,1,0,0
"    Arkansas",4,1,0,1,2,0,0
"    Florida",17,2,2,5,5,3,0
"    Georgia",1,0,0,1,0,0,0
"    Kentucky",3,1,0,1,1,0,0
"    Louisiana",1,0,0,0,1,0,0
"    Maryland",1,1,0,0,0,0,0
"    Mississippi",2,0,0,1,0,0,1
"    North Carolina",11,1,0,3,5,2,0
"    Oklahoma",5,1,0,3,1,0,0
"    Tennessee",3,1,1,0,0,0,1
"    Texas",11,2,0,2,6,1,0
"    Virginia",1,1,0,0,0,0,0
,,,,,,,
"  West",17,2,2,5,4,3,1
"    Arizona",5,0,2,2,0,1,0
"    California",2,1,0,0,1,0,0
"    Idaho",2,0,0,1,1,0,0
"    Nevada",3,1,0,2,0,0,0
"    Oregon",2,0,0,0,1,0,1
"    Utah",1,0,0,0,1,0,0
"    Washington",2,0,0,0,0,2,0
,,,,,,,
"Note:  See the published report for the footnotes.",,,,,,,
