Bureau of Justice Statistics,,,,,,,,,,,,,,,,,,,,
filename:  cv0397.csv,,,,,,,,,,,,,,,,,,,,
"Table 97. Percent of victimizations reported to the police, by type of crime, form of tenure, and race and ethnicity of head of household",,,,,,,,,,,,,,,,,,,,
"data source: National Criminal Victimization Survey, 2003  NCJ  207811",,,,,,,,,,,,,,,,,,,,
produced by:  Cathy Maston ,,,,,,,,,,,,,,,,,,,,
authors:  Patsy Klaus and Cathy Maston,,,,,,,,,,,,,,,,,,,,
refer questions to: askbjs@usdoj.gov  202-307-0765,,,,,,,,,,,,,,,,,,,,
data of version:  06/01/05,,,,,,,,,,,,,,,,,,,,

"Table 97. Property crimes, 2003: Percent of victimizations reported to the police, by type of crime, form of tenure, and race and ethnicity of head of household",,,,,,,,,,,,,,,,,,,,

,Percent of victimizations reported to the police,,,,,,,,,,,,,,,,,,,
,Both forms,,,,,,,,,,Owned,,,,,,,,,
Type of crime,All households/a,,White only,,Black only,,Hispanic,,Non-Hispanic,,All households/a,,White only,,Black only,,Hispanic,,Non-Hispanic,

Property crimes,38.4,%,38.1,%,41.4,%,36.4,%,38.6,%,38.9,%,38.6,%,43.3,%,39.7,%,38.8,%
   Household burglary,54.1,,53,,60.7,,53.4,,54,,54.4,,54.4,,53.9,,60.3,,53.4
      Completed,56.6,,54.8,,66.6,,56.8,,56.5,,57.1,,56.2,,61.2,,60.5,,56.6
         Forcible entry,76.8,,74.9,,86.8,,74.7,,77.8,,77.7,,77.2,,82.4,,80.6,,78.5
         Unlawful entry without force,45.1,,45,,46.6,,41.3,,45,,46.4,,46,,46.7,,44.8,,45.6
      Attempted forcible entry,42.1,,43.5,,38.6,,41.4,,41.6,,41,,45,,31.4,*,59.5,*,37.2
   Motor vehicle theft,76.8,,78.5,,69.3,,81.9,,75.5,,79,,79.1,,82.8,,89.9,,77.1
      Completed,89.6,,89.2,,87.2,,93.4,,88.8,,90.9,,89.6,,96.2,,100,,89.5
      Attempted,40.2,,42.1,,39.7,*,54.4,*,37.1,,47,,45.3,,61.7,*,65.3,*,44.2
   Theft,31.8,,32.1,,32.8,,28.8,,32.3,,33,,32.8,,37.3,,31.9,,33.1
      Completed,31.7,,31.9,,32.6,,29.2,,32.1,,32.6,,32.4,,36.3,,32.3,,32.7
         Less than $50,18.4,,18.9,,19.1,,15.4,,18.6,,17.3,,17.5,,18.8,,16.9,,17.2
         $50 - $249,26.2,,25.6,,30.6,,25.1,,26.4,,28.7,,28.2,,35.2,,28.5,,28.7
         $250 or more,55.7,,56.9,,51,,48.1,,57,,57.7,,59,,51.8,,50.7,,58.7
         Amount not available,32.4,,31.6,,35.1,,19.4,*,34.5,,35.2,,33.1,,45.1,,23.1,*,36.7
      Attempted,35.6,,36.3,,38.2,*,20.9,*,38.7,,42.9,,41.5,,69,*,23.2,*,46

,Percent of victimizations reported to the police,,,,,,,,,
,Rented,,,,,,,,,
Type of crime,All households/a,,White only,,Black only,,Hispanic,,Non-Hispanic,

Property crimes,37.5,%,37.2,%,39.9,%,33.3,%,38.4,%
   Household burglary,53.7,,50.9,,65.3,,47.8,,54.8,
      Completed,55.9,,52.8,,70,,53.7,,56.4,
         Forcible entry,75.9,,71.4,,88.8,,70.4,,77,
         Unlawful entry without force,43.2,,43.4,,46.4,,38.3,,44,
      Attempted forcible entry,43.5,,41.4,,44.9,*,25.9,*,47.4,
   Motor vehicle theft,74,,77.5,,61.4,,75.7,,73.2,
      Completed,88.1,,88.6,,82.1,,88.3,,87.9,
      Attempted,31.2,,36.5,*,26.1,*,46.3,*,26.4,*
   Theft,30,,30.8,,28.6,,25.8,,30.9,
      Completed,30.3,,30.9,,29.3,,26.1,,31.1,
         Less than $50,20.5,,22.1,,19.3,,13.5,*,21.5,
         $50 - $249,22.8,,21.4,,27.4,,22.1,,22.9
         $250 or more,52.7,,53.5,,50,,45.2,,54.3
         Amount not available,27.2,,28.4,,23.7,*,16.9,*,29.9
      Attempted,23.2,,27.5,,0,*,18.6,*,24.6

*Estimate is based on about 10 or fewer sample cases.,,,,,,,,,
"a/Includes data on persons of ""Other"" races and persons indicating two or more races, not shown separately.",,,,,,,,,
