Bureau of Justice Statistics,,,,,,,,,,,,,,,
filename:  cv03106.csv,,,,,,,,,,,,,,,
"Table 106. Percent distribution of police response to a reported incident, by type of crime",,,,,,,,,,,,,,,
"data source: National Criminal Victimization Survey, 2003  NCJ  207811",,,,,,,,,,,,,,,
produced by:  Cathy Maston ,,,,,,,,,,,,,,,
authors:  Patsy Klaus and Cathy Maston,,,,,,,,,,,,,,,
refer questions to: askbjs@usdoj.gov  202-307-0765,,,,,,,,,,,,,,,
data of version:  06/01/05,,,,,,,,,,,,,,,

"Table 106. Personal and property crimes, 2003: Percent distribution of police response to a reported incident, by type of crime",,,,,,,,,,,,,,,

       ,,,,,,,Percent of incidents,,,,,,,,
Type of crime,Number of incidents,Total,,Police came to victim,,Victim went to police,,Contact with police-don't know how,,Police did not come,,Not known if police came,,Police were at the scene,

Crimes of violence,"2,161,540",100,%,77.3,%,5,%,0.1,%*,12,%,2.1,%,3.5,%
   Rape/Sexual assault/a,"69,780",100,,71.5,,19,*,0,*,4.5,*,5.1,*,0,*
   Robbery,"323,420",100,,80.3,,6,*,0,*,10.6,,2.8,*,0.3,*
   Aggravated assault,"505,150",100,,85,,1,*,0.5,*,7.8,,2.5,*,3.3,*
   Simple assault,"1,263,200",100,,73.7,,5.5,,0,*,14.4,,1.6,*,4.7,
Purse snatching/Pocket picking,"78,470",100,,56.3,,19.4,*,0,*,21.4,*,0,*,2.9,*
Property crimes,"6,939,510",100,%,66,%,6.8,%,0,%*,23.6,%,1.9,%,1.6,%
   Household burglary,"1,792,730",100,,82.6,,2.8,,0,*,12.4,,1.6,*,0.7,*
   Motor vehicle theft,"754,110",100,,75.7,,4.2,*,0,*,13,,4.1,*,2.9,*
   Theft,"4,392,670",100,,57.6,,9,,0,*,30,,1.7,,1.8,

Note: Detail may not add to total shown because of rounding.,,,,,,,,,,,,,,,
*Estimate is based on about 10 or fewer sample cases.,,,,,,,,,,,,,,,
a/Includes verbal threats of rape and threats of sexual assault.,,,,,,,,,,,,,,,
