Bureau of Justice Statistics,,,,,,,,,,,,,,,,
filename:  cv03108.csv,,,,,,,,,,,,,,,,
"Table 108. Percent distribution of incidents, by police activity during initial contact with victim and type of crime ",,,,,,,,,,,,,,,,
"data source: National Criminal Victimization Survey, 2003  NCJ  207811",,,,,,,,,,,,,,,,
produced by:  Cathy Maston ,,,,,,,,,,,,,,,,
authors:  Patsy Klaus and Cathy Maston,,,,,,,,,,,,,,,,
refer questions to: askbjs@usdoj.gov  202-307-0765,,,,,,,,,,,,,,,,
data of version:  06/01/05,,,,,,,,,,,,,,,,

"Table 108. Personal and property crimes, 2003: Percent distribution of incidents, by police activity during initial contact with victim and type of crime ",,,,,,,,,,,,,,,,

,,,,,,,,Percent of incidents,,,,,,,,
Type of crime, Total,,Took report,,Looked around,,Took evidence,,Questioned witnesses/suspects,,Promised surveillance,,Promised to investigate,,Made arrest,

Crimes of violence/a,100,%,37.3,%,9.4,%,3.1,%,18,%,2.2,%,6.8,%,11.6,%
   Robbery,100,%,37.6,,16.9,,3.6,*,12,,3.2,*,10.4,,8.4,
   Aggravated assault,100,%,33.5,,10,,4.6,,18,,2.7,*,6.2,,13,
   Simple assault,100,%,39.2,,7.1,,2.1,,19.5,,1.6,*,5.2,,12.4,
Purse snatching/Pocket picking,100,%,55.6,,12.6,*,0,*,7.1,*,0,*,6.6,*,5.7,*
Property crimes,100,%,47.8,%,20,%,7.5,%,6.4,%,2.5,%,7.7,%,1.4,%
   Household burglary,100,%,40.8,,25.8,,9.6,,5.4,,4.1,,7.7,,1.3,
   Motor vehicle theft,100,%,55.5,,12.9,,4,,6.7,,2.7,*,10.1,,1.5,*
   Theft,100,%,50.7,,17.8,,6.8,,7,,1.5,,7.2,,1.5,

Type of crime,Other actions,,Don't know,,Not applicable,,,,,,,,,,,

Crimes of violence/a,9.6,%,1.2,%,0.9,%,,,,,,,,,,
   Robbery,6.9,,0.4,*,0.6,*,,,,,,,,,,
   Aggravated assault,7.6,,2.9,*,1.5,*,,,,,,,,,,
   Simple assault,11.5,,0.6,*,0.8,*,,,,,,,,,,
Purse snatching/Pocket picking,4.1,*,5.2,*,3,*,,,,,,,,,,
Property crimes,4.1,%,1,%,1.6,%,,,,,,,,,,
   Household burglary,3.6,,0.8,*,1,*
   Motor vehicle theft,3.3,,1.3,*,2,*
   Theft,4.5,,1.1,,1.9,

Note: Detail may not add to total shown because of rounding.,,,,,,
*Estimate is based on about 10 or fewer sample cases.,,,,,,
"a/Crimes of violence includes data on rape and sexual assault, not shown separately.",,,,,,
