Bureau of Justice Statistics,,,,,,,,
filename:  cv03100.csv,,,,,,,,
"Table 100. Percent of victimizations reported to the police, by value of loss and type of crime",,,,,,,,
"data source: National Criminal Victimization Survey, 2003  NCJ  207811",,,,,,,,
produced by:  Cathy Maston ,,,,,,,,
authors:  Patsy Klaus and Cathy Maston,,,,,,,,
refer questions to: askbjs@usdoj.gov  202-307-0765,,,,,,,,
data of version:  06/01/05,,,,,,,,

"Table 100. Property crimes, 2003: Percent of victimizations reported to the police, by value of loss and type of crime",,,,,,,,

,Percent of all victimizations reported to the police,,,,,,,
Value of loss/a,All property crimes,,House burglary,,Motor vehicle theft,,Theft,

All losses/b,37.9,%,56.5,%,89.6,%,31.7,%
Less than $10/c,24.5,,54.3,,0,*,22.9,
$10 -$49,17.8,,33.2,,0,*,16.6
$50-$99,21.8,,39,,0,*,19.8
$100-$249,31.2,,35.5,,100,*,30.5
$250-$499,50,,65.7,,100,*,46.4
$500-$999,59,,62.4,,63.8,*,57.5
"$1,000 or more",81.1,,82.7,,92.6,,71.5

*Estimate is based on about 10 or fewer sample cases.,,,,,,,
"a/The proportions refer only to losses of cash and/or property, and exclude the value of property damage.",,,,,,,
b/Includes data for victims who did not provide a specific value for their losses.,,,,,,,
c/Includes items that had no value.,,,,,,,
