"Bureau of Justice Statistics",,,,,,
"filename:  so0026.csv",,,,,,
"Table 26.  Court-related functions of sheriffs' offices, by size of population served, 2000",,,,,,
"title: Sheriffs' Offices 2000, NCJ 196534",,,,,,
"data source:  2000 Law Enforcement Management and Administrative Statistics",,,,,,
"authors:  Matthew J. Hickman and Brian A. Reaves, Ph.D.",,,,,,
"refer questions to: askbjs@ojp.usdoj.gov (202)307-0765",,,,,,
"date of version: 12/10/02",,,,,,
,,,,,,
"Table 26.  Court-related functions of sheriffs' offices, by size of population served, 2000",,,,,,
,,,,,,
,,,"Percent of agencies",,,
"Population served","Executing arrest warrants",,"Providing court security",,"Serving civil process",
,,,,,,
"All sizes",100,"% /a",97,"%",99,"%"
,,,,,,
"1,000,000 or more",94,"%",87,"%",94,"%"
"500,000-999,999",99,,96,,93,
"250,000-499,999",96,,97,,99,
"100,000-249,999",100,,97,,98,
"50,000-99,999",100,,97,,100,
"25,000-49,999",100,,96,,100,
"10,000-24,999",100,,97,,99,
"Under 10,000",100,,97,,100,
,,,,,,
"a/ Rounded from 99.7%.",,,,,,
