"Bureau of Justice Statistics",,,,
"filename:  so00f16.csv",,,,
"Figure 16.  Sheriffs' offices authorizing officers to use chemical agents, 1990 and 2000",,,,
"title: Sheriffs' Offices 2000, NCJ 196534",,,,
"data source:  2000 Law Enforcement Management and Administrative Statistics",,,,
"authors:  Matthew J. Hickman and Brian A. Reaves, Ph.D.",,,,
"refer questions to: askbjs@ojp.usdoj.gov (202)307-0765",,,,
"date of version: 12/10/02",,,,
,,,,
"Figure 16.  Sheriffs' offices authorizing officers to use chemical agents, 1990 and 2000",,,,
,,,,
"Population served",1990,,2000,
,,,,
"Under 25,000",49,"%",85,"%"
"25,000 - 99,999",52,,93,
"100,000 - 499,999",59,,90,
"500,000 or more",65,,90,
