"Bureau of Justice Statistics",,,,,,,,,,
"filename:  so0010.csv",,,,,,,,,,
"Table 10.  Minimum educational requirement for new deputies in sheriffs' offices, by size of population served, 2000",,,,,,,,,,
"title: Sheriffs' Offices 2000, NCJ 196534",,,,,,,,,,
"data source:  2000 Law Enforcement Management and Administrative Statistics",,,,,,,,,,
"authors:  Matthew J. Hickman and Brian A. Reaves, Ph.D.",,,,,,,,,,
"refer questions to: askbjs@ojp.usdoj.gov (202)307-0765",,,,,,,,,,
"date of version: 12/10/02",,,,,,,,,,
,,,,,,,,,,
"Table 10.  Minimum educational requirement for new deputies in sheriffs' offices, by size of population served, 2000",,,,,,,,,,
,,,,,,,,,,
,,,"Percent of agencies requiring a minimum of:",,,,,,,
"Population served","Total with requirement",,"High school diploma",,"Some college /a",,"2 Year college degree",,"4 Year college degree",
,,,,,,,,,,
"All sizes",97,"%",86,"%",5,"%",6,"%","--","%"
,,,,,,,,,,
"1,000,000 or more",87,"%",71,"%",12,"%",3,"%",0,"%"
"500,000-999,999",100,,87,,9,,3,,2,
"250,000-499,999",98,,86,,4,,9,,0,
"100,000-249,999",96,,79,,7,,10,,0,
"50,000-99,999",98,,77,,12,,9,,0,
"25,000-49,999",98,,86,,4,,7,,1,
"10,000-24,999",97,,89,,3,,5,,0,
"Under 10,000",95,,91,,1,,3,,0,
,,,,,,,,,,
"Note:  Detail may not add to total because of rounding. a/ Non-degree requirements. ",,,,,,,,,,
"--Less than 0.5%.",,,,,,,,,,
