"Bureau of Justice Statistics",,,,,
"filename:  so0013.csv",,,,,
"Table 13.  Operating budget of sheriffs' offices, by size of population served, 2000",,,,,
"title: Sheriffs' Offices 2000, NCJ 196534",,,,,
"data source:  2000 Law Enforcement Management and Administrative Statistics",,,,,
"authors:  Matthew J. Hickman and Brian A. Reaves, Ph.D.",,,,,
"refer questions to: askbjs@ojp.usdoj.gov (202)307-0765",,,,,
"date of version: 12/10/02",,,,,
,,,,,
"Table 13.  Operating budget of sheriffs' offices, by size of population served, 2000",,,,,
,,,,,
,,"Operating budget, 2000",,,
"Population served","Total","Per agency","Per sworn officer","Per employee","Per resident"
,,,,,
"All sizes",$17694933000,$5764000,$107900,$59000,$65
,,,,,
"1,000,000 or more",$4796269000,$122981000,$160100,$83100,$65
"500,000-999,999",3081806000,46694000,134800,67500,65
"250,000-499,999",2779279000,24595000,118200,62400,70
"100,000-249,999",2859762000,10034000,91700,51400,65
"50,000-99,999",1584233000,4136000,76500,46900,59
"25,000-49,999",1350461000,2110000,70100,41500,58
"10,000-24,999",967781000,1105000,77700,42900,67
"Under 10,000",275343000,412000,66900,37000,74
,,,,,
"Note:  Figures are for the fiscal year ending June 30, 2000, or the most recent fiscal year completed prior to that date.  Figures do not include capital expenditures such as equipment purchases or construction costs.  Computation of per o",,,,,
