"Bureau of Justice Statistics",,,,
"filename:  so0021.csv",,,,
"Table 21.  Homicide and arson investigation in sheriffs' offices, by size of population served, 2000",,,,
"title: Sheriffs' Offices 2000, NCJ 196534",,,,
"data source:  2000 Law Enforcement Management and Administrative Statistics",,,,
"authors:  Matthew J. Hickman and Brian A. Reaves, Ph.D.",,,,
"refer questions to: askbjs@ojp.usdoj.gov (202)307-0765",,,,
"date of version: 12/10/02",,,,
,,,,
"Table 21.  Homicide and arson investigation in sheriffs' offices, by size of population served, 2000",,,,
,,,,
,"Percent of  agencies investigating --",,,
"Population served","Homicide",,"Arson",
,,,,
"All sizes",80,"%",76,"%"
,,,,
"1,000,000 or more",62,"%",44,"%"
"500,000-999,999",75,,64,
"250,000-499,999",76,,66,
"100,000-249,999",84,,80,
"50,000-99,999",91,,84,
"25,000-49,999",87,,84,
"10,000-24,999",82,,76,
"Under 10,000",63,,65,
