"Bureau of Justice Statistics",,
"filename: so00f05.csv",,
"Figure 5.  Annual per officer operating costs of sheriffs' offices, 1990 and 2000",,
"title:  Sheriffs' Offices 2000, NCJ 196534",,
"data source:  2000 Law Enforcement Management and Administrative Statistics",,
"authors:  Matthew J. Hickman and Brian A. Reaves, Ph.D.",,
"refer questions to: askbjs@ojp.usdoj.gov (202)307-0765",,
"date of version: 12/10/02",,
,,
"Figure 5.  Annual per officer operating costs of sheriffs' offices, 1990 and 2000",,
,,
"Population served",1990,2000
,,
"Under 25,000",$61708,$75051
"25,000-99,999",56717,73427
"100,000-499,999",90033,103117
"500,000 or more",103623,149129
"All sizes",83823,107866
