"Bureau of Justice Statistics",,,,,,,,,,,,
"filename:  so0018.csv",,,,,,,,,,,,
"Table 18.  Types of patrol used on a routine basis by sheriffs' offices, by size of population served, 2000",,,,,,,,,,,,
"title: Sheriffs' Offices 2000, NCJ 196534",,,,,,,,,,,,
"data source:  2000 Law Enforcement Management and Administrative Statistics",,,,,,,,,,,,
"authors:  Matthew J. Hickman and Brian A. Reaves, Ph.D.",,,,,,,,,,,,
"refer questions to: askbjs@ojp.usdoj.gov (202)307-0765",,,,,,,,,,,,
"date of version: 12/10/02",,,,,,,,,,,,
,,,,,,,,,,,,
"Table 18.  Types of patrol used on a routine basis by sheriffs' offices, by size of population served, 2000",,,,,,,,,,,,
,,,,,,,,,,,,
,,"Percent of agencies using each type of patrol on a routine basis",,,,,,,,,,
"Population served","Automobile",,"Foot",,"Marine",,"Bicycle",,"Motorcycle",,"Horse",
,,,,,,,,,,,,
"All sizes",98,"%",23,"%",22,"%",13,"%",7,"%",5,"%"
,,,,,,,,,,,,
"1,000,000 or more",68,"%",47,"%",44,"%",50,"%",44,"%",31,"%"
"500,000-999,999",80,,27,,38,,47,,47,,17,
"250,000-499,999",90,,20,,37,,37,,29,,13,
"100,000-249,999",96,,27,,38,,39,,24,,12,
"50,000-99,999",98,,18,,35,,21,,6,,12,
"25,000-49,999",99,,22,,23,,11,,5,,5,
"10,000-24,999",99,,21,,15,,3,,2,,1,
"Under 10,000",99,,28,,9,,2,,1,,0,
