"Bureau of Justice Statistics",,,,,,,,,,,,
"filename:  so0015.csv",,,,,,,,,,,,
"Table 15.  Sheriffs' offices authorizing special pay for full-time sworn personnel, by size of population served, 2000",,,,,,,,,,,,
"title: Sheriffs' Offices 2000, NCJ 196534",,,,,,,,,,,,
"data source:  2000 Law Enforcement Management and Administrative Statistics",,,,,,,,,,,,
"authors:  Matthew J. Hickman and Brian A. Reaves, Ph.D.",,,,,,,,,,,,
"refer questions to: askbjs@ojp.usdoj.gov (202)307-0765",,,,,,,,,,,,
"date of version: 12/10/02",,,,,,,,,,,,
,,,,,,,,,,,,
"Table 15.  Sheriffs' offices authorizing special pay for full-time sworn personnel, by size of population served, 2000",,,,,,,,,,,,
,,,,,,,,,,,,
,,,,"Percent of agencies authorizing pay for --",,,,,,,,
"Population served","Tuition reimbursement ",,"Education incentive",,"Merit",,"Shift differential ",,"Special skills",,"Hazardous duty",
,,,,,,,,,,,,
"All sizes",24,"%",19,"%",18,"%",18,"%",10,"%",8,"%"
,,,,,,,,,,,,
"1,000,000 or more",72,"%",40,"%",57,"%",53,"%",40,"%",37,"%"
"500,000-999,999",66,,34,,45,,44,,30,,30,
"250,000-499,999",66,,50,,42,,46,,32,,22,
"100,000-249,999",46,,40,,39,,29,,15,,13,
"50,000-99,999",38,,24,,29,,28,,16,,10,
"25,000-49,999",12,,17,,15,,19,,9,,6,
"10,000-24,999",15,,14,,13,,9,,6,,5,
"Under 10,000",16,,8,,6,,8,,3,,3,
