"Bureau of Justice Statistics",,,,,,,,,,,,
"filename:  so0037.csv",,,,,,,,,,,,
"Table 37.  Semiautomatic sidearms authorized for use by sworn personnel in sheriffs' offices, by size of population served, 2000",,,,,,,,,,,,
"title: Sheriffs' Offices 2000, NCJ 196534",,,,,,,,,,,,
"data source:  2000 Law Enforcement Management and Administrative Statistics",,,,,,,,,,,,
"authors:  Matthew J. Hickman and Brian A. Reaves, Ph.D.",,,,,,,,,,,,
"refer questions to: askbjs@ojp.usdoj.gov (202)307-0765",,,,,,,,,,,,
"date of version: 12/10/02",,,,,,,,,,,,
,,,,,,,,,,,,
"Table 37.  Semiautomatic sidearms authorized for use by sworn personnel in sheriffs' offices, by size of population served, 2000",,,,,,,,,,,,
,,,,,,,,,,,,
,,,"Percent of agencies authorizing semiautomatic sidearms",,,,,,,,,
" Population  served","Any type",,"  .40",,"9mm",,"  .45",,"  .380",,"10mm",
,,,,,,,,,,,,
"All sizes",97,"%",73,"%",65,"%",59,"%",38,"%",32,"%"
,,,,,,,,,,,,
"1,000,000 or more",97,"%",56,"%",76,"%",69,"%",53,"%",22,"%"
"500,000-999,999",96,,63,,67,,52,,30,,24,
"250,000-499,999",97,,73,,78,,62,,53,,42,
"100,000-249,999",99,,75,,74,,63,,54,,41,
"50,000-99,999",98,,82,,68,,56,,43,,37,
"25,000-49,999",99,,81,,61,,62,,41,,33,
"10,000-24,999",96,,72,,65,,57,,32,,31,
"Under 10,000",98,,64,,60,,60,,31,,27,
