"Bureau of Justice Statistics",,,,
"filename:  so0041.csv",,,,
"Table 41.  Number of cars operated by sheriffs' offices, by size of population served, 2000",,,,
"title: Sheriffs' Offices 2000, NCJ 196534",,,,
"data source:  2000 Law Enforcement Management and Administrative Statistics",,,,
"authors:  Matthew J. Hickman and Brian A. Reaves, Ph.D.",,,,
"refer questions to: askbjs@ojp.usdoj.gov (202)307-0765",,,,
"date of version: 12/10/02",,,,
,,,,
"Table 41.  Number of cars operated by sheriffs' offices, by size of population served, 2000",,,,
,,,,
,"Number of cars",,,
" Population  served","Total","Per 100 officers /a","Percent of cars that were unmarked",
,,,,
"All sizes",105758,64,35,"%"
,,,,
"1,000,000 or more",12492,42,44,"%"
"500,000-999,999",13569,59,41,
"250,000-499,999",16676,71,40,
"100,000-249,999",20491,66,34,
"50,000-99,999",14216,69,30,
"25,000-49,999",14250,74,27,
"10,000-24,999",10516,84,23,
"Under 10,000",3548,86,16,
,,,,
"a/ Part-time officers are included with a weight of .5 assigned",,,,
