"Bureau of Justice Statistics",,,,,,,,,,
"filename:  so0036.csv",,,,,,,,,,
"Table 36.  Surveying of citizens by sheriffs' offices, by size of population served, 2000",,,,,,,,,,
"title: Sheriffs' Offices 2000, NCJ 196534",,,,,,,,,,
"data source:  2000 Law Enforcement Management and Administrative Statistics",,,,,,,,,,
"authors:  Matthew J. Hickman and Brian A. Reaves, Ph.D.",,,,,,,,,,
"refer questions to: askbjs@ojp.usdoj.gov (202)307-0765",,,,,,,,,,
"date of version: 12/10/02",,,,,,,,,,
,,,,,,,,,,
"Table 36.  Surveying of citizens by sheriffs' offices, by size of population served, 2000",,,,,,,,,,
,,,,,,,,,,
,"Percent of agencies that surveyed citizens during 12-month period ending June 30, 2000 regarding --",,,,,,,,,
" Population  served","Any topic",,"Satisfaction with services",,"Perceptions of crime problems",,"Reporting of crimes to law enforcement",,"Personal crime experiences",
,,,,,,,,,,
"All sizes",19,"%",12,"%",8,"%",8,"%",5,"%"
,,,,,,,,,,
"1,000,000 or more",34,"%",31,"%",34,"%",28,"%",22,"%"
"500,000-999,999",33,,24,,19,,12,,14,
"250,000-499,999",34,,27,,21,,19,,14,
"100,000-249,999",35,,26,,19,,11,,11,
"50,000-99,999",19,,11,,11,,7,,7,
"25,000-49,999",21,,14,,6,,8,,9,
"10,000-24,999",16,,8,,5,,8,,1,
"Under 10,000",9,,4,,3,,4,,2,
