"Bureau of Justice Statistics",,,,
"filename:  so00f19.csv",,,,
"Figure 19.  Percent of sheriffs' deputies employed by a department providing officers with in-field computer access to information, 1997 and 2000",,,,
"title: Sheriffs' Offices 2000, NCJ 196534",,,,
"data source:  2000 Law Enforcement Management and Administrative Statistics",,,,
"authors:  Matthew J. Hickman and Brian A. Reaves, Ph.D.",,,,
"refer questions to: askbjs@ojp.usdoj.gov (202)307-0765",,,,
"date of version: 12/10/02",,,,
,,,,
"Figure 19.  Percent of sheriffs' deputies employed by a department providing officers with in-field computer access to information, 1997 and 2000",,,,
,,,,
,1997,,2000,
,,,,
"Linked files for crime analysis",5.9,"%",8.4,"%"
"Calls for service",23.5,,32.9,
"Criminal history records",29.4,,33.1,
"Driving records",37.9,,42.3,
"Motor vehicle records",40.3,,45.3,
