"Bureau of Justice Statistics",,,,
"filename:  so0043.csv",,,,
"Table 43.  Number of bicycles operated by sheriffs' offices, by size of population served, 2000",,,,
"title: Sheriffs' Offices 2000, NCJ 196534",,,,
"data source:  2000 Law Enforcement Management and Administrative Statistics",,,,
"authors:  Matthew J. Hickman and Brian A. Reaves, Ph.D.",,,,
"refer questions to: askbjs@ojp.usdoj.gov (202)307-0765",,,,
"date of version: 12/10/02",,,,
,,,,
"Table 43.  Number of bicycles operated by sheriffs' offices, by size of population served, 2000",,,,
,,,,
,,,"Number of bicycles",
" Population  served","Percent of agencies using bicycles",,"Total","Per 100 officers"
,,,,
"All sizes",14,"%",2944,2
,,,,
"1,000,000 or more",59,"%",685,2
"500,000-999,999",51,,433,2
"250,000-499,999",46,,611,3
"100,000-249,999",41,,596,2
"50,000-99,999",22,,276,1
"25,000-49,999",13,,273,1
"10,000-24,999",3,,50,"--"
"Under 10,000",2,,21,1
,,,,
"*Part-time officers are included with a weight of .5 assigned",,,,
"--Less than 0.5",,,,
