"Bureau of Justice Statistics",,,,,,,,,,
"filename:  so0056.csv",,,,,,,,,,
"Table 56.  Computerized information accessible to in-field officers of sheriffs' offices, by size of population served, 2000",,,,,,,,,,
"title: Sheriffs' Offices 2000, NCJ 196534",,,,,,,,,,
"data source:  2000 Law Enforcement Management and Administrative Statistics",,,,,,,,,,
"authors:  Matthew J. Hickman and Brian A. Reaves, Ph.D.",,,,,,,,,,
"refer questions to: askbjs@ojp.usdoj.gov (202)307-0765",,,,,,,,,,
"date of version: 12/10/02",,,,,,,,,,
,,,,,,,,,,
"Table 56.  Computerized information accessible to in-field officers of sheriffs' offices, by size of population served, 2000",,,,,,,,,,
,,,,,,,,,,
,,,"Types of information accessible in the field:",,,,,,,
" Population  served","Vehicle records",,"Driving records",,"Calls for service",,"Criminal histories",,"Crime analysis files (linked)",
,,,,,,,,,,
"All sizes",15,"%",14,"%",11,"%",9,"%",4,"%"
,,,,,,,,,,
"1,000,000 or more",44,"%",44,"%",34,"%",31,"%",6,"%"
"500,000-999,999",46,,42,,27,,36,,6,
"250,000-499,999",58,,52,,40,,30,,17,
"100,000-249,999",37,,34,,25,,19,,8,
"50,000-99,999",24,,24,,16,,16,,6,
"25,000-49,999",10,,10,,9,,7,,3,
"10,000-24,999",6,,6,,6,,5,,3,
"Under 10,000",3,,3,,1,,3,,0,
