"Bureau of Justice Statistics",,,,,,,,,,,,,,,,,,
"filename:  so0052.csv",,,,,,,,,,,,,,,,,,
"Table 52.  Types of computerized information files maintained by less than half of sheriffs' offices, by size of population served, 2000",,,,,,,,,,,,,,,,,,
"title: Sheriffs' Offices 2000, NCJ 196534",,,,,,,,,,,,,,,,,,
"data source:  2000 Law Enforcement Management and Administrative Statistics",,,,,,,,,,,,,,,,,,
"authors:  Matthew J. Hickman and Brian A. Reaves, Ph.D.",,,,,,,,,,,,,,,,,,
"refer questions to: askbjs@ojp.usdoj.gov (202)307-0765",,,,,,,,,,,,,,,,,,
"date of version: 12/10/02",,,,,,,,,,,,,,,,,,
,,,,,,,,,,,,,,,,,,
"Table 52.  Types of computerized information files maintained by less than half of sheriffs' offices, by size of population served, 2000",,,,,,,,,,,,,,,,,,
,,,,,,,,,,,,,,,,,,
,,,,"Percent of agencies maintaining computerized information files on --",,,,,,,,,,,,,,
" Population  served","Traffic citations",,"Criminal histories",,"Traffic accidents",,"Summonses",,"Alarms",,"Traffic stops",,"Use of force incidents",,"Finder-prints",,"Linked files for crime analysis",
,,,,,,,,,,,,,,,,,,
"All sizes",44,"%",43,"%",41,"%",41,"%",27,"%","25","%",20,"%",19,"%",13,"%"
,,,,,,,,,,,,,,,,,,
"1,000,000 or more",44,"%",50,"%",44,"%",25,"%",34,"%",37,"%",47,"%",47,"%",28,"%"
"500,000-999,999",45,,52,,38,,43,,45,,31,,44,,45,,26,
"250,000-499,999",44,,51,,43,,51,,44,,27,,30,,43,,26,
"100,000-249,999",63,,62,,51,,48,,47,,48,,29,,36,,29,
"50,000-99,999",64,,52,,50,,61,,38,,29,,21,,30,,17,
"25,000-49,999",49,,51,,46,,45,,"28",,29,,27,,21,,16,
"10,000-24,999",36,,35,,35,,40,,21,,22,,13,,10,,7,
"Under 10,000",30,,31,,36,,22,,14,,13,,13,,5,,4,
