"Bureau of Justice Statistics",,,,
"filename:  so0040.csv",,,,
"Table 40.  Written policy directives pertaining to officer use of force in sheriffs' offices, by size of population served, 2000",,,,
"title: Sheriffs' Offices 2000, NCJ 196534",,,,
"data source:  2000 Law Enforcement Management and Administrative Statistics",,,,
"authors:  Matthew J. Hickman and Brian A. Reaves, Ph.D.",,,,
"refer questions to: askbjs@ojp.usdoj.gov (202)307-0765",,,,
"date of version: 12/10/02",,,,
,,,,
"Table 40.  Written policy directives pertaining to officer use of force in sheriffs' offices, by size of population served, 2000",,,,
,,,,
,"Percent of agencies with a policy directive pertaining to use of:",,,
" Population  served","Deadly force",,"Nonlethal force",
,,,,
"All sizes",92,"%",85,"%"
,,,,
"1,000,000 or more",97,"%",94,"%"
"500,000-999,999",100,,97,
"250,000-499,999",100,,95,
"100,000-249,999",99,,98,
"50,000-99,999",98,,97,
"25,000-49,999",97,,92,
"10,000-24,999",90,,80,
"Under 10,000",82,,69,
