"Bureau of Justice Statistics",,,,
"filename: so00f04.csv",,,,
"Figure 4.  Sworn personnel in sheriffs' offices with a college education requirement for new recruits, 2000",,,,
"title: Sheriffs' Offices 2000, NCJ 196534",,,,
"data source:  2000 Law Enforcement Management and Administrative Statistics",,,,
"authors:  Matthew J. Hickman and Brian A. Reaves, Ph.D.",,,,
"refer questions to: askbjs@ojp.usdoj.gov (202)307-0765",,,,
"date of version: 12/10/02",,,,
,,,,
"Figure 4.  Sworn personnel in sheriffs' offices with a college education requirement for new recruits, 2000",,,,
,,,,
"Requirement",1990,,2000,
,,,,
"Some college",1.0,"%",7.7,"%"
"Two-year degree",2.5,,5.3,
"Four-year degree",0.1,,0.1,
"Any college",3.6,,13.1,
