"Bureau of Justice Statistics",,,
"filename:  so0005.csv",,,
"Table 5.  Sworn personnel assigned to respond to citizen calls for service in sheriffs' offices, by size of population served, 2000",,,
"title: Sheriffs' Offices 2000, NCJ 196534",,,
"data source:  2000 Law Enforcement Management and Administrative Statistics",,,
"authors:  Matthew J. Hickman and Brian A. Reaves, Ph.D.",,,
"refer questions to: askbjs@ojp.usdoj.gov (202)307-0765",,,
"date of version: 12/10/02",,,
,,,
"Table 5.  Sworn personnel assigned to respond to citizen calls for service in sheriffs' offices, by size of population served, 2000",,,
,,,
,"Full-time sworn personnel  assigned to respond to  citizen calls for service/a",,
"Population served","Number","Percent",
,,,
"All sizes",66075,40,"%"
,,,
"1,000,000 or more",10490,30,"%"
"500,000-999,999",6683,30,
"250,000-499,999",8331,36,
"100,000-249,999",11655,38,
"50,000-99,999",9252,47,
"25,000-49,999",9138,56,
"10,000-24,999",7462,61,
"Under 10,000",3064,75,
,,,
"a/ Includes all uniformed officers whose regularly assigned duties included responding to citizens calls/requests for service.",,,
