"Bureau of Justice Statistics",,
"filename:  so00t01.csv",,
"In-Text Table 1.  Percent of sheriffs' offices operating a training academy, by size of population served, 2000",,
"title: Sheriffs' Offices 2000, NCJ 196534",,
"data source:  2000 Law Enforcement Management and Administrative Statistics",,
"authors:  Matthew J. Hickman and Brian A. Reaves, Ph.D.",,
"refer questions to: askbjs@ojp.usdoj.gov (202)307-0765",,
"date of version: 12/10/02",,
,,
"In-Text Table 1.  Percent of sheriffs' offices operating a training academy, by size of population served, 2000",,
,,
"Population served","Percent with training academy",
,,
"All sizes",13,"%"
,,
"1,000,000 or more",65,"%"
"500,000-999,999",66,
"250,000-499,999",40,
"100,000-249,999",30,
"50,000-99,999",15,
"25,000-49,999",11,
"10,000-24,999",7,
"Under 10,000",3,
