"Bureau of Justice Statistics",,,,,,,
"filename:  so0011.csv",,,,,,,
"Table 11.  Training requirements for new deputy recruits in sheriffs' offices, by size of population served, 2000",,,,,,,
"title: Sheriffs' Offices 2000, NCJ 196534",,,,,,,
"data source:  2000 Law Enforcement Management and Administrative Statistics",,,,,,,
"authors:  Matthew J. Hickman and Brian A. Reaves, Ph.D.",,,,,,,
"refer questions to: askbjs@ojp.usdoj.gov (202)307-0765",,,,,,,
"date of version: 12/10/02",,,,,,,
,,,,,,,
"Table 11.  Training requirements for new deputy recruits in sheriffs' offices, by size of population served, 2000",,,,,,,
,,,,,,,
,,,"Average number of hours required",,,,
,,"Academy",,,,"Field",
"Population  served","Total","State-mandated","Other required",,"Total","State-mandated","Other required"
,,,,,,,
"All sizes",603,493,110,,449,178,271
,,,,,,,
"1,000,000 or more",712,490,222,,651,305,346
"500,000-999,999",828,578,250,,622,237,385
"250,000-499,999",644,515,129,,751,336,415
"100,000-249,999",797,557,240,,634,208,426
"50,000-99,999",643,494,149,,501,161,340
"25,000-49,999",552,488,64,,482,243,239
"10,000-24,999",526,477,49,,346,138,208
"Under 10,000",537,477,60,,247,110,137
,,,,,,,
"Note:  Average number of training hours excludes departments not requiring training. ",,,,,,,
