"Bureau of Justice Statistics",,,,,,,,,,,,
"filename:  so0058.csv",,,,,,,,,,,,
"Table 58.  Special policies regarding arrest for domestic assault and protection orders in sheriffs' offices, by size of population served, 2000",,,,,,,,,,,,
"title: Sheriffs' Offices 2000, NCJ 196534",,,,,,,,,,,,
"data source:  2000 Law Enforcement Management and Administrative Statistics",,,,,,,,,,,,
"authors:  Matthew J. Hickman and Brian A. Reaves, Ph.D.",,,,,,,,,,,,
"refer questions to: askbjs@ojp.usdoj.gov (202)307-0765",,,,,,,,,,,,
"date of version: 12/10/02",,,,,,,,,,,,
,,,,,,,,,,,,
"Table 58.  Special policies regarding arrest for domestic assault and protection orders in sheriffs' offices, by size of population served, 2000",,,,,,,,,,,,
,,,,,,,,,,,,
,,,"Percent of agencies with special policies regarding arrest for --",,,,,,,,,
,,"     Domestic assault",,,,,"                    Violation of protection order ",,,,,
" Population  served","Any special policy",,"Mandatory arrest",,"Pro-arrest",,"Any special policy",,"Mandatory arrest",,"Pro-arrest",
,,,,,,,,,,,,
"All sizes",89,"%",68,"%",17,"%",84,"%",62,"%",18,"%"
,,,,,,,,,,,,
"1,000,000 or more",62,"%",46,"%",13,"%",78,"%",60,"%",13,"%"
"500,000-999,999",91,,70,,17,,87,,61,,16,
"250,000-499,999",94,,81,,12,,89,,70,,16,
"100,000-249,999",88,,67,,21,,85,,65,,20,
"50,000-99,999",89,,66,,21,,83,,62,,17,
"25,000-49,999",92,,67,,20,,86,,56,,23,
"10,000-24,999",86,,67,,15,,81,,62,,16,
"Under 10,000",89,,72,,15,,84,,66,,15,
