"Bureau of Justice Statistics",,,,,,,
"filename:  so0004.csv",,,,,,,
"Table 4.  Average number of employees in sheriffs' offices, by size of population served, 2000",,,,,,,
"title: Sheriffs' Offices 2000, NCJ 196534",,,,,,,
"data source:  2000 Law Enforcement Management and Administrative Statistics",,,,,,,
"authors:  Matthew J. Hickman and Brian A. Reaves, Ph.D.",,,,,,,
"refer questions to: askbjs@ojp.usdoj.gov (202)307-0765",,,,,,,
"date of version: 12/10/02",,,,,,,
,,,,,,,
"Table 4.  Average number of employees in sheriffs' offices, by size of population served, 2000",,,,,,,
,,,,,,,
,,,"Average number of employees",,,,
,,"Full-time",,,,"Part-time",
"Population  served","Total","Sworn ","Civilian",,"Total","Sworn ","Civilian"
,,,,,,,
"All sizes",96,54,42,,7,3,4
,,,,,,,
"1,000,000 or more",1646,905,741,,38,8,30
"500,000-999,999",658,342,316,,31,11,20
"250,000-499,999",381,202,179,,27,10,17
"100,000-249,999",184,107,76,,12,5,7
"50,000-99,999",86,51,35,,9,5,4
"25,000-49,999",46,27,19,,7,4,3
"10,000-24,999",24,14,10,,4,2,2
"Under 10,000",11,6,5,,2,1,1
,,,,,,,
"Note: Detail may not add to total because of rounding.",,,,,,,
