"Bureau of Justice Statistics",,,,,,
"filename:  so0028.csv",,,,,,
"Table 28.  Temporary holding (lockup) facilities operated by sheriffs' offices, by size of population served, 2000",,,,,,
"title: Sheriffs' Offices 2000, NCJ 196534",,,,,,
"data source:  2000 Law Enforcement Management and Administrative Statistics",,,,,,
"authors:  Matthew J. Hickman and Brian A. Reaves, Ph.D.",,,,,,
"refer questions to: askbjs@ojp.usdoj.gov (202)307-0765",,,,,,
"date of version: 12/10/02",,,,,,
,,,,,,
"Table 28.  Temporary holding (lockup) facilities operated by sheriffs' offices, by size of population served, 2000",,,,,,
,,,,,,
,"Agencies operating temporary holding (lockup) facilities",,,,,
,,"Adult",,,"Juvenile",
"Population  served","Percent with  lockup",,"Median total capacity","Percent with lockup",,"Median total capacity"
,,,,,,
"All sizes",20,"%",8,7,"%",2
,,,,,,
"1,000,000 or more",34,"%",92,16,"%",12
"500,000-999,999",25,,110,6,,15
"250,000-499,999",22,,20,14,,10
"100,000-249,999",17,,27,9,,4
"50,000-99,999",25,,10,6,,3
"25,000-49,999",22,,6,6,,2
"10,000-24,999",16,,4,6,,2
"Under 10,000",20,,6,6,,2
,,,,,,
"Note:  Median capacity is based on total for all lockups, and excludes departments not operating a facility.",,,,,,
