"Bureau of Justice Statistics",,,,,,,,,,,,,,,,,,,,,,,,,,,,,,
"filename:  so0039.csv",,,,,,,,,,,,,,,,,,,,,,,,,,,,,,
"Table 39.  Types of nonlethal weapons authorized for personal use by sworn personnel in sheriffs' offices, by size of population served, 2000",,,,,,,,,,,,,,,,,,,,,,,,,,,,,,
"title: Sheriffs' Offices 2000, NCJ 196534",,,,,,,,,,,,,,,,,,,,,,,,,,,,,,
"data source:  2000 Law Enforcement Management and Administrative Statistics",,,,,,,,,,,,,,,,,,,,,,,,,,,,,,
"authors:  Matthew J. Hickman and Brian A. Reaves, Ph.D.",,,,,,,,,,,,,,,,,,,,,,,,,,,,,,
"refer questions to: askbjs@ojp.usdoj.gov (202)307-0765",,,,,,,,,,,,,,,,,,,,,,,,,,,,,,
"date of version: 12/10/02",,,,,,,,,,,,,,,,,,,,,,,,,,,,,,
,,,,,,,,,,,,,,,,,,,,,,,,,,,,,,
"Table 39.  Types of nonlethal weapons authorized for personal use by sworn personnel in sheriffs' offices, by size of population served, 2000",,,,,,,,,,,,,,,,,,,,,,,,,,,,,,
,,,,,,,,,,,,,,,,,,,,,,,,,,,,,,
,,,,,,,,,,,,"Percent of agencies authorizing",,,,,,,,,,,,,,,,,,
,,"Chemical agents -- personal use",,,,,,,,,,"Batons",,,,,,,,,,"Other weapons/actions",,,,,,,,
" Population  served","Any type listed in survey",,"Pepper spray",,"CS",,"Tear gas",,"Any type listed in survey",,"Collapsible",,"PR-24",,"Traditional",,"Flash/bang grenade",,"Soft projectile",,"Electrical devices/a",,"Choke/carotid hold/b",,"Rubber bullet",,"Blackjack",,"Capture net",
,,,,,,,,,,,,,,,,,,,,,,,,,,,,,,
"All sizes",89,"%",88,"%",4,"%",4,"%",84,"%",73,"%",34,"%",32,"%",23,"%",10,"%",10,"%",8,"%",5,"%",2,"%","--","%"
,,,,,,,,,,,,,,,,,,,,,,,,,,,,,,
"1,000,000 or more",85,"%",85,"%",0,"%",3,"%",88,"%",65,"%",25,"%",54,"%",44,"%",22,"%",32,"%",25,"%",12,"%",6,"%",3,"%"
"500,000-999,999",93,,90,,9,,3,,90,,78,,34,,29,,44,,18,,15,,15,,3,,0,,0,
"250,000-499,999",84,,84,,1,,0,,88,,80,,49,,38,,48,,28,,22,,13,,11,,0,,1,
"100,000-249,999",93,,91,,5,,3,,89,,76,,33,,37,,43,,17,,14,,9,,12,,2,,"--",
"50,000-99,999",93,,93,,5,,3,,90,,85,,38,,41,,38,,11,,9,,3,,4,,1,,0,
"25,000-49,999",93,,92,,6,,5,,86,,76,,38,,32,,30,,13,,8,,5,,6,,1,,0,
"10,000-24,999",86,,85,,3,,3,,82,,73,,31,,28,,11,,4,,10,,8,,2,,2,,1,
"Under 10,000",84,,84,,3,,6,,77,,62,,30,,30,,6,,9,,8,,9,,4,,3,,0,
,,,,,,,,,,,,,,,,,,,,,,,,,,,,,,
"--Less than 0.5%.",,,,,,,,,,,,,,,,,,,,,,,,,,,,,,
"a/Includes hand-help direct contact devices (such as stun gun) and hand -held stand-off devices (such as taser).",,,,,,,,,,,,,,,,,,,,,,,,,,,,,,
"b/Includes neck restraints.",,,,,,,,,,,,,,,,,,,,,,,,,,,,,,
