Bureau of Justice Statistics,,,,,
Filename: aspp9313f14b.csv,,,,,
"Figure 14b. New court commitment rates for state prisoners ages 40 to 54 per 1,000 arrests, by offense, 1993, 2003, and 2013",,,,,
"Report title: Aging of the State Prison Population, 1993-2013 NCJ 248766",,,,,
"Data source(s): National Prisoner Statistics program, 1993, 2003, and 2013; National Corrections Reporting Program, 1993, 2003, and 2013; and Arrest data analysis tool using FBI Uniform Crime Reporting (UCR) program, 1993, 2003, and 2012",,,,,
"Author(s): E. Ann Carson, William J. Sabol",,,,,
Refer questions to: askbjs@usdoj.gov or 202-307-0765 ,,,,,
Date of version: 05/04/2016,,,,,
,,,,,
"Figure 14b. New court commitment rates for state prisoners ages 40 to 54 per 1,000 arrests, by offense, 1993, 2003, and 2013",,,,,
"Admission rate per 1,000 arrests",,,,,
,Murder,Sexual assault,Robbery,Aggravated assault,Drug offenses
1993,480,175,178,34,98
2003,826,238,278,54,103
2013,1058,319,340,78,98
"Note: Based on sentenced state prisoners admitted on new court commitments. Admission rates are calculated per 1,000 arrestees of the same age and offense type. National-level estimates of arrests by age group have not yet been published for 2013. Arrest data from 2012 were used instead. UCR data do not include arrests for negligent manslaughter or simple assault. For this analysis, negligent manslaughter and simple assault were removed from the new court commitment prison admission data. ",,,,,
"Sources: Bureau of Justice Statistics, National Prisoner Statistics program, 1993, 2003, and 2013; National Corrections Reporting Program, 1993, 2003, and 2013; and Arrest data analysis tool using FBI Uniform Crime Reporting (UCR) program, 1993, 2003, and 2012.",,,,,
