Bureau of Justice Statistics,,,
Filename: aspp9313f12.csv,,,
"Figure 12. Admissions of sentenced state prisoners, by age at admission, 1993, 2003, and 2013",,,
"Report title: Aging of the State Prison Population, 1993-2013 NCJ 248766",,,
"Data source(s): National Prisoner Statistics program, 1993, 2003, and 2013; and National Corrections Reporting Program, 1993, 2003, and 2013",,,
"Author(s): E. Ann Carson, William J. Sabol",,,
Refer questions to: askbjs@usdoj.gov or 202-307-0765 ,,,
Date of version: 05/04/2016,,,
,,,
"Figure 12. Admissions of sentenced state prisoners, by age at admission, 1993, 2003, and 2013",,,
,,,
,18�39,40�54,55 or older
1993,427411,59439,6309
2003,474589,155730,14116
2013,415300,138840,25633
"Note: Based on prisoners sentenced to more than 1 year and admitted to the jurisdiction of state correctional authorities. Includes all types of prison admissions, including new court commitments, conditional release violators returned to prison, returns from appeal or bond, transfers, escapes, and other admissions. See Methodology.",,,
"Sources: Bureau of Justice Statistics, National Prisoner Statistics program, 1993, 2003, and 2013; and National Corrections Reporting Program, 1993, 2003, and 2013.",,,
