Bureau of Justice Statistics,,,,,,,,,,,,
Filename: aspp9313t16.csv,,,,,,,,,,,,
"Table 16. Mean time expected to be served at time of new court commitment to state prison for persons admitted in 1993, 2003, and 2013, by age at admission and most serious offense",,,,,,,,,,,,
"Report title: Aging of the State Prison Population, 1993-2013 NCJ 248766",,,,,,,,,,,,
"Data source(s): National Corrections Reporting Program, 1993, 2003, and 2013",,,,,,,,,,,,
"Author(s): E. Ann Carson, William J. Sabol",,,,,,,,,,,,
Refer questions to: askbjs@usdoj.gov or 202-307-0765 ,,,,,,,,,,,,
Date of version: 05/04/2016,,,,,,,,,,,,
,,,,,,,,,,,,
"Table 16. Mean time expected to be served at time of new court commitment to state prison for persons admitted in 1993, 2003, and 2013, by age at admission and most serious offense",,,,,,,,,,,,
Age and year at admission,,All ,,,Violent,,,Property,,,Drug,
Total,,,,,,,,,,,,
,1993,29.3, mos.,,49.8, mos.,,22.1, mos.,,21.3, mos.
,2003,37.1,,,72.2,,,27.1,,,24.6,
,2013,38.9,,,72.6,,,25.5,,,25.7,
18�39,,,,,,,,,,,,
,1993,27.4, mos.,,42.9, mos.,,23.5, mos.,,20.8, mos.
,2003,33.1,,,60.2,,,24.7,,,22.9,
,2013,32.2,,,54.9,,,22,,,23.3,
40�54,,,,,,,,,,,,
,1993,38.1, mos.,,77.4, mos.,,23.4, mos.,,25.9, mos.
,2003,47.5,,,112,,,35.6,,,29.2,
,2013,51.6,,,115.9,,,33.5,,,30.8,
55 or older,,,,,,,,,,,,
,1993,62.5, mos.,,94.7, mos.,,41.7, mos.,,44.8, mos.
,2003,77.1,,,154.2,,,44.9,,,37.6,
,2013,81.6,,,182.3,,,43.2,,,37.2,
Note: Based on prisoners sentenced to more than 1 year and admitted to the jurisdiction of state correctional authorities on new court commitments. See Methodology for calculation of mean time expected to be served.,,,,,,,,,,,,
"Sources: Bureau of Justice Statistics, National Corrections Reporting Program, 1993, 2003, and 2013.",,,,,,,,,,,,
